time,temperature_2m_previous_day1,temperature_2m_previous_day2,shortwave_radiation_previous_day1,shortwave_radiation_previous_day2,wind_speed_100m_previous_day1,wind_speed_100m_previous_day2,cloud_cover_previous_day1,cloud_cover_previous_day2
2025-06-15T00:00,19.5,17.8,0.0,0.0,0.62,1.4,0,0
2025-06-15T01:00,18.6,17.5,0.0,0.0,0.1,0.88,0,0
2025-06-15T02:00,18.1,16.9,0.0,0.0,1.0,0.66,0,0
2025-06-15T03:00,17.7,16.1,0.0,0.0,0.98,0.84,0,0
2025-06-15T04:00,17.0,15.7,33.0,34.0,0.5,1.27,0,0
2025-06-15T05:00,17.8,16.3,138.0,139.0,0.35,1.77,0,0
2025-06-15T06:00,18.7,18.4,284.0,286.0,0.4,1.58,0,0
2025-06-15T07:00,20.2,20.1,447.0,446.0,1.39,1.4,0,0
2025-06-15T08:00,22.4,22.2,601.0,599.0,1.98,2.02,0,0
2025-06-15T09:00,23.9,24.2,731.0,730.0,2.71,2.98,0,0
2025-06-15T10:00,25.5,25.7,823.0,822.0,2.92,3.0,0,0
2025-06-15T11:00,26.8,27.2,867.0,867.0,3.05,2.5,1,0
2025-06-15T12:00,28.5,28.3,856.0,861.0,2.15,2.65,0,5
2025-06-15T13:00,29.6,29.2,807.0,808.0,2.42,2.83,34,0
2025-06-15T14:00,30.2,29.7,711.0,714.0,2.24,3.45,0,0
2025-06-15T15:00,30.7,29.9,561.0,580.0,2.39,2.02,0,36
2025-06-15T16:00,30.6,29.8,431.0,405.0,3.05,2.5,0,42
2025-06-15T17:00,30.0,29.4,271.0,247.0,3.19,1.75,0,62
2025-06-15T18:00,29.6,28.3,123.0,114.0,2.26,1.58,0,64
2025-06-15T19:00,28.2,26.8,22.0,20.0,2.67,1.18,100,100
2025-06-15T20:00,26.5,25.2,0.0,0.0,2.23,1.53,100,36
2025-06-15T21:00,25.9,23.7,0.0,0.0,0.71,0.9,100,100
2025-06-15T22:00,22.6,22.7,0.0,0.0,16.81,3.16,100,99
2025-06-15T23:00,20.9,22.9,0.0,0.0,14.92,10.77,100,100
2025-06-16T00:00,22.5,21.3,0.0,0.0,9.81,10.9,100,100
2025-06-16T01:00,21.4,21.2,0.0,0.0,13.88,8.18,100,100
2025-06-16T02:00,20.7,21.0,0.0,0.0,11.34,8.36,100,100
2025-06-16T03:00,20.3,21.1,0.0,0.0,8.1,8.51,100,100
2025-06-16T04:00,20.1,21.1,13.0,12.0,8.59,8.38,100,100
2025-06-16T05:00,19.7,20.9,29.0,27.0,8.48,8.82,100,100
2025-06-16T06:00,20.2,19.1,90.0,38.0,10.17,12.29,99,100
2025-06-16T07:00,19.4,18.4,94.0,80.0,12.14,13.05,100,99
2025-06-16T08:00,18.3,17.6,42.0,82.0,9.4,13.76,100,100
2025-06-16T09:00,18.2,17.9,197.0,154.0,11.93,13.35,100,100
2025-06-16T10:00,17.4,18.5,80.0,167.0,10.87,13.1,100,100
2025-06-16T11:00,18.4,18.8,157.0,212.0,10.88,12.24,100,100
2025-06-16T12:00,21.4,21.8,598.0,465.0,12.26,10.33,100,100
2025-06-16T13:00,22.2,22.1,527.0,388.0,11.63,9.31,100,100
2025-06-16T14:00,21.9,22.4,416.0,300.0,9.61,8.47,100,100
2025-06-16T15:00,22.7,23.1,268.0,356.0,9.42,9.03,93,100
2025-06-16T16:00,22.4,22.8,281.0,247.0,9.08,9.17,93,100
2025-06-16T17:00,22.3,22.2,231.0,150.0,7.89,7.38,28,100
2025-06-16T18:00,19.6,21.4,66.0,70.0,7.26,7.61,100,100
2025-06-16T19:00,19.0,20.4,14.0,16.0,6.27,7.23,75,100
2025-06-16T20:00,18.7,19.7,0.0,0.0,7.71,7.1,94,100
2025-06-16T21:00,17.9,19.3,0.0,0.0,6.11,7.09,100,100
2025-06-16T22:00,17.7,18.8,0.0,0.0,7.24,7.23,100,100
2025-06-16T23:00,17.6,18.2,0.0,0.0,7.64,7.38,100,100
2025-06-17T00:00,17.4,17.5,0.0,0.0,7.21,7.53,100,100
2025-06-17T01:00,17.1,17.0,0.0,0.0,6.75,7.78,98,100
2025-06-17T02:00,16.7,16.6,0.0,0.0,6.93,8.07,91,100
2025-06-17T03:00,15.9,16.2,0.0,0.0,6.58,7.83,100,21
2025-06-17T04:00,15.8,16.2,33.0,35.0,6.18,7.76,100,59
2025-06-17T05:00,16.4,17.1,134.0,146.0,6.17,7.0,99,23
2025-06-17T06:00,17.8,17.8,293.0,232.0,6.22,6.52,13,56
2025-06-17T07:00,19.3,19.3,460.0,443.0,6.29,6.49,100,73
2025-06-17T08:00,20.6,20.8,604.0,600.0,6.49,6.57,95,100
2025-06-17T09:00,21.8,21.9,588.0,561.0,6.48,6.75,79,68
2025-06-17T10:00,23.1,22.9,643.0,628.0,6.96,6.69,49,84
2025-06-17T11:00,24.4,23.6,767.0,591.0,6.73,6.42,36,74
2025-06-17T12:00,24.9,24.9,848.0,751.0,4.95,5.49,88,21
2025-06-17T13:00,25.6,25.2,741.0,597.0,5.92,5.8,85,94
2025-06-17T14:00,26.1,25.6,710.0,576.0,5.56,5.47,0,23
2025-06-17T15:00,25.8,25.8,515.0,517.0,6.67,5.92,97,55
2025-06-17T16:00,25.6,25.6,395.0,408.0,6.27,5.28,20,29
2025-06-17T17:00,25.3,25.1,267.0,276.0,5.35,4.8,0,0
2025-06-17T18:00,24.5,24.6,125.0,127.0,4.31,5.11,0,6
2025-06-17T19:00,23.7,23.0,23.0,23.0,2.76,4.61,13,14
2025-06-17T20:00,22.8,21.5,0.0,0.0,2.42,4.75,53,98
2025-06-17T21:00,21.9,20.2,0.0,0.0,2.41,3.99,2,87
2025-06-17T22:00,20.8,19.2,0.0,0.0,2.24,4.3,45,54
2025-06-17T23:00,19.9,18.5,0.0,0.0,1.88,4.39,35,1
2025-06-18T00:00,19.1,17.9,0.0,0.0,1.86,4.09,100,28
2025-06-18T01:00,18.5,17.3,0.0,0.0,2.0,3.64,100,59
2025-06-18T02:00,18.1,16.8,0.0,0.0,2.21,3.2,100,88
2025-06-18T03:00,17.4,16.3,0.0,0.0,1.29,2.81,100,70
2025-06-18T04:00,16.9,16.3,33.0,33.0,0.83,2.61,100,71
2025-06-18T05:00,18.1,18.0,136.0,146.0,0.88,3.2,42,11
2025-06-18T06:00,19.7,20.5,285.0,297.0,0.69,2.56,90,0
2025-06-18T07:00,21.7,22.4,451.0,458.0,0.69,1.2,82,45
2025-06-18T08:00,23.5,24.0,614.0,614.0,0.2,0.31,1,4
2025-06-18T09:00,24.8,25.4,737.0,744.0,1.04,0.6,39,3
2025-06-18T10:00,25.7,26.6,802.0,836.0,1.82,0.75,9,16
2025-06-18T11:00,26.9,27.6,887.0,873.0,1.32,0.71,100,37
2025-06-18T12:00,27.3,27.6,868.0,866.0,1.52,1.96,88,36
2025-06-18T13:00,28.1,28.2,753.0,815.0,2.07,1.79,39,37
2025-06-18T14:00,29.3,28.8,712.0,724.0,2.59,1.89,100,93
2025-06-18T15:00,29.1,29.0,599.0,597.0,4.0,2.59,66,0
2025-06-18T16:00,28.4,28.6,440.0,443.0,3.51,3.6,100,85
2025-06-18T17:00,27.9,27.8,272.0,278.0,2.7,2.86,37,2
2025-06-18T18:00,27.6,26.9,129.0,128.0,2.26,2.36,0,23
2025-06-18T19:00,26.8,25.6,23.0,23.0,0.84,1.28,0,22
2025-06-18T20:00,25.0,24.2,0.0,0.0,2.45,0.63,0,23
2025-06-18T21:00,23.8,22.5,0.0,0.0,2.5,2.1,0,2
2025-06-18T22:00,22.8,21.5,0.0,0.0,3.19,3.53,0,0
2025-06-18T23:00,21.8,20.6,0.0,0.0,3.58,3.49,20,59
2025-06-19T00:00,21.3,20.8,0.0,0.0,4.84,4.19,2,69
2025-06-19T01:00,21.8,20.8,0.0,0.0,8.13,5.54,99,73
2025-06-19T02:00,21.9,21.0,0.0,0.0,10.09,6.84,57,82
2025-06-19T03:00,21.4,21.5,0.0,0.0,10.38,8.41,21,76
2025-06-19T04:00,21.2,21.7,33.0,26.0,10.5,7.81,28,72
2025-06-19T05:00,21.8,22.4,138.0,113.0,9.65,7.11,15,73
2025-06-19T06:00,22.9,23.4,293.0,240.0,8.03,6.14,10,63
2025-06-19T07:00,24.2,24.8,452.0,391.0,8.51,6.85,36,42
2025-06-19T08:00,25.5,26.1,589.0,529.0,7.22,6.94,46,50
2025-06-19T09:00,26.8,27.1,674.0,671.0,5.75,5.96,39,40
2025-06-19T10:00,28.0,27.7,777.0,657.0,4.72,5.63,58,65
2025-06-19T11:00,28.8,28.0,685.0,569.0,5.8,5.82,100,94
2025-06-19T12:00,28.9,27.3,517.0,356.0,5.1,5.86,95,100
2025-06-19T13:00,30.0,28.0,633.0,389.0,5.94,4.65,98,95
2025-06-19T14:00,29.9,28.5,427.0,384.0,7.3,6.08,95,91
2025-06-19T15:00,30.8,27.9,522.0,280.0,7.33,6.36,29,89
2025-06-19T16:00,29.9,26.4,390.0,186.0,7.68,8.33,64,83
2025-06-19T17:00,27.3,25.5,268.0,156.0,9.27,7.85,0,75
2025-06-19T18:00,26.0,24.6,124.0,99.0,9.42,9.12,33,64
2025-06-19T19:00,24.3,23.2,22.0,15.0,8.97,9.8,59,60
2025-06-19T20:00,23.1,21.8,0.0,0.0,8.51,9.27,88,61
2025-06-19T21:00,21.8,20.8,0.0,0.0,7.19,8.09,82,72
2025-06-19T22:00,20.9,19.7,0.0,0.0,6.69,7.98,71,48
2025-06-19T23:00,20.2,18.4,0.0,0.0,5.33,7.49,72,18
2025-06-20T00:00,19.4,18.2,0.0,0.0,5.55,5.39,53,19
2025-06-20T01:00,18.6,17.4,0.0,0.0,6.08,5.11,43,0
2025-06-20T02:00,18.0,16.7,0.0,0.0,5.83,5.03,42,34
2025-06-20T03:00,17.6,16.2,0.0,0.0,5.8,4.92,39,4
2025-06-20T04:00,16.9,16.0,34.0,36.0,5.22,5.1,0,0
2025-06-20T05:00,17.0,17.0,148.0,153.0,3.83,4.58,0,0
2025-06-20T06:00,17.9,17.7,308.0,311.0,3.05,3.59,0,0
2025-06-20T07:00,18.8,18.8,476.0,480.0,2.81,3.53,0,0
2025-06-20T08:00,19.9,19.9,633.0,635.0,2.85,3.27,0,1
2025-06-20T09:00,21.4,21.2,763.0,763.0,3.82,4.0,0,23
2025-06-20T10:00,22.5,22.2,853.0,849.0,4.44,4.84,0,21
2025-06-20T11:00,23.3,23.1,905.0,897.0,4.45,5.39,0,23
2025-06-20T12:00,23.5,24.2,901.0,896.0,4.82,4.56,0,3
2025-06-20T13:00,24.4,24.8,836.0,844.0,4.52,4.74,0,15
2025-06-20T14:00,24.7,25.1,749.0,743.0,4.35,4.66,0,9
2025-06-20T15:00,24.8,25.1,603.0,614.0,5.82,4.83,3,0
2025-06-20T16:00,24.8,24.8,448.0,457.0,6.23,5.1,0,5
2025-06-20T17:00,24.6,24.2,290.0,288.0,5.29,5.29,0,11
2025-06-20T18:00,24.0,23.3,135.0,133.0,6.6,5.4,0,4
2025-06-20T19:00,22.6,21.9,25.0,24.0,4.62,4.82,0,25
2025-06-20T20:00,21.3,20.5,0.0,0.0,4.09,4.94,14,10
2025-06-20T21:00,20.3,19.3,0.0,0.0,4.91,4.3,0,0
2025-06-20T22:00,18.6,18.2,0.0,0.0,3.88,4.08,0,0
2025-06-20T23:00,17.8,17.3,0.0,0.0,2.45,3.29,0,0
2025-06-21T00:00,17.5,16.6,0.0,0.0,0.49,2.14,0,7
2025-06-21T01:00,17.2,16.2,0.0,0.0,0.31,0.98,0,8
2025-06-21T02:00,16.6,15.5,0.0,0.0,0.88,0.79,0,0
2025-06-21T03:00,16.0,14.7,0.0,0.0,0.9,0.75,0,0
2025-06-21T04:00,15.9,14.2,35.0,36.0,1.31,0.4,0,0
2025-06-21T05:00,16.0,15.4,149.0,150.0,1.28,0.78,0,0
2025-06-21T06:00,16.7,17.6,304.0,307.0,0.84,1.55,0,0
2025-06-21T07:00,18.2,19.4,472.0,474.0,1.32,1.41,0,0
2025-06-21T08:00,19.9,21.2,630.0,634.0,1.93,1.68,0,0
2025-06-21T09:00,21.7,22.5,764.0,765.0,1.71,2.25,0,0
2025-06-21T10:00,22.9,23.6,857.0,858.0,1.98,2.45,0,0
2025-06-21T11:00,23.9,24.4,904.0,902.0,2.2,2.27,0,0
2025-06-21T12:00,24.3,24.9,903.0,898.0,2.53,2.07,0,0
2025-06-21T13:00,24.8,25.5,853.0,846.0,1.82,1.92,0,0
2025-06-21T14:00,25.6,25.9,753.0,748.0,0.98,1.89,0,0
2025-06-21T15:00,25.9,25.9,620.0,615.0,2.91,1.93,0,0
2025-06-21T16:00,25.4,25.6,463.0,456.0,3.06,2.47,0,2
2025-06-21T17:00,25.0,25.0,293.0,287.0,2.94,2.96,0,1
2025-06-21T18:00,24.4,24.1,133.0,132.0,2.55,3.26,71,0
2025-06-21T19:00,23.8,22.5,25.0,24.0,2.36,3.64,43,0
2025-06-21T20:00,22.4,21.3,0.0,0.0,2.83,3.01,72,0
2025-06-21T21:00,21.4,20.4,0.0,0.0,0.84,2.83,62,0
2025-06-21T22:00,20.8,19.7,0.0,0.0,0.44,2.19,0,9
2025-06-21T23:00,20.0,19.0,0.0,0.0,0.14,1.58,0,0
2025-06-22T00:00,19.3,18.0,0.0,0.0,0.44,1.18,0,0
2025-06-22T01:00,18.6,17.1,0.0,0.0,0.49,0.92,0,0
2025-06-22T02:00,18.1,16.1,0.0,0.0,0.14,1.31,0,0
2025-06-22T03:00,17.0,15.3,0.0,0.0,0.31,1.29,1,0
2025-06-22T04:00,16.6,14.7,33.0,35.0,0.35,0.98,0,0
2025-06-22T05:00,17.5,16.0,141.0,147.0,0.14,1.52,0,0
2025-06-22T06:00,18.4,19.0,290.0,296.0,0.62,0.84,0,0
2025-06-22T07:00,20.6,21.4,454.0,460.0,0.77,0.89,0,8
2025-06-22T08:00,22.6,23.7,611.0,619.0,1.08,1.67,0,2
2025-06-22T09:00,24.5,25.5,741.0,750.0,1.5,2.06,0,4
2025-06-22T10:00,26.0,26.9,836.0,842.0,1.88,2.19,0,0
2025-06-22T11:00,27.4,28.2,882.0,889.0,1.58,2.02,0,0
2025-06-22T12:00,28.3,29.0,878.0,891.0,1.29,1.47,0,0
2025-06-22T13:00,29.4,29.8,831.0,838.0,1.28,1.62,0,0
2025-06-22T14:00,30.0,30.4,737.0,742.0,1.71,1.58,1,0
2025-06-22T15:00,30.5,30.6,606.0,610.0,1.59,1.67,0,0
2025-06-22T16:00,30.2,30.3,451.0,452.0,2.85,2.2,3,0
2025-06-22T17:00,29.8,29.7,284.0,286.0,2.51,2.5,0,0
2025-06-22T18:00,28.9,28.6,130.0,131.0,3.21,3.95,0,0
2025-06-22T19:00,27.7,26.3,25.0,24.0,3.86,4.65,0,0
2025-06-22T20:00,26.4,24.7,0.0,0.0,4.24,4.04,0,0
2025-06-22T21:00,24.6,23.8,0.0,0.0,3.43,4.03,0,0
2025-06-22T22:00,23.5,22.8,0.0,0.0,2.19,3.09,0,0
2025-06-22T23:00,22.3,21.7,0.0,0.0,1.29,2.45,2,0
2025-06-23T00:00,21.0,20.4,0.0,0.0,0.44,2.46,27,0
2025-06-23T01:00,20.8,19.4,0.0,0.0,0.71,1.79,0,5
2025-06-23T02:00,20.1,18.5,0.0,0.0,0.49,1.01,27,0
2025-06-23T03:00,19.3,17.5,0.0,0.0,1.31,0.69,0,12
2025-06-23T04:00,18.8,17.3,32.0,33.0,0.84,1.19,7,30
2025-06-23T05:00,19.4,18.7,136.0,141.0,0.35,1.18,1,17
2025-06-23T06:00,21.1,21.0,285.0,287.0,0.39,0.44,47,76
2025-06-23T07:00,23.3,23.4,449.0,437.0,0.92,1.46,26,95
2025-06-23T08:00,26.5,26.2,590.0,594.0,0.22,1.69,100,32
2025-06-23T09:00,28.9,29.3,702.0,728.0,1.5,2.34,100,97
2025-06-23T10:00,31.5,32.0,759.0,799.0,7.28,1.37,100,66
2025-06-23T11:00,30.3,34.1,692.0,786.0,11.49,12.61,100,89
2025-06-23T12:00,30.1,34.2,486.0,717.0,9.2,9.76,100,59
2025-06-23T13:00,28.1,33.6,504.0,656.0,6.54,7.42,100,53
2025-06-23T14:00,27.2,32.0,229.0,500.0,2.55,8.8,100,100
2025-06-23T15:00,29.1,31.6,314.0,337.0,3.47,9.82,77,98
2025-06-23T16:00,29.5,30.8,212.0,297.0,3.82,11.56,100,100
2025-06-23T17:00,28.7,28.8,72.0,150.0,9.08,11.28,100,100
2025-06-23T18:00,23.4,28.2,35.0,43.0,5.82,7.94,100,92
2025-06-23T19:00,23.9,27.2,15.0,13.0,4.84,8.54,100,100
2025-06-23T20:00,23.6,26.5,0.0,0.0,7.81,9.74,100,100
2025-06-23T21:00,22.7,24.9,0.0,0.0,7.84,11.25,100,100
2025-06-23T22:00,21.9,23.6,0.0,0.0,8.64,12.1,100,100
2025-06-23T23:00,21.8,22.9,0.0,0.0,9.58,9.79,100,100
2025-06-24T00:00,20.8,22.2,0.0,0.0,9.59,7.96,100,100
2025-06-24T01:00,20.5,21.7,0.0,0.0,8.27,6.26,100,100
2025-06-24T02:00,20.2,21.3,0.0,0.0,8.29,5.53,100,100
2025-06-24T03:00,19.9,21.0,0.0,0.0,7.65,5.42,100,100
2025-06-24T04:00,19.7,20.4,28.0,19.0,7.05,3.83,100,100
2025-06-24T05:00,20.2,20.0,119.0,79.0,5.94,1.86,100,90
2025-06-24T06:00,21.1,22.7,281.0,221.0,6.15,6.44,92,100
2025-06-24T07:00,22.7,23.7,438.0,331.0,6.75,7.42,70,93
2025-06-24T08:00,24.1,24.9,555.0,477.0,9.6,8.79,32,99
2025-06-24T09:00,25.6,26.1,715.0,621.0,11.22,12.29,54,100
2025-06-24T10:00,26.5,27.6,719.0,761.0,11.34,11.21,29,100
2025-06-24T11:00,27.7,28.5,797.0,832.0,11.34,11.69,59,100
2025-06-24T12:00,28.9,29.3,877.0,856.0,9.41,11.57,18,72
2025-06-24T13:00,29.5,30.1,829.0,724.0,9.7,10.75,0,20
2025-06-24T14:00,30.2,30.9,740.0,694.0,9.61,11.29,12,32
2025-06-24T15:00,30.4,30.7,610.0,532.0,11.32,11.33,0,52
2025-06-24T16:00,30.0,30.3,457.0,420.0,10.49,10.28,0,47
2025-06-24T17:00,29.6,29.5,289.0,246.0,8.54,9.07,0,22
2025-06-24T18:00,28.8,28.7,134.0,133.0,7.96,7.8,0,2
2025-06-24T19:00,27.4,26.8,25.0,25.0,6.97,7.35,0,9
2025-06-24T20:00,25.7,25.5,0.0,0.0,6.38,7.55,0,33
2025-06-24T21:00,24.5,24.6,0.0,0.0,7.45,6.35,0,38
2025-06-24T22:00,23.8,23.6,0.0,0.0,8.28,6.09,0,34
2025-06-24T23:00,23.4,22.9,0.0,0.0,8.57,6.06,0,22
2025-06-25T00:00,23.0,22.6,0.0,0.0,8.27,6.35,0,0
2025-06-25T01:00,22.8,22.1,0.0,0.0,8.51,6.28,1,28
2025-06-25T02:00,22.4,21.7,0.0,0.0,8.67,5.47,0,100
2025-06-25T03:00,22.0,21.4,0.0,0.0,8.73,4.98,27,1
2025-06-25T04:00,22.0,21.3,32.0,33.0,8.8,4.8,24,0
2025-06-25T05:00,22.7,22.9,139.0,143.0,7.08,5.1,6,0
2025-06-25T06:00,24.8,24.9,288.0,292.0,5.31,2.48,0,1
2025-06-25T07:00,26.7,27.4,454.0,457.0,6.57,4.51,0,0
2025-06-25T08:00,28.3,29.0,608.0,613.0,7.05,6.48,0,0
2025-06-25T09:00,29.7,30.4,739.0,740.0,7.74,7.75,0,0
2025-06-25T10:00,31.0,31.7,833.0,831.0,8.82,8.63,0,0
2025-06-25T11:00,32.0,32.6,881.0,881.0,9.41,8.83,0,0
2025-06-25T12:00,32.7,32.8,881.0,875.0,9.31,8.85,0,0
2025-06-25T13:00,33.3,33.4,831.0,828.0,9.24,8.52,0,0
2025-06-25T14:00,33.5,33.7,735.0,735.0,8.73,7.9,0,0
2025-06-25T15:00,33.5,33.8,605.0,604.0,8.84,7.94,0,0
2025-06-25T16:00,33.1,33.5,449.0,447.0,9.21,7.49,0,0
2025-06-25T17:00,32.8,32.8,285.0,280.0,8.43,7.15,0,100
2025-06-25T18:00,32.2,30.8,128.0,125.0,7.92,9.11,68,49
2025-06-25T19:00,30.9,29.1,25.0,24.0,5.66,8.82,68,83
2025-06-25T20:00,29.4,27.8,0.0,0.0,5.97,7.84,87,0
2025-06-25T21:00,28.0,26.6,0.0,0.0,6.18,5.63,0,24
2025-06-25T22:00,26.9,25.2,0.0,0.0,6.82,4.25,0,36
2025-06-25T23:00,26.4,24.1,0.0,0.0,6.82,3.96,0,100
2025-06-26T00:00,25.4,22.5,0.0,0.0,3.61,4.39,0,73
2025-06-26T01:00,25.3,21.9,0.0,0.0,2.15,4.05,0,36
2025-06-26T02:00,24.6,21.2,0.0,0.0,2.71,3.72,0,17
2025-06-26T03:00,23.5,20.7,0.0,0.0,2.97,3.15,0,0
2025-06-26T04:00,23.2,20.7,30.0,32.0,3.1,2.36,0,0
2025-06-26T05:00,23.1,22.2,135.0,137.0,3.0,2.15,0,1
2025-06-26T06:00,24.2,24.3,282.0,284.0,1.14,1.67,0,5
2025-06-26T07:00,25.6,25.6,442.0,444.0,1.37,2.17,0,2
2025-06-26T08:00,27.5,27.2,594.0,595.0,2.02,2.94,11,0
2025-06-26T09:00,30.0,28.8,722.0,722.0,1.87,3.88,0,0
2025-06-26T10:00,32.0,30.4,815.0,812.0,2.59,5.0,96,0
2025-06-26T11:00,33.6,31.9,834.0,857.0,3.12,5.65,100,6
2025-06-26T12:00,34.4,32.9,850.0,859.0,2.67,5.45,95,5
2025-06-26T13:00,35.4,33.7,798.0,802.0,2.98,5.4,100,100
2025-06-26T14:00,35.2,33.8,471.0,614.0,2.7,5.96,100,100
2025-06-26T15:00,29.6,33.2,217.0,295.0,5.0,4.87,100,100
2025-06-26T16:00,29.2,33.0,215.0,192.0,6.74,2.64,100,100
2025-06-26T17:00,27.5,31.9,91.0,176.0,15.72,6.48,100,100
2025-06-26T18:00,23.8,28.0,28.0,64.0,14.91,13.56,100,100
2025-06-26T19:00,23.0,25.3,5.0,9.0,8.11,10.21,100,100
2025-06-26T20:00,23.0,23.7,0.0,0.0,7.53,7.56,100,100
2025-06-26T21:00,22.7,22.9,0.0,0.0,6.88,8.6,100,100
2025-06-26T22:00,22.6,22.4,0.0,0.0,11.2,7.85,100,100
2025-06-26T23:00,22.2,22.2,0.0,0.0,9.58,10.17,100,100
2025-06-27T00:00,21.4,21.7,0.0,0.0,7.65,10.34,100,100
2025-06-27T01:00,21.2,21.3,0.0,0.0,10.97,9.44,100,100
2025-06-27T02:00,21.4,20.9,0.0,0.0,12.02,9.09,100,20
2025-06-27T03:00,21.3,20.5,0.0,0.0,11.46,9.44,97,70
2025-06-27T04:00,21.2,20.6,15.0,31.0,8.65,8.94,100,41
2025-06-27T05:00,21.2,21.3,56.0,136.0,6.94,9.54,100,14
2025-06-27T06:00,22.8,23.3,287.0,286.0,7.73,7.98,70,28
2025-06-27T07:00,24.3,24.3,441.0,423.0,6.84,10.39,51,57
2025-06-27T08:00,25.7,25.5,574.0,523.0,8.43,9.67,0,46
2025-06-27T09:00,26.9,26.6,602.0,650.0,9.24,9.35,91,53
2025-06-27T10:00,27.9,27.7,617.0,647.0,9.68,8.57,0,63
2025-06-27T11:00,28.5,28.8,630.0,686.0,8.25,8.68,65,83
2025-06-27T12:00,29.1,29.0,615.0,603.0,8.09,8.24,75,100
2025-06-27T13:00,28.3,29.6,333.0,570.0,8.97,8.6,100,86
2025-06-27T14:00,27.2,29.2,215.0,444.0,8.24,8.49,100,100
2025-06-27T15:00,26.6,29.3,210.0,407.0,8.0,8.27,100,100
2025-06-27T16:00,25.5,28.2,152.0,160.0,10.12,7.97,100,98
2025-06-27T17:00,24.6,27.0,114.0,136.0,8.42,9.17,91,100
2025-06-27T18:00,22.3,24.4,47.0,48.0,8.04,8.8,85,83
2025-06-27T19:00,22.1,22.9,10.0,12.0,9.13,9.76,85,100
2025-06-27T20:00,21.9,21.6,0.0,0.0,7.96,6.79,98,99
2025-06-27T21:00,21.6,21.4,0.0,0.0,7.03,7.46,100,75
2025-06-27T22:00,21.6,21.5,0.0,0.0,5.92,8.41,100,91
2025-06-27T23:00,21.5,21.3,0.0,0.0,5.55,8.57,100,87
2025-06-28T00:00,21.2,21.5,0.0,0.0,6.8,7.02,99,88
2025-06-28T01:00,20.6,21.2,0.0,0.0,6.66,6.03,93,75
2025-06-28T02:00,20.0,20.7,0.0,0.0,6.02,6.25,91,71
2025-06-28T03:00,20.1,20.3,0.0,0.0,4.67,6.34,99,79
2025-06-28T04:00,19.9,20.2,15.0,20.0,4.79,5.75,100,81
2025-06-28T05:00,20.0,20.5,37.0,95.0,5.02,5.49,100,95
2025-06-28T06:00,20.1,21.0,91.0,179.0,5.89,5.27,86,70
2025-06-28T07:00,20.8,22.0,230.0,337.0,5.47,5.18,91,77
2025-06-28T08:00,22.4,23.0,433.0,373.0,6.13,6.76,100,86
2025-06-28T09:00,24.1,24.0,489.0,464.0,8.46,5.92,90,86
2025-06-28T10:00,25.7,25.3,658.0,527.0,8.03,6.98,62,87
2025-06-28T11:00,27.3,26.7,758.0,639.0,9.42,6.86,59,83
2025-06-28T12:00,28.2,26.9,722.0,719.0,8.6,7.78,93,83
2025-06-28T13:00,28.9,27.7,653.0,622.0,9.5,8.45,94,66
2025-06-28T14:00,29.1,28.3,525.0,553.0,8.84,10.37,50,88
2025-06-28T15:00,29.7,27.8,412.0,419.0,9.24,10.47,66,63
2025-06-28T16:00,29.7,27.4,331.0,320.0,8.46,7.51,44,50
2025-06-28T17:00,29.5,27.2,269.0,220.0,7.77,6.22,9,59
2025-06-28T18:00,28.6,26.2,129.0,83.0,6.09,5.34,6,69
2025-06-28T19:00,27.6,25.1,24.0,16.0,3.84,5.52,0,53
2025-06-28T20:00,26.7,24.1,0.0,0.0,3.35,5.92,0,50
2025-06-28T21:00,25.3,23.4,0.0,0.0,5.26,5.76,36,44
2025-06-28T22:00,24.7,23.0,0.0,0.0,6.14,6.45,46,43
2025-06-28T23:00,24.5,22.9,0.0,0.0,5.75,6.82,78,58
2025-06-29T00:00,24.4,22.6,0.0,0.0,8.24,7.75,73,72
2025-06-29T01:00,24.3,22.9,0.0,0.0,5.83,8.09,76,74
2025-06-29T02:00,23.8,22.9,0.0,0.0,6.71,7.54,55,75
2025-06-29T03:00,24.1,22.9,0.0,0.0,5.04,8.46,95,80
2025-06-29T04:00,23.9,23.1,22.0,18.0,3.46,7.98,71,80
2025-06-29T05:00,24.1,23.6,115.0,78.0,4.24,6.25,45,81
2025-06-29T06:00,25.0,24.5,222.0,143.0,4.08,4.39,74,89
2025-06-29T07:00,26.1,25.5,293.0,257.0,4.27,4.79,78,74
2025-06-29T08:00,27.1,26.9,500.0,479.0,4.21,5.04,56,55
2025-06-29T09:00,28.3,27.8,646.0,632.0,4.69,5.0,54,78
2025-06-29T10:00,29.2,28.6,649.0,690.0,5.19,5.02,82,100
2025-06-29T11:00,30.2,30.0,587.0,720.0,5.06,5.19,43,91
2025-06-29T12:00,31.4,30.6,728.0,580.0,5.95,6.9,27,72
2025-06-29T13:00,32.1,31.0,646.0,676.0,6.6,5.88,49,53
2025-06-29T14:00,32.5,31.6,600.0,599.0,6.54,6.1,31,48
2025-06-29T15:00,32.2,31.8,484.0,482.0,6.23,5.92,42,99
2025-06-29T16:00,32.0,31.0,371.0,319.0,6.23,6.39,43,97
2025-06-29T17:00,31.4,30.5,255.0,241.0,5.56,4.93,37,57
2025-06-29T18:00,30.9,29.1,129.0,119.0,4.61,5.98,0,53
2025-06-29T19:00,30.1,27.7,25.0,20.0,3.54,4.95,0,67
2025-06-29T20:00,29.2,26.7,0.0,0.0,3.59,3.73,0,72
2025-06-29T21:00,28.2,25.8,0.0,0.0,3.53,3.48,0,67
2025-06-29T22:00,27.2,25.0,0.0,0.0,5.0,3.54,0,68
2025-06-29T23:00,26.8,24.5,0.0,0.0,6.14,3.23,0,73
2025-06-30T00:00,25.7,23.3,0.0,0.0,2.96,2.87,0,100
2025-06-30T01:00,24.3,22.6,0.0,0.0,3.54,2.98,1,32
2025-06-30T02:00,24.3,22.0,0.0,0.0,5.35,3.64,0,29
2025-06-30T03:00,24.1,21.5,0.0,0.0,6.03,3.96,19,29
2025-06-30T04:00,23.6,21.7,28.0,30.0,5.43,4.43,53,30
2025-06-30T05:00,23.8,23.4,118.0,136.0,4.03,5.13,100,16
2025-06-30T06:00,24.3,25.2,285.0,213.0,4.13,3.97,0,64
2025-06-30T07:00,25.2,26.0,448.0,399.0,4.54,3.29,26,89
2025-06-30T08:00,26.1,27.3,559.0,592.0,5.07,2.87,100,61
2025-06-30T09:00,27.3,28.7,673.0,725.0,5.07,3.17,100,58
2025-06-30T10:00,28.2,29.8,697.0,784.0,4.74,3.45,100,82
2025-06-30T11:00,29.0,30.6,722.0,771.0,5.0,3.63,100,95
2025-06-30T12:00,30.3,30.7,716.0,711.0,6.07,4.34,100,65
2025-06-30T13:00,30.7,31.3,689.0,753.0,6.18,4.37,100,100
2025-06-30T14:00,30.5,31.4,689.0,620.0,5.5,4.9,0,95
2025-06-30T15:00,31.0,31.3,599.0,530.0,6.47,4.93,0,90
2025-06-30T16:00,30.6,30.7,451.0,417.0,7.06,5.4,0,42
2025-06-30T17:00,29.7,29.9,289.0,277.0,7.33,5.93,0,100
2025-06-30T18:00,28.9,28.7,127.0,131.0,6.9,6.27,100,53
2025-06-30T19:00,27.5,27.1,24.0,25.0,5.98,6.17,100,66
2025-06-30T20:00,26.0,25.6,0.0,0.0,5.13,5.7,100,56
2025-06-30T21:00,24.4,24.2,0.0,0.0,4.88,5.8,100,17
2025-06-30T22:00,23.1,22.8,0.0,0.0,3.56,4.76,100,7
2025-06-30T23:00,22.4,21.8,0.0,0.0,2.07,4.79,100,25
2025-07-01T00:00,21.6,21.2,0.0,0.0,2.11,2.94,100,34
2025-07-01T01:00,21.1,20.6,0.0,0.0,2.19,2.73,100,20
2025-07-01T02:00,20.6,19.9,0.0,0.0,2.29,3.01,0,0
2025-07-01T03:00,19.8,19.3,0.0,0.0,2.4,3.47,0,0
2025-07-01T04:00,19.5,19.1,30.0,29.0,2.88,3.78,0,0
2025-07-01T05:00,20.0,20.2,138.0,139.0,2.37,3.53,0,0
2025-07-01T06:00,20.8,21.6,290.0,293.0,2.54,2.46,0,0
2025-07-01T07:00,21.9,22.8,453.0,459.0,2.69,2.64,0,0
2025-07-01T08:00,23.5,24.3,607.0,614.0,2.59,2.63,0,0
2025-07-01T09:00,25.3,25.8,738.0,745.0,2.29,2.59,0,0
2025-07-01T10:00,26.9,27.2,832.0,839.0,2.63,2.89,0,0
2025-07-01T11:00,28.2,28.3,879.0,886.0,2.84,3.04,0,0
2025-07-01T12:00,29.1,29.1,877.0,883.0,2.71,3.24,0,0
2025-07-01T13:00,29.9,29.8,830.0,833.0,3.29,3.2,0,0
2025-07-01T14:00,30.3,30.1,737.0,739.0,3.2,3.38,0,0
2025-07-01T15:00,30.3,30.2,605.0,607.0,3.0,3.28,0,0
2025-07-01T16:00,30.2,29.9,450.0,452.0,3.2,3.38,0,0
2025-07-01T17:00,29.8,29.2,286.0,287.0,3.61,3.6,0,0
2025-07-01T18:00,29.3,28.7,134.0,132.0,4.24,3.34,0,0
2025-07-01T19:00,28.2,26.8,26.0,25.0,3.98,3.67,0,0
2025-07-01T20:00,26.9,25.5,0.0,0.0,3.45,2.94,0,0
2025-07-01T21:00,26.0,24.5,0.0,0.0,1.84,2.7,0,0
2025-07-01T22:00,24.7,23.6,0.0,0.0,1.59,2.45,0,0
2025-07-01T23:00,24.1,22.7,0.0,0.0,1.18,1.77,0,0
2025-07-02T00:00,23.1,21.0,0.0,0.0,0.92,2.64,0,0
2025-07-02T01:00,22.1,19.9,0.0,0.0,0.71,2.19,0,0
2025-07-02T02:00,20.8,19.1,0.0,0.0,1.66,1.71,0,0
2025-07-02T03:00,19.2,18.6,0.0,0.0,1.62,1.47,0,0
2025-07-02T04:00,19.1,18.3,28.0,29.0,1.01,2.1,0,0
2025-07-02T05:00,18.8,19.0,131.0,135.0,1.77,2.0,0,0
2025-07-02T06:00,21.0,21.4,281.0,285.0,1.5,1.31,0,0
2025-07-02T07:00,22.5,23.2,445.0,449.0,2.39,1.74,0,0
2025-07-02T08:00,24.5,25.0,599.0,606.0,2.37,2.19,0,0
2025-07-02T09:00,26.9,27.2,731.0,737.0,3.07,2.63,0,0
2025-07-02T10:00,29.0,29.1,827.0,832.0,3.97,3.29,0,0
2025-07-02T11:00,30.9,30.7,879.0,883.0,4.82,3.59,0,0
2025-07-02T12:00,32.5,31.8,884.0,883.0,5.07,3.95,0,0
2025-07-02T13:00,33.2,32.6,837.0,836.0,5.2,4.25,0,0
2025-07-02T14:00,33.9,33.1,744.0,742.0,5.41,4.32,0,0
2025-07-02T15:00,34.3,33.2,613.0,610.0,6.74,4.85,0,0
2025-07-02T16:00,34.1,32.9,457.0,455.0,7.62,5.22,0,0
2025-07-02T17:00,33.4,32.2,291.0,289.0,8.51,5.87,0,0
2025-07-02T18:00,32.5,31.2,136.0,133.0,8.27,7.12,0,0
2025-07-02T19:00,30.5,29.0,25.0,24.0,9.29,8.46,0,0
2025-07-02T20:00,28.4,26.9,0.0,0.0,10.13,8.92,0,5
2025-07-02T21:00,26.3,25.5,0.0,0.0,8.51,8.73,0,0
2025-07-02T22:00,25.4,24.5,0.0,0.0,9.19,8.68,0,0
2025-07-02T23:00,24.5,23.4,0.0,0.0,7.74,7.78,0,0
2025-07-03T00:00,23.6,22.6,0.0,0.0,7.45,6.11,0,0
2025-07-03T01:00,23.2,21.9,0.0,0.0,7.55,5.45,0,0
2025-07-03T02:00,22.6,21.4,0.0,0.0,6.58,5.06,0,0
2025-07-03T03:00,21.5,21.1,0.0,0.0,4.62,4.38,0,9
2025-07-03T04:00,21.2,21.1,26.0,27.0,3.07,3.37,0,44
2025-07-03T05:00,22.1,22.0,126.0,123.0,2.35,2.36,57,73
2025-07-03T06:00,23.9,24.0,249.0,249.0,1.57,1.77,100,77
2025-07-03T07:00,26.1,26.3,424.0,411.0,1.28,1.06,22,96
2025-07-03T08:00,29.0,28.8,575.0,549.0,1.4,1.59,98,86
2025-07-03T09:00,31.5,31.2,694.0,641.0,1.8,0.84,18,98
2025-07-03T10:00,33.6,33.7,753.0,754.0,1.83,0.71,96,16
2025-07-03T11:00,35.1,34.8,788.0,833.0,3.31,5.05,37,100
2025-07-03T12:00,35.2,33.7,638.0,607.0,5.89,6.88,94,100
2025-07-03T13:00,35.3,32.4,619.0,512.0,4.71,8.53,100,100
2025-07-03T14:00,35.6,32.2,548.0,442.0,4.0,8.72,47,100
2025-07-03T15:00,32.0,31.9,517.0,422.0,11.85,8.59,100,100
2025-07-03T16:00,26.1,29.8,212.0,278.0,8.97,12.72,100,100
2025-07-03T17:00,24.7,27.1,97.0,137.0,6.91,10.86,100,100
2025-07-03T18:00,27.3,26.0,83.0,88.0,7.64,13.22,93,100
2025-07-03T19:00,27.2,24.8,19.0,16.0,6.69,12.76,66,100
2025-07-03T20:00,26.2,23.7,0.0,0.0,6.56,11.31,94,100
2025-07-03T21:00,22.2,23.0,0.0,0.0,11.5,9.99,100,100
2025-07-03T22:00,22.2,22.1,0.0,0.0,9.46,9.54,100,99
2025-07-03T23:00,21.9,21.1,0.0,0.0,7.58,9.01,100,100
2025-07-04T00:00,20.9,20.7,0.0,0.0,7.88,8.4,100,100
2025-07-04T01:00,20.5,20.4,0.0,0.0,6.93,8.29,100,100
2025-07-04T02:00,20.4,20.2,0.0,0.0,7.0,9.05,100,100
2025-07-04T03:00,20.6,20.2,0.0,0.0,5.75,6.79,99,100
2025-07-04T04:00,20.2,20.0,7.0,6.0,5.28,7.22,97,100
2025-07-04T05:00,20.2,19.2,43.0,16.0,5.55,6.62,99,100
2025-07-04T06:00,20.1,18.0,58.0,62.0,6.14,8.04,99,99
2025-07-04T07:00,19.4,19.5,105.0,169.0,5.62,6.97,100,94
2025-07-04T08:00,19.7,21.1,163.0,276.0,4.4,6.88,99,98
2025-07-04T09:00,23.2,22.6,368.0,377.0,5.96,6.23,96,76
2025-07-04T10:00,23.8,23.4,404.0,491.0,5.92,6.02,97,80
2025-07-04T11:00,22.8,24.8,389.0,604.0,5.97,6.59,100,83
2025-07-04T12:00,26.7,25.3,598.0,660.0,5.95,5.95,91,100
2025-07-04T13:00,27.1,25.9,498.0,595.0,6.89,5.92,100,66
2025-07-04T14:00,27.2,26.7,239.0,571.0,6.9,5.61,100,61
2025-07-04T15:00,25.2,26.8,477.0,454.0,4.94,5.83,65,70
2025-07-04T16:00,25.3,26.5,306.0,318.0,4.4,5.86,42,69
2025-07-04T17:00,25.6,26.0,271.0,199.0,4.37,6.27,0,57
2025-07-04T18:00,23.9,25.9,129.0,110.0,5.79,6.09,0,47
2025-07-04T19:00,22.7,24.3,24.0,23.0,6.97,6.85,0,14
2025-07-04T20:00,21.9,23.0,0.0,0.0,9.02,5.84,0,12
2025-07-04T21:00,21.4,21.6,0.0,0.0,6.81,4.65,0,5
2025-07-04T22:00,21.1,20.8,0.0,0.0,3.83,2.89,0,2
2025-07-04T23:00,20.7,20.3,0.0,0.0,2.77,2.88,0,0
2025-07-05T00:00,20.2,19.5,0.0,0.0,2.71,1.85,0,14
2025-07-05T01:00,19.5,18.7,0.0,0.0,2.3,1.25,0,33
2025-07-05T02:00,18.7,18.0,0.0,0.0,1.86,2.15,0,2
2025-07-05T03:00,18.0,17.4,0.0,0.0,0.88,2.15,0,0
2025-07-05T04:00,17.7,17.4,27.0,28.0,1.31,1.62,0,0
2025-07-05T05:00,18.4,18.2,132.0,136.0,2.31,1.79,0,0
2025-07-05T06:00,19.5,19.5,265.0,286.0,2.72,2.19,54,0
2025-07-05T07:00,21.1,21.9,383.0,455.0,3.34,2.22,47,0
2025-07-05T08:00,23.3,24.0,558.0,612.0,4.37,3.94,32,4
2025-07-05T09:00,25.5,25.9,719.0,742.0,4.65,5.3,67,7
2025-07-05T10:00,26.7,27.3,752.0,834.0,5.34,5.72,47,3
2025-07-05T11:00,27.9,28.3,858.0,877.0,4.84,5.53,3,25
2025-07-05T12:00,28.7,28.5,877.0,870.0,4.38,5.13,0,23
2025-07-05T13:00,29.5,29.2,828.0,821.0,4.37,5.41,0,9
2025-07-05T14:00,30.0,29.7,735.0,730.0,4.64,5.82,0,13
2025-07-05T15:00,30.1,30.0,603.0,599.0,4.72,5.83,0,17
2025-07-05T16:00,30.0,29.8,437.0,447.0,4.1,6.72,82,3
2025-07-05T17:00,29.6,29.3,259.0,286.0,4.57,6.98,78,3
2025-07-05T18:00,29.1,27.9,123.0,126.0,4.54,5.87,100,33
2025-07-05T19:00,28.0,25.9,23.0,23.0,5.0,7.95,61,14
2025-07-05T20:00,26.1,24.1,0.0,0.0,5.17,7.04,100,3
2025-07-05T21:00,24.7,22.7,0.0,0.0,1.97,3.21,100,22
2025-07-05T22:00,23.9,21.3,0.0,0.0,0.93,0.69,100,16
2025-07-05T23:00,23.4,20.5,0.0,0.0,0.4,0.22,100,36
2025-07-06T00:00,23.1,21.0,0.0,0.0,2.06,1.14,87,100
2025-07-06T01:00,22.8,20.3,0.0,0.0,1.32,1.12,94,100
2025-07-06T02:00,22.4,19.6,0.0,0.0,1.2,1.01,100,96
2025-07-06T03:00,21.1,19.4,0.0,0.0,1.01,0.4,92,73
2025-07-06T04:00,20.6,19.2,23.0,23.0,0.49,0.39,49,64
2025-07-06T05:00,21.1,20.6,92.0,110.0,0.71,2.69,88,47
2025-07-06T06:00,22.4,22.2,192.0,194.0,1.08,4.75,87,69
2025-07-06T07:00,23.8,23.9,273.0,361.0,0.53,3.76,83,49
2025-07-06T08:00,25.4,25.5,339.0,504.0,1.2,4.57,79,55
2025-07-06T09:00,29.2,27.0,736.0,654.0,1.98,5.7,0,12
2025-07-06T10:00,30.7,27.8,827.0,801.0,2.28,6.03,5,9
2025-07-06T11:00,31.8,29.1,869.0,864.0,3.37,5.72,11,20
2025-07-06T12:00,32.6,28.6,846.0,800.0,3.67,5.96,58,80
2025-07-06T13:00,31.2,29.2,743.0,754.0,9.63,5.71,100,100
2025-07-06T14:00,28.1,29.7,514.0,644.0,10.88,5.04,100,100
2025-07-06T15:00,31.8,29.6,443.0,452.0,5.61,5.97,100,100
2025-07-06T16:00,32.2,26.7,203.0,219.0,6.75,6.53,100,100
2025-07-06T17:00,26.5,25.9,74.0,121.0,5.1,5.13,100,100
2025-07-06T18:00,23.8,26.0,25.0,69.0,4.74,6.79,100,100
2025-07-06T19:00,22.7,25.0,7.0,15.0,6.77,6.71,100,100
2025-07-06T20:00,21.7,24.1,0.0,0.0,5.72,5.53,100,100
2025-07-06T21:00,21.6,21.9,0.0,0.0,8.15,12.67,100,100
2025-07-06T22:00,20.3,20.4,0.0,0.0,11.92,11.46,100,100
2025-07-06T23:00,20.1,20.5,0.0,0.0,10.89,9.19,100,100
2025-07-07T00:00,19.4,19.4,0.0,0.0,7.34,8.1,100,86
2025-07-07T01:00,19.5,19.2,0.0,0.0,5.83,6.69,100,100
2025-07-07T02:00,19.6,19.2,0.0,0.0,5.33,9.05,100,100
2025-07-07T03:00,20.0,19.2,0.0,0.0,7.88,11.38,100,95
2025-07-07T04:00,19.5,18.7,8.0,17.0,8.32,11.01,100,93
2025-07-07T05:00,19.3,18.2,53.0,68.0,7.57,10.09,100,100
2025-07-07T06:00,18.7,17.2,86.0,37.0,8.2,8.19,100,100
2025-07-07T07:00,17.8,17.1,86.0,50.0,7.52,8.49,100,100
2025-07-07T08:00,17.7,17.1,76.0,99.0,7.02,7.57,100,100
2025-07-07T09:00,17.9,17.5,134.0,148.0,6.65,5.3,100,100
2025-07-07T10:00,18.3,18.9,179.0,246.0,5.49,5.42,100,100
2025-07-07T11:00,19.5,20.0,263.0,320.0,5.59,4.83,100,100
2025-07-07T12:00,20.3,18.1,350.0,219.0,6.56,7.13,100,100
2025-07-07T13:00,21.1,19.6,332.0,292.0,6.56,5.7,100,100
2025-07-07T14:00,21.5,21.1,313.0,344.0,6.48,6.88,100,96
2025-07-07T15:00,21.9,22.5,283.0,454.0,5.77,5.37,100,45
2025-07-07T16:00,22.5,22.9,345.0,392.0,4.92,4.04,66,14
2025-07-07T17:00,22.4,23.0,251.0,251.0,4.57,3.79,0,52
2025-07-07T18:00,23.1,22.2,132.0,130.0,4.19,2.95,0,0
2025-07-07T19:00,22.2,21.3,24.0,22.0,4.11,2.29,0,100
2025-07-07T20:00,21.3,20.2,0.0,0.0,5.59,2.23,0,0
2025-07-07T21:00,20.3,19.2,0.0,0.0,2.67,3.72,85,7
2025-07-07T22:00,19.9,19.1,0.0,0.0,3.01,9.93,99,100
2025-07-07T23:00,19.9,18.2,0.0,0.0,9.15,12.31,98,100
2025-07-08T00:00,17.9,18.2,0.0,0.0,11.18,10.9,100,100
2025-07-08T01:00,17.3,17.7,0.0,0.0,9.42,10.86,100,100
2025-07-08T02:00,16.6,17.5,0.0,0.0,9.58,9.99,100,100
2025-07-08T03:00,16.1,17.0,0.0,0.0,9.01,11.64,100,100
2025-07-08T04:00,16.2,16.4,10.0,5.0,10.34,10.8,100,100
2025-07-08T05:00,16.3,16.3,27.0,32.0,9.25,11.41,100,100
2025-07-08T06:00,15.8,15.8,23.0,51.0,7.67,8.61,100,100
2025-07-08T07:00,15.7,16.0,29.0,70.0,7.19,8.6,100,100
2025-07-08T08:00,15.9,16.2,49.0,104.0,8.39,8.22,100,100
2025-07-08T09:00,16.3,16.6,86.0,110.0,7.56,6.68,100,100
2025-07-08T10:00,16.8,17.0,145.0,93.0,7.01,7.28,100,100
2025-07-08T11:00,17.7,17.5,209.0,153.0,8.5,7.27,100,100
2025-07-08T12:00,16.7,17.1,130.0,125.0,8.34,8.08,100,100
2025-07-08T13:00,17.5,17.4,181.0,126.0,9.61,8.41,100,100
2025-07-08T14:00,16.6,17.9,118.0,136.0,12.8,8.42,100,100
2025-07-08T15:00,15.5,17.2,117.0,95.0,11.54,8.65,100,100
2025-07-08T16:00,15.7,16.2,167.0,45.0,11.92,11.23,100,100
2025-07-08T17:00,15.7,15.3,105.0,28.0,11.7,14.19,100,100
2025-07-08T18:00,15.7,14.7,37.0,32.0,9.81,13.76,100,100
2025-07-08T19:00,15.8,14.9,8.0,6.0,10.35,13.47,100,96
2025-07-08T20:00,15.7,14.7,0.0,0.0,8.59,12.84,99,99
2025-07-08T21:00,15.1,14.7,0.0,0.0,9.1,13.56,100,100
2025-07-08T22:00,15.1,14.8,0.0,0.0,9.01,13.2,100,100
2025-07-08T23:00,15.0,14.7,0.0,0.0,10.15,13.2,94,100
2025-07-09T00:00,15.0,14.4,0.0,0.0,10.09,11.99,98,100
2025-07-09T01:00,14.8,14.2,0.0,0.0,11.23,12.46,100,100
2025-07-09T02:00,14.5,14.0,0.0,0.0,12.08,12.89,96,100
2025-07-09T03:00,13.9,13.6,0.0,0.0,12.75,12.3,100,94
2025-07-09T04:00,13.8,13.7,15.0,18.0,12.47,12.18,100,96
2025-07-09T05:00,13.9,14.1,75.0,85.0,11.81,11.78,100,100
2025-07-09T06:00,14.8,14.3,233.0,160.0,10.92,12.12,100,100
2025-07-09T07:00,16.2,15.5,355.0,264.0,11.31,11.15,100,100
2025-07-09T08:00,18.0,16.7,507.0,323.0,12.42,13.94,100,100
2025-07-09T09:00,18.4,18.4,487.0,356.0,12.96,11.09,100,100
2025-07-09T10:00,18.7,18.9,302.0,319.0,11.78,11.8,100,100
2025-07-09T11:00,19.7,19.2,269.0,265.0,12.06,13.16,100,100
2025-07-09T12:00,19.8,19.1,283.0,537.0,8.87,13.72,99,100
2025-07-09T13:00,20.8,20.0,365.0,508.0,10.14,13.01,100,98
2025-07-09T14:00,20.7,20.6,265.0,422.0,10.69,12.39,100,100
2025-07-09T15:00,20.1,20.0,230.0,241.0,11.88,14.21,98,100
2025-07-09T16:00,20.0,19.6,245.0,298.0,10.95,13.99,96,100
2025-07-09T17:00,19.4,18.6,180.0,126.0,11.33,13.63,100,100
2025-07-09T18:00,19.1,18.8,79.0,51.0,10.25,12.19,83,95
2025-07-09T19:00,18.3,17.9,15.0,9.0,10.91,12.65,100,71
2025-07-09T20:00,16.8,16.9,0.0,0.0,10.91,13.76,100,85
2025-07-09T21:00,16.3,16.7,0.0,0.0,11.47,14.37,70,77
2025-07-09T22:00,16.0,16.3,0.0,0.0,11.64,14.69,100,92
2025-07-09T23:00,15.6,16.1,0.0,0.0,10.84,13.74,48,73
2025-07-10T00:00,15.4,15.7,0.0,0.0,10.77,13.34,64,44
2025-07-10T01:00,15.0,15.4,0.0,0.0,10.58,13.26,0,42
2025-07-10T02:00,14.8,15.3,0.0,0.0,9.33,13.21,0,9
2025-07-10T03:00,15.0,15.2,0.0,0.0,10.05,13.05,80,35
2025-07-10T04:00,14.9,15.3,16.0,22.0,9.25,12.81,63,45
2025-07-10T05:00,15.3,16.0,75.0,107.0,9.82,12.66,65,57
2025-07-10T06:00,16.3,16.6,200.0,209.0,9.02,10.43,92,72
2025-07-10T07:00,17.0,17.8,219.0,332.0,9.36,11.0,100,61
2025-07-10T08:00,17.9,19.8,392.0,544.0,10.39,12.24,100,70
2025-07-10T09:00,17.2,20.7,279.0,502.0,9.84,13.83,100,89
2025-07-10T10:00,17.9,21.4,353.0,477.0,9.01,12.48,100,91
2025-07-10T11:00,18.3,22.0,251.0,510.0,10.25,12.89,97,89
2025-07-10T12:00,20.6,20.1,577.0,496.0,9.56,11.41,100,96
2025-07-10T13:00,21.7,19.9,644.0,435.0,9.92,11.36,100,97
2025-07-10T14:00,21.1,20.4,386.0,513.0,8.07,11.3,100,78
2025-07-10T15:00,21.3,20.1,354.0,450.0,7.9,11.31,82,98
2025-07-10T16:00,21.4,19.1,248.0,276.0,7.79,10.7,58,98
2025-07-10T17:00,20.3,18.4,261.0,179.0,7.23,9.43,74,72
2025-07-10T18:00,18.9,17.9,79.0,111.0,9.46,9.25,54,51
2025-07-10T19:00,17.6,17.2,17.0,19.0,9.91,10.93,53,55
2025-07-10T20:00,16.9,16.9,0.0,0.0,9.78,11.01,53,38
2025-07-10T21:00,17.0,16.6,0.0,0.0,10.38,11.03,40,78
2025-07-10T22:00,16.6,16.5,0.0,0.0,9.72,10.7,86,80
2025-07-10T23:00,16.4,16.2,0.0,0.0,9.05,11.01,52,89
2025-07-11T00:00,16.1,16.3,0.0,0.0,8.77,9.17,95,83
2025-07-11T01:00,16.2,16.1,0.0,0.0,7.58,9.61,96,78
2025-07-11T02:00,16.1,15.9,0.0,0.0,8.94,9.38,98,86
2025-07-11T03:00,15.7,15.8,0.0,0.0,7.9,9.51,89,80
2025-07-11T04:00,15.9,15.6,8.0,16.0,8.06,9.11,100,78
2025-07-11T05:00,16.0,15.9,71.0,84.0,7.26,7.23,80,72
2025-07-11T06:00,16.5,16.5,112.0,182.0,5.41,7.85,100,81
2025-07-11T07:00,16.8,17.3,184.0,360.0,4.53,6.78,100,55
2025-07-11T08:00,17.8,18.2,238.0,515.0,5.83,5.83,95,50
2025-07-11T09:00,19.9,19.4,597.0,630.0,4.76,5.65,68,65
2025-07-11T10:00,21.4,20.3,676.0,683.0,4.99,5.68,43,61
2025-07-11T11:00,22.6,21.0,816.0,735.0,4.76,5.98,72,72
2025-07-11T12:00,23.1,22.5,796.0,825.0,3.81,6.28,25,56
2025-07-11T13:00,23.7,22.5,717.0,702.0,4.03,6.3,70,74
2025-07-11T14:00,20.6,21.7,316.0,540.0,3.25,6.06,100,71
2025-07-11T15:00,20.2,22.2,386.0,530.0,6.67,6.23,100,39
2025-07-11T16:00,20.8,22.2,401.0,387.0,7.15,6.18,11,64
2025-07-11T17:00,20.6,21.8,278.0,237.0,5.52,7.27,31,38
2025-07-11T18:00,20.3,20.6,123.0,88.0,6.61,1.8,100,100
2025-07-11T19:00,19.4,19.1,21.0,18.0,6.84,2.07,100,100
2025-07-11T20:00,18.6,18.4,0.0,0.0,4.19,3.95,100,100
2025-07-11T21:00,18.6,17.9,0.0,0.0,8.32,3.6,86,87
2025-07-11T22:00,18.1,17.5,0.0,0.0,6.37,4.04,100,100
2025-07-11T23:00,17.9,17.2,0.0,0.0,6.28,4.7,100,84
2025-07-12T00:00,18.3,17.5,0.0,0.0,5.49,2.99,100,100
2025-07-12T01:00,18.2,17.2,0.0,0.0,5.96,3.74,87,100
2025-07-12T02:00,17.9,17.0,0.0,0.0,6.14,4.43,80,100
2025-07-12T03:00,17.4,16.8,0.0,0.0,3.5,4.8,100,68
2025-07-12T04:00,17.0,16.7,13.0,20.0,2.59,5.06,100,24
2025-07-12T05:00,17.0,17.5,62.0,123.0,3.02,4.31,94,22
2025-07-12T06:00,17.8,18.7,190.0,223.0,2.64,2.23,100,73
2025-07-12T07:00,18.3,20.1,203.0,344.0,3.59,2.57,100,91
2025-07-12T08:00,19.8,21.6,300.0,461.0,1.88,3.38,99,98
2025-07-12T09:00,22.5,22.4,612.0,482.0,2.97,3.69,78,100
2025-07-12T10:00,23.6,22.7,603.0,489.0,2.09,3.92,98,100
2025-07-12T11:00,23.2,23.4,422.0,485.0,7.42,3.07,100,98
2025-07-12T12:00,25.1,23.8,500.0,465.0,1.27,2.57,99,99
2025-07-12T13:00,24.8,24.1,416.0,408.0,4.88,2.1,99,98
2025-07-12T14:00,21.1,24.4,329.0,342.0,4.48,2.09,96,93
2025-07-12T15:00,25.7,24.6,464.0,309.0,2.02,3.33,90,81
2025-07-12T16:00,25.6,23.6,316.0,261.0,2.85,3.85,100,89
2025-07-12T17:00,23.3,23.1,102.0,154.0,5.53,2.54,92,100
2025-07-12T18:00,21.4,21.7,68.0,61.0,6.32,3.31,81,100
2025-07-12T19:00,20.2,21.0,17.0,13.0,7.09,2.65,31,100
2025-07-12T20:00,19.6,20.4,0.0,0.0,6.11,0.4,86,100
2025-07-12T21:00,20.7,19.7,0.0,0.0,3.63,1.77,33,100
2025-07-12T22:00,20.1,19.1,0.0,0.0,3.24,2.64,100,100
2025-07-12T23:00,19.3,18.8,0.0,0.0,2.29,3.09,26,100
2025-07-13T00:00,18.2,18.2,0.0,0.0,3.55,2.56,94,97
2025-07-13T01:00,17.9,17.9,0.0,0.0,3.04,1.63,100,97
2025-07-13T02:00,17.8,17.7,0.0,0.0,2.76,1.64,100,95
2025-07-13T03:00,17.2,17.3,0.0,0.0,2.73,1.39,74,82
2025-07-13T04:00,16.9,17.0,19.0,19.0,2.81,2.71,5,35
2025-07-13T05:00,17.3,17.5,116.0,117.0,2.18,3.4,35,11
2025-07-13T06:00,18.2,18.2,253.0,264.0,1.08,2.04,31,3
2025-07-13T07:00,19.7,19.8,423.0,400.0,1.4,1.18,0,71
2025-07-13T08:00,21.7,21.6,573.0,515.0,1.64,2.47,13,67
2025-07-13T09:00,23.8,23.5,713.0,679.0,1.97,2.85,7,37
2025-07-13T10:00,25.8,25.4,802.0,789.0,1.77,2.77,64,32
2025-07-13T11:00,27.0,27.1,711.0,832.0,2.05,2.78,100,19
2025-07-13T12:00,27.6,29.1,493.0,857.0,3.04,3.42,72,100
2025-07-13T13:00,28.7,30.0,635.0,719.0,2.61,1.93,79,100
2025-07-13T14:00,29.7,30.1,668.0,480.0,2.35,2.5,32,100
2025-07-13T15:00,26.4,29.4,373.0,386.0,7.6,2.91,58,100
2025-07-13T16:00,26.5,29.1,408.0,273.0,4.69,2.53,0,100
2025-07-13T17:00,27.5,28.7,261.0,180.0,3.56,1.47,100,100
2025-07-13T18:00,26.3,27.5,120.0,83.0,5.76,0.53,100,100
2025-07-13T19:00,24.0,26.4,17.0,17.0,6.66,0.6,88,100
2025-07-13T20:00,23.4,24.9,0.0,0.0,5.22,0.78,100,100
2025-07-13T21:00,22.0,23.1,0.0,0.0,5.49,2.08,100,26
2025-07-13T22:00,22.0,22.4,0.0,0.0,4.25,3.45,54,0
2025-07-13T23:00,21.2,21.7,0.0,0.0,2.77,2.89,0,0
2025-07-14T00:00,20.6,21.5,0.0,0.0,1.21,0.97,0,27
2025-07-14T01:00,20.0,21.1,0.0,0.0,1.5,3.66,0,15
2025-07-14T02:00,19.7,21.1,0.0,0.0,0.79,5.04,0,0
2025-07-14T03:00,19.3,20.8,0.0,0.0,0.93,5.2,37,0
2025-07-14T04:00,19.2,20.7,18.0,20.0,1.4,4.22,38,0
2025-07-14T05:00,20.2,21.6,107.0,121.0,1.83,3.34,17,0
2025-07-14T06:00,22.3,24.1,263.0,268.0,1.84,4.17,0,0
2025-07-14T07:00,24.7,25.9,424.0,432.0,1.28,6.68,45,0
2025-07-14T08:00,26.8,27.3,547.0,589.0,1.67,7.99,6,0
2025-07-14T09:00,29.6,28.3,716.0,708.0,5.39,8.57,13,29
2025-07-14T10:00,30.2,29.0,803.0,753.0,8.45,9.05,100,75
2025-07-14T11:00,30.9,28.9,748.0,719.0,8.64,8.28,100,100
2025-07-14T12:00,31.9,29.8,787.0,714.0,8.23,9.62,100,100
2025-07-14T13:00,32.2,29.2,615.0,695.0,7.0,10.24,93,99
2025-07-14T14:00,31.3,28.1,491.0,545.0,10.49,10.92,100,100
2025-07-14T15:00,30.4,27.1,421.0,405.0,10.02,11.22,100,100
2025-07-14T16:00,27.1,25.2,356.0,217.0,13.56,11.42,100,100
2025-07-14T17:00,25.0,23.9,198.0,78.0,11.87,11.06,100,100
2025-07-14T18:00,24.8,23.5,62.0,40.0,12.17,10.46,100,100
2025-07-14T19:00,24.4,22.7,9.0,8.0,10.49,9.6,100,100
2025-07-14T20:00,23.7,22.2,0.0,0.0,11.49,9.92,100,87
2025-07-14T21:00,22.5,21.7,0.0,0.0,13.27,8.82,100,93
2025-07-14T22:00,21.6,21.4,0.0,0.0,13.16,7.79,100,67
2025-07-14T23:00,21.5,21.1,0.0,0.0,11.55,7.44,100,82
2025-07-15T00:00,21.3,20.5,0.0,0.0,10.74,7.1,97,11
2025-07-15T01:00,20.8,20.2,0.0,0.0,9.94,6.76,86,21
2025-07-15T02:00,20.4,19.9,0.0,0.0,9.08,7.01,85,21
2025-07-15T03:00,20.0,19.8,0.0,0.0,9.36,7.3,67,0
2025-07-15T04:00,19.7,19.9,17.0,19.0,7.13,7.82,49,0
2025-07-15T05:00,20.5,20.7,114.0,116.0,7.53,5.86,31,0
2025-07-15T06:00,21.7,22.0,262.0,265.0,6.82,5.09,0,6
2025-07-15T07:00,23.2,23.5,426.0,427.0,6.84,5.17,13,8
2025-07-15T08:00,24.7,24.9,579.0,577.0,6.37,5.7,5,33
2025-07-15T09:00,26.1,26.1,648.0,700.0,6.66,5.04,0,27
2025-07-15T10:00,27.4,27.0,677.0,786.0,6.44,3.67,0,28
2025-07-15T11:00,28.7,28.0,697.0,697.0,4.87,5.43,98,100
2025-07-15T12:00,29.2,29.2,670.0,680.0,4.81,4.95,68,100
2025-07-15T13:00,29.7,29.6,594.0,547.0,5.83,5.39,90,100
2025-07-15T14:00,30.4,28.8,625.0,331.0,5.73,7.68,61,100
2025-07-15T15:00,30.3,27.7,417.0,364.0,8.49,6.72,74,100
2025-07-15T16:00,28.8,25.8,295.0,180.0,11.08,9.15,88,100
2025-07-15T17:00,27.3,24.5,167.0,153.0,11.38,8.73,95,97
2025-07-15T18:00,24.8,24.7,80.0,87.0,10.84,5.3,99,100
2025-07-15T19:00,24.0,23.2,17.0,16.0,10.1,12.11,100,93
2025-07-15T20:00,22.2,22.4,0.0,0.0,10.8,12.62,100,100
2025-07-15T21:00,21.9,22.1,0.0,0.0,6.6,9.61,100,100
2025-07-15T22:00,20.9,21.6,0.0,0.0,5.66,8.07,100,100
2025-07-15T23:00,20.9,21.0,0.0,0.0,7.2,7.1,100,100
2025-07-16T00:00,20.3,21.1,0.0,0.0,7.79,5.08,100,100
2025-07-16T01:00,19.7,20.8,0.0,0.0,7.44,5.61,68,100
2025-07-16T02:00,19.2,20.7,0.0,0.0,6.78,7.1,90,100
2025-07-16T03:00,19.2,20.3,0.0,0.0,6.96,7.5,100,100
2025-07-16T04:00,19.0,20.1,12.0,14.0,6.27,8.16,100,100
2025-07-16T05:00,19.1,20.3,53.0,54.0,6.89,6.73,100,100
2025-07-16T06:00,20.3,19.3,199.0,41.0,6.3,6.32,100,100
2025-07-16T07:00,21.6,18.6,307.0,58.0,7.1,5.53,100,100
2025-07-16T08:00,22.7,18.9,379.0,111.0,6.68,5.55,100,100
2025-07-16T09:00,23.6,20.5,547.0,304.0,7.12,4.09,100,100
2025-07-16T10:00,22.7,22.4,270.0,508.0,5.8,4.71,100,100
2025-07-16T11:00,23.9,22.7,449.0,354.0,4.62,5.51,78,100
2025-07-16T12:00,25.9,22.8,783.0,330.0,10.39,6.54,70,100
2025-07-16T13:00,26.3,21.4,583.0,202.0,10.91,7.04,93,94
2025-07-16T14:00,25.5,19.2,385.0,231.0,12.23,5.55,100,99
2025-07-16T15:00,25.1,19.3,292.0,250.0,11.13,3.91,88,100
2025-07-16T16:00,24.0,18.1,170.0,108.0,8.62,1.0,100,86
2025-07-16T17:00,23.5,18.5,132.0,113.0,8.72,4.41,82,100
2025-07-16T18:00,22.5,18.9,44.0,49.0,7.6,8.25,100,100
2025-07-16T19:00,21.1,18.4,10.0,12.0,9.04,10.19,89,100
2025-07-16T20:00,18.5,17.9,0.0,0.0,10.45,10.3,100,100
2025-07-16T21:00,18.7,17.5,0.0,0.0,8.92,10.29,100,100
2025-07-16T22:00,18.0,17.3,0.0,0.0,7.25,10.78,100,100
2025-07-16T23:00,17.4,17.0,0.0,0.0,8.33,10.29,100,100
2025-07-17T00:00,16.5,16.9,0.0,0.0,9.86,10.41,100,100
2025-07-17T01:00,16.3,16.6,0.0,0.0,8.75,9.86,100,100
2025-07-17T02:00,16.0,16.4,0.0,0.0,12.14,9.28,100,85
2025-07-17T03:00,15.4,16.1,0.0,0.0,11.41,8.33,83,98
2025-07-17T04:00,15.5,16.1,14.0,16.0,10.71,8.25,100,100
2025-07-17T05:00,16.0,16.6,66.0,56.0,9.66,7.21,100,100
2025-07-17T06:00,16.3,16.4,140.0,136.0,9.39,8.96,100,96
2025-07-17T07:00,16.9,17.2,188.0,233.0,8.71,9.33,100,97
2025-07-17T08:00,18.1,18.3,412.0,360.0,10.12,8.5,100,79
2025-07-17T09:00,18.8,19.7,557.0,532.0,10.1,7.68,100,69
2025-07-17T10:00,19.2,21.0,521.0,610.0,9.42,8.11,81,70
2025-07-17T11:00,20.3,21.7,530.0,575.0,8.46,8.83,64,100
2025-07-17T12:00,20.7,21.3,663.0,673.0,10.39,8.27,100,85
2025-07-17T13:00,21.3,22.0,538.0,564.0,8.81,7.98,49,100
2025-07-17T14:00,22.2,22.5,549.0,443.0,8.47,8.54,53,88
2025-07-17T15:00,22.4,22.5,442.0,323.0,8.46,8.82,100,96
2025-07-17T16:00,22.0,22.5,280.0,249.0,8.92,8.32,100,99
2025-07-17T17:00,21.0,22.2,104.0,144.0,7.63,6.56,97,99
2025-07-17T18:00,20.4,20.3,106.0,84.0,8.86,6.05,100,35
2025-07-17T19:00,19.5,19.6,16.0,15.0,8.65,6.01,100,82
2025-07-17T20:00,18.9,18.7,0.0,0.0,7.93,4.03,100,100
2025-07-17T21:00,18.3,18.3,0.0,0.0,8.25,4.14,95,97
2025-07-17T22:00,17.7,18.0,0.0,0.0,6.44,3.97,100,98
2025-07-17T23:00,17.5,17.7,0.0,0.0,7.45,3.42,100,100
2025-07-18T00:00,17.5,18.0,0.0,0.0,6.79,5.7,100,87
2025-07-18T01:00,17.1,17.3,0.0,0.0,4.86,6.95,100,99
2025-07-18T02:00,16.9,17.1,0.0,0.0,4.09,5.77,100,96
2025-07-18T03:00,17.0,17.3,0.0,0.0,6.77,6.58,100,93
2025-07-18T04:00,16.9,17.3,5.0,9.0,8.67,7.33,100,87
2025-07-18T05:00,17.1,17.6,26.0,27.0,9.77,8.75,86,100
2025-07-18T06:00,17.5,18.5,109.0,201.0,9.47,8.22,100,83
2025-07-18T07:00,17.5,18.8,123.0,254.0,8.7,7.04,100,89
2025-07-18T08:00,18.5,18.7,291.0,129.0,8.2,9.36,93,100
2025-07-18T09:00,18.9,18.6,156.0,109.0,8.06,8.32,100,99
2025-07-18T10:00,19.0,20.1,204.0,312.0,6.79,8.11,96,98
2025-07-18T11:00,19.2,19.6,276.0,231.0,6.65,8.89,99,99
2025-07-18T12:00,22.2,23.0,395.0,624.0,7.25,7.54,93,74
2025-07-18T13:00,19.3,23.2,214.0,546.0,3.0,7.51,82,83
2025-07-18T14:00,19.3,23.0,176.0,495.0,3.93,7.53,100,91
2025-07-18T15:00,19.9,23.4,116.0,455.0,4.64,7.1,97,55
2025-07-18T16:00,21.2,22.5,168.0,329.0,2.89,5.92,85,56
2025-07-18T17:00,21.5,22.2,133.0,234.0,3.4,5.83,97,34
2025-07-18T18:00,21.2,21.8,93.0,114.0,2.15,3.98,57,45
2025-07-18T19:00,20.8,20.9,15.0,15.0,2.11,3.66,87,23
2025-07-18T20:00,20.3,20.0,0.0,0.0,1.18,3.55,53,4
2025-07-18T21:00,19.3,19.0,0.0,0.0,3.17,3.54,53,15
2025-07-18T22:00,19.0,18.3,0.0,0.0,2.6,3.92,95,8
2025-07-18T23:00,18.7,17.8,0.0,0.0,2.2,4.44,67,27
2025-07-19T00:00,18.3,17.4,0.0,0.0,1.58,3.04,36,16
2025-07-19T01:00,17.7,17.0,0.0,0.0,1.2,2.85,67,37
2025-07-19T02:00,17.4,16.7,0.0,0.0,1.39,3.38,18,14
2025-07-19T03:00,17.3,16.5,0.0,0.0,1.02,3.45,0,0
2025-07-19T04:00,17.1,16.4,15.0,15.0,1.77,2.17,16,5
2025-07-19T05:00,17.7,17.1,107.0,111.0,1.43,1.1,5,0
2025-07-19T06:00,18.8,19.1,247.0,257.0,0.79,0.69,32,0
2025-07-19T07:00,20.8,20.9,413.0,420.0,0.55,0.6,6,0
2025-07-19T08:00,22.4,22.4,568.0,572.0,1.06,1.29,0,16
2025-07-19T09:00,23.7,23.7,714.0,646.0,1.43,1.27,15,40
2025-07-19T10:00,25.0,24.8,770.0,686.0,1.11,1.33,86,48
2025-07-19T11:00,25.8,25.8,694.0,687.0,1.93,1.02,80,63
2025-07-19T12:00,26.4,26.5,712.0,639.0,1.96,0.69,0,62
2025-07-19T13:00,27.6,27.3,725.0,716.0,1.1,1.06,81,37
2025-07-19T14:00,28.4,27.7,546.0,684.0,0.9,1.62,49,32
2025-07-19T15:00,28.5,27.7,536.0,534.0,2.39,1.53,0,58
2025-07-19T16:00,28.3,27.4,423.0,380.0,3.26,2.65,10,33
2025-07-19T17:00,28.1,26.9,273.0,244.0,2.5,2.55,0,31
2025-07-19T18:00,26.8,25.9,120.0,97.0,4.51,4.06,0,44
2025-07-19T19:00,25.5,24.5,16.0,14.0,5.09,4.16,0,34
2025-07-19T20:00,24.0,23.2,0.0,0.0,5.08,3.97,0,31
2025-07-19T21:00,23.0,22.4,0.0,0.0,2.77,3.04,24,50
2025-07-19T22:00,22.6,21.5,0.0,0.0,1.75,2.08,56,50
2025-07-19T23:00,22.3,20.4,0.0,0.0,0.98,0.39,64,92
2025-07-20T00:00,22.0,19.7,0.0,0.0,1.23,0.84,86,38
2025-07-20T01:00,22.0,19.1,0.0,0.0,1.62,0.98,100,7
2025-07-20T02:00,21.5,18.6,0.0,0.0,1.28,1.32,100,0
2025-07-20T03:00,20.7,18.1,0.0,0.0,4.35,1.97,76,0
2025-07-20T04:00,20.8,18.2,14.0,15.0,4.43,2.86,90,5
2025-07-20T05:00,21.4,19.9,99.0,109.0,4.37,5.33,41,12
2025-07-20T06:00,22.5,21.8,252.0,257.0,3.05,3.97,71,23
2025-07-20T07:00,24.2,23.7,414.0,417.0,2.21,2.52,100,100
2025-07-20T08:00,25.8,25.1,548.0,571.0,1.67,2.98,95,27
2025-07-20T09:00,27.3,26.3,686.0,646.0,1.18,2.28,100,57
2025-07-20T10:00,28.6,27.3,720.0,663.0,1.57,2.24,100,100
2025-07-20T11:00,29.7,28.2,684.0,677.0,1.4,1.88,66,82
2025-07-20T12:00,31.4,29.1,848.0,676.0,1.27,2.37,29,40
2025-07-20T13:00,31.6,29.9,613.0,757.0,3.14,1.77,94,54
2025-07-20T14:00,31.4,30.4,463.0,651.0,2.88,1.01,45,77
2025-07-20T15:00,31.9,30.5,529.0,516.0,4.7,0.78,76,81
2025-07-20T16:00,31.8,30.3,422.0,406.0,5.85,1.12,100,91
2025-07-20T17:00,31.1,29.5,231.0,235.0,5.31,2.76,100,83
2025-07-20T18:00,30.2,27.3,101.0,96.0,5.75,6.11,100,100
2025-07-20T19:00,28.6,25.8,15.0,13.0,6.64,6.18,100,100
2025-07-20T20:00,27.3,24.5,0.0,0.0,7.26,5.83,41,100
2025-07-20T21:00,26.1,23.6,0.0,0.0,4.84,5.68,100,100
2025-07-20T22:00,25.4,22.9,0.0,0.0,4.17,5.61,100,100
2025-07-20T23:00,24.6,22.6,0.0,0.0,4.06,5.17,100,97
2025-07-21T00:00,23.5,22.3,0.0,0.0,3.19,5.54,22,62
2025-07-21T01:00,23.0,21.8,0.0,0.0,3.67,5.83,31,9
2025-07-21T02:00,22.5,21.4,0.0,0.0,5.1,5.71,70,62
2025-07-21T03:00,22.3,21.0,0.0,0.0,4.51,5.68,0,98
2025-07-21T04:00,21.4,20.6,13.0,13.0,4.08,6.28,11,32
2025-07-21T05:00,21.6,21.0,101.0,103.0,1.67,5.57,0,51
2025-07-21T06:00,22.3,22.2,242.0,247.0,1.85,4.1,17,11
2025-07-21T07:00,23.7,23.6,409.0,406.0,2.46,3.61,0,19
2025-07-21T08:00,25.5,25.3,568.0,512.0,3.12,4.47,0,24
2025-07-21T09:00,27.4,27.8,697.0,681.0,1.1,4.99,0,5
2025-07-21T10:00,29.4,30.0,790.0,785.0,0.66,5.13,0,6
2025-07-21T11:00,31.0,31.9,850.0,822.0,0.5,3.54,0,100
2025-07-21T12:00,30.9,22.7,676.0,324.0,3.33,18.13,71,100
2025-07-21T13:00,28.8,22.5,679.0,329.0,10.03,18.18,100,100
2025-07-21T14:00,24.1,22.1,396.0,251.0,14.17,16.27,39,100
2025-07-21T15:00,22.2,21.8,85.0,187.0,15.24,14.72,100,100
2025-07-21T16:00,21.1,21.6,64.0,157.0,16.52,12.24,100,100
2025-07-21T17:00,19.5,21.0,36.0,80.0,16.3,11.1,100,100
2025-07-21T18:00,19.2,20.9,8.0,36.0,11.13,11.79,100,100
2025-07-21T19:00,19.1,20.3,4.0,9.0,10.03,10.88,100,100
2025-07-21T20:00,19.1,19.9,0.0,0.0,8.41,9.11,96,100
2025-07-21T21:00,19.5,19.4,0.0,0.0,7.8,7.82,85,67
2025-07-21T22:00,19.1,18.9,0.0,0.0,6.58,6.56,71,0
2025-07-21T23:00,18.7,18.7,0.0,0.0,7.45,6.99,72,0
2025-07-22T00:00,18.4,18.5,0.0,0.0,9.51,6.91,0,0
2025-07-22T01:00,18.3,18.2,0.0,0.0,9.13,5.73,0,0
2025-07-22T02:00,18.4,18.1,0.0,0.0,7.32,5.35,6,0
2025-07-22T03:00,18.3,18.0,0.0,0.0,6.11,4.68,0,0
2025-07-22T04:00,18.4,18.1,13.0,14.0,6.97,4.14,0,0
2025-07-22T05:00,18.8,18.9,94.0,102.0,4.74,3.95,69,60
2025-07-22T06:00,19.9,21.3,189.0,257.0,4.77,6.86,69,0
2025-07-22T07:00,21.6,23.0,297.0,421.0,5.42,10.51,89,16
2025-07-22T08:00,22.5,23.7,314.0,533.0,6.46,10.5,94,95
2025-07-22T09:00,24.2,23.8,585.0,419.0,10.47,10.45,39,92
2025-07-22T10:00,25.8,25.5,763.0,613.0,10.89,10.88,82,43
2025-07-22T11:00,26.9,26.5,713.0,807.0,10.34,11.92,79,79
2025-07-22T12:00,27.1,26.9,769.0,663.0,10.84,10.84,46,66
2025-07-22T13:00,27.9,27.5,757.0,721.0,12.02,10.48,42,38
2025-07-22T14:00,27.9,27.6,701.0,625.0,11.9,10.86,25,34
2025-07-22T15:00,27.4,27.1,554.0,538.0,10.89,11.38,34,57
2025-07-22T16:00,26.8,26.5,421.0,360.0,10.4,10.73,65,54
2025-07-22T17:00,25.9,25.4,247.0,213.0,9.76,10.0,25,72
2025-07-22T18:00,24.7,24.2,98.0,110.0,9.54,10.32,56,41
2025-07-22T19:00,23.5,22.9,11.0,13.0,9.45,10.37,62,66
2025-07-22T20:00,22.8,22.1,0.0,0.0,9.38,9.7,58,74
2025-07-22T21:00,21.1,21.5,0.0,0.0,11.39,9.65,65,62
2025-07-22T22:00,20.5,20.9,0.0,0.0,9.65,10.76,63,34
2025-07-22T23:00,20.1,20.3,0.0,0.0,9.46,10.75,81,0
2025-07-23T00:00,20.1,19.9,0.0,0.0,7.31,8.59,69,7
2025-07-23T01:00,19.7,19.5,0.0,0.0,5.04,9.27,83,0
2025-07-23T02:00,19.4,19.2,0.0,0.0,5.14,8.86,58,0
2025-07-23T03:00,18.7,19.0,0.0,0.0,6.43,7.66,78,0
2025-07-23T04:00,18.6,18.8,11.0,13.0,5.09,5.3,40,0
2025-07-23T05:00,19.1,19.3,93.0,106.0,4.11,3.38,71,0
2025-07-23T06:00,20.2,20.5,123.0,200.0,4.7,2.95,93,58
2025-07-23T07:00,21.0,21.7,148.0,293.0,4.99,3.01,100,61
2025-07-23T08:00,22.2,23.1,263.0,432.0,3.72,2.98,74,74
2025-07-23T09:00,23.2,24.3,314.0,538.0,3.14,2.72,100,67
2025-07-23T10:00,24.3,25.4,404.0,607.0,2.98,2.45,85,80
2025-07-23T11:00,24.6,26.0,345.0,592.0,2.88,2.0,95,72
2025-07-23T12:00,25.9,27.2,412.0,647.0,1.24,1.64,100,89
2025-07-23T13:00,25.9,27.7,313.0,575.0,2.18,1.52,95,67
2025-07-23T14:00,26.5,28.0,452.0,541.0,2.07,0.35,66,60
2025-07-23T15:00,27.2,28.0,428.0,447.0,0.9,0.66,94,86
2025-07-23T16:00,27.0,27.8,311.0,335.0,1.5,1.77,58,95
2025-07-23T17:00,27.1,27.3,242.0,201.0,1.36,2.14,30,100
2025-07-23T18:00,26.6,26.6,98.0,87.0,2.94,2.86,49,96
2025-07-23T19:00,26.0,25.1,12.0,11.0,2.18,2.95,57,100
2025-07-23T20:00,25.4,24.3,0.0,0.0,1.86,2.55,80,100
2025-07-23T21:00,24.9,23.7,0.0,0.0,2.56,2.37,100,100
2025-07-23T22:00,24.3,22.9,0.0,0.0,3.97,1.81,100,69
2025-07-23T23:00,23.6,22.4,0.0,0.0,6.33,2.76,100,83
2025-07-24T00:00,22.4,20.8,0.0,0.0,4.62,2.33,100,100
2025-07-24T01:00,22.0,20.2,0.0,0.0,4.22,2.84,100,100
2025-07-24T02:00,19.5,20.0,0.0,0.0,5.06,1.18,100,100
2025-07-24T03:00,21.4,19.5,0.0,0.0,3.71,3.4,100,100
2025-07-24T04:00,20.4,19.3,4.0,6.0,3.14,3.11,99,96
2025-07-24T05:00,21.1,19.6,40.0,63.0,1.88,2.81,99,100
2025-07-24T06:00,21.8,19.5,109.0,112.0,1.55,0.29,90,100
2025-07-24T07:00,22.3,20.8,294.0,302.0,1.61,0.28,100,85
2025-07-24T08:00,23.2,21.8,362.0,395.0,2.81,0.62,77,100
2025-07-24T09:00,23.9,23.2,347.0,468.0,2.43,1.06,92,94
2025-07-24T10:00,24.9,24.7,430.0,577.0,2.67,1.33,100,100
2025-07-24T11:00,26.2,26.2,729.0,618.0,3.42,2.18,94,100
2025-07-24T12:00,26.3,24.5,759.0,368.0,3.37,2.1,94,100
2025-07-24T13:00,26.5,24.8,426.0,325.0,5.33,2.1,100,100
2025-07-24T14:00,26.1,24.8,209.0,240.0,5.77,2.16,100,100
2025-07-24T15:00,21.4,24.5,82.0,229.0,4.39,2.43,100,100
2025-07-24T16:00,21.6,24.2,58.0,158.0,4.0,2.52,100,100
2025-07-24T17:00,20.5,22.9,12.0,82.0,7.28,3.68,100,100
2025-07-24T18:00,19.6,21.8,13.0,24.0,7.02,2.98,100,100
2025-07-24T19:00,19.6,21.2,2.0,3.0,5.75,2.37,100,100
2025-07-24T20:00,19.6,20.9,0.0,0.0,6.72,5.48,84,100
2025-07-24T21:00,18.9,19.5,0.0,0.0,4.25,6.7,33,96
2025-07-24T22:00,18.9,19.3,0.0,0.0,5.44,6.66,0,100
2025-07-24T23:00,18.8,19.3,0.0,0.0,7.5,7.27,0,100
2025-07-25T00:00,18.3,19.3,0.0,0.0,6.12,10.54,60,61
2025-07-25T01:00,18.1,19.0,0.0,0.0,4.39,9.34,0,35
2025-07-25T02:00,17.8,18.9,0.0,0.0,5.76,7.67,96,11
2025-07-25T03:00,18.2,18.7,0.0,0.0,6.67,8.27,44,34
2025-07-25T04:00,17.9,18.8,10.0,10.0,7.01,7.42,39,86
2025-07-25T05:00,18.4,19.5,95.0,91.0,6.1,6.63,98,64
2025-07-25T06:00,19.4,19.9,224.0,240.0,5.04,6.51,100,54
2025-07-25T07:00,20.7,21.6,376.0,398.0,4.3,6.58,100,81
2025-07-25T08:00,21.9,22.9,536.0,551.0,4.23,5.52,100,100
2025-07-25T09:00,23.5,24.1,639.0,657.0,2.85,4.7,96,60
2025-07-25T10:00,24.6,25.0,693.0,725.0,2.16,4.02,100,100
2025-07-25T11:00,25.5,25.6,729.0,649.0,2.15,3.15,97,98
2025-07-25T12:00,25.8,26.1,514.0,665.0,2.19,2.58,100,99
2025-07-25T13:00,26.5,26.7,510.0,660.0,1.4,1.71,100,100
2025-07-25T14:00,26.8,26.8,429.0,451.0,0.98,1.47,100,100
2025-07-25T15:00,26.8,26.4,350.0,204.0,1.4,1.1,100,98
2025-07-25T16:00,26.5,26.3,169.0,217.0,1.61,0.79,100,79
2025-07-25T17:00,26.1,26.2,72.0,212.0,2.36,0.69,100,38
2025-07-25T18:00,23.3,25.8,17.0,30.0,5.9,0.69,100,100
2025-07-25T19:00,22.5,24.8,3.0,6.0,3.64,1.46,100,90
2025-07-25T20:00,22.3,23.8,0.0,0.0,4.06,1.62,100,97
2025-07-25T21:00,21.0,23.1,0.0,0.0,3.34,1.41,100,92
2025-07-25T22:00,21.1,22.5,0.0,0.0,5.57,2.02,100,100
2025-07-25T23:00,21.2,22.0,0.0,0.0,6.83,1.43,93,99
2025-07-26T00:00,20.4,20.3,0.0,0.0,6.84,2.64,100,100
2025-07-26T01:00,20.2,20.0,0.0,0.0,7.72,0.62,78,100
2025-07-26T02:00,20.0,19.1,0.0,0.0,6.91,4.61,100,100
2025-07-26T03:00,19.7,18.8,0.0,0.0,6.37,2.3,87,100
2025-07-26T04:00,19.4,18.9,9.0,3.0,6.54,0.9,100,100
2025-07-26T05:00,19.8,19.1,43.0,32.0,5.83,0.92,100,100
2025-07-26T06:00,20.0,20.2,57.0,35.0,4.09,3.83,100,100
2025-07-26T07:00,20.1,20.1,78.0,62.0,4.52,2.55,100,100
2025-07-26T08:00,20.2,20.4,104.0,132.0,4.24,3.23,100,100
2025-07-26T09:00,20.9,21.2,239.0,247.0,2.29,2.56,100,100
2025-07-26T10:00,22.2,21.6,403.0,237.0,1.28,2.95,100,100
2025-07-26T11:00,23.4,22.5,463.0,351.0,2.35,2.67,100,100
2025-07-26T12:00,22.7,21.9,456.0,327.0,2.66,2.85,100,100
2025-07-26T13:00,23.2,22.6,382.0,356.0,2.35,2.21,100,100
2025-07-26T14:00,23.6,22.9,361.0,244.0,2.48,1.97,100,100
2025-07-26T15:00,23.2,23.0,291.0,196.0,3.93,2.74,100,100
2025-07-26T16:00,23.2,23.0,243.0,174.0,3.81,2.95,100,100
2025-07-26T17:00,22.8,22.9,106.0,116.0,4.73,2.59,100,100
2025-07-26T18:00,22.2,22.1,45.0,56.0,3.34,3.14,100,100
2025-07-26T19:00,21.4,21.4,6.0,6.0,5.06,3.15,100,100
2025-07-26T20:00,21.1,20.7,0.0,0.0,5.61,3.47,100,100
2025-07-26T21:00,20.6,20.4,0.0,0.0,5.9,5.31,100,82
2025-07-26T22:00,20.6,20.1,0.0,0.0,6.79,5.07,100,100
2025-07-26T23:00,19.8,20.0,0.0,0.0,7.86,6.1,100,100
2025-07-27T00:00,19.5,19.6,0.0,0.0,9.17,10.17,100,100
2025-07-27T01:00,19.2,19.4,0.0,0.0,9.72,9.57,100,100
2025-07-27T02:00,19.1,19.1,0.0,0.0,9.53,9.58,100,100
2025-07-27T03:00,19.3,19.0,0.0,0.0,8.41,9.64,100,100
2025-07-27T04:00,19.1,18.9,2.0,3.0,8.68,9.59,100,100
2025-07-27T05:00,19.2,19.0,31.0,25.0,8.61,9.67,100,100
2025-07-27T06:00,19.0,19.0,44.0,75.0,8.61,9.1,100,100
2025-07-27T07:00,19.4,19.3,179.0,126.0,10.17,10.33,100,100
2025-07-27T08:00,19.8,20.0,263.0,208.0,9.55,10.52,100,100
2025-07-27T09:00,20.9,20.1,158.0,217.0,7.34,9.42,99,100
2025-07-27T10:00,21.3,20.5,136.0,251.0,7.98,9.71,100,100
2025-07-27T11:00,21.4,21.2,126.0,284.0,8.54,10.35,100,100
2025-07-27T12:00,22.2,22.5,255.0,356.0,9.96,8.98,100,100
2025-07-27T13:00,22.5,22.6,379.0,331.0,8.94,7.67,100,100
2025-07-27T14:00,22.7,22.5,271.0,259.0,6.58,7.38,100,100
2025-07-27T15:00,22.1,22.9,325.0,317.0,7.35,7.22,100,91
2025-07-27T16:00,21.9,22.7,190.0,211.0,6.66,5.71,100,85
2025-07-27T17:00,22.0,22.2,82.0,170.0,6.93,4.5,100,93
2025-07-27T18:00,21.2,22.0,63.0,72.0,7.41,6.55,100,78
2025-07-27T19:00,20.8,20.7,7.0,6.0,7.65,9.41,100,82
2025-07-27T20:00,20.2,20.2,0.0,0.0,8.4,10.46,62,86
2025-07-27T21:00,19.3,19.9,0.0,0.0,8.37,10.98,22,100
2025-07-27T22:00,18.8,19.4,0.0,0.0,8.22,11.22,0,100
2025-07-27T23:00,18.5,19.2,0.0,0.0,9.34,10.82,0,100
2025-07-28T00:00,18.4,19.0,0.0,0.0,9.94,11.33,0,100
2025-07-28T01:00,18.3,18.7,0.0,0.0,8.97,11.12,36,100
2025-07-28T02:00,18.2,18.5,0.0,0.0,9.72,11.22,100,94
2025-07-28T03:00,17.9,18.2,0.0,0.0,10.01,10.67,100,87
2025-07-28T04:00,17.9,18.1,7.0,6.0,9.27,10.35,100,99
2025-07-28T05:00,18.2,18.3,59.0,45.0,9.72,9.89,92,100
2025-07-28T06:00,18.4,18.7,122.0,137.0,9.36,9.08,99,100
2025-07-28T07:00,19.2,19.3,178.0,237.0,8.46,9.2,100,100
2025-07-28T08:00,20.7,19.9,370.0,353.0,7.67,8.26,100,100
2025-07-28T09:00,21.6,20.6,417.0,434.0,7.29,8.25,100,100
2025-07-28T10:00,23.0,21.0,436.0,543.0,8.49,8.01,98,88
2025-07-28T11:00,23.8,20.9,609.0,474.0,6.96,8.15,91,98
2025-07-28T12:00,22.4,21.8,574.0,499.0,8.46,10.05,100,95
2025-07-28T13:00,22.7,22.7,548.0,588.0,8.78,9.86,84,72
2025-07-28T14:00,23.1,22.6,536.0,532.0,9.9,10.02,100,75
2025-07-28T15:00,23.0,22.1,462.0,427.0,11.67,10.09,84,64
2025-07-28T16:00,21.1,21.1,195.0,298.0,10.24,10.6,100,84
2025-07-28T17:00,20.0,20.0,90.0,171.0,8.98,9.96,100,97
2025-07-28T18:00,19.0,18.8,39.0,71.0,7.58,11.61,100,64
2025-07-28T19:00,18.6,18.2,1.0,8.0,7.54,11.13,100,88
2025-07-28T20:00,18.7,18.0,0.0,0.0,9.32,11.18,100,91
2025-07-28T21:00,18.4,17.9,0.0,0.0,8.43,11.36,100,89
2025-07-28T22:00,18.3,17.7,0.0,0.0,8.83,11.71,92,100
2025-07-28T23:00,17.8,17.4,0.0,0.0,10.2,12.89,91,99
2025-07-29T00:00,17.7,17.1,0.0,0.0,9.17,11.58,100,100
2025-07-29T01:00,17.4,16.8,0.0,0.0,9.43,12.51,100,100
2025-07-29T02:00,17.2,16.5,0.0,0.0,9.74,12.45,100,100
2025-07-29T03:00,16.6,16.1,0.0,0.0,10.09,12.7,100,99
2025-07-29T04:00,16.4,15.9,7.0,1.0,10.08,12.11,91,100
2025-07-29T05:00,16.5,15.9,78.0,15.0,8.68,11.84,100,98
2025-07-29T06:00,17.2,16.7,169.0,82.0,9.25,10.7,100,100
2025-07-29T07:00,18.2,17.4,298.0,187.0,9.11,10.5,100,100
2025-07-29T08:00,19.0,17.7,406.0,253.0,9.15,10.62,100,100
2025-07-29T09:00,19.4,17.7,390.0,205.0,9.3,10.56,100,97
2025-07-29T10:00,20.2,19.3,510.0,421.0,9.24,9.29,100,97
2025-07-29T11:00,20.7,19.9,533.0,396.0,8.06,9.81,100,100
2025-07-29T12:00,20.3,19.9,317.0,392.0,8.62,10.09,100,100
2025-07-29T13:00,21.1,19.9,480.0,351.0,9.19,10.3,100,100
2025-07-29T14:00,21.3,19.6,343.0,390.0,8.47,10.32,100,100
2025-07-29T15:00,21.7,20.3,337.0,337.0,8.72,10.39,100,100
2025-07-29T16:00,20.3,19.9,185.0,266.0,9.2,10.51,100,98
2025-07-29T17:00,20.0,19.7,76.0,180.0,7.44,10.17,100,80
2025-07-29T18:00,19.2,18.9,38.0,81.0,7.75,9.58,99,100
2025-07-29T19:00,18.2,18.1,7.0,8.0,7.75,9.65,100,34
2025-07-29T20:00,17.5,17.6,0.0,0.0,8.42,10.08,100,41
2025-07-29T21:00,17.0,17.5,0.0,0.0,9.38,9.46,46,2
2025-07-29T22:00,16.8,17.1,0.0,0.0,9.94,9.74,31,10
2025-07-29T23:00,16.7,16.9,0.0,0.0,10.78,9.22,0,21
2025-07-30T00:00,16.5,16.6,0.0,0.0,10.07,9.3,21,0
2025-07-30T01:00,16.2,16.5,0.0,0.0,9.18,9.22,0,0
2025-07-30T02:00,15.9,16.3,0.0,0.0,9.97,9.44,0,0
2025-07-30T03:00,15.6,16.2,0.0,0.0,8.61,9.21,0,0
2025-07-30T04:00,15.4,16.1,7.0,7.0,9.2,7.94,0,0
2025-07-30T05:00,15.9,16.7,89.0,91.0,8.23,7.51,0,0
2025-07-30T06:00,17.1,17.9,237.0,238.0,6.23,7.11,4,0
2025-07-30T07:00,18.7,19.5,403.0,404.0,6.34,6.2,0,11
2025-07-30T08:00,20.5,21.0,563.0,566.0,5.39,5.65,0,21
2025-07-30T09:00,21.6,22.0,608.0,678.0,4.96,5.11,100,39
2025-07-30T10:00,22.6,22.7,699.0,695.0,4.57,5.14,100,90
2025-07-30T11:00,23.6,23.2,765.0,733.0,3.45,5.17,92,60
2025-07-30T12:00,24.2,23.9,613.0,711.0,2.36,3.55,75,94
2025-07-30T13:00,25.1,24.6,625.0,741.0,2.82,3.33,74,58
2025-07-30T14:00,25.8,24.8,527.0,627.0,2.76,3.99,54,58
2025-07-30T15:00,24.9,24.2,481.0,435.0,3.8,4.49,87,79
2025-07-30T16:00,23.6,24.0,366.0,292.0,4.44,4.41,90,69
2025-07-30T17:00,23.2,23.4,172.0,192.0,3.07,5.17,88,70
2025-07-30T18:00,22.6,21.9,78.0,88.0,3.42,7.24,43,39
2025-07-30T19:00,22.0,20.4,8.0,7.0,2.2,7.87,97,99
2025-07-30T20:00,18.8,19.2,0.0,0.0,8.22,9.17,100,100
2025-07-30T21:00,18.4,18.5,0.0,0.0,6.23,8.96,100,100
2025-07-30T22:00,17.4,17.8,0.0,0.0,6.57,7.75,73,100
2025-07-30T23:00,17.0,17.5,0.0,0.0,9.59,10.04,100,91
2025-07-31T00:00,17.3,18.1,0.0,0.0,8.48,6.26,100,99
2025-07-31T01:00,17.1,17.9,0.0,0.0,7.81,8.36,71,93
2025-07-31T02:00,16.7,17.5,0.0,0.0,8.28,9.91,37,85
2025-07-31T03:00,16.8,17.2,0.0,0.0,8.7,9.8,80,75
2025-07-31T04:00,16.4,16.9,6.0,2.0,8.37,9.2,35,89
2025-07-31T05:00,16.6,17.0,77.0,65.0,8.23,7.93,13,46
2025-07-31T06:00,17.9,17.6,226.0,205.0,7.62,8.23,36,42
2025-07-31T07:00,19.2,18.7,398.0,390.0,7.0,8.58,24,38
2025-07-31T08:00,20.5,20.3,529.0,556.0,7.56,8.38,79,40
2025-07-31T09:00,21.5,21.3,508.0,682.0,7.73,8.82,53,30
2025-07-31T10:00,22.8,22.4,716.0,752.0,7.52,7.96,38,44
2025-07-31T11:00,23.9,23.2,765.0,718.0,8.15,6.9,18,29
2025-07-31T12:00,25.0,23.0,780.0,608.0,6.9,7.06,34,71
2025-07-31T13:00,25.7,23.8,736.0,663.0,9.54,7.16,47,70
2025-07-31T14:00,25.9,23.8,683.0,567.0,8.49,8.37,0,67
2025-07-31T15:00,25.5,24.1,536.0,515.0,10.49,9.47,30,75
2025-07-31T16:00,22.2,22.8,246.0,363.0,8.73,9.92,91,19
2025-07-31T17:00,21.9,21.8,164.0,203.0,3.55,10.49,53,87
2025-07-31T18:00,21.6,20.7,84.0,82.0,0.69,9.5,43,50
2025-07-31T19:00,21.7,19.9,6.0,6.0,0.1,10.49,73,63
2025-07-31T20:00,21.4,19.3,0.0,0.0,2.19,9.89,65,83
2025-07-31T21:00,19.8,18.8,0.0,0.0,7.25,8.3,84,82
2025-07-31T22:00,19.2,18.4,0.0,0.0,5.49,7.35,69,51
2025-07-31T23:00,18.7,18.1,0.0,0.0,5.3,7.49,55,62
2025-08-01T00:00,18.4,18.5,0.0,0.0,6.96,5.68,72,82
2025-08-01T01:00,18.2,18.5,0.0,0.0,7.45,5.06,12,87
2025-08-01T02:00,18.0,18.4,0.0,0.0,6.58,4.46,33,63
2025-08-01T03:00,18.0,18.1,0.0,0.0,5.99,4.42,36,73
2025-08-01T04:00,18.0,17.7,4.0,5.0,4.63,4.21,46,57
2025-08-01T05:00,18.3,17.8,59.0,76.0,3.53,2.95,73,75
2025-08-01T06:00,19.1,18.3,188.0,77.0,2.57,2.41,100,100
2025-08-01T07:00,20.0,18.6,328.0,90.0,2.07,2.36,100,100
2025-08-01T08:00,22.2,19.6,480.0,213.0,3.11,1.93,100,100
2025-08-01T09:00,23.9,21.2,537.0,422.0,3.38,1.52,58,90
2025-08-01T10:00,25.6,21.9,708.0,401.0,2.65,1.81,100,99
2025-08-01T11:00,26.4,22.9,610.0,425.0,2.02,1.98,100,97
2025-08-01T12:00,26.6,24.5,457.0,376.0,2.84,3.21,100,100
2025-08-01T13:00,26.6,24.9,579.0,367.0,5.8,2.12,100,100
2025-08-01T14:00,22.0,25.1,326.0,318.0,8.06,3.21,100,100
2025-08-01T15:00,22.7,24.5,325.0,281.0,5.46,3.43,100,100
2025-08-01T16:00,23.7,24.4,186.0,233.0,4.68,3.78,100,100
2025-08-01T17:00,21.7,22.9,80.0,88.0,7.28,4.13,100,100
2025-08-01T18:00,20.8,19.9,22.0,17.0,7.15,4.19,100,100
2025-08-01T19:00,20.0,19.6,3.0,3.0,6.01,3.47,100,100
2025-08-01T20:00,19.2,19.4,0.0,0.0,7.8,2.63,100,100
2025-08-01T21:00,18.4,19.2,0.0,0.0,6.01,3.57,100,100
2025-08-01T22:00,18.7,19.1,0.0,0.0,3.89,2.85,100,100
2025-08-01T23:00,18.3,18.8,0.0,0.0,3.63,3.46,100,100
2025-08-02T00:00,17.7,18.0,0.0,0.0,1.12,4.04,0,16
2025-08-02T01:00,17.2,17.5,0.0,0.0,1.25,3.47,41,56
2025-08-02T02:00,16.8,17.2,0.0,0.0,1.36,3.94,0,92
2025-08-02T03:00,17.4,17.0,0.0,0.0,1.47,2.9,46,98
2025-08-02T04:00,17.0,16.6,4.0,5.0,1.15,2.07,47,100
2025-08-02T05:00,17.6,16.6,60.0,68.0,1.71,1.31,43,100
2025-08-02T06:00,17.9,18.1,218.0,210.0,0.4,2.02,62,98
2025-08-02T07:00,19.2,20.0,368.0,351.0,1.53,0.49,71,100
2025-08-02T08:00,20.6,21.3,495.0,359.0,1.69,0.83,100,100
2025-08-02T09:00,22.7,21.6,611.0,293.0,2.01,1.45,88,100
2025-08-02T10:00,24.1,21.5,723.0,265.0,2.56,1.55,100,100
2025-08-02T11:00,24.5,21.0,458.0,240.0,3.46,2.26,100,100
2025-08-02T12:00,24.3,21.2,412.0,237.0,4.78,3.66,99,100
2025-08-02T13:00,24.5,20.6,412.0,170.0,5.01,3.05,100,100
2025-08-02T14:00,25.2,20.5,464.0,158.0,4.7,2.27,88,100
2025-08-02T15:00,25.7,20.4,339.0,179.0,4.65,3.57,92,100
2025-08-02T16:00,25.9,19.4,236.0,100.0,5.79,5.77,100,100
2025-08-02T17:00,25.2,18.4,73.0,52.0,4.35,8.42,100,100
2025-08-02T18:00,19.2,19.0,30.0,15.0,11.48,2.45,100,100
2025-08-02T19:00,17.7,18.1,1.0,1.0,14.61,8.06,100,100
2025-08-02T20:00,17.5,16.7,0.0,0.0,15.29,12.23,100,100
2025-08-02T21:00,17.2,16.2,0.0,0.0,15.09,11.9,100,100
2025-08-02T22:00,16.9,16.4,0.0,0.0,12.27,12.04,100,100
2025-08-02T23:00,16.9,16.3,0.0,0.0,10.39,11.33,100,100
2025-08-03T00:00,17.0,16.4,0.0,0.0,8.97,8.36,100,100
2025-08-03T01:00,17.0,16.4,0.0,0.0,10.82,8.8,100,100
2025-08-03T02:00,16.7,16.4,0.0,0.0,9.63,9.13,100,100
2025-08-03T03:00,16.6,16.4,0.0,0.0,8.94,9.44,94,100
2025-08-03T04:00,16.4,16.4,3.0,2.0,9.3,10.7,100,100
2025-08-03T05:00,16.5,16.5,50.0,33.0,9.94,10.8,100,100
2025-08-03T06:00,16.6,16.8,102.0,83.0,10.52,9.46,100,100
2025-08-03T07:00,17.3,17.8,208.0,236.0,11.05,9.77,100,100
2025-08-03T08:00,17.8,18.9,327.0,380.0,10.55,10.08,100,100
2025-08-03T09:00,20.0,19.7,435.0,426.0,8.81,9.65,94,100
2025-08-03T10:00,20.9,20.3,518.0,462.0,7.59,9.08,84,99
2025-08-03T11:00,22.3,21.5,654.0,515.0,7.81,8.05,89,100
2025-08-03T12:00,23.1,18.9,648.0,284.0,7.6,6.81,67,97
2025-08-03T13:00,23.9,19.4,654.0,287.0,7.31,7.6,100,97
2025-08-03T14:00,23.7,19.7,567.0,264.0,8.12,7.45,100,100
2025-08-03T15:00,22.2,19.9,336.0,226.0,9.08,7.51,100,100
2025-08-03T16:00,21.4,19.4,173.0,147.0,8.09,6.79,100,99
2025-08-03T17:00,21.5,19.1,130.0,86.0,8.27,7.41,100,99
2025-08-03T18:00,20.9,19.1,59.0,66.0,8.91,10.0,100,91
2025-08-03T19:00,19.5,18.3,4.0,4.0,10.09,10.13,100,95
2025-08-03T20:00,18.7,17.8,0.0,0.0,10.32,10.39,98,100
2025-08-03T21:00,18.1,17.6,0.0,0.0,7.59,9.45,60,98
2025-08-03T22:00,17.6,17.3,0.0,0.0,8.86,9.79,39,60
2025-08-03T23:00,17.0,17.0,0.0,0.0,8.7,9.86,12,16
2025-08-04T00:00,16.3,16.4,0.0,0.0,9.13,9.91,0,53
2025-08-04T01:00,15.9,16.2,0.0,0.0,8.41,9.39,0,15
2025-08-04T02:00,15.6,15.9,0.0,0.0,8.82,8.8,0,16
2025-08-04T03:00,15.4,15.5,0.0,0.0,10.0,9.11,0,10
2025-08-04T04:00,15.0,15.4,5.0,4.0,9.72,9.1,0,11
2025-08-04T05:00,15.2,15.5,77.0,79.0,8.94,10.1,0,0
2025-08-04T06:00,16.1,16.7,209.0,214.0,6.86,9.08,0,31
2025-08-04T07:00,17.5,17.9,390.0,382.0,8.12,8.88,88,5
2025-08-04T08:00,19.0,19.4,531.0,541.0,7.24,7.79,8,33
2025-08-04T09:00,20.3,20.2,674.0,608.0,6.75,8.15,11,65
2025-08-04T10:00,21.1,20.7,606.0,586.0,6.09,8.66,17,71
2025-08-04T11:00,21.7,21.4,568.0,644.0,7.1,8.74,93,70
2025-08-04T12:00,21.5,19.2,214.0,339.0,7.99,5.24,100,100
2025-08-04T13:00,21.2,20.4,286.0,381.0,9.87,4.56,100,89
2025-08-04T14:00,21.1,20.6,284.0,260.0,9.28,6.19,100,86
2025-08-04T15:00,20.3,21.5,173.0,238.0,7.44,6.99,97,98
2025-08-04T16:00,19.8,20.5,126.0,91.0,7.73,7.49,96,77
2025-08-04T17:00,19.2,20.1,106.0,159.0,9.66,7.67,94,46
2025-08-04T18:00,17.7,19.5,75.0,39.0,9.03,10.74,0,100
2025-08-04T19:00,17.0,18.4,5.0,2.0,9.52,9.27,0,100
2025-08-04T20:00,16.8,18.0,0.0,0.0,9.56,9.58,0,100
2025-08-04T21:00,16.0,17.6,0.0,0.0,7.84,9.4,39,96
2025-08-04T22:00,16.1,17.4,0.0,0.0,8.02,8.86,52,87
2025-08-04T23:00,16.3,17.2,0.0,0.0,8.56,8.29,0,83
2025-08-05T00:00,16.5,17.5,0.0,0.0,8.84,6.14,8,91
2025-08-05T01:00,16.5,17.4,0.0,0.0,8.74,6.54,0,95
2025-08-05T02:00,16.4,17.3,0.0,0.0,8.98,6.6,8,85
2025-08-05T03:00,15.5,17.2,0.0,0.0,8.08,6.02,0,69
2025-08-05T04:00,15.3,16.9,3.0,3.0,7.58,5.38,0,68
2025-08-05T05:00,15.7,17.2,77.0,47.0,3.57,3.82,0,62
2025-08-05T06:00,17.2,19.0,223.0,171.0,1.27,1.27,0,58
2025-08-05T07:00,18.9,20.4,391.0,321.0,1.08,1.18,0,60
2025-08-05T08:00,21.1,21.8,551.0,498.0,0.49,1.87,2,30
2025-08-05T09:00,22.6,23.6,683.0,629.0,0.84,1.71,3,81
2025-08-05T10:00,24.1,25.1,772.0,601.0,0.6,2.71,10,79
2025-08-05T11:00,25.4,25.7,824.0,587.0,0.79,2.73,16,68
2025-08-05T12:00,26.6,26.8,717.0,735.0,1.88,2.83,84,81
2025-08-05T13:00,27.0,27.6,709.0,627.0,1.85,2.06,44,78
2025-08-05T14:00,27.3,28.4,645.0,554.0,1.58,2.23,69,67
2025-08-05T15:00,27.7,28.9,478.0,465.0,0.88,2.57,69,56
2025-08-05T16:00,28.0,28.6,336.0,327.0,1.77,3.84,43,38
2025-08-05T17:00,27.6,27.6,191.0,206.0,4.9,4.77,100,92
2025-08-05T18:00,26.1,25.8,49.0,43.0,3.33,2.46,99,83
2025-08-05T19:00,24.6,24.5,3.0,2.0,4.63,3.86,37,98
2025-08-05T20:00,23.7,23.8,0.0,0.0,7.25,4.46,88,100
2025-08-05T21:00,23.3,23.6,0.0,0.0,7.97,7.45,100,100
2025-08-05T22:00,22.2,22.1,0.0,0.0,9.16,7.72,100,98
2025-08-05T23:00,20.7,20.2,0.0,0.0,6.32,7.08,100,100
2025-08-06T00:00,20.6,20.0,0.0,0.0,8.41,9.15,85,99
2025-08-06T01:00,19.4,19.0,0.0,0.0,9.71,9.3,28,84
2025-08-06T02:00,18.1,18.0,0.0,0.0,7.49,9.33,36,86
2025-08-06T03:00,17.2,17.4,0.0,0.0,4.57,7.97,32,98
2025-08-06T04:00,16.9,17.0,2.0,1.0,5.92,8.45,94,100
2025-08-06T05:00,17.1,17.0,65.0,27.0,5.66,8.54,14,100
2025-08-06T06:00,17.9,16.8,221.0,91.0,6.04,9.08,0,79
2025-08-06T07:00,19.4,17.3,392.0,144.0,5.55,6.78,0,100
2025-08-06T08:00,20.8,19.1,557.0,285.0,6.47,7.39,83,26
2025-08-06T09:00,22.1,21.0,499.0,591.0,7.14,7.01,65,52
2025-08-06T10:00,23.1,22.1,738.0,654.0,8.18,8.32,89,25
2025-08-06T11:00,23.3,23.2,721.0,731.0,9.33,7.88,24,58
2025-08-06T12:00,24.3,24.3,779.0,823.0,5.35,6.24,0,38
2025-08-06T13:00,24.5,24.5,681.0,772.0,5.31,6.27,0,11
2025-08-06T14:00,24.9,24.6,702.0,697.0,4.68,5.04,44,26
2025-08-06T15:00,24.7,24.6,566.0,554.0,5.13,4.78,3,25
2025-08-06T16:00,24.3,24.2,400.0,396.0,4.29,4.0,0,12
2025-08-06T17:00,23.7,23.5,234.0,228.0,4.32,3.67,0,100
2025-08-06T18:00,22.9,22.4,68.0,80.0,4.51,2.73,100,33
2025-08-06T19:00,21.9,21.3,4.0,4.0,4.04,1.67,100,100
2025-08-06T20:00,20.6,19.9,0.0,0.0,4.02,0.83,100,100
2025-08-06T21:00,19.2,18.5,0.0,0.0,3.82,2.18,100,100
2025-08-06T22:00,18.4,17.6,0.0,0.0,2.35,2.43,100,100
2025-08-06T23:00,17.7,17.0,0.0,0.0,2.51,3.15,44,25
2025-08-07T00:00,17.2,17.2,0.0,0.0,1.24,2.81,95,83
2025-08-07T01:00,16.4,17.0,0.0,0.0,1.73,3.57,0,9
2025-08-07T02:00,15.7,16.0,0.0,0.0,3.06,4.25,0,5
2025-08-07T03:00,15.2,15.0,0.0,0.0,2.88,4.73,0,2
2025-08-07T04:00,14.6,14.7,3.0,3.0,3.76,3.92,0,6
2025-08-07T05:00,14.8,14.9,71.0,74.0,3.26,3.89,0,17
2025-08-07T06:00,16.5,15.9,214.0,219.0,2.29,3.95,0,3
2025-08-07T07:00,18.3,18.1,380.0,387.0,3.55,2.95,0,8
2025-08-07T08:00,20.5,20.5,537.0,550.0,6.41,4.87,7,8
2025-08-07T09:00,22.5,22.6,656.0,687.0,8.11,6.74,31,14
2025-08-07T10:00,24.1,24.0,749.0,786.0,7.78,7.18,100,7
2025-08-07T11:00,25.5,24.9,760.0,838.0,7.75,6.45,0,4
2025-08-07T12:00,26.2,26.2,827.0,826.0,6.93,6.81,0,0
2025-08-07T13:00,27.0,27.0,776.0,775.0,6.47,6.82,22,9
2025-08-07T14:00,27.5,27.4,675.0,669.0,6.53,6.72,27,100
2025-08-07T15:00,26.9,27.4,491.0,534.0,6.31,6.64,77,17
2025-08-07T16:00,26.6,27.1,370.0,379.0,6.2,6.93,89,0
2025-08-07T17:00,26.0,26.3,218.0,213.0,6.41,6.55,0,31
2025-08-07T18:00,24.7,25.0,73.0,71.0,5.66,7.86,0,22
2025-08-07T19:00,23.2,23.2,3.0,2.0,4.95,7.94,0,41
2025-08-07T20:00,22.0,21.9,0.0,0.0,4.32,6.42,0,36
2025-08-07T21:00,20.7,20.9,0.0,0.0,4.12,4.75,14,18
2025-08-07T22:00,20.3,20.2,0.0,0.0,2.6,3.97,14,30
2025-08-07T23:00,19.7,19.5,0.0,0.0,1.93,3.47,30,34
2025-08-08T00:00,19.8,18.5,0.0,0.0,0.92,2.48,77,37
2025-08-08T01:00,19.8,18.0,0.0,0.0,0.6,1.77,59,48
2025-08-08T02:00,19.3,17.4,0.0,0.0,0.49,0.84,38,29
2025-08-08T03:00,18.1,16.8,0.0,0.0,1.18,0.53,38,35
2025-08-08T04:00,18.0,16.4,2.0,2.0,0.75,0.14,12,31
2025-08-08T05:00,18.6,16.9,64.0,60.0,0.49,0.14,19,45
2025-08-08T06:00,19.7,19.5,200.0,175.0,0.35,0.31,0,59
2025-08-08T07:00,21.6,21.8,364.0,317.0,0.59,0.5,0,46
2025-08-08T08:00,23.8,24.2,524.0,490.0,0.93,1.2,0,21
2025-08-08T09:00,25.6,26.4,663.0,657.0,1.18,1.45,0,0
2025-08-08T10:00,27.4,28.2,761.0,755.0,1.59,0.84,0,13
2025-08-08T11:00,29.0,30.1,808.0,790.0,1.19,0.96,7,56
2025-08-08T12:00,30.2,32.2,809.0,799.0,2.14,3.29,0,36
2025-08-08T13:00,32.4,32.5,765.0,733.0,3.23,5.2,0,51
2025-08-08T14:00,32.6,32.6,667.0,628.0,5.22,4.91,27,35
2025-08-08T15:00,32.4,32.6,505.0,526.0,5.0,4.7,46,4
2025-08-08T16:00,31.9,32.1,346.0,390.0,4.27,4.32,52,0
2025-08-08T17:00,31.1,31.1,204.0,222.0,4.09,3.26,28,3
2025-08-08T18:00,30.0,28.7,73.0,54.0,3.63,2.82,11,65
2025-08-08T19:00,28.5,26.5,2.0,2.0,3.73,3.49,19,31
2025-08-08T20:00,26.8,24.1,0.0,0.0,2.08,2.94,14,31
2025-08-08T21:00,25.3,21.8,0.0,0.0,4.54,1.86,25,0
2025-08-08T22:00,24.3,20.5,0.0,0.0,5.02,1.46,18,0
2025-08-08T23:00,23.6,19.6,0.0,0.0,4.13,1.33,0,6
2025-08-09T00:00,23.3,18.8,0.0,0.0,4.84,2.01,0,4
2025-08-09T01:00,22.6,17.8,0.0,0.0,2.77,1.2,8,0
2025-08-09T02:00,21.4,17.3,0.0,0.0,2.68,1.31,5,0
2025-08-09T03:00,20.5,17.2,0.0,0.0,1.33,1.47,0,0
2025-08-09T04:00,20.1,17.1,2.0,2.0,1.33,2.36,0,0
2025-08-09T05:00,20.4,17.8,63.0,63.0,0.96,2.07,0,0
2025-08-09T06:00,22.1,20.4,197.0,196.0,0.44,1.58,0,2
2025-08-09T07:00,23.7,22.6,360.0,352.0,0.66,1.74,0,9
2025-08-09T08:00,25.7,24.6,519.0,508.0,1.14,1.28,0,4
2025-08-09T09:00,27.2,26.6,654.0,642.0,1.27,2.15,0,24
2025-08-09T10:00,29.0,28.4,751.0,739.0,1.74,2.73,0,25
2025-08-09T11:00,30.8,30.1,803.0,789.0,2.16,3.54,0,6
2025-08-09T12:00,32.5,31.8,811.0,801.0,2.08,3.61,0,0
2025-08-09T13:00,33.4,32.6,761.0,752.0,2.98,3.51,0,0
2025-08-09T14:00,33.9,33.0,666.0,658.0,2.98,3.84,0,0
2025-08-09T15:00,33.8,33.2,532.0,527.0,3.4,4.27,0,0
2025-08-09T16:00,33.6,33.1,376.0,373.0,3.64,4.17,28,0
2025-08-09T17:00,33.1,32.0,211.0,209.0,3.88,4.4,47,0
2025-08-09T18:00,32.2,31.0,57.0,64.0,4.19,4.76,100,100
2025-08-09T19:00,31.1,29.3,2.0,2.0,3.93,4.31,100,100
2025-08-09T20:00,29.6,27.8,0.0,0.0,2.0,3.83,100,76
2025-08-09T21:00,28.5,25.8,0.0,0.0,1.28,3.47,100,39
2025-08-09T22:00,27.7,23.6,0.0,0.0,1.93,3.1,0,41
2025-08-09T23:00,26.5,22.2,0.0,0.0,3.33,3.21,0,2
2025-08-10T00:00,25.2,21.7,0.0,0.0,3.37,2.95,0,0
2025-08-10T01:00,24.2,20.9,0.0,0.0,3.25,2.55,0,7
2025-08-10T02:00,23.4,20.1,0.0,0.0,2.21,2.31,0,0
2025-08-10T03:00,22.7,19.3,0.0,0.0,1.77,1.79,0,0
2025-08-10T04:00,22.2,18.6,1.0,2.0,1.57,1.18,0,0
2025-08-10T05:00,22.4,19.1,60.0,63.0,1.08,1.06,0,0
2025-08-10T06:00,24.7,22.7,192.0,198.0,1.98,0.9,7,0
2025-08-10T07:00,26.8,26.5,318.0,357.0,1.83,0.79,58,19
2025-08-10T08:00,30.1,29.3,474.0,500.0,5.52,1.58,4,35
2025-08-10T09:00,30.5,31.6,635.0,602.0,5.83,5.09,0,31
2025-08-10T10:00,31.5,32.1,748.0,712.0,5.36,5.47,0,26
2025-08-10T11:00,32.3,32.7,802.0,770.0,5.13,5.48,0,35
2025-08-10T12:00,33.4,33.3,802.0,768.0,4.67,5.89,0,45
2025-08-10T13:00,34.6,33.7,700.0,727.0,5.98,6.49,97,19
2025-08-10T14:00,33.7,33.3,480.0,611.0,6.18,7.94,49,71
2025-08-10T15:00,32.4,32.0,245.0,331.0,5.22,7.34,73,76
2025-08-10T16:00,31.8,31.0,247.0,266.0,7.27,7.51,43,49
2025-08-10T17:00,30.9,29.6,183.0,167.0,8.19,8.8,71,45
2025-08-10T18:00,29.3,28.2,53.0,54.0,8.72,8.63,30,39
2025-08-10T19:00,27.7,26.5,1.0,1.0,8.12,8.6,40,42
2025-08-10T20:00,26.2,25.0,0.0,0.0,8.43,8.59,60,56
2025-08-10T21:00,24.8,23.6,0.0,0.0,8.04,8.72,63,65
2025-08-10T22:00,23.5,22.2,0.0,0.0,6.48,7.73,50,54
2025-08-10T23:00,22.2,21.2,0.0,0.0,5.85,5.71,41,45
2025-08-11T00:00,21.1,20.5,0.0,0.0,4.92,5.71,52,62
2025-08-11T01:00,20.5,19.9,0.0,0.0,4.74,5.09,41,55
2025-08-11T02:00,19.9,19.4,0.0,0.0,5.38,5.36,30,66
2025-08-11T03:00,19.6,18.6,0.0,0.0,4.96,5.44,0,33
2025-08-11T04:00,19.2,18.0,1.0,1.0,4.82,5.28,16,18
2025-08-11T05:00,19.2,18.3,62.0,62.0,4.21,5.11,0,3
2025-08-11T06:00,19.6,19.5,201.0,200.0,3.58,4.16,0,0
2025-08-11T07:00,20.4,20.7,366.0,370.0,3.77,4.19,0,0
2025-08-11T08:00,21.5,22.0,528.0,535.0,3.53,3.73,0,0
2025-08-11T09:00,22.8,23.3,666.0,674.0,3.78,3.75,0,0
2025-08-11T10:00,24.0,24.5,767.0,774.0,3.51,3.7,0,0
2025-08-11T11:00,25.1,25.7,822.0,828.0,3.51,3.61,0,0
2025-08-11T12:00,25.9,26.3,824.0,830.0,3.49,2.92,0,0
2025-08-11T13:00,26.7,27.0,773.0,780.0,3.55,3.02,0,0
2025-08-11T14:00,27.2,27.2,675.0,681.0,3.54,3.61,0,0
2025-08-11T15:00,27.3,27.1,536.0,542.0,3.83,3.92,0,0
2025-08-11T16:00,27.0,26.7,377.0,379.0,3.89,3.95,0,0
2025-08-11T17:00,26.3,25.9,209.0,209.0,3.98,4.05,0,0
2025-08-11T18:00,25.5,24.8,63.0,64.0,5.14,4.09,0,0
2025-08-11T19:00,24.2,23.1,1.0,1.0,4.7,4.44,0,0
2025-08-11T20:00,22.9,21.7,0.0,0.0,4.74,4.98,0,0
2025-08-11T21:00,22.2,20.6,0.0,0.0,4.39,4.7,0,0
2025-08-11T22:00,21.3,19.7,0.0,0.0,4.35,4.29,15,0
2025-08-11T23:00,20.5,18.9,0.0,0.0,3.78,3.6,40,0
2025-08-12T00:00,20.2,18.0,0.0,0.0,2.97,2.64,40,0
2025-08-12T01:00,19.7,17.3,0.0,0.0,2.61,2.58,21,0
2025-08-12T02:00,19.2,16.6,0.0,0.0,2.37,3.15,52,2
2025-08-12T03:00,18.8,16.2,0.0,0.0,2.37,2.98,83,7
2025-08-12T04:00,18.4,15.8,1.0,1.0,2.85,2.64,63,11
2025-08-12T05:00,18.2,16.1,50.0,58.0,2.42,2.42,44,11
2025-08-12T06:00,18.7,18.4,158.0,180.0,1.81,2.0,55,34
2025-08-12T07:00,19.6,19.9,312.0,336.0,1.71,1.53,40,16
2025-08-12T08:00,21.3,21.6,502.0,508.0,2.07,1.4,0,0
2025-08-12T09:00,23.2,23.6,652.0,656.0,2.67,1.96,0,0
2025-08-12T10:00,25.3,25.5,753.0,757.0,3.5,2.86,0,0
2025-08-12T11:00,27.4,27.2,807.0,809.0,4.61,3.69,0,0
2025-08-12T12:00,28.1,28.5,811.0,801.0,4.37,4.46,0,0
2025-08-12T13:00,28.9,29.3,762.0,757.0,3.92,4.49,0,0
2025-08-12T14:00,29.4,29.7,665.0,662.0,3.67,4.7,0,0
2025-08-12T15:00,30.0,29.7,530.0,527.0,4.92,5.11,0,0
2025-08-12T16:00,29.9,29.4,371.0,367.0,5.31,5.61,0,0
2025-08-12T17:00,29.4,28.8,204.0,201.0,5.74,6.14,0,0
2025-08-12T18:00,28.4,27.2,61.0,59.0,4.9,7.72,0,12
2025-08-12T19:00,26.8,25.5,1.0,1.0,6.33,8.45,0,8
2025-08-12T20:00,25.5,24.2,0.0,0.0,5.27,8.11,0,0
2025-08-12T21:00,24.2,23.1,0.0,0.0,4.41,7.29,0,0
2025-08-12T22:00,23.4,22.3,0.0,0.0,3.56,7.21,0,0
2025-08-12T23:00,22.7,21.7,0.0,0.0,3.21,6.58,0,0
2025-08-13T00:00,21.8,21.1,0.0,0.0,2.61,5.14,0,0
2025-08-13T01:00,21.1,20.6,0.0,0.0,2.31,4.06,0,0
2025-08-13T02:00,20.5,20.0,0.0,0.0,1.98,3.08,0,0
2025-08-13T03:00,20.0,19.3,0.0,0.0,1.67,2.63,0,5
2025-08-13T04:00,19.5,18.8,1.0,1.0,0.98,2.53,0,20
2025-08-13T05:00,19.4,19.1,55.0,53.0,0.93,2.3,0,28
2025-08-13T06:00,20.2,20.9,186.0,184.0,0.69,2.78,0,1
2025-08-13T07:00,21.9,22.9,347.0,344.0,0.9,1.67,0,4
2025-08-13T08:00,24.2,25.1,507.0,505.0,1.59,2.55,0,6
2025-08-13T09:00,26.3,27.4,643.0,642.0,2.94,3.46,0,2
2025-08-13T10:00,29.0,29.8,743.0,742.0,3.56,4.92,0,0
2025-08-13T11:00,31.1,31.6,798.0,800.0,4.32,5.57,0,0
2025-08-13T12:00,33.0,33.0,805.0,795.0,6.08,3.45,0,7
2025-08-13T13:00,33.6,33.7,758.0,751.0,6.03,3.45,0,0
2025-08-13T14:00,33.8,34.0,658.0,657.0,5.74,3.18,0,0
2025-08-13T15:00,33.8,33.8,522.0,522.0,6.08,3.75,0,0
2025-08-13T16:00,33.2,33.2,364.0,363.0,5.82,4.27,0,0
2025-08-13T17:00,32.2,32.2,198.0,197.0,5.97,4.3,0,0
2025-08-13T18:00,31.4,30.3,58.0,56.0,5.47,4.85,0,0
2025-08-13T19:00,29.7,28.2,1.0,1.0,6.7,4.78,0,0
2025-08-13T20:00,28.1,26.8,0.0,0.0,4.77,4.84,0,0
2025-08-13T21:00,26.9,25.9,0.0,0.0,4.64,4.52,0,3
2025-08-13T22:00,26.2,24.8,0.0,0.0,4.22,3.77,0,15
2025-08-13T23:00,25.4,24.2,0.0,0.0,2.6,3.35,0,14
2025-08-14T00:00,23.4,23.1,0.0,0.0,1.8,2.2,0,26
2025-08-14T01:00,22.6,22.7,0.0,0.0,1.25,1.74,0,28
2025-08-14T02:00,22.0,22.0,0.0,0.0,1.4,1.62,0,25
2025-08-14T03:00,21.7,21.4,0.0,0.0,1.18,1.31,0,25
2025-08-14T04:00,21.1,20.8,1.0,1.0,1.33,0.88,0,14
2025-08-14T05:00,21.3,20.7,53.0,53.0,1.36,1.14,0,14
2025-08-14T06:00,22.1,22.2,183.0,184.0,1.96,2.36,0,0
2025-08-14T07:00,24.1,24.6,346.0,346.0,1.25,2.02,0,0
2025-08-14T08:00,26.3,26.9,507.0,508.0,2.16,2.01,0,0
2025-08-14T09:00,28.5,29.0,642.0,647.0,2.85,2.77,0,1
2025-08-14T10:00,30.8,30.8,746.0,749.0,3.34,3.2,0,0
2025-08-14T11:00,32.4,32.3,801.0,803.0,3.95,3.26,0,0
2025-08-14T12:00,33.3,33.3,806.0,787.0,3.8,3.04,0,27
2025-08-14T13:00,33.9,33.7,755.0,720.0,3.51,2.91,0,36
2025-08-14T14:00,34.4,33.9,660.0,614.0,3.64,2.88,0,38
2025-08-14T15:00,34.3,33.8,526.0,502.0,3.33,2.84,0,8
2025-08-14T16:00,34.0,33.4,367.0,361.0,3.02,2.56,0,0
2025-08-14T17:00,33.4,32.6,198.0,196.0,3.07,2.16,0,0
2025-08-14T18:00,32.3,31.2,56.0,55.0,2.86,2.04,0,0
2025-08-14T19:00,31.0,29.4,0.0,0.0,2.75,2.05,0,0
2025-08-14T20:00,29.5,27.5,0.0,0.0,1.08,1.0,0,0
2025-08-14T21:00,28.1,26.2,0.0,0.0,0.57,0.22,0,0
2025-08-14T22:00,26.6,25.0,0.0,0.0,1.85,0.79,0,8
2025-08-14T23:00,26.0,24.0,0.0,0.0,0.75,0.9,0,3
2025-08-15T00:00,24.7,23.9,0.0,0.0,0.6,0.5,0,2
2025-08-15T01:00,24.2,23.4,0.0,0.0,1.1,0.39,0,0
2025-08-15T02:00,23.4,22.8,0.0,0.0,1.39,0.62,0,0
2025-08-15T03:00,22.7,22.2,0.0,0.0,1.52,0.53,0,0
2025-08-15T04:00,22.3,21.6,0.0,1.0,1.28,0.57,0,100
2025-08-15T05:00,22.1,21.6,52.0,54.0,0.98,0.35,0,62
2025-08-15T06:00,23.3,23.3,186.0,188.0,0.93,1.02,0,0
2025-08-15T07:00,24.9,26.1,348.0,350.0,1.01,1.33,0,0
2025-08-15T08:00,27.4,28.3,510.0,510.0,0.97,1.04,0,77
2025-08-15T09:00,29.7,30.4,649.0,645.0,0.88,1.31,0,2
2025-08-15T10:00,31.6,32.3,750.0,748.0,0.93,1.79,0,1
2025-08-15T11:00,33.2,33.7,803.0,796.0,1.28,2.19,0,91
2025-08-15T12:00,34.1,34.3,806.0,802.0,1.73,2.17,0,0
2025-08-15T13:00,34.7,34.7,756.0,752.0,2.42,2.06,0,0
2025-08-15T14:00,35.0,34.8,660.0,652.0,2.35,1.77,0,0
2025-08-15T15:00,34.9,34.7,521.0,507.0,1.81,1.77,0,2
2025-08-15T16:00,34.4,34.2,362.0,353.0,4.35,1.85,9,0
2025-08-15T17:00,33.9,33.5,195.0,189.0,2.67,2.08,0,5
2025-08-15T18:00,33.0,32.1,53.0,51.0,1.62,2.04,0,0
2025-08-15T19:00,31.6,30.7,0.0,0.0,0.75,1.12,0,0
2025-08-15T20:00,30.5,28.3,0.0,0.0,2.11,0.49,0,5
2025-08-15T21:00,28.3,26.2,0.0,0.0,3.17,0.5,0,8
2025-08-15T22:00,27.1,25.1,0.0,0.0,3.04,1.02,0,0
2025-08-15T23:00,26.0,24.2,0.0,0.0,2.87,0.97,0,0
2025-08-16T00:00,24.9,23.2,0.0,0.0,3.97,2.12,0,0
2025-08-16T01:00,24.8,23.2,0.0,0.0,5.25,3.64,0,0
2025-08-16T02:00,24.9,23.3,0.0,0.0,5.37,4.31,0,5
2025-08-16T03:00,24.5,23.7,0.0,0.0,5.96,5.92,0,22
2025-08-16T04:00,24.5,24.5,0.0,0.0,6.14,10.52,34,41
2025-08-16T05:00,24.6,25.4,50.0,46.0,4.91,11.68,23,45
2025-08-16T06:00,25.5,25.9,158.0,173.0,8.94,12.26,83,44
2025-08-16T07:00,26.8,26.5,314.0,303.0,9.38,11.76,45,58
2025-08-16T08:00,28.0,27.3,501.0,408.0,8.61,10.88,100,63
2025-08-16T09:00,29.7,28.1,623.0,498.0,5.08,9.95,4,61
2025-08-16T10:00,30.8,29.2,733.0,603.0,5.6,8.67,12,59
2025-08-16T11:00,32.0,30.2,782.0,675.0,6.45,8.18,16,56
2025-08-16T12:00,32.5,31.3,748.0,714.0,6.44,8.25,45,51
2025-08-16T13:00,32.6,32.0,578.0,675.0,6.38,6.98,72,51
2025-08-16T14:00,32.9,31.8,435.0,537.0,4.37,6.57,76,49
2025-08-16T15:00,33.3,31.5,471.0,402.0,5.38,6.93,44,76
2025-08-16T16:00,32.7,28.4,281.0,212.0,7.12,9.47,45,88
2025-08-16T17:00,28.6,27.8,149.0,144.0,7.45,9.15,100,96
2025-08-16T18:00,27.2,25.9,28.0,43.0,9.65,8.54,100,13
2025-08-16T19:00,25.3,24.5,0.0,0.0,8.27,7.94,100,17
2025-08-16T20:00,24.4,23.2,0.0,0.0,9.2,7.23,100,15
2025-08-16T21:00,23.6,22.4,0.0,0.0,6.93,7.32,100,41
2025-08-16T22:00,23.8,21.9,0.0,0.0,9.07,8.21,100,39
2025-08-16T23:00,22.8,21.4,0.0,0.0,8.74,8.97,99,40
2025-08-17T00:00,22.3,21.1,0.0,0.0,7.72,9.45,97,88
2025-08-17T01:00,21.8,21.0,0.0,0.0,7.89,9.39,99,69
2025-08-17T02:00,21.7,20.9,0.0,0.0,6.58,8.86,84,92
2025-08-17T03:00,21.1,20.8,0.0,0.0,6.97,8.05,100,100
2025-08-17T04:00,21.0,20.7,0.0,0.0,6.89,8.07,100,97
2025-08-17T05:00,21.2,21.0,21.0,29.0,6.25,8.05,100,97
2025-08-17T06:00,21.0,21.1,58.0,81.0,5.48,6.98,97,99
2025-08-17T07:00,21.3,21.9,91.0,206.0,5.62,6.54,89,100
2025-08-17T08:00,22.8,23.0,385.0,323.0,5.49,5.45,83,80
2025-08-17T09:00,23.9,24.3,444.0,471.0,6.29,5.28,57,72
2025-08-17T10:00,24.9,25.7,647.0,582.0,6.33,5.95,100,64
2025-08-17T11:00,25.9,26.6,708.0,657.0,6.49,6.63,100,60
2025-08-17T12:00,25.7,26.8,649.0,607.0,5.99,6.35,48,74
2025-08-17T13:00,27.4,27.1,636.0,589.0,5.88,6.57,75,66
2025-08-17T14:00,27.2,27.2,574.0,469.0,7.23,7.1,72,74
2025-08-17T15:00,27.1,26.9,439.0,373.0,7.34,7.71,31,68
2025-08-17T16:00,26.7,26.3,311.0,267.0,8.43,8.43,42,66
2025-08-17T17:00,25.6,25.2,176.0,152.0,8.56,8.85,10,33
2025-08-17T18:00,24.3,24.0,47.0,40.0,7.67,8.07,0,6
2025-08-17T19:00,23.0,22.6,0.0,0.0,6.98,8.59,5,37
2025-08-17T20:00,22.0,21.8,0.0,0.0,7.34,7.63,41,50
2025-08-17T21:00,21.2,21.0,0.0,0.0,6.47,6.91,57,59
2025-08-17T22:00,20.0,20.1,0.0,0.0,5.68,6.54,12,23
2025-08-17T23:00,19.4,19.2,0.0,0.0,5.13,5.48,43,30
2025-08-18T00:00,19.2,18.0,0.0,0.0,4.88,5.08,40,23
2025-08-18T01:00,18.6,17.3,0.0,0.0,4.73,5.21,0,28
2025-08-18T02:00,17.6,17.0,0.0,0.0,5.06,5.82,0,9
2025-08-18T03:00,17.0,16.7,0.0,0.0,4.93,6.08,0,0
2025-08-18T04:00,16.6,16.3,0.0,0.0,4.79,6.1,0,0
2025-08-18T05:00,16.7,16.7,49.0,50.0,4.41,6.1,0,0
2025-08-18T06:00,17.8,18.3,187.0,183.0,2.75,4.16,0,9
2025-08-18T07:00,19.1,19.7,354.0,353.0,3.28,3.82,0,19
2025-08-18T08:00,20.5,21.0,517.0,513.0,3.16,3.5,0,100
2025-08-18T09:00,22.1,22.3,642.0,613.0,3.33,3.35,90,100
2025-08-18T10:00,23.1,23.2,727.0,627.0,3.64,3.82,99,100
2025-08-18T11:00,23.9,24.1,639.0,638.0,4.42,4.21,99,100
2025-08-18T12:00,24.8,24.6,722.0,608.0,4.04,4.32,94,61
2025-08-18T13:00,25.0,25.3,698.0,662.0,3.82,4.34,100,100
2025-08-18T14:00,25.6,25.5,544.0,621.0,4.7,4.0,98,98
2025-08-18T15:00,25.6,25.5,423.0,474.0,4.21,4.13,100,100
2025-08-18T16:00,25.2,24.9,305.0,296.0,4.47,4.28,71,100
2025-08-18T17:00,24.9,24.2,176.0,157.0,4.46,4.03,100,100
2025-08-18T18:00,24.1,22.6,35.0,40.0,3.15,5.51,100,80
2025-08-18T19:00,22.5,20.9,0.0,0.0,4.37,7.75,23,37
2025-08-18T20:00,21.5,19.8,0.0,0.0,4.35,6.3,100,0
2025-08-18T21:00,20.4,18.9,0.0,0.0,4.27,5.1,100,2
2025-08-18T22:00,19.4,18.2,0.0,0.0,3.46,4.05,0,0
2025-08-18T23:00,18.8,17.7,0.0,0.0,3.57,3.46,0,0
2025-08-19T00:00,18.3,18.2,0.0,0.0,2.4,3.04,0,19
2025-08-19T01:00,17.9,17.7,0.0,0.0,2.66,2.85,0,3
2025-08-19T02:00,17.4,17.3,0.0,0.0,3.04,3.04,0,0
2025-08-19T03:00,17.2,16.8,0.0,0.0,2.26,2.85,0,0
2025-08-19T04:00,16.6,16.4,0.0,0.0,2.36,2.45,0,0
2025-08-19T05:00,16.5,16.4,45.0,46.0,2.29,2.26,0,0
2025-08-19T06:00,17.0,17.5,178.0,180.0,0.93,1.43,0,0
2025-08-19T07:00,17.8,18.7,343.0,344.0,1.28,0.9,0,0
2025-08-19T08:00,19.4,20.3,504.0,507.0,1.11,1.0,0,0
2025-08-19T09:00,21.6,22.2,644.0,645.0,1.39,1.5,0,0
2025-08-19T10:00,23.4,24.0,744.0,745.0,1.52,2.33,0,2
2025-08-19T11:00,24.8,25.4,796.0,796.0,1.4,2.86,0,0
2025-08-19T12:00,25.9,26.1,796.0,797.0,1.36,1.36,0,0
2025-08-19T13:00,26.8,26.8,745.0,745.0,1.55,1.4,0,8
2025-08-19T14:00,27.4,27.2,647.0,645.0,1.49,1.77,0,2
2025-08-19T15:00,27.5,27.2,510.0,506.0,1.73,2.59,0,23
2025-08-19T16:00,27.2,26.8,348.0,340.0,2.64,3.0,0,14
2025-08-19T17:00,26.7,26.2,180.0,177.0,3.11,3.4,0,0
2025-08-19T18:00,26.0,25.0,42.0,41.0,3.92,4.5,0,0
2025-08-19T19:00,24.9,23.5,0.0,0.0,3.53,5.55,0,2
2025-08-19T20:00,23.6,22.2,0.0,0.0,4.18,6.32,4,16
2025-08-19T21:00,22.5,21.2,0.0,0.0,2.91,5.36,0,9
2025-08-19T22:00,21.4,20.4,0.0,0.0,1.87,4.35,0,2
2025-08-19T23:00,20.4,19.8,0.0,0.0,0.4,2.82,0,0
2025-08-20T00:00,19.5,18.7,0.0,0.0,1.1,0.71,0,0
2025-08-20T01:00,19.3,17.8,0.0,0.0,1.73,1.01,0,0
2025-08-20T02:00,19.1,17.4,0.0,0.0,1.73,2.08,0,0
2025-08-20T03:00,18.6,17.3,0.0,0.0,1.8,2.77,0,0
2025-08-20T04:00,18.1,16.8,0.0,0.0,1.53,2.72,0,0
2025-08-20T05:00,17.7,16.8,43.0,44.0,1.93,2.22,0,0
2025-08-20T06:00,18.8,18.5,141.0,178.0,1.59,1.87,90,0
2025-08-20T07:00,20.3,21.0,262.0,343.0,0.62,0.9,100,0
2025-08-20T08:00,22.0,23.3,491.0,508.0,1.24,1.08,0,0
2025-08-20T09:00,24.1,25.4,643.0,645.0,1.55,1.48,0,5
2025-08-20T10:00,26.2,27.1,745.0,743.0,2.84,2.33,0,6
2025-08-20T11:00,27.6,28.3,798.0,793.0,2.97,2.09,0,5
2025-08-20T12:00,28.8,29.2,798.0,790.0,3.0,2.27,0,6
2025-08-20T13:00,29.9,29.9,745.0,729.0,2.59,1.98,11,26
2025-08-20T14:00,30.1,30.2,638.0,611.0,3.08,1.85,32,44
2025-08-20T15:00,29.7,30.0,506.0,459.0,2.67,2.01,57,100
2025-08-20T16:00,30.0,29.4,324.0,243.0,1.04,2.08,100,100
2025-08-20T17:00,29.1,28.6,160.0,96.0,2.5,2.29,100,100
2025-08-20T18:00,28.1,27.6,26.0,22.0,3.73,2.02,100,100
2025-08-20T19:00,27.4,26.2,0.0,0.0,2.11,2.5,100,100
2025-08-20T20:00,25.4,25.1,0.0,0.0,3.02,0.62,100,100
2025-08-20T21:00,23.7,24.4,0.0,0.0,3.47,0.29,100,100
2025-08-20T22:00,23.9,23.8,0.0,0.0,3.2,3.12,100,100
2025-08-20T23:00,23.8,22.0,0.0,0.0,1.61,2.65,100,100
2025-08-21T00:00,23.5,22.1,0.0,0.0,0.93,2.86,100,92
2025-08-21T01:00,22.9,21.1,0.0,0.0,2.15,2.54,100,96
2025-08-21T02:00,22.4,20.0,0.0,0.0,2.86,2.46,100,100
2025-08-21T03:00,21.8,19.4,0.0,0.0,0.4,2.69,100,100
2025-08-21T04:00,21.7,19.3,0.0,0.0,0.66,1.43,100,100
2025-08-21T05:00,21.1,19.3,15.0,18.0,3.24,1.08,100,100
2025-08-21T06:00,21.1,19.7,97.0,68.0,1.93,2.77,100,100
2025-08-21T07:00,21.9,20.2,257.0,142.0,1.63,2.77,100,100
2025-08-21T08:00,23.1,21.2,401.0,264.0,1.59,2.98,100,100
2025-08-21T09:00,22.4,21.8,339.0,250.0,1.74,3.77,100,100
2025-08-21T10:00,23.0,22.8,255.0,232.0,1.47,3.7,100,100
2025-08-21T11:00,23.0,23.3,167.0,216.0,2.14,4.73,100,100
2025-08-21T12:00,20.6,22.2,143.0,139.0,1.57,4.06,100,100
2025-08-21T13:00,20.0,20.7,54.0,98.0,2.53,3.64,100,100
2025-08-21T14:00,20.1,19.9,72.0,54.0,2.25,3.31,100,100
2025-08-21T15:00,19.9,19.5,23.0,40.0,4.65,3.68,100,100
2025-08-21T16:00,19.6,19.1,7.0,28.0,4.96,4.4,100,100
2025-08-21T17:00,19.1,19.0,2.0,10.0,5.23,4.85,100,100
2025-08-21T18:00,19.5,19.0,5.0,10.0,4.09,5.27,100,100
2025-08-21T19:00,19.1,18.7,0.0,0.0,3.89,5.7,100,100
2025-08-21T20:00,18.7,18.3,0.0,0.0,3.98,6.37,100,100
2025-08-21T21:00,17.9,18.0,0.0,0.0,7.11,7.51,100,100
2025-08-21T22:00,17.9,17.8,0.0,0.0,7.46,8.43,100,100
2025-08-21T23:00,18.0,17.5,0.0,0.0,8.83,9.33,100,100
2025-08-22T00:00,17.9,17.9,0.0,0.0,7.16,8.74,100,100
2025-08-22T01:00,17.7,17.7,0.0,0.0,7.18,8.15,100,100
2025-08-22T02:00,17.7,17.7,0.0,0.0,7.56,7.34,100,100
2025-08-22T03:00,18.1,17.9,0.0,0.0,6.58,7.73,100,100
2025-08-22T04:00,18.2,17.9,0.0,0.0,6.09,8.96,100,95
2025-08-22T05:00,18.4,17.6,8.0,25.0,6.94,9.63,97,78
2025-08-22T06:00,18.8,17.7,124.0,16.0,7.51,8.52,95,98
2025-08-22T07:00,19.2,18.1,296.0,131.0,7.79,9.77,42,87
2025-08-22T08:00,19.8,19.2,442.0,317.0,7.55,8.88,69,100
2025-08-22T09:00,20.1,20.9,547.0,493.0,8.63,8.47,52,73
2025-08-22T10:00,22.1,22.4,710.0,642.0,8.04,8.76,100,59
2025-08-22T11:00,23.4,23.1,756.0,693.0,8.52,9.6,41,64
2025-08-22T12:00,24.0,23.4,748.0,647.0,8.73,9.9,25,62
2025-08-22T13:00,24.5,23.8,582.0,640.0,7.43,9.27,99,65
2025-08-22T14:00,23.8,23.8,416.0,514.0,8.21,8.78,57,36
2025-08-22T15:00,23.2,23.8,391.0,461.0,6.91,9.02,51,52
2025-08-22T16:00,23.0,23.3,251.0,287.0,6.61,8.42,54,48
2025-08-22T17:00,22.5,22.4,151.0,152.0,5.2,7.45,11,42
2025-08-22T18:00,21.8,21.5,32.0,31.0,5.09,4.66,39,47
2025-08-22T19:00,20.8,20.3,0.0,0.0,4.73,4.03,31,73
2025-08-22T20:00,19.3,19.4,0.0,0.0,6.53,8.06,0,73
2025-08-22T21:00,18.6,18.3,0.0,0.0,5.52,5.03,48,50
2025-08-22T22:00,17.9,17.6,0.0,0.0,4.16,3.59,31,46
2025-08-22T23:00,17.2,16.7,0.0,0.0,4.03,3.96,63,52
2025-08-23T00:00,16.2,16.5,0.0,0.0,4.98,4.44,31,73
2025-08-23T01:00,15.9,16.5,0.0,0.0,5.28,5.62,79,69
2025-08-23T02:00,15.6,16.1,0.0,0.0,5.43,4.84,72,66
2025-08-23T03:00,15.0,15.7,0.0,0.0,4.57,4.52,20,64
2025-08-23T04:00,14.4,15.4,0.0,0.0,5.49,4.43,51,81
2025-08-23T05:00,14.9,15.5,30.0,28.0,4.06,4.23,58,69
2025-08-23T06:00,15.5,16.5,120.0,128.0,4.0,2.71,95,64
2025-08-23T07:00,16.7,17.7,248.0,239.0,2.55,1.61,86,100
2025-08-23T08:00,18.1,18.7,330.0,304.0,2.83,1.25,100,86
2025-08-23T09:00,19.3,19.9,526.0,458.0,4.04,1.18,98,73
2025-08-23T10:00,19.9,21.1,428.0,442.0,4.79,4.83,96,88
2025-08-23T11:00,20.4,21.6,381.0,474.0,5.92,7.1,99,96
2025-08-23T12:00,20.3,21.2,382.0,370.0,6.42,8.71,99,100
2025-08-23T13:00,20.3,20.5,307.0,238.0,6.44,7.99,100,100
2025-08-23T14:00,19.3,19.9,162.0,211.0,6.07,7.0,100,100
2025-08-23T15:00,18.7,19.5,134.0,165.0,5.95,7.15,100,100
2025-08-23T16:00,17.4,19.2,59.0,140.0,6.67,5.7,100,95
2025-08-23T17:00,16.8,18.9,45.0,80.0,6.25,5.61,87,78
2025-08-23T18:00,16.4,17.7,13.0,23.0,8.22,8.47,61,56
2025-08-23T19:00,15.7,16.8,0.0,0.0,9.02,9.33,83,47
2025-08-23T20:00,15.2,16.3,0.0,0.0,9.8,9.9,80,36
2025-08-23T21:00,15.0,16.2,0.0,0.0,7.78,9.8,85,80
2025-08-23T22:00,14.5,16.5,0.0,0.0,5.13,9.75,97,96
2025-08-23T23:00,14.1,16.1,0.0,0.0,5.92,7.53,84,95
2025-08-24T00:00,13.8,15.0,0.0,0.0,5.71,6.39,47,99
2025-08-24T01:00,13.3,14.7,0.0,0.0,6.12,5.83,62,90
2025-08-24T02:00,12.8,14.2,0.0,0.0,6.57,4.86,0,62
2025-08-24T03:00,12.1,13.5,0.0,0.0,6.41,4.82,0,39
2025-08-24T04:00,11.6,12.9,0.0,0.0,6.31,6.06,0,0
2025-08-24T05:00,11.5,12.7,37.0,38.0,6.23,5.41,0,0
2025-08-24T06:00,12.6,13.9,172.0,167.0,4.62,5.01,0,0
2025-08-24T07:00,14.0,14.9,343.0,340.0,3.34,4.43,0,29
2025-08-24T08:00,15.4,15.9,510.0,505.0,3.12,3.54,0,4
2025-08-24T09:00,16.4,17.1,651.0,645.0,3.7,2.81,3,0
2025-08-24T10:00,17.6,18.4,751.0,747.0,2.5,2.71,34,0
2025-08-24T11:00,18.6,19.6,794.0,798.0,2.02,3.04,82,1
2025-08-24T12:00,19.7,20.8,797.0,774.0,1.95,1.84,0,58
2025-08-24T13:00,20.5,21.3,751.0,665.0,2.73,1.06,0,61
2025-08-24T14:00,20.7,21.5,642.0,508.0,2.54,0.29,0,73
2025-08-24T15:00,20.9,21.5,491.0,337.0,2.79,0.53,15,59
2025-08-24T16:00,20.6,21.1,264.0,250.0,2.45,1.33,84,56
2025-08-24T17:00,20.2,20.4,79.0,123.0,1.27,3.55,87,62
2025-08-24T18:00,19.4,19.3,18.0,22.0,3.52,3.72,77,61
2025-08-24T19:00,18.8,18.2,0.0,0.0,3.79,3.46,83,69
2025-08-24T20:00,17.9,17.4,0.0,0.0,4.06,3.33,86,56
2025-08-24T21:00,17.3,17.0,0.0,0.0,2.89,2.76,71,69
2025-08-24T22:00,17.0,16.7,0.0,0.0,3.93,3.07,92,80
2025-08-24T23:00,16.7,16.5,0.0,0.0,3.2,2.59,100,87
2025-08-25T00:00,16.3,15.2,0.0,0.0,1.53,3.19,90,59
2025-08-25T01:00,16.2,14.4,0.0,0.0,1.25,1.74,98,58
2025-08-25T02:00,15.7,13.9,0.0,0.0,1.27,1.11,66,66
2025-08-25T03:00,15.6,13.7,0.0,0.0,2.61,1.24,100,74
2025-08-25T04:00,15.4,13.8,0.0,0.0,3.53,1.67,51,77
2025-08-25T05:00,15.5,13.9,23.0,24.0,4.91,1.71,80,69
2025-08-25T06:00,15.8,16.0,121.0,123.0,4.57,2.92,68,74
2025-08-25T07:00,17.6,17.9,312.0,270.0,3.33,2.28,0,56
2025-08-25T08:00,19.1,19.4,501.0,404.0,3.7,2.75,0,64
2025-08-25T09:00,20.2,20.5,641.0,537.0,3.47,1.81,0,49
2025-08-25T10:00,21.2,21.5,686.0,577.0,3.46,3.47,0,49
2025-08-25T11:00,22.2,22.4,778.0,652.0,2.47,4.25,44,54
2025-08-25T12:00,23.2,22.9,733.0,589.0,4.08,4.44,81,62
2025-08-25T13:00,23.7,23.3,675.0,551.0,3.11,4.27,91,65
2025-08-25T14:00,24.2,23.8,549.0,549.0,3.77,3.86,48,0
2025-08-25T15:00,24.5,24.1,433.0,455.0,3.43,4.48,39,0
2025-08-25T16:00,23.8,23.6,317.0,319.0,3.04,4.21,0,3
2025-08-25T17:00,23.4,22.7,155.0,153.0,1.98,3.83,0,1
2025-08-25T18:00,22.7,20.9,27.0,26.0,1.18,0.75,0,20
2025-08-25T19:00,20.7,19.5,0.0,0.0,2.75,1.2,0,5
2025-08-25T20:00,19.6,18.3,0.0,0.0,3.05,1.67,0,23
2025-08-25T21:00,17.8,17.0,0.0,0.0,3.72,1.98,0,21
2025-08-25T22:00,16.8,15.7,0.0,0.0,3.14,1.74,51,13
2025-08-25T23:00,16.1,14.3,0.0,0.0,3.23,1.36,100,100
2025-08-26T00:00,15.3,13.7,0.0,0.0,2.5,0.78,100,100
2025-08-26T01:00,14.9,13.3,0.0,0.0,2.02,0.79,100,100
2025-08-26T02:00,14.6,13.1,0.0,0.0,2.5,1.1,100,100
2025-08-26T03:00,14.9,13.1,0.0,0.0,4.12,1.77,100,100
2025-08-26T04:00,15.0,13.0,0.0,0.0,4.14,1.98,100,100
2025-08-26T05:00,15.2,13.3,26.0,21.0,3.35,1.98,100,100
2025-08-26T06:00,17.7,14.3,111.0,137.0,3.69,1.87,100,100
2025-08-26T07:00,19.1,17.5,252.0,282.0,2.64,1.68,100,100
2025-08-26T08:00,20.8,20.2,377.0,436.0,2.46,0.31,100,100
2025-08-26T09:00,21.9,22.5,550.0,599.0,0.75,1.02,100,38
2025-08-26T10:00,23.7,24.2,692.0,730.0,1.02,2.59,86,20
2025-08-26T11:00,25.2,25.2,718.0,782.0,3.24,3.23,18,6
2025-08-26T12:00,26.0,26.4,761.0,770.0,3.05,3.25,100,37
2025-08-26T13:00,26.9,26.9,707.0,667.0,3.92,3.53,18,42
2025-08-26T14:00,27.5,27.3,615.0,579.0,5.69,3.93,0,15
2025-08-26T15:00,27.5,27.5,482.0,468.0,5.78,4.37,0,7
2025-08-26T16:00,27.2,27.0,316.0,308.0,5.12,3.98,0,13
2025-08-26T17:00,26.3,26.0,149.0,145.0,4.7,2.59,0,0
2025-08-26T18:00,25.0,24.4,24.0,23.0,4.3,2.94,0,0
2025-08-26T19:00,23.3,22.1,0.0,0.0,4.25,3.55,0,0
2025-08-26T20:00,21.8,20.4,0.0,0.0,2.92,3.47,0,0
2025-08-26T21:00,19.9,19.3,0.0,0.0,1.69,3.42,7,11
2025-08-26T22:00,18.9,18.6,0.0,0.0,0.44,3.37,100,100
2025-08-26T23:00,18.4,17.7,0.0,0.0,0.31,2.29,99,79
2025-08-27T00:00,18.0,17.0,0.0,0.0,1.1,1.58,100,100
2025-08-27T01:00,17.5,16.6,0.0,0.0,1.39,1.71,100,100
2025-08-27T02:00,17.3,16.2,0.0,0.0,1.4,1.55,100,100
2025-08-27T03:00,16.9,15.9,0.0,0.0,1.28,1.1,0,100
2025-08-27T04:00,16.3,15.9,0.0,0.0,0.88,0.22,0,93
2025-08-27T05:00,16.2,16.1,29.0,24.0,0.4,0.98,0,69
2025-08-27T06:00,17.4,17.3,146.0,141.0,0.6,1.52,0,42
2025-08-27T07:00,19.1,19.3,302.0,250.0,0.63,0.62,26,100
2025-08-27T08:00,21.1,21.7,449.0,273.0,0.6,2.24,78,99
2025-08-27T09:00,22.1,23.5,306.0,335.0,0.1,2.2,100,88
2025-08-27T10:00,24.2,23.0,503.0,260.0,0.1,2.22,100,93
2025-08-27T11:00,26.4,23.5,563.0,345.0,3.14,0.22,100,81
2025-08-27T12:00,26.6,22.5,453.0,286.0,1.38,1.77,69,85
2025-08-27T13:00,27.1,23.8,489.0,358.0,1.55,1.58,79,70
2025-08-27T14:00,27.3,25.2,500.0,424.0,2.95,2.69,35,78
2025-08-27T15:00,28.0,25.9,326.0,358.0,3.68,4.15,53,100
2025-08-27T16:00,27.8,25.5,256.0,247.0,4.72,4.16,54,35
2025-08-27T17:00,27.1,24.6,126.0,111.0,5.0,4.08,100,100
2025-08-27T18:00,26.8,24.4,21.0,18.0,5.63,6.32,59,100
2025-08-27T19:00,25.0,23.0,0.0,0.0,4.8,7.42,0,89
2025-08-27T20:00,23.7,22.0,0.0,0.0,2.76,8.18,0,14
2025-08-27T21:00,22.5,21.2,0.0,0.0,4.31,6.47,0,2
2025-08-27T22:00,21.8,20.5,0.0,0.0,3.77,5.36,0,0
2025-08-27T23:00,20.9,19.9,0.0,0.0,2.72,5.48,0,0
2025-08-28T00:00,19.7,18.9,0.0,0.0,3.07,4.6,0,0
2025-08-28T01:00,19.8,18.0,0.0,0.0,4.5,4.67,62,6
2025-08-28T02:00,19.2,17.4,0.0,0.0,4.34,4.87,20,0
2025-08-28T03:00,18.8,17.0,0.0,0.0,6.67,5.23,24,0
2025-08-28T04:00,18.3,16.8,0.0,0.0,7.15,6.01,0,37
2025-08-28T05:00,18.4,17.2,27.0,27.0,7.06,7.06,0,19
2025-08-28T06:00,20.0,18.4,121.0,141.0,7.43,6.54,81,5
2025-08-28T07:00,21.5,21.7,220.0,293.0,10.17,7.11,33,35
2025-08-28T08:00,23.8,24.3,451.0,443.0,10.78,8.68,19,52
2025-08-28T09:00,26.0,27.0,589.0,566.0,12.06,11.01,0,19
2025-08-28T10:00,29.1,29.2,689.0,659.0,13.64,12.74,9,10
2025-08-28T11:00,30.5,30.9,739.0,734.0,13.48,13.13,0,5
2025-08-28T12:00,31.5,31.9,699.0,740.0,14.3,14.53,43,33
2025-08-28T13:00,32.4,32.0,662.0,647.0,12.76,13.58,0,73
2025-08-28T14:00,32.9,31.3,587.0,389.0,13.81,13.42,0,81
2025-08-28T15:00,32.7,30.8,445.0,250.0,12.26,13.74,38,100
2025-08-28T16:00,31.7,30.1,284.0,173.0,11.9,13.62,0,100
2025-08-28T17:00,30.8,29.2,132.0,86.0,10.29,13.13,0,100
2025-08-28T18:00,28.9,28.2,19.0,17.0,10.5,11.89,50,100
2025-08-28T19:00,24.6,24.5,0.0,0.0,11.11,9.26,47,19
2025-08-28T20:00,23.1,23.0,0.0,0.0,11.38,10.78,43,50
2025-08-28T21:00,23.5,22.4,0.0,0.0,8.92,9.46,100,87
2025-08-28T22:00,22.6,22.0,0.0,0.0,11.19,7.22,100,67
2025-08-28T23:00,21.8,21.7,0.0,0.0,8.45,6.04,100,71
2025-08-29T00:00,21.5,21.4,0.0,0.0,5.8,5.4,100,49
2025-08-29T01:00,21.1,20.8,0.0,0.0,2.77,2.83,91,100
2025-08-29T02:00,20.7,20.1,0.0,0.0,1.0,2.15,100,67
2025-08-29T03:00,21.0,19.6,0.0,0.0,1.45,2.15,100,100
2025-08-29T04:00,20.2,19.5,0.0,0.0,0.81,2.54,100,100
2025-08-29T05:00,19.8,19.6,4.0,8.0,2.16,1.31,100,100
2025-08-29T06:00,20.0,19.9,29.0,43.0,1.04,0.71,100,100
2025-08-29T07:00,20.5,20.0,63.0,66.0,1.33,3.28,100,100
2025-08-29T08:00,19.7,20.6,70.0,177.0,9.02,0.62,100,100
2025-08-29T09:00,22.0,22.5,333.0,414.0,3.88,3.08,100,40
2025-08-29T10:00,22.5,24.2,448.0,553.0,7.33,8.24,100,81
2025-08-29T11:00,22.8,24.6,304.0,536.0,6.32,7.6,94,59
2025-08-29T12:00,25.3,25.5,665.0,574.0,3.34,3.41,100,100
2025-08-29T13:00,25.9,25.5,539.0,425.0,2.69,1.86,100,100
2025-08-29T14:00,26.0,25.5,302.0,288.0,1.39,2.15,100,100
2025-08-29T15:00,24.0,25.4,237.0,203.0,1.88,2.55,100,100
2025-08-29T16:00,23.9,25.0,110.0,116.0,1.87,2.72,100,100
2025-08-29T17:00,23.5,24.4,46.0,56.0,1.71,4.3,100,100
2025-08-29T18:00,23.5,23.2,12.0,11.0,1.81,1.29,100,100
2025-08-29T19:00,23.2,22.2,0.0,0.0,1.71,1.41,100,100
2025-08-29T20:00,22.9,21.4,0.0,0.0,2.67,1.57,100,100
2025-08-29T21:00,23.8,20.8,0.0,0.0,9.27,2.57,78,77
2025-08-29T22:00,23.1,20.0,0.0,0.0,6.12,0.88,29,0
2025-08-29T23:00,21.4,20.1,0.0,0.0,7.45,8.77,100,29
2025-08-30T00:00,21.4,20.3,0.0,0.0,4.61,2.36,100,28
2025-08-30T01:00,20.9,19.8,0.0,0.0,4.59,8.86,100,31
2025-08-30T02:00,20.5,19.4,0.0,0.0,4.55,9.01,100,26
2025-08-30T03:00,19.6,19.4,0.0,0.0,5.77,9.46,70,46
2025-08-30T04:00,18.7,19.1,0.0,0.0,7.97,8.06,100,77
2025-08-30T05:00,18.4,19.0,22.0,23.0,6.99,8.2,100,67
2025-08-30T06:00,19.2,19.9,90.0,99.0,7.15,9.65,100,100
2025-08-30T07:00,20.3,20.8,207.0,232.0,7.04,9.48,100,71
2025-08-30T08:00,21.3,21.8,285.0,378.0,7.62,8.31,100,67
2025-08-30T09:00,23.2,22.8,512.0,490.0,6.35,7.45,100,83
2025-08-30T10:00,24.2,23.5,508.0,537.0,5.92,7.67,93,90
2025-08-30T11:00,24.5,24.1,437.0,596.0,6.19,8.01,99,98
2025-08-30T12:00,25.2,25.0,488.0,609.0,3.86,6.98,100,100
2025-08-30T13:00,25.3,24.8,396.0,417.0,5.59,6.79,100,100
2025-08-30T14:00,23.1,23.6,184.0,286.0,9.64,7.96,100,100
2025-08-30T15:00,21.5,22.6,136.0,222.0,10.32,9.78,100,100
2025-08-30T16:00,21.2,21.7,106.0,136.0,11.31,11.18,100,100
2025-08-30T17:00,20.3,21.0,45.0,58.0,11.68,11.58,100,100
2025-08-30T18:00,19.4,19.9,6.0,10.0,11.68,12.34,100,100
2025-08-30T19:00,19.2,19.7,0.0,0.0,11.55,12.31,100,100
2025-08-30T20:00,19.1,19.5,0.0,0.0,11.9,11.82,100,100
2025-08-30T21:00,18.9,19.0,0.0,0.0,10.42,11.5,100,100
2025-08-30T22:00,18.7,18.6,0.0,0.0,10.35,11.08,100,100
2025-08-30T23:00,18.4,18.1,0.0,0.0,10.11,10.77,100,96
2025-08-31T00:00,18.4,18.2,0.0,0.0,9.67,10.91,95,64
2025-08-31T01:00,18.0,17.7,0.0,0.0,10.24,10.62,70,96
2025-08-31T02:00,17.6,17.5,0.0,0.0,9.29,10.22,35,91
2025-08-31T03:00,17.3,17.2,0.0,0.0,9.23,10.01,100,39
2025-08-31T04:00,16.9,17.0,0.0,0.0,9.27,9.85,45,0
2025-08-31T05:00,16.8,17.0,23.0,24.0,9.54,9.91,30,0
2025-08-31T06:00,17.5,18.0,137.0,140.0,8.43,8.83,17,0
2025-08-31T07:00,19.0,19.7,300.0,301.0,9.42,8.94,0,0
2025-08-31T08:00,20.5,21.2,460.0,462.0,8.15,8.76,0,0
2025-08-31T09:00,22.0,22.7,590.0,593.0,7.6,7.83,28,38
2025-08-31T10:00,23.6,23.7,671.0,611.0,7.01,7.14,45,53
2025-08-31T11:00,24.7,24.8,564.0,639.0,6.09,6.37,43,46
2025-08-31T12:00,24.4,25.6,343.0,641.0,5.74,5.83,65,68
2025-08-31T13:00,25.4,26.3,464.0,614.0,5.82,5.21,100,49
2025-08-31T14:00,25.6,26.4,330.0,494.0,4.14,4.8,95,56
2025-08-31T15:00,23.5,26.3,158.0,381.0,4.71,4.3,65,47
2025-08-31T16:00,23.5,26.0,214.0,245.0,4.52,3.94,65,38
2025-08-31T17:00,23.1,24.8,107.0,109.0,3.63,4.48,49,31
2025-08-31T18:00,22.4,23.1,13.0,12.0,2.73,4.75,13,9
2025-08-31T19:00,21.7,21.6,0.0,0.0,2.97,4.19,26,15
2025-08-31T20:00,21.0,20.5,0.0,0.0,2.94,3.29,6,24
2025-08-31T21:00,20.2,19.4,0.0,0.0,3.06,1.47,18,17
2025-08-31T22:00,19.5,18.3,0.0,0.0,2.75,1.08,0,2
2025-08-31T23:00,18.6,17.4,0.0,0.0,2.24,0.29,0,3
2025-09-01T00:00,18.0,17.7,0.0,0.0,1.89,1.31,0,20
2025-09-01T01:00,17.4,17.3,0.0,0.0,1.18,1.06,0,1
2025-09-01T02:00,17.0,16.6,0.0,0.0,1.59,1.48,0,0
2025-09-01T03:00,16.5,16.0,0.0,0.0,0.66,2.37,0,0
2025-09-01T04:00,16.0,15.8,0.0,0.0,1.45,2.5,0,0
2025-09-01T05:00,16.1,15.9,21.0,22.0,2.16,2.58,0,0
2025-09-01T06:00,16.4,16.3,133.0,140.0,2.08,2.94,0,4
2025-09-01T07:00,17.4,18.1,288.0,297.0,1.96,1.98,0,1
2025-09-01T08:00,19.2,20.2,447.0,459.0,2.46,2.18,3,0
2025-09-01T09:00,21.7,22.6,577.0,597.0,4.95,3.75,7,5
2025-09-01T10:00,23.2,24.9,687.0,692.0,5.82,5.68,2,14
2025-09-01T11:00,24.3,26.3,738.0,737.0,6.31,6.49,3,15
2025-09-01T12:00,24.9,26.8,735.0,705.0,6.38,7.98,4,6
2025-09-01T13:00,25.7,27.0,679.0,669.0,6.25,8.29,0,39
2025-09-01T14:00,26.0,26.9,577.0,555.0,5.75,7.86,0,26
2025-09-01T15:00,26.5,26.6,434.0,412.0,5.2,7.07,87,88
2025-09-01T16:00,26.0,26.0,251.0,241.0,4.79,6.93,56,81
2025-09-01T17:00,25.3,24.9,113.0,105.0,4.02,7.38,0,27
2025-09-01T18:00,24.2,23.1,11.0,11.0,5.06,8.11,4,47
2025-09-01T19:00,22.8,21.7,0.0,0.0,4.84,7.49,0,9
2025-09-01T20:00,21.9,20.7,0.0,0.0,2.67,6.03,20,3
2025-09-01T21:00,20.8,19.9,0.0,0.0,1.28,4.67,0,0
2025-09-01T22:00,20.1,19.1,0.0,0.0,1.68,3.7,0,5
2025-09-01T23:00,19.4,18.3,0.0,0.0,2.02,2.92,0,8
2025-09-02T00:00,18.5,17.6,0.0,0.0,2.06,2.02,3,79
2025-09-02T01:00,17.9,17.3,0.0,0.0,2.38,2.29,0,60
2025-09-02T02:00,17.6,16.9,0.0,0.0,0.69,2.37,0,66
2025-09-02T03:00,16.8,16.7,0.0,0.0,2.28,1.75,38,99
2025-09-02T04:00,16.4,16.7,0.0,0.0,3.07,2.06,67,100
2025-09-02T05:00,16.3,16.8,16.0,8.0,2.16,1.81,99,100
2025-09-02T06:00,16.9,18.0,91.0,90.0,0.77,1.18,96,92
2025-09-02T07:00,19.1,19.3,165.0,175.0,4.19,1.04,95,100
2025-09-02T08:00,20.8,20.5,215.0,217.0,6.19,1.5,100,100
2025-09-02T09:00,21.9,21.7,449.0,279.0,7.42,1.83,77,100
2025-09-02T10:00,22.8,21.7,494.0,234.0,7.19,0.55,82,100
2025-09-02T11:00,23.2,21.9,508.0,185.0,6.88,1.71,100,100
2025-09-02T12:00,21.3,22.3,232.0,303.0,8.13,5.27,100,100
2025-09-02T13:00,19.5,21.9,120.0,284.0,9.21,7.21,100,100
2025-09-02T14:00,18.4,21.1,61.0,266.0,9.2,7.69,100,100
2025-09-02T15:00,18.0,20.1,53.0,164.0,7.75,8.09,100,100
2025-09-02T16:00,17.9,19.1,29.0,77.0,7.66,9.15,100,100
2025-09-02T17:00,17.6,18.0,21.0,30.0,4.87,8.63,100,100
2025-09-02T18:00,18.9,18.1,8.0,4.0,6.86,6.24,100,100
2025-09-02T19:00,18.5,17.9,0.0,0.0,7.89,6.37,100,100
2025-09-02T20:00,18.2,17.7,0.0,0.0,8.32,6.3,100,100
2025-09-02T21:00,17.6,17.6,0.0,0.0,7.19,6.14,100,100
2025-09-02T22:00,17.4,17.6,0.0,0.0,7.61,5.04,100,99
2025-09-02T23:00,17.2,17.5,0.0,0.0,7.7,5.48,100,100
2025-09-03T00:00,17.2,17.5,0.0,0.0,8.06,6.09,64,100
2025-09-03T01:00,17.1,17.3,0.0,0.0,7.96,6.79,100,100
2025-09-03T02:00,17.1,17.2,0.0,0.0,6.8,7.71,82,100
2025-09-03T03:00,17.4,17.2,0.0,0.0,7.31,7.82,97,100
2025-09-03T04:00,17.3,17.1,0.0,0.0,7.16,7.94,100,100
2025-09-03T05:00,17.3,17.0,7.0,15.0,4.98,7.7,97,100
2025-09-03T06:00,17.3,17.8,27.0,98.0,6.87,7.41,97,62
2025-09-03T07:00,18.3,19.0,128.0,234.0,5.53,7.11,93,52
2025-09-03T08:00,19.5,20.2,289.0,370.0,5.46,6.14,90,100
2025-09-03T09:00,21.1,21.4,442.0,468.0,4.62,5.85,57,89
2025-09-03T10:00,22.4,22.4,585.0,507.0,3.98,4.99,93,81
2025-09-03T11:00,23.5,23.3,594.0,511.0,3.75,4.71,92,63
2025-09-03T12:00,24.7,23.8,675.0,621.0,2.5,4.99,0,9
2025-09-03T13:00,25.6,24.5,623.0,581.0,2.35,4.04,71,53
2025-09-03T14:00,25.9,24.7,508.0,426.0,1.98,3.61,3,46
2025-09-03T15:00,26.0,24.8,430.0,396.0,2.55,2.92,0,17
2025-09-03T16:00,25.7,24.4,267.0,241.0,2.33,3.26,0,37
2025-09-03T17:00,25.2,23.6,108.0,103.0,1.88,2.59,0,9
2025-09-03T18:00,23.8,22.4,9.0,9.0,1.82,2.59,25,0
2025-09-03T19:00,23.0,20.6,0.0,0.0,1.01,1.87,0,0
2025-09-03T20:00,22.0,18.7,0.0,0.0,1.9,2.02,0,0
2025-09-03T21:00,20.6,17.5,0.0,0.0,2.81,2.18,0,8
2025-09-03T22:00,19.8,16.4,0.0,0.0,3.47,1.74,0,4
2025-09-03T23:00,19.3,15.5,0.0,0.0,3.21,1.63,0,0
2025-09-04T00:00,18.8,15.7,0.0,0.0,2.84,2.68,0,7
2025-09-04T01:00,18.0,15.0,0.0,0.0,1.57,1.47,0,29
2025-09-04T02:00,17.3,15.0,0.0,0.0,0.77,0.35,0,15
2025-09-04T03:00,16.8,15.1,0.0,0.0,0.4,0.62,0,33
2025-09-04T04:00,16.4,14.8,0.0,0.0,1.25,0.93,0,45
2025-09-04T05:00,16.6,14.9,17.0,17.0,0.98,1.21,0,39
2025-09-04T06:00,17.4,16.9,119.0,115.0,0.79,0.49,0,47
2025-09-04T07:00,18.8,19.1,264.0,253.0,0.63,0.22,60,30
2025-09-04T08:00,20.5,21.2,415.0,421.0,1.21,0.39,0,26
2025-09-04T09:00,22.4,23.0,565.0,560.0,1.64,1.36,0,13
2025-09-04T10:00,24.0,24.7,654.0,662.0,2.72,2.02,13,1
2025-09-04T11:00,25.7,26.1,709.0,713.0,2.85,2.77,0,0
2025-09-04T12:00,26.7,27.3,709.0,713.0,2.02,4.78,0,14
2025-09-04T13:00,27.7,27.8,656.0,662.0,2.2,5.27,0,0
2025-09-04T14:00,28.1,28.0,556.0,560.0,2.54,5.63,0,6
2025-09-04T15:00,28.2,27.7,414.0,417.0,4.0,6.52,20,7
2025-09-04T16:00,27.7,27.1,254.0,256.0,4.78,7.07,0,5
2025-09-04T17:00,26.8,25.8,101.0,99.0,5.48,7.63,0,53
2025-09-04T18:00,25.2,23.3,7.0,7.0,7.32,7.91,1,11
2025-09-04T19:00,23.8,21.9,0.0,0.0,7.14,8.03,1,53
2025-09-04T20:00,22.7,20.8,0.0,0.0,5.97,7.77,100,16
2025-09-04T21:00,21.3,20.1,0.0,0.0,5.24,7.9,94,34
2025-09-04T22:00,20.7,19.7,0.0,0.0,5.96,8.28,100,99
2025-09-04T23:00,20.4,19.4,0.0,0.0,6.69,9.01,100,98
2025-09-05T00:00,19.5,19.6,0.0,0.0,6.63,9.46,30,100
2025-09-05T01:00,19.1,19.3,0.0,0.0,5.94,8.64,33,93
2025-09-05T02:00,18.6,19.0,0.0,0.0,5.41,7.44,0,50
2025-09-05T03:00,18.6,18.5,0.0,0.0,5.78,4.75,39,100
2025-09-05T04:00,18.8,19.4,0.0,0.0,6.37,6.47,33,42
2025-09-05T05:00,19.2,20.0,15.0,13.0,8.49,11.18,100,71
2025-09-05T06:00,19.7,20.1,91.0,74.0,11.47,13.14,100,88
2025-09-05T07:00,20.7,20.5,203.0,106.0,8.09,10.78,63,94
2025-09-05T08:00,22.2,21.0,402.0,178.0,8.02,10.41,82,86
2025-09-05T09:00,22.3,21.5,395.0,259.0,9.15,10.08,100,100
2025-09-05T10:00,22.9,21.6,515.0,244.0,8.46,10.24,92,100
2025-09-05T11:00,23.3,21.8,463.0,264.0,7.68,10.38,94,90
2025-09-05T12:00,23.5,22.7,457.0,230.0,6.66,8.39,100,86
2025-09-05T13:00,24.2,22.8,439.0,311.0,6.11,8.58,91,79
2025-09-05T14:00,24.7,21.8,491.0,243.0,5.92,9.8,92,99
2025-09-05T15:00,25.0,20.5,262.0,152.0,5.06,9.76,96,100
2025-09-05T16:00,23.7,19.6,87.0,73.0,8.07,10.72,100,100
2025-09-05T17:00,21.4,18.7,27.0,40.0,11.53,13.42,94,100
2025-09-05T18:00,19.5,18.0,3.0,3.0,14.69,16.43,98,100
2025-09-05T19:00,17.6,17.3,0.0,0.0,15.51,17.03,97,100
2025-09-05T20:00,16.6,16.7,0.0,0.0,14.38,15.93,100,100
2025-09-05T21:00,15.3,16.2,0.0,0.0,12.86,14.47,100,100
2025-09-05T22:00,15.1,15.7,0.0,0.0,10.51,13.03,97,100
2025-09-05T23:00,14.9,15.2,0.0,0.0,8.03,11.2,100,100
2025-09-06T00:00,15.0,15.2,0.0,0.0,9.36,9.19,100,100
2025-09-06T01:00,15.1,15.3,0.0,0.0,8.46,9.59,96,100
2025-09-06T02:00,15.0,15.2,0.0,0.0,10.24,9.2,34,100
2025-09-06T03:00,14.8,14.8,0.0,0.0,8.78,8.06,26,100
2025-09-06T04:00,14.6,14.5,0.0,0.0,9.17,7.54,17,100
2025-09-06T05:00,14.5,14.3,14.0,15.0,10.44,7.2,5,88
2025-09-06T06:00,15.3,15.2,117.0,113.0,7.78,7.63,0,100
2025-09-06T07:00,16.8,16.5,277.0,271.0,7.84,7.67,0,34
2025-09-06T08:00,18.5,18.2,420.0,435.0,7.36,8.51,46,5
2025-09-06T09:00,19.5,19.7,536.0,576.0,6.58,7.14,50,3
2025-09-06T10:00,20.8,20.9,498.0,673.0,6.26,6.56,98,24
2025-09-06T11:00,21.6,22.2,463.0,710.0,6.12,6.74,54,25
2025-09-06T12:00,23.1,23.1,570.0,716.0,6.64,6.13,56,3
2025-09-06T13:00,23.4,23.6,529.0,662.0,6.44,5.66,91,1
2025-09-06T14:00,23.8,23.9,482.0,556.0,4.79,5.11,46,9
2025-09-06T15:00,23.9,23.8,362.0,412.0,3.66,4.66,94,22
2025-09-06T16:00,23.3,23.3,201.0,243.0,5.27,4.56,52,27
2025-09-06T17:00,22.6,22.3,86.0,90.0,4.31,4.91,0,19
2025-09-06T18:00,21.4,20.5,6.0,6.0,3.44,3.43,0,6
2025-09-06T19:00,20.5,19.1,0.0,0.0,3.92,2.94,0,2
2025-09-06T20:00,18.9,17.7,0.0,0.0,3.78,2.97,0,0
2025-09-06T21:00,18.2,17.1,0.0,0.0,3.35,3.82,0,0
2025-09-06T22:00,17.5,16.9,0.0,0.0,3.93,3.47,0,0
2025-09-06T23:00,16.8,16.7,0.0,0.0,3.97,2.98,0,0
2025-09-07T00:00,16.2,15.3,0.0,0.0,3.33,3.17,0,0
2025-09-07T01:00,15.6,14.7,0.0,0.0,3.23,2.94,0,40
2025-09-07T02:00,15.1,14.3,0.0,0.0,3.45,3.34,0,100
2025-09-07T03:00,14.8,14.0,0.0,0.0,3.83,3.43,2,100
2025-09-07T04:00,14.6,13.8,0.0,0.0,4.23,3.43,100,79
2025-09-07T05:00,14.5,13.6,14.0,14.0,4.37,3.14,100,65
2025-09-07T06:00,14.6,14.5,118.0,118.0,3.24,2.9,6,28
2025-09-07T07:00,15.4,16.0,270.0,271.0,2.94,2.48,15,47
2025-09-07T08:00,16.4,17.2,423.0,420.0,2.95,2.35,22,100
2025-09-07T09:00,18.1,18.9,528.0,554.0,2.52,2.09,94,74
2025-09-07T10:00,19.4,20.5,603.0,648.0,1.89,2.06,93,66
2025-09-07T11:00,20.9,22.1,685.0,691.0,1.74,2.2,100,100
2025-09-07T12:00,21.8,22.3,689.0,622.0,2.02,2.5,28,99
2025-09-07T13:00,22.8,23.2,639.0,555.0,2.17,2.64,39,100
2025-09-07T14:00,23.2,23.6,528.0,482.0,2.16,2.33,100,75
2025-09-07T15:00,23.1,23.6,391.0,371.0,1.95,1.96,100,96
2025-09-07T16:00,22.8,23.2,218.0,221.0,2.35,2.09,98,100
2025-09-07T17:00,22.3,22.4,76.0,78.0,2.73,2.45,100,100
2025-09-07T18:00,21.3,20.9,4.0,3.0,2.71,1.62,90,100
2025-09-07T19:00,20.4,20.3,0.0,0.0,2.48,1.86,92,99
2025-09-07T20:00,19.3,19.8,0.0,0.0,1.97,1.64,100,100
2025-09-07T21:00,18.2,19.0,0.0,0.0,2.45,1.25,30,100
2025-09-07T22:00,17.4,17.8,0.0,0.0,3.18,1.77,100,100
2025-09-07T23:00,16.8,17.0,0.0,0.0,2.82,3.04,100,100
2025-09-08T00:00,16.5,16.8,0.0,0.0,3.07,2.89,100,100
2025-09-08T01:00,16.1,16.5,0.0,0.0,3.07,2.63,100,100
2025-09-08T02:00,15.9,16.2,0.0,0.0,2.92,2.59,100,100
2025-09-08T03:00,15.7,15.9,0.0,0.0,2.5,2.3,100,100
2025-09-08T04:00,15.5,15.7,0.0,0.0,2.29,2.1,100,100
2025-09-08T05:00,15.6,15.3,10.0,12.0,1.52,2.05,100,100
2025-09-08T06:00,15.4,15.7,106.0,92.0,1.69,1.58,84,93
2025-09-08T07:00,16.6,17.4,231.0,255.0,0.83,1.19,100,4
2025-09-08T08:00,18.0,18.9,345.0,423.0,1.08,1.04,100,6
2025-09-08T09:00,19.5,20.6,544.0,559.0,0.88,0.59,0,13
2025-09-08T10:00,20.8,22.1,655.0,655.0,1.32,0.79,42,19
2025-09-08T11:00,22.4,23.6,702.0,702.0,1.31,0.6,12,9
2025-09-08T12:00,24.1,24.1,660.0,654.0,1.59,0.22,12,60
2025-09-08T13:00,24.7,24.7,642.0,572.0,3.9,0.93,0,84
2025-09-08T14:00,24.5,25.4,546.0,483.0,3.75,0.49,0,45
2025-09-08T15:00,24.3,25.7,400.0,356.0,3.53,0.9,0,99
2025-09-08T16:00,23.9,24.9,238.0,164.0,3.35,2.19,0,94
2025-09-08T17:00,23.3,23.3,85.0,61.0,3.45,2.56,15,100
2025-09-08T18:00,22.6,21.8,3.0,3.0,2.0,2.06,17,100
2025-09-08T19:00,21.8,20.7,0.0,0.0,1.86,2.08,83,100
2025-09-08T20:00,21.1,20.0,0.0,0.0,2.02,1.79,65,100
2025-09-08T21:00,19.9,19.5,0.0,0.0,1.06,2.16,58,100
2025-09-08T22:00,19.0,19.1,0.0,0.0,3.55,1.66,57,100
2025-09-08T23:00,18.5,18.7,0.0,0.0,3.84,2.56,56,100
2025-09-09T00:00,18.6,18.0,0.0,0.0,3.21,3.29,50,87
2025-09-09T01:00,17.9,17.9,0.0,0.0,2.55,3.26,46,76
2025-09-09T02:00,17.4,17.2,0.0,0.0,1.33,2.37,42,77
2025-09-09T03:00,16.4,16.8,0.0,0.0,1.8,2.07,22,58
2025-09-09T04:00,15.6,16.1,0.0,0.0,1.29,2.06,0,57
2025-09-09T05:00,14.8,15.4,12.0,11.0,2.29,2.06,0,49
2025-09-09T06:00,16.3,14.9,113.0,116.0,1.96,2.23,0,0
2025-09-09T07:00,17.3,17.5,269.0,271.0,0.59,2.37,0,24
2025-09-09T08:00,18.4,19.0,424.0,420.0,1.18,0.98,37,20
2025-09-09T09:00,19.6,20.7,526.0,553.0,1.38,1.4,3,31
2025-09-09T10:00,21.2,22.2,631.0,611.0,1.77,2.31,70,67
2025-09-09T11:00,22.6,23.2,617.0,569.0,2.63,3.35,60,78
2025-09-09T12:00,23.5,23.7,614.0,399.0,3.47,4.52,62,93
2025-09-09T13:00,24.0,24.4,580.0,434.0,4.24,4.27,95,79
2025-09-09T14:00,24.4,24.4,483.0,340.0,4.47,4.17,63,100
2025-09-09T15:00,24.5,23.9,342.0,169.0,4.09,3.12,100,100
2025-09-09T16:00,24.0,23.3,163.0,73.0,4.33,2.77,100,100
2025-09-09T17:00,23.5,20.8,46.0,13.0,3.15,6.11,100,100
2025-09-09T18:00,22.9,22.5,1.0,1.0,1.23,0.59,100,95
2025-09-09T19:00,18.4,21.2,0.0,0.0,10.59,7.57,100,99
2025-09-09T20:00,17.6,19.8,0.0,0.0,9.39,9.41,100,100
2025-09-09T21:00,17.7,19.3,0.0,0.0,9.05,9.1,100,100
2025-09-09T22:00,17.6,18.4,0.0,0.0,7.91,8.17,100,100
2025-09-09T23:00,17.5,18.1,0.0,0.0,7.3,6.49,100,100
2025-09-10T00:00,17.5,19.7,0.0,0.0,6.67,3.82,100,94
2025-09-10T01:00,17.8,19.3,0.0,0.0,6.38,2.75,100,95
2025-09-10T02:00,17.8,18.3,0.0,0.0,7.2,1.37,100,77
2025-09-10T03:00,18.2,17.3,0.0,0.0,1.32,0.75,100,74
2025-09-10T04:00,17.5,17.0,0.0,0.0,0.49,2.06,100,78
2025-09-10T05:00,17.5,17.0,7.0,7.0,0.69,2.72,100,70
2025-09-10T06:00,17.5,16.5,49.0,96.0,1.14,3.34,100,85
2025-09-10T07:00,17.7,18.1,97.0,230.0,2.46,3.69,100,85
2025-09-10T08:00,18.6,20.2,181.0,330.0,2.88,5.91,100,92
2025-09-10T09:00,20.7,21.2,364.0,314.0,3.92,7.31,100,95
2025-09-10T10:00,21.2,21.8,271.0,292.0,5.1,8.21,100,97
2025-09-10T11:00,20.9,22.3,114.0,281.0,6.37,7.7,100,90
2025-09-10T12:00,21.3,20.0,136.0,113.0,5.34,5.57,100,100
2025-09-10T13:00,21.1,20.1,115.0,129.0,5.27,7.09,100,100
2025-09-10T14:00,20.3,18.9,71.0,62.0,5.33,6.14,100,100
2025-09-10T15:00,19.4,19.0,30.0,48.0,4.91,7.39,100,100
2025-09-10T16:00,19.1,18.9,8.0,30.0,6.12,6.9,100,100
2025-09-10T17:00,19.2,18.9,4.0,11.0,8.25,7.39,100,100
2025-09-10T18:00,18.9,18.4,0.0,0.0,6.96,5.6,100,100
2025-09-10T19:00,18.7,18.4,0.0,0.0,6.14,3.68,100,100
2025-09-10T20:00,18.6,18.3,0.0,0.0,3.73,4.22,100,100
2025-09-10T21:00,18.5,18.1,0.0,0.0,8.43,3.81,100,100
2025-09-10T22:00,17.7,17.9,0.0,0.0,13.34,2.31,100,100
2025-09-10T23:00,17.6,18.0,0.0,0.0,12.33,1.25,100,100
2025-09-11T00:00,17.3,18.1,0.0,0.0,11.48,10.47,100,100
2025-09-11T01:00,17.0,18.0,0.0,0.0,11.28,12.58,100,100
2025-09-11T02:00,16.8,17.9,0.0,0.0,11.38,11.91,100,100
2025-09-11T03:00,16.7,17.8,0.0,0.0,11.02,12.19,100,99
2025-09-11T04:00,16.4,17.7,0.0,0.0,10.3,13.35,70,100
2025-09-11T05:00,16.1,17.6,9.0,6.0,10.72,12.49,34,100
2025-09-11T06:00,16.7,17.8,92.0,46.0,9.06,10.75,57,100
2025-09-11T07:00,17.8,18.3,250.0,105.0,9.13,10.32,88,100
2025-09-11T08:00,19.3,19.2,383.0,218.0,8.75,9.9,100,100
2025-09-11T09:00,20.5,20.5,493.0,348.0,5.85,10.63,64,79
2025-09-11T10:00,21.9,21.5,556.0,499.0,4.37,10.15,84,100
2025-09-11T11:00,23.1,22.0,626.0,432.0,3.83,8.52,34,99
2025-09-11T12:00,24.2,22.7,639.0,453.0,4.8,7.23,23,80
2025-09-11T13:00,24.8,23.4,621.0,458.0,6.56,6.48,0,55
2025-09-11T14:00,24.8,23.8,522.0,447.0,6.97,5.11,8,22
2025-09-11T15:00,24.8,24.0,381.0,374.0,4.83,5.07,0,28
2025-09-11T16:00,23.9,23.5,220.0,217.0,5.72,4.61,0,0
2025-09-11T17:00,22.7,22.3,70.0,70.0,7.75,5.06,15,6
2025-09-11T18:00,21.2,20.4,1.0,1.0,7.06,4.79,12,0
2025-09-11T19:00,19.9,19.3,0.0,0.0,6.98,5.42,40,0
2025-09-11T20:00,19.2,18.6,0.0,0.0,7.61,5.6,74,5
2025-09-11T21:00,19.5,18.2,0.0,0.0,6.03,6.54,76,9
2025-09-11T22:00,19.1,17.8,0.0,0.0,6.92,7.25,48,32
2025-09-11T23:00,18.8,17.6,0.0,0.0,6.54,6.97,98,24
2025-09-12T00:00,19.1,17.5,0.0,0.0,6.2,2.77,86,63
2025-09-12T01:00,18.6,17.0,0.0,0.0,7.89,3.23,73,67
2025-09-12T02:00,17.9,16.8,0.0,0.0,8.6,3.56,63,90
2025-09-12T03:00,17.4,17.1,0.0,0.0,7.72,3.88,81,97
2025-09-12T04:00,17.2,17.1,0.0,0.0,5.92,4.7,89,88
2025-09-12T05:00,17.0,16.9,5.0,6.0,5.55,4.92,97,95
2025-09-12T06:00,17.1,16.9,46.0,23.0,5.04,3.26,98,91
2025-09-12T07:00,17.6,17.0,115.0,57.0,3.53,1.64,98,90
2025-09-12T08:00,18.1,17.3,141.0,75.0,2.29,1.67,100,100
2025-09-12T09:00,18.3,17.6,148.0,112.0,2.23,1.12,90,96
2025-09-12T10:00,18.8,18.0,227.0,123.0,1.77,0.75,100,100
2025-09-12T11:00,19.1,18.1,102.0,111.0,1.11,0.89,100,99
2025-09-12T12:00,19.2,21.8,119.0,511.0,1.74,1.71,100,65
2025-09-12T13:00,19.2,22.4,76.0,512.0,1.97,0.98,100,74
2025-09-12T14:00,18.5,22.5,46.0,363.0,3.45,0.88,100,89
2025-09-12T15:00,19.5,22.1,67.0,179.0,0.6,1.08,100,99
2025-09-12T16:00,18.7,21.7,33.0,72.0,1.18,0.98,100,85
2025-09-12T17:00,18.5,21.1,20.0,36.0,1.24,1.94,100,86
2025-09-12T18:00,19.5,19.4,0.0,1.0,1.55,1.74,100,79
2025-09-12T19:00,18.6,18.8,0.0,0.0,3.09,1.71,99,86
2025-09-12T20:00,18.1,18.2,0.0,0.0,4.75,2.32,97,91
2025-09-12T21:00,17.7,18.0,0.0,0.0,1.88,1.25,100,90
2025-09-12T22:00,17.4,17.8,0.0,0.0,1.86,1.2,100,83
2025-09-12T23:00,17.2,17.4,0.0,0.0,0.81,1.02,100,84
2025-09-13T00:00,17.7,16.3,0.0,0.0,2.46,2.4,100,94
2025-09-13T01:00,17.3,16.2,0.0,0.0,1.33,2.06,100,100
2025-09-13T02:00,16.8,16.0,0.0,0.0,1.47,2.59,100,100
2025-09-13T03:00,16.8,15.9,0.0,0.0,1.63,2.63,100,100
2025-09-13T04:00,16.7,15.8,0.0,0.0,1.62,2.46,100,100
2025-09-13T05:00,16.5,15.7,2.0,3.0,1.46,2.45,100,100
2025-09-13T06:00,15.9,15.8,25.0,41.0,2.47,0.42,89,92
2025-09-13T07:00,16.5,16.4,202.0,121.0,2.39,1.1,55,94
2025-09-13T08:00,17.6,17.4,268.0,292.0,2.15,1.58,96,98
2025-09-13T09:00,18.6,18.7,341.0,497.0,2.64,2.77,67,100
2025-09-13T10:00,19.6,19.8,510.0,539.0,2.91,3.54,54,88
2025-09-13T11:00,21.3,21.1,484.0,596.0,5.77,4.72,100,81
2025-09-13T12:00,22.1,22.7,330.0,603.0,5.79,4.9,100,61
2025-09-13T13:00,22.1,24.3,278.0,478.0,4.37,6.32,100,100
2025-09-13T14:00,22.9,24.6,240.0,357.0,4.44,5.4,100,100
2025-09-13T15:00,23.3,21.0,230.0,185.0,2.43,5.05,89,78
2025-09-13T16:00,23.0,20.3,83.0,125.0,2.1,5.61,100,85
2025-09-13T17:00,19.9,19.7,9.0,38.0,2.64,3.42,100,95
2025-09-13T18:00,21.8,18.7,0.0,1.0,0.79,4.87,100,100
2025-09-13T19:00,20.3,18.2,0.0,0.0,3.96,4.82,94,75
2025-09-13T20:00,18.9,17.6,0.0,0.0,5.75,3.64,100,72
2025-09-13T21:00,18.3,17.3,0.0,0.0,2.15,1.74,100,73
2025-09-13T22:00,18.2,16.6,0.0,0.0,0.83,2.07,100,100
2025-09-13T23:00,17.9,16.5,0.0,0.0,0.9,1.8,100,96
2025-09-14T00:00,18.2,16.0,0.0,0.0,1.67,2.08,100,100
2025-09-14T01:00,18.1,15.9,0.0,0.0,5.82,1.02,100,100
2025-09-14T02:00,17.6,15.9,0.0,0.0,6.51,1.2,100,100
2025-09-14T03:00,17.1,15.9,0.0,0.0,8.28,2.31,100,100
2025-09-14T04:00,16.7,16.0,0.0,0.0,9.86,2.37,100,100
2025-09-14T05:00,16.7,16.1,1.0,1.0,9.12,3.44,100,100
2025-09-14T06:00,15.8,16.4,17.0,22.0,6.94,1.95,100,100
2025-09-14T07:00,15.9,16.8,51.0,41.0,8.25,2.1,100,100
2025-09-14T08:00,16.0,17.0,63.0,64.0,7.25,7.04,100,100
2025-09-14T09:00,17.9,16.1,178.0,73.0,7.69,9.54,100,100
2025-09-14T10:00,18.7,16.0,210.0,126.0,10.28,8.86,100,100
2025-09-14T11:00,18.0,17.0,174.0,144.0,13.02,10.41,100,100
2025-09-14T12:00,18.0,17.9,265.0,204.0,10.72,11.16,100,100
2025-09-14T13:00,18.2,18.9,233.0,239.0,10.13,10.88,100,94
2025-09-14T14:00,18.9,19.8,240.0,300.0,9.3,9.68,100,35
2025-09-14T15:00,18.5,20.6,176.0,344.0,9.62,9.02,100,0
2025-09-14T16:00,18.2,20.3,127.0,188.0,9.63,6.88,96,69
2025-09-14T17:00,17.7,19.3,55.0,50.0,7.68,6.25,32,43
2025-09-14T18:00,17.2,17.1,0.0,0.0,8.04,10.3,0,0
2025-09-14T19:00,16.4,16.5,0.0,0.0,7.84,9.95,0,0
2025-09-14T20:00,15.8,16.0,0.0,0.0,7.22,8.73,0,0
2025-09-14T21:00,15.8,15.7,0.0,0.0,8.54,8.33,31,0
2025-09-14T22:00,15.6,15.4,0.0,0.0,8.88,7.19,0,2
2025-09-14T23:00,15.4,15.1,0.0,0.0,7.67,6.01,0,43
2025-09-15T00:00,14.8,14.1,0.0,0.0,6.59,4.22,58,40
2025-09-15T01:00,14.5,13.7,0.0,0.0,3.17,3.16,0,59
2025-09-15T02:00,13.8,13.1,0.0,0.0,2.76,1.1,100,54
2025-09-15T03:00,13.7,13.0,0.0,0.0,2.79,1.67,93,87
2025-09-15T04:00,13.4,13.1,0.0,0.0,1.76,2.79,89,99
2025-09-15T05:00,13.5,13.4,4.0,2.0,1.57,3.33,99,100
2025-09-15T06:00,14.3,13.4,26.0,26.0,2.69,4.52,100,97
2025-09-15T07:00,15.0,14.1,75.0,46.0,2.76,4.92,95,96
2025-09-15T08:00,15.9,14.6,171.0,83.0,1.29,3.73,98,99
2025-09-15T09:00,18.0,15.3,266.0,124.0,2.07,3.19,92,100
2025-09-15T10:00,19.7,16.6,279.0,260.0,2.21,2.45,96,90
2025-09-15T11:00,20.8,17.9,243.0,289.0,1.28,2.36,91,89
2025-09-15T12:00,24.2,22.6,305.0,482.0,2.26,3.63,100,55
2025-09-15T13:00,24.6,24.2,245.0,542.0,3.38,4.22,95,52
2025-09-15T14:00,25.5,24.8,337.0,452.0,2.11,3.85,45,57
2025-09-15T15:00,24.2,24.5,258.0,244.0,2.85,4.14,30,65
2025-09-15T16:00,24.5,24.1,185.0,159.0,4.09,5.63,0,43
2025-09-15T17:00,23.7,22.6,52.0,48.0,4.99,7.01,29,66
2025-09-15T18:00,22.5,21.6,0.0,0.0,5.98,6.81,37,32
2025-09-15T19:00,21.7,20.5,0.0,0.0,6.18,5.31,97,35
2025-09-15T20:00,21.1,19.8,0.0,0.0,4.82,4.86,100,94
2025-09-15T21:00,20.4,19.6,0.0,0.0,4.78,4.59,100,100
2025-09-15T22:00,19.3,19.4,0.0,0.0,6.19,2.65,100,100
2025-09-15T23:00,18.7,19.4,0.0,0.0,5.33,3.57,100,100
2025-09-16T00:00,18.1,18.8,0.0,0.0,6.31,1.46,100,100
2025-09-16T01:00,17.9,18.5,0.0,0.0,3.5,2.63,100,100
2025-09-16T02:00,17.8,18.4,0.0,0.0,4.51,3.98,100,100
2025-09-16T03:00,17.9,18.6,0.0,0.0,6.53,6.35,100,100
2025-09-16T04:00,18.0,18.4,0.0,0.0,8.77,11.08,100,100
2025-09-16T05:00,16.8,17.5,1.0,2.0,9.35,9.71,100,100
2025-09-16T06:00,16.5,16.2,17.0,14.0,9.44,9.25,100,100
2025-09-16T07:00,15.7,16.1,41.0,38.0,8.41,4.91,100,100
2025-09-16T08:00,16.1,16.7,74.0,94.0,9.11,6.17,100,100
2025-09-16T09:00,17.1,17.3,97.0,168.0,7.23,5.1,100,100
2025-09-16T10:00,17.8,17.9,142.0,230.0,7.58,4.52,100,100
2025-09-16T11:00,17.8,18.9,150.0,260.0,7.94,8.48,100,100
2025-09-16T12:00,18.2,20.4,206.0,551.0,5.7,9.4,100,82
2025-09-16T13:00,19.7,20.5,432.0,531.0,5.98,9.44,100,100
2025-09-16T14:00,20.5,20.1,375.0,372.0,8.79,8.92,100,100
2025-09-16T15:00,20.8,19.6,269.0,219.0,8.02,9.41,65,100
2025-09-16T16:00,20.2,19.2,147.0,156.0,6.75,7.94,100,100
2025-09-16T17:00,19.1,18.5,48.0,38.0,5.96,6.87,0,100
2025-09-16T18:00,18.3,17.7,0.0,0.0,5.52,6.65,0,1
2025-09-16T19:00,17.3,16.9,0.0,0.0,7.09,6.44,19,11
2025-09-16T20:00,16.7,16.3,0.0,0.0,7.73,6.38,31,100
2025-09-16T21:00,16.4,16.0,0.0,0.0,7.26,5.59,67,100
2025-09-16T22:00,15.8,15.6,0.0,0.0,6.78,6.86,57,100
2025-09-16T23:00,15.1,15.5,0.0,0.0,6.78,7.46,95,100
2025-09-17T00:00,14.3,15.1,0.0,0.0,7.35,7.66,50,73
2025-09-17T01:00,13.8,14.7,0.0,0.0,8.34,8.25,0,54
2025-09-17T02:00,13.4,14.2,0.0,0.0,8.24,7.94,0,0
2025-09-17T03:00,13.2,13.7,0.0,0.0,8.62,7.67,0,4
2025-09-17T04:00,12.9,13.4,0.0,0.0,8.72,8.33,0,0
2025-09-17T05:00,12.7,13.2,6.0,6.0,9.31,8.23,53,8
2025-09-17T06:00,13.1,14.1,89.0,73.0,8.63,7.45,85,100
2025-09-17T07:00,14.4,15.3,237.0,199.0,8.54,7.95,82,100
2025-09-17T08:00,16.0,16.4,398.0,306.0,8.28,7.67,0,100
2025-09-17T09:00,17.5,17.4,532.0,356.0,6.88,8.31,9,100
2025-09-17T10:00,18.5,18.1,523.0,389.0,8.31,8.98,89,96
2025-09-17T11:00,19.3,18.7,561.0,439.0,8.49,9.41,98,81
2025-09-17T12:00,19.2,19.3,389.0,424.0,8.98,8.68,76,87
2025-09-17T13:00,19.8,19.4,387.0,351.0,9.79,8.53,98,90
2025-09-17T14:00,19.7,19.1,318.0,289.0,9.13,8.57,71,83
2025-09-17T15:00,20.3,18.5,288.0,206.0,7.61,7.54,70,84
2025-09-17T16:00,19.5,18.0,112.0,117.0,8.06,7.09,69,65
2025-09-17T17:00,18.3,17.3,38.0,30.0,7.7,6.83,44,58
2025-09-17T18:00,17.2,16.6,0.0,0.0,6.98,8.08,27,54
2025-09-17T19:00,16.4,16.1,0.0,0.0,8.26,7.7,16,31
2025-09-17T20:00,15.8,15.6,0.0,0.0,8.44,7.07,10,34
2025-09-17T21:00,15.2,15.2,0.0,0.0,8.19,6.79,0,43
2025-09-17T22:00,15.0,14.8,0.0,0.0,8.47,6.18,44,53
2025-09-17T23:00,15.0,14.6,0.0,0.0,7.44,5.2,8,70
2025-09-18T00:00,14.3,14.8,0.0,0.0,8.11,4.73,34,79
2025-09-18T01:00,14.2,14.8,0.0,0.0,8.08,3.92,39,75
2025-09-18T02:00,14.2,14.8,0.0,0.0,8.06,2.74,82,89
2025-09-18T03:00,14.3,14.7,0.0,0.0,7.17,2.5,83,93
2025-09-18T04:00,14.6,14.6,0.0,0.0,6.69,1.29,93,100
2025-09-18T05:00,14.9,14.4,1.0,1.0,5.43,1.98,99,98
2025-09-18T06:00,15.5,14.5,14.0,10.0,3.63,1.93,100,100
2025-09-18T07:00,15.9,14.8,35.0,21.0,3.46,2.23,100,100
2025-09-18T08:00,16.6,15.2,103.0,32.0,1.93,3.7,84,100
2025-09-18T09:00,17.6,15.7,285.0,33.0,2.09,3.53,56,100
2025-09-18T10:00,19.7,16.8,556.0,145.0,2.16,2.5,13,90
2025-09-18T11:00,21.5,18.4,640.0,259.0,1.92,1.8,0,83
2025-09-18T12:00,23.9,22.5,639.0,592.0,1.69,2.85,0,15
2025-09-18T13:00,25.1,23.9,582.0,572.0,2.65,3.84,0,0
2025-09-18T14:00,25.3,24.3,476.0,471.0,3.05,4.37,0,0
2025-09-18T15:00,25.4,24.0,334.0,327.0,1.67,4.16,0,33
2025-09-18T16:00,24.0,23.3,178.0,168.0,2.85,3.73,0,19
2025-09-18T17:00,23.1,21.9,43.0,40.0,3.16,3.48,0,3
2025-09-18T18:00,21.5,20.3,0.0,0.0,4.44,3.08,0,0
2025-09-18T19:00,20.5,19.0,0.0,0.0,3.26,2.87,0,10
2025-09-18T20:00,19.7,18.2,0.0,0.0,2.67,2.81,0,16
2025-09-18T21:00,19.2,17.1,0.0,0.0,4.77,4.16,14,9
2025-09-18T22:00,19.3,16.5,0.0,0.0,4.55,5.42,19,0
2025-09-18T23:00,19.2,16.4,0.0,0.0,4.68,5.89,0,0
2025-09-19T00:00,18.7,16.7,0.0,0.0,5.46,5.59,0,1
2025-09-19T01:00,18.4,16.4,0.0,0.0,4.96,5.18,0,2
2025-09-19T02:00,17.9,15.9,0.0,0.0,5.17,4.38,0,0
2025-09-19T03:00,17.5,15.1,0.0,0.0,4.03,3.69,0,0
2025-09-19T04:00,16.9,14.4,0.0,0.0,4.52,2.89,0,0
2025-09-19T05:00,16.7,13.7,4.0,5.0,3.75,2.54,0,0
2025-09-19T06:00,17.2,15.2,78.0,82.0,3.13,3.02,0,0
2025-09-19T07:00,17.8,17.6,217.0,224.0,1.8,1.95,0,0
2025-09-19T08:00,19.3,20.1,367.0,373.0,0.4,0.93,0,0
2025-09-19T09:00,23.3,21.8,506.0,503.0,1.39,0.53,0,0
2025-09-19T10:00,25.5,23.3,601.0,594.0,3.29,0.75,0,0
2025-09-19T11:00,26.6,24.4,648.0,636.0,3.94,1.1,0,0
2025-09-19T12:00,27.5,26.3,637.0,633.0,1.8,0.5,0,0
2025-09-19T13:00,28.2,27.0,576.0,571.0,1.12,0.1,0,0
2025-09-19T14:00,26.9,26.9,468.0,464.0,2.95,1.41,0,0
2025-09-19T15:00,27.4,26.0,322.0,322.0,2.56,2.3,0,0
2025-09-19T16:00,27.1,25.2,167.0,165.0,3.2,2.63,0,0
2025-09-19T17:00,25.5,23.5,37.0,36.0,4.0,4.18,0,0
2025-09-19T18:00,24.1,22.1,0.0,0.0,3.34,3.86,0,0
2025-09-19T19:00,22.7,21.0,0.0,0.0,2.53,3.33,0,0
2025-09-19T20:00,21.5,20.1,0.0,0.0,2.46,3.1,0,0
2025-09-19T21:00,20.4,19.3,0.0,0.0,1.74,2.31,0,0
2025-09-19T22:00,19.3,18.3,0.0,0.0,1.53,2.18,0,0
2025-09-19T23:00,18.3,17.6,0.0,0.0,1.52,2.07,0,0
2025-09-20T00:00,17.5,17.0,0.0,0.0,1.87,2.3,0,0
2025-09-20T01:00,16.8,16.3,0.0,0.0,1.81,2.64,0,0
2025-09-20T02:00,16.2,15.8,0.0,0.0,1.9,3.26,0,0
2025-09-20T03:00,15.6,15.3,0.0,0.0,2.15,3.53,0,38
2025-09-20T04:00,14.7,14.9,0.0,0.0,2.57,3.74,100,67
2025-09-20T05:00,14.2,15.0,2.0,3.0,2.29,4.09,100,76
2025-09-20T06:00,13.9,16.5,43.0,39.0,2.64,4.19,100,91
2025-09-20T07:00,15.6,17.3,133.0,125.0,2.65,2.71,75,90
2025-09-20T08:00,17.9,18.5,288.0,227.0,1.81,2.29,44,68
2025-09-20T09:00,21.4,20.6,482.0,378.0,2.77,3.02,2,55
2025-09-20T10:00,24.9,22.5,575.0,507.0,5.45,3.07,1,48
2025-09-20T11:00,26.8,24.5,626.0,576.0,7.04,3.33,0,45
2025-09-20T12:00,28.3,28.4,621.0,619.0,8.0,8.78,0,0
2025-09-20T13:00,28.9,28.9,562.0,559.0,9.6,10.27,0,0
2025-09-20T14:00,29.0,29.0,457.0,452.0,10.56,11.09,0,0
2025-09-20T15:00,29.0,28.4,316.0,310.0,10.0,11.48,0,41
2025-09-20T16:00,27.9,27.2,161.0,155.0,10.05,11.64,0,0
2025-09-20T17:00,26.4,25.7,35.0,34.0,11.01,11.31,0,82
2025-09-20T18:00,25.1,24.2,0.0,0.0,11.85,9.86,65,60
2025-09-20T19:00,24.0,22.9,0.0,0.0,10.32,8.72,0,32
2025-09-20T20:00,22.9,21.8,0.0,0.0,9.17,8.03,0,24
2025-09-20T21:00,21.5,20.6,0.0,0.0,7.97,6.66,0,31
2025-09-20T22:00,20.6,19.6,0.0,0.0,5.87,5.64,0,29
2025-09-20T23:00,19.9,18.9,0.0,0.0,5.63,4.91,0,50
2025-09-21T00:00,19.2,18.8,0.0,0.0,6.01,5.39,0,7
2025-09-21T01:00,18.7,18.3,0.0,0.0,5.86,4.59,0,0
2025-09-21T02:00,18.4,17.6,0.0,0.0,5.49,3.95,0,1
2025-09-21T03:00,18.1,17.0,0.0,0.0,5.13,3.34,100,1
2025-09-21T04:00,17.6,16.4,0.0,0.0,4.39,3.27,74,6
2025-09-21T05:00,16.8,15.9,3.0,3.0,3.86,3.33,70,14
2025-09-21T06:00,16.3,17.0,69.0,73.0,2.85,4.21,51,12
2025-09-21T07:00,17.6,18.8,207.0,210.0,2.7,3.61,0,0
2025-09-21T08:00,19.9,20.9,358.0,359.0,2.92,3.34,0,0
2025-09-21T09:00,22.8,23.1,491.0,491.0,5.03,4.37,0,0
2025-09-21T10:00,24.9,25.3,587.0,585.0,6.89,5.83,0,3
2025-09-21T11:00,26.9,26.9,635.0,630.0,8.62,7.33,0,0
2025-09-21T12:00,28.0,28.7,627.0,623.0,8.99,6.62,0,0
2025-09-21T13:00,28.8,29.4,568.0,564.0,10.47,7.67,9,6
2025-09-21T14:00,29.0,29.6,457.0,459.0,10.77,8.65,87,49
2025-09-21T15:00,28.9,29.1,307.0,317.0,10.84,9.33,100,73
2025-09-21T16:00,28.1,28.1,151.0,157.0,10.1,9.08,100,96
2025-09-21T17:00,26.6,26.2,31.0,31.0,10.73,9.22,100,100
2025-09-21T18:00,25.0,24.7,0.0,0.0,10.32,11.15,43,100
2025-09-21T19:00,23.5,23.5,0.0,0.0,9.06,9.99,80,72
2025-09-21T20:00,22.1,22.1,0.0,0.0,7.67,8.51,91,0
2025-09-21T21:00,21.1,21.1,0.0,0.0,7.15,6.96,60,0
2025-09-21T22:00,20.2,20.0,0.0,0.0,6.8,6.3,0,0
2025-09-21T23:00,19.4,18.9,0.0,0.0,6.54,5.66,0,0
2025-09-22T00:00,18.7,17.7,0.0,0.0,6.69,2.84,0,0
2025-09-22T01:00,18.2,16.7,0.0,0.0,6.01,1.67,0,0
2025-09-22T02:00,17.8,16.2,0.0,0.0,4.74,2.15,0,0
2025-09-22T03:00,17.3,16.0,0.0,0.0,4.11,1.31,0,0
2025-09-22T04:00,16.7,15.6,0.0,0.0,2.45,0.5,0,0
2025-09-22T05:00,15.8,14.9,2.0,2.0,0.6,0.71,0,5
2025-09-22T06:00,16.7,15.6,72.0,73.0,2.26,2.26,0,95
2025-09-22T07:00,18.2,17.6,211.0,212.0,2.64,2.54,36,17
2025-09-22T08:00,19.5,19.5,354.0,355.0,3.05,3.97,16,38
2025-09-22T09:00,21.0,20.7,472.0,471.0,3.65,3.04,37,31
2025-09-22T10:00,22.2,22.1,568.0,568.0,3.4,2.6,29,31
2025-09-22T11:00,23.2,23.2,612.0,614.0,3.16,2.48,0,32
2025-09-22T12:00,24.3,23.6,604.0,600.0,1.67,2.51,29,34
2025-09-22T13:00,24.9,24.0,537.0,532.0,2.2,2.56,46,38
2025-09-22T14:00,25.4,24.1,445.0,425.0,2.73,2.65,14,30
2025-09-22T15:00,27.1,23.8,291.0,299.0,3.14,2.55,76,29
2025-09-22T16:00,26.3,23.2,151.0,149.0,4.56,3.08,81,81
2025-09-22T17:00,25.4,22.0,23.0,28.0,4.04,3.64,46,100
2025-09-22T18:00,24.0,19.7,0.0,0.0,4.56,5.61,92,56
2025-09-22T19:00,21.0,18.4,0.0,0.0,6.53,6.58,4,92
2025-09-22T20:00,19.6,17.2,0.0,0.0,5.25,7.0,100,99
2025-09-22T21:00,18.8,16.1,0.0,0.0,7.25,6.31,81,100
2025-09-22T22:00,18.0,15.3,0.0,0.0,6.37,6.12,86,100
2025-09-22T23:00,17.0,14.6,0.0,0.0,7.11,6.72,79,99
2025-09-23T00:00,16.8,14.1,0.0,0.0,6.61,7.94,98,96
2025-09-23T01:00,16.3,13.8,0.0,0.0,7.32,7.83,96,100
2025-09-23T02:00,15.6,13.5,0.0,0.0,6.19,7.07,98,100
2025-09-23T03:00,15.6,13.5,0.0,0.0,6.74,6.45,97,100
2025-09-23T04:00,15.1,13.5,0.0,0.0,6.62,6.36,100,100
2025-09-23T05:00,14.7,13.5,1.0,1.0,7.02,6.64,100,100
2025-09-23T06:00,15.3,13.3,30.0,18.0,7.11,6.17,100,100
2025-09-23T07:00,15.1,13.6,79.0,63.0,6.94,5.76,100,100
2025-09-23T08:00,15.4,14.2,145.0,126.0,6.17,5.83,100,100
2025-09-23T09:00,16.0,14.8,176.0,194.0,6.85,6.18,100,100
2025-09-23T10:00,16.2,15.4,201.0,243.0,6.79,5.31,100,100
2025-09-23T11:00,16.5,15.9,154.0,254.0,7.19,6.05,100,100
2025-09-23T12:00,17.7,16.2,259.0,231.0,6.33,5.54,100,100
2025-09-23T13:00,17.8,16.2,191.0,162.0,6.38,5.23,100,100
2025-09-23T14:00,17.9,16.3,134.0,154.0,6.1,5.31,100,100
2025-09-23T15:00,17.2,16.0,131.0,97.0,6.77,5.12,100,100
2025-09-23T16:00,16.8,15.6,70.0,48.0,6.18,5.01,100,100
2025-09-23T17:00,16.3,15.0,12.0,7.0,6.27,5.03,100,100
2025-09-23T18:00,15.6,13.6,0.0,0.0,5.98,5.59,100,100
2025-09-23T19:00,14.9,13.2,0.0,0.0,6.27,6.3,100,99
2025-09-23T20:00,14.1,12.9,0.0,0.0,6.08,6.4,100,100
2025-09-23T21:00,13.5,12.6,0.0,0.0,6.32,5.6,100,100
2025-09-23T22:00,13.2,12.4,0.0,0.0,5.27,6.69,100,100
2025-09-23T23:00,13.1,12.1,0.0,0.0,5.28,6.01,99,100
2025-09-24T00:00,13.1,12.4,0.0,0.0,4.97,4.8,100,100
2025-09-24T01:00,13.1,12.0,0.0,0.0,5.09,5.31,99,100
2025-09-24T02:00,13.0,11.8,0.0,0.0,5.07,5.3,98,100
2025-09-24T03:00,13.0,11.6,0.0,0.0,6.21,4.56,100,100
2025-09-24T04:00,13.0,11.6,0.0,0.0,4.95,3.86,100,100
2025-09-24T05:00,13.0,11.6,0.0,0.0,5.68,3.35,99,100
2025-09-24T06:00,12.6,11.9,13.0,7.0,4.9,3.78,98,100
2025-09-24T07:00,12.6,12.1,42.0,23.0,5.1,3.29,99,100
2025-09-24T08:00,12.9,12.1,78.0,16.0,3.53,3.15,100,100
2025-09-24T09:00,12.2,12.3,32.0,33.0,3.74,2.84,100,100
2025-09-24T10:00,12.3,12.6,47.0,47.0,3.56,2.75,100,100
2025-09-24T11:00,12.4,12.8,27.0,51.0,3.34,2.9,100,100
2025-09-24T12:00,13.0,14.0,54.0,51.0,3.5,3.09,100,100
2025-09-24T13:00,13.4,13.9,51.0,30.0,3.41,3.02,100,100
2025-09-24T14:00,13.5,13.9,27.0,32.0,3.51,3.24,100,100
2025-09-24T15:00,13.0,14.0,14.0,32.0,3.76,3.07,100,100
2025-09-24T16:00,13.1,14.0,13.0,13.0,4.26,3.13,100,100
2025-09-24T17:00,13.1,13.8,2.0,3.0,4.39,3.63,100,100
2025-09-24T18:00,13.3,13.5,0.0,0.0,4.95,4.82,100,100
2025-09-24T19:00,13.2,13.3,0.0,0.0,4.95,4.79,100,100
2025-09-24T20:00,13.0,13.1,0.0,0.0,5.11,5.23,100,100
2025-09-24T21:00,12.6,12.9,0.0,0.0,4.95,4.73,100,100
2025-09-24T22:00,12.4,12.7,0.0,0.0,4.57,4.68,100,100
2025-09-24T23:00,12.2,12.6,0.0,0.0,4.54,4.64,100,100
2025-09-25T00:00,12.1,12.9,0.0,0.0,3.92,5.77,100,100
2025-09-25T01:00,12.0,12.7,0.0,0.0,4.13,4.45,100,100
2025-09-25T02:00,11.8,12.4,0.0,0.0,3.26,3.88,100,99
2025-09-25T03:00,11.4,12.1,0.0,0.0,4.16,3.11,99,100
2025-09-25T04:00,11.4,11.8,0.0,0.0,3.05,3.07,100,100
2025-09-25T05:00,11.3,11.5,0.0,0.0,2.99,2.72,100,100
2025-09-25T06:00,11.6,11.6,3.0,6.0,2.83,5.15,100,100
2025-09-25T07:00,11.6,11.5,13.0,17.0,2.72,4.44,100,100
2025-09-25T08:00,11.6,11.5,19.0,27.0,2.86,4.65,100,100
2025-09-25T09:00,11.3,11.7,33.0,66.0,2.98,4.95,100,100
2025-09-25T10:00,11.3,12.0,27.0,66.0,2.91,3.9,100,100
2025-09-25T11:00,11.4,12.3,39.0,81.0,3.59,4.63,100,100
2025-09-25T12:00,11.5,11.8,37.0,91.0,2.29,2.86,100,100
2025-09-25T13:00,11.7,12.2,81.0,87.0,2.57,3.19,100,100
2025-09-25T14:00,11.9,12.4,58.0,75.0,3.32,3.26,100,100
2025-09-25T15:00,12.7,12.2,23.0,41.0,3.33,3.07,100,100
2025-09-25T16:00,12.5,12.0,14.0,26.0,2.99,2.43,100,100
2025-09-25T17:00,12.3,11.8,2.0,2.0,3.33,2.36,100,100
2025-09-25T18:00,12.1,11.9,0.0,0.0,3.11,2.85,100,100
2025-09-25T19:00,12.0,11.9,0.0,0.0,2.96,3.02,100,100
2025-09-25T20:00,11.9,11.9,0.0,0.0,2.37,3.51,100,100
2025-09-25T21:00,12.1,12.0,0.0,0.0,2.94,2.85,100,100
2025-09-25T22:00,12.2,12.1,0.0,0.0,3.04,3.23,100,100
2025-09-25T23:00,12.3,12.2,0.0,0.0,2.86,3.63,100,100
2025-09-26T00:00,12.5,11.9,0.0,0.0,4.13,2.5,100,100
2025-09-26T01:00,12.5,12.0,0.0,0.0,3.44,2.84,100,100
2025-09-26T02:00,12.6,12.1,0.0,0.0,3.8,3.56,100,100
2025-09-26T03:00,12.8,12.2,0.0,0.0,4.04,4.19,100,100
2025-09-26T04:00,12.7,12.2,0.0,0.0,4.43,4.87,100,96
2025-09-26T05:00,12.5,12.1,0.0,0.0,4.12,5.49,100,100
2025-09-26T06:00,12.4,12.4,7.0,7.0,5.8,4.82,100,100
2025-09-26T07:00,12.4,12.4,22.0,17.0,6.24,5.53,98,100
2025-09-26T08:00,12.9,12.6,86.0,31.0,6.88,6.2,99,100
2025-09-26T09:00,13.5,12.9,107.0,42.0,5.88,6.41,100,100
2025-09-26T10:00,14.6,13.2,198.0,42.0,5.83,6.45,100,100
2025-09-26T11:00,15.3,13.7,151.0,87.0,5.92,6.69,99,100
2025-09-26T12:00,14.7,13.8,141.0,69.0,6.03,6.92,100,99
2025-09-26T13:00,15.1,13.9,87.0,54.0,5.19,6.7,100,100
2025-09-26T14:00,15.1,14.1,43.0,41.0,6.94,7.71,100,100
2025-09-26T15:00,15.1,14.0,33.0,30.0,6.82,7.85,100,100
2025-09-26T16:00,14.9,13.6,25.0,16.0,5.6,7.89,100,100
2025-09-26T17:00,14.6,13.3,3.0,2.0,5.24,8.5,100,100
2025-09-26T18:00,14.3,13.2,0.0,0.0,6.1,7.9,100,99
2025-09-26T19:00,14.0,13.0,0.0,0.0,7.61,7.72,100,100
2025-09-26T20:00,13.4,12.9,0.0,0.0,7.5,7.42,99,99
2025-09-26T21:00,12.6,12.7,0.0,0.0,7.01,7.43,95,92
2025-09-26T22:00,12.3,12.5,0.0,0.0,6.17,7.41,100,88
2025-09-26T23:00,12.2,12.2,0.0,0.0,6.66,7.5,93,99
2025-09-27T00:00,11.9,12.1,0.0,0.0,6.31,8.18,88,99
2025-09-27T01:00,11.7,11.8,0.0,0.0,6.6,8.37,75,99
2025-09-27T02:00,11.5,11.7,0.0,0.0,6.38,8.37,76,93
2025-09-27T03:00,11.2,11.5,0.0,0.0,6.18,7.97,94,95
2025-09-27T04:00,11.0,11.2,0.0,0.0,6.1,7.29,77,100
2025-09-27T05:00,10.8,11.0,1.0,1.0,6.03,6.75,86,79
2025-09-27T06:00,11.1,10.9,43.0,52.0,4.94,6.84,73,57
2025-09-27T07:00,11.8,12.1,154.0,163.0,4.3,5.48,58,54
2025-09-27T08:00,13.1,13.7,277.0,301.0,4.87,5.45,69,56
2025-09-27T09:00,14.6,15.2,422.0,424.0,5.48,6.18,74,53
2025-09-27T10:00,15.8,16.4,454.0,522.0,6.1,6.21,81,54
2025-09-27T11:00,16.7,17.2,533.0,542.0,5.61,5.94,74,64
2025-09-27T12:00,17.1,17.6,488.0,549.0,6.61,5.69,93,52
2025-09-27T13:00,17.9,17.9,398.0,497.0,6.12,6.09,67,34
2025-09-27T14:00,17.7,17.9,300.0,409.0,6.51,6.37,95,16
2025-09-27T15:00,17.5,17.5,253.0,273.0,5.65,6.41,51,15
2025-09-27T16:00,16.9,17.0,117.0,124.0,6.69,6.38,96,37
2025-09-27T17:00,15.8,15.9,16.0,16.0,5.3,6.61,29,76
2025-09-27T18:00,15.0,14.1,0.0,0.0,5.79,7.54,59,44
2025-09-27T19:00,14.5,13.2,0.0,0.0,4.53,6.44,76,56
2025-09-27T20:00,13.5,12.6,0.0,0.0,4.0,5.06,69,64
2025-09-27T21:00,13.3,12.2,0.0,0.0,5.11,4.03,71,60
2025-09-27T22:00,13.0,12.0,0.0,0.0,4.03,2.88,74,60
2025-09-27T23:00,12.7,11.7,0.0,0.0,3.02,2.37,75,68
2025-09-28T00:00,12.7,11.2,0.0,0.0,1.97,2.25,91,71
2025-09-28T01:00,12.4,11.0,0.0,0.0,1.45,1.86,71,85
2025-09-28T02:00,12.0,11.0,0.0,0.0,1.68,1.86,28,86
2025-09-28T03:00,11.9,11.0,0.0,0.0,1.33,2.05,96,81
2025-09-28T04:00,11.7,10.9,0.0,0.0,2.04,1.36,100,63
2025-09-28T05:00,11.8,10.6,0.0,0.0,2.39,0.98,100,81
2025-09-28T06:00,12.3,11.4,34.0,39.0,0.77,2.54,100,86
2025-09-28T07:00,13.0,13.0,71.0,118.0,1.25,3.84,98,96
2025-09-28T08:00,14.1,13.9,178.0,180.0,1.06,3.64,97,100
2025-09-28T09:00,15.9,14.6,306.0,237.0,1.86,4.53,94,99
2025-09-28T10:00,16.3,15.4,300.0,242.0,3.24,5.04,97,98
2025-09-28T11:00,17.0,15.9,286.0,261.0,4.33,5.19,99,99
2025-09-28T12:00,17.6,17.1,241.0,352.0,4.46,4.93,100,100
2025-09-28T13:00,17.1,17.2,159.0,264.0,4.02,4.31,100,100
2025-09-28T14:00,17.2,17.4,176.0,230.0,3.83,4.17,100,100
2025-09-28T15:00,18.2,17.3,152.0,181.0,4.52,4.53,100,100
2025-09-28T16:00,17.6,16.8,69.0,74.0,3.97,4.11,84,74
2025-09-28T17:00,17.1,15.9,11.0,11.0,2.73,5.13,71,86
2025-09-28T18:00,16.0,14.5,0.0,0.0,4.68,6.32,87,41
2025-09-28T19:00,15.3,13.6,0.0,0.0,6.14,6.18,100,41
2025-09-28T20:00,14.3,13.1,0.0,0.0,6.79,6.46,69,58
2025-09-28T21:00,13.0,12.6,0.0,0.0,6.08,5.9,0,64
2025-09-28T22:00,12.4,12.4,0.0,0.0,6.59,5.68,0,66
2025-09-28T23:00,12.0,11.9,0.0,0.0,6.73,5.68,0,39
2025-09-29T00:00,11.4,11.0,0.0,0.0,6.51,5.39,0,11
2025-09-29T01:00,10.7,10.5,0.0,0.0,6.41,5.65,0,0
2025-09-29T02:00,10.3,10.0,0.0,0.0,6.32,6.0,0,12
2025-09-29T03:00,10.2,9.7,0.0,0.0,6.61,6.4,0,1
2025-09-29T04:00,9.8,9.4,0.0,0.0,6.39,6.49,0,0
2025-09-29T05:00,9.6,9.1,0.0,0.0,6.79,6.84,0,0
2025-09-29T06:00,9.6,9.5,59.0,61.0,5.62,6.84,3,0
2025-09-29T07:00,10.5,10.5,200.0,204.0,6.11,6.14,18,0
2025-09-29T08:00,11.3,11.7,342.0,356.0,6.09,5.8,44,13
2025-09-29T09:00,12.2,13.0,307.0,482.0,5.62,5.56,71,39
2025-09-29T10:00,13.5,13.8,338.0,464.0,5.91,5.93,87,56
2025-09-29T11:00,14.6,14.4,478.0,436.0,5.46,5.66,98,78
2025-09-29T12:00,15.3,15.5,369.0,425.0,5.23,4.91,42,76
2025-09-29T13:00,15.8,15.5,474.0,339.0,5.11,5.29,4,82
2025-09-29T14:00,16.1,15.5,354.0,326.0,5.01,4.61,68,60
2025-09-29T15:00,15.8,15.3,209.0,241.0,4.96,4.51,13,37
2025-09-29T16:00,15.2,14.8,111.0,113.0,4.13,4.93,76,74
2025-09-29T17:00,14.5,13.8,12.0,12.0,3.96,4.62,92,70
2025-09-29T18:00,13.3,12.5,0.0,0.0,4.65,5.04,77,69
2025-09-29T19:00,12.8,12.1,0.0,0.0,4.13,4.77,100,92
2025-09-29T20:00,12.2,11.6,0.0,0.0,3.32,5.57,40,85
2025-09-29T21:00,11.0,10.8,0.0,0.0,4.77,4.87,76,38
2025-09-29T22:00,10.7,9.9,0.0,0.0,3.83,4.45,100,8
2025-09-29T23:00,10.4,9.2,0.0,0.0,3.34,4.15,65,6
2025-09-30T00:00,10.0,9.2,0.0,0.0,2.54,3.9,32,23
2025-09-30T01:00,9.5,8.6,0.0,0.0,3.16,4.23,29,17
2025-09-30T02:00,9.2,8.1,0.0,0.0,3.52,3.97,0,0
2025-09-30T03:00,8.6,7.6,0.0,0.0,3.52,3.71,0,4
2025-09-30T04:00,8.1,7.2,0.0,0.0,3.76,3.83,13,17
2025-09-30T05:00,7.8,6.9,0.0,0.0,3.42,4.02,66,40
2025-09-30T06:00,8.3,7.5,48.0,54.0,3.71,2.88,65,100
2025-09-30T07:00,9.0,8.6,177.0,159.0,3.34,2.45,64,100
2025-09-30T08:00,9.7,9.4,308.0,270.0,3.19,1.84,69,100
2025-09-30T09:00,10.9,10.4,429.0,351.0,3.94,1.47,37,98
2025-09-30T10:00,12.3,11.5,538.0,390.0,3.94,1.93,41,100
2025-09-30T11:00,13.2,12.2,463.0,350.0,4.29,2.26,86,100
2025-09-30T12:00,13.4,13.9,422.0,519.0,4.0,3.37,83,57
2025-09-30T13:00,13.7,14.5,348.0,479.0,3.84,3.59,96,40
2025-09-30T14:00,13.8,14.5,255.0,384.0,3.92,3.77,28,22
2025-09-30T15:00,13.8,14.2,249.0,258.0,3.84,3.84,0,7
2025-09-30T16:00,13.4,13.5,119.0,120.0,4.02,3.98,16,0
2025-09-30T17:00,12.6,12.4,13.0,12.0,3.34,4.42,46,0
2025-09-30T18:00,11.9,11.0,0.0,0.0,4.43,4.61,0,0
2025-09-30T19:00,11.1,10.3,0.0,0.0,4.17,5.66,2,0
2025-09-30T20:00,10.5,9.8,0.0,0.0,3.92,5.75,0,16
2025-09-30T21:00,9.6,9.3,0.0,0.0,5.29,5.49,0,39
2025-09-30T22:00,9.1,8.9,0.0,0.0,5.06,5.52,0,33
2025-09-30T23:00,8.8,8.5,0.0,0.0,5.02,5.86,0,2
2025-10-01T00:00,8.7,7.9,0.0,0.0,5.19,6.42,19,45
2025-10-01T01:00,8.2,7.7,0.0,0.0,5.48,6.77,49,32
2025-10-01T02:00,8.0,7.6,0.0,0.0,5.33,6.84,54,52
2025-10-01T03:00,7.9,7.6,0.0,0.0,5.73,6.5,91,68
2025-10-01T04:00,8.0,7.7,0.0,0.0,5.31,6.77,98,70
2025-10-01T05:00,8.4,7.8,0.0,0.0,5.08,7.1,100,71
2025-10-01T06:00,8.6,8.5,19.0,22.0,5.97,6.18,100,78
2025-10-01T07:00,9.0,9.1,43.0,121.0,6.19,7.84,100,92
2025-10-01T08:00,9.4,10.2,119.0,211.0,6.96,7.94,100,87
2025-10-01T09:00,10.7,10.7,131.0,214.0,6.0,7.46,100,89
2025-10-01T10:00,11.6,11.5,210.0,272.0,6.56,7.75,89,95
2025-10-01T11:00,12.0,11.5,236.0,273.0,6.99,7.84,100,99
2025-10-01T12:00,12.6,12.8,348.0,314.0,6.97,6.46,94,100
2025-10-01T13:00,12.4,13.1,195.0,252.0,7.35,7.55,99,97
2025-10-01T14:00,12.2,12.8,218.0,176.0,8.27,8.05,85,89
2025-10-01T15:00,12.1,12.2,94.0,146.0,7.45,8.63,95,83
2025-10-01T16:00,11.8,11.5,62.0,77.0,7.38,7.95,90,81
2025-10-01T17:00,11.1,10.8,7.0,6.0,7.36,8.23,100,87
2025-10-01T18:00,10.1,10.4,0.0,0.0,7.97,8.43,65,97
2025-10-01T19:00,9.4,9.8,0.0,0.0,7.46,8.48,98,97
2025-10-01T20:00,9.1,9.4,0.0,0.0,7.65,7.96,41,95
2025-10-01T21:00,8.8,9.0,0.0,0.0,8.07,7.47,65,96
2025-10-01T22:00,8.7,8.7,0.0,0.0,7.56,7.69,84,93
2025-10-01T23:00,8.4,8.5,0.0,0.0,7.27,7.44,68,89
2025-10-02T00:00,8.6,8.3,0.0,0.0,6.79,7.63,91,89
2025-10-02T01:00,8.3,8.2,0.0,0.0,7.47,7.28,30,76
2025-10-02T02:00,7.8,8.1,0.0,0.0,7.15,7.43,0,83
2025-10-02T03:00,7.0,8.0,0.0,0.0,6.14,7.45,2,70
2025-10-02T04:00,6.8,7.7,0.0,0.0,6.67,7.41,0,79
2025-10-02T05:00,6.6,7.6,0.0,0.0,6.84,7.16,77,94
2025-10-02T06:00,7.1,7.9,37.0,46.0,6.03,7.1,30,62
2025-10-02T07:00,8.2,8.6,183.0,104.0,5.66,6.66,56,96
2025-10-02T08:00,9.1,8.9,262.0,95.0,4.91,6.8,94,100
2025-10-02T09:00,10.0,10.0,220.0,198.0,5.62,6.15,100,54
2025-10-02T10:00,10.2,12.1,141.0,439.0,5.2,6.42,100,93
2025-10-02T11:00,10.7,12.6,190.0,320.0,6.06,7.43,99,95
2025-10-02T12:00,11.4,10.7,337.0,243.0,5.92,6.32,100,95
2025-10-02T13:00,10.8,11.3,234.0,277.0,4.9,6.32,100,99
2025-10-02T14:00,10.8,11.6,168.0,183.0,5.25,6.47,47,78
2025-10-02T15:00,12.0,11.6,169.0,186.0,7.69,6.37,52,63
2025-10-02T16:00,11.3,11.3,84.0,84.0,7.32,5.7,50,81
2025-10-02T17:00,10.4,10.6,7.0,6.0,6.55,6.18,35,74
2025-10-02T18:00,9.2,8.9,0.0,0.0,5.48,5.98,0,11
2025-10-02T19:00,8.6,8.2,0.0,0.0,5.62,5.35,0,48
2025-10-02T20:00,8.1,7.7,0.0,0.0,5.29,4.82,0,59
2025-10-02T21:00,7.9,7.4,0.0,0.0,5.55,4.32,0,60
2025-10-02T22:00,7.4,7.0,0.0,0.0,5.83,4.59,0,48
2025-10-02T23:00,7.0,6.5,0.0,0.0,5.39,4.82,0,6
2025-10-03T00:00,6.6,6.1,0.0,0.0,5.13,5.06,0,3
2025-10-03T01:00,6.4,5.7,0.0,0.0,5.35,5.03,0,12
2025-10-03T02:00,6.1,5.3,0.0,0.0,6.0,4.64,0,6
2025-10-03T03:00,5.8,5.0,0.0,0.0,6.62,4.67,0,0
2025-10-03T04:00,5.5,4.7,0.0,0.0,6.81,5.24,0,0
2025-10-03T05:00,5.3,4.6,0.0,0.0,6.37,5.44,0,0
2025-10-03T06:00,5.3,4.9,50.0,50.0,6.37,5.24,0,0
2025-10-03T07:00,6.5,6.7,192.0,191.0,5.41,4.86,0,0
2025-10-03T08:00,7.7,8.1,348.0,346.0,5.46,4.09,0,0
2025-10-03T09:00,9.2,9.3,479.0,477.0,6.22,4.71,0,5
2025-10-03T10:00,10.3,10.3,567.0,559.0,6.09,5.09,25,34
2025-10-03T11:00,11.2,11.1,607.0,590.0,5.91,5.3,0,26
2025-10-03T12:00,11.9,11.9,600.0,590.0,5.61,5.63,0,2
2025-10-03T13:00,12.4,12.2,531.0,526.0,5.71,5.7,0,5
2025-10-03T14:00,12.5,12.1,417.0,414.0,5.75,5.79,0,0
2025-10-03T15:00,12.3,11.6,269.0,265.0,6.01,5.89,0,0
2025-10-03T16:00,11.7,10.9,111.0,108.0,5.49,6.08,0,0
2025-10-03T17:00,10.8,9.6,9.0,8.0,5.57,6.12,0,0
2025-10-03T18:00,9.9,8.3,0.0,0.0,4.97,4.78,0,0
2025-10-03T19:00,9.5,7.3,0.0,0.0,4.91,4.67,0,0
2025-10-03T20:00,8.7,6.5,0.0,0.0,4.12,4.7,0,0
2025-10-03T21:00,8.1,6.0,0.0,0.0,4.44,4.83,0,0
2025-10-03T22:00,7.7,5.5,0.0,0.0,4.52,4.8,0,0
2025-10-03T23:00,7.1,5.2,0.0,0.0,3.95,4.82,0,0
2025-10-04T00:00,5.8,5.6,0.0,0.0,2.98,5.71,0,1
2025-10-04T01:00,5.3,5.3,0.0,0.0,2.88,5.35,0,0
2025-10-04T02:00,4.8,4.9,0.0,0.0,1.29,5.56,0,0
2025-10-04T03:00,4.3,4.6,0.0,0.0,1.28,5.28,0,0
2025-10-04T04:00,3.7,4.2,0.0,0.0,0.63,4.87,0,0
2025-10-04T05:00,3.3,3.8,0.0,0.0,0.53,4.51,0,0
2025-10-04T06:00,3.6,2.6,45.0,47.0,2.09,0.69,18,1
2025-10-04T07:00,4.8,4.8,178.0,183.0,2.87,1.1,0,0
2025-10-04T08:00,6.7,6.9,329.0,334.0,2.7,2.48,0,0
2025-10-04T09:00,8.5,8.9,457.0,466.0,3.04,2.51,36,0
2025-10-04T10:00,10.6,11.0,544.0,557.0,3.9,3.92,0,0
2025-10-04T11:00,12.6,13.0,574.0,595.0,4.74,5.31,0,0
2025-10-04T12:00,14.3,14.2,532.0,449.0,5.17,6.02,81,91
2025-10-04T13:00,14.9,14.4,325.0,204.0,5.19,5.83,99,97
2025-10-04T14:00,14.7,14.5,69.0,100.0,4.92,5.22,100,99
2025-10-04T15:00,14.0,14.0,38.0,41.0,4.0,5.97,100,99
2025-10-04T16:00,13.2,12.7,8.0,11.0,5.96,6.91,100,100
2025-10-04T17:00,11.8,11.8,1.0,1.0,6.2,7.58,98,92
2025-10-04T18:00,11.2,10.1,0.0,0.0,5.93,7.22,100,97
2025-10-04T19:00,11.0,10.0,0.0,0.0,4.43,6.28,100,100
2025-10-04T20:00,11.1,10.1,0.0,0.0,3.32,3.73,100,100
2025-10-04T21:00,11.9,11.7,0.0,0.0,9.82,13.23,100,87
2025-10-04T22:00,12.3,13.0,0.0,0.0,13.28,17.98,100,100
2025-10-04T23:00,12.1,12.6,0.0,0.0,13.07,12.84,97,90
2025-10-05T00:00,12.3,12.3,0.0,0.0,10.32,12.48,100,100
2025-10-05T01:00,11.8,12.1,0.0,0.0,10.81,12.74,100,100
2025-10-05T02:00,11.5,11.9,0.0,0.0,11.0,11.09,100,100
2025-10-05T03:00,11.7,11.9,0.0,0.0,11.16,12.03,100,100
2025-10-05T04:00,11.6,11.9,0.0,0.0,10.39,12.3,100,100
2025-10-05T05:00,11.3,11.6,0.0,0.0,9.86,11.6,100,100
2025-10-05T06:00,10.8,10.8,18.0,17.0,11.6,11.28,100,100
2025-10-05T07:00,11.3,11.1,88.0,65.0,12.43,11.91,100,100
2025-10-05T08:00,11.7,11.5,157.0,118.0,10.95,10.03,100,100
2025-10-05T09:00,12.2,12.2,230.0,231.0,11.05,9.2,100,100
2025-10-05T10:00,12.7,12.6,297.0,259.0,10.05,8.97,100,100
2025-10-05T11:00,13.5,13.0,347.0,267.0,10.91,8.7,100,100
2025-10-05T12:00,14.3,13.9,390.0,319.0,10.18,8.77,100,100
2025-10-05T13:00,14.3,13.8,309.0,259.0,10.05,9.01,100,100
2025-10-05T14:00,14.4,13.8,288.0,211.0,9.84,7.5,100,100
2025-10-05T15:00,14.4,14.1,189.0,152.0,9.94,6.46,100,74
2025-10-05T16:00,13.6,13.4,79.0,73.0,9.77,10.3,54,41
2025-10-05T17:00,12.7,12.3,6.0,5.0,10.46,11.56,31,5
2025-10-05T18:00,11.7,11.0,0.0,0.0,12.03,12.55,100,1
2025-10-05T19:00,11.1,10.7,0.0,0.0,10.92,13.86,100,13
2025-10-05T20:00,11.0,10.4,0.0,0.0,11.01,13.97,100,38
2025-10-05T21:00,10.5,10.2,0.0,0.0,10.62,12.69,100,53
2025-10-05T22:00,10.2,9.9,0.0,0.0,11.0,12.96,100,91
2025-10-05T23:00,9.7,9.8,0.0,0.0,10.94,12.39,7,99
2025-10-06T00:00,9.6,9.8,0.0,0.0,10.88,13.22,66,31
2025-10-06T01:00,9.6,9.8,0.0,0.0,10.68,12.97,100,100
2025-10-06T02:00,9.3,9.6,0.0,0.0,9.58,12.06,100,100
2025-10-06T03:00,9.2,9.3,0.0,0.0,9.63,10.88,98,100
2025-10-06T04:00,9.1,9.3,0.0,0.0,11.53,11.89,97,70
2025-10-06T05:00,9.1,9.0,0.0,0.0,10.42,11.69,96,71
2025-10-06T06:00,9.3,9.2,24.0,34.0,10.44,12.38,91,89
2025-10-06T07:00,10.0,10.2,122.0,143.0,10.89,12.4,69,88
2025-10-06T08:00,11.2,11.2,303.0,260.0,11.49,11.63,20,64
2025-10-06T09:00,10.7,12.1,150.0,353.0,10.82,12.85,99,88
2025-10-06T10:00,11.4,12.3,238.0,280.0,11.31,12.58,95,82
2025-10-06T11:00,12.3,13.4,281.0,383.0,11.45,12.76,97,73
2025-10-06T12:00,13.8,13.6,336.0,242.0,9.13,10.82,83,96
2025-10-06T13:00,14.8,13.9,376.0,236.0,9.33,10.34,100,100
2025-10-06T14:00,14.3,14.0,184.0,179.0,10.03,8.04,76,82
2025-10-06T15:00,13.3,14.3,73.0,137.0,9.91,7.67,99,85
2025-10-06T16:00,12.3,13.3,42.0,43.0,8.75,8.63,97,88
2025-10-06T17:00,11.7,12.0,3.0,2.0,10.42,9.76,100,86
2025-10-06T18:00,11.2,11.2,0.0,0.0,9.61,12.51,93,91
2025-10-06T19:00,10.9,11.0,0.0,0.0,9.93,11.4,90,72
2025-10-06T20:00,10.6,11.1,0.0,0.0,10.08,12.13,69,95
2025-10-06T21:00,10.8,10.9,0.0,0.0,9.81,12.48,87,91
2025-10-06T22:00,10.7,10.7,0.0,0.0,9.58,10.81,84,93
2025-10-06T23:00,10.8,10.5,0.0,0.0,9.18,11.15,100,68
2025-10-07T00:00,10.7,11.0,0.0,0.0,8.27,10.14,96,83
2025-10-07T01:00,10.8,10.8,0.0,0.0,8.21,9.45,92,55
2025-10-07T02:00,10.7,10.6,0.0,0.0,8.11,8.64,79,69
2025-10-07T03:00,10.6,10.4,0.0,0.0,8.32,7.8,79,66
2025-10-07T04:00,10.8,10.6,0.0,0.0,9.48,8.5,91,69
2025-10-07T05:00,10.5,10.7,0.0,0.0,9.29,8.66,30,50
2025-10-07T06:00,11.3,10.8,19.0,28.0,9.78,9.98,68,68
2025-10-07T07:00,11.8,11.8,78.0,113.0,9.71,10.39,78,86
2025-10-07T08:00,12.3,13.0,126.0,222.0,9.17,11.02,86,70
2025-10-07T09:00,13.4,13.8,254.0,284.0,10.73,10.53,97,92
2025-10-07T10:00,14.3,14.4,313.0,217.0,8.69,9.43,87,92
2025-10-07T11:00,15.0,15.0,298.0,219.0,8.59,9.08,88,96
2025-10-07T12:00,15.4,15.9,262.0,264.0,9.73,8.52,87,72
2025-10-07T13:00,15.9,16.8,253.0,362.0,8.63,8.41,80,30
2025-10-07T14:00,15.7,16.9,217.0,308.0,8.59,8.41,88,42
2025-10-07T15:00,15.2,16.5,91.0,196.0,7.35,8.36,94,54
2025-10-07T16:00,14.7,15.6,45.0,70.0,6.08,7.59,100,55
2025-10-07T17:00,14.1,14.5,2.0,4.0,5.68,7.04,100,71
2025-10-07T18:00,13.9,13.8,0.0,0.0,7.23,7.15,86,83
2025-10-07T19:00,13.4,13.3,0.0,0.0,6.52,6.58,100,92
2025-10-07T20:00,12.9,12.9,0.0,0.0,6.47,7.15,100,75
2025-10-07T21:00,12.6,12.5,0.0,0.0,6.96,7.58,84,83
2025-10-07T22:00,12.2,12.2,0.0,0.0,7.47,7.56,74,71
2025-10-07T23:00,11.7,11.8,0.0,0.0,7.04,7.7,54,59
2025-10-08T00:00,11.1,11.3,0.0,0.0,6.28,6.56,43,53
2025-10-08T01:00,10.8,10.9,0.0,0.0,6.24,5.69,45,34
2025-10-08T02:00,10.5,10.5,0.0,0.0,5.77,5.63,4,36
2025-10-08T03:00,10.3,10.2,0.0,0.0,4.51,5.61,0,29
2025-10-08T04:00,10.1,10.0,0.0,0.0,4.37,6.11,19,35
2025-10-08T05:00,10.0,9.8,0.0,0.0,3.68,5.56,65,23
2025-10-08T06:00,10.2,9.8,32.0,34.0,4.51,4.27,60,21
2025-10-08T07:00,11.1,11.2,138.0,154.0,2.86,3.63,73,21
2025-10-08T08:00,12.1,12.9,244.0,292.0,1.4,2.61,78,44
2025-10-08T09:00,13.9,14.2,371.0,405.0,2.02,2.89,60,55
2025-10-08T10:00,15.1,15.3,435.0,455.0,2.67,3.53,86,70
2025-10-08T11:00,15.7,15.9,419.0,440.0,3.47,3.75,92,89
2025-10-08T12:00,14.8,15.3,181.0,278.0,3.67,4.09,100,91
2025-10-08T13:00,15.0,15.5,164.0,256.0,3.45,4.65,95,93
2025-10-08T14:00,15.2,15.5,138.0,178.0,3.7,4.85,94,90
2025-10-08T15:00,15.5,15.3,154.0,84.0,4.04,4.72,100,100
2025-10-08T16:00,15.0,14.9,43.0,20.0,3.33,4.16,100,100
2025-10-08T17:00,14.6,14.7,2.0,1.0,2.47,4.47,100,100
2025-10-08T18:00,14.5,14.3,0.0,0.0,4.08,4.71,95,90
2025-10-08T19:00,14.5,14.3,0.0,0.0,4.51,4.62,98,92
2025-10-08T20:00,14.6,14.2,0.0,0.0,4.95,5.08,93,96
2025-10-08T21:00,14.7,14.4,0.0,0.0,4.57,5.46,91,95
2025-10-08T22:00,14.6,14.5,0.0,0.0,3.83,5.51,98,97
2025-10-08T23:00,14.4,14.6,0.0,0.0,4.84,5.8,99,94
2025-10-09T00:00,14.3,13.8,0.0,0.0,5.09,4.24,93,96
2025-10-09T01:00,14.2,13.7,0.0,0.0,4.93,4.3,99,100
2025-10-09T02:00,14.2,13.5,0.0,0.0,4.78,4.09,100,98
2025-10-09T03:00,14.1,13.5,0.0,0.0,6.44,4.3,97,97
2025-10-09T04:00,14.0,13.5,0.0,0.0,7.56,4.25,97,99
2025-10-09T05:00,14.1,13.7,0.0,0.0,8.2,5.27,100,100
2025-10-09T06:00,13.9,14.1,4.0,6.0,8.2,8.09,100,100
2025-10-09T07:00,14.0,14.5,23.0,33.0,8.23,7.13,99,99
2025-10-09T08:00,14.0,14.7,41.0,54.0,7.23,7.1,100,99
2025-10-09T09:00,14.3,15.0,53.0,95.0,6.01,6.62,100,100
2025-10-09T10:00,14.5,15.4,66.0,128.0,6.06,6.89,100,94
2025-10-09T11:00,14.8,16.3,75.0,272.0,6.14,7.29,99,81
2025-10-09T12:00,14.9,17.2,62.0,326.0,5.61,8.59,100,92
2025-10-09T13:00,14.9,16.3,55.0,150.0,5.33,8.54,100,96
2025-10-09T14:00,15.5,15.6,110.0,82.0,4.53,7.21,100,92
2025-10-09T15:00,15.5,15.5,92.0,84.0,6.28,7.77,100,90
2025-10-09T16:00,15.1,14.9,46.0,31.0,7.56,8.92,85,91
2025-10-09T17:00,14.9,14.5,1.0,1.0,7.47,8.68,100,98
2025-10-09T18:00,14.6,14.4,0.0,0.0,6.84,7.15,89,74
2025-10-09T19:00,14.4,14.0,0.0,0.0,6.4,7.53,95,65
2025-10-09T20:00,14.2,13.5,0.0,0.0,6.03,7.67,88,80
2025-10-09T21:00,13.6,13.0,0.0,0.0,6.51,7.95,79,65
2025-10-09T22:00,13.1,12.4,0.0,0.0,5.25,8.77,73,27
2025-10-09T23:00,12.7,11.8,0.0,0.0,6.78,8.02,50,12
2025-10-10T00:00,12.7,12.0,0.0,0.0,6.76,6.9,52,100
2025-10-10T01:00,12.3,11.9,0.0,0.0,6.71,6.79,100,75
2025-10-10T02:00,11.9,11.6,0.0,0.0,6.1,7.48,93,41
2025-10-10T03:00,11.8,11.4,0.0,0.0,6.9,7.0,94,59
2025-10-10T04:00,11.7,11.3,0.0,0.0,5.92,6.6,95,100
2025-10-10T05:00,11.6,11.2,0.0,0.0,6.51,6.56,100,100
2025-10-10T06:00,11.7,11.6,23.0,24.0,6.01,9.12,100,81
2025-10-10T07:00,12.4,12.7,114.0,105.0,6.68,8.48,100,89
2025-10-10T08:00,13.6,14.0,202.0,248.0,7.64,8.7,80,100
2025-10-10T09:00,15.0,15.2,360.0,362.0,8.44,9.16,98,100
2025-10-10T10:00,15.4,16.1,225.0,431.0,8.66,8.81,98,100
2025-10-10T11:00,15.7,17.0,271.0,464.0,9.37,8.55,92,100
2025-10-10T12:00,14.9,17.3,108.0,410.0,9.65,9.17,100,90
2025-10-10T13:00,15.3,17.4,121.0,344.0,9.02,10.3,100,91
2025-10-10T14:00,15.6,17.5,130.0,235.0,8.51,9.77,93,83
2025-10-10T15:00,16.1,17.2,63.0,139.0,8.17,8.7,100,90
2025-10-10T16:00,15.7,16.6,13.0,37.0,8.02,8.48,100,97
2025-10-10T17:00,14.7,15.9,0.0,1.0,7.53,9.2,100,95
2025-10-10T18:00,14.3,15.4,0.0,0.0,7.48,10.0,100,91
2025-10-10T19:00,14.5,15.0,0.0,0.0,7.61,9.03,100,100
2025-10-10T20:00,14.0,14.7,0.0,0.0,8.25,9.6,100,86
2025-10-10T21:00,13.9,14.5,0.0,0.0,10.03,10.18,100,96
2025-10-10T22:00,13.7,14.4,0.0,0.0,9.54,9.84,100,92
2025-10-10T23:00,13.6,14.2,0.0,0.0,9.95,10.94,100,83
2025-10-11T00:00,13.3,14.0,0.0,0.0,9.39,10.69,100,96
2025-10-11T01:00,13.2,13.9,0.0,0.0,9.39,10.08,100,100
2025-10-11T02:00,13.1,13.7,0.0,0.0,9.85,10.05,100,98
2025-10-11T03:00,12.9,13.6,0.0,0.0,9.95,9.98,100,98
2025-10-11T04:00,13.0,13.0,0.0,0.0,10.1,8.81,100,100
2025-10-11T05:00,13.1,12.6,0.0,0.0,10.17,8.93,98,100
2025-10-11T06:00,13.2,12.5,15.0,27.0,10.04,8.56,100,42
2025-10-11T07:00,13.7,13.6,109.0,144.0,9.49,7.94,100,40
2025-10-11T08:00,14.5,14.9,227.0,272.0,8.69,8.07,100,52
2025-10-11T09:00,15.4,16.0,349.0,386.0,8.86,8.2,100,48
2025-10-11T10:00,16.4,16.7,413.0,430.0,8.48,7.47,100,59
2025-10-11T11:00,17.4,17.5,371.0,483.0,8.25,6.9,84,65
2025-10-11T12:00,17.2,17.6,277.0,386.0,7.43,8.73,96,77
2025-10-11T13:00,17.3,17.7,179.0,348.0,8.29,8.18,80,69
2025-10-11T14:00,17.3,17.6,171.0,281.0,7.84,8.49,94,74
2025-10-11T15:00,17.0,17.2,83.0,136.0,7.65,7.91,100,92
2025-10-11T16:00,16.6,16.6,25.0,31.0,7.35,6.72,81,94
2025-10-11T17:00,16.1,15.9,1.0,1.0,6.14,5.74,100,71
2025-10-11T18:00,15.7,15.1,0.0,0.0,7.35,5.62,95,100
2025-10-11T19:00,15.2,14.8,0.0,0.0,7.34,5.47,100,66
2025-10-11T20:00,14.7,14.3,0.0,0.0,7.77,5.72,70,69
2025-10-11T21:00,14.5,13.9,0.0,0.0,7.01,6.38,100,69
2025-10-11T22:00,14.0,13.7,0.0,0.0,6.94,6.2,83,68
2025-10-11T23:00,13.9,13.2,0.0,0.0,6.73,5.51,82,48
2025-10-12T00:00,13.1,12.5,0.0,0.0,7.28,5.82,84,58
2025-10-12T01:00,12.9,12.1,0.0,0.0,6.5,6.05,87,63
2025-10-12T02:00,12.6,11.9,0.0,0.0,6.31,5.71,64,43
2025-10-12T03:00,12.3,11.6,0.0,0.0,5.52,5.96,76,35
2025-10-12T04:00,12.0,11.4,0.0,0.0,5.73,6.09,72,16
2025-10-12T05:00,12.0,11.1,0.0,0.0,5.22,5.82,85,20
2025-10-12T06:00,11.9,12.2,22.0,18.0,5.57,5.66,72,80
2025-10-12T07:00,12.7,13.1,98.0,97.0,5.26,5.22,89,68
2025-10-12T08:00,13.9,14.2,194.0,202.0,4.78,5.11,62,80
2025-10-12T09:00,15.0,15.0,360.0,262.0,5.65,5.29,45,87
2025-10-12T10:00,15.9,15.5,444.0,295.0,6.3,5.55,55,81
2025-10-12T11:00,16.3,16.5,428.0,394.0,6.72,5.35,77,65
2025-10-12T12:00,16.6,16.9,397.0,372.0,7.57,7.28,68,63
2025-10-12T13:00,16.6,16.9,380.0,345.0,7.14,7.36,84,69
2025-10-12T14:00,16.5,16.8,226.0,259.0,6.79,7.28,72,78
2025-10-12T15:00,16.2,16.2,146.0,120.0,7.05,7.96,75,78
2025-10-12T16:00,15.6,15.7,55.0,35.0,6.33,7.41,60,95
2025-10-12T17:00,14.9,15.2,1.0,0.0,6.45,8.04,100,100
2025-10-12T18:00,14.5,14.3,0.0,0.0,7.74,8.86,72,100
2025-10-12T19:00,14.0,14.1,0.0,0.0,8.59,7.45,61,96
2025-10-12T20:00,13.7,13.9,0.0,0.0,8.61,7.36,83,96
2025-10-12T21:00,13.6,13.9,0.0,0.0,8.64,7.37,97,100
2025-10-12T22:00,13.5,13.8,0.0,0.0,8.64,7.55,99,100
2025-10-12T23:00,13.4,13.7,0.0,0.0,8.33,7.89,100,100
2025-10-13T00:00,13.4,13.3,0.0,0.0,8.34,9.51,100,100
2025-10-13T01:00,13.3,13.2,0.0,0.0,8.5,9.82,100,100
2025-10-13T02:00,13.1,13.0,0.0,0.0,8.12,9.67,100,98
2025-10-13T03:00,13.1,12.8,0.0,0.0,8.29,8.91,100,100
2025-10-13T04:00,12.9,12.7,0.0,0.0,7.7,8.84,100,100
2025-10-13T05:00,12.8,12.7,0.0,0.0,8.55,9.05,100,100
2025-10-13T06:00,12.7,12.7,2.0,14.0,7.51,7.1,100,99
2025-10-13T07:00,12.8,13.0,21.0,81.0,7.81,6.38,100,80
2025-10-13T08:00,12.9,13.9,35.0,186.0,7.78,6.13,100,87
2025-10-13T09:00,13.1,14.4,82.0,210.0,7.01,7.29,100,87
2025-10-13T10:00,13.2,14.2,72.0,135.0,7.26,6.8,100,100
2025-10-13T11:00,13.5,14.1,131.0,99.0,6.88,6.1,100,99
2025-10-13T12:00,13.8,13.7,231.0,129.0,6.54,5.56,94,96
2025-10-13T13:00,14.3,14.4,195.0,182.0,6.59,4.84,96,92
2025-10-13T14:00,14.6,14.5,213.0,144.0,6.35,5.06,67,87
2025-10-13T15:00,14.6,14.2,175.0,90.0,6.65,4.71,56,88
2025-10-13T16:00,13.8,13.9,57.0,25.0,6.94,4.16,84,91
2025-10-13T17:00,12.9,13.4,0.0,0.0,9.89,4.84,8,74
2025-10-13T18:00,12.3,13.2,0.0,0.0,9.45,5.36,40,60
2025-10-13T19:00,12.2,12.6,0.0,0.0,6.45,3.97,89,55
2025-10-13T20:00,12.1,11.9,0.0,0.0,3.29,3.14,53,51
2025-10-13T21:00,11.2,11.2,0.0,0.0,2.72,2.91,65,49
2025-10-13T22:00,11.1,10.5,0.0,0.0,2.02,3.34,98,51
2025-10-13T23:00,10.8,9.9,0.0,0.0,1.87,3.43,90,75
2025-10-14T00:00,10.0,10.8,0.0,0.0,1.53,3.11,63,52
2025-10-14T01:00,9.4,10.3,0.0,0.0,1.46,2.76,97,85
2025-10-14T02:00,9.0,10.0,0.0,0.0,2.07,2.14,47,100
2025-10-14T03:00,9.4,9.7,0.0,0.0,4.67,1.38,59,100
2025-10-14T04:00,9.2,9.4,0.0,0.0,4.96,2.3,30,99
2025-10-14T05:00,8.9,9.2,0.0,0.0,5.56,3.08,12,96
2025-10-14T06:00,8.9,8.5,24.0,20.0,4.23,2.77,1,100
2025-10-14T07:00,9.7,9.5,141.0,112.0,3.53,3.08,0,99
2025-10-14T08:00,10.9,10.8,282.0,219.0,3.51,2.2,63,96
2025-10-14T09:00,11.7,11.9,311.0,315.0,3.55,2.65,100,98
2025-10-14T10:00,12.3,12.7,373.0,356.0,3.42,2.46,96,89
2025-10-14T11:00,12.6,13.1,351.0,346.0,3.51,2.37,93,89
2025-10-14T12:00,14.3,14.2,459.0,406.0,3.21,2.78,88,92
2025-10-14T13:00,14.7,14.2,361.0,317.0,3.37,2.88,93,89
2025-10-14T14:00,14.7,14.1,254.0,261.0,3.38,2.75,95,87
2025-10-14T15:00,14.5,13.7,132.0,143.0,2.61,2.59,93,86
2025-10-14T16:00,14.1,13.2,32.0,41.0,1.97,2.2,98,60
2025-10-14T17:00,13.6,12.7,0.0,0.0,1.08,1.4,100,80
2025-10-14T18:00,13.0,12.6,0.0,0.0,1.15,2.41,97,96
2025-10-14T19:00,12.6,12.1,0.0,0.0,0.44,3.8,91,87
2025-10-14T20:00,12.1,12.0,0.0,0.0,0.39,4.23,89,96
2025-10-14T21:00,11.5,12.0,0.0,0.0,0.49,5.08,99,86
2025-10-14T22:00,11.2,12.0,0.0,0.0,0.57,5.83,96,94
2025-10-14T23:00,11.3,11.7,0.0,0.0,2.05,6.46,97,92
2025-10-15T00:00,11.2,10.5,0.0,0.0,3.82,2.26,100,90
2025-10-15T01:00,11.2,10.7,0.0,0.0,4.44,2.96,100,96
2025-10-15T02:00,11.2,10.7,0.0,0.0,4.96,3.15,100,92
2025-10-15T03:00,11.2,10.9,0.0,0.0,4.56,4.22,98,97
2025-10-15T04:00,11.3,11.2,0.0,0.0,5.87,5.61,100,98
2025-10-15T05:00,11.2,11.1,0.0,0.0,5.26,6.53,100,96
2025-10-15T06:00,11.2,10.6,9.0,5.0,5.06,3.51,91,99
2025-10-15T07:00,11.5,11.0,66.0,36.0,3.67,3.86,96,94
2025-10-15T08:00,12.1,11.5,91.0,67.0,3.8,3.45,97,93
2025-10-15T09:00,12.3,12.2,94.0,139.0,4.75,4.16,100,96
2025-10-15T10:00,13.0,12.7,166.0,157.0,4.12,4.27,100,93
2025-10-15T11:00,13.1,13.1,122.0,161.0,4.1,3.4,96,99
2025-10-15T12:00,13.8,14.5,174.0,280.0,2.49,3.29,79,89
2025-10-15T13:00,14.4,14.5,236.0,194.0,2.63,2.91,97,85
2025-10-15T14:00,14.4,14.3,159.0,136.0,2.5,2.45,95,87
2025-10-15T15:00,13.8,14.0,82.0,80.0,3.16,2.37,83,84
2025-10-15T16:00,13.6,13.4,30.0,28.0,2.23,2.98,97,87
2025-10-15T17:00,13.1,12.6,0.0,0.0,1.89,3.34,100,84
2025-10-15T18:00,12.3,11.1,0.0,0.0,2.23,1.8,100,53
2025-10-15T19:00,12.0,10.5,0.0,0.0,1.59,1.55,93,55
2025-10-15T20:00,11.6,10.1,0.0,0.0,1.81,1.06,100,57
2025-10-15T21:00,11.0,9.8,0.0,0.0,2.08,0.88,91,63
2025-10-15T22:00,10.7,9.4,0.0,0.0,1.96,1.36,93,67
2025-10-15T23:00,10.4,9.1,0.0,0.0,1.88,1.53,85,60
2025-10-16T00:00,10.6,10.2,0.0,0.0,2.51,1.71,88,100
2025-10-16T01:00,10.2,10.1,0.0,0.0,2.5,2.43,97,100
2025-10-16T02:00,10.0,10.0,0.0,0.0,1.67,2.65,96,96
2025-10-16T03:00,9.8,9.7,0.0,0.0,1.12,2.5,100,92
2025-10-16T04:00,9.7,9.5,0.0,0.0,1.53,2.72,100,97
2025-10-16T05:00,9.5,9.3,0.0,0.0,1.11,2.43,100,98
2025-10-16T06:00,10.0,7.5,11.0,14.0,1.49,1.77,100,81
2025-10-16T07:00,10.2,8.2,48.0,83.0,0.83,1.24,100,82
2025-10-16T08:00,10.6,9.2,112.0,158.0,1.45,1.18,99,86
2025-10-16T09:00,11.4,10.2,242.0,232.0,0.57,0.84,94,83
2025-10-16T10:00,12.3,11.3,319.0,324.0,0.89,1.53,91,75
2025-10-16T11:00,13.1,12.3,369.0,375.0,0.9,2.39,96,84
2025-10-16T12:00,12.5,13.7,369.0,420.0,1.36,1.96,68,68
2025-10-16T13:00,13.2,14.2,356.0,394.0,1.2,1.87,77,46
2025-10-16T14:00,13.3,14.2,262.0,296.0,1.53,1.74,91,44
2025-10-16T15:00,13.8,14.0,79.0,169.0,1.02,1.39,100,51
2025-10-16T16:00,13.5,13.2,19.0,44.0,1.46,1.98,99,39
2025-10-16T17:00,13.1,11.9,0.0,0.0,1.71,2.42,97,22
2025-10-16T18:00,11.8,11.5,0.0,0.0,1.55,3.45,58,53
2025-10-16T19:00,11.4,10.7,0.0,0.0,1.57,2.67,65,17
2025-10-16T20:00,11.0,9.8,0.0,0.0,2.06,2.51,80,0
2025-10-16T21:00,9.6,9.0,0.0,0.0,2.77,2.33,33,48
2025-10-16T22:00,9.2,8.2,0.0,0.0,2.34,2.18,82,75
2025-10-16T23:00,9.0,7.9,0.0,0.0,1.86,1.97,96,87
2025-10-17T00:00,8.6,10.0,0.0,0.0,0.84,0.6,92,78
2025-10-17T01:00,8.5,9.2,0.0,0.0,0.5,0.79,100,63
2025-10-17T02:00,8.6,8.5,0.0,0.0,1.12,1.11,95,55
2025-10-17T03:00,9.2,7.9,0.0,0.0,1.46,1.36,100,50
2025-10-17T04:00,9.3,7.2,0.0,0.0,1.33,1.46,96,72
2025-10-17T05:00,9.2,6.7,0.0,0.0,1.1,1.64,98,81
2025-10-17T06:00,10.0,6.0,7.0,13.0,1.67,1.62,100,91
2025-10-17T07:00,10.3,7.7,52.0,85.0,1.96,2.16,100,80
2025-10-17T08:00,11.3,10.1,98.0,161.0,2.45,2.47,100,85
2025-10-17T09:00,11.9,12.3,126.0,198.0,0.98,2.85,100,95
2025-10-17T10:00,12.9,13.9,182.0,258.0,0.49,2.56,100,93
2025-10-17T11:00,14.0,14.7,313.0,280.0,0.57,4.02,100,94
2025-10-17T12:00,14.3,14.6,370.0,260.0,1.94,3.23,24,92
2025-10-17T13:00,14.8,14.8,388.0,239.0,1.69,2.85,39,91
2025-10-17T14:00,15.0,14.8,233.0,182.0,1.43,2.51,88,80
2025-10-17T15:00,14.8,14.7,96.0,111.0,2.46,2.45,51,85
2025-10-17T16:00,14.0,14.1,44.0,22.0,2.02,3.06,37,93
2025-10-17T17:00,13.2,13.4,0.0,0.0,1.96,3.04,98,100
2025-10-17T18:00,13.0,13.2,0.0,0.0,2.95,1.0,100,99
2025-10-17T19:00,12.6,12.3,0.0,0.0,3.72,1.47,100,100
2025-10-17T20:00,12.4,11.7,0.0,0.0,5.07,1.98,93,100
2025-10-17T21:00,12.1,11.4,0.0,0.0,5.68,2.29,100,99
2025-10-17T22:00,12.1,11.4,0.0,0.0,6.23,3.19,100,98
2025-10-17T23:00,11.7,11.3,0.0,0.0,6.35,3.08,100,100
2025-10-18T00:00,11.7,11.1,0.0,0.0,7.99,3.02,65,95
2025-10-18T01:00,11.5,11.0,0.0,0.0,7.84,3.72,100,89
2025-10-18T02:00,11.2,11.1,0.0,0.0,6.99,4.65,83,96
2025-10-18T03:00,10.8,11.2,0.0,0.0,7.39,5.73,71,98
2025-10-18T04:00,10.4,11.0,0.0,0.0,6.45,6.59,80,84
2025-10-18T05:00,10.2,10.9,0.0,0.0,7.0,6.61,99,92
2025-10-18T06:00,10.4,10.6,6.0,12.0,5.8,8.0,100,82
2025-10-18T07:00,10.8,10.3,35.0,39.0,7.08,7.63,100,99
2025-10-18T08:00,10.4,10.4,75.0,98.0,7.63,7.28,100,91
2025-10-18T09:00,10.1,10.8,92.0,205.0,7.7,7.9,100,88
2025-10-18T10:00,10.6,10.9,172.0,224.0,6.71,7.96,74,88
2025-10-18T11:00,11.3,11.4,322.0,313.0,6.71,8.09,85,85
2025-10-18T12:00,11.9,12.1,410.0,391.0,7.37,6.75,67,63
2025-10-18T13:00,12.1,12.6,370.0,385.0,7.13,6.84,21,25
2025-10-18T14:00,11.4,12.5,233.0,315.0,7.92,6.84,23,6
2025-10-18T15:00,11.0,12.0,139.0,181.0,7.59,7.01,0,3
2025-10-18T16:00,10.2,11.0,45.0,45.0,6.27,6.87,0,0
2025-10-18T17:00,9.2,9.7,0.0,0.0,5.35,6.98,0,0
2025-10-18T18:00,8.8,8.8,0.0,0.0,6.32,5.37,0,26
2025-10-18T19:00,8.1,7.9,0.0,0.0,6.82,4.28,0,9
2025-10-18T20:00,7.5,7.1,0.0,0.0,6.23,3.63,0,28
2025-10-18T21:00,7.3,6.4,0.0,0.0,5.05,3.4,0,7
2025-10-18T22:00,6.9,5.8,0.0,0.0,4.06,3.45,0,0
2025-10-18T23:00,6.0,5.3,0.0,0.0,3.07,3.2,0,0
2025-10-19T00:00,5.2,5.5,0.0,0.0,2.17,3.13,0,0
2025-10-19T01:00,4.5,4.9,0.0,0.0,1.29,2.32,0,0
2025-10-19T02:00,4.0,4.3,0.0,0.0,0.53,1.43,0,0
2025-10-19T03:00,3.5,3.7,0.0,0.0,0.31,0.69,0,0
2025-10-19T04:00,3.4,3.5,0.0,0.0,0.79,0.62,0,0
2025-10-19T05:00,3.2,3.7,0.0,0.0,1.21,0.81,0,0
2025-10-19T06:00,3.6,3.3,16.0,16.0,1.39,1.77,0,0
2025-10-19T07:00,4.4,4.0,123.0,125.0,1.5,1.98,0,0
2025-10-19T08:00,5.5,5.8,264.0,265.0,1.86,2.5,1,0
2025-10-19T09:00,6.8,7.4,387.0,388.0,2.16,2.08,39,1
2025-10-19T10:00,8.6,9.2,467.0,472.0,3.21,3.9,27,2
2025-10-19T11:00,10.1,10.8,501.0,506.0,4.37,5.27,98,4
2025-10-19T12:00,11.4,11.2,485.0,487.0,5.54,5.47,37,8
2025-10-19T13:00,11.4,11.4,341.0,419.0,6.3,5.56,100,2
2025-10-19T14:00,11.3,11.3,219.0,304.0,7.21,6.24,97,30
2025-10-19T15:00,11.2,11.0,110.0,160.0,7.36,6.87,100,70
2025-10-19T16:00,10.6,10.3,27.0,35.0,7.78,7.72,100,100
2025-10-19T17:00,9.8,9.2,0.0,0.0,8.09,9.38,100,100
2025-10-19T18:00,8.9,8.4,0.0,0.0,8.97,10.06,94,98
2025-10-19T19:00,8.6,8.0,0.0,0.0,8.06,9.98,95,87
2025-10-19T20:00,8.2,7.7,0.0,0.0,7.9,9.71,97,89
2025-10-19T21:00,7.4,7.4,0.0,0.0,6.25,9.29,93,93
2025-10-19T22:00,7.1,7.1,0.0,0.0,6.14,8.04,100,96
2025-10-19T23:00,6.7,6.8,0.0,0.0,5.4,7.23,85,96
2025-10-20T00:00,6.0,6.8,0.0,0.0,5.06,6.79,75,100
2025-10-20T01:00,5.6,6.7,0.0,0.0,6.24,7.0,76,100
2025-10-20T02:00,5.3,6.5,0.0,0.0,5.29,6.37,78,100
2025-10-20T03:00,5.1,6.4,0.0,0.0,4.76,6.31,75,100
2025-10-20T04:00,4.9,6.3,0.0,0.0,5.6,6.96,80,100
2025-10-20T05:00,4.6,6.3,0.0,0.0,5.71,6.75,70,98
2025-10-20T06:00,4.3,6.1,13.0,9.0,5.94,6.93,75,99
2025-10-20T07:00,4.9,6.7,94.0,72.0,4.79,6.05,94,100
2025-10-20T08:00,6.6,7.7,206.0,178.0,5.89,7.28,77,99
2025-10-20T09:00,8.4,8.9,280.0,296.0,7.64,7.69,91,90
2025-10-20T10:00,9.9,10.1,387.0,383.0,8.59,8.32,84,92
2025-10-20T11:00,11.1,11.0,445.0,391.0,9.35,8.49,78,94
2025-10-20T12:00,12.0,11.6,394.0,305.0,9.43,10.19,83,92
2025-10-20T13:00,12.5,12.2,365.0,309.0,9.66,10.27,100,92
2025-10-20T14:00,12.5,12.2,247.0,232.0,10.04,10.57,100,100
2025-10-20T15:00,12.1,11.9,108.0,120.0,10.19,10.54,100,90
2025-10-20T16:00,11.5,11.2,29.0,29.0,9.98,10.59,100,89
2025-10-20T17:00,10.9,10.5,0.0,0.0,10.12,11.09,98,96
2025-10-20T18:00,10.6,9.8,0.0,0.0,10.46,11.12,95,82
2025-10-20T19:00,10.3,9.5,0.0,0.0,10.4,11.2,91,69
2025-10-20T20:00,10.0,9.3,0.0,0.0,9.91,11.1,88,57
2025-10-20T21:00,9.8,9.0,0.0,0.0,8.87,10.27,81,59
2025-10-20T22:00,9.6,8.6,0.0,0.0,8.11,9.09,100,82
2025-10-20T23:00,9.5,8.2,0.0,0.0,7.76,7.22,100,100
2025-10-21T00:00,9.4,8.8,0.0,0.0,6.17,7.55,100,100
2025-10-21T01:00,9.6,8.7,0.0,0.0,5.61,6.88,100,100
2025-10-21T02:00,9.6,8.6,0.0,0.0,5.16,6.31,100,100
2025-10-21T03:00,9.5,8.5,0.0,0.0,3.6,5.22,100,100
2025-10-21T04:00,9.2,8.4,0.0,0.0,2.98,4.61,97,100
2025-10-21T05:00,9.0,8.3,0.0,0.0,2.59,4.37,99,100
2025-10-21T06:00,8.9,8.1,7.0,8.0,3.82,3.41,100,92
2025-10-21T07:00,9.1,8.5,55.0,62.0,3.11,2.92,99,97
2025-10-21T08:00,9.7,9.4,96.0,107.0,3.07,2.37,100,98
2025-10-21T09:00,10.4,10.5,127.0,166.0,2.28,2.5,100,100
2025-10-21T10:00,11.2,11.7,197.0,246.0,2.85,2.34,100,98
2025-10-21T11:00,12.2,13.4,211.0,317.0,2.58,3.21,100,98
2025-10-21T12:00,13.5,13.7,251.0,228.0,2.95,2.85,97,100
2025-10-21T13:00,14.5,14.0,256.0,188.0,4.74,4.56,100,98
2025-10-21T14:00,13.8,14.2,145.0,145.0,5.63,5.42,100,97
2025-10-21T15:00,16.1,13.0,119.0,95.0,3.29,5.71,100,96
2025-10-21T16:00,13.5,11.7,26.0,24.0,5.25,6.51,98,100
2025-10-21T17:00,11.9,10.8,0.0,0.0,3.72,4.77,98,99
2025-10-21T18:00,11.2,11.2,0.0,0.0,2.46,7.69,96,98
2025-10-21T19:00,10.7,11.0,0.0,0.0,2.52,7.41,100,88
2025-10-21T20:00,10.6,11.4,0.0,0.0,2.5,7.15,100,91
2025-10-21T21:00,9.8,11.6,0.0,0.0,3.04,6.51,99,92
2025-10-21T22:00,9.7,11.7,0.0,0.0,2.59,5.92,99,98
2025-10-21T23:00,9.6,11.5,0.0,0.0,2.19,4.78,99,99
2025-10-22T00:00,10.4,10.5,0.0,0.0,1.32,1.57,100,100
2025-10-22T01:00,10.4,10.4,0.0,0.0,1.96,1.58,100,100
2025-10-22T02:00,10.4,10.3,0.0,0.0,1.87,1.08,100,100
2025-10-22T03:00,11.3,10.2,0.0,0.0,2.95,0.49,100,100
2025-10-22T04:00,11.2,10.1,0.0,0.0,3.67,0.81,100,100
2025-10-22T05:00,11.0,10.0,0.0,0.0,2.66,1.12,100,100
2025-10-22T06:00,10.8,10.2,3.0,3.0,3.72,2.65,100,100
2025-10-22T07:00,10.9,10.3,21.0,29.0,4.43,1.77,100,100
2025-10-22T08:00,11.2,10.6,63.0,61.0,4.39,1.77,100,100
2025-10-22T09:00,12.3,11.1,91.0,106.0,4.92,0.69,100,100
2025-10-22T10:00,13.5,11.9,140.0,166.0,4.39,1.27,100,94
2025-10-22T11:00,14.5,12.9,162.0,228.0,4.65,2.02,100,94
2025-10-22T12:00,16.2,15.0,254.0,280.0,3.92,0.71,100,88
2025-10-22T13:00,17.4,16.1,314.0,276.0,1.9,0.98,97,89
2025-10-22T14:00,17.8,17.2,205.0,215.0,2.67,1.43,100,100
2025-10-22T15:00,16.6,17.3,88.0,89.0,1.31,2.02,100,98
2025-10-22T16:00,16.2,16.3,18.0,19.0,2.69,1.85,99,100
2025-10-22T17:00,15.6,14.5,0.0,0.0,2.56,1.84,99,100
2025-10-22T18:00,14.8,12.7,0.0,0.0,2.52,2.29,100,100
2025-10-22T19:00,14.1,12.2,0.0,0.0,2.14,1.57,82,100
2025-10-22T20:00,13.7,11.6,0.0,0.0,1.12,1.98,90,91
2025-10-22T21:00,13.6,11.2,0.0,0.0,0.98,1.5,76,100
2025-10-22T22:00,13.2,11.2,0.0,0.0,3.0,1.14,73,92
2025-10-22T23:00,12.2,11.1,0.0,0.0,1.98,1.28,100,88
2025-10-23T00:00,11.2,10.9,0.0,0.0,2.33,2.16,97,70
2025-10-23T01:00,10.9,10.3,0.0,0.0,3.26,3.24,100,100
2025-10-23T02:00,10.4,9.9,0.0,0.0,3.1,3.63,100,55
2025-10-23T03:00,10.1,9.4,0.0,0.0,2.46,4.25,78,37
2025-10-23T04:00,9.7,9.1,0.0,0.0,3.75,5.04,90,65
2025-10-23T05:00,9.5,8.9,0.0,0.0,4.61,5.35,100,76
2025-10-23T06:00,9.3,9.3,5.0,8.0,4.53,6.44,100,84
2025-10-23T07:00,10.0,10.1,38.0,68.0,4.35,6.47,100,92
2025-10-23T08:00,11.4,12.2,121.0,150.0,2.18,5.9,84,100
2025-10-23T09:00,12.9,14.3,233.0,252.0,1.48,6.35,100,100
2025-10-23T10:00,15.8,16.9,362.0,376.0,2.1,8.47,100,100
2025-10-23T11:00,17.4,19.0,329.0,442.0,1.4,11.48,100,66
2025-10-23T12:00,21.5,20.6,340.0,377.0,5.4,10.63,100,100
2025-10-23T13:00,22.2,21.6,300.0,283.0,8.72,12.85,100,100
2025-10-23T14:00,22.1,21.7,241.0,244.0,10.09,14.07,98,95
2025-10-23T15:00,21.3,20.8,125.0,119.0,9.34,15.02,100,100
2025-10-23T16:00,15.7,19.2,13.0,13.0,18.52,13.95,100,100
2025-10-23T17:00,14.1,17.6,0.0,0.0,16.7,12.48,100,100
2025-10-23T18:00,12.8,13.5,0.0,0.0,14.8,18.74,100,100
2025-10-23T19:00,11.6,12.8,0.0,0.0,16.24,15.8,100,100
2025-10-23T20:00,11.1,12.1,0.0,0.0,12.29,11.09,100,100
2025-10-23T21:00,10.4,12.2,0.0,0.0,10.96,12.93,100,100
2025-10-23T22:00,10.2,12.1,0.0,0.0,8.94,11.28,100,100
2025-10-23T23:00,10.4,12.0,0.0,0.0,10.2,10.29,100,100
2025-10-24T00:00,10.7,11.7,0.0,0.0,10.41,7.77,100,100
2025-10-24T01:00,10.8,11.9,0.0,0.0,12.11,9.3,100,100
2025-10-24T02:00,10.8,11.4,0.0,0.0,13.87,11.95,100,100
2025-10-24T03:00,11.3,11.2,0.0,0.0,15.32,13.45,100,100
2025-10-24T04:00,11.1,11.2,0.0,0.0,14.9,13.0,100,100
2025-10-24T05:00,11.0,11.1,0.0,0.0,14.84,12.28,100,100
2025-10-24T06:00,10.6,10.8,7.0,4.0,15.45,12.77,100,100
2025-10-24T07:00,10.9,11.2,86.0,47.0,16.57,12.25,89,100
2025-10-24T08:00,11.5,11.6,210.0,116.0,16.14,14.23,93,100
2025-10-24T09:00,11.8,12.3,338.0,251.0,19.72,15.41,72,100
2025-10-24T10:00,12.9,12.7,384.0,322.0,16.91,15.64,0,100
2025-10-24T11:00,13.6,12.8,496.0,246.0,15.29,13.26,0,100
2025-10-24T12:00,13.8,12.7,475.0,288.0,14.68,15.26,0,71
2025-10-24T13:00,14.0,13.2,410.0,381.0,13.5,15.54,62,12
2025-10-24T14:00,13.5,12.5,291.0,289.0,15.11,14.4,0,0
2025-10-24T15:00,12.1,11.9,152.0,150.0,12.52,11.43,0,0
2025-10-24T16:00,11.3,10.9,27.0,26.0,7.36,8.91,0,0
2025-10-24T17:00,10.5,10.0,0.0,0.0,7.9,7.42,64,0
2025-10-24T18:00,8.9,9.7,0.0,0.0,8.88,7.51,0,0
2025-10-24T19:00,8.6,9.2,0.0,0.0,8.75,10.1,5,28
2025-10-24T20:00,8.2,9.1,0.0,0.0,8.33,10.88,0,0
2025-10-24T21:00,7.5,8.8,0.0,0.0,8.24,10.97,0,0
2025-10-24T22:00,7.3,8.6,0.0,0.0,8.33,10.68,0,5
2025-10-24T23:00,7.2,8.4,0.0,0.0,8.65,10.0,0,39
2025-10-25T00:00,7.5,8.7,0.0,0.0,7.85,10.89,100,5
2025-10-25T01:00,7.3,8.5,0.0,0.0,6.46,10.2,1,99
2025-10-25T02:00,7.2,8.5,0.0,0.0,6.22,9.11,100,82
2025-10-25T03:00,6.8,8.2,0.0,0.0,4.04,6.77,100,82
2025-10-25T04:00,6.7,7.7,0.0,0.0,3.61,4.7,100,96
2025-10-25T05:00,6.7,7.1,0.0,0.0,5.52,4.17,100,100
2025-10-25T06:00,7.7,6.2,5.0,3.0,6.3,4.27,98,100
2025-10-25T07:00,7.9,6.8,55.0,40.0,4.71,4.63,97,100
2025-10-25T08:00,8.5,8.3,147.0,114.0,3.29,4.52,79,81
2025-10-25T09:00,9.5,10.1,217.0,260.0,3.4,3.79,99,90
2025-10-25T10:00,11.5,11.2,293.0,208.0,0.57,1.71,93,100
2025-10-25T11:00,12.9,12.2,356.0,206.0,1.96,1.31,100,88
2025-10-25T12:00,13.8,13.2,228.0,325.0,6.67,3.09,100,94
2025-10-25T13:00,13.6,13.6,197.0,211.0,9.44,11.44,100,89
2025-10-25T14:00,13.0,12.7,113.0,112.0,11.38,10.49,100,99
2025-10-25T15:00,13.6,11.3,63.0,43.0,8.53,10.4,100,100
2025-10-25T16:00,13.1,10.5,12.0,7.0,9.11,9.7,100,100
2025-10-25T17:00,12.4,10.0,0.0,0.0,8.55,12.22,100,95
2025-10-25T18:00,12.0,10.6,0.0,0.0,1.71,9.97,100,91
2025-10-25T19:00,11.1,10.2,0.0,0.0,9.94,5.37,100,5
2025-10-25T20:00,11.3,9.2,0.0,0.0,10.5,5.57,100,86
2025-10-25T21:00,11.3,10.0,0.0,0.0,8.53,11.9,100,41
2025-10-25T22:00,10.7,10.3,0.0,0.0,9.61,14.12,100,100
2025-10-25T23:00,10.7,10.3,0.0,0.0,10.78,14.47,85,100
2025-10-26T00:00,10.0,9.9,0.0,0.0,11.08,14.52,94,55
2025-10-26T01:00,9.6,9.6,0.0,0.0,11.32,13.45,86,16
2025-10-26T02:00,9.4,9.6,0.0,0.0,11.95,12.71,0,78
2025-10-26T03:00,8.8,9.8,0.0,0.0,11.75,12.29,86,100
2025-10-26T04:00,8.9,9.6,0.0,0.0,11.94,9.35,100,86
2025-10-26T05:00,8.6,9.6,0.0,0.0,11.16,9.01,75,88
2025-10-26T06:00,8.4,10.1,7.0,5.0,9.31,11.23,79,100
2025-10-26T07:00,9.8,10.7,87.0,53.0,10.59,10.1,94,100
2025-10-26T08:00,11.0,11.3,151.0,120.0,9.55,10.88,100,100
2025-10-26T09:00,11.7,11.3,277.0,195.0,3.24,10.19,12,100
2025-10-26T10:00,12.7,11.4,319.0,212.0,12.24,12.09,100,100
2025-10-26T11:00,12.1,11.3,273.0,277.0,11.56,13.86,100,85
2025-10-26T12:00,12.3,11.8,284.0,333.0,11.07,13.34,81,100
2025-10-26T13:00,12.1,11.7,296.0,335.0,12.93,13.71,79,83
2025-10-26T14:00,11.6,11.2,155.0,192.0,16.85,11.54,100,100
2025-10-26T15:00,11.1,11.1,64.0,104.0,16.83,10.73,100,100
2025-10-26T16:00,10.3,10.2,13.0,15.0,13.82,8.54,100,47
2025-10-26T17:00,9.6,9.6,0.0,0.0,8.25,9.21,100,0
2025-10-26T18:00,9.4,10.1,0.0,0.0,11.42,12.05,100,93
2025-10-26T19:00,9.1,9.7,0.0,0.0,12.07,12.76,0,100
2025-10-26T20:00,8.7,9.4,0.0,0.0,11.32,13.86,0,100
2025-10-26T21:00,8.4,9.0,0.0,0.0,11.9,13.96,0,62
2025-10-26T22:00,8.2,8.6,0.0,0.0,12.13,13.91,20,87
2025-10-26T23:00,7.9,8.2,0.0,0.0,12.15,13.71,7,98
2025-10-27T00:00,7.6,7.5,0.0,0.0,12.05,13.24,0,15
2025-10-27T01:00,7.4,7.4,0.0,0.0,13.22,14.03,0,13
2025-10-27T02:00,7.3,7.1,0.0,0.0,13.0,13.54,100,1
2025-10-27T03:00,7.1,6.9,0.0,0.0,11.02,12.23,100,22
2025-10-27T04:00,7.2,7.2,0.0,0.0,9.51,12.08,100,100
2025-10-27T05:00,7.4,7.4,0.0,0.0,9.7,12.25,100,100
2025-10-27T06:00,7.5,7.4,4.0,3.0,9.08,11.17,92,100
2025-10-27T07:00,7.8,8.1,72.0,49.0,8.5,11.48,58,100
2025-10-27T08:00,8.9,9.7,173.0,129.0,6.54,9.47,79,94
2025-10-27T09:00,9.8,9.6,177.0,118.0,5.82,4.78,100,100
2025-10-27T10:00,10.6,9.1,139.0,99.0,5.28,5.57,100,100
2025-10-27T11:00,11.1,9.5,70.0,105.0,5.16,2.12,100,100
2025-10-27T12:00,11.6,10.2,102.0,142.0,7.13,6.31,100,90
2025-10-27T13:00,10.8,11.3,89.0,232.0,8.8,11.97,100,100
2025-10-27T14:00,10.6,11.4,101.0,184.0,10.6,11.87,100,100
2025-10-27T15:00,10.0,10.9,75.0,102.0,11.51,16.08,100,100
2025-10-27T16:00,9.8,10.3,12.0,13.0,11.92,17.36,100,100
2025-10-27T17:00,9.6,10.3,0.0,0.0,11.65,17.85,100,100
2025-10-27T18:00,10.2,10.1,0.0,0.0,15.79,12.68,0,100
2025-10-27T19:00,9.4,9.9,0.0,0.0,16.78,13.68,100,100
2025-10-27T20:00,9.1,9.4,0.0,0.0,16.03,12.9,0,98
2025-10-27T21:00,9.0,9.3,0.0,0.0,18.11,13.41,28,76
2025-10-27T22:00,9.0,9.1,0.0,0.0,18.08,12.37,0,100
2025-10-27T23:00,8.9,8.9,0.0,0.0,14.35,13.34,3,89
2025-10-28T00:00,8.7,9.0,0.0,0.0,15.12,15.83,0,12
2025-10-28T01:00,8.6,9.1,0.0,0.0,13.74,16.09,3,3
2025-10-28T02:00,8.5,9.0,0.0,0.0,12.14,16.1,2,74
2025-10-28T03:00,8.1,8.9,0.0,0.0,10.28,14.96,16,25
2025-10-28T04:00,7.8,8.7,0.0,0.0,9.21,15.93,10,13
2025-10-28T05:00,7.7,8.6,0.0,0.0,10.28,16.44,25,6
2025-10-28T06:00,8.1,8.3,6.0,5.0,11.34,16.56,63,66
2025-10-28T07:00,8.7,8.9,91.0,82.0,11.94,15.95,64,34
2025-10-28T08:00,9.9,9.7,218.0,216.0,12.21,14.7,58,17
2025-10-28T09:00,11.3,10.7,347.0,346.0,10.91,12.3,0,21
2025-10-28T10:00,12.5,12.1,419.0,420.0,8.87,9.46,66,76
2025-10-28T11:00,13.1,12.8,422.0,357.0,7.85,11.38,83,100
2025-10-28T12:00,13.2,12.6,279.0,194.0,8.13,9.63,98,100
2025-10-28T13:00,13.1,12.0,104.0,115.0,9.55,9.21,100,100
2025-10-28T14:00,13.1,12.7,74.0,46.0,10.7,11.48,100,100
2025-10-28T15:00,13.1,12.9,36.0,20.0,10.44,9.62,100,100
2025-10-28T16:00,12.8,12.8,6.0,4.0,9.78,8.63,95,99
2025-10-28T17:00,12.7,12.9,0.0,0.0,7.53,9.2,100,100
2025-10-28T18:00,13.0,13.0,0.0,0.0,8.2,10.24,97,94
2025-10-28T19:00,13.1,13.5,0.0,0.0,9.51,11.76,90,94
2025-10-28T20:00,13.0,13.5,0.0,0.0,9.9,12.08,75,90
2025-10-28T21:00,12.9,13.4,0.0,0.0,11.07,12.08,82,74
2025-10-28T22:00,12.9,13.4,0.0,0.0,10.91,11.76,77,82
2025-10-28T23:00,12.9,13.4,0.0,0.0,11.51,11.86,81,99
2025-10-29T00:00,12.6,13.1,0.0,0.0,9.82,11.68,95,72
2025-10-29T01:00,12.6,13.2,0.0,0.0,9.46,10.3,60,100
2025-10-29T02:00,12.2,13.1,0.0,0.0,9.01,9.98,45,97
2025-10-29T03:00,12.1,12.8,0.0,0.0,8.25,9.4,40,95
2025-10-29T04:00,11.8,12.7,0.0,0.0,7.97,8.68,36,96
2025-10-29T05:00,11.4,12.6,0.0,0.0,8.75,9.2,23,88
2025-10-29T06:00,11.4,11.7,5.0,5.0,8.63,6.77,12,100
2025-10-29T07:00,11.7,12.0,84.0,77.0,7.75,5.03,54,100
2025-10-29T08:00,13.2,12.7,216.0,187.0,6.47,3.16,0,100
2025-10-29T09:00,13.6,13.3,332.0,299.0,3.19,4.31,0,100
2025-10-29T10:00,15.2,14.9,414.0,385.0,2.29,1.85,0,84
2025-10-29T11:00,16.2,16.1,448.0,432.0,4.49,4.08,0,24
2025-10-29T12:00,16.1,16.1,427.0,425.0,5.42,4.87,0,0
2025-10-29T13:00,16.3,15.8,360.0,357.0,5.68,5.55,0,0
2025-10-29T14:00,16.2,15.8,251.0,247.0,6.21,6.79,37,0
2025-10-29T15:00,15.5,15.5,120.0,116.0,6.38,7.83,7,0
2025-10-29T16:00,14.4,14.0,15.0,15.0,6.86,8.8,1,0
2025-10-29T17:00,13.2,12.8,0.0,0.0,5.98,7.29,41,3
2025-10-29T18:00,12.2,11.9,0.0,0.0,3.83,5.33,100,100
2025-10-29T19:00,11.4,11.4,0.0,0.0,2.7,4.55,100,73
2025-10-29T20:00,10.4,11.1,0.0,0.0,1.43,4.27,100,100
2025-10-29T21:00,10.2,10.6,0.0,0.0,1.25,2.74,100,100
2025-10-29T22:00,9.8,9.7,0.0,0.0,0.59,1.46,57,87
2025-10-29T23:00,9.7,8.9,0.0,0.0,1.21,1.1,80,100
2025-10-30T00:00,8.7,8.4,0.0,0.0,0.96,1.58,100,88
2025-10-30T01:00,8.7,8.2,0.0,0.0,1.62,0.39,100,100
2025-10-30T02:00,8.8,8.3,0.0,0.0,0.78,2.65,100,100
2025-10-30T03:00,8.1,8.2,0.0,0.0,0.89,1.06,44,100
2025-10-30T04:00,7.5,8.1,0.0,0.0,0.5,1.36,90,100
2025-10-30T05:00,6.9,8.3,0.0,0.0,0.57,1.06,100,93
2025-10-30T06:00,6.8,8.2,2.0,2.0,0.71,1.0,100,100
2025-10-30T07:00,7.3,8.5,28.0,38.0,0.42,0.69,100,99
2025-10-30T08:00,7.9,9.1,79.0,103.0,1.2,0.22,100,96
2025-10-30T09:00,10.2,10.4,180.0,223.0,1.49,0.44,100,88
2025-10-30T10:00,11.8,12.1,138.0,315.0,2.88,1.36,100,78
2025-10-30T11:00,15.6,14.1,115.0,261.0,8.49,2.8,100,99
2025-10-30T12:00,15.5,16.3,72.0,125.0,13.64,11.49,100,100
2025-10-30T13:00,15.6,15.9,65.0,79.0,14.78,13.5,100,100
2025-10-30T14:00,15.9,15.3,128.0,73.0,12.16,12.89,44,100
2025-10-30T15:00,16.0,14.8,88.0,76.0,11.96,11.6,30,10
2025-10-30T16:00,15.1,14.2,14.0,14.0,9.8,12.13,0,0
2025-10-30T17:00,14.4,13.6,0.0,0.0,9.52,10.68,0,23
2025-10-30T18:00,13.6,13.2,0.0,0.0,9.13,11.31,0,0
2025-10-30T19:00,13.0,12.9,0.0,0.0,8.75,9.54,3,0
2025-10-30T20:00,12.4,12.5,0.0,0.0,4.51,8.99,0,0
2025-10-30T21:00,11.3,12.0,0.0,0.0,1.57,7.5,0,23
2025-10-30T22:00,10.3,11.3,0.0,0.0,1.5,3.83,0,20
2025-10-30T23:00,9.7,10.9,0.0,0.0,3.29,1.41,0,33
2025-10-31T00:00,9.3,9.4,0.0,0.0,2.29,0.98,0,15
2025-10-31T01:00,8.6,8.0,0.0,0.0,1.39,2.66,26,42
2025-10-31T02:00,7.7,7.3,0.0,0.0,0.57,1.53,20,7
2025-10-31T03:00,7.0,7.4,0.0,0.0,1.55,1.53,32,75
2025-10-31T04:00,7.2,7.3,0.0,0.0,2.29,1.4,55,38
2025-10-31T05:00,7.2,6.7,0.0,0.0,2.01,1.98,77,95
2025-10-31T06:00,7.1,5.7,2.0,3.0,3.19,2.64,70,50
2025-10-31T07:00,7.4,6.6,60.0,70.0,3.78,2.94,44,47
2025-10-31T08:00,8.6,8.1,174.0,165.0,3.2,2.91,48,63
2025-10-31T09:00,11.2,9.7,296.0,248.0,2.18,2.77,11,62
2025-10-31T10:00,13.6,11.2,388.0,334.0,3.91,1.98,1,47
2025-10-31T11:00,14.6,12.6,421.0,388.0,3.81,2.39,0,30
2025-10-31T12:00,15.0,15.1,407.0,408.0,3.9,3.75,0,9
2025-10-31T13:00,15.1,15.3,342.0,343.0,3.86,4.08,0,6
2025-10-31T14:00,15.0,15.0,235.0,236.0,4.05,4.23,0,4
2025-10-31T15:00,14.0,14.2,107.0,108.0,4.69,4.21,37,0
2025-10-31T16:00,12.9,12.5,12.0,12.0,5.13,5.04,51,0
2025-10-31T17:00,11.9,11.1,0.0,0.0,4.69,5.31,82,0
2025-10-31T18:00,12.2,10.6,0.0,0.0,5.0,4.71,94,0
2025-10-31T19:00,12.3,10.1,0.0,0.0,4.38,3.66,95,0
2025-10-31T20:00,12.3,9.7,0.0,0.0,2.55,2.81,99,15
2025-10-31T21:00,10.5,9.3,0.0,0.0,3.2,2.47,100,11
2025-10-31T22:00,10.7,9.2,0.0,0.0,2.28,2.04,100,45
2025-10-31T23:00,11.0,9.1,0.0,0.0,2.46,2.22,95,61
2025-11-01T00:00,10.7,8.4,0.0,0.0,2.45,2.2,100,77
2025-11-01T01:00,10.9,8.4,0.0,0.0,1.19,2.51,100,100
2025-11-01T02:00,11.1,8.5,0.0,0.0,1.64,1.63,100,100
2025-11-01T03:00,11.4,8.5,0.0,0.0,0.96,3.35,100,93
2025-11-01T04:00,11.4,9.0,0.0,0.0,1.18,2.8,100,100
2025-11-01T05:00,11.4,9.1,0.0,0.0,2.08,1.93,100,100
2025-11-01T06:00,11.5,9.8,1.0,1.0,1.89,2.37,100,99
2025-11-01T07:00,11.3,10.1,16.0,22.0,2.26,3.12,100,100
2025-11-01T08:00,11.4,10.6,37.0,47.0,2.08,2.71,100,100
2025-11-01T09:00,11.9,11.2,52.0,84.0,2.36,1.67,100,100
2025-11-01T10:00,12.4,12.3,98.0,115.0,2.64,3.56,100,100
2025-11-01T11:00,13.3,13.3,102.0,142.0,2.65,2.67,100,90
2025-11-01T12:00,14.4,14.0,136.0,132.0,5.14,3.05,96,95
2025-11-01T13:00,17.0,15.2,183.0,153.0,4.32,3.72,77,80
2025-11-01T14:00,19.0,16.9,196.0,158.0,8.52,7.06,31,100
2025-11-01T15:00,18.8,17.1,96.0,78.0,8.46,8.53,50,100
2025-11-01T16:00,17.5,16.3,11.0,10.0,7.19,9.64,56,100
2025-11-01T17:00,16.5,15.4,0.0,0.0,6.22,8.53,100,100
2025-11-01T18:00,15.2,14.7,0.0,0.0,5.07,6.36,100,100
2025-11-01T19:00,14.3,14.1,0.0,0.0,1.87,5.06,94,88
2025-11-01T20:00,12.9,13.3,0.0,0.0,3.88,3.64,100,53
2025-11-01T21:00,13.0,12.3,0.0,0.0,4.16,1.89,100,100
2025-11-01T22:00,13.0,11.7,0.0,0.0,6.18,1.01,100,97
2025-11-01T23:00,13.5,11.4,0.0,0.0,6.99,3.21,100,100
2025-11-02T00:00,13.7,11.5,0.0,0.0,6.63,3.4,100,93
2025-11-02T01:00,13.8,11.4,0.0,0.0,6.17,3.26,100,87
2025-11-02T02:00,13.0,10.5,0.0,0.0,3.14,2.28,67,53
2025-11-02T03:00,10.1,9.7,0.0,0.0,1.4,0.9,16,54
2025-11-02T04:00,9.5,9.1,0.0,0.0,2.42,0.57,85,100
2025-11-02T05:00,8.8,8.7,0.0,0.0,2.69,1.71,100,100
2025-11-02T06:00,8.6,9.0,2.0,2.0,1.77,2.66,100,100
2025-11-02T07:00,8.2,9.6,37.0,46.0,1.83,3.55,100,100
2025-11-02T08:00,8.9,10.2,102.0,103.0,1.36,4.28,100,96
2025-11-02T09:00,9.4,11.8,110.0,191.0,1.73,4.61,100,93
2025-11-02T10:00,10.6,13.8,129.0,207.0,1.02,5.84,100,99
2025-11-02T11:00,12.0,14.8,120.0,196.0,1.8,6.9,100,98
2025-11-02T12:00,11.9,15.4,100.0,204.0,0.84,5.13,100,96
2025-11-02T13:00,12.6,16.2,65.0,219.0,1.46,5.34,100,99
2025-11-02T14:00,13.2,16.9,34.0,188.0,1.97,3.82,100,36
2025-11-02T15:00,13.5,16.9,17.0,96.0,2.79,2.41,100,11
2025-11-02T16:00,13.5,15.3,3.0,9.0,4.37,10.45,100,48
2025-11-02T17:00,13.3,14.9,0.0,0.0,5.44,15.5,100,75
2025-11-02T18:00,13.2,13.6,0.0,0.0,7.88,17.27,100,100
2025-11-02T19:00,12.8,13.0,0.0,0.0,6.8,16.09,100,100
2025-11-02T20:00,12.8,12.3,0.0,0.0,7.84,13.45,100,100
2025-11-02T21:00,12.8,11.7,0.0,0.0,9.08,11.04,100,100
2025-11-02T22:00,12.5,11.1,0.0,0.0,8.29,9.11,100,100
2025-11-02T23:00,12.0,10.9,0.0,0.0,7.54,9.58,97,100
2025-11-03T00:00,12.1,10.7,0.0,0.0,9.26,10.36,100,100
2025-11-03T01:00,11.5,10.4,0.0,0.0,8.32,9.97,100,100
2025-11-03T02:00,11.4,10.1,0.0,0.0,6.97,9.19,100,100
2025-11-03T03:00,10.9,9.9,0.0,0.0,10.0,9.19,100,100
2025-11-03T04:00,10.8,10.0,0.0,0.0,9.36,9.85,100,100
2025-11-03T05:00,10.7,9.9,0.0,0.0,10.13,10.73,100,100
2025-11-03T06:00,10.6,10.0,0.0,0.0,10.39,9.77,100,100
2025-11-03T07:00,10.6,10.2,17.0,24.0,9.73,9.51,100,100
2025-11-03T08:00,10.7,10.5,42.0,63.0,10.78,11.06,100,99
2025-11-03T09:00,11.2,10.7,146.0,73.0,12.1,11.19,98,95
2025-11-03T10:00,11.6,10.9,204.0,106.0,12.45,11.46,100,100
2025-11-03T11:00,12.6,11.7,258.0,168.0,10.5,11.44,75,100
2025-11-03T12:00,13.9,13.8,383.0,195.0,10.16,11.25,55,80
2025-11-03T13:00,14.0,13.9,289.0,231.0,9.73,10.95,83,88
2025-11-03T14:00,13.8,13.7,192.0,164.0,10.37,11.19,90,53
2025-11-03T15:00,13.3,13.4,105.0,82.0,5.84,8.95,19,44
2025-11-03T16:00,12.1,12.2,9.0,9.0,6.2,8.79,4,38
2025-11-03T17:00,11.0,11.1,0.0,0.0,4.82,7.19,46,0
2025-11-03T18:00,10.3,9.5,0.0,0.0,6.22,9.87,0,0
2025-11-03T19:00,9.8,8.8,0.0,0.0,6.22,8.52,3,0
2025-11-03T20:00,9.3,8.4,0.0,0.0,6.54,7.16,0,1
2025-11-03T21:00,8.8,8.2,0.0,0.0,5.93,6.14,0,13
2025-11-03T22:00,8.5,8.4,0.0,0.0,5.79,7.34,0,75
2025-11-03T23:00,8.3,9.4,0.0,0.0,5.57,8.34,0,89
2025-11-04T00:00,8.1,8.5,0.0,0.0,6.11,6.79,0,0
2025-11-04T01:00,8.0,8.3,0.0,0.0,5.71,5.77,0,2
2025-11-04T02:00,8.0,8.1,0.0,0.0,6.48,4.19,0,24
2025-11-04T03:00,7.9,7.9,0.0,0.0,6.58,2.85,17,15
2025-11-04T04:00,7.8,7.2,0.0,0.0,5.06,2.86,13,22
2025-11-04T05:00,7.7,6.8,0.0,0.0,4.73,3.14,0,13
2025-11-04T06:00,7.8,4.9,1.0,1.0,3.92,2.11,40,0
2025-11-04T07:00,8.4,4.5,62.0,63.0,2.26,0.49,0,6
2025-11-04T08:00,8.3,6.3,183.0,180.0,0.71,1.38,16,0
2025-11-04T09:00,9.2,8.7,276.0,290.0,0.4,2.45,17,0
2025-11-04T10:00,10.7,11.0,360.0,368.0,0.79,2.69,35,0
2025-11-04T11:00,12.0,12.6,383.0,402.0,1.18,2.24,34,0
2025-11-04T12:00,12.7,13.4,387.0,389.0,1.47,2.08,0,0
2025-11-04T13:00,13.2,13.7,321.0,323.0,1.43,2.22,0,1
2025-11-04T14:00,13.2,13.6,216.0,217.0,2.1,3.05,0,0
2025-11-04T15:00,13.1,12.9,92.0,93.0,2.31,4.1,0,3
2025-11-04T16:00,12.2,11.2,8.0,7.0,2.96,4.87,0,0
2025-11-04T17:00,11.2,9.8,0.0,0.0,3.55,4.73,0,23
2025-11-04T18:00,10.7,9.2,0.0,0.0,3.47,4.02,0,0
2025-11-04T19:00,9.8,8.7,0.0,0.0,2.46,4.21,0,38
2025-11-04T20:00,8.9,8.2,0.0,0.0,2.1,4.61,0,35
2025-11-04T21:00,7.9,7.7,0.0,0.0,2.22,4.19,0,7
2025-11-04T22:00,7.1,7.0,0.0,0.0,2.29,3.75,0,0
2025-11-04T23:00,6.6,6.3,0.0,0.0,2.36,4.4,0,0
2025-11-05T00:00,6.0,5.6,0.0,0.0,2.86,4.5,28,0
2025-11-05T01:00,5.5,5.1,0.0,0.0,3.29,4.03,7,0
2025-11-05T02:00,5.2,4.7,0.0,0.0,3.1,4.02,11,3
2025-11-05T03:00,4.4,4.4,0.0,0.0,2.94,4.04,1,29
2025-11-05T04:00,4.1,4.4,0.0,0.0,3.02,4.02,38,47
2025-11-05T05:00,3.9,4.3,0.0,0.0,2.94,4.03,68,52
2025-11-05T06:00,4.1,5.0,1.0,1.0,2.92,3.4,74,88
2025-11-05T07:00,4.5,5.3,35.0,35.0,2.43,3.88,92,92
2025-11-05T08:00,4.9,6.3,100.0,102.0,1.87,3.47,85,90
2025-11-05T09:00,6.1,7.4,214.0,176.0,1.81,3.53,47,97
2025-11-05T10:00,8.7,9.5,335.0,269.0,2.04,3.82,15,57
2025-11-05T11:00,11.5,11.9,389.0,348.0,5.77,5.83,0,97
2025-11-05T12:00,13.2,13.0,375.0,372.0,7.28,8.53,0,10
2025-11-05T13:00,13.8,13.1,313.0,312.0,8.52,9.14,100,7
2025-11-05T14:00,13.5,12.7,192.0,206.0,9.15,10.28,100,37
2025-11-05T15:00,13.1,11.9,79.0,84.0,8.66,10.41,100,95
2025-11-05T16:00,11.9,10.8,6.0,6.0,8.66,10.67,88,93
2025-11-05T17:00,10.9,10.1,0.0,0.0,9.42,10.62,14,62
2025-11-05T18:00,10.1,9.3,0.0,0.0,9.3,10.6,5,1
2025-11-05T19:00,9.5,8.9,0.0,0.0,9.51,10.41,0,1
2025-11-05T20:00,9.1,8.6,0.0,0.0,9.45,10.33,0,0
2025-11-05T21:00,8.3,8.2,0.0,0.0,9.7,10.32,0,0
2025-11-05T22:00,8.0,7.8,0.0,0.0,9.43,10.26,93,10
2025-11-05T23:00,7.6,7.6,0.0,0.0,9.01,10.4,0,13
2025-11-06T00:00,7.2,7.2,0.0,0.0,8.66,9.43,0,22
2025-11-06T01:00,6.8,7.1,0.0,0.0,7.84,9.42,1,29
2025-11-06T02:00,6.5,6.8,0.0,0.0,7.21,9.43,45,54
2025-11-06T03:00,6.3,6.8,0.0,0.0,7.65,8.4,24,53
2025-11-06T04:00,6.1,6.6,0.0,0.0,7.94,8.48,51,60
2025-11-06T05:00,6.1,6.5,0.0,0.0,8.67,8.57,57,61
2025-11-06T06:00,5.7,6.2,1.0,1.0,8.81,10.18,64,64
2025-11-06T07:00,5.9,6.6,47.0,44.0,9.15,10.33,63,55
2025-11-06T08:00,7.3,7.7,156.0,145.0,9.37,10.8,38,50
2025-11-06T09:00,8.8,9.2,283.0,256.0,10.33,12.76,0,29
2025-11-06T10:00,10.3,10.4,366.0,351.0,10.0,11.99,0,29
2025-11-06T11:00,11.5,11.2,400.0,374.0,11.43,13.06,0,40
2025-11-06T12:00,12.6,12.7,383.0,376.0,11.99,11.99,0,6
2025-11-06T13:00,12.7,12.9,318.0,305.0,12.26,12.72,0,27
2025-11-06T14:00,12.5,12.7,207.0,202.0,12.21,12.46,41,18
2025-11-06T15:00,12.1,12.1,87.0,83.0,11.58,12.19,0,9
2025-11-06T16:00,11.1,11.1,6.0,6.0,11.38,12.27,0,8
2025-11-06T17:00,10.4,10.3,0.0,0.0,11.75,12.23,0,6
2025-11-06T18:00,10.1,9.6,0.0,0.0,11.07,12.24,0,46
2025-11-06T19:00,9.5,9.0,0.0,0.0,11.23,12.14,0,43
2025-11-06T20:00,8.8,8.5,0.0,0.0,10.78,11.99,0,19
2025-11-06T21:00,8.1,8.0,0.0,0.0,10.19,12.27,3,34
2025-11-06T22:00,7.8,7.6,0.0,0.0,10.27,12.62,0,44
2025-11-06T23:00,7.3,7.3,0.0,0.0,9.71,12.36,3,52
2025-11-07T00:00,7.0,6.8,0.0,0.0,9.84,12.5,29,52
2025-11-07T01:00,6.7,6.6,0.0,0.0,10.26,12.69,38,47
2025-11-07T02:00,6.5,6.4,0.0,0.0,10.26,12.46,38,53
2025-11-07T03:00,6.5,6.5,0.0,0.0,10.12,11.83,29,51
2025-11-07T04:00,6.4,6.2,0.0,0.0,10.63,11.86,24,64
2025-11-07T05:00,6.2,6.4,0.0,0.0,10.41,11.19,46,67
2025-11-07T06:00,6.0,6.3,0.0,0.0,9.11,11.02,61,62
2025-11-07T07:00,6.2,6.8,47.0,43.0,9.17,10.88,59,59
2025-11-07T08:00,7.6,8.0,157.0,149.0,10.02,10.88,33,31
2025-11-07T09:00,9.5,9.6,286.0,270.0,11.48,11.56,0,13
2025-11-07T10:00,10.7,10.7,366.0,358.0,12.13,11.78,2,16
2025-11-07T11:00,11.5,11.4,398.0,395.0,12.45,12.64,16,13
2025-11-07T12:00,12.2,11.9,380.0,374.0,12.13,12.12,8,17
2025-11-07T13:00,12.2,11.8,314.0,308.0,11.86,12.26,12,23
2025-11-07T14:00,11.9,11.4,206.0,203.0,11.43,12.26,20,25
2025-11-07T15:00,11.4,10.8,85.0,82.0,10.24,11.93,10,29
2025-11-07T16:00,10.7,9.9,5.0,5.0,8.43,11.66,12,24
2025-11-07T17:00,9.8,9.2,0.0,0.0,8.68,11.56,0,11
2025-11-07T18:00,9.1,8.8,0.0,0.0,8.77,11.33,0,1
2025-11-07T19:00,8.7,8.4,0.0,0.0,9.13,11.13,0,0
2025-11-07T20:00,8.6,8.1,0.0,0.0,8.93,10.65,2,9
2025-11-07T21:00,8.4,7.8,0.0,0.0,8.81,10.73,0,42
2025-11-07T22:00,8.0,7.8,0.0,0.0,9.11,9.85,0,42
2025-11-07T23:00,7.7,7.5,0.0,0.0,9.08,9.92,0,36
2025-11-08T00:00,7.6,7.1,0.0,0.0,8.19,9.73,0,9
2025-11-08T01:00,7.4,6.8,0.0,0.0,7.79,9.09,0,20
2025-11-08T02:00,7.5,6.4,0.0,0.0,6.89,8.84,0,29
2025-11-08T03:00,7.8,6.1,0.0,0.0,8.57,8.15,0,18
2025-11-08T04:00,7.5,5.7,0.0,0.0,5.78,8.6,0,22
2025-11-08T05:00,7.0,5.4,0.0,0.0,4.86,8.46,25,15
2025-11-08T06:00,6.6,5.6,0.0,0.0,3.57,6.61,79,52
2025-11-08T07:00,6.9,5.9,43.0,49.0,3.05,6.31,65,32
2025-11-08T08:00,7.9,7.5,140.0,163.0,1.39,5.51,89,21
2025-11-08T09:00,8.2,9.7,205.0,271.0,0.96,3.34,84,22
2025-11-08T10:00,9.7,11.4,235.0,354.0,1.83,4.53,90,9
2025-11-08T11:00,10.8,12.4,277.0,388.0,2.36,4.67,96,26
2025-11-08T12:00,11.7,11.6,201.0,208.0,4.57,4.02,98,100
2025-11-08T13:00,11.8,11.3,226.0,161.0,5.22,4.82,93,100
2025-11-08T14:00,11.4,11.2,139.0,89.0,5.35,4.73,100,100
2025-11-08T15:00,11.1,10.8,54.0,32.0,5.14,4.33,100,100
2025-11-08T16:00,10.4,10.1,3.0,2.0,4.37,4.13,98,98
2025-11-08T17:00,9.6,9.5,0.0,0.0,4.23,3.82,92,99
2025-11-08T18:00,9.0,8.6,0.0,0.0,3.75,4.6,100,98
2025-11-08T19:00,8.7,8.3,0.0,0.0,2.94,3.86,100,100
2025-11-08T20:00,8.7,8.2,0.0,0.0,1.74,2.85,100,100
2025-11-08T21:00,8.7,8.1,0.0,0.0,0.63,1.01,100,98
2025-11-08T22:00,8.6,7.9,0.0,0.0,1.1,1.53,99,100
2025-11-08T23:00,8.8,8.1,0.0,0.0,2.86,4.43,99,100
2025-11-09T00:00,8.1,8.0,0.0,0.0,6.29,4.04,100,100
2025-11-09T01:00,7.8,7.9,0.0,0.0,6.97,4.61,96,97
2025-11-09T02:00,7.3,7.7,0.0,0.0,7.17,5.59,100,100
2025-11-09T03:00,7.2,7.7,0.0,0.0,6.49,6.57,100,100
2025-11-09T04:00,7.0,7.8,0.0,0.0,7.35,8.2,100,100
2025-11-09T05:00,6.8,7.6,0.0,0.0,7.45,9.28,100,100
2025-11-09T06:00,7.7,7.2,0.0,0.0,6.06,7.65,88,94
2025-11-09T07:00,7.6,7.5,39.0,25.0,5.7,7.54,87,87
2025-11-09T08:00,8.6,8.2,133.0,75.0,4.8,7.17,47,88
2025-11-09T09:00,10.0,8.4,190.0,96.0,4.06,6.59,99,91
2025-11-09T10:00,10.3,8.9,119.0,124.0,2.84,6.21,91,92
2025-11-09T11:00,10.3,9.6,92.0,162.0,1.77,5.99,100,92
2025-11-09T12:00,11.0,10.8,110.0,222.0,3.2,5.22,93,86
2025-11-09T13:00,11.7,10.8,136.0,210.0,4.75,6.18,100,53
2025-11-09T14:00,11.4,10.3,79.0,178.0,6.12,5.85,96,59
2025-11-09T15:00,10.4,9.5,34.0,66.0,4.91,5.02,87,96
2025-11-09T16:00,10.0,8.8,2.0,2.0,4.93,4.21,98,94
2025-11-09T17:00,9.5,8.3,0.0,0.0,4.22,3.69,100,97
2025-11-09T18:00,9.8,8.8,0.0,0.0,5.2,4.71,100,90
2025-11-09T19:00,9.7,8.6,0.0,0.0,3.92,3.5,100,93
2025-11-09T20:00,9.6,8.3,0.0,0.0,3.73,2.85,92,95
2025-11-09T21:00,9.0,8.3,0.0,0.0,1.71,2.29,97,92
2025-11-09T22:00,9.1,8.2,0.0,0.0,0.62,2.25,96,86
2025-11-09T23:00,8.9,7.9,0.0,0.0,0.31,2.26,100,81
2025-11-10T00:00,8.4,8.6,0.0,0.0,0.69,2.87,100,76
2025-11-10T01:00,8.3,8.7,0.0,0.0,1.37,3.34,98,89
2025-11-10T02:00,8.5,8.5,0.0,0.0,2.16,3.26,100,84
2025-11-10T03:00,8.8,8.4,0.0,0.0,3.0,3.02,89,81
2025-11-10T04:00,8.7,8.3,0.0,0.0,3.0,3.25,89,74
2025-11-10T05:00,8.5,8.1,0.0,0.0,3.58,3.29,81,88
2025-11-10T06:00,8.2,8.0,0.0,0.0,2.87,2.73,74,88
2025-11-10T07:00,8.4,8.3,25.0,23.0,3.74,3.63,86,85
2025-11-10T08:00,9.1,9.1,93.0,82.0,3.93,3.29,78,80
2025-11-10T09:00,9.8,10.6,234.0,164.0,3.25,2.38,44,86
2025-11-10T10:00,10.9,11.8,335.0,189.0,3.59,2.86,30,90
2025-11-10T11:00,11.6,12.4,344.0,192.0,3.93,3.0,59,75
2025-11-10T12:00,11.8,11.7,304.0,141.0,2.82,0.57,52,94
2025-11-10T13:00,12.0,12.0,263.0,121.0,2.55,1.18,48,93
2025-11-10T14:00,12.1,11.7,158.0,84.0,2.89,1.57,72,98
2025-11-10T15:00,11.9,11.1,63.0,32.0,2.42,1.18,48,83
2025-11-10T16:00,11.5,10.2,4.0,2.0,1.27,1.12,95,87
2025-11-10T17:00,11.1,9.5,0.0,0.0,1.15,1.53,87,74
2025-11-10T18:00,9.7,8.6,0.0,0.0,3.15,2.16,85,50
2025-11-10T19:00,9.4,8.2,0.0,0.0,2.27,1.98,68,41
2025-11-10T20:00,9.0,7.7,0.0,0.0,1.93,1.69,48,34
2025-11-10T21:00,8.3,7.0,0.0,0.0,2.15,1.67,30,43
2025-11-10T22:00,7.7,6.4,0.0,0.0,1.98,1.86,22,78
2025-11-10T23:00,7.0,5.8,0.0,0.0,2.26,1.68,41,93
2025-11-11T00:00,7.0,5.3,0.0,0.0,2.86,0.31,16,62
2025-11-11T01:00,6.6,4.9,0.0,0.0,2.46,0.44,0,70
2025-11-11T02:00,6.3,4.6,0.0,0.0,1.79,0.66,0,82
2025-11-11T03:00,3.8,4.5,0.0,0.0,0.79,0.66,100,90
2025-11-11T04:00,3.9,4.4,0.0,0.0,0.98,0.42,100,91
2025-11-11T05:00,3.7,4.3,0.0,0.0,1.25,0.57,100,93
2025-11-11T06:00,4.5,3.8,0.0,0.0,0.75,0.57,100,100
2025-11-11T07:00,5.5,3.9,26.0,28.0,2.76,1.01,100,100
2025-11-11T08:00,7.0,4.7,113.0,94.0,2.65,0.98,66,99
2025-11-11T09:00,8.6,5.7,177.0,138.0,2.26,0.88,91,100
2025-11-11T10:00,10.0,7.2,245.0,251.0,2.65,0.49,72,70
2025-11-11T11:00,11.1,9.3,266.0,265.0,3.04,1.08,94,100
2025-11-11T12:00,11.9,11.9,202.0,297.0,2.84,2.33,100,62
2025-11-11T13:00,12.2,12.6,182.0,234.0,3.01,4.3,100,98
2025-11-11T14:00,12.3,11.9,107.0,75.0,2.55,3.95,100,100
2025-11-11T15:00,11.5,11.3,54.0,34.0,2.25,2.94,91,100
2025-11-11T16:00,11.2,10.1,2.0,2.0,1.71,2.92,63,97
2025-11-11T17:00,10.2,9.0,0.0,0.0,2.31,1.86,90,73
2025-11-11T18:00,9.6,8.0,0.0,0.0,2.67,1.97,60,95
2025-11-11T19:00,9.0,7.5,0.0,0.0,2.84,1.9,100,76
2025-11-11T20:00,8.7,7.2,0.0,0.0,1.67,1.68,100,99
2025-11-11T21:00,8.4,7.0,0.0,0.0,2.1,1.71,100,100
2025-11-11T22:00,8.1,6.7,0.0,0.0,1.85,1.93,99,100
2025-11-11T23:00,7.5,6.5,0.0,0.0,1.06,2.33,100,100
2025-11-12T00:00,5.3,6.3,0.0,0.0,0.14,0.79,100,79
2025-11-12T01:00,4.7,6.0,0.0,0.0,0.22,2.17,100,48
2025-11-12T02:00,4.3,5.8,0.0,0.0,0.22,1.41,100,37
2025-11-12T03:00,4.3,4.9,0.0,0.0,0.53,1.28,100,59
2025-11-12T04:00,4.2,4.1,0.0,0.0,1.19,2.28,100,88
2025-11-12T05:00,4.0,4.0,0.0,0.0,1.23,2.43,100,97
2025-11-12T06:00,3.7,3.5,0.0,0.0,1.31,1.71,100,100
2025-11-12T07:00,3.8,3.5,13.0,19.0,0.89,1.47,100,100
2025-11-12T08:00,4.3,3.8,48.0,62.0,0.9,1.71,100,100
2025-11-12T09:00,4.7,4.5,87.0,100.0,1.19,1.38,100,98
2025-11-12T10:00,5.0,5.2,92.0,158.0,1.38,1.12,100,100
2025-11-12T11:00,5.6,5.6,88.0,174.0,1.21,1.63,100,97
2025-11-12T12:00,6.7,5.7,84.0,117.0,2.65,1.69,100,100
2025-11-12T13:00,7.3,5.9,72.0,84.0,2.37,1.88,100,100
2025-11-12T14:00,7.2,6.1,41.0,45.0,2.77,2.34,100,100
2025-11-12T15:00,6.8,6.0,18.0,17.0,4.27,2.57,100,100
2025-11-12T16:00,6.3,5.8,1.0,1.0,3.7,2.72,100,100
2025-11-12T17:00,5.7,5.7,0.0,0.0,3.56,3.16,100,100
2025-11-12T18:00,5.7,5.9,0.0,0.0,4.37,4.39,100,94
2025-11-12T19:00,5.4,5.5,0.0,0.0,4.24,3.92,100,100
2025-11-12T20:00,5.2,5.1,0.0,0.0,4.78,4.03,100,100
2025-11-12T21:00,4.9,4.9,0.0,0.0,4.84,3.94,100,100
2025-11-12T22:00,4.6,4.7,0.0,0.0,4.57,3.77,100,100
2025-11-12T23:00,4.4,4.5,0.0,0.0,4.16,3.48,100,100
2025-11-13T00:00,4.2,4.1,0.0,0.0,4.47,2.98,100,100
2025-11-13T01:00,4.1,4.0,0.0,0.0,4.65,2.77,100,100
2025-11-13T02:00,4.1,3.8,0.0,0.0,4.56,3.02,100,100
2025-11-13T03:00,3.9,3.8,0.0,0.0,4.1,2.5,100,100
2025-11-13T04:00,4.1,3.8,0.0,0.0,3.86,2.72,100,100
2025-11-13T05:00,4.2,3.7,0.0,0.0,3.77,3.07,100,100
2025-11-13T06:00,4.2,3.6,0.0,0.0,3.46,3.2,100,100
2025-11-13T07:00,4.3,3.7,9.0,6.0,3.86,3.33,100,100
2025-11-13T08:00,4.5,4.0,27.0,26.0,4.0,3.07,100,100
2025-11-13T09:00,4.8,4.2,52.0,40.0,3.99,3.29,100,100
2025-11-13T10:00,5.2,4.5,76.0,65.0,3.95,3.59,100,100
2025-11-13T11:00,5.6,4.5,89.0,75.0,3.81,3.68,100,100
2025-11-13T12:00,6.1,5.5,97.0,65.0,3.77,4.37,100,100
2025-11-13T13:00,6.5,5.8,81.0,57.0,4.21,4.09,100,100
2025-11-13T14:00,6.5,6.0,56.0,35.0,4.65,4.3,100,100
2025-11-13T15:00,6.0,6.0,25.0,14.0,4.43,4.3,100,100
2025-11-13T16:00,5.6,5.9,1.0,0.0,4.82,4.87,100,100
2025-11-13T17:00,5.4,5.8,0.0,0.0,4.82,5.15,100,100
2025-11-13T18:00,5.6,5.3,0.0,0.0,4.9,4.4,100,100
2025-11-13T19:00,5.5,5.2,0.0,0.0,5.06,3.77,100,100
2025-11-13T20:00,5.5,5.2,0.0,0.0,5.24,3.86,100,100
2025-11-13T21:00,5.3,5.1,0.0,0.0,4.48,3.47,100,100
2025-11-13T22:00,5.5,5.1,0.0,0.0,4.13,3.26,100,100
2025-11-13T23:00,5.5,5.1,0.0,0.0,3.73,2.67,100,100
2025-11-14T00:00,5.8,5.7,0.0,0.0,3.46,3.45,100,100
2025-11-14T01:00,5.7,5.9,0.0,0.0,3.77,3.46,100,100
2025-11-14T02:00,5.7,6.1,0.0,0.0,3.26,4.0,100,100
2025-11-14T03:00,5.7,6.2,0.0,0.0,2.94,4.8,100,100
2025-11-14T04:00,5.5,6.2,0.0,0.0,2.84,4.66,100,100
2025-11-14T05:00,5.5,6.2,0.0,0.0,3.98,3.61,100,100
2025-11-14T06:00,5.4,5.5,0.0,0.0,3.64,5.42,100,100
2025-11-14T07:00,5.7,5.5,7.0,7.0,4.57,4.99,100,100
2025-11-14T08:00,6.5,5.9,24.0,30.0,5.43,5.95,100,100
2025-11-14T09:00,6.4,6.4,41.0,51.0,7.19,4.92,100,100
2025-11-14T10:00,6.8,6.9,66.0,69.0,7.09,4.85,100,100
2025-11-14T11:00,7.2,7.4,70.0,66.0,6.69,5.48,100,100
2025-11-14T12:00,7.5,8.4,54.0,68.0,6.58,6.61,100,100
2025-11-14T13:00,7.7,8.7,66.0,56.0,6.41,7.24,100,100
2025-11-14T14:00,7.8,9.0,38.0,44.0,5.92,7.96,100,100
2025-11-14T15:00,8.3,9.0,14.0,21.0,4.81,8.12,100,99
2025-11-14T16:00,8.3,8.9,0.0,1.0,4.7,7.55,100,94
2025-11-14T17:00,8.3,8.8,0.0,0.0,3.42,6.58,100,96
2025-11-14T18:00,8.4,8.5,0.0,0.0,2.36,4.16,99,97
2025-11-14T19:00,8.4,8.5,0.0,0.0,3.06,3.68,100,100
2025-11-14T20:00,8.4,8.4,0.0,0.0,1.67,4.39,100,98
2025-11-14T21:00,8.0,8.4,0.0,0.0,1.41,3.55,100,100
2025-11-14T22:00,8.1,8.3,0.0,0.0,2.7,3.42,100,100
2025-11-14T23:00,8.1,8.2,0.0,0.0,1.93,3.0,100,100
2025-11-15T00:00,7.7,8.5,0.0,0.0,1.98,1.74,100,98
2025-11-15T01:00,7.7,8.4,0.0,0.0,2.07,1.62,100,99
2025-11-15T02:00,7.7,8.4,0.0,0.0,1.23,1.62,100,100
2025-11-15T03:00,8.0,8.4,0.0,0.0,0.84,1.5,100,99
2025-11-15T04:00,7.9,8.3,0.0,0.0,0.93,2.36,100,98
2025-11-15T05:00,7.9,8.2,0.0,0.0,0.69,2.65,100,100
2025-11-15T06:00,7.6,6.9,0.0,0.0,1.71,2.96,100,100
2025-11-15T07:00,7.7,7.1,10.0,11.0,2.0,3.29,100,100
2025-11-15T08:00,7.8,7.5,44.0,39.0,2.36,3.03,100,100
2025-11-15T09:00,7.7,8.1,59.0,68.0,2.14,2.01,100,100
2025-11-15T10:00,8.0,8.6,84.0,76.0,1.45,1.9,100,100
2025-11-15T11:00,8.4,9.3,107.0,74.0,1.64,2.87,100,100
2025-11-15T12:00,8.7,9.9,101.0,88.0,2.42,0.2,100,100
2025-11-15T13:00,9.2,10.1,102.0,72.0,3.57,0.35,100,100
2025-11-15T14:00,9.6,10.2,68.0,52.0,3.94,0.22,100,100
2025-11-15T15:00,9.0,10.1,19.0,22.0,2.52,0.22,100,99
2025-11-15T16:00,9.0,9.8,0.0,1.0,3.04,0.31,100,99
2025-11-15T17:00,9.1,9.4,0.0,0.0,3.14,0.1,100,100
2025-11-15T18:00,8.7,9.1,0.0,0.0,2.71,0.57,100,100
2025-11-15T19:00,8.6,8.8,0.0,0.0,2.27,0.4,100,100
2025-11-15T20:00,8.6,8.7,0.0,0.0,1.18,0.31,100,98
2025-11-15T21:00,8.4,8.6,0.0,0.0,1.81,0.22,100,97
2025-11-15T22:00,8.4,8.3,0.0,0.0,1.67,0.1,100,97
2025-11-15T23:00,8.4,8.1,0.0,0.0,0.97,0.84,100,100
2025-11-16T00:00,8.5,8.5,0.0,0.0,0.2,1.74,100,100
2025-11-16T01:00,8.5,8.4,0.0,0.0,0.53,1.67,100,100
2025-11-16T02:00,8.5,8.3,0.0,0.0,0.39,0.69,100,100
2025-11-16T03:00,8.5,8.2,0.0,0.0,0.35,0.9,100,100
2025-11-16T04:00,8.7,8.2,0.0,0.0,2.19,2.23,99,100
2025-11-16T05:00,8.5,8.4,0.0,0.0,2.73,4.76,100,100
2025-11-16T06:00,8.3,7.2,0.0,0.0,1.58,3.66,87,100
2025-11-16T07:00,8.2,7.8,20.0,15.0,0.79,4.09,79,100
2025-11-16T08:00,8.7,9.0,104.0,98.0,1.18,5.54,80,58
2025-11-16T09:00,8.6,10.5,152.0,172.0,2.87,5.39,82,70
2025-11-16T10:00,9.5,11.7,221.0,204.0,2.75,2.86,72,66
2025-11-16T11:00,10.7,12.4,308.0,242.0,2.45,0.89,40,67
2025-11-16T12:00,11.4,11.3,325.0,192.0,3.19,2.37,9,80
2025-11-16T13:00,11.7,11.7,267.0,185.0,3.04,3.0,9,72
2025-11-16T14:00,11.8,12.0,168.0,144.0,3.47,3.14,0,96
2025-11-16T15:00,10.8,11.5,52.0,50.0,3.34,3.65,17,88
2025-11-16T16:00,9.8,10.3,1.0,1.0,4.08,3.26,84,100
2025-11-16T17:00,8.8,9.2,0.0,0.0,3.97,4.54,84,93
2025-11-16T18:00,8.6,8.2,0.0,0.0,3.54,5.28,71,57
2025-11-16T19:00,8.2,7.7,0.0,0.0,3.35,4.74,95,100
2025-11-16T20:00,8.2,7.5,0.0,0.0,2.63,4.46,98,100
2025-11-16T21:00,8.6,7.4,0.0,0.0,1.73,3.57,100,91
2025-11-16T22:00,8.6,7.1,0.0,0.0,0.75,2.54,100,96
2025-11-16T23:00,8.7,7.2,0.0,0.0,1.52,1.57,100,96
2025-11-17T00:00,9.2,7.6,0.0,0.0,2.55,1.14,100,100
2025-11-17T01:00,8.9,7.7,0.0,0.0,3.14,1.19,100,100
2025-11-17T02:00,8.6,8.0,0.0,0.0,2.67,2.08,100,100
2025-11-17T03:00,8.6,8.3,0.0,0.0,2.02,2.59,100,100
2025-11-17T04:00,8.7,8.4,0.0,0.0,0.9,2.31,100,100
2025-11-17T05:00,8.7,8.3,0.0,0.0,1.4,2.43,100,100
2025-11-17T06:00,8.3,8.2,0.0,0.0,2.46,1.12,100,100
2025-11-17T07:00,8.3,8.2,6.0,6.0,2.7,0.81,100,100
2025-11-17T08:00,8.5,8.2,20.0,20.0,1.77,1.39,100,100
2025-11-17T09:00,8.5,8.3,42.0,25.0,1.88,1.93,100,100
2025-11-17T10:00,9.0,8.7,45.0,43.0,1.96,2.73,100,100
2025-11-17T11:00,9.5,9.6,54.0,47.0,2.29,4.65,100,100
2025-11-17T12:00,11.2,9.4,61.0,38.0,7.11,4.82,100,100
2025-11-17T13:00,11.0,9.6,52.0,30.0,6.21,10.42,100,100
2025-11-17T14:00,7.4,7.1,28.0,26.0,10.99,11.29,100,100
2025-11-17T15:00,8.4,6.1,9.0,9.0,9.75,12.41,100,100
2025-11-17T16:00,7.0,5.7,0.0,0.0,11.96,12.93,100,100
2025-11-17T17:00,6.5,5.7,0.0,0.0,10.84,11.14,100,100
2025-11-17T18:00,6.0,5.7,0.0,0.0,10.81,11.39,100,100
2025-11-17T19:00,5.4,5.9,0.0,0.0,12.86,10.66,100,100
2025-11-17T20:00,5.2,5.9,0.0,0.0,10.57,11.26,100,100
2025-11-17T21:00,5.5,5.4,0.0,0.0,10.72,10.57,100,74
2025-11-17T22:00,5.5,5.2,0.0,0.0,9.53,10.63,100,45
2025-11-17T23:00,5.3,5.0,0.0,0.0,11.45,9.97,100,48
2025-11-18T00:00,5.1,5.0,0.0,0.0,10.91,11.29,100,100
2025-11-18T01:00,4.2,4.3,0.0,0.0,10.17,10.22,43,33
2025-11-18T02:00,3.9,3.8,0.0,0.0,9.68,10.41,79,35
2025-11-18T03:00,4.3,3.2,0.0,0.0,10.48,9.78,72,14
2025-11-18T04:00,4.1,2.5,0.0,0.0,9.12,9.02,89,10
2025-11-18T05:00,3.9,2.2,0.0,0.0,8.02,8.6,79,25
2025-11-18T06:00,3.6,2.2,0.0,0.0,8.21,8.67,4,23
2025-11-18T07:00,3.5,2.3,29.0,29.0,7.37,9.96,19,0
2025-11-18T08:00,4.1,3.4,134.0,140.0,6.97,9.75,20,2
2025-11-18T09:00,4.6,4.6,246.0,251.0,7.09,9.53,6,14
2025-11-18T10:00,5.3,5.6,329.0,327.0,5.76,8.83,39,7
2025-11-18T11:00,5.8,6.5,309.0,362.0,4.49,7.64,76,0
2025-11-18T12:00,5.9,6.4,226.0,347.0,6.51,5.99,80,50
2025-11-18T13:00,6.0,6.4,231.0,265.0,6.35,5.02,64,100
2025-11-18T14:00,5.5,6.1,159.0,148.0,6.4,4.25,93,100
2025-11-18T15:00,4.7,5.6,53.0,53.0,5.71,4.02,100,53
2025-11-18T16:00,4.1,4.6,1.0,1.0,5.83,3.14,0,0
2025-11-18T17:00,3.4,4.1,0.0,0.0,6.33,1.67,0,0
2025-11-18T18:00,3.1,3.0,0.0,0.0,4.23,2.48,0,2
2025-11-18T19:00,2.7,2.2,0.0,0.0,2.84,1.61,16,0
2025-11-18T20:00,2.2,1.6,0.0,0.0,1.77,2.88,10,0
2025-11-18T21:00,1.8,1.5,0.0,0.0,2.26,3.14,13,0
2025-11-18T22:00,1.4,1.5,0.0,0.0,2.66,3.37,52,0
2025-11-18T23:00,1.3,1.2,0.0,0.0,2.09,3.88,43,0
2025-11-19T00:00,1.1,0.6,0.0,0.0,2.29,3.01,31,0
2025-11-19T01:00,0.7,0.6,0.0,0.0,1.77,2.86,3,0
2025-11-19T02:00,0.4,0.4,0.0,0.0,1.4,2.51,0,0
2025-11-19T03:00,0.2,0.1,0.0,0.0,1.46,2.33,0,0
2025-11-19T04:00,0.2,-0.2,0.0,0.0,1.12,2.33,0,0
2025-11-19T05:00,0.3,-0.4,0.0,0.0,1.04,2.14,0,0
2025-11-19T06:00,0.1,-0.2,0.0,0.0,1.11,2.11,0,0
2025-11-19T07:00,0.1,-0.3,26.0,26.0,1.06,2.26,0,0
2025-11-19T08:00,0.8,0.0,131.0,133.0,1.18,2.26,0,0
2025-11-19T09:00,1.8,1.0,243.0,245.0,1.24,2.27,0,0
2025-11-19T10:00,2.9,1.9,322.0,323.0,1.46,2.1,0,0
2025-11-19T11:00,3.9,2.9,355.0,356.0,1.71,2.06,1,0
2025-11-19T12:00,4.8,4.4,337.0,341.0,2.43,2.39,0,30
2025-11-19T13:00,5.7,4.9,273.0,276.0,2.5,3.29,6,46
2025-11-19T14:00,6.7,5.0,162.0,162.0,5.37,5.41,89,100
2025-11-19T15:00,5.9,4.3,53.0,50.0,6.58,6.66,89,100
2025-11-19T16:00,4.7,3.6,1.0,0.0,8.1,9.93,83,100
2025-11-19T17:00,4.0,3.1,0.0,0.0,9.34,10.03,88,100
2025-11-19T18:00,3.4,2.4,0.0,0.0,10.69,10.48,100,100
2025-11-19T19:00,3.3,2.3,0.0,0.0,10.65,9.33,100,100
2025-11-19T20:00,3.3,2.2,0.0,0.0,10.37,8.68,100,100
2025-11-19T21:00,3.1,2.1,0.0,0.0,10.26,7.89,100,100
2025-11-19T22:00,2.9,2.0,0.0,0.0,9.6,6.68,100,99
2025-11-19T23:00,2.7,2.0,0.0,0.0,8.69,5.67,97,100
2025-11-20T00:00,2.3,1.8,0.0,0.0,8.16,7.06,100,100
2025-11-20T01:00,2.2,1.6,0.0,0.0,7.01,4.96,100,100
2025-11-20T02:00,2.1,1.4,0.0,0.0,5.93,3.91,100,100
2025-11-20T03:00,1.8,1.1,0.0,0.0,4.06,3.53,100,85
2025-11-20T04:00,1.7,1.0,0.0,0.0,1.96,2.64,92,86
2025-11-20T05:00,1.7,0.9,0.0,0.0,1.95,2.18,87,83
2025-11-20T06:00,1.3,1.2,0.0,0.0,3.14,2.81,56,75
2025-11-20T07:00,0.8,1.2,22.0,18.0,2.71,1.88,0,78
2025-11-20T08:00,1.2,1.7,114.0,94.0,1.95,0.2,73,65
2025-11-20T09:00,3.4,2.6,115.0,189.0,3.98,0.89,93,84
2025-11-20T10:00,4.6,3.2,107.0,232.0,7.11,0.79,100,85
2025-11-20T11:00,5.4,3.8,142.0,253.0,8.33,0.93,92,91
2025-11-20T12:00,6.0,5.9,149.0,127.0,7.21,5.88,99,99
2025-11-20T13:00,6.1,6.2,127.0,105.0,9.02,8.25,96,100
2025-11-20T14:00,5.8,6.1,92.0,58.0,9.82,8.67,100,100
2025-11-20T15:00,5.2,5.8,33.0,22.0,11.04,8.54,100,100
2025-11-20T16:00,5.0,5.4,0.0,0.0,8.82,8.41,100,100
2025-11-20T17:00,4.7,5.2,0.0,0.0,8.7,7.82,100,100
2025-11-20T18:00,4.5,4.9,0.0,0.0,7.51,9.44,95,98
2025-11-20T19:00,4.1,4.6,0.0,0.0,7.06,9.01,100,89
2025-11-20T20:00,3.6,4.2,0.0,0.0,6.82,8.81,100,100
2025-11-20T21:00,3.4,3.6,0.0,0.0,6.21,7.8,100,100
2025-11-20T22:00,3.3,3.5,0.0,0.0,8.37,7.19,100,100
2025-11-20T23:00,3.0,3.3,0.0,0.0,6.41,7.14,100,100
2025-11-21T00:00,2.5,2.4,0.0,0.0,6.89,5.56,100,97
2025-11-21T01:00,2.3,2.3,0.0,0.0,7.36,5.04,100,100
2025-11-21T02:00,2.1,2.3,0.0,0.0,6.77,6.23,100,100
2025-11-21T03:00,2.2,2.3,0.0,0.0,6.14,5.63,100,100
2025-11-21T04:00,2.1,2.3,0.0,0.0,6.49,6.32,100,100
2025-11-21T05:00,1.9,2.2,0.0,0.0,7.34,5.39,100,100
2025-11-21T06:00,1.7,1.6,0.0,0.0,7.66,8.2,100,100
2025-11-21T07:00,1.7,1.5,8.0,6.0,7.18,8.17,100,100
2025-11-21T08:00,2.0,1.7,44.0,35.0,6.97,7.77,100,100
2025-11-21T09:00,2.3,2.1,89.0,63.0,8.74,8.05,100,100
2025-11-21T10:00,2.7,2.2,131.0,81.0,8.34,8.18,100,100
2025-11-21T11:00,3.1,2.4,118.0,91.0,8.22,8.34,100,100
2025-11-21T12:00,2.9,1.7,99.0,111.0,8.46,9.06,100,98
2025-11-21T13:00,2.3,2.3,68.0,114.0,8.63,8.72,100,89
2025-11-21T14:00,1.8,2.5,35.0,76.0,8.12,9.81,100,100
2025-11-21T15:00,3.0,2.5,17.0,24.0,10.09,9.66,100,100
2025-11-21T16:00,2.8,2.2,0.0,0.0,10.54,9.21,100,100
2025-11-21T17:00,2.5,2.0,0.0,0.0,10.85,9.45,100,100
2025-11-21T18:00,2.7,1.6,0.0,0.0,9.43,9.24,100,100
2025-11-21T19:00,2.3,1.2,0.0,0.0,9.77,9.68,99,100
2025-11-21T20:00,1.9,0.8,0.0,0.0,9.56,9.93,100,100
2025-11-21T21:00,1.3,0.3,0.0,0.0,9.95,10.27,100,95
2025-11-21T22:00,1.0,0.0,0.0,0.0,9.47,9.78,100,35
2025-11-21T23:00,1.0,-0.3,0.0,0.0,9.92,9.36,100,44
2025-11-22T00:00,1.0,0.4,0.0,0.0,9.38,10.48,93,100
2025-11-22T01:00,0.9,0.2,0.0,0.0,8.81,10.09,92,93
2025-11-22T02:00,0.6,0.1,0.0,0.0,9.21,9.72,99,99
2025-11-22T03:00,0.4,-0.1,0.0,0.0,9.54,9.95,100,100
2025-11-22T04:00,0.2,-0.2,0.0,0.0,9.68,9.8,99,100
2025-11-22T05:00,0.0,-0.4,0.0,0.0,9.8,9.99,99,80
2025-11-22T06:00,-0.4,-0.2,0.0,0.0,10.63,10.56,100,94
2025-11-22T07:00,-0.5,-0.3,10.0,17.0,10.31,10.52,100,70
2025-11-22T08:00,-0.3,-0.1,55.0,104.0,10.89,9.95,100,54
2025-11-22T09:00,0.4,0.6,197.0,217.0,9.7,9.11,93,47
2025-11-22T10:00,1.0,1.2,257.0,295.0,9.01,9.76,100,47
2025-11-22T11:00,1.5,1.9,266.0,332.0,9.56,8.83,100,19
2025-11-22T12:00,1.7,1.3,227.0,212.0,9.77,10.81,100,100
2025-11-22T13:00,1.8,1.3,184.0,170.0,9.45,11.03,100,100
2025-11-22T14:00,1.6,1.1,90.0,107.0,9.6,10.75,100,98
2025-11-22T15:00,1.4,0.8,35.0,35.0,9.93,10.36,100,95
2025-11-22T16:00,1.1,0.4,0.0,0.0,9.24,10.14,100,100
2025-11-22T17:00,0.7,0.2,0.0,0.0,8.46,9.91,100,100
2025-11-22T18:00,0.3,-0.1,0.0,0.0,9.06,11.29,100,100
2025-11-22T19:00,0.1,-0.3,0.0,0.0,9.45,11.37,100,100
2025-11-22T20:00,-0.2,-0.6,0.0,0.0,9.21,11.43,100,100
2025-11-22T21:00,-0.4,-0.8,0.0,0.0,9.35,10.9,100,100
2025-11-22T22:00,-0.7,-1.0,0.0,0.0,9.89,11.14,100,100
2025-11-22T23:00,-1.2,-1.1,0.0,0.0,9.31,11.21,100,100
2025-11-23T00:00,-1.2,-1.3,0.0,0.0,10.08,8.73,100,100
2025-11-23T01:00,-1.3,-1.3,0.0,0.0,9.82,8.76,100,100
2025-11-23T02:00,-1.5,-1.3,0.0,0.0,9.73,8.86,100,100
2025-11-23T03:00,-1.5,-1.4,0.0,0.0,10.65,8.22,100,100
2025-11-23T04:00,-1.4,-1.5,0.0,0.0,10.74,7.57,100,100
2025-11-23T05:00,-1.3,-1.6,0.0,0.0,10.52,7.94,100,100
2025-11-23T06:00,-1.9,-1.3,0.0,0.0,11.65,8.59,100,100
2025-11-23T07:00,-1.8,-1.3,7.0,11.0,11.23,8.0,100,99
2025-11-23T08:00,-1.6,-1.1,46.0,65.0,10.85,7.43,100,93
2025-11-23T09:00,-1.1,-0.5,85.0,132.0,10.12,7.31,100,92
2025-11-23T10:00,-0.4,0.2,149.0,192.0,8.86,5.95,100,90
2025-11-23T11:00,0.3,1.0,176.0,263.0,7.49,5.06,100,58
2025-11-23T12:00,1.3,1.4,245.0,305.0,6.4,3.78,88,37
2025-11-23T13:00,1.6,1.6,257.0,255.0,5.35,2.77,0,21
2025-11-23T14:00,1.5,1.5,168.0,164.0,3.81,1.81,0,0
2025-11-23T15:00,0.9,1.0,51.0,49.0,3.38,0.69,0,0
2025-11-23T16:00,0.3,0.4,0.0,0.0,3.88,1.74,0,0
2025-11-23T17:00,-0.0,-0.2,0.0,0.0,2.65,2.86,0,0
2025-11-23T18:00,-0.1,-1.0,0.0,0.0,3.88,4.28,0,0
2025-11-23T19:00,-0.3,-1.2,0.0,0.0,4.8,4.75,0,0
2025-11-23T20:00,-0.6,-1.4,0.0,0.0,4.61,5.19,0,0
2025-11-23T21:00,-1.0,-1.6,0.0,0.0,4.43,4.79,0,34
2025-11-23T22:00,-1.2,-2.0,0.0,0.0,4.34,4.74,0,60
2025-11-23T23:00,-1.4,-2.3,0.0,0.0,4.62,4.91,64,89
2025-11-24T00:00,-1.6,-3.3,0.0,0.0,4.27,5.51,53,100
2025-11-24T01:00,-1.7,-2.6,0.0,0.0,4.13,4.99,7,94
2025-11-24T02:00,-1.9,-2.2,0.0,0.0,3.82,4.45,99,100
2025-11-24T03:00,-1.8,-1.9,0.0,0.0,5.29,3.2,100,100
2025-11-24T04:00,-1.7,-1.9,0.0,0.0,2.61,2.89,99,100
2025-11-24T05:00,-1.7,-1.8,0.0,0.0,2.15,2.91,100,99
2025-11-24T06:00,-1.5,-1.7,0.0,0.0,2.42,1.98,100,98
2025-11-24T07:00,-1.7,-1.6,6.0,5.0,2.51,2.5,98,98
2025-11-24T08:00,-1.6,-1.4,57.0,39.0,4.0,1.71,94,100
2025-11-24T09:00,-0.9,-1.0,110.0,93.0,3.4,2.15,97,100
2025-11-24T10:00,-0.4,-0.7,162.0,114.0,3.4,3.24,99,100
2025-11-24T11:00,0.1,-0.5,155.0,143.0,3.74,1.95,100,100
2025-11-24T12:00,0.5,0.1,158.0,150.0,4.52,2.99,100,100
2025-11-24T13:00,1.1,0.5,108.0,83.0,4.59,3.57,100,100
2025-11-24T14:00,1.5,0.7,67.0,46.0,5.52,4.03,100,100
2025-11-24T15:00,1.0,0.6,20.0,17.0,4.3,4.37,100,100
2025-11-24T16:00,0.9,0.5,0.0,0.0,3.69,4.09,100,100
2025-11-24T17:00,0.9,0.5,0.0,0.0,3.31,4.21,100,100
2025-11-24T18:00,0.7,0.7,0.0,0.0,2.45,2.85,100,99
2025-11-24T19:00,0.8,0.7,0.0,0.0,2.73,2.35,100,100
2025-11-24T20:00,0.9,0.8,0.0,0.0,1.86,1.83,100,100
2025-11-24T21:00,0.5,0.8,0.0,0.0,1.93,1.87,100,100
2025-11-24T22:00,0.5,0.8,0.0,0.0,1.67,1.67,100,100
2025-11-24T23:00,0.5,0.9,0.0,0.0,1.2,2.06,100,100
2025-11-25T00:00,0.6,1.2,0.0,0.0,1.8,3.29,100,95
2025-11-25T01:00,0.7,1.4,0.0,0.0,2.31,2.43,100,100
2025-11-25T02:00,0.7,1.5,0.0,0.0,2.29,2.2,100,100
2025-11-25T03:00,0.7,1.6,0.0,0.0,2.69,0.96,100,100
2025-11-25T04:00,1.0,1.6,0.0,0.0,3.43,1.04,100,100
2025-11-25T05:00,1.0,1.5,0.0,0.0,3.73,2.83,100,100
2025-11-25T06:00,1.2,1.7,0.0,0.0,4.43,6.44,100,100
2025-11-25T07:00,1.2,1.9,4.0,3.0,5.78,4.96,100,100
2025-11-25T08:00,1.5,2.2,29.0,29.0,4.95,5.11,100,100
2025-11-25T09:00,2.2,2.6,56.0,71.0,4.56,4.08,100,100
2025-11-25T10:00,2.9,2.9,115.0,74.0,4.69,4.04,100,100
2025-11-25T11:00,3.2,3.2,110.0,82.0,4.88,4.68,100,100
2025-11-25T12:00,2.9,2.7,58.0,67.0,5.52,5.13,100,100
2025-11-25T13:00,3.1,2.8,57.0,78.0,5.35,8.02,100,100
2025-11-25T14:00,3.2,2.7,37.0,45.0,7.33,6.95,100,100
2025-11-25T15:00,2.9,2.5,15.0,13.0,7.19,6.95,100,99
2025-11-25T16:00,2.8,2.2,0.0,0.0,6.01,7.3,100,100
2025-11-25T17:00,2.6,2.2,0.0,0.0,5.4,7.48,100,100
2025-11-25T18:00,2.7,2.4,0.0,0.0,5.63,8.55,100,100
2025-11-25T19:00,2.8,2.3,0.0,0.0,6.41,7.24,100,100
2025-11-25T20:00,2.8,2.2,0.0,0.0,7.67,6.35,100,100
2025-11-25T21:00,2.9,2.0,0.0,0.0,8.12,7.41,100,100
2025-11-25T22:00,2.9,2.1,0.0,0.0,8.61,8.81,100,100
2025-11-25T23:00,2.9,2.2,0.0,0.0,8.83,10.43,100,100
2025-11-26T00:00,2.9,2.1,0.0,0.0,9.02,9.73,100,100
2025-11-26T01:00,3.1,2.1,0.0,0.0,9.21,10.21,100,100
2025-11-26T02:00,2.9,2.2,0.0,0.0,9.65,9.99,100,100
2025-11-26T03:00,3.0,1.9,0.0,0.0,9.7,10.08,100,60
2025-11-26T04:00,2.9,1.8,0.0,0.0,9.88,9.6,100,65
2025-11-26T05:00,2.8,2.0,0.0,0.0,10.23,9.77,100,84
2025-11-26T06:00,2.8,2.3,0.0,0.0,10.11,10.79,100,100
2025-11-26T07:00,2.7,2.2,7.0,6.0,10.41,10.64,100,100
2025-11-26T08:00,2.7,2.4,44.0,35.0,9.82,10.52,100,100
2025-11-26T09:00,3.4,2.7,129.0,91.0,9.16,10.42,71,93
2025-11-26T10:00,3.9,3.5,201.0,178.0,9.13,10.09,90,81
2025-11-26T11:00,4.5,4.1,211.0,232.0,8.82,9.93,83,75
2025-11-26T12:00,4.9,3.0,227.0,168.0,10.17,9.62,74,91
2025-11-26T13:00,5.0,3.0,218.0,122.0,9.54,8.26,48,93
2025-11-26T14:00,4.8,2.9,116.0,80.0,7.99,7.9,90,92
2025-11-26T15:00,3.9,2.8,36.0,22.0,8.13,8.59,80,87
2025-11-26T16:00,3.5,2.5,0.0,0.0,6.01,8.74,71,84
2025-11-26T17:00,3.2,2.2,0.0,0.0,6.29,9.38,71,83
2025-11-26T18:00,2.9,2.1,0.0,0.0,9.21,7.72,64,67
2025-11-26T19:00,2.7,1.9,0.0,0.0,8.64,7.7,46,78
2025-11-26T20:00,2.6,2.0,0.0,0.0,9.6,9.6,46,57
2025-11-26T21:00,2.5,2.1,0.0,0.0,9.92,10.93,71,70
2025-11-26T22:00,2.4,2.2,0.0,0.0,10.31,10.5,85,86
2025-11-26T23:00,2.5,2.2,0.0,0.0,9.22,9.99,73,83
2025-11-27T00:00,2.1,1.8,0.0,0.0,9.52,11.7,72,67
2025-11-27T01:00,2.0,1.8,0.0,0.0,10.01,12.33,82,61
2025-11-27T02:00,2.0,1.7,0.0,0.0,10.17,11.68,37,84
2025-11-27T03:00,1.8,1.7,0.0,0.0,9.99,11.63,76,85
2025-11-27T04:00,1.8,1.8,0.0,0.0,10.41,11.36,42,72
2025-11-27T05:00,1.6,1.6,0.0,0.0,10.09,10.77,24,64
2025-11-27T06:00,1.6,1.5,0.0,0.0,7.91,9.85,49,62
2025-11-27T07:00,1.4,1.6,12.0,13.0,7.8,9.21,53,38
2025-11-27T08:00,2.2,2.1,86.0,96.0,7.69,8.8,51,44
2025-11-27T09:00,3.0,2.9,206.0,181.0,8.02,9.15,15,54
2025-11-27T10:00,3.8,3.7,286.0,243.0,7.21,9.49,18,59
2025-11-27T11:00,4.2,4.4,308.0,272.0,7.08,8.75,55,47
2025-11-27T12:00,4.8,4.8,246.0,257.0,6.51,7.55,100,66
2025-11-27T13:00,4.8,4.8,136.0,181.0,5.49,7.14,88,70
2025-11-27T14:00,4.6,4.4,83.0,109.0,5.78,6.75,84,55
2025-11-27T15:00,4.1,3.6,28.0,34.0,5.88,7.13,80,53
2025-11-27T16:00,3.2,2.7,0.0,0.0,6.84,7.2,73,38
2025-11-27T17:00,2.5,2.0,0.0,0.0,6.9,6.31,11,37
2025-11-27T18:00,2.1,1.4,0.0,0.0,6.88,6.06,18,21
2025-11-27T19:00,1.8,1.1,0.0,0.0,6.88,5.72,46,34
2025-11-27T20:00,1.6,0.9,0.0,0.0,5.26,5.43,43,27
2025-11-27T21:00,1.7,0.8,0.0,0.0,6.54,5.23,0,8
2025-11-27T22:00,1.4,0.6,0.0,0.0,5.7,5.38,0,0
2025-11-27T23:00,1.2,0.5,0.0,0.0,5.97,4.65,0,0
2025-11-28T00:00,1.1,0.9,0.0,0.0,6.28,5.84,0,0
2025-11-28T01:00,1.1,0.8,0.0,0.0,6.59,5.6,0,0
2025-11-28T02:00,0.9,0.6,0.0,0.0,6.61,5.63,0,0
2025-11-28T03:00,1.0,0.5,0.0,0.0,5.85,5.88,0,0
2025-11-28T04:00,0.8,0.4,0.0,0.0,5.7,5.88,0,0
2025-11-28T05:00,0.7,0.4,0.0,0.0,5.26,5.72,0,0
2025-11-28T06:00,0.8,0.2,0.0,0.0,6.49,4.82,0,0
2025-11-28T07:00,0.7,0.3,12.0,12.0,6.88,4.16,0,0
2025-11-28T08:00,1.3,0.7,96.0,99.0,6.62,3.9,0,0
2025-11-28T09:00,2.3,1.9,200.0,205.0,4.21,4.52,0,0
2025-11-28T10:00,3.4,3.5,278.0,284.0,3.41,4.57,0,0
2025-11-28T11:00,4.4,4.5,313.0,319.0,3.33,3.84,0,0
2025-11-28T12:00,4.8,4.8,301.0,301.0,2.85,1.67,0,0
2025-11-28T13:00,5.1,5.2,241.0,241.0,2.59,2.02,0,0
2025-11-28T14:00,5.0,5.0,145.0,144.0,2.61,2.56,0,0
2025-11-28T15:00,4.4,3.7,39.0,39.0,2.23,2.5,0,0
2025-11-28T16:00,3.6,2.3,0.0,0.0,2.77,1.66,0,0
2025-11-28T17:00,2.9,1.5,0.0,0.0,2.45,1.15,0,0
2025-11-28T18:00,2.3,0.9,0.0,0.0,3.07,3.18,0,0
2025-11-28T19:00,1.7,0.7,0.0,0.0,2.89,1.98,0,0
2025-11-28T20:00,1.6,0.2,0.0,0.0,3.51,1.79,0,4
2025-11-28T21:00,0.8,-0.1,0.0,0.0,2.68,1.69,0,0
2025-11-28T22:00,0.4,-0.6,0.0,0.0,2.18,0.22,0,0
2025-11-28T23:00,0.5,-0.7,0.0,0.0,1.97,0.89,0,0
2025-11-29T00:00,-0.7,-0.6,0.0,0.0,1.77,0.98,0,0
2025-11-29T01:00,-1.0,-0.9,0.0,0.0,1.52,1.28,0,0
2025-11-29T02:00,-1.1,-1.1,0.0,0.0,1.48,2.02,0,0
2025-11-29T03:00,-0.5,-1.0,0.0,0.0,2.4,2.6,62,0
2025-11-29T04:00,-0.4,-1.2,0.0,0.0,2.36,2.59,65,0
2025-11-29T05:00,-0.9,-1.6,0.0,0.0,1.52,2.6,60,18
2025-11-29T06:00,-1.5,0.6,0.0,0.0,0.98,3.92,0,75
2025-11-29T07:00,-1.0,-0.9,9.0,9.0,1.81,2.64,69,100
2025-11-29T08:00,-1.3,-0.3,61.0,59.0,0.84,3.78,100,100
2025-11-29T09:00,-0.2,2.3,90.0,96.0,1.52,6.63,100,100
2025-11-29T10:00,0.1,4.9,100.0,121.0,0.55,9.39,100,100
2025-11-29T11:00,1.0,5.8,103.0,154.0,0.71,11.22,100,100
2025-11-29T12:00,1.9,3.9,122.0,174.0,2.73,3.35,100,79
2025-11-29T13:00,3.3,4.3,81.0,148.0,3.73,3.04,95,98
2025-11-29T14:00,4.3,4.3,66.0,67.0,4.19,2.85,100,96
2025-11-29T15:00,4.1,4.2,22.0,16.0,2.39,3.29,89,99
2025-11-29T16:00,4.0,4.4,0.0,0.0,2.98,3.51,75,93
2025-11-29T17:00,4.0,4.5,0.0,0.0,2.61,3.4,96,97
2025-11-29T18:00,3.9,4.7,0.0,0.0,4.04,5.97,73,84
2025-11-29T19:00,3.7,4.6,0.0,0.0,1.32,5.17,49,85
2025-11-29T20:00,1.6,4.5,0.0,0.0,0.5,3.82,51,91
2025-11-29T21:00,0.4,4.2,0.0,0.0,0.77,3.07,52,98
2025-11-29T22:00,0.6,3.9,0.0,0.0,1.32,2.89,65,84
2025-11-29T23:00,0.8,3.7,0.0,0.0,0.9,2.54,66,90
2025-11-30T00:00,2.4,1.8,0.0,0.0,0.92,0.98,100,93
2025-11-30T01:00,2.7,1.9,0.0,0.0,1.2,1.4,100,91
2025-11-30T02:00,2.7,2.0,0.0,0.0,1.43,1.71,94,89
2025-11-30T03:00,2.6,2.1,0.0,0.0,0.49,1.83,47,90
2025-11-30T04:00,2.2,2.0,0.0,0.0,0.1,2.06,28,81
2025-11-30T05:00,1.3,1.9,0.0,0.0,0.44,1.95,9,49
2025-11-30T06:00,0.3,0.7,0.0,0.0,0.77,1.55,24,17
2025-11-30T07:00,0.5,0.0,9.0,10.0,0.84,1.73,0,8
2025-11-30T08:00,1.0,0.3,85.0,86.0,0.42,1.67,0,6
2025-11-30T09:00,2.3,1.3,180.0,186.0,1.53,1.63,38,0
2025-11-30T10:00,3.9,2.2,259.0,261.0,0.2,1.74,25,5
2025-11-30T11:00,5.4,3.2,297.0,294.0,0.14,1.5,5,0
2025-11-30T12:00,6.0,4.0,284.0,281.0,0.35,0.57,0,0
2025-11-30T13:00,6.2,4.5,227.0,223.0,1.28,1.08,0,0
2025-11-30T14:00,6.0,4.6,134.0,131.0,1.06,1.59,0,0
2025-11-30T15:00,5.1,4.0,35.0,34.0,0.69,1.53,0,0
2025-11-30T16:00,4.2,3.6,0.0,0.0,1.31,1.33,0,0
2025-11-30T17:00,3.7,3.1,0.0,0.0,0.44,1.02,0,0
2025-11-30T18:00,3.2,2.3,0.0,0.0,0.96,1.18,99,0
2025-11-30T19:00,2.8,2.0,0.0,0.0,0.55,0.88,100,7
2025-11-30T20:00,2.5,1.4,0.0,0.0,0.53,0.57,100,50
2025-11-30T21:00,2.9,0.9,0.0,0.0,0.66,0.55,100,100
2025-11-30T22:00,2.4,0.5,0.0,0.0,1.1,0.31,55,100
2025-11-30T23:00,2.0,0.6,0.0,0.0,1.31,0.28,100,100
2025-12-01T00:00,4.1,1.0,0.0,0.0,1.77,0.44,100,100
2025-12-01T01:00,4.3,0.9,0.0,0.0,3.64,1.62,100,100
2025-12-01T02:00,3.8,1.0,0.0,0.0,4.66,3.42,100,100
2025-12-01T03:00,3.8,1.8,0.0,0.0,5.88,4.78,99,100
2025-12-01T04:00,4.2,2.3,0.0,0.0,6.23,4.34,100,98
2025-12-01T05:00,4.9,2.4,0.0,0.0,6.07,4.56,100,100
2025-12-01T06:00,6.2,1.7,0.0,0.0,8.4,4.13,99,99
2025-12-01T07:00,6.1,2.0,4.0,5.0,9.13,3.72,100,95
2025-12-01T08:00,6.2,2.4,39.0,40.0,8.96,3.32,100,98
2025-12-01T09:00,6.6,2.7,65.0,86.0,7.87,2.83,100,96
2025-12-01T10:00,7.1,3.1,94.0,133.0,8.01,2.56,100,87
2025-12-01T11:00,7.6,3.9,168.0,170.0,7.46,2.5,100,84
2025-12-01T12:00,8.2,8.2,201.0,229.0,5.26,3.89,100,63
2025-12-01T13:00,8.3,8.3,191.0,201.0,3.73,3.55,100,55
2025-12-01T14:00,8.2,7.8,117.0,120.0,2.86,3.09,53,44
2025-12-01T15:00,7.1,6.4,27.0,31.0,2.5,2.24,86,30
2025-12-01T16:00,6.7,4.9,0.0,0.0,2.11,2.06,85,50
2025-12-01T17:00,6.3,3.7,0.0,0.0,2.08,1.88,79,37
2025-12-01T18:00,5.3,3.3,0.0,0.0,2.79,2.61,100,72
2025-12-01T19:00,4.6,2.8,0.0,0.0,2.51,3.07,89,80
2025-12-01T20:00,4.2,2.4,0.0,0.0,2.79,3.95,96,95
2025-12-01T21:00,3.4,2.1,0.0,0.0,3.14,5.24,97,93
2025-12-01T22:00,2.9,2.2,0.0,0.0,3.73,6.35,82,90
2025-12-01T23:00,2.6,2.4,0.0,0.0,4.87,7.33,85,79
2025-12-02T00:00,2.9,1.7,0.0,0.0,5.22,6.62,93,97
2025-12-02T01:00,2.5,2.1,0.0,0.0,6.23,5.35,75,96
2025-12-02T02:00,2.8,1.8,0.0,0.0,5.83,5.79,100,75
2025-12-02T03:00,3.2,1.4,0.0,0.0,7.51,6.94,100,70
2025-12-02T04:00,3.3,1.4,0.0,0.0,8.05,6.96,100,70
2025-12-02T05:00,3.2,1.6,0.0,0.0,7.74,6.89,100,82
2025-12-02T06:00,3.7,2.9,0.0,0.0,8.76,7.28,100,82
2025-12-02T07:00,3.6,3.0,2.0,4.0,8.99,7.83,100,84
2025-12-02T08:00,3.5,3.4,22.0,40.0,8.67,8.22,100,96
2025-12-02T09:00,3.8,3.9,49.0,81.0,7.95,7.49,100,94
2025-12-02T10:00,3.9,4.3,69.0,112.0,7.48,7.01,100,91
2025-12-02T11:00,4.1,4.9,89.0,123.0,7.09,7.21,100,97
2025-12-02T12:00,4.0,4.7,78.0,74.0,6.63,8.56,100,100
2025-12-02T13:00,4.0,4.6,46.0,64.0,6.17,8.12,100,100
2025-12-02T14:00,4.0,4.4,32.0,36.0,5.87,7.96,100,100
2025-12-02T15:00,4.5,4.1,7.0,10.0,6.12,7.75,100,100
2025-12-02T16:00,4.5,4.0,0.0,0.0,5.98,7.58,100,100
2025-12-02T17:00,4.4,3.9,0.0,0.0,5.94,7.78,100,100
2025-12-02T18:00,4.1,3.8,0.0,0.0,6.25,6.42,100,100
2025-12-02T19:00,4.1,3.8,0.0,0.0,6.04,6.64,100,100
2025-12-02T20:00,4.2,3.8,0.0,0.0,6.31,6.84,100,100
2025-12-02T21:00,4.0,3.9,0.0,0.0,5.96,6.89,100,100
2025-12-02T22:00,3.9,3.9,0.0,0.0,6.14,6.69,100,100
2025-12-02T23:00,3.8,3.9,0.0,0.0,6.06,6.74,100,100
2025-12-03T00:00,3.7,3.6,0.0,0.0,5.71,7.12,100,100
2025-12-03T01:00,3.6,3.5,0.0,0.0,5.41,7.51,100,100
2025-12-03T02:00,3.6,3.4,0.0,0.0,5.7,7.59,100,100
2025-12-03T03:00,3.7,3.3,0.0,0.0,5.94,7.59,100,100
2025-12-03T04:00,3.8,3.4,0.0,0.0,6.53,7.8,100,100
2025-12-03T05:00,3.8,3.3,0.0,0.0,6.63,8.18,100,97
2025-12-03T06:00,3.6,3.2,0.0,0.0,7.0,8.74,100,100
2025-12-03T07:00,3.6,3.2,2.0,2.0,7.19,8.8,100,100
2025-12-03T08:00,3.8,3.4,21.0,16.0,7.13,9.1,100,100
2025-12-03T09:00,3.8,3.7,72.0,36.0,7.15,9.27,100,100
2025-12-03T10:00,4.3,4.0,113.0,69.0,6.45,9.08,96,97
2025-12-03T11:00,4.6,4.4,121.0,82.0,6.96,8.74,99,99
2025-12-03T12:00,4.5,4.8,91.0,103.0,7.55,8.51,100,99
2025-12-03T13:00,4.5,4.7,69.0,69.0,7.59,8.88,100,99
2025-12-03T14:00,4.4,4.5,43.0,35.0,7.54,8.95,100,100
2025-12-03T15:00,4.3,4.2,12.0,9.0,7.54,8.65,100,100
2025-12-03T16:00,4.1,4.2,0.0,0.0,7.41,8.76,100,100
2025-12-03T17:00,4.0,4.1,0.0,0.0,7.39,8.48,100,99
2025-12-03T18:00,4.0,3.9,0.0,0.0,6.94,9.41,100,93
2025-12-03T19:00,4.0,3.7,0.0,0.0,6.93,8.76,100,91
2025-12-03T20:00,4.1,3.6,0.0,0.0,6.94,8.39,100,97
2025-12-03T21:00,3.9,3.6,0.0,0.0,6.25,7.71,100,99
2025-12-03T22:00,3.9,3.7,0.0,0.0,6.01,6.93,100,99
2025-12-03T23:00,3.8,3.6,0.0,0.0,5.9,5.8,100,100
2025-12-04T00:00,3.5,3.8,0.0,0.0,4.54,4.52,100,100
2025-12-04T01:00,3.5,3.8,0.0,0.0,4.19,4.3,100,100
2025-12-04T02:00,3.5,3.7,0.0,0.0,4.81,4.47,100,100
2025-12-04T03:00,3.5,3.6,0.0,0.0,5.23,4.78,100,100
2025-12-04T04:00,3.6,3.5,0.0,0.0,4.89,5.08,100,100
2025-12-04T05:00,3.6,3.6,0.0,0.0,5.25,5.43,100,100
2025-12-04T06:00,3.5,3.3,0.0,0.0,5.53,5.14,100,100
2025-12-04T07:00,3.7,3.3,2.0,1.0,5.98,6.09,100,100
2025-12-04T08:00,3.9,3.4,19.0,14.0,6.77,6.7,100,100
2025-12-04T09:00,4.3,3.6,50.0,32.0,7.16,7.51,100,100
2025-12-04T10:00,4.7,3.8,78.0,51.0,7.82,7.98,100,100
2025-12-04T11:00,5.2,4.4,115.0,81.0,7.71,7.27,98,99
2025-12-04T12:00,5.2,5.1,95.0,114.0,8.32,7.84,100,99
2025-12-04T13:00,5.3,5.3,89.0,85.0,8.59,8.94,100,98
2025-12-04T14:00,5.3,5.2,45.0,48.0,8.39,8.18,100,95
2025-12-04T15:00,4.9,5.0,13.0,13.0,7.55,7.43,100,100
2025-12-04T16:00,4.8,4.9,0.0,0.0,7.21,5.63,100,100
2025-12-04T17:00,4.8,4.8,0.0,0.0,6.28,5.35,100,100
2025-12-04T18:00,4.9,5.2,0.0,0.0,4.86,5.96,100,100
2025-12-04T19:00,4.9,5.4,0.0,0.0,4.6,6.49,100,100
2025-12-04T20:00,4.9,5.7,0.0,0.0,4.35,7.54,100,100
2025-12-04T21:00,5.1,5.7,0.0,0.0,4.71,7.6,100,100
2025-12-04T22:00,5.4,5.8,0.0,0.0,5.29,7.24,100,100
2025-12-04T23:00,5.8,5.8,0.0,0.0,5.9,7.45,100,100
2025-12-05T00:00,6.3,5.7,0.0,0.0,6.89,6.75,100,100
2025-12-05T01:00,6.4,5.8,0.0,0.0,6.52,5.94,100,99
2025-12-05T02:00,6.4,5.8,0.0,0.0,5.65,4.78,100,100
2025-12-05T03:00,6.5,5.8,0.0,0.0,5.31,3.55,100,100
2025-12-05T04:00,6.5,5.8,0.0,0.0,4.73,2.67,100,100
2025-12-05T05:00,6.5,5.8,0.0,0.0,3.15,1.2,100,100
2025-12-05T06:00,6.6,5.8,0.0,0.0,1.53,3.06,100,100
2025-12-05T07:00,6.7,5.8,1.0,1.0,1.02,0.0,100,100
2025-12-05T08:00,6.1,6.0,5.0,9.0,5.18,5.06,100,99
2025-12-05T09:00,5.4,5.5,18.0,27.0,8.76,6.48,100,97
2025-12-05T10:00,5.5,5.7,31.0,42.0,9.73,7.43,100,97
2025-12-05T11:00,5.6,5.8,58.0,61.0,10.05,9.18,100,100
2025-12-05T12:00,5.7,5.5,58.0,43.0,8.59,9.81,100,100
2025-12-05T13:00,5.8,5.8,56.0,44.0,8.15,10.3,100,100
2025-12-05T14:00,5.8,5.9,48.0,30.0,8.61,10.03,100,100
2025-12-05T15:00,5.5,5.8,13.0,9.0,8.08,10.12,100,100
2025-12-05T16:00,5.3,5.4,0.0,0.0,8.13,10.04,100,100
2025-12-05T17:00,5.2,5.1,0.0,0.0,7.84,9.14,100,100
2025-12-05T18:00,4.9,5.3,0.0,0.0,7.16,9.42,95,95
2025-12-05T19:00,4.8,5.1,0.0,0.0,6.57,8.43,99,100
2025-12-05T20:00,4.8,5.0,0.0,0.0,6.97,7.41,100,100
2025-12-05T21:00,4.6,4.9,0.0,0.0,5.97,7.01,99,100
2025-12-05T22:00,4.6,4.9,0.0,0.0,5.21,6.0,100,97
2025-12-05T23:00,4.6,4.9,0.0,0.0,4.12,5.61,100,98
2025-12-06T00:00,4.3,4.4,0.0,0.0,3.4,6.05,95,92
2025-12-06T01:00,4.2,4.4,0.0,0.0,4.38,4.92,91,93
2025-12-06T02:00,4.3,4.4,0.0,0.0,3.26,5.06,100,90
2025-12-06T03:00,4.4,4.3,0.0,0.0,2.37,3.7,100,97
2025-12-06T04:00,4.5,4.1,0.0,0.0,2.46,3.4,100,94
2025-12-06T05:00,4.6,4.2,0.0,0.0,1.75,2.22,100,81
2025-12-06T06:00,4.9,2.4,0.0,0.0,0.53,0.49,100,85
2025-12-06T07:00,4.9,2.3,2.0,4.0,0.92,0.71,98,87
2025-12-06T08:00,5.0,2.7,24.0,45.0,1.12,2.06,97,87
2025-12-06T09:00,4.9,3.7,50.0,106.0,0.79,2.96,97,88
2025-12-06T10:00,5.3,4.8,60.0,172.0,1.11,3.14,96,81
2025-12-06T11:00,5.6,5.8,94.0,220.0,1.04,2.2,96,53
2025-12-06T12:00,6.1,6.4,107.0,181.0,0.57,1.67,98,80
2025-12-06T13:00,6.4,6.6,75.0,148.0,0.49,1.73,95,79
2025-12-06T14:00,6.2,6.6,33.0,100.0,0.69,0.88,98,80
2025-12-06T15:00,6.5,6.0,8.0,28.0,0.1,0.97,100,68
2025-12-06T16:00,6.2,5.3,0.0,0.0,0.4,0.84,100,87
2025-12-06T17:00,6.2,4.9,0.0,0.0,0.69,1.4,100,73
2025-12-06T18:00,6.1,5.7,0.0,0.0,0.2,0.0,100,100
2025-12-06T19:00,5.7,5.1,0.0,0.0,1.58,0.4,100,100
2025-12-06T20:00,5.8,4.6,0.0,0.0,1.67,0.69,100,100
2025-12-06T21:00,6.0,4.2,0.0,0.0,2.31,0.88,100,100
2025-12-06T22:00,5.7,4.1,0.0,0.0,0.49,0.71,100,100
2025-12-06T23:00,5.5,4.3,0.0,0.0,0.44,0.53,100,100
2025-12-07T00:00,5.5,4.6,0.0,0.0,0.66,3.07,100,100
2025-12-07T01:00,5.6,4.6,0.0,0.0,1.38,2.29,100,100
2025-12-07T02:00,5.8,4.1,0.0,0.0,1.76,0.53,100,100
2025-12-07T03:00,5.3,3.8,0.0,0.0,1.77,1.06,100,100
2025-12-07T04:00,5.1,3.6,0.0,0.0,2.56,1.32,100,100
2025-12-07T05:00,4.7,3.5,0.0,0.0,1.71,1.53,88,100
2025-12-07T06:00,2.9,2.8,0.0,0.0,1.38,1.33,100,89
2025-12-07T07:00,2.6,2.5,3.0,4.0,1.1,1.97,100,92
2025-12-07T08:00,3.0,2.6,37.0,59.0,1.32,2.36,100,89
2025-12-07T09:00,6.3,3.6,149.0,120.0,0.98,2.94,59,88
2025-12-07T10:00,7.3,4.9,202.0,164.0,1.4,2.84,67,87
2025-12-07T11:00,8.8,6.1,228.0,192.0,1.15,2.08,58,73
2025-12-07T12:00,9.0,7.2,160.0,212.0,1.77,2.29,84,84
2025-12-07T13:00,9.5,7.7,123.0,142.0,1.92,1.68,85,83
2025-12-07T14:00,9.9,7.7,65.0,83.0,3.06,2.08,99,90
2025-12-07T15:00,10.3,7.2,20.0,17.0,7.64,2.55,95,90
2025-12-07T16:00,9.5,6.5,0.0,0.0,5.59,2.39,96,75
2025-12-07T17:00,9.2,6.1,0.0,0.0,5.59,2.77,86,61
2025-12-07T18:00,8.5,7.8,0.0,0.0,3.07,3.56,99,95
2025-12-07T19:00,8.1,7.5,0.0,0.0,3.56,2.51,89,96
2025-12-07T20:00,7.9,6.4,0.0,0.0,3.18,3.26,100,99
2025-12-07T21:00,7.2,6.3,0.0,0.0,0.71,3.51,94,81
2025-12-07T22:00,6.8,6.3,0.0,0.0,1.18,3.42,100,86
2025-12-07T23:00,6.6,6.0,0.0,0.0,0.96,3.29,100,73
2025-12-08T00:00,5.5,5.2,0.0,0.0,1.79,3.14,100,99
2025-12-08T01:00,5.3,5.0,0.0,0.0,1.89,2.86,100,99
2025-12-08T02:00,4.8,4.9,0.0,0.0,2.21,2.86,100,100
2025-12-08T03:00,4.0,4.8,0.0,0.0,2.4,2.9,100,100
2025-12-08T04:00,3.9,4.9,0.0,0.0,2.5,2.75,100,100
2025-12-08T05:00,4.2,5.0,0.0,0.0,2.65,3.43,100,100
2025-12-08T06:00,4.4,4.9,0.0,0.0,2.31,3.24,100,100
2025-12-08T07:00,4.7,5.1,0.0,1.0,2.26,3.53,100,100
2025-12-08T08:00,5.0,5.4,9.0,11.0,2.02,2.79,100,100
2025-12-08T09:00,5.6,6.0,22.0,30.0,2.14,3.2,100,95
2025-12-08T10:00,6.0,7.1,19.0,38.0,1.82,5.31,100,97
2025-12-08T11:00,6.5,9.1,19.0,130.0,1.76,6.35,100,85
2025-12-08T12:00,7.4,7.3,43.0,47.0,1.46,2.64,100,100
2025-12-08T13:00,7.8,7.5,81.0,37.0,1.88,3.56,100,100
2025-12-08T14:00,7.7,7.8,66.0,32.0,0.29,3.08,100,86
2025-12-08T15:00,11.3,7.2,21.0,21.0,3.52,2.05,100,66
2025-12-08T16:00,9.0,6.0,0.0,0.0,1.93,1.19,100,88
2025-12-08T17:00,8.7,5.5,0.0,0.0,1.31,1.46,100,96
2025-12-08T18:00,7.8,5.2,0.0,0.0,2.29,2.66,100,100
2025-12-08T19:00,7.9,5.2,0.0,0.0,3.41,3.64,100,100
2025-12-08T20:00,7.3,5.5,0.0,0.0,3.16,2.55,100,99
2025-12-08T21:00,8.3,5.4,0.0,0.0,3.38,3.04,100,97
2025-12-08T22:00,8.1,5.4,0.0,0.0,3.09,3.16,100,95
2025-12-08T23:00,7.9,5.4,0.0,0.0,2.86,3.33,100,95
2025-12-09T00:00,7.2,4.6,0.0,0.0,2.75,3.08,100,100
2025-12-09T01:00,6.9,4.9,0.0,0.0,2.26,1.88,100,100
2025-12-09T02:00,6.6,4.9,0.0,0.0,2.09,2.65,100,99
2025-12-09T03:00,5.9,5.1,0.0,0.0,1.67,2.39,100,99
2025-12-09T04:00,5.8,5.1,0.0,0.0,0.78,2.22,100,100
2025-12-09T05:00,5.5,4.9,0.0,0.0,1.01,3.15,100,100
2025-12-09T06:00,5.2,4.3,0.0,0.0,1.45,0.9,100,100
2025-12-09T07:00,4.9,4.2,1.0,3.0,1.97,1.21,100,99
2025-12-09T08:00,5.2,4.5,19.0,38.0,2.07,1.77,100,100
2025-12-09T09:00,5.7,5.0,57.0,86.0,1.32,1.68,100,99
2025-12-09T10:00,5.8,5.3,82.0,131.0,1.64,0.49,100,100
2025-12-09T11:00,5.9,5.8,78.0,151.0,1.79,1.2,100,100
2025-12-09T12:00,5.7,6.1,78.0,131.0,1.45,1.8,100,100
2025-12-09T13:00,5.9,6.3,72.0,94.0,1.67,1.69,100,96
2025-12-09T14:00,6.2,6.4,40.0,56.0,2.36,2.34,100,100
2025-12-09T15:00,6.4,6.2,12.0,14.0,2.22,2.59,100,100
2025-12-09T16:00,6.2,6.1,0.0,0.0,2.5,2.88,100,100
2025-12-09T17:00,6.0,6.2,0.0,0.0,2.45,3.15,100,100
2025-12-09T18:00,6.9,6.2,0.0,0.0,3.01,2.97,100,100
2025-12-09T19:00,6.7,6.1,0.0,0.0,2.92,1.89,100,100
2025-12-09T20:00,6.6,6.1,0.0,0.0,1.71,1.15,100,100
2025-12-09T21:00,6.7,6.0,0.0,0.0,1.45,1.55,100,100
2025-12-09T22:00,6.7,5.9,0.0,0.0,1.52,1.84,100,100
2025-12-09T23:00,6.6,5.9,0.0,0.0,1.48,3.72,100,100
2025-12-10T00:00,6.2,5.8,0.0,0.0,1.69,1.43,100,100
2025-12-10T01:00,6.1,5.7,0.0,0.0,1.38,1.37,100,100
2025-12-10T02:00,6.1,5.6,0.0,0.0,1.02,1.5,100,100
2025-12-10T03:00,5.8,5.5,0.0,0.0,1.14,1.1,100,100
2025-12-10T04:00,5.9,5.4,0.0,0.0,0.84,1.0,100,100
2025-12-10T05:00,6.1,5.3,0.0,0.0,0.39,0.69,100,100
2025-12-10T06:00,6.1,4.5,0.0,0.0,0.93,0.9,100,100
2025-12-10T07:00,6.1,4.3,1.0,1.0,0.9,1.14,100,100
2025-12-10T08:00,6.0,4.3,17.0,13.0,1.02,0.96,100,100
2025-12-10T09:00,5.9,4.4,35.0,38.0,0.98,0.81,100,100
2025-12-10T10:00,5.9,4.7,59.0,61.0,1.28,0.44,100,100
2025-12-10T11:00,6.2,5.2,87.0,88.0,0.81,0.4,100,98
2025-12-10T12:00,7.6,6.3,176.0,156.0,0.79,0.49,83,92
2025-12-10T13:00,7.4,6.7,134.0,126.0,0.98,0.69,90,88
2025-12-10T14:00,6.9,6.9,66.0,82.0,1.0,0.81,94,76
2025-12-10T15:00,5.8,6.4,19.0,21.0,1.69,1.18,85,77
2025-12-10T16:00,5.5,5.7,0.0,0.0,2.02,1.21,91,81
2025-12-10T17:00,5.4,5.1,0.0,0.0,1.58,0.98,81,85
2025-12-10T18:00,5.2,4.7,0.0,0.0,0.55,1.23,91,24
2025-12-10T19:00,5.3,4.6,0.0,0.0,0.93,1.71,84,41
2025-12-10T20:00,4.7,4.2,0.0,0.0,0.98,1.67,74,59
2025-12-10T21:00,4.1,3.3,0.0,0.0,0.4,1.48,100,74
2025-12-10T22:00,4.1,2.7,0.0,0.0,1.49,1.62,100,78
2025-12-10T23:00,3.8,2.2,0.0,0.0,1.63,1.93,100,88
2025-12-11T00:00,3.9,2.1,0.0,0.0,2.67,2.42,100,90
2025-12-11T01:00,4.0,2.2,0.0,0.0,3.63,3.63,91,85
2025-12-11T02:00,3.9,2.2,0.0,0.0,4.0,3.33,91,86
2025-12-11T03:00,3.5,2.3,0.0,0.0,4.44,4.4,100,84
2025-12-11T04:00,3.5,2.4,0.0,0.0,4.83,4.56,90,83
2025-12-11T05:00,5.7,2.9,0.0,0.0,6.58,4.71,73,87
2025-12-11T06:00,7.8,2.5,0.0,0.0,6.54,3.94,69,88
2025-12-11T07:00,8.6,2.4,3.0,2.0,8.15,3.69,43,91
2025-12-11T08:00,9.0,3.1,48.0,45.0,7.44,3.81,97,84
2025-12-11T09:00,9.7,4.5,68.0,102.0,6.27,3.44,96,93
2025-12-11T10:00,9.7,6.0,64.0,145.0,6.63,2.98,100,73
2025-12-11T11:00,9.6,7.7,44.0,180.0,4.9,2.77,100,80
2025-12-11T12:00,11.0,10.7,120.0,173.0,3.06,3.29,99,99
2025-12-11T13:00,10.8,10.7,81.0,111.0,2.67,3.37,100,100
2025-12-11T14:00,10.8,10.2,62.0,56.0,2.72,2.84,100,100
2025-12-11T15:00,10.5,9.3,29.0,12.0,3.2,2.99,52,100
2025-12-11T16:00,9.6,8.8,0.0,0.0,2.04,3.02,33,100
2025-12-11T17:00,8.8,7.8,0.0,0.0,1.93,2.98,35,97
2025-12-11T18:00,7.8,6.4,0.0,0.0,3.13,1.36,6,99
2025-12-11T19:00,7.3,5.1,0.0,0.0,2.98,1.0,0,100
2025-12-11T20:00,6.6,4.3,0.0,0.0,1.89,0.42,0,100
2025-12-11T21:00,6.3,4.3,0.0,0.0,0.53,0.81,0,57
2025-12-11T22:00,5.3,4.3,0.0,0.0,0.22,0.92,3,99
2025-12-11T23:00,4.7,3.9,0.0,0.0,0.22,1.36,58,82
2025-12-12T00:00,2.8,3.0,0.0,0.0,0.44,0.22,100,66
2025-12-12T01:00,2.7,2.6,0.0,0.0,0.2,0.69,100,69
2025-12-12T02:00,3.4,2.5,0.0,0.0,0.69,0.98,100,71
2025-12-12T03:00,2.6,2.4,0.0,0.0,1.52,0.78,100,95
2025-12-12T04:00,3.1,2.5,0.0,0.0,0.97,0.75,100,100
2025-12-12T05:00,3.6,2.6,0.0,0.0,1.4,0.79,100,100
2025-12-12T06:00,4.1,2.9,0.0,0.0,1.25,1.69,100,100
2025-12-12T07:00,4.2,2.9,1.0,2.0,1.08,2.31,100,100
2025-12-12T08:00,4.2,3.3,18.0,23.0,0.44,1.71,100,100
2025-12-12T09:00,3.5,3.9,43.0,50.0,0.69,1.53,100,100
2025-12-12T10:00,3.8,4.7,68.0,88.0,1.31,1.24,100,100
2025-12-12T11:00,4.4,5.5,88.0,115.0,0.71,1.1,100,95
2025-12-12T12:00,5.1,5.2,64.0,115.0,1.04,0.79,100,100
2025-12-12T13:00,5.4,5.1,49.0,81.0,0.55,0.53,100,100
2025-12-12T14:00,5.6,5.0,36.0,45.0,0.5,0.75,100,100
2025-12-12T15:00,5.8,4.7,9.0,9.0,1.28,0.59,100,100
2025-12-12T16:00,5.6,4.5,0.0,0.0,1.58,0.55,100,100
2025-12-12T17:00,5.4,4.4,0.0,0.0,1.67,0.92,100,100
2025-12-12T18:00,5.5,4.1,0.0,0.0,1.33,1.12,100,100
2025-12-12T19:00,5.0,4.0,0.0,0.0,1.31,0.98,100,100
2025-12-12T20:00,5.0,3.9,0.0,0.0,1.01,0.78,100,100
2025-12-12T21:00,4.2,3.9,0.0,0.0,1.27,0.6,100,100
2025-12-12T22:00,4.0,3.9,0.0,0.0,1.1,0.93,100,100
2025-12-12T23:00,4.0,4.0,0.0,0.0,1.12,0.89,100,100
2025-12-13T00:00,3.7,3.7,0.0,0.0,0.96,0.79,100,100
2025-12-13T01:00,3.5,3.7,0.0,0.0,1.14,0.59,100,100
2025-12-13T02:00,3.3,3.6,0.0,0.0,1.18,0.71,100,100
2025-12-13T03:00,3.1,3.5,0.0,0.0,1.23,0.69,100,100
2025-12-13T04:00,2.9,3.3,0.0,0.0,0.59,0.5,100,100
2025-12-13T05:00,3.0,3.2,0.0,0.0,0.57,0.78,100,100
2025-12-13T06:00,2.4,2.3,0.0,0.0,0.66,0.71,100,100
2025-12-13T07:00,2.5,2.3,1.0,1.0,0.53,0.98,100,100
2025-12-13T08:00,2.7,2.3,10.0,11.0,0.62,0.77,100,100
2025-12-13T09:00,3.2,2.4,20.0,26.0,0.53,0.79,100,100
2025-12-13T10:00,3.4,2.6,35.0,44.0,0.35,0.71,100,100
2025-12-13T11:00,3.6,2.8,59.0,52.0,0.49,0.55,100,100
2025-12-13T12:00,4.4,2.8,69.0,37.0,0.69,0.59,100,100
2025-12-13T13:00,4.2,2.8,55.0,40.0,0.84,0.78,100,100
2025-12-13T14:00,4.2,2.8,28.0,17.0,1.23,0.81,100,100
2025-12-13T15:00,3.5,2.7,4.0,6.0,0.42,0.57,100,100
2025-12-13T16:00,3.4,2.8,0.0,0.0,0.84,0.53,100,100
2025-12-13T17:00,3.5,2.8,0.0,0.0,1.18,0.88,100,100
2025-12-13T18:00,3.7,2.6,0.0,0.0,1.12,1.27,100,100
2025-12-13T19:00,3.9,2.7,0.0,0.0,0.1,1.21,100,100
2025-12-13T20:00,4.1,2.8,0.0,0.0,2.08,1.58,100,100
2025-12-13T21:00,4.2,2.9,0.0,0.0,3.27,1.94,100,100
2025-12-13T22:00,4.1,2.8,0.0,0.0,3.81,2.01,100,100
2025-12-13T23:00,4.0,2.8,0.0,0.0,3.64,2.28,100,100
2025-12-14T00:00,3.8,3.4,0.0,0.0,3.92,3.28,100,100
2025-12-14T01:00,3.8,3.5,0.0,0.0,3.63,3.13,100,99
2025-12-14T02:00,4.0,3.6,0.0,0.0,3.68,3.63,100,100
2025-12-14T03:00,4.3,3.6,0.0,0.0,4.35,4.32,100,100
2025-12-14T04:00,4.4,3.5,0.0,0.0,3.24,4.22,100,100
2025-12-14T05:00,4.4,3.5,0.0,0.0,3.95,4.0,100,100
2025-12-14T06:00,4.0,4.4,0.0,0.0,4.9,4.8,100,100
2025-12-14T07:00,4.0,4.5,1.0,1.0,5.35,5.3,100,97
2025-12-14T08:00,4.2,4.7,23.0,30.0,5.5,5.65,100,91
2025-12-14T09:00,4.3,5.3,60.0,81.0,3.72,4.56,93,84
2025-12-14T10:00,5.0,5.9,94.0,123.0,2.76,2.81,100,83
2025-12-14T11:00,5.6,6.3,100.0,160.0,1.58,1.57,100,80
2025-12-14T12:00,5.8,5.5,87.0,89.0,0.14,1.14,100,97
2025-12-14T13:00,5.8,5.7,83.0,84.0,0.96,0.31,100,97
2025-12-14T14:00,5.7,5.7,51.0,47.0,1.46,0.98,100,98
2025-12-14T15:00,5.4,5.4,13.0,12.0,1.84,1.57,93,99
2025-12-14T16:00,5.2,5.0,0.0,0.0,2.19,2.06,99,99
2025-12-14T17:00,5.0,4.8,0.0,0.0,2.08,2.65,100,100
2025-12-14T18:00,4.3,4.6,0.0,0.0,3.04,3.69,100,90
2025-12-14T19:00,4.1,4.4,0.0,0.0,3.44,4.65,100,94
2025-12-14T20:00,3.9,4.2,0.0,0.0,3.46,5.44,100,88
2025-12-14T21:00,3.2,3.8,0.0,0.0,4.12,5.78,100,79
2025-12-14T22:00,2.6,3.0,0.0,0.0,4.32,5.87,100,73
2025-12-14T23:00,1.7,2.2,0.0,0.0,4.18,5.06,100,84
2025-12-15T00:00,1.5,1.7,0.0,0.0,4.25,5.98,100,99
2025-12-15T01:00,1.3,1.8,0.0,0.0,4.23,6.45,100,100
2025-12-15T02:00,1.3,2.0,0.0,0.0,4.89,7.15,100,100
2025-12-15T03:00,0.8,1.7,0.0,0.0,4.7,7.38,100,100
2025-12-15T04:00,0.6,1.5,0.0,0.0,4.84,7.31,100,100
2025-12-15T05:00,0.4,0.9,0.0,0.0,5.11,7.18,100,100
2025-12-15T06:00,0.0,0.1,0.0,0.0,5.41,6.03,100,100
2025-12-15T07:00,-0.1,-0.2,1.0,1.0,5.3,6.28,100,100
2025-12-15T08:00,0.1,-0.6,17.0,15.0,5.33,6.33,100,100
2025-12-15T09:00,0.2,-0.8,41.0,30.0,5.11,6.25,100,100
2025-12-15T10:00,0.5,-0.9,57.0,42.0,5.03,6.17,100,100
2025-12-15T11:00,0.7,-0.8,72.0,52.0,5.17,5.82,100,100
2025-12-15T12:00,0.9,-0.5,70.0,47.0,5.17,5.73,100,100
2025-12-15T13:00,1.0,-0.4,52.0,42.0,5.37,5.85,100,100
2025-12-15T14:00,1.0,-0.4,29.0,27.0,6.02,6.14,100,100
2025-12-15T15:00,0.9,-0.4,7.0,8.0,5.46,5.98,100,100
2025-12-15T16:00,0.8,-0.5,0.0,0.0,5.22,5.76,100,100
2025-12-15T17:00,0.8,-0.6,0.0,0.0,5.63,7.36,100,100
2025-12-15T18:00,0.8,-0.8,0.0,0.0,5.92,6.85,100,100
2025-12-15T19:00,0.7,-0.7,0.0,0.0,6.02,6.45,100,100
2025-12-15T20:00,0.7,-0.8,0.0,0.0,5.91,7.21,100,100
2025-12-15T21:00,0.7,-0.7,0.0,0.0,5.96,7.39,100,100
2025-12-15T22:00,0.7,-0.7,0.0,0.0,6.1,7.23,100,100
2025-12-15T23:00,0.8,-0.5,0.0,0.0,6.45,7.3,100,100
2025-12-16T00:00,0.7,0.1,0.0,0.0,5.83,8.0,100,100
2025-12-16T01:00,0.8,0.1,0.0,0.0,5.48,8.32,100,100
2025-12-16T02:00,0.8,-0.1,0.0,0.0,5.71,7.6,100,100
2025-12-16T03:00,0.8,-0.4,0.0,0.0,6.38,7.21,100,100
2025-12-16T04:00,0.8,-0.3,0.0,0.0,6.26,7.48,100,100
2025-12-16T05:00,0.7,-0.1,0.0,0.0,6.1,7.59,100,100
2025-12-16T06:00,0.5,-0.1,0.0,0.0,6.03,7.12,100,100
2025-12-16T07:00,0.5,-0.0,1.0,0.0,6.17,7.36,100,100
2025-12-16T08:00,0.6,0.1,13.0,9.0,6.44,7.51,100,100
2025-12-16T09:00,0.7,0.2,35.0,24.0,6.98,6.86,100,100
2025-12-16T10:00,0.9,0.5,56.0,37.0,5.75,7.09,100,100
2025-12-16T11:00,1.1,0.9,56.0,50.0,6.0,5.77,100,100
2025-12-16T12:00,1.4,1.2,52.0,52.0,5.62,5.03,100,100
2025-12-16T13:00,1.5,1.7,51.0,50.0,5.75,5.27,100,100
2025-12-16T14:00,1.6,1.9,26.0,26.0,5.0,5.87,100,100
2025-12-16T15:00,1.6,2.2,6.0,7.0,4.92,6.55,100,100
2025-12-16T16:00,1.6,2.3,0.0,0.0,4.93,6.1,100,100
2025-12-16T17:00,1.6,2.4,0.0,0.0,4.93,5.57,100,100
2025-12-16T18:00,1.6,2.0,0.0,0.0,5.37,4.49,100,100
2025-12-16T19:00,1.6,2.1,0.0,0.0,5.06,5.79,100,100
2025-12-16T20:00,1.7,2.0,0.0,0.0,5.02,4.86,100,100
2025-12-16T21:00,1.8,2.0,0.0,0.0,4.71,4.99,100,100
2025-12-16T22:00,1.8,2.0,0.0,0.0,3.68,6.14,100,100
2025-12-16T23:00,1.6,2.0,0.0,0.0,2.55,5.52,100,100
2025-12-17T00:00,1.6,1.6,0.0,0.0,3.19,5.93,100,100
2025-12-17T01:00,1.7,1.5,0.0,0.0,2.91,5.01,100,97
2025-12-17T02:00,1.4,1.4,0.0,0.0,3.04,4.49,100,93
2025-12-17T03:00,1.2,1.2,0.0,0.0,2.3,4.19,100,100
2025-12-17T04:00,1.1,1.0,0.0,0.0,1.4,3.14,100,99
2025-12-17T05:00,1.1,1.0,0.0,0.0,1.38,2.22,100,94
2025-12-17T06:00,1.0,1.2,0.0,0.0,0.98,0.49,100,100
2025-12-17T07:00,0.9,1.2,1.0,1.0,0.9,0.79,100,100
2025-12-17T08:00,1.1,1.2,14.0,14.0,1.06,0.93,100,100
2025-12-17T09:00,1.1,1.5,39.0,37.0,1.33,0.14,100,100
2025-12-17T10:00,1.4,1.7,76.0,64.0,1.53,0.63,100,100
2025-12-17T11:00,1.8,2.0,82.0,58.0,1.62,1.18,100,100
2025-12-17T12:00,2.3,2.5,69.0,92.0,1.9,1.08,100,100
2025-12-17T13:00,2.7,2.8,62.0,73.0,1.58,1.08,100,100
2025-12-17T14:00,2.9,2.9,43.0,51.0,2.06,1.18,100,98
2025-12-17T15:00,2.7,2.7,17.0,15.0,2.65,1.0,100,100
2025-12-17T16:00,2.6,2.5,0.0,0.0,2.67,0.79,100,100
2025-12-17T17:00,2.6,2.3,0.0,0.0,2.5,0.59,100,95
2025-12-17T18:00,2.3,2.6,0.0,0.0,2.4,1.57,100,100
2025-12-17T19:00,2.3,2.5,0.0,0.0,1.89,1.47,88,100
2025-12-17T20:00,2.3,2.5,0.0,0.0,1.67,1.18,99,100
2025-12-17T21:00,2.4,2.5,0.0,0.0,2.1,1.1,98,99
2025-12-17T22:00,2.5,2.4,0.0,0.0,1.67,1.31,100,92
2025-12-17T23:00,2.5,2.3,0.0,0.0,1.52,1.86,100,90
2025-12-18T00:00,2.6,1.7,0.0,0.0,2.02,1.57,100,100
2025-12-18T01:00,2.6,1.6,0.0,0.0,1.68,1.18,100,100
2025-12-18T02:00,2.6,1.3,0.0,0.0,1.38,1.1,100,100
2025-12-18T03:00,2.5,0.9,0.0,0.0,1.19,1.12,94,97
2025-12-18T04:00,2.5,0.7,0.0,0.0,1.96,1.24,99,100
2025-12-18T05:00,2.3,0.5,0.0,0.0,0.69,1.27,100,100
2025-12-18T06:00,1.9,0.6,0.0,0.0,0.5,1.8,100,99
2025-12-18T07:00,1.7,0.5,1.0,1.0,0.71,1.71,100,100
2025-12-18T08:00,1.6,0.7,20.0,25.0,0.79,1.75,100,100
2025-12-18T09:00,1.9,1.3,52.0,54.0,0.84,1.64,100,100
2025-12-18T10:00,2.5,2.1,73.0,71.0,0.77,0.93,100,100
2025-12-18T11:00,2.2,2.6,87.0,78.0,0.96,1.58,100,100
2025-12-18T12:00,2.1,2.7,77.0,102.0,1.0,0.63,100,100
2025-12-18T13:00,2.7,2.9,56.0,83.0,2.34,1.28,100,100
2025-12-18T14:00,2.8,2.8,32.0,46.0,2.85,1.98,100,100
2025-12-18T15:00,2.8,2.7,7.0,12.0,2.18,2.79,100,100
2025-12-18T16:00,2.9,2.7,0.0,0.0,1.74,2.75,100,100
2025-12-18T17:00,3.0,2.7,0.0,0.0,2.22,2.29,100,100
2025-12-18T18:00,2.9,1.9,0.0,0.0,3.6,1.85,100,100
2025-12-18T19:00,2.8,2.0,0.0,0.0,2.84,3.02,100,100
2025-12-18T20:00,2.7,2.2,0.0,0.0,2.29,3.07,100,100
2025-12-18T21:00,2.8,2.2,0.0,0.0,2.91,3.38,100,100
2025-12-18T22:00,2.7,2.2,0.0,0.0,3.93,2.9,100,100
2025-12-18T23:00,2.7,2.3,0.0,0.0,2.59,2.68,100,100
2025-12-19T00:00,2.8,2.2,0.0,0.0,1.89,2.54,100,100
2025-12-19T01:00,3.0,2.3,0.0,0.0,1.53,1.06,100,100
2025-12-19T02:00,3.3,2.4,0.0,0.0,2.21,1.25,100,100
2025-12-19T03:00,3.7,2.5,0.0,0.0,2.42,1.69,100,100
2025-12-19T04:00,3.9,2.7,0.0,0.0,3.06,1.41,100,100
2025-12-19T05:00,4.1,2.8,0.0,0.0,3.55,1.04,100,100
2025-12-19T06:00,4.4,3.2,0.0,0.0,1.85,1.39,100,100
2025-12-19T07:00,4.5,3.3,0.0,0.0,1.66,1.32,100,100
2025-12-19T08:00,4.5,3.5,9.0,10.0,0.92,1.18,100,100
2025-12-19T09:00,4.6,3.7,18.0,27.0,1.18,0.79,100,100
2025-12-19T10:00,4.8,4.0,27.0,38.0,0.84,0.22,100,100
2025-12-19T11:00,5.0,4.3,39.0,47.0,0.63,0.2,100,100
2025-12-19T12:00,5.1,4.5,38.0,42.0,0.71,0.69,100,100
2025-12-19T13:00,5.2,4.7,27.0,34.0,0.69,0.29,100,100
2025-12-19T14:00,5.2,4.8,16.0,23.0,0.79,0.42,100,100
2025-12-19T15:00,5.5,4.8,6.0,6.0,1.06,1.33,100,100
2025-12-19T16:00,5.5,4.8,0.0,0.0,0.31,1.41,100,100
2025-12-19T17:00,5.6,4.8,0.0,0.0,0.2,1.53,100,100
2025-12-19T18:00,5.4,4.5,0.0,0.0,1.1,0.98,100,100
2025-12-19T19:00,5.4,4.5,0.0,0.0,0.84,0.53,100,100
2025-12-19T20:00,5.5,4.6,0.0,0.0,0.4,0.31,100,100
2025-12-19T21:00,5.7,4.7,0.0,0.0,1.25,0.57,100,100
2025-12-19T22:00,5.7,4.8,0.0,0.0,0.55,1.28,100,100
2025-12-19T23:00,5.5,4.8,0.0,0.0,0.79,1.86,100,94
2025-12-20T00:00,4.2,4.2,0.0,0.0,1.12,3.08,100,98
2025-12-20T01:00,4.0,4.1,0.0,0.0,0.71,3.15,100,97
2025-12-20T02:00,3.8,3.8,0.0,0.0,0.81,2.97,100,85
2025-12-20T03:00,3.6,3.6,0.0,0.0,0.98,2.77,100,78
2025-12-20T04:00,3.4,3.3,0.0,0.0,0.97,2.15,100,78
2025-12-20T05:00,3.3,3.0,0.0,0.0,0.93,1.55,100,86
2025-12-20T06:00,3.0,2.6,0.0,0.0,0.35,1.46,100,94
2025-12-20T07:00,2.9,2.5,0.0,1.0,0.69,0.66,100,96
2025-12-20T08:00,2.8,2.8,15.0,21.0,0.71,0.42,100,98
2025-12-20T09:00,2.6,3.3,34.0,50.0,1.01,0.35,100,98
2025-12-20T10:00,3.0,3.8,60.0,70.0,1.39,0.66,100,99
2025-12-20T11:00,2.9,4.4,85.0,86.0,1.33,0.57,100,100
2025-12-20T12:00,2.5,5.4,53.0,135.0,1.95,0.69,100,80
2025-12-20T13:00,2.7,5.6,46.0,113.0,1.9,1.02,100,82
2025-12-20T14:00,2.7,5.5,29.0,59.0,1.98,1.53,100,86
2025-12-20T15:00,2.6,5.3,6.0,13.0,2.11,2.49,100,98
2025-12-20T16:00,3.0,5.1,0.0,0.0,2.82,2.36,100,100
2025-12-20T17:00,2.8,4.9,0.0,0.0,3.0,2.23,100,98
2025-12-20T18:00,3.3,4.3,0.0,0.0,3.46,3.33,100,98
2025-12-20T19:00,3.1,4.1,0.0,0.0,3.75,3.21,100,99
2025-12-20T20:00,3.0,4.0,0.0,0.0,3.9,3.51,100,98
2025-12-20T21:00,3.2,3.9,0.0,0.0,3.4,3.89,100,100
2025-12-20T22:00,3.1,3.8,0.0,0.0,3.82,4.61,100,95
2025-12-20T23:00,2.9,3.8,0.0,0.0,4.05,5.17,100,94
2025-12-21T00:00,2.9,3.2,0.0,0.0,4.65,5.8,100,100
2025-12-21T01:00,2.7,3.3,0.0,0.0,4.49,6.22,100,100
2025-12-21T02:00,2.7,3.4,0.0,0.0,4.23,5.9,100,100
2025-12-21T03:00,2.2,3.4,0.0,0.0,3.61,5.61,100,99
2025-12-21T04:00,2.0,3.4,0.0,0.0,3.74,6.1,100,100
2025-12-21T05:00,1.9,3.4,0.0,0.0,3.88,6.79,100,100
2025-12-21T06:00,1.6,1.6,0.0,0.0,4.25,4.16,100,100
2025-12-21T07:00,1.5,1.8,0.0,0.0,4.09,4.3,100,100
2025-12-21T08:00,1.6,2.2,11.0,7.0,4.09,5.34,100,100
2025-12-21T09:00,1.9,2.7,31.0,21.0,3.43,5.89,100,100
2025-12-21T10:00,2.5,3.1,54.0,34.0,3.47,6.03,100,100
2025-12-21T11:00,3.4,3.7,56.0,53.0,4.25,6.59,100,100
2025-12-21T12:00,4.4,4.4,86.0,61.0,5.82,7.01,96,100
2025-12-21T13:00,4.9,5.1,86.0,70.0,6.52,7.69,88,91
2025-12-21T14:00,4.9,5.1,64.0,47.0,7.02,8.09,88,87
2025-12-21T15:00,4.2,4.9,13.0,13.0,6.64,9.31,100,86
2025-12-21T16:00,4.2,4.7,0.0,0.0,7.45,9.95,99,87
2025-12-21T17:00,4.2,4.7,0.0,0.0,8.15,10.44,93,82
2025-12-21T18:00,4.4,4.3,0.0,0.0,8.76,10.33,88,97
2025-12-21T19:00,4.4,4.3,0.0,0.0,9.35,10.74,87,99
2025-12-21T20:00,4.5,4.6,0.0,0.0,9.53,10.54,90,94
2025-12-21T21:00,4.7,4.7,0.0,0.0,9.02,10.39,92,93
2025-12-21T22:00,4.6,4.7,0.0,0.0,9.87,10.59,82,92
2025-12-21T23:00,4.5,4.6,0.0,0.0,9.93,10.67,97,86
2025-12-22T00:00,3.9,4.7,0.0,0.0,10.33,10.95,98,81
2025-12-22T01:00,4.0,4.6,0.0,0.0,10.2,11.57,80,83
2025-12-22T02:00,4.0,4.6,0.0,0.0,11.15,11.78,91,82
2025-12-22T03:00,4.1,4.6,0.0,0.0,11.78,12.2,100,87
2025-12-22T04:00,4.1,4.5,0.0,0.0,10.93,12.07,72,85
2025-12-22T05:00,4.2,4.5,0.0,0.0,10.88,12.2,68,88
2025-12-22T06:00,4.1,4.4,0.0,0.0,11.52,12.7,87,83
2025-12-22T07:00,4.2,4.4,1.0,1.0,11.58,12.96,92,86
2025-12-22T08:00,4.4,4.6,24.0,24.0,11.37,12.99,90,86
2025-12-22T09:00,4.6,5.1,54.0,65.0,11.76,13.54,94,79
2025-12-22T10:00,5.0,5.5,75.0,119.0,10.96,14.09,93,79
2025-12-22T11:00,5.5,5.9,123.0,158.0,11.27,13.85,86,83
2025-12-22T12:00,5.4,6.0,128.0,155.0,10.76,13.47,87,75
2025-12-22T13:00,5.5,6.1,107.0,123.0,10.29,13.5,80,77
2025-12-22T14:00,5.2,5.8,62.0,69.0,11.6,13.35,100,82
2025-12-22T15:00,5.1,5.5,15.0,15.0,10.36,13.17,78,85
2025-12-22T16:00,4.8,5.2,0.0,0.0,10.35,14.04,77,75
2025-12-22T17:00,4.6,4.9,0.0,0.0,10.02,14.03,90,82
2025-12-22T18:00,4.6,4.7,0.0,0.0,9.94,13.1,93,88
2025-12-22T19:00,4.6,4.7,0.0,0.0,10.19,13.02,89,85
2025-12-22T20:00,4.5,4.5,0.0,0.0,9.79,12.42,92,85
2025-12-22T21:00,4.4,4.3,0.0,0.0,9.72,12.89,90,90
2025-12-22T22:00,4.2,4.2,0.0,0.0,9.35,11.92,92,89
2025-12-22T23:00,4.2,4.1,0.0,0.0,9.02,12.68,94,93
2025-12-23T00:00,4.3,4.2,0.0,0.0,9.63,12.33,94,89
2025-12-23T01:00,4.2,4.1,0.0,0.0,9.71,11.64,99,90
2025-12-23T02:00,4.0,4.0,0.0,0.0,9.15,11.43,100,94
2025-12-23T03:00,4.0,3.9,0.0,0.0,9.77,11.22,100,99
2025-12-23T04:00,4.0,3.9,0.0,0.0,9.21,11.09,100,99
2025-12-23T05:00,3.9,3.8,0.0,0.0,8.46,10.8,100,100
2025-12-23T06:00,3.8,3.7,0.0,0.0,8.48,9.81,100,100
2025-12-23T07:00,3.8,3.7,0.0,0.0,8.75,9.6,100,100
2025-12-23T08:00,3.9,3.8,9.0,10.0,8.47,9.44,100,100
2025-12-23T09:00,3.8,4.0,23.0,24.0,8.02,8.85,100,100
2025-12-23T10:00,3.9,4.1,33.0,32.0,7.45,8.29,100,100
2025-12-23T11:00,4.0,4.2,41.0,40.0,6.84,7.6,100,100
2025-12-23T12:00,3.9,4.3,41.0,42.0,6.54,7.73,100,100
2025-12-23T13:00,4.0,4.4,35.0,30.0,6.02,7.01,100,100
2025-12-23T14:00,4.0,4.4,22.0,22.0,5.27,5.97,100,100
2025-12-23T15:00,3.9,4.3,5.0,6.0,4.8,4.99,100,100
2025-12-23T16:00,3.9,4.2,0.0,0.0,3.94,5.32,100,100
2025-12-23T17:00,3.8,4.1,0.0,0.0,3.92,4.61,100,100
2025-12-23T18:00,3.7,4.0,0.0,0.0,4.24,5.42,100,98
2025-12-23T19:00,3.8,4.0,0.0,0.0,4.29,5.26,100,98
2025-12-23T20:00,3.7,4.0,0.0,0.0,4.57,4.86,100,100
2025-12-23T21:00,3.6,3.9,0.0,0.0,3.78,4.5,98,100
2025-12-23T22:00,3.3,3.7,0.0,0.0,4.88,4.44,100,100
2025-12-23T23:00,2.6,3.5,0.0,0.0,4.91,4.65,100,100
2025-12-24T00:00,1.5,3.2,0.0,0.0,4.68,5.09,100,99
2025-12-24T01:00,1.0,2.6,0.0,0.0,5.25,5.19,98,98
2025-12-24T02:00,0.7,2.0,0.0,0.0,5.42,4.71,96,99
2025-12-24T03:00,0.5,1.6,0.0,0.0,5.61,4.9,100,100
2025-12-24T04:00,0.3,1.2,0.0,0.0,5.76,5.14,100,97
2025-12-24T05:00,0.2,0.9,0.0,0.0,6.1,5.73,97,99
2025-12-24T06:00,0.2,0.6,0.0,0.0,5.61,6.49,98,98
2025-12-24T07:00,0.3,0.6,0.0,0.0,5.41,6.05,100,98
2025-12-24T08:00,0.3,0.5,13.0,13.0,5.6,5.63,99,97
2025-12-24T09:00,0.2,0.6,25.0,32.0,5.14,5.44,99,98
2025-12-24T10:00,0.3,0.7,61.0,49.0,5.33,5.31,95,98
2025-12-24T11:00,0.4,1.1,67.0,75.0,5.7,6.1,95,93
2025-12-24T12:00,0.8,1.7,79.0,89.0,5.48,5.8,100,88
2025-12-24T13:00,1.5,1.9,68.0,77.0,5.66,5.8,100,100
2025-12-24T14:00,1.4,1.8,31.0,29.0,5.8,6.14,100,100
2025-12-24T15:00,1.1,1.5,10.0,8.0,6.04,6.28,100,100
2025-12-24T16:00,0.8,1.1,0.0,0.0,5.98,6.32,100,100
2025-12-24T17:00,0.4,0.5,0.0,0.0,5.33,6.4,100,98
2025-12-24T18:00,0.2,-0.2,0.0,0.0,4.83,5.61,100,97
2025-12-24T19:00,-0.1,-0.4,0.0,0.0,4.59,5.14,100,100
2025-12-24T20:00,-0.2,-0.5,0.0,0.0,4.54,4.94,100,100
2025-12-24T21:00,-0.2,-0.6,0.0,0.0,4.59,4.71,100,100
2025-12-24T22:00,-0.3,-0.8,0.0,0.0,3.9,4.38,100,100
2025-12-24T23:00,-0.4,-0.9,0.0,0.0,3.83,4.04,98,100
2025-12-25T00:00,-0.7,-1.0,0.0,0.0,3.71,4.22,100,97
2025-12-25T01:00,-0.8,-1.2,0.0,0.0,3.98,4.22,100,99
2025-12-25T02:00,-0.9,-1.5,0.0,0.0,3.67,3.84,100,96
2025-12-25T03:00,-1.0,-1.8,0.0,0.0,3.73,3.56,99,76
2025-12-25T04:00,-1.2,-2.0,0.0,0.0,3.43,3.09,100,81
2025-12-25T05:00,-1.3,-2.1,0.0,0.0,3.33,2.98,100,67
2025-12-25T06:00,-1.4,-1.1,0.0,0.0,3.23,2.76,100,100
2025-12-25T07:00,-1.5,-1.2,0.0,1.0,3.27,2.48,100,83
2025-12-25T08:00,-1.5,-1.2,25.0,31.0,2.98,2.08,94,86
2025-12-25T09:00,-1.2,-1.1,74.0,79.0,2.15,2.08,80,95
2025-12-25T10:00,-0.9,-0.9,119.0,97.0,2.15,1.67,80,94
2025-12-25T11:00,-0.4,-0.5,147.0,133.0,1.87,1.8,88,98
2025-12-25T12:00,0.2,-0.3,114.0,159.0,2.14,1.23,99,89
2025-12-25T13:00,0.6,-0.1,104.0,124.0,1.96,1.41,86,85
2025-12-25T14:00,0.8,0.0,82.0,85.0,2.08,1.18,71,68
2025-12-25T15:00,0.8,-0.1,19.0,26.0,2.72,1.59,78,65
2025-12-25T16:00,0.7,-0.2,0.0,0.0,2.28,2.01,97,64
2025-12-25T17:00,0.8,-0.3,0.0,0.0,2.08,2.08,94,59
2025-12-25T18:00,0.6,-0.4,0.0,0.0,1.48,2.83,100,55
2025-12-25T19:00,0.6,-0.7,0.0,0.0,1.47,2.5,85,56
2025-12-25T20:00,0.4,-1.0,0.0,0.0,1.8,1.75,53,65
2025-12-25T21:00,0.4,-1.2,0.0,0.0,2.83,1.83,72,59
2025-12-25T22:00,0.0,-1.4,0.0,0.0,3.9,2.63,88,58
2025-12-25T23:00,-0.3,-1.6,0.0,0.0,3.5,2.2,80,68
2025-12-26T00:00,-0.3,-0.9,0.0,0.0,2.69,2.15,78,35
2025-12-26T01:00,-0.5,-1.0,0.0,0.0,3.28,2.73,68,40
2025-12-26T02:00,-0.6,-1.1,0.0,0.0,3.38,3.43,57,41
2025-12-26T03:00,-0.9,-1.2,0.0,0.0,2.73,2.77,74,28
2025-12-26T04:00,-1.0,-1.3,0.0,0.0,2.98,1.68,27,0
2025-12-26T05:00,-1.3,-1.6,0.0,0.0,2.79,1.74,43,0
2025-12-26T06:00,-1.2,-2.1,0.0,0.0,3.11,1.82,13,0
2025-12-26T07:00,-1.3,-2.1,1.0,1.0,2.59,2.15,56,0
2025-12-26T08:00,-1.3,-1.9,44.0,47.0,1.67,1.33,76,0
2025-12-26T09:00,-0.8,-1.3,135.0,136.0,0.79,0.75,20,16
2025-12-26T10:00,-0.2,-0.6,212.0,212.0,1.45,1.12,41,6
2025-12-26T11:00,0.5,0.0,253.0,253.0,1.33,1.43,0,62
2025-12-26T12:00,1.4,0.9,252.0,249.0,1.21,0.71,0,7
2025-12-26T13:00,2.1,1.2,204.0,203.0,1.29,1.1,0,8
2025-12-26T14:00,2.7,1.1,121.0,119.0,1.27,1.79,0,19
2025-12-26T15:00,2.3,0.8,32.0,31.0,1.47,2.2,0,5
2025-12-26T16:00,1.6,0.5,0.0,0.0,2.02,2.63,0,0
2025-12-26T17:00,1.1,0.4,0.0,0.0,2.5,3.06,0,0
2025-12-26T18:00,0.8,0.3,0.0,0.0,3.16,3.98,0,0
2025-12-26T19:00,0.8,0.3,0.0,0.0,3.24,4.39,0,21
2025-12-26T20:00,0.8,0.3,0.0,0.0,3.69,4.44,0,15
2025-12-26T21:00,0.9,0.2,0.0,0.0,4.19,4.51,0,42
2025-12-26T22:00,0.9,0.3,0.0,0.0,3.82,4.74,0,45
2025-12-26T23:00,0.8,0.4,0.0,0.0,3.86,5.13,0,43
2025-12-27T00:00,0.9,0.8,0.0,0.0,4.78,5.35,38,57
2025-12-27T01:00,0.9,0.7,0.0,0.0,4.87,5.25,79,70
2025-12-27T02:00,1.2,0.8,0.0,0.0,4.81,5.33,100,61
2025-12-27T03:00,0.6,1.1,0.0,0.0,3.65,5.54,85,93
2025-12-27T04:00,0.9,1.3,0.0,0.0,3.99,5.56,100,91
2025-12-27T05:00,1.3,1.4,0.0,0.0,3.69,5.51,100,100
2025-12-27T06:00,1.0,1.3,0.0,0.0,3.64,4.9,100,83
2025-12-27T07:00,1.2,1.6,0.0,1.0,3.82,6.37,96,81
2025-12-27T08:00,1.4,1.8,26.0,34.0,3.38,6.19,96,75
2025-12-27T09:00,1.6,2.2,102.0,105.0,2.72,5.63,30,61
2025-12-27T10:00,2.4,2.9,207.0,178.0,1.82,4.72,0,59
2025-12-27T11:00,3.2,3.7,250.0,225.0,1.77,3.95,0,40
2025-12-27T12:00,3.6,3.5,248.0,235.0,2.18,2.85,0,36
2025-12-27T13:00,4.7,3.6,202.0,186.0,3.11,3.43,0,51
2025-12-27T14:00,4.5,3.5,122.0,104.0,3.95,4.08,0,58
2025-12-27T15:00,4.0,3.0,32.0,28.0,5.5,5.0,0,56
2025-12-27T16:00,4.0,2.6,0.0,0.0,6.45,5.9,0,41
2025-12-27T17:00,4.2,2.6,0.0,0.0,10.29,6.19,0,28
2025-12-27T18:00,3.9,3.1,0.0,0.0,12.46,11.8,0,0
2025-12-27T19:00,3.6,3.5,0.0,0.0,11.64,11.67,0,0
2025-12-27T20:00,3.9,3.8,0.0,0.0,12.17,11.57,0,0
2025-12-27T21:00,3.7,3.5,0.0,0.0,13.07,10.65,0,0
2025-12-27T22:00,3.0,2.9,0.0,0.0,10.34,10.3,0,0
2025-12-27T23:00,2.5,2.5,0.0,0.0,9.5,12.27,60,32
2025-12-28T00:00,2.6,2.5,0.0,0.0,11.6,12.72,76,42
2025-12-28T01:00,2.7,2.3,0.0,0.0,11.89,13.33,94,60
2025-12-28T02:00,2.6,2.2,0.0,0.0,11.84,13.17,100,90
2025-12-28T03:00,2.6,2.1,0.0,0.0,10.67,12.26,88,97
2025-12-28T04:00,2.7,1.7,0.0,0.0,10.2,11.95,98,83
2025-12-28T05:00,2.4,1.5,0.0,0.0,10.71,11.9,88,83
2025-12-28T06:00,1.6,1.3,0.0,0.0,9.99,11.39,77,73
2025-12-28T07:00,1.3,1.1,1.0,1.0,10.25,11.19,89,70
2025-12-28T08:00,1.2,1.0,40.0,42.0,10.09,11.15,44,57
2025-12-28T09:00,1.5,1.3,143.0,120.0,11.29,11.64,40,57
2025-12-28T10:00,1.8,1.6,216.0,192.0,11.13,11.58,42,48
2025-12-28T11:00,2.3,1.9,266.0,250.0,10.94,11.39,33,31
2025-12-28T12:00,2.9,2.6,259.0,258.0,11.0,11.47,30,28
2025-12-28T13:00,2.9,2.8,216.0,213.0,11.25,11.65,9,16
2025-12-28T14:00,2.6,2.6,132.0,130.0,11.23,11.71,0,2
2025-12-28T15:00,2.7,2.0,37.0,35.0,11.06,11.8,0,0
2025-12-28T16:00,2.0,1.6,0.0,0.0,11.01,12.09,0,0
2025-12-28T17:00,1.9,1.5,0.0,0.0,11.2,12.38,0,0
2025-12-28T18:00,1.5,1.0,0.0,0.0,10.17,12.17,0,0
2025-12-28T19:00,1.3,0.9,0.0,0.0,9.22,11.94,0,0
2025-12-28T20:00,1.2,0.8,0.0,0.0,8.46,11.61,0,0
2025-12-28T21:00,0.8,0.8,0.0,0.0,6.32,11.31,0,0
2025-12-28T22:00,0.7,0.7,0.0,0.0,6.14,10.22,0,0
2025-12-28T23:00,0.7,0.7,0.0,0.0,5.85,9.48,0,0
2025-12-29T00:00,0.8,0.7,0.0,0.0,5.1,8.35,0,0
2025-12-29T01:00,0.8,0.6,0.0,0.0,4.16,7.55,0,0
2025-12-29T02:00,0.6,0.5,0.0,0.0,3.88,6.54,0,0
2025-12-29T03:00,0.6,0.4,0.0,0.0,4.09,5.38,0,0
2025-12-29T04:00,0.4,0.1,0.0,0.0,3.13,4.67,0,0
2025-12-29T05:00,0.2,-0.1,0.0,0.0,2.86,4.12,0,0
2025-12-29T06:00,0.1,-0.2,0.0,0.0,3.23,3.94,0,0
2025-12-29T07:00,-0.2,-0.5,1.0,1.0,3.08,4.43,0,0
2025-12-29T08:00,-0.1,-0.3,48.0,50.0,3.72,4.99,0,0
2025-12-29T09:00,0.9,1.0,141.0,147.0,3.84,4.52,0,0
2025-12-29T10:00,2.2,2.5,221.0,229.0,3.72,3.46,0,0
2025-12-29T11:00,2.6,3.7,265.0,272.0,3.0,3.29,0,0
2025-12-29T12:00,5.0,5.1,265.0,269.0,6.15,6.17,0,0
2025-12-29T13:00,4.9,5.1,219.0,220.0,11.2,8.28,0,0
2025-12-29T14:00,4.1,4.4,132.0,133.0,11.55,9.84,0,0
2025-12-29T15:00,2.6,3.4,38.0,36.0,11.34,11.0,0,0
2025-12-29T16:00,1.5,2.6,0.0,0.0,10.79,11.5,0,0
2025-12-29T17:00,0.9,2.2,0.0,0.0,10.62,11.29,0,0
2025-12-29T18:00,0.3,1.3,0.0,0.0,10.01,8.37,0,0
2025-12-29T19:00,-0.0,1.1,0.0,0.0,9.82,7.68,0,0
2025-12-29T20:00,-0.3,0.8,0.0,0.0,10.41,7.39,0,0
2025-12-29T21:00,-0.5,0.5,0.0,0.0,10.45,7.78,100,0
2025-12-29T22:00,-0.4,0.4,0.0,0.0,10.62,9.44,100,31
2025-12-29T23:00,-0.3,0.4,0.0,0.0,11.13,10.21,100,62
2025-12-30T00:00,-0.5,0.5,0.0,0.0,12.07,10.37,100,93
2025-12-30T01:00,-0.4,0.7,0.0,0.0,12.42,12.11,100,83
2025-12-30T02:00,-0.4,0.6,0.0,0.0,12.01,13.66,91,84
2025-12-30T03:00,-0.3,0.2,0.0,0.0,12.07,13.83,52,59
2025-12-30T04:00,-0.3,0.1,0.0,0.0,11.76,13.36,86,47
2025-12-30T05:00,-0.4,-0.2,0.0,0.0,11.98,12.95,92,83
2025-12-30T06:00,-0.4,-0.2,0.0,0.0,9.08,11.11,100,100
2025-12-30T07:00,0.1,0.6,0.0,0.0,7.42,10.14,98,100
2025-12-30T08:00,0.3,0.9,39.0,34.0,10.27,10.71,73,65
2025-12-30T09:00,-0.1,0.7,161.0,147.0,11.17,11.39,0,0
2025-12-30T10:00,0.3,0.9,245.0,247.0,11.05,11.51,0,0
2025-12-30T11:00,1.1,1.2,289.0,291.0,11.5,12.12,6,0
2025-12-30T12:00,1.5,1.3,285.0,286.0,12.55,11.74,70,0
2025-12-30T13:00,1.5,1.4,194.0,235.0,11.84,11.69,88,5
2025-12-30T14:00,1.2,1.3,131.0,144.0,11.74,10.33,27,0
2025-12-30T15:00,1.0,0.8,42.0,42.0,11.11,10.31,0,0
2025-12-30T16:00,0.5,0.6,0.0,0.0,11.21,12.13,0,0
2025-12-30T17:00,0.1,0.3,0.0,0.0,11.63,13.33,0,0
2025-12-30T18:00,0.0,0.1,0.0,0.0,11.82,13.85,0,18
2025-12-30T19:00,-0.2,-0.1,0.0,0.0,12.11,14.4,0,20
2025-12-30T20:00,-0.5,-0.4,0.0,0.0,12.07,14.31,66,3
2025-12-30T21:00,-0.8,-0.7,0.0,0.0,12.72,14.83,0,0
2025-12-30T22:00,-0.9,-1.0,0.0,0.0,12.66,14.6,59,0
2025-12-30T23:00,-1.1,-1.2,0.0,0.0,12.77,14.31,0,0
2025-12-31T00:00,-1.3,-1.8,0.0,0.0,12.1,14.5,0,22
2025-12-31T01:00,-1.5,-2.0,0.0,0.0,12.31,14.12,0,19
2025-12-31T02:00,-1.7,-2.0,0.0,0.0,12.27,13.78,0,18
2025-12-31T03:00,-1.9,-2.0,0.0,0.0,12.46,12.85,0,19
2025-12-31T04:00,-1.9,-2.4,0.0,0.0,13.04,11.85,0,18
2025-12-31T05:00,-1.9,-2.8,0.0,0.0,13.24,11.48,0,0
2025-12-31T06:00,-2.3,-2.9,0.0,0.0,11.09,11.48,7,0
2025-12-31T07:00,-3.0,-3.4,1.0,1.0,11.25,11.13,0,4
2025-12-31T08:00,-2.7,-3.3,51.0,53.0,10.79,10.91,61,0
2025-12-31T09:00,-2.3,-2.4,133.0,154.0,11.22,11.69,82,0
2025-12-31T10:00,-1.6,-1.6,215.0,237.0,11.34,12.01,76,72
2025-12-31T11:00,-1.0,-1.0,268.0,252.0,10.61,15.41,68,95
2025-12-31T12:00,-0.4,-0.5,278.0,173.0,9.71,15.49,0,92
2025-12-31T13:00,-0.5,-0.1,206.0,113.0,10.94,18.87,97,100
2025-12-31T14:00,-1.2,0.3,88.0,58.0,10.62,19.78,98,98
2025-12-31T15:00,-1.7,0.1,21.0,16.0,10.9,20.56,100,99
2025-12-31T16:00,-1.1,0.1,0.0,0.0,13.2,18.92,100,99
2025-12-31T17:00,-0.8,-0.2,0.0,0.0,14.3,18.19,100,100
2025-12-31T18:00,-0.6,-0.0,0.0,0.0,14.89,18.37,99,100
2025-12-31T19:00,-0.5,0.1,0.0,0.0,14.86,18.72,99,100
2025-12-31T20:00,-0.4,0.1,0.0,0.0,14.36,17.93,98,100
2025-12-31T21:00,-0.4,0.2,0.0,0.0,15.43,17.41,97,94
2025-12-31T22:00,-0.3,0.3,0.0,0.0,15.36,16.92,96,95
2025-12-31T23:00,-0.3,0.3,0.0,0.0,14.28,16.54,97,70
2026-01-01T00:00,-0.2,0.6,0.0,0.0,13.39,14.24,77,81
2026-01-01T01:00,-0.1,0.7,0.0,0.0,14.37,13.88,90,80
2026-01-01T02:00,0.1,0.7,0.0,0.0,13.11,13.08,45,91
2026-01-01T03:00,0.1,1.0,0.0,0.0,12.97,13.65,73,85
2026-01-01T04:00,0.3,1.2,0.0,0.0,13.44,13.52,97,73
2026-01-01T05:00,0.6,1.2,0.0,0.0,13.44,13.82,99,75
2026-01-01T06:00,0.6,1.7,0.0,0.0,13.62,13.33,93,100
2026-01-01T07:00,0.9,1.9,1.0,1.0,13.13,13.33,89,87
2026-01-01T08:00,1.2,2.2,47.0,42.0,13.15,12.74,24,100
2026-01-01T09:00,2.4,2.8,141.0,119.0,14.41,12.06,78,100
2026-01-01T10:00,3.3,3.7,214.0,211.0,14.11,9.47,76,100
2026-01-01T11:00,3.8,4.5,258.0,243.0,10.89,6.51,100,100
2026-01-01T12:00,5.2,5.5,257.0,261.0,9.14,6.6,45,77
2026-01-01T13:00,5.5,5.4,203.0,213.0,8.13,5.44,100,100
2026-01-01T14:00,5.6,4.5,126.0,118.0,6.11,4.19,77,100
2026-01-01T15:00,5.0,3.0,42.0,36.0,5.75,3.78,100,97
2026-01-01T16:00,4.0,2.3,0.0,0.0,2.91,5.8,100,100
2026-01-01T17:00,3.0,2.9,0.0,0.0,3.07,9.46,100,100
2026-01-01T18:00,2.3,1.7,0.0,0.0,4.37,5.21,100,100
2026-01-01T19:00,2.9,1.6,0.0,0.0,6.61,6.11,100,100
2026-01-01T20:00,2.5,1.7,0.0,0.0,7.19,8.74,100,100
2026-01-01T21:00,2.4,2.6,0.0,0.0,6.34,8.15,100,98
2026-01-01T22:00,3.4,2.3,0.0,0.0,9.95,9.32,100,100
2026-01-01T23:00,3.3,2.8,0.0,0.0,11.53,10.39,72,98
2026-01-02T00:00,3.3,2.7,0.0,0.0,11.49,12.77,100,70
2026-01-02T01:00,3.5,2.6,0.0,0.0,11.47,12.45,98,96
2026-01-02T02:00,3.2,2.6,0.0,0.0,11.39,11.68,100,99
2026-01-02T03:00,2.4,2.6,0.0,0.0,11.46,12.26,56,99
2026-01-02T04:00,1.8,2.6,0.0,0.0,12.02,12.57,84,92
2026-01-02T05:00,1.7,2.3,0.0,0.0,11.95,13.15,98,94
2026-01-02T06:00,1.9,1.8,0.0,0.0,13.45,12.83,100,98
2026-01-02T07:00,2.1,2.0,1.0,1.0,11.8,12.5,100,91
2026-01-02T08:00,2.7,2.5,39.0,38.0,11.8,12.55,100,91
2026-01-02T09:00,3.6,3.2,100.0,109.0,12.55,12.74,100,88
2026-01-02T10:00,4.0,3.8,163.0,162.0,11.86,12.93,100,99
2026-01-02T11:00,4.1,4.1,194.0,169.0,14.96,12.48,100,100
2026-01-02T12:00,4.2,3.9,234.0,163.0,14.88,13.29,93,100
2026-01-02T13:00,3.8,3.9,192.0,132.0,14.27,14.32,79,100
2026-01-02T14:00,3.4,3.4,139.0,100.0,14.56,15.57,48,83
2026-01-02T15:00,3.0,3.1,44.0,33.0,13.04,14.81,17,80
2026-01-02T16:00,2.4,2.7,0.0,0.0,11.76,13.99,6,17
2026-01-02T17:00,2.0,2.3,0.0,0.0,9.81,12.05,0,32
2026-01-02T18:00,2.4,2.1,0.0,0.0,10.88,11.85,0,15
2026-01-02T19:00,2.4,1.9,0.0,0.0,11.76,12.28,6,0
2026-01-02T20:00,2.4,2.0,0.0,0.0,13.03,13.25,0,0
2026-01-02T21:00,2.1,1.9,0.0,0.0,14.53,12.57,27,54
2026-01-02T22:00,1.8,1.7,0.0,0.0,14.25,11.13,0,97
2026-01-02T23:00,1.6,1.7,0.0,0.0,14.04,12.11,0,100
2026-01-03T00:00,1.6,2.0,0.0,0.0,12.55,13.9,69,12
2026-01-03T01:00,1.0,1.8,0.0,0.0,11.76,14.21,7,7
2026-01-03T02:00,0.8,1.5,0.0,0.0,12.77,14.55,6,0
2026-01-03T03:00,0.9,1.2,0.0,0.0,14.35,14.67,27,0
2026-01-03T04:00,0.8,0.9,0.0,0.0,14.76,14.81,0,0
2026-01-03T05:00,0.8,0.8,0.0,0.0,16.37,14.54,0,0
2026-01-03T06:00,0.7,0.5,0.0,0.0,15.85,15.79,0,0
2026-01-03T07:00,0.6,0.5,1.0,1.0,15.59,15.82,0,0
2026-01-03T08:00,0.5,0.8,55.0,56.0,15.45,15.75,0,0
2026-01-03T09:00,1.3,1.5,159.0,161.0,15.31,16.25,0,0
2026-01-03T10:00,1.9,2.2,246.0,247.0,14.27,16.26,0,0
2026-01-03T11:00,2.5,2.7,294.0,293.0,11.47,15.87,0,0
2026-01-03T12:00,3.0,3.3,292.0,241.0,8.25,2.04,0,65
2026-01-03T13:00,3.2,3.5,244.0,178.0,8.2,0.75,0,89
2026-01-03T14:00,3.0,3.2,155.0,95.0,8.18,1.37,0,98
2026-01-03T15:00,2.8,2.5,50.0,29.0,6.23,1.73,0,61
2026-01-03T16:00,2.0,1.4,0.0,0.0,3.22,2.21,0,83
2026-01-03T17:00,1.5,1.1,0.0,0.0,2.9,1.39,0,83
2026-01-03T18:00,1.3,0.3,0.0,0.0,1.01,2.02,0,2
2026-01-03T19:00,0.9,-0.3,0.0,0.0,2.36,1.81,0,0
2026-01-03T20:00,0.6,-0.9,0.0,0.0,4.61,1.59,0,9
2026-01-03T21:00,0.8,-0.7,0.0,0.0,3.37,4.13,65,25
2026-01-03T22:00,1.2,0.6,0.0,0.0,9.92,6.32,0,11
2026-01-03T23:00,0.6,0.2,0.0,0.0,8.82,9.54,0,9
2026-01-04T00:00,0.1,-0.0,0.0,0.0,9.5,11.96,0,0
2026-01-04T01:00,-0.0,-0.2,0.0,0.0,8.05,10.88,0,0
2026-01-04T02:00,-0.1,-0.5,0.0,0.0,9.43,13.53,0,0
2026-01-04T03:00,-0.5,-0.7,0.0,0.0,12.02,14.44,0,0
2026-01-04T04:00,-0.8,-0.9,0.0,0.0,12.81,14.52,0,0
2026-01-04T05:00,-0.9,-1.1,0.0,0.0,14.22,14.58,0,7
2026-01-04T06:00,-1.0,-0.9,0.0,0.0,13.64,13.48,0,0
2026-01-04T07:00,-1.0,-1.1,1.0,1.0,13.69,13.31,0,1
2026-01-04T08:00,-0.9,-0.7,54.0,55.0,12.71,12.48,0,0
2026-01-04T09:00,-0.2,-0.0,159.0,160.0,11.14,12.15,0,0
2026-01-04T10:00,0.7,0.8,246.0,248.0,12.37,10.64,0,0
2026-01-04T11:00,1.3,1.4,293.0,295.0,12.98,10.07,0,0
2026-01-04T12:00,1.7,1.7,294.0,293.0,11.31,11.27,0,0
2026-01-04T13:00,1.9,1.8,245.0,243.0,12.79,10.55,0,0
2026-01-04T14:00,1.7,1.4,157.0,154.0,11.89,9.78,0,0
2026-01-04T15:00,1.4,1.0,51.0,49.0,5.77,7.49,0,0
2026-01-04T16:00,0.9,0.5,0.0,0.0,4.66,5.01,0,0
2026-01-04T17:00,0.7,-0.1,0.0,0.0,3.88,3.83,0,0
2026-01-04T18:00,0.4,-0.8,0.0,0.0,2.91,2.98,0,0
2026-01-04T19:00,0.2,-1.2,0.0,0.0,1.69,3.73,0,9
2026-01-04T20:00,-0.1,-1.7,0.0,0.0,0.69,3.28,0,0
2026-01-04T21:00,-0.6,-2.3,0.0,0.0,0.39,3.18,0,0
2026-01-04T22:00,-0.8,-2.6,0.0,0.0,0.49,4.35,0,0
2026-01-04T23:00,-0.9,-2.9,0.0,0.0,0.78,4.65,0,0
2026-01-05T00:00,-1.7,-3.2,0.0,0.0,3.16,2.85,0,13
2026-01-05T01:00,-1.9,-3.4,0.0,0.0,2.91,2.59,0,32
2026-01-05T02:00,-2.4,-3.7,0.0,0.0,2.59,2.83,53,30
2026-01-05T03:00,-2.9,-3.7,0.0,0.0,1.98,3.47,98,30
2026-01-05T04:00,-3.1,-3.7,0.0,0.0,1.69,3.96,100,34
2026-01-05T05:00,-3.2,-3.7,0.0,0.0,1.48,4.76,100,34
2026-01-05T06:00,-3.2,-3.8,0.0,0.0,2.2,3.06,81,93
2026-01-05T07:00,-3.2,-3.8,1.0,1.0,2.31,2.72,81,100
2026-01-05T08:00,-3.0,-3.5,39.0,45.0,2.22,2.04,77,100
2026-01-05T09:00,-2.6,-2.9,119.0,112.0,0.79,0.93,97,100
2026-01-05T10:00,-1.9,-2.2,174.0,171.0,0.29,0.71,100,99
2026-01-05T11:00,-1.3,-1.5,201.0,171.0,1.18,1.25,100,100
2026-01-05T12:00,-0.6,-1.1,176.0,231.0,0.5,2.22,100,100
2026-01-05T13:00,-0.4,-1.0,152.0,187.0,1.18,2.94,100,100
2026-01-05T14:00,-0.5,-1.1,85.0,106.0,2.22,3.19,100,100
2026-01-05T15:00,-0.7,-1.1,32.0,33.0,2.72,3.83,100,100
2026-01-05T16:00,-1.1,-1.4,0.0,0.0,3.69,4.65,100,100
2026-01-05T17:00,-1.4,-1.6,0.0,0.0,3.9,4.86,100,100
2026-01-05T18:00,-2.2,-2.0,0.0,0.0,6.37,5.19,100,97
2026-01-05T19:00,-2.6,-1.9,0.0,0.0,4.91,6.27,100,94
2026-01-05T20:00,-2.8,-2.2,0.0,0.0,4.69,7.72,100,86
2026-01-05T21:00,-3.5,-2.3,0.0,0.0,5.7,8.74,100,79
2026-01-05T22:00,-3.6,-2.6,0.0,0.0,6.59,9.17,100,72
2026-01-05T23:00,-3.6,-3.0,0.0,0.0,7.55,9.55,100,100
2026-01-06T00:00,-3.9,-2.6,0.0,0.0,8.01,9.49,100,100
2026-01-06T01:00,-4.0,-2.9,0.0,0.0,7.94,9.02,74,86
2026-01-06T02:00,-4.2,-3.2,0.0,0.0,8.28,8.81,29,100
2026-01-06T03:00,-4.6,-3.4,0.0,0.0,8.21,8.29,66,99
2026-01-06T04:00,-4.7,-3.6,0.0,0.0,8.93,8.32,20,91
2026-01-06T05:00,-4.8,-3.7,0.0,0.0,8.72,8.9,81,82
2026-01-06T06:00,-5.1,-3.8,0.0,0.0,9.55,7.98,0,83
2026-01-06T07:00,-5.2,-3.8,1.0,1.0,8.84,8.07,81,90
2026-01-06T08:00,-4.7,-3.5,40.0,37.0,7.39,7.12,100,100
2026-01-06T09:00,-3.7,-3.0,116.0,87.0,5.83,6.56,100,100
2026-01-06T10:00,-2.7,-2.4,156.0,141.0,5.96,6.66,100,92
2026-01-06T11:00,-2.1,-1.9,149.0,186.0,6.59,7.84,100,92
2026-01-06T12:00,-1.7,-1.1,132.0,119.0,5.45,5.98,100,100
2026-01-06T13:00,-1.6,-1.0,99.0,92.0,5.07,6.51,100,100
2026-01-06T14:00,-1.5,-1.0,65.0,67.0,4.78,7.22,100,100
2026-01-06T15:00,-1.6,-1.2,23.0,23.0,5.33,7.45,100,100
2026-01-06T16:00,-1.8,-1.4,0.0,0.0,4.71,7.31,100,100
2026-01-06T17:00,-2.1,-1.5,0.0,0.0,4.43,7.41,100,100
2026-01-06T18:00,-2.3,-2.2,0.0,0.0,5.07,7.77,100,100
2026-01-06T19:00,-2.3,-2.3,0.0,0.0,5.34,8.51,100,100
2026-01-06T20:00,-2.4,-2.3,0.0,0.0,5.83,8.75,100,100
2026-01-06T21:00,-2.7,-2.4,0.0,0.0,6.67,9.1,100,100
2026-01-06T22:00,-2.9,-2.5,0.0,0.0,7.25,9.27,100,100
2026-01-06T23:00,-2.8,-2.7,0.0,0.0,7.45,9.27,100,100
2026-01-07T00:00,-2.9,-3.1,0.0,0.0,8.54,9.98,100,100
2026-01-07T01:00,-3.0,-3.4,0.0,0.0,8.46,10.12,100,73
2026-01-07T02:00,-3.3,-3.7,0.0,0.0,8.35,10.92,100,98
2026-01-07T03:00,-3.4,-3.8,0.0,0.0,8.24,10.44,100,100
2026-01-07T04:00,-3.5,-3.8,0.0,0.0,7.54,10.1,99,100
2026-01-07T05:00,-3.7,-3.8,0.0,0.0,7.55,10.39,100,100
2026-01-07T06:00,-3.7,-4.3,0.0,0.0,8.35,9.4,100,100
2026-01-07T07:00,-3.9,-4.3,1.0,1.0,7.84,8.94,100,100
2026-01-07T08:00,-3.7,-4.1,42.0,40.0,7.38,8.27,97,91
2026-01-07T09:00,-3.2,-3.5,108.0,112.0,7.01,7.48,95,95
2026-01-07T10:00,-2.8,-2.7,172.0,183.0,7.04,7.88,100,100
2026-01-07T11:00,-2.4,-2.2,240.0,220.0,6.33,8.32,96,100
2026-01-07T12:00,-2.0,-2.3,239.0,166.0,6.25,8.02,100,92
2026-01-07T13:00,-1.7,-2.0,189.0,154.0,6.33,8.17,100,100
2026-01-07T14:00,-1.6,-2.0,110.0,99.0,6.58,7.9,100,94
2026-01-07T15:00,-1.5,-2.2,51.0,33.0,6.15,7.88,88,96
2026-01-07T16:00,-2.0,-2.7,1.0,1.0,4.92,8.09,92,74
2026-01-07T17:00,-2.9,-3.3,0.0,0.0,5.68,8.59,65,63
2026-01-07T18:00,-3.2,-3.6,0.0,0.0,6.13,7.3,77,63
2026-01-07T19:00,-3.7,-3.9,0.0,0.0,6.86,6.93,65,58
2026-01-07T20:00,-3.8,-4.1,0.0,0.0,6.79,6.88,61,77
2026-01-07T21:00,-4.1,-4.4,0.0,0.0,5.16,7.34,16,45
2026-01-07T22:00,-4.4,-4.7,0.0,0.0,5.63,7.18,12,40
2026-01-07T23:00,-4.7,-5.1,0.0,0.0,5.47,6.78,0,0
2026-01-08T00:00,-4.8,-5.1,0.0,0.0,5.74,8.64,0,71
2026-01-08T01:00,-5.0,-5.2,0.0,0.0,6.12,8.07,0,0
2026-01-08T02:00,-5.2,-5.4,0.0,0.0,5.84,8.03,0,0
2026-01-08T03:00,-5.3,-5.4,0.0,0.0,5.93,8.75,0,0
2026-01-08T04:00,-5.5,-5.4,0.0,0.0,6.2,8.75,0,0
2026-01-08T05:00,-5.7,-5.5,0.0,0.0,5.85,8.49,0,0
2026-01-08T06:00,-5.8,-5.8,0.0,0.0,5.33,7.58,0,0
2026-01-08T07:00,-5.8,-5.8,1.0,1.0,4.69,8.02,0,0
2026-01-08T08:00,-5.4,-5.3,55.0,56.0,5.48,7.93,0,0
2026-01-08T09:00,-4.4,-4.1,161.0,162.0,6.37,7.36,0,0
2026-01-08T10:00,-3.1,-2.9,249.0,239.0,5.44,7.06,8,68
2026-01-08T11:00,-1.9,-1.9,285.0,255.0,5.26,6.32,65,59
2026-01-08T12:00,-1.6,-0.7,233.0,192.0,4.7,4.68,73,88
2026-01-08T13:00,-1.1,-0.2,189.0,135.0,4.43,5.59,85,82
2026-01-08T14:00,-0.7,-0.1,120.0,91.0,3.97,5.71,70,78
2026-01-08T15:00,-0.8,-0.0,44.0,34.0,4.04,6.12,92,88
2026-01-08T16:00,-1.0,-0.2,1.0,1.0,4.5,6.04,92,86
2026-01-08T17:00,-1.1,-0.4,0.0,0.0,4.35,7.26,68,62
2026-01-08T18:00,-1.1,-0.9,0.0,0.0,3.38,4.11,76,33
2026-01-08T19:00,-1.6,-1.8,0.0,0.0,1.53,3.19,45,14
2026-01-08T20:00,-2.5,-2.9,0.0,0.0,0.4,2.75,7,11
2026-01-08T21:00,-3.0,-3.5,0.0,0.0,1.25,2.65,22,14
2026-01-08T22:00,-3.2,-4.0,0.0,0.0,1.64,0.84,35,23
2026-01-08T23:00,-3.4,-4.4,0.0,0.0,1.77,1.23,46,77
2026-01-09T00:00,-3.4,-4.6,0.0,0.0,2.88,2.88,68,58
2026-01-09T01:00,-3.6,-5.0,0.0,0.0,2.89,3.63,63,90
2026-01-09T02:00,-3.9,-5.0,0.0,0.0,2.89,4.37,72,84
2026-01-09T03:00,-4.1,-4.9,0.0,0.0,2.01,5.0,84,84
2026-01-09T04:00,-4.5,-5.0,0.0,0.0,3.29,4.95,93,87
2026-01-09T05:00,-4.4,-5.0,0.0,0.0,3.57,5.08,88,99
2026-01-09T06:00,-4.6,-4.4,0.0,0.0,4.02,4.94,99,100
2026-01-09T07:00,-5.2,-5.0,0.0,0.0,4.02,3.86,100,100
2026-01-09T08:00,-5.2,-4.9,9.0,10.0,4.13,3.89,100,100
2026-01-09T09:00,-5.0,-4.4,19.0,42.0,4.97,3.37,100,100
2026-01-09T10:00,-4.6,-3.8,41.0,72.0,3.9,3.19,100,100
2026-01-09T11:00,-4.2,-3.2,55.0,93.0,3.15,3.46,100,100
2026-01-09T12:00,-3.7,-3.2,79.0,118.0,2.24,2.86,100,100
2026-01-09T13:00,-3.3,-2.9,74.0,104.0,2.1,2.82,100,100
2026-01-09T14:00,-3.2,-2.7,66.0,75.0,1.39,2.86,100,100
2026-01-09T15:00,-3.7,-2.7,27.0,29.0,1.53,3.73,100,100
2026-01-09T16:00,-3.7,-2.8,1.0,1.0,2.19,4.03,100,100
2026-01-09T17:00,-3.9,-3.0,0.0,0.0,2.04,3.44,100,100
2026-01-09T18:00,-3.8,-2.3,0.0,0.0,2.72,3.46,100,100
2026-01-09T19:00,-3.8,-2.3,0.0,0.0,2.71,0.31,100,100
2026-01-09T20:00,-3.8,-2.8,0.0,0.0,2.69,5.07,100,100
2026-01-09T21:00,-3.8,-2.8,0.0,0.0,2.37,4.13,100,99
2026-01-09T22:00,-3.9,-2.7,0.0,0.0,1.87,4.71,100,100
2026-01-09T23:00,-3.9,-2.7,0.0,0.0,2.06,3.97,100,100
2026-01-10T00:00,-4.4,-3.7,0.0,0.0,2.36,2.89,100,100
2026-01-10T01:00,-4.5,-3.8,0.0,0.0,2.26,2.77,100,100
2026-01-10T02:00,-4.3,-3.9,0.0,0.0,2.16,3.29,98,97
2026-01-10T03:00,-4.2,-4.0,0.0,0.0,1.71,2.52,99,100
2026-01-10T04:00,-4.0,-4.2,0.0,0.0,1.43,0.84,99,92
2026-01-10T05:00,-4.2,-4.5,0.0,0.0,1.01,0.1,100,79
2026-01-10T06:00,-4.3,-4.3,0.0,0.0,0.59,1.24,100,100
2026-01-10T07:00,-4.4,-4.4,1.0,1.0,0.81,1.24,100,97
2026-01-10T08:00,-3.8,-4.2,36.0,39.0,2.55,0.69,100,79
2026-01-10T09:00,-1.6,-3.2,130.0,129.0,6.32,0.59,1,66
2026-01-10T10:00,3.6,-1.9,247.0,211.0,10.12,1.1,3,67
2026-01-10T11:00,3.8,-0.6,296.0,265.0,9.55,1.61,34,70
2026-01-10T12:00,4.3,3.9,245.0,213.0,9.29,12.07,70,90
2026-01-10T13:00,4.2,3.7,188.0,164.0,8.82,11.75,76,100
2026-01-10T14:00,3.8,3.4,118.0,93.0,10.65,11.47,88,100
2026-01-10T15:00,2.7,2.9,56.0,37.0,9.53,11.23,98,94
2026-01-10T16:00,1.6,2.4,1.0,1.0,8.55,10.46,100,90
2026-01-10T17:00,0.4,1.9,0.0,0.0,5.65,9.68,100,88
2026-01-10T18:00,-3.3,2.0,0.0,0.0,7.01,10.8,92,100
2026-01-10T19:00,-4.2,1.5,0.0,0.0,6.77,10.31,92,100
2026-01-10T20:00,-4.1,-2.4,0.0,0.0,7.65,8.83,91,100
2026-01-10T21:00,-4.2,-4.2,0.0,0.0,6.88,7.55,63,92
2026-01-10T22:00,-4.5,-4.8,0.0,0.0,8.95,7.51,91,88
2026-01-10T23:00,-4.6,-4.9,0.0,0.0,8.83,8.61,41,88
2026-01-11T00:00,-5.1,-5.2,0.0,0.0,9.35,8.6,0,46
2026-01-11T01:00,-5.2,-5.7,0.0,0.0,9.38,10.39,0,100
2026-01-11T02:00,-5.5,-6.1,0.0,0.0,10.56,10.95,0,22
2026-01-11T03:00,-5.8,-6.3,0.0,0.0,10.95,11.58,0,0
2026-01-11T04:00,-5.3,-6.3,0.0,0.0,11.92,13.04,7,15
2026-01-11T05:00,-5.2,-6.0,0.0,0.0,12.19,14.21,10,3
2026-01-11T06:00,-5.0,-4.5,0.0,0.0,12.23,14.6,62,59
2026-01-11T07:00,-4.8,-4.2,1.0,1.0,12.05,14.29,63,81
2026-01-11T08:00,-4.4,-3.8,57.0,44.0,11.48,14.47,61,74
2026-01-11T09:00,-3.7,-3.3,147.0,116.0,11.58,13.76,42,83
2026-01-11T10:00,-3.0,-2.6,248.0,147.0,13.19,13.28,70,99
2026-01-11T11:00,-2.5,-2.0,284.0,208.0,11.14,13.63,89,99
2026-01-11T12:00,-1.8,-1.5,286.0,265.0,11.35,15.2,73,83
2026-01-11T13:00,-1.5,-1.3,235.0,187.0,11.31,15.08,77,90
2026-01-11T14:00,-1.5,-1.4,150.0,118.0,10.83,14.6,78,93
2026-01-11T15:00,-2.1,-1.9,54.0,48.0,12.03,14.09,87,93
2026-01-11T16:00,-2.8,-2.4,2.0,2.0,10.42,13.89,85,94
2026-01-11T17:00,-3.9,-2.9,0.0,0.0,10.23,13.78,77,97
2026-01-11T18:00,-4.0,-3.4,0.0,0.0,10.41,12.67,69,90
2026-01-11T19:00,-4.2,-3.7,0.0,0.0,10.72,12.71,63,90
2026-01-11T20:00,-4.6,-4.0,0.0,0.0,10.13,12.14,0,80
2026-01-11T21:00,-4.6,-4.5,0.0,0.0,10.57,11.61,0,48
2026-01-11T22:00,-4.8,-5.1,0.0,0.0,10.73,11.31,0,0
2026-01-11T23:00,-5.0,-5.2,0.0,0.0,11.05,10.91,0,0
2026-01-12T00:00,-5.1,-5.0,0.0,0.0,9.68,10.24,0,0
2026-01-12T01:00,-5.2,-5.1,0.0,0.0,9.17,8.86,0,0
2026-01-12T02:00,-5.1,-5.1,0.0,0.0,8.67,8.64,0,0
2026-01-12T03:00,-5.2,-5.0,0.0,0.0,9.25,7.57,0,0
2026-01-12T04:00,-4.9,-5.0,0.0,0.0,8.01,6.57,0,0
2026-01-12T05:00,-4.8,-5.1,0.0,0.0,6.85,5.27,100,43
2026-01-12T06:00,-4.9,-4.9,0.0,0.0,3.95,2.92,100,99
2026-01-12T07:00,-5.9,-6.5,1.0,1.0,1.69,1.71,100,100
2026-01-12T08:00,-5.7,-6.3,46.0,44.0,2.05,2.27,100,77
2026-01-12T09:00,-5.0,-5.4,111.0,119.0,3.0,3.26,100,100
2026-01-12T10:00,-4.0,-4.3,156.0,149.0,2.19,2.97,100,100
2026-01-12T11:00,-3.2,-3.5,157.0,132.0,1.5,2.16,100,100
2026-01-12T12:00,-2.4,-3.2,148.0,109.0,1.39,1.97,100,100
2026-01-12T13:00,-2.0,-2.8,121.0,70.0,1.55,2.06,100,100
2026-01-12T14:00,-1.8,-2.6,78.0,39.0,1.59,2.58,100,100
2026-01-12T15:00,-1.8,-3.0,31.0,13.0,1.4,2.65,100,100
2026-01-12T16:00,-1.7,-3.6,1.0,0.0,1.47,2.75,100,100
2026-01-12T17:00,-2.3,-3.9,0.0,0.0,2.0,3.02,100,100
2026-01-12T18:00,-2.6,-3.6,0.0,0.0,2.59,3.09,100,100
2026-01-12T19:00,-2.8,-3.5,0.0,0.0,3.21,2.97,100,100
2026-01-12T20:00,-3.0,-3.4,0.0,0.0,3.04,2.77,100,100
2026-01-12T21:00,-2.7,-3.3,0.0,0.0,3.84,3.34,100,100
2026-01-12T22:00,-2.7,-3.2,0.0,0.0,3.26,3.52,100,100
2026-01-12T23:00,-2.5,-3.1,0.0,0.0,3.08,3.47,100,100
2026-01-13T00:00,-2.1,-3.2,0.0,0.0,3.31,3.82,100,100
2026-01-13T01:00,-2.0,-3.0,0.0,0.0,2.79,3.56,100,100
2026-01-13T02:00,-1.9,-2.8,0.0,0.0,2.66,3.71,100,98
2026-01-13T03:00,-1.9,-2.6,0.0,0.0,3.29,3.52,98,100
2026-01-13T04:00,-1.8,-2.5,0.0,0.0,3.53,2.67,100,99
2026-01-13T05:00,-1.6,-2.5,0.0,0.0,3.04,2.36,100,100
2026-01-13T06:00,-1.8,-2.4,0.0,0.0,3.24,2.0,95,100
2026-01-13T07:00,-1.7,-2.3,1.0,0.0,3.46,3.11,99,100
2026-01-13T08:00,-1.3,-2.1,23.0,13.0,2.51,2.69,98,98
2026-01-13T09:00,-0.7,-1.8,32.0,37.0,2.06,2.68,100,100
2026-01-13T10:00,-0.0,-1.6,34.0,34.0,2.19,2.55,100,100
2026-01-13T11:00,-0.4,-1.4,44.0,43.0,1.87,1.46,100,98
2026-01-13T12:00,-0.4,0.9,38.0,181.0,0.2,2.77,100,98
2026-01-13T13:00,-0.2,1.3,34.0,145.0,1.69,2.81,99,75
2026-01-13T14:00,0.5,1.4,54.0,106.0,2.29,3.07,93,80
2026-01-13T15:00,0.7,0.8,26.0,41.0,2.17,2.92,95,71
2026-01-13T16:00,0.3,0.4,1.0,2.0,1.12,1.76,97,68
2026-01-13T17:00,0.1,0.2,0.0,0.0,1.33,0.49,100,55
2026-01-13T18:00,0.2,0.1,0.0,0.0,1.19,3.06,100,92
2026-01-13T19:00,0.2,0.1,0.0,0.0,1.63,3.64,100,90
2026-01-13T20:00,0.5,-0.0,0.0,0.0,2.76,3.64,100,100
2026-01-13T21:00,0.7,-0.2,0.0,0.0,3.54,3.02,100,100
2026-01-13T22:00,0.5,-0.2,0.0,0.0,3.78,2.88,100,100
2026-01-13T23:00,0.1,-0.2,0.0,0.0,2.43,2.94,100,100
2026-01-14T00:00,-0.0,-0.2,0.0,0.0,3.05,3.95,100,100
2026-01-14T01:00,-0.2,-0.3,0.0,0.0,4.09,4.23,100,100
2026-01-14T02:00,-0.6,-0.5,0.0,0.0,4.17,4.33,100,100
2026-01-14T03:00,-1.1,-0.7,0.0,0.0,4.5,4.27,100,100
2026-01-14T04:00,-1.4,-0.9,0.0,0.0,4.5,4.13,100,100
2026-01-14T05:00,-1.7,-1.1,0.0,0.0,4.16,3.84,100,100
2026-01-14T06:00,-2.1,-1.3,0.0,0.0,3.47,3.76,100,100
2026-01-14T07:00,-2.2,-1.4,1.0,1.0,3.1,3.57,100,100
2026-01-14T08:00,-2.0,-1.4,21.0,23.0,2.59,3.83,100,100
2026-01-14T09:00,-1.7,-1.3,52.0,51.0,2.26,3.37,100,100
2026-01-14T10:00,-1.4,-1.0,81.0,77.0,2.5,2.81,100,100
2026-01-14T11:00,-1.0,-0.6,98.0,96.0,2.76,2.59,100,100
2026-01-14T12:00,-0.3,-0.8,119.0,125.0,2.98,2.64,100,98
2026-01-14T13:00,0.2,-0.5,121.0,107.0,3.25,2.73,95,97
2026-01-14T14:00,0.4,-0.5,87.0,66.0,3.04,2.4,92,96
2026-01-14T15:00,0.2,-0.5,31.0,27.0,3.45,2.94,97,93
2026-01-14T16:00,-0.1,-0.7,2.0,2.0,4.42,3.63,100,100
2026-01-14T17:00,-0.4,-0.8,0.0,0.0,4.13,4.02,90,100
2026-01-14T18:00,-0.4,-0.3,0.0,0.0,3.64,3.87,92,100
2026-01-14T19:00,-0.5,-0.4,0.0,0.0,3.25,3.42,94,100
2026-01-14T20:00,-0.4,-0.3,0.0,0.0,3.06,2.98,98,100
2026-01-14T21:00,-0.3,-0.4,0.0,0.0,2.5,2.16,99,99
2026-01-14T22:00,-0.4,-0.4,0.0,0.0,1.84,2.01,95,83
2026-01-14T23:00,-0.6,-0.4,0.0,0.0,1.74,1.96,98,85
2026-01-15T00:00,-1.1,-1.1,0.0,0.0,0.98,2.66,100,99
2026-01-15T01:00,-1.1,-1.1,0.0,0.0,1.62,2.65,100,100
2026-01-15T02:00,-1.1,-1.2,0.0,0.0,1.43,2.35,100,100
2026-01-15T03:00,-1.2,-1.3,0.0,0.0,1.67,2.08,100,100
2026-01-15T04:00,-1.3,-1.5,0.0,0.0,1.48,1.62,100,100
2026-01-15T05:00,-1.5,-1.7,0.0,0.0,0.84,1.62,100,100
2026-01-15T06:00,-1.4,-2.1,0.0,0.0,1.86,1.43,100,100
2026-01-15T07:00,-1.4,-2.2,1.0,1.0,1.38,1.5,100,100
2026-01-15T08:00,-1.1,-2.1,21.0,19.0,1.31,1.46,100,100
2026-01-15T09:00,-1.2,-1.8,51.0,38.0,1.39,1.27,100,100
2026-01-15T10:00,-0.8,-1.5,70.0,65.0,1.08,0.96,100,100
2026-01-15T11:00,-0.6,-1.2,87.0,79.0,0.89,0.97,100,100
2026-01-15T12:00,-0.6,-1.2,73.0,87.0,0.84,0.98,100,100
2026-01-15T13:00,-0.5,-1.1,69.0,65.0,0.96,1.11,100,100
2026-01-15T14:00,-0.5,-0.8,51.0,48.0,1.27,1.36,100,100
2026-01-15T15:00,-0.6,-0.5,20.0,19.0,2.23,1.77,100,100
2026-01-15T16:00,-0.7,-0.5,1.0,1.0,2.48,2.23,100,100
2026-01-15T17:00,-0.7,-0.5,0.0,0.0,3.07,3.01,100,100
2026-01-15T18:00,-0.7,-0.4,0.0,0.0,3.2,3.54,100,100
2026-01-15T19:00,-0.6,-0.4,0.0,0.0,2.54,3.54,100,100
2026-01-15T20:00,-0.6,-0.4,0.0,0.0,2.46,2.85,100,100
2026-01-15T21:00,-0.8,-0.4,0.0,0.0,1.95,2.7,100,100
2026-01-15T22:00,-0.7,-0.4,0.0,0.0,2.45,2.89,100,100
2026-01-15T23:00,-0.4,-0.4,0.0,0.0,2.77,3.11,100,100
2026-01-16T00:00,-0.3,-0.1,0.0,0.0,2.72,3.83,100,100
2026-01-16T01:00,-0.2,-0.1,0.0,0.0,2.32,4.78,100,100
2026-01-16T02:00,-0.2,-0.1,0.0,0.0,3.32,4.78,100,100
2026-01-16T03:00,-0.6,-0.1,0.0,0.0,2.37,5.2,100,100
2026-01-16T04:00,-0.5,-0.1,0.0,0.0,3.47,5.17,100,100
2026-01-16T05:00,-0.4,-0.1,0.0,0.0,3.86,5.18,100,100
2026-01-16T06:00,-0.4,-0.0,0.0,0.0,3.9,4.87,100,100
2026-01-16T07:00,-0.4,0.0,1.0,0.0,4.86,4.87,100,100
2026-01-16T08:00,-0.3,0.1,14.0,8.0,5.06,4.78,100,100
2026-01-16T09:00,0.2,0.2,42.0,23.0,4.61,4.37,100,100
2026-01-16T10:00,0.3,0.4,57.0,51.0,4.25,4.02,100,100
2026-01-16T11:00,0.6,0.5,64.0,56.0,4.61,3.88,100,100
2026-01-16T12:00,0.8,0.5,62.0,56.0,4.51,2.88,100,100
2026-01-16T13:00,1.0,0.6,52.0,44.0,4.43,3.13,100,100
2026-01-16T14:00,1.1,0.6,31.0,35.0,4.92,2.94,100,100
2026-01-16T15:00,1.1,0.5,15.0,12.0,4.64,3.35,100,100
2026-01-16T16:00,1.0,0.5,1.0,1.0,4.65,3.67,100,100
2026-01-16T17:00,1.0,0.5,0.0,0.0,4.65,4.03,100,100
2026-01-16T18:00,0.9,0.5,0.0,0.0,4.99,4.61,100,100
2026-01-16T19:00,0.9,0.5,0.0,0.0,4.65,5.35,100,100
2026-01-16T20:00,0.9,0.6,0.0,0.0,4.85,5.06,100,100
2026-01-16T21:00,1.0,0.6,0.0,0.0,5.47,5.33,100,100
2026-01-16T22:00,1.0,0.6,0.0,0.0,5.82,5.76,100,100
2026-01-16T23:00,1.0,0.7,0.0,0.0,6.18,6.4,100,100
2026-01-17T00:00,1.1,0.8,0.0,0.0,5.96,6.66,100,100
2026-01-17T01:00,1.3,1.0,0.0,0.0,6.52,7.02,100,100
2026-01-17T02:00,1.4,1.1,0.0,0.0,7.2,7.36,100,100
2026-01-17T03:00,1.4,1.1,0.0,0.0,7.01,7.29,100,100
2026-01-17T04:00,1.5,1.1,0.0,0.0,7.43,7.65,100,100
2026-01-17T05:00,1.5,1.1,0.0,0.0,7.65,7.72,100,100
2026-01-17T06:00,1.4,0.9,0.0,0.0,7.78,7.83,100,100
2026-01-17T07:00,1.3,0.9,0.0,0.0,7.54,8.04,100,100
2026-01-17T08:00,1.3,1.0,11.0,13.0,7.49,8.29,100,100
2026-01-17T09:00,1.5,1.2,31.0,30.0,7.64,8.78,100,100
2026-01-17T10:00,1.9,1.4,73.0,52.0,7.59,9.16,100,100
2026-01-17T11:00,2.1,1.8,93.0,72.0,7.99,9.57,99,99
2026-01-17T12:00,2.5,1.7,160.0,66.0,8.12,9.46,88,99
2026-01-17T13:00,2.7,1.8,132.0,73.0,8.26,9.84,87,95
2026-01-17T14:00,2.4,1.7,92.0,67.0,8.49,9.68,86,92
2026-01-17T15:00,2.1,1.4,47.0,33.0,7.94,9.6,79,91
2026-01-17T16:00,1.3,1.0,3.0,2.0,7.53,9.37,66,91
2026-01-17T17:00,0.9,0.6,0.0,0.0,7.55,9.29,18,76
2026-01-17T18:00,0.4,0.3,0.0,0.0,6.79,8.66,0,61
2026-01-17T19:00,0.1,0.2,0.0,0.0,6.82,8.59,0,52
2026-01-17T20:00,-0.1,-0.1,0.0,0.0,6.54,8.94,0,37
2026-01-17T21:00,-0.1,-0.3,0.0,0.0,7.27,9.35,0,43
2026-01-17T22:00,-0.2,-0.4,0.0,0.0,7.38,9.49,0,13
2026-01-17T23:00,-0.2,-0.5,0.0,0.0,7.77,9.28,0,0
2026-01-18T00:00,-0.3,-0.5,0.0,0.0,7.83,9.09,0,0
2026-01-18T01:00,-0.4,-0.8,0.0,0.0,7.34,9.71,0,21
2026-01-18T02:00,-0.6,-1.1,0.0,0.0,8.59,10.19,0,29
2026-01-18T03:00,-0.7,-1.2,0.0,0.0,11.02,10.95,5,25
2026-01-18T04:00,-0.8,-1.4,0.0,0.0,11.17,11.02,0,21
2026-01-18T05:00,-1.1,-1.6,0.0,0.0,10.07,10.88,0,28
2026-01-18T06:00,-1.3,-1.4,0.0,0.0,8.76,10.95,0,37
2026-01-18T07:00,-1.5,-1.4,2.0,2.0,8.59,10.67,53,55
2026-01-18T08:00,-1.2,-0.9,48.0,52.0,8.97,9.84,85,53
2026-01-18T09:00,-0.8,0.1,86.0,144.0,9.23,9.78,92,32
2026-01-18T10:00,-0.3,1.0,119.0,222.0,9.01,10.76,90,68
2026-01-18T11:00,0.2,1.3,178.0,220.0,8.6,10.56,81,52
2026-01-18T12:00,0.7,2.0,255.0,306.0,9.65,10.07,43,12
2026-01-18T13:00,0.8,1.9,243.0,264.0,9.28,9.98,45,3
2026-01-18T14:00,0.5,1.5,170.0,180.0,9.45,9.99,33,1
2026-01-18T15:00,0.2,0.6,66.0,75.0,9.24,10.63,38,0
2026-01-18T16:00,-0.2,0.2,5.0,5.0,9.63,10.68,47,0
2026-01-18T17:00,-0.5,-0.3,0.0,0.0,9.5,10.6,0,0
2026-01-18T18:00,-0.7,-0.9,0.0,0.0,9.89,10.88,0,0
2026-01-18T19:00,-1.0,-1.2,0.0,0.0,9.92,10.82,0,0
2026-01-18T20:00,-1.3,-1.6,0.0,0.0,10.1,11.09,0,0
2026-01-18T21:00,-1.7,-2.0,0.0,0.0,10.22,11.38,0,0
2026-01-18T22:00,-2.1,-2.5,0.0,0.0,10.34,11.23,8,0
2026-01-18T23:00,-2.6,-2.9,0.0,0.0,10.21,11.16,25,0
2026-01-19T00:00,-2.5,-3.4,0.0,0.0,10.42,11.29,68,0
2026-01-19T01:00,-2.9,-3.7,0.0,0.0,9.98,11.64,65,0
2026-01-19T02:00,-3.1,-3.9,0.0,0.0,9.98,11.85,59,0
2026-01-19T03:00,-2.5,-4.1,0.0,0.0,10.71,12.21,75,0
2026-01-19T04:00,-2.6,-4.1,0.0,0.0,10.85,12.3,47,0
2026-01-19T05:00,-3.1,-4.3,0.0,0.0,10.62,11.78,13,0
2026-01-19T06:00,-3.4,-4.3,0.0,0.0,10.24,10.95,5,0
2026-01-19T07:00,-3.6,-4.6,2.0,3.0,10.51,10.27,0,0
2026-01-19T08:00,-3.4,-4.5,61.0,62.0,10.49,9.98,0,22
2026-01-19T09:00,-3.6,-3.8,139.0,159.0,9.91,10.12,64,19
2026-01-19T10:00,-3.4,-3.0,200.0,250.0,10.05,9.7,65,0
2026-01-19T11:00,-2.8,-2.2,254.0,303.0,10.25,9.51,54,0
2026-01-19T12:00,-2.1,-0.6,284.0,310.0,9.35,10.47,0,0
2026-01-19T13:00,-1.3,-0.2,264.0,266.0,10.18,11.24,0,0
2026-01-19T14:00,-1.0,-0.3,181.0,182.0,10.11,12.0,0,0
2026-01-19T15:00,-1.0,-0.7,78.0,76.0,10.26,11.45,0,0
2026-01-19T16:00,-1.5,-1.5,6.0,6.0,10.55,11.64,0,0
2026-01-19T17:00,-1.9,-2.0,0.0,0.0,10.86,11.71,0,0
2026-01-19T18:00,-2.5,-2.0,0.0,0.0,11.56,11.99,0,0
2026-01-19T19:00,-2.8,-2.4,0.0,0.0,12.12,11.64,0,0
2026-01-19T20:00,-3.1,-2.7,0.0,0.0,12.01,11.36,4,0
2026-01-19T21:00,-3.5,-3.0,0.0,0.0,11.45,10.88,0,0
2026-01-19T22:00,-3.6,-3.3,0.0,0.0,11.48,10.27,9,0
2026-01-19T23:00,-3.7,-3.5,0.0,0.0,11.84,9.8,19,5
2026-01-20T00:00,-4.0,-3.8,0.0,0.0,12.96,11.69,0,24
2026-01-20T01:00,-4.1,-3.9,0.0,0.0,13.24,11.6,0,16
2026-01-20T02:00,-4.2,-4.1,0.0,0.0,12.56,11.74,10,7
2026-01-20T03:00,-4.3,-4.2,0.0,0.0,10.7,11.39,41,13
2026-01-20T04:00,-4.4,-4.5,0.0,0.0,9.56,10.74,48,12
2026-01-20T05:00,-4.6,-4.7,0.0,0.0,8.56,10.32,57,7
2026-01-20T06:00,-4.8,-5.2,0.0,0.0,8.33,12.56,50,59
2026-01-20T07:00,-5.1,-5.3,2.0,2.0,8.49,11.99,45,64
2026-01-20T08:00,-5.0,-5.1,56.0,49.0,8.96,10.95,51,65
2026-01-20T09:00,-4.9,-4.5,122.0,123.0,7.9,9.91,69,62
2026-01-20T10:00,-4.3,-4.0,191.0,187.0,7.5,9.78,70,67
2026-01-20T11:00,-3.4,-3.3,246.0,231.0,8.32,9.64,62,60
2026-01-20T12:00,-3.0,-2.0,272.0,299.0,9.22,11.31,43,35
2026-01-20T13:00,-2.8,-1.7,248.0,256.0,9.58,11.46,24,22
2026-01-20T14:00,-2.7,-1.7,176.0,179.0,10.19,11.53,30,18
2026-01-20T15:00,-2.7,-2.2,76.0,77.0,10.25,11.45,14,13
2026-01-20T16:00,-3.2,-2.9,7.0,6.0,10.16,11.6,4,0
2026-01-20T17:00,-3.6,-3.2,0.0,0.0,9.73,11.74,0,11
2026-01-20T18:00,-4.3,-4.2,0.0,0.0,8.81,10.62,63,40
2026-01-20T19:00,-4.5,-4.3,0.0,0.0,8.51,10.53,70,48
2026-01-20T20:00,-4.6,-4.5,0.0,0.0,8.56,10.59,71,50
2026-01-20T21:00,-4.8,-4.5,0.0,0.0,8.89,10.45,69,37
2026-01-20T22:00,-4.9,-4.5,0.0,0.0,8.37,10.35,67,42
2026-01-20T23:00,-5.0,-4.7,0.0,0.0,7.8,9.77,62,39
2026-01-21T00:00,-5.1,-5.3,0.0,0.0,7.78,7.69,63,42
2026-01-21T01:00,-5.1,-5.3,0.0,0.0,7.94,7.83,61,45
2026-01-21T02:00,-5.1,-5.2,0.0,0.0,8.13,7.91,62,44
2026-01-21T03:00,-4.9,-5.1,0.0,0.0,7.82,8.04,49,35
2026-01-21T04:00,-4.9,-5.1,0.0,0.0,7.78,8.66,54,34
2026-01-21T05:00,-5.0,-5.2,0.0,0.0,8.25,9.09,55,41
2026-01-21T06:00,-5.0,-5.1,0.0,0.0,8.97,9.37,57,61
2026-01-21T07:00,-5.0,-5.1,3.0,3.0,8.96,9.17,57,61
2026-01-21T08:00,-4.8,-4.7,55.0,60.0,8.39,9.31,60,54
2026-01-21T09:00,-3.9,-3.8,150.0,156.0,7.9,9.21,56,42
2026-01-21T10:00,-3.1,-2.5,230.0,257.0,7.84,10.32,54,42
2026-01-21T11:00,-2.3,-1.5,289.0,313.0,7.83,9.99,53,48
2026-01-21T12:00,-2.0,-1.4,268.0,269.0,7.84,9.7,60,100
2026-01-21T13:00,-1.8,-1.3,217.0,224.0,7.83,10.19,61,100
2026-01-21T14:00,-1.9,-1.4,146.0,163.0,7.63,10.33,76,100
2026-01-21T15:00,-2.6,-2.0,61.0,72.0,7.35,9.75,85,94
2026-01-21T16:00,-3.0,-2.7,5.0,6.0,7.12,9.39,89,80
2026-01-21T17:00,-3.3,-3.2,0.0,0.0,7.06,9.11,82,100
2026-01-21T18:00,-3.6,-3.9,0.0,0.0,7.45,7.91,81,85
2026-01-21T19:00,-3.8,-4.3,0.0,0.0,7.37,7.26,80,78
2026-01-21T20:00,-4.0,-4.6,0.0,0.0,7.04,6.49,76,94
2026-01-21T21:00,-4.5,-4.8,0.0,0.0,7.1,6.28,90,93
2026-01-21T22:00,-4.7,-4.9,0.0,0.0,6.96,6.2,92,89
2026-01-21T23:00,-4.7,-5.0,0.0,0.0,6.9,6.39,95,86
2026-01-22T00:00,-4.7,-5.5,0.0,0.0,6.7,6.5,100,95
2026-01-22T01:00,-4.7,-5.6,0.0,0.0,6.63,6.34,100,92
2026-01-22T02:00,-4.8,-5.8,0.0,0.0,6.39,6.01,100,95
2026-01-22T03:00,-4.9,-5.9,0.0,0.0,5.76,5.52,100,96
2026-01-22T04:00,-5.0,-5.9,0.0,0.0,5.83,5.14,99,98
2026-01-22T05:00,-5.1,-6.0,0.0,0.0,5.68,5.3,100,100
2026-01-22T06:00,-5.2,-6.2,0.0,0.0,5.82,5.17,100,100
2026-01-22T07:00,-5.2,-6.3,2.0,2.0,5.27,5.1,100,100
2026-01-22T08:00,-5.1,-6.2,33.0,26.0,5.08,4.86,100,100
2026-01-22T09:00,-4.8,-6.0,71.0,61.0,5.29,4.49,100,100
2026-01-22T10:00,-4.4,-5.6,112.0,101.0,4.68,4.1,100,97
2026-01-22T11:00,-3.8,-4.9,159.0,149.0,4.13,3.51,100,90
2026-01-22T12:00,-3.1,-3.2,136.0,211.0,4.12,3.88,100,80
2026-01-22T13:00,-2.7,-3.0,112.0,194.0,3.54,3.33,100,77
2026-01-22T14:00,-2.4,-2.9,90.0,138.0,3.61,3.21,100,75
2026-01-22T15:00,-2.6,-3.1,35.0,64.0,3.21,3.21,100,72
2026-01-22T16:00,-2.6,-3.6,3.0,6.0,3.48,3.42,100,69
2026-01-22T17:00,-2.5,-4.0,0.0,0.0,3.38,3.32,94,64
2026-01-22T18:00,-3.1,-3.3,0.0,0.0,4.13,3.51,95,64
2026-01-22T19:00,-3.1,-3.7,0.0,0.0,4.46,3.2,77,55
2026-01-22T20:00,-3.2,-4.2,0.0,0.0,4.56,3.26,81,47
2026-01-22T21:00,-3.2,-4.6,0.0,0.0,4.26,3.04,100,49
2026-01-22T22:00,-3.1,-4.8,0.0,0.0,3.55,2.39,100,49
2026-01-22T23:00,-3.1,-5.0,0.0,0.0,2.91,1.94,100,53
2026-01-23T00:00,-3.5,-5.0,0.0,0.0,1.81,1.81,100,73
2026-01-23T01:00,-3.4,-5.1,0.0,0.0,1.96,1.77,100,76
2026-01-23T02:00,-3.4,-5.2,0.0,0.0,2.5,1.77,100,77
2026-01-23T03:00,-4.0,-5.2,0.0,0.0,1.55,1.74,100,80
2026-01-23T04:00,-4.0,-5.3,0.0,0.0,1.74,1.81,100,83
2026-01-23T05:00,-4.1,-5.4,0.0,0.0,1.88,2.37,100,86
2026-01-23T06:00,-4.3,-5.0,0.0,0.0,2.11,1.63,100,88
2026-01-23T07:00,-4.3,-5.1,2.0,2.0,2.18,1.85,100,89
2026-01-23T08:00,-4.3,-4.7,24.0,43.0,2.08,2.19,100,86
2026-01-23T09:00,-3.9,-3.8,57.0,116.0,1.84,2.6,100,82
2026-01-23T10:00,-3.5,-2.9,82.0,184.0,1.96,1.82,100,72
2026-01-23T11:00,-3.0,-1.9,115.0,227.0,1.94,2.78,100,77
2026-01-23T12:00,-2.5,-2.7,98.0,91.0,1.67,3.02,100,100
2026-01-23T13:00,-1.9,-1.7,118.0,92.0,1.81,3.26,100,100
2026-01-23T14:00,-1.2,-1.2,74.0,59.0,2.7,4.24,100,100
2026-01-23T15:00,-0.9,-0.9,30.0,30.0,4.67,4.78,100,100
2026-01-23T16:00,-0.9,-0.7,4.0,4.0,4.03,5.27,100,100
2026-01-23T17:00,-0.8,-0.7,0.0,0.0,3.9,5.61,100,100
2026-01-23T18:00,-0.9,-0.4,0.0,0.0,4.64,6.93,100,100
2026-01-23T19:00,-0.8,-0.3,0.0,0.0,5.01,6.51,100,100
2026-01-23T20:00,-0.8,-0.3,0.0,0.0,5.06,5.9,100,100
2026-01-23T21:00,-0.7,-0.4,0.0,0.0,4.39,5.88,100,100
2026-01-23T22:00,-0.6,-0.4,0.0,0.0,4.38,5.55,100,100
2026-01-23T23:00,-0.6,-0.4,0.0,0.0,4.3,5.33,100,100
2026-01-24T00:00,-0.6,-1.2,0.0,0.0,2.83,2.82,100,100
2026-01-24T01:00,-0.6,-1.2,0.0,0.0,2.45,2.37,100,100
2026-01-24T02:00,-0.6,-1.3,0.0,0.0,1.98,2.19,100,100
2026-01-24T03:00,-0.6,-1.3,0.0,0.0,2.19,2.29,100,100
2026-01-24T04:00,-0.6,-1.4,0.0,0.0,2.1,2.76,100,100
2026-01-24T05:00,-0.6,-1.3,0.0,0.0,2.29,2.81,100,100
2026-01-24T06:00,-0.6,-0.5,0.0,0.0,2.91,4.64,100,100
2026-01-24T07:00,-0.6,-0.5,1.0,1.0,2.75,4.43,100,100
2026-01-24T08:00,-0.6,-0.4,19.0,13.0,1.88,3.74,100,100
2026-01-24T09:00,-0.5,-0.2,46.0,32.0,0.31,3.61,100,100
2026-01-24T10:00,-0.2,-0.0,77.0,48.0,0.22,2.22,100,100
2026-01-24T11:00,0.1,0.1,81.0,61.0,0.96,0.29,100,100
2026-01-24T12:00,0.1,-0.1,97.0,54.0,0.69,0.71,100,100
2026-01-24T13:00,0.2,-0.0,83.0,40.0,0.66,0.96,100,100
2026-01-24T14:00,0.1,0.1,56.0,29.0,0.89,2.32,100,100
2026-01-24T15:00,0.0,0.2,29.0,23.0,1.01,3.03,100,100
2026-01-24T16:00,-0.2,0.3,3.0,3.0,1.53,2.63,100,99
2026-01-24T17:00,-0.3,0.2,0.0,0.0,1.93,1.39,100,94
2026-01-24T18:00,-0.2,0.3,0.0,0.0,2.92,4.68,100,100
2026-01-24T19:00,-0.2,0.3,0.0,0.0,2.01,4.48,100,100
2026-01-24T20:00,-0.3,0.3,0.0,0.0,2.51,1.69,95,100
2026-01-24T21:00,-0.4,-0.0,0.0,0.0,2.04,0.2,94,95
2026-01-24T22:00,-0.4,-0.4,0.0,0.0,1.71,1.29,100,81
2026-01-24T23:00,-0.3,-0.6,0.0,0.0,2.18,2.36,100,65
2026-01-25T00:00,-0.5,0.4,0.0,0.0,2.26,0.49,100,100
2026-01-25T01:00,-0.4,0.3,0.0,0.0,1.67,0.84,100,100
2026-01-25T02:00,-0.3,0.3,0.0,0.0,1.62,1.29,100,100
2026-01-25T03:00,-0.1,0.3,0.0,0.0,2.02,1.4,100,100
2026-01-25T04:00,0.0,0.3,0.0,0.0,2.61,1.24,100,100
2026-01-25T05:00,0.1,0.3,0.0,0.0,3.35,1.18,100,100
2026-01-25T06:00,0.1,0.1,0.0,0.0,2.63,3.89,100,100
2026-01-25T07:00,0.2,0.2,1.0,1.0,2.43,4.16,100,100
2026-01-25T08:00,0.4,0.3,16.0,19.0,3.4,4.34,100,100
2026-01-25T09:00,0.9,0.5,41.0,32.0,4.16,4.38,100,100
2026-01-25T10:00,1.1,1.0,41.0,49.0,5.27,5.82,100,100
2026-01-25T11:00,1.7,1.7,43.0,52.0,6.25,6.93,100,100
2026-01-25T12:00,2.2,2.4,52.0,52.0,5.27,7.45,100,100
2026-01-25T13:00,2.6,2.6,65.0,49.0,6.52,7.29,100,100
2026-01-25T14:00,2.9,2.7,46.0,36.0,7.18,7.2,100,100
2026-01-25T15:00,2.6,2.7,20.0,16.0,6.94,8.11,100,100
2026-01-25T16:00,2.6,2.7,2.0,1.0,7.62,7.86,100,100
2026-01-25T17:00,2.6,2.5,0.0,0.0,6.66,6.79,100,100
2026-01-25T18:00,2.7,2.5,0.0,0.0,9.27,9.5,97,99
2026-01-25T19:00,2.9,2.7,0.0,0.0,8.54,9.43,100,100
2026-01-25T20:00,2.9,2.8,0.0,0.0,7.21,10.39,100,100
2026-01-25T21:00,2.9,3.1,0.0,0.0,6.88,10.41,100,100
2026-01-25T22:00,2.9,3.1,0.0,0.0,5.68,9.04,100,100
2026-01-25T23:00,2.8,3.1,0.0,0.0,2.26,7.02,100,100
2026-01-26T00:00,2.9,2.1,0.0,0.0,4.71,4.8,100,100
2026-01-26T01:00,2.8,2.1,0.0,0.0,3.16,1.63,74,100
2026-01-26T02:00,2.1,1.5,0.0,0.0,2.08,1.86,44,99
2026-01-26T03:00,2.9,1.0,0.0,0.0,4.02,2.06,100,96
2026-01-26T04:00,2.6,0.7,0.0,0.0,1.31,1.77,100,99
2026-01-26T05:00,1.8,0.3,0.0,0.0,1.59,1.21,100,100
2026-01-26T06:00,1.2,0.6,0.0,0.0,2.33,1.39,100,78
2026-01-26T07:00,0.7,0.2,5.0,6.0,2.26,2.08,98,72
2026-01-26T08:00,0.8,0.3,69.0,68.0,3.63,1.38,73,88
2026-01-26T09:00,-0.0,0.4,123.0,155.0,0.79,1.19,100,75
2026-01-26T10:00,0.3,0.9,173.0,222.0,0.9,1.38,100,76
2026-01-26T11:00,0.9,1.7,206.0,280.0,1.28,0.98,100,69
2026-01-26T12:00,4.2,2.4,324.0,194.0,2.07,1.66,87,98
2026-01-26T13:00,4.5,2.9,220.0,181.0,0.57,0.9,96,92
2026-01-26T14:00,5.3,3.1,181.0,152.0,0.55,1.23,47,91
2026-01-26T15:00,6.3,3.0,106.0,76.0,3.78,1.18,0,70
2026-01-26T16:00,6.1,2.3,14.0,11.0,3.17,1.8,0,46
2026-01-26T17:00,4.8,2.0,0.0,0.0,3.59,3.11,0,44
2026-01-26T18:00,3.0,3.2,0.0,0.0,4.3,6.43,0,4
2026-01-26T19:00,3.9,3.2,0.0,0.0,6.17,6.57,26,0
2026-01-26T20:00,3.7,2.8,0.0,0.0,5.42,6.29,34,0
2026-01-26T21:00,4.2,2.8,0.0,0.0,7.17,7.55,31,0
2026-01-26T22:00,4.3,3.0,0.0,0.0,6.27,8.37,100,0
2026-01-26T23:00,4.7,3.3,0.0,0.0,8.23,7.79,100,0
2026-01-27T00:00,4.4,2.3,0.0,0.0,5.71,6.61,89,0
2026-01-27T01:00,4.4,2.4,0.0,0.0,6.76,5.38,100,0
2026-01-27T02:00,4.4,2.5,0.0,0.0,7.45,4.63,76,0
2026-01-27T03:00,4.0,2.6,0.0,0.0,8.38,3.37,66,0
2026-01-27T04:00,3.4,2.4,0.0,0.0,7.9,3.04,15,1
2026-01-27T05:00,2.9,2.1,0.0,0.0,6.76,2.58,0,0
2026-01-27T06:00,2.5,2.1,0.0,0.0,5.89,4.66,0,0
2026-01-27T07:00,2.0,1.9,6.0,7.0,3.4,3.83,0,0
2026-01-27T08:00,2.1,1.3,84.0,87.0,3.38,1.58,0,5
2026-01-27T09:00,3.0,1.9,200.0,201.0,2.94,4.12,0,0
2026-01-27T10:00,4.0,3.0,294.0,292.0,2.74,4.86,0,0
2026-01-27T11:00,4.5,3.8,347.0,346.0,2.41,2.97,0,1
2026-01-27T12:00,3.9,5.5,350.0,346.0,2.77,2.1,43,13
2026-01-27T13:00,2.6,5.6,229.0,303.0,2.32,3.08,94,10
2026-01-27T14:00,1.7,4.5,99.0,216.0,2.31,3.56,100,20
2026-01-27T15:00,1.2,2.7,37.0,97.0,2.85,3.61,100,80
2026-01-27T16:00,0.6,1.2,5.0,9.0,3.05,3.23,100,100
2026-01-27T17:00,0.5,0.5,0.0,0.0,2.92,3.05,100,100
2026-01-27T18:00,0.4,0.8,0.0,0.0,2.5,3.02,100,100
2026-01-27T19:00,0.5,0.8,0.0,0.0,2.07,2.39,100,100
2026-01-27T20:00,0.6,0.7,0.0,0.0,1.86,1.5,100,100
2026-01-27T21:00,0.5,0.6,0.0,0.0,1.19,2.07,100,100
2026-01-27T22:00,0.4,0.7,0.0,0.0,1.66,1.98,100,100
2026-01-27T23:00,0.4,0.7,0.0,0.0,1.71,2.02,100,100
2026-01-28T00:00,0.3,0.6,0.0,0.0,1.1,1.69,100,100
2026-01-28T01:00,0.5,0.6,0.0,0.0,1.75,2.17,100,100
2026-01-28T02:00,0.6,0.6,0.0,0.0,2.29,2.5,100,100
2026-01-28T03:00,0.8,0.7,0.0,0.0,2.18,2.55,100,100
2026-01-28T04:00,0.9,0.6,0.0,0.0,1.81,2.26,100,100
2026-01-28T05:00,0.9,0.6,0.0,0.0,2.15,1.93,100,100
2026-01-28T06:00,0.9,0.6,0.0,0.0,2.37,2.22,100,100
2026-01-28T07:00,0.9,0.7,2.0,2.0,1.94,1.98,100,100
2026-01-28T08:00,1.1,0.9,17.0,19.0,2.18,1.62,100,100
2026-01-28T09:00,1.2,1.4,39.0,47.0,1.82,2.21,100,100
2026-01-28T10:00,1.5,1.8,51.0,71.0,1.74,1.89,100,100
2026-01-28T11:00,1.8,2.3,74.0,81.0,2.05,1.57,100,100
2026-01-28T12:00,2.1,1.8,89.0,76.0,3.9,2.11,100,100
2026-01-28T13:00,2.0,2.1,90.0,70.0,3.58,2.11,100,100
2026-01-28T14:00,1.9,2.2,55.0,51.0,3.37,1.18,100,100
2026-01-28T15:00,1.8,2.2,29.0,20.0,3.59,1.08,100,100
2026-01-28T16:00,1.5,2.1,5.0,3.0,3.4,2.16,100,100
2026-01-28T17:00,1.4,2.0,0.0,0.0,2.84,2.58,100,100
2026-01-28T18:00,1.7,1.7,0.0,0.0,1.67,4.3,100,100
2026-01-28T19:00,1.7,1.7,0.0,0.0,1.71,4.37,100,100
2026-01-28T20:00,1.6,1.7,0.0,0.0,2.14,3.7,100,100
2026-01-28T21:00,2.0,1.6,0.0,0.0,4.35,3.89,100,100
2026-01-28T22:00,2.0,1.5,0.0,0.0,4.13,4.57,100,100
2026-01-28T23:00,2.2,1.2,0.0,0.0,3.92,4.78,100,100
2026-01-29T00:00,2.3,1.1,0.0,0.0,2.95,3.52,100,100
2026-01-29T01:00,2.4,1.2,0.0,0.0,2.59,3.82,100,100
2026-01-29T02:00,2.5,1.1,0.0,0.0,2.33,4.08,100,100
2026-01-29T03:00,2.8,1.0,0.0,0.0,2.0,4.21,100,100
2026-01-29T04:00,2.9,0.7,0.0,0.0,2.35,4.65,100,100
2026-01-29T05:00,3.0,0.7,0.0,0.0,2.83,4.87,100,100
2026-01-29T06:00,2.9,0.7,0.0,0.0,2.91,2.92,100,100
2026-01-29T07:00,2.1,0.3,1.0,2.0,2.94,3.06,100,100
2026-01-29T08:00,1.4,0.3,13.0,14.0,4.08,3.44,100,100
2026-01-29T09:00,2.2,0.4,42.0,32.0,2.59,3.73,100,100
2026-01-29T10:00,2.2,0.6,52.0,57.0,2.16,4.12,100,99
2026-01-29T11:00,2.8,0.9,82.0,98.0,2.43,4.43,100,98
2026-01-29T12:00,3.4,2.8,100.0,98.0,3.33,2.8,100,100
2026-01-29T13:00,3.6,2.9,95.0,92.0,3.08,2.92,100,99
2026-01-29T14:00,3.7,2.7,105.0,65.0,2.88,3.23,99,100
2026-01-29T15:00,2.9,2.4,42.0,36.0,2.64,3.35,100,99
2026-01-29T16:00,2.7,1.9,7.0,7.0,2.89,3.67,100,100
2026-01-29T17:00,2.7,1.6,0.0,0.0,3.12,3.82,100,100
2026-01-29T18:00,2.5,1.1,0.0,0.0,3.67,4.51,100,100
2026-01-29T19:00,2.3,0.9,0.0,0.0,3.82,4.57,98,99
2026-01-29T20:00,2.1,0.9,0.0,0.0,4.02,4.68,98,96
2026-01-29T21:00,2.0,0.9,0.0,0.0,4.09,4.65,94,95
2026-01-29T22:00,1.8,0.8,0.0,0.0,4.35,4.67,90,94
2026-01-29T23:00,1.6,0.7,0.0,0.0,3.11,4.67,96,93
2026-01-30T00:00,1.6,0.6,0.0,0.0,2.24,5.71,100,98
2026-01-30T01:00,1.5,0.5,0.0,0.0,2.02,5.26,100,94
2026-01-30T02:00,1.3,0.5,0.0,0.0,1.98,5.14,95,93
2026-01-30T03:00,1.2,0.5,0.0,0.0,2.24,4.76,96,95
2026-01-30T04:00,1.0,0.5,0.0,0.0,2.45,4.76,100,94
2026-01-30T05:00,1.1,0.4,0.0,0.0,3.02,4.78,100,94
2026-01-30T06:00,0.7,0.6,0.0,0.0,2.71,3.07,98,100
2026-01-30T07:00,0.8,0.4,6.0,5.0,2.45,3.23,97,93
2026-01-30T08:00,1.2,0.6,61.0,51.0,1.8,3.07,98,90
2026-01-30T09:00,1.8,1.4,114.0,128.0,1.58,2.98,100,94
2026-01-30T10:00,2.2,1.9,163.0,186.0,1.4,2.6,100,95
2026-01-30T11:00,2.7,2.3,198.0,226.0,1.68,2.64,97,90
2026-01-30T12:00,3.4,2.8,241.0,221.0,1.69,2.42,100,95
2026-01-30T13:00,3.5,3.1,182.0,187.0,1.77,2.82,100,98
2026-01-30T14:00,3.3,2.8,130.0,134.0,1.95,2.76,100,100
2026-01-30T15:00,3.1,2.4,58.0,67.0,1.98,2.91,100,100
2026-01-30T16:00,2.8,1.8,10.0,11.0,2.27,3.17,100,100
2026-01-30T17:00,2.2,1.3,0.0,0.0,2.97,3.64,100,100
2026-01-30T18:00,1.7,0.9,0.0,0.0,3.27,2.1,100,100
2026-01-30T19:00,1.6,0.7,0.0,0.0,3.15,2.31,100,100
2026-01-30T20:00,1.5,0.6,0.0,0.0,3.4,2.2,100,100
2026-01-30T21:00,1.4,0.5,0.0,0.0,2.98,2.2,100,100
2026-01-30T22:00,1.3,0.5,0.0,0.0,2.61,2.2,93,96
2026-01-30T23:00,1.1,0.6,0.0,0.0,1.98,1.9,89,94
2026-01-31T00:00,1.1,0.5,0.0,0.0,2.37,2.72,93,93
2026-01-31T01:00,1.1,0.5,0.0,0.0,2.37,2.26,96,100
2026-01-31T02:00,1.1,0.4,0.0,0.0,2.24,2.43,100,100
2026-01-31T03:00,1.3,0.4,0.0,0.0,1.95,2.16,99,98
2026-01-31T04:00,1.3,0.4,0.0,0.0,1.93,1.86,100,98
2026-01-31T05:00,1.3,0.3,0.0,0.0,1.85,1.67,100,99
2026-01-31T06:00,1.2,0.0,0.0,0.0,1.47,0.98,100,97
2026-01-31T07:00,1.2,0.1,4.0,5.0,1.68,1.06,100,100
2026-01-31T08:00,1.2,0.3,35.0,46.0,1.57,1.06,98,99
2026-01-31T09:00,1.6,1.0,102.0,102.0,1.57,1.61,98,98
2026-01-31T10:00,1.9,1.6,124.0,149.0,1.74,1.82,100,100
2026-01-31T11:00,2.1,2.0,118.0,161.0,1.62,1.84,100,99
2026-01-31T12:00,2.4,1.6,147.0,155.0,1.81,1.71,100,100
2026-01-31T13:00,2.6,1.6,106.0,123.0,2.08,1.85,100,100
2026-01-31T14:00,2.6,1.6,80.0,94.0,2.07,1.96,100,100
2026-01-31T15:00,2.4,1.4,42.0,40.0,1.8,2.04,100,100
2026-01-31T16:00,2.4,1.0,7.0,6.0,2.24,2.15,100,100
2026-01-31T17:00,1.9,0.7,0.0,0.0,2.56,2.15,100,100
2026-01-31T18:00,1.4,0.6,0.0,0.0,2.88,2.65,100,100
2026-01-31T19:00,1.2,0.5,0.0,0.0,2.79,2.79,100,98
2026-01-31T20:00,1.0,0.4,0.0,0.0,2.79,2.92,100,99
2026-01-31T21:00,0.8,0.4,0.0,0.0,2.24,3.0,100,99
2026-01-31T22:00,0.7,0.3,0.0,0.0,2.46,3.08,100,100
2026-01-31T23:00,0.5,0.3,0.0,0.0,2.55,3.21,100,100
2026-02-01T00:00,-0.0,0.0,0.0,0.0,2.97,2.65,100,100
2026-02-01T01:00,-0.3,-0.1,0.0,0.0,3.06,2.66,100,100
2026-02-01T02:00,-0.5,-0.3,0.0,0.0,3.05,2.77,100,100
2026-02-01T03:00,-0.3,-0.4,0.0,0.0,2.55,2.47,100,100
2026-02-01T04:00,-0.4,-0.5,0.0,0.0,2.42,2.26,100,100
2026-02-01T05:00,-0.5,-0.6,0.0,0.0,2.27,2.35,100,100
2026-02-01T06:00,-1.0,-0.5,0.0,0.0,2.47,2.19,100,100
2026-02-01T07:00,-1.1,-0.5,4.0,2.0,2.48,2.23,100,100
2026-02-01T08:00,-1.1,-0.5,39.0,23.0,2.56,2.02,95,100
2026-02-01T09:00,-1.4,-0.3,92.0,65.0,2.35,1.63,98,97
2026-02-01T10:00,-1.1,0.1,132.0,101.0,2.26,1.23,99,98
2026-02-01T11:00,-0.8,0.3,154.0,98.0,2.48,1.55,97,99
2026-02-01T12:00,-0.4,0.1,208.0,132.0,2.59,1.82,96,99
2026-02-01T13:00,-0.1,0.2,190.0,120.0,2.85,1.81,96,96
2026-02-01T14:00,-0.1,0.3,135.0,106.0,2.95,1.67,90,95
2026-02-01T15:00,-1.0,0.1,55.0,49.0,2.81,1.59,93,97
2026-02-01T16:00,-1.2,-0.1,14.0,9.0,2.79,1.46,91,100
2026-02-01T17:00,-1.3,-0.3,0.0,0.0,2.38,1.39,84,100
2026-02-01T18:00,-1.4,-0.2,0.0,0.0,1.89,1.62,80,100
2026-02-01T19:00,-1.5,-0.2,0.0,0.0,1.58,1.24,92,99
2026-02-01T20:00,-1.6,-0.3,0.0,0.0,1.18,1.55,96,96
2026-02-01T21:00,-1.7,-0.3,0.0,0.0,1.63,1.9,96,100
2026-02-01T22:00,-1.8,-0.4,0.0,0.0,2.12,2.16,95,100
2026-02-01T23:00,-2.0,-0.4,0.0,0.0,2.22,2.06,95,99
2026-02-02T00:00,-1.9,-1.2,0.0,0.0,2.36,1.9,98,93
2026-02-02T01:00,-2.1,-1.2,0.0,0.0,2.49,2.02,100,91
2026-02-02T02:00,-2.2,-1.3,0.0,0.0,2.01,1.85,100,97
2026-02-02T03:00,-2.2,-1.2,0.0,0.0,1.33,1.88,100,100
2026-02-02T04:00,-2.3,-1.2,0.0,0.0,1.28,2.06,71,99
2026-02-02T05:00,-2.4,-1.3,0.0,0.0,1.45,2.31,98,99
2026-02-02T06:00,-2.1,-2.2,0.0,0.0,2.0,1.21,100,97
2026-02-02T07:00,-2.1,-2.1,6.0,5.0,2.19,1.81,89,98
2026-02-02T08:00,-2.1,-1.9,50.0,37.0,2.26,1.67,100,97
2026-02-02T09:00,-2.0,-1.6,105.0,85.0,1.58,1.77,100,97
2026-02-02T10:00,-1.1,-0.9,189.0,140.0,2.27,2.26,96,94
2026-02-02T11:00,-0.1,-0.0,208.0,173.0,2.64,3.14,98,97
2026-02-02T12:00,1.4,1.6,164.0,261.0,5.9,4.48,100,85
2026-02-02T13:00,1.7,2.0,102.0,234.0,6.45,5.52,100,83
2026-02-02T14:00,1.6,1.8,77.0,143.0,7.33,6.84,100,94
2026-02-02T15:00,1.7,1.5,43.0,57.0,8.25,8.0,93,100
2026-02-02T16:00,1.6,1.2,12.0,8.0,9.01,8.62,92,100
2026-02-02T17:00,1.6,1.0,0.0,0.0,9.84,9.39,79,99
2026-02-02T18:00,1.7,0.8,0.0,0.0,11.12,11.04,67,90
2026-02-02T19:00,1.5,0.8,0.0,0.0,11.2,11.65,85,66
2026-02-02T20:00,1.5,0.9,0.0,0.0,11.17,12.55,94,64
2026-02-02T21:00,1.2,0.9,0.0,0.0,10.54,12.9,76,69
2026-02-02T22:00,0.8,1.0,0.0,0.0,10.88,13.25,100,80
2026-02-02T23:00,0.6,1.0,0.0,0.0,10.62,13.66,92,89
2026-02-03T00:00,0.7,0.8,0.0,0.0,10.55,12.75,100,72
2026-02-03T01:00,0.7,0.7,0.0,0.0,10.18,13.23,100,90
2026-02-03T02:00,0.6,0.6,0.0,0.0,9.78,13.21,100,87
2026-02-03T03:00,0.2,0.5,0.0,0.0,10.02,13.68,100,98
2026-02-03T04:00,-0.1,0.4,0.0,0.0,10.29,13.38,100,100
2026-02-03T05:00,-0.4,0.2,0.0,0.0,10.11,13.51,100,100
2026-02-03T06:00,-0.7,-0.1,0.0,0.0,9.84,12.36,100,100
2026-02-03T07:00,-0.9,-0.3,3.0,3.0,9.95,12.07,100,100
2026-02-03T08:00,-0.9,-0.5,20.0,19.0,9.95,11.32,100,100
2026-02-03T09:00,-0.8,-0.5,51.0,37.0,9.39,10.62,100,100
2026-02-03T10:00,-0.7,-0.2,46.0,72.0,9.06,9.81,100,100
2026-02-03T11:00,-0.4,0.1,61.0,89.0,8.97,9.47,100,100
2026-02-03T12:00,-0.1,-0.4,69.0,75.0,8.51,8.84,100,100
2026-02-03T13:00,0.4,-0.2,67.0,63.0,8.86,8.83,100,100
2026-02-03T14:00,0.6,-0.0,56.0,55.0,9.18,8.92,100,100
2026-02-03T15:00,0.6,0.1,36.0,30.0,8.62,8.77,100,100
2026-02-03T16:00,0.5,0.1,8.0,5.0,8.39,8.85,100,100
2026-02-03T17:00,0.6,0.0,0.0,0.0,6.76,9.25,100,100
2026-02-03T18:00,0.6,0.1,0.0,0.0,6.14,10.0,100,100
2026-02-03T19:00,0.6,0.3,0.0,0.0,5.4,10.19,100,100
2026-02-03T20:00,0.6,0.3,0.0,0.0,3.42,8.57,100,100
2026-02-03T21:00,0.6,0.3,0.0,0.0,2.17,7.3,100,100
2026-02-03T22:00,0.5,0.2,0.0,0.0,2.36,6.51,100,100
2026-02-03T23:00,0.5,0.2,0.0,0.0,2.77,4.1,100,100
2026-02-04T00:00,0.4,0.1,0.0,0.0,2.36,2.31,100,100
2026-02-04T01:00,0.5,0.0,0.0,0.0,2.57,2.83,100,100
2026-02-04T02:00,0.5,-0.0,0.0,0.0,2.91,2.65,100,100
2026-02-04T03:00,0.6,-0.0,0.0,0.0,2.77,1.84,100,100
2026-02-04T04:00,0.6,-0.0,0.0,0.0,2.84,1.67,100,100
2026-02-04T05:00,0.6,-0.0,0.0,0.0,3.2,1.88,100,100
2026-02-04T06:00,0.4,0.1,0.0,0.0,3.13,3.57,100,100
2026-02-04T07:00,0.5,0.2,3.0,1.0,3.82,2.91,100,100
2026-02-04T08:00,0.7,0.3,20.0,9.0,4.08,4.03,100,100
2026-02-04T09:00,1.1,0.5,31.0,25.0,4.16,4.86,100,100
2026-02-04T10:00,1.4,0.8,47.0,35.0,4.35,5.31,100,100
2026-02-04T11:00,1.6,1.0,57.0,38.0,4.59,6.22,100,100
2026-02-04T12:00,1.6,1.4,49.0,46.0,4.98,7.69,100,100
2026-02-04T13:00,1.6,1.6,39.0,42.0,5.57,7.26,100,100
2026-02-04T14:00,1.7,1.8,24.0,28.0,5.41,7.93,100,100
2026-02-04T15:00,2.0,1.8,25.0,9.0,6.73,8.62,100,100
2026-02-04T16:00,2.1,1.9,4.0,2.0,6.56,8.66,100,100
2026-02-04T17:00,2.1,2.0,0.0,0.0,6.96,8.45,100,100
2026-02-04T18:00,2.5,1.5,0.0,0.0,6.32,7.0,100,100
2026-02-04T19:00,2.6,1.7,0.0,0.0,6.31,6.93,100,100
2026-02-04T20:00,2.6,1.8,0.0,0.0,6.2,6.47,100,100
2026-02-04T21:00,2.8,1.8,0.0,0.0,7.0,6.59,100,100
2026-02-04T22:00,2.8,2.0,0.0,0.0,7.07,7.18,100,100
2026-02-04T23:00,2.8,2.1,0.0,0.0,6.25,7.57,100,100
2026-02-05T00:00,3.1,2.4,0.0,0.0,7.45,7.23,100,100
2026-02-05T01:00,3.1,2.6,0.0,0.0,7.5,7.94,100,100
2026-02-05T02:00,3.1,2.7,0.0,0.0,6.42,7.43,100,100
2026-02-05T03:00,3.4,2.5,0.0,0.0,6.71,6.47,100,100
2026-02-05T04:00,3.3,2.3,0.0,0.0,6.44,7.98,100,98
2026-02-05T05:00,3.1,2.4,0.0,0.0,5.17,7.35,98,91
2026-02-05T06:00,2.8,2.0,0.0,0.0,4.92,5.34,96,97
2026-02-05T07:00,2.8,1.9,5.0,5.0,4.05,5.01,100,100
2026-02-05T08:00,3.0,2.2,36.0,38.0,4.24,4.3,100,100
2026-02-05T09:00,3.9,2.6,102.0,51.0,4.19,3.74,100,100
2026-02-05T10:00,4.5,3.0,139.0,57.0,4.19,3.41,100,100
2026-02-05T11:00,5.0,3.5,141.0,72.0,4.16,2.77,100,100
2026-02-05T12:00,5.5,5.4,123.0,183.0,3.69,2.71,100,97
2026-02-05T13:00,5.7,5.7,115.0,141.0,3.43,2.94,97,96
2026-02-05T14:00,5.8,5.8,65.0,106.0,3.32,2.08,97,97
2026-02-05T15:00,5.6,5.6,51.0,51.0,2.51,1.48,96,99
2026-02-05T16:00,5.5,5.1,11.0,10.0,2.28,1.97,100,100
2026-02-05T17:00,5.3,4.6,0.0,0.0,2.38,2.16,99,96
2026-02-05T18:00,5.0,4.2,0.0,0.0,3.32,4.63,100,98
2026-02-05T19:00,4.7,3.9,0.0,0.0,4.38,4.73,99,100
2026-02-05T20:00,4.5,3.7,0.0,0.0,4.57,4.72,100,100
2026-02-05T21:00,3.9,3.6,0.0,0.0,4.99,4.65,92,100
2026-02-05T22:00,3.6,3.5,0.0,0.0,4.99,4.56,85,100
2026-02-05T23:00,3.3,3.4,0.0,0.0,5.07,4.39,86,100
2026-02-06T00:00,3.2,3.6,0.0,0.0,6.27,4.59,97,100
2026-02-06T01:00,3.2,3.6,0.0,0.0,6.41,4.89,95,100
2026-02-06T02:00,3.1,3.6,0.0,0.0,6.7,5.39,100,100
2026-02-06T03:00,3.1,3.6,0.0,0.0,6.66,5.87,100,98
2026-02-06T04:00,3.2,3.6,0.0,0.0,5.96,6.77,100,99
2026-02-06T05:00,3.4,3.5,0.0,0.0,6.04,7.0,100,95
2026-02-06T06:00,3.7,2.1,0.0,0.0,5.38,6.18,100,100
2026-02-06T07:00,3.7,2.2,5.0,5.0,3.95,5.62,100,100
2026-02-06T08:00,3.9,2.5,34.0,32.0,2.5,4.93,100,100
2026-02-06T09:00,4.1,3.1,67.0,63.0,1.19,3.76,100,100
2026-02-06T10:00,4.5,3.8,109.0,82.0,0.29,2.61,100,100
2026-02-06T11:00,4.9,4.3,144.0,95.0,1.4,1.4,100,100
2026-02-06T12:00,5.4,4.6,160.0,126.0,2.42,0.62,100,97
2026-02-06T13:00,5.5,4.8,154.0,108.0,4.03,0.6,100,99
2026-02-06T14:00,5.8,4.9,104.0,92.0,4.4,1.31,100,100
2026-02-06T15:00,6.0,4.9,61.0,58.0,3.37,2.2,91,100
2026-02-06T16:00,5.6,4.4,20.0,18.0,5.33,2.08,78,100
2026-02-06T17:00,5.0,3.8,0.0,0.0,5.89,2.14,75,93
2026-02-06T18:00,4.8,3.6,0.0,0.0,5.58,7.02,100,67
2026-02-06T19:00,4.4,3.2,0.0,0.0,4.93,7.53,96,91
2026-02-06T20:00,4.1,3.1,0.0,0.0,5.22,6.54,100,100
2026-02-06T21:00,4.9,2.9,0.0,0.0,5.79,5.68,91,88
2026-02-06T22:00,4.8,2.4,0.0,0.0,5.75,5.11,53,38
2026-02-06T23:00,4.7,2.3,0.0,0.0,5.8,5.02,100,71
2026-02-07T00:00,4.9,2.9,0.0,0.0,4.83,5.3,100,100
2026-02-07T01:00,5.1,2.8,0.0,0.0,4.23,5.76,99,100
2026-02-07T02:00,5.1,2.6,0.0,0.0,4.65,6.12,100,100
2026-02-07T03:00,5.1,2.5,0.0,0.0,5.99,6.09,100,100
2026-02-07T04:00,5.4,2.4,0.0,0.0,6.63,5.71,98,100
2026-02-07T05:00,5.6,2.5,0.0,0.0,7.01,4.9,100,100
2026-02-07T06:00,5.4,2.7,0.0,0.0,6.63,4.65,100,100
2026-02-07T07:00,5.9,3.1,7.0,10.0,5.86,4.12,100,100
2026-02-07T08:00,6.3,3.7,34.0,57.0,6.04,3.31,100,100
2026-02-07T09:00,6.7,4.1,73.0,126.0,5.86,2.79,100,100
2026-02-07T10:00,7.9,5.1,164.0,172.0,4.44,1.84,100,100
2026-02-07T11:00,8.8,6.2,224.0,190.0,5.23,1.47,100,95
2026-02-07T12:00,9.3,8.1,212.0,184.0,4.96,4.69,97,100
2026-02-07T13:00,9.7,7.9,193.0,137.0,5.22,4.76,98,100
2026-02-07T14:00,9.6,7.8,129.0,105.0,4.9,4.19,100,100
2026-02-07T15:00,9.4,7.5,94.0,67.0,3.68,3.96,100,100
2026-02-07T16:00,8.9,6.9,24.0,19.0,3.37,4.29,100,99
2026-02-07T17:00,8.3,6.3,0.0,0.0,3.07,4.65,100,96
2026-02-07T18:00,7.2,6.3,0.0,0.0,3.92,4.92,100,97
2026-02-07T19:00,7.1,5.8,0.0,0.0,2.57,4.95,100,99
2026-02-07T20:00,6.9,5.5,0.0,0.0,1.71,4.95,100,100
2026-02-07T21:00,6.9,5.4,0.0,0.0,4.57,5.44,100,100
2026-02-07T22:00,7.0,5.5,0.0,0.0,4.26,5.48,99,100
2026-02-07T23:00,6.8,5.5,0.0,0.0,3.94,5.08,100,99
2026-02-08T00:00,6.9,5.2,0.0,0.0,2.5,5.31,96,85
2026-02-08T01:00,6.8,5.1,0.0,0.0,3.17,5.31,94,66
2026-02-08T02:00,6.6,4.7,0.0,0.0,2.5,5.33,94,69
2026-02-08T03:00,6.6,4.5,0.0,0.0,3.51,5.33,95,83
2026-02-08T04:00,6.5,4.7,0.0,0.0,3.46,5.33,96,94
2026-02-08T05:00,6.3,4.9,0.0,0.0,3.76,5.93,100,90
2026-02-08T06:00,6.3,4.7,0.0,0.0,3.38,4.37,100,96
2026-02-08T07:00,6.4,4.7,10.0,7.0,3.72,4.39,100,97
2026-02-08T08:00,6.6,5.2,54.0,34.0,2.67,4.43,100,100
2026-02-08T09:00,6.9,6.3,85.0,108.0,3.95,4.29,100,100
2026-02-08T10:00,7.2,7.0,114.0,153.0,3.47,3.69,100,100
2026-02-08T11:00,7.4,7.3,144.0,169.0,3.83,3.74,97,99
2026-02-08T12:00,7.9,8.0,193.0,224.0,3.86,4.13,91,90
2026-02-08T13:00,7.8,8.1,152.0,185.0,3.75,4.13,100,92
2026-02-08T14:00,7.6,8.0,90.0,153.0,3.05,3.64,100,89
2026-02-08T15:00,7.4,7.7,63.0,83.0,3.72,3.04,100,95
2026-02-08T16:00,6.9,7.0,13.0,22.0,3.37,2.97,93,92
2026-02-08T17:00,6.2,6.5,0.0,0.0,3.47,2.37,85,91
2026-02-08T18:00,6.0,6.3,0.0,0.0,3.2,3.04,87,98
2026-02-08T19:00,5.7,5.8,0.0,0.0,1.86,4.27,98,100
2026-02-08T20:00,5.7,5.1,0.0,0.0,1.92,4.25,100,99
2026-02-08T21:00,4.9,4.7,0.0,0.0,2.28,3.02,100,96
2026-02-08T22:00,4.5,4.2,0.0,0.0,1.71,3.85,100,89
2026-02-08T23:00,4.3,3.8,0.0,0.0,2.17,3.83,100,91
2026-02-09T00:00,4.2,3.0,0.0,0.0,2.77,3.66,98,96
2026-02-09T01:00,3.7,2.7,0.0,0.0,3.08,3.34,94,99
2026-02-09T02:00,3.3,2.4,0.0,0.0,4.33,3.05,98,89
2026-02-09T03:00,2.8,2.0,0.0,0.0,3.34,3.14,99,88
2026-02-09T04:00,2.5,1.8,0.0,0.0,2.02,3.45,100,99
2026-02-09T05:00,2.3,1.8,0.0,0.0,2.29,3.54,100,99
2026-02-09T06:00,2.2,1.9,0.0,0.0,2.64,3.09,96,97
2026-02-09T07:00,2.1,1.8,11.0,9.0,2.15,2.85,98,95
2026-02-09T08:00,2.1,2.0,56.0,46.0,1.97,2.16,98,98
2026-02-09T09:00,2.5,2.2,81.0,81.0,1.88,1.77,100,97
2026-02-09T10:00,2.8,2.5,125.0,111.0,2.1,1.86,94,92
2026-02-09T11:00,3.2,2.9,183.0,147.0,1.77,1.04,97,97
2026-02-09T12:00,3.9,3.9,167.0,214.0,2.55,2.51,98,87
2026-02-09T13:00,4.3,4.5,94.0,215.0,3.45,3.29,100,88
2026-02-09T14:00,5.0,5.1,66.0,128.0,4.4,4.59,100,95
2026-02-09T15:00,5.5,5.0,41.0,63.0,4.16,5.63,98,90
2026-02-09T16:00,5.8,4.6,11.0,17.0,6.05,6.31,93,98
2026-02-09T17:00,5.5,4.4,0.0,0.0,4.99,6.84,92,94
2026-02-09T18:00,5.2,4.1,0.0,0.0,5.02,6.59,100,90
2026-02-09T19:00,5.2,4.1,0.0,0.0,6.05,7.53,100,97
2026-02-09T20:00,5.2,4.1,0.0,0.0,6.96,7.58,95,94
2026-02-09T21:00,4.9,4.0,0.0,0.0,8.07,7.06,81,92
2026-02-09T22:00,4.5,3.8,0.0,0.0,8.11,7.49,90,88
2026-02-09T23:00,4.4,3.6,0.0,0.0,7.77,7.87,95,83
2026-02-10T00:00,4.6,3.3,0.0,0.0,8.4,7.16,86,79
2026-02-10T01:00,4.6,3.2,0.0,0.0,8.42,7.35,90,82
2026-02-10T02:00,4.5,3.1,0.0,0.0,7.78,6.39,100,82
2026-02-10T03:00,4.0,3.0,0.0,0.0,7.27,6.26,100,78
2026-02-10T04:00,4.0,2.8,0.0,0.0,7.15,6.02,100,83
2026-02-10T05:00,3.8,2.7,0.0,0.0,7.8,6.0,100,91
2026-02-10T06:00,3.8,3.0,0.0,0.0,8.21,7.99,100,100
2026-02-10T07:00,3.5,2.9,8.0,8.0,7.76,7.88,100,100
2026-02-10T08:00,3.4,3.1,45.0,38.0,7.59,7.92,100,100
2026-02-10T09:00,3.8,3.6,90.0,102.0,6.76,7.65,100,95
2026-02-10T10:00,4.4,4.2,152.0,176.0,6.88,7.67,100,88
2026-02-10T11:00,5.0,4.8,209.0,239.0,6.66,7.73,100,79
2026-02-10T12:00,5.3,5.1,226.0,189.0,7.21,7.53,100,100
2026-02-10T13:00,5.4,4.7,171.0,153.0,7.49,7.83,96,100
2026-02-10T14:00,5.5,4.2,109.0,108.0,7.56,8.18,92,100
2026-02-10T15:00,5.6,3.9,92.0,57.0,7.42,8.06,89,100
2026-02-10T16:00,5.2,3.5,22.0,16.0,7.14,8.13,95,100
2026-02-10T17:00,4.6,3.3,0.0,0.0,7.56,7.98,96,100
2026-02-10T18:00,4.2,2.8,0.0,0.0,6.58,8.39,93,100
2026-02-10T19:00,4.1,2.6,0.0,0.0,6.74,8.24,100,100
2026-02-10T20:00,4.0,2.4,0.0,0.0,6.4,7.76,100,100
2026-02-10T21:00,3.9,2.3,0.0,0.0,6.55,7.42,98,100
2026-02-10T22:00,3.8,2.3,0.0,0.0,6.63,6.93,100,100
2026-02-10T23:00,3.8,2.2,0.0,0.0,7.16,7.0,100,100
2026-02-11T00:00,3.8,2.0,0.0,0.0,7.15,7.5,100,100
2026-02-11T01:00,3.8,2.0,0.0,0.0,7.31,7.56,100,100
2026-02-11T02:00,3.9,2.1,0.0,0.0,7.02,8.32,100,100
2026-02-11T03:00,3.6,2.2,0.0,0.0,7.47,7.92,100,100
2026-02-11T04:00,3.7,2.3,0.0,0.0,7.34,7.69,100,100
2026-02-11T05:00,3.7,2.4,0.0,0.0,7.69,8.75,100,100
2026-02-11T06:00,4.4,2.9,0.0,0.0,6.35,7.64,100,100
2026-02-11T07:00,4.5,3.1,8.0,6.0,5.41,6.98,95,100
2026-02-11T08:00,4.7,3.4,45.0,29.0,3.4,5.68,98,100
2026-02-11T09:00,4.7,3.8,73.0,50.0,1.86,4.1,100,100
2026-02-11T10:00,5.4,4.4,153.0,94.0,0.84,2.19,100,100
2026-02-11T11:00,6.3,4.8,193.0,111.0,0.31,0.49,100,100
2026-02-11T12:00,6.7,6.3,154.0,156.0,0.83,0.92,100,99
2026-02-11T13:00,6.8,6.9,112.0,193.0,3.14,0.66,100,99
2026-02-11T14:00,7.1,7.2,110.0,144.0,4.02,1.08,100,100
2026-02-11T15:00,7.8,7.2,61.0,49.0,3.38,2.23,100,99
2026-02-11T16:00,8.2,7.0,13.0,14.0,4.21,3.23,100,99
2026-02-11T17:00,8.5,6.6,0.0,0.0,4.61,4.08,97,100
2026-02-11T18:00,8.3,6.2,0.0,0.0,5.31,4.19,100,100
2026-02-11T19:00,8.4,6.8,0.0,0.0,6.45,6.23,89,92
2026-02-11T20:00,10.4,8.4,0.0,0.0,9.91,9.6,100,96
2026-02-11T21:00,10.6,9.5,0.0,0.0,12.66,11.46,100,100
2026-02-11T22:00,10.4,9.7,0.0,0.0,12.15,12.74,100,100
2026-02-11T23:00,10.5,9.6,0.0,0.0,10.42,12.15,100,100
2026-02-12T00:00,10.3,10.1,0.0,0.0,9.08,10.1,100,100
2026-02-12T01:00,9.8,10.0,0.0,0.0,6.05,9.15,100,100
2026-02-12T02:00,9.2,9.4,0.0,0.0,5.55,6.44,100,97
2026-02-12T03:00,8.6,7.8,0.0,0.0,4.92,4.03,91,100
2026-02-12T04:00,7.6,6.8,0.0,0.0,5.13,4.71,79,72
2026-02-12T05:00,7.2,6.2,0.0,0.0,7.28,3.92,68,100
2026-02-12T06:00,5.7,4.9,0.0,0.0,3.07,4.43,100,50
2026-02-12T07:00,4.5,4.5,25.0,23.0,2.31,4.65,20,60
2026-02-12T08:00,4.7,5.0,124.0,85.0,2.42,3.05,100,100
2026-02-12T09:00,4.9,5.9,229.0,110.0,1.27,3.86,100,98
2026-02-12T10:00,5.4,7.1,185.0,187.0,2.05,4.08,100,100
2026-02-12T11:00,6.1,8.0,145.0,213.0,1.89,3.66,100,100
2026-02-12T12:00,7.2,7.1,139.0,204.0,1.88,0.79,100,100
2026-02-12T13:00,7.8,7.9,143.0,247.0,2.75,0.75,100,100
2026-02-12T14:00,8.4,8.3,120.0,153.0,1.61,1.02,100,100
2026-02-12T15:00,9.4,8.3,105.0,67.0,0.89,0.71,100,100
2026-02-12T16:00,9.5,8.0,31.0,26.0,0.66,0.79,100,100
2026-02-12T17:00,9.1,7.5,0.0,0.0,1.38,1.18,100,73
2026-02-12T18:00,8.6,7.2,0.0,0.0,2.26,1.4,100,100
2026-02-12T19:00,8.6,6.8,0.0,0.0,5.83,1.63,100,93
2026-02-12T20:00,9.3,6.5,0.0,0.0,13.72,3.16,100,92
2026-02-12T21:00,9.5,6.9,0.0,0.0,14.44,4.98,72,74
2026-02-12T22:00,9.2,8.3,0.0,0.0,14.53,13.29,100,89
2026-02-12T23:00,8.9,8.1,0.0,0.0,14.16,13.04,100,85
2026-02-13T00:00,8.5,8.1,0.0,0.0,12.45,15.96,100,100
2026-02-13T01:00,8.3,8.0,0.0,0.0,12.21,15.22,100,100
2026-02-13T02:00,8.1,7.9,0.0,0.0,11.85,12.67,16,96
2026-02-13T03:00,8.2,7.7,0.0,0.0,12.16,12.26,69,96
2026-02-13T04:00,7.9,7.6,0.0,0.0,12.17,12.82,19,100
2026-02-13T05:00,7.8,7.7,0.0,0.0,13.66,13.85,13,100
2026-02-13T06:00,7.8,7.2,0.0,0.0,14.13,12.51,11,70
2026-02-13T07:00,7.9,7.4,29.0,24.0,13.62,13.36,10,89
2026-02-13T08:00,8.4,8.1,147.0,107.0,13.22,12.63,44,84
2026-02-13T09:00,8.8,8.7,256.0,142.0,12.4,12.89,70,100
2026-02-13T10:00,9.5,8.9,355.0,129.0,11.5,11.96,26,100
2026-02-13T11:00,10.2,9.5,429.0,196.0,11.13,10.45,69,100
2026-02-13T12:00,11.1,11.2,454.0,429.0,9.31,9.51,0,87
2026-02-13T13:00,11.6,11.3,402.0,368.0,8.75,9.26,10,20
2026-02-13T14:00,11.6,11.0,304.0,288.0,7.63,9.05,100,98
2026-02-13T15:00,11.5,10.2,190.0,118.0,7.15,7.55,0,100
2026-02-13T16:00,10.9,9.5,60.0,42.0,5.3,7.08,100,79
2026-02-13T17:00,10.0,8.4,0.0,0.0,3.33,5.78,100,100
2026-02-13T18:00,9.0,7.8,0.0,0.0,5.41,6.3,7,100
2026-02-13T19:00,8.4,7.1,0.0,0.0,5.01,5.9,0,0
2026-02-13T20:00,7.8,6.3,0.0,0.0,4.05,4.92,0,0
2026-02-13T21:00,7.0,5.7,0.0,0.0,2.8,4.56,8,1
2026-02-13T22:00,6.3,5.1,0.0,0.0,1.77,3.76,0,3
2026-02-13T23:00,5.7,4.1,0.0,0.0,1.97,2.07,9,22
2026-02-14T00:00,5.6,4.4,0.0,0.0,1.69,2.84,100,0
2026-02-14T01:00,5.2,3.8,0.0,0.0,1.53,3.59,100,37
2026-02-14T02:00,4.7,3.8,0.0,0.0,2.36,4.08,100,86
2026-02-14T03:00,4.7,3.7,0.0,0.0,3.66,4.5,100,77
2026-02-14T04:00,4.8,3.4,0.0,0.0,4.52,4.64,100,100
2026-02-14T05:00,4.8,3.3,0.0,0.0,4.35,4.52,100,100
2026-02-14T06:00,5.3,3.2,0.0,0.0,3.73,5.02,100,100
2026-02-14T07:00,5.3,3.3,11.0,17.0,3.43,5.35,100,100
2026-02-14T08:00,5.4,3.9,44.0,81.0,2.77,5.06,100,100
2026-02-14T09:00,5.8,4.9,65.0,123.0,2.19,4.41,100,100
2026-02-14T10:00,6.4,6.0,99.0,152.0,2.3,2.95,100,100
2026-02-14T11:00,7.1,6.9,126.0,177.0,2.29,3.15,100,100
2026-02-14T12:00,7.4,7.9,133.0,231.0,1.32,1.85,100,100
2026-02-14T13:00,7.8,8.9,117.0,182.0,2.06,0.2,100,97
2026-02-14T14:00,8.1,9.0,97.0,142.0,2.71,2.34,100,98
2026-02-14T15:00,7.8,9.0,74.0,100.0,4.44,2.79,100,100
2026-02-14T16:00,7.1,8.4,29.0,32.0,5.07,4.33,100,100
2026-02-14T17:00,6.1,7.5,0.0,0.0,5.35,5.61,100,100
2026-02-14T18:00,5.4,6.3,0.0,0.0,6.98,6.15,100,99
2026-02-14T19:00,4.5,6.3,0.0,0.0,7.66,7.73,100,86
2026-02-14T20:00,3.3,6.4,0.0,0.0,7.88,7.5,100,100
2026-02-14T21:00,2.2,6.3,0.0,0.0,7.41,7.72,100,99
2026-02-14T22:00,1.8,6.2,0.0,0.0,8.41,7.7,100,100
2026-02-14T23:00,1.6,5.9,0.0,0.0,8.74,7.49,100,100
2026-02-15T00:00,1.5,4.7,0.0,0.0,9.21,9.21,100,100
2026-02-15T01:00,1.4,4.1,0.0,0.0,9.61,9.41,100,100
2026-02-15T02:00,1.5,3.2,0.0,0.0,8.6,9.14,100,100
2026-02-15T03:00,0.9,2.8,0.0,0.0,10.41,9.7,100,100
2026-02-15T04:00,0.5,2.3,0.0,0.0,10.45,10.68,100,100
2026-02-15T05:00,0.6,2.0,0.0,0.0,10.25,11.48,100,100
2026-02-15T06:00,0.5,0.9,0.0,0.0,11.04,12.38,100,100
2026-02-15T07:00,0.3,0.9,28.0,16.0,11.97,12.16,100,100
2026-02-15T08:00,0.7,1.0,111.0,62.0,11.25,12.89,94,100
2026-02-15T09:00,0.8,1.0,133.0,132.0,10.82,13.17,100,100
2026-02-15T10:00,1.1,1.6,252.0,238.0,10.5,12.27,44,86
2026-02-15T11:00,1.6,2.0,372.0,259.0,10.85,12.21,67,86
2026-02-15T12:00,1.7,2.0,301.0,335.0,9.54,11.77,45,80
2026-02-15T13:00,2.2,1.8,323.0,300.0,9.81,11.23,100,79
2026-02-15T14:00,1.7,1.5,184.0,193.0,9.58,11.49,72,78
2026-02-15T15:00,1.3,0.8,174.0,138.0,10.39,11.08,72,60
2026-02-15T16:00,0.7,0.2,49.0,53.0,9.51,10.3,67,53
2026-02-15T17:00,0.1,-0.2,1.0,1.0,8.08,10.14,28,23
2026-02-15T18:00,-0.3,-0.5,0.0,0.0,6.2,9.76,60,0
2026-02-15T19:00,-0.5,-0.7,0.0,0.0,5.04,8.05,8,5
2026-02-15T20:00,-0.9,-1.1,0.0,0.0,5.04,4.34,0,34
2026-02-15T21:00,-1.1,-1.3,0.0,0.0,4.13,1.18,0,79
2026-02-15T22:00,-1.3,-1.4,0.0,0.0,2.9,0.71,0,61
2026-02-15T23:00,-2.0,-1.6,0.0,0.0,2.99,2.39,12,100
2026-02-16T00:00,-3.1,-2.6,0.0,0.0,2.85,2.76,4,18
2026-02-16T01:00,-3.4,-3.6,0.0,0.0,3.23,3.38,0,67
2026-02-16T02:00,-3.6,-4.1,0.0,0.0,2.68,3.92,69,100
2026-02-16T03:00,-3.9,-4.1,0.0,0.0,2.64,3.4,100,100
2026-02-16T04:00,-3.9,-3.8,0.0,0.0,2.77,3.61,100,100
2026-02-16T05:00,-3.9,-3.5,0.0,0.0,3.01,3.61,100,100
2026-02-16T06:00,-2.1,-2.6,0.0,0.0,6.62,5.13,100,100
2026-02-16T07:00,-1.9,-2.3,12.0,23.0,6.92,5.6,100,85
2026-02-16T08:00,-1.7,-2.1,61.0,60.0,6.76,4.59,90,94
2026-02-16T09:00,-1.2,-2.2,93.0,72.0,5.61,3.55,100,100
2026-02-16T10:00,-0.5,-1.7,124.0,101.0,5.68,4.57,100,97
2026-02-16T11:00,0.2,-0.6,117.0,215.0,4.77,3.15,100,100
2026-02-16T12:00,0.0,-0.6,181.0,163.0,3.61,4.84,100,100
2026-02-16T13:00,0.5,0.2,199.0,197.0,3.97,4.3,100,96
2026-02-16T14:00,1.1,0.9,174.0,212.0,4.57,3.42,100,100
2026-02-16T15:00,1.8,1.2,110.0,133.0,5.13,4.66,100,100
2026-02-16T16:00,1.8,0.8,43.0,35.0,6.0,4.62,100,100
2026-02-16T17:00,1.3,0.7,1.0,1.0,6.97,4.5,100,100
2026-02-16T18:00,1.5,0.5,0.0,0.0,6.48,4.31,100,100
2026-02-16T19:00,1.3,0.2,0.0,0.0,5.19,4.09,89,100
2026-02-16T20:00,1.2,0.0,0.0,0.0,3.34,3.6,100,100
2026-02-16T21:00,1.1,-0.5,0.0,0.0,2.86,1.98,100,98
2026-02-16T22:00,0.9,-0.5,0.0,0.0,3.59,1.83,100,100
2026-02-16T23:00,1.0,-0.5,0.0,0.0,3.55,2.83,99,100
2026-02-17T00:00,0.9,0.0,0.0,0.0,6.2,3.24,100,100
2026-02-17T01:00,3.3,0.9,0.0,0.0,10.7,5.41,100,100
2026-02-17T02:00,3.0,2.1,0.0,0.0,10.7,8.15,100,100
2026-02-17T03:00,2.5,2.1,0.0,0.0,10.07,6.82,100,100
2026-02-17T04:00,2.4,2.4,0.0,0.0,10.0,8.11,100,100
2026-02-17T05:00,2.3,2.6,0.0,0.0,10.41,10.02,100,100
2026-02-17T06:00,2.6,2.7,0.0,0.0,9.31,9.74,100,33
2026-02-17T07:00,2.6,2.7,38.0,40.0,8.57,8.9,100,4
2026-02-17T08:00,3.4,3.8,144.0,163.0,8.53,7.81,100,24
2026-02-17T09:00,4.2,5.2,237.0,291.0,9.52,6.59,99,30
2026-02-17T10:00,4.6,6.3,267.0,360.0,9.67,7.04,100,83
2026-02-17T11:00,5.0,6.8,279.0,361.0,9.53,6.72,100,64
2026-02-17T12:00,6.1,7.0,311.0,363.0,9.2,9.51,95,77
2026-02-17T13:00,6.0,6.6,244.0,303.0,8.55,9.88,83,73
2026-02-17T14:00,5.7,6.1,221.0,261.0,6.82,8.52,87,51
2026-02-17T15:00,5.6,6.0,112.0,179.0,6.44,7.23,80,32
2026-02-17T16:00,5.1,5.6,60.0,69.0,5.65,6.62,4,0
2026-02-17T17:00,4.2,4.6,1.0,1.0,4.87,4.93,16,37
2026-02-17T18:00,3.8,3.7,0.0,0.0,7.8,4.22,46,41
2026-02-17T19:00,3.3,3.0,0.0,0.0,8.08,5.67,22,31
2026-02-17T20:00,2.9,2.6,0.0,0.0,8.28,4.7,19,61
2026-02-17T21:00,2.7,2.3,0.0,0.0,9.93,5.5,80,59
2026-02-17T22:00,2.9,2.2,0.0,0.0,9.71,6.97,95,100
2026-02-17T23:00,3.2,2.5,0.0,0.0,11.08,8.14,96,93
2026-02-18T00:00,3.2,3.3,0.0,0.0,11.74,11.46,92,33
2026-02-18T01:00,2.9,3.1,0.0,0.0,11.5,11.51,55,0
2026-02-18T02:00,2.8,3.1,0.0,0.0,11.76,13.07,70,63
2026-02-18T03:00,2.6,3.2,0.0,0.0,10.23,15.09,39,91
2026-02-18T04:00,2.3,2.8,0.0,0.0,9.89,14.72,6,70
2026-02-18T05:00,1.9,2.6,0.0,0.0,9.21,13.58,0,9
2026-02-18T06:00,1.9,1.8,0.0,0.0,9.51,13.08,9,0
2026-02-18T07:00,2.1,1.8,43.0,44.0,9.21,12.68,0,0
2026-02-18T08:00,2.9,2.6,173.0,176.0,9.38,11.15,5,9
2026-02-18T09:00,4.2,3.6,311.0,310.0,9.36,10.13,0,16
2026-02-18T10:00,5.0,4.7,401.0,395.0,10.05,9.81,28,91
2026-02-18T11:00,5.7,5.4,384.0,342.0,10.35,9.33,100,100
2026-02-18T12:00,6.2,6.1,372.0,439.0,10.46,10.26,91,70
2026-02-18T13:00,6.6,6.4,323.0,372.0,9.01,9.82,100,41
2026-02-18T14:00,6.3,6.4,229.0,334.0,9.02,9.2,89,64
2026-02-18T15:00,6.0,6.0,153.0,207.0,7.13,7.56,5,42
2026-02-18T16:00,5.4,5.2,71.0,76.0,5.69,6.67,0,0
2026-02-18T17:00,4.5,3.9,2.0,2.0,3.72,6.85,8,21
2026-02-18T18:00,4.0,2.9,0.0,0.0,1.95,3.64,70,0
2026-02-18T19:00,3.0,1.9,0.0,0.0,2.65,3.67,62,0
2026-02-18T20:00,2.4,1.4,0.0,0.0,0.92,3.09,0,0
2026-02-18T21:00,1.7,1.4,0.0,0.0,1.33,1.48,0,24
2026-02-18T22:00,1.2,1.2,0.0,0.0,0.71,2.15,0,82
2026-02-18T23:00,0.6,1.3,0.0,0.0,2.5,2.53,1,56
2026-02-19T00:00,0.4,0.8,0.0,0.0,2.71,4.43,90,100
2026-02-19T01:00,0.3,0.5,0.0,0.0,2.07,6.07,86,100
2026-02-19T02:00,0.2,0.3,0.0,0.0,2.59,6.54,100,100
2026-02-19T03:00,0.2,0.2,0.0,0.0,4.13,6.7,100,100
2026-02-19T04:00,0.2,0.1,0.0,0.0,4.05,6.88,100,100
2026-02-19T05:00,0.3,0.1,0.0,0.0,4.06,7.2,100,100
2026-02-19T06:00,-0.0,0.0,0.0,0.0,3.73,7.34,100,100
2026-02-19T07:00,0.1,0.1,20.0,13.0,3.57,6.15,100,100
2026-02-19T08:00,0.5,0.0,70.0,40.0,3.28,3.95,100,98
2026-02-19T09:00,1.1,0.5,127.0,110.0,5.09,3.56,100,95
2026-02-19T10:00,0.6,1.3,111.0,198.0,4.83,3.9,100,91
2026-02-19T11:00,0.7,2.4,100.0,274.0,4.69,2.95,100,90
2026-02-19T12:00,1.2,1.4,91.0,122.0,5.42,4.23,100,100
2026-02-19T13:00,1.4,1.9,80.0,118.0,5.46,4.21,100,100
2026-02-19T14:00,1.5,2.0,62.0,87.0,5.24,4.82,100,100
2026-02-19T15:00,1.7,1.8,44.0,39.0,5.53,5.2,100,100
2026-02-19T16:00,1.2,1.6,15.0,11.0,5.35,4.88,100,100
2026-02-19T17:00,0.8,0.5,1.0,0.0,5.03,5.05,100,100
2026-02-19T18:00,0.2,0.8,0.0,0.0,4.32,6.27,100,100
2026-02-19T19:00,0.2,0.3,0.0,0.0,5.22,6.22,100,100
2026-02-19T20:00,0.2,0.3,0.0,0.0,5.62,6.44,100,100
2026-02-19T21:00,0.2,0.2,0.0,0.0,6.71,5.71,100,100
2026-02-19T22:00,0.1,0.3,0.0,0.0,7.11,6.64,100,100
2026-02-19T23:00,-0.0,0.4,0.0,0.0,7.84,6.05,100,100
2026-02-20T00:00,-0.2,0.4,0.0,0.0,7.02,6.85,100,100
2026-02-20T01:00,-0.5,0.1,0.0,0.0,7.45,6.97,100,100
2026-02-20T02:00,-0.8,-0.4,0.0,0.0,7.55,9.37,100,100
2026-02-20T03:00,-1.1,-1.1,0.0,0.0,8.72,9.16,100,100
2026-02-20T04:00,-1.4,-1.4,0.0,0.0,7.69,9.46,100,100
2026-02-20T05:00,-1.7,-1.5,0.0,0.0,8.34,9.58,100,100
2026-02-20T06:00,-2.1,-1.3,0.0,0.0,8.53,8.3,100,100
2026-02-20T07:00,-2.0,-1.5,13.0,9.0,9.48,10.01,100,100
2026-02-20T08:00,-1.9,-1.6,47.0,40.0,11.03,10.74,100,100
2026-02-20T09:00,-1.0,-1.6,131.0,52.0,9.63,10.35,100,100
2026-02-20T10:00,-0.6,-1.5,167.0,96.0,10.01,10.75,100,100
2026-02-20T11:00,-0.0,-0.0,192.0,157.0,10.24,10.91,100,99
2026-02-20T12:00,1.1,0.5,217.0,216.0,9.02,11.02,100,100
2026-02-20T13:00,1.7,1.0,215.0,257.0,8.98,11.22,100,90
2026-02-20T14:00,2.3,1.4,229.0,234.0,9.05,11.09,96,100
2026-02-20T15:00,2.0,1.5,98.0,141.0,8.47,10.73,99,100
2026-02-20T16:00,2.1,0.8,29.0,56.0,7.82,10.22,100,95
2026-02-20T17:00,1.7,-0.1,1.0,3.0,7.01,7.53,100,96
2026-02-20T18:00,1.3,-1.6,0.0,0.0,6.66,7.84,100,4
2026-02-20T19:00,1.1,-2.5,0.0,0.0,6.79,6.15,100,5
2026-02-20T20:00,0.9,-3.4,0.0,0.0,6.54,5.62,100,0
2026-02-20T21:00,0.8,-3.9,0.0,0.0,6.18,5.56,100,0
2026-02-20T22:00,0.5,-4.8,0.0,0.0,4.91,4.95,99,0
2026-02-20T23:00,-0.1,-5.8,0.0,0.0,4.88,4.24,80,0
2026-02-21T00:00,0.0,-6.4,0.0,0.0,5.68,4.73,61,0
2026-02-21T01:00,0.0,-7.3,0.0,0.0,6.59,4.78,63,0
2026-02-21T02:00,-0.1,-7.7,0.0,0.0,5.43,5.13,69,25
2026-02-21T03:00,-2.4,-7.5,0.0,0.0,3.89,4.44,80,77
2026-02-21T04:00,-2.5,-7.4,0.0,0.0,3.55,3.53,100,100
2026-02-21T05:00,-2.3,-7.5,0.0,0.0,3.2,2.04,100,100
2026-02-21T06:00,-0.3,-7.2,0.0,0.0,4.71,1.39,100,100
2026-02-21T07:00,-1.1,-5.9,33.0,30.0,3.58,2.49,100,97
2026-02-21T08:00,-0.3,-3.7,106.0,99.0,2.81,3.61,100,100
2026-02-21T09:00,0.5,-2.1,144.0,113.0,3.46,3.56,100,100
2026-02-21T10:00,1.4,1.1,171.0,194.0,4.24,5.88,100,100
2026-02-21T11:00,2.6,3.5,172.0,191.0,4.4,6.4,100,100
2026-02-21T12:00,3.1,5.2,148.0,164.0,6.67,10.6,100,100
2026-02-21T13:00,5.0,6.1,138.0,219.0,12.46,12.17,100,55
2026-02-21T14:00,5.1,6.2,129.0,222.0,11.72,11.42,98,100
2026-02-21T15:00,5.3,6.0,120.0,155.0,11.4,11.02,92,97
2026-02-21T16:00,4.9,5.6,70.0,62.0,11.0,9.86,70,81
2026-02-21T17:00,4.5,4.9,3.0,3.0,10.91,9.55,93,28
2026-02-21T18:00,4.7,4.8,0.0,0.0,11.4,8.67,87,69
2026-02-21T19:00,4.6,4.6,0.0,0.0,11.09,9.23,100,54
2026-02-21T20:00,4.7,4.6,0.0,0.0,11.09,9.02,86,35
2026-02-21T21:00,4.8,4.6,0.0,0.0,10.95,9.25,54,87
2026-02-21T22:00,4.7,4.5,0.0,0.0,10.57,10.0,61,33
2026-02-21T23:00,4.6,4.6,0.0,0.0,10.84,10.46,36,36
2026-02-22T00:00,4.5,4.7,0.0,0.0,10.16,10.73,0,66
2026-02-22T01:00,4.6,4.6,0.0,0.0,10.45,10.45,29,30
2026-02-22T02:00,4.6,4.7,0.0,0.0,10.32,9.96,66,41
2026-02-22T03:00,4.9,4.8,0.0,0.0,8.93,9.58,100,22
2026-02-22T04:00,5.4,4.9,0.0,0.0,9.22,9.84,98,79
2026-02-22T05:00,5.8,5.6,0.0,0.0,8.53,9.02,100,95
2026-02-22T06:00,5.9,3.8,0.0,0.0,7.06,6.87,93,26
2026-02-22T07:00,6.5,4.4,16.0,27.0,5.49,6.66,90,96
2026-02-22T08:00,7.6,5.5,101.0,58.0,6.12,7.15,84,88
2026-02-22T09:00,8.3,6.3,101.0,78.0,5.23,6.41,100,97
2026-02-22T10:00,8.5,6.7,101.0,119.0,7.11,4.74,100,89
2026-02-22T11:00,9.8,8.3,187.0,279.0,11.95,3.69,95,82
2026-02-22T12:00,9.9,6.9,128.0,167.0,12.25,5.43,100,90
2026-02-22T13:00,9.8,7.5,108.0,94.0,12.54,5.21,97,100
2026-02-22T14:00,9.8,8.2,90.0,69.0,12.64,6.12,100,100
2026-02-22T15:00,9.7,8.8,70.0,41.0,12.44,8.27,96,100
2026-02-22T16:00,9.6,9.5,17.0,17.0,11.86,9.23,92,97
2026-02-22T17:00,9.7,9.6,2.0,1.0,11.76,9.22,96,100
2026-02-22T18:00,10.1,9.7,0.0,0.0,10.88,11.4,99,96
2026-02-22T19:00,10.3,9.5,0.0,0.0,10.29,9.84,96,83
2026-02-22T20:00,10.4,9.7,0.0,0.0,9.91,10.3,100,93
2026-02-22T21:00,10.1,9.6,0.0,0.0,10.48,11.47,100,100
2026-02-22T22:00,10.6,9.3,0.0,0.0,9.32,12.16,100,94
2026-02-22T23:00,10.5,9.1,0.0,0.0,11.76,12.98,100,99
2026-02-23T00:00,9.9,10.7,0.0,0.0,11.46,12.54,94,100
2026-02-23T01:00,9.6,10.2,0.0,0.0,11.27,12.25,100,100
2026-02-23T02:00,9.5,9.9,0.0,0.0,10.6,12.94,100,100
2026-02-23T03:00,9.8,9.7,0.0,0.0,12.25,12.56,100,100
2026-02-23T04:00,9.7,9.7,0.0,0.0,12.45,12.46,94,92
2026-02-23T05:00,9.6,9.6,0.0,0.0,12.74,10.51,96,95
2026-02-23T06:00,9.4,8.9,0.0,0.0,12.76,10.42,100,98
2026-02-23T07:00,9.1,9.1,14.0,27.0,11.62,11.59,100,100
2026-02-23T08:00,9.4,9.7,57.0,93.0,11.67,12.36,100,100
2026-02-23T09:00,10.6,10.4,204.0,180.0,11.12,11.66,100,100
2026-02-23T10:00,11.5,11.0,396.0,282.0,12.38,11.3,43,100
2026-02-23T11:00,12.1,11.8,460.0,358.0,11.24,11.28,6,100
2026-02-23T12:00,11.5,12.4,278.0,438.0,9.99,10.81,94,44
2026-02-23T13:00,12.0,12.2,304.0,377.0,10.24,10.24,72,36
2026-02-23T14:00,12.2,12.3,265.0,324.0,9.58,11.25,100,32
2026-02-23T15:00,12.2,12.1,205.0,224.0,12.09,12.19,13,72
2026-02-23T16:00,11.6,11.0,83.0,80.0,12.1,13.15,66,100
2026-02-23T17:00,11.1,10.7,5.0,4.0,12.5,14.34,100,100
2026-02-23T18:00,11.1,10.4,0.0,0.0,12.96,13.6,80,100
2026-02-23T19:00,11.0,10.1,0.0,0.0,13.23,13.11,100,100
2026-02-23T20:00,10.9,9.7,0.0,0.0,12.96,12.62,98,100
2026-02-23T21:00,10.5,9.4,0.0,0.0,12.37,12.28,75,100
2026-02-23T22:00,10.0,8.9,0.0,0.0,11.78,12.31,80,65
2026-02-23T23:00,9.4,8.7,0.0,0.0,10.89,11.99,100,82
2026-02-24T00:00,9.3,8.5,0.0,0.0,13.2,11.18,100,84
2026-02-24T01:00,9.1,8.3,0.0,0.0,11.99,10.61,100,92
2026-02-24T02:00,8.8,8.0,0.0,0.0,11.13,10.06,100,100
2026-02-24T03:00,8.5,7.8,0.0,0.0,12.27,11.09,100,100
2026-02-24T04:00,8.1,7.6,0.0,0.0,12.59,12.2,100,100
2026-02-24T05:00,7.6,7.6,0.0,0.0,11.27,11.64,92,100
2026-02-24T06:00,7.3,7.0,1.0,1.0,10.54,11.48,0,19
2026-02-24T07:00,7.6,7.3,62.0,60.0,10.41,10.7,8,15
2026-02-24T08:00,8.4,8.1,190.0,185.0,9.99,10.74,65,36
2026-02-24T09:00,9.5,9.1,286.0,292.0,10.03,10.8,51,34
2026-02-24T10:00,10.4,9.8,337.0,365.0,10.09,11.35,70,80
2026-02-24T11:00,10.9,10.7,263.0,406.0,10.05,9.79,87,38
2026-02-24T12:00,11.9,10.8,440.0,373.0,8.23,9.9,62,27
2026-02-24T13:00,12.5,11.4,412.0,408.0,7.77,9.35,48,33
2026-02-24T14:00,12.6,11.7,302.0,320.0,7.91,10.39,70,43
2026-02-24T15:00,11.6,11.5,176.0,225.0,6.09,8.94,83,33
2026-02-24T16:00,11.1,10.6,58.0,91.0,5.98,7.51,97,30
2026-02-24T17:00,10.2,9.2,4.0,5.0,4.81,5.76,83,33
2026-02-24T18:00,9.5,8.2,0.0,0.0,5.48,4.82,29,27
2026-02-24T19:00,8.9,7.2,0.0,0.0,4.04,4.17,66,61
2026-02-24T20:00,8.4,6.3,0.0,0.0,3.55,3.97,65,66
2026-02-24T21:00,8.1,5.7,0.0,0.0,4.18,4.19,77,32
2026-02-24T22:00,7.7,5.3,0.0,0.0,3.82,3.9,65,62
2026-02-24T23:00,7.1,5.0,0.0,0.0,3.9,4.17,53,54
2026-02-25T00:00,7.2,5.4,0.0,0.0,4.04,5.04,93,53
2026-02-25T01:00,7.3,5.3,0.0,0.0,4.23,4.63,87,68
2026-02-25T02:00,7.3,5.1,0.0,0.0,3.64,4.19,94,67
2026-02-25T03:00,7.0,4.8,0.0,0.0,4.59,3.54,95,53
2026-02-25T04:00,6.8,4.0,0.0,0.0,3.2,2.58,72,26
2026-02-25T05:00,6.5,2.7,0.0,0.0,2.33,1.86,77,43
2026-02-25T06:00,6.0,2.1,1.0,1.0,5.46,1.71,5,59
2026-02-25T07:00,6.4,2.0,64.0,59.0,6.42,1.18,0,62
2026-02-25T08:00,7.6,3.9,199.0,184.0,4.4,0.84,0,28
2026-02-25T09:00,8.7,6.5,333.0,324.0,1.58,0.84,0,0
2026-02-25T10:00,9.7,8.8,439.0,433.0,1.12,0.49,0,0
2026-02-25T11:00,10.4,10.7,495.0,494.0,1.18,0.5,34,2
2026-02-25T12:00,11.9,11.8,480.0,493.0,2.07,1.15,42,37
2026-02-25T13:00,12.5,12.5,451.0,439.0,3.26,1.33,30,42
2026-02-25T14:00,12.8,12.8,364.0,345.0,3.35,1.08,2,37
2026-02-25T15:00,12.6,12.6,239.0,229.0,2.89,0.98,2,8
2026-02-25T16:00,12.0,11.7,96.0,94.0,2.33,1.67,17,12
2026-02-25T17:00,11.3,10.0,6.0,6.0,1.77,2.11,0,1
2026-02-25T18:00,10.4,8.9,0.0,0.0,1.62,3.24,3,9
2026-02-25T19:00,9.2,7.9,0.0,0.0,1.49,2.85,0,8
2026-02-25T20:00,8.3,7.4,0.0,0.0,1.15,1.77,0,9
2026-02-25T21:00,7.6,6.9,0.0,0.0,1.53,1.36,0,21
2026-02-25T22:00,6.8,6.4,0.0,0.0,1.89,1.58,0,26
2026-02-25T23:00,5.9,5.6,0.0,0.0,2.73,2.02,0,28
2026-02-26T00:00,5.2,5.0,0.0,0.0,2.35,2.45,0,20
2026-02-26T01:00,4.6,4.1,0.0,0.0,2.61,2.81,0,38
2026-02-26T02:00,4.0,3.3,0.0,0.0,2.91,2.77,0,38
2026-02-26T03:00,3.7,3.0,0.0,0.0,2.94,2.64,0,27
2026-02-26T04:00,3.6,2.6,0.0,0.0,4.72,2.94,0,17
2026-02-26T05:00,3.0,1.9,0.0,0.0,4.72,4.06,3,32
2026-02-26T06:00,2.8,1.6,1.0,1.0,4.92,4.32,61,39
2026-02-26T07:00,2.7,2.0,46.0,61.0,4.3,4.24,79,100
2026-02-26T08:00,3.4,3.1,131.0,162.0,4.23,4.58,74,100
2026-02-26T09:00,4.7,4.6,260.0,264.0,4.74,3.12,69,85
2026-02-26T10:00,6.3,6.2,317.0,373.0,5.11,3.2,100,50
2026-02-26T11:00,7.6,7.7,338.0,426.0,5.58,3.78,81,99
2026-02-26T12:00,9.1,8.9,415.0,372.0,5.38,4.6,44,68
2026-02-26T13:00,10.1,9.6,407.0,348.0,5.14,4.6,96,92
2026-02-26T14:00,10.7,10.1,324.0,295.0,5.0,4.73,43,94
2026-02-26T15:00,11.1,10.2,213.0,184.0,4.67,4.91,89,100
2026-02-26T16:00,10.7,9.6,91.0,69.0,4.84,5.31,80,96
2026-02-26T17:00,9.7,8.2,8.0,6.0,5.11,5.41,58,75
2026-02-26T18:00,8.6,6.8,0.0,0.0,4.29,5.59,56,47
2026-02-26T19:00,7.4,5.9,0.0,0.0,3.84,4.13,39,21
2026-02-26T20:00,6.6,5.1,0.0,0.0,3.29,3.18,30,46
2026-02-26T21:00,6.0,4.4,0.0,0.0,2.82,3.24,58,27
2026-02-26T22:00,5.2,4.0,0.0,0.0,2.15,3.01,0,65
2026-02-26T23:00,4.4,3.5,0.0,0.0,1.36,2.42,6,6
2026-02-27T00:00,3.7,2.9,0.0,0.0,1.23,1.71,92,0
2026-02-27T01:00,3.3,2.3,0.0,0.0,1.11,2.34,0,0
2026-02-27T02:00,2.9,2.0,0.0,0.0,0.59,1.61,0,0
2026-02-27T03:00,2.4,1.4,0.0,0.0,0.83,2.01,0,0
2026-02-27T04:00,2.1,1.2,0.0,0.0,0.9,1.59,0,54
2026-02-27T05:00,1.9,0.9,0.0,0.0,0.66,1.85,52,45
2026-02-27T06:00,1.5,1.3,1.0,1.0,1.58,1.63,47,91
2026-02-27T07:00,2.0,1.6,50.0,39.0,0.92,1.18,70,93
2026-02-27T08:00,2.3,2.0,140.0,101.0,1.28,1.04,71,94
2026-02-27T09:00,3.6,2.8,291.0,173.0,2.16,1.18,31,93
2026-02-27T10:00,5.3,3.8,411.0,239.0,1.85,1.41,0,89
2026-02-27T11:00,7.1,5.4,483.0,338.0,2.15,1.88,0,69
2026-02-27T12:00,9.2,7.2,494.0,406.0,2.47,1.94,0,55
2026-02-27T13:00,10.8,8.9,453.0,396.0,3.76,2.64,0,74
2026-02-27T14:00,11.7,10.0,363.0,325.0,4.52,3.51,0,90
2026-02-27T15:00,11.6,10.3,236.0,215.0,4.8,4.15,0,71
2026-02-27T16:00,11.5,9.7,99.0,89.0,5.13,3.8,0,81
2026-02-27T17:00,10.6,8.6,8.0,8.0,6.39,3.91,0,97
2026-02-27T18:00,9.6,8.1,0.0,0.0,6.18,8.04,0,44
2026-02-27T19:00,8.3,7.1,0.0,0.0,6.64,7.9,0,9
2026-02-27T20:00,7.5,6.2,0.0,0.0,5.68,7.21,0,0
2026-02-27T21:00,6.7,5.4,0.0,0.0,5.34,6.73,0,1
2026-02-27T22:00,6.2,4.7,0.0,0.0,5.34,6.8,0,0
2026-02-27T23:00,5.7,4.1,0.0,0.0,4.86,6.66,0,0
2026-02-28T00:00,5.0,3.7,0.0,0.0,4.64,6.93,0,0
2026-02-28T01:00,4.4,3.2,0.0,0.0,4.3,6.65,0,0
2026-02-28T02:00,3.7,2.8,0.0,0.0,4.39,6.17,0,0
2026-02-28T03:00,2.9,2.4,0.0,0.0,3.59,5.89,0,0
2026-02-28T04:00,2.4,2.0,0.0,0.0,3.86,5.96,0,0
2026-02-28T05:00,2.0,1.6,0.0,0.0,4.03,6.45,0,20
2026-02-28T06:00,1.7,1.0,2.0,2.0,4.09,5.41,0,31
2026-02-28T07:00,1.9,1.4,68.0,62.0,4.02,5.36,0,40
2026-02-28T08:00,2.9,2.9,196.0,175.0,2.36,5.07,0,40
2026-02-28T09:00,5.1,5.3,327.0,296.0,3.15,4.65,0,39
2026-02-28T10:00,7.6,7.8,435.0,412.0,4.23,5.61,1,24
2026-02-28T11:00,9.8,10.0,499.0,486.0,5.35,6.73,0,33
2026-02-28T12:00,11.2,11.9,500.0,496.0,5.28,6.45,2,5
2026-02-28T13:00,12.4,12.8,465.0,461.0,5.9,6.98,0,7
2026-02-28T14:00,13.0,13.2,374.0,372.0,6.54,7.49,0,7
2026-02-28T15:00,13.9,13.1,249.0,244.0,6.37,8.07,0,0
2026-02-28T16:00,13.4,12.3,106.0,104.0,5.94,8.06,0,0
2026-02-28T17:00,12.2,10.5,10.0,9.0,5.49,9.22,0,0
2026-02-28T18:00,11.3,9.3,0.0,0.0,3.97,7.12,0,13
2026-02-28T19:00,10.2,8.2,0.0,0.0,3.5,5.83,0,18
2026-02-28T20:00,9.3,7.7,0.0,0.0,4.02,3.8,0,13
2026-02-28T21:00,8.3,7.0,0.0,0.0,1.67,2.16,0,17
2026-02-28T22:00,7.5,5.9,0.0,0.0,1.15,1.02,0,8
2026-02-28T23:00,7.1,4.6,0.0,0.0,0.9,0.63,0,27
2026-03-01T00:00,6.4,3.9,0.0,0.0,1.08,1.36,0,48
2026-03-01T01:00,5.2,3.6,0.0,0.0,0.57,1.93,6,75
2026-03-01T02:00,4.6,3.5,0.0,0.0,0.31,1.32,8,62
2026-03-01T03:00,4.5,3.5,0.0,0.0,0.1,1.66,23,77
2026-03-01T04:00,4.4,3.4,0.0,0.0,1.39,2.15,52,76
2026-03-01T05:00,4.4,3.4,0.0,0.0,1.01,2.64,90,49
2026-03-01T06:00,4.3,2.9,2.0,2.0,0.49,0.4,63,69
2026-03-01T07:00,5.1,3.5,63.0,56.0,0.5,0.44,60,72
2026-03-01T08:00,6.2,4.9,144.0,184.0,0.79,0.57,98,90
2026-03-01T09:00,7.8,6.9,304.0,318.0,1.12,1.18,94,69
2026-03-01T10:00,9.5,9.0,399.0,419.0,0.89,1.2,93,41
2026-03-01T11:00,10.9,10.9,453.0,485.0,1.1,1.53,85,86
2026-03-01T12:00,12.4,12.9,481.0,500.0,1.84,2.75,59,71
2026-03-01T13:00,13.2,13.2,465.0,447.0,1.71,2.67,57,68
2026-03-01T14:00,13.5,13.2,330.0,335.0,2.48,2.5,100,83
2026-03-01T15:00,13.5,12.8,204.0,187.0,2.78,2.43,98,100
2026-03-01T16:00,13.1,12.2,84.0,60.0,2.37,2.43,100,100
2026-03-01T17:00,12.5,11.0,6.0,6.0,2.42,2.83,99,100
2026-03-01T18:00,12.2,10.9,0.0,0.0,2.53,0.79,100,100
2026-03-01T19:00,12.0,10.2,0.0,0.0,1.71,0.71,100,94
2026-03-01T20:00,11.7,9.5,0.0,0.0,1.96,0.57,100,91
2026-03-01T21:00,11.5,8.7,0.0,0.0,1.12,0.6,100,97
2026-03-01T22:00,10.7,8.1,0.0,0.0,1.45,1.53,100,100
2026-03-01T23:00,10.1,8.0,0.0,0.0,1.9,2.65,100,100
2026-03-02T00:00,9.5,8.2,0.0,0.0,3.07,0.9,100,95
2026-03-02T01:00,9.0,7.9,0.0,0.0,1.9,0.62,100,96
2026-03-02T02:00,8.4,7.6,0.0,0.0,2.06,1.04,100,100
2026-03-02T03:00,8.3,7.2,0.0,0.0,1.92,1.27,100,100
2026-03-02T04:00,8.3,7.0,0.0,0.0,2.07,1.53,100,100
2026-03-02T05:00,8.3,6.5,0.0,0.0,2.0,1.81,100,100
2026-03-02T06:00,8.4,6.9,2.0,1.0,2.0,1.88,100,100
2026-03-02T07:00,8.5,7.0,35.0,26.0,1.77,1.73,100,100
2026-03-02T08:00,8.5,7.6,77.0,70.0,1.86,1.67,100,100
2026-03-02T09:00,8.6,8.1,107.0,104.0,1.36,1.74,100,100
2026-03-02T10:00,9.2,8.7,190.0,154.0,1.04,1.14,100,100
2026-03-02T11:00,10.3,9.5,285.0,218.0,1.18,1.71,99,100
2026-03-02T12:00,11.5,9.2,357.0,193.0,1.18,2.06,95,100
2026-03-02T13:00,12.3,9.5,352.0,197.0,2.26,2.2,84,100
2026-03-02T14:00,12.9,9.5,332.0,164.0,3.04,2.34,77,100
2026-03-02T15:00,12.5,9.3,255.0,88.0,2.42,2.1,49,100
2026-03-02T16:00,12.4,8.9,106.0,41.0,2.67,2.11,39,100
2026-03-02T17:00,11.8,8.4,12.0,5.0,3.0,2.27,56,100
2026-03-02T18:00,11.1,8.7,0.0,0.0,3.69,1.52,33,83
2026-03-02T19:00,10.2,7.8,0.0,0.0,2.51,1.24,57,83
2026-03-02T20:00,9.1,6.8,0.0,0.0,1.88,0.71,37,82
2026-03-02T21:00,9.1,5.9,0.0,0.0,2.45,0.6,62,77
2026-03-02T22:00,8.5,5.1,0.0,0.0,2.55,0.9,18,77
2026-03-02T23:00,7.8,4.2,0.0,0.0,2.75,0.75,0,75
2026-03-03T00:00,6.6,6.6,0.0,0.0,2.59,0.4,72,76
2026-03-03T01:00,6.3,6.3,0.0,0.0,2.46,0.84,80,83
2026-03-03T02:00,5.9,6.1,0.0,0.0,1.67,1.14,87,75
2026-03-03T03:00,5.8,5.5,0.0,0.0,2.42,0.98,100,75
2026-03-03T04:00,5.7,4.8,0.0,0.0,2.36,0.66,100,76
2026-03-03T05:00,5.7,4.2,0.0,0.0,1.79,1.31,100,75
2026-03-03T06:00,4.8,6.0,4.0,4.0,2.27,2.45,84,90
2026-03-03T07:00,5.2,6.2,76.0,63.0,2.17,1.94,88,80
2026-03-03T08:00,6.3,7.4,202.0,182.0,1.69,1.84,82,70
2026-03-03T09:00,8.3,9.1,353.0,320.0,1.58,1.18,14,55
2026-03-03T10:00,10.3,10.8,464.0,433.0,2.34,2.06,31,46
2026-03-03T11:00,12.3,12.4,529.0,495.0,2.91,2.89,0,50
2026-03-03T12:00,12.5,12.7,442.0,449.0,3.27,2.19,86,70
2026-03-03T13:00,13.7,13.5,443.0,427.0,3.33,3.08,81,41
2026-03-03T14:00,14.1,13.9,313.0,361.0,2.81,3.23,47,50
2026-03-03T15:00,14.1,13.9,224.0,243.0,3.47,3.47,56,48
2026-03-03T16:00,13.6,13.2,119.0,112.0,4.1,3.97,0,18
2026-03-03T17:00,12.7,11.5,13.0,13.0,3.61,4.12,0,22
2026-03-03T18:00,12.1,11.4,0.0,0.0,4.37,1.88,0,57
2026-03-03T19:00,10.9,10.6,0.0,0.0,3.41,1.55,0,68
2026-03-03T20:00,9.9,9.7,0.0,0.0,2.12,1.83,0,70
2026-03-03T21:00,8.3,8.8,0.0,0.0,1.39,2.02,0,66
2026-03-03T22:00,7.5,8.5,0.0,0.0,1.52,1.58,0,81
2026-03-03T23:00,6.9,8.2,0.0,0.0,1.32,1.47,0,77
2026-03-04T00:00,6.2,7.0,0.0,0.0,1.25,1.5,6,32
2026-03-04T01:00,5.7,6.5,0.0,0.0,1.1,1.52,6,37
2026-03-04T02:00,5.5,6.1,0.0,0.0,1.12,1.69,16,24
2026-03-04T03:00,5.3,5.8,0.0,0.0,0.79,1.52,41,31
2026-03-04T04:00,5.0,5.5,0.0,0.0,0.79,1.12,40,9
2026-03-04T05:00,4.8,5.3,0.0,0.0,0.28,0.71,12,22
2026-03-04T06:00,4.8,2.4,4.0,5.0,1.38,0.69,67,78
2026-03-04T07:00,5.2,3.2,59.0,82.0,1.06,0.88,70,74
2026-03-04T08:00,6.2,5.6,176.0,191.0,0.88,1.02,100,97
2026-03-04T09:00,7.0,7.5,267.0,255.0,1.41,1.21,90,90
2026-03-04T10:00,8.6,9.4,392.0,361.0,1.75,1.06,68,72
2026-03-04T11:00,9.6,11.0,447.0,404.0,2.33,1.31,100,100
2026-03-04T12:00,11.0,12.8,382.0,525.0,2.23,1.98,100,28
2026-03-04T13:00,11.9,13.6,452.0,464.0,2.88,2.16,64,46
2026-03-04T14:00,12.3,13.9,388.0,345.0,2.23,2.46,0,57
2026-03-04T15:00,13.3,13.8,247.0,233.0,1.96,3.23,96,44
2026-03-04T16:00,12.8,13.1,101.0,117.0,2.19,3.6,62,29
2026-03-04T17:00,12.3,11.5,13.0,14.0,2.04,3.9,63,14
2026-03-04T18:00,11.8,10.1,0.0,0.0,3.04,4.65,33,12
2026-03-04T19:00,10.9,9.1,0.0,0.0,4.17,5.21,28,30
2026-03-04T20:00,10.2,8.5,0.0,0.0,5.22,5.14,34,22
2026-03-04T21:00,9.8,8.1,0.0,0.0,7.9,5.24,0,0
2026-03-04T22:00,9.5,7.7,0.0,0.0,7.53,5.83,1,17
2026-03-04T23:00,9.2,7.6,0.0,0.0,6.53,6.24,0,16
2026-03-05T00:00,8.8,6.2,0.0,0.0,3.7,4.49,24,21
2026-03-05T01:00,8.4,6.0,0.0,0.0,3.7,4.25,68,13
2026-03-05T02:00,8.1,5.7,0.0,0.0,3.33,4.06,5,13
2026-03-05T03:00,7.4,5.5,0.0,0.0,2.91,4.16,0,35
2026-03-05T04:00,6.9,5.3,0.0,0.0,2.84,4.12,0,44
2026-03-05T05:00,6.4,5.1,0.0,0.0,3.12,3.81,0,55
2026-03-05T06:00,5.8,4.6,7.0,7.0,2.67,3.54,0,7
2026-03-05T07:00,6.2,5.4,94.0,97.0,2.37,3.42,0,2
2026-03-05T08:00,7.9,8.0,238.0,241.0,2.23,3.26,0,0
2026-03-05T09:00,9.4,10.0,377.0,379.0,1.81,2.07,0,0
2026-03-05T10:00,10.5,11.4,487.0,487.0,2.15,1.92,0,0
2026-03-05T11:00,11.8,12.7,548.0,548.0,2.57,1.58,0,0
2026-03-05T12:00,12.8,13.5,557.0,557.0,2.53,2.08,0,0
2026-03-05T13:00,13.5,14.1,511.0,511.0,2.98,2.37,0,0
2026-03-05T14:00,13.9,14.3,415.0,414.0,3.51,2.94,0,0
2026-03-05T15:00,13.9,14.0,281.0,281.0,3.42,3.24,0,0
2026-03-05T16:00,13.5,13.4,131.0,129.0,3.61,3.57,0,0
2026-03-05T17:00,12.5,11.6,16.0,16.0,3.92,3.88,0,0
2026-03-05T18:00,11.3,10.0,0.0,0.0,4.66,4.12,0,1
2026-03-05T19:00,9.9,9.0,0.0,0.0,4.93,4.03,0,2
2026-03-05T20:00,8.8,8.2,0.0,0.0,4.71,4.0,0,11
2026-03-05T21:00,8.0,7.5,0.0,0.0,4.37,3.69,0,0
2026-03-05T22:00,7.3,6.7,0.0,0.0,3.26,3.66,0,0
2026-03-05T23:00,6.7,5.9,0.0,0.0,2.73,3.63,0,0
2026-03-06T00:00,6.1,5.3,0.0,0.0,2.26,3.69,0,0
2026-03-06T01:00,5.4,4.4,0.0,0.0,2.29,3.71,0,0
2026-03-06T02:00,4.8,3.8,0.0,0.0,2.4,3.47,0,0
2026-03-06T03:00,4.2,3.0,0.0,0.0,2.79,3.45,0,0
2026-03-06T04:00,3.8,2.5,0.0,0.0,2.91,4.0,0,0
2026-03-06T05:00,3.2,2.3,0.0,0.0,3.31,4.28,0,0
2026-03-06T06:00,2.9,3.0,7.0,8.0,4.15,2.5,0,2
2026-03-06T07:00,3.5,3.2,95.0,99.0,4.16,2.57,0,0
2026-03-06T08:00,5.2,5.0,238.0,240.0,2.94,2.59,0,2
2026-03-06T09:00,8.4,7.4,379.0,378.0,3.11,2.31,0,0
2026-03-06T10:00,11.3,9.9,491.0,487.0,5.16,2.55,0,0
2026-03-06T11:00,13.4,12.4,555.0,549.0,6.66,3.84,0,0
2026-03-06T12:00,14.8,14.7,564.0,563.0,7.49,7.15,0,0
2026-03-06T13:00,15.5,15.3,519.0,518.0,7.99,7.59,0,0
2026-03-06T14:00,15.9,15.5,422.0,421.0,7.76,7.74,0,8
2026-03-06T15:00,15.9,15.3,289.0,284.0,7.62,7.63,0,12
2026-03-06T16:00,15.4,14.6,138.0,133.0,7.21,7.21,0,11
2026-03-06T17:00,14.1,12.7,19.0,18.0,8.29,7.76,0,3
2026-03-06T18:00,12.6,11.0,0.0,0.0,8.11,8.05,0,1
2026-03-06T19:00,11.5,9.9,0.0,0.0,7.51,8.56,0,3
2026-03-06T20:00,10.7,9.0,0.0,0.0,5.55,8.22,0,0
2026-03-06T21:00,9.9,8.1,0.0,0.0,5.48,7.88,0,0
2026-03-06T22:00,9.2,7.4,0.0,0.0,5.52,8.04,0,0
2026-03-06T23:00,8.6,6.8,0.0,0.0,5.39,8.29,0,0
2026-03-07T00:00,8.0,6.5,0.0,0.0,4.73,7.24,0,0
2026-03-07T01:00,7.5,6.1,0.0,0.0,4.52,6.54,0,0
2026-03-07T02:00,6.9,5.6,0.0,0.0,4.4,6.1,0,0
2026-03-07T03:00,6.2,5.2,0.0,0.0,3.83,6.05,0,0
2026-03-07T04:00,5.2,4.8,0.0,0.0,3.4,5.98,0,0
2026-03-07T05:00,4.6,4.6,0.0,0.0,3.7,5.43,0,0
2026-03-07T06:00,5.2,3.9,9.0,10.0,3.69,4.79,0,0
2026-03-07T07:00,5.7,4.4,101.0,104.0,3.19,4.73,0,0
2026-03-07T08:00,7.4,6.5,247.0,248.0,2.01,4.27,2,0
2026-03-07T09:00,10.4,9.3,389.0,389.0,4.78,3.56,0,0
2026-03-07T10:00,12.7,11.7,501.0,498.0,6.73,5.06,0,0
2026-03-07T11:00,14.1,13.5,564.0,562.0,7.41,6.2,0,0
2026-03-07T12:00,15.5,15.2,574.0,572.0,8.31,8.25,0,0
2026-03-07T13:00,16.1,15.6,527.0,524.0,8.66,8.28,0,0
2026-03-07T14:00,16.2,15.6,431.0,428.0,8.19,7.67,0,0
2026-03-07T15:00,16.0,15.3,296.0,292.0,7.53,7.41,0,0
2026-03-07T16:00,15.4,14.5,142.0,139.0,6.98,7.1,0,0
2026-03-07T17:00,14.2,12.7,20.0,19.0,7.3,7.6,0,0
2026-03-07T18:00,13.2,11.1,0.0,0.0,7.49,8.6,0,0
2026-03-07T19:00,12.4,9.9,0.0,0.0,6.91,8.67,0,0
2026-03-07T20:00,11.2,8.9,0.0,0.0,4.6,7.86,0,0
2026-03-07T21:00,9.9,8.1,0.0,0.0,4.34,6.71,0,0
2026-03-07T22:00,8.9,7.3,0.0,0.0,4.21,6.64,0,0
2026-03-07T23:00,7.5,6.8,0.0,0.0,3.02,6.41,0,0
2026-03-08T00:00,6.3,6.3,0.0,0.0,2.49,6.11,0,0
2026-03-08T01:00,5.9,5.5,0.0,0.0,3.14,5.69,0,0
2026-03-08T02:00,5.2,4.8,0.0,0.0,2.1,5.13,0,0
2026-03-08T03:00,4.9,4.1,0.0,0.0,2.28,4.8,7,0
2026-03-08T04:00,4.6,3.6,0.0,0.0,2.24,4.92,1,0
2026-03-08T05:00,4.2,3.3,0.0,0.0,2.39,5.02,9,0
2026-03-08T06:00,4.0,3.1,11.0,11.0,2.83,4.44,0,0
2026-03-08T07:00,4.8,3.8,106.0,109.0,2.12,4.1,0,1
2026-03-08T08:00,6.5,5.6,254.0,254.0,2.02,3.68,1,6
2026-03-08T09:00,8.8,8.2,396.0,395.0,1.77,2.26,0,12
2026-03-08T10:00,11.1,11.0,507.0,501.0,2.32,3.65,0,51
2026-03-08T11:00,13.7,13.3,569.0,560.0,3.67,5.19,6,56
2026-03-08T12:00,15.4,15.0,583.0,582.0,5.06,5.31,9,4
2026-03-08T13:00,16.0,15.5,535.0,534.0,5.2,5.33,100,15
2026-03-08T14:00,16.2,15.6,393.0,436.0,5.22,5.31,100,15
2026-03-08T15:00,16.2,15.3,277.0,298.0,5.27,5.36,100,40
2026-03-08T16:00,15.5,14.6,133.0,143.0,5.42,5.61,100,47
2026-03-08T17:00,14.5,12.3,20.0,21.0,5.61,6.1,48,43
2026-03-08T18:00,13.2,11.3,0.0,0.0,5.96,6.61,100,100
2026-03-08T19:00,12.0,10.2,0.0,0.0,5.06,7.23,100,99
2026-03-08T20:00,11.3,9.4,0.0,0.0,4.08,6.44,100,97
2026-03-08T21:00,10.5,8.4,0.0,0.0,3.72,6.37,100,100
2026-03-08T22:00,9.7,7.9,0.0,0.0,4.06,6.86,100,99
2026-03-08T23:00,9.1,7.5,0.0,0.0,4.8,7.04,48,100
2026-03-09T00:00,8.4,7.4,0.0,0.0,4.5,6.84,98,84
2026-03-09T01:00,7.5,6.8,0.0,0.0,3.33,6.72,96,51
2026-03-09T02:00,6.5,6.2,0.0,0.0,3.26,6.56,100,85
2026-03-09T03:00,5.8,5.7,0.0,0.0,2.91,6.93,95,94
2026-03-09T04:00,5.4,5.4,0.0,0.0,2.99,7.0,100,100
2026-03-09T05:00,5.2,5.3,0.0,0.0,3.15,7.0,98,100
2026-03-09T06:00,5.8,4.6,12.0,11.0,3.92,6.56,96,100
2026-03-09T07:00,6.2,5.3,110.0,101.0,3.78,6.18,79,86
2026-03-09T08:00,7.6,7.3,247.0,228.0,3.27,5.83,4,100
2026-03-09T09:00,10.8,10.1,407.0,349.0,5.01,5.28,0,100
2026-03-09T10:00,13.1,12.4,520.0,467.0,7.13,7.43,0,100
2026-03-09T11:00,14.3,13.8,583.0,516.0,8.58,8.67,0,100
2026-03-09T12:00,15.3,15.5,595.0,591.0,9.25,10.01,0,3
2026-03-09T13:00,15.9,15.9,542.0,544.0,10.14,10.92,100,13
2026-03-09T14:00,16.0,15.7,423.0,441.0,9.92,10.87,100,47
2026-03-09T15:00,15.9,15.2,311.0,298.0,10.3,10.47,0,72
2026-03-09T16:00,15.1,14.3,154.0,142.0,9.95,10.3,0,94
2026-03-09T17:00,13.8,12.7,25.0,23.0,8.56,10.52,0,95
2026-03-09T18:00,12.6,11.2,0.0,0.0,9.16,11.23,26,0
2026-03-09T19:00,11.2,10.2,0.0,0.0,8.02,10.79,26,6
2026-03-09T20:00,10.1,9.2,0.0,0.0,7.72,10.74,31,16
2026-03-09T21:00,9.4,8.4,0.0,0.0,7.5,10.14,100,14
2026-03-09T22:00,8.9,7.6,0.0,0.0,7.44,9.79,100,100
2026-03-09T23:00,8.6,7.1,0.0,0.0,7.19,9.47,100,100
2026-03-10T00:00,8.2,6.7,0.0,0.0,5.92,9.07,100,14
2026-03-10T01:00,8.0,6.0,0.0,0.0,5.08,7.49,100,26
2026-03-10T02:00,7.5,5.2,0.0,0.0,4.15,6.12,94,76
2026-03-10T03:00,6.8,4.5,0.0,0.0,3.48,5.29,100,100
2026-03-10T04:00,6.1,3.8,0.0,0.0,3.05,5.06,100,100
2026-03-10T05:00,5.5,3.3,0.0,0.0,2.99,4.92,54,95
2026-03-10T06:00,4.6,3.2,13.0,14.0,2.91,4.02,0,51
2026-03-10T07:00,4.7,3.9,115.0,114.0,2.77,3.19,0,84
2026-03-10T08:00,6.1,5.5,241.0,255.0,1.71,2.06,83,75
2026-03-10T09:00,8.3,7.5,389.0,393.0,2.5,2.04,7,51
2026-03-10T10:00,10.6,9.7,509.0,500.0,2.15,2.29,0,24
2026-03-10T11:00,12.8,11.8,573.0,567.0,3.6,2.57,0,27
2026-03-10T12:00,14.3,13.8,570.0,564.0,4.08,3.04,4,85
2026-03-10T13:00,15.6,15.0,534.0,504.0,4.19,3.19,0,65
2026-03-10T14:00,16.5,15.8,440.0,426.0,4.05,3.49,19,32
2026-03-10T15:00,16.9,16.2,306.0,294.0,4.84,3.78,30,15
2026-03-10T16:00,16.7,16.2,142.0,151.0,5.45,4.24,100,7
2026-03-10T17:00,15.5,14.3,24.0,25.0,5.68,5.31,70,54
2026-03-10T18:00,15.2,13.1,0.0,0.0,5.66,5.02,74,40
2026-03-10T19:00,13.8,11.7,0.0,0.0,6.28,5.61,39,12
2026-03-10T20:00,12.8,10.4,0.0,0.0,7.25,6.09,21,16
2026-03-10T21:00,11.5,9.6,0.0,0.0,7.25,5.42,50,28
2026-03-10T22:00,10.7,8.8,0.0,0.0,5.52,4.31,19,55
2026-03-10T23:00,9.9,8.0,0.0,0.0,4.62,4.11,17,37
2026-03-11T00:00,9.4,7.6,0.0,0.0,3.92,4.41,61,39
2026-03-11T01:00,8.9,7.5,0.0,0.0,1.58,2.65,1,25
2026-03-11T02:00,7.6,7.0,0.0,0.0,0.69,1.36,0,0
2026-03-11T03:00,6.8,6.0,0.0,0.0,0.69,1.04,13,9
2026-03-11T04:00,6.2,5.2,0.0,0.0,1.19,0.89,25,9
2026-03-11T05:00,5.7,4.5,0.0,0.0,1.19,0.79,68,4
2026-03-11T06:00,5.2,4.2,15.0,15.0,1.64,1.5,7,5
2026-03-11T07:00,5.6,4.8,118.0,120.0,1.21,0.84,0,1
2026-03-11T08:00,6.8,6.6,262.0,267.0,0.63,1.28,37,2
2026-03-11T09:00,9.1,8.5,399.0,406.0,0.69,1.0,8,0
2026-03-11T10:00,11.1,10.8,516.0,515.0,1.38,1.45,0,1
2026-03-11T11:00,13.2,13.0,578.0,576.0,1.58,1.9,0,1
2026-03-11T12:00,15.0,14.5,586.0,585.0,1.94,2.64,0,0
2026-03-11T13:00,16.0,15.7,540.0,540.0,2.67,3.26,0,0
2026-03-11T14:00,16.7,16.3,443.0,443.0,3.38,3.83,68,0
2026-03-11T15:00,16.7,16.6,195.0,308.0,5.13,4.62,100,0
2026-03-11T16:00,16.0,16.2,79.0,154.0,3.83,5.41,71,14
2026-03-11T17:00,15.0,14.5,23.0,26.0,5.7,6.93,34,0
2026-03-11T18:00,14.6,13.1,0.0,0.0,4.21,6.17,97,97
2026-03-11T19:00,13.8,12.1,0.0,0.0,1.92,5.43,100,89
2026-03-11T20:00,13.4,11.5,0.0,0.0,1.88,4.29,100,100
2026-03-11T21:00,12.4,10.9,0.0,0.0,2.45,3.55,31,38
2026-03-11T22:00,11.2,9.9,0.0,0.0,1.68,1.89,11,53
2026-03-11T23:00,10.3,8.7,0.0,0.0,0.28,0.88,59,51
2026-03-12T00:00,10.1,7.7,0.0,0.0,1.04,0.9,0,41
2026-03-12T01:00,9.8,7.1,0.0,0.0,0.57,1.29,28,28
2026-03-12T02:00,9.2,6.7,0.0,0.0,1.01,1.97,34,3
2026-03-12T03:00,7.9,6.0,0.0,0.0,1.25,2.14,86,91
2026-03-12T04:00,7.5,5.7,0.0,0.0,1.88,2.26,0,100
2026-03-12T05:00,7.6,6.5,0.0,0.0,2.41,7.56,0,100
2026-03-12T06:00,7.2,5.7,16.0,17.0,1.8,2.07,100,100
2026-03-12T07:00,8.3,7.1,113.0,91.0,2.32,4.79,100,99
2026-03-12T08:00,9.9,10.1,251.0,190.0,2.91,7.13,100,93
2026-03-12T09:00,11.9,12.5,201.0,308.0,8.06,8.92,100,96
2026-03-12T10:00,12.9,13.2,339.0,382.0,7.64,10.69,99,96
2026-03-12T11:00,13.2,13.5,262.0,456.0,7.36,11.25,100,89
2026-03-12T12:00,13.9,12.9,262.0,346.0,6.7,8.32,97,94
2026-03-12T13:00,13.8,13.2,224.0,362.0,6.39,7.94,98,97
2026-03-12T14:00,14.2,13.0,202.0,265.0,7.37,6.82,99,97
2026-03-12T15:00,13.8,12.8,156.0,201.0,6.1,6.79,94,100
2026-03-12T16:00,13.2,12.4,111.0,106.0,4.78,6.1,100,100
2026-03-12T17:00,12.5,11.4,27.0,22.0,4.04,5.95,100,100
2026-03-12T18:00,12.6,10.9,0.0,0.0,4.65,5.89,100,90
2026-03-12T19:00,11.8,10.0,0.0,0.0,4.7,5.09,100,80
2026-03-12T20:00,11.1,9.3,0.0,0.0,5.52,4.27,85,41
2026-03-12T21:00,10.1,8.5,0.0,0.0,6.49,3.32,100,8
2026-03-12T22:00,10.0,7.6,0.0,0.0,5.27,2.71,100,1
2026-03-12T23:00,9.7,6.7,0.0,0.0,3.63,2.56,69,67
2026-03-13T00:00,9.1,7.1,0.0,0.0,2.77,3.24,3,0
2026-03-13T01:00,8.4,6.4,0.0,0.0,1.77,2.77,56,20
2026-03-13T02:00,7.5,5.6,0.0,0.0,0.4,1.67,24,3
2026-03-13T03:00,7.5,4.9,0.0,0.0,0.75,0.62,100,12
2026-03-13T04:00,7.1,4.4,0.0,0.0,1.52,0.57,100,7
2026-03-13T05:00,6.6,4.3,0.0,0.0,1.77,1.49,0,6
2026-03-13T06:00,6.0,4.2,20.0,20.0,2.45,3.13,0,8
2026-03-13T07:00,6.2,5.0,133.0,134.0,1.74,3.78,0,0
2026-03-13T08:00,7.4,7.3,284.0,283.0,1.81,4.25,0,0
2026-03-13T09:00,9.9,10.1,427.0,426.0,1.97,2.91,0,0
2026-03-13T10:00,13.9,13.8,538.0,537.0,3.6,6.28,0,0
2026-03-13T11:00,15.9,15.5,601.0,600.0,6.37,8.72,33,9
2026-03-13T12:00,16.4,16.8,539.0,569.0,7.49,8.55,100,38
2026-03-13T13:00,17.3,17.3,514.0,534.0,7.37,8.74,100,36
2026-03-13T14:00,17.9,17.2,451.0,438.0,8.46,9.14,65,35
2026-03-13T15:00,17.5,16.9,308.0,317.0,9.13,9.92,45,11
2026-03-13T16:00,16.9,16.1,150.0,166.0,9.08,9.8,100,13
2026-03-13T17:00,15.7,14.7,30.0,32.0,8.59,10.19,40,13
2026-03-13T18:00,13.9,13.1,0.0,0.0,10.69,11.68,0,6
2026-03-13T19:00,12.8,11.9,0.0,0.0,10.38,10.44,18,10
2026-03-13T20:00,11.6,10.9,0.0,0.0,8.67,10.33,0,7
2026-03-13T21:00,11.0,10.2,0.0,0.0,9.82,9.64,47,4
2026-03-13T22:00,10.3,9.5,0.0,0.0,8.01,9.54,0,0
2026-03-13T23:00,9.7,8.9,0.0,0.0,8.67,8.59,0,0
2026-03-14T00:00,9.2,8.4,0.0,0.0,9.08,8.97,0,0
2026-03-14T01:00,8.8,7.9,0.0,0.0,8.75,8.72,0,7
2026-03-14T02:00,8.3,7.4,0.0,0.0,8.42,8.78,0,34
2026-03-14T03:00,7.9,7.1,0.0,0.0,7.08,9.15,0,54
2026-03-14T04:00,7.6,7.2,0.0,0.0,7.14,8.47,0,60
2026-03-14T05:00,7.4,7.1,0.0,0.0,7.84,8.88,17,59
2026-03-14T06:00,7.3,7.2,22.0,22.0,9.55,10.59,0,40
2026-03-14T07:00,8.3,8.1,143.0,135.0,8.94,10.51,0,31
2026-03-14T08:00,10.2,9.9,301.0,295.0,9.92,12.04,0,7
2026-03-14T09:00,12.5,11.8,446.0,445.0,10.92,12.58,0,3
2026-03-14T10:00,14.2,13.8,556.0,556.0,11.67,13.54,0,0
2026-03-14T11:00,15.8,15.4,616.0,618.0,12.61,13.66,6,0
2026-03-14T12:00,17.3,17.3,625.0,625.0,13.07,13.96,0,0
2026-03-14T13:00,18.2,18.1,553.0,578.0,12.09,12.98,4,0
2026-03-14T14:00,18.1,18.2,371.0,475.0,11.6,12.71,51,0
2026-03-14T15:00,18.7,17.9,303.0,317.0,11.39,12.14,100,40
2026-03-14T16:00,17.9,17.7,145.0,161.0,10.68,10.76,100,74
2026-03-14T17:00,16.3,16.1,29.0,30.0,9.97,12.13,79,100
2026-03-14T18:00,14.8,14.4,0.0,0.0,11.38,12.15,99,75
2026-03-14T19:00,13.7,13.4,0.0,0.0,10.39,12.71,100,46
2026-03-14T20:00,12.7,12.6,0.0,0.0,9.92,12.6,100,45
2026-03-14T21:00,12.3,12.0,0.0,0.0,9.94,12.25,76,90
2026-03-14T22:00,11.2,11.4,0.0,0.0,9.51,11.63,48,54
2026-03-14T23:00,10.2,10.8,0.0,0.0,8.28,10.96,100,65
2026-03-15T00:00,9.4,9.6,0.0,0.0,7.15,5.61,100,82
2026-03-15T01:00,8.5,8.6,0.0,0.0,9.45,9.31,96,69
2026-03-15T02:00,7.7,8.0,0.0,0.0,10.86,8.73,100,100
2026-03-15T03:00,7.1,7.6,0.0,0.0,10.96,9.36,11,100
2026-03-15T04:00,6.7,7.2,0.0,0.0,10.83,8.28,86,80
2026-03-15T05:00,6.6,6.9,0.0,0.0,11.07,9.02,99,100
2026-03-15T06:00,6.9,6.4,21.0,23.0,8.22,5.31,85,60
2026-03-15T07:00,7.6,7.4,83.0,123.0,7.47,6.02,100,89
2026-03-15T08:00,8.6,8.6,152.0,204.0,6.06,6.19,100,80
2026-03-15T09:00,10.1,9.8,251.0,313.0,4.44,6.28,97,95
2026-03-15T10:00,11.3,10.6,350.0,378.0,3.88,5.91,99,79
2026-03-15T11:00,12.2,11.5,342.0,464.0,3.6,5.07,100,77
2026-03-15T12:00,12.8,12.5,301.0,474.0,2.91,3.83,99,79
2026-03-15T13:00,13.6,13.1,341.0,451.0,2.57,3.43,94,60
2026-03-15T14:00,14.0,13.5,326.0,402.0,2.59,3.24,97,44
2026-03-15T15:00,14.1,13.4,259.0,287.0,3.02,3.37,79,33
2026-03-15T16:00,13.8,13.0,130.0,161.0,3.33,4.92,53,55
2026-03-15T17:00,13.3,12.1,30.0,33.0,3.11,5.92,40,62
2026-03-15T18:00,11.8,10.4,0.0,0.0,6.02,7.26,77,74
2026-03-15T19:00,10.5,9.7,0.0,0.0,7.42,8.08,100,94
2026-03-15T20:00,10.1,9.2,0.0,0.0,7.06,8.35,100,100
2026-03-15T21:00,9.8,8.7,0.0,0.0,8.22,8.35,37,100
2026-03-15T22:00,9.2,8.4,0.0,0.0,7.28,7.33,86,100
2026-03-15T23:00,8.6,7.9,0.0,0.0,6.59,6.41,76,69
2026-03-16T00:00,8.2,7.3,0.0,0.0,6.59,6.81,99,80
2026-03-16T01:00,7.9,6.9,0.0,0.0,7.54,6.19,79,93
2026-03-16T02:00,7.6,6.8,0.0,0.0,7.54,5.93,75,99
2026-03-16T03:00,7.6,6.7,0.0,0.0,6.92,6.01,98,93
2026-03-16T04:00,7.7,6.5,0.0,0.0,7.65,6.07,100,94
2026-03-16T05:00,7.8,6.4,0.0,0.0,7.77,6.23,85,78
2026-03-16T06:00,8.1,7.6,14.0,12.0,8.68,10.48,92,98
2026-03-16T07:00,8.5,7.6,78.0,50.0,9.41,9.46,100,100
2026-03-16T08:00,8.7,7.5,123.0,88.0,9.2,8.4,99,100
2026-03-16T09:00,9.1,7.5,152.0,124.0,10.01,9.95,100,100
2026-03-16T10:00,9.4,7.9,162.0,142.0,8.82,8.58,100,100
2026-03-16T11:00,10.2,8.9,229.0,211.0,7.88,6.33,100,95
2026-03-16T12:00,10.1,10.5,234.0,399.0,7.32,7.01,100,100
2026-03-16T13:00,11.0,11.3,237.0,376.0,6.07,7.56,100,100
2026-03-16T14:00,12.2,12.1,296.0,317.0,6.17,8.79,100,100
2026-03-16T15:00,12.6,12.9,277.0,282.0,8.43,8.17,54,26
2026-03-16T16:00,12.5,12.5,174.0,151.0,9.07,8.2,88,49
2026-03-16T17:00,11.5,11.1,36.0,30.0,8.12,8.63,100,100
2026-03-16T18:00,9.4,8.3,0.0,0.0,8.14,13.05,100,100
2026-03-16T19:00,8.3,7.6,0.0,0.0,11.15,12.99,100,100
2026-03-16T20:00,7.6,7.1,0.0,0.0,9.61,12.67,100,64
2026-03-16T21:00,6.9,6.8,0.0,0.0,9.73,11.76,100,39
2026-03-16T22:00,6.3,6.4,0.0,0.0,9.21,10.66,100,100
2026-03-16T23:00,5.6,5.9,0.0,0.0,10.62,9.88,100,61
2026-03-17T00:00,5.4,7.2,0.0,0.0,10.65,8.12,39,47
2026-03-17T01:00,5.2,6.7,0.0,0.0,10.31,7.85,0,54
2026-03-17T02:00,4.9,6.1,0.0,0.0,8.24,7.84,0,17
2026-03-17T03:00,4.8,5.6,0.0,0.0,8.81,7.83,0,10
2026-03-17T04:00,4.4,5.2,0.0,0.0,7.55,7.29,51,13
2026-03-17T05:00,4.1,4.8,0.0,0.0,8.0,6.75,34,19
2026-03-17T06:00,3.8,4.0,29.0,33.0,7.98,6.51,87,0
2026-03-17T07:00,4.7,5.3,131.0,169.0,8.64,5.96,15,0
2026-03-17T08:00,5.8,6.8,318.0,332.0,8.43,5.66,84,0
2026-03-17T09:00,6.7,8.1,372.0,475.0,8.77,6.2,90,35
2026-03-17T10:00,6.9,9.0,214.0,503.0,8.15,6.61,100,64
2026-03-17T11:00,7.8,9.7,312.0,477.0,6.79,6.82,89,64
2026-03-17T12:00,9.5,10.5,571.0,578.0,6.37,6.75,85,17
2026-03-17T13:00,10.0,11.0,437.0,557.0,6.41,7.07,100,5
2026-03-17T14:00,10.1,11.2,349.0,464.0,6.96,7.58,92,49
2026-03-17T15:00,9.7,10.9,179.0,310.0,7.81,8.04,100,27
2026-03-17T16:00,8.1,10.4,113.0,185.0,8.06,8.25,35,14
2026-03-17T17:00,7.6,9.3,39.0,43.0,7.84,7.49,100,0
2026-03-17T18:00,6.8,6.8,0.0,0.0,7.11,7.69,100,100
2026-03-17T19:00,6.6,6.8,0.0,0.0,7.21,8.75,100,100
2026-03-17T20:00,6.3,6.7,0.0,0.0,7.84,8.75,100,100
2026-03-17T21:00,6.2,6.4,0.0,0.0,8.04,8.45,100,100
2026-03-17T22:00,6.0,5.9,0.0,0.0,6.88,8.37,100,100
2026-03-17T23:00,5.8,5.5,0.0,0.0,7.27,7.51,100,100
2026-03-18T00:00,5.5,5.7,0.0,0.0,6.23,6.37,100,100
2026-03-18T01:00,5.4,5.5,0.0,0.0,5.99,5.4,100,82
2026-03-18T02:00,5.1,5.3,0.0,0.0,5.49,5.02,97,95
2026-03-18T03:00,5.6,5.1,0.0,0.0,4.85,5.83,100,100
2026-03-18T04:00,5.5,5.0,0.0,0.0,5.02,6.4,91,91
2026-03-18T05:00,5.4,4.8,0.0,0.0,5.21,6.32,100,75
2026-03-18T06:00,5.4,4.7,18.0,26.0,4.74,6.07,100,67
2026-03-18T07:00,6.1,5.6,106.0,133.0,3.86,5.63,84,83
2026-03-18T08:00,7.1,6.7,276.0,257.0,3.98,5.17,29,51
2026-03-18T09:00,8.5,8.4,457.0,431.0,3.45,5.0,0,30
2026-03-18T10:00,10.1,10.4,569.0,558.0,3.65,4.65,0,24
2026-03-18T11:00,11.7,12.4,630.0,623.0,4.22,4.35,4,12
2026-03-18T12:00,13.1,13.7,634.0,633.0,4.24,4.15,2,65
2026-03-18T13:00,14.5,14.7,556.0,578.0,3.83,4.71,96,69
2026-03-18T14:00,15.0,15.5,358.0,444.0,4.43,5.41,0,37
2026-03-18T15:00,15.4,15.5,263.0,348.0,7.49,5.7,22,16
2026-03-18T16:00,14.9,15.2,193.0,186.0,6.47,6.07,0,43
2026-03-18T17:00,13.5,14.0,47.0,44.0,7.8,5.14,0,33
2026-03-18T18:00,12.5,11.9,0.0,0.0,7.77,8.63,0,12
2026-03-18T19:00,11.2,10.7,0.0,0.0,7.76,9.01,24,6
2026-03-18T20:00,10.1,9.8,0.0,0.0,6.18,8.59,82,17
2026-03-18T21:00,9.2,9.0,0.0,0.0,5.61,7.84,68,41
2026-03-18T22:00,8.4,8.2,0.0,0.0,5.38,5.68,75,45
2026-03-18T23:00,7.9,7.3,0.0,0.0,3.73,3.77,69,39
2026-03-19T00:00,7.5,6.7,0.0,0.0,3.0,2.97,62,45
2026-03-19T01:00,7.2,6.0,0.0,0.0,1.9,2.51,36,7
2026-03-19T02:00,6.8,5.4,0.0,0.0,2.11,3.11,23,30
2026-03-19T03:00,5.9,5.0,0.0,0.0,3.77,3.91,0,0
2026-03-19T04:00,5.6,4.8,0.0,0.0,4.04,4.34,0,0
2026-03-19T05:00,5.1,4.4,0.0,0.0,4.06,4.54,0,0
2026-03-19T06:00,4.7,4.5,38.0,40.0,3.99,3.57,0,16
2026-03-19T07:00,6.3,6.3,174.0,178.0,3.99,4.04,0,12
2026-03-19T08:00,7.6,8.3,337.0,344.0,3.56,4.28,0,0
2026-03-19T09:00,8.7,9.5,485.0,491.0,3.33,4.69,0,0
2026-03-19T10:00,10.1,10.9,593.0,600.0,3.83,4.86,0,0
2026-03-19T11:00,11.3,11.9,654.0,659.0,3.72,5.06,0,0
2026-03-19T12:00,12.3,12.6,663.0,661.0,4.1,5.02,0,0
2026-03-19T13:00,12.8,13.4,611.0,610.0,3.57,5.31,0,3
2026-03-19T14:00,13.8,13.6,482.0,501.0,5.13,5.77,69,29
2026-03-19T15:00,13.5,13.9,327.0,351.0,5.55,6.33,4,67
2026-03-19T16:00,13.3,13.0,177.0,166.0,6.13,7.23,18,22
2026-03-19T17:00,12.4,12.0,47.0,47.0,6.45,6.67,10,4
2026-03-19T18:00,11.4,10.7,0.0,0.0,5.52,6.93,0,1
2026-03-19T19:00,10.4,9.7,0.0,0.0,4.95,6.66,0,27
2026-03-19T20:00,9.7,8.9,0.0,0.0,5.06,6.49,0,30
2026-03-19T21:00,9.6,8.3,0.0,0.0,5.24,6.17,0,3
2026-03-19T22:00,9.3,7.7,0.0,0.0,4.52,5.74,0,6
2026-03-19T23:00,8.8,7.0,0.0,0.0,3.98,5.19,8,25
2026-03-20T00:00,7.5,6.7,0.0,0.0,4.06,5.23,0,65
2026-03-20T01:00,6.8,6.4,0.0,0.0,4.03,4.61,20,79
2026-03-20T02:00,6.6,6.1,0.0,0.0,3.33,4.54,36,64
2026-03-20T03:00,6.3,5.9,0.0,0.0,3.24,4.48,52,49
2026-03-20T04:00,6.0,5.5,0.0,0.0,2.67,4.56,68,36
2026-03-20T05:00,5.9,5.1,0.0,0.0,2.75,4.12,78,32
2026-03-20T06:00,6.1,5.8,29.0,37.0,2.71,3.92,96,57
2026-03-20T07:00,7.3,7.3,109.0,161.0,3.02,3.97,75,81
2026-03-20T08:00,8.8,8.9,239.0,318.0,1.25,3.6,79,77
2026-03-20T09:00,10.8,10.2,439.0,469.0,2.12,4.17,34,55
2026-03-20T10:00,11.8,11.2,522.0,567.0,3.53,4.35,77,65
2026-03-20T11:00,12.5,12.0,494.0,621.0,4.32,4.55,59,69
2026-03-20T12:00,13.3,12.4,665.0,532.0,3.93,5.06,0,100
2026-03-20T13:00,13.8,12.6,616.0,462.0,5.49,5.59,0,92
2026-03-20T14:00,13.9,12.7,514.0,373.0,5.55,5.63,8,76
2026-03-20T15:00,13.5,12.5,360.0,250.0,4.91,5.89,1,99
2026-03-20T16:00,13.2,12.1,207.0,141.0,4.96,5.41,55,70
2026-03-20T17:00,12.4,11.6,52.0,38.0,4.91,4.73,64,95
2026-03-20T18:00,11.8,11.2,0.0,0.0,3.35,3.72,86,100
2026-03-20T19:00,11.0,10.5,0.0,0.0,3.71,2.67,96,96
2026-03-20T20:00,9.7,10.0,0.0,0.0,5.61,6.67,100,98
2026-03-20T21:00,9.3,9.0,0.0,0.0,5.24,7.28,100,97
2026-03-20T22:00,8.9,8.6,0.0,0.0,5.36,6.23,100,98
2026-03-20T23:00,8.6,8.1,0.0,0.0,5.35,5.33,99,100
2026-03-21T00:00,8.5,8.2,0.0,0.0,4.43,5.4,97,99
2026-03-21T01:00,8.3,7.9,0.0,0.0,4.5,5.35,97,94
2026-03-21T02:00,7.9,7.6,0.0,0.0,4.69,5.61,97,96
2026-03-21T03:00,7.9,7.4,0.0,0.0,4.82,5.61,98,100
2026-03-21T04:00,7.5,7.4,0.0,0.0,5.19,5.61,100,96
2026-03-21T05:00,7.3,7.4,0.0,0.0,4.91,5.57,100,99
2026-03-21T06:00,6.5,6.1,29.0,15.0,4.11,5.78,100,100
2026-03-21T07:00,6.6,6.2,102.0,55.0,3.93,4.92,100,98
2026-03-21T08:00,6.9,6.4,181.0,105.0,3.53,5.28,100,100
2026-03-21T09:00,8.4,6.4,377.0,131.0,3.04,4.77,99,100
2026-03-21T10:00,9.6,6.8,514.0,140.0,2.38,3.66,100,100
2026-03-21T11:00,10.7,7.1,571.0,141.0,1.45,3.55,100,100
2026-03-21T12:00,11.0,7.9,484.0,216.0,2.86,1.4,98,99
2026-03-21T13:00,11.8,8.3,410.0,244.0,2.99,0.44,100,100
2026-03-21T14:00,11.8,8.6,257.0,210.0,3.92,0.84,100,100
2026-03-21T15:00,10.9,8.8,154.0,168.0,6.42,1.71,100,98
2026-03-21T16:00,10.4,8.9,82.0,100.0,6.25,1.4,96,100
2026-03-21T17:00,9.7,8.6,34.0,24.0,6.06,3.15,85,99
2026-03-21T18:00,9.1,8.4,0.0,0.0,4.35,4.34,88,99
2026-03-21T19:00,8.5,7.8,0.0,0.0,4.16,3.42,88,91
2026-03-21T20:00,7.9,7.1,0.0,0.0,3.9,3.16,72,72
2026-03-21T21:00,6.9,6.5,0.0,0.0,2.87,3.21,76,84
2026-03-21T22:00,6.4,6.1,0.0,0.0,2.26,3.02,87,73
2026-03-21T23:00,6.1,5.6,0.0,0.0,2.06,2.84,68,74
2026-03-22T00:00,5.9,5.6,0.0,0.0,1.97,2.43,28,71
2026-03-22T01:00,5.8,5.3,0.0,0.0,1.66,2.43,29,72
2026-03-22T02:00,5.7,5.0,0.0,0.0,3.05,3.08,100,65
2026-03-22T03:00,6.3,4.7,0.0,0.0,1.67,2.86,77,64
2026-03-22T04:00,6.1,4.5,0.0,0.0,0.9,2.23,53,61
2026-03-22T05:00,5.7,4.2,0.0,0.0,1.01,1.87,95,76
2026-03-22T06:00,6.2,5.5,42.0,39.0,1.73,1.98,95,93
2026-03-22T07:00,6.8,6.5,160.0,132.0,1.02,1.59,97,88
2026-03-22T08:00,7.9,7.9,315.0,246.0,1.39,1.18,53,98
2026-03-22T09:00,8.9,8.9,429.0,314.0,1.88,2.16,48,100
2026-03-22T10:00,10.4,10.0,596.0,400.0,2.61,3.09,43,100
2026-03-22T11:00,12.0,11.2,635.0,443.0,4.13,3.14,92,100
2026-03-22T12:00,12.6,12.4,593.0,466.0,3.53,4.43,51,70
2026-03-22T13:00,12.3,12.8,346.0,418.0,9.38,5.06,100,96
2026-03-22T14:00,12.3,12.6,340.0,271.0,5.08,4.84,82,79
2026-03-22T15:00,12.8,12.7,254.0,259.0,5.46,4.57,78,73
2026-03-22T16:00,12.8,12.2,140.0,151.0,3.64,4.65,66,69
2026-03-22T17:00,12.4,11.4,45.0,45.0,3.26,3.05,76,60
2026-03-22T18:00,11.4,10.4,0.0,0.0,3.05,3.04,36,49
2026-03-22T19:00,10.5,9.3,0.0,0.0,1.85,2.82,35,48
2026-03-22T20:00,9.7,8.1,0.0,0.0,1.1,2.06,0,38
2026-03-22T21:00,9.0,6.9,0.0,0.0,1.71,1.8,15,30
2026-03-22T22:00,7.9,5.5,0.0,0.0,1.71,2.39,0,40
2026-03-22T23:00,7.2,5.1,0.0,0.0,2.29,1.67,0,27
2026-03-23T00:00,6.6,4.2,0.0,0.0,1.86,1.69,0,16
2026-03-23T01:00,6.1,3.9,0.0,0.0,0.84,1.86,0,37
2026-03-23T02:00,5.8,3.5,0.0,0.0,1.06,1.94,0,24
2026-03-23T03:00,5.3,3.1,0.0,0.0,1.38,2.56,64,50
2026-03-23T04:00,5.1,3.0,0.0,0.0,1.06,2.75,92,9
2026-03-23T05:00,5.3,3.1,0.0,0.0,0.2,2.94,84,23
2026-03-23T06:00,5.8,4.1,50.0,48.0,0.44,1.96,86,42
2026-03-23T07:00,7.0,5.4,190.0,177.0,0.31,1.74,33,75
2026-03-23T08:00,9.1,7.8,349.0,276.0,0.5,1.71,30,89
2026-03-23T09:00,10.7,9.9,498.0,406.0,0.5,0.31,0,63
2026-03-23T10:00,12.6,12.2,612.0,567.0,1.06,0.88,16,98
2026-03-23T11:00,14.0,13.7,664.0,636.0,1.32,2.2,9,54
2026-03-23T12:00,14.9,14.9,667.0,644.0,1.39,1.73,39,68
2026-03-23T13:00,15.6,15.3,565.0,545.0,1.43,2.15,39,82
2026-03-23T14:00,15.4,15.0,404.0,354.0,2.06,2.95,92,97
2026-03-23T15:00,15.1,14.4,175.0,216.0,2.81,2.11,100,89
2026-03-23T16:00,14.0,14.2,105.0,138.0,3.16,1.0,100,75
2026-03-23T17:00,14.1,13.6,36.0,43.0,1.94,0.66,75,83
2026-03-23T18:00,13.3,13.1,0.0,0.0,1.04,1.0,90,68
2026-03-23T19:00,12.7,12.1,0.0,0.0,0.78,0.28,72,68
2026-03-23T20:00,11.9,9.5,0.0,0.0,1.06,1.36,64,69
2026-03-23T21:00,11.5,8.4,0.0,0.0,4.38,2.07,51,30
2026-03-23T22:00,10.7,7.6,0.0,0.0,4.03,2.72,66,35
2026-03-23T23:00,10.3,7.4,0.0,0.0,3.81,3.26,83,67
2026-03-24T00:00,9.4,9.4,0.0,0.0,3.64,7.56,28,14
2026-03-24T01:00,9.2,9.2,0.0,0.0,3.51,7.06,31,4
2026-03-24T02:00,9.0,8.7,0.0,0.0,4.97,6.33,69,12
2026-03-24T03:00,9.5,8.4,0.0,0.0,8.51,7.27,99,29
2026-03-24T04:00,9.4,8.6,0.0,0.0,8.32,7.84,83,35
2026-03-24T05:00,9.1,8.4,0.0,0.0,7.73,7.66,72,54
2026-03-24T06:00,8.5,9.0,47.0,49.0,6.17,7.65,90,42
2026-03-24T07:00,9.6,10.3,174.0,180.0,8.23,7.31,48,72
2026-03-24T08:00,11.2,11.7,339.0,296.0,8.44,7.9,76,69
2026-03-24T09:00,12.7,12.9,452.0,416.0,6.82,7.41,98,86
2026-03-24T10:00,14.2,14.1,578.0,539.0,5.92,6.01,78,96
2026-03-24T11:00,14.8,14.8,455.0,529.0,5.31,5.22,100,100
2026-03-24T12:00,15.5,15.6,463.0,590.0,4.3,5.07,84,64
2026-03-24T13:00,16.0,16.0,440.0,554.0,3.53,4.24,100,97
2026-03-24T14:00,16.1,15.7,289.0,361.0,4.67,5.3,100,98
2026-03-24T15:00,15.7,15.8,228.0,315.0,3.65,4.13,96,73
2026-03-24T16:00,15.9,15.6,128.0,191.0,4.22,4.19,100,94
2026-03-24T17:00,14.9,14.7,43.0,49.0,5.49,3.72,100,67
2026-03-24T18:00,13.8,12.9,0.0,0.0,5.85,4.4,89,83
2026-03-24T19:00,12.7,11.7,0.0,0.0,7.76,5.52,2,70
2026-03-24T20:00,12.0,10.9,0.0,0.0,8.07,5.31,3,69
2026-03-24T21:00,11.6,10.2,0.0,0.0,8.18,5.39,25,25
2026-03-24T22:00,11.2,9.6,0.0,0.0,8.48,5.9,67,29
2026-03-24T23:00,10.9,9.2,0.0,0.0,8.07,5.4,69,24
2026-03-25T00:00,10.7,9.0,0.0,0.0,6.66,5.91,100,42
2026-03-25T01:00,10.4,8.7,0.0,0.0,5.78,5.51,98,34
2026-03-25T02:00,9.4,8.2,0.0,0.0,3.84,4.73,100,67
2026-03-25T03:00,9.2,7.3,0.0,0.0,3.28,3.14,100,70
2026-03-25T04:00,8.3,5.8,0.0,0.0,2.43,2.31,100,100
2026-03-25T05:00,7.8,5.5,0.0,0.0,2.42,2.95,100,100
2026-03-25T06:00,8.0,6.3,46.0,40.0,1.53,4.0,100,100
2026-03-25T07:00,8.8,8.0,188.0,148.0,1.88,4.4,100,99
2026-03-25T08:00,10.4,10.6,353.0,313.0,2.46,4.67,100,39
2026-03-25T09:00,12.2,13.2,484.0,510.0,2.45,2.83,100,39
2026-03-25T10:00,15.0,15.4,570.0,600.0,3.91,4.19,100,100
2026-03-25T11:00,17.0,17.0,650.0,630.0,4.09,4.54,100,67
2026-03-25T12:00,18.3,17.9,642.0,652.0,4.32,4.0,82,100
2026-03-25T13:00,18.7,18.8,615.0,589.0,3.87,3.92,100,100
2026-03-25T14:00,18.8,19.1,453.0,486.0,2.46,3.04,100,100
2026-03-25T15:00,18.8,18.9,320.0,356.0,0.42,2.48,100,100
2026-03-25T16:00,18.1,18.2,130.0,196.0,5.95,5.0,93,100
2026-03-25T17:00,17.0,16.9,42.0,43.0,6.23,7.02,100,100
2026-03-25T18:00,16.1,12.8,0.0,0.0,5.45,13.16,100,100
2026-03-25T19:00,13.0,10.6,0.0,0.0,11.14,9.03,100,100
2026-03-25T20:00,10.2,9.2,0.0,0.0,10.37,7.77,100,100
2026-03-25T21:00,9.2,8.6,0.0,0.0,9.77,11.93,100,100
2026-03-25T22:00,8.5,7.9,0.0,0.0,13.87,12.86,100,100
2026-03-25T23:00,7.9,7.7,0.0,0.0,11.2,11.36,100,100
2026-03-26T00:00,7.0,7.7,0.0,0.0,11.41,10.7,100,100
2026-03-26T01:00,6.8,7.4,0.0,0.0,8.89,9.12,98,100
2026-03-26T02:00,6.7,7.2,0.0,0.0,9.62,9.84,98,99
2026-03-26T03:00,6.6,6.9,0.0,0.0,8.64,9.98,99,99
2026-03-26T04:00,6.5,6.7,0.0,0.0,9.6,10.65,100,100
2026-03-26T05:00,6.0,6.3,0.0,0.0,10.59,11.66,100,100
2026-03-26T06:00,4.8,6.0,15.0,11.0,11.33,10.39,100,100
2026-03-26T07:00,4.1,5.7,30.0,36.0,11.38,11.21,100,100
2026-03-26T08:00,4.2,6.0,58.0,70.0,12.37,11.28,100,100
2026-03-26T09:00,5.0,6.3,98.0,118.0,12.05,13.03,100,100
2026-03-26T10:00,5.1,6.4,118.0,139.0,12.23,12.81,100,100
2026-03-26T11:00,5.4,6.7,154.0,163.0,13.15,12.45,100,100
2026-03-26T12:00,5.8,6.7,209.0,204.0,13.46,13.45,100,100
2026-03-26T13:00,5.8,7.0,197.0,223.0,13.0,13.87,100,100
2026-03-26T14:00,5.9,7.2,161.0,155.0,11.49,14.7,100,100
2026-03-26T15:00,6.8,7.3,140.0,107.0,14.01,14.74,100,100
2026-03-26T16:00,6.7,7.3,82.0,52.0,11.28,14.0,100,100
2026-03-26T17:00,6.1,7.4,30.0,18.0,8.82,13.32,100,100
2026-03-26T18:00,6.5,6.8,0.0,0.0,7.19,13.55,100,100
2026-03-26T19:00,6.3,6.7,0.0,0.0,12.92,12.77,100,100
2026-03-26T20:00,6.4,6.5,0.0,0.0,13.34,13.58,100,100
2026-03-26T21:00,6.6,6.2,0.0,0.0,12.18,13.45,100,100
2026-03-26T22:00,6.4,5.7,0.0,0.0,12.3,13.43,100,100
2026-03-26T23:00,6.0,5.3,0.0,0.0,13.76,13.74,100,100
2026-03-27T00:00,5.8,6.0,0.0,0.0,13.27,14.4,100,100
2026-03-27T01:00,5.3,5.6,0.0,0.0,13.95,14.82,100,100
2026-03-27T02:00,4.6,5.1,0.0,0.0,14.43,15.93,100,100
2026-03-27T03:00,4.4,4.6,0.0,0.0,14.31,16.36,100,100
2026-03-27T04:00,3.6,3.5,0.0,0.0,14.07,15.96,100,100
2026-03-27T05:00,3.0,2.4,0.0,0.0,13.9,16.86,100,100
2026-03-27T06:00,3.9,3.0,22.0,9.0,13.93,16.93,100,100
2026-03-27T07:00,4.0,2.9,59.0,28.0,14.21,17.45,100,100
2026-03-27T08:00,4.3,2.7,100.0,43.0,14.66,16.22,100,100
2026-03-27T09:00,5.5,2.4,163.0,62.0,14.52,15.73,100,100
2026-03-27T10:00,6.4,3.0,214.0,99.0,13.83,15.1,93,100
2026-03-27T11:00,7.1,4.6,268.0,170.0,14.08,14.5,100,100
2026-03-27T12:00,7.6,5.3,192.0,201.0,13.73,15.24,100,100
2026-03-27T13:00,8.0,5.8,250.0,154.0,13.96,15.19,100,100
2026-03-27T14:00,8.2,6.5,212.0,151.0,12.82,14.15,100,100
2026-03-27T15:00,7.5,6.9,141.0,105.0,14.04,13.01,100,100
2026-03-27T16:00,7.6,6.9,76.0,45.0,13.39,12.33,93,100
2026-03-27T17:00,7.1,6.7,30.0,12.0,12.88,11.9,97,100
2026-03-27T18:00,5.6,6.8,0.0,0.0,11.5,11.03,100,100
2026-03-27T19:00,5.3,6.7,0.0,0.0,12.07,11.47,100,100
2026-03-27T20:00,5.5,6.2,0.0,0.0,11.81,11.92,98,98
2026-03-27T21:00,4.2,6.0,0.0,0.0,10.93,12.84,98,100
2026-03-27T22:00,3.8,5.7,0.0,0.0,11.14,13.24,94,100
2026-03-27T23:00,3.8,5.2,0.0,0.0,10.39,13.42,93,95
2026-03-28T00:00,2.8,5.0,0.0,0.0,9.15,12.9,99,94
2026-03-28T01:00,2.6,4.7,0.0,0.0,8.92,12.7,100,93
2026-03-28T02:00,2.6,4.2,0.0,0.0,11.23,12.68,99,93
2026-03-28T03:00,2.0,3.6,0.0,0.0,8.32,12.09,100,99
2026-03-28T04:00,2.4,2.9,0.0,0.0,7.93,13.71,100,93
2026-03-28T05:00,2.8,3.1,1.0,1.0,9.86,14.35,92,98
2026-03-28T06:00,2.9,3.4,20.0,19.0,11.41,14.54,100,100
2026-03-28T07:00,3.3,3.9,30.0,36.0,11.14,14.25,100,100
2026-03-28T08:00,3.7,4.6,74.0,105.0,11.25,13.71,100,98
2026-03-28T09:00,4.7,5.3,98.0,193.0,10.84,13.6,100,86
2026-03-28T10:00,5.7,6.4,147.0,298.0,10.91,13.39,100,88
2026-03-28T11:00,6.4,7.5,165.0,325.0,10.4,13.48,100,86
2026-03-28T12:00,7.7,7.6,336.0,262.0,10.46,12.82,92,99
2026-03-28T13:00,8.4,8.1,307.0,212.0,10.89,12.06,92,100
2026-03-28T14:00,8.7,8.5,175.0,123.0,10.01,11.71,100,100
2026-03-28T15:00,8.0,8.8,101.0,105.0,9.19,11.02,100,97
2026-03-28T16:00,8.3,9.2,68.0,101.0,7.85,10.33,100,88
2026-03-28T17:00,7.5,9.1,20.0,39.0,6.99,9.71,96,92
2026-03-28T18:00,7.3,7.6,0.0,1.0,8.19,10.73,100,96
2026-03-28T19:00,7.1,7.2,0.0,0.0,8.42,10.81,100,93
2026-03-28T20:00,7.1,7.3,0.0,0.0,8.12,10.47,100,97
2026-03-28T21:00,7.0,7.4,0.0,0.0,9.44,10.13,94,95
2026-03-28T22:00,6.9,7.2,0.0,0.0,7.35,10.53,99,87
2026-03-28T23:00,6.4,6.8,0.0,0.0,7.07,10.2,99,89
2026-03-29T00:00,5.8,6.8,0.0,0.0,9.51,11.71,100,90
2026-03-29T01:00,5.5,6.4,0.0,0.0,9.16,11.39,100,94
2026-03-29T02:00,5.2,5.8,0.0,0.0,12.08,11.64,100,96
2026-03-29T03:00,5.0,5.1,0.0,0.0,12.7,12.15,100,99
2026-03-29T04:00,4.1,4.4,0.0,0.0,11.9,12.55,100,99
2026-03-29T05:00,3.8,3.4,0.0,1.0,11.79,12.78,100,99
2026-03-29T06:00,3.6,3.7,31.0,20.0,11.83,14.58,100,100
2026-03-29T07:00,4.2,4.1,80.0,58.0,12.29,14.6,100,100
2026-03-29T08:00,4.7,4.7,85.0,128.0,12.94,14.44,100,100
2026-03-29T09:00,5.1,4.9,70.0,142.0,13.82,13.5,100,100
2026-03-29T10:00,5.6,5.1,135.0,160.0,13.92,13.42,100,100
2026-03-29T11:00,5.9,5.5,136.0,151.0,13.51,13.28,100,100
2026-03-29T12:00,6.7,6.6,141.0,185.0,12.61,13.37,100,100
2026-03-29T13:00,6.8,6.5,164.0,140.0,13.12,12.5,99,95
2026-03-29T14:00,6.9,6.8,148.0,188.0,12.5,12.65,98,92
2026-03-29T15:00,7.2,6.8,103.0,141.0,11.39,12.49,96,96
2026-03-29T16:00,7.0,6.7,64.0,68.0,11.21,12.47,94,99
2026-03-29T17:00,6.8,6.4,24.0,28.0,11.31,13.19,90,99
2026-03-29T18:00,6.6,5.9,1.0,1.0,10.68,14.22,100,87
2026-03-29T19:00,6.4,5.9,0.0,0.0,10.41,13.86,100,97
2026-03-29T20:00,6.3,5.9,0.0,0.0,10.54,13.73,100,97
2026-03-29T21:00,6.2,5.8,0.0,0.0,9.16,12.29,96,94
2026-03-29T22:00,5.9,5.5,0.0,0.0,9.07,10.57,76,86
2026-03-29T23:00,5.4,5.2,0.0,0.0,9.33,9.89,65,75
2026-03-30T00:00,5.2,4.6,0.0,0.0,9.36,9.77,80,62
2026-03-30T01:00,4.8,4.2,0.0,0.0,9.05,9.69,69,65
2026-03-30T02:00,4.3,3.9,0.0,0.0,9.02,9.88,25,63
2026-03-30T03:00,4.1,3.7,0.0,0.0,8.64,9.2,66,72
2026-03-30T04:00,3.9,3.5,0.0,0.0,9.05,9.61,63,79
2026-03-30T05:00,3.8,3.4,2.0,2.0,8.9,9.79,90,76
2026-03-30T06:00,4.2,3.9,69.0,57.0,8.32,10.17,71,85
2026-03-30T07:00,5.3,4.8,176.0,149.0,8.8,9.95,73,98
2026-03-30T08:00,6.7,6.0,298.0,232.0,8.18,9.86,63,99
2026-03-30T09:00,8.1,7.2,487.0,321.0,10.01,9.51,60,100
2026-03-30T10:00,8.5,8.1,592.0,365.0,12.06,9.42,100,100
2026-03-30T11:00,8.5,9.3,533.0,458.0,11.62,9.51,98,99
2026-03-30T12:00,8.3,8.9,546.0,642.0,11.1,11.15,88,81
2026-03-30T13:00,8.5,8.8,402.0,481.0,10.75,10.01,99,96
2026-03-30T14:00,8.3,8.8,301.0,390.0,9.39,10.19,83,100
2026-03-30T15:00,8.8,8.4,317.0,184.0,10.7,10.04,95,100
2026-03-30T16:00,8.1,8.2,197.0,127.0,9.59,9.07,96,100
2026-03-30T17:00,7.5,7.5,60.0,46.0,8.18,8.84,100,100
2026-03-30T18:00,6.9,7.1,1.0,1.0,7.95,8.45,100,100
2026-03-30T19:00,6.1,6.6,0.0,0.0,9.77,9.78,100,100
2026-03-30T20:00,5.8,6.2,0.0,0.0,10.21,10.08,100,100
2026-03-30T21:00,5.5,5.8,0.0,0.0,11.09,10.59,100,100
2026-03-30T22:00,5.0,5.4,0.0,0.0,11.31,11.43,99,82
2026-03-30T23:00,4.6,5.0,0.0,0.0,11.04,11.69,95,80
2026-03-31T00:00,4.5,5.1,0.0,0.0,10.69,12.19,100,100
2026-03-31T01:00,4.4,4.9,0.0,0.0,10.78,12.17,100,100
2026-03-31T02:00,4.4,4.8,0.0,0.0,11.33,12.27,100,100
2026-03-31T03:00,4.5,4.6,0.0,0.0,9.54,12.15,100,100
2026-03-31T04:00,4.4,4.5,0.0,0.0,9.7,11.94,100,100
2026-03-31T05:00,4.2,4.3,2.0,3.0,9.17,11.88,100,100
2026-03-31T06:00,4.4,4.0,36.0,63.0,9.29,11.59,99,100
2026-03-31T07:00,4.8,4.6,118.0,184.0,9.89,11.94,100,95
2026-03-31T08:00,5.2,5.7,151.0,369.0,10.09,11.33,100,94
2026-03-31T09:00,5.7,7.4,140.0,454.0,10.85,10.85,100,100
2026-03-31T10:00,6.8,8.0,202.0,474.0,11.34,11.27,94,90
2026-03-31T11:00,7.6,8.6,310.0,526.0,10.67,11.12,92,99
2026-03-31T12:00,7.6,8.1,243.0,367.0,9.89,11.84,99,98
2026-03-31T13:00,7.6,8.5,260.0,324.0,11.22,11.61,93,99
2026-03-31T14:00,8.6,8.7,288.0,319.0,11.69,11.55,100,100
2026-03-31T15:00,7.7,8.9,155.0,254.0,10.6,10.91,100,100
2026-03-31T16:00,8.0,8.7,114.0,156.0,8.16,9.49,95,100
2026-03-31T17:00,7.9,8.1,49.0,67.0,8.33,8.67,90,100
2026-03-31T18:00,7.1,7.3,2.0,3.0,5.79,8.03,92,100
2026-03-31T19:00,7.3,6.9,0.0,0.0,7.56,7.64,91,98
2026-03-31T20:00,6.9,6.6,0.0,0.0,7.53,6.72,90,100
2026-03-31T21:00,6.3,6.4,0.0,0.0,8.12,7.59,90,97
2026-03-31T22:00,6.1,6.0,0.0,0.0,7.99,9.14,92,46
2026-03-31T23:00,5.7,5.6,0.0,0.0,7.93,9.03,90,78
2026-04-01T00:00,5.2,5.3,0.0,0.0,7.84,8.88,83,84
2026-04-01T01:00,4.8,5.0,0.0,0.0,7.77,9.3,81,82
2026-04-01T02:00,4.6,4.8,0.0,0.0,7.97,9.63,92,50
2026-04-01T03:00,4.3,4.6,0.0,0.0,8.26,9.49,90,66
2026-04-01T04:00,4.1,4.4,0.0,0.0,7.97,9.84,84,80
2026-04-01T05:00,3.9,4.3,4.0,4.0,8.13,9.42,94,76
2026-04-01T06:00,4.3,4.5,90.0,88.0,7.58,8.67,24,58
2026-04-01T07:00,5.2,5.3,248.0,236.0,7.69,8.8,19,44
2026-04-01T08:00,6.5,6.5,407.0,391.0,7.21,8.67,32,39
2026-04-01T09:00,7.7,7.9,554.0,532.0,7.06,8.44,41,52
2026-04-01T10:00,9.0,9.3,618.0,617.0,7.34,8.17,53,58
2026-04-01T11:00,10.1,10.3,654.0,647.0,8.37,8.62,42,62
2026-04-01T12:00,10.7,11.1,534.0,619.0,8.33,8.92,72,64
2026-04-01T13:00,11.2,11.5,587.0,561.0,8.15,9.11,59,71
2026-04-01T14:00,11.3,11.5,478.0,458.0,8.47,8.92,67,61
2026-04-01T15:00,11.3,11.4,337.0,355.0,8.15,9.02,43,59
2026-04-01T16:00,10.9,11.0,215.0,209.0,7.57,8.75,79,64
2026-04-01T17:00,10.3,10.5,68.0,74.0,7.28,8.22,94,68
2026-04-01T18:00,9.8,10.2,3.0,2.0,6.72,7.38,96,98
2026-04-01T19:00,9.4,9.7,0.0,0.0,6.48,7.66,100,100
2026-04-01T20:00,9.1,9.3,0.0,0.0,5.33,8.33,100,100
2026-04-01T21:00,9.2,8.9,0.0,0.0,7.75,8.92,100,88
2026-04-01T22:00,8.7,8.5,0.0,0.0,9.03,9.3,100,84
2026-04-01T23:00,8.4,8.0,0.0,0.0,8.92,9.36,93,90
2026-04-02T00:00,8.0,7.6,0.0,0.0,9.02,9.56,98,83
2026-04-02T01:00,7.5,7.4,0.0,0.0,8.88,9.64,88,89
2026-04-02T02:00,7.2,7.3,0.0,0.0,8.99,10.04,100,93
2026-04-02T03:00,6.6,7.1,0.0,0.0,9.04,9.84,84,82
2026-04-02T04:00,6.4,7.0,0.0,0.0,8.8,9.89,100,83
2026-04-02T05:00,6.2,6.9,3.0,5.0,9.35,9.35,99,75
2026-04-02T06:00,6.5,7.0,39.0,61.0,9.12,9.39,100,83
2026-04-02T07:00,6.9,7.5,113.0,143.0,9.03,9.41,100,98
2026-04-02T08:00,7.4,8.0,178.0,212.0,9.35,9.64,100,96
2026-04-02T09:00,8.2,8.6,224.0,320.0,8.0,10.26,100,95
2026-04-02T10:00,8.9,9.3,237.0,406.0,8.46,10.19,100,92
2026-04-02T11:00,9.3,10.0,264.0,496.0,8.38,10.5,100,81
2026-04-02T12:00,8.5,9.9,250.0,346.0,9.65,10.94,100,100
2026-04-02T13:00,8.5,10.4,269.0,311.0,10.61,10.82,100,100
2026-04-02T14:00,8.5,10.7,262.0,280.0,11.88,9.9,97,100
2026-04-02T15:00,9.6,10.9,295.0,203.0,11.92,9.95,100,96
2026-04-02T16:00,8.7,10.9,164.0,118.0,12.71,9.52,100,90
2026-04-02T17:00,8.3,10.5,62.0,43.0,12.67,9.5,100,90
2026-04-02T18:00,7.9,8.5,2.0,2.0,12.81,10.66,100,90
2026-04-02T19:00,7.8,8.2,0.0,0.0,12.46,10.32,95,89
2026-04-02T20:00,7.8,7.9,0.0,0.0,11.96,10.52,98,97
2026-04-02T21:00,7.7,7.8,0.0,0.0,12.02,11.04,95,100
2026-04-02T22:00,7.6,7.8,0.0,0.0,11.93,10.91,98,100
2026-04-02T23:00,7.4,7.7,0.0,0.0,10.91,11.0,100,88
2026-04-03T00:00,7.4,7.9,0.0,0.0,11.37,11.09,88,55
2026-04-03T01:00,7.2,7.6,0.0,0.0,11.13,10.56,71,46
2026-04-03T02:00,6.9,7.4,0.0,0.0,11.31,10.59,52,48
2026-04-03T03:00,6.8,7.3,0.0,0.0,10.97,10.57,65,51
2026-04-03T04:00,6.6,7.1,0.0,0.0,10.78,10.33,34,33
2026-04-03T05:00,6.4,6.9,7.0,7.0,10.85,9.92,25,90
2026-04-03T06:00,6.9,7.2,99.0,92.0,10.06,10.1,6,64
2026-04-03T07:00,8.0,8.1,257.0,245.0,8.94,8.59,100,13
2026-04-03T08:00,9.4,9.7,414.0,436.0,8.27,9.35,10,0
2026-04-03T09:00,11.4,11.2,582.0,578.0,7.78,10.2,0,22
2026-04-03T10:00,12.6,12.6,664.0,671.0,9.17,10.5,0,11
2026-04-03T11:00,13.9,13.5,741.0,630.0,8.37,10.97,12,80
2026-04-03T12:00,14.8,14.1,745.0,736.0,7.8,9.33,0,15
2026-04-03T13:00,15.3,14.7,693.0,653.0,7.64,9.66,24,78
2026-04-03T14:00,15.7,14.8,558.0,484.0,8.24,8.42,93,40
2026-04-03T15:00,15.6,15.0,321.0,400.0,9.35,8.67,100,49
2026-04-03T16:00,15.3,14.0,164.0,197.0,7.41,9.14,63,45
2026-04-03T17:00,14.4,13.3,86.0,83.0,7.32,7.49,81,47
2026-04-03T18:00,13.4,12.3,3.0,5.0,5.9,5.0,68,53
2026-04-03T19:00,12.4,11.5,0.0,0.0,5.75,4.47,93,82
2026-04-03T20:00,11.5,11.0,0.0,0.0,7.2,5.42,52,74
2026-04-03T21:00,10.8,10.6,0.0,0.0,8.22,7.37,65,55
2026-04-03T22:00,10.3,10.1,0.0,0.0,8.63,7.57,0,40
2026-04-03T23:00,9.7,9.7,0.0,0.0,8.82,7.19,30,20
2026-04-04T00:00,9.4,8.8,0.0,0.0,8.17,6.82,20,16
2026-04-04T01:00,9.2,8.6,0.0,0.0,8.67,6.8,26,19
2026-04-04T02:00,9.1,8.5,0.0,0.0,10.02,7.51,22,47
2026-04-04T03:00,8.8,8.5,0.0,0.0,8.37,8.27,100,88
2026-04-04T04:00,8.8,8.5,0.0,0.0,8.83,8.82,92,91
2026-04-04T05:00,8.9,8.5,5.0,8.0,11.63,9.12,100,98
2026-04-04T06:00,9.9,10.1,51.0,70.0,13.26,10.95,93,96
2026-04-04T07:00,10.6,10.9,80.0,96.0,13.71,12.22,90,88
2026-04-04T08:00,11.3,11.0,139.0,133.0,13.89,11.69,97,92
2026-04-04T09:00,11.4,12.0,120.0,227.0,15.08,11.42,90,92
2026-04-04T10:00,12.1,13.0,198.0,340.0,13.35,12.07,97,94
2026-04-04T11:00,13.3,13.0,345.0,299.0,12.27,13.16,96,94
2026-04-04T12:00,14.8,15.3,578.0,551.0,11.78,11.39,95,74
2026-04-04T13:00,14.5,14.8,389.0,434.0,10.19,11.86,89,79
2026-04-04T14:00,14.0,14.2,349.5,330.0,10.33,11.41,91,66
2026-04-04T15:00,14.0,14.3,261.0,294.0,9.74,11.71,91,72
2026-04-04T16:00,13.4,13.8,167.0,141.0,8.84,11.82,40,80
2026-04-04T17:00,13.1,13.4,69.0,51.0,9.65,11.63,73,76
2026-04-04T18:00,12.4,12.3,4.0,3.0,9.18,12.31,21,82
2026-04-04T19:00,12.3,12.0,0.0,0.0,9.84,10.73,28,87
2026-04-04T20:00,12.2,11.7,0.0,0.0,10.3,10.67,8,99
2026-04-04T21:00,11.7,11.6,0.0,0.0,8.8,10.3,75,3
2026-04-04T22:00,11.3,11.4,0.0,0.0,7.18,9.88,64,26
2026-04-04T23:00,10.9,11.1,0.0,0.0,6.92,9.05,66,20
2026-04-05T00:00,11.3,10.6,0.0,0.0,7.85,8.55,48,14
2026-04-05T01:00,10.9,10.2,0.0,0.0,8.88,7.39,99,0
2026-04-05T02:00,10.8,10.0,0.0,0.0,8.41,6.09,95,0
2026-04-05T03:00,10.7,10.0,0.0,0.0,7.49,4.31,88,13
2026-04-05T04:00,10.1,9.9,0.0,0.0,4.12,1.69,64,2
2026-04-05T05:00,9.5,9.5,9.0,9.0,1.94,0.22,8,40
2026-04-05T06:00,8.9,8.6,104.0,106.0,2.91,2.36,0,61
2026-04-05T07:00,10.9,10.5,264.0,289.0,2.35,2.55,97,5
2026-04-05T08:00,13.3,12.8,416.0,424.0,1.77,2.85,74,13
2026-04-05T09:00,15.7,15.3,559.0,571.0,2.45,2.95,0,46
2026-04-05T10:00,17.9,17.6,674.0,686.0,2.59,4.12,0,7
2026-04-05T11:00,19.8,19.3,731.0,731.0,2.65,4.46,0,11
2026-04-05T12:00,21.2,20.3,730.0,723.0,2.28,3.14,0,13
2026-04-05T13:00,23.0,21.5,675.0,677.0,3.38,2.54,28,73
2026-04-05T14:00,24.2,22.8,574.0,460.0,7.01,1.25,100,16
2026-04-05T15:00,23.9,22.7,430.0,395.0,6.71,1.69,0,42
2026-04-05T16:00,23.2,22.1,262.0,264.0,7.69,3.51,68,0
2026-04-05T17:00,22.2,21.0,97.0,89.0,7.1,3.92,39,6
2026-04-05T18:00,20.0,19.2,5.0,5.0,5.04,4.0,100,57
2026-04-05T19:00,17.8,17.1,0.0,0.0,4.94,5.45,100,52
2026-04-05T20:00,15.8,15.9,0.0,0.0,4.76,5.87,85,46
2026-04-05T21:00,15.0,14.7,0.0,0.0,7.44,5.28,100,41
2026-04-05T22:00,14.3,13.5,0.0,0.0,5.5,2.72,100,61
2026-04-05T23:00,15.7,15.0,0.0,0.0,7.43,11.2,100,80
2026-04-06T00:00,15.7,14.8,0.0,0.0,11.56,6.54,99,100
2026-04-06T01:00,15.1,14.2,0.0,0.0,10.78,6.49,100,100
2026-04-06T02:00,14.8,13.6,0.0,0.0,11.68,5.92,100,100
2026-04-06T03:00,14.3,13.8,0.0,0.0,10.38,7.67,99,100
2026-04-06T04:00,14.0,13.9,0.0,0.0,9.38,9.47,100,96
2026-04-06T05:00,13.8,13.5,5.0,5.0,8.6,11.35,93,92
2026-04-06T06:00,13.4,13.8,69.0,55.0,8.0,11.69,93,88
2026-04-06T07:00,13.7,14.1,178.0,158.0,7.1,10.74,100,92
2026-04-06T08:00,13.7,13.8,206.0,233.0,6.38,9.13,100,96
2026-04-06T09:00,13.5,13.8,203.0,278.0,5.74,7.04,100,100
2026-04-06T10:00,13.6,14.9,215.0,478.0,5.52,6.79,100,100
2026-04-06T11:00,14.6,15.8,285.0,610.0,4.97,8.31,100,100
2026-04-06T12:00,16.5,16.1,507.0,467.0,7.9,9.41,89,100
2026-04-06T13:00,17.0,16.3,570.0,420.0,11.74,8.99,32,98
2026-04-06T14:00,17.1,16.2,448.0,353.0,11.79,8.69,80,96
2026-04-06T15:00,17.1,16.0,345.0,295.0,5.71,8.47,73,94
2026-04-06T16:00,16.4,15.4,197.0,187.0,6.93,8.32,90,92
2026-04-06T17:00,15.3,14.5,84.0,80.0,7.61,7.06,89,90
2026-04-06T18:00,14.0,13.2,6.0,6.0,6.75,5.9,12,88
2026-04-06T19:00,12.8,12.0,0.0,0.0,5.98,4.11,43,65
2026-04-06T20:00,13.2,11.1,0.0,0.0,5.56,3.14,47,43
2026-04-06T21:00,12.4,10.3,0.0,0.0,3.43,3.17,0,20
2026-04-06T22:00,11.5,9.6,0.0,0.0,3.63,3.54,10,15
2026-04-06T23:00,10.7,9.1,0.0,0.0,4.45,3.63,33,11
2026-04-07T00:00,10.1,8.6,0.0,0.0,5.85,3.44,62,6
2026-04-07T01:00,9.8,8.0,0.0,0.0,4.25,3.55,39,9
2026-04-07T02:00,9.4,7.5,0.0,0.0,4.09,3.53,95,13
2026-04-07T03:00,9.1,7.0,0.0,0.0,4.96,3.43,6,16
2026-04-07T04:00,8.6,6.6,0.0,0.0,5.04,3.23,4,21
2026-04-07T05:00,8.4,6.2,13.0,13.0,4.27,3.33,2,26
2026-04-07T06:00,8.9,7.4,121.0,131.0,4.84,2.84,6,31
2026-04-07T07:00,10.1,9.6,289.0,315.0,4.35,2.37,0,37
2026-04-07T08:00,11.1,11.3,456.0,497.0,5.43,3.04,0,42
2026-04-07T09:00,12.3,12.5,599.0,646.0,4.67,3.59,0,48
2026-04-07T10:00,13.7,13.7,701.0,740.0,4.94,3.75,0,24
2026-04-07T11:00,14.8,14.8,755.0,774.0,6.03,4.84,3,9
2026-04-07T12:00,16.1,16.1,751.0,757.3,7.28,6.99,0,0
2026-04-07T13:00,16.7,16.6,698.0,695.0,8.25,8.39,0,0
2026-04-07T14:00,17.0,16.7,594.0,584.0,8.35,9.31,0,0
2026-04-07T15:00,17.2,16.4,449.0,434.0,8.55,9.95,0,0
2026-04-07T16:00,16.5,15.7,280.0,264.0,9.08,10.32,0,0
2026-04-07T17:00,15.6,14.7,111.0,97.0,9.1,10.23,0,0
2026-04-07T18:00,14.0,12.6,8.0,7.0,9.22,11.3,0,0
2026-04-07T19:00,12.6,11.1,0.0,0.0,10.99,11.08,0,0
2026-04-07T20:00,11.8,10.0,0.0,0.0,11.93,11.29,0,0
2026-04-07T21:00,10.3,9.1,0.0,0.0,10.12,11.44,0,0
2026-04-07T22:00,9.2,8.3,0.0,0.0,8.62,10.31,0,0
2026-04-07T23:00,8.3,7.5,0.0,0.0,8.17,8.24,0,0
2026-04-08T00:00,7.8,7.5,0.0,0.0,6.6,6.36,0,0
2026-04-08T01:00,7.2,6.9,0.0,0.0,6.53,6.31,0,0
2026-04-08T02:00,6.7,6.4,0.0,0.0,6.35,6.17,0,0
2026-04-08T03:00,5.8,5.9,0.0,0.0,5.63,5.72,0,0
2026-04-08T04:00,5.3,5.5,0.0,0.0,5.96,6.21,0,0
2026-04-08T05:00,5.1,5.3,14.0,14.0,5.89,6.27,0,0
2026-04-08T06:00,5.8,5.9,130.0,133.0,4.17,5.2,0,0
2026-04-08T07:00,7.1,7.1,301.0,317.0,4.68,5.76,0,0
2026-04-08T08:00,8.3,8.3,472.0,493.0,5.73,5.87,0,0
2026-04-08T09:00,9.2,9.6,615.0,638.0,6.21,5.7,4,0
2026-04-08T10:00,10.4,10.8,721.0,738.0,6.28,5.83,0,0
2026-04-08T11:00,11.7,11.9,775.0,785.0,6.61,6.01,2,0
2026-04-08T12:00,13.0,12.6,760.0,772.0,7.16,5.57,23,0
2026-04-08T13:00,13.1,13.2,650.0,704.0,7.26,5.71,19,0
2026-04-08T14:00,13.7,13.4,574.0,596.0,8.46,5.99,0,0
2026-04-08T15:00,13.8,13.4,454.0,442.0,8.56,6.2,0,0
2026-04-08T16:00,13.3,13.1,285.0,264.0,8.69,6.29,0,0
2026-04-08T17:00,12.6,12.5,115.0,97.0,9.56,6.23,0,0
2026-04-08T18:00,11.6,11.4,9.0,6.0,8.58,6.37,0,0
2026-04-08T19:00,9.4,10.5,0.0,0.0,7.04,5.39,0,0
2026-04-08T20:00,8.3,9.7,0.0,0.0,4.97,5.69,0,0
2026-04-08T21:00,7.8,8.7,0.0,0.0,4.74,5.62,0,0
2026-04-08T22:00,7.8,7.9,0.0,0.0,5.99,4.22,0,0
2026-04-08T23:00,7.3,7.2,0.0,0.0,5.51,2.71,0,0
2026-04-09T00:00,7.1,5.7,0.0,0.0,3.73,2.85,0,0
2026-04-09T01:00,6.4,5.5,0.0,0.0,3.6,3.26,0,0
2026-04-09T02:00,5.9,5.4,0.0,0.0,4.23,3.83,3,0
2026-04-09T03:00,5.9,5.2,0.0,0.0,5.54,4.16,0,0
2026-04-09T04:00,5.7,5.0,0.0,0.0,5.61,4.53,0,12
2026-04-09T05:00,5.5,5.0,16.0,18.0,5.98,4.72,0,23
2026-04-09T06:00,6.2,6.4,137.0,154.0,5.54,4.72,0,35
2026-04-09T07:00,7.5,8.2,310.0,346.0,4.96,4.45,0,44
2026-04-09T08:00,8.3,9.6,480.0,528.0,4.96,5.52,16,53
2026-04-09T09:00,9.9,10.9,627.0,686.0,6.41,6.03,6,62
2026-04-09T10:00,11.1,12.2,732.0,804.0,5.86,6.45,18,58
2026-04-09T11:00,12.1,13.3,777.0,842.0,5.83,6.96,9,53
2026-04-09T12:00,12.6,13.6,779.0,899.0,5.61,7.24,21,49
2026-04-09T13:00,13.1,14.2,726.0,824.0,5.85,7.36,7,37
2026-04-09T14:00,13.4,14.4,603.0,667.0,6.33,7.6,0,25
2026-04-09T15:00,13.6,14.2,458.0,481.0,4.53,7.47,18,13
2026-04-09T16:00,13.3,13.5,260.0,301.0,5.1,7.14,59,9
2026-04-09T17:00,12.9,12.3,111.0,117.0,5.49,6.99,36,4
2026-04-09T18:00,11.6,10.8,10.0,9.0,4.56,5.42,0,0
2026-04-09T19:00,10.2,9.3,0.0,0.0,6.09,4.79,13,0
2026-04-09T20:00,7.8,7.8,0.0,0.0,4.03,4.18,12,0
2026-04-09T21:00,6.7,6.3,0.0,0.0,4.23,3.26,0,0
2026-04-09T22:00,5.9,5.4,0.0,0.0,2.95,2.45,0,0
2026-04-09T23:00,5.3,4.7,0.0,0.0,3.5,2.12,0,0
2026-04-10T00:00,4.8,4.6,0.0,0.0,3.38,2.49,0,0
2026-04-10T01:00,4.3,4.0,0.0,0.0,2.61,2.01,0,1
2026-04-10T02:00,3.7,3.5,0.0,0.0,2.37,2.02,0,8
2026-04-10T03:00,3.1,3.4,0.0,0.0,2.0,1.5,58,95
2026-04-10T04:00,2.6,3.4,0.0,0.0,1.97,1.18,91,100
2026-04-10T05:00,2.3,3.5,15.0,13.0,1.63,0.79,97,100
2026-04-10T06:00,2.1,2.9,98.0,88.0,0.9,2.02,100,100
2026-04-10T07:00,3.3,4.1,210.0,137.0,0.5,1.5,97,100
2026-04-10T08:00,4.1,5.2,219.0,181.0,1.29,2.33,100,100
2026-04-10T09:00,5.7,6.5,299.0,207.0,0.1,2.19,100,100
2026-04-10T10:00,6.6,7.9,315.0,258.0,0.83,1.1,100,100
2026-04-10T11:00,7.2,8.5,227.0,265.0,0.79,0.98,100,100
2026-04-10T12:00,4.5,9.0,114.0,207.0,1.53,0.57,100,100
2026-04-10T13:00,4.7,9.3,146.0,129.0,1.62,1.47,100,100
2026-04-10T14:00,5.2,9.4,142.0,136.0,1.68,3.21,100,100
2026-04-10T15:00,5.0,9.3,98.0,80.0,2.01,5.01,100,100
2026-04-10T16:00,5.6,8.3,53.0,72.0,0.77,4.22,100,100
2026-04-10T17:00,5.9,8.1,21.0,20.0,0.35,3.61,100,100
2026-04-10T18:00,5.9,7.2,3.0,3.0,1.33,0.98,99,100
2026-04-10T19:00,5.8,6.9,0.0,0.0,1.94,0.49,97,100
2026-04-10T20:00,5.4,6.7,0.0,0.0,2.5,0.31,96,100
2026-04-10T21:00,5.0,6.5,0.0,0.0,1.55,0.28,88,99
2026-04-10T22:00,4.8,6.5,0.0,0.0,1.53,1.0,59,100
2026-04-10T23:00,4.6,6.4,0.0,0.0,2.39,1.67,54,99
2026-04-11T00:00,4.3,5.0,0.0,0.0,1.88,3.88,100,99
2026-04-11T01:00,4.4,4.7,0.0,0.0,3.22,3.86,99,100
2026-04-11T02:00,4.7,4.3,0.0,0.0,4.22,3.7,100,99
2026-04-11T03:00,4.6,4.1,0.0,0.0,3.94,3.8,100,98
2026-04-11T04:00,4.6,4.1,0.0,0.0,4.52,3.72,70,99
2026-04-11T05:00,4.7,4.3,19.0,19.0,4.45,3.61,91,97
2026-04-11T06:00,4.9,4.7,125.0,119.0,2.53,2.49,100,100
2026-04-11T07:00,6.4,7.1,298.0,277.0,2.18,2.2,100,88
2026-04-11T08:00,7.6,9.3,466.0,459.0,2.36,2.88,42,40
2026-04-11T09:00,8.6,10.7,481.0,616.0,2.59,2.79,82,34
2026-04-11T10:00,9.7,12.0,571.0,658.0,2.66,2.65,74,11
2026-04-11T11:00,10.4,13.1,636.0,764.0,2.95,2.35,49,7
2026-04-11T12:00,11.5,13.1,738.0,741.0,2.29,1.28,20,37
2026-04-11T13:00,12.3,13.8,705.0,703.0,2.28,1.58,7,15
2026-04-11T14:00,12.9,14.1,609.0,604.0,1.81,1.81,9,19
2026-04-11T15:00,13.0,14.0,460.0,453.0,2.11,1.69,7,44
2026-04-11T16:00,12.9,13.5,292.0,278.0,2.23,2.19,16,69
2026-04-11T17:00,12.4,12.8,122.0,112.0,3.19,2.57,0,40
2026-04-11T18:00,11.7,10.7,12.0,12.0,2.35,3.69,0,10
2026-04-11T19:00,10.8,9.4,0.0,0.0,3.35,4.67,0,8
2026-04-11T20:00,9.5,8.5,0.0,0.0,4.13,4.47,0,3
2026-04-11T21:00,8.2,7.8,0.0,0.0,4.37,3.95,0,5
2026-04-11T22:00,7.4,7.1,0.0,0.0,3.18,4.57,0,58
2026-04-11T23:00,6.7,6.5,0.0,0.0,2.67,4.87,0,68
2026-04-12T00:00,6.3,6.2,0.0,0.0,2.6,4.17,0,77
2026-04-12T01:00,5.8,6.0,0.0,0.0,2.14,4.21,0,75
2026-04-12T02:00,5.3,6.2,0.0,0.0,2.68,5.3,83,84
2026-04-12T03:00,5.2,6.5,0.0,0.0,3.91,5.85,84,98
2026-04-12T04:00,5.2,6.7,0.0,0.0,4.3,6.51,91,87
2026-04-12T05:00,5.4,6.6,15.0,17.0,4.84,6.94,75,97
2026-04-12T06:00,6.6,6.7,60.0,87.0,3.72,6.27,91,85
2026-04-12T07:00,7.7,7.7,193.0,216.0,4.06,5.55,77,74
2026-04-12T08:00,9.3,9.5,314.0,342.0,5.04,6.47,78,88
2026-04-12T09:00,11.2,11.8,344.0,497.0,6.17,7.15,95,69
2026-04-12T10:00,12.7,13.6,365.0,547.0,7.34,8.33,77,85
2026-04-12T11:00,13.9,14.7,445.0,504.0,7.37,8.37,86,72
2026-04-12T12:00,15.1,15.3,476.0,595.0,8.39,9.1,95,84
2026-04-12T13:00,15.9,15.6,519.0,514.0,8.48,9.62,95,72
2026-04-12T14:00,16.3,15.4,465.0,427.0,8.67,9.39,67,72
2026-04-12T15:00,16.2,15.3,321.0,331.0,7.92,9.52,100,78
2026-04-12T16:00,15.8,14.9,178.0,181.0,8.04,9.7,76,83
2026-04-12T17:00,15.2,14.4,90.0,81.0,8.19,9.36,80,75
2026-04-12T18:00,14.3,13.4,11.0,10.0,7.83,11.09,100,83
2026-04-12T19:00,13.0,12.6,0.0,0.0,9.54,12.33,77,73
2026-04-12T20:00,12.2,12.0,0.0,0.0,9.29,13.3,45,85
2026-04-12T21:00,11.8,11.6,0.0,0.0,8.65,12.07,46,86
2026-04-12T22:00,10.9,11.0,0.0,0.0,6.98,11.29,43,75
2026-04-12T23:00,10.2,10.5,0.0,0.0,7.87,11.5,34,68
2026-04-13T00:00,9.7,9.8,0.0,0.0,8.43,12.34,100,46
2026-04-13T01:00,9.3,9.3,0.0,0.0,9.55,11.6,100,37
2026-04-13T02:00,9.0,8.9,0.0,0.0,9.55,12.26,100,32
2026-04-13T03:00,8.5,8.5,0.0,0.0,9.46,12.11,100,39
2026-04-13T04:00,7.9,8.0,0.0,0.0,9.38,10.95,89,28
2026-04-13T05:00,7.9,7.8,20.0,22.0,9.49,10.81,97,52
2026-04-13T06:00,8.2,8.7,114.0,123.0,7.94,9.93,100,100
2026-04-13T07:00,9.5,10.2,222.0,282.0,8.52,10.27,96,74
2026-04-13T08:00,11.2,11.9,356.0,459.0,8.27,9.77,94,35
2026-04-13T09:00,12.7,13.5,533.0,611.0,9.24,10.61,92,25
2026-04-13T10:00,14.3,15.2,681.0,711.0,9.82,10.9,100,35
2026-04-13T11:00,15.7,16.6,733.0,754.0,9.33,10.62,41,24
2026-04-13T12:00,17.0,17.6,693.0,751.0,9.32,10.04,100,100
2026-04-13T13:00,17.4,18.0,593.0,611.0,8.83,9.86,98,97
2026-04-13T14:00,17.5,18.3,369.0,485.0,8.54,9.64,100,100
2026-04-13T15:00,17.3,18.1,226.0,329.0,8.07,9.57,100,100
2026-04-13T16:00,17.1,17.7,142.0,213.0,8.47,9.73,93,100
2026-04-13T17:00,16.7,16.9,82.0,70.0,8.62,8.86,91,100
2026-04-13T18:00,15.9,15.8,8.0,7.0,8.74,8.74,93,100
2026-04-13T19:00,15.0,15.0,0.0,0.0,7.97,10.1,100,100
2026-04-13T20:00,14.3,14.3,0.0,0.0,7.62,10.82,99,100
2026-04-13T21:00,13.0,13.7,0.0,0.0,7.1,9.4,100,100
2026-04-13T22:00,12.4,13.1,0.0,0.0,9.13,9.3,98,100
2026-04-13T23:00,11.9,12.4,0.0,0.0,7.45,9.49,100,100
2026-04-14T00:00,11.7,11.3,0.0,0.0,6.38,9.52,98,100
2026-04-14T01:00,11.2,10.9,0.0,0.0,5.83,8.48,94,100
2026-04-14T02:00,10.7,10.6,0.0,0.0,5.36,7.36,100,100
2026-04-14T03:00,10.2,10.1,0.0,0.0,5.13,6.93,100,100
2026-04-14T04:00,10.0,9.7,0.0,0.0,5.06,5.85,97,100
2026-04-14T05:00,9.7,9.5,17.0,20.0,5.75,5.48,100,99
2026-04-14T06:00,9.9,9.7,86.0,93.0,4.09,6.53,100,98
2026-04-14T07:00,10.0,10.8,108.0,196.0,3.83,5.47,100,96
2026-04-14T08:00,10.9,12.7,226.0,356.0,3.27,6.0,100,76
2026-04-14T09:00,12.3,14.3,333.0,505.0,4.35,6.45,96,97
2026-04-14T10:00,13.4,15.5,379.0,528.0,5.13,5.92,100,96
2026-04-14T11:00,14.0,16.6,315.0,555.0,4.3,5.36,100,96
2026-04-14T12:00,13.5,16.9,254.0,481.0,2.1,3.06,99,91
2026-04-14T13:00,13.2,17.6,191.0,518.0,1.12,2.96,99,100
2026-04-14T14:00,13.1,17.7,143.0,340.0,1.8,2.19,100,100
2026-04-14T15:00,16.8,17.7,267.0,239.0,1.31,1.8,98,100
2026-04-14T16:00,16.2,17.5,116.0,123.0,2.55,1.92,99,99
2026-04-14T17:00,15.7,17.0,33.0,54.0,2.11,2.38,99,100
2026-04-14T18:00,12.9,14.5,3.0,4.0,1.77,6.57,97,100
2026-04-14T19:00,12.7,13.6,0.0,0.0,1.9,7.56,99,100
2026-04-14T20:00,12.3,13.2,0.0,0.0,4.19,8.18,100,100
2026-04-14T21:00,12.7,13.0,0.0,0.0,5.25,9.25,100,100
2026-04-14T22:00,12.5,12.8,0.0,0.0,5.98,8.86,100,100
2026-04-14T23:00,12.3,12.7,0.0,0.0,6.51,8.86,96,100
2026-04-15T00:00,12.5,12.7,0.0,0.0,5.67,3.92,100,100
2026-04-15T01:00,12.3,12.7,0.0,0.0,5.49,3.92,100,97
2026-04-15T02:00,12.2,12.6,0.0,0.0,4.74,4.3,100,100
2026-04-15T03:00,11.8,12.4,0.0,0.0,4.56,4.1,100,99
2026-04-15T04:00,11.8,12.3,0.0,0.0,4.25,4.3,100,100
2026-04-15T05:00,11.8,12.2,9.0,7.0,4.17,4.08,100,100
2026-04-15T06:00,11.9,11.6,34.0,27.0,3.07,3.59,99,100
2026-04-15T07:00,12.3,11.9,67.0,70.0,2.75,3.38,100,98
2026-04-15T08:00,12.7,12.2,66.0,84.0,2.06,3.47,100,98
2026-04-15T09:00,13.0,12.6,118.0,121.0,2.55,3.12,100,99
2026-04-15T10:00,13.4,13.1,154.0,186.0,2.84,2.8,100,99
2026-04-15T11:00,13.9,13.6,223.0,201.0,2.5,2.48,100,97
2026-04-15T12:00,16.0,14.8,429.0,228.0,1.43,1.86,90,94
2026-04-15T13:00,17.0,15.1,457.0,181.0,1.43,1.49,98,98
2026-04-15T14:00,16.9,15.2,317.0,143.0,3.15,1.27,100,99
2026-04-15T15:00,16.9,15.3,138.0,132.0,2.88,1.38,97,97
2026-04-15T16:00,16.5,15.3,95.0,102.0,3.59,1.47,72,94
2026-04-15T17:00,16.2,15.1,95.0,51.0,3.2,2.0,38,94
2026-04-15T18:00,15.5,14.2,15.0,6.0,2.34,3.55,21,86
2026-04-15T19:00,14.8,13.5,0.0,0.0,1.39,2.46,16,64
2026-04-15T20:00,14.3,12.7,0.0,0.0,1.32,2.06,27,42
2026-04-15T21:00,13.9,12.0,0.0,0.0,1.28,2.0,94,22
2026-04-15T22:00,13.6,11.3,0.0,0.0,1.27,2.2,71,5
2026-04-15T23:00,13.2,10.6,0.0,0.0,1.67,2.98,81,10
2026-04-16T00:00,13.6,10.1,0.0,0.0,1.59,2.57,95,62
2026-04-16T01:00,13.3,10.0,0.0,0.0,1.57,2.48,96,68
2026-04-16T02:00,13.0,9.9,0.0,0.0,3.23,2.54,94,75
2026-04-16T03:00,12.9,9.9,0.0,0.0,1.25,3.45,97,92
2026-04-16T04:00,12.9,10.2,0.0,0.0,1.53,3.95,100,95
2026-04-16T05:00,12.6,10.5,14.0,18.0,2.67,4.57,100,91
2026-04-16T06:00,13.2,12.1,77.0,65.0,1.62,5.22,100,100
2026-04-16T07:00,14.1,12.9,184.0,144.0,2.15,4.27,100,99
2026-04-16T08:00,15.6,13.8,348.0,210.0,2.1,2.1,99,99
2026-04-16T09:00,17.0,15.3,461.0,360.0,4.0,3.95,100,99
2026-04-16T10:00,17.5,16.9,372.0,562.0,5.02,3.15,98,100
2026-04-16T11:00,17.9,18.3,395.0,621.0,5.49,3.21,99,100
2026-04-16T12:00,16.8,18.2,299.0,538.0,6.82,3.51,100,87
2026-04-16T13:00,16.8,18.9,297.0,508.0,5.92,4.08,94,82
2026-04-16T14:00,17.6,18.9,288.0,447.0,4.61,4.17,100,96
2026-04-16T15:00,17.0,18.2,268.0,286.0,5.87,4.38,72,69
2026-04-16T16:00,17.1,17.9,195.0,246.0,6.27,4.03,55,32
2026-04-16T17:00,16.7,17.5,89.0,124.0,5.79,4.84,62,29
2026-04-16T18:00,16.0,16.6,17.0,7.0,6.36,5.94,46,85
2026-04-16T19:00,15.2,15.8,0.0,0.0,6.54,6.49,92,66
2026-04-16T20:00,14.9,15.0,0.0,0.0,7.77,6.93,22,28
2026-04-16T21:00,14.8,14.6,0.0,0.0,7.77,6.9,82,50
2026-04-16T22:00,14.6,14.3,0.0,0.0,7.51,6.84,89,56
2026-04-16T23:00,14.1,14.0,0.0,0.0,7.78,6.53,100,38
2026-04-17T00:00,13.8,14.3,0.0,0.0,7.93,6.59,73,71
2026-04-17T01:00,13.7,13.8,0.0,0.0,7.32,5.79,82,94
2026-04-17T02:00,13.4,13.5,0.0,0.0,6.22,4.78,55,100
2026-04-17T03:00,13.3,13.1,0.0,0.0,5.83,4.58,47,78
2026-04-17T04:00,12.8,12.6,0.0,0.0,5.8,4.78,35,37
2026-04-17T05:00,12.7,12.5,32.0,34.0,5.35,4.99,0,11
2026-04-17T06:00,14.2,13.6,165.0,161.0,3.9,3.74,13,10
2026-04-17T07:00,15.8,15.2,337.0,339.0,2.88,2.67,10,0
2026-04-17T08:00,17.3,16.6,493.0,504.0,2.59,2.89,35,1
2026-04-17T09:00,18.5,17.7,628.0,642.0,2.98,2.95,6,6
2026-04-17T10:00,19.3,18.8,580.0,739.0,4.21,3.04,80,10
2026-04-17T11:00,20.2,19.7,654.0,786.0,3.69,3.05,97,7
2026-04-17T12:00,20.7,20.1,620.0,672.0,4.23,3.83,27,31
2026-04-17T13:00,21.2,20.5,640.0,625.0,4.42,3.92,30,100
2026-04-17T14:00,21.5,20.3,513.0,430.0,4.9,4.27,61,47
2026-04-17T15:00,20.4,20.1,245.0,377.0,3.81,4.52,62,85
2026-04-17T16:00,20.5,19.6,241.0,250.0,4.95,4.82,62,56
2026-04-17T17:00,19.7,18.9,109.0,124.0,5.3,5.11,14,51
2026-04-17T18:00,19.0,17.8,19.0,16.0,6.23,4.91,0,48
2026-04-17T19:00,17.3,16.7,0.0,0.0,6.66,3.04,0,64
2026-04-17T20:00,15.9,15.5,0.0,0.0,4.31,4.12,0,48
2026-04-17T21:00,15.2,14.9,0.0,0.0,2.98,2.51,0,64
2026-04-17T22:00,14.7,14.1,0.0,0.0,4.48,2.5,19,53
2026-04-17T23:00,13.8,13.4,0.0,0.0,4.31,4.03,4,49
2026-04-18T00:00,13.2,13.1,0.0,0.0,4.64,2.53,0,52
2026-04-18T01:00,12.6,12.3,0.0,0.0,4.91,2.72,0,9
2026-04-18T02:00,12.0,11.8,0.0,0.0,5.41,3.46,0,50
2026-04-18T03:00,11.6,11.4,0.0,0.0,5.21,3.64,43,42
2026-04-18T04:00,11.2,10.9,0.0,0.0,5.13,3.73,0,18
2026-04-18T05:00,11.0,10.8,37.0,37.0,4.33,3.41,10,34
2026-04-18T06:00,11.5,11.8,175.0,174.0,2.91,3.27,9,8
2026-04-18T07:00,12.5,13.2,347.0,349.0,2.95,2.31,27,3
2026-04-18T08:00,13.7,14.6,516.0,517.0,3.23,2.33,2,15
2026-04-18T09:00,15.2,16.0,653.0,656.0,2.9,2.85,63,7
2026-04-18T10:00,16.7,17.2,752.0,757.0,2.98,3.07,4,0
2026-04-18T11:00,17.9,18.3,802.0,806.0,3.15,3.38,6,0
2026-04-18T12:00,18.9,18.8,802.0,807.0,3.43,3.53,13,0
2026-04-18T13:00,19.6,19.3,743.0,748.0,3.46,3.33,25,11
2026-04-18T14:00,20.0,19.6,628.0,637.0,3.69,3.04,72,52
2026-04-18T15:00,20.1,19.5,466.0,486.0,3.82,3.04,85,14
2026-04-18T16:00,19.6,19.1,301.0,319.0,3.29,3.33,63,23
2026-04-18T17:00,19.0,18.3,130.0,144.0,2.51,3.53,62,34
2026-04-18T18:00,18.0,17.3,19.0,17.0,1.53,2.45,93,53
2026-04-18T19:00,17.1,16.1,0.0,0.0,0.81,1.18,100,29
2026-04-18T20:00,16.1,13.8,0.0,0.0,2.2,0.71,96,4
2026-04-18T21:00,15.4,12.2,0.0,0.0,2.23,1.39,59,22
2026-04-18T22:00,14.6,11.3,0.0,0.0,2.77,1.53,63,52
2026-04-18T23:00,13.8,10.7,0.0,0.0,3.45,2.2,21,41
2026-04-19T00:00,13.6,11.0,0.0,0.0,3.22,2.58,65,70
2026-04-19T01:00,13.1,10.6,0.0,0.0,3.33,2.45,66,77
2026-04-19T02:00,12.5,9.8,0.0,0.0,2.77,1.98,35,97
2026-04-19T03:00,11.7,9.1,0.0,0.0,0.98,1.2,79,94
2026-04-19T04:00,11.6,8.8,0.0,0.0,1.36,0.98,88,69
2026-04-19T05:00,11.6,9.0,27.0,35.0,0.69,1.06,100,59
2026-04-19T06:00,11.8,11.0,84.0,160.0,1.53,2.16,100,100
2026-04-19T07:00,13.5,13.1,186.0,259.0,0.9,2.26,98,100
2026-04-19T08:00,15.0,15.2,174.0,351.0,1.62,2.02,100,100
2026-04-19T09:00,15.4,17.3,331.0,471.0,1.58,2.08,100,100
2026-04-19T10:00,16.4,19.1,331.0,568.0,1.8,3.12,100,100
2026-04-19T11:00,16.6,20.1,311.0,496.0,1.98,3.6,100,100
2026-04-19T12:00,19.2,17.7,328.0,297.0,0.9,7.95,100,100
2026-04-19T13:00,18.3,17.6,256.0,330.0,6.88,8.62,100,100
2026-04-19T14:00,17.6,17.4,190.0,257.0,6.77,10.72,100,98
2026-04-19T15:00,18.3,17.1,162.0,220.0,5.22,10.11,100,98
2026-04-19T16:00,17.5,16.0,143.0,117.0,6.22,10.23,100,100
2026-04-19T17:00,17.9,15.1,59.0,47.0,4.06,10.53,68,100
2026-04-19T18:00,16.6,15.9,16.0,14.0,6.64,10.0,100,100
2026-04-19T19:00,15.4,14.7,0.0,0.0,9.03,10.38,100,100
2026-04-19T20:00,14.6,13.8,0.0,0.0,8.77,11.44,100,100
2026-04-19T21:00,13.9,12.4,0.0,0.0,7.28,10.39,100,100
2026-04-19T22:00,13.0,11.5,0.0,0.0,8.95,9.7,100,100
2026-04-19T23:00,11.5,10.8,0.0,0.0,7.82,9.67,100,100
2026-04-20T00:00,10.4,10.5,0.0,0.0,8.33,11.29,100,100
2026-04-20T01:00,9.6,9.9,0.0,0.0,9.54,10.74,100,100
2026-04-20T02:00,9.0,9.4,0.0,0.0,10.15,11.49,100,100
2026-04-20T03:00,8.9,8.9,0.0,0.0,8.52,10.84,100,100
2026-04-20T04:00,8.7,8.7,0.0,0.0,7.47,10.27,100,100
2026-04-20T05:00,8.9,8.7,27.0,31.0,7.01,10.1,100,100
2026-04-20T06:00,9.0,9.1,108.0,120.0,6.76,8.52,100,100
2026-04-20T07:00,10.3,10.5,233.0,249.0,6.02,7.78,100,100
2026-04-20T08:00,11.7,12.1,355.0,388.0,5.97,10.25,100,100
2026-04-20T09:00,12.8,13.6,474.0,506.0,5.98,10.48,100,99
2026-04-20T10:00,14.3,14.7,446.0,631.0,6.32,9.64,100,81
2026-04-20T11:00,13.6,15.6,413.0,627.0,5.37,9.44,100,62
2026-04-20T12:00,15.1,16.2,432.0,492.0,7.92,9.88,94,91
2026-04-20T13:00,15.3,16.6,418.0,548.0,6.9,9.95,73,79
2026-04-20T14:00,16.0,16.7,410.0,511.0,7.27,10.54,99,71
2026-04-20T15:00,16.7,16.2,301.0,391.0,8.08,10.25,94,58
2026-04-20T16:00,15.8,15.7,237.0,274.0,7.88,10.41,94,55
2026-04-20T17:00,15.1,14.6,80.0,117.0,7.36,10.39,100,64
2026-04-20T18:00,14.1,14.5,12.0,14.0,5.46,4.59,82,81
2026-04-20T19:00,13.5,13.4,0.0,0.0,3.99,3.23,85,74
2026-04-20T20:00,11.9,12.3,0.0,0.0,6.01,2.7,88,80
2026-04-20T21:00,10.8,11.7,0.0,0.0,5.25,3.68,97,72
2026-04-20T22:00,9.9,11.0,0.0,0.0,5.33,5.92,100,52
2026-04-20T23:00,9.6,9.8,0.0,0.0,2.45,3.91,81,72
2026-04-21T00:00,9.4,10.5,0.0,0.0,3.72,5.74,100,47
2026-04-21T01:00,9.2,9.5,0.0,0.0,3.13,4.25,100,56
2026-04-21T02:00,8.7,8.9,0.0,0.0,4.59,4.9,100,75
2026-04-21T03:00,7.9,8.5,0.0,0.0,4.92,4.77,100,75
2026-04-21T04:00,7.5,8.1,0.0,0.0,4.8,5.43,95,63
2026-04-21T05:00,7.3,7.9,22.0,37.0,5.53,6.06,80,88
2026-04-21T06:00,7.1,8.8,102.0,104.0,6.14,6.56,90,92
2026-04-21T07:00,8.1,8.9,244.0,192.0,6.25,6.67,89,90
2026-04-21T08:00,8.9,9.4,220.0,261.0,7.28,6.31,100,93
2026-04-21T09:00,8.7,10.1,215.0,366.0,6.57,5.49,100,91
2026-04-21T10:00,8.9,10.4,126.0,453.0,5.63,5.71,99,95
2026-04-21T11:00,10.0,10.7,235.0,512.0,6.2,6.1,100,98
2026-04-21T12:00,10.8,11.6,357.0,508.0,5.63,5.88,99,97
2026-04-21T13:00,12.2,12.2,453.0,467.0,4.53,6.27,92,95
2026-04-21T14:00,13.6,12.7,513.0,356.0,5.51,4.88,80,93
2026-04-21T15:00,12.4,13.5,347.0,309.0,6.12,7.7,66,65
2026-04-21T16:00,13.0,13.2,214.0,267.0,7.18,7.9,100,50
2026-04-21T17:00,12.3,12.5,93.0,144.0,6.28,8.06,96,27
2026-04-21T18:00,11.6,11.1,18.0,25.0,6.47,6.76,81,21
2026-04-21T19:00,10.7,10.0,0.0,0.0,5.9,6.36,76,15
2026-04-21T20:00,9.7,9.3,0.0,0.0,6.06,8.89,100,27
2026-04-21T21:00,9.3,8.4,0.0,0.0,6.42,8.8,65,3
2026-04-21T22:00,8.8,7.8,0.0,0.0,5.69,8.01,84,56
2026-04-21T23:00,8.4,7.6,0.0,0.0,5.41,6.85,60,64
2026-04-22T00:00,8.2,7.3,0.0,0.0,5.17,6.61,0,7
2026-04-22T01:00,7.6,6.8,0.0,0.0,4.34,6.04,0,9
2026-04-22T02:00,7.0,6.3,0.0,0.0,4.65,5.77,0,32
2026-04-22T03:00,6.7,5.8,0.0,0.0,4.65,5.87,0,30
2026-04-22T04:00,6.3,5.6,0.0,0.0,4.8,5.82,5,18
2026-04-22T05:00,6.3,6.0,52.0,51.0,4.72,6.27,0,29
2026-04-22T06:00,7.4,7.4,199.0,189.0,3.21,5.7,12,40
2026-04-22T07:00,9.0,9.0,375.0,364.0,3.46,5.35,7,37
2026-04-22T08:00,10.3,10.6,545.0,539.0,4.15,5.18,46,2
2026-04-22T09:00,11.5,11.9,593.0,579.0,4.96,5.39,59,88
2026-04-22T10:00,12.5,13.1,591.0,607.0,6.77,6.2,84,90
2026-04-22T11:00,13.3,13.8,692.0,665.0,5.89,5.72,64,79
2026-04-22T12:00,13.6,14.7,638.0,817.0,5.49,6.54,76,8
2026-04-22T13:00,14.3,15.0,600.0,768.0,7.04,7.03,64,5
2026-04-22T14:00,14.5,15.2,529.0,660.0,6.63,7.23,97,0
2026-04-22T15:00,14.7,15.1,491.0,512.0,6.05,7.46,91,3
2026-04-22T16:00,14.2,14.8,305.0,337.0,6.53,7.35,0,20
2026-04-22T17:00,13.8,14.1,150.0,158.0,6.23,7.41,24,40
2026-04-22T18:00,13.2,13.0,29.0,25.0,6.66,6.7,23,30
2026-04-22T19:00,12.1,11.7,0.0,0.0,7.41,6.26,33,2
2026-04-22T20:00,11.3,10.9,0.0,0.0,6.33,6.22,0,19
2026-04-22T21:00,10.7,10.4,0.0,0.0,6.69,7.01,0,2
2026-04-22T22:00,9.9,9.9,0.0,0.0,8.34,7.35,0,48
2026-04-22T23:00,9.7,9.6,0.0,0.0,7.91,8.02,30,69
2026-04-23T00:00,9.3,9.3,0.0,0.0,7.09,9.26,63,66
2026-04-23T01:00,9.2,9.3,0.0,0.0,8.02,10.39,99,94
2026-04-23T02:00,9.2,9.1,0.0,0.0,8.76,10.78,96,70
2026-04-23T03:00,8.5,8.8,0.0,0.0,8.77,10.91,71,43
2026-04-23T04:00,8.0,8.4,0.0,0.0,8.52,10.7,5,42
2026-04-23T05:00,7.8,8.5,52.0,47.0,8.26,10.3,35,79
2026-04-23T06:00,8.9,9.5,185.0,188.0,9.16,9.46,69,89
2026-04-23T07:00,10.3,10.9,340.0,323.0,9.25,10.39,98,92
2026-04-23T08:00,12.0,12.6,458.0,443.0,9.68,10.41,100,93
2026-04-23T09:00,14.1,14.3,567.0,595.0,10.5,11.26,100,99
2026-04-23T10:00,15.5,15.5,672.0,704.0,10.6,11.09,70,85
2026-04-23T11:00,16.7,16.4,822.0,753.0,10.12,10.64,0,96
2026-04-23T12:00,17.7,17.3,827.0,787.0,10.33,11.38,0,55
2026-04-23T13:00,18.3,17.9,768.0,739.0,10.5,11.51,60,35
2026-04-23T14:00,18.7,18.1,641.0,638.0,10.66,11.6,66,27
2026-04-23T15:00,19.0,17.9,468.0,498.0,10.92,11.11,68,5
2026-04-23T16:00,18.6,17.6,319.0,334.0,10.6,10.57,63,2
2026-04-23T17:00,17.9,17.0,162.0,161.0,8.94,10.34,0,0
2026-04-23T18:00,16.8,15.4,30.0,28.0,9.53,10.22,0,13
2026-04-23T19:00,15.7,14.2,0.0,0.0,9.68,9.55,0,0
2026-04-23T20:00,14.7,13.2,0.0,0.0,10.7,9.92,0,0
2026-04-23T21:00,13.9,12.6,0.0,0.0,8.68,9.46,0,8
2026-04-23T22:00,12.7,12.0,0.0,0.0,7.7,9.37,0,40
2026-04-23T23:00,11.9,11.5,0.0,0.0,7.98,9.5,0,45
2026-04-24T00:00,10.9,11.1,0.0,0.0,7.93,8.75,0,17
2026-04-24T01:00,10.1,10.6,0.0,0.0,8.03,8.87,0,0
2026-04-24T02:00,9.8,10.2,0.0,0.0,8.09,9.3,0,9
2026-04-24T03:00,9.6,9.9,0.0,0.0,8.41,9.79,0,0
2026-04-24T04:00,9.0,9.6,0.0,0.0,8.83,9.22,0,0
2026-04-24T05:00,9.2,9.7,55.0,56.0,8.43,8.68,0,20
2026-04-24T06:00,10.5,10.6,201.0,202.0,8.38,7.21,0,0
2026-04-24T07:00,12.2,12.0,376.0,375.0,7.54,7.91,0,0
2026-04-24T08:00,13.9,13.3,542.0,541.0,6.64,8.35,0,9
2026-04-24T09:00,15.6,14.7,681.0,677.0,5.89,8.11,0,27
2026-04-24T10:00,16.9,16.0,777.0,770.0,5.69,7.56,13,16
2026-04-24T11:00,18.3,17.3,819.0,817.0,5.11,7.34,38,33
2026-04-24T12:00,19.6,18.3,824.0,791.0,5.41,6.25,1,33
2026-04-24T13:00,21.0,18.9,767.0,738.0,7.28,5.76,3,29
2026-04-24T14:00,21.5,19.2,670.0,641.0,7.35,5.26,0,25
2026-04-24T15:00,21.5,19.3,522.0,501.0,7.26,4.78,0,15
2026-04-24T16:00,21.3,19.1,348.0,335.0,6.82,4.35,0,4
2026-04-24T17:00,20.5,18.5,172.0,165.0,5.89,3.54,0,0
2026-04-24T18:00,19.4,17.9,33.0,30.0,4.37,3.11,0,57
2026-04-24T19:00,18.0,16.7,0.0,0.0,3.15,3.67,0,72
2026-04-24T20:00,16.4,15.6,0.0,0.0,2.22,4.06,8,75
2026-04-24T21:00,15.5,14.6,0.0,0.0,5.35,4.03,94,60
2026-04-24T22:00,14.7,13.4,0.0,0.0,5.97,4.4,60,64
2026-04-24T23:00,13.1,12.7,0.0,0.0,6.04,5.17,71,99
2026-04-25T00:00,12.1,10.5,0.0,0.0,6.51,3.73,48,2
2026-04-25T01:00,11.5,10.6,0.0,0.0,6.39,4.21,45,35
2026-04-25T02:00,11.1,10.2,0.0,0.0,6.58,4.67,65,29
2026-04-25T03:00,10.8,9.6,0.0,0.0,6.64,3.82,61,64
2026-04-25T04:00,10.5,9.0,1.0,1.0,6.2,3.64,8,59
2026-04-25T05:00,10.7,9.4,58.0,60.0,5.61,3.82,0,62
2026-04-25T06:00,12.0,10.3,205.0,202.0,5.35,2.15,11,45
2026-04-25T07:00,13.9,13.0,377.0,371.0,4.06,1.84,25,75
2026-04-25T08:00,16.0,15.5,543.0,536.0,5.09,3.01,3,52
2026-04-25T09:00,17.4,17.6,684.0,672.0,3.97,5.32,0,100
2026-04-25T10:00,19.2,19.0,781.0,759.0,4.65,6.23,3,97
2026-04-25T11:00,20.7,20.3,827.0,816.0,5.13,6.75,2,18
2026-04-25T12:00,22.0,21.7,820.0,814.0,5.61,7.08,0,13
2026-04-25T13:00,22.9,22.3,759.0,756.0,5.8,6.42,0,0
2026-04-25T14:00,23.3,22.6,654.0,647.0,6.19,5.64,0,22
2026-04-25T15:00,23.4,22.5,509.0,484.0,5.83,5.82,0,43
2026-04-25T16:00,23.1,21.8,342.0,325.0,5.99,6.86,0,18
2026-04-25T17:00,22.0,20.7,170.0,162.0,8.06,7.84,0,11
2026-04-25T18:00,20.7,19.4,33.0,32.0,9.34,11.95,0,0
2026-04-25T19:00,19.3,18.5,0.0,0.0,10.46,11.68,0,91
2026-04-25T20:00,18.2,17.7,0.0,0.0,10.76,10.45,0,0
2026-04-25T21:00,17.2,16.6,0.0,0.0,10.74,8.19,0,5
2026-04-25T22:00,16.6,15.6,0.0,0.0,9.36,7.7,11,0
2026-04-25T23:00,15.7,14.8,0.0,0.0,8.74,7.7,0,0
2026-04-26T00:00,14.7,15.0,0.0,0.0,8.98,7.34,0,26
2026-04-26T01:00,13.9,14.2,0.0,0.0,8.64,9.27,0,0
2026-04-26T02:00,13.0,13.7,0.0,0.0,7.98,11.94,0,0
2026-04-26T03:00,13.0,13.0,0.0,0.0,10.84,12.87,75,4
2026-04-26T04:00,12.4,11.9,1.0,1.0,11.02,12.83,67,15
2026-04-26T05:00,11.9,11.1,61.0,63.0,9.03,13.19,18,22
2026-04-26T06:00,10.6,11.1,196.0,206.0,10.97,12.67,30,29
2026-04-26T07:00,10.4,10.9,362.0,346.0,10.04,11.4,42,52
2026-04-26T08:00,11.4,11.3,553.0,519.0,9.65,10.3,9,32
2026-04-26T09:00,12.5,12.3,702.0,696.0,8.47,9.26,0,24
2026-04-26T10:00,13.7,13.4,803.0,800.0,7.57,8.55,1,56
2026-04-26T11:00,14.7,14.4,852.0,847.0,7.37,7.93,0,89
2026-04-26T12:00,15.6,15.4,840.0,847.0,6.73,8.73,25,15
2026-04-26T13:00,16.2,16.0,780.0,781.0,7.01,8.41,11,54
2026-04-26T14:00,16.6,16.2,677.0,665.0,6.88,8.17,0,100
2026-04-26T15:00,16.5,16.1,527.0,517.0,6.39,7.87,0,81
2026-04-26T16:00,16.4,15.5,354.0,346.0,5.7,7.87,0,83
2026-04-26T17:00,15.7,14.6,176.0,175.0,5.39,7.66,4,6
2026-04-26T18:00,14.8,13.7,36.0,35.0,5.46,6.85,1,4
2026-04-26T19:00,13.6,12.4,0.0,0.0,4.05,5.77,100,26
2026-04-26T20:00,12.7,11.5,0.0,0.0,2.86,3.68,96,14
2026-04-26T21:00,12.2,11.0,0.0,0.0,0.31,2.3,100,42
2026-04-26T22:00,11.4,10.6,0.0,0.0,2.08,0.57,100,55
2026-04-26T23:00,11.2,9.5,0.0,0.0,1.23,1.33,100,100
2026-04-27T00:00,10.1,9.1,0.0,0.0,1.98,4.41,100,100
2026-04-27T01:00,9.6,8.8,0.0,0.0,2.99,5.48,100,100
2026-04-27T02:00,9.3,8.4,0.0,0.0,3.02,4.84,63,100
2026-04-27T03:00,8.9,7.9,0.0,0.0,4.3,4.59,87,100
2026-04-27T04:00,8.2,7.5,1.0,1.0,3.86,4.44,100,86
2026-04-27T05:00,7.7,7.5,59.0,61.0,3.64,4.22,98,39
2026-04-27T06:00,8.3,7.9,190.0,209.0,3.1,3.59,76,29
2026-04-27T07:00,9.9,9.9,379.0,384.0,3.16,3.13,77,7
2026-04-27T08:00,11.8,12.0,543.0,552.0,3.73,2.98,23,4
2026-04-27T09:00,13.4,13.9,691.0,691.0,3.57,3.03,0,15
2026-04-27T10:00,15.1,15.5,788.0,787.0,3.35,2.86,0,18
2026-04-27T11:00,16.3,16.7,838.0,835.0,3.13,2.76,0,33
2026-04-27T12:00,17.2,18.0,831.0,831.0,2.69,2.73,0,7
2026-04-27T13:00,18.0,18.6,774.0,772.0,2.16,2.5,0,6
2026-04-27T14:00,18.4,18.9,668.0,658.0,3.35,2.26,3,87
2026-04-27T15:00,18.4,18.7,521.0,446.0,3.13,2.07,0,100
2026-04-27T16:00,18.2,18.3,342.0,271.0,2.6,2.26,2,79
2026-04-27T17:00,17.4,17.7,166.0,160.0,3.99,2.46,100,8
2026-04-27T18:00,16.6,16.5,37.0,34.0,4.48,3.53,100,19
2026-04-27T19:00,15.6,14.8,0.0,0.0,4.24,4.12,23,25
2026-04-27T20:00,14.6,13.6,0.0,0.0,3.66,3.82,3,63
2026-04-27T21:00,13.5,12.4,0.0,0.0,2.05,3.94,94,87
2026-04-27T22:00,12.7,11.7,0.0,0.0,1.31,3.34,7,80
2026-04-27T23:00,11.9,11.2,0.0,0.0,2.5,2.36,72,97
2026-04-28T00:00,11.1,10.8,0.0,0.0,4.1,2.29,28,95
2026-04-28T01:00,10.1,10.0,0.0,0.0,3.61,2.16,76,97
2026-04-28T02:00,9.3,9.4,0.0,0.0,3.76,2.83,100,97
2026-04-28T03:00,8.9,9.0,0.0,0.0,3.11,3.67,100,85
2026-04-28T04:00,9.0,8.7,1.0,1.0,2.89,3.27,100,98
2026-04-28T05:00,9.0,9.0,49.0,57.0,3.38,3.47,100,100
2026-04-28T06:00,9.6,10.0,174.0,168.0,1.62,3.37,100,100
2026-04-28T07:00,10.8,11.5,337.0,296.0,1.73,1.98,100,100
2026-04-28T08:00,12.4,13.2,492.0,434.0,2.01,2.3,100,100
2026-04-28T09:00,14.8,15.0,598.0,546.0,2.11,2.64,93,100
2026-04-28T10:00,16.6,16.5,731.0,615.0,3.14,3.71,88,100
2026-04-28T11:00,17.8,17.5,766.0,667.0,3.55,4.06,100,100
2026-04-28T12:00,18.2,18.2,621.0,617.0,3.38,3.27,100,99
2026-04-28T13:00,18.6,18.5,581.0,582.0,3.26,2.86,100,100
2026-04-28T14:00,18.8,18.8,544.0,516.0,3.35,3.09,100,100
2026-04-28T15:00,19.2,18.8,355.0,405.0,4.35,3.33,100,100
2026-04-28T16:00,18.5,18.3,261.0,260.0,5.13,4.65,100,100
2026-04-28T17:00,18.0,17.5,141.0,127.0,5.2,6.03,100,100
2026-04-28T18:00,16.2,16.0,38.0,32.0,7.35,7.5,100,100
2026-04-28T19:00,14.5,14.2,0.0,0.0,7.18,9.06,100,100
2026-04-28T20:00,13.0,13.0,0.0,0.0,6.74,8.22,100,100
2026-04-28T21:00,12.4,12.0,0.0,0.0,6.09,7.1,100,100
2026-04-28T22:00,11.4,11.3,0.0,0.0,6.33,6.82,100,100
2026-04-28T23:00,10.5,10.6,0.0,0.0,6.14,6.44,100,100
2026-04-29T00:00,9.7,9.6,0.0,0.0,6.3,6.51,100,54
2026-04-29T01:00,9.1,9.2,0.0,0.0,5.86,6.1,100,67
2026-04-29T02:00,8.7,8.6,0.0,0.0,5.31,6.11,88,44
2026-04-29T03:00,7.9,7.8,0.0,0.0,5.59,5.29,100,40
2026-04-29T04:00,7.3,7.1,2.0,2.0,4.63,4.8,0,12
2026-04-29T05:00,7.3,7.1,70.0,71.0,4.03,4.41,0,1
2026-04-29T06:00,7.6,7.7,222.0,203.0,4.04,4.02,10,54
2026-04-29T07:00,8.7,9.1,395.0,354.0,4.21,4.17,0,39
2026-04-29T08:00,10.7,11.1,568.0,553.0,4.84,4.46,0,0
2026-04-29T09:00,12.6,12.9,704.0,709.0,4.67,5.14,29,0
2026-04-29T10:00,13.9,14.1,809.0,814.0,5.16,5.9,0,0
2026-04-29T11:00,14.8,14.9,862.0,864.0,6.14,6.5,0,0
2026-04-29T12:00,15.5,15.0,854.0,851.0,6.98,6.77,0,0
2026-04-29T13:00,15.7,15.0,791.0,789.0,8.06,7.23,0,0
2026-04-29T14:00,15.0,14.7,684.0,681.0,9.49,7.89,0,0
2026-04-29T15:00,15.0,14.0,526.0,532.0,8.8,8.39,30,0
2026-04-29T16:00,13.8,12.9,363.0,362.0,8.59,8.68,0,2
2026-04-29T17:00,12.8,11.6,186.0,183.0,8.81,9.38,0,21
2026-04-29T18:00,10.7,9.8,42.0,43.0,9.73,8.69,5,0
2026-04-29T19:00,9.4,8.5,0.0,0.0,8.38,8.42,0,0
2026-04-29T20:00,8.3,7.5,0.0,0.0,8.77,9.51,0,0
2026-04-29T21:00,7.5,6.6,0.0,0.0,7.65,8.39,0,0
2026-04-29T22:00,6.8,6.1,0.0,0.0,6.75,7.03,0,0
2026-04-29T23:00,6.1,5.6,0.0,0.0,5.86,6.63,0,0
2026-04-30T00:00,5.6,4.9,0.0,0.0,5.62,5.61,0,0
2026-04-30T01:00,5.3,4.4,0.0,0.0,6.31,5.58,0,0
2026-04-30T02:00,4.9,3.9,0.0,0.0,5.83,5.1,0,0
2026-04-30T03:00,4.5,3.2,0.0,0.0,4.8,4.83,0,0
2026-04-30T04:00,4.3,2.7,2.0,2.0,4.61,4.85,0,0
2026-04-30T05:00,4.5,3.7,77.0,79.0,4.22,4.45,0,0
2026-04-30T06:00,5.2,5.6,236.0,238.0,4.22,4.37,0,0
2026-04-30T07:00,6.5,7.2,416.0,418.0,4.66,5.19,0,0
2026-04-30T08:00,8.5,9.1,584.0,587.0,5.39,5.8,0,0
2026-04-30T09:00,10.2,10.4,726.0,728.0,5.11,5.66,0,0
2026-04-30T10:00,11.4,11.6,825.0,825.0,5.04,5.42,0,0
2026-04-30T11:00,12.4,12.6,871.0,869.0,4.96,5.27,0,0
2026-04-30T12:00,13.3,13.8,861.0,856.0,5.06,4.65,0,0
2026-04-30T13:00,14.1,14.5,799.0,793.0,5.14,5.04,0,0
2026-04-30T14:00,14.9,14.8,690.0,684.0,5.49,5.4,0,0
2026-04-30T15:00,14.0,14.7,540.0,538.0,5.28,5.4,0,4
2026-04-30T16:00,14.2,14.4,366.0,365.0,7.23,5.3,0,53
2026-04-30T17:00,14.0,13.9,191.0,186.0,6.32,5.52,0,15
2026-04-30T18:00,13.1,12.7,45.0,43.0,5.54,4.41,0,0
2026-04-30T19:00,12.0,11.0,0.0,0.0,3.7,3.72,0,0
2026-04-30T20:00,11.2,9.7,0.0,0.0,3.66,4.97,1,0
2026-04-30T21:00,10.8,9.1,0.0,0.0,3.53,4.29,94,6
2026-04-30T22:00,10.3,8.4,0.0,0.0,3.84,4.3,100,2
2026-04-30T23:00,10.2,7.8,0.0,0.0,5.14,4.47,100,4
2026-05-01T00:00,9.6,7.1,0.0,0.0,5.06,4.95,11,2
2026-05-01T01:00,9.4,6.7,0.0,0.0,5.02,4.8,0,0
2026-05-01T02:00,8.9,5.9,0.0,0.0,4.33,4.52,0,0
2026-05-01T03:00,8.5,5.3,0.0,0.0,3.69,4.62,0,0
2026-05-01T04:00,8.0,4.9,3.0,3.0,3.42,4.54,0,0
2026-05-01T05:00,8.3,5.9,76.0,78.0,3.21,4.33,0,0
2026-05-01T06:00,9.6,9.3,225.0,229.0,1.71,4.43,0,0
2026-05-01T07:00,11.2,11.0,397.0,401.0,1.67,4.0,0,0
2026-05-01T08:00,13.2,12.6,562.0,564.0,3.24,3.5,0,0
2026-05-01T09:00,14.5,14.3,699.0,695.0,3.63,4.02,0,19
2026-05-01T10:00,15.7,15.7,791.0,784.0,3.63,3.94,0,25
2026-05-01T11:00,17.0,17.0,836.0,834.0,3.67,4.35,0,0
2026-05-01T12:00,17.9,18.2,828.0,828.0,3.84,3.61,0,0
2026-05-01T13:00,18.6,18.9,773.0,768.0,3.57,3.94,81,4
2026-05-01T14:00,18.8,19.1,491.0,648.0,4.4,4.5,62,38
2026-05-01T15:00,19.7,19.2,498.0,474.0,2.66,3.94,46,40
2026-05-01T16:00,19.4,19.0,320.0,320.0,3.05,4.04,0,41
2026-05-01T17:00,19.3,18.4,184.0,169.0,2.91,3.53,0,23
2026-05-01T18:00,18.9,17.3,45.0,43.0,3.67,3.0,21,0
2026-05-01T19:00,17.4,15.4,0.0,0.0,6.26,3.16,0,0
2026-05-01T20:00,16.3,13.8,0.0,0.0,7.15,3.73,0,2
2026-05-01T21:00,15.7,12.8,0.0,0.0,8.18,3.91,8,0
2026-05-01T22:00,15.4,12.0,0.0,0.0,5.96,4.43,0,0
2026-05-01T23:00,14.9,11.7,0.0,0.0,5.14,4.7,0,0
2026-05-02T00:00,13.1,11.3,0.0,0.0,3.4,4.65,0,0
2026-05-02T01:00,12.6,11.0,0.0,0.0,3.7,4.74,0,0
2026-05-02T02:00,12.0,10.7,0.0,0.0,3.43,4.47,0,0
2026-05-02T03:00,11.4,10.2,0.0,0.0,2.84,4.25,0,0
2026-05-02T04:00,10.8,9.6,3.0,3.0,2.43,3.45,0,0
2026-05-02T05:00,11.1,10.2,78.0,80.0,2.36,2.65,0,0
2026-05-02T06:00,13.0,13.4,228.0,232.0,2.1,3.12,0,0
2026-05-02T07:00,15.2,16.1,401.0,405.0,0.9,1.67,0,0
2026-05-02T08:00,16.9,18.0,566.0,570.0,1.83,2.16,0,0
2026-05-02T09:00,18.9,19.4,707.0,706.0,2.17,2.17,0,0
2026-05-02T10:00,20.2,20.6,805.0,800.0,2.39,2.06,0,0
2026-05-02T11:00,21.1,21.7,853.0,846.0,1.98,1.9,0,0
2026-05-02T12:00,22.2,22.5,840.0,840.0,1.74,2.42,0,0
2026-05-02T13:00,22.8,23.1,785.0,781.0,1.74,2.47,0,0
2026-05-02T14:00,23.1,23.4,679.0,677.0,3.04,2.57,0,0
2026-05-02T15:00,23.2,23.3,533.0,533.0,2.65,2.64,0,0
2026-05-02T16:00,23.0,22.8,366.0,364.0,2.65,2.54,0,0
2026-05-02T17:00,22.4,22.1,193.0,191.0,2.48,2.52,0,0
2026-05-02T18:00,21.8,20.4,48.0,47.0,2.5,2.54,0,0
2026-05-02T19:00,20.4,18.7,0.0,0.0,3.26,2.95,0,0
2026-05-02T20:00,18.7,16.7,0.0,0.0,4.93,5.29,0,0
2026-05-02T21:00,17.5,15.6,0.0,0.0,5.8,6.06,0,0
2026-05-02T22:00,16.5,14.8,0.0,0.0,6.04,6.17,0,0
2026-05-02T23:00,15.8,13.7,0.0,0.0,5.87,5.19,0,0
2026-05-03T00:00,15.0,12.3,0.0,0.0,5.91,4.53,0,0
2026-05-03T01:00,14.1,11.1,0.0,0.0,4.12,3.82,0,0
2026-05-03T02:00,12.6,10.4,0.0,0.0,3.24,3.88,0,0
2026-05-03T03:00,11.0,9.6,0.0,0.0,2.78,3.46,0,0
2026-05-03T04:00,10.3,9.0,4.0,4.0,2.67,3.47,0,0
2026-05-03T05:00,10.4,9.5,79.0,81.0,3.2,3.88,0,0
2026-05-03T06:00,12.2,11.6,227.0,230.0,2.91,3.74,0,0
2026-05-03T07:00,14.3,14.3,399.0,402.0,3.12,2.86,0,0
2026-05-03T08:00,18.0,17.6,565.0,569.0,6.06,4.86,0,0
2026-05-03T09:00,20.2,20.7,708.0,708.0,10.0,8.04,0,0
2026-05-03T10:00,21.9,22.7,806.0,805.0,10.71,10.03,0,0
2026-05-03T11:00,23.3,24.0,851.0,850.0,10.65,10.39,0,0
2026-05-03T12:00,24.1,24.7,845.0,843.0,10.38,10.83,0,7
2026-05-03T13:00,24.6,25.1,788.0,785.0,10.7,10.61,0,3
2026-05-03T14:00,24.7,25.1,682.0,679.0,10.94,10.72,0,0
2026-05-03T15:00,24.5,24.8,537.0,536.0,10.37,10.66,0,1
2026-05-03T16:00,23.7,24.2,368.0,367.0,10.98,10.75,0,0
2026-05-03T17:00,22.7,23.2,194.0,193.0,10.91,10.61,0,0
2026-05-03T18:00,21.3,21.1,50.0,49.0,10.08,11.44,0,0
2026-05-03T19:00,19.9,19.0,0.0,0.0,11.35,12.58,0,0
2026-05-03T20:00,18.5,17.7,0.0,0.0,11.0,12.18,0,0
2026-05-03T21:00,17.4,16.6,0.0,0.0,9.57,11.81,0,0
2026-05-03T22:00,16.5,15.7,0.0,0.0,8.9,11.67,0,2
2026-05-03T23:00,15.9,15.0,0.0,0.0,8.29,11.28,0,2
2026-05-04T00:00,15.3,14.8,0.0,0.0,8.38,8.43,0,10
2026-05-04T01:00,14.6,13.7,0.0,0.0,7.2,6.69,4,89
2026-05-04T02:00,13.7,12.9,0.0,0.0,6.23,5.42,0,100
2026-05-04T03:00,12.9,12.1,0.0,0.0,5.8,3.77,98,8
2026-05-04T04:00,12.6,11.4,5.0,5.0,5.21,2.98,100,23
2026-05-04T05:00,12.9,11.9,78.0,75.0,5.64,2.26,93,100
2026-05-04T06:00,14.0,13.7,219.0,228.0,3.73,3.78,43,30
2026-05-04T07:00,15.9,16.1,382.0,387.0,2.41,2.72,100,81
2026-05-04T08:00,18.5,18.3,499.0,483.0,3.13,2.98,100,100
2026-05-04T09:00,20.8,20.4,633.0,585.0,3.03,3.55,100,100
2026-05-04T10:00,22.5,22.6,740.0,680.0,3.26,4.13,100,100
2026-05-04T11:00,24.4,24.5,790.0,769.0,4.94,4.7,100,80
2026-05-04T12:00,26.4,26.9,803.0,839.0,7.24,9.65,100,11
2026-05-04T13:00,26.7,27.4,673.0,791.0,7.84,10.72,100,19
2026-05-04T14:00,27.1,27.5,600.0,683.0,7.99,11.67,100,4
2026-05-04T15:00,26.8,27.3,507.0,539.0,7.25,11.63,100,2
2026-05-04T16:00,26.3,26.9,347.0,370.0,7.33,10.82,68,5
2026-05-04T17:00,25.1,26.1,189.0,196.0,8.94,9.71,12,8
2026-05-04T18:00,23.7,23.6,50.0,51.0,8.37,10.17,16,0
2026-05-04T19:00,22.2,21.1,0.0,0.0,9.46,11.28,19,0
2026-05-04T20:00,20.4,19.6,0.0,0.0,8.2,10.77,96,0
2026-05-04T21:00,19.0,18.5,0.0,0.0,7.84,10.08,100,1
2026-05-04T22:00,18.2,17.4,0.0,0.0,8.28,9.84,51,11
2026-05-04T23:00,17.3,16.4,0.0,0.0,6.91,8.91,0,21
2026-05-05T00:00,16.4,14.6,0.0,0.0,4.56,6.11,0,45
2026-05-05T01:00,15.5,13.5,0.0,0.0,4.21,5.41,14,8
2026-05-05T02:00,14.6,12.6,0.0,0.0,3.26,4.45,0,24
2026-05-05T03:00,14.0,12.2,0.0,0.0,4.16,4.08,40,20
2026-05-05T04:00,13.0,11.8,6.0,5.0,2.31,3.54,51,3
2026-05-05T05:00,12.3,12.2,80.0,87.0,1.53,3.33,100,8
2026-05-05T06:00,13.0,13.4,168.0,177.0,1.29,2.57,100,100
2026-05-05T07:00,14.7,15.9,319.0,335.0,0.98,1.61,89,95
2026-05-05T08:00,17.8,18.8,521.0,512.0,1.88,2.22,71,100
2026-05-05T09:00,20.5,21.9,641.0,619.0,2.5,2.08,65,100
2026-05-05T10:00,24.6,26.1,732.0,753.0,6.57,3.11,17,100
2026-05-05T11:00,27.4,27.9,840.0,751.0,10.28,10.12,100,77
2026-05-05T12:00,27.5,26.9,721.0,817.0,12.64,13.47,93,66
2026-05-05T13:00,26.8,26.9,516.0,685.0,11.58,12.05,70,78
2026-05-05T14:00,26.2,26.3,410.0,618.0,11.86,13.05,80,79
2026-05-05T15:00,25.6,24.7,331.0,433.0,13.26,12.15,100,53
2026-05-05T16:00,24.5,23.4,293.0,320.0,13.23,12.83,49,58
2026-05-05T17:00,23.0,22.0,187.0,171.0,12.84,12.74,100,100
2026-05-05T18:00,21.7,19.7,49.0,38.0,12.72,11.68,100,29
2026-05-05T19:00,19.7,18.1,0.0,0.0,10.65,11.17,76,65
2026-05-05T20:00,18.6,17.1,0.0,0.0,9.9,9.95,72,12
2026-05-05T21:00,17.7,16.1,0.0,0.0,8.06,8.25,2,46
2026-05-05T22:00,17.0,15.0,0.0,0.0,6.86,6.67,100,0
2026-05-05T23:00,16.5,13.9,0.0,0.0,4.82,5.0,100,0
2026-05-06T00:00,16.8,14.5,0.0,0.0,4.9,3.48,100,70
2026-05-06T01:00,17.7,14.2,0.0,0.0,7.94,2.88,90,76
2026-05-06T02:00,17.6,13.8,0.0,0.0,8.52,2.27,100,67
2026-05-06T03:00,17.4,14.7,0.0,0.0,8.13,6.71,94,77
2026-05-06T04:00,16.9,16.0,3.0,4.0,7.45,9.1,98,72
2026-05-06T05:00,17.1,17.0,28.0,58.0,6.69,8.82,78,70
2026-05-06T06:00,17.9,18.3,162.0,101.0,3.01,5.1,90,79
2026-05-06T07:00,18.4,19.1,234.0,224.0,1.39,3.25,99,100
2026-05-06T08:00,19.3,20.1,319.0,361.0,2.15,1.74,95,67
2026-05-06T09:00,20.9,21.3,507.0,551.0,3.03,1.98,100,100
2026-05-06T10:00,22.6,22.5,725.0,655.0,4.78,4.12,96,98
2026-05-06T11:00,24.0,22.7,773.0,590.0,6.52,6.12,98,100
2026-05-06T12:00,24.2,24.2,592.0,580.0,6.58,6.66,100,100
2026-05-06T13:00,24.3,24.7,399.0,615.0,9.5,6.25,100,87
2026-05-06T14:00,24.1,26.2,324.0,564.0,9.66,5.92,86,100
2026-05-06T15:00,25.1,26.3,342.0,361.0,10.06,9.22,67,100
2026-05-06T16:00,23.4,25.5,253.0,229.0,11.38,8.67,100,100
2026-05-06T17:00,22.0,24.6,154.0,118.0,10.01,9.92,100,100
2026-05-06T18:00,21.7,21.6,40.0,41.0,10.29,12.26,79,70
2026-05-06T19:00,20.3,19.9,0.0,0.0,10.01,12.24,74,27
2026-05-06T20:00,19.1,18.5,0.0,0.0,9.6,11.48,100,90
2026-05-06T21:00,18.2,17.7,0.0,0.0,8.56,10.44,100,65
2026-05-06T22:00,17.5,17.4,0.0,0.0,5.52,8.85,100,100
2026-05-06T23:00,16.5,17.0,0.0,0.0,11.66,7.05,100,100
2026-05-07T00:00,16.0,15.5,0.0,0.0,13.48,4.52,97,94
2026-05-07T01:00,15.6,15.0,0.0,0.0,13.16,4.03,80,100
2026-05-07T02:00,15.0,15.4,0.0,0.0,11.95,10.11,41,100
2026-05-07T03:00,15.2,15.1,0.0,0.0,10.68,13.36,100,20
2026-05-07T04:00,14.9,15.1,5.0,7.0,11.27,14.32,100,69
2026-05-07T05:00,14.9,15.6,46.0,80.0,11.08,13.62,100,67
2026-05-07T06:00,15.5,16.4,199.0,238.0,11.18,11.97,97,42
2026-05-07T07:00,16.4,17.7,264.0,396.0,10.84,11.0,75,40
2026-05-07T08:00,17.7,19.0,415.0,548.0,9.45,11.39,83,54
2026-05-07T09:00,18.6,20.3,446.0,651.0,6.81,10.59,100,56
2026-05-07T10:00,19.4,21.3,454.0,660.0,7.05,8.57,100,74
2026-05-07T11:00,19.8,22.4,373.0,622.0,6.88,6.14,100,59
2026-05-07T12:00,20.4,21.4,399.0,423.0,5.61,2.4,100,100
2026-05-07T13:00,20.6,22.0,317.0,441.0,2.37,1.76,100,100
2026-05-07T14:00,21.2,21.6,362.0,301.0,0.98,3.61,100,100
2026-05-07T15:00,20.6,21.3,268.0,224.0,1.04,2.1,100,100
2026-05-07T16:00,20.5,20.5,178.0,145.0,1.74,2.76,100,100
2026-05-07T17:00,20.0,19.6,138.0,85.0,2.7,3.21,79,100
2026-05-07T18:00,19.0,16.7,20.0,16.0,5.55,3.56,100,100
2026-05-07T19:00,17.2,16.0,0.0,0.0,5.75,3.73,100,100
2026-05-07T20:00,16.3,15.3,0.0,0.0,4.92,2.42,100,100
2026-05-07T21:00,15.5,14.5,0.0,0.0,7.27,1.4,100,89
2026-05-07T22:00,15.0,13.9,0.0,0.0,6.59,1.2,100,45
2026-05-07T23:00,14.6,13.2,0.0,0.0,7.04,1.88,100,50
2026-05-08T00:00,13.9,15.0,0.0,0.0,4.43,7.81,100,36
2026-05-08T01:00,13.3,14.5,0.0,0.0,4.25,7.06,0,30
2026-05-08T02:00,12.9,13.9,0.0,0.0,3.94,5.9,0,10
2026-05-08T03:00,12.3,13.5,0.0,0.0,4.3,5.75,0,32
2026-05-08T04:00,11.9,13.3,8.0,7.0,3.53,5.37,0,40
2026-05-08T05:00,12.2,14.1,96.0,91.0,3.57,5.96,0,30
2026-05-08T06:00,13.4,15.1,251.0,225.0,3.45,6.22,0,50
2026-05-08T07:00,14.5,16.4,422.0,396.0,3.28,5.77,0,14
2026-05-08T08:00,15.5,17.8,582.0,581.0,3.33,4.34,0,1
2026-05-08T09:00,17.1,19.1,714.0,714.0,2.86,3.2,0,1
2026-05-08T10:00,18.5,20.2,795.0,749.0,2.86,2.73,13,40
2026-05-08T11:00,19.7,20.8,765.0,638.0,3.04,2.71,98,41
2026-05-08T12:00,20.4,22.0,659.0,760.0,1.25,1.98,84,58
2026-05-08T13:00,21.0,22.5,554.0,611.0,1.29,2.02,61,58
2026-05-08T14:00,20.5,22.8,452.0,595.0,3.13,1.87,66,48
2026-05-08T15:00,21.5,22.7,477.0,423.0,1.88,1.74,100,71
2026-05-08T16:00,21.6,22.4,266.0,283.0,3.33,1.94,100,97
2026-05-08T17:00,20.8,21.9,157.0,129.0,4.04,2.67,93,100
2026-05-08T18:00,20.1,20.2,56.0,49.0,4.61,4.35,100,100
2026-05-08T19:00,19.1,19.1,1.0,1.0,4.99,5.21,100,100
2026-05-08T20:00,17.1,18.0,0.0,0.0,6.63,5.37,100,100
2026-05-08T21:00,14.9,17.1,0.0,0.0,5.21,6.63,100,100
2026-05-08T22:00,14.3,15.3,0.0,0.0,4.62,5.48,100,100
2026-05-08T23:00,14.0,14.3,0.0,0.0,3.88,3.88,100,100
2026-05-09T00:00,13.6,13.8,0.0,0.0,3.45,3.96,100,100
2026-05-09T01:00,13.2,13.4,0.0,0.0,3.53,3.65,100,100
2026-05-09T02:00,12.8,13.0,0.0,0.0,3.04,3.37,100,100
2026-05-09T03:00,12.4,12.5,0.0,0.0,2.76,3.73,100,65
2026-05-09T04:00,12.2,11.8,7.0,9.0,2.17,4.05,100,15
2026-05-09T05:00,12.3,12.2,76.0,91.0,2.33,3.51,100,54
2026-05-09T06:00,13.2,13.4,198.0,138.0,2.4,3.47,100,100
2026-05-09T07:00,14.2,14.3,259.0,244.0,2.45,3.83,60,100
2026-05-09T08:00,15.3,15.4,453.0,366.0,2.85,3.79,78,100
2026-05-09T09:00,17.4,16.9,685.0,467.0,2.95,3.04,39,97
2026-05-09T10:00,19.0,18.6,798.0,597.0,3.29,3.1,2,100
2026-05-09T11:00,20.4,20.0,845.0,684.0,3.04,3.02,41,100
2026-05-09T12:00,21.2,20.8,836.0,716.0,3.11,3.08,0,93
2026-05-09T13:00,21.7,21.2,755.0,655.0,2.51,3.07,92,100
2026-05-09T14:00,21.7,21.3,385.0,596.0,2.34,3.32,100,99
2026-05-09T15:00,21.3,21.2,277.0,448.0,4.09,2.64,100,100
2026-05-09T16:00,20.8,21.0,155.0,290.0,3.4,2.04,100,100
2026-05-09T17:00,20.4,20.6,98.0,192.0,2.37,1.89,100,20
2026-05-09T18:00,19.9,19.9,45.0,55.0,2.79,2.5,37,29
2026-05-09T19:00,18.9,18.5,1.0,1.0,2.38,3.43,0,6
2026-05-09T20:00,17.0,17.2,0.0,0.0,3.77,3.64,0,4
2026-05-09T21:00,16.1,16.0,0.0,0.0,5.36,4.37,50,15
2026-05-09T22:00,15.3,15.0,0.0,0.0,4.74,3.66,55,31
2026-05-09T23:00,14.2,14.3,0.0,0.0,3.13,3.65,0,40
2026-05-10T00:00,13.3,13.6,0.0,0.0,3.19,3.43,0,0
2026-05-10T01:00,12.7,13.0,0.0,0.0,2.92,2.59,0,0
2026-05-10T02:00,12.1,12.4,0.0,0.0,3.64,2.59,0,0
2026-05-10T03:00,11.5,11.9,0.0,0.0,2.77,2.59,0,25
2026-05-10T04:00,11.1,11.5,9.0,9.0,1.53,2.42,0,69
2026-05-10T05:00,11.4,12.1,98.0,79.0,2.15,2.37,0,54
2026-05-10T06:00,12.1,13.0,250.0,206.0,0.66,2.91,35,75
2026-05-10T07:00,13.6,14.6,417.0,331.0,1.18,2.85,23,59
2026-05-10T08:00,15.7,16.8,565.0,517.0,1.92,4.35,41,42
2026-05-10T09:00,17.6,19.2,668.0,677.0,3.41,5.92,34,47
2026-05-10T10:00,19.9,21.3,796.0,786.0,5.16,7.02,20,4
2026-05-10T11:00,21.3,23.0,852.0,851.0,6.54,7.94,5,7
2026-05-10T12:00,22.2,23.5,844.0,795.0,6.85,7.37,37,87
2026-05-10T13:00,22.7,24.5,718.0,643.0,7.18,8.4,100,46
2026-05-10T14:00,23.6,25.5,575.0,649.0,7.47,8.34,95,100
2026-05-10T15:00,23.7,25.5,481.0,476.0,7.33,7.94,100,58
2026-05-10T16:00,23.0,24.8,356.0,345.0,7.84,9.24,100,100
2026-05-10T17:00,22.1,23.9,163.0,166.0,7.16,8.86,100,100
2026-05-10T18:00,20.8,22.3,57.0,54.0,6.44,9.86,20,100
2026-05-10T19:00,19.3,20.7,1.0,1.0,7.95,11.96,42,100
2026-05-10T20:00,18.5,19.6,0.0,0.0,7.99,11.24,31,100
2026-05-10T21:00,17.6,18.7,0.0,0.0,7.25,11.1,51,100
2026-05-10T22:00,16.7,17.8,0.0,0.0,4.97,11.68,100,64
2026-05-10T23:00,15.9,17.4,0.0,0.0,5.83,12.64,53,94
2026-05-11T00:00,15.4,16.3,0.0,0.0,6.37,9.25,100,100
2026-05-11T01:00,14.9,16.1,0.0,0.0,7.41,9.97,90,100
2026-05-11T02:00,14.6,16.1,0.0,0.0,7.68,9.65,100,100
2026-05-11T03:00,14.7,15.9,0.0,0.0,5.98,9.72,100,100
2026-05-11T04:00,14.6,15.7,7.0,9.0,4.85,9.55,100,99
2026-05-11T05:00,14.6,16.3,48.0,65.0,3.42,8.23,100,100
2026-05-11T06:00,16.7,15.9,195.0,88.0,3.67,6.87,100,100
2026-05-11T07:00,18.5,15.5,298.0,101.0,2.95,4.11,100,100
2026-05-11T08:00,19.1,16.2,332.0,172.0,1.31,2.87,100,97
2026-05-11T09:00,17.0,16.6,260.0,196.0,2.55,2.16,95,97
2026-05-11T10:00,18.0,17.4,306.0,332.0,3.26,1.67,100,100
2026-05-11T11:00,18.6,17.9,231.0,279.0,3.34,0.84,100,100
2026-05-11T12:00,20.2,17.5,319.0,379.0,3.72,2.97,100,100
2026-05-11T13:00,20.3,19.1,437.0,516.0,2.69,2.97,100,100
2026-05-11T14:00,21.0,19.0,480.0,409.0,1.37,4.65,100,100
2026-05-11T15:00,18.2,18.7,195.0,181.0,4.35,4.9,100,100
2026-05-11T16:00,18.0,18.3,169.0,119.0,5.15,7.37,100,100
2026-05-11T17:00,17.8,18.1,79.0,67.0,5.12,10.24,100,100
2026-05-11T18:00,16.0,17.1,20.0,29.0,11.15,9.9,100,100
2026-05-11T19:00,15.2,16.0,1.0,1.0,11.87,13.49,100,100
2026-05-11T20:00,15.0,15.5,0.0,0.0,12.71,14.51,100,100
2026-05-11T21:00,14.7,14.8,0.0,0.0,12.62,14.27,100,100
2026-05-11T22:00,14.5,14.3,0.0,0.0,10.92,13.79,100,100
2026-05-11T23:00,14.2,13.7,0.0,0.0,9.04,12.93,100,100
2026-05-12T00:00,14.3,14.0,0.0,0.0,8.06,6.58,100,100
2026-05-12T01:00,14.0,13.7,0.0,0.0,8.56,8.36,100,97
2026-05-12T02:00,13.6,13.2,0.0,0.0,7.42,10.21,79,96
2026-05-12T03:00,13.3,12.7,0.0,0.0,8.89,13.37,100,98
2026-05-12T04:00,13.2,11.9,3.0,4.0,7.7,13.01,100,95
2026-05-12T05:00,12.7,11.4,10.0,43.0,9.6,10.68,100,95
2026-05-12T06:00,11.2,10.0,72.0,102.0,11.11,11.92,100,100
2026-05-12T07:00,10.9,10.7,127.0,211.0,11.22,12.37,96,100
2026-05-12T08:00,11.8,11.2,311.0,263.0,10.57,13.55,100,100
2026-05-12T09:00,11.5,11.4,290.0,376.0,10.53,14.27,96,100
2026-05-12T10:00,11.6,11.6,288.0,434.0,10.22,14.58,100,100
2026-05-12T11:00,11.6,11.5,373.0,317.0,11.76,12.86,100,100
2026-05-12T12:00,12.4,12.8,264.0,363.0,9.6,12.1,100,100
2026-05-12T13:00,12.6,12.4,219.0,250.0,8.79,11.88,100,100
2026-05-12T14:00,13.7,12.3,298.0,198.0,7.02,10.76,100,100
2026-05-12T15:00,14.1,12.5,329.0,191.0,9.62,9.38,100,100
2026-05-12T16:00,14.2,12.9,246.0,171.0,9.72,11.22,100,100
2026-05-12T17:00,12.4,12.1,190.0,116.0,9.62,11.57,0,99
2026-05-12T18:00,11.0,11.4,72.0,41.0,10.01,11.24,6,92
2026-05-12T19:00,10.5,10.7,2.0,2.0,11.57,11.37,0,44
2026-05-12T20:00,9.9,10.0,0.0,0.0,12.71,11.98,0,7
2026-05-12T21:00,8.8,9.4,0.0,0.0,11.78,11.53,0,0
2026-05-12T22:00,8.6,8.9,0.0,0.0,11.34,11.66,65,0
2026-05-12T23:00,8.2,8.7,0.0,0.0,12.72,12.29,0,0
2026-05-13T00:00,7.9,8.0,0.0,0.0,11.87,12.49,0,4
2026-05-13T01:00,7.6,7.8,0.0,0.0,10.88,12.37,0,20
2026-05-13T02:00,7.2,7.5,0.0,0.0,8.67,10.88,0,4
2026-05-13T03:00,6.8,7.1,0.0,0.0,8.3,9.22,0,0
2026-05-13T04:00,6.5,6.9,12.0,13.0,8.44,8.03,30,0
2026-05-13T05:00,7.1,7.8,115.0,116.0,7.8,7.75,0,0
2026-05-13T06:00,8.9,9.7,278.0,277.0,6.71,6.4,0,37
2026-05-13T07:00,10.7,11.3,453.0,442.0,6.23,6.56,0,36
2026-05-13T08:00,12.4,12.7,616.0,599.0,6.48,6.9,0,31
2026-05-13T09:00,13.8,13.9,700.0,744.0,6.3,7.07,61,31
2026-05-13T10:00,14.6,14.7,780.0,727.0,6.58,6.82,94,97
2026-05-13T11:00,15.4,15.1,854.0,501.0,6.18,6.13,14,79
2026-05-13T12:00,16.0,17.4,888.0,869.0,6.89,6.39,6,4
2026-05-13T13:00,16.8,17.9,823.0,818.0,6.45,6.4,0,4
2026-05-13T14:00,16.9,18.1,711.0,710.0,4.82,6.09,50,0
2026-05-13T15:00,17.0,18.1,502.0,570.0,6.14,6.94,6,0
2026-05-13T16:00,16.9,17.8,398.0,387.0,6.28,4.9,0,19
2026-05-13T17:00,16.4,17.2,224.0,219.0,3.61,3.24,36,23
2026-05-13T18:00,16.2,16.9,67.0,73.0,2.82,3.28,60,46
2026-05-13T19:00,15.5,14.9,2.0,2.0,3.11,4.32,78,33
2026-05-13T20:00,14.5,13.1,0.0,0.0,2.84,5.75,100,25
2026-05-13T21:00,14.1,11.8,0.0,0.0,5.88,4.74,100,46
2026-05-13T22:00,13.8,10.9,0.0,0.0,4.13,4.29,93,55
2026-05-13T23:00,13.2,10.3,0.0,0.0,4.03,3.59,78,64
2026-05-14T00:00,12.9,11.6,0.0,0.0,3.46,3.47,85,80
2026-05-14T01:00,12.5,11.1,0.0,0.0,2.94,2.95,100,91
2026-05-14T02:00,12.1,10.6,0.0,0.0,2.69,2.61,100,99
2026-05-14T03:00,11.7,10.5,0.0,0.0,6.27,0.84,100,100
2026-05-14T04:00,11.8,10.7,7.0,4.0,2.71,1.8,100,100
2026-05-14T05:00,12.0,10.8,58.0,50.0,0.4,0.75,99,98
2026-05-14T06:00,12.4,11.9,157.0,202.0,0.81,2.79,98,73
2026-05-14T07:00,12.7,13.4,148.0,326.0,1.86,2.14,98,71
2026-05-14T08:00,13.1,14.8,147.0,440.0,1.83,1.98,100,80
2026-05-14T09:00,13.1,15.9,373.0,526.0,1.97,0.9,100,100
2026-05-14T10:00,14.1,15.7,477.0,272.0,2.73,4.24,100,83
2026-05-14T11:00,14.1,15.7,266.0,427.0,3.04,4.71,97,93
2026-05-14T12:00,15.0,14.9,275.0,531.0,1.73,5.47,100,89
2026-05-14T13:00,15.0,15.6,240.0,466.0,1.8,4.25,100,100
2026-05-14T14:00,14.8,15.3,286.0,320.0,2.77,4.34,100,98
2026-05-14T15:00,16.7,14.7,169.0,211.0,5.55,4.73,100,99
2026-05-14T16:00,15.8,13.9,67.0,111.0,6.48,3.97,100,100
2026-05-14T17:00,14.1,13.0,50.0,58.0,1.39,4.44,100,100
2026-05-14T18:00,14.5,12.5,38.0,18.0,5.48,2.11,100,100
2026-05-14T19:00,13.4,12.0,1.0,0.0,5.48,0.66,100,100
2026-05-14T20:00,12.6,11.8,0.0,0.0,4.32,1.4,100,100
2026-05-14T21:00,11.0,11.2,0.0,0.0,5.17,4.13,100,100
2026-05-14T22:00,10.5,9.9,0.0,0.0,5.49,4.19,100,100
2026-05-14T23:00,10.3,9.9,0.0,0.0,5.3,3.57,100,100
2026-05-15T00:00,10.5,9.6,0.0,0.0,1.63,3.08,100,100
2026-05-15T01:00,10.4,9.2,0.0,0.0,1.31,3.26,100,100
2026-05-15T02:00,10.3,9.2,0.0,0.0,0.71,2.64,100,97
2026-05-15T03:00,9.7,9.4,0.0,0.0,2.59,2.8,100,100
2026-05-15T04:00,9.7,9.6,5.0,3.0,3.43,2.6,100,100
2026-05-15T05:00,9.6,9.7,17.0,19.0,6.01,2.39,100,100
2026-05-15T06:00,10.2,9.8,87.0,59.0,2.11,3.02,100,100
2026-05-15T07:00,10.7,10.1,105.0,98.0,2.77,2.42,100,100
2026-05-15T08:00,10.9,11.1,209.0,221.0,6.67,2.37,100,100
2026-05-15T09:00,11.5,11.8,274.0,251.0,6.57,3.78,98,100
2026-05-15T10:00,12.7,12.2,411.0,274.0,5.53,4.24,100,100
2026-05-15T11:00,13.5,12.9,450.0,312.0,5.19,4.12,100,100
2026-05-15T12:00,14.2,14.1,455.0,473.0,6.35,7.56,100,100
2026-05-15T13:00,14.5,14.9,414.0,410.0,4.74,6.27,100,100
2026-05-15T14:00,15.2,15.2,432.0,357.0,3.26,5.04,100,100
2026-05-15T15:00,15.4,15.1,212.0,262.0,1.36,3.61,100,100
2026-05-15T16:00,15.6,15.0,138.0,205.0,0.71,2.32,100,100
2026-05-15T17:00,15.3,14.7,65.0,96.0,0.89,1.33,100,100
2026-05-15T18:00,14.1,14.2,17.0,24.0,3.21,2.3,100,100
2026-05-15T19:00,13.3,13.0,1.0,1.0,2.02,2.86,100,100
2026-05-15T20:00,12.4,12.5,0.0,0.0,0.66,1.88,100,100
2026-05-15T21:00,12.0,12.2,0.0,0.0,1.1,1.08,100,100
2026-05-15T22:00,11.9,12.0,0.0,0.0,2.45,1.66,100,100
2026-05-15T23:00,11.6,11.7,0.0,0.0,3.43,2.02,100,100
2026-05-16T00:00,11.5,11.3,0.0,0.0,3.4,2.67,100,100
2026-05-16T01:00,11.3,11.2,0.0,0.0,5.13,2.75,100,100
2026-05-16T02:00,11.1,11.0,0.0,0.0,6.31,3.57,100,100
2026-05-16T03:00,10.7,11.1,0.0,0.0,7.33,4.52,100,100
2026-05-16T04:00,10.4,11.1,5.0,3.0,7.84,5.11,100,100
2026-05-16T05:00,10.5,11.0,52.0,18.0,7.94,5.65,100,100
2026-05-16T06:00,10.9,10.8,105.0,59.0,7.02,5.89,100,100
2026-05-16T07:00,11.3,10.9,157.0,92.0,7.38,6.6,100,100
2026-05-16T08:00,11.9,11.0,241.0,107.0,6.61,6.52,100,100
2026-05-16T09:00,12.1,11.4,239.0,134.0,7.72,7.35,100,100
2026-05-16T10:00,12.6,11.8,232.0,159.0,7.04,7.16,100,100
2026-05-16T11:00,13.2,11.9,397.0,135.0,6.72,7.53,100,100
2026-05-16T12:00,13.0,12.4,236.0,146.0,7.34,9.16,100,100
2026-05-16T13:00,13.2,12.4,240.0,126.0,8.1,10.07,100,100
2026-05-16T14:00,13.7,12.3,407.0,101.0,8.85,9.83,100,100
2026-05-16T15:00,12.8,12.2,199.0,73.0,8.9,9.84,100,100
2026-05-16T16:00,13.1,12.2,111.0,49.0,8.19,9.78,100,100
2026-05-16T17:00,12.9,12.3,60.0,34.0,8.94,10.3,100,100
2026-05-16T18:00,12.7,12.7,13.0,15.0,7.7,10.26,100,100
2026-05-16T19:00,12.1,12.4,1.0,1.0,7.31,10.52,100,99
2026-05-16T20:00,12.0,12.0,0.0,0.0,8.11,10.91,100,100
2026-05-16T21:00,11.7,11.5,0.0,0.0,8.68,12.17,100,100
2026-05-16T22:00,11.0,11.4,0.0,0.0,8.42,12.62,97,100
2026-05-16T23:00,10.8,11.2,0.0,0.0,9.8,12.15,96,99
2026-05-17T00:00,10.4,10.6,0.0,0.0,9.9,10.05,92,100
2026-05-17T01:00,9.9,10.4,0.0,0.0,10.05,10.09,97,100
2026-05-17T02:00,9.7,10.1,0.0,0.0,10.26,10.82,80,100
2026-05-17T03:00,9.4,9.9,0.0,0.0,10.74,10.82,100,100
2026-05-17T04:00,9.1,9.7,15.0,9.0,10.21,11.0,100,100
2026-05-17T05:00,9.4,9.9,100.0,64.0,10.3,10.65,100,100
2026-05-17T06:00,10.4,10.4,190.0,138.0,9.64,10.18,100,100
2026-05-17T07:00,11.1,11.3,310.0,219.0,9.6,10.0,100,100
2026-05-17T08:00,12.2,12.8,430.0,370.0,8.84,9.49,100,100
2026-05-17T09:00,13.8,13.9,514.0,394.0,8.19,9.48,100,100
2026-05-17T10:00,15.1,14.9,538.0,437.0,7.71,9.78,99,100
2026-05-17T11:00,15.5,15.3,434.0,424.0,7.41,9.25,100,100
2026-05-17T12:00,15.4,15.9,333.0,541.0,6.97,8.7,100,100
2026-05-17T13:00,15.1,16.6,229.0,547.0,5.9,7.69,100,91
2026-05-17T14:00,16.0,17.1,407.0,536.0,5.74,7.09,98,74
2026-05-17T15:00,15.1,17.0,216.0,414.0,5.39,6.19,94,77
2026-05-17T16:00,15.2,16.4,217.0,292.0,4.75,5.99,65,69
2026-05-17T17:00,15.0,15.2,208.0,167.0,3.97,5.87,38,73
2026-05-17T18:00,13.5,15.8,79.0,72.0,4.06,5.22,43,28
2026-05-17T19:00,12.6,14.4,4.0,5.0,3.35,4.37,0,19
2026-05-17T20:00,12.0,12.8,0.0,0.0,3.17,5.18,0,9
2026-05-17T21:00,11.0,11.6,0.0,0.0,3.27,4.03,0,3
2026-05-17T22:00,10.4,11.1,0.0,0.0,4.17,3.23,0,15
2026-05-17T23:00,10.0,10.5,0.0,0.0,4.12,3.33,72,18
2026-05-18T00:00,9.5,9.0,0.0,0.0,3.84,3.99,100,11
2026-05-18T01:00,9.0,8.4,0.0,0.0,3.32,3.64,0,10
2026-05-18T02:00,8.6,7.9,0.0,0.0,3.12,3.19,34,15
2026-05-18T03:00,8.2,7.5,0.0,0.0,3.23,3.12,69,9
2026-05-18T04:00,8.0,7.4,17.0,18.0,3.67,2.8,0,6
2026-05-18T05:00,8.8,8.8,122.0,124.0,3.32,2.45,0,0
2026-05-18T06:00,10.6,11.1,280.0,281.0,2.69,0.71,0,0
2026-05-18T07:00,12.3,12.9,453.0,452.0,2.09,0.5,0,0
2026-05-18T08:00,13.5,14.4,613.0,613.0,1.59,0.49,0,0
2026-05-18T09:00,15.5,16.0,743.0,745.0,2.05,0.49,23,0
2026-05-18T10:00,16.8,17.4,832.0,820.0,2.79,0.79,2,4
2026-05-18T11:00,18.1,18.5,835.0,751.0,4.21,1.57,93,43
2026-05-18T12:00,18.5,19.0,828.0,848.0,4.8,3.15,94,0
2026-05-18T13:00,18.8,19.5,736.0,793.0,2.64,2.86,51,40
2026-05-18T14:00,19.0,19.7,591.0,651.0,3.07,2.84,91,52
2026-05-18T15:00,19.4,19.6,495.0,490.0,3.84,2.77,96,42
2026-05-18T16:00,18.8,19.2,263.0,369.0,2.88,2.82,100,85
2026-05-18T17:00,18.5,18.7,161.0,186.0,2.64,2.37,91,100
2026-05-18T18:00,18.2,17.3,69.0,72.0,1.47,0.69,88,53
2026-05-18T19:00,17.7,15.9,4.0,5.0,1.74,1.97,100,56
2026-05-18T20:00,16.4,14.7,0.0,0.0,3.2,2.24,100,56
2026-05-18T21:00,15.3,13.6,0.0,0.0,1.18,2.05,100,72
2026-05-18T22:00,13.7,12.6,0.0,0.0,1.9,1.53,60,46
2026-05-18T23:00,13.4,11.9,0.0,0.0,0.71,2.3,87,53
2026-05-19T00:00,12.1,12.0,0.0,0.0,1.43,1.23,80,97
2026-05-19T01:00,11.6,11.5,0.0,0.0,1.02,1.29,93,50
2026-05-19T02:00,11.0,10.8,0.0,0.0,0.9,0.79,25,68
2026-05-19T03:00,10.9,10.2,0.0,0.0,2.27,1.04,93,98
2026-05-19T04:00,11.2,10.2,17.0,15.0,4.9,2.42,68,100
2026-05-19T05:00,11.9,11.6,114.0,97.0,6.11,3.91,37,100
2026-05-19T06:00,13.9,13.7,277.0,249.0,8.88,4.21,1,100
2026-05-19T07:00,15.2,15.9,446.0,400.0,9.5,5.3,0,100
2026-05-19T08:00,16.4,17.4,607.0,552.0,9.49,5.52,0,90
2026-05-19T09:00,18.3,18.6,738.0,700.0,6.17,5.01,11,31
2026-05-19T10:00,19.5,19.4,828.0,706.0,4.39,3.72,0,68
2026-05-19T11:00,20.5,20.1,655.0,658.0,3.47,1.48,93,68
2026-05-19T12:00,21.4,21.3,813.0,728.0,2.95,3.34,9,83
2026-05-19T13:00,22.0,21.2,812.0,563.0,2.47,3.23,85,65
2026-05-19T14:00,22.1,21.4,572.0,522.0,1.96,2.38,79,69
2026-05-19T15:00,21.5,21.6,364.0,475.0,3.82,2.16,47,66
2026-05-19T16:00,21.3,21.4,341.0,357.0,3.35,2.29,32,36
2026-05-19T17:00,20.7,20.9,211.0,207.0,3.55,2.38,60,30
2026-05-19T18:00,20.2,19.6,79.0,67.0,3.43,6.52,48,51
2026-05-19T19:00,19.4,18.3,6.0,5.0,2.56,5.17,0,26
2026-05-19T20:00,18.4,16.6,0.0,0.0,2.42,4.78,0,20
2026-05-19T21:00,17.1,15.6,0.0,0.0,2.15,4.44,0,36
2026-05-19T22:00,15.4,14.9,0.0,0.0,3.26,4.74,0,25
2026-05-19T23:00,15.0,14.6,0.0,0.0,3.15,6.35,0,27
2026-05-20T00:00,13.8,13.3,0.0,0.0,3.35,4.5,100,2
2026-05-20T01:00,13.7,12.7,0.0,0.0,5.02,3.75,13,4
2026-05-20T02:00,13.5,12.2,0.0,0.0,4.09,4.06,35,15
2026-05-20T03:00,13.9,12.3,0.0,0.0,4.62,4.69,33,35
2026-05-20T04:00,13.8,12.2,19.0,20.0,4.17,4.03,64,29
2026-05-20T05:00,14.6,13.6,120.0,121.0,4.26,3.91,2,64
2026-05-20T06:00,16.0,15.7,267.0,224.0,3.47,6.57,100,71
2026-05-20T07:00,17.5,16.6,430.0,340.0,4.12,7.47,81,73
2026-05-20T08:00,18.9,17.8,579.0,480.0,3.75,7.68,81,86
2026-05-20T09:00,20.2,18.7,668.0,587.0,4.6,8.68,68,82
2026-05-20T10:00,21.0,18.4,593.0,518.0,4.65,8.7,98,86
2026-05-20T11:00,21.7,19.3,602.0,597.0,4.89,8.31,87,86
2026-05-20T12:00,22.3,19.3,547.0,431.0,7.93,8.41,65,99
2026-05-20T13:00,21.0,19.6,400.0,362.0,7.89,8.03,100,93
2026-05-20T14:00,20.2,19.5,311.0,342.0,9.41,7.86,100,93
2026-05-20T15:00,21.0,20.1,280.0,316.0,9.09,8.27,80,93
2026-05-20T16:00,20.3,19.6,273.0,215.0,9.21,7.36,76,57
2026-05-20T17:00,19.4,19.5,204.0,174.0,9.65,7.72,46,73
2026-05-20T18:00,19.1,18.2,60.0,77.0,9.21,6.94,74,52
2026-05-20T19:00,18.0,17.0,4.0,5.0,9.6,7.72,66,54
2026-05-20T20:00,17.1,16.1,0.0,0.0,9.01,9.9,86,37
2026-05-20T21:00,16.5,15.8,0.0,0.0,8.9,10.46,69,42
2026-05-20T22:00,16.1,15.5,0.0,0.0,8.41,9.74,76,71
2026-05-20T23:00,15.5,15.1,0.0,0.0,8.22,9.36,84,66
2026-05-21T00:00,15.5,14.8,0.0,0.0,9.58,10.11,100,77
2026-05-21T01:00,15.1,14.5,0.0,0.0,10.53,9.99,67,86
2026-05-21T02:00,14.8,14.2,0.0,0.0,9.79,9.23,100,71
2026-05-21T03:00,14.6,13.6,0.0,0.0,9.02,8.93,62,40
2026-05-21T04:00,14.2,13.4,18.0,19.0,7.59,9.12,33,38
2026-05-21T05:00,14.8,14.1,121.0,118.0,6.5,8.46,0,26
2026-05-21T06:00,16.0,15.7,274.0,263.0,8.94,9.52,17,39
2026-05-21T07:00,17.2,16.9,440.0,415.0,9.01,10.5,0,62
2026-05-21T08:00,18.5,18.2,544.0,531.0,8.95,9.44,65,49
2026-05-21T09:00,18.7,19.2,458.0,627.0,8.72,9.13,74,64
2026-05-21T10:00,20.1,20.2,571.0,672.0,8.02,8.12,79,81
2026-05-21T11:00,21.5,20.8,769.0,562.0,7.56,8.75,51,72
2026-05-21T12:00,22.2,22.1,637.0,672.0,6.44,7.93,71,66
2026-05-21T13:00,22.3,22.7,476.0,654.0,7.41,7.89,75,67
2026-05-21T14:00,22.6,23.1,453.0,562.0,6.57,7.86,97,58
2026-05-21T15:00,22.7,23.1,448.0,463.0,8.45,7.88,96,62
2026-05-21T16:00,22.3,23.0,275.0,347.0,6.95,7.6,69,42
2026-05-21T17:00,22.1,22.5,168.0,207.0,7.15,7.25,78,33
2026-05-21T18:00,21.2,21.2,79.0,77.0,6.79,7.16,41,15
2026-05-21T19:00,19.6,19.5,5.0,6.0,7.27,7.85,0,0
2026-05-21T20:00,18.9,18.5,0.0,0.0,5.08,6.44,31,9
2026-05-21T21:00,17.7,17.2,0.0,0.0,6.06,5.7,0,1
2026-05-21T22:00,17.2,16.2,0.0,0.0,5.92,5.59,2,9
2026-05-21T23:00,16.6,15.5,0.0,0.0,6.72,5.84,5,14
2026-05-22T00:00,16.0,16.1,0.0,0.0,7.15,6.1,100,25
2026-05-22T01:00,15.5,15.5,0.0,0.0,6.45,5.8,70,9
2026-05-22T02:00,15.2,15.0,0.0,0.0,6.86,5.59,100,0
2026-05-22T03:00,14.7,14.5,0.0,0.0,6.73,5.76,57,0
2026-05-22T04:00,14.8,14.5,21.0,21.0,6.18,6.17,19,0
2026-05-22T05:00,15.5,15.9,126.0,127.0,4.58,6.17,3,1
2026-05-22T06:00,16.8,17.4,279.0,277.0,4.45,5.06,0,22
2026-05-22T07:00,18.2,18.6,446.0,444.0,5.02,5.35,0,19
2026-05-22T08:00,19.6,20.0,601.0,601.0,5.06,4.53,0,37
2026-05-22T09:00,20.8,21.4,730.0,711.0,5.66,4.52,3,64
2026-05-22T10:00,21.9,22.4,816.0,730.0,5.44,4.8,33,51
2026-05-22T11:00,22.7,23.2,753.0,729.0,6.3,5.2,88,89
2026-05-22T12:00,22.6,23.4,485.0,587.0,4.86,5.3,100,74
2026-05-22T13:00,22.7,23.8,349.0,595.0,5.37,5.39,99,70
2026-05-22T14:00,23.0,23.9,353.0,460.0,5.17,5.78,100,80
2026-05-22T15:00,23.2,23.7,350.0,366.0,6.84,5.69,100,66
2026-05-22T16:00,23.3,23.7,281.0,331.0,5.38,5.29,59,54
2026-05-22T17:00,23.0,23.3,219.0,205.0,5.31,5.71,0,83
2026-05-22T18:00,22.6,22.5,85.0,79.0,4.51,6.33,46,33
2026-05-22T19:00,21.9,21.0,6.0,6.0,4.31,4.71,30,7
2026-05-22T20:00,21.0,19.6,0.0,0.0,5.32,4.13,60,6
2026-05-22T21:00,19.8,18.7,0.0,0.0,4.94,3.95,100,35
2026-05-22T22:00,19.0,17.8,0.0,0.0,4.82,3.65,100,45
2026-05-22T23:00,18.5,17.2,0.0,0.0,4.52,3.73,100,1
2026-05-23T00:00,17.8,17.3,0.0,0.0,3.87,4.84,82,28
2026-05-23T01:00,17.4,16.8,0.0,0.0,3.83,4.63,30,40
2026-05-23T02:00,16.7,16.3,0.0,0.0,4.73,4.51,26,18
2026-05-23T03:00,16.7,15.6,0.0,0.0,4.86,4.5,0,1
2026-05-23T04:00,16.2,15.4,21.0,22.0,3.97,4.86,0,0
2026-05-23T05:00,16.5,16.9,125.0,127.0,2.42,4.88,0,5
2026-05-23T06:00,18.0,18.7,278.0,280.0,1.95,4.12,0,1
2026-05-23T07:00,19.3,20.1,442.0,446.0,3.25,4.06,16,0
2026-05-23T08:00,20.6,21.5,599.0,602.0,3.92,4.61,0,0
2026-05-23T09:00,22.0,22.8,728.0,720.0,4.03,5.45,3,48
2026-05-23T10:00,23.0,23.7,695.0,744.0,5.0,5.63,51,57
2026-05-23T11:00,24.1,24.3,751.0,646.0,4.51,6.07,96,90
2026-05-23T12:00,24.7,24.4,851.0,563.0,4.71,5.62,28,78
2026-05-23T13:00,25.2,24.7,792.0,536.0,4.9,5.23,6,72
2026-05-23T14:00,26.1,25.1,685.0,486.0,3.78,5.06,96,67
2026-05-23T15:00,26.0,25.0,537.0,409.0,6.04,4.88,3,57
2026-05-23T16:00,25.6,24.9,339.0,309.0,3.88,4.9,0,52
2026-05-23T17:00,25.4,24.5,219.0,209.0,3.9,4.93,0,41
2026-05-23T18:00,24.6,23.5,90.0,85.0,3.83,3.83,0,26
2026-05-23T19:00,23.7,21.9,7.0,7.0,3.01,4.1,0,9
2026-05-23T20:00,22.6,20.8,0.0,0.0,2.5,3.18,0,10
2026-05-23T21:00,21.2,19.5,0.0,0.0,3.4,2.6,0,4
2026-05-23T22:00,20.6,18.3,0.0,0.0,3.22,2.39,4,0
2026-05-23T23:00,19.9,17.4,0.0,0.0,2.35,2.21,4,24
2026-05-24T00:00,18.7,16.7,0.0,0.0,2.45,2.5,17,20
2026-05-24T01:00,18.0,16.3,0.0,0.0,2.61,2.94,29,44
2026-05-24T02:00,17.5,16.2,0.0,0.0,2.83,3.21,49,42
2026-05-24T03:00,16.9,15.9,0.0,0.0,2.82,3.61,60,93
2026-05-24T04:00,16.6,15.8,22.0,22.0,1.5,3.07,0,73
2026-05-24T05:00,17.3,17.3,125.0,122.0,2.39,3.4,23,100
2026-05-24T06:00,19.2,19.7,278.0,267.0,1.67,3.08,0,9
2026-05-24T07:00,21.1,22.1,443.0,443.0,0.96,2.08,24,0
2026-05-24T08:00,23.2,24.3,600.0,598.0,2.11,3.27,46,4
2026-05-24T09:00,25.0,25.9,732.0,726.0,2.76,4.16,0,21
2026-05-24T10:00,26.3,27.1,822.0,811.0,3.72,4.84,12,6
2026-05-24T11:00,27.3,28.0,863.0,860.0,4.02,5.13,0,8
2026-05-24T12:00,28.0,28.4,858.0,852.0,3.88,4.74,0,6
2026-05-24T13:00,28.8,28.9,796.0,788.0,4.21,4.71,18,29
2026-05-24T14:00,29.1,29.2,697.0,651.0,4.61,5.16,0,43
2026-05-24T15:00,29.2,29.3,551.0,521.0,4.03,4.77,11,46
2026-05-24T16:00,28.9,28.8,400.0,377.0,3.33,5.5,23,56
2026-05-24T17:00,28.7,28.3,231.0,225.0,3.53,4.85,96,17
2026-05-24T18:00,28.1,27.4,91.0,85.0,2.37,3.38,1,44
2026-05-24T19:00,27.3,25.6,8.0,7.0,2.28,3.19,11,45
2026-05-24T20:00,26.0,23.9,0.0,0.0,2.75,3.59,81,50
2026-05-24T21:00,24.4,22.5,0.0,0.0,2.47,3.76,48,61
2026-05-24T22:00,23.2,21.7,0.0,0.0,2.71,3.17,70,100
2026-05-24T23:00,22.7,21.2,0.0,0.0,3.12,1.47,65,39
2026-05-25T00:00,21.3,21.6,0.0,0.0,2.5,5.65,100,44
2026-05-25T01:00,21.0,21.5,0.0,0.0,3.29,7.9,22,56
2026-05-25T02:00,20.9,21.3,0.0,0.0,3.86,7.61,38,68
2026-05-25T03:00,20.9,20.8,0.0,0.0,4.16,7.19,10,70
2026-05-25T04:00,20.6,20.3,22.0,21.0,5.28,6.54,3,49
2026-05-25T05:00,21.2,20.6,124.0,117.0,5.33,5.57,0,55
2026-05-25T06:00,22.2,21.4,266.0,262.0,4.48,5.79,50,19
2026-05-25T07:00,22.9,22.4,422.0,431.0,4.8,5.89,29,25
2026-05-25T08:00,23.8,23.6,584.0,584.0,4.59,5.63,0,28
2026-05-25T09:00,25.3,24.7,715.0,679.0,4.78,5.25,0,60
2026-05-25T10:00,26.5,25.5,803.0,701.0,4.61,4.62,16,68
2026-05-25T11:00,27.6,26.7,848.0,777.0,4.7,4.16,24,70
2026-05-25T12:00,28.1,27.5,774.0,808.0,4.85,5.09,56,68
2026-05-25T13:00,28.8,28.1,727.0,758.0,4.96,4.97,17,99
2026-05-25T14:00,29.8,28.4,667.0,637.0,4.79,5.54,94,78
2026-05-25T15:00,29.6,28.3,498.0,536.0,5.76,5.87,69,36
2026-05-25T16:00,29.5,28.0,396.0,400.0,6.47,5.85,0,2
2026-05-25T17:00,28.6,27.3,239.0,238.0,6.47,5.8,0,0
2026-05-25T18:00,27.6,25.7,92.0,91.0,6.17,5.31,1,0
2026-05-25T19:00,25.9,24.3,8.0,8.0,4.17,4.71,19,0
2026-05-25T20:00,24.6,22.5,0.0,0.0,3.02,4.04,0,0
2026-05-25T21:00,23.3,21.3,0.0,0.0,2.76,3.57,0,0
2026-05-25T22:00,22.5,20.1,0.0,0.0,3.47,3.13,0,0
2026-05-25T23:00,21.8,19.0,0.0,0.0,3.37,3.02,0,0
2026-05-26T00:00,21.0,18.6,0.0,0.0,3.34,3.14,0,0
2026-05-26T01:00,20.0,17.8,0.0,0.0,3.04,3.08,0,0
2026-05-26T02:00,19.2,17.2,0.0,0.0,2.69,2.73,0,0
2026-05-26T03:00,18.3,16.7,0.0,0.0,2.15,2.39,0,0
2026-05-26T04:00,18.0,16.7,23.0,24.0,2.15,2.43,0,0
2026-05-26T05:00,19.1,18.4,125.0,128.0,2.15,2.56,0,0
2026-05-26T06:00,21.1,21.1,276.0,278.0,1.71,2.71,0,0
2026-05-26T07:00,22.7,23.3,442.0,443.0,1.1,1.45,0,0
2026-05-26T08:00,25.1,25.3,600.0,598.0,2.72,2.86,0,0
2026-05-26T09:00,26.1,26.8,729.0,726.0,4.03,3.73,0,0
2026-05-26T10:00,27.2,28.0,817.0,817.0,4.12,3.86,0,0
2026-05-26T11:00,28.4,29.0,862.0,862.0,4.59,4.29,0,0
2026-05-26T12:00,29.2,29.6,857.0,857.0,5.27,5.57,0,0
2026-05-26T13:00,29.6,30.1,803.0,802.0,4.73,5.48,0,0
2026-05-26T14:00,30.1,30.3,705.0,704.0,4.9,5.42,0,1
2026-05-26T15:00,30.5,30.3,570.0,570.0,5.2,5.49,0,0
2026-05-26T16:00,30.2,29.9,414.0,415.0,4.15,5.25,0,0
2026-05-26T17:00,29.5,29.2,246.0,247.0,4.02,4.88,0,0
2026-05-26T18:00,29.0,27.9,98.0,97.0,4.61,4.41,0,0
2026-05-26T19:00,27.6,25.9,10.0,8.0,4.72,4.03,0,0
2026-05-26T20:00,26.5,23.8,0.0,0.0,4.73,3.37,0,0
2026-05-26T21:00,25.1,22.2,0.0,0.0,0.89,2.67,0,0
2026-05-26T22:00,22.8,20.7,0.0,0.0,1.18,1.86,12,0
2026-05-26T23:00,21.9,19.0,0.0,0.0,1.24,0.75,0,0
2026-05-27T00:00,20.6,17.9,0.0,0.0,1.36,0.28,0,0
2026-05-27T01:00,19.8,17.1,0.0,0.0,0.98,1.06,0,0
2026-05-27T02:00,18.9,16.6,0.0,0.0,0.49,1.46,0,0
2026-05-27T03:00,18.4,16.2,0.0,0.0,0.59,1.21,0,0
2026-05-27T04:00,18.1,16.1,25.0,26.0,0.69,1.46,0,0
2026-05-27T05:00,19.4,17.5,129.0,132.0,0.89,1.67,0,0
2026-05-27T06:00,22.2,21.3,277.0,235.0,0.98,1.96,16,57
2026-05-27T07:00,24.6,24.1,428.0,334.0,0.14,2.26,38,65
2026-05-27T08:00,26.8,26.5,580.0,467.0,0.62,1.85,33,32
2026-05-27T09:00,29.0,29.4,597.0,697.0,3.95,5.68,58,24
2026-05-27T10:00,30.3,30.0,716.0,749.0,6.01,8.41,8,44
2026-05-27T11:00,31.1,30.7,854.0,729.0,5.89,6.86,0,83
2026-05-27T12:00,31.9,30.8,840.0,768.0,5.84,7.35,53,74
2026-05-27T13:00,31.8,31.4,657.0,592.0,6.75,7.15,0,100
2026-05-27T14:00,31.7,31.0,673.0,568.0,9.52,9.45,49,100
2026-05-27T15:00,31.6,30.7,520.0,476.0,9.11,10.12,42,89
2026-05-27T16:00,30.1,29.7,386.0,297.0,10.55,10.66,0,62
2026-05-27T17:00,28.5,28.1,248.0,210.0,10.51,10.44,0,51
2026-05-27T18:00,26.7,26.5,98.0,90.0,9.63,10.81,8,37
2026-05-27T19:00,24.7,24.6,10.0,9.0,9.21,10.12,0,36
2026-05-27T20:00,23.2,22.9,0.0,0.0,9.03,10.45,0,0
2026-05-27T21:00,22.2,21.5,0.0,0.0,8.32,10.05,18,9
2026-05-27T22:00,20.9,20.3,0.0,0.0,6.57,8.3,0,0
2026-05-27T23:00,20.2,19.1,0.0,0.0,5.89,6.59,36,0
2026-05-28T00:00,19.1,18.8,0.0,0.0,5.96,4.74,9,0
2026-05-28T01:00,18.2,17.7,0.0,0.0,6.3,4.48,16,13
2026-05-28T02:00,17.5,16.7,0.0,0.0,5.99,4.35,24,23
2026-05-28T03:00,16.6,15.9,0.0,0.0,6.09,4.55,21,23
2026-05-28T04:00,16.2,15.7,27.0,27.0,5.11,4.74,22,46
2026-05-28T05:00,16.5,16.6,142.0,136.0,3.6,4.78,9,100
2026-05-28T06:00,17.4,17.8,301.0,282.0,3.47,3.04,19,100
2026-05-28T07:00,18.3,19.0,473.0,457.0,4.04,3.42,12,99
2026-05-28T08:00,19.3,20.3,635.0,626.0,4.63,3.93,11,45
2026-05-28T09:00,20.8,21.5,764.0,761.0,4.31,4.61,15,95
2026-05-28T10:00,22.2,22.5,857.0,852.0,4.59,4.79,0,81
2026-05-28T11:00,23.4,23.4,900.0,895.0,5.59,4.87,0,79
2026-05-28T12:00,23.6,23.8,890.0,886.0,6.01,5.79,0,7
2026-05-28T13:00,24.1,24.2,838.0,830.0,7.56,6.01,0,38
2026-05-28T14:00,24.6,24.5,737.0,724.0,6.31,6.42,0,38
2026-05-28T15:00,24.0,24.4,589.0,580.0,7.19,6.57,0,70
2026-05-28T16:00,23.7,23.9,428.0,413.0,7.41,6.82,0,28
2026-05-28T17:00,22.9,23.1,260.0,253.0,7.3,6.89,0,2
2026-05-28T18:00,22.0,21.9,106.0,102.0,7.27,7.05,0,1
2026-05-28T19:00,20.8,20.4,11.0,10.0,4.98,6.87,0,0
2026-05-28T20:00,19.7,19.1,0.0,0.0,4.84,5.86,0,1
2026-05-28T21:00,19.1,18.0,0.0,0.0,3.43,4.16,10,0
2026-05-28T22:00,18.0,17.0,0.0,0.0,1.41,2.55,14,0
2026-05-28T23:00,16.8,15.8,0.0,0.0,1.28,2.57,10,0
2026-05-29T00:00,16.3,15.2,0.0,0.0,0.66,1.89,10,0
2026-05-29T01:00,16.0,14.5,0.0,0.0,0.49,1.47,1,30
2026-05-29T02:00,15.7,14.1,0.0,0.0,0.98,1.46,0,69
2026-05-29T03:00,15.2,13.8,0.0,0.0,0.63,1.4,8,69
2026-05-29T04:00,14.9,13.7,28.0,29.0,0.53,1.28,8,52
2026-05-29T05:00,14.5,14.6,141.0,139.0,0.57,1.31,8,50
2026-05-29T06:00,16.4,17.0,299.0,295.0,0.53,0.4,4,50
2026-05-29T07:00,18.0,18.7,469.0,464.0,0.79,0.71,12,34
2026-05-29T08:00,20.2,20.5,626.0,624.0,0.88,1.39,48,42
2026-05-29T09:00,21.8,21.8,761.0,752.0,1.28,1.1,19,52
2026-05-29T10:00,22.7,23.0,851.0,847.0,1.67,0.49,8,8
2026-05-29T11:00,23.9,24.2,890.0,891.0,2.5,1.27,20,10
2026-05-29T12:00,25.4,24.9,884.0,890.0,3.91,3.66,1,1
2026-05-29T13:00,25.1,25.4,838.0,832.0,5.02,3.69,0,1
2026-05-29T14:00,25.5,25.7,733.0,727.0,3.25,3.45,0,4
2026-05-29T15:00,26.0,25.9,591.0,588.0,3.23,3.47,7,0
2026-05-29T16:00,26.2,25.8,427.0,427.0,2.01,3.47,10,1
2026-05-29T17:00,25.9,25.2,258.0,257.0,3.35,2.42,7,0
2026-05-29T18:00,25.1,24.2,106.0,103.0,2.22,2.75,0,1
2026-05-29T19:00,24.4,22.6,11.0,11.0,0.69,1.67,0,0
2026-05-29T20:00,23.1,21.3,0.0,0.0,0.92,0.35,0,0
2026-05-29T21:00,22.2,19.4,0.0,0.0,0.22,0.55,0,0
2026-05-29T22:00,20.2,17.5,0.0,0.0,0.4,1.01,0,5
2026-05-29T23:00,19.1,16.4,0.0,0.0,1.36,0.88,0,29
2026-05-30T00:00,18.4,15.2,0.0,0.0,1.94,1.4,0,2
2026-05-30T01:00,17.6,14.6,0.0,0.0,3.21,1.58,0,0
2026-05-30T02:00,17.2,14.2,0.0,0.0,4.83,2.37,100,0
2026-05-30T03:00,17.6,14.3,0.0,0.0,7.77,2.98,9,94
2026-05-30T04:00,18.1,14.4,26.0,28.0,9.11,3.06,100,49
2026-05-30T05:00,19.1,16.6,116.0,135.0,7.77,4.43,100,100
2026-05-30T06:00,20.7,20.9,224.0,172.0,6.76,6.4,100,59
2026-05-30T07:00,21.4,22.5,258.0,317.0,5.18,5.43,100,70
2026-05-30T08:00,22.8,23.8,322.0,367.0,5.4,5.52,100,76
2026-05-30T09:00,24.3,24.7,392.0,473.0,5.0,6.55,100,100
2026-05-30T10:00,25.4,25.4,404.0,517.0,4.39,6.58,100,79
2026-05-30T11:00,27.8,25.9,796.0,521.0,4.43,5.83,100,100
2026-05-30T12:00,28.5,28.2,673.0,791.0,6.67,8.44,100,100
2026-05-30T13:00,28.4,25.3,528.0,469.0,7.69,6.3,66,99
2026-05-30T14:00,27.7,26.2,405.0,505.0,5.64,10.27,93,100
2026-05-30T15:00,27.2,25.1,510.0,375.0,9.82,10.02,77,99
2026-05-30T16:00,25.6,25.6,152.0,318.0,8.37,8.41,100,100
2026-05-30T17:00,24.6,25.2,88.0,198.0,11.17,7.69,100,100
2026-05-30T18:00,23.3,26.1,69.0,90.0,9.62,8.52,48,60
2026-05-30T19:00,22.4,24.8,12.0,9.0,9.56,8.94,12,72
2026-05-30T20:00,21.3,23.8,0.0,0.0,7.36,8.18,59,57
2026-05-30T21:00,20.2,22.1,0.0,0.0,8.11,9.01,21,57
2026-05-30T22:00,19.7,20.5,0.0,0.0,7.1,7.81,34,9
2026-05-30T23:00,19.4,19.5,0.0,0.0,7.91,6.3,17,20
2026-05-31T00:00,19.3,19.1,0.0,0.0,6.93,4.23,79,61
2026-05-31T01:00,18.6,18.8,0.0,0.0,6.3,3.92,38,58
2026-05-31T02:00,18.1,18.3,0.0,0.0,5.82,4.29,81,59
2026-05-31T03:00,17.7,17.8,0.0,0.0,6.25,4.13,57,72
2026-05-31T04:00,17.6,17.9,28.0,24.0,5.92,4.17,3,65
2026-05-31T05:00,18.2,19.1,139.0,118.0,5.8,3.99,99,63
2026-05-31T06:00,19.8,20.7,283.0,269.0,2.82,1.8,95,88
2026-05-31T07:00,21.8,22.6,452.0,424.0,2.54,1.23,66,92
2026-05-31T08:00,23.5,24.5,603.0,508.0,3.14,4.19,94,100
2026-05-31T09:00,24.4,25.3,664.0,561.0,2.33,6.18,100,100
2026-05-31T10:00,26.2,26.3,754.0,655.0,4.38,6.02,93,93
2026-05-31T11:00,27.1,26.8,613.0,705.0,4.87,6.31,100,100
2026-05-31T12:00,27.1,25.9,674.0,471.0,3.23,6.7,80,100
2026-05-31T13:00,28.2,25.7,601.0,399.0,3.22,5.92,100,100
2026-05-31T14:00,24.9,23.6,336.0,414.0,7.58,11.04,100,100
2026-05-31T15:00,22.9,23.1,250.0,206.0,2.56,5.59,100,100
2026-05-31T16:00,23.9,23.2,278.0,193.0,1.71,5.9,100,100
2026-05-31T17:00,23.6,23.7,114.0,184.0,4.25,4.9,100,98
2026-05-31T18:00,22.3,22.9,54.0,37.0,5.61,5.37,100,100
2026-05-31T19:00,21.4,22.2,7.0,9.0,12.05,11.48,100,100
2026-05-31T20:00,20.3,20.7,0.0,0.0,12.1,9.7,100,100
2026-05-31T21:00,20.1,21.0,0.0,0.0,6.18,8.84,100,100
2026-05-31T22:00,20.3,20.4,0.0,0.0,7.84,13.18,100,100
2026-05-31T23:00,20.1,19.7,0.0,0.0,8.15,13.59,100,100
2026-06-01T00:00,19.7,19.6,0.0,0.0,10.85,13.81,92,100
2026-06-01T01:00,19.6,19.3,0.0,0.0,12.66,12.87,98,100
2026-06-01T02:00,18.7,19.0,0.0,0.0,12.0,11.44,100,100
2026-06-01T03:00,18.4,18.9,0.0,0.0,12.01,11.32,100,100
2026-06-01T04:00,18.4,19.0,16.0,14.0,11.65,12.45,100,100
2026-06-01T05:00,18.6,18.9,55.0,66.0,11.27,11.51,100,100
2026-06-01T06:00,18.9,18.9,123.0,103.0,10.29,11.11,88,100
2026-06-01T07:00,19.5,19.7,201.0,208.0,10.59,10.24,97,100
2026-06-01T08:00,19.5,20.3,285.0,380.0,12.61,10.26,100,99
2026-06-01T09:00,20.6,21.3,418.0,528.0,11.49,10.66,100,100
2026-06-01T10:00,20.4,21.9,429.0,593.0,12.44,9.5,100,100
2026-06-01T11:00,20.1,23.2,435.0,720.0,13.58,9.44,100,68
2026-06-01T12:00,19.9,23.1,315.0,558.0,10.7,12.88,91,82
2026-06-01T13:00,19.9,22.2,340.0,573.0,9.97,12.38,100,91
2026-06-01T14:00,20.3,21.7,361.0,419.0,9.36,11.77,100,84
2026-06-01T15:00,20.2,20.7,371.0,349.0,8.68,9.28,80,76
2026-06-01T16:00,20.3,20.7,224.0,310.0,6.41,7.8,83,46
2026-06-01T17:00,20.8,20.6,146.0,218.0,6.1,7.02,83,68
2026-06-01T18:00,20.9,18.8,87.0,54.0,7.31,7.42,89,80
2026-06-01T19:00,20.1,18.6,9.0,7.0,6.02,7.56,54,76
2026-06-01T20:00,19.3,18.3,0.0,0.0,6.06,7.98,48,74
2026-06-01T21:00,17.6,17.9,0.0,0.0,8.27,6.97,0,66
2026-06-01T22:00,17.3,17.5,0.0,0.0,7.84,6.27,0,43
2026-06-01T23:00,17.0,17.0,0.0,0.0,8.64,6.66,0,15
2026-06-02T00:00,17.3,16.1,0.0,0.0,7.59,8.25,0,1
2026-06-02T01:00,17.1,15.9,0.0,0.0,6.91,7.58,0,0
2026-06-02T02:00,16.8,15.8,0.0,0.0,5.44,6.59,0,0
2026-06-02T03:00,16.0,15.6,0.0,0.0,3.86,6.53,0,0
2026-06-02T04:00,15.8,15.7,30.0,32.0,3.04,5.92,0,0
2026-06-02T05:00,16.5,16.9,141.0,146.0,1.14,5.04,0,0
2026-06-02T06:00,18.0,18.8,297.0,293.0,0.39,1.32,0,26
2026-06-02T07:00,19.4,20.4,465.0,459.0,1.37,0.98,4,26
2026-06-02T08:00,21.0,21.7,615.0,609.0,1.87,1.53,66,33
2026-06-02T09:00,22.6,23.0,720.0,734.0,2.31,2.23,100,24
2026-06-02T10:00,24.0,24.1,812.0,829.0,2.88,2.96,86,71
2026-06-02T11:00,25.0,24.9,791.0,857.0,3.1,4.08,100,86
2026-06-02T12:00,25.3,25.7,722.0,804.0,6.27,3.82,97,100
2026-06-02T13:00,26.2,26.1,772.0,743.0,5.53,5.13,4,100
2026-06-02T14:00,26.6,26.3,721.0,614.0,5.9,5.53,3,93
2026-06-02T15:00,26.9,26.4,583.0,525.0,6.86,6.72,42,97
2026-06-02T16:00,26.5,25.9,416.0,364.0,7.23,7.36,100,73
2026-06-02T17:00,25.9,25.3,242.0,232.0,7.76,8.53,9,52
2026-06-02T18:00,25.2,24.2,107.0,74.0,8.6,9.1,100,98
2026-06-02T19:00,23.8,22.9,14.0,12.0,8.87,9.73,100,99
2026-06-02T20:00,22.5,21.7,0.0,0.0,9.5,10.15,100,97
2026-06-02T21:00,21.6,20.9,0.0,0.0,7.77,9.65,97,99
2026-06-02T22:00,20.9,20.0,0.0,0.0,5.38,8.54,99,100
2026-06-02T23:00,20.0,19.3,0.0,0.0,4.13,6.04,98,100
2026-06-03T00:00,19.1,18.9,0.0,0.0,4.21,7.88,72,84
2026-06-03T01:00,18.6,18.5,0.0,0.0,3.84,6.61,100,85
2026-06-03T02:00,18.6,18.4,0.0,0.0,9.83,6.86,97,85
2026-06-03T03:00,18.0,17.8,0.0,0.0,12.5,12.13,95,95
2026-06-03T04:00,17.7,17.4,12.0,14.0,10.61,12.74,100,94
2026-06-03T05:00,17.1,17.2,15.0,39.0,11.96,14.22,100,99
2026-06-03T06:00,16.3,16.8,33.0,61.0,13.36,14.78,100,100
2026-06-03T07:00,16.2,16.7,44.0,52.0,10.24,14.08,100,100
2026-06-03T08:00,16.5,16.8,128.0,96.0,10.77,11.8,100,100
2026-06-03T09:00,17.1,16.5,217.0,131.0,10.82,12.43,98,100
2026-06-03T10:00,17.6,16.8,173.0,184.0,10.15,11.22,98,99
2026-06-03T11:00,18.4,17.5,242.0,231.0,10.05,10.11,100,100
2026-06-03T12:00,17.9,17.2,236.0,200.0,11.71,10.47,100,100
2026-06-03T13:00,18.1,18.0,206.0,253.0,10.54,10.07,98,100
2026-06-03T14:00,18.2,18.4,184.0,290.0,9.42,9.2,97,100
2026-06-03T15:00,18.6,18.3,139.0,215.0,8.61,9.17,100,100
2026-06-03T16:00,18.3,18.0,86.0,145.0,7.66,8.15,100,99
2026-06-03T17:00,18.7,17.9,84.0,91.0,7.16,8.1,93,100
2026-06-03T18:00,19.0,18.2,70.0,54.0,7.81,5.53,99,99
2026-06-03T19:00,18.6,17.7,11.0,9.0,7.9,5.52,100,95
2026-06-03T20:00,17.7,17.1,0.0,0.0,9.2,7.08,100,99
2026-06-03T21:00,16.7,16.7,0.0,0.0,10.01,8.01,100,100
2026-06-03T22:00,16.3,16.5,0.0,0.0,10.11,8.43,10,100
2026-06-03T23:00,15.8,16.3,0.0,0.0,9.7,9.69,0,95
2026-06-04T00:00,15.5,15.3,0.0,0.0,10.3,9.03,0,0
2026-06-04T01:00,15.2,15.1,0.0,0.0,10.63,8.49,0,57
2026-06-04T02:00,14.9,14.9,0.0,0.0,9.95,7.89,0,1
2026-06-04T03:00,14.9,14.7,0.0,0.0,9.42,7.01,0,0
2026-06-04T04:00,15.0,14.6,31.0,32.0,9.13,5.42,0,0
2026-06-04T05:00,16.0,15.8,145.0,147.0,7.21,4.99,4,0
2026-06-04T06:00,17.8,18.4,302.0,305.0,6.3,3.53,0,0
2026-06-04T07:00,19.5,20.2,471.0,471.0,5.05,3.47,0,2
2026-06-04T08:00,21.1,21.9,626.0,623.0,3.38,2.72,0,1
2026-06-04T09:00,22.0,23.3,754.0,719.0,3.06,2.94,6,68
2026-06-04T10:00,23.2,24.2,829.0,729.0,1.69,2.59,100,98
2026-06-04T11:00,24.3,25.2,861.0,863.0,1.49,1.1,50,7
2026-06-04T12:00,24.9,25.8,841.0,803.0,1.28,2.67,92,52
2026-06-04T13:00,24.8,26.1,804.0,785.0,2.92,4.23,96,22
2026-06-04T14:00,25.6,26.4,689.0,691.0,3.53,4.58,100,28
2026-06-04T15:00,25.6,26.1,409.0,568.0,2.5,7.01,100,84
2026-06-04T16:00,24.7,25.9,269.0,334.0,5.54,7.37,100,100
2026-06-04T17:00,23.9,25.4,177.0,210.0,5.96,8.02,100,97
2026-06-04T18:00,22.9,24.3,88.0,96.0,5.73,8.78,100,100
2026-06-04T19:00,21.8,22.6,13.0,12.0,7.16,10.52,100,100
2026-06-04T20:00,20.6,21.3,0.0,0.0,7.2,10.7,92,100
2026-06-04T21:00,19.6,20.5,0.0,0.0,7.69,8.24,100,100
2026-06-04T22:00,18.8,18.3,0.0,0.0,7.23,11.66,100,84
2026-06-04T23:00,18.2,17.5,0.0,0.0,6.32,16.57,100,96
2026-06-05T00:00,18.1,17.3,0.0,0.0,5.83,17.75,100,100
2026-06-05T01:00,18.0,16.5,0.0,0.0,11.19,15.56,100,100
2026-06-05T02:00,17.2,16.1,0.0,0.0,13.88,15.33,100,100
2026-06-05T03:00,16.9,15.3,0.0,0.0,10.53,13.38,100,100
2026-06-05T04:00,17.1,14.5,10.0,4.0,9.32,11.0,100,100
2026-06-05T05:00,17.2,14.7,40.0,19.0,9.19,9.1,100,100
2026-06-05T06:00,17.2,16.3,49.0,56.0,9.29,9.61,100,100
2026-06-05T07:00,16.7,15.8,57.0,52.0,9.24,8.83,100,100
2026-06-05T08:00,16.1,15.6,85.0,83.0,9.99,8.67,100,100
2026-06-05T09:00,16.4,15.3,211.0,109.0,8.0,8.95,99,100
2026-06-05T10:00,17.1,14.9,331.0,157.0,8.49,10.3,98,96
2026-06-05T11:00,17.0,15.4,265.0,250.0,7.94,11.22,97,95
2026-06-05T12:00,18.5,16.4,353.0,344.0,7.36,7.84,95,90
2026-06-05T13:00,18.4,18.0,291.0,441.0,6.54,5.83,91,93
2026-06-05T14:00,19.2,19.1,354.0,401.0,5.42,6.94,100,92
2026-06-05T15:00,18.4,19.5,322.0,445.0,7.02,5.08,88,49
2026-06-05T16:00,18.5,19.9,249.0,351.0,6.27,4.79,87,66
2026-06-05T17:00,18.5,19.6,184.0,206.0,5.9,3.95,62,41
2026-06-05T18:00,17.9,18.1,88.0,109.0,5.11,4.9,40,7
2026-06-05T19:00,17.2,17.1,15.0,15.0,5.8,5.0,43,0
2026-06-05T20:00,16.5,16.2,0.0,0.0,5.9,4.59,5,3
2026-06-05T21:00,15.8,15.6,0.0,0.0,6.65,3.37,0,2
2026-06-05T22:00,15.5,14.8,0.0,0.0,6.3,2.77,23,9
2026-06-05T23:00,15.5,13.9,0.0,0.0,5.4,3.16,100,2
2026-06-06T00:00,15.1,14.0,0.0,0.0,3.61,4.35,52,14
2026-06-06T01:00,14.4,13.6,0.0,0.0,2.45,4.38,1,46
2026-06-06T02:00,13.8,13.3,0.0,0.0,2.67,4.51,8,31
2026-06-06T03:00,13.9,13.1,0.0,0.0,1.29,3.64,9,36
2026-06-06T04:00,13.5,12.8,32.0,33.0,1.88,1.06,14,50
2026-06-06T05:00,14.2,13.6,142.0,138.0,1.48,0.39,0,100
2026-06-06T06:00,15.9,15.5,286.0,284.0,0.49,0.39,70,3
2026-06-06T07:00,17.3,17.8,431.0,464.0,0.96,1.1,36,0
2026-06-06T08:00,19.1,19.8,607.0,622.0,1.52,1.55,3,0
2026-06-06T09:00,20.5,21.4,745.0,751.0,1.41,1.77,22,0
2026-06-06T10:00,21.8,22.6,827.0,839.0,2.02,2.26,10,16
2026-06-06T11:00,22.9,23.6,858.0,877.0,2.59,3.23,65,25
2026-06-06T12:00,23.2,24.3,846.0,838.0,2.82,3.61,100,100
2026-06-06T13:00,24.1,24.7,644.0,684.0,1.77,3.68,99,100
2026-06-06T14:00,24.2,24.8,554.0,527.0,3.92,4.3,100,100
2026-06-06T15:00,24.6,24.6,498.0,382.0,4.04,4.16,100,100
2026-06-06T16:00,24.4,23.9,358.0,207.0,3.94,4.67,100,100
2026-06-06T17:00,23.9,23.3,217.0,113.0,3.9,4.5,100,100
2026-06-06T18:00,23.7,22.5,85.0,73.0,3.8,2.77,100,100
2026-06-06T19:00,22.8,21.5,15.0,9.0,3.4,2.23,78,66
2026-06-06T20:00,21.8,20.6,0.0,0.0,3.07,2.29,100,73
2026-06-06T21:00,21.2,20.1,0.0,0.0,0.49,1.38,84,61
2026-06-06T22:00,20.4,18.7,0.0,0.0,0.42,0.9,65,32
2026-06-06T23:00,19.8,17.5,0.0,0.0,6.26,1.52,94,63
2026-06-07T00:00,19.2,18.4,0.0,0.0,4.65,4.62,70,69
2026-06-07T01:00,18.9,18.8,0.0,0.0,4.73,7.84,63,72
2026-06-07T02:00,18.9,18.6,0.0,0.0,6.43,9.25,50,64
2026-06-07T03:00,18.5,18.6,0.0,0.0,6.85,10.39,57,72
2026-06-07T04:00,18.4,18.9,29.0,22.0,7.49,10.63,13,68
2026-06-07T05:00,19.0,19.2,143.0,101.0,7.11,9.32,0,80
2026-06-07T06:00,19.5,20.1,295.0,259.0,4.57,7.79,0,49
2026-06-07T07:00,21.3,21.5,460.0,444.0,4.8,6.9,32,21
2026-06-07T08:00,23.1,22.8,618.0,617.0,5.65,6.52,0,5
2026-06-07T09:00,24.9,23.9,727.0,636.0,5.63,7.55,77,60
2026-06-07T10:00,26.1,24.7,688.0,680.0,6.04,6.31,97,70
2026-06-07T11:00,26.9,25.6,655.0,713.0,5.02,6.17,60,61
2026-06-07T12:00,24.9,25.6,336.0,766.0,9.15,6.65,100,67
2026-06-07T13:00,25.0,26.2,352.0,729.0,3.61,5.9,33,54
2026-06-07T14:00,26.5,26.0,640.0,524.0,5.56,5.91,0,74
2026-06-07T15:00,27.3,26.2,521.0,461.0,6.74,5.54,56,26
2026-06-07T16:00,26.8,26.1,332.0,368.0,6.82,4.97,69,49
2026-06-07T17:00,26.4,25.5,224.0,200.0,4.67,5.53,100,54
2026-06-07T18:00,25.2,24.6,117.0,93.0,4.13,5.04,7,46
2026-06-07T19:00,24.0,23.4,18.0,15.0,4.9,4.3,32,48
2026-06-07T20:00,22.5,22.1,0.0,0.0,6.37,2.72,0,57
2026-06-07T21:00,21.6,21.1,0.0,0.0,7.28,3.07,0,70
2026-06-07T22:00,20.9,20.5,0.0,0.0,6.4,3.59,0,68
2026-06-07T23:00,20.4,19.9,0.0,0.0,4.78,3.33,0,64
2026-06-08T00:00,19.6,20.3,0.0,0.0,3.6,6.09,0,49
2026-06-08T01:00,18.9,19.8,0.0,0.0,3.24,6.29,0,61
2026-06-08T02:00,17.9,19.4,0.0,0.0,2.46,6.38,0,56
2026-06-08T03:00,16.4,18.8,0.0,0.0,2.12,5.47,0,49
2026-06-08T04:00,16.0,18.2,33.0,35.0,0.62,4.79,2,96
2026-06-08T05:00,16.8,19.2,139.0,139.0,0.79,3.37,49,83
2026-06-08T06:00,18.8,20.5,290.0,208.0,1.39,1.94,8,87
2026-06-08T07:00,20.3,21.9,462.0,368.0,1.28,1.02,0,79
2026-06-08T08:00,22.0,23.2,616.0,501.0,1.74,0.79,33,59
2026-06-08T09:00,23.6,24.6,745.0,647.0,2.52,0.69,0,49
2026-06-08T10:00,25.1,25.6,833.0,740.0,3.1,1.43,21,50
2026-06-08T11:00,26.2,26.4,872.0,776.0,3.29,2.28,30,47
2026-06-08T12:00,27.3,26.7,839.0,843.0,3.64,3.27,19,31
2026-06-08T13:00,28.1,27.2,808.0,793.0,3.67,4.04,69,27
2026-06-08T14:00,28.6,27.5,635.0,706.0,3.68,4.81,56,27
2026-06-08T15:00,28.6,27.4,567.0,580.0,4.16,5.08,100,10
2026-06-08T16:00,28.7,27.0,402.0,430.0,3.8,5.25,100,0
2026-06-08T17:00,28.1,26.5,202.0,266.0,4.78,5.52,100,13
2026-06-08T18:00,27.0,26.1,98.0,108.0,5.4,5.94,100,62
2026-06-08T19:00,25.6,24.3,16.0,16.0,4.56,7.12,98,100
2026-06-08T20:00,23.8,23.0,0.0,0.0,4.55,6.89,100,45
2026-06-08T21:00,22.8,21.6,0.0,0.0,3.04,6.05,100,41
2026-06-08T22:00,21.9,20.7,0.0,0.0,2.5,4.87,100,100
2026-06-08T23:00,21.4,20.1,0.0,0.0,1.33,3.35,100,100
2026-06-09T00:00,20.7,19.5,0.0,0.0,1.28,2.11,85,92
2026-06-09T01:00,20.3,19.0,0.0,0.0,0.93,1.69,98,100
2026-06-09T02:00,19.7,18.4,0.0,0.0,1.31,2.02,87,99
2026-06-09T03:00,20.5,18.1,0.0,0.0,9.47,0.96,100,96
2026-06-09T04:00,20.5,17.6,19.0,28.0,8.96,0.22,100,100
2026-06-09T05:00,20.8,18.4,63.0,84.0,6.89,1.71,100,100
2026-06-09T06:00,21.6,21.7,197.0,193.0,6.37,8.25,100,100
2026-06-09T07:00,22.4,22.2,228.0,323.0,5.08,7.54,100,100
2026-06-09T08:00,22.9,23.1,350.0,473.0,4.53,6.93,100,100
2026-06-09T09:00,24.9,23.9,496.0,620.0,4.55,6.44,100,92
2026-06-09T10:00,25.9,23.6,630.0,503.0,3.86,5.31,100,98
2026-06-09T11:00,26.5,24.1,667.0,463.0,3.87,5.41,96,99
2026-06-09T12:00,26.4,22.7,486.0,424.0,4.27,4.47,98,90
2026-06-09T13:00,25.8,23.0,398.0,365.0,5.82,5.42,100,98
2026-06-09T14:00,24.2,21.6,350.0,253.0,6.2,7.33,99,100
2026-06-09T15:00,22.7,20.4,211.0,163.0,7.93,10.63,100,100
2026-06-09T16:00,21.7,19.1,104.0,79.0,5.83,10.21,100,100
2026-06-09T17:00,20.8,19.0,81.0,51.0,9.9,8.94,99,100
2026-06-09T18:00,19.0,18.8,41.0,17.0,8.34,9.16,100,100
2026-06-09T19:00,18.3,18.3,3.0,4.0,8.37,9.46,100,100
2026-06-09T20:00,17.7,17.1,0.0,0.0,6.97,8.58,100,100
2026-06-09T21:00,16.6,16.1,0.0,0.0,5.47,8.45,100,100
2026-06-09T22:00,16.3,16.0,0.0,0.0,5.43,7.79,100,100
2026-06-09T23:00,16.0,15.9,0.0,0.0,5.17,5.97,100,100
2026-06-10T00:00,15.9,16.2,0.0,0.0,6.25,7.22,100,100
2026-06-10T01:00,15.8,16.2,0.0,0.0,5.29,7.28,99,100
2026-06-10T02:00,15.8,15.8,0.0,0.0,4.88,6.12,100,100
2026-06-10T03:00,15.8,15.4,0.0,0.0,4.16,6.3,100,100
2026-06-10T04:00,15.7,15.2,6.0,9.0,3.54,6.44,100,100
2026-06-10T05:00,15.8,15.2,23.0,51.0,3.29,5.89,100,99
2026-06-10T06:00,15.6,15.3,47.0,57.0,5.11,6.45,100,100
2026-06-10T07:00,16.0,15.1,109.0,102.0,4.35,7.18,100,100
2026-06-10T08:00,16.4,15.3,138.0,132.0,3.99,7.02,100,100
2026-06-10T09:00,17.3,15.6,150.0,141.0,4.56,7.21,100,100
2026-06-10T10:00,17.5,15.8,216.0,146.0,4.4,7.49,100,100
2026-06-10T11:00,18.1,16.2,237.0,212.0,4.51,6.91,100,100
2026-06-10T12:00,18.6,17.2,399.0,179.0,4.35,6.64,96,100
2026-06-10T13:00,19.1,17.4,447.0,259.0,3.76,6.82,96,100
2026-06-10T14:00,19.1,17.1,254.0,242.0,4.12,6.66,100,99
2026-06-10T15:00,18.7,16.7,141.0,168.0,3.56,6.94,100,99
2026-06-10T16:00,18.2,16.3,60.0,87.0,4.38,6.77,100,100
2026-06-10T17:00,17.2,15.7,37.0,37.0,5.77,7.61,100,100
2026-06-10T18:00,16.1,14.5,10.0,8.0,6.86,9.5,100,100
2026-06-10T19:00,15.3,13.9,2.0,1.0,7.7,10.0,100,100
2026-06-10T20:00,14.4,13.2,0.0,0.0,9.39,10.56,100,100
2026-06-10T21:00,13.7,12.8,0.0,0.0,10.74,11.12,100,100
2026-06-10T22:00,13.4,12.4,0.0,0.0,12.6,11.92,100,100
2026-06-10T23:00,12.8,11.9,0.0,0.0,11.64,10.13,100,100
2026-06-11T00:00,12.7,12.6,0.0,0.0,10.47,8.77,100,100
2026-06-11T01:00,12.4,12.3,0.0,0.0,9.41,9.72,84,95
2026-06-11T02:00,12.1,12.0,0.0,0.0,9.46,9.79,38,66
2026-06-11T03:00,12.0,11.6,0.0,0.0,9.2,8.84,67,36
2026-06-11T04:00,12.1,11.6,34.0,35.0,8.71,8.99,0,15
2026-06-11T05:00,12.8,12.5,150.0,147.0,9.39,7.78,0,26
2026-06-11T06:00,14.1,13.9,298.0,303.0,6.2,6.68,26,26
2026-06-11T07:00,15.3,15.6,386.0,468.0,7.07,7.98,44,37
2026-06-11T08:00,16.4,16.8,486.0,585.0,7.66,9.57,100,44
2026-06-11T09:00,17.4,18.0,497.0,599.0,8.33,9.75,90,59
2026-06-11T10:00,18.3,19.2,627.0,722.0,6.19,8.68,88,96
2026-06-11T11:00,18.8,20.2,619.0,758.0,7.12,7.82,96,99
2026-06-11T12:00,19.8,21.2,711.0,678.0,8.39,7.94,95,80
2026-06-11T13:00,19.7,20.4,601.0,606.0,8.95,9.1,100,42
2026-06-11T14:00,18.5,20.2,460.0,639.0,9.38,9.51,75,76
2026-06-11T15:00,19.0,18.9,539.0,501.0,6.56,8.98,88,20
2026-06-11T16:00,18.4,18.6,367.0,407.0,5.96,9.46,38,64
2026-06-11T17:00,16.7,18.5,175.0,257.0,7.07,9.16,0,89
2026-06-11T18:00,16.5,17.4,121.0,116.0,7.28,8.57,42,100
2026-06-11T19:00,14.6,16.5,19.0,19.0,7.41,8.54,0,100
2026-06-11T20:00,13.9,15.6,0.0,0.0,7.13,8.85,4,40
2026-06-11T21:00,12.9,14.7,0.0,0.0,8.31,9.42,0,4
2026-06-11T22:00,12.8,13.8,0.0,0.0,8.59,9.58,0,0
2026-06-11T23:00,12.6,13.3,0.0,0.0,8.63,8.74,2,0
2026-06-12T00:00,12.0,13.1,0.0,0.0,9.32,7.47,4,48
2026-06-12T01:00,11.5,12.8,0.0,0.0,9.21,7.04,0,100
2026-06-12T02:00,11.2,12.9,0.0,0.0,9.18,6.66,0,100
2026-06-12T03:00,11.1,12.9,0.0,0.0,7.84,6.68,58,54
2026-06-12T04:00,11.2,13.2,34.0,36.0,7.25,6.42,0,56
2026-06-12T05:00,12.1,14.4,148.0,144.0,4.46,7.02,0,46
2026-06-12T06:00,13.9,15.5,303.0,305.0,5.26,6.42,0,37
2026-06-12T07:00,15.7,17.0,467.0,452.0,5.79,6.44,7,57
2026-06-12T08:00,17.4,17.5,606.0,408.0,5.87,6.99,61,100
2026-06-12T09:00,18.4,18.3,569.0,538.0,7.34,7.9,99,100
2026-06-12T10:00,19.3,18.1,619.0,300.0,7.06,8.32,87,100
2026-06-12T11:00,19.6,18.1,494.0,294.0,6.17,8.97,91,95
2026-06-12T12:00,19.5,19.1,419.0,378.0,7.89,8.67,100,100
2026-06-12T13:00,19.1,19.2,439.0,379.0,9.15,8.87,100,99
2026-06-12T14:00,18.6,18.2,451.0,278.0,9.42,9.38,89,100
2026-06-12T15:00,18.2,17.1,388.0,196.0,9.54,9.01,85,100
2026-06-12T16:00,17.7,16.1,264.0,108.0,10.18,8.98,80,100
2026-06-12T17:00,17.3,16.0,118.0,90.0,10.0,9.02,93,100
2026-06-12T18:00,16.7,16.3,55.0,55.0,10.23,10.03,98,96
2026-06-12T19:00,16.1,15.9,9.0,8.0,9.5,9.28,99,100
2026-06-12T20:00,15.7,15.8,0.0,0.0,8.72,9.12,98,100
2026-06-12T21:00,15.4,15.9,0.0,0.0,8.69,9.82,100,100
2026-06-12T22:00,15.3,16.0,0.0,0.0,8.44,9.25,97,100
2026-06-12T23:00,15.5,15.8,0.0,0.0,9.75,9.05,86,100
2026-06-13T00:00,15.5,15.8,0.0,0.0,8.33,7.79,100,95
2026-06-13T01:00,15.6,15.7,0.0,0.0,7.85,6.37,100,98
2026-06-13T02:00,15.6,15.6,0.0,0.0,7.55,6.08,97,100
2026-06-13T03:00,15.8,15.5,0.0,0.0,8.94,4.32,98,99
2026-06-13T04:00,15.8,15.5,5.0,7.0,8.08,4.9,100,100
2026-06-13T05:00,16.1,15.8,40.0,19.0,8.0,4.51,96,100
2026-06-13T06:00,16.5,16.5,74.0,30.0,8.75,8.14,100,100
2026-06-13T07:00,16.9,17.3,99.0,81.0,8.22,7.64,100,85
2026-06-13T08:00,18.6,18.2,273.0,194.0,7.84,9.83,92,100
2026-06-13T09:00,20.6,19.1,532.0,190.0,8.69,9.44,95,89
2026-06-13T10:00,20.9,20.4,415.0,390.0,7.48,9.42,100,80
2026-06-13T11:00,20.3,22.0,211.0,583.0,3.33,8.06,91,77
2026-06-13T12:00,24.1,24.1,660.0,719.0,11.08,10.03,8,93
2026-06-13T13:00,24.7,24.9,792.0,676.0,12.26,9.65,11,63
2026-06-13T14:00,24.8,25.4,634.0,561.0,10.82,10.23,16,46
2026-06-13T15:00,25.4,25.8,494.0,499.0,10.97,10.38,48,46
2026-06-13T16:00,25.2,25.5,365.0,370.0,10.6,10.27,17,43
2026-06-13T17:00,24.9,24.8,254.0,258.0,8.14,8.59,20,10
2026-06-13T18:00,24.3,23.9,125.0,122.0,6.7,6.63,21,68
2026-06-13T19:00,23.1,22.4,21.0,19.0,6.82,5.31,4,70
2026-06-13T20:00,21.8,21.2,0.0,0.0,5.1,4.92,30,54
2026-06-13T21:00,20.7,19.8,0.0,0.0,7.05,4.13,35,7
2026-06-13T22:00,20.1,18.4,0.0,0.0,8.59,4.37,100,1
2026-06-13T23:00,19.8,17.6,0.0,0.0,7.69,5.13,49,66
2026-06-14T00:00,19.3,17.6,0.0,0.0,6.75,5.7,92,44
2026-06-14T01:00,18.7,17.5,0.0,0.0,7.35,6.59,98,63
2026-06-14T02:00,18.2,17.4,0.0,0.0,5.92,6.96,79,63
2026-06-14T03:00,17.1,17.0,0.0,0.0,4.43,7.29,90,30
2026-06-14T04:00,16.5,16.8,24.0,35.0,2.72,7.02,90,37
2026-06-14T05:00,16.8,17.6,113.0,134.0,1.46,6.87,86,59
2026-06-14T06:00,17.5,18.7,183.0,226.0,3.44,6.99,85,85
2026-06-14T07:00,19.1,19.5,343.0,387.0,6.87,8.52,78,100
2026-06-14T08:00,19.6,20.1,371.0,473.0,9.04,9.74,90,96
2026-06-14T09:00,20.6,20.2,398.0,431.0,10.09,10.15,98,100
2026-06-14T10:00,21.2,20.4,482.0,400.0,10.68,9.79,100,100
2026-06-14T11:00,21.9,20.9,696.0,454.0,11.18,10.2,64,87
2026-06-14T12:00,22.8,21.5,796.0,603.0,11.78,11.13,57,84
2026-06-14T13:00,22.4,22.3,501.0,650.0,9.44,10.08,76,47
2026-06-14T14:00,22.7,22.8,547.0,578.0,7.19,10.89,94,59
2026-06-14T15:00,23.2,22.4,508.0,438.0,9.35,10.21,84,71
2026-06-14T16:00,22.4,22.0,394.0,314.0,9.46,8.69,66,70
2026-06-14T17:00,21.6,21.8,263.0,185.0,9.08,8.5,31,66
2026-06-14T18:00,20.5,20.5,125.0,81.0,9.11,7.07,37,63
2026-06-14T19:00,19.6,19.5,20.0,16.0,7.23,5.01,75,60
2026-06-14T20:00,18.9,18.3,0.0,0.0,4.98,4.78,92,60
2026-06-14T21:00,18.5,17.3,0.0,0.0,7.15,4.84,99,68
2026-06-14T22:00,17.8,16.5,0.0,0.0,4.61,5.5,100,43
2026-06-14T23:00,17.2,15.9,0.0,0.0,6.15,7.32,100,39
2026-06-15T00:00,16.7,15.5,0.0,0.0,5.04,7.06,100,79
2026-06-15T01:00,16.1,15.4,0.0,0.0,4.43,7.18,100,100
2026-06-15T02:00,15.7,15.3,0.0,0.0,4.35,7.17,88,100
2026-06-15T03:00,14.9,15.2,0.0,0.0,5.28,6.12,97,100
2026-06-15T04:00,14.7,15.3,27.0,17.0,4.86,5.52,97,100
2026-06-15T05:00,15.0,15.9,107.0,65.0,4.61,5.25,70,100
2026-06-15T06:00,15.8,16.7,281.0,156.0,4.02,3.95,34,100
2026-06-15T07:00,17.0,18.2,408.0,300.0,4.13,4.85,82,94
2026-06-15T08:00,17.9,19.8,462.0,486.0,4.81,7.55,71,40
2026-06-15T09:00,18.8,20.2,530.0,519.0,5.3,9.25,55,77
2026-06-15T10:00,19.8,20.8,746.0,654.0,3.57,8.83,73,55
2026-06-15T11:00,19.0,21.5,536.0,719.0,4.43,6.22,33,67
2026-06-15T12:00,22.1,22.6,713.0,705.0,9.09,8.77,32,43
2026-06-15T13:00,22.8,23.5,633.0,705.0,8.41,7.84,52,74
2026-06-15T14:00,23.3,23.4,657.0,552.0,10.2,8.45,59,53
2026-06-15T15:00,23.5,23.4,487.0,531.0,8.73,8.2,70,75
2026-06-15T16:00,23.3,22.7,365.0,373.0,7.67,8.33,0,42
2026-06-15T17:00,22.9,21.9,230.0,258.0,6.79,6.36,27,30
2026-06-15T18:00,22.7,21.6,105.0,123.0,4.57,5.37,76,51
2026-06-15T19:00,21.3,20.2,16.0,19.0,4.7,3.69,62,43
2026-06-15T20:00,19.7,19.2,0.0,0.0,5.17,1.94,33,74
2026-06-15T21:00,18.7,18.5,0.0,0.0,3.57,2.21,5,74
2026-06-15T22:00,18.0,17.6,0.0,0.0,2.68,3.76,34,86
2026-06-15T23:00,16.9,17.3,0.0,0.0,3.82,4.75,34,88
2026-06-16T00:00,16.7,16.3,0.0,0.0,4.11,4.74,0,84
2026-06-16T01:00,15.8,15.9,0.0,0.0,4.22,4.08,0,65
2026-06-16T02:00,15.4,15.4,0.0,0.0,5.25,4.13,0,67
2026-06-16T03:00,14.9,15.0,0.0,0.0,3.84,4.66,0,49
2026-06-16T04:00,14.8,15.1,36.0,34.0,3.73,4.37,1,50
2026-06-16T05:00,15.4,16.4,145.0,145.0,3.09,3.9,100,22
2026-06-16T06:00,17.5,18.1,305.0,305.0,3.5,3.27,87,10
2026-06-16T07:00,19.0,19.7,463.0,479.0,4.08,3.45,12,18
2026-06-16T08:00,20.6,21.2,625.0,633.0,4.62,4.37,25,79
2026-06-16T09:00,21.9,22.5,741.0,746.0,4.41,4.88,100,99
2026-06-16T10:00,23.5,23.6,824.0,827.0,5.39,4.73,61,83
2026-06-16T11:00,24.8,24.5,880.0,879.0,7.35,4.63,87,65
2026-06-16T12:00,25.4,25.4,883.0,785.0,6.47,6.06,98,98
2026-06-16T13:00,25.9,25.4,812.0,574.0,5.5,6.14,96,91
2026-06-16T14:00,26.1,25.7,638.0,553.0,5.49,5.99,99,92
2026-06-16T15:00,25.6,25.6,416.0,468.0,5.95,4.94,100,85
2026-06-16T16:00,25.1,25.3,263.0,319.0,6.67,4.02,100,97
2026-06-16T17:00,22.1,25.1,85.0,206.0,11.17,4.84,100,86
2026-06-16T18:00,21.6,23.2,38.0,63.0,7.56,9.84,100,100
2026-06-16T19:00,20.7,22.0,9.0,9.0,7.76,7.95,100,99
2026-06-16T20:00,20.0,21.0,0.0,0.0,9.41,6.18,100,99
2026-06-16T21:00,19.0,20.5,0.0,0.0,9.46,7.28,100,100
2026-06-16T22:00,18.7,20.2,0.0,0.0,8.07,7.17,94,99
2026-06-16T23:00,18.8,20.2,0.0,0.0,7.96,6.08,81,98
2026-06-17T00:00,18.6,18.2,0.0,0.0,4.92,2.19,100,79
2026-06-17T01:00,18.4,17.6,0.0,0.0,5.07,2.12,100,64
2026-06-17T02:00,18.0,17.8,0.0,0.0,4.9,3.82,100,55
2026-06-17T03:00,18.3,18.5,0.0,0.0,2.87,4.23,100,95
2026-06-17T04:00,18.2,18.2,21.0,22.0,2.32,1.57,75,80
2026-06-17T05:00,18.9,18.2,110.0,86.0,1.1,1.52,100,97
2026-06-17T06:00,20.2,20.3,246.0,230.0,1.82,3.88,67,99
2026-06-17T07:00,21.9,21.3,386.0,224.0,3.73,3.66,54,92
2026-06-17T08:00,23.1,22.1,541.0,279.0,4.86,6.04,100,80
2026-06-17T09:00,24.4,23.6,591.0,496.0,4.09,6.86,100,94
2026-06-17T10:00,25.6,24.8,697.0,619.0,5.71,6.09,98,100
2026-06-17T11:00,26.3,25.8,683.0,689.0,4.17,7.16,100,100
2026-06-17T12:00,26.9,25.8,737.0,623.0,6.19,5.35,100,100
2026-06-17T13:00,27.2,24.9,490.0,414.0,3.64,7.31,94,100
2026-06-17T14:00,27.2,24.4,333.0,454.0,3.91,9.09,97,95
2026-06-17T15:00,27.0,23.5,424.0,328.0,6.09,10.29,23,88
2026-06-17T16:00,26.4,23.2,316.0,236.0,8.7,10.55,78,78
2026-06-17T17:00,26.1,22.9,193.0,201.0,6.75,9.65,82,100
2026-06-17T18:00,25.8,24.7,78.0,71.0,4.3,6.93,89,100
2026-06-17T19:00,24.0,23.5,13.0,8.0,5.52,6.39,100,97
2026-06-17T20:00,23.6,22.9,0.0,0.0,3.2,5.39,97,100
2026-06-17T21:00,23.4,21.7,0.0,0.0,6.61,6.75,97,100
2026-06-17T22:00,23.0,21.0,0.0,0.0,5.96,7.44,95,100
2026-06-17T23:00,22.6,20.7,0.0,0.0,6.01,7.54,96,99
2026-06-18T00:00,21.7,20.5,0.0,0.0,8.19,4.29,100,93
2026-06-18T01:00,21.4,20.1,0.0,0.0,6.91,3.35,98,97
2026-06-18T02:00,21.2,19.8,0.0,0.0,6.63,3.2,100,97
2026-06-18T03:00,20.9,19.6,0.0,0.0,6.43,3.29,79,95
2026-06-18T04:00,20.9,19.6,27.0,10.0,5.13,3.46,92,96
2026-06-18T05:00,21.5,19.7,120.0,38.0,3.34,3.75,79,92
2026-06-18T06:00,22.5,21.7,238.0,210.0,2.06,2.54,56,79
2026-06-18T07:00,23.8,23.0,411.0,378.0,2.16,3.2,53,66
2026-06-18T08:00,25.2,24.1,573.0,459.0,2.16,5.03,44,72
2026-06-18T09:00,26.6,25.1,704.0,529.0,2.42,5.41,28,72
2026-06-18T10:00,27.7,26.2,753.0,559.0,3.72,5.08,62,80
2026-06-18T11:00,28.2,27.1,633.0,590.0,3.75,4.91,61,71
2026-06-18T12:00,28.8,28.3,584.0,678.0,2.79,3.91,75,56
2026-06-18T13:00,29.5,29.2,531.0,694.0,3.17,3.38,52,68
2026-06-18T14:00,30.9,29.6,648.0,556.0,3.9,3.5,52,63
2026-06-18T15:00,30.7,29.7,462.0,520.0,4.13,3.06,5,74
2026-06-18T16:00,31.0,29.5,437.0,375.0,3.28,2.82,0,61
2026-06-18T17:00,30.4,28.9,275.0,239.0,2.56,3.26,29,41
2026-06-18T18:00,30.2,28.3,120.0,110.0,3.92,4.03,35,11
2026-06-18T19:00,28.9,26.6,22.0,22.0,3.38,4.84,0,2
2026-06-18T20:00,27.8,25.2,0.0,0.0,2.94,4.92,11,6
2026-06-18T21:00,26.5,24.1,0.0,0.0,3.73,3.95,26,9
2026-06-18T22:00,25.5,23.1,0.0,0.0,3.04,3.22,51,75
2026-06-18T23:00,24.1,22.3,0.0,0.0,1.31,3.29,58,84
2026-06-19T00:00,23.2,22.3,0.0,0.0,0.96,1.59,23,27
2026-06-19T01:00,22.4,22.0,0.0,0.0,0.71,1.69,2,14
2026-06-19T02:00,21.6,21.0,0.0,0.0,0.5,1.43,0,32
2026-06-19T03:00,21.1,20.4,0.0,0.0,0.44,1.67,0,11
2026-06-19T04:00,20.7,20.2,32.0,33.0,0.39,1.28,0,3
2026-06-19T05:00,21.3,21.1,139.0,138.0,0.69,1.53,0,19
2026-06-19T06:00,22.5,22.9,286.0,285.0,1.21,1.5,0,2
2026-06-19T07:00,24.4,24.7,447.0,447.0,1.58,1.28,0,3
2026-06-19T08:00,26.4,26.6,601.0,599.0,1.88,1.82,0,4
2026-06-19T09:00,28.3,28.4,730.0,727.0,2.57,2.65,0,4
2026-06-19T10:00,30.1,30.1,822.0,819.0,3.33,3.19,0,3
2026-06-19T11:00,31.4,31.3,870.0,825.0,3.61,3.33,0,20
2026-06-19T12:00,32.2,32.1,867.0,865.0,3.67,3.67,0,0
2026-06-19T13:00,32.9,32.6,818.0,816.0,3.9,4.06,0,0
2026-06-19T14:00,33.3,32.8,726.0,721.0,4.44,4.19,0,2
2026-06-19T15:00,33.3,32.7,589.0,590.0,4.78,4.25,35,1
2026-06-19T16:00,33.3,32.4,438.0,437.0,4.91,4.51,40,0
2026-06-19T17:00,32.7,31.8,280.0,275.0,5.31,4.73,0,7
2026-06-19T18:00,31.8,30.6,129.0,124.0,5.4,5.79,0,0
2026-06-19T19:00,30.3,28.8,24.0,23.0,5.25,6.32,0,0
2026-06-19T20:00,29.0,27.0,0.0,0.0,6.88,5.99,0,0
2026-06-19T21:00,27.3,25.5,0.0,0.0,4.84,5.14,15,0
2026-06-19T22:00,26.1,24.6,0.0,0.0,6.06,4.7,0,0
2026-06-19T23:00,25.4,24.0,0.0,0.0,6.07,4.37,0,0
2026-06-20T00:00,24.6,23.4,0.0,0.0,5.98,3.95,0,13
2026-06-20T01:00,23.9,22.7,0.0,0.0,4.13,3.67,0,5
2026-06-20T02:00,22.7,22.1,0.0,0.0,2.28,3.24,0,12
2026-06-20T03:00,21.8,21.6,0.0,0.0,1.88,3.02,0,10
2026-06-20T04:00,21.5,21.5,32.0,32.0,1.52,2.55,78,57
2026-06-20T05:00,22.0,22.4,135.0,133.0,1.82,2.5,2,90
2026-06-20T06:00,24.2,24.1,279.0,271.0,1.18,3.1,100,100
2026-06-20T07:00,26.0,26.0,437.0,424.0,1.94,2.59,18,100
2026-06-20T08:00,28.2,28.2,593.0,573.0,2.08,4.13,87,100
2026-06-20T09:00,31.3,30.3,721.0,689.0,3.53,4.95,0,6
2026-06-20T10:00,33.7,32.0,810.0,807.0,5.17,4.97,100,90
2026-06-20T11:00,34.5,33.0,845.0,750.0,4.19,4.08,0,100
2026-06-20T12:00,35.3,33.1,817.0,705.0,2.18,2.59,83,100
2026-06-20T13:00,35.4,33.8,558.0,656.0,2.55,1.88,77,100
2026-06-20T14:00,35.0,33.9,419.0,575.0,3.55,3.13,100,97
2026-06-20T15:00,35.0,32.5,360.0,364.0,7.06,5.57,100,100
2026-06-20T16:00,31.5,31.8,179.0,291.0,7.05,3.55,100,100
2026-06-20T17:00,31.9,31.1,134.0,181.0,2.67,6.09,5,100
2026-06-20T18:00,30.2,29.0,99.0,69.0,6.33,4.22,100,100
2026-06-20T19:00,28.9,28.1,19.0,16.0,2.73,6.03,93,100
2026-06-20T20:00,28.0,26.8,0.0,0.0,4.17,6.02,100,100
2026-06-20T21:00,26.9,26.6,0.0,0.0,3.04,5.9,89,100
2026-06-20T22:00,25.8,26.2,0.0,0.0,1.33,6.23,97,100
2026-06-20T23:00,25.1,25.8,0.0,0.0,0.71,5.75,76,100
2026-06-21T00:00,26.1,25.8,0.0,0.0,4.22,4.62,40,100
2026-06-21T01:00,25.4,25.5,0.0,0.0,3.2,5.71,22,99
2026-06-21T02:00,24.2,25.2,0.0,0.0,3.42,6.03,27,69
2026-06-21T03:00,23.7,24.9,0.0,0.0,3.53,6.3,0,100
2026-06-21T04:00,23.6,25.1,31.0,30.0,2.63,5.87,8,81
2026-06-21T05:00,24.6,26.1,131.0,131.0,3.38,7.13,43,71
2026-06-21T06:00,25.9,27.2,194.0,286.0,2.64,4.97,100,0
2026-06-21T07:00,27.8,28.7,337.0,444.0,4.03,5.48,23,5
2026-06-21T08:00,29.2,29.9,591.0,587.0,4.12,6.55,27,100
2026-06-21T09:00,30.8,30.3,720.0,692.0,4.84,4.62,0,100
2026-06-21T10:00,32.3,26.2,810.0,485.0,5.48,6.06,0,100
2026-06-21T11:00,33.6,27.5,828.0,474.0,5.8,3.59,4,100
2026-06-21T12:00,34.3,29.5,861.0,601.0,5.54,3.41,0,100
2026-06-21T13:00,34.8,29.4,749.0,531.0,5.66,4.43,5,100
2026-06-21T14:00,35.2,29.1,531.0,389.0,5.77,6.05,31,100
2026-06-21T15:00,35.5,28.9,499.0,354.0,4.77,4.44,52,100
2026-06-21T16:00,35.1,28.5,330.0,278.0,5.92,4.38,99,100
2026-06-21T17:00,34.5,28.0,199.0,155.0,5.65,3.92,35,100
2026-06-21T18:00,33.3,27.3,101.0,71.0,5.17,4.61,44,100
2026-06-21T19:00,32.1,26.6,23.0,17.0,3.86,4.94,73,100
2026-06-21T20:00,30.6,25.7,0.0,0.0,4.62,6.54,100,100
2026-06-21T21:00,27.9,25.1,0.0,0.0,2.95,6.76,0,100
2026-06-21T22:00,27.2,24.4,0.0,0.0,1.53,7.27,12,100
2026-06-21T23:00,26.9,24.2,0.0,0.0,0.84,6.42,0,100
2026-06-22T00:00,26.3,23.9,0.0,0.0,1.62,5.13,100,100
2026-06-22T01:00,26.0,23.6,0.0,0.0,2.65,4.96,100,85
2026-06-22T02:00,25.5,23.2,0.0,0.0,2.16,5.17,100,13
2026-06-22T03:00,25.2,22.8,0.0,0.0,3.14,4.84,100,1
2026-06-22T04:00,25.2,23.0,32.0,33.0,2.77,5.43,40,4
2026-06-22T05:00,25.5,24.0,132.0,137.0,2.1,5.43,94,21
2026-06-22T06:00,26.7,26.0,282.0,283.0,1.8,2.16,52,6
2026-06-22T07:00,28.2,27.6,444.0,445.0,2.64,2.71,4,0
2026-06-22T08:00,29.4,28.3,597.0,569.0,2.88,3.09,0,100
2026-06-22T09:00,31.1,29.4,723.0,641.0,2.52,2.7,0,100
2026-06-22T10:00,32.5,30.1,814.0,738.0,3.31,3.95,0,100
2026-06-22T11:00,33.3,29.9,784.0,609.0,5.25,4.22,98,100
2026-06-22T12:00,33.6,29.1,800.0,482.0,4.77,3.95,53,100
2026-06-22T13:00,34.0,29.3,647.0,507.0,5.45,4.34,46,100
2026-06-22T14:00,31.7,28.9,358.0,405.0,3.56,4.78,100,100
2026-06-22T15:00,33.4,28.5,374.0,310.0,8.77,5.43,52,100
2026-06-22T16:00,33.3,27.7,370.0,253.0,6.36,5.56,100,100
2026-06-22T17:00,32.5,27.0,233.0,159.0,7.0,4.0,44,100
2026-06-22T18:00,31.2,26.9,98.0,76.0,7.94,5.09,100,100
2026-06-22T19:00,30.3,26.0,18.0,19.0,4.86,4.21,94,100
2026-06-22T20:00,28.2,25.2,0.0,0.0,2.87,4.35,54,100
2026-06-22T21:00,26.1,24.5,0.0,0.0,5.76,4.19,0,100
2026-06-22T22:00,25.2,24.0,0.0,0.0,4.02,3.99,0,88
2026-06-22T23:00,24.4,23.4,0.0,0.0,3.55,4.4,7,100
2026-06-23T00:00,23.8,22.6,0.0,0.0,3.29,4.21,0,37
2026-06-23T01:00,23.6,22.2,0.0,0.0,3.58,4.12,73,37
2026-06-23T02:00,23.5,21.9,0.0,0.0,3.43,3.95,75,33
2026-06-23T03:00,22.9,21.6,0.0,0.0,4.23,3.88,35,34
2026-06-23T04:00,22.6,21.5,27.0,32.0,3.04,3.42,81,27
2026-06-23T05:00,22.8,22.5,122.0,130.0,2.84,3.21,0,48
2026-06-23T06:00,23.4,23.7,279.0,286.0,2.5,2.26,2,13
2026-06-23T07:00,24.6,24.8,442.0,448.0,2.45,2.35,20,8
2026-06-23T08:00,26.3,26.1,598.0,595.0,3.04,2.61,27,23
2026-06-23T09:00,27.7,27.4,687.0,722.0,3.25,2.73,75,1
2026-06-23T10:00,28.9,28.6,753.0,802.0,4.03,2.95,17,37
2026-06-23T11:00,29.7,29.7,729.0,824.0,4.25,3.96,55,66
2026-06-23T12:00,30.1,30.0,665.0,798.0,4.02,5.27,26,68
2026-06-23T13:00,31.4,30.5,678.0,712.0,3.95,5.77,96,100
2026-06-23T14:00,31.5,30.4,504.0,522.0,4.16,5.42,100,73
2026-06-23T15:00,31.7,30.9,417.0,549.0,5.08,5.32,100,36
2026-06-23T16:00,31.5,30.7,352.0,421.0,4.56,5.6,100,29
2026-06-23T17:00,31.1,30.2,230.0,271.0,5.93,5.68,100,23
2026-06-23T18:00,29.6,29.4,128.0,106.0,5.75,6.32,100,87
2026-06-23T19:00,27.6,27.7,23.0,22.0,4.97,5.83,100,62
2026-06-23T20:00,26.5,26.2,0.0,0.0,3.47,4.76,100,56
2026-06-23T21:00,25.3,25.3,0.0,0.0,3.73,3.82,33,75
2026-06-23T22:00,24.1,24.4,0.0,0.0,3.73,5.56,11,73
2026-06-23T23:00,23.3,23.1,0.0,0.0,3.38,4.4,0,43
2026-06-24T00:00,22.9,22.5,0.0,0.0,3.78,4.02,0,27
2026-06-24T01:00,22.6,21.7,0.0,0.0,3.34,4.37,0,0
2026-06-24T02:00,22.3,21.1,0.0,0.0,2.97,4.16,0,0
2026-06-24T03:00,21.6,20.5,0.0,0.0,3.01,3.99,0,3
2026-06-24T04:00,21.2,20.5,31.0,34.0,2.31,3.9,0,0
2026-06-24T05:00,21.5,21.5,139.0,145.0,1.67,3.86,0,0
2026-06-24T06:00,22.6,22.9,289.0,295.0,1.43,3.13,0,7
2026-06-24T07:00,23.8,24.1,451.0,455.0,1.77,3.05,0,22
2026-06-24T08:00,25.4,25.3,603.0,606.0,1.76,3.33,0,17
2026-06-24T09:00,27.1,26.6,731.0,734.0,2.08,3.34,0,0
2026-06-24T10:00,28.7,27.8,824.0,826.0,3.04,3.26,0,0
2026-06-24T11:00,30.1,29.0,870.0,871.0,2.94,3.79,0,0
2026-06-24T12:00,31.3,29.8,871.0,871.0,4.33,4.21,0,0
2026-06-24T13:00,32.1,30.4,825.0,824.0,4.56,4.56,0,0
2026-06-24T14:00,32.3,30.7,730.0,731.0,4.22,4.64,0,4
2026-06-24T15:00,32.3,30.7,599.0,600.0,5.27,4.22,24,1
2026-06-24T16:00,32.3,30.6,445.0,445.0,4.9,4.21,1,0
2026-06-24T17:00,31.8,30.2,283.0,282.0,4.82,4.51,100,0
2026-06-24T18:00,30.9,29.5,114.0,128.0,4.19,4.52,55,10
2026-06-24T19:00,29.8,27.9,26.0,24.0,3.11,4.92,100,11
2026-06-24T20:00,28.0,26.4,0.0,0.0,3.41,4.78,100,90
2026-06-24T21:00,27.1,25.3,0.0,0.0,2.29,3.64,59,11
2026-06-24T22:00,26.4,24.5,0.0,0.0,1.58,2.86,0,32
2026-06-24T23:00,25.2,23.3,0.0,0.0,2.28,2.68,75,0
2026-06-25T00:00,24.2,22.1,0.0,0.0,3.47,2.09,0,0
2026-06-25T01:00,23.8,21.5,0.0,0.0,3.35,2.48,0,0
2026-06-25T02:00,23.5,20.9,0.0,0.0,2.85,2.55,0,0
2026-06-25T03:00,22.8,20.5,0.0,0.0,3.15,2.76,0,0
2026-06-25T04:00,22.4,20.4,32.0,33.0,2.52,2.88,0,0
2026-06-25T05:00,23.2,22.0,141.0,143.0,2.51,3.16,0,0
2026-06-25T06:00,24.8,24.8,292.0,296.0,1.52,2.79,0,0
2026-06-25T07:00,26.2,26.5,457.0,459.0,2.36,2.67,0,0
2026-06-25T08:00,27.6,28.0,612.0,613.0,2.37,2.94,0,0
2026-06-25T09:00,29.3,29.3,742.0,740.0,2.76,3.14,0,0
2026-06-25T10:00,30.5,30.5,832.0,829.0,2.66,3.33,0,0
2026-06-25T11:00,32.2,31.6,879.0,876.0,3.51,3.43,0,0
2026-06-25T12:00,33.0,32.5,880.0,875.0,3.34,3.56,0,0
2026-06-25T13:00,33.6,33.1,828.0,826.0,3.69,3.5,0,0
2026-06-25T14:00,34.2,33.5,732.0,732.0,4.12,3.52,0,0
2026-06-25T15:00,34.1,33.5,602.0,603.0,4.41,3.78,0,0
2026-06-25T16:00,33.7,33.2,450.0,448.0,4.52,3.77,0,0
2026-06-25T17:00,33.2,32.7,287.0,284.0,3.55,4.25,0,0
2026-06-25T18:00,32.7,31.7,133.0,130.0,4.25,3.86,0,1
2026-06-25T19:00,31.6,30.0,25.0,25.0,3.64,3.89,0,0
2026-06-25T20:00,30.3,28.5,0.0,0.0,3.5,4.0,0,3
2026-06-25T21:00,29.6,27.6,0.0,0.0,1.36,3.13,0,0
2026-06-25T22:00,28.0,26.4,0.0,0.0,1.33,1.77,0,2
2026-06-25T23:00,27.4,25.2,0.0,0.0,1.55,1.97,0,9
2026-06-26T00:00,26.6,24.9,0.0,0.0,0.71,0.53,0,0
2026-06-26T01:00,25.9,23.8,0.0,0.0,0.4,0.1,0,0
2026-06-26T02:00,24.8,22.8,0.0,0.0,0.93,0.31,0,1
2026-06-26T03:00,24.2,22.5,0.0,0.0,0.96,0.71,0,0
2026-06-26T04:00,24.1,22.4,31.0,33.0,1.28,0.44,0,0
2026-06-26T05:00,24.5,23.4,138.0,142.0,1.18,0.79,0,0
2026-06-26T06:00,25.3,25.0,285.0,290.0,1.06,1.27,0,0
2026-06-26T07:00,27.3,27.2,447.0,451.0,0.75,0.77,0,0
2026-06-26T08:00,29.8,29.7,603.0,605.0,0.69,0.93,0,0
2026-06-26T09:00,32.2,31.7,735.0,736.0,0.42,0.89,0,0
2026-06-26T10:00,33.5,33.3,829.0,828.0,1.43,0.96,0,0
2026-06-26T11:00,35.1,34.2,873.0,874.0,0.14,1.8,0,0
2026-06-26T12:00,34.9,34.7,855.0,874.0,4.15,1.77,0,0
2026-06-26T13:00,36.1,35.2,791.0,822.0,3.27,1.4,49,3
2026-06-26T14:00,36.0,35.6,624.0,722.0,5.19,1.27,0,11
2026-06-26T15:00,36.1,35.7,549.0,587.0,3.75,1.8,0,25
2026-06-26T16:00,35.9,35.4,443.0,434.0,3.8,2.42,0,14
2026-06-26T17:00,35.7,35.0,283.0,276.0,2.37,2.42,0,1
2026-06-26T18:00,35.3,34.4,134.0,129.0,2.15,1.08,0,9
2026-06-26T19:00,34.5,32.4,25.0,24.0,1.77,3.1,0,2
2026-06-26T20:00,33.1,30.5,0.0,0.0,2.58,4.3,0,10
2026-06-26T21:00,30.8,28.8,0.0,0.0,3.27,3.31,0,13
2026-06-26T22:00,29.5,27.5,0.0,0.0,2.37,2.91,0,6
2026-06-26T23:00,28.3,26.6,0.0,0.0,0.98,3.27,0,0
2026-06-27T00:00,27.8,25.7,0.0,0.0,2.23,3.43,0,0
2026-06-27T01:00,26.5,25.1,0.0,0.0,2.72,2.68,0,0
2026-06-27T02:00,26.1,24.6,0.0,0.0,1.96,2.55,0,0
2026-06-27T03:00,26.0,24.1,0.0,0.0,1.23,2.08,0,0
2026-06-27T04:00,25.4,23.9,30.0,30.0,0.69,1.67,0,0
2026-06-27T05:00,26.5,25.1,134.0,136.0,0.79,1.38,0,0
2026-06-27T06:00,26.9,27.2,280.0,283.0,0.4,1.36,0,0
2026-06-27T07:00,29.0,29.0,441.0,444.0,1.0,0.98,0,0
2026-06-27T08:00,31.3,30.9,595.0,597.0,2.02,1.31,0,0
2026-06-27T09:00,34.0,32.7,728.0,725.0,1.69,1.76,0,0
2026-06-27T10:00,35.9,34.4,824.0,818.0,2.41,2.26,0,0
2026-06-27T11:00,37.0,35.9,871.0,867.0,1.47,2.89,0,0
2026-06-27T12:00,38.4,37.1,862.0,866.0,5.27,3.47,0,0
2026-06-27T13:00,38.6,37.5,784.0,818.0,6.66,3.92,0,0
2026-06-27T14:00,38.4,37.7,666.0,726.0,6.65,4.3,47,0
2026-06-27T15:00,38.1,37.6,575.0,597.0,7.92,4.69,0,0
2026-06-27T16:00,37.4,37.0,409.0,443.0,7.96,5.17,0,0
2026-06-27T17:00,36.9,36.3,283.0,281.0,7.29,5.86,0,0
2026-06-27T18:00,35.9,35.0,133.0,131.0,7.04,6.61,0,0
2026-06-27T19:00,34.2,33.0,26.0,25.0,6.86,7.01,0,0
2026-06-27T20:00,32.0,31.0,0.0,0.0,6.99,6.4,0,0
2026-06-27T21:00,30.4,29.6,0.0,0.0,7.44,5.11,0,0
2026-06-27T22:00,28.9,28.3,0.0,0.0,7.55,5.48,0,0
2026-06-27T23:00,27.9,27.1,0.0,0.0,5.98,5.99,0,0
2026-06-28T00:00,26.8,26.0,0.0,0.0,5.49,6.19,0,0
2026-06-28T01:00,26.4,25.1,0.0,0.0,4.12,5.58,0,0
2026-06-28T02:00,25.9,24.4,0.0,0.0,3.74,4.92,0,0
2026-06-28T03:00,24.8,23.6,0.0,0.0,3.25,4.31,0,0
2026-06-28T04:00,24.5,23.2,29.0,31.0,2.94,4.52,0,0
2026-06-28T05:00,25.2,24.2,132.0,135.0,2.46,4.73,0,0
2026-06-28T06:00,26.9,26.5,284.0,283.0,1.98,3.77,0,0
2026-06-28T07:00,29.0,28.9,447.0,446.0,1.9,1.96,0,0
2026-06-28T08:00,32.8,31.7,603.0,602.0,3.04,3.54,0,0
2026-06-28T09:00,35.4,35.0,733.0,734.0,3.78,5.49,0,0
2026-06-28T10:00,37.1,37.0,827.0,826.0,7.01,6.39,0,0
2026-06-28T11:00,38.7,38.6,878.0,874.0,8.15,6.48,0,0
2026-06-28T12:00,39.2,38.8,874.0,874.0,7.22,8.68,0,0
2026-06-28T13:00,39.3,39.1,821.0,820.0,7.01,8.72,0,14
2026-06-28T14:00,39.3,39.2,728.0,712.0,4.34,7.9,0,34
2026-06-28T15:00,39.5,38.9,598.0,578.0,5.63,7.49,0,33
2026-06-28T16:00,38.2,38.4,446.0,427.0,9.46,7.83,0,15
2026-06-28T17:00,37.6,37.5,286.0,278.0,7.91,8.2,0,34
2026-06-28T18:00,36.6,36.5,133.0,131.0,7.01,7.05,0,1
2026-06-28T19:00,35.0,34.3,25.0,24.0,7.65,7.26,0,0
2026-06-28T20:00,33.0,32.2,0.0,0.0,6.91,6.15,0,3
2026-06-28T21:00,31.3,30.2,0.0,0.0,5.88,5.56,0,8
2026-06-28T22:00,29.8,29.0,0.0,0.0,6.18,5.5,0,0
2026-06-28T23:00,28.9,28.3,0.0,0.0,6.48,4.84,0,53
2026-06-29T00:00,28.3,27.5,0.0,0.0,5.4,5.21,31,11
2026-06-29T01:00,27.9,26.6,0.0,0.0,3.09,4.75,13,30
2026-06-29T02:00,27.1,25.8,0.0,0.0,3.37,3.38,39,33
2026-06-29T03:00,26.7,25.1,0.0,0.0,3.53,3.26,0,22
2026-06-29T04:00,26.8,25.0,29.0,30.0,2.76,3.16,0,7
2026-06-29T05:00,27.3,26.3,133.0,135.0,3.73,2.76,0,0
2026-06-29T06:00,29.6,28.3,285.0,284.0,2.45,2.16,0,0
2026-06-29T07:00,31.1,30.9,447.0,446.0,2.26,1.39,0,0
2026-06-29T08:00,32.7,33.6,600.0,601.0,1.28,1.32,0,0
2026-06-29T09:00,35.0,35.9,736.0,732.0,1.55,1.25,0,0
2026-06-29T10:00,36.7,37.5,828.0,795.0,2.1,0.81,0,21
2026-06-29T11:00,37.7,35.9,872.0,643.0,5.33,9.48,0,100
2026-06-29T12:00,38.8,38.7,810.0,761.0,1.58,2.72,88,90
2026-06-29T13:00,38.5,34.7,656.0,424.0,4.08,8.13,5,50
2026-06-29T14:00,38.7,36.8,718.0,691.0,4.51,4.78,0,0
2026-06-29T15:00,34.4,36.6,515.0,575.0,11.86,8.55,84,57
2026-06-29T16:00,31.3,32.2,356.0,401.0,9.49,13.03,100,0
2026-06-29T17:00,28.0,30.0,236.0,266.0,7.41,11.56,100,0
2026-06-29T18:00,28.4,30.5,120.0,115.0,4.66,11.03,0,4
2026-06-29T19:00,27.3,28.9,23.0,23.0,5.41,12.52,0,0
2026-06-29T20:00,26.6,27.6,0.0,0.0,6.98,15.62,0,1
2026-06-29T21:00,24.3,25.4,0.0,0.0,6.12,14.47,0,16
2026-06-29T22:00,23.8,24.6,0.0,0.0,7.32,11.9,0,3
2026-06-29T23:00,23.7,24.2,0.0,0.0,7.59,11.1,0,5
2026-06-30T00:00,24.6,24.3,0.0,0.0,6.69,11.65,0,31
2026-06-30T01:00,23.9,24.1,0.0,0.0,6.48,10.91,0,24
2026-06-30T02:00,23.5,23.9,0.0,0.0,6.71,10.38,0,31
2026-06-30T03:00,22.7,23.6,0.0,0.0,6.47,9.35,0,38
2026-06-30T04:00,22.5,23.5,28.0,27.0,6.77,8.73,0,34
2026-06-30T05:00,23.1,24.1,128.0,123.0,7.26,8.39,0,42
2026-06-30T06:00,25.0,24.9,275.0,271.0,5.82,7.34,0,5
2026-06-30T07:00,26.5,26.3,433.0,430.0,5.47,6.45,0,10
2026-06-30T08:00,28.2,28.0,584.0,582.0,4.64,5.78,0,2
2026-06-30T09:00,30.3,29.7,715.0,711.0,3.51,5.49,0,1
2026-06-30T10:00,31.8,31.3,808.0,803.0,3.44,5.26,0,3
2026-06-30T11:00,33.2,32.7,857.0,852.0,3.26,4.86,0,1
2026-06-30T12:00,34.0,33.8,853.0,854.0,2.88,3.6,0,28
2026-06-30T13:00,35.2,34.5,808.0,780.0,2.64,2.81,0,100
2026-06-30T14:00,36.1,34.8,716.0,636.0,2.76,2.67,0,100
2026-06-30T15:00,36.1,34.3,485.0,455.0,2.55,2.83,100,100
2026-06-30T16:00,34.2,34.3,178.0,335.0,2.26,3.33,100,100
2026-06-30T17:00,32.5,33.3,184.0,194.0,5.3,4.37,100,100
2026-06-30T18:00,30.8,33.0,63.0,118.0,7.17,2.71,100,71
2026-06-30T19:00,27.7,31.8,13.0,24.0,5.71,3.23,100,69
2026-06-30T20:00,26.3,30.0,0.0,0.0,5.66,5.74,100,98
2026-06-30T21:00,26.6,28.6,0.0,0.0,4.34,3.88,100,31
2026-06-30T22:00,26.3,27.7,0.0,0.0,2.69,3.76,100,0
2026-06-30T23:00,25.7,26.9,0.0,0.0,2.08,3.63,100,0
2026-07-01T00:00,25.1,26.5,0.0,0.0,2.29,4.04,100,1
2026-07-01T01:00,24.8,25.9,0.0,0.0,1.87,4.86,31,19
2026-07-01T02:00,24.7,25.3,0.0,0.0,1.21,3.76,26,0
2026-07-01T03:00,23.6,24.8,0.0,0.0,2.98,4.02,74,0
2026-07-01T04:00,23.5,24.7,28.0,29.0,2.95,3.02,0,0
2026-07-01T05:00,24.4,25.6,130.0,130.0,1.46,3.33,0,0
2026-07-01T06:00,25.9,26.4,276.0,277.0,1.04,2.06,12,0
2026-07-01T07:00,27.5,27.9,429.0,433.0,2.37,3.47,74,100
2026-07-01T08:00,29.0,29.3,587.0,582.0,3.04,3.66,9,0
2026-07-01T09:00,30.7,30.7,725.0,711.0,4.19,6.38,12,96
2026-07-01T10:00,32.3,31.3,826.0,774.0,4.26,5.78,35,42
2026-07-01T11:00,33.5,31.0,865.0,776.0,6.09,7.79,33,91
2026-07-01T12:00,34.3,30.0,858.0,680.0,6.01,9.77,61,100
2026-07-01T13:00,32.8,28.3,568.0,455.0,12.3,9.95,100,100
2026-07-01T14:00,29.0,26.6,400.0,330.0,16.01,11.87,100,100
2026-07-01T15:00,23.8,26.3,259.0,299.0,18.76,11.55,100,100
2026-07-01T16:00,23.7,25.7,209.0,216.0,14.69,11.65,100,100
2026-07-01T17:00,23.0,24.5,164.0,83.0,12.59,11.53,100,100
2026-07-01T18:00,22.3,24.8,66.0,28.0,11.63,9.76,100,100
2026-07-01T19:00,22.3,22.6,13.0,8.0,10.6,12.49,100,100
2026-07-01T20:00,22.4,22.2,0.0,0.0,7.9,11.85,100,100
2026-07-01T21:00,21.8,20.5,0.0,0.0,9.18,11.19,100,100
2026-07-01T22:00,21.4,19.1,0.0,0.0,9.06,10.9,100,100
2026-07-01T23:00,20.9,18.8,0.0,0.0,7.99,9.22,100,100
2026-07-02T00:00,20.4,19.6,0.0,0.0,9.09,9.68,100,98
2026-07-02T01:00,19.8,19.4,0.0,0.0,9.27,9.51,100,100
2026-07-02T02:00,19.6,19.3,0.0,0.0,9.51,10.81,65,100
2026-07-02T03:00,19.4,19.2,0.0,0.0,8.94,10.94,81,82
2026-07-02T04:00,19.4,19.3,15.0,17.0,9.98,11.53,89,99
2026-07-02T05:00,19.6,19.4,83.0,50.0,8.49,10.42,92,100
2026-07-02T06:00,20.2,20.0,226.0,152.0,9.46,11.19,100,100
2026-07-02T07:00,21.6,20.9,364.0,281.0,8.9,10.81,100,100
2026-07-02T08:00,23.1,22.0,554.0,426.0,9.16,10.91,100,100
2026-07-02T09:00,25.4,23.3,546.0,497.0,8.52,10.71,96,100
2026-07-02T10:00,26.8,24.5,745.0,516.0,7.99,10.62,93,100
2026-07-02T11:00,27.4,25.5,703.0,554.0,9.25,10.69,41,98
2026-07-02T12:00,28.9,27.4,752.0,861.0,9.99,9.9,97,99
2026-07-02T13:00,29.0,28.0,648.0,800.0,9.21,9.76,82,97
2026-07-02T14:00,29.2,28.4,550.0,708.0,7.32,9.02,40,54
2026-07-02T15:00,29.4,28.5,483.0,564.0,7.45,8.66,66,47
2026-07-02T16:00,28.8,27.9,371.0,355.0,8.64,9.11,35,90
2026-07-02T17:00,28.3,27.2,276.0,242.0,7.45,8.46,0,44
2026-07-02T18:00,27.5,26.7,135.0,104.0,7.04,6.64,0,100
2026-07-02T19:00,26.5,25.4,25.0,20.0,6.09,7.39,0,100
2026-07-02T20:00,25.2,24.2,0.0,0.0,5.96,7.24,0,100
2026-07-02T21:00,23.9,23.3,0.0,0.0,5.35,6.09,0,100
2026-07-02T22:00,22.9,22.2,0.0,0.0,6.14,4.9,28,88
2026-07-02T23:00,22.2,21.6,0.0,0.0,7.25,5.3,0,100
2026-07-03T00:00,21.4,21.4,0.0,0.0,9.17,6.53,5,49
2026-07-03T01:00,21.0,21.1,0.0,0.0,8.63,7.01,0,49
2026-07-03T02:00,20.9,20.9,0.0,0.0,9.42,7.59,48,18
2026-07-03T03:00,20.4,20.7,0.0,0.0,8.03,7.51,59,40
2026-07-03T04:00,20.5,21.1,21.0,22.0,7.03,7.34,82,93
2026-07-03T05:00,21.1,21.1,67.0,37.0,6.07,8.27,100,99
2026-07-03T06:00,21.5,20.9,98.0,87.0,7.04,9.01,95,89
2026-07-03T07:00,22.1,21.1,275.0,140.0,8.74,8.94,66,76
2026-07-03T08:00,23.2,23.2,457.0,478.0,8.49,9.37,31,34
2026-07-03T09:00,23.7,24.7,453.0,671.0,9.71,9.49,77,46
2026-07-03T10:00,24.1,25.2,663.0,722.0,8.98,9.39,38,66
2026-07-03T11:00,25.7,25.9,792.0,752.0,8.69,9.64,0,62
2026-07-03T12:00,26.6,26.9,840.0,789.0,8.78,8.72,0,45
2026-07-03T13:00,27.1,27.7,843.0,766.0,9.65,9.78,0,33
2026-07-03T14:00,26.9,27.7,750.0,726.0,8.02,10.05,0,13
2026-07-03T15:00,26.4,27.3,619.0,608.0,8.68,10.21,0,21
2026-07-03T16:00,26.3,26.6,460.0,451.0,9.37,10.26,14,21
2026-07-03T17:00,25.6,25.5,292.0,286.0,9.14,10.05,0,20
2026-07-03T18:00,24.5,24.7,137.0,135.0,8.17,9.8,0,0
2026-07-03T19:00,23.4,23.1,25.0,25.0,7.5,9.26,19,11
2026-07-03T20:00,22.4,21.8,0.0,0.0,7.53,8.42,4,13
2026-07-03T21:00,21.2,21.1,0.0,0.0,5.53,7.13,0,33
2026-07-03T22:00,20.5,20.7,0.0,0.0,6.18,7.53,0,41
2026-07-03T23:00,20.1,20.3,0.0,0.0,6.3,7.15,29,23
2026-07-04T00:00,19.5,19.5,0.0,0.0,6.02,6.61,81,39
2026-07-04T01:00,19.0,19.1,0.0,0.0,4.92,6.49,0,49
2026-07-04T02:00,18.0,18.7,0.0,0.0,5.63,6.82,0,61
2026-07-04T03:00,17.6,18.4,0.0,0.0,7.06,6.89,9,48
2026-07-04T04:00,17.3,18.3,27.0,26.0,7.1,6.86,18,32
2026-07-04T05:00,18.1,18.9,136.0,133.0,5.0,6.8,15,60
2026-07-04T06:00,19.6,19.8,288.0,296.0,4.55,6.72,71,0
2026-07-04T07:00,20.9,21.0,440.0,461.0,6.0,7.93,51,49
2026-07-04T08:00,22.2,22.4,609.0,599.0,5.77,8.81,0,100
2026-07-04T09:00,23.5,23.7,657.0,646.0,8.32,8.82,100,100
2026-07-04T10:00,24.5,24.9,630.0,700.0,7.94,9.37,30,100
2026-07-04T11:00,25.9,25.6,747.0,747.0,7.48,9.22,94,94
2026-07-04T12:00,26.2,27.0,796.0,863.0,8.83,8.25,91,42
2026-07-04T13:00,27.0,27.5,777.0,799.0,11.04,8.25,34,35
2026-07-04T14:00,27.7,27.8,613.0,675.0,8.49,8.67,100,45
2026-07-04T15:00,27.0,27.7,552.0,510.0,10.68,9.13,68,38
2026-07-04T16:00,26.8,27.0,372.0,394.0,8.11,8.74,28,62
2026-07-04T17:00,26.2,26.4,205.0,238.0,9.21,8.91,70,37
2026-07-04T18:00,25.6,25.4,80.0,124.0,6.62,8.37,85,48
2026-07-04T19:00,24.3,24.2,16.0,21.0,6.79,8.08,83,56
2026-07-04T20:00,23.3,22.8,0.0,0.0,6.66,7.73,87,73
2026-07-04T21:00,21.9,21.6,0.0,0.0,6.98,6.56,100,73
2026-07-04T22:00,20.6,20.9,0.0,0.0,5.79,4.66,92,57
2026-07-04T23:00,20.0,20.2,0.0,0.0,4.44,3.95,98,78
2026-07-05T00:00,19.7,18.6,0.0,0.0,4.51,4.56,87,90
2026-07-05T01:00,19.4,18.4,0.0,0.0,2.52,3.46,81,97
2026-07-05T02:00,19.4,17.9,0.0,0.0,2.85,3.92,83,92
2026-07-05T03:00,19.5,17.3,0.0,0.0,5.68,5.59,90,100
2026-07-05T04:00,19.6,16.8,5.0,10.0,6.98,5.79,99,99
2026-07-05T05:00,19.7,16.7,25.0,27.0,5.0,5.7,100,96
2026-07-05T06:00,20.1,18.1,56.0,103.0,5.56,5.98,100,73
2026-07-05T07:00,20.2,18.6,143.0,184.0,5.95,6.71,100,82
2026-07-05T08:00,19.4,19.2,159.0,239.0,4.38,6.61,91,96
2026-07-05T09:00,20.3,20.2,211.0,296.0,5.49,5.98,92,68
2026-07-05T10:00,22.7,20.6,583.0,365.0,6.04,6.81,94,93
2026-07-05T11:00,21.7,20.9,353.0,359.0,8.13,7.85,100,89
2026-07-05T12:00,22.3,23.0,412.0,525.0,7.8,8.28,100,84
2026-07-05T13:00,22.8,23.8,225.0,501.0,7.78,9.08,86,52
2026-07-05T14:00,23.7,24.6,324.0,630.0,6.94,9.03,100,48
2026-07-05T15:00,22.6,23.7,252.0,476.0,11.42,10.63,92,100
2026-07-05T16:00,23.0,23.3,248.0,335.0,7.09,10.96,92,99
2026-07-05T17:00,20.9,21.9,127.0,139.0,6.74,7.42,72,100
2026-07-05T18:00,24.0,20.8,90.0,81.0,7.1,5.65,69,100
2026-07-05T19:00,23.0,20.5,22.0,20.0,4.99,5.61,100,31
2026-07-05T20:00,21.9,20.1,0.0,0.0,5.22,7.44,100,94
2026-07-05T21:00,21.9,19.9,0.0,0.0,6.03,6.84,100,100
2026-07-05T22:00,21.7,19.8,0.0,0.0,7.62,6.26,100,100
2026-07-05T23:00,21.2,19.6,0.0,0.0,6.18,7.69,100,100
2026-07-06T00:00,20.1,19.0,0.0,0.0,3.42,7.21,95,100
2026-07-06T01:00,19.8,18.7,0.0,0.0,5.3,7.56,100,100
2026-07-06T02:00,19.2,18.5,0.0,0.0,5.22,8.29,84,98
2026-07-06T03:00,18.7,18.3,0.0,0.0,6.3,7.13,88,97
2026-07-06T04:00,18.6,18.2,15.0,12.0,5.79,5.89,99,99
2026-07-06T05:00,19.1,18.3,49.0,51.0,5.75,5.96,100,97
2026-07-06T06:00,20.5,19.3,162.0,119.0,6.1,6.19,99,93
2026-07-06T07:00,21.2,19.5,231.0,146.0,6.54,5.21,98,99
2026-07-06T08:00,21.6,20.2,299.0,252.0,5.5,5.32,93,87
2026-07-06T09:00,21.8,20.7,384.0,353.0,6.7,6.33,99,98
2026-07-06T10:00,23.0,21.3,616.0,308.0,5.78,7.55,51,81
2026-07-06T11:00,22.2,23.3,331.0,678.0,5.98,9.55,100,83
2026-07-06T12:00,22.1,23.2,263.0,385.0,9.12,9.46,100,96
2026-07-06T13:00,22.7,24.7,299.0,569.0,7.23,9.12,92,92
2026-07-06T14:00,22.6,24.2,281.0,317.0,6.24,9.16,95,100
2026-07-06T15:00,22.7,25.1,285.0,323.0,5.23,8.31,100,100
2026-07-06T16:00,23.1,25.4,227.0,263.0,6.1,7.46,71,100
2026-07-06T17:00,23.4,24.9,200.0,80.0,6.76,5.69,57,97
2026-07-06T18:00,23.6,23.9,101.0,86.0,7.62,3.07,74,99
2026-07-06T19:00,23.0,23.1,18.0,17.0,4.93,4.24,100,99
2026-07-06T20:00,22.0,22.2,0.0,0.0,3.72,5.46,100,85
2026-07-06T21:00,22.2,21.8,0.0,0.0,3.85,5.02,100,81
2026-07-06T22:00,21.8,21.5,0.0,0.0,5.53,5.14,91,77
2026-07-06T23:00,21.7,21.3,0.0,0.0,4.97,5.33,100,96
2026-07-07T00:00,21.8,21.5,0.0,0.0,5.63,5.78,98,100
2026-07-07T01:00,22.5,21.5,0.0,0.0,7.85,5.24,100,94
2026-07-07T02:00,22.5,20.9,0.0,0.0,9.08,3.29,100,92
2026-07-07T03:00,21.8,20.4,0.0,0.0,8.33,0.1,100,99
2026-07-07T04:00,21.6,20.2,20.0,11.0,8.28,0.66,100,82
2026-07-07T05:00,22.3,20.2,73.0,38.0,9.25,1.57,100,84
2026-07-07T06:00,23.4,23.9,210.0,141.0,6.6,6.57,100,100
2026-07-07T07:00,24.7,25.0,309.0,270.0,7.36,6.13,100,100
2026-07-07T08:00,26.0,25.9,414.0,327.0,8.47,5.2,100,100
2026-07-07T09:00,27.2,26.8,458.0,410.0,10.68,5.4,100,100
2026-07-07T10:00,28.0,28.6,527.0,552.0,10.29,6.57,100,100
2026-07-07T11:00,28.6,29.6,471.0,601.0,10.3,9.04,100,100
2026-07-07T12:00,29.6,30.7,449.0,630.0,13.01,9.92,100,100
2026-07-07T13:00,30.3,30.7,484.0,437.0,13.33,10.84,100,100
2026-07-07T14:00,31.3,31.3,510.0,482.0,11.4,9.32,100,85
2026-07-07T15:00,31.2,31.1,348.0,335.0,9.91,10.37,100,99
2026-07-07T16:00,30.5,30.9,252.0,270.0,8.84,9.11,80,100
2026-07-07T17:00,30.1,30.6,204.0,210.0,9.69,8.62,100,100
2026-07-07T18:00,29.5,29.7,92.0,110.0,5.71,8.51,100,96
2026-07-07T19:00,28.6,28.0,18.0,20.0,5.7,5.98,100,100
2026-07-07T20:00,27.1,26.8,0.0,0.0,7.11,5.77,100,100
2026-07-07T21:00,26.1,25.7,0.0,0.0,6.79,5.69,100,100
2026-07-07T22:00,25.3,25.3,0.0,0.0,6.68,7.35,100,100
2026-07-07T23:00,24.5,25.2,0.0,0.0,5.85,8.32,100,99
2026-07-08T00:00,24.2,24.7,0.0,0.0,7.11,4.21,100,91
2026-07-08T01:00,23.5,23.8,0.0,0.0,6.31,4.74,100,75
2026-07-08T02:00,22.1,22.1,0.0,0.0,4.53,5.32,100,89
2026-07-08T03:00,19.3,21.2,0.0,0.0,5.7,3.72,100,98
2026-07-08T04:00,18.7,20.3,5.0,8.0,7.25,6.17,100,98
2026-07-08T05:00,18.8,18.7,17.0,15.0,9.64,8.43,100,100
2026-07-08T06:00,18.5,18.8,56.0,28.0,8.07,8.88,100,100
2026-07-08T07:00,19.4,19.4,136.0,37.0,8.62,9.18,99,100
2026-07-08T08:00,20.3,19.8,230.0,109.0,8.03,8.15,100,99
2026-07-08T09:00,19.8,21.1,128.0,304.0,5.71,9.12,100,92
2026-07-08T10:00,19.8,23.1,138.0,604.0,6.52,10.67,100,61
2026-07-08T11:00,21.7,25.0,472.0,806.0,7.44,10.61,71,26
2026-07-08T12:00,24.8,21.9,756.0,559.0,10.01,9.52,87,84
2026-07-08T13:00,26.2,24.0,738.0,670.0,9.28,9.21,0,26
2026-07-08T14:00,26.5,25.7,646.0,700.0,9.26,9.65,6,40
2026-07-08T15:00,27.2,26.3,613.0,589.0,10.89,10.65,0,21
2026-07-08T16:00,26.7,26.0,471.0,427.0,11.16,10.66,0,20
2026-07-08T17:00,26.1,25.6,300.0,281.0,7.61,9.89,0,19
2026-07-08T18:00,24.7,24.3,137.0,137.0,10.36,9.95,35,11
2026-07-08T19:00,23.5,23.0,24.0,24.0,8.46,8.23,0,100
2026-07-08T20:00,22.2,21.6,0.0,0.0,5.56,5.89,0,45
2026-07-08T21:00,20.8,20.1,0.0,0.0,5.53,4.6,0,38
2026-07-08T22:00,19.8,19.2,0.0,0.0,5.05,3.47,0,97
2026-07-08T23:00,19.0,18.4,0.0,0.0,3.84,3.29,5,13
2026-07-09T00:00,19.3,18.7,0.0,0.0,3.47,3.88,100,72
2026-07-09T01:00,18.9,18.0,0.0,0.0,3.26,3.88,23,17
2026-07-09T02:00,18.4,17.4,0.0,0.0,4.22,4.32,48,11
2026-07-09T03:00,18.1,16.9,0.0,0.0,4.21,5.17,47,16
2026-07-09T04:00,17.7,16.9,25.0,25.0,4.34,5.97,0,25
2026-07-09T05:00,17.9,17.9,134.0,135.0,4.34,5.71,11,8
2026-07-09T06:00,19.2,19.1,289.0,292.0,4.65,6.93,0,0
2026-07-09T07:00,20.2,20.3,457.0,459.0,4.92,7.53,0,0
2026-07-09T08:00,21.3,21.6,614.0,617.0,5.54,7.29,0,0
2026-07-09T09:00,22.8,23.1,747.0,744.0,6.26,7.16,2,27
2026-07-09T10:00,24.3,24.4,832.0,842.0,6.1,7.62,22,4
2026-07-09T11:00,25.9,25.3,827.0,895.0,7.23,7.23,30,3
2026-07-09T12:00,26.3,27.0,784.0,887.0,6.59,8.86,62,0
2026-07-09T13:00,26.6,27.6,727.0,845.0,7.75,8.64,9,4
2026-07-09T14:00,27.1,27.8,729.0,750.0,7.85,8.22,42,8
2026-07-09T15:00,27.4,27.8,582.0,612.0,5.98,8.11,0,19
2026-07-09T16:00,27.1,27.4,458.0,455.0,4.09,8.07,40,13
2026-07-09T17:00,26.5,26.7,259.0,290.0,6.17,7.66,0,4
2026-07-09T18:00,25.2,25.0,137.0,135.0,8.27,7.25,0,4
2026-07-09T19:00,24.2,23.5,24.0,23.0,6.76,6.93,0,0
2026-07-09T20:00,23.1,22.0,0.0,0.0,5.79,6.66,0,0
2026-07-09T21:00,21.9,20.8,0.0,0.0,6.57,6.37,0,0
2026-07-09T22:00,21.4,19.9,0.0,0.0,5.5,6.22,6,10
2026-07-09T23:00,21.0,19.2,0.0,0.0,4.03,5.52,0,29
2026-07-10T00:00,20.2,19.8,0.0,0.0,0.4,4.4,0,28
2026-07-10T01:00,18.8,19.2,0.0,0.0,2.55,4.3,0,4
2026-07-10T02:00,18.2,18.6,0.0,0.0,4.28,4.44,0,17
2026-07-10T03:00,17.9,18.4,0.0,0.0,4.47,4.56,0,47
2026-07-10T04:00,18.0,18.4,24.0,22.0,4.95,3.95,0,22
2026-07-10T05:00,19.0,19.1,132.0,129.0,4.61,3.67,0,13
2026-07-10T06:00,20.3,20.5,288.0,285.0,2.76,2.64,0,3
2026-07-10T07:00,22.1,21.8,456.0,451.0,2.98,3.1,0,10
2026-07-10T08:00,23.3,23.0,615.0,606.0,3.54,3.26,0,18
2026-07-10T09:00,24.1,24.2,741.0,738.0,2.99,3.59,0,8
2026-07-10T10:00,25.2,25.4,834.0,835.0,3.03,3.92,0,12
2026-07-10T11:00,26.1,26.3,880.0,876.0,3.44,4.29,25,33
2026-07-10T12:00,27.3,26.9,874.0,874.0,3.77,3.81,43,25
2026-07-10T13:00,27.7,27.5,826.0,809.0,3.22,3.84,0,37
2026-07-10T14:00,28.4,28.1,736.0,708.0,1.59,3.88,0,7
2026-07-10T15:00,29.0,28.5,605.0,592.0,2.67,4.02,0,23
2026-07-10T16:00,29.0,28.7,384.0,416.0,5.63,5.06,38,53
2026-07-10T17:00,28.7,27.9,228.0,222.0,3.38,5.68,21,33
2026-07-10T18:00,27.9,26.7,120.0,106.0,4.11,6.54,46,41
2026-07-10T19:00,26.9,25.6,20.0,20.0,4.37,3.82,86,34
2026-07-10T20:00,26.3,24.5,0.0,0.0,2.86,2.89,69,29
2026-07-10T21:00,25.1,23.6,0.0,0.0,2.84,1.8,75,44
2026-07-10T22:00,24.6,23.1,0.0,0.0,1.86,0.2,76,51
2026-07-10T23:00,23.7,22.3,0.0,0.0,2.39,0.69,71,63
2026-07-11T00:00,22.5,20.8,0.0,0.0,2.95,2.39,40,55
2026-07-11T01:00,21.1,20.5,0.0,0.0,2.94,3.46,29,36
2026-07-11T02:00,20.5,20.1,0.0,0.0,2.88,3.68,42,24
2026-07-11T03:00,19.7,19.5,0.0,0.0,1.01,3.81,0,39
2026-07-11T04:00,18.7,19.3,22.0,20.0,1.12,3.79,0,51
2026-07-11T05:00,19.7,20.4,123.0,110.0,1.45,3.26,0,43
2026-07-11T06:00,21.2,21.9,276.0,199.0,0.6,2.81,0,70
2026-07-11T07:00,22.8,22.7,442.0,323.0,1.47,3.35,0,68
2026-07-11T08:00,24.8,23.9,600.0,462.0,2.66,3.56,0,62
2026-07-11T09:00,26.1,25.2,735.0,591.0,4.13,3.83,0,58
2026-07-11T10:00,27.3,26.5,812.0,749.0,4.3,3.75,4,22
2026-07-11T11:00,28.0,27.6,725.0,846.0,2.85,4.08,50,35
2026-07-11T12:00,29.1,28.1,662.0,729.0,5.35,4.06,72,65
2026-07-11T13:00,29.4,28.7,634.0,689.0,6.98,4.08,55,44
2026-07-11T14:00,29.9,29.2,650.0,692.0,7.57,5.0,91,43
2026-07-11T15:00,30.4,29.4,594.0,576.0,8.51,5.31,23,26
2026-07-11T16:00,29.4,29.5,401.0,437.0,7.98,6.0,0,40
2026-07-11T17:00,29.0,27.7,284.0,232.0,8.24,8.09,50,50
2026-07-11T18:00,27.2,26.8,110.0,113.0,7.87,7.76,78,78
2026-07-11T19:00,26.0,25.5,18.0,20.0,6.19,7.04,59,47
2026-07-11T20:00,24.3,24.2,0.0,0.0,5.31,6.57,61,51
2026-07-11T21:00,23.6,23.1,0.0,0.0,4.3,5.39,82,11
2026-07-11T22:00,23.0,22.1,0.0,0.0,3.45,4.67,85,2
2026-07-11T23:00,22.5,21.1,0.0,0.0,2.65,4.03,67,5
2026-07-12T00:00,22.5,21.1,0.0,0.0,2.48,3.23,65,46
2026-07-12T01:00,22.1,20.1,0.0,0.0,2.06,3.35,70,45
2026-07-12T02:00,20.7,19.5,0.0,0.0,3.64,4.03,48,36
2026-07-12T03:00,20.4,19.1,0.0,0.0,4.57,4.79,0,52
2026-07-12T04:00,20.0,19.0,21.0,21.0,5.74,5.06,0,34
2026-07-12T05:00,20.9,20.1,125.0,126.0,6.17,5.23,0,92
2026-07-12T06:00,21.5,21.3,279.0,281.0,5.59,4.94,0,20
2026-07-12T07:00,22.6,22.4,438.0,446.0,6.29,5.07,40,18
2026-07-12T08:00,23.5,23.7,554.0,601.0,6.4,5.87,37,7
2026-07-12T09:00,25.0,25.0,657.0,653.0,7.02,6.51,74,65
2026-07-12T10:00,25.5,26.1,660.0,734.0,7.02,6.42,90,65
2026-07-12T11:00,26.4,26.9,714.0,749.0,8.74,6.5,47,48
2026-07-12T12:00,27.6,27.4,833.0,624.0,8.84,6.41,40,46
2026-07-12T13:00,28.1,28.2,716.0,767.0,7.94,6.82,65,57
2026-07-12T14:00,28.1,28.7,573.0,677.0,7.04,6.97,64,35
2026-07-12T15:00,28.2,28.6,485.0,577.0,6.38,7.47,77,29
2026-07-12T16:00,27.6,28.0,201.0,431.0,6.88,7.55,84,47
2026-07-12T17:00,27.2,26.9,221.0,259.0,7.4,7.85,82,39
2026-07-12T18:00,27.1,26.0,94.0,110.0,7.12,5.29,83,52
2026-07-12T19:00,26.3,25.1,18.0,17.0,6.92,5.01,46,60
2026-07-12T20:00,25.1,24.1,0.0,0.0,3.2,3.08,63,60
2026-07-12T21:00,23.7,22.9,0.0,0.0,4.93,2.3,90,35
2026-07-12T22:00,23.4,21.9,0.0,0.0,4.13,2.86,57,7
2026-07-12T23:00,22.9,21.1,0.0,0.0,4.3,3.44,56,16
2026-07-13T00:00,22.2,21.7,0.0,0.0,4.99,5.83,8,6
2026-07-13T01:00,21.8,21.0,0.0,0.0,5.96,5.27,7,2
2026-07-13T02:00,21.6,20.4,0.0,0.0,5.13,4.92,0,0
2026-07-13T03:00,21.4,20.0,0.0,0.0,4.09,4.57,0,0
2026-07-13T04:00,21.1,19.8,20.0,21.0,4.41,4.37,0,0
2026-07-13T05:00,21.5,21.4,121.0,123.0,4.7,4.16,29,4
2026-07-13T06:00,22.9,23.2,231.0,274.0,2.07,2.84,61,0
2026-07-13T07:00,23.6,24.8,340.0,440.0,3.23,3.24,65,0
2026-07-13T08:00,24.5,26.2,512.0,597.0,3.05,3.42,47,0
2026-07-13T09:00,25.8,27.6,673.0,728.0,4.31,3.88,72,0
2026-07-13T10:00,27.0,28.8,770.0,822.0,4.22,4.83,45,4
2026-07-13T11:00,28.0,29.9,791.0,855.0,4.0,4.63,75,30
2026-07-13T12:00,28.7,30.8,710.0,867.0,4.61,4.19,0,19
2026-07-13T13:00,30.0,31.5,685.0,807.0,3.82,4.46,75,29
2026-07-13T14:00,30.0,31.9,494.0,712.0,5.04,4.47,51,17
2026-07-13T15:00,29.8,32.1,507.0,539.0,4.21,5.35,57,49
2026-07-13T16:00,30.0,31.5,301.0,392.0,4.44,5.28,70,35
2026-07-13T17:00,29.3,30.8,269.0,275.0,5.16,3.59,93,18
2026-07-13T18:00,28.0,28.5,126.0,117.0,6.09,4.96,0,28
2026-07-13T19:00,27.0,26.8,20.0,20.0,5.3,6.41,0,7
2026-07-13T20:00,25.9,25.1,0.0,0.0,4.0,6.81,0,0
2026-07-13T21:00,24.9,23.8,0.0,0.0,2.9,5.52,0,0
2026-07-13T22:00,23.9,22.8,0.0,0.0,2.59,3.72,20,2
2026-07-13T23:00,23.1,21.8,0.0,0.0,1.89,2.53,100,0
2026-07-14T00:00,22.4,21.9,0.0,0.0,1.5,1.89,100,25
2026-07-14T01:00,21.9,21.5,0.0,0.0,1.06,1.24,100,13
2026-07-14T02:00,21.4,20.5,0.0,0.0,1.46,1.59,32,7
2026-07-14T03:00,21.3,19.9,0.0,0.0,0.69,1.85,0,24
2026-07-14T04:00,20.7,19.8,18.0,20.0,1.1,2.04,41,52
2026-07-14T05:00,20.8,20.6,108.0,113.0,2.11,2.92,69,36
2026-07-14T06:00,21.6,22.4,244.0,266.0,1.39,1.59,100,15
2026-07-14T07:00,23.2,24.3,391.0,427.0,2.06,1.73,100,22
2026-07-14T08:00,25.1,26.3,493.0,580.0,3.02,2.55,100,13
2026-07-14T09:00,27.0,28.2,622.0,712.0,2.85,2.94,89,35
2026-07-14T10:00,28.6,29.6,735.0,798.0,2.98,2.94,97,89
2026-07-14T11:00,29.6,30.2,695.0,675.0,2.72,2.5,100,100
2026-07-14T12:00,30.3,30.1,705.0,659.0,2.53,1.57,100,100
2026-07-14T13:00,30.9,30.5,554.0,526.0,2.56,0.92,100,100
2026-07-14T14:00,30.5,30.8,238.0,489.0,1.69,1.28,100,97
2026-07-14T15:00,31.5,31.0,238.0,399.0,0.92,1.27,100,100
2026-07-14T16:00,31.4,30.9,194.0,338.0,2.14,2.11,83,82
2026-07-14T17:00,29.8,30.2,171.0,187.0,4.54,2.23,60,100
2026-07-14T18:00,27.0,28.8,40.0,56.0,5.08,1.96,100,100
2026-07-14T19:00,27.0,27.6,7.0,11.0,5.13,3.07,100,100
2026-07-14T20:00,26.6,26.3,0.0,0.0,2.22,5.48,100,100
2026-07-14T21:00,27.3,25.1,0.0,0.0,2.27,4.55,100,100
2026-07-14T22:00,26.2,23.9,0.0,0.0,4.13,5.22,100,100
2026-07-14T23:00,24.5,23.2,0.0,0.0,6.28,3.45,100,100
2026-07-15T00:00,22.3,23.1,0.0,0.0,5.11,3.29,100,100
2026-07-15T01:00,22.0,22.2,0.0,0.0,4.9,5.86,100,100
2026-07-15T02:00,21.7,21.6,0.0,0.0,4.03,4.5,100,100
2026-07-15T03:00,20.8,20.7,0.0,0.0,2.77,0.62,100,100
2026-07-15T04:00,20.7,20.5,8.0,6.0,2.57,1.31,100,82
2026-07-15T05:00,20.8,21.0,68.0,70.0,3.16,2.99,80,48
2026-07-15T06:00,21.8,22.3,190.0,100.0,5.13,5.15,91,100
2026-07-15T07:00,22.4,23.1,254.0,167.0,4.97,5.56,85,100
2026-07-15T08:00,23.1,24.3,409.0,278.0,4.73,5.45,66,100
2026-07-15T09:00,25.7,25.9,513.0,415.0,4.21,7.94,68,100
2026-07-15T10:00,27.1,27.3,617.0,673.0,3.64,7.8,66,90
2026-07-15T11:00,28.5,28.8,713.0,770.0,3.33,7.76,86,37
2026-07-15T12:00,28.9,28.9,812.0,745.0,2.74,6.18,100,76
2026-07-15T13:00,29.6,29.1,608.0,604.0,3.37,6.06,100,97
2026-07-15T14:00,30.8,28.8,578.0,453.0,3.21,4.97,49,83
2026-07-15T15:00,30.9,29.2,298.0,468.0,1.8,5.08,83,66
2026-07-15T16:00,30.5,28.7,225.0,330.0,3.83,5.58,100,70
2026-07-15T17:00,25.8,27.6,67.0,208.0,3.81,5.93,100,100
2026-07-15T18:00,27.4,27.9,110.0,75.0,3.04,3.4,100,100
2026-07-15T19:00,26.5,26.4,16.0,9.0,2.16,2.52,100,94
2026-07-15T20:00,25.7,25.7,0.0,0.0,1.71,3.17,82,100
2026-07-15T21:00,26.4,24.6,0.0,0.0,1.53,4.1,89,100
2026-07-15T22:00,24.7,23.2,0.0,0.0,2.81,4.3,100,100
2026-07-15T23:00,23.9,22.4,0.0,0.0,2.11,3.55,100,96
2026-07-16T00:00,23.7,23.0,0.0,0.0,1.18,2.48,100,60
2026-07-16T01:00,23.5,22.1,0.0,0.0,2.17,2.86,100,99
2026-07-16T02:00,23.2,21.6,0.0,0.0,2.06,2.97,100,100
2026-07-16T03:00,22.2,21.2,0.0,0.0,3.2,3.33,100,100
2026-07-16T04:00,21.9,21.0,13.0,15.0,1.53,3.34,98,100
2026-07-16T05:00,22.2,21.5,41.0,63.0,0.49,2.64,100,100
2026-07-16T06:00,21.8,22.7,88.0,222.0,1.29,1.84,98,100
2026-07-16T07:00,22.5,23.8,200.0,309.0,0.62,1.92,100,100
2026-07-16T08:00,24.4,24.8,425.0,360.0,0.1,1.18,85,100
2026-07-16T09:00,25.0,26.0,391.0,466.0,2.81,0.79,100,100
2026-07-16T10:00,26.6,26.6,515.0,468.0,1.62,0.29,89,100
2026-07-16T11:00,28.0,26.4,629.0,400.0,2.1,0.92,45,100
2026-07-16T12:00,28.8,27.8,629.0,590.0,2.65,1.31,96,56
2026-07-16T13:00,29.7,28.9,757.0,701.0,2.08,0.63,0,53
2026-07-16T14:00,30.6,29.2,594.0,560.0,2.12,0.9,42,66
2026-07-16T15:00,31.4,29.1,501.0,421.0,1.31,1.97,38,56
2026-07-16T16:00,31.1,29.0,287.0,337.0,2.22,2.29,83,69
2026-07-16T17:00,30.3,28.8,165.0,225.0,4.03,2.18,57,30
2026-07-16T18:00,29.3,28.1,114.0,110.0,5.42,2.77,90,46
2026-07-16T19:00,28.3,27.1,17.0,17.0,5.53,3.29,66,95
2026-07-16T20:00,27.1,25.9,0.0,0.0,5.98,4.73,100,92
2026-07-16T21:00,26.2,24.9,0.0,0.0,6.48,4.13,100,100
2026-07-16T22:00,25.5,24.3,0.0,0.0,6.28,3.82,100,100
2026-07-16T23:00,25.0,23.6,0.0,0.0,5.1,3.95,100,100
2026-07-17T00:00,24.2,23.1,0.0,0.0,3.57,2.67,5,100
2026-07-17T01:00,23.9,22.5,0.0,0.0,3.71,2.22,75,93
2026-07-17T02:00,23.2,21.9,0.0,0.0,2.15,2.26,100,85
2026-07-17T03:00,22.1,21.4,0.0,0.0,1.9,2.36,100,100
2026-07-17T04:00,21.8,21.0,15.0,15.0,1.88,2.29,100,100
2026-07-17T05:00,21.8,21.6,57.0,82.0,1.96,1.25,100,100
2026-07-17T06:00,22.7,23.2,234.0,214.0,1.75,1.61,100,90
2026-07-17T07:00,24.2,24.7,359.0,325.0,2.43,1.49,55,100
2026-07-17T08:00,26.2,26.4,470.0,418.0,3.74,2.39,95,100
2026-07-17T09:00,25.6,27.9,271.0,482.0,1.86,1.5,100,100
2026-07-17T10:00,27.6,29.4,509.0,517.0,0.9,2.04,100,100
2026-07-17T11:00,28.9,30.8,649.0,572.0,1.18,4.12,100,100
2026-07-17T12:00,29.4,31.6,611.0,678.0,2.91,4.24,100,100
2026-07-17T13:00,30.1,31.7,510.0,608.0,2.52,5.3,100,100
2026-07-17T14:00,29.8,30.5,411.0,416.0,3.45,3.66,92,100
2026-07-17T15:00,28.1,30.6,235.0,398.0,6.96,3.83,100,100
2026-07-17T16:00,29.5,30.7,300.0,318.0,4.84,3.44,44,100
2026-07-17T17:00,29.3,30.4,249.0,179.0,4.19,2.55,30,100
2026-07-17T18:00,25.6,25.1,99.0,60.0,4.16,2.29,26,100
2026-07-17T19:00,24.5,24.7,16.0,10.0,3.61,1.25,10,100
2026-07-17T20:00,24.3,23.3,0.0,0.0,2.66,4.04,0,97
2026-07-17T21:00,21.6,23.8,0.0,0.0,2.84,7.3,0,98
2026-07-17T22:00,21.4,23.5,0.0,0.0,5.01,7.52,0,19
2026-07-17T23:00,21.8,23.0,0.0,0.0,5.4,6.64,8,0
2026-07-18T00:00,24.4,22.6,0.0,0.0,3.16,10.29,0,54
2026-07-18T01:00,23.9,22.3,0.0,0.0,2.07,11.24,0,100
2026-07-18T02:00,23.3,21.6,0.0,0.0,3.0,10.63,34,34
2026-07-18T03:00,23.1,21.1,0.0,0.0,10.26,10.72,92,22
2026-07-18T04:00,22.6,20.9,6.0,16.0,10.32,11.49,100,13
2026-07-18T05:00,22.7,21.4,40.0,112.0,11.0,10.24,100,10
2026-07-18T06:00,23.1,23.2,113.0,259.0,10.24,9.1,92,6
2026-07-18T07:00,23.8,24.3,188.0,415.0,6.7,8.53,85,47
2026-07-18T08:00,25.6,25.5,448.0,516.0,5.92,9.03,77,43
2026-07-18T09:00,26.6,26.7,468.0,614.0,5.35,8.76,55,69
2026-07-18T10:00,28.7,27.5,693.0,616.0,4.78,8.54,85,67
2026-07-18T11:00,29.7,28.1,564.0,668.0,5.83,8.21,30,42
2026-07-18T12:00,30.7,28.8,700.0,712.0,8.32,8.02,99,72
2026-07-18T13:00,30.8,29.2,712.0,658.0,8.6,7.37,64,75
2026-07-18T14:00,30.9,29.4,530.0,576.0,8.75,6.88,79,87
2026-07-18T15:00,30.9,29.2,448.0,471.0,7.84,6.88,85,86
2026-07-18T16:00,29.3,27.5,255.0,264.0,5.57,6.8,94,100
2026-07-18T17:00,28.5,26.4,123.0,198.0,6.46,5.46,100,22
2026-07-18T18:00,28.1,26.4,76.0,110.0,6.88,5.54,87,10
2026-07-18T19:00,26.7,25.1,15.0,16.0,4.69,5.65,13,29
2026-07-18T20:00,26.1,23.9,0.0,0.0,4.78,5.36,48,22
2026-07-18T21:00,24.4,22.9,0.0,0.0,5.86,7.81,100,6
2026-07-18T22:00,23.8,22.2,0.0,0.0,4.93,8.67,78,0
2026-07-18T23:00,23.6,21.8,0.0,0.0,3.86,8.23,100,0
2026-07-19T00:00,22.9,21.6,0.0,0.0,4.35,7.19,100,13
2026-07-19T01:00,22.5,21.2,0.0,0.0,4.4,7.18,100,39
2026-07-19T02:00,21.9,20.9,0.0,0.0,5.36,6.65,71,25
2026-07-19T03:00,22.3,20.6,0.0,0.0,5.23,6.3,60,6
2026-07-19T04:00,22.4,20.6,9.0,15.0,5.98,6.73,85,2
2026-07-19T05:00,23.0,21.7,91.0,112.0,4.73,6.5,29,1
2026-07-19T06:00,23.8,22.8,259.0,264.0,5.23,6.61,0,0
2026-07-19T07:00,25.2,24.6,425.0,429.0,3.47,5.52,0,0
2026-07-19T08:00,26.8,26.2,568.0,581.0,2.36,4.43,25,47
2026-07-19T09:00,27.8,27.5,692.0,629.0,6.56,4.95,7,51
2026-07-19T10:00,28.6,28.6,747.0,732.0,8.45,4.88,34,62
2026-07-19T11:00,28.9,29.1,772.0,765.0,9.33,5.27,45,41
2026-07-19T12:00,24.1,28.8,331.0,744.0,13.37,6.82,100,100
2026-07-19T13:00,24.0,24.4,359.0,459.0,13.55,9.64,78,100
2026-07-19T14:00,21.7,25.6,311.0,413.0,9.27,8.98,100,100
2026-07-19T15:00,22.5,23.1,99.0,261.0,8.59,10.74,100,100
2026-07-19T16:00,22.3,22.9,105.0,201.0,7.9,11.13,100,93
2026-07-19T17:00,22.4,22.7,104.0,212.0,8.3,9.94,82,65
2026-07-19T18:00,23.0,22.7,60.0,90.0,5.08,10.86,62,100
2026-07-19T19:00,22.6,21.9,15.0,14.0,3.08,9.54,49,95
2026-07-19T20:00,22.0,20.9,0.0,0.0,2.5,8.43,66,100
2026-07-19T21:00,20.4,20.1,0.0,0.0,2.84,7.58,45,100
2026-07-19T22:00,20.0,19.2,0.0,0.0,4.37,6.94,22,100
2026-07-19T23:00,19.3,18.4,0.0,0.0,3.86,6.44,0,100
2026-07-20T00:00,18.2,17.8,0.0,0.0,4.24,6.33,10,3
2026-07-20T01:00,17.8,17.4,0.0,0.0,4.21,7.55,65,0
2026-07-20T02:00,17.5,17.2,0.0,0.0,3.47,7.88,45,3
2026-07-20T03:00,16.7,16.8,0.0,0.0,2.72,6.64,0,0
2026-07-20T04:00,16.4,16.7,15.0,16.0,3.04,5.98,0,0
2026-07-20T05:00,17.0,17.6,111.0,116.0,1.96,5.02,0,0
2026-07-20T06:00,18.4,19.5,263.0,273.0,0.88,3.21,0,0
2026-07-20T07:00,20.4,21.7,432.0,446.0,0.29,2.67,0,0
2026-07-20T08:00,22.1,23.5,586.0,609.0,0.88,5.78,51,6
2026-07-20T09:00,24.2,24.5,707.0,741.0,2.86,6.29,1,0
2026-07-20T10:00,25.1,25.5,831.0,832.0,2.51,7.09,5,5
2026-07-20T11:00,27.0,26.6,845.0,878.0,5.61,7.35,18,5
2026-07-20T12:00,27.4,27.5,858.0,842.0,5.35,6.54,56,23
2026-07-20T13:00,28.3,27.8,794.0,801.0,9.21,6.69,62,3
2026-07-20T14:00,28.2,27.9,625.0,730.0,10.22,6.66,0,28
2026-07-20T15:00,27.9,27.9,603.0,590.0,7.84,6.37,0,30
2026-07-20T16:00,27.1,27.3,427.0,412.0,6.32,5.83,100,35
2026-07-20T17:00,26.9,26.6,275.0,266.0,5.83,5.48,4,49
2026-07-20T18:00,25.9,24.8,112.0,113.0,2.91,7.77,50,58
2026-07-20T19:00,24.6,23.2,14.0,13.0,2.86,5.77,31,48
2026-07-20T20:00,23.0,21.9,0.0,0.0,4.96,4.88,0,40
2026-07-20T21:00,22.3,20.7,0.0,0.0,4.08,5.68,0,48
2026-07-20T22:00,20.7,19.9,0.0,0.0,5.6,5.31,0,52
2026-07-20T23:00,19.8,19.0,0.0,0.0,5.11,4.65,53,39
2026-07-21T00:00,19.1,18.6,0.0,0.0,2.68,5.07,100,48
2026-07-21T01:00,18.5,18.1,0.0,0.0,2.72,5.55,100,98
2026-07-21T02:00,18.0,17.6,0.0,0.0,2.83,5.72,100,100
2026-07-21T03:00,17.2,17.3,0.0,0.0,2.85,5.78,87,100
2026-07-21T04:00,17.0,17.0,13.0,12.0,2.02,5.23,97,100
2026-07-21T05:00,17.0,17.2,101.0,78.0,2.94,4.84,79,100
2026-07-21T06:00,18.2,17.6,237.0,245.0,3.02,5.75,18,100
2026-07-21T07:00,19.0,18.9,418.0,398.0,4.43,5.48,94,100
2026-07-21T08:00,19.8,20.2,532.0,539.0,3.81,5.55,100,100
2026-07-21T09:00,20.8,21.8,622.0,660.0,3.64,6.52,100,100
2026-07-21T10:00,22.6,23.1,650.0,726.0,5.86,7.01,100,98
2026-07-21T11:00,23.3,24.2,571.0,845.0,3.26,6.89,100,17
2026-07-21T12:00,24.6,25.0,594.0,745.0,5.78,6.88,100,100
2026-07-21T13:00,24.3,25.3,470.0,620.0,6.76,6.22,99,100
2026-07-21T14:00,24.9,25.4,327.0,503.0,6.55,6.1,98,68
2026-07-21T15:00,25.2,25.6,407.0,427.0,5.48,6.61,100,93
2026-07-21T16:00,24.4,24.6,239.0,192.0,7.89,7.18,74,95
2026-07-21T17:00,23.4,23.3,132.0,139.0,7.06,6.96,50,64
2026-07-21T18:00,22.6,22.5,58.0,80.0,6.21,8.37,71,50
2026-07-21T19:00,21.9,21.0,12.0,13.0,5.89,6.4,55,46
2026-07-21T20:00,21.1,20.2,0.0,0.0,5.6,6.84,79,62
2026-07-21T21:00,20.4,19.5,0.0,0.0,6.04,6.51,80,72
2026-07-21T22:00,19.9,19.1,0.0,0.0,4.97,6.75,92,75
2026-07-21T23:00,19.2,18.8,0.0,0.0,4.52,6.05,48,70
2026-07-22T00:00,18.1,17.7,0.0,0.0,4.71,7.1,47,53
2026-07-22T01:00,17.4,17.5,0.0,0.0,4.95,7.1,53,56
2026-07-22T02:00,16.9,17.4,0.0,0.0,5.93,7.1,44,59
2026-07-22T03:00,16.4,17.2,0.0,0.0,6.66,7.01,0,50
2026-07-22T04:00,16.3,16.9,13.0,12.0,7.19,7.06,26,61
2026-07-22T05:00,16.9,17.4,108.0,82.0,5.19,6.49,0,58
2026-07-22T06:00,18.5,18.6,262.0,260.0,6.74,7.04,0,34
2026-07-22T07:00,19.7,19.8,432.0,405.0,6.8,6.61,0,40
2026-07-22T08:00,21.0,21.0,590.0,565.0,6.39,5.7,15,49
2026-07-22T09:00,22.1,22.1,587.0,599.0,5.63,5.57,73,55
2026-07-22T10:00,22.4,22.7,388.0,566.0,5.82,5.41,45,47
2026-07-22T11:00,23.1,23.6,418.0,622.0,5.06,5.34,100,79
2026-07-22T12:00,23.3,25.0,416.0,701.0,3.44,5.7,45,52
2026-07-22T13:00,24.6,25.2,432.0,629.0,2.94,6.29,74,51
2026-07-22T14:00,25.5,25.5,399.0,525.0,6.05,7.14,96,60
2026-07-22T15:00,25.4,25.7,237.0,512.0,3.9,6.47,86,51
2026-07-22T16:00,25.1,25.4,204.0,366.0,3.89,5.88,81,73
2026-07-22T17:00,24.6,24.8,169.0,148.0,6.31,6.04,95,82
2026-07-22T18:00,24.3,23.8,74.0,63.0,5.43,4.25,56,100
2026-07-22T19:00,23.3,22.7,10.0,10.0,5.12,3.0,100,91
2026-07-22T20:00,22.3,21.6,0.0,0.0,5.86,3.02,76,71
2026-07-22T21:00,21.3,20.8,0.0,0.0,6.31,3.67,100,75
2026-07-22T22:00,20.9,20.2,0.0,0.0,6.46,4.06,99,100
2026-07-22T23:00,20.6,19.9,0.0,0.0,6.82,3.98,86,100
2026-07-23T00:00,20.0,19.7,0.0,0.0,4.93,5.08,81,100
2026-07-23T01:00,19.5,19.5,0.0,0.0,4.57,5.0,97,100
2026-07-23T02:00,19.0,19.3,0.0,0.0,4.57,4.78,100,100
2026-07-23T03:00,18.5,19.0,0.0,0.0,5.96,4.06,100,100
2026-07-23T04:00,17.9,18.6,6.0,7.0,7.08,4.34,100,87
2026-07-23T05:00,18.0,19.1,67.0,55.0,5.99,4.78,89,83
2026-07-23T06:00,18.1,19.6,181.0,150.0,6.27,5.26,79,91
2026-07-23T07:00,19.3,20.0,328.0,240.0,6.88,6.01,48,68
2026-07-23T08:00,20.6,21.4,502.0,458.0,8.29,6.79,64,59
2026-07-23T09:00,21.5,22.8,530.0,618.0,8.37,6.47,83,70
2026-07-23T10:00,22.5,22.5,635.0,565.0,8.42,7.14,66,78
2026-07-23T11:00,22.2,22.4,715.0,475.0,7.15,6.26,11,62
2026-07-23T12:00,21.7,21.8,520.0,610.0,10.69,4.23,100,82
2026-07-23T13:00,21.3,22.3,457.0,484.0,9.72,6.49,91,46
2026-07-23T14:00,22.0,22.7,363.0,566.0,6.76,8.3,75,75
2026-07-23T15:00,22.8,23.3,392.0,484.0,8.24,8.84,29,51
2026-07-23T16:00,22.2,22.8,345.0,370.0,5.88,7.62,48,48
2026-07-23T17:00,22.8,21.9,214.0,208.0,8.84,7.13,48,54
2026-07-23T18:00,21.8,20.7,113.0,107.0,8.19,8.33,0,31
2026-07-23T19:00,20.4,19.7,11.0,11.0,6.47,7.44,54,45
2026-07-23T20:00,19.1,18.9,0.0,0.0,6.09,5.87,60,38
2026-07-23T21:00,18.5,18.2,0.0,0.0,4.53,5.79,35,39
2026-07-23T22:00,17.9,17.6,0.0,0.0,6.7,6.1,78,40
2026-07-23T23:00,17.1,17.1,0.0,0.0,6.53,7.45,32,24
2026-07-24T00:00,16.7,16.4,0.0,0.0,6.3,9.32,47,0
2026-07-24T01:00,16.0,15.8,0.0,0.0,4.82,8.93,3,0
2026-07-24T02:00,15.6,15.5,0.0,0.0,6.88,8.3,68,19
2026-07-24T03:00,14.9,15.3,0.0,0.0,8.0,8.65,80,0
2026-07-24T04:00,15.0,15.3,10.0,12.0,7.26,8.6,69,25
2026-07-24T05:00,15.8,16.0,92.0,100.0,7.14,8.07,37,39
2026-07-24T06:00,16.6,17.4,246.0,233.0,7.97,8.71,62,28
2026-07-24T07:00,17.8,18.8,396.0,423.0,7.0,7.99,5,23
2026-07-24T08:00,19.4,20.2,542.0,516.0,7.54,8.3,54,47
2026-07-24T09:00,20.4,21.4,534.0,618.0,7.75,7.98,63,56
2026-07-24T10:00,22.1,22.1,668.0,645.0,6.57,7.79,94,78
2026-07-24T11:00,23.3,22.8,617.0,517.0,6.77,8.41,99,94
2026-07-24T12:00,23.9,23.7,692.0,682.0,8.29,7.41,91,72
2026-07-24T13:00,24.1,24.3,594.0,624.0,5.7,7.25,93,69
2026-07-24T14:00,24.9,24.2,518.0,534.0,7.97,6.69,85,61
2026-07-24T15:00,24.8,24.7,451.0,514.0,7.53,7.06,84,50
2026-07-24T16:00,24.3,24.2,315.0,365.0,7.73,5.02,65,50
2026-07-24T17:00,23.8,24.1,227.0,217.0,6.38,4.85,34,67
2026-07-24T18:00,23.0,22.3,103.0,101.0,4.55,4.02,0,33
2026-07-24T19:00,22.1,21.2,13.0,12.0,3.11,2.35,0,38
2026-07-24T20:00,21.0,19.7,0.0,0.0,1.67,2.33,0,7
2026-07-24T21:00,20.0,18.5,0.0,0.0,2.12,2.33,18,9
2026-07-24T22:00,18.6,17.5,0.0,0.0,0.69,1.93,12,3
2026-07-24T23:00,17.9,16.7,0.0,0.0,0.92,1.53,0,0
2026-07-25T00:00,17.1,16.0,0.0,0.0,1.77,1.11,10,8
2026-07-25T01:00,16.6,15.5,0.0,0.0,2.06,0.89,2,86
2026-07-25T02:00,15.9,15.1,0.0,0.0,2.65,0.69,82,99
2026-07-25T03:00,15.2,14.6,0.0,0.0,1.59,0.88,26,100
2026-07-25T04:00,14.5,13.6,11.0,11.0,1.29,1.1,0,44
2026-07-25T05:00,14.5,14.3,99.0,95.0,1.58,1.25,2,100
2026-07-25T06:00,16.7,16.4,246.0,215.0,1.55,2.81,100,100
2026-07-25T07:00,18.6,18.9,408.0,389.0,1.59,2.07,100,100
2026-07-25T08:00,20.5,21.3,530.0,569.0,2.77,2.85,100,84
2026-07-25T09:00,22.9,23.4,715.0,711.0,3.33,4.16,38,23
2026-07-25T10:00,24.9,25.2,817.0,810.0,4.16,4.82,0,35
2026-07-25T11:00,26.2,26.5,872.0,864.0,4.22,5.33,9,20
2026-07-25T12:00,27.9,27.6,870.0,872.0,3.97,5.87,0,0
2026-07-25T13:00,29.0,28.6,821.0,822.0,4.64,6.18,0,0
2026-07-25T14:00,29.7,29.1,726.0,723.0,3.37,6.36,0,0
2026-07-25T15:00,29.5,29.1,593.0,588.0,6.61,6.57,0,1
2026-07-25T16:00,29.3,28.8,434.0,428.0,7.11,7.46,0,5
2026-07-25T17:00,28.3,28.0,265.0,260.0,7.59,8.41,0,6
2026-07-25T18:00,27.4,26.9,109.0,104.0,7.74,8.06,16,10
2026-07-25T19:00,25.9,24.9,12.0,11.0,8.05,9.16,46,75
2026-07-25T20:00,24.5,23.4,0.0,0.0,6.01,8.98,100,1
2026-07-25T21:00,22.6,22.2,0.0,0.0,6.01,7.75,79,0
2026-07-25T22:00,21.7,21.0,0.0,0.0,5.82,6.26,0,32
2026-07-25T23:00,20.8,19.9,0.0,0.0,2.68,4.5,19,33
2026-07-26T00:00,19.6,19.1,0.0,0.0,0.49,2.37,60,0
2026-07-26T01:00,18.8,18.1,0.0,0.0,0.84,1.06,81,19
2026-07-26T02:00,17.7,17.1,0.0,0.0,1.55,0.4,85,35
2026-07-26T03:00,17.3,16.6,0.0,0.0,1.75,0.79,99,97
2026-07-26T04:00,17.0,16.3,8.0,7.0,1.1,1.57,99,100
2026-07-26T05:00,17.1,16.9,48.0,70.0,0.71,1.73,100,100
2026-07-26T06:00,17.7,18.1,181.0,160.0,0.69,1.23,100,93
2026-07-26T07:00,19.6,19.8,329.0,282.0,1.18,1.47,57,100
2026-07-26T08:00,21.9,22.0,480.0,455.0,1.24,0.84,78,83
2026-07-26T09:00,23.7,25.3,443.0,636.0,1.98,0.81,68,54
2026-07-26T10:00,26.1,27.8,679.0,658.0,1.93,1.71,64,75
2026-07-26T11:00,28.4,28.6,804.0,598.0,1.39,3.84,32,74
2026-07-26T12:00,29.7,28.2,756.0,688.0,0.69,1.49,82,52
2026-07-26T13:00,30.6,29.0,747.0,677.0,2.02,1.8,56,60
2026-07-26T14:00,31.4,29.0,664.0,437.0,2.75,1.98,60,81
2026-07-26T15:00,30.8,28.9,415.0,293.0,5.74,0.81,99,95
2026-07-26T16:00,27.3,28.4,159.0,167.0,11.2,3.38,68,92
2026-07-26T17:00,24.8,26.9,114.0,102.0,11.01,5.84,100,80
2026-07-26T18:00,23.5,25.1,45.0,37.0,10.21,8.04,100,96
2026-07-26T19:00,23.2,24.8,5.0,3.0,8.94,6.09,100,100
2026-07-26T20:00,22.7,24.6,0.0,0.0,7.99,6.38,96,87
2026-07-26T21:00,23.9,24.1,0.0,0.0,8.06,6.4,100,100
2026-07-26T22:00,24.0,23.6,0.0,0.0,8.45,6.17,100,47
2026-07-26T23:00,23.8,23.2,0.0,0.0,8.24,6.67,92,77
2026-07-27T00:00,23.3,23.3,0.0,0.0,12.27,8.91,89,75
2026-07-27T01:00,23.4,23.5,0.0,0.0,13.58,12.13,86,75
2026-07-27T02:00,23.1,22.8,0.0,0.0,13.41,8.59,93,97
2026-07-27T03:00,22.0,22.4,0.0,0.0,11.57,6.4,71,99
2026-07-27T04:00,21.2,22.1,8.0,5.0,10.2,8.18,0,100
2026-07-27T05:00,22.0,22.4,93.0,49.0,12.01,11.57,40,100
2026-07-27T06:00,22.4,22.6,157.0,157.0,12.45,12.53,100,70
2026-07-27T07:00,23.3,23.4,213.0,301.0,12.76,9.6,85,100
2026-07-27T08:00,22.7,23.3,183.0,321.0,11.68,11.85,100,91
2026-07-27T09:00,24.3,23.0,257.0,369.0,9.91,12.48,97,49
2026-07-27T10:00,25.0,24.7,350.0,558.0,12.18,12.22,68,41
2026-07-27T11:00,26.6,26.9,713.0,804.0,12.03,12.48,49,5
2026-07-27T12:00,26.9,26.2,762.0,540.0,12.41,10.72,0,94
2026-07-27T13:00,28.1,25.8,779.0,364.0,13.57,8.96,0,53
2026-07-27T14:00,27.6,27.5,572.0,482.0,12.82,9.23,34,100
2026-07-27T15:00,26.5,27.7,290.0,300.0,11.98,9.9,85,52
2026-07-27T16:00,27.1,27.6,387.0,326.0,8.68,10.15,24,34
2026-07-27T17:00,26.8,27.1,176.0,225.0,10.25,9.49,99,48
2026-07-27T18:00,25.4,26.2,52.0,91.0,5.95,8.73,58,43
2026-07-27T19:00,24.4,24.8,9.0,9.0,7.02,6.82,61,52
2026-07-27T20:00,23.4,23.8,0.0,0.0,7.23,4.55,92,69
2026-07-27T21:00,22.6,22.9,0.0,0.0,4.08,4.04,100,80
2026-07-27T22:00,22.0,22.3,0.0,0.0,4.46,3.57,100,76
2026-07-27T23:00,21.6,21.6,0.0,0.0,5.33,3.86,91,73
2026-07-28T00:00,20.1,21.5,0.0,0.0,6.96,5.23,86,82
2026-07-28T01:00,19.7,21.2,0.0,0.0,7.21,4.73,80,79
2026-07-28T02:00,19.5,20.8,0.0,0.0,7.25,4.08,89,71
2026-07-28T03:00,19.4,20.2,0.0,0.0,7.46,3.81,83,51
2026-07-28T04:00,19.3,19.4,5.0,8.0,6.51,3.03,85,55
2026-07-28T05:00,19.5,20.0,74.0,80.0,5.04,2.58,43,48
2026-07-28T06:00,20.8,22.0,218.0,217.0,4.08,3.19,34,50
2026-07-28T07:00,22.3,23.9,400.0,366.0,4.44,2.57,8,43
2026-07-28T08:00,23.6,25.7,569.0,528.0,3.75,3.35,0,30
2026-07-28T09:00,25.2,27.2,663.0,630.0,3.21,5.39,65,39
2026-07-28T10:00,26.5,28.6,640.0,695.0,3.51,6.32,46,65
2026-07-28T11:00,27.4,29.2,600.0,638.0,3.47,6.99,72,47
2026-07-28T12:00,28.1,30.3,729.0,734.0,3.88,4.74,35,35
2026-07-28T13:00,29.4,30.9,712.0,727.0,3.63,4.05,34,37
2026-07-28T14:00,30.0,31.4,671.0,645.0,3.61,3.69,0,31
2026-07-28T15:00,30.4,31.4,578.0,532.0,3.24,3.11,0,17
2026-07-28T16:00,30.5,31.2,416.0,406.0,2.5,2.89,43,2
2026-07-28T17:00,29.1,30.6,245.0,246.0,3.75,2.22,3,18
2026-07-28T18:00,28.5,29.7,101.0,100.0,3.4,1.95,0,0
2026-07-28T19:00,27.3,27.1,10.0,9.0,3.46,4.19,0,0
2026-07-28T20:00,26.3,25.1,0.0,0.0,3.64,3.64,0,5
2026-07-28T21:00,25.2,23.5,0.0,0.0,2.34,3.68,0,0
2026-07-28T22:00,24.2,22.6,0.0,0.0,1.04,6.93,0,0
2026-07-28T23:00,22.9,21.3,0.0,0.0,1.33,5.57,0,0
2026-07-29T00:00,21.7,20.6,0.0,0.0,2.73,4.24,0,0
2026-07-29T01:00,21.1,20.0,0.0,0.0,2.67,3.82,0,0
2026-07-29T02:00,20.4,19.4,0.0,0.0,2.76,3.64,0,0
2026-07-29T03:00,19.6,18.8,0.0,0.0,2.65,2.55,0,0
2026-07-29T04:00,19.2,18.1,7.0,7.0,2.66,1.75,0,0
2026-07-29T05:00,19.6,19.1,86.0,88.0,2.59,1.58,0,0
2026-07-29T06:00,20.6,21.7,226.0,229.0,1.93,1.77,0,0
2026-07-29T07:00,21.9,23.4,388.0,392.0,2.83,1.45,0,0
2026-07-29T08:00,24.1,25.4,545.0,550.0,3.21,1.96,0,1
2026-07-29T09:00,26.2,27.2,680.0,681.0,3.37,2.79,0,59
2026-07-29T10:00,28.2,28.9,778.0,735.0,3.89,3.64,0,91
2026-07-29T11:00,30.0,30.7,831.0,788.0,4.17,4.08,0,49
2026-07-29T12:00,31.6,31.8,835.0,821.0,4.39,4.74,0,0
2026-07-29T13:00,33.1,33.1,788.0,783.0,5.0,5.06,0,0
2026-07-29T14:00,34.2,34.0,697.0,693.0,6.88,5.68,0,9
2026-07-29T15:00,34.2,34.1,566.0,556.0,8.96,6.53,0,28
2026-07-29T16:00,33.8,33.6,410.0,396.0,8.62,7.28,0,18
2026-07-29T17:00,33.1,32.7,245.0,238.0,8.76,8.17,0,27
2026-07-29T18:00,32.1,31.4,96.0,92.0,8.86,9.06,0,19
2026-07-29T19:00,30.8,29.5,8.0,8.0,9.55,10.17,0,23
2026-07-29T20:00,29.3,28.1,0.0,0.0,9.33,9.98,0,22
2026-07-29T21:00,27.7,27.2,0.0,0.0,8.34,8.77,7,28
2026-07-29T22:00,26.8,26.1,0.0,0.0,8.7,7.46,18,7
2026-07-29T23:00,26.0,25.1,0.0,0.0,7.32,5.96,60,51
2026-07-30T00:00,25.4,24.4,0.0,0.0,5.98,5.01,53,51
2026-07-30T01:00,24.8,23.8,0.0,0.0,4.5,4.41,4,36
2026-07-30T02:00,24.3,23.3,0.0,0.0,3.53,3.63,0,43
2026-07-30T03:00,23.8,22.8,0.0,0.0,1.12,2.55,0,57
2026-07-30T04:00,23.4,22.4,7.0,6.0,0.69,2.26,0,39
2026-07-30T05:00,23.2,22.7,82.0,81.0,0.49,1.97,0,4
2026-07-30T06:00,23.7,24.3,220.0,226.0,0.59,0.6,0,0
2026-07-30T07:00,25.5,26.4,379.0,386.0,0.71,1.08,0,0
2026-07-30T08:00,28.0,28.6,535.0,544.0,1.31,1.87,5,0
2026-07-30T09:00,29.8,30.8,580.0,678.0,1.82,2.48,18,0
2026-07-30T10:00,32.2,32.8,769.0,773.0,2.5,2.76,0,7
2026-07-30T11:00,34.3,34.6,825.0,826.0,3.14,2.36,3,0
2026-07-30T12:00,36.2,36.0,835.0,829.0,3.4,2.16,0,5
2026-07-30T13:00,37.2,36.6,793.0,763.0,2.77,1.04,0,41
2026-07-30T14:00,37.3,36.7,588.0,646.0,5.88,0.79,78,23
2026-07-30T15:00,37.3,36.6,549.0,500.0,8.7,1.89,0,43
2026-07-30T16:00,35.4,36.3,367.0,348.0,7.16,3.11,0,48
2026-07-30T17:00,34.4,35.5,242.0,215.0,5.59,5.47,0,17
2026-07-30T18:00,33.7,34.1,94.0,93.0,6.42,8.38,0,2
2026-07-30T19:00,31.9,31.9,7.0,7.0,7.34,8.36,0,1
2026-07-30T20:00,30.3,30.2,0.0,0.0,5.49,8.68,0,18
2026-07-30T21:00,29.2,29.0,0.0,0.0,6.94,7.96,0,5
2026-07-30T22:00,28.1,27.6,0.0,0.0,5.42,6.45,0,28
2026-07-30T23:00,26.9,26.6,0.0,0.0,5.49,5.75,80,41
2026-07-31T00:00,26.3,25.9,0.0,0.0,5.21,5.06,0,52
2026-07-31T01:00,25.8,25.3,0.0,0.0,4.5,4.75,14,54
2026-07-31T02:00,25.4,25.0,0.0,0.0,2.59,3.9,33,61
2026-07-31T03:00,24.6,24.5,0.0,0.0,0.75,2.67,0,70
2026-07-31T04:00,24.1,23.9,6.0,6.0,1.68,2.16,4,56
2026-07-31T05:00,24.9,24.2,80.0,68.0,1.43,1.68,12,58
2026-07-31T06:00,25.8,25.5,217.0,184.0,1.06,2.55,31,54
2026-07-31T07:00,27.7,27.7,381.0,330.0,0.29,2.59,0,29
2026-07-31T08:00,30.2,30.5,541.0,527.0,1.29,2.72,0,1
2026-07-31T09:00,31.9,33.1,676.0,676.0,2.08,3.86,0,12
2026-07-31T10:00,33.9,35.7,775.0,775.0,2.45,5.02,0,20
2026-07-31T11:00,35.5,37.6,829.0,830.0,2.55,5.78,0,12
2026-07-31T12:00,36.8,38.4,831.0,832.0,3.19,6.31,0,18
2026-07-31T13:00,37.8,38.4,786.0,715.0,3.88,6.61,0,48
2026-07-31T14:00,38.5,37.9,653.0,480.0,5.82,7.43,29,72
2026-07-31T15:00,38.1,37.8,479.0,463.0,6.34,8.19,66,48
2026-07-31T16:00,37.8,37.1,356.0,365.0,6.73,9.16,24,36
2026-07-31T17:00,37.0,36.1,236.0,226.0,7.07,9.12,7,29
2026-07-31T18:00,35.9,35.0,88.0,88.0,8.06,9.39,100,18
2026-07-31T19:00,34.4,32.8,6.0,6.0,8.39,9.83,100,7
2026-07-31T20:00,32.3,31.2,0.0,0.0,8.37,9.23,100,5
2026-07-31T21:00,31.1,29.9,0.0,0.0,6.91,8.57,100,0
2026-07-31T22:00,30.0,29.1,0.0,0.0,5.13,8.84,99,72
2026-07-31T23:00,29.0,29.3,0.0,0.0,3.57,8.25,100,93
2026-08-01T00:00,28.1,28.8,0.0,0.0,11.86,7.11,100,100
2026-08-01T01:00,27.2,28.0,0.0,0.0,5.49,6.41,41,82
2026-08-01T02:00,26.5,27.6,0.0,0.0,4.82,8.02,90,89
2026-08-01T03:00,26.4,27.1,0.0,0.0,0.2,9.21,100,88
2026-08-01T04:00,26.3,26.8,3.0,4.0,1.01,7.34,100,94
2026-08-01T05:00,26.5,27.0,43.0,54.0,0.84,6.29,100,100
2026-08-01T06:00,26.8,28.1,130.0,171.0,3.04,5.22,100,98
2026-08-01T07:00,28.2,28.7,266.0,304.0,0.66,6.3,100,82
2026-08-01T08:00,29.6,29.3,398.0,436.0,0.9,6.84,100,100
2026-08-01T09:00,31.2,28.3,579.0,473.0,0.71,6.02,96,100
2026-08-01T10:00,32.8,28.3,751.0,467.0,0.63,4.37,29,100
2026-08-01T11:00,34.3,29.0,821.0,357.0,1.06,1.77,4,100
2026-08-01T12:00,33.9,31.5,736.0,502.0,3.26,2.46,100,83
2026-08-01T13:00,34.8,32.4,705.0,574.0,3.22,2.02,44,55
2026-08-01T14:00,31.1,33.2,439.0,584.0,9.42,1.58,100,100
2026-08-01T15:00,30.2,32.8,207.0,426.0,6.59,3.92,100,100
2026-08-01T16:00,30.2,32.4,187.0,254.0,5.43,4.21,65,100
2026-08-01T17:00,30.7,32.1,186.0,164.0,5.14,5.34,0,60
2026-08-01T18:00,29.4,30.8,58.0,44.0,6.38,5.35,73,95
2026-08-01T19:00,28.4,29.8,6.0,3.0,7.27,3.51,50,76
2026-08-01T20:00,27.2,29.1,0.0,0.0,5.49,7.19,74,61
2026-08-01T21:00,25.8,27.8,0.0,0.0,7.79,8.24,64,47
2026-08-01T22:00,25.4,26.2,0.0,0.0,8.7,7.41,64,50
2026-08-01T23:00,24.9,25.2,0.0,0.0,7.06,7.01,55,94
2026-08-02T00:00,24.8,24.2,0.0,0.0,7.08,7.82,79,98
2026-08-02T01:00,23.9,23.1,0.0,0.0,6.47,8.1,85,98
2026-08-02T02:00,23.2,22.6,0.0,0.0,6.62,6.32,88,100
2026-08-02T03:00,23.2,22.4,0.0,0.0,5.74,6.09,84,100
2026-08-02T04:00,22.7,22.2,4.0,3.0,5.56,5.83,92,100
2026-08-02T05:00,22.5,22.3,41.0,40.0,5.66,5.8,100,100
2026-08-02T06:00,23.0,22.9,150.0,113.0,5.53,5.89,83,100
2026-08-02T07:00,23.6,23.9,296.0,226.0,5.38,5.4,83,90
2026-08-02T08:00,24.4,25.1,462.0,360.0,5.32,4.73,84,57
2026-08-02T09:00,22.9,26.7,229.0,570.0,4.19,4.41,78,46
2026-08-02T10:00,24.8,28.5,616.0,711.0,3.87,4.05,77,38
2026-08-02T11:00,26.7,30.1,744.0,793.0,3.74,3.97,36,18
2026-08-02T12:00,26.3,29.2,686.0,707.0,3.64,4.75,50,53
2026-08-02T13:00,27.9,30.2,723.0,702.0,3.88,4.54,55,38
2026-08-02T14:00,29.1,30.9,628.0,647.0,4.08,4.72,37,29
2026-08-02T15:00,30.9,31.3,528.0,537.0,4.72,4.92,0,13
2026-08-02T16:00,31.0,31.0,387.0,384.0,4.8,4.73,33,16
2026-08-02T17:00,30.5,30.2,198.0,219.0,5.16,4.51,49,29
2026-08-02T18:00,29.3,30.1,82.0,82.0,5.25,5.27,33,27
2026-08-02T19:00,27.8,28.4,5.0,6.0,4.84,5.8,44,17
2026-08-02T20:00,26.4,26.8,0.0,0.0,4.38,5.39,32,29
2026-08-02T21:00,25.4,25.7,0.0,0.0,3.47,4.46,38,70
2026-08-02T22:00,24.9,24.9,0.0,0.0,2.7,3.52,55,21
2026-08-02T23:00,24.3,24.3,0.0,0.0,2.5,2.09,100,22
2026-08-03T00:00,23.9,22.4,0.0,0.0,2.02,1.38,38,54
2026-08-03T01:00,23.6,21.9,0.0,0.0,1.67,1.46,47,6
2026-08-03T02:00,23.0,21.5,0.0,0.0,1.82,1.46,32,21
2026-08-03T03:00,22.3,21.0,0.0,0.0,2.05,1.15,91,23
2026-08-03T04:00,21.9,20.7,4.0,5.0,1.69,1.47,69,8
2026-08-03T05:00,22.1,21.3,72.0,72.0,1.36,1.93,26,11
2026-08-03T06:00,22.6,23.2,206.0,209.0,1.01,2.7,87,1
2026-08-03T07:00,24.4,25.6,344.0,369.0,1.41,1.94,100,0
2026-08-03T08:00,26.9,28.6,512.0,528.0,2.29,3.68,74,3
2026-08-03T09:00,30.1,31.8,660.0,666.0,2.98,5.16,40,7
2026-08-03T10:00,32.9,34.3,763.0,769.0,3.26,5.53,4,4
2026-08-03T11:00,35.4,36.6,812.0,820.0,4.21,6.61,0,0
2026-08-03T12:00,37.5,36.8,752.0,748.0,6.97,6.09,31,13
2026-08-03T13:00,38.3,38.5,762.0,693.0,5.88,7.37,0,53
2026-08-03T14:00,38.6,38.7,654.0,669.0,7.25,6.64,47,7
2026-08-03T15:00,38.4,38.4,554.0,518.0,6.09,7.05,7,29
2026-08-03T16:00,38.2,37.9,398.0,307.0,5.35,6.3,15,51
2026-08-03T17:00,37.5,37.0,234.0,168.0,6.66,4.67,4,64
2026-08-03T18:00,36.2,34.6,68.0,67.0,4.13,2.02,92,45
2026-08-03T19:00,34.7,32.1,4.0,5.0,4.51,2.36,56,8
2026-08-03T20:00,32.5,30.1,0.0,0.0,6.98,5.4,49,2
2026-08-03T21:00,30.6,28.6,0.0,0.0,7.12,6.94,16,0
2026-08-03T22:00,29.9,27.6,0.0,0.0,7.27,6.99,0,0
2026-08-03T23:00,28.8,26.7,0.0,0.0,5.9,6.77,0,0
2026-08-04T00:00,27.7,25.4,0.0,0.0,6.08,5.85,0,0
2026-08-04T01:00,26.8,24.8,0.0,0.0,5.61,5.48,0,0
2026-08-04T02:00,26.5,24.1,0.0,0.0,5.32,4.92,0,0
2026-08-04T03:00,25.8,23.4,0.0,0.0,4.03,4.31,0,0
2026-08-04T04:00,25.0,22.6,4.0,4.0,2.26,3.59,0,0
2026-08-04T05:00,24.7,23.1,74.0,73.0,1.31,3.22,0,0
2026-08-04T06:00,25.7,25.0,212.0,211.0,1.32,2.98,0,0
2026-08-04T07:00,27.7,27.6,373.0,372.0,1.23,2.45,0,0
2026-08-04T08:00,29.9,30.1,533.0,531.0,1.81,2.18,0,0
2026-08-04T09:00,32.9,33.0,670.0,667.0,2.86,3.54,0,0
2026-08-04T10:00,36.5,36.3,770.0,767.0,5.11,5.23,0,0
2026-08-04T11:00,38.0,38.2,827.0,821.0,7.99,6.69,0,0
2026-08-04T12:00,39.2,39.1,810.0,827.0,8.82,7.84,0,0
2026-08-04T13:00,39.3,39.5,780.0,780.0,9.54,8.57,0,0
2026-08-04T14:00,39.4,39.5,688.0,686.0,8.34,8.06,0,0
2026-08-04T15:00,39.1,39.2,546.0,555.0,10.0,7.46,0,0
2026-08-04T16:00,38.5,38.8,388.0,397.0,9.03,7.36,0,0
2026-08-04T17:00,37.6,37.7,231.0,231.0,8.62,6.98,0,0
2026-08-04T18:00,36.4,35.4,82.0,81.0,8.43,7.89,10,0
2026-08-04T19:00,34.3,32.9,5.0,4.0,8.88,8.87,0,0
2026-08-04T20:00,32.4,31.1,0.0,0.0,8.81,8.33,0,0
2026-08-04T21:00,31.3,30.0,0.0,0.0,8.42,8.54,0,0
2026-08-04T22:00,30.4,28.9,0.0,0.0,8.51,8.31,0,0
2026-08-04T23:00,29.5,27.7,0.0,0.0,7.98,7.66,7,0
2026-08-05T00:00,28.9,26.4,0.0,0.0,8.57,6.89,57,0
2026-08-05T01:00,28.9,25.7,0.0,0.0,8.11,6.56,33,0
2026-08-05T02:00,28.3,25.1,0.0,0.0,7.55,6.09,0,0
2026-08-05T03:00,27.8,24.4,0.0,0.0,7.15,5.01,54,0
2026-08-05T04:00,27.0,23.7,3.0,3.0,6.09,4.21,61,0
2026-08-05T05:00,26.8,24.1,70.0,73.0,4.9,3.11,56,0
2026-08-05T06:00,28.1,26.9,211.0,211.0,4.56,2.59,0,0
2026-08-05T07:00,30.8,30.4,375.0,375.0,3.35,2.02,0,0
2026-08-05T08:00,32.7,33.3,535.0,537.0,1.57,1.01,0,0
2026-08-05T09:00,34.5,35.0,668.0,671.0,1.18,1.67,0,0
2026-08-05T10:00,35.8,36.3,764.0,764.0,0.9,0.92,0,16
2026-08-05T11:00,37.4,37.1,815.0,774.0,0.44,2.02,0,11
2026-08-05T12:00,39.9,39.4,812.0,794.0,3.44,5.11,48,30
2026-08-05T13:00,40.1,39.6,744.0,734.0,8.04,7.99,21,46
2026-08-05T14:00,39.3,38.3,598.0,527.0,10.41,3.33,26,100
2026-08-05T15:00,39.0,38.2,557.0,384.0,7.94,2.07,0,100
2026-08-05T16:00,38.4,38.2,392.0,299.0,8.0,3.9,0,100
2026-08-05T17:00,37.5,37.2,226.0,172.0,8.06,3.53,7,87
2026-08-05T18:00,36.4,35.4,81.0,77.0,7.22,6.2,9,100
2026-08-05T19:00,34.2,32.9,3.0,3.0,8.23,5.93,0,59
2026-08-05T20:00,33.0,30.9,0.0,0.0,8.12,5.85,19,39
2026-08-05T21:00,31.0,29.4,0.0,0.0,6.57,3.91,1,22
2026-08-05T22:00,30.8,28.5,0.0,0.0,5.31,6.54,0,17
2026-08-05T23:00,30.1,28.4,0.0,0.0,3.14,7.86,69,38
2026-08-06T00:00,28.9,28.4,0.0,0.0,3.44,9.71,68,54
2026-08-06T01:00,28.5,28.0,0.0,0.0,5.39,8.6,100,100
2026-08-06T02:00,28.5,27.5,0.0,0.0,6.77,10.27,2,100
2026-08-06T03:00,28.4,26.9,0.0,0.0,10.09,11.15,6,100
2026-08-06T04:00,27.7,26.2,3.0,3.0,12.74,9.82,0,13
2026-08-06T05:00,27.1,26.1,70.0,70.0,12.72,8.56,0,0
2026-08-06T06:00,27.7,26.6,208.0,200.0,8.78,9.84,0,0
2026-08-06T07:00,29.2,27.9,372.0,367.0,7.77,8.9,0,1
2026-08-06T08:00,30.6,29.6,529.0,524.0,6.58,7.34,0,3
2026-08-06T09:00,32.2,31.1,662.0,658.0,6.58,7.7,0,2
2026-08-06T10:00,33.5,32.2,759.0,752.0,5.83,6.79,0,4
2026-08-06T11:00,34.2,33.5,811.0,799.0,6.07,6.04,0,37
2026-08-06T12:00,34.9,33.2,729.0,777.0,7.58,5.82,6,98
2026-08-06T13:00,35.1,33.6,743.0,728.0,7.16,6.65,12,97
2026-08-06T14:00,30.9,33.3,411.0,593.0,8.37,6.87,100,53
2026-08-06T15:00,31.4,33.1,412.0,512.0,9.44,6.38,100,68
2026-08-06T16:00,32.3,32.4,293.0,356.0,4.39,7.07,100,100
2026-08-06T17:00,27.5,31.6,127.0,191.0,10.41,7.14,100,100
2026-08-06T18:00,25.7,29.9,32.0,52.0,9.64,8.74,100,100
2026-08-06T19:00,25.2,27.8,2.0,3.0,8.07,7.61,100,100
2026-08-06T20:00,24.2,26.7,0.0,0.0,7.8,6.52,100,100
2026-08-06T21:00,26.1,25.5,0.0,0.0,9.77,7.58,100,100
2026-08-06T22:00,25.4,24.6,0.0,0.0,10.05,9.51,98,100
2026-08-06T23:00,24.3,24.1,0.0,0.0,10.44,9.87,97,100
2026-08-07T00:00,23.5,24.2,0.0,0.0,9.9,9.9,95,100
2026-08-07T01:00,22.9,24.1,0.0,0.0,8.77,7.41,93,96
2026-08-07T02:00,22.4,23.8,0.0,0.0,7.56,7.73,100,100
2026-08-07T03:00,22.7,23.4,0.0,0.0,8.61,6.2,100,100
2026-08-07T04:00,22.8,23.1,2.0,1.0,7.41,6.75,91,100
2026-08-07T05:00,22.8,23.3,42.0,24.0,6.4,5.7,100,100
2026-08-07T06:00,22.4,23.2,58.0,84.0,5.11,6.88,98,97
2026-08-07T07:00,23.4,23.0,143.0,125.0,6.95,7.2,100,100
2026-08-07T08:00,24.5,23.6,273.0,168.0,6.01,7.35,100,100
2026-08-07T09:00,25.7,23.3,381.0,191.0,4.24,6.12,97,100
2026-08-07T10:00,27.3,24.1,597.0,350.0,4.12,5.23,47,100
2026-08-07T11:00,29.0,25.2,722.0,407.0,5.33,4.75,53,100
2026-08-07T12:00,30.4,28.2,547.0,531.0,6.3,5.0,70,100
2026-08-07T13:00,31.0,28.6,582.0,451.0,5.4,4.74,96,100
2026-08-07T14:00,30.9,29.0,560.0,381.0,5.62,4.06,52,100
2026-08-07T15:00,31.4,29.3,487.0,310.0,5.32,3.83,31,100
2026-08-07T16:00,31.5,29.3,340.0,250.0,7.15,3.92,100,100
2026-08-07T17:00,30.5,28.9,150.0,138.0,6.04,3.86,100,100
2026-08-07T18:00,29.5,26.6,47.0,46.0,7.74,4.9,100,100
2026-08-07T19:00,28.6,25.9,2.0,2.0,6.77,4.62,100,100
2026-08-07T20:00,27.5,25.5,0.0,0.0,7.27,3.93,89,100
2026-08-07T21:00,25.4,24.9,0.0,0.0,6.99,3.29,100,100
2026-08-07T22:00,24.3,24.5,0.0,0.0,5.04,3.5,100,100
2026-08-07T23:00,24.0,23.4,0.0,0.0,3.37,3.66,100,100
2026-08-08T00:00,23.8,22.1,0.0,0.0,4.63,5.3,100,56
2026-08-08T01:00,23.2,21.7,0.0,0.0,4.92,4.85,99,50
2026-08-08T02:00,22.8,21.3,0.0,0.0,4.73,4.61,100,73
2026-08-08T03:00,22.1,20.9,0.0,0.0,3.96,4.72,78,95
2026-08-08T04:00,21.8,20.8,2.0,2.0,3.83,4.51,76,73
2026-08-08T05:00,21.6,20.9,44.0,43.0,3.72,3.54,88,91
2026-08-08T06:00,21.4,21.2,187.0,129.0,3.73,3.04,45,79
2026-08-08T07:00,22.3,21.8,328.0,191.0,3.53,3.33,58,84
2026-08-08T08:00,23.6,23.0,486.0,315.0,3.4,3.04,58,63
2026-08-08T09:00,25.2,24.9,667.0,520.0,4.03,2.68,0,59
2026-08-08T10:00,26.7,26.5,772.0,593.0,3.83,2.84,0,69
2026-08-08T11:00,27.7,27.6,826.0,664.0,3.88,2.78,0,53
2026-08-08T12:00,28.5,27.9,799.0,673.0,4.09,3.76,0,48
2026-08-08T13:00,28.7,28.5,714.0,675.0,4.75,3.41,75,46
2026-08-08T14:00,29.6,28.8,614.0,589.0,6.29,3.35,50,47
2026-08-08T15:00,30.0,28.8,446.0,471.0,4.8,3.48,73,43
2026-08-08T16:00,29.6,28.6,255.0,339.0,4.62,3.7,48,48
2026-08-08T17:00,28.4,28.0,186.0,193.0,6.14,3.96,27,40
2026-08-08T18:00,27.4,26.7,72.0,56.0,4.99,5.17,15,42
2026-08-08T19:00,26.2,25.1,2.0,2.0,4.55,7.26,0,34
2026-08-08T20:00,25.2,23.8,0.0,0.0,3.66,7.93,0,17
2026-08-08T21:00,24.4,22.9,0.0,0.0,3.67,8.1,0,10
2026-08-08T22:00,23.0,21.9,0.0,0.0,2.88,5.53,9,33
2026-08-08T23:00,22.0,21.2,0.0,0.0,2.06,3.89,0,43
2026-08-09T00:00,21.7,21.3,0.0,0.0,1.29,1.76,5,33
2026-08-09T01:00,21.1,21.1,0.0,0.0,1.1,0.96,4,43
2026-08-09T02:00,20.5,20.9,0.0,0.0,1.4,1.4,0,44
2026-08-09T03:00,20.0,20.2,0.0,0.0,1.55,2.36,32,32
2026-08-09T04:00,19.6,19.8,2.0,2.0,1.47,1.98,21,48
2026-08-09T05:00,19.4,19.5,63.0,60.0,2.33,3.11,18,36
2026-08-09T06:00,20.2,20.1,202.0,196.0,2.51,2.51,0,17
2026-08-09T07:00,21.3,21.4,369.0,370.0,2.94,2.64,0,4
2026-08-09T08:00,23.4,23.0,530.0,534.0,3.32,3.1,0,8
2026-08-09T09:00,25.5,25.0,669.0,670.0,3.95,3.72,0,8
2026-08-09T10:00,27.8,27.2,770.0,771.0,4.51,4.47,0,2
2026-08-09T11:00,29.5,29.0,825.0,824.0,4.93,4.8,0,0
2026-08-09T12:00,30.6,30.8,828.0,825.0,4.16,5.31,0,1
2026-08-09T13:00,31.5,31.5,776.0,771.0,4.18,5.0,0,2
2026-08-09T14:00,32.0,31.9,679.0,673.0,3.4,4.86,0,0
2026-08-09T15:00,32.2,32.1,544.0,541.0,4.73,4.73,0,1
2026-08-09T16:00,32.1,31.8,384.0,382.0,5.07,4.78,0,22
2026-08-09T17:00,31.5,31.1,216.0,213.0,5.07,5.07,0,10
2026-08-09T18:00,30.5,29.9,70.0,66.0,5.41,5.55,0,96
2026-08-09T19:00,29.4,28.3,2.0,2.0,5.35,6.34,0,100
2026-08-09T20:00,27.8,27.0,0.0,0.0,5.27,6.34,0,3
2026-08-09T21:00,26.8,25.9,0.0,0.0,2.3,5.14,0,0
2026-08-09T22:00,25.6,24.8,0.0,0.0,2.23,3.88,0,0
2026-08-09T23:00,24.9,23.9,0.0,0.0,1.46,3.08,0,0
2026-08-10T00:00,24.6,23.4,0.0,0.0,0.84,2.37,8,0
2026-08-10T01:00,23.9,22.7,0.0,0.0,0.5,1.62,100,12
2026-08-10T02:00,23.3,22.1,0.0,0.0,0.42,1.08,55,1
2026-08-10T03:00,22.9,21.4,0.0,0.0,1.25,0.98,100,100
2026-08-10T04:00,22.5,21.0,1.0,2.0,1.19,0.81,100,100
2026-08-10T05:00,22.5,21.1,49.0,58.0,1.0,0.78,79,100
2026-08-10T06:00,22.8,22.6,116.0,173.0,0.49,0.81,100,65
2026-08-10T07:00,23.9,24.2,150.0,294.0,0.44,0.4,100,70
2026-08-10T08:00,25.1,26.2,152.0,419.0,0.75,1.01,100,89
2026-08-10T09:00,26.5,28.5,238.0,536.0,2.31,1.59,99,70
2026-08-10T10:00,29.3,31.1,627.0,705.0,2.17,1.18,65,48
2026-08-10T11:00,32.1,33.5,749.0,753.0,1.08,1.9,100,62
2026-08-10T12:00,32.7,34.9,685.0,696.0,5.49,0.71,79,79
2026-08-10T13:00,33.2,35.2,580.0,536.0,6.06,0.44,59,98
2026-08-10T14:00,33.9,35.9,620.0,603.0,6.56,2.99,0,72
2026-08-10T15:00,35.3,35.7,527.0,462.0,6.28,4.29,0,55
2026-08-10T16:00,35.3,35.4,376.0,333.0,5.71,6.37,0,39
2026-08-10T17:00,34.6,34.6,203.0,194.0,6.47,6.28,10,26
2026-08-10T18:00,33.7,33.9,67.0,63.0,6.21,6.99,0,29
2026-08-10T19:00,32.1,31.9,1.0,1.0,6.57,5.78,0,0
2026-08-10T20:00,31.0,30.5,0.0,0.0,7.64,5.59,58,0
2026-08-10T21:00,30.3,29.6,0.0,0.0,8.65,7.19,76,0
2026-08-10T22:00,29.4,29.2,0.0,0.0,9.65,9.91,91,5
2026-08-10T23:00,29.4,28.8,0.0,0.0,10.61,10.2,46,32
2026-08-11T00:00,28.6,28.0,0.0,0.0,10.14,8.3,4,0
2026-08-11T01:00,27.9,27.7,0.0,0.0,9.32,8.42,26,0
2026-08-11T02:00,27.1,27.2,0.0,0.0,10.6,8.03,85,0
2026-08-11T03:00,26.2,26.8,0.0,0.0,6.88,8.03,0,14
2026-08-11T04:00,25.2,26.2,1.0,1.0,5.95,7.44,6,23
2026-08-11T05:00,24.8,25.4,58.0,56.0,5.39,6.47,90,47
2026-08-11T06:00,23.7,23.2,146.0,188.0,8.24,6.39,78,100
2026-08-11T07:00,24.8,24.1,330.0,336.0,6.12,5.73,46,100
2026-08-11T08:00,25.9,25.5,508.0,491.0,6.24,4.9,33,87
2026-08-11T09:00,27.0,26.9,652.0,615.0,6.15,5.21,0,91
2026-08-11T10:00,28.2,28.4,752.0,735.0,5.73,4.54,0,100
2026-08-11T11:00,29.3,29.7,806.0,781.0,5.49,4.42,11,100
2026-08-11T12:00,30.0,30.8,810.0,793.0,5.52,4.34,0,7
2026-08-11T13:00,30.5,31.4,763.0,752.0,5.42,4.62,0,0
2026-08-11T14:00,31.2,31.7,665.0,658.0,5.42,4.93,0,3
2026-08-11T15:00,31.4,31.4,529.0,522.0,5.61,5.0,0,43
2026-08-11T16:00,30.8,30.6,370.0,354.0,6.89,4.91,7,60
2026-08-11T17:00,29.4,29.7,204.0,188.0,7.96,5.06,0,60
2026-08-11T18:00,28.4,27.7,63.0,60.0,6.99,6.85,0,29
2026-08-11T19:00,27.0,26.4,1.0,1.0,6.33,6.92,0,38
2026-08-11T20:00,25.7,25.2,0.0,0.0,5.68,6.96,10,36
2026-08-11T21:00,24.1,24.2,0.0,0.0,6.41,6.64,61,43
2026-08-11T22:00,22.6,23.1,0.0,0.0,6.08,6.84,69,51
2026-08-11T23:00,21.6,22.0,0.0,0.0,5.58,5.85,69,43
2026-08-12T00:00,20.4,21.1,0.0,0.0,5.58,5.73,42,51
2026-08-12T01:00,19.7,20.4,0.0,0.0,4.97,5.55,66,53
2026-08-12T02:00,19.1,19.8,0.0,0.0,4.66,5.02,27,40
2026-08-12T03:00,18.6,19.2,0.0,0.0,4.51,4.63,25,19
2026-08-12T04:00,18.2,18.6,1.0,1.0,4.41,4.41,19,5
2026-08-12T05:00,18.1,18.7,57.0,57.0,4.31,4.02,3,31
2026-08-12T06:00,18.6,19.1,194.0,194.0,3.34,3.53,0,5
2026-08-12T07:00,19.6,20.3,359.0,362.0,3.45,3.34,0,0
2026-08-12T08:00,21.2,22.1,522.0,524.0,3.8,3.45,0,0
2026-08-12T09:00,22.5,23.6,660.0,661.0,3.85,3.84,0,0
2026-08-12T10:00,23.9,24.9,761.0,760.0,3.79,4.12,0,0
2026-08-12T11:00,25.1,26.0,815.0,814.0,3.54,4.15,0,0
2026-08-12T12:00,26.3,26.8,817.0,813.0,3.69,4.3,0,0
2026-08-12T13:00,27.3,27.4,771.0,766.0,4.41,4.64,0,0
2026-08-12T14:00,27.7,27.8,677.0,672.0,4.8,5.12,0,0
2026-08-12T15:00,27.6,27.6,537.0,538.0,5.21,5.36,0,0
2026-08-12T16:00,27.1,27.1,376.0,377.0,5.92,5.09,0,0
2026-08-12T17:00,26.4,26.2,207.0,207.0,6.58,5.21,0,0
2026-08-12T18:00,25.1,24.8,61.0,56.0,6.69,5.76,0,0
2026-08-12T19:00,24.0,23.1,1.0,0.0,5.96,7.34,0,0
2026-08-12T20:00,22.6,21.9,0.0,0.0,5.36,7.73,0,0
2026-08-12T21:00,21.5,21.0,0.0,0.0,4.43,7.04,0,0
2026-08-12T22:00,20.9,20.4,0.0,0.0,4.59,6.28,0,0
2026-08-12T23:00,20.5,19.9,0.0,0.0,4.75,5.46,0,0
2026-08-13T00:00,19.7,19.6,0.0,0.0,5.19,4.61,0,0
2026-08-13T01:00,19.3,19.1,0.0,0.0,5.1,4.34,0,0
2026-08-13T02:00,19.0,18.5,0.0,0.0,4.44,4.59,0,0
2026-08-13T03:00,18.4,18.0,0.0,0.0,3.73,4.56,0,0
2026-08-13T04:00,17.8,17.4,1.0,1.0,3.78,4.19,0,0
2026-08-13T05:00,17.6,17.5,56.0,58.0,3.45,4.13,0,0
2026-08-13T06:00,17.9,18.4,194.0,196.0,3.5,3.69,0,0
2026-08-13T07:00,18.7,19.6,359.0,363.0,3.34,3.26,0,0
2026-08-13T08:00,20.1,21.2,522.0,525.0,3.04,2.75,3,0
2026-08-13T09:00,22.0,22.9,659.0,664.0,2.55,2.36,0,0
2026-08-13T10:00,23.7,24.5,760.0,764.0,2.11,1.96,0,0
2026-08-13T11:00,25.1,25.8,814.0,816.0,1.92,1.93,0,0
2026-08-13T12:00,26.4,26.9,818.0,815.0,1.97,1.94,0,0
2026-08-13T13:00,27.5,27.8,769.0,766.0,1.77,1.96,0,0
2026-08-13T14:00,27.8,28.3,670.0,670.0,2.79,2.12,0,0
2026-08-13T15:00,28.8,28.4,533.0,533.0,3.44,2.2,0,0
2026-08-13T16:00,28.6,28.3,373.0,371.0,3.59,2.94,0,0
2026-08-13T17:00,28.3,27.7,205.0,203.0,4.54,3.6,0,0
2026-08-13T18:00,27.4,26.6,59.0,58.0,5.21,3.07,0,0
2026-08-13T19:00,25.7,25.0,1.0,0.0,6.04,3.08,0,0
2026-08-13T20:00,24.3,23.6,0.0,0.0,5.42,5.8,0,0
2026-08-13T21:00,23.3,22.6,0.0,0.0,4.8,5.43,0,0
2026-08-13T22:00,22.5,21.7,0.0,0.0,4.08,3.79,0,0
2026-08-13T23:00,21.9,20.7,0.0,0.0,3.53,2.87,0,0
2026-08-14T00:00,21.2,20.0,0.0,0.0,3.08,3.08,0,0
2026-08-14T01:00,20.6,19.1,0.0,0.0,2.55,2.94,0,0
2026-08-14T02:00,20.0,18.3,0.0,0.0,1.9,2.77,0,0
2026-08-14T03:00,19.4,17.6,0.0,0.0,1.59,2.16,0,0
2026-08-14T04:00,18.7,17.0,1.0,1.0,1.43,1.96,0,0
2026-08-14T05:00,17.9,17.1,54.0,54.0,1.15,1.87,0,0
2026-08-14T06:00,18.4,18.5,189.0,190.0,0.77,1.32,0,0
2026-08-14T07:00,19.7,20.2,353.0,354.0,1.1,0.98,0,0
2026-08-14T08:00,21.4,22.1,514.0,517.0,1.57,1.52,0,0
2026-08-14T09:00,23.6,24.2,652.0,656.0,2.88,2.11,0,0
2026-08-14T10:00,25.9,26.4,754.0,756.0,3.29,2.6,0,0
2026-08-14T11:00,27.7,28.1,810.0,811.0,3.53,2.94,0,0
2026-08-14T12:00,29.1,29.1,814.0,808.0,3.9,3.24,0,0
2026-08-14T13:00,30.0,29.9,764.0,760.0,3.92,3.51,0,0
2026-08-14T14:00,30.5,30.3,667.0,664.0,3.94,3.51,0,0
2026-08-14T15:00,30.6,30.3,533.0,528.0,3.49,3.46,0,0
2026-08-14T16:00,30.4,30.0,371.0,367.0,3.34,3.46,0,0
2026-08-14T17:00,29.9,29.2,201.0,198.0,3.88,3.64,0,0
2026-08-14T18:00,29.1,28.1,57.0,55.0,4.32,3.55,0,0
2026-08-14T19:00,27.8,26.3,0.0,0.0,4.98,4.05,0,0
2026-08-14T20:00,26.4,24.9,0.0,0.0,4.96,4.08,0,0
2026-08-14T21:00,25.3,23.7,0.0,0.0,3.88,3.78,0,0
2026-08-14T22:00,24.1,22.7,0.0,0.0,4.3,3.9,0,0
2026-08-14T23:00,23.5,22.1,0.0,0.0,3.67,3.68,0,0
2026-08-15T00:00,22.2,21.2,0.0,0.0,2.28,3.46,0,0
2026-08-15T01:00,21.0,20.3,0.0,0.0,1.98,3.49,0,0
2026-08-15T02:00,20.2,19.6,0.0,0.0,1.66,3.05,0,0
2026-08-15T03:00,19.5,19.0,0.0,0.0,1.88,2.63,0,0
2026-08-15T04:00,18.8,18.4,0.0,0.0,2.01,2.92,0,0
2026-08-15T05:00,18.7,18.5,51.0,53.0,2.08,3.12,1,0
2026-08-15T06:00,19.8,19.6,184.0,186.0,1.85,3.18,0,0
2026-08-15T07:00,22.0,21.8,349.0,352.0,1.39,1.66,0,0
2026-08-15T08:00,24.8,24.9,512.0,515.0,2.51,2.98,0,0
2026-08-15T09:00,28.8,28.8,654.0,655.0,4.33,5.33,0,0
2026-08-15T10:00,31.0,30.7,760.0,758.0,7.62,7.61,0,0
2026-08-15T11:00,31.8,31.9,812.0,810.0,8.35,7.68,0,0
2026-08-15T12:00,33.0,32.9,814.0,812.0,7.83,7.26,0,1
2026-08-15T13:00,33.6,33.5,763.0,761.0,7.59,7.04,0,4
2026-08-15T14:00,33.7,33.6,664.0,663.0,7.36,7.23,0,0
2026-08-15T15:00,33.4,33.4,527.0,526.0,7.73,6.93,0,0
2026-08-15T16:00,32.9,32.8,364.0,363.0,7.62,7.12,0,0
2026-08-15T17:00,31.9,31.8,196.0,194.0,7.36,7.59,0,0
2026-08-15T18:00,30.9,30.6,54.0,51.0,7.32,8.29,0,0
2026-08-15T19:00,29.2,28.5,0.0,0.0,9.56,8.98,0,0
2026-08-15T20:00,27.5,26.8,0.0,0.0,7.45,7.78,0,0
2026-08-15T21:00,26.2,25.4,0.0,0.0,7.06,6.77,0,0
2026-08-15T22:00,25.3,24.4,0.0,0.0,5.88,5.88,0,0
2026-08-15T23:00,24.3,23.5,0.0,0.0,4.51,4.61,0,0
2026-08-16T00:00,23.5,22.6,0.0,0.0,3.34,3.63,0,0
2026-08-16T01:00,22.7,21.9,0.0,0.0,2.56,3.14,0,0
2026-08-16T02:00,21.7,21.2,0.0,0.0,1.18,2.45,0,99
2026-08-16T03:00,20.6,20.6,0.0,0.0,1.01,2.29,0,40
2026-08-16T04:00,19.8,20.1,0.0,0.0,0.4,1.47,0,0
2026-08-16T05:00,19.5,20.0,47.0,49.0,0.44,0.9,0,0
2026-08-16T06:00,20.8,21.4,177.0,178.0,0.39,1.02,0,8
2026-08-16T07:00,22.7,23.8,338.0,339.0,0.57,0.84,15,14
2026-08-16T08:00,25.2,26.5,499.0,492.0,1.19,1.45,10,14
2026-08-16T09:00,28.3,29.2,642.0,603.0,1.73,2.04,0,29
2026-08-16T10:00,31.1,31.8,744.0,720.0,2.61,2.71,10,3
2026-08-16T11:00,33.3,34.0,798.0,795.0,2.81,2.88,50,8
2026-08-16T12:00,34.8,35.4,795.0,791.0,2.81,2.22,77,30
2026-08-16T13:00,35.7,35.8,724.0,616.0,1.98,2.57,96,94
2026-08-16T14:00,35.7,35.8,495.0,437.0,7.59,3.33,100,100
2026-08-16T15:00,32.3,34.9,328.0,298.0,9.81,5.42,100,100
2026-08-16T16:00,31.4,33.7,246.0,157.0,7.53,6.17,100,100
2026-08-16T17:00,30.6,32.6,121.0,100.0,5.61,7.86,100,100
2026-08-16T18:00,30.6,31.5,22.0,31.0,2.69,7.41,100,100
2026-08-16T19:00,29.9,30.1,0.0,0.0,2.58,5.68,100,100
2026-08-16T20:00,29.2,29.1,0.0,0.0,2.11,5.3,100,100
2026-08-16T21:00,28.2,28.6,0.0,0.0,2.43,6.3,100,100
2026-08-16T22:00,27.5,28.1,0.0,0.0,2.87,7.13,100,100
2026-08-16T23:00,25.1,27.5,0.0,0.0,10.45,6.82,100,100
2026-08-17T00:00,24.6,25.8,0.0,0.0,10.65,6.2,100,100
2026-08-17T01:00,23.8,25.1,0.0,0.0,8.99,5.4,100,75
2026-08-17T02:00,22.9,24.4,0.0,0.0,6.88,4.87,100,100
2026-08-17T03:00,22.8,24.1,0.0,0.0,4.8,5.22,100,100
2026-08-17T04:00,21.7,23.4,0.0,0.0,3.33,3.05,100,99
2026-08-17T05:00,20.6,21.8,21.0,20.0,1.1,5.1,100,100
2026-08-17T06:00,21.3,21.5,31.0,66.0,0.22,0.77,100,100
2026-08-17T07:00,21.3,22.2,67.0,157.0,1.41,1.46,100,100
2026-08-17T08:00,21.6,23.1,120.0,185.0,2.05,5.74,100,100
2026-08-17T09:00,23.2,22.9,238.0,191.0,6.59,7.06,100,100
2026-08-17T10:00,22.8,24.0,216.0,332.0,9.53,7.3,100,100
2026-08-17T11:00,22.8,24.2,215.0,346.0,8.13,6.01,100,100
2026-08-17T12:00,26.2,26.2,534.0,539.0,6.28,8.55,92,100
2026-08-17T13:00,25.9,25.8,394.0,456.0,10.0,8.13,92,90
2026-08-17T14:00,25.2,24.9,248.0,383.0,10.7,8.44,100,100
2026-08-17T15:00,24.8,22.6,151.0,190.0,11.96,7.89,100,100
2026-08-17T16:00,23.1,21.8,101.0,97.0,13.47,8.46,100,100
2026-08-17T17:00,22.1,21.0,43.0,47.0,11.78,7.51,100,100
2026-08-17T18:00,21.6,21.3,10.0,18.0,13.81,9.32,100,100
2026-08-17T19:00,20.8,20.5,0.0,0.0,9.26,8.57,100,100
2026-08-17T20:00,20.7,20.2,0.0,0.0,9.67,9.45,100,100
2026-08-17T21:00,20.1,20.0,0.0,0.0,9.14,11.71,100,100
2026-08-17T22:00,19.9,19.1,0.0,0.0,8.51,12.36,6,87
2026-08-17T23:00,19.6,18.6,0.0,0.0,9.98,11.47,15,67
2026-08-18T00:00,19.3,18.5,0.0,0.0,5.63,9.6,26,49
2026-08-18T01:00,18.9,18.3,0.0,0.0,7.19,9.82,44,64
2026-08-18T02:00,18.3,18.1,0.0,0.0,4.97,7.81,44,64
2026-08-18T03:00,17.6,17.8,0.0,0.0,5.92,8.8,100,76
2026-08-18T04:00,17.4,17.2,0.0,0.0,6.39,6.85,91,79
2026-08-18T05:00,17.6,17.4,40.0,38.0,7.5,5.92,67,83
2026-08-18T06:00,18.1,18.5,150.0,167.0,5.25,7.0,66,50
2026-08-18T07:00,19.4,19.5,317.0,299.0,5.73,8.52,0,78
2026-08-18T08:00,20.7,20.6,510.0,399.0,5.55,7.31,0,74
2026-08-18T09:00,21.7,21.5,514.0,420.0,5.96,6.55,91,84
2026-08-18T10:00,22.6,22.8,461.0,534.0,6.32,5.66,97,90
2026-08-18T11:00,22.6,23.7,373.0,538.0,6.36,4.65,99,86
2026-08-18T12:00,22.9,25.0,321.0,582.0,7.63,7.18,96,94
2026-08-18T13:00,22.5,24.5,269.0,349.0,8.19,8.34,99,98
2026-08-18T14:00,22.4,24.5,221.0,282.0,8.75,8.65,100,98
2026-08-18T15:00,20.7,23.4,126.0,192.0,7.86,10.23,100,100
2026-08-18T16:00,20.3,22.3,59.0,87.0,8.06,10.02,100,96
2026-08-18T17:00,20.1,21.7,37.0,99.0,8.05,9.76,100,100
2026-08-18T18:00,19.2,20.5,14.0,12.0,8.92,10.29,100,89
2026-08-18T19:00,19.1,20.0,0.0,0.0,7.15,8.83,100,99
2026-08-18T20:00,19.0,19.8,0.0,0.0,8.13,7.25,95,100
2026-08-18T21:00,19.1,19.8,0.0,0.0,7.45,7.25,68,99
2026-08-18T22:00,19.3,19.9,0.0,0.0,7.86,7.0,98,99
2026-08-18T23:00,19.6,20.1,0.0,0.0,8.33,8.34,100,96
2026-08-19T00:00,19.4,20.1,0.0,0.0,8.54,9.8,100,82
2026-08-19T01:00,19.6,20.1,0.0,0.0,9.61,10.59,100,68
2026-08-19T02:00,19.4,20.0,0.0,0.0,9.61,9.45,100,57
2026-08-19T03:00,19.4,19.9,0.0,0.0,8.44,9.31,100,52
2026-08-19T04:00,19.5,19.8,0.0,0.0,8.74,9.02,76,43
2026-08-19T05:00,19.8,20.1,30.0,40.0,7.36,8.15,94,58
2026-08-19T06:00,21.1,21.2,156.0,159.0,8.77,8.73,43,68
2026-08-19T07:00,22.3,22.7,261.0,301.0,8.34,8.43,94,74
2026-08-19T08:00,23.2,24.2,289.0,400.0,7.45,7.94,77,65
2026-08-19T09:00,24.1,25.5,347.0,532.0,7.25,7.08,67,60
2026-08-19T10:00,25.9,27.0,524.0,586.0,6.14,7.35,82,92
2026-08-19T11:00,26.7,28.1,471.0,588.0,7.47,7.05,88,59
2026-08-19T12:00,28.1,27.4,598.0,511.0,7.87,3.88,57,77
2026-08-19T13:00,28.9,27.9,580.0,451.0,7.61,4.57,46,87
2026-08-19T14:00,29.7,28.4,605.0,409.0,6.9,3.77,17,77
2026-08-19T15:00,29.5,28.8,453.0,354.0,7.18,3.22,59,56
2026-08-19T16:00,29.2,28.9,280.0,281.0,7.19,3.16,65,23
2026-08-19T17:00,28.7,28.5,98.0,160.0,4.56,5.25,80,29
2026-08-19T18:00,28.2,27.7,38.0,33.0,1.12,4.85,0,39
2026-08-19T19:00,27.1,25.9,0.0,0.0,5.04,6.85,0,39
2026-08-19T20:00,25.6,24.8,0.0,0.0,6.48,5.1,0,33
2026-08-19T21:00,24.5,23.9,0.0,0.0,6.1,5.11,0,2
2026-08-19T22:00,23.9,23.4,0.0,0.0,7.21,4.8,0,0
2026-08-19T23:00,23.5,22.9,0.0,0.0,4.85,3.84,0,1
2026-08-20T00:00,22.7,21.4,0.0,0.0,3.88,2.21,0,86
2026-08-20T01:00,22.1,20.9,0.0,0.0,2.24,0.78,53,100
2026-08-20T02:00,22.0,20.6,0.0,0.0,1.69,0.14,100,100
2026-08-20T03:00,21.8,20.3,0.0,0.0,3.57,0.9,84,100
2026-08-20T04:00,21.1,20.0,0.0,0.0,1.73,0.5,86,62
2026-08-20T05:00,21.0,20.2,25.0,26.0,2.36,0.89,76,100
2026-08-20T06:00,22.4,21.9,125.0,121.0,4.44,2.85,57,75
2026-08-20T07:00,23.8,24.7,192.0,250.0,3.29,4.41,64,84
2026-08-20T08:00,26.2,27.6,353.0,447.0,2.19,4.42,100,51
2026-08-20T09:00,28.3,28.4,589.0,557.0,1.96,5.79,100,54
2026-08-20T10:00,30.2,29.8,650.0,618.0,2.04,4.78,100,100
2026-08-20T11:00,32.0,30.9,736.0,622.0,3.01,4.62,100,100
2026-08-20T12:00,32.9,31.1,733.0,661.0,4.21,4.04,96,100
2026-08-20T13:00,33.7,30.5,627.0,495.0,6.1,3.15,87,100
2026-08-20T14:00,33.5,30.2,384.0,321.0,5.43,3.65,100,100
2026-08-20T15:00,33.8,30.6,384.0,240.0,7.01,4.99,100,100
2026-08-20T16:00,32.9,25.4,186.0,97.0,9.11,5.89,100,100
2026-08-20T17:00,27.8,22.7,22.0,28.0,14.55,6.41,100,100
2026-08-20T18:00,23.0,22.7,5.0,14.0,8.92,7.42,100,100
2026-08-20T19:00,22.0,21.5,0.0,0.0,5.0,7.64,100,100
2026-08-20T20:00,22.0,21.1,0.0,0.0,3.34,5.68,100,100
2026-08-20T21:00,21.4,21.3,0.0,0.0,2.26,3.42,100,91
2026-08-20T22:00,21.2,21.5,0.0,0.0,0.84,2.64,100,83
2026-08-20T23:00,21.1,21.5,0.0,0.0,2.12,2.29,100,100
2026-08-21T00:00,21.2,21.0,0.0,0.0,1.81,0.31,100,100
2026-08-21T01:00,21.1,20.8,0.0,0.0,1.08,2.59,100,100
2026-08-21T02:00,20.9,20.7,0.0,0.0,1.98,1.06,100,100
2026-08-21T03:00,20.4,20.5,0.0,0.0,1.27,3.2,100,100
2026-08-21T04:00,20.1,20.0,0.0,0.0,4.02,5.68,100,100
2026-08-21T05:00,20.4,20.1,7.0,4.0,1.21,4.97,100,100
2026-08-21T06:00,21.3,20.7,73.0,66.0,1.25,5.02,98,91
2026-08-21T07:00,21.7,21.9,125.0,187.0,0.79,5.19,100,97
2026-08-21T08:00,22.7,23.1,332.0,361.0,0.5,4.96,100,91
2026-08-21T09:00,24.5,24.2,438.0,497.0,0.84,5.86,100,91
2026-08-21T10:00,25.2,24.9,453.0,538.0,2.59,3.6,100,73
2026-08-21T11:00,25.9,26.0,426.0,652.0,2.55,2.12,100,77
2026-08-21T12:00,27.8,25.5,493.0,327.0,2.98,3.81,69,100
2026-08-21T13:00,28.2,25.5,478.0,266.0,3.96,4.24,98,100
2026-08-21T14:00,27.9,25.5,299.0,232.0,5.83,4.16,100,100
2026-08-21T15:00,29.5,25.6,226.0,160.0,5.96,5.55,100,100
2026-08-21T16:00,29.0,25.5,59.0,84.0,7.48,6.9,100,100
2026-08-21T17:00,24.6,25.3,24.0,34.0,5.04,8.75,100,100
2026-08-21T18:00,25.7,26.1,11.0,10.0,8.56,9.01,100,100
2026-08-21T19:00,24.3,25.6,0.0,0.0,7.46,9.37,100,100
2026-08-21T20:00,21.1,19.4,0.0,0.0,13.52,18.58,100,100
2026-08-21T21:00,19.2,19.3,0.0,0.0,16.97,15.49,81,100
2026-08-21T22:00,19.0,18.9,0.0,0.0,14.3,12.79,89,100
2026-08-21T23:00,18.8,18.1,0.0,0.0,12.15,12.81,100,100
2026-08-22T00:00,18.8,18.2,0.0,0.0,9.97,9.58,100,100
2026-08-22T01:00,18.3,18.1,0.0,0.0,8.99,8.83,100,100
2026-08-22T02:00,17.7,18.1,0.0,0.0,8.94,7.64,91,93
2026-08-22T03:00,17.8,18.1,0.0,0.0,9.39,9.25,78,97
2026-08-22T04:00,17.7,18.0,0.0,0.0,7.49,9.86,69,100
2026-08-22T05:00,17.7,17.8,31.0,18.0,6.41,10.09,72,78
2026-08-22T06:00,18.5,18.1,109.0,124.0,6.64,8.23,71,70
2026-08-22T07:00,19.6,19.0,245.0,196.0,6.25,8.67,63,68
2026-08-22T08:00,21.1,20.3,391.0,331.0,7.3,9.38,54,70
2026-08-22T09:00,22.4,21.2,470.0,462.0,9.07,11.51,94,84
2026-08-22T10:00,23.3,22.7,446.0,575.0,10.67,10.03,79,44
2026-08-22T11:00,24.4,23.9,613.0,698.0,11.05,10.72,85,68
2026-08-22T12:00,25.0,24.8,662.0,592.0,10.73,8.56,58,65
2026-08-22T13:00,25.7,25.5,704.0,681.0,10.93,9.52,0,2
2026-08-22T14:00,26.1,25.5,638.0,619.0,11.76,9.02,0,3
2026-08-22T15:00,25.7,25.5,498.0,482.0,10.74,8.49,0,31
2026-08-22T16:00,25.3,25.0,331.0,322.0,9.82,8.49,0,15
2026-08-22T17:00,24.6,24.1,167.0,158.0,8.69,7.91,0,29
2026-08-22T18:00,23.2,22.8,34.0,31.0,5.84,7.54,0,20
2026-08-22T19:00,21.7,21.4,0.0,0.0,3.95,6.47,0,25
2026-08-22T20:00,20.8,20.2,0.0,0.0,2.29,6.47,0,8
2026-08-22T21:00,19.2,19.2,0.0,0.0,2.54,6.14,0,5
2026-08-22T22:00,18.2,18.4,0.0,0.0,3.78,6.51,15,26
2026-08-22T23:00,17.4,17.6,0.0,0.0,4.4,3.72,29,43
2026-08-23T00:00,16.8,17.2,0.0,0.0,5.45,4.95,24,37
2026-08-23T01:00,16.5,16.7,0.0,0.0,4.71,4.7,0,54
2026-08-23T02:00,16.0,16.3,0.0,0.0,3.85,4.65,8,55
2026-08-23T03:00,15.4,16.0,0.0,0.0,4.22,4.43,28,56
2026-08-23T04:00,15.2,15.8,0.0,0.0,4.85,4.55,36,77
2026-08-23T05:00,15.6,15.9,35.0,32.0,3.83,4.55,49,48
2026-08-23T06:00,16.8,17.0,157.0,132.0,2.33,3.7,48,56
2026-08-23T07:00,18.2,18.3,319.0,274.0,2.36,3.43,36,63
2026-08-23T08:00,19.6,19.4,448.0,395.0,2.63,4.0,44,72
2026-08-23T09:00,20.6,20.4,514.0,499.0,2.21,3.32,41,66
2026-08-23T10:00,21.8,21.8,599.0,617.0,1.57,3.26,80,51
2026-08-23T11:00,23.2,23.0,650.0,703.0,1.67,4.03,68,58
2026-08-23T12:00,24.0,23.8,592.0,675.0,2.37,2.84,84,50
2026-08-23T13:00,24.3,24.3,471.0,615.0,1.73,1.77,83,49
2026-08-23T14:00,24.6,24.6,404.0,512.0,0.92,2.1,79,65
2026-08-23T15:00,25.1,24.6,374.0,391.0,1.27,1.61,70,69
2026-08-23T16:00,25.3,24.5,202.0,244.0,1.4,1.18,86,64
2026-08-23T17:00,24.6,24.1,91.0,117.0,1.89,1.36,88,65
2026-08-23T18:00,23.9,22.6,19.0,28.0,3.05,2.95,77,44
2026-08-23T19:00,23.4,21.3,0.0,0.0,3.56,4.03,90,69
2026-08-23T20:00,22.9,20.3,0.0,0.0,3.02,3.63,91,73
2026-08-23T21:00,21.6,19.5,0.0,0.0,3.81,3.04,94,71
2026-08-23T22:00,19.7,18.7,0.0,0.0,3.69,2.86,100,68
2026-08-23T23:00,18.9,18.3,0.0,0.0,3.05,5.48,100,58
2026-08-24T00:00,18.5,16.8,0.0,0.0,3.11,3.05,67,73
2026-08-24T01:00,18.5,16.2,0.0,0.0,2.95,3.63,79,51
2026-08-24T02:00,18.2,16.0,0.0,0.0,3.8,3.92,58,76
2026-08-24T03:00,17.9,16.3,0.0,0.0,3.27,3.74,57,79
2026-08-24T04:00,17.7,16.3,0.0,0.0,3.06,2.98,77,100
2026-08-24T05:00,17.6,16.6,21.0,16.0,3.06,2.75,91,100
2026-08-24T06:00,17.9,17.5,85.0,55.0,2.65,2.59,71,93
2026-08-24T07:00,18.5,18.1,192.0,113.0,2.36,1.28,98,91
2026-08-24T08:00,19.3,18.9,263.0,191.0,2.54,1.69,97,98
2026-08-24T09:00,20.4,19.3,438.0,181.0,2.45,1.75,81,92
2026-08-24T10:00,21.9,20.2,489.0,281.0,2.69,1.9,86,94
2026-08-24T11:00,23.1,21.1,587.0,357.0,2.92,2.26,81,83
2026-08-24T12:00,24.2,23.8,605.0,568.0,3.12,2.57,67,75
2026-08-24T13:00,24.8,24.4,542.0,519.0,3.35,2.1,92,73
2026-08-24T14:00,25.3,24.8,475.0,478.0,3.49,2.07,54,67
2026-08-24T15:00,25.6,24.9,352.0,390.0,2.9,2.28,100,93
2026-08-24T16:00,25.2,24.5,223.0,240.0,3.19,2.79,100,87
2026-08-24T17:00,24.9,24.0,97.0,101.0,3.45,2.95,100,73
2026-08-24T18:00,24.4,23.4,16.0,16.0,3.9,4.83,87,99
2026-08-24T19:00,23.1,22.0,0.0,0.0,5.66,5.71,59,100
2026-08-24T20:00,21.6,21.4,0.0,0.0,5.26,6.43,40,100
2026-08-24T21:00,20.6,20.7,0.0,0.0,4.04,6.69,96,96
2026-08-24T22:00,19.7,19.8,0.0,0.0,3.99,5.97,2,93
2026-08-24T23:00,19.0,19.2,0.0,0.0,3.51,4.62,100,77
2026-08-25T00:00,18.9,18.7,0.0,0.0,2.99,3.94,100,99
2026-08-25T01:00,18.5,18.2,0.0,0.0,2.98,3.51,100,100
2026-08-25T02:00,18.0,17.6,0.0,0.0,2.68,3.63,93,100
2026-08-25T03:00,17.5,17.1,0.0,0.0,2.28,3.19,100,54
2026-08-25T04:00,17.2,16.6,0.0,0.0,2.66,3.14,58,21
2026-08-25T05:00,17.2,16.3,26.0,32.0,2.29,4.17,79,17
2026-08-25T06:00,17.2,17.3,140.0,152.0,4.21,4.75,6,6
2026-08-25T07:00,19.3,18.9,303.0,312.0,5.3,3.83,50,22
2026-08-25T08:00,21.5,21.3,451.0,470.0,5.87,5.4,100,50
2026-08-25T09:00,24.3,23.1,599.0,591.0,8.47,6.36,100,100
2026-08-25T10:00,25.7,24.8,691.0,656.0,9.02,7.28,100,100
2026-08-25T11:00,26.7,25.9,690.0,624.0,8.75,7.74,100,83
2026-08-25T12:00,26.0,25.9,382.0,411.0,9.28,7.94,100,100
2026-08-25T13:00,22.9,26.0,235.0,319.0,7.25,7.13,100,100
2026-08-25T14:00,22.1,25.8,153.0,374.0,5.28,6.81,100,100
2026-08-25T15:00,22.0,23.8,101.0,249.0,4.34,6.93,100,100
2026-08-25T16:00,21.7,22.1,69.0,147.0,2.48,6.05,100,100
2026-08-25T17:00,21.5,21.2,34.0,68.0,2.11,3.61,100,100
2026-08-25T18:00,19.9,18.8,7.0,8.0,2.54,3.15,100,100
2026-08-25T19:00,19.5,18.5,0.0,0.0,1.93,2.3,97,100
2026-08-25T20:00,19.1,18.2,0.0,0.0,2.15,1.46,94,100
2026-08-25T21:00,18.3,17.8,0.0,0.0,2.08,1.93,98,100
2026-08-25T22:00,18.3,17.6,0.0,0.0,1.75,1.98,100,91
2026-08-25T23:00,18.1,17.4,0.0,0.0,2.02,1.15,100,100
2026-08-26T00:00,19.2,18.3,0.0,0.0,3.74,1.77,98,78
2026-08-26T01:00,19.1,17.9,0.0,0.0,2.72,2.16,91,66
2026-08-26T02:00,19.1,17.3,0.0,0.0,2.29,2.64,97,60
2026-08-26T03:00,18.0,17.0,0.0,0.0,2.84,2.81,93,50
2026-08-26T04:00,17.7,16.8,0.0,0.0,2.91,3.26,82,52
2026-08-26T05:00,17.6,17.0,21.0,25.0,2.77,3.5,83,56
2026-08-26T06:00,18.0,17.0,139.0,134.0,2.5,0.57,68,47
2026-08-26T07:00,19.2,18.9,222.0,291.0,1.73,0.77,84,37
2026-08-26T08:00,20.4,20.7,359.0,454.0,1.77,0.9,0,26
2026-08-26T09:00,21.6,22.6,560.0,592.0,2.76,1.08,39,43
2026-08-26T10:00,23.1,24.3,667.0,673.0,2.75,1.74,35,67
2026-08-26T11:00,24.5,25.6,742.0,705.0,3.26,1.9,18,82
2026-08-26T12:00,25.7,22.8,703.0,273.0,3.42,1.2,39,100
2026-08-26T13:00,26.4,22.4,631.0,204.0,3.46,1.61,15,91
2026-08-26T14:00,26.6,22.6,583.0,223.0,3.23,1.41,53,96
2026-08-26T15:00,26.7,21.9,400.0,147.0,3.78,2.11,52,96
2026-08-26T16:00,26.5,21.6,273.0,127.0,3.64,2.11,29,75
2026-08-26T17:00,25.9,21.4,132.0,94.0,4.03,1.67,38,59
2026-08-26T18:00,25.4,22.4,18.0,18.0,4.92,4.02,17,49
2026-08-26T19:00,23.8,21.1,0.0,0.0,5.48,5.27,8,40
2026-08-26T20:00,22.3,19.7,0.0,0.0,5.04,5.51,0,53
2026-08-26T21:00,21.1,18.7,0.0,0.0,3.8,4.1,100,98
2026-08-26T22:00,20.4,17.9,0.0,0.0,2.94,3.11,86,100
2026-08-26T23:00,19.8,17.4,0.0,0.0,1.63,2.17,100,71
2026-08-27T00:00,19.2,17.7,0.0,0.0,2.42,1.66,100,86
2026-08-27T01:00,18.9,17.2,0.0,0.0,2.86,2.1,90,100
2026-08-27T02:00,18.5,16.9,0.0,0.0,2.59,3.34,100,100
2026-08-27T03:00,18.5,16.7,0.0,0.0,2.56,2.53,100,97
2026-08-27T04:00,18.2,16.5,0.0,0.0,2.78,2.57,12,98
2026-08-27T05:00,18.2,16.4,27.0,21.0,1.88,2.65,0,82
2026-08-27T06:00,18.4,18.0,141.0,126.0,1.25,3.35,0,93
2026-08-27T07:00,19.6,19.4,295.0,255.0,1.18,2.76,1,39
2026-08-27T08:00,21.3,21.4,448.0,442.0,1.97,3.64,100,7
2026-08-27T09:00,23.2,23.5,584.0,586.0,2.61,3.88,1,43
2026-08-27T10:00,25.5,25.6,685.0,675.0,3.4,4.67,0,70
2026-08-27T11:00,26.9,27.2,736.0,707.0,3.44,4.96,15,65
2026-08-27T12:00,28.4,27.9,728.0,644.0,4.5,4.43,52,45
2026-08-27T13:00,29.5,28.9,660.0,668.0,4.22,4.74,100,27
2026-08-27T14:00,29.9,29.6,549.0,566.0,4.02,5.35,0,3
2026-08-27T15:00,30.3,29.8,449.0,446.0,5.02,5.74,0,9
2026-08-27T16:00,30.2,29.6,286.0,288.0,5.45,6.37,67,9
2026-08-27T17:00,29.3,28.8,134.0,130.0,6.09,6.8,0,31
2026-08-27T18:00,27.2,27.8,20.0,19.0,6.49,7.32,37,75
2026-08-27T19:00,25.8,26.2,0.0,0.0,6.33,8.03,100,43
2026-08-27T20:00,24.8,24.7,0.0,0.0,5.87,8.57,100,63
2026-08-27T21:00,24.5,24.0,0.0,0.0,5.06,8.18,26,96
2026-08-27T22:00,23.7,23.3,0.0,0.0,6.0,7.83,100,100
2026-08-27T23:00,23.2,22.8,0.0,0.0,6.25,9.14,48,100
2026-08-28T00:00,22.5,22.5,0.0,0.0,5.98,10.51,100,100
2026-08-28T01:00,21.8,22.1,0.0,0.0,6.59,9.5,100,100
2026-08-28T02:00,21.1,21.5,0.0,0.0,8.13,9.0,60,100
2026-08-28T03:00,20.5,20.8,0.0,0.0,8.71,8.45,100,100
2026-08-28T04:00,20.2,20.2,0.0,0.0,8.86,8.78,100,100
2026-08-28T05:00,20.0,20.0,26.0,26.0,9.3,8.6,100,100
2026-08-28T06:00,20.4,20.6,136.0,134.0,7.83,7.72,0,32
2026-08-28T07:00,21.5,22.3,293.0,294.0,7.78,7.51,24,44
2026-08-28T08:00,23.2,24.4,434.0,448.0,8.87,8.48,77,9
2026-08-28T09:00,25.1,26.6,585.0,583.0,9.43,9.64,82,89
2026-08-28T10:00,26.8,28.6,680.0,663.0,10.01,10.27,2,100
2026-08-28T11:00,28.5,30.5,700.0,720.0,10.43,10.26,100,70
2026-08-28T12:00,30.2,31.6,661.0,728.0,10.13,10.31,100,8
2026-08-28T13:00,31.3,32.3,640.0,675.0,9.49,10.39,100,80
2026-08-28T14:00,31.6,32.8,571.0,575.0,9.05,10.49,16,88
2026-08-28T15:00,31.7,33.1,442.0,438.0,9.76,10.12,91,55
2026-08-28T16:00,31.7,33.0,276.0,270.0,9.33,9.73,27,85
2026-08-28T17:00,31.0,32.4,121.0,121.0,8.27,8.81,100,100
2026-08-28T18:00,30.6,29.9,18.0,16.0,8.54,9.21,47,98
2026-08-28T19:00,28.8,28.3,0.0,0.0,7.67,9.7,100,38
2026-08-28T20:00,28.3,27.2,0.0,0.0,8.8,8.53,100,38
2026-08-28T21:00,24.6,26.2,0.0,0.0,7.55,7.07,64,40
2026-08-28T22:00,23.1,24.3,0.0,0.0,11.57,13.55,100,100
2026-08-28T23:00,22.4,23.1,0.0,0.0,12.84,12.46,100,100
2026-08-29T00:00,22.6,22.9,0.0,0.0,14.15,5.33,100,93
2026-08-29T01:00,21.6,22.4,0.0,0.0,11.03,5.73,100,80
2026-08-29T02:00,20.6,22.3,0.0,0.0,9.37,14.74,100,100
2026-08-29T03:00,20.6,21.8,0.0,0.0,8.88,19.69,100,100
2026-08-29T04:00,20.4,20.9,0.0,0.0,8.68,15.13,100,100
2026-08-29T05:00,20.1,19.7,13.0,6.0,7.62,14.5,100,100
2026-08-29T06:00,20.3,20.4,143.0,98.0,3.37,8.4,34,54
2026-08-29T07:00,21.4,22.0,243.0,286.0,3.71,7.19,99,27
2026-08-29T08:00,22.9,23.7,347.0,463.0,3.29,7.67,64,29
2026-08-29T09:00,23.9,25.1,410.0,572.0,3.55,7.25,87,50
2026-08-29T10:00,24.9,26.3,493.0,635.0,3.68,6.23,74,59
2026-08-29T11:00,25.9,27.2,535.0,618.0,4.24,7.19,85,61
2026-08-29T12:00,27.0,26.7,569.0,472.0,4.27,5.23,91,84
2026-08-29T13:00,27.5,26.9,528.0,414.0,5.7,5.52,78,75
2026-08-29T14:00,27.4,27.5,480.0,463.0,6.12,5.85,71,47
2026-08-29T15:00,27.3,27.2,273.0,391.0,6.69,5.98,84,54
2026-08-29T16:00,27.3,26.8,154.0,249.0,5.85,5.65,84,47
2026-08-29T17:00,26.5,25.9,68.0,113.0,5.72,5.19,100,32
2026-08-29T18:00,25.7,25.0,8.0,13.0,5.71,5.33,97,74
2026-08-29T19:00,24.8,24.0,0.0,0.0,5.83,4.63,75,100
2026-08-29T20:00,24.1,23.3,0.0,0.0,5.93,3.94,97,100
2026-08-29T21:00,23.6,22.6,0.0,0.0,5.94,4.19,100,100
2026-08-29T22:00,23.3,21.9,0.0,0.0,5.27,3.29,100,100
2026-08-29T23:00,23.0,21.5,0.0,0.0,4.66,2.61,100,100
2026-08-30T00:00,22.7,20.5,0.0,0.0,4.11,2.47,100,77
2026-08-30T01:00,22.3,19.6,0.0,0.0,3.41,1.55,82,68
2026-08-30T02:00,21.8,18.8,0.0,0.0,2.92,1.4,99,80
2026-08-30T03:00,21.1,18.6,0.0,0.0,2.29,1.24,93,82
2026-08-30T04:00,20.7,18.7,0.0,0.0,1.92,1.24,93,84
2026-08-30T05:00,20.6,18.9,17.0,12.0,0.98,0.98,75,71
2026-08-30T06:00,20.5,21.2,63.0,56.0,1.58,2.45,100,82
2026-08-30T07:00,21.5,22.1,136.0,105.0,1.84,3.84,88,92
2026-08-30T08:00,23.0,23.4,281.0,179.0,1.36,3.14,59,89
2026-08-30T09:00,25.3,23.9,466.0,240.0,1.18,3.88,91,89
2026-08-30T10:00,26.9,25.4,559.0,363.0,4.21,3.81,64,57
2026-08-30T11:00,27.4,27.5,584.0,611.0,4.4,4.21,90,50
2026-08-30T12:00,29.4,29.0,735.0,616.0,4.55,3.34,0,51
2026-08-30T13:00,29.8,29.6,676.0,519.0,3.9,2.92,9,55
2026-08-30T14:00,30.1,30.1,575.0,504.0,3.2,2.76,9,49
2026-08-30T15:00,30.4,30.0,445.0,405.0,0.79,2.45,0,12
2026-08-30T16:00,30.4,29.8,284.0,278.0,0.5,1.4,0,94
2026-08-30T17:00,29.0,29.1,125.0,115.0,3.8,0.2,5,100
2026-08-30T18:00,28.2,27.8,15.0,13.0,3.86,1.73,100,100
2026-08-30T19:00,27.1,26.7,0.0,0.0,3.35,1.9,79,100
2026-08-30T20:00,26.0,25.7,0.0,0.0,2.95,1.77,100,100
2026-08-30T21:00,24.5,24.5,0.0,0.0,3.26,1.98,31,99
2026-08-30T22:00,23.7,23.6,0.0,0.0,3.24,0.98,47,82
2026-08-30T23:00,22.7,22.8,0.0,0.0,1.74,1.68,6,67
2026-08-31T00:00,22.2,21.2,0.0,0.0,1.27,0.63,5,52
2026-08-31T01:00,21.9,20.8,0.0,0.0,1.96,1.18,19,42
2026-08-31T02:00,21.1,20.3,0.0,0.0,3.04,1.39,50,29
2026-08-31T03:00,21.1,19.9,0.0,0.0,2.65,1.97,48,56
2026-08-31T04:00,20.8,19.6,0.0,0.0,2.26,1.77,81,77
2026-08-31T05:00,20.8,19.7,20.0,11.0,0.62,2.73,51,100
2026-08-31T06:00,20.4,20.3,127.0,132.0,1.33,0.39,63,32
2026-08-31T07:00,21.8,22.1,235.0,269.0,0.28,0.92,67,58
2026-08-31T08:00,23.7,24.3,412.0,327.0,1.08,10.45,8,84
2026-08-31T09:00,26.2,21.4,549.0,181.0,0.22,6.77,62,100
2026-08-31T10:00,23.9,21.9,339.0,144.0,9.11,7.67,100,100
2026-08-31T11:00,22.5,22.7,128.0,192.0,12.66,10.76,100,100
2026-08-31T12:00,24.7,23.0,239.0,182.0,10.29,6.94,91,96
2026-08-31T13:00,24.9,23.4,291.0,226.0,9.41,6.99,96,90
2026-08-31T14:00,24.6,24.6,141.0,290.0,5.09,6.42,100,79
2026-08-31T15:00,25.5,25.1,235.0,230.0,4.22,6.49,67,94
2026-08-31T16:00,26.2,25.0,189.0,131.0,4.63,6.23,100,100
2026-08-31T17:00,26.0,24.7,71.0,70.0,4.83,6.0,100,100
2026-08-31T18:00,24.5,24.2,8.0,6.0,5.9,7.65,100,100
2026-08-31T19:00,23.9,23.6,0.0,0.0,7.35,7.04,100,100
2026-08-31T20:00,21.8,23.2,0.0,0.0,11.72,6.51,100,100
2026-08-31T21:00,21.1,22.7,0.0,0.0,9.15,6.24,100,100
2026-08-31T22:00,20.2,22.3,0.0,0.0,5.8,5.86,100,94
2026-08-31T23:00,20.7,21.9,0.0,0.0,8.96,4.02,83,72
2026-09-01T00:00,20.4,21.6,0.0,0.0,10.44,6.96,45,79
2026-09-01T01:00,19.7,21.2,0.0,0.0,7.94,7.22,7,50
2026-09-01T02:00,19.2,20.0,0.0,0.0,8.27,7.33,0,39
2026-09-01T03:00,18.9,19.5,0.0,0.0,8.29,6.46,0,4
2026-09-01T04:00,18.5,18.9,0.0,0.0,8.1,6.84,1,0
2026-09-01T05:00,18.2,18.7,21.0,23.0,7.26,6.97,0,0
2026-09-01T06:00,18.9,19.8,135.0,138.0,7.21,7.05,54,0
2026-09-01T07:00,20.2,21.1,284.0,293.0,7.4,5.83,86,13
2026-09-01T08:00,21.6,22.4,437.0,451.0,6.86,5.59,0,26
2026-09-01T09:00,23.5,23.6,571.0,554.0,7.53,6.84,88,49
2026-09-01T10:00,24.4,24.5,501.0,559.0,6.97,8.2,77,56
2026-09-01T11:00,25.5,25.2,538.0,574.0,7.37,8.94,55,67
2026-09-01T12:00,26.3,26.0,599.0,527.0,7.38,8.37,6,59
2026-09-01T13:00,26.7,26.7,533.0,564.0,8.03,7.57,48,62
2026-09-01T14:00,27.1,26.7,476.0,442.0,8.72,7.1,39,63
2026-09-01T15:00,26.9,26.7,437.0,357.0,5.84,6.62,0,38
2026-09-01T16:00,26.6,26.1,278.0,248.0,5.17,5.72,0,34
2026-09-01T17:00,25.9,25.3,117.0,111.0,5.35,4.33,0,36
2026-09-01T18:00,25.1,24.4,11.0,11.0,4.17,3.34,24,61
2026-09-01T19:00,24.1,23.1,0.0,0.0,2.98,3.38,73,69
2026-09-01T20:00,23.0,22.0,0.0,0.0,2.11,3.47,77,70
2026-09-01T21:00,21.7,21.2,0.0,0.0,2.19,3.82,54,66
2026-09-01T22:00,20.9,20.5,0.0,0.0,1.49,4.34,80,77
2026-09-01T23:00,19.6,20.2,0.0,0.0,1.73,4.32,66,71
2026-09-02T00:00,19.5,18.1,0.0,0.0,2.07,0.62,27,72
2026-09-02T01:00,18.9,17.9,0.0,0.0,1.88,0.35,48,75
2026-09-02T02:00,18.2,17.7,0.0,0.0,1.27,0.83,100,76
2026-09-02T03:00,18.0,17.5,0.0,0.0,0.53,1.06,100,66
2026-09-02T04:00,17.5,17.2,0.0,0.0,0.28,1.18,100,64
2026-09-02T05:00,17.3,17.1,17.0,18.0,0.63,1.27,100,59
2026-09-02T06:00,17.9,18.5,106.0,101.0,1.14,1.67,100,65
2026-09-02T07:00,19.9,20.9,265.0,234.0,0.44,1.18,35,58
2026-09-02T08:00,21.5,22.5,382.0,376.0,0.98,0.55,55,56
2026-09-02T09:00,23.5,23.8,570.0,496.0,1.4,0.88,16,54
2026-09-02T10:00,25.5,24.8,673.0,571.0,1.18,0.57,39,56
2026-09-02T11:00,26.9,25.7,713.0,621.0,0.71,1.41,97,100
2026-09-02T12:00,27.3,27.0,647.0,505.0,1.69,1.06,100,74
2026-09-02T13:00,27.8,27.6,495.0,498.0,2.26,0.6,100,100
2026-09-02T14:00,27.8,27.8,377.0,348.0,2.43,0.96,100,100
2026-09-02T15:00,27.5,27.4,230.0,238.0,3.81,1.18,100,100
2026-09-02T16:00,27.3,26.5,170.0,138.0,2.52,0.71,100,87
2026-09-02T17:00,26.7,25.7,77.0,53.0,3.68,0.31,100,99
2026-09-02T18:00,25.8,24.8,8.0,8.0,4.38,5.01,100,90
2026-09-02T19:00,24.9,23.7,0.0,0.0,4.5,5.79,64,100
2026-09-02T20:00,23.6,22.8,0.0,0.0,5.83,6.43,4,100
2026-09-02T21:00,22.3,22.7,0.0,0.0,7.17,6.34,83,100
2026-09-02T22:00,21.9,22.0,0.0,0.0,8.84,5.33,100,93
2026-09-02T23:00,21.7,21.6,0.0,0.0,8.26,5.87,84,98
2026-09-03T00:00,21.1,20.7,0.0,0.0,8.01,5.27,100,100
2026-09-03T01:00,20.9,20.1,0.0,0.0,6.68,4.73,84,100
2026-09-03T02:00,20.7,20.2,0.0,0.0,6.94,8.24,93,100
2026-09-03T03:00,20.5,19.6,0.0,0.0,8.32,8.13,100,100
2026-09-03T04:00,20.2,19.5,0.0,0.0,7.47,8.22,89,100
2026-09-03T05:00,19.9,19.4,14.0,8.0,7.51,8.92,85,100
2026-09-03T06:00,20.9,19.4,69.0,97.0,8.86,5.05,83,60
2026-09-03T07:00,21.4,20.7,136.0,260.0,8.91,5.92,100,51
2026-09-03T08:00,21.9,21.8,180.0,401.0,7.91,6.03,73,46
2026-09-03T09:00,24.0,22.9,432.0,517.0,4.82,5.97,91,54
2026-09-03T10:00,24.9,23.9,439.0,608.0,7.02,6.17,99,66
2026-09-03T11:00,25.1,24.1,279.0,452.0,8.0,7.31,88,77
2026-09-03T12:00,26.7,24.3,333.0,317.0,8.23,6.46,93,78
2026-09-03T13:00,26.2,24.8,326.0,333.0,10.15,6.76,100,92
2026-09-03T14:00,26.0,25.7,238.0,349.0,9.12,7.51,100,67
2026-09-03T15:00,26.8,25.8,314.0,357.0,8.86,6.99,94,72
2026-09-03T16:00,26.4,25.4,188.0,215.0,6.84,6.86,100,98
2026-09-03T17:00,25.8,24.7,89.0,84.0,5.9,6.7,99,97
2026-09-03T18:00,24.4,22.5,8.0,5.0,6.17,9.75,71,100
2026-09-03T19:00,23.2,21.7,0.0,0.0,8.68,8.38,100,100
2026-09-03T20:00,22.3,21.4,0.0,0.0,8.18,6.73,97,100
2026-09-03T21:00,21.3,21.1,0.0,0.0,5.92,5.53,79,77
2026-09-03T22:00,21.1,20.8,0.0,0.0,7.9,5.3,68,59
2026-09-03T23:00,21.0,20.4,0.0,0.0,9.67,6.37,87,68
2026-09-04T00:00,20.2,21.3,0.0,0.0,9.46,6.81,65,97
2026-09-04T01:00,20.2,21.2,0.0,0.0,8.48,6.99,47,100
2026-09-04T02:00,20.4,21.2,0.0,0.0,8.99,7.44,92,88
2026-09-04T03:00,20.2,20.8,0.0,0.0,7.87,7.15,90,98
2026-09-04T04:00,20.4,20.7,0.0,0.0,7.61,7.57,92,96
2026-09-04T05:00,20.5,20.9,8.0,14.0,7.83,7.66,87,84
2026-09-04T06:00,21.3,20.9,47.0,53.0,7.94,8.82,99,99
2026-09-04T07:00,22.6,21.9,198.0,119.0,7.73,8.03,88,98
2026-09-04T08:00,24.0,23.1,252.0,191.0,8.77,9.12,76,87
2026-09-04T09:00,25.9,23.7,455.0,242.0,9.25,9.34,100,100
2026-09-04T10:00,27.3,24.9,521.0,363.0,9.2,10.39,100,100
2026-09-04T11:00,28.3,26.1,592.0,451.0,7.64,11.46,100,74
2026-09-04T12:00,29.4,28.3,712.0,482.0,7.18,10.42,1,100
2026-09-04T13:00,30.1,29.3,649.0,523.0,7.78,9.6,0,100
2026-09-04T14:00,30.3,30.2,555.0,538.0,8.15,9.31,0,100
2026-09-04T15:00,30.5,30.1,417.0,404.0,7.25,8.23,0,100
2026-09-04T16:00,30.4,29.6,256.0,260.0,5.4,7.94,0,59
2026-09-04T17:00,30.0,28.9,100.0,104.0,5.38,7.35,28,0
2026-09-04T18:00,28.5,28.2,7.0,8.0,4.06,5.55,0,0
2026-09-04T19:00,27.2,26.1,0.0,0.0,3.74,4.29,0,0
2026-09-04T20:00,25.7,24.6,0.0,0.0,3.76,3.59,0,0
2026-09-04T21:00,24.6,23.3,0.0,0.0,4.03,3.34,0,13
2026-09-04T22:00,23.7,22.5,0.0,0.0,3.68,4.08,0,40
2026-09-04T23:00,23.1,22.5,0.0,0.0,5.22,5.61,0,12
2026-09-05T00:00,24.7,22.9,0.0,0.0,10.72,7.47,0,0
2026-09-05T01:00,24.9,24.1,0.0,0.0,10.84,9.51,0,6
2026-09-05T02:00,24.2,24.6,0.0,0.0,10.12,10.1,23,22
2026-09-05T03:00,23.7,24.3,0.0,0.0,9.72,8.88,0,14
2026-09-05T04:00,22.8,23.8,0.0,0.0,9.03,9.03,100,36
2026-09-05T05:00,22.5,23.5,15.0,15.0,8.89,9.47,100,100
2026-09-05T06:00,21.7,21.1,52.0,68.0,8.79,9.19,100,100
2026-09-05T07:00,21.4,19.6,95.0,55.0,7.64,5.73,100,100
2026-09-05T08:00,20.4,19.6,73.0,60.0,6.05,4.49,100,100
2026-09-05T09:00,20.8,19.8,117.0,94.0,2.95,3.29,98,100
2026-09-05T10:00,22.4,20.2,150.0,156.0,8.03,3.35,100,100
2026-09-05T11:00,22.6,21.7,203.0,276.0,10.29,11.71,100,100
2026-09-05T12:00,22.4,23.6,375.0,357.0,11.13,11.27,100,82
2026-09-05T13:00,23.6,24.6,443.0,569.0,10.78,12.17,100,100
2026-09-05T14:00,24.6,25.9,501.0,517.0,10.42,10.91,17,100
2026-09-05T15:00,24.8,26.0,413.0,375.0,11.37,10.08,5,90
2026-09-05T16:00,24.2,25.4,251.0,218.0,11.1,9.52,4,80
2026-09-05T17:00,23.8,24.5,96.0,89.0,10.48,8.06,0,63
2026-09-05T18:00,23.8,23.5,6.0,5.0,8.79,6.01,0,71
2026-09-05T19:00,22.7,22.4,0.0,0.0,8.33,5.43,29,69
2026-09-05T20:00,22.0,21.2,0.0,0.0,7.97,5.3,69,55
2026-09-05T21:00,20.7,20.3,0.0,0.0,6.98,6.63,46,47
2026-09-05T22:00,20.1,19.4,0.0,0.0,6.45,7.36,60,33
2026-09-05T23:00,19.6,18.7,0.0,0.0,7.58,7.83,49,0
2026-09-06T00:00,18.7,18.9,0.0,0.0,7.7,8.13,9,3
2026-09-06T01:00,18.0,18.2,0.0,0.0,7.86,7.01,9,14
2026-09-06T02:00,17.3,17.6,0.0,0.0,6.74,6.28,8,16
2026-09-06T03:00,16.7,17.1,0.0,0.0,6.5,5.97,92,14
2026-09-06T04:00,16.3,16.6,0.0,0.0,7.23,6.09,51,3
2026-09-06T05:00,16.0,16.4,16.0,17.0,7.5,6.24,1,12
2026-09-06T06:00,16.7,17.4,122.0,136.0,5.75,5.27,41,0
2026-09-06T07:00,17.9,18.9,279.0,302.0,6.03,5.43,8,0
2026-09-06T08:00,19.1,20.2,439.0,466.0,6.46,5.83,61,0
2026-09-06T09:00,20.5,21.6,578.0,602.0,6.34,5.2,0,0
2026-09-06T10:00,21.7,22.9,676.0,699.0,5.82,5.23,0,34
2026-09-06T11:00,22.7,23.9,726.0,743.0,5.06,4.78,8,19
2026-09-06T12:00,23.6,24.7,719.0,725.0,4.7,3.67,15,37
2026-09-06T13:00,24.3,25.3,655.0,643.0,4.56,3.19,5,35
2026-09-06T14:00,24.5,25.7,550.0,545.0,4.23,3.26,21,29
2026-09-06T15:00,24.3,25.6,414.0,419.0,4.34,3.26,0,29
2026-09-06T16:00,23.7,25.1,251.0,256.0,4.51,2.95,0,12
2026-09-06T17:00,22.7,24.3,94.0,99.0,4.38,3.25,0,26
2026-09-06T18:00,21.4,22.5,6.0,5.0,5.23,5.01,0,13
2026-09-06T19:00,19.9,20.9,0.0,0.0,3.95,5.43,0,10
2026-09-06T20:00,19.0,19.5,0.0,0.0,1.79,4.34,0,18
2026-09-06T21:00,18.4,18.4,0.0,0.0,1.12,4.43,0,0
2026-09-06T22:00,17.7,17.3,0.0,0.0,1.71,5.22,38,0
2026-09-06T23:00,16.9,16.5,0.0,0.0,1.77,4.61,100,35
2026-09-07T00:00,16.5,16.1,0.0,0.0,2.67,2.84,100,63
2026-09-07T01:00,15.8,15.1,0.0,0.0,2.55,2.59,71,0
2026-09-07T02:00,15.2,14.6,0.0,0.0,2.56,2.7,68,0
2026-09-07T03:00,14.5,14.1,0.0,0.0,2.59,3.4,0,0
2026-09-07T04:00,13.9,13.7,0.0,0.0,2.5,4.3,0,0
2026-09-07T05:00,13.2,13.7,12.0,14.0,2.64,4.17,0,34
2026-09-07T06:00,13.4,14.2,108.0,117.0,2.97,4.08,0,2
2026-09-07T07:00,15.0,16.1,253.0,271.0,2.21,3.18,22,0
2026-09-07T08:00,17.9,18.7,396.0,430.0,3.53,3.18,69,0
2026-09-07T09:00,20.0,21.1,506.0,566.0,3.74,3.98,68,77
2026-09-07T10:00,22.4,23.0,601.0,650.0,3.35,4.04,74,100
2026-09-07T11:00,24.1,24.6,603.0,684.0,2.94,4.12,50,100
2026-09-07T12:00,25.9,25.7,616.0,637.0,2.71,4.44,68,100
2026-09-07T13:00,26.9,26.4,505.0,538.0,2.07,4.03,82,86
2026-09-07T14:00,27.2,27.0,368.0,509.0,2.5,3.89,100,83
2026-09-07T15:00,27.4,27.3,347.0,403.0,1.88,3.81,100,39
2026-09-07T16:00,27.3,27.0,202.0,245.0,1.71,3.61,100,27
2026-09-07T17:00,26.9,26.3,74.0,90.0,1.93,3.46,45,65
2026-09-07T18:00,25.5,25.3,5.0,3.0,1.88,2.28,0,100
2026-09-07T19:00,24.3,24.6,0.0,0.0,1.52,1.06,46,100
2026-09-07T20:00,23.2,23.5,0.0,0.0,0.49,1.63,0,100
2026-09-07T21:00,21.9,22.5,0.0,0.0,0.71,0.69,89,88
2026-09-07T22:00,21.3,21.6,0.0,0.0,1.5,1.23,100,96
2026-09-07T23:00,20.7,20.9,0.0,0.0,1.18,1.69,99,67
2026-09-08T00:00,21.0,19.0,0.0,0.0,1.32,1.58,100,58
2026-09-08T01:00,20.7,18.3,0.0,0.0,2.36,1.36,100,17
2026-09-08T02:00,20.8,17.7,0.0,0.0,5.02,0.79,96,81
2026-09-08T03:00,18.9,17.2,0.0,0.0,0.22,1.1,90,85
2026-09-08T04:00,19.0,16.9,0.0,0.0,0.59,1.28,61,66
2026-09-08T05:00,18.9,16.8,10.0,12.0,0.71,1.29,82,58
2026-09-08T06:00,19.3,18.4,107.0,114.0,2.65,2.65,0,7
2026-09-08T07:00,21.0,20.8,256.0,263.0,2.06,3.06,0,2
2026-09-08T08:00,23.1,23.3,411.0,421.0,2.29,2.32,0,7
2026-09-08T09:00,25.5,26.0,546.0,561.0,2.47,3.33,0,7
2026-09-08T10:00,28.0,28.6,645.0,661.0,3.21,4.0,0,0
2026-09-08T11:00,29.8,30.9,697.0,713.0,4.29,4.82,0,0
2026-09-08T12:00,31.9,32.1,693.0,695.0,2.75,3.32,0,8
2026-09-08T13:00,32.7,33.0,628.0,624.0,2.94,2.83,63,3
2026-09-08T14:00,32.8,33.3,466.0,534.0,3.81,3.44,64,0
2026-09-08T15:00,32.6,33.2,395.0,408.0,5.19,3.65,0,6
2026-09-08T16:00,31.9,32.7,235.0,244.0,6.59,6.34,0,16
2026-09-08T17:00,31.0,31.4,83.0,88.0,6.84,6.88,0,0
2026-09-08T18:00,29.1,28.6,3.0,4.0,7.19,9.88,0,1
2026-09-08T19:00,27.3,27.4,0.0,0.0,9.66,9.7,6,0
2026-09-08T20:00,26.2,26.3,0.0,0.0,8.9,8.93,37,0
2026-09-08T21:00,24.9,25.0,0.0,0.0,7.09,8.01,57,0
2026-09-08T22:00,24.1,23.7,0.0,0.0,7.11,6.77,0,0
2026-09-08T23:00,23.6,22.6,0.0,0.0,7.66,6.67,0,0
2026-09-09T00:00,22.6,22.2,0.0,0.0,5.78,6.38,4,0
2026-09-09T01:00,22.4,21.6,0.0,0.0,7.27,5.2,23,0
2026-09-09T02:00,21.5,21.1,0.0,0.0,2.38,3.88,29,14
2026-09-09T03:00,19.3,20.2,0.0,0.0,1.75,4.12,49,1
2026-09-09T04:00,19.3,19.7,0.0,0.0,2.85,3.6,87,14
2026-09-09T05:00,18.9,19.2,10.0,12.0,2.35,3.24,77,0
2026-09-09T06:00,19.2,20.1,98.0,112.0,0.98,1.77,34,0
2026-09-09T07:00,21.8,22.6,249.0,264.0,2.43,1.45,5,0
2026-09-09T08:00,24.8,25.2,411.0,418.0,1.06,0.9,0,0
2026-09-09T09:00,27.3,28.0,542.0,554.0,1.02,2.02,0,0
2026-09-09T10:00,29.0,29.6,650.0,652.0,2.39,5.05,0,8
2026-09-09T11:00,30.3,29.9,691.0,678.0,2.75,4.65,60,42
2026-09-09T12:00,29.4,30.0,626.0,559.0,2.36,4.29,69,69
2026-09-09T13:00,29.6,29.3,530.0,505.0,2.69,3.55,77,64
2026-09-09T14:00,29.6,28.6,251.0,404.0,1.77,3.47,98,100
2026-09-09T15:00,30.2,27.9,259.0,229.0,3.37,4.39,100,100
2026-09-09T16:00,21.4,25.6,49.0,51.0,15.1,8.19,100,100
2026-09-09T17:00,20.2,22.2,14.0,19.0,12.19,10.78,100,100
2026-09-09T18:00,19.7,22.1,0.0,1.0,8.46,13.28,100,100
2026-09-09T19:00,19.7,19.0,0.0,0.0,9.54,13.19,100,100
2026-09-09T20:00,17.9,18.6,0.0,0.0,10.09,12.2,100,91
2026-09-09T21:00,17.8,19.1,0.0,0.0,11.41,9.22,100,98
2026-09-09T22:00,17.1,19.1,0.0,0.0,10.78,11.06,100,99
2026-09-09T23:00,16.0,19.1,0.0,0.0,11.05,11.15,100,91
2026-09-10T00:00,16.8,18.2,0.0,0.0,11.28,9.92,100,91
2026-09-10T01:00,16.7,17.7,0.0,0.0,10.57,9.95,100,98
2026-09-10T02:00,16.4,17.2,0.0,0.0,10.16,10.52,100,100
2026-09-10T03:00,16.2,16.7,0.0,0.0,9.32,9.02,96,100
2026-09-10T04:00,16.0,16.6,0.0,0.0,8.58,7.55,99,100
2026-09-10T05:00,15.9,16.4,7.0,7.0,8.4,6.99,66,100
2026-09-10T06:00,15.7,16.8,97.0,71.0,7.39,5.68,100,86
2026-09-10T07:00,16.6,17.6,141.0,178.0,6.84,6.18,100,100
2026-09-10T08:00,17.4,18.1,178.0,254.0,6.55,6.32,100,100
2026-09-10T09:00,18.4,18.8,312.0,332.0,5.77,5.48,100,100
2026-09-10T10:00,19.2,19.3,331.0,351.0,4.92,5.13,100,100
2026-09-10T11:00,19.8,19.6,402.0,335.0,4.04,3.95,100,100
2026-09-10T12:00,18.9,21.4,296.0,494.0,2.98,4.04,100,100
2026-09-10T13:00,19.8,21.9,344.0,469.0,1.36,3.61,100,100
2026-09-10T14:00,20.4,22.2,342.0,425.0,1.4,2.81,100,90
2026-09-10T15:00,21.0,22.2,200.0,315.0,2.59,2.46,100,97
2026-09-10T16:00,20.7,21.7,115.0,150.0,2.11,2.59,100,100
2026-09-10T17:00,20.5,21.1,42.0,52.0,1.59,2.48,100,94
2026-09-10T18:00,19.3,20.9,1.0,2.0,1.5,2.39,100,100
2026-09-10T19:00,18.8,19.8,0.0,0.0,1.23,4.03,98,100
2026-09-10T20:00,18.6,19.1,0.0,0.0,1.47,3.16,100,100
2026-09-10T21:00,18.5,18.4,0.0,0.0,0.66,1.15,100,100
2026-09-10T22:00,17.3,17.8,0.0,0.0,0.89,1.62,100,99
2026-09-10T23:00,16.5,17.4,0.0,0.0,1.82,2.0,100,93
2026-09-11T00:00,16.2,17.0,0.0,0.0,1.77,2.43,100,90
2026-09-11T01:00,15.8,16.7,0.0,0.0,2.2,4.43,100,98
2026-09-11T02:00,15.5,16.4,0.0,0.0,3.02,3.75,100,100
2026-09-11T03:00,15.8,16.0,0.0,0.0,3.47,3.37,100,100
2026-09-11T04:00,15.3,15.4,0.0,0.0,3.78,2.21,100,100
2026-09-11T05:00,14.9,15.2,1.0,4.0,4.65,1.53,100,100
2026-09-11T06:00,14.6,14.4,15.0,25.0,4.93,1.71,100,100
2026-09-11T07:00,14.6,14.5,35.0,50.0,5.69,0.93,100,100
2026-09-11T08:00,15.1,14.8,92.0,89.0,5.43,1.28,100,100
2026-09-11T09:00,15.5,15.0,120.0,98.0,6.61,1.67,92,100
2026-09-11T10:00,16.4,15.5,252.0,155.0,6.48,2.26,97,100
2026-09-11T11:00,17.7,16.1,368.0,203.0,6.88,3.42,90,100
2026-09-11T12:00,17.7,15.4,299.0,137.0,6.76,5.38,100,100
2026-09-11T13:00,17.6,15.9,201.0,152.0,6.35,5.19,100,100
2026-09-11T14:00,18.1,16.5,262.0,205.0,5.86,5.63,92,93
2026-09-11T15:00,18.2,16.7,178.0,159.0,5.77,6.18,99,98
2026-09-11T16:00,17.9,16.5,113.0,90.0,5.02,6.04,99,97
2026-09-11T17:00,17.4,16.2,55.0,30.0,3.64,6.64,0,100
2026-09-11T18:00,16.5,15.9,1.0,1.0,2.64,7.54,99,85
2026-09-11T19:00,15.9,15.5,0.0,0.0,1.2,7.0,100,90
2026-09-11T20:00,15.2,15.5,0.0,0.0,1.69,7.73,100,79
2026-09-11T21:00,14.8,15.1,0.0,0.0,6.07,8.28,81,4
2026-09-11T22:00,14.6,14.8,0.0,0.0,6.49,8.28,100,31
2026-09-11T23:00,14.5,14.6,0.0,0.0,6.57,7.99,0,22
2026-09-12T00:00,14.2,13.2,0.0,0.0,5.45,4.27,8,45
2026-09-12T01:00,14.0,13.2,0.0,0.0,6.79,4.77,3,100
2026-09-12T02:00,13.9,13.1,0.0,0.0,7.96,4.06,0,100
2026-09-12T03:00,12.9,12.5,0.0,0.0,2.59,2.91,0,75
2026-09-12T04:00,10.9,12.1,0.0,0.0,1.82,2.64,28,62
2026-09-12T05:00,10.8,12.0,8.0,7.0,2.18,3.13,47,54
2026-09-12T06:00,12.9,14.4,87.0,79.0,4.04,4.86,39,79
2026-09-12T07:00,14.8,16.3,203.0,197.0,3.77,4.13,85,73
2026-09-12T08:00,16.2,18.0,357.0,335.0,2.02,3.97,30,68
2026-09-12T09:00,17.9,19.5,524.0,479.0,1.08,4.3,9,68
2026-09-12T10:00,20.3,20.5,639.0,549.0,2.07,3.64,3,60
2026-09-12T11:00,21.9,21.6,669.0,587.0,3.94,3.28,90,50
2026-09-12T12:00,22.1,22.3,653.0,553.0,3.95,5.01,22,98
2026-09-12T13:00,22.1,22.0,480.0,309.0,3.43,5.56,33,92
2026-09-12T14:00,22.4,22.5,448.0,295.0,3.15,5.57,0,100
2026-09-12T15:00,22.6,22.2,312.0,253.0,2.74,5.71,69,73
2026-09-12T16:00,22.5,21.7,167.0,146.0,2.26,6.07,56,64
2026-09-12T17:00,22.0,20.9,57.0,57.0,1.43,4.09,64,24
2026-09-12T18:00,19.9,20.6,1.0,1.0,2.79,4.5,63,76
2026-09-12T19:00,18.9,19.4,0.0,0.0,2.64,5.3,65,51
2026-09-12T20:00,18.2,18.8,0.0,0.0,2.08,4.03,97,87
2026-09-12T21:00,18.1,18.2,0.0,0.0,1.86,3.44,74,82
2026-09-12T22:00,17.6,17.6,0.0,0.0,2.64,3.24,75,96
2026-09-12T23:00,17.0,17.0,0.0,0.0,1.88,2.86,70,67
2026-09-13T00:00,16.9,16.5,0.0,0.0,1.18,2.23,67,100
2026-09-13T01:00,16.6,16.4,0.0,0.0,1.23,2.77,52,83
2026-09-13T02:00,15.7,16.3,0.0,0.0,3.04,3.13,71,76
2026-09-13T03:00,15.7,16.3,0.0,0.0,1.81,3.17,51,73
2026-09-13T04:00,15.4,16.3,0.0,0.0,3.54,3.61,18,92
2026-09-13T05:00,15.3,16.2,7.0,5.0,3.07,2.97,100,95
2026-09-13T06:00,16.0,16.0,72.0,61.0,2.26,3.08,100,98
2026-09-13T07:00,16.8,17.6,165.0,147.0,1.08,3.84,98,98
2026-09-13T08:00,18.2,19.5,234.0,206.0,0.96,3.92,98,100
2026-09-13T09:00,20.1,21.5,319.0,343.0,2.51,3.23,91,94
2026-09-13T10:00,20.4,22.8,249.0,421.0,4.11,4.53,100,98
2026-09-13T11:00,20.9,22.7,316.0,339.0,3.94,6.14,99,94
2026-09-13T12:00,20.8,23.3,180.0,363.0,2.92,4.66,100,96
2026-09-13T13:00,21.4,23.0,290.0,245.0,3.45,4.04,99,77
2026-09-13T14:00,21.7,22.9,215.0,210.0,5.2,3.61,100,90
2026-09-13T15:00,20.2,22.9,62.0,219.0,6.37,2.37,100,100
2026-09-13T16:00,19.1,22.7,37.0,58.0,7.97,1.62,100,100
2026-09-13T17:00,18.1,22.1,13.0,15.0,8.46,3.76,100,100
2026-09-13T18:00,18.1,20.5,0.0,0.0,8.54,2.29,100,100
2026-09-13T19:00,17.7,20.1,0.0,0.0,7.94,2.39,100,100
2026-09-13T20:00,17.8,19.4,0.0,0.0,8.54,8.37,99,99
2026-09-13T21:00,17.5,18.1,0.0,0.0,8.88,8.61,100,99
2026-09-13T22:00,17.6,17.6,0.0,0.0,9.12,7.68,100,100
2026-09-13T23:00,16.9,17.2,0.0,0.0,8.9,8.13,100,100
2026-09-14T00:00,16.6,16.7,0.0,0.0,7.09,7.49,100,100
2026-09-14T01:00,16.4,16.9,0.0,0.0,6.37,8.0,100,100
2026-09-14T02:00,16.4,16.8,0.0,0.0,6.51,7.41,100,100
2026-09-14T03:00,16.5,16.9,0.0,0.0,7.25,6.91,100,100
2026-09-14T04:00,16.4,17.0,0.0,0.0,6.42,6.67,100,98
2026-09-14T05:00,16.4,17.0,1.0,4.0,6.15,6.54,100,94
2026-09-14T06:00,16.6,16.7,9.0,25.0,5.7,6.79,100,99
2026-09-14T07:00,16.7,17.0,26.0,49.0,5.93,7.14,100,97
2026-09-14T08:00,17.0,17.1,46.0,101.0,5.6,8.08,100,100
2026-09-14T09:00,17.1,17.5,45.0,118.0,6.75,8.08,100,100
2026-09-14T10:00,17.5,18.0,64.0,195.0,6.37,7.76,99,98
2026-09-14T11:00,18.2,18.6,102.0,252.0,6.14,7.34,98,91
2026-09-14T12:00,19.1,21.0,148.0,470.0,7.43,6.72,94,85
2026-09-14T13:00,19.2,20.2,119.0,332.0,7.27,6.77,100,96
2026-09-14T14:00,19.5,20.1,117.0,203.0,6.22,6.55,100,79
2026-09-14T15:00,19.5,20.3,73.0,247.0,6.21,7.38,100,62
2026-09-14T16:00,18.7,20.3,25.0,162.0,5.04,6.3,100,97
2026-09-14T17:00,18.9,19.8,9.0,48.0,5.21,5.66,92,58
2026-09-14T18:00,17.9,18.7,0.0,0.0,6.25,6.09,100,24
2026-09-14T19:00,17.8,17.9,0.0,0.0,6.55,6.93,88,13
2026-09-14T20:00,17.6,17.6,0.0,0.0,6.2,6.69,60,3
2026-09-14T21:00,17.0,17.2,0.0,0.0,5.55,5.66,51,0
2026-09-14T22:00,16.7,16.7,0.0,0.0,4.37,5.27,15,25
2026-09-14T23:00,16.3,16.2,0.0,0.0,3.53,4.92,0,11
2026-09-15T00:00,15.9,16.4,0.0,0.0,3.19,5.22,18,2
2026-09-15T01:00,15.3,15.8,0.0,0.0,2.94,4.52,13,10
2026-09-15T02:00,15.0,15.4,0.0,0.0,3.16,4.24,2,27
2026-09-15T03:00,14.4,15.0,0.0,0.0,1.36,3.81,58,23
2026-09-15T04:00,14.2,14.5,0.0,0.0,1.12,3.4,62,43
2026-09-15T05:00,14.1,14.1,5.0,7.0,1.18,2.43,44,81
2026-09-15T06:00,14.3,14.8,92.0,91.0,1.11,3.21,0,4
2026-09-15T07:00,16.1,16.7,239.0,239.0,0.49,2.37,0,3
2026-09-15T08:00,17.8,18.2,394.0,395.0,0.49,1.31,4,0
2026-09-15T09:00,19.3,19.6,524.0,530.0,0.92,1.24,0,16
2026-09-15T10:00,20.7,20.8,626.0,617.0,1.39,1.23,0,41
2026-09-15T11:00,21.7,21.8,656.0,655.0,1.67,1.18,35,37
2026-09-15T12:00,22.7,22.7,655.0,640.0,1.4,0.89,40,51
2026-09-15T13:00,23.4,23.0,571.0,552.0,1.47,0.96,34,45
2026-09-15T14:00,23.3,23.0,462.0,464.0,2.35,1.9,7,36
2026-09-15T15:00,23.3,22.8,348.0,333.0,2.18,2.23,0,32
2026-09-15T16:00,22.7,22.5,192.0,187.0,3.29,2.83,0,14
2026-09-15T17:00,21.8,21.4,53.0,54.0,3.67,4.65,0,0
2026-09-15T18:00,20.5,19.9,0.0,0.0,4.74,5.39,0,1
2026-09-15T19:00,19.7,18.6,0.0,0.0,4.05,4.65,0,1
2026-09-15T20:00,18.9,17.7,0.0,0.0,3.75,4.38,0,2
2026-09-15T21:00,17.8,16.9,0.0,0.0,2.98,4.3,0,6
2026-09-15T22:00,17.1,16.3,0.0,0.0,2.98,3.73,0,12
2026-09-15T23:00,16.4,15.7,0.0,0.0,2.64,3.26,0,0
2026-09-16T00:00,15.7,15.4,0.0,0.0,2.02,3.04,0,58
2026-09-16T01:00,15.0,15.0,0.0,0.0,1.36,2.7,0,100
2026-09-16T02:00,14.3,14.8,0.0,0.0,1.18,1.95,1,93
2026-09-16T03:00,13.7,14.3,0.0,0.0,0.9,1.84,0,76
2026-09-16T04:00,13.5,13.8,0.0,0.0,0.63,1.36,0,82
2026-09-16T05:00,13.3,13.5,5.0,5.0,0.29,1.28,76,79
2026-09-16T06:00,13.8,13.8,82.0,79.0,0.35,1.15,92,39
2026-09-16T07:00,14.9,15.4,221.0,215.0,0.97,1.43,41,67
2026-09-16T08:00,16.7,17.3,330.0,353.0,0.83,1.04,82,75
2026-09-16T09:00,18.8,19.5,456.0,487.0,1.47,1.9,45,48
2026-09-16T10:00,20.8,21.5,551.0,594.0,1.98,2.34,78,10
2026-09-16T11:00,22.8,23.1,583.0,639.0,2.67,3.1,59,83
2026-09-16T12:00,25.0,25.0,600.0,573.0,3.21,3.4,79,90
2026-09-16T13:00,26.7,26.5,513.0,549.0,3.43,3.8,75,40
2026-09-16T14:00,27.3,27.1,402.0,458.0,3.81,4.69,75,61
2026-09-16T15:00,27.7,26.9,321.0,325.0,5.44,5.62,43,39
2026-09-16T16:00,26.9,26.0,162.0,177.0,6.48,6.63,62,43
2026-09-16T17:00,25.5,24.6,44.0,46.0,7.63,6.91,27,86
2026-09-16T18:00,23.8,23.9,0.0,0.0,8.04,3.47,72,100
2026-09-16T19:00,22.6,22.9,0.0,0.0,7.79,8.45,53,100
2026-09-16T20:00,21.8,21.1,0.0,0.0,6.79,9.53,91,100
2026-09-16T21:00,21.4,20.2,0.0,0.0,7.76,8.54,89,100
2026-09-16T22:00,20.1,19.9,0.0,0.0,9.76,6.17,94,100
2026-09-16T23:00,19.3,19.4,0.0,0.0,7.34,6.77,100,100
2026-09-17T00:00,19.0,18.9,0.0,0.0,9.52,3.83,88,100
2026-09-17T01:00,18.6,18.6,0.0,0.0,8.98,7.28,91,100
2026-09-17T02:00,18.2,17.7,0.0,0.0,8.37,11.9,98,100
2026-09-17T03:00,17.5,17.3,0.0,0.0,8.64,11.23,100,100
2026-09-17T04:00,16.9,16.2,0.0,0.0,8.15,9.61,100,100
2026-09-17T05:00,16.7,16.1,1.0,2.0,7.48,10.51,100,100
2026-09-17T06:00,16.6,15.5,20.0,22.0,9.48,10.91,100,95
2026-09-17T07:00,16.6,15.6,63.0,58.0,8.92,10.11,100,97
2026-09-17T08:00,16.9,15.7,101.0,110.0,7.85,9.82,100,100
2026-09-17T09:00,18.6,15.8,269.0,138.0,7.82,8.12,100,100
2026-09-17T10:00,19.1,16.0,261.0,145.0,5.64,7.23,76,100
2026-09-17T11:00,20.7,16.5,456.0,209.0,5.1,6.32,80,99
2026-09-17T12:00,20.4,20.3,373.0,578.0,3.83,4.44,91,37
2026-09-17T13:00,20.9,21.1,261.0,537.0,4.0,4.9,92,63
2026-09-17T14:00,21.3,21.3,211.0,366.0,2.94,5.57,98,80
2026-09-17T15:00,20.8,21.2,170.0,274.0,3.84,5.0,87,70
2026-09-17T16:00,20.6,20.5,99.0,152.0,3.25,5.27,81,92
2026-09-17T17:00,20.3,19.4,32.0,43.0,1.08,5.49,63,100
2026-09-17T18:00,19.4,17.9,0.0,0.0,3.33,4.02,48,57
2026-09-17T19:00,18.4,16.6,0.0,0.0,2.86,3.88,40,65
2026-09-17T20:00,17.6,15.3,0.0,0.0,2.24,3.33,58,38
2026-09-17T21:00,16.5,14.3,0.0,0.0,1.4,2.84,58,45
2026-09-17T22:00,15.8,13.5,0.0,0.0,1.02,2.11,52,95
2026-09-17T23:00,15.4,13.0,0.0,0.0,1.23,1.53,100,96
2026-09-18T00:00,15.6,14.5,0.0,0.0,1.27,2.02,84,85
2026-09-18T01:00,15.2,14.0,0.0,0.0,0.71,0.84,81,66
2026-09-18T02:00,15.2,13.7,0.0,0.0,1.06,0.31,82,87
2026-09-18T03:00,14.3,13.5,0.0,0.0,1.31,0.49,79,100
2026-09-18T04:00,13.9,13.3,0.0,0.0,0.77,1.01,93,100
2026-09-18T05:00,13.4,13.0,4.0,4.0,1.5,1.33,100,100
2026-09-18T06:00,13.7,13.4,75.0,72.0,0.4,0.22,100,48
2026-09-18T07:00,15.1,14.8,205.0,183.0,0.57,0.57,13,74
2026-09-18T08:00,17.1,16.3,384.0,263.0,0.44,0.77,13,93
2026-09-18T09:00,18.4,17.6,471.0,296.0,0.69,1.39,80,100
2026-09-18T10:00,20.1,18.9,578.0,319.0,1.06,2.39,69,100
2026-09-18T11:00,21.6,19.1,660.0,270.0,0.6,3.81,34,100
2026-09-18T12:00,23.0,22.3,623.0,439.0,3.29,0.63,100,89
2026-09-18T13:00,23.5,22.9,569.0,400.0,2.77,1.18,83,88
2026-09-18T14:00,23.7,23.0,469.0,315.0,2.9,1.08,61,96
2026-09-18T15:00,23.6,22.9,287.0,214.0,3.88,0.66,100,100
2026-09-18T16:00,22.9,22.5,126.0,133.0,4.61,0.35,100,100
2026-09-18T17:00,21.8,21.8,31.0,27.0,5.31,2.69,100,99
2026-09-18T18:00,20.2,19.6,0.0,0.0,6.82,5.79,91,66
2026-09-18T19:00,19.3,18.8,0.0,0.0,7.69,7.29,99,68
2026-09-18T20:00,18.9,18.2,0.0,0.0,8.99,6.63,80,3
2026-09-18T21:00,18.8,17.4,0.0,0.0,7.93,6.2,51,34
2026-09-18T22:00,18.1,16.5,0.0,0.0,6.51,4.85,70,41
2026-09-18T23:00,17.8,15.8,0.0,0.0,5.24,4.44,48,30
2026-09-19T00:00,17.5,14.9,0.0,0.0,4.59,3.91,87,33
2026-09-19T01:00,17.6,14.0,0.0,0.0,4.17,3.81,78,49
2026-09-19T02:00,17.2,13.7,0.0,0.0,2.37,3.37,66,45
2026-09-19T03:00,15.7,13.3,0.0,0.0,2.94,2.53,10,49
2026-09-19T04:00,15.6,12.5,0.0,0.0,3.07,1.67,38,44
2026-09-19T05:00,15.4,12.1,3.0,4.0,2.92,1.94,61,62
2026-09-19T06:00,17.0,15.0,77.0,59.0,2.46,1.18,31,64
2026-09-19T07:00,17.9,17.0,226.0,177.0,2.2,0.35,27,73
2026-09-19T08:00,19.6,18.8,377.0,300.0,1.52,0.62,3,52
2026-09-19T09:00,21.5,20.4,516.0,407.0,1.4,1.2,0,100
2026-09-19T10:00,22.9,21.9,602.0,471.0,1.53,1.24,0,100
2026-09-19T11:00,24.1,23.0,630.0,509.0,0.59,1.28,0,95
2026-09-19T12:00,24.5,24.1,605.0,499.0,0.35,2.67,58,74
2026-09-19T13:00,24.7,24.4,462.0,485.0,1.74,1.88,98,56
2026-09-19T14:00,24.7,24.6,286.0,418.0,1.88,1.5,52,41
2026-09-19T15:00,25.0,24.5,309.0,315.0,1.87,1.27,34,52
2026-09-19T16:00,24.6,24.0,161.0,154.0,1.82,1.19,35,57
2026-09-19T17:00,23.4,23.2,38.0,36.0,4.6,0.98,30,100
2026-09-19T18:00,22.2,21.2,0.0,0.0,3.66,3.95,0,61
2026-09-19T19:00,21.2,19.8,0.0,0.0,3.63,4.0,18,100
2026-09-19T20:00,20.3,18.8,0.0,0.0,2.61,3.5,99,42
2026-09-19T21:00,19.2,17.2,0.0,0.0,2.28,2.69,100,7
2026-09-19T22:00,18.4,15.5,0.0,0.0,2.64,1.71,100,100
2026-09-19T23:00,18.1,14.4,0.0,0.0,2.9,1.63,100,48
2026-09-20T00:00,18.8,14.4,0.0,0.0,4.66,2.18,99,33
2026-09-20T01:00,18.3,13.9,0.0,0.0,5.09,2.41,100,14
2026-09-20T02:00,18.1,14.0,0.0,0.0,5.47,3.51,5,3
2026-09-20T03:00,17.6,13.9,0.0,0.0,5.64,3.37,51,0
2026-09-20T04:00,17.2,13.4,0.0,0.0,6.08,3.25,66,1
2026-09-20T05:00,17.1,13.0,3.0,4.0,6.25,3.17,84,8
2026-09-20T06:00,17.1,13.6,77.0,82.0,5.4,2.5,0,18
2026-09-20T07:00,18.9,17.4,219.0,230.0,4.35,2.97,31,8
2026-09-20T08:00,21.1,21.2,371.0,381.0,4.45,2.84,33,3
2026-09-20T09:00,23.0,23.3,496.0,491.0,5.1,4.72,7,100
2026-09-20T10:00,24.2,24.4,580.0,567.0,6.66,6.11,97,49
2026-09-20T11:00,25.1,25.5,618.0,648.0,7.94,6.18,100,50
2026-09-20T12:00,25.6,25.8,534.0,569.0,7.84,7.54,100,100
2026-09-20T13:00,25.5,25.5,428.0,410.0,9.21,8.97,100,100
2026-09-20T14:00,25.3,25.0,313.0,300.0,9.61,7.94,100,100
2026-09-20T15:00,24.9,24.9,268.0,307.0,10.0,8.26,37,100
2026-09-20T16:00,24.2,24.1,159.0,160.0,9.9,9.32,100,70
2026-09-20T17:00,23.2,22.9,31.0,35.0,9.42,9.73,100,100
2026-09-20T18:00,22.7,22.3,0.0,0.0,9.59,8.82,100,100
2026-09-20T19:00,22.0,21.7,0.0,0.0,7.18,9.16,100,100
2026-09-20T20:00,21.4,21.0,0.0,0.0,7.32,6.69,100,100
2026-09-20T21:00,18.9,20.3,0.0,0.0,11.02,9.33,100,100
2026-09-20T22:00,17.8,19.5,0.0,0.0,8.85,8.46,100,100
2026-09-20T23:00,17.6,18.5,0.0,0.0,8.44,7.39,100,100
2026-09-21T00:00,17.6,17.8,0.0,0.0,8.55,9.43,100,99
2026-09-21T01:00,17.4,17.4,0.0,0.0,7.04,9.26,97,91
2026-09-21T02:00,16.8,16.4,0.0,0.0,9.37,8.21,86,72
2026-09-21T03:00,16.6,15.3,0.0,0.0,9.66,8.79,72,22
2026-09-21T04:00,15.0,14.1,0.0,0.0,6.7,8.11,33,30
2026-09-21T05:00,14.5,13.5,3.0,3.0,9.44,8.52,0,97
2026-09-21T06:00,13.9,14.0,80.0,90.0,7.65,9.64,0,0
2026-09-21T07:00,14.3,14.7,232.0,252.0,7.65,10.96,8,0
2026-09-21T08:00,15.2,15.8,386.0,414.0,9.52,11.59,18,100
2026-09-21T09:00,16.8,16.7,521.0,517.0,10.41,11.67,0,100
2026-09-21T10:00,18.2,17.6,610.0,568.0,12.6,11.96,58,100
2026-09-21T11:00,18.7,18.7,584.0,660.0,12.21,13.04,58,8
2026-09-21T12:00,19.2,19.3,536.0,669.0,11.63,11.96,61,0
2026-09-21T13:00,19.6,19.5,465.0,608.0,12.26,12.64,93,9
2026-09-21T14:00,19.4,19.3,350.0,480.0,11.82,13.36,55,82
2026-09-21T15:00,19.0,18.5,216.0,272.0,10.89,12.98,78,100
2026-09-21T16:00,18.4,17.6,143.0,106.0,10.46,13.31,45,100
2026-09-21T17:00,17.7,16.6,20.0,21.0,10.31,11.74,77,100
2026-09-21T18:00,16.7,16.4,0.0,0.0,9.23,12.26,100,55
2026-09-21T19:00,15.8,15.6,0.0,0.0,8.81,10.6,55,76
2026-09-21T20:00,15.4,15.1,0.0,0.0,9.18,11.57,74,64
2026-09-21T21:00,15.4,14.9,0.0,0.0,10.35,11.18,96,88
2026-09-21T22:00,14.9,14.7,0.0,0.0,10.37,12.23,66,93
2026-09-21T23:00,14.2,13.8,0.0,0.0,11.11,10.6,100,98
2026-09-22T00:00,13.9,13.8,0.0,0.0,9.49,11.86,99,58
2026-09-22T01:00,13.4,13.6,0.0,0.0,10.27,11.33,89,60
2026-09-22T02:00,13.2,13.4,0.0,0.0,8.74,10.93,86,53
2026-09-22T03:00,12.8,13.2,0.0,0.0,10.35,10.21,91,56
2026-09-22T04:00,12.4,12.9,0.0,0.0,9.82,10.15,31,69
2026-09-22T05:00,11.9,12.6,2.0,2.0,10.11,10.26,28,71
2026-09-22T06:00,12.0,12.1,72.0,87.0,10.18,10.97,80,6
2026-09-22T07:00,12.7,13.2,117.0,243.0,10.6,11.3,42,0
2026-09-22T08:00,14.1,14.4,347.0,399.0,10.21,11.78,26,37
2026-09-22T09:00,14.9,15.3,445.0,440.0,10.52,11.94,95,69
2026-09-22T10:00,16.1,16.2,346.0,505.0,10.38,11.06,58,56
2026-09-22T11:00,17.2,17.1,451.0,522.0,10.43,10.49,89,68
2026-09-22T12:00,17.4,17.5,383.0,456.0,9.6,10.37,100,81
2026-09-22T13:00,17.6,18.0,335.0,423.0,10.04,10.67,100,60
2026-09-22T14:00,17.6,18.1,223.0,335.0,9.7,10.43,100,74
2026-09-22T15:00,17.3,17.8,186.0,280.0,8.27,10.52,98,60
2026-09-22T16:00,16.7,17.1,102.0,154.0,8.61,9.46,62,28
2026-09-22T17:00,16.2,16.2,23.0,33.0,7.05,8.64,93,36
2026-09-22T18:00,14.3,15.1,0.0,0.0,8.46,9.22,43,34
2026-09-22T19:00,13.5,14.5,0.0,0.0,9.16,9.11,15,42
2026-09-22T20:00,13.0,13.8,0.0,0.0,9.75,9.02,0,35
2026-09-22T21:00,12.6,13.3,0.0,0.0,8.43,9.32,0,45
2026-09-22T22:00,12.1,12.9,0.0,0.0,8.33,9.66,46,35
2026-09-22T23:00,11.7,12.5,0.0,0.0,9.29,10.14,4,15
2026-09-23T00:00,11.9,12.0,0.0,0.0,8.68,10.42,46,0
2026-09-23T01:00,11.8,11.9,0.0,0.0,9.07,9.8,78,3
2026-09-23T02:00,11.5,11.7,0.0,0.0,9.04,9.14,74,22
2026-09-23T03:00,11.0,11.6,0.0,0.0,8.11,8.87,37,31
2026-09-23T04:00,10.8,11.5,0.0,0.0,7.93,8.52,34,44
2026-09-23T05:00,10.8,11.4,2.0,2.0,7.58,8.03,54,53
2026-09-23T06:00,11.5,12.0,60.0,77.0,6.72,7.34,70,28
2026-09-23T07:00,12.8,13.3,191.0,226.0,5.96,6.52,71,39
2026-09-23T08:00,14.2,14.7,341.0,378.0,5.06,6.23,65,31
2026-09-23T09:00,15.4,16.0,489.0,497.0,4.39,5.75,39,58
2026-09-23T10:00,16.5,16.9,484.0,494.0,5.08,5.61,86,54
2026-09-23T11:00,17.3,17.5,453.0,464.0,4.78,6.1,97,81
2026-09-23T12:00,17.7,17.7,416.0,401.0,4.17,4.85,63,69
2026-09-23T13:00,17.9,18.2,257.0,396.0,4.32,5.22,96,89
2026-09-23T14:00,18.1,18.1,287.0,281.0,3.11,5.28,52,88
2026-09-23T15:00,18.2,18.0,247.0,240.0,3.21,4.51,91,77
2026-09-23T16:00,18.0,17.7,110.0,113.0,3.38,4.37,93,78
2026-09-23T17:00,17.3,16.6,18.0,24.0,3.8,4.44,86,44
2026-09-23T18:00,16.4,15.9,0.0,0.0,4.22,3.87,33,58
2026-09-23T19:00,15.2,14.8,0.0,0.0,1.96,2.48,2,31
2026-09-23T20:00,14.0,13.3,0.0,0.0,1.58,1.32,0,18
2026-09-23T21:00,13.1,11.9,0.0,0.0,1.67,1.18,53,46
2026-09-23T22:00,12.4,11.0,0.0,0.0,1.89,0.89,45,41
2026-09-23T23:00,11.9,10.4,0.0,0.0,1.47,1.46,93,37
2026-09-24T00:00,12.7,10.2,0.0,0.0,3.87,1.29,100,32
2026-09-24T01:00,13.3,9.9,0.0,0.0,5.06,1.77,100,71
2026-09-24T02:00,13.3,9.8,0.0,0.0,4.71,2.25,100,100
2026-09-24T03:00,13.0,9.8,0.0,0.0,7.05,2.27,85,100
2026-09-24T04:00,12.9,9.8,0.0,0.0,7.35,2.85,60,94
2026-09-24T05:00,12.5,9.8,1.0,1.0,6.27,2.97,0,100
2026-09-24T06:00,13.0,11.3,33.0,55.0,5.21,2.94,85,100
2026-09-24T07:00,14.3,13.3,139.0,96.0,5.86,6.2,100,100
2026-09-24T08:00,16.1,15.0,131.0,178.0,7.46,7.01,100,97
2026-09-24T09:00,16.9,15.1,114.0,182.0,8.83,7.8,100,100
2026-09-24T10:00,16.6,15.4,109.0,292.0,10.1,7.61,100,100
2026-09-24T11:00,16.4,17.1,181.0,460.0,8.45,8.52,99,100
2026-09-24T12:00,16.1,16.8,132.0,459.0,7.96,9.47,100,72
2026-09-24T13:00,15.0,16.8,115.0,433.0,5.51,8.81,93,89
2026-09-24T14:00,15.8,16.0,168.0,259.0,4.88,8.82,100,100
2026-09-24T15:00,15.8,16.2,163.0,215.0,5.15,9.29,25,86
2026-09-24T16:00,15.0,15.9,74.0,132.0,5.64,9.63,30,59
2026-09-24T17:00,14.9,14.8,23.0,24.0,7.67,10.53,66,5
2026-09-24T18:00,14.2,13.8,0.0,0.0,7.53,9.22,75,26
2026-09-24T19:00,13.1,13.1,0.0,0.0,8.24,9.22,32,1
2026-09-24T20:00,12.3,12.6,0.0,0.0,7.68,10.5,43,0
2026-09-24T21:00,11.7,12.3,0.0,0.0,9.13,10.27,73,0
2026-09-24T22:00,10.9,12.1,0.0,0.0,8.5,10.19,24,41
2026-09-24T23:00,10.7,11.9,0.0,0.0,8.7,9.49,0,22
2026-09-25T00:00,10.5,11.7,0.0,0.0,10.44,8.76,0,98
2026-09-25T01:00,10.4,12.0,0.0,0.0,9.35,6.09,0,92
2026-09-25T02:00,10.4,11.7,0.0,0.0,7.45,6.22,0,74
2026-09-25T03:00,10.2,11.6,0.0,0.0,8.13,6.39,0,72
2026-09-25T04:00,10.1,11.3,0.0,0.0,9.17,5.98,0,41
2026-09-25T05:00,9.9,11.0,1.0,1.0,8.21,6.1,9,40
2026-09-25T06:00,10.5,11.6,66.0,51.0,7.24,6.61,29,85
2026-09-25T07:00,11.8,12.7,198.0,161.0,6.3,5.47,19,74
2026-09-25T08:00,13.4,13.9,355.0,307.0,4.84,6.89,39,71
2026-09-25T09:00,14.8,14.4,492.0,282.0,5.86,7.2,23,85
2026-09-25T10:00,15.8,15.6,520.0,425.0,5.65,5.66,26,76
2026-09-25T11:00,16.3,16.6,413.0,465.0,5.55,5.31,42,67
2026-09-25T12:00,16.7,17.8,436.0,483.0,4.39,5.49,64,61
2026-09-25T13:00,17.0,18.4,354.0,474.0,4.17,5.04,59,65
2026-09-25T14:00,17.3,18.4,323.0,375.0,3.11,4.12,96,63
2026-09-25T15:00,17.5,18.1,162.0,252.0,2.45,3.16,86,72
2026-09-25T16:00,17.1,17.7,105.0,131.0,2.54,2.81,82,96
2026-09-25T17:00,16.7,17.1,17.0,19.0,1.46,1.52,87,100
2026-09-25T18:00,15.8,16.2,0.0,0.0,0.55,1.27,73,100
2026-09-25T19:00,14.6,15.2,0.0,0.0,1.93,0.22,77,99
2026-09-25T20:00,14.2,14.2,0.0,0.0,1.58,0.1,39,62
2026-09-25T21:00,13.6,13.4,0.0,0.0,4.12,0.59,43,86
2026-09-25T22:00,12.9,12.8,0.0,0.0,3.76,0.97,31,87
2026-09-25T23:00,12.3,12.2,0.0,0.0,3.35,1.1,52,60
2026-09-26T00:00,11.6,12.5,0.0,0.0,2.36,2.37,93,85
2026-09-26T01:00,11.2,12.2,0.0,0.0,1.28,2.31,0,81
2026-09-26T02:00,10.6,11.9,0.0,0.0,0.4,2.08,0,88
2026-09-26T03:00,10.0,11.2,0.0,0.0,0.44,1.77,0,44
2026-09-26T04:00,9.6,10.6,0.0,0.0,0.81,1.47,0,50
2026-09-26T05:00,9.3,9.9,1.0,1.0,1.18,0.92,0,40
2026-09-26T06:00,9.8,9.2,61.0,65.0,0.39,1.77,6,7
2026-09-26T07:00,11.6,11.6,199.0,209.0,0.79,2.55,0,0
2026-09-26T08:00,13.6,14.4,349.0,365.0,0.9,2.75,0,0
2026-09-26T09:00,15.5,16.7,479.0,481.0,1.45,1.62,0,35
2026-09-26T10:00,17.2,18.4,571.0,541.0,1.96,2.15,0,53
2026-09-26T11:00,18.7,19.8,605.0,586.0,2.11,2.92,48,50
2026-09-26T12:00,19.9,20.3,598.0,587.0,2.42,3.51,28,39
2026-09-26T13:00,20.6,21.1,524.0,511.0,2.57,3.18,100,41
2026-09-26T14:00,20.8,21.5,428.0,409.0,2.7,3.0,5,39
2026-09-26T15:00,20.8,21.3,292.0,273.0,2.98,3.26,0,48
2026-09-26T16:00,20.3,20.6,137.0,129.0,3.76,4.27,0,33
2026-09-26T17:00,19.2,19.1,20.0,19.0,3.68,4.88,0,53
2026-09-26T18:00,17.7,17.1,0.0,0.0,2.94,4.94,0,0
2026-09-26T19:00,16.0,15.8,0.0,0.0,2.45,3.83,0,7
2026-09-26T20:00,14.9,14.9,0.0,0.0,1.61,2.77,0,69
2026-09-26T21:00,13.6,14.1,0.0,0.0,1.62,1.8,24,100
2026-09-26T22:00,13.0,13.1,0.0,0.0,1.28,1.15,13,100
2026-09-26T23:00,12.4,12.6,0.0,0.0,1.4,1.39,100,100
2026-09-27T00:00,11.7,12.0,0.0,0.0,1.19,1.02,0,13
2026-09-27T01:00,11.2,11.5,0.0,0.0,1.19,0.98,0,8
2026-09-27T02:00,10.6,11.0,0.0,0.0,1.95,1.21,0,0
2026-09-27T03:00,10.0,10.7,0.0,0.0,1.86,1.31,0,7
2026-09-27T04:00,9.7,10.3,0.0,0.0,2.23,1.52,0,2
2026-09-27T05:00,9.3,10.0,1.0,1.0,2.61,1.86,0,3
2026-09-27T06:00,9.4,10.0,56.0,55.0,2.64,2.94,10,0
2026-09-27T07:00,10.4,11.4,187.0,180.0,2.72,2.91,15,0
2026-09-27T08:00,12.2,13.2,333.0,324.0,1.93,1.53,60,25
2026-09-27T09:00,15.5,15.4,449.0,456.0,3.02,2.91,75,30
2026-09-27T10:00,18.4,18.1,527.0,553.0,6.39,4.46,100,67
2026-09-27T11:00,19.6,19.9,561.0,596.0,6.74,5.83,100,83
2026-09-27T12:00,20.5,21.1,536.0,590.0,7.22,7.41,96,40
2026-09-27T13:00,21.1,21.5,516.0,529.0,7.36,7.48,100,34
2026-09-27T14:00,21.2,21.5,409.0,412.0,7.43,7.69,61,97
2026-09-27T15:00,21.1,21.1,222.0,261.0,7.39,7.83,100,67
2026-09-27T16:00,20.5,20.4,115.0,121.0,7.02,7.65,87,92
2026-09-27T17:00,19.1,18.8,17.0,17.0,7.58,8.51,34,53
2026-09-27T18:00,17.8,17.1,0.0,0.0,8.54,8.46,8,55
2026-09-27T19:00,16.9,16.1,0.0,0.0,8.73,8.32,11,36
2026-09-27T20:00,16.3,15.3,0.0,0.0,8.34,7.69,25,25
2026-09-27T21:00,15.7,14.6,0.0,0.0,5.47,7.34,0,14
2026-09-27T22:00,15.1,13.9,0.0,0.0,5.11,7.07,0,3
2026-09-27T23:00,14.5,13.5,0.0,0.0,5.06,7.07,0,3
2026-09-28T00:00,13.8,13.1,0.0,0.0,4.61,7.16,0,0
2026-09-28T01:00,13.6,12.8,0.0,0.0,5.38,6.87,0,0
2026-09-28T02:00,13.1,12.3,0.0,0.0,4.16,6.46,0,0
2026-09-28T03:00,12.6,11.9,0.0,0.0,3.78,5.89,0,0
2026-09-28T04:00,11.7,11.5,0.0,0.0,3.26,5.91,0,0
2026-09-28T05:00,11.1,11.2,0.0,0.0,3.4,6.11,0,0
2026-09-28T06:00,11.2,11.2,56.0,53.0,3.34,5.34,0,0
2026-09-28T07:00,12.8,12.8,190.0,178.0,2.7,5.06,0,0
2026-09-28T08:00,15.6,15.4,339.0,324.0,2.98,2.92,0,0
2026-09-28T09:00,18.6,18.0,475.0,460.0,5.16,4.4,0,0
2026-09-28T10:00,20.8,20.1,570.0,561.0,7.36,6.27,0,0
2026-09-28T11:00,22.2,21.5,615.0,610.0,8.14,7.9,0,0
2026-09-28T12:00,23.0,22.5,603.0,603.0,7.98,7.97,0,0
2026-09-28T13:00,23.5,22.9,536.0,536.0,7.62,7.53,0,0
2026-09-28T14:00,23.5,22.9,427.0,427.0,7.31,7.24,0,0
2026-09-28T15:00,23.2,22.5,286.0,283.0,7.62,7.01,0,0
2026-09-28T16:00,22.4,21.9,131.0,128.0,7.33,7.0,0,0
2026-09-28T17:00,21.0,19.9,16.0,15.0,7.94,7.9,0,0
2026-09-28T18:00,20.1,18.5,0.0,0.0,8.52,9.54,0,0
2026-09-28T19:00,19.1,17.5,0.0,0.0,7.5,9.25,0,0
2026-09-28T20:00,17.9,16.4,0.0,0.0,6.18,8.31,0,0
2026-09-28T21:00,17.1,15.4,0.0,0.0,6.45,7.64,0,0
2026-09-28T22:00,16.3,14.7,0.0,0.0,6.61,7.9,0,0
2026-09-28T23:00,15.7,14.3,0.0,0.0,6.34,7.93,0,0
2026-09-29T00:00,15.0,13.4,0.0,0.0,5.09,6.18,0,0
2026-09-29T01:00,13.8,12.5,0.0,0.0,4.02,5.92,0,0
2026-09-29T02:00,13.1,11.8,0.0,0.0,4.33,6.95,0,0
2026-09-29T03:00,12.9,12.0,0.0,0.0,3.48,7.1,0,0
2026-09-29T04:00,12.2,11.8,0.0,0.0,3.57,6.39,0,0
2026-09-29T05:00,11.7,11.0,0.0,0.0,4.37,6.69,2,0
2026-09-29T06:00,11.8,11.3,56.0,52.0,4.1,7.56,0,0
2026-09-29T07:00,13.7,13.4,191.0,177.0,4.09,6.3,0,0
2026-09-29T08:00,16.4,16.3,345.0,326.0,5.01,4.59,0,0
2026-09-29T09:00,18.6,18.8,480.0,467.0,6.94,7.1,0,0
2026-09-29T10:00,20.6,20.6,574.0,568.0,8.52,7.7,0,0
2026-09-29T11:00,21.8,21.8,618.0,616.0,8.59,8.0,0,0
2026-09-29T12:00,22.5,22.6,608.0,611.0,9.08,8.94,0,0
2026-09-29T13:00,22.8,22.9,542.0,547.0,8.75,8.73,0,0
2026-09-29T14:00,23.0,22.9,430.0,437.0,8.74,8.31,0,0
2026-09-29T15:00,23.0,22.4,285.0,288.0,8.46,7.97,0,0
2026-09-29T16:00,22.4,21.8,128.0,128.0,7.73,7.76,0,0
2026-09-29T17:00,20.9,19.5,15.0,14.0,8.59,9.08,0,0
2026-09-29T18:00,19.6,17.7,0.0,0.0,9.22,9.01,0,0
2026-09-29T19:00,18.7,16.4,0.0,0.0,9.6,8.82,0,0
2026-09-29T20:00,17.7,15.4,0.0,0.0,7.71,8.42,0,0
2026-09-29T21:00,16.6,14.6,0.0,0.0,7.22,8.55,0,0
2026-09-29T22:00,15.9,14.1,0.0,0.0,7.18,9.33,0,0
2026-09-29T23:00,15.2,13.6,0.0,0.0,5.89,9.3,0,0
2026-09-30T00:00,14.8,12.5,0.0,0.0,6.62,7.37,0,0
2026-09-30T01:00,14.1,12.0,0.0,0.0,6.27,8.08,0,0
2026-09-30T02:00,13.6,11.5,0.0,0.0,6.64,8.73,0,0
2026-09-30T03:00,13.0,11.2,0.0,0.0,6.82,9.11,0,0
2026-09-30T04:00,12.7,10.9,0.0,0.0,5.63,9.12,0,0
2026-09-30T05:00,12.2,10.7,0.0,0.0,5.35,8.97,0,0
2026-09-30T06:00,12.3,11.3,54.0,51.0,6.21,9.31,0,0
2026-09-30T07:00,13.9,13.7,191.0,181.0,5.62,8.6,0,0
2026-09-30T08:00,16.1,16.5,344.0,333.0,6.17,7.12,0,0
2026-09-30T09:00,18.6,18.7,475.0,470.0,9.03,8.41,0,0
2026-09-30T10:00,20.7,20.6,570.0,567.0,9.85,8.98,0,0
2026-09-30T11:00,22.4,22.1,612.0,611.0,10.28,10.74,0,0
2026-09-30T12:00,23.6,23.0,594.0,601.0,11.03,10.75,0,0
2026-09-30T13:00,24.1,23.7,532.0,537.0,11.0,10.74,0,0
2026-09-30T14:00,24.2,23.8,421.0,432.0,10.87,10.47,0,0
2026-09-30T15:00,24.1,23.4,276.0,286.0,10.21,10.08,0,0
2026-09-30T16:00,23.2,22.6,120.0,125.0,9.6,9.77,0,0
2026-09-30T17:00,21.6,20.3,12.0,12.0,9.65,10.62,0,0
2026-09-30T18:00,20.5,18.8,0.0,0.0,10.3,10.39,0,0
2026-09-30T19:00,19.1,17.7,0.0,0.0,8.59,10.27,0,0
2026-09-30T20:00,17.9,16.8,0.0,0.0,8.37,10.02,0,0
2026-09-30T21:00,17.2,16.1,0.0,0.0,7.5,9.24,0,0
2026-09-30T22:00,16.5,15.3,0.0,0.0,7.3,8.68,0,0
2026-09-30T23:00,16.1,14.6,0.0,0.0,7.27,8.64,0,0
