time,temperature_2m_previous_day1,temperature_2m_previous_day2,shortwave_radiation_previous_day1,shortwave_radiation_previous_day2,wind_speed_100m_previous_day1,wind_speed_100m_previous_day2,cloud_cover_previous_day1,cloud_cover_previous_day2
2025-06-15T00:00,20.0,20.1,0.0,0.0,2.19,3.26,55,100
2025-06-15T01:00,18.1,19.1,0.0,0.0,0.39,4.05,0,100
2025-06-15T02:00,17.4,18.5,0.0,0.0,0.63,3.07,0,60
2025-06-15T03:00,15.9,18.0,0.0,0.0,1.88,3.46,64,100
2025-06-15T04:00,16.0,17.8,12.0,12.0,1.81,2.37,0,53
2025-06-15T05:00,16.9,19.0,94.0,95.0,1.73,2.67,0,10
2025-06-15T06:00,20.2,22.2,231.0,201.0,1.45,3.35,0,83
2025-06-15T07:00,22.6,21.8,390.0,242.0,1.12,4.12,0,100
2025-06-15T08:00,24.7,22.1,542.0,297.0,0.49,5.29,44,100
2025-06-15T09:00,26.6,24.2,650.0,590.0,2.42,1.39,44,100
2025-06-15T10:00,27.8,26.1,717.0,748.0,2.1,2.28,69,79
2025-06-15T11:00,28.4,26.5,725.0,692.0,3.96,4.57,92,100
2025-06-15T12:00,30.4,23.9,779.0,401.0,5.48,5.44,100,100
2025-06-15T13:00,28.9,24.0,696.0,280.0,7.16,3.8,100,100
2025-06-15T14:00,28.2,24.1,591.0,394.0,8.27,4.88,100,100
2025-06-15T15:00,26.3,24.0,347.0,344.0,9.63,5.23,96,100
2025-06-15T16:00,22.9,21.4,224.0,235.0,9.2,7.1,100,100
2025-06-15T17:00,20.6,20.6,60.0,97.0,7.97,6.45,100,100
2025-06-15T18:00,20.1,20.1,32.0,46.0,3.31,5.84,100,100
2025-06-15T19:00,20.2,19.7,14.0,12.0,6.55,3.92,100,100
2025-06-15T20:00,18.7,19.1,0.0,0.0,6.52,5.88,100,100
2025-06-15T21:00,16.9,18.5,0.0,0.0,5.11,6.64,100,100
2025-06-15T22:00,16.7,18.1,0.0,0.0,5.69,6.63,100,100
2025-06-15T23:00,16.5,17.7,0.0,0.0,6.32,7.48,100,100
2025-06-16T00:00,14.9,16.7,0.0,0.0,8.19,7.18,100,99
2025-06-16T01:00,14.6,15.5,0.0,0.0,6.23,6.89,100,100
2025-06-16T02:00,14.4,15.1,0.0,0.0,6.09,6.47,100,100
2025-06-16T03:00,13.7,14.7,0.0,0.0,4.94,6.05,100,100
2025-06-16T04:00,13.4,14.3,12.0,10.0,3.77,5.87,73,77
2025-06-16T05:00,13.9,14.7,89.0,67.0,3.64,5.04,58,90
2025-06-16T06:00,14.6,15.7,129.0,143.0,3.69,2.48,89,85
2025-06-16T07:00,15.8,16.9,284.0,300.0,3.57,2.78,75,77
2025-06-16T08:00,17.1,18.1,449.0,451.0,3.82,3.18,83,70
2025-06-16T09:00,17.8,19.0,388.0,559.0,2.22,3.84,80,85
2025-06-16T10:00,18.9,19.9,569.0,575.0,2.59,4.59,84,79
2025-06-16T11:00,18.9,20.8,550.0,709.0,4.43,4.52,100,71
2025-06-16T12:00,20.9,20.8,679.0,723.0,4.09,4.46,60,63
2025-06-16T13:00,21.0,21.5,763.0,765.0,5.09,4.25,76,44
2025-06-16T14:00,21.5,21.7,606.0,697.0,5.7,4.5,5,54
2025-06-16T15:00,21.6,21.8,550.0,616.0,3.53,4.03,55,28
2025-06-16T16:00,21.1,21.6,385.0,465.0,4.44,4.11,100,95
2025-06-16T17:00,20.4,20.6,200.0,270.0,4.34,4.71,85,60
2025-06-16T18:00,19.6,20.1,112.0,141.0,2.98,3.56,91,63
2025-06-16T19:00,18.0,18.8,33.0,45.0,3.69,3.4,12,30
2025-06-16T20:00,16.5,17.1,1.0,1.0,4.02,4.12,34,38
2025-06-16T21:00,15.9,16.4,0.0,0.0,2.29,3.76,100,26
2025-06-16T22:00,15.2,15.6,0.0,0.0,2.54,4.37,100,0
2025-06-16T23:00,14.9,15.1,0.0,0.0,3.53,3.78,100,0
2025-06-17T00:00,14.6,14.3,0.0,0.0,3.24,2.68,100,3
2025-06-17T01:00,14.1,13.6,0.0,0.0,3.6,2.99,100,0
2025-06-17T02:00,13.9,13.2,0.0,0.0,3.0,3.12,0,0
2025-06-17T03:00,12.9,12.6,0.0,0.0,4.34,3.26,0,0
2025-06-17T04:00,12.6,12.5,13.0,14.0,3.97,3.27,0,0
2025-06-17T05:00,13.7,13.5,103.0,103.0,3.53,2.92,0,0
2025-06-17T06:00,15.9,16.1,247.0,249.0,3.1,2.89,0,0
2025-06-17T07:00,17.6,18.3,413.0,414.0,2.54,2.14,0,0
2025-06-17T08:00,19.1,19.9,575.0,577.0,3.16,2.98,0,0
2025-06-17T09:00,20.0,21.1,652.0,707.0,3.72,3.16,41,52
2025-06-17T10:00,21.0,22.2,582.0,679.0,3.83,3.51,56,79
2025-06-17T11:00,21.5,22.8,688.0,661.0,4.8,3.55,65,89
2025-06-17T12:00,22.5,21.8,712.0,679.0,4.03,4.13,64,86
2025-06-17T13:00,22.9,22.2,761.0,634.0,4.71,4.04,74,89
2025-06-17T14:00,23.4,22.3,744.0,597.0,3.6,4.08,91,67
2025-06-17T15:00,23.5,22.5,627.0,605.0,3.2,4.26,41,5
2025-06-17T16:00,23.0,22.3,483.0,507.0,3.76,4.51,84,10
2025-06-17T17:00,22.3,21.7,326.0,329.0,3.93,4.12,0,100
2025-06-17T18:00,21.6,20.4,183.0,169.0,4.78,5.06,0,6
2025-06-17T19:00,19.4,18.5,54.0,52.0,5.2,4.8,0,4
2025-06-17T20:00,17.6,17.0,1.0,1.0,5.09,4.33,73,7
2025-06-17T21:00,16.2,16.2,0.0,0.0,4.21,3.67,10,23
2025-06-17T22:00,15.5,15.6,0.0,0.0,3.72,3.08,35,0
2025-06-17T23:00,15.1,14.9,0.0,0.0,2.58,2.61,18,87
2025-06-18T00:00,13.8,13.4,0.0,0.0,2.24,2.31,15,34
2025-06-18T01:00,13.2,12.8,0.0,0.0,1.12,2.33,66,44
2025-06-18T02:00,12.6,12.2,0.0,0.0,0.84,2.12,100,83
2025-06-18T03:00,11.9,11.7,0.0,0.0,1.77,2.34,97,74
2025-06-18T04:00,12.0,11.7,14.0,14.0,1.89,2.82,100,23
2025-06-18T05:00,12.9,12.7,95.0,103.0,1.96,1.93,14,38
2025-06-18T06:00,16.4,15.5,240.0,236.0,2.1,1.38,2,48
2025-06-18T07:00,18.4,18.3,381.0,405.0,0.22,1.2,92,100
2025-06-18T08:00,20.3,20.3,564.0,561.0,0.57,0.6,4,0
2025-06-18T09:00,22.2,22.0,679.0,715.0,1.29,1.32,37,0
2025-06-18T10:00,23.6,23.2,813.0,821.0,1.55,1.71,0,4
2025-06-18T11:00,24.7,24.0,877.0,878.0,1.41,1.45,28,29
2025-06-18T12:00,24.7,24.6,849.0,881.0,0.98,1.55,52,38
2025-06-18T13:00,25.4,25.2,801.0,846.0,1.57,1.9,47,25
2025-06-18T14:00,25.6,25.5,759.0,766.0,1.89,1.5,0,18
2025-06-18T15:00,25.4,25.4,582.0,652.0,2.94,1.67,47,26
2025-06-18T16:00,25.3,25.1,501.0,502.0,2.18,1.79,6,15
2025-06-18T17:00,24.8,24.6,346.0,342.0,1.53,1.55,0,0
2025-06-18T18:00,24.4,24.4,185.0,184.0,0.83,1.52,0,1
2025-06-18T19:00,22.6,23.0,55.0,55.0,1.19,0.84,0,9
2025-06-18T20:00,21.1,21.4,1.0,1.0,1.32,1.49,0,38
2025-06-18T21:00,19.0,20.3,0.0,0.0,1.93,2.55,0,48
2025-06-18T22:00,18.0,19.6,0.0,0.0,2.26,3.45,5,48
2025-06-18T23:00,17.3,18.7,0.0,0.0,2.53,3.95,2,44
2025-06-19T00:00,15.6,16.8,0.0,0.0,2.59,3.93,0,55
2025-06-19T01:00,14.8,16.5,0.0,0.0,2.42,3.11,4,48
2025-06-19T02:00,14.3,16.1,0.0,0.0,2.16,3.03,7,45
2025-06-19T03:00,13.7,15.7,0.0,0.0,2.12,3.29,0,58
2025-06-19T04:00,13.7,15.7,13.0,12.0,2.23,3.53,0,43
2025-06-19T05:00,15.1,16.9,98.0,97.0,2.37,2.11,0,18
2025-06-19T06:00,18.0,18.0,238.0,225.0,2.19,1.77,0,34
2025-06-19T07:00,20.3,20.6,401.0,395.0,1.82,2.07,0,1
2025-06-19T08:00,21.8,22.4,561.0,561.0,2.53,1.5,0,0
2025-06-19T09:00,24.2,23.8,701.0,691.0,3.02,1.94,0,46
2025-06-19T10:00,25.4,24.7,808.0,692.0,3.32,2.81,0,64
2025-06-19T11:00,26.3,25.0,870.0,740.0,3.94,3.07,0,72
2025-06-19T12:00,26.6,25.6,881.0,663.0,4.02,4.09,0,91
2025-06-19T13:00,27.0,26.1,854.0,704.0,4.16,3.78,0,55
2025-06-19T14:00,27.4,26.7,749.0,750.0,4.38,3.91,27,59
2025-06-19T15:00,27.4,26.3,655.0,621.0,3.95,4.34,6,46
2025-06-19T16:00,26.8,25.7,500.0,384.0,4.91,4.37,24,77
2025-06-19T17:00,26.2,25.1,341.0,284.0,4.34,3.97,0,34
2025-06-19T18:00,24.8,24.2,183.0,181.0,6.5,5.71,0,0
2025-06-19T19:00,22.6,22.2,54.0,54.0,5.38,6.18,0,0
2025-06-19T20:00,20.8,20.1,1.0,1.0,6.7,6.66,0,0
2025-06-19T21:00,19.0,18.8,0.0,0.0,7.07,7.06,0,0
2025-06-19T22:00,17.9,17.5,0.0,0.0,6.99,7.3,0,0
2025-06-19T23:00,16.8,16.6,0.0,0.0,7.12,8.65,13,0
2025-06-20T00:00,15.5,15.1,0.0,0.0,7.91,7.01,2,0
2025-06-20T01:00,14.6,14.1,0.0,0.0,7.8,6.96,34,0
2025-06-20T02:00,14.2,13.1,0.0,0.0,7.07,6.98,48,0
2025-06-20T03:00,13.4,12.2,0.0,0.0,6.57,6.75,40,0
2025-06-20T04:00,13.0,11.8,12.0,13.0,6.19,6.45,25,0
2025-06-20T05:00,13.7,13.0,93.0,97.0,5.3,6.2,22,0
2025-06-20T06:00,15.3,15.0,231.0,237.0,3.82,5.11,0,0
2025-06-20T07:00,17.1,17.1,399.0,401.0,3.46,4.0,0,0
2025-06-20T08:00,19.1,18.9,561.0,563.0,3.44,4.12,0,0
2025-06-20T09:00,21.3,20.7,705.0,705.0,3.5,4.66,0,0
2025-06-20T10:00,22.9,22.1,813.0,812.0,3.38,4.68,0,0
2025-06-20T11:00,24.1,23.3,877.0,875.0,3.38,4.31,0,13
2025-06-20T12:00,24.7,24.5,892.0,880.0,3.48,3.51,0,23
2025-06-20T13:00,25.3,25.1,859.0,848.0,3.42,3.38,4,24
2025-06-20T14:00,25.6,25.4,778.0,769.0,3.81,3.51,6,19
2025-06-20T15:00,25.7,25.5,652.0,655.0,3.97,3.67,3,3
2025-06-20T16:00,25.0,25.1,514.0,511.0,4.4,3.99,0,0
2025-06-20T17:00,24.5,24.5,351.0,347.0,4.21,4.0,0,0
2025-06-20T18:00,23.3,23.6,192.0,187.0,5.83,4.48,0,0
2025-06-20T19:00,20.8,21.2,58.0,56.0,5.49,5.13,23,0
2025-06-20T20:00,18.9,18.7,1.0,1.0,6.37,5.92,0,0
2025-06-20T21:00,16.4,17.0,0.0,0.0,7.25,6.56,0,0
2025-06-20T22:00,15.6,15.8,0.0,0.0,7.85,6.65,0,42
2025-06-20T23:00,14.8,14.8,0.0,0.0,7.16,6.41,54,83
2025-06-21T00:00,14.3,12.5,0.0,0.0,6.48,6.59,0,7
2025-06-21T01:00,13.6,11.8,0.0,0.0,6.44,8.63,100,27
2025-06-21T02:00,12.7,11.6,0.0,0.0,6.2,8.96,100,100
2025-06-21T03:00,11.9,11.4,0.0,0.0,6.72,8.55,100,100
2025-06-21T04:00,11.9,11.2,13.0,13.0,7.01,8.25,100,48
2025-06-21T05:00,13.0,12.5,91.0,92.0,7.28,7.34,100,65
2025-06-21T06:00,14.8,14.5,225.0,166.0,6.18,6.97,100,100
2025-06-21T07:00,17.2,16.6,392.0,343.0,4.8,4.52,64,100
2025-06-21T08:00,19.6,18.6,563.0,511.0,5.03,4.45,67,100
2025-06-21T09:00,22.0,20.7,695.0,623.0,5.17,5.13,100,100
2025-06-21T10:00,24.2,22.6,801.0,702.0,6.18,5.67,100,100
2025-06-21T11:00,25.6,24.1,859.0,774.0,6.08,6.29,100,100
2025-06-21T12:00,25.8,25.7,898.0,841.0,5.88,5.98,0,94
2025-06-21T13:00,26.4,26.2,864.0,810.0,5.39,5.59,0,99
2025-06-21T14:00,26.7,26.1,782.0,635.0,5.3,5.2,0,92
2025-06-21T15:00,26.6,26.3,663.0,629.0,5.25,4.83,0,76
2025-06-21T16:00,26.1,25.8,518.0,500.0,4.52,4.73,0,10
2025-06-21T17:00,25.3,25.0,352.0,348.0,4.09,5.02,0,1
2025-06-21T18:00,23.9,24.3,189.0,188.0,4.83,4.45,0,0
2025-06-21T19:00,21.1,21.3,56.0,55.0,4.91,5.46,0,0
2025-06-21T20:00,19.2,18.8,1.0,1.0,5.3,5.92,0,0
2025-06-21T21:00,17.7,17.0,0.0,0.0,4.65,6.48,0,0
2025-06-21T22:00,16.8,15.8,0.0,0.0,5.48,6.88,0,0
2025-06-21T23:00,15.5,15.1,0.0,0.0,5.25,5.65,0,0
2025-06-22T00:00,14.2,14.0,0.0,0.0,5.19,5.82,0,0
2025-06-22T01:00,13.4,13.3,0.0,0.0,5.04,5.73,0,0
2025-06-22T02:00,12.9,12.7,0.0,0.0,5.65,6.4,0,0
2025-06-22T03:00,12.3,12.0,0.0,0.0,5.66,7.2,0,0
2025-06-22T04:00,11.8,11.6,13.0,13.0,4.96,6.24,0,0
2025-06-22T05:00,13.0,12.6,101.0,100.0,4.29,4.78,0,0
2025-06-22T06:00,16.1,16.3,245.0,241.0,4.03,3.24,0,0
2025-06-22T07:00,18.4,19.4,410.0,403.0,3.21,3.02,0,0
2025-06-22T08:00,20.9,22.1,575.0,564.0,1.82,1.49,0,0
2025-06-22T09:00,24.0,24.8,719.0,704.0,1.46,1.39,0,0
2025-06-22T10:00,26.4,27.2,825.0,811.0,1.1,1.24,0,0
2025-06-22T11:00,28.0,29.0,890.0,877.0,0.63,1.59,0,0
2025-06-22T12:00,28.5,29.0,902.0,891.0,1.0,1.69,0,3
2025-06-22T13:00,29.6,29.8,867.0,856.0,2.14,1.71,7,7
2025-06-22T14:00,29.8,30.4,784.0,778.0,2.83,1.95,0,1
2025-06-22T15:00,30.1,30.6,661.0,660.0,3.34,2.29,0,0
2025-06-22T16:00,29.8,30.3,515.0,514.0,3.21,2.6,33,0
2025-06-22T17:00,29.3,29.7,350.0,349.0,1.9,2.76,0,3
2025-06-22T18:00,28.1,28.9,190.0,187.0,2.16,2.81,0,1
2025-06-22T19:00,25.5,26.9,57.0,56.0,4.03,3.06,0,1
2025-06-22T20:00,23.4,24.2,1.0,1.0,4.71,5.11,0,7
2025-06-22T21:00,20.8,22.3,0.0,0.0,5.49,6.88,60,57
2025-06-22T22:00,19.7,21.2,0.0,0.0,7.01,8.66,65,100
2025-06-22T23:00,19.7,20.7,0.0,0.0,8.62,9.88,40,100
2025-06-23T00:00,17.4,18.6,0.0,0.0,7.5,9.52,43,73
2025-06-23T01:00,16.9,18.1,0.0,0.0,8.25,9.63,82,77
2025-06-23T02:00,17.0,18.2,0.0,0.0,8.73,10.61,100,83
2025-06-23T03:00,16.9,18.3,0.0,0.0,5.83,10.45,50,83
2025-06-23T04:00,17.0,18.6,8.0,9.0,6.34,7.04,100,100
2025-06-23T05:00,17.9,19.0,40.0,43.0,7.81,4.61,100,100
2025-06-23T06:00,18.2,21.1,40.0,176.0,6.51,12.51,100,100
2025-06-23T07:00,18.5,20.4,88.0,193.0,8.62,8.58,100,100
2025-06-23T08:00,18.8,22.6,220.0,363.0,6.55,8.12,100,100
2025-06-23T09:00,19.4,23.6,179.0,458.0,7.68,11.05,100,100
2025-06-23T10:00,21.8,25.3,414.0,600.0,7.04,11.28,100,100
2025-06-23T11:00,23.5,26.2,597.0,731.0,8.3,11.79,89,100
2025-06-23T12:00,26.0,25.4,498.0,724.0,7.97,11.47,89,100
2025-06-23T13:00,25.0,25.1,467.0,539.0,7.31,11.33,39,100
2025-06-23T14:00,27.5,26.2,470.0,516.0,10.24,10.44,100,100
2025-06-23T15:00,27.9,25.7,553.0,419.0,14.01,9.11,100,76
2025-06-23T16:00,26.7,25.7,457.0,317.0,12.24,11.05,78,91
2025-06-23T17:00,25.3,25.1,315.0,225.0,10.57,11.18,52,100
2025-06-23T18:00,23.5,24.8,132.0,120.0,11.11,11.26,87,66
2025-06-23T19:00,21.7,23.1,50.0,44.0,10.5,9.18,100,100
2025-06-23T20:00,20.0,20.5,1.0,1.0,9.73,7.8,100,87
2025-06-23T21:00,18.2,19.2,0.0,0.0,8.46,6.57,66,100
2025-06-23T22:00,17.5,18.0,0.0,0.0,7.65,6.17,23,82
2025-06-23T23:00,17.1,17.1,0.0,0.0,7.47,6.87,56,26
2025-06-24T00:00,15.4,14.9,0.0,0.0,6.46,7.34,24,51
2025-06-24T01:00,15.2,14.5,0.0,0.0,7.27,7.96,41,15
2025-06-24T02:00,15.2,14.3,0.0,0.0,7.48,8.4,43,30
2025-06-24T03:00,14.9,14.1,0.0,0.0,7.01,8.92,0,28
2025-06-24T04:00,14.8,14.0,13.0,13.0,7.42,8.93,0,5
2025-06-24T05:00,16.0,15.3,101.0,99.0,7.44,8.56,0,0
2025-06-24T06:00,18.0,18.4,245.0,246.0,5.31,7.73,0,1
2025-06-24T07:00,19.9,20.5,410.0,398.0,7.02,5.39,0,22
2025-06-24T08:00,21.4,22.0,565.0,570.0,8.49,6.45,46,4
2025-06-24T09:00,22.7,23.4,639.0,707.0,7.65,8.4,38,37
2025-06-24T10:00,23.9,24.5,780.0,808.0,7.35,8.05,28,50
2025-06-24T11:00,25.0,25.5,842.0,847.0,6.88,7.64,56,65
2025-06-24T12:00,25.8,26.1,835.0,804.0,7.06,7.65,34,51
2025-06-24T13:00,26.5,26.9,849.0,796.0,7.35,7.76,7,42
2025-06-24T14:00,27.1,27.1,773.0,686.0,6.76,8.05,0,46
2025-06-24T15:00,26.8,27.4,655.0,616.0,6.75,7.94,0,9
2025-06-24T16:00,26.5,27.1,507.0,505.0,6.56,7.83,0,1
2025-06-24T17:00,25.9,26.4,346.0,343.0,6.82,7.4,0,30
2025-06-24T18:00,24.1,25.8,185.0,186.0,6.32,6.66,0,15
2025-06-24T19:00,21.8,23.4,56.0,55.0,4.84,6.4,0,0
2025-06-24T20:00,20.2,21.2,1.0,1.0,4.21,5.41,0,0
2025-06-24T21:00,19.7,20.0,0.0,0.0,3.92,3.76,0,0
2025-06-24T22:00,19.1,18.6,0.0,0.0,3.57,3.9,0,0
2025-06-24T23:00,17.6,17.7,0.0,0.0,3.51,4.08,0,0
2025-06-25T00:00,16.4,15.5,0.0,0.0,3.42,4.87,0,0
2025-06-25T01:00,15.8,14.6,0.0,0.0,3.2,4.57,0,0
2025-06-25T02:00,15.4,14.1,0.0,0.0,3.13,3.96,0,0
2025-06-25T03:00,15.2,13.8,0.0,0.0,3.45,3.83,0,0
2025-06-25T04:00,15.1,13.8,12.0,13.0,3.45,4.12,0,0
2025-06-25T05:00,16.2,15.9,96.0,98.0,3.43,4.51,0,0
2025-06-25T06:00,18.9,18.4,236.0,236.0,3.42,3.61,0,0
2025-06-25T07:00,21.3,21.5,398.0,399.0,2.6,3.35,0,0
2025-06-25T08:00,23.6,24.0,558.0,561.0,3.02,2.31,0,0
2025-06-25T09:00,25.8,26.0,697.0,701.0,4.06,2.77,11,0
2025-06-25T10:00,27.3,27.5,803.0,806.0,4.87,3.54,12,0
2025-06-25T11:00,28.5,28.7,864.0,867.0,5.64,3.83,44,7
2025-06-25T12:00,29.4,31.6,881.0,884.0,5.75,4.51,1,5
2025-06-25T13:00,30.2,32.0,849.0,814.0,5.85,3.92,0,100
2025-06-25T14:00,30.6,32.4,740.0,665.0,5.0,3.94,3,77
2025-06-25T15:00,31.1,32.6,637.0,635.0,6.6,3.1,0,9
2025-06-25T16:00,30.7,32.4,507.0,504.0,4.52,2.42,1,6
2025-06-25T17:00,30.0,31.9,344.0,342.0,4.73,1.8,0,34
2025-06-25T18:00,29.2,29.6,183.0,156.0,2.4,3.98,0,100
2025-06-25T19:00,27.9,26.8,57.0,48.0,2.28,4.19,10,12
2025-06-25T20:00,25.5,24.8,1.0,1.0,1.67,3.24,35,14
2025-06-25T21:00,24.0,23.6,0.0,0.0,2.02,3.59,0,84
2025-06-25T22:00,23.3,22.4,0.0,0.0,3.54,4.57,0,11
2025-06-25T23:00,22.7,21.5,0.0,0.0,3.12,5.69,86,0
2025-06-26T00:00,21.3,21.2,0.0,0.0,5.04,5.4,3,3
2025-06-26T01:00,20.6,20.7,0.0,0.0,4.49,6.4,0,74
2025-06-26T02:00,20.0,19.8,0.0,0.0,2.46,6.06,100,22
2025-06-26T03:00,18.5,18.8,0.0,0.0,3.47,6.63,0,100
2025-06-26T04:00,17.7,18.6,11.0,13.0,2.26,6.48,100,47
2025-06-26T05:00,18.2,20.0,60.0,80.0,5.73,4.51,100,91
2025-06-26T06:00,19.4,21.6,115.0,164.0,7.32,6.41,100,73
2025-06-26T07:00,21.3,24.2,178.0,304.0,8.77,9.07,100,69
2025-06-26T08:00,22.1,25.3,299.0,448.0,6.57,11.55,82,100
2025-06-26T09:00,23.1,25.9,381.0,581.0,4.51,8.34,100,100
2025-06-26T10:00,24.7,25.0,569.0,445.0,4.88,12.34,84,100
2025-06-26T11:00,24.3,22.5,521.0,328.0,3.86,6.73,100,100
2025-06-26T12:00,23.4,25.3,176.0,442.0,6.76,6.31,100,100
2025-06-26T13:00,20.7,23.1,170.0,323.0,6.51,8.82,100,100
2025-06-26T14:00,21.3,22.2,296.0,200.0,6.31,4.84,100,100
2025-06-26T15:00,25.4,22.1,274.0,199.0,6.5,6.32,100,100
2025-06-26T16:00,21.0,23.0,194.0,246.0,5.07,6.33,100,100
2025-06-26T17:00,22.4,23.1,135.0,172.0,5.44,6.29,100,100
2025-06-26T18:00,22.6,22.8,122.0,136.0,8.04,6.1,100,100
2025-06-26T19:00,21.3,22.3,31.0,30.0,6.91,7.45,80,100
2025-06-26T20:00,20.6,21.2,1.0,2.0,5.31,9.29,85,74
2025-06-26T21:00,18.0,20.5,0.0,0.0,5.35,9.02,0,93
2025-06-26T22:00,17.7,19.7,0.0,0.0,6.77,7.75,0,93
2025-06-26T23:00,18.0,19.0,0.0,0.0,7.06,7.3,100,37
2025-06-27T00:00,17.8,16.8,0.0,0.0,5.77,6.99,95,5
2025-06-27T01:00,17.5,16.4,0.0,0.0,7.32,6.71,38,1
2025-06-27T02:00,16.8,15.9,0.0,0.0,6.51,6.42,0,1
2025-06-27T03:00,16.5,15.5,0.0,0.0,7.06,6.54,11,8
2025-06-27T04:00,16.2,15.5,12.0,11.0,6.86,6.26,0,4
2025-06-27T05:00,17.2,17.0,91.0,95.0,6.6,6.42,18,4
2025-06-27T06:00,18.7,18.9,185.0,129.0,3.59,6.39,100,68
2025-06-27T07:00,19.6,20.6,218.0,269.0,4.26,3.88,100,100
2025-06-27T08:00,21.1,22.3,322.0,388.0,3.74,4.92,79,95
2025-06-27T09:00,22.2,23.9,364.0,583.0,5.39,5.21,100,74
2025-06-27T10:00,23.1,24.2,399.0,511.0,6.06,5.69,100,88
2025-06-27T11:00,23.8,24.9,494.0,554.0,5.39,5.56,97,99
2025-06-27T12:00,21.9,24.9,271.0,426.0,7.15,5.69,95,100
2025-06-27T13:00,20.8,25.4,244.0,465.0,6.67,6.49,97,100
2025-06-27T14:00,21.0,24.3,219.0,185.0,5.97,7.23,100,99
2025-06-27T15:00,20.5,23.8,195.0,234.0,5.49,5.92,100,100
2025-06-27T16:00,21.1,23.9,273.0,211.0,6.0,5.33,100,100
2025-06-27T17:00,20.9,23.4,214.0,183.0,6.89,5.89,88,100
2025-06-27T18:00,19.4,22.4,63.0,57.0,5.1,5.71,84,84
2025-06-27T19:00,18.8,21.3,34.0,25.0,4.44,5.35,90,78
2025-06-27T20:00,18.2,20.2,1.0,1.0,4.83,4.16,100,92
2025-06-27T21:00,18.3,19.2,0.0,0.0,4.92,3.45,42,59
2025-06-27T22:00,17.3,18.7,0.0,0.0,5.59,2.64,24,72
2025-06-27T23:00,16.6,18.2,0.0,0.0,5.38,2.98,29,96
2025-06-28T00:00,16.3,16.6,0.0,0.0,3.87,4.51,27,52
2025-06-28T01:00,16.0,16.2,0.0,0.0,3.25,4.81,16,42
2025-06-28T02:00,15.7,16.0,0.0,0.0,2.45,4.63,93,51
2025-06-28T03:00,15.8,15.6,0.0,0.0,1.67,4.4,25,54
2025-06-28T04:00,15.7,15.6,12.0,11.0,1.76,3.94,2,67
2025-06-28T05:00,16.7,17.2,92.0,93.0,1.79,3.75,0,0
2025-06-28T06:00,19.2,18.8,230.0,230.0,1.71,3.38,16,2
2025-06-28T07:00,20.7,20.3,388.0,387.0,1.59,2.76,14,21
2025-06-28T08:00,21.8,21.6,451.0,527.0,2.51,2.5,79,46
2025-06-28T09:00,23.0,22.9,504.0,639.0,2.64,2.14,73,40
2025-06-28T10:00,24.0,24.3,578.0,752.0,3.04,2.4,72,34
2025-06-28T11:00,25.3,25.5,721.0,837.0,2.95,3.15,21,29
2025-06-28T12:00,25.9,25.7,589.0,658.0,3.69,3.17,96,52
2025-06-28T13:00,27.5,26.4,723.0,635.0,2.29,2.99,94,39
2025-06-28T14:00,28.2,26.9,658.0,645.0,2.55,3.26,17,55
2025-06-28T15:00,28.2,27.0,573.0,573.0,3.78,2.99,35,69
2025-06-28T16:00,28.2,26.8,477.0,413.0,2.6,3.33,48,68
2025-06-28T17:00,27.9,26.3,309.0,283.0,2.06,2.83,10,34
2025-06-28T18:00,26.8,26.0,187.0,166.0,1.88,3.01,0,45
2025-06-28T19:00,25.2,24.0,57.0,53.0,2.19,3.29,0,0
2025-06-28T20:00,23.6,22.2,2.0,1.0,1.74,3.19,0,0
2025-06-28T21:00,21.5,20.9,0.0,0.0,1.58,2.72,0,0
2025-06-28T22:00,20.4,19.6,0.0,0.0,1.06,1.9,0,0
2025-06-28T23:00,19.1,18.4,0.0,0.0,0.92,1.41,5,0
2025-06-29T00:00,18.8,17.1,0.0,0.0,1.02,1.12,70,0
2025-06-29T01:00,18.9,16.3,0.0,0.0,1.28,0.66,85,0
2025-06-29T02:00,18.0,15.7,0.0,0.0,1.31,0.79,36,0
2025-06-29T03:00,17.1,15.2,0.0,0.0,0.88,0.49,12,46
2025-06-29T04:00,16.6,15.1,11.0,12.0,0.79,0.57,26,9
2025-06-29T05:00,18.0,16.7,93.0,90.0,1.31,1.25,6,8
2025-06-29T06:00,20.5,20.3,229.0,234.0,0.39,1.18,0,30
2025-06-29T07:00,23.2,22.6,394.0,390.0,0.66,0.49,0,96
2025-06-29T08:00,25.1,24.4,553.0,545.0,0.44,0.29,0,63
2025-06-29T09:00,27.3,26.0,694.0,687.0,0.4,0.39,0,72
2025-06-29T10:00,28.8,27.2,795.0,719.0,1.58,1.06,0,95
2025-06-29T11:00,29.7,27.9,855.0,712.0,1.86,1.8,0,80
2025-06-29T12:00,30.2,29.6,857.0,713.0,2.69,2.18,0,95
2025-06-29T13:00,30.8,30.1,850.0,744.0,2.95,1.67,2,95
2025-06-29T14:00,31.1,30.1,771.0,618.0,1.74,2.54,0,69
2025-06-29T15:00,30.9,30.2,657.0,515.0,1.77,2.37,0,83
2025-06-29T16:00,30.7,29.9,508.0,421.0,0.81,2.06,0,59
2025-06-29T17:00,30.4,29.5,346.0,315.0,1.33,1.87,0,23
2025-06-29T18:00,29.1,28.1,189.0,174.0,4.06,3.54,0,23
2025-06-29T19:00,26.4,25.8,58.0,54.0,4.86,4.23,0,42
2025-06-29T20:00,24.8,23.6,1.0,1.0,5.59,5.73,0,57
2025-06-29T21:00,24.0,22.4,0.0,0.0,4.12,5.7,0,75
2025-06-29T22:00,22.9,22.1,0.0,0.0,5.89,5.69,0,89
2025-06-29T23:00,22.1,21.4,0.0,0.0,6.51,4.71,0,75
2025-06-30T00:00,21.0,19.6,0.0,0.0,4.61,4.3,64,67
2025-06-30T01:00,20.1,19.3,0.0,0.0,4.94,4.3,34,80
2025-06-30T02:00,19.6,18.9,0.0,0.0,5.62,4.79,45,86
2025-06-30T03:00,18.7,18.5,0.0,0.0,6.82,5.69,0,100
2025-06-30T04:00,18.1,18.0,11.0,11.0,7.97,6.32,99,100
2025-06-30T05:00,18.8,18.9,91.0,85.0,6.93,6.4,36,99
2025-06-30T06:00,20.0,22.0,227.0,217.0,5.33,3.69,32,100
2025-06-30T07:00,22.1,23.6,386.0,365.0,3.51,2.2,80,100
2025-06-30T08:00,23.9,25.0,549.0,520.0,3.37,2.77,0,90
2025-06-30T09:00,26.3,26.8,690.0,673.0,3.57,2.64,0,10
2025-06-30T10:00,28.2,28.5,797.0,793.0,3.86,2.76,0,14
2025-06-30T11:00,29.8,29.8,862.0,834.0,3.93,2.37,0,96
2025-06-30T12:00,30.4,30.7,868.0,856.0,4.08,2.24,86,57
2025-06-30T13:00,30.7,31.1,806.0,793.0,4.19,2.5,56,40
2025-06-30T14:00,30.8,31.2,748.0,713.0,4.57,2.46,60,80
2025-06-30T15:00,30.8,30.6,630.0,543.0,4.22,2.08,6,100
2025-06-30T16:00,30.3,30.1,495.0,370.0,3.21,1.77,100,100
2025-06-30T17:00,29.4,29.2,298.0,229.0,3.98,2.19,100,100
2025-06-30T18:00,28.3,28.6,135.0,111.0,4.32,4.12,100,100
2025-06-30T19:00,25.8,26.5,45.0,36.0,4.28,4.21,100,100
2025-06-30T20:00,24.3,24.9,2.0,1.0,4.48,3.61,100,100
2025-06-30T21:00,21.8,23.9,0.0,0.0,5.26,2.71,100,89
2025-06-30T22:00,20.9,22.7,0.0,0.0,4.45,2.78,77,78
2025-06-30T23:00,20.2,21.7,0.0,0.0,3.23,3.08,0,29
2025-07-01T00:00,18.7,19.3,0.0,0.0,1.24,1.55,0,0
2025-07-01T01:00,17.5,18.6,0.0,0.0,1.15,2.02,0,1
2025-07-01T02:00,16.5,18.1,0.0,0.0,2.79,1.88,0,1
2025-07-01T03:00,16.2,17.5,0.0,0.0,2.77,1.1,0,9
2025-07-01T04:00,16.3,17.5,10.0,10.0,2.46,1.67,0,42
2025-07-01T05:00,17.5,19.9,92.0,83.0,2.89,7.77,0,26
2025-07-01T06:00,20.4,22.3,228.0,222.0,3.26,4.88,0,31
2025-07-01T07:00,22.6,24.4,390.0,378.0,1.39,3.07,0,9
2025-07-01T08:00,24.7,25.9,549.0,544.0,1.28,3.12,0,1
2025-07-01T09:00,27.0,27.5,687.0,671.0,1.55,1.36,0,91
2025-07-01T10:00,29.1,29.2,793.0,774.0,1.9,1.24,0,11
2025-07-01T11:00,30.6,30.5,858.0,824.0,2.36,2.43,0,100
2025-07-01T12:00,31.2,30.4,875.0,703.0,2.65,1.94,0,100
2025-07-01T13:00,31.7,30.3,847.0,561.0,3.16,2.24,0,99
2025-07-01T14:00,32.0,30.6,768.0,693.0,3.82,1.74,0,86
2025-07-01T15:00,32.1,30.8,649.0,608.0,2.61,1.04,100,31
2025-07-01T16:00,31.8,30.6,466.0,491.0,1.43,1.0,100,31
2025-07-01T17:00,28.2,29.8,268.0,293.0,7.73,0.84,100,91
2025-07-01T18:00,28.9,28.4,157.0,173.0,2.77,1.88,71,0
2025-07-01T19:00,26.9,26.5,50.0,55.0,1.81,2.08,0,0
2025-07-01T20:00,24.6,24.7,1.0,1.0,2.22,2.2,0,11
2025-07-01T21:00,21.6,23.4,0.0,0.0,4.4,2.42,28,0
2025-07-01T22:00,21.1,22.4,0.0,0.0,3.53,2.3,49,0
2025-07-01T23:00,20.8,21.4,0.0,0.0,2.5,1.8,0,0
2025-07-02T00:00,19.1,18.3,0.0,0.0,3.63,0.22,0,0
2025-07-02T01:00,18.8,17.7,0.0,0.0,3.26,0.75,0,1
2025-07-02T02:00,18.6,16.9,0.0,0.0,3.9,1.39,0,26
2025-07-02T03:00,18.1,16.2,0.0,0.0,4.19,1.81,0,64
2025-07-02T04:00,17.9,16.1,10.0,9.0,2.7,1.67,10,65
2025-07-02T05:00,19.2,17.8,91.0,84.0,1.46,1.58,5,63
2025-07-02T06:00,22.0,21.0,229.0,212.0,0.89,1.1,0,10
2025-07-02T07:00,24.1,24.6,390.0,388.0,1.18,0.79,0,3
2025-07-02T08:00,25.9,26.7,551.0,552.0,2.0,1.67,0,6
2025-07-02T09:00,28.2,28.6,692.0,689.0,2.79,2.75,0,17
2025-07-02T10:00,30.2,30.3,803.0,796.0,3.92,4.12,0,88
2025-07-02T11:00,31.7,31.6,872.0,861.0,4.82,5.63,0,0
2025-07-02T12:00,31.7,32.0,896.0,879.0,5.59,4.06,0,6
2025-07-02T13:00,32.2,32.4,864.0,845.0,5.8,3.98,0,3
2025-07-02T14:00,32.4,32.5,787.0,760.0,5.39,3.66,0,22
2025-07-02T15:00,32.2,32.3,666.0,647.0,4.41,3.38,0,5
2025-07-02T16:00,28.7,31.8,497.0,505.0,11.47,3.35,100,10
2025-07-02T17:00,28.0,31.1,319.0,340.0,3.19,3.11,0,42
2025-07-02T18:00,23.6,29.3,167.0,180.0,8.55,4.51,52,58
2025-07-02T19:00,21.6,26.7,53.0,54.0,7.68,5.04,0,93
2025-07-02T20:00,20.1,24.4,1.0,1.0,6.76,5.41,63,92
2025-07-02T21:00,20.6,23.0,0.0,0.0,4.86,6.2,1,35
2025-07-02T22:00,19.8,22.0,0.0,0.0,3.82,6.85,50,4
2025-07-02T23:00,19.1,21.3,0.0,0.0,5.34,7.36,0,15
2025-07-03T00:00,18.7,20.2,0.0,0.0,6.05,7.12,0,1
2025-07-03T01:00,18.5,20.2,0.0,0.0,6.65,8.08,10,17
2025-07-03T02:00,18.5,20.1,0.0,0.0,6.22,8.53,60,19
2025-07-03T03:00,18.0,19.9,0.0,0.0,6.79,8.59,16,23
2025-07-03T04:00,18.1,20.4,9.0,9.0,6.6,9.12,37,27
2025-07-03T05:00,19.7,21.8,84.0,87.0,6.66,8.49,0,26
2025-07-03T06:00,19.9,23.6,104.0,225.0,6.91,7.84,100,6
2025-07-03T07:00,21.5,23.7,256.0,367.0,5.85,5.87,76,58
2025-07-03T08:00,22.9,23.8,421.0,322.0,5.7,6.37,88,84
2025-07-03T09:00,21.5,24.6,313.0,412.0,4.77,6.0,96,93
2025-07-03T10:00,23.6,25.8,440.0,559.0,4.78,5.8,99,84
2025-07-03T11:00,25.0,26.8,483.0,638.0,4.27,6.1,83,100
2025-07-03T12:00,25.4,21.6,455.0,214.0,5.49,3.52,86,100
2025-07-03T13:00,25.9,21.0,520.0,170.0,4.75,4.27,74,100
2025-07-03T14:00,25.8,21.8,485.0,236.0,4.8,3.43,89,100
2025-07-03T15:00,26.1,21.7,507.0,224.0,4.31,3.72,67,100
2025-07-03T16:00,25.3,21.7,371.0,199.0,3.69,3.38,100,100
2025-07-03T17:00,24.9,20.7,204.0,116.0,3.16,3.44,61,100
2025-07-03T18:00,22.6,20.2,109.0,81.0,1.74,2.3,81,100
2025-07-03T19:00,21.7,19.6,40.0,23.0,1.98,2.53,95,80
2025-07-03T20:00,20.7,19.0,1.0,1.0,2.75,2.26,80,84
2025-07-03T21:00,19.5,18.7,0.0,0.0,2.15,2.32,87,84
2025-07-03T22:00,19.6,18.5,0.0,0.0,2.83,2.02,99,79
2025-07-03T23:00,19.5,18.2,0.0,0.0,2.33,2.77,90,81
2025-07-04T00:00,18.9,17.8,0.0,0.0,2.55,3.44,86,98
2025-07-04T01:00,18.5,17.4,0.0,0.0,1.98,3.77,83,81
2025-07-04T02:00,17.8,17.2,0.0,0.0,2.57,3.33,67,86
2025-07-04T03:00,17.6,16.9,0.0,0.0,3.45,4.09,85,94
2025-07-04T04:00,17.3,16.7,3.0,4.0,4.32,3.5,75,79
2025-07-04T05:00,17.6,17.3,36.0,52.0,2.78,3.37,93,84
2025-07-04T06:00,18.3,18.2,103.0,177.0,2.19,3.69,97,60
2025-07-04T07:00,19.4,19.3,202.0,318.0,1.55,2.91,83,68
2025-07-04T08:00,20.5,20.8,438.0,452.0,1.33,2.43,79,62
2025-07-04T09:00,21.7,22.4,548.0,620.0,1.18,2.29,90,37
2025-07-04T10:00,22.9,23.6,513.0,746.0,1.19,2.76,85,46
2025-07-04T11:00,25.0,24.6,783.0,824.0,1.8,2.08,57,31
2025-07-04T12:00,24.1,25.0,576.0,827.0,0.35,1.77,49,43
2025-07-04T13:00,25.3,25.5,786.0,775.0,1.02,1.67,37,43
2025-07-04T14:00,25.3,25.9,639.0,737.0,3.24,1.84,45,36
2025-07-04T15:00,25.9,25.8,589.0,624.0,2.1,2.17,0,38
2025-07-04T16:00,25.7,25.4,461.0,491.0,0.63,2.09,34,29
2025-07-04T17:00,25.2,24.9,299.0,347.0,3.24,1.67,0,23
2025-07-04T18:00,24.1,24.2,191.0,190.0,3.14,2.55,0,0
2025-07-04T19:00,21.6,21.8,57.0,59.0,3.97,2.46,17,0
2025-07-04T20:00,20.6,20.0,1.0,1.0,3.81,1.98,0,0
2025-07-04T21:00,19.2,18.7,0.0,0.0,1.97,2.15,0,33
2025-07-04T22:00,18.4,17.6,0.0,0.0,0.49,3.78,0,20
2025-07-04T23:00,17.2,16.4,0.0,0.0,1.19,3.13,0,0
2025-07-05T00:00,16.0,15.0,0.0,0.0,1.74,4.78,0,0
2025-07-05T01:00,15.2,14.5,0.0,0.0,1.69,3.79,0,0
2025-07-05T02:00,14.5,13.8,0.0,0.0,1.33,3.04,0,0
2025-07-05T03:00,13.6,13.3,0.0,0.0,1.02,2.77,0,0
2025-07-05T04:00,12.7,12.9,8.0,10.0,1.52,2.53,87,0
2025-07-05T05:00,14.2,14.2,79.0,93.0,2.86,2.45,40,0
2025-07-05T06:00,18.0,17.7,233.0,233.0,1.87,2.86,0,0
2025-07-05T07:00,20.0,20.4,397.0,397.0,0.55,1.98,0,14
2025-07-05T08:00,22.0,22.8,561.0,559.0,0.4,0.75,0,36
2025-07-05T09:00,24.0,24.9,706.0,698.0,0.5,0.88,0,100
2025-07-05T10:00,25.8,26.4,814.0,786.0,1.36,1.46,0,86
2025-07-05T11:00,27.3,27.4,890.0,839.0,3.73,2.05,0,62
2025-07-05T12:00,28.1,27.6,870.0,810.0,4.82,3.45,0,50
2025-07-05T13:00,28.3,28.2,858.0,804.0,4.66,3.92,0,33
2025-07-05T14:00,28.4,28.5,745.0,756.0,5.71,3.85,0,40
2025-07-05T15:00,29.0,28.5,661.0,625.0,2.91,3.85,1,37
2025-07-05T16:00,28.6,28.0,464.0,489.0,4.04,4.39,100,37
2025-07-05T17:00,27.0,27.3,281.0,337.0,6.93,3.76,100,36
2025-07-05T18:00,25.4,26.4,150.0,177.0,7.07,3.15,100,100
2025-07-05T19:00,23.0,24.3,53.0,49.0,6.2,3.91,100,48
2025-07-05T20:00,20.7,21.9,1.0,1.0,6.94,5.41,89,46
2025-07-05T21:00,19.4,20.8,0.0,0.0,5.07,5.64,100,69
2025-07-05T22:00,18.5,20.5,0.0,0.0,5.41,3.73,92,84
2025-07-05T23:00,17.7,20.0,0.0,0.0,4.68,2.79,100,100
2025-07-06T00:00,16.2,19.0,0.0,0.0,2.98,2.04,100,85
2025-07-06T01:00,15.2,18.0,0.0,0.0,3.55,1.96,78,93
2025-07-06T02:00,15.4,17.2,0.0,0.0,2.5,4.78,100,98
2025-07-06T03:00,13.7,17.2,0.0,0.0,2.9,4.65,95,100
2025-07-06T04:00,13.7,16.5,8.0,8.0,2.87,3.17,100,86
2025-07-06T05:00,14.3,17.1,76.0,81.0,2.23,2.88,100,77
2025-07-06T06:00,17.4,18.6,180.0,212.0,2.15,2.46,100,78
2025-07-06T07:00,19.9,21.0,359.0,348.0,1.89,2.29,100,100
2025-07-06T08:00,21.7,22.7,478.0,444.0,1.12,1.74,100,100
2025-07-06T09:00,23.4,24.3,619.0,589.0,2.2,1.87,100,100
2025-07-06T10:00,24.5,25.4,626.0,683.0,2.59,2.31,100,87
2025-07-06T11:00,25.4,25.8,665.0,724.0,2.17,1.75,100,100
2025-07-06T12:00,25.7,26.1,446.0,621.0,2.15,1.38,100,100
2025-07-06T13:00,27.0,26.3,609.0,467.0,4.02,2.38,100,100
2025-07-06T14:00,25.5,25.3,308.0,331.0,6.07,4.5,100,100
2025-07-06T15:00,24.5,24.2,237.0,203.0,3.17,6.18,100,100
2025-07-06T16:00,23.5,22.0,168.0,136.0,6.17,7.26,100,100
2025-07-06T17:00,21.7,19.8,79.0,68.0,8.98,7.03,100,100
2025-07-06T18:00,20.1,17.1,52.0,34.0,4.63,8.12,100,100
2025-07-06T19:00,19.4,16.1,16.0,9.0,5.37,9.1,100,100
2025-07-06T20:00,18.2,15.4,0.0,0.0,5.73,9.16,100,100
2025-07-06T21:00,16.7,15.1,0.0,0.0,6.08,8.29,100,100
2025-07-06T22:00,15.8,15.1,0.0,0.0,6.54,8.72,100,100
2025-07-06T23:00,15.6,14.9,0.0,0.0,8.95,7.66,100,100
2025-07-07T00:00,14.9,14.8,0.0,0.0,8.59,7.41,100,100
2025-07-07T01:00,14.4,14.7,0.0,0.0,7.19,7.42,100,100
2025-07-07T02:00,14.3,14.5,0.0,0.0,6.35,7.06,100,100
2025-07-07T03:00,14.1,14.3,0.0,0.0,6.28,7.58,100,100
2025-07-07T04:00,14.0,14.2,3.0,6.0,5.71,7.8,100,100
2025-07-07T05:00,14.2,14.6,33.0,36.0,5.88,7.09,100,79
2025-07-07T06:00,15.4,15.1,153.0,94.0,6.63,6.18,98,93
2025-07-07T07:00,15.9,15.8,162.0,157.0,7.9,5.61,98,99
2025-07-07T08:00,16.4,17.0,174.0,283.0,7.14,5.75,96,88
2025-07-07T09:00,17.0,15.8,250.0,208.0,7.78,6.93,98,100
2025-07-07T10:00,18.4,17.7,366.0,361.0,7.87,6.59,89,99
2025-07-07T11:00,20.4,19.3,651.0,523.0,6.22,8.12,93,99
2025-07-07T12:00,20.9,18.5,559.0,379.0,5.93,5.17,95,81
2025-07-07T13:00,21.2,20.6,562.0,723.0,8.24,5.65,79,100
2025-07-07T14:00,19.5,17.4,376.0,242.0,7.94,6.33,97,94
2025-07-07T15:00,21.2,19.4,390.0,458.0,12.86,6.63,100,95
2025-07-07T16:00,19.7,17.6,156.0,295.0,2.77,5.31,100,100
2025-07-07T17:00,18.9,17.5,125.0,103.0,5.92,4.7,19,100
2025-07-07T18:00,17.7,17.4,81.0,76.0,5.71,8.58,100,100
2025-07-07T19:00,17.0,16.5,14.0,28.0,6.22,6.75,100,100
2025-07-07T20:00,16.1,15.9,1.0,1.0,5.51,5.29,100,100
2025-07-07T21:00,15.4,15.3,0.0,0.0,4.96,7.15,100,100
2025-07-07T22:00,14.9,14.0,0.0,0.0,3.82,8.2,100,100
2025-07-07T23:00,14.4,13.7,0.0,0.0,5.0,9.17,100,100
2025-07-08T00:00,13.8,13.7,0.0,0.0,6.91,8.46,100,100
2025-07-08T01:00,13.4,13.7,0.0,0.0,5.9,8.34,100,100
2025-07-08T02:00,13.3,13.4,0.0,0.0,6.54,8.45,100,100
2025-07-08T03:00,12.9,13.1,0.0,0.0,7.83,8.28,100,100
2025-07-08T04:00,12.5,13.0,2.0,4.0,7.57,6.72,100,100
2025-07-08T05:00,12.4,13.1,21.0,31.0,5.45,6.44,100,100
2025-07-08T06:00,12.6,13.0,86.0,54.0,6.58,7.23,100,100
2025-07-08T07:00,13.1,13.1,136.0,135.0,6.63,8.04,100,99
2025-07-08T08:00,12.7,13.6,91.0,170.0,5.57,7.58,100,96
2025-07-08T09:00,12.7,14.6,155.0,321.0,8.08,7.02,100,96
2025-07-08T10:00,13.9,14.8,318.0,299.0,8.46,7.23,100,93
2025-07-08T11:00,14.1,15.6,294.0,434.0,6.97,8.29,100,75
2025-07-08T12:00,16.2,17.1,481.0,594.0,9.03,8.21,100,100
2025-07-08T13:00,16.5,17.7,374.0,648.0,8.4,7.41,100,100
2025-07-08T14:00,15.9,17.5,321.0,532.0,9.91,7.93,99,100
2025-07-08T15:00,16.6,17.5,434.0,427.0,8.03,7.97,82,67
2025-07-08T16:00,15.8,15.5,342.0,358.0,7.35,7.94,52,94
2025-07-08T17:00,15.1,15.2,223.0,211.0,7.75,7.37,58,74
2025-07-08T18:00,15.2,14.4,107.0,155.0,7.02,5.88,91,39
2025-07-08T19:00,13.9,13.9,47.0,53.0,7.2,5.98,31,100
2025-07-08T20:00,13.0,12.8,1.0,1.0,6.79,7.23,89,66
2025-07-08T21:00,12.4,11.9,0.0,0.0,6.18,7.12,79,75
2025-07-08T22:00,11.4,11.2,0.0,0.0,7.06,7.74,58,73
2025-07-08T23:00,11.2,11.0,0.0,0.0,6.67,8.43,51,94
2025-07-09T00:00,10.1,10.6,0.0,0.0,5.94,7.54,64,76
2025-07-09T01:00,10.1,10.5,0.0,0.0,6.03,8.17,80,70
2025-07-09T02:00,9.9,10.4,0.0,0.0,6.66,8.13,61,72
2025-07-09T03:00,10.5,10.1,0.0,0.0,5.7,8.34,89,59
2025-07-09T04:00,10.0,10.1,7.0,6.0,6.18,8.67,76,77
2025-07-09T05:00,10.6,10.6,86.0,42.0,5.1,8.53,3,94
2025-07-09T06:00,12.3,12.3,175.0,173.0,4.46,6.0,7,92
2025-07-09T07:00,14.0,13.5,351.0,257.0,6.08,8.09,74,93
2025-07-09T08:00,14.2,13.5,329.0,191.0,6.5,8.7,89,100
2025-07-09T09:00,15.5,15.0,502.0,353.0,6.63,7.97,82,99
2025-07-09T10:00,15.9,15.7,446.0,339.0,6.18,8.37,100,99
2025-07-09T11:00,16.8,17.0,460.0,389.0,7.32,7.56,100,95
2025-07-09T12:00,16.5,17.2,368.0,281.0,4.52,7.58,100,100
2025-07-09T13:00,16.9,17.1,323.0,241.0,6.18,7.65,90,98
2025-07-09T14:00,16.8,16.9,378.0,262.0,4.93,7.31,100,98
2025-07-09T15:00,18.1,17.6,459.0,288.0,5.94,6.69,92,91
2025-07-09T16:00,18.8,17.6,440.0,320.0,4.52,5.82,66,81
2025-07-09T17:00,18.4,17.2,252.0,233.0,5.0,4.61,71,50
2025-07-09T18:00,17.3,17.9,176.0,173.0,4.48,4.68,65,56
2025-07-09T19:00,16.0,16.6,47.0,51.0,4.9,5.2,87,69
2025-07-09T20:00,14.3,15.3,1.0,1.0,5.04,5.16,54,67
2025-07-09T21:00,13.6,14.7,0.0,0.0,3.26,5.95,86,62
2025-07-09T22:00,13.6,14.0,0.0,0.0,3.53,5.43,88,67
2025-07-09T23:00,13.0,13.5,0.0,0.0,3.6,5.39,100,29
2025-07-10T00:00,13.0,12.7,0.0,0.0,4.06,4.6,66,82
2025-07-10T01:00,12.3,12.7,0.0,0.0,4.44,4.65,72,79
2025-07-10T02:00,11.7,12.0,0.0,0.0,4.25,4.8,33,49
2025-07-10T03:00,10.7,11.4,0.0,0.0,3.64,4.82,33,42
2025-07-10T04:00,10.6,11.1,6.0,7.0,3.38,4.56,99,15
2025-07-10T05:00,11.3,12.0,69.0,83.0,2.86,4.82,72,67
2025-07-10T06:00,13.4,14.1,226.0,227.0,2.65,4.47,13,39
2025-07-10T07:00,15.4,15.8,392.0,382.0,1.87,3.04,0,59
2025-07-10T08:00,17.1,17.6,536.0,546.0,2.46,3.15,79,65
2025-07-10T09:00,18.3,18.6,550.0,513.0,2.77,3.68,53,75
2025-07-10T10:00,19.2,19.3,632.0,556.0,2.37,4.46,90,96
2025-07-10T11:00,20.1,19.7,619.0,503.0,2.06,4.76,92,85
2025-07-10T12:00,20.7,18.4,625.0,298.0,3.64,3.4,100,95
2025-07-10T13:00,20.4,19.1,454.0,408.0,5.02,3.21,92,95
2025-07-10T14:00,21.0,19.2,454.0,348.0,4.57,4.8,100,98
2025-07-10T15:00,21.1,19.9,364.0,331.0,3.14,4.3,68,77
2025-07-10T16:00,21.0,19.6,373.0,288.0,3.33,4.92,44,86
2025-07-10T17:00,20.8,19.7,265.0,266.0,2.4,4.16,56,87
2025-07-10T18:00,19.9,18.7,151.0,145.0,4.78,3.69,70,88
2025-07-10T19:00,18.1,17.7,51.0,38.0,4.44,4.08,76,88
2025-07-10T20:00,17.1,16.5,1.0,0.0,3.95,4.34,82,61
2025-07-10T21:00,16.0,15.4,0.0,0.0,4.74,3.93,61,25
2025-07-10T22:00,15.6,14.7,0.0,0.0,4.24,3.38,93,35
2025-07-10T23:00,15.0,14.4,0.0,0.0,3.91,2.91,77,62
2025-07-11T00:00,14.8,14.1,0.0,0.0,4.06,2.04,100,43
2025-07-11T01:00,14.7,13.4,0.0,0.0,3.37,2.22,100,69
2025-07-11T02:00,14.2,13.1,0.0,0.0,4.24,2.47,100,70
2025-07-11T03:00,13.6,12.8,0.0,0.0,4.96,2.98,98,83
2025-07-11T04:00,13.0,12.9,5.0,5.0,3.83,3.4,59,89
2025-07-11T05:00,13.3,13.6,40.0,61.0,3.46,3.02,100,94
2025-07-11T06:00,15.0,15.1,130.0,132.0,3.08,3.47,90,100
2025-07-11T07:00,16.5,15.6,287.0,133.0,2.02,3.27,98,100
2025-07-11T08:00,17.5,17.0,336.0,297.0,2.61,1.85,98,83
2025-07-11T09:00,19.1,18.0,560.0,439.0,3.53,2.31,71,89
2025-07-11T10:00,19.8,17.8,511.0,434.0,3.74,2.52,89,90
2025-07-11T11:00,21.5,18.7,751.0,483.0,3.19,1.31,77,73
2025-07-11T12:00,21.3,18.7,532.0,615.0,3.21,2.88,80,69
2025-07-11T13:00,21.9,19.8,535.0,686.0,3.15,2.67,91,61
2025-07-11T14:00,22.8,20.3,495.0,627.0,4.08,3.14,100,82
2025-07-11T15:00,22.1,20.4,410.0,455.0,3.84,3.16,95,52
2025-07-11T16:00,22.4,20.6,322.0,453.0,3.07,3.14,100,57
2025-07-11T17:00,21.2,19.8,137.0,285.0,2.65,2.85,79,76
2025-07-11T18:00,19.9,19.7,140.0,139.0,2.84,2.59,67,100
2025-07-11T19:00,18.5,18.1,45.0,45.0,2.16,4.32,100,12
2025-07-11T20:00,17.8,16.8,0.0,1.0,1.49,4.32,63,99
2025-07-11T21:00,16.2,16.2,0.0,0.0,2.76,3.72,87,95
2025-07-11T22:00,15.8,15.4,0.0,0.0,2.81,4.02,100,100
2025-07-11T23:00,15.3,15.1,0.0,0.0,2.35,3.41,100,100
2025-07-12T00:00,14.1,14.6,0.0,0.0,2.67,4.02,57,100
2025-07-12T01:00,13.8,14.3,0.0,0.0,4.02,3.47,100,95
2025-07-12T02:00,13.2,13.9,0.0,0.0,4.08,2.96,100,100
2025-07-12T03:00,13.1,13.4,0.0,0.0,4.0,3.19,100,100
2025-07-12T04:00,13.0,13.0,5.0,7.0,3.6,2.63,100,100
2025-07-12T05:00,13.5,13.9,49.0,68.0,3.84,2.08,100,100
2025-07-12T06:00,15.0,15.2,140.0,137.0,3.38,1.87,100,100
2025-07-12T07:00,16.5,16.8,267.0,231.0,2.45,1.59,66,100
2025-07-12T08:00,18.3,18.3,526.0,354.0,2.55,1.18,72,98
2025-07-12T09:00,20.4,20.2,640.0,626.0,3.37,1.64,87,87
2025-07-12T10:00,21.6,21.0,688.0,629.0,3.53,2.42,85,94
2025-07-12T11:00,21.0,21.9,506.0,667.0,4.19,2.76,100,59
2025-07-12T12:00,20.4,23.6,382.0,742.0,4.93,4.59,100,97
2025-07-12T13:00,21.2,23.7,402.0,609.0,3.69,4.8,100,89
2025-07-12T14:00,21.5,23.9,325.0,557.0,1.58,5.11,100,100
2025-07-12T15:00,22.4,23.8,404.0,432.0,6.05,5.76,100,100
2025-07-12T16:00,21.7,23.4,279.0,348.0,3.44,5.55,100,81
2025-07-12T17:00,21.4,23.1,205.0,265.0,2.85,4.65,100,67
2025-07-12T18:00,20.7,22.1,105.0,119.0,4.02,3.51,87,98
2025-07-12T19:00,18.7,20.6,32.0,42.0,5.36,2.83,91,94
2025-07-12T20:00,17.4,19.6,0.0,1.0,3.61,0.78,81,91
2025-07-12T21:00,16.9,18.6,0.0,0.0,2.48,1.59,62,100
2025-07-12T22:00,16.5,18.0,0.0,0.0,1.87,1.4,57,92
2025-07-12T23:00,15.8,17.0,0.0,0.0,2.92,2.5,67,77
2025-07-13T00:00,15.1,14.9,0.0,0.0,2.02,2.02,47,97
2025-07-13T01:00,14.3,14.5,0.0,0.0,1.71,1.69,21,100
2025-07-13T02:00,13.4,14.2,0.0,0.0,2.24,1.57,100,100
2025-07-13T03:00,13.6,13.6,0.0,0.0,2.68,2.11,100,91
2025-07-13T04:00,13.1,13.0,4.0,5.0,3.45,1.63,100,33
2025-07-13T05:00,13.9,13.5,67.0,61.0,3.46,1.94,29,68
2025-07-13T06:00,15.4,16.1,219.0,212.0,2.57,3.2,0,9
2025-07-13T07:00,18.2,18.9,390.0,358.0,2.43,2.6,0,63
2025-07-13T08:00,20.6,21.6,555.0,549.0,2.55,1.5,0,0
2025-07-13T09:00,22.9,23.6,700.0,701.0,2.33,2.64,0,0
2025-07-13T10:00,24.4,24.8,810.0,720.0,3.47,5.57,0,56
2025-07-13T11:00,25.2,26.0,719.0,757.0,6.94,6.78,53,63
2025-07-13T12:00,26.2,27.3,794.0,891.0,7.3,6.77,45,35
2025-07-13T13:00,27.2,27.7,738.0,822.0,6.82,6.47,85,34
2025-07-13T14:00,27.6,28.0,609.0,709.0,5.61,6.18,29,36
2025-07-13T15:00,27.6,28.4,632.0,595.0,4.85,6.58,32,40
2025-07-13T16:00,27.4,27.9,486.0,444.0,5.78,6.06,10,46
2025-07-13T17:00,26.4,27.4,249.0,296.0,6.1,4.93,78,76
2025-07-13T18:00,24.7,24.3,101.0,159.0,4.27,8.27,70,36
2025-07-13T19:00,22.7,22.4,33.0,48.0,9.66,7.76,75,35
2025-07-13T20:00,20.3,20.9,1.0,0.0,6.12,8.42,72,28
2025-07-13T21:00,19.1,20.1,0.0,0.0,10.92,9.25,100,27
2025-07-13T22:00,18.3,19.3,0.0,0.0,6.66,8.81,35,0
2025-07-13T23:00,17.3,18.5,0.0,0.0,8.41,8.37,0,5
2025-07-14T00:00,17.3,18.0,0.0,0.0,6.77,9.86,0,24
2025-07-14T01:00,16.6,17.4,0.0,0.0,7.12,8.59,0,5
2025-07-14T02:00,16.0,17.1,0.0,0.0,7.15,8.24,0,19
2025-07-14T03:00,15.7,16.9,0.0,0.0,6.96,9.12,0,21
2025-07-14T04:00,15.7,17.0,5.0,6.0,6.67,9.7,100,87
2025-07-14T05:00,17.1,18.1,65.0,70.0,6.79,9.96,74,98
2025-07-14T06:00,19.2,19.5,151.0,178.0,6.27,6.97,100,100
2025-07-14T07:00,19.4,20.6,133.0,223.0,7.62,7.91,100,99
2025-07-14T08:00,19.9,22.0,205.0,395.0,5.83,8.21,100,100
2025-07-14T09:00,22.0,21.4,364.0,423.0,8.37,7.28,96,100
2025-07-14T10:00,20.1,20.2,177.0,262.0,10.1,7.18,100,100
2025-07-14T11:00,19.5,19.9,116.0,216.0,9.35,6.51,100,100
2025-07-14T12:00,21.0,21.4,279.0,374.0,4.99,7.63,100,100
2025-07-14T13:00,24.8,22.8,647.0,519.0,7.81,6.41,48,100
2025-07-14T14:00,23.6,21.7,523.0,363.0,6.53,6.33,100,100
2025-07-14T15:00,24.6,20.7,505.0,245.0,9.28,5.62,100,100
2025-07-14T16:00,20.9,20.9,170.0,158.0,5.82,3.69,100,100
2025-07-14T17:00,20.8,20.8,100.0,194.0,5.08,5.26,100,100
2025-07-14T18:00,18.8,21.2,58.0,115.0,1.84,2.38,78,100
2025-07-14T19:00,18.4,20.2,34.0,24.0,3.32,1.77,56,72
2025-07-14T20:00,17.1,19.2,0.0,0.0,3.07,3.68,6,64
2025-07-14T21:00,17.7,18.9,0.0,0.0,5.49,4.04,95,57
2025-07-14T22:00,16.7,18.5,0.0,0.0,4.78,4.17,0,44
2025-07-14T23:00,16.1,17.9,0.0,0.0,6.41,3.88,0,28
2025-07-15T00:00,15.6,16.6,0.0,0.0,5.08,4.3,0,19
2025-07-15T01:00,15.5,16.3,0.0,0.0,4.55,4.59,0,14
2025-07-15T02:00,14.8,16.1,0.0,0.0,3.86,5.0,100,56
2025-07-15T03:00,14.6,16.0,0.0,0.0,3.68,5.36,35,41
2025-07-15T04:00,14.6,15.9,4.0,5.0,3.86,5.13,64,22
2025-07-15T05:00,16.0,16.8,73.0,72.0,4.56,5.06,6,78
2025-07-15T06:00,18.2,18.9,193.0,139.0,4.96,8.58,28,100
2025-07-15T07:00,19.5,18.5,253.0,93.0,4.09,8.94,96,100
2025-07-15T08:00,20.1,18.7,205.0,136.0,5.61,6.6,98,100
2025-07-15T09:00,22.2,19.2,342.0,208.0,5.35,6.69,90,100
2025-07-15T10:00,24.0,21.0,479.0,402.0,5.65,7.27,100,100
2025-07-15T11:00,24.7,21.5,618.0,468.0,8.02,6.39,97,100
2025-07-15T12:00,23.3,22.4,580.0,417.0,8.31,6.3,100,100
2025-07-15T13:00,21.7,22.3,333.0,528.0,8.42,6.71,100,100
2025-07-15T14:00,22.2,21.0,282.0,460.0,5.48,8.01,100,100
2025-07-15T15:00,23.5,20.4,542.0,220.0,9.14,4.35,96,100
2025-07-15T16:00,22.4,20.6,447.0,277.0,7.71,5.1,100,100
2025-07-15T17:00,21.2,21.0,252.0,158.0,6.44,4.34,100,96
2025-07-15T18:00,19.6,22.0,86.0,113.0,3.78,8.25,100,100
2025-07-15T19:00,18.9,20.4,30.0,36.0,3.45,7.62,77,100
2025-07-15T20:00,18.2,18.8,0.0,0.0,2.18,6.12,100,62
2025-07-15T21:00,17.6,17.6,0.0,0.0,7.49,4.86,100,65
2025-07-15T22:00,17.0,17.6,0.0,0.0,5.92,4.86,100,100
2025-07-15T23:00,16.3,17.1,0.0,0.0,5.47,5.07,100,100
2025-07-16T00:00,15.9,16.0,0.0,0.0,6.67,3.06,100,100
2025-07-16T01:00,15.7,16.1,0.0,0.0,6.86,5.31,100,100
2025-07-16T02:00,15.3,16.1,0.0,0.0,5.7,6.97,100,99
2025-07-16T03:00,14.7,16.1,0.0,0.0,6.45,7.84,100,100
2025-07-16T04:00,14.2,15.5,3.0,4.0,5.46,7.47,100,100
2025-07-16T05:00,14.5,15.6,30.0,43.0,4.95,7.85,100,100
2025-07-16T06:00,15.5,16.8,90.0,117.0,4.25,8.07,100,100
2025-07-16T07:00,17.1,17.6,182.0,148.0,3.86,7.26,100,100
2025-07-16T08:00,18.0,18.2,247.0,196.0,6.84,7.9,97,100
2025-07-16T09:00,16.8,18.8,172.0,274.0,8.46,9.03,100,100
2025-07-16T10:00,16.8,18.6,194.0,323.0,8.33,9.78,100,99
2025-07-16T11:00,17.7,19.6,369.0,301.0,8.38,9.92,92,79
2025-07-16T12:00,18.4,17.6,357.0,200.0,11.71,6.65,97,83
2025-07-16T13:00,18.3,19.8,194.0,564.0,9.65,7.2,100,82
2025-07-16T14:00,18.7,19.2,199.0,474.0,8.53,9.72,100,79
2025-07-16T15:00,18.4,19.1,179.0,296.0,10.41,9.98,100,82
2025-07-16T16:00,16.8,18.2,47.0,280.0,8.46,9.33,100,78
2025-07-16T17:00,16.1,18.0,42.0,227.0,7.63,8.44,100,72
2025-07-16T18:00,16.9,16.9,82.0,160.0,10.53,7.92,100,99
2025-07-16T19:00,16.1,16.0,28.0,39.0,7.65,7.39,89,100
2025-07-16T20:00,15.7,15.2,0.0,0.0,7.67,9.77,98,83
2025-07-16T21:00,15.5,14.7,0.0,0.0,9.26,11.57,91,18
2025-07-16T22:00,13.5,14.4,0.0,0.0,4.44,11.91,100,0
2025-07-16T23:00,12.8,14.0,0.0,0.0,5.4,11.37,100,16
2025-07-17T00:00,13.6,13.6,0.0,0.0,4.08,6.97,100,45
2025-07-17T01:00,13.8,13.3,0.0,0.0,6.17,9.35,100,51
2025-07-17T02:00,13.5,13.2,0.0,0.0,7.06,8.33,100,100
2025-07-17T03:00,12.5,12.9,0.0,0.0,6.96,6.61,100,57
2025-07-17T04:00,12.6,12.6,3.0,4.0,6.69,6.67,87,60
2025-07-17T05:00,13.0,13.2,47.0,69.0,7.15,7.15,77,45
2025-07-17T06:00,14.2,14.1,162.0,192.0,6.44,5.3,82,72
2025-07-17T07:00,15.1,15.5,256.0,278.0,6.48,5.06,72,72
2025-07-17T08:00,16.2,16.7,418.0,372.0,6.01,5.15,81,98
2025-07-17T09:00,16.9,17.6,403.0,406.0,5.84,5.59,92,87
2025-07-17T10:00,17.7,18.2,507.0,502.0,5.52,6.54,83,89
2025-07-17T11:00,18.1,19.6,503.0,563.0,5.45,6.49,68,83
2025-07-17T12:00,20.2,20.4,703.0,628.0,6.02,5.08,97,95
2025-07-17T13:00,20.7,20.6,553.0,505.0,5.44,5.28,92,92
2025-07-17T14:00,20.6,20.9,475.0,409.0,6.45,6.11,55,82
2025-07-17T15:00,21.3,21.1,583.0,431.0,6.03,5.62,71,78
2025-07-17T16:00,20.7,20.9,459.0,318.0,6.69,6.32,43,89
2025-07-17T17:00,20.2,20.6,332.0,249.0,6.37,4.51,8,42
2025-07-17T18:00,19.1,19.5,164.0,157.0,6.03,3.86,55,54
2025-07-17T19:00,16.9,18.3,46.0,41.0,4.35,3.51,48,62
2025-07-17T20:00,15.7,17.7,0.0,0.0,3.14,3.41,40,75
2025-07-17T21:00,15.5,17.2,0.0,0.0,3.14,3.89,100,79
2025-07-17T22:00,15.1,16.8,0.0,0.0,3.9,3.35,72,79
2025-07-17T23:00,14.4,16.5,0.0,0.0,3.33,2.79,75,80
2025-07-18T00:00,13.7,15.0,0.0,0.0,3.61,3.23,37,78
2025-07-18T01:00,12.8,14.3,0.0,0.0,4.35,3.88,27,67
2025-07-18T02:00,12.3,13.6,0.0,0.0,3.59,4.37,51,62
2025-07-18T03:00,11.6,12.9,0.0,0.0,2.94,4.44,0,29
2025-07-18T04:00,11.5,12.3,4.0,3.0,2.89,3.53,0,0
2025-07-18T05:00,12.6,13.0,73.0,76.0,2.81,3.14,3,0
2025-07-18T06:00,15.0,14.6,210.0,214.0,3.38,3.48,7,19
2025-07-18T07:00,17.4,17.5,379.0,376.0,0.4,3.43,0,30
2025-07-18T08:00,19.3,19.5,544.0,544.0,1.08,1.92,32,0
2025-07-18T09:00,20.6,21.1,674.0,689.0,1.93,2.15,100,0
2025-07-18T10:00,21.2,21.9,646.0,674.0,2.04,2.75,81,85
2025-07-18T11:00,22.2,22.5,658.0,657.0,1.94,2.75,100,76
2025-07-18T12:00,23.4,23.3,745.0,634.0,1.52,2.39,100,100
2025-07-18T13:00,23.7,23.4,767.0,572.0,3.04,1.94,100,100
2025-07-18T14:00,23.2,23.4,529.0,450.0,3.04,1.69,100,100
2025-07-18T15:00,24.3,23.8,500.0,450.0,1.97,1.18,100,100
2025-07-18T16:00,23.8,23.9,416.0,461.0,3.97,0.88,100,88
2025-07-18T17:00,23.7,23.6,289.0,335.0,1.38,0.98,93,15
2025-07-18T18:00,22.9,21.8,142.0,146.0,1.29,1.1,98,18
2025-07-18T19:00,21.3,20.5,47.0,46.0,1.98,0.69,0,0
2025-07-18T20:00,19.6,18.9,0.0,0.0,2.67,1.18,0,14
2025-07-18T21:00,17.5,17.6,0.0,0.0,1.94,1.61,0,14
2025-07-18T22:00,16.9,16.6,0.0,0.0,0.98,2.37,0,99
2025-07-18T23:00,15.9,15.9,0.0,0.0,2.86,3.02,0,82
2025-07-19T00:00,14.7,15.2,0.0,0.0,2.38,3.8,0,100
2025-07-19T01:00,14.1,14.6,0.0,0.0,2.55,4.13,0,33
2025-07-19T02:00,13.4,14.0,0.0,0.0,2.67,4.3,0,0
2025-07-19T03:00,13.2,13.4,0.0,0.0,3.6,3.88,0,0
2025-07-19T04:00,13.2,13.3,3.0,3.0,4.34,4.17,0,0
2025-07-19T05:00,14.1,14.5,71.0,72.0,5.11,5.49,56,0
2025-07-19T06:00,16.7,16.7,205.0,207.0,4.97,5.48,85,4
2025-07-19T07:00,18.9,19.0,373.0,372.0,3.38,3.59,9,85
2025-07-19T08:00,21.0,20.9,536.0,528.0,4.52,3.98,5,54
2025-07-19T09:00,23.6,22.7,679.0,645.0,4.13,3.96,0,96
2025-07-19T10:00,25.3,24.4,789.0,768.0,4.57,4.48,0,5
2025-07-19T11:00,26.6,25.7,848.0,842.0,4.35,3.93,5,20
2025-07-19T12:00,27.0,26.2,838.0,771.0,3.33,2.02,94,100
2025-07-19T13:00,27.7,26.3,827.0,567.0,2.83,0.84,77,100
2025-07-19T14:00,28.0,26.7,719.0,528.0,2.35,0.84,100,95
2025-07-19T15:00,27.5,26.2,546.0,386.0,3.33,2.46,100,100
2025-07-19T16:00,27.6,25.3,443.0,257.0,2.72,3.94,17,100
2025-07-19T17:00,26.9,23.7,292.0,132.0,2.07,6.39,78,100
2025-07-19T18:00,25.7,22.1,89.0,50.0,1.5,7.19,100,100
2025-07-19T19:00,21.9,19.9,13.0,18.0,10.39,5.68,100,100
2025-07-19T20:00,20.1,19.0,0.0,0.0,8.55,4.63,100,100
2025-07-19T21:00,18.3,18.5,0.0,0.0,8.61,6.15,100,100
2025-07-19T22:00,17.5,18.3,0.0,0.0,4.68,3.2,100,100
2025-07-19T23:00,17.3,18.1,0.0,0.0,6.84,3.82,100,100
2025-07-20T00:00,16.3,17.1,0.0,0.0,3.07,3.74,76,100
2025-07-20T01:00,15.9,16.5,0.0,0.0,2.02,4.21,95,40
2025-07-20T02:00,15.5,15.9,0.0,0.0,0.89,3.63,44,10
2025-07-20T03:00,15.8,15.3,0.0,0.0,3.19,3.33,39,44
2025-07-20T04:00,15.2,14.9,3.0,3.0,2.81,3.09,54,57
2025-07-20T05:00,16.0,15.7,67.0,64.0,3.34,2.82,100,92
2025-07-20T06:00,18.2,18.0,168.0,168.0,1.98,2.76,97,100
2025-07-20T07:00,19.6,19.7,225.0,265.0,1.1,1.71,97,91
2025-07-20T08:00,21.4,21.6,422.0,479.0,1.86,1.87,90,87
2025-07-20T09:00,23.0,23.1,508.0,599.0,2.21,1.94,89,36
2025-07-20T10:00,24.6,24.6,615.0,734.0,2.08,1.81,100,50
2025-07-20T11:00,26.5,25.8,745.0,782.0,1.67,1.53,100,83
2025-07-20T12:00,28.1,27.7,807.0,828.0,1.12,1.79,100,100
2025-07-20T13:00,29.0,28.2,761.0,743.0,1.68,1.28,100,88
2025-07-20T14:00,29.6,28.2,725.0,602.0,2.21,0.69,65,97
2025-07-20T15:00,29.2,28.1,530.0,487.0,2.39,0.35,100,91
2025-07-20T16:00,28.9,27.8,368.0,397.0,2.69,0.2,100,75
2025-07-20T17:00,28.6,27.3,307.0,266.0,2.4,0.4,100,68
2025-07-20T18:00,26.5,27.3,115.0,106.0,2.19,2.46,100,95
2025-07-20T19:00,24.1,25.1,15.0,15.0,4.57,4.65,100,100
2025-07-20T20:00,19.2,23.0,0.0,0.0,3.53,5.59,100,100
2025-07-20T21:00,19.2,20.1,0.0,0.0,6.48,5.75,97,100
2025-07-20T22:00,19.0,19.7,0.0,0.0,4.93,4.25,97,100
2025-07-20T23:00,18.9,19.4,0.0,0.0,4.19,4.35,100,100
2025-07-21T00:00,18.3,18.9,0.0,0.0,2.91,0.6,100,100
2025-07-21T01:00,18.0,18.6,0.0,0.0,1.86,0.5,100,100
2025-07-21T02:00,17.9,18.4,0.0,0.0,2.02,0.71,100,100
2025-07-21T03:00,17.5,18.4,0.0,0.0,3.72,1.86,100,100
2025-07-21T04:00,17.6,18.4,0.0,0.0,7.31,1.01,100,100
2025-07-21T05:00,16.7,18.2,8.0,5.0,7.18,11.13,100,100
2025-07-21T06:00,16.7,15.4,18.0,23.0,6.96,7.63,100,100
2025-07-21T07:00,16.8,15.5,36.0,59.0,7.28,4.61,100,100
2025-07-21T08:00,16.6,16.2,74.0,119.0,8.28,4.39,100,100
2025-07-21T09:00,16.9,16.7,106.0,149.0,6.31,4.4,100,100
2025-07-21T10:00,16.9,16.9,154.0,165.0,4.69,2.64,100,100
2025-07-21T11:00,17.0,17.9,157.0,223.0,2.86,4.44,100,100
2025-07-21T12:00,17.9,20.3,213.0,744.0,5.65,3.77,100,100
2025-07-21T13:00,19.3,22.0,393.0,780.0,2.37,2.18,81,0
2025-07-21T14:00,21.2,23.0,719.0,698.0,3.31,2.72,0,57
2025-07-21T15:00,21.6,23.1,645.0,455.0,2.5,3.07,47,84
2025-07-21T16:00,22.4,22.0,483.0,347.0,3.55,6.37,27,100
2025-07-21T17:00,22.1,21.1,321.0,203.0,4.27,4.47,95,100
2025-07-21T18:00,20.9,20.2,148.0,129.0,6.2,8.06,100,100
2025-07-21T19:00,18.9,18.6,27.0,37.0,5.09,8.0,74,98
2025-07-21T20:00,15.7,17.5,0.0,0.0,4.46,7.88,100,74
2025-07-21T21:00,15.8,16.6,0.0,0.0,7.07,8.62,100,76
2025-07-21T22:00,15.2,16.3,0.0,0.0,7.44,10.14,30,88
2025-07-21T23:00,15.0,16.2,0.0,0.0,8.71,10.52,16,72
2025-07-22T00:00,15.4,15.7,0.0,0.0,7.86,11.53,100,44
2025-07-22T01:00,15.0,16.1,0.0,0.0,7.7,10.66,47,66
2025-07-22T02:00,14.7,16.1,0.0,0.0,7.9,10.4,72,85
2025-07-22T03:00,15.5,16.1,0.0,0.0,8.26,10.44,87,90
2025-07-22T04:00,15.8,15.6,2.0,1.0,7.98,9.55,90,100
2025-07-22T05:00,16.0,15.3,51.0,11.0,7.7,10.48,91,95
2025-07-22T06:00,16.9,15.3,148.0,28.0,9.29,8.67,88,100
2025-07-22T07:00,17.0,15.4,178.0,59.0,9.33,8.8,95,100
2025-07-22T08:00,17.3,15.7,265.0,90.0,11.76,8.57,97,100
2025-07-22T09:00,17.0,16.1,204.0,136.0,10.75,8.33,100,100
2025-07-22T10:00,17.4,17.6,250.0,379.0,9.02,8.61,95,93
2025-07-22T11:00,17.5,18.1,236.0,491.0,8.03,8.13,98,79
2025-07-22T12:00,19.2,18.7,563.0,407.0,6.23,8.67,94,96
2025-07-22T13:00,19.5,19.3,287.0,430.0,7.13,8.62,89,62
2025-07-22T14:00,20.0,20.2,472.0,525.0,4.22,7.95,100,74
2025-07-22T15:00,19.5,19.3,252.0,350.0,4.99,7.99,100,84
2025-07-22T16:00,18.5,19.8,119.0,369.0,6.15,6.78,99,82
2025-07-22T17:00,18.4,19.4,175.0,232.0,6.35,6.17,100,97
2025-07-22T18:00,17.9,19.6,63.0,129.0,4.91,6.48,45,99
2025-07-22T19:00,16.9,18.6,31.0,19.0,5.2,7.1,22,61
2025-07-22T20:00,15.9,17.5,0.0,0.0,5.69,6.32,54,74
2025-07-22T21:00,15.2,16.6,0.0,0.0,4.73,5.1,56,73
2025-07-22T22:00,15.0,15.5,0.0,0.0,4.12,4.59,55,24
2025-07-22T23:00,14.5,14.5,0.0,0.0,4.82,5.4,42,17
2025-07-23T00:00,14.1,13.3,0.0,0.0,3.47,4.21,67,33
2025-07-23T01:00,13.4,12.6,0.0,0.0,3.47,3.9,61,9
2025-07-23T02:00,13.0,11.7,0.0,0.0,3.76,3.4,37,32
2025-07-23T03:00,12.8,11.1,0.0,0.0,4.92,3.27,8,37
2025-07-23T04:00,12.7,10.7,2.0,3.0,5.31,3.38,19,47
2025-07-23T05:00,13.5,11.5,62.0,64.0,3.89,2.83,41,82
2025-07-23T06:00,14.9,14.2,205.0,203.0,2.64,1.06,0,5
2025-07-23T07:00,17.1,17.1,372.0,367.0,2.02,0.75,0,46
2025-07-23T08:00,18.7,19.2,538.0,513.0,2.08,0.66,21,85
2025-07-23T09:00,20.3,20.5,651.0,654.0,3.16,0.49,60,35
2025-07-23T10:00,21.3,21.7,692.0,724.0,4.66,1.45,39,81
2025-07-23T11:00,21.8,22.4,692.0,610.0,5.0,2.41,67,95
2025-07-23T12:00,22.9,23.2,791.0,696.0,5.42,2.81,60,64
2025-07-23T13:00,23.4,23.8,719.0,677.0,5.11,3.27,51,69
2025-07-23T14:00,23.9,24.1,607.0,639.0,5.42,2.58,100,56
2025-07-23T15:00,23.2,24.0,612.0,549.0,4.23,2.46,30,85
2025-07-23T16:00,22.8,23.9,449.0,405.0,3.68,2.26,54,69
2025-07-23T17:00,21.1,23.4,284.0,254.0,6.96,1.55,97,70
2025-07-23T18:00,19.7,23.0,110.0,131.0,4.73,3.94,100,64
2025-07-23T19:00,18.7,21.1,24.0,31.0,3.88,3.76,95,59
2025-07-23T20:00,17.9,19.5,0.0,0.0,4.68,4.3,78,94
2025-07-23T21:00,17.3,18.5,0.0,0.0,4.16,4.8,84,100
2025-07-23T22:00,16.6,17.6,0.0,0.0,3.95,4.45,100,100
2025-07-23T23:00,16.3,17.3,0.0,0.0,2.98,3.61,100,100
2025-07-24T00:00,15.8,14.5,0.0,0.0,2.15,4.24,100,43
2025-07-24T01:00,15.7,14.5,0.0,0.0,1.62,3.72,100,97
2025-07-24T02:00,15.2,14.5,0.0,0.0,2.55,4.21,100,89
2025-07-24T03:00,14.6,14.3,0.0,0.0,1.9,2.29,100,100
2025-07-24T04:00,14.2,14.0,0.0,1.0,2.61,1.87,100,100
2025-07-24T05:00,14.2,14.7,16.0,41.0,1.29,2.39,100,100
2025-07-24T06:00,14.7,15.9,31.0,114.0,1.87,5.61,100,96
2025-07-24T07:00,15.2,16.4,72.0,135.0,1.59,3.94,100,100
2025-07-24T08:00,15.4,16.9,132.0,170.0,1.67,3.29,100,100
2025-07-24T09:00,17.0,17.4,234.0,186.0,3.17,3.03,100,100
2025-07-24T10:00,17.1,18.3,179.0,304.0,2.45,1.73,100,100
2025-07-24T11:00,17.6,19.1,186.0,441.0,1.06,2.39,100,99
2025-07-24T12:00,19.3,19.9,480.0,470.0,2.45,1.43,100,100
2025-07-24T13:00,19.9,20.0,411.0,408.0,2.31,1.25,100,100
2025-07-24T14:00,20.5,20.0,462.0,326.0,2.16,0.79,100,100
2025-07-24T15:00,18.4,20.1,116.0,292.0,2.08,0.84,100,100
2025-07-24T16:00,19.4,20.0,276.0,203.0,1.57,0.62,75,100
2025-07-24T17:00,19.3,19.0,188.0,126.0,1.4,0.2,97,100
2025-07-24T18:00,18.7,17.7,89.0,32.0,2.4,4.83,100,100
2025-07-24T19:00,17.5,16.4,9.0,11.0,1.58,5.4,100,100
2025-07-24T20:00,16.5,15.8,0.0,0.0,5.83,5.1,100,100
2025-07-24T21:00,15.9,15.8,0.0,0.0,2.59,4.62,100,100
2025-07-24T22:00,15.8,15.7,0.0,0.0,1.61,4.41,100,100
2025-07-24T23:00,15.6,15.5,0.0,0.0,1.47,3.73,100,97
2025-07-25T00:00,15.6,15.8,0.0,0.0,1.32,2.02,100,100
2025-07-25T01:00,15.3,15.5,0.0,0.0,0.93,1.45,100,100
2025-07-25T02:00,15.1,15.2,0.0,0.0,2.85,2.08,100,100
2025-07-25T03:00,15.0,15.0,0.0,0.0,1.77,2.86,100,100
2025-07-25T04:00,15.0,14.8,0.0,1.0,2.32,2.81,100,100
2025-07-25T05:00,15.2,15.1,13.0,37.0,2.16,2.47,100,100
2025-07-25T06:00,14.9,15.9,45.0,132.0,0.5,1.68,100,84
2025-07-25T07:00,15.6,16.9,81.0,259.0,1.06,1.39,100,77
2025-07-25T08:00,16.1,18.1,100.0,364.0,1.06,1.39,100,83
2025-07-25T09:00,17.1,18.7,224.0,409.0,0.6,1.94,100,99
2025-07-25T10:00,17.7,19.4,282.0,581.0,0.66,1.73,100,98
2025-07-25T11:00,17.6,20.4,157.0,635.0,1.94,1.9,100,93
2025-07-25T12:00,17.8,20.0,189.0,508.0,1.59,0.83,100,97
2025-07-25T13:00,18.3,20.3,303.0,512.0,2.11,0.97,100,98
2025-07-25T14:00,19.3,20.6,384.0,435.0,1.31,0.98,88,100
2025-07-25T15:00,19.7,20.3,485.0,340.0,1.38,1.59,86,100
2025-07-25T16:00,19.6,19.6,305.0,295.0,1.59,1.89,95,97
2025-07-25T17:00,19.4,18.9,204.0,207.0,2.02,1.67,95,100
2025-07-25T18:00,19.2,19.2,119.0,79.0,0.81,2.79,71,100
2025-07-25T19:00,18.5,17.8,27.0,18.0,1.19,4.33,96,100
2025-07-25T20:00,17.4,17.0,0.0,0.0,1.36,4.32,72,100
2025-07-25T21:00,16.0,16.4,0.0,0.0,3.7,3.07,93,100
2025-07-25T22:00,15.3,16.3,0.0,0.0,1.4,3.2,90,100
2025-07-25T23:00,15.1,16.2,0.0,0.0,1.88,3.84,82,100
2025-07-26T00:00,14.3,14.5,0.0,0.0,2.38,2.7,83,100
2025-07-26T01:00,14.0,14.4,0.0,0.0,2.53,3.38,97,100
2025-07-26T02:00,13.8,14.6,0.0,0.0,2.39,3.85,100,99
2025-07-26T03:00,13.3,14.9,0.0,0.0,2.72,3.69,100,100
2025-07-26T04:00,13.4,14.8,1.0,1.0,2.59,4.42,100,100
2025-07-26T05:00,14.2,15.1,35.0,16.0,2.53,3.69,100,100
2025-07-26T06:00,14.9,15.3,108.0,45.0,2.33,4.17,100,100
2025-07-26T07:00,15.5,16.6,108.0,134.0,1.62,4.61,100,100
2025-07-26T08:00,15.7,17.7,98.0,245.0,2.96,3.73,100,100
2025-07-26T09:00,18.6,18.5,342.0,304.0,1.19,2.42,98,100
2025-07-26T10:00,19.0,18.8,387.0,279.0,2.38,2.77,100,100
2025-07-26T11:00,20.2,19.0,490.0,269.0,2.18,3.29,95,100
2025-07-26T12:00,21.0,19.2,481.0,318.0,2.02,3.6,100,100
2025-07-26T13:00,21.3,19.5,466.0,334.0,1.61,3.37,100,100
2025-07-26T14:00,20.1,19.1,251.0,245.0,0.98,4.87,100,100
2025-07-26T15:00,18.2,19.0,166.0,225.0,3.63,4.74,100,100
2025-07-26T16:00,17.0,18.5,125.0,185.0,3.44,4.18,100,100
2025-07-26T17:00,16.9,18.4,75.0,120.0,3.02,3.9,100,100
2025-07-26T18:00,17.4,17.1,62.0,19.0,0.9,4.88,100,100
2025-07-26T19:00,16.6,16.7,11.0,4.0,3.82,4.32,100,100
2025-07-26T20:00,16.2,16.4,0.0,0.0,5.65,4.56,100,100
2025-07-26T21:00,15.4,16.3,0.0,0.0,4.09,4.52,98,100
2025-07-26T22:00,15.2,16.3,0.0,0.0,3.73,4.94,98,100
2025-07-26T23:00,15.4,16.2,0.0,0.0,5.2,5.27,96,100
2025-07-27T00:00,15.4,15.4,0.0,0.0,5.71,4.71,97,98
2025-07-27T01:00,15.3,15.3,0.0,0.0,4.96,5.07,100,97
2025-07-27T02:00,15.4,15.2,0.0,0.0,5.65,5.01,100,93
2025-07-27T03:00,15.0,15.1,0.0,0.0,4.43,5.19,100,92
2025-07-27T04:00,15.2,15.1,0.0,0.0,4.65,4.66,100,92
2025-07-27T05:00,15.6,15.2,17.0,22.0,4.82,5.04,98,98
2025-07-27T06:00,16.2,15.5,121.0,31.0,4.56,4.62,91,99
2025-07-27T07:00,16.9,16.8,183.0,109.0,5.55,5.19,97,93
2025-07-27T08:00,17.2,17.9,214.0,318.0,4.61,3.42,98,88
2025-07-27T09:00,18.3,18.6,311.0,409.0,3.99,3.97,100,96
2025-07-27T10:00,18.7,18.4,311.0,367.0,4.21,3.77,94,98
2025-07-27T11:00,19.2,18.9,322.0,479.0,4.78,3.07,89,84
2025-07-27T12:00,20.1,20.6,595.0,422.0,4.74,3.04,84,100
2025-07-27T13:00,20.4,19.1,541.0,255.0,3.4,4.02,100,96
2025-07-27T14:00,20.2,20.2,372.0,381.0,2.15,2.81,100,100
2025-07-27T15:00,18.6,19.2,218.0,208.0,4.52,3.84,100,100
2025-07-27T16:00,18.1,17.9,241.0,135.0,5.27,6.38,100,100
2025-07-27T17:00,17.4,17.6,141.0,114.0,6.01,5.36,100,100
2025-07-27T18:00,17.3,16.8,60.0,41.0,4.86,5.49,100,100
2025-07-27T19:00,15.4,16.3,12.0,8.0,3.07,5.29,100,100
2025-07-27T20:00,14.8,16.0,0.0,0.0,4.0,5.73,100,100
2025-07-27T21:00,15.8,15.6,0.0,0.0,5.74,6.3,100,100
2025-07-27T22:00,15.1,15.4,0.0,0.0,6.93,6.58,100,100
2025-07-27T23:00,14.5,15.1,0.0,0.0,6.18,6.6,100,100
2025-07-28T00:00,14.2,15.0,0.0,0.0,6.08,6.51,100,97
2025-07-28T01:00,14.0,14.7,0.0,0.0,6.63,5.98,100,100
2025-07-28T02:00,14.0,14.5,0.0,0.0,7.83,4.86,100,100
2025-07-28T03:00,14.4,14.4,0.0,0.0,6.27,5.77,100,100
2025-07-28T04:00,14.2,14.3,0.0,1.0,6.91,5.27,100,100
2025-07-28T05:00,13.3,14.3,4.0,24.0,6.29,5.09,100,100
2025-07-28T06:00,13.6,13.9,13.0,18.0,8.09,6.49,100,100
2025-07-28T07:00,13.6,13.9,30.0,37.0,9.02,7.97,100,100
2025-07-28T08:00,13.7,13.9,60.0,92.0,8.6,4.12,100,100
2025-07-28T09:00,13.6,14.4,105.0,127.0,9.3,4.59,100,100
2025-07-28T10:00,13.3,14.8,80.0,140.0,8.74,4.17,100,100
2025-07-28T11:00,13.7,15.1,70.0,214.0,8.54,4.18,100,100
2025-07-28T12:00,14.8,15.6,216.0,133.0,9.65,4.74,100,100
2025-07-28T13:00,15.0,17.6,292.0,347.0,7.78,6.1,100,100
2025-07-28T14:00,15.5,17.8,205.0,368.0,7.5,7.0,100,100
2025-07-28T15:00,15.6,17.4,194.0,236.0,6.75,7.21,100,100
2025-07-28T16:00,16.2,17.0,144.0,186.0,5.32,6.84,100,100
2025-07-28T17:00,15.8,16.9,122.0,167.0,6.7,5.68,100,100
2025-07-28T18:00,14.6,16.6,32.0,84.0,5.48,5.19,100,100
2025-07-28T19:00,14.2,15.5,8.0,23.0,6.18,6.2,100,100
2025-07-28T20:00,13.7,15.0,0.0,0.0,5.98,5.92,100,100
2025-07-28T21:00,13.7,14.6,0.0,0.0,6.4,5.83,100,100
2025-07-28T22:00,13.5,14.2,0.0,0.0,6.67,5.98,100,100
2025-07-28T23:00,13.3,13.8,0.0,0.0,6.27,6.32,100,100
2025-07-29T00:00,13.1,13.6,0.0,0.0,6.08,6.28,100,100
2025-07-29T01:00,12.8,13.3,0.0,0.0,6.28,6.65,100,81
2025-07-29T02:00,12.4,12.9,0.0,0.0,6.17,7.06,94,85
2025-07-29T03:00,12.5,12.8,0.0,0.0,5.3,6.41,94,95
2025-07-29T04:00,12.2,12.7,0.0,0.0,5.24,6.18,95,85
2025-07-29T05:00,12.4,13.0,39.0,37.0,5.53,6.46,95,84
2025-07-29T06:00,13.2,13.6,100.0,117.0,5.48,5.25,93,87
2025-07-29T07:00,14.1,14.5,169.0,208.0,5.18,4.12,91,78
2025-07-29T08:00,14.6,15.4,209.0,360.0,4.44,4.4,94,86
2025-07-29T09:00,15.5,15.9,327.0,378.0,5.13,4.5,97,86
2025-07-29T10:00,16.1,16.6,340.0,389.0,6.15,4.44,77,79
2025-07-29T11:00,16.6,16.6,575.0,475.0,3.64,4.71,89,99
2025-07-29T12:00,17.4,17.2,651.0,303.0,3.81,3.56,100,85
2025-07-29T13:00,15.3,18.2,227.0,516.0,1.89,3.91,99,82
2025-07-29T14:00,17.6,18.8,564.0,563.0,1.59,3.66,72,67
2025-07-29T15:00,18.6,18.9,400.0,451.0,4.12,2.9,73,74
2025-07-29T16:00,16.4,18.8,207.0,323.0,3.14,3.33,75,63
2025-07-29T17:00,16.6,18.6,124.0,259.0,2.61,3.16,100,48
2025-07-29T18:00,16.5,17.5,140.0,151.0,2.55,3.9,40,37
2025-07-29T19:00,15.8,16.3,27.0,30.0,4.3,5.08,73,61
2025-07-29T20:00,14.7,15.1,0.0,0.0,4.57,5.66,39,100
2025-07-29T21:00,14.2,14.4,0.0,0.0,4.48,5.46,90,100
2025-07-29T22:00,13.1,14.1,0.0,0.0,4.54,5.53,94,69
2025-07-29T23:00,12.3,13.9,0.0,0.0,4.52,5.55,100,94
2025-07-30T00:00,12.2,13.2,0.0,0.0,5.28,4.38,100,100
2025-07-30T01:00,12.0,13.0,0.0,0.0,4.76,4.34,100,100
2025-07-30T02:00,11.8,12.9,0.0,0.0,4.74,3.94,100,100
2025-07-30T03:00,11.3,12.5,0.0,0.0,4.44,3.94,92,100
2025-07-30T04:00,11.5,12.3,0.0,0.0,4.65,4.59,100,100
2025-07-30T05:00,11.9,12.7,33.0,33.0,4.92,4.92,99,99
2025-07-30T06:00,13.2,13.3,124.0,84.0,4.62,3.55,87,100
2025-07-30T07:00,14.7,14.7,230.0,162.0,3.46,3.1,98,98
2025-07-30T08:00,16.6,15.8,358.0,215.0,3.56,1.67,93,100
2025-07-30T09:00,17.7,15.9,423.0,203.0,4.25,2.11,100,100
2025-07-30T10:00,18.0,16.5,398.0,312.0,4.86,2.64,95,100
2025-07-30T11:00,17.6,16.8,334.0,273.0,5.24,2.67,100,100
2025-07-30T12:00,17.4,18.9,267.0,460.0,4.5,3.83,100,100
2025-07-30T13:00,17.1,17.4,237.0,245.0,4.82,3.83,100,100
2025-07-30T14:00,16.4,16.6,186.0,226.0,5.99,3.97,100,100
2025-07-30T15:00,16.9,16.2,152.0,156.0,5.8,3.69,100,100
2025-07-30T16:00,16.5,16.3,176.0,174.0,6.48,4.44,100,100
2025-07-30T17:00,16.6,15.9,161.0,102.0,5.04,5.61,97,100
2025-07-30T18:00,16.2,15.4,91.0,105.0,5.83,5.56,90,99
2025-07-30T19:00,15.1,14.5,18.0,24.0,5.3,6.14,68,89
2025-07-30T20:00,14.3,13.9,0.0,0.0,5.92,6.41,95,60
2025-07-30T21:00,13.4,13.5,0.0,0.0,5.33,6.97,12,59
2025-07-30T22:00,13.1,13.2,0.0,0.0,6.2,7.25,61,34
2025-07-30T23:00,13.3,13.0,0.0,0.0,6.1,7.51,15,65
2025-07-31T00:00,12.2,13.6,0.0,0.0,5.35,5.77,55,75
2025-07-31T01:00,11.7,13.3,0.0,0.0,5.61,5.57,0,66
2025-07-31T02:00,11.2,12.8,0.0,0.0,5.44,5.74,89,73
2025-07-31T03:00,11.2,12.5,0.0,0.0,5.44,5.94,34,64
2025-07-31T04:00,11.2,12.2,0.0,0.0,5.78,5.85,96,54
2025-07-31T05:00,12.1,12.5,37.0,48.0,5.63,5.75,79,61
2025-07-31T06:00,13.4,13.7,170.0,164.0,5.01,5.71,100,54
2025-07-31T07:00,14.9,14.5,223.0,234.0,4.08,5.43,100,100
2025-07-31T08:00,15.8,14.8,235.0,135.0,4.78,6.84,97,100
2025-07-31T09:00,15.9,15.6,176.0,223.0,5.14,6.46,99,95
2025-07-31T10:00,16.9,17.2,309.0,410.0,6.22,6.02,98,98
2025-07-31T11:00,17.5,17.7,360.0,382.0,7.26,6.67,100,94
2025-07-31T12:00,19.1,18.6,467.0,454.0,6.47,7.45,100,96
2025-07-31T13:00,19.1,19.0,376.0,440.0,6.25,7.17,91,99
2025-07-31T14:00,18.5,18.7,211.0,286.0,3.87,6.7,99,100
2025-07-31T15:00,18.3,18.7,292.0,284.0,5.0,5.91,97,98
2025-07-31T16:00,18.2,18.1,139.0,193.0,3.73,4.9,100,97
2025-07-31T17:00,18.6,17.8,199.0,124.0,3.99,5.06,100,98
2025-07-31T18:00,18.3,16.9,110.0,70.0,4.43,6.35,97,75
2025-07-31T19:00,17.0,16.2,20.0,19.0,4.35,8.24,92,90
2025-07-31T20:00,16.4,15.7,0.0,0.0,5.61,9.29,100,82
2025-07-31T21:00,15.2,15.5,0.0,0.0,4.44,9.13,84,92
2025-07-31T22:00,14.8,15.4,0.0,0.0,4.67,8.42,89,75
2025-07-31T23:00,14.4,15.2,0.0,0.0,5.13,8.11,90,100
2025-08-01T00:00,14.2,14.7,0.0,0.0,4.69,7.13,99,94
2025-08-01T01:00,14.1,14.5,0.0,0.0,4.12,6.75,100,100
2025-08-01T02:00,13.8,14.4,0.0,0.0,4.02,6.36,100,100
2025-08-01T03:00,14.4,14.4,0.0,0.0,5.06,5.74,100,100
2025-08-01T04:00,14.3,14.3,0.0,0.0,5.41,5.92,100,100
2025-08-01T05:00,14.6,14.5,20.0,19.0,5.63,6.45,100,100
2025-08-01T06:00,15.6,15.2,77.0,34.0,6.35,7.06,100,100
2025-08-01T07:00,17.3,15.3,213.0,45.0,5.41,6.06,98,100
2025-08-01T08:00,18.6,15.9,343.0,129.0,6.92,6.53,75,100
2025-08-01T09:00,16.6,16.2,123.0,199.0,7.15,7.82,98,95
2025-08-01T10:00,17.1,17.2,351.0,312.0,8.17,8.2,100,100
2025-08-01T11:00,18.7,17.9,444.0,352.0,6.96,6.72,100,74
2025-08-01T12:00,19.6,18.6,475.0,457.0,5.88,5.68,76,100
2025-08-01T13:00,19.2,19.4,403.0,380.0,5.39,5.18,100,100
2025-08-01T14:00,17.3,18.9,173.0,295.0,2.29,4.83,89,100
2025-08-01T15:00,20.8,18.7,507.0,342.0,6.56,5.6,57,100
2025-08-01T16:00,19.8,17.9,246.0,211.0,4.69,5.61,100,95
2025-08-01T17:00,16.2,17.7,46.0,187.0,5.35,4.56,100,100
2025-08-01T18:00,18.3,16.9,125.0,107.0,3.76,4.43,100,100
2025-08-01T19:00,16.9,16.4,13.0,12.0,3.57,4.53,98,100
2025-08-01T20:00,16.1,15.7,0.0,0.0,3.67,4.8,100,100
2025-08-01T21:00,14.9,15.2,0.0,0.0,3.99,5.02,100,100
2025-08-01T22:00,14.5,14.9,0.0,0.0,4.06,5.39,100,100
2025-08-01T23:00,14.4,14.7,0.0,0.0,4.82,5.63,100,100
2025-08-02T00:00,13.7,14.7,0.0,0.0,6.93,5.39,100,100
2025-08-02T01:00,14.1,14.5,0.0,0.0,6.22,4.8,100,100
2025-08-02T02:00,14.1,14.3,0.0,0.0,5.83,4.13,100,100
2025-08-02T03:00,14.0,14.2,0.0,0.0,5.5,4.28,100,100
2025-08-02T04:00,13.7,14.1,0.0,0.0,6.03,3.94,99,100
2025-08-02T05:00,13.7,14.0,22.0,11.0,5.06,4.33,100,100
2025-08-02T06:00,14.7,14.3,94.0,68.0,2.82,5.33,99,100
2025-08-02T07:00,15.4,14.3,204.0,87.0,4.3,4.62,100,100
2025-08-02T08:00,15.3,14.5,250.0,192.0,4.53,4.65,100,100
2025-08-02T09:00,14.0,14.9,73.0,262.0,4.7,4.69,100,100
2025-08-02T10:00,15.3,15.7,222.0,350.0,4.92,4.44,100,100
2025-08-02T11:00,15.6,16.5,247.0,440.0,4.32,4.42,100,100
2025-08-02T12:00,15.3,16.7,193.0,405.0,3.99,3.66,100,100
2025-08-02T13:00,15.1,17.2,201.0,439.0,4.75,4.29,100,100
2025-08-02T14:00,15.4,17.7,208.0,471.0,7.67,4.51,100,100
2025-08-02T15:00,14.7,17.8,121.0,485.0,3.84,4.13,100,100
2025-08-02T16:00,14.7,17.1,73.0,338.0,4.43,5.04,100,100
2025-08-02T17:00,14.3,16.8,36.0,226.0,5.49,5.21,100,100
2025-08-02T18:00,13.5,15.3,22.0,76.0,6.5,4.61,100,100
2025-08-02T19:00,13.2,14.6,7.0,18.0,6.46,5.3,100,100
2025-08-02T20:00,13.2,14.0,0.0,0.0,6.88,6.23,100,98
2025-08-02T21:00,13.4,13.8,0.0,0.0,5.98,7.55,100,94
2025-08-02T22:00,13.2,13.3,0.0,0.0,5.92,5.94,100,67
2025-08-02T23:00,13.0,12.7,0.0,0.0,6.0,6.32,100,48
2025-08-03T00:00,12.5,12.3,0.0,0.0,5.76,4.96,100,80
2025-08-03T01:00,12.7,12.3,0.0,0.0,5.57,4.88,100,92
2025-08-03T02:00,12.7,12.4,0.0,0.0,5.2,5.02,98,100
2025-08-03T03:00,12.2,12.5,0.0,0.0,5.43,5.02,100,92
2025-08-03T04:00,12.2,12.5,0.0,0.0,5.69,5.59,89,95
2025-08-03T05:00,12.4,12.6,27.0,19.0,5.01,6.09,95,98
2025-08-03T06:00,12.8,13.1,34.0,84.0,4.71,4.97,99,100
2025-08-03T07:00,13.7,13.5,128.0,107.0,3.69,4.13,98,87
2025-08-03T08:00,14.2,14.6,149.0,247.0,3.69,3.13,96,86
2025-08-03T09:00,13.8,15.4,151.0,387.0,3.83,3.13,99,82
2025-08-03T10:00,14.0,16.6,156.0,516.0,2.94,3.4,100,81
2025-08-03T11:00,14.8,16.9,208.0,507.0,2.87,4.21,100,89
2025-08-03T12:00,16.6,16.9,402.0,462.0,3.02,3.78,92,85
2025-08-03T13:00,16.4,17.7,459.0,570.0,4.44,3.29,65,89
2025-08-03T14:00,15.3,17.8,348.0,438.0,6.2,3.28,100,79
2025-08-03T15:00,16.8,17.8,291.0,430.0,6.55,3.0,99,73
2025-08-03T16:00,16.3,17.0,330.0,338.0,7.31,3.76,97,78
2025-08-03T17:00,15.4,16.4,198.0,185.0,5.48,4.06,97,89
2025-08-03T18:00,14.0,16.3,56.0,107.0,4.86,6.45,99,63
2025-08-03T19:00,13.1,14.6,9.0,19.0,4.38,6.06,98,64
2025-08-03T20:00,12.5,13.5,0.0,0.0,5.15,5.12,88,55
2025-08-03T21:00,12.2,12.7,0.0,0.0,3.76,5.68,73,72
2025-08-03T22:00,11.7,12.3,0.0,0.0,3.98,5.62,98,100
2025-08-03T23:00,11.1,12.1,0.0,0.0,4.35,6.43,41,100
2025-08-04T00:00,11.1,12.3,0.0,0.0,4.29,6.53,98,88
2025-08-04T01:00,10.9,12.1,0.0,0.0,4.7,7.01,71,97
2025-08-04T02:00,10.8,11.9,0.0,0.0,4.6,7.72,100,100
2025-08-04T03:00,10.1,11.8,0.0,0.0,5.7,8.3,100,100
2025-08-04T04:00,10.3,12.1,0.0,0.0,5.18,8.03,100,100
2025-08-04T05:00,10.9,12.5,29.0,9.0,5.3,7.87,100,100
2025-08-04T06:00,12.4,13.0,68.0,38.0,4.52,7.11,100,100
2025-08-04T07:00,13.6,13.6,128.0,60.0,4.65,6.88,100,100
2025-08-04T08:00,14.7,13.9,188.0,70.0,4.13,6.15,100,100
2025-08-04T09:00,14.0,14.6,50.0,101.0,6.58,5.83,100,100
2025-08-04T10:00,15.2,15.1,123.0,140.0,6.02,5.9,100,100
2025-08-04T11:00,15.8,15.2,155.0,124.0,6.06,6.31,100,100
2025-08-04T12:00,16.5,15.6,254.0,102.0,7.01,5.9,100,100
2025-08-04T13:00,16.8,16.5,223.0,165.0,6.15,6.18,100,100
2025-08-04T14:00,17.2,17.4,227.0,207.0,6.15,5.5,99,100
2025-08-04T15:00,17.6,18.1,222.0,216.0,6.23,6.85,92,95
2025-08-04T16:00,17.6,17.6,170.0,172.0,4.95,6.06,97,97
2025-08-04T17:00,17.4,17.0,121.0,77.0,4.46,5.26,98,99
2025-08-04T18:00,16.6,16.9,61.0,92.0,4.87,5.41,98,95
2025-08-04T19:00,16.0,16.1,12.0,14.0,5.41,5.45,94,92
2025-08-04T20:00,15.3,15.4,0.0,0.0,5.2,5.98,92,80
2025-08-04T21:00,14.7,15.0,0.0,0.0,4.72,5.97,92,68
2025-08-04T22:00,14.4,14.7,0.0,0.0,4.92,5.54,83,87
2025-08-04T23:00,14.1,14.1,0.0,0.0,5.27,5.16,66,41
2025-08-05T00:00,14.3,14.2,0.0,0.0,5.0,5.74,99,47
2025-08-05T01:00,14.3,13.9,0.0,0.0,4.57,5.65,83,79
2025-08-05T02:00,14.2,14.0,0.0,0.0,4.02,6.2,94,74
2025-08-05T03:00,13.8,14.1,0.0,0.0,4.78,6.24,68,72
2025-08-05T04:00,13.8,13.8,0.0,0.0,4.8,5.75,59,58
2025-08-05T05:00,13.9,14.0,38.0,25.0,5.24,5.33,10,100
2025-08-05T06:00,15.3,15.9,162.0,158.0,5.26,6.0,0,46
2025-08-05T07:00,17.2,18.0,316.0,307.0,4.19,5.41,22,54
2025-08-05T08:00,19.2,20.1,472.0,452.0,2.84,3.47,43,51
2025-08-05T09:00,20.9,21.4,585.0,504.0,3.27,4.33,61,83
2025-08-05T10:00,22.1,22.4,558.0,476.0,4.35,6.45,100,82
2025-08-05T11:00,22.8,23.4,560.0,565.0,5.28,7.26,84,83
2025-08-05T12:00,23.2,24.1,541.0,528.0,7.44,7.87,94,99
2025-08-05T13:00,22.6,24.2,555.0,446.0,6.06,8.65,100,96
2025-08-05T14:00,22.0,19.8,180.0,264.0,4.3,8.81,99,100
2025-08-05T15:00,23.0,19.4,299.0,97.0,8.46,7.23,100,94
2025-08-05T16:00,20.9,18.8,170.0,121.0,10.61,8.0,99,95
2025-08-05T17:00,19.6,18.3,131.0,129.0,9.46,8.43,88,82
2025-08-05T18:00,17.9,17.9,98.0,29.0,8.3,5.86,63,96
2025-08-05T19:00,16.2,17.3,17.0,7.0,5.88,7.05,52,86
2025-08-05T20:00,14.9,16.1,0.0,0.0,3.26,5.62,12,59
2025-08-05T21:00,14.4,15.3,0.0,0.0,4.45,5.01,75,57
2025-08-05T22:00,14.4,14.8,0.0,0.0,3.7,3.92,61,40
2025-08-05T23:00,14.4,14.3,0.0,0.0,3.18,3.59,78,64
2025-08-06T00:00,13.9,14.5,0.0,0.0,5.01,6.01,46,63
2025-08-06T01:00,13.1,14.0,0.0,0.0,6.23,5.36,18,52
2025-08-06T02:00,12.1,13.2,0.0,0.0,4.8,4.49,46,57
2025-08-06T03:00,11.5,12.7,0.0,0.0,3.88,4.27,56,61
2025-08-06T04:00,11.2,12.3,0.0,0.0,3.14,3.78,36,59
2025-08-06T05:00,10.8,12.6,40.0,38.0,2.16,3.03,26,52
2025-08-06T06:00,13.2,13.7,175.0,139.0,2.95,3.63,6,54
2025-08-06T07:00,15.1,15.0,342.0,295.0,1.47,1.57,100,52
2025-08-06T08:00,16.4,16.2,486.0,478.0,2.08,1.87,100,34
2025-08-06T09:00,18.1,17.0,610.0,576.0,2.12,2.12,100,66
2025-08-06T10:00,19.3,17.9,731.0,633.0,2.1,1.75,64,47
2025-08-06T11:00,20.2,18.7,822.0,755.0,1.88,1.18,100,56
2025-08-06T12:00,20.9,19.7,829.0,700.0,1.43,2.02,100,100
2025-08-06T13:00,21.4,20.5,754.0,712.0,2.33,2.33,86,100
2025-08-06T14:00,21.5,20.6,714.0,606.0,4.59,2.37,100,100
2025-08-06T15:00,21.1,20.5,540.0,497.0,3.77,2.87,95,100
2025-08-06T16:00,20.8,20.0,407.0,380.0,3.85,3.28,80,100
2025-08-06T17:00,20.0,19.4,273.0,258.0,4.3,3.88,100,85
2025-08-06T18:00,18.8,18.1,102.0,125.0,4.41,5.31,100,18
2025-08-06T19:00,16.8,16.3,17.0,18.0,4.63,5.8,85,14
2025-08-06T20:00,15.5,14.9,0.0,0.0,4.61,5.69,0,7
2025-08-06T21:00,14.2,13.8,0.0,0.0,4.66,6.47,0,0
2025-08-06T22:00,13.5,13.0,0.0,0.0,7.94,6.91,30,0
2025-08-06T23:00,12.3,12.5,0.0,0.0,6.69,5.71,0,35
2025-08-07T00:00,11.6,11.8,0.0,0.0,5.29,5.01,0,100
2025-08-07T01:00,11.5,11.7,0.0,0.0,4.63,5.31,0,10
2025-08-07T02:00,10.8,11.3,0.0,0.0,4.72,4.19,67,10
2025-08-07T03:00,10.3,10.8,0.0,0.0,3.44,3.35,0,10
2025-08-07T04:00,10.2,10.4,0.0,0.0,2.47,3.25,35,10
2025-08-07T05:00,10.8,10.7,35.0,36.0,1.96,2.77,78,37
2025-08-07T06:00,13.0,12.2,157.0,142.0,1.48,2.18,58,65
2025-08-07T07:00,15.4,14.8,317.0,295.0,0.44,1.95,65,30
2025-08-07T08:00,17.2,16.3,487.0,387.0,0.98,1.23,18,100
2025-08-07T09:00,19.1,17.9,607.0,549.0,2.05,0.77,43,61
2025-08-07T10:00,21.1,19.7,724.0,708.0,3.05,0.92,60,36
2025-08-07T11:00,22.8,21.3,815.0,804.0,3.94,1.33,38,58
2025-08-07T12:00,24.2,23.2,813.0,815.0,4.31,2.97,3,28
2025-08-07T13:00,25.1,23.9,809.0,756.0,4.33,3.73,21,46
2025-08-07T14:00,25.6,24.3,729.0,699.0,4.83,3.77,0,39
2025-08-07T15:00,25.5,24.2,618.0,546.0,4.02,3.4,1,45
2025-08-07T16:00,25.1,23.8,463.0,383.0,3.04,3.58,23,54
2025-08-07T17:00,24.4,22.9,280.0,208.0,1.88,3.0,33,81
2025-08-07T18:00,23.2,23.5,127.0,92.0,3.75,2.31,11,65
2025-08-07T19:00,20.4,21.7,17.0,13.0,3.95,3.12,9,50
2025-08-07T20:00,18.8,20.0,0.0,0.0,4.49,4.71,61,39
2025-08-07T21:00,17.1,18.9,0.0,0.0,3.19,5.14,34,46
2025-08-07T22:00,16.0,17.9,0.0,0.0,2.55,5.0,17,45
2025-08-07T23:00,14.8,17.3,0.0,0.0,2.82,4.83,0,43
2025-08-08T00:00,14.1,16.2,0.0,0.0,2.09,5.88,0,36
2025-08-08T01:00,13.5,15.3,0.0,0.0,1.68,5.27,1,50
2025-08-08T02:00,12.8,14.7,0.0,0.0,1.33,4.33,11,57
2025-08-08T03:00,12.2,14.5,0.0,0.0,1.92,3.43,0,49
2025-08-08T04:00,11.7,13.8,0.0,0.0,1.67,2.9,0,40
2025-08-08T05:00,12.1,13.8,33.0,34.0,1.98,2.64,0,1
2025-08-08T06:00,14.9,14.9,156.0,160.0,2.5,1.87,0,16
2025-08-08T07:00,18.4,18.3,317.0,320.0,2.8,2.36,0,0
2025-08-08T08:00,21.3,21.7,484.0,485.0,1.12,2.59,0,12
2025-08-08T09:00,24.0,24.2,616.0,632.0,1.36,0.93,34,0
2025-08-08T10:00,25.7,25.7,737.0,746.0,1.92,0.42,12,0
2025-08-08T11:00,27.2,26.9,815.0,813.0,2.71,0.44,0,0
2025-08-08T12:00,28.5,28.4,837.0,838.0,3.43,0.98,0,0
2025-08-08T13:00,29.4,29.3,805.0,804.0,3.43,1.55,0,0
2025-08-08T14:00,29.7,29.7,728.0,724.0,3.24,1.89,0,0
2025-08-08T15:00,29.7,29.8,585.0,604.0,2.86,1.92,17,0
2025-08-08T16:00,29.2,29.4,451.0,452.0,2.26,1.28,0,0
2025-08-08T17:00,28.0,28.8,285.0,284.0,3.97,0.6,5,0
2025-08-08T18:00,26.6,27.8,124.0,124.0,4.02,0.44,0,0
2025-08-08T19:00,24.0,25.5,16.0,15.0,4.17,2.3,0,0
2025-08-08T20:00,21.8,23.5,0.0,0.0,4.08,3.28,0,0
2025-08-08T21:00,20.5,22.0,0.0,0.0,1.5,3.69,0,0
2025-08-08T22:00,19.9,20.4,0.0,0.0,2.5,4.65,0,0
2025-08-08T23:00,19.1,19.5,0.0,0.0,3.17,5.43,0,28
2025-08-09T00:00,19.0,17.6,0.0,0.0,2.67,5.53,0,3
2025-08-09T01:00,17.0,17.1,0.0,0.0,1.81,4.95,0,6
2025-08-09T02:00,15.8,16.5,0.0,0.0,0.53,3.94,0,6
2025-08-09T03:00,14.9,15.7,0.0,0.0,1.38,3.83,0,33
2025-08-09T04:00,14.7,14.8,0.0,0.0,1.28,3.14,0,51
2025-08-09T05:00,14.9,14.4,31.0,30.0,1.55,2.67,29,68
2025-08-09T06:00,17.2,17.4,145.0,146.0,2.02,3.15,0,61
2025-08-09T07:00,20.3,20.5,312.0,293.0,2.17,3.37,0,100
2025-08-09T08:00,22.8,23.6,479.0,463.0,1.18,2.73,0,77
2025-08-09T09:00,26.0,26.4,629.0,618.0,1.53,1.86,0,55
2025-08-09T10:00,28.0,28.5,743.0,733.0,1.36,2.76,0,34
2025-08-09T11:00,29.7,29.9,808.0,804.0,1.55,3.77,0,1
2025-08-09T12:00,30.9,31.5,829.0,828.0,2.82,4.08,0,1
2025-08-09T13:00,31.7,32.2,798.0,800.0,3.32,4.95,90,0
2025-08-09T14:00,31.9,32.6,716.0,723.0,3.95,5.3,0,0
2025-08-09T15:00,32.1,32.5,581.0,604.0,6.11,5.13,3,0
2025-08-09T16:00,31.4,32.0,434.0,452.0,3.46,4.62,62,14
2025-08-09T17:00,30.8,31.1,275.0,273.0,1.27,4.65,83,39
2025-08-09T18:00,28.5,29.5,99.0,103.0,0.49,4.35,50,100
2025-08-09T19:00,26.1,27.0,15.0,12.0,1.23,3.51,51,73
2025-08-09T20:00,24.1,24.9,0.0,0.0,2.18,5.37,0,31
2025-08-09T21:00,22.3,23.5,0.0,0.0,2.94,5.06,48,0
2025-08-09T22:00,20.6,22.4,0.0,0.0,2.67,4.71,0,0
2025-08-09T23:00,19.5,21.7,0.0,0.0,2.85,4.04,0,0
2025-08-10T00:00,19.2,18.2,0.0,0.0,5.3,2.26,0,0
2025-08-10T01:00,18.3,17.5,0.0,0.0,5.28,2.5,0,0
2025-08-10T02:00,18.0,17.0,0.0,0.0,5.77,2.51,0,0
2025-08-10T03:00,17.5,16.6,0.0,0.0,5.28,2.47,0,0
2025-08-10T04:00,16.7,16.0,0.0,0.0,5.3,2.94,0,0
2025-08-10T05:00,16.7,16.1,30.0,31.0,4.82,3.4,0,2
2025-08-10T06:00,18.6,19.7,146.0,145.0,6.59,4.93,13,38
2025-08-10T07:00,19.6,21.9,305.0,301.0,4.62,4.09,0,26
2025-08-10T08:00,21.1,23.0,469.0,463.0,3.75,3.75,0,27
2025-08-10T09:00,22.8,24.5,615.0,606.0,3.61,3.72,0,27
2025-08-10T10:00,24.5,25.8,730.0,720.0,3.48,3.78,0,28
2025-08-10T11:00,25.9,26.9,800.0,790.0,3.9,3.75,3,13
2025-08-10T12:00,27.0,27.7,821.0,818.0,3.9,3.42,0,14
2025-08-10T13:00,27.5,28.1,793.0,784.0,4.12,3.51,0,31
2025-08-10T14:00,27.8,28.1,716.0,692.0,4.25,3.81,0,40
2025-08-10T15:00,27.1,27.9,598.0,556.0,4.28,3.97,0,34
2025-08-10T16:00,26.5,27.4,447.0,434.0,4.32,4.19,0,18
2025-08-10T17:00,25.2,26.4,280.0,273.0,5.12,4.51,0,15
2025-08-10T18:00,23.4,24.3,119.0,116.0,5.01,5.53,0,0
2025-08-10T19:00,20.8,21.8,13.0,12.0,5.94,6.38,0,0
2025-08-10T20:00,19.5,19.7,0.0,0.0,5.33,6.22,0,0
2025-08-10T21:00,18.6,18.3,0.0,0.0,5.61,6.64,0,0
2025-08-10T22:00,17.7,18.0,0.0,0.0,7.77,8.71,0,0
2025-08-10T23:00,17.2,17.5,0.0,0.0,8.6,8.35,0,0
2025-08-11T00:00,16.0,16.0,0.0,0.0,8.5,8.0,45,38
2025-08-11T01:00,15.3,15.1,0.0,0.0,7.41,8.15,27,44
2025-08-11T02:00,14.5,14.4,0.0,0.0,7.08,8.0,0,39
2025-08-11T03:00,14.1,13.7,0.0,0.0,6.75,7.77,0,22
2025-08-11T04:00,13.8,13.0,0.0,0.0,7.32,7.73,0,11
2025-08-11T05:00,14.1,13.3,28.0,29.0,6.81,7.67,0,14
2025-08-11T06:00,15.6,15.7,149.0,147.0,6.56,6.86,0,13
2025-08-11T07:00,17.7,18.0,312.0,308.0,4.5,4.29,0,6
2025-08-11T08:00,20.0,19.9,479.0,475.0,5.64,5.2,0,3
2025-08-11T09:00,22.1,21.8,630.0,622.0,6.04,5.02,0,0
2025-08-11T10:00,23.9,23.6,743.0,735.0,5.65,5.05,0,0
2025-08-11T11:00,25.6,25.2,812.0,805.0,5.98,5.47,0,0
2025-08-11T12:00,26.4,26.4,832.0,827.0,6.25,5.8,0,0
2025-08-11T13:00,27.2,27.1,801.0,795.0,6.07,5.66,0,0
2025-08-11T14:00,27.4,27.5,721.0,715.0,5.98,5.25,0,0
2025-08-11T15:00,27.3,27.4,598.0,593.0,5.75,5.21,0,0
2025-08-11T16:00,26.9,26.9,443.0,441.0,5.46,5.33,0,0
2025-08-11T17:00,26.1,26.1,275.0,273.0,5.62,5.47,0,0
2025-08-11T18:00,24.1,24.3,115.0,112.0,6.1,6.08,0,0
2025-08-11T19:00,21.6,21.5,12.0,12.0,6.48,6.28,0,0
2025-08-11T20:00,19.9,19.5,0.0,0.0,5.98,6.02,0,0
2025-08-11T21:00,18.2,18.0,0.0,0.0,5.9,6.06,0,0
2025-08-11T22:00,17.7,17.0,0.0,0.0,5.68,6.03,0,0
2025-08-11T23:00,17.0,16.2,0.0,0.0,6.18,6.11,0,0
2025-08-12T00:00,16.5,14.6,0.0,0.0,6.08,7.48,0,0
2025-08-12T01:00,15.8,14.3,0.0,0.0,6.79,7.94,0,0
2025-08-12T02:00,15.1,13.9,0.0,0.0,7.75,8.42,0,0
2025-08-12T03:00,14.6,13.5,0.0,0.0,7.57,8.79,0,0
2025-08-12T04:00,14.0,13.3,0.0,0.0,7.75,8.96,0,0
2025-08-12T05:00,13.9,13.5,27.0,27.0,6.8,8.87,0,0
2025-08-12T06:00,15.4,15.8,144.0,143.0,6.23,8.1,0,0
2025-08-12T07:00,17.5,17.9,305.0,302.0,4.03,6.32,0,0
2025-08-12T08:00,19.7,20.0,471.0,465.0,4.23,4.84,0,0
2025-08-12T09:00,22.1,22.1,618.0,609.0,4.12,3.92,0,0
2025-08-12T10:00,24.4,24.2,731.0,720.0,3.65,4.02,34,8
2025-08-12T11:00,26.3,26.1,800.0,788.0,2.79,3.82,0,5
2025-08-12T12:00,27.4,27.4,819.0,809.0,2.29,2.46,0,6
2025-08-12T13:00,28.5,28.5,787.0,781.0,1.5,2.14,0,5
2025-08-12T14:00,29.2,29.2,707.0,702.0,0.6,1.84,0,5
2025-08-12T15:00,29.5,29.4,584.0,584.0,0.88,1.85,0,0
2025-08-12T16:00,29.4,29.1,432.0,433.0,0.57,1.77,0,0
2025-08-12T17:00,29.0,28.4,265.0,265.0,0.35,1.96,0,0
2025-08-12T18:00,27.6,27.3,109.0,107.0,1.47,2.37,0,22
2025-08-12T19:00,25.0,24.5,10.0,10.0,2.79,3.33,0,0
2025-08-12T20:00,23.3,22.7,0.0,0.0,4.08,3.5,16,0
2025-08-12T21:00,21.9,21.2,0.0,0.0,4.92,3.82,29,0
2025-08-12T22:00,21.2,20.4,0.0,0.0,5.45,3.83,0,0
2025-08-12T23:00,20.7,19.9,0.0,0.0,4.99,3.86,0,0
2025-08-13T00:00,20.2,18.4,0.0,0.0,4.35,3.45,0,0
2025-08-13T01:00,19.9,17.9,0.0,0.0,4.9,3.37,0,0
2025-08-13T02:00,19.7,17.6,0.0,0.0,5.04,3.35,0,5
2025-08-13T03:00,19.0,17.3,0.0,0.0,4.67,3.19,0,20
2025-08-13T04:00,18.7,16.9,0.0,0.0,4.39,3.19,0,37
2025-08-13T05:00,18.6,17.0,26.0,25.0,4.16,3.14,0,48
2025-08-13T06:00,20.3,20.0,145.0,141.0,4.92,3.7,0,0
2025-08-13T07:00,22.5,22.8,304.0,299.0,4.84,3.98,0,11
2025-08-13T08:00,25.3,25.8,470.0,461.0,3.16,2.16,0,26
2025-08-13T09:00,27.5,27.9,624.0,605.0,3.83,2.4,0,4
2025-08-13T10:00,29.5,29.8,738.0,725.0,4.04,2.72,0,0
2025-08-13T11:00,30.9,31.3,809.0,797.0,4.06,2.45,0,0
2025-08-13T12:00,31.3,32.2,826.0,830.0,3.61,3.56,0,0
2025-08-13T13:00,31.9,32.6,795.0,798.0,3.67,3.25,0,0
2025-08-13T14:00,31.9,32.8,719.0,715.0,3.42,3.38,0,0
2025-08-13T15:00,32.0,32.6,592.0,590.0,5.34,3.1,0,0
2025-08-13T16:00,31.3,32.2,441.0,434.0,3.65,2.86,0,0
2025-08-13T17:00,30.1,31.2,270.0,266.0,3.8,2.56,0,0
2025-08-13T18:00,28.0,29.8,110.0,108.0,2.5,1.9,0,0
2025-08-13T19:00,26.5,27.8,9.0,10.0,2.02,1.06,0,0
2025-08-13T20:00,24.9,25.8,0.0,0.0,2.61,1.25,0,0
2025-08-13T21:00,23.7,24.4,0.0,0.0,2.85,1.62,0,0
2025-08-13T22:00,23.0,23.0,0.0,0.0,1.92,1.38,0,0
2025-08-13T23:00,20.2,21.3,0.0,0.0,0.9,1.12,0,0
2025-08-14T00:00,20.8,19.6,0.0,0.0,0.14,2.23,0,3
2025-08-14T01:00,19.7,18.4,0.0,0.0,0.22,1.58,0,37
2025-08-14T02:00,18.6,17.4,0.0,0.0,0.35,1.46,0,100
2025-08-14T03:00,18.2,16.9,0.0,0.0,1.02,1.15,0,100
2025-08-14T04:00,17.9,16.3,0.0,0.0,1.08,1.27,0,100
2025-08-14T05:00,17.6,16.6,25.0,24.0,0.75,1.28,0,89
2025-08-14T06:00,19.6,18.5,141.0,135.0,1.96,1.01,0,55
2025-08-14T07:00,22.3,21.3,299.0,286.0,2.01,1.61,100,100
2025-08-14T08:00,24.7,25.3,451.0,448.0,1.66,1.63,100,100
2025-08-14T09:00,27.3,27.9,592.0,595.0,1.43,0.98,100,99
2025-08-14T10:00,29.0,29.9,688.0,712.0,0.66,1.92,100,97
2025-08-14T11:00,30.6,31.2,739.0,760.0,0.9,3.25,100,100
2025-08-14T12:00,31.2,31.7,766.0,708.0,1.84,3.98,100,100
2025-08-14T13:00,32.0,32.2,744.0,689.0,2.36,4.13,2,100
2025-08-14T14:00,32.3,32.3,636.0,649.0,3.21,3.77,62,100
2025-08-14T15:00,31.9,32.0,567.0,512.0,2.45,3.26,100,100
2025-08-14T16:00,31.3,31.6,360.0,375.0,1.04,2.27,100,100
2025-08-14T17:00,30.2,30.3,200.0,182.0,1.62,2.46,100,100
2025-08-14T18:00,28.5,29.8,67.0,80.0,2.37,1.55,100,100
2025-08-14T19:00,26.8,28.1,7.0,6.0,2.33,2.51,100,83
2025-08-14T20:00,26.0,26.8,0.0,0.0,1.18,1.82,100,93
2025-08-14T21:00,23.2,25.4,0.0,0.0,0.89,2.98,100,93
2025-08-14T22:00,21.4,24.5,0.0,0.0,1.57,2.96,100,100
2025-08-14T23:00,20.9,23.9,0.0,0.0,1.47,3.04,53,84
2025-08-15T00:00,19.9,22.4,0.0,0.0,1.62,1.81,99,99
2025-08-15T01:00,18.7,21.3,0.0,0.0,2.42,1.86,100,100
2025-08-15T02:00,18.0,20.3,0.0,0.0,2.59,2.31,100,100
2025-08-15T03:00,17.3,19.3,0.0,0.0,2.61,2.98,22,29
2025-08-15T04:00,16.9,18.8,0.0,0.0,2.85,2.72,9,51
2025-08-15T05:00,17.2,19.0,22.0,20.0,3.21,2.49,0,58
2025-08-15T06:00,19.1,20.9,117.0,117.0,2.48,2.15,62,50
2025-08-15T07:00,21.7,23.5,245.0,277.0,2.42,3.08,58,95
2025-08-15T08:00,24.2,25.9,382.0,427.0,1.48,2.29,62,44
2025-08-15T09:00,27.0,27.9,598.0,565.0,1.46,2.22,59,53
2025-08-15T10:00,28.8,29.7,656.0,694.0,1.12,2.02,70,82
2025-08-15T11:00,30.2,30.8,676.0,701.0,1.2,2.56,85,100
2025-08-15T12:00,30.6,32.1,580.0,715.0,1.06,0.77,82,53
2025-08-15T13:00,31.5,31.2,694.0,469.0,1.19,2.39,43,100
2025-08-15T14:00,31.6,31.6,535.0,556.0,0.92,1.98,95,100
2025-08-15T15:00,31.4,31.0,544.0,444.0,3.59,4.09,29,100
2025-08-15T16:00,30.1,30.3,365.0,331.0,7.34,4.28,86,100
2025-08-15T17:00,28.0,28.9,193.0,196.0,4.54,5.6,83,89
2025-08-15T18:00,25.4,28.0,88.0,87.0,3.32,5.49,94,100
2025-08-15T19:00,22.9,25.8,5.0,6.0,2.07,3.92,53,90
2025-08-15T20:00,22.7,23.8,0.0,0.0,3.04,1.28,100,100
2025-08-15T21:00,22.5,21.6,0.0,0.0,3.94,9.64,100,100
2025-08-15T22:00,21.6,20.9,0.0,0.0,4.92,6.12,62,100
2025-08-15T23:00,20.8,20.2,0.0,0.0,4.32,6.45,100,100
2025-08-16T00:00,19.6,19.5,0.0,0.0,3.84,6.38,32,100
2025-08-16T01:00,19.3,19.2,0.0,0.0,3.43,8.62,100,100
2025-08-16T02:00,18.7,19.0,0.0,0.0,3.86,6.83,90,100
2025-08-16T03:00,18.3,18.8,0.0,0.0,4.17,5.61,99,100
2025-08-16T04:00,17.9,18.5,0.0,0.0,3.51,5.73,83,100
2025-08-16T05:00,18.0,18.4,18.0,8.0,3.61,3.08,70,100
2025-08-16T06:00,19.6,19.0,98.0,67.0,2.71,5.11,78,100
2025-08-16T07:00,20.7,19.1,160.0,56.0,0.88,2.72,80,100
2025-08-16T08:00,22.3,19.7,369.0,87.0,0.66,1.96,94,100
2025-08-16T09:00,23.5,19.9,473.0,91.0,1.96,2.06,78,100
2025-08-16T10:00,24.8,20.8,538.0,175.0,1.88,1.08,82,100
2025-08-16T11:00,26.4,21.1,649.0,281.0,1.67,1.66,78,100
2025-08-16T12:00,25.9,24.4,514.0,590.0,1.0,1.08,100,100
2025-08-16T13:00,25.2,24.0,587.0,535.0,3.85,3.03,100,100
2025-08-16T14:00,26.6,21.5,586.0,269.0,2.16,2.15,87,100
2025-08-16T15:00,22.7,22.0,280.0,286.0,4.73,2.19,100,100
2025-08-16T16:00,19.7,22.4,139.0,242.0,3.18,2.28,100,100
2025-08-16T17:00,20.2,20.8,81.0,113.0,5.83,1.55,100,100
2025-08-16T18:00,19.0,21.0,13.0,57.0,3.08,1.93,100,100
2025-08-16T19:00,18.4,19.9,1.0,4.0,4.88,2.11,100,100
2025-08-16T20:00,18.2,19.1,0.0,0.0,4.4,3.07,100,100
2025-08-16T21:00,17.4,18.7,0.0,0.0,4.25,3.9,100,100
2025-08-16T22:00,17.4,18.3,0.0,0.0,3.95,2.65,100,100
2025-08-16T23:00,16.9,18.0,0.0,0.0,2.92,3.19,100,100
2025-08-17T00:00,16.8,17.2,0.0,0.0,2.58,2.46,100,82
2025-08-17T01:00,16.8,16.9,0.0,0.0,2.07,2.67,79,71
2025-08-17T02:00,16.3,16.5,0.0,0.0,2.02,2.69,91,85
2025-08-17T03:00,16.5,16.4,0.0,0.0,2.5,2.7,84,95
2025-08-17T04:00,16.4,16.7,0.0,0.0,2.35,2.75,81,95
2025-08-17T05:00,16.5,16.8,8.0,9.0,1.77,2.77,100,92
2025-08-17T06:00,17.4,16.9,59.0,57.0,2.73,3.69,78,86
2025-08-17T07:00,17.8,17.3,181.0,184.0,2.37,3.45,74,78
2025-08-17T08:00,18.5,18.4,246.0,354.0,2.94,3.43,61,85
2025-08-17T09:00,19.9,19.7,459.0,433.0,2.45,3.14,92,88
2025-08-17T10:00,20.7,19.7,376.0,369.0,2.64,3.65,93,91
2025-08-17T11:00,21.8,20.5,518.0,491.0,2.67,3.88,51,73
2025-08-17T12:00,22.2,22.7,520.0,655.0,2.86,4.5,81,70
2025-08-17T13:00,23.0,23.3,612.0,628.0,3.78,3.97,72,66
2025-08-17T14:00,23.2,23.7,541.0,542.0,4.73,3.75,26,57
2025-08-17T15:00,23.3,23.6,496.0,455.0,5.06,4.06,37,62
2025-08-17T16:00,22.9,23.2,404.0,327.0,4.71,4.13,12,54
2025-08-17T17:00,22.0,22.5,247.0,206.0,5.35,4.16,0,54
2025-08-17T18:00,20.5,20.7,85.0,71.0,6.29,3.73,21,49
2025-08-17T19:00,18.8,19.0,6.0,5.0,5.31,4.08,47,50
2025-08-17T20:00,17.7,17.6,0.0,0.0,5.82,4.7,42,45
2025-08-17T21:00,17.3,16.6,0.0,0.0,4.78,4.96,63,48
2025-08-17T22:00,17.0,15.9,0.0,0.0,4.08,4.5,58,55
2025-08-17T23:00,15.6,15.4,0.0,0.0,6.51,4.87,39,94
2025-08-18T00:00,14.2,16.0,0.0,0.0,6.66,5.22,19,47
2025-08-18T01:00,13.7,15.2,0.0,0.0,6.4,5.28,90,51
2025-08-18T02:00,12.6,14.5,0.0,0.0,5.65,5.92,0,47
2025-08-18T03:00,11.8,13.8,0.0,0.0,5.48,5.75,0,47
2025-08-18T04:00,11.3,13.2,0.0,0.0,5.4,5.26,0,47
2025-08-18T05:00,11.4,13.0,19.0,17.0,4.92,4.35,100,49
2025-08-18T06:00,13.3,13.6,122.0,134.0,4.47,4.56,88,0
2025-08-18T07:00,15.1,15.6,283.0,296.0,2.94,4.0,29,20
2025-08-18T08:00,17.2,17.5,455.0,463.0,2.5,3.68,89,29
2025-08-18T09:00,18.8,19.4,599.0,614.0,2.89,4.24,61,0
2025-08-18T10:00,20.4,21.0,723.0,729.0,3.29,4.74,0,0
2025-08-18T11:00,21.8,22.4,795.0,798.0,3.2,5.09,1,0
2025-08-18T12:00,22.6,22.8,808.0,756.0,3.64,4.24,35,19
2025-08-18T13:00,23.2,23.5,760.0,771.0,3.63,4.48,42,20
2025-08-18T14:00,23.3,23.9,673.0,695.0,3.88,4.47,39,3
2025-08-18T15:00,23.5,23.8,569.0,539.0,4.0,4.87,20,1
2025-08-18T16:00,23.1,23.1,412.0,406.0,4.12,5.88,0,0
2025-08-18T17:00,22.2,22.2,248.0,245.0,4.0,6.2,0,0
2025-08-18T18:00,20.8,21.0,91.0,90.0,5.27,6.02,0,12
2025-08-18T19:00,18.8,19.3,5.0,5.0,5.05,6.59,0,6
2025-08-18T20:00,17.7,17.9,0.0,0.0,5.01,6.78,0,0
2025-08-18T21:00,15.7,16.7,0.0,0.0,5.33,6.65,0,0
2025-08-18T22:00,15.1,15.7,0.0,0.0,5.13,6.19,0,0
2025-08-18T23:00,14.4,14.8,0.0,0.0,4.7,6.37,0,0
2025-08-19T00:00,13.8,13.7,0.0,0.0,3.92,5.98,0,0
2025-08-19T01:00,13.4,13.2,0.0,0.0,4.35,6.0,0,0
2025-08-19T02:00,12.7,12.8,0.0,0.0,4.22,5.66,0,0
2025-08-19T03:00,12.2,12.2,0.0,0.0,4.12,5.3,0,0
2025-08-19T04:00,11.9,11.7,0.0,0.0,4.52,5.27,0,0
2025-08-19T05:00,11.7,11.6,18.0,19.0,4.74,5.4,0,0
2025-08-19T06:00,13.5,13.6,131.0,131.0,4.8,4.5,0,0
2025-08-19T07:00,15.6,16.5,291.0,293.0,3.25,4.09,0,0
2025-08-19T08:00,17.7,18.5,458.0,460.0,3.04,2.5,0,0
2025-08-19T09:00,20.1,20.6,609.0,609.0,3.43,2.65,0,0
2025-08-19T10:00,21.9,22.6,723.0,723.0,4.13,3.14,0,0
2025-08-19T11:00,23.2,24.1,794.0,791.0,3.95,3.43,0,0
2025-08-19T12:00,24.5,24.6,814.0,811.0,2.77,3.04,0,0
2025-08-19T13:00,25.1,25.3,779.0,776.0,2.09,2.45,0,0
2025-08-19T14:00,25.4,25.6,695.0,693.0,1.58,2.47,0,0
2025-08-19T15:00,25.3,25.5,499.0,568.0,1.86,2.24,100,0
2025-08-19T16:00,25.1,25.2,390.0,412.0,1.68,1.82,0,0
2025-08-19T17:00,24.2,24.4,245.0,242.0,1.67,2.2,0,0
2025-08-19T18:00,23.0,23.1,89.0,86.0,1.18,2.47,0,0
2025-08-19T19:00,20.7,20.7,4.0,4.0,2.47,3.47,0,0
2025-08-19T20:00,19.3,19.1,0.0,0.0,3.77,4.03,0,13
2025-08-19T21:00,16.3,18.0,0.0,0.0,4.49,4.19,0,16
2025-08-19T22:00,15.9,17.1,0.0,0.0,4.52,4.3,0,0
2025-08-19T23:00,15.3,16.6,0.0,0.0,4.37,4.52,0,1
2025-08-20T00:00,14.6,15.1,0.0,0.0,3.64,3.4,0,11
2025-08-20T01:00,14.0,14.7,0.0,0.0,4.56,2.89,15,38
2025-08-20T02:00,13.7,14.4,0.0,0.0,2.77,2.34,47,77
2025-08-20T03:00,13.1,13.8,0.0,0.0,2.19,2.65,0,95
2025-08-20T04:00,13.2,13.4,0.0,0.0,2.77,2.59,27,80
2025-08-20T05:00,13.5,13.5,16.0,16.0,2.3,3.15,50,93
2025-08-20T06:00,16.5,15.5,98.0,95.0,2.51,2.48,100,87
2025-08-20T07:00,18.3,17.9,173.0,187.0,2.43,3.27,100,97
2025-08-20T08:00,19.6,19.8,264.0,274.0,0.69,1.93,100,98
2025-08-20T09:00,20.6,20.6,431.0,324.0,3.38,2.16,100,96
2025-08-20T10:00,21.7,21.8,492.0,443.0,2.98,2.05,100,97
2025-08-20T11:00,21.7,22.7,424.0,554.0,3.09,1.61,100,100
2025-08-20T12:00,20.7,22.1,219.0,359.0,2.64,0.98,100,100
2025-08-20T13:00,21.3,22.1,288.0,293.0,2.09,1.18,100,100
2025-08-20T14:00,21.1,22.5,260.0,305.0,1.98,1.71,100,100
2025-08-20T15:00,21.5,22.5,191.0,235.0,2.58,1.77,100,100
2025-08-20T16:00,20.9,22.5,120.0,196.0,3.48,1.98,100,100
2025-08-20T17:00,20.2,22.1,63.0,89.0,3.09,1.46,100,100
2025-08-20T18:00,18.6,19.6,25.0,22.0,1.83,2.19,100,100
2025-08-20T19:00,18.0,18.5,1.0,1.0,2.98,3.35,100,100
2025-08-20T20:00,17.7,18.2,0.0,0.0,2.81,2.8,100,100
2025-08-20T21:00,17.5,18.1,0.0,0.0,3.83,3.05,100,100
2025-08-20T22:00,17.3,18.0,0.0,0.0,2.92,3.82,100,100
2025-08-20T23:00,16.8,17.8,0.0,0.0,3.0,4.5,100,100
2025-08-21T00:00,16.7,16.4,0.0,0.0,3.76,3.11,100,100
2025-08-21T01:00,16.2,16.0,0.0,0.0,2.54,2.98,100,100
2025-08-21T02:00,15.5,16.0,0.0,0.0,2.29,2.08,100,100
2025-08-21T03:00,14.8,16.1,0.0,0.0,1.71,1.14,100,100
2025-08-21T04:00,14.2,16.0,0.0,0.0,0.84,2.1,100,100
2025-08-21T05:00,14.2,15.9,9.0,5.0,0.44,2.08,100,100
2025-08-21T06:00,15.6,16.0,37.0,17.0,2.1,3.37,100,100
2025-08-21T07:00,16.4,16.1,73.0,35.0,1.37,3.06,100,100
2025-08-21T08:00,17.3,16.5,91.0,71.0,1.46,2.86,100,100
2025-08-21T09:00,17.4,17.4,99.0,167.0,2.12,2.06,100,100
2025-08-21T10:00,17.6,18.0,109.0,263.0,1.66,2.09,100,100
2025-08-21T11:00,18.0,18.1,144.0,212.0,3.38,2.23,100,100
2025-08-21T12:00,17.3,17.3,132.0,174.0,5.68,4.02,100,100
2025-08-21T13:00,17.5,17.1,127.0,109.0,3.72,3.9,100,100
2025-08-21T14:00,17.7,17.2,105.0,60.0,3.61,4.92,100,100
2025-08-21T15:00,17.3,16.8,91.0,48.0,3.82,5.59,100,100
2025-08-21T16:00,17.4,16.2,79.0,21.0,4.0,4.72,100,100
2025-08-21T17:00,17.0,16.2,37.0,17.0,3.86,4.78,100,100
2025-08-21T18:00,17.5,17.8,21.0,25.0,4.9,3.34,100,100
2025-08-21T19:00,17.0,17.1,1.0,1.0,4.79,2.15,100,100
2025-08-21T20:00,16.8,16.7,0.0,0.0,5.21,4.45,100,100
2025-08-21T21:00,16.8,16.2,0.0,0.0,4.7,5.27,100,100
2025-08-21T22:00,16.5,16.6,0.0,0.0,3.77,6.57,100,100
2025-08-21T23:00,16.1,15.8,0.0,0.0,3.05,6.01,100,100
2025-08-22T00:00,15.7,13.4,0.0,0.0,3.04,6.39,100,85
2025-08-22T01:00,15.2,11.9,0.0,0.0,4.78,5.61,100,73
2025-08-22T02:00,14.0,10.6,0.0,0.0,4.22,4.98,69,0
2025-08-22T03:00,12.9,9.9,0.0,0.0,5.42,4.24,68,0
2025-08-22T04:00,12.6,9.5,0.0,0.0,5.37,3.37,89,22
2025-08-22T05:00,12.4,9.6,10.0,15.0,4.79,3.51,96,29
2025-08-22T06:00,13.0,12.6,60.0,120.0,4.21,4.03,83,43
2025-08-22T07:00,13.4,14.4,139.0,272.0,2.5,2.7,100,48
2025-08-22T08:00,14.4,15.6,243.0,395.0,2.7,1.74,100,53
2025-08-22T09:00,15.5,17.0,300.0,522.0,2.04,1.27,89,59
2025-08-22T10:00,16.9,18.4,536.0,631.0,2.55,1.77,73,52
2025-08-22T11:00,18.0,19.1,650.0,614.0,2.86,4.0,88,70
2025-08-22T12:00,18.7,20.1,646.0,578.0,3.86,4.19,55,47
2025-08-22T13:00,19.5,20.5,675.0,609.0,3.98,4.78,65,54
2025-08-22T14:00,19.7,21.1,471.0,557.0,5.37,4.69,96,58
2025-08-22T15:00,19.5,21.4,441.0,489.0,4.03,4.49,53,51
2025-08-22T16:00,19.2,20.9,315.0,366.0,5.49,4.45,78,50
2025-08-22T17:00,18.3,20.1,185.0,208.0,5.21,4.25,76,54
2025-08-22T18:00,17.0,18.4,59.0,60.0,3.15,6.17,68,58
2025-08-22T19:00,15.2,16.5,2.0,2.0,3.67,6.34,42,47
2025-08-22T20:00,14.1,15.1,0.0,0.0,4.97,6.02,88,83
2025-08-22T21:00,14.3,14.5,0.0,0.0,5.57,5.66,99,81
2025-08-22T22:00,13.8,13.9,0.0,0.0,5.33,5.61,93,84
2025-08-22T23:00,13.3,13.4,0.0,0.0,4.12,5.42,98,89
2025-08-23T00:00,11.9,11.5,0.0,0.0,4.43,5.44,63,70
2025-08-23T01:00,11.6,11.2,0.0,0.0,3.84,4.57,81,90
2025-08-23T02:00,11.3,11.2,0.0,0.0,3.74,3.11,97,94
2025-08-23T03:00,11.0,11.2,0.0,0.0,3.6,2.69,88,89
2025-08-23T04:00,11.0,11.2,0.0,0.0,4.08,2.29,99,98
2025-08-23T05:00,11.1,11.4,7.0,6.0,3.7,2.33,98,100
2025-08-23T06:00,12.2,11.8,60.0,71.0,3.17,3.88,100,93
2025-08-23T07:00,13.3,13.3,117.0,164.0,3.68,4.13,94,98
2025-08-23T08:00,14.0,14.4,194.0,235.0,3.43,2.97,97,97
2025-08-23T09:00,14.7,15.7,253.0,413.0,3.32,3.42,97,100
2025-08-23T10:00,15.8,16.2,369.0,372.0,3.76,4.78,97,96
2025-08-23T11:00,16.4,16.4,462.0,373.0,3.77,4.82,92,97
2025-08-23T12:00,17.2,16.1,501.0,270.0,4.46,5.35,75,98
2025-08-23T13:00,18.1,15.9,658.0,315.0,4.91,4.59,68,91
2025-08-23T14:00,17.1,16.0,322.0,293.0,5.21,4.06,100,92
2025-08-23T15:00,17.3,16.6,242.0,321.0,4.76,3.88,100,30
2025-08-23T16:00,16.4,16.6,177.0,255.0,5.28,4.37,100,100
2025-08-23T17:00,16.2,16.2,84.0,105.0,3.54,3.84,99,60
2025-08-23T18:00,14.8,15.6,57.0,56.0,4.18,3.85,54,59
2025-08-23T19:00,13.6,14.5,1.0,1.0,3.86,3.29,95,55
2025-08-23T20:00,13.4,13.8,0.0,0.0,3.43,3.33,100,61
2025-08-23T21:00,11.8,13.6,0.0,0.0,3.88,3.03,52,71
2025-08-23T22:00,11.9,13.2,0.0,0.0,2.55,2.06,96,92
2025-08-23T23:00,11.6,12.9,0.0,0.0,1.1,1.98,94,85
2025-08-24T00:00,11.7,11.8,0.0,0.0,0.69,1.11,97,89
2025-08-24T01:00,11.5,11.6,0.0,0.0,0.9,0.75,90,84
2025-08-24T02:00,11.1,11.4,0.0,0.0,1.14,1.58,75,65
2025-08-24T03:00,9.9,11.0,0.0,0.0,1.39,2.08,65,65
2025-08-24T04:00,9.6,10.3,0.0,0.0,1.95,2.57,65,70
2025-08-24T05:00,9.3,10.0,12.0,10.0,1.62,3.19,9,70
2025-08-24T06:00,10.9,12.1,118.0,92.0,2.71,4.19,28,66
2025-08-24T07:00,13.8,13.8,281.0,212.0,1.68,2.95,0,72
2025-08-24T08:00,15.7,15.1,453.0,333.0,1.47,2.65,0,93
2025-08-24T09:00,16.6,16.4,514.0,458.0,0.9,2.65,90,90
2025-08-24T10:00,17.3,17.8,483.0,594.0,0.9,1.68,92,94
2025-08-24T11:00,18.1,18.4,571.0,593.0,1.77,1.18,84,100
2025-08-24T12:00,18.1,19.5,447.0,630.0,1.67,1.53,96,62
2025-08-24T13:00,19.1,19.7,452.0,566.0,2.08,2.37,89,75
2025-08-24T14:00,19.1,20.1,470.0,562.0,4.51,1.69,79,56
2025-08-24T15:00,19.4,20.1,491.0,423.0,2.59,2.3,94,59
2025-08-24T16:00,19.2,19.4,301.0,322.0,3.64,3.29,46,52
2025-08-24T17:00,18.1,18.7,203.0,185.0,4.24,3.02,7,61
2025-08-24T18:00,16.2,17.6,70.0,60.0,2.88,3.35,6,55
2025-08-24T19:00,15.1,16.2,1.0,1.0,2.83,3.85,39,60
2025-08-24T20:00,14.1,14.8,0.0,0.0,3.43,4.29,5,50
2025-08-24T21:00,13.1,14.4,0.0,0.0,3.92,3.86,76,65
2025-08-24T22:00,12.6,14.3,0.0,0.0,2.52,2.83,38,76
2025-08-24T23:00,12.0,14.1,0.0,0.0,1.58,2.02,0,72
2025-08-25T00:00,10.6,12.5,0.0,0.0,1.55,1.62,0,60
2025-08-25T01:00,9.9,12.1,0.0,0.0,1.71,2.08,0,58
2025-08-25T02:00,9.4,11.5,0.0,0.0,1.06,0.69,0,64
2025-08-25T03:00,9.0,11.2,0.0,0.0,0.93,1.12,0,41
2025-08-25T04:00,8.6,10.4,0.0,0.0,0.69,0.98,0,29
2025-08-25T05:00,8.4,9.6,11.0,12.0,0.81,0.57,0,5
2025-08-25T06:00,10.1,10.9,116.0,107.0,1.1,0.79,0,50
2025-08-25T07:00,13.3,13.8,279.0,253.0,1.01,1.24,0,42
2025-08-25T08:00,15.8,16.7,450.0,443.0,0.69,1.25,0,43
2025-08-25T09:00,17.8,18.5,600.0,584.0,0.71,0.44,1,59
2025-08-25T10:00,19.4,19.5,715.0,640.0,1.06,1.48,46,90
2025-08-25T11:00,20.3,20.7,778.0,756.0,1.12,1.38,68,75
2025-08-25T12:00,21.2,21.4,800.0,700.0,0.81,1.1,52,94
2025-08-25T13:00,21.7,21.9,731.0,663.0,1.4,0.98,100,60
2025-08-25T14:00,22.2,22.4,666.0,638.0,1.32,1.12,82,49
2025-08-25T15:00,22.5,22.3,505.0,495.0,2.19,1.12,50,88
2025-08-25T16:00,22.2,22.0,381.0,333.0,1.71,1.02,81,100
2025-08-25T17:00,20.9,21.1,216.0,157.0,3.37,1.18,0,100
2025-08-25T18:00,18.6,19.6,66.0,63.0,2.28,0.81,1,45
2025-08-25T19:00,17.4,18.0,1.0,1.0,1.43,0.71,0,100
2025-08-25T20:00,16.0,16.6,0.0,0.0,0.66,1.61,0,100
2025-08-25T21:00,13.6,15.6,0.0,0.0,1.36,1.8,0,70
2025-08-25T22:00,13.0,14.3,0.0,0.0,2.1,2.4,0,100
2025-08-25T23:00,12.3,13.5,0.0,0.0,2.37,2.81,0,98
2025-08-26T00:00,11.2,12.2,0.0,0.0,2.67,1.8,0,80
2025-08-26T01:00,10.6,11.6,0.0,0.0,2.56,2.95,0,82
2025-08-26T02:00,10.0,11.3,0.0,0.0,2.75,3.56,0,11
2025-08-26T03:00,9.8,11.1,0.0,0.0,2.45,3.73,5,16
2025-08-26T04:00,9.4,10.9,0.0,0.0,2.81,3.82,0,2
2025-08-26T05:00,9.3,10.7,10.0,10.0,3.08,4.02,0,0
2025-08-26T06:00,11.8,12.4,106.0,106.0,2.85,3.76,91,3
2025-08-26T07:00,14.9,15.6,249.0,263.0,2.98,3.78,9,0
2025-08-26T08:00,17.5,18.8,419.0,429.0,1.77,2.69,0,0
2025-08-26T09:00,20.0,21.1,579.0,578.0,2.21,2.59,0,7
2025-08-26T10:00,22.1,22.9,696.0,689.0,3.08,4.16,0,9
2025-08-26T11:00,23.4,24.0,759.0,754.0,3.87,4.94,42,35
2025-08-26T12:00,24.7,25.7,778.0,758.0,4.23,5.56,22,48
2025-08-26T13:00,25.4,26.4,734.0,734.0,4.52,5.71,2,30
2025-08-26T14:00,25.9,26.2,662.0,573.0,4.45,5.72,23,65
2025-08-26T15:00,25.6,26.6,527.0,478.0,3.29,5.19,100,35
2025-08-26T16:00,25.6,26.1,333.0,324.0,3.88,5.77,100,89
2025-08-26T17:00,24.1,25.1,176.0,166.0,1.62,5.66,100,100
2025-08-26T18:00,22.3,23.0,61.0,54.0,2.59,5.77,100,100
2025-08-26T19:00,20.0,21.2,1.0,0.0,4.52,6.31,100,100
2025-08-26T20:00,18.6,20.0,0.0,0.0,5.48,6.58,100,100
2025-08-26T21:00,17.1,19.2,0.0,0.0,5.49,7.22,100,100
2025-08-26T22:00,16.2,18.4,0.0,0.0,5.22,7.19,91,62
2025-08-26T23:00,16.1,18.3,0.0,0.0,5.71,7.19,100,100
2025-08-27T00:00,15.6,18.0,0.0,0.0,4.57,7.88,97,100
2025-08-27T01:00,15.9,17.6,0.0,0.0,7.07,7.43,100,100
2025-08-27T02:00,16.8,16.7,0.0,0.0,8.53,7.33,100,100
2025-08-27T03:00,16.1,16.3,0.0,0.0,7.66,5.79,100,100
2025-08-27T04:00,16.3,16.2,0.0,0.0,4.13,6.8,100,74
2025-08-27T05:00,16.3,15.9,2.0,8.0,4.49,6.51,100,80
2025-08-27T06:00,17.3,17.3,41.0,52.0,5.01,5.91,85,81
2025-08-27T07:00,19.4,18.8,241.0,178.0,4.0,5.21,4,100
2025-08-27T08:00,21.1,20.1,422.0,265.0,3.52,3.43,27,100
2025-08-27T09:00,22.7,21.6,552.0,425.0,4.52,3.85,87,100
2025-08-27T10:00,23.8,21.4,600.0,288.0,4.13,3.73,100,100
2025-08-27T11:00,24.7,22.9,577.0,458.0,4.37,2.74,100,100
2025-08-27T12:00,25.8,24.1,463.0,587.0,4.09,3.29,100,100
2025-08-27T13:00,26.2,24.2,447.0,405.0,3.29,3.25,100,100
2025-08-27T14:00,27.3,24.1,475.0,306.0,2.94,2.37,90,100
2025-08-27T15:00,26.2,24.1,304.0,316.0,5.05,1.8,100,100
2025-08-27T16:00,25.6,23.8,264.0,220.0,3.61,1.77,73,100
2025-08-27T17:00,24.6,22.9,138.0,82.0,4.1,1.57,93,100
2025-08-27T18:00,22.6,22.3,28.0,35.0,5.72,2.53,100,100
2025-08-27T19:00,21.3,21.1,0.0,0.0,5.6,2.43,95,100
2025-08-27T20:00,21.0,20.4,0.0,0.0,6.31,1.47,100,100
2025-08-27T21:00,18.5,19.6,0.0,0.0,2.94,0.9,92,62
2025-08-27T22:00,18.4,18.6,0.0,0.0,4.39,0.44,100,52
2025-08-27T23:00,17.9,17.8,0.0,0.0,4.12,1.04,98,58
2025-08-28T00:00,18.2,18.2,0.0,0.0,3.35,3.25,69,100
2025-08-28T01:00,17.8,17.7,0.0,0.0,1.55,4.31,100,100
2025-08-28T02:00,17.2,17.4,0.0,0.0,5.17,4.68,100,100
2025-08-28T03:00,16.7,17.3,0.0,0.0,1.74,4.04,100,100
2025-08-28T04:00,16.1,17.2,0.0,0.0,2.16,3.92,100,100
2025-08-28T05:00,16.5,17.4,3.0,2.0,4.9,7.78,100,100
2025-08-28T06:00,16.6,17.6,63.0,37.0,1.93,5.55,92,100
2025-08-28T07:00,18.0,18.3,165.0,74.0,2.4,4.03,100,100
2025-08-28T08:00,19.4,19.1,202.0,144.0,3.64,1.58,100,100
2025-08-28T09:00,20.2,19.2,239.0,138.0,4.12,2.51,100,100
2025-08-28T10:00,21.1,19.3,267.0,150.0,5.8,2.56,100,100
2025-08-28T11:00,21.0,18.8,221.0,96.0,8.63,2.76,100,100
2025-08-28T12:00,19.9,18.5,150.0,56.0,6.86,5.28,100,100
2025-08-28T13:00,17.8,18.1,72.0,72.0,11.57,5.28,100,100
2025-08-28T14:00,17.9,18.5,112.0,111.0,8.09,5.8,100,100
2025-08-28T15:00,18.0,18.6,109.0,103.0,5.06,6.85,100,100
2025-08-28T16:00,18.2,18.0,84.0,96.0,5.43,7.3,100,100
2025-08-28T17:00,18.1,17.6,61.0,36.0,2.32,6.72,100,100
2025-08-28T18:00,17.5,17.0,27.0,16.0,2.86,7.19,100,100
2025-08-28T19:00,16.7,16.3,0.0,0.0,4.42,7.68,100,100
2025-08-28T20:00,16.3,16.2,0.0,0.0,4.8,7.47,100,100
2025-08-28T21:00,15.6,15.9,0.0,0.0,4.89,7.45,100,100
2025-08-28T22:00,15.4,15.6,0.0,0.0,5.11,6.25,100,100
2025-08-28T23:00,15.1,15.4,0.0,0.0,3.72,6.17,100,100
2025-08-29T00:00,14.8,15.5,0.0,0.0,3.0,5.43,100,100
2025-08-29T01:00,14.9,15.6,0.0,0.0,3.72,5.65,100,100
2025-08-29T02:00,15.0,15.5,0.0,0.0,4.97,7.41,100,100
2025-08-29T03:00,14.7,15.4,0.0,0.0,8.12,9.35,100,100
2025-08-29T04:00,14.4,15.2,0.0,0.0,7.76,7.38,100,100
2025-08-29T05:00,14.3,14.6,2.0,3.0,6.32,8.34,100,95
2025-08-29T06:00,14.6,14.0,47.0,11.0,4.4,6.33,94,100
2025-08-29T07:00,15.6,14.0,162.0,57.0,3.55,4.23,79,99
2025-08-29T08:00,16.5,15.2,272.0,202.0,3.57,3.49,85,90
2025-08-29T09:00,17.4,16.7,337.0,372.0,3.04,4.34,96,85
2025-08-29T10:00,18.0,18.2,333.0,522.0,1.06,1.95,88,86
2025-08-29T11:00,18.6,19.1,345.0,624.0,0.55,0.53,92,85
2025-08-29T12:00,16.5,20.0,258.0,560.0,1.88,1.62,100,100
2025-08-29T13:00,16.7,20.3,227.0,494.0,2.39,2.52,100,100
2025-08-29T14:00,16.8,20.0,227.0,326.0,1.62,2.21,100,100
2025-08-29T15:00,15.9,20.0,147.0,280.0,3.21,1.93,100,100
2025-08-29T16:00,15.3,19.7,100.0,173.0,2.48,1.39,100,100
2025-08-29T17:00,14.8,18.6,71.0,81.0,3.9,2.29,100,100
2025-08-29T18:00,16.3,16.6,20.0,21.0,5.94,5.63,88,100
2025-08-29T19:00,15.6,15.8,0.0,0.0,5.75,6.49,100,100
2025-08-29T20:00,15.2,14.8,0.0,0.0,5.21,6.83,89,58
2025-08-29T21:00,14.2,14.0,0.0,0.0,5.06,6.37,95,81
2025-08-29T22:00,14.4,13.8,0.0,0.0,5.83,6.66,100,78
2025-08-29T23:00,13.7,14.1,0.0,0.0,5.74,7.97,100,97
2025-08-30T00:00,13.4,14.4,0.0,0.0,6.77,6.33,100,71
2025-08-30T01:00,13.3,14.3,0.0,0.0,7.1,7.49,100,59
2025-08-30T02:00,13.3,14.2,0.0,0.0,6.45,9.42,100,100
2025-08-30T03:00,13.5,14.6,0.0,0.0,6.91,8.15,100,99
2025-08-30T04:00,13.3,14.2,0.0,0.0,5.96,8.25,99,97
2025-08-30T05:00,13.1,14.3,3.0,3.0,5.65,8.56,97,97
2025-08-30T06:00,13.5,14.5,43.0,48.0,5.55,7.19,100,94
2025-08-30T07:00,14.4,15.2,103.0,125.0,5.21,6.39,100,93
2025-08-30T08:00,15.0,15.7,165.0,176.0,5.02,6.48,100,96
2025-08-30T09:00,15.3,17.1,169.0,331.0,4.9,5.69,100,99
2025-08-30T10:00,15.6,17.6,233.0,354.0,4.14,5.66,98,100
2025-08-30T11:00,17.1,18.3,382.0,439.0,3.45,5.31,97,92
2025-08-30T12:00,17.4,18.2,432.0,354.0,4.22,3.71,86,66
2025-08-30T13:00,17.6,19.6,488.0,549.0,3.72,4.37,100,68
2025-08-30T14:00,18.6,19.8,374.0,475.0,2.76,4.44,86,80
2025-08-30T15:00,17.9,19.6,325.0,387.0,2.75,4.5,79,55
2025-08-30T16:00,15.6,19.5,183.0,299.0,5.35,3.9,100,62
2025-08-30T17:00,16.2,18.8,93.0,158.0,2.59,4.0,35,29
2025-08-30T18:00,15.4,16.5,42.0,44.0,3.37,5.17,30,0
2025-08-30T19:00,14.6,15.1,0.0,0.0,4.34,5.87,71,0
2025-08-30T20:00,14.0,14.0,0.0,0.0,4.09,5.94,58,13
2025-08-30T21:00,13.7,13.4,0.0,0.0,3.13,6.59,41,6
2025-08-30T22:00,13.0,13.2,0.0,0.0,4.99,7.49,30,9
2025-08-30T23:00,12.5,12.8,0.0,0.0,5.2,7.29,0,7
2025-08-31T00:00,11.8,12.1,0.0,0.0,5.36,6.27,0,4
2025-08-31T01:00,11.4,11.7,0.0,0.0,5.07,5.55,0,24
2025-08-31T02:00,11.0,11.2,0.0,0.0,4.16,5.2,0,70
2025-08-31T03:00,10.7,11.1,0.0,0.0,3.67,4.65,0,58
2025-08-31T04:00,10.3,10.9,0.0,0.0,3.12,5.02,0,54
2025-08-31T05:00,10.2,10.9,6.0,6.0,2.96,5.37,0,49
2025-08-31T06:00,11.7,11.4,94.0,81.0,3.77,4.88,0,76
2025-08-31T07:00,14.2,14.1,249.0,216.0,3.14,4.9,0,32
2025-08-31T08:00,16.5,16.5,415.0,396.0,1.77,3.46,0,53
2025-08-31T09:00,18.4,18.3,562.0,459.0,1.9,2.45,0,50
2025-08-31T10:00,19.6,20.1,658.0,628.0,1.98,2.5,46,44
2025-08-31T11:00,20.7,20.8,718.0,630.0,2.2,2.39,27,100
2025-08-31T12:00,21.7,21.9,674.0,601.0,2.02,1.75,16,88
2025-08-31T13:00,22.4,22.5,720.0,595.0,1.58,1.58,3,66
2025-08-31T14:00,22.5,22.7,635.0,529.0,1.36,1.15,15,74
2025-08-31T15:00,22.5,22.6,482.0,393.0,2.7,0.92,86,97
2025-08-31T16:00,22.0,22.2,337.0,247.0,3.35,1.31,4,94
2025-08-31T17:00,20.7,21.0,181.0,110.0,4.16,2.05,0,100
2025-08-31T18:00,18.7,19.5,41.0,33.0,5.07,3.54,0,64
2025-08-31T19:00,17.4,18.0,0.0,0.0,7.46,4.9,0,50
2025-08-31T20:00,16.5,16.9,0.0,0.0,7.75,6.07,0,69
2025-08-31T21:00,15.6,16.2,0.0,0.0,8.67,6.28,0,51
2025-08-31T22:00,14.9,15.5,0.0,0.0,8.13,5.14,0,60
2025-08-31T23:00,14.0,15.0,0.0,0.0,7.41,4.79,7,47
2025-09-01T00:00,13.5,14.6,0.0,0.0,7.68,5.68,0,75
2025-09-01T01:00,12.8,14.5,0.0,0.0,5.67,5.22,5,72
2025-09-01T02:00,12.1,14.1,0.0,0.0,5.39,4.52,0,80
2025-09-01T03:00,11.5,14.0,0.0,0.0,4.65,4.3,0,82
2025-09-01T04:00,11.5,13.8,0.0,0.0,3.29,3.69,2,99
2025-09-01T05:00,11.4,13.7,5.0,4.0,2.36,2.5,61,78
2025-09-01T06:00,12.7,13.8,82.0,56.0,2.59,1.59,63,94
2025-09-01T07:00,15.0,15.7,213.0,174.0,3.55,2.29,69,61
2025-09-01T08:00,16.5,17.7,251.0,337.0,3.46,0.22,100,78
2025-09-01T09:00,19.1,18.4,391.0,272.0,4.32,2.89,94,100
2025-09-01T10:00,20.2,19.3,354.0,355.0,6.33,3.97,100,94
2025-09-01T11:00,20.0,19.4,280.0,333.0,5.64,4.92,100,99
2025-09-01T12:00,21.2,20.6,411.0,274.0,3.26,4.16,100,100
2025-09-01T13:00,20.9,20.2,280.0,204.0,3.91,3.53,100,100
2025-09-01T14:00,20.8,19.7,191.0,132.0,4.46,2.42,100,98
2025-09-01T15:00,19.0,19.5,112.0,145.0,5.9,2.64,100,100
2025-09-01T16:00,17.0,18.8,52.0,66.0,6.18,2.07,100,100
2025-09-01T17:00,16.3,17.6,27.0,30.0,4.66,3.14,100,100
2025-09-01T18:00,16.0,16.7,11.0,6.0,2.14,2.42,100,100
2025-09-01T19:00,15.4,16.2,0.0,0.0,0.62,1.77,100,99
2025-09-01T20:00,15.0,15.7,0.0,0.0,2.55,0.5,100,100
2025-09-01T21:00,15.1,15.3,0.0,0.0,2.59,1.87,100,100
2025-09-01T22:00,14.8,15.1,0.0,0.0,3.41,3.14,100,100
2025-09-01T23:00,14.6,14.9,0.0,0.0,3.38,2.31,100,100
2025-09-02T00:00,14.4,14.8,0.0,0.0,0.79,3.92,100,100
2025-09-02T01:00,14.2,14.6,0.0,0.0,0.69,3.27,100,100
2025-09-02T02:00,14.1,14.4,0.0,0.0,0.29,3.46,100,100
2025-09-02T03:00,13.6,14.3,0.0,0.0,1.29,3.32,100,100
2025-09-02T04:00,13.4,14.2,0.0,0.0,1.33,3.08,100,100
2025-09-02T05:00,13.6,14.4,1.0,1.0,2.67,3.26,100,100
2025-09-02T06:00,13.8,13.2,9.0,16.0,1.8,4.84,100,100
2025-09-02T07:00,14.0,13.9,24.0,64.0,2.16,4.34,100,100
2025-09-02T08:00,14.6,14.9,50.0,166.0,1.46,2.39,100,97
2025-09-02T09:00,16.1,16.4,157.0,286.0,3.05,3.38,100,92
2025-09-02T10:00,16.4,17.0,138.0,354.0,2.76,3.59,100,95
2025-09-02T11:00,16.4,17.2,176.0,343.0,2.39,4.21,100,100
2025-09-02T12:00,15.4,18.1,224.0,424.0,5.26,4.09,100,95
2025-09-02T13:00,16.4,17.7,216.0,290.0,3.81,3.78,99,96
2025-09-02T14:00,17.3,17.0,300.0,252.0,2.58,4.03,97,94
2025-09-02T15:00,16.4,16.6,149.0,221.0,3.34,3.69,100,100
2025-09-02T16:00,16.4,16.6,108.0,152.0,2.51,3.16,99,100
2025-09-02T17:00,16.0,16.2,81.0,74.0,2.48,4.05,51,100
2025-09-02T18:00,15.1,15.5,7.0,22.0,4.21,4.22,90,100
2025-09-02T19:00,14.4,14.7,0.0,0.0,3.43,3.82,0,100
2025-09-02T20:00,13.7,14.1,0.0,0.0,5.01,6.06,60,99
2025-09-02T21:00,12.8,13.5,0.0,0.0,3.42,6.15,0,77
2025-09-02T22:00,12.4,13.3,0.0,0.0,4.13,6.66,0,68
2025-09-02T23:00,11.8,12.7,0.0,0.0,4.06,6.58,0,1
2025-09-03T00:00,11.6,12.1,0.0,0.0,5.35,6.47,0,0
2025-09-03T01:00,11.5,11.5,0.0,0.0,5.96,6.56,100,0
2025-09-03T02:00,11.7,11.0,0.0,0.0,6.14,6.25,92,11
2025-09-03T03:00,11.6,10.6,0.0,0.0,6.3,5.42,86,50
2025-09-03T04:00,11.4,10.8,0.0,0.0,6.9,5.46,42,73
2025-09-03T05:00,11.7,11.2,2.0,3.0,6.66,6.23,95,80
2025-09-03T06:00,12.6,13.1,56.0,69.0,5.68,7.12,97,55
2025-09-03T07:00,14.5,15.0,182.0,215.0,5.27,6.05,60,75
2025-09-03T08:00,15.9,16.8,247.0,307.0,4.37,5.22,100,94
2025-09-03T09:00,18.0,18.8,424.0,489.0,3.33,3.56,97,46
2025-09-03T10:00,20.0,20.1,519.0,603.0,3.81,5.08,61,93
2025-09-03T11:00,20.8,20.9,571.0,622.0,5.41,4.81,72,71
2025-09-03T12:00,21.7,20.6,524.0,553.0,4.34,3.75,95,84
2025-09-03T13:00,22.1,21.1,507.0,501.0,3.75,3.68,78,77
2025-09-03T14:00,22.2,21.3,496.0,458.0,3.34,3.92,75,62
2025-09-03T15:00,22.0,21.4,376.0,373.0,4.18,4.03,100,74
2025-09-03T16:00,21.5,21.1,254.0,265.0,4.08,3.99,82,38
2025-09-03T17:00,20.4,20.3,158.0,153.0,3.9,3.21,0,1
2025-09-03T18:00,18.5,18.3,31.0,28.0,3.95,3.81,0,5
2025-09-03T19:00,17.4,17.3,0.0,0.0,3.93,3.41,0,2
2025-09-03T20:00,16.5,16.4,0.0,0.0,4.22,3.58,0,0
2025-09-03T21:00,15.5,15.5,0.0,0.0,3.73,4.31,0,0
2025-09-03T22:00,14.9,14.9,0.0,0.0,3.43,4.53,0,0
2025-09-03T23:00,14.3,14.5,0.0,0.0,3.95,4.4,0,71
2025-09-04T00:00,14.4,14.1,0.0,0.0,5.0,4.44,0,20
2025-09-04T01:00,14.0,13.9,0.0,0.0,4.34,5.02,0,41
2025-09-04T02:00,13.8,13.9,0.0,0.0,4.13,5.21,0,47
2025-09-04T03:00,13.2,13.8,0.0,0.0,3.69,5.26,0,79
2025-09-04T04:00,12.8,14.1,0.0,0.0,3.45,5.39,0,78
2025-09-04T05:00,12.7,14.3,3.0,2.0,3.46,5.0,0,86
2025-09-04T06:00,14.1,14.8,65.0,49.0,2.94,3.64,100,100
2025-09-04T07:00,16.5,17.1,161.0,159.0,2.9,3.64,100,97
2025-09-04T08:00,18.8,19.4,318.0,298.0,1.62,3.44,95,100
2025-09-04T09:00,20.5,21.0,412.0,388.0,0.96,0.84,100,100
2025-09-04T10:00,22.0,22.0,545.0,414.0,1.02,1.23,100,100
2025-09-04T11:00,23.2,22.9,618.0,484.0,1.58,2.76,100,78
2025-09-04T12:00,24.3,24.7,645.0,654.0,2.33,3.53,83,87
2025-09-04T13:00,24.7,25.1,589.0,641.0,3.34,3.11,97,100
2025-09-04T14:00,24.8,25.0,458.0,540.0,4.54,3.24,98,96
2025-09-04T15:00,23.7,24.4,262.0,342.0,4.96,4.12,93,96
2025-09-04T16:00,23.4,23.9,214.0,256.0,5.38,4.65,47,38
2025-09-04T17:00,22.3,22.8,149.0,144.0,6.08,4.47,38,98
2025-09-04T18:00,21.3,21.3,28.0,18.0,4.47,4.29,100,100
2025-09-04T19:00,20.5,19.5,0.0,0.0,3.99,9.86,100,100
2025-09-04T20:00,19.0,17.6,0.0,0.0,6.33,7.38,100,100
2025-09-04T21:00,13.7,17.0,0.0,0.0,15.65,5.71,100,100
2025-09-04T22:00,13.9,16.4,0.0,0.0,6.76,10.85,100,100
2025-09-04T23:00,13.6,15.5,0.0,0.0,6.92,4.41,99,100
2025-09-05T00:00,14.8,16.5,0.0,0.0,5.08,7.47,100,100
2025-09-05T01:00,14.5,15.9,0.0,0.0,5.98,7.35,100,100
2025-09-05T02:00,14.2,15.4,0.0,0.0,5.56,6.28,100,100
2025-09-05T03:00,14.5,15.1,0.0,0.0,6.79,6.48,100,100
2025-09-05T04:00,14.3,14.8,0.0,0.0,5.96,7.32,100,100
2025-09-05T05:00,14.3,14.5,1.0,1.0,4.43,6.74,100,100
2025-09-05T06:00,14.2,14.4,16.0,26.0,5.69,6.47,100,100
2025-09-05T07:00,14.3,14.5,40.0,60.0,6.14,6.66,98,100
2025-09-05T08:00,14.7,14.6,132.0,111.0,6.05,5.31,98,100
2025-09-05T09:00,14.8,14.5,172.0,150.0,6.69,4.66,99,98
2025-09-05T10:00,15.3,15.0,238.0,207.0,5.92,4.53,97,100
2025-09-05T11:00,14.7,14.4,186.0,151.0,7.36,5.7,100,100
2025-09-05T12:00,15.0,14.3,175.0,137.0,4.61,5.86,100,100
2025-09-05T13:00,15.6,14.3,240.0,133.0,5.15,6.14,100,100
2025-09-05T14:00,15.3,14.3,183.0,119.0,6.1,4.91,98,100
2025-09-05T15:00,15.6,13.9,240.0,110.0,6.27,5.52,100,100
2025-09-05T16:00,16.0,14.1,247.0,92.0,4.03,4.3,53,100
2025-09-05T17:00,15.4,14.2,138.0,102.0,4.23,4.47,32,100
2025-09-05T18:00,13.7,13.2,26.0,13.0,4.09,4.44,0,30
2025-09-05T19:00,12.7,12.4,0.0,0.0,3.55,4.57,60,32
2025-09-05T20:00,12.0,11.8,0.0,0.0,2.55,3.93,7,21
2025-09-05T21:00,11.7,11.4,0.0,0.0,3.04,3.11,0,5
2025-09-05T22:00,11.2,10.8,0.0,0.0,1.92,2.08,0,25
2025-09-05T23:00,9.8,10.3,0.0,0.0,1.43,1.18,72,71
2025-09-06T00:00,9.1,9.3,0.0,0.0,1.04,1.37,42,100
2025-09-06T01:00,8.8,8.9,0.0,0.0,1.46,1.12,64,100
2025-09-06T02:00,8.5,8.4,0.0,0.0,1.18,0.31,80,100
2025-09-06T03:00,7.9,8.1,0.0,0.0,0.96,1.19,38,100
2025-09-06T04:00,7.1,8.2,0.0,0.0,1.25,2.32,71,100
2025-09-06T05:00,6.9,8.6,2.0,1.0,1.62,3.03,99,100
2025-09-06T06:00,7.8,8.9,62.0,38.0,1.88,2.15,100,100
2025-09-06T07:00,10.2,10.4,168.0,114.0,2.16,1.95,100,96
2025-09-06T08:00,13.4,12.3,326.0,224.0,1.77,2.46,43,78
2025-09-06T09:00,15.2,14.2,515.0,367.0,3.14,3.04,46,63
2025-09-06T10:00,16.8,15.9,623.0,550.0,4.11,3.5,35,84
2025-09-06T11:00,17.9,17.0,676.0,657.0,5.49,4.38,100,100
2025-09-06T12:00,18.7,18.5,706.0,696.0,5.19,4.86,40,41
2025-09-06T13:00,19.3,19.3,671.0,667.0,5.63,5.46,9,32
2025-09-06T14:00,19.4,19.5,607.0,580.0,6.0,5.56,5,71
2025-09-06T15:00,19.2,19.3,472.0,448.0,6.06,5.83,0,100
2025-09-06T16:00,18.6,18.6,317.0,280.0,6.28,6.18,9,100
2025-09-06T17:00,16.9,17.4,149.0,124.0,6.41,6.28,7,100
2025-09-06T18:00,15.2,15.7,24.0,22.0,6.76,6.78,100,14
2025-09-06T19:00,14.0,14.5,0.0,0.0,6.76,6.79,100,79
2025-09-06T20:00,13.1,13.5,0.0,0.0,6.96,6.62,57,62
2025-09-06T21:00,12.4,12.5,0.0,0.0,7.47,6.9,15,100
2025-09-06T22:00,11.7,11.9,0.0,0.0,7.46,6.7,0,100
2025-09-06T23:00,11.2,11.4,0.0,0.0,7.27,5.77,17,27
2025-09-07T00:00,10.9,10.6,0.0,0.0,7.58,5.78,68,100
2025-09-07T01:00,10.4,10.0,0.0,0.0,7.17,6.01,41,100
2025-09-07T02:00,9.9,9.7,0.0,0.0,6.88,5.55,100,100
2025-09-07T03:00,9.9,9.4,0.0,0.0,6.86,5.43,100,100
2025-09-07T04:00,9.6,9.1,0.0,0.0,6.42,4.91,100,100
2025-09-07T05:00,9.4,9.1,2.0,2.0,6.39,3.97,100,73
2025-09-07T06:00,10.5,9.3,66.0,55.0,5.75,3.99,100,100
2025-09-07T07:00,12.1,11.7,195.0,155.0,4.45,4.16,100,100
2025-09-07T08:00,14.0,13.7,351.0,265.0,3.69,2.81,93,100
2025-09-07T09:00,15.7,15.4,448.0,396.0,3.08,1.87,83,100
2025-09-07T10:00,17.4,17.6,618.0,529.0,3.23,2.35,100,79
2025-09-07T11:00,18.3,19.6,541.0,667.0,3.23,2.27,89,95
2025-09-07T12:00,20.3,20.8,686.0,579.0,2.75,2.29,100,100
2025-09-07T13:00,20.5,21.7,485.0,538.0,2.56,2.16,100,100
2025-09-07T14:00,21.1,22.1,499.0,461.0,2.59,2.08,100,100
2025-09-07T15:00,20.4,21.9,315.0,317.0,2.47,2.23,100,100
2025-09-07T16:00,19.9,21.1,213.0,210.0,3.05,2.79,100,90
2025-09-07T17:00,18.7,19.8,134.0,126.0,3.41,4.56,74,92
2025-09-07T18:00,17.1,17.0,20.0,20.0,5.04,5.44,100,97
2025-09-07T19:00,15.6,15.4,0.0,0.0,6.46,5.71,100,19
2025-09-07T20:00,14.3,14.3,0.0,0.0,5.88,5.41,100,9
2025-09-07T21:00,13.8,13.5,0.0,0.0,5.38,5.08,100,4
2025-09-07T22:00,13.3,12.7,0.0,0.0,3.75,4.02,17,1
2025-09-07T23:00,12.9,12.0,0.0,0.0,2.89,3.48,0,43
2025-09-08T00:00,12.7,11.8,0.0,0.0,2.12,2.98,0,74
2025-09-08T01:00,11.8,11.2,0.0,0.0,1.32,2.76,66,100
2025-09-08T02:00,10.4,11.0,0.0,0.0,1.71,2.64,100,100
2025-09-08T03:00,10.2,10.7,0.0,0.0,2.06,2.85,100,100
2025-09-08T04:00,10.8,10.5,0.0,0.0,2.26,2.86,100,100
2025-09-08T05:00,11.1,10.5,1.0,1.0,2.26,3.19,100,100
2025-09-08T06:00,11.5,10.4,31.0,39.0,1.68,2.63,100,100
2025-09-08T07:00,12.6,12.0,102.0,118.0,1.64,3.13,100,100
2025-09-08T08:00,14.3,14.8,241.0,216.0,1.58,3.09,100,100
2025-09-08T09:00,16.3,17.3,398.0,324.0,2.19,3.15,67,100
2025-09-08T10:00,18.6,18.8,576.0,359.0,2.32,2.5,99,100
2025-09-08T11:00,19.9,20.3,606.0,382.0,2.2,3.17,75,100
2025-09-08T12:00,20.1,22.9,440.0,604.0,2.01,1.98,100,86
2025-09-08T13:00,19.3,23.6,287.0,574.0,3.84,3.2,100,85
2025-09-08T14:00,18.7,22.7,137.0,367.0,3.73,4.65,100,100
2025-09-08T15:00,20.4,22.0,143.0,217.0,3.75,4.71,100,100
2025-09-08T16:00,19.3,20.7,80.0,124.0,5.06,5.39,100,100
2025-09-08T17:00,18.1,19.4,46.0,51.0,5.33,4.21,98,100
2025-09-08T18:00,17.4,17.3,8.0,14.0,1.31,3.57,98,91
2025-09-08T19:00,16.7,16.0,0.0,0.0,2.27,2.47,100,86
2025-09-08T20:00,16.5,15.5,0.0,0.0,1.15,2.55,96,90
2025-09-08T21:00,16.4,15.1,0.0,0.0,1.41,2.09,93,83
2025-09-08T22:00,15.6,14.9,0.0,0.0,3.15,1.71,66,86
2025-09-08T23:00,14.8,14.8,0.0,0.0,4.02,1.57,60,95
2025-09-09T00:00,15.4,15.0,0.0,0.0,4.25,3.92,78,99
2025-09-09T01:00,15.0,14.8,0.0,0.0,4.43,4.66,38,99
2025-09-09T02:00,15.1,14.7,0.0,0.0,5.8,4.34,0,100
2025-09-09T03:00,14.1,14.4,0.0,0.0,5.42,4.72,69,100
2025-09-09T04:00,13.8,14.2,0.0,0.0,5.78,5.01,78,100
2025-09-09T05:00,14.2,14.0,1.0,1.0,7.93,2.73,100,100
2025-09-09T06:00,14.4,14.7,35.0,16.0,3.1,2.37,100,100
2025-09-09T07:00,15.2,15.2,109.0,46.0,2.04,1.15,100,100
2025-09-09T08:00,15.9,16.0,138.0,83.0,1.77,1.69,100,100
2025-09-09T09:00,15.6,17.0,36.0,103.0,3.69,3.07,100,100
2025-09-09T10:00,16.6,18.2,59.0,164.0,7.9,1.79,100,100
2025-09-09T11:00,17.4,18.7,148.0,194.0,9.56,3.19,100,100
2025-09-09T12:00,16.6,17.5,228.0,215.0,9.59,8.25,100,100
2025-09-09T13:00,17.5,18.3,261.0,265.0,7.85,6.99,100,100
2025-09-09T14:00,19.0,19.6,373.0,405.0,5.06,6.4,80,68
2025-09-09T15:00,18.2,20.0,356.0,318.0,5.31,6.56,89,82
2025-09-09T16:00,17.9,19.8,246.0,227.0,4.5,5.57,65,75
2025-09-09T17:00,16.9,18.7,127.0,81.0,2.24,4.96,4,84
2025-09-09T18:00,15.5,16.6,16.0,11.0,1.81,3.55,0,73
2025-09-09T19:00,14.9,15.6,0.0,0.0,0.9,3.29,0,72
2025-09-09T20:00,13.7,15.0,0.0,0.0,0.22,2.64,3,65
2025-09-09T21:00,13.5,14.3,0.0,0.0,0.53,1.75,7,69
2025-09-09T22:00,13.1,13.7,0.0,0.0,0.9,1.18,0,80
2025-09-09T23:00,12.4,13.4,0.0,0.0,0.22,0.2,100,100
2025-09-10T00:00,11.7,12.7,0.0,0.0,1.49,2.31,100,88
2025-09-10T01:00,10.4,12.4,0.0,0.0,1.5,3.19,100,100
2025-09-10T02:00,9.8,12.2,0.0,0.0,1.97,4.24,100,100
2025-09-10T03:00,10.6,12.5,0.0,0.0,1.8,5.06,100,100
2025-09-10T04:00,10.9,12.6,0.0,0.0,2.24,4.97,100,100
2025-09-10T05:00,11.2,12.6,0.0,1.0,3.33,4.61,100,100
2025-09-10T06:00,10.4,12.0,20.0,29.0,3.79,5.25,100,100
2025-09-10T07:00,11.3,12.5,49.0,78.0,4.41,4.02,100,100
2025-09-10T08:00,12.2,13.8,70.0,139.0,3.64,4.22,100,100
2025-09-10T09:00,12.8,14.9,96.0,170.0,1.97,4.1,100,100
2025-09-10T10:00,13.2,15.6,176.0,151.0,1.96,4.65,100,100
2025-09-10T11:00,14.3,16.5,218.0,133.0,1.69,4.33,100,100
2025-09-10T12:00,14.7,15.5,197.0,151.0,2.15,3.19,100,100
2025-09-10T13:00,14.8,16.3,153.0,172.0,1.93,2.79,100,100
2025-09-10T14:00,15.1,17.0,132.0,212.0,1.5,2.64,100,100
2025-09-10T15:00,14.7,17.1,91.0,189.0,2.56,2.5,100,99
2025-09-10T16:00,14.6,17.0,75.0,148.0,1.97,2.55,100,95
2025-09-10T17:00,14.2,16.2,30.0,57.0,1.67,3.47,100,100
2025-09-10T18:00,13.3,15.4,4.0,2.0,1.18,2.26,100,100
2025-09-10T19:00,12.8,14.8,0.0,0.0,2.0,1.53,97,100
2025-09-10T20:00,12.3,14.6,0.0,0.0,2.07,2.54,98,100
2025-09-10T21:00,11.3,14.4,0.0,0.0,2.54,2.64,79,100
2025-09-10T22:00,10.9,14.1,0.0,0.0,3.06,3.34,93,100
2025-09-10T23:00,10.2,13.6,0.0,0.0,3.06,4.5,100,100
2025-09-11T00:00,11.1,12.2,0.0,0.0,3.99,6.35,100,47
2025-09-11T01:00,11.2,12.1,0.0,0.0,3.67,6.72,100,54
2025-09-11T02:00,11.1,12.2,0.0,0.0,4.16,7.23,100,65
2025-09-11T03:00,10.9,12.1,0.0,0.0,4.67,7.28,91,71
2025-09-11T04:00,11.1,12.1,0.0,0.0,4.52,7.12,87,77
2025-09-11T05:00,11.4,12.1,1.0,1.0,4.37,6.73,93,80
2025-09-11T06:00,12.4,13.2,33.0,41.0,6.02,6.43,100,94
2025-09-11T07:00,13.9,14.9,83.0,119.0,7.28,6.86,100,94
2025-09-11T08:00,14.7,16.7,113.0,207.0,8.28,9.14,100,98
2025-09-11T09:00,15.2,15.1,142.0,118.0,8.91,9.7,100,100
2025-09-11T10:00,15.5,16.2,182.0,173.0,7.39,7.6,92,89
2025-09-11T11:00,18.1,17.6,534.0,409.0,10.7,8.26,70,87
2025-09-11T12:00,19.1,17.5,598.0,354.0,10.77,9.03,90,79
2025-09-11T13:00,19.0,18.2,417.0,445.0,11.55,9.9,84,84
2025-09-11T14:00,19.0,18.7,458.0,509.0,10.91,10.2,71,57
2025-09-11T15:00,18.4,18.2,335.0,380.0,9.13,10.65,95,65
2025-09-11T16:00,17.5,17.5,181.0,216.0,7.87,8.61,60,76
2025-09-11T17:00,16.5,16.6,101.0,81.0,7.51,8.34,91,89
2025-09-11T18:00,15.0,15.7,11.0,10.0,6.1,5.33,86,85
2025-09-11T19:00,14.3,15.1,0.0,0.0,5.79,5.94,90,99
2025-09-11T20:00,13.8,14.7,0.0,0.0,5.11,6.49,100,93
2025-09-11T21:00,13.5,14.3,0.0,0.0,6.09,5.8,86,85
2025-09-11T22:00,13.2,13.9,0.0,0.0,5.8,7.18,69,62
2025-09-11T23:00,12.6,13.5,0.0,0.0,5.91,7.26,79,65
2025-09-12T00:00,12.5,12.9,0.0,0.0,4.43,5.34,75,72
2025-09-12T01:00,12.2,12.5,0.0,0.0,4.83,5.31,91,66
2025-09-12T02:00,12.0,12.3,0.0,0.0,5.18,4.92,27,82
2025-09-12T03:00,12.1,12.2,0.0,0.0,5.57,5.89,81,89
2025-09-12T04:00,12.0,12.3,0.0,0.0,5.88,7.79,96,64
2025-09-12T05:00,11.9,12.1,1.0,1.0,6.04,7.86,49,59
2025-09-12T06:00,11.8,12.3,50.0,57.0,5.47,5.79,55,47
2025-09-12T07:00,13.4,14.3,153.0,172.0,4.17,5.91,65,78
2025-09-12T08:00,14.4,15.9,210.0,231.0,4.88,4.4,97,100
2025-09-12T09:00,14.2,16.9,179.0,227.0,5.31,4.52,100,100
2025-09-12T10:00,14.7,16.1,158.0,165.0,5.22,7.54,100,100
2025-09-12T11:00,15.3,15.7,260.0,204.0,5.52,5.62,100,96
2025-09-12T12:00,16.7,17.8,457.0,469.0,4.71,5.51,70,80
2025-09-12T13:00,16.6,18.2,347.0,455.0,4.35,4.31,91,56
2025-09-12T14:00,16.6,17.9,276.0,432.0,3.98,4.7,96,87
2025-09-12T15:00,16.4,17.1,181.0,184.0,2.46,3.26,89,97
2025-09-12T16:00,16.2,16.5,154.0,91.0,2.81,2.15,88,100
2025-09-12T17:00,15.2,15.6,71.0,19.0,4.02,1.14,89,100
2025-09-12T18:00,13.8,14.2,10.0,4.0,6.46,2.18,81,99
2025-09-12T19:00,13.2,13.8,0.0,0.0,5.77,3.72,90,100
2025-09-12T20:00,12.5,13.6,0.0,0.0,4.75,4.44,97,100
2025-09-12T21:00,12.1,13.2,0.0,0.0,3.59,4.13,76,100
2025-09-12T22:00,11.9,12.6,0.0,0.0,3.09,4.55,72,100
2025-09-12T23:00,11.7,12.6,0.0,0.0,2.94,4.0,90,100
2025-09-13T00:00,12.0,12.8,0.0,0.0,2.36,3.35,100,100
2025-09-13T01:00,11.8,12.5,0.0,0.0,2.51,3.02,100,100
2025-09-13T02:00,11.8,12.5,0.0,0.0,2.16,3.94,100,100
2025-09-13T03:00,10.6,12.5,0.0,0.0,1.94,3.95,100,95
2025-09-13T04:00,10.5,12.3,0.0,0.0,2.42,3.77,100,99
2025-09-13T05:00,10.7,12.2,0.0,0.0,2.01,3.73,100,100
2025-09-13T06:00,11.6,11.0,19.0,23.0,4.65,4.48,100,95
2025-09-13T07:00,12.5,12.0,67.0,56.0,4.47,3.16,100,100
2025-09-13T08:00,13.8,13.2,169.0,133.0,3.69,3.61,96,97
2025-09-13T09:00,14.8,14.8,191.0,213.0,2.16,3.43,100,89
2025-09-13T10:00,16.1,15.6,332.0,216.0,2.06,3.07,82,89
2025-09-13T11:00,17.4,17.5,428.0,360.0,2.65,3.04,64,79
2025-09-13T12:00,18.4,19.6,489.0,611.0,2.55,2.86,59,66
2025-09-13T13:00,19.6,19.5,578.0,488.0,3.7,3.69,48,100
2025-09-13T14:00,19.7,19.2,501.0,310.0,4.64,3.27,100,100
2025-09-13T15:00,20.0,19.2,350.0,281.0,3.91,2.16,100,99
2025-09-13T16:00,19.0,18.6,189.0,203.0,5.22,2.27,100,100
2025-09-13T17:00,17.2,17.3,86.0,47.0,2.43,2.4,100,100
2025-09-13T18:00,15.4,16.2,7.0,3.0,4.81,3.42,100,100
2025-09-13T19:00,14.4,15.1,0.0,0.0,4.98,5.55,100,100
2025-09-13T20:00,13.6,14.3,0.0,0.0,5.08,5.89,100,100
2025-09-13T21:00,14.3,14.0,0.0,0.0,6.88,5.92,100,100
2025-09-13T22:00,13.5,13.8,0.0,0.0,6.77,6.39,100,100
2025-09-13T23:00,13.0,13.6,0.0,0.0,6.58,7.08,100,100
2025-09-14T00:00,12.5,13.0,0.0,0.0,5.21,3.08,91,100
2025-09-14T01:00,12.4,12.8,0.0,0.0,5.44,5.0,100,100
2025-09-14T02:00,12.3,12.8,0.0,0.0,4.93,5.72,100,100
2025-09-14T03:00,12.2,12.6,0.0,0.0,3.32,5.92,100,100
2025-09-14T04:00,12.1,12.6,0.0,0.0,8.16,6.07,100,100
2025-09-14T05:00,12.2,12.7,0.0,0.0,7.9,9.7,97,100
2025-09-14T06:00,12.6,13.0,20.0,13.0,8.46,8.72,100,100
2025-09-14T07:00,13.3,13.5,88.0,71.0,7.48,8.32,96,99
2025-09-14T08:00,13.8,13.8,120.0,149.0,7.34,7.66,100,99
2025-09-14T09:00,13.8,14.5,187.0,266.0,6.76,7.15,100,99
2025-09-14T10:00,14.7,15.3,330.0,394.0,6.08,6.77,99,91
2025-09-14T11:00,14.4,15.6,184.0,371.0,5.71,6.19,98,83
2025-09-14T12:00,16.5,17.2,340.0,403.0,5.56,4.57,72,72
2025-09-14T13:00,17.3,17.6,481.0,375.0,4.82,4.3,88,93
2025-09-14T14:00,17.6,17.9,377.0,240.0,5.4,3.63,92,65
2025-09-14T15:00,16.8,18.4,277.0,313.0,2.74,3.71,97,61
2025-09-14T16:00,16.4,18.1,113.0,160.0,2.07,3.59,60,80
2025-09-14T17:00,15.5,17.3,96.0,60.0,1.41,2.75,73,60
2025-09-14T18:00,14.4,15.5,8.0,6.0,2.12,1.48,92,72
2025-09-14T19:00,13.8,14.5,0.0,0.0,3.19,1.38,70,94
2025-09-14T20:00,13.3,13.8,0.0,0.0,4.62,3.45,99,80
2025-09-14T21:00,14.6,13.8,0.0,0.0,5.89,5.02,100,96
2025-09-14T22:00,14.6,14.4,0.0,0.0,5.72,7.05,100,97
2025-09-14T23:00,14.5,14.6,0.0,0.0,7.84,7.93,100,99
2025-09-15T00:00,14.7,14.7,0.0,0.0,8.78,9.69,76,96
2025-09-15T01:00,14.9,15.1,0.0,0.0,8.54,9.78,96,99
2025-09-15T02:00,15.0,15.0,0.0,0.0,7.97,8.91,72,84
2025-09-15T03:00,14.6,14.9,0.0,0.0,7.79,9.33,81,69
2025-09-15T04:00,14.5,14.7,0.0,0.0,7.47,9.8,21,98
2025-09-15T05:00,14.4,15.1,0.0,0.0,6.59,9.62,40,78
2025-09-15T06:00,15.4,15.4,50.0,46.0,8.7,9.47,49,67
2025-09-15T07:00,17.5,17.0,182.0,123.0,8.39,9.13,35,61
2025-09-15T08:00,19.2,18.3,332.0,194.0,8.84,8.68,46,86
2025-09-15T09:00,20.1,19.7,375.0,293.0,9.53,8.29,76,91
2025-09-15T10:00,21.0,20.8,457.0,372.0,10.41,11.6,92,80
2025-09-15T11:00,20.7,21.3,340.0,419.0,10.35,9.3,98,81
2025-09-15T12:00,22.4,23.3,526.0,586.0,11.56,12.15,92,73
2025-09-15T13:00,22.3,23.9,462.0,546.0,11.0,11.87,90,58
2025-09-15T14:00,22.1,23.9,321.0,490.0,10.35,11.81,68,48
2025-09-15T15:00,22.6,23.6,305.0,363.0,9.58,11.75,76,87
2025-09-15T16:00,21.8,22.5,125.0,216.0,7.82,10.79,57,40
2025-09-15T17:00,20.5,21.2,59.0,93.0,7.54,8.27,71,47
2025-09-15T18:00,19.2,18.9,7.0,4.0,8.57,9.91,42,81
2025-09-15T19:00,17.9,18.3,0.0,0.0,7.0,10.68,48,91
2025-09-15T20:00,17.4,18.2,0.0,0.0,9.52,9.13,92,83
2025-09-15T21:00,16.4,17.5,0.0,0.0,7.29,8.3,98,97
2025-09-15T22:00,15.7,16.5,0.0,0.0,4.76,8.09,82,91
2025-09-15T23:00,15.5,15.8,0.0,0.0,8.93,9.2,81,81
2025-09-16T00:00,13.9,14.3,0.0,0.0,8.17,9.46,0,0
2025-09-16T01:00,13.3,13.1,0.0,0.0,9.1,8.67,24,0
2025-09-16T02:00,12.7,12.3,0.0,0.0,8.31,8.37,62,22
2025-09-16T03:00,12.9,11.6,0.0,0.0,10.12,8.68,60,41
2025-09-16T04:00,12.3,11.3,0.0,0.0,9.25,10.84,73,100
2025-09-16T05:00,11.6,11.5,0.0,0.0,9.24,10.92,3,100
2025-09-16T06:00,12.5,11.9,52.0,51.0,9.58,10.1,6,45
2025-09-16T07:00,13.5,13.7,196.0,178.0,9.17,7.72,3,55
2025-09-16T08:00,14.3,14.8,349.0,300.0,11.1,10.22,80,82
2025-09-16T09:00,15.1,15.2,392.0,348.0,10.57,10.05,44,95
2025-09-16T10:00,16.0,15.6,476.0,351.0,10.61,10.47,41,64
2025-09-16T11:00,16.9,16.3,512.0,441.0,11.3,10.84,96,74
2025-09-16T12:00,17.5,16.7,551.0,464.0,10.61,10.46,45,98
2025-09-16T13:00,17.5,16.8,464.0,382.0,11.36,10.39,46,100
2025-09-16T14:00,17.5,16.7,351.0,346.0,11.05,10.27,96,100
2025-09-16T15:00,16.9,16.1,340.0,235.0,10.92,9.71,69,100
2025-09-16T16:00,16.4,15.5,169.0,129.0,9.32,8.25,37,100
2025-09-16T17:00,15.4,14.6,94.0,47.0,9.67,7.84,100,100
2025-09-16T18:00,13.8,13.3,6.0,3.0,9.41,7.74,100,100
2025-09-16T19:00,13.0,12.8,0.0,0.0,8.69,8.13,100,100
2025-09-16T20:00,12.5,12.1,0.0,0.0,7.36,8.96,100,100
2025-09-16T21:00,11.5,11.6,0.0,0.0,7.72,8.86,100,100
2025-09-16T22:00,10.9,11.1,0.0,0.0,7.62,8.57,100,100
2025-09-16T23:00,10.3,10.7,0.0,0.0,7.54,8.47,100,100
2025-09-17T00:00,10.2,10.0,0.0,0.0,8.06,8.5,100,100
2025-09-17T01:00,10.2,9.8,0.0,0.0,7.45,8.77,100,98
2025-09-17T02:00,10.0,9.4,0.0,0.0,6.92,8.59,100,100
2025-09-17T03:00,9.6,9.1,0.0,0.0,6.97,8.43,73,65
2025-09-17T04:00,9.3,8.9,0.0,0.0,6.66,8.06,81,53
2025-09-17T05:00,8.8,8.9,0.0,0.0,6.58,7.3,57,76
2025-09-17T06:00,8.5,9.9,48.0,23.0,4.6,6.63,18,89
2025-09-17T07:00,10.7,10.9,180.0,76.0,3.7,6.06,49,82
2025-09-17T08:00,12.5,12.2,284.0,144.0,2.78,5.57,54,83
2025-09-17T09:00,14.0,13.1,318.0,152.0,5.08,3.37,77,100
2025-09-17T10:00,14.4,14.2,304.0,228.0,5.25,3.42,100,92
2025-09-17T11:00,15.2,14.9,325.0,308.0,5.36,4.77,94,95
2025-09-17T12:00,15.5,14.8,333.0,174.0,5.32,4.4,83,96
2025-09-17T13:00,15.7,15.5,356.0,210.0,5.03,4.51,91,96
2025-09-17T14:00,15.9,16.3,301.0,267.0,4.53,4.4,85,77
2025-09-17T15:00,16.1,16.6,197.0,282.0,5.03,4.02,91,71
2025-09-17T16:00,15.5,16.6,125.0,206.0,4.28,4.41,91,48
2025-09-17T17:00,14.8,15.5,48.0,76.0,4.08,5.55,78,51
2025-09-17T18:00,14.2,14.1,2.0,2.0,4.4,4.93,86,76
2025-09-17T19:00,14.0,13.6,0.0,0.0,4.78,5.09,98,91
2025-09-17T20:00,13.4,13.3,0.0,0.0,4.21,5.83,83,80
2025-09-17T21:00,12.8,13.0,0.0,0.0,4.78,6.35,87,77
2025-09-17T22:00,12.3,12.3,0.0,0.0,4.6,7.37,71,7
2025-09-17T23:00,11.5,11.4,0.0,0.0,4.51,7.33,42,0
2025-09-18T00:00,11.1,10.5,0.0,0.0,4.49,5.99,8,41
2025-09-18T01:00,10.7,10.0,0.0,0.0,4.56,5.57,7,20
2025-09-18T02:00,10.6,9.6,0.0,0.0,4.03,5.31,0,42
2025-09-18T03:00,9.9,9.3,0.0,0.0,3.56,5.1,0,18
2025-09-18T04:00,9.7,9.0,0.0,0.0,3.32,4.66,0,23
2025-09-18T05:00,9.7,8.7,0.0,0.0,2.61,4.03,0,18
2025-09-18T06:00,10.3,11.0,42.0,43.0,2.47,4.29,0,0
2025-09-18T07:00,12.6,13.0,170.0,172.0,2.29,3.86,0,0
2025-09-18T08:00,15.0,15.6,325.0,326.0,1.58,3.24,0,0
2025-09-18T09:00,17.2,17.8,472.0,475.0,1.4,1.82,0,0
2025-09-18T10:00,18.8,19.7,584.0,592.0,1.77,2.54,0,0
2025-09-18T11:00,20.2,21.0,649.0,656.0,1.67,3.14,0,0
2025-09-18T12:00,21.6,21.8,662.0,666.0,2.35,2.45,0,0
2025-09-18T13:00,22.4,22.5,623.0,625.0,2.65,2.74,0,0
2025-09-18T14:00,22.7,22.6,533.0,533.0,3.04,3.14,0,0
2025-09-18T15:00,22.9,22.3,400.0,400.0,3.5,3.04,0,0
2025-09-18T16:00,22.0,21.3,243.0,239.0,3.76,3.16,0,0
2025-09-18T17:00,20.1,19.7,88.0,86.0,3.17,2.71,0,0
2025-09-18T18:00,18.9,18.3,5.0,3.0,2.98,2.31,0,0
2025-09-18T19:00,16.9,16.9,0.0,0.0,3.61,2.59,0,0
2025-09-18T20:00,15.7,15.8,0.0,0.0,4.35,2.45,0,0
2025-09-18T21:00,15.1,14.8,0.0,0.0,4.24,2.17,0,0
2025-09-18T22:00,14.3,13.9,0.0,0.0,3.93,1.53,0,0
2025-09-18T23:00,13.7,12.9,0.0,0.0,3.57,1.04,0,0
2025-09-19T00:00,12.9,12.8,0.0,0.0,1.83,1.15,0,0
2025-09-19T01:00,12.3,12.1,0.0,0.0,1.47,1.08,0,0
2025-09-19T02:00,11.7,11.5,0.0,0.0,1.88,1.67,0,0
2025-09-19T03:00,11.2,11.1,0.0,0.0,1.58,1.88,0,2
2025-09-19T04:00,10.9,10.7,0.0,0.0,1.79,2.07,0,0
2025-09-19T05:00,10.6,10.4,0.0,0.0,2.31,2.08,0,0
2025-09-19T06:00,11.5,10.8,40.0,41.0,2.9,2.94,0,0
2025-09-19T07:00,13.9,13.0,165.0,168.0,2.89,4.0,0,0
2025-09-19T08:00,17.1,16.2,320.0,320.0,2.5,4.47,0,0
2025-09-19T09:00,19.5,19.1,466.0,462.0,1.36,3.4,0,0
2025-09-19T10:00,21.8,21.4,576.0,571.0,1.88,2.15,0,0
2025-09-19T11:00,23.7,23.1,642.0,634.0,2.15,2.88,0,0
2025-09-19T12:00,25.4,24.5,658.0,646.0,2.86,2.79,0,0
2025-09-19T13:00,26.4,25.3,615.0,602.0,3.24,2.85,0,0
2025-09-19T14:00,26.7,25.6,524.0,511.0,4.02,3.53,0,0
2025-09-19T15:00,26.7,25.1,392.0,380.0,4.41,4.42,0,0
2025-09-19T16:00,25.3,23.9,232.0,224.0,5.69,5.88,0,0
2025-09-19T17:00,23.0,21.9,81.0,78.0,6.66,7.18,0,0
2025-09-19T18:00,20.1,19.8,3.0,3.0,7.49,7.56,0,0
2025-09-19T19:00,18.1,18.2,0.0,0.0,5.97,7.11,0,0
2025-09-19T20:00,17.4,17.3,0.0,0.0,4.19,5.6,0,0
2025-09-19T21:00,15.7,16.5,0.0,0.0,2.71,4.23,0,8
2025-09-19T22:00,14.9,15.6,0.0,0.0,2.07,2.95,0,100
2025-09-19T23:00,13.8,15.1,0.0,0.0,2.0,3.2,60,99
2025-09-20T00:00,14.0,14.3,0.0,0.0,3.43,4.08,70,69
2025-09-20T01:00,13.6,13.6,0.0,0.0,3.26,5.22,53,81
2025-09-20T02:00,13.4,13.3,0.0,0.0,3.37,5.37,28,74
2025-09-20T03:00,13.3,13.0,0.0,0.0,3.41,5.22,53,79
2025-09-20T04:00,13.0,12.8,0.0,0.0,3.47,5.16,70,53
2025-09-20T05:00,12.8,12.7,0.0,0.0,3.34,5.08,74,99
2025-09-20T06:00,13.9,14.1,38.0,36.0,3.48,4.3,19,100
2025-09-20T07:00,16.3,16.3,128.0,115.0,3.4,5.07,22,71
2025-09-20T08:00,19.2,19.2,281.0,281.0,2.97,4.62,93,67
2025-09-20T09:00,22.0,21.4,433.0,369.0,2.68,3.56,62,44
2025-09-20T10:00,24.0,23.4,537.0,511.0,1.46,1.67,61,59
2025-09-20T11:00,25.6,25.1,600.0,614.0,1.18,1.67,28,32
2025-09-20T12:00,27.3,27.3,645.0,616.0,0.69,1.8,27,48
2025-09-20T13:00,28.0,28.1,604.0,578.0,0.84,1.2,13,36
2025-09-20T14:00,28.3,28.3,517.0,498.0,0.53,0.57,0,28
2025-09-20T15:00,28.5,28.0,385.0,374.0,1.06,0.63,16,40
2025-09-20T16:00,27.3,26.6,229.0,224.0,1.59,2.45,8,0
2025-09-20T17:00,24.8,24.5,79.0,75.0,2.73,3.19,5,42
2025-09-20T18:00,23.2,21.8,2.0,2.0,1.71,2.55,0,23
2025-09-20T19:00,21.4,20.2,0.0,0.0,1.87,1.62,0,33
2025-09-20T20:00,19.7,19.1,0.0,0.0,1.57,2.6,0,51
2025-09-20T21:00,18.4,18.5,0.0,0.0,1.36,3.54,0,71
2025-09-20T22:00,17.2,18.0,0.0,0.0,2.75,3.92,10,36
2025-09-20T23:00,16.3,17.1,0.0,0.0,2.73,5.16,0,22
2025-09-21T00:00,15.9,16.5,0.0,0.0,4.25,4.73,2,65
2025-09-21T01:00,15.8,16.2,0.0,0.0,3.92,6.1,0,27
2025-09-21T02:00,15.0,15.8,0.0,0.0,3.35,4.47,13,46
2025-09-21T03:00,14.6,15.3,0.0,0.0,2.5,5.57,0,4
2025-09-21T04:00,14.4,14.9,0.0,0.0,2.79,5.77,0,23
2025-09-21T05:00,14.1,14.7,0.0,0.0,2.79,6.25,0,40
2025-09-21T06:00,14.6,15.0,37.0,37.0,3.21,5.44,0,70
2025-09-21T07:00,17.1,17.7,163.0,144.0,3.07,5.35,0,98
2025-09-21T08:00,19.5,20.6,316.0,266.0,2.92,4.77,0,44
2025-09-21T09:00,21.9,22.5,459.0,413.0,1.43,3.04,0,49
2025-09-21T10:00,23.6,23.9,567.0,541.0,2.39,2.72,0,36
2025-09-21T11:00,25.2,24.5,619.0,563.0,3.67,2.94,30,66
2025-09-21T12:00,25.6,25.3,638.0,563.0,4.02,2.19,0,90
2025-09-21T13:00,25.9,25.4,591.0,474.0,4.57,1.59,27,62
2025-09-21T14:00,25.3,25.2,502.0,412.0,4.29,2.67,2,69
2025-09-21T15:00,25.3,24.7,375.0,302.0,5.87,3.7,25,93
2025-09-21T16:00,23.9,23.6,182.0,155.0,7.62,5.21,51,98
2025-09-21T17:00,21.4,21.7,50.0,43.0,8.41,6.66,80,100
2025-09-21T18:00,18.5,19.9,1.0,1.0,7.17,7.42,100,100
2025-09-21T19:00,17.1,18.0,0.0,0.0,6.92,8.27,100,100
2025-09-21T20:00,15.0,16.3,0.0,0.0,6.11,6.96,100,100
2025-09-21T21:00,12.0,15.8,0.0,0.0,6.69,6.63,100,100
2025-09-21T22:00,11.5,15.6,0.0,0.0,6.4,5.35,100,100
2025-09-21T23:00,11.2,15.5,0.0,0.0,7.34,3.82,100,100
2025-09-22T00:00,11.2,12.9,0.0,0.0,8.02,5.78,100,100
2025-09-22T01:00,10.8,12.7,0.0,0.0,6.54,7.75,100,100
2025-09-22T02:00,10.6,11.1,0.0,0.0,5.31,6.67,100,100
2025-09-22T03:00,11.3,10.9,0.0,0.0,6.23,6.21,100,100
2025-09-22T04:00,11.4,10.8,0.0,0.0,5.49,7.23,100,100
2025-09-22T05:00,11.3,10.5,0.0,0.0,4.95,6.77,100,100
2025-09-22T06:00,11.0,10.9,3.0,3.0,5.67,4.83,100,100
2025-09-22T07:00,11.0,11.1,11.0,9.0,4.74,4.34,100,100
2025-09-22T08:00,11.2,11.1,14.0,15.0,5.53,5.29,100,100
2025-09-22T09:00,11.6,11.2,25.0,31.0,5.28,4.9,100,100
2025-09-22T10:00,11.7,11.1,36.0,36.0,6.04,5.24,100,100
2025-09-22T11:00,11.7,10.9,57.0,39.0,6.49,4.82,100,100
2025-09-22T12:00,11.4,10.9,52.0,75.0,7.1,5.7,100,100
2025-09-22T13:00,11.3,10.9,70.0,74.0,6.14,4.95,100,100
2025-09-22T14:00,11.3,10.8,57.0,63.0,6.32,4.99,100,100
2025-09-22T15:00,11.1,10.3,43.0,37.0,4.43,6.17,100,100
2025-09-22T16:00,10.3,10.2,20.0,34.0,6.46,4.99,100,100
2025-09-22T17:00,9.7,9.8,9.0,12.0,8.49,6.12,100,100
2025-09-22T18:00,9.3,8.8,0.0,0.0,7.55,6.28,100,100
2025-09-22T19:00,9.0,8.6,0.0,0.0,7.14,5.43,100,100
2025-09-22T20:00,8.9,8.5,0.0,0.0,7.07,4.89,100,100
2025-09-22T21:00,10.1,8.5,0.0,0.0,3.78,3.75,100,100
2025-09-22T22:00,10.0,8.5,0.0,0.0,2.9,4.0,100,100
2025-09-22T23:00,9.8,8.5,0.0,0.0,4.37,3.81,100,100
2025-09-23T00:00,9.6,8.1,0.0,0.0,5.02,4.38,100,100
2025-09-23T01:00,9.5,8.1,0.0,0.0,5.27,4.73,100,100
2025-09-23T02:00,9.4,8.1,0.0,0.0,3.35,4.3,100,100
2025-09-23T03:00,9.4,8.1,0.0,0.0,4.21,4.78,100,100
2025-09-23T04:00,9.3,8.2,0.0,0.0,3.89,4.09,100,100
2025-09-23T05:00,9.3,8.2,0.0,0.0,3.67,4.61,100,100
2025-09-23T06:00,9.4,8.7,5.0,6.0,4.3,3.96,100,100
2025-09-23T07:00,9.6,8.9,23.0,27.0,4.13,3.57,100,100
2025-09-23T08:00,10.0,9.2,62.0,55.0,4.52,4.09,100,99
2025-09-23T09:00,10.5,10.1,82.0,116.0,5.68,3.95,100,98
2025-09-23T10:00,11.3,11.0,88.0,163.0,6.58,4.47,100,98
2025-09-23T11:00,11.8,11.8,122.0,214.0,7.56,5.19,100,99
2025-09-23T12:00,12.1,11.1,155.0,109.0,7.72,5.25,100,100
2025-09-23T13:00,12.5,11.8,139.0,120.0,8.08,5.45,100,100
2025-09-23T14:00,12.6,12.0,145.0,93.0,8.96,6.74,92,100
2025-09-23T15:00,12.1,12.2,94.0,89.0,9.99,7.15,100,100
2025-09-23T16:00,12.0,11.9,48.0,36.0,9.46,6.6,100,100
2025-09-23T17:00,11.9,11.8,16.0,8.0,10.7,6.34,100,100
2025-09-23T18:00,11.0,11.7,0.0,0.0,8.46,8.52,100,100
2025-09-23T19:00,10.7,11.1,0.0,0.0,8.97,8.46,100,100
2025-09-23T20:00,10.3,10.6,0.0,0.0,8.77,7.83,100,100
2025-09-23T21:00,10.3,10.3,0.0,0.0,6.54,7.76,100,100
2025-09-23T22:00,10.1,10.2,0.0,0.0,6.22,7.63,100,100
2025-09-23T23:00,9.9,10.0,0.0,0.0,7.13,7.35,100,100
2025-09-24T00:00,9.6,10.2,0.0,0.0,7.04,6.0,100,100
2025-09-24T01:00,9.2,9.8,0.0,0.0,7.19,5.7,100,100
2025-09-24T02:00,8.9,9.4,0.0,0.0,7.58,5.25,100,100
2025-09-24T03:00,8.5,9.3,0.0,0.0,8.78,5.25,100,100
2025-09-24T04:00,8.3,9.0,0.0,0.0,8.49,6.53,100,100
2025-09-24T05:00,8.3,8.6,0.0,0.0,8.91,7.31,100,100
2025-09-24T06:00,8.4,8.8,3.0,7.0,8.29,7.41,100,100
2025-09-24T07:00,8.4,8.9,13.0,26.0,8.67,6.66,100,100
2025-09-24T08:00,8.5,9.4,26.0,54.0,7.43,6.27,100,100
2025-09-24T09:00,8.4,9.7,18.0,62.0,7.38,5.34,100,100
2025-09-24T10:00,8.5,10.2,22.0,93.0,6.2,5.29,100,100
2025-09-24T11:00,8.6,10.4,27.0,110.0,6.23,5.22,100,100
2025-09-24T12:00,9.3,10.6,56.0,57.0,5.98,3.59,100,100
2025-09-24T13:00,9.3,10.9,33.0,49.0,5.91,4.74,100,100
2025-09-24T14:00,9.4,11.0,18.0,45.0,3.93,4.64,100,100
2025-09-24T15:00,9.4,11.1,16.0,27.0,4.49,4.96,100,100
2025-09-24T16:00,9.5,10.9,15.0,15.0,5.98,6.41,100,100
2025-09-24T17:00,9.6,10.6,5.0,5.0,7.2,5.08,100,100
2025-09-24T18:00,9.5,10.0,0.0,0.0,6.53,5.62,100,100
2025-09-24T19:00,9.4,10.0,0.0,0.0,6.03,4.37,100,100
2025-09-24T20:00,9.3,10.0,0.0,0.0,5.89,4.99,100,98
2025-09-24T21:00,9.5,10.0,0.0,0.0,5.02,5.63,100,100
2025-09-24T22:00,9.6,10.0,0.0,0.0,3.63,5.41,100,100
2025-09-24T23:00,9.5,9.9,0.0,0.0,1.18,3.29,100,100
2025-09-25T00:00,9.7,10.1,0.0,0.0,3.27,0.57,100,100
2025-09-25T01:00,9.6,10.1,0.0,0.0,2.55,1.29,100,100
2025-09-25T02:00,9.6,10.2,0.0,0.0,2.73,3.92,100,100
2025-09-25T03:00,9.2,10.1,0.0,0.0,3.98,4.41,100,100
2025-09-25T04:00,9.2,9.9,0.0,0.0,3.81,5.17,100,100
2025-09-25T05:00,9.1,9.8,0.0,0.0,3.95,4.8,100,100
2025-09-25T06:00,9.3,8.5,7.0,23.0,3.2,5.89,99,100
2025-09-25T07:00,9.6,9.4,33.0,102.0,4.87,4.82,100,100
2025-09-25T08:00,10.0,10.8,71.0,198.0,4.71,4.41,100,87
2025-09-25T09:00,10.7,12.2,182.0,291.0,4.88,3.14,96,85
2025-09-25T10:00,11.6,12.9,237.0,320.0,4.88,2.95,96,96
2025-09-25T11:00,12.2,13.6,310.0,331.0,4.25,2.09,96,98
2025-09-25T12:00,12.3,14.0,316.0,323.0,2.64,2.88,100,93
2025-09-25T13:00,13.1,14.6,292.0,376.0,2.11,1.88,93,85
2025-09-25T14:00,13.1,14.7,235.0,316.0,1.77,1.36,94,100
2025-09-25T15:00,12.6,14.5,183.0,218.0,0.35,1.39,80,99
2025-09-25T16:00,12.3,13.8,151.0,126.0,0.83,2.33,96,100
2025-09-25T17:00,11.0,12.5,50.0,34.0,2.28,4.44,26,100
2025-09-25T18:00,9.7,10.9,0.0,0.0,3.04,4.16,47,100
2025-09-25T19:00,9.1,10.2,0.0,0.0,3.61,4.8,51,69
2025-09-25T20:00,9.0,10.0,0.0,0.0,4.43,6.3,91,75
2025-09-25T21:00,8.8,9.8,0.0,0.0,5.4,5.67,72,89
2025-09-25T22:00,8.3,9.8,0.0,0.0,6.09,5.13,100,100
2025-09-25T23:00,8.4,9.5,0.0,0.0,5.22,4.76,100,100
2025-09-26T00:00,8.7,8.9,0.0,0.0,4.85,3.69,100,100
2025-09-26T01:00,8.6,8.8,0.0,0.0,5.33,3.83,100,100
2025-09-26T02:00,8.6,8.8,0.0,0.0,5.42,4.41,100,100
2025-09-26T03:00,8.8,9.1,0.0,0.0,6.18,5.19,100,100
2025-09-26T04:00,9.0,9.6,0.0,0.0,6.31,5.92,99,100
2025-09-26T05:00,9.1,9.7,0.0,0.0,4.3,5.59,100,100
2025-09-26T06:00,9.1,9.9,5.0,11.0,4.73,5.96,100,100
2025-09-26T07:00,9.6,10.2,25.0,41.0,3.72,5.52,100,100
2025-09-26T08:00,11.1,10.7,95.0,88.0,5.09,5.45,100,100
2025-09-26T09:00,12.1,11.5,191.0,115.0,4.83,5.24,100,100
2025-09-26T10:00,12.8,12.0,257.0,131.0,5.01,5.15,100,100
2025-09-26T11:00,13.8,12.6,291.0,146.0,3.94,3.57,100,100
2025-09-26T12:00,14.6,13.3,337.0,183.0,4.71,3.54,100,100
2025-09-26T13:00,15.5,13.8,369.0,167.0,4.16,3.51,92,100
2025-09-26T14:00,15.8,14.1,383.0,212.0,3.55,3.43,90,100
2025-09-26T15:00,15.8,13.6,325.0,138.0,2.67,3.64,49,100
2025-09-26T16:00,15.1,12.6,187.0,50.0,2.91,4.46,100,100
2025-09-26T17:00,13.4,12.0,41.0,11.0,2.11,4.87,100,100
2025-09-26T18:00,12.6,12.0,0.0,0.0,5.62,6.23,77,100
2025-09-26T19:00,12.1,11.7,0.0,0.0,4.43,6.86,100,94
2025-09-26T20:00,12.0,11.7,0.0,0.0,4.74,5.69,100,96
2025-09-26T21:00,11.5,11.5,0.0,0.0,3.72,5.27,98,98
2025-09-26T22:00,11.5,11.5,0.0,0.0,2.08,5.02,97,97
2025-09-26T23:00,11.5,11.4,0.0,0.0,3.97,4.37,95,100
2025-09-27T00:00,11.6,10.7,0.0,0.0,1.36,3.38,100,98
2025-09-27T01:00,11.5,10.8,0.0,0.0,1.02,3.04,100,97
2025-09-27T02:00,11.7,10.8,0.0,0.0,3.47,2.94,100,98
2025-09-27T03:00,11.1,10.7,0.0,0.0,5.28,1.86,97,100
2025-09-27T04:00,10.4,10.7,0.0,0.0,5.53,1.98,93,100
2025-09-27T05:00,10.2,10.7,0.0,0.0,5.31,2.85,96,100
2025-09-27T06:00,10.8,11.4,5.0,8.0,3.31,5.09,100,96
2025-09-27T07:00,11.0,11.3,26.0,37.0,3.79,5.52,100,99
2025-09-27T08:00,11.4,11.3,58.0,82.0,3.29,4.21,100,96
2025-09-27T09:00,11.2,12.3,51.0,170.0,2.73,3.09,100,96
2025-09-27T10:00,11.7,12.9,83.0,156.0,2.39,1.9,100,99
2025-09-27T11:00,12.1,13.6,101.0,188.0,2.21,1.28,100,98
2025-09-27T12:00,12.8,13.2,167.0,145.0,3.47,1.52,91,99
2025-09-27T13:00,14.2,13.9,386.0,196.0,2.45,1.87,70,87
2025-09-27T14:00,14.4,14.7,324.0,363.0,2.45,1.86,81,66
2025-09-27T15:00,13.3,14.5,178.0,263.0,3.55,1.85,100,77
2025-09-27T16:00,12.9,14.2,117.0,140.0,4.04,2.08,64,83
2025-09-27T17:00,11.8,13.0,44.0,34.0,4.65,3.9,60,93
2025-09-27T18:00,11.4,12.6,0.0,0.0,4.53,4.08,96,87
2025-09-27T19:00,11.1,12.1,0.0,0.0,5.3,3.86,93,92
2025-09-27T20:00,10.9,11.8,0.0,0.0,5.08,3.64,100,88
2025-09-27T21:00,11.0,11.3,0.0,0.0,3.76,3.61,94,74
2025-09-27T22:00,10.7,10.9,0.0,0.0,4.21,3.56,89,77
2025-09-27T23:00,10.2,10.5,0.0,0.0,3.53,3.22,91,87
2025-09-28T00:00,11.1,10.3,0.0,0.0,2.6,3.88,100,88
2025-09-28T01:00,10.8,10.2,0.0,0.0,4.06,3.92,100,84
2025-09-28T02:00,10.7,10.2,0.0,0.0,2.65,4.09,95,87
2025-09-28T03:00,10.0,10.0,0.0,0.0,2.4,4.0,90,86
2025-09-28T04:00,9.6,9.8,0.0,0.0,1.5,3.69,91,90
2025-09-28T05:00,9.3,9.6,0.0,0.0,0.97,3.06,100,89
2025-09-28T06:00,10.0,10.3,8.0,12.0,1.31,3.14,100,93
2025-09-28T07:00,10.3,10.8,45.0,60.0,2.04,2.96,100,100
2025-09-28T08:00,10.8,12.2,83.0,115.0,2.1,2.29,100,94
2025-09-28T09:00,11.9,13.1,117.0,143.0,2.56,2.78,100,100
2025-09-28T10:00,12.9,13.8,134.0,174.0,2.24,2.45,100,98
2025-09-28T11:00,13.6,14.3,140.0,191.0,2.26,2.5,100,100
2025-09-28T12:00,14.6,14.5,171.0,155.0,1.47,2.23,85,100
2025-09-28T13:00,15.4,14.6,276.0,130.0,2.02,2.72,89,98
2025-09-28T14:00,15.7,15.1,310.0,206.0,3.12,2.67,94,77
2025-09-28T15:00,15.6,15.0,267.0,224.0,3.9,3.88,59,55
2025-09-28T16:00,14.8,14.5,139.0,159.0,4.43,3.72,63,40
2025-09-28T17:00,13.5,13.2,36.0,40.0,5.16,3.29,53,13
2025-09-28T18:00,12.4,12.7,0.0,0.0,4.44,3.7,40,45
2025-09-28T19:00,11.5,12.0,0.0,0.0,4.43,3.29,46,59
2025-09-28T20:00,10.9,11.5,0.0,0.0,4.54,3.21,57,57
2025-09-28T21:00,9.9,11.1,0.0,0.0,3.35,3.23,56,60
2025-09-28T22:00,9.2,10.8,0.0,0.0,2.6,2.42,72,72
2025-09-28T23:00,8.5,10.5,0.0,0.0,2.18,1.92,77,82
2025-09-29T00:00,9.1,10.8,0.0,0.0,2.65,2.02,67,82
2025-09-29T01:00,8.6,10.5,0.0,0.0,2.69,3.01,66,75
2025-09-29T02:00,8.4,10.1,0.0,0.0,1.49,3.4,84,79
2025-09-29T03:00,7.8,9.8,0.0,0.0,1.47,2.92,100,86
2025-09-29T04:00,7.5,9.7,0.0,0.0,1.47,2.48,100,87
2025-09-29T05:00,7.8,9.6,0.0,0.0,1.28,1.59,100,88
2025-09-29T06:00,8.3,9.4,9.0,15.0,0.77,1.53,100,91
2025-09-29T07:00,9.2,10.5,40.0,72.0,1.69,1.36,99,88
2025-09-29T08:00,9.9,11.9,63.0,149.0,1.12,1.01,100,89
2025-09-29T09:00,11.9,13.0,207.0,242.0,0.77,1.1,99,94
2025-09-29T10:00,13.9,14.2,275.0,273.0,1.59,0.9,91,89
2025-09-29T11:00,14.7,15.4,371.0,383.0,1.08,2.07,58,76
2025-09-29T12:00,15.5,16.2,445.0,487.0,1.67,1.36,93,86
2025-09-29T13:00,15.3,16.4,300.0,359.0,2.36,1.5,84,79
2025-09-29T14:00,15.9,16.2,393.0,271.0,0.96,1.77,49,95
2025-09-29T15:00,15.8,15.3,201.0,122.0,0.53,3.11,100,90
2025-09-29T16:00,15.3,14.5,104.0,80.0,1.4,2.07,91,81
2025-09-29T17:00,13.8,13.8,26.0,23.0,3.86,1.39,88,91
2025-09-29T18:00,13.1,12.9,0.0,0.0,2.35,3.41,100,75
2025-09-29T19:00,12.4,12.1,0.0,0.0,2.06,3.69,96,82
2025-09-29T20:00,12.2,11.5,0.0,0.0,2.02,3.94,97,94
2025-09-29T21:00,11.6,11.3,0.0,0.0,1.1,3.66,75,91
2025-09-29T22:00,11.3,11.1,0.0,0.0,0.81,3.53,99,97
2025-09-29T23:00,11.0,10.9,0.0,0.0,0.28,2.77,97,97
2025-09-30T00:00,10.7,11.0,0.0,0.0,1.55,1.74,100,100
2025-09-30T01:00,10.6,10.4,0.0,0.0,2.02,1.68,100,100
2025-09-30T02:00,10.2,10.2,0.0,0.0,2.4,1.0,100,100
2025-09-30T03:00,10.0,9.9,0.0,0.0,2.79,1.64,100,100
2025-09-30T04:00,9.3,9.9,0.0,0.0,3.2,1.8,100,100
2025-09-30T05:00,9.1,9.4,0.0,0.0,2.22,4.23,100,100
2025-09-30T06:00,9.6,9.9,9.0,16.0,1.39,3.42,100,100
2025-09-30T07:00,10.1,10.7,53.0,73.0,1.39,3.04,100,100
2025-09-30T08:00,10.9,11.6,99.0,152.0,1.19,2.46,100,100
2025-09-30T09:00,10.9,12.2,146.0,182.0,2.22,2.49,100,100
2025-09-30T10:00,11.5,12.3,189.0,162.0,2.51,2.83,100,100
2025-09-30T11:00,11.6,12.5,121.0,199.0,1.46,2.91,100,100
2025-09-30T12:00,11.4,12.7,148.0,251.0,3.53,2.29,100,98
2025-09-30T13:00,11.5,12.7,129.0,226.0,2.86,2.31,100,100
2025-09-30T14:00,11.7,12.3,148.0,147.0,3.45,2.51,99,100
2025-09-30T15:00,12.3,12.1,148.0,102.0,1.66,2.47,92,100
2025-09-30T16:00,11.6,11.8,72.0,71.0,3.46,2.89,98,98
2025-09-30T17:00,10.9,11.2,10.0,19.0,4.52,3.8,100,100
2025-09-30T18:00,9.8,10.8,0.0,0.0,3.9,4.21,85,91
2025-09-30T19:00,9.2,10.4,0.0,0.0,4.22,4.82,89,92
2025-09-30T20:00,8.8,9.9,0.0,0.0,4.37,4.92,90,88
2025-09-30T21:00,9.4,9.5,0.0,0.0,3.21,5.21,91,87
2025-09-30T22:00,8.8,9.0,0.0,0.0,4.67,5.04,86,76
2025-09-30T23:00,8.1,8.4,0.0,0.0,4.06,5.0,81,59
2025-10-01T00:00,7.7,8.0,0.0,0.0,3.45,4.34,75,79
2025-10-01T01:00,7.4,7.7,0.0,0.0,4.22,5.49,87,72
2025-10-01T02:00,7.4,7.6,0.0,0.0,4.05,5.29,82,70
2025-10-01T03:00,7.5,7.3,0.0,0.0,4.3,5.4,100,73
2025-10-01T04:00,6.9,7.1,0.0,0.0,5.31,5.48,91,78
2025-10-01T05:00,6.4,6.8,0.0,0.0,5.13,4.62,68,62
2025-10-01T06:00,5.3,7.4,22.0,16.0,5.79,4.42,0,73
2025-10-01T07:00,6.2,7.9,144.0,98.0,4.93,4.84,0,94
2025-10-01T08:00,7.5,8.7,301.0,190.0,3.26,3.73,0,89
2025-10-01T09:00,9.1,9.8,441.0,304.0,2.81,4.4,49,92
2025-10-01T10:00,10.4,10.7,513.0,401.0,3.04,4.12,64,71
2025-10-01T11:00,10.9,11.6,469.0,485.0,3.91,4.21,59,53
2025-10-01T12:00,11.0,11.9,428.0,464.0,3.99,4.65,73,67
2025-10-01T13:00,11.4,12.2,434.0,441.0,3.82,4.71,53,51
2025-10-01T14:00,11.4,12.1,404.0,359.0,5.0,5.02,68,63
2025-10-01T15:00,10.9,11.9,267.0,273.0,3.78,4.97,84,57
2025-10-01T16:00,10.0,11.2,124.0,159.0,4.25,4.91,100,43
2025-10-01T17:00,8.9,10.0,19.0,33.0,4.09,5.25,35,47
2025-10-01T18:00,7.9,8.5,0.0,0.0,4.95,5.4,43,0
2025-10-01T19:00,7.1,7.6,0.0,0.0,5.22,5.08,9,9
2025-10-01T20:00,6.6,6.8,0.0,0.0,5.55,5.18,0,1
2025-10-01T21:00,6.1,6.4,0.0,0.0,5.69,5.74,0,1
2025-10-01T22:00,5.5,5.9,0.0,0.0,5.46,5.86,0,0
2025-10-01T23:00,5.1,5.5,0.0,0.0,5.44,5.56,0,0
2025-10-02T00:00,4.0,5.2,0.0,0.0,4.44,4.9,0,21
2025-10-02T01:00,3.5,4.9,0.0,0.0,4.62,4.29,0,12
2025-10-02T02:00,3.1,4.5,0.0,0.0,4.41,4.04,0,0
2025-10-02T03:00,3.2,4.2,0.0,0.0,4.6,4.42,0,1
2025-10-02T04:00,2.7,3.9,0.0,0.0,4.12,5.59,0,4
2025-10-02T05:00,2.5,3.8,0.0,0.0,3.92,5.59,0,5
2025-10-02T06:00,2.5,3.7,19.0,20.0,4.52,5.69,7,6
2025-10-02T07:00,4.8,5.4,138.0,138.0,3.54,5.59,0,2
2025-10-02T08:00,6.9,7.2,293.0,292.0,2.61,3.73,0,18
2025-10-02T09:00,8.4,8.9,435.0,428.0,2.16,4.61,38,47
2025-10-02T10:00,9.9,10.0,502.0,467.0,3.92,5.49,75,53
2025-10-02T11:00,10.8,10.8,512.0,488.0,4.61,5.29,77,55
2025-10-02T12:00,11.5,11.2,494.0,496.0,5.2,4.43,59,67
2025-10-02T13:00,11.9,11.5,433.0,397.0,4.61,4.62,22,51
2025-10-02T14:00,11.8,11.6,359.0,374.0,5.01,4.86,81,48
2025-10-02T15:00,11.4,11.2,267.0,282.0,4.96,4.88,35,11
2025-10-02T16:00,10.6,10.4,169.0,167.0,5.0,5.0,0,0
2025-10-02T17:00,8.9,9.0,34.0,34.0,4.25,5.56,0,0
2025-10-02T18:00,7.3,7.9,0.0,0.0,5.85,6.67,0,0
2025-10-02T19:00,6.3,6.9,0.0,0.0,5.63,6.59,0,0
2025-10-02T20:00,5.5,6.0,0.0,0.0,5.15,6.51,0,0
2025-10-02T21:00,4.7,5.4,0.0,0.0,5.83,6.45,0,0
2025-10-02T22:00,4.2,4.8,0.0,0.0,5.86,6.05,0,0
2025-10-02T23:00,3.6,4.2,0.0,0.0,5.26,6.22,0,0
2025-10-03T00:00,3.4,3.8,0.0,0.0,5.39,6.01,0,0
2025-10-03T01:00,3.3,3.4,0.0,0.0,7.44,7.13,0,5
2025-10-03T02:00,3.2,3.3,0.0,0.0,8.83,7.03,0,1
2025-10-03T03:00,2.7,3.0,0.0,0.0,7.88,7.96,0,5
2025-10-03T04:00,2.2,3.0,0.0,0.0,6.51,7.23,0,81
2025-10-03T05:00,2.3,2.5,0.0,0.0,7.51,7.54,0,87
2025-10-03T06:00,2.5,2.8,18.0,19.0,8.67,7.67,0,6
2025-10-03T07:00,3.8,4.6,135.0,135.0,5.33,7.63,0,0
2025-10-03T08:00,6.1,6.5,290.0,291.0,4.33,4.08,0,26
2025-10-03T09:00,8.1,8.4,432.0,413.0,4.87,3.6,0,79
2025-10-03T10:00,9.8,10.0,542.0,510.0,5.4,3.55,0,98
2025-10-03T11:00,11.1,11.3,601.0,556.0,4.06,3.46,0,99
2025-10-03T12:00,12.0,12.3,603.0,609.0,4.31,4.04,43,16
2025-10-03T13:00,12.6,12.8,544.0,559.0,3.78,4.13,19,19
2025-10-03T14:00,12.5,12.8,454.0,455.0,4.5,3.73,0,24
2025-10-03T15:00,12.0,12.5,322.0,307.0,4.37,3.6,1,51
2025-10-03T16:00,10.7,11.6,160.0,140.0,5.63,3.47,23,61
2025-10-03T17:00,8.7,10.2,30.0,25.0,6.51,4.9,100,68
2025-10-03T18:00,7.3,8.9,0.0,0.0,6.33,4.19,81,100
2025-10-03T19:00,6.9,8.4,0.0,0.0,7.24,5.13,100,87
2025-10-03T20:00,6.4,7.8,0.0,0.0,7.48,4.69,87,85
2025-10-03T21:00,6.3,7.5,0.0,0.0,5.48,3.92,80,87
2025-10-03T22:00,5.9,7.0,0.0,0.0,4.41,3.46,70,58
2025-10-03T23:00,5.7,6.8,0.0,0.0,3.97,3.57,70,83
2025-10-04T00:00,4.9,3.3,0.0,0.0,4.91,4.52,100,48
2025-10-04T01:00,5.3,3.1,0.0,0.0,5.36,4.25,100,56
2025-10-04T02:00,6.1,3.0,0.0,0.0,5.43,4.06,87,53
2025-10-04T03:00,6.9,3.0,0.0,0.0,5.17,3.99,88,64
2025-10-04T04:00,7.3,3.3,0.0,0.0,5.86,4.6,84,91
2025-10-04T05:00,8.1,3.7,0.0,0.0,7.47,5.06,95,75
2025-10-04T06:00,9.3,8.3,2.0,4.0,8.66,9.28,100,93
2025-10-04T07:00,9.9,9.1,8.0,38.0,8.87,9.22,100,94
2025-10-04T08:00,11.3,9.9,22.0,48.0,9.7,9.31,100,100
2025-10-04T09:00,12.9,10.0,51.0,35.0,9.36,9.19,100,99
2025-10-04T10:00,15.0,11.2,139.0,62.0,10.37,10.63,95,99
2025-10-04T11:00,17.4,13.9,328.0,179.0,10.3,9.91,95,88
2025-10-04T12:00,18.9,18.8,380.0,413.0,13.44,13.21,100,57
2025-10-04T13:00,18.1,19.6,112.0,452.0,14.92,13.99,100,93
2025-10-04T14:00,17.0,18.0,40.0,186.0,13.28,12.84,100,100
2025-10-04T15:00,16.1,17.0,24.0,48.0,13.26,13.74,100,99
2025-10-04T16:00,13.0,13.7,8.0,10.0,13.45,12.17,100,100
2025-10-04T17:00,10.8,12.2,2.0,2.0,11.0,11.15,100,99
2025-10-04T18:00,10.4,10.7,0.0,0.0,10.5,9.58,100,95
2025-10-04T19:00,9.9,10.4,0.0,0.0,10.01,12.27,78,83
2025-10-04T20:00,9.2,9.5,0.0,0.0,10.57,11.85,97,53
2025-10-04T21:00,9.0,8.8,0.0,0.0,11.16,11.88,97,18
2025-10-04T22:00,8.2,8.7,0.0,0.0,11.59,12.36,0,0
2025-10-04T23:00,7.9,8.3,0.0,0.0,11.94,12.13,0,0
2025-10-05T00:00,7.4,8.1,0.0,0.0,11.35,13.01,73,21
2025-10-05T01:00,7.3,8.0,0.0,0.0,10.94,13.19,88,14
2025-10-05T02:00,6.7,7.8,0.0,0.0,10.39,12.8,18,34
2025-10-05T03:00,6.8,7.7,0.0,0.0,10.69,12.62,52,42
2025-10-05T04:00,6.8,7.7,0.0,0.0,10.7,12.62,45,84
2025-10-05T05:00,6.5,7.9,0.0,0.0,10.91,12.7,28,92
2025-10-05T06:00,6.6,7.1,15.0,5.0,12.16,8.73,100,86
2025-10-05T07:00,7.6,7.8,54.0,62.0,11.73,9.29,100,59
2025-10-05T08:00,8.0,8.8,115.0,182.0,11.78,11.28,96,87
2025-10-05T09:00,9.4,9.4,209.0,146.0,13.24,9.71,100,96
2025-10-05T10:00,10.2,9.5,274.0,118.0,12.31,9.84,98,100
2025-10-05T11:00,11.0,9.3,365.0,129.0,10.49,8.77,100,89
2025-10-05T12:00,10.5,10.9,152.0,415.0,9.96,10.22,100,75
2025-10-05T13:00,10.6,10.6,211.0,340.0,9.42,10.36,100,82
2025-10-05T14:00,10.0,10.4,161.0,248.0,9.76,10.66,100,89
2025-10-05T15:00,10.6,10.1,198.0,187.0,9.02,9.81,81,80
2025-10-05T16:00,9.6,9.9,55.0,97.0,10.56,8.59,96,60
2025-10-05T17:00,8.6,8.9,21.0,19.0,9.7,8.55,72,73
2025-10-05T18:00,8.2,7.8,0.0,0.0,9.13,9.73,77,97
2025-10-05T19:00,7.4,7.8,0.0,0.0,10.44,10.05,100,94
2025-10-05T20:00,7.7,7.8,0.0,0.0,10.04,10.26,100,99
2025-10-05T21:00,7.9,7.8,0.0,0.0,10.13,10.5,96,99
2025-10-05T22:00,7.8,7.9,0.0,0.0,9.61,10.36,100,98
2025-10-05T23:00,7.6,7.9,0.0,0.0,8.69,9.91,100,93
2025-10-06T00:00,7.3,7.0,0.0,0.0,8.51,10.45,100,88
2025-10-06T01:00,6.9,6.9,0.0,0.0,8.79,10.32,100,94
2025-10-06T02:00,6.9,6.9,0.0,0.0,8.87,9.86,98,95
2025-10-06T03:00,6.7,6.9,0.0,0.0,9.13,9.93,100,97
2025-10-06T04:00,6.3,7.0,0.0,0.0,8.79,10.04,96,96
2025-10-06T05:00,6.2,7.0,0.0,0.0,9.44,10.24,72,100
2025-10-06T06:00,6.3,6.8,8.0,10.0,9.21,9.51,100,99
2025-10-06T07:00,6.9,7.5,46.0,62.0,8.84,9.12,100,100
2025-10-06T08:00,8.2,8.0,127.0,65.0,8.51,8.53,95,100
2025-10-06T09:00,9.0,8.0,142.0,64.0,9.73,9.83,100,100
2025-10-06T10:00,9.7,8.4,152.0,78.0,9.37,10.3,100,100
2025-10-06T11:00,10.0,8.8,155.0,120.0,7.65,9.98,96,100
2025-10-06T12:00,9.3,9.9,121.0,126.0,8.4,9.01,99,100
2025-10-06T13:00,9.7,9.7,97.0,90.0,9.52,9.21,97,100
2025-10-06T14:00,9.7,9.8,109.0,67.0,9.26,10.06,98,100
2025-10-06T15:00,9.8,9.8,55.0,37.0,8.27,8.55,98,97
2025-10-06T16:00,9.4,9.8,26.0,18.0,8.17,7.66,100,100
2025-10-06T17:00,9.1,9.7,3.0,3.0,8.17,7.75,100,97
2025-10-06T18:00,9.1,9.4,0.0,0.0,6.92,8.62,100,98
2025-10-06T19:00,9.0,9.1,0.0,0.0,7.28,8.82,100,99
2025-10-06T20:00,8.9,9.0,0.0,0.0,7.34,8.85,100,96
2025-10-06T21:00,8.8,8.9,0.0,0.0,7.78,8.17,100,98
2025-10-06T22:00,8.8,8.7,0.0,0.0,8.13,7.73,100,100
2025-10-06T23:00,8.8,8.7,0.0,0.0,7.76,7.88,100,100
2025-10-07T00:00,8.8,8.7,0.0,0.0,7.77,8.63,100,96
2025-10-07T01:00,8.8,8.7,0.0,0.0,7.57,8.34,100,100
2025-10-07T02:00,8.8,8.8,0.0,0.0,7.41,8.2,100,100
2025-10-07T03:00,8.7,8.8,0.0,0.0,7.09,8.67,98,100
2025-10-07T04:00,8.7,9.0,0.0,0.0,6.61,8.96,100,100
2025-10-07T05:00,8.7,9.2,0.0,0.0,5.99,8.43,100,100
2025-10-07T06:00,8.7,8.8,3.0,1.0,6.31,6.13,100,100
2025-10-07T07:00,9.0,9.0,17.0,12.0,5.75,6.13,100,100
2025-10-07T08:00,9.3,9.3,33.0,23.0,4.93,6.54,100,100
2025-10-07T09:00,9.5,9.5,38.0,34.0,4.05,6.88,100,100
2025-10-07T10:00,9.9,9.9,46.0,48.0,3.82,5.49,100,100
2025-10-07T11:00,10.7,10.2,86.0,55.0,3.55,4.91,100,100
2025-10-07T12:00,13.2,10.5,305.0,51.0,3.14,5.33,86,100
2025-10-07T13:00,13.4,10.7,321.0,50.0,3.08,4.8,97,100
2025-10-07T14:00,13.5,10.7,186.0,29.0,2.38,4.51,100,100
2025-10-07T15:00,12.7,10.8,86.0,22.0,0.9,4.06,100,100
2025-10-07T16:00,12.2,10.9,30.0,16.0,2.08,3.66,100,100
2025-10-07T17:00,11.6,10.8,4.0,2.0,0.75,3.48,100,100
2025-10-07T18:00,11.3,11.0,0.0,0.0,0.62,3.26,96,100
2025-10-07T19:00,10.7,10.9,0.0,0.0,0.31,3.37,94,100
2025-10-07T20:00,10.2,10.7,0.0,0.0,0.4,1.77,90,97
2025-10-07T21:00,9.4,10.5,0.0,0.0,1.55,1.12,68,98
2025-10-07T22:00,8.6,10.3,0.0,0.0,0.22,1.27,94,100
2025-10-07T23:00,7.1,10.3,0.0,0.0,1.0,0.29,100,97
2025-10-08T00:00,7.1,10.0,0.0,0.0,1.08,0.22,100,94
2025-10-08T01:00,7.6,9.8,0.0,0.0,1.97,1.15,100,96
2025-10-08T02:00,7.6,9.6,0.0,0.0,3.33,1.87,100,68
2025-10-08T03:00,6.9,8.9,0.0,0.0,3.72,1.77,100,67
2025-10-08T04:00,7.2,8.5,0.0,0.0,3.82,3.78,100,99
2025-10-08T05:00,7.3,8.8,0.0,0.0,4.23,4.06,100,97
2025-10-08T06:00,7.4,8.0,4.0,4.0,2.55,3.43,100,100
2025-10-08T07:00,8.1,8.9,40.0,48.0,1.98,3.86,100,100
2025-10-08T08:00,9.0,10.2,99.0,99.0,1.67,3.26,100,100
2025-10-08T09:00,10.7,11.6,211.0,175.0,2.58,2.65,98,95
2025-10-08T10:00,12.2,12.9,321.0,267.0,2.5,3.14,93,84
2025-10-08T11:00,13.9,14.4,409.0,424.0,2.45,2.5,99,83
2025-10-08T12:00,14.8,13.3,432.0,289.0,1.81,2.59,76,96
2025-10-08T13:00,15.5,13.7,423.0,286.0,2.09,2.72,99,91
2025-10-08T14:00,15.5,13.8,318.0,226.0,2.0,2.43,90,98
2025-10-08T15:00,15.6,13.6,239.0,157.0,1.89,2.59,92,100
2025-10-08T16:00,14.5,12.9,100.0,58.0,2.08,2.76,76,94
2025-10-08T17:00,13.1,12.2,14.0,9.0,3.15,2.94,95,100
2025-10-08T18:00,12.9,12.1,0.0,0.0,2.55,3.75,93,95
2025-10-08T19:00,12.5,11.8,0.0,0.0,1.87,2.45,91,96
2025-10-08T20:00,11.9,11.4,0.0,0.0,0.84,3.04,97,99
2025-10-08T21:00,10.8,11.3,0.0,0.0,3.18,2.09,99,99
2025-10-08T22:00,10.6,11.0,0.0,0.0,2.86,2.35,94,95
2025-10-08T23:00,10.4,11.0,0.0,0.0,3.17,2.48,97,97
2025-10-09T00:00,10.2,11.1,0.0,0.0,1.96,2.91,98,100
2025-10-09T01:00,9.8,11.0,0.0,0.0,2.36,3.1,100,100
2025-10-09T02:00,10.0,10.8,0.0,0.0,2.52,3.02,100,100
2025-10-09T03:00,10.6,10.7,0.0,0.0,3.5,3.07,100,100
2025-10-09T04:00,10.7,10.4,0.0,0.0,3.55,3.28,100,99
2025-10-09T05:00,10.8,10.4,0.0,0.0,3.64,3.63,100,95
2025-10-09T06:00,10.9,10.5,1.0,5.0,4.03,3.34,100,97
2025-10-09T07:00,11.1,11.3,6.0,43.0,3.7,3.56,100,100
2025-10-09T08:00,11.3,11.6,12.0,38.0,4.38,4.0,100,100
2025-10-09T09:00,11.7,11.8,34.0,34.0,4.54,4.3,100,100
2025-10-09T10:00,12.5,11.8,110.0,32.0,4.08,4.05,100,100
2025-10-09T11:00,13.9,11.9,221.0,45.0,3.38,3.81,100,100
2025-10-09T12:00,14.1,14.8,203.0,292.0,2.57,1.84,92,85
2025-10-09T13:00,14.5,15.5,320.0,288.0,2.16,2.5,89,95
2025-10-09T14:00,14.9,15.5,211.0,214.0,2.78,2.84,100,76
2025-10-09T15:00,14.8,15.4,149.0,213.0,1.64,2.91,97,54
2025-10-09T16:00,14.4,14.4,74.0,96.0,2.67,3.88,93,100
2025-10-09T17:00,12.7,12.7,11.0,12.0,4.73,3.26,52,30
2025-10-09T18:00,11.5,11.6,0.0,0.0,4.02,3.94,82,59
2025-10-09T19:00,11.3,11.0,0.0,0.0,4.08,3.46,90,48
2025-10-09T20:00,10.7,10.6,0.0,0.0,2.79,3.37,62,55
2025-10-09T21:00,8.7,10.3,0.0,0.0,0.44,3.56,73,59
2025-10-09T22:00,7.6,9.9,0.0,0.0,0.59,2.48,100,58
2025-10-09T23:00,7.4,9.5,0.0,0.0,1.75,2.45,100,68
2025-10-10T00:00,7.3,9.4,0.0,0.0,1.33,3.59,100,60
2025-10-10T01:00,7.5,9.0,0.0,0.0,1.49,2.4,100,58
2025-10-10T02:00,7.7,8.8,0.0,0.0,2.37,2.54,100,75
2025-10-10T03:00,7.1,8.7,0.0,0.0,1.96,2.18,100,79
2025-10-10T04:00,7.1,8.7,0.0,0.0,2.16,1.83,100,83
2025-10-10T05:00,7.3,8.5,0.0,0.0,2.55,2.15,100,80
2025-10-10T06:00,7.4,7.2,3.0,5.0,1.82,2.54,100,100
2025-10-10T07:00,7.9,8.2,38.0,56.0,1.55,2.38,100,100
2025-10-10T08:00,8.6,9.6,85.0,126.0,1.12,1.98,100,90
2025-10-10T09:00,9.3,10.7,131.0,198.0,1.58,1.39,100,97
2025-10-10T10:00,10.5,11.9,198.0,267.0,1.29,1.29,100,83
2025-10-10T11:00,11.7,13.3,294.0,390.0,1.1,0.89,93,69
2025-10-10T12:00,14.6,15.5,501.0,476.0,1.94,1.61,44,60
2025-10-10T13:00,15.0,15.9,452.0,437.0,2.15,1.97,82,68
2025-10-10T14:00,14.8,15.9,338.0,357.0,2.59,1.83,48,56
2025-10-10T15:00,13.5,15.7,156.0,251.0,3.34,1.96,91,80
2025-10-10T16:00,12.7,14.7,72.0,113.0,2.84,2.36,52,34
2025-10-10T17:00,11.1,13.0,11.0,12.0,3.23,2.9,69,1
2025-10-10T18:00,10.9,11.7,0.0,0.0,3.63,2.67,72,0
2025-10-10T19:00,10.7,11.0,0.0,0.0,4.13,2.94,56,0
2025-10-10T20:00,10.3,10.3,0.0,0.0,3.9,3.6,76,5
2025-10-10T21:00,10.9,9.5,0.0,0.0,1.88,4.05,94,25
2025-10-10T22:00,10.6,9.0,0.0,0.0,1.59,3.91,100,1
2025-10-10T23:00,10.6,8.4,0.0,0.0,1.85,3.5,88,5
2025-10-11T00:00,9.4,8.1,0.0,0.0,1.08,3.48,90,35
2025-10-11T01:00,9.3,7.9,0.0,0.0,1.02,3.0,76,44
2025-10-11T02:00,8.6,7.5,0.0,0.0,0.81,2.61,81,31
2025-10-11T03:00,8.2,7.0,0.0,0.0,0.49,2.47,97,67
2025-10-11T04:00,8.2,6.7,0.0,0.0,0.98,2.27,96,70
2025-10-11T05:00,8.0,6.4,0.0,0.0,1.19,2.42,90,81
2025-10-11T06:00,6.5,5.5,6.0,7.0,0.97,2.35,100,100
2025-10-11T07:00,7.7,6.2,64.0,62.0,1.27,2.26,100,100
2025-10-11T08:00,8.9,7.3,156.0,141.0,1.25,2.46,100,98
2025-10-11T09:00,13.1,10.3,303.0,268.0,0.96,2.29,55,68
2025-10-11T10:00,14.7,12.7,419.0,428.0,1.67,1.73,79,21
2025-10-11T11:00,15.1,14.7,376.0,523.0,1.96,2.36,75,25
2025-10-11T12:00,15.1,15.6,391.0,494.0,2.61,2.43,81,46
2025-10-11T13:00,15.0,16.0,294.0,459.0,3.4,2.64,83,38
2025-10-11T14:00,14.9,16.0,286.0,376.0,2.53,3.07,84,25
2025-10-11T15:00,14.4,15.7,167.0,254.0,2.39,3.21,88,32
2025-10-11T16:00,13.7,14.8,52.0,107.0,2.71,3.54,83,33
2025-10-11T17:00,12.8,13.2,6.0,10.0,2.86,4.49,80,51
2025-10-11T18:00,12.3,11.7,0.0,0.0,3.35,4.74,100,46
2025-10-11T19:00,12.0,10.9,0.0,0.0,4.05,5.47,96,39
2025-10-11T20:00,11.5,10.3,0.0,0.0,4.26,5.83,91,32
2025-10-11T21:00,10.3,9.8,0.0,0.0,3.2,5.55,79,44
2025-10-11T22:00,10.1,9.3,0.0,0.0,3.72,4.79,66,59
2025-10-11T23:00,10.0,9.2,0.0,0.0,4.3,4.3,60,64
2025-10-12T00:00,10.5,8.4,0.0,0.0,3.06,3.78,87,38
2025-10-12T01:00,9.8,8.0,0.0,0.0,2.29,3.1,66,41
2025-10-12T02:00,9.2,7.7,0.0,0.0,2.24,2.45,77,81
2025-10-12T03:00,8.5,6.8,0.0,0.0,2.16,2.05,72,100
2025-10-12T04:00,8.4,6.9,0.0,0.0,2.56,1.8,96,100
2025-10-12T05:00,8.7,7.1,0.0,0.0,2.5,1.71,100,100
2025-10-12T06:00,6.5,7.6,5.0,4.0,2.81,1.67,100,100
2025-10-12T07:00,7.6,8.5,56.0,54.0,3.07,1.48,100,94
2025-10-12T08:00,10.1,9.4,149.0,135.0,2.15,0.98,93,92
2025-10-12T09:00,12.4,10.7,303.0,215.0,2.37,1.25,99,90
2025-10-12T10:00,13.1,12.0,280.0,278.0,3.24,1.18,66,84
2025-10-12T11:00,13.9,13.0,424.0,318.0,2.72,1.59,80,76
2025-10-12T12:00,14.0,13.9,345.0,323.0,2.2,2.68,92,85
2025-10-12T13:00,13.9,14.1,232.0,308.0,2.55,2.64,79,78
2025-10-12T14:00,13.8,14.0,226.0,253.0,2.71,2.91,90,77
2025-10-12T15:00,13.6,13.5,154.0,165.0,2.29,3.33,91,78
2025-10-12T16:00,12.7,12.6,57.0,67.0,2.76,3.96,89,82
2025-10-12T17:00,12.0,11.8,6.0,6.0,2.95,3.53,100,81
2025-10-12T18:00,11.3,11.2,0.0,0.0,3.69,2.72,99,82
2025-10-12T19:00,11.0,10.6,0.0,0.0,3.82,3.08,94,77
2025-10-12T20:00,10.4,9.8,0.0,0.0,2.86,2.76,91,65
2025-10-12T21:00,10.0,9.6,0.0,0.0,3.34,2.64,96,86
2025-10-12T22:00,9.9,9.5,0.0,0.0,2.57,2.47,97,95
2025-10-12T23:00,9.6,9.3,0.0,0.0,2.77,2.71,98,74
2025-10-13T00:00,9.3,9.8,0.0,0.0,1.94,1.33,96,96
2025-10-13T01:00,8.9,9.6,0.0,0.0,2.1,0.84,97,95
2025-10-13T02:00,8.8,9.5,0.0,0.0,1.5,1.18,85,92
2025-10-13T03:00,9.2,9.4,0.0,0.0,2.26,1.77,96,98
2025-10-13T04:00,9.2,9.3,0.0,0.0,2.69,1.75,96,96
2025-10-13T05:00,9.0,9.2,0.0,0.0,2.47,1.67,89,93
2025-10-13T06:00,9.3,9.2,3.0,4.0,2.06,2.26,100,81
2025-10-13T07:00,10.1,9.8,45.0,69.0,2.34,1.39,96,79
2025-10-13T08:00,11.0,10.8,119.0,131.0,2.06,1.62,100,88
2025-10-13T09:00,12.1,11.4,274.0,159.0,2.26,1.55,58,98
2025-10-13T10:00,12.9,12.2,304.0,235.0,2.91,2.15,97,97
2025-10-13T11:00,13.0,12.5,255.0,193.0,3.67,2.16,100,99
2025-10-13T12:00,13.6,14.1,323.0,318.0,4.16,3.89,96,86
2025-10-13T13:00,13.2,14.5,234.0,300.0,4.64,3.92,97,89
2025-10-13T14:00,12.3,14.5,143.0,227.0,4.79,4.37,100,74
2025-10-13T15:00,12.9,14.4,190.0,190.0,4.1,4.86,73,65
2025-10-13T16:00,12.6,13.5,62.0,87.0,4.52,4.87,100,42
2025-10-13T17:00,12.3,12.2,4.0,7.0,4.61,4.82,95,31
2025-10-13T18:00,10.7,11.8,0.0,0.0,2.95,5.66,37,59
2025-10-13T19:00,9.9,11.2,0.0,0.0,2.67,5.82,42,58
2025-10-13T20:00,9.5,10.7,0.0,0.0,2.86,6.2,49,42
2025-10-13T21:00,8.6,10.2,0.0,0.0,2.39,5.98,32,54
2025-10-13T22:00,8.0,9.8,0.0,0.0,2.53,5.31,76,51
2025-10-13T23:00,8.2,9.1,0.0,0.0,2.7,4.06,82,38
2025-10-14T00:00,7.9,9.9,0.0,0.0,2.94,5.25,58,78
2025-10-14T01:00,7.8,9.5,0.0,0.0,3.12,4.17,74,49
2025-10-14T02:00,6.9,9.0,0.0,0.0,2.55,3.81,100,70
2025-10-14T03:00,7.2,8.8,0.0,0.0,1.96,3.38,100,75
2025-10-14T04:00,7.3,8.6,0.0,0.0,1.19,3.35,100,81
2025-10-14T05:00,7.4,8.6,0.0,0.0,0.71,3.34,100,75
2025-10-14T06:00,7.6,8.4,2.0,3.0,0.0,3.89,100,87
2025-10-14T07:00,7.9,8.7,32.0,54.0,0.1,3.49,100,80
2025-10-14T08:00,8.2,9.4,75.0,151.0,0.31,2.1,100,75
2025-10-14T09:00,8.7,10.2,164.0,244.0,0.59,1.88,100,80
2025-10-14T10:00,9.7,11.4,248.0,320.0,0.4,1.67,100,77
2025-10-14T11:00,11.2,12.5,333.0,378.0,0.28,1.84,81,74
2025-10-14T12:00,13.6,13.3,354.0,392.0,1.48,1.98,73,53
2025-10-14T13:00,13.8,13.8,328.0,381.0,1.86,2.37,80,53
2025-10-14T14:00,13.7,13.9,253.0,326.0,2.08,2.5,85,43
2025-10-14T15:00,13.4,13.6,193.0,221.0,1.81,2.34,71,42
2025-10-14T16:00,12.6,13.0,69.0,85.0,1.5,2.47,59,56
2025-10-14T17:00,11.6,11.9,7.0,6.0,1.38,2.72,88,56
2025-10-14T18:00,10.5,10.9,0.0,0.0,4.23,2.57,65,53
2025-10-14T19:00,9.3,10.1,0.0,0.0,4.43,3.55,15,53
2025-10-14T20:00,8.3,9.6,0.0,0.0,3.78,4.19,14,41
2025-10-14T21:00,7.4,9.1,0.0,0.0,3.51,3.33,0,55
2025-10-14T22:00,7.1,9.0,0.0,0.0,2.51,2.43,0,87
2025-10-14T23:00,6.2,8.7,0.0,0.0,2.12,2.61,0,81
2025-10-15T00:00,5.9,7.5,0.0,0.0,1.61,1.64,5,42
2025-10-15T01:00,5.4,7.0,0.0,0.0,2.43,1.77,41,64
2025-10-15T02:00,5.2,6.9,0.0,0.0,2.67,1.53,35,55
2025-10-15T03:00,3.0,6.7,0.0,0.0,2.64,1.47,100,29
2025-10-15T04:00,2.8,6.4,0.0,0.0,1.61,1.66,100,32
2025-10-15T05:00,3.0,6.3,0.0,0.0,1.67,1.88,100,72
2025-10-15T06:00,3.4,6.9,2.0,4.0,1.06,2.15,100,73
2025-10-15T07:00,3.9,7.6,30.0,73.0,0.96,2.75,100,85
2025-10-15T08:00,5.9,9.2,116.0,138.0,0.9,3.29,99,95
2025-10-15T09:00,7.5,10.3,192.0,189.0,0.77,2.29,99,90
2025-10-15T10:00,9.9,11.8,201.0,282.0,1.45,3.86,100,89
2025-10-15T11:00,10.3,12.7,187.0,306.0,2.12,4.13,99,69
2025-10-15T12:00,12.4,12.8,347.0,300.0,3.74,4.02,84,90
2025-10-15T13:00,12.8,13.5,360.0,347.0,3.94,4.03,77,77
2025-10-15T14:00,12.9,13.7,288.0,283.0,3.88,4.27,70,61
2025-10-15T15:00,13.0,13.3,230.0,193.0,3.19,4.93,52,59
2025-10-15T16:00,11.9,12.3,85.0,88.0,4.08,5.27,87,50
2025-10-15T17:00,10.9,11.2,3.0,6.0,3.86,6.06,82,53
2025-10-15T18:00,9.4,10.2,0.0,0.0,3.73,5.2,34,67
2025-10-15T19:00,8.7,9.9,0.0,0.0,3.81,5.96,0,77
2025-10-15T20:00,7.9,9.6,0.0,0.0,3.2,6.14,13,71
2025-10-15T21:00,7.3,9.2,0.0,0.0,1.39,5.92,92,76
2025-10-15T22:00,7.3,8.8,0.0,0.0,1.63,5.44,100,67
2025-10-15T23:00,6.9,8.2,0.0,0.0,2.08,5.17,100,61
2025-10-16T00:00,5.9,7.2,0.0,0.0,1.87,4.78,100,53
2025-10-16T01:00,6.0,6.9,0.0,0.0,1.8,4.35,100,52
2025-10-16T02:00,5.5,6.6,0.0,0.0,2.1,3.69,100,50
2025-10-16T03:00,5.9,6.2,0.0,0.0,2.48,3.35,100,28
2025-10-16T04:00,6.0,5.7,0.0,0.0,1.48,3.14,100,59
2025-10-16T05:00,6.0,5.5,0.0,0.0,2.16,3.14,100,78
2025-10-16T06:00,4.0,6.9,2.0,3.0,0.78,2.98,100,78
2025-10-16T07:00,4.8,7.4,32.0,60.0,1.69,3.1,100,81
2025-10-16T08:00,6.2,8.7,76.0,147.0,1.08,2.82,100,88
2025-10-16T09:00,6.2,10.3,161.0,233.0,0.31,2.42,100,88
2025-10-16T10:00,7.2,10.8,212.0,236.0,0.31,2.26,100,90
2025-10-16T11:00,8.4,11.7,237.0,293.0,0.49,2.27,100,73
2025-10-16T12:00,10.1,12.2,292.0,400.0,0.49,1.31,89,67
2025-10-16T13:00,11.2,12.8,301.0,397.0,0.77,1.46,86,58
2025-10-16T14:00,11.4,13.0,217.0,276.0,1.67,1.96,80,82
2025-10-16T15:00,11.4,12.8,187.0,144.0,1.87,1.69,58,66
2025-10-16T16:00,10.7,12.1,76.0,76.0,1.39,1.2,77,48
2025-10-16T17:00,10.0,10.8,3.0,5.0,0.9,1.71,97,48
2025-10-16T18:00,9.5,9.5,0.0,0.0,2.47,1.18,100,40
2025-10-16T19:00,9.5,9.1,0.0,0.0,2.29,0.6,100,85
2025-10-16T20:00,9.3,8.7,0.0,0.0,3.49,0.31,100,88
2025-10-16T21:00,4.7,8.4,0.0,0.0,0.44,0.4,73,79
2025-10-16T22:00,3.7,8.2,0.0,0.0,0.63,1.38,100,69
2025-10-16T23:00,3.7,7.8,0.0,0.0,1.02,1.62,100,47
2025-10-17T00:00,4.2,6.2,0.0,0.0,1.1,2.16,100,60
2025-10-17T01:00,4.2,5.9,0.0,0.0,1.39,2.1,100,56
2025-10-17T02:00,4.2,5.5,0.0,0.0,0.59,1.8,100,72
2025-10-17T03:00,4.8,5.4,0.0,0.0,1.24,1.81,100,75
2025-10-17T04:00,5.0,5.1,0.0,0.0,0.89,1.98,100,96
2025-10-17T05:00,5.1,4.8,0.0,0.0,0.28,2.15,100,98
2025-10-17T06:00,5.6,5.5,2.0,2.0,0.84,1.1,100,100
2025-10-17T07:00,6.0,5.8,34.0,25.0,0.79,0.81,100,100
2025-10-17T08:00,6.8,6.8,63.0,72.0,1.12,1.21,100,98
2025-10-17T09:00,9.5,8.6,211.0,163.0,1.1,1.47,100,90
2025-10-17T10:00,10.3,10.4,233.0,289.0,1.58,0.79,98,85
2025-10-17T11:00,10.7,11.6,251.0,369.0,1.5,0.98,100,77
2025-10-17T12:00,12.1,12.2,337.0,305.0,1.71,1.31,70,44
2025-10-17T13:00,12.4,12.8,341.0,321.0,1.02,1.4,79,80
2025-10-17T14:00,12.3,12.8,261.0,214.0,1.52,1.89,60,78
2025-10-17T15:00,11.8,12.7,142.0,172.0,1.12,1.69,89,75
2025-10-17T16:00,10.5,11.9,38.0,70.0,2.71,2.26,100,69
2025-10-17T17:00,9.7,10.5,1.0,4.0,2.89,3.73,100,72
2025-10-17T18:00,9.2,9.5,0.0,0.0,2.38,3.72,100,74
2025-10-17T19:00,9.0,8.8,0.0,0.0,2.0,4.25,100,85
2025-10-17T20:00,8.4,8.4,0.0,0.0,2.26,3.69,100,78
2025-10-17T21:00,7.2,7.8,0.0,0.0,3.11,2.72,86,63
2025-10-17T22:00,6.5,7.4,0.0,0.0,3.08,2.17,66,86
2025-10-17T23:00,6.4,7.0,0.0,0.0,2.45,1.58,92,69
2025-10-18T00:00,5.8,6.6,0.0,0.0,1.77,1.5,92,95
2025-10-18T01:00,5.2,6.1,0.0,0.0,1.77,0.71,100,85
2025-10-18T02:00,4.8,6.0,0.0,0.0,1.96,1.58,100,96
2025-10-18T03:00,4.3,6.1,0.0,0.0,1.86,1.89,100,97
2025-10-18T04:00,3.9,6.1,0.0,0.0,1.1,1.71,100,96
2025-10-18T05:00,4.1,6.0,0.0,0.0,1.48,2.95,100,90
2025-10-18T06:00,5.2,6.3,2.0,2.0,1.69,3.28,100,93
2025-10-18T07:00,5.5,6.9,45.0,53.0,1.27,3.07,100,91
2025-10-18T08:00,6.7,8.8,112.0,150.0,1.45,3.86,100,87
2025-10-18T09:00,8.9,9.6,236.0,227.0,1.46,3.89,93,77
2025-10-18T10:00,10.3,10.1,290.0,274.0,2.86,3.19,89,85
2025-10-18T11:00,10.8,10.8,327.0,325.0,2.96,2.85,87,83
2025-10-18T12:00,11.2,11.8,342.0,380.0,3.78,2.91,77,65
2025-10-18T13:00,11.6,11.7,371.0,319.0,2.61,3.45,73,61
2025-10-18T14:00,10.4,11.5,209.0,295.0,5.39,4.3,100,51
2025-10-18T15:00,10.6,11.0,197.0,213.0,5.29,5.26,85,35
2025-10-18T16:00,9.3,9.9,62.0,81.0,5.88,6.1,0,32
2025-10-18T17:00,7.8,8.4,4.0,4.0,5.7,7.75,56,36
2025-10-18T18:00,6.7,7.3,0.0,0.0,7.66,7.41,0,32
2025-10-18T19:00,6.0,6.6,0.0,0.0,7.85,7.53,0,45
2025-10-18T20:00,5.3,6.1,0.0,0.0,7.93,7.8,13,50
2025-10-18T21:00,5.0,5.5,0.0,0.0,7.22,7.47,33,34
2025-10-18T22:00,4.3,4.9,0.0,0.0,6.53,8.04,21,16
2025-10-18T23:00,3.8,4.3,0.0,0.0,7.64,8.0,87,3
2025-10-19T00:00,3.4,4.3,0.0,0.0,7.62,7.75,95,91
2025-10-19T01:00,2.8,3.8,0.0,0.0,7.92,8.01,49,85
2025-10-19T02:00,2.4,3.5,0.0,0.0,8.08,7.84,100,83
2025-10-19T03:00,1.9,3.0,0.0,0.0,8.01,7.03,100,100
2025-10-19T04:00,1.6,2.8,0.0,0.0,7.03,7.22,95,100
2025-10-19T05:00,1.4,2.6,0.0,0.0,6.61,5.88,100,100
2025-10-19T06:00,1.8,3.0,2.0,2.0,5.41,5.9,100,100
2025-10-19T07:00,2.7,3.5,41.0,40.0,3.82,3.83,100,100
2025-10-19T08:00,3.8,4.4,94.0,93.0,2.94,1.73,100,100
2025-10-19T09:00,5.2,6.0,195.0,186.0,1.83,2.43,100,100
2025-10-19T10:00,6.6,7.8,289.0,252.0,1.67,1.67,100,100
2025-10-19T11:00,8.2,9.4,318.0,292.0,1.01,1.53,100,100
2025-10-19T12:00,9.8,9.4,331.0,258.0,2.04,1.33,100,100
2025-10-19T13:00,10.9,10.4,307.0,236.0,2.19,2.16,100,100
2025-10-19T14:00,11.2,11.0,246.0,205.0,1.85,2.22,100,100
2025-10-19T15:00,11.0,11.0,146.0,136.0,2.2,2.39,94,100
2025-10-19T16:00,9.7,10.2,64.0,48.0,3.6,3.84,100,100
2025-10-19T17:00,8.1,9.0,2.0,2.0,4.76,4.44,98,100
2025-10-19T18:00,7.1,8.9,0.0,0.0,5.63,5.08,80,100
2025-10-19T19:00,6.9,8.5,0.0,0.0,4.73,4.96,100,100
2025-10-19T20:00,6.8,7.7,0.0,0.0,4.57,4.73,91,100
2025-10-19T21:00,6.3,7.3,0.0,0.0,3.59,4.46,100,100
2025-10-19T22:00,6.3,7.0,0.0,0.0,3.53,4.61,100,100
2025-10-19T23:00,6.0,6.8,0.0,0.0,3.55,4.75,100,100
2025-10-20T00:00,5.1,6.3,0.0,0.0,3.65,4.9,90,100
2025-10-20T01:00,4.8,6.4,0.0,0.0,3.64,4.35,99,100
2025-10-20T02:00,4.4,6.5,0.0,0.0,3.23,3.7,100,100
2025-10-20T03:00,4.4,6.7,0.0,0.0,2.36,3.07,99,100
2025-10-20T04:00,4.3,6.8,0.0,0.0,2.54,2.97,100,100
2025-10-20T05:00,4.3,6.8,0.0,0.0,3.21,3.16,100,100
2025-10-20T06:00,4.7,6.9,2.0,1.0,3.29,4.47,99,100
2025-10-20T07:00,5.4,7.6,45.0,47.0,2.81,4.13,86,84
2025-10-20T08:00,7.8,8.8,120.0,83.0,2.8,3.95,96,96
2025-10-20T09:00,9.9,10.1,183.0,107.0,3.4,1.06,100,95
2025-10-20T10:00,11.4,10.9,205.0,145.0,2.91,2.35,100,100
2025-10-20T11:00,12.3,11.7,247.0,155.0,0.5,2.92,100,95
2025-10-20T12:00,13.4,13.2,225.0,254.0,1.39,0.66,100,96
2025-10-20T13:00,13.8,13.6,206.0,192.0,1.67,0.31,88,100
2025-10-20T14:00,13.8,13.5,166.0,112.0,0.71,0.93,100,99
2025-10-20T15:00,13.3,13.0,101.0,69.0,0.78,0.84,100,94
2025-10-20T16:00,12.1,12.3,38.0,37.0,1.49,1.08,100,100
2025-10-20T17:00,11.0,11.7,1.0,1.0,2.27,1.4,100,100
2025-10-20T18:00,11.2,11.3,0.0,0.0,3.35,1.36,100,100
2025-10-20T19:00,10.9,11.1,0.0,0.0,3.88,3.11,100,100
2025-10-20T20:00,10.5,10.7,0.0,0.0,4.41,2.15,100,100
2025-10-20T21:00,10.4,10.0,0.0,0.0,4.92,3.31,100,82
2025-10-20T22:00,9.9,9.5,0.0,0.0,4.9,4.51,100,100
2025-10-20T23:00,9.9,9.1,0.0,0.0,5.62,5.0,86,75
2025-10-21T00:00,9.8,8.9,0.0,0.0,5.83,5.71,100,98
2025-10-21T01:00,10.0,8.8,0.0,0.0,5.58,5.4,100,100
2025-10-21T02:00,9.8,8.9,0.0,0.0,6.25,7.15,94,100
2025-10-21T03:00,10.0,9.5,0.0,0.0,6.44,8.03,100,96
2025-10-21T04:00,9.5,10.0,0.0,0.0,5.4,8.82,98,81
2025-10-21T05:00,9.4,10.0,0.0,0.0,5.8,8.17,100,93
2025-10-21T06:00,9.5,10.2,1.0,1.0,6.18,9.27,100,100
2025-10-21T07:00,10.2,10.7,14.0,22.0,7.42,8.51,100,98
2025-10-21T08:00,11.1,11.7,73.0,107.0,6.03,7.69,100,97
2025-10-21T09:00,12.9,12.4,260.0,116.0,4.7,6.74,100,85
2025-10-21T10:00,14.4,14.4,352.0,305.0,5.2,5.4,93,94
2025-10-21T11:00,14.8,15.8,287.0,409.0,6.82,7.0,96,100
2025-10-21T12:00,15.6,14.8,303.0,231.0,6.9,6.45,97,100
2025-10-21T13:00,15.9,15.5,281.0,257.0,4.62,6.1,78,98
2025-10-21T14:00,15.7,15.3,253.0,195.0,5.19,6.03,63,99
2025-10-21T15:00,14.4,14.5,103.0,96.0,5.1,6.61,98,94
2025-10-21T16:00,13.5,13.6,43.0,30.0,5.0,6.06,86,96
2025-10-21T17:00,12.4,12.6,1.0,1.0,5.46,5.61,67,96
2025-10-21T18:00,11.1,11.9,0.0,0.0,5.84,4.99,86,100
2025-10-21T19:00,10.6,11.5,0.0,0.0,6.18,5.56,100,100
2025-10-21T20:00,10.7,11.2,0.0,0.0,6.01,5.78,100,100
2025-10-21T21:00,10.7,11.1,0.0,0.0,6.19,7.69,94,98
2025-10-21T22:00,10.8,11.0,0.0,0.0,6.66,8.43,100,100
2025-10-21T23:00,10.7,11.0,0.0,0.0,7.01,7.07,100,98
2025-10-22T00:00,10.6,9.9,0.0,0.0,6.03,7.76,100,84
2025-10-22T01:00,10.5,9.7,0.0,0.0,7.25,7.98,100,93
2025-10-22T02:00,10.7,9.5,0.0,0.0,6.49,7.9,98,71
2025-10-22T03:00,10.7,9.2,0.0,0.0,6.1,7.28,100,72
2025-10-22T04:00,10.5,8.8,0.0,0.0,5.35,7.14,100,63
2025-10-22T05:00,10.6,8.8,0.0,0.0,5.48,6.46,100,90
2025-10-22T06:00,10.4,10.0,0.0,1.0,5.39,5.31,100,95
2025-10-22T07:00,10.5,10.3,15.0,50.0,4.24,4.78,100,95
2025-10-22T08:00,10.9,12.0,47.0,168.0,5.74,4.37,100,78
2025-10-22T09:00,11.8,13.1,70.0,227.0,5.61,3.35,100,93
2025-10-22T10:00,12.3,13.8,90.0,235.0,5.08,4.86,100,95
2025-10-22T11:00,12.6,14.1,102.0,223.0,5.06,5.07,100,98
2025-10-22T12:00,13.0,13.4,67.0,113.0,5.79,4.45,100,100
2025-10-22T13:00,13.6,13.2,83.0,81.0,6.49,4.09,98,100
2025-10-22T14:00,13.5,13.0,72.0,57.0,6.76,4.88,100,99
2025-10-22T15:00,13.6,12.8,53.0,39.0,6.14,5.98,100,99
2025-10-22T16:00,13.0,12.4,16.0,15.0,5.63,6.93,98,97
2025-10-22T17:00,12.6,12.1,1.0,1.0,7.05,6.75,95,95
2025-10-22T18:00,12.4,12.2,0.0,0.0,5.82,6.72,100,95
2025-10-22T19:00,12.3,12.0,0.0,0.0,5.48,7.49,100,96
2025-10-22T20:00,11.8,11.8,0.0,0.0,5.9,7.62,81,94
2025-10-22T21:00,12.3,11.8,0.0,0.0,6.72,7.69,100,100
2025-10-22T22:00,12.2,11.7,0.0,0.0,7.1,7.49,100,89
2025-10-22T23:00,12.2,11.6,0.0,0.0,6.85,7.64,100,95
2025-10-23T00:00,11.9,9.4,0.0,0.0,7.06,4.68,79,96
2025-10-23T01:00,11.7,9.5,0.0,0.0,6.78,7.06,100,92
2025-10-23T02:00,11.6,10.3,0.0,0.0,7.25,8.46,100,100
2025-10-23T03:00,11.7,10.5,0.0,0.0,7.02,9.32,100,88
2025-10-23T04:00,11.7,10.7,0.0,0.0,7.59,8.65,100,100
2025-10-23T05:00,11.6,10.8,0.0,0.0,8.76,8.59,100,100
2025-10-23T06:00,11.7,11.2,0.0,0.0,7.17,8.4,100,100
2025-10-23T07:00,11.8,11.4,11.0,14.0,7.9,9.61,100,100
2025-10-23T08:00,12.2,11.6,37.0,22.0,9.08,6.92,100,100
2025-10-23T09:00,13.8,11.9,201.0,57.0,6.62,7.72,100,100
2025-10-23T10:00,14.1,12.3,123.0,58.0,9.17,6.54,100,100
2025-10-23T11:00,13.2,13.2,76.0,104.0,15.19,7.46,100,100
2025-10-23T12:00,11.6,13.8,60.0,81.0,12.29,5.7,100,100
2025-10-23T13:00,11.8,12.0,74.0,41.0,8.94,9.58,100,100
2025-10-23T14:00,11.7,11.7,64.0,51.0,9.82,11.22,100,100
2025-10-23T15:00,11.0,11.8,42.0,43.0,10.03,9.68,100,100
2025-10-23T16:00,10.2,11.2,23.0,15.0,13.41,8.59,100,100
2025-10-23T17:00,9.2,11.0,1.0,0.0,11.07,11.31,100,100
2025-10-23T18:00,9.3,10.1,0.0,0.0,11.25,11.99,100,100
2025-10-23T19:00,9.4,9.6,0.0,0.0,12.62,13.26,100,100
2025-10-23T20:00,8.9,9.3,0.0,0.0,13.36,12.58,95,100
2025-10-23T21:00,8.8,9.0,0.0,0.0,12.61,12.98,100,100
2025-10-23T22:00,8.6,8.7,0.0,0.0,12.77,12.71,100,100
2025-10-23T23:00,8.4,8.6,0.0,0.0,11.69,12.97,100,100
2025-10-24T00:00,7.6,8.2,0.0,0.0,12.34,10.72,3,60
2025-10-24T01:00,7.4,7.6,0.0,0.0,11.92,10.45,100,72
2025-10-24T02:00,7.4,7.4,0.0,0.0,12.25,9.38,98,94
2025-10-24T03:00,7.4,7.3,0.0,0.0,13.5,10.88,96,97
2025-10-24T04:00,6.9,7.2,0.0,0.0,14.28,12.3,48,100
2025-10-24T05:00,6.5,6.7,0.0,0.0,14.69,12.66,94,100
2025-10-24T06:00,5.9,6.3,0.0,0.0,13.39,12.01,49,99
2025-10-24T07:00,6.2,6.3,55.0,41.0,12.49,11.36,58,93
2025-10-24T08:00,6.9,6.3,164.0,106.0,14.41,12.07,85,98
2025-10-24T09:00,7.3,7.2,212.0,251.0,13.6,12.53,92,98
2025-10-24T10:00,8.2,7.2,348.0,306.0,13.26,11.29,83,82
2025-10-24T11:00,8.6,7.3,368.0,317.0,11.12,11.22,100,61
2025-10-24T12:00,9.4,8.8,323.0,360.0,12.54,11.65,97,82
2025-10-24T13:00,9.4,8.0,340.0,276.0,12.95,10.54,56,100
2025-10-24T14:00,9.1,7.6,275.0,202.0,9.86,10.3,92,71
2025-10-24T15:00,8.5,7.1,135.0,142.0,8.9,9.85,83,73
2025-10-24T16:00,7.3,6.5,60.0,44.0,7.36,10.46,77,78
2025-10-24T17:00,6.2,5.9,0.0,0.0,7.25,9.74,0,47
2025-10-24T18:00,5.3,5.2,0.0,0.0,8.42,9.39,6,45
2025-10-24T19:00,4.7,4.7,0.0,0.0,8.98,9.1,0,68
2025-10-24T20:00,4.2,4.5,0.0,0.0,9.43,9.58,65,94
2025-10-24T21:00,3.8,4.5,0.0,0.0,9.36,10.26,52,34
2025-10-24T22:00,3.8,4.2,0.0,0.0,9.46,10.88,60,25
2025-10-24T23:00,4.0,4.1,0.0,0.0,9.43,9.98,100,68
2025-10-25T00:00,4.6,4.5,0.0,0.0,8.56,11.3,100,94
2025-10-25T01:00,4.8,4.8,0.0,0.0,7.97,10.56,100,78
2025-10-25T02:00,5.2,5.2,0.0,0.0,8.51,9.77,100,99
2025-10-25T03:00,5.5,5.7,0.0,0.0,8.9,9.03,100,92
2025-10-25T04:00,5.4,5.9,0.0,0.0,8.47,9.56,100,100
2025-10-25T05:00,5.8,5.6,0.0,0.0,7.82,9.45,100,95
2025-10-25T06:00,5.9,5.4,0.0,0.0,8.75,10.51,100,81
2025-10-25T07:00,6.9,6.1,16.0,20.0,9.03,10.81,100,71
2025-10-25T08:00,7.7,7.4,60.0,78.0,9.63,11.17,100,61
2025-10-25T09:00,8.8,9.0,139.0,226.0,10.09,13.45,100,96
2025-10-25T10:00,9.3,9.4,118.0,261.0,10.17,11.76,100,72
2025-10-25T11:00,9.8,10.4,150.0,329.0,9.2,11.88,100,66
2025-10-25T12:00,9.4,9.6,154.0,232.0,10.1,12.76,100,98
2025-10-25T13:00,9.6,10.4,145.0,304.0,9.95,15.46,100,93
2025-10-25T14:00,9.3,10.5,100.0,241.0,9.84,13.73,100,45
2025-10-25T15:00,9.2,10.0,71.0,160.0,9.95,12.28,100,55
2025-10-25T16:00,8.6,9.1,33.0,47.0,9.65,11.66,91,56
2025-10-25T17:00,7.7,8.1,0.0,0.0,10.77,11.75,80,100
2025-10-25T18:00,7.5,7.8,0.0,0.0,10.55,10.87,100,100
2025-10-25T19:00,7.6,7.5,0.0,0.0,10.91,11.17,100,93
2025-10-25T20:00,7.4,7.3,0.0,0.0,10.77,10.7,100,83
2025-10-25T21:00,7.2,7.0,0.0,0.0,8.92,10.45,100,65
2025-10-25T22:00,7.0,6.5,0.0,0.0,7.67,10.27,98,42
2025-10-25T23:00,6.4,6.1,0.0,0.0,9.43,9.95,66,42
2025-10-26T00:00,6.0,6.4,0.0,0.0,8.87,10.8,86,79
2025-10-26T01:00,6.4,6.7,0.0,0.0,10.43,11.09,96,81
2025-10-26T02:00,6.6,6.9,0.0,0.0,9.65,11.63,100,92
2025-10-26T03:00,6.7,6.7,0.0,0.0,9.56,10.43,100,100
2025-10-26T04:00,6.6,6.6,0.0,0.0,8.57,10.39,100,100
2025-10-26T05:00,6.4,6.3,0.0,0.0,9.93,8.34,94,97
2025-10-26T06:00,6.4,4.8,0.0,0.0,10.29,8.91,100,77
2025-10-26T07:00,6.0,4.9,29.0,49.0,9.36,9.51,75,52
2025-10-26T08:00,6.2,5.5,145.0,171.0,8.44,9.36,48,49
2025-10-26T09:00,6.9,6.6,314.0,292.0,10.19,10.26,22,91
2025-10-26T10:00,7.5,8.0,369.0,334.0,9.42,11.99,58,94
2025-10-26T11:00,8.5,7.5,447.0,291.0,9.99,10.27,24,98
2025-10-26T12:00,8.4,7.7,295.0,177.0,12.26,12.74,100,94
2025-10-26T13:00,8.6,8.4,221.0,276.0,10.69,13.18,100,80
2025-10-26T14:00,8.4,8.1,167.0,197.0,10.48,13.36,77,97
2025-10-26T15:00,7.8,7.6,123.0,131.0,10.29,12.24,87,81
2025-10-26T16:00,6.8,6.9,36.0,41.0,10.01,11.4,50,58
2025-10-26T17:00,5.7,6.1,0.0,0.0,9.76,10.8,13,50
2025-10-26T18:00,5.2,5.7,0.0,0.0,9.6,10.73,0,16
2025-10-26T19:00,4.7,5.0,0.0,0.0,10.24,11.69,17,53
2025-10-26T20:00,4.4,5.0,0.0,0.0,9.51,12.72,100,100
2025-10-26T21:00,4.5,4.7,0.0,0.0,9.11,12.04,61,100
2025-10-26T22:00,4.5,4.5,0.0,0.0,10.09,12.17,100,99
2025-10-26T23:00,4.7,4.4,0.0,0.0,10.5,12.02,100,99
2025-10-27T00:00,4.6,4.5,0.0,0.0,10.75,12.49,100,83
2025-10-27T01:00,4.6,4.1,0.0,0.0,10.21,11.97,100,82
2025-10-27T02:00,4.8,4.4,0.0,0.0,12.15,11.73,94,100
2025-10-27T03:00,4.5,4.7,0.0,0.0,11.96,12.37,94,100
2025-10-27T04:00,4.6,4.8,0.0,0.0,12.74,14.73,94,100
2025-10-27T05:00,4.9,5.0,0.0,0.0,13.32,15.86,100,100
2025-10-27T06:00,5.4,4.7,0.0,0.0,15.04,16.3,100,100
2025-10-27T07:00,5.6,4.7,10.0,7.0,15.14,16.52,100,100
2025-10-27T08:00,5.7,5.1,24.0,31.0,15.38,16.7,100,100
2025-10-27T09:00,5.6,5.4,36.0,51.0,15.46,15.51,100,100
2025-10-27T10:00,5.9,6.8,55.0,113.0,15.09,14.49,100,100
2025-10-27T11:00,6.5,7.7,119.0,154.0,14.19,13.19,100,100
2025-10-27T12:00,7.2,7.5,120.0,95.0,15.21,14.81,100,100
2025-10-27T13:00,7.5,8.1,138.0,135.0,13.5,13.61,100,100
2025-10-27T14:00,7.4,8.2,75.0,137.0,11.09,13.28,100,100
2025-10-27T15:00,7.2,7.6,100.0,36.0,14.34,12.21,100,100
2025-10-27T16:00,7.0,7.3,17.0,14.0,12.65,13.42,31,100
2025-10-27T17:00,6.7,7.4,0.0,0.0,10.48,12.37,85,100
2025-10-27T18:00,6.8,7.4,0.0,0.0,11.87,11.86,94,100
2025-10-27T19:00,6.6,7.3,0.0,0.0,11.9,11.62,75,85
2025-10-27T20:00,6.4,7.1,0.0,0.0,11.48,11.76,96,89
2025-10-27T21:00,6.1,7.0,0.0,0.0,11.47,10.88,87,77
2025-10-27T22:00,5.9,6.8,0.0,0.0,10.88,10.68,67,67
2025-10-27T23:00,5.8,6.5,0.0,0.0,10.28,9.99,64,81
2025-10-28T00:00,5.8,6.6,0.0,0.0,9.62,10.39,96,89
2025-10-28T01:00,5.8,6.7,0.0,0.0,11.43,10.34,81,79
2025-10-28T02:00,5.6,6.7,0.0,0.0,10.1,10.65,75,87
2025-10-28T03:00,5.9,6.8,0.0,0.0,10.88,10.81,100,75
2025-10-28T04:00,5.5,6.4,0.0,0.0,10.83,9.79,51,49
2025-10-28T05:00,5.2,6.0,0.0,0.0,9.65,9.29,39,94
2025-10-28T06:00,5.8,6.0,0.0,0.0,9.6,10.52,86,89
2025-10-28T07:00,6.5,6.6,32.0,25.0,9.99,9.77,91,96
2025-10-28T08:00,7.4,7.4,75.0,51.0,10.52,9.99,100,100
2025-10-28T09:00,7.9,7.8,54.0,58.0,11.85,11.56,100,100
2025-10-28T10:00,8.4,8.5,54.0,75.0,12.49,13.43,100,100
2025-10-28T11:00,10.4,9.5,219.0,83.0,11.53,13.6,96,100
2025-10-28T12:00,11.6,11.6,250.0,239.0,12.25,13.27,100,100
2025-10-28T13:00,11.7,12.6,163.0,256.0,11.93,12.79,100,100
2025-10-28T14:00,11.8,12.7,113.0,192.0,11.28,12.43,100,100
2025-10-28T15:00,11.5,12.4,59.0,115.0,11.07,12.33,100,100
2025-10-28T16:00,11.0,11.8,26.0,33.0,10.63,11.41,100,83
2025-10-28T17:00,10.3,11.3,0.0,0.0,10.38,10.26,100,98
2025-10-28T18:00,9.5,10.8,0.0,0.0,10.2,11.22,51,89
2025-10-28T19:00,8.9,10.5,0.0,0.0,10.17,9.95,47,95
2025-10-28T20:00,8.6,10.0,0.0,0.0,10.43,9.86,16,88
2025-10-28T21:00,8.5,9.5,0.0,0.0,10.13,9.98,0,79
2025-10-28T22:00,8.1,9.5,0.0,0.0,9.6,9.95,0,74
2025-10-28T23:00,7.9,9.4,0.0,0.0,9.6,10.23,9,84
2025-10-29T00:00,7.1,8.2,0.0,0.0,8.15,10.13,0,17
2025-10-29T01:00,7.1,7.9,0.0,0.0,7.32,10.61,17,5
2025-10-29T02:00,6.6,7.7,0.0,0.0,5.83,10.43,7,3
2025-10-29T03:00,6.1,7.4,0.0,0.0,5.39,9.12,14,0
2025-10-29T04:00,5.5,6.8,0.0,0.0,4.59,7.72,0,2
2025-10-29T05:00,5.2,6.2,0.0,0.0,4.04,6.81,8,39
2025-10-29T06:00,4.9,5.4,0.0,0.0,3.45,5.11,39,47
2025-10-29T07:00,5.3,5.9,44.0,44.0,3.34,5.11,0,4
2025-10-29T08:00,7.4,8.1,165.0,167.0,2.97,4.61,12,17
2025-10-29T09:00,9.8,10.6,292.0,294.0,2.91,4.09,4,11
2025-10-29T10:00,11.7,12.3,385.0,390.0,2.81,3.0,23,26
2025-10-29T11:00,13.0,13.7,436.0,433.0,3.04,3.53,54,100
2025-10-29T12:00,13.9,14.4,435.0,432.0,3.11,3.68,100,94
2025-10-29T13:00,14.3,14.7,357.0,372.0,3.11,3.91,100,37
2025-10-29T14:00,14.3,14.4,260.0,261.0,3.26,4.26,61,98
2025-10-29T15:00,13.4,13.5,125.0,146.0,4.19,4.75,100,78
2025-10-29T16:00,11.6,11.8,40.0,40.0,4.66,5.68,100,98
2025-10-29T17:00,10.3,10.3,0.0,0.0,5.18,6.53,100,100
2025-10-29T18:00,9.4,9.7,0.0,0.0,5.35,6.86,100,100
2025-10-29T19:00,9.3,9.2,0.0,0.0,5.85,5.53,100,100
2025-10-29T20:00,9.1,8.9,0.0,0.0,5.13,4.37,100,100
2025-10-29T21:00,9.2,8.6,0.0,0.0,5.09,3.53,100,100
2025-10-29T22:00,9.3,8.5,0.0,0.0,4.92,3.95,100,100
2025-10-29T23:00,8.8,8.7,0.0,0.0,4.41,4.68,96,100
2025-10-30T00:00,9.8,8.4,0.0,0.0,5.0,4.25,96,100
2025-10-30T01:00,9.7,8.6,0.0,0.0,3.54,4.71,99,100
2025-10-30T02:00,9.6,8.7,0.0,0.0,5.87,5.25,100,87
2025-10-30T03:00,9.7,8.9,0.0,0.0,7.54,5.96,100,94
2025-10-30T04:00,10.0,9.4,0.0,0.0,9.84,7.58,100,100
2025-10-30T05:00,10.2,9.5,0.0,0.0,9.06,9.76,100,93
2025-10-30T06:00,10.6,9.5,0.0,0.0,10.21,10.01,100,100
2025-10-30T07:00,10.8,10.1,5.0,12.0,10.39,11.44,100,100
2025-10-30T08:00,10.7,11.0,19.0,56.0,8.59,10.45,100,100
2025-10-30T09:00,12.0,11.2,211.0,69.0,8.46,8.7,39,100
2025-10-30T10:00,12.6,11.6,311.0,115.0,9.93,6.98,84,100
2025-10-30T11:00,13.5,12.2,336.0,167.0,10.19,5.22,77,94
2025-10-30T12:00,13.7,13.7,383.0,316.0,9.82,8.13,26,47
2025-10-30T13:00,13.6,14.0,388.0,350.0,8.32,7.41,15,55
2025-10-30T14:00,13.0,13.5,304.0,237.0,6.99,6.14,0,49
2025-10-30T15:00,12.4,12.8,171.0,150.0,5.0,4.65,0,42
2025-10-30T16:00,10.5,11.2,42.0,38.0,3.57,4.21,0,35
2025-10-30T17:00,9.5,9.7,0.0,0.0,2.79,3.35,0,43
2025-10-30T18:00,7.4,8.7,0.0,0.0,1.12,3.03,1,42
2025-10-30T19:00,6.9,7.8,0.0,0.0,1.39,2.48,3,35
2025-10-30T20:00,6.4,7.0,0.0,0.0,3.24,3.38,59,37
2025-10-30T21:00,5.8,6.4,0.0,0.0,4.9,4.31,0,83
2025-10-30T22:00,5.8,5.9,0.0,0.0,6.04,5.43,68,51
2025-10-30T23:00,5.2,5.6,0.0,0.0,6.36,6.27,49,5
2025-10-31T00:00,5.4,4.9,0.0,0.0,7.01,6.26,0,0
2025-10-31T01:00,5.2,4.7,0.0,0.0,6.83,6.92,100,0
2025-10-31T02:00,4.8,4.5,0.0,0.0,7.19,7.08,6,52
2025-10-31T03:00,3.7,4.2,0.0,0.0,6.51,6.99,0,90
2025-10-31T04:00,3.3,4.1,0.0,0.0,6.18,7.59,0,28
2025-10-31T05:00,2.9,3.9,0.0,0.0,5.57,7.14,0,6
2025-10-31T06:00,2.9,3.4,0.0,0.0,4.75,5.54,0,55
2025-10-31T07:00,3.5,3.6,37.0,40.0,3.64,3.78,0,0
2025-10-31T08:00,5.7,5.1,156.0,159.0,3.67,3.19,0,2
2025-10-31T09:00,6.4,7.6,124.0,286.0,2.65,2.59,100,6
2025-10-31T10:00,7.9,9.7,182.0,383.0,1.81,1.58,93,70
2025-10-31T11:00,9.2,11.5,291.0,427.0,1.31,0.5,87,99
2025-10-31T12:00,10.3,10.8,332.0,394.0,0.59,0.71,65,45
2025-10-31T13:00,11.6,12.7,356.0,374.0,1.36,1.32,82,3
2025-10-31T14:00,12.0,13.5,270.0,280.0,0.66,1.31,32,16
2025-10-31T15:00,12.4,13.4,153.0,153.0,0.84,1.87,100,53
2025-10-31T16:00,10.9,11.9,35.0,34.0,1.9,2.75,28,100
2025-10-31T17:00,9.6,10.7,0.0,0.0,2.31,3.8,100,100
2025-10-31T18:00,7.8,9.7,0.0,0.0,2.45,3.11,95,45
2025-10-31T19:00,7.1,9.4,0.0,0.0,2.33,3.9,100,100
2025-10-31T20:00,6.9,9.1,0.0,0.0,2.06,3.82,100,100
2025-10-31T21:00,6.2,9.1,0.0,0.0,2.19,2.59,100,100
2025-10-31T22:00,5.6,8.5,0.0,0.0,2.23,2.14,100,100
2025-10-31T23:00,5.7,8.0,0.0,0.0,2.65,2.16,100,81
2025-11-01T00:00,6.9,6.7,0.0,0.0,2.38,2.94,100,42
2025-11-01T01:00,6.3,6.3,0.0,0.0,1.4,2.37,100,65
2025-11-01T02:00,5.9,6.0,0.0,0.0,2.65,2.85,100,78
2025-11-01T03:00,5.7,5.9,0.0,0.0,2.6,3.86,100,88
2025-11-01T04:00,4.9,5.8,0.0,0.0,2.99,3.61,99,99
2025-11-01T05:00,4.6,5.3,0.0,0.0,2.37,4.3,100,100
2025-11-01T06:00,5.7,5.3,0.0,0.0,4.76,2.77,93,87
2025-11-01T07:00,5.7,6.1,32.0,26.0,4.92,4.74,76,100
2025-11-01T08:00,8.2,6.8,133.0,71.0,3.78,4.32,100,100
2025-11-01T09:00,9.7,7.9,216.0,117.0,3.51,2.02,100,100
2025-11-01T10:00,11.3,9.0,291.0,190.0,2.12,1.86,100,97
2025-11-01T11:00,13.1,10.5,338.0,240.0,2.1,2.11,100,99
2025-11-01T12:00,14.1,14.8,347.0,360.0,1.52,1.0,100,41
2025-11-01T13:00,14.8,15.7,334.0,339.0,1.39,0.6,100,100
2025-11-01T14:00,14.8,15.9,194.0,189.0,1.98,0.75,100,100
2025-11-01T15:00,14.2,15.3,91.0,86.0,3.67,2.45,100,100
2025-11-01T16:00,13.1,14.1,16.0,22.0,3.59,3.02,100,100
2025-11-01T17:00,12.4,12.9,0.0,0.0,4.51,4.17,100,100
2025-11-01T18:00,11.8,12.5,0.0,0.0,6.05,5.82,100,94
2025-11-01T19:00,11.7,12.0,0.0,0.0,5.35,6.58,98,83
2025-11-01T20:00,11.2,11.8,0.0,0.0,5.22,7.18,100,97
2025-11-01T21:00,11.1,11.7,0.0,0.0,5.72,7.94,100,97
2025-11-01T22:00,11.3,11.5,0.0,0.0,6.12,7.41,100,100
2025-11-01T23:00,11.3,11.4,0.0,0.0,5.7,6.58,100,100
2025-11-02T00:00,11.0,10.6,0.0,0.0,4.03,5.6,99,100
2025-11-02T01:00,10.8,10.8,0.0,0.0,2.86,5.75,100,100
2025-11-02T02:00,10.6,10.9,0.0,0.0,2.02,5.35,100,100
2025-11-02T03:00,10.6,10.7,0.0,0.0,2.43,3.34,100,100
2025-11-02T04:00,10.4,10.4,0.0,0.0,1.52,1.94,100,99
2025-11-02T05:00,10.2,10.1,0.0,0.0,0.75,1.77,100,100
2025-11-02T06:00,10.3,10.3,0.0,0.0,4.16,2.59,100,100
2025-11-02T07:00,10.3,10.5,7.0,6.0,4.03,3.1,100,100
2025-11-02T08:00,10.5,11.1,22.0,17.0,5.49,11.04,100,100
2025-11-02T09:00,10.8,10.5,27.0,34.0,4.49,8.27,100,100
2025-11-02T10:00,10.1,10.3,39.0,48.0,5.26,6.38,100,100
2025-11-02T11:00,10.1,10.1,52.0,51.0,3.35,4.31,100,100
2025-11-02T12:00,11.1,9.7,102.0,40.0,4.57,6.54,100,100
2025-11-02T13:00,11.4,9.7,77.0,45.0,6.4,7.62,100,100
2025-11-02T14:00,11.1,9.5,60.0,42.0,4.99,8.05,100,100
2025-11-02T15:00,10.6,9.2,36.0,31.0,6.06,8.17,100,100
2025-11-02T16:00,10.0,8.8,8.0,6.0,6.43,8.0,100,100
2025-11-02T17:00,9.6,8.6,0.0,0.0,5.87,7.34,100,100
2025-11-02T18:00,9.2,7.8,0.0,0.0,6.03,6.03,100,100
2025-11-02T19:00,9.0,7.8,0.0,0.0,6.44,6.15,100,100
2025-11-02T20:00,8.9,7.7,0.0,0.0,6.51,6.24,100,100
2025-11-02T21:00,8.9,7.8,0.0,0.0,6.47,7.51,100,100
2025-11-02T22:00,8.9,7.9,0.0,0.0,6.46,9.29,100,100
2025-11-02T23:00,8.7,8.1,0.0,0.0,7.11,9.08,100,100
2025-11-03T00:00,8.6,8.2,0.0,0.0,7.51,8.92,100,100
2025-11-03T01:00,8.3,8.0,0.0,0.0,7.45,8.75,100,94
2025-11-03T02:00,7.9,7.8,0.0,0.0,6.67,8.63,96,95
2025-11-03T03:00,7.4,7.7,0.0,0.0,6.67,9.15,99,81
2025-11-03T04:00,7.2,7.2,0.0,0.0,6.58,8.87,99,97
2025-11-03T05:00,7.2,7.1,0.0,0.0,6.89,8.84,99,97
2025-11-03T06:00,5.9,6.7,0.0,0.0,7.45,7.84,73,92
2025-11-03T07:00,6.2,6.9,25.0,16.0,7.18,7.74,78,93
2025-11-03T08:00,7.2,7.2,105.0,51.0,6.88,5.98,100,84
2025-11-03T09:00,8.3,7.9,252.0,137.0,6.45,6.4,43,86
2025-11-03T10:00,9.2,8.8,344.0,260.0,6.54,6.68,67,75
2025-11-03T11:00,9.9,9.3,358.0,280.0,5.71,6.99,59,64
2025-11-03T12:00,11.1,10.4,385.0,322.0,6.94,7.32,61,64
2025-11-03T13:00,11.3,10.8,291.0,280.0,6.63,7.23,77,100
2025-11-03T14:00,11.1,10.5,196.0,180.0,6.41,6.87,33,100
2025-11-03T15:00,10.8,9.9,133.0,125.0,6.01,6.29,69,100
2025-11-03T16:00,9.8,8.7,27.0,28.0,5.49,5.98,30,34
2025-11-03T17:00,8.8,7.4,0.0,0.0,4.87,6.02,4,0
2025-11-03T18:00,7.7,7.4,0.0,0.0,5.9,7.43,0,32
2025-11-03T19:00,6.7,6.5,0.0,0.0,5.52,6.93,0,41
2025-11-03T20:00,6.0,5.9,0.0,0.0,5.08,6.74,0,42
2025-11-03T21:00,5.3,5.5,0.0,0.0,4.84,6.5,0,16
2025-11-03T22:00,5.1,5.1,0.0,0.0,3.7,5.0,0,12
2025-11-03T23:00,4.7,4.4,0.0,0.0,3.21,3.83,0,31
2025-11-04T00:00,4.1,3.2,0.0,0.0,2.77,2.71,0,0
2025-11-04T01:00,4.0,3.0,0.0,0.0,3.29,2.75,0,0
2025-11-04T02:00,3.9,2.7,0.0,0.0,3.66,2.85,1,0
2025-11-04T03:00,3.7,2.4,0.0,0.0,3.81,3.73,1,0
2025-11-04T04:00,3.6,2.3,0.0,0.0,3.56,4.62,0,0
2025-11-04T05:00,3.3,2.2,0.0,0.0,2.76,4.38,0,0
2025-11-04T06:00,2.7,1.6,0.0,0.0,1.47,4.55,0,0
2025-11-04T07:00,2.7,1.9,28.0,28.0,2.2,5.35,0,0
2025-11-04T08:00,4.7,4.1,137.0,137.0,2.85,5.13,4,0
2025-11-04T09:00,7.7,6.9,256.0,257.0,3.26,4.25,27,0
2025-11-04T10:00,9.4,9.1,349.0,351.0,2.11,3.4,27,0
2025-11-04T11:00,10.9,10.6,397.0,402.0,2.46,2.66,0,0
2025-11-04T12:00,11.9,12.0,402.0,402.0,2.66,3.96,1,24
2025-11-04T13:00,12.2,12.4,353.0,342.0,2.84,3.23,0,100
2025-11-04T14:00,12.0,12.3,261.0,255.0,3.15,4.11,4,0
2025-11-04T15:00,11.1,11.2,138.0,137.0,3.67,4.98,0,5
2025-11-04T16:00,9.4,9.4,27.0,25.0,4.35,5.8,0,4
2025-11-04T17:00,8.1,7.8,0.0,0.0,5.17,6.36,46,3
2025-11-04T18:00,6.9,6.3,0.0,0.0,4.81,5.87,16,0
2025-11-04T19:00,6.3,5.6,0.0,0.0,4.32,5.63,55,8
2025-11-04T20:00,6.1,5.0,0.0,0.0,3.59,5.1,27,36
2025-11-04T21:00,5.7,4.5,0.0,0.0,3.55,3.67,0,0
2025-11-04T22:00,5.0,4.0,0.0,0.0,2.75,2.22,26,11
2025-11-04T23:00,4.3,3.5,0.0,0.0,2.81,1.39,60,2
2025-11-05T00:00,4.1,2.8,0.0,0.0,2.69,3.41,92,45
2025-11-05T01:00,3.1,2.6,0.0,0.0,2.76,3.33,100,43
2025-11-05T02:00,3.0,2.3,0.0,0.0,2.02,2.55,100,69
2025-11-05T03:00,3.0,2.3,0.0,0.0,2.23,1.84,100,69
2025-11-05T04:00,3.2,2.3,0.0,0.0,1.64,1.36,100,99
2025-11-05T05:00,3.3,1.8,0.0,0.0,0.2,1.71,100,100
2025-11-05T06:00,2.8,1.4,0.0,0.0,0.35,1.96,100,100
2025-11-05T07:00,2.7,1.1,10.0,12.0,0.93,1.88,100,100
2025-11-05T08:00,3.0,2.0,50.0,59.0,1.06,1.43,100,100
2025-11-05T09:00,3.7,3.8,129.0,134.0,1.12,1.1,100,100
2025-11-05T10:00,4.5,5.6,162.0,185.0,0.75,0.79,100,96
2025-11-05T11:00,6.4,6.9,253.0,239.0,1.62,0.42,84,93
2025-11-05T12:00,9.1,6.2,382.0,198.0,1.08,0.35,0,100
2025-11-05T13:00,10.3,7.0,359.0,189.0,1.29,0.6,16,98
2025-11-05T14:00,10.5,7.5,263.0,160.0,1.0,0.79,51,100
2025-11-05T15:00,11.4,7.4,134.0,78.0,2.56,0.9,100,100
2025-11-05T16:00,9.5,7.0,25.0,14.0,2.84,1.61,100,100
2025-11-05T17:00,8.2,6.4,0.0,0.0,4.45,1.69,100,100
2025-11-05T18:00,6.1,6.1,0.0,0.0,4.37,2.61,100,100
2025-11-05T19:00,5.3,5.4,0.0,0.0,2.77,2.83,86,100
2025-11-05T20:00,4.9,4.7,0.0,0.0,2.84,2.5,77,100
2025-11-05T21:00,3.1,4.5,0.0,0.0,3.04,3.31,100,100
2025-11-05T22:00,3.2,4.2,0.0,0.0,3.24,3.47,100,99
2025-11-05T23:00,3.6,3.3,0.0,0.0,2.48,3.2,100,100
2025-11-06T00:00,3.2,2.6,0.0,0.0,1.85,3.57,100,100
2025-11-06T01:00,3.5,2.8,0.0,0.0,1.49,3.04,100,100
2025-11-06T02:00,3.6,2.8,0.0,0.0,1.55,2.97,100,100
2025-11-06T03:00,3.5,2.6,0.0,0.0,1.21,2.67,100,100
2025-11-06T04:00,3.2,2.5,0.0,0.0,1.15,2.29,100,100
2025-11-06T05:00,3.1,2.1,0.0,0.0,1.38,1.58,100,100
2025-11-06T06:00,2.8,1.8,0.0,0.0,1.29,1.67,100,100
2025-11-06T07:00,2.8,1.9,7.0,8.0,1.21,1.97,100,100
2025-11-06T08:00,3.1,2.3,34.0,37.0,1.0,2.19,100,100
2025-11-06T09:00,3.0,2.6,82.0,84.0,1.38,1.68,100,100
2025-11-06T10:00,3.4,2.9,125.0,105.0,1.08,1.18,100,100
2025-11-06T11:00,3.9,3.3,146.0,124.0,1.08,1.02,100,100
2025-11-06T12:00,4.4,4.2,159.0,137.0,0.81,0.5,100,100
2025-11-06T13:00,4.5,4.2,128.0,106.0,0.44,0.22,100,100
2025-11-06T14:00,4.5,4.1,97.0,86.0,0.4,0.6,100,100
2025-11-06T15:00,5.0,3.8,73.0,36.0,0.69,0.84,89,100
2025-11-06T16:00,3.6,3.4,15.0,8.0,0.9,0.92,100,100
2025-11-06T17:00,3.3,3.2,0.0,0.0,0.83,0.88,100,100
2025-11-06T18:00,3.2,2.6,0.0,0.0,1.18,1.4,100,100
2025-11-06T19:00,2.9,2.4,0.0,0.0,1.15,1.4,100,100
2025-11-06T20:00,2.5,2.4,0.0,0.0,0.98,1.23,100,100
2025-11-06T21:00,2.2,2.5,0.0,0.0,1.18,0.89,100,100
2025-11-06T22:00,1.8,2.5,0.0,0.0,1.36,1.23,100,100
2025-11-06T23:00,1.5,2.5,0.0,0.0,1.4,1.14,100,100
2025-11-07T00:00,1.0,1.0,0.0,0.0,1.18,0.97,100,100
2025-11-07T01:00,0.9,0.7,0.0,0.0,1.2,1.12,100,100
2025-11-07T02:00,0.8,0.5,0.0,0.0,0.88,1.2,100,100
2025-11-07T03:00,0.1,0.3,0.0,0.0,1.75,1.01,100,100
2025-11-07T04:00,0.1,0.0,0.0,0.0,1.62,0.66,100,100
2025-11-07T05:00,0.2,-0.2,0.0,0.0,1.85,0.69,100,100
2025-11-07T06:00,-1.2,-0.8,0.0,0.0,1.46,0.81,100,100
2025-11-07T07:00,-0.7,-1.1,5.0,5.0,0.88,1.32,100,100
2025-11-07T08:00,-0.1,-1.0,32.0,34.0,0.96,1.32,100,100
2025-11-07T09:00,0.6,-0.8,57.0,67.0,0.69,1.39,100,100
2025-11-07T10:00,0.9,-0.6,90.0,91.0,0.59,1.41,100,100
2025-11-07T11:00,1.4,0.0,108.0,120.0,0.63,1.01,100,100
2025-11-07T12:00,0.6,1.6,137.0,178.0,0.5,0.29,100,99
2025-11-07T13:00,1.0,2.8,108.0,198.0,0.6,0.1,100,91
2025-11-07T14:00,1.2,3.6,85.0,156.0,0.55,0.4,100,76
2025-11-07T15:00,1.6,3.5,47.0,79.0,0.88,0.53,100,81
2025-11-07T16:00,1.2,2.9,9.0,13.0,0.98,0.39,100,86
2025-11-07T17:00,1.2,2.5,0.0,0.0,0.9,0.44,100,85
2025-11-07T18:00,1.1,1.9,0.0,0.0,0.84,0.69,100,93
2025-11-07T19:00,0.9,1.5,0.0,0.0,0.71,0.84,100,98
2025-11-07T20:00,0.7,1.2,0.0,0.0,0.66,0.96,100,97
2025-11-07T21:00,0.6,1.0,0.0,0.0,0.69,1.21,100,100
2025-11-07T22:00,0.6,1.0,0.0,0.0,1.18,1.28,100,100
2025-11-07T23:00,0.6,1.0,0.0,0.0,1.28,1.53,100,100
2025-11-08T00:00,1.5,0.1,0.0,0.0,0.9,1.67,100,100
2025-11-08T01:00,1.6,0.0,0.0,0.0,1.36,1.47,100,100
2025-11-08T02:00,1.5,-0.0,0.0,0.0,1.19,1.24,100,100
2025-11-08T03:00,1.3,-0.2,0.0,0.0,1.31,0.63,100,100
2025-11-08T04:00,1.2,-0.5,0.0,0.0,1.29,0.79,100,100
2025-11-08T05:00,1.1,-0.7,0.0,0.0,1.18,0.71,100,100
2025-11-08T06:00,1.0,0.3,0.0,0.0,1.23,1.18,100,100
2025-11-08T07:00,1.0,0.3,8.0,6.0,1.06,1.0,100,100
2025-11-08T08:00,1.1,0.4,36.0,33.0,0.97,0.69,100,100
2025-11-08T09:00,1.7,0.9,85.0,73.0,0.84,0.53,100,100
2025-11-08T10:00,2.2,1.6,134.0,107.0,0.59,0.57,100,100
2025-11-08T11:00,2.8,2.2,151.0,122.0,0.63,0.31,100,100
2025-11-08T12:00,2.9,3.0,136.0,164.0,1.12,0.75,100,100
2025-11-08T13:00,3.4,3.8,151.0,165.0,1.52,0.9,100,92
2025-11-08T14:00,3.1,4.2,91.0,128.0,1.87,1.08,100,90
2025-11-08T15:00,3.3,4.1,27.0,66.0,1.06,0.81,100,92
2025-11-08T16:00,3.2,3.9,5.0,9.0,1.25,0.31,100,93
2025-11-08T17:00,3.2,3.8,0.0,0.0,1.5,0.35,100,99
2025-11-08T18:00,4.0,2.9,0.0,0.0,2.29,1.15,100,99
2025-11-08T19:00,4.2,2.9,0.0,0.0,2.95,1.57,100,97
2025-11-08T20:00,4.4,3.0,0.0,0.0,2.77,2.37,100,99
2025-11-08T21:00,4.4,3.1,0.0,0.0,3.67,2.84,100,100
2025-11-08T22:00,4.5,3.3,0.0,0.0,3.63,2.84,100,94
2025-11-08T23:00,4.6,3.5,0.0,0.0,4.04,2.77,100,98
2025-11-09T00:00,5.0,4.6,0.0,0.0,3.54,2.92,100,100
2025-11-09T01:00,5.1,4.7,0.0,0.0,3.55,3.0,100,100
2025-11-09T02:00,5.2,4.9,0.0,0.0,3.63,2.94,99,100
2025-11-09T03:00,5.5,5.2,0.0,0.0,3.9,2.55,100,100
2025-11-09T04:00,5.7,5.4,0.0,0.0,4.27,3.19,100,100
2025-11-09T05:00,5.7,5.5,0.0,0.0,4.31,3.34,100,100
2025-11-09T06:00,6.1,3.9,0.0,0.0,4.8,1.86,100,100
2025-11-09T07:00,6.2,4.3,4.0,7.0,5.28,2.07,94,99
2025-11-09T08:00,6.6,5.1,33.0,51.0,5.89,1.76,99,95
2025-11-09T09:00,7.6,6.3,132.0,104.0,4.55,2.02,98,91
2025-11-09T10:00,8.5,7.6,192.0,156.0,4.47,2.07,94,95
2025-11-09T11:00,9.3,8.1,187.0,139.0,5.11,1.57,94,98
2025-11-09T12:00,9.3,8.9,119.0,80.0,5.94,3.33,100,100
2025-11-09T13:00,9.1,9.3,83.0,91.0,5.59,3.27,100,100
2025-11-09T14:00,8.9,9.4,45.0,69.0,5.62,2.71,100,98
2025-11-09T15:00,8.8,9.1,26.0,35.0,5.62,2.42,99,94
2025-11-09T16:00,8.4,8.6,4.0,7.0,5.42,2.79,100,100
2025-11-09T17:00,8.2,8.1,0.0,0.0,5.17,3.19,100,98
2025-11-09T18:00,8.1,7.9,0.0,0.0,4.96,3.88,97,100
2025-11-09T19:00,7.9,7.7,0.0,0.0,5.09,3.76,95,98
2025-11-09T20:00,7.8,7.6,0.0,0.0,4.91,4.02,96,97
2025-11-09T21:00,7.3,7.6,0.0,0.0,4.9,4.5,95,96
2025-11-09T22:00,7.2,7.5,0.0,0.0,4.32,4.19,100,99
2025-11-09T23:00,7.2,7.4,0.0,0.0,3.94,4.34,100,94
2025-11-10T00:00,6.8,7.9,0.0,0.0,3.92,5.37,98,98
2025-11-10T01:00,6.8,7.7,0.0,0.0,4.52,4.44,95,93
2025-11-10T02:00,6.4,7.6,0.0,0.0,3.45,3.85,84,99
2025-11-10T03:00,5.1,7.6,0.0,0.0,1.75,4.11,98,98
2025-11-10T04:00,4.7,7.6,0.0,0.0,1.67,3.95,100,99
2025-11-10T05:00,4.8,7.2,0.0,0.0,1.64,2.95,100,97
2025-11-10T06:00,5.4,6.0,0.0,0.0,2.72,0.79,92,87
2025-11-10T07:00,4.8,5.7,11.0,13.0,1.85,0.0,82,90
2025-11-10T08:00,3.7,6.1,74.0,68.0,2.5,1.1,100,94
2025-11-10T09:00,4.6,7.0,132.0,130.0,2.37,1.39,100,82
2025-11-10T10:00,5.3,8.8,174.0,244.0,0.4,1.71,100,67
2025-11-10T11:00,6.2,9.8,208.0,278.0,0.53,1.18,100,59
2025-11-10T12:00,6.8,10.4,202.0,272.0,1.74,1.87,93,74
2025-11-10T13:00,7.2,10.9,216.0,240.0,0.97,1.88,100,67
2025-11-10T14:00,7.3,10.9,129.0,168.0,1.18,2.11,100,75
2025-11-10T15:00,8.1,10.4,68.0,95.0,1.66,2.52,90,53
2025-11-10T16:00,7.3,9.1,11.0,14.0,2.45,3.57,60,53
2025-11-10T17:00,6.7,7.8,0.0,0.0,1.85,4.43,93,38
2025-11-10T18:00,5.1,6.6,0.0,0.0,1.84,3.64,97,38
2025-11-10T19:00,4.1,5.7,0.0,0.0,2.23,3.92,100,29
2025-11-10T20:00,4.3,5.0,0.0,0.0,2.88,3.59,100,87
2025-11-10T21:00,5.7,4.6,0.0,0.0,3.53,3.4,95,100
2025-11-10T22:00,5.9,4.2,0.0,0.0,4.47,4.09,98,100
2025-11-10T23:00,5.5,4.2,0.0,0.0,4.61,5.7,100,100
2025-11-11T00:00,5.1,4.6,0.0,0.0,4.0,5.26,90,99
2025-11-11T01:00,4.4,4.8,0.0,0.0,4.71,6.05,95,96
2025-11-11T02:00,4.5,5.0,0.0,0.0,5.63,6.98,98,84
2025-11-11T03:00,4.8,5.6,0.0,0.0,5.65,8.01,100,97
2025-11-11T04:00,5.1,6.1,0.0,0.0,5.83,8.06,94,93
2025-11-11T05:00,5.6,6.6,0.0,0.0,6.15,8.22,100,96
2025-11-11T06:00,5.2,6.6,0.0,0.0,4.95,8.0,100,99
2025-11-11T07:00,5.0,7.1,13.0,4.0,4.56,7.68,95,100
2025-11-11T08:00,6.1,7.7,75.0,35.0,4.35,6.93,100,100
2025-11-11T09:00,7.9,8.8,118.0,149.0,4.4,6.17,99,97
2025-11-11T10:00,9.1,10.1,162.0,242.0,3.98,3.93,92,65
2025-11-11T11:00,10.5,11.3,254.0,352.0,3.01,3.17,61,71
2025-11-11T12:00,12.0,11.8,344.0,331.0,3.95,1.98,76,59
2025-11-11T13:00,12.2,12.3,248.0,312.0,4.02,1.96,100,80
2025-11-11T14:00,11.9,12.2,190.0,221.0,2.35,1.29,77,100
2025-11-11T15:00,11.4,11.5,103.0,99.0,0.9,0.71,100,100
2025-11-11T16:00,10.2,10.1,15.0,15.0,1.15,0.9,89,95
2025-11-11T17:00,8.5,8.8,0.0,0.0,0.69,1.71,18,100
2025-11-11T18:00,7.0,7.5,0.0,0.0,3.68,1.53,0,57
2025-11-11T19:00,6.3,6.6,0.0,0.0,4.53,2.1,0,44
2025-11-11T20:00,6.1,5.8,0.0,0.0,4.5,2.67,0,4
2025-11-11T21:00,5.6,5.2,0.0,0.0,3.75,4.09,0,43
2025-11-11T22:00,5.1,5.0,0.0,0.0,3.64,4.06,36,21
2025-11-11T23:00,4.7,4.7,0.0,0.0,3.26,3.54,60,41
2025-11-12T00:00,4.3,4.5,0.0,0.0,2.99,4.82,71,25
2025-11-12T01:00,4.3,4.2,0.0,0.0,2.85,3.51,80,49
2025-11-12T02:00,2.9,3.5,0.0,0.0,2.71,3.34,100,63
2025-11-12T03:00,2.1,2.9,0.0,0.0,3.24,4.1,100,47
2025-11-12T04:00,2.4,2.5,0.0,0.0,3.15,3.73,100,50
2025-11-12T05:00,2.3,2.1,0.0,0.0,2.45,3.34,100,50
2025-11-12T06:00,1.8,1.8,0.0,0.0,1.47,3.2,100,22
2025-11-12T07:00,1.4,1.9,8.0,14.0,2.28,3.24,100,2
2025-11-12T08:00,1.5,3.1,53.0,110.0,1.59,3.16,100,6
2025-11-12T09:00,2.8,5.7,114.0,227.0,2.23,3.81,100,2
2025-11-12T10:00,4.3,8.1,179.0,317.0,1.87,1.98,97,8
2025-11-12T11:00,5.4,9.8,233.0,364.0,1.77,1.39,94,42
2025-11-12T12:00,8.9,11.2,355.0,359.0,1.75,1.08,0,61
2025-11-12T13:00,9.4,11.8,318.0,312.0,2.07,1.31,21,42
2025-11-12T14:00,9.5,11.7,224.0,215.0,3.04,2.07,18,94
2025-11-12T15:00,9.4,10.6,108.0,102.0,4.08,2.79,27,93
2025-11-12T16:00,7.6,8.9,15.0,14.0,3.32,4.04,0,74
2025-11-12T17:00,6.8,7.6,0.0,0.0,3.37,5.2,0,59
2025-11-12T18:00,5.8,6.6,0.0,0.0,2.36,3.96,17,2
2025-11-12T19:00,5.6,6.0,0.0,0.0,1.52,2.36,0,0
2025-11-12T20:00,2.9,5.5,0.0,0.0,2.65,2.81,100,21
2025-11-12T21:00,3.0,5.1,0.0,0.0,3.11,3.47,100,47
2025-11-12T22:00,2.8,4.8,0.0,0.0,3.51,3.82,100,52
2025-11-12T23:00,2.8,4.5,0.0,0.0,3.67,4.72,100,26
2025-11-13T00:00,3.1,3.8,0.0,0.0,3.69,4.71,28,100
2025-11-13T01:00,3.0,4.0,0.0,0.0,3.86,4.85,11,75
2025-11-13T02:00,3.0,4.2,0.0,0.0,4.69,4.98,20,41
2025-11-13T03:00,3.6,4.2,0.0,0.0,4.78,5.02,25,56
2025-11-13T04:00,3.2,4.2,0.0,0.0,4.59,5.11,48,12
2025-11-13T05:00,2.2,4.3,0.0,0.0,3.67,4.71,22,0
2025-11-13T06:00,2.4,2.9,0.0,0.0,3.66,3.83,0,0
2025-11-13T07:00,2.2,3.1,13.0,13.0,3.52,3.5,2,0
2025-11-13T08:00,3.5,4.4,104.0,103.0,3.31,3.75,0,0
2025-11-13T09:00,6.8,7.2,219.0,215.0,3.19,3.5,10,0
2025-11-13T10:00,10.4,10.0,309.0,305.0,2.84,3.73,10,4
2025-11-13T11:00,12.1,12.3,359.0,348.0,3.92,3.23,0,46
2025-11-13T12:00,14.6,14.5,362.0,356.0,2.33,3.08,6,54
2025-11-13T13:00,15.4,14.5,311.0,295.0,2.56,3.07,27,65
2025-11-13T14:00,15.5,14.7,221.0,205.0,2.78,4.1,85,71
2025-11-13T15:00,13.9,13.8,108.0,100.0,3.55,5.37,52,41
2025-11-13T16:00,12.1,12.1,13.0,12.0,5.18,6.02,98,28
2025-11-13T17:00,11.3,11.1,0.0,0.0,6.48,6.17,64,21
2025-11-13T18:00,10.2,9.4,0.0,0.0,4.71,5.19,3,2
2025-11-13T19:00,9.0,8.9,0.0,0.0,3.78,3.4,8,0
2025-11-13T20:00,8.7,8.1,0.0,0.0,3.02,2.09,23,79
2025-11-13T21:00,8.6,7.5,0.0,0.0,2.94,2.36,13,20
2025-11-13T22:00,7.5,6.9,0.0,0.0,2.34,3.38,1,0
2025-11-13T23:00,6.4,6.4,0.0,0.0,2.59,3.55,1,40
2025-11-14T00:00,5.4,5.5,0.0,0.0,3.63,1.67,32,51
2025-11-14T01:00,4.9,5.3,0.0,0.0,3.43,2.92,12,40
2025-11-14T02:00,4.3,5.0,0.0,0.0,2.79,4.04,0,0
2025-11-14T03:00,4.6,4.9,0.0,0.0,3.29,4.5,23,32
2025-11-14T04:00,4.1,4.9,0.0,0.0,3.79,4.56,50,34
2025-11-14T05:00,3.4,4.9,0.0,0.0,2.84,3.96,20,10
2025-11-14T06:00,3.5,4.7,0.0,0.0,3.53,2.4,100,14
2025-11-14T07:00,3.6,4.3,11.0,12.0,2.9,1.8,62,3
2025-11-14T08:00,4.9,5.0,100.0,100.0,2.9,1.86,5,5
2025-11-14T09:00,8.5,7.8,212.0,212.0,4.56,2.38,46,4
2025-11-14T10:00,12.0,11.1,300.0,301.0,4.23,2.59,83,14
2025-11-14T11:00,14.3,13.4,352.0,349.0,3.1,2.24,64,68
2025-11-14T12:00,15.6,16.3,355.0,360.0,1.55,3.14,14,3
2025-11-14T13:00,16.2,16.9,314.0,312.0,1.0,2.29,42,18
2025-11-14T14:00,15.4,16.5,221.0,218.0,1.27,2.15,7,58
2025-11-14T15:00,13.7,14.9,98.0,103.0,2.66,2.5,100,61
2025-11-14T16:00,11.7,12.6,11.0,12.0,2.6,2.67,100,36
2025-11-14T17:00,10.6,10.6,0.0,0.0,2.94,3.35,100,100
2025-11-14T18:00,8.7,9.6,0.0,0.0,2.29,5.13,100,100
2025-11-14T19:00,7.7,9.1,0.0,0.0,2.11,5.96,100,100
2025-11-14T20:00,8.0,9.1,0.0,0.0,0.29,5.86,100,100
2025-11-14T21:00,7.4,8.9,0.0,0.0,2.81,4.51,99,100
2025-11-14T22:00,7.0,8.5,0.0,0.0,3.37,2.89,94,85
2025-11-14T23:00,6.9,8.0,0.0,0.0,4.75,2.14,100,72
2025-11-15T00:00,6.8,6.2,0.0,0.0,5.55,2.37,97,70
2025-11-15T01:00,6.8,6.0,0.0,0.0,4.78,3.91,100,76
2025-11-15T02:00,6.6,6.1,0.0,0.0,3.84,4.93,86,75
2025-11-15T03:00,5.9,6.6,0.0,0.0,2.16,5.59,100,99
2025-11-15T04:00,5.6,7.3,0.0,0.0,0.75,4.82,100,100
2025-11-15T05:00,5.3,7.8,0.0,0.0,0.75,4.28,100,100
2025-11-15T06:00,5.3,7.0,0.0,0.0,1.9,2.83,100,100
2025-11-15T07:00,5.1,7.2,8.0,4.0,3.82,4.03,100,99
2025-11-15T08:00,6.3,8.0,53.0,41.0,2.29,6.28,100,95
2025-11-15T09:00,6.6,9.6,105.0,90.0,2.46,5.59,100,100
2025-11-15T10:00,8.2,11.1,159.0,128.0,1.37,5.14,98,97
2025-11-15T11:00,9.9,12.3,209.0,199.0,0.77,3.33,86,85
2025-11-15T12:00,10.6,14.5,244.0,273.0,1.86,4.27,96,78
2025-11-15T13:00,10.7,14.8,182.0,259.0,1.39,4.17,89,88
2025-11-15T14:00,10.7,14.4,142.0,198.0,1.58,3.73,100,55
2025-11-15T15:00,10.4,13.2,70.0,96.0,0.96,3.88,99,29
2025-11-15T16:00,9.1,11.4,7.0,10.0,0.35,5.17,90,6
2025-11-15T17:00,8.0,10.0,0.0,0.0,1.27,5.28,89,85
2025-11-15T18:00,6.3,7.7,0.0,0.0,2.83,2.73,75,74
2025-11-15T19:00,5.6,7.3,0.0,0.0,1.57,2.15,94,85
2025-11-15T20:00,6.2,7.0,0.0,0.0,0.75,1.2,98,76
2025-11-15T21:00,7.0,7.0,0.0,0.0,2.2,0.79,100,100
2025-11-15T22:00,6.9,6.7,0.0,0.0,4.24,2.77,100,100
2025-11-15T23:00,6.7,6.5,0.0,0.0,3.37,3.11,100,100
2025-11-16T00:00,7.6,6.8,0.0,0.0,3.51,6.71,97,100
2025-11-16T01:00,7.9,7.1,0.0,0.0,3.54,7.75,100,100
2025-11-16T02:00,8.3,7.9,0.0,0.0,4.5,8.65,90,100
2025-11-16T03:00,7.9,8.3,0.0,0.0,3.61,6.76,72,100
2025-11-16T04:00,7.3,8.1,0.0,0.0,5.17,7.62,4,100
2025-11-16T05:00,7.1,8.0,0.0,0.0,5.62,7.69,100,100
2025-11-16T06:00,6.1,6.2,0.0,0.0,3.15,4.16,100,50
2025-11-16T07:00,6.0,5.8,6.0,9.0,2.65,3.26,100,81
2025-11-16T08:00,6.7,6.7,56.0,90.0,2.51,3.16,100,100
2025-11-16T09:00,8.5,8.9,150.0,186.0,2.52,3.48,100,76
2025-11-16T10:00,10.2,11.1,204.0,264.0,1.67,2.55,100,47
2025-11-16T11:00,11.5,12.2,276.0,283.0,1.1,1.31,100,100
2025-11-16T12:00,12.3,12.2,297.0,279.0,1.67,1.25,100,100
2025-11-16T13:00,12.4,12.6,226.0,246.0,1.9,1.33,100,100
2025-11-16T14:00,12.3,12.5,156.0,183.0,2.75,2.02,97,100
2025-11-16T15:00,11.3,11.7,45.0,78.0,1.55,2.15,100,100
2025-11-16T16:00,10.6,10.3,5.0,9.0,0.4,1.59,100,100
2025-11-16T17:00,10.3,9.2,0.0,0.0,1.41,1.39,100,44
2025-11-16T18:00,10.1,9.1,0.0,0.0,2.33,0.14,100,99
2025-11-16T19:00,9.6,8.7,0.0,0.0,2.81,1.59,100,100
2025-11-16T20:00,9.4,8.5,0.0,0.0,3.14,1.39,100,100
2025-11-16T21:00,9.5,8.2,0.0,0.0,3.04,1.97,100,99
2025-11-16T22:00,9.4,7.9,0.0,0.0,3.38,2.37,100,99
2025-11-16T23:00,9.1,7.8,0.0,0.0,4.11,2.76,86,99
2025-11-17T00:00,8.7,8.1,0.0,0.0,4.43,2.02,100,100
2025-11-17T01:00,8.8,8.0,0.0,0.0,5.49,1.59,100,100
2025-11-17T02:00,8.6,7.9,0.0,0.0,5.0,1.46,100,100
2025-11-17T03:00,8.5,8.0,0.0,0.0,4.9,2.91,100,100
2025-11-17T04:00,8.3,8.0,0.0,0.0,5.01,2.81,100,99
2025-11-17T05:00,8.2,8.1,0.0,0.0,4.66,4.45,100,100
2025-11-17T06:00,8.2,8.1,0.0,0.0,6.31,3.76,100,100
2025-11-17T07:00,8.0,8.2,1.0,1.0,6.56,4.57,100,100
2025-11-17T08:00,6.8,8.3,14.0,10.0,9.95,6.39,100,100
2025-11-17T09:00,3.9,6.6,23.0,24.0,9.95,9.22,100,100
2025-11-17T10:00,1.6,4.3,61.0,39.0,7.66,10.78,100,100
2025-11-17T11:00,2.0,3.4,89.0,59.0,5.83,6.93,100,100
2025-11-17T12:00,3.0,4.3,116.0,105.0,6.5,6.86,100,100
2025-11-17T13:00,3.3,4.5,59.0,88.0,6.54,6.3,100,100
2025-11-17T14:00,3.3,4.4,30.0,43.0,8.24,8.22,100,100
2025-11-17T15:00,3.3,3.7,20.0,26.0,9.39,7.64,100,100
2025-11-17T16:00,2.7,3.4,2.0,3.0,8.41,7.65,100,87
2025-11-17T17:00,2.3,3.0,0.0,0.0,8.07,8.31,89,84
2025-11-17T18:00,1.6,3.2,0.0,0.0,8.53,7.65,79,96
2025-11-17T19:00,0.8,2.6,0.0,0.0,7.51,7.65,20,84
2025-11-17T20:00,0.1,2.4,0.0,0.0,7.42,7.47,0,88
2025-11-17T21:00,-0.2,2.1,0.0,0.0,7.15,6.25,24,85
2025-11-17T22:00,-0.5,1.8,0.0,0.0,6.38,6.02,37,80
2025-11-17T23:00,-0.7,1.3,0.0,0.0,5.04,5.76,42,50
2025-11-18T00:00,0.2,0.2,0.0,0.0,4.5,4.34,65,9
2025-11-18T01:00,-0.3,-0.1,0.0,0.0,4.77,4.08,62,12
2025-11-18T02:00,-0.5,-0.3,0.0,0.0,4.66,4.34,50,6
2025-11-18T03:00,0.4,-0.6,0.0,0.0,4.31,4.19,100,0
2025-11-18T04:00,-0.1,-0.8,0.0,0.0,4.34,3.55,72,0
2025-11-18T05:00,-0.4,-0.9,0.0,0.0,3.69,2.79,62,0
2025-11-18T06:00,-0.9,-0.8,0.0,0.0,3.64,2.86,88,0
2025-11-18T07:00,-1.1,-1.1,6.0,9.0,3.07,2.5,100,0
2025-11-18T08:00,-0.2,-0.7,71.0,97.0,2.78,2.37,100,0
2025-11-18T09:00,0.9,0.8,155.0,214.0,1.45,1.25,100,6
2025-11-18T10:00,1.6,1.9,234.0,307.0,1.5,0.29,100,32
2025-11-18T11:00,2.3,2.7,319.0,356.0,1.69,0.81,78,56
2025-11-18T12:00,2.7,3.4,328.0,360.0,1.67,0.44,61,13
2025-11-18T13:00,2.9,3.7,278.0,311.0,1.19,0.59,56,10
2025-11-18T14:00,2.8,3.7,187.0,220.0,0.79,0.98,91,0
2025-11-18T15:00,2.5,3.2,72.0,100.0,0.98,1.67,87,4
2025-11-18T16:00,1.5,2.0,7.0,9.0,2.09,2.39,59,2
2025-11-18T17:00,0.6,1.2,0.0,0.0,2.33,2.68,73,0
2025-11-18T18:00,0.9,0.6,0.0,0.0,2.91,2.66,87,83
2025-11-18T19:00,0.7,0.3,0.0,0.0,3.92,3.17,78,27
2025-11-18T20:00,0.6,-0.1,0.0,0.0,4.53,3.46,81,2
2025-11-18T21:00,-0.2,-0.3,0.0,0.0,4.08,4.25,67,3
2025-11-18T22:00,-0.2,-0.6,0.0,0.0,4.68,5.17,51,20
2025-11-18T23:00,-0.5,-0.7,0.0,0.0,4.93,5.55,71,1
2025-11-19T00:00,-0.9,-1.0,0.0,0.0,4.9,6.23,0,0
2025-11-19T01:00,-1.1,-1.2,0.0,0.0,5.45,6.3,0,0
2025-11-19T02:00,-1.7,-1.3,0.0,0.0,4.89,6.44,0,0
2025-11-19T03:00,-1.9,-1.4,0.0,0.0,4.25,6.2,0,0
2025-11-19T04:00,-2.2,-1.5,0.0,0.0,3.64,6.2,11,0
2025-11-19T05:00,-2.4,-1.5,0.0,0.0,3.89,6.37,0,0
2025-11-19T06:00,-2.4,-1.5,0.0,0.0,3.95,6.71,7,0
2025-11-19T07:00,-2.4,-1.4,7.0,7.0,5.0,6.74,2,0
2025-11-19T08:00,-1.6,-0.9,91.0,92.0,4.91,6.1,7,0
2025-11-19T09:00,-0.4,0.5,208.0,210.0,3.15,5.66,0,12
2025-11-19T10:00,1.0,2.1,299.0,303.0,2.85,3.78,100,10
2025-11-19T11:00,1.9,3.3,294.0,352.0,3.38,3.7,100,8
2025-11-19T12:00,3.2,3.3,261.0,306.0,4.44,3.99,100,100
2025-11-19T13:00,3.7,3.7,206.0,200.0,4.51,4.43,100,100
2025-11-19T14:00,3.8,3.8,144.0,128.0,4.45,4.89,100,100
2025-11-19T15:00,2.7,3.2,73.0,60.0,4.46,5.51,100,100
2025-11-19T16:00,1.7,2.3,7.0,6.0,5.92,6.03,100,87
2025-11-19T17:00,1.2,1.5,0.0,0.0,6.33,7.0,100,81
2025-11-19T18:00,0.5,1.4,0.0,0.0,5.49,9.27,100,100
2025-11-19T19:00,0.4,1.3,0.0,0.0,5.8,9.03,100,87
2025-11-19T20:00,0.2,1.1,0.0,0.0,5.65,8.04,100,67
2025-11-19T21:00,0.1,1.1,0.0,0.0,5.96,8.87,100,94
2025-11-19T22:00,-0.0,1.2,0.0,0.0,5.53,8.19,100,100
2025-11-19T23:00,0.3,1.2,0.0,0.0,6.58,7.54,100,99
2025-11-20T00:00,0.5,1.0,0.0,0.0,5.95,7.15,100,99
2025-11-20T01:00,0.6,1.2,0.0,0.0,5.76,7.77,100,100
2025-11-20T02:00,0.3,1.4,0.0,0.0,5.89,8.79,100,100
2025-11-20T03:00,0.8,0.8,0.0,0.0,7.41,8.39,100,100
2025-11-20T04:00,0.7,0.6,0.0,0.0,7.69,8.2,100,100
2025-11-20T05:00,0.7,0.5,0.0,0.0,7.86,8.84,100,100
2025-11-20T06:00,0.6,1.0,0.0,0.0,8.19,9.43,100,100
2025-11-20T07:00,0.7,1.4,3.0,2.0,8.34,8.54,100,100
2025-11-20T08:00,1.4,1.8,48.0,25.0,9.9,9.04,100,100
2025-11-20T09:00,1.7,2.1,104.0,59.0,11.39,8.72,91,100
2025-11-20T10:00,1.9,2.5,126.0,121.0,11.61,9.19,100,100
2025-11-20T11:00,2.1,2.9,164.0,140.0,10.82,9.03,81,100
2025-11-20T12:00,2.3,2.4,187.0,148.0,7.35,8.32,89,100
2025-11-20T13:00,2.1,1.7,135.0,120.0,6.2,8.09,79,100
2025-11-20T14:00,2.2,1.5,144.0,103.0,5.95,7.14,91,92
2025-11-20T15:00,1.2,1.3,57.0,55.0,3.8,5.68,76,82
2025-11-20T16:00,0.3,0.6,6.0,6.0,2.46,5.14,68,73
2025-11-20T17:00,-0.2,0.1,0.0,0.0,2.37,4.61,100,66
2025-11-20T18:00,-0.2,-0.2,0.0,0.0,1.4,2.16,100,98
2025-11-20T19:00,-0.3,-0.6,0.0,0.0,0.98,1.69,100,100
2025-11-20T20:00,-0.7,-1.0,0.0,0.0,1.12,1.37,100,100
2025-11-20T21:00,-1.3,-1.3,0.0,0.0,1.67,2.18,74,100
2025-11-20T22:00,-1.7,-1.4,0.0,0.0,1.33,2.65,65,100
2025-11-20T23:00,-2.0,-1.3,0.0,0.0,1.46,2.99,10,100
2025-11-21T00:00,-1.7,-1.2,0.0,0.0,1.96,2.96,91,100
2025-11-21T01:00,-1.8,-1.2,0.0,0.0,2.2,3.61,100,100
2025-11-21T02:00,-1.9,-1.3,0.0,0.0,3.2,4.24,100,100
2025-11-21T03:00,-1.4,-1.4,0.0,0.0,3.69,4.1,100,100
2025-11-21T04:00,-1.5,-1.5,0.0,0.0,3.96,4.47,100,100
2025-11-21T05:00,-1.6,-1.5,0.0,0.0,4.38,3.8,100,100
2025-11-21T06:00,-1.4,-2.3,0.0,0.0,4.05,4.8,100,100
2025-11-21T07:00,-1.7,-2.4,3.0,4.0,4.25,4.22,100,100
2025-11-21T08:00,-1.7,-2.2,48.0,46.0,3.65,3.92,100,100
2025-11-21T09:00,-0.9,-1.6,98.0,107.0,4.25,3.79,100,100
2025-11-21T10:00,-0.4,-1.0,164.0,177.0,4.43,3.29,97,100
2025-11-21T11:00,0.1,-0.7,228.0,194.0,4.69,3.42,97,100
2025-11-21T12:00,0.5,-0.4,237.0,134.0,4.5,4.32,100,100
2025-11-21T13:00,0.5,-0.3,168.0,91.0,4.95,4.17,100,100
2025-11-21T14:00,0.1,-0.3,60.0,49.0,4.9,4.44,100,100
2025-11-21T15:00,0.2,-0.5,30.0,32.0,5.41,5.22,100,100
2025-11-21T16:00,-0.3,-0.9,2.0,3.0,6.07,4.69,100,100
2025-11-21T17:00,-0.6,-1.2,0.0,0.0,5.76,5.3,100,100
2025-11-21T18:00,-0.9,-1.6,0.0,0.0,5.46,3.56,97,100
2025-11-21T19:00,-1.2,-1.8,0.0,0.0,5.79,3.5,100,94
2025-11-21T20:00,-1.5,-2.2,0.0,0.0,5.26,3.81,100,92
2025-11-21T21:00,-2.2,-2.6,0.0,0.0,5.11,3.54,82,78
2025-11-21T22:00,-2.7,-3.1,0.0,0.0,5.1,3.26,83,75
2025-11-21T23:00,-3.0,-3.7,0.0,0.0,4.59,3.09,74,67
2025-11-22T00:00,-3.4,-4.2,0.0,0.0,4.17,4.37,73,73
2025-11-22T01:00,-4.0,-4.5,0.0,0.0,3.7,4.3,29,54
2025-11-22T02:00,-4.3,-4.8,0.0,0.0,4.0,4.37,65,93
2025-11-22T03:00,-4.6,-5.0,0.0,0.0,3.51,4.16,8,87
2025-11-22T04:00,-4.9,-5.2,0.0,0.0,2.85,3.82,0,39
2025-11-22T05:00,-5.4,-5.5,0.0,0.0,1.86,2.91,0,7
2025-11-22T06:00,-5.9,-5.0,0.0,0.0,1.83,2.85,0,41
2025-11-22T07:00,-6.0,-5.2,5.0,5.0,1.84,2.64,0,100
2025-11-22T08:00,-5.2,-4.5,81.0,79.0,1.52,2.51,0,60
2025-11-22T09:00,-3.9,-3.2,198.0,202.0,0.6,1.62,0,2
2025-11-22T10:00,-2.8,-2.2,290.0,299.0,0.9,0.71,43,0
2025-11-22T11:00,-2.0,-1.4,323.0,352.0,1.31,0.79,66,0
2025-11-22T12:00,-1.3,-1.0,337.0,352.0,1.39,0.79,58,0
2025-11-22T13:00,-1.1,-0.8,276.0,305.0,1.33,0.81,59,0
2025-11-22T14:00,-1.2,-0.8,191.0,212.0,1.31,0.69,49,0
2025-11-22T15:00,-1.3,-0.9,92.0,93.0,1.04,0.69,28,0
2025-11-22T16:00,-2.1,-1.6,7.0,7.0,0.79,0.97,0,0
2025-11-22T17:00,-2.7,-2.2,0.0,0.0,0.62,1.25,0,0
2025-11-22T18:00,-3.1,-3.7,0.0,0.0,1.06,0.14,0,0
2025-11-22T19:00,-3.6,-4.4,0.0,0.0,2.33,0.89,0,0
2025-11-22T20:00,-4.0,-5.0,0.0,0.0,2.42,1.57,0,0
2025-11-22T21:00,-4.4,-5.4,0.0,0.0,2.36,1.67,0,0
2025-11-22T22:00,-4.8,-5.8,0.0,0.0,2.64,1.38,0,0
2025-11-22T23:00,-5.0,-6.2,0.0,0.0,2.57,1.37,0,0
2025-11-23T00:00,-5.6,-6.8,0.0,0.0,2.36,2.19,0,0
2025-11-23T01:00,-5.9,-7.2,0.0,0.0,2.83,2.65,0,0
2025-11-23T02:00,-6.0,-7.5,0.0,0.0,3.21,3.06,0,0
2025-11-23T03:00,-7.4,-7.8,0.0,0.0,2.9,3.15,0,0
2025-11-23T04:00,-7.6,-8.0,0.0,0.0,3.33,3.64,0,5
2025-11-23T05:00,-8.0,-8.2,0.0,0.0,3.33,4.12,0,0
2025-11-23T06:00,-8.4,-7.2,0.0,0.0,3.66,4.19,0,0
2025-11-23T07:00,-8.9,-7.4,4.0,4.0,3.5,4.19,87,0
2025-11-23T08:00,-8.6,-6.6,70.0,81.0,3.34,3.83,62,0
2025-11-23T09:00,-6.6,-4.9,183.0,196.0,3.23,3.57,0,43
2025-11-23T10:00,-4.6,-3.3,287.0,284.0,2.84,3.4,0,8
2025-11-23T11:00,-2.6,-1.9,343.0,339.0,2.09,2.29,0,77
2025-11-23T12:00,-0.5,-1.2,345.0,310.0,2.57,2.46,0,100
2025-11-23T13:00,0.6,-0.7,294.0,188.0,3.07,2.84,0,100
2025-11-23T14:00,0.8,-0.5,201.0,115.0,3.86,4.11,61,99
2025-11-23T15:00,0.3,-0.4,76.0,42.0,4.9,5.98,63,86
2025-11-23T16:00,-0.7,-0.3,6.0,3.0,5.77,6.28,79,85
2025-11-23T17:00,-1.1,-0.3,0.0,0.0,5.81,5.55,100,100
2025-11-23T18:00,-1.3,0.2,0.0,0.0,5.13,6.72,100,100
2025-11-23T19:00,-0.9,0.3,0.0,0.0,5.52,7.25,100,86
2025-11-23T20:00,-0.4,-0.0,0.0,0.0,5.7,6.9,100,84
2025-11-23T21:00,-0.1,-0.0,0.0,0.0,6.41,5.83,100,100
2025-11-23T22:00,0.8,0.1,0.0,0.0,6.46,5.24,100,100
2025-11-23T23:00,1.2,0.5,0.0,0.0,7.08,5.12,100,100
2025-11-24T00:00,0.9,1.5,0.0,0.0,7.93,12.88,100,100
2025-11-24T01:00,1.2,3.5,0.0,0.0,9.36,13.43,100,100
2025-11-24T02:00,1.6,3.2,0.0,0.0,10.46,12.45,100,100
2025-11-24T03:00,2.1,3.1,0.0,0.0,7.88,10.72,100,100
2025-11-24T04:00,3.1,2.8,0.0,0.0,10.43,10.24,100,100
2025-11-24T05:00,3.0,2.6,0.0,0.0,9.16,9.92,100,100
2025-11-24T06:00,2.6,2.2,0.0,0.0,7.55,9.88,100,100
2025-11-24T07:00,2.9,2.5,1.0,1.0,6.97,10.26,100,100
2025-11-24T08:00,2.8,2.9,16.0,15.0,6.37,10.2,100,100
2025-11-24T09:00,3.3,3.3,37.0,40.0,6.25,9.77,100,100
2025-11-24T10:00,3.8,3.8,68.0,67.0,5.82,9.84,100,100
2025-11-24T11:00,4.2,4.3,77.0,121.0,4.92,9.49,100,100
2025-11-24T12:00,4.2,3.7,78.0,91.0,4.02,6.51,100,100
2025-11-24T13:00,3.9,3.4,43.0,56.0,1.67,5.8,100,100
2025-11-24T14:00,3.6,3.5,32.0,40.0,2.33,6.88,100,100
2025-11-24T15:00,3.1,3.3,20.0,14.0,4.23,6.58,100,100
2025-11-24T16:00,2.7,3.1,2.0,1.0,4.46,5.66,100,100
2025-11-24T17:00,2.5,3.0,0.0,0.0,4.52,5.6,100,100
2025-11-24T18:00,3.3,0.2,0.0,0.0,6.4,3.63,100,100
2025-11-24T19:00,3.2,0.2,0.0,0.0,6.1,3.65,100,100
2025-11-24T20:00,3.0,0.3,0.0,0.0,5.41,5.35,100,100
2025-11-24T21:00,2.1,0.5,0.0,0.0,3.47,5.24,100,100
2025-11-24T22:00,2.1,0.5,0.0,0.0,4.12,5.01,100,100
2025-11-24T23:00,1.8,0.8,0.0,0.0,3.96,5.41,100,100
2025-11-25T00:00,1.1,0.7,0.0,0.0,4.76,5.39,100,100
2025-11-25T01:00,1.0,1.0,0.0,0.0,3.86,5.9,100,100
2025-11-25T02:00,1.0,1.1,0.0,0.0,3.76,7.06,100,100
2025-11-25T03:00,1.1,1.2,0.0,0.0,3.63,6.56,100,100
2025-11-25T04:00,1.3,1.0,0.0,0.0,3.78,4.47,100,100
2025-11-25T05:00,1.1,1.0,0.0,0.0,3.59,4.44,100,100
2025-11-25T06:00,2.2,1.1,0.0,0.0,4.5,4.71,100,100
2025-11-25T07:00,2.1,1.2,1.0,1.0,4.23,4.7,100,100
2025-11-25T08:00,2.3,1.3,32.0,20.0,4.19,4.31,100,100
2025-11-25T09:00,2.7,1.6,81.0,54.0,3.4,3.5,100,100
2025-11-25T10:00,3.5,2.1,124.0,78.0,4.28,4.0,100,100
2025-11-25T11:00,3.8,2.6,96.0,101.0,5.28,3.77,100,100
2025-11-25T12:00,4.2,2.8,109.0,98.0,4.48,3.73,100,100
2025-11-25T13:00,4.0,3.0,70.0,105.0,4.3,3.46,100,100
2025-11-25T14:00,3.6,2.8,49.0,81.0,4.03,3.38,100,100
2025-11-25T15:00,3.7,2.2,22.0,32.0,3.69,3.17,100,99
2025-11-25T16:00,3.4,1.5,2.0,3.0,4.28,3.16,100,100
2025-11-25T17:00,3.0,1.2,0.0,0.0,3.02,3.41,99,100
2025-11-25T18:00,2.6,1.7,0.0,0.0,4.43,1.39,100,100
2025-11-25T19:00,2.1,1.3,0.0,0.0,4.62,2.04,98,100
2025-11-25T20:00,1.9,1.0,0.0,0.0,4.33,2.32,99,100
2025-11-25T21:00,2.0,0.8,0.0,0.0,3.51,2.63,99,100
2025-11-25T22:00,1.9,0.8,0.0,0.0,3.11,2.39,100,100
2025-11-25T23:00,1.7,0.8,0.0,0.0,3.64,2.67,100,100
2025-11-26T00:00,1.5,1.1,0.0,0.0,4.73,4.37,100,100
2025-11-26T01:00,1.3,1.0,0.0,0.0,4.62,4.64,100,100
2025-11-26T02:00,0.9,1.0,0.0,0.0,4.73,4.85,100,100
2025-11-26T03:00,1.6,1.0,0.0,0.0,4.34,5.48,100,100
2025-11-26T04:00,1.4,0.7,0.0,0.0,4.09,5.48,99,100
2025-11-26T05:00,1.2,0.3,0.0,0.0,4.28,5.76,100,100
2025-11-26T06:00,0.1,0.4,0.0,0.0,4.93,5.68,100,98
2025-11-26T07:00,0.2,0.6,1.0,1.0,4.21,6.06,99,100
2025-11-26T08:00,0.8,0.9,25.0,19.0,3.82,5.6,100,100
2025-11-26T09:00,1.0,0.7,55.0,48.0,4.51,4.51,100,100
2025-11-26T10:00,1.6,1.0,86.0,73.0,4.74,4.99,100,100
2025-11-26T11:00,1.7,0.8,92.0,83.0,4.92,4.93,100,100
2025-11-26T12:00,1.9,2.0,85.0,96.0,5.36,4.27,100,98
2025-11-26T13:00,1.8,2.0,85.0,86.0,5.83,3.6,100,97
2025-11-26T14:00,1.4,1.8,66.0,48.0,4.8,3.97,98,97
2025-11-26T15:00,1.2,1.6,24.0,25.0,5.14,3.98,100,99
2025-11-26T16:00,0.4,1.4,2.0,2.0,4.84,4.21,100,98
2025-11-26T17:00,0.3,1.4,0.0,0.0,5.06,4.28,100,98
2025-11-26T18:00,0.2,0.7,0.0,0.0,5.0,3.73,100,95
2025-11-26T19:00,0.1,0.4,0.0,0.0,3.74,2.5,99,94
2025-11-26T20:00,-0.1,0.3,0.0,0.0,2.71,2.67,100,94
2025-11-26T21:00,-0.6,0.3,0.0,0.0,1.46,3.54,97,100
2025-11-26T22:00,-0.6,0.1,0.0,0.0,1.62,2.23,91,100
2025-11-26T23:00,-0.8,-0.0,0.0,0.0,2.33,1.18,95,98
2025-11-27T00:00,-0.3,0.1,0.0,0.0,1.4,1.48,94,85
2025-11-27T01:00,-0.2,-0.1,0.0,0.0,1.33,0.77,100,82
2025-11-27T02:00,-0.1,-0.2,0.0,0.0,1.43,1.06,100,73
2025-11-27T03:00,-1.0,-0.4,0.0,0.0,1.33,1.32,79,76
2025-11-27T04:00,-0.8,-0.4,0.0,0.0,1.18,1.63,89,84
2025-11-27T05:00,-1.2,-0.5,0.0,0.0,0.84,2.24,89,81
2025-11-27T06:00,-1.5,-0.6,0.0,0.0,3.33,1.95,67,73
2025-11-27T07:00,-2.1,-0.6,2.0,1.0,2.56,1.59,100,76
2025-11-27T08:00,-1.9,-0.3,46.0,44.0,2.95,1.98,100,74
2025-11-27T09:00,0.1,0.5,113.0,121.0,2.39,2.36,100,77
2025-11-27T10:00,0.7,1.2,159.0,180.0,2.3,2.23,100,68
2025-11-27T11:00,0.6,1.8,156.0,250.0,2.42,1.87,100,70
2025-11-27T12:00,0.7,2.2,164.0,283.0,2.42,2.07,91,100
2025-11-27T13:00,0.7,2.5,148.0,222.0,2.22,2.23,100,100
2025-11-27T14:00,0.6,2.3,90.0,114.0,1.85,2.26,99,87
2025-11-27T15:00,1.0,1.7,69.0,56.0,2.07,2.77,0,88
2025-11-27T16:00,-0.2,0.9,4.0,3.0,2.91,2.59,1,81
2025-11-27T17:00,-0.9,0.6,0.0,0.0,3.13,2.82,92,72
2025-11-27T18:00,-1.5,0.2,0.0,0.0,2.41,2.86,100,41
2025-11-27T19:00,-1.5,-0.2,0.0,0.0,2.5,3.04,100,66
2025-11-27T20:00,-1.8,-0.6,0.0,0.0,2.68,2.84,100,100
2025-11-27T21:00,-1.7,-0.8,0.0,0.0,2.79,3.05,100,39
2025-11-27T22:00,-1.3,-1.0,0.0,0.0,2.98,2.95,100,20
2025-11-27T23:00,-1.4,-1.2,0.0,0.0,2.64,3.5,100,10
2025-11-28T00:00,-1.8,-1.2,0.0,0.0,4.12,3.95,0,97
2025-11-28T01:00,-1.9,-1.4,0.0,0.0,4.19,4.39,0,43
2025-11-28T02:00,-2.1,-1.7,0.0,0.0,4.3,4.25,9,11
2025-11-28T03:00,-2.2,-2.1,0.0,0.0,4.5,4.27,36,20
2025-11-28T04:00,-2.3,-2.4,0.0,0.0,3.94,4.32,14,19
2025-11-28T05:00,-2.6,-2.5,0.0,0.0,5.0,4.62,29,29
2025-11-28T06:00,-2.9,-1.7,0.0,0.0,5.04,5.25,28,96
2025-11-28T07:00,-3.2,-1.2,1.0,1.0,4.3,4.93,68,92
2025-11-28T08:00,-2.6,-0.5,59.0,22.0,3.77,4.92,1,96
2025-11-28T09:00,-1.2,0.0,128.0,50.0,3.2,5.19,69,98
2025-11-28T10:00,0.2,0.7,221.0,79.0,2.24,5.13,47,94
2025-11-28T11:00,1.5,1.5,266.0,117.0,2.52,4.99,61,91
2025-11-28T12:00,2.2,2.4,229.0,262.0,2.45,3.72,78,82
2025-11-28T13:00,2.8,2.6,192.0,187.0,3.45,3.35,82,99
2025-11-28T14:00,2.7,2.3,153.0,108.0,4.0,3.97,97,100
2025-11-28T15:00,1.9,1.8,51.0,47.0,3.75,4.08,74,100
2025-11-28T16:00,1.4,1.5,3.0,3.0,3.82,3.89,95,100
2025-11-28T17:00,1.2,1.3,0.0,0.0,3.9,4.24,99,100
2025-11-28T18:00,1.3,0.1,0.0,0.0,4.39,4.47,100,100
2025-11-28T19:00,1.4,-0.1,0.0,0.0,5.28,4.73,100,100
2025-11-28T20:00,1.3,-0.2,0.0,0.0,4.87,5.49,100,100
2025-11-28T21:00,1.7,0.1,0.0,0.0,6.66,5.89,100,100
2025-11-28T22:00,1.7,0.4,0.0,0.0,6.63,6.38,100,100
2025-11-28T23:00,1.6,0.9,0.0,0.0,6.45,7.36,100,100
2025-11-29T00:00,1.5,1.6,0.0,0.0,5.54,6.72,100,100
2025-11-29T01:00,1.4,1.7,0.0,0.0,5.62,6.93,100,100
2025-11-29T02:00,1.4,1.6,0.0,0.0,5.56,7.12,100,100
2025-11-29T03:00,1.4,1.6,0.0,0.0,5.84,7.33,100,100
2025-11-29T04:00,1.6,1.9,0.0,0.0,5.94,7.61,100,100
2025-11-29T05:00,1.6,2.0,0.0,0.0,5.97,7.24,100,100
2025-11-29T06:00,1.8,2.1,0.0,0.0,5.83,7.58,100,100
2025-11-29T07:00,1.8,2.2,0.0,0.0,5.66,7.53,100,100
2025-11-29T08:00,1.9,2.4,13.0,6.0,5.08,6.42,100,100
2025-11-29T09:00,2.5,2.6,39.0,20.0,4.49,5.43,100,100
2025-11-29T10:00,3.2,3.1,58.0,46.0,4.35,4.13,95,100
2025-11-29T11:00,4.0,3.9,91.0,73.0,3.92,2.47,99,91
2025-11-29T12:00,4.8,4.6,72.0,102.0,3.37,4.47,96,91
2025-11-29T13:00,5.4,5.4,88.0,163.0,2.91,3.07,100,85
2025-11-29T14:00,5.7,5.4,73.0,106.0,2.87,3.23,100,79
2025-11-29T15:00,5.8,5.1,61.0,44.0,2.85,3.11,81,88
2025-11-29T16:00,5.0,4.5,3.0,2.0,3.06,3.19,80,86
2025-11-29T17:00,4.3,4.2,0.0,0.0,4.21,3.79,56,84
2025-11-29T18:00,2.6,3.3,0.0,0.0,4.45,4.0,0,57
2025-11-29T19:00,2.3,2.7,0.0,0.0,5.06,4.43,0,37
2025-11-29T20:00,2.0,2.2,0.0,0.0,4.09,4.78,33,46
2025-11-29T21:00,1.2,1.9,0.0,0.0,4.86,4.74,13,34
2025-11-29T22:00,0.8,1.6,0.0,0.0,6.34,4.65,100,26
2025-11-29T23:00,1.1,1.4,0.0,0.0,6.77,4.12,100,14
2025-11-30T00:00,1.9,0.6,0.0,0.0,4.72,4.39,62,41
2025-11-30T01:00,1.4,0.4,0.0,0.0,4.85,3.9,100,35
2025-11-30T02:00,1.1,0.2,0.0,0.0,3.88,3.72,100,63
2025-11-30T03:00,0.3,-0.0,0.0,0.0,2.15,3.88,100,75
2025-11-30T04:00,0.2,-0.1,0.0,0.0,1.49,3.81,100,100
2025-11-30T05:00,-0.1,-0.1,0.0,0.0,1.58,3.83,100,100
2025-11-30T06:00,-0.4,0.1,0.0,0.0,2.29,2.94,100,100
2025-11-30T07:00,-0.4,0.1,1.0,1.0,2.63,3.26,100,100
2025-11-30T08:00,0.1,0.6,41.0,33.0,2.64,3.78,100,100
2025-11-30T09:00,1.4,1.7,117.0,89.0,2.92,4.03,100,100
2025-11-30T10:00,3.0,2.9,188.0,120.0,3.18,4.86,100,100
2025-11-30T11:00,4.0,4.1,205.0,130.0,3.66,5.65,100,100
2025-11-30T12:00,5.8,4.9,195.0,115.0,4.08,5.48,100,100
2025-11-30T13:00,6.4,5.5,145.0,114.0,3.54,5.32,100,100
2025-11-30T14:00,6.3,5.5,71.0,67.0,4.27,5.32,100,100
2025-11-30T15:00,5.9,5.3,33.0,26.0,4.37,5.11,100,100
2025-11-30T16:00,5.2,4.8,1.0,1.0,3.74,5.24,100,99
2025-11-30T17:00,5.0,4.6,0.0,0.0,2.61,5.49,99,100
2025-11-30T18:00,4.5,3.3,0.0,0.0,4.02,3.34,100,100
2025-11-30T19:00,4.5,3.0,0.0,0.0,5.0,3.64,100,100
2025-11-30T20:00,4.6,3.2,0.0,0.0,5.86,4.02,100,100
2025-11-30T21:00,4.2,3.3,0.0,0.0,5.22,4.31,100,100
2025-11-30T22:00,3.9,3.3,0.0,0.0,4.83,4.22,100,99
2025-11-30T23:00,3.6,3.1,0.0,0.0,4.38,4.75,100,99
2025-12-01T00:00,4.0,3.2,0.0,0.0,3.97,5.06,98,100
2025-12-01T01:00,3.9,2.9,0.0,0.0,3.79,4.71,100,100
2025-12-01T02:00,3.9,2.8,0.0,0.0,3.77,4.61,100,100
2025-12-01T03:00,3.3,2.8,0.0,0.0,4.63,3.95,97,98
2025-12-01T04:00,3.0,2.8,0.0,0.0,4.44,3.29,97,95
2025-12-01T05:00,2.3,2.7,0.0,0.0,3.76,2.16,82,96
2025-12-01T06:00,1.9,1.6,0.0,0.0,3.1,1.8,93,97
2025-12-01T07:00,1.2,1.3,1.0,0.0,1.74,0.66,63,93
2025-12-01T08:00,1.3,1.4,51.0,29.0,0.84,0.71,8,93
2025-12-01T09:00,2.0,2.9,151.0,103.0,0.93,2.43,29,68
2025-12-01T10:00,3.6,4.6,242.0,204.0,1.71,2.5,47,68
2025-12-01T11:00,4.6,5.5,266.0,234.0,1.47,1.77,69,66
2025-12-01T12:00,5.2,5.7,186.0,205.0,2.98,2.71,100,81
2025-12-01T13:00,5.5,5.7,173.0,167.0,2.45,3.34,78,66
2025-12-01T14:00,5.3,5.6,82.0,121.0,2.81,3.63,100,71
2025-12-01T15:00,4.0,4.9,29.0,44.0,3.2,4.68,100,89
2025-12-01T16:00,3.6,4.4,1.0,2.0,4.08,4.93,100,95
2025-12-01T17:00,3.4,4.1,0.0,0.0,5.32,5.7,94,92
2025-12-01T18:00,3.2,3.5,0.0,0.0,5.36,6.29,100,91
2025-12-01T19:00,3.1,3.0,0.0,0.0,5.83,5.83,90,73
2025-12-01T20:00,2.7,2.7,0.0,0.0,4.25,5.84,91,84
2025-12-01T21:00,2.5,2.5,0.0,0.0,5.2,5.18,92,100
2025-12-01T22:00,2.0,2.5,0.0,0.0,5.14,5.11,87,100
2025-12-01T23:00,1.8,2.3,0.0,0.0,2.98,4.61,100,100
2025-12-02T00:00,2.0,2.0,0.0,0.0,4.46,4.37,97,100
2025-12-02T01:00,1.7,1.7,0.0,0.0,4.24,3.86,100,100
2025-12-02T02:00,1.7,1.3,0.0,0.0,3.88,2.66,100,100
2025-12-02T03:00,1.9,1.2,0.0,0.0,2.64,2.16,100,100
2025-12-02T04:00,1.6,1.3,0.0,0.0,2.58,2.08,100,100
2025-12-02T05:00,1.5,1.3,0.0,0.0,2.85,2.33,100,100
2025-12-02T06:00,1.3,0.4,0.0,0.0,2.75,2.06,100,100
2025-12-02T07:00,1.0,0.6,0.0,0.0,2.61,2.26,100,100
2025-12-02T08:00,1.3,1.0,23.0,22.0,2.08,2.57,100,100
2025-12-02T09:00,1.7,1.2,71.0,79.0,1.77,2.08,100,100
2025-12-02T10:00,1.7,1.6,110.0,135.0,1.5,1.8,100,100
2025-12-02T11:00,2.3,2.1,153.0,157.0,1.04,1.2,100,100
2025-12-02T12:00,2.4,3.3,157.0,194.0,1.18,1.69,100,82
2025-12-02T13:00,2.7,3.6,132.0,179.0,1.02,1.89,100,73
2025-12-02T14:00,2.6,3.3,75.0,128.0,1.4,2.31,100,66
2025-12-02T15:00,2.5,2.2,33.0,53.0,1.87,3.02,100,84
2025-12-02T16:00,2.0,1.0,2.0,2.0,2.45,3.45,100,100
2025-12-02T17:00,1.3,0.5,0.0,0.0,2.42,3.45,100,100
2025-12-02T18:00,1.3,0.6,0.0,0.0,2.71,3.06,100,100
2025-12-02T19:00,1.0,0.6,0.0,0.0,2.73,3.06,100,100
2025-12-02T20:00,0.8,0.3,0.0,0.0,3.35,2.86,100,100
2025-12-02T21:00,0.7,-0.0,0.0,0.0,2.57,2.76,100,100
2025-12-02T22:00,0.3,-0.3,0.0,0.0,2.42,2.48,100,100
2025-12-02T23:00,-0.2,-0.5,0.0,0.0,2.71,2.7,100,100
2025-12-03T00:00,0.1,-0.2,0.0,0.0,2.61,3.08,100,100
2025-12-03T01:00,-0.5,-0.1,0.0,0.0,2.5,3.19,100,100
2025-12-03T02:00,-1.0,-0.1,0.0,0.0,2.39,3.38,100,100
2025-12-03T03:00,-0.1,-0.4,0.0,0.0,1.88,2.55,100,100
2025-12-03T04:00,-0.2,-0.5,0.0,0.0,2.81,3.02,100,100
2025-12-03T05:00,-0.0,-0.6,0.0,0.0,2.64,3.45,100,100
2025-12-03T06:00,0.3,-0.4,0.0,0.0,3.61,3.42,100,100
2025-12-03T07:00,0.6,-0.6,0.0,0.0,4.17,2.37,100,100
2025-12-03T08:00,0.4,-0.6,13.0,15.0,3.79,2.6,100,100
2025-12-03T09:00,0.3,-0.5,48.0,40.0,2.29,2.39,100,100
2025-12-03T10:00,0.6,-0.3,57.0,84.0,2.65,1.96,100,100
2025-12-03T11:00,1.0,-0.0,77.0,92.0,2.35,1.67,100,100
2025-12-03T12:00,0.7,1.5,91.0,100.0,2.26,2.85,100,100
2025-12-03T13:00,1.0,1.9,81.0,89.0,2.65,2.65,100,100
2025-12-03T14:00,1.1,2.4,53.0,63.0,2.48,2.84,100,100
2025-12-03T15:00,0.6,2.2,22.0,24.0,2.02,3.08,100,100
2025-12-03T16:00,0.5,1.8,1.0,1.0,2.2,2.73,100,100
2025-12-03T17:00,0.4,1.3,0.0,0.0,2.79,2.37,100,100
2025-12-03T18:00,0.4,0.5,0.0,0.0,2.61,1.86,100,100
2025-12-03T19:00,0.4,0.3,0.0,0.0,2.29,1.81,100,100
2025-12-03T20:00,0.4,0.2,0.0,0.0,1.61,1.74,100,100
2025-12-03T21:00,0.8,0.2,0.0,0.0,2.36,1.5,100,100
2025-12-03T22:00,0.7,0.1,0.0,0.0,2.07,1.1,100,100
2025-12-03T23:00,0.5,0.1,0.0,0.0,1.59,1.24,100,100
2025-12-04T00:00,0.0,0.1,0.0,0.0,1.12,1.58,100,100
2025-12-04T01:00,0.1,-0.2,0.0,0.0,1.46,1.28,100,100
2025-12-04T02:00,0.1,-0.5,0.0,0.0,2.06,1.59,100,100
2025-12-04T03:00,-0.5,-0.8,0.0,0.0,2.19,1.53,100,100
2025-12-04T04:00,-0.5,-0.9,0.0,0.0,2.06,1.4,100,100
2025-12-04T05:00,-0.8,-0.9,0.0,0.0,2.0,1.81,100,100
2025-12-04T06:00,-0.6,0.1,0.0,0.0,2.16,1.52,100,100
2025-12-04T07:00,-0.6,0.2,0.0,0.0,2.02,1.58,100,100
2025-12-04T08:00,-0.4,0.4,15.0,17.0,1.95,2.41,100,100
2025-12-04T09:00,-0.7,0.5,38.0,45.0,1.85,2.51,100,100
2025-12-04T10:00,-0.3,0.7,60.0,81.0,1.94,1.39,100,100
2025-12-04T11:00,0.0,0.7,74.0,84.0,1.39,2.1,100,100
2025-12-04T12:00,-0.0,-0.3,101.0,74.0,1.39,1.33,100,100
2025-12-04T13:00,0.1,-0.0,84.0,51.0,1.53,1.46,100,100
2025-12-04T14:00,-0.1,0.1,52.0,40.0,1.39,1.18,100,100
2025-12-04T15:00,0.1,-0.0,24.0,17.0,1.73,1.59,100,100
2025-12-04T16:00,0.0,-0.1,1.0,1.0,0.88,1.59,100,100
2025-12-04T17:00,-0.1,-0.1,0.0,0.0,1.47,1.29,100,100
2025-12-04T18:00,0.1,-0.7,0.0,0.0,1.88,0.75,100,100
2025-12-04T19:00,-0.1,-0.6,0.0,0.0,1.75,1.23,100,100
2025-12-04T20:00,0.0,-0.4,0.0,0.0,1.5,1.47,100,100
2025-12-04T21:00,-0.3,-0.3,0.0,0.0,1.18,1.87,100,100
2025-12-04T22:00,-0.1,-0.5,0.0,0.0,1.23,2.47,100,100
2025-12-04T23:00,0.0,-0.5,0.0,0.0,1.66,2.88,100,100
2025-12-05T00:00,-0.2,-0.4,0.0,0.0,1.81,1.18,100,100
2025-12-05T01:00,-0.1,-0.2,0.0,0.0,1.33,1.55,100,100
2025-12-05T02:00,-0.1,-0.0,0.0,0.0,1.53,2.26,100,100
2025-12-05T03:00,0.0,0.1,0.0,0.0,2.91,2.82,100,100
2025-12-05T04:00,0.4,0.4,0.0,0.0,3.88,3.08,100,100
2025-12-05T05:00,0.6,0.6,0.0,0.0,4.23,2.84,100,100
2025-12-05T06:00,0.9,0.5,0.0,0.0,4.48,3.77,100,100
2025-12-05T07:00,1.0,0.7,0.0,0.0,4.54,4.22,100,100
2025-12-05T08:00,1.4,0.9,23.0,20.0,4.67,3.76,100,97
2025-12-05T09:00,2.2,1.5,49.0,73.0,5.36,3.14,97,96
2025-12-05T10:00,2.9,2.1,94.0,95.0,4.28,2.7,96,96
2025-12-05T11:00,3.4,2.8,90.0,108.0,3.72,3.1,100,97
2025-12-05T12:00,3.4,3.2,132.0,130.0,2.48,3.54,97,90
2025-12-05T13:00,3.8,3.6,120.0,130.0,2.04,3.1,98,84
2025-12-05T14:00,4.0,3.7,90.0,111.0,2.89,2.73,98,89
2025-12-05T15:00,4.1,3.3,24.0,44.0,3.55,2.85,100,88
2025-12-05T16:00,3.8,2.9,1.0,1.0,3.14,2.48,100,88
2025-12-05T17:00,3.6,2.5,0.0,0.0,3.67,1.84,100,86
2025-12-05T18:00,3.3,2.5,0.0,0.0,1.47,2.7,94,94
2025-12-05T19:00,3.2,2.5,0.0,0.0,2.81,2.16,95,78
2025-12-05T20:00,2.4,2.1,0.0,0.0,3.07,1.52,61,50
2025-12-05T21:00,1.6,1.4,0.0,0.0,3.21,0.98,72,38
2025-12-05T22:00,1.1,0.8,0.0,0.0,3.38,3.33,77,52
2025-12-05T23:00,1.5,0.9,0.0,0.0,3.57,5.82,90,54
2025-12-06T00:00,0.6,0.6,0.0,0.0,4.76,4.88,51,77
2025-12-06T01:00,0.4,0.9,0.0,0.0,4.25,5.89,42,64
2025-12-06T02:00,0.3,1.0,0.0,0.0,5.57,5.76,1,31
2025-12-06T03:00,-0.5,0.8,0.0,0.0,4.33,5.29,54,38
2025-12-06T04:00,-0.9,0.5,0.0,0.0,3.61,4.58,77,85
2025-12-06T05:00,-0.7,0.5,0.0,0.0,4.21,4.71,100,99
2025-12-06T06:00,-0.5,0.1,0.0,0.0,4.55,4.82,100,100
2025-12-06T07:00,-0.3,0.1,0.0,0.0,4.96,4.85,100,100
2025-12-06T08:00,0.4,0.1,27.0,20.0,5.4,4.71,99,100
2025-12-06T09:00,1.6,0.6,66.0,81.0,6.06,4.04,96,94
2025-12-06T10:00,2.7,1.6,62.0,91.0,6.7,5.85,100,100
2025-12-06T11:00,3.7,1.9,76.0,73.0,6.17,4.99,100,100
2025-12-06T12:00,4.9,3.5,139.0,128.0,4.9,5.48,73,91
2025-12-06T13:00,5.2,3.8,72.0,95.0,4.86,5.53,100,85
2025-12-06T14:00,5.9,4.1,63.0,35.0,5.76,5.89,98,96
2025-12-06T15:00,5.3,4.6,16.0,19.0,6.39,7.97,100,88
2025-12-06T16:00,5.3,5.1,0.0,1.0,7.3,9.49,100,84
2025-12-06T17:00,5.3,5.1,0.0,0.0,7.76,10.54,99,84
2025-12-06T18:00,5.3,4.6,0.0,0.0,7.9,10.21,86,67
2025-12-06T19:00,5.5,4.7,0.0,0.0,9.03,11.02,99,89
2025-12-06T20:00,5.8,5.4,0.0,0.0,9.21,10.89,100,94
2025-12-06T21:00,6.0,5.8,0.0,0.0,8.73,10.12,88,98
2025-12-06T22:00,5.6,5.5,0.0,0.0,8.52,10.4,52,50
2025-12-06T23:00,5.8,5.6,0.0,0.0,8.17,10.52,92,66
2025-12-07T00:00,5.7,5.2,0.0,0.0,8.47,9.39,100,68
2025-12-07T01:00,5.5,5.2,0.0,0.0,8.47,9.51,84,100
2025-12-07T02:00,5.4,5.4,0.0,0.0,7.19,9.2,100,100
2025-12-07T03:00,5.5,5.4,0.0,0.0,6.59,9.7,100,100
2025-12-07T04:00,5.4,5.6,0.0,0.0,8.34,9.16,100,100
2025-12-07T05:00,5.6,5.7,0.0,0.0,7.69,9.46,100,100
2025-12-07T06:00,6.1,5.7,0.0,0.0,7.87,9.82,100,100
2025-12-07T07:00,6.5,5.9,0.0,0.0,8.42,9.58,100,100
2025-12-07T08:00,6.6,6.2,13.0,23.0,7.47,9.24,100,80
2025-12-07T09:00,6.5,6.8,44.0,104.0,7.34,8.83,100,97
2025-12-07T10:00,7.0,7.8,65.0,171.0,6.87,7.99,100,100
2025-12-07T11:00,7.8,8.3,95.0,114.0,6.79,7.06,100,100
2025-12-07T12:00,8.4,8.7,97.0,111.0,6.61,8.34,99,100
2025-12-07T13:00,8.3,8.5,80.0,74.0,6.31,7.49,100,100
2025-12-07T14:00,8.2,8.4,41.0,60.0,6.61,7.21,100,99
2025-12-07T15:00,7.4,8.0,16.0,25.0,5.28,7.42,100,100
2025-12-07T16:00,7.1,7.7,1.0,1.0,5.83,7.12,100,100
2025-12-07T17:00,6.9,7.5,0.0,0.0,7.08,6.84,100,100
2025-12-07T18:00,7.0,7.5,0.0,0.0,7.31,8.55,100,100
2025-12-07T19:00,6.9,7.3,0.0,0.0,7.06,7.15,100,100
2025-12-07T20:00,6.9,6.8,0.0,0.0,7.01,6.31,100,100
2025-12-07T21:00,6.8,7.2,0.0,0.0,7.04,7.37,100,100
2025-12-07T22:00,6.9,7.3,0.0,0.0,7.66,8.13,100,100
2025-12-07T23:00,7.3,7.4,0.0,0.0,7.45,8.53,100,100
2025-12-08T00:00,9.0,9.8,0.0,0.0,9.77,12.14,100,100
2025-12-08T01:00,9.6,10.0,0.0,0.0,10.37,12.18,100,100
2025-12-08T02:00,9.7,10.1,0.0,0.0,10.22,12.33,100,100
2025-12-08T03:00,10.3,10.3,0.0,0.0,12.15,13.19,100,100
2025-12-08T04:00,10.3,10.2,0.0,0.0,12.1,12.09,100,100
2025-12-08T05:00,10.3,10.3,0.0,0.0,10.45,11.44,97,100
2025-12-08T06:00,10.2,10.6,0.0,0.0,8.43,11.03,100,99
2025-12-08T07:00,10.3,10.4,0.0,0.0,8.3,10.88,96,100
2025-12-08T08:00,10.1,10.2,26.0,28.0,7.05,9.99,96,80
2025-12-08T09:00,10.2,10.8,82.0,97.0,6.37,9.38,96,97
2025-12-08T10:00,10.9,11.6,132.0,159.0,5.63,8.11,100,100
2025-12-08T11:00,11.4,12.5,137.0,218.0,6.02,7.53,100,47
2025-12-08T12:00,12.0,12.6,121.0,232.0,4.7,6.96,100,98
2025-12-08T13:00,12.3,12.8,133.0,163.0,4.02,6.7,100,100
2025-12-08T14:00,12.1,12.7,86.0,132.0,4.76,6.58,100,99
2025-12-08T15:00,11.2,11.8,30.0,53.0,5.8,6.46,100,100
2025-12-08T16:00,10.4,10.7,2.0,2.0,5.57,7.45,94,100
2025-12-08T17:00,9.7,10.0,0.0,0.0,5.71,8.05,82,100
2025-12-08T18:00,9.3,9.0,0.0,0.0,5.57,7.47,85,76
2025-12-08T19:00,8.9,8.9,0.0,0.0,4.34,7.63,93,100
2025-12-08T20:00,8.6,9.3,0.0,0.0,3.63,8.86,97,100
2025-12-08T21:00,7.8,9.5,0.0,0.0,3.83,9.29,100,100
2025-12-08T22:00,7.6,9.7,0.0,0.0,3.76,9.86,100,100
2025-12-08T23:00,7.6,9.8,0.0,0.0,4.95,9.03,100,99
2025-12-09T00:00,7.5,9.1,0.0,0.0,3.69,7.88,100,100
2025-12-09T01:00,7.0,8.5,0.0,0.0,2.98,7.58,91,51
2025-12-09T02:00,6.7,8.0,0.0,0.0,4.04,6.64,53,33
2025-12-09T03:00,6.6,7.6,0.0,0.0,3.6,6.32,23,73
2025-12-09T04:00,6.3,7.3,0.0,0.0,3.54,6.54,100,92
2025-12-09T05:00,5.9,7.1,0.0,0.0,2.97,6.55,14,100
2025-12-09T06:00,5.6,5.3,0.0,0.0,3.38,2.29,100,84
2025-12-09T07:00,5.1,4.9,0.0,0.0,2.29,4.63,100,100
2025-12-09T08:00,4.9,5.3,30.0,31.0,3.32,5.07,89,100
2025-12-09T09:00,6.1,6.2,116.0,101.0,3.15,5.43,65,100
2025-12-09T10:00,8.4,7.8,208.0,163.0,3.01,5.62,26,99
2025-12-09T11:00,9.5,9.1,254.0,225.0,1.73,3.61,100,100
2025-12-09T12:00,10.5,10.3,271.0,225.0,1.81,3.56,12,100
2025-12-09T13:00,10.9,10.7,235.0,195.0,1.62,2.9,0,44
2025-12-09T14:00,10.7,10.6,158.0,141.0,2.1,2.83,100,100
2025-12-09T15:00,9.8,10.0,47.0,44.0,1.66,2.8,33,100
2025-12-09T16:00,8.6,8.9,2.0,2.0,1.41,3.7,70,29
2025-12-09T17:00,7.7,8.2,0.0,0.0,2.11,3.72,25,73
2025-12-09T18:00,7.0,8.6,0.0,0.0,2.15,2.77,2,86
2025-12-09T19:00,4.9,8.1,0.0,0.0,2.64,2.94,100,44
2025-12-09T20:00,5.2,7.3,0.0,0.0,3.51,3.0,100,59
2025-12-09T21:00,5.1,6.3,0.0,0.0,2.72,3.53,100,84
2025-12-09T22:00,4.5,5.8,0.0,0.0,3.16,4.1,100,85
2025-12-09T23:00,4.0,5.5,0.0,0.0,4.49,5.06,100,87
2025-12-10T00:00,2.9,4.6,0.0,0.0,3.86,6.1,100,20
2025-12-10T01:00,2.6,4.5,0.0,0.0,4.27,6.94,100,36
2025-12-10T02:00,2.5,4.7,0.0,0.0,4.5,7.78,100,29
2025-12-10T03:00,2.9,4.7,0.0,0.0,5.54,7.94,52,63
2025-12-10T04:00,3.0,4.6,0.0,0.0,5.84,7.54,0,0
2025-12-10T05:00,3.0,4.5,0.0,0.0,5.86,6.93,0,0
2025-12-10T06:00,2.8,4.0,0.0,0.0,5.5,6.81,0,0
2025-12-10T07:00,2.8,3.8,0.0,0.0,5.47,6.62,0,0
2025-12-10T08:00,3.1,4.1,33.0,34.0,5.11,5.99,0,0
2025-12-10T09:00,4.2,5.3,126.0,128.0,4.8,5.28,0,0
2025-12-10T10:00,6.3,7.3,212.0,215.0,4.38,4.8,0,0
2025-12-10T11:00,8.0,9.1,265.0,267.0,4.08,4.5,0,0
2025-12-10T12:00,10.3,10.7,275.0,275.0,3.42,4.13,0,0
2025-12-10T13:00,10.7,11.2,236.0,236.0,3.76,3.93,0,0
2025-12-10T14:00,10.5,10.8,158.0,158.0,4.0,3.85,0,0
2025-12-10T15:00,9.8,9.5,60.0,59.0,3.98,4.04,0,0
2025-12-10T16:00,8.4,8.2,2.0,1.0,3.94,4.23,0,30
2025-12-10T17:00,7.3,7.5,0.0,0.0,4.59,4.13,0,51
2025-12-10T18:00,6.3,7.8,0.0,0.0,3.38,2.86,69,98
2025-12-10T19:00,5.6,7.3,0.0,0.0,2.92,1.58,100,86
2025-12-10T20:00,5.4,6.3,0.0,0.0,2.95,1.62,100,100
2025-12-10T21:00,5.4,6.0,0.0,0.0,4.04,2.48,99,98
2025-12-10T22:00,5.0,6.2,0.0,0.0,3.94,2.01,100,100
2025-12-10T23:00,4.6,6.5,0.0,0.0,4.21,1.39,95,100
2025-12-11T00:00,7.2,6.2,0.0,0.0,2.84,3.56,100,100
2025-12-11T01:00,6.9,6.2,0.0,0.0,2.36,3.56,100,100
2025-12-11T02:00,6.8,6.2,0.0,0.0,2.31,4.02,100,100
2025-12-11T03:00,6.0,6.1,0.0,0.0,3.91,2.52,100,100
2025-12-11T04:00,6.0,6.0,0.0,0.0,2.72,2.81,100,100
2025-12-11T05:00,6.0,5.9,0.0,0.0,2.23,2.42,100,100
2025-12-11T06:00,5.7,5.3,0.0,0.0,2.06,2.06,99,100
2025-12-11T07:00,5.7,5.2,0.0,0.0,2.51,0.79,100,100
2025-12-11T08:00,6.0,5.1,11.0,14.0,0.79,0.14,100,99
2025-12-11T09:00,6.6,5.6,39.0,47.0,1.57,0.63,100,97
2025-12-11T10:00,7.7,6.4,106.0,55.0,1.19,1.29,100,100
2025-12-11T11:00,8.9,7.1,119.0,78.0,2.02,2.09,100,100
2025-12-11T12:00,9.0,8.6,133.0,125.0,3.07,2.77,100,100
2025-12-11T13:00,9.0,8.9,85.0,99.0,3.06,2.64,100,100
2025-12-11T14:00,8.8,8.8,69.0,77.0,2.99,2.63,85,100
2025-12-11T15:00,8.0,8.1,33.0,37.0,3.51,3.28,100,83
2025-12-11T16:00,7.1,7.2,1.0,1.0,4.19,3.92,100,86
2025-12-11T17:00,6.7,6.6,0.0,0.0,3.97,4.95,100,100
2025-12-11T18:00,6.3,6.1,0.0,0.0,4.85,5.41,100,100
2025-12-11T19:00,5.9,5.6,0.0,0.0,3.83,4.9,100,100
2025-12-11T20:00,5.7,5.0,0.0,0.0,3.76,3.92,100,88
2025-12-11T21:00,5.9,4.9,0.0,0.0,3.5,3.72,100,99
2025-12-11T22:00,5.8,4.9,0.0,0.0,3.29,3.14,100,100
2025-12-11T23:00,5.7,5.1,0.0,0.0,3.88,3.0,100,100
2025-12-12T00:00,5.0,5.9,0.0,0.0,3.26,4.33,100,100
2025-12-12T01:00,4.7,5.7,0.0,0.0,2.85,4.63,100,100
2025-12-12T02:00,4.4,5.4,0.0,0.0,2.69,4.09,100,100
2025-12-12T03:00,4.6,5.0,0.0,0.0,3.26,3.42,100,100
2025-12-12T04:00,4.1,4.8,0.0,0.0,2.77,3.6,100,100
2025-12-12T05:00,3.7,4.5,0.0,0.0,2.5,3.67,100,100
2025-12-12T06:00,4.7,3.6,0.0,0.0,2.96,3.47,100,100
2025-12-12T07:00,4.7,3.1,0.0,0.0,3.13,3.26,100,100
2025-12-12T08:00,4.8,2.9,12.0,9.0,2.99,3.14,100,100
2025-12-12T09:00,5.6,3.4,46.0,37.0,2.63,2.92,100,100
2025-12-12T10:00,6.1,3.6,76.0,83.0,2.55,2.45,100,100
2025-12-12T11:00,6.8,4.0,120.0,110.0,2.08,1.8,100,100
2025-12-12T12:00,6.4,4.0,103.0,104.0,1.55,1.01,95,100
2025-12-12T13:00,6.9,4.6,127.0,123.0,1.36,1.02,100,98
2025-12-12T14:00,6.9,4.6,84.0,95.0,1.25,1.47,100,81
2025-12-12T15:00,6.5,4.1,44.0,37.0,1.1,1.67,82,85
2025-12-12T16:00,5.7,3.3,1.0,1.0,1.52,1.67,100,89
2025-12-12T17:00,5.1,2.6,0.0,0.0,1.64,1.68,99,100
2025-12-12T18:00,5.0,2.9,0.0,0.0,1.77,2.61,98,45
2025-12-12T19:00,4.6,2.1,0.0,0.0,1.92,2.79,100,58
2025-12-12T20:00,3.7,1.8,0.0,0.0,1.71,2.85,100,67
2025-12-12T21:00,3.5,1.6,0.0,0.0,1.58,2.55,100,56
2025-12-12T22:00,3.4,1.1,0.0,0.0,0.96,2.09,100,68
2025-12-12T23:00,3.2,0.9,0.0,0.0,0.79,2.0,100,73
2025-12-13T00:00,3.0,1.3,0.0,0.0,0.6,1.25,100,100
2025-12-13T01:00,2.8,0.9,0.0,0.0,0.6,0.77,100,100
2025-12-13T02:00,2.4,0.6,0.0,0.0,0.66,0.75,100,100
2025-12-13T03:00,1.8,0.3,0.0,0.0,0.6,0.5,100,100
2025-12-13T04:00,1.7,0.0,0.0,0.0,0.88,0.53,100,100
2025-12-13T05:00,1.4,-0.2,0.0,0.0,1.21,0.9,100,100
2025-12-13T06:00,1.5,-0.4,0.0,0.0,1.46,1.04,100,100
2025-12-13T07:00,1.4,-0.4,0.0,0.0,1.33,1.39,100,100
2025-12-13T08:00,1.5,-0.4,8.0,10.0,1.46,1.66,100,100
2025-12-13T09:00,2.6,-0.2,27.0,34.0,1.67,1.61,100,100
2025-12-13T10:00,2.6,0.4,47.0,61.0,1.9,1.58,100,100
2025-12-13T11:00,2.7,1.2,58.0,74.0,1.9,1.88,100,100
2025-12-13T12:00,3.2,2.3,86.0,99.0,1.32,1.96,100,100
2025-12-13T13:00,3.4,2.8,65.0,80.0,0.89,1.64,100,100
2025-12-13T14:00,3.2,3.3,53.0,57.0,1.1,2.06,100,100
2025-12-13T15:00,3.2,3.4,20.0,18.0,1.39,2.73,100,100
2025-12-13T16:00,3.1,3.6,1.0,1.0,1.02,2.94,100,100
2025-12-13T17:00,3.1,3.7,0.0,0.0,0.98,3.66,100,100
2025-12-13T18:00,3.0,2.5,0.0,0.0,1.49,1.88,100,100
2025-12-13T19:00,3.0,2.7,0.0,0.0,1.88,2.02,100,100
2025-12-13T20:00,3.0,2.6,0.0,0.0,1.87,2.59,100,100
2025-12-13T21:00,3.5,2.5,0.0,0.0,0.6,1.28,100,100
2025-12-13T22:00,3.6,2.6,0.0,0.0,1.21,1.33,100,100
2025-12-13T23:00,3.8,2.6,0.0,0.0,1.48,1.31,100,100
2025-12-14T00:00,3.5,4.0,0.0,0.0,2.23,3.04,100,100
2025-12-14T01:00,3.5,4.0,0.0,0.0,1.77,2.77,100,100
2025-12-14T02:00,3.5,4.1,0.0,0.0,0.89,2.24,100,100
2025-12-14T03:00,3.2,4.1,0.0,0.0,0.83,1.47,100,100
2025-12-14T04:00,3.2,4.1,0.0,0.0,0.28,1.36,100,100
2025-12-14T05:00,3.3,4.1,0.0,0.0,0.79,0.98,100,100
2025-12-14T06:00,3.5,3.1,0.0,0.0,1.74,0.81,100,100
2025-12-14T07:00,3.5,3.0,0.0,0.0,1.2,1.2,100,100
2025-12-14T08:00,3.7,3.0,8.0,6.0,0.93,1.04,100,100
2025-12-14T09:00,3.9,3.0,38.0,24.0,1.73,1.12,100,100
2025-12-14T10:00,4.0,3.1,60.0,47.0,1.71,1.47,100,100
2025-12-14T11:00,4.2,3.0,87.0,46.0,2.24,1.25,100,100
2025-12-14T12:00,4.0,4.2,99.0,67.0,1.88,2.08,100,100
2025-12-14T13:00,4.2,4.3,99.0,53.0,1.9,1.85,96,100
2025-12-14T14:00,3.8,4.4,69.0,32.0,1.94,2.02,100,100
2025-12-14T15:00,3.3,4.1,25.0,17.0,2.51,2.54,100,100
2025-12-14T16:00,3.2,3.7,1.0,0.0,2.91,2.86,100,100
2025-12-14T17:00,2.8,3.3,0.0,0.0,3.53,3.07,98,100
2025-12-14T18:00,3.2,1.9,0.0,0.0,3.43,3.2,90,100
2025-12-14T19:00,2.7,1.5,0.0,0.0,3.61,3.2,94,100
2025-12-14T20:00,2.1,1.5,0.0,0.0,3.12,3.15,97,91
2025-12-14T21:00,1.9,1.2,0.0,0.0,2.5,3.08,95,96
2025-12-14T22:00,1.6,0.5,0.0,0.0,2.5,2.81,100,100
2025-12-14T23:00,0.9,0.1,0.0,0.0,2.64,2.39,100,100
2025-12-15T00:00,0.5,0.7,0.0,0.0,2.33,2.64,100,100
2025-12-15T01:00,0.2,0.2,0.0,0.0,2.26,2.41,100,100
2025-12-15T02:00,-0.3,0.1,0.0,0.0,2.11,2.36,100,100
2025-12-15T03:00,0.1,0.3,0.0,0.0,1.9,2.14,100,100
2025-12-15T04:00,-0.2,0.4,0.0,0.0,1.74,2.23,100,95
2025-12-15T05:00,-1.0,-0.0,0.0,0.0,2.32,1.86,100,100
2025-12-15T06:00,-1.1,-1.1,0.0,0.0,2.2,1.8,100,100
2025-12-15T07:00,-0.9,-1.4,0.0,0.0,1.96,1.66,100,100
2025-12-15T08:00,-1.0,-1.6,13.0,11.0,1.29,1.73,100,100
2025-12-15T09:00,-1.2,-1.5,49.0,43.0,1.18,1.59,100,100
2025-12-15T10:00,-0.9,-1.4,91.0,77.0,1.06,1.77,100,100
2025-12-15T11:00,-0.7,-1.3,110.0,98.0,1.62,1.14,100,100
2025-12-15T12:00,-0.4,-1.0,122.0,99.0,1.47,1.45,100,100
2025-12-15T13:00,0.1,-0.8,110.0,97.0,1.98,2.06,100,100
2025-12-15T14:00,0.1,-0.7,79.0,64.0,2.38,2.55,100,100
2025-12-15T15:00,-0.3,-0.5,24.0,22.0,2.56,2.86,100,100
2025-12-15T16:00,-1.3,-0.4,1.0,1.0,2.67,2.66,100,99
2025-12-15T17:00,-1.5,-0.6,0.0,0.0,3.16,3.05,100,100
2025-12-15T18:00,-1.2,-0.8,0.0,0.0,3.19,2.86,100,100
2025-12-15T19:00,-1.3,-1.0,0.0,0.0,2.81,3.0,100,100
2025-12-15T20:00,-1.5,-1.2,0.0,0.0,2.56,3.46,100,100
2025-12-15T21:00,-1.5,-1.0,0.0,0.0,3.28,3.79,100,100
2025-12-15T22:00,-1.5,-0.8,0.0,0.0,3.01,3.92,100,100
2025-12-15T23:00,-1.6,-0.9,0.0,0.0,3.52,4.05,100,100
2025-12-16T00:00,-1.6,-1.1,0.0,0.0,3.88,4.86,100,100
2025-12-16T01:00,-1.6,-0.9,0.0,0.0,4.02,4.22,100,100
2025-12-16T02:00,-1.7,-1.2,0.0,0.0,3.84,3.95,100,100
2025-12-16T03:00,-1.7,-1.2,0.0,0.0,4.05,3.82,100,100
2025-12-16T04:00,-1.8,-1.0,0.0,0.0,3.79,3.73,100,100
2025-12-16T05:00,-1.8,-0.9,0.0,0.0,3.63,4.08,100,100
2025-12-16T06:00,-1.6,-1.3,0.0,0.0,3.92,3.97,100,100
2025-12-16T07:00,-1.7,-1.0,0.0,0.0,4.16,3.43,100,100
2025-12-16T08:00,-1.6,-1.1,11.0,12.0,3.74,4.08,100,100
2025-12-16T09:00,-1.2,-0.6,47.0,57.0,3.73,3.43,100,97
2025-12-16T10:00,-0.5,0.0,95.0,129.0,2.98,2.66,100,100
2025-12-16T11:00,-0.0,0.7,136.0,160.0,2.76,2.79,100,73
2025-12-16T12:00,0.3,1.0,134.0,180.0,2.95,2.85,100,70
2025-12-16T13:00,0.6,1.8,131.0,181.0,2.94,2.42,96,50
2025-12-16T14:00,0.9,2.2,96.0,132.0,3.06,3.37,100,35
2025-12-16T15:00,0.7,1.8,42.0,51.0,3.21,3.98,92,31
2025-12-16T16:00,0.2,0.9,2.0,1.0,2.02,3.73,91,34
2025-12-16T17:00,-0.0,0.5,0.0,0.0,0.6,4.13,96,65
2025-12-16T18:00,-0.3,-0.2,0.0,0.0,1.18,2.64,97,28
2025-12-16T19:00,-0.5,-0.4,0.0,0.0,2.02,2.5,100,1
2025-12-16T20:00,-0.7,-0.7,0.0,0.0,2.37,2.37,100,86
2025-12-16T21:00,-0.7,-0.9,0.0,0.0,2.98,1.06,100,8
2025-12-16T22:00,-0.6,-1.1,0.0,0.0,3.49,1.61,100,33
2025-12-16T23:00,-0.3,-1.1,0.0,0.0,3.99,1.58,100,50
2025-12-17T00:00,-0.4,-0.8,0.0,0.0,4.4,1.68,98,92
2025-12-17T01:00,-0.2,-1.0,0.0,0.0,4.23,3.1,92,93
2025-12-17T02:00,-0.1,-0.9,0.0,0.0,3.37,4.55,90,93
2025-12-17T03:00,-0.2,-0.6,0.0,0.0,3.84,5.11,100,95
2025-12-17T04:00,-0.2,-0.2,0.0,0.0,3.56,5.78,96,74
2025-12-17T05:00,0.1,0.2,0.0,0.0,2.88,5.52,100,100
2025-12-17T06:00,0.6,2.1,0.0,0.0,3.2,5.23,100,81
2025-12-17T07:00,0.8,2.4,0.0,0.0,3.24,5.0,90,59
2025-12-17T08:00,1.1,2.3,21.0,21.0,3.51,4.8,100,67
2025-12-17T09:00,2.5,2.9,82.0,84.0,3.34,4.74,100,69
2025-12-17T10:00,3.8,4.0,132.0,148.0,2.71,4.37,100,60
2025-12-17T11:00,4.9,5.4,145.0,189.0,2.96,4.28,100,67
2025-12-17T12:00,5.9,6.2,186.0,169.0,1.98,3.23,91,83
2025-12-17T13:00,6.6,7.0,150.0,132.0,1.39,2.83,95,87
2025-12-17T14:00,6.6,7.3,78.0,89.0,1.0,3.19,99,85
2025-12-17T15:00,5.8,6.9,32.0,32.0,2.15,3.08,100,81
2025-12-17T16:00,5.6,6.4,1.0,1.0,2.17,2.71,97,77
2025-12-17T17:00,5.2,6.0,0.0,0.0,2.18,2.41,89,82
2025-12-17T18:00,5.4,5.1,0.0,0.0,2.07,1.47,98,70
2025-12-17T19:00,4.9,4.8,0.0,0.0,1.88,1.87,97,67
2025-12-17T20:00,4.5,4.1,0.0,0.0,2.02,1.87,92,61
2025-12-17T21:00,3.5,3.1,0.0,0.0,1.88,2.29,64,59
2025-12-17T22:00,3.0,2.8,0.0,0.0,1.96,2.54,38,50
2025-12-17T23:00,2.6,2.7,0.0,0.0,2.43,2.42,33,29
2025-12-18T00:00,2.3,2.0,0.0,0.0,2.43,2.91,0,15
2025-12-18T01:00,2.0,1.6,0.0,0.0,2.16,2.91,0,7
2025-12-18T02:00,1.7,1.4,0.0,0.0,2.6,3.26,0,0
2025-12-18T03:00,1.6,1.3,0.0,0.0,3.44,3.68,0,0
2025-12-18T04:00,1.4,1.3,0.0,0.0,3.15,3.72,0,0
2025-12-18T05:00,1.0,1.2,0.0,0.0,2.86,3.94,0,0
2025-12-18T06:00,0.9,1.0,0.0,0.0,3.11,3.77,0,0
2025-12-18T07:00,1.3,1.0,0.0,0.0,4.65,3.61,0,0
2025-12-18T08:00,1.5,1.0,25.0,26.0,4.4,3.33,0,0
2025-12-18T09:00,0.9,2.0,113.0,114.0,3.69,2.99,0,0
2025-12-18T10:00,2.4,4.1,198.0,199.0,3.14,4.52,0,18
2025-12-18T11:00,3.4,5.9,250.0,253.0,2.94,4.9,0,16
2025-12-18T12:00,5.1,8.2,260.0,254.0,2.02,2.91,0,100
2025-12-18T13:00,5.8,8.7,226.0,221.0,1.85,2.08,0,28
2025-12-18T14:00,5.4,8.6,143.0,151.0,2.63,3.19,100,100
2025-12-18T15:00,4.6,7.5,57.0,54.0,4.32,4.02,64,100
2025-12-18T16:00,3.4,6.0,2.0,2.0,3.65,4.78,100,98
2025-12-18T17:00,2.5,4.9,0.0,0.0,3.51,6.4,94,27
2025-12-18T18:00,2.7,3.7,0.0,0.0,3.6,5.13,100,0
2025-12-18T19:00,2.6,2.8,0.0,0.0,3.44,5.27,100,0
2025-12-18T20:00,2.3,2.3,0.0,0.0,3.55,5.17,100,0
2025-12-18T21:00,1.2,1.9,0.0,0.0,3.02,4.62,100,0
2025-12-18T22:00,0.9,1.5,0.0,0.0,2.32,4.22,100,8
2025-12-18T23:00,0.6,1.3,0.0,0.0,1.45,4.75,100,17
2025-12-19T00:00,-0.2,0.8,0.0,0.0,0.75,3.04,100,11
2025-12-19T01:00,-0.1,0.5,0.0,0.0,1.62,2.88,100,33
2025-12-19T02:00,-0.0,0.2,0.0,0.0,1.46,2.59,100,40
2025-12-19T03:00,1.5,-0.0,0.0,0.0,1.25,2.67,100,43
2025-12-19T04:00,1.7,-0.4,0.0,0.0,1.67,2.9,100,48
2025-12-19T05:00,1.8,-0.5,0.0,0.0,2.29,3.07,100,36
2025-12-19T06:00,1.9,-0.7,0.0,0.0,1.98,3.73,100,53
2025-12-19T07:00,1.7,-0.4,0.0,0.0,2.39,3.51,100,30
2025-12-19T08:00,1.6,-0.2,11.0,24.0,1.52,3.02,100,8
2025-12-19T09:00,1.7,0.3,57.0,110.0,0.89,2.12,100,7
2025-12-19T10:00,2.0,1.8,107.0,195.0,1.0,1.94,98,4
2025-12-19T11:00,2.8,3.8,153.0,238.0,1.0,2.04,86,58
2025-12-19T12:00,3.5,3.0,145.0,218.0,0.71,1.85,89,83
2025-12-19T13:00,3.8,4.5,145.0,185.0,0.69,1.98,88,45
2025-12-19T14:00,3.6,5.2,106.0,137.0,1.32,2.46,88,59
2025-12-19T15:00,3.9,4.4,47.0,49.0,2.88,2.33,91,67
2025-12-19T16:00,3.4,3.2,2.0,2.0,2.85,2.72,86,71
2025-12-19T17:00,2.6,2.5,0.0,0.0,2.59,2.51,82,78
2025-12-19T18:00,2.8,0.8,0.0,0.0,3.14,2.46,97,81
2025-12-19T19:00,2.7,0.7,0.0,0.0,3.01,2.72,100,87
2025-12-19T20:00,2.5,0.5,0.0,0.0,3.32,2.72,93,89
2025-12-19T21:00,2.0,0.3,0.0,0.0,2.67,2.08,95,82
2025-12-19T22:00,1.2,0.1,0.0,0.0,2.19,2.76,91,88
2025-12-19T23:00,0.5,-0.0,0.0,0.0,2.87,4.13,89,92
2025-12-20T00:00,0.6,0.3,0.0,0.0,2.06,3.15,100,92
2025-12-20T01:00,-0.2,0.0,0.0,0.0,2.74,2.88,100,97
2025-12-20T02:00,-0.3,-0.2,0.0,0.0,2.4,3.29,100,98
2025-12-20T03:00,0.2,-0.2,0.0,0.0,3.93,3.57,100,98
2025-12-20T04:00,0.2,-0.3,0.0,0.0,3.9,3.27,100,93
2025-12-20T05:00,-0.1,-0.4,0.0,0.0,3.93,5.06,100,95
2025-12-20T06:00,-0.2,-1.4,0.0,0.0,3.54,4.91,76,100
2025-12-20T07:00,-0.5,-1.1,0.0,0.0,4.21,3.38,84,100
2025-12-20T08:00,-0.8,-1.1,21.0,10.0,4.41,2.79,76,100
2025-12-20T09:00,1.7,-0.4,106.0,43.0,4.02,3.74,96,99
2025-12-20T10:00,3.3,0.3,186.0,107.0,3.27,3.34,74,96
2025-12-20T11:00,4.6,0.7,235.0,143.0,2.87,2.5,79,98
2025-12-20T12:00,6.2,3.8,251.0,250.0,1.97,2.57,99,50
2025-12-20T13:00,6.3,4.4,203.0,214.0,2.29,2.24,52,12
2025-12-20T14:00,5.5,4.5,133.0,146.0,3.1,3.01,73,0
2025-12-20T15:00,4.1,3.5,45.0,55.0,3.41,3.44,100,5
2025-12-20T16:00,2.5,2.0,2.0,2.0,3.71,3.81,45,9
2025-12-20T17:00,1.8,1.1,0.0,0.0,3.43,4.21,40,29
2025-12-20T18:00,1.2,0.5,0.0,0.0,2.92,3.53,71,84
2025-12-20T19:00,-0.1,0.2,0.0,0.0,2.66,2.97,100,87
2025-12-20T20:00,-0.0,-0.0,0.0,0.0,3.46,2.79,100,100
2025-12-20T21:00,-0.4,-0.3,0.0,0.0,2.75,2.58,100,100
2025-12-20T22:00,-0.8,-0.5,0.0,0.0,3.53,2.58,100,100
2025-12-20T23:00,-1.0,-0.7,0.0,0.0,4.02,2.76,100,100
2025-12-21T00:00,-1.0,-1.1,0.0,0.0,3.83,4.02,100,100
2025-12-21T01:00,-1.1,-0.9,0.0,0.0,3.85,4.96,100,100
2025-12-21T02:00,-1.6,-1.0,0.0,0.0,4.21,4.62,100,100
2025-12-21T03:00,-1.0,-1.5,0.0,0.0,3.66,4.02,100,100
2025-12-21T04:00,-1.4,-1.5,0.0,0.0,3.55,3.65,100,100
2025-12-21T05:00,-1.7,-1.1,0.0,0.0,3.43,4.21,100,100
2025-12-21T06:00,-1.5,-1.8,0.0,0.0,3.64,3.83,100,100
2025-12-21T07:00,-1.5,-1.4,0.0,0.0,3.72,4.31,100,100
2025-12-21T08:00,-1.4,-1.6,9.0,8.0,4.21,4.21,100,100
2025-12-21T09:00,-0.9,-1.6,33.0,34.0,5.19,4.12,100,100
2025-12-21T10:00,-0.5,-1.3,68.0,63.0,5.1,4.12,100,100
2025-12-21T11:00,-0.1,-0.8,94.0,84.0,4.9,4.43,100,100
2025-12-21T12:00,0.6,-0.1,120.0,119.0,5.51,4.95,100,96
2025-12-21T13:00,1.1,0.8,98.0,121.0,6.09,5.51,100,94
2025-12-21T14:00,1.5,1.2,75.0,97.0,6.37,6.37,100,86
2025-12-21T15:00,1.8,1.0,30.0,38.0,6.96,6.96,97,90
2025-12-21T16:00,1.8,0.5,1.0,1.0,7.74,7.57,92,90
2025-12-21T17:00,2.0,0.4,0.0,0.0,7.75,7.98,91,90
2025-12-21T18:00,1.1,0.2,0.0,0.0,7.96,8.08,100,75
2025-12-21T19:00,0.9,0.1,0.0,0.0,7.86,8.0,100,87
2025-12-21T20:00,0.6,-0.0,0.0,0.0,7.55,8.09,100,93
2025-12-21T21:00,0.2,-0.0,0.0,0.0,7.46,7.77,100,94
2025-12-21T22:00,0.2,-0.2,0.0,0.0,6.97,6.99,100,92
2025-12-21T23:00,0.2,-0.3,0.0,0.0,6.48,6.57,100,94
2025-12-22T00:00,-0.1,-0.5,0.0,0.0,6.31,5.31,100,100
2025-12-22T01:00,-0.1,-0.5,0.0,0.0,6.09,5.41,100,100
2025-12-22T02:00,-0.1,-0.7,0.0,0.0,5.61,4.35,100,100
2025-12-22T03:00,-0.3,-0.7,0.0,0.0,5.1,4.02,100,100
2025-12-22T04:00,-0.3,-0.8,0.0,0.0,4.61,3.63,100,100
2025-12-22T05:00,-0.4,-0.9,0.0,0.0,4.32,3.23,100,100
2025-12-22T06:00,-0.5,-0.8,0.0,0.0,4.02,3.65,100,100
2025-12-22T07:00,-0.6,-0.9,0.0,0.0,3.92,3.34,100,100
2025-12-22T08:00,-0.6,-1.0,7.0,9.0,3.83,3.34,100,100
2025-12-22T09:00,-0.8,-0.8,34.0,39.0,3.24,3.24,100,100
2025-12-22T10:00,-0.6,-0.4,56.0,70.0,3.06,2.95,100,100
2025-12-22T11:00,-0.4,0.3,83.0,97.0,2.95,3.05,100,100
2025-12-22T12:00,-0.2,-0.2,84.0,87.0,3.73,2.84,100,100
2025-12-22T13:00,0.3,0.4,69.0,79.0,3.95,3.15,100,100
2025-12-22T14:00,0.9,1.2,49.0,73.0,4.77,3.37,100,99
2025-12-22T15:00,-0.2,1.4,23.0,35.0,3.77,3.56,100,94
2025-12-22T16:00,-0.2,1.3,1.0,1.0,3.95,4.54,100,91
2025-12-22T17:00,-0.1,1.0,0.0,0.0,4.61,5.23,100,87
2025-12-22T18:00,0.4,1.0,0.0,0.0,4.6,5.4,100,99
2025-12-22T19:00,0.3,1.0,0.0,0.0,4.61,6.28,100,98
2025-12-22T20:00,0.4,0.9,0.0,0.0,4.21,6.78,100,98
2025-12-22T21:00,0.2,0.9,0.0,0.0,4.32,7.06,100,98
2025-12-22T22:00,0.1,0.9,0.0,0.0,4.11,7.36,100,99
2025-12-22T23:00,0.1,0.9,0.0,0.0,4.31,7.15,100,100
2025-12-23T00:00,-0.1,0.9,0.0,0.0,4.52,6.27,100,100
2025-12-23T01:00,-0.1,0.8,0.0,0.0,4.46,6.17,100,100
2025-12-23T02:00,-0.2,0.6,0.0,0.0,4.48,6.08,100,100
2025-12-23T03:00,-0.3,0.4,0.0,0.0,4.69,6.09,100,100
2025-12-23T04:00,-0.5,0.3,0.0,0.0,4.92,6.97,100,98
2025-12-23T05:00,-0.8,0.1,0.0,0.0,5.1,7.0,100,99
2025-12-23T06:00,-0.8,-0.9,0.0,0.0,5.15,6.01,100,100
2025-12-23T07:00,-0.9,-1.2,0.0,0.0,5.42,5.91,100,100
2025-12-23T08:00,-0.8,-1.3,7.0,9.0,5.71,6.36,100,100
2025-12-23T09:00,-0.8,-0.6,29.0,38.0,5.45,6.97,100,100
2025-12-23T10:00,-0.6,-0.3,52.0,64.0,5.19,7.74,100,100
2025-12-23T11:00,-0.3,0.2,83.0,76.0,5.78,7.84,100,100
2025-12-23T12:00,0.0,-0.4,65.0,72.0,6.12,6.14,100,100
2025-12-23T13:00,0.5,0.0,63.0,63.0,6.89,6.83,100,100
2025-12-23T14:00,0.8,0.5,36.0,46.0,7.27,7.58,100,100
2025-12-23T15:00,1.0,0.4,20.0,15.0,6.35,7.78,100,100
2025-12-23T16:00,0.8,0.5,1.0,1.0,5.39,7.75,100,100
2025-12-23T17:00,0.5,0.6,0.0,0.0,6.14,8.03,100,100
2025-12-23T18:00,0.9,0.6,0.0,0.0,6.79,8.55,100,100
2025-12-23T19:00,0.9,0.8,0.0,0.0,6.75,8.27,100,95
2025-12-23T20:00,0.8,0.7,0.0,0.0,7.41,8.86,100,96
2025-12-23T21:00,0.7,0.7,0.0,0.0,6.93,8.61,99,100
2025-12-23T22:00,0.8,0.7,0.0,0.0,6.55,8.77,100,98
2025-12-23T23:00,0.9,0.8,0.0,0.0,7.24,8.86,100,99
2025-12-24T00:00,1.0,1.2,0.0,0.0,8.1,8.54,100,100
2025-12-24T01:00,1.1,1.2,0.0,0.0,8.37,8.51,100,100
2025-12-24T02:00,1.0,1.3,0.0,0.0,8.59,9.81,100,100
2025-12-24T03:00,0.5,0.9,0.0,0.0,9.8,10.05,100,100
2025-12-24T04:00,-0.2,0.4,0.0,0.0,10.05,9.84,100,100
2025-12-24T05:00,-0.8,-0.0,0.0,0.0,10.12,10.05,100,100
2025-12-24T06:00,-0.8,-0.4,0.0,0.0,10.67,10.82,93,100
2025-12-24T07:00,-1.3,-0.8,0.0,0.0,10.76,11.3,96,92
2025-12-24T08:00,-1.6,-1.1,9.0,9.0,11.3,11.44,95,99
2025-12-24T09:00,-1.5,-1.2,49.0,43.0,11.54,11.51,97,94
2025-12-24T10:00,-1.3,-1.2,80.0,66.0,11.26,11.39,95,95
2025-12-24T11:00,-1.1,-1.2,107.0,94.0,11.49,11.39,92,92
2025-12-24T12:00,-0.8,-0.6,114.0,92.0,11.06,11.54,92,96
2025-12-24T13:00,-0.8,-0.6,90.0,74.0,11.14,11.88,94,92
2025-12-24T14:00,-0.9,-0.5,63.0,46.0,11.63,11.96,95,100
2025-12-24T15:00,-1.5,-0.4,24.0,16.0,11.31,12.23,100,100
2025-12-24T16:00,-1.6,-0.4,1.0,1.0,11.33,11.53,100,100
2025-12-24T17:00,-1.9,-0.1,0.0,0.0,11.26,12.55,100,100
2025-12-24T18:00,-1.1,-0.6,0.0,0.0,11.93,13.54,100,100
2025-12-24T19:00,-1.0,-0.8,0.0,0.0,13.73,14.36,100,98
2025-12-24T20:00,-0.9,-0.9,0.0,0.0,13.78,14.56,100,99
2025-12-24T21:00,-0.9,-1.1,0.0,0.0,13.7,14.58,100,94
2025-12-24T22:00,-1.1,-1.1,0.0,0.0,13.53,14.79,99,96
2025-12-24T23:00,-1.2,-1.4,0.0,0.0,13.32,13.29,92,88
2025-12-25T00:00,-1.5,-1.7,0.0,0.0,13.44,14.29,96,91
2025-12-25T01:00,-1.5,-1.7,0.0,0.0,13.34,13.27,96,82
2025-12-25T02:00,-1.7,-1.9,0.0,0.0,12.47,12.51,91,80
2025-12-25T03:00,-1.5,-2.1,0.0,0.0,12.4,13.07,92,83
2025-12-25T04:00,-1.6,-2.1,0.0,0.0,11.97,13.3,88,80
2025-12-25T05:00,-1.6,-1.9,0.0,0.0,12.1,13.11,82,76
2025-12-25T06:00,-1.8,-1.7,0.0,0.0,11.51,11.96,84,75
2025-12-25T07:00,-1.9,-1.8,0.0,0.0,11.51,12.07,79,76
2025-12-25T08:00,-1.8,-1.7,16.0,16.0,11.11,11.96,75,76
2025-12-25T09:00,-1.2,-1.4,79.0,75.0,11.4,11.49,76,77
2025-12-25T10:00,-0.7,-0.8,145.0,139.0,10.81,11.1,70,74
2025-12-25T11:00,-0.0,-0.2,199.0,185.0,10.02,10.45,60,74
2025-12-25T12:00,0.5,0.1,225.0,178.0,9.54,9.96,53,75
2025-12-25T13:00,0.9,0.4,203.0,165.0,8.86,10.06,55,72
2025-12-25T14:00,0.8,0.6,142.0,112.0,8.86,10.13,53,69
2025-12-25T15:00,0.6,0.6,54.0,47.0,8.49,10.44,64,64
2025-12-25T16:00,0.4,0.5,2.0,2.0,8.98,10.16,70,62
2025-12-25T17:00,0.3,0.3,0.0,0.0,9.01,8.98,70,55
2025-12-25T18:00,-0.3,0.1,0.0,0.0,8.24,8.77,81,56
2025-12-25T19:00,-0.5,-0.2,0.0,0.0,7.94,8.36,90,54
2025-12-25T20:00,-0.7,-0.4,0.0,0.0,8.03,8.55,93,60
2025-12-25T21:00,-0.9,-0.7,0.0,0.0,6.98,8.63,100,72
2025-12-25T22:00,-1.1,-0.8,0.0,0.0,6.77,8.93,100,72
2025-12-25T23:00,-1.1,-0.8,0.0,0.0,6.78,8.52,100,65
2025-12-26T00:00,-1.2,-1.0,0.0,0.0,7.25,8.23,100,63
2025-12-26T01:00,-1.2,-1.2,0.0,0.0,6.86,7.75,97,73
2025-12-26T02:00,-1.3,-1.3,0.0,0.0,6.3,7.18,100,77
2025-12-26T03:00,-1.4,-1.4,0.0,0.0,6.48,6.96,100,75
2025-12-26T04:00,-1.3,-1.4,0.0,0.0,6.27,7.43,100,78
2025-12-26T05:00,-1.4,-1.3,0.0,0.0,6.08,7.65,100,78
2025-12-26T06:00,-1.6,-1.8,0.0,0.0,5.49,5.78,100,86
2025-12-26T07:00,-1.4,-1.6,0.0,0.0,5.52,5.88,100,81
2025-12-26T08:00,-1.4,-1.5,9.0,14.0,6.21,6.48,100,81
2025-12-26T09:00,-1.1,-0.9,43.0,72.0,6.18,6.78,100,75
2025-12-26T10:00,-0.7,-0.1,91.0,151.0,6.17,6.57,100,65
2025-12-26T11:00,-0.1,0.9,131.0,210.0,5.68,6.2,92,50
2025-12-26T12:00,0.8,0.3,179.0,191.0,6.28,5.94,74,73
2025-12-26T13:00,1.3,0.7,181.0,162.0,6.14,6.29,57,69
2025-12-26T14:00,1.4,1.0,135.0,118.0,6.2,6.99,52,66
2025-12-26T15:00,1.1,0.7,60.0,49.0,6.85,7.15,0,59
2025-12-26T16:00,0.3,0.5,3.0,2.0,7.65,7.17,0,54
2025-12-26T17:00,-0.1,0.1,0.0,0.0,8.19,7.85,0,48
2025-12-26T18:00,-0.6,-0.2,0.0,0.0,8.51,7.85,0,60
2025-12-26T19:00,-0.8,-0.4,0.0,0.0,8.02,7.97,0,73
2025-12-26T20:00,-0.9,-0.5,0.0,0.0,7.79,7.47,0,90
2025-12-26T21:00,-1.0,-0.6,0.0,0.0,6.64,7.25,0,74
2025-12-26T22:00,-1.2,-0.8,0.0,0.0,7.11,7.27,0,64
2025-12-26T23:00,-1.2,-1.0,0.0,0.0,7.3,7.58,0,57
2025-12-27T00:00,-1.1,-1.1,0.0,0.0,7.19,7.08,0,60
2025-12-27T01:00,-1.1,-1.2,0.0,0.0,7.46,6.79,0,52
2025-12-27T02:00,-1.1,-1.4,0.0,0.0,7.18,6.69,0,25
2025-12-27T03:00,-1.3,-1.6,0.0,0.0,7.25,6.83,0,0
2025-12-27T04:00,-1.2,-1.7,0.0,0.0,7.62,6.9,0,0
2025-12-27T05:00,-1.0,-1.7,0.0,0.0,7.81,7.1,0,0
2025-12-27T06:00,-1.2,-1.7,0.0,0.0,6.6,5.78,0,0
2025-12-27T07:00,-1.3,-1.6,0.0,0.0,6.0,5.2,24,0
2025-12-27T08:00,-1.4,-1.4,19.0,20.0,4.9,4.52,2,0
2025-12-27T09:00,-0.7,-0.7,100.0,101.0,4.22,3.95,40,0
2025-12-27T10:00,0.9,0.5,183.0,185.0,2.85,3.05,7,0
2025-12-27T11:00,2.2,1.6,242.0,240.0,1.58,2.15,0,0
2025-12-27T12:00,3.0,2.2,254.0,253.0,1.12,0.75,5,0
2025-12-27T13:00,3.3,2.5,223.0,221.0,0.69,0.89,4,0
2025-12-27T14:00,2.6,2.3,151.0,150.0,1.67,0.69,4,0
2025-12-27T15:00,1.4,1.6,61.0,59.0,1.04,0.71,0,0
2025-12-27T16:00,0.8,0.8,3.0,3.0,1.36,0.97,0,0
2025-12-27T17:00,0.1,0.3,0.0,0.0,0.98,1.21,0,0
2025-12-27T18:00,-1.2,0.2,0.0,0.0,2.7,3.4,0,0
2025-12-27T19:00,-1.2,-0.1,0.0,0.0,4.52,3.29,0,0
2025-12-27T20:00,-1.6,-0.3,0.0,0.0,3.1,2.88,0,0
2025-12-27T21:00,-2.1,-0.7,0.0,0.0,2.73,4.13,0,0
2025-12-27T22:00,-2.3,-0.6,0.0,0.0,3.24,3.69,0,0
2025-12-27T23:00,-2.0,-0.8,0.0,0.0,2.29,3.27,0,0
2025-12-28T00:00,-2.5,-1.6,0.0,0.0,1.93,2.54,0,0
2025-12-28T01:00,-2.7,-1.5,0.0,0.0,1.86,2.85,23,5
2025-12-28T02:00,-2.8,-1.3,0.0,0.0,2.24,4.39,0,0
2025-12-28T03:00,-3.5,-1.0,0.0,0.0,2.24,4.71,0,0
2025-12-28T04:00,-3.6,-1.5,0.0,0.0,3.61,5.55,0,0
2025-12-28T05:00,-3.0,-2.0,0.0,0.0,3.47,5.69,0,36
2025-12-28T06:00,-3.9,-2.5,0.0,0.0,2.92,6.46,74,74
2025-12-28T07:00,-2.5,-2.3,0.0,0.0,5.37,6.31,100,81
2025-12-28T08:00,-2.5,-2.2,14.0,14.0,4.84,6.04,96,84
2025-12-28T09:00,-2.1,-1.7,60.0,62.0,4.99,5.47,90,84
2025-12-28T10:00,-1.6,-1.3,106.0,119.0,3.88,4.22,85,86
2025-12-28T11:00,-1.4,-1.2,149.0,149.0,3.81,4.0,99,88
2025-12-28T12:00,-0.4,-0.2,150.0,140.0,4.65,4.68,97,85
2025-12-28T13:00,-0.1,-0.1,133.0,128.0,4.9,4.93,95,90
2025-12-28T14:00,-0.1,0.0,92.0,89.0,5.54,5.29,90,82
2025-12-28T15:00,-1.2,-0.0,33.0,40.0,4.92,5.98,91,69
2025-12-28T16:00,-1.6,-0.8,2.0,2.0,5.39,6.17,90,34
2025-12-28T17:00,-2.4,-1.3,0.0,0.0,5.59,6.48,87,44
2025-12-28T18:00,-2.7,-1.8,0.0,0.0,5.29,6.48,97,36
2025-12-28T19:00,-2.6,-2.3,0.0,0.0,4.59,6.48,100,35
2025-12-28T20:00,-3.0,-2.5,0.0,0.0,3.64,6.89,97,0
2025-12-28T21:00,-3.5,-2.8,0.0,0.0,3.82,7.47,98,0
2025-12-28T22:00,-3.9,-2.8,0.0,0.0,3.45,8.03,94,0
2025-12-28T23:00,-4.3,-3.0,0.0,0.0,3.09,7.65,96,0
2025-12-29T00:00,-4.7,-3.3,0.0,0.0,3.53,6.67,96,0
2025-12-29T01:00,-5.1,-3.8,0.0,0.0,2.94,6.47,100,0
2025-12-29T02:00,-5.3,-4.2,0.0,0.0,2.33,6.37,100,0
2025-12-29T03:00,-5.4,-4.5,0.0,0.0,1.8,5.98,100,0
2025-12-29T04:00,-5.5,-4.6,0.0,0.0,1.04,5.1,100,0
2025-12-29T05:00,-5.7,-4.6,0.0,0.0,0.1,4.05,100,0
2025-12-29T06:00,-6.3,-5.8,0.0,0.0,1.31,0.14,100,0
2025-12-29T07:00,-6.0,-5.7,0.0,0.0,2.07,1.67,100,0
2025-12-29T08:00,-5.5,-5.7,11.0,21.0,2.5,2.92,97,0
2025-12-29T09:00,-5.5,-4.9,63.0,104.0,2.45,3.69,100,0
2025-12-29T10:00,-5.1,-3.2,111.0,186.0,2.19,3.51,100,60
2025-12-29T11:00,-4.5,-2.6,140.0,202.0,2.19,2.11,100,80
2025-12-29T12:00,-3.9,-2.0,167.0,215.0,1.81,2.15,98,60
2025-12-29T13:00,-3.1,-1.7,169.0,195.0,2.11,2.37,76,66
2025-12-29T14:00,-2.7,-1.7,139.0,130.0,2.46,2.67,54,59
2025-12-29T15:00,-2.6,-2.1,65.0,57.0,3.45,2.98,0,59
2025-12-29T16:00,-3.7,-3.0,4.0,3.0,3.53,3.34,0,48
2025-12-29T17:00,-4.5,-3.5,0.0,0.0,4.43,4.8,0,0
2025-12-29T18:00,-4.3,-3.7,0.0,0.0,4.02,4.06,0,0
2025-12-29T19:00,-4.5,-4.1,0.0,0.0,4.23,4.41,0,0
2025-12-29T20:00,-4.8,-4.4,0.0,0.0,4.3,4.5,0,0
2025-12-29T21:00,-4.9,-4.6,0.0,0.0,2.08,4.92,86,0
2025-12-29T22:00,-4.2,-4.9,0.0,0.0,3.04,5.41,100,0
2025-12-29T23:00,-3.7,-4.8,0.0,0.0,3.47,5.44,98,70
2025-12-30T00:00,-3.6,-4.3,0.0,0.0,4.04,5.99,87,84
2025-12-30T01:00,-3.2,-3.6,0.0,0.0,4.32,5.92,100,70
2025-12-30T02:00,-2.9,-3.3,0.0,0.0,4.8,5.88,100,76
2025-12-30T03:00,-2.6,-3.2,0.0,0.0,5.51,5.8,100,100
2025-12-30T04:00,-2.4,-2.6,0.0,0.0,5.59,6.01,96,100
2025-12-30T05:00,-2.4,-2.7,0.0,0.0,5.59,5.7,91,83
2025-12-30T06:00,-2.1,-2.3,0.0,0.0,5.06,5.2,100,77
2025-12-30T07:00,-2.2,-2.4,0.0,0.0,4.79,5.28,92,86
2025-12-30T08:00,-2.3,-2.3,9.0,8.0,4.64,5.07,100,99
2025-12-30T09:00,-1.9,-2.1,54.0,46.0,4.19,4.5,90,91
2025-12-30T10:00,-1.3,-1.5,105.0,124.0,3.85,3.04,100,76
2025-12-30T11:00,-1.2,-1.0,137.0,203.0,4.08,3.04,89,57
2025-12-30T12:00,-0.8,-0.7,205.0,239.0,3.55,2.72,70,52
2025-12-30T13:00,-0.8,-0.7,195.0,223.0,3.1,3.1,59,48
2025-12-30T14:00,-0.9,-0.8,146.0,161.0,2.75,3.02,53,44
2025-12-30T15:00,-1.2,-1.2,60.0,71.0,2.37,2.46,56,10
2025-12-30T16:00,-2.2,-2.3,4.0,4.0,2.64,2.52,46,0
2025-12-30T17:00,-3.0,-3.1,0.0,0.0,2.64,2.98,0,0
2025-12-30T18:00,-2.9,-3.4,0.0,0.0,3.74,2.69,46,0
2025-12-30T19:00,-2.8,-4.0,0.0,0.0,5.35,3.06,67,0
2025-12-30T20:00,-3.5,-4.3,0.0,0.0,4.27,2.97,0,0
2025-12-30T21:00,-4.2,-4.5,0.0,0.0,4.95,2.55,0,0
2025-12-30T22:00,-4.8,-4.7,0.0,0.0,4.61,2.23,0,0
2025-12-30T23:00,-5.4,-4.9,0.0,0.0,3.98,2.43,0,0
2025-12-31T00:00,-6.2,-5.6,0.0,0.0,3.63,3.19,0,0
2025-12-31T01:00,-6.7,-5.8,0.0,0.0,3.34,3.12,0,0
2025-12-31T02:00,-7.0,-6.1,0.0,0.0,3.07,3.26,0,0
2025-12-31T03:00,-6.8,-6.4,0.0,0.0,3.05,3.44,0,0
2025-12-31T04:00,-6.9,-6.8,0.0,0.0,3.53,4.06,0,0
2025-12-31T05:00,-7.0,-7.0,0.0,0.0,3.84,4.8,0,0
2025-12-31T06:00,-7.1,-7.0,0.0,0.0,4.03,5.12,0,0
2025-12-31T07:00,-7.2,-7.0,0.0,0.0,4.64,5.86,0,38
2025-12-31T08:00,-6.9,-6.4,22.0,20.0,5.47,7.0,0,55
2025-12-31T09:00,-5.4,-5.3,112.0,100.0,6.0,8.03,0,76
2025-12-31T10:00,-4.1,-4.0,206.0,167.0,4.86,8.03,0,68
2025-12-31T11:00,-3.0,-2.8,267.0,216.0,5.52,6.61,0,66
2025-12-31T12:00,-2.3,-1.6,277.0,242.0,6.41,7.63,11,87
2025-12-31T13:00,-1.8,-1.3,244.0,188.0,7.22,7.61,11,76
2025-12-31T14:00,-1.7,-1.1,160.0,126.0,7.82,8.34,75,80
2025-12-31T15:00,-1.7,-1.3,54.0,44.0,8.49,9.08,95,96
2025-12-31T16:00,-1.9,-1.6,3.0,1.0,8.61,9.39,96,96
2025-12-31T17:00,-2.0,-1.9,0.0,0.0,8.1,9.02,97,100
2025-12-31T18:00,-2.5,-2.8,0.0,0.0,8.3,10.22,95,75
2025-12-31T19:00,-2.2,-2.9,0.0,0.0,8.34,10.82,95,65
2025-12-31T20:00,-2.2,-3.1,0.0,0.0,8.04,10.22,97,57
2025-12-31T21:00,-2.8,-3.2,0.0,0.0,7.91,9.69,93,77
2025-12-31T22:00,-3.1,-3.2,0.0,0.0,7.53,9.25,79,36
2025-12-31T23:00,-3.6,-3.4,0.0,0.0,6.51,8.7,23,39
2026-01-01T00:00,-3.5,-2.4,0.0,0.0,7.94,9.25,90,67
2026-01-01T01:00,-3.6,-2.6,0.0,0.0,7.59,8.32,88,39
2026-01-01T02:00,-3.6,-3.0,0.0,0.0,6.79,7.65,59,97
2026-01-01T03:00,-4.7,-3.3,0.0,0.0,6.66,7.32,14,23
2026-01-01T04:00,-5.0,-3.6,0.0,0.0,6.42,7.37,25,2
2026-01-01T05:00,-5.2,-3.8,0.0,0.0,6.76,7.9,73,73
2026-01-01T06:00,-5.6,-3.6,0.0,0.0,7.41,8.65,36,19
2026-01-01T07:00,-5.5,-3.8,0.0,0.0,7.45,8.79,14,21
2026-01-01T08:00,-5.4,-3.6,20.0,22.0,7.58,8.9,18,16
2026-01-01T09:00,-4.1,-2.6,107.0,111.0,8.11,10.17,1,0
2026-01-01T10:00,-2.4,-1.1,199.0,204.0,7.06,8.99,0,8
2026-01-01T11:00,-0.8,-0.0,259.0,262.0,6.67,9.36,55,33
2026-01-01T12:00,0.6,1.0,271.0,276.0,7.7,8.74,100,100
2026-01-01T13:00,1.2,1.2,229.0,240.0,9.11,9.83,83,61
2026-01-01T14:00,1.1,0.9,160.0,169.0,9.37,9.13,100,64
2026-01-01T15:00,0.5,0.3,68.0,73.0,9.61,9.32,69,100
2026-01-01T16:00,-0.6,-0.3,6.0,5.0,9.48,10.38,54,100
2026-01-01T17:00,-1.5,-0.7,0.0,0.0,9.72,11.59,22,100
2026-01-01T18:00,-2.1,-1.4,0.0,0.0,9.48,10.41,94,99
2026-01-01T19:00,-2.5,-1.7,0.0,0.0,8.64,10.79,100,100
2026-01-01T20:00,-2.9,-1.7,0.0,0.0,8.64,11.23,100,100
2026-01-01T21:00,-2.7,-1.6,0.0,0.0,9.26,12.1,100,100
2026-01-01T22:00,-2.1,-1.5,0.0,0.0,10.08,12.23,100,100
2026-01-01T23:00,-1.9,-1.5,0.0,0.0,10.0,11.96,100,100
2026-01-02T00:00,-2.0,-1.6,0.0,0.0,10.12,11.13,100,100
2026-01-02T01:00,-2.0,-1.7,0.0,0.0,10.44,10.87,100,100
2026-01-02T02:00,-1.9,-1.7,0.0,0.0,10.39,11.61,100,100
2026-01-02T03:00,-1.7,-1.5,0.0,0.0,11.06,12.67,100,100
2026-01-02T04:00,-1.5,-1.3,0.0,0.0,11.48,12.81,100,100
2026-01-02T05:00,-1.4,-1.1,0.0,0.0,11.57,12.33,100,100
2026-01-02T06:00,-1.0,-1.1,0.0,0.0,11.4,10.43,100,100
2026-01-02T07:00,-0.9,-1.4,0.0,0.0,11.96,10.55,100,100
2026-01-02T08:00,-0.8,-1.0,8.0,12.0,11.72,11.58,100,100
2026-01-02T09:00,-0.9,-0.6,37.0,53.0,10.95,12.89,100,100
2026-01-02T10:00,-0.6,-0.5,72.0,64.0,10.54,13.02,100,100
2026-01-02T11:00,-0.0,-0.4,119.0,64.0,10.53,11.99,100,100
2026-01-02T12:00,0.7,0.6,167.0,118.0,12.65,12.98,100,100
2026-01-02T13:00,0.8,0.9,152.0,165.0,12.16,12.32,100,100
2026-01-02T14:00,0.5,0.7,136.0,146.0,11.03,11.25,100,100
2026-01-02T15:00,0.2,0.4,79.0,68.0,11.02,10.52,100,100
2026-01-02T16:00,-0.2,0.1,5.0,5.0,10.63,10.03,96,99
2026-01-02T17:00,-0.6,-0.2,0.0,0.0,9.8,10.17,18,89
2026-01-02T18:00,-0.6,-0.4,0.0,0.0,9.08,10.5,94,100
2026-01-02T19:00,-0.8,-0.4,0.0,0.0,8.96,10.96,100,92
2026-01-02T20:00,-1.2,-0.2,0.0,0.0,8.16,11.93,100,100
2026-01-02T21:00,-1.4,-0.5,0.0,0.0,8.23,12.4,100,100
2026-01-02T22:00,-1.9,-0.3,0.0,0.0,9.54,12.5,71,100
2026-01-02T23:00,-2.4,-0.5,0.0,0.0,10.17,11.56,53,100
2026-01-03T00:00,-2.4,-1.0,0.0,0.0,9.24,7.09,48,100
2026-01-03T01:00,-3.1,-1.4,0.0,0.0,8.7,6.78,0,60
2026-01-03T02:00,-3.5,-1.7,0.0,0.0,8.67,7.44,38,78
2026-01-03T03:00,-3.3,-2.2,0.0,0.0,7.87,7.15,62,43
2026-01-03T04:00,-3.6,-2.9,0.0,0.0,7.84,7.27,78,35
2026-01-03T05:00,-3.8,-3.3,0.0,0.0,8.15,6.96,89,24
2026-01-03T06:00,-3.8,-3.9,0.0,0.0,7.98,8.51,45,100
2026-01-03T07:00,-3.9,-4.1,0.0,0.0,8.38,8.61,61,66
2026-01-03T08:00,-4.1,-4.3,23.0,22.0,7.01,9.37,0,8
2026-01-03T09:00,-2.9,-3.4,121.0,119.0,6.82,8.34,0,0
2026-01-03T10:00,-2.1,-2.0,219.0,214.0,7.23,7.8,0,35
2026-01-03T11:00,-1.3,-1.2,282.0,259.0,7.67,8.86,17,45
2026-01-03T12:00,-1.4,-0.1,284.0,256.0,7.72,8.48,49,57
2026-01-03T13:00,-1.2,-0.3,258.0,231.0,8.4,8.08,35,46
2026-01-03T14:00,-1.1,-0.5,186.0,180.0,8.96,7.88,79,23
2026-01-03T15:00,-1.1,-0.8,87.0,84.0,8.98,7.66,0,67
2026-01-03T16:00,-1.7,-1.4,7.0,5.0,8.54,8.13,0,33
2026-01-03T17:00,-2.3,-2.2,0.0,0.0,9.16,7.96,89,72
2026-01-03T18:00,-2.3,-2.4,0.0,0.0,10.22,8.85,96,86
2026-01-03T19:00,-2.4,-2.7,0.0,0.0,9.36,8.59,66,71
2026-01-03T20:00,-2.7,-3.0,0.0,0.0,8.41,8.83,75,69
2026-01-03T21:00,-3.0,-3.1,0.0,0.0,8.52,9.74,67,66
2026-01-03T22:00,-3.5,-3.3,0.0,0.0,8.46,9.83,65,62
2026-01-03T23:00,-3.6,-3.5,0.0,0.0,8.77,9.55,41,65
2026-01-04T00:00,-4.5,-4.1,0.0,0.0,8.4,9.83,64,27
2026-01-04T01:00,-4.6,-4.1,0.0,0.0,8.29,10.33,73,70
2026-01-04T02:00,-4.6,-4.1,0.0,0.0,8.55,9.67,76,74
2026-01-04T03:00,-4.6,-4.3,0.0,0.0,8.17,9.33,92,78
2026-01-04T04:00,-4.8,-4.3,0.0,0.0,7.94,9.3,78,84
2026-01-04T05:00,-4.7,-4.5,0.0,0.0,7.54,8.94,100,71
2026-01-04T06:00,-4.4,-4.8,0.0,0.0,7.72,7.94,100,71
2026-01-04T07:00,-4.8,-4.9,0.0,0.0,7.8,7.32,63,65
2026-01-04T08:00,-4.9,-5.0,20.0,20.0,7.54,6.48,87,63
2026-01-04T09:00,-4.5,-4.4,103.0,105.0,6.19,5.49,61,38
2026-01-04T10:00,-3.7,-3.5,202.0,213.0,5.61,3.68,4,19
2026-01-04T11:00,-2.7,-2.8,247.0,280.0,5.36,2.5,61,0
2026-01-04T12:00,-2.4,-2.0,255.0,295.0,5.86,3.2,62,4
2026-01-04T13:00,-2.0,-1.7,246.0,265.0,4.66,2.33,28,0
2026-01-04T14:00,-2.0,-1.6,177.0,189.0,4.25,1.53,55,0
2026-01-04T15:00,-2.5,-1.9,67.0,84.0,3.65,1.46,83,0
2026-01-04T16:00,-3.1,-2.8,5.0,7.0,3.45,1.98,93,0
2026-01-04T17:00,-3.3,-3.5,0.0,0.0,2.88,1.86,81,0
2026-01-04T18:00,-3.2,-4.1,0.0,0.0,2.35,1.71,96,0
2026-01-04T19:00,-3.4,-4.7,0.0,0.0,1.97,2.2,94,0
2026-01-04T20:00,-3.5,-5.1,0.0,0.0,1.57,1.96,90,0
2026-01-04T21:00,-3.4,-5.4,0.0,0.0,1.79,2.19,78,0
2026-01-04T22:00,-4.1,-5.7,0.0,0.0,2.02,2.4,76,0
2026-01-04T23:00,-4.4,-5.9,0.0,0.0,1.21,2.28,79,0
2026-01-05T00:00,-4.7,-8.1,0.0,0.0,1.83,0.44,77,0
2026-01-05T01:00,-5.0,-8.3,0.0,0.0,2.29,0.31,79,0
2026-01-05T02:00,-5.2,-8.4,0.0,0.0,2.06,0.49,84,0
2026-01-05T03:00,-6.0,-8.6,0.0,0.0,1.59,0.98,62,0
2026-01-05T04:00,-6.3,-8.7,0.0,0.0,2.17,1.47,65,0
2026-01-05T05:00,-6.3,-8.9,0.0,0.0,1.98,2.02,75,0
2026-01-05T06:00,-5.0,-8.8,0.0,0.0,2.15,2.37,100,57
2026-01-05T07:00,-4.9,-8.9,0.0,0.0,2.3,2.46,93,59
2026-01-05T08:00,-5.1,-8.7,15.0,19.0,2.29,2.46,90,67
2026-01-05T09:00,-4.7,-7.8,66.0,93.0,2.45,2.42,100,69
2026-01-05T10:00,-4.1,-6.5,144.0,167.0,2.64,2.67,71,66
2026-01-05T11:00,-3.6,-5.4,227.0,226.0,2.45,2.39,73,58
2026-01-05T12:00,-3.3,-4.1,229.0,255.0,2.08,1.87,78,41
2026-01-05T13:00,-3.1,-3.6,220.0,250.0,2.29,2.19,67,48
2026-01-05T14:00,-3.1,-3.6,167.0,173.0,2.26,2.05,60,46
2026-01-05T15:00,-3.5,-3.9,87.0,77.0,2.92,2.08,0,33
2026-01-05T16:00,-4.3,-4.7,8.0,7.0,3.07,2.37,0,19
2026-01-05T17:00,-5.1,-5.4,0.0,0.0,3.13,2.37,0,6
2026-01-05T18:00,-6.0,-5.6,0.0,0.0,2.94,2.86,0,60
2026-01-05T19:00,-6.6,-6.2,0.0,0.0,3.12,2.52,0,59
2026-01-05T20:00,-6.9,-6.7,0.0,0.0,3.34,2.6,0,26
2026-01-05T21:00,-7.7,-7.2,0.0,0.0,3.19,3.37,0,13
2026-01-05T22:00,-8.0,-7.6,0.0,0.0,3.12,4.03,0,0
2026-01-05T23:00,-8.3,-7.9,0.0,0.0,3.48,4.52,0,0
2026-01-06T00:00,-9.1,-7.9,0.0,0.0,3.86,5.83,0,0
2026-01-06T01:00,-9.5,-8.1,0.0,0.0,3.23,5.87,0,0
2026-01-06T02:00,-10.0,-8.2,0.0,0.0,2.46,5.96,0,0
2026-01-06T03:00,-10.4,-8.4,0.0,0.0,2.67,6.19,0,0
2026-01-06T04:00,-10.7,-8.5,0.0,0.0,2.61,5.83,0,0
2026-01-06T05:00,-11.0,-8.7,0.0,0.0,2.59,5.49,0,0
2026-01-06T06:00,-10.4,-8.7,0.0,0.0,2.85,2.83,0,27
2026-01-06T07:00,-10.6,-8.9,0.0,0.0,2.61,2.77,0,10
2026-01-06T08:00,-10.5,-8.8,23.0,24.0,2.59,2.72,25,29
2026-01-06T09:00,-9.0,-7.9,116.0,107.0,2.43,2.65,62,75
2026-01-06T10:00,-7.2,-6.6,212.0,175.0,2.16,2.88,0,83
2026-01-06T11:00,-5.5,-5.3,275.0,236.0,1.38,2.16,87,76
2026-01-06T12:00,-4.7,-4.4,282.0,290.0,1.5,1.47,67,36
2026-01-06T13:00,-4.1,-3.8,245.0,260.0,1.5,1.85,74,26
2026-01-06T14:00,-4.0,-3.5,172.0,183.0,1.88,2.08,76,79
2026-01-06T15:00,-4.5,-3.7,82.0,73.0,1.67,2.22,63,82
2026-01-06T16:00,-5.7,-4.2,9.0,7.0,2.46,2.57,67,86
2026-01-06T17:00,-6.2,-4.4,0.0,0.0,2.5,2.07,74,73
2026-01-06T18:00,-6.5,-5.6,0.0,0.0,1.8,2.02,81,88
2026-01-06T19:00,-6.7,-5.7,0.0,0.0,2.55,1.67,86,90
2026-01-06T20:00,-7.0,-5.8,0.0,0.0,2.72,1.67,91,84
2026-01-06T21:00,-7.4,-5.9,0.0,0.0,1.77,2.21,69,77
2026-01-06T22:00,-7.9,-6.2,0.0,0.0,1.27,1.96,69,80
2026-01-06T23:00,-8.4,-6.5,0.0,0.0,1.94,2.28,85,74
2026-01-07T00:00,-7.8,-6.7,0.0,0.0,2.48,2.09,91,87
2026-01-07T01:00,-7.9,-6.7,0.0,0.0,2.45,1.86,80,82
2026-01-07T02:00,-8.1,-6.9,0.0,0.0,2.57,1.58,96,57
2026-01-07T03:00,-7.5,-7.4,0.0,0.0,2.32,1.89,100,68
2026-01-07T04:00,-7.5,-7.7,0.0,0.0,2.42,2.01,100,72
2026-01-07T05:00,-7.6,-7.9,0.0,0.0,2.76,1.88,95,63
2026-01-07T06:00,-9.1,-7.6,0.0,0.0,2.8,1.1,63,59
2026-01-07T07:00,-8.7,-8.1,0.0,0.0,3.38,1.28,99,60
2026-01-07T08:00,-7.8,-8.3,14.0,22.0,3.75,1.06,100,60
2026-01-07T09:00,-7.7,-7.7,96.0,112.0,3.37,1.18,77,31
2026-01-07T10:00,-6.4,-6.2,183.0,212.0,2.64,1.97,62,0
2026-01-07T11:00,-5.1,-4.9,278.0,281.0,2.23,1.67,11,0
2026-01-07T12:00,-4.7,-4.6,302.0,276.0,2.39,2.77,0,60
2026-01-07T13:00,-4.3,-4.3,272.0,229.0,2.34,2.18,5,46
2026-01-07T14:00,-4.4,-4.1,194.0,176.0,2.24,1.88,31,41
2026-01-07T15:00,-4.7,-4.5,84.0,87.0,3.94,2.14,25,16
2026-01-07T16:00,-5.9,-5.6,9.0,9.0,4.43,3.48,0,1
2026-01-07T17:00,-6.7,-6.4,0.0,0.0,4.77,4.46,0,0
2026-01-07T18:00,-7.2,-7.1,0.0,0.0,4.61,6.06,0,0
2026-01-07T19:00,-7.6,-7.7,0.0,0.0,4.85,5.68,88,7
2026-01-07T20:00,-7.8,-8.2,0.0,0.0,5.57,5.49,91,94
2026-01-07T21:00,-7.8,-8.8,0.0,0.0,6.24,5.53,93,89
2026-01-07T22:00,-7.4,-9.0,0.0,0.0,6.72,6.2,98,100
2026-01-07T23:00,-6.7,-8.0,0.0,0.0,6.9,7.8,94,98
2026-01-08T00:00,-6.2,-6.6,0.0,0.0,7.21,9.99,92,90
2026-01-08T01:00,-5.1,-5.5,0.0,0.0,7.67,9.81,97,92
2026-01-08T02:00,-4.5,-4.7,0.0,0.0,8.17,9.68,91,88
2026-01-08T03:00,-4.2,-4.4,0.0,0.0,7.76,9.79,100,95
2026-01-08T04:00,-3.7,-4.0,0.0,0.0,8.15,9.79,100,87
2026-01-08T05:00,-3.3,-4.1,0.0,0.0,7.94,9.52,94,84
2026-01-08T06:00,-2.9,-3.7,0.0,0.0,7.26,9.73,94,100
2026-01-08T07:00,-2.8,-3.4,0.0,0.0,7.07,9.27,100,95
2026-01-08T08:00,-2.6,-2.7,15.0,14.0,6.59,9.82,94,95
2026-01-08T09:00,-1.8,-1.9,55.0,66.0,6.85,9.16,97,92
2026-01-08T10:00,-1.0,-1.1,149.0,112.0,7.02,8.19,99,67
2026-01-08T11:00,-0.5,-0.2,178.0,187.0,6.34,8.08,100,99
2026-01-08T12:00,-0.1,0.6,145.0,188.0,6.07,8.75,98,87
2026-01-08T13:00,0.1,0.6,107.0,159.0,5.48,9.11,100,100
2026-01-08T14:00,0.3,0.5,72.0,90.0,5.08,7.93,100,100
2026-01-08T15:00,0.0,0.4,30.0,38.0,4.86,7.16,100,100
2026-01-08T16:00,0.1,0.2,2.0,4.0,5.06,6.63,100,100
2026-01-08T17:00,0.1,0.2,0.0,0.0,5.71,7.38,100,100
2026-01-08T18:00,0.5,0.5,0.0,0.0,7.06,5.98,100,100
2026-01-08T19:00,1.1,0.4,0.0,0.0,6.42,5.57,100,100
2026-01-08T20:00,1.4,0.5,0.0,0.0,6.94,6.43,100,100
2026-01-08T21:00,1.6,1.2,0.0,0.0,8.04,6.72,100,100
2026-01-08T22:00,1.5,1.0,0.0,0.0,8.52,7.07,100,100
2026-01-08T23:00,1.5,1.1,0.0,0.0,8.97,7.93,100,100
2026-01-09T00:00,1.7,2.6,0.0,0.0,8.7,10.37,100,100
2026-01-09T01:00,2.2,2.8,0.0,0.0,9.01,8.7,100,100
2026-01-09T02:00,2.3,2.5,0.0,0.0,9.83,8.92,100,100
2026-01-09T03:00,2.8,2.9,0.0,0.0,10.21,12.91,100,100
2026-01-09T04:00,3.5,4.1,0.0,0.0,10.74,13.74,100,100
2026-01-09T05:00,4.6,4.6,0.0,0.0,12.53,15.56,100,39
2026-01-09T06:00,4.4,4.8,0.0,0.0,12.23,15.88,95,40
2026-01-09T07:00,4.0,4.5,0.0,0.0,13.19,16.04,100,46
2026-01-09T08:00,4.1,4.3,23.0,22.0,15.12,17.34,100,55
2026-01-09T09:00,4.8,4.5,107.0,114.0,12.83,18.22,100,36
2026-01-09T10:00,5.3,5.0,192.0,211.0,16.31,18.77,100,35
2026-01-09T11:00,5.8,5.5,277.0,275.0,15.72,18.62,24,43
2026-01-09T12:00,5.7,5.9,293.0,280.0,13.82,15.9,30,47
2026-01-09T13:00,5.4,5.7,236.0,242.0,12.93,15.12,44,54
2026-01-09T14:00,4.9,5.1,147.0,149.0,11.39,14.21,59,74
2026-01-09T15:00,4.5,4.3,67.0,61.0,11.73,13.91,89,77
2026-01-09T16:00,3.7,3.5,9.0,7.0,12.32,14.23,100,82
2026-01-09T17:00,3.3,3.0,0.0,0.0,12.4,14.65,100,100
2026-01-09T18:00,3.0,3.4,0.0,0.0,12.76,15.11,100,100
2026-01-09T19:00,2.9,2.9,0.0,0.0,12.96,15.33,100,100
2026-01-09T20:00,2.6,2.8,0.0,0.0,13.82,15.6,100,99
2026-01-09T21:00,2.6,2.5,0.0,0.0,13.58,15.98,100,100
2026-01-09T22:00,2.5,2.3,0.0,0.0,14.08,15.96,100,100
2026-01-09T23:00,2.2,2.0,0.0,0.0,12.96,15.33,100,99
2026-01-10T00:00,2.0,1.7,0.0,0.0,13.53,14.64,100,100
2026-01-10T01:00,2.0,1.5,0.0,0.0,12.7,15.06,100,100
2026-01-10T02:00,1.7,1.4,0.0,0.0,12.77,14.6,100,100
2026-01-10T03:00,1.7,1.2,0.0,0.0,13.41,13.82,100,100
2026-01-10T04:00,1.4,1.3,0.0,0.0,11.86,13.86,98,100
2026-01-10T05:00,1.3,1.1,0.0,0.0,12.8,13.48,100,100
2026-01-10T06:00,1.2,1.3,0.0,0.0,11.7,12.75,100,100
2026-01-10T07:00,1.0,1.1,0.0,0.0,11.81,12.59,100,100
2026-01-10T08:00,1.1,1.0,10.0,9.0,11.75,12.41,100,100
2026-01-10T09:00,1.1,1.1,49.0,48.0,9.55,11.71,100,100
2026-01-10T10:00,1.3,1.1,84.0,78.0,9.73,11.63,98,100
2026-01-10T11:00,1.3,0.9,114.0,72.0,9.21,11.25,99,100
2026-01-10T12:00,1.4,1.3,111.0,83.0,9.24,12.73,100,100
2026-01-10T13:00,0.7,0.9,91.0,60.0,8.59,11.0,100,100
2026-01-10T14:00,1.0,0.8,68.0,46.0,8.75,9.66,98,100
2026-01-10T15:00,0.4,0.5,31.0,33.0,8.25,8.73,97,100
2026-01-10T16:00,0.0,-0.4,6.0,5.0,6.04,9.06,98,100
2026-01-10T17:00,-0.8,-1.1,0.0,0.0,7.38,7.04,100,98
2026-01-10T18:00,-0.3,-0.1,0.0,0.0,5.55,7.68,98,100
2026-01-10T19:00,-0.4,-0.6,0.0,0.0,5.77,7.54,96,99
2026-01-10T20:00,-0.9,-1.2,0.0,0.0,6.73,8.12,96,97
2026-01-10T21:00,-1.0,-1.9,0.0,0.0,6.54,8.2,95,95
2026-01-10T22:00,-1.7,-2.4,0.0,0.0,5.6,7.79,97,95
2026-01-10T23:00,-3.7,-2.7,0.0,0.0,5.44,7.21,96,94
2026-01-11T00:00,-3.9,-6.0,0.0,0.0,5.14,6.17,97,94
2026-01-11T01:00,-4.4,-6.4,0.0,0.0,3.84,5.41,89,95
2026-01-11T02:00,-4.8,-6.7,0.0,0.0,3.8,4.81,82,93
2026-01-11T03:00,-5.7,-6.7,0.0,0.0,2.95,3.9,77,92
2026-01-11T04:00,-6.0,-7.0,0.0,0.0,2.38,3.46,89,51
2026-01-11T05:00,-6.2,-8.1,0.0,0.0,2.72,2.94,100,16
2026-01-11T06:00,-6.2,-8.7,0.0,0.0,2.5,2.91,100,28
2026-01-11T07:00,-6.3,-9.0,0.0,0.0,2.04,2.68,100,15
2026-01-11T08:00,-6.2,-8.7,26.0,27.0,1.77,2.69,62,2
2026-01-11T09:00,-5.2,-7.1,124.0,129.0,1.18,3.37,0,21
2026-01-11T10:00,-4.2,-5.8,225.0,229.0,1.62,2.55,3,12
2026-01-11T11:00,-3.3,-5.0,291.0,296.0,2.29,2.27,0,4
2026-01-11T12:00,-2.4,-3.6,249.0,305.0,3.73,1.95,100,50
2026-01-11T13:00,-2.1,-3.3,130.0,256.0,3.72,2.19,96,60
2026-01-11T14:00,-1.9,-3.3,90.0,175.0,3.64,2.36,100,57
2026-01-11T15:00,-2.0,-3.7,49.0,81.0,3.74,1.46,95,50
2026-01-11T16:00,-2.2,-4.5,8.0,11.0,4.06,1.63,95,42
2026-01-11T17:00,-2.1,-5.1,0.0,0.0,2.73,1.67,78,31
2026-01-11T18:00,-2.5,-5.7,0.0,0.0,3.66,2.23,95,0
2026-01-11T19:00,-2.3,-6.4,0.0,0.0,2.59,2.29,59,0
2026-01-11T20:00,-3.2,-6.8,0.0,0.0,2.59,2.39,85,0
2026-01-11T21:00,-4.0,-7.2,0.0,0.0,2.71,2.64,100,35
2026-01-11T22:00,-4.5,-7.5,0.0,0.0,3.24,3.07,100,27
2026-01-11T23:00,-4.7,-7.7,0.0,0.0,3.63,3.84,100,19
2026-01-12T00:00,-5.0,-6.0,0.0,0.0,4.57,5.4,100,82
2026-01-12T01:00,-4.5,-5.9,0.0,0.0,4.73,5.61,100,100
2026-01-12T02:00,-4.2,-5.2,0.0,0.0,4.61,6.01,98,97
2026-01-12T03:00,-4.5,-4.7,0.0,0.0,4.59,5.09,100,100
2026-01-12T04:00,-4.2,-4.4,0.0,0.0,4.19,4.52,100,100
2026-01-12T05:00,-3.7,-3.9,0.0,0.0,5.14,5.6,100,100
2026-01-12T06:00,-3.2,-3.4,0.0,0.0,5.82,7.73,100,100
2026-01-12T07:00,-3.4,-2.4,0.0,0.0,6.49,9.41,100,100
2026-01-12T08:00,-2.1,-1.3,4.0,6.0,5.93,8.59,100,100
2026-01-12T09:00,-0.8,-0.7,24.0,18.0,7.58,9.15,97,100
2026-01-12T10:00,0.0,-0.3,42.0,47.0,7.48,8.42,100,100
2026-01-12T11:00,0.7,0.5,47.0,37.0,6.52,8.06,100,100
2026-01-12T12:00,1.3,3.0,57.0,42.0,6.86,10.9,100,100
2026-01-12T13:00,2.1,3.2,40.0,37.0,7.89,10.63,100,100
2026-01-12T14:00,2.6,3.3,26.0,20.0,8.26,10.34,100,100
2026-01-12T15:00,2.7,3.8,14.0,10.0,7.84,10.77,100,100
2026-01-12T16:00,2.6,3.9,2.0,2.0,7.8,10.97,100,100
2026-01-12T17:00,2.8,4.1,0.0,0.0,8.42,11.31,100,100
2026-01-12T18:00,3.1,3.8,0.0,0.0,9.0,12.36,100,100
2026-01-12T19:00,3.7,4.3,0.0,0.0,9.7,13.01,100,95
2026-01-12T20:00,3.8,4.6,0.0,0.0,8.72,12.02,100,99
2026-01-12T21:00,3.9,4.3,0.0,0.0,9.09,11.13,94,99
2026-01-12T22:00,4.2,4.5,0.0,0.0,8.92,11.55,97,100
2026-01-12T23:00,4.2,4.6,0.0,0.0,8.78,11.81,100,100
2026-01-13T00:00,3.1,5.2,0.0,0.0,5.74,12.14,100,87
2026-01-13T01:00,3.7,4.7,0.0,0.0,8.28,12.03,98,100
2026-01-13T02:00,4.1,4.7,0.0,0.0,10.21,11.61,96,100
2026-01-13T03:00,4.2,4.5,0.0,0.0,10.26,10.83,86,100
2026-01-13T04:00,4.0,4.4,0.0,0.0,8.22,10.79,79,91
2026-01-13T05:00,3.6,4.5,0.0,0.0,6.15,11.79,81,80
2026-01-13T06:00,3.1,4.5,0.0,0.0,4.87,11.26,94,90
2026-01-13T07:00,2.9,4.5,0.0,0.0,5.46,10.62,89,96
2026-01-13T08:00,2.8,4.4,18.0,8.0,5.39,9.9,98,90
2026-01-13T09:00,3.2,4.7,94.0,42.0,6.02,9.17,85,86
2026-01-13T10:00,3.8,5.1,161.0,81.0,6.28,7.91,72,99
2026-01-13T11:00,4.6,5.7,228.0,110.0,5.48,7.41,66,100
2026-01-13T12:00,6.0,5.7,284.0,153.0,4.76,4.43,17,85
2026-01-13T13:00,6.6,6.3,259.0,168.0,3.15,2.98,43,90
2026-01-13T14:00,6.1,6.1,185.0,154.0,2.12,1.33,88,53
2026-01-13T15:00,4.8,5.1,92.0,91.0,2.9,0.92,24,87
2026-01-13T16:00,3.6,3.7,13.0,13.0,4.04,3.13,28,100
2026-01-13T17:00,3.2,3.0,0.0,0.0,3.48,4.84,54,100
2026-01-13T18:00,3.5,3.9,0.0,0.0,4.24,3.64,100,13
2026-01-13T19:00,2.8,3.4,0.0,0.0,3.14,3.46,100,24
2026-01-13T20:00,1.6,3.0,0.0,0.0,3.68,3.04,100,31
2026-01-13T21:00,1.3,2.7,0.0,0.0,3.88,2.95,100,100
2026-01-13T22:00,1.4,2.4,0.0,0.0,4.52,3.14,98,100
2026-01-13T23:00,1.6,2.2,0.0,0.0,4.86,3.8,100,100
2026-01-14T00:00,1.2,1.4,0.0,0.0,4.78,3.4,98,76
2026-01-14T01:00,1.4,1.1,0.0,0.0,5.82,2.92,100,96
2026-01-14T02:00,1.5,0.9,0.0,0.0,5.75,2.75,100,95
2026-01-14T03:00,0.7,0.7,0.0,0.0,4.52,2.92,100,100
2026-01-14T04:00,1.1,0.4,0.0,0.0,5.14,3.99,100,99
2026-01-14T05:00,1.1,0.7,0.0,0.0,4.92,4.24,54,100
2026-01-14T06:00,1.5,1.8,0.0,0.0,6.94,7.88,100,99
2026-01-14T07:00,1.6,2.2,0.0,0.0,8.27,8.7,100,100
2026-01-14T08:00,2.5,2.8,20.0,17.0,8.56,9.07,100,100
2026-01-14T09:00,3.4,3.7,80.0,74.0,7.8,9.52,100,100
2026-01-14T10:00,4.8,4.8,131.0,128.0,7.42,9.77,100,100
2026-01-14T11:00,6.2,5.6,168.0,173.0,6.53,9.98,100,100
2026-01-14T12:00,8.7,5.7,259.0,138.0,6.84,9.82,99,100
2026-01-14T13:00,8.9,6.2,201.0,123.0,6.92,10.55,100,100
2026-01-14T14:00,8.5,6.3,123.0,79.0,6.88,10.91,100,100
2026-01-14T15:00,8.3,5.9,74.0,38.0,6.36,10.47,43,100
2026-01-14T16:00,6.7,5.3,13.0,5.0,6.09,10.25,28,100
2026-01-14T17:00,4.8,5.2,0.0,0.0,5.58,9.81,0,100
2026-01-14T18:00,3.1,5.1,0.0,0.0,5.44,8.81,39,88
2026-01-14T19:00,2.6,4.6,0.0,0.0,5.06,8.47,97,86
2026-01-14T20:00,2.4,4.1,0.0,0.0,5.01,7.72,100,99
2026-01-14T21:00,2.1,3.9,0.0,0.0,5.4,7.73,100,100
2026-01-14T22:00,1.7,3.8,0.0,0.0,4.85,7.58,94,99
2026-01-14T23:00,1.5,3.6,0.0,0.0,4.51,7.32,99,100
2026-01-15T00:00,1.5,2.6,0.0,0.0,4.99,5.71,100,100
2026-01-15T01:00,1.7,2.4,0.0,0.0,5.2,5.43,100,100
2026-01-15T02:00,1.7,2.6,0.0,0.0,5.06,5.7,100,100
2026-01-15T03:00,1.8,2.8,0.0,0.0,4.57,6.49,100,100
2026-01-15T04:00,1.9,3.1,0.0,0.0,5.06,8.03,100,100
2026-01-15T05:00,1.9,3.6,0.0,0.0,5.61,7.56,100,100
2026-01-15T06:00,2.2,3.0,0.0,0.0,6.17,8.37,100,100
2026-01-15T07:00,2.2,3.5,0.0,0.0,6.21,9.43,100,92
2026-01-15T08:00,2.4,3.4,17.0,11.0,5.51,8.12,100,99
2026-01-15T09:00,3.4,3.8,75.0,50.0,5.0,7.19,100,90
2026-01-15T10:00,5.3,4.7,138.0,101.0,5.13,6.69,78,93
2026-01-15T11:00,7.3,6.0,228.0,168.0,3.96,6.47,64,80
2026-01-15T12:00,9.0,7.9,302.0,248.0,2.43,4.67,0,49
2026-01-15T13:00,9.4,9.2,276.0,261.0,1.21,3.74,0,39
2026-01-15T14:00,9.4,9.2,206.0,199.0,1.55,2.73,8,9
2026-01-15T15:00,8.9,8.0,104.0,102.0,2.39,2.97,45,35
2026-01-15T16:00,6.9,5.7,16.0,15.0,3.41,3.65,19,81
2026-01-15T17:00,5.4,3.9,0.0,0.0,5.48,4.78,4,35
2026-01-15T18:00,4.5,2.3,0.0,0.0,5.27,5.76,13,16
2026-01-15T19:00,3.5,1.6,0.0,0.0,5.6,7.85,5,1
2026-01-15T20:00,2.8,1.9,0.0,0.0,6.88,8.24,21,6
2026-01-15T21:00,2.2,1.6,0.0,0.0,6.75,7.76,56,25
2026-01-15T22:00,1.6,1.5,0.0,0.0,6.54,8.91,42,25
2026-01-15T23:00,1.3,1.7,0.0,0.0,7.14,5.62,58,36
2026-01-16T00:00,1.1,0.4,0.0,0.0,7.51,6.35,98,100
2026-01-16T01:00,0.8,0.2,0.0,0.0,6.39,5.26,44,100
2026-01-16T02:00,0.6,-0.2,0.0,0.0,3.32,3.98,63,100
2026-01-16T03:00,1.0,-0.4,0.0,0.0,2.26,2.59,87,82
2026-01-16T04:00,0.6,-0.7,0.0,0.0,1.77,1.89,29,67
2026-01-16T05:00,-0.0,-0.9,0.0,0.0,1.94,1.89,79,49
2026-01-16T06:00,-0.4,-1.6,0.0,0.0,1.58,1.55,1,5
2026-01-16T07:00,-0.6,-1.8,0.0,0.0,1.43,1.21,4,35
2026-01-16T08:00,-0.3,-1.4,27.0,26.0,1.67,0.5,0,50
2026-01-16T09:00,1.0,-0.2,120.0,107.0,1.18,0.53,54,37
2026-01-16T10:00,3.0,2.5,213.0,197.0,0.2,0.4,0,36
2026-01-16T11:00,4.5,4.3,280.0,261.0,0.35,1.0,3,40
2026-01-16T12:00,6.4,6.7,301.0,286.0,0.29,1.38,72,30
2026-01-16T13:00,7.2,7.3,275.0,266.0,0.66,1.58,24,19
2026-01-16T14:00,7.2,6.9,200.0,199.0,1.95,2.64,40,28
2026-01-16T15:00,6.0,5.4,94.0,100.0,3.26,4.43,100,37
2026-01-16T16:00,3.7,3.1,16.0,16.0,3.93,5.02,100,36
2026-01-16T17:00,2.5,1.5,0.0,0.0,4.52,5.49,39,5
2026-01-16T18:00,1.4,0.5,0.0,0.0,5.2,5.2,73,0
2026-01-16T19:00,0.9,0.1,0.0,0.0,5.51,5.9,0,3
2026-01-16T20:00,0.1,-0.3,0.0,0.0,5.85,5.79,61,48
2026-01-16T21:00,-1.0,-1.0,0.0,0.0,4.35,4.59,100,90
2026-01-16T22:00,-1.2,-1.8,0.0,0.0,4.24,4.19,100,100
2026-01-16T23:00,-1.4,-2.2,0.0,0.0,4.63,3.98,100,100
2026-01-17T00:00,-1.7,-2.4,0.0,0.0,4.8,3.64,100,100
2026-01-17T01:00,-1.8,-2.5,0.0,0.0,4.9,4.02,100,100
2026-01-17T02:00,-1.9,-2.2,0.0,0.0,4.7,4.02,100,100
2026-01-17T03:00,-2.1,-1.9,0.0,0.0,5.1,4.12,100,100
2026-01-17T04:00,-1.9,-2.0,0.0,0.0,5.0,3.92,100,100
2026-01-17T05:00,-2.0,-2.4,0.0,0.0,4.7,3.46,100,100
2026-01-17T06:00,-2.2,-2.6,0.0,0.0,4.61,2.94,100,100
2026-01-17T07:00,-2.2,-2.6,0.0,0.0,4.92,2.45,100,100
2026-01-17T08:00,-2.2,-2.5,10.0,9.0,4.62,1.97,100,100
2026-01-17T09:00,-2.0,-2.4,41.0,31.0,3.55,1.69,100,100
2026-01-17T10:00,-1.6,-2.0,75.0,67.0,3.15,1.52,100,100
2026-01-17T11:00,-1.2,-1.6,99.0,88.0,3.04,1.27,100,100
2026-01-17T12:00,-0.7,-1.1,109.0,94.0,3.04,2.06,100,100
2026-01-17T13:00,-0.3,-0.2,121.0,79.0,3.23,2.84,100,100
2026-01-17T14:00,-0.0,0.1,95.0,65.0,3.43,3.43,100,100
2026-01-17T15:00,-0.3,-0.2,60.0,30.0,3.53,3.54,97,100
2026-01-17T16:00,-0.5,-0.4,11.0,6.0,3.72,4.13,100,100
2026-01-17T17:00,-0.8,-0.6,0.0,0.0,4.02,4.35,100,100
2026-01-17T18:00,-1.2,-0.6,0.0,0.0,3.73,3.56,100,100
2026-01-17T19:00,-1.2,-0.7,0.0,0.0,4.33,3.76,100,100
2026-01-17T20:00,-1.2,-0.7,0.0,0.0,4.71,3.83,100,100
2026-01-17T21:00,-1.4,-0.8,0.0,0.0,4.8,4.02,100,100
2026-01-17T22:00,-1.4,-0.8,0.0,0.0,5.0,4.61,100,100
2026-01-17T23:00,-1.2,-0.8,0.0,0.0,5.29,5.0,100,100
2026-01-18T00:00,-0.9,-0.9,0.0,0.0,5.39,4.04,100,100
2026-01-18T01:00,-0.6,-0.9,0.0,0.0,5.19,4.05,100,100
2026-01-18T02:00,-0.6,-0.8,0.0,0.0,5.0,4.08,100,100
2026-01-18T03:00,-0.6,-0.9,0.0,0.0,4.7,4.16,100,100
2026-01-18T04:00,-0.6,-0.9,0.0,0.0,4.7,4.43,100,100
2026-01-18T05:00,-0.7,-0.8,0.0,0.0,4.8,4.71,100,100
2026-01-18T06:00,-0.7,-1.0,0.0,0.0,4.8,4.02,100,100
2026-01-18T07:00,-0.8,-0.9,0.0,0.0,5.0,4.03,100,100
2026-01-18T08:00,-0.8,-0.5,9.0,10.0,4.91,3.82,100,100
2026-01-18T09:00,-1.0,-0.5,38.0,41.0,4.31,3.34,100,100
2026-01-18T10:00,-0.9,-0.9,65.0,79.0,3.92,2.97,100,100
2026-01-18T11:00,-0.5,-0.9,98.0,120.0,3.43,2.88,100,100
2026-01-18T12:00,0.1,-0.2,115.0,112.0,3.33,3.04,100,100
2026-01-18T13:00,0.7,0.8,104.0,121.0,3.33,2.84,100,98
2026-01-18T14:00,1.4,2.0,120.0,127.0,3.54,2.95,79,79
2026-01-18T15:00,1.0,1.9,71.0,81.0,3.45,3.46,72,47
2026-01-18T16:00,0.1,0.7,17.0,17.0,3.63,3.69,13,20
2026-01-18T17:00,-0.6,-0.3,0.0,0.0,3.57,3.59,7,19
2026-01-18T18:00,-0.4,-1.1,0.0,0.0,4.6,4.23,88,0
2026-01-18T19:00,-0.4,-2.0,0.0,0.0,3.72,4.64,97,0
2026-01-18T20:00,-0.5,-2.4,0.0,0.0,3.29,4.9,93,21
2026-01-18T21:00,-1.5,-2.6,0.0,0.0,2.37,4.68,79,35
2026-01-18T22:00,-1.9,-2.8,0.0,0.0,2.41,4.59,94,55
2026-01-18T23:00,-1.6,-3.0,0.0,0.0,2.23,4.66,97,65
2026-01-19T00:00,-1.0,-1.3,0.0,0.0,2.57,2.89,100,93
2026-01-19T01:00,-1.2,-1.4,0.0,0.0,2.29,3.24,100,89
2026-01-19T02:00,-1.5,-1.8,0.0,0.0,1.8,3.33,100,83
2026-01-19T03:00,-1.7,-2.5,0.0,0.0,1.62,3.01,100,75
2026-01-19T04:00,-2.0,-2.9,0.0,0.0,1.63,2.77,100,84
2026-01-19T05:00,-2.1,-2.9,0.0,0.0,2.04,2.68,100,80
2026-01-19T06:00,-2.2,-4.2,0.0,0.0,2.15,3.44,100,35
2026-01-19T07:00,-2.2,-4.5,0.0,0.0,2.06,3.32,100,26
2026-01-19T08:00,-2.2,-4.2,11.0,28.0,1.93,3.38,100,36
2026-01-19T09:00,-1.7,-2.6,72.0,117.0,1.64,3.47,100,38
2026-01-19T10:00,-0.9,-0.5,158.0,209.0,2.11,3.35,53,30
2026-01-19T11:00,0.5,1.2,268.0,277.0,2.09,2.16,0,24
2026-01-19T12:00,2.0,3.0,310.0,301.0,2.06,2.37,0,0
2026-01-19T13:00,2.8,4.1,283.0,277.0,2.26,2.59,0,0
2026-01-19T14:00,3.2,4.5,213.0,209.0,2.87,3.14,0,0
2026-01-19T15:00,2.4,3.5,112.0,110.0,2.9,4.17,0,0
2026-01-19T16:00,1.4,2.0,20.0,21.0,3.27,4.34,0,0
2026-01-19T17:00,0.9,0.7,0.0,0.0,3.14,4.22,0,0
2026-01-19T18:00,0.0,0.3,0.0,0.0,2.94,3.92,0,0
2026-01-19T19:00,-0.6,-0.3,0.0,0.0,3.35,3.92,0,0
2026-01-19T20:00,-1.2,-0.9,0.0,0.0,3.17,4.02,0,0
2026-01-19T21:00,-1.6,-1.4,0.0,0.0,2.75,4.11,0,0
2026-01-19T22:00,-2.0,-1.8,0.0,0.0,2.47,4.12,0,0
2026-01-19T23:00,-2.4,-2.3,0.0,0.0,2.18,3.92,0,0
2026-01-20T00:00,-2.9,-3.1,0.0,0.0,2.16,3.53,0,2
2026-01-20T01:00,-3.5,-3.6,0.0,0.0,2.16,3.53,0,0
2026-01-20T02:00,-3.9,-3.9,0.0,0.0,2.27,3.48,0,3
2026-01-20T03:00,-3.8,-4.2,0.0,0.0,1.52,3.31,0,0
2026-01-20T04:00,-4.1,-4.5,0.0,0.0,1.4,3.19,0,0
2026-01-20T05:00,-4.4,-4.7,0.0,0.0,1.67,3.15,0,0
2026-01-20T06:00,-4.6,-5.0,0.0,0.0,2.08,3.26,0,0
2026-01-20T07:00,-4.7,-5.2,0.0,0.0,1.71,3.6,0,0
2026-01-20T08:00,-4.6,-5.0,31.0,31.0,1.62,3.81,0,0
2026-01-20T09:00,-3.8,-3.4,105.0,126.0,2.48,3.73,0,0
2026-01-20T10:00,-1.9,-1.2,211.0,222.0,1.68,4.05,0,0
2026-01-20T11:00,-0.2,0.6,295.0,289.0,1.28,2.86,0,0
2026-01-20T12:00,1.6,1.4,316.0,316.0,1.02,1.9,0,0
2026-01-20T13:00,2.3,2.2,292.0,292.0,1.48,2.36,0,0
2026-01-20T14:00,2.5,2.5,222.0,222.0,1.92,2.85,0,0
2026-01-20T15:00,1.6,1.9,119.0,120.0,2.55,3.88,0,0
2026-01-20T16:00,0.4,0.6,24.0,23.0,2.85,4.61,0,0
2026-01-20T17:00,-0.3,-0.8,0.0,0.0,2.45,4.9,0,0
2026-01-20T18:00,-0.9,-2.2,0.0,0.0,2.36,4.08,0,0
2026-01-20T19:00,-1.4,-3.0,0.0,0.0,2.95,3.69,0,0
2026-01-20T20:00,-2.0,-3.8,0.0,0.0,2.95,3.84,0,0
2026-01-20T21:00,-2.9,-4.4,0.0,0.0,2.66,3.84,0,0
2026-01-20T22:00,-3.4,-4.8,0.0,0.0,2.45,3.48,0,0
2026-01-20T23:00,-3.7,-5.3,0.0,0.0,2.06,3.37,0,0
2026-01-21T00:00,-4.5,-5.1,0.0,0.0,1.62,2.95,0,0
2026-01-21T01:00,-5.1,-5.5,0.0,0.0,1.38,2.97,0,0
2026-01-21T02:00,-5.2,-5.7,0.0,0.0,1.47,2.42,0,0
2026-01-21T03:00,-5.9,-6.2,0.0,0.0,0.97,2.7,0,0
2026-01-21T04:00,-6.8,-6.5,0.0,0.0,1.33,2.15,86,0
2026-01-21T05:00,-6.8,-6.8,0.0,0.0,0.93,1.96,100,0
2026-01-21T06:00,-6.9,-6.9,0.0,0.0,2.04,2.72,96,0
2026-01-21T07:00,-8.1,-7.2,0.0,0.0,1.18,2.86,100,0
2026-01-21T08:00,-7.7,-7.1,23.0,33.0,1.67,2.78,100,0
2026-01-21T09:00,-4.6,-5.7,135.0,132.0,1.06,2.15,0,0
2026-01-21T10:00,-2.3,-3.6,234.0,229.0,1.46,2.01,0,0
2026-01-21T11:00,-0.4,-1.8,304.0,296.0,0.1,1.39,0,0
2026-01-21T12:00,1.6,1.0,326.0,322.0,1.02,0.66,0,0
2026-01-21T13:00,2.4,2.1,301.0,298.0,2.35,1.38,0,0
2026-01-21T14:00,2.5,2.3,230.0,228.0,2.69,1.1,0,0
2026-01-21T15:00,1.8,1.8,126.0,124.0,2.88,2.55,0,0
2026-01-21T16:00,0.4,0.7,25.0,25.0,4.53,2.54,0,0
2026-01-21T17:00,-0.8,-0.5,0.0,0.0,3.85,2.51,0,0
2026-01-21T18:00,-1.8,-1.8,0.0,0.0,4.51,4.35,0,0
2026-01-21T19:00,-2.5,-2.5,0.0,0.0,4.21,4.42,0,0
2026-01-21T20:00,-3.1,-3.1,0.0,0.0,5.0,4.38,0,0
2026-01-21T21:00,-3.5,-3.6,0.0,0.0,5.49,4.25,0,0
2026-01-21T22:00,-4.2,-4.2,0.0,0.0,5.09,5.02,0,0
2026-01-21T23:00,-4.6,-4.5,0.0,0.0,5.58,5.82,0,4
2026-01-22T00:00,-5.2,-5.0,0.0,0.0,5.59,5.24,0,0
2026-01-22T01:00,-5.7,-5.3,0.0,0.0,4.62,4.84,0,0
2026-01-22T02:00,-6.2,-5.6,0.0,0.0,3.76,4.7,0,0
2026-01-22T03:00,-6.7,-5.9,0.0,0.0,4.14,4.81,0,0
2026-01-22T04:00,-7.1,-6.1,0.0,0.0,3.35,4.63,0,0
2026-01-22T05:00,-7.4,-6.4,0.0,0.0,1.95,4.13,0,0
2026-01-22T06:00,-8.1,-6.7,0.0,0.0,1.5,3.43,0,0
2026-01-22T07:00,-8.3,-7.0,0.0,0.0,1.08,3.04,0,0
2026-01-22T08:00,-8.0,-6.9,35.0,36.0,1.28,3.14,0,0
2026-01-22T09:00,-6.5,-5.7,137.0,139.0,1.53,2.75,0,0
2026-01-22T10:00,-4.7,-4.4,240.0,239.0,0.92,1.81,0,0
2026-01-22T11:00,-3.0,-3.1,308.0,307.0,0.92,1.59,0,0
2026-01-22T12:00,-1.9,-2.3,332.0,329.0,1.19,0.89,0,0
2026-01-22T13:00,-0.8,-1.3,307.0,304.0,1.1,0.88,0,0
2026-01-22T14:00,-0.4,-0.8,235.0,233.0,0.69,0.98,0,0
2026-01-22T15:00,-0.3,-0.8,129.0,128.0,0.42,1.39,0,0
2026-01-22T16:00,-1.9,-1.9,27.0,26.0,1.58,1.67,0,0
2026-01-22T17:00,-3.3,-3.2,0.0,0.0,1.62,1.89,0,0
2026-01-22T18:00,-4.5,-4.5,0.0,0.0,1.46,1.5,100,0
2026-01-22T19:00,-5.0,-5.3,0.0,0.0,0.84,1.39,100,0
2026-01-22T20:00,-5.5,-5.9,0.0,0.0,0.97,0.96,100,0
2026-01-22T21:00,-7.1,-6.5,0.0,0.0,1.67,0.66,100,0
2026-01-22T22:00,-7.3,-7.0,0.0,0.0,1.55,0.81,100,0
2026-01-22T23:00,-7.5,-7.4,0.0,0.0,1.77,1.5,71,29
2026-01-23T00:00,-7.7,-6.6,0.0,0.0,1.77,1.62,38,80
2026-01-23T01:00,-7.7,-6.8,0.0,0.0,2.01,1.49,69,51
2026-01-23T02:00,-7.6,-7.0,0.0,0.0,2.57,1.18,100,91
2026-01-23T03:00,-6.0,-7.1,0.0,0.0,2.92,1.59,100,90
2026-01-23T04:00,-5.8,-7.2,0.0,0.0,2.89,1.55,100,100
2026-01-23T05:00,-5.6,-7.2,0.0,0.0,4.28,1.98,100,40
2026-01-23T06:00,-5.8,-6.0,0.0,0.0,4.61,4.35,100,94
2026-01-23T07:00,-5.9,-6.1,0.0,0.0,5.27,5.5,93,93
2026-01-23T08:00,-5.6,-5.5,32.0,27.0,5.16,6.19,100,100
2026-01-23T09:00,-6.2,-4.2,95.0,97.0,3.83,5.52,100,100
2026-01-23T10:00,-4.7,-2.7,195.0,190.0,4.9,4.51,61,65
2026-01-23T11:00,-2.6,-1.1,302.0,272.0,4.21,3.59,82,85
2026-01-23T12:00,-1.7,0.4,264.0,266.0,3.76,3.27,89,75
2026-01-23T13:00,-0.8,1.5,261.0,266.0,4.28,3.76,70,36
2026-01-23T14:00,-0.4,1.9,216.0,217.0,2.14,4.33,37,41
2026-01-23T15:00,-0.4,1.4,116.0,120.0,4.23,5.09,65,44
2026-01-23T16:00,-1.5,0.1,28.0,27.0,4.43,5.78,27,32
2026-01-23T17:00,-2.6,-1.0,0.0,0.0,5.98,5.52,52,59
2026-01-23T18:00,-3.1,-3.2,0.0,0.0,6.86,5.06,42,100
2026-01-23T19:00,-3.7,-3.9,0.0,0.0,6.57,5.25,61,100
2026-01-23T20:00,-4.1,-4.1,0.0,0.0,7.16,4.9,100,100
2026-01-23T21:00,-4.5,-4.5,0.0,0.0,5.88,5.49,100,100
2026-01-23T22:00,-4.8,-4.6,0.0,0.0,6.47,5.0,91,100
2026-01-23T23:00,-4.9,-4.8,0.0,0.0,7.16,5.59,100,79
2026-01-24T00:00,-4.9,-5.1,0.0,0.0,5.31,5.98,100,97
2026-01-24T01:00,-5.1,-5.2,0.0,0.0,5.02,5.8,100,97
2026-01-24T02:00,-5.3,-5.5,0.0,0.0,4.66,5.72,100,100
2026-01-24T03:00,-4.7,-5.6,0.0,0.0,3.76,4.13,100,94
2026-01-24T04:00,-4.5,-5.7,0.0,0.0,2.18,3.34,100,100
2026-01-24T05:00,-4.5,-5.7,0.0,0.0,0.6,1.69,100,99
2026-01-24T06:00,-4.7,-5.3,0.0,0.0,1.97,2.82,98,100
2026-01-24T07:00,-4.8,-5.5,0.0,0.0,1.73,3.33,97,100
2026-01-24T08:00,-4.6,-5.1,31.0,19.0,1.04,3.94,86,100
2026-01-24T09:00,-3.3,-3.9,110.0,43.0,0.89,5.0,100,100
2026-01-24T10:00,-1.7,-2.6,196.0,106.0,0.31,4.42,100,95
2026-01-24T11:00,-0.2,-1.3,268.0,149.0,1.04,3.14,100,97
2026-01-24T12:00,-1.5,-2.1,212.0,137.0,2.66,2.75,100,97
2026-01-24T13:00,-0.9,-1.2,205.0,175.0,2.73,2.35,100,95
2026-01-24T14:00,-0.7,-0.8,157.0,132.0,2.38,1.67,100,100
2026-01-24T15:00,-1.2,-0.6,112.0,73.0,3.4,1.4,57,100
2026-01-24T16:00,-1.9,-0.8,27.0,20.0,4.41,0.6,80,100
2026-01-24T17:00,-2.3,-1.4,0.0,0.0,4.25,0.81,76,97
2026-01-24T18:00,-2.3,-1.6,0.0,0.0,4.82,1.06,0,11
2026-01-24T19:00,-3.0,-2.4,0.0,0.0,4.93,1.63,60,0
2026-01-24T20:00,-3.5,-3.1,0.0,0.0,5.33,1.88,100,0
2026-01-24T21:00,-3.1,-3.7,0.0,0.0,4.73,1.18,100,0
2026-01-24T22:00,-3.1,-4.2,0.0,0.0,4.32,1.57,100,0
2026-01-24T23:00,-3.1,-4.5,0.0,0.0,4.32,2.81,100,91
2026-01-25T00:00,-3.3,-4.9,0.0,0.0,4.25,1.81,100,19
2026-01-25T01:00,-3.3,-5.1,0.0,0.0,3.22,1.85,100,43
2026-01-25T02:00,-3.5,-5.4,0.0,0.0,3.47,2.47,100,61
2026-01-25T03:00,-3.9,-5.1,0.0,0.0,2.98,2.33,100,100
2026-01-25T04:00,-3.9,-5.1,0.0,0.0,2.75,2.98,100,100
2026-01-25T05:00,-4.0,-4.9,0.0,0.0,1.33,4.56,100,100
2026-01-25T06:00,-3.9,-4.3,0.0,0.0,1.4,0.9,100,100
2026-01-25T07:00,-4.0,-4.2,0.0,0.0,1.68,1.61,100,100
2026-01-25T08:00,-3.8,-4.0,20.0,17.0,2.2,0.35,100,100
2026-01-25T09:00,-4.0,-3.5,61.0,63.0,1.02,1.02,100,100
2026-01-25T10:00,-3.6,-2.9,86.0,93.0,0.14,1.64,100,100
2026-01-25T11:00,-3.1,-2.1,126.0,116.0,1.31,1.45,100,100
2026-01-25T12:00,-2.1,-2.9,104.0,68.0,0.66,0.9,100,100
2026-01-25T13:00,-1.9,-2.6,78.0,61.0,0.55,0.98,100,100
2026-01-25T14:00,-2.0,-2.5,42.0,35.0,2.04,2.67,100,100
2026-01-25T15:00,-2.2,-2.4,22.0,18.0,2.08,2.26,100,100
2026-01-25T16:00,-2.4,-2.3,5.0,9.0,2.16,2.75,100,100
2026-01-25T17:00,-2.4,-2.3,0.0,0.0,3.82,2.35,100,100
2026-01-25T18:00,-2.4,-2.4,0.0,0.0,3.19,1.68,100,100
2026-01-25T19:00,-2.5,-2.4,0.0,0.0,3.72,3.37,100,100
2026-01-25T20:00,-2.4,-2.6,0.0,0.0,4.85,5.3,100,100
2026-01-25T21:00,-1.6,-2.6,0.0,0.0,4.42,5.79,100,100
2026-01-25T22:00,-1.0,-2.5,0.0,0.0,4.87,5.06,100,100
2026-01-25T23:00,-0.5,-2.3,0.0,0.0,5.31,5.73,100,100
2026-01-26T00:00,0.3,0.2,0.0,0.0,7.25,6.58,100,100
2026-01-26T01:00,0.6,0.4,0.0,0.0,7.66,6.85,100,100
2026-01-26T02:00,0.8,0.4,0.0,0.0,7.71,7.62,100,100
2026-01-26T03:00,0.1,0.4,0.0,0.0,6.42,8.61,100,99
2026-01-26T04:00,0.2,0.5,0.0,0.0,6.58,9.72,100,94
2026-01-26T05:00,0.1,0.8,0.0,0.0,7.31,9.96,94,99
2026-01-26T06:00,0.7,1.1,0.0,0.0,7.76,10.14,100,100
2026-01-26T07:00,0.8,1.1,0.0,0.0,8.68,10.33,100,100
2026-01-26T08:00,0.9,1.3,21.0,24.0,8.2,10.49,100,100
2026-01-26T09:00,1.1,1.5,62.0,76.0,8.12,10.66,100,100
2026-01-26T10:00,1.3,1.8,105.0,136.0,8.27,10.65,100,100
2026-01-26T11:00,1.6,1.9,113.0,123.0,8.65,10.42,100,100
2026-01-26T12:00,1.5,2.1,120.0,246.0,8.69,9.54,100,100
2026-01-26T13:00,1.8,2.2,93.0,229.0,9.03,9.83,100,100
2026-01-26T14:00,2.0,2.3,56.0,175.0,9.55,10.57,100,99
2026-01-26T15:00,2.0,2.2,48.0,82.0,10.21,11.0,100,100
2026-01-26T16:00,1.9,2.0,17.0,19.0,9.86,11.13,100,100
2026-01-26T17:00,1.7,1.9,0.0,0.0,9.77,11.13,99,100
2026-01-26T18:00,1.8,1.9,0.0,0.0,9.95,11.74,100,91
2026-01-26T19:00,1.4,1.8,0.0,0.0,9.6,12.16,95,93
2026-01-26T20:00,1.2,1.7,0.0,0.0,10.15,11.83,88,88
2026-01-26T21:00,0.9,1.4,0.0,0.0,10.04,11.28,71,86
2026-01-26T22:00,0.6,0.8,0.0,0.0,9.61,11.01,96,24
2026-01-26T23:00,0.5,0.6,0.0,0.0,9.03,11.0,93,46
2026-01-27T00:00,0.6,-0.1,0.0,0.0,7.34,6.23,98,24
2026-01-27T01:00,0.4,-0.7,0.0,0.0,6.41,4.91,77,29
2026-01-27T02:00,-0.7,-1.1,0.0,0.0,5.13,4.51,37,29
2026-01-27T03:00,-2.3,-1.6,0.0,0.0,2.36,3.8,18,13
2026-01-27T04:00,-3.1,-2.1,0.0,0.0,2.61,3.19,8,6
2026-01-27T05:00,-3.5,-2.7,0.0,0.0,3.55,2.98,40,16
2026-01-27T06:00,-3.9,-3.7,0.0,0.0,3.0,3.53,80,6
2026-01-27T07:00,-4.2,-4.4,0.0,0.0,3.67,3.38,71,7
2026-01-27T08:00,-4.0,-4.1,44.0,48.0,3.83,4.06,68,86
2026-01-27T09:00,-1.6,-1.8,164.0,155.0,4.74,4.96,90,80
2026-01-27T10:00,-0.0,0.5,267.0,255.0,4.74,5.08,0,100
2026-01-27T11:00,0.8,1.5,339.0,286.0,5.04,5.97,91,100
2026-01-27T12:00,1.6,2.6,324.0,357.0,4.08,5.21,100,10
2026-01-27T13:00,1.8,2.8,308.0,326.0,4.48,4.75,100,25
2026-01-27T14:00,1.8,2.6,227.0,249.0,5.15,6.66,100,99
2026-01-27T15:00,1.6,2.0,137.0,138.0,4.82,7.77,68,100
2026-01-27T16:00,0.9,1.3,35.0,33.0,6.54,6.64,89,100
2026-01-27T17:00,0.4,1.0,0.0,0.0,5.45,6.38,100,100
2026-01-27T18:00,0.7,1.3,0.0,0.0,6.79,5.8,100,100
2026-01-27T19:00,0.3,0.9,0.0,0.0,3.72,2.71,100,100
2026-01-27T20:00,0.3,0.6,0.0,0.0,3.58,2.02,100,100
2026-01-27T21:00,0.3,0.8,0.0,0.0,2.08,4.03,98,100
2026-01-27T22:00,0.6,0.7,0.0,0.0,4.65,3.17,100,92
2026-01-27T23:00,0.2,0.5,0.0,0.0,4.44,2.95,100,80
2026-01-28T00:00,0.5,-0.6,0.0,0.0,4.71,4.91,100,100
2026-01-28T01:00,0.6,-0.3,0.0,0.0,4.38,5.59,100,100
2026-01-28T02:00,0.4,0.1,0.0,0.0,5.71,4.42,100,100
2026-01-28T03:00,-0.0,-0.3,0.0,0.0,4.14,4.42,100,99
2026-01-28T04:00,-0.1,-0.6,0.0,0.0,2.97,2.0,100,69
2026-01-28T05:00,-0.2,-1.2,0.0,0.0,3.03,1.79,100,99
2026-01-28T06:00,-0.3,-0.3,0.0,0.0,4.17,3.59,100,98
2026-01-28T07:00,-0.3,-0.2,0.0,0.0,3.55,4.9,100,98
2026-01-28T08:00,-0.6,-0.1,28.0,11.0,1.15,5.83,100,100
2026-01-28T09:00,0.3,0.1,86.0,41.0,2.29,6.36,100,100
2026-01-28T10:00,0.6,0.4,149.0,65.0,1.67,5.78,100,100
2026-01-28T11:00,1.1,0.4,176.0,81.0,1.53,5.99,100,100
2026-01-28T12:00,1.8,0.5,218.0,89.0,2.5,1.88,99,100
2026-01-28T13:00,2.2,0.6,189.0,96.0,1.8,2.28,93,100
2026-01-28T14:00,2.3,0.7,147.0,74.0,1.04,2.04,100,100
2026-01-28T15:00,3.2,0.5,75.0,48.0,1.9,2.72,100,100
2026-01-28T16:00,2.4,0.3,21.0,15.0,4.3,2.95,100,100
2026-01-28T17:00,2.0,0.0,0.0,0.0,3.68,2.21,100,100
2026-01-28T18:00,1.7,0.1,0.0,0.0,4.65,1.88,100,100
2026-01-28T19:00,1.1,-0.0,0.0,0.0,3.74,1.18,100,100
2026-01-28T20:00,0.4,-0.1,0.0,0.0,2.01,0.75,100,100
2026-01-28T21:00,0.1,-0.2,0.0,0.0,1.11,0.97,100,100
2026-01-28T22:00,0.1,-0.4,0.0,0.0,1.12,1.28,100,100
2026-01-28T23:00,0.0,-0.5,0.0,0.0,0.49,1.31,100,100
2026-01-29T00:00,-0.2,-0.3,0.0,0.0,2.65,2.07,100,100
2026-01-29T01:00,-0.4,-0.3,0.0,0.0,1.31,1.19,100,100
2026-01-29T02:00,-0.5,-0.4,0.0,0.0,0.79,0.79,100,99
2026-01-29T03:00,-0.4,-0.4,0.0,0.0,0.84,0.88,100,100
2026-01-29T04:00,-0.6,-0.4,0.0,0.0,0.9,2.05,100,100
2026-01-29T05:00,-0.6,-0.4,0.0,0.0,1.45,2.52,100,100
2026-01-29T06:00,-0.9,-0.8,0.0,0.0,2.75,1.62,100,100
2026-01-29T07:00,-0.7,-0.9,0.0,0.0,3.26,2.18,100,100
2026-01-29T08:00,-0.4,-0.5,19.0,19.0,3.71,3.11,100,100
2026-01-29T09:00,0.1,-0.1,61.0,71.0,4.61,3.02,100,99
2026-01-29T10:00,0.3,0.2,101.0,126.0,5.1,2.82,100,93
2026-01-29T11:00,0.6,0.6,148.0,165.0,4.92,3.04,100,100
2026-01-29T12:00,1.5,0.8,179.0,113.0,4.96,4.93,100,100
2026-01-29T13:00,1.7,1.0,143.0,129.0,4.75,4.73,100,100
2026-01-29T14:00,1.8,1.2,91.0,111.0,4.53,4.23,100,92
2026-01-29T15:00,1.6,1.2,46.0,60.0,4.38,3.96,98,92
2026-01-29T16:00,1.3,0.9,20.0,20.0,3.45,3.92,95,90
2026-01-29T17:00,0.9,0.7,0.0,0.0,2.74,4.21,97,88
2026-01-29T18:00,1.2,0.1,0.0,0.0,4.77,3.61,95,98
2026-01-29T19:00,1.2,0.1,0.0,0.0,4.56,3.72,90,98
2026-01-29T20:00,1.0,0.1,0.0,0.0,3.7,4.09,100,98
2026-01-29T21:00,-0.1,0.2,0.0,0.0,3.21,4.59,71,96
2026-01-29T22:00,-0.6,0.0,0.0,0.0,3.12,4.24,79,94
2026-01-29T23:00,-1.2,-0.3,0.0,0.0,1.55,2.95,99,85
2026-01-30T00:00,-1.2,-0.8,0.0,0.0,1.93,2.1,92,92
2026-01-30T01:00,-1.0,-1.1,0.0,0.0,1.12,2.02,90,91
2026-01-30T02:00,-1.5,-1.2,0.0,0.0,1.19,1.97,82,94
2026-01-30T03:00,-1.5,-1.3,0.0,0.0,2.18,2.11,77,96
2026-01-30T04:00,-2.6,-1.1,0.0,0.0,3.53,1.69,100,96
2026-01-30T05:00,-3.3,-1.3,0.0,0.0,3.33,1.47,100,97
2026-01-30T06:00,-3.7,-3.1,0.0,0.0,4.0,2.11,100,100
2026-01-30T07:00,-3.0,-3.5,0.0,0.0,3.65,2.99,100,100
2026-01-30T08:00,-2.0,-3.6,24.0,34.0,3.4,3.55,100,100
2026-01-30T09:00,-1.7,-2.5,68.0,96.0,2.77,3.29,100,100
2026-01-30T10:00,-1.1,-1.5,115.0,172.0,2.91,3.33,100,100
2026-01-30T11:00,-0.9,-0.8,147.0,224.0,2.94,3.43,100,100
2026-01-30T12:00,-1.0,1.9,178.0,353.0,2.43,1.57,100,51
2026-01-30T13:00,-1.0,2.2,157.0,324.0,1.77,1.43,100,46
2026-01-30T14:00,-0.9,2.4,134.0,250.0,1.97,1.29,100,91
2026-01-30T15:00,-0.8,2.1,76.0,104.0,2.16,2.06,100,100
2026-01-30T16:00,-0.9,1.7,25.0,26.0,2.17,3.42,100,93
2026-01-30T17:00,-0.8,1.6,0.0,0.0,3.19,4.55,98,100
2026-01-30T18:00,-0.3,0.5,0.0,0.0,4.44,4.61,97,100
2026-01-30T19:00,-0.1,0.6,0.0,0.0,4.37,4.44,97,100
2026-01-30T20:00,0.2,0.4,0.0,0.0,3.84,3.94,97,60
2026-01-30T21:00,0.6,-0.1,0.0,0.0,3.07,3.34,95,70
2026-01-30T22:00,0.3,-0.0,0.0,0.0,2.85,3.65,89,63
2026-01-30T23:00,-0.2,-0.0,0.0,0.0,2.16,4.05,62,70
2026-01-31T00:00,-0.4,0.6,0.0,0.0,2.39,3.83,99,49
2026-01-31T01:00,-0.6,0.2,0.0,0.0,1.74,3.82,81,45
2026-01-31T02:00,-0.9,0.0,0.0,0.0,2.26,4.39,66,36
2026-01-31T03:00,-0.7,-0.3,0.0,0.0,2.26,3.9,78,36
2026-01-31T04:00,-0.7,-0.6,0.0,0.0,4.42,4.04,67,5
2026-01-31T05:00,-0.7,-0.8,0.0,0.0,4.24,4.32,81,87
2026-01-31T06:00,-1.6,-2.9,0.0,0.0,4.08,4.62,100,84
2026-01-31T07:00,-1.5,-3.0,0.0,1.0,3.98,4.83,100,14
2026-01-31T08:00,-1.3,-2.4,28.0,51.0,4.09,4.59,100,65
2026-01-31T09:00,-0.5,-1.5,92.0,144.0,2.64,3.9,100,78
2026-01-31T10:00,-0.4,-1.5,145.0,191.0,3.09,2.55,100,95
2026-01-31T11:00,-0.2,-1.5,173.0,208.0,2.76,2.47,100,100
2026-01-31T12:00,0.6,1.3,215.0,355.0,3.65,2.56,100,66
2026-01-31T13:00,0.9,0.9,176.0,295.0,3.02,2.11,100,91
2026-01-31T14:00,1.1,0.4,131.0,173.0,3.59,2.42,100,97
2026-01-31T15:00,1.0,0.1,68.0,72.0,2.5,2.27,100,98
2026-01-31T16:00,1.0,0.1,23.0,23.0,3.07,2.23,100,98
2026-01-31T17:00,0.9,0.2,0.0,0.0,3.46,3.33,100,95
2026-01-31T18:00,0.2,-0.3,0.0,0.0,1.86,1.88,100,100
2026-01-31T19:00,0.3,-0.2,0.0,0.0,2.07,1.18,100,100
2026-01-31T20:00,0.4,-0.2,0.0,0.0,2.07,1.01,100,100
2026-01-31T21:00,0.1,-0.1,0.0,0.0,1.92,1.06,100,100
2026-01-31T22:00,0.0,-0.1,0.0,0.0,1.67,1.23,100,99
2026-01-31T23:00,-0.1,-0.1,0.0,0.0,1.28,1.2,100,98
2026-02-01T00:00,-0.0,-1.1,0.0,0.0,0.98,1.33,100,100
2026-02-01T01:00,-0.1,-1.3,0.0,0.0,0.98,1.36,100,100
2026-02-01T02:00,-0.1,-1.5,0.0,0.0,0.98,1.01,100,100
2026-02-01T03:00,0.1,-1.7,0.0,0.0,1.14,0.92,100,100
2026-02-01T04:00,0.1,-1.7,0.0,0.0,1.67,1.32,100,100
2026-02-01T05:00,0.1,-1.7,0.0,0.0,2.38,1.58,100,100
2026-02-01T06:00,0.3,-2.3,0.0,0.0,1.77,1.52,100,100
2026-02-01T07:00,0.2,-2.4,0.0,0.0,2.1,1.45,100,100
2026-02-01T08:00,0.3,-2.3,16.0,15.0,2.4,1.75,99,100
2026-02-01T09:00,0.6,-2.2,62.0,38.0,2.16,2.12,99,100
2026-02-01T10:00,1.0,-1.9,102.0,69.0,2.55,2.2,99,100
2026-02-01T11:00,1.4,-1.6,165.0,93.0,2.09,1.82,98,100
2026-02-01T12:00,1.4,-0.3,230.0,108.0,1.95,0.96,92,100
2026-02-01T13:00,1.9,-0.2,229.0,108.0,1.2,1.12,92,100
2026-02-01T14:00,2.1,-0.3,178.0,79.0,2.15,1.67,96,100
2026-02-01T15:00,1.2,-0.3,87.0,50.0,2.77,1.71,85,100
2026-02-01T16:00,0.8,-0.4,40.0,19.0,3.08,1.93,86,100
2026-02-01T17:00,0.7,-0.5,0.0,0.0,4.13,2.05,97,100
2026-02-01T18:00,0.4,-1.0,0.0,0.0,5.09,3.04,87,100
2026-02-01T19:00,0.1,-1.0,0.0,0.0,5.25,3.01,92,100
2026-02-01T20:00,-0.1,-0.8,0.0,0.0,5.66,2.82,86,100
2026-02-01T21:00,-0.1,-0.4,0.0,0.0,4.43,3.01,92,99
2026-02-01T22:00,-0.4,-0.2,0.0,0.0,4.93,3.22,64,100
2026-02-01T23:00,-0.8,-0.2,0.0,0.0,5.08,3.22,77,99
2026-02-02T00:00,-1.2,0.0,0.0,0.0,4.5,3.77,100,98
2026-02-02T01:00,-1.5,-0.1,0.0,0.0,4.39,3.77,100,98
2026-02-02T02:00,-1.7,-0.3,0.0,0.0,4.03,3.73,100,100
2026-02-02T03:00,-2.5,-0.5,0.0,0.0,5.11,4.13,93,99
2026-02-02T04:00,-2.5,-0.8,0.0,0.0,4.84,3.88,100,99
2026-02-02T05:00,-2.7,-1.1,0.0,0.0,4.82,3.45,100,99
2026-02-02T06:00,-3.0,-1.8,0.0,0.0,4.08,3.59,100,97
2026-02-02T07:00,-2.8,-1.7,1.0,1.0,4.22,4.35,100,100
2026-02-02T08:00,-2.7,-1.9,25.0,26.0,4.56,4.43,100,100
2026-02-02T09:00,-2.6,-1.6,78.0,74.0,4.21,3.94,100,100
2026-02-02T10:00,-2.1,-1.2,140.0,158.0,3.5,4.37,100,97
2026-02-02T11:00,-1.8,-0.9,184.0,179.0,2.94,4.53,100,100
2026-02-02T12:00,-1.0,-0.5,187.0,176.0,5.13,3.45,100,100
2026-02-02T13:00,-0.5,-0.3,208.0,155.0,4.59,4.27,100,99
2026-02-02T14:00,-0.1,-0.0,186.0,127.0,5.46,4.67,100,97
2026-02-02T15:00,0.3,-0.2,151.0,89.0,4.9,4.02,80,99
2026-02-02T16:00,0.1,-0.2,56.0,28.0,5.2,5.0,9,98
2026-02-02T17:00,-0.1,-0.3,1.0,0.0,6.57,5.69,36,93
2026-02-02T18:00,-0.2,-0.3,0.0,0.0,5.8,6.89,100,27
2026-02-02T19:00,-0.4,-0.9,0.0,0.0,6.67,7.16,96,29
2026-02-02T20:00,-0.7,-1.4,0.0,0.0,6.46,6.58,100,33
2026-02-02T21:00,-0.4,-1.7,0.0,0.0,5.92,6.98,20,36
2026-02-02T22:00,-1.0,-2.1,0.0,0.0,7.19,6.37,7,60
2026-02-02T23:00,-1.3,-2.4,0.0,0.0,6.39,5.29,58,99
2026-02-03T00:00,-1.9,-2.0,0.0,0.0,7.26,6.63,100,100
2026-02-03T01:00,-2.1,-1.9,0.0,0.0,7.55,7.76,100,100
2026-02-03T02:00,-2.2,-1.7,0.0,0.0,8.2,6.28,100,100
2026-02-03T03:00,-1.8,-1.6,0.0,0.0,7.55,7.8,100,100
2026-02-03T04:00,-1.7,-1.4,0.0,0.0,6.99,7.75,100,97
2026-02-03T05:00,-1.5,-1.3,0.0,0.0,7.72,7.45,100,100
2026-02-03T06:00,-1.4,-1.3,0.0,0.0,8.04,8.22,100,98
2026-02-03T07:00,-1.3,-1.3,1.0,1.0,8.54,7.93,100,93
2026-02-03T08:00,-1.0,-0.9,40.0,33.0,8.51,7.98,100,89
2026-02-03T09:00,-0.2,-0.2,110.0,114.0,7.56,10.21,100,83
2026-02-03T10:00,0.9,1.0,188.0,200.0,6.86,9.65,82,83
2026-02-03T11:00,1.8,2.3,238.0,312.0,4.9,7.09,94,98
2026-02-03T12:00,2.4,3.3,337.0,336.0,1.66,7.35,14,100
2026-02-03T13:00,2.5,3.8,328.0,294.0,2.16,2.23,65,73
2026-02-03T14:00,2.6,3.6,179.0,179.0,0.98,4.08,43,100
2026-02-03T15:00,2.2,3.3,146.0,93.0,1.86,1.15,0,100
2026-02-03T16:00,1.9,2.6,56.0,35.0,1.92,1.14,28,100
2026-02-03T17:00,1.3,1.9,1.0,0.0,1.67,0.93,0,95
2026-02-03T18:00,1.8,1.2,0.0,0.0,2.22,2.95,4,30
2026-02-03T19:00,0.8,0.8,0.0,0.0,3.08,3.04,0,23
2026-02-03T20:00,0.7,0.6,0.0,0.0,3.92,3.43,0,51
2026-02-03T21:00,1.0,0.8,0.0,0.0,4.61,3.7,7,70
2026-02-03T22:00,0.8,0.8,0.0,0.0,3.53,2.59,0,53
2026-02-03T23:00,0.2,0.5,0.0,0.0,3.2,2.75,0,66
2026-02-04T00:00,-0.1,1.4,0.0,0.0,3.6,4.46,10,71
2026-02-04T01:00,0.3,1.4,0.0,0.0,2.92,3.47,0,63
2026-02-04T02:00,-0.1,0.9,0.0,0.0,3.88,3.42,0,34
2026-02-04T03:00,0.1,0.7,0.0,0.0,3.45,3.92,32,15
2026-02-04T04:00,-0.6,0.2,0.0,0.0,4.86,4.3,23,15
2026-02-04T05:00,-0.5,-0.1,0.0,0.0,7.05,5.13,100,10
2026-02-04T06:00,-0.2,0.1,0.0,0.0,7.94,7.13,93,100
2026-02-04T07:00,-0.7,-0.1,1.0,2.0,8.24,7.06,11,99
2026-02-04T08:00,-0.5,-0.1,63.0,56.0,7.75,6.78,100,81
2026-02-04T09:00,0.1,0.5,134.0,169.0,8.37,6.89,100,96
2026-02-04T10:00,1.2,1.5,188.0,266.0,6.96,6.3,100,100
2026-02-04T11:00,2.5,2.0,243.0,287.0,8.15,6.29,100,100
2026-02-04T12:00,3.7,1.5,298.0,169.0,7.54,7.38,100,100
2026-02-04T13:00,3.8,1.3,207.0,102.0,8.36,7.18,100,100
2026-02-04T14:00,3.7,1.0,150.0,70.0,6.3,5.71,100,100
2026-02-04T15:00,3.4,0.8,87.0,52.0,5.85,6.03,100,100
2026-02-04T16:00,2.5,0.5,32.0,16.0,7.05,6.09,100,100
2026-02-04T17:00,1.6,0.3,1.0,0.0,7.57,6.12,100,100
2026-02-04T18:00,0.9,0.4,0.0,0.0,7.35,6.08,100,100
2026-02-04T19:00,0.7,0.2,0.0,0.0,7.15,5.7,100,100
2026-02-04T20:00,0.6,0.1,0.0,0.0,6.28,4.46,100,100
2026-02-04T21:00,0.3,-0.1,0.0,0.0,6.18,2.5,100,100
2026-02-04T22:00,0.2,-0.3,0.0,0.0,3.92,2.07,100,100
2026-02-04T23:00,0.1,-0.4,0.0,0.0,3.19,0.98,100,100
2026-02-05T00:00,-0.0,0.1,0.0,0.0,1.53,1.39,100,100
2026-02-05T01:00,-0.1,-0.0,0.0,0.0,0.83,0.2,100,100
2026-02-05T02:00,-0.1,-0.3,0.0,0.0,0.22,1.49,100,100
2026-02-05T03:00,-0.2,-0.6,0.0,0.0,2.02,2.11,100,100
2026-02-05T04:00,-0.4,-0.7,0.0,0.0,2.9,2.26,100,100
2026-02-05T05:00,-0.4,-0.5,0.0,0.0,3.0,2.14,100,100
2026-02-05T06:00,-0.6,0.1,0.0,0.0,3.11,4.44,100,100
2026-02-05T07:00,-0.4,0.2,1.0,2.0,2.85,4.78,100,100
2026-02-05T08:00,-0.2,0.4,23.0,46.0,2.46,4.71,100,100
2026-02-05T09:00,0.1,1.2,80.0,136.0,2.89,3.93,100,100
2026-02-05T10:00,0.8,2.3,142.0,263.0,2.24,2.55,100,100
2026-02-05T11:00,1.7,3.5,200.0,361.0,1.27,0.55,100,100
2026-02-05T12:00,2.9,1.7,347.0,162.0,0.71,1.92,94,100
2026-02-05T13:00,4.1,2.4,363.0,194.0,1.15,1.18,97,95
2026-02-05T14:00,4.4,2.8,289.0,188.0,1.31,0.77,100,100
2026-02-05T15:00,4.0,2.7,167.0,134.0,1.88,0.6,6,100
2026-02-05T16:00,2.9,1.7,68.0,51.0,2.64,1.12,0,100
2026-02-05T17:00,1.6,1.3,1.0,1.0,3.47,1.2,0,99
2026-02-05T18:00,1.0,0.8,0.0,0.0,4.87,2.75,0,98
2026-02-05T19:00,0.7,0.3,0.0,0.0,6.06,2.77,0,96
2026-02-05T20:00,0.2,-0.0,0.0,0.0,6.82,2.64,0,100
2026-02-05T21:00,0.1,-0.6,0.0,0.0,6.48,3.78,19,6
2026-02-05T22:00,-0.4,-0.8,0.0,0.0,6.88,3.99,100,5
2026-02-05T23:00,-1.1,-1.0,0.0,0.0,6.4,4.62,100,41
2026-02-06T00:00,-0.8,-0.3,0.0,0.0,4.62,5.29,100,94
2026-02-06T01:00,-0.8,-0.7,0.0,0.0,3.53,4.04,100,100
2026-02-06T02:00,-0.7,-0.7,0.0,0.0,3.53,3.45,100,100
2026-02-06T03:00,-0.6,-0.9,0.0,0.0,3.54,3.48,100,100
2026-02-06T04:00,-0.7,-1.1,0.0,0.0,2.84,2.92,100,100
2026-02-06T05:00,-0.8,-1.3,0.0,0.0,1.4,1.62,100,100
2026-02-06T06:00,-0.8,-1.7,0.0,0.0,1.63,0.53,100,100
2026-02-06T07:00,-0.8,-1.5,1.0,1.0,1.84,1.12,100,100
2026-02-06T08:00,-0.6,-1.1,28.0,19.0,2.77,1.98,100,100
2026-02-06T09:00,0.3,-0.7,70.0,59.0,3.34,2.1,100,100
2026-02-06T10:00,1.4,0.0,136.0,107.0,4.0,3.19,100,100
2026-02-06T11:00,3.3,1.9,235.0,216.0,4.69,3.34,100,99
2026-02-06T12:00,4.7,4.5,317.0,216.0,3.9,7.02,100,100
2026-02-06T13:00,6.5,5.6,271.0,130.0,5.17,8.37,100,100
2026-02-06T14:00,6.8,5.6,200.0,98.0,6.88,9.12,100,99
2026-02-06T15:00,6.4,5.2,62.0,50.0,7.06,9.2,100,100
2026-02-06T16:00,6.0,4.7,17.0,15.0,7.78,8.71,100,100
2026-02-06T17:00,5.5,4.7,1.0,0.0,7.28,9.79,100,100
2026-02-06T18:00,4.9,4.4,0.0,0.0,7.26,9.67,100,100
2026-02-06T19:00,4.9,4.5,0.0,0.0,7.14,8.12,98,100
2026-02-06T20:00,4.8,4.4,0.0,0.0,7.3,8.24,98,100
2026-02-06T21:00,4.3,4.3,0.0,0.0,6.88,8.52,100,100
2026-02-06T22:00,4.0,4.1,0.0,0.0,7.64,8.09,79,100
2026-02-06T23:00,3.4,3.8,0.0,0.0,6.66,7.84,87,88
2026-02-07T00:00,3.1,2.8,0.0,0.0,5.09,6.9,100,100
2026-02-07T01:00,2.9,2.5,0.0,0.0,4.97,7.28,100,99
2026-02-07T02:00,2.9,2.8,0.0,0.0,5.27,7.44,100,99
2026-02-07T03:00,3.6,3.0,0.0,0.0,6.4,7.63,94,100
2026-02-07T04:00,3.4,3.0,0.0,0.0,5.71,7.34,100,100
2026-02-07T05:00,3.0,3.2,0.0,0.0,4.6,7.6,93,100
2026-02-07T06:00,2.9,2.4,0.0,0.0,4.51,5.79,92,100
2026-02-07T07:00,2.8,2.3,2.0,1.0,5.0,5.58,98,100
2026-02-07T08:00,3.2,2.9,52.0,33.0,5.7,5.36,94,100
2026-02-07T09:00,4.5,3.9,102.0,88.0,4.44,5.0,93,100
2026-02-07T10:00,5.6,5.2,158.0,156.0,3.08,4.6,98,100
2026-02-07T11:00,6.6,5.7,226.0,125.0,1.96,3.46,100,97
2026-02-07T12:00,8.2,7.4,382.0,267.0,0.71,2.47,100,91
2026-02-07T13:00,8.7,7.7,326.0,187.0,0.88,2.59,88,97
2026-02-07T14:00,8.7,7.4,206.0,124.0,1.62,2.1,91,99
2026-02-07T15:00,7.9,7.2,53.0,110.0,2.06,2.2,100,99
2026-02-07T16:00,7.3,6.6,27.0,51.0,1.97,1.93,100,100
2026-02-07T17:00,6.4,5.8,1.0,2.0,3.19,1.33,86,100
2026-02-07T18:00,5.5,4.9,0.0,0.0,2.22,1.23,100,84
2026-02-07T19:00,4.7,4.4,0.0,0.0,2.15,1.21,100,94
2026-02-07T20:00,4.8,4.0,0.0,0.0,2.91,0.98,95,100
2026-02-07T21:00,3.1,3.6,0.0,0.0,2.16,0.63,96,100
2026-02-07T22:00,1.6,3.2,0.0,0.0,1.33,0.79,100,100
2026-02-07T23:00,0.9,1.7,0.0,0.0,1.33,1.25,100,100
2026-02-08T00:00,1.9,0.9,0.0,0.0,0.79,2.77,100,100
2026-02-08T01:00,1.4,0.7,0.0,0.0,1.06,2.61,100,100
2026-02-08T02:00,1.3,0.6,0.0,0.0,1.74,1.98,100,100
2026-02-08T03:00,0.6,0.5,0.0,0.0,1.55,1.68,100,100
2026-02-08T04:00,0.8,0.9,0.0,0.0,1.85,1.52,100,100
2026-02-08T05:00,1.1,1.0,0.0,0.0,2.32,2.84,100,100
2026-02-08T06:00,2.3,1.1,0.0,0.0,2.48,2.37,100,100
2026-02-08T07:00,2.5,1.2,1.0,1.0,4.37,2.17,100,100
2026-02-08T08:00,3.0,1.6,33.0,24.0,3.27,2.94,100,100
2026-02-08T09:00,3.2,2.6,69.0,67.0,3.24,4.0,100,100
2026-02-08T10:00,3.8,3.9,102.0,144.0,3.23,3.61,100,93
2026-02-08T11:00,4.9,5.1,183.0,258.0,3.6,3.31,87,90
2026-02-08T12:00,6.1,4.9,179.0,194.0,4.04,3.38,100,90
2026-02-08T13:00,6.4,5.6,165.0,193.0,3.35,4.67,100,83
2026-02-08T14:00,6.6,5.9,138.0,161.0,4.08,5.23,95,93
2026-02-08T15:00,7.0,5.6,134.0,111.0,4.54,5.16,100,98
2026-02-08T16:00,6.0,4.8,43.0,41.0,4.65,5.27,99,98
2026-02-08T17:00,5.1,3.9,2.0,2.0,5.13,5.47,100,100
2026-02-08T18:00,3.5,3.3,0.0,0.0,5.4,7.35,96,61
2026-02-08T19:00,3.2,2.4,0.0,0.0,4.45,7.27,100,85
2026-02-08T20:00,3.2,2.1,0.0,0.0,4.22,5.84,100,89
2026-02-08T21:00,3.2,1.9,0.0,0.0,4.62,6.48,100,92
2026-02-08T22:00,2.7,1.8,0.0,0.0,4.33,6.2,100,94
2026-02-08T23:00,2.6,1.8,0.0,0.0,3.92,5.57,100,98
2026-02-09T00:00,2.6,2.1,0.0,0.0,3.33,5.4,100,100
2026-02-09T01:00,2.5,2.2,0.0,0.0,2.05,5.0,99,100
2026-02-09T02:00,2.4,2.2,0.0,0.0,3.38,4.5,100,100
2026-02-09T03:00,2.3,2.2,0.0,0.0,4.13,4.62,98,97
2026-02-09T04:00,2.2,2.1,0.0,0.0,4.61,5.19,95,94
2026-02-09T05:00,2.1,2.0,0.0,0.0,4.61,5.2,99,99
2026-02-09T06:00,2.1,1.4,0.0,0.0,4.7,3.76,100,96
2026-02-09T07:00,2.1,1.4,2.0,2.0,4.9,4.34,100,100
2026-02-09T08:00,2.3,1.6,31.0,29.0,4.9,3.84,100,95
2026-02-09T09:00,2.7,2.2,83.0,72.0,4.4,3.33,97,97
2026-02-09T10:00,3.4,2.9,130.0,99.0,4.16,2.86,99,100
2026-02-09T11:00,3.8,3.7,170.0,133.0,3.57,2.76,100,98
2026-02-09T12:00,4.0,4.6,156.0,171.0,2.46,2.59,100,100
2026-02-09T13:00,4.6,4.8,162.0,140.0,2.96,2.77,100,100
2026-02-09T14:00,4.5,4.8,114.0,109.0,1.75,2.46,100,100
2026-02-09T15:00,3.9,4.8,73.0,77.0,2.73,2.2,99,100
2026-02-09T16:00,3.6,4.5,39.0,34.0,3.44,2.08,100,91
2026-02-09T17:00,3.2,3.7,2.0,2.0,4.08,2.53,98,76
2026-02-09T18:00,2.7,3.0,0.0,0.0,3.64,3.64,81,62
2026-02-09T19:00,2.3,2.1,0.0,0.0,4.16,3.35,50,74
2026-02-09T20:00,1.6,1.6,0.0,0.0,3.4,2.91,37,39
2026-02-09T21:00,0.8,1.0,0.0,0.0,4.56,3.12,90,28
2026-02-09T22:00,0.4,0.6,0.0,0.0,5.35,3.12,48,36
2026-02-09T23:00,0.3,0.1,0.0,0.0,5.56,3.33,65,26
2026-02-10T00:00,0.3,-0.3,0.0,0.0,5.29,3.76,100,24
2026-02-10T01:00,0.1,-0.6,0.0,0.0,4.84,3.9,91,43
2026-02-10T02:00,-0.1,-0.8,0.0,0.0,3.72,4.13,53,30
2026-02-10T03:00,-0.3,-0.9,0.0,0.0,3.24,3.77,49,2
2026-02-10T04:00,-0.5,-1.1,0.0,0.0,3.29,3.86,100,11
2026-02-10T05:00,-0.6,-1.3,0.0,0.0,3.38,4.13,100,31
2026-02-10T06:00,-1.4,-0.7,0.0,0.0,4.09,4.37,100,100
2026-02-10T07:00,-1.4,-0.7,3.0,4.0,3.57,4.51,100,100
2026-02-10T08:00,-1.3,-0.6,44.0,65.0,3.68,4.25,100,96
2026-02-10T09:00,0.3,0.2,212.0,158.0,3.54,3.27,89,93
2026-02-10T10:00,1.2,1.6,308.0,249.0,2.3,3.47,99,95
2026-02-10T11:00,2.4,3.0,318.0,300.0,0.98,2.65,99,86
2026-02-10T12:00,1.8,5.8,235.0,379.0,1.87,1.62,100,97
2026-02-10T13:00,2.8,6.4,235.0,252.0,2.24,1.64,100,98
2026-02-10T14:00,3.8,6.5,140.0,156.0,3.51,3.33,93,100
2026-02-10T15:00,3.8,5.7,73.0,60.0,3.72,4.12,100,100
2026-02-10T16:00,4.1,4.9,19.0,22.0,6.4,4.34,99,90
2026-02-10T17:00,4.1,4.4,2.0,2.0,6.97,6.06,100,78
2026-02-10T18:00,4.2,4.0,0.0,0.0,6.1,6.89,100,87
2026-02-10T19:00,4.1,3.8,0.0,0.0,5.37,6.84,74,88
2026-02-10T20:00,3.9,4.0,0.0,0.0,5.36,7.82,99,90
2026-02-10T21:00,3.3,3.9,0.0,0.0,5.7,5.88,99,85
2026-02-10T22:00,2.9,3.4,0.0,0.0,6.18,5.99,98,78
2026-02-10T23:00,2.4,2.6,0.0,0.0,6.0,6.96,100,92
2026-02-11T00:00,2.2,3.7,0.0,0.0,5.04,7.99,100,100
2026-02-11T01:00,1.6,3.6,0.0,0.0,5.3,7.07,100,100
2026-02-11T02:00,1.9,3.3,0.0,0.0,7.94,7.16,100,100
2026-02-11T03:00,3.4,3.5,0.0,0.0,8.31,7.34,100,100
2026-02-11T04:00,3.2,4.0,0.0,0.0,7.48,8.27,100,100
2026-02-11T05:00,3.6,3.9,0.0,0.0,9.15,9.55,100,100
2026-02-11T06:00,5.7,4.2,0.0,0.0,12.86,11.04,100,100
2026-02-11T07:00,7.0,5.0,2.0,1.0,13.48,11.37,100,100
2026-02-11T08:00,7.4,6.9,21.0,17.0,13.21,11.3,100,100
2026-02-11T09:00,7.7,8.2,36.0,71.0,12.49,11.93,100,100
2026-02-11T10:00,8.2,9.2,61.0,129.0,13.43,12.67,100,100
2026-02-11T11:00,8.4,9.8,69.0,193.0,13.05,12.27,100,100
2026-02-11T12:00,8.5,9.3,131.0,118.0,13.54,12.36,100,100
2026-02-11T13:00,8.3,9.1,78.0,127.0,12.8,12.66,100,100
2026-02-11T14:00,8.6,9.1,93.0,77.0,12.62,11.97,100,100
2026-02-11T15:00,8.7,9.1,72.0,72.0,12.68,12.32,100,100
2026-02-11T16:00,8.1,8.7,29.0,38.0,12.32,12.0,100,100
2026-02-11T17:00,7.6,8.2,2.0,2.0,12.64,12.52,100,98
2026-02-11T18:00,7.6,7.8,0.0,0.0,13.83,12.55,98,100
2026-02-11T19:00,7.3,7.4,0.0,0.0,12.67,12.38,90,82
2026-02-11T20:00,7.0,7.3,0.0,0.0,11.79,11.21,91,73
2026-02-11T21:00,6.5,6.6,0.0,0.0,9.67,9.9,86,46
2026-02-11T22:00,5.4,5.5,0.0,0.0,7.98,9.69,0,16
2026-02-11T23:00,4.5,4.8,0.0,0.0,7.56,8.31,47,89
2026-02-12T00:00,4.4,4.9,0.0,0.0,7.24,8.63,100,100
2026-02-12T01:00,4.4,4.3,0.0,0.0,5.9,7.65,100,88
2026-02-12T02:00,4.7,4.2,0.0,0.0,7.46,5.96,100,100
2026-02-12T03:00,3.6,4.0,0.0,0.0,6.05,4.75,100,100
2026-02-12T04:00,3.9,4.3,0.0,0.0,8.86,6.33,100,100
2026-02-12T05:00,4.1,4.7,0.0,0.0,8.92,9.39,100,100
2026-02-12T06:00,5.0,4.9,0.0,0.0,8.68,9.77,100,100
2026-02-12T07:00,4.4,4.9,6.0,6.0,8.74,8.3,98,100
2026-02-12T08:00,5.3,5.1,75.0,78.0,7.1,6.8,100,100
2026-02-12T09:00,6.5,6.1,169.0,129.0,7.53,7.51,100,97
2026-02-12T10:00,8.9,6.6,273.0,104.0,8.21,9.71,56,100
2026-02-12T11:00,9.8,8.4,317.0,156.0,10.6,10.82,96,100
2026-02-12T12:00,7.5,7.6,82.0,92.0,10.16,10.89,100,100
2026-02-12T13:00,7.5,7.9,81.0,161.0,11.16,10.19,100,75
2026-02-12T14:00,7.0,8.8,86.0,223.0,12.43,10.8,100,84
2026-02-12T15:00,6.2,7.9,32.0,124.0,16.87,13.45,100,97
2026-02-12T16:00,6.3,6.1,15.0,25.0,15.49,12.25,100,100
2026-02-12T17:00,6.3,6.2,2.0,2.0,11.76,13.87,100,100
2026-02-12T18:00,6.2,6.3,0.0,0.0,13.08,11.66,100,100
2026-02-12T19:00,6.0,6.3,0.0,0.0,12.89,11.57,100,98
2026-02-12T20:00,5.9,5.9,0.0,0.0,12.68,11.8,97,100
2026-02-12T21:00,5.8,5.9,0.0,0.0,12.06,11.65,98,98
2026-02-12T22:00,5.7,5.9,0.0,0.0,13.17,12.15,92,100
2026-02-12T23:00,5.6,5.6,0.0,0.0,13.7,11.09,98,84
2026-02-13T00:00,5.6,5.8,0.0,0.0,13.03,12.3,98,100
2026-02-13T01:00,5.4,5.5,0.0,0.0,14.14,11.96,95,100
2026-02-13T02:00,5.2,5.1,0.0,0.0,13.79,11.37,97,100
2026-02-13T03:00,4.2,4.7,0.0,0.0,11.37,9.73,100,100
2026-02-13T04:00,3.8,4.5,0.0,0.0,9.6,9.54,100,100
2026-02-13T05:00,3.5,4.6,0.0,0.0,9.6,8.59,100,100
2026-02-13T06:00,3.5,4.0,0.0,0.0,8.81,9.78,60,100
2026-02-13T07:00,3.4,3.8,7.0,6.0,9.25,9.59,70,100
2026-02-13T08:00,4.3,4.1,88.0,54.0,8.11,9.24,59,99
2026-02-13T09:00,5.1,5.1,196.0,112.0,10.52,8.34,100,61
2026-02-13T10:00,5.8,6.7,142.0,290.0,7.75,8.62,89,47
2026-02-13T11:00,6.4,6.8,200.0,307.0,7.65,7.62,91,96
2026-02-13T12:00,7.1,7.2,186.0,209.0,5.56,7.11,100,100
2026-02-13T13:00,7.5,8.2,193.0,327.0,4.8,7.21,100,84
2026-02-13T14:00,8.3,8.6,255.0,250.0,4.09,5.82,79,100
2026-02-13T15:00,8.0,8.1,187.0,145.0,1.86,5.3,66,100
2026-02-13T16:00,7.1,7.0,92.0,66.0,0.98,4.96,100,98
2026-02-13T17:00,5.8,5.6,7.0,6.0,0.44,4.59,95,98
2026-02-13T18:00,4.7,4.4,0.0,0.0,3.59,2.2,45,77
2026-02-13T19:00,3.8,3.6,0.0,0.0,4.42,3.21,27,68
2026-02-13T20:00,3.0,2.7,0.0,0.0,5.4,4.78,100,57
2026-02-13T21:00,3.4,2.2,0.0,0.0,5.92,6.04,97,73
2026-02-13T22:00,3.2,1.9,0.0,0.0,6.09,6.45,100,66
2026-02-13T23:00,2.9,1.9,0.0,0.0,6.24,7.04,100,100
2026-02-14T00:00,2.9,1.6,0.0,0.0,6.29,5.78,100,100
2026-02-14T01:00,2.6,1.5,0.0,0.0,6.42,6.03,100,100
2026-02-14T02:00,2.4,1.6,0.0,0.0,5.89,6.17,100,100
2026-02-14T03:00,2.2,1.9,0.0,0.0,7.44,6.11,100,100
2026-02-14T04:00,2.1,1.8,0.0,0.0,5.83,5.8,100,100
2026-02-14T05:00,1.6,1.7,0.0,0.0,7.2,5.86,100,100
2026-02-14T06:00,1.8,1.8,0.0,0.0,8.41,5.84,100,100
2026-02-14T07:00,1.8,2.2,7.0,4.0,8.6,8.18,100,100
2026-02-14T08:00,2.5,2.6,63.0,49.0,7.21,6.76,100,100
2026-02-14T09:00,3.4,3.5,132.0,116.0,6.05,6.42,100,100
2026-02-14T10:00,5.1,4.3,210.0,156.0,5.53,4.91,99,100
2026-02-14T11:00,5.6,4.7,260.0,164.0,5.9,4.16,100,100
2026-02-14T12:00,6.1,5.8,191.0,205.0,4.61,3.66,100,100
2026-02-14T13:00,6.3,6.5,143.0,212.0,4.95,4.19,100,100
2026-02-14T14:00,6.0,6.6,141.0,155.0,5.86,5.4,100,100
2026-02-14T15:00,4.0,5.6,56.0,85.0,7.04,6.82,100,100
2026-02-14T16:00,2.8,4.6,22.0,24.0,7.68,7.19,100,100
2026-02-14T17:00,1.7,3.2,3.0,3.0,8.22,7.78,100,100
2026-02-14T18:00,1.3,0.3,0.0,0.0,6.18,8.65,100,100
2026-02-14T19:00,0.5,-0.3,0.0,0.0,6.48,8.01,100,100
2026-02-14T20:00,-0.3,-0.5,0.0,0.0,6.06,7.51,100,100
2026-02-14T21:00,-0.4,-0.4,0.0,0.0,5.95,7.76,99,100
2026-02-14T22:00,-0.4,-0.5,0.0,0.0,5.99,8.17,100,100
2026-02-14T23:00,-0.6,-0.7,0.0,0.0,6.42,7.67,100,100
2026-02-15T00:00,-0.6,-0.3,0.0,0.0,5.3,6.47,95,96
2026-02-15T01:00,-0.9,-0.5,0.0,0.0,4.78,6.17,100,94
2026-02-15T02:00,-1.1,-0.7,0.0,0.0,4.93,5.89,100,96
2026-02-15T03:00,-1.1,-0.9,0.0,0.0,3.8,5.89,100,96
2026-02-15T04:00,-1.2,-1.1,0.0,0.0,4.8,5.54,100,96
2026-02-15T05:00,-1.5,-1.1,0.0,0.0,4.11,5.41,100,100
2026-02-15T06:00,-1.5,-1.5,0.0,0.0,2.86,3.81,94,91
2026-02-15T07:00,-1.8,-1.5,5.0,6.0,3.09,2.98,96,91
2026-02-15T08:00,-1.8,-1.3,45.0,55.0,3.33,3.53,90,88
2026-02-15T09:00,-1.6,-1.1,107.0,143.0,1.97,2.72,93,81
2026-02-15T10:00,-1.2,-0.8,187.0,214.0,1.0,1.81,89,93
2026-02-15T11:00,-0.8,-0.5,280.0,203.0,0.31,2.21,93,98
2026-02-15T12:00,-0.2,-0.6,265.0,205.0,0.53,2.02,70,100
2026-02-15T13:00,0.2,-0.2,301.0,229.0,1.23,0.93,90,71
2026-02-15T14:00,0.3,-0.0,222.0,285.0,2.16,1.83,100,69
2026-02-15T15:00,0.0,-0.1,136.0,177.0,1.39,1.33,99,77
2026-02-15T16:00,-0.1,-0.3,77.0,83.0,2.45,2.15,68,62
2026-02-15T17:00,-0.5,-0.3,8.0,8.0,4.17,4.37,58,100
2026-02-15T18:00,-0.6,-0.6,0.0,0.0,4.78,6.58,100,50
2026-02-15T19:00,-0.8,-0.9,0.0,0.0,5.63,8.66,100,100
2026-02-15T20:00,-0.9,-0.8,0.0,0.0,6.77,6.41,100,100
2026-02-15T21:00,-0.9,-0.9,0.0,0.0,6.31,7.67,100,100
2026-02-15T22:00,-1.1,-0.9,0.0,0.0,7.02,7.76,100,100
2026-02-15T23:00,-0.8,-0.3,0.0,0.0,7.73,10.71,100,100
2026-02-16T00:00,-0.7,-0.5,0.0,0.0,7.03,8.17,100,100
2026-02-16T01:00,-0.4,0.3,0.0,0.0,7.21,9.17,100,100
2026-02-16T02:00,0.1,1.8,0.0,0.0,6.18,10.19,99,95
2026-02-16T03:00,0.2,2.9,0.0,0.0,7.51,10.73,100,97
2026-02-16T04:00,2.0,2.8,0.0,0.0,9.07,10.06,100,100
2026-02-16T05:00,2.7,2.8,0.0,0.0,10.45,10.88,100,100
2026-02-16T06:00,2.9,3.3,0.0,0.0,11.53,12.01,55,66
2026-02-16T07:00,3.2,3.2,11.0,8.0,12.38,10.83,94,73
2026-02-16T08:00,3.2,3.7,81.0,72.0,9.16,10.12,89,97
2026-02-16T09:00,4.4,4.7,170.0,183.0,11.66,10.16,75,80
2026-02-16T10:00,5.2,4.9,265.0,235.0,12.29,9.72,59,100
2026-02-16T11:00,5.3,5.4,205.0,287.0,12.22,9.82,96,100
2026-02-16T12:00,6.0,6.7,208.0,369.0,8.97,10.01,100,73
2026-02-16T13:00,5.3,6.5,151.0,275.0,8.75,9.62,100,100
2026-02-16T14:00,4.9,5.4,102.0,218.0,5.09,9.43,100,100
2026-02-16T15:00,5.1,5.4,119.0,146.0,5.11,9.95,100,100
2026-02-16T16:00,4.3,4.1,35.0,40.0,3.52,9.17,100,100
2026-02-16T17:00,3.0,3.9,2.0,5.0,9.81,9.21,100,100
2026-02-16T18:00,2.5,3.2,0.0,0.0,8.83,9.95,100,100
2026-02-16T19:00,2.0,2.5,0.0,0.0,9.36,10.61,100,100
2026-02-16T20:00,2.0,2.7,0.0,0.0,8.84,10.55,100,100
2026-02-16T21:00,2.1,2.9,0.0,0.0,11.0,11.36,93,100
2026-02-16T22:00,1.9,2.6,0.0,0.0,8.94,10.82,100,100
2026-02-16T23:00,1.8,2.2,0.0,0.0,9.05,9.58,100,100
2026-02-17T00:00,1.8,1.9,0.0,0.0,9.51,9.11,100,100
2026-02-17T01:00,1.4,1.9,0.0,0.0,8.27,9.53,100,100
2026-02-17T02:00,1.3,2.1,0.0,0.0,9.07,9.22,100,100
2026-02-17T03:00,0.9,2.0,0.0,0.0,10.5,8.29,100,94
2026-02-17T04:00,1.3,1.6,0.0,0.0,10.78,7.18,100,100
2026-02-17T05:00,1.4,1.8,0.0,0.0,10.29,9.38,86,100
2026-02-17T06:00,1.1,0.4,0.0,0.0,9.64,9.68,91,100
2026-02-17T07:00,1.3,1.1,8.0,3.0,9.34,11.67,97,100
2026-02-17T08:00,1.8,1.9,66.0,36.0,8.65,10.41,100,84
2026-02-17T09:00,2.4,2.4,101.0,124.0,8.92,8.25,88,94
2026-02-17T10:00,3.0,2.5,141.0,150.0,9.42,6.96,91,89
2026-02-17T11:00,3.6,3.6,192.0,265.0,9.42,7.17,100,86
2026-02-17T12:00,4.0,2.3,229.0,109.0,7.52,6.14,91,100
2026-02-17T13:00,4.0,3.5,194.0,104.0,8.02,9.17,86,100
2026-02-17T14:00,4.7,4.2,191.0,152.0,9.52,8.65,69,97
2026-02-17T15:00,0.8,4.0,102.0,65.0,11.11,9.62,99,88
2026-02-17T16:00,2.1,3.8,71.0,57.0,9.64,8.45,11,84
2026-02-17T17:00,1.6,3.0,13.0,7.0,10.29,8.53,100,95
2026-02-17T18:00,0.9,2.2,0.0,0.0,10.29,9.02,98,97
2026-02-17T19:00,0.6,2.4,0.0,0.0,9.42,9.98,97,58
2026-02-17T20:00,0.7,1.7,0.0,0.0,9.84,12.6,90,87
2026-02-17T21:00,0.5,0.9,0.0,0.0,9.41,11.01,100,53
2026-02-17T22:00,0.2,0.4,0.0,0.0,8.36,9.56,79,96
2026-02-17T23:00,0.1,0.5,0.0,0.0,8.34,9.92,83,89
2026-02-18T00:00,-0.0,0.4,0.0,0.0,8.0,9.21,82,81
2026-02-18T01:00,-0.2,0.4,0.0,0.0,7.81,9.35,99,84
2026-02-18T02:00,-0.3,0.3,0.0,0.0,7.6,9.33,91,86
2026-02-18T03:00,-0.1,0.1,0.0,0.0,6.91,8.84,98,72
2026-02-18T04:00,-0.3,-0.0,0.0,0.0,6.33,9.18,94,68
2026-02-18T05:00,-0.5,-0.1,0.0,0.0,5.93,9.12,90,77
2026-02-18T06:00,-1.0,-0.7,0.0,0.0,6.23,7.94,28,100
2026-02-18T07:00,-1.0,-0.7,13.0,14.0,5.97,7.69,76,100
2026-02-18T08:00,-0.5,-0.3,91.0,102.0,4.88,7.35,100,82
2026-02-18T09:00,0.3,0.8,207.0,239.0,2.88,4.95,100,75
2026-02-18T10:00,1.2,1.6,254.0,345.0,2.17,3.66,100,78
2026-02-18T11:00,1.8,2.1,327.0,408.0,1.77,2.77,94,100
2026-02-18T12:00,2.0,2.4,292.0,273.0,0.4,1.52,99,100
2026-02-18T13:00,2.6,2.9,339.0,289.0,1.55,0.31,93,93
2026-02-18T14:00,2.8,3.1,273.0,276.0,2.76,0.53,96,92
2026-02-18T15:00,3.3,2.9,142.0,175.0,3.33,1.23,99,99
2026-02-18T16:00,2.8,2.3,53.0,79.0,4.17,1.77,100,100
2026-02-18T17:00,1.7,1.2,6.0,10.0,4.67,3.76,100,100
2026-02-18T18:00,1.2,1.4,0.0,0.0,6.14,5.48,100,98
2026-02-18T19:00,0.8,1.1,0.0,0.0,6.37,6.1,100,99
2026-02-18T20:00,1.0,0.7,0.0,0.0,7.19,7.44,100,100
2026-02-18T21:00,0.3,0.4,0.0,0.0,7.72,8.11,100,100
2026-02-18T22:00,0.1,0.2,0.0,0.0,8.15,8.4,100,99
2026-02-18T23:00,-0.1,0.1,0.0,0.0,8.75,7.89,100,100
2026-02-19T00:00,-0.2,0.4,0.0,0.0,8.15,8.74,100,100
2026-02-19T01:00,-0.2,0.4,0.0,0.0,9.24,7.53,100,100
2026-02-19T02:00,-0.2,0.4,0.0,0.0,8.3,7.41,100,100
2026-02-19T03:00,-0.2,0.4,0.0,0.0,7.6,6.11,100,100
2026-02-19T04:00,-0.3,0.2,0.0,0.0,8.53,6.64,100,100
2026-02-19T05:00,-0.3,0.1,0.0,0.0,7.27,5.86,100,100
2026-02-19T06:00,-0.4,-0.2,0.0,0.0,4.66,0.92,100,100
2026-02-19T07:00,-0.4,-0.3,7.0,12.0,2.95,1.68,100,100
2026-02-19T08:00,-0.2,0.1,57.0,57.0,3.74,1.96,100,100
2026-02-19T09:00,0.5,0.7,171.0,103.0,2.64,1.62,100,100
2026-02-19T10:00,1.2,1.5,280.0,129.0,5.01,1.67,100,100
2026-02-19T11:00,1.9,2.0,289.0,107.0,4.19,2.77,100,100
2026-02-19T12:00,2.0,1.7,179.0,146.0,2.71,1.71,100,100
2026-02-19T13:00,2.3,2.3,131.0,129.0,2.35,1.71,100,100
2026-02-19T14:00,2.4,2.7,99.0,119.0,2.75,1.85,100,100
2026-02-19T15:00,0.3,2.7,38.0,85.0,3.16,2.46,100,100
2026-02-19T16:00,0.3,2.4,20.0,46.0,3.33,3.73,100,100
2026-02-19T17:00,0.3,1.9,4.0,6.0,4.37,4.41,100,100
2026-02-19T18:00,0.3,0.8,0.0,0.0,4.45,2.89,100,100
2026-02-19T19:00,0.3,0.6,0.0,0.0,4.34,2.75,100,100
2026-02-19T20:00,0.2,0.4,0.0,0.0,5.0,4.32,100,100
2026-02-19T21:00,0.1,0.3,0.0,0.0,4.62,5.47,100,100
2026-02-19T22:00,0.1,0.3,0.0,0.0,5.3,5.56,100,100
2026-02-19T23:00,0.1,0.2,0.0,0.0,5.31,5.21,100,100
2026-02-20T00:00,0.1,-0.0,0.0,0.0,5.33,4.78,100,100
2026-02-20T01:00,0.2,-0.0,0.0,0.0,5.32,6.08,100,100
2026-02-20T02:00,0.1,-0.1,0.0,0.0,4.31,7.0,100,100
2026-02-20T03:00,0.0,-0.5,0.0,0.0,4.63,6.24,100,100
2026-02-20T04:00,-0.0,-0.8,0.0,0.0,3.54,5.53,100,100
2026-02-20T05:00,-0.1,-1.2,0.0,0.0,3.19,3.61,100,100
2026-02-20T06:00,-1.0,-1.0,0.0,0.0,3.69,2.4,100,99
2026-02-20T07:00,-0.9,-1.0,8.0,8.0,3.51,3.83,92,96
2026-02-20T08:00,-0.8,-0.7,97.0,50.0,1.29,3.8,90,97
2026-02-20T09:00,0.4,-0.5,190.0,126.0,1.97,1.15,60,95
2026-02-20T10:00,0.9,-0.0,276.0,227.0,1.25,1.67,100,97
2026-02-20T11:00,1.3,0.5,219.0,258.0,1.69,2.85,100,99
2026-02-20T12:00,1.9,1.7,245.0,350.0,2.16,1.84,100,87
2026-02-20T13:00,2.6,2.4,267.0,333.0,2.81,1.89,98,96
2026-02-20T14:00,2.7,2.7,169.0,182.0,2.55,2.47,100,100
2026-02-20T15:00,2.3,2.9,112.0,91.0,2.76,2.36,99,100
2026-02-20T16:00,2.2,2.7,38.0,35.0,3.33,2.91,100,99
2026-02-20T17:00,2.2,2.6,5.0,8.0,2.99,3.9,100,97
2026-02-20T18:00,2.0,2.6,0.0,0.0,3.14,5.1,100,99
2026-02-20T19:00,2.1,2.8,0.0,0.0,4.32,5.53,100,100
2026-02-20T20:00,2.3,3.0,0.0,0.0,5.25,7.09,100,100
2026-02-20T21:00,2.3,3.2,0.0,0.0,6.25,8.26,100,100
2026-02-20T22:00,2.5,3.4,0.0,0.0,7.39,8.85,100,100
2026-02-20T23:00,2.4,3.6,0.0,0.0,6.9,9.32,100,100
2026-02-21T00:00,2.4,3.5,0.0,0.0,7.01,9.26,100,100
2026-02-21T01:00,2.7,3.7,0.0,0.0,9.13,8.59,100,97
2026-02-21T02:00,2.6,3.7,0.0,0.0,9.54,9.32,100,100
2026-02-21T03:00,2.9,3.6,0.0,0.0,9.92,10.49,97,100
2026-02-21T04:00,3.1,3.6,0.0,0.0,10.47,11.49,98,100
2026-02-21T05:00,3.3,3.7,0.0,0.0,11.56,11.31,100,100
2026-02-21T06:00,3.3,3.8,0.0,0.0,11.53,11.53,100,100
2026-02-21T07:00,3.4,4.3,6.0,11.0,11.26,11.75,100,100
2026-02-21T08:00,3.8,4.5,42.0,34.0,11.32,11.0,100,100
2026-02-21T09:00,4.2,4.7,77.0,52.0,11.36,10.54,100,100
2026-02-21T10:00,4.5,4.9,123.0,59.0,10.6,9.17,100,100
2026-02-21T11:00,5.2,5.2,213.0,63.0,10.63,9.6,90,100
2026-02-21T12:00,6.4,6.9,206.0,200.0,10.18,9.51,90,100
2026-02-21T13:00,7.2,7.3,280.0,210.0,10.3,9.72,87,100
2026-02-21T14:00,7.2,6.9,168.0,128.0,9.71,10.66,91,100
2026-02-21T15:00,6.6,6.4,115.0,69.0,9.39,9.74,95,100
2026-02-21T16:00,5.7,5.6,39.0,29.0,9.58,8.92,100,100
2026-02-21T17:00,5.1,5.0,4.0,4.0,8.29,7.78,100,100
2026-02-21T18:00,5.2,5.9,0.0,0.0,7.58,8.61,100,92
2026-02-21T19:00,5.6,5.7,0.0,0.0,8.19,9.79,100,100
2026-02-21T20:00,5.8,5.7,0.0,0.0,8.41,9.75,100,100
2026-02-21T21:00,6.0,5.5,0.0,0.0,8.83,10.19,97,97
2026-02-21T22:00,6.2,5.5,0.0,0.0,9.2,9.1,99,99
2026-02-21T23:00,6.3,5.4,0.0,0.0,9.36,9.44,99,98
2026-02-22T00:00,6.3,5.8,0.0,0.0,9.08,9.81,96,100
2026-02-22T01:00,6.1,5.8,0.0,0.0,9.39,9.52,99,100
2026-02-22T02:00,6.0,5.6,0.0,0.0,9.24,9.93,96,100
2026-02-22T03:00,5.8,5.6,0.0,0.0,8.99,10.8,100,82
2026-02-22T04:00,5.8,5.3,0.0,0.0,9.54,10.39,91,91
2026-02-22T05:00,6.1,5.7,0.0,0.0,9.06,10.65,100,100
2026-02-22T06:00,6.9,5.4,0.0,0.0,12.09,11.13,98,100
2026-02-22T07:00,7.0,6.0,3.0,4.0,11.44,12.21,100,100
2026-02-22T08:00,7.2,6.7,18.0,30.0,11.17,11.8,100,100
2026-02-22T09:00,7.6,7.0,50.0,78.0,11.17,10.35,100,99
2026-02-22T10:00,8.0,7.5,70.0,103.0,10.26,10.43,100,95
2026-02-22T11:00,8.4,8.0,64.0,126.0,10.03,10.96,100,97
2026-02-22T12:00,8.7,8.7,61.0,143.0,9.29,10.39,100,96
2026-02-22T13:00,9.2,9.2,97.0,137.0,8.81,9.78,100,91
2026-02-22T14:00,9.5,9.7,60.0,162.0,8.43,9.51,100,93
2026-02-22T15:00,10.5,10.0,191.0,130.0,7.94,9.92,100,100
2026-02-22T16:00,10.3,9.9,94.0,77.0,8.81,9.64,99,100
2026-02-22T17:00,9.4,9.5,16.0,12.0,10.5,10.38,97,100
2026-02-22T18:00,8.9,9.0,0.0,0.0,10.37,11.5,100,100
2026-02-22T19:00,8.7,8.7,0.0,0.0,10.22,11.05,100,100
2026-02-22T20:00,8.2,8.6,0.0,0.0,10.39,10.65,100,100
2026-02-22T21:00,8.4,8.5,0.0,0.0,10.83,10.28,100,100
2026-02-22T22:00,8.2,8.5,0.0,0.0,10.54,10.21,100,100
2026-02-22T23:00,8.1,8.5,0.0,0.0,11.0,10.01,100,100
2026-02-23T00:00,8.0,8.3,0.0,0.0,11.35,11.04,100,100
2026-02-23T01:00,7.9,8.2,0.0,0.0,11.22,10.65,100,100
2026-02-23T02:00,7.7,8.1,0.0,0.0,10.96,10.21,100,94
2026-02-23T03:00,7.4,8.0,0.0,0.0,10.43,10.35,99,100
2026-02-23T04:00,7.3,8.0,0.0,0.0,11.41,10.64,100,95
2026-02-23T05:00,7.3,7.8,0.0,0.0,10.02,10.26,100,100
2026-02-23T06:00,7.4,7.4,0.0,0.0,10.88,10.35,100,100
2026-02-23T07:00,7.3,7.4,7.0,6.0,10.37,9.76,100,100
2026-02-23T08:00,7.8,7.7,83.0,68.0,10.05,9.92,100,100
2026-02-23T09:00,8.3,8.3,141.0,132.0,10.66,9.6,100,100
2026-02-23T10:00,9.2,9.5,176.0,210.0,11.57,8.01,100,100
2026-02-23T11:00,10.0,10.0,208.0,264.0,11.55,9.15,82,100
2026-02-23T12:00,10.6,10.6,332.0,322.0,10.99,10.09,100,98
2026-02-23T13:00,10.5,10.6,205.0,280.0,11.0,9.41,100,100
2026-02-23T14:00,10.5,10.4,147.0,213.0,9.39,9.73,100,100
2026-02-23T15:00,10.2,9.9,155.0,138.0,9.66,9.51,100,100
2026-02-23T16:00,9.6,9.5,78.0,61.0,9.1,8.82,100,100
2026-02-23T17:00,8.6,9.0,15.0,11.0,9.08,9.26,100,100
2026-02-23T18:00,8.9,8.8,0.0,0.0,9.57,10.09,100,100
2026-02-23T19:00,8.4,8.4,0.0,0.0,10.32,9.52,100,100
2026-02-23T20:00,8.1,8.2,0.0,0.0,12.07,9.22,100,100
2026-02-23T21:00,7.6,7.9,0.0,0.0,11.76,9.27,100,100
2026-02-23T22:00,7.6,7.7,0.0,0.0,12.46,9.27,100,100
2026-02-23T23:00,7.4,7.5,0.0,0.0,10.41,9.21,100,100
2026-02-24T00:00,7.4,7.4,0.0,0.0,10.54,8.88,100,100
2026-02-24T01:00,7.3,7.2,0.0,0.0,9.2,8.29,100,98
2026-02-24T02:00,7.3,6.9,0.0,0.0,8.83,8.04,100,100
2026-02-24T03:00,7.0,6.7,0.0,0.0,8.52,7.8,97,99
2026-02-24T04:00,6.8,6.8,0.0,0.0,5.64,7.51,99,99
2026-02-24T05:00,6.7,6.7,0.0,0.0,5.43,5.45,100,96
2026-02-24T06:00,6.2,5.9,0.0,0.0,3.12,8.67,100,98
2026-02-24T07:00,6.1,5.9,5.0,8.0,1.8,9.13,99,98
2026-02-24T08:00,6.4,6.2,32.0,32.0,1.14,8.08,100,94
2026-02-24T09:00,7.3,6.9,86.0,74.0,1.8,5.83,98,94
2026-02-24T10:00,7.7,7.6,91.0,108.0,1.67,4.27,91,92
2026-02-24T11:00,8.0,8.3,86.0,132.0,1.75,3.19,100,94
2026-02-24T12:00,8.4,8.6,77.0,150.0,2.38,1.9,99,92
2026-02-24T13:00,8.7,8.9,73.0,165.0,1.87,2.71,99,98
2026-02-24T14:00,8.7,8.8,45.0,93.0,1.59,2.16,100,100
2026-02-24T15:00,8.5,8.8,36.0,55.0,1.28,1.88,100,99
2026-02-24T16:00,8.3,8.6,18.0,25.0,0.29,1.87,100,100
2026-02-24T17:00,8.0,8.3,4.0,4.0,2.18,1.98,97,100
2026-02-24T18:00,7.4,7.3,0.0,0.0,2.02,3.45,100,95
2026-02-24T19:00,7.5,7.1,0.0,0.0,1.97,3.14,100,96
2026-02-24T20:00,7.4,7.0,0.0,0.0,2.39,2.85,96,77
2026-02-24T21:00,6.9,6.7,0.0,0.0,3.14,2.02,100,86
2026-02-24T22:00,6.8,6.6,0.0,0.0,2.17,1.46,80,89
2026-02-24T23:00,6.3,6.4,0.0,0.0,2.39,2.51,93,62
2026-02-25T00:00,5.9,5.8,0.0,0.0,1.38,1.46,71,84
2026-02-25T01:00,5.6,5.3,0.0,0.0,1.06,2.29,79,100
2026-02-25T02:00,5.0,5.1,0.0,0.0,1.1,2.77,100,100
2026-02-25T03:00,4.9,4.9,0.0,0.0,0.9,3.17,100,100
2026-02-25T04:00,4.9,5.0,0.0,0.0,1.69,3.54,100,100
2026-02-25T05:00,4.9,5.1,0.0,0.0,1.95,4.45,100,100
2026-02-25T06:00,4.7,4.8,0.0,0.0,2.37,4.0,100,100
2026-02-25T07:00,4.7,4.8,10.0,13.0,2.5,4.03,100,100
2026-02-25T08:00,4.8,5.1,47.0,67.0,2.0,3.47,100,98
2026-02-25T09:00,5.0,6.0,99.0,145.0,1.67,2.21,100,84
2026-02-25T10:00,5.7,7.7,138.0,296.0,1.48,2.16,100,63
2026-02-25T11:00,6.7,10.0,214.0,433.0,2.06,2.35,100,45
2026-02-25T12:00,7.1,10.9,223.0,434.0,1.9,3.25,100,59
2026-02-25T13:00,7.8,11.4,215.0,414.0,2.26,3.27,100,57
2026-02-25T14:00,8.3,11.6,176.0,341.0,2.55,3.74,100,56
2026-02-25T15:00,9.5,11.6,208.0,249.0,2.33,3.83,74,46
2026-02-25T16:00,9.0,10.9,126.0,132.0,2.97,3.92,33,38
2026-02-25T17:00,7.3,9.3,24.0,24.0,3.26,4.51,2,30
2026-02-25T18:00,7.0,8.4,0.0,0.0,3.87,5.29,4,39
2026-02-25T19:00,6.1,7.4,0.0,0.0,4.31,5.5,47,33
2026-02-25T20:00,5.4,6.5,0.0,0.0,4.59,5.57,58,45
2026-02-25T21:00,5.8,6.0,0.0,0.0,3.23,5.23,100,58
2026-02-25T22:00,5.7,5.6,0.0,0.0,2.77,4.9,100,65
2026-02-25T23:00,5.5,5.3,0.0,0.0,2.64,4.72,100,70
2026-02-26T00:00,5.4,5.2,0.0,0.0,2.15,2.53,100,90
2026-02-26T01:00,5.2,5.2,0.0,0.0,1.32,1.77,100,99
2026-02-26T02:00,5.0,5.2,0.0,0.0,1.62,1.36,100,100
2026-02-26T03:00,4.2,5.3,0.0,0.0,1.5,1.71,100,100
2026-02-26T04:00,4.4,5.5,0.0,0.0,1.86,2.98,100,100
2026-02-26T05:00,4.4,5.8,0.0,0.0,2.11,3.34,100,100
2026-02-26T06:00,4.0,5.6,0.0,0.0,2.33,3.37,100,100
2026-02-26T07:00,4.2,5.7,8.0,19.0,2.92,3.72,100,98
2026-02-26T08:00,4.6,6.5,38.0,113.0,2.88,4.15,100,52
2026-02-26T09:00,4.7,8.6,108.0,266.0,2.23,5.13,100,11
2026-02-26T10:00,6.3,11.3,207.0,402.0,1.97,4.69,86,6
2026-02-26T11:00,9.2,13.7,398.0,463.0,1.85,3.78,10,100
2026-02-26T12:00,12.3,14.3,506.0,477.0,2.31,3.51,1,100
2026-02-26T13:00,14.2,15.3,485.0,421.0,2.79,3.51,37,100
2026-02-26T14:00,15.2,15.9,395.0,382.0,2.97,3.69,90,8
2026-02-26T15:00,15.1,15.8,263.0,291.0,2.67,3.59,100,24
2026-02-26T16:00,14.1,14.7,133.0,152.0,3.02,3.97,100,0
2026-02-26T17:00,12.4,12.7,25.0,28.0,2.86,4.28,0,85
2026-02-26T18:00,10.8,11.0,0.0,0.0,2.49,3.9,0,0
2026-02-26T19:00,9.6,9.5,0.0,0.0,3.55,5.43,0,16
2026-02-26T20:00,8.5,8.6,0.0,0.0,4.03,5.94,0,73
2026-02-26T21:00,8.0,8.0,0.0,0.0,3.74,6.33,0,100
2026-02-26T22:00,7.0,7.3,0.0,0.0,3.32,5.49,0,100
2026-02-26T23:00,6.5,6.8,0.0,0.0,3.4,4.91,0,100
2026-02-27T00:00,5.9,6.8,0.0,0.0,3.4,4.49,0,47
2026-02-27T01:00,5.6,6.4,0.0,0.0,3.57,4.21,0,10
2026-02-27T02:00,5.3,6.1,0.0,0.0,4.08,3.96,0,24
2026-02-27T03:00,5.1,5.8,0.0,0.0,3.95,4.06,0,9
2026-02-27T04:00,4.8,5.6,0.0,0.0,3.86,4.65,0,8
2026-02-27T05:00,4.6,5.4,0.0,0.0,3.37,5.37,0,0
2026-02-27T06:00,4.2,4.5,0.0,0.0,3.73,4.21,0,0
2026-02-27T07:00,4.1,4.7,32.0,33.0,3.66,3.95,0,0
2026-02-27T08:00,5.6,6.2,157.0,158.0,3.45,4.17,0,0
2026-02-27T09:00,8.1,8.7,295.0,299.0,1.67,3.95,0,0
2026-02-27T10:00,10.9,11.3,417.0,420.0,1.33,3.47,0,0
2026-02-27T11:00,13.0,13.5,498.0,500.0,1.12,1.58,0,0
2026-02-27T12:00,14.5,15.6,526.0,531.0,0.79,1.96,0,0
2026-02-27T13:00,15.4,16.4,501.0,504.0,2.11,1.9,0,0
2026-02-27T14:00,15.6,16.8,424.0,426.0,2.71,2.21,0,0
2026-02-27T15:00,15.9,16.4,306.0,305.0,3.66,2.89,0,0
2026-02-27T16:00,14.6,15.0,162.0,158.0,4.27,4.05,0,0
2026-02-27T17:00,12.5,12.9,32.0,31.0,4.57,4.65,0,0
2026-02-27T18:00,10.9,10.2,0.0,0.0,5.55,5.23,0,0
2026-02-27T19:00,9.8,9.2,0.0,0.0,5.9,5.13,0,0
2026-02-27T20:00,8.9,8.3,0.0,0.0,5.41,4.62,0,0
2026-02-27T21:00,8.3,7.5,0.0,0.0,3.69,4.0,0,14
2026-02-27T22:00,7.4,6.8,0.0,0.0,3.14,3.69,0,0
2026-02-27T23:00,6.4,6.2,0.0,0.0,3.16,3.35,0,0
2026-02-28T00:00,6.1,5.8,0.0,0.0,3.78,3.61,0,11
2026-02-28T01:00,5.3,5.5,0.0,0.0,2.89,3.35,0,16
2026-02-28T02:00,4.7,5.0,0.0,0.0,2.26,2.94,0,1
2026-02-28T03:00,4.3,4.5,0.0,0.0,2.73,2.0,0,5
2026-02-28T04:00,3.8,4.0,0.0,0.0,2.39,1.77,0,8
2026-02-28T05:00,3.3,3.5,0.0,0.0,1.87,1.92,0,28
2026-02-28T06:00,2.5,3.2,0.0,0.0,2.31,2.34,100,42
2026-02-28T07:00,2.4,3.2,35.0,37.0,2.59,2.08,25,25
2026-02-28T08:00,4.5,4.4,155.0,159.0,3.1,2.04,17,84
2026-02-28T09:00,7.8,6.7,294.0,294.0,5.17,2.79,46,7
2026-02-28T10:00,10.8,9.7,401.0,416.0,4.16,3.56,63,97
2026-02-28T11:00,12.7,12.1,494.0,495.0,4.49,2.55,0,85
2026-02-28T12:00,13.7,13.8,512.0,530.0,3.21,3.06,84,10
2026-02-28T13:00,14.2,14.2,496.0,491.0,4.13,3.33,22,78
2026-02-28T14:00,14.1,14.3,410.0,401.0,3.33,3.61,42,62
2026-02-28T15:00,14.0,14.0,206.0,291.0,2.26,3.15,74,49
2026-02-28T16:00,13.5,13.4,133.0,139.0,1.9,3.07,91,98
2026-02-28T17:00,12.5,11.8,22.0,24.0,1.37,4.75,100,81
2026-02-28T18:00,10.7,10.6,0.0,0.0,7.0,3.68,100,95
2026-02-28T19:00,9.8,10.0,0.0,0.0,5.79,5.12,97,99
2026-02-28T20:00,9.1,9.4,0.0,0.0,5.27,4.63,100,100
2026-02-28T21:00,7.1,8.7,0.0,0.0,3.67,5.11,100,100
2026-02-28T22:00,7.0,8.1,0.0,0.0,4.92,4.59,100,100
2026-02-28T23:00,6.9,7.7,0.0,0.0,2.23,4.71,100,100
2026-03-01T00:00,6.6,7.1,0.0,0.0,3.55,4.32,100,100
2026-03-01T01:00,6.5,7.0,0.0,0.0,3.53,2.47,100,100
2026-03-01T02:00,6.4,6.7,0.0,0.0,2.88,2.08,100,100
2026-03-01T03:00,6.3,6.6,0.0,0.0,2.86,1.94,100,100
2026-03-01T04:00,6.3,6.5,0.0,0.0,1.49,1.23,100,100
2026-03-01T05:00,6.0,6.4,0.0,0.0,0.1,0.9,100,100
2026-03-01T06:00,5.6,5.6,0.0,0.0,0.5,0.6,99,100
2026-03-01T07:00,5.8,5.7,14.0,15.0,0.71,1.08,100,100
2026-03-01T08:00,6.3,6.3,47.0,58.0,1.08,1.4,100,100
2026-03-01T09:00,6.8,7.6,95.0,134.0,2.37,1.71,100,100
2026-03-01T10:00,7.1,8.1,130.0,156.0,2.48,1.45,100,99
2026-03-01T11:00,7.3,8.5,160.0,194.0,2.53,1.49,100,100
2026-03-01T12:00,8.0,8.7,243.0,308.0,2.02,0.98,100,98
2026-03-01T13:00,8.2,9.0,209.0,287.0,1.79,1.29,100,98
2026-03-01T14:00,8.2,9.2,181.0,241.0,2.02,1.39,100,98
2026-03-01T15:00,8.0,9.2,104.0,183.0,1.52,1.38,100,95
2026-03-01T16:00,7.9,8.8,89.0,102.0,2.33,1.81,89,79
2026-03-01T17:00,6.9,7.8,22.0,25.0,2.37,3.02,87,50
2026-03-01T18:00,6.7,5.9,0.0,0.0,2.19,4.29,95,74
2026-03-01T19:00,6.2,5.1,0.0,0.0,2.16,4.79,76,51
2026-03-01T20:00,5.8,4.4,0.0,0.0,3.04,4.24,77,32
2026-03-01T21:00,4.7,3.7,0.0,0.0,4.89,3.6,35,40
2026-03-01T22:00,4.3,3.0,0.0,0.0,6.01,3.27,24,40
2026-03-01T23:00,3.8,2.4,0.0,0.0,4.47,3.73,4,24
2026-03-02T00:00,3.1,2.5,0.0,0.0,5.25,3.97,0,39
2026-03-02T01:00,2.8,1.9,0.0,0.0,4.78,4.13,5,42
2026-03-02T02:00,2.4,1.5,0.0,0.0,4.46,3.98,0,46
2026-03-02T03:00,2.1,1.4,0.0,0.0,4.8,3.82,0,51
2026-03-02T04:00,1.8,1.3,0.0,0.0,4.82,4.32,0,60
2026-03-02T05:00,1.6,1.2,0.0,0.0,4.83,4.13,3,48
2026-03-02T06:00,1.4,0.2,0.0,0.0,4.78,4.0,0,1
2026-03-02T07:00,1.8,0.5,44.0,43.0,4.33,3.97,8,0
2026-03-02T08:00,3.8,2.7,179.0,174.0,3.88,3.95,10,0
2026-03-02T09:00,5.3,5.2,312.0,317.0,2.26,3.07,50,0
2026-03-02T10:00,7.7,7.4,373.0,436.0,4.31,2.17,93,13
2026-03-02T11:00,9.3,9.1,489.0,512.0,3.09,2.31,53,40
2026-03-02T12:00,7.0,10.8,333.0,535.0,3.42,2.87,100,8
2026-03-02T13:00,7.7,11.6,302.0,510.0,3.05,3.04,100,31
2026-03-02T14:00,8.9,12.0,344.0,425.0,3.43,3.06,100,36
2026-03-02T15:00,9.2,12.1,290.0,308.0,3.23,2.85,89,12
2026-03-02T16:00,9.3,11.7,138.0,166.0,3.45,3.15,95,43
2026-03-02T17:00,8.2,10.1,32.0,34.0,4.03,4.91,33,53
2026-03-02T18:00,7.4,7.8,0.0,0.0,3.85,4.33,31,0
2026-03-02T19:00,6.8,6.5,0.0,0.0,3.87,5.21,0,1
2026-03-02T20:00,6.2,5.5,0.0,0.0,4.17,6.24,0,28
2026-03-02T21:00,5.9,5.0,0.0,0.0,4.21,6.44,30,0
2026-03-02T22:00,5.2,4.4,0.0,0.0,3.92,6.06,0,0
2026-03-02T23:00,4.8,3.8,0.0,0.0,3.31,5.22,0,0
2026-03-03T00:00,3.9,3.7,0.0,0.0,2.94,4.4,0,0
2026-03-03T01:00,3.6,3.1,0.0,0.0,1.82,3.9,0,0
2026-03-03T02:00,2.8,2.6,0.0,0.0,0.92,3.48,57,0
2026-03-03T03:00,1.5,2.3,0.0,0.0,1.02,3.11,100,29
2026-03-03T04:00,0.4,2.0,0.0,0.0,1.04,2.84,100,65
2026-03-03T05:00,0.4,2.1,0.0,0.0,0.57,3.04,100,72
2026-03-03T06:00,0.2,2.0,0.0,0.0,1.18,1.71,100,100
2026-03-03T07:00,1.0,2.5,17.0,13.0,1.53,1.39,100,100
2026-03-03T08:00,1.9,3.2,48.0,59.0,1.04,1.04,100,100
2026-03-03T09:00,2.7,3.5,126.0,100.0,1.31,0.77,100,100
2026-03-03T10:00,3.8,4.5,172.0,192.0,0.31,0.5,100,100
2026-03-03T11:00,4.9,5.4,233.0,226.0,0.22,0.2,100,100
2026-03-03T12:00,6.0,7.7,207.0,310.0,0.92,0.55,100,76
2026-03-03T13:00,7.5,9.0,293.0,433.0,1.48,1.53,100,56
2026-03-03T14:00,8.5,9.7,286.0,397.0,1.06,2.22,100,46
2026-03-03T15:00,8.5,9.8,174.0,296.0,1.5,2.29,83,45
2026-03-03T16:00,7.9,9.5,154.0,160.0,1.15,2.31,39,87
2026-03-03T17:00,6.6,8.6,41.0,37.0,0.88,1.71,0,96
2026-03-03T18:00,5.6,8.0,0.0,0.0,0.78,1.06,0,100
2026-03-03T19:00,5.0,7.2,0.0,0.0,0.1,0.53,0,93
2026-03-03T20:00,4.4,6.4,0.0,0.0,0.49,0.81,13,82
2026-03-03T21:00,2.0,5.7,0.0,0.0,0.49,1.14,100,73
2026-03-03T22:00,1.5,5.2,0.0,0.0,1.2,1.2,100,76
2026-03-03T23:00,0.8,4.7,0.0,0.0,0.81,1.4,100,75
2026-03-04T00:00,0.8,3.1,0.0,0.0,0.84,1.1,100,100
2026-03-04T01:00,1.0,2.1,0.0,0.0,0.57,1.12,100,100
2026-03-04T02:00,1.3,2.2,0.0,0.0,1.39,0.71,100,100
2026-03-04T03:00,0.9,1.7,0.0,0.0,1.4,0.84,100,100
2026-03-04T04:00,1.0,1.5,0.0,0.0,0.69,1.02,100,100
2026-03-04T05:00,0.9,1.9,0.0,0.0,1.14,0.69,100,100
2026-03-04T06:00,1.3,-0.0,0.0,0.0,1.61,1.96,100,100
2026-03-04T07:00,1.5,0.4,19.0,26.0,1.1,1.95,100,100
2026-03-04T08:00,1.4,1.3,64.0,81.0,0.88,2.09,100,100
2026-03-04T09:00,0.3,3.2,175.0,187.0,1.18,2.05,100,91
2026-03-04T10:00,2.5,6.0,239.0,334.0,0.9,0.89,100,72
2026-03-04T11:00,6.2,8.3,436.0,410.0,0.4,0.98,6,80
2026-03-04T12:00,7.2,8.3,360.0,431.0,0.84,1.62,76,83
2026-03-04T13:00,8.1,9.6,400.0,443.0,1.49,2.08,70,80
2026-03-04T14:00,9.2,10.5,396.0,387.0,1.73,2.11,51,61
2026-03-04T15:00,9.4,10.8,312.0,302.0,1.43,2.73,26,38
2026-03-04T16:00,9.0,10.4,177.0,179.0,2.02,3.35,17,32
2026-03-04T17:00,7.4,8.8,43.0,43.0,2.65,3.72,0,0
2026-03-04T18:00,6.1,7.3,0.0,0.0,3.29,3.19,0,0
2026-03-04T19:00,5.0,6.2,0.0,0.0,4.0,3.43,0,0
2026-03-04T20:00,4.3,5.4,0.0,0.0,4.09,3.64,0,0
2026-03-04T21:00,2.9,4.8,0.0,0.0,4.13,3.93,0,0
2026-03-04T22:00,2.5,4.2,0.0,0.0,4.8,4.22,3,0
2026-03-04T23:00,2.0,3.6,0.0,0.0,5.17,4.39,9,0
2026-03-05T00:00,2.3,2.4,0.0,0.0,4.77,4.74,0,0
2026-03-05T01:00,1.9,2.1,0.0,0.0,4.99,5.05,23,0
2026-03-05T02:00,1.7,1.9,0.0,0.0,5.44,5.47,31,1
2026-03-05T03:00,1.7,1.3,0.0,0.0,5.3,6.2,64,17
2026-03-05T04:00,1.7,1.0,0.0,0.0,5.69,6.57,100,16
2026-03-05T05:00,1.9,0.8,0.0,0.0,6.39,6.95,100,20
2026-03-05T06:00,2.1,0.6,0.0,0.0,5.56,6.29,100,12
2026-03-05T07:00,2.1,1.0,21.0,50.0,4.5,6.11,100,53
2026-03-05T08:00,2.3,3.4,72.0,168.0,3.85,6.51,100,49
2026-03-05T09:00,3.3,5.8,155.0,316.0,3.23,4.52,100,35
2026-03-05T10:00,4.9,8.1,270.0,452.0,3.92,3.55,92,6
2026-03-05T11:00,7.2,10.1,440.0,537.0,3.72,3.96,64,0
2026-03-05T12:00,7.8,12.5,461.0,567.0,3.65,5.85,65,0
2026-03-05T13:00,9.6,13.7,515.0,541.0,4.33,6.09,32,0
2026-03-05T14:00,10.7,14.1,457.0,462.0,4.98,6.17,0,0
2026-03-05T15:00,11.3,13.8,335.0,339.0,5.52,7.21,0,0
2026-03-05T16:00,10.7,12.7,187.0,188.0,5.41,7.06,0,0
2026-03-05T17:00,9.1,10.5,47.0,46.0,5.68,7.86,0,0
2026-03-05T18:00,7.6,8.8,0.0,0.0,6.29,8.69,0,0
2026-03-05T19:00,6.6,7.6,0.0,0.0,6.78,8.4,0,0
2026-03-05T20:00,5.5,6.6,0.0,0.0,5.99,8.44,29,0
2026-03-05T21:00,4.8,5.7,0.0,0.0,5.73,8.13,0,0
2026-03-05T22:00,4.3,4.8,0.0,0.0,5.28,7.51,0,0
2026-03-05T23:00,3.8,4.4,0.0,0.0,5.13,7.69,25,8
2026-03-06T00:00,3.3,3.9,0.0,0.0,6.03,6.82,7,59
2026-03-06T01:00,2.6,3.3,0.0,0.0,4.56,6.37,8,44
2026-03-06T02:00,2.3,2.8,0.0,0.0,4.54,6.15,50,80
2026-03-06T03:00,2.2,2.3,0.0,0.0,3.31,5.52,41,25
2026-03-06T04:00,1.5,1.9,0.0,0.0,4.29,5.02,13,30
2026-03-06T05:00,0.9,1.6,0.0,0.0,2.59,4.75,16,36
2026-03-06T06:00,0.3,1.1,0.0,0.0,2.42,4.61,100,0
2026-03-06T07:00,-0.5,1.4,30.0,56.0,1.46,4.59,100,4
2026-03-06T08:00,1.1,3.3,98.0,189.0,1.87,4.44,100,25
2026-03-06T09:00,2.9,5.7,150.0,332.0,0.6,2.85,100,34
2026-03-06T10:00,4.6,7.9,248.0,456.0,0.79,2.16,93,0
2026-03-06T11:00,7.3,10.0,409.0,542.0,0.44,2.4,66,0
2026-03-06T12:00,8.9,10.9,440.0,558.0,1.06,2.37,100,11
2026-03-06T13:00,10.3,12.4,512.0,540.0,1.43,3.55,33,12
2026-03-06T14:00,11.5,13.1,462.0,461.0,1.45,3.9,9,3
2026-03-06T15:00,12.6,13.2,336.0,338.0,2.41,4.84,0,3
2026-03-06T16:00,11.9,12.5,188.0,190.0,3.02,5.52,0,0
2026-03-06T17:00,10.1,11.1,49.0,49.0,3.46,6.11,0,0
2026-03-06T18:00,9.4,9.5,0.0,0.0,3.76,6.59,0,0
2026-03-06T19:00,8.8,8.2,0.0,0.0,3.67,6.56,0,0
2026-03-06T20:00,8.0,7.0,0.0,0.0,3.43,6.01,0,0
2026-03-06T21:00,6.3,6.1,0.0,0.0,2.66,5.81,0,0
2026-03-06T22:00,5.6,5.4,0.0,0.0,2.85,5.79,0,0
2026-03-06T23:00,4.7,4.9,0.0,0.0,2.57,6.08,5,0
2026-03-07T00:00,4.4,4.9,0.0,0.0,2.7,4.6,75,0
2026-03-07T01:00,3.4,4.4,0.0,0.0,2.55,4.45,100,0
2026-03-07T02:00,2.7,3.9,0.0,0.0,2.65,4.21,100,0
2026-03-07T03:00,2.7,3.5,0.0,0.0,3.24,3.98,100,0
2026-03-07T04:00,2.4,3.4,0.0,0.0,3.24,3.73,100,0
2026-03-07T05:00,0.9,3.2,0.0,0.0,2.5,3.82,100,0
2026-03-07T06:00,-0.8,3.1,0.0,1.0,0.71,3.92,100,9
2026-03-07T07:00,-0.6,3.3,36.0,61.0,1.68,3.92,100,5
2026-03-07T08:00,0.5,4.6,120.0,200.0,1.97,3.34,100,1
2026-03-07T09:00,3.9,7.5,208.0,346.0,1.9,2.97,100,8
2026-03-07T10:00,8.5,9.8,380.0,469.0,1.19,1.64,98,4
2026-03-07T11:00,11.4,11.5,522.0,550.0,1.31,2.76,0,0
2026-03-07T12:00,13.4,13.0,582.0,578.0,2.23,3.02,0,5
2026-03-07T13:00,14.2,14.0,552.0,550.0,2.86,3.55,6,8
2026-03-07T14:00,14.2,14.3,470.0,469.0,3.84,3.77,0,40
2026-03-07T15:00,14.0,14.0,352.0,340.0,3.83,4.27,0,16
2026-03-07T16:00,12.7,13.1,202.0,194.0,3.92,4.78,0,14
2026-03-07T17:00,10.6,11.5,55.0,53.0,4.13,5.6,0,6
2026-03-07T18:00,9.6,9.9,0.0,0.0,4.52,5.57,0,0
2026-03-07T19:00,9.0,8.7,0.0,0.0,4.8,5.21,0,0
2026-03-07T20:00,8.1,8.0,0.0,0.0,4.03,4.59,0,0
2026-03-07T21:00,6.6,7.1,0.0,0.0,3.53,4.27,0,0
2026-03-07T22:00,5.5,6.7,0.0,0.0,2.77,3.72,0,1
2026-03-07T23:00,4.8,6.2,0.0,0.0,2.42,3.04,7,0
2026-03-08T00:00,4.2,4.4,0.0,0.0,1.9,1.97,9,0
2026-03-08T01:00,2.4,3.6,0.0,0.0,1.43,1.5,0,5
2026-03-08T02:00,1.6,3.0,0.0,0.0,1.06,1.19,43,67
2026-03-08T03:00,0.8,3.2,0.0,0.0,1.0,0.9,79,69
2026-03-08T04:00,0.3,2.1,0.0,0.0,1.18,0.89,93,99
2026-03-08T05:00,-0.2,1.0,0.0,0.0,1.18,0.75,100,100
2026-03-08T06:00,-0.5,-0.0,1.0,1.0,1.33,1.59,100,100
2026-03-08T07:00,0.6,-0.7,34.0,36.0,1.83,1.71,100,100
2026-03-08T08:00,2.0,0.0,106.0,114.0,1.86,1.71,100,100
2026-03-08T09:00,4.4,2.1,194.0,205.0,1.96,1.71,98,100
2026-03-08T10:00,8.1,6.2,369.0,355.0,1.18,1.97,100,97
2026-03-08T11:00,10.5,9.5,535.0,517.0,1.71,1.24,81,67
2026-03-08T12:00,12.3,12.2,574.0,582.0,1.46,1.62,47,5
2026-03-08T13:00,13.2,13.4,548.0,550.0,1.75,2.07,90,89
2026-03-08T14:00,13.5,13.9,463.0,450.0,2.1,2.24,100,81
2026-03-08T15:00,13.7,13.7,331.0,318.0,2.41,2.72,87,100
2026-03-08T16:00,12.9,12.9,197.0,156.0,2.55,2.98,82,100
2026-03-08T17:00,10.6,11.2,54.0,49.0,2.85,3.53,100,100
2026-03-08T18:00,9.4,9.8,0.0,0.0,2.05,3.54,80,62
2026-03-08T19:00,8.2,8.5,0.0,0.0,1.28,3.45,54,23
2026-03-08T20:00,7.0,7.6,0.0,0.0,0.89,3.35,8,35
2026-03-08T21:00,4.5,6.8,0.0,0.0,0.81,2.67,100,60
2026-03-08T22:00,4.3,5.8,0.0,0.0,1.1,2.02,75,43
2026-03-08T23:00,4.0,4.9,0.0,0.0,0.71,1.55,99,43
2026-03-09T00:00,2.6,3.4,0.0,0.0,0.44,1.57,100,76
2026-03-09T01:00,2.3,3.3,0.0,0.0,0.69,1.77,100,76
2026-03-09T02:00,1.3,2.6,0.0,0.0,0.79,1.31,100,98
2026-03-09T03:00,1.5,1.2,0.0,0.0,0.53,0.77,100,100
2026-03-09T04:00,0.8,0.9,0.0,0.0,0.79,0.69,99,100
2026-03-09T05:00,0.5,0.5,0.0,0.0,1.77,1.4,100,100
2026-03-09T06:00,1.3,0.0,1.0,1.0,2.28,1.53,96,100
2026-03-09T07:00,2.3,1.0,57.0,48.0,2.42,1.96,100,99
2026-03-09T08:00,5.4,3.6,190.0,163.0,2.51,2.24,50,99
2026-03-09T09:00,9.1,8.0,302.0,316.0,0.77,2.69,95,89
2026-03-09T10:00,11.6,11.2,410.0,453.0,0.71,1.18,100,61
2026-03-09T11:00,13.5,13.2,504.0,527.0,0.53,1.58,99,100
2026-03-09T12:00,13.9,15.0,427.0,464.0,1.12,1.4,100,100
2026-03-09T13:00,14.5,14.8,420.0,372.0,1.1,1.15,100,100
2026-03-09T14:00,14.7,14.3,355.0,270.0,1.55,0.79,100,100
2026-03-09T15:00,14.1,14.3,220.0,219.0,2.15,0.0,100,100
2026-03-09T16:00,13.3,13.8,138.0,148.0,3.04,0.22,100,100
2026-03-09T17:00,11.6,11.7,40.0,44.0,2.55,0.35,100,100
2026-03-09T18:00,10.3,10.0,0.0,0.0,4.62,1.98,100,96
2026-03-09T19:00,8.9,8.6,0.0,0.0,4.12,1.86,86,68
2026-03-09T20:00,8.6,6.9,0.0,0.0,3.05,2.55,97,93
2026-03-09T21:00,8.9,6.1,0.0,0.0,3.33,3.72,100,96
2026-03-09T22:00,7.9,5.5,0.0,0.0,2.29,3.94,100,100
2026-03-09T23:00,7.3,4.7,0.0,0.0,2.33,3.83,88,100
2026-03-10T00:00,5.4,3.9,0.0,0.0,2.46,3.29,96,98
2026-03-10T01:00,5.1,3.4,0.0,0.0,2.79,2.97,92,97
2026-03-10T02:00,4.7,3.5,0.0,0.0,3.04,2.58,86,95
2026-03-10T03:00,3.2,2.8,0.0,0.0,2.9,2.9,28,87
2026-03-10T04:00,2.8,2.7,0.0,0.0,3.2,3.17,5,84
2026-03-10T05:00,2.6,2.1,0.0,0.0,2.98,3.34,16,77
2026-03-10T06:00,2.7,2.1,2.0,2.0,3.67,2.29,66,87
2026-03-10T07:00,4.4,4.2,59.0,57.0,3.21,2.38,66,89
2026-03-10T08:00,7.5,7.9,209.0,174.0,3.67,2.42,30,93
2026-03-10T09:00,10.3,11.4,359.0,304.0,1.94,1.33,89,79
2026-03-10T10:00,12.6,13.8,484.0,439.0,2.1,0.98,19,76
2026-03-10T11:00,14.5,15.1,571.0,524.0,1.43,1.04,3,57
2026-03-10T12:00,15.5,15.9,592.0,472.0,0.9,1.18,28,89
2026-03-10T13:00,16.0,16.5,511.0,494.0,1.24,1.68,66,90
2026-03-10T14:00,16.0,16.6,400.0,401.0,0.49,1.87,100,92
2026-03-10T15:00,16.0,16.3,360.0,336.0,0.71,1.57,34,63
2026-03-10T16:00,15.2,15.4,212.0,193.0,1.39,1.18,17,39
2026-03-10T17:00,13.0,13.0,64.0,61.0,2.08,0.69,3,9
2026-03-10T18:00,11.2,10.1,0.0,0.0,2.74,1.41,0,26
2026-03-10T19:00,9.9,8.2,0.0,0.0,2.86,2.95,0,0
2026-03-10T20:00,8.8,6.4,0.0,0.0,2.81,4.53,0,0
2026-03-10T21:00,8.0,5.5,0.0,0.0,3.9,5.63,12,93
2026-03-10T22:00,6.5,5.3,0.0,0.0,5.0,5.35,100,100
2026-03-10T23:00,6.7,4.4,0.0,0.0,5.55,4.98,99,100
2026-03-11T00:00,7.3,3.3,0.0,0.0,5.09,6.39,100,95
2026-03-11T01:00,6.6,3.7,0.0,0.0,6.61,5.71,100,100
2026-03-11T02:00,6.9,4.4,0.0,0.0,5.52,4.31,93,100
2026-03-11T03:00,7.9,4.6,0.0,0.0,7.43,4.96,100,100
2026-03-11T04:00,7.8,4.9,0.0,0.0,6.66,6.92,100,100
2026-03-11T05:00,7.1,5.4,0.0,0.0,6.88,8.68,94,97
2026-03-11T06:00,6.5,5.5,2.0,2.0,6.31,6.64,78,99
2026-03-11T07:00,7.0,7.1,74.0,32.0,6.58,6.89,65,100
2026-03-11T08:00,8.9,8.6,196.0,83.0,6.29,7.01,100,98
2026-03-11T09:00,10.7,10.6,311.0,177.0,4.67,6.52,91,87
2026-03-11T10:00,13.0,13.1,425.0,386.0,6.71,6.58,63,77
2026-03-11T11:00,13.8,13.7,510.0,430.0,6.84,7.05,84,72
2026-03-11T12:00,14.6,14.1,536.0,494.0,8.55,7.11,100,84
2026-03-11T13:00,14.9,14.2,477.0,463.0,7.37,7.06,100,98
2026-03-11T14:00,14.5,14.0,350.0,357.0,7.7,6.93,99,100
2026-03-11T15:00,13.9,14.1,285.0,285.0,7.7,5.35,100,100
2026-03-11T16:00,13.4,13.5,170.0,183.0,8.41,5.56,100,100
2026-03-11T17:00,12.5,11.3,51.0,57.0,8.17,5.39,100,98
2026-03-11T18:00,11.5,10.5,1.0,0.0,9.18,10.73,97,100
2026-03-11T19:00,10.1,10.0,0.0,0.0,5.66,6.46,100,100
2026-03-11T20:00,9.5,8.8,0.0,0.0,6.95,7.18,100,98
2026-03-11T21:00,9.1,8.7,0.0,0.0,7.31,9.65,100,100
2026-03-11T22:00,8.6,8.1,0.0,0.0,10.08,10.34,100,100
2026-03-11T23:00,7.9,7.9,0.0,0.0,9.45,10.17,100,100
2026-03-12T00:00,7.6,7.7,0.0,0.0,7.89,9.87,100,100
2026-03-12T01:00,7.4,7.5,0.0,0.0,7.72,9.6,100,100
2026-03-12T02:00,7.2,7.0,0.0,0.0,7.48,9.99,100,100
2026-03-12T03:00,7.2,6.3,0.0,0.0,7.88,8.65,100,100
2026-03-12T04:00,7.1,6.0,0.0,0.0,6.9,7.84,100,100
2026-03-12T05:00,6.8,5.8,0.0,0.0,7.3,7.64,100,100
2026-03-12T06:00,6.7,5.9,0.0,2.0,7.41,7.64,100,100
2026-03-12T07:00,6.4,6.1,22.0,48.0,7.5,5.61,100,100
2026-03-12T08:00,6.9,6.8,142.0,146.0,6.28,4.08,94,87
2026-03-12T09:00,7.7,7.8,268.0,274.0,4.52,2.18,81,97
2026-03-12T10:00,8.6,8.6,335.0,304.0,3.95,2.24,69,100
2026-03-12T11:00,9.8,9.7,524.0,382.0,3.74,2.46,54,100
2026-03-12T12:00,10.6,10.5,517.0,507.0,4.06,3.66,77,53
2026-03-12T13:00,11.1,11.2,515.0,548.0,3.35,2.95,86,37
2026-03-12T14:00,11.4,11.4,437.0,496.0,2.21,2.53,41,41
2026-03-12T15:00,10.7,11.3,198.0,364.0,2.42,2.51,70,23
2026-03-12T16:00,10.3,10.8,190.0,227.0,2.45,2.22,23,0
2026-03-12T17:00,8.9,9.3,71.0,73.0,3.4,1.82,0,0
2026-03-12T18:00,8.4,7.7,1.0,1.0,3.19,1.96,18,0
2026-03-12T19:00,7.0,6.4,0.0,0.0,4.26,1.97,0,0
2026-03-12T20:00,6.3,5.1,0.0,0.0,4.91,2.74,0,0
2026-03-12T21:00,5.3,4.1,0.0,0.0,4.04,4.0,0,0
2026-03-12T22:00,4.7,3.3,0.0,0.0,5.13,5.35,0,0
2026-03-12T23:00,4.5,2.7,0.0,0.0,5.28,5.98,0,0
2026-03-13T00:00,3.7,2.3,0.0,0.0,4.62,5.45,0,0
2026-03-13T01:00,3.3,2.0,0.0,0.0,4.33,5.22,0,0
2026-03-13T02:00,2.9,1.5,0.0,0.0,3.53,5.1,0,0
2026-03-13T03:00,2.1,1.1,0.0,0.0,3.63,4.9,0,0
2026-03-13T04:00,1.7,0.8,0.0,0.0,3.55,4.8,0,0
2026-03-13T05:00,1.4,0.5,0.0,0.0,3.45,4.9,0,0
2026-03-13T06:00,1.1,0.5,5.0,4.0,3.64,5.02,0,0
2026-03-13T07:00,2.8,1.6,88.0,91.0,5.52,4.97,0,0
2026-03-13T08:00,5.3,4.7,240.0,242.0,6.34,4.92,0,3
2026-03-13T09:00,8.2,8.3,396.0,396.0,3.9,4.57,0,14
2026-03-13T10:00,10.1,11.4,522.0,515.0,3.96,3.59,26,13
2026-03-13T11:00,12.3,13.1,599.0,600.0,4.3,3.92,62,85
2026-03-13T12:00,13.5,15.0,627.0,628.0,4.5,4.71,7,4
2026-03-13T13:00,14.4,15.5,595.0,596.0,4.64,4.62,50,10
2026-03-13T14:00,14.6,15.7,503.0,512.0,4.44,4.17,100,12
2026-03-13T15:00,14.3,15.3,363.0,356.0,5.31,3.77,100,100
2026-03-13T16:00,13.5,14.3,215.0,170.0,5.42,3.47,34,100
2026-03-13T17:00,11.7,12.5,70.0,61.0,5.77,3.44,88,97
2026-03-13T18:00,10.4,11.3,1.0,1.0,7.18,1.71,100,58
2026-03-13T19:00,9.1,9.9,0.0,0.0,6.9,0.89,100,100
2026-03-13T20:00,8.7,8.6,0.0,0.0,6.15,0.79,100,100
2026-03-13T21:00,7.4,7.9,0.0,0.0,6.2,0.79,97,100
2026-03-13T22:00,7.0,7.1,0.0,0.0,5.75,0.77,100,79
2026-03-13T23:00,6.4,6.1,0.0,0.0,4.8,1.5,98,87
2026-03-14T00:00,5.9,6.7,0.0,0.0,4.19,2.71,100,94
2026-03-14T01:00,5.5,6.2,0.0,0.0,3.07,3.67,99,100
2026-03-14T02:00,4.7,5.8,0.0,0.0,2.57,3.68,100,100
2026-03-14T03:00,4.1,5.2,0.0,0.0,1.84,3.34,100,92
2026-03-14T04:00,3.5,4.6,0.0,0.0,1.53,2.63,100,100
2026-03-14T05:00,3.2,4.2,0.0,0.0,0.75,1.85,100,100
2026-03-14T06:00,3.3,3.6,3.0,5.0,0.75,2.11,100,100
2026-03-14T07:00,3.9,4.8,58.0,64.0,3.01,6.05,100,100
2026-03-14T08:00,6.6,7.2,159.0,150.0,3.95,5.33,100,100
2026-03-14T09:00,8.3,9.8,231.0,283.0,2.53,1.93,100,95
2026-03-14T10:00,8.5,11.2,158.0,376.0,5.66,4.69,100,94
2026-03-14T11:00,6.6,11.0,119.0,372.0,9.17,3.83,100,93
2026-03-14T12:00,4.9,13.7,129.0,598.0,8.24,4.38,98,58
2026-03-14T13:00,5.9,13.4,241.0,470.0,7.88,4.37,100,84
2026-03-14T14:00,6.0,11.6,203.0,286.0,5.68,5.58,99,100
2026-03-14T15:00,6.0,9.6,104.0,102.0,6.0,6.14,100,100
2026-03-14T16:00,5.1,7.8,64.0,43.0,5.62,9.18,100,100
2026-03-14T17:00,3.7,5.6,20.0,17.0,6.41,7.5,100,100
2026-03-14T18:00,3.4,5.5,0.0,0.0,6.49,9.11,95,100
2026-03-14T19:00,2.8,4.3,0.0,0.0,6.38,7.68,96,100
2026-03-14T20:00,2.6,4.0,0.0,0.0,5.68,6.35,93,100
2026-03-14T21:00,2.8,3.5,0.0,0.0,5.7,6.82,100,100
2026-03-14T22:00,2.5,3.1,0.0,0.0,5.49,6.66,100,100
2026-03-14T23:00,2.3,3.0,0.0,0.0,5.47,6.42,100,100
2026-03-15T00:00,2.1,2.1,0.0,0.0,4.51,4.8,98,97
2026-03-15T01:00,1.9,1.8,0.0,0.0,5.27,4.93,96,99
2026-03-15T02:00,1.7,1.7,0.0,0.0,5.28,4.33,98,98
2026-03-15T03:00,1.6,1.4,0.0,0.0,4.47,4.31,100,100
2026-03-15T04:00,1.7,1.4,0.0,0.0,3.28,4.62,100,100
2026-03-15T05:00,1.7,1.1,0.0,0.0,2.82,4.06,100,100
2026-03-15T06:00,1.5,0.2,4.0,5.0,2.5,2.99,98,87
2026-03-15T07:00,2.0,1.0,37.0,69.0,2.66,2.77,100,83
2026-03-15T08:00,2.8,2.7,133.0,199.0,2.25,2.22,100,72
2026-03-15T09:00,3.8,4.1,312.0,340.0,1.95,1.46,96,90
2026-03-15T10:00,4.4,5.0,301.0,384.0,1.92,0.62,96,87
2026-03-15T11:00,5.0,6.1,297.0,436.0,1.55,1.55,100,83
2026-03-15T12:00,5.5,6.5,242.0,246.0,2.16,1.97,100,100
2026-03-15T13:00,5.2,6.9,211.0,217.0,2.54,2.09,100,100
2026-03-15T14:00,6.1,6.9,267.0,167.0,1.53,1.79,99,99
2026-03-15T15:00,5.2,6.9,90.0,119.0,2.06,1.18,100,100
2026-03-15T16:00,5.2,6.6,51.0,56.0,0.66,1.28,100,100
2026-03-15T17:00,4.9,5.8,40.0,18.0,0.42,1.53,100,100
2026-03-15T18:00,4.8,6.0,1.0,1.0,1.53,0.4,100,100
2026-03-15T19:00,4.4,5.6,0.0,0.0,2.81,0.89,100,100
2026-03-15T20:00,4.2,5.2,0.0,0.0,2.64,1.1,100,100
2026-03-15T21:00,3.9,4.8,0.0,0.0,2.29,1.83,100,100
2026-03-15T22:00,3.5,4.3,0.0,0.0,2.88,2.71,100,100
2026-03-15T23:00,3.3,3.7,0.0,0.0,3.43,3.11,93,92
2026-03-16T00:00,3.6,2.5,0.0,0.0,3.6,5.17,96,85
2026-03-16T01:00,3.2,2.2,0.0,0.0,4.32,6.04,72,78
2026-03-16T02:00,2.6,1.7,0.0,0.0,4.78,6.72,41,59
2026-03-16T03:00,2.8,1.6,0.0,0.0,5.13,8.81,100,98
2026-03-16T04:00,2.4,1.7,0.0,0.0,6.41,8.13,100,100
2026-03-16T05:00,2.0,1.7,0.0,0.0,7.1,9.78,100,100
2026-03-16T06:00,1.2,1.5,8.0,7.0,7.09,9.49,0,86
2026-03-16T07:00,2.7,2.7,105.0,69.0,8.29,8.65,26,63
2026-03-16T08:00,4.3,4.2,195.0,146.0,9.42,8.33,71,85
2026-03-16T09:00,4.6,4.9,219.0,182.0,8.66,8.12,100,100
2026-03-16T10:00,5.3,4.8,94.0,127.0,9.29,7.84,100,88
2026-03-16T11:00,6.3,5.5,193.0,162.0,8.57,9.31,90,87
2026-03-16T12:00,6.1,9.0,187.0,380.0,10.35,10.72,100,100
2026-03-16T13:00,7.2,9.0,238.0,367.0,9.21,10.59,100,100
2026-03-16T14:00,8.0,9.4,328.0,322.0,10.58,10.61,91,100
2026-03-16T15:00,8.5,9.3,279.0,218.0,9.63,8.87,98,100
2026-03-16T16:00,8.2,8.5,187.0,121.0,9.13,8.15,92,100
2026-03-16T17:00,7.4,7.5,63.0,49.0,8.42,6.48,100,97
2026-03-16T18:00,5.0,5.4,2.0,2.0,7.73,6.2,100,99
2026-03-16T19:00,4.7,4.7,0.0,0.0,7.58,4.55,100,80
2026-03-16T20:00,4.3,4.2,0.0,0.0,7.25,5.42,100,84
2026-03-16T21:00,3.2,3.6,0.0,0.0,4.35,5.69,100,99
2026-03-16T22:00,3.0,3.2,0.0,0.0,3.83,5.72,100,100
2026-03-16T23:00,2.8,3.2,0.0,0.0,3.82,5.81,100,100
2026-03-17T00:00,3.1,4.1,0.0,0.0,3.63,4.13,100,100
2026-03-17T01:00,2.9,3.8,0.0,0.0,2.95,4.21,97,100
2026-03-17T02:00,2.9,3.5,0.0,0.0,2.36,3.96,98,100
2026-03-17T03:00,2.3,3.4,0.0,0.0,2.15,3.66,98,90
2026-03-17T04:00,2.3,3.0,0.0,0.0,2.67,3.33,99,76
2026-03-17T05:00,2.5,2.8,0.0,0.0,3.15,3.33,98,90
2026-03-17T06:00,2.3,3.9,5.0,4.0,1.88,5.3,97,97
2026-03-17T07:00,3.0,4.2,64.0,35.0,2.01,4.31,97,94
2026-03-17T08:00,4.0,4.9,133.0,90.0,1.8,3.19,97,93
2026-03-17T09:00,4.7,5.6,162.0,151.0,1.14,1.64,96,94
2026-03-17T10:00,5.5,6.1,214.0,201.0,0.42,1.87,94,93
2026-03-17T11:00,6.2,6.6,247.0,213.0,0.29,1.5,100,91
2026-03-17T12:00,6.9,9.3,287.0,506.0,0.69,1.08,100,77
2026-03-17T13:00,7.6,9.6,350.0,457.0,0.53,1.27,93,85
2026-03-17T14:00,7.6,9.8,274.0,347.0,0.77,1.8,100,82
2026-03-17T15:00,6.9,9.6,167.0,277.0,2.77,2.1,79,77
2026-03-17T16:00,7.3,9.1,201.0,161.0,2.42,2.85,28,94
2026-03-17T17:00,6.0,8.2,87.0,62.0,3.35,3.9,40,76
2026-03-17T18:00,4.8,5.8,2.0,2.0,5.16,5.29,0,41
2026-03-17T19:00,3.7,4.6,0.0,0.0,4.83,5.88,43,9
2026-03-17T20:00,3.0,3.7,0.0,0.0,6.27,6.9,0,24
2026-03-17T21:00,2.0,3.0,0.0,0.0,5.14,6.63,0,15
2026-03-17T22:00,1.4,2.1,0.0,0.0,5.06,6.32,0,5
2026-03-17T23:00,1.1,1.7,0.0,0.0,5.78,7.45,10,0
2026-03-18T00:00,1.0,1.3,0.0,0.0,5.59,7.08,0,0
2026-03-18T01:00,1.0,1.5,0.0,0.0,5.95,8.01,0,0
2026-03-18T02:00,0.8,1.5,0.0,0.0,6.81,8.3,0,0
2026-03-18T03:00,0.6,1.3,0.0,0.0,7.25,8.76,0,0
2026-03-18T04:00,0.3,1.1,0.0,0.0,6.97,8.96,0,0
2026-03-18T05:00,0.0,0.8,0.0,0.0,6.69,9.02,37,0
2026-03-18T06:00,0.3,0.9,7.0,11.0,5.99,8.92,78,0
2026-03-18T07:00,0.8,1.5,74.0,116.0,7.27,9.32,89,0
2026-03-18T08:00,2.3,3.5,199.0,276.0,6.85,8.01,55,0
2026-03-18T09:00,4.2,5.4,344.0,428.0,7.54,7.73,89,0
2026-03-18T10:00,5.9,7.1,389.0,549.0,10.29,8.44,94,24
2026-03-18T11:00,7.4,8.6,467.0,612.0,10.39,10.15,66,17
2026-03-18T12:00,8.2,10.0,509.0,638.0,9.9,10.97,70,25
2026-03-18T13:00,9.7,10.8,505.0,613.0,10.81,11.45,52,12
2026-03-18T14:00,10.4,11.2,508.0,533.0,11.42,12.21,38,1
2026-03-18T15:00,10.4,11.1,398.0,407.0,11.21,12.07,5,0
2026-03-18T16:00,10.0,10.7,253.0,252.0,10.91,11.75,7,0
2026-03-18T17:00,8.8,9.7,93.0,91.0,10.42,11.08,0,0
2026-03-18T18:00,7.4,7.8,4.0,3.0,10.2,9.95,0,0
2026-03-18T19:00,6.5,7.1,0.0,0.0,10.66,9.85,0,0
2026-03-18T20:00,6.1,6.5,0.0,0.0,10.44,9.91,0,0
2026-03-18T21:00,5.2,5.8,0.0,0.0,9.92,9.9,0,0
2026-03-18T22:00,4.3,5.2,0.0,0.0,10.2,10.39,0,0
2026-03-18T23:00,3.9,4.7,0.0,0.0,10.27,10.53,0,0
2026-03-19T00:00,3.4,4.3,0.0,0.0,9.72,11.0,0,0
2026-03-19T01:00,2.8,4.0,0.0,0.0,9.84,10.03,0,0
2026-03-19T02:00,2.3,3.5,0.0,0.0,9.65,9.78,0,0
2026-03-19T03:00,1.9,3.1,0.0,0.0,8.96,9.71,0,0
2026-03-19T04:00,1.4,2.8,0.0,0.0,8.23,9.41,0,0
2026-03-19T05:00,1.1,2.4,0.0,0.0,8.48,8.65,61,0
2026-03-19T06:00,1.0,2.2,11.0,12.0,8.53,8.17,90,91
2026-03-19T07:00,2.2,3.1,104.0,110.0,8.29,7.78,100,66
2026-03-19T08:00,3.9,4.9,235.0,264.0,6.8,6.33,100,78
2026-03-19T09:00,6.0,6.6,344.0,352.0,5.52,5.46,100,93
2026-03-19T10:00,8.0,8.3,456.0,430.0,5.49,6.1,95,88
2026-03-19T11:00,9.5,9.1,505.0,425.0,5.71,5.33,96,92
2026-03-19T12:00,10.4,11.4,576.0,670.0,6.24,5.7,90,0
2026-03-19T13:00,11.1,12.0,591.0,639.0,5.7,5.92,83,9
2026-03-19T14:00,11.3,12.0,522.0,545.0,5.61,5.93,80,32
2026-03-19T15:00,11.5,11.6,406.0,407.0,5.44,5.79,39,38
2026-03-19T16:00,10.7,10.8,252.0,255.0,5.15,5.84,12,12
2026-03-19T17:00,8.9,9.3,97.0,98.0,4.96,6.21,0,49
2026-03-19T18:00,7.8,7.7,5.0,5.0,5.52,6.4,1,0
2026-03-19T19:00,6.6,6.5,0.0,0.0,5.76,6.67,0,0
2026-03-19T20:00,5.8,5.6,0.0,0.0,6.44,6.01,0,0
2026-03-19T21:00,5.1,5.0,0.0,0.0,5.28,4.93,0,0
2026-03-19T22:00,4.4,4.5,0.0,0.0,4.24,4.12,0,0
2026-03-19T23:00,3.9,4.1,0.0,0.0,3.25,3.61,0,0
2026-03-20T00:00,3.4,3.0,0.0,0.0,2.95,4.53,0,1
2026-03-20T01:00,2.7,2.8,0.0,0.0,3.21,4.13,0,0
2026-03-20T02:00,2.3,2.6,0.0,0.0,3.61,4.02,0,0
2026-03-20T03:00,2.1,2.5,0.0,0.0,3.63,4.27,9,25
2026-03-20T04:00,2.0,2.5,0.0,0.0,3.34,4.19,23,57
2026-03-20T05:00,1.8,2.4,0.0,0.0,3.42,4.06,0,19
2026-03-20T06:00,1.6,1.9,14.0,14.0,4.46,3.42,0,46
2026-03-20T07:00,2.4,3.0,129.0,127.0,4.02,3.04,37,40
2026-03-20T08:00,5.7,5.3,295.0,290.0,3.17,2.88,0,3
2026-03-20T09:00,8.1,7.6,449.0,443.0,1.71,1.52,1,26
2026-03-20T10:00,9.9,9.5,576.0,562.0,2.25,1.84,0,55
2026-03-20T11:00,11.2,10.7,654.0,596.0,2.52,2.02,0,56
2026-03-20T12:00,11.7,11.1,669.0,605.0,2.07,2.72,44,97
2026-03-20T13:00,12.0,11.3,617.0,536.0,2.78,2.94,82,94
2026-03-20T14:00,12.1,11.3,531.0,465.0,2.3,3.53,86,73
2026-03-20T15:00,12.1,10.9,395.0,381.0,3.46,4.09,78,79
2026-03-20T16:00,11.6,10.0,256.0,226.0,2.91,4.27,76,69
2026-03-20T17:00,10.5,8.9,97.0,88.0,3.89,4.35,62,79
2026-03-20T18:00,9.1,7.7,5.0,4.0,4.12,4.69,66,83
2026-03-20T19:00,8.2,6.7,0.0,0.0,4.96,4.47,66,59
2026-03-20T20:00,7.4,6.0,0.0,0.0,5.05,3.85,96,67
2026-03-20T21:00,6.4,5.5,0.0,0.0,4.9,3.47,99,66
2026-03-20T22:00,6.1,5.1,0.0,0.0,5.21,3.07,100,43
2026-03-20T23:00,5.5,4.8,0.0,0.0,5.75,3.9,83,78
2026-03-21T00:00,5.0,4.5,0.0,0.0,6.25,4.21,86,71
2026-03-21T01:00,4.6,4.2,0.0,0.0,5.61,4.25,89,71
2026-03-21T02:00,3.6,3.8,0.0,0.0,4.29,4.75,85,72
2026-03-21T03:00,3.1,3.1,0.0,0.0,4.86,5.04,97,36
2026-03-21T04:00,2.7,2.5,0.0,0.0,4.25,5.4,95,32
2026-03-21T05:00,2.4,2.0,0.0,0.0,2.89,6.01,90,31
2026-03-21T06:00,2.1,2.6,11.0,14.0,4.03,4.03,94,77
2026-03-21T07:00,3.4,3.5,86.0,99.0,3.02,4.16,95,79
2026-03-21T08:00,5.3,5.1,185.0,190.0,2.89,4.21,100,92
2026-03-21T09:00,6.5,6.3,218.0,256.0,3.78,3.33,100,99
2026-03-21T10:00,7.2,7.3,296.0,297.0,3.5,3.8,100,100
2026-03-21T11:00,7.4,7.9,160.0,349.0,3.98,3.65,100,95
2026-03-21T12:00,9.4,10.0,212.0,507.0,4.09,3.9,100,90
2026-03-21T13:00,9.8,10.0,277.0,321.0,3.83,4.59,100,97
2026-03-21T14:00,9.2,9.4,185.0,206.0,4.72,4.87,100,98
2026-03-21T15:00,9.6,9.2,238.0,252.0,5.59,4.17,92,94
2026-03-21T16:00,9.2,8.3,194.0,170.0,5.59,5.2,93,100
2026-03-21T17:00,8.2,7.2,77.0,55.0,5.39,5.49,86,98
2026-03-21T18:00,7.2,6.1,4.0,3.0,5.4,6.19,100,95
2026-03-21T19:00,6.3,5.5,0.0,0.0,5.53,6.19,95,98
2026-03-21T20:00,5.1,5.0,0.0,0.0,7.38,7.01,89,100
2026-03-21T21:00,4.2,4.4,0.0,0.0,6.7,7.51,93,88
2026-03-21T22:00,3.6,3.7,0.0,0.0,7.43,8.41,36,92
2026-03-21T23:00,2.8,3.2,0.0,0.0,7.67,8.86,0,50
2026-03-22T00:00,2.3,3.1,0.0,0.0,7.68,6.94,0,99
2026-03-22T01:00,1.7,2.8,0.0,0.0,7.8,6.51,0,91
2026-03-22T02:00,1.1,2.7,0.0,0.0,7.22,5.8,8,97
2026-03-22T03:00,1.4,2.4,0.0,0.0,7.06,6.27,83,100
2026-03-22T04:00,1.2,2.2,0.0,0.0,7.15,6.81,86,100
2026-03-22T05:00,0.9,1.8,0.0,0.0,6.96,6.67,87,100
2026-03-22T06:00,0.3,-0.0,17.0,17.0,7.35,7.27,44,45
2026-03-22T07:00,1.6,1.0,131.0,119.0,5.98,6.37,46,68
2026-03-22T08:00,3.5,2.2,279.0,214.0,5.49,4.51,56,82
2026-03-22T09:00,5.6,3.9,438.0,326.0,4.73,4.73,15,81
2026-03-22T10:00,8.1,6.1,580.0,442.0,5.12,4.23,0,56
2026-03-22T11:00,10.3,8.9,662.0,596.0,5.74,4.67,0,40
2026-03-22T12:00,11.6,11.0,685.0,669.0,5.71,5.42,9,26
2026-03-22T13:00,12.4,11.9,655.0,636.0,5.63,5.73,24,32
2026-03-22T14:00,12.7,12.1,565.0,554.0,5.49,5.87,68,31
2026-03-22T15:00,12.5,11.8,439.0,430.0,5.37,6.02,23,12
2026-03-22T16:00,12.1,11.0,280.0,274.0,4.78,5.89,52,3
2026-03-22T17:00,10.8,9.3,111.0,109.0,5.88,6.04,1,0
2026-03-22T18:00,8.8,8.0,7.0,7.0,7.18,7.59,0,0
2026-03-22T19:00,7.4,6.4,0.0,0.0,8.0,6.89,0,0
2026-03-22T20:00,6.1,5.1,0.0,0.0,8.24,6.26,0,0
2026-03-22T21:00,5.3,3.9,0.0,0.0,7.86,5.97,0,0
2026-03-22T22:00,4.7,2.8,0.0,0.0,5.78,5.28,0,0
2026-03-22T23:00,3.6,1.7,0.0,0.0,4.37,4.91,0,0
2026-03-23T00:00,2.9,1.2,0.0,0.0,4.52,4.74,0,0
2026-03-23T01:00,2.3,1.0,0.0,0.0,3.26,4.09,0,0
2026-03-23T02:00,1.6,0.9,0.0,0.0,2.36,3.19,0,0
2026-03-23T03:00,1.2,0.8,0.0,0.0,1.66,2.64,0,0
2026-03-23T04:00,0.1,0.6,0.0,0.0,0.81,2.15,0,0
2026-03-23T05:00,0.2,0.2,0.0,0.0,0.93,1.69,0,0
2026-03-23T06:00,0.3,-0.3,20.0,21.0,0.98,1.25,7,0
2026-03-23T07:00,1.7,1.4,144.0,146.0,1.12,1.93,0,0
2026-03-23T08:00,4.4,4.7,310.0,310.0,1.28,2.23,11,3
2026-03-23T09:00,7.4,7.4,466.0,468.0,1.18,2.0,13,0
2026-03-23T10:00,9.4,9.6,585.0,592.0,0.93,1.98,29,0
2026-03-23T11:00,11.1,10.9,666.0,618.0,1.18,2.63,30,49
2026-03-23T12:00,11.7,11.7,608.0,597.0,2.27,3.23,94,51
2026-03-23T13:00,12.0,12.1,433.0,572.0,3.34,3.21,100,48
2026-03-23T14:00,12.2,11.8,339.0,343.0,1.83,3.42,93,100
2026-03-23T15:00,11.3,11.8,176.0,233.0,1.58,3.38,100,89
2026-03-23T16:00,11.3,11.6,195.0,216.0,3.06,2.95,72,70
2026-03-23T17:00,10.4,10.8,97.0,70.0,3.46,3.22,90,93
2026-03-23T18:00,8.9,9.0,7.0,7.0,2.2,2.76,67,29
2026-03-23T19:00,8.2,7.8,0.0,0.0,1.5,2.21,44,43
2026-03-23T20:00,6.9,7.3,0.0,0.0,1.45,2.04,0,65
2026-03-23T21:00,5.9,6.7,0.0,0.0,2.15,2.56,0,58
2026-03-23T22:00,4.3,6.1,0.0,0.0,2.11,2.36,0,8
2026-03-23T23:00,3.7,5.1,0.0,0.0,2.23,2.56,0,1
2026-03-24T00:00,1.4,5.0,0.0,0.0,2.19,3.14,0,58
2026-03-24T01:00,1.2,4.1,0.0,0.0,2.29,2.94,0,70
2026-03-24T02:00,1.1,2.5,0.0,0.0,2.69,2.74,0,78
2026-03-24T03:00,0.5,1.5,0.0,0.0,2.65,3.08,13,88
2026-03-24T04:00,0.2,1.3,0.0,0.0,2.55,3.34,43,81
2026-03-24T05:00,-0.2,1.0,0.0,0.0,2.33,3.24,87,55
2026-03-24T06:00,0.2,1.2,22.0,22.0,2.81,2.87,65,88
2026-03-24T07:00,2.2,2.6,135.0,136.0,2.94,2.87,82,83
2026-03-24T08:00,5.4,5.6,298.0,287.0,2.85,2.98,87,58
2026-03-24T09:00,8.6,9.3,447.0,462.0,2.06,1.85,100,36
2026-03-24T10:00,10.9,11.8,553.0,589.0,2.33,1.58,100,56
2026-03-24T11:00,12.5,13.1,651.0,666.0,2.5,1.52,47,83
2026-03-24T12:00,13.1,13.4,679.0,679.0,2.21,1.15,61,75
2026-03-24T13:00,13.4,13.8,654.0,649.0,2.31,1.21,64,50
2026-03-24T14:00,13.5,14.0,558.0,565.0,2.4,1.29,88,36
2026-03-24T15:00,13.3,13.9,442.0,432.0,2.79,1.31,42,55
2026-03-24T16:00,12.7,13.5,280.0,270.0,3.17,1.36,58,51
2026-03-24T17:00,11.5,12.6,113.0,112.0,3.45,1.67,76,70
2026-03-24T18:00,9.3,10.8,9.0,8.0,4.34,3.0,43,62
2026-03-24T19:00,7.8,9.2,0.0,0.0,5.31,3.53,38,29
2026-03-24T20:00,6.6,7.8,0.0,0.0,6.2,4.44,80,98
2026-03-24T21:00,5.5,6.7,0.0,0.0,5.96,5.62,95,100
2026-03-24T22:00,4.7,6.2,0.0,0.0,6.24,6.51,85,98
2026-03-24T23:00,4.5,5.8,0.0,0.0,6.52,7.53,100,100
2026-03-25T00:00,4.2,5.3,0.0,0.0,7.35,8.42,100,100
2026-03-25T01:00,4.4,5.2,0.0,0.0,7.84,8.53,100,100
2026-03-25T02:00,4.5,5.1,0.0,0.0,8.59,9.07,97,100
2026-03-25T03:00,4.2,5.1,0.0,0.0,7.99,9.65,96,66
2026-03-25T04:00,4.5,4.8,0.0,0.0,9.63,10.05,58,100
2026-03-25T05:00,4.4,4.5,0.0,0.0,10.19,10.27,25,6
2026-03-25T06:00,5.1,5.1,23.0,24.0,10.0,11.1,100,37
2026-03-25T07:00,7.9,7.1,123.0,136.0,10.98,11.82,100,100
2026-03-25T08:00,9.6,10.2,204.0,232.0,12.47,10.62,100,87
2026-03-25T09:00,11.2,11.9,318.0,332.0,12.36,11.94,100,80
2026-03-25T10:00,12.9,13.3,443.0,556.0,13.23,14.25,2,29
2026-03-25T11:00,13.7,14.0,634.0,660.0,14.45,13.77,100,31
2026-03-25T12:00,8.5,14.4,171.0,598.0,10.94,14.97,100,95
2026-03-25T13:00,7.5,8.6,115.0,205.0,12.18,9.61,100,100
2026-03-25T14:00,6.9,8.5,112.0,97.0,11.64,9.43,100,100
2026-03-25T15:00,6.6,8.1,104.0,79.0,9.25,11.27,100,100
2026-03-25T16:00,5.8,7.8,71.0,58.0,11.07,11.7,98,100
2026-03-25T17:00,5.3,6.8,49.0,25.0,10.21,9.02,100,100
2026-03-25T18:00,4.4,4.0,6.0,3.0,11.71,8.36,100,100
2026-03-25T19:00,3.5,3.2,0.0,0.0,11.9,7.96,80,100
2026-03-25T20:00,2.8,3.1,0.0,0.0,9.42,8.24,100,100
2026-03-25T21:00,2.9,2.9,0.0,0.0,9.2,7.01,100,100
2026-03-25T22:00,2.8,2.6,0.0,0.0,9.34,6.58,100,100
2026-03-25T23:00,2.3,2.1,0.0,0.0,8.05,6.93,100,100
2026-03-26T00:00,1.0,1.6,0.0,0.0,5.46,7.56,100,100
2026-03-26T01:00,1.1,1.8,0.0,0.0,5.48,8.03,100,100
2026-03-26T02:00,0.7,1.9,0.0,0.0,5.71,8.11,100,100
2026-03-26T03:00,0.9,1.6,0.0,0.0,6.49,8.1,100,100
2026-03-26T04:00,1.1,1.6,0.0,0.0,6.3,9.12,100,100
2026-03-26T05:00,0.9,1.4,0.0,0.0,8.07,9.46,100,100
2026-03-26T06:00,1.1,0.7,7.0,14.0,6.15,7.7,100,100
2026-03-26T07:00,1.2,0.8,31.0,77.0,6.84,7.74,100,100
2026-03-26T08:00,1.2,1.5,77.0,140.0,8.63,7.59,100,100
2026-03-26T09:00,2.0,2.5,116.0,283.0,7.89,8.14,100,100
2026-03-26T10:00,2.8,3.3,218.0,436.0,6.45,7.01,95,100
2026-03-26T11:00,3.9,4.4,316.0,428.0,8.02,7.07,100,100
2026-03-26T12:00,5.4,4.6,391.0,523.0,7.94,7.54,100,94
2026-03-26T13:00,5.6,4.2,541.0,468.0,9.93,7.46,100,100
2026-03-26T14:00,6.0,5.2,476.0,404.0,8.87,5.7,100,100
2026-03-26T15:00,5.3,5.9,312.0,401.0,8.05,7.72,71,37
2026-03-26T16:00,5.1,5.9,263.0,283.0,6.79,6.84,66,87
2026-03-26T17:00,3.7,5.3,101.0,120.0,4.78,5.44,99,52
2026-03-26T18:00,1.2,2.3,11.0,11.0,6.81,2.91,69,4
2026-03-26T19:00,0.7,1.8,0.0,0.0,7.35,2.28,90,42
2026-03-26T20:00,-0.3,1.1,0.0,0.0,7.39,4.59,82,76
2026-03-26T21:00,-0.5,1.0,0.0,0.0,6.51,7.25,62,77
2026-03-26T22:00,-0.5,0.3,0.0,0.0,6.39,8.28,96,53
2026-03-26T23:00,-0.5,-0.1,0.0,0.0,5.3,8.2,98,29
2026-03-27T00:00,-1.2,-0.5,0.0,0.0,6.28,7.46,77,52
2026-03-27T01:00,-1.1,-0.8,0.0,0.0,5.83,6.13,98,60
2026-03-27T02:00,-0.9,-1.2,0.0,0.0,5.83,6.26,97,26
2026-03-27T03:00,-1.1,-1.5,0.0,0.0,5.74,6.76,97,24
2026-03-27T04:00,-1.3,-1.9,0.0,0.0,5.4,6.23,100,39
2026-03-27T05:00,-1.4,-2.1,0.0,0.0,4.56,6.43,100,15
2026-03-27T06:00,-2.0,-2.0,19.0,34.0,3.9,5.54,94,7
2026-03-27T07:00,-1.5,-0.9,96.0,174.0,3.33,4.54,94,15
2026-03-27T08:00,-0.0,0.7,224.0,347.0,3.59,3.53,74,23
2026-03-27T09:00,1.2,2.1,387.0,485.0,3.23,3.35,52,37
2026-03-27T10:00,2.6,3.5,462.0,617.0,3.38,2.75,77,29
2026-03-27T11:00,3.7,4.8,519.0,695.0,3.48,3.09,86,29
2026-03-27T12:00,4.6,5.1,625.0,659.0,3.44,3.33,53,49
2026-03-27T13:00,5.2,5.7,588.0,631.0,3.53,2.85,46,39
2026-03-27T14:00,5.6,6.0,532.0,560.0,2.75,2.55,41,33
2026-03-27T15:00,5.5,5.9,432.0,448.0,3.43,2.68,31,28
2026-03-27T16:00,4.8,5.6,300.0,286.0,3.55,2.72,61,30
2026-03-27T17:00,3.9,5.0,132.0,123.0,2.85,2.37,0,20
2026-03-27T18:00,2.9,4.0,13.0,12.0,2.29,3.88,60,42
2026-03-27T19:00,1.4,2.3,0.0,0.0,4.62,4.53,0,12
2026-03-27T20:00,0.9,1.3,0.0,0.0,4.83,4.82,0,1
2026-03-27T21:00,0.5,0.8,0.0,0.0,4.43,4.65,0,1
2026-03-27T22:00,-0.2,0.7,0.0,0.0,4.17,3.99,0,0
2026-03-27T23:00,-0.2,0.6,0.0,0.0,3.64,3.2,0,0
2026-03-28T00:00,-0.4,0.3,0.0,0.0,2.09,2.56,0,0
2026-03-28T01:00,-1.0,-0.0,0.0,0.0,1.46,1.67,0,0
2026-03-28T02:00,-1.2,-0.4,0.0,0.0,1.71,1.15,0,0
2026-03-28T03:00,-1.3,-0.6,0.0,0.0,1.52,0.92,0,0
2026-03-28T04:00,-1.6,-1.0,0.0,0.0,1.8,0.31,0,0
2026-03-28T05:00,-1.8,-1.5,0.0,0.0,1.96,0.5,0,2
2026-03-28T06:00,-1.8,-1.8,36.0,37.0,2.53,1.52,90,0
2026-03-28T07:00,-0.2,-0.4,159.0,178.0,3.38,1.96,100,32
2026-03-28T08:00,1.8,2.0,309.0,350.0,2.67,2.26,72,15
2026-03-28T09:00,3.9,3.9,505.0,509.0,2.51,1.47,41,13
2026-03-28T10:00,5.6,5.5,635.0,630.0,2.98,1.68,25,26
2026-03-28T11:00,6.7,6.7,709.0,705.0,4.09,1.88,53,3
2026-03-28T12:00,7.0,7.4,665.0,725.0,4.42,2.81,100,35
2026-03-28T13:00,7.6,8.0,608.0,690.0,4.16,3.0,98,37
2026-03-28T14:00,7.7,8.3,446.0,595.0,4.51,3.14,100,79
2026-03-28T15:00,7.8,8.1,367.0,437.0,4.8,3.34,96,90
2026-03-28T16:00,5.9,7.6,236.0,264.0,8.95,3.85,100,89
2026-03-28T17:00,3.2,6.7,60.0,99.0,8.75,3.66,99,95
2026-03-28T18:00,1.9,5.3,6.0,11.0,5.35,3.32,100,99
2026-03-28T19:00,1.5,4.6,0.0,0.0,4.22,6.03,100,100
2026-03-28T20:00,1.0,2.8,0.0,0.0,4.92,6.94,100,100
2026-03-28T21:00,0.4,2.1,0.0,0.0,5.32,5.31,100,100
2026-03-28T22:00,0.0,1.7,0.0,0.0,5.94,4.43,100,100
2026-03-28T23:00,-0.1,1.2,0.0,0.0,5.83,4.29,100,99
2026-03-29T00:00,0.1,0.4,0.0,0.0,5.57,4.62,100,100
2026-03-29T01:00,-0.0,0.3,0.0,0.0,5.76,4.71,100,99
2026-03-29T02:00,-0.0,0.3,0.0,0.0,5.62,4.65,100,98
2026-03-29T03:00,0.1,0.3,0.0,0.0,6.25,5.21,100,99
2026-03-29T04:00,0.1,0.3,0.0,0.0,6.58,6.04,100,98
2026-03-29T05:00,0.2,0.5,0.0,0.0,6.94,6.35,99,99
2026-03-29T06:00,0.5,0.7,16.0,11.0,6.32,7.68,100,100
2026-03-29T07:00,0.9,1.1,58.0,53.0,6.67,6.69,100,100
2026-03-29T08:00,1.2,1.9,121.0,104.0,5.96,5.86,98,98
2026-03-29T09:00,1.7,2.8,222.0,192.0,5.17,5.1,96,97
2026-03-29T10:00,2.8,3.3,286.0,257.0,5.63,4.8,100,100
2026-03-29T11:00,3.8,3.9,346.0,307.0,4.43,3.46,100,100
2026-03-29T12:00,4.6,6.2,278.0,532.0,3.54,3.88,98,84
2026-03-29T13:00,5.9,6.8,445.0,501.0,3.74,3.0,83,94
2026-03-29T14:00,6.8,6.8,572.0,324.0,2.83,3.04,51,100
2026-03-29T15:00,5.5,6.7,306.0,244.0,3.72,2.81,85,96
2026-03-29T16:00,5.5,6.5,224.0,162.0,0.44,2.78,77,83
2026-03-29T17:00,5.3,6.0,124.0,94.0,2.42,3.7,63,88
2026-03-29T18:00,4.1,4.4,12.0,15.0,2.9,3.05,7,32
2026-03-29T19:00,3.0,3.7,0.0,0.0,3.45,2.42,0,17
2026-03-29T20:00,2.1,2.8,0.0,0.0,5.13,2.87,0,13
2026-03-29T21:00,1.3,1.7,0.0,0.0,6.04,3.13,8,6
2026-03-29T22:00,0.8,1.2,0.0,0.0,5.57,4.47,100,40
2026-03-29T23:00,0.5,1.2,0.0,0.0,5.53,5.83,100,100
2026-03-30T00:00,0.7,1.0,0.0,0.0,6.23,7.99,100,100
2026-03-30T01:00,1.1,1.0,0.0,0.0,7.7,8.59,100,100
2026-03-30T02:00,1.4,1.0,0.0,0.0,7.59,9.92,100,100
2026-03-30T03:00,1.5,1.0,0.0,0.0,8.66,9.68,98,100
2026-03-30T04:00,1.5,1.1,0.0,0.0,8.65,9.38,97,100
2026-03-30T05:00,1.8,1.3,0.0,0.0,9.6,10.18,100,98
2026-03-30T06:00,2.5,1.3,18.0,18.0,10.38,10.17,93,98
2026-03-30T07:00,1.9,1.7,55.0,66.0,10.25,10.62,100,100
2026-03-30T08:00,2.2,2.3,82.0,122.0,11.93,11.37,100,100
2026-03-30T09:00,2.1,3.0,115.0,151.0,11.53,11.95,100,99
2026-03-30T10:00,2.7,2.6,132.0,177.0,14.8,11.48,99,100
2026-03-30T11:00,4.2,3.2,290.0,278.0,10.13,11.35,100,100
2026-03-30T12:00,5.2,4.8,384.0,353.0,6.99,8.27,95,100
2026-03-30T13:00,6.2,5.8,321.0,399.0,8.31,7.71,99,100
2026-03-30T14:00,3.5,5.9,240.0,383.0,6.44,7.68,100,100
2026-03-30T15:00,4.5,5.3,270.0,269.0,10.32,7.19,68,100
2026-03-30T16:00,3.9,5.2,218.0,185.0,5.56,8.07,95,99
2026-03-30T17:00,3.5,4.7,104.0,98.0,7.94,8.49,93,98
2026-03-30T18:00,2.5,3.4,7.0,15.0,6.82,7.32,0,100
2026-03-30T19:00,1.4,2.7,0.0,0.0,5.79,6.51,94,70
2026-03-30T20:00,1.2,2.0,0.0,0.0,6.11,6.88,100,84
2026-03-30T21:00,0.5,1.7,0.0,0.0,4.04,7.6,97,99
2026-03-30T22:00,0.5,1.8,0.0,0.0,3.69,7.4,98,96
2026-03-30T23:00,0.4,1.4,0.0,0.0,4.78,7.41,100,99
2026-03-31T00:00,0.3,0.9,0.0,0.0,7.01,7.51,100,99
2026-03-31T01:00,0.5,0.7,0.0,0.0,5.56,7.61,100,80
2026-03-31T02:00,0.3,0.7,0.0,0.0,6.37,7.72,100,100
2026-03-31T03:00,0.7,0.8,0.0,0.0,6.88,8.04,97,98
2026-03-31T04:00,0.8,0.8,0.0,0.0,6.97,7.55,100,93
2026-03-31T05:00,0.9,0.6,0.0,0.0,5.96,7.31,100,97
2026-03-31T06:00,1.0,0.7,16.0,29.0,6.18,6.93,100,77
2026-03-31T07:00,1.5,1.2,90.0,102.0,5.79,7.01,97,63
2026-03-31T08:00,2.2,2.3,182.0,218.0,5.96,6.22,94,99
2026-03-31T09:00,2.9,3.2,221.0,334.0,6.51,5.47,97,69
2026-03-31T10:00,4.1,3.8,309.0,372.0,5.52,5.83,100,77
2026-03-31T11:00,5.0,5.0,391.0,576.0,5.92,5.98,100,57
2026-03-31T12:00,5.6,5.2,430.0,383.0,5.77,6.63,100,100
2026-03-31T13:00,5.9,5.6,498.0,298.0,6.85,5.97,100,100
2026-03-31T14:00,6.8,6.4,398.0,375.0,6.84,6.06,100,100
2026-03-31T15:00,6.1,6.2,322.0,220.0,6.58,6.15,100,98
2026-03-31T16:00,5.5,6.4,202.0,242.0,4.84,5.18,21,61
2026-03-31T17:00,4.8,5.9,143.0,132.0,4.99,5.01,0,39
2026-03-31T18:00,3.7,4.1,18.0,16.0,5.77,5.22,27,80
2026-03-31T19:00,2.6,2.9,0.0,0.0,3.89,4.65,79,79
2026-03-31T20:00,2.0,2.3,0.0,0.0,3.68,5.36,60,78
2026-03-31T21:00,1.9,1.8,0.0,0.0,4.32,5.39,98,83
2026-03-31T22:00,1.1,1.3,0.0,0.0,3.92,5.21,19,87
2026-03-31T23:00,0.9,0.8,0.0,0.0,3.41,5.44,96,98
2026-04-01T00:00,1.2,0.7,0.0,0.0,3.26,4.31,100,94
2026-04-01T01:00,1.3,0.8,0.0,0.0,3.41,4.37,97,70
2026-04-01T02:00,1.1,0.8,0.0,0.0,3.88,4.44,57,92
2026-04-01T03:00,0.9,0.7,0.0,0.0,4.35,4.12,98,93
2026-04-01T04:00,0.7,0.7,0.0,0.0,3.85,3.45,100,97
2026-04-01T05:00,0.4,0.3,0.0,0.0,3.33,3.34,99,100
2026-04-01T06:00,0.9,0.2,18.0,32.0,2.54,3.41,98,92
2026-04-01T07:00,1.8,1.1,65.0,115.0,3.61,3.47,100,97
2026-04-01T08:00,2.2,2.3,105.0,204.0,3.51,2.96,100,90
2026-04-01T09:00,3.5,3.6,182.0,266.0,3.69,3.57,100,97
2026-04-01T10:00,4.2,4.6,257.0,262.0,3.29,3.89,100,100
2026-04-01T11:00,5.5,5.7,427.0,332.0,3.46,3.69,91,93
2026-04-01T12:00,5.9,7.1,411.0,483.0,4.4,3.84,89,64
2026-04-01T13:00,7.0,8.1,578.0,626.0,4.23,4.09,67,37
2026-04-01T14:00,6.5,8.5,293.0,592.0,4.91,4.65,83,55
2026-04-01T15:00,5.8,8.3,168.0,394.0,2.07,4.56,100,93
2026-04-01T16:00,6.6,7.8,152.0,136.0,3.64,4.79,100,89
2026-04-01T17:00,5.8,7.3,75.0,88.0,4.74,4.68,40,57
2026-04-01T18:00,4.8,6.3,17.0,9.0,5.86,3.34,0,73
2026-04-01T19:00,3.9,5.2,0.0,0.0,5.31,3.04,31,52
2026-04-01T20:00,3.3,4.4,0.0,0.0,5.41,3.14,4,65
2026-04-01T21:00,3.3,4.1,0.0,0.0,4.37,3.68,11,67
2026-04-01T22:00,2.9,3.3,0.0,0.0,4.93,4.89,37,32
2026-04-01T23:00,2.5,2.7,0.0,0.0,5.36,5.66,40,43
2026-04-02T00:00,2.0,2.6,0.0,0.0,5.63,4.34,0,6
2026-04-02T01:00,1.7,2.2,0.0,0.0,5.31,4.28,0,14
2026-04-02T02:00,1.1,2.0,0.0,0.0,4.47,4.15,0,0
2026-04-02T03:00,0.9,1.7,0.0,0.0,4.22,3.86,0,16
2026-04-02T04:00,0.6,1.5,0.0,0.0,3.94,3.38,0,0
2026-04-02T05:00,0.5,1.2,0.0,0.0,3.86,3.32,0,0
2026-04-02T06:00,0.7,1.3,52.0,55.0,2.56,2.78,62,0
2026-04-02T07:00,2.1,2.5,184.0,208.0,2.31,2.5,67,0
2026-04-02T08:00,4.3,4.7,349.0,380.0,1.53,1.31,61,0
2026-04-02T09:00,6.2,6.6,496.0,536.0,1.58,1.1,67,0
2026-04-02T10:00,7.6,8.2,619.0,656.0,1.69,1.08,51,29
2026-04-02T11:00,8.5,9.1,655.0,704.0,1.79,0.93,87,45
2026-04-02T12:00,8.8,9.3,574.0,684.0,1.93,1.39,93,55
2026-04-02T13:00,9.1,9.7,534.0,626.0,2.37,1.82,88,53
2026-04-02T14:00,9.4,10.1,509.0,542.0,2.37,2.5,87,62
2026-04-02T15:00,9.7,10.0,400.0,368.0,2.69,3.26,72,74
2026-04-02T16:00,9.4,9.8,237.0,265.0,3.46,2.39,87,46
2026-04-02T17:00,8.9,9.3,115.0,133.0,3.08,1.38,83,56
2026-04-02T18:00,7.9,8.1,20.0,17.0,3.7,2.98,65,75
2026-04-02T19:00,6.5,6.8,0.0,0.0,4.82,4.83,78,53
2026-04-02T20:00,5.8,5.9,0.0,0.0,3.92,3.9,62,48
2026-04-02T21:00,4.7,5.6,0.0,0.0,2.64,2.37,20,54
2026-04-02T22:00,4.1,5.5,0.0,0.0,2.73,3.38,23,50
2026-04-02T23:00,3.8,4.8,0.0,0.0,3.45,4.04,23,47
2026-04-03T00:00,2.9,4.6,0.0,0.0,3.78,4.47,0,35
2026-04-03T01:00,2.4,3.7,0.0,0.0,3.26,4.99,0,32
2026-04-03T02:00,1.8,3.3,0.0,0.0,3.44,4.66,0,32
2026-04-03T03:00,1.3,3.1,0.0,0.0,4.62,5.56,37,93
2026-04-03T04:00,1.2,3.3,0.0,0.0,4.88,6.11,62,90
2026-04-03T05:00,1.2,3.5,0.0,0.0,4.87,6.57,63,93
2026-04-03T06:00,2.1,3.7,54.0,28.0,3.83,7.56,12,96
2026-04-03T07:00,4.1,4.6,204.0,85.0,4.12,7.04,60,82
2026-04-03T08:00,6.2,6.3,344.0,245.0,2.94,5.76,60,81
2026-04-03T09:00,8.0,7.9,464.0,344.0,3.72,3.92,61,82
2026-04-03T10:00,9.8,9.6,617.0,499.0,4.21,4.57,19,86
2026-04-03T11:00,11.1,10.4,702.0,439.0,4.82,6.38,76,96
2026-04-03T12:00,11.6,11.4,443.0,579.0,4.98,5.5,100,84
2026-04-03T13:00,12.1,11.4,412.0,432.0,4.19,5.67,33,91
2026-04-03T14:00,12.6,11.4,459.0,335.0,5.2,5.83,88,87
2026-04-03T15:00,12.0,11.5,306.0,350.0,7.14,6.39,82,67
2026-04-03T16:00,12.1,11.3,208.0,273.0,5.22,6.7,40,92
2026-04-03T17:00,11.9,10.4,106.0,98.0,5.75,5.97,53,100
2026-04-03T18:00,10.2,9.5,22.0,15.0,7.18,7.51,90,100
2026-04-03T19:00,9.1,8.5,0.0,0.0,6.23,7.81,73,93
2026-04-03T20:00,8.1,7.9,0.0,0.0,6.75,8.06,81,92
2026-04-03T21:00,7.4,7.5,0.0,0.0,6.35,8.59,100,92
2026-04-03T22:00,7.0,7.3,0.0,0.0,7.81,8.83,100,87
2026-04-03T23:00,6.9,7.1,0.0,0.0,8.01,8.94,96,87
2026-04-04T00:00,6.9,6.3,0.0,0.0,7.76,9.38,95,93
2026-04-04T01:00,6.9,6.2,0.0,0.0,7.59,9.86,100,97
2026-04-04T02:00,6.8,6.3,0.0,0.0,7.72,9.25,100,97
2026-04-04T03:00,6.9,6.3,0.0,0.0,9.73,9.33,100,98
2026-04-04T04:00,7.1,6.4,0.0,0.0,10.38,9.77,100,97
2026-04-04T05:00,7.1,6.6,0.0,0.0,9.56,9.11,100,99
2026-04-04T06:00,7.6,6.7,18.0,8.0,8.51,9.6,100,100
2026-04-04T07:00,8.2,6.8,56.0,32.0,8.74,9.42,100,99
2026-04-04T08:00,8.8,7.1,71.0,75.0,8.35,9.25,100,100
2026-04-04T09:00,9.2,7.8,101.0,92.0,8.71,9.33,100,100
2026-04-04T10:00,9.6,8.2,100.0,91.0,8.15,8.63,100,100
2026-04-04T11:00,9.7,9.1,86.0,168.0,7.75,7.36,100,100
2026-04-04T12:00,10.0,9.2,116.0,97.0,7.31,7.23,100,100
2026-04-04T13:00,10.9,10.5,164.0,216.0,6.61,6.58,96,88
2026-04-04T14:00,11.5,11.8,176.0,349.0,7.02,6.19,100,93
2026-04-04T15:00,11.4,11.7,97.5,121.0,4.82,5.8,99,100
2026-04-04T16:00,11.5,11.3,109.0,74.0,5.06,5.35,74,100
2026-04-04T17:00,11.4,10.8,58.0,47.0,4.17,5.35,100,95
2026-04-04T18:00,10.9,10.6,6.0,12.0,3.89,5.03,88,91
2026-04-04T19:00,10.1,9.7,0.0,0.0,3.26,4.72,52,94
2026-04-04T20:00,8.9,8.7,0.0,0.0,3.51,4.98,74,48
2026-04-04T21:00,7.9,8.1,0.0,0.0,4.62,4.46,0,100
2026-04-04T22:00,7.2,7.7,0.0,0.0,4.02,4.0,0,100
2026-04-04T23:00,6.5,7.1,0.0,0.0,4.08,3.34,0,88
2026-04-05T00:00,6.5,6.0,0.0,0.0,5.87,4.04,51,100
2026-04-05T01:00,6.2,5.8,0.0,0.0,6.44,4.65,63,34
2026-04-05T02:00,6.0,5.5,0.0,0.0,6.61,4.92,15,100
2026-04-05T03:00,5.7,5.2,0.0,0.0,6.35,5.06,10,18
2026-04-05T04:00,5.4,5.2,0.0,0.0,6.79,5.95,0,100
2026-04-05T05:00,5.3,5.2,1.0,1.0,6.96,6.31,72,84
2026-04-05T06:00,6.6,5.7,55.0,62.0,7.45,6.94,0,85
2026-04-05T07:00,9.4,8.6,202.0,229.0,7.97,7.55,0,85
2026-04-05T08:00,12.6,11.8,379.0,302.0,6.7,7.18,0,100
2026-04-05T09:00,15.9,15.6,528.0,545.0,4.96,5.0,94,67
2026-04-05T10:00,18.4,18.2,627.0,695.0,7.41,6.97,89,85
2026-04-05T11:00,19.8,19.4,716.0,740.0,9.15,7.57,0,14
2026-04-05T12:00,20.9,19.8,742.0,735.0,9.36,8.16,9,65
2026-04-05T13:00,20.3,20.2,509.0,764.0,9.02,7.84,84,96
2026-04-05T14:00,20.1,19.9,383.0,618.0,8.44,7.15,40,32
2026-04-05T15:00,19.6,19.3,414.0,341.0,9.52,6.68,100,99
2026-04-05T16:00,19.3,18.3,212.0,201.0,8.85,6.35,100,81
2026-04-05T17:00,17.9,16.9,83.0,95.0,8.2,4.94,100,99
2026-04-05T18:00,16.6,17.0,15.0,18.0,7.5,5.29,100,100
2026-04-05T19:00,14.4,15.0,0.0,0.0,8.45,7.42,100,93
2026-04-05T20:00,12.6,13.0,0.0,0.0,7.93,7.94,100,86
2026-04-05T21:00,11.6,11.9,0.0,0.0,7.93,6.25,98,79
2026-04-05T22:00,11.1,11.4,0.0,0.0,7.1,5.68,100,86
2026-04-05T23:00,10.9,11.2,0.0,0.0,6.66,6.35,93,93
2026-04-06T00:00,10.5,10.1,0.0,0.0,6.94,6.88,98,100
2026-04-06T01:00,10.0,9.8,0.0,0.0,6.63,7.14,96,100
2026-04-06T02:00,9.4,9.4,0.0,0.0,6.31,7.16,100,100
2026-04-06T03:00,9.0,8.8,0.0,0.0,7.11,6.79,100,100
2026-04-06T04:00,8.5,8.3,0.0,0.0,7.08,5.78,100,96
2026-04-06T05:00,8.1,7.7,1.0,1.0,5.33,3.48,100,92
2026-04-06T06:00,7.5,6.0,36.0,45.0,3.19,2.8,83,88
2026-04-06T07:00,7.9,6.4,151.0,149.0,1.73,1.39,39,91
2026-04-06T08:00,8.9,7.3,337.0,280.0,1.46,1.62,38,95
2026-04-06T09:00,10.2,8.2,514.0,381.0,2.11,1.45,34,98
2026-04-06T10:00,11.7,9.5,643.0,513.0,2.64,1.39,37,99
2026-04-06T11:00,13.1,10.9,710.0,649.0,2.89,1.8,65,99
2026-04-06T12:00,14.1,12.9,612.0,685.0,3.83,2.55,87,100
2026-04-06T13:00,14.6,14.0,595.0,739.0,5.06,2.96,93,94
2026-04-06T14:00,14.8,14.4,561.0,649.0,3.78,3.18,85,88
2026-04-06T15:00,14.7,14.3,465.0,522.0,3.24,2.8,52,82
2026-04-06T16:00,14.3,14.0,302.0,369.0,2.83,1.8,100,84
2026-04-06T17:00,13.6,13.4,120.0,166.0,2.86,1.77,100,85
2026-04-06T18:00,12.4,11.8,22.0,25.0,3.95,2.52,89,87
2026-04-06T19:00,10.7,10.0,0.0,0.0,3.82,2.95,75,58
2026-04-06T20:00,9.5,8.7,0.0,0.0,3.59,3.05,100,29
2026-04-06T21:00,9.6,8.0,0.0,0.0,3.29,3.53,84,0
2026-04-06T22:00,9.3,7.4,0.0,0.0,3.67,4.05,87,33
2026-04-06T23:00,8.6,6.7,0.0,0.0,4.46,4.9,95,66
2026-04-07T00:00,8.3,6.2,0.0,0.0,4.3,5.59,65,99
2026-04-07T01:00,7.4,5.6,0.0,0.0,5.08,5.88,66,68
2026-04-07T02:00,6.8,5.1,0.0,0.0,4.78,5.88,5,37
2026-04-07T03:00,6.3,4.7,0.0,0.0,4.12,5.78,0,6
2026-04-07T04:00,6.0,4.3,0.0,0.0,3.33,5.49,0,22
2026-04-07T05:00,5.9,4.2,1.0,1.0,2.65,4.93,0,39
2026-04-07T06:00,6.2,4.9,70.0,73.0,2.45,4.33,0,55
2026-04-07T07:00,8.0,7.3,222.0,233.0,2.48,3.53,0,48
2026-04-07T08:00,10.1,9.7,391.0,407.0,2.28,2.69,0,41
2026-04-07T09:00,12.2,11.7,546.0,561.0,2.68,2.08,0,34
2026-04-07T10:00,13.9,13.4,663.0,681.0,2.89,1.98,0,20
2026-04-07T11:00,15.0,14.7,735.0,744.0,2.88,2.04,0,10
2026-04-07T12:00,15.9,15.5,753.0,753.0,2.1,2.0,0,3
2026-04-07T13:00,16.6,16.1,715.0,708.0,1.82,1.74,0,0
2026-04-07T14:00,16.9,16.4,627.0,617.0,2.21,1.85,0,0
2026-04-07T15:00,17.3,16.3,496.0,484.0,2.35,1.86,0,0
2026-04-07T16:00,16.8,16.0,337.0,322.0,2.74,1.97,0,0
2026-04-07T17:00,15.9,15.3,165.0,153.0,3.04,2.77,0,0
2026-04-07T18:00,13.8,13.3,30.0,25.0,5.68,5.17,0,0
2026-04-07T19:00,12.4,11.3,0.0,0.0,5.57,5.93,0,0
2026-04-07T20:00,11.4,9.9,0.0,0.0,5.16,6.03,0,0
2026-04-07T21:00,9.6,8.8,0.0,0.0,5.29,5.72,0,0
2026-04-07T22:00,8.9,7.9,0.0,0.0,7.23,5.55,0,0
2026-04-07T23:00,7.6,7.1,0.0,0.0,8.53,6.58,0,0
2026-04-08T00:00,6.7,7.4,0.0,0.0,7.22,7.37,0,0
2026-04-08T01:00,5.8,6.5,0.0,0.0,6.48,7.08,0,0
2026-04-08T02:00,5.0,5.5,0.0,0.0,6.41,6.48,0,0
2026-04-08T03:00,3.4,4.7,0.0,0.0,6.01,6.3,0,0
2026-04-08T04:00,2.7,4.1,0.0,0.0,5.96,6.08,0,0
2026-04-08T05:00,2.2,3.5,2.0,2.0,6.08,5.6,0,1
2026-04-08T06:00,3.4,4.4,74.0,79.0,6.18,6.28,0,1
2026-04-08T07:00,5.1,5.8,230.0,245.0,4.62,5.39,0,1
2026-04-08T08:00,7.4,7.6,404.0,419.0,4.52,4.02,0,0
2026-04-08T09:00,9.9,9.6,562.0,571.0,5.19,3.94,0,0
2026-04-08T10:00,11.9,11.4,684.0,688.0,5.31,4.27,0,0
2026-04-08T11:00,13.3,12.9,759.0,757.0,4.83,4.25,0,0
2026-04-08T12:00,14.6,14.5,776.0,768.0,3.9,3.67,0,0
2026-04-08T13:00,15.2,15.2,738.0,727.0,4.0,3.42,0,0
2026-04-08T14:00,15.3,15.4,649.0,636.0,3.73,3.28,0,0
2026-04-08T15:00,15.6,15.4,515.0,500.0,3.48,2.91,0,0
2026-04-08T16:00,14.9,14.9,351.0,334.0,3.56,2.86,0,0
2026-04-08T17:00,14.0,14.1,173.0,159.0,4.22,3.29,0,0
2026-04-08T18:00,12.3,12.0,33.0,27.0,5.83,4.9,0,0
2026-04-08T19:00,10.0,10.1,0.0,0.0,6.15,5.59,0,5
2026-04-08T20:00,8.7,8.7,0.0,0.0,6.44,5.98,57,9
2026-04-08T21:00,7.4,7.7,0.0,0.0,6.29,6.27,100,14
2026-04-08T22:00,6.6,6.7,0.0,0.0,6.58,6.47,100,9
2026-04-08T23:00,5.6,5.8,0.0,0.0,5.99,6.79,53,5
2026-04-09T00:00,4.8,3.3,0.0,0.0,5.42,5.98,53,0
2026-04-09T01:00,4.1,2.6,0.0,0.0,4.95,5.31,26,0
2026-04-09T02:00,4.0,1.8,0.0,0.0,3.76,4.9,100,0
2026-04-09T03:00,2.9,1.3,0.0,0.0,3.53,4.59,40,0
2026-04-09T04:00,2.3,1.0,0.0,0.0,3.63,4.19,74,0
2026-04-09T05:00,1.8,0.7,2.0,2.0,3.94,4.4,96,0
2026-04-09T06:00,2.8,1.4,68.0,72.0,3.9,4.99,100,0
2026-04-09T07:00,5.4,4.4,204.0,121.0,3.96,5.16,100,0
2026-04-09T08:00,7.6,7.0,340.0,246.0,2.55,2.86,88,0
2026-04-09T09:00,10.3,9.3,463.0,486.0,2.77,3.04,100,0
2026-04-09T10:00,12.0,11.4,474.0,570.0,2.97,3.14,100,0
2026-04-09T11:00,13.2,12.8,517.0,503.0,2.55,3.53,100,0
2026-04-09T12:00,13.7,13.7,507.0,659.0,2.72,2.85,100,0
2026-04-09T13:00,14.5,14.1,599.0,491.0,2.59,2.85,100,0
2026-04-09T14:00,14.7,14.0,520.0,323.0,2.15,2.67,100,0
2026-04-09T15:00,15.0,13.6,440.0,174.0,2.05,2.67,100,0
2026-04-09T16:00,14.5,12.9,305.0,111.0,1.86,2.95,100,0
2026-04-09T17:00,13.5,11.9,145.0,62.0,1.96,3.61,86,0
2026-04-09T18:00,12.2,11.9,27.0,16.0,2.23,1.73,99,0
2026-04-09T19:00,11.2,10.2,0.0,0.0,2.46,3.04,99,0
2026-04-09T20:00,10.0,9.4,0.0,0.0,3.19,2.86,98,0
2026-04-09T21:00,10.5,8.5,0.0,0.0,2.08,1.86,100,0
2026-04-09T22:00,9.8,7.8,0.0,0.0,1.96,1.24,100,34
2026-04-09T23:00,9.2,6.8,0.0,0.0,1.81,1.87,100,64
2026-04-10T00:00,7.9,5.7,0.0,0.0,2.72,3.78,100,78
2026-04-10T01:00,7.6,6.0,0.0,0.0,3.15,3.51,100,100
2026-04-10T02:00,7.4,6.2,0.0,0.0,3.07,4.85,99,100
2026-04-10T03:00,7.2,6.7,0.0,0.0,3.72,5.45,100,100
2026-04-10T04:00,7.0,7.4,0.0,0.0,4.37,8.04,99,100
2026-04-10T05:00,7.5,7.7,1.0,2.0,5.31,7.88,100,99
2026-04-10T06:00,8.1,6.4,25.0,52.0,4.08,4.37,100,100
2026-04-10T07:00,8.6,7.3,52.0,131.0,4.13,3.98,100,100
2026-04-10T08:00,9.7,8.9,91.0,137.0,6.22,3.92,100,100
2026-04-10T09:00,11.6,10.5,180.0,152.0,6.5,2.26,100,100
2026-04-10T10:00,12.4,10.6,296.0,145.0,7.61,0.77,100,100
2026-04-10T11:00,12.7,10.7,368.0,86.0,7.94,1.63,100,100
2026-04-10T12:00,10.4,11.8,174.0,130.0,9.02,4.88,100,100
2026-04-10T13:00,11.3,12.6,310.0,125.0,7.49,6.18,100,100
2026-04-10T14:00,11.7,11.1,261.0,154.0,8.35,6.41,100,100
2026-04-10T15:00,11.2,10.3,223.0,140.0,2.77,4.61,100,100
2026-04-10T16:00,11.6,10.0,178.0,125.0,1.88,3.64,100,100
2026-04-10T17:00,10.9,9.6,74.0,69.0,2.16,2.51,100,100
2026-04-10T18:00,10.3,9.6,20.0,8.0,3.92,1.18,100,100
2026-04-10T19:00,9.4,8.7,0.0,0.0,3.56,1.71,100,100
2026-04-10T20:00,8.9,8.1,0.0,0.0,2.36,2.79,100,100
2026-04-10T21:00,7.8,7.5,0.0,0.0,3.27,3.02,100,100
2026-04-10T22:00,7.1,7.3,0.0,0.0,3.09,3.77,100,100
2026-04-10T23:00,6.6,7.0,0.0,0.0,2.98,5.0,99,70
2026-04-11T00:00,6.3,6.7,0.0,0.0,3.82,5.99,100,100
2026-04-11T01:00,6.2,6.4,0.0,0.0,4.53,5.94,97,88
2026-04-11T02:00,6.3,6.1,0.0,0.0,5.59,5.52,95,98
2026-04-11T03:00,6.3,5.8,0.0,0.0,5.94,5.46,99,98
2026-04-11T04:00,5.9,5.3,0.0,0.0,6.48,5.28,100,100
2026-04-11T05:00,5.9,5.1,2.0,2.0,6.91,5.8,99,99
2026-04-11T06:00,6.6,6.4,49.0,83.0,6.95,5.8,100,48
2026-04-11T07:00,7.7,7.6,147.0,251.0,5.21,5.17,71,11
2026-04-11T08:00,9.5,8.7,329.0,423.0,4.8,3.78,83,37
2026-04-11T09:00,10.7,10.6,517.0,572.0,5.93,3.9,74,40
2026-04-11T10:00,12.4,11.9,637.0,688.0,6.44,4.29,100,27
2026-04-11T11:00,14.0,14.0,734.0,757.0,6.09,4.21,75,77
2026-04-11T12:00,15.3,15.9,766.0,722.0,5.56,4.32,0,52
2026-04-11T13:00,16.1,16.9,729.0,701.0,5.45,4.22,0,40
2026-04-11T14:00,16.6,17.3,643.0,634.0,4.27,4.35,0,19
2026-04-11T15:00,16.2,17.1,510.0,507.0,4.88,4.71,0,5
2026-04-11T16:00,15.7,16.4,349.0,344.0,4.85,5.13,0,58
2026-04-11T17:00,14.6,15.1,168.0,173.0,5.67,6.4,78,0
2026-04-11T18:00,12.1,12.2,37.0,37.0,6.44,8.12,83,0
2026-04-11T19:00,10.7,10.8,0.0,0.0,8.37,9.18,77,95
2026-04-11T20:00,10.0,9.8,0.0,0.0,9.48,9.59,88,23
2026-04-11T21:00,9.4,9.0,0.0,0.0,8.95,9.2,82,78
2026-04-11T22:00,9.2,8.2,0.0,0.0,5.93,8.24,100,98
2026-04-11T23:00,8.7,8.1,0.0,0.0,7.1,7.41,100,97
2026-04-12T00:00,9.1,9.0,0.0,0.0,3.72,5.82,54,90
2026-04-12T01:00,8.4,8.3,0.0,0.0,1.58,2.54,83,100
2026-04-12T02:00,8.6,7.5,0.0,0.0,3.14,0.5,100,100
2026-04-12T03:00,8.0,7.0,0.0,0.0,0.39,3.15,94,100
2026-04-12T04:00,7.8,7.4,0.0,0.0,2.1,5.08,97,100
2026-04-12T05:00,7.8,8.1,1.0,2.0,3.46,6.2,100,98
2026-04-12T06:00,9.5,10.6,9.0,16.0,8.29,8.12,100,100
2026-04-12T07:00,9.2,9.1,29.0,61.0,6.88,6.31,100,98
2026-04-12T08:00,7.8,8.4,45.0,97.0,5.9,5.37,100,100
2026-04-12T09:00,7.7,8.5,132.0,126.0,4.87,4.04,99,100
2026-04-12T10:00,8.0,8.7,141.0,217.0,3.34,3.2,100,97
2026-04-12T11:00,8.0,9.0,104.0,215.0,3.61,2.11,100,98
2026-04-12T12:00,8.7,9.1,115.0,129.0,3.83,3.77,100,100
2026-04-12T13:00,9.3,9.6,126.0,111.0,3.55,4.42,100,100
2026-04-12T14:00,10.1,10.1,167.0,148.0,4.23,4.4,100,99
2026-04-12T15:00,9.4,10.3,106.0,143.0,3.78,4.15,100,100
2026-04-12T16:00,9.6,10.1,62.0,83.0,4.09,4.08,100,100
2026-04-12T17:00,9.4,9.9,27.0,30.0,4.19,4.6,100,100
2026-04-12T18:00,9.4,9.0,5.0,5.0,3.35,3.82,100,100
2026-04-12T19:00,9.1,8.7,0.0,0.0,3.83,4.34,100,100
2026-04-12T20:00,8.9,8.6,0.0,0.0,4.76,4.17,100,100
2026-04-12T21:00,8.6,8.2,0.0,0.0,4.23,4.64,100,100
2026-04-12T22:00,8.4,8.0,0.0,0.0,4.44,4.44,100,100
2026-04-12T23:00,8.3,7.6,0.0,0.0,3.68,3.81,100,99
2026-04-13T00:00,8.2,7.3,0.0,0.0,4.3,3.49,100,100
2026-04-13T01:00,8.0,7.2,0.0,0.0,3.4,3.27,100,100
2026-04-13T02:00,7.6,7.2,0.0,0.0,2.84,2.5,100,100
2026-04-13T03:00,6.5,7.2,0.0,0.0,2.77,1.98,95,100
2026-04-13T04:00,6.0,7.1,0.0,0.0,3.75,1.77,92,100
2026-04-13T05:00,5.6,6.9,5.0,3.0,3.15,2.31,76,95
2026-04-13T06:00,6.0,7.8,73.0,49.0,1.81,4.71,85,92
2026-04-13T07:00,7.9,8.7,189.0,120.0,1.5,3.54,100,98
2026-04-13T08:00,10.0,9.7,360.0,208.0,1.38,2.89,100,94
2026-04-13T09:00,11.1,10.8,432.0,313.0,1.49,2.73,100,91
2026-04-13T10:00,12.4,11.8,527.0,370.0,1.81,3.08,94,97
2026-04-13T11:00,13.4,12.6,573.0,415.0,1.36,3.02,100,98
2026-04-13T12:00,14.7,12.7,610.0,379.0,1.32,2.36,100,99
2026-04-13T13:00,15.4,14.1,579.0,370.0,1.61,1.55,98,99
2026-04-13T14:00,15.9,14.4,485.0,328.0,1.39,1.77,100,99
2026-04-13T15:00,15.8,14.4,260.0,227.0,1.43,2.47,100,99
2026-04-13T16:00,15.3,13.7,143.0,117.0,2.99,3.46,100,100
2026-04-13T17:00,14.5,12.4,55.0,46.0,3.42,5.89,100,100
2026-04-13T18:00,13.3,10.4,16.0,10.0,6.12,5.28,100,99
2026-04-13T19:00,12.0,9.8,0.0,0.0,8.04,5.9,100,100
2026-04-13T20:00,10.5,9.5,0.0,0.0,8.26,5.83,100,100
2026-04-13T21:00,10.1,9.2,0.0,0.0,7.36,5.75,100,100
2026-04-13T22:00,9.6,8.9,0.0,0.0,6.51,5.9,97,100
2026-04-13T23:00,9.3,8.5,0.0,0.0,6.58,6.04,100,100
2026-04-14T00:00,8.8,8.6,0.0,0.0,5.74,5.06,100,100
2026-04-14T01:00,8.6,8.3,0.0,0.0,5.13,4.64,100,100
2026-04-14T02:00,8.3,8.1,0.0,0.0,5.84,5.2,100,100
2026-04-14T03:00,8.3,8.0,0.0,0.0,5.71,5.23,100,100
2026-04-14T04:00,8.0,7.9,0.0,0.0,6.31,4.67,100,99
2026-04-14T05:00,7.9,7.8,1.0,2.0,6.1,4.87,100,100
2026-04-14T06:00,7.4,8.4,12.0,12.0,5.46,5.39,100,98
2026-04-14T07:00,7.6,8.6,34.0,47.0,4.87,5.18,100,97
2026-04-14T08:00,8.0,8.8,68.0,68.0,5.17,4.96,100,100
2026-04-14T09:00,8.2,9.1,152.0,65.0,4.87,4.52,100,100
2026-04-14T10:00,8.8,9.5,192.0,85.0,3.78,5.13,100,100
2026-04-14T11:00,9.0,9.9,167.0,136.0,4.05,4.99,100,100
2026-04-14T12:00,9.7,9.2,177.0,108.0,2.99,4.45,100,100
2026-04-14T13:00,10.2,9.3,181.0,106.0,2.94,4.29,100,100
2026-04-14T14:00,10.2,9.1,163.0,66.0,3.66,3.94,100,100
2026-04-14T15:00,10.4,9.2,162.0,63.0,3.14,3.74,100,100
2026-04-14T16:00,10.0,9.1,100.0,36.0,3.79,3.74,100,100
2026-04-14T17:00,9.6,9.0,31.0,23.0,3.8,3.75,100,100
2026-04-14T18:00,8.9,9.8,12.0,13.0,3.26,4.77,100,95
2026-04-14T19:00,8.5,9.1,0.0,0.0,3.53,4.05,100,94
2026-04-14T20:00,8.4,8.8,0.0,0.0,3.64,3.65,97,94
2026-04-14T21:00,7.8,8.4,0.0,0.0,3.59,3.64,97,93
2026-04-14T22:00,7.1,8.1,0.0,0.0,2.96,3.33,88,95
2026-04-14T23:00,6.6,8.1,0.0,0.0,2.24,3.33,91,99
2026-04-15T00:00,7.2,8.1,0.0,0.0,2.61,2.95,99,100
2026-04-15T01:00,7.0,8.0,0.0,0.0,3.2,2.77,100,99
2026-04-15T02:00,6.8,7.9,0.0,0.0,2.42,2.82,100,93
2026-04-15T03:00,7.2,7.7,0.0,0.0,3.48,3.02,85,94
2026-04-15T04:00,6.8,7.5,0.0,0.0,3.72,2.79,94,96
2026-04-15T05:00,6.8,7.5,5.0,3.0,3.41,2.26,99,97
2026-04-15T06:00,7.6,7.6,46.0,16.0,2.43,3.26,97,98
2026-04-15T07:00,8.5,7.8,83.0,39.0,2.1,2.98,100,100
2026-04-15T08:00,9.3,8.2,152.0,62.0,2.43,3.26,100,100
2026-04-15T09:00,9.9,8.5,211.0,77.0,2.77,3.19,100,100
2026-04-15T10:00,11.2,9.1,323.0,122.0,3.14,3.61,100,100
2026-04-15T11:00,11.8,9.5,300.0,157.0,3.16,3.53,100,100
2026-04-15T12:00,12.1,11.3,273.0,284.0,2.75,3.22,100,98
2026-04-15T13:00,12.4,11.9,302.0,254.0,2.55,3.21,92,100
2026-04-15T14:00,12.8,12.1,279.0,169.0,2.45,3.23,100,100
2026-04-15T15:00,13.1,12.4,227.0,142.0,3.34,2.58,97,100
2026-04-15T16:00,12.7,12.5,145.0,116.0,1.94,2.29,100,83
2026-04-15T17:00,12.5,12.4,108.0,109.0,0.69,2.64,66,85
2026-04-15T18:00,11.5,12.5,33.0,25.0,0.53,3.43,71,76
2026-04-15T19:00,10.9,11.7,0.0,0.0,0.22,2.86,100,81
2026-04-15T20:00,10.5,11.2,0.0,0.0,0.22,2.37,83,83
2026-04-15T21:00,10.2,10.8,0.0,0.0,1.18,2.45,100,83
2026-04-15T22:00,10.0,10.4,0.0,0.0,1.86,1.59,97,84
2026-04-15T23:00,9.5,10.0,0.0,0.0,2.51,0.53,100,85
2026-04-16T00:00,9.3,10.1,0.0,0.0,3.43,1.77,100,98
2026-04-16T01:00,9.4,10.1,0.0,0.0,4.24,2.75,100,100
2026-04-16T02:00,9.4,9.7,0.0,0.0,4.21,3.66,100,100
2026-04-16T03:00,9.3,9.5,0.0,0.0,3.91,4.39,100,96
2026-04-16T04:00,9.3,9.4,0.0,0.0,4.29,5.48,100,100
2026-04-16T05:00,9.2,9.6,3.0,4.0,4.46,6.32,100,100
2026-04-16T06:00,9.5,10.1,22.0,52.0,3.65,6.67,100,87
2026-04-16T07:00,10.0,10.7,51.0,95.0,3.84,5.92,96,97
2026-04-16T08:00,10.9,11.8,168.0,179.0,3.43,4.35,100,85
2026-04-16T09:00,12.1,14.1,340.0,451.0,2.95,3.96,100,84
2026-04-16T10:00,14.0,15.1,413.0,477.0,2.48,4.64,66,89
2026-04-16T11:00,15.1,15.6,621.0,533.0,2.95,4.8,73,85
2026-04-16T12:00,15.6,16.5,618.0,597.0,1.0,3.34,92,83
2026-04-16T13:00,15.6,17.2,491.0,571.0,0.55,4.13,81,75
2026-04-16T14:00,16.0,17.2,434.0,511.0,0.98,4.34,100,87
2026-04-16T15:00,15.4,16.9,332.0,397.0,2.94,4.05,100,82
2026-04-16T16:00,15.2,16.5,230.0,285.0,1.38,3.12,73,67
2026-04-16T17:00,14.7,16.0,155.0,148.0,0.79,2.71,100,66
2026-04-16T18:00,13.6,14.3,37.0,44.0,0.35,0.71,100,93
2026-04-16T19:00,12.0,12.8,0.0,0.0,1.25,0.57,35,41
2026-04-16T20:00,11.1,11.6,0.0,0.0,0.69,1.39,30,0
2026-04-16T21:00,10.3,10.9,0.0,0.0,1.11,1.63,61,0
2026-04-16T22:00,9.3,10.3,0.0,0.0,1.88,1.8,49,1
2026-04-16T23:00,8.9,9.8,0.0,0.0,1.73,1.9,0,4
2026-04-17T00:00,8.8,9.6,0.0,0.0,1.53,1.8,6,0
2026-04-17T01:00,8.1,9.1,0.0,0.0,1.01,1.71,4,0
2026-04-17T02:00,7.8,8.5,0.0,0.0,1.08,1.67,1,0
2026-04-17T03:00,7.2,8.0,0.0,0.0,1.37,1.39,19,0
2026-04-17T04:00,7.0,7.3,0.0,0.0,1.68,1.18,41,0
2026-04-17T05:00,6.9,6.7,10.0,11.0,1.28,1.27,41,0
2026-04-17T06:00,7.6,7.5,110.0,116.0,1.28,1.59,86,0
2026-04-17T07:00,11.3,10.5,277.0,282.0,1.76,2.08,0,1
2026-04-17T08:00,13.6,13.4,452.0,451.0,0.9,1.87,1,2
2026-04-17T09:00,15.4,15.5,603.0,602.0,1.87,1.27,100,6
2026-04-17T10:00,16.4,16.9,688.0,715.0,2.29,2.21,100,27
2026-04-17T11:00,17.3,17.7,727.0,777.0,2.59,2.16,100,26
2026-04-17T12:00,18.1,18.1,776.0,766.0,2.88,1.98,9,38
2026-04-17T13:00,18.3,18.5,649.0,693.0,2.9,2.3,100,54
2026-04-17T14:00,18.2,18.7,545.0,628.0,3.23,2.43,100,26
2026-04-17T15:00,18.7,18.6,445.0,527.0,2.4,2.45,76,7
2026-04-17T16:00,18.5,18.2,333.0,372.0,2.37,2.7,41,40
2026-04-17T17:00,17.2,17.6,175.0,196.0,2.27,2.56,88,58
2026-04-17T18:00,15.8,15.6,53.0,36.0,2.56,2.18,22,77
2026-04-17T19:00,14.1,14.8,0.0,0.0,3.92,2.08,5,82
2026-04-17T20:00,13.0,14.0,0.0,0.0,4.21,1.93,76,63
2026-04-17T21:00,11.5,13.2,0.0,0.0,4.45,1.55,15,46
2026-04-17T22:00,10.8,12.3,0.0,0.0,4.12,1.71,66,65
2026-04-17T23:00,10.3,11.6,0.0,0.0,2.83,1.59,90,52
2026-04-18T00:00,9.2,10.9,0.0,0.0,3.04,1.88,73,57
2026-04-18T01:00,8.7,10.2,0.0,0.0,2.76,1.46,74,2
2026-04-18T02:00,8.3,9.4,0.0,0.0,2.24,1.08,67,0
2026-04-18T03:00,7.0,8.7,0.0,0.0,0.84,0.79,77,5
2026-04-18T04:00,6.4,8.2,0.0,0.0,0.75,0.22,79,8
2026-04-18T05:00,6.1,8.1,11.0,13.0,2.06,0.35,66,11
2026-04-18T06:00,7.9,8.7,112.0,121.0,1.74,0.53,7,22
2026-04-18T07:00,11.1,11.6,282.0,284.0,1.62,0.71,0,17
2026-04-18T08:00,14.3,14.1,453.0,446.0,0.71,0.93,3,100
2026-04-18T09:00,16.9,16.1,602.0,578.0,0.75,0.4,71,100
2026-04-18T10:00,18.5,17.4,701.0,681.0,0.78,0.31,100,100
2026-04-18T11:00,18.9,18.0,671.0,629.0,1.21,0.75,100,98
2026-04-18T12:00,20.1,19.0,649.0,630.0,0.71,0.6,88,91
2026-04-18T13:00,20.3,19.4,545.0,653.0,1.8,0.22,95,49
2026-04-18T14:00,20.1,19.6,398.0,575.0,2.19,0.4,100,94
2026-04-18T15:00,20.7,19.5,469.0,400.0,0.98,0.71,44,96
2026-04-18T16:00,20.3,19.4,353.0,267.0,1.71,0.81,57,91
2026-04-18T17:00,19.3,18.6,187.0,153.0,2.0,1.86,81,76
2026-04-18T18:00,17.9,17.0,50.0,46.0,1.5,2.31,92,55
2026-04-18T19:00,15.8,15.5,0.0,0.0,0.69,2.58,47,36
2026-04-18T20:00,14.4,14.1,0.0,0.0,2.33,3.07,77,43
2026-04-18T21:00,13.6,13.1,0.0,0.0,2.39,3.75,94,63
2026-04-18T22:00,12.8,12.6,0.0,0.0,2.18,3.78,73,57
2026-04-18T23:00,12.0,12.1,0.0,0.0,2.45,3.81,91,58
2026-04-19T00:00,11.1,10.3,0.0,0.0,4.82,3.63,69,47
2026-04-19T01:00,10.9,9.4,0.0,0.0,2.05,3.71,100,53
2026-04-19T02:00,10.6,8.7,0.0,0.0,4.0,4.04,100,100
2026-04-19T03:00,10.2,8.6,0.0,0.0,3.64,4.78,100,100
2026-04-19T04:00,10.2,9.1,0.0,0.0,2.55,5.52,100,100
2026-04-19T05:00,10.0,9.1,5.0,7.0,3.99,5.36,100,99
2026-04-19T06:00,11.4,10.1,33.0,32.0,6.29,4.19,100,100
2026-04-19T07:00,12.0,12.0,101.0,202.0,6.27,5.57,100,100
2026-04-19T08:00,12.5,14.0,146.0,377.0,5.18,5.21,100,73
2026-04-19T09:00,14.4,14.9,363.0,394.0,6.64,7.42,96,100
2026-04-19T10:00,15.6,14.8,448.0,436.0,8.32,5.92,100,100
2026-04-19T11:00,15.3,15.0,301.0,446.0,10.15,5.21,80,100
2026-04-19T12:00,15.9,14.3,595.0,501.0,8.46,6.38,84,69
2026-04-19T13:00,16.0,14.1,535.0,406.0,6.93,8.6,79,83
2026-04-19T14:00,15.1,14.3,348.0,474.0,8.59,8.26,82,68
2026-04-19T15:00,14.5,13.9,217.0,370.0,8.53,8.17,72,66
2026-04-19T16:00,13.2,13.3,232.0,308.0,10.03,7.13,91,60
2026-04-19T17:00,12.0,12.3,171.0,155.0,10.96,7.45,42,68
2026-04-19T18:00,9.8,11.2,61.0,54.0,6.96,6.41,0,54
2026-04-19T19:00,8.2,10.0,0.0,0.0,5.98,5.57,0,45
2026-04-19T20:00,6.8,8.5,0.0,0.0,4.25,4.39,0,42
2026-04-19T21:00,6.5,7.8,0.0,0.0,3.35,3.61,0,30
2026-04-19T22:00,5.3,7.1,0.0,0.0,1.08,3.44,0,6
2026-04-19T23:00,5.4,6.2,0.0,0.0,1.69,3.59,0,14
2026-04-20T00:00,5.0,4.4,0.0,0.0,1.71,1.12,0,34
2026-04-20T01:00,5.1,3.4,0.0,0.0,0.9,1.77,0,37
2026-04-20T02:00,4.5,2.7,0.0,0.0,0.93,2.24,0,35
2026-04-20T03:00,4.0,2.5,0.0,0.0,2.37,2.69,100,86
2026-04-20T04:00,3.9,1.8,0.0,0.0,2.06,2.84,100,57
2026-04-20T05:00,3.5,1.7,13.0,16.0,2.55,3.55,100,52
2026-04-20T06:00,5.4,3.7,112.0,91.0,4.16,2.79,75,100
2026-04-20T07:00,7.6,6.2,276.0,206.0,2.76,1.77,85,98
2026-04-20T08:00,9.2,7.9,423.0,324.0,2.45,1.92,64,91
2026-04-20T09:00,10.2,9.3,482.0,402.0,3.11,3.02,65,81
2026-04-20T10:00,11.5,10.3,660.0,476.0,3.41,3.26,84,70
2026-04-20T11:00,12.4,11.7,658.0,596.0,4.25,3.4,62,80
2026-04-20T12:00,12.5,12.5,552.0,496.0,5.65,4.62,83,92
2026-04-20T13:00,12.7,13.4,582.0,556.0,4.57,4.46,100,62
2026-04-20T14:00,13.2,13.8,493.0,586.0,6.23,4.69,89,58
2026-04-20T15:00,12.5,13.5,434.0,507.0,8.11,4.56,51,54
2026-04-20T16:00,12.0,12.9,387.0,363.0,6.69,4.65,0,63
2026-04-20T17:00,11.0,12.0,223.0,207.0,5.71,4.74,7,66
2026-04-20T18:00,9.7,10.2,62.0,45.0,5.92,3.37,63,77
2026-04-20T19:00,7.8,8.6,0.0,0.0,7.41,4.21,60,73
2026-04-20T20:00,6.9,7.5,0.0,0.0,5.64,4.12,75,86
2026-04-20T21:00,5.5,7.1,0.0,0.0,4.71,4.09,13,93
2026-04-20T22:00,4.6,6.9,0.0,0.0,3.2,2.88,0,82
2026-04-20T23:00,3.7,6.1,0.0,0.0,2.08,2.95,0,90
2026-04-21T00:00,2.3,4.1,0.0,0.0,2.99,5.79,0,61
2026-04-21T01:00,1.7,3.3,0.0,0.0,3.88,4.04,0,55
2026-04-21T02:00,1.2,2.3,0.0,0.0,4.1,3.77,0,49
2026-04-21T03:00,1.1,1.8,0.0,0.0,4.25,3.29,45,27
2026-04-21T04:00,1.0,1.3,0.0,0.0,4.12,3.73,47,0
2026-04-21T05:00,0.6,1.2,14.0,18.0,2.81,3.68,86,4
2026-04-21T06:00,2.6,2.2,104.0,131.0,3.27,3.63,98,54
2026-04-21T07:00,3.5,4.8,95.0,283.0,1.87,2.21,100,50
2026-04-21T08:00,5.0,6.6,167.0,395.0,2.34,3.35,100,80
2026-04-21T09:00,6.4,6.7,248.0,338.0,3.34,4.09,100,98
2026-04-21T10:00,7.5,7.3,326.0,301.0,3.55,3.04,100,98
2026-04-21T11:00,9.1,9.1,492.0,420.0,3.4,3.86,100,99
2026-04-21T12:00,9.3,8.2,391.0,333.0,3.12,5.57,100,100
2026-04-21T13:00,8.9,8.7,316.0,273.0,4.41,4.58,100,96
2026-04-21T14:00,9.4,9.2,299.0,338.0,3.5,6.03,94,96
2026-04-21T15:00,8.7,9.7,265.0,278.0,5.87,5.85,100,97
2026-04-21T16:00,9.0,9.4,195.0,209.0,3.68,7.21,76,94
2026-04-21T17:00,8.5,8.5,141.0,138.0,7.18,7.44,91,86
2026-04-21T18:00,7.7,7.8,55.0,59.0,6.98,5.97,34,39
2026-04-21T19:00,6.2,6.2,1.0,0.0,7.98,5.68,86,40
2026-04-21T20:00,5.4,5.1,0.0,0.0,7.22,6.37,77,39
2026-04-21T21:00,5.4,4.4,0.0,0.0,8.49,6.56,82,57
2026-04-21T22:00,4.9,3.8,0.0,0.0,8.92,5.64,79,44
2026-04-21T23:00,4.3,3.0,0.0,0.0,9.06,6.22,19,44
2026-04-22T00:00,4.1,3.6,0.0,0.0,7.19,6.5,66,47
2026-04-22T01:00,3.4,3.1,0.0,0.0,6.61,6.75,0,19
2026-04-22T02:00,2.7,2.6,0.0,0.0,6.57,7.54,0,0
2026-04-22T03:00,2.2,2.3,0.0,0.0,7.3,8.02,0,0
2026-04-22T04:00,1.8,1.9,0.0,0.0,7.67,8.07,0,0
2026-04-22T05:00,2.0,1.8,19.0,21.0,7.89,7.72,0,0
2026-04-22T06:00,3.4,3.5,145.0,145.0,7.41,7.22,0,0
2026-04-22T07:00,5.6,5.8,321.0,321.0,4.88,4.7,0,0
2026-04-22T08:00,8.3,8.3,499.0,500.0,5.05,5.85,0,0
2026-04-22T09:00,9.9,10.0,651.0,654.0,6.77,7.05,15,0
2026-04-22T10:00,11.2,11.3,734.0,770.0,6.91,6.82,12,6
2026-04-22T11:00,12.1,12.2,825.0,835.0,6.91,6.37,0,8
2026-04-22T12:00,12.7,13.1,816.0,850.0,7.08,7.25,0,0
2026-04-22T13:00,13.1,13.6,807.0,807.0,6.51,7.0,0,0
2026-04-22T14:00,13.3,13.8,714.0,714.0,4.51,6.66,0,0
2026-04-22T15:00,13.3,13.7,577.0,577.0,4.02,6.24,0,0
2026-04-22T16:00,13.1,13.2,409.0,409.0,5.76,5.97,0,0
2026-04-22T17:00,12.3,12.5,232.0,230.0,5.18,5.61,0,0
2026-04-22T18:00,10.5,10.8,71.0,69.0,5.37,6.23,0,0
2026-04-22T19:00,8.6,8.7,1.0,1.0,4.27,6.14,0,0
2026-04-22T20:00,7.5,7.0,0.0,0.0,3.64,6.13,0,0
2026-04-22T21:00,6.7,6.0,0.0,0.0,2.83,5.98,0,0
2026-04-22T22:00,6.2,5.3,0.0,0.0,4.51,5.15,0,0
2026-04-22T23:00,5.6,4.7,0.0,0.0,5.56,3.95,0,0
2026-04-23T00:00,4.3,4.5,0.0,0.0,3.85,3.6,0,0
2026-04-23T01:00,3.6,4.3,0.0,0.0,4.73,3.59,0,0
2026-04-23T02:00,3.2,4.0,0.0,0.0,5.3,3.94,0,0
2026-04-23T03:00,2.2,3.7,0.0,0.0,3.73,3.59,100,11
2026-04-23T04:00,1.8,3.1,0.0,0.0,2.55,2.77,0,6
2026-04-23T05:00,1.9,2.6,21.0,22.0,1.19,2.4,100,14
2026-04-23T06:00,3.3,4.3,145.0,149.0,1.67,2.65,0,1
2026-04-23T07:00,7.5,7.1,315.0,309.0,1.06,2.11,0,42
2026-04-23T08:00,10.2,10.1,493.0,485.0,0.63,0.92,0,65
2026-04-23T09:00,12.6,12.2,649.0,639.0,1.32,1.04,0,6
2026-04-23T10:00,14.1,13.5,766.0,762.0,2.29,1.58,0,26
2026-04-23T11:00,15.2,14.7,830.0,826.0,2.77,1.37,0,1
2026-04-23T12:00,16.0,15.6,848.0,838.0,3.34,2.55,0,20
2026-04-23T13:00,16.7,16.3,806.0,801.0,3.72,3.07,0,9
2026-04-23T14:00,17.0,16.7,713.0,712.0,4.25,3.67,5,0
2026-04-23T15:00,17.2,16.7,583.0,579.0,4.57,4.39,9,0
2026-04-23T16:00,16.7,16.2,416.0,411.0,4.79,4.73,8,0
2026-04-23T17:00,15.8,15.6,234.0,232.0,5.03,5.1,18,0
2026-04-23T18:00,13.9,13.4,74.0,71.0,5.04,5.83,0,2
2026-04-23T19:00,11.0,11.3,1.0,1.0,4.43,5.11,0,22
2026-04-23T20:00,9.9,10.2,0.0,0.0,3.83,4.39,0,13
2026-04-23T21:00,8.8,9.5,0.0,0.0,3.24,4.35,5,0
2026-04-23T22:00,8.2,8.8,0.0,0.0,3.6,4.23,13,0
2026-04-23T23:00,6.8,7.9,0.0,0.0,3.47,3.75,11,0
2026-04-24T00:00,5.7,6.6,0.0,0.0,3.42,3.53,9,0
2026-04-24T01:00,4.8,5.3,0.0,0.0,2.86,2.81,40,0
2026-04-24T02:00,4.4,4.0,0.0,0.0,2.91,2.51,17,0
2026-04-24T03:00,3.5,3.3,0.0,0.0,2.86,2.7,9,0
2026-04-24T04:00,3.1,3.0,0.0,0.0,2.86,2.68,0,0
2026-04-24T05:00,2.8,2.8,23.0,24.0,2.65,2.73,0,0
2026-04-24T06:00,4.5,4.5,149.0,149.0,2.75,2.35,0,2
2026-04-24T07:00,8.3,8.5,320.0,320.0,2.58,2.07,0,0
2026-04-24T08:00,11.5,11.9,498.0,496.0,2.26,1.12,0,0
2026-04-24T09:00,14.0,14.3,655.0,651.0,3.5,1.81,0,0
2026-04-24T10:00,15.7,16.1,770.0,768.0,4.0,3.35,0,0
2026-04-24T11:00,17.1,17.5,841.0,833.0,3.65,3.55,0,0
2026-04-24T12:00,18.2,17.8,862.0,846.0,3.86,3.29,0,0
2026-04-24T13:00,18.8,18.3,814.0,807.0,4.13,3.42,0,0
2026-04-24T14:00,19.1,18.6,723.0,713.0,4.18,3.24,0,0
2026-04-24T15:00,19.1,18.6,584.0,578.0,4.03,3.78,1,0
2026-04-24T16:00,18.4,18.1,418.0,414.0,5.26,4.23,64,0
2026-04-24T17:00,17.1,17.3,238.0,236.0,5.48,4.25,0,0
2026-04-24T18:00,15.1,15.7,75.0,75.0,6.19,4.84,21,2
2026-04-24T19:00,12.1,12.9,1.0,1.0,5.96,4.69,0,2
2026-04-24T20:00,11.2,11.6,0.0,0.0,4.59,4.31,6,8
2026-04-24T21:00,10.7,10.8,0.0,0.0,3.53,3.24,11,6
2026-04-24T22:00,9.4,10.0,0.0,0.0,3.29,2.75,27,6
2026-04-24T23:00,8.2,9.4,0.0,0.0,2.73,3.26,4,6
2026-04-25T00:00,6.0,7.5,0.0,0.0,2.76,3.18,8,10
2026-04-25T01:00,5.2,5.6,0.0,0.0,2.47,2.77,1,30
2026-04-25T02:00,4.5,3.5,0.0,0.0,2.35,2.4,8,52
2026-04-25T03:00,3.9,2.5,0.0,0.0,2.48,2.56,0,44
2026-04-25T04:00,3.6,1.9,0.0,0.0,2.56,2.74,0,12
2026-04-25T05:00,3.5,2.0,25.0,27.0,2.48,2.77,4,0
2026-04-25T06:00,6.0,4.3,152.0,154.0,2.6,3.33,10,0
2026-04-25T07:00,9.9,9.3,324.0,326.0,2.51,3.04,9,0
2026-04-25T08:00,13.3,13.4,502.0,506.0,1.71,1.58,3,0
2026-04-25T09:00,15.8,16.0,659.0,660.0,1.52,2.56,0,0
2026-04-25T10:00,17.3,17.6,773.0,774.0,2.23,3.42,0,0
2026-04-25T11:00,18.7,18.7,834.0,838.0,2.98,4.27,0,23
2026-04-25T12:00,19.6,19.5,847.0,852.0,3.49,4.44,0,0
2026-04-25T13:00,20.0,20.0,808.0,812.0,5.2,4.82,0,0
2026-04-25T14:00,20.1,20.1,722.0,718.0,4.82,4.53,0,18
2026-04-25T15:00,20.1,20.0,578.0,578.0,3.26,5.04,15,0
2026-04-25T16:00,19.8,19.4,411.0,417.0,5.66,5.38,99,0
2026-04-25T17:00,19.0,18.6,242.0,243.0,5.68,5.68,0,0
2026-04-25T18:00,16.5,16.3,78.0,76.0,6.14,5.76,0,0
2026-04-25T19:00,13.3,13.1,2.0,1.0,5.71,5.75,0,0
2026-04-25T20:00,11.7,10.9,0.0,0.0,5.43,6.31,0,0
2026-04-25T21:00,10.3,9.6,0.0,0.0,5.91,6.66,0,0
2026-04-25T22:00,9.1,8.6,0.0,0.0,5.74,6.17,0,0
2026-04-25T23:00,8.3,7.5,0.0,0.0,4.5,5.9,0,0
2026-04-26T00:00,7.5,6.7,0.0,0.0,4.12,6.36,0,0
2026-04-26T01:00,6.8,5.8,0.0,0.0,5.14,6.93,0,0
2026-04-26T02:00,5.9,5.2,0.0,0.0,4.73,6.93,0,0
2026-04-26T03:00,5.3,4.7,0.0,0.0,3.67,6.17,0,0
2026-04-26T04:00,4.5,4.3,0.0,0.0,3.46,5.13,0,0
2026-04-26T05:00,4.7,4.6,28.0,29.0,2.85,4.33,5,1
2026-04-26T06:00,6.6,6.5,158.0,159.0,2.05,2.51,9,3
2026-04-26T07:00,10.3,9.8,332.0,332.0,0.89,1.96,2,1
2026-04-26T08:00,12.5,11.7,507.0,507.0,1.01,2.1,8,3
2026-04-26T09:00,14.0,13.1,650.0,651.0,0.66,1.9,0,1
2026-04-26T10:00,15.7,14.5,760.0,762.0,1.1,1.82,0,5
2026-04-26T11:00,17.0,15.8,824.0,827.0,1.68,1.8,2,69
2026-04-26T12:00,17.6,16.9,819.0,838.0,2.29,2.95,100,95
2026-04-26T13:00,17.5,17.2,682.0,744.0,2.28,3.16,100,100
2026-04-26T14:00,17.6,17.2,534.0,614.0,2.54,3.33,100,100
2026-04-26T15:00,18.0,16.8,450.0,436.0,2.98,3.28,100,100
2026-04-26T16:00,17.6,16.1,329.0,252.0,2.82,3.64,46,100
2026-04-26T17:00,16.7,15.3,209.0,145.0,3.89,4.18,100,100
2026-04-26T18:00,15.2,14.6,76.0,53.0,4.22,5.1,78,100
2026-04-26T19:00,12.6,12.4,2.0,2.0,4.72,6.01,67,100
2026-04-26T20:00,11.2,11.3,0.0,0.0,5.37,6.22,0,98
2026-04-26T21:00,10.0,9.8,0.0,0.0,5.62,6.17,0,90
2026-04-26T22:00,9.4,8.4,0.0,0.0,4.49,5.8,27,27
2026-04-26T23:00,8.5,7.4,0.0,0.0,2.94,4.92,0,6
2026-04-27T00:00,7.7,6.9,0.0,0.0,3.32,2.85,0,0
2026-04-27T01:00,7.2,6.1,0.0,0.0,2.48,2.67,0,13
2026-04-27T02:00,6.5,5.5,0.0,0.0,2.26,2.66,0,69
2026-04-27T03:00,5.3,4.8,0.0,0.0,1.8,2.37,0,54
2026-04-27T04:00,4.7,4.2,0.0,0.0,2.04,2.5,0,12
2026-04-27T05:00,4.4,4.2,30.0,31.0,2.17,2.67,0,0
2026-04-27T06:00,6.4,6.1,160.0,158.0,2.09,2.55,57,40
2026-04-27T07:00,10.2,9.9,331.0,328.0,1.28,2.35,0,19
2026-04-27T08:00,12.7,12.2,505.0,500.0,1.33,1.64,4,33
2026-04-27T09:00,14.7,14.5,630.0,653.0,1.89,2.24,100,29
2026-04-27T10:00,16.4,16.3,690.0,761.0,2.02,2.54,100,72
2026-04-27T11:00,17.9,17.5,818.0,810.0,2.02,2.61,31,100
2026-04-27T12:00,18.5,18.7,831.0,833.0,1.94,1.82,91,51
2026-04-27T13:00,19.2,19.3,804.0,796.0,2.34,1.73,18,67
2026-04-27T14:00,19.4,19.5,721.0,693.0,2.37,2.2,13,39
2026-04-27T15:00,19.3,19.4,580.0,572.0,2.1,2.5,63,55
2026-04-27T16:00,18.8,18.8,420.0,407.0,2.43,2.72,54,71
2026-04-27T17:00,17.8,18.0,209.0,224.0,3.04,3.12,88,57
2026-04-27T18:00,16.4,16.6,61.0,75.0,3.04,4.87,100,100
2026-04-27T19:00,14.1,13.6,3.0,2.0,4.12,5.16,100,69
2026-04-27T20:00,12.9,11.7,0.0,0.0,4.61,5.61,100,100
2026-04-27T21:00,11.6,10.5,0.0,0.0,5.29,6.37,100,100
2026-04-27T22:00,10.5,9.6,0.0,0.0,5.49,6.4,100,100
2026-04-27T23:00,9.8,9.1,0.0,0.0,5.29,5.39,100,100
2026-04-28T00:00,8.3,8.5,0.0,0.0,4.8,4.8,99,100
2026-04-28T01:00,7.5,8.1,0.0,0.0,5.17,4.48,100,100
2026-04-28T02:00,7.0,7.7,0.0,0.0,4.21,4.32,100,100
2026-04-28T03:00,6.3,7.4,0.0,0.0,3.85,4.46,100,100
2026-04-28T04:00,5.2,7.2,0.0,0.0,4.63,4.46,100,100
2026-04-28T05:00,5.4,7.2,28.0,22.0,5.24,4.97,100,100
2026-04-28T06:00,7.6,8.2,104.0,87.0,6.06,6.86,100,100
2026-04-28T07:00,9.8,10.1,273.0,194.0,4.83,6.19,100,100
2026-04-28T08:00,12.3,11.8,390.0,290.0,5.77,5.54,100,100
2026-04-28T09:00,14.9,14.1,531.0,428.0,6.07,6.9,100,100
2026-04-28T10:00,17.1,16.0,699.0,584.0,6.21,7.04,100,98
2026-04-28T11:00,18.6,17.2,807.0,691.0,6.67,6.73,36,100
2026-04-28T12:00,19.3,18.1,811.0,689.0,6.67,6.98,100,100
2026-04-28T13:00,19.7,18.7,771.0,664.0,6.35,7.3,100,100
2026-04-28T14:00,19.8,19.1,645.0,615.0,6.14,7.3,100,97
2026-04-28T15:00,19.9,18.7,527.0,466.0,6.04,7.38,100,100
2026-04-28T16:00,18.7,17.9,349.0,285.0,6.92,7.63,100,100
2026-04-28T17:00,18.1,17.3,186.0,129.0,6.48,7.75,100,100
2026-04-28T18:00,16.3,16.4,60.0,44.0,8.41,8.16,100,100
2026-04-28T19:00,14.1,14.3,2.0,2.0,9.65,10.18,100,100
2026-04-28T20:00,12.8,13.0,0.0,0.0,10.3,9.61,100,100
2026-04-28T21:00,12.0,12.3,0.0,0.0,10.95,8.57,100,100
2026-04-28T22:00,10.7,11.5,0.0,0.0,11.16,8.84,68,100
2026-04-28T23:00,9.7,10.6,0.0,0.0,10.74,8.43,100,100
2026-04-29T00:00,8.3,9.1,0.0,0.0,10.56,8.61,100,70
2026-04-29T01:00,7.7,8.2,0.0,0.0,11.05,8.93,100,92
2026-04-29T02:00,6.9,7.5,0.0,0.0,11.14,8.97,100,100
2026-04-29T03:00,6.0,6.9,0.0,0.0,9.66,8.18,100,100
2026-04-29T04:00,5.2,6.3,0.0,0.0,9.6,8.12,100,100
2026-04-29T05:00,5.3,6.2,27.0,27.0,9.15,8.08,100,100
2026-04-29T06:00,6.5,6.9,123.0,143.0,8.95,7.3,100,100
2026-04-29T07:00,8.5,8.9,281.0,261.0,6.26,5.58,100,100
2026-04-29T08:00,11.1,11.3,480.0,425.0,6.72,7.26,98,100
2026-04-29T09:00,13.6,13.3,665.0,624.0,6.64,7.84,0,0
2026-04-29T10:00,15.1,14.9,781.0,775.0,6.73,8.11,0,0
2026-04-29T11:00,16.3,16.1,845.0,844.0,6.8,8.34,0,0
2026-04-29T12:00,17.0,16.1,859.0,860.0,6.63,8.34,0,0
2026-04-29T13:00,17.5,16.6,803.0,819.0,6.49,8.09,45,0
2026-04-29T14:00,17.2,16.7,700.0,724.0,7.23,8.06,0,5
2026-04-29T15:00,17.6,16.4,577.0,589.0,6.84,8.18,10,0
2026-04-29T16:00,16.7,15.7,423.0,428.0,8.39,8.6,0,0
2026-04-29T17:00,15.2,14.7,254.0,252.0,9.68,8.68,0,0
2026-04-29T18:00,13.2,12.4,90.0,88.0,10.66,10.14,0,0
2026-04-29T19:00,11.1,10.2,4.0,4.0,10.5,11.39,0,0
2026-04-29T20:00,9.7,8.6,0.0,0.0,10.96,11.19,0,0
2026-04-29T21:00,8.7,7.2,0.0,0.0,10.54,11.22,0,0
2026-04-29T22:00,7.4,6.2,0.0,0.0,10.32,11.28,0,0
2026-04-29T23:00,6.3,5.2,0.0,0.0,10.5,11.18,0,0
2026-04-30T00:00,5.5,5.0,0.0,0.0,10.5,11.2,0,0
2026-04-30T01:00,5.0,4.3,0.0,0.0,10.23,11.27,0,0
2026-04-30T02:00,4.2,3.4,0.0,0.0,9.81,10.78,0,0
2026-04-30T03:00,3.5,2.4,0.0,0.0,9.92,10.39,0,0
2026-04-30T04:00,2.8,1.4,0.0,0.0,10.21,10.58,0,0
2026-04-30T05:00,3.0,1.5,38.0,38.0,10.33,10.1,0,0
2026-04-30T06:00,3.7,2.9,177.0,177.0,9.36,10.29,0,0
2026-04-30T07:00,5.5,5.0,355.0,355.0,9.15,10.39,0,0
2026-04-30T08:00,7.6,7.4,534.0,531.0,10.31,10.11,0,0
2026-04-30T09:00,9.6,9.5,686.0,683.0,10.2,10.32,0,0
2026-04-30T10:00,11.4,11.1,802.0,796.0,10.51,10.53,0,0
2026-04-30T11:00,12.9,12.6,869.0,861.0,10.62,10.51,0,0
2026-04-30T12:00,13.9,14.1,880.0,874.0,10.9,10.97,0,0
2026-04-30T13:00,14.6,14.9,839.0,833.0,10.71,11.04,0,0
2026-04-30T14:00,14.9,15.2,746.0,739.0,10.22,10.65,0,0
2026-04-30T15:00,14.9,15.2,608.0,603.0,9.84,10.66,0,0
2026-04-30T16:00,14.3,14.6,440.0,437.0,9.43,10.64,0,0
2026-04-30T17:00,13.5,13.7,257.0,256.0,8.84,10.62,0,0
2026-04-30T18:00,12.0,11.7,91.0,90.0,7.54,10.01,0,0
2026-04-30T19:00,9.3,9.5,5.0,4.0,8.13,10.4,0,0
2026-04-30T20:00,8.2,8.1,0.0,0.0,8.97,9.67,0,0
2026-04-30T21:00,7.3,7.1,0.0,0.0,10.74,10.07,0,0
2026-04-30T22:00,6.7,6.3,0.0,0.0,10.92,10.22,0,0
2026-04-30T23:00,6.1,5.5,0.0,0.0,11.46,10.49,0,0
2026-05-01T00:00,5.3,5.1,0.0,0.0,10.39,11.58,0,0
2026-05-01T01:00,5.0,4.6,0.0,0.0,10.3,11.37,0,0
2026-05-01T02:00,4.7,4.2,0.0,0.0,10.39,10.58,0,0
2026-05-01T03:00,4.2,3.9,0.0,0.0,9.99,9.5,3,0
2026-05-01T04:00,3.8,3.6,0.0,0.0,8.92,9.42,0,0
2026-05-01T05:00,4.1,3.8,38.0,39.0,8.33,8.92,0,0
2026-05-01T06:00,6.2,6.0,170.0,170.0,7.85,9.06,0,0
2026-05-01T07:00,8.7,8.5,340.0,341.0,7.26,7.28,0,0
2026-05-01T08:00,11.2,10.9,513.0,513.0,7.85,7.75,0,0
2026-05-01T09:00,13.4,13.3,664.0,663.0,7.86,7.55,0,0
2026-05-01T10:00,15.5,15.4,777.0,776.0,7.86,7.54,0,0
2026-05-01T11:00,17.2,17.0,843.0,843.0,7.56,7.66,0,0
2026-05-01T12:00,18.2,18.2,856.0,853.0,7.65,7.26,0,0
2026-05-01T13:00,19.0,19.0,815.0,812.0,7.74,7.06,0,0
2026-05-01T14:00,19.3,19.4,725.0,722.0,7.84,6.96,0,0
2026-05-01T15:00,19.5,19.3,594.0,590.0,6.77,6.96,0,0
2026-05-01T16:00,19.0,18.8,430.0,426.0,6.47,7.16,0,0
2026-05-01T17:00,18.1,17.9,254.0,249.0,6.37,7.26,0,0
2026-05-01T18:00,16.5,16.3,92.0,89.0,7.06,8.06,0,0
2026-05-01T19:00,13.8,14.1,5.0,5.0,6.75,9.07,0,0
2026-05-01T20:00,12.1,12.6,0.0,0.0,7.16,8.89,0,0
2026-05-01T21:00,11.2,11.3,0.0,0.0,7.78,9.02,0,0
2026-05-01T22:00,10.1,10.0,0.0,0.0,7.57,8.72,0,0
2026-05-01T23:00,9.2,8.9,0.0,0.0,7.5,8.52,0,0
2026-05-02T00:00,8.6,7.9,0.0,0.0,6.91,7.75,0,0
2026-05-02T01:00,8.1,7.0,0.0,0.0,7.78,6.41,0,0
2026-05-02T02:00,7.9,6.0,0.0,0.0,7.73,5.83,0,0
2026-05-02T03:00,6.8,5.4,0.0,0.0,6.72,4.96,0,0
2026-05-02T04:00,6.1,4.7,0.0,0.0,5.44,4.1,0,0
2026-05-02T05:00,6.5,4.8,40.0,40.0,5.98,3.29,0,0
2026-05-02T06:00,9.2,8.4,174.0,173.0,4.03,4.51,0,0
2026-05-02T07:00,11.8,11.5,345.0,343.0,1.87,3.34,0,0
2026-05-02T08:00,14.8,14.4,517.0,515.0,1.39,1.39,0,0
2026-05-02T09:00,17.7,17.2,669.0,666.0,1.08,1.06,0,0
2026-05-02T10:00,19.9,19.4,782.0,780.0,0.88,0.81,0,0
2026-05-02T11:00,21.7,21.2,848.0,848.0,0.81,0.79,2,0
2026-05-02T12:00,22.6,22.3,861.0,861.0,0.69,0.69,2,0
2026-05-02T13:00,23.3,23.1,819.0,820.0,0.71,1.57,0,0
2026-05-02T14:00,23.8,23.5,727.0,731.0,0.88,2.07,14,2
2026-05-02T15:00,23.9,23.5,593.0,600.0,0.49,2.61,15,0
2026-05-02T16:00,23.7,23.1,431.0,437.0,1.31,2.91,31,7
2026-05-02T17:00,22.9,22.5,258.0,260.0,1.41,3.75,31,2
2026-05-02T18:00,21.5,20.8,93.0,95.0,1.93,4.68,70,0
2026-05-02T19:00,18.8,17.1,6.0,6.0,1.93,7.44,36,0
2026-05-02T20:00,17.1,15.4,0.0,0.0,4.41,8.28,6,0
2026-05-02T21:00,15.6,14.1,0.0,0.0,5.71,8.11,26,0
2026-05-02T22:00,14.5,12.9,0.0,0.0,5.2,7.64,13,1
2026-05-02T23:00,13.8,12.1,0.0,0.0,4.35,6.14,24,14
2026-05-03T00:00,13.0,11.3,0.0,0.0,2.98,4.05,76,30
2026-05-03T01:00,11.7,10.7,0.0,0.0,2.55,2.89,44,34
2026-05-03T02:00,10.9,10.0,0.0,0.0,1.82,2.36,45,32
2026-05-03T03:00,9.5,9.4,0.0,0.0,2.07,2.08,13,32
2026-05-03T04:00,8.7,8.6,0.0,0.0,2.17,2.31,3,43
2026-05-03T05:00,9.0,8.8,41.0,43.0,2.81,1.83,100,41
2026-05-03T06:00,11.5,11.3,172.0,168.0,2.75,2.48,100,58
2026-05-03T07:00,15.0,14.3,318.0,337.0,3.69,1.71,100,54
2026-05-03T08:00,17.4,17.0,486.0,485.0,2.75,0.71,66,100
2026-05-03T09:00,19.5,18.8,635.0,599.0,2.1,1.94,100,100
2026-05-03T10:00,21.0,20.4,663.0,678.0,2.18,1.84,100,100
2026-05-03T11:00,22.7,21.7,769.0,713.0,1.87,1.62,60,100
2026-05-03T12:00,23.9,23.2,741.0,759.0,1.1,1.86,100,100
2026-05-03T13:00,24.6,24.0,664.0,751.0,0.89,1.92,45,92
2026-05-03T14:00,25.1,24.5,706.0,707.0,0.88,1.97,100,98
2026-05-03T15:00,24.9,24.0,496.0,463.0,1.48,1.49,100,100
2026-05-03T16:00,24.2,23.4,319.0,264.0,5.11,2.72,100,100
2026-05-03T17:00,23.7,22.5,161.0,128.0,4.61,5.4,100,100
2026-05-03T18:00,21.6,21.2,81.0,50.0,4.12,3.88,100,100
2026-05-03T19:00,19.5,18.4,5.0,5.0,4.37,5.71,100,93
2026-05-03T20:00,18.0,16.6,0.0,0.0,5.53,5.82,93,99
2026-05-03T21:00,15.6,15.4,0.0,0.0,4.99,6.04,100,96
2026-05-03T22:00,14.6,14.1,0.0,0.0,4.77,6.04,100,94
2026-05-03T23:00,13.9,13.2,0.0,0.0,3.77,4.25,100,96
2026-05-04T00:00,12.3,13.6,0.0,0.0,4.35,5.04,87,82
2026-05-04T01:00,12.0,13.4,0.0,0.0,2.77,4.02,96,100
2026-05-04T02:00,11.1,13.2,0.0,0.0,2.16,2.85,100,100
2026-05-04T03:00,10.9,12.4,0.0,0.0,1.8,1.47,98,99
2026-05-04T04:00,10.2,11.1,0.0,0.0,1.64,1.06,100,100
2026-05-04T05:00,10.4,10.8,39.0,41.0,0.35,2.35,100,100
2026-05-04T06:00,12.9,13.1,138.0,146.0,1.4,0.77,93,97
2026-05-04T07:00,15.7,16.0,324.0,297.0,0.9,1.04,100,100
2026-05-04T08:00,17.7,18.0,472.0,424.0,1.81,0.81,90,91
2026-05-04T09:00,19.3,19.7,540.0,626.0,1.5,1.87,78,87
2026-05-04T10:00,21.0,21.1,705.0,735.0,2.5,2.51,100,83
2026-05-04T11:00,21.7,22.3,637.0,815.0,3.14,2.92,100,94
2026-05-04T12:00,22.4,23.0,666.0,800.0,2.98,2.61,100,72
2026-05-04T13:00,22.6,23.6,541.0,715.0,3.6,2.52,100,72
2026-05-04T14:00,23.2,23.8,517.0,580.0,4.38,2.37,77,83
2026-05-04T15:00,22.0,23.5,331.0,409.0,4.09,1.32,100,92
2026-05-04T16:00,21.6,23.0,258.0,250.0,3.99,1.59,100,85
2026-05-04T17:00,21.0,21.6,132.0,130.0,3.82,7.23,100,77
2026-05-04T18:00,18.7,19.5,35.0,67.0,5.04,5.87,100,93
2026-05-04T19:00,17.2,17.5,2.0,4.0,1.79,6.02,100,100
2026-05-04T20:00,15.4,16.6,0.0,0.0,4.57,4.69,100,91
2026-05-04T21:00,14.5,15.5,0.0,0.0,3.04,3.42,100,82
2026-05-04T22:00,13.7,14.8,0.0,0.0,0.79,3.03,100,96
2026-05-04T23:00,13.1,14.3,0.0,0.0,1.71,5.11,100,59
2026-05-05T00:00,12.1,12.3,0.0,0.0,5.48,1.59,100,99
2026-05-05T01:00,12.1,12.0,0.0,0.0,4.08,1.67,100,100
2026-05-05T02:00,11.6,11.6,0.0,0.0,2.92,2.2,100,100
2026-05-05T03:00,10.2,11.3,0.0,0.0,1.67,1.47,100,100
2026-05-05T04:00,9.7,10.8,0.0,0.0,1.81,0.96,100,100
2026-05-05T05:00,10.2,10.8,44.0,37.0,1.27,1.29,90,100
2026-05-05T06:00,12.2,12.1,173.0,117.0,0.71,1.08,100,100
2026-05-05T07:00,14.5,14.3,318.0,249.0,0.31,1.31,100,100
2026-05-05T08:00,16.8,16.0,431.0,378.0,0.57,1.45,94,98
2026-05-05T09:00,19.6,17.5,663.0,546.0,1.77,1.77,35,100
2026-05-05T10:00,21.4,18.9,768.0,606.0,1.86,2.3,82,100
2026-05-05T11:00,22.7,20.5,820.0,724.0,2.09,2.57,100,100
2026-05-05T12:00,23.4,22.0,834.0,712.0,1.68,1.18,99,95
2026-05-05T13:00,23.7,22.1,743.0,638.0,1.67,0.5,100,98
2026-05-05T14:00,22.9,22.4,291.0,515.0,1.14,0.1,100,100
2026-05-05T15:00,18.6,18.5,182.0,243.0,12.55,3.65,100,100
2026-05-05T16:00,15.8,17.1,102.0,93.0,7.46,2.43,100,100
2026-05-05T17:00,15.8,17.1,87.0,83.0,6.58,4.31,100,100
2026-05-05T18:00,15.6,17.1,87.0,32.0,6.18,4.43,73,95
2026-05-05T19:00,13.9,15.7,7.0,4.0,6.36,4.8,100,100
2026-05-05T20:00,13.8,14.6,0.0,0.0,4.57,5.25,100,100
2026-05-05T21:00,13.6,13.5,0.0,0.0,6.54,7.49,63,100
2026-05-05T22:00,12.6,13.0,0.0,0.0,5.71,5.18,60,62
2026-05-05T23:00,11.6,12.4,0.0,0.0,5.65,5.76,100,79
2026-05-06T00:00,10.2,12.2,0.0,0.0,5.26,7.23,38,89
2026-05-06T01:00,9.6,11.3,0.0,0.0,5.26,8.07,76,63
2026-05-06T02:00,9.7,10.4,0.0,0.0,5.52,9.3,100,75
2026-05-06T03:00,9.1,10.1,0.0,0.0,5.68,9.43,100,95
2026-05-06T04:00,8.5,10.1,0.0,0.0,4.51,8.12,100,89
2026-05-06T05:00,9.1,10.4,42.0,45.0,4.16,7.3,100,92
2026-05-06T06:00,11.0,11.7,149.0,134.0,2.53,5.63,100,100
2026-05-06T07:00,12.9,13.3,273.0,220.0,1.9,4.02,100,100
2026-05-06T08:00,14.6,14.3,372.0,308.0,0.89,3.69,100,99
2026-05-06T09:00,15.4,15.2,345.0,336.0,0.9,3.27,100,93
2026-05-06T10:00,16.5,16.3,420.0,476.0,0.35,2.26,100,100
2026-05-06T11:00,17.5,16.9,499.0,511.0,0.66,2.18,100,99
2026-05-06T12:00,17.9,18.3,526.0,663.0,0.29,1.15,100,87
2026-05-06T13:00,18.9,18.6,533.0,630.0,0.42,1.96,100,100
2026-05-06T14:00,18.8,18.4,406.0,369.0,0.88,2.65,100,100
2026-05-06T15:00,18.2,18.0,281.0,270.0,0.1,2.55,98,100
2026-05-06T16:00,17.7,16.9,274.0,135.0,1.63,1.86,43,100
2026-05-06T17:00,17.2,14.5,188.0,55.0,1.93,1.4,100,100
2026-05-06T18:00,11.6,13.2,11.0,17.0,12.17,5.31,100,100
2026-05-06T19:00,11.1,12.3,1.0,1.0,6.49,5.66,100,100
2026-05-06T20:00,11.2,11.9,0.0,0.0,5.24,6.94,100,100
2026-05-06T21:00,9.8,11.1,0.0,0.0,7.15,8.59,84,89
2026-05-06T22:00,9.4,10.6,0.0,0.0,8.11,8.12,90,95
2026-05-06T23:00,9.0,9.5,0.0,0.0,8.31,8.25,79,88
2026-05-07T00:00,8.8,9.3,0.0,0.0,7.19,7.6,68,92
2026-05-07T01:00,8.5,9.1,0.0,0.0,7.45,6.81,65,92
2026-05-07T02:00,8.3,8.8,0.0,0.0,7.06,6.33,100,99
2026-05-07T03:00,8.1,8.8,0.0,0.0,7.41,5.89,62,100
2026-05-07T04:00,7.6,8.9,0.0,0.0,7.32,5.33,49,94
2026-05-07T05:00,8.2,9.2,43.0,38.0,6.62,5.97,82,94
2026-05-07T06:00,9.1,10.3,64.0,195.0,5.43,6.49,87,1
2026-05-07T07:00,10.6,12.3,217.0,369.0,5.86,4.08,85,22
2026-05-07T08:00,11.7,13.4,294.0,407.0,6.87,6.27,100,75
2026-05-07T09:00,11.5,14.7,175.0,500.0,6.27,5.52,100,79
2026-05-07T10:00,11.8,15.4,170.0,599.0,6.48,5.72,100,82
2026-05-07T11:00,13.7,16.2,473.0,634.0,5.58,5.96,89,91
2026-05-07T12:00,13.1,16.8,348.0,748.0,5.49,3.66,100,62
2026-05-07T13:00,14.3,16.7,440.0,664.0,5.84,3.87,82,99
2026-05-07T14:00,14.9,14.6,441.0,454.0,5.92,4.78,90,100
2026-05-07T15:00,14.5,14.7,435.0,420.0,4.3,1.97,55,100
2026-05-07T16:00,13.9,14.9,304.0,371.0,3.42,3.23,53,100
2026-05-07T17:00,12.9,14.2,163.0,178.0,4.34,4.03,56,100
2026-05-07T18:00,12.5,12.9,86.0,85.0,3.98,1.45,90,100
2026-05-07T19:00,11.0,12.0,7.0,8.0,4.43,1.02,40,95
2026-05-07T20:00,9.9,11.2,0.0,0.0,4.19,0.71,88,50
2026-05-07T21:00,10.0,10.5,0.0,0.0,2.85,0.6,85,56
2026-05-07T22:00,9.4,9.8,0.0,0.0,3.88,0.29,57,42
2026-05-07T23:00,8.6,8.8,0.0,0.0,2.9,0.75,62,38
2026-05-08T00:00,8.5,8.1,0.0,0.0,3.76,4.97,51,31
2026-05-08T01:00,7.9,7.5,0.0,0.0,3.44,4.82,30,28
2026-05-08T02:00,7.4,7.1,0.0,0.0,5.04,4.5,16,22
2026-05-08T03:00,6.7,6.7,0.0,0.0,4.35,4.25,35,22
2026-05-08T04:00,6.3,6.5,1.0,1.0,4.48,4.12,12,29
2026-05-08T05:00,7.1,7.0,53.0,56.0,4.74,4.0,60,23
2026-05-08T06:00,8.0,8.7,147.0,193.0,3.2,4.91,87,41
2026-05-08T07:00,10.6,10.8,309.0,352.0,3.38,2.59,81,74
2026-05-08T08:00,12.6,13.0,527.0,516.0,3.07,3.11,13,94
2026-05-08T09:00,13.8,14.4,546.0,570.0,2.6,3.04,77,70
2026-05-08T10:00,15.0,15.5,557.0,526.0,2.37,2.45,73,77
2026-05-08T11:00,15.8,16.8,489.0,606.0,2.12,2.16,96,85
2026-05-08T12:00,16.9,17.7,522.0,653.0,3.05,1.4,66,68
2026-05-08T13:00,17.4,18.5,494.0,674.0,1.73,1.61,61,47
2026-05-08T14:00,18.0,18.7,461.0,537.0,2.85,2.01,99,90
2026-05-08T15:00,17.9,19.0,514.0,532.0,3.2,2.43,100,92
2026-05-08T16:00,17.3,18.6,425.0,419.0,4.02,3.29,100,32
2026-05-08T17:00,16.5,17.9,243.0,263.0,4.53,3.29,56,32
2026-05-08T18:00,15.3,16.5,86.0,92.0,4.52,4.65,100,56
2026-05-08T19:00,13.2,14.3,9.0,9.0,7.21,4.87,3,28
2026-05-08T20:00,12.2,12.8,0.0,0.0,7.39,5.06,0,38
2026-05-08T21:00,11.2,11.8,0.0,0.0,7.06,6.56,3,83
2026-05-08T22:00,10.3,11.3,0.0,0.0,6.14,6.73,100,97
2026-05-08T23:00,9.6,10.9,0.0,0.0,5.55,6.5,100,57
2026-05-09T00:00,9.0,9.9,0.0,0.0,4.99,6.02,3,81
2026-05-09T01:00,8.2,9.2,0.0,0.0,4.73,5.2,0,61
2026-05-09T02:00,7.7,8.8,0.0,0.0,4.71,3.96,7,42
2026-05-09T03:00,7.2,8.4,0.0,0.0,3.81,3.63,0,44
2026-05-09T04:00,6.7,7.9,1.0,1.0,3.29,3.44,0,76
2026-05-09T05:00,7.3,8.1,52.0,53.0,2.57,3.63,81,49
2026-05-09T06:00,10.1,10.3,192.0,165.0,3.08,3.96,0,58
2026-05-09T07:00,12.5,12.3,362.0,315.0,1.92,2.33,29,58
2026-05-09T08:00,14.4,14.1,528.0,470.0,2.26,2.57,0,58
2026-05-09T09:00,16.8,16.0,675.0,627.0,2.75,3.16,0,38
2026-05-09T10:00,18.7,17.8,785.0,769.0,3.33,3.55,0,35
2026-05-09T11:00,20.0,19.0,845.0,751.0,3.54,3.53,7,66
2026-05-09T12:00,20.6,20.1,809.0,743.0,3.67,3.73,1,41
2026-05-09T13:00,21.0,20.6,757.0,716.0,2.75,3.55,0,29
2026-05-09T14:00,21.5,21.0,606.0,672.0,1.24,3.66,69,67
2026-05-09T15:00,20.9,20.6,476.0,480.0,3.2,3.85,78,62
2026-05-09T16:00,20.5,20.4,354.0,413.0,3.92,4.4,99,33
2026-05-09T17:00,19.7,19.7,248.0,267.0,5.21,5.02,81,21
2026-05-09T18:00,18.6,18.4,106.0,109.0,6.04,6.18,3,7
2026-05-09T19:00,16.4,16.5,12.0,10.0,7.38,7.43,0,45
2026-05-09T20:00,14.6,15.5,0.0,0.0,6.48,8.04,0,41
2026-05-09T21:00,13.2,14.6,0.0,0.0,7.54,7.68,0,0
2026-05-09T22:00,12.7,13.1,0.0,0.0,7.71,8.16,0,0
2026-05-09T23:00,11.7,12.7,0.0,0.0,6.38,8.82,0,0
2026-05-10T00:00,11.0,10.9,0.0,0.0,6.57,7.02,5,27
2026-05-10T01:00,10.0,10.1,0.0,0.0,6.48,7.35,0,17
2026-05-10T02:00,9.6,9.8,0.0,0.0,6.9,7.58,96,2
2026-05-10T03:00,9.2,9.5,0.0,0.0,6.82,7.61,0,0
2026-05-10T04:00,8.5,9.2,1.0,1.0,6.12,7.76,0,0
2026-05-10T05:00,9.3,10.0,58.0,59.0,5.81,7.94,0,12
2026-05-10T06:00,10.9,11.5,199.0,190.0,6.42,7.26,1,100
2026-05-10T07:00,13.3,13.6,363.0,342.0,4.32,5.49,84,62
2026-05-10T08:00,15.9,15.7,525.0,518.0,4.42,5.28,100,100
2026-05-10T09:00,18.0,17.6,660.0,584.0,5.75,5.92,100,100
2026-05-10T10:00,19.9,19.1,758.0,654.0,6.33,6.25,100,100
2026-05-10T11:00,21.2,20.5,787.0,695.0,6.28,6.11,100,100
2026-05-10T12:00,22.1,21.1,743.0,728.0,6.71,6.21,100,99
2026-05-10T13:00,22.8,22.2,771.0,776.0,6.21,6.11,100,84
2026-05-10T14:00,22.7,22.4,581.0,668.0,5.96,5.31,100,99
2026-05-10T15:00,22.3,22.1,455.0,462.0,6.28,5.28,96,100
2026-05-10T16:00,21.9,21.3,355.0,158.0,5.59,5.3,88,100
2026-05-10T17:00,21.0,20.2,155.0,82.0,4.25,5.35,100,100
2026-05-10T18:00,15.8,19.2,40.0,29.0,6.73,4.84,100,95
2026-05-10T19:00,14.9,17.2,5.0,5.0,5.25,5.41,100,76
2026-05-10T20:00,14.8,16.3,0.0,0.0,3.19,5.59,100,88
2026-05-10T21:00,14.1,15.8,0.0,0.0,4.08,5.39,100,100
2026-05-10T22:00,13.3,15.3,0.0,0.0,4.75,4.25,100,99
2026-05-10T23:00,13.0,14.2,0.0,0.0,4.57,12.1,100,100
2026-05-11T00:00,12.4,13.2,0.0,0.0,6.88,4.65,70,100
2026-05-11T01:00,12.0,13.1,0.0,0.0,5.96,6.24,68,100
2026-05-11T02:00,11.6,12.7,0.0,0.0,6.4,7.36,100,100
2026-05-11T03:00,11.1,12.0,0.0,0.0,6.34,8.02,100,100
2026-05-11T04:00,10.9,11.6,1.0,1.0,6.31,8.99,100,100
2026-05-11T05:00,11.4,12.2,40.0,43.0,6.49,8.2,100,100
2026-05-11T06:00,12.4,13.2,109.0,117.0,7.28,9.05,100,100
2026-05-11T07:00,12.9,14.0,132.0,234.0,8.25,9.03,100,100
2026-05-11T08:00,13.7,14.7,249.0,338.0,7.27,10.7,100,98
2026-05-11T09:00,14.0,15.1,261.0,436.0,10.0,9.92,100,99
2026-05-11T10:00,14.6,16.0,260.0,525.0,12.99,10.7,100,100
2026-05-11T11:00,13.5,15.4,204.0,370.0,12.83,11.15,100,97
2026-05-11T12:00,17.9,15.5,705.0,492.0,11.91,13.45,100,100
2026-05-11T13:00,17.5,14.9,439.0,453.0,11.71,13.72,100,100
2026-05-11T14:00,16.5,12.3,305.0,178.0,13.92,10.42,100,95
2026-05-11T15:00,16.4,11.7,382.0,225.0,10.39,10.13,100,100
2026-05-11T16:00,16.2,11.1,297.0,118.0,12.67,8.48,100,100
2026-05-11T17:00,15.4,10.4,163.0,79.0,11.58,7.28,100,97
2026-05-11T18:00,10.5,10.6,41.0,33.0,9.71,8.59,100,100
2026-05-11T19:00,9.3,9.7,7.0,4.0,8.02,7.33,99,100
2026-05-11T20:00,8.3,8.3,0.0,0.0,8.39,7.1,100,100
2026-05-11T21:00,7.9,7.8,0.0,0.0,7.18,7.44,99,100
2026-05-11T22:00,7.3,7.3,0.0,0.0,8.05,7.84,100,100
2026-05-11T23:00,6.1,6.4,0.0,0.0,7.27,5.35,100,95
2026-05-12T00:00,5.1,4.7,0.0,0.0,9.21,7.65,100,23
2026-05-12T01:00,4.8,3.9,0.0,0.0,7.66,8.02,100,92
2026-05-12T02:00,4.7,4.5,0.0,0.0,8.62,9.3,100,100
2026-05-12T03:00,4.2,4.3,0.0,0.0,7.86,8.44,99,100
2026-05-12T04:00,3.3,4.3,1.0,1.0,6.1,7.98,99,100
2026-05-12T05:00,3.6,4.0,24.0,25.0,8.14,8.0,100,99
2026-05-12T06:00,4.0,3.8,129.0,198.0,9.98,9.32,76,41
2026-05-12T07:00,4.8,4.7,334.0,356.0,9.94,9.91,72,70
2026-05-12T08:00,6.2,5.7,447.0,457.0,10.09,10.35,77,65
2026-05-12T09:00,7.4,6.9,471.0,542.0,10.92,11.31,86,86
2026-05-12T10:00,8.3,7.8,652.0,522.0,11.17,12.37,94,100
2026-05-12T11:00,8.5,8.6,648.0,556.0,10.86,12.03,100,100
2026-05-12T12:00,9.9,9.4,618.0,576.0,10.35,9.16,32,100
2026-05-12T13:00,9.1,9.9,679.0,574.0,7.68,9.33,100,100
2026-05-12T14:00,10.0,9.8,455.0,404.0,11.95,9.07,30,100
2026-05-12T15:00,9.0,10.1,337.0,355.0,9.08,8.41,100,92
2026-05-12T16:00,9.5,9.6,256.0,310.0,7.21,7.54,100,75
2026-05-12T17:00,8.2,9.3,151.0,218.0,8.3,7.42,100,90
2026-05-12T18:00,7.1,9.0,68.0,91.0,6.18,7.75,71,72
2026-05-12T19:00,6.0,7.6,14.0,11.0,6.77,6.88,0,78
2026-05-12T20:00,5.3,6.4,0.0,0.0,6.67,7.27,63,56
2026-05-12T21:00,4.3,5.6,0.0,0.0,5.21,7.07,63,45
2026-05-12T22:00,3.4,4.8,0.0,0.0,4.9,6.6,60,50
2026-05-12T23:00,2.7,3.9,0.0,0.0,3.35,5.97,63,26
2026-05-13T00:00,2.3,4.1,0.0,0.0,4.24,7.57,0,44
2026-05-13T01:00,2.0,3.6,0.0,0.0,4.3,7.2,32,66
2026-05-13T02:00,1.8,3.5,0.0,0.0,4.26,7.41,46,64
2026-05-13T03:00,1.6,3.3,0.0,0.0,4.78,7.31,83,71
2026-05-13T04:00,1.9,3.0,2.0,2.0,4.61,7.23,82,77
2026-05-13T05:00,3.3,4.2,41.0,63.0,4.7,7.67,78,43
2026-05-13T06:00,5.2,5.1,220.0,148.0,3.75,6.09,0,87
2026-05-13T07:00,7.8,7.5,397.0,263.0,3.55,3.96,0,67
2026-05-13T08:00,9.6,9.7,569.0,495.0,6.2,4.28,0,66
2026-05-13T09:00,10.8,11.4,617.0,659.0,6.44,5.04,76,46
2026-05-13T10:00,11.1,12.6,513.0,700.0,6.73,5.94,100,84
2026-05-13T11:00,11.7,12.7,380.0,526.0,6.96,5.82,100,100
2026-05-13T12:00,12.5,12.4,381.0,339.0,10.5,8.17,100,100
2026-05-13T13:00,12.6,12.7,447.0,394.0,8.26,7.94,86,100
2026-05-13T14:00,12.6,12.9,342.0,297.0,10.79,8.13,100,98
2026-05-13T15:00,12.1,13.4,267.0,368.0,11.38,10.13,99,100
2026-05-13T16:00,12.2,13.5,208.0,252.0,7.16,8.15,99,83
2026-05-13T17:00,12.0,13.3,200.0,209.0,6.88,7.62,85,57
2026-05-13T18:00,11.9,12.7,97.0,83.0,5.14,5.64,77,84
2026-05-13T19:00,10.2,11.3,12.0,12.0,4.59,5.63,97,95
2026-05-13T20:00,9.6,10.1,0.0,0.0,5.94,3.88,98,90
2026-05-13T21:00,8.9,9.2,0.0,0.0,8.45,4.74,100,100
2026-05-13T22:00,8.7,8.5,0.0,0.0,8.68,7.07,100,100
2026-05-13T23:00,7.5,8.2,0.0,0.0,3.4,9.9,100,98
2026-05-14T00:00,7.7,7.9,0.0,0.0,6.97,8.1,97,99
2026-05-14T01:00,7.2,7.7,0.0,0.0,6.96,7.8,100,83
2026-05-14T02:00,7.2,7.5,0.0,0.0,10.41,8.98,100,100
2026-05-14T03:00,6.9,7.8,0.0,0.0,8.02,9.65,97,99
2026-05-14T04:00,6.4,7.4,2.0,1.0,7.48,7.59,96,100
2026-05-14T05:00,6.6,7.5,36.0,30.0,8.58,7.06,95,97
2026-05-14T06:00,7.3,7.9,161.0,146.0,9.21,8.31,95,93
2026-05-14T07:00,8.2,8.4,294.0,220.0,7.75,7.68,89,97
2026-05-14T08:00,8.9,8.9,370.0,259.0,9.12,7.88,88,100
2026-05-14T09:00,10.1,10.3,461.0,444.0,8.09,7.13,89,72
2026-05-14T10:00,10.6,11.9,453.0,619.0,8.59,7.27,100,97
2026-05-14T11:00,11.4,12.2,480.0,567.0,7.66,8.01,98,98
2026-05-14T12:00,11.9,12.5,539.0,477.0,6.42,8.2,100,99
2026-05-14T13:00,12.6,12.5,539.0,395.0,6.51,7.77,100,100
2026-05-14T14:00,13.4,12.2,580.0,307.0,7.54,6.35,93,100
2026-05-14T15:00,13.5,12.1,565.0,196.0,5.63,4.96,81,100
2026-05-14T16:00,12.7,11.5,338.0,146.0,7.22,5.32,100,100
2026-05-14T17:00,12.2,10.9,151.0,152.0,4.41,3.7,100,100
2026-05-14T18:00,9.0,9.6,59.0,68.0,3.95,3.73,100,100
2026-05-14T19:00,8.4,8.1,8.0,11.0,3.05,5.79,100,100
2026-05-14T20:00,7.8,7.3,0.0,0.0,1.63,5.22,100,100
2026-05-14T21:00,7.4,6.8,0.0,0.0,2.12,5.7,100,100
2026-05-14T22:00,7.2,6.4,0.0,0.0,1.12,5.16,100,100
2026-05-14T23:00,7.0,6.2,0.0,0.0,2.64,5.83,100,100
2026-05-15T00:00,6.3,4.9,0.0,0.0,2.77,5.44,100,100
2026-05-15T01:00,6.1,4.7,0.0,0.0,3.44,5.33,100,100
2026-05-15T02:00,6.2,4.4,0.0,0.0,3.95,5.3,100,100
2026-05-15T03:00,5.2,4.3,0.0,0.0,4.13,5.25,100,100
2026-05-15T04:00,4.6,4.2,3.0,2.0,4.16,5.07,100,100
2026-05-15T05:00,5.3,4.7,68.0,54.0,3.68,4.86,86,100
2026-05-15T06:00,6.5,6.4,219.0,211.0,1.71,4.35,13,56
2026-05-15T07:00,8.1,8.2,379.0,320.0,2.48,2.95,87,100
2026-05-15T08:00,9.2,9.5,369.0,389.0,1.62,1.79,100,81
2026-05-15T09:00,10.2,10.8,568.0,497.0,1.69,1.96,100,91
2026-05-15T10:00,10.9,11.7,489.0,582.0,2.11,2.15,100,100
2026-05-15T11:00,10.9,12.5,402.0,649.0,2.18,2.65,100,100
2026-05-15T12:00,11.9,10.8,635.0,529.0,2.28,1.77,100,100
2026-05-15T13:00,12.3,10.4,619.0,431.0,3.34,1.74,100,100
2026-05-15T14:00,12.9,10.1,560.0,378.0,3.84,1.39,100,100
2026-05-15T15:00,11.8,9.8,317.0,269.0,3.72,1.25,100,100
2026-05-15T16:00,10.1,9.5,195.0,205.0,8.11,2.0,100,100
2026-05-15T17:00,9.9,9.3,164.0,136.0,4.83,1.77,84,100
2026-05-15T18:00,9.3,9.6,75.0,84.0,4.99,2.86,100,99
2026-05-15T19:00,8.3,8.6,11.0,14.0,4.04,4.39,99,90
2026-05-15T20:00,7.7,8.0,0.0,0.0,4.43,5.51,100,100
2026-05-15T21:00,6.5,7.5,0.0,0.0,4.74,5.68,100,96
2026-05-15T22:00,6.4,6.9,0.0,0.0,4.55,5.33,100,100
2026-05-15T23:00,6.1,6.4,0.0,0.0,4.31,5.31,96,97
2026-05-16T00:00,5.7,5.8,0.0,0.0,4.3,5.51,100,100
2026-05-16T01:00,5.4,5.5,0.0,0.0,5.35,6.06,99,100
2026-05-16T02:00,5.1,5.2,0.0,0.0,5.52,5.82,96,100
2026-05-16T03:00,5.0,5.1,0.0,0.0,4.93,5.76,100,93
2026-05-16T04:00,4.7,5.1,2.0,2.0,5.25,5.63,97,94
2026-05-16T05:00,4.9,5.6,46.0,43.0,5.54,5.96,100,96
2026-05-16T06:00,5.8,6.5,124.0,141.0,5.52,5.27,90,94
2026-05-16T07:00,7.0,7.7,249.0,237.0,5.9,5.41,82,94
2026-05-16T08:00,8.2,8.9,420.0,391.0,4.67,5.06,80,89
2026-05-16T09:00,9.2,9.8,452.0,461.0,4.51,5.82,84,86
2026-05-16T10:00,7.8,10.6,385.0,568.0,4.06,5.36,86,84
2026-05-16T11:00,10.8,11.0,704.0,673.0,3.99,4.84,8,80
2026-05-16T12:00,10.8,11.6,518.0,675.0,5.23,3.78,100,80
2026-05-16T13:00,8.8,12.2,183.0,554.0,1.8,4.16,100,82
2026-05-16T14:00,8.0,12.6,468.0,630.0,8.8,4.65,98,83
2026-05-16T15:00,10.6,12.3,323.0,418.0,1.46,4.95,87,87
2026-05-16T16:00,8.2,11.7,144.0,305.0,6.14,5.6,100,85
2026-05-16T17:00,9.0,11.2,125.0,173.0,2.45,5.47,74,86
2026-05-16T18:00,8.3,10.1,71.0,107.0,3.65,4.8,82,54
2026-05-16T19:00,7.1,8.3,16.0,17.0,3.67,5.42,86,75
2026-05-16T20:00,6.1,7.3,0.0,0.0,4.32,6.49,60,72
2026-05-16T21:00,5.3,6.5,0.0,0.0,5.68,6.97,0,65
2026-05-16T22:00,4.8,5.6,0.0,0.0,5.76,6.61,8,0
2026-05-16T23:00,4.2,5.0,0.0,0.0,5.09,6.11,30,0
2026-05-17T00:00,3.6,4.3,0.0,0.0,4.7,5.46,18,0
2026-05-17T01:00,3.2,3.7,0.0,0.0,4.16,4.82,45,2
2026-05-17T02:00,2.9,3.2,0.0,0.0,4.06,4.65,48,0
2026-05-17T03:00,2.7,2.8,0.0,0.0,3.7,4.49,71,0
2026-05-17T04:00,2.7,2.6,3.0,4.0,4.23,4.38,0,0
2026-05-17T05:00,3.8,3.6,77.0,78.0,3.47,4.19,0,0
2026-05-17T06:00,5.9,6.8,217.0,228.0,3.26,5.3,10,0
2026-05-17T07:00,7.9,9.4,397.0,402.0,2.29,3.2,0,0
2026-05-17T08:00,9.9,11.1,566.0,531.0,2.09,4.4,24,52
2026-05-17T09:00,11.5,12.5,691.0,603.0,1.43,3.37,45,67
2026-05-17T10:00,12.5,13.4,693.0,612.0,1.19,3.73,64,79
2026-05-17T11:00,13.3,14.1,781.0,621.0,1.55,3.9,100,99
2026-05-17T12:00,14.0,15.3,695.0,677.0,2.56,2.55,100,51
2026-05-17T13:00,14.7,15.4,738.0,571.0,1.33,2.79,100,100
2026-05-17T14:00,14.6,15.7,574.0,457.0,1.87,3.04,82,100
2026-05-17T15:00,15.2,15.2,528.0,305.0,1.28,2.94,90,97
2026-05-17T16:00,14.4,15.0,259.0,398.0,2.36,2.22,92,93
2026-05-17T17:00,13.6,14.5,186.0,240.0,2.37,2.11,6,67
2026-05-17T18:00,12.7,14.3,96.0,98.0,2.02,2.12,99,97
2026-05-17T19:00,11.1,12.0,18.0,17.0,1.06,3.53,8,78
2026-05-17T20:00,10.0,11.1,0.0,0.0,1.96,3.61,68,75
2026-05-17T21:00,9.1,10.8,0.0,0.0,2.28,2.97,30,71
2026-05-17T22:00,8.3,10.4,0.0,0.0,2.91,2.77,56,72
2026-05-17T23:00,8.0,9.9,0.0,0.0,2.3,3.0,9,68
2026-05-18T00:00,7.1,9.3,0.0,0.0,3.05,3.32,9,60
2026-05-18T01:00,6.3,8.6,0.0,0.0,2.61,3.26,21,40
2026-05-18T02:00,5.9,8.0,0.0,0.0,2.36,3.02,62,75
2026-05-18T03:00,5.0,7.5,0.0,0.0,1.92,2.59,61,69
2026-05-18T04:00,4.7,6.9,4.0,3.0,2.14,2.48,49,55
2026-05-18T05:00,5.5,7.4,77.0,65.0,2.39,2.65,62,81
2026-05-18T06:00,8.2,9.2,191.0,176.0,2.58,3.32,100,75
2026-05-18T07:00,11.1,11.8,368.0,345.0,1.86,2.32,100,49
2026-05-18T08:00,13.3,14.2,535.0,499.0,1.47,0.79,91,82
2026-05-18T09:00,14.8,15.6,585.0,523.0,2.07,1.12,100,96
2026-05-18T10:00,16.2,16.0,664.0,571.0,2.65,1.77,100,100
2026-05-18T11:00,16.0,16.8,472.0,549.0,4.35,2.33,100,100
2026-05-18T12:00,15.6,17.9,426.0,628.0,6.76,1.57,95,100
2026-05-18T13:00,16.1,17.6,556.0,615.0,5.11,2.14,94,100
2026-05-18T14:00,15.8,17.3,493.0,474.0,5.5,3.38,100,99
2026-05-18T15:00,16.7,16.1,445.0,379.0,4.51,5.4,99,93
2026-05-18T16:00,16.2,15.3,302.0,268.0,4.21,5.11,100,96
2026-05-18T17:00,14.0,14.5,145.0,140.0,7.16,5.2,100,100
2026-05-18T18:00,14.8,14.2,88.0,71.0,4.57,5.33,97,100
2026-05-18T19:00,12.2,12.5,18.0,11.0,4.69,5.9,100,99
2026-05-18T20:00,11.0,11.5,0.0,0.0,4.64,6.37,100,100
2026-05-18T21:00,10.5,10.6,0.0,0.0,5.14,6.09,100,100
2026-05-18T22:00,10.1,10.1,0.0,0.0,3.14,5.33,100,100
2026-05-18T23:00,9.9,9.8,0.0,0.0,3.33,4.97,100,100
2026-05-19T00:00,9.4,9.4,0.0,0.0,4.49,5.69,94,100
2026-05-19T01:00,8.8,9.1,0.0,0.0,4.43,4.52,100,100
2026-05-19T02:00,8.5,8.7,0.0,0.0,4.16,4.33,98,100
2026-05-19T03:00,7.6,8.4,0.0,0.0,3.72,4.34,84,94
2026-05-19T04:00,6.9,8.1,4.0,3.0,4.04,3.54,15,100
2026-05-19T05:00,7.5,8.5,79.0,43.0,3.75,3.59,8,99
2026-05-19T06:00,9.2,9.5,215.0,131.0,2.39,2.45,51,88
2026-05-19T07:00,10.8,10.8,386.0,271.0,2.02,1.41,27,87
2026-05-19T08:00,12.4,11.9,552.0,325.0,1.74,1.46,61,83
2026-05-19T09:00,14.1,13.0,569.0,386.0,1.4,1.86,82,96
2026-05-19T10:00,15.1,14.1,588.0,463.0,2.01,1.69,55,84
2026-05-19T11:00,16.2,14.8,559.0,494.0,2.08,1.58,41,84
2026-05-19T12:00,16.7,16.2,590.0,516.0,3.04,1.15,89,93
2026-05-19T13:00,17.5,16.5,630.0,422.0,2.49,0.93,100,100
2026-05-19T14:00,18.2,16.9,499.0,490.0,2.84,0.66,94,100
2026-05-19T15:00,18.2,17.2,447.0,432.0,3.15,0.83,95,88
2026-05-19T16:00,17.7,17.4,328.0,355.0,2.15,1.14,100,68
2026-05-19T17:00,17.0,17.1,167.0,260.0,3.15,1.36,100,47
2026-05-19T18:00,15.7,16.8,65.0,81.0,6.55,2.17,100,100
2026-05-19T19:00,14.3,15.5,10.0,11.0,6.24,4.42,100,100
2026-05-19T20:00,13.3,14.5,0.0,0.0,6.37,5.69,98,100
2026-05-19T21:00,12.3,12.9,0.0,0.0,2.34,7.72,99,100
2026-05-19T22:00,11.7,11.7,0.0,0.0,1.68,5.82,99,99
2026-05-19T23:00,11.4,10.8,0.0,0.0,2.19,3.55,93,100
2026-05-20T00:00,10.8,10.3,0.0,0.0,4.06,2.83,100,97
2026-05-20T01:00,10.7,10.0,0.0,0.0,4.95,3.96,100,100
2026-05-20T02:00,10.6,9.8,0.0,0.0,5.16,4.84,100,100
2026-05-20T03:00,10.7,9.6,0.0,0.0,5.53,5.22,100,100
2026-05-20T04:00,10.3,9.6,2.0,2.0,4.25,5.96,100,100
2026-05-20T05:00,10.5,10.3,22.0,26.0,4.55,6.44,99,98
2026-05-20T06:00,11.2,10.4,73.0,56.0,4.59,6.09,100,94
2026-05-20T07:00,12.4,11.5,160.0,111.0,4.32,4.78,99,100
2026-05-20T08:00,13.9,11.8,311.0,136.0,7.01,5.08,97,97
2026-05-20T09:00,15.7,14.2,461.0,278.0,6.8,6.28,78,95
2026-05-20T10:00,16.7,16.0,611.0,479.0,5.77,5.8,92,85
2026-05-20T11:00,15.9,16.1,259.0,464.0,5.82,6.96,100,96
2026-05-20T12:00,16.1,15.4,243.0,358.0,5.15,4.81,93,94
2026-05-20T13:00,14.0,16.3,211.0,438.0,3.6,4.73,100,92
2026-05-20T14:00,16.0,16.3,422.0,422.0,2.58,5.76,100,97
2026-05-20T15:00,13.4,16.0,153.0,314.0,1.66,4.02,99,87
2026-05-20T16:00,13.8,15.2,102.0,238.0,0.57,4.25,100,71
2026-05-20T17:00,14.5,15.2,173.0,180.0,1.18,4.12,100,95
2026-05-20T18:00,14.9,14.0,80.0,55.0,3.72,4.46,96,73
2026-05-20T19:00,13.7,12.9,11.0,15.0,4.71,5.04,35,84
2026-05-20T20:00,12.6,12.5,0.0,0.0,5.0,5.67,64,85
2026-05-20T21:00,12.1,12.2,0.0,0.0,3.76,6.88,64,92
2026-05-20T22:00,11.6,11.9,0.0,0.0,4.11,7.24,47,81
2026-05-20T23:00,11.2,11.4,0.0,0.0,4.61,7.19,71,69
2026-05-21T00:00,11.3,11.3,0.0,0.0,4.52,6.45,65,73
2026-05-21T01:00,10.8,11.0,0.0,0.0,5.03,6.94,80,87
2026-05-21T02:00,10.4,10.7,0.0,0.0,4.57,7.11,67,86
2026-05-21T03:00,10.7,10.4,0.0,0.0,4.9,6.99,85,83
2026-05-21T04:00,10.5,10.3,4.0,3.0,4.44,6.61,93,83
2026-05-21T05:00,11.1,11.2,49.0,43.0,3.82,6.51,100,78
2026-05-21T06:00,12.1,12.7,115.0,168.0,3.23,6.02,76,89
2026-05-21T07:00,14.0,14.7,324.0,323.0,2.52,3.28,43,72
2026-05-21T08:00,15.2,15.9,475.0,425.0,3.04,4.77,90,80
2026-05-21T09:00,16.3,16.5,514.0,472.0,3.58,4.6,82,75
2026-05-21T10:00,17.5,18.1,611.0,609.0,2.95,3.81,100,71
2026-05-21T11:00,17.7,18.8,495.0,596.0,2.1,4.32,92,69
2026-05-21T12:00,18.1,19.5,405.0,627.0,2.86,4.59,93,77
2026-05-21T13:00,17.8,20.3,316.0,633.0,3.02,4.02,73,73
2026-05-21T14:00,19.1,20.3,526.0,522.0,2.84,3.92,88,90
2026-05-21T15:00,19.0,20.4,596.0,460.0,0.5,3.64,91,100
2026-05-21T16:00,19.1,19.9,438.0,313.0,0.71,3.83,100,100
2026-05-21T17:00,18.7,19.4,249.0,203.0,0.6,3.45,98,100
2026-05-21T18:00,17.3,18.7,114.0,126.0,2.26,3.35,100,15
2026-05-21T19:00,15.8,16.4,22.0,22.0,2.37,3.2,100,12
2026-05-21T20:00,14.3,15.1,0.0,0.0,2.98,2.5,14,1
2026-05-21T21:00,13.3,13.9,0.0,0.0,3.8,2.23,9,0
2026-05-21T22:00,12.7,12.9,0.0,0.0,3.75,2.09,9,0
2026-05-21T23:00,12.1,12.0,0.0,0.0,3.67,2.06,11,0
2026-05-22T00:00,11.8,11.3,0.0,0.0,3.63,2.07,52,12
2026-05-22T01:00,11.3,10.7,0.0,0.0,3.02,2.33,1,9
2026-05-22T02:00,10.9,10.4,0.0,0.0,3.17,2.85,14,3
2026-05-22T03:00,10.9,10.2,0.0,0.0,4.16,3.27,0,0
2026-05-22T04:00,10.6,10.2,6.0,6.0,4.62,3.72,0,0
2026-05-22T05:00,11.3,11.2,82.0,82.0,4.41,3.84,0,0
2026-05-22T06:00,13.4,13.9,224.0,225.0,4.53,3.82,2,1
2026-05-22T07:00,15.4,16.4,390.0,391.0,2.84,2.0,3,7
2026-05-22T08:00,17.4,18.4,554.0,553.0,3.72,2.55,0,1
2026-05-22T09:00,19.1,19.9,692.0,695.0,3.92,3.43,4,11
2026-05-22T10:00,20.5,21.1,797.0,797.0,4.03,3.74,9,13
2026-05-22T11:00,21.7,22.0,856.0,852.0,4.12,3.87,3,6
2026-05-22T12:00,22.9,22.3,871.0,866.0,4.12,3.73,0,18
2026-05-22T13:00,23.4,22.9,833.0,828.0,3.94,3.9,0,23
2026-05-22T14:00,23.7,23.1,742.0,743.0,4.02,4.02,42,21
2026-05-22T15:00,23.8,23.0,619.0,618.0,4.46,4.19,0,14
2026-05-22T16:00,23.3,22.7,467.0,462.0,4.37,4.38,0,20
2026-05-22T17:00,22.4,22.1,279.0,297.0,4.68,4.62,13,6
2026-05-22T18:00,21.5,21.8,129.0,135.0,4.7,4.91,96,45
2026-05-22T19:00,18.9,19.2,24.0,23.0,5.06,5.4,42,91
2026-05-22T20:00,17.2,17.6,0.0,0.0,4.78,5.24,0,86
2026-05-22T21:00,15.6,16.3,0.0,0.0,4.54,5.13,0,0
2026-05-22T22:00,14.8,15.7,0.0,0.0,4.4,4.8,0,0
2026-05-22T23:00,14.2,15.4,0.0,0.0,4.13,4.59,0,0
2026-05-23T00:00,13.5,15.0,0.0,0.0,4.28,4.63,0,0
2026-05-23T01:00,13.2,14.7,0.0,0.0,3.94,4.8,0,0
2026-05-23T02:00,12.9,14.4,0.0,0.0,4.12,5.0,0,0
2026-05-23T03:00,12.2,14.1,0.0,0.0,3.92,5.01,0,0
2026-05-23T04:00,11.9,13.7,6.0,7.0,3.83,5.45,0,0
2026-05-23T05:00,12.8,13.9,83.0,85.0,4.02,5.5,0,0
2026-05-23T06:00,16.0,16.2,223.0,225.0,4.32,4.61,0,0
2026-05-23T07:00,17.7,18.2,387.0,389.0,3.06,2.86,0,0
2026-05-23T08:00,19.9,19.8,549.0,553.0,3.45,2.95,0,0
2026-05-23T09:00,22.3,21.6,691.0,694.0,3.83,3.25,0,0
2026-05-23T10:00,23.8,23.2,797.0,799.0,4.61,4.02,0,0
2026-05-23T11:00,24.9,24.3,857.0,859.0,4.21,4.03,0,0
2026-05-23T12:00,25.6,25.0,869.0,870.0,4.31,3.31,0,0
2026-05-23T13:00,26.2,25.5,830.0,831.0,3.73,2.98,0,4
2026-05-23T14:00,26.6,25.7,744.0,745.0,3.52,2.99,0,6
2026-05-23T15:00,26.6,25.7,622.0,619.0,3.92,2.91,0,9
2026-05-23T16:00,26.1,25.4,469.0,466.0,3.66,2.88,0,0
2026-05-23T17:00,25.4,24.8,303.0,297.0,3.79,2.86,0,22
2026-05-23T18:00,24.0,24.2,143.0,140.0,3.46,3.14,0,0
2026-05-23T19:00,21.1,21.7,27.0,26.0,3.53,3.51,0,0
2026-05-23T20:00,19.7,20.4,0.0,0.0,3.51,3.34,0,0
2026-05-23T21:00,18.6,19.2,0.0,0.0,3.32,2.92,0,0
2026-05-23T22:00,17.4,18.2,0.0,0.0,2.26,2.81,61,0
2026-05-23T23:00,16.3,17.4,0.0,0.0,1.84,2.23,42,0
2026-05-24T00:00,15.2,15.1,0.0,0.0,1.77,1.31,100,8
2026-05-24T01:00,14.8,14.0,0.0,0.0,1.4,0.69,15,75
2026-05-24T02:00,13.8,13.3,0.0,0.0,1.08,0.22,0,64
2026-05-24T03:00,12.7,12.8,0.0,0.0,1.02,1.0,0,2
2026-05-24T04:00,12.7,12.5,7.0,7.0,0.9,1.18,0,0
2026-05-24T05:00,13.7,13.5,83.0,85.0,1.14,0.53,0,0
2026-05-24T06:00,16.9,17.3,224.0,220.0,1.61,1.58,0,4
2026-05-24T07:00,19.8,20.4,389.0,388.0,1.41,1.64,0,0
2026-05-24T08:00,22.5,23.0,552.0,551.0,0.81,0.93,1,3
2026-05-24T09:00,24.7,24.9,693.0,691.0,0.83,0.49,0,5
2026-05-24T10:00,26.6,26.3,799.0,795.0,1.12,0.71,0,17
2026-05-24T11:00,27.9,27.3,855.0,849.0,1.79,1.31,56,43
2026-05-24T12:00,28.1,28.0,850.0,845.0,2.6,1.29,52,35
2026-05-24T13:00,28.5,28.5,816.0,794.0,3.07,1.68,100,92
2026-05-24T14:00,28.5,28.8,735.0,721.0,3.64,2.16,0,55
2026-05-24T15:00,29.0,28.6,613.0,585.0,1.8,2.55,0,45
2026-05-24T16:00,28.5,28.3,449.0,427.0,3.54,2.55,100,85
2026-05-24T17:00,27.7,27.9,267.0,278.0,2.59,2.58,98,100
2026-05-24T18:00,26.6,27.2,138.0,109.0,4.72,5.0,100,100
2026-05-24T19:00,24.0,25.0,25.0,11.0,4.47,6.27,68,100
2026-05-24T20:00,22.2,23.2,0.0,0.0,7.48,5.67,44,100
2026-05-24T21:00,20.8,21.9,0.0,0.0,6.22,4.88,41,100
2026-05-24T22:00,19.7,20.5,0.0,0.0,4.96,5.06,21,99
2026-05-24T23:00,18.6,19.0,0.0,0.0,5.0,5.67,26,33
2026-05-25T00:00,17.7,18.6,0.0,0.0,5.55,5.96,100,52
2026-05-25T01:00,16.9,17.5,0.0,0.0,4.7,6.24,6,38
2026-05-25T02:00,16.2,16.5,0.0,0.0,3.82,5.66,1,32
2026-05-25T03:00,15.5,15.6,0.0,0.0,2.85,5.14,17,30
2026-05-25T04:00,14.9,15.0,7.0,7.0,2.91,4.59,5,3
2026-05-25T05:00,16.1,16.3,82.0,83.0,2.71,3.82,0,14
2026-05-25T06:00,18.7,19.1,222.0,222.0,2.88,3.03,0,12
2026-05-25T07:00,20.4,21.0,384.0,385.0,2.18,2.3,0,1
2026-05-25T08:00,22.2,22.7,545.0,546.0,1.8,1.96,0,1
2026-05-25T09:00,24.2,24.6,686.0,686.0,1.94,2.3,0,0
2026-05-25T10:00,25.8,26.1,791.0,793.0,2.15,2.31,7,0
2026-05-25T11:00,27.2,27.2,854.0,855.0,1.88,2.24,4,0
2026-05-25T12:00,28.0,28.1,861.0,847.0,2.0,1.9,12,37
2026-05-25T13:00,28.5,28.5,834.0,802.0,1.62,2.18,0,25
2026-05-25T14:00,28.7,28.7,736.0,721.0,4.04,2.35,7,28
2026-05-25T15:00,28.5,28.6,597.0,609.0,4.09,2.75,0,20
2026-05-25T16:00,27.8,28.0,473.0,468.0,3.07,3.05,0,10
2026-05-25T17:00,27.4,27.4,302.0,305.0,2.87,3.09,37,1
2026-05-25T18:00,25.5,26.3,147.0,146.0,3.73,3.33,0,0
2026-05-25T19:00,22.9,23.1,30.0,29.0,4.04,3.42,0,0
2026-05-25T20:00,21.8,21.2,0.0,0.0,3.53,3.6,0,0
2026-05-25T21:00,20.4,19.7,0.0,0.0,1.87,3.08,0,0
2026-05-25T22:00,19.2,18.3,0.0,0.0,1.23,2.55,0,0
2026-05-25T23:00,17.8,16.9,0.0,0.0,1.77,2.27,0,0
2026-05-26T00:00,16.4,15.2,0.0,0.0,1.33,2.46,0,0
2026-05-26T01:00,15.5,14.5,0.0,0.0,1.39,2.59,0,0
2026-05-26T02:00,14.8,13.8,0.0,0.0,1.11,2.1,0,0
2026-05-26T03:00,14.4,12.8,0.0,0.0,0.98,2.11,0,0
2026-05-26T04:00,13.9,12.2,8.0,8.0,1.06,2.05,0,0
2026-05-26T05:00,15.3,13.8,85.0,86.0,1.71,1.67,0,0
2026-05-26T06:00,18.1,17.9,228.0,228.0,2.04,1.33,0,0
2026-05-26T07:00,21.0,21.3,392.0,392.0,0.92,1.0,0,0
2026-05-26T08:00,23.0,23.9,556.0,556.0,1.4,0.63,0,0
2026-05-26T09:00,25.1,26.1,697.0,698.0,1.97,0.98,0,0
2026-05-26T10:00,27.1,27.9,802.0,804.0,1.89,1.49,0,0
2026-05-26T11:00,28.5,28.9,865.0,864.0,1.77,1.53,0,0
2026-05-26T12:00,29.2,29.1,877.0,873.0,1.36,1.12,0,19
2026-05-26T13:00,29.8,29.6,837.0,829.0,1.39,1.19,0,22
2026-05-26T14:00,29.8,29.8,757.0,745.0,2.65,1.28,0,12
2026-05-26T15:00,29.6,29.7,631.0,621.0,1.33,1.38,0,9
2026-05-26T16:00,29.1,29.3,478.0,469.0,2.77,1.57,0,3
2026-05-26T17:00,28.2,28.7,311.0,306.0,1.81,1.68,0,1
2026-05-26T18:00,27.1,27.2,151.0,144.0,1.0,0.63,0,11
2026-05-26T19:00,25.0,24.9,31.0,28.0,0.9,0.49,0,4
2026-05-26T20:00,23.1,22.4,0.0,0.0,0.55,0.81,0,1
2026-05-26T21:00,21.3,20.3,0.0,0.0,1.19,0.1,24,2
2026-05-26T22:00,20.1,19.0,0.0,0.0,1.86,1.2,41,0
2026-05-26T23:00,18.9,18.4,0.0,0.0,1.67,2.07,76,37
2026-05-27T00:00,17.4,18.2,0.0,0.0,2.78,3.55,53,78
2026-05-27T01:00,17.0,17.3,0.0,0.0,3.33,4.76,86,100
2026-05-27T02:00,16.8,17.6,0.0,0.0,2.45,7.06,58,100
2026-05-27T03:00,15.6,17.3,0.0,0.0,2.5,4.11,6,100
2026-05-27T04:00,15.0,16.7,8.0,4.0,2.33,1.02,6,61
2026-05-27T05:00,16.4,18.2,85.0,71.0,2.35,4.08,0,51
2026-05-27T06:00,19.6,19.5,218.0,202.0,3.02,1.49,0,52
2026-05-27T07:00,22.3,22.4,393.0,354.0,2.31,3.43,4,19
2026-05-27T08:00,24.4,25.1,524.0,545.0,2.48,2.41,36,40
2026-05-27T09:00,26.5,26.8,653.0,663.0,3.2,3.46,43,55
2026-05-27T10:00,27.9,27.7,776.0,730.0,3.51,4.37,30,41
2026-05-27T11:00,28.3,27.8,732.0,681.0,4.37,5.97,67,87
2026-05-27T12:00,29.2,28.7,820.0,658.0,5.55,6.34,93,81
2026-05-27T13:00,29.0,29.1,723.0,701.0,6.37,6.95,28,72
2026-05-27T14:00,29.3,29.5,704.0,731.0,7.45,6.38,0,29
2026-05-27T15:00,28.5,28.7,592.0,596.0,8.68,7.42,28,35
2026-05-27T16:00,28.3,28.3,479.0,456.0,5.89,5.66,0,67
2026-05-27T17:00,27.1,27.7,312.0,219.0,6.83,6.37,0,47
2026-05-27T18:00,25.6,26.5,155.0,139.0,8.04,7.23,9,46
2026-05-27T19:00,22.6,23.6,32.0,25.0,8.68,8.49,0,43
2026-05-27T20:00,20.2,21.4,0.0,0.0,8.13,9.37,4,33
2026-05-27T21:00,18.3,20.0,0.0,0.0,7.75,8.82,0,29
2026-05-27T22:00,16.6,18.1,0.0,0.0,6.1,7.42,20,0
2026-05-27T23:00,15.8,16.2,0.0,0.0,6.75,6.35,0,0
2026-05-28T00:00,14.4,14.6,0.0,0.0,4.86,5.74,0,49
2026-05-28T01:00,13.7,13.7,0.0,0.0,3.13,5.16,0,21
2026-05-28T02:00,12.6,12.5,0.0,0.0,3.54,4.92,0,0
2026-05-28T03:00,12.2,11.7,0.0,0.0,4.35,4.78,0,0
2026-05-28T04:00,12.2,11.2,8.0,9.0,4.17,4.47,0,0
2026-05-28T05:00,13.3,12.9,89.0,90.0,3.76,4.06,0,0
2026-05-28T06:00,15.2,15.7,234.0,232.0,2.51,3.02,0,0
2026-05-28T07:00,17.0,17.6,401.0,400.0,2.15,2.07,4,0
2026-05-28T08:00,18.8,19.6,565.0,564.0,1.45,2.08,0,0
2026-05-28T09:00,20.9,21.5,706.0,707.0,1.32,2.02,0,0
2026-05-28T10:00,22.4,23.1,813.0,813.0,1.15,1.93,0,0
2026-05-28T11:00,23.6,24.3,874.0,874.0,1.71,2.16,0,0
2026-05-28T12:00,24.0,24.3,887.0,889.0,1.95,2.08,0,0
2026-05-28T13:00,24.6,24.9,850.0,849.0,2.54,2.55,0,0
2026-05-28T14:00,25.1,25.1,767.0,763.0,2.36,2.95,0,0
2026-05-28T15:00,24.9,25.0,640.0,639.0,3.5,3.25,4,0
2026-05-28T16:00,24.2,24.6,489.0,484.0,3.28,3.33,5,0
2026-05-28T17:00,23.6,24.0,322.0,317.0,3.87,3.63,0,0
2026-05-28T18:00,22.2,22.5,158.0,126.0,4.13,4.94,0,100
2026-05-28T19:00,19.6,19.7,34.0,30.0,4.37,4.9,100,100
2026-05-28T20:00,18.0,17.8,0.0,0.0,5.61,4.5,0,100
2026-05-28T21:00,17.1,16.3,0.0,0.0,5.06,5.06,0,18
2026-05-28T22:00,16.1,15.2,0.0,0.0,4.85,5.44,0,5
2026-05-28T23:00,15.0,14.2,0.0,0.0,5.19,5.98,0,0
2026-05-29T00:00,14.1,13.9,0.0,0.0,4.09,4.59,0,1
2026-05-29T01:00,12.9,12.7,0.0,0.0,4.09,3.68,0,0
2026-05-29T02:00,12.3,11.4,0.0,0.0,2.71,3.05,0,32
2026-05-29T03:00,11.0,10.3,0.0,0.0,1.92,2.91,0,84
2026-05-29T04:00,10.3,9.7,9.0,10.0,1.67,2.61,42,67
2026-05-29T05:00,11.5,11.2,92.0,93.0,1.36,2.02,1,52
2026-05-29T06:00,14.8,15.1,241.0,243.0,1.31,2.07,2,2
2026-05-29T07:00,17.5,18.0,408.0,412.0,0.4,0.88,0,4
2026-05-29T08:00,19.7,20.1,573.0,579.0,0.2,0.84,0,0
2026-05-29T09:00,22.0,22.4,718.0,722.0,0.4,1.43,0,0
2026-05-29T10:00,23.7,24.0,826.0,829.0,0.97,1.29,0,0
2026-05-29T11:00,25.0,25.1,887.0,891.0,1.25,1.01,0,0
2026-05-29T12:00,25.9,25.7,901.0,904.0,1.63,1.1,0,0
2026-05-29T13:00,26.5,26.4,866.0,865.0,1.85,1.69,0,0
2026-05-29T14:00,26.7,26.8,777.0,780.0,1.89,2.07,0,0
2026-05-29T15:00,27.0,26.8,652.0,654.0,2.59,2.37,0,0
2026-05-29T16:00,26.3,26.3,497.0,498.0,2.94,2.21,0,0
2026-05-29T17:00,25.8,25.7,323.0,326.0,1.57,2.14,36,0
2026-05-29T18:00,24.4,24.2,159.0,159.0,0.49,1.57,0,0
2026-05-29T19:00,22.1,22.0,36.0,35.0,0.75,0.98,0,0
2026-05-29T20:00,20.7,19.6,0.0,0.0,0.89,0.35,0,0
2026-05-29T21:00,18.7,17.4,0.0,0.0,0.57,0.1,0,0
2026-05-29T22:00,17.0,16.0,0.0,0.0,1.12,0.22,44,12
2026-05-29T23:00,15.3,14.9,0.0,0.0,1.02,0.57,100,0
2026-05-30T00:00,14.6,13.8,0.0,0.0,1.18,1.9,100,18
2026-05-30T01:00,13.8,12.2,0.0,0.0,1.58,2.37,100,15
2026-05-30T02:00,12.4,11.3,0.0,0.0,2.15,3.23,100,48
2026-05-30T03:00,10.2,10.5,0.0,0.0,2.28,3.95,98,99
2026-05-30T04:00,10.2,10.5,9.0,9.0,2.33,4.19,100,98
2026-05-30T05:00,11.8,12.2,68.0,80.0,2.41,4.27,100,100
2026-05-30T06:00,15.7,16.0,199.0,178.0,2.64,3.59,76,100
2026-05-30T07:00,18.8,18.8,344.0,291.0,4.7,3.64,100,79
2026-05-30T08:00,22.0,21.4,486.0,371.0,2.31,1.48,83,96
2026-05-30T09:00,23.8,23.9,495.0,570.0,3.24,0.5,100,95
2026-05-30T10:00,25.4,26.1,506.0,683.0,2.98,1.18,100,65
2026-05-30T11:00,27.0,27.3,687.0,701.0,3.35,2.26,100,60
2026-05-30T12:00,28.2,25.2,767.0,494.0,3.82,5.05,100,81
2026-05-30T13:00,28.6,27.1,771.0,701.0,5.45,6.81,31,100
2026-05-30T14:00,28.3,25.8,680.0,497.0,4.23,9.43,40,100
2026-05-30T15:00,28.1,25.5,510.0,418.0,6.82,5.4,73,100
2026-05-30T16:00,25.8,25.4,268.0,312.0,2.89,4.65,56,100
2026-05-30T17:00,26.5,23.7,252.0,188.0,4.37,4.77,54,100
2026-05-30T18:00,23.7,24.4,130.0,93.0,2.64,3.02,43,100
2026-05-30T19:00,21.9,22.5,34.0,24.0,2.04,2.42,22,100
2026-05-30T20:00,19.6,21.0,0.0,0.0,0.39,2.47,100,100
2026-05-30T21:00,19.6,20.0,0.0,0.0,0.83,2.86,100,98
2026-05-30T22:00,18.4,18.6,0.0,0.0,2.18,2.85,100,67
2026-05-30T23:00,17.6,17.3,0.0,0.0,6.21,3.34,100,65
2026-05-31T00:00,15.6,16.7,0.0,0.0,2.91,4.57,100,73
2026-05-31T01:00,15.5,15.8,0.0,0.0,5.19,4.08,100,73
2026-05-31T02:00,14.9,15.4,0.0,0.0,5.35,3.45,56,78
2026-05-31T03:00,13.8,14.9,0.0,0.0,4.43,3.31,52,90
2026-05-31T04:00,14.2,14.8,8.0,7.0,4.92,3.08,100,79
2026-05-31T05:00,16.1,16.2,81.0,71.0,4.35,3.55,58,79
2026-05-31T06:00,18.6,18.4,223.0,217.0,5.06,5.7,79,23
2026-05-31T07:00,21.5,22.2,378.0,386.0,4.25,5.25,100,100
2026-05-31T08:00,24.5,24.6,527.0,478.0,3.78,4.09,100,100
2026-05-31T09:00,25.8,24.2,619.0,363.0,2.75,1.21,85,100
2026-05-31T10:00,26.5,26.7,539.0,624.0,1.96,3.19,100,67
2026-05-31T11:00,28.7,28.7,790.0,772.0,4.41,3.93,56,89
2026-05-31T12:00,23.7,27.9,519.0,669.0,11.83,4.74,100,100
2026-05-31T13:00,24.8,24.9,430.0,559.0,6.14,5.53,100,99
2026-05-31T14:00,19.3,26.2,353.0,517.0,10.61,6.18,100,100
2026-05-31T15:00,18.2,22.6,341.0,323.0,17.09,7.32,100,100
2026-05-31T16:00,17.1,23.8,62.0,220.0,6.96,5.28,100,100
2026-05-31T17:00,17.7,21.5,85.0,118.0,10.65,6.52,100,100
2026-05-31T18:00,18.2,19.1,56.0,87.0,7.97,6.72,100,100
2026-05-31T19:00,17.1,17.5,11.0,23.0,4.74,9.95,100,100
2026-05-31T20:00,16.6,17.1,0.0,0.0,2.58,8.9,100,100
2026-05-31T21:00,17.0,16.3,0.0,0.0,8.12,7.6,100,100
2026-05-31T22:00,16.6,16.1,0.0,0.0,8.03,6.69,100,100
2026-05-31T23:00,16.3,15.6,0.0,0.0,8.01,7.97,100,100
2026-06-01T00:00,15.9,15.3,0.0,0.0,8.34,3.03,100,98
2026-06-01T01:00,15.0,15.0,0.0,0.0,7.58,6.27,100,100
2026-06-01T02:00,14.0,13.7,0.0,0.0,7.09,6.86,64,97
2026-06-01T03:00,13.7,13.4,0.0,0.0,7.72,7.75,89,99
2026-06-01T04:00,13.4,13.8,7.0,4.0,7.26,7.4,94,98
2026-06-01T05:00,13.8,13.8,72.0,42.0,7.3,7.18,83,92
2026-06-01T06:00,13.7,14.9,91.0,116.0,7.86,5.09,100,85
2026-06-01T07:00,15.1,15.6,199.0,198.0,8.09,5.21,93,91
2026-06-01T08:00,16.0,16.6,282.0,333.0,7.41,5.22,98,79
2026-06-01T09:00,17.7,17.7,478.0,451.0,6.8,6.6,81,77
2026-06-01T10:00,18.8,19.5,595.0,673.0,6.91,5.84,75,65
2026-06-01T11:00,19.9,20.6,636.0,701.0,5.79,5.94,72,70
2026-06-01T12:00,21.2,20.9,750.0,691.0,4.4,5.69,61,70
2026-06-01T13:00,21.5,21.5,561.0,674.0,4.76,6.94,57,68
2026-06-01T14:00,21.8,22.0,612.0,631.0,4.13,5.55,54,62
2026-06-01T15:00,21.6,22.0,472.0,560.0,5.16,5.39,40,96
2026-06-01T16:00,21.7,21.7,464.0,464.0,4.1,4.78,5,74
2026-06-01T17:00,20.6,21.2,264.0,285.0,4.52,4.62,100,98
2026-06-01T18:00,19.6,20.4,113.0,136.0,2.7,2.29,94,95
2026-06-01T19:00,17.8,18.7,34.0,34.0,1.85,2.02,25,100
2026-06-01T20:00,16.4,17.2,0.0,0.0,0.89,2.94,89,100
2026-06-01T21:00,15.5,16.0,0.0,0.0,0.5,3.73,71,93
2026-06-01T22:00,14.5,15.1,0.0,0.0,1.48,4.09,97,94
2026-06-01T23:00,14.0,14.5,0.0,0.0,2.54,4.35,92,93
2026-06-02T00:00,13.6,12.9,0.0,0.0,2.5,5.0,84,84
2026-06-02T01:00,12.9,12.5,0.0,0.0,2.57,4.17,100,47
2026-06-02T02:00,12.5,11.9,0.0,0.0,3.04,3.92,100,100
2026-06-02T03:00,11.7,11.5,0.0,0.0,3.59,4.0,100,100
2026-06-02T04:00,11.9,11.3,10.0,10.0,4.26,3.89,100,100
2026-06-02T05:00,13.1,12.5,86.0,87.0,5.08,4.12,94,99
2026-06-02T06:00,15.1,15.0,203.0,216.0,3.64,4.16,100,91
2026-06-02T07:00,17.1,17.0,314.0,360.0,2.85,2.37,77,100
2026-06-02T08:00,18.8,18.9,463.0,477.0,2.51,2.4,95,100
2026-06-02T09:00,20.2,20.8,514.0,625.0,2.31,3.53,100,100
2026-06-02T10:00,21.2,22.6,568.0,738.0,1.84,3.31,100,100
2026-06-02T11:00,21.7,23.9,470.0,836.0,1.4,2.7,100,100
2026-06-02T12:00,22.6,24.4,399.0,476.0,2.37,2.56,100,100
2026-06-02T13:00,23.6,25.0,384.0,513.0,3.61,3.18,100,100
2026-06-02T14:00,24.0,25.5,462.0,530.0,2.7,3.51,100,100
2026-06-02T15:00,24.2,25.6,344.0,413.0,3.35,4.86,100,100
2026-06-02T16:00,23.1,24.1,233.0,246.0,7.2,6.86,100,100
2026-06-02T17:00,22.3,22.4,114.0,117.0,6.15,5.66,100,100
2026-06-02T18:00,17.4,18.8,42.0,77.0,6.28,8.65,100,100
2026-06-02T19:00,15.7,16.4,9.0,11.0,5.7,8.2,100,100
2026-06-02T20:00,13.6,15.6,0.0,0.0,8.34,8.86,100,99
2026-06-02T21:00,14.6,14.5,0.0,0.0,5.86,8.97,100,100
2026-06-02T22:00,14.4,14.1,0.0,0.0,4.52,9.08,100,100
2026-06-02T23:00,14.2,13.9,0.0,0.0,5.85,9.42,100,100
2026-06-03T00:00,14.0,13.5,0.0,0.0,7.84,8.81,100,100
2026-06-03T01:00,14.1,13.5,0.0,0.0,6.9,8.58,100,100
2026-06-03T02:00,13.9,13.2,0.0,0.0,8.34,8.13,100,100
2026-06-03T03:00,13.1,12.9,0.0,0.0,7.64,7.85,100,100
2026-06-03T04:00,12.6,12.6,7.0,4.0,7.67,8.25,100,100
2026-06-03T05:00,12.6,12.6,63.0,39.0,7.17,7.59,100,100
2026-06-03T06:00,13.4,12.8,138.0,90.0,6.06,7.53,100,100
2026-06-03T07:00,14.1,13.8,207.0,227.0,6.78,7.85,98,99
2026-06-03T08:00,14.5,14.8,242.0,404.0,6.67,6.76,100,91
2026-06-03T09:00,16.5,15.8,509.0,472.0,6.99,6.7,90,71
2026-06-03T10:00,13.7,16.8,415.0,591.0,6.05,7.17,97,94
2026-06-03T11:00,17.1,16.7,547.0,501.0,7.86,6.69,100,81
2026-06-03T12:00,16.4,17.4,561.0,524.0,7.23,6.67,92,81
2026-06-03T13:00,18.4,17.7,550.0,608.0,5.82,6.85,87,55
2026-06-03T14:00,17.7,17.3,433.0,557.0,7.39,8.19,2,100
2026-06-03T15:00,17.6,17.1,322.0,420.0,4.83,7.09,95,54
2026-06-03T16:00,17.9,16.7,338.0,352.0,7.9,7.67,39,67
2026-06-03T17:00,17.7,15.9,310.0,244.0,6.4,8.06,12,59
2026-06-03T18:00,16.2,16.0,134.0,137.0,4.22,7.65,8,98
2026-06-03T19:00,14.8,14.9,40.0,32.0,3.4,7.18,29,89
2026-06-03T20:00,13.4,14.4,0.0,0.0,4.71,7.28,87,90
2026-06-03T21:00,12.6,14.1,0.0,0.0,5.42,7.67,19,100
2026-06-03T22:00,11.9,13.4,0.0,0.0,5.96,8.94,0,100
2026-06-03T23:00,11.5,13.5,0.0,0.0,6.84,8.65,7,93
2026-06-04T00:00,11.2,13.3,0.0,0.0,6.81,7.67,100,79
2026-06-04T01:00,11.3,12.8,0.0,0.0,6.61,7.22,72,84
2026-06-04T02:00,11.2,12.9,0.0,0.0,6.84,8.45,64,96
2026-06-04T03:00,10.6,13.1,0.0,0.0,6.62,8.68,100,98
2026-06-04T04:00,10.9,12.8,7.0,8.0,6.42,7.93,100,75
2026-06-04T05:00,12.1,13.7,59.0,64.0,5.83,7.02,95,71
2026-06-04T06:00,13.2,14.7,114.0,109.0,5.35,6.39,73,88
2026-06-04T07:00,15.2,17.3,285.0,253.0,4.65,4.95,100,89
2026-06-04T08:00,16.9,19.7,351.0,463.0,3.97,3.69,100,93
2026-06-04T09:00,19.3,20.6,579.0,466.0,3.33,2.7,100,100
2026-06-04T10:00,20.1,21.9,556.0,582.0,3.23,1.87,100,95
2026-06-04T11:00,21.9,22.4,595.0,604.0,1.94,3.95,100,100
2026-06-04T12:00,22.1,23.8,580.0,717.0,5.17,2.17,100,93
2026-06-04T13:00,22.6,19.5,679.0,309.0,5.49,8.47,100,100
2026-06-04T14:00,22.7,17.4,534.0,251.0,5.2,6.94,100,100
2026-06-04T15:00,21.9,15.7,345.0,78.0,6.18,6.04,100,100
2026-06-04T16:00,18.1,15.2,109.0,51.0,8.72,7.35,100,100
2026-06-04T17:00,16.0,14.8,51.0,41.0,7.51,8.15,100,100
2026-06-04T18:00,15.9,13.6,25.0,35.0,7.92,7.37,100,100
2026-06-04T19:00,14.5,13.5,10.0,8.0,6.29,8.83,100,100
2026-06-04T20:00,14.2,12.9,0.0,0.0,6.85,8.04,99,100
2026-06-04T21:00,13.5,12.6,0.0,0.0,6.35,6.59,100,100
2026-06-04T22:00,13.2,12.2,0.0,0.0,6.04,7.41,100,100
2026-06-04T23:00,13.1,12.0,0.0,0.0,7.55,8.19,100,100
2026-06-05T00:00,12.7,11.5,0.0,0.0,6.66,7.64,100,100
2026-06-05T01:00,12.4,11.2,0.0,0.0,7.0,7.43,100,100
2026-06-05T02:00,12.0,10.8,0.0,0.0,7.56,8.31,100,100
2026-06-05T03:00,12.1,10.9,0.0,0.0,5.54,7.53,100,100
2026-06-05T04:00,11.9,10.7,3.0,6.0,5.2,7.49,100,100
2026-06-05T05:00,12.0,11.1,25.0,60.0,5.9,7.34,100,100
2026-06-05T06:00,12.4,11.1,73.0,66.0,6.24,6.24,100,100
2026-06-05T07:00,13.6,11.9,175.0,123.0,5.8,6.71,95,100
2026-06-05T08:00,14.8,14.4,347.0,306.0,4.21,5.11,95,75
2026-06-05T09:00,15.5,15.0,449.0,543.0,5.69,4.41,100,74
2026-06-05T10:00,17.1,16.0,587.0,599.0,4.31,4.23,75,81
2026-06-05T11:00,16.6,16.5,474.0,620.0,2.31,4.05,0,87
2026-06-05T12:00,18.0,17.4,640.0,672.0,2.67,4.42,100,72
2026-06-05T13:00,17.6,18.0,395.0,584.0,1.8,5.23,100,77
2026-06-05T14:00,16.7,18.2,206.0,549.0,0.75,4.55,100,81
2026-06-05T15:00,16.3,16.8,109.0,424.0,3.53,2.22,85,79
2026-06-05T16:00,17.7,17.0,355.0,412.0,3.03,3.1,78,76
2026-06-05T17:00,17.0,16.7,301.0,276.0,2.7,1.97,35,24
2026-06-05T18:00,16.4,16.8,141.0,165.0,2.05,1.59,30,16
2026-06-05T19:00,14.7,15.7,37.0,43.0,2.91,0.75,13,22
2026-06-05T20:00,13.7,14.0,0.0,0.0,1.5,0.66,69,26
2026-06-05T21:00,12.1,12.8,0.0,0.0,2.1,0.9,43,29
2026-06-05T22:00,11.5,11.9,0.0,0.0,2.95,0.71,46,28
2026-06-05T23:00,11.2,11.1,0.0,0.0,3.69,1.71,48,34
2026-06-06T00:00,10.9,10.5,0.0,0.0,4.65,4.71,6,0
2026-06-06T01:00,10.5,9.8,0.0,0.0,5.98,6.08,0,0
2026-06-06T02:00,10.2,9.4,0.0,0.0,6.67,5.42,0,7
2026-06-06T03:00,9.7,9.2,0.0,0.0,6.4,4.51,0,10
2026-06-06T04:00,9.7,9.2,12.0,12.0,3.92,5.39,0,6
2026-06-06T05:00,11.1,11.0,101.0,99.0,4.71,7.15,0,100
2026-06-06T06:00,12.8,13.3,243.0,224.0,3.67,4.52,14,100
2026-06-06T07:00,14.3,15.2,362.0,344.0,2.76,2.56,100,100
2026-06-06T08:00,15.5,16.2,420.0,346.0,2.97,3.04,100,100
2026-06-06T09:00,16.6,17.1,447.0,344.0,1.98,1.47,100,100
2026-06-06T10:00,17.8,17.8,469.0,346.0,1.33,1.77,100,100
2026-06-06T11:00,18.5,17.2,515.0,267.0,0.69,2.42,100,100
2026-06-06T12:00,19.3,17.7,511.0,273.0,1.5,3.23,100,98
2026-06-06T13:00,19.7,18.0,403.0,375.0,3.02,2.86,100,96
2026-06-06T14:00,20.0,18.3,391.0,341.0,4.21,3.59,94,85
2026-06-06T15:00,19.3,19.2,385.0,473.0,5.13,3.4,90,42
2026-06-06T16:00,18.9,19.5,213.0,424.0,5.59,4.16,100,73
2026-06-06T17:00,17.7,19.3,143.0,268.0,4.12,4.5,95,52
2026-06-06T18:00,17.7,18.3,64.0,111.0,3.85,4.65,84,67
2026-06-06T19:00,17.1,16.9,22.0,32.0,5.29,5.22,100,83
2026-06-06T20:00,15.8,15.7,0.0,0.0,4.7,6.2,78,99
2026-06-06T21:00,14.6,15.1,0.0,0.0,3.29,7.14,37,87
2026-06-06T22:00,14.0,14.4,0.0,0.0,2.16,7.83,100,68
2026-06-06T23:00,13.5,13.8,0.0,0.0,1.58,7.94,85,88
2026-06-07T00:00,12.4,13.5,0.0,0.0,2.36,6.22,75,58
2026-06-07T01:00,11.9,13.2,0.0,0.0,4.13,5.92,53,75
2026-06-07T02:00,12.0,12.8,0.0,0.0,4.61,5.7,52,72
2026-06-07T03:00,11.7,12.5,0.0,0.0,4.61,5.84,82,60
2026-06-07T04:00,11.7,12.5,11.0,9.0,4.39,6.51,100,97
2026-06-07T05:00,13.0,13.7,66.0,62.0,4.22,6.61,87,96
2026-06-07T06:00,14.6,14.6,136.0,137.0,3.31,4.42,98,100
2026-06-07T07:00,16.2,16.6,247.0,251.0,2.58,3.15,96,100
2026-06-07T08:00,17.6,17.9,458.0,429.0,2.71,3.35,100,100
2026-06-07T09:00,18.6,18.6,514.0,454.0,3.73,5.04,100,95
2026-06-07T10:00,19.0,19.5,404.0,581.0,3.31,6.0,91,88
2026-06-07T11:00,20.0,20.3,473.0,580.0,4.9,5.63,99,75
2026-06-07T12:00,20.8,21.4,605.0,718.0,6.11,5.65,90,56
2026-06-07T13:00,21.6,22.1,692.0,732.0,7.84,5.35,99,64
2026-06-07T14:00,22.2,22.5,604.0,680.0,5.88,5.18,100,45
2026-06-07T15:00,21.9,22.4,551.0,584.0,5.54,4.83,38,54
2026-06-07T16:00,21.8,22.1,498.0,471.0,4.3,4.04,0,32
2026-06-07T17:00,21.0,21.4,326.0,323.0,4.99,3.48,0,15
2026-06-07T18:00,20.4,20.6,173.0,153.0,4.29,3.43,13,44
2026-06-07T19:00,17.7,18.5,46.0,41.0,4.92,3.76,8,50
2026-06-07T20:00,16.1,16.6,0.0,0.0,4.82,4.52,18,52
2026-06-07T21:00,15.2,15.8,0.0,0.0,4.34,4.5,6,31
2026-06-07T22:00,14.6,15.0,0.0,0.0,4.65,3.54,2,38
2026-06-07T23:00,13.9,13.7,0.0,0.0,4.44,3.82,18,21
2026-06-08T00:00,13.5,12.1,0.0,0.0,4.48,3.88,12,11
2026-06-08T01:00,12.3,11.3,0.0,0.0,3.87,4.13,34,4
2026-06-08T02:00,11.6,10.5,0.0,0.0,3.04,4.53,37,99
2026-06-08T03:00,11.2,9.9,0.0,0.0,3.61,4.75,1,100
2026-06-08T04:00,11.1,9.8,13.0,12.0,3.33,5.28,1,100
2026-06-08T05:00,12.3,11.2,100.0,83.0,3.5,5.42,1,89
2026-06-08T06:00,15.0,14.9,243.0,242.0,3.04,5.4,25,37
2026-06-08T07:00,16.8,17.2,400.0,392.0,1.71,3.07,43,88
2026-06-08T08:00,18.8,19.2,558.0,532.0,1.59,3.04,100,25
2026-06-08T09:00,21.4,21.1,696.0,698.0,1.12,2.89,74,25
2026-06-08T10:00,23.2,22.9,797.0,804.0,1.83,2.43,95,66
2026-06-08T11:00,24.6,24.3,864.0,867.0,2.57,2.15,100,13
2026-06-08T12:00,25.5,26.1,836.0,883.0,3.84,2.67,100,59
2026-06-08T13:00,26.0,26.9,829.0,816.0,4.29,3.69,100,100
2026-06-08T14:00,25.9,27.5,672.0,710.0,4.22,5.15,100,28
2026-06-08T15:00,25.5,26.8,478.0,512.0,2.85,5.23,100,100
2026-06-08T16:00,25.2,26.0,386.0,320.0,1.67,3.93,94,100
2026-06-08T17:00,24.5,25.0,211.0,154.0,3.43,2.59,100,99
2026-06-08T18:00,23.6,24.0,119.0,112.0,2.64,4.57,100,100
2026-06-08T19:00,21.7,22.0,26.0,25.0,5.77,7.11,100,100
2026-06-08T20:00,19.9,20.4,0.0,0.0,9.35,9.17,100,100
2026-06-08T21:00,17.1,18.4,0.0,0.0,7.34,6.1,100,100
2026-06-08T22:00,15.9,16.9,0.0,0.0,5.46,3.89,100,100
2026-06-08T23:00,15.5,16.0,0.0,0.0,3.02,2.0,100,100
2026-06-09T00:00,15.4,15.4,0.0,0.0,6.84,4.08,100,100
2026-06-09T01:00,15.2,15.1,0.0,0.0,6.04,5.26,91,100
2026-06-09T02:00,14.9,14.9,0.0,0.0,5.21,4.97,98,100
2026-06-09T03:00,15.3,14.8,0.0,0.0,5.18,3.77,100,100
2026-06-09T04:00,15.4,14.9,2.0,4.0,4.5,5.22,100,100
2026-06-09T05:00,15.2,15.3,9.0,11.0,6.03,8.46,100,100
2026-06-09T06:00,15.3,14.9,35.0,26.0,4.45,7.34,100,100
2026-06-09T07:00,15.3,14.5,85.0,49.0,3.92,5.48,100,100
2026-06-09T08:00,15.5,14.1,121.0,73.0,4.93,5.0,100,100
2026-06-09T09:00,15.7,13.9,116.0,68.0,4.03,3.47,100,97
2026-06-09T10:00,16.4,13.5,182.0,76.0,3.33,4.3,100,100
2026-06-09T11:00,15.4,14.0,136.0,113.0,4.25,4.29,100,100
2026-06-09T12:00,17.3,14.0,316.0,175.0,4.67,4.84,100,100
2026-06-09T13:00,13.5,14.1,189.0,221.0,7.45,3.97,100,100
2026-06-09T14:00,14.4,14.3,157.0,200.0,3.51,3.43,100,100
2026-06-09T15:00,14.6,14.8,189.0,245.0,2.17,3.25,100,100
2026-06-09T16:00,14.3,14.9,96.0,178.0,1.59,2.57,100,100
2026-06-09T17:00,14.3,15.0,80.0,174.0,1.02,2.81,100,98
2026-06-09T18:00,13.6,14.0,37.0,90.0,4.61,3.84,100,99
2026-06-09T19:00,13.1,13.0,12.0,27.0,5.4,5.4,100,100
2026-06-09T20:00,12.8,12.5,0.0,0.0,5.65,5.59,100,100
2026-06-09T21:00,13.0,12.1,0.0,0.0,4.09,4.33,100,100
2026-06-09T22:00,12.6,11.8,0.0,0.0,2.99,2.45,100,100
2026-06-09T23:00,12.4,11.6,0.0,0.0,3.18,1.68,100,100
2026-06-10T00:00,12.1,11.4,0.0,0.0,2.76,1.8,100,100
2026-06-10T01:00,12.1,11.2,0.0,0.0,0.53,1.67,100,100
2026-06-10T02:00,12.2,11.0,0.0,0.0,3.32,1.28,100,100
2026-06-10T03:00,11.8,10.8,0.0,0.0,3.57,1.14,100,100
2026-06-10T04:00,11.9,10.8,3.0,3.0,2.69,2.46,100,100
2026-06-10T05:00,12.2,11.2,36.0,24.0,3.13,3.63,99,100
2026-06-10T06:00,12.4,11.9,66.0,68.0,5.4,4.62,100,100
2026-06-10T07:00,12.9,12.5,120.0,102.0,2.1,2.86,100,100
2026-06-10T08:00,13.5,12.4,207.0,101.0,1.15,3.55,99,98
2026-06-10T09:00,14.3,13.6,255.0,267.0,2.07,3.46,100,100
2026-06-10T10:00,14.7,14.1,224.0,369.0,2.59,3.15,100,100
2026-06-10T11:00,14.4,14.3,295.0,361.0,3.37,2.91,100,100
2026-06-10T12:00,13.2,13.9,226.0,282.0,7.11,2.71,100,100
2026-06-10T13:00,12.1,12.9,86.0,171.0,0.79,2.67,100,100
2026-06-10T14:00,12.6,12.4,205.0,115.0,1.12,3.76,100,100
2026-06-10T15:00,13.3,12.1,207.0,129.0,2.86,4.12,100,98
2026-06-10T16:00,12.8,11.7,152.0,127.0,4.23,4.9,100,100
2026-06-10T17:00,11.7,11.2,88.0,71.0,5.07,4.02,100,100
2026-06-10T18:00,10.9,11.5,39.0,83.0,3.38,4.19,100,85
2026-06-10T19:00,10.7,10.8,21.0,36.0,5.13,4.87,100,72
2026-06-10T20:00,10.3,10.2,1.0,0.0,4.69,6.06,96,99
2026-06-10T21:00,9.7,9.8,0.0,0.0,5.7,6.46,99,59
2026-06-10T22:00,9.5,8.8,0.0,0.0,5.97,6.3,100,41
2026-06-10T23:00,9.1,8.2,0.0,0.0,6.72,6.67,48,30
2026-06-11T00:00,8.0,9.3,0.0,0.0,5.87,6.94,0,63
2026-06-11T01:00,7.6,8.9,0.0,0.0,4.85,7.65,16,55
2026-06-11T02:00,7.3,8.4,0.0,0.0,4.97,7.45,82,38
2026-06-11T03:00,7.4,7.7,0.0,0.0,5.13,6.27,63,48
2026-06-11T04:00,7.3,7.3,12.0,14.0,4.82,5.28,52,44
2026-06-11T05:00,8.4,8.4,94.0,91.0,4.97,5.3,81,71
2026-06-11T06:00,9.7,10.2,77.0,206.0,5.35,5.4,100,80
2026-06-11T07:00,11.2,11.5,217.0,332.0,5.49,8.27,72,96
2026-06-11T08:00,12.2,12.2,426.0,485.0,7.11,8.17,79,54
2026-06-11T09:00,12.3,13.2,508.0,664.0,6.89,8.0,100,65
2026-06-11T10:00,13.1,13.7,364.0,683.0,5.19,7.09,47,59
2026-06-11T11:00,10.3,14.3,418.0,692.0,11.92,7.21,100,75
2026-06-11T12:00,13.7,14.7,534.0,653.0,5.3,5.83,94,79
2026-06-11T13:00,14.7,15.4,612.0,633.0,6.72,5.64,62,62
2026-06-11T14:00,15.8,16.5,650.0,661.0,6.91,5.86,55,99
2026-06-11T15:00,15.7,16.5,468.0,453.0,6.23,7.59,86,100
2026-06-11T16:00,15.8,16.5,401.0,315.0,7.21,6.51,100,100
2026-06-11T17:00,15.1,15.9,208.0,197.0,4.49,6.05,100,100
2026-06-11T18:00,14.0,13.7,99.0,134.0,4.57,4.95,100,100
2026-06-11T19:00,12.6,12.8,37.0,40.0,3.86,4.53,100,100
2026-06-11T20:00,11.8,12.0,1.0,0.0,3.65,3.17,100,100
2026-06-11T21:00,11.2,11.7,0.0,0.0,3.08,2.26,100,100
2026-06-11T22:00,10.7,11.3,0.0,0.0,3.34,3.0,100,100
2026-06-11T23:00,10.5,11.3,0.0,0.0,3.65,4.62,99,97
2026-06-12T00:00,9.7,11.1,0.0,0.0,3.59,7.35,100,100
2026-06-12T01:00,9.9,10.5,0.0,0.0,4.49,4.95,97,99
2026-06-12T02:00,10.2,10.3,0.0,0.0,5.48,7.08,100,90
2026-06-12T03:00,9.9,10.5,0.0,0.0,6.71,8.14,100,100
2026-06-12T04:00,9.8,10.9,4.0,2.0,6.88,9.17,100,100
2026-06-12T05:00,10.3,11.3,27.0,15.0,6.89,9.27,100,100
2026-06-12T06:00,11.0,11.1,68.0,25.0,7.62,9.33,98,100
2026-06-12T07:00,11.0,11.4,48.0,37.0,7.07,9.38,100,99
2026-06-12T08:00,11.4,11.8,68.0,54.0,7.73,9.73,100,100
2026-06-12T09:00,12.1,12.2,73.0,73.0,8.51,10.57,99,100
2026-06-12T10:00,12.4,12.5,86.0,53.0,8.83,10.77,100,100
2026-06-12T11:00,12.8,12.8,83.0,74.0,8.8,10.46,100,100
2026-06-12T12:00,12.7,13.4,91.0,120.0,9.11,9.84,100,98
2026-06-12T13:00,13.0,13.7,73.0,116.0,8.83,9.64,100,100
2026-06-12T14:00,13.1,14.0,56.0,77.0,8.12,9.02,100,98
2026-06-12T15:00,13.2,14.5,51.0,81.0,8.09,7.44,100,99
2026-06-12T16:00,13.3,14.6,42.0,52.0,7.37,7.18,100,100
2026-06-12T17:00,13.2,14.8,18.0,32.0,6.75,8.06,100,100
2026-06-12T18:00,13.7,14.1,9.0,13.0,8.86,8.25,100,98
2026-06-12T19:00,13.8,14.3,6.0,4.0,7.96,8.3,100,100
2026-06-12T20:00,13.9,14.5,0.0,0.0,8.3,9.28,95,97
2026-06-12T21:00,14.0,14.8,0.0,0.0,8.15,9.7,91,100
2026-06-12T22:00,14.0,14.7,0.0,0.0,7.99,8.99,95,99
2026-06-12T23:00,14.0,14.8,0.0,0.0,8.03,9.7,100,90
2026-06-13T00:00,14.5,14.1,0.0,0.0,7.78,10.13,99,74
2026-06-13T01:00,14.5,13.9,0.0,0.0,7.84,10.57,100,89
2026-06-13T02:00,14.5,14.0,0.0,0.0,7.86,10.29,100,92
2026-06-13T03:00,14.4,14.2,0.0,0.0,9.01,9.73,100,92
2026-06-13T04:00,14.5,14.3,3.0,6.0,9.79,9.54,100,76
2026-06-13T05:00,14.8,14.5,44.0,56.0,9.21,9.08,82,80
2026-06-13T06:00,15.3,15.8,117.0,158.0,8.46,9.23,95,92
2026-06-13T07:00,16.4,16.8,200.0,256.0,8.34,7.49,97,89
2026-06-13T08:00,17.6,18.0,340.0,349.0,8.42,8.22,77,76
2026-06-13T09:00,18.5,18.9,387.0,489.0,9.49,8.92,81,74
2026-06-13T10:00,19.2,20.2,480.0,596.0,9.5,8.82,94,69
2026-06-13T11:00,19.9,21.1,353.0,576.0,9.08,10.1,93,74
2026-06-13T12:00,21.7,22.1,672.0,715.0,11.63,11.46,94,48
2026-06-13T13:00,22.6,23.3,690.0,805.0,11.07,10.61,35,26
2026-06-13T14:00,23.3,23.8,676.0,759.0,11.74,11.37,24,54
2026-06-13T15:00,23.4,23.7,606.0,591.0,12.64,11.29,6,41
2026-06-13T16:00,23.0,23.3,488.0,493.0,9.53,10.96,0,0
2026-06-13T17:00,21.9,22.4,338.0,342.0,9.43,9.89,0,0
2026-06-13T18:00,19.5,21.5,177.0,178.0,9.64,8.81,0,0
2026-06-13T19:00,17.5,19.2,50.0,51.0,8.59,8.56,0,28
2026-06-13T20:00,15.8,17.3,1.0,1.0,8.06,8.33,0,55
2026-06-13T21:00,15.1,15.8,0.0,0.0,8.34,8.55,0,0
2026-06-13T22:00,14.2,14.6,0.0,0.0,7.24,7.94,17,22
2026-06-13T23:00,13.4,13.7,0.0,0.0,6.94,6.91,24,37
2026-06-14T00:00,12.9,13.1,0.0,0.0,5.54,6.75,54,0
2026-06-14T01:00,12.3,12.4,0.0,0.0,4.95,6.67,72,11
2026-06-14T02:00,12.2,12.0,0.0,0.0,5.39,6.39,87,25
2026-06-14T03:00,11.9,11.6,0.0,0.0,4.61,5.73,84,17
2026-06-14T04:00,12.2,11.3,10.0,13.0,6.51,5.33,68,1
2026-06-14T05:00,12.5,12.2,69.0,101.0,6.29,5.04,79,4
2026-06-14T06:00,13.4,14.2,168.0,233.0,2.94,3.08,80,63
2026-06-14T07:00,14.5,15.4,298.0,379.0,3.26,3.6,80,92
2026-06-14T08:00,15.5,16.4,481.0,460.0,4.59,5.19,93,74
2026-06-14T09:00,16.1,17.1,617.0,582.0,5.21,5.25,83,76
2026-06-14T10:00,16.5,18.3,653.0,740.0,7.18,5.83,81,68
2026-06-14T11:00,17.6,18.7,676.0,806.0,6.44,7.04,55,100
2026-06-14T12:00,18.8,19.1,676.0,768.0,9.12,9.21,88,59
2026-06-14T13:00,19.2,19.4,687.0,715.0,8.94,10.14,67,73
2026-06-14T14:00,20.0,19.4,683.0,580.0,8.84,9.95,52,58
2026-06-14T15:00,19.8,18.9,612.0,550.0,8.42,9.33,46,40
2026-06-14T16:00,19.5,18.3,452.0,458.0,7.78,8.56,59,46
2026-06-14T17:00,18.6,17.5,327.0,322.0,6.96,7.97,30,31
2026-06-14T18:00,17.4,16.6,184.0,169.0,7.08,7.5,0,35
2026-06-14T19:00,15.5,14.9,53.0,50.0,7.9,6.53,9,50
2026-06-14T20:00,13.9,13.5,1.0,1.0,5.64,6.2,91,49
2026-06-14T21:00,13.2,12.6,0.0,0.0,4.66,6.14,92,33
2026-06-14T22:00,12.5,11.7,0.0,0.0,3.07,5.15,81,27
2026-06-14T23:00,11.9,10.3,0.0,0.0,2.56,4.34,90,0
2026-06-15T00:00,12.2,11.3,0.0,0.0,3.49,5.42,92,71
2026-06-15T01:00,11.9,10.9,0.0,0.0,3.18,6.2,95,69
2026-06-15T02:00,11.7,10.8,0.0,0.0,3.26,6.81,100,82
2026-06-15T03:00,11.7,10.9,0.0,0.0,3.04,7.18,100,87
2026-06-15T04:00,11.7,10.9,8.0,10.0,4.0,6.8,97,83
2026-06-15T05:00,12.2,11.7,68.0,81.0,4.32,5.89,78,55
2026-06-15T06:00,13.2,12.9,204.0,200.0,2.73,4.59,11,57
2026-06-15T07:00,14.7,13.9,417.0,327.0,3.29,4.74,33,80
2026-06-15T08:00,15.8,14.5,528.0,409.0,3.53,6.02,66,62
2026-06-15T09:00,16.9,15.5,562.0,530.0,6.23,6.5,41,64
2026-06-15T10:00,17.6,16.1,613.0,609.0,6.11,6.41,79,71
2026-06-15T11:00,18.8,17.1,714.0,692.0,6.04,6.39,76,60
2026-06-15T12:00,19.7,18.8,725.0,721.0,7.05,5.86,32,66
2026-06-15T13:00,20.7,19.4,867.0,712.0,6.05,5.77,4,69
2026-06-15T14:00,21.2,19.6,780.0,678.0,5.56,5.52,21,36
2026-06-15T15:00,20.6,20.0,664.0,654.0,4.78,5.52,8,10
2026-06-15T16:00,20.6,19.6,517.0,510.0,4.73,5.35,10,4
2026-06-15T17:00,20.0,19.0,343.0,346.0,5.68,4.73,0,29
2026-06-15T18:00,18.6,18.0,185.0,175.0,6.13,5.11,95,31
2026-06-15T19:00,16.5,16.0,50.0,52.0,5.07,4.62,96,63
2026-06-15T20:00,15.1,14.6,1.0,1.0,3.24,4.09,68,89
2026-06-15T21:00,13.7,14.0,0.0,0.0,3.4,3.26,78,53
2026-06-15T22:00,13.0,13.3,0.0,0.0,2.14,2.69,0,34
2026-06-15T23:00,12.0,12.5,0.0,0.0,2.85,2.18,10,9
2026-06-16T00:00,11.7,11.2,0.0,0.0,2.56,2.64,39,9
2026-06-16T01:00,10.7,10.2,0.0,0.0,3.04,3.02,53,62
2026-06-16T02:00,10.2,9.5,0.0,0.0,4.08,3.24,11,34
2026-06-16T03:00,9.4,8.9,0.0,0.0,4.05,3.37,60,58
2026-06-16T04:00,9.6,8.8,13.0,14.0,4.93,3.4,100,93
2026-06-16T05:00,11.2,10.1,75.0,89.0,5.8,3.53,100,100
2026-06-16T06:00,13.2,12.9,150.0,169.0,4.44,4.65,100,100
2026-06-16T07:00,15.3,15.1,300.0,251.0,3.38,4.24,99,100
2026-06-16T08:00,17.2,17.4,320.0,380.0,3.17,2.8,100,99
2026-06-16T09:00,18.2,18.8,384.0,388.0,3.37,3.72,98,98
2026-06-16T10:00,18.5,18.6,330.0,337.0,4.66,3.55,100,100
2026-06-16T11:00,18.5,19.0,229.0,274.0,4.37,3.43,100,100
2026-06-16T12:00,18.0,22.6,275.0,628.0,5.71,6.61,100,68
2026-06-16T13:00,18.6,23.1,261.0,615.0,5.07,5.98,100,68
2026-06-16T14:00,19.8,22.7,428.0,545.0,4.82,6.9,97,83
2026-06-16T15:00,21.3,22.7,322.0,428.0,4.95,6.14,96,78
2026-06-16T16:00,21.4,22.6,311.0,283.0,5.02,6.13,84,82
2026-06-16T17:00,21.2,22.2,172.0,210.0,5.34,5.14,92,91
2026-06-16T18:00,20.0,20.6,113.0,125.0,5.4,7.26,72,34
2026-06-16T19:00,19.0,19.3,42.0,45.0,6.76,8.02,95,72
2026-06-16T20:00,18.3,18.5,1.0,1.0,7.7,9.13,83,58
2026-06-16T21:00,16.7,17.7,0.0,0.0,7.41,9.27,91,83
2026-06-16T22:00,16.0,17.3,0.0,0.0,7.8,9.33,81,97
2026-06-16T23:00,15.2,17.3,0.0,0.0,6.37,8.75,100,98
2026-06-17T00:00,15.2,17.7,0.0,0.0,5.4,9.61,58,100
2026-06-17T01:00,15.0,17.4,0.0,0.0,5.85,8.83,51,99
2026-06-17T02:00,14.7,17.0,0.0,0.0,6.62,8.64,81,76
2026-06-17T03:00,14.4,16.7,0.0,0.0,5.66,7.84,82,64
2026-06-17T04:00,14.3,16.5,12.0,11.0,5.68,6.86,60,85
2026-06-17T05:00,15.3,17.1,84.0,64.0,5.17,5.78,73,83
2026-06-17T06:00,17.8,17.3,224.0,76.0,4.72,5.77,31,93
2026-06-17T07:00,19.5,17.9,351.0,108.0,3.24,4.7,70,83
2026-06-17T08:00,20.9,19.1,491.0,208.0,3.43,3.26,88,89
2026-06-17T09:00,22.4,19.7,517.0,237.0,5.04,3.02,93,90
2026-06-17T10:00,21.5,20.4,392.0,349.0,5.92,3.34,100,100
2026-06-17T11:00,22.5,22.0,444.0,469.0,4.85,3.14,88,73
2026-06-17T12:00,23.6,22.3,504.0,463.0,4.92,3.84,100,100
2026-06-17T13:00,24.2,23.3,561.0,489.0,4.12,2.81,89,100
2026-06-17T14:00,24.5,23.2,533.0,382.0,3.23,3.02,100,93
2026-06-17T15:00,24.8,23.4,529.0,323.0,4.21,1.94,86,96
2026-06-17T16:00,24.9,23.2,438.0,198.0,2.85,1.83,92,100
2026-06-17T17:00,24.0,22.7,255.0,174.0,3.27,2.37,77,89
2026-06-17T18:00,23.4,22.1,161.0,91.0,2.36,3.83,34,88
2026-06-17T19:00,21.7,20.8,50.0,31.0,1.81,2.97,4,81
2026-06-17T20:00,20.2,19.7,1.0,1.0,2.19,2.28,5,84
2026-06-17T21:00,19.8,18.9,0.0,0.0,1.61,1.61,61,62
2026-06-17T22:00,19.0,18.1,0.0,0.0,2.02,1.38,45,46
2026-06-17T23:00,18.2,17.1,0.0,0.0,1.89,1.46,33,44
2026-06-18T00:00,16.8,17.7,0.0,0.0,2.55,1.0,10,31
2026-06-18T01:00,16.6,16.6,0.0,0.0,2.45,0.57,23,44
2026-06-18T02:00,16.4,15.8,0.0,0.0,1.96,0.4,5,36
2026-06-18T03:00,16.0,15.0,0.0,0.0,2.19,0.59,35,28
2026-06-18T04:00,15.9,14.6,13.0,13.0,2.18,0.98,25,37
2026-06-18T05:00,16.7,16.0,96.0,97.0,2.26,1.4,0,28
2026-06-18T06:00,19.3,19.1,234.0,233.0,2.25,2.77,7,0
2026-06-18T07:00,21.7,22.0,393.0,393.0,1.77,1.94,13,0
2026-06-18T08:00,23.9,24.2,551.0,554.0,0.75,1.8,29,0
2026-06-18T09:00,25.9,25.8,685.0,692.0,0.66,2.2,58,0
2026-06-18T10:00,27.5,27.1,784.0,796.0,0.44,1.93,72,0
2026-06-18T11:00,28.6,28.2,848.0,858.0,0.53,1.47,67,18
2026-06-18T12:00,29.3,28.8,873.0,856.0,1.06,0.5,29,83
2026-06-18T13:00,29.9,29.3,842.0,788.0,1.18,1.15,0,42
2026-06-18T14:00,30.0,29.6,754.0,706.0,2.55,1.71,10,49
2026-06-18T15:00,29.7,29.5,635.0,609.0,1.87,2.15,9,87
2026-06-18T16:00,29.4,29.2,495.0,459.0,2.64,2.59,0,39
2026-06-18T17:00,29.0,28.6,339.0,329.0,2.36,3.43,0,10
2026-06-18T18:00,28.0,27.4,180.0,176.0,2.41,3.81,7,4
2026-06-18T19:00,26.0,25.1,53.0,51.0,3.26,4.19,1,24
2026-06-18T20:00,24.4,23.4,1.0,1.0,4.67,4.71,1,3
2026-06-18T21:00,21.9,22.1,0.0,0.0,5.85,5.18,12,0
2026-06-18T22:00,21.2,21.4,0.0,0.0,6.26,5.41,36,0
2026-06-18T23:00,20.5,21.0,0.0,0.0,5.33,4.53,10,0
2026-06-19T00:00,19.3,19.8,0.0,0.0,5.63,4.17,0,0
2026-06-19T01:00,18.7,19.1,0.0,0.0,5.41,4.04,0,0
2026-06-19T02:00,18.2,18.6,0.0,0.0,4.13,4.53,0,0
2026-06-19T03:00,17.4,18.2,0.0,0.0,4.82,4.73,0,0
2026-06-19T04:00,17.3,18.1,13.0,13.0,4.1,3.67,0,0
2026-06-19T05:00,18.0,19.0,96.0,96.0,4.06,2.92,0,0
2026-06-19T06:00,20.6,21.3,232.0,231.0,3.33,3.34,0,0
2026-06-19T07:00,22.6,23.6,391.0,389.0,1.8,2.46,0,3
2026-06-19T08:00,24.7,25.6,548.0,547.0,1.9,1.98,0,4
2026-06-19T09:00,27.5,27.6,690.0,686.0,1.67,2.67,0,5
2026-06-19T10:00,29.6,29.3,796.0,792.0,2.07,2.95,66,0
2026-06-19T11:00,31.1,30.6,857.0,855.0,2.61,2.92,0,0
2026-06-19T12:00,31.8,31.8,882.0,875.0,2.42,2.91,0,5
2026-06-19T13:00,32.4,32.3,852.0,844.0,2.77,2.83,0,0
2026-06-19T14:00,32.7,32.6,774.0,767.0,3.0,2.95,0,0
2026-06-19T15:00,32.7,32.5,656.0,650.0,2.16,3.14,0,4
2026-06-19T16:00,32.5,32.1,511.0,503.0,2.05,3.14,17,52
2026-06-19T17:00,31.4,31.2,334.0,334.0,2.5,2.88,8,93
2026-06-19T18:00,29.2,30.5,154.0,179.0,4.31,2.09,100,100
2026-06-19T19:00,27.3,28.8,42.0,47.0,6.59,2.75,100,100
2026-06-19T20:00,25.7,27.0,1.0,1.0,7.59,3.35,100,100
2026-06-19T21:00,24.3,25.5,0.0,0.0,3.02,3.99,100,100
2026-06-19T22:00,22.3,24.5,0.0,0.0,3.88,3.16,39,93
2026-06-19T23:00,21.1,22.7,0.0,0.0,5.36,2.75,79,100
2026-06-20T00:00,20.1,21.0,0.0,0.0,4.54,6.17,100,100
2026-06-20T01:00,19.7,20.2,0.0,0.0,4.99,6.15,100,100
2026-06-20T02:00,19.7,20.2,0.0,0.0,5.8,8.31,100,100
2026-06-20T03:00,19.0,19.5,0.0,0.0,4.93,4.85,100,100
2026-06-20T04:00,18.7,19.0,11.0,12.0,4.34,6.86,75,92
2026-06-20T05:00,19.8,19.8,87.0,86.0,4.29,6.55,29,73
2026-06-20T06:00,21.6,21.9,195.0,213.0,2.75,5.65,40,26
2026-06-20T07:00,23.4,24.3,367.0,383.0,2.1,4.29,40,1
2026-06-20T08:00,25.6,26.5,541.0,550.0,3.16,2.85,0,3
2026-06-20T09:00,27.7,28.5,689.0,683.0,3.55,1.87,0,0
2026-06-20T10:00,29.1,30.1,793.0,787.0,2.75,1.71,0,20
2026-06-20T11:00,30.5,30.8,858.0,822.0,2.55,2.72,35,100
2026-06-20T12:00,30.6,29.8,869.0,752.0,2.42,1.74,0,87
2026-06-20T13:00,31.2,30.3,840.0,782.0,1.88,1.18,0,14
2026-06-20T14:00,31.8,30.9,758.0,713.0,1.61,0.49,0,34
2026-06-20T15:00,32.2,31.0,640.0,570.0,3.33,1.33,0,46
2026-06-20T16:00,32.0,30.8,510.0,407.0,0.62,0.49,0,100
2026-06-20T17:00,31.3,30.1,324.0,265.0,0.77,0.92,76,76
2026-06-20T18:00,28.6,28.2,175.0,126.0,2.5,4.06,0,100
2026-06-20T19:00,26.5,26.1,53.0,48.0,2.64,6.98,6,100
2026-06-20T20:00,24.7,23.8,1.0,1.0,3.61,7.36,0,100
2026-06-20T21:00,23.5,22.7,0.0,0.0,2.18,6.27,100,79
2026-06-20T22:00,22.0,21.7,0.0,0.0,3.91,5.42,2,43
2026-06-20T23:00,21.3,20.9,0.0,0.0,4.08,5.06,85,52
2026-06-21T00:00,20.6,20.9,0.0,0.0,4.68,4.33,5,81
2026-06-21T01:00,20.0,20.0,0.0,0.0,3.84,4.66,12,100
2026-06-21T02:00,19.3,19.3,0.0,0.0,3.2,4.02,100,100
2026-06-21T03:00,18.8,18.8,0.0,0.0,2.42,2.99,0,100
2026-06-21T04:00,18.7,18.5,12.0,12.0,2.35,2.18,81,100
2026-06-21T05:00,19.5,19.7,91.0,92.0,2.37,2.46,86,55
2026-06-21T06:00,22.0,21.4,226.0,226.0,1.88,1.71,60,14
2026-06-21T07:00,24.2,24.4,383.0,385.0,1.92,1.75,0,3
2026-06-21T08:00,26.6,27.0,547.0,545.0,1.88,0.81,0,11
2026-06-21T09:00,28.9,29.2,686.0,683.0,1.74,0.31,0,5
2026-06-21T10:00,30.8,31.0,792.0,791.0,1.5,0.31,4,1
2026-06-21T11:00,32.5,31.9,856.0,795.0,1.0,0.69,0,76
2026-06-21T12:00,33.3,32.7,868.0,853.0,1.53,1.68,81,70
2026-06-21T13:00,33.6,32.7,703.0,743.0,3.98,1.95,31,94
2026-06-21T14:00,33.8,32.8,761.0,685.0,3.09,2.87,0,46
2026-06-21T15:00,33.7,25.3,649.0,459.0,2.98,9.37,17,100
2026-06-21T16:00,31.9,27.0,422.0,311.0,5.06,4.06,100,100
2026-06-21T17:00,30.8,27.3,303.0,225.0,5.3,2.94,72,100
2026-06-21T18:00,26.6,29.1,142.0,168.0,6.19,4.62,87,25
2026-06-21T19:00,24.7,26.5,49.0,52.0,5.8,6.14,0,100
2026-06-21T20:00,22.9,24.6,1.0,1.0,5.93,6.3,0,100
2026-06-21T21:00,22.8,23.2,0.0,0.0,3.73,5.21,65,15
2026-06-21T22:00,21.8,21.8,0.0,0.0,0.9,4.78,5,70
2026-06-21T23:00,21.0,21.0,0.0,0.0,0.97,4.71,17,90
2026-06-22T00:00,20.9,21.3,0.0,0.0,3.37,2.45,100,100
2026-06-22T01:00,20.6,20.4,0.0,0.0,3.72,1.76,100,100
2026-06-22T02:00,20.0,19.5,0.0,0.0,2.67,1.55,70,59
2026-06-22T03:00,18.0,18.5,0.0,0.0,2.59,1.12,13,11
2026-06-22T04:00,17.8,17.9,12.0,13.0,2.31,0.98,0,6
2026-06-22T05:00,19.1,19.1,94.0,95.0,2.55,0.66,0,0
2026-06-22T06:00,21.6,22.0,227.0,227.0,1.61,2.34,0,0
2026-06-22T07:00,23.8,24.8,386.0,385.0,0.42,2.5,4,0
2026-06-22T08:00,25.8,27.5,539.0,545.0,0.53,1.46,100,0
2026-06-22T09:00,28.3,29.8,682.0,685.0,0.6,0.79,0,0
2026-06-22T10:00,30.4,31.8,789.0,792.0,0.4,1.01,0,0
2026-06-22T11:00,31.8,33.1,804.0,826.0,0.62,1.18,13,48
2026-06-22T12:00,32.3,31.8,791.0,760.0,1.08,4.34,22,100
2026-06-22T13:00,32.6,31.6,796.0,615.0,3.63,3.26,100,100
2026-06-22T14:00,31.5,32.1,644.0,676.0,4.57,2.46,100,100
2026-06-22T15:00,31.2,31.7,442.0,499.0,2.42,1.8,100,100
2026-06-22T16:00,29.1,29.3,225.0,374.0,5.37,5.48,100,100
2026-06-22T17:00,27.4,27.9,153.0,202.0,5.49,4.05,100,100
2026-06-22T18:00,26.5,28.6,102.0,125.0,3.12,5.27,100,79
2026-06-22T19:00,25.0,26.6,44.0,49.0,4.55,4.92,100,29
2026-06-22T20:00,23.2,24.5,1.0,1.0,4.45,5.22,92,18
2026-06-22T21:00,22.8,23.1,0.0,0.0,6.42,4.37,17,14
2026-06-22T22:00,21.6,22.2,0.0,0.0,4.51,2.67,3,35
2026-06-22T23:00,20.9,21.1,0.0,0.0,3.04,1.87,34,37
2026-06-23T00:00,19.9,20.2,0.0,0.0,2.1,1.31,0,29
2026-06-23T01:00,18.9,19.6,0.0,0.0,1.24,1.98,0,24
2026-06-23T02:00,18.5,18.9,0.0,0.0,1.58,2.26,0,6
2026-06-23T03:00,18.5,18.1,0.0,0.0,1.46,2.24,0,0
2026-06-23T04:00,18.3,17.9,12.0,13.0,1.59,1.69,1,17
2026-06-23T05:00,19.1,19.1,95.0,97.0,1.39,1.04,3,5
2026-06-23T06:00,21.7,22.0,231.0,232.0,1.12,0.42,0,0
2026-06-23T07:00,24.2,24.6,392.0,394.0,0.71,0.31,1,0
2026-06-23T08:00,26.0,26.8,550.0,555.0,0.49,0.79,7,9
2026-06-23T09:00,28.5,28.3,689.0,667.0,0.81,1.74,0,74
2026-06-23T10:00,30.2,29.5,786.0,760.0,1.68,2.42,0,99
2026-06-23T11:00,31.3,30.5,862.0,816.0,2.08,2.81,5,64
2026-06-23T12:00,31.5,30.8,822.0,779.0,3.12,2.32,43,71
2026-06-23T13:00,32.1,31.1,814.0,728.0,2.84,3.42,88,97
2026-06-23T14:00,32.1,30.6,617.0,601.0,3.27,4.5,100,100
2026-06-23T15:00,31.2,29.9,526.0,473.0,2.26,3.43,100,13
2026-06-23T16:00,29.4,30.2,324.0,494.0,5.08,3.44,100,72
2026-06-23T17:00,29.5,29.7,298.0,321.0,4.61,3.54,19,42
2026-06-23T18:00,28.8,26.4,142.0,158.0,3.95,2.86,81,97
2026-06-23T19:00,26.9,24.8,37.0,48.0,6.17,2.36,46,100
2026-06-23T20:00,25.0,23.5,1.0,1.0,5.88,2.18,44,34
2026-06-23T21:00,24.4,22.3,0.0,0.0,4.99,3.05,42,23
2026-06-23T22:00,23.0,21.5,0.0,0.0,6.13,2.48,8,0
2026-06-23T23:00,21.6,20.6,0.0,0.0,5.92,1.39,56,31
2026-06-24T00:00,20.4,19.7,0.0,0.0,4.92,2.29,55,12
2026-06-24T01:00,19.8,19.0,0.0,0.0,4.52,2.02,41,39
2026-06-24T02:00,19.4,18.7,0.0,0.0,3.65,2.16,0,64
2026-06-24T03:00,18.6,18.4,0.0,0.0,2.56,2.29,0,56
2026-06-24T04:00,18.5,18.4,12.0,10.0,1.77,2.33,0,62
2026-06-24T05:00,19.2,19.6,96.0,78.0,2.07,2.29,0,63
2026-06-24T06:00,22.3,21.3,234.0,168.0,1.48,2.1,0,65
2026-06-24T07:00,24.2,23.8,394.0,316.0,1.18,1.73,0,34
2026-06-24T08:00,25.9,26.1,552.0,531.0,1.58,0.55,0,6
2026-06-24T09:00,28.4,27.7,690.0,670.0,1.68,0.44,0,23
2026-06-24T10:00,30.1,28.9,785.0,712.0,1.74,1.33,59,65
2026-06-24T11:00,31.0,29.6,657.0,717.0,3.04,2.0,72,59
2026-06-24T12:00,31.5,30.2,837.0,852.0,1.06,2.5,0,31
2026-06-24T13:00,32.1,30.8,845.0,833.0,2.16,2.29,0,10
2026-06-24T14:00,32.5,31.1,764.0,737.0,2.46,2.17,0,24
2026-06-24T15:00,32.1,31.3,649.0,623.0,2.36,3.01,49,11
2026-06-24T16:00,31.6,30.8,386.0,493.0,1.25,3.46,0,30
2026-06-24T17:00,31.1,30.3,312.0,332.0,2.5,3.53,0,12
2026-06-24T18:00,29.5,29.1,186.0,182.0,4.79,4.8,0,0
2026-06-24T19:00,27.3,27.0,57.0,55.0,4.13,4.39,0,0
2026-06-24T20:00,25.8,24.9,1.0,1.0,3.48,4.87,0,0
2026-06-24T21:00,24.3,23.8,0.0,0.0,3.59,4.67,0,5
2026-06-24T22:00,24.3,22.7,0.0,0.0,4.08,4.81,0,38
2026-06-24T23:00,22.1,22.1,0.0,0.0,2.71,4.57,0,13
2026-06-25T00:00,21.2,20.5,0.0,0.0,2.54,2.37,0,7
2026-06-25T01:00,20.5,19.7,0.0,0.0,2.23,2.45,0,7
2026-06-25T02:00,19.7,19.0,0.0,0.0,2.06,2.45,0,15
2026-06-25T03:00,19.2,18.4,0.0,0.0,2.74,2.84,0,13
2026-06-25T04:00,18.7,18.2,12.0,12.0,2.77,2.74,0,0
2026-06-25T05:00,19.9,19.5,97.0,97.0,2.71,2.75,0,0
2026-06-25T06:00,22.8,23.3,235.0,234.0,3.26,2.52,0,0
2026-06-25T07:00,24.7,25.5,395.0,395.0,2.26,1.39,0,0
2026-06-25T08:00,27.0,27.5,555.0,555.0,2.65,1.79,0,0
2026-06-25T09:00,29.5,29.4,698.0,693.0,3.23,2.67,0,0
2026-06-25T10:00,31.2,30.9,805.0,796.0,3.53,3.57,0,0
2026-06-25T11:00,32.3,31.8,869.0,862.0,3.66,3.94,0,21
2026-06-25T12:00,32.4,32.5,879.0,872.0,3.99,3.71,0,11
2026-06-25T13:00,33.1,32.9,841.0,842.0,3.78,4.16,0,17
2026-06-25T14:00,33.5,33.1,758.0,764.0,3.0,4.74,15,13
2026-06-25T15:00,33.0,32.9,622.0,647.0,4.03,5.27,94,19
2026-06-25T16:00,32.6,32.3,461.0,502.0,6.24,5.52,0,16
2026-06-25T17:00,31.8,31.5,348.0,342.0,5.58,5.73,0,0
2026-06-25T18:00,30.4,30.1,188.0,176.0,6.71,5.72,0,0
2026-06-25T19:00,27.7,27.4,57.0,55.0,6.4,5.69,0,0
2026-06-25T20:00,25.2,24.7,1.0,1.0,6.93,6.05,0,0
2026-06-25T21:00,23.3,23.1,0.0,0.0,6.02,6.32,0,0
2026-06-25T22:00,22.2,22.1,0.0,0.0,6.15,5.68,0,2
2026-06-25T23:00,21.4,21.6,0.0,0.0,5.36,4.71,0,0
2026-06-26T00:00,21.1,20.4,0.0,0.0,4.04,4.02,0,0
2026-06-26T01:00,20.7,19.8,0.0,0.0,2.95,3.75,0,0
2026-06-26T02:00,20.0,19.1,0.0,0.0,2.94,4.12,49,0
2026-06-26T03:00,19.4,18.6,0.0,0.0,3.14,4.12,0,0
2026-06-26T04:00,19.0,18.3,12.0,12.0,3.83,3.92,1,0
2026-06-26T05:00,19.9,19.9,97.0,96.0,3.23,3.92,0,0
2026-06-26T06:00,23.0,23.1,237.0,235.0,3.46,3.61,0,0
2026-06-26T07:00,25.4,25.8,397.0,397.0,2.06,1.77,0,0
2026-06-26T08:00,27.5,27.7,558.0,557.0,2.76,2.27,0,0
2026-06-26T09:00,30.1,29.7,699.0,697.0,2.9,2.97,0,0
2026-06-26T10:00,31.9,31.5,808.0,805.0,3.8,4.11,0,0
2026-06-26T11:00,32.9,32.6,873.0,869.0,3.52,4.41,0,0
2026-06-26T12:00,33.4,33.1,887.0,883.0,3.68,3.87,0,0
2026-06-26T13:00,33.8,33.6,856.0,848.0,4.31,3.76,0,5
2026-06-26T14:00,34.1,33.8,775.0,769.0,4.19,3.76,0,19
2026-06-26T15:00,34.0,33.6,659.0,648.0,3.49,3.94,0,18
2026-06-26T16:00,33.9,33.2,507.0,506.0,3.98,3.84,0,4
2026-06-26T17:00,33.2,32.4,350.0,345.0,3.61,3.92,0,2
2026-06-26T18:00,31.5,31.2,188.0,184.0,5.85,4.56,0,0
2026-06-26T19:00,28.3,28.1,59.0,56.0,5.17,5.56,0,0
2026-06-26T20:00,26.0,25.5,1.0,1.0,5.96,5.13,0,20
2026-06-26T21:00,24.6,23.9,0.0,0.0,5.84,5.16,0,15
2026-06-26T22:00,23.1,22.6,0.0,0.0,6.02,5.4,0,39
2026-06-26T23:00,22.6,22.1,0.0,0.0,5.55,4.3,17,29
2026-06-27T00:00,21.9,18.9,0.0,0.0,5.36,3.32,5,1
2026-06-27T01:00,20.8,17.8,0.0,0.0,3.49,3.0,0,34
2026-06-27T02:00,20.5,17.1,0.0,0.0,3.24,3.34,0,2
2026-06-27T03:00,18.9,16.4,0.0,0.0,1.75,3.53,5,0
2026-06-27T04:00,18.1,16.0,12.0,12.0,2.17,3.35,0,0
2026-06-27T05:00,19.1,17.5,97.0,96.0,2.02,2.79,0,3
2026-06-27T06:00,22.1,22.1,237.0,234.0,2.02,2.11,0,21
2026-06-27T07:00,25.6,25.6,397.0,394.0,1.58,1.98,14,24
2026-06-27T08:00,27.6,28.0,559.0,555.0,0.4,1.36,4,49
2026-06-27T09:00,30.6,30.2,695.0,696.0,1.79,1.24,43,23
2026-06-27T10:00,32.6,32.3,805.0,808.0,2.16,1.02,44,9
2026-06-27T11:00,34.1,34.0,871.0,874.0,2.59,0.63,28,7
2026-06-27T12:00,34.8,34.9,893.0,893.0,2.54,1.18,14,0
2026-06-27T13:00,35.4,35.6,869.0,858.0,2.87,0.88,6,100
2026-06-27T14:00,36.1,35.9,791.0,773.0,3.15,0.89,0,1
2026-06-27T15:00,35.5,35.9,651.0,663.0,1.71,0.71,0,0
2026-06-27T16:00,35.3,35.7,513.0,516.0,2.55,1.1,0,0
2026-06-27T17:00,34.9,35.0,355.0,353.0,2.42,1.25,0,0
2026-06-27T18:00,33.0,33.5,194.0,190.0,1.5,1.27,0,7
2026-06-27T19:00,31.1,31.0,60.0,58.0,0.88,1.67,0,4
2026-06-27T20:00,28.2,28.2,2.0,1.0,2.22,1.33,17,4
2026-06-27T21:00,25.7,25.7,0.0,0.0,2.63,0.9,0,1
2026-06-27T22:00,25.2,23.8,0.0,0.0,2.51,1.55,0,2
2026-06-27T23:00,23.3,22.3,0.0,0.0,2.72,4.45,0,31
2026-06-28T00:00,20.5,20.0,0.0,0.0,4.73,4.74,0,0
2026-06-28T01:00,20.8,19.1,0.0,0.0,4.15,5.28,0,2
2026-06-28T02:00,19.8,18.6,0.0,0.0,4.67,5.9,0,6
2026-06-28T03:00,19.6,18.4,0.0,0.0,5.01,6.22,0,0
2026-06-28T04:00,19.5,18.9,11.0,11.0,4.64,6.71,0,12
2026-06-28T05:00,21.1,21.5,91.0,89.0,5.04,6.96,0,9
2026-06-28T06:00,23.9,24.9,226.0,216.0,6.07,7.83,0,43
2026-06-28T07:00,26.9,27.5,386.0,318.0,5.31,8.19,0,100
2026-06-28T08:00,29.3,29.8,545.0,455.0,5.04,7.13,0,100
2026-06-28T09:00,32.3,32.5,687.0,647.0,5.01,7.49,0,47
2026-06-28T10:00,34.2,33.7,792.0,759.0,4.12,7.39,17,86
2026-06-28T11:00,35.6,34.8,850.0,722.0,4.23,7.56,5,99
2026-06-28T12:00,36.6,34.4,874.0,659.0,3.42,4.4,12,100
2026-06-28T13:00,37.0,35.0,817.0,672.0,3.83,4.34,41,100
2026-06-28T14:00,36.9,34.4,684.0,583.0,5.34,3.67,24,100
2026-06-28T15:00,35.9,33.7,607.0,453.0,2.95,5.56,6,100
2026-06-28T16:00,35.6,33.4,485.0,369.0,2.04,3.26,31,100
2026-06-28T17:00,34.8,33.3,318.0,286.0,2.59,3.99,96,100
2026-06-28T18:00,28.5,31.2,69.0,129.0,5.71,5.83,45,100
2026-06-28T19:00,27.4,28.9,32.0,44.0,6.79,5.47,100,100
2026-06-28T20:00,25.5,27.0,1.0,1.0,6.27,3.6,100,100
2026-06-28T21:00,23.9,25.3,0.0,0.0,5.15,3.97,98,91
2026-06-28T22:00,23.2,24.0,0.0,0.0,4.41,5.27,100,67
2026-06-28T23:00,22.8,23.6,0.0,0.0,4.47,5.33,100,41
2026-06-29T00:00,22.9,22.8,0.0,0.0,3.63,2.94,100,100
2026-06-29T01:00,22.5,21.6,0.0,0.0,3.09,2.48,84,100
2026-06-29T02:00,21.7,20.3,0.0,0.0,3.29,1.89,87,100
2026-06-29T03:00,21.5,19.6,0.0,0.0,4.56,2.98,100,77
2026-06-29T04:00,20.9,20.1,6.0,9.0,0.5,9.27,85,100
2026-06-29T05:00,21.3,21.3,40.0,29.0,1.04,8.99,89,100
2026-06-29T06:00,23.6,20.7,154.0,62.0,2.36,7.39,92,100
2026-06-29T07:00,25.8,20.9,286.0,106.0,1.12,3.82,87,100
2026-06-29T08:00,26.0,22.2,297.0,222.0,1.32,3.9,99,100
2026-06-29T09:00,25.1,21.7,206.0,245.0,4.22,4.65,94,100
2026-06-29T10:00,24.1,22.2,316.0,189.0,3.51,4.47,100,100
2026-06-29T11:00,24.0,23.4,287.0,296.0,3.38,3.86,100,100
2026-06-29T12:00,30.7,23.4,761.0,445.0,4.81,4.81,73,100
2026-06-29T13:00,31.0,22.7,672.0,243.0,5.23,3.01,91,100
2026-06-29T14:00,30.9,23.5,571.0,291.0,6.0,3.76,72,100
2026-06-29T15:00,27.9,22.8,505.0,198.0,4.41,2.85,71,100
2026-06-29T16:00,27.2,22.6,303.0,174.0,6.82,2.67,59,100
2026-06-29T17:00,27.0,22.5,328.0,120.0,5.42,1.69,70,100
2026-06-29T18:00,24.0,21.6,112.0,40.0,3.72,1.88,100,100
2026-06-29T19:00,23.1,21.3,38.0,17.0,2.23,3.24,100,100
2026-06-29T20:00,22.4,20.9,1.0,1.0,2.94,2.98,100,100
2026-06-29T21:00,20.7,20.6,0.0,0.0,1.4,1.94,100,99
2026-06-29T22:00,20.1,20.4,0.0,0.0,3.54,2.85,100,100
2026-06-29T23:00,20.0,20.0,0.0,0.0,2.57,4.13,100,100
2026-06-30T00:00,19.2,19.1,0.0,0.0,4.62,2.37,100,87
2026-06-30T01:00,18.9,19.1,0.0,0.0,5.0,3.32,100,96
2026-06-30T02:00,18.5,18.7,0.0,0.0,5.43,3.04,96,85
2026-06-30T03:00,19.0,18.5,0.0,0.0,3.65,2.64,100,93
2026-06-30T04:00,18.9,18.7,6.0,5.0,4.16,2.2,100,96
2026-06-30T05:00,19.2,19.6,43.0,39.0,4.09,2.37,99,96
2026-06-30T06:00,20.1,20.8,185.0,105.0,1.71,1.88,100,94
2026-06-30T07:00,21.4,21.8,338.0,171.0,1.81,1.4,100,86
2026-06-30T08:00,22.2,23.2,416.0,336.0,2.23,1.52,100,93
2026-06-30T09:00,23.9,24.3,426.0,453.0,2.86,1.87,100,95
2026-06-30T10:00,25.4,25.6,557.0,517.0,2.36,2.07,100,97
2026-06-30T11:00,26.4,26.5,689.0,631.0,2.61,2.04,100,96
2026-06-30T12:00,27.3,27.0,799.0,622.0,2.69,1.27,100,91
2026-06-30T13:00,27.7,27.4,614.0,611.0,2.6,1.18,96,100
2026-06-30T14:00,28.7,27.5,717.0,554.0,2.76,2.15,36,100
2026-06-30T15:00,28.9,27.0,549.0,452.0,2.81,1.81,50,100
2026-06-30T16:00,29.4,26.4,429.0,331.0,2.11,1.12,93,100
2026-06-30T17:00,28.6,24.9,321.0,159.0,2.41,2.07,12,100
2026-06-30T18:00,27.0,25.6,157.0,109.0,3.43,1.67,100,100
2026-06-30T19:00,25.6,23.1,49.0,31.0,1.4,5.3,100,100
2026-06-30T20:00,22.5,21.5,1.0,1.0,5.74,3.9,100,100
2026-06-30T21:00,22.6,20.8,0.0,0.0,2.06,1.93,100,76
2026-06-30T22:00,21.3,20.2,0.0,0.0,7.55,0.63,87,100
2026-06-30T23:00,20.4,19.6,0.0,0.0,4.4,3.77,100,100
2026-07-01T00:00,18.8,19.0,0.0,0.0,6.79,4.13,100,100
2026-07-01T01:00,18.7,18.9,0.0,0.0,2.45,4.24,100,100
2026-07-01T02:00,18.7,18.5,0.0,0.0,2.76,2.67,100,100
2026-07-01T03:00,18.2,18.3,0.0,0.0,3.81,4.51,100,100
2026-07-01T04:00,18.1,18.8,3.0,4.0,1.89,4.44,100,100
2026-07-01T05:00,18.7,19.3,19.0,31.0,3.89,6.82,100,100
2026-07-01T06:00,18.4,19.3,25.0,29.0,6.19,7.67,100,100
2026-07-01T07:00,18.7,18.9,37.0,45.0,7.15,8.15,100,100
2026-07-01T08:00,17.5,19.1,47.0,93.0,9.78,6.87,100,100
2026-07-01T09:00,17.1,19.7,131.0,215.0,5.28,7.38,100,100
2026-07-01T10:00,18.6,19.3,165.0,241.0,5.28,7.26,100,100
2026-07-01T11:00,20.3,19.2,368.0,250.0,5.17,7.25,100,100
2026-07-01T12:00,19.6,20.4,243.0,366.0,4.05,7.33,100,100
2026-07-01T13:00,20.3,20.2,326.0,262.0,1.79,5.49,100,100
2026-07-01T14:00,20.2,20.7,353.0,320.0,5.06,4.31,100,100
2026-07-01T15:00,19.0,20.4,242.0,263.0,2.88,4.39,100,100
2026-07-01T16:00,18.9,20.3,254.0,209.0,2.23,3.9,100,100
2026-07-01T17:00,19.3,19.9,270.0,191.0,2.86,3.11,100,100
2026-07-01T18:00,18.3,22.0,85.0,173.0,3.5,5.05,100,44
2026-07-01T19:00,17.5,20.5,42.0,54.0,4.78,4.57,100,100
2026-07-01T20:00,16.6,19.3,1.0,1.0,3.71,4.19,91,79
2026-07-01T21:00,16.4,18.1,0.0,0.0,2.36,2.77,7,51
2026-07-01T22:00,15.7,17.0,0.0,0.0,2.35,1.62,28,19
2026-07-01T23:00,15.3,16.2,0.0,0.0,1.96,0.63,0,65
2026-07-02T00:00,14.1,16.1,0.0,0.0,2.36,3.72,0,56
2026-07-02T01:00,13.2,15.7,0.0,0.0,2.75,3.75,43,27
2026-07-02T02:00,13.0,15.1,0.0,0.0,0.66,4.02,38,40
2026-07-02T03:00,13.0,14.5,0.0,0.0,0.62,4.4,81,2
2026-07-02T04:00,13.1,14.1,9.0,11.0,1.58,4.69,93,0
2026-07-02T05:00,13.6,15.0,75.0,97.0,2.15,4.52,99,0
2026-07-02T06:00,16.2,16.6,219.0,241.0,2.0,4.21,59,0
2026-07-02T07:00,18.0,18.4,397.0,405.0,0.92,2.6,17,0
2026-07-02T08:00,19.7,19.9,557.0,568.0,0.97,2.7,34,0
2026-07-02T09:00,21.8,21.1,707.0,630.0,1.48,4.32,0,73
2026-07-02T10:00,22.8,22.2,724.0,658.0,2.19,4.25,76,69
2026-07-02T11:00,23.8,22.9,778.0,627.0,3.37,4.61,32,78
2026-07-02T12:00,24.0,23.3,817.0,609.0,0.89,3.95,42,67
2026-07-02T13:00,23.8,24.2,597.0,655.0,6.4,3.66,57,75
2026-07-02T14:00,24.5,24.6,722.0,564.0,3.78,4.53,44,58
2026-07-02T15:00,24.9,25.0,512.0,567.0,1.8,4.84,5,78
2026-07-02T16:00,24.5,24.7,486.0,396.0,4.12,5.08,5,45
2026-07-02T17:00,23.9,24.4,347.0,307.0,4.0,5.78,21,49
2026-07-02T18:00,22.7,23.3,189.0,160.0,5.27,4.19,36,80
2026-07-02T19:00,20.9,22.0,52.0,36.0,3.46,4.99,64,91
2026-07-02T20:00,20.7,21.1,1.0,1.0,2.72,5.89,52,86
2026-07-02T21:00,19.6,20.3,0.0,0.0,4.35,5.48,67,92
2026-07-02T22:00,18.6,18.6,0.0,0.0,5.06,7.92,44,100
2026-07-02T23:00,17.4,17.9,0.0,0.0,8.8,6.73,34,99
2026-07-03T00:00,16.8,18.6,0.0,0.0,6.61,7.19,100,98
2026-07-03T01:00,16.7,18.0,0.0,0.0,6.98,6.58,100,99
2026-07-03T02:00,16.2,17.1,0.0,0.0,6.55,5.96,92,93
2026-07-03T03:00,16.1,16.8,0.0,0.0,6.84,6.47,90,88
2026-07-03T04:00,15.8,16.4,5.0,5.0,5.98,6.98,90,82
2026-07-03T05:00,15.9,16.3,47.0,65.0,5.79,5.92,88,71
2026-07-03T06:00,16.0,15.8,157.0,187.0,4.97,5.65,70,68
2026-07-03T07:00,16.5,16.2,296.0,342.0,4.81,4.47,84,63
2026-07-03T08:00,17.0,16.9,419.0,484.0,4.53,4.16,83,57
2026-07-03T09:00,19.3,18.0,623.0,628.0,5.08,3.88,96,49
2026-07-03T10:00,20.0,19.2,652.0,774.0,4.85,3.53,39,47
2026-07-03T11:00,21.3,20.3,829.0,817.0,4.37,3.54,42,52
2026-07-03T12:00,22.1,21.9,869.0,854.0,4.9,4.16,13,68
2026-07-03T13:00,22.3,22.4,876.0,809.0,4.93,4.44,3,66
2026-07-03T14:00,23.0,22.6,766.0,713.0,3.82,4.55,54,37
2026-07-03T15:00,23.1,22.7,678.0,638.0,4.12,4.43,34,32
2026-07-03T16:00,22.6,22.3,524.0,509.0,4.9,4.44,0,49
2026-07-03T17:00,22.0,21.6,364.0,335.0,5.17,4.87,0,100
2026-07-03T18:00,21.2,21.6,197.0,194.0,5.08,5.23,0,1
2026-07-03T19:00,19.1,19.7,60.0,60.0,4.88,5.61,0,0
2026-07-03T20:00,17.6,17.8,1.0,1.0,5.02,6.04,0,92
2026-07-03T21:00,16.7,16.4,0.0,0.0,3.21,5.8,0,33
2026-07-03T22:00,16.1,15.4,0.0,0.0,2.26,4.93,0,8
2026-07-03T23:00,14.9,14.8,0.0,0.0,3.29,4.31,0,9
2026-07-04T00:00,14.8,14.0,0.0,0.0,2.08,2.41,3,0
2026-07-04T01:00,14.2,13.1,0.0,0.0,2.06,1.67,100,20
2026-07-04T02:00,13.3,11.9,0.0,0.0,2.02,1.92,96,0
2026-07-04T03:00,12.9,11.0,0.0,0.0,2.75,2.6,0,0
2026-07-04T04:00,12.9,10.6,10.0,10.0,2.67,3.06,0,0
2026-07-04T05:00,13.9,11.9,94.0,95.0,2.95,3.57,40,0
2026-07-04T06:00,15.7,14.6,205.0,221.0,2.77,3.77,69,59
2026-07-04T07:00,17.4,17.7,313.0,374.0,2.29,3.05,77,100
2026-07-04T08:00,18.9,20.0,468.0,551.0,2.79,2.74,71,32
2026-07-04T09:00,20.9,21.5,630.0,659.0,3.94,4.32,55,53
2026-07-04T10:00,22.0,22.4,717.0,715.0,5.44,5.21,62,64
2026-07-04T11:00,22.9,23.2,713.0,778.0,7.14,5.3,41,86
2026-07-04T12:00,23.9,23.0,868.0,699.0,6.01,6.45,45,69
2026-07-04T13:00,24.3,23.7,836.0,781.0,5.3,6.1,78,66
2026-07-04T14:00,24.6,24.0,720.0,696.0,4.76,6.13,47,51
2026-07-04T15:00,24.3,24.2,663.0,633.0,6.36,5.83,0,47
2026-07-04T16:00,24.4,23.9,511.0,476.0,7.23,5.66,12,41
2026-07-04T17:00,23.6,23.4,353.0,331.0,5.08,5.35,15,53
2026-07-04T18:00,22.8,22.5,180.0,179.0,6.4,5.77,45,52
2026-07-04T19:00,21.0,20.7,55.0,54.0,6.72,4.5,20,8
2026-07-04T20:00,19.0,18.8,1.0,1.0,3.61,3.09,0,13
2026-07-04T21:00,16.4,17.8,0.0,0.0,2.67,1.88,0,26
2026-07-04T22:00,15.6,16.8,0.0,0.0,5.27,3.02,32,64
2026-07-04T23:00,15.4,16.0,0.0,0.0,6.23,5.62,75,69
2026-07-05T00:00,14.4,15.3,0.0,0.0,7.31,6.35,76,43
2026-07-05T01:00,14.2,15.0,0.0,0.0,7.27,8.12,79,38
2026-07-05T02:00,14.3,15.0,0.0,0.0,6.96,9.27,30,35
2026-07-05T03:00,13.6,15.2,0.0,0.0,6.0,9.1,4,6
2026-07-05T04:00,13.3,15.0,9.0,10.0,6.08,8.43,87,9
2026-07-05T05:00,14.5,16.1,63.0,91.0,5.78,7.84,97,0
2026-07-05T06:00,16.0,18.0,145.0,225.0,4.51,6.7,97,8
2026-07-05T07:00,16.6,20.3,150.0,397.0,4.95,4.5,98,3
2026-07-05T08:00,18.7,22.3,266.0,552.0,4.31,6.66,61,97
2026-07-05T09:00,21.6,23.0,551.0,516.0,6.14,8.34,49,71
2026-07-05T10:00,22.0,24.0,586.0,678.0,6.22,8.2,96,83
2026-07-05T11:00,23.2,24.6,458.0,633.0,5.65,8.55,90,77
2026-07-05T12:00,24.7,24.0,698.0,523.0,6.68,6.59,85,100
2026-07-05T13:00,24.4,22.4,467.0,366.0,6.55,4.87,98,95
2026-07-05T14:00,23.9,23.5,312.0,515.0,7.7,2.33,91,62
2026-07-05T15:00,23.7,23.2,369.0,405.0,8.94,1.97,75,100
2026-07-05T16:00,22.3,22.3,261.0,209.0,6.82,4.25,97,100
2026-07-05T17:00,22.0,21.6,91.0,97.0,4.38,2.26,100,100
2026-07-05T18:00,21.8,20.0,81.0,36.0,6.89,3.54,100,100
2026-07-05T19:00,19.7,19.4,26.0,19.0,5.06,4.62,100,86
2026-07-05T20:00,18.2,18.6,1.0,1.0,3.82,5.33,99,83
2026-07-05T21:00,17.2,17.9,0.0,0.0,5.89,4.71,87,98
2026-07-05T22:00,16.4,17.3,0.0,0.0,6.17,3.99,93,85
2026-07-05T23:00,16.1,16.9,0.0,0.0,6.89,3.84,85,85
2026-07-06T00:00,16.4,15.9,0.0,0.0,4.92,6.37,79,79
2026-07-06T01:00,15.9,15.8,0.0,0.0,5.4,7.05,95,100
2026-07-06T02:00,15.8,15.8,0.0,0.0,4.75,6.47,97,100
2026-07-06T03:00,15.8,15.7,0.0,0.0,5.69,6.57,100,98
2026-07-06T04:00,15.7,15.6,4.0,4.0,5.6,6.98,100,97
2026-07-06T05:00,16.0,15.9,62.0,37.0,6.17,7.15,96,100
2026-07-06T06:00,17.1,16.5,166.0,110.0,3.77,5.6,95,90
2026-07-06T07:00,18.1,18.0,271.0,217.0,4.12,3.55,97,71
2026-07-06T08:00,19.1,19.9,357.0,410.0,5.63,5.67,83,89
2026-07-06T09:00,20.2,21.2,470.0,493.0,6.18,5.15,97,88
2026-07-06T10:00,21.1,22.7,534.0,589.0,6.09,5.71,85,78
2026-07-06T11:00,22.6,23.9,635.0,656.0,5.88,5.2,98,91
2026-07-06T12:00,24.0,25.2,560.0,662.0,5.39,6.5,68,91
2026-07-06T13:00,25.4,26.3,734.0,681.0,6.48,6.43,77,85
2026-07-06T14:00,25.7,26.9,592.0,594.0,5.35,7.08,70,86
2026-07-06T15:00,26.0,27.0,493.0,514.0,5.43,7.88,81,71
2026-07-06T16:00,26.1,26.8,420.0,414.0,8.06,8.5,52,87
2026-07-06T17:00,25.1,26.5,306.0,297.0,6.69,7.16,68,100
2026-07-06T18:00,23.9,25.3,128.0,156.0,6.76,6.14,89,97
2026-07-06T19:00,22.4,23.5,38.0,34.0,6.04,5.67,73,92
2026-07-06T20:00,20.5,21.5,1.0,0.0,5.7,5.49,40,80
2026-07-06T21:00,20.8,20.6,0.0,0.0,7.58,7.39,100,69
2026-07-06T22:00,19.4,19.9,0.0,0.0,7.65,8.88,28,40
2026-07-06T23:00,18.7,19.5,0.0,0.0,7.93,8.69,43,81
2026-07-07T00:00,17.4,19.1,0.0,0.0,6.88,8.08,34,97
2026-07-07T01:00,16.5,18.8,0.0,0.0,7.46,8.01,0,53
2026-07-07T02:00,16.1,17.3,0.0,0.0,7.75,8.41,0,2
2026-07-07T03:00,15.5,16.5,0.0,0.0,7.48,9.89,10,70
2026-07-07T04:00,16.1,17.0,8.0,6.0,8.02,10.17,30,76
2026-07-07T05:00,17.1,18.4,88.0,84.0,9.11,9.08,25,7
2026-07-07T06:00,18.9,20.4,227.0,226.0,7.12,9.41,68,18
2026-07-07T07:00,21.3,22.7,370.0,387.0,7.54,6.79,55,19
2026-07-07T08:00,23.7,24.9,549.0,552.0,9.69,7.27,30,75
2026-07-07T09:00,25.3,27.2,676.0,639.0,9.19,7.76,100,75
2026-07-07T10:00,26.8,29.1,708.0,772.0,9.72,9.17,100,85
2026-07-07T11:00,27.8,30.0,671.0,776.0,10.66,11.14,100,100
2026-07-07T12:00,28.3,30.5,622.0,787.0,8.83,11.71,100,100
2026-07-07T13:00,29.0,30.6,601.0,693.0,10.42,11.07,100,100
2026-07-07T14:00,27.7,30.6,357.0,593.0,10.7,10.39,100,100
2026-07-07T15:00,28.3,30.8,416.0,566.0,10.5,9.64,100,93
2026-07-07T16:00,27.6,29.8,366.0,444.0,8.49,10.19,100,79
2026-07-07T17:00,26.4,29.2,183.0,230.0,9.74,8.66,100,97
2026-07-07T18:00,26.4,27.4,124.0,125.0,10.36,10.03,78,99
2026-07-07T19:00,24.7,25.9,35.0,35.0,10.35,9.98,93,96
2026-07-07T20:00,23.7,24.2,1.0,1.0,11.01,8.46,100,100
2026-07-07T21:00,21.7,22.7,0.0,0.0,8.98,9.23,100,100
2026-07-07T22:00,20.5,22.2,0.0,0.0,8.24,9.39,100,100
2026-07-07T23:00,19.5,21.4,0.0,0.0,6.89,8.67,100,99
2026-07-08T00:00,18.4,19.3,0.0,0.0,6.23,8.02,100,97
2026-07-08T01:00,17.6,18.2,0.0,0.0,5.58,6.88,100,68
2026-07-08T02:00,17.2,17.2,0.0,0.0,6.76,6.98,95,81
2026-07-08T03:00,16.8,16.5,0.0,0.0,7.44,7.27,99,96
2026-07-08T04:00,16.4,16.1,4.0,8.0,6.88,7.49,100,100
2026-07-08T05:00,16.6,16.7,32.0,78.0,7.04,7.19,100,100
2026-07-08T06:00,17.5,18.0,64.0,174.0,5.86,5.63,100,98
2026-07-08T07:00,18.1,18.3,147.0,237.0,5.23,5.92,100,96
2026-07-08T08:00,19.1,18.8,265.0,306.0,5.88,5.08,100,100
2026-07-08T09:00,20.3,20.0,362.0,467.0,7.53,5.66,100,100
2026-07-08T10:00,20.6,20.5,303.0,477.0,8.41,6.05,100,100
2026-07-08T11:00,21.6,21.3,406.0,390.0,7.37,6.03,100,100
2026-07-08T12:00,21.7,21.9,278.0,392.0,8.52,6.66,100,97
2026-07-08T13:00,21.7,22.6,269.0,320.0,6.86,6.56,100,95
2026-07-08T14:00,22.5,23.1,323.0,333.0,8.28,6.34,93,71
2026-07-08T15:00,21.6,22.7,393.0,390.0,7.41,6.84,65,79
2026-07-08T16:00,21.3,22.2,404.0,368.0,6.85,4.63,88,52
2026-07-08T17:00,20.9,22.1,214.0,316.0,6.22,4.44,72,65
2026-07-08T18:00,20.9,21.7,160.0,153.0,4.22,4.63,66,63
2026-07-08T19:00,19.7,20.1,50.0,45.0,3.24,4.74,74,49
2026-07-08T20:00,18.7,18.5,1.0,1.0,2.75,3.82,68,47
2026-07-08T21:00,18.5,17.6,0.0,0.0,2.55,3.63,40,59
2026-07-08T22:00,17.9,17.1,0.0,0.0,2.85,2.87,95,86
2026-07-08T23:00,17.3,16.9,0.0,0.0,2.45,1.71,78,84
2026-07-09T00:00,17.1,16.2,0.0,0.0,2.53,4.19,94,84
2026-07-09T01:00,16.7,15.9,0.0,0.0,3.26,4.56,79,82
2026-07-09T02:00,16.3,15.6,0.0,0.0,3.26,4.86,76,85
2026-07-09T03:00,16.7,15.3,0.0,0.0,2.89,4.65,77,82
2026-07-09T04:00,16.4,15.1,6.0,5.0,3.23,4.59,70,75
2026-07-09T05:00,16.6,15.8,78.0,70.0,3.9,3.92,32,55
2026-07-09T06:00,17.3,17.4,178.0,203.0,3.21,2.65,70,62
2026-07-09T07:00,18.8,18.7,356.0,357.0,3.16,2.29,26,33
2026-07-09T08:00,20.1,20.2,545.0,530.0,3.61,2.37,45,71
2026-07-09T09:00,21.5,21.3,658.0,496.0,3.9,3.33,50,60
2026-07-09T10:00,22.5,22.4,677.0,615.0,3.78,3.33,37,69
2026-07-09T11:00,24.0,23.3,784.0,657.0,3.83,3.12,0,71
2026-07-09T12:00,24.5,24.6,799.0,665.0,3.86,3.12,50,62
2026-07-09T13:00,25.0,25.1,815.0,652.0,4.03,3.05,10,66
2026-07-09T14:00,25.4,25.7,767.0,601.0,3.47,2.99,2,61
2026-07-09T15:00,25.6,25.9,659.0,551.0,3.85,2.98,0,43
2026-07-09T16:00,25.5,25.8,515.0,484.0,4.17,2.6,0,11
2026-07-09T17:00,25.1,25.3,352.0,340.0,4.59,2.88,0,25
2026-07-09T18:00,24.1,24.1,189.0,184.0,3.83,2.94,0,3
2026-07-09T19:00,22.4,22.4,56.0,55.0,3.95,3.04,0,2
2026-07-09T20:00,21.3,20.7,1.0,1.0,3.19,3.81,0,4
2026-07-09T21:00,19.9,19.0,0.0,0.0,2.76,4.59,0,0
2026-07-09T22:00,19.2,17.8,0.0,0.0,2.56,5.35,0,0
2026-07-09T23:00,18.6,17.1,0.0,0.0,2.41,4.83,0,0
2026-07-10T00:00,17.4,17.3,0.0,0.0,2.01,6.08,0,0
2026-07-10T01:00,16.5,16.5,0.0,0.0,2.51,5.83,0,0
2026-07-10T02:00,16.2,15.7,0.0,0.0,2.71,5.01,0,0
2026-07-10T03:00,15.1,15.2,0.0,0.0,1.94,4.22,0,0
2026-07-10T04:00,14.9,14.9,7.0,7.0,1.96,3.8,0,9
2026-07-10T05:00,15.5,15.6,84.0,84.0,2.02,3.57,0,85
2026-07-10T06:00,18.1,17.8,221.0,224.0,3.26,2.99,94,34
2026-07-10T07:00,19.7,19.3,384.0,382.0,1.25,1.81,100,98
2026-07-10T08:00,21.4,21.1,542.0,533.0,1.46,1.77,0,98
2026-07-10T09:00,22.9,22.8,686.0,672.0,1.61,1.71,100,70
2026-07-10T10:00,24.2,24.3,780.0,791.0,1.88,1.66,12,7
2026-07-10T11:00,25.5,25.4,863.0,858.0,2.23,1.61,44,29
2026-07-10T12:00,26.4,26.6,882.0,884.0,2.53,1.67,85,0
2026-07-10T13:00,27.2,27.4,854.0,855.0,2.47,1.94,0,0
2026-07-10T14:00,27.8,27.9,780.0,779.0,2.67,2.37,0,5
2026-07-10T15:00,28.2,28.1,667.0,661.0,3.04,2.65,0,0
2026-07-10T16:00,27.9,27.8,519.0,516.0,3.29,2.7,0,0
2026-07-10T17:00,27.3,27.2,353.0,351.0,3.66,2.64,0,30
2026-07-10T18:00,26.6,26.3,190.0,188.0,4.09,3.42,0,0
2026-07-10T19:00,24.6,24.6,56.0,54.0,3.87,3.06,0,0
2026-07-10T20:00,23.0,23.3,1.0,1.0,3.47,2.85,0,38
2026-07-10T21:00,21.2,22.1,0.0,0.0,2.73,2.88,0,27
2026-07-10T22:00,20.3,21.2,0.0,0.0,4.4,2.5,0,0
2026-07-10T23:00,19.4,20.1,0.0,0.0,7.41,3.82,0,0
2026-07-11T00:00,18.5,18.7,0.0,0.0,7.02,6.98,0,0
2026-07-11T01:00,17.4,17.7,0.0,0.0,6.05,6.86,0,0
2026-07-11T02:00,16.4,16.7,0.0,0.0,5.47,6.45,0,0
2026-07-11T03:00,15.5,15.9,0.0,0.0,5.0,6.36,0,0
2026-07-11T04:00,15.2,15.4,7.0,7.0,4.03,5.88,0,0
2026-07-11T05:00,16.0,16.4,84.0,84.0,3.76,4.96,0,6
2026-07-11T06:00,18.1,18.7,226.0,224.0,2.83,3.99,0,0
2026-07-11T07:00,20.2,20.5,391.0,389.0,2.31,2.64,0,0
2026-07-11T08:00,22.1,22.5,555.0,553.0,2.67,2.72,0,0
2026-07-11T09:00,24.5,24.3,700.0,697.0,3.26,2.88,0,0
2026-07-11T10:00,26.3,26.0,810.0,807.0,3.7,3.32,0,0
2026-07-11T11:00,27.7,27.2,878.0,873.0,3.57,3.21,0,0
2026-07-11T12:00,28.3,27.7,898.0,891.0,2.78,3.12,0,4
2026-07-11T13:00,29.1,28.3,869.0,862.0,3.38,3.35,1,0
2026-07-11T14:00,28.9,28.6,794.0,785.0,3.48,3.61,0,0
2026-07-11T15:00,28.9,28.5,669.0,665.0,4.46,3.88,0,2
2026-07-11T16:00,29.0,28.2,521.0,516.0,3.61,4.25,4,0
2026-07-11T17:00,28.1,27.7,354.0,350.0,4.08,4.57,0,4
2026-07-11T18:00,27.2,26.5,190.0,187.0,5.69,5.65,0,1
2026-07-11T19:00,24.7,24.1,56.0,54.0,7.73,6.07,0,0
2026-07-11T20:00,22.4,21.9,1.0,1.0,8.37,7.8,0,0
2026-07-11T21:00,20.9,20.9,0.0,0.0,10.48,8.83,0,0
2026-07-11T22:00,19.4,19.8,0.0,0.0,9.81,8.33,0,0
2026-07-11T23:00,18.4,18.7,0.0,0.0,9.41,7.94,0,0
2026-07-12T00:00,17.4,16.7,0.0,0.0,8.62,7.44,4,0
2026-07-12T01:00,16.7,15.8,0.0,0.0,7.07,7.58,0,0
2026-07-12T02:00,15.9,14.9,0.0,0.0,6.98,6.99,0,0
2026-07-12T03:00,15.1,14.1,0.0,0.0,6.08,6.19,0,0
2026-07-12T04:00,14.4,13.7,6.0,6.0,4.35,5.99,0,0
2026-07-12T05:00,15.6,14.8,83.0,83.0,3.24,5.73,0,0
2026-07-12T06:00,18.2,17.9,226.0,223.0,2.94,5.52,0,0
2026-07-12T07:00,20.4,20.1,394.0,390.0,2.64,3.1,0,0
2026-07-12T08:00,22.4,22.1,560.0,555.0,3.7,3.9,0,0
2026-07-12T09:00,24.0,23.7,706.0,700.0,4.84,4.25,0,0
2026-07-12T10:00,25.2,25.0,815.0,811.0,4.0,4.08,0,0
2026-07-12T11:00,26.1,26.0,873.0,877.0,2.87,3.88,92,0
2026-07-12T12:00,26.9,26.5,900.0,871.0,4.09,3.23,0,37
2026-07-12T13:00,27.3,26.9,872.0,822.0,3.38,3.37,0,35
2026-07-12T14:00,27.5,27.2,775.0,761.0,4.71,3.63,0,27
2026-07-12T15:00,27.5,27.3,674.0,659.0,4.3,3.72,2,3
2026-07-12T16:00,27.1,26.9,507.0,517.0,4.17,3.92,96,43
2026-07-12T17:00,26.8,26.4,347.0,349.0,5.53,4.21,0,4
2026-07-12T18:00,26.0,25.5,189.0,187.0,4.76,3.67,0,3
2026-07-12T19:00,24.0,22.9,55.0,53.0,3.94,5.02,0,0
2026-07-12T20:00,21.3,20.6,1.0,1.0,4.44,5.44,0,0
2026-07-12T21:00,19.9,19.2,0.0,0.0,4.47,5.86,0,0
2026-07-12T22:00,18.9,18.2,0.0,0.0,4.31,5.83,0,0
2026-07-12T23:00,18.3,17.6,0.0,0.0,4.52,5.26,0,0
2026-07-13T00:00,17.8,16.9,0.0,0.0,3.37,4.27,0,0
2026-07-13T01:00,17.5,16.3,0.0,0.0,4.19,4.34,0,0
2026-07-13T02:00,17.2,15.6,0.0,0.0,2.56,4.16,0,0
2026-07-13T03:00,16.7,14.8,0.0,0.0,4.31,5.0,0,0
2026-07-13T04:00,16.1,14.3,6.0,6.0,5.02,5.19,0,0
2026-07-13T05:00,16.6,15.5,83.0,83.0,4.98,4.51,0,5
2026-07-13T06:00,19.8,19.1,225.0,224.0,4.95,4.9,13,1
2026-07-13T07:00,22.0,22.2,387.0,389.0,2.65,3.34,98,3
2026-07-13T08:00,24.2,24.3,542.0,553.0,4.54,3.54,2,12
2026-07-13T09:00,26.5,26.2,699.0,692.0,4.78,5.23,2,90
2026-07-13T10:00,27.9,27.3,801.0,774.0,4.9,6.18,1,100
2026-07-13T11:00,28.9,28.5,877.0,843.0,4.9,5.68,30,11
2026-07-13T12:00,29.3,29.2,883.0,836.0,5.72,6.0,100,100
2026-07-13T13:00,29.6,29.8,785.0,819.0,5.21,5.33,79,49
2026-07-13T14:00,29.4,29.9,651.0,707.0,3.85,4.73,100,100
2026-07-13T15:00,30.0,30.0,519.0,565.0,2.77,4.34,100,44
2026-07-13T16:00,29.2,29.7,365.0,493.0,2.85,4.04,100,85
2026-07-13T17:00,28.7,28.8,213.0,268.0,3.53,4.25,100,100
2026-07-13T18:00,27.7,27.5,132.0,143.0,5.75,4.43,100,100
2026-07-13T19:00,26.2,25.6,36.0,40.0,3.33,5.17,100,96
2026-07-13T20:00,24.6,23.1,0.0,0.0,4.64,7.09,98,99
2026-07-13T21:00,22.0,21.7,0.0,0.0,5.52,7.1,0,98
2026-07-13T22:00,20.7,20.1,0.0,0.0,6.4,7.27,0,88
2026-07-13T23:00,20.0,18.8,0.0,0.0,6.22,6.51,0,100
2026-07-14T00:00,19.0,18.3,0.0,0.0,6.53,5.89,4,76
2026-07-14T01:00,18.3,17.6,0.0,0.0,7.2,8.27,98,39
2026-07-14T02:00,17.9,17.7,0.0,0.0,6.59,7.82,89,92
2026-07-14T03:00,17.1,17.5,0.0,0.0,5.83,7.81,100,100
2026-07-14T04:00,17.4,17.6,2.0,3.0,2.73,5.7,100,100
2026-07-14T05:00,17.2,17.8,18.0,35.0,3.08,3.42,100,100
2026-07-14T06:00,17.7,19.3,30.0,120.0,5.68,4.11,100,100
2026-07-14T07:00,18.3,20.7,76.0,179.0,7.36,2.61,100,100
2026-07-14T08:00,21.2,21.4,240.0,208.0,5.04,1.97,100,100
2026-07-14T09:00,22.3,21.7,391.0,205.0,5.11,1.87,100,100
2026-07-14T10:00,23.7,23.0,494.0,283.0,5.83,1.67,100,100
2026-07-14T11:00,26.0,25.6,666.0,597.0,2.99,1.14,77,100
2026-07-14T12:00,26.0,28.5,763.0,714.0,0.5,2.56,100,70
2026-07-14T13:00,27.2,28.8,788.0,660.0,0.4,2.15,100,93
2026-07-14T14:00,28.2,24.8,742.0,302.0,0.28,4.78,14,100
2026-07-14T15:00,28.1,25.9,629.0,351.0,0.84,0.69,87,100
2026-07-14T16:00,27.4,26.0,327.0,328.0,1.52,1.36,100,100
2026-07-14T17:00,24.5,23.4,124.0,152.0,7.5,2.56,78,100
2026-07-14T18:00,22.2,22.4,150.0,131.0,2.36,3.46,100,100
2026-07-14T19:00,21.4,21.2,36.0,32.0,2.26,5.35,100,50
2026-07-14T20:00,20.4,20.2,0.0,0.0,3.8,5.23,100,100
2026-07-14T21:00,18.2,19.5,0.0,0.0,3.04,2.94,99,100
2026-07-14T22:00,18.3,19.0,0.0,0.0,5.1,5.92,94,66
2026-07-14T23:00,18.2,18.6,0.0,0.0,5.04,6.8,92,36
2026-07-15T00:00,17.8,18.4,0.0,0.0,2.98,8.8,100,56
2026-07-15T01:00,17.4,18.1,0.0,0.0,1.97,5.49,100,52
2026-07-15T02:00,17.3,17.3,0.0,0.0,0.9,3.89,55,74
2026-07-15T03:00,16.1,17.1,0.0,0.0,1.32,4.3,84,93
2026-07-15T04:00,16.1,17.3,4.0,3.0,1.23,3.86,89,89
2026-07-15T05:00,16.7,18.2,54.0,50.0,3.33,2.27,92,96
2026-07-15T06:00,18.1,18.7,126.0,106.0,4.44,2.52,100,100
2026-07-15T07:00,19.3,19.3,232.0,158.0,3.56,2.83,100,100
2026-07-15T08:00,20.1,19.8,235.0,194.0,2.65,1.77,100,99
2026-07-15T09:00,19.9,20.5,211.0,256.0,2.67,2.08,100,100
2026-07-15T10:00,20.6,22.0,284.0,453.0,1.86,2.77,100,100
2026-07-15T11:00,20.7,23.1,253.0,523.0,0.9,2.73,100,100
2026-07-15T12:00,22.6,24.0,374.0,559.0,1.9,1.55,98,100
2026-07-15T13:00,23.9,25.0,552.0,565.0,2.85,1.47,93,100
2026-07-15T14:00,24.4,23.3,546.0,465.0,2.94,3.26,100,100
2026-07-15T15:00,24.1,23.7,346.0,347.0,1.39,1.77,100,100
2026-07-15T16:00,23.8,24.4,264.0,357.0,0.71,1.12,100,100
2026-07-15T17:00,24.0,23.9,183.0,191.0,0.9,0.62,51,100
2026-07-15T18:00,23.3,22.5,143.0,70.0,1.71,3.21,88,92
2026-07-15T19:00,21.1,21.3,34.0,24.0,4.12,1.64,62,100
2026-07-15T20:00,19.9,20.0,0.0,0.0,4.46,1.88,100,100
2026-07-15T21:00,18.6,19.3,0.0,0.0,8.05,3.42,91,100
2026-07-15T22:00,17.8,18.4,0.0,0.0,5.71,3.59,100,100
2026-07-15T23:00,17.8,18.3,0.0,0.0,4.62,2.85,100,100
2026-07-16T00:00,17.1,17.3,0.0,0.0,1.53,1.93,92,100
2026-07-16T01:00,16.4,16.9,0.0,0.0,0.98,1.19,100,100
2026-07-16T02:00,16.9,16.2,0.0,0.0,2.64,1.33,100,100
2026-07-16T03:00,16.0,15.9,0.0,0.0,0.22,0.39,100,100
2026-07-16T04:00,16.0,15.7,3.0,3.0,1.33,1.27,100,100
2026-07-16T05:00,16.8,15.8,34.0,45.0,5.84,2.08,95,100
2026-07-16T06:00,18.0,18.6,124.0,133.0,1.41,2.42,100,84
2026-07-16T07:00,17.6,19.7,85.0,187.0,3.27,2.45,100,88
2026-07-16T08:00,19.0,21.1,162.0,284.0,1.33,1.94,100,66
2026-07-16T09:00,23.4,22.8,556.0,510.0,1.04,1.53,54,59
2026-07-16T10:00,24.7,24.2,634.0,643.0,1.55,1.32,85,64
2026-07-16T11:00,25.7,25.6,600.0,678.0,2.8,1.52,100,78
2026-07-16T12:00,27.1,25.6,700.0,698.0,2.83,2.46,90,76
2026-07-16T13:00,27.7,26.4,623.0,718.0,2.45,2.2,52,51
2026-07-16T14:00,28.0,27.0,651.0,720.0,1.24,2.08,76,71
2026-07-16T15:00,28.8,27.2,606.0,589.0,0.42,2.29,0,76
2026-07-16T16:00,28.9,26.9,401.0,444.0,1.77,2.46,90,100
2026-07-16T17:00,27.5,25.8,226.0,202.0,12.92,3.15,100,100
2026-07-16T18:00,26.2,26.5,170.0,107.0,1.58,2.17,100,100
2026-07-16T19:00,25.0,24.8,41.0,29.0,2.81,3.33,100,100
2026-07-16T20:00,23.1,23.4,0.0,0.0,4.66,3.13,100,100
2026-07-16T21:00,23.0,21.8,0.0,0.0,3.14,3.19,100,100
2026-07-16T22:00,21.3,20.7,0.0,0.0,6.57,10.26,100,100
2026-07-16T23:00,20.2,20.0,0.0,0.0,4.96,9.51,100,100
2026-07-17T00:00,19.7,19.9,0.0,0.0,4.86,4.84,100,100
2026-07-17T01:00,18.9,19.4,0.0,0.0,2.8,4.59,100,100
2026-07-17T02:00,18.7,18.8,0.0,0.0,5.36,3.94,100,100
2026-07-17T03:00,19.6,18.3,0.0,0.0,5.98,3.65,100,76
2026-07-17T04:00,20.3,18.0,2.0,5.0,8.32,4.13,100,95
2026-07-17T05:00,20.5,18.9,40.0,68.0,6.25,4.73,100,100
2026-07-17T06:00,19.9,20.4,49.0,203.0,4.57,5.17,100,25
2026-07-17T07:00,20.4,22.0,92.0,337.0,3.52,4.19,100,100
2026-07-17T08:00,21.5,22.5,176.0,368.0,1.9,5.15,100,100
2026-07-17T09:00,23.7,22.8,395.0,322.0,2.59,5.94,100,100
2026-07-17T10:00,25.0,22.1,555.0,375.0,2.71,5.56,100,100
2026-07-17T11:00,26.4,20.0,747.0,233.0,2.25,3.6,100,100
2026-07-17T12:00,27.5,22.0,827.0,375.0,4.27,7.08,18,100
2026-07-17T13:00,28.5,22.0,784.0,279.0,4.63,7.2,100,100
2026-07-17T14:00,28.3,23.7,630.0,439.0,6.11,9.17,100,100
2026-07-17T15:00,18.4,23.7,136.0,420.0,3.63,10.02,100,100
2026-07-17T16:00,19.7,23.4,171.0,300.0,7.7,10.23,100,100
2026-07-17T17:00,19.3,22.1,82.0,206.0,3.45,7.91,100,100
2026-07-17T18:00,21.7,21.1,162.0,92.0,2.36,7.81,92,100
2026-07-17T19:00,21.1,20.3,38.0,33.0,1.19,7.11,100,95
2026-07-17T20:00,19.0,19.4,0.0,0.0,2.16,7.42,100,48
2026-07-17T21:00,18.7,18.5,0.0,0.0,5.26,7.58,74,93
2026-07-17T22:00,18.6,18.2,0.0,0.0,4.21,7.51,100,68
2026-07-17T23:00,18.4,18.0,0.0,0.0,4.9,6.38,65,83
2026-07-18T00:00,17.8,17.5,0.0,0.0,4.35,7.92,68,62
2026-07-18T01:00,17.6,17.4,0.0,0.0,4.87,8.13,90,64
2026-07-18T02:00,17.7,17.3,0.0,0.0,5.46,7.27,99,66
2026-07-18T03:00,17.4,17.1,0.0,0.0,4.9,7.54,79,68
2026-07-18T04:00,17.0,17.2,3.0,3.0,5.27,7.56,61,72
2026-07-18T05:00,17.5,17.7,64.0,54.0,5.51,6.28,46,88
2026-07-18T06:00,18.4,18.0,204.0,118.0,4.33,5.1,0,87
2026-07-18T07:00,19.9,18.8,370.0,252.0,3.43,5.59,37,96
2026-07-18T08:00,21.3,19.6,471.0,391.0,4.04,4.56,66,93
2026-07-18T09:00,22.3,20.3,590.0,454.0,4.4,4.21,86,75
2026-07-18T10:00,23.0,21.3,619.0,570.0,4.5,3.73,99,99
2026-07-18T11:00,24.3,21.6,682.0,529.0,5.01,3.92,75,100
2026-07-18T12:00,24.1,22.3,672.0,567.0,4.74,4.51,100,100
2026-07-18T13:00,24.3,22.2,506.0,501.0,5.37,4.74,100,100
2026-07-18T14:00,24.7,21.9,557.0,493.0,4.79,4.56,99,100
2026-07-18T15:00,17.8,21.7,254.0,493.0,12.83,6.22,100,100
2026-07-18T16:00,21.7,20.9,266.0,340.0,3.92,5.95,100,100
2026-07-18T17:00,20.9,20.9,221.0,239.0,5.79,5.92,86,100
2026-07-18T18:00,19.9,20.8,104.0,154.0,4.03,5.95,100,25
2026-07-18T19:00,19.0,19.8,33.0,43.0,4.9,6.51,65,46
2026-07-18T20:00,17.3,18.8,0.0,0.0,4.75,6.93,94,41
2026-07-18T21:00,18.3,18.1,0.0,0.0,5.66,8.03,65,14
2026-07-18T22:00,17.6,17.5,0.0,0.0,5.22,8.07,57,19
2026-07-18T23:00,16.5,17.1,0.0,0.0,5.07,8.3,27,70
2026-07-19T00:00,15.3,16.1,0.0,0.0,4.89,7.79,62,38
2026-07-19T01:00,15.3,15.6,0.0,0.0,4.65,7.53,78,55
2026-07-19T02:00,15.4,15.1,0.0,0.0,4.54,7.19,73,64
2026-07-19T03:00,15.6,14.8,0.0,0.0,4.5,6.7,10,90
2026-07-19T04:00,14.9,14.9,3.0,3.0,5.21,5.71,0,78
2026-07-19T05:00,15.7,15.7,71.0,46.0,5.0,4.33,31,99
2026-07-19T06:00,17.1,17.0,206.0,137.0,4.97,4.67,52,100
2026-07-19T07:00,17.6,16.7,334.0,121.0,7.04,5.55,87,100
2026-07-19T08:00,15.2,16.0,187.0,68.0,8.15,6.22,100,100
2026-07-19T09:00,16.1,15.7,179.0,100.0,6.4,4.96,100,100
2026-07-19T10:00,16.5,16.1,189.0,187.0,4.0,2.91,100,100
2026-07-19T11:00,17.8,17.2,381.0,364.0,3.34,5.4,100,91
2026-07-19T12:00,20.7,18.9,643.0,588.0,5.16,5.86,71,72
2026-07-19T13:00,21.8,19.1,751.0,629.0,6.31,6.92,48,80
2026-07-19T14:00,22.0,19.1,670.0,485.0,5.91,7.46,67,72
2026-07-19T15:00,21.4,19.5,558.0,531.0,5.96,6.58,29,52
2026-07-19T16:00,21.0,19.2,434.0,448.0,5.41,6.38,78,57
2026-07-19T17:00,20.4,18.7,329.0,300.0,5.21,5.14,0,90
2026-07-19T18:00,19.7,17.6,183.0,164.0,4.35,4.65,0,45
2026-07-19T19:00,18.0,15.7,48.0,43.0,2.97,3.8,0,34
2026-07-19T20:00,16.8,14.4,0.0,0.0,2.74,2.98,100,36
2026-07-19T21:00,15.2,13.6,0.0,0.0,0.88,3.01,0,38
2026-07-19T22:00,14.1,12.6,0.0,0.0,1.31,3.17,63,2
2026-07-19T23:00,13.2,11.4,0.0,0.0,2.39,2.76,0,0
2026-07-20T00:00,12.7,10.2,0.0,0.0,2.42,4.16,100,0
2026-07-20T01:00,12.3,9.6,0.0,0.0,1.8,4.17,86,0
2026-07-20T02:00,12.1,9.3,0.0,0.0,1.36,3.88,86,0
2026-07-20T03:00,11.9,8.1,0.0,0.0,3.17,2.69,83,3
2026-07-20T04:00,11.7,7.3,3.0,3.0,4.06,2.15,77,0
2026-07-20T05:00,12.1,8.4,63.0,74.0,3.11,1.71,63,0
2026-07-20T06:00,13.8,12.5,208.0,221.0,4.43,2.37,2,1
2026-07-20T07:00,15.5,15.7,387.0,390.0,2.67,2.2,0,0
2026-07-20T08:00,17.4,17.4,555.0,560.0,2.36,2.0,0,0
2026-07-20T09:00,19.0,18.8,698.0,708.0,2.33,2.11,0,0
2026-07-20T10:00,20.0,20.1,779.0,820.0,3.0,2.51,21,0
2026-07-20T11:00,21.1,20.9,829.0,885.0,3.53,3.54,43,78
2026-07-20T12:00,21.8,22.1,813.0,883.0,3.23,3.81,49,25
2026-07-20T13:00,22.6,22.4,764.0,850.0,4.95,3.95,92,27
2026-07-20T14:00,22.3,22.6,690.0,766.0,6.88,3.69,29,37
2026-07-20T15:00,23.0,22.4,641.0,624.0,5.88,4.43,44,40
2026-07-20T16:00,22.6,21.6,515.0,485.0,4.97,5.26,7,48
2026-07-20T17:00,21.7,20.7,343.0,331.0,5.21,5.14,0,41
2026-07-20T18:00,20.5,19.8,178.0,166.0,6.32,4.85,9,31
2026-07-20T19:00,17.9,17.7,46.0,44.0,7.66,4.71,1,10
2026-07-20T20:00,15.8,16.1,0.0,0.0,7.87,3.38,44,61
2026-07-20T21:00,14.6,15.1,0.0,0.0,5.01,3.33,100,91
2026-07-20T22:00,14.4,14.6,0.0,0.0,4.59,5.11,100,91
2026-07-20T23:00,13.8,14.4,0.0,0.0,4.41,4.55,87,83
2026-07-21T00:00,12.9,13.9,0.0,0.0,3.8,4.35,91,73
2026-07-21T01:00,12.2,13.2,0.0,0.0,3.76,4.99,100,93
2026-07-21T02:00,11.2,13.1,0.0,0.0,3.64,5.97,100,77
2026-07-21T03:00,10.4,12.8,0.0,0.0,4.13,5.96,86,79
2026-07-21T04:00,10.3,12.4,2.0,2.0,4.37,5.86,87,80
2026-07-21T05:00,11.3,12.8,65.0,51.0,4.24,5.48,95,72
2026-07-21T06:00,13.2,13.8,196.0,169.0,2.59,4.52,100,52
2026-07-21T07:00,14.6,15.4,334.0,328.0,2.69,3.47,100,44
2026-07-21T08:00,16.5,17.0,525.0,504.0,2.59,3.33,35,39
2026-07-21T09:00,18.3,18.4,644.0,677.0,2.73,3.27,74,41
2026-07-21T10:00,19.0,19.4,650.0,745.0,2.33,3.2,99,64
2026-07-21T11:00,19.9,20.2,579.0,662.0,2.54,3.04,91,75
2026-07-21T12:00,21.2,20.9,663.0,724.0,3.27,3.47,70,59
2026-07-21T13:00,20.9,21.7,653.0,740.0,4.61,3.5,77,41
2026-07-21T14:00,20.4,21.7,487.0,619.0,5.24,4.61,82,92
2026-07-21T15:00,19.6,21.0,414.0,343.0,7.62,5.59,100,91
2026-07-21T16:00,19.5,19.9,374.0,276.0,6.06,6.28,71,70
2026-07-21T17:00,19.3,19.3,273.0,236.0,5.59,4.69,50,55
2026-07-21T18:00,19.0,19.2,144.0,116.0,5.42,3.69,74,84
2026-07-21T19:00,17.5,18.4,29.0,23.0,5.75,3.19,73,85
2026-07-21T20:00,16.0,17.0,0.0,0.0,4.61,2.69,91,55
2026-07-21T21:00,15.1,15.8,0.0,0.0,3.59,1.87,72,48
2026-07-21T22:00,15.0,14.8,0.0,0.0,2.02,1.45,44,45
2026-07-21T23:00,13.2,14.0,0.0,0.0,1.19,1.53,44,54
2026-07-22T00:00,12.3,12.8,0.0,0.0,0.1,2.29,6,93
2026-07-22T01:00,11.7,12.4,0.0,0.0,1.36,1.67,0,81
2026-07-22T02:00,11.0,11.8,0.0,0.0,1.52,1.69,0,39
2026-07-22T03:00,9.1,10.9,0.0,0.0,1.96,2.01,0,24
2026-07-22T04:00,8.8,10.1,2.0,2.0,2.07,2.08,0,41
2026-07-22T05:00,10.1,10.8,68.0,66.0,2.09,2.02,0,18
2026-07-22T06:00,13.5,12.8,209.0,209.0,2.02,2.58,0,0
2026-07-22T07:00,16.3,16.2,379.0,377.0,1.1,2.58,0,0
2026-07-22T08:00,18.5,18.7,547.0,547.0,1.77,2.06,0,0
2026-07-22T09:00,20.4,20.1,560.0,630.0,4.21,2.5,38,41
2026-07-22T10:00,21.5,21.1,593.0,646.0,4.21,3.42,0,81
2026-07-22T11:00,22.3,21.7,754.0,634.0,3.77,4.03,71,82
2026-07-22T12:00,22.3,23.2,672.0,835.0,4.57,3.63,100,48
2026-07-22T13:00,22.0,23.9,506.0,800.0,7.19,3.74,100,43
2026-07-22T14:00,23.3,24.2,605.0,736.0,4.53,4.96,100,100
2026-07-22T15:00,23.9,23.5,606.0,443.0,6.07,5.08,100,100
2026-07-22T16:00,23.2,23.3,393.0,394.0,7.49,5.52,83,99
2026-07-22T17:00,22.7,22.7,296.0,304.0,3.46,5.87,80,82
2026-07-22T18:00,21.4,22.0,143.0,122.0,7.63,5.85,100,100
2026-07-22T19:00,18.7,19.6,35.0,31.0,6.79,6.94,100,37
2026-07-22T20:00,16.7,17.8,0.0,0.0,6.22,6.45,97,97
2026-07-22T21:00,15.0,16.5,0.0,0.0,5.52,6.27,88,81
2026-07-22T22:00,14.3,15.4,0.0,0.0,4.19,4.31,84,85
2026-07-22T23:00,13.0,14.9,0.0,0.0,4.17,3.21,100,92
2026-07-23T00:00,11.7,13.4,0.0,0.0,4.06,3.95,87,100
2026-07-23T01:00,12.3,13.1,0.0,0.0,4.44,5.47,100,100
2026-07-23T02:00,12.1,13.0,0.0,0.0,5.13,5.9,89,100
2026-07-23T03:00,11.9,12.6,0.0,0.0,6.39,5.63,100,75
2026-07-23T04:00,12.3,12.3,1.0,1.0,5.35,5.2,99,85
2026-07-23T05:00,12.8,13.2,39.0,43.0,4.62,4.72,46,81
2026-07-23T06:00,14.1,15.2,154.0,156.0,3.6,4.33,96,70
2026-07-23T07:00,15.4,16.1,272.0,276.0,4.37,3.47,77,78
2026-07-23T08:00,16.4,17.2,402.0,376.0,4.4,4.89,74,88
2026-07-23T09:00,18.1,18.4,492.0,499.0,5.35,5.57,84,79
2026-07-23T10:00,19.3,19.6,666.0,549.0,5.41,6.53,60,78
2026-07-23T11:00,20.2,20.5,730.0,620.0,5.49,6.88,58,80
2026-07-23T12:00,21.1,21.6,694.0,798.0,6.63,6.67,55,50
2026-07-23T13:00,21.7,22.1,719.0,778.0,6.69,6.63,40,30
2026-07-23T14:00,22.2,22.5,704.0,711.0,6.72,6.49,36,19
2026-07-23T15:00,21.4,22.1,535.0,631.0,9.46,6.79,35,52
2026-07-23T16:00,20.7,21.4,431.0,452.0,9.38,6.88,0,54
2026-07-23T17:00,20.2,20.3,337.0,290.0,8.34,6.79,67,49
2026-07-23T18:00,19.8,19.3,166.0,150.0,7.91,5.74,64,56
2026-07-23T19:00,17.3,17.7,40.0,34.0,5.94,5.33,40,79
2026-07-23T20:00,15.5,16.1,0.0,0.0,3.57,3.83,15,80
2026-07-23T21:00,14.4,15.0,0.0,0.0,3.24,3.53,72,81
2026-07-23T22:00,14.5,13.9,0.0,0.0,2.75,4.0,71,79
2026-07-23T23:00,13.1,13.1,0.0,0.0,2.68,3.34,54,81
2026-07-24T00:00,11.1,11.9,0.0,0.0,1.75,2.42,11,56
2026-07-24T01:00,10.9,10.8,0.0,0.0,1.08,2.05,40,20
2026-07-24T02:00,10.7,9.2,0.0,0.0,1.53,1.27,47,6
2026-07-24T03:00,9.8,7.7,0.0,0.0,1.8,0.84,24,25
2026-07-24T04:00,10.0,6.7,2.0,2.0,1.88,0.35,18,18
2026-07-24T05:00,11.0,7.4,64.0,65.0,2.15,0.1,15,42
2026-07-24T06:00,13.1,13.1,207.0,186.0,1.11,0.2,0,13
2026-07-24T07:00,15.6,16.4,376.0,375.0,0.44,0.35,0,0
2026-07-24T08:00,17.9,18.7,545.0,543.0,0.84,0.84,0,24
2026-07-24T09:00,19.5,20.4,688.0,691.0,0.62,0.22,0,0
2026-07-24T10:00,20.7,21.5,798.0,799.0,1.5,0.39,0,35
2026-07-24T11:00,21.6,22.5,868.0,843.0,0.39,0.14,0,37
2026-07-24T12:00,22.6,23.1,881.0,873.0,0.88,0.59,0,22
2026-07-24T13:00,23.4,23.8,848.0,850.0,0.1,0.89,0,14
2026-07-24T14:00,23.8,24.2,777.0,771.0,0.78,1.14,0,29
2026-07-24T15:00,24.0,24.3,657.0,650.0,1.01,1.12,0,12
2026-07-24T16:00,24.1,24.1,506.0,503.0,1.68,1.25,0,1
2026-07-24T17:00,23.6,23.5,341.0,336.0,2.18,1.46,0,0
2026-07-24T18:00,22.7,22.2,175.0,171.0,2.36,2.23,0,17
2026-07-24T19:00,20.0,18.9,41.0,38.0,2.75,3.33,0,17
2026-07-24T20:00,18.3,16.3,0.0,0.0,2.19,4.04,26,31
2026-07-24T21:00,16.6,14.6,0.0,0.0,4.38,4.86,69,100
2026-07-24T22:00,15.4,13.6,0.0,0.0,5.3,6.37,100,84
2026-07-24T23:00,14.9,13.0,0.0,0.0,5.2,7.18,100,100
2026-07-25T00:00,13.3,12.7,0.0,0.0,4.43,6.59,68,68
2026-07-25T01:00,13.2,12.0,0.0,0.0,3.68,6.59,82,2
2026-07-25T02:00,12.0,11.4,0.0,0.0,3.2,6.03,100,100
2026-07-25T03:00,11.3,11.2,0.0,0.0,3.4,5.8,93,100
2026-07-25T04:00,11.0,10.7,2.0,1.0,3.26,5.39,100,100
2026-07-25T05:00,11.5,11.4,58.0,56.0,2.69,5.0,100,100
2026-07-25T06:00,14.3,15.0,178.0,198.0,2.83,3.86,84,17
2026-07-25T07:00,17.8,18.4,331.0,369.0,2.29,3.2,1,0
2026-07-25T08:00,20.9,21.3,532.0,539.0,1.47,1.46,85,1
2026-07-25T09:00,24.2,23.9,686.0,688.0,1.5,1.36,2,0
2026-07-25T10:00,26.5,26.1,798.0,799.0,1.48,0.81,0,0
2026-07-25T11:00,28.0,27.9,873.0,865.0,0.83,1.25,0,6
2026-07-25T12:00,29.5,29.0,888.0,886.0,2.57,1.75,0,56
2026-07-25T13:00,30.1,30.0,859.0,850.0,3.64,2.98,0,100
2026-07-25T14:00,30.4,30.4,778.0,763.0,3.76,3.56,0,5
2026-07-25T15:00,30.4,30.5,605.0,640.0,5.31,3.66,57,100
2026-07-25T16:00,30.4,29.8,465.0,395.0,5.29,4.46,38,98
2026-07-25T17:00,29.6,28.8,304.0,177.0,4.29,5.0,55,100
2026-07-25T18:00,29.0,26.2,138.0,82.0,5.52,9.3,96,72
2026-07-25T19:00,26.6,23.7,20.0,23.0,3.63,9.32,98,100
2026-07-25T20:00,24.6,22.9,0.0,0.0,4.43,7.98,74,85
2026-07-25T21:00,22.6,21.2,0.0,0.0,5.48,6.03,100,88
2026-07-25T22:00,21.3,20.0,0.0,0.0,6.22,5.9,100,74
2026-07-25T23:00,19.7,19.7,0.0,0.0,4.92,8.59,100,95
2026-07-26T00:00,18.9,18.3,0.0,0.0,5.72,9.33,75,100
2026-07-26T01:00,17.6,18.3,0.0,0.0,4.82,5.14,48,89
2026-07-26T02:00,17.0,17.5,0.0,0.0,5.36,5.22,34,86
2026-07-26T03:00,16.6,16.8,0.0,0.0,4.51,4.39,100,96
2026-07-26T04:00,16.7,16.5,1.0,1.0,4.39,4.37,88,93
2026-07-26T05:00,17.2,17.0,46.0,22.0,4.19,4.72,76,97
2026-07-26T06:00,19.3,19.5,170.0,167.0,4.69,7.35,47,62
2026-07-26T07:00,21.4,21.5,323.0,255.0,4.62,4.45,43,68
2026-07-26T08:00,23.4,23.1,467.0,402.0,5.04,5.87,59,75
2026-07-26T09:00,24.1,24.1,466.0,501.0,5.69,5.74,73,58
2026-07-26T10:00,25.1,25.1,529.0,611.0,5.73,5.51,85,68
2026-07-26T11:00,25.6,26.6,537.0,717.0,5.63,5.2,83,68
2026-07-26T12:00,27.5,27.8,765.0,677.0,5.61,6.67,83,77
2026-07-26T13:00,27.3,27.2,537.0,420.0,7.28,7.15,93,81
2026-07-26T14:00,27.3,28.1,491.0,441.0,7.18,8.17,83,81
2026-07-26T15:00,27.2,26.8,437.0,434.0,9.17,11.69,56,94
2026-07-26T16:00,26.5,25.3,312.0,241.0,10.06,11.16,53,99
2026-07-26T17:00,25.5,25.3,250.0,180.0,10.85,9.78,92,88
2026-07-26T18:00,24.5,26.9,134.0,100.0,10.32,7.37,58,91
2026-07-26T19:00,22.4,24.4,33.0,17.0,10.08,11.4,0,77
2026-07-26T20:00,21.2,20.8,0.0,0.0,8.48,7.63,100,78
2026-07-26T21:00,21.1,19.6,0.0,0.0,10.32,5.86,63,89
2026-07-26T22:00,19.6,18.8,0.0,0.0,7.84,5.79,54,82
2026-07-26T23:00,18.3,18.2,0.0,0.0,6.69,5.78,83,83
2026-07-27T00:00,18.3,18.3,0.0,0.0,6.76,7.61,96,95
2026-07-27T01:00,17.9,17.9,0.0,0.0,10.26,8.69,100,88
2026-07-27T02:00,18.0,17.7,0.0,0.0,9.55,9.91,100,97
2026-07-27T03:00,18.3,16.8,0.0,0.0,8.95,9.38,96,98
2026-07-27T04:00,18.1,16.4,0.0,0.0,9.2,9.77,61,86
2026-07-27T05:00,17.9,17.5,25.0,29.0,9.2,9.83,92,87
2026-07-27T06:00,18.2,18.1,76.0,74.0,8.75,8.71,100,78
2026-07-27T07:00,18.7,19.0,160.0,198.0,8.53,8.18,85,77
2026-07-27T08:00,19.9,20.1,336.0,307.0,10.71,7.86,82,82
2026-07-27T09:00,21.2,21.6,509.0,434.0,8.85,8.32,86,67
2026-07-27T10:00,22.4,23.3,521.0,662.0,9.3,8.36,81,64
2026-07-27T11:00,23.6,24.1,569.0,699.0,9.82,8.79,44,79
2026-07-27T12:00,24.1,23.0,564.0,606.0,8.33,8.54,63,61
2026-07-27T13:00,25.1,24.0,517.0,730.0,6.96,7.94,77,91
2026-07-27T14:00,23.9,23.7,483.0,378.0,9.31,6.41,87,74
2026-07-27T15:00,24.2,24.1,372.0,387.0,8.89,6.32,100,82
2026-07-27T16:00,24.0,24.1,351.0,323.0,7.28,6.52,47,68
2026-07-27T17:00,23.4,23.7,259.0,248.0,6.51,5.86,82,49
2026-07-27T18:00,22.6,23.2,139.0,136.0,6.38,6.27,57,28
2026-07-27T19:00,20.4,21.1,30.0,30.0,5.39,5.33,72,18
2026-07-27T20:00,19.0,19.3,0.0,0.0,3.29,5.09,57,49
2026-07-27T21:00,17.5,18.4,0.0,0.0,2.24,5.02,60,48
2026-07-27T22:00,16.8,17.9,0.0,0.0,2.27,4.25,55,69
2026-07-27T23:00,16.1,17.4,0.0,0.0,2.09,3.72,57,50
2026-07-28T00:00,15.5,16.8,0.0,0.0,2.67,5.04,25,45
2026-07-28T01:00,14.7,16.1,0.0,0.0,2.63,5.47,36,48
2026-07-28T02:00,14.4,15.4,0.0,0.0,2.38,5.74,20,28
2026-07-28T03:00,14.1,14.9,0.0,0.0,2.19,5.62,0,40
2026-07-28T04:00,14.1,14.6,1.0,1.0,2.2,5.33,0,23
2026-07-28T05:00,14.5,15.4,55.0,55.0,1.59,4.78,0,10
2026-07-28T06:00,16.4,16.9,189.0,191.0,0.35,2.41,0,0
2026-07-28T07:00,18.7,19.4,354.0,356.0,0.14,1.57,0,0
2026-07-28T08:00,20.7,21.3,520.0,521.0,0.22,1.36,0,0
2026-07-28T09:00,22.3,23.0,664.0,667.0,0.98,0.93,0,0
2026-07-28T10:00,23.6,24.4,774.0,778.0,0.69,0.62,0,0
2026-07-28T11:00,24.8,25.6,841.0,846.0,0.84,0.71,0,0
2026-07-28T12:00,25.8,26.5,859.0,864.0,0.98,0.88,18,3
2026-07-28T13:00,26.6,27.2,818.0,833.0,0.84,1.1,45,0
2026-07-28T14:00,27.2,27.7,736.0,754.0,0.98,1.18,14,0
2026-07-28T15:00,27.5,27.9,636.0,635.0,1.47,1.2,0,0
2026-07-28T16:00,27.5,27.7,485.0,485.0,2.39,1.81,0,0
2026-07-28T17:00,26.5,27.1,318.0,318.0,2.37,2.36,0,0
2026-07-28T18:00,26.0,26.2,156.0,156.0,3.26,3.08,0,0
2026-07-28T19:00,23.4,23.6,32.0,31.0,3.08,3.64,0,0
2026-07-28T20:00,22.1,21.8,0.0,0.0,4.21,4.43,0,0
2026-07-28T21:00,20.5,20.4,0.0,0.0,5.99,5.3,0,0
2026-07-28T22:00,18.9,19.4,0.0,0.0,5.4,5.63,0,0
2026-07-28T23:00,18.2,18.4,0.0,0.0,6.17,6.04,0,0
2026-07-29T00:00,16.9,17.7,0.0,0.0,6.62,6.99,0,0
2026-07-29T01:00,16.2,17.0,0.0,0.0,6.34,7.3,0,0
2026-07-29T02:00,15.7,16.4,0.0,0.0,6.02,7.35,0,0
2026-07-29T03:00,14.7,15.9,0.0,0.0,5.43,6.84,0,0
2026-07-29T04:00,14.4,15.6,1.0,1.0,4.56,6.19,0,0
2026-07-29T05:00,15.4,16.1,50.0,49.0,4.48,6.01,36,38
2026-07-29T06:00,18.1,18.5,168.0,135.0,4.22,4.86,25,57
2026-07-29T07:00,20.3,20.6,313.0,277.0,2.81,4.09,77,53
2026-07-29T08:00,22.4,22.7,412.0,456.0,2.67,2.31,41,1
2026-07-29T09:00,25.3,25.2,614.0,644.0,1.41,1.63,55,1
2026-07-29T10:00,27.7,27.6,737.0,755.0,1.08,0.6,0,1
2026-07-29T11:00,29.7,29.7,831.0,824.0,1.45,0.96,0,13
2026-07-29T12:00,31.3,29.3,855.0,791.0,1.47,0.98,0,7
2026-07-29T13:00,32.7,30.6,827.0,811.0,3.46,1.08,0,19
2026-07-29T14:00,33.1,31.2,747.0,730.0,2.79,1.46,0,22
2026-07-29T15:00,33.6,31.5,627.0,597.0,4.56,1.45,0,55
2026-07-29T16:00,33.3,31.4,444.0,368.0,2.81,1.98,8,64
2026-07-29T17:00,32.7,31.0,291.0,235.0,1.37,2.16,40,65
2026-07-29T18:00,31.3,30.7,107.0,132.0,1.62,2.84,93,46
2026-07-29T19:00,29.2,28.0,17.0,28.0,2.43,4.46,28,57
2026-07-29T20:00,26.7,26.2,0.0,0.0,2.65,5.33,14,62
2026-07-29T21:00,23.9,25.1,0.0,0.0,1.53,5.97,42,66
2026-07-29T22:00,22.5,24.3,0.0,0.0,1.31,7.6,28,15
2026-07-29T23:00,21.3,23.4,0.0,0.0,4.32,8.43,69,14
2026-07-30T00:00,21.1,22.2,0.0,0.0,8.29,7.64,13,10
2026-07-30T01:00,20.2,21.3,0.0,0.0,7.94,7.29,0,17
2026-07-30T02:00,19.5,20.8,0.0,0.0,6.29,7.38,0,14
2026-07-30T03:00,18.5,20.2,0.0,0.0,5.04,7.84,0,1
2026-07-30T04:00,17.6,19.9,0.0,0.0,5.21,8.04,0,4
2026-07-30T05:00,18.8,20.8,50.0,51.0,5.71,8.21,0,3
2026-07-30T06:00,21.5,23.3,180.0,174.0,5.8,7.59,0,33
2026-07-30T07:00,24.2,25.8,345.0,329.0,5.48,6.7,0,3
2026-07-30T08:00,26.6,28.2,514.0,513.0,3.54,4.21,0,0
2026-07-30T09:00,30.6,30.2,665.0,660.0,2.79,3.81,0,0
2026-07-30T10:00,32.5,31.9,781.0,773.0,1.76,2.7,0,0
2026-07-30T11:00,33.8,33.3,855.0,842.0,1.59,2.1,0,0
2026-07-30T12:00,34.6,34.7,876.0,866.0,2.42,2.47,0,0
2026-07-30T13:00,35.2,35.3,847.0,833.0,1.96,2.07,0,0
2026-07-30T14:00,35.5,35.6,765.0,753.0,3.51,1.92,0,0
2026-07-30T15:00,35.3,35.4,652.0,632.0,3.04,1.62,14,0
2026-07-30T16:00,34.9,35.0,489.0,481.0,1.5,1.18,100,3
2026-07-30T17:00,34.2,34.3,304.0,314.0,0.69,1.98,100,2
2026-07-30T18:00,28.8,30.1,109.0,135.0,11.59,13.0,100,99
2026-07-30T19:00,26.5,27.4,19.0,21.0,8.93,7.78,81,97
2026-07-30T20:00,24.6,26.2,0.0,0.0,6.38,5.48,36,46
2026-07-30T21:00,23.9,24.8,0.0,0.0,6.31,3.19,49,49
2026-07-30T22:00,21.4,23.2,0.0,0.0,3.73,3.46,87,33
2026-07-30T23:00,21.3,22.3,0.0,0.0,4.97,2.16,16,29
2026-07-31T00:00,20.4,21.2,0.0,0.0,5.0,2.98,0,50
2026-07-31T01:00,20.0,19.9,0.0,0.0,3.48,3.03,0,19
2026-07-31T02:00,19.1,18.8,0.0,0.0,2.99,2.88,6,7
2026-07-31T03:00,18.3,18.1,0.0,0.0,2.22,2.4,54,14
2026-07-31T04:00,17.8,17.6,0.0,0.0,3.29,2.63,41,38
2026-07-31T05:00,18.0,18.1,46.0,39.0,2.42,1.68,0,100
2026-07-31T06:00,20.8,20.1,145.0,106.0,3.0,3.31,43,47
2026-07-31T07:00,23.3,23.0,210.0,252.0,4.04,3.14,57,45
2026-07-31T08:00,26.2,26.7,432.0,471.0,3.46,2.02,60,30
2026-07-31T09:00,29.2,29.6,634.0,636.0,3.15,2.11,0,15
2026-07-31T10:00,31.8,32.3,765.0,749.0,2.31,1.85,0,22
2026-07-31T11:00,33.7,34.4,833.0,819.0,1.93,3.38,6,80
2026-07-31T12:00,34.4,35.6,844.0,796.0,2.05,7.15,8,99
2026-07-31T13:00,35.0,33.8,712.0,616.0,6.65,6.33,57,100
2026-07-31T14:00,35.1,33.2,580.0,527.0,12.05,8.23,70,100
2026-07-31T15:00,30.2,32.3,566.0,329.0,10.53,8.18,40,100
2026-07-31T16:00,30.9,29.9,432.0,182.0,6.0,8.86,73,100
2026-07-31T17:00,28.6,29.0,257.0,121.0,7.08,5.48,100,100
2026-07-31T18:00,29.3,25.9,75.0,45.0,5.49,8.82,100,100
2026-07-31T19:00,27.5,23.8,8.0,11.0,3.32,5.42,100,91
2026-07-31T20:00,25.6,22.4,0.0,0.0,9.68,6.37,100,100
2026-07-31T21:00,23.9,21.5,0.0,0.0,9.81,5.72,100,100
2026-07-31T22:00,22.7,20.7,0.0,0.0,10.19,3.97,100,87
2026-07-31T23:00,21.8,19.4,0.0,0.0,7.89,4.71,100,83
2026-08-01T00:00,21.3,20.4,0.0,0.0,6.82,4.43,100,59
2026-08-01T01:00,20.8,19.9,0.0,0.0,10.09,4.32,100,51
2026-08-01T02:00,19.7,19.4,0.0,0.0,6.84,4.35,100,73
2026-08-01T03:00,17.6,19.0,0.0,0.0,4.68,2.63,36,87
2026-08-01T04:00,17.0,18.5,0.0,0.0,3.38,2.36,33,57
2026-08-01T05:00,17.5,19.0,44.0,37.0,1.66,1.53,34,62
2026-08-01T06:00,20.0,20.5,135.0,146.0,1.67,1.55,73,69
2026-08-01T07:00,21.4,21.8,228.0,202.0,2.27,1.59,95,78
2026-08-01T08:00,23.1,23.5,389.0,368.0,1.41,1.1,63,94
2026-08-01T09:00,23.7,25.2,338.0,518.0,3.74,3.26,74,100
2026-08-01T10:00,24.1,25.7,486.0,452.0,3.73,3.37,97,73
2026-08-01T11:00,23.4,26.7,349.0,558.0,4.12,2.95,90,91
2026-08-01T12:00,27.0,26.4,621.0,606.0,2.61,3.17,68,69
2026-08-01T13:00,27.2,26.6,601.0,578.0,3.15,3.11,100,92
2026-08-01T14:00,27.0,26.3,553.0,368.0,4.61,3.26,100,67
2026-08-01T15:00,23.8,26.8,336.0,447.0,4.9,2.6,98,70
2026-08-01T16:00,24.4,25.2,274.0,321.0,4.38,3.57,73,78
2026-08-01T17:00,23.9,25.0,223.0,209.0,5.0,2.68,88,38
2026-08-01T18:00,22.4,24.3,125.0,111.0,2.77,1.39,74,48
2026-08-01T19:00,21.3,22.2,21.0,23.0,1.98,2.43,97,100
2026-08-01T20:00,20.7,20.7,0.0,0.0,1.53,2.55,68,74
2026-08-01T21:00,19.7,19.7,0.0,0.0,4.09,1.31,51,58
2026-08-01T22:00,18.7,18.7,0.0,0.0,6.14,0.71,45,44
2026-08-01T23:00,17.3,17.9,0.0,0.0,7.55,2.22,25,64
2026-08-02T00:00,17.1,17.5,0.0,0.0,7.55,3.06,18,32
2026-08-02T01:00,16.7,17.2,0.0,0.0,7.1,4.55,45,52
2026-08-02T02:00,16.1,17.1,0.0,0.0,7.24,5.5,60,47
2026-08-02T03:00,15.7,16.9,0.0,0.0,7.12,6.11,54,58
2026-08-02T04:00,15.3,16.8,0.0,0.0,7.32,6.27,64,77
2026-08-02T05:00,15.6,17.6,36.0,39.0,7.04,6.04,73,100
2026-08-02T06:00,16.7,18.7,132.0,137.0,4.35,4.97,82,54
2026-08-02T07:00,18.6,20.7,232.0,282.0,4.71,4.92,80,83
2026-08-02T08:00,21.1,22.7,424.0,358.0,5.63,5.68,53,65
2026-08-02T09:00,23.2,24.7,517.0,460.0,5.94,4.71,82,61
2026-08-02T10:00,24.3,26.3,431.0,572.0,5.75,4.81,81,62
2026-08-02T11:00,26.1,27.7,583.0,622.0,5.19,4.51,100,70
2026-08-02T12:00,28.5,28.5,647.0,705.0,4.41,4.61,97,84
2026-08-02T13:00,29.5,28.5,715.0,588.0,5.22,4.61,43,92
2026-08-02T14:00,30.3,29.2,708.0,618.0,5.11,4.54,0,43
2026-08-02T15:00,30.0,29.4,560.0,569.0,5.15,5.38,11,32
2026-08-02T16:00,29.6,29.0,441.0,443.0,4.69,5.68,5,22
2026-08-02T17:00,28.9,28.1,295.0,297.0,6.3,6.14,45,7
2026-08-02T18:00,28.1,28.1,129.0,137.0,5.39,5.72,74,41
2026-08-02T19:00,26.0,26.1,23.0,22.0,6.32,6.8,59,7
2026-08-02T20:00,23.7,24.3,0.0,0.0,2.91,6.48,0,3
2026-08-02T21:00,22.1,23.0,0.0,0.0,5.05,6.31,0,28
2026-08-02T22:00,21.0,22.0,0.0,0.0,4.61,6.29,0,78
2026-08-02T23:00,20.0,21.2,0.0,0.0,4.27,6.56,0,69
2026-08-03T00:00,19.6,19.4,0.0,0.0,2.95,6.6,0,0
2026-08-03T01:00,19.1,19.0,0.0,0.0,3.33,6.32,50,0
2026-08-03T02:00,18.2,18.6,0.0,0.0,3.31,5.61,42,2
2026-08-03T03:00,18.1,17.9,0.0,0.0,2.58,4.08,0,0
2026-08-03T04:00,17.5,17.1,0.0,0.0,2.56,2.99,18,26
2026-08-03T05:00,18.1,17.5,41.0,40.0,2.81,2.22,38,58
2026-08-03T06:00,20.2,20.4,166.0,165.0,3.19,2.83,0,0
2026-08-03T07:00,22.5,22.6,326.0,324.0,1.47,2.7,0,0
2026-08-03T08:00,25.4,25.1,490.0,487.0,1.47,1.25,0,0
2026-08-03T09:00,28.1,27.7,632.0,634.0,0.84,1.23,29,0
2026-08-03T10:00,30.6,29.9,740.0,736.0,0.69,1.12,29,31
2026-08-03T11:00,32.4,31.8,796.0,803.0,1.01,1.19,46,13
2026-08-03T12:00,33.6,32.9,819.0,814.0,0.66,0.79,11,9
2026-08-03T13:00,34.3,33.8,782.0,798.0,1.19,0.5,28,18
2026-08-03T14:00,35.0,34.2,718.0,715.0,2.09,0.71,0,22
2026-08-03T15:00,35.1,34.1,605.0,580.0,2.06,1.08,10,42
2026-08-03T16:00,34.2,33.6,448.0,399.0,2.16,2.5,20,51
2026-08-03T17:00,33.3,32.1,242.0,238.0,3.41,4.21,100,100
2026-08-03T18:00,31.9,31.3,111.0,109.0,4.42,3.68,100,100
2026-08-03T19:00,29.4,28.3,16.0,20.0,5.88,5.15,100,40
2026-08-03T20:00,27.4,26.0,0.0,0.0,7.16,6.28,66,90
2026-08-03T21:00,25.5,24.6,0.0,0.0,7.14,6.11,98,100
2026-08-03T22:00,23.2,23.4,0.0,0.0,1.9,5.43,100,100
2026-08-03T23:00,22.6,22.7,0.0,0.0,4.21,4.86,100,37
2026-08-04T00:00,22.1,22.0,0.0,0.0,4.82,3.74,100,16
2026-08-04T01:00,21.0,21.3,0.0,0.0,4.81,3.46,95,54
2026-08-04T02:00,20.6,20.6,0.0,0.0,3.83,4.25,87,53
2026-08-04T03:00,19.4,20.0,0.0,0.0,3.66,4.37,76,27
2026-08-04T04:00,19.7,19.6,0.0,0.0,4.52,3.86,73,19
2026-08-04T05:00,20.2,19.9,32.0,39.0,4.16,3.43,98,39
2026-08-04T06:00,22.1,22.2,154.0,161.0,3.86,3.84,0,37
2026-08-04T07:00,24.2,25.0,320.0,317.0,2.5,3.19,100,75
2026-08-04T08:00,26.5,27.7,479.0,474.0,2.95,1.39,48,32
2026-08-04T09:00,29.8,30.3,634.0,625.0,2.6,1.49,0,28
2026-08-04T10:00,31.8,32.4,750.0,737.0,2.29,1.81,0,10
2026-08-04T11:00,33.1,33.8,819.0,809.0,2.58,1.71,0,11
2026-08-04T12:00,34.0,34.8,837.0,829.0,1.97,2.26,0,100
2026-08-04T13:00,34.8,35.3,808.0,791.0,2.02,1.97,0,95
2026-08-04T14:00,35.3,35.2,734.0,657.0,1.73,0.6,0,14
2026-08-04T15:00,35.1,35.3,610.0,561.0,2.43,0.71,0,73
2026-08-04T16:00,34.6,35.1,463.0,407.0,1.12,0.81,0,98
2026-08-04T17:00,34.0,32.5,297.0,201.0,2.18,5.39,0,100
2026-08-04T18:00,32.2,30.0,137.0,80.0,2.22,5.65,0,100
2026-08-04T19:00,29.6,27.8,22.0,14.0,2.46,6.44,45,100
2026-08-04T20:00,26.9,25.2,0.0,0.0,11.43,8.98,100,91
2026-08-04T21:00,23.3,23.0,0.0,0.0,8.2,5.57,100,100
2026-08-04T22:00,22.7,22.0,0.0,0.0,5.14,7.19,100,100
2026-08-04T23:00,21.7,21.8,0.0,0.0,5.61,5.74,100,100
2026-08-05T00:00,20.9,22.6,0.0,0.0,5.55,7.06,97,93
2026-08-05T01:00,20.1,21.7,0.0,0.0,4.51,7.86,76,100
2026-08-05T02:00,19.5,21.2,0.0,0.0,5.62,7.19,73,100
2026-08-05T03:00,19.5,20.8,0.0,0.0,5.61,6.69,77,100
2026-08-05T04:00,19.2,20.7,0.0,0.0,5.06,6.0,11,100
2026-08-05T05:00,19.9,20.8,38.0,25.0,5.59,5.41,0,72
2026-08-05T06:00,21.6,22.1,160.0,144.0,2.83,4.43,0,86
2026-08-05T07:00,23.4,23.8,321.0,279.0,2.32,1.98,0,92
2026-08-05T08:00,25.3,25.8,483.0,466.0,2.06,1.33,0,38
2026-08-05T09:00,27.6,27.3,627.0,605.0,1.87,0.96,0,51
2026-08-05T10:00,29.3,28.1,739.0,620.0,1.95,2.27,0,100
2026-08-05T11:00,30.5,28.6,775.0,591.0,2.4,2.29,69,100
2026-08-05T12:00,31.7,29.9,822.0,724.0,2.5,3.04,0,100
2026-08-05T13:00,32.3,30.2,728.0,637.0,3.26,3.17,43,100
2026-08-05T14:00,32.4,30.5,635.0,546.0,1.12,3.07,28,73
2026-08-05T15:00,32.7,28.6,568.0,397.0,3.26,4.11,80,100
2026-08-05T16:00,31.8,26.7,407.0,201.0,2.96,3.26,100,100
2026-08-05T17:00,28.1,26.5,262.0,168.0,7.98,4.3,49,100
2026-08-05T18:00,26.5,26.0,100.0,91.0,5.41,3.73,75,100
2026-08-05T19:00,25.4,24.7,13.0,13.0,4.12,4.44,92,100
2026-08-05T20:00,24.9,23.6,0.0,0.0,5.03,5.2,100,100
2026-08-05T21:00,24.4,22.8,0.0,0.0,4.72,5.87,100,100
2026-08-05T22:00,24.2,22.1,0.0,0.0,3.82,5.99,100,99
2026-08-05T23:00,23.5,21.6,0.0,0.0,2.23,5.78,98,94
2026-08-06T00:00,20.8,20.9,0.0,0.0,4.37,6.07,100,80
2026-08-06T01:00,20.4,21.0,0.0,0.0,2.46,6.6,100,100
2026-08-06T02:00,20.5,20.8,0.0,0.0,3.1,5.2,97,92
2026-08-06T03:00,20.5,20.5,0.0,0.0,2.35,4.85,78,76
2026-08-06T04:00,20.4,20.5,0.0,0.0,2.94,4.96,81,93
2026-08-06T05:00,20.5,20.8,23.0,10.0,2.91,4.84,94,100
2026-08-06T06:00,21.3,21.1,84.0,44.0,3.55,2.96,96,100
2026-08-06T07:00,20.9,21.8,89.0,86.0,4.53,2.32,100,100
2026-08-06T08:00,20.0,22.2,73.0,129.0,4.73,2.8,88,100
2026-08-06T09:00,20.9,23.0,167.0,203.0,0.98,2.72,100,92
2026-08-06T10:00,21.6,24.4,206.0,417.0,0.88,3.02,99,83
2026-08-06T11:00,22.5,25.6,211.0,564.0,1.18,2.77,99,80
2026-08-06T12:00,23.3,24.4,296.0,376.0,0.22,2.16,100,88
2026-08-06T13:00,24.4,25.4,360.0,506.0,0.66,2.9,100,91
2026-08-06T14:00,25.1,24.7,384.0,242.0,1.62,3.51,96,98
2026-08-06T15:00,26.6,24.9,307.0,221.0,4.61,4.12,86,99
2026-08-06T16:00,26.9,25.0,255.0,233.0,3.64,4.19,92,100
2026-08-06T17:00,26.2,24.3,166.0,170.0,5.04,4.9,62,100
2026-08-06T18:00,25.2,22.4,113.0,70.0,4.56,6.27,94,100
2026-08-06T19:00,23.7,21.7,12.0,9.0,5.21,6.66,100,98
2026-08-06T20:00,22.8,21.0,0.0,0.0,5.15,6.26,92,100
2026-08-06T21:00,21.0,20.3,0.0,0.0,3.34,5.25,64,100
2026-08-06T22:00,19.8,19.6,0.0,0.0,5.75,3.66,38,79
2026-08-06T23:00,18.4,19.3,0.0,0.0,6.07,5.26,36,71
2026-08-07T00:00,18.1,18.6,0.0,0.0,4.86,7.55,82,46
2026-08-07T01:00,17.3,17.4,0.0,0.0,4.62,6.42,82,73
2026-08-07T02:00,16.9,16.7,0.0,0.0,4.84,6.01,83,53
2026-08-07T03:00,15.9,15.9,0.0,0.0,4.61,5.25,83,83
2026-08-07T04:00,15.9,15.6,0.0,0.0,3.11,4.25,100,72
2026-08-07T05:00,16.3,15.7,9.0,22.0,4.52,4.6,100,72
2026-08-07T06:00,16.6,16.4,60.0,95.0,2.08,4.13,95,90
2026-08-07T07:00,17.7,17.2,107.0,174.0,1.93,3.15,99,91
2026-08-07T08:00,19.3,18.1,232.0,255.0,1.98,2.86,91,85
2026-08-07T09:00,20.7,19.7,342.0,446.0,2.06,2.67,97,92
2026-08-07T10:00,22.4,20.5,508.0,428.0,2.15,3.26,71,93
2026-08-07T11:00,23.7,21.7,626.0,468.0,2.43,3.47,65,84
2026-08-07T12:00,25.5,23.9,780.0,658.0,2.01,3.42,57,67
2026-08-07T13:00,26.2,24.6,772.0,649.0,1.9,2.99,48,70
2026-08-07T14:00,26.8,24.8,698.0,543.0,1.21,2.77,58,63
2026-08-07T15:00,25.4,24.9,576.0,461.0,2.52,2.39,34,79
2026-08-07T16:00,24.8,24.6,399.0,300.0,2.88,2.33,85,77
2026-08-07T17:00,24.3,24.2,230.0,201.0,2.86,2.24,77,74
2026-08-07T18:00,23.7,23.0,110.0,78.0,1.28,1.32,8,80
2026-08-07T19:00,21.5,21.8,17.0,11.0,3.95,1.4,0,66
2026-08-07T20:00,20.2,20.8,0.0,0.0,4.4,1.08,0,75
2026-08-07T21:00,18.9,19.8,0.0,0.0,5.43,2.68,38,74
2026-08-07T22:00,18.0,19.1,0.0,0.0,5.21,6.27,14,67
2026-08-07T23:00,17.2,18.4,0.0,0.0,5.63,6.8,18,39
2026-08-08T00:00,16.4,16.7,0.0,0.0,5.55,6.3,29,32
2026-08-08T01:00,15.5,15.7,0.0,0.0,5.79,5.98,0,35
2026-08-08T02:00,14.7,14.6,0.0,0.0,4.4,5.79,0,25
2026-08-08T03:00,14.3,13.9,0.0,0.0,4.9,4.71,0,1
2026-08-08T04:00,13.5,13.2,0.0,0.0,5.06,3.72,0,22
2026-08-08T05:00,13.8,13.4,34.0,34.0,6.04,3.9,0,32
2026-08-08T06:00,15.8,15.7,159.0,159.0,3.73,4.03,0,21
2026-08-08T07:00,17.5,18.1,325.0,321.0,3.16,2.85,0,22
2026-08-08T08:00,19.6,20.3,491.0,487.0,2.71,2.86,0,20
2026-08-08T09:00,22.0,22.6,640.0,639.0,3.81,2.94,0,0
2026-08-08T10:00,24.0,24.8,755.0,754.0,4.15,3.51,0,1
2026-08-08T11:00,25.6,26.6,825.0,823.0,5.14,4.26,0,0
2026-08-08T12:00,26.9,27.6,846.0,845.0,5.06,4.56,0,7
2026-08-08T13:00,27.6,28.2,816.0,813.0,4.93,4.55,0,3
2026-08-08T14:00,27.9,28.4,737.0,732.0,4.34,4.43,0,1
2026-08-08T15:00,28.0,28.2,613.0,611.0,4.7,4.74,0,2
2026-08-08T16:00,27.5,27.8,459.0,459.0,4.74,4.83,0,0
2026-08-08T17:00,26.8,27.0,290.0,289.0,4.74,4.94,0,0
2026-08-08T18:00,25.2,24.8,127.0,126.0,6.36,5.47,0,0
2026-08-08T19:00,23.2,21.9,15.0,15.0,7.06,5.69,0,3
2026-08-08T20:00,21.8,19.8,0.0,0.0,7.22,6.04,0,44
2026-08-08T21:00,20.2,18.5,0.0,0.0,6.76,4.9,0,3
2026-08-08T22:00,19.0,17.5,0.0,0.0,6.67,5.32,0,0
2026-08-08T23:00,17.9,16.5,0.0,0.0,6.2,5.71,2,28
2026-08-09T00:00,17.1,15.1,0.0,0.0,6.42,6.19,0,0
2026-08-09T01:00,16.3,14.3,0.0,0.0,5.01,5.85,1,2
2026-08-09T02:00,15.9,13.8,0.0,0.0,5.03,5.68,0,43
2026-08-09T03:00,15.1,13.7,0.0,0.0,4.22,4.87,0,11
2026-08-09T04:00,14.7,13.6,0.0,0.0,4.43,4.16,19,0
2026-08-09T05:00,15.1,14.0,31.0,33.0,3.41,4.13,37,22
2026-08-09T06:00,17.5,16.0,153.0,153.0,2.91,3.51,0,5
2026-08-09T07:00,20.4,19.7,313.0,311.0,2.18,2.99,0,3
2026-08-09T08:00,23.1,22.5,478.0,477.0,1.39,1.8,0,0
2026-08-09T09:00,26.3,25.2,627.0,623.0,1.08,1.75,0,2
2026-08-09T10:00,28.5,27.5,739.0,736.0,1.06,1.58,64,43
2026-08-09T11:00,30.4,29.5,808.0,801.0,1.5,1.59,84,73
2026-08-09T12:00,31.3,31.2,826.0,805.0,1.71,1.4,84,67
2026-08-09T13:00,31.8,31.9,778.0,778.0,1.01,1.93,100,69
2026-08-09T14:00,32.2,32.4,704.0,701.0,2.19,1.74,31,61
2026-08-09T15:00,32.4,32.5,465.0,585.0,2.71,1.58,100,93
2026-08-09T16:00,32.5,32.2,381.0,427.0,1.18,1.67,0,62
2026-08-09T17:00,31.9,31.3,278.0,269.0,1.24,1.12,74,36
2026-08-09T18:00,30.0,30.1,120.0,102.0,1.93,3.54,41,66
2026-08-09T19:00,27.7,28.1,13.0,11.0,3.26,2.59,35,81
2026-08-09T20:00,25.4,26.5,0.0,0.0,4.08,1.93,82,49
2026-08-09T21:00,23.7,25.2,0.0,0.0,11.46,3.26,54,64
2026-08-09T22:00,21.1,23.6,0.0,0.0,6.13,2.3,79,49
2026-08-09T23:00,20.7,22.6,0.0,0.0,3.86,4.79,65,59
2026-08-10T00:00,18.6,21.2,0.0,0.0,3.77,7.68,63,61
2026-08-10T01:00,17.8,20.2,0.0,0.0,2.16,6.4,15,100
2026-08-10T02:00,16.8,20.1,0.0,0.0,2.02,5.76,0,100
2026-08-10T03:00,16.0,19.8,0.0,0.0,3.41,3.4,0,100
2026-08-10T04:00,15.8,18.7,0.0,0.0,4.19,3.26,36,100
2026-08-10T05:00,16.4,19.2,22.0,20.0,3.76,5.3,95,99
2026-08-10T06:00,19.1,20.9,146.0,106.0,2.95,6.84,12,59
2026-08-10T07:00,21.9,24.5,308.0,301.0,2.46,6.2,29,0
2026-08-10T08:00,24.3,27.6,459.0,480.0,1.55,5.13,10,0
2026-08-10T09:00,27.2,29.8,613.0,627.0,3.38,6.72,0,0
2026-08-10T10:00,29.5,30.9,738.0,721.0,3.96,6.44,0,47
2026-08-10T11:00,30.7,31.6,743.0,707.0,5.15,6.39,70,40
2026-08-10T12:00,31.7,30.8,775.0,614.0,3.73,5.21,45,100
2026-08-10T13:00,27.8,31.1,540.0,695.0,9.62,4.41,100,100
2026-08-10T14:00,20.7,31.4,189.0,623.0,8.89,5.19,100,77
2026-08-10T15:00,28.3,31.1,480.0,529.0,6.84,6.39,100,64
2026-08-10T16:00,27.8,30.6,327.0,379.0,6.64,5.1,100,33
2026-08-10T17:00,27.0,29.4,158.0,244.0,6.75,5.99,86,76
2026-08-10T18:00,26.3,28.2,114.0,112.0,5.08,7.32,0,68
2026-08-10T19:00,24.3,26.0,13.0,11.0,6.14,8.3,100,75
2026-08-10T20:00,22.3,24.6,0.0,0.0,4.3,7.89,57,63
2026-08-10T21:00,20.8,23.6,0.0,0.0,5.31,7.83,0,56
2026-08-10T22:00,20.0,22.9,0.0,0.0,5.69,7.67,0,62
2026-08-10T23:00,20.0,22.2,0.0,0.0,3.82,6.02,0,93
2026-08-11T00:00,19.4,20.4,0.0,0.0,6.0,5.83,100,100
2026-08-11T01:00,18.3,19.4,0.0,0.0,4.28,4.83,100,99
2026-08-11T02:00,17.5,18.9,0.0,0.0,4.44,5.1,100,61
2026-08-11T03:00,17.1,18.7,0.0,0.0,5.03,4.11,14,67
2026-08-11T04:00,16.3,18.1,0.0,0.0,4.61,3.43,0,57
2026-08-11T05:00,15.8,18.3,27.0,23.0,2.68,3.13,20,68
2026-08-11T06:00,17.7,19.4,129.0,126.0,2.24,4.73,45,45
2026-08-11T07:00,20.4,21.1,271.0,292.0,1.58,2.64,58,37
2026-08-11T08:00,22.1,22.7,407.0,441.0,2.43,2.5,44,38
2026-08-11T09:00,24.2,24.2,608.0,540.0,2.64,2.85,0,48
2026-08-11T10:00,25.9,25.9,728.0,634.0,3.26,3.14,52,39
2026-08-11T11:00,27.3,27.6,796.0,732.0,2.92,3.2,0,41
2026-08-11T12:00,27.7,28.6,807.0,793.0,2.94,3.29,7,28
2026-08-11T13:00,28.4,29.4,786.0,780.0,3.14,3.29,3,33
2026-08-11T14:00,28.5,29.8,707.0,702.0,2.98,3.21,0,1
2026-08-11T15:00,28.4,29.8,588.0,586.0,2.86,3.13,0,0
2026-08-11T16:00,28.0,29.2,437.0,425.0,3.61,3.26,2,65
2026-08-11T17:00,27.2,28.3,273.0,245.0,4.59,4.3,0,36
2026-08-11T18:00,25.6,26.4,113.0,102.0,5.37,4.29,0,46
2026-08-11T19:00,23.4,23.8,12.0,10.0,7.34,5.9,0,56
2026-08-11T20:00,21.8,22.2,0.0,0.0,5.96,6.72,0,44
2026-08-11T21:00,20.8,20.9,0.0,0.0,8.72,7.48,0,29
2026-08-11T22:00,19.6,20.1,0.0,0.0,9.03,7.96,0,3
2026-08-11T23:00,18.4,18.9,0.0,0.0,9.32,7.49,0,0
2026-08-12T00:00,17.2,18.1,0.0,0.0,9.09,7.34,0,33
2026-08-12T01:00,16.3,17.0,0.0,0.0,7.42,6.93,0,21
2026-08-12T02:00,15.7,15.9,0.0,0.0,6.61,6.54,0,21
2026-08-12T03:00,15.1,15.2,0.0,0.0,6.35,6.75,0,30
2026-08-12T04:00,14.5,14.6,0.0,0.0,6.71,6.85,0,34
2026-08-12T05:00,14.6,14.9,27.0,26.0,6.77,6.6,0,31
2026-08-12T06:00,15.7,16.2,145.0,144.0,6.23,6.15,0,0
2026-08-12T07:00,17.9,18.4,307.0,305.0,3.78,4.31,0,0
2026-08-12T08:00,20.5,20.8,474.0,471.0,5.03,3.59,0,0
2026-08-12T09:00,22.8,22.9,626.0,619.0,4.96,3.66,0,0
2026-08-12T10:00,25.1,25.1,743.0,735.0,5.04,3.99,0,0
2026-08-12T11:00,26.6,26.8,814.0,807.0,4.92,4.38,0,0
2026-08-12T12:00,27.9,28.0,833.0,828.0,4.5,3.95,0,0
2026-08-12T13:00,28.7,28.7,802.0,796.0,4.13,3.94,0,0
2026-08-12T14:00,29.1,29.1,723.0,718.0,4.22,3.83,0,0
2026-08-12T15:00,29.1,29.1,599.0,596.0,4.9,4.0,0,0
2026-08-12T16:00,28.5,28.5,447.0,443.0,4.79,4.25,0,0
2026-08-12T17:00,27.5,27.7,277.0,273.0,5.25,4.73,0,0
2026-08-12T18:00,26.2,24.2,113.0,100.0,5.17,5.79,0,0
2026-08-12T19:00,23.4,21.1,11.0,3.0,6.04,6.51,0,0
2026-08-12T20:00,22.0,19.1,0.0,0.0,6.33,6.99,0,0
2026-08-12T21:00,20.7,17.7,0.0,0.0,6.82,7.23,0,0
2026-08-12T22:00,19.7,16.8,0.0,0.0,7.22,7.04,0,0
2026-08-12T23:00,18.5,16.0,0.0,0.0,6.48,6.66,0,0
2026-08-13T00:00,17.1,15.2,0.0,0.0,5.89,6.57,0,0
2026-08-13T01:00,15.9,14.2,0.0,0.0,5.49,5.9,0,0
2026-08-13T02:00,15.0,13.6,0.0,0.0,5.69,5.43,0,0
2026-08-13T03:00,14.8,13.0,0.0,0.0,6.89,5.64,0,0
2026-08-13T04:00,14.5,12.2,0.0,0.0,6.97,6.33,0,0
2026-08-13T05:00,14.6,12.2,25.0,25.0,6.66,6.59,0,0
2026-08-13T06:00,15.9,15.2,143.0,142.0,6.27,6.83,0,0
2026-08-13T07:00,18.0,17.6,306.0,304.0,4.51,4.33,0,0
2026-08-13T08:00,20.7,19.7,476.0,472.0,4.73,4.32,0,0
2026-08-13T09:00,23.6,22.3,628.0,621.0,4.91,4.63,0,0
2026-08-13T10:00,26.0,24.7,745.0,737.0,5.4,5.13,0,0
2026-08-13T11:00,27.8,26.6,815.0,808.0,5.29,5.62,0,0
2026-08-13T12:00,28.7,28.0,833.0,832.0,4.8,5.54,0,0
2026-08-13T13:00,29.5,28.8,800.0,799.0,4.32,5.17,0,0
2026-08-13T14:00,29.9,29.1,718.0,718.0,4.14,4.92,0,0
2026-08-13T15:00,30.0,29.0,595.0,594.0,4.11,4.94,0,0
2026-08-13T16:00,29.4,28.5,441.0,439.0,4.14,4.82,0,0
2026-08-13T17:00,28.5,27.5,271.0,269.0,4.41,4.78,0,0
2026-08-13T18:00,27.0,25.7,110.0,108.0,4.61,5.3,0,0
2026-08-13T19:00,23.9,22.3,10.0,9.0,5.52,5.98,0,0
2026-08-13T20:00,22.2,20.0,0.0,0.0,6.22,7.01,0,0
2026-08-13T21:00,20.0,18.5,0.0,0.0,6.81,7.67,0,0
2026-08-13T22:00,19.0,17.4,0.0,0.0,7.41,7.41,0,0
2026-08-13T23:00,18.2,16.3,0.0,0.0,7.85,7.1,0,0
2026-08-14T00:00,17.3,15.8,0.0,0.0,6.94,6.72,0,0
2026-08-14T01:00,16.5,15.0,0.0,0.0,6.37,6.39,0,0
2026-08-14T02:00,15.7,14.3,0.0,0.0,6.49,5.92,0,0
2026-08-14T03:00,14.8,13.6,0.0,0.0,6.14,5.33,0,0
2026-08-14T04:00,14.2,12.9,0.0,0.0,6.27,5.09,0,0
2026-08-14T05:00,13.8,12.9,24.0,25.0,5.82,5.16,0,0
2026-08-14T06:00,15.8,14.8,141.0,142.0,5.3,5.61,0,0
2026-08-14T07:00,18.1,18.3,304.0,305.0,3.37,4.53,0,0
2026-08-14T08:00,21.0,20.8,474.0,474.0,3.04,2.26,0,0
2026-08-14T09:00,24.1,23.4,628.0,625.0,3.33,2.55,0,0
2026-08-14T10:00,26.7,25.9,746.0,741.0,3.24,2.76,0,0
2026-08-14T11:00,28.9,28.1,818.0,813.0,3.04,2.76,0,0
2026-08-14T12:00,30.2,29.7,836.0,830.0,1.97,2.4,0,0
2026-08-14T13:00,31.3,30.8,804.0,799.0,1.47,2.05,0,0
2026-08-14T14:00,31.9,31.4,723.0,718.0,1.47,1.95,0,0
2026-08-14T15:00,32.1,31.4,602.0,595.0,1.86,2.19,0,0
2026-08-14T16:00,31.6,30.9,446.0,439.0,2.47,2.37,0,0
2026-08-14T17:00,30.7,30.0,273.0,267.0,2.46,2.46,0,0
2026-08-14T18:00,28.6,28.1,109.0,105.0,2.29,3.14,0,0
2026-08-14T19:00,25.7,25.0,9.0,8.0,3.56,3.76,0,0
2026-08-14T20:00,23.8,22.8,0.0,0.0,4.91,4.54,0,0
2026-08-14T21:00,22.4,21.5,0.0,0.0,5.11,4.86,0,0
2026-08-14T22:00,21.2,20.5,0.0,0.0,5.21,4.3,0,0
2026-08-14T23:00,20.0,19.6,0.0,0.0,4.62,4.03,0,0
2026-08-15T00:00,18.5,18.3,0.0,0.0,3.14,4.4,0,0
2026-08-15T01:00,17.5,17.7,0.0,0.0,1.87,4.06,0,0
2026-08-15T02:00,16.2,16.9,0.0,0.0,1.77,3.26,0,0
2026-08-15T03:00,15.0,16.0,0.0,0.0,1.95,2.77,0,0
2026-08-15T04:00,14.0,15.2,0.0,0.0,1.87,2.65,0,0
2026-08-15T05:00,13.8,15.0,22.0,23.0,1.79,2.36,0,0
2026-08-15T06:00,16.2,16.8,138.0,130.0,1.86,2.27,0,42
2026-08-15T07:00,20.2,20.1,299.0,266.0,2.0,2.07,0,39
2026-08-15T08:00,23.9,24.3,468.0,445.0,0.66,1.12,0,37
2026-08-15T09:00,27.5,27.7,617.0,598.0,0.31,0.2,0,36
2026-08-15T10:00,30.5,30.3,733.0,714.0,0.53,0.29,0,24
2026-08-15T11:00,32.2,32.1,803.0,790.0,0.75,0.62,0,8
2026-08-15T12:00,32.9,33.3,828.0,782.0,1.43,0.63,0,45
2026-08-15T13:00,33.7,34.0,792.0,730.0,1.15,1.55,0,37
2026-08-15T14:00,33.9,34.1,709.0,648.0,3.42,2.01,9,5
2026-08-15T15:00,33.8,33.8,585.0,569.0,3.26,2.29,5,75
2026-08-15T16:00,33.4,33.0,425.0,391.0,3.03,2.29,87,100
2026-08-15T17:00,32.1,31.5,236.0,185.0,1.55,5.09,100,100
2026-08-15T18:00,29.8,30.2,67.0,84.0,1.89,2.72,100,99
2026-08-15T19:00,28.5,27.7,6.0,6.0,1.69,2.4,100,93
2026-08-15T20:00,26.9,26.0,0.0,0.0,2.17,7.39,100,53
2026-08-15T21:00,25.3,24.0,0.0,0.0,3.31,8.73,84,38
2026-08-15T22:00,24.7,22.4,0.0,0.0,7.32,8.59,93,26
2026-08-15T23:00,23.7,21.0,0.0,0.0,2.19,7.59,96,14
2026-08-16T00:00,21.1,20.5,0.0,0.0,5.09,8.44,77,18
2026-08-16T01:00,20.1,20.0,0.0,0.0,4.59,8.37,60,4
2026-08-16T02:00,20.4,19.3,0.0,0.0,4.92,6.42,100,15
2026-08-16T03:00,19.7,18.3,0.0,0.0,4.25,6.49,95,6
2026-08-16T04:00,19.5,17.9,0.0,0.0,3.92,6.88,100,32
2026-08-16T05:00,19.2,18.4,10.0,21.0,3.66,6.89,84,33
2026-08-16T06:00,20.3,20.7,40.0,127.0,3.96,6.41,97,57
2026-08-16T07:00,21.7,24.2,110.0,268.0,4.03,5.68,100,94
2026-08-16T08:00,23.5,26.1,192.0,402.0,2.15,6.17,100,100
2026-08-16T09:00,25.1,26.4,416.0,475.0,5.33,6.97,100,100
2026-08-16T10:00,23.4,27.4,216.0,573.0,2.0,6.77,100,100
2026-08-16T11:00,25.5,28.2,469.0,627.0,3.48,5.21,100,86
2026-08-16T12:00,26.6,30.6,675.0,641.0,3.9,4.59,99,100
2026-08-16T13:00,28.2,29.6,700.0,640.0,6.37,5.95,100,88
2026-08-16T14:00,29.1,29.5,603.0,572.0,6.24,3.77,100,82
2026-08-16T15:00,28.3,28.6,433.0,430.0,4.52,4.45,97,100
2026-08-16T16:00,28.3,27.8,303.0,237.0,3.34,5.66,94,100
2026-08-16T17:00,26.9,27.1,76.0,142.0,9.42,2.85,100,100
2026-08-16T18:00,21.6,22.6,41.0,27.0,4.43,5.02,100,100
2026-08-16T19:00,20.5,21.3,4.0,2.0,3.92,4.34,95,100
2026-08-16T20:00,19.6,20.1,0.0,0.0,3.47,4.96,100,100
2026-08-16T21:00,21.8,19.1,0.0,0.0,5.36,3.33,100,100
2026-08-16T22:00,20.6,18.7,0.0,0.0,3.37,4.87,100,100
2026-08-16T23:00,20.2,18.4,0.0,0.0,3.55,6.66,100,100
2026-08-17T00:00,19.4,18.3,0.0,0.0,7.33,8.06,99,100
2026-08-17T01:00,19.5,18.1,0.0,0.0,5.36,7.82,94,100
2026-08-17T02:00,19.2,18.1,0.0,0.0,4.44,7.38,100,100
2026-08-17T03:00,18.6,18.0,0.0,0.0,5.46,7.68,96,100
2026-08-17T04:00,18.3,18.0,0.0,0.0,5.61,7.56,100,100
2026-08-17T05:00,18.4,18.3,11.0,9.0,7.23,7.54,100,100
2026-08-17T06:00,19.0,17.9,42.0,33.0,6.19,5.11,100,100
2026-08-17T07:00,19.3,18.5,104.0,102.0,5.87,4.61,100,100
2026-08-17T08:00,19.9,19.1,141.0,157.0,5.55,4.24,100,100
2026-08-17T09:00,21.8,20.3,313.0,258.0,4.82,3.82,100,100
2026-08-17T10:00,22.0,20.3,341.0,293.0,5.55,4.5,100,100
2026-08-17T11:00,20.4,19.9,240.0,284.0,4.82,6.44,100,100
2026-08-17T12:00,19.9,20.6,284.0,245.0,4.91,5.41,100,100
2026-08-17T13:00,20.9,19.4,369.0,238.0,5.6,5.23,100,96
2026-08-17T14:00,21.2,20.8,341.0,381.0,8.53,6.75,98,87
2026-08-17T15:00,20.9,20.8,191.0,419.0,6.96,7.0,93,61
2026-08-17T16:00,19.8,20.7,232.0,326.0,7.58,7.23,88,85
2026-08-17T17:00,19.8,20.2,200.0,172.0,4.77,7.23,70,85
2026-08-17T18:00,20.1,18.9,73.0,58.0,4.86,5.76,74,91
2026-08-17T19:00,19.4,17.8,2.0,2.0,4.25,5.9,82,84
2026-08-17T20:00,19.0,16.9,0.0,0.0,4.56,5.97,93,81
2026-08-17T21:00,17.1,15.8,0.0,0.0,5.31,4.73,86,89
2026-08-17T22:00,16.9,15.3,0.0,0.0,5.09,4.12,91,100
2026-08-17T23:00,16.7,14.8,0.0,0.0,4.78,4.27,87,96
2026-08-18T00:00,15.9,16.2,0.0,0.0,3.82,6.38,68,72
2026-08-18T01:00,15.6,15.8,0.0,0.0,4.12,5.94,88,71
2026-08-18T02:00,15.7,15.3,0.0,0.0,4.51,6.06,99,92
2026-08-18T03:00,15.7,15.2,0.0,0.0,3.84,5.45,98,75
2026-08-18T04:00,15.8,14.7,0.0,0.0,3.52,4.44,100,76
2026-08-18T05:00,14.8,14.7,1.0,12.0,3.68,4.61,100,89
2026-08-18T06:00,14.9,16.0,9.0,39.0,3.29,4.75,100,98
2026-08-18T07:00,15.1,16.9,17.0,76.0,3.92,5.09,100,97
2026-08-18T08:00,15.7,17.8,39.0,147.0,3.52,4.24,100,97
2026-08-18T09:00,16.2,18.4,55.0,172.0,3.64,5.2,100,100
2026-08-18T10:00,17.1,18.1,94.0,124.0,3.65,5.72,100,100
2026-08-18T11:00,17.5,17.9,111.0,79.0,3.95,4.33,100,97
2026-08-18T12:00,17.9,17.9,67.0,116.0,2.63,3.94,100,100
2026-08-18T13:00,18.5,18.1,189.0,133.0,4.12,3.47,100,100
2026-08-18T14:00,18.6,17.7,165.0,127.0,5.13,2.5,100,100
2026-08-18T15:00,18.7,17.8,153.0,111.0,5.59,3.15,100,100
2026-08-18T16:00,18.8,18.0,113.0,76.0,4.64,3.15,100,98
2026-08-18T17:00,19.2,18.2,90.0,76.0,4.91,3.76,100,99
2026-08-18T18:00,18.4,17.9,41.0,24.0,5.04,4.0,100,98
2026-08-18T19:00,18.2,17.8,3.0,1.0,5.71,3.88,99,91
2026-08-18T20:00,18.0,17.7,0.0,0.0,4.82,4.5,100,100
2026-08-18T21:00,17.4,17.6,0.0,0.0,5.61,4.8,98,100
2026-08-18T22:00,17.4,17.3,0.0,0.0,5.18,4.93,97,93
2026-08-18T23:00,17.4,17.0,0.0,0.0,5.25,4.9,100,87
2026-08-19T00:00,17.5,17.6,0.0,0.0,5.49,6.51,98,83
2026-08-19T01:00,17.2,17.6,0.0,0.0,5.4,6.26,100,93
2026-08-19T02:00,17.3,17.5,0.0,0.0,5.75,6.44,97,82
2026-08-19T03:00,17.3,17.7,0.0,0.0,5.17,7.2,91,93
2026-08-19T04:00,17.1,17.8,0.0,0.0,5.23,6.97,87,97
2026-08-19T05:00,17.0,17.9,10.0,9.0,5.14,7.41,100,85
2026-08-19T06:00,18.1,18.1,65.0,82.0,4.76,5.3,93,72
2026-08-19T07:00,19.1,19.2,141.0,204.0,4.68,5.19,100,80
2026-08-19T08:00,20.4,20.5,266.0,266.0,5.13,3.56,69,91
2026-08-19T09:00,21.4,21.6,409.0,384.0,5.06,3.9,55,90
2026-08-19T10:00,23.2,23.0,629.0,562.0,6.2,4.08,97,89
2026-08-19T11:00,24.6,24.4,589.0,609.0,6.99,4.63,81,52
2026-08-19T12:00,26.1,25.9,677.0,656.0,6.89,5.17,23,76
2026-08-19T13:00,27.2,26.8,716.0,656.0,6.32,4.78,29,25
2026-08-19T14:00,27.3,27.5,608.0,662.0,6.17,4.92,0,15
2026-08-19T15:00,27.1,27.8,522.0,555.0,4.92,4.96,0,0
2026-08-19T16:00,26.8,27.6,404.0,408.0,5.11,4.49,0,0
2026-08-19T17:00,26.1,27.4,239.0,238.0,4.16,4.32,0,0
2026-08-19T18:00,23.9,25.9,84.0,83.0,4.78,4.24,0,0
2026-08-19T19:00,21.9,23.8,4.0,4.0,6.82,5.97,0,0
2026-08-19T20:00,20.9,23.0,0.0,0.0,6.24,7.6,20,32
2026-08-19T21:00,20.3,22.2,0.0,0.0,7.25,8.27,31,43
2026-08-19T22:00,19.9,21.3,0.0,0.0,7.42,9.41,40,23
2026-08-19T23:00,19.9,20.8,0.0,0.0,8.28,8.8,53,0
2026-08-20T00:00,19.6,20.2,0.0,0.0,7.55,7.01,37,0
2026-08-20T01:00,19.5,19.5,0.0,0.0,7.17,6.68,96,100
2026-08-20T02:00,19.0,18.3,0.0,0.0,5.88,7.19,70,100
2026-08-20T03:00,18.3,18.0,0.0,0.0,5.77,5.19,100,100
2026-08-20T04:00,17.8,18.1,0.0,0.0,4.8,5.92,100,100
2026-08-20T05:00,17.3,18.1,16.0,13.0,3.9,5.52,82,100
2026-08-20T06:00,18.7,19.8,84.0,116.0,3.74,6.08,100,34
2026-08-20T07:00,19.7,20.8,175.0,242.0,3.37,4.51,100,96
2026-08-20T08:00,21.4,20.3,337.0,162.0,2.28,5.2,93,100
2026-08-20T09:00,22.8,20.4,479.0,235.0,1.08,4.78,100,100
2026-08-20T10:00,23.3,20.5,457.0,208.0,2.91,5.27,100,100
2026-08-20T11:00,22.3,21.0,181.0,303.0,3.55,5.31,100,100
2026-08-20T12:00,21.7,19.1,234.0,108.0,7.15,6.79,100,100
2026-08-20T13:00,21.5,19.6,289.0,183.0,6.93,7.48,100,100
2026-08-20T14:00,21.2,20.1,265.0,216.0,7.63,6.47,100,100
2026-08-20T15:00,22.5,20.5,352.0,234.0,6.66,6.24,100,100
2026-08-20T16:00,22.6,21.0,147.0,204.0,6.52,7.18,100,100
2026-08-20T17:00,22.3,21.1,68.0,152.0,6.39,4.96,100,100
2026-08-20T18:00,22.8,19.5,54.0,43.0,7.69,5.66,100,79
2026-08-20T19:00,21.7,18.9,2.0,2.0,6.9,5.79,100,100
2026-08-20T20:00,19.9,18.5,0.0,0.0,3.16,5.41,100,100
2026-08-20T21:00,19.1,18.2,0.0,0.0,5.61,6.54,100,100
2026-08-20T22:00,19.1,18.0,0.0,0.0,5.41,6.41,100,100
2026-08-20T23:00,19.1,17.9,0.0,0.0,6.53,6.09,100,100
2026-08-21T00:00,18.6,17.9,0.0,0.0,6.26,7.36,100,100
2026-08-21T01:00,18.5,17.8,0.0,0.0,7.05,7.03,100,100
2026-08-21T02:00,18.4,17.6,0.0,0.0,7.55,6.01,100,99
2026-08-21T03:00,17.9,17.3,0.0,0.0,5.61,4.34,100,100
2026-08-21T04:00,17.7,17.2,0.0,0.0,4.03,2.51,100,100
2026-08-21T05:00,17.4,17.1,7.0,6.0,3.35,0.79,100,100
2026-08-21T06:00,17.5,17.1,27.0,46.0,3.35,1.62,100,100
2026-08-21T07:00,17.6,18.0,57.0,111.0,2.1,1.81,100,100
2026-08-21T08:00,18.0,19.1,110.0,200.0,2.36,1.55,100,99
2026-08-21T09:00,19.5,19.3,190.0,199.0,2.55,1.0,100,100
2026-08-21T10:00,19.7,18.1,162.0,101.0,3.21,0.49,100,100
2026-08-21T11:00,19.3,17.5,138.0,117.0,3.35,1.18,100,100
2026-08-21T12:00,19.0,15.9,114.0,125.0,4.31,1.85,100,100
2026-08-21T13:00,18.1,15.5,100.0,71.0,5.7,3.48,100,100
2026-08-21T14:00,17.2,15.6,76.0,97.0,6.6,1.52,100,100
2026-08-21T15:00,16.2,15.6,42.0,103.0,6.67,3.67,100,100
2026-08-21T16:00,16.1,15.6,27.0,97.0,5.79,3.73,100,100
2026-08-21T17:00,16.2,15.5,28.0,62.0,4.51,3.86,100,100
2026-08-21T18:00,14.8,15.2,16.0,21.0,3.53,5.21,100,100
2026-08-21T19:00,15.0,14.6,1.0,1.0,4.82,4.65,100,100
2026-08-21T20:00,14.8,14.1,0.0,0.0,5.22,6.08,100,71
2026-08-21T21:00,13.8,13.7,0.0,0.0,3.95,6.03,90,55
2026-08-21T22:00,13.9,13.5,0.0,0.0,5.16,7.37,89,60
2026-08-21T23:00,13.6,13.4,0.0,0.0,4.92,8.13,51,38
2026-08-22T00:00,13.3,14.7,0.0,0.0,5.13,7.76,100,99
2026-08-22T01:00,13.4,14.4,0.0,0.0,5.3,7.44,97,84
2026-08-22T02:00,13.5,14.1,0.0,0.0,5.55,7.68,100,48
2026-08-22T03:00,13.4,13.7,0.0,0.0,7.19,7.9,54,53
2026-08-22T04:00,13.5,13.6,0.0,0.0,8.18,7.66,60,59
2026-08-22T05:00,13.2,13.7,14.0,12.0,8.03,7.41,17,58
2026-08-22T06:00,13.7,14.3,104.0,95.0,7.88,7.18,87,49
2026-08-22T07:00,14.9,14.9,239.0,237.0,7.13,7.34,44,69
2026-08-22T08:00,16.3,15.9,435.0,363.0,6.99,6.71,42,67
2026-08-22T09:00,17.1,16.5,556.0,484.0,9.71,6.49,43,74
2026-08-22T10:00,18.2,17.6,637.0,573.0,9.26,6.75,34,66
2026-08-22T11:00,18.8,18.2,663.0,587.0,9.74,6.96,64,67
2026-08-22T12:00,19.3,18.9,564.0,568.0,9.05,6.76,65,60
2026-08-22T13:00,19.1,19.6,638.0,622.0,10.3,6.56,40,68
2026-08-22T14:00,19.2,19.8,611.0,567.0,8.38,6.01,4,37
2026-08-22T15:00,19.0,19.4,375.0,487.0,8.45,6.38,65,35
2026-08-22T16:00,18.7,19.2,297.0,366.0,5.95,5.28,24,18
2026-08-22T17:00,18.0,18.8,218.0,217.0,5.13,4.43,11,37
2026-08-22T18:00,16.5,17.1,75.0,72.0,5.29,4.57,0,0
2026-08-22T19:00,14.7,15.6,2.0,2.0,2.86,3.63,15,24
2026-08-22T20:00,14.4,14.6,0.0,0.0,2.26,3.22,39,35
2026-08-22T21:00,13.2,13.9,0.0,0.0,2.54,3.0,56,58
2026-08-22T22:00,13.2,13.1,0.0,0.0,1.06,2.65,88,90
2026-08-22T23:00,12.8,12.5,0.0,0.0,0.79,2.16,94,2
2026-08-23T00:00,12.4,12.4,0.0,0.0,0.89,2.06,77,65
2026-08-23T01:00,11.8,11.9,0.0,0.0,0.6,1.96,0,60
2026-08-23T02:00,11.3,11.4,0.0,0.0,0.4,2.17,0,46
2026-08-23T03:00,11.0,10.8,0.0,0.0,1.27,1.93,0,37
2026-08-23T04:00,10.4,10.2,0.0,0.0,2.11,1.74,0,38
2026-08-23T05:00,10.2,9.9,13.0,12.0,1.95,1.82,1,48
2026-08-23T06:00,11.6,11.8,116.0,118.0,1.73,2.15,99,0
2026-08-23T07:00,14.5,14.4,274.0,279.0,1.23,2.3,22,0
2026-08-23T08:00,16.3,16.2,449.0,446.0,1.45,1.81,67,45
2026-08-23T09:00,17.5,17.7,482.0,577.0,1.15,1.77,88,55
2026-08-23T10:00,18.2,18.7,517.0,626.0,1.76,1.62,86,57
2026-08-23T11:00,19.0,19.7,593.0,648.0,1.96,1.79,82,36
2026-08-23T12:00,20.1,20.4,698.0,666.0,1.01,1.87,93,28
2026-08-23T13:00,20.4,21.0,585.0,696.0,2.83,2.16,98,63
2026-08-23T14:00,21.0,21.4,658.0,637.0,1.74,1.86,20,29
2026-08-23T15:00,21.1,21.2,543.0,506.0,1.67,2.25,17,80
2026-08-23T16:00,20.5,20.7,382.0,378.0,3.11,2.48,63,80
2026-08-23T17:00,19.6,19.9,210.0,214.0,3.08,2.91,100,63
2026-08-23T18:00,18.5,18.0,63.0,69.0,4.04,3.41,100,98
2026-08-23T19:00,16.4,16.4,1.0,1.0,5.84,3.86,100,19
2026-08-23T20:00,15.4,15.2,0.0,0.0,6.52,6.32,92,22
2026-08-23T21:00,14.1,14.3,0.0,0.0,6.45,6.98,100,18
2026-08-23T22:00,13.7,13.6,0.0,0.0,6.68,7.12,0,78
2026-08-23T23:00,13.1,13.1,0.0,0.0,6.45,7.61,0,82
2026-08-24T00:00,11.9,13.0,0.0,0.0,5.59,6.75,12,66
2026-08-24T01:00,11.7,12.6,0.0,0.0,5.33,6.75,6,72
2026-08-24T02:00,11.2,12.0,0.0,0.0,5.28,6.5,62,80
2026-08-24T03:00,10.9,11.8,0.0,0.0,5.35,6.26,92,84
2026-08-24T04:00,10.7,11.5,0.0,0.0,5.74,5.95,84,92
2026-08-24T05:00,10.9,11.4,10.0,10.0,5.87,6.1,87,81
2026-08-24T06:00,11.7,13.2,98.0,68.0,5.97,5.4,88,78
2026-08-24T07:00,13.3,14.5,238.0,207.0,4.59,4.59,96,51
2026-08-24T08:00,15.1,16.3,373.0,381.0,3.26,2.95,100,48
2026-08-24T09:00,17.7,17.9,562.0,501.0,3.91,3.79,70,68
2026-08-24T10:00,19.3,19.2,623.0,577.0,4.59,4.3,99,77
2026-08-24T11:00,20.7,20.4,638.0,644.0,4.99,5.27,86,89
2026-08-24T12:00,22.0,21.3,745.0,689.0,5.36,5.45,100,94
2026-08-24T13:00,22.5,21.7,670.0,640.0,5.56,5.65,100,100
2026-08-24T14:00,22.9,22.0,596.0,551.0,5.56,5.82,45,87
2026-08-24T15:00,23.2,21.7,535.0,449.0,6.09,6.22,1,100
2026-08-24T16:00,22.5,21.3,377.0,288.0,6.67,6.49,100,86
2026-08-24T17:00,21.6,20.5,204.0,169.0,7.06,6.38,30,95
2026-08-24T18:00,19.2,18.6,55.0,41.0,7.25,7.06,43,83
2026-08-24T19:00,17.3,17.7,1.0,1.0,8.75,7.89,99,72
2026-08-24T20:00,16.6,17.0,0.0,0.0,9.23,7.81,100,41
2026-08-24T21:00,15.8,16.4,0.0,0.0,7.56,8.33,98,66
2026-08-24T22:00,15.1,16.0,0.0,0.0,8.74,8.56,100,76
2026-08-24T23:00,14.5,15.6,0.0,0.0,8.89,8.85,100,39
2026-08-25T00:00,13.8,14.2,0.0,0.0,6.94,9.47,100,52
2026-08-25T01:00,14.0,13.9,0.0,0.0,5.68,8.19,100,100
2026-08-25T02:00,13.1,13.4,0.0,0.0,7.21,7.64,100,56
2026-08-25T03:00,12.4,12.8,0.0,0.0,8.7,6.56,100,72
2026-08-25T04:00,12.3,12.3,0.0,0.0,7.33,6.82,100,60
2026-08-25T05:00,12.5,12.0,5.0,8.0,7.87,5.3,100,97
2026-08-25T06:00,13.6,12.9,40.0,59.0,1.5,2.91,100,100
2026-08-25T07:00,14.4,13.8,83.0,130.0,1.4,0.98,100,100
2026-08-25T08:00,14.8,14.7,108.0,194.0,0.49,1.12,100,100
2026-08-25T09:00,16.1,15.9,163.0,293.0,0.79,1.21,100,100
2026-08-25T10:00,17.4,16.3,346.0,276.0,1.39,0.1,100,100
2026-08-25T11:00,19.3,15.4,486.0,164.0,0.96,1.32,100,100
2026-08-25T12:00,22.2,15.7,551.0,214.0,4.22,0.78,64,100
2026-08-25T13:00,23.5,16.6,631.0,267.0,4.73,1.21,86,100
2026-08-25T14:00,24.0,18.0,533.0,298.0,3.88,2.2,85,100
2026-08-25T15:00,17.6,19.2,188.0,374.0,2.92,2.18,98,31
2026-08-25T16:00,17.7,19.2,206.0,329.0,1.9,2.64,83,98
2026-08-25T17:00,17.3,18.6,118.0,185.0,1.86,2.33,74,94
2026-08-25T18:00,16.6,18.2,52.0,48.0,2.36,3.61,15,100
2026-08-25T19:00,15.4,17.0,1.0,0.0,2.71,4.29,77,100
2026-08-25T20:00,14.8,16.2,0.0,0.0,2.47,4.57,62,99
2026-08-25T21:00,13.7,15.6,0.0,0.0,2.67,4.73,92,36
2026-08-25T22:00,13.7,15.2,0.0,0.0,1.9,4.3,99,61
2026-08-25T23:00,13.6,14.8,0.0,0.0,1.18,3.82,95,95
2026-08-26T00:00,14.8,14.1,0.0,0.0,1.85,2.98,93,100
2026-08-26T01:00,14.9,13.8,0.0,0.0,1.33,3.05,99,98
2026-08-26T02:00,14.5,13.9,0.0,0.0,1.71,2.94,87,100
2026-08-26T03:00,13.4,14.2,0.0,0.0,0.93,3.9,85,100
2026-08-26T04:00,13.0,14.6,0.0,0.0,0.44,2.86,89,100
2026-08-26T05:00,13.2,14.8,6.0,7.0,0.77,3.88,92,100
2026-08-26T06:00,14.8,16.0,82.0,36.0,0.98,1.93,85,100
2026-08-26T07:00,16.8,16.9,191.0,60.0,0.66,2.08,61,100
2026-08-26T08:00,18.7,18.2,357.0,109.0,0.83,2.66,66,93
2026-08-26T09:00,21.0,20.9,562.0,386.0,0.6,2.75,50,71
2026-08-26T10:00,22.5,22.6,669.0,583.0,0.77,2.9,12,60
2026-08-26T11:00,23.6,23.6,740.0,536.0,0.6,2.69,43,61
2026-08-26T12:00,24.0,23.6,682.0,498.0,2.19,3.04,65,71
2026-08-26T13:00,24.7,24.2,578.0,533.0,1.74,2.47,82,76
2026-08-26T14:00,25.3,24.4,589.0,493.0,1.12,1.98,73,71
2026-08-26T15:00,25.5,24.4,513.0,391.0,0.66,1.81,23,62
2026-08-26T16:00,25.5,24.0,362.0,294.0,1.25,1.89,37,91
2026-08-26T17:00,24.1,23.0,199.0,153.0,4.04,3.84,100,100
2026-08-26T18:00,22.8,21.1,52.0,52.0,5.02,5.23,100,100
2026-08-26T19:00,21.2,19.9,0.0,0.0,6.12,6.96,89,100
2026-08-26T20:00,20.2,19.2,0.0,0.0,7.09,8.03,99,100
2026-08-26T21:00,19.5,18.6,0.0,0.0,6.76,8.28,100,80
2026-08-26T22:00,18.9,18.0,0.0,0.0,7.04,8.31,100,85
2026-08-26T23:00,18.1,17.5,0.0,0.0,6.72,8.21,57,70
2026-08-27T00:00,17.9,18.2,0.0,0.0,6.01,8.12,100,97
2026-08-27T01:00,17.4,17.3,0.0,0.0,6.2,6.42,39,39
2026-08-27T02:00,16.9,16.6,0.0,0.0,5.7,7.0,100,43
2026-08-27T03:00,17.2,16.4,0.0,0.0,6.97,6.97,100,63
2026-08-27T04:00,16.7,16.2,0.0,0.0,5.55,6.51,100,100
2026-08-27T05:00,16.6,15.9,8.0,7.0,7.68,6.09,100,87
2026-08-27T06:00,17.2,17.6,92.0,82.0,5.65,5.35,14,100
2026-08-27T07:00,18.9,19.0,245.0,177.0,4.85,4.35,100,100
2026-08-27T08:00,20.7,20.9,351.0,308.0,3.92,2.76,100,100
2026-08-27T09:00,22.8,23.2,444.0,492.0,3.17,2.08,67,96
2026-08-27T10:00,25.2,25.6,654.0,661.0,3.33,2.87,25,23
2026-08-27T11:00,27.2,27.6,725.0,712.0,3.83,2.39,56,100
2026-08-27T12:00,29.4,27.9,745.0,555.0,3.58,3.98,100,100
2026-08-27T13:00,30.0,29.3,628.0,587.0,4.09,5.19,100,100
2026-08-27T14:00,30.7,29.5,596.0,465.0,4.21,5.69,100,100
2026-08-27T15:00,30.4,29.5,405.0,414.0,5.59,6.39,100,100
2026-08-27T16:00,29.6,28.7,254.0,276.0,6.86,7.65,100,100
2026-08-27T17:00,28.6,27.7,115.0,140.0,6.77,8.26,100,100
2026-08-27T18:00,26.2,26.1,36.0,39.0,9.24,10.24,100,100
2026-08-27T19:00,24.6,24.4,0.0,0.0,10.26,10.65,100,100
2026-08-27T20:00,23.4,23.5,0.0,0.0,10.63,10.13,100,100
2026-08-27T21:00,22.2,22.7,0.0,0.0,9.16,8.39,100,100
2026-08-27T22:00,21.4,21.8,0.0,0.0,6.37,6.58,100,100
2026-08-27T23:00,20.5,20.7,0.0,0.0,5.19,4.98,100,100
2026-08-28T00:00,19.7,19.8,0.0,0.0,4.21,4.43,100,100
2026-08-28T01:00,19.6,19.4,0.0,0.0,5.06,3.99,25,100
2026-08-28T02:00,19.2,19.1,0.0,0.0,3.89,3.7,100,100
2026-08-28T03:00,17.9,18.8,0.0,0.0,4.76,2.77,100,100
2026-08-28T04:00,18.0,18.4,0.0,0.0,4.57,2.89,100,100
2026-08-28T05:00,17.8,18.3,7.0,8.0,1.88,3.95,100,100
2026-08-28T06:00,18.4,19.5,92.0,66.0,3.33,3.37,68,92
2026-08-28T07:00,20.9,22.5,234.0,228.0,4.1,4.87,75,36
2026-08-28T08:00,22.9,24.7,335.0,388.0,1.04,3.69,100,100
2026-08-28T09:00,25.2,25.1,457.0,458.0,0.88,7.24,100,100
2026-08-28T10:00,27.0,24.7,528.0,461.0,7.02,7.28,100,100
2026-08-28T11:00,25.2,22.4,651.0,371.0,11.15,7.82,95,100
2026-08-28T12:00,24.9,24.2,642.0,294.0,4.25,6.17,100,100
2026-08-28T13:00,24.4,20.7,386.0,212.0,9.56,8.86,100,100
2026-08-28T14:00,21.5,18.8,251.0,56.0,5.92,6.27,100,100
2026-08-28T15:00,19.6,18.8,145.0,102.0,4.04,5.75,100,100
2026-08-28T16:00,19.7,18.0,155.0,60.0,3.93,8.04,100,100
2026-08-28T17:00,19.7,17.2,56.0,22.0,7.06,7.72,100,100
2026-08-28T18:00,18.9,18.4,9.0,12.0,5.27,6.55,100,100
2026-08-28T19:00,18.6,18.2,0.0,0.0,7.3,7.5,100,100
2026-08-28T20:00,18.0,17.6,0.0,0.0,8.72,7.31,100,100
2026-08-28T21:00,17.9,17.3,0.0,0.0,8.05,7.55,100,100
2026-08-28T22:00,17.5,16.5,0.0,0.0,7.31,7.14,100,100
2026-08-28T23:00,17.3,16.4,0.0,0.0,7.97,9.08,100,100
2026-08-29T00:00,15.7,16.2,0.0,0.0,7.75,9.5,0,100
2026-08-29T01:00,15.0,15.7,0.0,0.0,6.94,9.78,0,100
2026-08-29T02:00,14.6,15.5,0.0,0.0,6.82,8.87,0,100
2026-08-29T03:00,14.3,14.3,0.0,0.0,6.14,8.49,0,53
2026-08-29T04:00,14.2,13.7,0.0,0.0,6.27,7.94,0,19
2026-08-29T05:00,14.1,13.3,7.0,7.0,6.2,8.4,0,14
2026-08-29T06:00,15.2,14.6,100.0,99.0,5.55,6.95,0,3
2026-08-29T07:00,16.8,16.5,258.0,254.0,3.87,4.19,0,19
2026-08-29T08:00,18.3,18.3,425.0,414.0,3.77,4.9,0,36
2026-08-29T09:00,19.1,19.7,571.0,553.0,3.78,4.16,15,27
2026-08-29T10:00,20.7,21.0,684.0,632.0,3.86,4.54,2,45
2026-08-29T11:00,21.8,22.0,741.0,639.0,4.78,4.85,78,71
2026-08-29T12:00,22.7,22.6,627.0,632.0,5.54,4.52,13,60
2026-08-29T13:00,23.1,23.2,622.0,600.0,5.25,4.71,100,30
2026-08-29T14:00,23.8,23.7,604.0,618.0,5.09,5.11,100,36
2026-08-29T15:00,23.2,23.6,479.0,488.0,6.26,5.08,0,92
2026-08-29T16:00,22.9,23.1,363.0,308.0,6.09,5.11,100,100
2026-08-29T17:00,21.7,22.6,156.0,147.0,5.88,4.79,49,100
2026-08-29T18:00,19.7,21.0,37.0,20.0,4.64,6.18,93,100
2026-08-29T19:00,18.4,19.7,0.0,0.0,6.24,7.06,77,91
2026-08-29T20:00,17.6,18.5,0.0,0.0,6.2,4.75,92,91
2026-08-29T21:00,17.1,17.9,0.0,0.0,6.1,4.99,89,93
2026-08-29T22:00,16.9,17.1,0.0,0.0,6.14,5.55,100,92
2026-08-29T23:00,17.0,17.0,0.0,0.0,6.14,7.85,95,96
2026-08-30T00:00,16.4,17.3,0.0,0.0,6.17,7.12,96,100
2026-08-30T01:00,16.1,16.9,0.0,0.0,6.34,5.86,95,90
2026-08-30T02:00,16.2,17.0,0.0,0.0,6.92,7.29,82,99
2026-08-30T03:00,16.2,16.8,0.0,0.0,6.71,7.58,100,79
2026-08-30T04:00,15.7,16.5,0.0,0.0,5.49,8.34,88,33
2026-08-30T05:00,15.4,15.9,5.0,6.0,5.65,8.41,98,46
2026-08-30T06:00,16.5,16.8,64.0,80.0,5.47,6.94,83,62
2026-08-30T07:00,17.9,18.4,199.0,163.0,4.37,7.23,82,88
2026-08-30T08:00,20.0,20.8,344.0,357.0,3.43,4.73,54,41
2026-08-30T09:00,21.4,22.4,422.0,536.0,4.71,7.22,82,66
2026-08-30T10:00,22.2,22.8,475.0,509.0,6.8,8.6,96,60
2026-08-30T11:00,22.7,23.8,419.0,569.0,6.09,8.44,88,82
2026-08-30T12:00,24.4,23.7,586.0,523.0,5.43,7.23,64,93
2026-08-30T13:00,24.6,24.2,545.0,549.0,4.53,7.04,74,69
2026-08-30T14:00,25.0,24.3,456.0,461.0,4.4,6.69,96,83
2026-08-30T15:00,24.3,24.5,330.0,366.0,6.28,5.85,100,100
2026-08-30T16:00,24.1,24.1,223.0,239.0,3.63,4.9,100,100
2026-08-30T17:00,23.2,23.3,156.0,120.0,3.37,2.77,100,100
2026-08-30T18:00,21.6,21.6,41.0,26.0,2.38,1.55,46,100
2026-08-30T19:00,20.8,20.3,0.0,0.0,1.15,1.0,72,57
2026-08-30T20:00,19.8,19.4,0.0,0.0,1.29,1.06,24,37
2026-08-30T21:00,18.9,18.3,0.0,0.0,3.08,2.54,30,20
2026-08-30T22:00,18.0,17.6,0.0,0.0,2.86,4.0,37,57
2026-08-30T23:00,17.4,17.1,0.0,0.0,3.94,4.82,63,46
2026-08-31T00:00,17.0,16.6,0.0,0.0,4.28,5.62,41,61
2026-08-31T01:00,16.6,16.3,0.0,0.0,5.06,5.57,27,99
2026-08-31T02:00,16.5,16.6,0.0,0.0,5.23,6.42,95,100
2026-08-31T03:00,17.1,16.5,0.0,0.0,7.32,6.77,100,100
2026-08-31T04:00,17.0,16.7,0.0,0.0,6.9,8.42,100,99
2026-08-31T05:00,16.8,16.8,4.0,4.0,6.71,7.95,90,77
2026-08-31T06:00,17.1,17.3,61.0,71.0,6.23,7.59,85,61
2026-08-31T07:00,18.0,17.9,185.0,190.0,5.94,6.91,54,56
2026-08-31T08:00,19.0,19.1,362.0,332.0,6.04,7.47,71,45
2026-08-31T09:00,19.9,20.1,412.0,512.0,7.3,8.94,89,45
2026-08-31T10:00,20.6,20.7,498.0,621.0,7.5,9.03,64,55
2026-08-31T11:00,21.9,21.2,644.0,633.0,8.09,8.41,59,46
2026-08-31T12:00,22.4,22.5,710.0,663.0,7.06,7.56,45,54
2026-08-31T13:00,23.1,22.9,658.0,627.0,8.62,7.28,32,52
2026-08-31T14:00,23.1,23.2,622.0,555.0,8.23,7.0,0,52
2026-08-31T15:00,23.5,23.2,490.0,429.0,10.07,7.36,25,74
2026-08-31T16:00,22.4,22.9,312.0,253.0,9.68,8.62,23,62
2026-08-31T17:00,21.2,21.8,181.0,123.0,8.7,7.75,0,78
2026-08-31T18:00,19.4,20.8,42.0,33.0,7.19,6.56,0,64
2026-08-31T19:00,18.3,19.3,0.0,0.0,10.03,6.08,0,60
2026-08-31T20:00,17.7,18.1,0.0,0.0,9.73,6.47,3,51
2026-08-31T21:00,16.7,16.9,0.0,0.0,9.18,6.45,44,41
2026-08-31T22:00,16.6,16.0,0.0,0.0,8.09,5.3,85,51
2026-08-31T23:00,16.3,15.0,0.0,0.0,6.71,5.61,88,33
2026-09-01T00:00,15.5,15.4,0.0,0.0,7.98,7.93,85,47
2026-09-01T01:00,15.4,15.2,0.0,0.0,6.32,8.18,56,73
2026-09-01T02:00,14.6,14.9,0.0,0.0,4.68,7.58,49,45
2026-09-01T03:00,13.6,14.6,0.0,0.0,4.44,6.99,82,34
2026-09-01T04:00,13.1,14.0,0.0,0.0,4.82,6.7,27,17
2026-09-01T05:00,12.9,13.6,5.0,6.0,5.36,6.09,0,26
2026-09-01T06:00,13.9,14.4,90.0,91.0,4.77,5.11,11,6
2026-09-01T07:00,16.1,16.7,245.0,242.0,3.16,4.19,0,28
2026-09-01T08:00,17.8,18.6,411.0,406.0,3.16,2.71,0,4
2026-09-01T09:00,19.0,19.7,495.0,450.0,4.22,4.71,70,67
2026-09-01T10:00,20.1,20.6,554.0,539.0,4.21,4.67,72,47
2026-09-01T11:00,20.9,21.2,651.0,624.0,3.55,4.75,73,47
2026-09-01T12:00,21.8,22.0,650.0,597.0,4.24,4.3,71,69
2026-09-01T13:00,22.0,22.2,560.0,521.0,4.42,3.98,41,77
2026-09-01T14:00,21.7,22.3,504.0,451.0,5.27,3.66,94,74
2026-09-01T15:00,22.4,22.3,446.0,358.0,3.69,3.45,56,70
2026-09-01T16:00,21.6,21.9,307.0,292.0,4.71,4.12,70,70
2026-09-01T17:00,20.4,20.8,141.0,143.0,4.37,4.09,38,66
2026-09-01T18:00,18.8,19.2,38.0,36.0,3.63,3.6,31,78
2026-09-01T19:00,17.5,18.3,0.0,0.0,3.72,2.54,68,62
2026-09-01T20:00,17.5,17.7,0.0,0.0,1.8,2.67,96,82
2026-09-01T21:00,17.4,17.3,0.0,0.0,1.24,3.15,89,79
2026-09-01T22:00,16.5,16.8,0.0,0.0,0.92,2.64,75,80
2026-09-01T23:00,15.8,16.2,0.0,0.0,0.29,2.18,95,66
2026-09-02T00:00,15.2,15.2,0.0,0.0,1.04,1.62,96,96
2026-09-02T01:00,14.5,14.8,0.0,0.0,0.9,2.19,32,100
2026-09-02T02:00,13.3,14.5,0.0,0.0,1.18,1.67,0,100
2026-09-02T03:00,13.2,13.9,0.0,0.0,0.98,1.67,0,96
2026-09-02T04:00,12.3,13.1,0.0,0.0,1.08,0.84,0,59
2026-09-02T05:00,11.7,12.5,5.0,5.0,1.33,0.49,0,85
2026-09-02T06:00,12.6,13.6,83.0,62.0,0.96,0.31,55,100
2026-09-02T07:00,15.8,15.5,223.0,116.0,1.58,0.71,100,100
2026-09-02T08:00,17.4,17.3,267.0,245.0,0.69,0.69,100,100
2026-09-02T09:00,19.7,18.6,486.0,299.0,1.59,0.57,100,100
2026-09-02T10:00,21.3,20.1,530.0,489.0,1.71,1.01,100,96
2026-09-02T11:00,22.1,21.0,602.0,537.0,1.81,1.46,100,98
2026-09-02T12:00,22.9,22.1,555.0,503.0,2.75,3.44,100,92
2026-09-02T13:00,23.4,22.1,483.0,489.0,3.96,4.22,63,100
2026-09-02T14:00,23.5,21.5,535.0,332.0,4.57,5.37,85,100
2026-09-02T15:00,23.5,21.2,414.0,204.0,4.27,4.69,71,100
2026-09-02T16:00,23.0,20.5,271.0,159.0,4.1,5.16,95,100
2026-09-02T17:00,21.5,19.3,116.0,81.0,5.19,5.84,98,92
2026-09-02T18:00,19.3,19.2,15.0,15.0,5.6,6.58,100,100
2026-09-02T19:00,18.4,18.1,0.0,0.0,3.83,5.87,92,100
2026-09-02T20:00,17.8,17.1,0.0,0.0,2.59,3.65,92,100
2026-09-02T21:00,17.3,16.5,0.0,0.0,2.85,2.91,91,95
2026-09-02T22:00,16.8,16.1,0.0,0.0,2.54,2.5,84,96
2026-09-02T23:00,16.2,15.7,0.0,0.0,3.19,2.87,97,91
2026-09-03T00:00,15.6,16.0,0.0,0.0,3.57,5.23,84,91
2026-09-03T01:00,14.9,15.7,0.0,0.0,3.79,5.63,95,98
2026-09-03T02:00,14.5,15.4,0.0,0.0,4.25,5.52,91,96
2026-09-03T03:00,14.8,15.2,0.0,0.0,3.26,5.27,94,91
2026-09-03T04:00,14.6,14.8,0.0,0.0,4.12,5.04,83,84
2026-09-03T05:00,14.2,14.4,2.0,3.0,4.42,4.75,95,84
2026-09-03T06:00,15.1,14.2,40.0,70.0,5.4,3.53,97,83
2026-09-03T07:00,16.2,15.8,98.0,141.0,5.61,3.27,95,62
2026-09-03T08:00,17.7,17.7,291.0,364.0,3.83,2.55,58,46
2026-09-03T09:00,19.4,18.7,420.0,459.0,4.73,4.04,91,82
2026-09-03T10:00,20.5,19.6,537.0,535.0,5.39,3.74,100,68
2026-09-03T11:00,21.7,20.9,591.0,633.0,4.9,3.75,100,85
2026-09-03T12:00,22.4,23.0,500.0,723.0,6.08,4.25,100,55
2026-09-03T13:00,22.6,23.7,512.0,689.0,5.43,3.93,74,62
2026-09-03T14:00,23.5,24.0,516.0,600.0,6.1,3.73,100,26
2026-09-03T15:00,23.4,23.9,307.0,463.0,3.9,3.72,97,65
2026-09-03T16:00,22.8,23.6,176.0,312.0,4.44,3.98,67,41
2026-09-03T17:00,21.2,22.8,61.0,143.0,3.57,4.21,70,46
2026-09-03T18:00,21.4,21.3,16.0,15.0,6.62,4.52,82,99
2026-09-03T19:00,20.0,20.6,0.0,0.0,3.85,4.25,92,100
2026-09-03T20:00,19.2,19.8,0.0,0.0,4.17,3.19,90,69
2026-09-03T21:00,18.7,19.0,0.0,0.0,5.19,3.83,87,87
2026-09-03T22:00,18.2,18.3,0.0,0.0,5.0,4.92,100,84
2026-09-03T23:00,18.2,17.7,0.0,0.0,5.42,5.25,100,76
2026-09-04T00:00,17.4,18.1,0.0,0.0,5.49,7.87,82,93
2026-09-04T01:00,16.9,18.0,0.0,0.0,5.53,8.06,77,79
2026-09-04T02:00,16.4,18.0,0.0,0.0,5.26,8.15,100,94
2026-09-04T03:00,16.1,18.1,0.0,0.0,5.35,7.96,64,93
2026-09-04T04:00,15.4,18.1,0.0,0.0,5.13,8.48,77,86
2026-09-04T05:00,15.2,18.2,3.0,2.0,4.92,9.22,47,88
2026-09-04T06:00,16.8,18.1,72.0,55.0,6.09,7.23,30,88
2026-09-04T07:00,18.7,19.7,224.0,173.0,5.14,6.61,0,55
2026-09-04T08:00,20.5,21.8,388.0,361.0,4.78,4.86,0,32
2026-09-04T09:00,23.0,23.6,533.0,527.0,5.73,5.26,0,0
2026-09-04T10:00,24.7,25.1,643.0,642.0,6.57,5.88,0,18
2026-09-04T11:00,26.1,26.2,708.0,698.0,7.07,5.84,20,30
2026-09-04T12:00,27.1,27.2,724.0,730.0,7.41,6.49,0,24
2026-09-04T13:00,27.7,27.9,685.0,679.0,7.25,6.82,0,18
2026-09-04T14:00,28.3,28.4,598.0,604.0,7.01,6.59,32,26
2026-09-04T15:00,28.3,28.2,471.0,468.0,6.94,6.48,0,23
2026-09-04T16:00,28.0,27.8,318.0,314.0,7.53,6.9,0,44
2026-09-04T17:00,26.9,27.0,157.0,150.0,7.53,6.2,0,41
2026-09-04T18:00,25.0,25.7,28.0,29.0,8.42,6.8,0,0
2026-09-04T19:00,23.2,23.3,0.0,0.0,8.58,6.66,0,0
2026-09-04T20:00,22.4,21.7,0.0,0.0,7.42,6.86,0,3
2026-09-04T21:00,21.3,20.8,0.0,0.0,7.55,6.79,15,10
2026-09-04T22:00,20.8,19.9,0.0,0.0,8.45,7.25,14,14
2026-09-04T23:00,20.3,19.4,0.0,0.0,7.84,8.29,8,43
2026-09-05T00:00,19.6,19.3,0.0,0.0,7.96,8.81,48,50
2026-09-05T01:00,19.1,19.2,0.0,0.0,7.25,7.76,100,75
2026-09-05T02:00,18.5,18.9,0.0,0.0,7.69,7.69,98,79
2026-09-05T03:00,18.7,18.3,0.0,0.0,8.73,6.85,100,100
2026-09-05T04:00,18.3,18.1,0.0,0.0,6.48,6.63,100,80
2026-09-05T05:00,17.7,18.0,2.0,2.0,5.52,6.54,97,100
2026-09-05T06:00,14.8,16.8,8.0,7.0,4.24,6.21,100,100
2026-09-05T07:00,15.7,16.8,63.0,33.0,4.04,6.34,96,100
2026-09-05T08:00,17.0,17.6,199.0,128.0,4.48,6.11,96,100
2026-09-05T09:00,18.4,18.6,319.0,211.0,6.32,5.59,100,100
2026-09-05T10:00,19.6,19.6,523.0,408.0,5.64,5.86,39,85
2026-09-05T11:00,20.7,21.0,699.0,589.0,5.78,5.96,60,67
2026-09-05T12:00,21.3,20.5,643.0,397.0,5.52,6.97,25,69
2026-09-05T13:00,22.1,21.7,681.0,570.0,5.85,6.44,37,37
2026-09-05T14:00,22.8,22.3,544.0,610.0,6.27,6.33,88,35
2026-09-05T15:00,23.0,22.3,446.0,478.0,6.39,6.14,23,5
2026-09-05T16:00,22.1,21.7,319.0,336.0,7.0,6.63,2,12
2026-09-05T17:00,21.0,20.4,155.0,166.0,7.47,5.8,0,20
2026-09-05T18:00,19.7,18.5,26.0,30.0,7.0,6.74,14,0
2026-09-05T19:00,17.5,16.5,0.0,0.0,5.54,6.15,0,0
2026-09-05T20:00,16.2,15.6,0.0,0.0,4.47,5.3,0,0
2026-09-05T21:00,15.7,15.0,0.0,0.0,4.08,4.19,8,13
2026-09-05T22:00,15.0,14.3,0.0,0.0,3.33,3.64,35,2
2026-09-05T23:00,14.9,13.4,0.0,0.0,2.43,3.05,41,5
2026-09-06T00:00,13.5,13.0,0.0,0.0,1.38,3.29,17,12
2026-09-06T01:00,12.8,12.5,0.0,0.0,2.16,2.8,41,59
2026-09-06T02:00,12.4,11.9,0.0,0.0,2.59,1.8,38,0
2026-09-06T03:00,12.4,11.2,0.0,0.0,3.11,1.02,46,9
2026-09-06T04:00,12.1,10.7,0.0,0.0,2.57,1.5,14,0
2026-09-06T05:00,11.6,10.4,2.0,3.0,2.91,1.97,9,0
2026-09-06T06:00,12.2,11.5,76.0,81.0,2.45,3.1,0,0
2026-09-06T07:00,15.1,14.4,224.0,235.0,2.52,3.17,0,1
2026-09-06T08:00,17.2,16.8,387.0,401.0,1.97,2.36,0,0
2026-09-06T09:00,18.7,18.6,531.0,549.0,2.47,2.58,100,0
2026-09-06T10:00,20.3,20.0,642.0,662.0,1.87,2.16,0,0
2026-09-06T11:00,21.7,21.4,709.0,729.0,1.81,1.86,2,0
2026-09-06T12:00,22.8,22.8,722.0,742.0,1.98,1.18,0,5
2026-09-06T13:00,23.6,23.5,682.0,704.0,2.29,1.38,4,0
2026-09-06T14:00,24.0,23.9,594.0,615.0,2.61,1.48,0,0
2026-09-06T15:00,23.9,23.9,431.0,485.0,3.19,1.86,100,19
2026-09-06T16:00,23.1,23.4,251.0,323.0,3.58,2.4,92,13
2026-09-06T17:00,21.8,22.0,137.0,154.0,3.48,3.07,48,48
2026-09-06T18:00,19.4,19.6,22.0,25.0,3.92,4.17,45,100
2026-09-06T19:00,17.8,18.0,0.0,0.0,5.01,4.77,65,100
2026-09-06T20:00,16.7,16.9,0.0,0.0,6.72,5.59,3,100
2026-09-06T21:00,15.1,16.2,0.0,0.0,7.25,5.86,0,44
2026-09-06T22:00,14.1,15.4,0.0,0.0,6.82,5.79,0,19
2026-09-06T23:00,13.3,14.8,0.0,0.0,6.95,5.36,0,1
2026-09-07T00:00,12.4,14.1,0.0,0.0,6.58,6.14,64,36
2026-09-07T01:00,12.0,13.8,0.0,0.0,6.44,5.11,54,55
2026-09-07T02:00,12.0,13.5,0.0,0.0,5.48,4.16,100,88
2026-09-07T03:00,11.5,13.1,0.0,0.0,5.22,3.38,95,84
2026-09-07T04:00,11.6,13.0,0.0,0.0,4.73,2.59,96,100
2026-09-07T05:00,11.6,13.3,2.0,1.0,2.78,3.64,28,100
2026-09-07T06:00,12.5,13.5,59.0,61.0,3.8,3.24,48,59
2026-09-07T07:00,14.7,15.9,169.0,167.0,4.76,3.04,100,91
2026-09-07T08:00,16.6,18.0,193.0,246.0,5.36,2.6,100,100
2026-09-07T09:00,18.5,20.2,269.0,305.0,3.57,1.87,94,100
2026-09-07T10:00,21.4,22.1,411.0,346.0,1.46,2.72,85,100
2026-09-07T11:00,24.4,24.3,607.0,391.0,1.94,3.33,35,100
2026-09-07T12:00,26.2,24.5,659.0,364.0,3.27,3.86,46,100
2026-09-07T13:00,27.5,25.9,573.0,452.0,3.23,4.06,72,99
2026-09-07T14:00,28.0,25.1,489.0,312.0,5.54,7.41,100,100
2026-09-07T15:00,27.7,23.9,348.0,132.0,5.79,3.29,100,100
2026-09-07T16:00,27.2,23.7,191.0,160.0,3.54,3.37,100,93
2026-09-07T17:00,26.3,22.8,90.0,99.0,5.87,5.28,100,54
2026-09-07T18:00,21.1,21.5,12.0,20.0,2.0,5.02,100,100
2026-09-07T19:00,19.6,20.9,0.0,0.0,3.33,5.91,0,88
2026-09-07T20:00,18.7,20.2,0.0,0.0,4.51,6.04,0,4
2026-09-07T21:00,18.0,19.5,0.0,0.0,5.98,6.12,0,0
2026-09-07T22:00,18.0,19.0,0.0,0.0,6.96,7.21,0,36
2026-09-07T23:00,18.1,18.7,0.0,0.0,6.3,8.6,0,39
2026-09-08T00:00,17.2,17.8,0.0,0.0,6.03,6.65,6,0
2026-09-08T01:00,17.1,17.5,0.0,0.0,5.17,6.86,0,48
2026-09-08T02:00,16.4,17.2,0.0,0.0,4.71,6.32,0,27
2026-09-08T03:00,16.1,17.1,0.0,0.0,4.55,5.75,0,66
2026-09-08T04:00,16.2,17.4,0.0,0.0,5.58,5.31,0,65
2026-09-08T05:00,16.2,17.5,2.0,1.0,6.01,5.13,6,74
2026-09-08T06:00,17.2,18.5,59.0,44.0,4.17,4.09,0,83
2026-09-08T07:00,19.8,19.6,186.0,98.0,4.44,3.45,63,82
2026-09-08T08:00,22.0,22.0,338.0,243.0,3.42,3.4,39,74
2026-09-08T09:00,25.3,24.2,503.0,400.0,2.07,2.23,0,65
2026-09-08T10:00,26.8,25.9,490.0,466.0,1.79,2.15,85,84
2026-09-08T11:00,29.0,26.8,624.0,475.0,1.97,2.96,22,78
2026-09-08T12:00,29.2,29.0,707.0,551.0,2.0,2.75,0,52
2026-09-08T13:00,30.1,30.0,671.0,597.0,2.51,5.09,0,28
2026-09-08T14:00,30.9,30.3,568.0,564.0,4.24,6.44,0,34
2026-09-08T15:00,30.1,30.3,457.0,455.0,6.7,7.23,0,0
2026-09-08T16:00,29.5,29.6,302.0,313.0,7.99,6.96,0,13
2026-09-08T17:00,28.4,27.8,140.0,145.0,6.87,7.21,0,20
2026-09-08T18:00,25.1,25.4,20.0,20.0,6.21,6.53,0,10
2026-09-08T19:00,22.9,23.4,0.0,0.0,5.22,7.04,16,17
2026-09-08T20:00,21.8,22.1,0.0,0.0,4.25,8.42,0,100
2026-09-08T21:00,20.4,22.6,0.0,0.0,5.09,8.82,76,79
2026-09-08T22:00,21.2,21.3,0.0,0.0,7.09,5.16,100,100
2026-09-08T23:00,19.2,20.8,0.0,0.0,12.26,7.41,100,99
2026-09-09T00:00,18.7,19.3,0.0,0.0,7.15,7.49,100,75
2026-09-09T01:00,18.0,18.5,0.0,0.0,6.29,6.29,100,100
2026-09-09T02:00,17.5,18.5,0.0,0.0,5.82,6.63,100,95
2026-09-09T03:00,17.3,18.1,0.0,0.0,4.47,7.07,100,100
2026-09-09T04:00,17.1,17.7,0.0,0.0,5.69,6.41,100,96
2026-09-09T05:00,16.8,17.4,1.0,1.0,4.44,6.84,98,100
2026-09-09T06:00,17.4,18.3,28.0,22.0,3.26,7.19,95,100
2026-09-09T07:00,17.8,18.4,53.0,62.0,3.31,5.06,100,100
2026-09-09T08:00,17.5,18.4,43.0,107.0,9.32,4.8,100,100
2026-09-09T09:00,17.7,18.2,49.0,109.0,6.98,4.61,100,100
2026-09-09T10:00,17.5,17.2,81.0,91.0,6.35,4.96,100,100
2026-09-09T11:00,17.0,16.9,102.0,87.0,8.59,5.06,100,100
2026-09-09T12:00,15.5,17.3,181.0,165.0,7.91,4.66,100,100
2026-09-09T13:00,14.6,17.0,141.0,123.0,5.53,5.37,100,100
2026-09-09T14:00,14.8,16.5,107.0,92.0,6.1,5.67,100,100
2026-09-09T15:00,15.5,15.8,197.0,52.0,4.74,6.58,100,100
2026-09-09T16:00,15.4,15.4,148.0,36.0,4.57,6.47,100,100
2026-09-09T17:00,15.1,14.8,61.0,18.0,4.51,4.19,100,100
2026-09-09T18:00,13.9,14.8,6.0,7.0,5.37,5.65,100,100
2026-09-09T19:00,12.9,14.4,0.0,0.0,5.94,5.16,100,100
2026-09-09T20:00,12.4,13.8,0.0,0.0,5.4,4.25,100,100
2026-09-09T21:00,11.4,13.4,0.0,0.0,6.01,3.57,33,100
2026-09-09T22:00,10.7,13.1,0.0,0.0,5.53,3.37,100,100
2026-09-09T23:00,10.3,12.7,0.0,0.0,5.08,2.66,100,100
2026-09-10T00:00,10.3,11.7,0.0,0.0,4.06,6.09,100,100
2026-09-10T01:00,10.4,11.0,0.0,0.0,4.09,5.21,100,100
2026-09-10T02:00,9.9,10.7,0.0,0.0,3.86,3.88,100,100
2026-09-10T03:00,9.3,10.4,0.0,0.0,2.94,3.34,100,100
2026-09-10T04:00,9.0,10.1,0.0,0.0,1.47,3.24,100,100
2026-09-10T05:00,8.8,9.7,1.0,1.0,1.67,2.43,100,100
2026-09-10T06:00,9.3,9.5,42.0,60.0,1.89,3.06,100,100
2026-09-10T07:00,11.3,11.8,122.0,163.0,2.29,3.47,100,100
2026-09-10T08:00,13.5,13.4,265.0,252.0,1.27,2.43,100,100
2026-09-10T09:00,14.2,14.3,329.0,334.0,2.63,2.99,100,100
2026-09-10T10:00,15.6,15.4,486.0,414.0,2.47,2.99,100,100
2026-09-10T11:00,16.7,16.3,540.0,449.0,2.67,2.94,100,100
2026-09-10T12:00,16.7,18.0,421.0,568.0,3.19,2.67,100,100
2026-09-10T13:00,17.4,18.3,512.0,491.0,3.26,2.67,100,100
2026-09-10T14:00,17.5,18.5,415.0,411.0,2.77,3.2,100,100
2026-09-10T15:00,17.5,18.3,221.0,341.0,2.72,3.47,100,100
2026-09-10T16:00,17.0,17.7,119.0,192.0,3.23,3.5,100,100
2026-09-10T17:00,16.1,16.8,56.0,88.0,4.24,3.86,100,100
2026-09-10T18:00,15.3,14.9,9.0,14.0,1.71,4.12,100,100
2026-09-10T19:00,14.2,13.5,0.0,0.0,1.77,4.09,100,100
2026-09-10T20:00,13.5,12.7,0.0,0.0,2.37,3.79,100,100
2026-09-10T21:00,13.2,12.1,0.0,0.0,2.26,4.09,100,100
2026-09-10T22:00,12.8,11.6,0.0,0.0,1.39,4.24,100,100
2026-09-10T23:00,12.4,11.3,0.0,0.0,1.24,3.78,100,100
2026-09-11T00:00,11.0,8.7,0.0,0.0,1.82,4.05,64,99
2026-09-11T01:00,10.4,8.0,0.0,0.0,1.45,2.75,50,99
2026-09-11T02:00,9.9,6.8,0.0,0.0,1.31,2.1,59,58
2026-09-11T03:00,10.4,5.5,0.0,0.0,1.49,2.37,69,35
2026-09-11T04:00,9.8,4.7,0.0,0.0,1.39,2.83,76,54
2026-09-11T05:00,9.6,4.4,1.0,1.0,1.02,2.95,56,59
2026-09-11T06:00,10.3,8.4,49.0,46.0,0.31,1.71,78,69
2026-09-11T07:00,12.1,11.7,198.0,158.0,1.71,1.59,7,69
2026-09-11T08:00,14.5,14.5,369.0,296.0,1.62,0.89,90,78
2026-09-11T09:00,17.0,15.9,526.0,290.0,1.92,0.98,0,98
2026-09-11T10:00,17.8,16.7,540.0,263.0,2.73,0.4,86,96
2026-09-11T11:00,18.7,17.5,479.0,266.0,2.72,0.31,100,95
2026-09-11T12:00,18.9,17.9,584.0,331.0,4.37,0.57,89,83
2026-09-11T13:00,19.1,18.9,492.0,456.0,4.27,1.75,100,71
2026-09-11T14:00,19.8,19.5,467.0,399.0,2.65,2.21,100,95
2026-09-11T15:00,18.9,19.5,317.0,384.0,3.7,2.36,88,91
2026-09-11T16:00,18.7,19.1,249.0,226.0,3.85,2.08,93,93
2026-09-11T17:00,17.4,17.8,97.0,99.0,3.26,2.26,98,60
2026-09-11T18:00,16.5,16.0,13.0,11.0,1.69,2.94,40,84
2026-09-11T19:00,15.5,15.2,0.0,0.0,1.86,3.2,78,86
2026-09-11T20:00,14.7,13.8,0.0,0.0,1.06,1.5,11,69
2026-09-11T21:00,12.4,12.4,0.0,0.0,1.69,4.35,84,71
2026-09-11T22:00,11.5,12.0,0.0,0.0,3.02,4.93,76,86
2026-09-11T23:00,11.0,11.9,0.0,0.0,3.59,5.39,65,83
2026-09-12T00:00,10.6,10.3,0.0,0.0,3.61,4.44,60,58
2026-09-12T01:00,10.0,10.0,0.0,0.0,3.24,4.8,29,66
2026-09-12T02:00,9.3,9.8,0.0,0.0,3.22,4.52,0,67
2026-09-12T03:00,8.9,9.6,0.0,0.0,2.76,4.02,0,71
2026-09-12T04:00,8.6,9.4,0.0,0.0,2.64,3.95,0,48
2026-09-12T05:00,8.2,9.0,1.0,1.0,2.7,3.38,22,82
2026-09-12T06:00,9.4,9.5,59.0,48.0,2.8,2.97,0,58
2026-09-12T07:00,12.0,12.3,199.0,177.0,2.89,2.64,10,44
2026-09-12T08:00,14.9,15.5,359.0,341.0,2.18,2.39,0,42
2026-09-12T09:00,17.2,17.6,507.0,461.0,1.39,1.38,25,43
2026-09-12T10:00,19.0,19.0,618.0,560.0,1.77,1.0,7,43
2026-09-12T11:00,20.1,20.2,683.0,637.0,1.62,1.08,19,43
2026-09-12T12:00,21.3,21.3,693.0,591.0,1.96,3.66,3,83
2026-09-12T13:00,21.5,21.7,594.0,587.0,2.21,3.28,7,50
2026-09-12T14:00,21.7,21.6,496.0,475.0,2.39,3.41,37,75
2026-09-12T15:00,21.7,21.5,386.0,319.0,3.19,3.24,77,76
2026-09-12T16:00,21.2,21.0,235.0,246.0,2.92,2.98,38,100
2026-09-12T17:00,19.9,19.9,103.0,91.0,2.02,2.59,66,85
2026-09-12T18:00,17.9,18.0,11.0,11.0,2.95,2.81,0,25
2026-09-12T19:00,17.2,16.8,0.0,0.0,1.47,2.55,27,94
2026-09-12T20:00,16.4,16.0,0.0,0.0,0.79,2.65,66,74
2026-09-12T21:00,14.4,15.2,0.0,0.0,1.88,1.96,100,76
2026-09-12T22:00,13.5,14.2,0.0,0.0,3.33,3.6,83,99
2026-09-12T23:00,13.1,13.7,0.0,0.0,3.94,4.56,100,90
2026-09-13T00:00,13.7,13.1,0.0,0.0,4.06,5.28,93,76
2026-09-13T01:00,13.6,13.1,0.0,0.0,4.02,6.28,87,92
2026-09-13T02:00,13.5,13.2,0.0,0.0,4.02,6.54,90,77
2026-09-13T03:00,13.2,12.6,0.0,0.0,4.86,6.64,44,74
2026-09-13T04:00,12.5,12.3,0.0,0.0,4.79,7.54,19,50
2026-09-13T05:00,11.9,12.1,0.0,0.0,5.28,7.56,27,58
2026-09-13T06:00,13.0,13.3,29.0,46.0,5.35,7.81,97,62
2026-09-13T07:00,14.3,15.6,88.0,133.0,4.75,7.67,100,31
2026-09-13T08:00,15.6,18.2,107.0,295.0,3.81,4.95,95,74
2026-09-13T09:00,15.7,20.2,79.0,414.0,3.83,5.92,99,81
2026-09-13T10:00,15.8,20.8,140.0,430.0,5.59,6.36,100,100
2026-09-13T11:00,15.5,22.3,100.0,482.0,4.23,6.71,100,94
2026-09-13T12:00,16.2,23.4,130.0,625.0,2.61,6.88,99,90
2026-09-13T13:00,16.7,22.9,168.0,467.0,2.64,6.96,100,100
2026-09-13T14:00,16.5,22.6,65.0,286.0,2.18,6.85,100,99
2026-09-13T15:00,15.9,22.2,43.0,179.0,1.12,5.67,100,100
2026-09-13T16:00,16.0,20.7,30.0,96.0,1.01,4.86,100,100
2026-09-13T17:00,16.0,19.3,25.0,46.0,1.98,3.02,100,100
2026-09-13T18:00,16.0,15.7,1.0,2.0,2.45,7.25,100,100
2026-09-13T19:00,15.3,14.9,0.0,0.0,1.92,7.36,100,100
2026-09-13T20:00,15.2,14.7,0.0,0.0,3.73,6.07,100,100
2026-09-13T21:00,15.4,14.5,0.0,0.0,5.09,6.38,100,100
2026-09-13T22:00,15.3,14.6,0.0,0.0,7.37,6.58,100,97
2026-09-13T23:00,15.2,14.6,0.0,0.0,7.43,6.21,100,100
2026-09-14T00:00,15.4,14.8,0.0,0.0,6.51,5.81,96,99
2026-09-14T01:00,15.2,14.7,0.0,0.0,6.28,5.92,100,99
2026-09-14T02:00,14.9,14.7,0.0,0.0,6.08,5.57,100,99
2026-09-14T03:00,14.6,14.4,0.0,0.0,6.27,4.77,100,100
2026-09-14T04:00,14.5,14.2,0.0,0.0,5.26,6.03,100,99
2026-09-14T05:00,14.5,14.3,0.0,0.0,4.98,6.2,100,100
2026-09-14T06:00,14.6,14.1,28.0,28.0,2.57,3.94,94,92
2026-09-14T07:00,15.2,15.1,77.0,118.0,2.91,2.94,85,82
2026-09-14T08:00,16.5,16.3,257.0,223.0,1.75,3.33,82,90
2026-09-14T09:00,17.5,17.2,300.0,298.0,3.21,2.72,87,82
2026-09-14T10:00,18.3,18.2,357.0,377.0,2.45,2.16,89,90
2026-09-14T11:00,19.3,19.1,491.0,414.0,1.61,1.94,79,76
2026-09-14T12:00,20.4,20.4,487.0,463.0,1.45,3.4,67,87
2026-09-14T13:00,20.8,20.9,485.0,458.0,1.25,3.05,82,78
2026-09-14T14:00,20.1,21.2,253.0,415.0,3.42,3.12,100,93
2026-09-14T15:00,20.7,21.1,227.0,305.0,0.22,2.72,91,77
2026-09-14T16:00,20.8,20.6,185.0,229.0,0.75,2.42,59,51
2026-09-14T17:00,19.9,19.5,79.0,101.0,0.96,2.45,52,38
2026-09-14T18:00,18.2,18.2,4.0,8.0,1.58,2.01,58,38
2026-09-14T19:00,17.0,17.0,0.0,0.0,1.36,2.29,0,36
2026-09-14T20:00,15.8,15.9,0.0,0.0,1.46,2.81,4,35
2026-09-14T21:00,14.9,14.9,0.0,0.0,2.29,3.54,0,32
2026-09-14T22:00,14.0,14.2,0.0,0.0,2.43,4.0,11,9
2026-09-14T23:00,13.6,13.5,0.0,0.0,2.19,3.38,0,0
2026-09-15T00:00,13.0,13.6,0.0,0.0,2.1,3.04,0,0
2026-09-15T01:00,12.1,13.1,0.0,0.0,2.33,2.77,41,1
2026-09-15T02:00,11.6,12.6,0.0,0.0,2.42,2.19,56,26
2026-09-15T03:00,11.7,12.2,0.0,0.0,1.96,2.19,75,65
2026-09-15T04:00,11.4,12.0,0.0,0.0,2.09,2.02,93,79
2026-09-15T05:00,11.2,11.3,0.0,0.0,1.57,1.83,90,100
2026-09-15T06:00,10.9,11.3,35.0,43.0,1.4,3.82,100,89
2026-09-15T07:00,12.2,13.0,125.0,126.0,0.92,2.85,100,89
2026-09-15T08:00,14.7,15.1,245.0,251.0,1.39,2.16,93,61
2026-09-15T09:00,18.3,17.9,432.0,473.0,0.79,1.28,0,31
2026-09-15T10:00,20.6,20.0,589.0,583.0,1.2,1.81,0,23
2026-09-15T11:00,22.1,21.7,655.0,668.0,1.59,1.53,32,6
2026-09-15T12:00,23.5,23.3,662.0,667.0,1.71,0.89,0,68
2026-09-15T13:00,24.0,23.9,631.0,583.0,1.24,1.06,0,29
2026-09-15T14:00,24.1,24.2,540.0,538.0,0.88,1.39,0,60
2026-09-15T15:00,24.3,24.1,407.0,400.0,0.79,1.4,0,39
2026-09-15T16:00,23.6,23.6,255.0,238.0,1.49,2.09,10,88
2026-09-15T17:00,21.8,22.3,101.0,94.0,2.08,2.45,4,79
2026-09-15T18:00,19.2,20.9,7.0,6.0,3.63,2.22,81,100
2026-09-15T19:00,18.2,19.5,0.0,0.0,4.71,2.56,98,100
2026-09-15T20:00,17.4,18.4,0.0,0.0,6.11,4.25,91,97
2026-09-15T21:00,16.6,17.3,0.0,0.0,5.44,5.17,100,100
2026-09-15T22:00,16.4,16.8,0.0,0.0,5.14,4.57,54,93
2026-09-15T23:00,16.1,16.3,0.0,0.0,5.01,4.97,86,86
2026-09-16T00:00,16.5,16.3,0.0,0.0,5.95,5.2,96,99
2026-09-16T01:00,16.3,16.0,0.0,0.0,5.79,5.41,97,87
2026-09-16T02:00,15.9,15.8,0.0,0.0,5.07,5.68,90,100
2026-09-16T03:00,15.5,15.9,0.0,0.0,4.37,5.66,70,100
2026-09-16T04:00,14.8,16.0,0.0,0.0,4.38,6.32,76,100
2026-09-16T05:00,14.8,15.9,0.0,0.0,4.82,6.06,81,54
2026-09-16T06:00,16.0,15.8,38.0,42.0,5.62,6.47,74,71
2026-09-16T07:00,17.7,18.1,143.0,151.0,5.21,6.37,88,95
2026-09-16T08:00,19.9,20.4,249.0,221.0,4.43,5.79,99,92
2026-09-16T09:00,22.6,22.6,380.0,352.0,5.59,4.4,99,93
2026-09-16T10:00,23.6,24.1,469.0,454.0,5.29,3.83,83,86
2026-09-16T11:00,22.1,24.6,259.0,456.0,5.36,3.37,100,88
2026-09-16T12:00,22.9,21.9,399.0,454.0,7.31,7.16,92,100
2026-09-16T13:00,21.1,20.4,271.0,248.0,8.07,5.35,100,100
2026-09-16T14:00,19.6,18.6,141.0,146.0,7.99,6.17,100,100
2026-09-16T15:00,17.8,18.2,53.0,155.0,8.51,8.03,96,100
2026-09-16T16:00,16.7,16.6,47.0,96.0,8.46,7.24,100,100
2026-09-16T17:00,15.7,15.4,19.0,23.0,7.8,5.58,100,100
2026-09-16T18:00,15.5,15.4,1.0,2.0,6.23,4.61,100,100
2026-09-16T19:00,15.0,15.2,0.0,0.0,5.09,7.36,100,100
2026-09-16T20:00,14.9,14.5,0.0,0.0,6.39,6.0,100,100
2026-09-16T21:00,14.8,13.9,0.0,0.0,7.84,6.72,100,100
2026-09-16T22:00,14.3,13.4,0.0,0.0,7.97,8.72,100,100
2026-09-16T23:00,14.1,13.2,0.0,0.0,7.39,7.76,100,100
2026-09-17T00:00,13.4,12.6,0.0,0.0,6.81,8.37,91,100
2026-09-17T01:00,13.2,11.9,0.0,0.0,7.0,7.41,97,100
2026-09-17T02:00,12.6,11.1,0.0,0.0,5.94,7.47,66,69
2026-09-17T03:00,12.6,10.6,0.0,0.0,4.85,7.19,73,27
2026-09-17T04:00,12.2,10.0,0.0,0.0,4.29,7.34,66,10
2026-09-17T05:00,11.4,9.5,0.0,0.0,4.11,6.82,53,15
2026-09-17T06:00,10.7,10.3,47.0,49.0,4.43,5.83,41,17
2026-09-17T07:00,12.5,12.1,191.0,196.0,4.08,5.11,0,4
2026-09-17T08:00,14.6,14.3,354.0,357.0,3.07,2.64,0,40
2026-09-17T09:00,16.6,16.0,502.0,488.0,3.25,3.0,0,40
2026-09-17T10:00,17.7,17.2,589.0,545.0,3.24,3.46,100,29
2026-09-17T11:00,18.6,18.0,600.0,620.0,3.83,3.25,95,40
2026-09-17T12:00,18.4,19.0,374.0,601.0,3.74,4.13,100,96
2026-09-17T13:00,19.5,19.0,479.0,511.0,3.69,4.05,82,91
2026-09-17T14:00,20.0,19.5,467.0,455.0,4.39,4.0,100,71
2026-09-17T15:00,19.5,19.2,355.0,364.0,2.92,3.56,0,93
2026-09-17T16:00,18.8,18.6,216.0,240.0,2.08,3.53,100,90
2026-09-17T17:00,17.4,17.3,80.0,85.0,1.74,2.55,100,100
2026-09-17T18:00,14.9,16.0,5.0,4.0,3.81,2.39,9,85
2026-09-17T19:00,13.5,14.5,0.0,0.0,4.74,3.37,54,44
2026-09-17T20:00,12.6,13.3,0.0,0.0,4.09,5.09,79,80
2026-09-17T21:00,11.5,12.6,0.0,0.0,3.88,5.82,28,99
2026-09-17T22:00,10.9,12.0,0.0,0.0,4.17,5.77,92,93
2026-09-17T23:00,10.6,11.7,0.0,0.0,4.18,6.1,100,100
2026-09-18T00:00,11.3,10.8,0.0,0.0,4.41,5.63,93,91
2026-09-18T01:00,10.9,10.8,0.0,0.0,4.7,5.77,87,93
2026-09-18T02:00,10.7,10.7,0.0,0.0,4.57,5.36,91,93
2026-09-18T03:00,10.2,10.3,0.0,0.0,4.57,5.17,98,56
2026-09-18T04:00,10.3,9.8,0.0,0.0,4.9,5.3,100,67
2026-09-18T05:00,10.1,9.7,0.0,0.0,4.84,5.19,100,99
2026-09-18T06:00,11.2,11.0,34.0,27.0,4.34,4.03,100,100
2026-09-18T07:00,12.7,12.7,125.0,90.0,4.04,3.63,100,99
2026-09-18T08:00,14.4,14.4,213.0,157.0,3.53,4.19,100,100
2026-09-18T09:00,16.3,16.5,281.0,245.0,3.29,2.69,100,100
2026-09-18T10:00,18.2,18.5,416.0,412.0,3.46,3.03,100,100
2026-09-18T11:00,19.3,18.6,460.0,387.0,3.8,4.56,100,100
2026-09-18T12:00,20.4,19.7,476.0,380.0,5.39,5.53,74,92
2026-09-18T13:00,19.7,19.3,407.0,307.0,5.65,6.19,82,95
2026-09-18T14:00,20.0,18.7,359.0,215.0,4.29,5.61,96,94
2026-09-18T15:00,18.9,18.5,245.0,203.0,5.02,4.78,82,91
2026-09-18T16:00,18.0,17.5,131.0,126.0,5.75,3.59,98,92
2026-09-18T17:00,16.9,16.1,48.0,46.0,4.02,2.85,100,84
2026-09-18T18:00,15.6,14.6,2.0,2.0,2.35,1.97,81,71
2026-09-18T19:00,15.0,13.6,0.0,0.0,0.93,1.2,87,61
2026-09-18T20:00,14.6,12.8,0.0,0.0,0.88,1.25,98,76
2026-09-18T21:00,14.1,12.4,0.0,0.0,1.48,1.14,70,82
2026-09-18T22:00,13.6,12.1,0.0,0.0,1.39,0.49,93,79
2026-09-18T23:00,13.3,11.5,0.0,0.0,1.1,0.5,100,80
2026-09-19T00:00,12.7,11.3,0.0,0.0,2.41,0.84,100,88
2026-09-19T01:00,12.0,10.9,0.0,0.0,2.95,1.43,91,99
2026-09-19T02:00,11.8,10.6,0.0,0.0,3.26,2.16,100,100
2026-09-19T03:00,11.2,10.3,0.0,0.0,2.28,2.11,0,94
2026-09-19T04:00,10.6,9.5,0.0,0.0,2.88,1.53,0,38
2026-09-19T05:00,10.2,8.8,0.0,0.0,2.63,2.15,100,57
2026-09-19T06:00,10.3,9.6,41.0,43.0,2.7,3.08,100,32
2026-09-19T07:00,12.5,12.0,169.0,172.0,2.43,3.03,100,62
2026-09-19T08:00,15.0,15.1,319.0,335.0,1.18,2.78,21,16
2026-09-19T09:00,17.4,17.8,475.0,488.0,1.15,1.63,0,35
2026-09-19T10:00,19.0,19.6,583.0,593.0,1.29,1.93,46,67
2026-09-19T11:00,20.1,20.7,623.0,639.0,2.31,2.52,92,63
2026-09-19T12:00,21.0,21.3,570.0,638.0,3.19,2.71,20,59
2026-09-19T13:00,21.5,21.7,614.0,560.0,2.51,2.5,0,80
2026-09-19T14:00,21.6,21.8,516.0,479.0,2.21,2.26,1,88
2026-09-19T15:00,21.2,21.3,343.0,358.0,2.75,2.06,98,95
2026-09-19T16:00,20.4,20.6,171.0,175.0,2.94,1.69,100,72
2026-09-19T17:00,18.9,19.1,58.0,79.0,2.65,1.83,100,10
2026-09-19T18:00,18.1,17.9,3.0,2.0,1.71,1.18,76,93
2026-09-19T19:00,17.3,16.3,0.0,0.0,1.47,0.49,5,95
2026-09-19T20:00,15.6,15.1,0.0,0.0,2.19,1.75,63,77
2026-09-19T21:00,13.9,14.5,0.0,0.0,4.23,3.2,84,50
2026-09-19T22:00,13.3,13.6,0.0,0.0,4.52,5.14,100,45
2026-09-19T23:00,13.1,12.6,0.0,0.0,5.02,6.01,100,18
2026-09-20T00:00,12.3,12.4,0.0,0.0,4.82,6.14,98,85
2026-09-20T01:00,12.1,12.0,0.0,0.0,4.86,6.02,100,96
2026-09-20T02:00,11.7,11.7,0.0,0.0,5.04,5.92,100,10
2026-09-20T03:00,10.9,11.3,0.0,0.0,4.52,5.99,73,37
2026-09-20T04:00,10.7,11.1,0.0,0.0,4.25,6.31,6,3
2026-09-20T05:00,10.7,10.8,0.0,0.0,4.69,6.45,81,70
2026-09-20T06:00,11.7,11.4,31.0,42.0,4.91,6.68,100,56
2026-09-20T07:00,14.0,14.7,133.0,174.0,4.73,6.76,100,100
2026-09-20T08:00,16.3,17.3,250.0,295.0,3.53,5.04,100,100
2026-09-20T09:00,18.7,18.5,364.0,278.0,4.52,4.93,100,100
2026-09-20T10:00,20.5,19.2,517.0,277.0,4.85,4.04,100,100
2026-09-20T11:00,22.2,21.1,641.0,470.0,5.61,4.61,8,91
2026-09-20T12:00,23.1,22.7,642.0,633.0,6.28,6.58,93,92
2026-09-20T13:00,23.4,22.9,597.0,586.0,6.59,6.79,76,100
2026-09-20T14:00,23.7,22.6,480.0,410.0,5.61,7.19,82,100
2026-09-20T15:00,22.3,22.1,254.0,238.0,6.71,7.34,100,99
2026-09-20T16:00,21.0,21.1,95.0,166.0,7.55,7.38,100,100
2026-09-20T17:00,19.9,19.6,28.0,22.0,8.06,7.59,100,100
2026-09-20T18:00,18.6,19.1,1.0,1.0,9.86,7.56,100,99
2026-09-20T19:00,16.3,18.5,0.0,0.0,7.02,8.44,100,100
2026-09-20T20:00,15.9,17.9,0.0,0.0,5.92,8.02,100,100
2026-09-20T21:00,15.7,17.5,0.0,0.0,6.94,6.85,100,96
2026-09-20T22:00,15.7,16.7,0.0,0.0,6.99,7.0,100,98
2026-09-20T23:00,14.5,15.9,0.0,0.0,6.79,6.8,100,100
2026-09-21T00:00,13.3,14.1,0.0,0.0,6.05,6.99,98,100
2026-09-21T01:00,12.9,12.9,0.0,0.0,4.65,5.68,100,100
2026-09-21T02:00,12.2,11.9,0.0,0.0,5.25,5.07,100,100
2026-09-21T03:00,12.0,11.1,0.0,0.0,5.63,5.21,100,100
2026-09-21T04:00,10.9,10.3,0.0,0.0,4.73,5.07,100,100
2026-09-21T05:00,9.7,9.5,0.0,0.0,4.33,5.01,100,100
2026-09-21T06:00,9.3,9.7,29.0,27.0,3.86,4.86,100,100
2026-09-21T07:00,10.4,10.4,122.0,86.0,3.51,4.13,100,100
2026-09-21T08:00,11.7,11.4,238.0,178.0,2.72,2.64,100,100
2026-09-21T09:00,13.1,13.0,337.0,393.0,3.27,2.01,100,67
2026-09-21T10:00,14.2,14.3,435.0,542.0,3.4,2.02,97,57
2026-09-21T11:00,15.2,15.4,496.0,609.0,3.4,2.23,91,64
2026-09-21T12:00,16.8,16.4,620.0,661.0,3.97,2.92,97,93
2026-09-21T13:00,17.3,16.8,597.0,602.0,4.06,3.2,26,99
2026-09-21T14:00,17.2,16.9,513.0,480.0,4.23,3.54,83,100
2026-09-21T15:00,16.6,16.3,343.0,324.0,5.39,4.06,65,100
2026-09-21T16:00,15.9,15.4,198.0,153.0,4.76,4.51,54,100
2026-09-21T17:00,14.4,13.9,70.0,59.0,4.32,3.78,78,100
2026-09-21T18:00,12.5,11.9,2.0,1.0,4.61,3.81,29,100
2026-09-21T19:00,11.4,11.1,0.0,0.0,3.66,2.59,100,100
2026-09-21T20:00,10.6,10.5,0.0,0.0,2.99,1.25,0,91
2026-09-21T21:00,9.7,9.6,0.0,0.0,2.43,1.2,51,55
2026-09-21T22:00,8.9,9.0,0.0,0.0,2.54,2.18,0,44
2026-09-21T23:00,8.3,8.4,0.0,0.0,3.07,2.23,0,41
2026-09-22T00:00,7.6,7.7,0.0,0.0,3.35,2.29,0,47
2026-09-22T01:00,7.0,7.2,0.0,0.0,3.29,2.59,0,59
2026-09-22T02:00,6.6,7.0,0.0,0.0,3.26,2.65,5,68
2026-09-22T03:00,6.3,7.1,0.0,0.0,3.64,2.51,0,87
2026-09-22T04:00,5.9,7.4,0.0,0.0,3.07,2.83,31,96
2026-09-22T05:00,5.9,7.5,0.0,0.0,2.72,2.67,86,91
2026-09-22T06:00,7.2,5.9,20.0,35.0,3.0,1.86,92,69
2026-09-22T07:00,9.2,9.3,109.0,143.0,2.37,1.67,84,65
2026-09-22T08:00,11.3,11.9,212.0,274.0,1.31,1.19,73,53
2026-09-22T09:00,13.8,13.8,449.0,438.0,1.36,2.09,48,55
2026-09-22T10:00,14.9,15.1,534.0,542.0,2.37,2.67,65,41
2026-09-22T11:00,15.5,15.9,557.0,631.0,2.61,3.12,51,59
2026-09-22T12:00,15.5,16.5,532.0,584.0,2.88,2.59,84,53
2026-09-22T13:00,15.8,16.8,477.0,577.0,3.02,2.89,77,46
2026-09-22T14:00,16.0,16.7,445.0,490.0,2.81,2.98,31,45
2026-09-22T15:00,15.9,16.4,339.0,346.0,2.35,2.69,43,34
2026-09-22T16:00,14.9,15.7,200.0,218.0,3.65,2.75,31,54
2026-09-22T17:00,12.9,14.2,69.0,63.0,4.33,3.22,8,54
2026-09-22T18:00,11.3,12.7,1.0,1.0,4.43,3.34,7,56
2026-09-22T19:00,10.5,11.4,0.0,0.0,4.79,4.13,9,41
2026-09-22T20:00,9.8,10.3,0.0,0.0,5.16,4.35,26,42
2026-09-22T21:00,9.5,9.8,0.0,0.0,4.35,4.12,0,40
2026-09-22T22:00,9.1,9.2,0.0,0.0,4.74,3.92,0,42
2026-09-22T23:00,7.9,8.1,0.0,0.0,3.94,3.9,0,37
2026-09-23T00:00,7.3,8.0,0.0,0.0,4.04,4.11,0,0
2026-09-23T01:00,6.8,7.2,0.0,0.0,3.56,2.45,0,17
2026-09-23T02:00,6.3,6.4,0.0,0.0,3.72,2.16,0,16
2026-09-23T03:00,5.8,5.6,0.0,0.0,2.97,2.36,0,0
2026-09-23T04:00,5.3,4.9,0.0,0.0,2.75,2.59,0,0
2026-09-23T05:00,4.9,4.4,0.0,0.0,2.84,2.65,0,0
2026-09-23T06:00,5.5,5.2,34.0,37.0,2.66,3.14,0,19
2026-09-23T07:00,8.4,8.2,162.0,166.0,2.94,3.04,0,36
2026-09-23T08:00,11.2,11.6,316.0,325.0,1.76,1.47,0,30
2026-09-23T09:00,13.2,14.0,459.0,471.0,2.47,1.77,0,4
2026-09-23T10:00,15.0,15.6,567.0,584.0,2.83,1.29,0,8
2026-09-23T11:00,16.2,16.8,630.0,647.0,2.14,0.69,0,9
2026-09-23T12:00,17.0,17.3,639.0,655.0,1.83,0.4,0,6
2026-09-23T13:00,17.6,18.0,595.0,611.0,1.12,0.14,0,4
2026-09-23T14:00,18.0,18.4,502.0,519.0,0.75,0.57,0,18
2026-09-23T15:00,18.2,18.3,371.0,382.0,0.14,1.0,0,34
2026-09-23T16:00,17.7,17.6,211.0,197.0,0.4,1.36,3,100
2026-09-23T17:00,16.0,16.0,64.0,54.0,0.44,1.63,1,16
2026-09-23T18:00,14.7,14.7,1.0,1.0,1.0,0.49,74,7
2026-09-23T19:00,12.9,12.8,0.0,0.0,1.33,0.62,100,15
2026-09-23T20:00,11.7,11.6,0.0,0.0,2.5,1.67,0,12
2026-09-23T21:00,9.6,11.0,0.0,0.0,3.82,3.51,0,81
2026-09-23T22:00,8.9,10.1,0.0,0.0,4.62,5.2,0,100
2026-09-23T23:00,8.1,9.3,0.0,0.0,4.84,6.72,0,12
2026-09-24T00:00,9.1,10.2,0.0,0.0,7.28,9.48,78,81
2026-09-24T01:00,9.5,11.6,0.0,0.0,6.83,9.11,100,85
2026-09-24T02:00,9.9,12.0,0.0,0.0,6.96,8.3,88,79
2026-09-24T03:00,9.0,11.5,0.0,0.0,6.25,7.82,95,95
2026-09-24T04:00,9.5,12.0,0.0,0.0,6.38,8.25,100,72
2026-09-24T05:00,9.9,11.6,0.0,0.0,5.77,6.17,99,100
2026-09-24T06:00,11.2,12.6,16.0,28.0,7.58,9.98,100,75
2026-09-24T07:00,12.6,12.9,109.0,74.0,7.85,9.07,100,97
2026-09-24T08:00,14.1,13.8,180.0,235.0,6.85,8.86,99,80
2026-09-24T09:00,14.3,14.5,138.0,357.0,7.08,8.72,100,86
2026-09-24T10:00,14.8,14.9,178.0,410.0,8.21,8.69,100,88
2026-09-24T11:00,15.7,14.9,210.0,447.0,7.53,9.16,100,95
2026-09-24T12:00,17.2,15.8,399.0,556.0,8.19,7.82,95,73
2026-09-24T13:00,17.1,15.7,357.0,469.0,7.53,7.49,95,86
2026-09-24T14:00,17.1,15.2,378.0,289.0,8.11,7.0,18,90
2026-09-24T15:00,16.1,14.8,283.0,199.0,7.05,6.09,10,95
2026-09-24T16:00,15.4,14.5,213.0,122.0,7.62,5.16,0,73
2026-09-24T17:00,13.5,13.1,64.0,56.0,6.81,4.35,0,91
2026-09-24T18:00,10.9,12.7,0.0,0.0,4.32,5.53,0,35
2026-09-24T19:00,10.0,10.8,0.0,0.0,3.03,4.06,6,55
2026-09-24T20:00,9.4,10.1,0.0,0.0,2.08,2.37,0,41
2026-09-24T21:00,9.2,9.2,0.0,0.0,1.77,1.4,0,7
2026-09-24T22:00,7.9,8.3,0.0,0.0,1.06,1.39,0,0
2026-09-24T23:00,6.0,7.2,0.0,0.0,1.55,1.15,0,4
2026-09-25T00:00,6.5,5.2,0.0,0.0,1.37,0.79,0,8
2026-09-25T01:00,5.7,4.6,0.0,0.0,1.37,1.57,0,3
2026-09-25T02:00,5.7,3.6,0.0,0.0,0.69,1.08,0,0
2026-09-25T03:00,5.6,2.7,0.0,0.0,1.94,1.04,0,0
2026-09-25T04:00,5.3,1.9,0.0,0.0,1.74,1.18,0,47
2026-09-25T05:00,4.8,1.6,0.0,0.0,1.62,2.11,12,67
2026-09-25T06:00,5.3,2.7,30.0,32.0,2.5,1.47,24,83
2026-09-25T07:00,8.1,6.5,155.0,155.0,2.86,1.97,30,68
2026-09-25T08:00,11.5,11.6,311.0,325.0,0.92,1.98,23,2
2026-09-25T09:00,13.9,14.6,457.0,477.0,1.1,1.06,31,0
2026-09-25T10:00,15.7,16.2,568.0,587.0,1.67,0.88,24,1
2026-09-25T11:00,16.9,17.3,628.0,649.0,1.69,0.66,16,6
2026-09-25T12:00,17.4,18.0,634.0,655.0,0.78,0.98,15,0
2026-09-25T13:00,17.9,18.5,587.0,609.0,0.81,0.98,15,0
2026-09-25T14:00,18.1,18.7,485.0,511.0,0.62,1.06,67,26
2026-09-25T15:00,17.6,18.5,347.0,369.0,0.79,1.28,49,14
2026-09-25T16:00,16.8,17.7,199.0,214.0,0.9,1.23,34,12
2026-09-25T17:00,15.3,15.1,55.0,60.0,0.59,1.98,27,16
2026-09-25T18:00,14.3,12.1,0.0,0.0,0.78,2.48,0,13
2026-09-25T19:00,12.6,10.5,0.0,0.0,1.73,3.07,0,0
2026-09-25T20:00,11.6,9.1,0.0,0.0,2.43,3.59,16,0
2026-09-25T21:00,10.3,8.1,0.0,0.0,2.36,4.16,27,0
2026-09-25T22:00,9.3,7.2,0.0,0.0,2.85,4.38,32,0
2026-09-25T23:00,8.6,6.5,0.0,0.0,2.97,4.13,18,0
2026-09-26T00:00,7.9,7.5,0.0,0.0,2.51,2.79,8,0
2026-09-26T01:00,7.5,6.9,0.0,0.0,2.79,3.23,12,0
2026-09-26T02:00,7.4,6.3,0.0,0.0,3.24,3.56,33,0
2026-09-26T03:00,6.4,5.9,0.0,0.0,2.95,3.72,0,0
2026-09-26T04:00,6.0,5.6,0.0,0.0,3.29,3.73,34,0
2026-09-26T05:00,6.0,5.4,0.0,0.0,3.43,3.52,58,0
2026-09-26T06:00,6.3,6.0,28.0,28.0,3.24,3.66,0,22
2026-09-26T07:00,8.8,9.4,147.0,152.0,2.95,3.84,0,0
2026-09-26T08:00,12.8,13.8,301.0,306.0,2.38,3.37,0,5
2026-09-26T09:00,16.4,17.2,447.0,438.0,0.69,1.06,0,99
2026-09-26T10:00,18.9,19.6,559.0,538.0,0.63,1.47,0,100
2026-09-26T11:00,20.7,21.4,622.0,601.0,0.77,1.66,0,96
2026-09-26T12:00,21.8,22.8,632.0,602.0,0.89,1.59,70,100
2026-09-26T13:00,22.5,23.6,584.0,579.0,0.69,1.59,62,100
2026-09-26T14:00,22.8,23.8,493.0,481.0,0.49,1.4,0,0
2026-09-26T15:00,23.2,23.5,362.0,371.0,0.78,0.31,2,0
2026-09-26T16:00,22.4,22.7,202.0,209.0,1.1,0.35,2,22
2026-09-26T17:00,20.2,20.2,55.0,55.0,1.04,1.87,18,17
2026-09-26T18:00,17.5,17.8,0.0,0.0,2.61,3.16,100,25
2026-09-26T19:00,16.5,16.3,0.0,0.0,4.12,4.16,26,72
2026-09-26T20:00,14.8,15.1,0.0,0.0,4.28,5.26,11,7
2026-09-26T21:00,12.7,14.3,0.0,0.0,3.69,5.33,0,40
2026-09-26T22:00,11.6,13.4,0.0,0.0,3.4,5.43,0,7
2026-09-26T23:00,11.0,12.5,0.0,0.0,3.42,5.82,1,0
2026-09-27T00:00,10.9,10.4,0.0,0.0,4.74,4.78,0,10
2026-09-27T01:00,10.2,9.6,0.0,0.0,4.95,4.32,0,0
2026-09-27T02:00,9.9,8.9,0.0,0.0,4.71,4.43,0,0
2026-09-27T03:00,9.6,8.5,0.0,0.0,4.43,5.11,0,0
2026-09-27T04:00,9.0,8.3,0.0,0.0,4.25,5.31,0,0
2026-09-27T05:00,8.5,7.9,0.0,0.0,4.37,5.22,2,0
2026-09-27T06:00,8.3,7.7,26.0,26.0,4.12,5.61,2,19
2026-09-27T07:00,10.6,10.7,142.0,142.0,3.76,5.53,18,17
2026-09-27T08:00,13.6,14.4,290.0,290.0,2.81,4.6,22,9
2026-09-27T09:00,16.5,17.1,432.0,435.0,2.56,2.07,8,8
2026-09-27T10:00,19.2,19.5,541.0,547.0,2.55,2.65,11,5
2026-09-27T11:00,21.4,21.6,604.0,612.0,2.95,2.95,3,0
2026-09-27T12:00,23.4,23.5,617.0,627.0,3.23,2.77,3,8
2026-09-27T13:00,24.2,24.3,574.0,584.0,3.16,3.04,16,14
2026-09-27T14:00,24.4,24.5,479.0,489.0,3.4,3.16,4,25
2026-09-27T15:00,24.3,23.9,347.0,348.0,3.54,3.59,62,64
2026-09-27T16:00,23.3,22.6,186.0,177.0,4.28,4.47,61,30
2026-09-27T17:00,19.7,19.7,47.0,48.0,5.02,6.2,16,95
2026-09-27T18:00,17.2,17.1,0.0,0.0,6.38,7.6,0,52
2026-09-27T19:00,15.2,15.9,0.0,0.0,7.39,8.15,0,67
2026-09-27T20:00,14.2,14.6,0.0,0.0,6.87,7.35,0,30
2026-09-27T21:00,13.3,13.4,0.0,0.0,5.68,5.98,0,9
2026-09-27T22:00,12.8,12.3,0.0,0.0,4.74,4.76,0,5
2026-09-27T23:00,12.1,11.1,0.0,0.0,3.33,3.69,0,22
2026-09-28T00:00,11.4,9.8,0.0,0.0,3.07,3.78,60,9
2026-09-28T01:00,10.4,9.1,0.0,0.0,2.77,3.29,67,33
2026-09-28T02:00,9.8,8.5,0.0,0.0,2.19,2.75,71,58
2026-09-28T03:00,9.2,8.1,0.0,0.0,1.92,2.26,84,96
2026-09-28T04:00,8.9,8.7,0.0,0.0,1.9,2.46,87,99
2026-09-28T05:00,8.5,8.5,0.0,0.0,1.62,1.77,81,97
2026-09-28T06:00,8.6,8.9,20.0,21.0,1.33,1.25,92,64
2026-09-28T07:00,10.5,11.6,115.0,122.0,1.25,1.59,48,31
2026-09-28T08:00,14.5,15.4,271.0,269.0,1.43,2.15,39,36
2026-09-28T09:00,18.3,18.9,411.0,399.0,0.71,1.79,33,47
2026-09-28T10:00,21.4,21.5,528.0,491.0,1.67,2.07,16,51
2026-09-28T11:00,23.7,23.2,596.0,531.0,2.08,2.46,0,71
2026-09-28T12:00,25.1,24.7,597.0,572.0,2.61,2.45,28,84
2026-09-28T13:00,26.0,25.5,556.0,523.0,3.42,2.92,17,90
2026-09-28T14:00,26.1,25.7,468.0,436.0,3.83,3.5,4,61
2026-09-28T15:00,25.8,25.1,326.0,315.0,4.88,4.38,22,8
2026-09-28T16:00,24.7,24.0,182.0,179.0,5.59,5.43,4,2
2026-09-28T17:00,21.5,21.2,44.0,42.0,6.77,6.96,0,17
2026-09-28T18:00,19.7,18.8,0.0,0.0,7.3,7.76,0,0
2026-09-28T19:00,18.1,16.7,0.0,0.0,7.64,7.61,0,0
2026-09-28T20:00,16.6,14.7,0.0,0.0,7.02,7.32,0,1
2026-09-28T21:00,15.7,13.3,0.0,0.0,7.18,7.89,0,0
2026-09-28T22:00,14.4,12.5,0.0,0.0,6.09,7.58,0,0
2026-09-28T23:00,13.6,11.4,0.0,0.0,7.27,7.22,0,0
2026-09-29T00:00,13.2,11.6,0.0,0.0,7.27,7.67,0,55
2026-09-29T01:00,12.3,10.8,0.0,0.0,7.41,7.38,0,4
2026-09-29T02:00,12.0,10.2,0.0,0.0,7.19,7.53,0,0
2026-09-29T03:00,11.4,9.7,0.0,0.0,6.96,6.58,0,0
2026-09-29T04:00,10.9,9.1,0.0,0.0,4.31,6.3,4,0
2026-09-29T05:00,10.0,8.7,0.0,0.0,5.29,5.98,0,71
2026-09-29T06:00,10.1,8.3,21.0,20.0,4.9,5.15,2,8
2026-09-29T07:00,12.5,11.3,129.0,120.0,4.71,4.9,1,10
2026-09-29T08:00,14.9,14.7,276.0,256.0,3.53,3.52,3,0
2026-09-29T09:00,17.7,16.9,420.0,391.0,2.94,2.09,0,3
2026-09-29T10:00,20.1,19.3,522.0,499.0,2.59,2.75,99,0
2026-09-29T11:00,22.2,21.4,584.0,562.0,3.74,3.09,74,70
2026-09-29T12:00,23.5,23.0,598.0,570.0,4.23,3.17,0,43
2026-09-29T13:00,24.4,23.9,555.0,524.0,4.52,3.21,0,100
2026-09-29T14:00,24.7,24.2,461.0,430.0,5.01,4.08,0,1
2026-09-29T15:00,24.6,23.9,329.0,312.0,5.59,4.34,0,0
2026-09-29T16:00,23.6,22.9,176.0,165.0,5.68,5.19,0,0
2026-09-29T17:00,20.6,20.2,40.0,36.0,7.75,6.99,0,3
2026-09-29T18:00,19.1,18.0,0.0,0.0,7.89,6.93,88,100
2026-09-29T19:00,17.8,16.3,0.0,0.0,8.11,7.59,47,100
2026-09-29T20:00,16.1,15.3,0.0,0.0,6.42,6.73,100,100
2026-09-29T21:00,15.0,13.9,0.0,0.0,6.65,6.29,100,100
2026-09-29T22:00,14.2,13.2,0.0,0.0,5.4,6.34,100,100
2026-09-29T23:00,13.3,13.0,0.0,0.0,5.69,6.57,100,87
2026-09-30T00:00,12.4,11.7,0.0,0.0,4.91,5.24,55,100
2026-09-30T01:00,11.2,11.3,0.0,0.0,3.33,4.24,0,99
2026-09-30T02:00,11.0,10.6,0.0,0.0,3.53,4.83,95,85
2026-09-30T03:00,10.2,9.6,0.0,0.0,2.97,3.47,87,74
2026-09-30T04:00,9.2,8.7,0.0,0.0,2.16,1.84,100,86
2026-09-30T05:00,8.6,7.8,0.0,0.0,1.39,1.43,100,38
2026-09-30T06:00,8.9,7.4,20.0,17.0,0.9,0.71,2,67
2026-09-30T07:00,11.0,9.2,133.0,98.0,0.9,0.88,0,64
2026-09-30T08:00,14.8,12.7,276.0,220.0,1.2,1.2,0,0
2026-09-30T09:00,17.4,16.9,415.0,366.0,0.79,0.93,0,8
2026-09-30T10:00,20.4,20.0,521.0,470.0,0.92,0.1,0,14
2026-09-30T11:00,22.7,22.5,583.0,541.0,0.59,0.2,0,0
2026-09-30T12:00,23.7,23.6,588.0,564.0,1.01,0.81,0,1
2026-09-30T13:00,24.5,24.7,549.0,526.0,1.33,1.02,0,1
2026-09-30T14:00,24.7,25.1,456.0,438.0,1.9,1.25,0,0
2026-09-30T15:00,24.1,24.7,326.0,308.0,3.07,1.74,0,0
2026-09-30T16:00,23.1,23.8,173.0,160.0,3.57,2.26,0,0
2026-09-30T17:00,20.1,21.1,37.0,34.0,3.97,2.98,0,0
2026-09-30T18:00,18.4,18.5,0.0,0.0,4.35,4.7,5,0
2026-09-30T19:00,17.1,17.0,0.0,0.0,3.27,4.37,4,0
2026-09-30T20:00,15.9,15.7,0.0,0.0,3.54,4.86,10,0
2026-09-30T21:00,14.9,14.9,0.0,0.0,2.77,4.1,7,3
2026-09-30T22:00,13.5,14.0,0.0,0.0,3.43,3.15,0,0
2026-09-30T23:00,13.2,13.1,0.0,0.0,2.09,2.29,0,0
