time,temperature_2m_previous_day1,temperature_2m_previous_day2,shortwave_radiation_previous_day1,shortwave_radiation_previous_day2,wind_speed_100m_previous_day1,wind_speed_100m_previous_day2,cloud_cover_previous_day1,cloud_cover_previous_day2
2025-06-15T00:00,18.6,20.2,0.0,0.0,6.02,3.82,100,100
2025-06-15T01:00,18.6,18.2,0.0,0.0,5.24,2.69,100,100
2025-06-15T02:00,18.4,17.7,0.0,0.0,3.73,9.51,98,100
2025-06-15T03:00,18.1,17.0,0.0,0.0,3.81,8.47,60,100
2025-06-15T04:00,17.7,16.4,27.0,11.0,4.03,6.72,53,100
2025-06-15T05:00,18.2,16.1,116.0,33.0,4.34,6.56,100,100
2025-06-15T06:00,18.6,18.4,142.0,138.0,2.35,5.66,100,100
2025-06-15T07:00,19.5,20.1,264.0,339.0,3.17,7.66,100,100
2025-06-15T08:00,20.0,20.7,366.0,396.0,5.49,7.71,100,87
2025-06-15T09:00,21.4,19.5,448.0,405.0,7.07,8.01,100,86
2025-06-15T10:00,20.3,19.3,424.0,274.0,8.27,6.13,100,87
2025-06-15T11:00,16.7,20.8,191.0,502.0,3.92,8.33,100,82
2025-06-15T12:00,19.4,20.0,329.0,344.0,6.19,5.96,96,100
2025-06-15T13:00,19.9,21.1,448.0,472.0,8.25,7.45,96,100
2025-06-15T14:00,20.1,20.8,570.0,530.0,10.1,8.72,100,100
2025-06-15T15:00,19.1,20.0,352.0,528.0,8.27,9.02,100,99
2025-06-15T16:00,18.5,19.7,216.0,463.0,7.57,8.3,100,46
2025-06-15T17:00,18.6,19.1,255.0,354.0,7.97,7.8,100,0
2025-06-15T18:00,16.3,17.2,53.0,220.0,8.25,8.5,100,19
2025-06-15T19:00,15.8,16.2,22.0,95.0,7.15,8.37,100,23
2025-06-15T20:00,15.5,15.1,5.0,15.0,6.93,8.56,100,24
2025-06-15T21:00,15.3,14.4,0.0,0.0,7.23,8.71,100,59
2025-06-15T22:00,14.9,14.3,0.0,0.0,7.06,8.82,100,76
2025-06-15T23:00,14.4,14.2,0.0,0.0,7.72,9.32,90,72
2025-06-16T00:00,13.9,13.9,0.0,0.0,7.69,7.72,64,67
2025-06-16T01:00,13.7,13.9,0.0,0.0,7.4,7.75,67,73
2025-06-16T02:00,13.8,13.9,0.0,0.0,8.06,7.44,70,72
2025-06-16T03:00,14.3,13.8,0.0,0.0,7.56,7.6,82,70
2025-06-16T04:00,14.5,13.9,20.0,25.0,8.01,6.97,75,66
2025-06-16T05:00,15.0,14.5,102.0,103.0,8.4,6.57,67,60
2025-06-16T06:00,15.8,15.6,174.0,221.0,8.89,7.15,73,44
2025-06-16T07:00,16.6,16.7,312.0,364.0,7.5,5.99,36,38
2025-06-16T08:00,17.9,18.0,478.0,492.0,6.7,7.9,94,85
2025-06-16T09:00,18.8,18.9,638.0,519.0,6.07,7.68,53,49
2025-06-16T10:00,19.7,19.4,697.0,570.0,7.47,9.11,56,65
2025-06-16T11:00,20.1,20.0,659.0,687.0,7.59,8.63,89,18
2025-06-16T12:00,20.6,20.2,687.0,715.0,8.12,10.14,81,69
2025-06-16T13:00,20.7,20.0,812.0,695.0,9.45,11.18,0,63
2025-06-16T14:00,20.1,19.7,740.0,656.0,9.79,9.65,8,32
2025-06-16T15:00,19.3,19.2,607.0,619.0,9.26,9.12,100,31
2025-06-16T16:00,18.5,18.4,454.0,492.0,9.05,8.77,75,100
2025-06-16T17:00,17.8,17.4,348.0,317.0,9.32,7.95,52,44
2025-06-16T18:00,17.2,16.7,210.0,214.0,7.15,8.72,67,52
2025-06-16T19:00,16.3,15.6,88.0,86.0,6.24,7.99,69,62
2025-06-16T20:00,15.3,15.0,14.0,12.0,6.11,7.82,55,67
2025-06-16T21:00,14.7,14.6,0.0,0.0,7.01,7.19,77,68
2025-06-16T22:00,14.6,14.4,0.0,0.0,6.64,7.35,81,96
2025-06-16T23:00,14.4,14.1,0.0,0.0,6.04,7.56,86,95
2025-06-17T00:00,14.0,14.0,0.0,0.0,5.05,7.84,96,80
2025-06-17T01:00,13.5,13.7,0.0,0.0,4.35,7.32,79,49
2025-06-17T02:00,13.1,13.3,0.0,0.0,4.61,7.15,100,46
2025-06-17T03:00,13.2,13.2,0.0,0.0,3.59,7.15,100,90
2025-06-17T04:00,13.1,13.4,28.0,27.0,3.8,7.04,88,76
2025-06-17T05:00,13.8,14.3,111.0,102.0,4.79,6.78,92,63
2025-06-17T06:00,15.2,15.1,219.0,221.0,3.9,4.62,81,96
2025-06-17T07:00,16.4,16.2,358.0,317.0,4.39,4.46,75,100
2025-06-17T08:00,18.1,17.2,510.0,397.0,4.21,4.77,69,100
2025-06-17T09:00,19.6,18.6,649.0,543.0,4.27,4.8,71,97
2025-06-17T10:00,21.0,20.1,736.0,664.0,4.76,4.71,85,100
2025-06-17T11:00,22.2,21.3,799.0,719.0,5.06,5.08,93,99
2025-06-17T12:00,23.3,22.7,820.0,798.0,5.79,5.67,79,88
2025-06-17T13:00,23.9,23.4,751.0,765.0,5.9,6.31,99,89
2025-06-17T14:00,24.3,23.5,703.0,544.0,5.78,7.74,92,98
2025-06-17T15:00,24.3,23.4,528.0,420.0,6.12,7.06,100,99
2025-06-17T16:00,23.7,23.0,362.0,363.0,7.35,6.53,100,100
2025-06-17T17:00,22.2,20.5,333.0,212.0,8.34,7.37,100,94
2025-06-17T18:00,21.0,19.6,200.0,172.0,6.33,6.88,100,72
2025-06-17T19:00,19.2,18.2,83.0,89.0,6.42,5.96,5,100
2025-06-17T20:00,17.4,16.9,15.0,15.0,6.38,7.01,30,0
2025-06-17T21:00,16.5,15.7,0.0,0.0,6.39,7.35,11,59
2025-06-17T22:00,15.7,14.8,0.0,0.0,6.0,6.32,70,100
2025-06-17T23:00,14.9,14.5,0.0,0.0,6.3,6.35,100,100
2025-06-18T00:00,14.7,14.4,0.0,0.0,7.25,7.47,100,100
2025-06-18T01:00,14.4,14.2,0.0,0.0,7.55,6.96,100,72
2025-06-18T02:00,14.0,14.1,0.0,0.0,7.56,7.54,100,100
2025-06-18T03:00,13.9,14.2,0.0,0.0,7.54,6.81,100,99
2025-06-18T04:00,14.2,14.7,28.0,7.0,6.94,6.32,100,100
2025-06-18T05:00,15.1,15.1,72.0,27.0,5.41,5.93,100,100
2025-06-18T06:00,15.5,15.6,46.0,51.0,5.7,4.0,100,100
2025-06-18T07:00,16.4,16.0,124.0,94.0,5.22,2.94,100,100
2025-06-18T08:00,17.7,16.2,287.0,103.0,6.38,2.97,100,100
2025-06-18T09:00,18.8,16.4,410.0,119.0,7.27,4.09,99,99
2025-06-18T10:00,19.5,16.4,467.0,118.0,7.06,5.35,100,100
2025-06-18T11:00,20.0,16.9,523.0,138.0,7.19,5.7,93,100
2025-06-18T12:00,21.0,20.5,655.0,801.0,7.16,6.95,100,89
2025-06-18T13:00,21.1,20.5,673.0,753.0,8.16,6.73,100,66
2025-06-18T14:00,20.8,20.7,574.0,702.0,8.9,6.79,100,89
2025-06-18T15:00,20.7,20.2,555.0,608.0,8.99,7.46,85,81
2025-06-18T16:00,20.0,19.5,483.0,484.0,9.11,7.36,28,44
2025-06-18T17:00,18.6,18.6,364.0,327.0,9.05,7.95,14,100
2025-06-18T18:00,17.4,18.1,215.0,195.0,8.24,6.86,83,87
2025-06-18T19:00,16.2,16.8,92.0,75.0,8.31,7.19,26,100
2025-06-18T20:00,14.6,15.4,16.0,15.0,8.47,8.07,13,98
2025-06-18T21:00,13.7,14.4,0.0,0.0,8.11,8.43,13,75
2025-06-18T22:00,13.1,14.1,0.0,0.0,7.87,8.09,32,65
2025-06-18T23:00,12.7,13.9,0.0,0.0,7.35,7.91,0,68
2025-06-19T00:00,12.5,13.1,0.0,0.0,7.14,8.14,54,63
2025-06-19T01:00,12.2,13.0,0.0,0.0,7.42,7.64,0,55
2025-06-19T02:00,12.0,12.6,0.0,0.0,7.43,8.2,6,40
2025-06-19T03:00,12.0,12.3,0.0,0.0,6.8,8.27,60,33
2025-06-19T04:00,12.5,12.3,29.0,31.0,6.94,7.97,54,44
2025-06-19T05:00,13.8,13.0,115.0,120.0,6.72,7.29,67,52
2025-06-19T06:00,15.1,14.7,241.0,253.0,7.87,5.75,42,42
2025-06-19T07:00,16.0,15.5,380.0,302.0,8.18,8.31,55,54
2025-06-19T08:00,16.9,16.5,454.0,430.0,8.73,8.6,73,56
2025-06-19T09:00,17.6,17.3,559.0,565.0,8.67,8.83,45,49
2025-06-19T10:00,18.7,17.8,737.0,693.0,9.17,8.84,49,57
2025-06-19T11:00,18.8,18.1,789.0,675.0,9.07,9.17,65,67
2025-06-19T12:00,19.2,18.7,802.0,730.0,8.84,9.23,39,57
2025-06-19T13:00,19.3,18.8,790.0,714.0,8.58,9.42,53,53
2025-06-19T14:00,19.3,18.8,720.0,708.0,8.18,9.28,83,25
2025-06-19T15:00,18.7,18.6,597.0,657.0,9.02,9.08,61,9
2025-06-19T16:00,18.0,18.1,498.0,529.0,8.64,8.66,43,20
2025-06-19T17:00,17.3,17.4,349.0,380.0,7.73,8.07,49,13
2025-06-19T18:00,16.3,16.2,210.0,218.0,7.7,8.46,64,35
2025-06-19T19:00,15.3,15.3,99.0,96.0,7.28,7.9,12,38
2025-06-19T20:00,13.9,14.3,17.0,16.0,7.23,7.59,0,38
2025-06-19T21:00,12.7,13.5,0.0,0.0,7.64,7.51,0,19
2025-06-19T22:00,11.8,12.8,0.0,0.0,7.48,7.51,0,12
2025-06-19T23:00,11.1,12.2,0.0,0.0,6.59,7.45,0,1
2025-06-20T00:00,10.6,11.7,0.0,0.0,6.48,6.23,0,3
2025-06-20T01:00,10.2,11.4,0.0,0.0,5.7,5.63,0,0
2025-06-20T02:00,9.9,11.1,0.0,0.0,5.13,4.95,0,0
2025-06-20T03:00,9.4,10.9,0.0,0.0,3.88,4.19,0,13
2025-06-20T04:00,9.6,11.1,29.0,30.0,3.53,3.63,24,48
2025-06-20T05:00,10.8,12.2,125.0,110.0,2.77,2.99,8,54
2025-06-20T06:00,13.0,13.9,248.0,236.0,2.43,2.56,56,37
2025-06-20T07:00,14.5,15.3,356.0,385.0,2.23,2.36,71,42
2025-06-20T08:00,15.6,16.3,445.0,511.0,3.27,3.08,87,50
2025-06-20T09:00,17.0,17.4,553.0,601.0,3.14,2.94,76,100
2025-06-20T10:00,18.3,18.4,588.0,675.0,4.22,3.43,100,100
2025-06-20T11:00,19.5,19.2,705.0,760.0,4.78,3.73,81,100
2025-06-20T12:00,19.3,19.5,817.0,737.0,4.43,3.65,43,49
2025-06-20T13:00,20.0,20.2,770.0,763.0,4.08,3.68,53,39
2025-06-20T14:00,20.0,20.7,698.0,712.0,4.23,3.29,57,36
2025-06-20T15:00,19.8,20.9,649.0,613.0,4.1,2.88,30,42
2025-06-20T16:00,19.7,20.9,517.0,487.0,3.49,2.72,2,44
2025-06-20T17:00,19.3,20.6,374.0,354.0,3.29,1.97,0,22
2025-06-20T18:00,18.5,18.8,217.0,223.0,3.81,2.94,72,12
2025-06-20T19:00,17.3,17.7,98.0,97.0,3.44,2.89,0,5
2025-06-20T20:00,15.5,16.0,16.0,16.0,3.4,3.26,2,0
2025-06-20T21:00,14.1,14.9,0.0,0.0,3.25,2.65,0,0
2025-06-20T22:00,13.1,14.0,0.0,0.0,2.61,1.57,4,0
2025-06-20T23:00,12.4,13.3,0.0,0.0,1.77,1.29,84,37
2025-06-21T00:00,12.0,12.9,0.0,0.0,0.96,0.5,37,48
2025-06-21T01:00,11.6,12.6,0.0,0.0,0.6,0.84,38,100
2025-06-21T02:00,10.7,12.0,0.0,0.0,1.12,1.29,14,100
2025-06-21T03:00,10.6,11.6,0.0,0.0,1.24,1.77,100,100
2025-06-21T04:00,11.0,11.7,29.0,29.0,2.17,2.06,100,29
2025-06-21T05:00,12.4,12.8,116.0,116.0,2.47,2.37,23,89
2025-06-21T06:00,15.2,15.2,237.0,248.0,2.17,3.14,79,0
2025-06-21T07:00,17.5,17.4,361.0,393.0,2.6,2.71,0,0
2025-06-21T08:00,19.9,19.4,540.0,535.0,2.04,1.4,0,0
2025-06-21T09:00,22.0,21.1,666.0,660.0,2.37,1.74,0,0
2025-06-21T10:00,23.3,22.7,763.0,756.0,2.34,2.08,0,0
2025-06-21T11:00,24.6,24.0,822.0,816.0,2.07,2.16,0,0
2025-06-21T12:00,25.7,25.0,840.0,833.0,2.32,3.04,0,2
2025-06-21T13:00,26.5,26.0,815.0,808.0,2.08,2.65,0,0
2025-06-21T14:00,27.1,26.8,749.0,743.0,1.83,2.74,8,0
2025-06-21T15:00,27.1,27.1,646.0,643.0,1.48,2.36,3,0
2025-06-21T16:00,27.1,27.2,518.0,516.0,0.88,2.26,2,1
2025-06-21T17:00,26.9,26.9,374.0,373.0,0.75,2.7,1,0
2025-06-21T18:00,26.4,25.9,231.0,227.0,1.39,2.22,14,3
2025-06-21T19:00,23.6,24.1,101.0,100.0,3.04,3.37,44,0
2025-06-21T20:00,21.1,22.4,17.0,16.0,3.29,2.94,26,37
2025-06-21T21:00,19.4,20.9,0.0,0.0,3.26,3.46,28,68
2025-06-21T22:00,18.2,19.8,0.0,0.0,3.85,5.26,0,33
2025-06-21T23:00,17.6,19.3,0.0,0.0,4.65,7.32,78,18
2025-06-22T00:00,16.6,18.6,0.0,0.0,4.62,7.35,42,100
2025-06-22T01:00,16.6,18.2,0.0,0.0,5.61,8.15,1,100
2025-06-22T02:00,16.3,17.6,0.0,0.0,6.22,8.24,40,74
2025-06-22T03:00,15.5,16.9,0.0,0.0,5.79,8.23,100,35
2025-06-22T04:00,15.5,16.7,28.0,30.0,7.23,8.53,78,45
2025-06-22T05:00,16.7,17.6,121.0,116.0,7.43,8.37,4,100
2025-06-22T06:00,19.5,20.0,257.0,245.0,7.36,8.04,0,100
2025-06-22T07:00,22.0,22.0,399.0,395.0,6.61,6.71,100,69
2025-06-22T08:00,24.3,24.1,531.0,523.0,5.56,4.73,100,100
2025-06-22T09:00,26.4,26.2,658.0,636.0,5.65,5.0,100,99
2025-06-22T10:00,28.5,28.1,758.0,740.0,5.59,5.4,62,61
2025-06-22T11:00,30.3,29.8,799.0,798.0,5.75,5.7,77,100
2025-06-22T12:00,31.3,30.9,747.0,796.0,6.58,7.5,62,100
2025-06-22T13:00,31.8,30.6,674.0,537.0,6.86,7.54,100,100
2025-06-22T14:00,31.4,30.6,575.0,468.0,5.63,7.54,100,100
2025-06-22T15:00,30.2,29.6,263.0,291.0,5.9,6.71,100,100
2025-06-22T16:00,28.5,29.5,154.0,291.0,8.52,5.39,100,99
2025-06-22T17:00,26.0,28.6,203.0,235.0,7.49,3.59,100,100
2025-06-22T18:00,22.1,22.1,122.0,122.0,8.03,11.09,100,92
2025-06-22T19:00,20.6,20.2,54.0,54.0,7.07,7.56,100,66
2025-06-22T20:00,19.5,18.7,10.0,14.0,6.75,7.75,73,73
2025-06-22T21:00,18.9,17.7,0.0,0.0,5.0,7.58,80,71
2025-06-22T22:00,18.0,16.5,0.0,0.0,3.03,4.92,71,100
2025-06-22T23:00,16.9,16.1,0.0,0.0,4.06,5.88,88,100
2025-06-23T00:00,15.2,17.0,0.0,0.0,4.85,6.15,100,100
2025-06-23T01:00,15.0,16.6,0.0,0.0,6.87,6.4,79,100
2025-06-23T02:00,15.1,16.8,0.0,0.0,8.84,8.35,87,100
2025-06-23T03:00,15.8,17.4,0.0,0.0,10.32,10.85,50,97
2025-06-23T04:00,15.7,17.8,25.0,20.0,9.24,11.57,99,90
2025-06-23T05:00,16.2,17.7,80.0,66.0,9.01,10.37,99,91
2025-06-23T06:00,16.9,17.5,108.0,129.0,8.91,9.81,100,90
2025-06-23T07:00,17.4,17.4,116.0,178.0,9.91,11.24,99,93
2025-06-23T08:00,17.9,17.5,184.0,208.0,9.47,12.13,100,93
2025-06-23T09:00,18.3,17.0,155.0,277.0,11.25,12.96,100,82
2025-06-23T10:00,17.3,17.8,172.0,439.0,13.93,12.59,100,86
2025-06-23T11:00,17.9,16.7,206.0,379.0,13.23,14.04,100,83
2025-06-23T12:00,18.2,17.0,339.0,419.0,15.3,14.45,87,93
2025-06-23T13:00,18.8,17.6,684.0,510.0,16.04,12.93,20,54
2025-06-23T14:00,18.1,17.9,560.0,641.0,15.27,14.33,87,74
2025-06-23T15:00,17.6,17.4,425.0,567.0,15.03,14.05,41,67
2025-06-23T16:00,16.8,16.8,340.0,412.0,15.43,14.11,100,89
2025-06-23T17:00,15.7,16.3,119.0,307.0,13.45,13.65,90,59
2025-06-23T18:00,15.3,15.4,88.0,167.0,14.35,13.52,81,55
2025-06-23T19:00,15.5,14.9,64.0,79.0,13.82,13.62,47,53
2025-06-23T20:00,15.3,14.7,13.0,15.0,12.75,13.1,90,50
2025-06-23T21:00,14.6,14.5,0.0,0.0,11.81,13.42,52,43
2025-06-23T22:00,14.4,14.3,0.0,0.0,10.17,12.8,49,44
2025-06-23T23:00,14.1,14.0,0.0,0.0,9.91,12.43,65,48
2025-06-24T00:00,13.5,13.4,0.0,0.0,12.49,12.15,37,57
2025-06-24T01:00,13.2,12.6,0.0,0.0,11.87,12.3,96,62
2025-06-24T02:00,13.5,12.4,0.0,0.0,11.96,13.68,100,68
2025-06-24T03:00,13.3,12.6,0.0,0.0,12.1,13.33,100,25
2025-06-24T04:00,13.6,12.6,13.0,28.0,11.78,14.27,100,45
2025-06-24T05:00,13.8,13.6,91.0,103.0,10.82,13.39,84,85
2025-06-24T06:00,14.9,15.4,188.0,216.0,10.91,8.95,100,63
2025-06-24T07:00,16.5,16.6,368.0,270.0,10.88,13.3,73,85
2025-06-24T08:00,16.3,17.4,285.0,273.0,11.47,14.73,100,98
2025-06-24T09:00,16.9,17.5,263.0,290.0,11.31,16.21,100,100
2025-06-24T10:00,17.1,17.6,206.0,242.0,11.69,15.92,99,99
2025-06-24T11:00,16.8,17.8,170.0,141.0,11.34,15.26,100,100
2025-06-24T12:00,17.1,17.9,166.0,234.0,12.63,14.85,100,97
2025-06-24T13:00,17.4,18.6,165.0,234.0,12.08,15.81,100,96
2025-06-24T14:00,16.6,18.8,122.0,158.0,10.95,14.07,100,100
2025-06-24T15:00,16.5,17.6,110.0,108.0,10.63,11.99,100,96
2025-06-24T16:00,16.4,17.2,44.0,109.0,10.15,10.59,100,100
2025-06-24T17:00,16.8,17.1,51.0,40.0,9.99,11.35,89,100
2025-06-24T18:00,17.1,17.1,41.0,20.0,11.78,11.59,92,99
2025-06-24T19:00,17.0,16.9,21.0,12.0,11.88,12.13,100,100
2025-06-24T20:00,16.9,16.8,4.0,2.0,11.81,13.51,96,100
2025-06-24T21:00,17.0,17.3,0.0,0.0,12.31,13.67,100,99
2025-06-24T22:00,17.0,17.6,0.0,0.0,11.31,13.24,100,99
2025-06-24T23:00,17.2,17.6,0.0,0.0,12.1,13.07,91,98
2025-06-25T00:00,17.2,17.4,0.0,0.0,12.27,12.07,100,94
2025-06-25T01:00,17.3,17.4,0.0,0.0,11.52,12.18,97,98
2025-06-25T02:00,17.1,17.2,0.0,0.0,11.2,11.49,89,100
2025-06-25T03:00,16.8,16.9,0.0,0.0,11.86,11.56,99,92
2025-06-25T04:00,16.8,16.8,16.0,11.0,10.41,10.97,97,95
2025-06-25T05:00,16.8,16.9,50.0,38.0,10.85,10.96,97,98
2025-06-25T06:00,17.4,17.9,130.0,142.0,9.96,9.9,88,80
2025-06-25T07:00,17.8,18.2,243.0,210.0,10.13,10.59,96,87
2025-06-25T08:00,18.2,18.6,344.0,282.0,11.71,11.52,87,89
2025-06-25T09:00,18.4,19.5,455.0,439.0,11.96,12.03,90,71
2025-06-25T10:00,18.9,19.9,630.0,651.0,11.03,12.2,80,84
2025-06-25T11:00,19.4,20.2,698.0,718.0,10.96,12.15,55,67
2025-06-25T12:00,19.4,19.7,654.0,669.0,10.27,11.13,73,62
2025-06-25T13:00,19.6,20.0,649.0,671.0,9.65,10.32,79,52
2025-06-25T14:00,19.6,20.1,710.0,688.0,8.15,9.08,98,42
2025-06-25T15:00,19.2,20.0,513.0,623.0,6.63,8.59,78,39
2025-06-25T16:00,19.2,19.6,474.0,508.0,5.26,7.5,36,31
2025-06-25T17:00,19.0,19.1,356.0,366.0,4.4,6.3,62,38
2025-06-25T18:00,18.0,18.5,224.0,228.0,4.55,5.3,36,21
2025-06-25T19:00,16.9,17.5,103.0,99.0,3.2,4.25,0,24
2025-06-25T20:00,15.6,16.1,17.0,17.0,1.67,3.12,0,0
2025-06-25T21:00,14.9,15.1,0.0,0.0,0.69,1.74,0,0
2025-06-25T22:00,14.1,14.8,0.0,0.0,0.5,0.79,0,0
2025-06-25T23:00,13.2,13.7,0.0,0.0,1.68,1.01,0,2
2025-06-26T00:00,12.6,13.1,0.0,0.0,2.18,1.62,14,94
2025-06-26T01:00,12.8,12.8,0.0,0.0,3.65,2.34,100,88
2025-06-26T02:00,12.9,12.9,0.0,0.0,4.51,3.78,62,90
2025-06-26T03:00,12.9,12.8,0.0,0.0,4.49,5.56,100,81
2025-06-26T04:00,13.3,13.3,27.0,28.0,4.94,6.79,77,59
2025-06-26T05:00,14.8,14.6,107.0,114.0,6.65,8.47,100,100
2025-06-26T06:00,16.7,17.3,198.0,217.0,6.25,8.29,97,74
2025-06-26T07:00,18.1,18.1,286.0,195.0,5.53,7.49,100,100
2025-06-26T08:00,18.3,19.8,205.0,299.0,6.35,5.73,99,100
2025-06-26T09:00,18.2,20.7,226.0,318.0,3.55,6.0,100,100
2025-06-26T10:00,18.2,21.6,126.0,312.0,2.97,5.0,100,100
2025-06-26T11:00,18.1,21.4,62.0,239.0,3.77,6.93,100,100
2025-06-26T12:00,18.5,22.9,139.0,403.0,2.43,11.21,100,100
2025-06-26T13:00,20.5,24.0,313.0,459.0,2.33,6.67,100,100
2025-06-26T14:00,20.7,23.3,289.0,392.0,3.02,8.57,99,100
2025-06-26T15:00,19.6,21.8,118.0,247.0,4.58,11.51,100,100
2025-06-26T16:00,18.9,20.4,39.0,179.0,9.12,12.98,100,100
2025-06-26T17:00,18.3,19.5,52.0,79.0,9.46,10.89,100,100
2025-06-26T18:00,17.6,18.9,24.0,67.0,8.46,10.35,100,100
2025-06-26T19:00,17.6,18.5,13.0,34.0,7.19,12.45,100,99
2025-06-26T20:00,17.6,18.4,3.0,4.0,7.45,13.41,100,100
2025-06-26T21:00,17.8,18.1,0.0,0.0,8.52,11.68,71,99
2025-06-26T22:00,17.7,17.9,0.0,0.0,7.67,10.91,100,100
2025-06-26T23:00,17.9,17.9,0.0,0.0,8.72,10.27,93,90
2025-06-27T00:00,17.6,17.5,0.0,0.0,8.68,10.96,100,91
2025-06-27T01:00,17.6,17.5,0.0,0.0,7.94,10.78,100,86
2025-06-27T02:00,17.4,17.4,0.0,0.0,8.12,10.94,100,100
2025-06-27T03:00,17.5,17.2,0.0,0.0,8.31,10.1,100,100
2025-06-27T04:00,17.7,17.2,6.0,12.0,9.25,9.86,100,100
2025-06-27T05:00,17.3,17.2,62.0,28.0,8.74,10.34,100,100
2025-06-27T06:00,16.7,17.8,110.0,81.0,9.29,6.93,100,100
2025-06-27T07:00,17.4,17.4,239.0,60.0,9.42,8.0,100,100
2025-06-27T08:00,18.1,17.4,365.0,102.0,8.81,8.11,100,100
2025-06-27T09:00,18.2,17.6,379.0,201.0,8.88,7.54,100,100
2025-06-27T10:00,18.9,18.3,536.0,412.0,9.46,7.93,85,100
2025-06-27T11:00,19.9,19.3,697.0,644.0,9.32,8.1,20,43
2025-06-27T12:00,20.1,19.7,764.0,671.0,9.84,7.6,83,99
2025-06-27T13:00,20.3,19.9,581.0,769.0,10.74,8.46,100,100
2025-06-27T14:00,19.9,19.9,624.0,673.0,10.16,7.99,100,100
2025-06-27T15:00,19.7,19.2,641.0,573.0,9.24,8.92,100,100
2025-06-27T16:00,19.4,18.7,438.0,488.0,7.78,8.56,100,36
2025-06-27T17:00,19.1,18.1,355.0,370.0,7.77,7.63,86,47
2025-06-27T18:00,18.3,17.8,205.0,195.0,6.21,6.79,100,38
2025-06-27T19:00,17.5,17.0,83.0,85.0,5.74,5.99,100,100
2025-06-27T20:00,16.6,16.2,15.0,13.0,4.63,4.95,97,100
2025-06-27T21:00,16.2,15.6,0.0,0.0,5.22,5.13,92,99
2025-06-27T22:00,15.8,15.4,0.0,0.0,5.04,5.56,81,100
2025-06-27T23:00,15.5,15.3,0.0,0.0,5.28,5.53,100,100
2025-06-28T00:00,15.4,15.3,0.0,0.0,5.43,6.76,89,98
2025-06-28T01:00,15.5,15.6,0.0,0.0,6.27,8.1,99,97
2025-06-28T02:00,15.6,15.8,0.0,0.0,7.51,9.25,100,99
2025-06-28T03:00,15.2,15.9,0.0,0.0,7.33,8.94,100,96
2025-06-28T04:00,15.4,15.9,10.0,5.0,7.75,9.4,96,92
2025-06-28T05:00,16.2,16.2,69.0,30.0,8.73,9.78,87,91
2025-06-28T06:00,17.6,17.1,146.0,55.0,6.79,9.82,100,86
2025-06-28T07:00,18.6,18.4,185.0,180.0,7.56,7.8,92,90
2025-06-28T08:00,20.6,20.0,346.0,357.0,9.18,8.24,85,77
2025-06-28T09:00,21.1,21.1,399.0,447.0,7.81,8.72,92,89
2025-06-28T10:00,21.6,21.9,342.0,433.0,10.25,10.51,95,84
2025-06-28T11:00,21.6,22.5,276.0,411.0,9.33,10.91,100,84
2025-06-28T12:00,22.5,22.7,331.0,415.0,10.48,10.81,97,82
2025-06-28T13:00,21.8,23.0,323.0,540.0,9.53,10.34,100,75
2025-06-28T14:00,20.7,22.8,190.0,569.0,9.3,9.79,100,76
2025-06-28T15:00,20.9,22.1,166.0,483.0,8.79,9.36,100,78
2025-06-28T16:00,20.5,21.3,136.0,309.0,9.05,8.82,98,87
2025-06-28T17:00,20.3,20.7,136.0,197.0,8.76,8.73,90,91
2025-06-28T18:00,20.3,20.6,115.0,162.0,8.33,9.22,88,67
2025-06-28T19:00,19.9,19.9,50.0,71.0,7.16,8.25,92,54
2025-06-28T20:00,19.5,19.3,9.0,14.0,6.94,8.72,99,36
2025-06-28T21:00,19.6,18.6,0.0,0.0,7.6,10.4,95,48
2025-06-28T22:00,19.3,18.4,0.0,0.0,7.47,10.4,90,46
2025-06-28T23:00,19.1,18.1,0.0,0.0,8.52,10.02,55,19
2025-06-29T00:00,18.6,18.2,0.0,0.0,9.2,10.53,55,80
2025-06-29T01:00,18.4,18.1,0.0,0.0,8.86,10.79,98,55
2025-06-29T02:00,18.3,18.1,0.0,0.0,8.24,10.1,99,84
2025-06-29T03:00,18.2,18.1,0.0,0.0,8.08,9.34,97,91
2025-06-29T04:00,18.4,18.3,13.0,16.0,7.37,8.01,90,96
2025-06-29T05:00,18.4,18.7,55.0,71.0,7.28,6.64,100,88
2025-06-29T06:00,18.8,19.4,144.0,141.0,6.6,6.84,94,84
2025-06-29T07:00,19.0,19.9,168.0,244.0,6.28,5.2,93,96
2025-06-29T08:00,19.5,20.7,274.0,399.0,6.18,5.91,99,94
2025-06-29T09:00,20.4,20.8,474.0,398.0,7.39,7.09,94,95
2025-06-29T10:00,20.3,20.8,404.0,502.0,7.01,7.19,86,100
2025-06-29T11:00,21.6,21.2,712.0,568.0,7.01,7.06,82,91
2025-06-29T12:00,22.3,20.6,787.0,677.0,7.55,8.24,99,88
2025-06-29T13:00,22.2,20.2,772.0,583.0,8.24,8.56,100,68
2025-06-29T14:00,21.9,20.1,728.0,646.0,8.61,8.49,100,94
2025-06-29T15:00,20.5,19.2,589.0,464.0,8.32,8.73,100,81
2025-06-29T16:00,19.7,18.8,457.0,377.0,8.1,9.01,100,72
2025-06-29T17:00,18.9,18.0,354.0,293.0,7.88,8.18,100,37
2025-06-29T18:00,17.4,17.4,199.0,206.0,7.67,7.68,100,100
2025-06-29T19:00,16.4,16.4,86.0,83.0,7.18,7.45,100,100
2025-06-29T20:00,15.3,15.3,17.0,16.0,7.01,8.13,86,100
2025-06-29T21:00,14.5,14.5,0.0,0.0,6.87,7.49,0,86
2025-06-29T22:00,13.7,13.7,0.0,0.0,6.4,6.94,0,41
2025-06-29T23:00,13.1,13.1,0.0,0.0,6.47,6.02,0,0
2025-06-30T00:00,12.8,12.5,0.0,0.0,5.76,4.73,0,11
2025-06-30T01:00,12.3,12.3,0.0,0.0,5.3,3.98,0,5
2025-06-30T02:00,12.0,12.1,0.0,0.0,4.73,3.33,0,0
2025-06-30T03:00,12.0,11.9,0.0,0.0,4.39,3.54,0,0
2025-06-30T04:00,11.9,12.1,26.0,27.0,4.0,2.98,0,0
2025-06-30T05:00,12.8,13.3,118.0,117.0,3.33,2.71,0,0
2025-06-30T06:00,14.4,14.7,249.0,247.0,1.88,1.2,0,8
2025-06-30T07:00,15.9,16.0,396.0,391.0,1.96,0.96,64,29
2025-06-30T08:00,17.1,17.3,531.0,522.0,2.45,0.69,32,30
2025-06-30T09:00,18.3,18.8,658.0,656.0,1.96,0.66,21,13
2025-06-30T10:00,19.7,20.1,749.0,757.0,1.69,0.31,9,44
2025-06-30T11:00,20.9,21.4,809.0,807.0,1.41,0.29,67,100
2025-06-30T12:00,22.3,21.8,818.0,828.0,1.18,0.49,0,19
2025-06-30T13:00,23.1,22.6,811.0,804.0,1.39,0.84,1,5
2025-06-30T14:00,23.7,23.2,748.0,744.0,1.41,1.02,0,4
2025-06-30T15:00,23.4,23.6,617.0,643.0,1.87,1.59,0,4
2025-06-30T16:00,23.4,23.8,520.0,516.0,1.74,2.45,0,2
2025-06-30T17:00,23.1,23.6,376.0,373.0,2.24,2.95,0,2
2025-06-30T18:00,22.8,22.4,231.0,227.0,3.32,4.02,0,0
2025-06-30T19:00,21.2,20.8,102.0,99.0,4.79,6.38,0,0
2025-06-30T20:00,19.0,18.7,17.0,17.0,6.85,7.66,0,0
2025-06-30T21:00,17.7,17.3,0.0,0.0,8.44,9.21,0,0
2025-06-30T22:00,16.7,16.4,0.0,0.0,9.03,9.76,0,0
2025-06-30T23:00,15.8,15.6,0.0,0.0,8.56,9.25,0,0
2025-07-01T00:00,14.8,15.4,0.0,0.0,8.29,8.51,0,0
2025-07-01T01:00,14.1,14.9,0.0,0.0,7.47,8.53,0,0
2025-07-01T02:00,13.6,14.4,0.0,0.0,7.94,8.73,0,0
2025-07-01T03:00,12.9,14.0,0.0,0.0,8.04,8.94,0,0
2025-07-01T04:00,13.0,14.1,26.0,27.0,8.24,9.16,0,0
2025-07-01T05:00,14.3,15.2,117.0,117.0,8.05,8.98,0,0
2025-07-01T06:00,16.8,17.0,249.0,247.0,7.2,8.0,0,0
2025-07-01T07:00,19.1,19.0,396.0,394.0,4.52,6.04,0,0
2025-07-01T08:00,21.4,20.9,540.0,536.0,4.44,3.4,0,0
2025-07-01T09:00,24.1,22.9,671.0,662.0,3.89,2.85,0,0
2025-07-01T10:00,26.2,24.7,769.0,761.0,3.78,2.61,0,0
2025-07-01T11:00,28.1,26.1,830.0,819.0,3.46,1.93,0,0
2025-07-01T12:00,29.4,27.5,849.0,839.0,3.55,2.67,0,0
2025-07-01T13:00,30.4,28.5,825.0,813.0,2.97,1.76,0,0
2025-07-01T14:00,31.1,29.1,759.0,749.0,2.85,1.24,0,0
2025-07-01T15:00,31.4,29.3,660.0,649.0,2.72,0.75,0,0
2025-07-01T16:00,31.4,29.1,532.0,520.0,2.5,0.77,0,0
2025-07-01T17:00,31.3,28.8,388.0,376.0,1.88,0.89,0,0
2025-07-01T18:00,30.3,28.1,240.0,231.0,1.84,1.76,0,0
2025-07-01T19:00,27.7,26.3,108.0,102.0,2.56,1.87,0,0
2025-07-01T20:00,25.3,24.5,18.0,17.0,4.47,1.57,0,0
2025-07-01T21:00,23.2,23.5,0.0,0.0,6.26,0.77,8,0
2025-07-01T22:00,22.1,22.2,0.0,0.0,6.78,1.77,0,0
2025-07-01T23:00,21.3,21.6,0.0,0.0,7.35,3.59,0,15
2025-07-02T00:00,20.5,20.1,0.0,0.0,7.97,3.55,0,4
2025-07-02T01:00,20.2,19.9,0.0,0.0,9.19,3.82,0,1
2025-07-02T02:00,19.9,19.5,0.0,0.0,10.33,4.63,0,8
2025-07-02T03:00,19.0,19.3,0.0,0.0,10.29,6.09,0,0
2025-07-02T04:00,19.2,19.6,24.0,26.0,9.9,6.89,0,0
2025-07-02T05:00,20.7,20.9,114.0,116.0,9.83,7.36,0,0
2025-07-02T06:00,23.3,23.3,244.0,233.0,7.92,8.56,0,26
2025-07-02T07:00,25.0,25.4,386.0,371.0,4.58,7.65,0,53
2025-07-02T08:00,26.0,25.7,525.0,303.0,4.73,4.04,0,44
2025-07-02T09:00,28.0,27.8,650.0,552.0,3.43,2.26,0,31
2025-07-02T10:00,29.2,29.6,745.0,691.0,3.44,3.54,0,80
2025-07-02T11:00,29.4,30.5,808.0,622.0,7.23,3.37,0,70
2025-07-02T12:00,30.2,28.1,692.0,821.0,0.39,4.57,14,0
2025-07-02T13:00,30.5,28.8,788.0,795.0,3.04,3.9,10,0
2025-07-02T14:00,30.7,28.8,733.0,731.0,4.65,5.18,28,0
2025-07-02T15:00,32.5,29.1,640.0,635.0,1.53,5.36,5,0
2025-07-02T16:00,32.3,27.4,512.0,506.0,3.35,8.23,15,0
2025-07-02T17:00,27.0,27.0,319.0,364.0,13.25,8.97,36,0
2025-07-02T18:00,28.8,28.1,220.0,224.0,8.97,5.37,100,0
2025-07-02T19:00,23.2,22.6,64.0,88.0,12.15,12.75,100,30
2025-07-02T20:00,20.0,19.8,8.0,13.0,6.51,13.68,100,100
2025-07-02T21:00,19.7,18.1,0.0,0.0,1.36,9.74,100,100
2025-07-02T22:00,20.0,17.9,0.0,0.0,7.77,6.78,100,100
2025-07-02T23:00,19.2,17.9,0.0,0.0,7.94,5.88,100,98
2025-07-03T00:00,19.1,15.7,0.0,0.0,8.25,6.56,100,95
2025-07-03T01:00,18.7,15.0,0.0,0.0,7.32,6.79,100,91
2025-07-03T02:00,18.8,14.2,0.0,0.0,8.96,6.27,100,68
2025-07-03T03:00,17.0,13.4,0.0,0.0,10.2,9.33,100,61
2025-07-03T04:00,16.6,13.4,13.0,25.0,10.31,7.61,79,21
2025-07-03T05:00,16.5,14.4,93.0,116.0,9.15,7.72,56,18
2025-07-03T06:00,16.9,15.8,205.0,224.0,8.96,7.36,0,32
2025-07-03T07:00,17.6,16.9,281.0,381.0,10.82,6.05,70,72
2025-07-03T08:00,19.1,17.7,461.0,415.0,10.87,7.12,99,44
2025-07-03T09:00,18.6,18.6,488.0,572.0,9.61,7.42,17,59
2025-07-03T10:00,19.7,19.4,618.0,729.0,11.1,6.55,97,32
2025-07-03T11:00,19.9,20.0,694.0,805.0,9.91,7.21,95,38
2025-07-03T12:00,19.3,19.4,477.0,697.0,12.27,9.84,100,47
2025-07-03T13:00,18.6,19.6,553.0,750.0,11.72,9.21,100,50
2025-07-03T14:00,19.4,19.5,586.0,649.0,10.74,9.46,53,45
2025-07-03T15:00,19.4,19.0,528.0,591.0,9.67,9.49,0,44
2025-07-03T16:00,18.8,18.8,536.0,512.0,8.98,8.4,2,23
2025-07-03T17:00,18.2,18.5,394.0,375.0,8.37,8.24,0,61
2025-07-03T18:00,17.4,17.4,219.0,224.0,7.7,8.15,0,33
2025-07-03T19:00,16.2,16.5,108.0,99.0,7.07,7.36,9,18
2025-07-03T20:00,14.9,15.4,17.0,17.0,6.65,6.32,65,13
2025-07-03T21:00,14.0,14.4,0.0,0.0,4.21,6.19,28,50
2025-07-03T22:00,13.6,13.8,0.0,0.0,2.15,5.08,99,100
2025-07-03T23:00,13.0,13.6,0.0,0.0,2.45,4.8,100,100
2025-07-04T00:00,12.9,13.2,0.0,0.0,2.51,2.75,100,100
2025-07-04T01:00,12.9,13.1,0.0,0.0,4.34,3.95,62,100
2025-07-04T02:00,12.3,12.9,0.0,0.0,6.82,6.48,6,88
2025-07-04T03:00,13.1,12.8,0.0,0.0,7.27,8.9,100,74
2025-07-04T04:00,13.3,12.9,22.0,20.0,8.37,9.57,87,74
2025-07-04T05:00,14.0,13.7,95.0,78.0,7.54,8.55,70,62
2025-07-04T06:00,14.5,15.1,125.0,254.0,7.67,7.27,100,0
2025-07-04T07:00,16.4,16.6,216.0,401.0,6.22,6.63,12,24
2025-07-04T08:00,17.8,18.0,488.0,480.0,7.16,6.92,93,28
2025-07-04T09:00,18.7,19.4,567.0,560.0,6.15,8.68,60,82
2025-07-04T10:00,19.6,20.3,603.0,535.0,6.37,10.65,90,96
2025-07-04T11:00,20.5,20.2,668.0,536.0,8.39,10.9,58,83
2025-07-04T12:00,20.0,21.2,584.0,601.0,8.65,10.39,84,60
2025-07-04T13:00,21.0,21.6,483.0,646.0,8.42,10.7,84,82
2025-07-04T14:00,21.0,20.6,689.0,533.0,8.16,11.2,33,92
2025-07-04T15:00,20.7,20.3,433.0,404.0,6.88,9.54,96,100
2025-07-04T16:00,20.2,20.3,408.0,438.0,7.41,8.52,65,96
2025-07-04T17:00,19.4,19.8,331.0,328.0,5.59,7.24,79,100
2025-07-04T18:00,18.6,19.4,199.0,212.0,4.67,5.64,100,87
2025-07-04T19:00,17.4,18.5,96.0,94.0,4.51,3.98,90,92
2025-07-04T20:00,16.2,17.1,15.0,16.0,4.24,3.35,71,98
2025-07-04T21:00,15.4,16.0,0.0,0.0,4.16,3.72,100,73
2025-07-04T22:00,14.9,15.6,0.0,0.0,4.32,4.25,100,93
2025-07-04T23:00,15.0,15.5,0.0,0.0,6.57,5.52,100,100
2025-07-05T00:00,14.7,14.9,0.0,0.0,7.37,6.32,100,90
2025-07-05T01:00,14.9,15.0,0.0,0.0,9.09,8.37,100,94
2025-07-05T02:00,14.9,15.0,0.0,0.0,9.98,10.37,100,98
2025-07-05T03:00,14.9,15.0,0.0,0.0,9.85,10.75,93,99
2025-07-05T04:00,14.7,15.2,13.0,14.0,10.41,11.29,100,98
2025-07-05T05:00,15.0,15.8,43.0,58.0,9.65,11.64,99,81
2025-07-05T06:00,15.3,16.3,89.0,92.0,7.35,10.01,100,100
2025-07-05T07:00,15.7,17.0,130.0,177.0,7.76,8.11,100,99
2025-07-05T08:00,15.5,16.9,98.0,202.0,7.99,7.72,100,100
2025-07-05T09:00,16.4,17.9,201.0,278.0,10.36,8.13,100,100
2025-07-05T10:00,16.0,17.5,82.0,164.0,10.44,7.94,100,100
2025-07-05T11:00,16.2,17.6,80.0,145.0,11.64,9.44,100,100
2025-07-05T12:00,17.1,18.0,102.0,158.0,11.64,10.62,100,100
2025-07-05T13:00,17.8,17.4,218.0,107.0,11.04,10.32,100,100
2025-07-05T14:00,18.3,17.6,200.0,99.0,11.11,11.49,100,100
2025-07-05T15:00,18.9,17.4,241.0,87.0,10.65,10.87,100,100
2025-07-05T16:00,19.2,17.5,225.0,121.0,9.33,8.91,81,98
2025-07-05T17:00,19.3,17.9,164.0,144.0,8.92,9.31,100,89
2025-07-05T18:00,19.2,18.4,122.0,75.0,7.36,9.88,74,100
2025-07-05T19:00,18.5,17.7,53.0,36.0,6.09,8.92,99,100
2025-07-05T20:00,17.6,16.8,9.0,10.0,5.37,9.48,92,100
2025-07-05T21:00,16.9,15.8,0.0,0.0,9.43,9.18,100,94
2025-07-05T22:00,16.7,15.1,0.0,0.0,8.52,9.53,100,82
2025-07-05T23:00,16.2,14.9,0.0,0.0,8.29,9.22,100,100
2025-07-06T00:00,15.2,15.3,0.0,0.0,9.62,9.64,100,100
2025-07-06T01:00,15.1,15.7,0.0,0.0,9.44,9.71,100,100
2025-07-06T02:00,15.5,15.6,0.0,0.0,8.67,9.46,100,100
2025-07-06T03:00,16.3,15.1,0.0,0.0,8.43,9.73,94,98
2025-07-06T04:00,16.0,14.8,8.0,8.0,8.69,9.2,100,91
2025-07-06T05:00,15.8,14.8,36.0,57.0,8.85,8.37,100,100
2025-07-06T06:00,17.3,16.3,105.0,173.0,9.58,8.56,100,89
2025-07-06T07:00,18.1,16.4,148.0,99.0,9.47,9.57,94,98
2025-07-06T08:00,18.8,17.5,205.0,241.0,8.67,8.42,100,83
2025-07-06T09:00,20.6,19.1,278.0,472.0,8.11,7.65,100,75
2025-07-06T10:00,21.5,20.0,473.0,424.0,7.42,7.9,94,100
2025-07-06T11:00,22.6,21.5,515.0,507.0,6.93,7.49,96,100
2025-07-06T12:00,23.0,22.1,623.0,552.0,4.92,7.08,98,100
2025-07-06T13:00,23.1,21.8,535.0,352.0,6.77,6.18,100,100
2025-07-06T14:00,20.5,20.5,383.0,246.0,8.42,5.82,100,100
2025-07-06T15:00,20.6,19.4,310.0,162.0,6.67,6.82,98,100
2025-07-06T16:00,20.1,18.6,170.0,95.0,3.04,6.32,100,100
2025-07-06T17:00,19.4,17.8,145.0,49.0,3.78,6.55,100,100
2025-07-06T18:00,18.3,16.7,42.0,27.0,2.53,6.86,100,100
2025-07-06T19:00,17.8,16.4,20.0,11.0,3.46,6.32,100,100
2025-07-06T20:00,17.3,16.1,4.0,2.0,5.13,6.11,100,100
2025-07-06T21:00,16.9,16.0,0.0,0.0,5.14,6.93,100,100
2025-07-06T22:00,16.5,15.8,0.0,0.0,6.23,6.75,100,100
2025-07-06T23:00,15.7,15.8,0.0,0.0,4.85,6.55,100,100
2025-07-07T00:00,15.2,15.5,0.0,0.0,4.86,4.51,100,99
2025-07-07T01:00,14.8,15.4,0.0,0.0,4.38,4.02,100,94
2025-07-07T02:00,14.6,15.3,0.0,0.0,4.53,4.24,100,99
2025-07-07T03:00,15.1,15.3,0.0,0.0,2.75,4.6,100,100
2025-07-07T04:00,15.0,15.3,2.0,11.0,3.38,4.56,100,98
2025-07-07T05:00,15.2,15.7,31.0,46.0,4.31,4.16,100,100
2025-07-07T06:00,16.2,15.4,199.0,61.0,3.46,4.79,93,99
2025-07-07T07:00,16.4,15.4,179.0,58.0,4.04,4.52,100,100
2025-07-07T08:00,15.9,16.5,57.0,162.0,3.66,4.02,100,100
2025-07-07T09:00,17.4,17.7,242.0,350.0,2.02,4.09,98,100
2025-07-07T10:00,16.3,17.5,89.0,325.0,1.4,6.31,99,79
2025-07-07T11:00,16.3,18.7,158.0,484.0,0.49,7.15,99,74
2025-07-07T12:00,17.2,18.2,354.0,385.0,3.95,5.55,100,92
2025-07-07T13:00,16.4,19.6,203.0,519.0,4.08,6.15,100,61
2025-07-07T14:00,17.3,20.0,220.0,619.0,6.52,7.33,99,43
2025-07-07T15:00,17.9,19.5,351.0,585.0,8.42,8.86,99,45
2025-07-07T16:00,17.9,18.9,268.0,489.0,8.13,9.12,78,40
2025-07-07T17:00,17.2,18.1,258.0,353.0,7.57,8.98,54,49
2025-07-07T18:00,16.1,17.0,104.0,200.0,8.63,8.41,82,52
2025-07-07T19:00,15.4,16.1,72.0,87.0,9.29,8.24,82,61
2025-07-07T20:00,14.5,15.6,13.0,13.0,7.61,8.41,38,53
2025-07-07T21:00,14.0,15.0,0.0,0.0,8.4,8.11,91,60
2025-07-07T22:00,13.9,14.7,0.0,0.0,7.54,7.54,97,87
2025-07-07T23:00,14.0,14.4,0.0,0.0,4.96,7.17,100,65
2025-07-08T00:00,13.8,14.3,0.0,0.0,3.66,9.34,91,60
2025-07-08T01:00,13.7,14.3,0.0,0.0,4.16,8.41,100,69
2025-07-08T02:00,13.5,14.0,0.0,0.0,4.81,8.28,100,68
2025-07-08T03:00,12.5,13.7,0.0,0.0,4.41,7.58,98,77
2025-07-08T04:00,12.6,13.5,9.0,15.0,6.26,7.16,91,96
2025-07-08T05:00,13.2,13.9,79.0,74.0,7.16,6.65,62,75
2025-07-08T06:00,14.3,14.9,157.0,183.0,8.36,7.82,94,79
2025-07-08T07:00,14.6,15.5,120.0,237.0,6.91,8.24,100,97
2025-07-08T08:00,14.8,16.1,101.0,277.0,8.59,9.11,100,86
2025-07-08T09:00,16.8,16.9,268.0,429.0,7.88,9.31,97,89
2025-07-08T10:00,17.3,16.8,409.0,389.0,9.62,9.93,100,97
2025-07-08T11:00,16.0,17.0,147.0,326.0,10.39,9.6,100,96
2025-07-08T12:00,15.8,17.2,140.0,369.0,8.94,8.73,99,84
2025-07-08T13:00,16.5,17.5,279.0,493.0,9.22,8.68,100,81
2025-07-08T14:00,16.3,17.7,132.0,465.0,8.01,8.13,97,88
2025-07-08T15:00,16.8,17.7,388.0,387.0,9.04,7.31,100,90
2025-07-08T16:00,17.2,19.2,106.0,377.0,9.73,7.62,100,82
2025-07-08T17:00,17.4,17.6,151.0,226.0,10.45,7.21,95,80
2025-07-08T18:00,16.9,17.6,92.0,199.0,9.87,9.43,96,78
2025-07-08T19:00,16.4,16.8,48.0,70.0,9.42,8.42,95,61
2025-07-08T20:00,16.0,15.9,11.0,13.0,8.5,8.24,87,42
2025-07-08T21:00,15.1,15.3,0.0,0.0,8.49,8.12,96,47
2025-07-08T22:00,14.8,15.0,0.0,0.0,8.78,8.31,100,52
2025-07-08T23:00,15.0,14.8,0.0,0.0,8.91,8.75,96,71
2025-07-09T00:00,15.0,14.9,0.0,0.0,8.68,6.93,100,74
2025-07-09T01:00,14.7,14.8,0.0,0.0,8.49,6.54,100,60
2025-07-09T02:00,14.4,14.6,0.0,0.0,7.53,7.18,46,70
2025-07-09T03:00,13.1,14.1,0.0,0.0,7.61,6.82,73,21
2025-07-09T04:00,12.7,13.8,20.0,21.0,6.92,8.59,37,28
2025-07-09T05:00,13.4,14.2,111.0,102.0,6.61,10.03,0,26
2025-07-09T06:00,14.9,15.0,247.0,245.0,6.8,8.63,2,0
2025-07-09T07:00,17.1,16.7,395.0,397.0,6.31,6.55,100,0
2025-07-09T08:00,18.2,18.4,477.0,544.0,8.31,7.9,100,90
2025-07-09T09:00,19.4,19.7,591.0,613.0,6.78,7.97,92,77
2025-07-09T10:00,19.4,20.4,591.0,615.0,7.21,7.7,100,95
2025-07-09T11:00,19.9,21.2,603.0,691.0,8.15,7.3,100,98
2025-07-09T12:00,19.9,22.4,664.0,732.0,8.81,7.35,57,96
2025-07-09T13:00,20.1,21.7,732.0,556.0,8.96,8.54,87,78
2025-07-09T14:00,20.3,21.2,681.0,595.0,9.15,9.21,21,62
2025-07-09T15:00,19.7,20.8,597.0,606.0,9.36,8.86,91,98
2025-07-09T16:00,18.8,20.3,448.0,499.0,8.98,8.49,79,46
2025-07-09T17:00,18.4,19.4,305.0,361.0,8.4,8.05,98,75
2025-07-09T18:00,17.5,18.3,188.0,223.0,7.64,8.4,100,22
2025-07-09T19:00,16.6,17.3,64.0,98.0,7.98,7.9,100,57
2025-07-09T20:00,15.5,15.8,9.0,15.0,7.69,7.84,85,36
2025-07-09T21:00,14.8,15.4,0.0,0.0,7.7,7.69,100,58
2025-07-09T22:00,14.5,14.8,0.0,0.0,8.02,7.18,85,49
2025-07-09T23:00,14.1,14.2,0.0,0.0,7.38,6.6,100,54
2025-07-10T00:00,13.9,14.0,0.0,0.0,6.79,6.98,93,88
2025-07-10T01:00,13.7,13.9,0.0,0.0,6.47,6.8,79,95
2025-07-10T02:00,13.4,14.1,0.0,0.0,6.22,6.47,92,95
2025-07-10T03:00,13.5,14.0,0.0,0.0,5.39,5.92,85,89
2025-07-10T04:00,13.5,14.0,12.0,13.0,4.48,4.84,100,95
2025-07-10T05:00,14.1,14.7,65.0,53.0,3.07,3.64,90,99
2025-07-10T06:00,15.2,15.6,186.0,75.0,3.29,1.39,61,100
2025-07-10T07:00,16.8,16.3,305.0,110.0,1.69,2.01,50,100
2025-07-10T08:00,18.3,17.4,476.0,200.0,1.98,1.71,72,90
2025-07-10T09:00,19.4,18.6,651.0,327.0,3.11,1.37,41,93
2025-07-10T10:00,20.0,19.3,724.0,310.0,3.66,2.15,56,98
2025-07-10T11:00,21.0,19.7,740.0,293.0,3.35,1.5,96,95
2025-07-10T12:00,20.4,22.1,505.0,717.0,4.75,2.84,98,23
2025-07-10T13:00,20.6,22.7,536.0,695.0,5.73,2.94,98,50
2025-07-10T14:00,20.2,23.0,548.0,639.0,6.38,3.64,93,70
2025-07-10T15:00,19.9,22.3,466.0,477.0,6.61,5.2,100,54
2025-07-10T16:00,19.8,22.0,395.0,441.0,5.85,6.61,100,59
2025-07-10T17:00,19.8,21.0,317.0,296.0,7.0,7.6,100,52
2025-07-10T18:00,19.0,19.5,227.0,185.0,7.12,6.66,28,90
2025-07-10T19:00,17.7,18.4,97.0,83.0,7.39,6.39,10,100
2025-07-10T20:00,16.1,17.0,14.0,12.0,7.58,6.71,3,90
2025-07-10T21:00,15.4,16.0,0.0,0.0,7.54,6.93,2,94
2025-07-10T22:00,14.6,15.3,0.0,0.0,7.08,6.84,2,97
2025-07-10T23:00,14.0,14.7,0.0,0.0,6.66,6.92,2,98
2025-07-11T00:00,13.7,13.9,0.0,0.0,6.48,6.97,9,97
2025-07-11T01:00,13.4,13.6,0.0,0.0,6.08,5.99,0,93
2025-07-11T02:00,13.1,13.3,0.0,0.0,5.5,5.42,2,66
2025-07-11T03:00,12.7,13.1,0.0,0.0,5.36,4.74,11,83
2025-07-11T04:00,12.7,13.2,19.0,18.0,5.33,4.4,9,79
2025-07-11T05:00,13.6,14.2,107.0,91.0,5.28,3.88,0,73
2025-07-11T06:00,14.9,15.2,239.0,235.0,4.38,3.63,0,36
2025-07-11T07:00,16.7,16.6,388.0,376.0,3.29,2.63,0,25
2025-07-11T08:00,18.2,18.2,533.0,487.0,4.49,4.65,58,35
2025-07-11T09:00,19.7,19.5,651.0,581.0,4.57,4.48,100,67
2025-07-11T10:00,20.8,20.6,676.0,662.0,3.92,4.03,83,69
2025-07-11T11:00,21.8,21.6,677.0,699.0,3.4,4.05,62,73
2025-07-11T12:00,22.6,22.7,801.0,695.0,3.8,4.57,88,54
2025-07-11T13:00,23.5,23.2,809.0,751.0,5.18,5.68,17,29
2025-07-11T14:00,23.5,23.3,657.0,690.0,7.18,5.82,96,74
2025-07-11T15:00,22.1,23.1,511.0,558.0,8.68,6.82,100,61
2025-07-11T16:00,21.4,22.5,479.0,441.0,9.55,7.25,92,49
2025-07-11T17:00,20.4,21.4,368.0,363.0,9.43,7.69,100,22
2025-07-11T18:00,19.3,20.7,208.0,222.0,8.89,8.33,100,8
2025-07-11T19:00,18.3,19.3,75.0,97.0,8.81,8.8,80,27
2025-07-11T20:00,17.2,17.8,12.0,13.0,9.05,10.07,100,36
2025-07-11T21:00,17.3,17.1,0.0,0.0,6.4,10.21,100,77
2025-07-11T22:00,17.0,16.8,0.0,0.0,4.03,9.21,97,55
2025-07-11T23:00,16.7,16.1,0.0,0.0,3.35,8.7,94,64
2025-07-12T00:00,17.0,16.3,0.0,0.0,6.04,9.18,91,76
2025-07-12T01:00,17.1,16.4,0.0,0.0,7.51,9.74,87,94
2025-07-12T02:00,16.9,16.4,0.0,0.0,8.75,9.47,100,100
2025-07-12T03:00,16.3,15.9,0.0,0.0,8.73,9.86,88,100
2025-07-12T04:00,16.2,15.8,9.0,11.0,8.36,10.17,95,93
2025-07-12T05:00,16.4,16.1,49.0,41.0,8.84,9.89,100,98
2025-07-12T06:00,16.8,16.8,105.0,107.0,6.92,9.21,100,81
2025-07-12T07:00,17.1,17.9,129.0,206.0,6.39,7.47,100,93
2025-07-12T08:00,17.2,17.3,146.0,142.0,6.91,7.15,100,99
2025-07-12T09:00,17.8,17.5,195.0,153.0,5.71,6.19,96,100
2025-07-12T10:00,19.1,18.1,317.0,219.0,7.04,5.98,100,100
2025-07-12T11:00,18.8,18.2,180.0,258.0,6.11,6.34,100,99
2025-07-12T12:00,20.0,19.3,292.0,169.0,6.97,7.81,100,100
2025-07-12T13:00,19.6,19.2,191.0,140.0,7.18,6.28,97,96
2025-07-12T14:00,18.9,20.7,145.0,334.0,6.58,5.79,100,87
2025-07-12T15:00,18.6,21.3,106.0,366.0,5.74,6.14,100,70
2025-07-12T16:00,18.7,21.6,117.0,323.0,3.75,7.38,97,76
2025-07-12T17:00,19.2,21.2,170.0,247.0,5.56,7.42,100,74
2025-07-12T18:00,18.6,20.3,79.0,132.0,6.43,6.89,90,82
2025-07-12T19:00,17.9,19.2,81.0,54.0,5.83,6.49,6,86
2025-07-12T20:00,16.9,18.2,13.0,5.0,6.66,7.51,51,57
2025-07-12T21:00,16.1,17.2,0.0,0.0,6.15,7.73,74,52
2025-07-12T22:00,15.5,16.8,0.0,0.0,6.49,7.85,43,72
2025-07-12T23:00,15.0,16.5,0.0,0.0,7.91,8.51,55,82
2025-07-13T00:00,15.1,16.5,0.0,0.0,8.2,7.77,94,94
2025-07-13T01:00,15.3,16.5,0.0,0.0,8.4,7.41,100,99
2025-07-13T02:00,15.3,16.5,0.0,0.0,8.68,7.46,100,100
2025-07-13T03:00,14.4,16.4,0.0,0.0,7.6,7.76,100,100
2025-07-13T04:00,14.8,16.4,11.0,7.0,8.47,7.54,100,92
2025-07-13T05:00,15.5,16.5,60.0,38.0,7.21,7.23,98,97
2025-07-13T06:00,15.7,16.8,43.0,75.0,6.82,7.6,100,96
2025-07-13T07:00,16.3,17.7,77.0,162.0,5.61,8.43,99,91
2025-07-13T08:00,17.3,17.7,144.0,153.0,4.8,8.42,91,100
2025-07-13T09:00,18.0,18.1,183.0,176.0,6.11,8.07,100,100
2025-07-13T10:00,16.9,18.3,62.0,172.0,5.52,7.48,100,100
2025-07-13T11:00,16.9,18.9,92.0,252.0,3.64,5.72,100,100
2025-07-13T12:00,18.2,18.8,157.0,274.0,5.16,3.59,99,100
2025-07-13T13:00,19.1,18.9,305.0,223.0,4.43,4.24,95,100
2025-07-13T14:00,19.9,19.3,402.0,220.0,3.21,3.74,96,100
2025-07-13T15:00,19.6,19.2,159.0,206.0,2.07,4.71,99,100
2025-07-13T16:00,18.9,19.2,118.0,194.0,4.39,3.4,98,100
2025-07-13T17:00,18.9,18.9,100.0,140.0,2.39,5.02,98,100
2025-07-13T18:00,18.8,18.6,98.0,87.0,5.48,4.57,100,100
2025-07-13T19:00,18.1,18.2,58.0,42.0,5.21,4.79,91,100
2025-07-13T20:00,17.3,17.6,9.0,7.0,5.29,5.09,77,98
2025-07-13T21:00,17.0,17.3,0.0,0.0,4.29,4.99,96,99
2025-07-13T22:00,16.3,17.2,0.0,0.0,4.47,4.19,62,100
2025-07-13T23:00,15.9,17.0,0.0,0.0,3.19,3.35,91,96
2025-07-14T00:00,15.1,16.3,0.0,0.0,1.92,1.29,79,92
2025-07-14T01:00,14.6,16.1,0.0,0.0,1.74,0.49,80,91
2025-07-14T02:00,14.3,15.9,0.0,0.0,0.29,0.22,90,96
2025-07-14T03:00,13.9,15.8,0.0,0.0,2.2,0.49,99,93
2025-07-14T04:00,14.1,15.8,10.0,8.0,1.36,0.35,100,92
2025-07-14T05:00,14.4,16.2,60.0,42.0,0.79,0.83,100,93
2025-07-14T06:00,15.0,17.2,127.0,177.0,1.04,1.59,100,65
2025-07-14T07:00,16.5,18.2,212.0,276.0,0.35,1.94,95,80
2025-07-14T08:00,18.3,19.2,322.0,313.0,1.06,1.68,82,81
2025-07-14T09:00,20.5,20.2,532.0,435.0,1.9,2.51,43,71
2025-07-14T10:00,21.5,21.1,704.0,523.0,2.42,2.37,80,83
2025-07-14T11:00,22.1,21.8,611.0,497.0,2.55,2.32,96,97
2025-07-14T12:00,23.1,22.9,580.0,653.0,3.94,3.23,97,96
2025-07-14T13:00,23.2,22.7,725.0,525.0,5.71,4.35,100,100
2025-07-14T14:00,23.1,22.5,514.0,476.0,5.18,4.78,100,100
2025-07-14T15:00,23.4,22.8,557.0,533.0,6.55,4.9,8,98
2025-07-14T16:00,23.0,22.4,518.0,432.0,6.19,4.55,38,68
2025-07-14T17:00,22.3,22.0,360.0,338.0,5.46,3.89,0,67
2025-07-14T18:00,21.0,21.5,227.0,219.0,5.48,3.37,0,14
2025-07-14T19:00,19.9,20.3,95.0,90.0,4.82,1.62,31,2
2025-07-14T20:00,18.4,19.3,12.0,12.0,3.97,0.31,0,53
2025-07-14T21:00,17.7,18.3,0.0,0.0,3.63,0.89,93,39
2025-07-14T22:00,17.1,17.6,0.0,0.0,3.76,1.73,1,77
2025-07-14T23:00,16.7,17.8,0.0,0.0,2.6,3.21,91,78
2025-07-15T00:00,16.5,17.6,0.0,0.0,3.68,4.49,100,91
2025-07-15T01:00,16.2,17.3,0.0,0.0,4.27,4.65,100,100
2025-07-15T02:00,16.0,17.0,0.0,0.0,4.29,5.14,100,81
2025-07-15T03:00,16.8,17.0,0.0,0.0,5.78,6.74,100,82
2025-07-15T04:00,16.7,16.8,11.0,14.0,6.63,7.84,99,88
2025-07-15T05:00,16.8,17.0,85.0,86.0,6.51,8.15,87,96
2025-07-15T06:00,17.7,17.7,186.0,131.0,6.33,7.66,98,100
2025-07-15T07:00,18.4,18.3,248.0,261.0,7.95,6.81,100,96
2025-07-15T08:00,18.0,18.6,235.0,349.0,9.05,6.91,100,98
2025-07-15T09:00,17.0,17.9,166.0,252.0,8.45,6.97,100,96
2025-07-15T10:00,18.0,19.3,207.0,482.0,7.39,7.12,100,92
2025-07-15T11:00,18.9,18.0,250.0,386.0,6.76,7.78,100,100
2025-07-15T12:00,20.9,17.8,434.0,331.0,9.6,7.45,100,100
2025-07-15T13:00,21.1,19.1,584.0,399.0,10.77,7.01,100,100
2025-07-15T14:00,20.9,19.0,546.0,452.0,10.6,10.32,96,100
2025-07-15T15:00,20.3,18.0,412.0,333.0,9.42,10.39,87,84
2025-07-15T16:00,20.2,18.6,385.0,363.0,8.61,9.45,60,54
2025-07-15T17:00,19.7,18.6,353.0,330.0,7.83,9.62,0,45
2025-07-15T18:00,18.8,18.2,201.0,217.0,7.31,8.74,0,30
2025-07-15T19:00,17.6,17.4,97.0,91.0,6.36,6.95,0,33
2025-07-15T20:00,16.2,16.0,12.0,11.0,4.4,5.45,0,0
2025-07-15T21:00,15.9,15.0,0.0,0.0,4.9,5.19,0,0
2025-07-15T22:00,15.1,14.3,0.0,0.0,5.66,4.35,4,0
2025-07-15T23:00,14.4,13.9,0.0,0.0,5.88,3.88,6,0
2025-07-16T00:00,13.8,14.2,0.0,0.0,5.86,4.19,0,100
2025-07-16T01:00,13.4,14.4,0.0,0.0,5.74,6.01,0,99
2025-07-16T02:00,13.1,14.4,0.0,0.0,4.92,6.86,14,100
2025-07-16T03:00,13.4,14.1,0.0,0.0,5.44,6.4,100,97
2025-07-16T04:00,13.4,14.2,13.0,4.0,4.33,6.86,39,98
2025-07-16T05:00,14.0,14.6,95.0,41.0,4.43,6.46,43,99
2025-07-16T06:00,15.5,15.0,197.0,126.0,3.78,4.74,100,80
2025-07-16T07:00,16.3,16.1,288.0,296.0,3.63,3.92,100,82
2025-07-16T08:00,17.3,17.1,380.0,376.0,3.68,2.83,100,95
2025-07-16T09:00,17.9,18.1,357.0,478.0,2.75,1.94,90,100
2025-07-16T10:00,18.7,18.3,498.0,509.0,2.32,1.46,92,83
2025-07-16T11:00,18.9,19.2,472.0,624.0,3.21,0.22,79,92
2025-07-16T12:00,20.1,20.4,581.0,481.0,1.86,3.04,97,100
2025-07-16T13:00,20.6,20.9,616.0,526.0,0.89,3.69,61,60
2025-07-16T14:00,21.0,21.0,571.0,513.0,2.65,4.65,76,95
2025-07-16T15:00,19.2,21.2,286.0,489.0,1.88,5.43,58,57
2025-07-16T16:00,20.7,21.1,404.0,478.0,2.86,5.86,85,49
2025-07-16T17:00,18.7,20.4,194.0,326.0,6.44,7.01,87,96
2025-07-16T18:00,18.9,19.3,78.0,213.0,7.34,7.78,100,34
2025-07-16T19:00,18.3,18.1,27.0,88.0,8.26,8.18,58,42
2025-07-16T20:00,16.8,16.7,9.0,10.0,8.12,8.02,70,52
2025-07-16T21:00,15.9,16.2,0.0,0.0,8.45,8.39,80,73
2025-07-16T22:00,15.3,16.1,0.0,0.0,8.11,8.56,100,78
2025-07-16T23:00,14.8,16.4,0.0,0.0,6.76,8.8,99,91
2025-07-17T00:00,15.1,16.1,0.0,0.0,7.41,9.12,100,100
2025-07-17T01:00,15.5,16.0,0.0,0.0,7.32,8.35,100,97
2025-07-17T02:00,15.5,16.1,0.0,0.0,6.99,7.35,100,96
2025-07-17T03:00,15.3,16.3,0.0,0.0,5.82,6.64,100,95
2025-07-17T04:00,15.4,16.6,6.0,5.0,6.54,5.85,100,93
2025-07-17T05:00,16.2,17.1,25.0,45.0,5.79,5.54,100,93
2025-07-17T06:00,16.3,17.6,62.0,50.0,6.66,7.96,100,99
2025-07-17T07:00,17.0,18.1,34.0,49.0,7.47,8.24,100,100
2025-07-17T08:00,18.1,18.5,67.0,66.0,9.08,9.01,98,95
2025-07-17T09:00,18.8,19.2,84.0,147.0,7.64,7.21,100,98
2025-07-17T10:00,19.1,19.6,92.0,176.0,6.85,7.31,100,94
2025-07-17T11:00,20.1,20.3,151.0,237.0,6.23,6.66,90,95
2025-07-17T12:00,21.4,20.5,209.0,388.0,8.12,9.15,89,90
2025-07-17T13:00,20.8,20.6,254.0,359.0,7.0,9.2,100,100
2025-07-17T14:00,21.2,20.2,340.0,228.0,8.84,9.1,96,94
2025-07-17T15:00,21.0,20.5,136.0,281.0,7.82,9.02,95,100
2025-07-17T16:00,21.4,20.2,212.0,230.0,9.38,9.16,100,98
2025-07-17T17:00,19.9,19.9,44.0,98.0,8.1,9.37,100,100
2025-07-17T18:00,19.3,19.6,34.0,118.0,8.89,8.75,100,100
2025-07-17T19:00,18.8,18.9,23.0,43.0,7.8,7.74,100,100
2025-07-17T20:00,18.4,18.6,4.0,6.0,6.96,7.49,100,100
2025-07-17T21:00,18.2,18.3,0.0,0.0,7.8,6.87,100,98
2025-07-17T22:00,17.9,18.1,0.0,0.0,6.21,6.6,89,90
2025-07-17T23:00,17.6,17.8,0.0,0.0,5.68,5.73,88,94
2025-07-18T00:00,17.4,17.6,0.0,0.0,4.64,3.34,84,81
2025-07-18T01:00,17.3,17.3,0.0,0.0,4.3,3.2,95,83
2025-07-18T02:00,17.3,17.2,0.0,0.0,4.03,2.7,100,81
2025-07-18T03:00,17.0,16.8,0.0,0.0,3.45,1.97,83,86
2025-07-18T04:00,17.0,16.9,6.0,8.0,3.29,1.69,91,92
2025-07-18T05:00,17.6,17.4,51.0,47.0,2.5,1.31,79,93
2025-07-18T06:00,18.7,18.6,172.0,107.0,0.89,1.1,71,83
2025-07-18T07:00,19.9,19.7,263.0,202.0,0.92,1.49,68,81
2025-07-18T08:00,20.9,20.9,318.0,344.0,0.49,0.81,87,79
2025-07-18T09:00,21.3,21.3,501.0,454.0,0.71,0.29,89,83
2025-07-18T10:00,22.0,21.8,440.0,506.0,0.63,1.08,84,76
2025-07-18T11:00,22.9,22.3,530.0,502.0,0.71,0.71,93,87
2025-07-18T12:00,22.0,23.3,188.0,544.0,0.98,1.5,100,77
2025-07-18T13:00,21.6,23.1,191.0,560.0,2.1,2.88,100,72
2025-07-18T14:00,20.7,23.4,151.0,567.0,3.51,3.33,100,84
2025-07-18T15:00,24.9,23.1,471.0,419.0,2.69,2.86,76,73
2025-07-18T16:00,25.2,22.5,443.0,367.0,2.61,2.06,49,83
2025-07-18T17:00,22.8,21.8,230.0,228.0,7.97,1.24,100,89
2025-07-18T18:00,19.9,21.2,120.0,98.0,5.66,1.81,100,100
2025-07-18T19:00,19.9,20.5,43.0,41.0,2.65,1.81,100,100
2025-07-18T20:00,19.9,19.7,6.0,6.0,3.14,0.69,97,100
2025-07-18T21:00,19.1,19.2,0.0,0.0,4.04,2.18,62,72
2025-07-18T22:00,18.7,18.7,0.0,0.0,4.16,2.46,69,58
2025-07-18T23:00,18.1,18.3,0.0,0.0,4.04,2.26,44,46
2025-07-19T00:00,17.4,17.5,0.0,0.0,3.6,2.33,40,78
2025-07-19T01:00,16.9,17.2,0.0,0.0,4.3,2.88,93,78
2025-07-19T02:00,16.4,16.8,0.0,0.0,4.81,3.67,56,70
2025-07-19T03:00,15.4,16.5,0.0,0.0,4.71,4.67,100,58
2025-07-19T04:00,15.1,16.2,8.0,12.0,4.61,3.9,92,6
2025-07-19T05:00,16.0,16.9,78.0,90.0,4.24,3.9,42,10
2025-07-19T06:00,17.7,17.7,198.0,214.0,3.61,3.8,46,28
2025-07-19T07:00,19.7,19.4,366.0,361.0,2.64,3.59,0,10
2025-07-19T08:00,21.3,21.2,513.0,507.0,3.26,2.84,0,18
2025-07-19T09:00,22.5,22.8,632.0,621.0,3.03,2.98,40,49
2025-07-19T10:00,23.7,24.0,721.0,623.0,3.88,3.68,24,57
2025-07-19T11:00,24.7,25.2,785.0,719.0,3.95,3.94,31,54
2025-07-19T12:00,25.1,25.1,668.0,729.0,4.75,4.84,4,31
2025-07-19T13:00,25.6,25.9,712.0,760.0,5.02,4.74,54,27
2025-07-19T14:00,26.1,26.4,669.0,699.0,5.18,5.11,48,18
2025-07-19T15:00,26.4,26.6,592.0,567.0,4.03,5.66,90,58
2025-07-19T16:00,26.1,26.2,446.0,447.0,5.4,6.48,37,45
2025-07-19T17:00,25.4,26.0,355.0,343.0,6.17,5.88,85,22
2025-07-19T18:00,24.3,24.7,202.0,216.0,7.58,6.9,0,7
2025-07-19T19:00,22.3,22.8,87.0,86.0,8.83,8.72,100,0
2025-07-19T20:00,20.5,21.1,9.0,9.0,9.73,10.14,74,7
2025-07-19T21:00,19.5,20.0,0.0,0.0,9.7,10.0,100,100
2025-07-19T22:00,19.0,19.4,0.0,0.0,9.56,10.08,100,83
2025-07-19T23:00,18.8,19.1,0.0,0.0,9.7,9.96,100,89
2025-07-20T00:00,18.2,18.5,0.0,0.0,9.48,9.54,100,79
2025-07-20T01:00,18.3,18.5,0.0,0.0,9.49,9.92,100,93
2025-07-20T02:00,18.4,18.1,0.0,0.0,9.1,10.47,100,89
2025-07-20T03:00,17.9,18.0,0.0,0.0,9.31,11.29,100,100
2025-07-20T04:00,18.1,18.0,6.0,9.0,9.67,10.79,100,100
2025-07-20T05:00,18.8,18.5,46.0,56.0,9.46,10.42,100,100
2025-07-20T06:00,19.6,19.5,124.0,144.0,7.94,8.73,100,100
2025-07-20T07:00,19.8,20.1,116.0,182.0,8.19,7.08,100,100
2025-07-20T08:00,20.0,20.3,113.0,178.0,8.02,6.79,100,100
2025-07-20T09:00,22.9,20.8,477.0,194.0,6.81,6.54,98,100
2025-07-20T10:00,24.1,21.3,523.0,227.0,6.81,6.78,77,100
2025-07-20T11:00,25.5,21.4,570.0,190.0,6.93,8.13,100,100
2025-07-20T12:00,24.5,21.2,421.0,215.0,5.75,6.77,100,100
2025-07-20T13:00,25.2,20.3,446.0,149.0,6.17,6.33,100,100
2025-07-20T14:00,25.0,19.8,409.0,143.0,6.3,6.23,100,100
2025-07-20T15:00,25.8,20.2,307.0,121.0,1.77,5.17,100,100
2025-07-20T16:00,26.0,21.4,253.0,193.0,0.88,4.22,100,100
2025-07-20T17:00,25.8,22.0,234.0,198.0,1.73,3.24,100,100
2025-07-20T18:00,25.1,23.5,182.0,164.0,4.4,4.19,100,67
2025-07-20T19:00,23.5,22.5,69.0,63.0,5.71,3.91,100,90
2025-07-20T20:00,22.1,21.4,6.0,6.0,6.18,4.04,100,100
2025-07-20T21:00,21.1,20.8,0.0,0.0,5.65,3.4,100,100
2025-07-20T22:00,20.4,20.5,0.0,0.0,5.68,3.96,100,100
2025-07-20T23:00,20.2,20.1,0.0,0.0,6.4,2.42,100,100
2025-07-21T00:00,20.4,19.8,0.0,0.0,7.63,4.92,100,100
2025-07-21T01:00,19.7,19.4,0.0,0.0,4.5,3.67,100,100
2025-07-21T02:00,19.0,19.2,0.0,0.0,2.15,4.17,100,100
2025-07-21T03:00,18.3,19.0,0.0,0.0,3.65,4.39,100,100
2025-07-21T04:00,18.2,19.1,5.0,1.0,4.86,2.66,100,100
2025-07-21T05:00,18.2,19.1,36.0,6.0,5.41,2.09,100,100
2025-07-21T06:00,19.4,18.7,71.0,60.0,4.24,5.75,100,100
2025-07-21T07:00,19.6,18.7,112.0,92.0,3.59,4.54,100,100
2025-07-21T08:00,20.1,18.9,191.0,123.0,5.0,3.51,100,100
2025-07-21T09:00,19.9,19.7,197.0,237.0,1.89,3.02,100,100
2025-07-21T10:00,20.4,20.4,240.0,331.0,2.75,2.64,100,100
2025-07-21T11:00,20.8,20.5,263.0,224.0,1.79,2.85,100,100
2025-07-21T12:00,22.2,19.6,388.0,194.0,2.51,4.67,100,100
2025-07-21T13:00,22.9,19.9,412.0,223.0,2.58,2.64,100,100
2025-07-21T14:00,23.5,20.3,357.0,245.0,3.0,4.59,100,100
2025-07-21T15:00,23.5,20.3,293.0,179.0,1.58,3.34,100,100
2025-07-21T16:00,23.5,20.7,215.0,193.0,2.37,1.23,100,100
2025-07-21T17:00,22.8,20.8,137.0,136.0,3.44,0.4,100,100
2025-07-21T18:00,21.5,19.0,125.0,48.0,6.09,3.33,100,100
2025-07-21T19:00,20.5,18.3,43.0,18.0,5.49,3.97,100,100
2025-07-21T20:00,19.4,17.6,5.0,2.0,5.8,4.5,100,100
2025-07-21T21:00,18.4,16.9,0.0,0.0,4.67,5.64,100,100
2025-07-21T22:00,17.9,16.7,0.0,0.0,4.65,4.25,100,100
2025-07-21T23:00,17.6,16.4,0.0,0.0,4.19,3.35,100,100
2025-07-22T00:00,17.6,17.4,0.0,0.0,3.84,5.35,100,100
2025-07-22T01:00,17.4,17.2,0.0,0.0,3.92,4.91,100,100
2025-07-22T02:00,17.1,17.1,0.0,0.0,2.9,3.68,100,100
2025-07-22T03:00,16.7,16.9,0.0,0.0,3.27,4.12,100,100
2025-07-22T04:00,16.8,16.7,5.0,5.0,2.72,5.83,100,100
2025-07-22T05:00,17.2,17.0,35.0,36.0,4.52,7.41,100,100
2025-07-22T06:00,17.5,17.4,57.0,62.0,5.52,5.43,100,100
2025-07-22T07:00,17.9,17.9,110.0,134.0,5.06,5.42,100,100
2025-07-22T08:00,17.8,18.5,115.0,204.0,3.75,5.67,100,96
2025-07-22T09:00,18.8,19.2,212.0,301.0,4.65,6.14,100,89
2025-07-22T10:00,19.3,19.9,262.0,387.0,5.08,6.96,100,88
2025-07-22T11:00,19.4,20.0,206.0,352.0,5.21,6.96,100,100
2025-07-22T12:00,18.9,19.8,197.0,376.0,6.77,7.45,100,100
2025-07-22T13:00,19.4,19.8,219.0,351.0,6.4,7.25,100,100
2025-07-22T14:00,19.8,19.6,196.0,343.0,6.27,7.66,100,100
2025-07-22T15:00,19.8,19.9,180.0,320.0,8.23,7.64,100,95
2025-07-22T16:00,19.8,20.4,217.0,314.0,8.55,8.28,100,77
2025-07-22T17:00,19.5,20.1,141.0,280.0,7.59,8.54,100,70
2025-07-22T18:00,18.8,19.2,92.0,117.0,6.86,6.65,100,89
2025-07-22T19:00,18.4,18.6,34.0,59.0,7.21,6.65,94,58
2025-07-22T20:00,17.9,17.8,4.0,6.0,8.2,7.13,99,58
2025-07-22T21:00,17.9,17.3,0.0,0.0,8.23,8.49,96,69
2025-07-22T22:00,17.6,17.1,0.0,0.0,7.72,8.04,100,60
2025-07-22T23:00,17.5,16.9,0.0,0.0,9.6,8.75,100,69
2025-07-23T00:00,17.5,17.1,0.0,0.0,9.7,9.21,100,86
2025-07-23T01:00,17.4,17.1,0.0,0.0,8.6,9.26,100,87
2025-07-23T02:00,17.4,17.0,0.0,0.0,6.47,9.24,100,89
2025-07-23T03:00,17.2,16.8,0.0,0.0,9.69,9.77,100,89
2025-07-23T04:00,16.8,16.3,2.0,6.0,9.8,10.12,100,85
2025-07-23T05:00,16.8,16.3,13.0,46.0,10.0,8.51,100,84
2025-07-23T06:00,17.3,17.0,19.0,128.0,14.11,10.14,100,79
2025-07-23T07:00,17.5,18.0,45.0,209.0,15.58,8.81,100,65
2025-07-23T08:00,18.4,19.3,113.0,362.0,15.73,8.92,94,69
2025-07-23T09:00,18.5,20.3,129.0,458.0,14.9,9.37,100,78
2025-07-23T10:00,18.6,21.1,104.0,465.0,13.24,9.55,100,94
2025-07-23T11:00,18.4,21.4,73.0,407.0,14.38,8.09,100,88
2025-07-23T12:00,17.6,20.8,62.0,447.0,14.6,8.51,100,100
2025-07-23T13:00,17.8,20.5,68.0,443.0,13.33,7.92,100,89
2025-07-23T14:00,17.9,21.1,60.0,514.0,14.41,7.25,100,74
2025-07-23T15:00,18.0,21.3,73.0,478.0,11.66,6.97,100,57
2025-07-23T16:00,17.8,20.9,32.0,383.0,11.53,6.38,100,49
2025-07-23T17:00,17.6,20.7,30.0,296.0,10.03,5.72,100,44
2025-07-23T18:00,17.8,18.1,23.0,75.0,10.09,9.6,100,96
2025-07-23T19:00,18.0,17.9,24.0,30.0,10.22,9.99,100,92
2025-07-23T20:00,17.7,17.6,3.0,2.0,7.91,9.41,100,100
2025-07-23T21:00,17.4,17.4,0.0,0.0,7.86,8.54,100,100
2025-07-23T22:00,17.3,17.0,0.0,0.0,7.05,8.74,100,100
2025-07-23T23:00,17.2,16.9,0.0,0.0,6.57,8.47,100,81
2025-07-24T00:00,17.2,17.7,0.0,0.0,6.76,10.36,100,99
2025-07-24T01:00,17.2,17.4,0.0,0.0,5.86,11.09,91,96
2025-07-24T02:00,17.0,17.3,0.0,0.0,5.68,11.88,100,100
2025-07-24T03:00,17.5,17.3,0.0,0.0,6.47,11.57,100,100
2025-07-24T04:00,17.4,17.3,2.0,1.0,7.26,10.98,100,100
2025-07-24T05:00,17.5,17.3,13.0,14.0,7.51,11.06,100,98
2025-07-24T06:00,18.3,17.1,136.0,29.0,6.17,8.77,100,98
2025-07-24T07:00,18.5,17.5,102.0,83.0,6.48,7.14,100,98
2025-07-24T08:00,18.7,17.8,91.0,83.0,6.77,7.36,98,99
2025-07-24T09:00,20.0,18.3,247.0,98.0,6.6,7.88,97,100
2025-07-24T10:00,20.5,18.9,303.0,153.0,6.31,7.55,100,100
2025-07-24T11:00,20.8,19.4,282.0,196.0,6.86,7.14,100,100
2025-07-24T12:00,21.4,21.6,359.0,245.0,7.25,6.15,100,100
2025-07-24T13:00,21.6,21.4,361.0,190.0,7.3,6.01,100,100
2025-07-24T14:00,21.8,21.5,392.0,211.0,6.67,5.92,100,99
2025-07-24T15:00,20.5,21.7,197.0,246.0,7.33,5.6,100,99
2025-07-24T16:00,20.7,22.0,232.0,260.0,8.4,5.43,100,100
2025-07-24T17:00,20.4,21.3,165.0,171.0,7.79,5.21,100,100
2025-07-24T18:00,19.9,20.5,61.0,138.0,6.82,6.46,100,100
2025-07-24T19:00,19.6,19.9,27.0,47.0,6.68,6.7,100,100
2025-07-24T20:00,19.1,19.1,3.0,4.0,6.82,6.88,99,99
2025-07-24T21:00,19.0,19.0,0.0,0.0,6.34,7.98,100,99
2025-07-24T22:00,18.9,18.8,0.0,0.0,6.88,7.0,100,100
2025-07-24T23:00,18.7,18.5,0.0,0.0,6.79,7.1,100,100
2025-07-25T00:00,18.6,18.6,0.0,0.0,7.34,6.49,100,98
2025-07-25T01:00,18.6,18.5,0.0,0.0,6.51,6.66,100,95
2025-07-25T02:00,18.5,18.5,0.0,0.0,7.27,6.34,100,92
2025-07-25T03:00,18.4,18.4,0.0,0.0,7.36,6.23,98,96
2025-07-25T04:00,18.4,18.4,2.0,2.0,6.84,7.98,100,86
2025-07-25T05:00,18.4,18.5,21.0,45.0,6.63,7.77,98,87
2025-07-25T06:00,18.5,18.9,42.0,102.0,6.24,7.21,99,84
2025-07-25T07:00,18.5,19.2,47.0,189.0,7.04,7.5,100,90
2025-07-25T08:00,19.5,19.8,158.0,279.0,7.12,7.27,97,63
2025-07-25T09:00,20.6,20.1,263.0,380.0,6.25,8.42,82,74
2025-07-25T10:00,21.5,20.7,503.0,479.0,6.74,8.28,79,57
2025-07-25T11:00,21.3,21.1,599.0,619.0,6.97,8.25,67,60
2025-07-25T12:00,22.5,20.8,664.0,612.0,6.58,8.81,81,68
2025-07-25T13:00,21.9,21.7,638.0,625.0,8.19,9.04,54,83
2025-07-25T14:00,21.5,20.8,665.0,574.0,7.89,10.08,33,39
2025-07-25T15:00,20.7,20.2,523.0,567.0,8.5,9.49,55,42
2025-07-25T16:00,20.3,19.7,425.0,397.0,7.85,9.29,55,25
2025-07-25T17:00,19.6,19.0,268.0,299.0,8.37,9.98,52,46
2025-07-25T18:00,18.9,18.7,136.0,174.0,7.26,8.22,60,53
2025-07-25T19:00,18.2,17.6,53.0,63.0,6.37,7.91,82,62
2025-07-25T20:00,17.2,17.2,3.0,3.0,6.74,7.3,24,66
2025-07-25T21:00,16.8,16.8,0.0,0.0,5.41,7.43,45,69
2025-07-25T22:00,15.9,16.4,0.0,0.0,5.28,6.88,8,59
2025-07-25T23:00,15.6,15.7,0.0,0.0,4.84,6.45,91,55
2025-07-26T00:00,15.4,15.2,0.0,0.0,5.06,6.1,60,37
2025-07-26T01:00,15.2,14.9,0.0,0.0,4.12,5.54,75,44
2025-07-26T02:00,14.8,14.6,0.0,0.0,3.2,4.05,5,33
2025-07-26T03:00,14.8,14.4,0.0,0.0,2.97,4.09,56,65
2025-07-26T04:00,14.4,14.6,6.0,5.0,2.85,4.56,22,60
2025-07-26T05:00,15.0,15.5,73.0,53.0,3.51,4.61,40,78
2025-07-26T06:00,16.7,16.3,155.0,121.0,3.41,5.95,95,79
2025-07-26T07:00,17.9,17.5,279.0,175.0,3.86,5.74,96,85
2025-07-26T08:00,18.5,19.1,271.0,309.0,4.17,5.57,73,62
2025-07-26T09:00,19.5,20.1,438.0,477.0,4.68,6.17,93,74
2025-07-26T10:00,20.5,20.4,559.0,506.0,4.91,6.91,72,58
2025-07-26T11:00,21.1,21.1,667.0,654.0,5.52,6.48,72,43
2025-07-26T12:00,21.2,21.1,425.0,548.0,5.28,6.06,88,86
2025-07-26T13:00,21.7,21.6,570.0,571.0,5.14,6.21,78,68
2025-07-26T14:00,22.6,21.8,662.0,605.0,4.61,6.2,59,57
2025-07-26T15:00,21.7,21.7,372.0,531.0,3.94,6.1,81,40
2025-07-26T16:00,21.7,21.5,423.0,480.0,5.0,5.35,62,0
2025-07-26T17:00,20.9,20.7,259.0,349.0,5.08,4.74,81,3
2025-07-26T18:00,19.9,19.8,96.0,195.0,4.12,4.85,92,51
2025-07-26T19:00,18.6,18.7,42.0,55.0,4.85,3.7,71,65
2025-07-26T20:00,17.5,17.6,4.0,3.0,3.47,2.56,86,54
2025-07-26T21:00,17.6,16.9,0.0,0.0,2.86,2.34,90,67
2025-07-26T22:00,17.3,16.7,0.0,0.0,3.26,2.32,94,91
2025-07-26T23:00,17.0,16.8,0.0,0.0,1.98,2.19,93,88
2025-07-27T00:00,16.6,17.3,0.0,0.0,1.21,4.83,96,98
2025-07-27T01:00,16.4,17.1,0.0,0.0,2.64,6.61,100,100
2025-07-27T02:00,16.3,16.9,0.0,0.0,2.81,5.89,100,100
2025-07-27T03:00,16.4,17.0,0.0,0.0,2.81,5.46,93,100
2025-07-27T04:00,16.5,17.0,2.0,1.0,2.71,5.06,99,100
2025-07-27T05:00,16.6,17.3,23.0,20.0,2.48,5.21,100,100
2025-07-27T06:00,16.6,17.2,37.0,39.0,1.97,3.21,100,100
2025-07-27T07:00,16.8,17.6,71.0,87.0,1.32,3.33,100,100
2025-07-27T08:00,17.2,17.8,134.0,108.0,1.52,4.41,100,100
2025-07-27T09:00,16.1,18.0,124.0,181.0,2.36,4.54,100,94
2025-07-27T10:00,16.9,19.3,258.0,410.0,1.88,3.68,100,91
2025-07-27T11:00,18.2,20.0,319.0,551.0,3.14,4.93,100,81
2025-07-27T12:00,17.8,20.7,190.0,548.0,4.28,4.88,100,90
2025-07-27T13:00,18.4,20.5,296.0,494.0,4.35,6.22,100,82
2025-07-27T14:00,17.9,20.9,82.0,497.0,3.59,6.79,100,74
2025-07-27T15:00,18.9,20.7,131.0,488.0,8.12,7.65,100,42
2025-07-27T16:00,18.7,20.1,88.0,421.0,7.64,7.82,100,100
2025-07-27T17:00,18.2,19.4,66.0,247.0,7.41,8.02,100,100
2025-07-27T18:00,17.4,18.2,14.0,131.0,7.85,7.28,100,72
2025-07-27T19:00,16.9,17.6,14.0,48.0,6.88,8.11,100,72
2025-07-27T20:00,16.4,16.8,1.0,3.0,6.82,9.16,72,96
2025-07-27T21:00,16.4,16.3,0.0,0.0,7.41,8.54,100,99
2025-07-27T22:00,16.1,15.9,0.0,0.0,7.27,8.76,100,93
2025-07-27T23:00,15.9,15.4,0.0,0.0,7.53,8.72,100,80
2025-07-28T00:00,15.6,15.3,0.0,0.0,6.71,7.12,100,100
2025-07-28T01:00,15.4,15.1,0.0,0.0,5.96,7.01,97,97
2025-07-28T02:00,15.1,14.8,0.0,0.0,6.35,6.59,94,95
2025-07-28T03:00,14.5,14.9,0.0,0.0,6.86,6.66,82,96
2025-07-28T04:00,14.1,15.1,5.0,4.0,5.43,6.38,13,95
2025-07-28T05:00,14.7,15.5,70.0,60.0,4.93,6.0,98,90
2025-07-28T06:00,16.1,16.3,166.0,153.0,3.82,6.14,100,87
2025-07-28T07:00,18.0,17.1,298.0,233.0,2.54,5.78,100,69
2025-07-28T08:00,19.2,18.1,419.0,360.0,3.86,7.07,87,71
2025-07-28T09:00,19.1,18.9,378.0,468.0,4.08,7.8,80,58
2025-07-28T10:00,19.2,19.9,445.0,632.0,5.53,8.54,98,66
2025-07-28T11:00,20.6,19.6,515.0,569.0,7.57,9.16,69,58
2025-07-28T12:00,21.8,20.3,646.0,700.0,7.93,8.64,7,48
2025-07-28T13:00,21.3,20.5,614.0,695.0,10.04,9.22,91,64
2025-07-28T14:00,21.3,20.5,537.0,638.0,9.74,9.48,47,43
2025-07-28T15:00,20.9,20.3,566.0,585.0,9.64,9.54,68,40
2025-07-28T16:00,20.4,19.8,493.0,451.0,9.43,9.58,0,45
2025-07-28T17:00,19.8,19.4,346.0,319.0,9.56,9.31,0,30
2025-07-28T18:00,19.1,18.6,197.0,181.0,9.36,8.74,0,32
2025-07-28T19:00,18.0,17.6,69.0,66.0,8.65,8.29,45,5
2025-07-28T20:00,16.9,16.5,4.0,4.0,6.18,8.07,27,0
2025-07-28T21:00,16.5,15.7,0.0,0.0,5.95,7.83,34,2
2025-07-28T22:00,15.8,15.3,0.0,0.0,5.56,7.11,63,14
2025-07-28T23:00,15.6,14.9,0.0,0.0,5.65,6.86,95,33
2025-07-29T00:00,15.4,15.2,0.0,0.0,5.43,8.33,81,64
2025-07-29T01:00,15.1,15.3,0.0,0.0,5.76,8.44,92,71
2025-07-29T02:00,15.3,15.2,0.0,0.0,5.9,7.51,62,80
2025-07-29T03:00,15.1,15.1,0.0,0.0,5.33,6.76,100,84
2025-07-29T04:00,15.6,14.7,2.0,5.0,5.83,6.89,82,53
2025-07-29T05:00,15.7,14.9,40.0,63.0,4.65,7.37,53,64
2025-07-29T06:00,16.6,16.0,150.0,173.0,5.17,7.47,77,72
2025-07-29T07:00,17.5,16.3,225.0,292.0,5.06,7.84,91,72
2025-07-29T08:00,18.2,16.7,360.0,384.0,6.82,8.34,69,66
2025-07-29T09:00,18.4,16.9,433.0,446.0,8.16,8.34,98,81
2025-07-29T10:00,17.8,17.3,391.0,501.0,9.01,8.44,100,81
2025-07-29T11:00,17.4,17.6,232.0,521.0,8.07,8.99,100,82
2025-07-29T12:00,17.3,17.9,417.0,582.0,9.5,9.22,100,79
2025-07-29T13:00,19.6,17.8,514.0,550.0,10.81,9.65,92,77
2025-07-29T14:00,19.5,18.1,556.0,534.0,9.29,9.72,28,63
2025-07-29T15:00,19.1,17.8,469.0,502.0,9.47,9.49,78,65
2025-07-29T16:00,19.3,17.2,373.0,395.0,8.77,9.67,46,70
2025-07-29T17:00,17.7,16.8,294.0,265.0,8.82,9.41,100,63
2025-07-29T18:00,17.9,16.5,143.0,157.0,8.18,9.3,93,57
2025-07-29T19:00,16.8,15.9,41.0,55.0,6.2,9.19,96,41
2025-07-29T20:00,15.3,15.2,2.0,3.0,5.89,9.12,46,57
2025-07-29T21:00,14.7,14.9,0.0,0.0,7.13,9.41,79,57
2025-07-29T22:00,14.2,14.6,0.0,0.0,7.45,9.33,70,59
2025-07-29T23:00,14.2,14.3,0.0,0.0,8.07,9.89,100,62
2025-07-30T00:00,13.6,14.3,0.0,0.0,7.44,9.49,81,69
2025-07-30T01:00,13.7,14.1,0.0,0.0,10.89,10.05,78,63
2025-07-30T02:00,13.7,13.9,0.0,0.0,11.13,10.9,100,62
2025-07-30T03:00,13.6,13.9,0.0,0.0,9.88,11.87,100,99
2025-07-30T04:00,13.4,14.0,4.0,2.0,11.71,12.09,29,100
2025-07-30T05:00,13.9,14.4,64.0,41.0,10.6,11.12,100,100
2025-07-30T06:00,14.1,14.7,65.0,33.0,10.9,12.32,100,100
2025-07-30T07:00,15.2,14.8,190.0,41.0,9.72,13.59,95,100
2025-07-30T08:00,16.3,15.1,308.0,52.0,9.1,14.9,100,100
2025-07-30T09:00,15.7,16.0,80.0,132.0,9.33,13.26,100,100
2025-07-30T10:00,17.7,16.0,317.0,177.0,10.72,11.46,99,100
2025-07-30T11:00,17.9,16.1,397.0,150.0,11.35,12.2,100,100
2025-07-30T12:00,17.4,16.0,141.0,157.0,11.03,11.44,100,100
2025-07-30T13:00,16.7,16.2,134.0,180.0,10.27,11.84,100,100
2025-07-30T14:00,15.7,16.4,82.0,122.0,10.92,11.69,99,100
2025-07-30T15:00,15.7,16.4,65.0,99.0,9.64,11.27,100,100
2025-07-30T16:00,16.0,16.7,60.0,126.0,10.37,9.61,100,100
2025-07-30T17:00,15.7,17.5,71.0,147.0,10.39,11.86,92,98
2025-07-30T18:00,15.6,16.5,25.0,56.0,10.48,11.18,98,100
2025-07-30T19:00,15.3,15.9,18.0,13.0,10.36,11.56,100,100
2025-07-30T20:00,15.4,15.7,0.0,1.0,11.21,11.88,100,100
2025-07-30T21:00,15.2,15.8,0.0,0.0,10.77,12.05,100,100
2025-07-30T22:00,15.2,15.7,0.0,0.0,10.23,11.75,100,100
2025-07-30T23:00,14.8,15.5,0.0,0.0,10.6,12.56,100,100
2025-07-31T00:00,14.8,15.1,0.0,0.0,12.04,11.13,100,100
2025-07-31T01:00,14.8,15.1,0.0,0.0,11.74,11.12,100,100
2025-07-31T02:00,14.2,15.0,0.0,0.0,12.35,11.97,100,100
2025-07-31T03:00,15.6,14.7,0.0,0.0,7.4,11.9,97,100
2025-07-31T04:00,14.8,14.4,1.0,0.0,8.7,11.17,100,100
2025-07-31T05:00,15.1,14.5,15.0,8.0,9.56,12.64,100,100
2025-07-31T06:00,15.5,16.4,73.0,102.0,6.3,9.18,100,90
2025-07-31T07:00,16.7,17.1,152.0,167.0,5.17,8.55,95,87
2025-07-31T08:00,19.0,17.7,312.0,245.0,4.73,8.72,99,83
2025-07-31T09:00,19.5,17.9,342.0,337.0,6.45,9.51,100,84
2025-07-31T10:00,19.0,18.5,308.0,386.0,8.01,9.61,99,93
2025-07-31T11:00,19.6,18.4,323.0,318.0,9.53,11.39,95,79
2025-07-31T12:00,20.1,19.4,452.0,479.0,10.04,9.86,88,82
2025-07-31T13:00,19.8,19.3,449.0,454.0,11.31,10.36,98,85
2025-07-31T14:00,20.4,19.5,486.0,451.0,11.09,10.75,53,87
2025-07-31T15:00,20.0,18.8,369.0,360.0,10.01,10.21,100,83
2025-07-31T16:00,19.4,18.5,263.0,303.0,9.62,10.14,100,84
2025-07-31T17:00,19.0,18.3,172.0,188.0,9.68,10.18,100,64
2025-07-31T18:00,17.9,18.9,104.0,166.0,8.52,9.6,99,38
2025-07-31T19:00,16.9,18.2,40.0,56.0,7.46,9.25,99,30
2025-07-31T20:00,16.3,17.3,2.0,2.0,7.72,9.36,99,30
2025-07-31T21:00,15.8,16.7,0.0,0.0,8.24,9.23,100,43
2025-07-31T22:00,15.6,16.4,0.0,0.0,8.23,8.81,100,71
2025-07-31T23:00,15.2,16.2,0.0,0.0,7.17,8.24,100,97
2025-08-01T00:00,15.3,16.0,0.0,0.0,7.14,7.84,91,68
2025-08-01T01:00,14.8,16.0,0.0,0.0,7.89,7.44,91,80
2025-08-01T02:00,14.8,15.9,0.0,0.0,7.98,7.04,94,68
2025-08-01T03:00,14.7,15.6,0.0,0.0,7.76,6.28,76,70
2025-08-01T04:00,14.5,15.4,2.0,2.0,7.68,6.02,100,64
2025-08-01T05:00,15.0,15.7,33.0,50.0,7.15,5.98,100,68
2025-08-01T06:00,15.6,16.7,71.0,103.0,6.15,5.99,90,100
2025-08-01T07:00,16.6,17.1,219.0,143.0,6.28,5.16,95,100
2025-08-01T08:00,16.6,17.4,242.0,215.0,6.84,5.28,100,100
2025-08-01T09:00,16.6,17.7,77.0,250.0,6.97,5.57,100,100
2025-08-01T10:00,17.7,17.9,180.0,306.0,7.75,5.96,92,100
2025-08-01T11:00,18.2,18.3,374.0,407.0,7.47,6.36,100,96
2025-08-01T12:00,18.7,18.7,448.0,447.0,7.08,7.99,94,88
2025-08-01T13:00,20.0,19.4,575.0,528.0,7.74,7.81,28,90
2025-08-01T14:00,19.9,19.5,642.0,483.0,9.02,7.37,90,78
2025-08-01T15:00,18.5,19.4,345.0,440.0,7.07,6.99,95,78
2025-08-01T16:00,18.6,19.7,293.0,371.0,5.54,7.01,68,70
2025-08-01T17:00,18.7,19.1,259.0,265.0,6.42,6.7,57,61
2025-08-01T18:00,17.6,18.1,145.0,154.0,6.58,8.59,89,46
2025-08-01T19:00,16.6,17.3,43.0,50.0,5.22,8.04,70,45
2025-08-01T20:00,15.6,16.6,1.0,1.0,5.11,7.9,0,59
2025-08-01T21:00,15.2,16.3,0.0,0.0,6.09,7.28,77,86
2025-08-01T22:00,15.0,16.2,0.0,0.0,5.88,7.06,72,86
2025-08-01T23:00,15.0,15.9,0.0,0.0,6.8,7.27,85,81
2025-08-02T00:00,14.2,15.7,0.0,0.0,5.75,6.87,44,99
2025-08-02T01:00,14.0,15.5,0.0,0.0,5.99,6.79,76,99
2025-08-02T02:00,14.3,15.3,0.0,0.0,6.29,6.87,70,100
2025-08-02T03:00,14.8,15.0,0.0,0.0,5.58,6.28,100,97
2025-08-02T04:00,14.8,15.1,1.0,1.0,6.06,6.14,100,97
2025-08-02T05:00,14.7,15.5,10.0,37.0,6.98,6.42,100,93
2025-08-02T06:00,14.9,16.1,24.0,113.0,5.06,7.35,100,90
2025-08-02T07:00,15.4,16.8,73.0,187.0,6.57,6.37,96,78
2025-08-02T08:00,16.6,17.3,269.0,262.0,6.1,6.85,91,96
2025-08-02T09:00,17.4,17.5,300.0,296.0,5.06,6.14,100,100
2025-08-02T10:00,16.9,18.6,117.0,412.0,5.34,5.9,100,100
2025-08-02T11:00,18.5,18.7,329.0,392.0,4.3,5.59,100,93
2025-08-02T12:00,20.5,18.2,555.0,412.0,4.68,6.15,87,100
2025-08-02T13:00,17.0,18.6,229.0,366.0,7.41,7.18,100,100
2025-08-02T14:00,18.2,18.3,204.0,331.0,5.19,7.81,100,100
2025-08-02T15:00,19.6,18.6,219.0,332.0,7.23,7.86,100,100
2025-08-02T16:00,19.5,18.0,273.0,214.0,8.95,7.99,100,100
2025-08-02T17:00,18.8,17.7,236.0,132.0,8.71,8.35,84,100
2025-08-02T18:00,18.2,17.7,119.0,98.0,9.03,6.57,90,91
2025-08-02T19:00,17.5,17.2,34.0,29.0,7.05,7.22,100,97
2025-08-02T20:00,17.1,16.9,0.0,1.0,7.65,7.97,97,99
2025-08-02T21:00,16.5,16.7,0.0,0.0,6.63,8.9,100,91
2025-08-02T22:00,16.7,16.4,0.0,0.0,7.36,8.01,100,100
2025-08-02T23:00,16.5,16.3,0.0,0.0,6.87,7.89,100,100
2025-08-03T00:00,15.9,15.8,0.0,0.0,7.68,9.36,100,100
2025-08-03T01:00,15.7,15.6,0.0,0.0,9.11,8.49,100,100
2025-08-03T02:00,15.6,15.3,0.0,0.0,9.05,8.88,100,100
2025-08-03T03:00,15.9,14.5,0.0,0.0,7.95,9.85,100,100
2025-08-03T04:00,15.4,14.9,0.0,0.0,7.39,10.63,100,100
2025-08-03T05:00,15.0,14.5,6.0,12.0,7.94,9.38,100,100
2025-08-03T06:00,14.3,14.9,24.0,28.0,9.1,8.64,100,100
2025-08-03T07:00,14.3,15.0,37.0,43.0,10.54,9.44,100,100
2025-08-03T08:00,14.6,15.0,51.0,42.0,10.18,9.73,100,100
2025-08-03T09:00,14.6,15.3,43.0,90.0,8.97,8.74,100,100
2025-08-03T10:00,14.9,15.8,44.0,129.0,9.48,8.63,100,100
2025-08-03T11:00,15.2,16.5,59.0,166.0,9.08,8.29,100,100
2025-08-03T12:00,15.6,15.9,86.0,95.0,7.96,7.62,100,100
2025-08-03T13:00,16.3,17.9,142.0,289.0,7.31,5.83,100,94
2025-08-03T14:00,16.9,18.0,135.0,300.0,7.19,9.72,98,76
2025-08-03T15:00,17.1,19.2,116.0,485.0,5.78,7.35,100,47
2025-08-03T16:00,18.2,19.0,236.0,359.0,5.15,6.54,62,61
2025-08-03T17:00,18.6,19.0,256.0,240.0,5.83,4.09,100,100
2025-08-03T18:00,17.8,18.9,108.0,116.0,5.53,4.88,100,100
2025-08-03T19:00,17.1,18.0,30.0,28.0,5.3,4.6,100,100
2025-08-03T20:00,16.7,17.5,0.0,0.0,5.35,4.06,100,100
2025-08-03T21:00,16.0,17.0,0.0,0.0,6.24,8.67,100,100
2025-08-03T22:00,15.8,16.1,0.0,0.0,7.04,9.29,100,100
2025-08-03T23:00,15.4,16.0,0.0,0.0,8.78,9.92,100,100
2025-08-04T00:00,15.1,15.8,0.0,0.0,8.05,10.39,100,98
2025-08-04T01:00,15.6,16.2,0.0,0.0,10.14,10.75,98,92
2025-08-04T02:00,16.1,17.0,0.0,0.0,8.8,10.86,87,88
2025-08-04T03:00,16.1,17.0,0.0,0.0,8.54,10.88,94,89
2025-08-04T04:00,16.4,17.2,1.0,1.0,8.79,10.61,90,82
2025-08-04T05:00,16.7,17.1,33.0,39.0,7.27,9.29,80,82
2025-08-04T06:00,17.8,17.3,140.0,162.0,8.06,9.42,100,56
2025-08-04T07:00,18.6,18.1,265.0,284.0,7.15,9.67,60,45
2025-08-04T08:00,19.3,18.6,346.0,423.0,8.69,9.18,89,48
2025-08-04T09:00,20.1,19.3,518.0,570.0,8.34,7.97,91,34
2025-08-04T10:00,20.0,20.2,469.0,695.0,8.93,7.35,100,42
2025-08-04T11:00,20.3,20.6,535.0,665.0,7.44,7.35,100,89
2025-08-04T12:00,20.2,21.3,423.0,615.0,7.68,8.58,100,100
2025-08-04T13:00,20.4,21.3,308.0,566.0,7.23,7.81,100,100
2025-08-04T14:00,20.7,21.2,332.0,475.0,7.29,8.16,100,78
2025-08-04T15:00,19.7,21.4,196.0,419.0,9.15,8.51,100,100
2025-08-04T16:00,18.5,20.6,57.0,203.0,10.31,8.67,100,100
2025-08-04T17:00,17.7,20.2,76.0,128.0,9.28,8.49,100,100
2025-08-04T18:00,17.9,16.8,33.0,20.0,8.68,11.61,99,100
2025-08-04T19:00,17.4,16.4,11.0,9.0,10.79,11.44,100,100
2025-08-04T20:00,17.4,16.8,0.0,0.0,10.84,12.37,100,100
2025-08-04T21:00,17.7,17.5,0.0,0.0,13.5,12.63,100,95
2025-08-04T22:00,18.3,18.3,0.0,0.0,12.17,13.96,98,92
2025-08-04T23:00,18.5,18.4,0.0,0.0,12.68,14.45,100,97
2025-08-05T00:00,17.5,16.7,0.0,0.0,9.6,12.42,63,55
2025-08-05T01:00,15.9,16.0,0.0,0.0,8.83,12.07,50,63
2025-08-05T02:00,14.8,15.3,0.0,0.0,10.46,13.24,5,89
2025-08-05T03:00,14.9,15.1,0.0,0.0,9.98,14.1,71,96
2025-08-05T04:00,14.5,14.6,1.0,1.0,9.52,12.94,90,100
2025-08-05T05:00,14.6,14.3,50.0,54.0,10.25,12.58,71,10
2025-08-05T06:00,15.4,15.1,172.0,168.0,9.08,12.11,2,23
2025-08-05T07:00,16.5,16.1,325.0,324.0,9.87,8.37,0,37
2025-08-05T08:00,17.7,17.0,486.0,393.0,10.63,10.66,14,81
2025-08-05T09:00,18.4,17.7,555.0,479.0,11.62,12.3,33,71
2025-08-05T10:00,19.0,18.0,563.0,557.0,10.61,12.51,57,71
2025-08-05T11:00,16.1,17.5,388.0,577.0,11.43,12.15,100,73
2025-08-05T12:00,18.4,17.5,512.0,562.0,12.68,12.64,50,65
2025-08-05T13:00,18.6,18.0,543.0,631.0,13.37,12.65,76,61
2025-08-05T14:00,18.6,17.7,539.0,584.0,15.49,14.43,55,57
2025-08-05T15:00,18.8,17.0,328.0,455.0,14.65,13.82,72,52
2025-08-05T16:00,18.4,17.0,408.0,428.0,13.47,14.14,4,53
2025-08-05T17:00,17.8,16.0,281.0,244.0,13.62,14.02,65,66
2025-08-05T18:00,14.9,15.6,165.0,125.0,16.66,12.96,100,56
2025-08-05T19:00,14.5,15.0,28.0,37.0,10.91,12.47,21,57
2025-08-05T20:00,13.9,14.6,0.0,0.0,11.09,12.15,78,61
2025-08-05T21:00,13.3,14.2,0.0,0.0,12.62,11.84,100,92
2025-08-05T22:00,13.0,14.2,0.0,0.0,10.66,11.49,100,94
2025-08-05T23:00,13.3,14.1,0.0,0.0,12.01,10.97,100,81
2025-08-06T00:00,13.1,13.9,0.0,0.0,9.38,10.42,65,61
2025-08-06T01:00,12.9,13.7,0.0,0.0,10.05,10.74,82,69
2025-08-06T02:00,12.7,13.7,0.0,0.0,11.04,11.44,100,75
2025-08-06T03:00,13.0,13.6,0.0,0.0,9.15,11.09,98,74
2025-08-06T04:00,13.1,13.8,1.0,0.0,9.51,10.86,95,80
2025-08-06T05:00,13.4,14.0,50.0,36.0,9.59,10.38,39,69
2025-08-06T06:00,14.9,14.8,166.0,113.0,6.59,9.11,82,74
2025-08-06T07:00,16.2,16.0,245.0,253.0,5.75,9.83,58,65
2025-08-06T08:00,17.2,16.7,290.0,354.0,8.37,10.71,40,83
2025-08-06T09:00,17.8,17.0,390.0,414.0,10.96,11.05,100,84
2025-08-06T10:00,17.4,17.6,406.0,455.0,10.19,10.61,100,77
2025-08-06T11:00,19.4,18.7,506.0,545.0,11.34,11.89,95,100
2025-08-06T12:00,19.9,17.9,670.0,274.0,11.68,12.74,97,100
2025-08-06T13:00,19.9,17.7,548.0,207.0,10.0,11.2,100,91
2025-08-06T14:00,19.5,18.7,538.0,367.0,11.62,10.5,95,93
2025-08-06T15:00,18.2,18.6,216.0,402.0,9.28,11.46,100,61
2025-08-06T16:00,17.4,18.6,119.0,354.0,7.78,11.03,41,72
2025-08-06T17:00,18.0,18.2,264.0,233.0,8.81,10.95,27,85
2025-08-06T18:00,17.3,17.5,156.0,155.0,7.8,9.69,70,51
2025-08-06T19:00,15.7,16.4,45.0,42.0,6.18,9.05,68,100
2025-08-06T20:00,14.3,15.4,0.0,0.0,6.01,8.34,100,100
2025-08-06T21:00,14.1,14.7,0.0,0.0,7.19,7.56,100,100
2025-08-06T22:00,13.7,14.2,0.0,0.0,6.6,6.86,100,100
2025-08-06T23:00,13.5,14.0,0.0,0.0,6.79,6.1,100,100
2025-08-07T00:00,13.3,13.5,0.0,0.0,6.75,5.79,100,100
2025-08-07T01:00,13.1,13.6,0.0,0.0,7.14,6.82,100,100
2025-08-07T02:00,12.9,13.3,0.0,0.0,6.51,6.17,95,100
2025-08-07T03:00,12.5,13.2,0.0,0.0,5.62,5.91,95,94
2025-08-07T04:00,12.2,13.0,1.0,0.0,4.65,5.96,98,88
2025-08-07T05:00,12.5,13.4,38.0,34.0,4.44,6.04,71,84
2025-08-07T06:00,14.1,14.3,151.0,161.0,5.59,5.76,72,44
2025-08-07T07:00,15.9,16.0,288.0,304.0,4.19,5.02,96,93
2025-08-07T08:00,17.1,17.6,365.0,444.0,4.17,3.71,88,95
2025-08-07T09:00,18.5,18.9,429.0,510.0,4.34,4.12,100,100
2025-08-07T10:00,20.2,20.0,531.0,571.0,5.02,4.59,100,100
2025-08-07T11:00,21.5,21.2,597.0,621.0,6.19,5.52,100,100
2025-08-07T12:00,22.4,21.6,667.0,662.0,6.09,5.68,82,100
2025-08-07T13:00,23.3,22.4,707.0,584.0,6.31,6.81,96,97
2025-08-07T14:00,23.3,22.9,588.0,551.0,7.29,6.66,98,96
2025-08-07T15:00,22.2,22.0,290.0,298.0,6.2,6.53,100,98
2025-08-07T16:00,22.1,21.9,221.0,245.0,4.61,5.43,100,100
2025-08-07T17:00,21.9,21.2,231.0,162.0,5.43,4.85,100,99
2025-08-07T18:00,20.6,20.1,95.0,66.0,5.65,6.82,100,97
2025-08-07T19:00,19.2,18.8,25.0,15.0,5.49,7.16,100,94
2025-08-07T20:00,18.0,17.7,0.0,0.0,4.3,7.13,98,91
2025-08-07T21:00,17.6,16.8,0.0,0.0,4.03,4.82,100,82
2025-08-07T22:00,17.4,16.1,0.0,0.0,7.85,6.3,91,85
2025-08-07T23:00,17.0,15.9,0.0,0.0,8.56,8.19,74,64
2025-08-08T00:00,15.2,15.4,0.0,0.0,5.52,3.69,86,76
2025-08-08T01:00,14.7,15.2,0.0,0.0,6.21,6.02,74,67
2025-08-08T02:00,14.2,14.9,0.0,0.0,6.53,6.41,76,42
2025-08-08T03:00,14.8,14.4,0.0,0.0,7.19,6.59,62,97
2025-08-08T04:00,14.2,14.4,0.0,0.0,7.63,6.58,100,100
2025-08-08T05:00,14.9,15.1,36.0,36.0,7.88,6.9,100,100
2025-08-08T06:00,16.1,16.2,133.0,121.0,7.02,8.37,52,97
2025-08-08T07:00,17.6,17.4,278.0,239.0,5.14,6.93,35,98
2025-08-08T08:00,19.1,18.6,455.0,364.0,5.65,6.24,2,97
2025-08-08T09:00,21.0,19.5,579.0,370.0,6.24,7.23,67,97
2025-08-08T10:00,21.7,21.0,474.0,476.0,7.91,7.73,82,91
2025-08-08T11:00,22.0,21.3,546.0,483.0,7.02,8.07,80,100
2025-08-08T12:00,21.6,21.5,484.0,464.0,9.46,7.69,90,94
2025-08-08T13:00,22.3,21.8,541.0,523.0,8.99,6.67,58,99
2025-08-08T14:00,22.5,21.6,652.0,433.0,7.59,6.38,81,100
2025-08-08T15:00,21.9,21.0,572.0,346.0,7.56,5.96,42,100
2025-08-08T16:00,21.0,20.5,428.0,246.0,7.28,4.12,0,100
2025-08-08T17:00,20.2,19.7,308.0,131.0,6.61,4.35,16,100
2025-08-08T18:00,19.1,18.4,158.0,101.0,6.0,4.65,27,100
2025-08-08T19:00,17.6,17.1,40.0,22.0,5.58,3.94,16,100
2025-08-08T20:00,16.1,16.3,0.0,0.0,4.52,3.26,0,100
2025-08-08T21:00,15.5,15.8,0.0,0.0,4.12,2.16,0,100
2025-08-08T22:00,14.9,15.4,0.0,0.0,3.08,1.5,10,100
2025-08-08T23:00,14.6,15.1,0.0,0.0,1.87,1.31,34,100
2025-08-09T00:00,14.1,13.8,0.0,0.0,2.1,1.28,51,96
2025-08-09T01:00,13.8,13.7,0.0,0.0,3.05,1.98,49,100
2025-08-09T02:00,13.5,13.8,0.0,0.0,3.12,2.67,14,100
2025-08-09T03:00,13.3,13.9,0.0,0.0,3.61,2.67,18,100
2025-08-09T04:00,13.0,13.9,0.0,0.0,3.05,2.79,32,100
2025-08-09T05:00,13.3,14.3,44.0,25.0,2.85,2.61,19,100
2025-08-09T06:00,14.8,15.7,163.0,141.0,2.38,3.64,0,47
2025-08-09T07:00,17.0,17.4,303.0,283.0,2.95,3.43,79,36
2025-08-09T08:00,18.9,19.1,382.0,433.0,1.8,2.57,100,47
2025-08-09T09:00,20.3,20.5,472.0,534.0,2.43,3.73,47,43
2025-08-09T10:00,21.8,21.9,583.0,667.0,3.26,4.25,92,32
2025-08-09T11:00,23.4,23.1,756.0,726.0,3.33,4.16,19,99
2025-08-09T12:00,24.0,23.3,704.0,549.0,4.69,5.05,96,96
2025-08-09T13:00,24.5,24.1,518.0,572.0,4.17,3.84,100,57
2025-08-09T14:00,25.1,24.5,516.0,521.0,4.13,3.63,100,83
2025-08-09T15:00,24.7,24.5,398.0,458.0,2.69,4.17,95,100
2025-08-09T16:00,24.8,24.0,363.0,332.0,4.69,5.53,99,95
2025-08-09T17:00,23.4,23.1,229.0,238.0,4.13,8.11,42,94
2025-08-09T18:00,22.2,22.1,130.0,121.0,9.68,4.43,84,91
2025-08-09T19:00,19.7,20.4,29.0,30.0,8.29,10.88,48,94
2025-08-09T20:00,18.0,18.7,0.0,0.0,7.97,9.77,46,75
2025-08-09T21:00,16.9,17.6,0.0,0.0,7.71,7.99,52,42
2025-08-09T22:00,16.3,16.5,0.0,0.0,7.81,7.88,0,0
2025-08-09T23:00,15.7,15.7,0.0,0.0,8.74,8.47,51,7
2025-08-10T00:00,14.8,15.2,0.0,0.0,7.67,7.65,11,25
2025-08-10T01:00,14.3,15.1,0.0,0.0,6.51,8.05,5,36
2025-08-10T02:00,13.8,14.9,0.0,0.0,5.78,9.03,0,35
2025-08-10T03:00,13.7,14.7,0.0,0.0,5.77,9.9,19,43
2025-08-10T04:00,13.4,14.6,0.0,0.0,6.28,8.26,54,45
2025-08-10T05:00,14.5,15.1,39.0,36.0,7.45,7.96,47,62
2025-08-10T06:00,16.3,16.4,151.0,135.0,6.28,7.04,27,55
2025-08-10T07:00,18.1,18.1,284.0,269.0,4.9,5.99,56,57
2025-08-10T08:00,19.6,19.2,413.0,411.0,6.97,6.76,43,36
2025-08-10T09:00,20.4,20.0,548.0,550.0,8.06,7.9,33,49
2025-08-10T10:00,20.8,20.5,525.0,616.0,8.77,8.39,51,49
2025-08-10T11:00,21.2,20.7,663.0,627.0,8.62,9.87,50,58
2025-08-10T12:00,21.4,21.0,616.0,692.0,8.62,9.13,28,43
2025-08-10T13:00,21.5,20.7,679.0,657.0,8.68,9.6,62,50
2025-08-10T14:00,21.2,20.6,666.0,625.0,8.81,9.08,13,24
2025-08-10T15:00,20.7,20.2,586.0,575.0,7.78,8.56,17,54
2025-08-10T16:00,20.0,19.4,444.0,431.0,7.18,8.04,27,100
2025-08-10T17:00,19.1,18.6,299.0,271.0,6.58,7.31,100,69
2025-08-10T18:00,18.1,17.6,155.0,151.0,6.14,6.17,31,10
2025-08-10T19:00,16.5,16.3,34.0,34.0,5.96,6.14,88,12
2025-08-10T20:00,14.9,15.0,0.0,0.0,5.45,5.48,70,67
2025-08-10T21:00,14.3,14.2,0.0,0.0,3.82,4.49,78,10
2025-08-10T22:00,13.4,13.6,0.0,0.0,2.86,3.33,46,22
2025-08-10T23:00,12.9,13.0,0.0,0.0,1.98,2.37,12,19
2025-08-11T00:00,12.9,12.8,0.0,0.0,0.98,2.32,22,100
2025-08-11T01:00,11.8,12.4,0.0,0.0,0.79,1.36,33,25
2025-08-11T02:00,11.6,11.2,0.0,0.0,1.18,0.69,10,70
2025-08-11T03:00,11.3,10.3,0.0,0.0,2.12,1.06,16,63
2025-08-11T04:00,11.0,10.1,0.0,0.0,2.43,1.36,11,64
2025-08-11T05:00,10.2,10.6,36.0,37.0,2.34,2.02,100,57
2025-08-11T06:00,11.3,12.9,126.0,139.0,1.82,3.07,100,94
2025-08-11T07:00,12.9,15.1,231.0,285.0,1.55,3.11,80,86
2025-08-11T08:00,16.4,17.2,393.0,439.0,1.47,1.9,2,14
2025-08-11T09:00,18.7,18.8,571.0,569.0,1.39,1.88,100,75
2025-08-11T10:00,20.4,20.2,671.0,632.0,1.67,2.2,0,33
2025-08-11T11:00,21.4,21.3,734.0,725.0,2.16,2.41,3,48
2025-08-11T12:00,21.5,21.9,735.0,734.0,2.25,3.23,96,42
2025-08-11T13:00,22.2,22.0,741.0,642.0,2.23,3.76,5,93
2025-08-11T14:00,22.5,22.3,674.0,611.0,2.06,3.9,0,98
2025-08-11T15:00,22.2,22.2,552.0,524.0,1.47,3.75,100,100
2025-08-11T16:00,22.0,21.8,422.0,370.0,1.64,3.42,22,80
2025-08-11T17:00,21.3,21.4,268.0,260.0,2.23,2.97,100,100
2025-08-11T18:00,20.4,20.3,138.0,94.0,2.77,2.43,73,100
2025-08-11T19:00,18.4,18.7,31.0,25.0,2.2,1.98,67,100
2025-08-11T20:00,16.9,17.4,0.0,0.0,1.41,1.06,66,97
2025-08-11T21:00,16.1,16.8,0.0,0.0,1.39,0.79,44,4
2025-08-11T22:00,15.1,16.2,0.0,0.0,1.14,0.98,1,16
2025-08-11T23:00,14.6,15.4,0.0,0.0,0.69,1.2,0,26
2025-08-12T00:00,13.5,14.2,0.0,0.0,0.79,0.84,100,13
2025-08-12T01:00,12.7,13.7,0.0,0.0,1.12,0.66,38,5
2025-08-12T02:00,12.2,13.2,0.0,0.0,1.4,0.31,16,16
2025-08-12T03:00,12.3,12.9,0.0,0.0,2.5,0.81,66,76
2025-08-12T04:00,12.0,13.2,0.0,0.0,2.42,0.57,80,69
2025-08-12T05:00,12.5,13.4,31.0,29.0,3.31,1.39,93,72
2025-08-12T06:00,15.0,15.4,76.0,118.0,3.1,3.18,97,99
2025-08-12T07:00,16.7,17.9,151.0,265.0,3.91,3.86,100,100
2025-08-12T08:00,18.5,19.7,273.0,298.0,3.35,2.99,87,88
2025-08-12T09:00,21.1,21.4,396.0,412.0,3.46,2.81,100,89
2025-08-12T10:00,22.7,22.9,478.0,532.0,4.0,3.59,100,98
2025-08-12T11:00,24.2,24.4,537.0,618.0,3.45,4.25,86,96
2025-08-12T12:00,25.9,24.0,737.0,557.0,4.44,3.72,29,100
2025-08-12T13:00,26.6,24.5,702.0,528.0,5.0,4.12,95,97
2025-08-12T14:00,26.6,24.5,458.0,415.0,5.59,4.21,99,100
2025-08-12T15:00,26.4,24.9,444.0,367.0,5.75,5.07,99,87
2025-08-12T16:00,26.2,24.3,324.0,236.0,5.25,5.81,100,95
2025-08-12T17:00,24.9,23.6,167.0,155.0,6.08,6.99,96,76
2025-08-12T18:00,22.8,22.3,107.0,81.0,7.94,9.05,55,82
2025-08-12T19:00,20.9,20.7,28.0,19.0,8.85,10.2,61,84
2025-08-12T20:00,19.4,19.5,0.0,0.0,9.63,11.19,36,100
2025-08-12T21:00,18.2,18.9,0.0,0.0,9.61,12.07,56,100
2025-08-12T22:00,17.8,18.6,0.0,0.0,9.41,12.1,100,95
2025-08-12T23:00,17.6,18.3,0.0,0.0,9.21,10.97,71,52
2025-08-13T00:00,16.8,17.9,0.0,0.0,8.81,10.57,36,38
2025-08-13T01:00,16.5,17.6,0.0,0.0,8.82,10.67,93,69
2025-08-13T02:00,16.5,17.5,0.0,0.0,8.72,10.41,67,74
2025-08-13T03:00,16.4,17.5,0.0,0.0,8.5,10.25,62,83
2025-08-13T04:00,16.0,17.3,0.0,0.0,8.21,9.63,61,68
2025-08-13T05:00,15.9,17.5,31.0,21.0,8.09,9.95,73,74
2025-08-13T06:00,17.7,18.6,142.0,140.0,8.75,8.47,30,41
2025-08-13T07:00,19.8,20.3,287.0,282.0,6.61,7.14,0,13
2025-08-13T08:00,21.8,22.1,439.0,429.0,5.13,4.44,0,8
2025-08-13T09:00,23.7,23.9,559.0,567.0,5.29,4.34,0,0
2025-08-13T10:00,25.6,25.7,671.0,671.0,5.1,4.71,0,0
2025-08-13T11:00,27.2,27.3,734.0,735.0,5.11,4.56,0,0
2025-08-13T12:00,28.9,28.5,759.0,753.0,4.95,4.92,0,0
2025-08-13T13:00,29.9,29.4,735.0,729.0,4.69,4.71,0,3
2025-08-13T14:00,30.5,30.0,669.0,661.0,4.37,4.13,0,0
2025-08-13T15:00,30.4,30.2,564.0,558.0,4.42,3.82,0,0
2025-08-13T16:00,29.8,30.0,423.0,426.0,5.2,3.76,68,0
2025-08-13T17:00,28.1,29.1,281.0,280.0,6.77,4.7,0,0
2025-08-13T18:00,26.5,27.0,129.0,120.0,6.98,7.44,0,8
2025-08-13T19:00,23.6,24.4,27.0,26.0,8.07,8.72,0,2
2025-08-13T20:00,21.5,22.5,0.0,0.0,8.54,9.44,1,1
2025-08-13T21:00,20.2,21.4,0.0,0.0,8.86,10.54,0,0
2025-08-13T22:00,19.6,20.8,0.0,0.0,9.18,10.52,1,0
2025-08-13T23:00,19.2,20.3,0.0,0.0,8.68,10.37,0,0
2025-08-14T00:00,18.5,19.8,0.0,0.0,7.15,8.46,9,70
2025-08-14T01:00,18.2,19.5,0.0,0.0,7.18,7.94,5,70
2025-08-14T02:00,18.0,19.4,0.0,0.0,5.98,7.45,67,79
2025-08-14T03:00,18.2,19.3,0.0,0.0,5.46,6.89,100,94
2025-08-14T04:00,17.9,19.1,0.0,0.0,4.08,5.86,100,72
2025-08-14T05:00,18.2,19.3,24.0,18.0,3.46,4.04,100,99
2025-08-14T06:00,19.5,20.0,114.0,94.0,2.55,5.66,100,94
2025-08-14T07:00,21.5,21.6,236.0,216.0,3.16,3.54,14,92
2025-08-14T08:00,23.7,22.5,408.0,247.0,2.3,3.06,29,100
2025-08-14T09:00,24.1,24.0,332.0,444.0,3.17,2.88,94,66
2025-08-14T10:00,25.1,24.4,466.0,407.0,3.83,2.55,96,100
2025-08-14T11:00,25.8,25.2,452.0,339.0,5.0,2.46,92,94
2025-08-14T12:00,28.2,27.7,675.0,641.0,1.1,1.49,75,100
2025-08-14T13:00,28.7,28.6,599.0,633.0,1.77,1.25,100,49
2025-08-14T14:00,28.9,29.0,551.0,575.0,3.05,1.98,84,100
2025-08-14T15:00,28.2,28.9,446.0,444.0,2.59,2.78,74,69
2025-08-14T16:00,27.6,28.7,344.0,381.0,3.55,3.07,92,43
2025-08-14T17:00,26.5,28.0,200.0,235.0,4.25,3.26,94,45
2025-08-14T18:00,23.7,26.5,61.0,128.0,5.06,5.04,98,0
2025-08-14T19:00,22.3,24.4,14.0,23.0,6.14,5.33,97,0
2025-08-14T20:00,21.0,22.9,0.0,0.0,6.26,5.36,81,24
2025-08-14T21:00,20.5,21.8,0.0,0.0,5.43,5.0,100,32
2025-08-14T22:00,19.7,21.1,0.0,0.0,4.06,5.49,60,37
2025-08-14T23:00,19.3,20.5,0.0,0.0,2.47,4.39,100,49
2025-08-15T00:00,19.0,19.5,0.0,0.0,0.78,6.54,89,18
2025-08-15T01:00,18.2,19.1,0.0,0.0,1.28,6.06,78,20
2025-08-15T02:00,18.0,18.7,0.0,0.0,1.38,4.87,0,69
2025-08-15T03:00,17.9,18.2,0.0,0.0,5.13,4.03,0,38
2025-08-15T04:00,17.8,17.6,0.0,0.0,6.05,2.67,100,39
2025-08-15T05:00,18.8,18.5,24.0,26.0,7.37,4.62,100,57
2025-08-15T06:00,19.9,20.0,119.0,100.0,5.88,8.07,0,57
2025-08-15T07:00,20.7,21.2,282.0,231.0,5.9,5.29,2,67
2025-08-15T08:00,22.1,21.9,433.0,295.0,5.52,2.5,0,71
2025-08-15T09:00,23.5,22.8,564.0,394.0,6.05,4.44,0,57
2025-08-15T10:00,24.2,24.3,668.0,610.0,6.54,5.2,0,44
2025-08-15T11:00,24.9,24.8,733.0,681.0,7.91,6.04,0,33
2025-08-15T12:00,24.5,25.2,750.0,749.0,7.65,8.48,0,0
2025-08-15T13:00,24.2,24.8,724.0,720.0,8.11,8.72,0,8
2025-08-15T14:00,23.8,24.4,652.0,650.0,8.25,9.3,26,19
2025-08-15T15:00,22.2,23.1,510.0,525.0,9.12,9.33,67,41
2025-08-15T16:00,21.5,21.7,329.0,377.0,9.56,8.33,100,45
2025-08-15T17:00,20.6,20.3,188.0,241.0,8.4,7.76,100,48
2025-08-15T18:00,20.0,19.6,107.0,102.0,8.89,7.98,100,66
2025-08-15T19:00,19.1,18.8,15.0,17.0,8.74,7.86,61,73
2025-08-15T20:00,18.2,18.5,0.0,0.0,8.07,8.07,81,65
2025-08-15T21:00,17.8,18.3,0.0,0.0,7.55,7.91,52,73
2025-08-15T22:00,17.3,17.9,0.0,0.0,7.23,7.76,66,65
2025-08-15T23:00,17.0,17.5,0.0,0.0,7.21,7.49,68,57
2025-08-16T00:00,16.7,17.2,0.0,0.0,8.81,8.73,66,72
2025-08-16T01:00,16.3,16.9,0.0,0.0,8.56,7.84,35,53
2025-08-16T02:00,15.5,16.3,0.0,0.0,8.37,7.64,63,59
2025-08-16T03:00,15.7,16.2,0.0,0.0,7.28,7.72,44,78
2025-08-16T04:00,15.2,16.2,0.0,0.0,6.48,7.5,56,76
2025-08-16T05:00,15.1,16.1,23.0,20.0,6.39,7.72,91,34
2025-08-16T06:00,15.9,16.0,102.0,98.0,4.89,6.93,88,89
2025-08-16T07:00,16.6,16.9,217.0,218.0,4.37,6.7,100,80
2025-08-16T08:00,17.3,17.8,344.0,378.0,5.57,7.79,79,63
2025-08-16T09:00,18.4,18.4,510.0,489.0,7.42,7.49,56,51
2025-08-16T10:00,19.1,19.0,627.0,595.0,7.91,7.98,59,49
2025-08-16T11:00,19.4,19.5,634.0,647.0,7.93,8.43,66,55
2025-08-16T12:00,19.9,20.0,670.0,673.0,8.6,8.07,69,47
2025-08-16T13:00,19.9,19.8,651.0,641.0,9.07,8.75,67,53
2025-08-16T14:00,19.6,19.4,598.0,571.0,9.76,9.05,75,59
2025-08-16T15:00,19.2,19.0,477.0,460.0,9.85,8.69,61,65
2025-08-16T16:00,18.5,18.6,342.0,347.0,9.49,8.32,71,68
2025-08-16T17:00,17.7,18.1,207.0,224.0,10.15,7.97,71,55
2025-08-16T18:00,16.9,16.9,106.0,98.0,9.13,8.12,39,59
2025-08-16T19:00,15.4,15.9,20.0,18.0,9.2,7.9,24,56
2025-08-16T20:00,14.4,15.0,0.0,0.0,9.07,8.59,13,35
2025-08-16T21:00,13.8,14.5,0.0,0.0,8.59,8.9,5,29
2025-08-16T22:00,13.1,14.0,0.0,0.0,8.27,8.43,4,23
2025-08-16T23:00,12.6,13.6,0.0,0.0,8.02,8.37,0,19
2025-08-17T00:00,12.4,13.1,0.0,0.0,6.67,8.03,42,20
2025-08-17T01:00,12.3,12.7,0.0,0.0,5.66,7.94,49,17
2025-08-17T02:00,12.6,12.4,0.0,0.0,5.41,7.84,75,20
2025-08-17T03:00,12.4,12.2,0.0,0.0,5.01,7.28,76,28
2025-08-17T04:00,13.1,11.9,0.0,0.0,4.1,6.23,95,29
2025-08-17T05:00,13.6,12.1,10.0,26.0,2.86,5.45,100,24
2025-08-17T06:00,14.5,13.5,48.0,126.0,2.81,5.57,96,100
2025-08-17T07:00,15.8,15.2,208.0,262.0,2.06,4.11,79,100
2025-08-17T08:00,17.1,16.7,361.0,405.0,2.47,2.91,80,94
2025-08-17T09:00,17.8,17.9,523.0,532.0,2.05,2.86,50,100
2025-08-17T10:00,19.3,18.9,667.0,590.0,2.19,2.45,4,100
2025-08-17T11:00,20.5,19.8,732.0,618.0,2.91,1.77,17,100
2025-08-17T12:00,21.2,20.4,697.0,649.0,3.67,2.3,48,47
2025-08-17T13:00,22.0,21.4,657.0,695.0,3.75,2.08,90,55
2025-08-17T14:00,22.8,22.1,636.0,588.0,4.37,2.98,55,50
2025-08-17T15:00,22.7,22.2,523.0,504.0,6.17,3.81,9,39
2025-08-17T16:00,22.3,21.9,415.0,376.0,5.65,4.47,0,19
2025-08-17T17:00,21.4,21.3,272.0,259.0,6.93,5.01,0,1
2025-08-17T18:00,19.6,19.8,125.0,122.0,7.0,5.54,0,0
2025-08-17T19:00,17.4,17.8,19.0,18.0,4.98,6.35,0,0
2025-08-17T20:00,15.8,16.3,0.0,0.0,4.91,5.6,0,0
2025-08-17T21:00,15.0,15.4,0.0,0.0,4.78,4.84,0,0
2025-08-17T22:00,14.4,14.8,0.0,0.0,4.29,3.82,0,34
2025-08-17T23:00,14.1,14.3,0.0,0.0,4.87,3.22,5,34
2025-08-18T00:00,13.3,14.4,0.0,0.0,4.61,2.29,0,43
2025-08-18T01:00,13.0,14.3,0.0,0.0,5.87,3.4,0,30
2025-08-18T02:00,12.7,14.0,0.0,0.0,5.66,4.11,0,0
2025-08-18T03:00,12.3,13.5,0.0,0.0,5.43,4.7,2,0
2025-08-18T04:00,12.1,13.0,0.0,0.0,5.23,4.85,0,0
2025-08-18T05:00,12.4,13.1,24.0,25.0,5.09,4.71,0,0
2025-08-18T06:00,14.2,14.6,134.0,133.0,4.35,2.55,0,0
2025-08-18T07:00,16.5,16.9,280.0,278.0,3.07,2.91,0,0
2025-08-18T08:00,18.6,19.1,430.0,426.0,2.1,2.36,0,0
2025-08-18T09:00,20.0,20.6,556.0,558.0,2.02,1.94,43,0
2025-08-18T10:00,21.1,21.7,619.0,660.0,2.16,1.88,56,5
2025-08-18T11:00,21.9,22.5,616.0,709.0,2.92,2.12,74,47
2025-08-18T12:00,22.9,23.0,700.0,687.0,2.15,2.15,46,50
2025-08-18T13:00,23.2,23.4,657.0,646.0,2.43,2.22,47,48
2025-08-18T14:00,23.5,23.7,635.0,599.0,2.35,2.51,46,45
2025-08-18T15:00,23.5,23.7,490.0,496.0,2.2,2.65,0,44
2025-08-18T16:00,23.2,23.5,360.0,363.0,2.33,2.78,39,46
2025-08-18T17:00,22.9,23.0,245.0,236.0,2.08,2.51,0,44
2025-08-18T18:00,21.6,21.8,119.0,112.0,1.94,2.78,4,21
2025-08-18T19:00,19.6,19.9,17.0,17.0,2.3,3.54,0,11
2025-08-18T20:00,17.2,18.5,0.0,0.0,2.65,5.31,0,3
2025-08-18T21:00,15.1,17.5,0.0,0.0,3.35,5.33,0,7
2025-08-18T22:00,14.3,16.7,0.0,0.0,3.16,4.52,0,17
2025-08-18T23:00,13.7,16.0,0.0,0.0,2.56,3.37,0,9
2025-08-19T00:00,13.3,14.9,0.0,0.0,0.98,3.07,0,2
2025-08-19T01:00,12.4,14.3,0.0,0.0,0.88,2.67,0,0
2025-08-19T02:00,11.9,13.7,0.0,0.0,0.49,2.07,0,0
2025-08-19T03:00,10.8,13.1,0.0,0.0,0.35,1.4,0,0
2025-08-19T04:00,10.4,12.6,0.0,0.0,0.29,0.98,0,0
2025-08-19T05:00,10.5,12.6,23.0,23.0,0.62,0.98,0,0
2025-08-19T06:00,12.4,14.0,81.0,129.0,2.01,0.6,100,0
2025-08-19T07:00,15.0,16.6,212.0,273.0,2.86,0.55,45,0
2025-08-19T08:00,18.1,18.7,419.0,420.0,2.08,0.88,0,0
2025-08-19T09:00,18.8,20.4,527.0,552.0,3.46,1.31,54,0
2025-08-19T10:00,20.3,21.6,592.0,654.0,4.17,2.24,64,0
2025-08-19T11:00,21.0,22.4,658.0,701.0,5.11,3.07,47,22
2025-08-19T12:00,21.3,23.0,710.0,720.0,6.04,4.06,40,29
2025-08-19T13:00,21.2,22.6,694.0,659.0,5.89,5.08,38,34
2025-08-19T14:00,21.0,22.3,617.0,615.0,6.31,5.65,47,22
2025-08-19T15:00,20.8,21.7,527.0,536.0,6.53,5.96,18,0
2025-08-19T16:00,19.6,20.9,390.0,403.0,7.12,6.12,26,0
2025-08-19T17:00,18.3,19.6,242.0,254.0,7.31,6.64,38,4
2025-08-19T18:00,17.3,17.6,102.0,106.0,7.45,7.02,57,36
2025-08-19T19:00,16.3,16.7,13.0,13.0,7.18,7.08,75,57
2025-08-19T20:00,16.0,16.1,0.0,0.0,6.45,6.34,74,67
2025-08-19T21:00,15.2,15.8,0.0,0.0,5.54,5.82,20,62
2025-08-19T22:00,15.0,15.8,0.0,0.0,4.09,6.03,59,77
2025-08-19T23:00,14.4,15.5,0.0,0.0,4.56,4.3,70,78
2025-08-20T00:00,14.5,15.0,0.0,0.0,5.06,2.42,50,74
2025-08-20T01:00,14.2,14.8,0.0,0.0,5.18,2.15,66,93
2025-08-20T02:00,14.4,14.8,0.0,0.0,5.88,2.76,84,97
2025-08-20T03:00,13.8,14.7,0.0,0.0,4.82,3.28,99,89
2025-08-20T04:00,14.0,14.3,0.0,0.0,6.46,4.05,93,84
2025-08-20T05:00,15.0,14.2,13.0,15.0,7.88,2.61,83,75
2025-08-20T06:00,16.4,16.0,97.0,77.0,7.72,8.4,45,68
2025-08-20T07:00,17.4,17.3,236.0,195.0,8.11,7.62,68,60
2025-08-20T08:00,18.1,18.5,300.0,325.0,7.97,7.6,62,67
2025-08-20T09:00,19.1,19.2,448.0,439.0,8.17,7.56,56,51
2025-08-20T10:00,19.9,19.8,538.0,524.0,7.88,7.5,50,55
2025-08-20T11:00,20.4,20.0,605.0,532.0,7.3,7.79,59,60
2025-08-20T12:00,20.7,21.1,520.0,664.0,7.59,7.47,81,32
2025-08-20T13:00,21.5,21.5,635.0,716.0,7.78,7.21,32,19
2025-08-20T14:00,21.7,21.4,645.0,651.0,8.05,7.39,8,27
2025-08-20T15:00,21.4,21.0,555.0,543.0,7.35,7.71,0,6
2025-08-20T16:00,20.8,20.4,419.0,415.0,7.27,7.63,0,0
2025-08-20T17:00,19.8,19.6,267.0,263.0,7.29,7.28,0,0
2025-08-20T18:00,18.0,18.4,116.0,114.0,8.04,7.14,0,0
2025-08-20T19:00,15.8,16.3,14.0,13.0,8.19,7.22,0,0
2025-08-20T20:00,14.0,14.7,0.0,0.0,7.12,6.36,0,0
2025-08-20T21:00,12.9,13.7,0.0,0.0,6.84,5.83,0,0
2025-08-20T22:00,12.1,12.9,0.0,0.0,6.23,5.43,0,0
2025-08-20T23:00,11.5,12.3,0.0,0.0,5.73,5.33,0,0
2025-08-21T00:00,11.4,11.6,0.0,0.0,5.21,5.27,0,0
2025-08-21T01:00,11.1,11.3,0.0,0.0,4.37,4.64,0,0
2025-08-21T02:00,10.7,10.8,0.0,0.0,3.72,3.4,0,0
2025-08-21T03:00,10.2,10.6,0.0,0.0,3.45,2.04,0,0
2025-08-21T04:00,10.0,10.1,0.0,0.0,2.43,1.47,30,1
2025-08-21T05:00,10.0,9.8,20.0,20.0,2.2,1.55,100,1
2025-08-21T06:00,11.9,11.5,127.0,128.0,0.93,1.53,0,0
2025-08-21T07:00,15.1,14.7,271.0,275.0,1.97,1.71,71,9
2025-08-21T08:00,17.7,17.1,345.0,390.0,2.71,2.45,86,72
2025-08-21T09:00,17.4,18.1,510.0,356.0,6.97,2.75,65,80
2025-08-21T10:00,17.9,18.9,499.0,416.0,6.47,4.37,51,92
2025-08-21T11:00,18.8,19.2,676.0,478.0,7.49,6.9,0,60
2025-08-21T12:00,19.1,19.1,617.0,677.0,7.9,8.06,43,47
2025-08-21T13:00,19.6,19.2,666.0,634.0,7.91,8.31,74,45
2025-08-21T14:00,18.9,18.2,572.0,477.0,8.81,9.64,70,54
2025-08-21T15:00,17.2,18.4,260.0,455.0,8.11,9.56,92,57
2025-08-21T16:00,17.6,17.4,227.0,317.0,6.72,9.35,2,37
2025-08-21T17:00,16.9,17.3,173.0,225.0,7.83,9.21,68,59
2025-08-21T18:00,16.1,15.9,102.0,102.0,8.68,8.94,55,1
2025-08-21T19:00,14.7,14.7,11.0,12.0,8.94,8.81,0,40
2025-08-21T20:00,13.9,13.9,0.0,0.0,9.24,9.88,0,17
2025-08-21T21:00,12.7,13.2,0.0,0.0,9.43,10.34,0,32
2025-08-21T22:00,11.9,12.9,0.0,0.0,9.49,9.99,0,43
2025-08-21T23:00,11.3,12.3,0.0,0.0,9.11,8.65,0,17
2025-08-22T00:00,11.0,11.6,0.0,0.0,8.27,7.69,82,5
2025-08-22T01:00,10.4,11.3,0.0,0.0,6.87,6.44,15,56
2025-08-22T02:00,10.0,11.6,0.0,0.0,4.95,6.11,6,45
2025-08-22T03:00,9.6,11.7,0.0,0.0,4.51,7.01,47,33
2025-08-22T04:00,9.9,11.8,0.0,0.0,5.37,7.33,80,65
2025-08-22T05:00,10.8,12.1,12.0,16.0,7.65,6.65,85,56
2025-08-22T06:00,12.1,13.6,68.0,89.0,4.38,6.14,40,41
2025-08-22T07:00,14.4,14.8,201.0,174.0,3.54,4.85,86,52
2025-08-22T08:00,15.3,16.6,265.0,347.0,2.94,7.23,100,93
2025-08-22T09:00,16.5,16.4,264.0,239.0,7.9,10.56,51,92
2025-08-22T10:00,17.6,17.0,493.0,427.0,9.19,10.07,87,68
2025-08-22T11:00,15.2,16.4,242.0,398.0,9.47,10.0,100,100
2025-08-22T12:00,17.0,17.2,256.0,411.0,9.57,10.79,76,88
2025-08-22T13:00,17.2,18.2,411.0,435.0,10.47,10.74,57,54
2025-08-22T14:00,18.0,18.3,444.0,522.0,11.17,11.79,50,76
2025-08-22T15:00,17.4,17.9,295.0,398.0,9.68,10.96,96,78
2025-08-22T16:00,16.2,16.4,206.0,240.0,9.52,11.05,85,85
2025-08-22T17:00,15.9,16.6,132.0,181.0,10.03,10.41,47,80
2025-08-22T18:00,15.3,14.6,59.0,79.0,8.42,9.29,91,75
2025-08-22T19:00,14.2,13.9,5.0,8.0,7.78,9.07,89,83
2025-08-22T20:00,12.8,13.6,0.0,0.0,7.69,8.39,0,54
2025-08-22T21:00,11.8,13.0,0.0,0.0,6.8,7.78,88,42
2025-08-22T22:00,11.7,12.6,0.0,0.0,6.94,7.75,48,59
2025-08-22T23:00,11.2,12.3,0.0,0.0,7.28,8.18,56,50
2025-08-23T00:00,12.0,11.8,0.0,0.0,6.64,7.19,94,63
2025-08-23T01:00,11.7,11.7,0.0,0.0,7.85,7.1,16,74
2025-08-23T02:00,11.1,12.1,0.0,0.0,6.58,7.49,100,79
2025-08-23T03:00,11.4,12.1,0.0,0.0,6.49,7.62,94,59
2025-08-23T04:00,11.6,12.0,0.0,0.0,8.92,7.71,100,76
2025-08-23T05:00,11.5,12.0,5.0,15.0,8.1,7.36,100,71
2025-08-23T06:00,11.6,13.0,32.0,86.0,5.7,8.34,99,67
2025-08-23T07:00,12.5,13.8,83.0,207.0,5.41,8.37,93,63
2025-08-23T08:00,14.4,14.9,255.0,337.0,5.14,8.83,88,62
2025-08-23T09:00,14.8,15.5,303.0,428.0,9.29,9.0,100,67
2025-08-23T10:00,15.6,16.5,440.0,516.0,7.51,9.05,20,65
2025-08-23T11:00,17.3,17.0,578.0,571.0,8.11,9.43,52,63
2025-08-23T12:00,17.7,17.6,701.0,600.0,7.72,9.49,9,60
2025-08-23T13:00,18.0,17.8,588.0,575.0,7.55,9.18,0,66
2025-08-23T14:00,18.0,17.9,530.0,524.0,6.82,8.67,67,71
2025-08-23T15:00,17.8,17.6,419.0,381.0,6.67,8.24,99,61
2025-08-23T16:00,17.5,17.5,292.0,295.0,7.6,7.43,40,69
2025-08-23T17:00,16.7,16.9,242.0,169.0,8.66,4.66,0,51
2025-08-23T18:00,14.7,16.0,102.0,86.0,8.6,6.1,0,18
2025-08-23T19:00,12.5,14.3,9.0,8.0,8.27,6.65,0,17
2025-08-23T20:00,10.9,13.2,0.0,0.0,7.32,6.37,0,38
2025-08-23T21:00,10.5,12.5,0.0,0.0,6.14,5.4,0,45
2025-08-23T22:00,10.1,12.1,0.0,0.0,4.78,5.13,0,47
2025-08-23T23:00,9.6,11.8,0.0,0.0,3.88,4.72,0,43
2025-08-24T00:00,9.3,11.2,0.0,0.0,3.49,5.7,3,0
2025-08-24T01:00,9.3,10.8,0.0,0.0,3.07,5.27,3,24
2025-08-24T02:00,9.3,10.8,0.0,0.0,3.06,5.01,43,38
2025-08-24T03:00,9.9,10.6,0.0,0.0,4.78,4.04,58,9
2025-08-24T04:00,10.0,10.2,0.0,0.0,5.37,2.88,12,45
2025-08-24T05:00,10.5,10.6,6.0,14.0,4.64,4.77,87,47
2025-08-24T06:00,12.0,11.8,44.0,86.0,4.52,5.49,25,77
2025-08-24T07:00,14.0,14.3,218.0,189.0,3.38,6.04,100,65
2025-08-24T08:00,15.6,15.1,320.0,240.0,2.65,5.06,30,94
2025-08-24T09:00,16.9,15.6,492.0,281.0,3.45,5.05,40,81
2025-08-24T10:00,15.4,16.3,331.0,410.0,8.59,5.73,100,76
2025-08-24T11:00,16.0,17.1,247.0,472.0,6.31,7.37,94,80
2025-08-24T12:00,17.5,17.3,375.0,503.0,9.27,8.79,100,90
2025-08-24T13:00,17.8,17.5,508.0,462.0,8.25,8.99,82,80
2025-08-24T14:00,17.4,17.9,440.0,507.0,9.54,9.03,100,72
2025-08-24T15:00,17.6,17.8,395.0,433.0,7.98,9.22,59,49
2025-08-24T16:00,17.0,17.2,290.0,345.0,8.22,9.24,74,59
2025-08-24T17:00,16.4,16.4,202.0,192.0,8.43,9.03,43,46
2025-08-24T18:00,15.0,15.5,94.0,84.0,7.92,8.26,38,23
2025-08-24T19:00,13.3,14.0,8.0,7.0,6.93,7.7,24,27
2025-08-24T20:00,12.2,13.0,0.0,0.0,6.86,6.91,0,36
2025-08-24T21:00,11.8,12.7,0.0,0.0,6.94,5.9,0,71
2025-08-24T22:00,11.4,12.9,0.0,0.0,6.94,5.6,33,75
2025-08-24T23:00,11.0,12.5,0.0,0.0,5.58,5.48,0,27
2025-08-25T00:00,10.9,12.8,0.0,0.0,3.95,4.46,48,80
2025-08-25T01:00,10.5,12.9,0.0,0.0,3.17,4.8,41,87
2025-08-25T02:00,10.5,12.4,0.0,0.0,3.13,4.85,76,29
2025-08-25T03:00,11.1,11.5,0.0,0.0,3.42,5.03,90,32
2025-08-25T04:00,10.7,11.4,0.0,0.0,4.02,6.09,58,59
2025-08-25T05:00,10.7,11.7,13.0,12.0,5.98,5.88,100,54
2025-08-25T06:00,12.5,12.8,67.0,88.0,4.09,6.28,91,67
2025-08-25T07:00,14.3,14.3,152.0,196.0,4.85,6.35,93,59
2025-08-25T08:00,16.1,16.1,317.0,331.0,4.13,5.83,60,57
2025-08-25T09:00,16.9,17.4,448.0,469.0,6.28,7.08,3,20
2025-08-25T10:00,17.8,18.7,532.0,626.0,6.88,7.78,0,59
2025-08-25T11:00,18.3,19.4,538.0,639.0,7.31,8.74,68,64
2025-08-25T12:00,18.8,19.0,658.0,563.0,8.09,8.04,94,59
2025-08-25T13:00,18.9,19.5,606.0,554.0,6.33,8.42,97,58
2025-08-25T14:00,18.9,19.5,472.0,533.0,6.17,8.54,100,38
2025-08-25T15:00,18.3,19.5,471.0,474.0,6.09,8.11,100,34
2025-08-25T16:00,18.0,19.2,323.0,351.0,5.02,7.75,100,49
2025-08-25T17:00,17.1,18.3,174.0,214.0,5.85,6.71,100,42
2025-08-25T18:00,15.8,16.5,65.0,58.0,5.97,6.39,100,100
2025-08-25T19:00,14.4,15.5,5.0,5.0,5.88,5.35,100,100
2025-08-25T20:00,13.6,15.0,0.0,0.0,4.98,4.4,91,100
2025-08-25T21:00,14.0,14.8,0.0,0.0,4.95,3.33,88,99
2025-08-25T22:00,13.9,14.8,0.0,0.0,3.7,2.02,92,97
2025-08-25T23:00,13.3,14.3,0.0,0.0,2.51,0.92,93,100
2025-08-26T00:00,12.7,14.2,0.0,0.0,2.19,1.71,95,100
2025-08-26T01:00,12.9,14.3,0.0,0.0,2.7,0.96,77,97
2025-08-26T02:00,13.3,14.0,0.0,0.0,2.94,0.79,100,91
2025-08-26T03:00,13.6,13.7,0.0,0.0,1.98,0.78,90,94
2025-08-26T04:00,13.5,13.2,0.0,0.0,1.74,0.79,89,94
2025-08-26T05:00,13.6,13.3,6.0,6.0,2.21,0.96,94,96
2025-08-26T06:00,14.2,16.0,43.0,85.0,3.2,3.84,67,76
2025-08-26T07:00,15.5,17.5,180.0,200.0,2.51,3.19,76,78
2025-08-26T08:00,16.8,18.6,288.0,300.0,2.36,2.02,72,92
2025-08-26T09:00,18.5,19.6,464.0,402.0,2.81,1.47,44,100
2025-08-26T10:00,20.2,20.6,561.0,506.0,1.73,1.39,93,100
2025-08-26T11:00,21.0,21.2,542.0,474.0,2.45,1.52,65,100
2025-08-26T12:00,21.8,21.2,534.0,515.0,2.24,2.02,66,95
2025-08-26T13:00,22.5,21.9,629.0,530.0,1.79,2.11,92,42
2025-08-26T14:00,22.7,22.5,543.0,573.0,2.29,2.45,100,82
2025-08-26T15:00,22.6,22.7,454.0,472.0,2.29,2.64,100,74
2025-08-26T16:00,22.3,22.4,280.0,301.0,3.15,3.46,96,90
2025-08-26T17:00,21.4,21.5,175.0,171.0,4.66,4.04,96,100
2025-08-26T18:00,20.3,20.0,53.0,58.0,5.61,6.7,100,99
2025-08-26T19:00,18.9,18.8,3.0,3.0,6.53,7.86,100,100
2025-08-26T20:00,18.3,18.2,0.0,0.0,8.18,9.15,100,100
2025-08-26T21:00,17.3,17.7,0.0,0.0,9.82,11.26,88,100
2025-08-26T22:00,16.9,17.3,0.0,0.0,9.56,10.54,73,100
2025-08-26T23:00,16.5,17.0,0.0,0.0,10.12,10.79,100,100
2025-08-27T00:00,16.4,16.7,0.0,0.0,9.43,10.58,83,72
2025-08-27T01:00,16.4,16.4,0.0,0.0,9.65,10.49,92,78
2025-08-27T02:00,16.2,16.0,0.0,0.0,9.33,9.82,81,100
2025-08-27T03:00,15.7,15.6,0.0,0.0,8.52,9.39,100,67
2025-08-27T04:00,15.3,15.3,0.0,0.0,7.88,8.98,99,100
2025-08-27T05:00,15.1,15.4,7.0,8.0,7.67,8.68,100,100
2025-08-27T06:00,15.9,16.4,65.0,81.0,7.05,8.09,100,100
2025-08-27T07:00,17.3,17.4,124.0,146.0,5.62,5.77,100,100
2025-08-27T08:00,18.1,18.7,197.0,226.0,5.3,4.66,100,100
2025-08-27T09:00,18.9,19.8,263.0,315.0,4.96,3.65,100,100
2025-08-27T10:00,19.8,21.3,277.0,394.0,4.82,4.41,100,78
2025-08-27T11:00,20.8,22.9,351.0,599.0,5.21,5.06,85,59
2025-08-27T12:00,22.1,22.0,405.0,318.0,4.65,5.68,100,97
2025-08-27T13:00,23.0,22.1,461.0,289.0,4.62,5.49,100,99
2025-08-27T14:00,23.5,21.9,507.0,257.0,4.47,5.52,100,85
2025-08-27T15:00,23.9,22.2,386.0,344.0,5.81,4.7,98,82
2025-08-27T16:00,23.2,21.7,302.0,219.0,3.05,3.87,92,100
2025-08-27T17:00,22.5,20.9,185.0,99.0,2.37,3.54,95,99
2025-08-27T18:00,20.4,19.1,66.0,63.0,2.02,3.48,100,100
2025-08-27T19:00,18.3,17.8,4.0,3.0,3.97,4.08,100,98
2025-08-27T20:00,17.1,17.0,0.0,0.0,4.85,4.39,93,100
2025-08-27T21:00,17.4,16.4,0.0,0.0,5.4,4.7,100,96
2025-08-27T22:00,17.5,16.3,0.0,0.0,5.67,4.25,100,100
2025-08-27T23:00,17.2,16.0,0.0,0.0,5.24,5.79,100,100
2025-08-28T00:00,16.4,17.2,0.0,0.0,5.33,7.76,100,100
2025-08-28T01:00,16.2,16.9,0.0,0.0,4.57,7.14,100,100
2025-08-28T02:00,16.2,16.7,0.0,0.0,5.22,5.3,100,100
2025-08-28T03:00,15.8,16.4,0.0,0.0,6.32,5.64,100,100
2025-08-28T04:00,15.6,16.2,0.0,0.0,6.14,5.6,100,100
2025-08-28T05:00,15.6,16.5,7.0,6.0,6.14,6.93,100,100
2025-08-28T06:00,16.5,16.3,45.0,48.0,6.77,5.78,100,100
2025-08-28T07:00,17.6,17.4,105.0,121.0,5.71,5.29,100,100
2025-08-28T08:00,18.5,18.8,177.0,202.0,3.83,3.82,100,100
2025-08-28T09:00,19.4,19.9,262.0,301.0,3.15,3.22,100,100
2025-08-28T10:00,20.6,20.7,323.0,356.0,3.19,3.19,100,100
2025-08-28T11:00,21.5,21.5,352.0,396.0,3.82,2.92,100,100
2025-08-28T12:00,22.3,22.5,344.0,394.0,2.47,2.86,100,100
2025-08-28T13:00,22.7,23.2,365.0,358.0,2.57,3.07,100,100
2025-08-28T14:00,22.7,23.8,327.0,303.0,2.81,3.33,100,100
2025-08-28T15:00,23.8,23.8,293.0,225.0,2.78,3.91,100,100
2025-08-28T16:00,23.6,23.1,228.0,153.0,1.53,3.45,100,100
2025-08-28T17:00,23.0,22.1,125.0,98.0,1.93,3.19,100,100
2025-08-28T18:00,21.9,21.3,36.0,32.0,5.82,3.29,100,100
2025-08-28T19:00,20.0,20.3,1.0,2.0,5.31,3.91,100,100
2025-08-28T20:00,18.6,19.2,0.0,0.0,7.16,4.19,100,100
2025-08-28T21:00,16.6,18.8,0.0,0.0,4.51,2.8,100,100
2025-08-28T22:00,16.7,18.1,0.0,0.0,2.49,4.5,100,89
2025-08-28T23:00,16.5,17.9,0.0,0.0,4.98,7.85,100,93
2025-08-29T00:00,15.6,17.4,0.0,0.0,6.47,5.3,100,100
2025-08-29T01:00,15.3,17.3,0.0,0.0,5.77,6.58,100,100
2025-08-29T02:00,15.1,17.3,0.0,0.0,6.57,5.96,100,100
2025-08-29T03:00,14.5,16.8,0.0,0.0,5.19,5.83,68,97
2025-08-29T04:00,14.2,16.1,0.0,0.0,4.61,6.66,74,100
2025-08-29T05:00,14.5,15.2,6.0,9.0,3.97,6.2,89,42
2025-08-29T06:00,14.7,15.0,70.0,74.0,6.04,5.65,18,100
2025-08-29T07:00,16.1,16.1,234.0,201.0,4.96,5.06,82,99
2025-08-29T08:00,17.4,17.9,378.0,370.0,3.14,4.19,37,21
2025-08-29T09:00,18.5,19.9,390.0,519.0,4.56,4.64,100,3
2025-08-29T10:00,19.3,21.6,424.0,617.0,5.27,6.29,100,49
2025-08-29T11:00,20.5,22.7,506.0,637.0,5.66,6.4,100,22
2025-08-29T12:00,21.0,23.1,521.0,573.0,6.07,7.53,100,64
2025-08-29T13:00,21.4,23.4,548.0,547.0,6.92,7.44,64,45
2025-08-29T14:00,21.6,23.9,517.0,553.0,6.93,7.04,43,80
2025-08-29T15:00,20.9,23.9,402.0,416.0,6.55,7.06,97,36
2025-08-29T16:00,20.9,23.8,241.0,326.0,6.32,6.94,31,47
2025-08-29T17:00,20.1,22.9,203.0,164.0,7.09,5.96,75,78
2025-08-29T18:00,19.5,20.8,61.0,55.0,9.19,6.68,100,68
2025-08-29T19:00,18.3,19.3,1.0,2.0,8.8,8.82,100,89
2025-08-29T20:00,17.6,18.9,0.0,0.0,8.6,11.4,100,63
2025-08-29T21:00,17.4,18.4,0.0,0.0,9.28,11.34,100,77
2025-08-29T22:00,17.2,17.8,0.0,0.0,9.35,11.03,89,96
2025-08-29T23:00,16.7,17.5,0.0,0.0,9.77,8.83,80,87
2025-08-30T00:00,15.3,16.5,0.0,0.0,7.99,5.08,92,90
2025-08-30T01:00,15.3,16.1,0.0,0.0,7.17,3.18,94,82
2025-08-30T02:00,15.4,15.6,0.0,0.0,7.64,3.42,100,97
2025-08-30T03:00,15.7,15.7,0.0,0.0,7.32,7.76,94,99
2025-08-30T04:00,15.5,15.9,0.0,0.0,8.26,9.88,100,100
2025-08-30T05:00,15.2,15.6,5.0,7.0,8.37,9.56,71,87
2025-08-30T06:00,15.6,15.8,43.0,74.0,6.65,9.62,98,61
2025-08-30T07:00,16.6,16.6,163.0,194.0,6.39,7.42,64,62
2025-08-30T08:00,17.4,17.5,242.0,261.0,6.82,8.25,81,81
2025-08-30T09:00,18.4,18.7,366.0,333.0,7.02,6.93,69,70
2025-08-30T10:00,19.2,19.9,399.0,448.0,6.81,7.27,75,66
2025-08-30T11:00,20.3,21.0,504.0,534.0,7.0,6.88,62,81
2025-08-30T12:00,21.3,20.9,527.0,448.0,7.63,7.12,98,81
2025-08-30T13:00,21.7,21.9,357.0,545.0,7.16,6.62,93,52
2025-08-30T14:00,21.6,22.4,349.0,501.0,5.92,6.62,98,45
2025-08-30T15:00,20.8,22.2,367.0,378.0,4.23,6.45,51,55
2025-08-30T16:00,20.9,21.7,278.0,289.0,2.92,4.9,57,41
2025-08-30T17:00,19.4,20.7,131.0,180.0,6.96,2.32,99,51
2025-08-30T18:00,17.9,19.0,32.0,62.0,4.44,1.06,93,30
2025-08-30T19:00,17.0,17.0,1.0,2.0,4.3,1.47,60,45
2025-08-30T20:00,16.0,16.0,0.0,0.0,4.04,3.97,43,55
2025-08-30T21:00,15.5,15.6,0.0,0.0,4.31,5.59,56,47
2025-08-30T22:00,15.4,15.2,0.0,0.0,5.59,6.47,100,21
2025-08-30T23:00,15.4,15.3,0.0,0.0,6.7,8.92,55,82
2025-08-31T00:00,15.2,14.8,0.0,0.0,6.83,8.47,80,69
2025-08-31T01:00,14.7,14.8,0.0,0.0,7.65,9.26,51,53
2025-08-31T02:00,14.5,14.9,0.0,0.0,8.37,10.31,67,92
2025-08-31T03:00,13.8,15.0,0.0,0.0,7.91,9.94,86,78
2025-08-31T04:00,13.9,15.3,0.0,0.0,8.33,10.04,100,95
2025-08-31T05:00,14.2,15.4,4.0,3.0,8.73,10.11,96,96
2025-08-31T06:00,15.2,15.5,49.0,45.0,8.93,9.86,98,89
2025-08-31T07:00,16.5,16.6,123.0,107.0,8.48,9.56,87,97
2025-08-31T08:00,17.3,17.8,138.0,174.0,6.94,8.75,97,82
2025-08-31T09:00,18.6,18.5,208.0,200.0,7.08,7.17,94,96
2025-08-31T10:00,18.9,19.2,167.0,232.0,7.35,7.66,99,98
2025-08-31T11:00,18.8,19.2,145.0,179.0,7.45,7.64,100,98
2025-08-31T12:00,18.4,19.2,144.0,139.0,7.06,8.17,100,99
2025-08-31T13:00,18.3,18.5,101.0,101.0,6.67,6.86,100,95
2025-08-31T14:00,18.8,18.5,141.0,101.0,6.5,7.19,100,97
2025-08-31T15:00,20.2,18.5,208.0,77.0,5.52,6.15,99,92
2025-08-31T16:00,20.4,19.0,155.0,153.0,5.45,4.48,94,84
2025-08-31T17:00,20.1,19.1,83.0,154.0,5.61,4.74,97,89
2025-08-31T18:00,18.9,17.3,21.0,18.0,5.61,5.78,99,100
2025-08-31T19:00,18.3,17.0,0.0,0.0,5.52,5.2,100,99
2025-08-31T20:00,18.1,16.8,0.0,0.0,7.02,5.39,100,100
2025-08-31T21:00,17.7,16.6,0.0,0.0,5.4,5.56,100,100
2025-08-31T22:00,17.5,16.5,0.0,0.0,4.82,6.09,100,100
2025-08-31T23:00,17.3,16.3,0.0,0.0,5.65,5.24,92,100
2025-09-01T00:00,16.6,17.1,0.0,0.0,6.72,5.03,100,100
2025-09-01T01:00,16.5,17.0,0.0,0.0,6.93,4.8,83,100
2025-09-01T02:00,16.5,16.8,0.0,0.0,7.66,5.35,100,100
2025-09-01T03:00,16.7,16.7,0.0,0.0,7.45,5.72,100,100
2025-09-01T04:00,16.7,16.7,0.0,0.0,8.71,6.17,99,100
2025-09-01T05:00,16.4,16.6,2.0,2.0,8.42,6.15,98,99
2025-09-01T06:00,16.1,16.8,37.0,9.0,8.9,5.76,99,100
2025-09-01T07:00,16.4,16.9,65.0,18.0,7.94,5.13,100,100
2025-09-01T08:00,17.0,17.2,76.0,43.0,7.35,5.0,100,100
2025-09-01T09:00,18.5,17.8,154.0,80.0,6.07,3.59,100,100
2025-09-01T10:00,19.2,18.4,138.0,123.0,5.09,4.21,100,100
2025-09-01T11:00,18.4,18.8,129.0,137.0,4.92,3.1,100,100
2025-09-01T12:00,17.9,18.4,90.0,136.0,4.15,4.56,100,100
2025-09-01T13:00,18.1,19.1,104.0,223.0,4.19,4.57,100,100
2025-09-01T14:00,18.6,19.3,105.0,183.0,3.77,5.23,100,100
2025-09-01T15:00,18.2,19.3,113.0,164.0,5.17,3.75,100,100
2025-09-01T16:00,18.2,19.3,100.0,155.0,3.46,3.26,100,100
2025-09-01T17:00,18.1,19.0,72.0,113.0,3.21,3.34,100,100
2025-09-01T18:00,17.2,18.8,29.0,36.0,4.45,5.41,100,100
2025-09-01T19:00,16.5,17.6,1.0,1.0,3.86,6.0,100,98
2025-09-01T20:00,16.2,16.9,0.0,0.0,4.54,6.96,100,100
2025-09-01T21:00,15.5,16.5,0.0,0.0,4.21,7.07,100,100
2025-09-01T22:00,15.0,16.2,0.0,0.0,4.27,7.3,100,100
2025-09-01T23:00,14.7,16.0,0.0,0.0,4.12,7.22,100,98
2025-09-02T00:00,14.5,14.8,0.0,0.0,5.4,7.02,30,93
2025-09-02T01:00,14.3,14.6,0.0,0.0,5.85,7.13,100,95
2025-09-02T02:00,14.3,14.4,0.0,0.0,6.02,7.04,100,91
2025-09-02T03:00,14.3,14.4,0.0,0.0,5.3,6.2,100,100
2025-09-02T04:00,14.0,14.1,0.0,0.0,5.42,5.55,100,100
2025-09-02T05:00,13.8,13.8,5.0,5.0,5.57,5.25,56,100
2025-09-02T06:00,14.7,14.8,70.0,72.0,5.5,4.82,100,100
2025-09-02T07:00,16.3,16.3,164.0,186.0,5.33,4.73,100,94
2025-09-02T08:00,17.4,17.8,265.0,325.0,3.85,2.85,100,67
2025-09-02T09:00,19.4,19.2,481.0,464.0,4.09,2.77,100,100
2025-09-02T10:00,20.4,20.6,521.0,546.0,5.09,2.81,100,100
2025-09-02T11:00,21.2,21.7,526.0,610.0,5.43,3.37,70,69
2025-09-02T12:00,21.0,22.0,550.0,464.0,4.82,3.69,100,100
2025-09-02T13:00,21.4,22.5,472.0,513.0,3.87,3.22,74,96
2025-09-02T14:00,21.7,22.7,332.0,448.0,5.63,2.95,88,74
2025-09-02T15:00,20.9,22.6,224.0,366.0,4.87,2.77,71,83
2025-09-02T16:00,20.5,21.3,257.0,215.0,4.86,2.92,38,83
2025-09-02T17:00,20.0,20.2,183.0,113.0,3.27,2.31,0,99
2025-09-02T18:00,18.4,18.2,51.0,51.0,3.7,4.45,0,15
2025-09-02T19:00,16.8,16.6,0.0,0.0,4.12,4.33,0,32
2025-09-02T20:00,15.7,15.7,0.0,0.0,3.37,3.48,0,37
2025-09-02T21:00,14.7,14.9,0.0,0.0,3.59,1.93,30,37
2025-09-02T22:00,14.0,14.2,0.0,0.0,4.21,2.77,29,46
2025-09-02T23:00,13.7,14.1,0.0,0.0,4.78,4.35,50,31
2025-09-03T00:00,13.7,14.4,0.0,0.0,8.31,5.25,63,36
2025-09-03T01:00,13.7,14.0,0.0,0.0,8.96,5.78,81,82
2025-09-03T02:00,13.7,13.8,0.0,0.0,9.29,6.47,76,43
2025-09-03T03:00,14.2,13.6,0.0,0.0,9.57,7.65,69,63
2025-09-03T04:00,14.2,13.6,0.0,0.0,9.67,8.01,87,74
2025-09-03T05:00,14.5,13.7,3.0,5.0,9.93,8.59,100,28
2025-09-03T06:00,14.6,15.1,49.0,57.0,9.73,10.78,75,65
2025-09-03T07:00,16.1,16.3,162.0,180.0,7.97,8.13,50,82
2025-09-03T08:00,17.3,17.0,263.0,214.0,8.52,8.43,89,88
2025-09-03T09:00,19.0,18.1,380.0,304.0,8.75,8.23,100,95
2025-09-03T10:00,20.7,19.7,447.0,389.0,11.52,10.66,99,100
2025-09-03T11:00,21.0,21.0,363.0,420.0,11.03,10.05,98,100
2025-09-03T12:00,20.9,20.9,247.0,303.0,10.45,12.3,100,100
2025-09-03T13:00,20.4,20.9,203.0,234.0,9.83,9.71,99,99
2025-09-03T14:00,21.0,20.1,205.0,127.0,9.81,9.6,71,99
2025-09-03T15:00,20.9,20.3,171.0,119.0,11.39,10.58,97,98
2025-09-03T16:00,21.0,20.4,124.0,75.0,9.48,11.54,96,92
2025-09-03T17:00,21.2,19.9,66.0,46.0,10.54,11.09,92,100
2025-09-03T18:00,19.5,19.6,9.0,8.0,9.41,12.14,100,97
2025-09-03T19:00,19.2,18.9,0.0,0.0,10.86,12.74,100,100
2025-09-03T20:00,18.6,18.4,0.0,0.0,9.24,14.25,100,100
2025-09-03T21:00,18.5,18.3,0.0,0.0,10.9,14.0,97,100
2025-09-03T22:00,18.3,18.5,0.0,0.0,11.07,13.23,100,100
2025-09-03T23:00,18.5,18.5,0.0,0.0,13.35,12.29,47,63
2025-09-04T00:00,18.0,17.9,0.0,0.0,12.86,12.57,0,65
2025-09-04T01:00,17.8,18.1,0.0,0.0,12.18,12.81,47,34
2025-09-04T02:00,17.7,17.9,0.0,0.0,12.4,12.05,14,94
2025-09-04T03:00,17.9,17.7,0.0,0.0,11.7,11.32,60,98
2025-09-04T04:00,17.9,17.7,0.0,0.0,11.22,10.94,80,94
2025-09-04T05:00,17.7,17.4,2.0,3.0,9.43,10.68,100,87
2025-09-04T06:00,18.1,17.8,43.0,59.0,9.46,10.14,92,53
2025-09-04T07:00,18.7,18.5,175.0,178.0,9.21,8.77,14,62
2025-09-04T08:00,19.4,18.9,335.0,255.0,9.49,9.64,41,67
2025-09-04T09:00,20.5,19.5,434.0,370.0,9.62,8.63,75,59
2025-09-04T10:00,21.1,20.4,490.0,509.0,9.91,7.83,46,49
2025-09-04T11:00,22.0,21.4,520.0,605.0,9.56,7.28,77,40
2025-09-04T12:00,21.9,23.2,549.0,604.0,8.42,8.13,77,100
2025-09-04T13:00,22.2,23.5,498.0,552.0,7.42,7.14,89,80
2025-09-04T14:00,22.5,23.7,492.0,488.0,7.36,5.98,100,100
2025-09-04T15:00,22.7,23.4,349.0,251.0,5.85,6.14,99,100
2025-09-04T16:00,22.3,23.0,201.0,209.0,5.68,5.28,100,100
2025-09-04T17:00,21.2,22.0,112.0,95.0,1.88,4.21,100,100
2025-09-04T18:00,19.7,20.4,33.0,27.0,3.14,3.04,100,100
2025-09-04T19:00,18.1,19.0,0.0,0.0,4.02,3.57,100,98
2025-09-04T20:00,18.1,18.5,0.0,0.0,5.55,4.04,100,100
2025-09-04T21:00,17.6,18.1,0.0,0.0,5.01,5.61,99,100
2025-09-04T22:00,17.5,18.0,0.0,0.0,5.6,7.81,100,92
2025-09-04T23:00,17.7,17.8,0.0,0.0,5.97,8.24,100,100
2025-09-05T00:00,17.3,17.0,0.0,0.0,5.17,7.84,100,100
2025-09-05T01:00,17.0,16.4,0.0,0.0,2.97,7.99,100,100
2025-09-05T02:00,16.4,16.1,0.0,0.0,4.7,7.23,100,100
2025-09-05T03:00,16.0,15.8,0.0,0.0,5.48,6.45,100,100
2025-09-05T04:00,15.5,15.4,0.0,0.0,5.71,6.12,100,100
2025-09-05T05:00,15.5,15.4,1.0,1.0,5.3,6.37,100,100
2025-09-05T06:00,15.7,15.4,31.0,13.0,5.82,6.87,100,100
2025-09-05T07:00,16.5,15.8,124.0,46.0,5.7,7.5,100,100
2025-09-05T08:00,17.2,16.6,208.0,121.0,5.73,6.94,100,100
2025-09-05T09:00,17.9,17.2,348.0,171.0,6.1,7.78,100,100
2025-09-05T10:00,19.0,18.1,408.0,319.0,5.85,7.78,100,100
2025-09-05T11:00,19.9,19.0,499.0,375.0,6.18,7.75,82,100
2025-09-05T12:00,20.1,20.1,420.0,491.0,6.7,6.58,81,100
2025-09-05T13:00,18.0,20.3,276.0,481.0,8.12,7.42,100,89
2025-09-05T14:00,18.9,20.0,292.0,469.0,7.04,8.24,100,100
2025-09-05T15:00,17.8,19.8,220.0,399.0,7.86,8.81,100,68
2025-09-05T16:00,18.0,18.8,156.0,275.0,5.71,8.59,40,39
2025-09-05T17:00,18.0,18.0,159.0,150.0,6.2,7.81,0,51
2025-09-05T18:00,16.7,16.5,40.0,35.0,7.15,8.03,0,43
2025-09-05T19:00,15.5,15.7,0.0,0.0,6.91,7.22,0,55
2025-09-05T20:00,14.8,15.4,0.0,0.0,5.62,6.84,78,69
2025-09-05T21:00,14.0,15.2,0.0,0.0,4.04,6.45,23,67
2025-09-05T22:00,13.8,14.7,0.0,0.0,4.37,5.57,60,65
2025-09-05T23:00,13.8,14.4,0.0,0.0,4.9,4.76,68,57
2025-09-06T00:00,14.0,13.9,0.0,0.0,4.13,4.37,64,67
2025-09-06T01:00,13.4,13.8,0.0,0.0,3.53,4.8,38,65
2025-09-06T02:00,13.3,13.6,0.0,0.0,5.62,3.95,79,60
2025-09-06T03:00,13.8,13.3,0.0,0.0,4.35,2.95,95,56
2025-09-06T04:00,13.4,13.0,0.0,0.0,5.47,2.94,64,61
2025-09-06T05:00,12.9,12.9,2.0,2.0,4.43,4.25,67,72
2025-09-06T06:00,14.0,14.0,34.0,59.0,3.85,5.39,91,57
2025-09-06T07:00,15.1,15.3,149.0,169.0,3.57,4.81,5,69
2025-09-06T08:00,16.7,16.8,349.0,257.0,2.37,3.46,0,66
2025-09-06T09:00,17.7,18.1,396.0,384.0,2.17,3.14,50,65
2025-09-06T10:00,18.8,19.0,475.0,462.0,2.15,3.54,56,54
2025-09-06T11:00,19.4,19.8,554.0,489.0,2.57,3.35,69,72
2025-09-06T12:00,20.3,20.1,585.0,474.0,1.89,2.27,61,49
2025-09-06T13:00,20.7,20.5,563.0,456.0,1.4,2.16,37,62
2025-09-06T14:00,20.7,20.8,490.0,435.0,1.62,1.58,95,63
2025-09-06T15:00,21.0,20.7,461.0,402.0,0.89,1.31,0,38
2025-09-06T16:00,20.6,20.4,305.0,287.0,0.92,0.96,0,24
2025-09-06T17:00,19.1,19.7,163.0,157.0,2.54,0.96,0,16
2025-09-06T18:00,16.8,17.2,38.0,36.0,3.33,3.14,0,6
2025-09-06T19:00,15.0,15.8,0.0,0.0,4.81,3.43,13,92
2025-09-06T20:00,14.0,14.9,0.0,0.0,4.93,4.1,100,93
2025-09-06T21:00,13.2,14.3,0.0,0.0,6.85,4.68,7,100
2025-09-06T22:00,12.7,14.0,0.0,0.0,7.44,5.8,100,100
2025-09-06T23:00,12.4,13.8,0.0,0.0,7.9,6.79,100,96
2025-09-07T00:00,11.9,12.6,0.0,0.0,7.88,6.88,100,100
2025-09-07T01:00,11.6,12.5,0.0,0.0,7.94,7.23,100,100
2025-09-07T02:00,11.4,12.3,0.0,0.0,8.19,7.9,0,99
2025-09-07T03:00,11.4,12.0,0.0,0.0,8.7,8.48,90,39
2025-09-07T04:00,11.2,11.9,0.0,0.0,8.86,9.15,100,67
2025-09-07T05:00,11.1,12.0,2.0,2.0,8.49,10.12,88,87
2025-09-07T06:00,12.2,13.1,64.0,55.0,9.13,10.7,100,100
2025-09-07T07:00,14.5,15.0,186.0,149.0,8.49,9.69,100,100
2025-09-07T08:00,16.9,16.6,285.0,231.0,6.28,7.56,100,100
2025-09-07T09:00,19.3,18.6,458.0,382.0,6.19,7.51,83,74
2025-09-07T10:00,20.9,20.4,564.0,551.0,6.94,8.15,100,99
2025-09-07T11:00,21.8,21.5,631.0,588.0,6.9,8.84,25,100
2025-09-07T12:00,22.3,22.1,547.0,537.0,6.79,8.42,100,93
2025-09-07T13:00,22.8,22.7,563.0,563.0,6.91,8.07,89,100
2025-09-07T14:00,22.8,22.7,495.0,480.0,7.23,8.62,99,85
2025-09-07T15:00,22.7,22.5,401.0,390.0,7.8,8.81,86,89
2025-09-07T16:00,22.2,21.8,282.0,240.0,8.18,9.82,77,100
2025-09-07T17:00,20.6,20.8,138.0,110.0,8.37,9.73,100,100
2025-09-07T18:00,18.7,19.1,33.0,32.0,10.6,9.08,100,8
2025-09-07T19:00,17.1,17.2,0.0,0.0,10.61,10.16,100,3
2025-09-07T20:00,15.4,16.1,0.0,0.0,11.0,11.35,100,1
2025-09-07T21:00,14.4,15.5,0.0,0.0,11.13,11.9,100,18
2025-09-07T22:00,13.7,15.0,0.0,0.0,10.44,12.07,32,69
2025-09-07T23:00,13.2,14.9,0.0,0.0,11.2,11.87,50,98
2025-09-08T00:00,12.8,13.9,0.0,0.0,10.76,12.31,4,96
2025-09-08T01:00,12.4,13.7,0.0,0.0,11.6,12.19,64,100
2025-09-08T02:00,12.0,13.6,0.0,0.0,11.9,12.22,34,100
2025-09-08T03:00,11.9,13.3,0.0,0.0,11.66,11.71,100,100
2025-09-08T04:00,11.7,13.0,0.0,0.0,11.11,11.36,99,100
2025-09-08T05:00,11.6,12.7,2.0,2.0,11.14,11.91,92,100
2025-09-08T06:00,12.7,12.9,59.0,64.0,10.11,11.8,100,0
2025-09-08T07:00,14.9,15.0,178.0,195.0,9.13,9.8,100,38
2025-09-08T08:00,17.2,17.1,323.0,339.0,7.47,7.78,100,44
2025-09-08T09:00,19.0,19.2,435.0,475.0,7.8,6.93,100,14
2025-09-08T10:00,20.7,21.1,556.0,575.0,8.03,8.27,100,70
2025-09-08T11:00,22.1,22.4,600.0,624.0,7.57,7.83,100,100
2025-09-08T12:00,23.0,23.1,646.0,562.0,7.07,7.05,100,100
2025-09-08T13:00,23.3,23.4,575.0,500.0,6.45,6.59,100,100
2025-09-08T14:00,23.3,23.5,434.0,397.0,6.02,6.03,100,100
2025-09-08T15:00,23.2,23.3,312.0,305.0,5.82,5.63,100,100
2025-09-08T16:00,22.4,22.6,205.0,159.0,6.17,5.75,100,100
2025-09-08T17:00,21.0,21.6,86.0,70.0,7.0,7.04,100,100
2025-09-08T18:00,19.7,19.9,21.0,22.0,5.89,7.53,100,100
2025-09-08T19:00,18.1,18.5,0.0,0.0,2.19,9.02,100,100
2025-09-08T20:00,18.6,18.0,0.0,0.0,1.93,10.33,100,100
2025-09-08T21:00,17.3,17.6,0.0,0.0,5.28,9.29,100,100
2025-09-08T22:00,16.8,16.9,0.0,0.0,3.86,7.42,100,100
2025-09-08T23:00,16.6,16.0,0.0,0.0,3.86,6.72,100,100
2025-09-09T00:00,16.6,15.9,0.0,0.0,1.39,1.88,98,99
2025-09-09T01:00,16.2,15.5,0.0,0.0,0.63,2.18,99,90
2025-09-09T02:00,16.0,14.8,0.0,0.0,1.47,2.83,100,84
2025-09-09T03:00,14.6,14.4,0.0,0.0,3.76,3.59,98,89
2025-09-09T04:00,14.4,14.2,0.0,0.0,3.38,5.21,100,70
2025-09-09T05:00,14.1,13.5,1.0,1.0,4.19,6.57,100,53
2025-09-09T06:00,12.8,15.8,55.0,19.0,3.94,3.85,37,89
2025-09-09T07:00,15.2,16.9,187.0,118.0,3.97,4.56,35,55
2025-09-09T08:00,17.6,18.9,310.0,310.0,2.59,1.77,96,69
2025-09-09T09:00,19.8,20.7,447.0,453.0,1.8,2.7,57,30
2025-09-09T10:00,21.8,22.1,537.0,529.0,4.06,4.28,100,71
2025-09-09T11:00,22.5,22.4,438.0,440.0,5.49,6.29,100,81
2025-09-09T12:00,23.2,23.7,493.0,499.0,3.66,2.94,100,100
2025-09-09T13:00,22.8,23.5,387.0,323.0,4.8,2.73,100,100
2025-09-09T14:00,23.2,23.6,390.0,265.0,3.94,2.45,100,100
2025-09-09T15:00,22.5,22.9,259.0,164.0,2.38,2.35,100,100
2025-09-09T16:00,21.9,21.7,68.0,93.0,2.16,3.15,100,100
2025-09-09T17:00,20.9,19.2,35.0,47.0,0.96,4.73,100,100
2025-09-09T18:00,19.3,19.6,15.0,13.0,6.12,5.74,100,100
2025-09-09T19:00,18.2,18.6,0.0,0.0,6.44,5.52,100,100
2025-09-09T20:00,17.5,18.0,0.0,0.0,6.45,3.26,100,100
2025-09-09T21:00,17.0,17.8,0.0,0.0,4.02,0.35,100,100
2025-09-09T22:00,16.9,16.4,0.0,0.0,4.21,1.77,100,100
2025-09-09T23:00,16.7,16.3,0.0,0.0,5.06,2.81,100,100
2025-09-10T00:00,15.9,16.2,0.0,0.0,3.42,1.18,100,85
2025-09-10T01:00,15.6,16.1,0.0,0.0,3.69,2.4,100,93
2025-09-10T02:00,14.8,16.0,0.0,0.0,3.24,4.06,100,89
2025-09-10T03:00,14.6,15.8,0.0,0.0,4.26,6.33,97,77
2025-09-10T04:00,14.8,15.1,0.0,0.0,5.22,5.74,100,94
2025-09-10T05:00,15.1,14.9,0.0,1.0,5.93,4.05,100,86
2025-09-10T06:00,14.6,14.7,16.0,19.0,4.46,3.43,100,99
2025-09-10T07:00,14.7,15.7,77.0,53.0,3.65,2.77,100,98
2025-09-10T08:00,15.2,16.6,163.0,99.0,2.37,1.62,100,100
2025-09-10T09:00,15.6,17.7,201.0,194.0,2.36,1.67,100,100
2025-09-10T10:00,16.1,17.9,293.0,192.0,2.09,2.05,100,100
2025-09-10T11:00,16.5,18.0,279.0,236.0,2.33,3.26,100,100
2025-09-10T12:00,16.8,18.0,207.0,224.0,2.77,3.97,100,100
2025-09-10T13:00,16.8,19.0,196.0,342.0,2.7,3.78,100,96
2025-09-10T14:00,17.2,19.7,248.0,447.0,3.26,4.0,100,100
2025-09-10T15:00,17.6,19.1,133.0,238.0,1.81,4.57,100,100
2025-09-10T16:00,17.7,18.8,158.0,103.0,2.39,5.06,100,100
2025-09-10T17:00,16.7,17.5,80.0,48.0,2.91,5.09,100,83
2025-09-10T18:00,15.5,17.9,16.0,11.0,1.19,2.45,9,100
2025-09-10T19:00,14.3,17.0,0.0,0.0,0.53,3.17,43,100
2025-09-10T20:00,12.8,16.2,0.0,0.0,1.58,4.59,26,79
2025-09-10T21:00,13.9,14.9,0.0,0.0,4.78,5.99,17,32
2025-09-10T22:00,12.9,14.0,0.0,0.0,4.46,6.76,0,100
2025-09-10T23:00,12.4,13.5,0.0,0.0,5.17,6.99,0,63
2025-09-11T00:00,11.9,11.8,0.0,0.0,5.49,8.75,0,43
2025-09-11T01:00,11.4,12.0,0.0,0.0,6.17,10.13,0,33
2025-09-11T02:00,11.0,12.3,0.0,0.0,6.41,10.97,0,70
2025-09-11T03:00,11.1,12.5,0.0,0.0,7.05,11.2,20,74
2025-09-11T04:00,11.2,13.0,0.0,0.0,7.16,10.11,35,92
2025-09-11T05:00,10.9,13.3,1.0,0.0,6.98,10.52,13,93
2025-09-11T06:00,12.7,13.5,39.0,23.0,7.44,9.91,63,84
2025-09-11T07:00,14.6,14.9,172.0,90.0,6.65,9.87,46,96
2025-09-11T08:00,15.9,16.1,254.0,110.0,5.99,8.82,94,100
2025-09-11T09:00,16.0,16.3,122.0,149.0,8.6,9.57,100,97
2025-09-11T10:00,16.5,18.1,136.0,283.0,8.33,10.33,100,84
2025-09-11T11:00,17.6,19.2,232.0,452.0,10.49,9.22,95,86
2025-09-11T12:00,19.0,19.9,436.0,478.0,9.65,9.38,49,62
2025-09-11T13:00,17.4,20.0,373.0,466.0,10.34,8.98,100,62
2025-09-11T14:00,17.9,19.6,221.0,373.0,6.53,9.04,99,73
2025-09-11T15:00,17.3,17.4,192.0,218.0,6.84,8.34,100,91
2025-09-11T16:00,17.1,17.7,122.0,208.0,8.28,6.57,88,84
2025-09-11T17:00,16.1,17.3,111.0,93.0,8.88,5.76,47,89
2025-09-11T18:00,15.3,16.2,17.0,17.0,9.36,5.61,100,75
2025-09-11T19:00,14.3,14.8,0.0,0.0,9.09,6.17,66,97
2025-09-11T20:00,13.4,14.1,0.0,0.0,10.22,8.52,77,32
2025-09-11T21:00,13.0,14.3,0.0,0.0,10.39,11.44,72,87
2025-09-11T22:00,12.3,14.4,0.0,0.0,10.09,10.95,0,87
2025-09-11T23:00,12.2,14.1,0.0,0.0,10.39,10.44,15,10
2025-09-12T00:00,12.4,13.6,0.0,0.0,9.8,11.59,7,42
2025-09-12T01:00,12.2,13.4,0.0,0.0,9.69,11.81,32,34
2025-09-12T02:00,12.0,12.9,0.0,0.0,10.35,12.08,25,24
2025-09-12T03:00,12.0,12.5,0.0,0.0,10.54,11.81,10,80
2025-09-12T04:00,11.6,12.3,0.0,0.0,10.7,11.03,42,69
2025-09-12T05:00,11.7,12.0,0.0,0.0,10.7,10.97,45,92
2025-09-12T06:00,11.9,12.7,48.0,44.0,10.25,10.18,48,51
2025-09-12T07:00,13.2,13.7,164.0,145.0,10.23,10.69,82,67
2025-09-12T08:00,14.4,14.7,293.0,261.0,10.22,10.86,55,57
2025-09-12T09:00,15.8,15.8,363.0,368.0,10.48,10.82,89,49
2025-09-12T10:00,16.8,16.5,427.0,384.0,10.46,10.8,44,75
2025-09-12T11:00,17.7,17.4,534.0,424.0,10.48,10.59,61,61
2025-09-12T12:00,17.9,18.0,384.0,457.0,10.93,9.87,73,58
2025-09-12T13:00,18.1,18.6,413.0,489.0,11.53,9.77,77,45
2025-09-12T14:00,17.2,18.9,270.0,456.0,9.77,9.77,85,56
2025-09-12T15:00,16.9,18.7,312.0,367.0,9.46,9.37,80,69
2025-09-12T16:00,16.2,18.0,238.0,221.0,12.71,7.77,100,29
2025-09-12T17:00,14.9,17.1,91.0,112.0,10.39,7.31,77,33
2025-09-12T18:00,13.2,15.4,17.0,18.0,10.27,7.56,4,33
2025-09-12T19:00,12.7,14.5,0.0,0.0,11.17,8.35,0,23
2025-09-12T20:00,12.4,13.8,0.0,0.0,9.6,8.2,29,100
2025-09-12T21:00,11.9,13.5,0.0,0.0,9.48,9.29,60,91
2025-09-12T22:00,11.7,13.0,0.0,0.0,9.83,9.95,0,21
2025-09-12T23:00,11.5,12.6,0.0,0.0,10.17,10.09,78,3
2025-09-13T00:00,11.8,12.2,0.0,0.0,9.54,10.97,73,21
2025-09-13T01:00,11.6,12.1,0.0,0.0,9.42,11.55,100,26
2025-09-13T02:00,11.3,11.9,0.0,0.0,9.7,11.32,0,3
2025-09-13T03:00,10.8,11.6,0.0,0.0,9.85,10.53,65,0
2025-09-13T04:00,10.7,11.2,0.0,0.0,9.72,9.86,47,22
2025-09-13T05:00,11.0,10.8,0.0,0.0,9.47,9.8,93,49
2025-09-13T06:00,11.1,11.2,38.0,48.0,9.5,10.0,100,74
2025-09-13T07:00,12.4,12.8,100.0,155.0,7.54,8.43,100,100
2025-09-13T08:00,13.0,14.4,133.0,243.0,7.25,5.85,100,100
2025-09-13T09:00,14.4,15.4,232.0,251.0,7.25,7.76,100,100
2025-09-13T10:00,14.5,14.9,163.0,246.0,9.03,6.93,100,100
2025-09-13T11:00,14.6,13.9,204.0,122.0,9.21,7.95,100,100
2025-09-13T12:00,15.8,13.8,274.0,102.0,7.47,7.01,100,100
2025-09-13T13:00,15.9,15.0,195.0,186.0,8.78,7.76,100,95
2025-09-13T14:00,16.6,16.0,240.0,321.0,7.45,8.59,50,89
2025-09-13T15:00,17.0,16.2,188.0,273.0,6.04,8.49,100,92
2025-09-13T16:00,14.6,16.0,86.0,194.0,8.13,9.46,99,97
2025-09-13T17:00,14.1,15.4,44.0,85.0,7.55,7.58,100,100
2025-09-13T18:00,14.7,14.2,5.0,13.0,7.4,8.43,96,100
2025-09-13T19:00,13.8,13.6,0.0,0.0,9.1,9.33,76,100
2025-09-13T20:00,13.1,13.4,0.0,0.0,9.52,9.25,100,99
2025-09-13T21:00,13.5,13.1,0.0,0.0,9.14,9.17,100,100
2025-09-13T22:00,13.6,13.1,0.0,0.0,9.44,9.3,100,65
2025-09-13T23:00,13.1,12.9,0.0,0.0,7.51,9.09,100,99
2025-09-14T00:00,12.4,12.0,0.0,0.0,8.2,7.94,100,57
2025-09-14T01:00,12.2,12.3,0.0,0.0,7.7,9.29,100,68
2025-09-14T02:00,11.7,12.0,0.0,0.0,8.43,8.47,100,100
2025-09-14T03:00,12.3,11.9,0.0,0.0,7.37,9.47,100,100
2025-09-14T04:00,11.9,12.0,0.0,0.0,6.75,9.13,100,77
2025-09-14T05:00,11.7,11.9,0.0,0.0,6.14,8.72,100,100
2025-09-14T06:00,11.5,12.0,40.0,35.0,6.49,8.04,74,100
2025-09-14T07:00,11.9,12.8,105.0,108.0,5.75,7.48,98,100
2025-09-14T08:00,13.1,14.0,197.0,191.0,5.16,6.58,96,100
2025-09-14T09:00,14.5,15.2,379.0,319.0,4.51,6.72,49,45
2025-09-14T10:00,15.7,15.7,507.0,427.0,4.73,6.62,71,46
2025-09-14T11:00,16.9,16.6,506.0,497.0,4.57,6.53,54,55
2025-09-14T12:00,18.0,17.7,512.0,499.0,6.41,5.39,74,68
2025-09-14T13:00,18.5,18.3,449.0,476.0,6.71,5.49,74,64
2025-09-14T14:00,18.1,18.4,308.0,413.0,7.63,6.35,100,53
2025-09-14T15:00,16.9,18.4,222.0,362.0,6.28,5.03,100,9
2025-09-14T16:00,16.7,18.0,168.0,244.0,5.01,4.16,89,21
2025-09-14T17:00,15.3,17.0,91.0,114.0,5.79,3.6,8,30
2025-09-14T18:00,15.0,14.8,10.0,14.0,2.85,2.63,100,32
2025-09-14T19:00,13.7,13.5,0.0,0.0,5.0,3.17,100,100
2025-09-14T20:00,13.2,13.1,0.0,0.0,6.07,5.89,100,100
2025-09-14T21:00,12.9,13.2,0.0,0.0,7.21,6.96,100,100
2025-09-14T22:00,12.6,13.3,0.0,0.0,8.95,9.22,100,100
2025-09-14T23:00,13.0,13.4,0.0,0.0,10.57,10.77,100,100
2025-09-15T00:00,12.8,13.6,0.0,0.0,11.84,12.07,100,100
2025-09-15T01:00,12.7,13.3,0.0,0.0,11.37,11.49,100,100
2025-09-15T02:00,13.3,12.6,0.0,0.0,11.8,12.25,100,99
2025-09-15T03:00,12.7,12.6,0.0,0.0,10.94,12.6,100,100
2025-09-15T04:00,13.4,13.2,0.0,0.0,10.85,11.67,99,100
2025-09-15T05:00,14.2,14.0,0.0,0.0,10.52,12.21,100,95
2025-09-15T06:00,14.9,14.1,14.0,27.0,10.99,12.18,95,80
2025-09-15T07:00,16.5,15.9,109.0,116.0,11.31,12.45,66,67
2025-09-15T08:00,18.1,17.6,223.0,222.0,12.59,13.66,54,67
2025-09-15T09:00,18.8,18.4,353.0,322.0,16.19,14.9,45,57
2025-09-15T10:00,19.1,18.5,419.0,370.0,14.98,15.12,80,68
2025-09-15T11:00,19.3,19.4,348.0,480.0,17.54,15.66,93,84
2025-09-15T12:00,19.6,19.5,327.0,422.0,16.91,14.88,100,87
2025-09-15T13:00,19.1,20.2,324.0,386.0,15.96,15.06,89,73
2025-09-15T14:00,17.9,20.2,198.0,362.0,10.35,15.27,100,74
2025-09-15T15:00,18.3,19.5,235.0,300.0,14.0,15.87,58,79
2025-09-15T16:00,17.6,18.8,120.0,178.0,14.49,14.9,50,27
2025-09-15T17:00,17.0,18.1,66.0,106.0,14.36,14.95,72,24
2025-09-15T18:00,15.8,17.2,7.0,12.0,15.52,14.14,96,89
2025-09-15T19:00,15.4,16.6,0.0,0.0,14.28,15.24,85,33
2025-09-15T20:00,15.3,16.1,0.0,0.0,17.23,15.59,90,57
2025-09-15T21:00,14.5,15.8,0.0,0.0,15.81,15.33,66,100
2025-09-15T22:00,14.3,15.5,0.0,0.0,15.13,15.31,98,100
2025-09-15T23:00,13.8,15.5,0.0,0.0,15.46,15.38,100,94
2025-09-16T00:00,14.0,15.3,0.0,0.0,15.57,16.53,90,99
2025-09-16T01:00,13.9,15.2,0.0,0.0,14.7,16.66,100,100
2025-09-16T02:00,13.8,14.9,0.0,0.0,16.42,15.99,100,100
2025-09-16T03:00,14.1,14.7,0.0,0.0,17.34,16.42,100,100
2025-09-16T04:00,14.1,14.7,0.0,0.0,18.38,16.63,100,100
2025-09-16T05:00,14.0,14.7,0.0,0.0,16.97,16.57,100,100
2025-09-16T06:00,14.1,14.3,13.0,6.0,17.93,17.44,100,100
2025-09-16T07:00,14.2,14.9,29.0,39.0,16.62,18.84,95,100
2025-09-16T08:00,14.2,15.4,54.0,103.0,17.37,19.07,100,99
2025-09-16T09:00,14.7,15.8,108.0,161.0,16.08,20.03,100,92
2025-09-16T10:00,14.6,16.1,193.0,212.0,15.92,20.25,100,100
2025-09-16T11:00,14.7,16.3,155.0,247.0,14.21,19.69,92,86
2025-09-16T12:00,14.6,16.4,151.0,303.0,15.51,18.1,100,82
2025-09-16T13:00,14.7,16.1,175.0,302.0,13.5,17.61,99,79
2025-09-16T14:00,14.3,16.1,80.0,251.0,11.48,15.85,100,93
2025-09-16T15:00,14.3,15.3,103.0,129.0,11.67,15.41,100,96
2025-09-16T16:00,14.3,14.4,52.0,53.0,9.02,13.43,97,97
2025-09-16T17:00,14.2,13.9,33.0,20.0,10.45,12.22,95,93
2025-09-16T18:00,13.9,14.5,4.0,6.0,9.15,10.38,73,99
2025-09-16T19:00,13.5,14.3,0.0,0.0,9.67,11.5,88,94
2025-09-16T20:00,13.3,14.1,0.0,0.0,9.12,11.54,92,94
2025-09-16T21:00,13.1,13.9,0.0,0.0,8.59,11.71,100,100
2025-09-16T22:00,12.7,13.7,0.0,0.0,11.35,11.81,59,85
2025-09-16T23:00,12.4,13.6,0.0,0.0,10.89,12.33,34,74
2025-09-17T00:00,11.8,13.4,0.0,0.0,10.67,12.37,52,69
2025-09-17T01:00,12.0,13.4,0.0,0.0,10.87,11.57,86,79
2025-09-17T02:00,12.4,13.4,0.0,0.0,10.54,11.44,100,85
2025-09-17T03:00,12.6,13.3,0.0,0.0,10.01,11.74,100,100
2025-09-17T04:00,12.6,13.3,0.0,0.0,10.28,11.31,100,99
2025-09-17T05:00,12.8,13.1,0.0,0.0,11.01,11.09,100,100
2025-09-17T06:00,12.5,11.8,4.0,26.0,10.25,10.78,100,78
2025-09-17T07:00,13.1,12.5,84.0,113.0,10.76,9.29,93,98
2025-09-17T08:00,14.0,13.9,225.0,239.0,10.27,10.52,97,62
2025-09-17T09:00,15.0,15.2,345.0,358.0,11.02,8.81,87,96
2025-09-17T10:00,16.0,15.7,386.0,335.0,11.18,11.22,90,96
2025-09-17T11:00,16.7,16.0,439.0,277.0,11.44,10.67,86,96
2025-09-17T12:00,17.0,15.5,422.0,199.0,10.95,10.64,94,98
2025-09-17T13:00,16.8,15.4,309.0,141.0,9.79,9.53,85,97
2025-09-17T14:00,16.8,15.2,337.0,129.0,10.23,9.11,100,100
2025-09-17T15:00,16.3,14.8,235.0,38.0,11.02,9.3,92,100
2025-09-17T16:00,14.7,14.8,79.0,17.0,9.8,10.86,100,100
2025-09-17T17:00,14.0,14.4,15.0,6.0,9.02,12.45,100,100
2025-09-17T18:00,13.7,14.4,1.0,1.0,9.25,11.17,100,100
2025-09-17T19:00,13.6,14.6,0.0,0.0,9.32,12.63,100,100
2025-09-17T20:00,13.4,14.8,0.0,0.0,9.53,12.48,100,99
2025-09-17T21:00,13.5,15.0,0.0,0.0,9.11,11.69,100,96
2025-09-17T22:00,13.8,15.2,0.0,0.0,9.95,12.07,100,87
2025-09-17T23:00,14.3,15.5,0.0,0.0,9.84,12.68,100,85
2025-09-18T00:00,14.6,15.3,0.0,0.0,10.39,11.38,100,85
2025-09-18T01:00,15.0,15.7,0.0,0.0,10.14,12.04,96,70
2025-09-18T02:00,15.3,15.9,0.0,0.0,9.38,11.54,96,90
2025-09-18T03:00,15.5,16.1,0.0,0.0,9.56,10.64,89,78
2025-09-18T04:00,15.6,16.0,0.0,0.0,9.6,10.97,96,77
2025-09-18T05:00,15.6,16.2,0.0,0.0,9.66,10.77,83,72
2025-09-18T06:00,15.8,15.9,28.0,17.0,8.7,10.06,65,100
2025-09-18T07:00,16.7,16.5,102.0,34.0,9.04,9.11,77,100
2025-09-18T08:00,17.6,17.1,215.0,42.0,9.02,9.86,87,98
2025-09-18T09:00,18.6,18.0,282.0,100.0,10.19,10.6,51,100
2025-09-18T10:00,19.3,18.2,347.0,103.0,10.88,9.75,72,97
2025-09-18T11:00,19.5,17.8,271.0,66.0,10.72,9.25,100,100
2025-09-18T12:00,19.6,19.6,254.0,308.0,10.55,12.07,100,98
2025-09-18T13:00,19.5,20.0,82.0,283.0,9.52,10.26,100,96
2025-09-18T14:00,19.0,18.9,83.0,158.0,10.45,10.07,100,100
2025-09-18T15:00,18.6,18.3,31.0,46.0,9.73,10.13,100,99
2025-09-18T16:00,18.7,18.2,35.0,16.0,10.36,10.47,100,100
2025-09-18T17:00,18.4,18.1,8.0,6.0,10.5,10.5,100,98
2025-09-18T18:00,18.2,18.2,1.0,1.0,10.42,11.17,100,100
2025-09-18T19:00,18.0,18.0,0.0,0.0,9.82,11.28,100,100
2025-09-18T20:00,17.9,18.0,0.0,0.0,10.48,11.96,100,100
2025-09-18T21:00,17.8,17.9,0.0,0.0,10.75,12.33,94,97
2025-09-18T22:00,17.6,17.9,0.0,0.0,10.43,12.24,100,92
2025-09-18T23:00,17.6,17.9,0.0,0.0,10.89,12.4,83,90
2025-09-19T00:00,17.4,17.5,0.0,0.0,10.67,11.79,83,72
2025-09-19T01:00,17.3,17.2,0.0,0.0,10.27,11.44,88,60
2025-09-19T02:00,16.9,16.9,0.0,0.0,9.62,11.52,79,81
2025-09-19T03:00,16.6,16.7,0.0,0.0,8.97,10.95,93,85
2025-09-19T04:00,16.3,16.5,0.0,0.0,8.86,10.55,81,90
2025-09-19T05:00,16.0,16.4,0.0,0.0,8.19,10.25,90,87
2025-09-19T06:00,16.1,16.2,18.0,23.0,8.09,9.76,93,66
2025-09-19T07:00,16.4,16.7,69.0,97.0,7.73,8.76,97,73
2025-09-19T08:00,17.3,17.4,127.0,188.0,7.0,7.65,96,80
2025-09-19T09:00,17.6,18.5,154.0,257.0,7.08,9.11,100,87
2025-09-19T10:00,18.9,19.7,218.0,326.0,7.84,8.13,100,95
2025-09-19T11:00,20.1,20.4,331.0,403.0,7.41,7.07,80,100
2025-09-19T12:00,19.2,20.4,286.0,386.0,6.95,7.67,100,100
2025-09-19T13:00,19.9,21.3,283.0,447.0,6.23,6.12,97,100
2025-09-19T14:00,20.9,22.1,314.0,407.0,6.31,6.35,75,84
2025-09-19T15:00,21.1,22.2,301.0,315.0,4.65,6.43,20,53
2025-09-19T16:00,20.7,21.7,202.0,188.0,4.95,5.19,0,53
2025-09-19T17:00,19.3,20.4,83.0,72.0,4.97,4.75,5,41
2025-09-19T18:00,17.4,18.2,6.0,6.0,6.3,5.73,3,36
2025-09-19T19:00,16.8,17.7,0.0,0.0,7.1,6.78,100,63
2025-09-19T20:00,16.4,17.4,0.0,0.0,7.68,7.25,100,59
2025-09-19T21:00,15.7,17.1,0.0,0.0,7.33,7.53,100,92
2025-09-19T22:00,15.5,16.9,0.0,0.0,7.58,8.1,9,89
2025-09-19T23:00,15.3,16.6,0.0,0.0,7.75,8.61,44,73
2025-09-20T00:00,15.6,17.1,0.0,0.0,7.63,10.47,100,51
2025-09-20T01:00,15.3,16.7,0.0,0.0,7.01,10.86,12,12
2025-09-20T02:00,15.1,16.1,0.0,0.0,7.76,10.61,23,10
2025-09-20T03:00,15.2,15.6,0.0,0.0,9.08,10.26,0,100
2025-09-20T04:00,15.0,15.5,0.0,0.0,9.38,10.47,99,36
2025-09-20T05:00,14.8,15.0,0.0,0.0,9.09,10.12,85,59
2025-09-20T06:00,15.2,15.5,24.0,26.0,9.51,10.11,99,53
2025-09-20T07:00,16.2,16.5,66.0,103.0,9.78,9.64,100,100
2025-09-20T08:00,18.1,18.2,234.0,207.0,8.24,8.87,53,100
2025-09-20T09:00,19.3,19.9,317.0,334.0,6.79,7.15,87,82
2025-09-20T10:00,20.6,20.7,348.0,359.0,5.73,5.74,77,100
2025-09-20T11:00,21.8,21.9,367.0,364.0,5.7,6.53,90,100
2025-09-20T12:00,23.2,22.9,519.0,420.0,5.61,5.56,54,44
2025-09-20T13:00,23.9,23.6,473.0,448.0,5.89,5.98,78,64
2025-09-20T14:00,23.5,23.1,269.0,278.0,6.42,6.75,100,100
2025-09-20T15:00,23.6,22.1,196.0,89.0,6.92,8.06,100,100
2025-09-20T16:00,22.1,21.4,87.0,54.0,6.2,8.12,100,100
2025-09-20T17:00,20.9,20.5,27.0,23.0,6.1,7.69,100,97
2025-09-20T18:00,20.3,19.7,2.0,1.0,5.01,9.41,100,100
2025-09-20T19:00,19.3,19.2,0.0,0.0,3.33,9.76,100,79
2025-09-20T20:00,18.6,18.5,0.0,0.0,3.34,10.05,100,92
2025-09-20T21:00,19.8,18.1,0.0,0.0,10.06,10.5,100,100
2025-09-20T22:00,19.5,17.9,0.0,0.0,9.7,9.5,100,100
2025-09-20T23:00,19.1,17.6,0.0,0.0,9.35,8.41,100,67
2025-09-21T00:00,18.9,18.3,0.0,0.0,9.39,10.64,100,100
2025-09-21T01:00,18.9,18.5,0.0,0.0,10.19,12.33,98,100
2025-09-21T02:00,18.8,18.7,0.0,0.0,9.36,11.5,100,95
2025-09-21T03:00,18.9,18.8,0.0,0.0,9.48,11.71,100,100
2025-09-21T04:00,18.8,18.9,0.0,0.0,9.5,12.01,100,75
2025-09-21T05:00,18.2,18.1,0.0,0.0,8.32,12.91,92,84
2025-09-21T06:00,16.9,18.0,25.0,16.0,11.5,12.2,67,100
2025-09-21T07:00,16.4,17.1,119.0,79.0,12.73,13.45,83,100
2025-09-21T08:00,16.1,16.3,221.0,165.0,12.77,14.3,97,100
2025-09-21T09:00,17.4,15.9,292.0,239.0,11.52,16.4,87,100
2025-09-21T10:00,16.8,16.3,313.0,274.0,13.49,14.35,99,100
2025-09-21T11:00,16.7,16.4,286.0,308.0,13.58,11.99,100,100
2025-09-21T12:00,17.2,15.7,275.0,279.0,13.79,11.15,100,100
2025-09-21T13:00,17.4,15.5,198.0,250.0,13.93,9.08,100,100
2025-09-21T14:00,16.4,15.7,202.0,288.0,14.39,8.41,100,96
2025-09-21T15:00,15.7,15.0,126.0,171.0,13.48,8.43,100,100
2025-09-21T16:00,14.5,14.5,60.0,128.0,11.74,6.98,100,100
2025-09-21T17:00,13.9,13.7,33.0,40.0,8.67,7.61,100,100
2025-09-21T18:00,13.3,12.6,3.0,2.0,7.94,4.86,100,100
2025-09-21T19:00,13.0,12.1,0.0,0.0,6.53,4.03,100,100
2025-09-21T20:00,12.4,11.7,0.0,0.0,5.96,4.81,95,100
2025-09-21T21:00,11.1,11.5,0.0,0.0,4.09,6.08,100,100
2025-09-21T22:00,11.0,11.2,0.0,0.0,6.01,5.88,100,100
2025-09-21T23:00,10.8,11.0,0.0,0.0,5.27,6.03,100,100
2025-09-22T00:00,10.8,10.0,0.0,0.0,4.25,3.74,100,100
2025-09-22T01:00,10.9,9.8,0.0,0.0,5.68,6.22,98,100
2025-09-22T02:00,10.2,9.9,0.0,0.0,6.88,6.84,100,100
2025-09-22T03:00,10.0,9.5,0.0,0.0,6.38,7.23,100,100
2025-09-22T04:00,9.8,9.1,0.0,0.0,6.47,6.84,100,100
2025-09-22T05:00,9.6,8.8,0.0,0.0,6.15,5.79,100,100
2025-09-22T06:00,10.1,10.2,22.0,20.0,3.47,5.95,100,100
2025-09-22T07:00,11.2,11.3,107.0,102.0,3.79,7.14,100,100
2025-09-22T08:00,12.8,12.4,226.0,256.0,2.31,4.9,100,100
2025-09-22T09:00,13.8,13.6,308.0,352.0,1.97,5.38,100,100
2025-09-22T10:00,14.4,14.2,363.0,384.0,4.74,6.06,100,100
2025-09-22T11:00,14.7,14.6,347.0,401.0,5.46,5.94,100,100
2025-09-22T12:00,14.0,15.4,324.0,430.0,10.04,5.92,100,100
2025-09-22T13:00,15.1,15.5,355.0,431.0,6.82,6.5,100,100
2025-09-22T14:00,15.4,15.2,381.0,346.0,7.53,6.95,100,100
2025-09-22T15:00,14.1,14.8,185.0,275.0,7.14,7.1,100,99
2025-09-22T16:00,13.4,14.2,96.0,195.0,4.59,6.92,100,34
2025-09-22T17:00,12.2,12.6,54.0,76.0,4.84,5.76,48,24
2025-09-22T18:00,10.2,11.0,3.0,2.0,3.88,6.18,66,0
2025-09-22T19:00,10.0,10.0,0.0,0.0,2.64,6.91,0,0
2025-09-22T20:00,9.1,9.3,0.0,0.0,2.65,6.17,38,0
2025-09-22T21:00,8.5,8.8,0.0,0.0,1.87,5.14,30,0
2025-09-22T22:00,8.2,8.5,0.0,0.0,2.29,4.71,73,0
2025-09-22T23:00,8.2,8.2,0.0,0.0,2.52,3.61,62,3
2025-09-23T00:00,9.2,8.4,0.0,0.0,3.33,4.78,96,0
2025-09-23T01:00,9.3,8.1,0.0,0.0,3.21,4.0,100,10
2025-09-23T02:00,9.0,8.0,0.0,0.0,3.64,3.95,76,32
2025-09-23T03:00,8.4,8.1,0.0,0.0,3.73,4.13,64,39
2025-09-23T04:00,8.0,8.1,0.0,0.0,3.83,3.84,47,20
2025-09-23T05:00,7.9,8.1,0.0,0.0,3.14,3.82,88,11
2025-09-23T06:00,9.9,8.3,14.0,24.0,2.1,2.85,86,3
2025-09-23T07:00,11.2,9.9,84.0,134.0,2.95,2.15,71,4
2025-09-23T08:00,12.6,12.2,199.0,269.0,2.55,1.79,62,24
2025-09-23T09:00,14.2,14.0,355.0,390.0,1.21,1.24,56,36
2025-09-23T10:00,14.6,15.2,399.0,427.0,3.92,2.75,41,47
2025-09-23T11:00,15.1,16.1,496.0,451.0,4.33,3.22,53,56
2025-09-23T12:00,15.1,16.3,441.0,390.0,4.84,2.65,74,76
2025-09-23T13:00,15.3,16.7,432.0,408.0,5.65,3.42,73,74
2025-09-23T14:00,15.3,16.7,437.0,363.0,5.42,3.78,96,49
2025-09-23T15:00,14.8,16.5,346.0,307.0,5.86,4.7,0,44
2025-09-23T16:00,14.0,15.8,210.0,195.0,5.13,5.8,16,13
2025-09-23T17:00,11.9,14.4,73.0,67.0,4.89,7.71,0,37
2025-09-23T18:00,10.1,11.2,2.0,3.0,7.24,7.13,30,2
2025-09-23T19:00,8.8,9.9,0.0,0.0,6.38,6.98,0,0
2025-09-23T20:00,8.0,9.2,0.0,0.0,6.58,6.86,0,0
2025-09-23T21:00,6.7,8.6,0.0,0.0,6.72,6.79,0,0
2025-09-23T22:00,6.4,8.2,0.0,0.0,5.75,6.79,0,0
2025-09-23T23:00,6.2,8.0,0.0,0.0,6.0,6.63,0,26
2025-09-24T00:00,5.2,7.7,0.0,0.0,6.79,6.38,12,58
2025-09-24T01:00,5.1,7.5,0.0,0.0,6.93,6.09,6,8
2025-09-24T02:00,4.6,7.0,0.0,0.0,5.96,6.78,6,9
2025-09-24T03:00,4.1,6.8,0.0,0.0,6.28,7.56,24,8
2025-09-24T04:00,4.1,6.8,0.0,0.0,6.79,7.89,46,9
2025-09-24T05:00,4.0,6.9,0.0,0.0,6.35,8.42,40,18
2025-09-24T06:00,4.9,7.1,22.0,23.0,5.24,7.32,56,6
2025-09-24T07:00,7.8,9.5,105.0,134.0,5.7,7.85,90,0
2025-09-24T08:00,10.6,12.0,216.0,274.0,5.88,7.91,0,0
2025-09-24T09:00,13.9,14.1,404.0,403.0,4.62,5.26,0,0
2025-09-24T10:00,15.3,15.3,492.0,498.0,5.98,7.04,0,16
2025-09-24T11:00,15.9,15.9,420.0,550.0,6.77,7.41,98,28
2025-09-24T12:00,16.7,16.6,572.0,519.0,8.18,7.67,0,43
2025-09-24T13:00,17.1,16.8,536.0,492.0,8.52,8.36,0,42
2025-09-24T14:00,16.7,16.7,454.0,426.0,9.7,9.2,0,29
2025-09-24T15:00,16.1,16.2,340.0,326.0,9.18,9.45,3,28
2025-09-24T16:00,15.0,15.3,201.0,192.0,9.26,9.21,0,23
2025-09-24T17:00,13.0,13.8,68.0,64.0,9.53,9.48,0,27
2025-09-24T18:00,11.3,12.3,1.0,1.0,10.88,11.68,0,33
2025-09-24T19:00,10.5,11.4,0.0,0.0,11.19,12.1,0,0
2025-09-24T20:00,9.6,10.8,0.0,0.0,10.48,12.57,0,0
2025-09-24T21:00,9.5,10.3,0.0,0.0,12.25,13.01,0,0
2025-09-24T22:00,9.5,9.8,0.0,0.0,11.6,13.09,0,0
2025-09-24T23:00,9.0,9.3,0.0,0.0,11.25,12.74,0,0
2025-09-25T00:00,7.5,8.8,0.0,0.0,9.42,11.57,0,0
2025-09-25T01:00,7.1,8.5,0.0,0.0,9.82,11.74,0,0
2025-09-25T02:00,6.9,8.4,0.0,0.0,9.64,12.13,0,0
2025-09-25T03:00,7.1,8.4,0.0,0.0,10.1,12.17,0,0
2025-09-25T04:00,7.1,8.2,0.0,0.0,10.17,11.57,0,9
2025-09-25T05:00,6.9,8.0,0.0,0.0,10.08,11.88,0,74
2025-09-25T06:00,7.1,8.5,21.0,21.0,9.84,12.17,18,0
2025-09-25T07:00,9.0,10.2,127.0,130.0,9.94,11.88,0,0
2025-09-25T08:00,11.2,12.1,268.0,269.0,7.65,9.64,0,0
2025-09-25T09:00,13.0,13.7,397.0,396.0,9.48,11.47,0,0
2025-09-25T10:00,14.4,14.9,496.0,494.0,10.38,11.76,1,0
2025-09-25T11:00,15.5,15.6,555.0,554.0,10.89,11.87,0,0
2025-09-25T12:00,16.5,16.3,561.0,566.0,10.57,12.03,35,0
2025-09-25T13:00,16.3,16.5,521.0,531.0,11.74,12.6,14,2
2025-09-25T14:00,15.9,16.4,446.0,446.0,11.4,13.02,11,25
2025-09-25T15:00,15.5,15.8,317.0,316.0,13.15,13.02,49,44
2025-09-25T16:00,14.8,15.3,161.0,177.0,13.06,12.59,100,28
2025-09-25T17:00,13.8,14.2,50.0,60.0,11.31,11.93,55,8
2025-09-25T18:00,12.8,12.8,1.0,1.0,11.55,11.99,74,58
2025-09-25T19:00,12.4,12.1,0.0,0.0,11.73,12.56,70,100
2025-09-25T20:00,11.6,11.6,0.0,0.0,11.53,12.03,100,100
2025-09-25T21:00,10.7,11.3,0.0,0.0,11.36,11.96,99,97
2025-09-25T22:00,10.8,11.1,0.0,0.0,11.18,11.53,100,100
2025-09-25T23:00,10.5,10.9,0.0,0.0,10.86,11.5,100,100
2025-09-26T00:00,10.3,9.9,0.0,0.0,10.03,11.95,100,100
2025-09-26T01:00,9.8,10.0,0.0,0.0,9.33,11.37,100,99
2025-09-26T02:00,9.4,9.7,0.0,0.0,9.72,11.23,100,100
2025-09-26T03:00,9.6,9.7,0.0,0.0,9.2,9.98,72,98
2025-09-26T04:00,9.3,9.3,0.0,0.0,9.36,10.0,98,95
2025-09-26T05:00,8.9,9.3,0.0,0.0,9.67,10.51,67,73
2025-09-26T06:00,9.2,9.7,14.0,16.0,9.23,10.13,100,70
2025-09-26T07:00,10.2,10.4,97.0,91.0,8.26,9.82,79,73
2025-09-26T08:00,11.6,11.2,202.0,157.0,7.85,8.35,70,87
2025-09-26T09:00,12.5,12.4,263.0,239.0,8.43,8.62,86,87
2025-09-26T10:00,13.8,13.6,371.0,367.0,8.24,8.45,100,88
2025-09-26T11:00,15.0,14.4,462.0,404.0,8.54,8.64,96,83
2025-09-26T12:00,15.7,15.1,502.0,376.0,9.53,9.8,60,73
2025-09-26T13:00,16.3,15.5,440.0,296.0,9.05,9.9,65,92
2025-09-26T14:00,16.1,15.7,335.0,226.0,9.73,10.16,68,89
2025-09-26T15:00,15.8,15.4,209.0,158.0,9.07,10.06,62,93
2025-09-26T16:00,15.1,15.1,110.0,104.0,9.8,9.49,83,94
2025-09-26T17:00,13.9,14.5,34.0,24.0,9.2,9.54,96,96
2025-09-26T18:00,12.4,13.4,1.0,0.0,10.42,9.36,100,90
2025-09-26T19:00,11.4,12.6,0.0,0.0,9.13,9.83,91,72
2025-09-26T20:00,11.8,11.9,0.0,0.0,10.88,10.88,100,91
2025-09-26T21:00,11.8,11.9,0.0,0.0,9.21,10.89,100,92
2025-09-26T22:00,11.7,11.7,0.0,0.0,9.21,10.68,100,100
2025-09-26T23:00,11.1,11.7,0.0,0.0,10.04,10.09,97,93
2025-09-27T00:00,11.7,11.7,0.0,0.0,8.72,9.9,96,99
2025-09-27T01:00,11.6,11.1,0.0,0.0,8.24,9.35,96,100
2025-09-27T02:00,10.6,10.7,0.0,0.0,7.98,10.1,97,91
2025-09-27T03:00,10.6,10.4,0.0,0.0,8.34,9.52,93,90
2025-09-27T04:00,10.6,10.3,0.0,0.0,8.23,9.91,97,75
2025-09-27T05:00,10.4,10.1,0.0,0.0,9.58,9.51,66,91
2025-09-27T06:00,10.2,10.9,10.0,7.0,9.38,8.97,88,94
2025-09-27T07:00,11.0,11.2,60.0,36.0,8.01,8.65,91,93
2025-09-27T08:00,11.7,12.1,85.0,103.0,7.01,7.49,100,88
2025-09-27T09:00,13.2,13.2,123.0,189.0,6.1,6.1,98,86
2025-09-27T10:00,14.7,14.6,245.0,284.0,5.68,5.71,100,86
2025-09-27T11:00,16.0,16.0,337.0,357.0,5.74,5.77,98,84
2025-09-27T12:00,15.6,16.7,270.0,351.0,5.33,5.9,98,81
2025-09-27T13:00,16.2,17.7,223.0,363.0,5.09,5.71,100,60
2025-09-27T14:00,16.9,18.3,259.0,356.0,4.71,5.69,80,48
2025-09-27T15:00,17.7,18.4,236.0,285.0,5.96,6.02,54,10
2025-09-27T16:00,17.1,17.9,152.0,159.0,5.94,5.96,46,69
2025-09-27T17:00,15.3,16.7,48.0,35.0,7.19,5.88,45,77
2025-09-27T18:00,14.8,14.8,0.0,0.0,7.04,7.42,96,63
2025-09-27T19:00,14.6,14.1,0.0,0.0,8.46,9.05,100,79
2025-09-27T20:00,14.1,13.6,0.0,0.0,9.39,10.03,87,69
2025-09-27T21:00,12.9,13.1,0.0,0.0,8.98,9.78,93,49
2025-09-27T22:00,12.9,12.3,0.0,0.0,8.89,8.8,86,61
2025-09-27T23:00,12.3,11.9,0.0,0.0,8.64,8.02,75,75
2025-09-28T00:00,12.8,11.8,0.0,0.0,7.66,7.72,87,84
2025-09-28T01:00,12.1,11.8,0.0,0.0,6.61,7.72,72,73
2025-09-28T02:00,11.6,11.3,0.0,0.0,6.79,7.42,84,45
2025-09-28T03:00,11.4,10.6,0.0,0.0,5.71,6.66,100,44
2025-09-28T04:00,11.3,10.2,0.0,0.0,6.62,6.31,74,60
2025-09-28T05:00,10.4,10.1,0.0,0.0,6.27,5.1,64,69
2025-09-28T06:00,10.1,9.7,10.0,15.0,6.36,7.51,53,27
2025-09-28T07:00,11.0,10.8,97.0,108.0,6.55,7.04,40,25
2025-09-28T08:00,12.6,12.5,228.0,230.0,5.09,5.53,42,42
2025-09-28T09:00,14.3,14.1,360.0,310.0,3.84,4.09,55,63
2025-09-28T10:00,15.9,15.6,424.0,366.0,3.51,4.73,45,83
2025-09-28T11:00,17.2,16.6,510.0,379.0,2.94,4.71,9,70
2025-09-28T12:00,18.2,18.2,526.0,489.0,2.85,3.11,9,52
2025-09-28T13:00,18.6,18.7,495.0,460.0,3.26,3.09,0,54
2025-09-28T14:00,18.7,18.9,417.0,380.0,3.67,2.86,3,67
2025-09-28T15:00,18.1,18.6,304.0,254.0,3.83,3.43,12,79
2025-09-28T16:00,17.0,17.9,171.0,130.0,4.13,4.24,12,74
2025-09-28T17:00,15.0,16.5,48.0,37.0,5.13,5.89,11,64
2025-09-28T18:00,13.3,14.9,0.0,0.0,7.9,8.25,15,31
2025-09-28T19:00,12.2,13.5,0.0,0.0,8.62,8.94,12,33
2025-09-28T20:00,11.4,12.7,0.0,0.0,8.65,8.94,0,51
2025-09-28T21:00,10.7,12.3,0.0,0.0,8.55,8.94,0,68
2025-09-28T22:00,10.2,12.0,0.0,0.0,7.98,9.05,7,72
2025-09-28T23:00,9.6,11.5,0.0,0.0,7.28,8.6,40,73
2025-09-29T00:00,9.7,10.0,0.0,0.0,6.32,7.96,52,29
2025-09-29T01:00,9.3,9.3,0.0,0.0,6.39,7.33,12,15
2025-09-29T02:00,8.7,8.8,0.0,0.0,7.09,7.72,19,11
2025-09-29T03:00,8.1,8.3,0.0,0.0,7.02,7.67,47,0
2025-09-29T04:00,8.0,7.9,0.0,0.0,7.24,7.43,66,0
2025-09-29T05:00,8.0,7.7,0.0,0.0,6.76,7.97,81,7
2025-09-29T06:00,7.8,7.7,11.0,14.0,7.72,8.39,82,6
2025-09-29T07:00,9.2,9.0,76.0,108.0,8.07,8.87,83,0
2025-09-29T08:00,10.8,11.1,169.0,241.0,5.45,7.5,84,3
2025-09-29T09:00,12.8,13.1,348.0,365.0,4.57,5.83,100,6
2025-09-29T10:00,14.4,14.8,436.0,461.0,4.8,5.13,18,19
2025-09-29T11:00,15.9,16.1,506.0,511.0,5.83,5.97,34,25
2025-09-29T12:00,17.0,16.8,531.0,524.0,4.64,4.81,0,29
2025-09-29T13:00,17.4,17.2,497.0,452.0,3.95,4.49,2,67
2025-09-29T14:00,17.5,17.1,415.0,335.0,3.12,4.16,0,85
2025-09-29T15:00,17.1,16.8,298.0,209.0,2.83,4.3,58,91
2025-09-29T16:00,16.3,16.1,159.0,106.0,2.36,5.0,46,92
2025-09-29T17:00,14.6,14.9,41.0,29.0,2.39,5.81,79,84
2025-09-29T18:00,13.1,13.3,0.0,0.0,3.76,4.44,94,55
2025-09-29T19:00,12.3,12.6,0.0,0.0,5.16,6.04,65,73
2025-09-29T20:00,11.7,12.3,0.0,0.0,7.62,6.93,89,95
2025-09-29T21:00,10.7,12.1,0.0,0.0,9.02,7.45,91,93
2025-09-29T22:00,10.8,11.8,0.0,0.0,8.95,8.0,63,94
2025-09-29T23:00,10.5,11.7,0.0,0.0,9.58,7.88,45,93
2025-09-30T00:00,10.7,11.4,0.0,0.0,7.41,7.9,62,64
2025-09-30T01:00,9.5,11.2,0.0,0.0,7.54,7.34,20,86
2025-09-30T02:00,8.9,11.1,0.0,0.0,7.41,7.07,60,89
2025-09-30T03:00,7.7,10.8,0.0,0.0,7.0,7.23,21,82
2025-09-30T04:00,7.4,10.6,0.0,0.0,7.15,7.23,83,89
2025-09-30T05:00,8.2,10.8,0.0,0.0,6.84,7.24,94,98
2025-09-30T06:00,9.1,10.5,5.0,6.0,7.76,6.94,100,90
2025-09-30T07:00,9.9,10.9,20.0,51.0,5.16,7.16,100,95
2025-09-30T08:00,11.3,11.7,111.0,122.0,4.86,6.23,100,76
2025-09-30T09:00,11.6,13.1,88.0,279.0,4.66,5.16,100,48
2025-09-30T10:00,13.0,14.5,153.0,410.0,4.26,4.18,100,22
2025-09-30T11:00,14.3,15.7,262.0,508.0,4.61,5.37,83,0
2025-09-30T12:00,15.8,16.0,500.0,516.0,4.66,5.33,89,33
2025-09-30T13:00,15.9,16.2,449.0,478.0,4.25,4.88,42,37
2025-09-30T14:00,15.8,16.0,398.0,389.0,4.44,5.0,38,40
2025-09-30T15:00,15.3,15.4,249.0,277.0,5.28,5.59,64,43
2025-09-30T16:00,14.0,14.6,145.0,150.0,6.11,5.88,70,29
2025-09-30T17:00,12.0,12.9,35.0,38.0,7.28,6.47,35,14
2025-09-30T18:00,11.0,11.5,0.0,0.0,7.77,6.98,87,39
2025-09-30T19:00,10.1,10.5,0.0,0.0,8.63,7.46,31,43
2025-09-30T20:00,8.7,10.0,0.0,0.0,8.58,7.89,14,52
2025-09-30T21:00,7.6,9.7,0.0,0.0,7.47,8.25,19,62
2025-09-30T22:00,6.7,9.7,0.0,0.0,7.86,8.12,0,72
2025-09-30T23:00,6.2,9.5,0.0,0.0,7.59,7.64,0,71
2025-10-01T00:00,6.0,7.2,0.0,0.0,6.12,6.96,86,0
2025-10-01T01:00,6.0,6.7,0.0,0.0,5.16,5.98,66,0
2025-10-01T02:00,5.2,6.2,0.0,0.0,6.25,5.08,67,0
2025-10-01T03:00,4.0,5.8,0.0,0.0,7.15,5.0,6,0
2025-10-01T04:00,3.5,5.4,0.0,0.0,6.56,4.79,15,0
2025-10-01T05:00,2.8,5.1,0.0,0.0,5.68,4.8,37,3
2025-10-01T06:00,2.6,5.2,11.0,12.0,5.33,4.37,22,8
2025-10-01T07:00,4.7,6.7,103.0,103.0,4.68,5.31,0,0
2025-10-01T08:00,7.8,9.1,237.0,235.0,3.78,4.82,0,0
2025-10-01T09:00,10.4,11.6,364.0,360.0,3.51,2.92,0,0
2025-10-01T10:00,12.1,13.5,462.0,457.0,2.94,3.19,0,0
2025-10-01T11:00,13.3,14.6,514.0,513.0,3.0,3.72,16,23
2025-10-01T12:00,14.0,14.8,477.0,440.0,3.4,3.6,72,50
2025-10-01T13:00,14.0,15.2,357.0,384.0,3.72,3.5,77,64
2025-10-01T14:00,14.2,15.3,333.0,310.0,3.61,3.75,25,74
2025-10-01T15:00,13.9,15.1,276.0,253.0,3.32,3.38,8,61
2025-10-01T16:00,12.7,14.5,156.0,137.0,3.97,4.0,23,66
2025-10-01T17:00,10.2,12.9,36.0,30.0,4.52,4.63,14,62
2025-10-01T18:00,8.5,10.6,0.0,0.0,4.61,3.88,0,8
2025-10-01T19:00,7.3,9.3,0.0,0.0,5.61,4.56,7,14
2025-10-01T20:00,6.6,8.7,0.0,0.0,6.2,6.39,3,40
2025-10-01T21:00,6.1,8.4,0.0,0.0,6.45,6.92,6,11
2025-10-01T22:00,5.6,7.9,0.0,0.0,6.18,6.64,16,0
2025-10-01T23:00,5.5,7.5,0.0,0.0,5.54,6.59,52,0
2025-10-02T00:00,5.0,8.7,0.0,0.0,5.49,5.83,8,90
2025-10-02T01:00,4.6,8.8,0.0,0.0,4.6,5.97,0,82
2025-10-02T02:00,4.1,8.5,0.0,0.0,4.12,5.51,0,72
2025-10-02T03:00,3.9,8.0,0.0,0.0,4.57,5.43,6,63
2025-10-02T04:00,3.6,7.3,0.0,0.0,4.7,5.46,6,34
2025-10-02T05:00,3.5,6.4,0.0,0.0,5.73,5.7,10,8
2025-10-02T06:00,3.3,6.1,10.0,9.0,6.49,5.21,15,47
2025-10-02T07:00,5.5,7.6,100.0,91.0,7.23,5.44,0,34
2025-10-02T08:00,8.6,10.0,233.0,227.0,6.69,5.48,0,5
2025-10-02T09:00,11.1,12.2,358.0,360.0,4.24,3.53,6,0
2025-10-02T10:00,12.8,14.0,456.0,456.0,5.06,3.86,0,0
2025-10-02T11:00,13.7,15.0,509.0,494.0,5.39,5.08,52,33
2025-10-02T12:00,14.0,15.1,503.0,522.0,5.63,5.68,86,11
2025-10-02T13:00,14.6,15.5,449.0,478.0,5.53,5.33,95,30
2025-10-02T14:00,14.9,15.6,381.0,384.0,4.9,5.28,28,42
2025-10-02T15:00,14.4,15.4,278.0,263.0,5.26,5.36,24,41
2025-10-02T16:00,13.2,14.6,150.0,144.0,5.49,5.71,0,33
2025-10-02T17:00,10.8,12.5,33.0,31.0,6.23,6.44,0,36
2025-10-02T18:00,9.1,10.7,0.0,0.0,6.26,6.17,61,26
2025-10-02T19:00,8.0,9.7,0.0,0.0,7.37,6.3,0,83
2025-10-02T20:00,7.2,8.9,0.0,0.0,7.51,6.67,8,77
2025-10-02T21:00,6.4,8.3,0.0,0.0,8.72,7.9,0,62
2025-10-02T22:00,6.6,8.0,0.0,0.0,10.15,9.42,0,18
2025-10-02T23:00,6.3,7.7,0.0,0.0,9.03,9.99,0,90
2025-10-03T00:00,5.1,6.7,0.0,0.0,9.14,9.61,0,0
2025-10-03T01:00,5.0,6.2,0.0,0.0,9.79,9.29,34,0
2025-10-03T02:00,4.7,5.8,0.0,0.0,9.25,9.51,0,0
2025-10-03T03:00,4.2,5.5,0.0,0.0,9.36,9.91,0,3
2025-10-03T04:00,4.0,5.2,0.0,0.0,8.77,10.35,0,6
2025-10-03T05:00,3.7,5.0,0.0,0.0,8.62,10.23,0,7
2025-10-03T06:00,4.0,6.0,8.0,8.0,8.67,10.48,85,68
2025-10-03T07:00,5.6,7.2,81.0,83.0,9.1,10.83,83,76
2025-10-03T08:00,8.1,9.3,179.0,212.0,8.28,9.9,100,53
2025-10-03T09:00,10.7,11.6,353.0,341.0,7.45,7.49,21,29
2025-10-03T10:00,12.9,13.6,446.0,438.0,7.58,7.61,0,100
2025-10-03T11:00,14.7,15.2,503.0,489.0,7.53,8.29,100,52
2025-10-03T12:00,15.5,15.7,490.0,475.0,9.89,8.51,100,58
2025-10-03T13:00,15.4,16.1,298.0,434.0,10.41,8.24,100,50
2025-10-03T14:00,14.9,16.0,182.0,369.0,9.96,8.33,100,54
2025-10-03T15:00,15.3,15.6,138.0,252.0,9.92,8.46,100,72
2025-10-03T16:00,14.5,14.7,73.0,121.0,9.99,8.79,100,63
2025-10-03T17:00,13.2,12.7,15.0,27.0,10.66,10.02,100,33
2025-10-03T18:00,12.3,12.6,0.0,0.0,11.88,9.64,100,66
2025-10-03T19:00,12.0,12.0,0.0,0.0,12.23,11.68,100,80
2025-10-03T20:00,11.4,11.6,0.0,0.0,12.19,12.72,100,100
2025-10-03T21:00,11.4,11.4,0.0,0.0,11.7,13.04,100,100
2025-10-03T22:00,10.9,11.1,0.0,0.0,12.68,12.84,100,100
2025-10-03T23:00,10.8,10.8,0.0,0.0,13.48,11.8,100,100
2025-10-04T00:00,10.1,10.7,0.0,0.0,15.09,13.15,100,100
2025-10-04T01:00,9.9,10.7,0.0,0.0,16.28,13.23,100,100
2025-10-04T02:00,9.9,10.7,0.0,0.0,16.98,13.03,100,100
2025-10-04T03:00,9.8,10.6,0.0,0.0,16.72,13.14,100,100
2025-10-04T04:00,9.7,10.1,0.0,0.0,16.73,14.51,100,100
2025-10-04T05:00,9.8,9.5,0.0,0.0,16.23,15.38,100,100
2025-10-04T06:00,10.1,10.3,0.0,0.0,13.79,16.06,100,100
2025-10-04T07:00,11.0,10.8,4.0,5.0,12.46,15.1,100,100
2025-10-04T08:00,11.6,11.4,12.0,8.0,11.15,12.1,100,100
2025-10-04T09:00,12.3,12.6,38.0,11.0,10.96,14.3,100,100
2025-10-04T10:00,13.1,12.8,48.0,30.0,10.09,9.81,100,100
2025-10-04T11:00,13.0,12.4,101.0,77.0,9.91,9.99,100,100
2025-10-04T12:00,13.4,13.2,122.0,111.0,11.02,11.57,93,100
2025-10-04T13:00,14.0,13.4,212.0,182.0,14.47,13.64,98,78
2025-10-04T14:00,13.9,13.2,168.0,211.0,10.94,14.16,69,81
2025-10-04T15:00,13.6,13.5,136.0,194.0,10.94,14.64,95,79
2025-10-04T16:00,12.8,12.8,112.0,99.0,10.69,15.13,62,78
2025-10-04T17:00,11.4,11.6,21.0,20.0,13.87,14.74,100,66
2025-10-04T18:00,10.3,10.4,0.0,0.0,14.89,15.88,100,100
2025-10-04T19:00,10.0,10.8,0.0,0.0,15.87,16.12,100,100
2025-10-04T20:00,10.0,10.8,0.0,0.0,12.08,15.04,100,100
2025-10-04T21:00,10.2,10.9,0.0,0.0,11.82,14.44,100,100
2025-10-04T22:00,10.6,11.0,0.0,0.0,14.51,14.94,100,100
2025-10-04T23:00,10.5,11.0,0.0,0.0,12.9,14.99,100,100
2025-10-05T00:00,10.0,11.2,0.0,0.0,12.22,15.62,100,100
2025-10-05T01:00,10.1,11.2,0.0,0.0,14.98,16.38,100,100
2025-10-05T02:00,10.2,11.0,0.0,0.0,15.46,16.95,81,100
2025-10-05T03:00,10.2,10.9,0.0,0.0,14.58,17.19,100,100
2025-10-05T04:00,10.2,10.8,0.0,0.0,14.81,16.88,100,100
2025-10-05T05:00,9.8,10.7,0.0,0.0,12.87,16.5,100,100
2025-10-05T06:00,9.9,11.1,2.0,4.0,14.48,14.92,100,100
2025-10-05T07:00,10.4,11.2,25.0,32.0,14.97,15.0,95,100
2025-10-05T08:00,10.8,11.2,86.0,47.0,14.09,15.22,100,100
2025-10-05T09:00,10.9,11.5,133.0,69.0,14.56,16.31,100,92
2025-10-05T10:00,10.8,12.2,99.0,162.0,14.0,17.57,100,100
2025-10-05T11:00,11.3,12.2,155.0,137.0,14.16,16.21,100,100
2025-10-05T12:00,12.0,11.7,83.0,78.0,13.12,13.95,100,100
2025-10-05T13:00,12.4,11.8,122.0,57.0,14.28,15.67,100,100
2025-10-05T14:00,11.9,11.8,88.0,46.0,10.96,14.96,100,100
2025-10-05T15:00,11.8,11.8,47.0,41.0,10.79,16.25,100,100
2025-10-05T16:00,12.1,11.8,28.0,39.0,10.54,16.72,98,100
2025-10-05T17:00,12.1,11.4,5.0,4.0,13.56,17.66,100,100
2025-10-05T18:00,11.6,13.3,0.0,0.0,11.68,16.31,99,94
2025-10-05T19:00,12.5,13.6,0.0,0.0,13.62,16.49,100,86
2025-10-05T20:00,12.7,13.8,0.0,0.0,15.3,16.65,100,82
2025-10-05T21:00,12.7,13.6,0.0,0.0,13.0,16.2,100,81
2025-10-05T22:00,13.1,13.5,0.0,0.0,12.1,15.88,98,93
2025-10-05T23:00,13.1,13.2,0.0,0.0,12.79,15.56,100,82
2025-10-06T00:00,12.9,13.3,0.0,0.0,12.86,15.43,100,90
2025-10-06T01:00,12.5,12.8,0.0,0.0,14.2,14.81,100,85
2025-10-06T02:00,12.6,12.9,0.0,0.0,14.87,14.17,100,99
2025-10-06T03:00,12.6,13.2,0.0,0.0,13.27,14.17,98,87
2025-10-06T04:00,12.4,12.7,0.0,0.0,11.91,13.32,100,45
2025-10-06T05:00,12.2,12.1,0.0,0.0,11.09,12.13,100,0
2025-10-06T06:00,11.8,11.7,5.0,3.0,11.6,10.6,98,90
2025-10-06T07:00,12.1,12.6,78.0,31.0,10.09,9.77,56,91
2025-10-06T08:00,13.2,13.9,191.0,118.0,9.25,8.47,100,96
2025-10-06T09:00,14.2,14.4,206.0,141.0,7.88,7.46,100,92
2025-10-06T10:00,15.1,14.6,218.0,126.0,8.53,9.22,100,98
2025-10-06T11:00,15.7,15.3,205.0,180.0,10.63,9.24,99,90
2025-10-06T12:00,15.6,15.3,190.0,169.0,8.78,9.24,96,96
2025-10-06T13:00,15.6,15.4,161.0,152.0,8.8,8.9,100,93
2025-10-06T14:00,15.1,15.7,80.0,196.0,8.51,8.29,100,97
2025-10-06T15:00,15.0,15.1,97.0,105.0,9.02,7.48,100,99
2025-10-06T16:00,14.7,14.8,58.0,48.0,8.59,7.33,98,100
2025-10-06T17:00,14.1,14.5,12.0,5.0,7.88,7.73,100,100
2025-10-06T18:00,13.6,14.4,0.0,0.0,7.06,7.13,98,95
2025-10-06T19:00,13.5,14.2,0.0,0.0,6.44,6.5,100,100
2025-10-06T20:00,13.5,14.0,0.0,0.0,5.85,6.48,100,100
2025-10-06T21:00,13.3,13.9,0.0,0.0,5.7,6.76,99,98
2025-10-06T22:00,13.1,13.7,0.0,0.0,5.33,5.58,95,95
2025-10-06T23:00,13.0,13.5,0.0,0.0,4.3,3.9,89,95
2025-10-07T00:00,13.0,13.2,0.0,0.0,3.19,5.62,100,97
2025-10-07T01:00,13.0,13.2,0.0,0.0,4.5,5.43,100,94
2025-10-07T02:00,13.1,13.2,0.0,0.0,4.75,4.82,100,94
2025-10-07T03:00,13.0,13.2,0.0,0.0,4.27,5.04,99,100
2025-10-07T04:00,13.0,13.5,0.0,0.0,4.5,6.42,99,99
2025-10-07T05:00,12.8,13.6,0.0,0.0,3.16,5.48,100,95
2025-10-07T06:00,13.0,13.2,2.0,1.0,4.61,4.52,100,100
2025-10-07T07:00,13.6,13.8,17.0,48.0,4.42,4.24,100,100
2025-10-07T08:00,14.3,14.7,38.0,116.0,4.32,5.19,100,100
2025-10-07T09:00,14.5,15.4,47.0,146.0,5.31,5.09,100,100
2025-10-07T10:00,14.6,15.7,66.0,162.0,5.55,4.84,100,99
2025-10-07T11:00,14.5,15.6,38.0,107.0,6.52,5.36,100,99
2025-10-07T12:00,14.8,15.5,78.0,121.0,5.62,4.89,100,100
2025-10-07T13:00,15.0,15.3,83.0,62.0,6.19,6.0,100,100
2025-10-07T14:00,15.1,15.1,57.0,42.0,5.78,5.96,100,99
2025-10-07T15:00,15.5,15.0,85.0,27.0,7.32,6.09,100,100
2025-10-07T16:00,15.3,14.8,42.0,21.0,6.74,6.49,100,100
2025-10-07T17:00,15.0,14.7,9.0,5.0,7.1,6.58,99,100
2025-10-07T18:00,15.2,14.9,0.0,0.0,7.92,6.54,100,100
2025-10-07T19:00,15.2,15.0,0.0,0.0,8.91,7.67,100,100
2025-10-07T20:00,15.2,15.1,0.0,0.0,8.42,8.55,100,99
2025-10-07T21:00,14.5,14.8,0.0,0.0,8.82,7.72,98,97
2025-10-07T22:00,13.8,14.5,0.0,0.0,8.9,8.26,100,100
2025-10-07T23:00,13.6,14.0,0.0,0.0,7.81,8.67,100,99
2025-10-08T00:00,13.0,13.9,0.0,0.0,8.03,8.25,100,100
2025-10-08T01:00,13.1,13.7,0.0,0.0,7.96,8.34,99,100
2025-10-08T02:00,13.0,13.6,0.0,0.0,8.3,8.12,100,100
2025-10-08T03:00,13.1,13.5,0.0,0.0,7.53,8.3,100,100
2025-10-08T04:00,12.9,13.3,0.0,0.0,7.31,8.37,100,100
2025-10-08T05:00,12.7,13.2,0.0,0.0,6.94,7.87,100,100
2025-10-08T06:00,12.4,12.8,2.0,2.0,6.89,8.56,100,100
2025-10-08T07:00,12.8,13.1,29.0,27.0,6.75,8.51,100,100
2025-10-08T08:00,13.2,13.5,61.0,61.0,6.66,8.06,100,100
2025-10-08T09:00,13.7,13.8,100.0,75.0,5.87,7.0,100,100
2025-10-08T10:00,14.1,13.9,72.0,47.0,6.4,7.3,100,100
2025-10-08T11:00,14.8,13.9,108.0,40.0,6.6,7.63,100,100
2025-10-08T12:00,13.7,13.9,30.0,49.0,6.42,7.34,100,100
2025-10-08T13:00,13.9,14.2,41.0,49.0,6.23,7.41,100,100
2025-10-08T14:00,14.5,14.2,59.0,24.0,7.15,7.25,100,94
2025-10-08T15:00,15.0,15.0,85.0,99.0,6.3,6.35,99,86
2025-10-08T16:00,14.6,14.3,36.0,65.0,6.09,6.81,100,54
2025-10-08T17:00,14.2,13.2,5.0,12.0,6.28,7.24,91,34
2025-10-08T18:00,13.4,12.2,0.0,0.0,7.09,5.92,46,38
2025-10-08T19:00,12.9,11.8,0.0,0.0,7.12,6.49,98,55
2025-10-08T20:00,12.1,11.1,0.0,0.0,6.54,6.27,67,57
2025-10-08T21:00,10.7,10.7,0.0,0.0,6.85,6.09,12,57
2025-10-08T22:00,10.5,10.5,0.0,0.0,7.42,5.13,77,62
2025-10-08T23:00,11.1,10.4,0.0,0.0,8.98,5.02,78,70
2025-10-09T00:00,10.6,10.8,0.0,0.0,6.27,5.21,14,84
2025-10-09T01:00,10.5,10.8,0.0,0.0,7.06,4.33,96,74
2025-10-09T02:00,10.8,11.1,0.0,0.0,7.56,3.94,86,100
2025-10-09T03:00,10.9,10.8,0.0,0.0,7.26,1.82,79,82
2025-10-09T04:00,10.5,11.1,0.0,0.0,6.8,5.89,47,99
2025-10-09T05:00,9.7,11.2,0.0,0.0,5.85,7.09,1,66
2025-10-09T06:00,9.6,10.8,2.0,3.0,4.43,5.56,100,50
2025-10-09T07:00,10.6,11.2,32.0,60.0,4.02,5.39,100,59
2025-10-09T08:00,11.8,11.8,65.0,81.0,5.33,6.54,100,100
2025-10-09T09:00,13.5,12.5,144.0,122.0,5.52,7.23,94,63
2025-10-09T10:00,13.7,13.4,205.0,206.0,6.86,7.64,100,100
2025-10-09T11:00,13.8,13.3,97.0,101.0,7.81,8.51,100,100
2025-10-09T12:00,14.0,13.8,130.0,113.0,8.33,10.43,100,100
2025-10-09T13:00,13.7,14.0,79.0,80.0,8.37,10.82,100,100
2025-10-09T14:00,13.7,14.0,40.0,47.0,9.25,10.84,100,100
2025-10-09T15:00,13.9,14.0,44.0,39.0,9.84,11.6,100,100
2025-10-09T16:00,14.0,14.1,22.0,21.0,9.94,11.84,100,100
2025-10-09T17:00,13.7,13.8,3.0,7.0,10.25,11.28,100,94
2025-10-09T18:00,13.5,13.9,0.0,0.0,9.47,11.54,100,100
2025-10-09T19:00,13.5,13.7,0.0,0.0,9.62,10.88,100,100
2025-10-09T20:00,13.5,13.8,0.0,0.0,9.77,11.31,100,100
2025-10-09T21:00,13.4,13.6,0.0,0.0,9.83,11.56,100,100
2025-10-09T22:00,13.1,13.8,0.0,0.0,9.11,11.53,100,100
2025-10-09T23:00,12.8,13.9,0.0,0.0,9.61,11.68,100,100
2025-10-10T00:00,13.6,13.5,0.0,0.0,10.12,12.12,69,100
2025-10-10T01:00,13.3,13.5,0.0,0.0,11.39,12.39,76,79
2025-10-10T02:00,12.7,13.1,0.0,0.0,10.69,11.66,78,57
2025-10-10T03:00,12.1,12.7,0.0,0.0,11.09,10.36,96,73
2025-10-10T04:00,12.3,13.0,0.0,0.0,10.83,10.14,97,72
2025-10-10T05:00,12.0,13.1,0.0,0.0,9.83,10.35,9,33
2025-10-10T06:00,11.8,11.9,2.0,2.0,10.84,8.95,54,12
2025-10-10T07:00,12.6,12.4,62.0,66.0,9.77,9.01,11,45
2025-10-10T08:00,14.0,13.6,183.0,166.0,8.25,9.72,0,77
2025-10-10T09:00,15.0,15.0,301.0,230.0,8.88,8.92,3,83
2025-10-10T10:00,15.9,15.8,388.0,274.0,9.01,9.38,41,81
2025-10-10T11:00,16.2,15.9,360.0,293.0,10.39,9.37,91,91
2025-10-10T12:00,15.8,16.5,266.0,245.0,9.46,11.04,96,86
2025-10-10T13:00,16.1,16.3,209.0,231.0,10.78,11.35,95,91
2025-10-10T14:00,15.8,15.9,153.0,171.0,10.47,11.39,87,79
2025-10-10T15:00,15.5,15.5,174.0,139.0,10.05,10.96,75,69
2025-10-10T16:00,14.8,14.9,88.0,76.0,9.12,11.07,99,70
2025-10-10T17:00,14.1,14.4,9.0,8.0,8.89,10.7,100,78
2025-10-10T18:00,14.0,14.3,0.0,0.0,8.96,9.8,99,90
2025-10-10T19:00,13.7,14.1,0.0,0.0,8.72,9.88,99,78
2025-10-10T20:00,13.7,13.8,0.0,0.0,8.71,9.78,96,78
2025-10-10T21:00,13.9,13.8,0.0,0.0,7.68,9.21,80,77
2025-10-10T22:00,13.8,13.6,0.0,0.0,7.75,8.33,94,75
2025-10-10T23:00,13.5,13.2,0.0,0.0,8.27,8.63,70,81
2025-10-11T00:00,13.4,13.1,0.0,0.0,8.4,9.2,67,73
2025-10-11T01:00,12.7,13.2,0.0,0.0,7.92,9.6,70,71
2025-10-11T02:00,12.4,13.1,0.0,0.0,8.36,9.6,78,54
2025-10-11T03:00,12.5,13.0,0.0,0.0,7.81,9.6,82,77
2025-10-11T04:00,12.4,13.1,0.0,0.0,7.38,8.91,87,65
2025-10-11T05:00,12.4,12.7,0.0,0.0,7.33,9.81,100,58
2025-10-11T06:00,13.2,12.9,1.0,1.0,7.16,9.01,88,57
2025-10-11T07:00,13.3,12.9,24.0,56.0,6.66,9.11,97,56
2025-10-11T08:00,13.8,13.7,79.0,141.0,7.02,8.82,73,54
2025-10-11T09:00,14.3,14.3,160.0,192.0,7.37,9.21,69,92
2025-10-11T10:00,14.3,14.8,153.0,207.0,6.97,8.33,88,70
2025-10-11T11:00,14.9,14.9,272.0,244.0,7.93,9.03,78,93
2025-10-11T12:00,15.3,15.1,329.0,237.0,7.65,9.21,74,83
2025-10-11T13:00,14.9,15.1,183.0,229.0,7.84,8.77,100,72
2025-10-11T14:00,14.4,15.1,98.0,237.0,8.29,9.41,100,61
2025-10-11T15:00,14.0,14.6,60.0,165.0,7.99,10.11,100,60
2025-10-11T16:00,13.6,14.0,22.0,69.0,7.96,9.98,97,75
2025-10-11T17:00,13.1,13.2,5.0,6.0,7.66,9.61,100,69
2025-10-11T18:00,13.0,12.8,0.0,0.0,8.51,9.32,100,87
2025-10-11T19:00,12.5,12.8,0.0,0.0,8.28,8.65,63,76
2025-10-11T20:00,12.1,12.8,0.0,0.0,7.12,8.21,72,100
2025-10-11T21:00,12.5,12.6,0.0,0.0,9.41,7.49,100,52
2025-10-11T22:00,12.3,11.7,0.0,0.0,9.09,7.69,72,76
2025-10-11T23:00,12.3,11.8,0.0,0.0,8.66,9.33,88,92
2025-10-12T00:00,12.4,12.2,0.0,0.0,8.47,8.74,71,69
2025-10-12T01:00,12.3,12.4,0.0,0.0,8.32,8.76,87,90
2025-10-12T02:00,12.4,12.7,0.0,0.0,9.05,9.95,91,95
2025-10-12T03:00,12.4,13.1,0.0,0.0,8.15,10.69,97,100
2025-10-12T04:00,12.5,13.3,0.0,0.0,8.88,10.8,96,91
2025-10-12T05:00,12.7,13.4,0.0,0.0,8.68,11.36,100,100
2025-10-12T06:00,13.2,13.4,0.0,1.0,9.11,10.32,100,99
2025-10-12T07:00,13.3,13.8,6.0,19.0,8.82,10.3,100,97
2025-10-12T08:00,13.7,14.3,16.0,63.0,9.38,10.17,100,94
2025-10-12T09:00,14.2,14.8,31.0,112.0,7.94,9.21,100,93
2025-10-12T10:00,14.6,15.4,45.0,156.0,7.94,9.62,100,100
2025-10-12T11:00,15.2,15.0,111.0,96.0,7.27,9.69,100,100
2025-10-12T12:00,16.5,14.7,261.0,44.0,8.61,9.04,99,100
2025-10-12T13:00,15.8,15.0,212.0,54.0,8.84,8.39,100,100
2025-10-12T14:00,15.6,14.9,123.0,39.0,7.92,8.06,100,100
2025-10-12T15:00,14.9,14.9,81.0,36.0,8.29,7.51,100,87
2025-10-12T16:00,14.2,14.6,41.0,42.0,8.68,7.47,86,59
2025-10-12T17:00,13.7,13.7,4.0,6.0,9.01,8.28,90,75
2025-10-12T18:00,13.7,13.9,0.0,0.0,7.3,7.15,100,85
2025-10-12T19:00,13.3,13.4,0.0,0.0,6.89,6.88,85,95
2025-10-12T20:00,12.6,13.1,0.0,0.0,6.14,7.56,61,91
2025-10-12T21:00,12.1,13.0,0.0,0.0,5.42,6.14,61,95
2025-10-12T22:00,11.6,12.8,0.0,0.0,5.3,5.87,88,91
2025-10-12T23:00,11.5,12.6,0.0,0.0,4.91,6.14,96,86
2025-10-13T00:00,13.1,12.0,0.0,0.0,5.02,5.52,100,91
2025-10-13T01:00,12.5,12.2,0.0,0.0,5.17,4.59,81,98
2025-10-13T02:00,12.2,12.3,0.0,0.0,4.77,5.55,78,98
2025-10-13T03:00,12.6,12.0,0.0,0.0,4.21,5.25,100,100
2025-10-13T04:00,12.6,11.5,0.0,0.0,4.35,5.04,100,100
2025-10-13T05:00,12.5,10.8,0.0,0.0,4.82,4.75,100,100
2025-10-13T06:00,12.1,11.9,1.0,1.0,3.04,3.61,99,99
2025-10-13T07:00,12.3,11.9,35.0,25.0,2.6,3.88,91,95
2025-10-13T08:00,12.8,12.2,144.0,126.0,1.76,3.34,59,38
2025-10-13T09:00,12.3,13.1,294.0,273.0,1.9,1.87,0,18
2025-10-13T10:00,13.7,14.1,385.0,374.0,1.46,1.76,0,22
2025-10-13T11:00,15.0,15.0,438.0,431.0,1.12,1.31,0,0
2025-10-13T12:00,15.4,15.2,442.0,443.0,0.83,0.57,0,4
2025-10-13T13:00,15.8,15.5,404.0,403.0,1.45,0.98,0,1
2025-10-13T14:00,15.7,15.5,324.0,322.0,1.9,1.0,6,6
2025-10-13T15:00,15.1,15.2,211.0,210.0,1.76,1.14,48,11
2025-10-13T16:00,13.6,14.2,87.0,87.0,2.51,1.46,14,42
2025-10-13T17:00,12.3,12.9,6.0,7.0,4.04,1.71,47,23
2025-10-13T18:00,11.1,12.3,0.0,0.0,3.61,4.79,1,21
2025-10-13T19:00,10.5,11.6,0.0,0.0,3.8,5.56,0,28
2025-10-13T20:00,9.9,11.2,0.0,0.0,4.65,5.41,0,48
2025-10-13T21:00,11.0,11.3,0.0,0.0,4.92,4.79,88,93
2025-10-13T22:00,11.2,11.9,0.0,0.0,4.56,5.79,95,99
2025-10-13T23:00,11.8,12.4,0.0,0.0,5.15,6.81,100,100
2025-10-14T00:00,12.8,12.0,0.0,0.0,6.58,6.36,100,94
2025-10-14T01:00,13.0,12.5,0.0,0.0,6.86,6.78,98,95
2025-10-14T02:00,13.1,12.5,0.0,0.0,7.22,6.45,100,84
2025-10-14T03:00,13.2,12.5,0.0,0.0,7.02,7.15,100,94
2025-10-14T04:00,12.9,12.3,0.0,0.0,6.82,7.3,100,84
2025-10-14T05:00,12.5,12.1,0.0,0.0,6.94,7.29,91,64
2025-10-14T06:00,11.4,11.4,0.0,1.0,5.79,8.27,100,50
2025-10-14T07:00,11.9,11.7,11.0,27.0,6.15,7.42,100,91
2025-10-14T08:00,12.6,12.5,71.0,77.0,5.53,6.65,100,90
2025-10-14T09:00,13.4,13.2,137.0,93.0,5.13,5.41,100,100
2025-10-14T10:00,13.8,13.4,166.0,72.0,5.1,5.68,72,100
2025-10-14T11:00,14.4,14.7,273.0,200.0,5.39,5.57,99,76
2025-10-14T12:00,15.0,15.0,311.0,361.0,4.37,3.48,60,47
2025-10-14T13:00,15.1,15.3,270.0,345.0,3.97,2.98,54,48
2025-10-14T14:00,15.0,15.3,181.0,279.0,4.47,2.7,87,55
2025-10-14T15:00,14.9,15.1,91.0,180.0,4.84,2.69,100,49
2025-10-14T16:00,14.4,14.4,33.0,72.0,4.09,3.29,79,46
2025-10-14T17:00,13.6,13.5,4.0,5.0,3.47,2.56,100,45
2025-10-14T18:00,12.8,13.3,0.0,0.0,2.27,3.66,45,70
2025-10-14T19:00,11.8,12.8,0.0,0.0,2.84,3.49,61,77
2025-10-14T20:00,11.1,12.2,0.0,0.0,3.04,3.12,41,60
2025-10-14T21:00,9.7,11.6,0.0,0.0,3.53,2.57,32,24
2025-10-14T22:00,9.5,11.2,0.0,0.0,3.73,1.98,46,8
2025-10-14T23:00,9.3,10.8,0.0,0.0,3.34,1.71,58,35
2025-10-15T00:00,8.9,10.4,0.0,0.0,2.55,2.19,8,59
2025-10-15T01:00,8.6,10.1,0.0,0.0,2.16,2.02,12,53
2025-10-15T02:00,8.2,9.6,0.0,0.0,1.52,1.93,40,62
2025-10-15T03:00,7.9,9.4,0.0,0.0,1.18,2.63,65,66
2025-10-15T04:00,6.9,9.1,0.0,0.0,1.08,2.19,100,85
2025-10-15T05:00,7.2,9.1,0.0,0.0,2.16,2.08,100,95
2025-10-15T06:00,8.9,8.6,0.0,0.0,3.61,2.18,100,100
2025-10-15T07:00,9.2,9.0,22.0,25.0,3.43,2.73,100,100
2025-10-15T08:00,10.3,9.9,73.0,76.0,3.19,2.47,100,100
2025-10-15T09:00,12.4,10.9,72.0,119.0,4.44,1.67,100,98
2025-10-15T10:00,13.2,12.3,123.0,167.0,3.97,1.45,100,98
2025-10-15T11:00,13.7,14.2,125.0,195.0,3.88,2.31,100,92
2025-10-15T12:00,13.8,15.3,91.0,148.0,5.38,4.29,100,98
2025-10-15T13:00,13.6,15.4,51.0,165.0,5.66,5.06,100,94
2025-10-15T14:00,13.3,14.6,38.0,105.0,6.39,6.51,100,93
2025-10-15T15:00,12.7,14.3,29.0,85.0,5.97,5.75,100,94
2025-10-15T16:00,12.3,13.5,15.0,34.0,6.04,6.03,100,94
2025-10-15T17:00,12.0,12.7,1.0,2.0,8.18,5.19,100,93
2025-10-15T18:00,12.2,12.5,0.0,0.0,6.71,6.99,100,79
2025-10-15T19:00,11.8,11.8,0.0,0.0,6.88,7.41,91,47
2025-10-15T20:00,11.6,10.9,0.0,0.0,6.49,7.28,100,7
2025-10-15T21:00,11.6,10.5,0.0,0.0,7.25,6.99,85,56
2025-10-15T22:00,11.6,10.8,0.0,0.0,8.43,8.58,95,95
2025-10-15T23:00,11.6,11.3,0.0,0.0,7.16,8.68,79,94
2025-10-16T00:00,11.6,11.6,0.0,0.0,6.11,7.77,98,94
2025-10-16T01:00,11.5,11.8,0.0,0.0,5.79,6.74,99,87
2025-10-16T02:00,11.8,11.8,0.0,0.0,7.14,5.96,87,79
2025-10-16T03:00,11.5,11.4,0.0,0.0,6.88,6.54,47,63
2025-10-16T04:00,11.0,11.0,0.0,0.0,6.77,7.35,100,50
2025-10-16T05:00,11.2,11.1,0.0,0.0,7.1,8.51,100,58
2025-10-16T06:00,11.5,11.3,0.0,0.0,7.59,7.81,87,67
2025-10-16T07:00,12.1,11.7,12.0,29.0,8.18,8.9,100,51
2025-10-16T08:00,12.6,12.9,73.0,147.0,8.66,9.0,81,57
2025-10-16T09:00,13.0,13.9,131.0,191.0,7.56,9.62,91,55
2025-10-16T10:00,14.1,14.6,181.0,264.0,9.89,8.45,100,53
2025-10-16T11:00,14.6,15.0,216.0,272.0,10.54,9.07,98,73
2025-10-16T12:00,14.8,15.3,182.0,322.0,9.95,9.04,100,77
2025-10-16T13:00,15.1,15.1,198.0,271.0,10.5,9.63,97,61
2025-10-16T14:00,14.7,14.5,135.0,254.0,10.18,9.84,81,56
2025-10-16T15:00,14.2,13.7,167.0,165.0,9.6,9.64,52,51
2025-10-16T16:00,13.1,12.7,70.0,64.0,9.0,9.79,9,51
2025-10-16T17:00,12.0,12.1,4.0,3.0,9.64,9.9,64,74
2025-10-16T18:00,11.5,11.7,0.0,0.0,8.8,9.46,49,38
2025-10-16T19:00,11.0,11.2,0.0,0.0,8.19,9.43,85,56
2025-10-16T20:00,10.6,11.3,0.0,0.0,7.55,8.95,82,45
2025-10-16T21:00,9.6,11.0,0.0,0.0,8.82,9.42,74,65
2025-10-16T22:00,9.4,11.0,0.0,0.0,7.72,10.06,4,37
2025-10-16T23:00,9.2,10.4,0.0,0.0,7.9,9.31,40,41
2025-10-17T00:00,9.6,10.7,0.0,0.0,7.21,8.94,37,67
2025-10-17T01:00,9.1,10.7,0.0,0.0,7.15,8.45,52,70
2025-10-17T02:00,9.5,10.6,0.0,0.0,7.41,8.34,69,63
2025-10-17T03:00,9.5,10.5,0.0,0.0,8.02,8.05,81,51
2025-10-17T04:00,9.5,10.5,0.0,0.0,7.3,8.13,96,87
2025-10-17T05:00,9.8,10.4,0.0,0.0,5.9,8.26,96,56
2025-10-17T06:00,10.5,10.2,0.0,0.0,5.55,7.34,93,84
2025-10-17T07:00,10.7,10.2,24.0,29.0,5.61,7.0,100,63
2025-10-17T08:00,11.3,10.4,61.0,111.0,5.83,6.79,100,72
2025-10-17T09:00,11.2,11.0,209.0,241.0,6.43,8.09,79,66
2025-10-17T10:00,11.8,11.4,328.0,301.0,7.79,7.76,50,84
2025-10-17T11:00,11.9,11.9,319.0,328.0,8.34,5.96,79,68
2025-10-17T12:00,11.7,11.8,247.0,280.0,8.59,9.1,51,86
2025-10-17T13:00,11.2,11.9,222.0,311.0,9.57,9.33,93,51
2025-10-17T14:00,11.1,11.5,175.0,205.0,8.25,10.34,73,50
2025-10-17T15:00,10.8,11.1,88.0,169.0,8.17,9.75,100,50
2025-10-17T16:00,10.0,10.4,32.0,63.0,7.58,9.16,52,67
2025-10-17T17:00,9.0,9.8,2.0,3.0,8.45,9.92,61,96
2025-10-17T18:00,8.9,9.0,0.0,0.0,7.92,9.3,75,56
2025-10-17T19:00,8.7,8.4,0.0,0.0,7.72,9.51,39,28
2025-10-17T20:00,7.5,7.7,0.0,0.0,7.57,10.29,17,24
2025-10-17T21:00,6.1,7.2,0.0,0.0,7.0,9.59,0,69
2025-10-17T22:00,6.2,7.2,0.0,0.0,6.91,9.53,89,43
2025-10-17T23:00,5.9,6.6,0.0,0.0,6.52,9.5,14,17
2025-10-18T00:00,5.1,6.7,0.0,0.0,6.58,5.43,0,34
2025-10-18T01:00,5.0,6.1,0.0,0.0,5.49,4.37,0,0
2025-10-18T02:00,4.7,5.6,0.0,0.0,4.1,4.04,0,0
2025-10-18T03:00,4.6,5.3,0.0,0.0,6.67,4.0,49,38
2025-10-18T04:00,4.1,5.0,0.0,0.0,5.61,4.29,0,6
2025-10-18T05:00,3.8,4.7,0.0,0.0,5.01,3.61,0,2
2025-10-18T06:00,3.0,3.7,0.0,0.0,4.74,3.21,0,13
2025-10-18T07:00,3.4,4.2,44.0,45.0,3.88,3.26,0,21
2025-10-18T08:00,5.1,5.9,161.0,154.0,3.13,2.77,0,32
2025-10-18T09:00,7.1,7.6,277.0,269.0,1.27,2.34,0,1
2025-10-18T10:00,8.7,9.0,368.0,369.0,0.39,0.89,9,0
2025-10-18T11:00,10.0,10.1,418.0,419.0,0.35,1.79,8,30
2025-10-18T12:00,10.2,10.4,398.0,385.0,0.49,1.29,57,50
2025-10-18T13:00,10.3,10.5,300.0,331.0,0.49,1.21,69,57
2025-10-18T14:00,10.2,10.4,194.0,253.0,1.49,1.46,94,57
2025-10-18T15:00,10.0,9.9,154.0,157.0,1.69,2.07,63,50
2025-10-18T16:00,9.2,9.0,51.0,57.0,1.04,2.12,67,50
2025-10-18T17:00,8.2,7.7,1.0,2.0,2.22,3.23,80,59
2025-10-18T18:00,5.7,6.4,0.0,0.0,4.82,4.23,34,45
2025-10-18T19:00,5.2,5.8,0.0,0.0,5.55,5.03,38,92
2025-10-18T20:00,4.7,5.4,0.0,0.0,5.97,5.49,54,95
2025-10-18T21:00,4.3,5.1,0.0,0.0,6.37,6.36,84,88
2025-10-18T22:00,3.9,4.9,0.0,0.0,6.74,6.58,34,56
2025-10-18T23:00,3.5,4.5,0.0,0.0,7.16,6.79,89,35
2025-10-19T00:00,3.3,4.6,0.0,0.0,7.59,6.94,95,100
2025-10-19T01:00,3.3,4.7,0.0,0.0,7.82,7.38,100,100
2025-10-19T02:00,3.3,4.6,0.0,0.0,8.02,9.57,100,100
2025-10-19T03:00,2.9,4.5,0.0,0.0,8.02,9.18,100,92
2025-10-19T04:00,3.1,4.3,0.0,0.0,8.49,9.68,100,100
2025-10-19T05:00,3.3,4.2,0.0,0.0,9.86,10.47,100,100
2025-10-19T06:00,3.2,3.2,0.0,0.0,9.29,10.47,100,77
2025-10-19T07:00,3.7,3.6,29.0,35.0,9.98,10.01,100,91
2025-10-19T08:00,4.7,4.7,100.0,120.0,9.08,9.52,100,81
2025-10-19T09:00,6.3,6.1,210.0,232.0,8.32,7.9,83,45
2025-10-19T10:00,7.6,7.6,320.0,342.0,8.11,6.75,86,63
2025-10-19T11:00,8.8,9.1,346.0,389.0,7.49,7.43,88,34
2025-10-19T12:00,9.9,10.0,379.0,405.0,7.69,8.04,90,36
2025-10-19T13:00,10.4,10.5,348.0,372.0,7.78,8.53,26,11
2025-10-19T14:00,10.6,10.5,296.0,290.0,8.22,8.73,10,13
2025-10-19T15:00,10.4,9.9,181.0,176.0,9.06,9.21,0,39
2025-10-19T16:00,9.1,8.7,62.0,59.0,9.51,10.88,0,39
2025-10-19T17:00,7.7,7.5,1.0,1.0,10.4,11.82,0,4
2025-10-19T18:00,6.1,6.7,0.0,0.0,10.67,11.84,0,58
2025-10-19T19:00,5.7,6.4,0.0,0.0,11.5,12.09,0,59
2025-10-19T20:00,5.3,6.3,0.0,0.0,11.17,11.6,0,69
2025-10-19T21:00,4.8,6.2,0.0,0.0,10.41,11.8,14,73
2025-10-19T22:00,4.4,6.2,0.0,0.0,9.94,11.37,6,89
2025-10-19T23:00,4.1,6.4,0.0,0.0,9.99,10.22,10,99
2025-10-20T00:00,3.7,5.6,0.0,0.0,9.7,10.63,95,81
2025-10-20T01:00,3.6,5.5,0.0,0.0,9.55,10.81,95,100
2025-10-20T02:00,3.3,5.5,0.0,0.0,9.4,10.96,100,65
2025-10-20T03:00,3.2,5.4,0.0,0.0,9.98,11.39,72,86
2025-10-20T04:00,3.2,5.7,0.0,0.0,10.33,11.9,100,97
2025-10-20T05:00,3.5,5.9,0.0,0.0,10.67,12.29,100,100
2025-10-20T06:00,4.5,6.0,0.0,0.0,10.41,12.41,100,100
2025-10-20T07:00,5.2,6.6,13.0,19.0,10.37,12.64,100,100
2025-10-20T08:00,6.2,7.7,52.0,60.0,10.44,12.8,100,100
2025-10-20T09:00,7.8,8.6,111.0,71.0,9.74,12.07,100,100
2025-10-20T10:00,9.4,9.2,167.0,52.0,9.27,11.83,92,100
2025-10-20T11:00,10.9,9.9,212.0,47.0,9.0,12.19,100,100
2025-10-20T12:00,11.0,10.5,128.0,41.0,8.98,11.17,100,99
2025-10-20T13:00,10.8,10.9,49.0,50.0,10.22,10.92,100,100
2025-10-20T14:00,10.6,11.0,35.0,28.0,10.03,10.66,100,100
2025-10-20T15:00,11.4,11.4,52.0,25.0,9.61,10.88,100,100
2025-10-20T16:00,11.3,11.6,22.0,13.0,9.18,10.6,100,100
2025-10-20T17:00,10.7,11.6,0.0,0.0,9.29,10.73,100,100
2025-10-20T18:00,11.1,11.5,0.0,0.0,10.28,11.35,100,98
2025-10-20T19:00,11.0,11.2,0.0,0.0,10.17,11.26,100,95
2025-10-20T20:00,10.8,11.2,0.0,0.0,9.93,12.07,100,99
2025-10-20T21:00,10.6,11.2,0.0,0.0,9.83,12.19,95,100
2025-10-20T22:00,10.5,11.3,0.0,0.0,9.64,12.03,100,100
2025-10-20T23:00,10.5,11.3,0.0,0.0,10.14,11.99,100,84
2025-10-21T00:00,10.9,10.8,0.0,0.0,10.3,11.65,88,97
2025-10-21T01:00,10.8,11.0,0.0,0.0,9.99,11.93,100,100
2025-10-21T02:00,11.1,11.6,0.0,0.0,10.21,12.53,100,100
2025-10-21T03:00,11.6,12.0,0.0,0.0,10.83,11.82,98,97
2025-10-21T04:00,11.5,11.9,0.0,0.0,10.85,12.3,100,100
2025-10-21T05:00,11.7,12.0,0.0,0.0,10.96,12.68,92,100
2025-10-21T06:00,11.9,12.1,0.0,0.0,10.97,12.4,88,89
2025-10-21T07:00,12.1,12.3,21.0,18.0,11.68,12.97,96,99
2025-10-21T08:00,12.5,13.0,62.0,70.0,11.99,13.03,98,100
2025-10-21T09:00,13.2,13.5,89.0,106.0,11.57,13.08,97,97
2025-10-21T10:00,13.4,13.8,101.0,131.0,11.97,13.89,100,100
2025-10-21T11:00,13.5,14.0,126.0,199.0,12.03,12.55,95,99
2025-10-21T12:00,13.2,14.3,94.0,171.0,13.2,11.47,100,96
2025-10-21T13:00,13.2,14.0,68.0,121.0,11.89,12.93,95,92
2025-10-21T14:00,13.2,13.8,72.0,88.0,11.06,10.92,100,83
2025-10-21T15:00,12.9,13.6,33.0,80.0,12.05,11.43,100,89
2025-10-21T16:00,12.6,13.4,16.0,20.0,11.75,11.31,100,94
2025-10-21T17:00,12.6,13.0,0.0,0.0,12.03,11.67,76,90
2025-10-21T18:00,12.6,12.7,0.0,0.0,11.5,11.22,94,87
2025-10-21T19:00,12.5,12.5,0.0,0.0,10.96,11.2,100,93
2025-10-21T20:00,12.3,12.2,0.0,0.0,10.63,10.66,98,91
2025-10-21T21:00,11.8,12.1,0.0,0.0,10.48,10.52,96,95
2025-10-21T22:00,11.6,11.8,0.0,0.0,10.94,11.33,98,97
2025-10-21T23:00,11.4,11.6,0.0,0.0,10.39,10.96,100,100
2025-10-22T00:00,11.2,11.8,0.0,0.0,10.07,11.38,96,75
2025-10-22T01:00,11.2,11.6,0.0,0.0,9.61,11.03,100,58
2025-10-22T02:00,11.3,11.6,0.0,0.0,9.58,11.35,98,85
2025-10-22T03:00,11.2,11.4,0.0,0.0,9.77,11.48,97,89
2025-10-22T04:00,11.0,11.7,0.0,0.0,9.48,11.3,99,93
2025-10-22T05:00,11.0,11.9,0.0,0.0,9.44,11.29,96,85
2025-10-22T06:00,11.1,11.6,0.0,0.0,9.43,10.61,100,97
2025-10-22T07:00,11.4,11.9,11.0,17.0,9.55,10.19,100,100
2025-10-22T08:00,11.8,12.4,48.0,80.0,8.64,9.15,100,92
2025-10-22T09:00,12.4,13.1,85.0,169.0,9.08,10.1,100,79
2025-10-22T10:00,13.0,13.6,107.0,220.0,8.37,9.08,100,69
2025-10-22T11:00,13.2,14.4,128.0,313.0,9.07,9.77,98,57
2025-10-22T12:00,13.7,14.7,178.0,292.0,7.5,7.34,100,60
2025-10-22T13:00,14.4,14.2,252.0,244.0,8.13,6.74,96,79
2025-10-22T14:00,14.3,13.8,243.0,190.0,7.56,5.83,89,89
2025-10-22T15:00,13.7,13.3,159.0,108.0,5.83,5.48,7,100
2025-10-22T16:00,12.4,12.8,49.0,33.0,5.31,4.93,90,100
2025-10-22T17:00,12.1,11.7,0.0,0.0,6.54,4.59,97,96
2025-10-22T18:00,11.3,11.3,0.0,0.0,4.84,3.61,100,100
2025-10-22T19:00,10.8,10.8,0.0,0.0,4.32,3.53,75,100
2025-10-22T20:00,10.1,10.6,0.0,0.0,4.09,3.8,97,94
2025-10-22T21:00,10.0,10.2,0.0,0.0,3.37,4.56,51,74
2025-10-22T22:00,9.1,9.9,0.0,0.0,3.92,5.33,99,76
2025-10-22T23:00,9.0,9.9,0.0,0.0,4.8,5.19,98,65
2025-10-23T00:00,9.5,8.4,0.0,0.0,6.25,5.23,86,72
2025-10-23T01:00,8.8,8.5,0.0,0.0,6.25,6.65,100,92
2025-10-23T02:00,8.6,8.3,0.0,0.0,8.49,7.51,100,57
2025-10-23T03:00,8.9,8.2,0.0,0.0,10.55,9.06,100,85
2025-10-23T04:00,9.0,8.4,0.0,0.0,11.26,11.45,100,100
2025-10-23T05:00,9.3,8.7,0.0,0.0,11.73,12.84,100,100
2025-10-23T06:00,10.2,9.6,0.0,0.0,11.4,12.23,100,100
2025-10-23T07:00,10.7,9.9,4.0,5.0,12.86,12.98,100,100
2025-10-23T08:00,11.3,10.2,8.0,12.0,11.74,12.84,100,100
2025-10-23T09:00,11.7,10.8,20.0,27.0,11.3,13.31,100,92
2025-10-23T10:00,12.8,11.7,67.0,78.0,10.9,11.6,100,96
2025-10-23T11:00,13.8,13.0,103.0,116.0,8.89,10.52,98,100
2025-10-23T12:00,15.3,15.4,105.0,236.0,9.55,9.8,100,100
2025-10-23T13:00,14.3,15.3,75.0,147.0,8.06,10.17,100,100
2025-10-23T14:00,14.0,14.9,80.0,65.0,6.94,9.15,93,100
2025-10-23T15:00,13.0,14.4,64.0,29.0,8.55,11.0,0,100
2025-10-23T16:00,12.4,13.3,47.0,17.0,9.12,12.21,39,100
2025-10-23T17:00,11.0,12.6,0.0,0.0,11.42,10.25,15,47
2025-10-23T18:00,11.9,12.2,0.0,0.0,15.19,10.21,73,89
2025-10-23T19:00,10.8,11.8,0.0,0.0,12.31,10.65,100,87
2025-10-23T20:00,10.8,11.1,0.0,0.0,13.09,10.39,100,75
2025-10-23T21:00,10.5,10.5,0.0,0.0,12.25,10.12,95,94
2025-10-23T22:00,10.0,10.5,0.0,0.0,10.01,8.67,98,100
2025-10-23T23:00,9.7,10.4,0.0,0.0,10.78,6.38,96,100
2025-10-24T00:00,9.9,9.9,0.0,0.0,9.48,11.96,100,71
2025-10-24T01:00,9.9,9.6,0.0,0.0,11.73,10.55,100,64
2025-10-24T02:00,10.5,9.6,0.0,0.0,17.41,9.87,100,98
2025-10-24T03:00,10.2,10.0,0.0,0.0,16.95,12.84,100,100
2025-10-24T04:00,10.2,10.6,0.0,0.0,16.31,16.76,100,100
2025-10-24T05:00,10.4,10.5,0.0,0.0,18.34,18.61,100,100
2025-10-24T06:00,10.2,10.5,0.0,0.0,16.28,17.19,100,86
2025-10-24T07:00,10.2,10.5,15.0,10.0,17.06,20.23,99,95
2025-10-24T08:00,10.2,10.7,46.0,36.0,17.83,21.17,99,100
2025-10-24T09:00,9.6,10.5,60.0,50.0,20.2,18.34,100,100
2025-10-24T10:00,9.7,10.8,67.0,68.0,22.31,20.33,100,100
2025-10-24T11:00,9.4,10.8,120.0,125.0,20.86,21.32,100,100
2025-10-24T12:00,10.1,10.5,94.0,67.0,19.09,18.75,100,100
2025-10-24T13:00,10.3,10.6,99.0,72.0,18.41,18.83,100,100
2025-10-24T14:00,10.7,10.6,69.0,54.0,16.91,18.12,100,100
2025-10-24T15:00,10.9,10.7,77.0,47.0,18.4,18.03,98,100
2025-10-24T16:00,10.3,10.6,25.0,17.0,17.3,17.56,64,100
2025-10-24T17:00,9.9,10.5,0.0,0.0,16.53,17.89,81,100
2025-10-24T18:00,9.7,10.5,0.0,0.0,16.35,18.06,82,96
2025-10-24T19:00,9.3,10.2,0.0,0.0,15.82,17.67,74,94
2025-10-24T20:00,8.9,10.0,0.0,0.0,15.58,16.89,97,94
2025-10-24T21:00,8.3,9.7,0.0,0.0,14.84,16.36,58,87
2025-10-24T22:00,8.0,9.3,0.0,0.0,14.65,15.26,89,92
2025-10-24T23:00,7.9,9.2,0.0,0.0,14.29,15.96,60,92
2025-10-25T00:00,7.8,9.8,0.0,0.0,13.96,18.57,56,99
2025-10-25T01:00,7.8,9.7,0.0,0.0,13.61,18.78,100,98
2025-10-25T02:00,7.8,9.6,0.0,0.0,13.76,18.37,100,95
2025-10-25T03:00,8.0,9.5,0.0,0.0,13.11,17.48,79,99
2025-10-25T04:00,8.1,9.5,0.0,0.0,13.7,17.28,100,98
2025-10-25T05:00,8.1,9.4,0.0,0.0,13.2,16.42,100,98
2025-10-25T06:00,8.0,8.8,0.0,0.0,13.36,15.12,100,98
2025-10-25T07:00,8.4,9.1,8.0,8.0,13.19,13.94,100,98
2025-10-25T08:00,8.7,9.5,30.0,46.0,12.67,13.48,97,100
2025-10-25T09:00,8.7,9.5,30.0,52.0,14.61,14.6,100,100
2025-10-25T10:00,9.0,10.1,28.0,89.0,15.22,14.24,100,100
2025-10-25T11:00,9.1,9.8,35.0,61.0,13.6,13.62,100,100
2025-10-25T12:00,9.1,9.7,33.0,54.0,13.48,13.39,100,100
2025-10-25T13:00,9.7,9.8,49.0,50.0,12.82,12.07,100,100
2025-10-25T14:00,10.2,10.4,46.0,52.0,11.12,11.92,100,100
2025-10-25T15:00,10.3,11.2,23.0,32.0,10.63,13.73,100,100
2025-10-25T16:00,11.6,11.7,11.0,11.0,12.67,16.53,100,100
2025-10-25T17:00,11.4,11.4,0.0,0.0,11.91,16.19,95,100
2025-10-25T18:00,10.3,11.0,0.0,0.0,10.09,15.67,100,100
2025-10-25T19:00,9.8,10.8,0.0,0.0,12.32,15.81,97,100
2025-10-25T20:00,9.4,10.6,0.0,0.0,12.46,16.42,91,100
2025-10-25T21:00,8.5,10.4,0.0,0.0,12.99,16.27,86,100
2025-10-25T22:00,8.3,10.1,0.0,0.0,12.92,15.19,92,100
2025-10-25T23:00,7.5,9.7,0.0,0.0,13.51,15.04,100,89
2025-10-26T00:00,7.2,8.8,0.0,0.0,14.38,15.41,79,79
2025-10-26T01:00,6.9,8.5,0.0,0.0,14.83,16.15,95,70
2025-10-26T02:00,6.9,8.3,0.0,0.0,15.32,16.28,98,71
2025-10-26T03:00,6.5,8.1,0.0,0.0,15.18,16.36,98,90
2025-10-26T04:00,6.7,7.9,0.0,0.0,16.17,15.95,100,95
2025-10-26T05:00,6.8,8.0,0.0,0.0,17.5,17.32,92,92
2025-10-26T06:00,6.8,7.7,0.0,0.0,16.91,17.39,100,99
2025-10-26T07:00,6.7,7.7,2.0,5.0,14.14,17.48,100,100
2025-10-26T08:00,7.3,8.3,26.0,24.0,10.79,15.58,100,100
2025-10-26T09:00,7.7,9.5,48.0,67.0,9.43,13.97,100,100
2025-10-26T10:00,10.0,11.6,80.0,96.0,11.45,14.23,100,100
2025-10-26T11:00,11.3,11.8,104.0,132.0,13.45,15.91,100,100
2025-10-26T12:00,12.0,11.9,133.0,186.0,13.54,13.96,100,100
2025-10-26T13:00,11.1,11.8,79.0,172.0,14.99,15.09,100,100
2025-10-26T14:00,10.5,11.1,38.0,99.0,14.12,16.25,100,100
2025-10-26T15:00,10.4,10.1,25.0,36.0,16.3,15.62,100,100
2025-10-26T16:00,10.3,9.9,8.0,6.0,14.0,16.65,100,100
2025-10-26T17:00,10.1,10.0,0.0,0.0,15.84,14.08,100,74
2025-10-26T18:00,10.0,9.9,0.0,0.0,12.76,16.57,100,100
2025-10-26T19:00,9.2,9.7,0.0,0.0,11.68,14.8,100,100
2025-10-26T20:00,8.2,9.2,0.0,0.0,12.75,14.7,100,70
2025-10-26T21:00,7.6,8.7,0.0,0.0,13.8,14.38,100,97
2025-10-26T22:00,7.5,8.6,0.0,0.0,14.81,13.95,100,100
2025-10-26T23:00,7.3,8.3,0.0,0.0,13.23,13.17,100,100
2025-10-27T00:00,6.8,7.9,0.0,0.0,12.13,12.13,100,100
2025-10-27T01:00,6.3,7.4,0.0,0.0,11.58,11.54,100,100
2025-10-27T02:00,6.3,7.0,0.0,0.0,10.81,9.58,100,100
2025-10-27T03:00,6.4,7.0,0.0,0.0,10.39,8.98,100,97
2025-10-27T04:00,6.6,7.2,0.0,0.0,9.38,8.68,100,100
2025-10-27T05:00,7.1,7.3,0.0,0.0,8.35,6.45,100,100
2025-10-27T06:00,7.9,7.1,0.0,0.0,11.34,6.36,100,100
2025-10-27T07:00,8.1,7.1,5.0,5.0,9.6,6.63,100,100
2025-10-27T08:00,8.9,7.4,26.0,43.0,7.18,5.59,100,88
2025-10-27T09:00,8.8,8.9,76.0,139.0,7.59,6.94,100,98
2025-10-27T10:00,9.2,9.3,147.0,173.0,7.17,8.58,100,100
2025-10-27T11:00,9.9,9.8,125.0,242.0,4.95,9.32,85,80
2025-10-27T12:00,10.2,9.5,154.0,153.0,6.96,10.53,96,100
2025-10-27T13:00,9.6,9.8,114.0,170.0,7.21,11.5,100,96
2025-10-27T14:00,10.4,9.7,93.0,163.0,10.18,10.38,90,90
2025-10-27T15:00,9.4,9.4,103.0,106.0,11.49,11.76,100,74
2025-10-27T16:00,8.6,9.1,15.0,28.0,8.93,11.64,100,52
2025-10-27T17:00,8.8,8.9,0.0,0.0,9.26,11.56,100,96
2025-10-27T18:00,8.6,9.2,0.0,0.0,9.86,11.2,100,76
2025-10-27T19:00,8.2,9.4,0.0,0.0,8.7,13.11,74,69
2025-10-27T20:00,8.8,9.2,0.0,0.0,9.46,11.63,100,63
2025-10-27T21:00,8.4,9.4,0.0,0.0,7.93,13.32,96,49
2025-10-27T22:00,9.6,9.0,0.0,0.0,11.71,13.38,87,63
2025-10-27T23:00,9.6,8.8,0.0,0.0,16.5,14.08,86,58
2025-10-28T00:00,9.4,8.6,0.0,0.0,14.13,12.72,100,32
2025-10-28T01:00,8.1,8.3,0.0,0.0,9.52,10.97,94,65
2025-10-28T02:00,8.3,7.6,0.0,0.0,12.02,11.34,100,71
2025-10-28T03:00,8.0,7.5,0.0,0.0,9.37,12.71,93,84
2025-10-28T04:00,7.7,7.2,0.0,0.0,10.78,11.57,95,100
2025-10-28T05:00,7.0,7.2,0.0,0.0,10.12,11.09,100,100
2025-10-28T06:00,6.7,7.4,0.0,0.0,11.06,10.85,100,100
2025-10-28T07:00,6.8,7.4,10.0,5.0,10.78,12.07,100,99
2025-10-28T08:00,7.4,7.2,45.0,36.0,10.67,9.98,100,100
2025-10-28T09:00,7.5,7.1,38.0,45.0,7.7,7.27,100,100
2025-10-28T10:00,7.8,7.3,28.0,56.0,8.37,7.47,100,93
2025-10-28T11:00,9.2,7.6,64.0,85.0,10.54,6.11,100,99
2025-10-28T12:00,11.6,11.5,112.0,142.0,13.66,15.8,100,81
2025-10-28T13:00,11.8,11.4,136.0,184.0,13.25,17.07,100,75
2025-10-28T14:00,11.6,11.4,123.0,163.0,13.42,13.92,88,69
2025-10-28T15:00,11.1,11.0,64.0,97.0,12.46,14.11,98,99
2025-10-28T16:00,10.8,10.6,12.0,14.0,13.32,15.16,100,100
2025-10-28T17:00,10.4,10.5,0.0,0.0,12.95,14.14,54,99
2025-10-28T18:00,9.8,10.1,0.0,0.0,13.41,13.05,62,98
2025-10-28T19:00,9.7,10.0,0.0,0.0,13.37,13.79,94,75
2025-10-28T20:00,9.5,9.8,0.0,0.0,12.31,13.63,94,78
2025-10-28T21:00,9.5,9.8,0.0,0.0,13.41,14.42,51,68
2025-10-28T22:00,9.3,9.6,0.0,0.0,14.07,14.7,92,66
2025-10-28T23:00,9.1,9.4,0.0,0.0,13.86,14.65,0,46
2025-10-29T00:00,8.7,8.6,0.0,0.0,12.72,12.85,39,55
2025-10-29T01:00,8.4,8.4,0.0,0.0,12.45,13.02,54,53
2025-10-29T02:00,8.3,8.4,0.0,0.0,10.66,13.78,50,50
2025-10-29T03:00,8.2,8.0,0.0,0.0,11.35,13.56,83,44
2025-10-29T04:00,8.3,7.7,0.0,0.0,10.9,13.18,100,97
2025-10-29T05:00,7.8,7.6,0.0,0.0,10.62,12.67,74,64
2025-10-29T06:00,7.6,8.1,0.0,0.0,10.39,12.41,74,100
2025-10-29T07:00,7.7,8.7,12.0,8.0,9.72,11.54,95,99
2025-10-29T08:00,8.7,9.3,60.0,50.0,9.62,11.4,96,95
2025-10-29T09:00,9.6,10.0,83.0,95.0,9.54,10.6,100,98
2025-10-29T10:00,10.1,10.6,86.0,102.0,9.13,10.76,100,100
2025-10-29T11:00,10.3,10.7,79.0,71.0,8.99,10.08,100,100
2025-10-29T12:00,10.8,11.3,58.0,120.0,8.88,8.24,100,100
2025-10-29T13:00,11.6,11.2,83.0,66.0,11.06,8.44,100,100
2025-10-29T14:00,12.7,11.4,124.0,44.0,10.65,9.1,99,100
2025-10-29T15:00,12.2,11.6,59.0,30.0,10.71,10.54,100,100
2025-10-29T16:00,11.7,11.4,9.0,10.0,10.13,10.38,100,100
2025-10-29T17:00,11.5,11.2,0.0,0.0,10.78,11.76,100,100
2025-10-29T18:00,11.3,11.4,0.0,0.0,10.44,10.57,100,100
2025-10-29T19:00,11.2,11.3,0.0,0.0,10.82,9.74,100,100
2025-10-29T20:00,10.7,11.2,0.0,0.0,9.67,10.21,100,100
2025-10-29T21:00,10.4,11.5,0.0,0.0,8.49,10.78,100,100
2025-10-29T22:00,10.2,11.3,0.0,0.0,8.6,10.4,100,100
2025-10-29T23:00,10.0,11.2,0.0,0.0,7.63,9.99,100,100
2025-10-30T00:00,10.1,11.1,0.0,0.0,7.71,9.7,100,100
2025-10-30T01:00,10.1,11.0,0.0,0.0,7.85,9.54,100,100
2025-10-30T02:00,10.1,10.8,0.0,0.0,7.7,7.39,100,100
2025-10-30T03:00,9.9,10.6,0.0,0.0,6.57,5.2,100,100
2025-10-30T04:00,10.0,10.1,0.0,0.0,7.71,3.76,100,100
2025-10-30T05:00,10.2,9.8,0.0,0.0,8.34,4.7,100,100
2025-10-30T06:00,9.5,10.1,0.0,0.0,8.59,9.81,100,69
2025-10-30T07:00,9.8,9.9,8.0,9.0,10.91,10.49,88,79
2025-10-30T08:00,10.2,10.4,63.0,55.0,10.52,9.65,26,89
2025-10-30T09:00,11.2,10.7,95.0,162.0,12.46,10.9,77,70
2025-10-30T10:00,11.6,11.0,220.0,251.0,9.64,12.18,95,59
2025-10-30T11:00,11.7,11.0,180.0,279.0,10.73,10.5,60,87
2025-10-30T12:00,11.9,10.8,199.0,218.0,11.44,13.92,100,76
2025-10-30T13:00,12.2,11.3,207.0,211.0,11.0,14.65,45,58
2025-10-30T14:00,12.1,11.7,162.0,201.0,11.1,14.76,96,79
2025-10-30T15:00,11.6,11.7,104.0,78.0,11.9,14.69,47,88
2025-10-30T16:00,10.8,11.1,24.0,15.0,11.45,13.95,0,72
2025-10-30T17:00,10.0,10.7,0.0,0.0,10.69,12.54,49,63
2025-10-30T18:00,9.8,10.1,0.0,0.0,11.19,10.97,55,53
2025-10-30T19:00,9.2,9.3,0.0,0.0,12.23,10.39,31,45
2025-10-30T20:00,8.8,8.4,0.0,0.0,10.7,9.81,66,43
2025-10-30T21:00,8.6,8.1,0.0,0.0,9.17,10.31,100,60
2025-10-30T22:00,8.2,7.8,0.0,0.0,9.54,9.73,96,82
2025-10-30T23:00,7.6,7.1,0.0,0.0,8.97,9.38,100,84
2025-10-31T00:00,7.7,7.3,0.0,0.0,8.52,9.04,100,76
2025-10-31T01:00,7.2,6.9,0.0,0.0,6.88,8.55,100,88
2025-10-31T02:00,6.8,6.4,0.0,0.0,7.07,8.02,94,97
2025-10-31T03:00,6.5,6.2,0.0,0.0,6.72,7.07,100,95
2025-10-31T04:00,6.4,6.1,0.0,0.0,6.5,5.73,100,91
2025-10-31T05:00,6.2,6.1,0.0,0.0,6.94,5.99,76,100
2025-10-31T06:00,6.0,5.5,0.0,0.0,7.58,7.18,100,99
2025-10-31T07:00,6.1,5.7,11.0,10.0,8.32,8.13,100,100
2025-10-31T08:00,7.0,6.6,49.0,65.0,8.46,8.54,100,100
2025-10-31T09:00,8.3,7.7,155.0,104.0,7.63,8.57,100,100
2025-10-31T10:00,9.4,8.9,224.0,181.0,6.44,8.27,100,100
2025-10-31T11:00,10.5,10.0,265.0,243.0,6.44,5.83,100,98
2025-10-31T12:00,11.3,10.7,277.0,258.0,6.37,5.95,100,100
2025-10-31T13:00,11.6,11.1,252.0,213.0,6.27,6.17,100,100
2025-10-31T14:00,11.3,11.3,151.0,172.0,6.66,6.41,100,100
2025-10-31T15:00,10.8,10.9,77.0,73.0,7.53,7.9,100,100
2025-10-31T16:00,9.8,10.2,16.0,10.0,8.52,8.72,100,92
2025-10-31T17:00,9.3,9.8,0.0,0.0,9.07,9.12,100,100
2025-10-31T18:00,9.2,9.3,0.0,0.0,9.61,9.09,100,100
2025-10-31T19:00,8.9,9.1,0.0,0.0,9.57,8.75,100,100
2025-10-31T20:00,8.7,8.9,0.0,0.0,8.13,8.82,100,84
2025-10-31T21:00,8.7,8.7,0.0,0.0,8.08,8.46,100,80
2025-10-31T22:00,8.5,8.5,0.0,0.0,7.94,8.44,93,57
2025-10-31T23:00,8.4,8.4,0.0,0.0,8.39,9.08,77,83
2025-11-01T00:00,7.9,9.6,0.0,0.0,8.44,9.59,58,66
2025-11-01T01:00,8.0,9.5,0.0,0.0,8.99,9.53,46,41
2025-11-01T02:00,8.0,9.2,0.0,0.0,8.84,9.15,0,0
2025-11-01T03:00,7.8,9.0,0.0,0.0,9.01,9.09,44,100
2025-11-01T04:00,7.8,9.0,0.0,0.0,9.6,9.51,0,100
2025-11-01T05:00,8.0,9.2,0.0,0.0,9.46,10.41,0,57
2025-11-01T06:00,7.3,9.8,0.0,0.0,10.04,10.59,100,92
2025-11-01T07:00,7.8,10.1,9.0,8.0,10.73,11.58,100,100
2025-11-01T08:00,9.1,10.9,76.0,49.0,10.67,11.48,94,100
2025-11-01T09:00,10.8,12.2,175.0,101.0,9.83,11.0,100,100
2025-11-01T10:00,12.1,13.2,204.0,105.0,9.46,10.34,100,100
2025-11-01T11:00,12.8,14.0,167.0,110.0,9.56,10.48,100,100
2025-11-01T12:00,13.1,14.3,89.0,144.0,9.87,9.91,100,100
2025-11-01T13:00,13.0,14.3,67.0,74.0,9.74,9.6,100,100
2025-11-01T14:00,12.9,13.7,30.0,33.0,10.9,10.64,100,100
2025-11-01T15:00,13.2,13.5,15.0,18.0,11.46,11.61,100,100
2025-11-01T16:00,13.1,13.5,2.0,3.0,11.69,11.99,100,100
2025-11-01T17:00,12.8,13.8,0.0,0.0,8.26,12.75,100,100
2025-11-01T18:00,12.1,12.8,0.0,0.0,9.29,7.5,68,100
2025-11-01T19:00,11.6,12.0,0.0,0.0,10.61,8.81,76,5
2025-11-01T20:00,11.0,11.1,0.0,0.0,10.26,10.95,25,40
2025-11-01T21:00,10.3,11.0,0.0,0.0,10.26,11.58,15,73
2025-11-01T22:00,9.9,10.9,0.0,0.0,10.8,10.76,38,68
2025-11-01T23:00,9.6,10.6,0.0,0.0,11.22,10.07,25,75
2025-11-02T00:00,9.4,10.1,0.0,0.0,10.41,10.14,9,66
2025-11-02T01:00,9.0,9.7,0.0,0.0,9.73,9.88,46,55
2025-11-02T02:00,8.7,9.4,0.0,0.0,9.42,10.24,53,43
2025-11-02T03:00,8.6,9.1,0.0,0.0,10.34,10.25,41,44
2025-11-02T04:00,8.4,9.0,0.0,0.0,9.53,10.39,87,42
2025-11-02T05:00,9.0,8.8,0.0,0.0,10.07,10.69,76,100
2025-11-02T06:00,8.7,9.1,0.0,0.0,10.19,12.11,99,73
2025-11-02T07:00,8.8,9.6,6.0,6.0,10.04,11.48,100,100
2025-11-02T08:00,9.2,10.1,50.0,41.0,9.38,9.43,100,100
2025-11-02T09:00,10.0,10.5,78.0,107.0,9.31,8.95,98,100
2025-11-02T10:00,10.7,11.1,149.0,128.0,10.8,7.01,100,100
2025-11-02T11:00,11.6,11.5,162.0,181.0,8.98,6.8,100,99
2025-11-02T12:00,12.4,11.6,250.0,184.0,8.02,7.43,82,100
2025-11-02T13:00,12.3,11.7,222.0,200.0,6.69,6.64,100,70
2025-11-02T14:00,12.2,11.4,173.0,141.0,5.9,5.89,98,100
2025-11-02T15:00,11.5,11.2,90.0,63.0,6.52,6.25,1,100
2025-11-02T16:00,9.9,10.2,19.0,12.0,5.69,6.41,0,100
2025-11-02T17:00,8.8,9.5,0.0,0.0,5.8,6.58,0,60
2025-11-02T18:00,9.6,8.7,0.0,0.0,7.87,5.83,71,48
2025-11-02T19:00,8.7,8.3,0.0,0.0,7.34,5.75,100,47
2025-11-02T20:00,8.3,8.0,0.0,0.0,8.1,5.97,100,64
2025-11-02T21:00,8.0,8.1,0.0,0.0,7.06,7.36,100,90
2025-11-02T22:00,7.9,7.8,0.0,0.0,8.24,7.23,96,100
2025-11-02T23:00,7.8,7.5,0.0,0.0,8.08,7.86,98,57
2025-11-03T00:00,8.5,7.1,0.0,0.0,8.08,6.59,100,82
2025-11-03T01:00,8.5,7.0,0.0,0.0,8.21,7.39,96,91
2025-11-03T02:00,8.5,7.3,0.0,0.0,8.45,8.2,100,79
2025-11-03T03:00,8.4,7.1,0.0,0.0,8.84,8.06,100,61
2025-11-03T04:00,8.2,7.0,0.0,0.0,9.66,8.74,59,75
2025-11-03T05:00,7.4,7.4,0.0,0.0,10.28,8.34,52,100
2025-11-03T06:00,6.5,7.9,0.0,0.0,10.3,9.83,88,88
2025-11-03T07:00,6.3,7.5,8.0,7.0,10.69,10.11,24,43
2025-11-03T08:00,6.9,7.5,67.0,84.0,9.37,10.79,100,39
2025-11-03T09:00,8.0,8.3,141.0,186.0,9.26,8.82,100,32
2025-11-03T10:00,8.8,9.3,178.0,262.0,8.94,8.92,100,100
2025-11-03T11:00,9.0,9.9,115.0,248.0,9.3,8.5,98,96
2025-11-03T12:00,9.3,9.0,93.0,74.0,9.64,10.67,97,98
2025-11-03T13:00,9.3,9.1,70.0,59.0,10.51,11.65,100,98
2025-11-03T14:00,9.3,9.4,24.0,26.0,11.24,12.32,100,100
2025-11-03T15:00,10.0,9.6,25.0,13.0,10.92,11.94,99,96
2025-11-03T16:00,10.2,9.8,4.0,3.0,10.78,12.29,99,98
2025-11-03T17:00,10.4,10.2,0.0,0.0,11.26,12.91,100,98
2025-11-03T18:00,10.8,11.0,0.0,0.0,11.72,13.1,100,98
2025-11-03T19:00,10.9,11.3,0.0,0.0,11.77,12.68,100,100
2025-11-03T20:00,11.1,11.6,0.0,0.0,11.64,11.57,100,100
2025-11-03T21:00,11.1,11.8,0.0,0.0,11.25,11.58,100,96
2025-11-03T22:00,11.1,11.8,0.0,0.0,11.53,11.37,100,100
2025-11-03T23:00,11.1,11.9,0.0,0.0,11.25,11.22,100,98
2025-11-04T00:00,11.1,11.7,0.0,0.0,11.43,11.8,100,100
2025-11-04T01:00,11.1,11.5,0.0,0.0,11.61,11.62,99,100
2025-11-04T02:00,11.0,11.4,0.0,0.0,11.33,11.62,98,98
2025-11-04T03:00,10.6,11.4,0.0,0.0,10.85,11.83,96,100
2025-11-04T04:00,10.4,11.3,0.0,0.0,11.0,12.03,79,89
2025-11-04T05:00,10.4,11.2,0.0,0.0,10.68,12.07,98,100
2025-11-04T06:00,11.3,11.4,0.0,0.0,10.65,11.97,100,98
2025-11-04T07:00,11.4,11.6,4.0,3.0,10.57,11.93,100,99
2025-11-04T08:00,11.8,11.7,33.0,30.0,10.11,10.58,100,92
2025-11-04T09:00,11.9,12.1,68.0,75.0,9.51,10.28,100,91
2025-11-04T10:00,12.4,12.4,97.0,95.0,9.15,10.74,96,99
2025-11-04T11:00,12.8,13.0,138.0,174.0,9.63,9.66,100,100
2025-11-04T12:00,12.8,13.4,126.0,176.0,8.82,8.54,100,100
2025-11-04T13:00,13.1,13.5,145.0,133.0,8.47,9.31,100,100
2025-11-04T14:00,13.4,13.2,108.0,102.0,7.9,8.98,100,93
2025-11-04T15:00,13.3,12.9,68.0,69.0,9.09,9.79,100,98
2025-11-04T16:00,12.6,12.2,10.0,11.0,8.83,10.63,100,93
2025-11-04T17:00,11.6,11.8,0.0,0.0,9.89,11.65,88,91
2025-11-04T18:00,11.3,11.9,0.0,0.0,10.13,9.66,100,99
2025-11-04T19:00,11.1,11.5,0.0,0.0,9.88,9.58,90,88
2025-11-04T20:00,10.9,11.0,0.0,0.0,10.05,10.32,100,100
2025-11-04T21:00,10.8,10.7,0.0,0.0,9.36,11.11,100,100
2025-11-04T22:00,10.7,10.5,0.0,0.0,9.01,11.08,100,97
2025-11-04T23:00,10.5,10.3,0.0,0.0,8.86,11.03,100,100
2025-11-05T00:00,9.9,9.9,0.0,0.0,9.55,10.69,100,89
2025-11-05T01:00,9.6,9.5,0.0,0.0,9.78,10.51,100,100
2025-11-05T02:00,9.7,9.4,0.0,0.0,8.77,10.68,100,96
2025-11-05T03:00,9.4,9.1,0.0,0.0,9.38,9.93,100,89
2025-11-05T04:00,9.5,9.1,0.0,0.0,10.5,9.63,100,97
2025-11-05T05:00,9.4,9.0,0.0,0.0,9.48,9.94,100,75
2025-11-05T06:00,9.7,10.4,0.0,0.0,10.23,10.59,100,89
2025-11-05T07:00,9.6,10.3,3.0,4.0,9.61,10.72,100,78
2025-11-05T08:00,9.9,10.9,48.0,55.0,9.49,10.57,100,84
2025-11-05T09:00,11.3,11.9,165.0,127.0,8.84,9.38,30,75
2025-11-05T10:00,12.5,13.1,238.0,221.0,7.56,8.33,46,80
2025-11-05T11:00,13.6,14.1,282.0,243.0,6.4,7.77,42,57
2025-11-05T12:00,14.5,15.2,298.0,288.0,6.67,5.85,5,58
2025-11-05T13:00,14.8,15.4,263.0,235.0,6.69,6.38,0,54
2025-11-05T14:00,14.5,15.2,187.0,162.0,7.23,7.06,79,95
2025-11-05T15:00,14.5,14.2,87.0,82.0,7.5,8.33,54,67
2025-11-05T16:00,12.7,12.6,11.0,11.0,7.32,9.81,38,57
2025-11-05T17:00,11.6,11.8,0.0,0.0,7.25,10.61,85,3
2025-11-05T18:00,11.8,10.5,0.0,0.0,7.55,9.2,71,49
2025-11-05T19:00,11.2,10.1,0.0,0.0,8.03,9.67,80,53
2025-11-05T20:00,11.0,9.9,0.0,0.0,8.53,9.22,76,41
2025-11-05T21:00,10.9,9.4,0.0,0.0,7.45,9.08,88,100
2025-11-05T22:00,10.4,9.0,0.0,0.0,7.32,8.63,73,31
2025-11-05T23:00,10.0,8.6,0.0,0.0,7.15,8.17,46,2
2025-11-06T00:00,9.7,8.4,0.0,0.0,6.04,9.12,48,80
2025-11-06T01:00,9.1,8.4,0.0,0.0,6.14,8.72,82,67
2025-11-06T02:00,8.5,8.3,0.0,0.0,6.23,8.14,40,68
2025-11-06T03:00,8.3,8.0,0.0,0.0,6.06,7.54,85,93
2025-11-06T04:00,7.9,7.7,0.0,0.0,5.96,6.76,100,100
2025-11-06T05:00,7.6,7.6,0.0,0.0,6.02,6.09,100,100
2025-11-06T06:00,6.8,7.1,0.0,0.0,5.39,7.22,28,100
2025-11-06T07:00,6.4,6.9,5.0,5.0,5.43,7.27,5,85
2025-11-06T08:00,7.2,7.6,71.0,64.0,4.78,6.82,4,100
2025-11-06T09:00,9.4,8.9,170.0,135.0,6.03,7.51,24,100
2025-11-06T10:00,10.8,10.3,248.0,210.0,5.0,7.51,55,52
2025-11-06T11:00,12.2,11.5,293.0,280.0,3.97,6.73,35,47
2025-11-06T12:00,12.9,13.0,294.0,303.0,3.42,5.48,1,5
2025-11-06T13:00,13.5,13.3,268.0,263.0,4.44,6.21,0,43
2025-11-06T14:00,13.4,12.9,193.0,177.0,5.88,6.9,2,100
2025-11-06T15:00,12.2,11.7,91.0,80.0,5.88,7.55,0,100
2025-11-06T16:00,9.9,10.0,11.0,10.0,7.27,7.77,20,100
2025-11-06T17:00,8.6,8.9,0.0,0.0,8.47,8.65,23,69
2025-11-06T18:00,7.9,8.3,0.0,0.0,8.38,9.08,85,92
2025-11-06T19:00,7.4,7.7,0.0,0.0,8.59,9.03,93,75
2025-11-06T20:00,6.8,7.1,0.0,0.0,7.78,7.89,84,86
2025-11-06T21:00,6.2,6.7,0.0,0.0,7.51,7.32,0,87
2025-11-06T22:00,5.7,6.3,0.0,0.0,6.37,6.41,0,19
2025-11-06T23:00,5.3,5.9,0.0,0.0,6.05,5.49,0,4
2025-11-07T00:00,4.9,6.0,0.0,0.0,5.6,6.88,0,35
2025-11-07T01:00,4.6,5.6,0.0,0.0,5.38,6.11,5,57
2025-11-07T02:00,4.2,5.4,0.0,0.0,5.28,5.61,8,83
2025-11-07T03:00,3.8,5.1,0.0,0.0,4.83,5.49,10,55
2025-11-07T04:00,3.5,4.9,0.0,0.0,4.96,5.38,7,35
2025-11-07T05:00,3.4,4.7,0.0,0.0,4.71,5.35,75,34
2025-11-07T06:00,2.8,4.0,0.0,0.0,5.39,4.14,100,38
2025-11-07T07:00,2.9,3.8,3.0,5.0,5.56,4.02,100,46
2025-11-07T08:00,3.5,4.6,47.0,66.0,5.09,4.09,98,25
2025-11-07T09:00,4.7,6.1,123.0,162.0,4.31,3.75,87,7
2025-11-07T10:00,7.2,7.9,223.0,243.0,3.93,3.52,0,0
2025-11-07T11:00,9.4,9.3,290.0,291.0,2.58,3.35,55,0
2025-11-07T12:00,10.8,11.3,196.0,297.0,2.57,3.09,100,17
2025-11-07T13:00,11.2,12.0,108.0,258.0,2.28,2.35,75,1
2025-11-07T14:00,11.2,12.1,96.0,183.0,2.69,2.46,98,69
2025-11-07T15:00,10.8,11.3,34.0,80.0,2.02,2.83,100,100
2025-11-07T16:00,10.2,10.2,4.0,8.0,1.67,2.68,97,91
2025-11-07T17:00,9.8,9.2,0.0,0.0,1.67,2.45,100,99
2025-11-07T18:00,10.0,8.0,0.0,0.0,2.81,2.23,100,76
2025-11-07T19:00,9.9,8.0,0.0,0.0,2.97,2.23,100,77
2025-11-07T20:00,9.8,7.8,0.0,0.0,2.51,1.58,93,85
2025-11-07T21:00,9.8,7.6,0.0,0.0,2.06,0.93,100,88
2025-11-07T22:00,9.8,7.6,0.0,0.0,1.55,0.83,100,87
2025-11-07T23:00,9.4,7.6,0.0,0.0,1.15,0.4,100,87
2025-11-08T00:00,8.5,8.9,0.0,0.0,1.19,0.28,100,96
2025-11-08T01:00,8.4,8.8,0.0,0.0,0.98,0.98,100,96
2025-11-08T02:00,8.3,8.7,0.0,0.0,0.53,1.41,100,98
2025-11-08T03:00,7.6,8.6,0.0,0.0,0.66,1.67,100,100
2025-11-08T04:00,7.6,8.6,0.0,0.0,1.46,1.97,100,99
2025-11-08T05:00,7.7,8.6,0.0,0.0,2.1,2.19,100,100
2025-11-08T06:00,8.2,8.0,0.0,0.0,2.76,0.88,100,100
2025-11-08T07:00,8.2,8.0,1.0,1.0,2.67,1.06,100,100
2025-11-08T08:00,8.4,8.2,18.0,19.0,2.16,1.4,100,100
2025-11-08T09:00,8.8,8.5,41.0,43.0,2.22,1.55,100,100
2025-11-08T10:00,9.2,8.9,75.0,60.0,1.64,1.58,100,100
2025-11-08T11:00,9.6,9.1,96.0,64.0,1.47,1.46,100,100
2025-11-08T12:00,9.0,8.6,88.0,64.0,0.35,0.9,100,100
2025-11-08T13:00,9.2,8.7,120.0,71.0,1.21,1.28,90,100
2025-11-08T14:00,9.1,8.7,73.0,49.0,0.79,1.5,100,100
2025-11-08T15:00,8.7,8.7,20.0,22.0,0.77,1.31,100,100
2025-11-08T16:00,8.6,8.6,3.0,3.0,0.98,1.28,100,100
2025-11-08T17:00,8.4,8.5,0.0,0.0,1.36,0.84,100,100
2025-11-08T18:00,7.8,8.7,0.0,0.0,0.29,2.75,100,100
2025-11-08T19:00,7.7,8.5,0.0,0.0,0.69,2.66,100,100
2025-11-08T20:00,7.5,8.3,0.0,0.0,0.83,2.42,100,100
2025-11-08T21:00,7.6,8.1,0.0,0.0,0.69,2.06,100,100
2025-11-08T22:00,7.5,8.0,0.0,0.0,1.38,1.67,100,100
2025-11-08T23:00,7.6,7.9,0.0,0.0,2.2,1.46,100,100
2025-11-09T00:00,7.5,8.5,0.0,0.0,2.31,3.26,100,94
2025-11-09T01:00,7.4,8.4,0.0,0.0,0.59,2.55,100,98
2025-11-09T02:00,7.4,8.5,0.0,0.0,1.28,3.08,100,100
2025-11-09T03:00,7.2,8.7,0.0,0.0,2.57,3.26,100,95
2025-11-09T04:00,7.2,8.7,0.0,0.0,1.67,2.64,100,97
2025-11-09T05:00,7.4,8.8,0.0,0.0,2.34,3.24,100,97
2025-11-09T06:00,7.5,8.2,0.0,0.0,2.75,4.67,100,90
2025-11-09T07:00,7.5,8.3,1.0,1.0,2.02,4.17,100,96
2025-11-09T08:00,7.6,8.8,10.0,26.0,2.27,3.72,100,93
2025-11-09T09:00,7.6,9.5,17.0,55.0,1.24,3.2,100,100
2025-11-09T10:00,7.9,9.9,25.0,73.0,0.84,2.37,100,100
2025-11-09T11:00,8.4,10.1,69.0,81.0,3.04,0.9,100,100
2025-11-09T12:00,8.6,10.5,40.0,92.0,0.63,2.36,100,93
2025-11-09T13:00,8.7,11.1,37.0,122.0,0.62,4.08,100,85
2025-11-09T14:00,8.8,11.3,25.0,87.0,1.25,3.74,100,96
2025-11-09T15:00,9.1,11.0,13.0,24.0,1.67,3.77,99,89
2025-11-09T16:00,9.0,10.6,2.0,4.0,1.31,3.56,99,99
2025-11-09T17:00,8.7,10.4,0.0,0.0,2.65,4.25,94,98
2025-11-09T18:00,8.4,9.2,0.0,0.0,2.76,3.43,94,85
2025-11-09T19:00,8.6,8.8,0.0,0.0,3.15,3.92,97,85
2025-11-09T20:00,8.8,9.0,0.0,0.0,3.05,4.32,100,94
2025-11-09T21:00,9.3,9.4,0.0,0.0,4.52,4.44,100,98
2025-11-09T22:00,9.5,9.8,0.0,0.0,5.8,6.46,100,99
2025-11-09T23:00,10.1,10.3,0.0,0.0,7.86,7.6,99,100
2025-11-10T00:00,9.4,9.4,0.0,0.0,5.78,6.18,99,100
2025-11-10T01:00,8.9,9.9,0.0,0.0,5.64,6.34,96,99
2025-11-10T02:00,8.5,10.0,0.0,0.0,5.88,7.01,99,96
2025-11-10T03:00,8.5,9.7,0.0,0.0,6.86,6.49,72,91
2025-11-10T04:00,7.4,8.9,0.0,0.0,6.37,6.09,63,78
2025-11-10T05:00,6.6,8.2,0.0,0.0,6.09,6.18,43,88
2025-11-10T06:00,5.8,6.8,0.0,0.0,5.3,5.42,73,71
2025-11-10T07:00,5.4,6.5,2.0,2.0,5.28,5.57,100,76
2025-11-10T08:00,5.7,6.8,32.0,39.0,4.35,5.39,100,82
2025-11-10T09:00,6.5,7.7,76.0,97.0,3.21,4.44,100,87
2025-11-10T10:00,7.0,8.4,112.0,142.0,3.04,3.51,100,88
2025-11-10T11:00,7.5,9.3,138.0,211.0,3.4,3.44,100,57
2025-11-10T12:00,7.4,10.6,132.0,191.0,3.94,3.19,100,72
2025-11-10T13:00,7.8,10.9,106.0,188.0,3.94,3.03,100,42
2025-11-10T14:00,8.0,10.8,59.0,155.0,4.5,3.16,100,38
2025-11-10T15:00,7.6,10.0,23.0,72.0,4.71,3.76,100,29
2025-11-10T16:00,7.7,8.7,2.0,6.0,5.4,4.82,100,32
2025-11-10T17:00,7.8,7.9,0.0,0.0,5.35,5.77,99,33
2025-11-10T18:00,7.6,7.4,0.0,0.0,7.33,7.93,93,31
2025-11-10T19:00,7.5,7.1,0.0,0.0,8.03,8.38,95,53
2025-11-10T20:00,6.9,7.3,0.0,0.0,7.99,8.92,100,72
2025-11-10T21:00,6.5,7.0,0.0,0.0,7.63,7.98,99,55
2025-11-10T22:00,6.2,6.5,0.0,0.0,7.53,7.98,99,80
2025-11-10T23:00,6.2,6.2,0.0,0.0,7.99,8.34,100,99
2025-11-11T00:00,6.3,6.4,0.0,0.0,8.13,8.45,100,100
2025-11-11T01:00,6.4,6.2,0.0,0.0,7.91,8.39,100,100
2025-11-11T02:00,6.6,6.6,0.0,0.0,7.76,8.34,100,100
2025-11-11T03:00,6.7,6.8,0.0,0.0,7.8,8.24,100,100
2025-11-11T04:00,7.0,7.2,0.0,0.0,7.64,8.64,100,100
2025-11-11T05:00,7.2,7.5,0.0,0.0,7.95,8.09,100,100
2025-11-11T06:00,7.6,7.8,0.0,0.0,8.47,8.55,95,100
2025-11-11T07:00,7.8,8.1,1.0,1.0,8.76,8.64,90,100
2025-11-11T08:00,8.2,8.4,34.0,22.0,8.11,8.91,100,97
2025-11-11T09:00,9.1,9.0,79.0,62.0,9.43,8.46,97,90
2025-11-11T10:00,10.1,9.5,121.0,62.0,10.39,8.59,88,98
2025-11-11T11:00,10.6,10.1,151.0,83.0,10.7,8.72,94,91
2025-11-11T12:00,11.3,10.4,138.0,89.0,8.16,8.67,71,96
2025-11-11T13:00,11.9,11.0,182.0,113.0,8.41,8.51,100,96
2025-11-11T14:00,11.6,10.8,138.0,89.0,8.18,7.42,100,72
2025-11-11T15:00,10.8,10.4,46.0,46.0,6.53,7.48,97,91
2025-11-11T16:00,10.0,9.6,3.0,5.0,7.43,7.7,97,87
2025-11-11T17:00,9.2,9.0,0.0,0.0,7.51,8.29,97,95
2025-11-11T18:00,8.2,8.7,0.0,0.0,8.32,7.96,98,100
2025-11-11T19:00,8.1,8.1,0.0,0.0,9.13,8.4,80,62
2025-11-11T20:00,8.3,7.7,0.0,0.0,8.92,9.05,89,50
2025-11-11T21:00,8.5,7.5,0.0,0.0,8.71,9.13,96,80
2025-11-11T22:00,8.5,7.5,0.0,0.0,8.54,8.79,100,97
2025-11-11T23:00,8.0,7.5,0.0,0.0,9.38,9.57,84,100
2025-11-12T00:00,7.0,8.1,0.0,0.0,8.98,10.72,100,100
2025-11-12T01:00,6.8,7.7,0.0,0.0,9.51,11.29,100,100
2025-11-12T02:00,6.7,7.5,0.0,0.0,10.41,12.14,100,100
2025-11-12T03:00,7.0,7.3,0.0,0.0,10.55,12.84,100,100
2025-11-12T04:00,7.0,7.4,0.0,0.0,10.78,13.16,100,99
2025-11-12T05:00,6.9,7.5,0.0,0.0,10.97,13.32,100,100
2025-11-12T06:00,7.2,7.7,0.0,0.0,11.6,12.95,100,100
2025-11-12T07:00,7.3,7.8,1.0,1.0,11.82,12.96,97,100
2025-11-12T08:00,8.0,8.2,43.0,36.0,11.54,13.48,85,88
2025-11-12T09:00,9.2,9.2,117.0,90.0,10.52,12.66,100,97
2025-11-12T10:00,10.5,10.1,193.0,106.0,9.36,11.51,80,100
2025-11-12T11:00,11.6,11.1,218.0,129.0,9.6,10.96,100,100
2025-11-12T12:00,12.8,12.2,191.0,164.0,9.41,11.31,91,100
2025-11-12T13:00,13.0,12.6,124.0,116.0,9.74,10.95,100,95
2025-11-12T14:00,12.9,12.6,77.0,90.0,9.76,11.88,100,80
2025-11-12T15:00,12.3,12.3,27.0,38.0,10.45,12.1,100,95
2025-11-12T16:00,11.7,11.8,3.0,3.0,10.97,12.05,100,100
2025-11-12T17:00,11.0,11.7,0.0,0.0,12.12,12.15,100,100
2025-11-12T18:00,10.3,11.1,0.0,0.0,11.64,12.18,91,96
2025-11-12T19:00,10.1,10.6,0.0,0.0,12.74,12.5,100,52
2025-11-12T20:00,9.9,10.2,0.0,0.0,12.87,12.38,64,70
2025-11-12T21:00,9.7,9.9,0.0,0.0,12.41,12.92,38,94
2025-11-12T22:00,9.5,9.8,0.0,0.0,12.66,13.56,38,66
2025-11-12T23:00,9.1,9.7,0.0,0.0,11.86,13.21,100,17
2025-11-13T00:00,8.9,9.5,0.0,0.0,12.98,12.08,100,31
2025-11-13T01:00,8.8,9.3,0.0,0.0,12.6,12.56,100,39
2025-11-13T02:00,8.6,9.1,0.0,0.0,11.96,12.05,100,40
2025-11-13T03:00,8.7,8.9,0.0,0.0,11.78,11.84,48,52
2025-11-13T04:00,8.6,8.7,0.0,0.0,11.62,11.86,36,45
2025-11-13T05:00,8.6,8.6,0.0,0.0,11.82,12.09,54,91
2025-11-13T06:00,9.3,8.8,0.0,0.0,11.15,11.57,100,38
2025-11-13T07:00,9.3,8.7,1.0,1.0,11.45,11.8,100,100
2025-11-13T08:00,10.0,9.4,33.0,44.0,10.89,12.21,100,87
2025-11-13T09:00,11.1,10.8,112.0,125.0,11.66,12.27,74,98
2025-11-13T10:00,12.6,12.1,180.0,142.0,10.62,11.4,96,71
2025-11-13T11:00,13.6,13.1,154.0,183.0,10.14,10.47,99,86
2025-11-13T12:00,14.6,13.4,170.0,146.0,10.52,11.64,98,100
2025-11-13T13:00,14.6,13.2,106.0,68.0,10.34,11.88,100,96
2025-11-13T14:00,14.2,13.3,45.0,60.0,10.13,11.92,100,99
2025-11-13T15:00,13.3,13.0,18.0,20.0,9.39,11.52,98,99
2025-11-13T16:00,13.0,12.6,1.0,2.0,9.75,11.96,100,96
2025-11-13T17:00,12.7,12.4,0.0,0.0,10.06,11.25,100,95
2025-11-13T18:00,12.7,12.3,0.0,0.0,10.21,10.69,100,84
2025-11-13T19:00,12.1,11.9,0.0,0.0,9.68,10.18,93,89
2025-11-13T20:00,11.5,11.8,0.0,0.0,10.1,9.05,92,94
2025-11-13T21:00,11.3,11.4,0.0,0.0,9.68,6.05,83,100
2025-11-13T22:00,10.8,10.8,0.0,0.0,9.67,3.47,78,100
2025-11-13T23:00,10.4,10.3,0.0,0.0,8.49,2.75,92,100
2025-11-14T00:00,10.2,9.9,0.0,0.0,8.72,4.31,99,100
2025-11-14T01:00,10.1,9.5,0.0,0.0,7.74,4.23,100,100
2025-11-14T02:00,10.1,9.1,0.0,0.0,6.15,6.73,100,100
2025-11-14T03:00,10.2,8.7,0.0,0.0,4.66,7.78,100,100
2025-11-14T04:00,9.7,8.3,0.0,0.0,4.27,7.56,100,100
2025-11-14T05:00,9.2,7.9,0.0,0.0,4.02,7.53,100,100
2025-11-14T06:00,9.6,8.2,0.0,0.0,5.27,6.75,100,100
2025-11-14T07:00,9.2,8.1,0.0,0.0,4.78,6.1,100,100
2025-11-14T08:00,8.9,8.1,8.0,11.0,5.53,5.71,100,100
2025-11-14T09:00,7.5,8.2,18.0,30.0,6.0,4.78,100,100
2025-11-14T10:00,7.5,8.3,28.0,45.0,5.83,5.34,100,100
2025-11-14T11:00,7.3,8.3,43.0,53.0,6.17,4.7,100,100
2025-11-14T12:00,7.2,8.8,35.0,76.0,5.96,5.41,100,100
2025-11-14T13:00,7.3,8.6,22.0,74.0,5.79,5.93,100,100
2025-11-14T14:00,6.8,8.2,23.0,45.0,6.03,6.41,100,100
2025-11-14T15:00,7.5,7.7,11.0,16.0,7.14,7.9,100,100
2025-11-14T16:00,7.3,7.5,1.0,1.0,7.51,7.71,100,100
2025-11-14T17:00,7.1,7.5,0.0,0.0,6.33,8.82,100,100
2025-11-14T18:00,7.0,7.2,0.0,0.0,6.67,4.85,100,100
2025-11-14T19:00,6.8,7.1,0.0,0.0,8.73,5.36,100,100
2025-11-14T20:00,6.7,7.2,0.0,0.0,8.53,5.13,100,100
2025-11-14T21:00,6.2,7.3,0.0,0.0,9.29,6.55,100,100
2025-11-14T22:00,6.1,7.2,0.0,0.0,10.27,5.95,100,100
2025-11-14T23:00,6.5,7.1,0.0,0.0,10.76,7.41,100,100
2025-11-15T00:00,5.9,6.1,0.0,0.0,9.39,9.1,100,100
2025-11-15T01:00,6.3,5.9,0.0,0.0,9.5,9.67,100,100
2025-11-15T02:00,6.4,6.0,0.0,0.0,10.53,8.49,100,100
2025-11-15T03:00,6.2,6.1,0.0,0.0,10.59,8.85,100,100
2025-11-15T04:00,6.1,6.3,0.0,0.0,10.97,9.8,100,100
2025-11-15T05:00,6.4,6.4,0.0,0.0,12.25,11.69,100,100
2025-11-15T06:00,6.0,6.3,0.0,0.0,10.0,9.41,100,100
2025-11-15T07:00,6.1,6.3,0.0,0.0,9.81,9.73,99,99
2025-11-15T08:00,6.2,6.3,10.0,14.0,10.09,10.0,99,95
2025-11-15T09:00,6.6,6.3,31.0,40.0,11.17,9.93,100,93
2025-11-15T10:00,6.6,6.6,41.0,69.0,10.53,9.9,100,98
2025-11-15T11:00,6.6,6.9,39.0,90.0,9.61,10.19,100,97
2025-11-15T12:00,6.8,6.8,47.0,67.0,9.41,9.33,100,100
2025-11-15T13:00,6.8,6.9,50.0,60.0,9.12,9.02,100,99
2025-11-15T14:00,6.8,6.9,45.0,50.0,9.27,8.82,100,95
2025-11-15T15:00,6.8,6.8,17.0,20.0,10.24,9.39,100,94
2025-11-15T16:00,6.7,6.6,1.0,1.0,11.03,9.48,100,98
2025-11-15T17:00,6.6,6.4,0.0,0.0,10.95,9.16,100,97
2025-11-15T18:00,6.1,5.8,0.0,0.0,11.01,9.7,100,100
2025-11-15T19:00,5.9,5.7,0.0,0.0,10.32,9.43,99,98
2025-11-15T20:00,5.7,5.6,0.0,0.0,9.68,8.53,100,97
2025-11-15T21:00,5.4,5.5,0.0,0.0,8.94,8.13,100,97
2025-11-15T22:00,5.3,5.3,0.0,0.0,8.58,7.64,100,97
2025-11-15T23:00,5.2,5.1,0.0,0.0,7.68,6.67,100,97
2025-11-16T00:00,5.0,6.1,0.0,0.0,7.1,6.75,100,100
2025-11-16T01:00,4.9,6.0,0.0,0.0,7.31,6.01,100,100
2025-11-16T02:00,5.0,5.9,0.0,0.0,7.0,6.39,100,100
2025-11-16T03:00,5.0,5.7,0.0,0.0,6.28,7.08,100,99
2025-11-16T04:00,5.1,5.5,0.0,0.0,6.31,7.43,100,100
2025-11-16T05:00,5.2,5.3,0.0,0.0,6.74,6.72,100,100
2025-11-16T06:00,5.5,3.0,0.0,0.0,6.39,7.83,99,49
2025-11-16T07:00,5.7,2.6,0.0,0.0,6.39,7.07,99,58
2025-11-16T08:00,6.0,2.8,8.0,37.0,6.46,5.72,100,92
2025-11-16T09:00,6.0,3.5,27.0,104.0,6.97,4.87,100,100
2025-11-16T10:00,6.0,4.5,54.0,165.0,6.8,3.93,100,94
2025-11-16T11:00,5.8,5.5,113.0,234.0,6.48,2.47,98,51
2025-11-16T12:00,6.3,5.8,249.0,215.0,5.29,2.54,69,100
2025-11-16T13:00,6.5,6.1,231.0,175.0,4.54,3.69,20,99
2025-11-16T14:00,6.2,6.2,160.0,121.0,3.77,3.92,0,100
2025-11-16T15:00,5.2,6.2,60.0,47.0,3.9,5.59,78,100
2025-11-16T16:00,4.1,5.7,2.0,1.0,4.65,6.75,91,100
2025-11-16T17:00,3.8,5.4,0.0,0.0,5.33,8.41,96,100
2025-11-16T18:00,3.9,5.1,0.0,0.0,6.96,8.9,78,92
2025-11-16T19:00,4.3,5.0,0.0,0.0,8.54,7.74,94,97
2025-11-16T20:00,4.7,5.3,0.0,0.0,9.53,8.47,98,82
2025-11-16T21:00,4.9,5.8,0.0,0.0,8.84,9.15,100,97
2025-11-16T22:00,5.0,6.6,0.0,0.0,7.65,8.77,95,78
2025-11-16T23:00,5.2,6.6,0.0,0.0,7.67,8.24,99,91
2025-11-17T00:00,5.3,5.6,0.0,0.0,5.92,8.1,94,98
2025-11-17T01:00,5.7,6.0,0.0,0.0,7.25,7.45,71,81
2025-11-17T02:00,5.4,5.8,0.0,0.0,6.22,8.13,100,74
2025-11-17T03:00,4.6,5.3,0.0,0.0,6.31,7.84,100,91
2025-11-17T04:00,4.4,5.0,0.0,0.0,6.39,7.98,100,85
2025-11-17T05:00,4.0,4.6,0.0,0.0,6.35,8.04,87,54
2025-11-17T06:00,3.4,4.7,0.0,0.0,8.54,7.36,99,100
2025-11-17T07:00,3.3,4.4,0.0,0.0,8.11,7.22,100,100
2025-11-17T08:00,4.0,4.6,16.0,28.0,10.24,7.59,100,92
2025-11-17T09:00,3.5,5.2,81.0,103.0,7.2,8.28,100,90
2025-11-17T10:00,4.6,5.8,169.0,190.0,8.27,7.01,100,60
2025-11-17T11:00,5.4,6.2,256.0,249.0,9.56,8.74,28,43
2025-11-17T12:00,5.3,6.2,269.0,269.0,8.92,10.01,9,4
2025-11-17T13:00,5.6,6.2,233.0,233.0,8.77,8.59,0,0
2025-11-17T14:00,5.4,6.0,159.0,157.0,4.44,7.65,0,0
2025-11-17T15:00,4.6,5.2,61.0,61.0,6.46,7.42,0,41
2025-11-17T16:00,3.0,4.2,3.0,2.0,5.27,5.22,0,51
2025-11-17T17:00,2.9,3.6,0.0,0.0,4.84,5.91,65,34
2025-11-17T18:00,2.1,2.4,0.0,0.0,4.95,6.59,48,0
2025-11-17T19:00,1.9,2.0,0.0,0.0,3.14,4.65,10,40
2025-11-17T20:00,1.2,2.4,0.0,0.0,3.76,7.61,34,58
2025-11-17T21:00,2.5,3.2,0.0,0.0,7.8,9.31,52,63
2025-11-17T22:00,3.0,4.4,0.0,0.0,5.28,10.22,79,39
2025-11-17T23:00,4.2,4.7,0.0,0.0,5.75,9.96,95,37
2025-11-18T00:00,3.1,5.0,0.0,0.0,5.22,8.94,87,64
2025-11-18T01:00,3.4,5.0,0.0,0.0,4.25,9.39,69,47
2025-11-18T02:00,3.4,4.6,0.0,0.0,6.33,9.21,94,66
2025-11-18T03:00,4.0,4.4,0.0,0.0,5.05,9.58,97,86
2025-11-18T04:00,3.8,4.9,0.0,0.0,8.01,9.56,88,90
2025-11-18T05:00,3.8,5.2,0.0,0.0,10.39,9.53,100,100
2025-11-18T06:00,3.7,5.1,0.0,0.0,8.46,9.86,88,100
2025-11-18T07:00,3.9,5.2,0.0,0.0,9.25,10.26,100,100
2025-11-18T08:00,4.6,5.2,26.0,8.0,9.68,10.44,99,100
2025-11-18T09:00,4.6,5.3,65.0,23.0,8.88,10.81,100,100
2025-11-18T10:00,4.6,5.4,63.0,49.0,7.82,9.88,100,100
2025-11-18T11:00,4.6,5.8,61.0,66.0,6.3,10.59,100,100
2025-11-18T12:00,5.3,6.4,63.0,77.0,8.27,11.54,100,99
2025-11-18T13:00,5.5,6.4,39.0,53.0,9.8,11.85,100,99
2025-11-18T14:00,4.2,6.4,28.0,43.0,5.57,11.93,100,99
2025-11-18T15:00,5.2,6.1,11.0,20.0,9.65,11.2,100,94
2025-11-18T16:00,5.0,5.4,1.0,1.0,8.59,10.83,100,98
2025-11-18T17:00,4.7,4.9,0.0,0.0,10.44,10.81,100,98
2025-11-18T18:00,4.1,4.7,0.0,0.0,11.09,10.62,100,100
2025-11-18T19:00,4.0,4.5,0.0,0.0,10.55,10.86,100,100
2025-11-18T20:00,3.5,4.3,0.0,0.0,9.39,11.04,100,100
2025-11-18T21:00,3.3,4.0,0.0,0.0,7.49,10.67,100,100
2025-11-18T22:00,3.2,3.6,0.0,0.0,7.0,10.26,100,96
2025-11-18T23:00,3.3,3.4,0.0,0.0,6.58,9.84,100,92
2025-11-19T00:00,3.2,2.8,0.0,0.0,7.49,9.37,100,84
2025-11-19T01:00,3.1,2.3,0.0,0.0,7.53,9.51,95,98
2025-11-19T02:00,2.6,2.3,0.0,0.0,7.07,9.29,94,100
2025-11-19T03:00,2.7,2.3,0.0,0.0,6.51,7.98,100,100
2025-11-19T04:00,2.5,2.1,0.0,0.0,7.07,7.62,98,100
2025-11-19T05:00,2.3,2.1,0.0,0.0,5.73,6.3,100,100
2025-11-19T06:00,2.2,0.7,0.0,0.0,7.35,9.07,100,100
2025-11-19T07:00,2.3,0.8,0.0,0.0,5.98,9.18,100,100
2025-11-19T08:00,2.1,1.8,9.0,6.0,6.57,8.92,100,100
2025-11-19T09:00,2.0,3.2,18.0,20.0,6.06,8.83,100,100
2025-11-19T10:00,0.7,4.8,30.0,34.0,6.09,10.8,100,100
2025-11-19T11:00,0.3,5.2,34.0,52.0,6.03,8.64,100,100
2025-11-19T12:00,1.4,0.9,56.0,66.0,4.38,3.44,100,100
2025-11-19T13:00,1.1,0.7,57.0,44.0,2.94,5.71,100,100
2025-11-19T14:00,1.0,1.1,40.0,42.0,1.74,7.22,100,96
2025-11-19T15:00,1.7,1.1,15.0,27.0,1.48,5.78,100,90
2025-11-19T16:00,1.3,1.3,1.0,1.0,2.15,6.69,100,82
2025-11-19T17:00,1.1,1.3,0.0,0.0,2.72,7.55,100,72
2025-11-19T18:00,3.2,1.1,0.0,0.0,3.23,8.62,100,100
2025-11-19T19:00,2.7,0.8,0.0,0.0,1.67,7.3,100,100
2025-11-19T20:00,2.2,1.0,0.0,0.0,0.84,7.62,100,100
2025-11-19T21:00,1.4,1.2,0.0,0.0,2.11,8.76,100,85
2025-11-19T22:00,1.0,1.4,0.0,0.0,3.16,9.25,100,97
2025-11-19T23:00,0.8,1.3,0.0,0.0,4.04,8.39,100,78
2025-11-20T00:00,1.9,-0.3,0.0,0.0,7.59,7.62,100,0
2025-11-20T01:00,2.2,-0.8,0.0,0.0,8.16,7.64,100,0
2025-11-20T02:00,2.0,-0.8,0.0,0.0,8.27,6.82,100,0
2025-11-20T03:00,1.3,-0.7,0.0,0.0,8.42,6.93,96,0
2025-11-20T04:00,0.6,-0.8,0.0,0.0,8.7,6.76,93,0
2025-11-20T05:00,0.4,-0.9,0.0,0.0,8.53,6.28,98,4
2025-11-20T06:00,0.4,-3.0,0.0,0.0,9.26,5.3,90,0
2025-11-20T07:00,-0.2,-2.8,0.0,0.0,8.72,5.71,48,7
2025-11-20T08:00,-0.5,-2.2,33.0,33.0,8.02,5.79,7,0
2025-11-20T09:00,-0.5,-0.9,125.0,126.0,7.99,5.13,0,0
2025-11-20T10:00,0.5,0.4,207.0,209.0,6.94,3.8,15,10
2025-11-20T11:00,1.4,1.1,254.0,255.0,6.17,3.76,6,20
2025-11-20T12:00,2.0,1.9,261.0,254.0,6.17,2.91,4,20
2025-11-20T13:00,2.3,2.3,224.0,217.0,7.36,2.91,0,32
2025-11-20T14:00,2.0,2.2,148.0,143.0,7.47,3.04,6,23
2025-11-20T15:00,0.9,1.5,54.0,52.0,7.14,3.12,8,17
2025-11-20T16:00,-0.2,0.9,1.0,1.0,7.0,2.91,1,63
2025-11-20T17:00,-0.7,0.6,0.0,0.0,7.26,2.68,71,81
2025-11-20T18:00,-1.1,-0.2,0.0,0.0,7.13,6.55,68,2
2025-11-20T19:00,-1.3,-0.5,0.0,0.0,7.06,6.17,56,0
2025-11-20T20:00,-1.6,-0.7,0.0,0.0,6.42,5.66,74,0
2025-11-20T21:00,-2.1,-1.0,0.0,0.0,5.73,5.57,0,0
2025-11-20T22:00,-2.3,-1.2,0.0,0.0,6.17,5.48,0,0
2025-11-20T23:00,-2.4,-1.3,0.0,0.0,6.14,5.53,0,0
2025-11-21T00:00,-2.6,-1.0,0.0,0.0,5.79,6.89,14,0
2025-11-21T01:00,-2.7,-1.3,0.0,0.0,4.99,7.41,0,0
2025-11-21T02:00,-2.8,-1.4,0.0,0.0,4.65,7.39,24,0
2025-11-21T03:00,-2.6,-1.6,0.0,0.0,4.4,7.56,0,0
2025-11-21T04:00,-2.6,-1.6,0.0,0.0,4.16,8.17,0,41
2025-11-21T05:00,-2.6,-1.4,0.0,0.0,4.23,8.47,0,92
2025-11-21T06:00,-2.6,-1.5,0.0,0.0,4.23,6.14,0,78
2025-11-21T07:00,-2.6,-1.4,0.0,0.0,4.24,5.71,0,87
2025-11-21T08:00,-2.1,-1.1,30.0,28.0,4.43,5.51,0,50
2025-11-21T09:00,-0.7,0.0,113.0,114.0,5.73,5.06,44,27
2025-11-21T10:00,1.2,1.5,168.0,198.0,6.39,3.7,69,0
2025-11-21T11:00,2.1,2.6,195.0,245.0,5.7,4.38,6,2
2025-11-21T12:00,2.8,3.0,219.0,234.0,4.53,7.44,48,36
2025-11-21T13:00,3.4,3.2,207.0,203.0,4.86,6.54,0,19
2025-11-21T14:00,3.1,2.9,138.0,134.0,5.18,7.3,0,17
2025-11-21T15:00,2.1,2.0,50.0,47.0,6.49,8.03,60,27
2025-11-21T16:00,1.4,1.2,1.0,1.0,8.05,8.74,52,27
2025-11-21T17:00,1.1,0.7,0.0,0.0,7.49,9.85,40,21
2025-11-21T18:00,1.2,0.2,0.0,0.0,8.9,10.57,0,26
2025-11-21T19:00,1.3,-0.0,0.0,0.0,8.49,10.74,40,25
2025-11-21T20:00,0.9,-0.2,0.0,0.0,7.55,11.17,93,14
2025-11-21T21:00,0.6,-0.3,0.0,0.0,7.17,11.58,0,17
2025-11-21T22:00,0.3,-0.4,0.0,0.0,6.57,11.86,85,26
2025-11-21T23:00,0.1,-0.5,0.0,0.0,7.9,12.04,84,34
2025-11-22T00:00,-0.5,-0.0,0.0,0.0,9.17,11.13,88,37
2025-11-22T01:00,-0.3,-0.2,0.0,0.0,9.51,11.09,88,31
2025-11-22T02:00,-0.6,-0.4,0.0,0.0,7.75,10.92,96,19
2025-11-22T03:00,-1.1,-0.5,0.0,0.0,8.84,10.91,98,89
2025-11-22T04:00,-1.1,-0.6,0.0,0.0,8.88,10.84,93,34
2025-11-22T05:00,-1.2,-0.7,0.0,0.0,9.28,10.93,91,53
2025-11-22T06:00,-1.7,-0.5,0.0,0.0,8.2,10.24,85,84
2025-11-22T07:00,-1.8,-0.5,0.0,0.0,8.72,10.36,87,58
2025-11-22T08:00,-1.4,-0.2,18.0,21.0,9.4,10.95,99,77
2025-11-22T09:00,-0.4,0.4,67.0,75.0,8.04,10.53,97,85
2025-11-22T10:00,0.4,1.3,129.0,139.0,8.1,9.0,95,71
2025-11-22T11:00,1.3,2.2,175.0,209.0,8.56,9.31,95,55
2025-11-22T12:00,2.1,3.1,182.0,214.0,8.52,8.12,100,80
2025-11-22T13:00,2.5,3.5,162.0,183.0,9.6,8.67,100,66
2025-11-22T14:00,2.2,3.3,112.0,127.0,10.04,9.49,100,54
2025-11-22T15:00,1.7,2.6,40.0,44.0,10.12,10.79,100,77
2025-11-22T16:00,1.3,1.9,1.0,0.0,11.04,12.45,100,100
2025-11-22T17:00,1.1,1.5,0.0,0.0,11.39,13.19,95,100
2025-11-22T18:00,0.6,0.7,0.0,0.0,10.39,11.88,94,100
2025-11-22T19:00,0.3,0.6,0.0,0.0,10.44,11.31,79,92
2025-11-22T20:00,0.1,0.5,0.0,0.0,10.44,11.32,72,97
2025-11-22T21:00,-0.3,0.4,0.0,0.0,11.36,12.26,70,79
2025-11-22T22:00,-0.6,0.3,0.0,0.0,11.2,12.32,68,89
2025-11-22T23:00,-0.7,0.3,0.0,0.0,10.82,12.46,100,100
2025-11-23T00:00,-0.9,-0.3,0.0,0.0,10.65,11.66,75,32
2025-11-23T01:00,-1.1,-0.5,0.0,0.0,10.79,11.84,69,51
2025-11-23T02:00,-1.4,-0.7,0.0,0.0,9.94,11.86,85,100
2025-11-23T03:00,-1.5,-0.9,0.0,0.0,10.39,11.64,82,100
2025-11-23T04:00,-1.7,-0.9,0.0,0.0,10.66,11.83,100,98
2025-11-23T05:00,-1.9,-1.1,0.0,0.0,10.63,12.13,100,85
2025-11-23T06:00,-2.2,-1.4,0.0,0.0,10.41,12.41,88,95
2025-11-23T07:00,-2.3,-1.5,0.0,0.0,10.79,12.75,100,100
2025-11-23T08:00,-2.1,-1.4,22.0,22.0,10.29,13.03,100,89
2025-11-23T09:00,-1.3,-0.6,93.0,98.0,9.54,11.1,100,87
2025-11-23T10:00,-0.5,0.3,144.0,161.0,8.86,9.49,92,92
2025-11-23T11:00,0.5,1.2,174.0,188.0,8.4,9.93,99,90
2025-11-23T12:00,1.4,1.1,141.0,94.0,8.77,9.6,100,100
2025-11-23T13:00,1.7,1.3,117.0,72.0,9.2,10.02,91,100
2025-11-23T14:00,1.6,1.3,78.0,51.0,10.35,10.48,90,100
2025-11-23T15:00,1.3,1.2,35.0,17.0,11.73,11.04,100,99
2025-11-23T16:00,0.7,1.0,0.0,0.0,12.02,11.72,100,97
2025-11-23T17:00,0.6,0.8,0.0,0.0,12.96,11.83,100,88
2025-11-23T18:00,0.2,0.1,0.0,0.0,12.02,11.58,100,72
2025-11-23T19:00,0.1,0.1,0.0,0.0,11.68,11.7,100,100
2025-11-23T20:00,0.2,0.3,0.0,0.0,10.74,11.39,99,100
2025-11-23T21:00,-1.2,-0.7,0.0,0.0,10.65,10.05,100,100
2025-11-23T22:00,-1.2,-1.0,0.0,0.0,9.99,10.04,100,100
2025-11-23T23:00,-0.9,-0.7,0.0,0.0,10.04,9.67,100,100
2025-11-24T00:00,-0.4,-0.3,0.0,0.0,9.71,8.98,100,100
2025-11-24T01:00,-0.0,0.1,0.0,0.0,9.73,9.21,100,100
2025-11-24T02:00,0.4,0.3,0.0,0.0,9.52,9.05,100,100
2025-11-24T03:00,0.4,0.6,0.0,0.0,9.12,8.65,100,100
2025-11-24T04:00,0.9,1.0,0.0,0.0,9.3,9.01,100,100
2025-11-24T05:00,1.2,1.3,0.0,0.0,9.73,9.69,100,100
2025-11-24T06:00,1.7,1.1,0.0,0.0,9.88,8.4,100,100
2025-11-24T07:00,2.0,1.2,0.0,0.0,10.94,9.05,100,98
2025-11-24T08:00,2.3,1.4,10.0,13.0,9.74,9.34,100,97
2025-11-24T09:00,3.1,1.6,53.0,53.0,10.47,9.52,100,100
2025-11-24T10:00,3.6,1.8,98.0,98.0,9.95,9.51,96,98
2025-11-24T11:00,4.4,2.0,119.0,104.0,9.46,9.03,99,99
2025-11-24T12:00,4.9,2.8,122.0,108.0,8.76,7.89,100,99
2025-11-24T13:00,4.9,2.7,84.0,59.0,7.54,7.87,97,100
2025-11-24T14:00,4.9,2.6,46.0,29.0,7.48,7.73,100,100
2025-11-24T15:00,4.7,2.6,17.0,10.0,7.87,8.68,100,100
2025-11-24T16:00,4.3,2.4,0.0,0.0,8.01,7.23,100,100
2025-11-24T17:00,4.3,2.2,0.0,0.0,7.2,6.53,100,100
2025-11-24T18:00,4.1,2.4,0.0,0.0,6.54,6.94,100,100
2025-11-24T19:00,3.7,2.3,0.0,0.0,6.46,6.39,83,100
2025-11-24T20:00,3.5,2.1,0.0,0.0,7.68,5.59,98,97
2025-11-24T21:00,3.2,2.1,0.0,0.0,8.07,5.6,91,96
2025-11-24T22:00,2.9,2.0,0.0,0.0,7.54,5.91,88,84
2025-11-24T23:00,2.3,1.7,0.0,0.0,6.93,5.29,62,71
2025-11-25T00:00,2.9,2.0,0.0,0.0,4.25,5.98,100,80
2025-11-25T01:00,2.6,1.6,0.0,0.0,4.54,5.49,79,76
2025-11-25T02:00,2.1,1.5,0.0,0.0,3.24,5.29,96,69
2025-11-25T03:00,1.5,1.5,0.0,0.0,2.76,4.67,95,71
2025-11-25T04:00,1.0,1.5,0.0,0.0,2.36,4.61,93,84
2025-11-25T05:00,0.5,1.6,0.0,0.0,1.92,5.52,100,87
2025-11-25T06:00,0.3,1.3,0.0,0.0,1.67,5.58,100,69
2025-11-25T07:00,0.3,1.2,0.0,0.0,1.67,5.79,100,63
2025-11-25T08:00,0.5,1.2,13.0,18.0,3.07,5.95,100,58
2025-11-25T09:00,1.6,2.0,59.0,79.0,4.06,5.79,100,73
2025-11-25T10:00,2.5,2.8,97.0,133.0,3.38,4.56,99,80
2025-11-25T11:00,3.3,3.4,109.0,152.0,2.29,3.03,98,100
2025-11-25T12:00,4.7,4.3,140.0,195.0,3.09,2.91,97,52
2025-11-25T13:00,5.2,4.7,117.0,177.0,2.46,3.45,94,50
2025-11-25T14:00,5.0,4.5,80.0,113.0,3.37,4.37,95,53
2025-11-25T15:00,4.5,3.7,20.0,34.0,4.76,5.11,96,64
2025-11-25T16:00,3.9,3.2,0.0,0.0,3.81,5.55,84,77
2025-11-25T17:00,3.4,2.9,0.0,0.0,4.16,5.18,100,72
2025-11-25T18:00,3.0,2.1,0.0,0.0,5.63,4.8,91,64
2025-11-25T19:00,3.2,1.9,0.0,0.0,6.31,5.3,95,64
2025-11-25T20:00,2.6,2.0,0.0,0.0,6.8,5.49,79,66
2025-11-25T21:00,3.1,1.8,0.0,0.0,6.21,4.69,96,45
2025-11-25T22:00,2.7,1.6,0.0,0.0,5.84,4.88,79,71
2025-11-25T23:00,1.7,1.6,0.0,0.0,5.44,4.25,56,90
2025-11-26T00:00,2.2,3.1,0.0,0.0,5.71,5.57,95,80
2025-11-26T01:00,2.1,2.9,0.0,0.0,5.14,5.06,69,86
2025-11-26T02:00,2.0,2.8,0.0,0.0,4.38,4.51,93,89
2025-11-26T03:00,2.2,2.6,0.0,0.0,5.38,4.43,100,64
2025-11-26T04:00,2.5,2.3,0.0,0.0,6.23,5.04,100,64
2025-11-26T05:00,2.9,2.5,0.0,0.0,5.73,5.26,98,73
2025-11-26T06:00,3.1,2.1,0.0,0.0,5.74,5.06,77,90
2025-11-26T07:00,2.2,1.8,0.0,0.0,5.44,4.61,65,72
2025-11-26T08:00,2.0,1.7,15.0,16.0,4.9,4.35,83,64
2025-11-26T09:00,3.0,2.1,76.0,79.0,3.41,3.93,65,58
2025-11-26T10:00,3.4,2.8,139.0,154.0,2.54,3.64,76,52
2025-11-26T11:00,4.0,3.3,188.0,195.0,2.02,3.38,77,54
2025-11-26T12:00,3.7,4.3,98.0,153.0,1.93,1.84,100,78
2025-11-26T13:00,3.6,4.6,90.0,144.0,1.74,2.49,100,69
2025-11-26T14:00,3.9,4.3,54.0,86.0,2.06,2.86,100,65
2025-11-26T15:00,3.4,3.4,27.0,31.0,2.67,2.59,100,48
2025-11-26T16:00,2.6,2.5,0.0,0.0,2.61,2.08,100,76
2025-11-26T17:00,2.5,2.4,0.0,0.0,3.43,2.77,100,97
2025-11-26T18:00,2.4,2.7,0.0,0.0,1.96,0.98,100,82
2025-11-26T19:00,2.5,2.1,0.0,0.0,2.73,1.73,100,85
2025-11-26T20:00,2.6,2.1,0.0,0.0,2.63,3.18,100,83
2025-11-26T21:00,2.0,2.1,0.0,0.0,4.1,4.33,79,83
2025-11-26T22:00,1.4,2.2,0.0,0.0,6.52,6.04,60,87
2025-11-26T23:00,1.2,2.2,0.0,0.0,7.65,6.97,89,86
2025-11-27T00:00,1.2,2.5,0.0,0.0,7.15,7.07,100,99
2025-11-27T01:00,1.5,2.7,0.0,0.0,7.36,7.57,100,100
2025-11-27T02:00,1.7,2.8,0.0,0.0,7.34,8.94,100,100
2025-11-27T03:00,1.7,2.7,0.0,0.0,7.69,9.7,100,100
2025-11-27T04:00,1.8,2.5,0.0,0.0,8.57,8.84,100,100
2025-11-27T05:00,1.9,2.3,0.0,0.0,9.01,9.7,99,100
2025-11-27T06:00,1.8,2.5,0.0,0.0,9.48,9.2,98,100
2025-11-27T07:00,1.7,2.2,0.0,0.0,9.81,9.66,100,92
2025-11-27T08:00,1.8,2.4,7.0,8.0,10.24,10.14,100,92
2025-11-27T09:00,2.1,2.9,31.0,41.0,10.19,9.74,100,97
2025-11-27T10:00,2.7,3.7,50.0,76.0,10.46,10.87,100,92
2025-11-27T11:00,3.3,4.3,43.0,98.0,11.1,10.0,100,100
2025-11-27T12:00,3.6,4.2,33.0,65.0,12.67,10.81,100,100
2025-11-27T13:00,3.9,4.3,26.0,46.0,12.44,11.0,100,98
2025-11-27T14:00,4.0,4.4,10.0,18.0,12.44,11.29,100,100
2025-11-27T15:00,4.2,4.5,5.0,4.0,11.88,11.03,100,100
2025-11-27T16:00,4.4,4.5,0.0,0.0,11.49,11.03,100,100
2025-11-27T17:00,4.5,4.7,0.0,0.0,11.1,10.81,100,100
2025-11-27T18:00,4.7,5.1,0.0,0.0,11.36,11.92,100,100
2025-11-27T19:00,4.9,5.2,0.0,0.0,11.09,10.95,100,100
2025-11-27T20:00,5.2,5.2,0.0,0.0,10.72,11.14,100,100
2025-11-27T21:00,5.4,5.4,0.0,0.0,10.75,11.28,100,100
2025-11-27T22:00,5.7,5.5,0.0,0.0,10.44,10.94,99,100
2025-11-27T23:00,5.9,5.6,0.0,0.0,10.57,10.88,100,100
2025-11-28T00:00,6.1,6.0,0.0,0.0,11.14,11.69,100,100
2025-11-28T01:00,6.4,6.3,0.0,0.0,11.48,11.69,100,100
2025-11-28T02:00,6.7,6.6,0.0,0.0,11.2,11.49,100,100
2025-11-28T03:00,6.9,6.8,0.0,0.0,11.06,11.74,100,100
2025-11-28T04:00,7.0,7.0,0.0,0.0,10.37,11.45,100,100
2025-11-28T05:00,7.0,7.1,0.0,0.0,11.23,11.74,100,100
2025-11-28T06:00,7.0,7.4,0.0,0.0,10.84,11.36,100,100
2025-11-28T07:00,7.0,7.4,0.0,0.0,9.98,11.25,100,100
2025-11-28T08:00,7.0,7.5,1.0,4.0,10.0,11.33,100,100
2025-11-28T09:00,7.1,7.6,7.0,13.0,10.03,11.13,100,100
2025-11-28T10:00,7.2,7.8,12.0,16.0,9.33,10.28,100,100
2025-11-28T11:00,7.4,8.0,27.0,26.0,8.35,10.04,100,98
2025-11-28T12:00,8.0,8.1,39.0,39.0,8.49,9.73,100,100
2025-11-28T13:00,8.1,8.2,30.0,25.0,9.1,9.92,100,100
2025-11-28T14:00,8.1,8.2,19.0,16.0,8.52,9.82,100,100
2025-11-28T15:00,7.8,8.2,3.0,10.0,8.73,9.32,100,100
2025-11-28T16:00,7.7,8.1,0.0,0.0,8.82,10.25,100,100
2025-11-28T17:00,7.7,8.0,0.0,0.0,9.12,9.7,100,100
2025-11-28T18:00,7.4,7.6,0.0,0.0,9.72,9.17,100,100
2025-11-28T19:00,7.3,7.6,0.0,0.0,8.15,10.05,100,100
2025-11-28T20:00,7.1,7.6,0.0,0.0,10.42,9.74,100,100
2025-11-28T21:00,7.1,7.3,0.0,0.0,10.87,9.88,100,100
2025-11-28T22:00,7.3,7.2,0.0,0.0,10.49,11.58,100,100
2025-11-28T23:00,7.4,7.1,0.0,0.0,10.38,11.71,85,79
2025-11-29T00:00,6.8,7.7,0.0,0.0,10.25,13.41,83,96
2025-11-29T01:00,7.1,7.8,0.0,0.0,11.09,12.57,100,71
2025-11-29T02:00,7.5,7.7,0.0,0.0,10.39,12.44,81,74
2025-11-29T03:00,7.6,7.4,0.0,0.0,10.27,12.26,86,61
2025-11-29T04:00,7.1,7.0,0.0,0.0,10.12,12.21,52,75
2025-11-29T05:00,6.8,6.6,0.0,0.0,10.2,12.34,55,53
2025-11-29T06:00,7.1,6.5,0.0,0.0,9.57,12.96,100,65
2025-11-29T07:00,6.9,6.4,0.0,0.0,9.62,12.57,100,61
2025-11-29T08:00,7.1,6.3,9.0,11.0,9.65,12.24,100,54
2025-11-29T09:00,7.2,6.6,38.0,64.0,7.85,11.47,100,70
2025-11-29T10:00,7.7,7.2,76.0,115.0,7.51,10.68,100,74
2025-11-29T11:00,8.0,7.7,87.0,151.0,8.77,9.92,100,60
2025-11-29T12:00,8.4,8.0,119.0,112.0,8.59,7.51,98,97
2025-11-29T13:00,8.5,8.0,98.0,78.0,7.19,7.99,95,97
2025-11-29T14:00,8.4,7.9,68.0,54.0,7.97,8.59,97,99
2025-11-29T15:00,7.8,7.7,20.0,16.0,7.81,9.65,94,94
2025-11-29T16:00,6.8,7.5,0.0,0.0,9.7,10.63,83,96
2025-11-29T17:00,6.2,7.3,0.0,0.0,10.42,10.89,100,98
2025-11-29T18:00,5.9,6.9,0.0,0.0,10.39,10.71,100,97
2025-11-29T19:00,5.7,6.9,0.0,0.0,9.81,10.39,100,97
2025-11-29T20:00,5.6,6.4,0.0,0.0,9.13,10.1,100,97
2025-11-29T21:00,5.5,6.2,0.0,0.0,9.16,9.9,100,95
2025-11-29T22:00,5.7,6.0,0.0,0.0,9.75,10.1,100,96
2025-11-29T23:00,5.8,5.8,0.0,0.0,9.64,10.0,100,99
2025-11-30T00:00,6.3,5.5,0.0,0.0,9.89,10.66,99,100
2025-11-30T01:00,6.7,6.0,0.0,0.0,9.81,11.22,100,100
2025-11-30T02:00,7.0,6.4,0.0,0.0,10.34,11.55,100,100
2025-11-30T03:00,8.3,6.8,0.0,0.0,10.55,12.1,100,100
2025-11-30T04:00,8.4,7.1,0.0,0.0,10.65,11.77,100,100
2025-11-30T05:00,8.4,7.5,0.0,0.0,10.1,11.52,100,100
2025-11-30T06:00,8.4,6.7,0.0,0.0,10.02,11.59,100,100
2025-11-30T07:00,8.4,6.2,0.0,0.0,8.96,11.71,100,92
2025-11-30T08:00,8.2,5.9,6.0,9.0,7.97,11.72,100,100
2025-11-30T09:00,7.5,6.0,51.0,61.0,10.26,11.6,100,66
2025-11-30T10:00,7.7,6.4,132.0,127.0,10.32,11.31,92,63
2025-11-30T11:00,7.9,6.8,178.0,144.0,10.74,12.47,84,86
2025-11-30T12:00,7.9,7.2,128.0,141.0,11.37,10.25,100,59
2025-11-30T13:00,7.7,7.2,119.0,124.0,9.94,10.3,19,82
2025-11-30T14:00,7.3,7.1,99.0,72.0,9.94,10.53,43,63
2025-11-30T15:00,6.8,6.7,27.0,22.0,10.33,11.08,44,79
2025-11-30T16:00,6.0,6.3,0.0,0.0,12.03,11.19,100,88
2025-11-30T17:00,5.6,6.1,0.0,0.0,11.85,11.58,85,85
2025-11-30T18:00,5.6,6.0,0.0,0.0,12.13,10.3,71,73
2025-11-30T19:00,5.3,5.6,0.0,0.0,11.53,10.38,29,63
2025-11-30T20:00,4.7,5.3,0.0,0.0,10.94,10.12,0,82
2025-11-30T21:00,4.0,4.9,0.0,0.0,10.76,9.69,0,68
2025-11-30T22:00,3.5,4.0,0.0,0.0,10.81,9.92,0,43
2025-11-30T23:00,3.2,3.4,0.0,0.0,10.75,10.11,43,47
2025-12-01T00:00,3.3,2.8,0.0,0.0,10.15,10.65,73,22
2025-12-01T01:00,3.5,2.4,0.0,0.0,9.76,10.21,96,35
2025-12-01T02:00,3.7,2.2,0.0,0.0,9.58,10.04,94,51
2025-12-01T03:00,3.3,2.1,0.0,0.0,8.19,9.85,98,59
2025-12-01T04:00,3.5,2.0,0.0,0.0,7.14,9.42,94,64
2025-12-01T05:00,3.8,2.0,0.0,0.0,7.78,9.51,96,73
2025-12-01T06:00,3.9,2.4,0.0,0.0,8.31,9.6,90,100
2025-12-01T07:00,3.8,2.8,0.0,0.0,8.99,9.66,81,94
2025-12-01T08:00,3.5,3.1,9.0,7.0,9.6,9.44,78,86
2025-12-01T09:00,3.8,3.6,57.0,52.0,9.83,8.84,73,97
2025-12-01T10:00,4.5,4.0,122.0,88.0,9.84,9.68,93,100
2025-12-01T11:00,5.1,4.4,141.0,102.0,10.13,10.24,100,100
2025-12-01T12:00,5.6,5.1,145.0,129.0,10.51,10.22,100,77
2025-12-01T13:00,6.0,5.5,95.0,128.0,10.42,11.18,100,75
2025-12-01T14:00,6.1,5.5,72.0,83.0,11.07,11.69,96,75
2025-12-01T15:00,5.6,5.2,24.0,23.0,11.82,12.45,80,80
2025-12-01T16:00,5.5,5.0,0.0,0.0,12.76,12.98,100,93
2025-12-01T17:00,5.4,4.9,0.0,0.0,12.84,13.37,100,100
2025-12-01T18:00,5.7,5.0,0.0,0.0,12.8,12.96,99,100
2025-12-01T19:00,5.7,5.0,0.0,0.0,13.15,12.68,100,99
2025-12-01T20:00,5.6,5.0,0.0,0.0,13.33,12.29,100,96
2025-12-01T21:00,5.8,4.9,0.0,0.0,13.03,12.54,100,90
2025-12-01T22:00,5.8,4.7,0.0,0.0,13.03,12.58,97,96
2025-12-01T23:00,5.7,4.7,0.0,0.0,12.83,12.27,99,92
2025-12-02T00:00,5.0,5.2,0.0,0.0,12.37,13.13,95,99
2025-12-02T01:00,5.0,5.1,0.0,0.0,12.06,12.64,100,100
2025-12-02T02:00,4.9,5.0,0.0,0.0,11.76,12.74,99,100
2025-12-02T03:00,4.4,5.2,0.0,0.0,10.99,12.65,97,100
2025-12-02T04:00,4.3,5.2,0.0,0.0,10.74,12.36,99,100
2025-12-02T05:00,4.1,5.1,0.0,0.0,10.57,12.5,100,100
2025-12-02T06:00,2.5,5.1,0.0,0.0,10.84,12.77,100,100
2025-12-02T07:00,2.7,5.2,0.0,0.0,10.43,12.31,100,100
2025-12-02T08:00,3.0,5.2,5.0,5.0,10.2,11.99,100,99
2025-12-02T09:00,4.1,5.6,27.0,28.0,9.18,10.97,100,100
2025-12-02T10:00,4.3,6.1,42.0,42.0,8.45,10.2,100,100
2025-12-02T11:00,4.7,6.2,65.0,40.0,7.84,8.98,100,100
2025-12-02T12:00,5.5,4.9,58.0,52.0,8.62,8.62,100,100
2025-12-02T13:00,5.9,5.1,47.0,30.0,8.53,8.33,100,100
2025-12-02T14:00,6.0,5.1,35.0,20.0,7.85,8.07,100,100
2025-12-02T15:00,5.5,5.1,11.0,7.0,7.75,8.24,100,100
2025-12-02T16:00,5.5,5.0,0.0,0.0,7.69,8.02,99,100
2025-12-02T17:00,5.3,5.0,0.0,0.0,6.9,7.89,100,100
2025-12-02T18:00,5.3,5.3,0.0,0.0,6.78,7.39,100,100
2025-12-02T19:00,5.3,5.2,0.0,0.0,6.62,7.16,100,100
2025-12-02T20:00,5.3,5.2,0.0,0.0,6.4,6.26,100,100
2025-12-02T21:00,5.2,5.1,0.0,0.0,5.98,5.49,99,100
2025-12-02T22:00,5.1,5.2,0.0,0.0,5.47,5.38,97,100
2025-12-02T23:00,5.0,5.2,0.0,0.0,5.39,5.54,100,100
2025-12-03T00:00,5.3,5.1,0.0,0.0,4.71,5.91,100,100
2025-12-03T01:00,5.3,5.1,0.0,0.0,4.52,5.07,100,100
2025-12-03T02:00,5.3,5.1,0.0,0.0,4.63,4.53,100,100
2025-12-03T03:00,5.0,5.1,0.0,0.0,4.31,5.1,100,100
2025-12-03T04:00,4.8,5.2,0.0,0.0,4.47,4.9,100,100
2025-12-03T05:00,4.6,5.2,0.0,0.0,4.5,4.61,100,100
2025-12-03T06:00,4.6,4.1,0.0,0.0,4.61,5.13,100,90
2025-12-03T07:00,4.6,3.8,0.0,0.0,4.21,5.09,100,70
2025-12-03T08:00,4.7,3.5,4.0,9.0,4.09,5.52,99,65
2025-12-03T09:00,5.3,3.9,25.0,69.0,4.46,6.09,99,32
2025-12-03T10:00,5.8,4.8,51.0,130.0,4.52,5.79,97,76
2025-12-03T11:00,6.3,5.4,67.0,126.0,4.02,5.0,98,91
2025-12-03T12:00,6.6,6.4,67.0,74.0,4.25,3.92,99,96
2025-12-03T13:00,6.7,6.5,47.0,57.0,3.72,3.84,100,94
2025-12-03T14:00,6.6,6.4,32.0,43.0,3.65,4.4,100,94
2025-12-03T15:00,6.4,6.1,13.0,13.0,3.85,4.56,92,95
2025-12-03T16:00,6.1,5.8,0.0,0.0,3.41,4.38,97,97
2025-12-03T17:00,5.9,5.5,0.0,0.0,3.76,5.33,100,100
2025-12-03T18:00,5.7,5.4,0.0,0.0,4.62,4.21,100,93
2025-12-03T19:00,5.6,5.2,0.0,0.0,5.02,4.31,100,97
2025-12-03T20:00,5.5,5.4,0.0,0.0,5.42,4.65,100,98
2025-12-03T21:00,5.8,5.6,0.0,0.0,5.43,4.91,100,98
2025-12-03T22:00,5.9,5.6,0.0,0.0,5.4,5.04,100,100
2025-12-03T23:00,5.9,5.6,0.0,0.0,4.8,5.04,100,100
2025-12-04T00:00,5.6,5.6,0.0,0.0,4.96,4.66,100,98
2025-12-04T01:00,5.6,5.6,0.0,0.0,4.88,5.14,100,100
2025-12-04T02:00,5.6,5.6,0.0,0.0,4.59,5.05,100,100
2025-12-04T03:00,5.6,5.5,0.0,0.0,4.37,5.16,100,100
2025-12-04T04:00,5.5,5.1,0.0,0.0,5.18,5.42,98,100
2025-12-04T05:00,5.1,5.0,0.0,0.0,5.0,5.98,100,100
2025-12-04T06:00,5.3,5.3,0.0,0.0,5.31,6.48,98,100
2025-12-04T07:00,4.9,5.2,0.0,0.0,5.21,6.58,99,100
2025-12-04T08:00,4.7,5.3,4.0,2.0,5.64,6.5,100,100
2025-12-04T09:00,5.1,5.5,23.0,18.0,5.94,5.96,100,100
2025-12-04T10:00,5.2,5.8,36.0,49.0,5.66,6.02,100,94
2025-12-04T11:00,5.3,6.0,37.0,64.0,4.8,6.1,100,95
2025-12-04T12:00,6.1,5.9,86.0,54.0,4.91,5.88,95,100
2025-12-04T13:00,6.1,6.0,68.0,56.0,4.4,5.09,95,96
2025-12-04T14:00,5.9,5.8,43.0,32.0,4.64,5.0,97,94
2025-12-04T15:00,5.3,5.5,17.0,12.0,4.71,5.62,97,88
2025-12-04T16:00,4.6,5.2,0.0,0.0,6.11,6.31,94,93
2025-12-04T17:00,4.3,4.9,0.0,0.0,6.6,7.0,100,91
2025-12-04T18:00,3.8,3.8,0.0,0.0,7.37,7.18,95,95
2025-12-04T19:00,3.7,3.2,0.0,0.0,5.96,7.35,90,97
2025-12-04T20:00,3.3,2.8,0.0,0.0,5.85,6.86,89,94
2025-12-04T21:00,3.4,2.6,0.0,0.0,5.69,6.86,100,95
2025-12-04T22:00,3.2,2.5,0.0,0.0,5.35,6.31,90,97
2025-12-04T23:00,2.2,2.3,0.0,0.0,4.8,6.34,65,97
2025-12-05T00:00,1.3,2.8,0.0,0.0,5.21,5.78,45,89
2025-12-05T01:00,0.8,2.4,0.0,0.0,6.17,6.38,58,82
2025-12-05T02:00,0.9,2.1,0.0,0.0,5.66,6.11,97,89
2025-12-05T03:00,0.9,2.0,0.0,0.0,4.73,5.89,100,77
2025-12-05T04:00,1.1,1.7,0.0,0.0,4.91,5.7,100,78
2025-12-05T05:00,0.7,1.5,0.0,0.0,4.34,5.85,100,88
2025-12-05T06:00,1.0,2.0,0.0,0.0,4.82,3.65,100,93
2025-12-05T07:00,1.4,1.9,0.0,0.0,4.68,3.6,100,87
2025-12-05T08:00,1.7,1.6,4.0,5.0,4.73,4.21,100,99
2025-12-05T09:00,1.8,1.8,28.0,44.0,3.61,4.52,100,100
2025-12-05T10:00,1.8,2.3,50.0,106.0,2.99,3.72,100,100
2025-12-05T11:00,2.0,2.8,67.0,135.0,2.42,3.51,100,100
2025-12-05T12:00,2.5,2.9,69.0,113.0,2.04,3.12,100,90
2025-12-05T13:00,2.8,3.3,76.0,117.0,2.08,3.19,99,93
2025-12-05T14:00,2.9,3.3,50.0,68.0,2.26,3.34,100,98
2025-12-05T15:00,3.1,2.9,15.0,18.0,2.26,3.77,99,82
2025-12-05T16:00,2.9,2.2,0.0,0.0,3.04,4.88,100,79
2025-12-05T17:00,2.9,2.0,0.0,0.0,4.21,5.73,84,86
2025-12-05T18:00,2.5,1.9,0.0,0.0,4.34,5.81,88,85
2025-12-05T19:00,2.7,2.2,0.0,0.0,5.2,5.68,95,94
2025-12-05T20:00,3.0,2.6,0.0,0.0,5.88,5.78,100,100
2025-12-05T21:00,3.1,2.9,0.0,0.0,5.8,5.98,100,99
2025-12-05T22:00,3.3,3.2,0.0,0.0,5.67,6.27,100,100
2025-12-05T23:00,3.5,3.5,0.0,0.0,5.52,6.38,100,100
2025-12-06T00:00,3.5,3.6,0.0,0.0,6.47,5.79,98,72
2025-12-06T01:00,3.4,3.4,0.0,0.0,6.7,6.73,82,100
2025-12-06T02:00,2.9,3.2,0.0,0.0,8.89,7.56,100,99
2025-12-06T03:00,2.0,3.0,0.0,0.0,9.02,7.95,100,92
2025-12-06T04:00,1.9,2.9,0.0,0.0,9.08,8.96,100,100
2025-12-06T05:00,1.8,2.8,0.0,0.0,9.61,9.3,99,99
2025-12-06T06:00,2.1,2.3,0.0,0.0,9.95,10.53,100,95
2025-12-06T07:00,2.2,2.2,0.0,0.0,9.95,10.77,100,100
2025-12-06T08:00,2.5,2.4,4.0,5.0,10.17,11.44,93,96
2025-12-06T09:00,3.3,3.1,38.0,35.0,10.11,11.62,100,96
2025-12-06T10:00,4.1,3.9,34.0,66.0,9.95,10.71,92,94
2025-12-06T11:00,4.6,4.4,50.0,74.0,9.47,10.27,100,100
2025-12-06T12:00,5.1,4.9,68.0,43.0,8.81,9.82,100,100
2025-12-06T13:00,5.2,5.1,42.0,38.0,8.83,9.79,100,100
2025-12-06T14:00,5.2,5.2,16.0,24.0,8.99,10.03,94,95
2025-12-06T15:00,5.2,5.1,6.0,11.0,9.07,9.96,100,95
2025-12-06T16:00,5.2,5.1,0.0,0.0,9.5,10.3,100,97
2025-12-06T17:00,5.2,5.2,0.0,0.0,9.83,10.44,100,100
2025-12-06T18:00,5.3,5.1,0.0,0.0,10.27,10.43,100,100
2025-12-06T19:00,5.5,5.2,0.0,0.0,9.89,10.57,99,99
2025-12-06T20:00,5.7,5.4,0.0,0.0,10.18,10.95,100,99
2025-12-06T21:00,5.8,5.6,0.0,0.0,9.58,10.33,99,93
2025-12-06T22:00,6.1,5.8,0.0,0.0,9.33,10.42,100,100
2025-12-06T23:00,6.3,6.2,0.0,0.0,9.6,10.49,100,100
2025-12-07T00:00,6.6,6.4,0.0,0.0,9.8,10.68,100,100
2025-12-07T01:00,7.0,6.7,0.0,0.0,10.02,10.81,100,100
2025-12-07T02:00,7.4,7.0,0.0,0.0,10.41,11.59,100,100
2025-12-07T03:00,7.5,7.5,0.0,0.0,9.95,11.72,100,100
2025-12-07T04:00,7.8,8.3,0.0,0.0,9.92,11.28,100,100
2025-12-07T05:00,7.9,8.6,0.0,0.0,9.47,11.3,100,94
2025-12-07T06:00,8.1,8.6,0.0,0.0,9.63,10.33,100,94
2025-12-07T07:00,8.2,8.7,0.0,0.0,9.43,9.71,100,96
2025-12-07T08:00,8.2,8.6,3.0,2.0,9.38,9.87,100,99
2025-12-07T09:00,8.2,8.7,19.0,13.0,8.79,10.05,99,98
2025-12-07T10:00,8.6,8.9,47.0,27.0,8.52,9.71,98,95
2025-12-07T11:00,8.9,9.1,71.0,35.0,8.34,9.22,94,94
2025-12-07T12:00,9.0,8.9,71.0,39.0,7.41,8.35,100,97
2025-12-07T13:00,9.1,8.9,63.0,35.0,8.71,7.87,98,99
2025-12-07T14:00,8.9,8.9,41.0,18.0,6.82,8.25,98,91
2025-12-07T15:00,8.7,8.5,9.0,14.0,7.19,8.76,100,93
2025-12-07T16:00,8.3,8.2,0.0,0.0,6.39,7.76,100,98
2025-12-07T17:00,7.7,7.6,0.0,0.0,5.97,7.1,99,100
2025-12-07T18:00,7.4,7.6,0.0,0.0,6.78,8.07,100,86
2025-12-07T19:00,6.8,7.0,0.0,0.0,7.56,7.3,100,95
2025-12-07T20:00,6.6,6.9,0.0,0.0,9.04,8.64,100,96
2025-12-07T21:00,7.2,6.8,0.0,0.0,9.65,9.4,100,100
2025-12-07T22:00,7.4,7.2,0.0,0.0,9.79,10.23,100,100
2025-12-07T23:00,7.6,7.6,0.0,0.0,10.5,10.63,100,100
2025-12-08T00:00,8.1,8.2,0.0,0.0,11.0,12.15,100,100
2025-12-08T01:00,8.6,8.7,0.0,0.0,11.91,12.17,100,100
2025-12-08T02:00,8.8,9.2,0.0,0.0,12.11,12.6,100,100
2025-12-08T03:00,9.8,10.0,0.0,0.0,12.5,13.44,93,91
2025-12-08T04:00,11.0,11.0,0.0,0.0,13.15,13.13,92,100
2025-12-08T05:00,11.1,11.6,0.0,0.0,13.67,12.87,100,85
2025-12-08T06:00,10.2,10.9,0.0,0.0,12.14,17.29,75,100
2025-12-08T07:00,9.7,10.7,0.0,0.0,11.7,16.18,88,94
2025-12-08T08:00,9.5,10.0,4.0,4.0,11.31,14.54,98,70
2025-12-08T09:00,9.6,9.8,46.0,40.0,11.98,14.45,96,66
2025-12-08T10:00,10.0,10.2,103.0,120.0,11.54,13.2,75,46
2025-12-08T11:00,10.5,10.5,152.0,144.0,12.41,12.24,56,100
2025-12-08T12:00,10.5,11.0,139.0,145.0,11.47,9.94,100,94
2025-12-08T13:00,10.9,11.1,108.0,102.0,10.34,9.98,94,100
2025-12-08T14:00,10.6,11.2,50.0,41.0,9.26,10.6,100,100
2025-12-08T15:00,10.4,10.9,6.0,11.0,10.79,10.91,100,100
2025-12-08T16:00,10.7,10.8,0.0,0.0,10.86,11.85,100,100
2025-12-08T17:00,10.5,10.8,0.0,0.0,11.36,11.01,100,100
2025-12-08T18:00,10.8,10.0,0.0,0.0,10.61,11.29,100,100
2025-12-08T19:00,10.8,10.1,0.0,0.0,10.14,10.55,100,100
2025-12-08T20:00,10.6,10.2,0.0,0.0,9.72,11.2,100,100
2025-12-08T21:00,10.8,10.5,0.0,0.0,10.03,11.66,100,99
2025-12-08T22:00,10.5,10.7,0.0,0.0,9.92,11.46,100,86
2025-12-08T23:00,10.6,10.3,0.0,0.0,10.03,10.69,100,80
2025-12-09T00:00,10.6,10.1,0.0,0.0,8.33,10.88,100,91
2025-12-09T01:00,10.5,10.0,0.0,0.0,8.54,10.9,100,72
2025-12-09T02:00,10.4,9.5,0.0,0.0,8.6,10.74,100,93
2025-12-09T03:00,9.8,9.3,0.0,0.0,8.75,10.03,100,95
2025-12-09T04:00,9.6,9.2,0.0,0.0,7.28,9.27,100,100
2025-12-09T05:00,9.5,8.9,0.0,0.0,7.24,8.31,100,100
2025-12-09T06:00,10.4,9.7,0.0,0.0,6.96,7.59,100,100
2025-12-09T07:00,10.4,9.9,0.0,0.0,7.86,7.62,100,100
2025-12-09T08:00,10.5,10.0,1.0,1.0,7.75,7.92,100,100
2025-12-09T09:00,11.1,10.2,5.0,13.0,9.19,8.02,100,100
2025-12-09T10:00,11.4,10.4,13.0,24.0,8.84,8.17,100,100
2025-12-09T11:00,11.5,10.7,25.0,29.0,9.22,8.74,100,100
2025-12-09T12:00,11.8,11.5,39.0,42.0,8.95,10.43,100,100
2025-12-09T13:00,11.6,11.6,30.0,41.0,8.37,10.97,100,100
2025-12-09T14:00,11.3,11.4,18.0,22.0,9.08,10.57,100,100
2025-12-09T15:00,11.2,11.2,6.0,4.0,9.13,10.45,100,100
2025-12-09T16:00,11.0,11.1,0.0,0.0,10.05,11.43,100,100
2025-12-09T17:00,11.0,11.1,0.0,0.0,10.13,11.98,100,100
2025-12-09T18:00,11.0,11.4,0.0,0.0,10.72,13.28,100,100
2025-12-09T19:00,11.0,11.5,0.0,0.0,10.26,13.15,100,100
2025-12-09T20:00,11.1,11.6,0.0,0.0,10.77,12.96,100,100
2025-12-09T21:00,11.2,11.8,0.0,0.0,11.3,13.08,100,100
2025-12-09T22:00,11.1,11.9,0.0,0.0,11.03,12.4,100,100
2025-12-09T23:00,11.0,12.1,0.0,0.0,10.72,13.04,92,100
2025-12-10T00:00,11.1,11.7,0.0,0.0,10.49,13.09,100,100
2025-12-10T01:00,11.0,11.7,0.0,0.0,10.27,12.83,100,92
2025-12-10T02:00,10.9,11.5,0.0,0.0,10.11,12.37,100,95
2025-12-10T03:00,10.8,11.4,0.0,0.0,9.71,12.12,98,88
2025-12-10T04:00,10.7,11.2,0.0,0.0,9.61,11.12,99,84
2025-12-10T05:00,10.7,10.9,0.0,0.0,9.11,11.17,99,79
2025-12-10T06:00,10.4,10.9,0.0,0.0,9.18,10.44,100,96
2025-12-10T07:00,10.3,10.6,0.0,0.0,9.63,10.41,99,100
2025-12-10T08:00,10.3,10.5,3.0,3.0,9.73,10.25,100,93
2025-12-10T09:00,10.4,10.4,32.0,35.0,9.52,9.99,97,94
2025-12-10T10:00,10.7,10.8,76.0,74.0,9.2,9.73,100,98
2025-12-10T11:00,11.0,11.2,89.0,87.0,9.0,10.3,99,99
2025-12-10T12:00,11.2,11.7,102.0,111.0,9.86,10.25,100,98
2025-12-10T13:00,11.4,11.7,98.0,74.0,8.83,10.55,98,100
2025-12-10T14:00,11.3,11.4,68.0,40.0,10.06,9.87,100,100
2025-12-10T15:00,11.1,11.2,10.0,11.0,9.46,9.91,100,100
2025-12-10T16:00,10.8,10.8,0.0,0.0,10.64,10.4,100,100
2025-12-10T17:00,10.6,10.4,0.0,0.0,11.19,10.74,97,100
2025-12-10T18:00,9.7,10.4,0.0,0.0,11.39,10.42,84,100
2025-12-10T19:00,9.5,10.1,0.0,0.0,11.56,11.06,94,100
2025-12-10T20:00,9.6,10.3,0.0,0.0,11.93,11.56,99,100
2025-12-10T21:00,9.7,10.1,0.0,0.0,11.13,11.98,58,87
2025-12-10T22:00,9.5,9.9,0.0,0.0,10.65,11.53,100,81
2025-12-10T23:00,9.1,9.8,0.0,0.0,10.45,10.35,72,95
2025-12-11T00:00,8.7,9.7,0.0,0.0,11.51,12.27,40,87
2025-12-11T01:00,8.3,9.5,0.0,0.0,11.11,12.56,49,77
2025-12-11T02:00,8.1,9.3,0.0,0.0,10.97,12.17,55,72
2025-12-11T03:00,7.6,9.0,0.0,0.0,10.34,12.03,52,71
2025-12-11T04:00,7.4,9.0,0.0,0.0,10.39,12.81,79,69
2025-12-11T05:00,7.4,8.7,0.0,0.0,10.2,12.14,92,80
2025-12-11T06:00,7.4,8.4,0.0,0.0,10.35,12.12,93,82
2025-12-11T07:00,7.7,8.3,0.0,0.0,10.54,11.85,100,88
2025-12-11T08:00,8.0,8.2,2.0,3.0,9.77,12.8,100,97
2025-12-11T09:00,8.4,8.5,22.0,32.0,10.08,12.68,100,100
2025-12-11T10:00,8.7,8.7,47.0,69.0,10.66,12.81,100,100
2025-12-11T11:00,9.1,8.9,57.0,77.0,10.25,12.04,100,100
2025-12-11T12:00,9.4,9.1,70.0,63.0,10.74,11.73,100,100
2025-12-11T13:00,9.1,9.2,62.0,58.0,10.35,12.84,100,100
2025-12-11T14:00,8.8,9.1,48.0,42.0,9.78,11.66,100,100
2025-12-11T15:00,8.9,8.7,16.0,11.0,8.87,10.78,99,100
2025-12-11T16:00,8.5,8.4,0.0,0.0,9.13,9.95,100,99
2025-12-11T17:00,8.4,8.0,0.0,0.0,8.7,9.74,100,100
2025-12-11T18:00,7.6,8.1,0.0,0.0,8.61,10.44,100,100
2025-12-11T19:00,7.1,8.0,0.0,0.0,8.62,9.24,100,100
2025-12-11T20:00,6.5,7.8,0.0,0.0,8.84,8.65,100,87
2025-12-11T21:00,6.4,7.7,0.0,0.0,9.92,8.7,89,85
2025-12-11T22:00,6.1,7.4,0.0,0.0,9.6,9.01,64,85
2025-12-11T23:00,5.8,7.1,0.0,0.0,9.24,8.47,71,83
2025-12-12T00:00,5.5,6.5,0.0,0.0,5.83,7.39,81,58
2025-12-12T01:00,5.4,6.0,0.0,0.0,5.09,5.44,77,49
2025-12-12T02:00,5.4,5.5,0.0,0.0,6.27,5.35,100,66
2025-12-12T03:00,5.2,5.3,0.0,0.0,4.56,4.61,100,37
2025-12-12T04:00,5.3,4.8,0.0,0.0,4.34,4.98,100,45
2025-12-12T05:00,5.5,4.7,0.0,0.0,4.52,5.75,100,63
2025-12-12T06:00,6.1,5.3,0.0,0.0,5.09,5.22,100,80
2025-12-12T07:00,6.0,5.1,0.0,0.0,3.95,3.78,88,81
2025-12-12T08:00,5.1,4.8,2.0,3.0,4.21,4.13,100,78
2025-12-12T09:00,5.7,4.9,23.0,39.0,3.31,4.13,100,83
2025-12-12T10:00,5.3,5.4,73.0,76.0,3.9,4.61,94,100
2025-12-12T11:00,5.6,5.9,112.0,115.0,3.65,3.92,86,100
2025-12-12T12:00,6.1,6.0,146.0,100.0,2.94,3.35,100,100
2025-12-12T13:00,6.8,6.2,122.0,61.0,3.2,3.51,89,87
2025-12-12T14:00,6.8,6.2,72.0,50.0,3.4,4.58,40,81
2025-12-12T15:00,6.1,5.6,21.0,15.0,4.08,5.22,25,68
2025-12-12T16:00,5.4,5.2,0.0,0.0,5.13,5.21,95,77
2025-12-12T17:00,5.6,5.2,0.0,0.0,5.45,5.39,97,79
2025-12-12T18:00,6.1,5.9,0.0,0.0,5.61,5.54,100,94
2025-12-12T19:00,6.6,6.2,0.0,0.0,5.83,5.66,100,96
2025-12-12T20:00,7.0,6.7,0.0,0.0,6.48,5.84,95,100
2025-12-12T21:00,6.7,7.0,0.0,0.0,5.73,5.51,100,99
2025-12-12T22:00,7.1,7.4,0.0,0.0,6.22,6.1,100,100
2025-12-12T23:00,7.5,7.8,0.0,0.0,6.84,5.92,100,98
2025-12-13T00:00,7.7,8.3,0.0,0.0,6.3,8.17,100,98
2025-12-13T01:00,7.8,8.5,0.0,0.0,5.92,7.85,100,99
2025-12-13T02:00,7.8,8.6,0.0,0.0,7.44,7.31,100,100
2025-12-13T03:00,8.0,8.5,0.0,0.0,7.55,8.07,96,98
2025-12-13T04:00,7.9,8.4,0.0,0.0,8.32,8.07,100,100
2025-12-13T05:00,8.2,8.5,0.0,0.0,9.64,8.8,100,100
2025-12-13T06:00,8.3,8.2,0.0,0.0,9.08,9.54,100,100
2025-12-13T07:00,8.2,8.3,0.0,0.0,9.0,9.68,100,99
2025-12-13T08:00,8.1,8.4,1.0,2.0,8.83,9.61,100,100
2025-12-13T09:00,8.0,8.6,17.0,14.0,8.72,8.63,100,100
2025-12-13T10:00,8.5,8.8,35.0,43.0,9.58,7.66,100,98
2025-12-13T11:00,9.0,8.7,51.0,83.0,8.93,6.67,100,94
2025-12-13T12:00,9.3,9.3,100.0,95.0,7.32,7.49,100,100
2025-12-13T13:00,9.0,9.1,86.0,94.0,7.65,7.84,98,97
2025-12-13T14:00,8.7,8.7,60.0,65.0,7.06,8.75,91,84
2025-12-13T15:00,7.9,8.1,15.0,19.0,6.7,9.15,57,74
2025-12-13T16:00,7.3,7.6,0.0,0.0,5.78,8.77,49,83
2025-12-13T17:00,7.0,7.4,0.0,0.0,7.16,8.72,89,78
2025-12-13T18:00,7.0,7.0,0.0,0.0,7.43,8.53,85,80
2025-12-13T19:00,7.0,6.8,0.0,0.0,7.54,8.02,100,67
2025-12-13T20:00,6.9,6.5,0.0,0.0,7.18,8.2,93,72
2025-12-13T21:00,6.8,6.2,0.0,0.0,7.28,8.03,90,77
2025-12-13T22:00,6.2,6.0,0.0,0.0,7.61,7.8,84,99
2025-12-13T23:00,5.5,5.9,0.0,0.0,8.1,8.29,100,98
2025-12-14T00:00,5.5,5.8,0.0,0.0,7.98,8.56,100,99
2025-12-14T01:00,5.2,5.6,0.0,0.0,7.91,8.75,94,100
2025-12-14T02:00,5.0,5.8,0.0,0.0,8.66,9.59,65,95
2025-12-14T03:00,5.5,5.9,0.0,0.0,8.21,10.41,80,95
2025-12-14T04:00,5.0,5.2,0.0,0.0,7.62,9.21,100,98
2025-12-14T05:00,4.8,5.0,0.0,0.0,8.02,9.49,100,100
2025-12-14T06:00,4.6,4.7,0.0,0.0,8.75,9.45,99,96
2025-12-14T07:00,3.9,4.7,0.0,0.0,9.18,9.53,100,94
2025-12-14T08:00,3.9,4.6,2.0,2.0,9.42,9.93,100,91
2025-12-14T09:00,4.0,4.7,28.0,34.0,8.95,9.69,100,98
2025-12-14T10:00,4.6,5.0,57.0,84.0,9.11,9.59,89,97
2025-12-14T11:00,5.2,5.1,96.0,111.0,9.82,9.54,100,100
2025-12-14T12:00,6.3,5.5,95.0,127.0,10.09,8.72,96,73
2025-12-14T13:00,6.6,5.8,86.0,109.0,9.92,8.47,100,71
2025-12-14T14:00,6.7,5.6,54.0,57.0,10.33,9.81,99,87
2025-12-14T15:00,6.3,5.9,15.0,11.0,9.93,9.73,100,82
2025-12-14T16:00,6.5,6.3,0.0,0.0,10.53,10.54,100,92
2025-12-14T17:00,6.3,6.8,0.0,0.0,10.03,10.65,96,95
2025-12-14T18:00,6.0,6.7,0.0,0.0,10.3,10.54,92,93
2025-12-14T19:00,5.9,6.9,0.0,0.0,9.56,10.71,86,82
2025-12-14T20:00,6.1,6.8,0.0,0.0,9.82,10.25,83,94
2025-12-14T21:00,6.2,6.9,0.0,0.0,9.07,10.25,77,99
2025-12-14T22:00,6.0,7.0,0.0,0.0,9.47,9.04,84,99
2025-12-14T23:00,6.2,7.0,0.0,0.0,9.68,8.29,92,100
2025-12-15T00:00,6.3,7.0,0.0,0.0,9.38,9.99,96,75
2025-12-15T01:00,6.2,6.7,0.0,0.0,9.34,10.3,77,85
2025-12-15T02:00,6.2,6.5,0.0,0.0,9.25,9.66,100,88
2025-12-15T03:00,5.9,6.4,0.0,0.0,8.29,9.07,95,88
2025-12-15T04:00,6.0,6.3,0.0,0.0,8.43,8.97,79,84
2025-12-15T05:00,6.1,6.2,0.0,0.0,7.94,9.57,100,91
2025-12-15T06:00,6.5,6.6,0.0,0.0,7.91,7.61,100,100
2025-12-15T07:00,6.2,6.7,0.0,0.0,8.11,8.08,100,96
2025-12-15T08:00,5.7,6.7,1.0,2.0,7.81,9.56,100,80
2025-12-15T09:00,4.8,6.7,27.0,33.0,6.92,9.16,80,61
2025-12-15T10:00,5.0,6.8,76.0,75.0,6.66,8.09,75,87
2025-12-15T11:00,5.8,7.1,123.0,85.0,6.01,7.67,58,84
2025-12-15T12:00,6.8,6.2,167.0,117.0,6.72,7.49,25,74
2025-12-15T13:00,7.2,6.8,146.0,109.0,7.04,6.8,0,57
2025-12-15T14:00,7.0,6.7,90.0,75.0,7.86,7.06,0,33
2025-12-15T15:00,6.2,6.0,21.0,20.0,8.75,7.87,0,0
2025-12-15T16:00,5.5,5.4,0.0,0.0,9.2,9.59,0,0
2025-12-15T17:00,5.1,5.1,0.0,0.0,9.57,9.69,0,0
2025-12-15T18:00,4.8,4.9,0.0,0.0,9.28,9.7,0,0
2025-12-15T19:00,4.5,4.6,0.0,0.0,9.28,9.58,0,0
2025-12-15T20:00,4.5,4.5,0.0,0.0,9.38,9.83,5,0
2025-12-15T21:00,4.3,4.4,0.0,0.0,8.99,10.28,0,0
2025-12-15T22:00,4.2,4.4,0.0,0.0,8.51,10.08,41,42
2025-12-15T23:00,4.2,4.3,0.0,0.0,9.01,9.46,81,8
2025-12-16T00:00,5.2,5.2,0.0,0.0,8.41,9.93,84,0
2025-12-16T01:00,4.8,5.0,0.0,0.0,8.25,9.56,38,22
2025-12-16T02:00,4.5,4.9,0.0,0.0,8.49,9.61,8,27
2025-12-16T03:00,4.4,4.8,0.0,0.0,8.91,9.25,0,43
2025-12-16T04:00,4.3,4.8,0.0,0.0,8.56,9.03,8,2
2025-12-16T05:00,4.2,4.9,0.0,0.0,8.46,9.44,47,27
2025-12-16T06:00,4.3,4.7,0.0,0.0,8.9,9.07,89,16
2025-12-16T07:00,4.3,4.9,0.0,0.0,8.33,9.38,100,75
2025-12-16T08:00,4.4,5.0,2.0,2.0,9.31,9.01,100,76
2025-12-16T09:00,4.8,5.5,46.0,47.0,7.84,8.38,70,25
2025-12-16T10:00,5.8,6.6,108.0,112.0,7.54,8.29,83,0
2025-12-16T11:00,6.9,7.6,150.0,158.0,7.74,8.36,30,39
2025-12-16T12:00,7.8,8.8,154.0,155.0,6.54,7.53,70,40
2025-12-16T13:00,8.2,9.2,142.0,130.0,6.2,7.34,31,53
2025-12-16T14:00,7.9,9.0,85.0,70.0,6.77,7.19,100,48
2025-12-16T15:00,7.1,8.5,20.0,17.0,6.28,5.53,77,62
2025-12-16T16:00,6.4,7.6,0.0,0.0,6.57,5.52,100,40
2025-12-16T17:00,6.0,7.2,0.0,0.0,7.15,6.11,100,70
2025-12-16T18:00,5.6,7.6,0.0,0.0,7.88,8.34,100,90
2025-12-16T19:00,5.4,7.4,0.0,0.0,6.54,7.32,89,91
2025-12-16T20:00,5.0,7.2,0.0,0.0,7.05,6.92,100,100
2025-12-16T21:00,5.0,7.0,0.0,0.0,6.21,6.27,100,100
2025-12-16T22:00,5.1,6.8,0.0,0.0,6.22,6.1,100,94
2025-12-16T23:00,5.3,6.5,0.0,0.0,5.44,5.65,100,98
2025-12-17T00:00,4.9,6.8,0.0,0.0,4.09,7.74,100,88
2025-12-17T01:00,4.9,6.8,0.0,0.0,4.72,7.7,100,70
2025-12-17T02:00,5.0,6.3,0.0,0.0,6.45,7.63,99,22
2025-12-17T03:00,5.1,6.0,0.0,0.0,5.85,8.1,81,8
2025-12-17T04:00,5.0,5.6,0.0,0.0,7.02,7.88,66,28
2025-12-17T05:00,4.5,5.5,0.0,0.0,6.17,8.08,71,78
2025-12-17T06:00,4.1,5.8,0.0,0.0,5.22,6.1,99,90
2025-12-17T07:00,3.9,6.0,0.0,0.0,6.45,6.22,13,95
2025-12-17T08:00,3.4,6.4,3.0,1.0,6.84,6.66,35,98
2025-12-17T09:00,5.4,6.7,38.0,12.0,7.41,6.88,81,100
2025-12-17T10:00,6.3,7.2,59.0,28.0,6.64,6.3,100,100
2025-12-17T11:00,6.9,7.6,53.0,44.0,6.27,5.66,90,98
2025-12-17T12:00,7.6,8.0,90.0,56.0,5.0,6.57,95,96
2025-12-17T13:00,8.0,8.3,61.0,33.0,5.14,7.51,100,100
2025-12-17T14:00,8.1,8.3,18.0,20.0,6.17,7.17,100,100
2025-12-17T15:00,8.2,8.2,6.0,6.0,6.31,7.63,100,99
2025-12-17T16:00,8.1,8.1,0.0,0.0,6.75,6.28,100,100
2025-12-17T17:00,8.1,7.8,0.0,0.0,6.89,5.92,100,91
2025-12-17T18:00,7.7,6.5,0.0,0.0,6.41,6.79,100,68
2025-12-17T19:00,7.8,6.1,0.0,0.0,6.92,7.21,100,80
2025-12-17T20:00,7.8,5.8,0.0,0.0,7.83,8.32,100,86
2025-12-17T21:00,7.3,5.7,0.0,0.0,8.45,9.12,88,59
2025-12-17T22:00,7.1,5.4,0.0,0.0,8.72,9.04,99,74
2025-12-17T23:00,6.9,5.3,0.0,0.0,7.77,9.91,100,85
2025-12-18T00:00,6.2,6.6,0.0,0.0,9.19,9.45,100,100
2025-12-18T01:00,6.0,6.3,0.0,0.0,9.03,10.48,100,100
2025-12-18T02:00,6.0,6.4,0.0,0.0,9.84,11.36,100,90
2025-12-18T03:00,5.9,6.8,0.0,0.0,10.13,11.53,94,93
2025-12-18T04:00,5.8,7.1,0.0,0.0,10.92,11.28,100,95
2025-12-18T05:00,6.0,7.2,0.0,0.0,11.46,11.48,100,100
2025-12-18T06:00,6.3,7.2,0.0,0.0,11.97,12.5,100,100
2025-12-18T07:00,6.5,7.6,0.0,0.0,12.86,12.18,100,100
2025-12-18T08:00,6.7,7.6,1.0,2.0,11.74,11.93,100,100
2025-12-18T09:00,6.8,8.0,18.0,31.0,11.93,11.71,98,98
2025-12-18T10:00,7.4,8.7,44.0,75.0,11.29,10.69,100,97
2025-12-18T11:00,8.1,9.3,70.0,75.0,10.41,10.73,100,98
2025-12-18T12:00,8.8,9.3,55.0,33.0,10.24,10.44,94,100
2025-12-18T13:00,9.2,9.2,57.0,17.0,9.98,10.06,98,100
2025-12-18T14:00,9.3,9.3,25.0,13.0,10.0,9.25,99,100
2025-12-18T15:00,8.6,9.1,15.0,3.0,10.83,9.54,100,100
2025-12-18T16:00,7.6,8.9,0.0,0.0,12.44,9.54,100,94
2025-12-18T17:00,7.3,8.8,0.0,0.0,12.36,11.18,100,94
2025-12-18T18:00,7.7,8.6,0.0,0.0,12.16,12.55,59,100
2025-12-18T19:00,7.5,8.6,0.0,0.0,12.44,13.04,92,96
2025-12-18T20:00,7.9,8.8,0.0,0.0,12.54,12.84,99,100
2025-12-18T21:00,8.4,8.9,0.0,0.0,11.93,12.51,90,100
2025-12-18T22:00,8.4,9.0,0.0,0.0,11.65,13.14,78,100
2025-12-18T23:00,8.7,9.2,0.0,0.0,11.76,13.4,100,100
2025-12-19T00:00,9.0,9.8,0.0,0.0,12.07,13.05,96,100
2025-12-19T01:00,9.1,9.9,0.0,0.0,13.0,13.17,100,100
2025-12-19T02:00,9.5,9.9,0.0,0.0,13.32,12.92,100,100
2025-12-19T03:00,8.5,9.7,0.0,0.0,12.35,12.94,100,100
2025-12-19T04:00,8.6,9.7,0.0,0.0,12.11,12.4,100,100
2025-12-19T05:00,8.6,9.7,0.0,0.0,12.32,11.66,100,100
2025-12-19T06:00,8.8,10.5,0.0,0.0,12.55,11.43,100,100
2025-12-19T07:00,8.8,10.3,0.0,0.0,11.74,11.5,100,100
2025-12-19T08:00,8.8,10.2,1.0,1.0,11.59,10.81,100,100
2025-12-19T09:00,9.4,10.3,12.0,20.0,10.91,10.47,100,100
2025-12-19T10:00,9.8,10.6,28.0,50.0,10.33,9.56,100,100
2025-12-19T11:00,10.1,10.9,41.0,64.0,9.41,8.6,100,100
2025-12-19T12:00,10.3,10.9,36.0,70.0,8.72,8.98,100,93
2025-12-19T13:00,10.4,11.1,26.0,64.0,8.08,8.56,100,100
2025-12-19T14:00,10.3,10.8,14.0,41.0,8.67,8.31,100,96
2025-12-19T15:00,10.1,10.1,3.0,10.0,6.69,8.17,100,100
2025-12-19T16:00,9.9,9.2,0.0,0.0,6.92,8.2,100,100
2025-12-19T17:00,9.6,8.4,0.0,0.0,6.04,8.68,100,100
2025-12-19T18:00,9.4,8.7,0.0,0.0,5.83,9.03,100,100
2025-12-19T19:00,9.0,8.0,0.0,0.0,6.73,9.52,100,100
2025-12-19T20:00,8.5,7.4,0.0,0.0,7.75,9.69,100,100
2025-12-19T21:00,7.0,6.9,0.0,0.0,9.18,9.69,93,100
2025-12-19T22:00,6.3,6.5,0.0,0.0,8.81,9.33,100,100
2025-12-19T23:00,5.8,6.1,0.0,0.0,8.89,8.95,100,100
2025-12-20T00:00,5.6,6.1,0.0,0.0,7.86,9.44,100,100
2025-12-20T01:00,5.6,6.2,0.0,0.0,6.88,9.31,100,100
2025-12-20T02:00,5.4,6.2,0.0,0.0,7.35,8.72,80,100
2025-12-20T03:00,5.3,6.1,0.0,0.0,7.87,8.4,100,100
2025-12-20T04:00,5.2,5.8,0.0,0.0,7.74,7.73,100,100
2025-12-20T05:00,4.9,5.6,0.0,0.0,7.19,7.28,100,100
2025-12-20T06:00,4.8,4.8,0.0,0.0,6.79,6.62,80,52
2025-12-20T07:00,4.4,4.5,0.0,0.0,6.23,5.99,100,69
2025-12-20T08:00,4.3,4.5,1.0,1.0,4.57,5.44,100,73
2025-12-20T09:00,4.3,4.8,35.0,35.0,3.72,4.84,87,68
2025-12-20T10:00,4.7,5.3,72.0,95.0,2.23,3.97,93,51
2025-12-20T11:00,5.0,5.9,85.0,145.0,1.79,2.72,100,43
2025-12-20T12:00,5.0,5.8,71.0,127.0,2.26,1.31,100,94
2025-12-20T13:00,5.3,6.0,58.0,121.0,2.06,1.12,100,96
2025-12-20T14:00,5.3,5.8,37.0,69.0,2.65,2.41,100,98
2025-12-20T15:00,4.6,5.3,10.0,16.0,3.08,3.38,100,100
2025-12-20T16:00,4.6,4.8,0.0,0.0,3.89,4.31,100,100
2025-12-20T17:00,4.8,4.6,0.0,0.0,4.6,4.74,100,100
2025-12-20T18:00,4.5,4.9,0.0,0.0,5.58,6.94,100,100
2025-12-20T19:00,4.5,4.7,0.0,0.0,5.92,7.56,100,100
2025-12-20T20:00,4.4,4.6,0.0,0.0,6.75,7.78,100,100
2025-12-20T21:00,3.7,4.6,0.0,0.0,5.5,8.2,99,99
2025-12-20T22:00,3.8,4.6,0.0,0.0,6.67,7.73,100,100
2025-12-20T23:00,4.0,4.8,0.0,0.0,6.22,8.24,99,100
2025-12-21T00:00,3.9,5.3,0.0,0.0,7.15,10.22,100,100
2025-12-21T01:00,4.1,5.5,0.0,0.0,8.27,10.6,100,100
2025-12-21T02:00,4.3,5.7,0.0,0.0,8.26,10.47,100,100
2025-12-21T03:00,4.3,5.9,0.0,0.0,8.38,9.73,100,100
2025-12-21T04:00,4.6,6.1,0.0,0.0,8.15,9.22,100,100
2025-12-21T05:00,5.0,6.1,0.0,0.0,8.32,9.29,100,100
2025-12-21T06:00,5.5,6.1,0.0,0.0,7.59,8.81,100,100
2025-12-21T07:00,5.6,6.2,0.0,0.0,7.53,9.3,100,100
2025-12-21T08:00,5.6,6.3,0.0,1.0,7.25,9.15,100,100
2025-12-21T09:00,5.7,6.4,13.0,15.0,7.75,8.72,100,100
2025-12-21T10:00,6.0,6.7,30.0,40.0,7.58,8.21,100,99
2025-12-21T11:00,6.4,7.0,47.0,60.0,7.84,7.86,100,100
2025-12-21T12:00,6.5,7.4,52.0,51.0,7.11,6.94,100,100
2025-12-21T13:00,6.6,7.5,43.0,68.0,7.44,7.28,100,100
2025-12-21T14:00,6.6,7.3,25.0,45.0,7.67,7.99,100,100
2025-12-21T15:00,6.7,7.0,8.0,12.0,8.88,8.57,100,96
2025-12-21T16:00,6.5,6.8,0.0,0.0,9.27,9.34,100,98
2025-12-21T17:00,6.4,6.7,0.0,0.0,9.17,9.61,100,98
2025-12-21T18:00,6.6,6.7,0.0,0.0,8.99,9.41,100,100
2025-12-21T19:00,6.6,6.5,0.0,0.0,9.33,9.39,100,100
2025-12-21T20:00,6.5,6.3,0.0,0.0,9.14,9.38,100,100
2025-12-21T21:00,6.1,6.1,0.0,0.0,9.46,9.58,100,100
2025-12-21T22:00,6.1,6.1,0.0,0.0,9.17,9.85,100,100
2025-12-21T23:00,6.0,6.0,0.0,0.0,9.18,10.03,100,100
2025-12-22T00:00,5.9,5.6,0.0,0.0,9.01,10.05,100,100
2025-12-22T01:00,5.9,5.6,0.0,0.0,8.56,9.76,100,100
2025-12-22T02:00,5.9,5.6,0.0,0.0,9.17,10.0,100,100
2025-12-22T03:00,5.9,5.6,0.0,0.0,9.86,10.27,100,100
2025-12-22T04:00,5.7,5.5,0.0,0.0,9.88,10.37,100,100
2025-12-22T05:00,5.7,5.4,0.0,0.0,9.42,10.5,100,100
2025-12-22T06:00,5.2,4.9,0.0,0.0,8.85,10.01,100,100
2025-12-22T07:00,5.1,4.8,0.0,0.0,8.63,10.23,100,100
2025-12-22T08:00,5.0,4.8,1.0,0.0,8.54,10.32,100,100
2025-12-22T09:00,5.1,4.8,13.0,11.0,7.64,10.33,100,100
2025-12-22T10:00,5.2,4.9,32.0,28.0,8.44,9.52,100,100
2025-12-22T11:00,5.4,5.0,42.0,37.0,8.76,9.52,100,100
2025-12-22T12:00,5.4,5.1,48.0,54.0,9.09,9.41,100,100
2025-12-22T13:00,5.7,5.0,41.0,47.0,8.94,9.8,100,100
2025-12-22T14:00,5.6,4.8,32.0,28.0,8.53,9.8,100,100
2025-12-22T15:00,5.3,4.5,9.0,7.0,9.12,10.2,100,100
2025-12-22T16:00,5.1,4.3,0.0,0.0,9.02,10.78,100,100
2025-12-22T17:00,5.0,4.0,0.0,0.0,8.82,11.28,100,100
2025-12-22T18:00,4.7,4.3,0.0,0.0,9.22,9.74,100,100
2025-12-22T19:00,4.5,4.0,0.0,0.0,8.62,9.95,100,100
2025-12-22T20:00,4.3,3.7,0.0,0.0,8.82,9.5,100,90
2025-12-22T21:00,3.9,3.2,0.0,0.0,8.33,9.8,100,76
2025-12-22T22:00,3.8,2.9,0.0,0.0,8.07,10.13,100,82
2025-12-22T23:00,3.6,2.8,0.0,0.0,7.69,10.1,100,85
2025-12-23T00:00,3.5,2.8,0.0,0.0,8.68,9.83,100,90
2025-12-23T01:00,3.4,2.6,0.0,0.0,9.26,10.09,100,90
2025-12-23T02:00,3.2,2.5,0.0,0.0,9.23,9.91,100,88
2025-12-23T03:00,2.8,2.4,0.0,0.0,8.42,9.92,100,90
2025-12-23T04:00,2.6,2.2,0.0,0.0,9.04,10.23,98,90
2025-12-23T05:00,2.3,1.7,0.0,0.0,9.4,9.61,100,85
2025-12-23T06:00,2.6,1.9,0.0,0.0,9.67,10.26,100,79
2025-12-23T07:00,2.0,1.7,0.0,0.0,10.02,9.99,64,70
2025-12-23T08:00,1.2,1.3,1.0,1.0,10.13,9.74,46,70
2025-12-23T09:00,0.9,1.2,43.0,31.0,10.85,9.81,0,70
2025-12-23T10:00,1.6,1.5,114.0,79.0,11.05,10.53,0,69
2025-12-23T11:00,2.4,2.2,163.0,129.0,10.6,10.18,0,53
2025-12-23T12:00,3.1,3.0,177.0,164.0,9.93,10.95,0,21
2025-12-23T13:00,3.4,3.2,153.0,149.0,10.15,10.44,0,0
2025-12-23T14:00,3.1,3.1,93.0,92.0,9.41,11.05,0,0
2025-12-23T15:00,2.2,2.6,24.0,23.0,10.08,11.34,0,0
2025-12-23T16:00,1.6,2.1,0.0,0.0,10.22,11.49,0,0
2025-12-23T17:00,1.4,1.8,0.0,0.0,9.33,11.45,62,0
2025-12-23T18:00,1.0,1.9,0.0,0.0,9.72,10.96,42,18
2025-12-23T19:00,1.1,1.7,0.0,0.0,9.45,10.3,24,20
2025-12-23T20:00,1.5,1.9,0.0,0.0,10.48,10.55,23,62
2025-12-23T21:00,1.5,2.5,0.0,0.0,10.93,10.74,15,64
2025-12-23T22:00,1.2,2.8,0.0,0.0,10.15,10.91,0,65
2025-12-23T23:00,1.1,2.9,0.0,0.0,10.6,10.55,0,81
2025-12-24T00:00,1.7,2.9,0.0,0.0,10.41,8.3,28,78
2025-12-24T01:00,1.1,3.0,0.0,0.0,8.5,9.16,30,77
2025-12-24T02:00,0.7,2.9,0.0,0.0,8.73,8.67,45,80
2025-12-24T03:00,1.4,2.7,0.0,0.0,8.0,8.32,66,80
2025-12-24T04:00,1.0,2.4,0.0,0.0,8.94,8.62,38,77
2025-12-24T05:00,0.4,2.4,0.0,0.0,10.4,8.91,45,73
2025-12-24T06:00,0.2,2.2,0.0,0.0,10.14,8.16,81,82
2025-12-24T07:00,0.3,1.9,0.0,0.0,10.65,7.75,72,74
2025-12-24T08:00,-0.0,1.6,1.0,1.0,10.11,7.85,39,64
2025-12-24T09:00,0.5,1.4,27.0,35.0,9.76,8.43,92,78
2025-12-24T10:00,1.3,2.0,74.0,65.0,8.39,6.9,81,94
2025-12-24T11:00,1.8,2.6,102.0,82.0,8.4,6.72,93,63
2025-12-24T12:00,2.4,3.1,163.0,120.0,8.72,10.66,56,63
2025-12-24T13:00,2.1,2.8,149.0,121.0,9.33,10.52,32,7
2025-12-24T14:00,1.4,2.2,90.0,92.0,9.57,10.3,7,1
2025-12-24T15:00,0.5,1.2,24.0,24.0,9.2,10.43,14,0
2025-12-24T16:00,-0.2,0.4,0.0,0.0,9.6,10.74,0,0
2025-12-24T17:00,-0.6,-0.2,0.0,0.0,9.77,10.66,0,0
2025-12-24T18:00,-0.9,-0.2,0.0,0.0,9.22,10.21,0,0
2025-12-24T19:00,-1.3,-0.6,0.0,0.0,9.1,10.11,0,0
2025-12-24T20:00,-1.5,-1.0,0.0,0.0,10.09,10.18,0,0
2025-12-24T21:00,-1.8,-1.4,0.0,0.0,9.66,10.17,0,0
2025-12-24T22:00,-1.9,-1.8,0.0,0.0,9.75,9.72,0,0
2025-12-24T23:00,-1.9,-2.0,0.0,0.0,9.61,9.24,0,0
2025-12-25T00:00,-2.3,-1.7,0.0,0.0,8.75,9.03,0,22
2025-12-25T01:00,-2.5,-1.8,0.0,0.0,8.88,9.32,0,16
2025-12-25T02:00,-2.8,-1.9,0.0,0.0,8.98,9.54,0,4
2025-12-25T03:00,-2.9,-2.0,0.0,0.0,8.88,9.63,0,0
2025-12-25T04:00,-3.1,-2.2,0.0,0.0,9.3,9.45,0,0
2025-12-25T05:00,-3.3,-2.3,0.0,0.0,10.01,9.65,0,0
2025-12-25T06:00,-3.2,-2.9,0.0,0.0,9.63,11.33,0,0
2025-12-25T07:00,-3.4,-2.9,0.0,0.0,9.67,11.46,0,0
2025-12-25T08:00,-3.6,-3.1,1.0,1.0,9.55,10.39,0,0
2025-12-25T09:00,-3.5,-2.8,42.0,42.0,8.93,9.8,0,0
2025-12-25T10:00,-2.7,-2.2,111.0,111.0,7.55,8.82,0,0
2025-12-25T11:00,-1.9,-1.5,160.0,158.0,6.39,7.06,0,0
2025-12-25T12:00,-1.7,-1.0,175.0,172.0,6.22,7.05,0,0
2025-12-25T13:00,-1.3,-0.7,151.0,148.0,6.28,6.94,0,0
2025-12-25T14:00,-1.4,-0.9,93.0,90.0,6.65,7.54,0,0
2025-12-25T15:00,-2.6,-1.6,24.0,23.0,7.25,8.53,0,0
2025-12-25T16:00,-3.5,-2.2,0.0,0.0,8.01,9.69,0,0
2025-12-25T17:00,-4.0,-2.6,0.0,0.0,8.27,10.39,0,0
2025-12-25T18:00,-4.5,-3.0,0.0,0.0,7.75,9.65,8,0
2025-12-25T19:00,-4.7,-3.1,0.0,0.0,7.25,9.56,0,0
2025-12-25T20:00,-4.9,-3.1,0.0,0.0,7.25,9.14,0,0
2025-12-25T21:00,-5.2,-3.2,0.0,0.0,6.51,8.64,0,0
2025-12-25T22:00,-5.3,-3.3,0.0,0.0,6.25,7.75,0,0
2025-12-25T23:00,-5.4,-3.5,0.0,0.0,6.23,6.63,0,0
2025-12-26T00:00,-5.7,-3.9,0.0,0.0,5.63,8.11,0,0
2025-12-26T01:00,-5.7,-3.9,0.0,0.0,5.36,7.55,0,0
2025-12-26T02:00,-5.8,-4.0,0.0,0.0,5.11,7.02,0,0
2025-12-26T03:00,-5.6,-3.9,0.0,0.0,4.43,6.86,1,0
2025-12-26T04:00,-5.7,-3.8,0.0,0.0,4.51,6.56,1,2
2025-12-26T05:00,-5.7,-3.7,0.0,0.0,4.73,6.69,0,0
2025-12-26T06:00,-5.9,-3.9,0.0,0.0,4.61,7.27,66,9
2025-12-26T07:00,-5.8,-3.9,0.0,0.0,4.45,7.04,95,2
2025-12-26T08:00,-5.7,-3.8,1.0,1.0,4.03,6.97,33,2
2025-12-26T09:00,-4.6,-3.2,39.0,39.0,3.76,6.56,29,11
2025-12-26T10:00,-3.4,-2.1,102.0,102.0,3.47,5.88,2,7
2025-12-26T11:00,-2.0,-1.0,142.0,147.0,3.53,4.8,37,15
2025-12-26T12:00,-0.7,-0.6,161.0,159.0,3.59,4.02,0,11
2025-12-26T13:00,-0.1,-0.0,138.0,132.0,3.16,4.0,0,66
2025-12-26T14:00,-0.2,0.1,84.0,77.0,3.24,3.75,0,27
2025-12-26T15:00,-0.2,-0.3,23.0,21.0,2.8,3.73,33,0
2025-12-26T16:00,-0.5,-0.7,0.0,0.0,2.75,3.72,88,0
2025-12-26T17:00,-0.4,-0.8,0.0,0.0,2.69,3.76,89,0
2025-12-26T18:00,-0.2,-0.7,0.0,0.0,2.51,4.03,95,50
2025-12-26T19:00,0.1,-0.5,0.0,0.0,2.18,4.0,100,58
2025-12-26T20:00,0.2,-0.1,0.0,0.0,2.51,3.86,100,77
2025-12-26T21:00,0.1,0.3,0.0,0.0,1.47,3.72,100,85
2025-12-26T22:00,0.2,0.6,0.0,0.0,1.48,3.13,100,88
2025-12-26T23:00,0.2,0.8,0.0,0.0,1.71,2.72,100,85
2025-12-27T00:00,0.5,0.3,0.0,0.0,1.84,1.79,100,84
2025-12-27T01:00,0.4,0.4,0.0,0.0,2.98,1.64,100,87
2025-12-27T02:00,0.9,0.7,0.0,0.0,4.02,2.1,100,88
2025-12-27T03:00,0.5,0.9,0.0,0.0,3.95,3.07,97,86
2025-12-27T04:00,0.7,1.0,0.0,0.0,4.47,5.04,98,88
2025-12-27T05:00,1.1,1.5,0.0,0.0,5.33,5.06,99,93
2025-12-27T06:00,0.8,0.5,0.0,0.0,6.17,5.52,91,82
2025-12-27T07:00,1.0,0.9,0.0,0.0,7.46,5.66,97,87
2025-12-27T08:00,1.6,1.3,1.0,1.0,7.58,6.17,83,72
2025-12-27T09:00,3.3,2.1,25.0,28.0,8.37,7.94,96,82
2025-12-27T10:00,4.3,3.7,57.0,49.0,10.35,9.27,84,89
2025-12-27T11:00,5.7,5.3,103.0,100.0,10.99,10.6,74,76
2025-12-27T12:00,6.4,6.3,117.0,119.0,10.41,11.54,60,85
2025-12-27T13:00,6.7,6.6,99.0,79.0,10.32,11.08,90,85
2025-12-27T14:00,6.4,6.4,51.0,50.0,10.52,11.41,94,82
2025-12-27T15:00,5.3,5.0,17.0,16.0,9.99,9.37,70,36
2025-12-27T16:00,3.1,3.8,0.0,0.0,7.82,9.23,7,30
2025-12-27T17:00,1.6,3.1,0.0,0.0,8.52,8.77,47,52
2025-12-27T18:00,1.2,2.2,0.0,0.0,8.6,8.75,6,0
2025-12-27T19:00,0.6,2.2,0.0,0.0,7.82,8.41,12,0
2025-12-27T20:00,0.1,2.2,0.0,0.0,7.49,7.3,18,0
2025-12-27T21:00,-0.3,1.9,0.0,0.0,7.26,6.45,0,0
2025-12-27T22:00,-0.7,1.7,0.0,0.0,5.78,5.06,0,0
2025-12-27T23:00,-1.1,1.3,0.0,0.0,4.67,4.46,0,0
2025-12-28T00:00,-1.4,0.9,0.0,0.0,6.37,5.48,0,0
2025-12-28T01:00,-1.6,1.1,0.0,0.0,5.22,4.22,0,0
2025-12-28T02:00,-1.6,1.1,0.0,0.0,4.65,3.34,0,0
2025-12-28T03:00,-1.9,-0.9,0.0,0.0,3.94,2.75,0,0
2025-12-28T04:00,-2.2,-1.0,0.0,0.0,4.04,3.01,0,0
2025-12-28T05:00,-2.5,-1.1,0.0,0.0,3.75,3.55,0,0
2025-12-28T06:00,-2.4,-1.2,0.0,0.0,3.42,2.88,0,0
2025-12-28T07:00,-2.6,-1.2,0.0,0.0,3.6,2.37,0,0
2025-12-28T08:00,-2.7,-1.5,1.0,1.0,2.86,1.71,0,0
2025-12-28T09:00,-1.8,-1.4,41.0,42.0,2.0,2.01,0,0
2025-12-28T10:00,-1.1,-0.1,109.0,109.0,2.99,3.42,0,0
2025-12-28T11:00,0.4,1.2,159.0,158.0,4.62,4.06,0,0
2025-12-28T12:00,2.4,2.1,174.0,173.0,5.43,3.28,0,0
2025-12-28T13:00,2.7,2.4,151.0,149.0,6.67,4.56,0,0
2025-12-28T14:00,2.0,2.1,95.0,92.0,8.18,5.98,0,0
2025-12-28T15:00,1.7,1.5,26.0,25.0,10.78,7.56,0,0
2025-12-28T16:00,1.2,1.0,0.0,0.0,11.92,8.46,54,0
2025-12-28T17:00,1.4,0.9,0.0,0.0,12.25,9.77,94,0
2025-12-28T18:00,1.3,1.1,0.0,0.0,11.79,11.86,90,0
2025-12-28T19:00,2.0,1.2,0.0,0.0,11.18,13.32,68,83
2025-12-28T20:00,2.0,1.6,0.0,0.0,10.57,14.31,53,62
2025-12-28T21:00,1.2,2.0,0.0,0.0,8.92,14.41,100,88
2025-12-28T22:00,1.4,2.3,0.0,0.0,9.97,13.45,100,69
2025-12-28T23:00,1.7,2.4,0.0,0.0,8.95,11.51,94,88
2025-12-29T00:00,2.0,2.7,0.0,0.0,11.44,11.75,54,77
2025-12-29T01:00,2.7,3.6,0.0,0.0,11.83,11.87,97,81
2025-12-29T02:00,3.2,4.0,0.0,0.0,11.29,12.27,90,83
2025-12-29T03:00,3.1,4.2,0.0,0.0,11.21,12.43,100,90
2025-12-29T04:00,3.3,4.4,0.0,0.0,11.66,11.99,98,89
2025-12-29T05:00,3.5,4.5,0.0,0.0,11.2,11.71,92,91
2025-12-29T06:00,3.9,4.8,0.0,0.0,11.5,12.2,86,92
2025-12-29T07:00,4.0,5.0,0.0,0.0,11.61,12.72,100,96
2025-12-29T08:00,4.5,5.0,1.0,1.0,11.82,11.01,100,100
2025-12-29T09:00,5.3,5.7,18.0,21.0,12.15,11.89,100,96
2025-12-29T10:00,5.7,6.1,54.0,51.0,10.44,11.2,94,100
2025-12-29T11:00,6.1,6.5,94.0,69.0,10.14,11.36,57,95
2025-12-29T12:00,7.1,7.2,97.0,137.0,10.84,11.31,100,69
2025-12-29T13:00,6.9,7.2,60.0,95.0,11.27,11.94,96,60
2025-12-29T14:00,6.6,7.0,48.0,73.0,11.38,12.68,77,70
2025-12-29T15:00,5.2,5.5,22.0,21.0,12.47,13.52,85,47
2025-12-29T16:00,3.4,4.5,0.0,0.0,11.71,12.96,15,54
2025-12-29T17:00,2.2,3.8,0.0,0.0,11.25,12.57,58,51
2025-12-29T18:00,3.0,3.8,0.0,0.0,9.33,12.78,87,53
2025-12-29T19:00,2.9,3.6,0.0,0.0,8.45,11.51,49,64
2025-12-29T20:00,0.7,3.0,0.0,0.0,6.06,11.29,74,91
2025-12-29T21:00,-0.8,2.8,0.0,0.0,6.25,8.58,58,67
2025-12-29T22:00,-1.6,1.9,0.0,0.0,7.69,7.84,88,87
2025-12-29T23:00,-1.5,0.7,0.0,0.0,6.79,7.1,100,42
2025-12-30T00:00,-1.4,-0.3,0.0,0.0,7.76,7.63,92,39
2025-12-30T01:00,0.1,-0.9,0.0,0.0,6.7,6.29,100,34
2025-12-30T02:00,-1.0,-1.1,0.0,0.0,6.42,9.05,0,24
2025-12-30T03:00,-2.1,-1.3,0.0,0.0,9.16,9.15,0,2
2025-12-30T04:00,-2.3,-1.6,0.0,0.0,9.16,8.97,0,0
2025-12-30T05:00,-2.3,-1.9,0.0,0.0,9.02,8.64,0,10
2025-12-30T06:00,-3.0,-1.3,0.0,0.0,8.98,10.81,0,0
2025-12-30T07:00,-3.5,-0.8,0.0,0.0,9.32,10.93,0,19
2025-12-30T08:00,-4.0,-0.6,1.0,1.0,9.49,9.86,0,6
2025-12-30T09:00,-2.8,-0.2,45.0,43.0,9.25,8.31,0,46
2025-12-30T10:00,-1.1,1.3,119.0,108.0,8.84,7.87,0,3
2025-12-30T11:00,0.3,2.2,173.0,168.0,8.08,7.42,0,0
2025-12-30T12:00,0.8,1.8,190.0,187.0,7.67,7.64,0,0
2025-12-30T13:00,0.9,1.9,164.0,162.0,7.65,7.2,0,0
2025-12-30T14:00,0.5,1.2,105.0,103.0,7.53,7.1,0,0
2025-12-30T15:00,-0.6,-0.4,31.0,30.0,7.76,6.97,0,0
2025-12-30T16:00,-1.9,-1.7,0.0,0.0,7.38,6.79,0,0
2025-12-30T17:00,-2.5,-2.3,0.0,0.0,6.63,6.12,0,0
2025-12-30T18:00,-3.9,-2.1,0.0,0.0,7.53,5.03,0,0
2025-12-30T19:00,-4.3,-1.8,0.0,0.0,6.72,6.9,0,15
2025-12-30T20:00,-4.6,-1.4,0.0,0.0,5.76,8.06,0,55
2025-12-30T21:00,-4.2,-0.8,0.0,0.0,4.73,9.42,0,100
2025-12-30T22:00,-3.9,0.3,0.0,0.0,6.51,10.68,65,63
2025-12-30T23:00,-2.5,1.0,0.0,0.0,8.17,10.93,77,97
2025-12-31T00:00,-1.2,1.1,0.0,0.0,8.52,10.55,87,89
2025-12-31T01:00,0.5,1.3,0.0,0.0,8.46,9.38,92,77
2025-12-31T02:00,1.2,1.4,0.0,0.0,6.43,10.85,96,88
2025-12-31T03:00,1.7,2.5,0.0,0.0,9.22,12.29,100,100
2025-12-31T04:00,2.0,3.6,0.0,0.0,8.72,13.36,100,83
2025-12-31T05:00,4.2,4.1,0.0,0.0,13.33,12.62,92,72
2025-12-31T06:00,4.9,3.7,0.0,0.0,11.66,12.23,86,82
2025-12-31T07:00,4.8,3.8,0.0,0.0,12.04,12.28,69,72
2025-12-31T08:00,4.5,3.9,0.0,1.0,11.36,13.02,100,84
2025-12-31T09:00,4.4,4.5,18.0,34.0,10.48,13.54,100,62
2025-12-31T10:00,5.1,5.3,53.0,71.0,10.04,12.4,100,81
2025-12-31T11:00,5.9,6.0,85.0,125.0,10.48,11.56,100,61
2025-12-31T12:00,6.7,6.2,114.0,106.0,10.42,11.29,99,86
2025-12-31T13:00,6.7,6.1,71.0,84.0,9.78,11.37,72,98
2025-12-31T14:00,6.3,5.8,84.0,52.0,10.55,12.01,100,86
2025-12-31T15:00,6.3,5.5,10.0,17.0,9.79,10.94,98,87
2025-12-31T16:00,5.8,4.9,0.0,0.0,10.5,12.14,100,98
2025-12-31T17:00,5.1,4.6,0.0,0.0,9.72,10.84,100,19
2025-12-31T18:00,5.3,5.3,0.0,0.0,9.06,11.4,94,100
2025-12-31T19:00,5.6,5.4,0.0,0.0,10.36,10.96,100,100
2025-12-31T20:00,5.6,5.5,0.0,0.0,9.73,10.69,100,100
2025-12-31T21:00,5.9,5.5,0.0,0.0,8.48,11.53,100,100
2025-12-31T22:00,5.8,5.7,0.0,0.0,11.54,10.94,100,97
2025-12-31T23:00,5.6,5.6,0.0,0.0,13.32,11.86,100,93
2026-01-01T00:00,5.1,5.3,0.0,0.0,12.01,14.73,100,94
2026-01-01T01:00,4.8,4.6,0.0,0.0,14.65,15.69,89,96
2026-01-01T02:00,4.2,4.0,0.0,0.0,13.67,15.44,100,91
2026-01-01T03:00,3.3,3.6,0.0,0.0,14.27,15.63,100,97
2026-01-01T04:00,3.1,3.4,0.0,0.0,14.46,15.77,100,94
2026-01-01T05:00,3.0,3.7,0.0,0.0,14.54,16.53,100,100
2026-01-01T06:00,3.4,4.2,0.0,0.0,17.39,17.49,100,100
2026-01-01T07:00,3.2,4.7,0.0,0.0,17.36,19.1,100,100
2026-01-01T08:00,3.0,4.5,0.0,0.0,18.47,19.74,100,100
2026-01-01T09:00,3.2,4.4,9.0,9.0,18.05,18.45,100,100
2026-01-01T10:00,3.0,4.8,30.0,39.0,17.76,17.45,100,94
2026-01-01T11:00,1.7,5.2,39.0,86.0,15.44,18.74,100,99
2026-01-01T12:00,3.1,5.0,70.0,31.0,17.4,19.28,100,100
2026-01-01T13:00,3.9,5.0,39.0,37.0,14.95,19.46,100,100
2026-01-01T14:00,4.2,5.1,47.0,44.0,15.5,18.5,97,100
2026-01-01T15:00,4.2,4.6,13.0,12.0,18.0,18.71,100,100
2026-01-01T16:00,2.9,4.3,0.0,0.0,12.87,17.84,100,100
2026-01-01T17:00,4.2,4.2,0.0,0.0,17.31,18.32,100,100
2026-01-01T18:00,3.4,3.6,0.0,0.0,12.49,15.99,100,100
2026-01-01T19:00,2.0,3.1,0.0,0.0,13.74,15.57,100,100
2026-01-01T20:00,2.5,3.0,0.0,0.0,15.24,15.37,100,100
2026-01-01T21:00,1.6,2.9,0.0,0.0,12.16,15.88,100,100
2026-01-01T22:00,0.7,3.1,0.0,0.0,11.96,18.38,100,100
2026-01-01T23:00,1.2,1.9,0.0,0.0,12.69,19.98,100,100
2026-01-02T00:00,1.0,2.8,0.0,0.0,13.72,16.19,83,81
2026-01-02T01:00,1.3,3.2,0.0,0.0,15.69,19.04,100,100
2026-01-02T02:00,1.1,3.2,0.0,0.0,15.86,19.49,97,100
2026-01-02T03:00,1.0,3.5,0.0,0.0,16.79,20.86,100,100
2026-01-02T04:00,1.1,3.2,0.0,0.0,15.67,19.06,100,100
2026-01-02T05:00,0.9,2.6,0.0,0.0,16.54,16.17,100,100
2026-01-02T06:00,1.7,2.8,0.0,0.0,15.19,14.04,100,100
2026-01-02T07:00,1.1,2.3,0.0,0.0,15.65,15.16,100,100
2026-01-02T08:00,1.1,2.4,0.0,1.0,13.33,13.98,100,100
2026-01-02T09:00,1.3,1.5,11.0,17.0,13.9,12.55,100,100
2026-01-02T10:00,0.9,2.1,18.0,73.0,16.0,13.29,100,100
2026-01-02T11:00,1.3,3.7,32.0,133.0,10.79,13.57,100,85
2026-01-02T12:00,2.9,4.8,159.0,157.0,6.57,15.62,3,54
2026-01-02T13:00,3.2,4.0,165.0,141.0,6.79,15.22,85,90
2026-01-02T14:00,2.6,2.6,44.0,94.0,6.14,12.55,100,100
2026-01-02T15:00,0.8,1.9,24.0,26.0,12.35,8.25,71,100
2026-01-02T16:00,0.3,1.6,0.0,0.0,9.78,10.3,71,100
2026-01-02T17:00,0.0,0.9,0.0,0.0,9.55,9.85,93,76
2026-01-02T18:00,-0.1,-0.0,0.0,0.0,9.84,9.62,68,67
2026-01-02T19:00,-0.3,-0.6,0.0,0.0,10.31,10.04,97,34
2026-01-02T20:00,-0.6,-1.0,0.0,0.0,9.13,9.87,96,19
2026-01-02T21:00,-0.9,-1.2,0.0,0.0,9.63,10.02,93,10
2026-01-02T22:00,-1.0,-1.3,0.0,0.0,8.45,9.75,68,65
2026-01-02T23:00,-1.2,-1.6,0.0,0.0,7.12,9.23,6,16
2026-01-03T00:00,-1.3,-1.7,0.0,0.0,4.84,4.8,76,17
2026-01-03T01:00,-1.4,-1.3,0.0,0.0,3.52,8.04,68,48
2026-01-03T02:00,-1.2,-0.4,0.0,0.0,4.74,11.37,100,98
2026-01-03T03:00,-2.2,-0.3,0.0,0.0,3.65,9.63,5,97
2026-01-03T04:00,-2.2,-0.4,0.0,0.0,5.17,8.94,81,100
2026-01-03T05:00,-1.3,-0.4,0.0,0.0,7.13,9.08,100,100
2026-01-03T06:00,-0.2,0.4,0.0,0.0,10.96,11.02,100,100
2026-01-03T07:00,-0.1,0.7,0.0,0.0,8.85,11.38,100,100
2026-01-03T08:00,-0.1,0.6,1.0,1.0,7.04,10.65,100,99
2026-01-03T09:00,-0.3,0.7,25.0,43.0,3.64,8.86,100,70
2026-01-03T10:00,-0.2,0.5,67.0,115.0,2.59,6.18,100,100
2026-01-03T11:00,0.0,0.4,128.0,136.0,2.16,4.87,100,100
2026-01-03T12:00,-0.1,0.1,154.0,181.0,4.44,0.6,85,64
2026-01-03T13:00,-0.5,0.3,122.0,157.0,6.02,1.64,100,100
2026-01-03T14:00,-0.7,0.3,59.0,79.0,6.04,3.15,100,100
2026-01-03T15:00,-0.8,0.3,15.0,20.0,9.76,4.51,100,100
2026-01-03T16:00,-0.7,0.4,0.0,0.0,11.12,6.46,100,100
2026-01-03T17:00,-0.9,0.5,0.0,0.0,11.37,7.17,100,100
2026-01-03T18:00,-0.7,-1.6,0.0,0.0,10.05,5.6,100,100
2026-01-03T19:00,-0.7,-1.9,0.0,0.0,9.03,6.34,89,95
2026-01-03T20:00,-1.0,-2.8,0.0,0.0,9.74,7.15,100,57
2026-01-03T21:00,-2.6,-3.7,0.0,0.0,14.9,8.15,95,0
2026-01-03T22:00,-4.2,-4.0,0.0,0.0,10.55,9.05,74,27
2026-01-03T23:00,-5.4,-3.8,0.0,0.0,9.66,9.46,23,100
2026-01-04T00:00,-5.3,-3.0,0.0,0.0,9.12,9.02,0,100
2026-01-04T01:00,-5.6,-2.7,0.0,0.0,8.28,8.0,0,84
2026-01-04T02:00,-5.3,-2.7,0.0,0.0,7.33,7.26,95,39
2026-01-04T03:00,-4.8,-2.4,0.0,0.0,5.87,6.02,77,82
2026-01-04T04:00,-5.3,-2.2,0.0,0.0,4.61,4.82,90,80
2026-01-04T05:00,-4.8,-2.3,0.0,0.0,6.0,3.48,100,75
2026-01-04T06:00,-4.3,-2.4,0.0,0.0,7.45,3.92,81,79
2026-01-04T07:00,-3.5,-2.4,0.0,0.0,8.44,3.92,76,80
2026-01-04T08:00,-4.0,-2.3,1.0,1.0,9.03,3.94,18,66
2026-01-04T09:00,-4.2,-2.0,50.0,44.0,11.25,4.43,5,39
2026-01-04T10:00,-3.0,-1.1,128.0,115.0,10.44,6.48,0,52
2026-01-04T11:00,-1.8,-0.4,169.0,162.0,10.91,6.57,100,35
2026-01-04T12:00,-1.0,0.6,207.0,185.0,7.99,9.36,0,87
2026-01-04T13:00,-0.5,0.6,183.0,128.0,8.58,8.3,0,100
2026-01-04T14:00,-0.7,0.4,121.0,72.0,8.65,7.97,0,98
2026-01-04T15:00,-1.3,0.3,33.0,25.0,6.77,8.65,100,100
2026-01-04T16:00,-1.6,0.6,0.0,0.0,8.13,7.67,86,100
2026-01-04T17:00,-2.8,0.5,0.0,0.0,6.66,8.29,40,100
2026-01-04T18:00,-4.3,0.8,0.0,0.0,6.49,12.27,68,100
2026-01-04T19:00,-5.0,0.8,0.0,0.0,6.49,11.04,0,100
2026-01-04T20:00,-5.3,0.6,0.0,0.0,5.82,10.87,30,100
2026-01-04T21:00,-6.5,0.6,0.0,0.0,5.74,10.84,98,100
2026-01-04T22:00,-5.6,0.6,0.0,0.0,6.63,10.54,100,100
2026-01-04T23:00,-3.5,0.6,0.0,0.0,6.3,10.37,100,100
2026-01-05T00:00,-4.0,0.3,0.0,0.0,4.15,9.3,100,98
2026-01-05T01:00,-3.8,0.2,0.0,0.0,3.96,8.89,100,99
2026-01-05T02:00,-2.8,0.1,0.0,0.0,4.98,9.37,100,100
2026-01-05T03:00,-0.4,0.2,0.0,0.0,7.36,8.98,100,98
2026-01-05T04:00,-0.5,0.2,0.0,0.0,8.11,10.25,100,96
2026-01-05T05:00,-0.5,0.2,0.0,0.0,7.88,9.61,100,98
2026-01-05T06:00,-0.9,-0.0,0.0,0.0,9.01,10.22,100,98
2026-01-05T07:00,-0.9,-0.2,0.0,0.0,8.49,9.95,100,99
2026-01-05T08:00,-0.7,-0.5,1.0,1.0,8.61,9.9,100,92
2026-01-05T09:00,-0.4,-0.4,20.0,29.0,7.33,8.74,100,93
2026-01-05T10:00,-0.3,-0.1,66.0,69.0,6.62,8.12,100,90
2026-01-05T11:00,-0.3,0.1,87.0,102.0,6.45,8.05,100,90
2026-01-05T12:00,-1.2,0.0,125.0,108.0,6.68,7.49,100,95
2026-01-05T13:00,-1.0,0.3,110.0,84.0,7.01,8.1,100,99
2026-01-05T14:00,-0.9,0.3,62.0,47.0,7.55,7.01,100,99
2026-01-05T15:00,-0.8,0.1,17.0,18.0,5.57,7.13,100,99
2026-01-05T16:00,-0.8,0.0,0.0,0.0,6.44,7.71,100,100
2026-01-05T17:00,-0.6,0.0,0.0,0.0,7.41,7.67,100,100
2026-01-05T18:00,-0.9,-0.5,0.0,0.0,6.09,8.04,100,100
2026-01-05T19:00,-0.9,-0.6,0.0,0.0,6.24,8.11,100,93
2026-01-05T20:00,-1.1,-0.6,0.0,0.0,5.82,8.23,100,97
2026-01-05T21:00,-1.2,-0.9,0.0,0.0,7.51,7.78,100,93
2026-01-05T22:00,-1.4,-1.1,0.0,0.0,7.73,7.14,96,85
2026-01-05T23:00,-1.7,-1.2,0.0,0.0,7.84,6.33,93,85
2026-01-06T00:00,-1.1,-1.3,0.0,0.0,6.79,5.17,86,96
2026-01-06T01:00,-1.2,-1.4,0.0,0.0,7.26,5.08,100,84
2026-01-06T02:00,-1.4,-1.5,0.0,0.0,7.38,5.0,91,93
2026-01-06T03:00,-1.2,-1.5,0.0,0.0,7.62,4.88,100,85
2026-01-06T04:00,-1.4,-1.5,0.0,0.0,8.19,4.92,90,97
2026-01-06T05:00,-1.7,-1.5,0.0,0.0,7.1,4.88,92,83
2026-01-06T06:00,-1.7,-4.2,0.0,0.0,5.01,3.06,100,97
2026-01-06T07:00,-1.5,-3.7,0.0,0.0,4.16,4.19,100,100
2026-01-06T08:00,-1.7,-3.2,1.0,2.0,3.61,5.47,82,100
2026-01-06T09:00,-1.8,-2.6,28.0,38.0,0.84,6.45,100,100
2026-01-06T10:00,-1.2,-1.8,76.0,76.0,1.28,6.82,67,99
2026-01-06T11:00,-1.2,-1.4,178.0,121.0,1.45,7.26,0,99
2026-01-06T12:00,-0.4,-0.2,151.0,160.0,3.67,9.99,78,63
2026-01-06T13:00,-0.3,0.1,143.0,141.0,5.54,9.35,100,81
2026-01-06T14:00,-0.0,0.1,70.0,90.0,6.52,9.51,100,95
2026-01-06T15:00,-1.0,0.1,26.0,32.0,7.68,9.51,94,95
2026-01-06T16:00,-1.0,0.2,0.0,0.0,8.33,10.21,100,97
2026-01-06T17:00,-0.6,0.5,0.0,0.0,8.86,10.63,100,96
2026-01-06T18:00,-1.3,0.8,0.0,0.0,9.7,10.14,100,100
2026-01-06T19:00,-1.2,0.7,0.0,0.0,10.53,10.32,100,100
2026-01-06T20:00,-1.3,0.3,0.0,0.0,10.05,10.89,100,99
2026-01-06T21:00,-1.1,-0.4,0.0,0.0,9.49,11.01,100,72
2026-01-06T22:00,-0.8,-1.2,0.0,0.0,8.77,11.66,100,100
2026-01-06T23:00,-0.5,-1.2,0.0,0.0,9.0,10.79,100,96
2026-01-07T00:00,-0.6,-1.0,0.0,0.0,10.04,9.49,100,67
2026-01-07T01:00,-1.1,-1.8,0.0,0.0,9.82,9.87,77,75
2026-01-07T02:00,-2.1,-1.9,0.0,0.0,10.5,9.76,70,79
2026-01-07T03:00,-1.8,-2.0,0.0,0.0,10.94,10.01,92,89
2026-01-07T04:00,-2.3,-2.0,0.0,0.0,10.41,10.48,88,100
2026-01-07T05:00,-2.8,-1.8,0.0,0.0,11.46,10.29,100,98
2026-01-07T06:00,-3.1,-3.3,0.0,0.0,11.56,10.51,100,41
2026-01-07T07:00,-3.2,-3.4,0.0,0.0,11.98,10.86,100,100
2026-01-07T08:00,-3.4,-3.1,2.0,2.0,12.28,10.97,95,100
2026-01-07T09:00,-3.5,-2.7,46.0,37.0,12.22,11.11,95,100
2026-01-07T10:00,-3.0,-2.4,116.0,99.0,12.69,11.42,95,100
2026-01-07T11:00,-2.2,-2.0,145.0,162.0,12.22,11.39,98,100
2026-01-07T12:00,-1.7,-1.3,86.0,140.0,11.13,9.93,100,97
2026-01-07T13:00,-1.5,-1.4,75.0,117.0,11.51,10.11,100,97
2026-01-07T14:00,-1.6,-1.7,82.0,84.0,12.13,10.59,100,99
2026-01-07T15:00,-1.4,-2.0,19.0,31.0,12.59,11.12,100,100
2026-01-07T16:00,-1.7,-2.4,0.0,1.0,12.71,11.9,100,100
2026-01-07T17:00,-2.0,-2.5,0.0,0.0,12.45,11.96,100,100
2026-01-07T18:00,-2.1,-1.9,0.0,0.0,12.49,12.34,100,100
2026-01-07T19:00,-2.2,-2.2,0.0,0.0,12.55,12.3,100,98
2026-01-07T20:00,-2.3,-2.6,0.0,0.0,11.86,11.98,100,99
2026-01-07T21:00,-2.9,-2.5,0.0,0.0,11.6,11.68,100,93
2026-01-07T22:00,-3.0,-2.5,0.0,0.0,11.4,11.05,99,90
2026-01-07T23:00,-2.9,-2.5,0.0,0.0,10.66,11.2,98,95
2026-01-08T00:00,-2.2,-1.1,0.0,0.0,9.89,12.65,100,100
2026-01-08T01:00,-2.0,-0.6,0.0,0.0,9.67,12.57,100,99
2026-01-08T02:00,-1.9,0.1,0.0,0.0,9.34,12.01,100,100
2026-01-08T03:00,-2.4,1.6,0.0,0.0,8.95,11.85,99,99
2026-01-08T04:00,-2.3,1.8,0.0,0.0,7.82,14.27,100,99
2026-01-08T05:00,-2.3,2.1,0.0,0.0,8.03,15.2,97,99
2026-01-08T06:00,-1.5,-1.0,0.0,0.0,7.21,11.76,100,100
2026-01-08T07:00,-1.3,-0.8,0.0,0.0,6.57,11.2,100,98
2026-01-08T08:00,-1.1,-0.6,1.0,1.0,5.8,10.55,100,99
2026-01-08T09:00,-1.2,-0.5,17.0,18.0,6.54,9.62,100,100
2026-01-08T10:00,-0.8,0.0,44.0,32.0,5.49,9.21,95,100
2026-01-08T11:00,-0.4,0.8,52.0,51.0,5.52,9.29,100,100
2026-01-08T12:00,-0.2,0.1,66.0,72.0,4.05,5.84,100,98
2026-01-08T13:00,-0.1,0.3,65.0,75.0,4.41,5.62,100,98
2026-01-08T14:00,0.0,0.4,52.0,48.0,4.37,5.43,100,100
2026-01-08T15:00,-0.5,0.5,18.0,21.0,4.61,5.19,100,94
2026-01-08T16:00,-0.6,0.5,0.0,0.0,5.13,5.19,100,100
2026-01-08T17:00,-0.7,0.5,0.0,0.0,5.71,5.36,100,98
2026-01-08T18:00,0.0,-1.1,0.0,0.0,5.69,6.8,100,100
2026-01-08T19:00,0.1,-1.2,0.0,0.0,6.27,7.34,95,100
2026-01-08T20:00,0.0,-1.3,0.0,0.0,6.51,7.96,100,100
2026-01-08T21:00,0.4,-1.4,0.0,0.0,6.65,8.59,100,100
2026-01-08T22:00,0.3,-1.5,0.0,0.0,7.18,9.38,100,100
2026-01-08T23:00,-0.1,-1.6,0.0,0.0,8.34,10.16,100,99
2026-01-09T00:00,-1.9,-1.8,0.0,0.0,11.03,11.63,100,100
2026-01-09T01:00,-2.2,-2.0,0.0,0.0,12.56,13.04,100,100
2026-01-09T02:00,-2.5,-2.2,0.0,0.0,12.97,14.18,100,100
2026-01-09T03:00,-2.4,-2.5,0.0,0.0,12.13,15.29,100,100
2026-01-09T04:00,-2.9,-2.4,0.0,0.0,13.39,16.1,100,100
2026-01-09T05:00,-2.8,-2.5,0.0,0.0,14.56,16.56,100,100
2026-01-09T06:00,-3.1,-3.6,0.0,0.0,15.62,17.54,100,100
2026-01-09T07:00,-3.0,-4.0,0.0,0.0,16.07,18.34,100,100
2026-01-09T08:00,-3.5,-4.0,1.0,1.0,16.66,19.12,100,100
2026-01-09T09:00,-5.0,-4.3,20.0,12.0,16.66,19.02,100,100
2026-01-09T10:00,-5.1,-3.9,43.0,37.0,17.85,18.81,100,100
2026-01-09T11:00,-4.4,-3.6,74.0,63.0,18.92,17.94,100,100
2026-01-09T12:00,-4.3,-3.4,79.0,84.0,18.17,17.46,100,95
2026-01-09T13:00,-4.2,-3.4,75.0,69.0,18.27,17.03,100,91
2026-01-09T14:00,-4.2,-3.7,55.0,47.0,18.42,16.53,100,94
2026-01-09T15:00,-4.2,-3.8,27.0,18.0,18.0,16.47,100,95
2026-01-09T16:00,-4.7,-4.0,1.0,1.0,18.15,16.64,100,97
2026-01-09T17:00,-4.9,-4.0,0.0,0.0,17.98,16.26,88,95
2026-01-09T18:00,-4.5,-3.4,0.0,0.0,17.27,16.76,95,100
2026-01-09T19:00,-4.3,-2.8,0.0,0.0,17.01,17.57,100,100
2026-01-09T20:00,-4.1,-2.5,0.0,0.0,16.35,17.94,91,100
2026-01-09T21:00,-4.0,-2.4,0.0,0.0,16.44,16.42,100,100
2026-01-09T22:00,-3.8,-2.3,0.0,0.0,17.04,15.46,97,94
2026-01-09T23:00,-3.7,-2.1,0.0,0.0,16.71,14.78,88,88
2026-01-10T00:00,-3.7,-1.6,0.0,0.0,16.74,16.85,87,98
2026-01-10T01:00,-3.6,-1.4,0.0,0.0,17.2,16.45,87,100
2026-01-10T02:00,-3.2,-1.4,0.0,0.0,16.8,15.87,96,90
2026-01-10T03:00,-3.7,-1.2,0.0,0.0,15.03,15.18,97,88
2026-01-10T04:00,-3.9,-1.2,0.0,0.0,13.76,13.51,100,97
2026-01-10T05:00,-4.0,-0.8,0.0,0.0,12.49,12.18,97,99
2026-01-10T06:00,-4.2,-1.7,0.0,0.0,11.31,13.16,98,100
2026-01-10T07:00,-4.4,-1.9,0.0,0.0,10.24,11.86,97,100
2026-01-10T08:00,-4.5,-2.0,2.0,2.0,9.57,10.53,93,99
2026-01-10T09:00,-4.7,-2.0,48.0,31.0,8.08,8.88,45,99
2026-01-10T10:00,-3.8,-1.6,111.0,75.0,7.05,8.05,58,85
2026-01-10T11:00,-1.3,-1.4,164.0,151.0,7.69,6.28,59,72
2026-01-10T12:00,-0.6,-1.7,160.0,177.0,9.29,5.48,92,68
2026-01-10T13:00,-0.1,-1.0,127.0,145.0,7.6,6.43,74,73
2026-01-10T14:00,-0.3,-0.4,105.0,82.0,8.39,9.11,47,75
2026-01-10T15:00,-1.5,-0.8,49.0,37.0,9.85,9.24,11,51
2026-01-10T16:00,-2.6,-1.5,1.0,1.0,8.82,8.73,6,54
2026-01-10T17:00,-3.6,-2.0,0.0,0.0,7.9,9.23,0,47
2026-01-10T18:00,-4.4,-2.6,0.0,0.0,8.02,9.33,0,49
2026-01-10T19:00,-5.1,-3.2,0.0,0.0,6.32,9.21,0,31
2026-01-10T20:00,-6.3,-3.7,0.0,0.0,5.35,8.91,0,18
2026-01-10T21:00,-6.3,-4.1,0.0,0.0,6.09,8.45,1,10
2026-01-10T22:00,-7.1,-4.5,0.0,0.0,5.73,7.76,82,0
2026-01-10T23:00,-7.6,-4.9,0.0,0.0,5.71,7.75,100,3
2026-01-11T00:00,-6.9,-5.6,0.0,0.0,5.86,6.23,100,19
2026-01-11T01:00,-7.2,-5.8,0.0,0.0,5.28,6.36,8,37
2026-01-11T02:00,-7.5,-6.1,0.0,0.0,4.9,5.68,38,40
2026-01-11T03:00,-8.0,-6.3,0.0,0.0,3.63,5.92,80,100
2026-01-11T04:00,-8.3,-6.4,0.0,0.0,4.13,6.41,0,80
2026-01-11T05:00,-8.2,-6.5,0.0,0.0,4.19,6.32,0,8
2026-01-11T06:00,-7.6,-7.1,0.0,0.0,2.11,5.42,0,0
2026-01-11T07:00,-9.0,-7.5,0.0,0.0,1.96,4.53,0,0
2026-01-11T08:00,-9.3,-8.1,2.0,3.0,2.51,3.04,100,0
2026-01-11T09:00,-9.3,-8.5,40.0,55.0,2.85,2.15,100,0
2026-01-11T10:00,-8.5,-8.3,102.0,133.0,3.35,1.18,77,4
2026-01-11T11:00,-7.1,-7.7,174.0,190.0,3.99,0.42,0,1
2026-01-11T12:00,-7.0,-8.8,209.0,181.0,3.68,3.98,10,78
2026-01-11T13:00,-6.5,-8.1,186.0,157.0,3.05,4.3,12,75
2026-01-11T14:00,-6.8,-7.4,128.0,112.0,3.1,4.3,0,42
2026-01-11T15:00,-7.4,-7.8,50.0,45.0,4.0,4.03,27,41
2026-01-11T16:00,-8.1,-8.5,2.0,1.0,4.95,5.02,100,28
2026-01-11T17:00,-8.9,-9.1,0.0,0.0,5.49,5.52,85,31
2026-01-11T18:00,-10.0,-9.7,0.0,0.0,6.37,4.56,87,1
2026-01-11T19:00,-10.1,-10.0,0.0,0.0,7.63,5.95,100,16
2026-01-11T20:00,-9.7,-10.1,0.0,0.0,8.31,7.44,100,91
2026-01-11T21:00,-10.7,-9.8,0.0,0.0,8.8,8.6,96,97
2026-01-11T22:00,-10.6,-9.5,0.0,0.0,8.86,9.56,100,100
2026-01-11T23:00,-10.3,-8.7,0.0,0.0,10.22,10.26,99,100
2026-01-12T00:00,-10.1,-6.7,0.0,0.0,9.72,11.09,100,100
2026-01-12T01:00,-9.1,-6.1,0.0,0.0,10.17,10.98,100,100
2026-01-12T02:00,-8.1,-5.5,0.0,0.0,11.06,11.9,100,100
2026-01-12T03:00,-7.5,-4.9,0.0,0.0,11.21,12.77,100,100
2026-01-12T04:00,-6.6,-4.1,0.0,0.0,10.91,12.58,100,100
2026-01-12T05:00,-5.8,-3.8,0.0,0.0,11.5,11.95,100,100
2026-01-12T06:00,-5.2,-3.6,0.0,0.0,10.9,13.34,100,100
2026-01-12T07:00,-4.9,-3.4,0.0,0.0,10.47,13.6,100,100
2026-01-12T08:00,-4.6,-3.0,1.0,1.0,11.4,12.66,100,100
2026-01-12T09:00,-3.2,-2.4,19.0,19.0,10.08,11.75,100,100
2026-01-12T10:00,-2.8,-1.7,39.0,37.0,10.19,10.51,100,100
2026-01-12T11:00,-2.4,-1.1,56.0,43.0,9.56,9.73,100,100
2026-01-12T12:00,-1.8,-1.6,36.0,38.0,9.2,10.08,100,100
2026-01-12T13:00,-1.4,-1.0,31.0,42.0,9.33,9.75,100,100
2026-01-12T14:00,-1.0,-0.4,22.0,29.0,8.99,9.03,100,100
2026-01-12T15:00,-0.7,0.1,8.0,9.0,8.52,9.11,100,100
2026-01-12T16:00,-0.4,0.4,1.0,0.0,8.46,8.34,100,100
2026-01-12T17:00,0.1,0.8,0.0,0.0,7.77,9.25,100,100
2026-01-12T18:00,0.5,1.0,0.0,0.0,7.94,8.8,100,100
2026-01-12T19:00,0.8,1.3,0.0,0.0,7.56,9.04,100,100
2026-01-12T20:00,0.9,1.6,0.0,0.0,7.38,8.67,100,100
2026-01-12T21:00,1.1,1.8,0.0,0.0,7.58,8.48,99,100
2026-01-12T22:00,1.1,2.0,0.0,0.0,8.03,8.61,100,100
2026-01-12T23:00,1.2,2.1,0.0,0.0,7.47,7.65,100,100
2026-01-13T00:00,1.5,1.7,0.0,0.0,8.94,7.72,99,100
2026-01-13T01:00,1.6,1.8,0.0,0.0,8.03,7.21,100,100
2026-01-13T02:00,1.7,1.8,0.0,0.0,8.43,6.99,100,100
2026-01-13T03:00,1.7,1.9,0.0,0.0,8.03,6.63,100,100
2026-01-13T04:00,1.8,1.9,0.0,0.0,8.11,5.55,100,100
2026-01-13T05:00,1.8,1.9,0.0,0.0,7.97,5.28,100,100
2026-01-13T06:00,2.0,1.9,0.0,0.0,7.76,6.85,100,100
2026-01-13T07:00,2.0,2.0,0.0,0.0,7.42,6.17,100,99
2026-01-13T08:00,2.0,2.0,1.0,2.0,7.14,6.2,100,99
2026-01-13T09:00,2.0,2.1,18.0,18.0,7.18,6.12,100,100
2026-01-13T10:00,2.1,2.1,49.0,30.0,7.27,5.95,100,100
2026-01-13T11:00,2.3,2.5,67.0,60.0,7.72,6.88,100,100
2026-01-13T12:00,2.7,2.8,67.0,53.0,9.16,8.09,100,100
2026-01-13T13:00,2.7,2.9,31.0,52.0,8.81,6.41,100,100
2026-01-13T14:00,2.7,2.9,27.0,48.0,8.74,6.68,100,100
2026-01-13T15:00,2.7,3.0,17.0,15.0,8.1,6.77,100,100
2026-01-13T16:00,2.7,2.8,1.0,1.0,9.7,7.22,100,100
2026-01-13T17:00,2.5,2.9,0.0,0.0,9.51,7.45,100,99
2026-01-13T18:00,2.7,2.9,0.0,0.0,10.58,7.91,100,89
2026-01-13T19:00,2.6,2.9,0.0,0.0,10.19,9.23,100,100
2026-01-13T20:00,2.6,2.9,0.0,0.0,10.04,9.76,100,100
2026-01-13T21:00,2.8,2.9,0.0,0.0,10.73,10.34,100,100
2026-01-13T22:00,2.8,2.9,0.0,0.0,10.6,10.08,100,100
2026-01-13T23:00,2.9,2.9,0.0,0.0,10.94,10.28,100,100
2026-01-14T00:00,3.3,3.2,0.0,0.0,11.22,10.48,100,100
2026-01-14T01:00,3.1,3.3,0.0,0.0,11.69,10.5,100,100
2026-01-14T02:00,3.0,3.3,0.0,0.0,11.43,10.89,100,100
2026-01-14T03:00,2.9,3.5,0.0,0.0,11.52,11.25,100,100
2026-01-14T04:00,3.0,3.4,0.0,0.0,11.14,10.87,100,100
2026-01-14T05:00,3.0,3.5,0.0,0.0,10.66,10.82,100,100
2026-01-14T06:00,3.2,3.5,0.0,0.0,9.48,10.98,100,100
2026-01-14T07:00,3.7,3.5,0.0,0.0,9.46,11.02,100,100
2026-01-14T08:00,3.4,3.6,1.0,1.0,8.77,10.99,100,100
2026-01-14T09:00,3.7,3.7,20.0,10.0,8.96,10.78,100,100
2026-01-14T10:00,4.0,3.9,48.0,28.0,9.13,10.13,73,100
2026-01-14T11:00,4.4,3.7,149.0,39.0,8.82,9.75,45,100
2026-01-14T12:00,4.2,3.9,191.0,95.0,8.13,9.23,0,85
2026-01-14T13:00,4.2,4.0,189.0,153.0,8.16,8.49,67,33
2026-01-14T14:00,3.9,4.0,118.0,124.0,8.07,8.39,38,60
2026-01-14T15:00,3.4,3.4,51.0,51.0,7.85,7.17,26,33
2026-01-14T16:00,2.6,3.0,4.0,2.0,7.0,7.58,78,53
2026-01-14T17:00,2.1,2.7,0.0,0.0,6.7,7.65,97,51
2026-01-14T18:00,1.6,2.5,0.0,0.0,6.59,8.83,97,72
2026-01-14T19:00,1.6,2.3,0.0,0.0,4.96,7.79,97,91
2026-01-14T20:00,1.0,2.2,0.0,0.0,5.97,7.2,100,94
2026-01-14T21:00,1.4,1.9,0.0,0.0,6.61,7.04,100,100
2026-01-14T22:00,0.9,1.6,0.0,0.0,5.61,6.45,100,100
2026-01-14T23:00,0.6,1.0,0.0,0.0,6.04,6.44,98,100
2026-01-15T00:00,0.1,0.8,0.0,0.0,6.27,5.39,100,56
2026-01-15T01:00,-0.0,0.6,0.0,0.0,7.48,5.39,100,56
2026-01-15T02:00,-0.1,-0.1,0.0,0.0,8.2,3.73,97,14
2026-01-15T03:00,0.7,-1.3,0.0,0.0,8.08,4.7,99,42
2026-01-15T04:00,1.2,-1.8,0.0,0.0,9.17,5.56,100,100
2026-01-15T05:00,1.5,-1.4,0.0,0.0,9.84,6.04,100,100
2026-01-15T06:00,2.1,2.2,0.0,0.0,9.88,10.39,99,99
2026-01-15T07:00,2.4,2.9,0.0,0.0,9.51,10.69,99,97
2026-01-15T08:00,2.9,3.6,1.0,0.0,9.96,10.3,100,100
2026-01-15T09:00,3.5,4.1,18.0,13.0,10.54,10.51,99,100
2026-01-15T10:00,4.1,4.6,59.0,44.0,10.77,9.03,95,94
2026-01-15T11:00,4.9,5.1,88.0,115.0,10.39,8.18,98,65
2026-01-15T12:00,6.0,4.7,100.0,79.0,10.0,11.18,96,94
2026-01-15T13:00,6.6,4.8,143.0,43.0,9.95,9.7,100,96
2026-01-15T14:00,6.3,4.9,74.0,41.0,9.91,8.89,98,96
2026-01-15T15:00,6.4,4.6,28.0,34.0,9.53,8.61,100,100
2026-01-15T16:00,5.9,4.4,2.0,2.0,9.7,9.55,100,100
2026-01-15T17:00,5.5,4.6,0.0,0.0,9.78,9.74,100,100
2026-01-15T18:00,5.9,5.0,0.0,0.0,10.39,12.66,100,100
2026-01-15T19:00,5.7,5.0,0.0,0.0,10.82,12.81,100,100
2026-01-15T20:00,5.5,4.8,0.0,0.0,11.72,12.89,100,100
2026-01-15T21:00,5.1,4.8,0.0,0.0,12.21,13.15,100,100
2026-01-15T22:00,5.2,4.6,0.0,0.0,12.26,13.01,100,100
2026-01-15T23:00,5.0,4.5,0.0,0.0,12.17,12.56,94,100
2026-01-16T00:00,4.7,4.4,0.0,0.0,12.65,13.45,100,100
2026-01-16T01:00,4.6,4.4,0.0,0.0,12.12,14.38,100,100
2026-01-16T02:00,4.6,4.5,0.0,0.0,12.92,15.07,100,100
2026-01-16T03:00,4.9,4.5,0.0,0.0,12.87,15.11,100,98
2026-01-16T04:00,4.7,4.6,0.0,0.0,13.63,15.16,100,96
2026-01-16T05:00,4.8,4.8,0.0,0.0,13.17,15.52,100,100
2026-01-16T06:00,5.2,5.7,0.0,0.0,12.75,15.58,88,97
2026-01-16T07:00,5.7,6.1,0.0,0.0,13.43,15.42,100,96
2026-01-16T08:00,6.1,6.4,2.0,2.0,12.87,14.45,100,100
2026-01-16T09:00,6.7,6.6,21.0,32.0,11.38,12.65,100,100
2026-01-16T10:00,7.1,6.8,56.0,71.0,9.98,9.84,100,100
2026-01-16T11:00,7.8,7.2,113.0,90.0,9.33,6.86,99,98
2026-01-16T12:00,8.5,6.4,88.0,129.0,5.52,3.31,85,100
2026-01-16T13:00,8.4,6.5,128.0,111.0,4.47,1.52,86,100
2026-01-16T14:00,8.0,6.3,108.0,81.0,3.97,0.28,90,89
2026-01-16T15:00,7.5,5.5,50.0,42.0,3.88,1.48,78,94
2026-01-16T16:00,6.9,4.5,4.0,3.0,1.94,3.08,100,81
2026-01-16T17:00,5.5,3.8,0.0,0.0,2.24,4.0,93,77
2026-01-16T18:00,5.7,3.7,0.0,0.0,4.48,4.56,84,93
2026-01-16T19:00,5.6,3.8,0.0,0.0,5.33,5.13,92,98
2026-01-16T20:00,5.9,4.1,0.0,0.0,5.87,5.28,96,99
2026-01-16T21:00,6.5,4.5,0.0,0.0,3.84,5.52,100,100
2026-01-16T22:00,6.4,4.9,0.0,0.0,5.04,5.84,99,100
2026-01-16T23:00,6.2,4.9,0.0,0.0,7.49,7.15,100,100
2026-01-17T00:00,6.1,4.9,0.0,0.0,7.7,7.99,99,100
2026-01-17T01:00,5.7,4.4,0.0,0.0,7.41,7.1,98,100
2026-01-17T02:00,4.9,4.1,0.0,0.0,7.77,6.63,100,100
2026-01-17T03:00,4.8,3.7,0.0,0.0,5.66,6.58,99,100
2026-01-17T04:00,4.2,3.5,0.0,0.0,5.86,6.47,100,99
2026-01-17T05:00,4.0,3.5,0.0,0.0,6.45,7.25,100,99
2026-01-17T06:00,3.5,3.6,0.0,0.0,7.14,9.52,100,100
2026-01-17T07:00,3.3,3.4,0.0,0.0,7.5,10.11,100,99
2026-01-17T08:00,2.8,3.0,3.0,3.0,8.1,9.68,51,81
2026-01-17T09:00,3.1,2.8,48.0,44.0,8.53,9.68,88,73
2026-01-17T10:00,3.6,3.0,109.0,111.0,7.86,8.43,58,58
2026-01-17T11:00,4.1,3.3,147.0,164.0,6.92,7.18,100,88
2026-01-17T12:00,4.6,2.7,136.0,137.0,6.67,7.28,99,82
2026-01-17T13:00,4.4,2.7,113.0,118.0,7.1,7.19,100,87
2026-01-17T14:00,4.0,2.8,82.0,72.0,7.26,7.97,99,97
2026-01-17T15:00,3.9,2.8,37.0,30.0,7.27,8.77,89,99
2026-01-17T16:00,3.0,2.8,4.0,3.0,8.41,9.12,100,95
2026-01-17T17:00,2.7,3.0,0.0,0.0,8.2,10.34,99,98
2026-01-17T18:00,2.6,3.6,0.0,0.0,9.01,9.18,100,100
2026-01-17T19:00,2.8,3.6,0.0,0.0,9.13,8.99,100,99
2026-01-17T20:00,3.1,3.6,0.0,0.0,8.25,9.29,98,96
2026-01-17T21:00,3.3,3.6,0.0,0.0,8.02,9.33,95,96
2026-01-17T22:00,3.3,3.6,0.0,0.0,7.54,8.5,100,94
2026-01-17T23:00,3.3,3.7,0.0,0.0,7.23,9.13,95,90
2026-01-18T00:00,3.1,3.6,0.0,0.0,6.84,8.68,97,94
2026-01-18T01:00,3.1,3.5,0.0,0.0,6.81,8.9,100,97
2026-01-18T02:00,3.2,3.5,0.0,0.0,6.66,8.86,100,95
2026-01-18T03:00,3.1,3.4,0.0,0.0,6.98,9.08,100,96
2026-01-18T04:00,3.2,3.4,0.0,0.0,8.46,8.56,100,99
2026-01-18T05:00,3.3,3.5,0.0,0.0,7.93,8.72,100,99
2026-01-18T06:00,3.3,3.3,0.0,0.0,7.97,9.13,100,93
2026-01-18T07:00,3.1,3.0,0.0,0.0,8.02,9.08,100,93
2026-01-18T08:00,2.7,2.6,2.0,2.0,8.29,8.81,99,85
2026-01-18T09:00,2.5,2.4,18.0,27.0,8.54,8.5,100,86
2026-01-18T10:00,2.4,2.3,40.0,64.0,7.84,8.81,100,90
2026-01-18T11:00,2.4,2.4,71.0,96.0,7.47,8.27,95,85
2026-01-18T12:00,2.8,3.0,96.0,134.0,7.39,7.72,94,65
2026-01-18T13:00,3.0,3.4,124.0,144.0,7.29,7.76,73,58
2026-01-18T14:00,3.0,3.5,104.0,106.0,7.23,8.07,70,52
2026-01-18T15:00,3.0,3.2,40.0,52.0,7.94,8.78,75,43
2026-01-18T16:00,2.4,2.3,3.0,4.0,8.13,10.0,57,29
2026-01-18T17:00,1.6,1.6,0.0,0.0,9.49,10.7,0,0
2026-01-18T18:00,1.2,1.4,0.0,0.0,10.17,10.96,0,0
2026-01-18T19:00,0.6,0.8,0.0,0.0,9.62,11.06,0,0
2026-01-18T20:00,0.2,0.4,0.0,0.0,9.39,10.84,0,0
2026-01-18T21:00,0.1,0.1,0.0,0.0,9.37,10.75,0,0
2026-01-18T22:00,-0.1,-0.1,0.0,0.0,9.22,10.74,0,0
2026-01-18T23:00,-0.2,-0.3,0.0,0.0,9.01,10.75,0,0
2026-01-19T00:00,-0.3,-0.7,0.0,0.0,8.87,9.91,0,0
2026-01-19T01:00,-0.5,-0.9,0.0,0.0,9.08,10.12,0,0
2026-01-19T02:00,-0.6,-1.2,0.0,0.0,9.01,10.4,0,0
2026-01-19T03:00,-0.9,-1.3,0.0,0.0,8.41,10.6,0,0
2026-01-19T04:00,-1.1,-1.5,0.0,0.0,8.34,10.81,0,0
2026-01-19T05:00,-1.2,-1.6,0.0,0.0,8.34,10.53,0,0
2026-01-19T06:00,-1.4,-2.0,0.0,0.0,8.02,9.93,0,0
2026-01-19T07:00,-1.5,-2.2,0.0,0.0,7.47,10.07,0,0
2026-01-19T08:00,-1.6,-2.3,5.0,5.0,7.8,10.0,0,0
2026-01-19T09:00,-1.1,-1.9,60.0,61.0,8.07,9.66,0,0
2026-01-19T10:00,-0.4,-1.1,138.0,138.0,7.39,8.23,0,0
2026-01-19T11:00,0.6,-0.1,196.0,194.0,6.28,7.15,0,0
2026-01-19T12:00,1.5,1.1,218.0,214.0,5.92,5.66,0,0
2026-01-19T13:00,1.9,1.5,198.0,195.0,5.3,5.63,0,0
2026-01-19T14:00,1.9,1.5,142.0,141.0,4.98,6.15,0,0
2026-01-19T15:00,1.3,0.9,63.0,64.0,6.74,7.14,0,0
2026-01-19T16:00,0.5,0.1,6.0,6.0,8.33,8.05,0,0
2026-01-19T17:00,0.1,-0.5,0.0,0.0,8.87,8.29,0,0
2026-01-19T18:00,-0.2,-0.6,0.0,0.0,7.67,7.84,0,0
2026-01-19T19:00,-0.5,-0.9,0.0,0.0,7.26,7.18,0,0
2026-01-19T20:00,-0.8,-1.1,0.0,0.0,6.5,6.53,0,0
2026-01-19T21:00,-0.9,-1.2,0.0,0.0,5.68,5.88,0,0
2026-01-19T22:00,-1.1,-1.3,0.0,0.0,5.28,5.33,0,0
2026-01-19T23:00,-1.1,-1.5,0.0,0.0,5.25,4.88,0,5
2026-01-20T00:00,-1.2,-1.6,0.0,0.0,5.01,4.83,0,6
2026-01-20T01:00,-1.3,-1.7,0.0,0.0,5.21,4.46,0,40
2026-01-20T02:00,-1.3,-1.7,0.0,0.0,4.8,4.3,0,31
2026-01-20T03:00,-1.4,-1.7,0.0,0.0,3.54,3.67,0,28
2026-01-20T04:00,-1.6,-1.7,0.0,0.0,2.85,3.76,0,6
2026-01-20T05:00,-1.6,-1.8,0.0,0.0,3.55,3.43,0,3
2026-01-20T06:00,-1.8,-2.5,0.0,0.0,4.16,3.31,0,0
2026-01-20T07:00,-1.8,-2.5,0.0,0.0,4.44,2.66,0,0
2026-01-20T08:00,-1.7,-2.5,5.0,5.0,4.94,2.65,0,0
2026-01-20T09:00,-1.2,-1.9,58.0,60.0,5.68,2.75,0,0
2026-01-20T10:00,-0.0,-0.7,133.0,134.0,5.02,2.58,0,0
2026-01-20T11:00,1.1,0.4,188.0,188.0,3.89,2.84,0,0
2026-01-20T12:00,2.4,1.3,211.0,211.0,2.94,4.03,0,0
2026-01-20T13:00,2.9,1.7,194.0,194.0,2.92,2.69,0,0
2026-01-20T14:00,2.7,1.7,141.0,140.0,3.74,3.43,0,0
2026-01-20T15:00,1.8,1.0,66.0,65.0,4.22,4.91,0,0
2026-01-20T16:00,0.9,0.1,7.0,6.0,5.03,5.74,0,0
2026-01-20T17:00,0.2,-0.7,0.0,0.0,6.54,6.44,8,0
2026-01-20T18:00,-0.5,-1.3,0.0,0.0,6.76,8.34,2,0
2026-01-20T19:00,-0.9,-1.7,0.0,0.0,7.02,7.88,15,0
2026-01-20T20:00,-1.1,-2.0,0.0,0.0,7.63,6.97,0,0
2026-01-20T21:00,-1.6,-2.4,0.0,0.0,7.24,6.53,0,0
2026-01-20T22:00,-1.9,-2.8,0.0,0.0,6.63,6.28,0,0
2026-01-20T23:00,-2.3,-3.2,0.0,0.0,5.61,7.11,31,0
2026-01-21T00:00,-3.0,-2.5,0.0,0.0,6.48,7.9,59,0
2026-01-21T01:00,-3.1,-2.7,0.0,0.0,6.54,8.3,27,0
2026-01-21T02:00,-3.2,-3.0,0.0,0.0,7.15,8.3,65,0
2026-01-21T03:00,-3.7,-3.2,0.0,0.0,7.37,8.67,0,0
2026-01-21T04:00,-3.7,-3.4,0.0,0.0,9.34,9.14,0,0
2026-01-21T05:00,-3.8,-3.6,0.0,0.0,8.47,8.93,0,0
2026-01-21T06:00,-4.1,-3.3,0.0,0.0,9.1,9.71,100,0
2026-01-21T07:00,-4.2,-3.4,0.0,0.0,9.39,9.72,87,0
2026-01-21T08:00,-4.3,-3.3,6.0,6.0,8.04,9.88,10,0
2026-01-21T09:00,-3.8,-2.8,66.0,66.0,8.79,10.01,2,1
2026-01-21T10:00,-2.6,-2.1,139.0,149.0,6.33,8.06,0,0
2026-01-21T11:00,-1.3,-1.6,204.0,211.0,6.4,7.56,48,16
2026-01-21T12:00,0.4,-0.1,224.0,230.0,6.49,6.82,51,0
2026-01-21T13:00,0.9,0.3,204.0,212.0,4.91,7.84,19,0
2026-01-21T14:00,0.9,0.2,149.0,156.0,6.88,8.36,66,0
2026-01-21T15:00,0.5,-0.4,66.0,74.0,7.45,9.25,100,0
2026-01-21T16:00,-0.4,-1.4,8.0,8.0,8.92,9.35,100,0
2026-01-21T17:00,-1.1,-2.2,0.0,0.0,8.92,10.91,100,0
2026-01-21T18:00,-2.1,-2.8,0.0,0.0,9.21,11.09,100,0
2026-01-21T19:00,-2.5,-3.2,0.0,0.0,10.21,10.33,53,0
2026-01-21T20:00,-2.8,-3.5,0.0,0.0,9.05,10.61,76,1
2026-01-21T21:00,-3.0,-3.8,0.0,0.0,9.7,10.88,100,0
2026-01-21T22:00,-3.3,-4.0,0.0,0.0,9.21,11.37,100,0
2026-01-21T23:00,-3.5,-4.1,0.0,0.0,9.42,12.07,100,0
2026-01-22T00:00,-4.5,-4.3,0.0,0.0,10.42,12.16,49,3
2026-01-22T01:00,-4.5,-4.1,0.0,0.0,10.77,12.75,60,0
2026-01-22T02:00,-4.4,-3.9,0.0,0.0,11.61,12.68,100,23
2026-01-22T03:00,-4.2,-3.4,0.0,0.0,10.84,12.1,22,40
2026-01-22T04:00,-4.2,-3.0,0.0,0.0,11.05,11.91,36,53
2026-01-22T05:00,-4.2,-2.9,0.0,0.0,11.11,11.28,43,40
2026-01-22T06:00,-4.0,-3.2,0.0,0.0,11.34,11.6,4,90
2026-01-22T07:00,-3.9,-3.2,0.0,0.0,11.52,11.21,35,76
2026-01-22T08:00,-3.8,-3.4,7.0,6.0,10.71,10.99,27,66
2026-01-22T09:00,-2.6,-3.1,70.0,67.0,9.6,10.38,12,90
2026-01-22T10:00,-1.7,-2.3,155.0,134.0,10.0,9.8,52,100
2026-01-22T11:00,-1.0,-1.3,207.0,169.0,9.16,10.38,37,99
2026-01-22T12:00,-0.3,-0.3,240.0,152.0,9.36,9.69,0,100
2026-01-22T13:00,-0.0,-0.2,224.0,139.0,9.42,9.42,4,100
2026-01-22T14:00,-0.3,-0.2,162.0,108.0,9.05,9.8,6,100
2026-01-22T15:00,-0.4,-0.6,81.0,54.0,8.91,10.04,0,100
2026-01-22T16:00,-1.5,-1.2,11.0,7.0,9.69,10.12,37,100
2026-01-22T17:00,-2.4,-1.6,0.0,0.0,9.93,9.91,7,99
2026-01-22T18:00,-2.7,-1.6,0.0,0.0,10.28,10.71,100,100
2026-01-22T19:00,-2.9,-2.0,0.0,0.0,10.31,10.2,77,100
2026-01-22T20:00,-3.3,-2.3,0.0,0.0,9.5,10.39,78,100
2026-01-22T21:00,-3.8,-2.5,0.0,0.0,9.67,10.29,100,100
2026-01-22T22:00,-4.3,-2.7,0.0,0.0,9.96,10.38,100,100
2026-01-22T23:00,-4.7,-2.9,0.0,0.0,10.25,9.58,97,95
2026-01-23T00:00,-5.2,-3.2,0.0,0.0,9.99,10.21,0,100
2026-01-23T01:00,-5.3,-3.5,0.0,0.0,11.05,9.23,72,93
2026-01-23T02:00,-5.3,-3.9,0.0,0.0,10.44,9.9,100,69
2026-01-23T03:00,-5.4,-4.5,0.0,0.0,9.98,11.27,100,45
2026-01-23T04:00,-5.6,-4.9,0.0,0.0,11.43,10.11,100,59
2026-01-23T05:00,-5.6,-5.2,0.0,0.0,11.32,10.59,73,56
2026-01-23T06:00,-5.5,-5.7,0.0,0.0,11.05,11.13,100,91
2026-01-23T07:00,-5.4,-5.9,0.0,0.0,10.99,11.11,100,84
2026-01-23T08:00,-5.4,-5.9,7.0,8.0,10.48,11.85,42,49
2026-01-23T09:00,-5.0,-5.3,68.0,70.0,10.82,10.8,87,36
2026-01-23T10:00,-4.1,-4.4,148.0,151.0,9.92,9.8,78,33
2026-01-23T11:00,-3.2,-3.3,213.0,211.0,9.34,10.29,40,26
2026-01-23T12:00,-2.8,-2.4,219.0,191.0,8.93,9.38,84,89
2026-01-23T13:00,-2.6,-1.8,209.0,188.0,9.13,9.43,70,84
2026-01-23T14:00,-2.6,-1.7,153.0,128.0,9.7,9.83,82,100
2026-01-23T15:00,-2.4,-2.0,72.0,62.0,10.88,9.9,99,100
2026-01-23T16:00,-3.1,-2.8,10.0,9.0,10.29,10.7,100,87
2026-01-23T17:00,-3.7,-3.6,0.0,0.0,11.27,11.37,99,84
2026-01-23T18:00,-4.5,-5.0,0.0,0.0,11.47,11.36,82,60
2026-01-23T19:00,-5.1,-5.5,0.0,0.0,11.86,11.56,84,58
2026-01-23T20:00,-5.6,-5.7,0.0,0.0,11.37,11.96,93,45
2026-01-23T21:00,-6.0,-5.8,0.0,0.0,10.68,11.76,78,48
2026-01-23T22:00,-6.2,-6.0,0.0,0.0,10.48,11.46,56,51
2026-01-23T23:00,-6.4,-6.1,0.0,0.0,10.19,11.17,38,48
2026-01-24T00:00,-6.3,-5.1,0.0,0.0,9.91,10.41,69,82
2026-01-24T01:00,-6.2,-5.2,0.0,0.0,9.8,10.31,81,73
2026-01-24T02:00,-6.1,-5.2,0.0,0.0,9.6,10.39,89,75
2026-01-24T03:00,-5.6,-5.2,0.0,0.0,9.7,10.31,85,79
2026-01-24T04:00,-5.6,-5.2,0.0,0.0,9.7,10.03,93,88
2026-01-24T05:00,-5.5,-4.9,0.0,0.0,9.31,10.13,90,98
2026-01-24T06:00,-5.3,-4.2,0.0,0.0,8.35,8.72,100,100
2026-01-24T07:00,-5.0,-4.1,0.0,0.0,9.13,8.43,100,98
2026-01-24T08:00,-4.6,-3.9,4.0,4.0,8.2,8.45,100,94
2026-01-24T09:00,-4.3,-3.3,36.0,31.0,8.65,8.33,100,96
2026-01-24T10:00,-3.5,-2.5,73.0,72.0,7.51,7.64,100,90
2026-01-24T11:00,-2.8,-1.7,111.0,119.0,7.33,7.35,87,93
2026-01-24T12:00,-2.3,-1.7,131.0,124.0,6.79,7.74,100,95
2026-01-24T13:00,-1.9,-1.3,120.0,135.0,6.79,7.64,100,98
2026-01-24T14:00,-1.7,-1.2,87.0,91.0,7.15,7.96,100,100
2026-01-24T15:00,-2.0,-1.3,45.0,43.0,7.74,7.77,100,97
2026-01-24T16:00,-2.1,-1.6,7.0,7.0,7.94,7.74,100,93
2026-01-24T17:00,-2.4,-1.8,0.0,0.0,8.44,8.06,100,95
2026-01-24T18:00,-2.4,-2.0,0.0,0.0,7.58,7.95,100,100
2026-01-24T19:00,-2.4,-2.0,0.0,0.0,7.46,7.97,99,99
2026-01-24T20:00,-2.4,-2.0,0.0,0.0,7.26,7.87,100,99
2026-01-24T21:00,-2.1,-2.0,0.0,0.0,7.32,7.66,100,98
2026-01-24T22:00,-2.2,-2.0,0.0,0.0,7.17,7.58,97,98
2026-01-24T23:00,-2.2,-2.0,0.0,0.0,7.11,7.5,98,100
2026-01-25T00:00,-2.0,-2.0,0.0,0.0,7.28,7.66,100,100
2026-01-25T01:00,-1.9,-2.0,0.0,0.0,7.23,7.37,100,100
2026-01-25T02:00,-1.9,-2.1,0.0,0.0,6.63,7.15,100,100
2026-01-25T03:00,-2.1,-2.1,0.0,0.0,7.13,7.05,94,100
2026-01-25T04:00,-2.1,-2.1,0.0,0.0,6.18,7.11,100,100
2026-01-25T05:00,-2.1,-2.1,0.0,0.0,6.82,7.04,100,100
2026-01-25T06:00,-2.3,-1.5,0.0,0.0,7.75,7.94,100,100
2026-01-25T07:00,-2.2,-1.5,0.0,0.0,7.3,7.76,100,98
2026-01-25T08:00,-2.2,-1.5,5.0,4.0,7.64,7.73,100,94
2026-01-25T09:00,-1.9,-1.3,30.0,35.0,7.25,7.99,100,94
2026-01-25T10:00,-1.5,-1.0,62.0,81.0,7.55,8.21,100,89
2026-01-25T11:00,-1.1,-0.7,84.0,126.0,7.69,7.95,100,86
2026-01-25T12:00,-0.9,-1.0,115.0,99.0,8.31,7.94,100,100
2026-01-25T13:00,-0.7,-0.6,100.0,101.0,8.09,8.41,100,100
2026-01-25T14:00,-0.5,-0.4,76.0,79.0,7.91,9.02,100,100
2026-01-25T15:00,-0.6,-0.6,41.0,36.0,9.11,9.72,100,100
2026-01-25T16:00,-0.8,-1.0,5.0,6.0,8.82,9.88,100,100
2026-01-25T17:00,-0.9,-1.1,0.0,0.0,9.31,9.11,100,100
2026-01-25T18:00,-1.0,-0.9,0.0,0.0,8.43,9.77,100,100
2026-01-25T19:00,-1.1,-1.1,0.0,0.0,8.23,10.6,100,100
2026-01-25T20:00,-1.1,-0.9,0.0,0.0,8.49,10.23,100,100
2026-01-25T21:00,-1.1,-1.1,0.0,0.0,8.34,10.68,100,100
2026-01-25T22:00,-0.9,-1.1,0.0,0.0,8.1,9.49,100,100
2026-01-25T23:00,-0.7,-0.9,0.0,0.0,7.23,8.28,100,100
2026-01-26T00:00,-0.4,-0.4,0.0,0.0,8.37,8.86,100,100
2026-01-26T01:00,-0.2,-0.2,0.0,0.0,8.84,10.0,100,100
2026-01-26T02:00,0.1,-0.0,0.0,0.0,9.13,9.92,100,100
2026-01-26T03:00,0.0,0.4,0.0,0.0,8.43,11.01,100,100
2026-01-26T04:00,0.2,0.6,0.0,0.0,8.81,12.53,100,100
2026-01-26T05:00,0.3,0.8,0.0,0.0,11.02,12.93,100,100
2026-01-26T06:00,0.4,0.9,0.0,0.0,11.16,11.85,100,100
2026-01-26T07:00,0.4,1.0,0.0,0.0,11.5,11.99,100,100
2026-01-26T08:00,0.4,1.3,2.0,3.0,12.0,11.87,100,100
2026-01-26T09:00,0.4,1.1,15.0,22.0,10.89,11.25,100,100
2026-01-26T10:00,0.4,0.8,34.0,35.0,10.2,10.54,100,100
2026-01-26T11:00,0.4,0.8,45.0,50.0,9.87,10.46,100,100
2026-01-26T12:00,0.5,0.6,59.0,47.0,10.2,11.09,100,100
2026-01-26T13:00,0.4,0.7,59.0,54.0,8.92,11.39,100,99
2026-01-26T14:00,0.4,0.7,54.0,55.0,8.25,11.12,100,99
2026-01-26T15:00,0.5,0.6,36.0,28.0,10.98,10.5,100,97
2026-01-26T16:00,0.6,0.5,7.0,4.0,10.19,10.42,98,97
2026-01-26T17:00,0.5,0.3,0.0,0.0,9.64,10.42,99,99
2026-01-26T18:00,0.5,0.2,0.0,0.0,8.91,9.95,100,91
2026-01-26T19:00,0.5,-0.1,0.0,0.0,8.0,9.55,100,91
2026-01-26T20:00,0.4,-0.2,0.0,0.0,7.97,10.08,100,91
2026-01-26T21:00,0.5,-0.2,0.0,0.0,7.84,9.39,100,92
2026-01-26T22:00,0.4,-0.2,0.0,0.0,8.27,8.55,100,92
2026-01-26T23:00,0.4,-0.2,0.0,0.0,7.1,8.42,99,98
2026-01-27T00:00,0.1,-0.2,0.0,0.0,8.13,5.7,100,91
2026-01-27T01:00,0.1,-0.2,0.0,0.0,6.73,4.87,100,98
2026-01-27T02:00,0.1,-0.1,0.0,0.0,7.58,2.26,100,100
2026-01-27T03:00,0.3,-0.2,0.0,0.0,4.09,2.98,100,100
2026-01-27T04:00,0.3,-0.2,0.0,0.0,5.55,4.59,100,94
2026-01-27T05:00,0.3,-0.3,0.0,0.0,6.46,3.99,100,96
2026-01-27T06:00,0.3,0.3,0.0,0.0,5.44,6.17,100,99
2026-01-27T07:00,0.3,0.2,0.0,0.0,5.78,6.31,100,81
2026-01-27T08:00,0.2,0.3,7.0,7.0,8.15,6.94,73,87
2026-01-27T09:00,-0.2,0.5,39.0,57.0,5.27,7.05,89,77
2026-01-27T10:00,-0.1,0.6,93.0,89.0,4.85,4.5,100,94
2026-01-27T11:00,-0.0,0.6,108.0,90.0,6.32,5.14,100,100
2026-01-27T12:00,0.3,0.4,164.0,107.0,6.61,6.24,99,100
2026-01-27T13:00,0.2,0.4,102.0,94.0,6.42,6.68,100,100
2026-01-27T14:00,-0.2,0.2,82.0,60.0,7.8,8.59,98,100
2026-01-27T15:00,-0.6,0.1,75.0,30.0,8.45,9.18,80,100
2026-01-27T16:00,-1.1,0.1,13.0,5.0,9.6,10.41,100,100
2026-01-27T17:00,-1.0,-0.1,0.0,0.0,9.4,10.63,100,100
2026-01-27T18:00,-0.6,-0.4,0.0,0.0,9.28,10.78,94,94
2026-01-27T19:00,-0.5,-0.7,0.0,0.0,11.56,10.18,100,100
2026-01-27T20:00,-0.4,-0.9,0.0,0.0,9.73,10.46,100,100
2026-01-27T21:00,-0.2,-0.9,0.0,0.0,9.62,11.0,100,100
2026-01-27T22:00,-0.2,-0.9,0.0,0.0,9.95,11.32,100,100
2026-01-27T23:00,-0.2,-0.8,0.0,0.0,9.98,11.41,100,100
2026-01-28T00:00,-0.1,-0.4,0.0,0.0,9.38,10.88,100,100
2026-01-28T01:00,0.1,-0.4,0.0,0.0,9.92,11.6,100,100
2026-01-28T02:00,0.1,-0.4,0.0,0.0,9.7,11.15,100,98
2026-01-28T03:00,0.2,-0.4,0.0,0.0,9.61,10.44,100,100
2026-01-28T04:00,0.2,-0.4,0.0,0.0,9.36,10.07,100,100
2026-01-28T05:00,0.1,-0.3,0.0,0.0,9.95,10.1,100,100
2026-01-28T06:00,-0.3,-0.4,0.0,0.0,9.88,10.81,100,100
2026-01-28T07:00,-0.4,-0.5,0.0,0.0,10.28,10.48,100,100
2026-01-28T08:00,-0.5,-0.5,6.0,4.0,9.9,9.9,100,100
2026-01-28T09:00,-0.0,-0.4,41.0,18.0,9.47,9.55,100,100
2026-01-28T10:00,0.3,-0.1,90.0,42.0,9.23,9.2,100,100
2026-01-28T11:00,0.6,0.1,124.0,62.0,9.21,8.31,100,100
2026-01-28T12:00,0.5,0.8,121.0,96.0,8.94,8.63,100,100
2026-01-28T13:00,0.7,0.8,106.0,81.0,8.82,8.27,100,100
2026-01-28T14:00,0.8,0.8,63.0,71.0,9.24,8.82,100,100
2026-01-28T15:00,0.8,0.7,33.0,47.0,10.45,9.61,100,100
2026-01-28T16:00,0.7,0.5,6.0,11.0,10.5,9.81,100,100
2026-01-28T17:00,0.6,0.4,0.0,0.0,9.53,9.9,100,100
2026-01-28T18:00,0.6,0.1,0.0,0.0,9.16,8.23,100,100
2026-01-28T19:00,0.5,-0.0,0.0,0.0,9.91,8.72,100,100
2026-01-28T20:00,0.4,-0.1,0.0,0.0,10.06,9.01,100,100
2026-01-28T21:00,0.4,-0.1,0.0,0.0,9.71,8.37,100,100
2026-01-28T22:00,0.3,-0.2,0.0,0.0,9.11,8.15,100,100
2026-01-28T23:00,0.2,-0.3,0.0,0.0,8.92,8.07,100,100
2026-01-29T00:00,0.1,-0.0,0.0,0.0,8.86,8.17,100,100
2026-01-29T01:00,0.1,-0.1,0.0,0.0,8.63,8.27,100,100
2026-01-29T02:00,-0.0,-0.2,0.0,0.0,8.96,7.87,100,100
2026-01-29T03:00,-0.0,-0.4,0.0,0.0,8.26,8.23,100,100
2026-01-29T04:00,-0.1,-0.5,0.0,0.0,8.14,8.62,100,100
2026-01-29T05:00,-0.2,-0.7,0.0,0.0,8.29,8.54,100,100
2026-01-29T06:00,-0.4,-0.5,0.0,0.0,8.77,9.58,100,100
2026-01-29T07:00,-0.5,-0.7,0.0,0.0,8.87,9.5,100,100
2026-01-29T08:00,-0.6,-0.8,7.0,5.0,8.04,9.67,100,100
2026-01-29T09:00,-0.6,-0.8,35.0,32.0,8.52,9.52,100,100
2026-01-29T10:00,-0.6,-0.6,61.0,63.0,8.82,9.6,100,100
2026-01-29T11:00,-0.5,-0.6,79.0,69.0,8.34,10.05,100,100
2026-01-29T12:00,-0.3,-0.2,86.0,89.0,8.72,9.32,100,100
2026-01-29T13:00,-0.3,-0.2,72.0,81.0,8.06,8.9,100,100
2026-01-29T14:00,-0.4,-0.3,54.0,49.0,8.58,9.21,100,100
2026-01-29T15:00,-0.5,-0.3,35.0,28.0,8.19,9.74,100,100
2026-01-29T16:00,-0.6,-0.2,8.0,7.0,8.55,9.07,100,100
2026-01-29T17:00,-0.9,-0.4,0.0,0.0,8.56,9.78,100,100
2026-01-29T18:00,-1.0,-0.7,0.0,0.0,8.3,8.83,100,100
2026-01-29T19:00,-1.1,-0.6,0.0,0.0,9.11,8.24,100,100
2026-01-29T20:00,-1.2,-0.7,0.0,0.0,9.01,9.02,100,100
2026-01-29T21:00,-1.4,-0.9,0.0,0.0,8.72,9.12,100,100
2026-01-29T22:00,-1.6,-0.9,0.0,0.0,9.52,8.97,100,100
2026-01-29T23:00,-1.8,-1.0,0.0,0.0,9.38,8.65,100,100
2026-01-30T00:00,-1.7,-1.1,0.0,0.0,8.73,8.3,100,100
2026-01-30T01:00,-1.8,-1.1,0.0,0.0,9.03,8.86,100,100
2026-01-30T02:00,-1.9,-1.2,0.0,0.0,8.72,9.49,100,100
2026-01-30T03:00,-2.0,-1.3,0.0,0.0,9.16,9.62,100,100
2026-01-30T04:00,-2.3,-1.3,0.0,0.0,8.53,9.72,100,100
2026-01-30T05:00,-2.4,-1.4,0.0,0.0,8.45,9.46,100,100
2026-01-30T06:00,-2.2,-2.1,0.0,0.0,8.67,9.68,99,98
2026-01-30T07:00,-2.1,-2.1,0.0,0.0,8.99,9.8,96,97
2026-01-30T08:00,-2.1,-2.1,7.0,6.0,9.44,9.92,96,98
2026-01-30T09:00,-2.0,-1.9,34.0,36.0,9.39,10.22,97,97
2026-01-30T10:00,-1.7,-1.7,75.0,71.0,9.26,10.17,96,97
2026-01-30T11:00,-1.3,-1.5,120.0,88.0,9.48,10.07,96,98
2026-01-30T12:00,-1.0,-1.4,127.0,107.0,9.53,10.19,100,96
2026-01-30T13:00,-0.8,-1.1,97.0,100.0,9.59,10.5,100,99
2026-01-30T14:00,-0.7,-1.0,69.0,76.0,9.7,10.46,100,99
2026-01-30T15:00,-1.0,-1.0,51.0,46.0,10.04,10.98,100,97
2026-01-30T16:00,-1.1,-1.1,12.0,10.0,10.23,11.41,99,99
2026-01-30T17:00,-1.2,-1.2,0.0,0.0,9.86,11.18,100,100
2026-01-30T18:00,-1.4,-1.4,0.0,0.0,10.14,10.66,100,97
2026-01-30T19:00,-1.4,-1.3,0.0,0.0,10.09,11.06,100,98
2026-01-30T20:00,-1.4,-1.2,0.0,0.0,10.39,11.22,100,99
2026-01-30T21:00,-1.4,-1.2,0.0,0.0,10.35,11.19,96,93
2026-01-30T22:00,-1.4,-1.2,0.0,0.0,10.48,11.19,100,92
2026-01-30T23:00,-1.5,-1.2,0.0,0.0,10.19,11.15,92,86
2026-01-31T00:00,-1.5,-1.5,0.0,0.0,9.89,10.69,95,99
2026-01-31T01:00,-1.5,-1.5,0.0,0.0,9.99,10.81,97,99
2026-01-31T02:00,-1.6,-1.6,0.0,0.0,10.22,10.82,91,97
2026-01-31T03:00,-1.4,-1.5,0.0,0.0,10.66,10.5,100,99
2026-01-31T04:00,-1.4,-1.6,0.0,0.0,9.98,10.69,100,94
2026-01-31T05:00,-1.5,-1.6,0.0,0.0,10.26,10.85,89,98
2026-01-31T06:00,-1.5,-1.5,0.0,0.0,10.55,10.77,94,92
2026-01-31T07:00,-1.6,-1.6,0.0,0.0,10.82,10.48,89,94
2026-01-31T08:00,-1.7,-1.5,9.0,10.0,10.57,10.58,83,83
2026-01-31T09:00,-1.6,-1.4,46.0,55.0,10.7,10.79,100,90
2026-01-31T10:00,-1.4,-1.2,94.0,96.0,10.32,10.2,95,76
2026-01-31T11:00,-1.2,-0.9,143.0,148.0,9.84,10.54,96,85
2026-01-31T12:00,-1.0,-0.7,170.0,176.0,9.46,10.38,99,83
2026-01-31T13:00,-0.8,-0.7,148.0,166.0,9.08,10.01,96,86
2026-01-31T14:00,-0.9,-0.7,111.0,120.0,9.15,10.17,94,87
2026-01-31T15:00,-1.1,-0.9,73.0,70.0,9.42,10.39,97,86
2026-01-31T16:00,-1.6,-1.2,17.0,16.0,9.64,10.11,94,89
2026-01-31T17:00,-2.0,-1.6,0.0,0.0,9.72,9.93,95,94
2026-01-31T18:00,-2.6,-1.8,0.0,0.0,10.13,9.45,91,98
2026-01-31T19:00,-2.9,-2.0,0.0,0.0,9.85,9.7,85,99
2026-01-31T20:00,-3.1,-2.2,0.0,0.0,10.05,9.48,82,99
2026-01-31T21:00,-3.6,-2.4,0.0,0.0,9.62,9.17,94,97
2026-01-31T22:00,-3.7,-2.6,0.0,0.0,9.32,9.32,93,98
2026-01-31T23:00,-3.9,-2.8,0.0,0.0,9.13,9.12,100,99
2026-02-01T00:00,-4.1,-3.1,0.0,0.0,9.41,9.28,100,94
2026-02-01T01:00,-4.2,-3.2,0.0,0.0,9.67,9.32,100,96
2026-02-01T02:00,-4.5,-3.3,0.0,0.0,9.5,9.04,100,98
2026-02-01T03:00,-4.6,-3.4,0.0,0.0,9.41,8.97,86,95
2026-02-01T04:00,-5.0,-3.5,0.0,0.0,9.34,9.02,95,98
2026-02-01T05:00,-5.2,-3.6,0.0,0.0,8.9,9.12,99,100
2026-02-01T06:00,-5.0,-4.3,0.0,0.0,8.48,8.94,100,100
2026-02-01T07:00,-5.1,-4.4,0.0,0.0,9.11,9.18,100,100
2026-02-01T08:00,-5.2,-4.6,8.0,6.0,9.61,9.11,97,99
2026-02-01T09:00,-5.6,-4.5,38.0,33.0,9.12,9.15,94,98
2026-02-01T10:00,-5.3,-4.3,74.0,70.0,9.05,8.77,93,94
2026-02-01T11:00,-4.9,-4.0,87.0,95.0,9.2,8.51,98,93
2026-02-01T12:00,-4.3,-4.0,97.0,74.0,9.27,9.08,100,99
2026-02-01T13:00,-4.0,-3.8,81.0,71.0,8.96,8.98,100,100
2026-02-01T14:00,-3.9,-3.8,66.0,60.0,8.77,9.21,100,100
2026-02-01T15:00,-3.7,-3.7,35.0,35.0,8.83,8.83,100,100
2026-02-01T16:00,-3.8,-3.8,9.0,8.0,8.83,9.14,100,99
2026-02-01T17:00,-4.0,-3.9,0.0,0.0,9.05,9.29,100,97
2026-02-01T18:00,-4.1,-4.1,0.0,0.0,9.95,9.11,100,100
2026-02-01T19:00,-4.4,-4.2,0.0,0.0,9.67,8.77,100,99
2026-02-01T20:00,-4.7,-4.3,0.0,0.0,9.85,8.59,100,99
2026-02-01T21:00,-5.0,-4.4,0.0,0.0,9.76,8.77,100,97
2026-02-01T22:00,-5.1,-4.5,0.0,0.0,9.33,9.08,100,90
2026-02-01T23:00,-5.3,-4.7,0.0,0.0,9.74,9.44,100,92
2026-02-02T00:00,-5.1,-5.4,0.0,0.0,10.31,9.86,98,97
2026-02-02T01:00,-5.2,-5.4,0.0,0.0,10.27,9.68,100,97
2026-02-02T02:00,-5.2,-5.4,0.0,0.0,10.29,9.8,100,95
2026-02-02T03:00,-5.2,-5.4,0.0,0.0,9.99,9.67,100,95
2026-02-02T04:00,-5.4,-5.6,0.0,0.0,10.19,9.54,100,96
2026-02-02T05:00,-5.5,-5.7,0.0,0.0,9.68,9.76,94,98
2026-02-02T06:00,-5.8,-6.1,0.0,0.0,10.63,10.18,100,90
2026-02-02T07:00,-6.0,-6.4,0.0,0.0,10.32,10.41,100,90
2026-02-02T08:00,-6.2,-6.5,7.0,12.0,10.23,10.5,99,93
2026-02-02T09:00,-6.6,-6.5,22.0,57.0,9.88,10.32,100,91
2026-02-02T10:00,-6.7,-6.2,60.0,123.0,10.44,10.23,100,94
2026-02-02T11:00,-6.6,-5.8,85.0,157.0,10.54,9.91,98,99
2026-02-02T12:00,-6.0,-5.9,97.0,131.0,10.32,9.63,99,87
2026-02-02T13:00,-5.6,-5.6,96.0,148.0,10.13,9.7,96,86
2026-02-02T14:00,-5.4,-5.4,108.0,125.0,10.01,9.9,97,88
2026-02-02T15:00,-5.4,-5.4,77.0,72.0,10.1,10.48,95,84
2026-02-02T16:00,-6.0,-5.8,23.0,22.0,10.78,10.6,59,59
2026-02-02T17:00,-6.6,-6.3,0.0,0.0,10.88,10.74,30,52
2026-02-02T18:00,-7.1,-7.2,0.0,0.0,10.69,12.29,80,11
2026-02-02T19:00,-7.5,-7.6,0.0,0.0,10.01,12.48,75,9
2026-02-02T20:00,-7.8,-8.0,0.0,0.0,10.68,12.29,65,8
2026-02-02T21:00,-7.2,-8.2,0.0,0.0,9.96,11.82,100,11
2026-02-02T22:00,-7.2,-8.5,0.0,0.0,9.93,11.4,97,22
2026-02-02T23:00,-7.3,-8.5,0.0,0.0,10.22,10.8,85,46
2026-02-03T00:00,-7.2,-7.7,0.0,0.0,11.18,12.08,54,35
2026-02-03T01:00,-7.2,-7.6,0.0,0.0,10.98,12.16,71,41
2026-02-03T02:00,-7.2,-7.6,0.0,0.0,10.78,12.26,74,54
2026-02-03T03:00,-7.4,-7.6,0.0,0.0,11.1,12.06,55,48
2026-02-03T04:00,-7.9,-7.6,0.0,0.0,11.76,12.16,50,36
2026-02-03T05:00,-8.2,-7.8,0.0,0.0,11.66,12.25,54,40
2026-02-03T06:00,-8.6,-8.0,0.0,0.0,11.57,11.56,45,69
2026-02-03T07:00,-8.5,-8.0,0.0,0.0,11.89,11.86,68,71
2026-02-03T08:00,-8.2,-7.6,20.0,17.0,11.05,11.95,51,75
2026-02-03T09:00,-7.6,-6.9,104.0,80.0,12.39,11.27,35,71
2026-02-03T10:00,-6.8,-6.2,205.0,146.0,12.42,11.5,12,76
2026-02-03T11:00,-6.1,-5.4,272.0,200.0,12.7,11.67,21,99
2026-02-03T12:00,-5.2,-4.6,295.0,296.0,12.29,11.86,37,0
2026-02-03T13:00,-4.6,-4.0,279.0,277.0,12.35,11.76,4,0
2026-02-03T14:00,-4.5,-3.8,221.0,218.0,12.09,12.25,19,0
2026-02-03T15:00,-4.5,-4.0,118.0,127.0,13.23,12.54,48,0
2026-02-03T16:00,-5.2,-4.5,32.0,33.0,13.35,12.75,54,8
2026-02-03T17:00,-5.5,-5.0,0.0,0.0,13.32,12.9,89,39
2026-02-03T18:00,-5.2,-5.6,0.0,0.0,13.48,13.15,91,16
2026-02-03T19:00,-5.5,-5.9,0.0,0.0,13.37,12.84,96,27
2026-02-03T20:00,-5.2,-5.9,0.0,0.0,12.81,12.74,100,33
2026-02-03T21:00,-5.0,-6.1,0.0,0.0,12.24,13.0,100,30
2026-02-03T22:00,-5.1,-6.2,0.0,0.0,12.05,12.81,100,68
2026-02-03T23:00,-5.5,-6.3,0.0,0.0,12.58,12.24,100,72
2026-02-04T00:00,-5.8,-5.9,0.0,0.0,11.75,12.26,100,84
2026-02-04T01:00,-5.7,-6.0,0.0,0.0,11.96,12.44,100,70
2026-02-04T02:00,-5.9,-6.0,0.0,0.0,11.76,12.17,100,95
2026-02-04T03:00,-6.3,-6.1,0.0,0.0,11.04,12.45,98,97
2026-02-04T04:00,-6.1,-6.3,0.0,0.0,11.07,12.55,96,95
2026-02-04T05:00,-6.3,-6.3,0.0,0.0,10.67,12.76,93,99
2026-02-04T06:00,-6.6,-6.4,0.0,0.0,10.54,12.93,94,98
2026-02-04T07:00,-6.7,-6.3,0.0,0.0,10.51,12.51,97,94
2026-02-04T08:00,-6.7,-6.1,11.0,6.0,10.42,12.47,98,93
2026-02-04T09:00,-6.2,-5.8,50.0,30.0,10.27,11.91,100,94
2026-02-04T10:00,-5.7,-5.3,76.0,67.0,9.83,11.32,99,95
2026-02-04T11:00,-5.2,-4.8,89.0,89.0,9.56,11.24,100,94
2026-02-04T12:00,-4.4,-4.5,121.0,132.0,9.83,9.74,100,97
2026-02-04T13:00,-4.0,-4.2,126.0,128.0,9.9,9.7,99,94
2026-02-04T14:00,-3.8,-3.9,101.0,105.0,10.0,9.41,98,98
2026-02-04T15:00,-3.8,-3.7,51.0,59.0,9.6,9.8,100,94
2026-02-04T16:00,-3.9,-3.9,17.0,21.0,10.01,10.21,100,95
2026-02-04T17:00,-4.0,-4.1,0.0,0.0,10.24,10.71,100,91
2026-02-04T18:00,-4.3,-4.4,0.0,0.0,10.14,11.07,100,84
2026-02-04T19:00,-4.2,-4.4,0.0,0.0,10.0,11.08,100,84
2026-02-04T20:00,-4.2,-4.5,0.0,0.0,9.21,10.89,100,95
2026-02-04T21:00,-3.9,-4.3,0.0,0.0,9.5,10.78,95,96
2026-02-04T22:00,-4.0,-4.4,0.0,0.0,9.25,10.32,100,100
2026-02-04T23:00,-3.8,-4.1,0.0,0.0,9.16,10.2,100,100
2026-02-05T00:00,-3.8,-3.9,0.0,0.0,9.53,9.78,100,100
2026-02-05T01:00,-3.8,-3.9,0.0,0.0,9.85,10.21,100,99
2026-02-05T02:00,-3.6,-3.9,0.0,0.0,10.01,10.27,100,100
2026-02-05T03:00,-3.6,-3.7,0.0,0.0,10.17,10.63,100,100
2026-02-05T04:00,-3.4,-3.5,0.0,0.0,9.98,10.55,100,100
2026-02-05T05:00,-3.2,-3.4,0.0,0.0,9.96,10.23,100,100
2026-02-05T06:00,-3.3,-3.5,0.0,0.0,10.28,10.63,100,100
2026-02-05T07:00,-3.3,-3.3,0.0,0.0,9.86,10.17,100,100
2026-02-05T08:00,-3.2,-3.1,9.0,9.0,10.24,10.41,100,98
2026-02-05T09:00,-3.0,-2.7,23.0,33.0,9.58,10.51,100,95
2026-02-05T10:00,-2.8,-2.3,45.0,72.0,9.63,10.45,100,100
2026-02-05T11:00,-2.7,-2.2,76.0,95.0,8.82,10.18,100,100
2026-02-05T12:00,-2.4,-1.6,79.0,92.0,8.92,9.11,100,98
2026-02-05T13:00,-2.3,-1.5,84.0,88.0,8.82,9.3,100,98
2026-02-05T14:00,-2.3,-1.5,66.0,55.0,8.33,8.63,100,100
2026-02-05T15:00,-2.5,-1.5,41.0,24.0,7.84,8.96,100,100
2026-02-05T16:00,-2.6,-1.7,12.0,7.0,7.94,7.77,100,100
2026-02-05T17:00,-2.7,-1.9,0.0,0.0,7.74,7.37,100,100
2026-02-05T18:00,-2.8,-2.2,0.0,0.0,8.04,7.26,100,100
2026-02-05T19:00,-2.7,-2.2,0.0,0.0,7.47,7.26,100,100
2026-02-05T20:00,-2.7,-2.2,0.0,0.0,7.57,7.1,100,100
2026-02-05T21:00,-2.7,-2.2,0.0,0.0,7.55,7.18,100,100
2026-02-05T22:00,-2.6,-2.2,0.0,0.0,7.18,6.72,100,100
2026-02-05T23:00,-2.5,-2.1,0.0,0.0,7.15,6.41,100,100
2026-02-06T00:00,-2.4,-2.6,0.0,0.0,7.05,6.66,98,100
2026-02-06T01:00,-2.3,-2.5,0.0,0.0,6.18,6.47,100,100
2026-02-06T02:00,-2.1,-2.5,0.0,0.0,6.69,7.17,100,99
2026-02-06T03:00,-2.1,-2.3,0.0,0.0,6.18,7.25,100,100
2026-02-06T04:00,-2.0,-2.1,0.0,0.0,6.21,7.74,100,99
2026-02-06T05:00,-1.8,-2.0,0.0,0.0,6.5,7.06,100,100
2026-02-06T06:00,-1.5,-1.0,0.0,0.0,6.67,7.39,100,100
2026-02-06T07:00,-1.3,-0.9,0.0,0.0,6.66,7.94,100,100
2026-02-06T08:00,-1.1,-0.7,12.0,11.0,6.67,8.04,100,100
2026-02-06T09:00,-0.6,-0.4,41.0,41.0,7.11,7.18,100,100
2026-02-06T10:00,-0.3,-0.1,65.0,73.0,6.86,7.32,100,100
2026-02-06T11:00,-0.0,0.2,83.0,116.0,6.98,6.77,100,100
2026-02-06T12:00,0.2,0.5,110.0,105.0,5.51,6.79,100,100
2026-02-06T13:00,0.3,0.6,94.0,101.0,6.01,6.38,100,100
2026-02-06T14:00,0.4,0.7,66.0,74.0,6.21,6.38,100,100
2026-02-06T15:00,0.4,0.6,37.0,42.0,6.73,6.96,100,100
2026-02-06T16:00,0.4,0.6,10.0,14.0,7.69,7.04,100,100
2026-02-06T17:00,0.4,0.6,0.0,0.0,7.55,7.6,100,100
2026-02-06T18:00,0.4,0.7,0.0,0.0,7.19,8.2,100,100
2026-02-06T19:00,0.4,0.7,0.0,0.0,7.35,8.61,100,100
2026-02-06T20:00,0.4,0.7,0.0,0.0,7.44,8.41,100,100
2026-02-06T21:00,0.4,0.7,0.0,0.0,7.28,8.49,100,100
2026-02-06T22:00,0.4,0.7,0.0,0.0,7.34,8.1,100,100
2026-02-06T23:00,0.5,0.8,0.0,0.0,7.07,7.99,100,100
2026-02-07T00:00,0.4,0.6,0.0,0.0,7.07,7.59,100,100
2026-02-07T01:00,0.5,0.6,0.0,0.0,7.04,7.72,100,100
2026-02-07T02:00,0.5,0.6,0.0,0.0,7.77,7.94,100,100
2026-02-07T03:00,0.6,0.6,0.0,0.0,7.37,7.97,100,100
2026-02-07T04:00,0.6,0.6,0.0,0.0,7.19,8.0,100,100
2026-02-07T05:00,0.6,0.6,0.0,0.0,6.93,7.78,100,100
2026-02-07T06:00,0.5,0.7,0.0,0.0,6.68,7.75,100,100
2026-02-07T07:00,0.5,0.8,0.0,0.0,6.86,7.53,100,100
2026-02-07T08:00,0.5,0.8,8.0,8.0,6.64,7.38,100,100
2026-02-07T09:00,0.5,0.9,25.0,30.0,6.4,7.47,100,100
2026-02-07T10:00,0.6,0.9,54.0,59.0,6.36,7.87,100,100
2026-02-07T11:00,0.7,1.1,63.0,88.0,6.04,7.61,100,100
2026-02-07T12:00,0.9,1.0,78.0,75.0,5.93,7.19,100,100
2026-02-07T13:00,0.9,1.0,78.0,75.0,5.62,6.92,100,100
2026-02-07T14:00,1.0,1.0,61.0,61.0,6.18,7.38,100,100
2026-02-07T15:00,1.0,0.9,45.0,44.0,6.81,7.46,100,99
2026-02-07T16:00,0.9,0.8,12.0,16.0,6.42,7.52,100,100
2026-02-07T17:00,0.8,0.7,0.0,0.0,6.75,7.89,100,99
2026-02-07T18:00,0.7,0.8,0.0,0.0,6.78,8.15,100,100
2026-02-07T19:00,0.6,0.7,0.0,0.0,6.67,8.2,100,100
2026-02-07T20:00,0.5,0.7,0.0,0.0,8.35,8.03,100,97
2026-02-07T21:00,0.6,0.7,0.0,0.0,7.45,7.87,100,95
2026-02-07T22:00,0.5,0.6,0.0,0.0,7.35,7.61,97,97
2026-02-07T23:00,0.4,0.6,0.0,0.0,7.84,8.13,100,100
2026-02-08T00:00,0.4,0.6,0.0,0.0,7.45,8.24,100,100
2026-02-08T01:00,0.4,0.6,0.0,0.0,7.86,8.14,100,100
2026-02-08T02:00,0.3,0.6,0.0,0.0,7.55,7.75,100,100
2026-02-08T03:00,0.4,0.6,0.0,0.0,6.47,7.65,100,99
2026-02-08T04:00,0.3,0.5,0.0,0.0,7.06,7.84,100,100
2026-02-08T05:00,0.2,0.5,0.0,0.0,7.88,7.74,100,99
2026-02-08T06:00,0.2,0.3,0.0,0.0,7.66,7.91,100,100
2026-02-08T07:00,0.2,0.3,0.0,0.0,7.75,7.88,98,99
2026-02-08T08:00,0.2,0.3,18.0,16.0,7.74,8.11,100,100
2026-02-08T09:00,0.3,0.4,60.0,64.0,7.65,8.4,98,100
2026-02-08T10:00,0.6,0.6,87.0,127.0,7.76,8.2,100,100
2026-02-08T11:00,0.7,0.8,122.0,173.0,7.74,8.04,100,100
2026-02-08T12:00,1.1,1.0,183.0,178.0,8.03,7.35,97,89
2026-02-08T13:00,1.2,1.1,173.0,164.0,7.27,7.85,100,98
2026-02-08T14:00,1.2,1.0,131.0,117.0,7.08,7.76,100,98
2026-02-08T15:00,1.0,0.9,59.0,65.0,7.41,7.51,100,94
2026-02-08T16:00,0.7,0.6,19.0,28.0,7.18,8.31,100,96
2026-02-08T17:00,0.3,0.4,0.0,0.0,7.29,7.67,99,96
2026-02-08T18:00,0.2,0.2,0.0,0.0,6.12,7.69,100,94
2026-02-08T19:00,0.1,0.1,0.0,0.0,6.33,7.14,100,100
2026-02-08T20:00,0.0,0.1,0.0,0.0,6.49,7.25,100,100
2026-02-08T21:00,0.1,0.1,0.0,0.0,6.77,7.2,100,100
2026-02-08T22:00,0.0,0.0,0.0,0.0,6.11,7.42,100,100
2026-02-08T23:00,-0.1,0.0,0.0,0.0,6.7,7.75,100,100
2026-02-09T00:00,-0.1,-0.1,0.0,0.0,6.56,7.16,100,99
2026-02-09T01:00,-0.1,-0.1,0.0,0.0,6.73,7.31,100,99
2026-02-09T02:00,-0.1,-0.1,0.0,0.0,6.73,7.51,100,96
2026-02-09T03:00,-0.1,-0.1,0.0,0.0,6.92,7.34,100,97
2026-02-09T04:00,-0.0,-0.1,0.0,0.0,6.64,7.39,100,100
2026-02-09T05:00,0.0,-0.2,0.0,0.0,7.19,7.57,100,100
2026-02-09T06:00,0.0,-0.5,0.0,0.0,6.67,7.37,100,100
2026-02-09T07:00,0.1,-0.6,0.0,0.0,6.97,7.1,100,100
2026-02-09T08:00,0.1,-0.6,10.0,12.0,6.79,7.27,100,100
2026-02-09T09:00,0.1,-0.5,40.0,49.0,6.59,7.06,100,99
2026-02-09T10:00,0.4,-0.3,68.0,84.0,6.57,6.84,98,98
2026-02-09T11:00,0.6,-0.2,95.0,108.0,6.01,6.81,100,97
2026-02-09T12:00,1.2,0.7,122.0,127.0,5.74,6.19,96,100
2026-02-09T13:00,1.5,0.8,123.0,104.0,5.87,6.09,100,98
2026-02-09T14:00,1.5,0.9,90.0,110.0,5.44,6.06,99,94
2026-02-09T15:00,1.5,0.8,60.0,61.0,5.83,6.44,98,96
2026-02-09T16:00,1.2,0.6,20.0,22.0,5.97,6.82,100,100
2026-02-09T17:00,0.9,0.4,0.0,0.0,6.61,7.61,100,100
2026-02-09T18:00,0.7,0.4,0.0,0.0,6.69,7.58,100,100
2026-02-09T19:00,0.7,0.3,0.0,0.0,6.79,7.27,100,100
2026-02-09T20:00,0.7,0.3,0.0,0.0,7.14,7.09,100,100
2026-02-09T21:00,0.7,0.2,0.0,0.0,6.52,7.09,100,100
2026-02-09T22:00,0.7,0.1,0.0,0.0,6.45,6.79,100,100
2026-02-09T23:00,0.7,0.2,0.0,0.0,6.59,6.47,100,100
2026-02-10T00:00,0.5,0.5,0.0,0.0,6.18,7.07,100,99
2026-02-10T01:00,0.5,0.5,0.0,0.0,6.84,7.04,99,100
2026-02-10T02:00,0.4,0.5,0.0,0.0,6.36,6.9,100,100
2026-02-10T03:00,0.5,0.5,0.0,0.0,6.39,7.26,100,100
2026-02-10T04:00,0.5,0.6,0.0,0.0,6.54,7.43,100,100
2026-02-10T05:00,0.5,0.6,0.0,0.0,7.06,7.2,100,100
2026-02-10T06:00,0.4,0.5,0.0,0.0,7.19,7.06,100,100
2026-02-10T07:00,0.3,0.5,0.0,0.0,7.04,6.5,100,100
2026-02-10T08:00,0.4,0.5,18.0,15.0,6.64,6.71,100,100
2026-02-10T09:00,0.8,0.5,58.0,52.0,6.53,6.98,100,100
2026-02-10T10:00,1.0,0.7,91.0,91.0,6.41,7.12,100,100
2026-02-10T11:00,1.4,1.1,134.0,128.0,6.39,6.9,100,100
2026-02-10T12:00,1.7,1.5,160.0,159.0,5.94,5.82,100,100
2026-02-10T13:00,2.0,1.8,147.0,143.0,5.95,6.01,100,100
2026-02-10T14:00,2.3,2.1,119.0,123.0,5.97,6.4,100,100
2026-02-10T15:00,2.1,2.0,71.0,76.0,6.58,7.1,100,100
2026-02-10T16:00,1.7,1.8,31.0,26.0,7.41,7.55,100,100
2026-02-10T17:00,1.3,1.4,1.0,1.0,7.62,8.81,100,100
2026-02-10T18:00,1.1,1.2,0.0,0.0,7.62,9.05,100,100
2026-02-10T19:00,1.2,1.3,0.0,0.0,7.76,9.05,100,100
2026-02-10T20:00,1.3,1.3,0.0,0.0,7.62,8.8,100,100
2026-02-10T21:00,1.4,1.4,0.0,0.0,7.34,8.69,100,99
2026-02-10T22:00,1.5,1.5,0.0,0.0,6.82,8.12,98,99
2026-02-10T23:00,1.5,1.6,0.0,0.0,6.15,7.65,98,95
2026-02-11T00:00,1.9,1.9,0.0,0.0,6.09,6.18,100,100
2026-02-11T01:00,1.9,1.9,0.0,0.0,5.97,6.3,100,98
2026-02-11T02:00,1.9,2.0,0.0,0.0,5.57,5.75,100,100
2026-02-11T03:00,1.7,2.1,0.0,0.0,5.11,5.45,100,100
2026-02-11T04:00,1.8,2.0,0.0,0.0,5.32,5.65,100,100
2026-02-11T05:00,1.7,2.0,0.0,0.0,4.72,5.87,100,100
2026-02-11T06:00,1.5,1.2,0.0,0.0,7.27,6.97,100,100
2026-02-11T07:00,1.5,1.2,0.0,0.0,6.04,7.0,100,100
2026-02-11T08:00,1.4,1.3,5.0,8.0,6.17,7.28,100,100
2026-02-11T09:00,1.7,1.5,17.0,32.0,4.92,7.26,100,100
2026-02-11T10:00,1.9,1.9,32.0,58.0,5.9,5.7,100,100
2026-02-11T11:00,2.3,2.1,78.0,68.0,5.28,5.28,100,100
2026-02-11T12:00,2.3,2.5,59.0,48.0,5.79,5.45,99,100
2026-02-11T13:00,2.5,2.5,61.0,47.0,5.21,5.47,100,100
2026-02-11T14:00,2.5,2.4,51.0,41.0,5.31,5.92,100,100
2026-02-11T15:00,2.2,2.3,28.0,36.0,5.57,5.82,100,99
2026-02-11T16:00,2.0,2.0,9.0,12.0,5.74,5.68,100,100
2026-02-11T17:00,1.7,1.7,0.0,0.0,6.11,6.04,100,100
2026-02-11T18:00,1.5,1.9,0.0,0.0,7.19,7.84,100,100
2026-02-11T19:00,1.3,1.7,0.0,0.0,7.16,7.95,100,100
2026-02-11T20:00,1.2,1.7,0.0,0.0,6.86,8.24,100,100
2026-02-11T21:00,1.2,1.6,0.0,0.0,7.41,8.46,100,100
2026-02-11T22:00,1.2,1.7,0.0,0.0,7.97,8.28,100,100
2026-02-11T23:00,1.2,1.7,0.0,0.0,7.6,8.46,100,100
2026-02-12T00:00,1.5,0.9,0.0,0.0,7.76,7.07,100,100
2026-02-12T01:00,1.5,0.9,0.0,0.0,7.95,7.66,100,100
2026-02-12T02:00,1.5,1.0,0.0,0.0,7.86,7.85,100,100
2026-02-12T03:00,1.3,1.0,0.0,0.0,8.26,8.43,100,100
2026-02-12T04:00,1.3,1.0,0.0,0.0,7.98,8.63,100,100
2026-02-12T05:00,1.3,1.1,0.0,0.0,8.34,9.26,100,100
2026-02-12T06:00,1.2,1.6,0.0,0.0,8.52,7.13,100,100
2026-02-12T07:00,1.3,1.7,0.0,0.0,8.24,6.63,100,100
2026-02-12T08:00,1.4,1.8,4.0,9.0,8.24,6.04,100,100
2026-02-12T09:00,1.5,2.0,13.0,28.0,6.78,5.96,100,100
2026-02-12T10:00,1.7,2.5,22.0,60.0,6.42,5.61,100,100
2026-02-12T11:00,1.9,2.9,36.0,84.0,5.74,5.22,100,100
2026-02-12T12:00,1.8,2.3,36.0,70.0,5.62,7.51,100,100
2026-02-12T13:00,2.0,2.3,44.0,57.0,5.44,7.16,100,100
2026-02-12T14:00,2.0,2.3,31.0,47.0,5.56,6.9,100,100
2026-02-12T15:00,2.0,2.1,28.0,28.0,5.8,6.62,100,100
2026-02-12T16:00,1.7,2.0,8.0,11.0,6.88,6.36,100,100
2026-02-12T17:00,1.5,1.7,0.0,0.0,6.63,6.42,100,100
2026-02-12T18:00,1.4,1.3,0.0,0.0,6.81,4.93,100,100
2026-02-12T19:00,0.9,1.1,0.0,0.0,7.27,4.96,100,100
2026-02-12T20:00,0.4,1.0,0.0,0.0,7.85,5.28,100,100
2026-02-12T21:00,0.5,0.9,0.0,0.0,9.32,6.08,100,100
2026-02-12T22:00,0.5,0.8,0.0,0.0,9.6,6.92,100,100
2026-02-12T23:00,0.4,0.7,0.0,0.0,9.04,7.93,100,100
2026-02-13T00:00,0.3,4.5,0.0,0.0,8.82,8.11,100,99
2026-02-13T01:00,0.2,4.7,0.0,0.0,8.19,7.85,97,99
2026-02-13T02:00,0.1,4.5,0.0,0.0,8.04,6.51,100,98
2026-02-13T03:00,0.0,4.5,0.0,0.0,7.72,6.8,99,100
2026-02-13T04:00,-0.2,4.7,0.0,0.0,8.63,8.49,100,100
2026-02-13T05:00,-0.3,4.5,0.0,0.0,8.32,6.25,100,100
2026-02-13T06:00,-0.4,0.9,0.0,0.0,7.84,6.64,99,98
2026-02-13T07:00,-0.5,0.6,0.0,0.0,7.51,9.28,100,95
2026-02-13T08:00,-0.6,0.3,19.0,16.0,7.12,9.25,100,97
2026-02-13T09:00,-0.6,-0.2,73.0,48.0,7.56,9.68,100,99
2026-02-13T10:00,-0.5,-0.2,116.0,84.0,7.22,9.43,100,97
2026-02-13T11:00,-0.4,-0.2,152.0,101.0,6.79,9.39,100,93
2026-02-13T12:00,-0.7,-0.7,125.0,95.0,6.93,8.04,100,100
2026-02-13T13:00,-0.7,-0.7,137.0,108.0,7.15,8.05,100,99
2026-02-13T14:00,-0.8,-0.8,119.0,95.0,7.16,8.29,100,96
2026-02-13T15:00,-1.0,-0.9,69.0,63.0,7.12,8.56,100,97
2026-02-13T16:00,-1.3,-1.2,31.0,26.0,7.15,9.1,100,98
2026-02-13T17:00,-1.6,-1.4,2.0,1.0,7.15,8.95,100,99
2026-02-13T18:00,-1.9,-1.7,0.0,0.0,7.74,7.55,97,100
2026-02-13T19:00,-2.1,-2.0,0.0,0.0,7.84,7.2,97,98
2026-02-13T20:00,-2.1,-2.2,0.0,0.0,7.48,7.07,98,99
2026-02-13T21:00,-2.5,-2.3,0.0,0.0,7.47,7.0,90,96
2026-02-13T22:00,-2.8,-2.3,0.0,0.0,7.91,7.21,89,99
2026-02-13T23:00,-2.9,-2.4,0.0,0.0,7.79,6.86,96,95
2026-02-14T00:00,-2.1,-1.8,0.0,0.0,6.53,7.35,91,99
2026-02-14T01:00,-2.2,-1.8,0.0,0.0,7.33,7.76,96,96
2026-02-14T02:00,-2.2,-1.9,0.0,0.0,6.89,7.42,100,97
2026-02-14T03:00,-1.4,-2.0,0.0,0.0,6.43,7.39,100,96
2026-02-14T04:00,-1.3,-2.1,0.0,0.0,6.25,7.49,100,98
2026-02-14T05:00,-1.4,-2.2,0.0,0.0,6.99,7.25,100,99
2026-02-14T06:00,-1.6,-2.2,0.0,0.0,7.21,6.18,100,97
2026-02-14T07:00,-1.7,-2.2,1.0,1.0,6.8,5.92,99,97
2026-02-14T08:00,-1.6,-2.0,33.0,42.0,6.41,5.39,100,89
2026-02-14T09:00,-1.5,-1.5,88.0,137.0,5.04,4.44,100,73
2026-02-14T10:00,-1.6,-0.9,125.0,225.0,5.58,4.43,100,73
2026-02-14T11:00,-1.4,-0.6,247.0,269.0,5.7,4.12,100,81
2026-02-14T12:00,-1.2,-1.1,208.0,297.0,5.61,4.68,100,83
2026-02-14T13:00,-1.0,-0.9,194.0,268.0,5.17,4.32,85,71
2026-02-14T14:00,-1.1,-0.8,187.0,222.0,4.86,4.21,100,81
2026-02-14T15:00,-1.0,-0.9,113.0,131.0,4.35,4.05,100,69
2026-02-14T16:00,-1.2,-1.2,44.0,54.0,3.97,3.7,100,79
2026-02-14T17:00,-1.6,-1.5,3.0,3.0,4.13,3.27,96,77
2026-02-14T18:00,-1.9,-2.5,0.0,0.0,3.81,4.52,81,63
2026-02-14T19:00,-2.5,-3.1,0.0,0.0,3.24,4.02,64,52
2026-02-14T20:00,-3.1,-3.8,0.0,0.0,3.04,2.78,60,38
2026-02-14T21:00,-3.6,-4.4,0.0,0.0,2.36,1.67,47,38
2026-02-14T22:00,-4.0,-4.8,0.0,0.0,1.24,1.58,33,48
2026-02-14T23:00,-4.6,-4.9,0.0,0.0,1.23,1.77,12,42
2026-02-15T00:00,-4.6,-3.5,0.0,0.0,1.28,1.0,3,42
2026-02-15T01:00,-5.1,-4.0,0.0,0.0,1.98,0.57,0,29
2026-02-15T02:00,-5.3,-4.3,0.0,0.0,2.47,0.69,0,31
2026-02-15T03:00,-4.8,-4.6,0.0,0.0,3.97,1.64,0,30
2026-02-15T04:00,-4.9,-4.9,0.0,0.0,4.47,2.26,0,0
2026-02-15T05:00,-5.1,-5.1,0.0,0.0,4.8,2.98,0,0
2026-02-15T06:00,-5.2,-4.7,0.0,0.0,5.98,5.59,76,34
2026-02-15T07:00,-5.2,-4.9,1.0,1.0,6.28,6.7,65,44
2026-02-15T08:00,-4.6,-4.4,59.0,55.0,7.21,8.13,3,100
2026-02-15T09:00,-3.8,-3.6,161.0,140.0,7.19,8.67,100,94
2026-02-15T10:00,-2.9,-2.8,252.0,242.0,6.82,7.28,99,81
2026-02-15T11:00,-2.1,-2.1,330.0,326.0,7.28,7.6,74,66
2026-02-15T12:00,-1.6,-1.6,309.0,305.0,7.77,7.65,100,97
2026-02-15T13:00,-1.4,-1.4,250.0,244.0,8.5,8.52,98,97
2026-02-15T14:00,-1.2,-1.1,193.0,188.0,8.76,9.21,93,96
2026-02-15T15:00,-1.2,-1.3,132.0,113.0,8.77,9.95,100,95
2026-02-15T16:00,-1.5,-1.6,55.0,52.0,9.19,10.35,96,85
2026-02-15T17:00,-1.7,-2.0,4.0,4.0,10.05,11.71,99,97
2026-02-15T18:00,-2.3,-2.3,0.0,0.0,11.18,13.17,69,100
2026-02-15T19:00,-2.6,-2.4,0.0,0.0,11.85,13.8,67,100
2026-02-15T20:00,-2.8,-2.4,0.0,0.0,12.54,13.47,100,100
2026-02-15T21:00,-2.9,-2.5,0.0,0.0,13.37,12.97,100,100
2026-02-15T22:00,-3.0,-2.5,0.0,0.0,13.03,12.98,100,100
2026-02-15T23:00,-3.1,-2.5,0.0,0.0,13.32,12.74,100,100
2026-02-16T00:00,-3.5,-2.8,0.0,0.0,13.6,13.45,100,100
2026-02-16T01:00,-3.4,-2.6,0.0,0.0,13.36,13.36,100,100
2026-02-16T02:00,-3.3,-2.7,0.0,0.0,13.33,13.51,100,100
2026-02-16T03:00,-3.6,-3.1,0.0,0.0,11.9,13.81,100,100
2026-02-16T04:00,-3.7,-3.1,0.0,0.0,12.15,13.7,100,100
2026-02-16T05:00,-3.7,-3.0,0.0,0.0,12.1,13.4,100,100
2026-02-16T06:00,-3.8,-3.8,0.0,0.0,11.92,14.32,100,100
2026-02-16T07:00,-3.9,-3.7,1.0,1.0,11.39,14.34,100,100
2026-02-16T08:00,-3.6,-3.3,25.0,19.0,10.92,14.28,100,100
2026-02-16T09:00,-3.1,-2.8,67.0,42.0,9.65,14.42,100,100
2026-02-16T10:00,-2.7,-2.1,111.0,69.0,9.17,14.44,100,100
2026-02-16T11:00,-2.3,-1.4,176.0,96.0,8.53,12.89,99,100
2026-02-16T12:00,-1.4,-1.1,137.0,124.0,7.94,8.82,100,100
2026-02-16T13:00,-0.9,-0.7,152.0,97.0,7.45,8.45,98,99
2026-02-16T14:00,-1.0,-0.4,111.0,80.0,7.28,8.09,100,100
2026-02-16T15:00,-1.2,0.0,54.0,49.0,7.56,6.48,100,100
2026-02-16T16:00,-1.3,0.4,32.0,21.0,7.72,5.42,100,100
2026-02-16T17:00,-1.2,0.9,2.0,1.0,7.83,6.62,100,98
2026-02-16T18:00,-2.4,-1.7,0.0,0.0,7.88,7.93,100,96
2026-02-16T19:00,-2.4,-1.6,0.0,0.0,7.8,7.78,100,100
2026-02-16T20:00,-2.4,-1.4,0.0,0.0,7.12,7.37,100,100
2026-02-16T21:00,-2.8,-1.1,0.0,0.0,7.42,6.79,100,100
2026-02-16T22:00,-2.7,-0.7,0.0,0.0,7.06,6.67,99,99
2026-02-16T23:00,-2.7,-0.3,0.0,0.0,6.03,6.12,98,98
2026-02-17T00:00,-2.9,0.1,0.0,0.0,5.42,5.03,98,100
2026-02-17T01:00,-3.0,0.7,0.0,0.0,5.21,5.51,98,100
2026-02-17T02:00,-3.1,1.0,0.0,0.0,5.21,6.22,99,100
2026-02-17T03:00,-2.7,1.0,0.0,0.0,4.17,7.15,100,99
2026-02-17T04:00,-2.7,1.1,0.0,0.0,4.77,7.84,100,99
2026-02-17T05:00,-2.6,1.2,0.0,0.0,4.69,8.59,98,93
2026-02-17T06:00,-2.6,1.1,0.0,0.0,5.78,7.56,99,100
2026-02-17T07:00,-2.6,1.4,1.0,1.0,5.22,9.21,100,100
2026-02-17T08:00,-2.4,1.6,26.0,31.0,4.87,9.96,98,97
2026-02-17T09:00,-2.7,1.7,68.0,78.0,5.58,10.64,99,100
2026-02-17T10:00,-2.3,2.0,119.0,115.0,4.57,11.28,100,98
2026-02-17T11:00,-1.9,2.3,137.0,171.0,3.92,10.04,100,100
2026-02-17T12:00,-0.8,2.9,198.0,167.0,2.63,9.82,87,90
2026-02-17T13:00,-0.4,3.5,224.0,222.0,2.15,9.65,100,86
2026-02-17T14:00,-0.2,3.5,144.0,192.0,2.77,10.6,98,76
2026-02-17T15:00,-0.3,3.3,109.0,131.0,3.4,10.16,98,80
2026-02-17T16:00,-0.3,2.7,46.0,60.0,3.64,10.1,100,78
2026-02-17T17:00,-0.5,2.0,3.0,5.0,4.65,9.22,100,100
2026-02-17T18:00,-0.8,-0.9,0.0,0.0,5.85,8.78,100,100
2026-02-17T19:00,-1.2,-1.7,0.0,0.0,5.98,10.33,100,100
2026-02-17T20:00,-1.4,-2.0,0.0,0.0,5.42,10.38,100,100
2026-02-17T21:00,-1.7,-1.8,0.0,0.0,5.87,9.63,100,99
2026-02-17T22:00,-2.0,-2.4,0.0,0.0,6.06,10.29,100,100
2026-02-17T23:00,-2.5,-2.6,0.0,0.0,6.94,9.24,96,100
2026-02-18T00:00,-3.0,-3.1,0.0,0.0,6.35,8.72,88,99
2026-02-18T01:00,-2.9,-3.7,0.0,0.0,5.52,9.26,99,83
2026-02-18T02:00,-2.9,-4.2,0.0,0.0,5.39,9.68,100,92
2026-02-18T03:00,-2.9,-4.3,0.0,0.0,5.94,8.43,99,49
2026-02-18T04:00,-3.2,-5.0,0.0,0.0,6.57,7.77,100,70
2026-02-18T05:00,-3.9,-5.7,0.0,0.0,6.27,7.12,73,52
2026-02-18T06:00,-5.9,-8.2,0.0,0.0,5.0,4.53,0,15
2026-02-18T07:00,-6.8,-8.9,3.0,3.0,3.73,3.5,0,0
2026-02-18T08:00,-6.2,-8.4,75.0,76.0,2.36,2.51,0,0
2026-02-18T09:00,-4.7,-6.3,199.0,198.0,2.32,2.98,0,22
2026-02-18T10:00,-2.8,-4.0,309.0,306.0,1.86,4.22,0,0
2026-02-18T11:00,-2.0,-2.5,383.0,382.0,1.85,4.66,0,0
2026-02-18T12:00,-1.3,-1.5,413.0,412.0,0.79,2.74,0,0
2026-02-18T13:00,-1.1,-0.7,392.0,385.0,1.2,3.72,0,57
2026-02-18T14:00,-1.1,-0.2,326.0,291.0,1.15,3.68,0,51
2026-02-18T15:00,-1.0,-0.1,223.0,187.0,1.45,4.96,0,54
2026-02-18T16:00,-1.6,-0.6,99.0,83.0,3.04,6.19,0,72
2026-02-18T17:00,-2.5,-1.0,9.0,7.0,4.12,7.53,0,78
2026-02-18T18:00,-2.9,-3.7,0.0,0.0,5.17,4.62,0,5
2026-02-18T19:00,-3.5,-4.5,0.0,0.0,5.68,4.0,0,36
2026-02-18T20:00,-3.9,-4.5,0.0,0.0,6.71,5.55,0,54
2026-02-18T21:00,-4.3,-4.0,0.0,0.0,7.21,6.63,0,73
2026-02-18T22:00,-4.4,-3.5,0.0,0.0,7.82,5.61,0,91
2026-02-18T23:00,-4.6,-3.4,0.0,0.0,7.76,4.61,31,67
2026-02-19T00:00,-4.8,-5.7,0.0,0.0,8.24,2.26,100,58
2026-02-19T01:00,-4.9,-5.5,0.0,0.0,8.94,2.5,100,63
2026-02-19T02:00,-5.1,-5.3,0.0,0.0,8.65,2.36,100,91
2026-02-19T03:00,-5.5,-5.1,0.0,0.0,8.47,2.7,100,100
2026-02-19T04:00,-5.6,-5.2,0.0,0.0,8.75,3.75,100,100
2026-02-19T05:00,-5.6,-5.0,0.0,0.0,9.58,5.61,100,100
2026-02-19T06:00,-6.1,-3.9,0.0,0.0,9.61,10.53,100,100
2026-02-19T07:00,-6.0,-3.6,3.0,3.0,10.72,11.09,100,100
2026-02-19T08:00,-5.3,-3.0,65.0,51.0,10.01,10.54,100,100
2026-02-19T09:00,-4.0,-2.1,131.0,152.0,9.57,9.04,100,100
2026-02-19T10:00,-2.7,-1.2,211.0,271.0,8.72,8.97,100,97
2026-02-19T11:00,-1.7,-0.7,272.0,325.0,8.43,9.74,100,94
2026-02-19T12:00,-0.8,0.0,313.0,283.0,8.65,9.52,100,100
2026-02-19T13:00,-0.2,0.5,304.0,282.0,9.71,10.03,100,100
2026-02-19T14:00,-0.1,0.7,201.0,264.0,10.2,10.4,100,84
2026-02-19T15:00,0.1,0.4,155.0,189.0,10.78,9.93,100,100
2026-02-19T16:00,-0.3,-0.1,74.0,78.0,10.39,9.83,99,100
2026-02-19T17:00,-1.0,-0.6,8.0,8.0,10.41,9.86,100,100
2026-02-19T18:00,-2.1,-0.8,0.0,0.0,10.24,11.86,100,89
2026-02-19T19:00,-2.8,-1.3,0.0,0.0,11.41,11.56,19,100
2026-02-19T20:00,-3.3,-1.6,0.0,0.0,10.29,10.67,100,100
2026-02-19T21:00,-4.2,-2.1,0.0,0.0,11.48,10.57,100,91
2026-02-19T22:00,-4.6,-2.4,0.0,0.0,10.17,10.62,100,96
2026-02-19T23:00,-4.8,-2.7,0.0,0.0,9.3,10.97,100,100
2026-02-20T00:00,-5.6,-3.6,0.0,0.0,9.1,10.89,100,90
2026-02-20T01:00,-5.9,-3.8,0.0,0.0,9.69,11.28,86,100
2026-02-20T02:00,-5.9,-3.8,0.0,0.0,9.54,10.39,95,100
2026-02-20T03:00,-6.8,-3.7,0.0,0.0,9.9,10.12,100,100
2026-02-20T04:00,-6.4,-3.7,0.0,0.0,9.43,10.48,100,100
2026-02-20T05:00,-6.2,-3.7,0.0,0.0,9.65,11.52,100,100
2026-02-20T06:00,-5.7,-3.6,0.0,0.0,9.54,11.98,99,100
2026-02-20T07:00,-5.5,-3.5,4.0,3.0,10.31,11.22,100,100
2026-02-20T08:00,-4.8,-3.1,57.0,50.0,10.6,11.86,100,88
2026-02-20T09:00,-3.8,-2.2,162.0,133.0,10.68,11.48,86,97
2026-02-20T10:00,-2.7,-1.3,233.0,189.0,10.98,11.75,91,100
2026-02-20T11:00,-1.2,-0.4,307.0,199.0,10.7,11.88,91,100
2026-02-20T12:00,0.1,0.2,308.0,214.0,10.61,12.2,100,100
2026-02-20T13:00,0.9,0.8,259.0,147.0,10.94,11.73,100,100
2026-02-20T14:00,1.1,1.4,132.0,80.0,11.05,12.13,100,100
2026-02-20T15:00,0.6,0.8,39.0,41.0,10.49,11.27,100,100
2026-02-20T16:00,0.2,1.2,18.0,21.0,10.2,11.47,100,100
2026-02-20T17:00,0.3,0.9,2.0,3.0,10.21,11.86,100,100
2026-02-20T18:00,0.6,1.3,0.0,0.0,10.18,11.99,100,100
2026-02-20T19:00,1.0,1.3,0.0,0.0,10.62,12.23,100,100
2026-02-20T20:00,1.2,1.4,0.0,0.0,11.15,12.5,100,100
2026-02-20T21:00,1.4,1.6,0.0,0.0,11.16,12.68,100,100
2026-02-20T22:00,1.6,1.9,0.0,0.0,11.61,13.01,100,100
2026-02-20T23:00,1.8,2.2,0.0,0.0,12.56,13.55,100,100
2026-02-21T00:00,2.1,2.6,0.0,0.0,13.03,14.05,100,100
2026-02-21T01:00,2.0,2.7,0.0,0.0,12.12,13.81,100,100
2026-02-21T02:00,2.3,3.0,0.0,0.0,11.71,14.19,100,99
2026-02-21T03:00,2.4,3.1,0.0,0.0,12.19,13.46,100,96
2026-02-21T04:00,2.8,3.5,0.0,0.0,12.47,13.76,100,92
2026-02-21T05:00,3.4,3.6,0.0,0.0,12.33,13.95,100,96
2026-02-21T06:00,3.5,4.0,0.0,0.0,10.74,14.19,100,86
2026-02-21T07:00,3.9,4.0,3.0,3.0,11.76,13.93,96,86
2026-02-21T08:00,4.0,4.1,30.0,49.0,11.47,13.19,92,75
2026-02-21T09:00,4.3,4.5,91.0,126.0,11.04,11.75,94,67
2026-02-21T10:00,4.7,5.3,108.0,215.0,10.79,10.63,88,69
2026-02-21T11:00,5.7,6.1,174.0,240.0,10.72,11.29,100,71
2026-02-21T12:00,6.0,6.6,110.0,233.0,11.68,11.79,100,80
2026-02-21T13:00,6.4,7.0,164.0,213.0,11.04,11.96,100,79
2026-02-21T14:00,5.9,6.9,121.0,173.0,13.43,11.35,100,88
2026-02-21T15:00,6.0,6.5,65.0,101.0,10.89,11.89,100,91
2026-02-21T16:00,5.4,5.8,40.0,47.0,10.0,11.72,100,100
2026-02-21T17:00,4.9,5.2,6.0,6.0,9.8,12.09,100,100
2026-02-21T18:00,4.8,4.3,0.0,0.0,10.02,10.88,100,100
2026-02-21T19:00,4.4,4.2,0.0,0.0,8.93,10.2,99,100
2026-02-21T20:00,4.2,4.3,0.0,0.0,8.26,10.08,100,100
2026-02-21T21:00,3.6,4.3,0.0,0.0,8.68,9.79,100,99
2026-02-21T22:00,4.0,4.4,0.0,0.0,8.03,8.02,100,100
2026-02-21T23:00,4.5,4.6,0.0,0.0,8.85,8.67,100,100
2026-02-22T00:00,6.2,5.2,0.0,0.0,9.66,10.74,100,100
2026-02-22T01:00,6.4,5.4,0.0,0.0,9.38,9.42,100,100
2026-02-22T02:00,6.6,5.5,0.0,0.0,8.94,10.4,100,100
2026-02-22T03:00,7.1,5.8,0.0,0.0,9.58,12.01,100,100
2026-02-22T04:00,7.1,6.3,0.0,0.0,9.38,12.4,100,100
2026-02-22T05:00,7.6,6.8,0.0,0.0,10.1,13.16,100,100
2026-02-22T06:00,7.8,5.7,0.0,0.0,10.23,12.62,100,100
2026-02-22T07:00,8.1,6.5,1.0,1.0,10.21,13.73,100,100
2026-02-22T08:00,7.8,7.3,7.0,6.0,9.99,13.63,100,100
2026-02-22T09:00,8.1,8.1,22.0,17.0,9.92,13.45,100,100
2026-02-22T10:00,8.2,8.5,30.0,26.0,9.08,13.38,100,100
2026-02-22T11:00,8.5,8.7,47.0,27.0,8.29,13.58,100,100
2026-02-22T12:00,9.1,8.9,38.0,31.0,9.61,11.93,100,100
2026-02-22T13:00,9.1,9.2,32.0,34.0,10.94,13.81,100,100
2026-02-22T14:00,9.0,8.9,22.0,22.0,11.49,15.13,100,100
2026-02-22T15:00,9.0,7.9,28.0,30.0,11.82,14.5,100,100
2026-02-22T16:00,8.4,7.6,14.0,28.0,11.96,14.7,100,100
2026-02-22T17:00,7.5,6.7,2.0,4.0,11.07,13.03,100,100
2026-02-22T18:00,6.7,5.5,0.0,0.0,10.99,12.35,100,60
2026-02-22T19:00,6.2,5.0,0.0,0.0,11.11,12.45,94,54
2026-02-22T20:00,6.1,4.7,0.0,0.0,10.55,12.42,97,59
2026-02-22T21:00,5.5,4.7,0.0,0.0,9.28,12.2,93,89
2026-02-22T22:00,5.6,4.8,0.0,0.0,9.34,11.57,99,100
2026-02-22T23:00,5.5,5.0,0.0,0.0,9.26,12.4,100,100
2026-02-23T00:00,6.2,6.2,0.0,0.0,12.53,11.36,100,100
2026-02-23T01:00,6.6,6.5,0.0,0.0,11.44,12.23,100,97
2026-02-23T02:00,6.6,6.7,0.0,0.0,11.39,12.7,100,87
2026-02-23T03:00,6.3,6.6,0.0,0.0,10.35,12.16,100,100
2026-02-23T04:00,5.8,6.6,0.0,0.0,10.94,12.8,95,100
2026-02-23T05:00,5.8,6.7,0.0,0.0,10.52,13.49,100,99
2026-02-23T06:00,6.3,5.8,0.0,0.0,11.34,12.79,98,99
2026-02-23T07:00,6.5,6.0,2.0,3.0,11.61,12.92,100,99
2026-02-23T08:00,6.7,6.3,21.0,30.0,11.85,12.96,100,97
2026-02-23T09:00,7.0,6.8,33.0,73.0,10.66,12.82,100,100
2026-02-23T10:00,7.6,7.2,101.0,88.0,12.31,12.49,100,100
2026-02-23T11:00,7.4,7.5,49.0,103.0,11.32,13.44,100,97
2026-02-23T12:00,7.3,7.3,77.0,158.0,12.76,12.76,100,100
2026-02-23T13:00,6.9,7.3,73.0,195.0,12.62,12.75,100,98
2026-02-23T14:00,7.0,6.6,91.0,144.0,12.74,12.05,99,99
2026-02-23T15:00,6.5,6.1,80.0,103.0,11.6,11.03,97,92
2026-02-23T16:00,6.1,5.6,42.0,57.0,10.64,10.97,100,96
2026-02-23T17:00,5.6,5.1,5.0,8.0,10.02,11.07,100,94
2026-02-23T18:00,5.2,4.9,0.0,0.0,10.35,10.1,100,91
2026-02-23T19:00,5.0,4.9,0.0,0.0,9.86,10.1,100,88
2026-02-23T20:00,4.9,4.9,0.0,0.0,9.78,10.78,96,92
2026-02-23T21:00,4.7,4.8,0.0,0.0,8.93,10.51,99,93
2026-02-23T22:00,4.4,4.8,0.0,0.0,8.66,10.19,93,99
2026-02-23T23:00,4.2,4.7,0.0,0.0,8.86,10.11,100,100
2026-02-24T00:00,4.1,4.4,0.0,0.0,8.94,9.99,91,99
2026-02-24T01:00,3.8,4.2,0.0,0.0,8.44,9.9,91,100
2026-02-24T02:00,3.2,4.0,0.0,0.0,7.72,9.32,71,87
2026-02-24T03:00,2.7,3.9,0.0,0.0,7.86,9.24,63,100
2026-02-24T04:00,2.3,3.8,0.0,0.0,7.22,8.25,94,99
2026-02-24T05:00,1.8,3.7,0.0,0.0,6.49,7.52,73,95
2026-02-24T06:00,2.6,3.1,0.0,0.0,4.09,6.1,85,100
2026-02-24T07:00,2.5,3.1,6.0,6.0,3.04,5.77,78,94
2026-02-24T08:00,3.1,3.8,64.0,62.0,3.14,5.45,85,98
2026-02-24T09:00,4.7,4.8,88.0,123.0,2.27,5.3,100,96
2026-02-24T10:00,5.2,6.0,125.0,174.0,2.47,3.59,100,100
2026-02-24T11:00,5.6,6.9,180.0,175.0,3.05,3.4,100,100
2026-02-24T12:00,6.6,8.0,186.0,217.0,3.56,3.61,100,93
2026-02-24T13:00,7.6,8.8,175.0,222.0,3.53,3.37,100,96
2026-02-24T14:00,8.0,9.0,172.0,167.0,3.77,3.46,99,94
2026-02-24T15:00,8.0,8.8,90.0,101.0,2.5,4.29,96,97
2026-02-24T16:00,7.8,8.3,51.0,47.0,3.56,4.62,94,95
2026-02-24T17:00,7.1,7.5,9.0,7.0,4.91,5.56,100,93
2026-02-24T18:00,6.7,7.4,0.0,0.0,4.91,6.24,100,96
2026-02-24T19:00,6.5,7.4,0.0,0.0,5.31,6.86,100,96
2026-02-24T20:00,6.4,7.5,0.0,0.0,5.49,7.45,100,100
2026-02-24T21:00,5.9,7.6,0.0,0.0,4.04,7.08,95,100
2026-02-24T22:00,5.7,7.7,0.0,0.0,4.62,6.99,100,100
2026-02-24T23:00,5.8,7.8,0.0,0.0,4.88,5.92,99,100
2026-02-25T00:00,6.4,7.6,0.0,0.0,5.0,5.88,100,100
2026-02-25T01:00,6.6,7.4,0.0,0.0,5.19,5.08,100,97
2026-02-25T02:00,6.8,7.1,0.0,0.0,5.54,4.13,100,95
2026-02-25T03:00,6.2,6.7,0.0,0.0,6.25,3.54,100,97
2026-02-25T04:00,6.2,6.7,0.0,0.0,5.35,4.44,98,89
2026-02-25T05:00,6.2,6.6,0.0,0.0,5.49,5.11,100,88
2026-02-25T06:00,6.3,7.3,0.0,0.0,7.84,7.21,76,72
2026-02-25T07:00,6.2,7.4,4.0,5.0,6.48,6.93,97,99
2026-02-25T08:00,6.7,7.9,47.0,58.0,6.18,6.91,79,74
2026-02-25T09:00,7.8,9.0,86.0,132.0,6.67,6.79,97,79
2026-02-25T10:00,8.8,10.5,140.0,236.0,6.04,5.49,89,59
2026-02-25T11:00,10.4,11.8,273.0,312.0,4.52,4.85,52,55
2026-02-25T12:00,11.9,12.8,344.0,358.0,4.71,5.3,50,63
2026-02-25T13:00,13.3,13.8,386.0,354.0,5.73,5.52,0,34
2026-02-25T14:00,13.9,14.1,329.0,328.0,6.09,5.88,53,14
2026-02-25T15:00,14.0,13.8,234.0,235.0,7.3,7.06,2,10
2026-02-25T16:00,12.8,12.7,118.0,116.0,8.06,8.24,0,5
2026-02-25T17:00,11.1,11.0,19.0,19.0,9.37,8.59,0,0
2026-02-25T18:00,9.6,9.8,0.0,0.0,9.9,10.79,0,12
2026-02-25T19:00,8.9,9.1,0.0,0.0,10.2,10.89,100,30
2026-02-25T20:00,8.3,8.6,0.0,0.0,10.12,10.7,97,98
2026-02-25T21:00,7.8,8.2,0.0,0.0,10.55,10.55,0,94
2026-02-25T22:00,7.5,7.9,0.0,0.0,10.71,10.24,0,47
2026-02-25T23:00,7.1,7.6,0.0,0.0,10.21,10.11,7,42
2026-02-26T00:00,7.0,7.3,0.0,0.0,9.91,10.15,0,33
2026-02-26T01:00,6.8,7.1,0.0,0.0,9.86,9.83,0,31
2026-02-26T02:00,6.7,6.9,0.0,0.0,9.54,10.1,13,31
2026-02-26T03:00,6.3,6.8,0.0,0.0,9.58,10.36,0,95
2026-02-26T04:00,6.2,6.8,0.0,0.0,10.15,10.56,0,55
2026-02-26T05:00,6.2,6.7,0.0,0.0,10.26,10.85,91,32
2026-02-26T06:00,6.0,7.3,0.0,0.0,10.43,10.33,62,99
2026-02-26T07:00,6.1,7.7,11.0,7.0,10.87,10.59,100,97
2026-02-26T08:00,6.9,8.3,80.0,44.0,10.47,10.66,98,99
2026-02-26T09:00,8.7,9.3,160.0,113.0,9.22,9.95,100,99
2026-02-26T10:00,9.8,10.2,190.0,171.0,8.35,8.84,100,96
2026-02-26T11:00,10.9,11.6,228.0,245.0,7.47,8.07,100,89
2026-02-26T12:00,12.0,12.0,281.0,234.0,6.73,9.32,100,89
2026-02-26T13:00,13.0,13.0,308.0,239.0,6.6,10.08,71,91
2026-02-26T14:00,13.8,13.1,311.0,197.0,6.61,10.56,14,100
2026-02-26T15:00,14.3,12.7,230.0,130.0,7.12,9.95,81,91
2026-02-26T16:00,13.5,11.9,74.0,61.0,6.95,9.81,100,90
2026-02-26T17:00,12.4,11.0,10.0,14.0,7.55,10.32,85,79
2026-02-26T18:00,11.7,10.7,0.0,0.0,8.87,10.25,99,84
2026-02-26T19:00,11.3,10.1,0.0,0.0,10.64,9.9,100,83
2026-02-26T20:00,10.9,9.7,0.0,0.0,10.76,9.07,96,85
2026-02-26T21:00,10.0,9.3,0.0,0.0,7.43,10.26,95,96
2026-02-26T22:00,9.5,9.2,0.0,0.0,7.42,10.98,99,100
2026-02-26T23:00,9.2,9.1,0.0,0.0,7.16,9.5,100,100
2026-02-27T00:00,9.4,9.1,0.0,0.0,9.86,9.5,100,100
2026-02-27T01:00,9.5,9.0,0.0,0.0,11.16,9.76,100,100
2026-02-27T02:00,9.1,8.9,0.0,0.0,11.25,10.21,100,100
2026-02-27T03:00,9.2,8.7,0.0,0.0,11.25,10.95,100,100
2026-02-27T04:00,9.0,8.6,0.0,0.0,11.17,10.57,100,100
2026-02-27T05:00,9.0,8.6,0.0,0.0,11.1,10.77,100,100
2026-02-27T06:00,8.9,9.5,0.0,0.0,11.28,12.56,100,100
2026-02-27T07:00,8.8,9.7,11.0,10.0,10.57,12.98,100,90
2026-02-27T08:00,9.7,10.0,45.0,71.0,10.26,12.55,100,100
2026-02-27T09:00,11.0,10.8,174.0,141.0,11.04,12.01,100,100
2026-02-27T10:00,12.0,11.9,196.0,249.0,8.77,10.6,77,100
2026-02-27T11:00,13.2,13.1,246.0,306.0,7.78,13.51,66,97
2026-02-27T12:00,14.1,13.4,290.0,269.0,9.29,10.71,61,74
2026-02-27T13:00,14.7,14.1,241.0,278.0,8.35,9.2,13,100
2026-02-27T14:00,15.5,13.3,302.0,85.0,7.67,9.31,100,98
2026-02-27T15:00,15.7,12.4,240.0,54.0,7.02,9.33,38,100
2026-02-27T16:00,14.7,11.5,125.0,12.0,5.85,9.29,66,99
2026-02-27T17:00,13.4,10.8,22.0,2.0,4.71,8.95,70,100
2026-02-27T18:00,11.4,11.5,0.0,0.0,4.84,5.19,100,91
2026-02-27T19:00,10.6,10.1,0.0,0.0,4.27,5.17,89,100
2026-02-27T20:00,10.3,9.5,0.0,0.0,2.64,3.37,98,95
2026-02-27T21:00,9.8,9.2,0.0,0.0,0.9,1.86,92,96
2026-02-27T22:00,9.5,9.0,0.0,0.0,1.67,2.7,92,98
2026-02-27T23:00,9.2,9.2,0.0,0.0,3.29,3.76,100,98
2026-02-28T00:00,9.9,10.3,0.0,0.0,6.79,7.75,100,99
2026-02-28T01:00,9.8,10.3,0.0,0.0,6.69,9.34,100,100
2026-02-28T02:00,9.8,10.2,0.0,0.0,6.4,10.27,100,99
2026-02-28T03:00,9.8,10.2,0.0,0.0,7.76,10.03,100,100
2026-02-28T04:00,9.9,10.2,0.0,0.0,7.8,10.34,100,100
2026-02-28T05:00,9.7,10.4,0.0,0.0,7.23,10.85,100,100
2026-02-28T06:00,9.8,10.2,0.0,0.0,9.03,10.61,100,100
2026-02-28T07:00,10.0,10.1,3.0,4.0,8.35,9.09,100,100
2026-02-28T08:00,10.5,10.5,27.0,39.0,8.97,10.75,100,94
2026-02-28T09:00,11.0,11.3,52.0,139.0,9.32,10.08,100,94
2026-02-28T10:00,12.2,11.8,145.0,176.0,9.3,10.64,98,100
2026-02-28T11:00,13.2,12.2,240.0,233.0,10.06,9.92,98,98
2026-02-28T12:00,13.2,12.9,323.0,294.0,9.77,10.64,100,95
2026-02-28T13:00,13.5,12.7,292.0,204.0,11.11,11.77,83,100
2026-02-28T14:00,13.3,12.3,249.0,154.0,11.68,11.71,59,100
2026-02-28T15:00,12.8,12.1,168.0,134.0,9.87,11.39,100,97
2026-02-28T16:00,12.1,11.5,65.0,71.0,10.08,12.74,96,95
2026-02-28T17:00,11.4,10.6,13.0,14.0,11.26,12.96,95,99
2026-02-28T18:00,10.6,9.2,0.0,0.0,13.2,14.93,68,77
2026-02-28T19:00,10.5,8.3,0.0,0.0,13.19,16.09,93,64
2026-02-28T20:00,9.9,7.9,0.0,0.0,14.21,16.84,97,100
2026-02-28T21:00,8.5,7.2,0.0,0.0,13.74,18.33,100,93
2026-02-28T22:00,7.6,6.7,0.0,0.0,16.08,17.45,100,99
2026-02-28T23:00,7.1,6.0,0.0,0.0,16.88,15.99,100,94
2026-03-01T00:00,5.5,5.1,0.0,0.0,14.97,17.45,100,94
2026-03-01T01:00,5.2,5.0,0.0,0.0,14.66,14.7,100,79
2026-03-01T02:00,5.2,4.3,0.0,0.0,12.46,13.26,100,46
2026-03-01T03:00,4.7,4.0,0.0,0.0,11.6,12.75,89,65
2026-03-01T04:00,4.2,3.8,0.0,0.0,9.75,10.79,7,55
2026-03-01T05:00,3.6,3.5,0.0,0.0,9.87,10.19,46,50
2026-03-01T06:00,3.2,4.1,0.0,0.0,9.41,10.55,25,38
2026-03-01T07:00,3.4,3.6,14.0,19.0,7.7,8.73,84,65
2026-03-01T08:00,4.4,4.4,71.0,110.0,8.29,7.98,74,54
2026-03-01T09:00,5.5,5.7,176.0,160.0,6.79,7.19,57,93
2026-03-01T10:00,7.5,7.0,296.0,142.0,8.8,8.16,81,98
2026-03-01T11:00,8.5,8.2,298.0,275.0,8.52,7.64,49,54
2026-03-01T12:00,9.2,8.8,405.0,397.0,8.48,7.5,62,51
2026-03-01T13:00,10.0,9.6,409.0,398.0,7.77,7.43,0,50
2026-03-01T14:00,10.4,10.1,369.0,346.0,7.82,7.55,37,100
2026-03-01T15:00,10.5,10.0,266.0,193.0,6.8,7.85,16,93
2026-03-01T16:00,9.8,9.4,139.0,97.0,7.32,8.72,46,82
2026-03-01T17:00,8.4,8.5,27.0,23.0,7.57,10.65,89,85
2026-03-01T18:00,8.1,7.2,0.0,0.0,9.6,9.03,70,99
2026-03-01T19:00,7.7,6.7,0.0,0.0,10.3,10.17,86,85
2026-03-01T20:00,7.5,6.4,0.0,0.0,10.48,10.41,93,84
2026-03-01T21:00,7.4,6.3,0.0,0.0,8.79,11.16,100,84
2026-03-01T22:00,7.6,6.3,0.0,0.0,10.47,11.81,100,83
2026-03-01T23:00,7.7,6.4,0.0,0.0,10.87,11.96,100,91
2026-03-02T00:00,7.4,6.4,0.0,0.0,10.61,11.26,99,87
2026-03-02T01:00,7.5,6.3,0.0,0.0,9.98,10.6,100,84
2026-03-02T02:00,7.4,6.3,0.0,0.0,9.1,10.46,100,85
2026-03-02T03:00,7.3,6.3,0.0,0.0,8.51,10.19,97,96
2026-03-02T04:00,7.3,6.4,0.0,0.0,8.39,9.66,100,98
2026-03-02T05:00,7.1,6.5,0.0,0.0,8.45,9.07,95,95
2026-03-02T06:00,6.1,6.9,0.0,0.0,7.66,8.17,90,91
2026-03-02T07:00,5.9,6.9,17.0,8.0,7.82,7.41,87,97
2026-03-02T08:00,6.6,7.2,103.0,31.0,7.36,6.72,75,94
2026-03-02T09:00,8.2,7.7,199.0,61.0,6.86,6.75,83,94
2026-03-02T10:00,9.6,8.5,292.0,119.0,5.33,6.93,76,88
2026-03-02T11:00,10.7,10.0,298.0,253.0,5.73,5.21,84,97
2026-03-02T12:00,11.9,11.8,413.0,385.0,5.0,4.86,41,68
2026-03-02T13:00,12.6,12.7,361.0,409.0,4.8,4.52,100,14
2026-03-02T14:00,12.9,13.2,246.0,365.0,4.31,4.59,83,17
2026-03-02T15:00,13.6,13.0,259.0,260.0,4.32,4.37,54,100
2026-03-02T16:00,12.8,12.0,138.0,133.0,4.71,4.41,100,55
2026-03-02T17:00,11.1,10.3,30.0,30.0,5.02,5.07,93,17
2026-03-02T18:00,10.1,9.1,0.0,0.0,5.86,7.85,100,95
2026-03-02T19:00,9.1,8.4,0.0,0.0,7.04,8.33,100,88
2026-03-02T20:00,8.6,7.8,0.0,0.0,8.09,8.82,100,76
2026-03-02T21:00,8.2,7.4,0.0,0.0,8.75,9.16,100,5
2026-03-02T22:00,7.8,7.1,0.0,0.0,8.92,9.69,100,4
2026-03-02T23:00,7.5,6.9,0.0,0.0,8.64,9.84,100,13
2026-03-03T00:00,7.4,6.6,0.0,0.0,8.53,8.99,100,0
2026-03-03T01:00,6.9,6.3,0.0,0.0,8.12,8.72,100,0
2026-03-03T02:00,6.5,6.0,0.0,0.0,7.77,8.49,77,0
2026-03-03T03:00,5.8,5.7,0.0,0.0,7.65,8.1,0,1
2026-03-03T04:00,5.5,5.4,0.0,0.0,7.41,7.8,1,0
2026-03-03T05:00,5.2,5.1,0.0,0.0,7.14,7.74,0,0
2026-03-03T06:00,5.2,4.8,0.0,0.0,6.92,7.41,36,0
2026-03-03T07:00,5.1,4.8,22.0,22.0,6.87,7.11,0,0
2026-03-03T08:00,6.2,6.1,119.0,123.0,6.37,7.01,6,0
2026-03-03T09:00,8.2,8.0,241.0,245.0,5.61,6.47,0,0
2026-03-03T10:00,10.1,10.0,350.0,351.0,3.67,5.49,0,0
2026-03-03T11:00,11.9,11.7,419.0,422.0,3.63,3.81,54,0
2026-03-03T12:00,12.1,12.7,453.0,449.0,5.7,3.55,12,0
2026-03-03T13:00,11.4,13.6,429.0,431.0,6.48,3.03,27,0
2026-03-03T14:00,11.2,13.8,342.0,366.0,5.17,3.92,60,29
2026-03-03T15:00,10.8,12.4,260.0,260.0,4.83,4.45,19,4
2026-03-03T16:00,10.6,11.0,139.0,144.0,4.65,4.51,28,0
2026-03-03T17:00,9.0,9.0,31.0,33.0,6.1,4.44,60,4
2026-03-03T18:00,7.7,6.7,0.0,0.0,6.03,5.84,0,52
2026-03-03T19:00,6.4,6.1,0.0,0.0,6.57,6.94,0,38
2026-03-03T20:00,5.6,5.2,0.0,0.0,7.05,8.16,0,17
2026-03-03T21:00,5.0,4.6,0.0,0.0,6.3,8.79,14,21
2026-03-03T22:00,4.9,4.1,0.0,0.0,6.23,8.4,100,11
2026-03-03T23:00,4.7,3.5,0.0,0.0,6.33,8.27,59,100
2026-03-04T00:00,3.9,3.5,0.0,0.0,7.62,6.95,70,84
2026-03-04T01:00,3.3,3.2,0.0,0.0,7.18,6.9,95,96
2026-03-04T02:00,2.6,2.8,0.0,0.0,6.56,6.22,65,89
2026-03-04T03:00,2.3,2.3,0.0,0.0,5.72,5.65,76,55
2026-03-04T04:00,1.9,2.2,0.0,0.0,5.22,5.01,66,50
2026-03-04T05:00,1.5,1.9,0.0,0.0,5.52,4.76,54,51
2026-03-04T06:00,0.3,1.8,0.0,0.0,4.44,4.76,5,1
2026-03-04T07:00,0.3,1.7,25.0,26.0,3.82,4.3,0,0
2026-03-04T08:00,1.7,2.7,132.0,135.0,3.22,3.84,0,0
2026-03-04T09:00,3.9,4.2,256.0,262.0,2.65,2.98,4,0
2026-03-04T10:00,6.1,5.8,367.0,371.0,1.58,1.4,0,0
2026-03-04T11:00,8.1,7.3,442.0,447.0,1.57,1.31,0,0
2026-03-04T12:00,9.3,8.7,470.0,469.0,1.74,1.19,0,0
2026-03-04T13:00,10.1,9.5,451.0,450.0,1.95,1.21,0,0
2026-03-04T14:00,10.4,9.8,386.0,384.0,2.08,1.43,0,5
2026-03-04T15:00,10.3,9.8,279.0,280.0,2.45,1.88,14,0
2026-03-04T16:00,9.8,9.3,153.0,153.0,3.06,2.26,11,0
2026-03-04T17:00,7.8,7.8,38.0,36.0,3.85,2.94,4,0
2026-03-04T18:00,5.8,6.7,0.0,0.0,4.28,5.37,12,0
2026-03-04T19:00,4.6,5.7,0.0,0.0,6.08,6.18,17,0
2026-03-04T20:00,3.8,5.0,0.0,0.0,6.79,7.12,12,0
2026-03-04T21:00,3.3,4.5,0.0,0.0,7.29,7.45,0,0
2026-03-04T22:00,2.9,4.1,0.0,0.0,7.84,7.41,0,0
2026-03-04T23:00,2.6,3.8,0.0,0.0,7.92,7.63,0,0
2026-03-05T00:00,2.0,3.2,0.0,0.0,8.54,7.88,0,0
2026-03-05T01:00,2.0,3.0,0.0,0.0,8.35,7.6,0,0
2026-03-05T02:00,1.9,2.7,0.0,0.0,7.72,7.65,0,0
2026-03-05T03:00,1.4,2.6,0.0,0.0,8.02,7.96,0,0
2026-03-05T04:00,1.5,2.4,0.0,0.0,8.17,7.86,0,0
2026-03-05T05:00,1.3,2.2,0.0,0.0,7.86,7.98,0,0
2026-03-05T06:00,0.8,1.7,0.0,0.0,8.39,8.7,0,0
2026-03-05T07:00,1.2,2.0,27.0,28.0,8.32,8.72,0,0
2026-03-05T08:00,3.4,3.6,131.0,130.0,7.58,8.45,0,0
2026-03-05T09:00,6.4,5.9,255.0,253.0,5.3,7.5,0,0
2026-03-05T10:00,9.1,8.3,364.0,359.0,4.1,5.38,0,0
2026-03-05T11:00,11.4,10.5,437.0,432.0,4.22,4.46,0,0
2026-03-05T12:00,13.2,12.3,467.0,463.0,3.82,4.94,0,0
2026-03-05T13:00,14.4,13.6,449.0,445.0,3.6,4.57,0,0
2026-03-05T14:00,15.0,14.4,386.0,383.0,3.33,4.99,0,0
2026-03-05T15:00,15.1,14.4,285.0,281.0,4.02,5.28,0,0
2026-03-05T16:00,14.0,13.6,158.0,155.0,5.36,6.21,0,0
2026-03-05T17:00,11.5,11.4,40.0,38.0,7.1,8.15,0,0
2026-03-05T18:00,9.7,10.3,0.0,0.0,8.89,9.58,0,0
2026-03-05T19:00,8.5,9.2,0.0,0.0,9.64,10.77,0,0
2026-03-05T20:00,7.7,8.2,0.0,0.0,10.49,10.66,0,0
2026-03-05T21:00,6.6,7.4,0.0,0.0,9.68,10.33,0,0
2026-03-05T22:00,5.7,6.6,0.0,0.0,8.87,9.96,0,0
2026-03-05T23:00,5.0,5.8,0.0,0.0,8.46,9.03,0,0
2026-03-06T00:00,4.2,5.6,0.0,0.0,6.93,8.52,0,0
2026-03-06T01:00,3.6,5.0,0.0,0.0,6.23,7.51,0,0
2026-03-06T02:00,3.0,4.5,0.0,0.0,5.87,6.84,0,0
2026-03-06T03:00,2.6,4.1,0.0,0.0,6.27,6.84,0,0
2026-03-06T04:00,2.2,3.7,0.0,0.0,6.17,6.99,0,0
2026-03-06T05:00,2.0,3.5,0.0,0.0,5.88,6.48,0,0
2026-03-06T06:00,1.9,3.1,0.0,0.0,5.61,5.89,0,0
2026-03-06T07:00,2.1,3.3,31.0,31.0,5.02,5.95,0,0
2026-03-06T08:00,4.3,5.1,139.0,139.0,5.17,5.73,0,0
2026-03-06T09:00,7.7,7.4,264.0,263.0,4.78,5.39,16,0
2026-03-06T10:00,10.4,9.7,369.0,370.0,3.29,4.52,22,0
2026-03-06T11:00,12.8,11.9,434.0,444.0,3.38,2.89,56,0
2026-03-06T12:00,14.6,13.4,464.0,466.0,3.33,2.64,0,95
2026-03-06T13:00,15.7,14.6,458.0,442.0,2.77,2.77,0,100
2026-03-06T14:00,16.2,15.3,390.0,379.0,2.42,2.77,82,45
2026-03-06T15:00,16.3,15.4,283.0,286.0,1.71,3.06,10,1
2026-03-06T16:00,15.2,14.5,162.0,161.0,2.72,3.84,100,0
2026-03-06T17:00,12.5,12.2,42.0,41.0,4.7,4.44,0,0
2026-03-06T18:00,11.0,10.6,0.0,0.0,4.17,4.06,0,44
2026-03-06T19:00,9.3,9.2,0.0,0.0,5.03,4.85,0,58
2026-03-06T20:00,8.1,8.2,0.0,0.0,5.08,4.98,0,8
2026-03-06T21:00,7.2,7.4,0.0,0.0,4.62,5.0,54,1
2026-03-06T22:00,6.5,6.7,0.0,0.0,3.74,4.77,100,4
2026-03-06T23:00,6.0,6.2,0.0,0.0,3.66,4.12,45,92
2026-03-07T00:00,5.9,5.6,0.0,0.0,4.35,4.13,57,100
2026-03-07T01:00,5.4,5.4,0.0,0.0,4.12,3.67,28,28
2026-03-07T02:00,5.0,5.0,0.0,0.0,3.94,3.42,75,97
2026-03-07T03:00,5.1,4.8,0.0,0.0,3.77,2.76,93,77
2026-03-07T04:00,5.1,4.4,0.0,0.0,3.53,2.82,92,92
2026-03-07T05:00,4.8,4.2,0.0,0.0,3.2,2.29,69,71
2026-03-07T06:00,4.3,5.4,0.0,0.0,3.54,2.42,70,79
2026-03-07T07:00,4.5,5.5,28.0,24.0,2.94,2.6,38,76
2026-03-07T08:00,6.1,6.8,112.0,92.0,4.02,2.29,72,84
2026-03-07T09:00,8.5,9.0,240.0,202.0,2.95,2.18,32,77
2026-03-07T10:00,10.7,11.1,338.0,326.0,0.66,2.07,100,64
2026-03-07T11:00,12.1,12.8,355.0,392.0,4.02,1.18,99,73
2026-03-07T12:00,14.2,12.8,433.0,315.0,1.47,0.98,100,70
2026-03-07T13:00,14.3,13.7,375.0,308.0,2.73,0.79,97,67
2026-03-07T14:00,12.1,13.9,250.0,263.0,5.26,1.8,97,71
2026-03-07T15:00,12.5,13.4,207.0,189.0,5.01,2.22,100,63
2026-03-07T16:00,11.2,12.6,108.0,126.0,4.65,1.1,100,65
2026-03-07T17:00,9.5,10.3,31.0,35.0,4.37,2.04,100,68
2026-03-07T18:00,7.5,4.5,0.0,0.0,5.55,4.91,100,100
2026-03-07T19:00,6.8,4.3,0.0,0.0,5.2,4.22,100,100
2026-03-07T20:00,6.7,4.2,0.0,0.0,4.93,3.75,100,100
2026-03-07T21:00,6.5,4.2,0.0,0.0,4.08,2.86,100,100
2026-03-07T22:00,6.4,4.3,0.0,0.0,4.66,2.55,100,100
2026-03-07T23:00,6.2,4.2,0.0,0.0,4.4,2.63,100,100
2026-03-08T00:00,6.2,4.9,0.0,0.0,2.66,3.07,100,96
2026-03-08T01:00,6.1,4.8,0.0,0.0,3.28,3.21,100,98
2026-03-08T02:00,5.9,4.6,0.0,0.0,2.6,4.22,100,100
2026-03-08T03:00,5.7,4.6,0.0,0.0,1.02,3.92,100,100
2026-03-08T04:00,5.7,4.7,0.0,0.0,2.42,2.92,100,100
2026-03-08T05:00,5.7,4.7,0.0,0.0,2.26,2.5,99,100
2026-03-08T06:00,5.3,4.3,0.0,0.0,2.2,1.98,100,85
2026-03-08T07:00,5.4,4.6,19.0,21.0,3.21,1.97,100,91
2026-03-08T08:00,6.2,4.6,79.0,72.0,2.84,2.06,100,98
2026-03-08T09:00,10.3,4.8,157.0,116.0,4.34,1.97,100,100
2026-03-08T10:00,11.7,5.0,219.0,148.0,3.24,1.97,100,100
2026-03-08T11:00,13.2,5.9,284.0,205.0,3.51,1.96,100,99
2026-03-08T12:00,14.4,10.8,315.0,324.0,4.65,1.83,100,80
2026-03-08T13:00,15.3,12.0,347.0,377.0,4.87,1.98,100,52
2026-03-08T14:00,15.7,12.9,343.0,356.0,5.58,2.08,0,26
2026-03-08T15:00,15.6,13.1,265.0,281.0,5.71,2.6,66,19
2026-03-08T16:00,15.0,12.6,167.0,159.0,6.04,3.11,60,21
2026-03-08T17:00,12.4,10.8,48.0,45.0,6.71,4.47,44,11
2026-03-08T18:00,10.1,11.1,0.0,0.0,7.54,7.79,4,3
2026-03-08T19:00,8.5,9.7,0.0,0.0,7.94,8.68,5,0
2026-03-08T20:00,7.6,8.7,0.0,0.0,8.39,9.21,0,0
2026-03-08T21:00,7.4,7.8,0.0,0.0,8.04,9.32,0,0
2026-03-08T22:00,6.8,7.1,0.0,0.0,8.19,8.52,0,0
2026-03-08T23:00,6.2,6.5,0.0,0.0,8.98,7.7,0,0
2026-03-09T00:00,5.8,5.3,0.0,0.0,8.48,4.68,0,0
2026-03-09T01:00,5.2,4.8,0.0,0.0,7.96,4.53,0,0
2026-03-09T02:00,4.7,4.4,0.0,0.0,7.41,4.58,0,0
2026-03-09T03:00,4.1,3.9,0.0,0.0,7.33,4.57,0,0
2026-03-09T04:00,3.7,3.5,0.0,0.0,6.8,4.43,0,0
2026-03-09T05:00,3.3,3.0,0.0,0.0,6.21,4.65,0,0
2026-03-09T06:00,3.0,2.6,0.0,0.0,5.65,7.78,0,0
2026-03-09T07:00,3.4,3.0,41.0,41.0,5.31,7.46,0,0
2026-03-09T08:00,5.6,5.2,154.0,154.0,5.08,7.48,0,0
2026-03-09T09:00,8.0,8.0,282.0,282.0,4.17,6.93,0,0
2026-03-09T10:00,10.6,10.5,391.0,392.0,2.85,4.59,0,0
2026-03-09T11:00,12.8,12.7,466.0,466.0,3.19,3.83,0,0
2026-03-09T12:00,14.6,14.4,496.0,494.0,3.35,2.55,0,0
2026-03-09T13:00,15.4,15.6,477.0,475.0,3.19,2.45,0,0
2026-03-09T14:00,16.0,16.3,412.0,411.0,3.14,2.4,0,0
2026-03-09T15:00,16.2,16.4,309.0,308.0,3.05,2.16,0,0
2026-03-09T16:00,15.6,15.8,179.0,179.0,2.52,2.09,0,6
2026-03-09T17:00,13.5,13.6,54.0,53.0,2.76,2.43,0,11
2026-03-09T18:00,10.1,10.8,0.0,0.0,3.97,3.04,0,0
2026-03-09T19:00,8.7,8.3,0.0,0.0,4.1,3.77,0,0
2026-03-09T20:00,7.8,7.1,0.0,0.0,3.29,4.08,0,0
2026-03-09T21:00,7.0,6.2,0.0,0.0,3.04,4.08,0,0
2026-03-09T22:00,6.0,5.3,0.0,0.0,2.59,4.03,0,0
2026-03-09T23:00,5.0,4.5,0.0,0.0,2.59,4.43,0,2
2026-03-10T00:00,4.3,4.3,0.0,0.0,4.69,4.5,13,14
2026-03-10T01:00,3.2,3.8,0.0,0.0,5.55,4.43,100,51
2026-03-10T02:00,4.1,3.2,0.0,0.0,4.96,4.28,100,29
2026-03-10T03:00,3.1,2.9,0.0,0.0,5.49,5.11,100,70
2026-03-10T04:00,3.9,3.2,0.0,0.0,5.24,5.37,100,100
2026-03-10T05:00,4.2,3.6,0.0,0.0,5.39,4.56,100,100
2026-03-10T06:00,5.3,4.7,0.0,0.0,5.27,5.13,100,100
2026-03-10T07:00,5.5,4.7,10.0,17.0,3.95,4.64,100,96
2026-03-10T08:00,5.9,4.5,38.0,59.0,2.37,4.02,100,100
2026-03-10T09:00,6.2,4.2,85.0,81.0,2.54,4.08,100,100
2026-03-10T10:00,6.9,4.7,143.0,92.0,2.41,3.47,100,100
2026-03-10T11:00,7.3,6.1,173.0,142.0,2.43,3.42,100,99
2026-03-10T12:00,8.8,9.4,170.0,241.0,1.33,4.04,100,87
2026-03-10T13:00,9.8,10.8,250.0,305.0,2.15,2.86,100,71
2026-03-10T14:00,11.8,12.6,278.0,288.0,0.71,4.44,0,89
2026-03-10T15:00,13.5,13.0,232.0,220.0,0.44,1.48,58,59
2026-03-10T16:00,13.6,13.0,173.0,140.0,1.15,3.47,48,80
2026-03-10T17:00,12.2,12.3,52.0,30.0,2.56,5.61,29,88
2026-03-10T18:00,10.7,11.5,0.0,0.0,1.71,6.0,100,74
2026-03-10T19:00,9.6,10.6,0.0,0.0,3.64,6.98,98,45
2026-03-10T20:00,9.7,10.2,0.0,0.0,5.39,9.68,100,97
2026-03-10T21:00,7.8,10.3,0.0,0.0,3.29,9.95,100,77
2026-03-10T22:00,7.7,10.0,0.0,0.0,4.57,10.44,100,81
2026-03-10T23:00,7.0,9.7,0.0,0.0,4.3,11.3,97,90
2026-03-11T00:00,6.5,9.6,0.0,0.0,5.71,8.42,60,87
2026-03-11T01:00,6.8,9.2,0.0,0.0,5.62,8.33,89,80
2026-03-11T02:00,7.0,9.1,0.0,0.0,7.23,9.44,85,87
2026-03-11T03:00,8.5,9.0,0.0,0.0,7.42,9.81,92,89
2026-03-11T04:00,8.6,8.9,0.0,0.0,9.33,9.46,85,82
2026-03-11T05:00,8.4,8.4,0.0,0.0,9.41,10.78,81,100
2026-03-11T06:00,7.7,8.4,0.0,0.0,9.74,10.3,91,90
2026-03-11T07:00,7.9,8.5,39.0,34.0,9.96,11.34,87,99
2026-03-11T08:00,9.1,9.4,109.0,61.0,10.1,10.91,100,100
2026-03-11T09:00,10.3,10.2,142.0,117.0,10.96,12.31,100,100
2026-03-11T10:00,10.6,10.6,117.0,102.0,11.36,10.92,100,100
2026-03-11T11:00,11.3,11.2,127.0,114.0,12.03,11.55,100,100
2026-03-11T12:00,11.2,12.0,155.0,117.0,13.51,11.26,100,100
2026-03-11T13:00,10.9,11.8,149.0,121.0,12.21,11.75,100,100
2026-03-11T14:00,10.6,11.5,80.0,88.0,11.83,11.83,100,100
2026-03-11T15:00,10.8,11.2,51.0,82.0,12.31,11.04,100,100
2026-03-11T16:00,10.3,10.8,23.0,26.0,10.24,10.69,100,100
2026-03-11T17:00,8.7,10.2,7.0,7.0,9.02,10.51,100,100
2026-03-11T18:00,7.8,8.4,0.0,0.0,9.31,9.13,100,100
2026-03-11T19:00,6.5,7.3,0.0,0.0,9.54,9.41,64,100
2026-03-11T20:00,5.8,6.7,0.0,0.0,9.46,9.41,100,100
2026-03-11T21:00,5.6,6.3,0.0,0.0,8.84,9.76,93,100
2026-03-11T22:00,5.2,5.9,0.0,0.0,9.12,10.44,100,100
2026-03-11T23:00,4.8,5.5,0.0,0.0,9.15,10.06,16,100
2026-03-12T00:00,4.0,5.0,0.0,0.0,9.48,11.48,30,20
2026-03-12T01:00,3.7,4.6,0.0,0.0,9.46,11.6,4,24
2026-03-12T02:00,3.4,4.3,0.0,0.0,9.58,11.65,9,23
2026-03-12T03:00,3.3,4.0,0.0,0.0,8.93,11.19,13,23
2026-03-12T04:00,2.9,3.7,0.0,0.0,8.85,11.36,7,55
2026-03-12T05:00,2.6,3.5,0.0,0.0,9.08,11.77,0,25
2026-03-12T06:00,2.4,3.1,1.0,1.0,9.59,11.66,10,25
2026-03-12T07:00,3.2,3.7,56.0,56.0,10.12,11.85,0,25
2026-03-12T08:00,5.0,5.2,182.0,179.0,9.52,11.28,0,29
2026-03-12T09:00,7.3,7.1,315.0,309.0,8.64,8.45,0,28
2026-03-12T10:00,9.2,9.0,426.0,414.0,8.83,9.08,12,80
2026-03-12T11:00,10.8,10.5,491.0,480.0,10.11,10.62,100,45
2026-03-12T12:00,11.2,11.3,484.0,499.0,10.82,10.9,56,88
2026-03-12T13:00,11.7,11.9,463.0,475.0,10.76,10.82,87,39
2026-03-12T14:00,11.6,12.1,355.0,388.0,11.23,13.2,96,81
2026-03-12T15:00,11.1,12.0,232.0,303.0,12.19,13.26,100,98
2026-03-12T16:00,10.9,11.5,125.0,158.0,10.99,13.27,60,100
2026-03-12T17:00,9.7,10.8,57.0,50.0,11.44,12.19,65,100
2026-03-12T18:00,8.9,9.5,1.0,1.0,12.72,13.17,100,86
2026-03-12T19:00,7.8,8.5,0.0,0.0,12.16,13.32,96,89
2026-03-12T20:00,7.3,7.9,0.0,0.0,13.55,13.73,66,83
2026-03-12T21:00,7.2,7.6,0.0,0.0,13.72,13.83,19,61
2026-03-12T22:00,7.0,7.7,0.0,0.0,14.03,14.97,46,38
2026-03-12T23:00,7.4,7.7,0.0,0.0,13.78,15.33,91,32
2026-03-13T00:00,7.2,7.6,0.0,0.0,15.07,14.26,88,76
2026-03-13T01:00,7.5,7.7,0.0,0.0,15.1,14.8,97,100
2026-03-13T02:00,7.4,7.9,0.0,0.0,15.51,14.86,100,100
2026-03-13T03:00,6.7,7.8,0.0,0.0,14.99,15.14,100,86
2026-03-13T04:00,6.2,7.2,0.0,0.0,15.2,15.45,24,59
2026-03-13T05:00,6.2,6.9,0.0,0.0,15.69,16.06,54,100
2026-03-13T06:00,6.9,8.2,1.0,1.0,15.74,16.66,100,100
2026-03-13T07:00,7.5,8.6,10.0,39.0,15.32,16.2,100,98
2026-03-13T08:00,8.1,9.8,16.0,114.0,15.76,16.14,100,97
2026-03-13T09:00,8.7,10.2,35.0,90.0,14.01,15.61,100,100
2026-03-13T10:00,9.4,10.4,53.0,61.0,13.01,14.61,100,100
2026-03-13T11:00,9.8,10.7,66.0,79.0,13.32,14.38,100,100
2026-03-13T12:00,10.0,8.8,62.0,72.0,12.56,10.81,100,100
2026-03-13T13:00,9.3,8.6,59.0,89.0,10.5,8.52,100,100
2026-03-13T14:00,8.6,8.8,91.0,108.0,7.94,8.43,100,100
2026-03-13T15:00,8.7,8.8,88.0,83.0,7.48,7.82,100,100
2026-03-13T16:00,8.4,8.5,63.0,55.0,7.02,7.05,100,100
2026-03-13T17:00,7.9,7.6,26.0,16.0,6.61,8.16,100,100
2026-03-13T18:00,7.1,7.6,1.0,0.0,8.05,7.14,100,96
2026-03-13T19:00,6.4,7.1,0.0,0.0,7.38,7.53,100,99
2026-03-13T20:00,5.9,6.8,0.0,0.0,7.3,9.03,100,100
2026-03-13T21:00,5.7,6.4,0.0,0.0,6.74,8.16,100,99
2026-03-13T22:00,5.4,6.0,0.0,0.0,6.92,7.79,100,100
2026-03-13T23:00,5.0,5.6,0.0,0.0,6.3,7.36,100,100
2026-03-14T00:00,4.3,5.1,0.0,0.0,4.7,6.52,100,100
2026-03-14T01:00,3.7,4.7,0.0,0.0,6.38,6.38,100,100
2026-03-14T02:00,3.6,4.5,0.0,0.0,5.53,6.25,100,100
2026-03-14T03:00,3.3,4.3,0.0,0.0,7.1,5.04,92,100
2026-03-14T04:00,3.0,4.2,0.0,0.0,6.46,4.62,98,100
2026-03-14T05:00,2.9,3.8,0.0,0.0,6.51,4.13,98,100
2026-03-14T06:00,2.6,4.0,1.0,1.0,6.25,3.65,100,100
2026-03-14T07:00,3.2,4.2,45.0,25.0,5.41,3.68,99,100
2026-03-14T08:00,4.3,4.7,132.0,71.0,4.55,3.33,100,100
2026-03-14T09:00,5.8,5.4,248.0,101.0,3.21,4.12,100,100
2026-03-14T10:00,6.8,6.3,251.0,122.0,2.86,3.82,100,100
2026-03-14T11:00,7.5,7.0,289.0,156.0,2.92,4.34,100,100
2026-03-14T12:00,6.7,7.1,136.0,179.0,3.53,1.77,100,100
2026-03-14T13:00,6.8,7.5,114.0,206.0,2.84,1.67,100,100
2026-03-14T14:00,6.5,7.6,73.0,162.0,4.65,2.05,100,100
2026-03-14T15:00,5.3,7.7,69.0,137.0,3.5,1.87,100,100
2026-03-14T16:00,5.3,7.5,40.0,89.0,3.73,1.18,100,100
2026-03-14T17:00,4.9,6.8,16.0,30.0,3.55,2.72,100,100
2026-03-14T18:00,4.4,6.0,1.0,1.0,1.77,2.81,100,100
2026-03-14T19:00,4.3,5.4,0.0,0.0,1.08,2.72,100,100
2026-03-14T20:00,4.1,5.0,0.0,0.0,0.44,2.05,100,100
2026-03-14T21:00,3.6,4.5,0.0,0.0,1.06,1.95,100,100
2026-03-14T22:00,3.5,4.0,0.0,0.0,1.08,2.42,100,98
2026-03-14T23:00,3.6,3.7,0.0,0.0,1.75,2.59,100,100
2026-03-15T00:00,2.9,4.2,0.0,0.0,3.24,2.54,100,100
2026-03-15T01:00,2.5,4.1,0.0,0.0,3.45,4.0,100,100
2026-03-15T02:00,2.5,4.0,0.0,0.0,3.88,4.52,100,100
2026-03-15T03:00,2.1,4.0,0.0,0.0,3.6,4.33,100,100
2026-03-15T04:00,1.9,3.9,0.0,0.0,4.13,4.82,100,100
2026-03-15T05:00,1.3,3.9,0.0,0.0,4.29,5.3,46,97
2026-03-15T06:00,1.5,3.4,2.0,2.0,4.91,5.37,66,71
2026-03-15T07:00,2.2,3.5,59.0,49.0,5.79,6.59,58,75
2026-03-15T08:00,3.8,4.2,161.0,127.0,5.48,5.48,70,83
2026-03-15T09:00,4.9,5.6,290.0,189.0,4.1,5.76,82,79
2026-03-15T10:00,5.4,6.9,316.0,300.0,4.84,5.59,85,56
2026-03-15T11:00,6.8,8.0,313.0,380.0,5.11,5.3,78,64
2026-03-15T12:00,7.7,8.4,346.0,418.0,5.71,6.07,98,65
2026-03-15T13:00,8.2,9.0,319.0,413.0,5.63,6.28,91,52
2026-03-15T14:00,8.9,9.4,329.0,376.0,6.38,6.1,49,27
2026-03-15T15:00,8.8,9.6,285.0,326.0,6.38,6.1,42,46
2026-03-15T16:00,8.4,9.3,198.0,195.0,6.78,6.88,52,46
2026-03-15T17:00,7.1,8.1,75.0,71.0,7.77,7.71,6,32
2026-03-15T18:00,5.7,6.4,4.0,3.0,8.92,7.86,0,27
2026-03-15T19:00,4.8,5.5,0.0,0.0,10.04,9.92,0,21
2026-03-15T20:00,4.3,4.9,0.0,0.0,11.0,11.07,29,1
2026-03-15T21:00,4.1,4.4,0.0,0.0,11.24,12.39,100,100
2026-03-15T22:00,4.1,4.4,0.0,0.0,11.28,12.75,100,100
2026-03-15T23:00,4.2,4.4,0.0,0.0,11.38,13.16,100,100
2026-03-16T00:00,4.4,4.8,0.0,0.0,12.16,13.54,100,100
2026-03-16T01:00,4.6,4.9,0.0,0.0,11.61,12.18,100,100
2026-03-16T02:00,4.7,4.8,0.0,0.0,12.82,13.13,100,100
2026-03-16T03:00,4.2,4.7,0.0,0.0,12.86,14.06,100,100
2026-03-16T04:00,4.5,4.4,0.0,0.0,12.47,13.53,99,100
2026-03-16T05:00,4.6,4.0,0.0,0.0,10.25,11.87,100,100
2026-03-16T06:00,4.6,3.9,1.0,0.0,10.34,11.0,100,100
2026-03-16T07:00,4.9,4.7,24.0,18.0,9.92,11.93,100,98
2026-03-16T08:00,5.9,5.9,106.0,98.0,9.69,11.66,98,75
2026-03-16T09:00,6.9,6.2,222.0,215.0,10.82,11.47,100,91
2026-03-16T10:00,7.5,6.3,321.0,206.0,11.99,10.88,100,100
2026-03-16T11:00,7.5,6.3,365.0,239.0,12.31,10.4,96,100
2026-03-16T12:00,8.3,7.1,500.0,296.0,11.45,11.01,55,100
2026-03-16T13:00,7.9,8.1,399.0,418.0,11.29,11.36,55,34
2026-03-16T14:00,7.9,8.1,352.0,431.0,12.03,10.57,90,33
2026-03-16T15:00,7.4,7.8,325.0,335.0,11.96,9.69,4,22
2026-03-16T16:00,6.8,7.2,222.0,210.0,10.22,8.72,0,33
2026-03-16T17:00,5.9,6.3,83.0,79.0,9.35,7.83,0,18
2026-03-16T18:00,4.6,5.1,4.0,4.0,8.87,8.55,100,0
2026-03-16T19:00,3.9,4.4,0.0,0.0,8.33,8.14,44,2
2026-03-16T20:00,3.5,3.9,0.0,0.0,8.43,7.79,12,5
2026-03-16T21:00,3.0,3.6,0.0,0.0,7.54,7.25,0,0
2026-03-16T22:00,2.6,3.3,0.0,0.0,7.2,6.53,44,12
2026-03-16T23:00,2.5,3.0,0.0,0.0,6.95,6.79,87,60
2026-03-17T00:00,2.7,4.0,0.0,0.0,7.04,9.02,83,97
2026-03-17T01:00,2.4,4.0,0.0,0.0,7.55,9.41,64,86
2026-03-17T02:00,2.2,4.2,0.0,0.0,7.23,9.15,62,92
2026-03-17T03:00,2.6,4.4,0.0,0.0,7.19,9.35,66,99
2026-03-17T04:00,2.8,4.7,0.0,0.0,7.34,9.78,100,99
2026-03-17T05:00,3.3,4.9,0.0,0.0,7.82,9.35,100,96
2026-03-17T06:00,3.3,4.7,1.0,1.0,8.08,8.53,100,98
2026-03-17T07:00,3.8,5.2,22.0,16.0,6.91,9.11,100,100
2026-03-17T08:00,4.5,5.7,63.0,34.0,7.68,8.71,100,100
2026-03-17T09:00,5.6,6.2,100.0,50.0,7.69,7.79,100,100
2026-03-17T10:00,6.4,6.8,118.0,59.0,6.27,7.89,100,100
2026-03-17T11:00,7.0,7.5,108.0,91.0,6.08,6.32,100,100
2026-03-17T12:00,7.1,8.3,81.0,154.0,6.77,4.65,100,100
2026-03-17T13:00,7.5,9.0,104.0,148.0,6.96,4.4,100,100
2026-03-17T14:00,8.2,9.2,169.0,114.0,6.47,4.5,98,98
2026-03-17T15:00,8.5,9.3,59.0,89.0,6.76,4.25,100,99
2026-03-17T16:00,8.3,9.1,32.0,51.0,7.26,4.8,100,100
2026-03-17T17:00,8.2,8.8,21.0,21.0,7.32,4.8,100,100
2026-03-17T18:00,8.5,7.6,1.0,1.0,7.11,8.12,100,93
2026-03-17T19:00,8.1,7.3,0.0,0.0,7.42,8.69,96,89
2026-03-17T20:00,7.8,7.1,0.0,0.0,8.46,8.92,93,94
2026-03-17T21:00,7.3,6.8,0.0,0.0,7.47,9.59,76,100
2026-03-17T22:00,6.8,6.5,0.0,0.0,8.37,10.09,81,100
2026-03-17T23:00,6.5,6.0,0.0,0.0,8.59,10.38,35,89
2026-03-18T00:00,6.0,6.8,0.0,0.0,9.25,9.99,60,68
2026-03-18T01:00,5.4,6.4,0.0,0.0,9.21,10.07,22,63
2026-03-18T02:00,4.8,6.0,0.0,0.0,9.23,9.57,14,55
2026-03-18T03:00,4.0,5.6,0.0,0.0,8.59,9.4,0,29
2026-03-18T04:00,3.3,5.2,0.0,0.0,8.62,9.65,3,17
2026-03-18T05:00,2.7,4.8,0.0,0.0,8.94,9.73,0,4
2026-03-18T06:00,2.5,4.2,5.0,4.0,8.8,9.01,10,24
2026-03-18T07:00,3.1,4.7,80.0,77.0,8.26,9.14,30,57
2026-03-18T08:00,5.0,6.2,210.0,199.0,7.94,8.71,91,48
2026-03-18T09:00,7.2,7.9,345.0,330.0,5.42,6.79,80,39
2026-03-18T10:00,9.2,9.7,455.0,441.0,4.8,5.42,70,75
2026-03-18T11:00,10.8,11.4,528.0,510.0,4.71,5.52,96,97
2026-03-18T12:00,11.7,12.5,518.0,538.0,4.62,5.31,95,23
2026-03-18T13:00,12.3,13.1,474.0,512.0,4.46,5.29,100,72
2026-03-18T14:00,12.6,13.3,412.0,427.0,4.17,4.52,96,94
2026-03-18T15:00,12.9,13.1,355.0,312.0,3.44,3.63,100,100
2026-03-18T16:00,12.4,12.4,217.0,170.0,2.77,2.94,72,100
2026-03-18T17:00,10.7,11.2,83.0,66.0,2.72,2.76,100,90
2026-03-18T18:00,8.8,9.7,5.0,4.0,4.45,2.43,100,83
2026-03-18T19:00,7.5,8.0,0.0,0.0,5.88,4.78,100,88
2026-03-18T20:00,6.9,7.1,0.0,0.0,6.49,6.18,100,90
2026-03-18T21:00,6.5,6.5,0.0,0.0,6.69,6.26,100,95
2026-03-18T22:00,6.1,5.9,0.0,0.0,6.5,5.98,95,53
2026-03-18T23:00,5.6,5.4,0.0,0.0,5.96,5.7,56,77
2026-03-19T00:00,4.5,5.0,0.0,0.0,5.27,6.01,26,23
2026-03-19T01:00,4.0,4.6,0.0,0.0,4.06,5.22,63,51
2026-03-19T02:00,3.6,4.2,0.0,0.0,3.65,4.71,45,0
2026-03-19T03:00,3.5,3.8,0.0,0.0,3.44,4.09,1,7
2026-03-19T04:00,3.3,3.5,0.0,0.0,2.51,3.69,0,2
2026-03-19T05:00,3.0,3.3,0.0,0.0,1.74,3.32,0,0
2026-03-19T06:00,3.8,2.2,6.0,6.0,2.15,1.32,0,1
2026-03-19T07:00,4.3,2.8,85.0,85.0,2.19,0.89,5,0
2026-03-19T08:00,5.9,4.9,216.0,217.0,2.26,0.88,1,6
2026-03-19T09:00,8.8,8.0,349.0,347.0,1.96,0.93,1,18
2026-03-19T10:00,11.1,10.2,455.0,458.0,1.58,0.84,30,30
2026-03-19T11:00,12.7,11.7,526.0,525.0,1.67,0.88,100,100
2026-03-19T12:00,13.5,12.8,542.0,523.0,2.59,2.19,81,100
2026-03-19T13:00,14.0,13.2,524.0,483.0,3.11,2.6,100,94
2026-03-19T14:00,13.6,13.3,408.0,433.0,4.15,3.6,100,99
2026-03-19T15:00,13.5,12.6,321.0,274.0,4.6,4.35,100,100
2026-03-19T16:00,12.6,11.1,175.0,116.0,5.04,5.41,100,100
2026-03-19T17:00,10.9,9.6,67.0,46.0,5.41,5.66,100,100
2026-03-19T18:00,8.9,8.8,6.0,5.0,6.28,5.14,80,100
2026-03-19T19:00,7.7,8.0,0.0,0.0,5.77,6.58,95,70
2026-03-19T20:00,7.0,7.2,0.0,0.0,5.61,5.3,100,100
2026-03-19T21:00,6.9,6.8,0.0,0.0,7.18,5.85,100,95
2026-03-19T22:00,7.2,6.6,0.0,0.0,7.66,5.27,100,95
2026-03-19T23:00,6.4,6.4,0.0,0.0,7.21,4.95,29,93
2026-03-20T00:00,6.1,7.1,0.0,0.0,6.62,6.17,29,99
2026-03-20T01:00,4.3,7.2,0.0,0.0,5.61,5.52,0,100
2026-03-20T02:00,3.1,6.8,0.0,0.0,5.19,5.08,0,78
2026-03-20T03:00,1.5,6.0,0.0,0.0,5.31,4.46,63,79
2026-03-20T04:00,0.8,5.1,0.0,0.0,5.13,4.26,100,81
2026-03-20T05:00,1.2,4.1,0.0,0.0,4.63,3.97,100,79
2026-03-20T06:00,1.2,2.6,5.0,5.0,4.17,4.35,100,99
2026-03-20T07:00,1.8,2.8,47.0,52.0,2.73,3.4,100,100
2026-03-20T08:00,2.5,3.4,115.0,122.0,2.17,2.32,100,99
2026-03-20T09:00,4.0,5.0,201.0,213.0,2.24,2.36,100,100
2026-03-20T10:00,5.7,6.8,310.0,311.0,2.08,1.61,97,97
2026-03-20T11:00,8.0,8.2,463.0,429.0,2.02,1.47,89,95
2026-03-20T12:00,6.3,9.6,317.0,520.0,1.68,2.37,100,91
2026-03-20T13:00,7.6,10.5,372.0,498.0,2.06,2.26,98,91
2026-03-20T14:00,8.3,11.0,333.0,443.0,2.26,2.67,96,81
2026-03-20T15:00,9.9,10.9,352.0,327.0,2.79,2.96,51,85
2026-03-20T16:00,9.7,10.5,216.0,206.0,3.34,3.26,45,85
2026-03-20T17:00,8.7,9.5,89.0,84.0,4.17,3.98,42,82
2026-03-20T18:00,7.2,8.2,8.0,7.0,6.55,5.43,13,4
2026-03-20T19:00,5.2,6.7,0.0,0.0,6.22,6.32,7,5
2026-03-20T20:00,3.6,5.6,0.0,0.0,5.37,5.88,0,2
2026-03-20T21:00,3.7,4.7,0.0,0.0,6.54,5.15,13,0
2026-03-20T22:00,2.9,4.1,0.0,0.0,5.29,4.63,100,11
2026-03-20T23:00,3.2,3.4,0.0,0.0,3.54,3.92,100,9
2026-03-21T00:00,2.2,3.8,0.0,0.0,2.94,4.02,100,85
2026-03-21T01:00,2.5,3.7,0.0,0.0,2.46,3.83,100,89
2026-03-21T02:00,2.8,3.6,0.0,0.0,2.36,3.83,100,92
2026-03-21T03:00,3.1,3.7,0.0,0.0,2.88,4.13,100,100
2026-03-21T04:00,2.1,4.0,0.0,0.0,2.97,3.73,100,100
2026-03-21T05:00,1.2,4.0,0.0,0.0,3.23,3.14,100,100
2026-03-21T06:00,2.1,1.6,3.0,3.0,3.64,3.06,100,100
2026-03-21T07:00,1.9,1.9,34.0,26.0,3.23,2.76,100,100
2026-03-21T08:00,2.3,2.3,73.0,74.0,2.98,2.55,100,100
2026-03-21T09:00,3.9,2.6,116.0,107.0,3.34,2.17,100,100
2026-03-21T10:00,4.8,3.2,151.0,157.0,3.43,2.2,100,100
2026-03-21T11:00,6.2,4.1,222.0,188.0,3.63,2.67,100,100
2026-03-21T12:00,8.5,8.3,352.0,416.0,3.53,2.97,83,81
2026-03-21T13:00,9.5,9.5,412.0,480.0,3.92,3.2,84,40
2026-03-21T14:00,9.9,10.6,377.0,464.0,3.92,3.32,58,10
2026-03-21T15:00,11.0,11.0,262.0,368.0,4.19,4.1,79,27
2026-03-21T16:00,10.5,10.7,192.0,235.0,4.56,4.87,16,16
2026-03-21T17:00,9.6,9.7,97.0,98.0,5.95,6.14,13,29
2026-03-21T18:00,7.3,8.3,8.0,7.0,7.77,7.73,0,2
2026-03-21T19:00,5.7,6.1,0.0,0.0,8.21,8.7,0,0
2026-03-21T20:00,4.4,4.4,0.0,0.0,8.46,10.2,0,0
2026-03-21T21:00,3.0,3.3,0.0,0.0,7.98,10.3,0,0
2026-03-21T22:00,2.4,2.7,0.0,0.0,7.74,8.81,0,0
2026-03-21T23:00,1.9,2.3,0.0,0.0,7.86,8.0,0,0
2026-03-22T00:00,1.8,2.4,0.0,0.0,8.04,7.57,0,0
2026-03-22T01:00,1.8,2.3,0.0,0.0,8.33,7.69,0,0
2026-03-22T02:00,1.7,2.1,0.0,0.0,8.47,8.16,0,0
2026-03-22T03:00,1.0,1.8,0.0,0.0,7.45,7.21,0,0
2026-03-22T04:00,0.9,1.4,0.0,0.0,7.81,7.05,0,0
2026-03-22T05:00,0.8,1.2,0.0,0.0,8.06,7.2,0,0
2026-03-22T06:00,0.9,1.3,11.0,11.0,7.9,7.69,0,0
2026-03-22T07:00,2.5,2.6,103.0,105.0,7.61,7.0,0,0
2026-03-22T08:00,5.0,5.2,242.0,243.0,5.96,6.45,0,0
2026-03-22T09:00,7.6,7.6,383.0,380.0,5.41,3.83,0,0
2026-03-22T10:00,9.6,9.7,493.0,490.0,5.06,3.42,0,0
2026-03-22T11:00,11.5,11.6,563.0,562.0,4.84,2.88,0,0
2026-03-22T12:00,12.7,12.4,590.0,587.0,4.98,4.35,0,0
2026-03-22T13:00,13.5,13.2,569.0,566.0,4.85,4.39,0,0
2026-03-22T14:00,13.9,13.6,500.0,496.0,4.03,3.89,0,0
2026-03-22T15:00,14.0,13.5,390.0,387.0,3.63,3.64,0,0
2026-03-22T16:00,13.6,13.1,253.0,249.0,3.29,3.91,0,0
2026-03-22T17:00,12.5,11.8,108.0,106.0,3.51,4.57,0,0
2026-03-22T18:00,9.5,9.2,11.0,10.0,5.03,5.52,0,0
2026-03-22T19:00,7.6,7.5,0.0,0.0,5.75,6.7,0,0
2026-03-22T20:00,6.3,6.3,0.0,0.0,5.55,5.88,0,0
2026-03-22T21:00,5.6,5.6,0.0,0.0,5.76,6.24,0,0
2026-03-22T22:00,5.1,5.2,0.0,0.0,5.65,5.87,0,0
2026-03-22T23:00,4.6,4.7,0.0,0.0,5.17,5.26,0,0
2026-03-23T00:00,3.9,4.8,0.0,0.0,3.73,4.66,0,0
2026-03-23T01:00,3.6,4.3,0.0,0.0,2.88,4.16,0,0
2026-03-23T02:00,3.1,3.8,0.0,0.0,2.77,3.43,0,0
2026-03-23T03:00,3.3,3.4,0.0,0.0,2.77,3.1,0,0
2026-03-23T04:00,2.8,3.6,0.0,0.0,2.86,2.5,82,0
2026-03-23T05:00,2.5,2.8,0.0,0.0,2.67,2.46,100,100
2026-03-23T06:00,2.4,3.6,11.0,10.0,3.14,4.5,100,100
2026-03-23T07:00,3.6,4.7,99.0,71.0,3.82,4.86,88,100
2026-03-23T08:00,5.9,6.7,216.0,202.0,3.18,5.82,65,55
2026-03-23T09:00,8.5,8.6,376.0,345.0,2.8,4.35,100,76
2026-03-23T10:00,10.5,9.9,492.0,458.0,2.37,3.23,0,5
2026-03-23T11:00,11.8,11.2,566.0,559.0,3.51,2.95,22,26
2026-03-23T12:00,12.5,11.8,578.0,579.0,3.7,2.06,94,29
2026-03-23T13:00,12.5,12.4,487.0,554.0,4.03,2.01,100,60
2026-03-23T14:00,11.7,12.5,363.0,456.0,4.94,3.02,100,91
2026-03-23T15:00,13.0,12.2,321.0,336.0,4.1,3.34,99,97
2026-03-23T16:00,12.1,11.5,216.0,193.0,4.1,3.63,100,100
2026-03-23T17:00,10.9,10.4,88.0,82.0,4.3,3.61,98,100
2026-03-23T18:00,8.7,8.7,10.0,9.0,4.45,3.33,98,100
2026-03-23T19:00,7.2,7.6,0.0,0.0,3.6,2.67,100,100
2026-03-23T20:00,6.4,6.8,0.0,0.0,2.59,2.27,100,100
2026-03-23T21:00,4.9,6.3,0.0,0.0,2.29,2.64,89,100
2026-03-23T22:00,4.5,5.9,0.0,0.0,2.76,3.26,99,100
2026-03-23T23:00,4.1,5.9,0.0,0.0,3.67,4.35,100,100
2026-03-24T00:00,3.4,4.8,0.0,0.0,5.29,5.94,100,100
2026-03-24T01:00,3.5,5.2,0.0,0.0,6.11,6.77,100,100
2026-03-24T02:00,3.6,5.5,0.0,0.0,6.12,7.92,100,100
2026-03-24T03:00,2.6,5.6,0.0,0.0,5.59,8.06,100,100
2026-03-24T04:00,2.8,5.8,0.0,0.0,6.53,8.67,100,100
2026-03-24T05:00,3.2,5.9,0.0,0.0,7.87,9.17,100,100
2026-03-24T06:00,4.2,4.8,8.0,10.0,9.15,9.01,100,100
2026-03-24T07:00,5.3,5.7,58.0,58.0,8.95,9.85,100,100
2026-03-24T08:00,6.8,7.1,140.0,139.0,6.72,9.89,100,99
2026-03-24T09:00,9.0,8.8,211.0,235.0,8.11,7.84,100,97
2026-03-24T10:00,10.1,10.2,216.0,324.0,8.51,7.78,100,89
2026-03-24T11:00,10.9,11.3,177.0,362.0,9.43,8.31,100,98
2026-03-24T12:00,12.3,12.3,209.0,303.0,9.77,9.52,100,100
2026-03-24T13:00,12.9,12.6,257.0,281.0,10.44,9.53,100,100
2026-03-24T14:00,11.8,12.8,94.0,228.0,9.35,10.35,100,100
2026-03-24T15:00,12.1,12.5,66.0,117.0,9.44,10.19,100,100
2026-03-24T16:00,11.7,12.0,32.0,43.0,9.78,11.25,100,100
2026-03-24T17:00,11.2,11.5,18.0,20.0,10.27,10.95,100,100
2026-03-24T18:00,11.2,11.1,4.0,3.0,11.25,12.39,100,100
2026-03-24T19:00,11.2,10.9,0.0,0.0,11.65,13.1,100,99
2026-03-24T20:00,11.3,10.8,0.0,0.0,11.68,12.59,100,99
2026-03-24T21:00,11.3,10.7,0.0,0.0,12.07,12.66,100,100
2026-03-24T22:00,11.5,10.7,0.0,0.0,13.29,13.34,100,100
2026-03-24T23:00,11.5,10.5,0.0,0.0,13.8,13.95,100,97
2026-03-25T00:00,11.3,10.2,0.0,0.0,15.17,14.28,100,100
2026-03-25T01:00,11.1,10.3,0.0,0.0,15.76,15.11,100,100
2026-03-25T02:00,10.6,10.0,0.0,0.0,16.01,14.28,100,100
2026-03-25T03:00,9.9,9.6,0.0,0.0,16.09,15.01,100,100
2026-03-25T04:00,9.7,9.7,0.0,0.0,15.86,15.87,100,100
2026-03-25T05:00,9.0,9.4,0.0,0.0,15.93,15.64,100,100
2026-03-25T06:00,7.9,9.1,10.0,2.0,14.9,18.62,91,98
2026-03-25T07:00,7.5,8.7,67.0,37.0,15.47,16.93,73,100
2026-03-25T08:00,7.2,8.4,128.0,138.0,17.71,16.18,100,63
2026-03-25T09:00,5.7,8.3,174.0,210.0,16.82,19.3,99,97
2026-03-25T10:00,6.1,6.4,134.0,161.0,13.1,17.93,100,100
2026-03-25T11:00,7.6,5.0,239.0,146.0,17.28,19.56,100,100
2026-03-25T12:00,8.7,6.5,556.0,201.0,15.87,17.84,80,100
2026-03-25T13:00,8.4,6.8,429.0,262.0,16.24,18.17,5,100
2026-03-25T14:00,8.3,7.4,430.0,379.0,16.7,16.65,48,100
2026-03-25T15:00,6.8,7.3,297.0,328.0,14.41,15.8,98,96
2026-03-25T16:00,5.1,7.0,134.0,233.0,13.57,15.77,100,51
2026-03-25T17:00,4.2,6.6,47.0,104.0,15.02,14.45,100,42
2026-03-25T18:00,5.4,5.4,7.0,12.0,12.93,13.76,17,54
2026-03-25T19:00,4.7,5.0,0.0,0.0,10.97,13.42,68,62
2026-03-25T20:00,4.7,4.6,0.0,0.0,11.82,13.52,100,91
2026-03-25T21:00,4.8,4.3,0.0,0.0,12.97,13.03,72,58
2026-03-25T22:00,4.5,4.0,0.0,0.0,12.01,12.44,100,87
2026-03-25T23:00,4.6,4.0,0.0,0.0,11.82,12.15,87,70
2026-03-26T00:00,4.6,4.0,0.0,0.0,9.23,12.99,100,73
2026-03-26T01:00,4.1,4.1,0.0,0.0,8.6,13.0,100,90
2026-03-26T02:00,3.9,4.1,0.0,0.0,11.99,12.58,99,75
2026-03-26T03:00,3.3,3.9,0.0,0.0,13.5,13.85,100,85
2026-03-26T04:00,4.0,3.8,0.0,0.0,8.25,13.52,87,79
2026-03-26T05:00,3.6,3.5,0.0,0.0,10.2,13.2,94,75
2026-03-26T06:00,3.3,3.3,9.0,20.0,7.25,10.79,100,47
2026-03-26T07:00,4.6,3.4,73.0,108.0,11.25,10.7,100,100
2026-03-26T08:00,4.1,4.1,115.0,206.0,11.5,10.16,84,85
2026-03-26T09:00,3.2,5.7,116.0,330.0,8.51,11.44,100,64
2026-03-26T10:00,5.4,6.0,227.0,431.0,10.04,11.73,84,53
2026-03-26T11:00,6.2,6.2,360.0,549.0,13.3,12.01,83,29
2026-03-26T12:00,6.6,6.3,481.0,540.0,14.4,11.22,100,54
2026-03-26T13:00,6.5,6.7,529.0,560.0,12.54,11.12,34,30
2026-03-26T14:00,5.2,6.5,416.0,512.0,11.82,10.84,24,23
2026-03-26T15:00,4.2,6.2,336.0,401.0,13.19,10.72,100,42
2026-03-26T16:00,3.4,5.6,186.0,238.0,8.47,11.03,90,27
2026-03-26T17:00,2.6,5.2,91.0,119.0,9.44,10.23,97,45
2026-03-26T18:00,1.4,3.8,14.0,16.0,6.27,9.2,80,35
2026-03-26T19:00,2.0,3.2,0.0,0.0,6.59,9.05,85,45
2026-03-26T20:00,2.2,2.8,0.0,0.0,6.6,8.26,77,41
2026-03-26T21:00,2.0,2.5,0.0,0.0,7.62,8.03,81,40
2026-03-26T22:00,1.8,2.6,0.0,0.0,7.84,8.06,85,50
2026-03-26T23:00,1.5,2.7,0.0,0.0,7.56,8.11,39,41
2026-03-27T00:00,2.3,2.8,0.0,0.0,8.07,7.59,30,29
2026-03-27T01:00,2.0,2.5,0.0,0.0,8.08,8.86,17,22
2026-03-27T02:00,1.7,2.4,0.0,0.0,7.59,9.63,47,0
2026-03-27T03:00,1.4,2.2,0.0,0.0,7.42,8.8,3,0
2026-03-27T04:00,1.3,1.9,0.0,0.0,6.97,7.3,27,16
2026-03-27T05:00,1.3,1.8,0.0,0.0,7.1,6.15,3,51
2026-03-27T06:00,1.6,1.4,24.0,21.0,7.03,6.86,0,51
2026-03-27T07:00,2.7,2.3,142.0,130.0,6.23,6.4,0,19
2026-03-27T08:00,4.4,3.9,290.0,282.0,4.86,7.1,0,16
2026-03-27T09:00,5.5,5.6,429.0,422.0,3.99,5.52,41,0
2026-03-27T10:00,6.7,7.1,499.0,535.0,5.33,5.98,51,33
2026-03-27T11:00,7.3,7.8,456.0,577.0,4.57,5.68,83,42
2026-03-27T12:00,7.6,8.0,409.0,467.0,6.64,6.57,89,80
2026-03-27T13:00,8.1,8.3,432.0,433.0,6.94,6.45,46,59
2026-03-27T14:00,8.3,8.6,454.0,450.0,6.12,6.18,75,43
2026-03-27T15:00,8.1,8.8,358.0,370.0,5.49,5.88,67,40
2026-03-27T16:00,7.7,8.6,209.0,245.0,5.13,6.08,87,88
2026-03-27T17:00,7.0,8.2,103.0,94.0,6.8,6.17,100,73
2026-03-27T18:00,6.0,6.8,12.0,16.0,7.57,6.74,100,78
2026-03-27T19:00,5.4,5.9,0.0,0.0,8.88,8.3,99,96
2026-03-27T20:00,5.2,5.5,0.0,0.0,9.52,10.41,100,100
2026-03-27T21:00,5.5,5.4,0.0,0.0,9.87,11.22,100,100
2026-03-27T22:00,5.5,5.4,0.0,0.0,9.64,11.5,92,100
2026-03-27T23:00,5.6,5.4,0.0,0.0,10.34,11.32,97,100
2026-03-28T00:00,5.3,5.0,0.0,0.0,9.72,11.46,94,100
2026-03-28T01:00,5.1,4.9,0.0,0.0,10.07,11.17,97,100
2026-03-28T02:00,4.8,4.9,0.0,0.0,9.95,10.88,97,94
2026-03-28T03:00,4.8,4.8,0.0,0.0,9.73,10.51,100,98
2026-03-28T04:00,4.6,4.7,0.0,0.0,9.95,10.6,100,100
2026-03-28T05:00,4.5,4.5,0.0,0.0,8.72,9.65,99,99
2026-03-28T06:00,4.6,4.5,5.0,6.0,8.07,8.55,100,99
2026-03-28T07:00,5.0,4.6,30.0,27.0,6.85,7.72,99,99
2026-03-28T08:00,6.3,4.7,147.0,52.0,5.24,6.71,100,96
2026-03-28T09:00,6.3,5.1,144.0,94.0,3.63,5.3,100,99
2026-03-28T10:00,8.0,5.4,258.0,108.0,5.35,4.58,100,100
2026-03-28T11:00,8.2,5.9,236.0,116.0,6.86,3.72,100,100
2026-03-28T12:00,9.2,9.0,361.0,406.0,7.99,7.53,100,94
2026-03-28T13:00,8.9,9.0,457.0,442.0,9.1,8.29,100,83
2026-03-28T14:00,8.8,8.6,425.0,395.0,9.0,8.54,100,71
2026-03-28T15:00,8.2,8.1,365.0,355.0,10.14,8.77,69,78
2026-03-28T16:00,7.5,7.6,261.0,263.0,10.05,8.42,22,83
2026-03-28T17:00,6.8,7.0,134.0,124.0,8.87,8.29,0,74
2026-03-28T18:00,5.3,5.8,19.0,17.0,8.02,8.17,0,99
2026-03-28T19:00,4.2,4.9,0.0,0.0,6.93,8.12,0,98
2026-03-28T20:00,3.6,4.5,0.0,0.0,7.06,8.08,0,85
2026-03-28T21:00,3.2,4.1,0.0,0.0,5.88,7.41,0,6
2026-03-28T22:00,2.9,3.8,0.0,0.0,6.4,8.03,24,18
2026-03-28T23:00,2.7,3.7,0.0,0.0,7.3,8.29,0,10
2026-03-29T00:00,2.6,3.5,0.0,0.0,7.1,8.92,2,61
2026-03-29T01:00,2.9,3.5,0.0,0.0,6.39,8.62,64,45
2026-03-29T02:00,2.8,3.4,0.0,0.0,5.3,8.23,57,41
2026-03-29T03:00,2.5,3.2,0.0,0.0,6.58,8.73,9,43
2026-03-29T04:00,2.4,3.1,0.0,0.0,6.01,8.99,11,37
2026-03-29T05:00,2.2,3.0,0.0,0.0,5.14,9.88,18,39
2026-03-29T06:00,2.2,2.9,29.0,29.0,5.59,8.84,28,26
2026-03-29T07:00,3.9,4.2,150.0,147.0,6.27,9.6,0,21
2026-03-29T08:00,5.8,6.0,302.0,291.0,5.68,8.92,0,32
2026-03-29T09:00,7.7,7.6,436.0,377.0,6.42,9.32,88,81
2026-03-29T10:00,8.9,7.9,448.0,325.0,7.55,9.52,87,64
2026-03-29T11:00,9.5,8.7,486.0,438.0,8.24,8.69,83,54
2026-03-29T12:00,9.9,9.3,514.0,549.0,7.57,7.65,7,72
2026-03-29T13:00,10.1,9.4,512.0,471.0,8.15,9.81,25,60
2026-03-29T14:00,10.5,9.2,472.0,430.0,7.11,9.48,99,67
2026-03-29T15:00,9.6,9.4,348.0,301.0,9.72,8.58,100,100
2026-03-29T16:00,9.2,9.5,178.0,155.0,7.7,9.4,100,100
2026-03-29T17:00,8.7,9.3,67.0,71.0,8.87,10.9,100,100
2026-03-29T18:00,8.1,8.3,10.0,11.0,9.99,11.05,100,100
2026-03-29T19:00,7.2,7.6,0.0,0.0,9.59,10.88,100,100
2026-03-29T20:00,6.7,7.1,0.0,0.0,10.54,11.5,100,99
2026-03-29T21:00,5.7,6.8,0.0,0.0,14.37,12.17,100,100
2026-03-29T22:00,4.5,5.7,0.0,0.0,14.3,15.02,100,100
2026-03-29T23:00,4.1,4.4,0.0,0.0,14.47,14.42,100,100
2026-03-30T00:00,4.2,4.7,0.0,0.0,14.95,14.56,100,100
2026-03-30T01:00,4.3,5.0,0.0,0.0,13.74,13.28,100,100
2026-03-30T02:00,4.6,5.1,0.0,0.0,11.12,12.29,100,100
2026-03-30T03:00,4.5,5.0,0.0,0.0,9.71,12.03,100,100
2026-03-30T04:00,5.1,5.1,0.0,0.0,7.94,10.63,54,99
2026-03-30T05:00,5.0,5.2,0.0,0.0,10.84,9.51,10,100
2026-03-30T06:00,4.7,5.4,33.0,18.0,9.37,9.33,91,100
2026-03-30T07:00,5.7,5.5,150.0,76.0,8.17,9.95,84,100
2026-03-30T08:00,6.1,6.0,227.0,145.0,9.92,9.77,100,100
2026-03-30T09:00,8.0,6.7,403.0,285.0,10.3,10.33,66,100
2026-03-30T10:00,7.9,6.9,361.0,375.0,11.33,10.5,43,100
2026-03-30T11:00,8.1,7.8,320.0,444.0,10.69,10.99,78,60
2026-03-30T12:00,9.0,8.0,519.0,516.0,11.53,11.86,100,99
2026-03-30T13:00,8.7,8.2,385.0,510.0,11.66,11.71,95,83
2026-03-30T14:00,8.6,8.2,361.0,431.0,12.01,11.34,89,85
2026-03-30T15:00,8.1,7.5,281.0,349.0,11.12,11.34,60,100
2026-03-30T16:00,7.6,7.1,229.0,205.0,11.76,10.87,54,99
2026-03-30T17:00,7.0,6.7,118.0,95.0,10.8,10.44,44,86
2026-03-30T18:00,6.4,5.7,23.0,17.0,11.02,10.09,57,69
2026-03-30T19:00,5.5,5.1,0.0,0.0,10.14,9.98,59,70
2026-03-30T20:00,5.2,4.8,0.0,0.0,9.95,9.74,56,68
2026-03-30T21:00,4.8,4.6,0.0,0.0,9.39,9.46,62,57
2026-03-30T22:00,5.2,4.5,0.0,0.0,8.17,9.23,91,52
2026-03-30T23:00,5.3,4.2,0.0,0.0,9.21,8.41,75,54
2026-03-31T00:00,5.2,4.3,0.0,0.0,9.57,9.11,66,59
2026-03-31T01:00,5.5,4.3,0.0,0.0,9.22,9.43,98,54
2026-03-31T02:00,5.8,4.3,0.0,0.0,9.39,9.75,84,62
2026-03-31T03:00,5.5,4.4,0.0,0.0,9.28,9.95,100,52
2026-03-31T04:00,6.0,4.2,0.0,0.0,9.7,10.29,100,47
2026-03-31T05:00,5.9,4.0,0.0,0.0,9.55,9.61,100,37
2026-03-31T06:00,6.1,5.0,17.0,33.0,9.73,11.17,100,46
2026-03-31T07:00,6.8,6.2,92.0,139.0,9.39,9.33,82,48
2026-03-31T08:00,7.4,7.3,152.0,260.0,10.25,10.79,100,62
2026-03-31T09:00,8.2,8.0,251.0,348.0,11.66,11.17,92,58
2026-03-31T10:00,8.3,8.3,380.0,403.0,11.9,11.63,80,81
2026-03-31T11:00,8.8,8.6,349.0,379.0,11.69,12.25,98,82
2026-03-31T12:00,8.1,9.3,218.0,505.0,11.71,12.04,98,63
2026-03-31T13:00,8.4,9.0,360.0,426.0,11.57,12.33,100,42
2026-03-31T14:00,8.9,9.2,373.0,466.0,12.3,12.2,41,58
2026-03-31T15:00,8.8,8.7,295.0,357.0,13.07,11.82,67,59
2026-03-31T16:00,8.2,8.1,195.0,240.0,10.65,11.48,63,47
2026-03-31T17:00,7.4,7.4,101.0,125.0,10.84,10.62,82,50
2026-03-31T18:00,6.7,6.1,17.0,22.0,9.58,9.85,13,23
2026-03-31T19:00,5.6,5.1,0.0,0.0,9.06,9.66,34,10
2026-03-31T20:00,4.8,4.5,0.0,0.0,8.76,9.99,0,3
2026-03-31T21:00,3.8,4.1,0.0,0.0,7.42,9.52,0,17
2026-03-31T22:00,3.3,3.7,0.0,0.0,6.61,8.1,0,22
2026-03-31T23:00,2.8,3.3,0.0,0.0,5.87,6.79,15,22
2026-04-01T00:00,2.9,2.9,0.0,0.0,5.27,5.62,5,25
2026-04-01T01:00,2.5,2.6,0.0,0.0,4.34,4.71,17,28
2026-04-01T02:00,2.2,2.3,0.0,0.0,3.26,4.02,29,26
2026-04-01T03:00,2.2,2.0,0.0,0.0,3.28,3.14,100,24
2026-04-01T04:00,2.0,1.7,0.0,0.0,2.06,2.36,100,19
2026-04-01T05:00,1.9,1.4,0.0,0.0,1.39,1.58,100,11
2026-04-01T06:00,1.2,2.1,20.0,39.0,1.19,2.48,100,0
2026-04-01T07:00,1.3,3.4,79.0,163.0,0.22,1.9,100,0
2026-04-01T08:00,2.1,5.7,171.0,311.0,1.47,1.47,100,0
2026-04-01T09:00,2.9,7.6,216.0,450.0,1.92,0.9,100,0
2026-04-01T10:00,4.4,9.3,274.0,560.0,2.67,1.14,100,0
2026-04-01T11:00,6.3,10.6,387.0,627.0,2.73,0.98,91,25
2026-04-01T12:00,8.7,10.2,464.0,594.0,2.39,2.76,82,41
2026-04-01T13:00,9.8,11.0,453.0,570.0,2.71,3.03,69,52
2026-04-01T14:00,10.3,11.4,397.0,491.0,3.06,3.21,82,38
2026-04-01T15:00,10.1,11.4,369.0,415.0,3.2,3.27,69,35
2026-04-01T16:00,9.9,11.1,265.0,285.0,3.41,3.34,54,26
2026-04-01T17:00,9.4,10.1,128.0,142.0,3.9,3.7,49,38
2026-04-01T18:00,8.4,8.3,26.0,27.0,4.05,1.55,0,19
2026-04-01T19:00,7.1,7.3,0.0,0.0,4.0,0.66,0,8
2026-04-01T20:00,6.2,6.5,0.0,0.0,4.16,0.53,0,2
2026-04-01T21:00,5.6,5.6,0.0,0.0,4.47,1.46,0,15
2026-04-01T22:00,5.1,4.4,0.0,0.0,4.95,3.2,0,37
2026-04-01T23:00,4.6,4.3,0.0,0.0,5.74,4.59,0,21
2026-04-02T00:00,4.3,4.6,0.0,0.0,6.71,6.56,0,1
2026-04-02T01:00,3.8,4.3,0.0,0.0,6.93,7.12,0,54
2026-04-02T02:00,3.5,4.4,0.0,0.0,6.99,7.34,0,77
2026-04-02T03:00,3.3,4.5,0.0,0.0,7.01,7.75,0,89
2026-04-02T04:00,3.0,4.6,0.0,0.0,7.24,8.07,0,98
2026-04-02T05:00,2.7,4.8,0.0,0.0,7.49,8.19,58,98
2026-04-02T06:00,3.4,4.0,31.0,37.0,7.83,8.72,96,84
2026-04-02T07:00,4.6,5.2,74.0,131.0,7.71,8.59,100,98
2026-04-02T08:00,5.3,6.5,74.0,156.0,7.28,7.8,100,100
2026-04-02T09:00,7.0,7.3,158.0,154.0,5.49,7.54,100,98
2026-04-02T10:00,7.4,8.4,149.0,264.0,5.75,6.42,100,99
2026-04-02T11:00,8.5,9.2,302.0,253.0,5.13,7.1,100,100
2026-04-02T12:00,8.6,7.4,256.0,78.0,5.65,7.9,92,100
2026-04-02T13:00,9.6,7.2,277.0,66.0,6.56,8.7,100,100
2026-04-02T14:00,9.6,7.6,155.0,191.0,6.37,9.31,100,96
2026-04-02T15:00,8.5,7.3,78.0,240.0,8.72,10.33,100,100
2026-04-02T16:00,6.5,6.7,35.0,156.0,8.72,10.77,100,91
2026-04-02T17:00,5.9,5.9,31.0,132.0,8.51,10.25,100,87
2026-04-02T18:00,5.6,5.0,8.0,20.0,9.81,10.12,99,57
2026-04-02T19:00,4.9,4.2,0.0,0.0,9.6,9.8,95,65
2026-04-02T20:00,3.7,3.7,0.0,0.0,8.29,9.56,2,57
2026-04-02T21:00,2.4,3.3,0.0,0.0,8.24,9.27,30,78
2026-04-02T22:00,2.1,3.2,0.0,0.0,9.01,9.03,32,93
2026-04-02T23:00,1.9,3.3,0.0,0.0,7.48,8.83,85,81
2026-04-03T00:00,2.1,3.0,0.0,0.0,6.64,7.64,99,73
2026-04-03T01:00,2.2,2.9,0.0,0.0,5.0,6.38,99,98
2026-04-03T02:00,2.1,3.1,0.0,0.0,4.43,5.57,56,99
2026-04-03T03:00,2.9,3.1,0.0,0.0,4.16,4.9,90,92
2026-04-03T04:00,2.4,2.8,0.0,0.0,4.05,5.59,84,64
2026-04-03T05:00,2.6,2.3,0.0,0.0,5.64,7.04,78,93
2026-04-03T06:00,2.7,2.2,28.0,36.0,6.4,3.53,100,85
2026-04-03T07:00,3.5,3.1,51.0,101.0,5.58,5.53,93,98
2026-04-03T08:00,4.8,4.1,152.0,145.0,5.83,5.7,100,86
2026-04-03T09:00,6.6,5.6,326.0,302.0,6.32,5.27,80,100
2026-04-03T10:00,7.5,6.7,447.0,365.0,6.79,5.77,90,100
2026-04-03T11:00,7.9,7.2,395.0,360.0,6.45,7.07,90,100
2026-04-03T12:00,8.4,7.7,440.0,336.0,7.31,7.64,92,97
2026-04-03T13:00,8.9,8.2,443.0,334.0,8.07,8.86,94,91
2026-04-03T14:00,9.3,8.3,394.0,269.0,8.33,9.12,94,79
2026-04-03T15:00,9.5,8.5,350.0,247.0,8.75,9.88,88,87
2026-04-03T16:00,9.3,8.4,205.0,141.0,9.24,10.26,96,92
2026-04-03T17:00,9.1,7.9,83.0,56.0,9.58,10.55,98,100
2026-04-03T18:00,8.6,7.9,12.0,12.0,9.59,11.03,100,99
2026-04-03T19:00,8.0,7.6,0.0,0.0,9.88,11.67,100,100
2026-04-03T20:00,8.0,7.7,0.0,0.0,11.96,12.49,100,100
2026-04-03T21:00,7.8,7.7,0.0,0.0,12.34,13.54,100,99
2026-04-03T22:00,8.0,7.8,0.0,0.0,12.43,13.61,100,100
2026-04-03T23:00,8.0,8.0,0.0,0.0,11.89,13.67,100,100
2026-04-04T00:00,8.6,8.4,0.0,0.0,14.03,13.04,100,99
2026-04-04T01:00,9.1,8.7,0.0,0.0,13.17,13.02,98,95
2026-04-04T02:00,9.6,9.0,0.0,0.0,15.48,12.42,74,90
2026-04-04T03:00,9.0,9.2,0.0,0.0,14.53,11.58,57,88
2026-04-04T04:00,7.6,8.9,0.0,0.0,12.9,10.9,100,90
2026-04-04T05:00,6.5,8.3,0.0,0.0,13.11,10.91,55,100
2026-04-04T06:00,6.2,6.8,50.0,42.0,10.99,8.96,82,100
2026-04-04T07:00,7.5,7.6,180.0,154.0,11.47,8.94,63,100
2026-04-04T08:00,8.8,8.9,281.0,298.0,12.38,8.47,96,100
2026-04-04T09:00,9.3,9.8,409.0,340.0,11.16,9.41,99,91
2026-04-04T10:00,10.1,10.4,506.0,404.0,10.39,9.99,97,90
2026-04-04T11:00,10.2,10.8,570.0,437.0,9.84,10.09,76,94
2026-04-04T12:00,10.7,10.6,576.0,553.0,9.61,8.36,84,98
2026-04-04T13:00,10.8,11.2,609.5,606.0,9.26,7.94,83,47
2026-04-04T14:00,10.6,11.5,516.5,532.0,8.03,7.17,50,60
2026-04-04T15:00,10.2,11.3,417.0,354.0,7.04,5.58,27,79
2026-04-04T16:00,9.6,10.8,299.0,149.0,4.68,2.66,74,96
2026-04-04T17:00,9.0,10.5,146.0,85.0,2.14,1.67,71,85
2026-04-04T18:00,8.4,10.0,29.0,23.0,1.77,3.83,53,73
2026-04-04T19:00,7.1,9.6,0.0,0.0,4.56,7.84,71,71
2026-04-04T20:00,6.9,9.8,0.0,0.0,8.05,10.54,44,48
2026-04-04T21:00,7.3,9.4,0.0,0.0,9.42,11.78,52,35
2026-04-04T22:00,7.8,9.3,0.0,0.0,11.58,13.53,55,69
2026-04-04T23:00,7.9,9.5,0.0,0.0,12.01,14.57,100,65
2026-04-05T00:00,8.4,8.8,0.0,0.0,12.48,14.98,87,36
2026-04-05T01:00,9.2,9.4,0.0,0.0,13.35,15.03,96,57
2026-04-05T02:00,10.0,10.2,0.0,0.0,13.29,14.55,100,98
2026-04-05T03:00,10.5,10.5,0.0,0.0,13.38,14.43,100,100
2026-04-05T04:00,10.9,10.9,0.0,0.0,13.42,14.99,100,100
2026-04-05T05:00,11.3,11.3,0.0,0.0,14.13,14.92,100,100
2026-04-05T06:00,11.6,12.2,14.0,27.0,13.51,12.97,100,99
2026-04-05T07:00,12.0,12.5,22.0,48.0,14.72,13.37,99,100
2026-04-05T08:00,12.1,12.6,65.0,84.0,16.37,12.79,100,100
2026-04-05T09:00,11.2,10.0,130.0,95.0,16.86,15.3,100,100
2026-04-05T10:00,11.3,9.5,210.0,111.0,14.7,13.45,100,100
2026-04-05T11:00,10.8,9.7,343.0,256.0,12.89,14.22,95,100
2026-04-05T12:00,11.0,11.1,659.0,814.0,12.89,13.47,100,100
2026-04-05T13:00,10.7,10.7,631.0,661.0,12.6,11.69,100,99
2026-04-05T14:00,10.3,10.2,561.0,517.0,12.47,11.41,58,92
2026-04-05T15:00,9.8,9.8,453.0,455.0,13.58,11.61,40,100
2026-04-05T16:00,8.9,8.8,300.0,244.0,13.12,11.36,53,99
2026-04-05T17:00,8.2,8.0,139.0,116.0,12.35,11.36,77,85
2026-04-05T18:00,7.8,7.0,30.0,41.0,12.38,10.58,82,74
2026-04-05T19:00,7.0,6.2,0.0,0.0,13.35,10.65,76,78
2026-04-05T20:00,6.7,5.8,0.0,0.0,12.17,10.81,46,81
2026-04-05T21:00,6.2,5.5,0.0,0.0,12.46,11.06,69,85
2026-04-05T22:00,6.1,5.3,0.0,0.0,12.25,11.86,34,73
2026-04-05T23:00,5.8,4.9,0.0,0.0,11.35,12.64,42,61
2026-04-06T00:00,6.1,5.0,0.0,0.0,11.53,13.16,7,49
2026-04-06T01:00,6.2,4.9,0.0,0.0,10.84,13.34,64,55
2026-04-06T02:00,5.8,4.6,0.0,0.0,11.22,13.24,88,61
2026-04-06T03:00,5.5,4.3,0.0,0.0,10.93,12.98,37,67
2026-04-06T04:00,5.2,4.1,0.0,0.0,11.6,12.38,17,64
2026-04-06T05:00,4.9,4.1,1.0,1.0,10.39,11.66,76,60
2026-04-06T06:00,5.5,5.6,59.0,59.0,9.97,11.51,59,57
2026-04-06T07:00,7.0,6.9,165.0,172.0,13.14,12.18,54,56
2026-04-06T08:00,7.9,7.6,282.0,283.0,13.51,13.08,49,56
2026-04-06T09:00,8.3,8.2,427.0,411.0,13.18,13.52,51,55
2026-04-06T10:00,8.6,8.7,471.0,485.0,12.71,13.25,54,57
2026-04-06T11:00,9.0,9.1,543.0,554.0,11.93,12.41,50,59
2026-04-06T12:00,9.2,8.9,545.0,538.0,12.97,11.12,24,61
2026-04-06T13:00,9.0,9.2,571.0,599.0,13.2,10.57,37,53
2026-04-06T14:00,8.7,9.0,481.0,598.0,13.07,10.19,67,45
2026-04-06T15:00,8.3,8.5,406.0,473.0,11.37,9.73,27,37
2026-04-06T16:00,7.9,8.0,296.0,312.0,10.75,9.39,36,36
2026-04-06T17:00,7.3,7.3,156.0,154.0,10.21,8.95,34,34
2026-04-06T18:00,6.4,6.4,39.0,32.0,8.98,8.37,23,33
2026-04-06T19:00,5.7,5.7,0.0,0.0,8.38,7.92,31,23
2026-04-06T20:00,4.9,5.0,0.0,0.0,8.25,6.72,26,13
2026-04-06T21:00,4.8,4.7,0.0,0.0,8.65,6.27,25,3
2026-04-06T22:00,4.6,4.4,0.0,0.0,8.26,5.9,18,7
2026-04-06T23:00,4.4,4.0,0.0,0.0,7.81,5.73,8,10
2026-04-07T00:00,4.1,3.8,0.0,0.0,8.08,4.61,1,14
2026-04-07T01:00,4.0,3.6,0.0,0.0,8.41,4.32,10,9
2026-04-07T02:00,4.0,3.4,0.0,0.0,8.43,4.25,18,5
2026-04-07T03:00,4.0,3.2,0.0,0.0,8.48,4.06,84,0
2026-04-07T04:00,4.5,3.1,0.0,0.0,7.97,4.16,49,15
2026-04-07T05:00,4.3,2.9,1.0,2.0,7.55,4.38,57,31
2026-04-07T06:00,4.9,4.2,49.0,68.0,6.7,5.41,50,46
2026-04-07T07:00,5.9,5.9,140.0,212.0,5.6,5.29,53,31
2026-04-07T08:00,7.1,7.1,321.0,289.0,5.66,4.61,62,15
2026-04-07T09:00,7.7,8.2,354.0,350.0,4.61,4.35,5,0
2026-04-07T10:00,9.3,9.4,579.0,546.0,4.57,4.21,43,0
2026-04-07T11:00,10.5,10.5,642.0,592.5,4.28,4.16,37,0
2026-04-07T12:00,11.4,10.9,667.0,594.8,4.39,4.25,50,0
2026-04-07T13:00,12.1,11.5,635.0,580.0,4.0,4.51,34,0
2026-04-07T14:00,12.4,11.8,554.0,528.0,3.73,4.65,39,0
2026-04-07T15:00,12.6,11.9,450.0,437.0,3.66,4.86,47,0
2026-04-07T16:00,12.4,11.5,307.0,300.0,4.3,4.98,18,0
2026-04-07T17:00,11.5,11.0,174.0,145.0,6.08,4.7,0,0
2026-04-07T18:00,9.7,9.4,44.0,34.0,6.28,5.94,0,0
2026-04-07T19:00,7.5,7.6,0.0,0.0,6.48,7.94,0,6
2026-04-07T20:00,6.3,6.2,0.0,0.0,7.25,7.51,0,3
2026-04-07T21:00,5.3,5.3,0.0,0.0,7.37,6.9,0,0
2026-04-07T22:00,4.4,4.6,0.0,0.0,7.02,6.78,0,0
2026-04-07T23:00,3.5,4.2,0.0,0.0,6.82,6.96,0,0
2026-04-08T00:00,2.7,4.2,0.0,0.0,6.7,5.7,0,0
2026-04-08T01:00,2.2,3.7,0.0,0.0,6.47,5.57,0,0
2026-04-08T02:00,1.8,3.3,0.0,0.0,6.19,5.52,0,0
2026-04-08T03:00,1.2,2.9,0.0,0.0,5.21,5.39,0,0
2026-04-08T04:00,0.7,2.5,0.0,0.0,4.4,5.08,1,0
2026-04-08T05:00,0.5,2.3,2.0,2.0,5.21,4.8,28,0
2026-04-08T06:00,1.2,2.6,68.0,69.0,4.02,4.17,0,0
2026-04-08T07:00,3.9,4.5,205.0,212.0,4.71,4.52,28,0
2026-04-08T08:00,6.7,6.8,358.0,369.0,3.64,4.52,6,0
2026-04-08T09:00,9.4,9.1,497.0,508.0,3.4,3.35,20,0
2026-04-08T10:00,11.2,10.9,613.0,616.0,3.79,3.77,3,1
2026-04-08T11:00,12.5,12.2,683.0,677.0,4.42,4.42,8,2
2026-04-08T12:00,13.3,12.7,697.0,689.0,5.19,5.3,0,3
2026-04-08T13:00,13.8,13.4,669.0,655.0,5.25,5.52,1,3
2026-04-08T14:00,14.1,13.7,592.0,576.0,5.72,5.73,8,2
2026-04-08T15:00,13.7,13.8,360.0,460.0,6.25,5.95,100,2
2026-04-08T16:00,13.2,13.4,280.0,318.0,7.12,6.35,100,2
2026-04-08T17:00,11.6,12.2,152.0,153.0,8.68,7.27,100,2
2026-04-08T18:00,10.1,9.6,35.0,29.0,9.26,9.84,100,2
2026-04-08T19:00,8.2,8.1,0.0,0.0,9.02,11.46,99,16
2026-04-08T20:00,7.0,7.2,0.0,0.0,9.51,12.18,100,30
2026-04-08T21:00,6.0,6.8,0.0,0.0,10.1,12.47,100,44
2026-04-08T22:00,5.9,6.5,0.0,0.0,10.26,12.34,91,40
2026-04-08T23:00,6.0,6.2,0.0,0.0,10.09,11.53,100,36
2026-04-09T00:00,5.4,5.2,0.0,0.0,10.25,11.49,100,32
2026-04-09T01:00,5.2,4.6,0.0,0.0,9.76,10.84,100,34
2026-04-09T02:00,4.9,3.9,0.0,0.0,9.05,10.52,98,36
2026-04-09T03:00,3.7,3.4,0.0,0.0,9.03,10.82,100,38
2026-04-09T04:00,3.6,2.9,0.0,0.0,9.54,10.79,100,45
2026-04-09T05:00,3.3,2.7,2.0,3.0,10.03,10.08,100,51
2026-04-09T06:00,3.3,3.5,61.0,48.0,8.98,9.25,100,58
2026-04-09T07:00,4.6,4.4,126.0,108.0,8.9,9.64,96,49
2026-04-09T08:00,6.4,5.6,279.0,178.0,7.07,9.25,84,39
2026-04-09T09:00,8.3,7.2,453.0,273.0,7.93,9.85,100,30
2026-04-09T10:00,10.0,8.6,559.0,391.0,8.68,9.33,77,20
2026-04-09T11:00,11.4,10.2,655.0,537.0,8.42,10.05,62,10
2026-04-09T12:00,12.0,11.0,651.0,412.0,7.37,9.62,100,0
2026-04-09T13:00,12.7,12.1,660.0,516.0,7.63,9.51,7,0
2026-04-09T14:00,13.0,12.6,581.0,420.0,8.29,9.32,37,0
2026-04-09T15:00,13.4,12.5,480.0,264.0,8.29,9.84,21,0
2026-04-09T16:00,12.8,12.0,321.0,169.0,8.77,10.68,31,0
2026-04-09T17:00,12.0,11.3,181.0,69.0,9.25,10.6,29,0
2026-04-09T18:00,10.1,10.3,44.0,26.0,10.34,11.39,100,0
2026-04-09T19:00,8.5,9.5,0.0,0.0,10.4,11.99,97,0
2026-04-09T20:00,8.0,8.8,0.0,0.0,11.27,12.97,100,0
2026-04-09T21:00,7.3,8.2,0.0,0.0,12.32,13.73,100,0
2026-04-09T22:00,6.6,7.7,0.0,0.0,12.17,13.45,100,25
2026-04-09T23:00,6.3,7.3,0.0,0.0,11.76,13.65,100,50
2026-04-10T00:00,6.1,7.1,0.0,0.0,12.33,13.79,100,75
2026-04-10T01:00,6.2,6.5,0.0,0.0,10.2,11.71,100,100
2026-04-10T02:00,5.6,5.6,0.0,0.0,11.64,8.52,100,100
2026-04-10T03:00,4.9,5.5,0.0,0.0,9.5,8.09,100,100
2026-04-10T04:00,4.6,6.0,0.0,0.0,5.83,13.3,100,100
2026-04-10T05:00,4.2,6.5,1.0,1.0,6.22,11.5,100,100
2026-04-10T06:00,4.8,5.3,27.0,57.0,5.42,6.65,82,17
2026-04-10T07:00,5.8,7.4,159.0,200.0,4.09,7.91,95,38
2026-04-10T08:00,8.2,9.0,233.0,329.0,3.69,7.56,93,23
2026-04-10T09:00,9.7,10.0,343.0,466.0,10.8,7.27,98,36
2026-04-10T10:00,10.1,10.4,406.0,572.0,9.99,6.36,80,24
2026-04-10T11:00,10.6,10.6,526.0,617.0,9.39,6.38,50,23
2026-04-10T12:00,10.8,10.9,616.0,474.0,10.38,6.7,5,42
2026-04-10T13:00,11.0,10.8,619.0,575.0,10.35,7.06,0,12
2026-04-10T14:00,10.7,11.0,520.0,534.0,9.75,6.76,57,14
2026-04-10T15:00,10.6,10.5,444.0,456.0,7.22,6.53,0,12
2026-04-10T16:00,10.1,10.0,352.0,340.0,6.97,6.37,0,14
2026-04-10T17:00,9.1,9.0,189.0,191.0,6.44,5.62,0,8
2026-04-10T18:00,7.8,7.3,55.0,58.0,6.36,5.65,0,1
2026-04-10T19:00,6.1,5.9,0.0,1.0,5.72,5.41,0,8
2026-04-10T20:00,5.2,5.1,0.0,0.0,4.73,4.96,0,16
2026-04-10T21:00,4.9,4.4,0.0,0.0,2.61,3.53,0,53
2026-04-10T22:00,4.7,4.2,0.0,0.0,1.58,2.08,0,63
2026-04-10T23:00,4.1,3.4,0.0,0.0,0.53,2.56,0,91
2026-04-11T00:00,2.8,3.5,0.0,0.0,2.36,1.31,0,91
2026-04-11T01:00,2.5,2.7,0.0,0.0,3.47,1.49,0,100
2026-04-11T02:00,2.1,2.3,0.0,0.0,4.53,2.16,0,100
2026-04-11T03:00,1.2,1.7,0.0,0.0,4.89,3.92,38,100
2026-04-11T04:00,1.1,1.6,0.0,0.0,5.63,5.27,14,100
2026-04-11T05:00,1.0,1.6,5.0,4.0,5.75,6.2,17,100
2026-04-11T06:00,2.7,3.0,82.0,56.0,7.2,7.98,0,100
2026-04-11T07:00,5.5,5.2,226.0,149.0,7.41,8.71,1,100
2026-04-11T08:00,8.2,7.6,379.0,300.0,6.14,7.07,9,61
2026-04-11T09:00,10.1,9.7,507.0,515.0,7.26,8.48,62,66
2026-04-11T10:00,12.0,11.2,618.0,629.0,8.67,9.27,88,70
2026-04-11T11:00,13.1,12.4,670.0,694.0,9.76,9.82,99,100
2026-04-11T12:00,13.9,13.5,680.0,711.0,10.57,9.84,92,7
2026-04-11T13:00,14.2,14.0,632.0,681.0,11.29,10.33,87,6
2026-04-11T14:00,14.2,14.1,568.0,593.0,11.66,11.17,100,70
2026-04-11T15:00,13.7,14.0,362.0,467.0,12.61,11.72,100,50
2026-04-11T16:00,13.2,13.4,248.0,328.0,11.92,12.15,100,100
2026-04-11T17:00,12.5,12.6,152.0,178.0,11.84,12.37,100,2
2026-04-11T18:00,12.3,11.2,38.0,47.0,11.85,13.44,99,100
2026-04-11T19:00,11.5,10.2,0.0,0.0,13.17,14.62,77,93
2026-04-11T20:00,10.8,9.6,0.0,0.0,13.92,14.83,100,80
2026-04-11T21:00,10.5,9.2,0.0,0.0,13.7,14.59,100,74
2026-04-11T22:00,10.1,8.9,0.0,0.0,13.19,14.78,100,100
2026-04-11T23:00,9.5,8.8,0.0,0.0,9.05,14.84,100,100
2026-04-12T00:00,7.9,7.8,0.0,0.0,6.05,10.05,100,100
2026-04-12T01:00,7.4,7.3,0.0,0.0,6.26,7.84,100,100
2026-04-12T02:00,6.7,7.2,0.0,0.0,6.29,7.08,49,99
2026-04-12T03:00,7.0,7.2,0.0,0.0,7.32,8.72,100,100
2026-04-12T04:00,6.4,7.3,0.0,0.0,6.22,8.86,100,86
2026-04-12T05:00,5.6,6.5,4.0,5.0,5.39,7.46,100,28
2026-04-12T06:00,5.3,5.8,75.0,84.0,5.41,6.53,100,100
2026-04-12T07:00,6.9,7.2,218.0,204.0,4.68,5.82,100,100
2026-04-12T08:00,8.6,8.8,372.0,342.0,3.55,4.19,52,100
2026-04-12T09:00,10.1,10.2,440.0,421.0,3.61,4.52,100,100
2026-04-12T10:00,11.6,11.8,587.0,542.0,3.46,4.56,100,100
2026-04-12T11:00,13.0,13.2,631.0,643.0,3.98,4.57,5,100
2026-04-12T12:00,14.1,13.7,701.0,636.0,2.54,2.88,100,100
2026-04-12T13:00,14.3,14.0,610.0,530.0,1.93,2.54,100,100
2026-04-12T14:00,14.6,14.1,542.0,447.0,1.41,2.27,100,100
2026-04-12T15:00,14.2,14.0,355.0,348.0,1.0,2.46,100,100
2026-04-12T16:00,13.9,13.8,259.0,230.0,0.22,2.45,100,100
2026-04-12T17:00,13.5,13.1,146.0,128.0,1.55,2.73,100,100
2026-04-12T18:00,12.3,11.9,45.0,38.0,2.84,2.94,100,100
2026-04-12T19:00,9.6,10.5,1.0,1.0,6.96,4.35,100,100
2026-04-12T20:00,8.5,9.6,0.0,0.0,8.34,8.8,100,100
2026-04-12T21:00,8.2,8.9,0.0,0.0,9.46,9.9,100,100
2026-04-12T22:00,7.6,8.0,0.0,0.0,8.94,7.84,100,59
2026-04-12T23:00,7.2,7.4,0.0,0.0,8.37,6.86,100,95
2026-04-13T00:00,6.0,7.4,0.0,0.0,7.26,6.55,100,100
2026-04-13T01:00,5.6,7.1,0.0,0.0,6.2,5.65,100,100
2026-04-13T02:00,5.3,6.8,0.0,0.0,5.23,5.08,95,100
2026-04-13T03:00,4.1,6.4,0.0,0.0,3.72,4.63,100,100
2026-04-13T04:00,3.5,5.9,0.0,0.0,2.86,5.32,100,100
2026-04-13T05:00,3.7,5.5,5.0,5.0,5.17,6.58,100,100
2026-04-13T06:00,4.8,5.9,51.0,49.0,5.98,7.21,100,100
2026-04-13T07:00,6.2,7.2,84.0,128.0,5.89,6.93,100,100
2026-04-13T08:00,7.3,8.6,101.0,187.0,4.86,5.21,100,100
2026-04-13T09:00,8.6,9.5,186.0,200.0,4.38,5.8,100,100
2026-04-13T10:00,9.6,10.0,187.0,194.0,4.9,6.31,100,100
2026-04-13T11:00,9.6,9.5,210.0,143.0,5.12,6.57,100,100
2026-04-13T12:00,10.4,9.8,189.0,163.0,5.88,5.2,100,100
2026-04-13T13:00,10.4,9.8,195.0,148.0,5.42,5.62,100,100
2026-04-13T14:00,10.1,9.4,142.0,107.0,5.71,6.32,100,100
2026-04-13T15:00,10.4,9.1,105.0,74.0,5.49,6.46,100,100
2026-04-13T16:00,10.1,9.1,86.0,45.0,4.46,6.49,100,100
2026-04-13T17:00,9.6,8.9,41.0,25.0,4.9,6.98,100,100
2026-04-13T18:00,9.6,8.4,16.0,9.0,6.14,3.72,100,100
2026-04-13T19:00,9.1,8.2,0.0,0.0,6.86,3.26,100,100
2026-04-13T20:00,8.8,8.0,0.0,0.0,7.11,2.39,99,100
2026-04-13T21:00,8.7,7.8,0.0,0.0,5.61,1.53,100,100
2026-04-13T22:00,8.3,7.7,0.0,0.0,4.83,1.32,100,100
2026-04-13T23:00,8.3,7.7,0.0,0.0,4.03,3.14,100,100
2026-04-14T00:00,7.9,7.5,0.0,0.0,3.33,3.11,100,100
2026-04-14T01:00,7.8,7.5,0.0,0.0,2.47,4.87,100,100
2026-04-14T02:00,7.8,7.4,0.0,0.0,1.96,5.63,100,100
2026-04-14T03:00,8.0,7.4,0.0,0.0,2.33,5.8,100,100
2026-04-14T04:00,8.0,7.5,0.0,0.0,2.37,6.37,100,100
2026-04-14T05:00,8.0,7.6,2.0,3.0,4.04,6.33,100,100
2026-04-14T06:00,7.9,7.9,26.0,17.0,4.12,7.3,98,100
2026-04-14T07:00,8.4,8.0,49.0,51.0,4.63,6.43,100,100
2026-04-14T08:00,8.8,8.3,81.0,88.0,6.69,6.27,100,100
2026-04-14T09:00,10.3,8.9,339.0,186.0,6.87,6.69,89,99
2026-04-14T10:00,11.5,10.1,552.0,377.0,6.58,7.51,81,85
2026-04-14T11:00,12.6,11.5,627.0,554.0,7.04,8.74,41,65
2026-04-14T12:00,12.5,13.4,580.0,606.0,7.84,5.71,20,59
2026-04-14T13:00,12.8,13.4,644.0,613.0,7.43,6.09,13,36
2026-04-14T14:00,13.1,13.2,603.0,570.0,7.51,6.31,10,22
2026-04-14T15:00,12.9,12.8,493.0,491.0,6.39,6.58,41,18
2026-04-14T16:00,12.3,11.9,336.0,355.0,5.98,6.49,13,0
2026-04-14T17:00,11.6,10.9,208.0,203.0,4.51,6.04,7,5
2026-04-14T18:00,9.9,10.3,68.0,66.0,4.09,5.07,0,0
2026-04-14T19:00,7.8,8.6,1.0,1.0,3.45,4.47,0,0
2026-04-14T20:00,6.9,7.6,0.0,0.0,2.5,3.8,0,0
2026-04-14T21:00,6.1,6.9,0.0,0.0,1.67,2.92,0,23
2026-04-14T22:00,5.4,6.2,0.0,0.0,1.06,2.02,41,6
2026-04-14T23:00,4.9,5.6,0.0,0.0,0.71,1.43,92,12
2026-04-15T00:00,4.7,4.9,0.0,0.0,1.89,2.15,68,26
2026-04-15T01:00,4.3,4.5,0.0,0.0,1.62,1.77,100,36
2026-04-15T02:00,2.0,4.1,0.0,0.0,1.48,1.48,100,63
2026-04-15T03:00,1.8,3.5,0.0,0.0,2.08,1.28,100,85
2026-04-15T04:00,1.6,2.8,0.0,0.0,2.95,1.52,100,100
2026-04-15T05:00,2.1,2.3,8.0,5.0,3.73,2.27,100,100
2026-04-15T06:00,4.2,2.3,89.0,57.0,4.76,3.07,31,100
2026-04-15T07:00,7.1,3.5,241.0,140.0,5.3,3.47,7,100
2026-04-15T08:00,10.0,6.8,393.0,305.0,3.95,3.75,17,63
2026-04-15T09:00,11.7,10.8,525.0,523.0,2.73,2.7,57,0
2026-04-15T10:00,13.9,13.3,631.0,641.0,3.15,2.37,68,3
2026-04-15T11:00,15.2,14.7,695.0,706.0,3.52,1.76,0,0
2026-04-15T12:00,16.1,16.0,632.0,658.0,4.37,4.63,100,97
2026-04-15T13:00,16.3,16.3,586.0,631.0,4.23,4.35,100,97
2026-04-15T14:00,16.5,16.5,485.0,570.0,3.53,3.83,100,89
2026-04-15T15:00,16.5,16.3,321.0,438.0,3.59,3.67,100,75
2026-04-15T16:00,16.1,16.0,175.0,302.0,4.48,3.66,100,100
2026-04-15T17:00,15.7,15.5,111.0,169.0,3.9,4.13,100,100
2026-04-15T18:00,15.2,14.2,37.0,50.0,3.32,4.32,100,100
2026-04-15T19:00,13.6,12.5,1.0,1.0,3.82,5.02,97,100
2026-04-15T20:00,12.4,11.7,0.0,0.0,5.49,6.21,91,100
2026-04-15T21:00,10.9,11.3,0.0,0.0,6.42,7.16,98,100
2026-04-15T22:00,10.3,11.1,0.0,0.0,6.69,8.16,100,100
2026-04-15T23:00,9.9,10.9,0.0,0.0,7.08,10.37,100,100
2026-04-16T00:00,9.0,10.3,0.0,0.0,8.05,8.46,100,99
2026-04-16T01:00,8.4,9.9,0.0,0.0,7.94,8.45,100,100
2026-04-16T02:00,8.2,9.6,0.0,0.0,7.07,7.84,100,100
2026-04-16T03:00,7.9,9.4,0.0,0.0,6.23,7.06,100,100
2026-04-16T04:00,7.8,9.2,0.0,0.0,5.96,6.83,100,100
2026-04-16T05:00,7.9,9.1,2.0,3.0,4.79,5.85,100,100
2026-04-16T06:00,8.8,9.0,29.0,43.0,6.02,5.77,100,100
2026-04-16T07:00,9.8,10.0,112.0,93.0,5.76,5.79,82,92
2026-04-16T08:00,11.6,11.1,213.0,168.0,4.55,4.82,90,85
2026-04-16T09:00,12.9,12.7,255.0,327.0,3.83,3.2,97,64
2026-04-16T10:00,14.7,13.9,433.0,449.0,5.49,2.31,100,90
2026-04-16T11:00,16.1,15.3,481.0,424.0,5.13,4.82,100,100
2026-04-16T12:00,16.8,15.0,548.0,285.0,6.28,4.47,98,100
2026-04-16T13:00,16.1,14.9,527.0,380.0,6.35,6.06,95,99
2026-04-16T14:00,15.6,14.8,565.0,444.0,7.98,7.46,72,79
2026-04-16T15:00,15.2,14.5,503.0,447.0,8.25,7.32,30,26
2026-04-16T16:00,14.7,13.9,367.0,354.0,7.21,7.26,5,3
2026-04-16T17:00,14.1,13.1,214.0,210.0,5.49,6.09,0,0
2026-04-16T18:00,12.7,11.8,73.0,61.0,5.27,5.27,0,54
2026-04-16T19:00,10.2,10.4,2.0,2.0,5.27,3.96,0,40
2026-04-16T20:00,8.8,9.3,0.0,0.0,4.33,2.98,3,6
2026-04-16T21:00,8.3,8.6,0.0,0.0,1.74,2.07,0,62
2026-04-16T22:00,7.6,8.1,0.0,0.0,0.88,1.68,0,56
2026-04-16T23:00,7.1,7.6,0.0,0.0,1.29,2.06,24,71
2026-04-17T00:00,6.9,6.1,0.0,0.0,1.4,1.53,0,29
2026-04-17T01:00,6.5,5.6,0.0,0.0,1.89,1.68,9,59
2026-04-17T02:00,6.1,5.1,0.0,0.0,2.06,2.08,0,85
2026-04-17T03:00,6.3,4.9,0.0,0.0,1.67,1.95,2,88
2026-04-17T04:00,6.0,4.6,0.0,0.0,1.4,1.88,2,99
2026-04-17T05:00,5.0,4.0,11.0,7.0,1.52,1.27,95,100
2026-04-17T06:00,5.2,4.5,73.0,59.0,1.12,0.96,100,100
2026-04-17T07:00,7.9,5.4,180.0,122.0,1.18,1.59,99,100
2026-04-17T08:00,10.4,7.6,265.0,198.0,1.36,2.3,94,100
2026-04-17T09:00,13.7,11.1,376.0,299.0,1.77,3.26,100,100
2026-04-17T10:00,15.5,13.2,464.0,363.0,1.5,2.46,100,100
2026-04-17T11:00,16.5,14.8,504.0,472.0,2.02,2.67,100,98
2026-04-17T12:00,17.1,16.0,643.0,593.0,1.59,1.2,94,80
2026-04-17T13:00,17.6,16.6,486.0,505.0,1.47,0.89,94,91
2026-04-17T14:00,17.8,17.1,436.0,491.0,1.92,0.22,99,92
2026-04-17T15:00,18.4,17.1,191.0,441.0,1.55,0.31,100,100
2026-04-17T16:00,17.6,16.9,180.0,255.0,2.85,0.57,100,100
2026-04-17T17:00,16.8,16.5,88.0,123.0,6.67,0.55,100,100
2026-04-17T18:00,15.3,15.0,42.0,43.0,7.32,3.17,100,100
2026-04-17T19:00,13.5,13.0,2.0,2.0,8.51,6.8,100,100
2026-04-17T20:00,12.9,12.0,0.0,0.0,9.47,8.68,95,100
2026-04-17T21:00,11.5,11.2,0.0,0.0,9.47,8.86,98,95
2026-04-17T22:00,11.6,10.4,0.0,0.0,8.86,8.59,100,83
2026-04-17T23:00,11.5,10.1,0.0,0.0,8.94,8.74,83,84
2026-04-18T00:00,11.0,11.5,0.0,0.0,9.36,7.44,62,100
2026-04-18T01:00,10.9,11.2,0.0,0.0,8.49,7.51,93,97
2026-04-18T02:00,10.4,11.0,0.0,0.0,7.51,7.55,90,99
2026-04-18T03:00,9.9,10.8,0.0,0.0,6.57,7.71,100,98
2026-04-18T04:00,9.2,10.5,0.0,0.0,6.88,7.03,90,100
2026-04-18T05:00,8.7,10.4,8.0,8.0,6.04,6.2,99,97
2026-04-18T06:00,10.1,11.2,76.0,54.0,4.8,5.45,97,85
2026-04-18T07:00,11.3,12.2,130.0,160.0,3.88,4.63,92,77
2026-04-18T08:00,13.5,13.8,305.0,337.0,2.49,3.08,100,100
2026-04-18T09:00,15.6,15.4,457.0,395.0,2.72,2.35,100,100
2026-04-18T10:00,17.2,16.7,590.0,429.0,3.25,2.33,77,100
2026-04-18T11:00,18.0,17.6,632.0,430.0,3.8,2.63,97,93
2026-04-18T12:00,17.5,17.1,398.0,427.0,4.53,4.88,100,100
2026-04-18T13:00,15.8,16.5,392.0,387.0,8.12,5.93,97,100
2026-04-18T14:00,15.2,14.7,347.0,259.0,7.06,5.85,100,100
2026-04-18T15:00,15.2,12.8,228.0,113.0,4.34,6.15,96,99
2026-04-18T16:00,14.0,12.1,152.0,81.0,5.26,5.64,98,100
2026-04-18T17:00,13.3,11.6,97.0,38.0,4.59,5.76,99,100
2026-04-18T18:00,12.7,11.5,44.0,34.0,3.72,6.08,100,100
2026-04-18T19:00,11.6,10.8,2.0,1.0,5.95,5.46,98,99
2026-04-18T20:00,11.0,9.8,0.0,0.0,6.49,6.01,100,100
2026-04-18T21:00,10.2,9.2,0.0,0.0,6.23,5.53,98,100
2026-04-18T22:00,9.0,8.5,0.0,0.0,7.26,4.61,100,100
2026-04-18T23:00,7.6,8.0,0.0,0.0,6.09,5.41,100,100
2026-04-19T00:00,8.5,8.5,0.0,0.0,5.92,4.44,94,99
2026-04-19T01:00,8.0,7.8,0.0,0.0,6.44,4.37,100,100
2026-04-19T02:00,7.9,7.1,0.0,0.0,5.95,4.21,68,100
2026-04-19T03:00,8.1,7.0,0.0,0.0,3.92,4.12,100,100
2026-04-19T04:00,8.2,7.6,0.0,0.0,4.25,4.53,100,100
2026-04-19T05:00,8.1,7.5,9.0,7.0,3.29,5.41,100,100
2026-04-19T06:00,8.4,7.8,70.0,47.0,3.5,6.36,99,100
2026-04-19T07:00,9.2,8.6,158.0,86.0,4.35,6.0,100,100
2026-04-19T08:00,10.3,9.3,269.0,115.0,3.56,5.59,100,100
2026-04-19T09:00,11.1,10.4,232.0,230.0,5.1,4.94,100,100
2026-04-19T10:00,12.2,11.6,329.0,351.0,5.33,5.0,96,100
2026-04-19T11:00,12.5,12.6,337.0,474.0,6.05,6.05,94,72
2026-04-19T12:00,12.7,11.2,401.0,377.0,5.98,7.77,100,93
2026-04-19T13:00,12.7,11.6,357.0,408.0,7.77,8.19,79,91
2026-04-19T14:00,12.6,11.3,397.0,333.0,7.9,8.95,100,92
2026-04-19T15:00,10.8,11.2,163.0,311.0,8.62,8.86,100,91
2026-04-19T16:00,10.6,11.1,92.0,219.0,9.28,8.64,100,87
2026-04-19T17:00,10.2,11.0,86.0,149.0,9.43,8.52,100,68
2026-04-19T18:00,9.5,9.5,53.0,33.0,9.33,9.4,99,89
2026-04-19T19:00,8.6,8.8,3.0,2.0,9.26,8.82,65,88
2026-04-19T20:00,8.4,7.9,0.0,0.0,8.63,9.32,100,83
2026-04-19T21:00,7.8,7.4,0.0,0.0,9.47,9.2,97,83
2026-04-19T22:00,7.9,7.3,0.0,0.0,8.72,8.85,100,94
2026-04-19T23:00,7.9,7.5,0.0,0.0,8.54,8.59,100,95
2026-04-20T00:00,7.5,7.3,0.0,0.0,7.63,7.8,100,89
2026-04-20T01:00,7.3,7.3,0.0,0.0,6.57,7.55,100,93
2026-04-20T02:00,7.6,7.4,0.0,0.0,6.33,6.97,100,99
2026-04-20T03:00,7.4,7.3,0.0,0.0,6.22,6.23,100,100
2026-04-20T04:00,5.9,7.3,0.0,0.0,7.18,5.35,100,96
2026-04-20T05:00,5.2,7.2,5.0,7.0,7.15,4.9,100,96
2026-04-20T06:00,5.9,7.2,24.0,55.0,8.71,5.78,100,100
2026-04-20T07:00,6.2,7.3,71.0,163.0,9.42,5.38,100,100
2026-04-20T08:00,6.8,7.7,164.0,211.0,9.43,6.28,100,100
2026-04-20T09:00,7.3,7.5,202.0,168.0,8.06,6.58,100,100
2026-04-20T10:00,8.5,7.5,294.0,147.0,8.71,6.42,100,100
2026-04-20T11:00,11.1,7.9,441.0,160.0,10.12,5.79,100,100
2026-04-20T12:00,12.1,9.0,570.0,276.0,11.63,7.69,100,100
2026-04-20T13:00,12.5,10.3,645.0,333.0,11.77,9.15,100,100
2026-04-20T14:00,12.3,11.3,581.0,361.0,12.12,9.87,0,100
2026-04-20T15:00,11.5,11.2,522.0,364.0,11.72,10.63,0,100
2026-04-20T16:00,10.3,10.6,396.0,288.0,12.1,11.36,0,83
2026-04-20T17:00,8.8,9.5,238.0,215.0,11.69,11.17,0,30
2026-04-20T18:00,7.2,7.2,88.0,86.0,11.66,12.8,0,0
2026-04-20T19:00,5.6,5.9,5.0,5.0,10.67,12.57,0,0
2026-04-20T20:00,4.6,5.1,0.0,0.0,11.05,11.84,0,0
2026-04-20T21:00,3.8,4.3,0.0,0.0,11.01,11.49,0,0
2026-04-20T22:00,3.2,3.6,0.0,0.0,11.58,11.51,0,0
2026-04-20T23:00,3.0,3.1,0.0,0.0,10.7,12.24,0,0
2026-04-21T00:00,2.1,3.7,0.0,0.0,9.18,12.77,0,0
2026-04-21T01:00,2.0,3.5,0.0,0.0,9.82,12.94,0,0
2026-04-21T02:00,2.0,3.3,0.0,0.0,9.58,12.83,0,0
2026-04-21T03:00,1.9,3.1,0.0,0.0,10.45,12.64,0,0
2026-04-21T04:00,2.0,2.9,0.0,0.0,10.76,12.37,0,0
2026-04-21T05:00,2.1,3.1,21.0,22.0,9.86,11.78,0,0
2026-04-21T06:00,3.6,4.3,132.0,132.0,8.58,10.35,0,0
2026-04-21T07:00,5.6,6.6,285.0,285.0,6.87,6.89,0,0
2026-04-21T08:00,7.2,8.4,442.0,441.0,6.56,7.04,10,0
2026-04-21T09:00,9.1,10.1,578.0,578.0,6.15,6.9,5,0
2026-04-21T10:00,10.3,11.4,685.0,681.0,6.55,7.16,3,0
2026-04-21T11:00,11.1,12.3,747.0,744.0,6.01,7.06,8,0
2026-04-21T12:00,11.8,12.3,752.0,751.0,5.63,7.27,32,20
2026-04-21T13:00,12.3,12.6,716.0,707.0,5.76,7.41,20,33
2026-04-21T14:00,12.3,12.7,646.0,631.0,6.17,7.55,0,27
2026-04-21T15:00,12.0,12.4,541.0,529.0,6.63,7.6,0,6
2026-04-21T16:00,11.4,12.0,398.0,391.0,6.74,7.43,0,0
2026-04-21T17:00,10.6,11.2,240.0,236.0,6.63,6.88,0,0
2026-04-21T18:00,9.9,9.9,92.0,89.0,6.38,6.39,0,0
2026-04-21T19:00,7.4,7.9,6.0,6.0,7.63,6.79,0,0
2026-04-21T20:00,5.7,6.6,0.0,0.0,6.93,7.14,0,0
2026-04-21T21:00,4.8,5.7,0.0,0.0,7.01,6.66,0,0
2026-04-21T22:00,4.0,5.0,0.0,0.0,6.41,5.8,0,0
2026-04-21T23:00,3.4,4.4,0.0,0.0,5.63,4.82,0,3
2026-04-22T00:00,2.8,4.2,0.0,0.0,4.43,3.88,0,0
2026-04-22T01:00,2.5,3.8,0.0,0.0,3.43,3.15,0,0
2026-04-22T02:00,2.2,3.4,0.0,0.0,2.99,3.53,0,4
2026-04-22T03:00,2.0,3.3,0.0,0.0,3.21,4.37,0,0
2026-04-22T04:00,1.3,3.1,0.0,0.0,3.4,5.0,0,0
2026-04-22T05:00,1.6,3.1,24.0,24.0,3.64,5.19,0,0
2026-04-22T06:00,3.3,4.7,137.0,136.0,2.5,4.76,0,0
2026-04-22T07:00,6.5,7.2,290.0,288.0,3.34,4.93,0,0
2026-04-22T08:00,9.4,9.7,448.0,443.0,3.27,4.71,0,0
2026-04-22T09:00,11.8,11.9,589.0,580.0,3.81,4.09,0,0
2026-04-22T10:00,13.3,13.5,696.0,683.0,4.16,5.0,0,0
2026-04-22T11:00,14.4,14.5,759.0,738.0,4.24,5.62,0,38
2026-04-22T12:00,15.5,15.0,774.0,760.0,4.24,4.95,0,28
2026-04-22T13:00,16.1,15.4,739.0,711.0,4.44,5.11,0,27
2026-04-22T14:00,15.9,15.5,658.0,639.0,5.62,5.45,0,2
2026-04-22T15:00,15.6,15.1,539.0,544.0,7.59,5.77,0,0
2026-04-22T16:00,14.4,14.2,403.0,396.0,7.64,6.44,0,0
2026-04-22T17:00,12.7,13.0,244.0,238.0,7.39,7.21,0,0
2026-04-22T18:00,10.4,11.5,94.0,93.0,7.23,7.56,0,0
2026-04-22T19:00,7.8,9.0,7.0,7.0,8.1,8.11,0,0
2026-04-22T20:00,6.4,7.3,0.0,0.0,8.0,8.66,0,0
2026-04-22T21:00,5.6,6.0,0.0,0.0,8.42,8.46,0,46
2026-04-22T22:00,5.1,5.5,0.0,0.0,7.82,7.09,85,77
2026-04-22T23:00,5.3,5.5,0.0,0.0,8.6,7.47,85,82
2026-04-23T00:00,5.2,5.5,0.0,0.0,8.0,7.91,70,94
2026-04-23T01:00,5.7,6.2,0.0,0.0,8.76,8.99,91,80
2026-04-23T02:00,5.9,6.2,0.0,0.0,8.98,9.27,79,80
2026-04-23T03:00,6.5,6.3,0.0,0.0,9.68,9.4,88,81
2026-04-23T04:00,6.4,6.3,0.0,0.0,9.65,9.38,86,80
2026-04-23T05:00,6.6,6.4,15.0,18.0,9.39,9.16,92,84
2026-04-23T06:00,7.8,7.0,83.0,84.0,9.51,9.09,93,76
2026-04-23T07:00,7.6,8.5,108.0,199.0,8.68,9.12,100,71
2026-04-23T08:00,7.6,9.0,150.0,278.0,8.33,8.94,100,83
2026-04-23T09:00,8.3,9.6,204.0,350.0,7.57,8.29,100,83
2026-04-23T10:00,9.1,10.0,259.0,420.0,7.12,8.42,100,81
2026-04-23T11:00,9.9,10.2,337.0,420.0,6.99,8.45,100,89
2026-04-23T12:00,9.9,10.5,349.0,423.0,7.88,7.07,100,93
2026-04-23T13:00,10.2,10.6,361.0,382.0,8.17,7.28,100,88
2026-04-23T14:00,10.3,10.7,324.0,356.0,8.02,7.58,94,84
2026-04-23T15:00,9.5,10.5,291.0,287.0,8.0,7.37,100,80
2026-04-23T16:00,9.4,9.8,167.0,244.0,7.78,7.49,94,82
2026-04-23T17:00,8.6,8.9,112.0,130.0,8.12,7.5,91,86
2026-04-23T18:00,8.6,8.2,58.0,47.0,9.25,8.32,78,87
2026-04-23T19:00,7.6,7.6,5.0,4.0,10.6,8.41,86,89
2026-04-23T20:00,7.3,7.3,0.0,0.0,11.01,8.68,86,89
2026-04-23T21:00,7.3,7.2,0.0,0.0,11.06,9.02,84,92
2026-04-23T22:00,7.2,7.3,0.0,0.0,10.96,8.95,81,92
2026-04-23T23:00,7.2,7.3,0.0,0.0,11.73,9.03,93,94
2026-04-24T00:00,7.4,7.7,0.0,0.0,10.8,10.4,98,98
2026-04-24T01:00,7.4,7.6,0.0,0.0,10.24,9.78,100,100
2026-04-24T02:00,7.3,7.6,0.0,0.0,10.14,9.08,100,100
2026-04-24T03:00,7.3,7.6,0.0,0.0,9.16,8.38,100,99
2026-04-24T04:00,7.4,7.7,0.0,0.0,8.57,7.63,100,96
2026-04-24T05:00,7.3,7.4,9.0,9.0,8.33,6.79,100,96
2026-04-24T06:00,7.6,7.9,55.0,46.0,7.93,6.25,100,92
2026-04-24T07:00,7.9,8.1,110.0,100.0,7.29,5.66,100,98
2026-04-24T08:00,8.4,8.7,172.0,192.0,7.29,5.49,100,93
2026-04-24T09:00,9.3,9.8,250.0,287.0,7.14,5.56,100,90
2026-04-24T10:00,10.2,10.7,353.0,373.0,7.64,6.02,91,85
2026-04-24T11:00,10.8,11.2,423.0,456.0,8.35,6.91,90,84
2026-04-24T12:00,10.9,11.7,530.0,511.0,9.39,8.06,94,73
2026-04-24T13:00,10.8,11.9,444.0,552.0,9.93,8.61,94,57
2026-04-24T14:00,10.4,11.4,399.0,551.0,10.32,9.72,92,60
2026-04-24T15:00,10.2,10.9,327.0,432.0,10.78,10.17,89,67
2026-04-24T16:00,9.7,10.0,230.0,304.0,11.22,9.77,76,61
2026-04-24T17:00,9.1,9.6,138.0,170.0,11.51,10.03,83,73
2026-04-24T18:00,8.4,8.7,55.0,56.0,11.46,11.19,79,77
2026-04-24T19:00,7.9,7.9,6.0,5.0,11.09,10.83,77,71
2026-04-24T20:00,7.7,7.7,0.0,0.0,11.11,10.94,88,78
2026-04-24T21:00,7.5,7.6,0.0,0.0,10.68,10.88,91,67
2026-04-24T22:00,7.4,7.6,0.0,0.0,10.27,10.78,93,75
2026-04-24T23:00,7.4,7.5,0.0,0.0,9.78,11.35,85,79
2026-04-25T00:00,7.0,7.4,0.0,0.0,9.8,10.89,82,81
2026-04-25T01:00,7.3,7.3,0.0,0.0,11.01,11.05,82,82
2026-04-25T02:00,7.0,7.4,0.0,0.0,10.96,11.0,100,84
2026-04-25T03:00,7.1,7.3,0.0,0.0,10.52,11.09,94,84
2026-04-25T04:00,6.9,7.3,0.0,0.0,11.22,11.59,100,97
2026-04-25T05:00,6.8,7.4,11.0,13.0,9.77,11.33,99,100
2026-04-25T06:00,7.1,7.7,56.0,59.0,9.29,10.26,100,100
2026-04-25T07:00,7.9,8.6,111.0,161.0,11.01,10.48,100,95
2026-04-25T08:00,8.3,9.0,185.0,222.0,10.65,11.04,100,96
2026-04-25T09:00,8.9,9.5,243.0,300.0,11.19,11.24,100,93
2026-04-25T10:00,9.0,10.0,239.0,424.0,12.02,11.83,99,83
2026-04-25T11:00,9.3,10.2,324.0,483.0,11.75,12.64,80,82
2026-04-25T12:00,10.1,10.1,432.0,520.0,12.99,13.48,97,87
2026-04-25T13:00,10.1,10.0,505.0,462.0,12.74,14.1,92,79
2026-04-25T14:00,9.5,9.9,343.0,428.0,13.65,14.18,100,81
2026-04-25T15:00,9.7,10.0,314.0,397.0,12.9,14.55,84,83
2026-04-25T16:00,9.3,9.5,209.0,191.0,13.25,14.76,99,80
2026-04-25T17:00,8.8,8.4,85.0,111.0,13.62,13.84,100,47
2026-04-25T18:00,8.4,8.0,72.0,75.0,12.44,13.69,89,50
2026-04-25T19:00,7.7,7.3,9.0,8.0,12.31,13.02,69,27
2026-04-25T20:00,6.9,6.4,0.0,0.0,11.64,12.63,53,54
2026-04-25T21:00,6.2,6.2,0.0,0.0,11.1,11.8,24,38
2026-04-25T22:00,5.7,5.7,0.0,0.0,11.22,11.26,0,25
2026-04-25T23:00,5.4,5.3,0.0,0.0,11.33,11.22,0,8
2026-04-26T00:00,4.9,5.2,0.0,0.0,9.98,10.81,7,14
2026-04-26T01:00,4.4,4.8,0.0,0.0,9.29,9.91,0,6
2026-04-26T02:00,3.9,4.2,0.0,0.0,8.77,8.13,0,20
2026-04-26T03:00,3.3,3.7,0.0,0.0,6.91,6.54,2,18
2026-04-26T04:00,2.7,3.2,0.0,0.0,4.91,5.59,0,40
2026-04-26T05:00,2.6,3.3,34.0,35.0,3.64,4.33,1,43
2026-04-26T06:00,4.0,5.1,158.0,157.0,1.81,4.09,0,1
2026-04-26T07:00,6.3,7.0,313.0,314.0,0.53,2.41,0,12
2026-04-26T08:00,8.7,9.0,469.0,468.0,0.97,0.53,53,0
2026-04-26T09:00,10.5,10.6,606.0,604.0,1.29,0.22,0,4
2026-04-26T10:00,11.8,11.7,711.0,707.0,2.07,1.08,31,4
2026-04-26T11:00,12.7,12.5,764.0,768.0,2.41,2.06,88,5
2026-04-26T12:00,13.1,13.0,730.0,780.0,2.4,2.2,100,27
2026-04-26T13:00,12.7,13.4,624.0,738.0,4.03,2.28,100,60
2026-04-26T14:00,13.0,13.4,556.0,632.0,4.25,3.11,39,100
2026-04-26T15:00,12.7,13.0,553.0,500.0,5.74,4.24,0,97
2026-04-26T16:00,12.0,12.1,417.0,355.0,5.35,5.29,3,100
2026-04-26T17:00,11.0,11.2,260.0,194.0,5.14,5.41,17,100
2026-04-26T18:00,10.1,9.9,107.0,88.0,5.08,4.68,100,18
2026-04-26T19:00,8.3,8.0,11.0,11.0,5.61,5.17,100,6
2026-04-26T20:00,6.8,6.7,0.0,0.0,5.86,5.39,3,9
2026-04-26T21:00,5.2,5.7,0.0,0.0,6.18,5.18,0,7
2026-04-26T22:00,4.1,4.9,0.0,0.0,6.15,4.92,0,0
2026-04-26T23:00,3.3,4.2,0.0,0.0,6.09,5.06,0,7
2026-04-27T00:00,2.4,3.9,0.0,0.0,5.72,4.51,16,0
2026-04-27T01:00,1.9,3.3,0.0,0.0,5.78,4.71,27,0
2026-04-27T02:00,1.6,2.7,0.0,0.0,5.9,4.37,61,19
2026-04-27T03:00,1.5,2.1,0.0,0.0,4.61,4.44,16,12
2026-04-27T04:00,1.1,1.6,0.0,0.0,5.31,4.65,95,46
2026-04-27T05:00,1.3,1.9,35.0,32.0,5.42,4.57,83,100
2026-04-27T06:00,2.9,3.4,154.0,129.0,5.04,4.86,8,100
2026-04-27T07:00,5.0,5.0,304.0,256.0,2.9,3.73,50,100
2026-04-27T08:00,7.0,6.6,446.0,373.0,2.85,2.96,100,98
2026-04-27T09:00,8.9,8.3,556.0,522.0,1.88,2.34,100,99
2026-04-27T10:00,10.1,9.6,577.0,606.0,1.71,2.2,100,100
2026-04-27T11:00,10.9,10.6,540.0,630.0,1.68,2.15,100,99
2026-04-27T12:00,12.0,10.1,655.0,505.0,2.17,2.77,79,100
2026-04-27T13:00,12.5,10.5,563.0,430.0,2.64,2.94,100,100
2026-04-27T14:00,12.7,10.4,451.0,249.0,3.07,3.38,100,100
2026-04-27T15:00,10.7,10.5,183.0,201.0,3.41,3.21,100,100
2026-04-27T16:00,10.9,10.4,184.0,163.0,3.03,3.82,100,100
2026-04-27T17:00,10.8,10.0,134.0,104.0,4.02,4.58,100,98
2026-04-27T18:00,9.7,9.2,56.0,91.0,5.57,5.27,100,66
2026-04-27T19:00,8.2,7.7,9.0,12.0,5.68,6.09,100,68
2026-04-27T20:00,7.0,6.7,0.0,0.0,6.56,6.88,100,84
2026-04-27T21:00,5.9,6.0,0.0,0.0,5.97,8.1,91,87
2026-04-27T22:00,5.2,5.7,0.0,0.0,6.97,9.46,100,65
2026-04-27T23:00,4.7,5.2,0.0,0.0,7.71,9.78,50,34
2026-04-28T00:00,4.4,6.0,0.0,0.0,8.24,8.94,71,92
2026-04-28T01:00,4.0,5.8,0.0,0.0,8.0,9.7,70,89
2026-04-28T02:00,3.5,5.5,0.0,0.0,7.62,9.8,33,100
2026-04-28T03:00,2.4,5.1,0.0,0.0,8.39,9.65,36,52
2026-04-28T04:00,2.1,4.5,0.0,0.0,8.4,9.72,4,62
2026-04-28T05:00,2.5,4.4,39.0,39.0,8.09,10.17,0,21
2026-04-28T06:00,4.4,5.6,162.0,144.0,6.85,10.09,0,39
2026-04-28T07:00,7.1,7.7,317.0,303.0,5.24,7.91,0,0
2026-04-28T08:00,9.6,9.8,472.0,467.0,4.48,6.35,0,0
2026-04-28T09:00,11.6,11.8,609.0,603.0,4.59,6.7,0,0
2026-04-28T10:00,12.7,13.2,711.0,708.0,5.0,7.79,0,0
2026-04-28T11:00,13.8,14.1,772.0,771.0,5.96,8.03,0,0
2026-04-28T12:00,14.4,14.4,780.0,775.0,6.33,6.77,42,35
2026-04-28T13:00,14.7,14.7,746.0,731.0,7.33,7.23,15,10
2026-04-28T14:00,14.6,14.6,678.0,673.0,8.0,7.75,6,6
2026-04-28T15:00,14.3,14.1,538.0,564.0,8.86,8.27,28,0
2026-04-28T16:00,13.5,13.5,422.0,422.0,8.86,8.25,0,2
2026-04-28T17:00,12.6,12.6,267.0,265.0,8.68,8.14,0,1
2026-04-28T18:00,11.6,11.2,115.0,115.0,7.5,7.51,0,0
2026-04-28T19:00,8.7,9.5,14.0,14.0,6.93,7.98,0,0
2026-04-28T20:00,7.0,8.2,0.0,0.0,7.78,8.35,0,0
2026-04-28T21:00,6.1,7.0,0.0,0.0,7.24,8.49,0,0
2026-04-28T22:00,5.3,6.1,0.0,0.0,8.97,8.49,0,0
2026-04-28T23:00,4.5,5.4,0.0,0.0,7.59,8.56,0,0
2026-04-29T00:00,4.3,4.7,0.0,0.0,7.9,8.37,0,0
2026-04-29T01:00,3.9,4.3,0.0,0.0,7.83,7.8,0,0
2026-04-29T02:00,3.4,4.1,0.0,0.0,7.36,7.37,0,0
2026-04-29T03:00,2.9,3.8,0.0,0.0,7.07,7.06,0,0
2026-04-29T04:00,2.6,3.5,0.0,0.0,6.27,6.79,0,0
2026-04-29T05:00,3.0,3.9,41.0,41.0,5.61,6.44,0,0
2026-04-29T06:00,5.2,5.4,164.0,161.0,5.36,5.18,27,0
2026-04-29T07:00,7.8,7.7,318.0,315.0,4.37,4.59,8,0
2026-04-29T08:00,10.1,10.1,473.0,468.0,3.89,2.97,0,19
2026-04-29T09:00,11.8,12.0,606.0,602.0,2.88,2.77,5,21
2026-04-29T10:00,13.1,13.3,708.0,706.0,3.38,3.11,13,6
2026-04-29T11:00,14.1,14.2,745.0,762.0,3.48,3.54,36,54
2026-04-29T12:00,15.0,15.1,785.0,781.0,3.54,5.44,0,3
2026-04-29T13:00,15.5,15.5,758.0,750.0,3.57,5.74,0,0
2026-04-29T14:00,15.8,15.5,677.0,673.0,3.71,6.23,2,0
2026-04-29T15:00,15.7,15.2,554.0,560.0,4.24,6.68,0,0
2026-04-29T16:00,15.2,14.5,423.0,420.0,4.35,7.2,0,0
2026-04-29T17:00,14.4,13.6,266.0,263.0,5.67,7.56,0,0
2026-04-29T18:00,13.6,12.1,118.0,115.0,6.56,7.38,0,0
2026-04-29T19:00,10.8,10.1,15.0,15.0,7.35,8.23,0,0
2026-04-29T20:00,8.8,8.6,0.0,0.0,7.38,8.24,0,0
2026-04-29T21:00,7.5,7.6,0.0,0.0,7.44,8.4,0,0
2026-04-29T22:00,6.7,6.8,0.0,0.0,7.37,7.81,0,0
2026-04-29T23:00,6.2,6.2,0.0,0.0,6.53,6.67,0,0
2026-04-30T00:00,5.7,6.1,0.0,0.0,6.44,6.17,0,0
2026-04-30T01:00,5.3,5.7,0.0,0.0,5.33,5.04,0,0
2026-04-30T02:00,5.0,5.3,0.0,0.0,5.13,4.5,0,0
2026-04-30T03:00,3.9,5.0,0.0,0.0,3.86,3.83,0,0
2026-04-30T04:00,3.5,4.8,0.0,0.0,2.95,3.06,0,0
2026-04-30T05:00,3.7,5.2,44.0,44.0,2.41,2.18,5,0
2026-04-30T06:00,5.8,6.8,167.0,167.0,1.31,2.0,4,0
2026-04-30T07:00,9.2,9.5,317.0,317.0,1.06,1.52,4,0
2026-04-30T08:00,12.1,11.8,470.0,470.0,0.69,0.53,4,0
2026-04-30T09:00,14.2,13.6,607.0,603.0,0.42,0.77,4,6
2026-04-30T10:00,15.5,14.9,708.0,704.0,0.79,0.6,4,15
2026-04-30T11:00,16.5,15.8,767.0,764.0,1.28,0.57,4,9
2026-04-30T12:00,17.3,16.6,782.0,780.0,1.64,1.71,0,0
2026-04-30T13:00,17.7,17.3,751.0,747.0,1.53,2.05,0,0
2026-04-30T14:00,18.2,17.6,676.0,672.0,0.28,2.47,0,0
2026-04-30T15:00,18.4,17.7,565.0,560.0,1.31,2.94,1,0
2026-04-30T16:00,18.3,17.4,425.0,420.0,1.83,3.33,4,0
2026-04-30T17:00,17.9,16.9,270.0,265.0,3.19,3.82,0,0
2026-04-30T18:00,16.8,15.8,121.0,117.0,5.24,4.24,0,0
2026-04-30T19:00,13.7,13.5,17.0,17.0,5.12,5.06,0,0
2026-04-30T20:00,11.8,12.0,0.0,0.0,4.99,5.52,0,0
2026-04-30T21:00,10.2,10.8,0.0,0.0,6.02,6.91,0,0
2026-04-30T22:00,9.4,9.9,0.0,0.0,6.23,6.71,0,0
2026-04-30T23:00,8.7,9.1,0.0,0.0,5.48,6.15,0,0
2026-05-01T00:00,8.1,8.5,0.0,0.0,4.65,5.69,0,0
2026-05-01T01:00,7.6,7.9,0.0,0.0,4.28,5.62,0,0
2026-05-01T02:00,6.6,7.5,0.0,0.0,3.38,5.37,0,0
2026-05-01T03:00,5.0,7.1,0.0,0.0,3.17,5.3,0,0
2026-05-01T04:00,4.7,6.8,0.0,0.0,2.81,5.14,0,0
2026-05-01T05:00,5.2,7.2,47.0,47.0,2.67,4.91,0,0
2026-05-01T06:00,8.0,9.4,168.0,167.0,2.72,4.15,0,0
2026-05-01T07:00,11.6,12.1,319.0,316.0,2.73,4.25,0,0
2026-05-01T08:00,15.0,14.6,473.0,468.0,1.97,2.95,0,0
2026-05-01T09:00,17.6,16.9,610.0,601.0,1.88,3.01,0,0
2026-05-01T10:00,19.3,18.5,712.0,701.0,2.51,3.73,0,0
2026-05-01T11:00,20.6,19.6,774.0,761.0,3.07,3.81,0,0
2026-05-01T12:00,21.3,20.8,789.0,778.0,3.77,4.17,0,3
2026-05-01T13:00,22.1,21.5,755.0,745.0,3.9,4.38,0,0
2026-05-01T14:00,22.7,22.0,678.0,671.0,3.67,4.65,0,10
2026-05-01T15:00,22.9,22.2,567.0,560.0,4.39,5.08,0,7
2026-05-01T16:00,22.5,22.1,428.0,421.0,5.0,5.56,0,7
2026-05-01T17:00,22.0,21.6,274.0,268.0,4.72,6.14,0,0
2026-05-01T18:00,21.3,20.2,125.0,121.0,4.96,6.41,0,0
2026-05-01T19:00,17.5,17.2,19.0,18.0,7.45,7.39,0,0
2026-05-01T20:00,15.8,15.5,0.0,0.0,10.44,9.43,0,0
2026-05-01T21:00,14.6,14.5,0.0,0.0,10.08,11.16,0,0
2026-05-01T22:00,13.7,13.9,0.0,0.0,10.38,12.26,0,0
2026-05-01T23:00,12.8,13.2,0.0,0.0,10.59,12.23,0,0
2026-05-02T00:00,11.6,12.2,0.0,0.0,10.39,11.95,0,0
2026-05-02T01:00,10.9,11.6,0.0,0.0,10.79,11.87,0,0
2026-05-02T02:00,10.4,11.2,0.0,0.0,10.41,12.11,0,0
2026-05-02T03:00,9.5,10.9,0.0,0.0,10.13,11.78,0,0
2026-05-02T04:00,9.0,10.5,1.0,1.0,10.09,11.53,0,0
2026-05-02T05:00,9.7,11.1,50.0,50.0,9.77,11.43,0,0
2026-05-02T06:00,12.1,13.2,174.0,175.0,8.91,10.79,0,0
2026-05-02T07:00,15.0,15.7,329.0,327.0,6.9,9.12,0,0
2026-05-02T08:00,17.6,18.2,483.0,481.0,5.82,6.11,0,0
2026-05-02T09:00,20.2,20.3,619.0,615.0,5.56,6.84,0,0
2026-05-02T10:00,22.4,22.0,722.0,717.0,5.59,6.19,0,0
2026-05-02T11:00,23.9,23.3,785.0,778.0,5.52,5.95,0,17
2026-05-02T12:00,24.7,24.2,798.0,795.0,6.56,6.63,98,66
2026-05-02T13:00,24.8,24.4,723.0,729.0,6.12,6.18,100,100
2026-05-02T14:00,24.9,24.3,548.0,534.0,5.16,6.1,93,100
2026-05-02T15:00,25.2,23.2,510.0,368.0,4.35,5.7,100,100
2026-05-02T16:00,23.4,20.5,299.0,273.0,6.47,6.6,100,100
2026-05-02T17:00,19.2,18.7,189.0,150.0,8.11,5.27,81,100
2026-05-02T18:00,17.3,17.4,107.0,94.0,5.77,5.72,100,100
2026-05-02T19:00,15.4,15.6,18.0,14.0,5.19,4.81,100,71
2026-05-02T20:00,13.6,14.4,0.0,0.0,4.19,3.98,100,93
2026-05-02T21:00,13.1,13.5,0.0,0.0,4.09,3.68,100,100
2026-05-02T22:00,12.2,12.8,0.0,0.0,3.4,2.8,66,100
2026-05-02T23:00,11.6,12.4,0.0,0.0,2.22,1.95,0,100
2026-05-03T00:00,10.9,12.1,0.0,0.0,2.64,1.69,100,90
2026-05-03T01:00,10.2,11.7,0.0,0.0,2.28,0.88,82,98
2026-05-03T02:00,10.0,11.3,0.0,0.0,1.28,0.2,82,51
2026-05-03T03:00,10.6,10.7,0.0,0.0,1.06,0.69,96,95
2026-05-03T04:00,10.2,10.5,1.0,1.0,2.52,1.74,100,96
2026-05-03T05:00,10.8,11.2,36.0,39.0,2.55,3.32,100,99
2026-05-03T06:00,12.5,12.7,112.0,81.0,3.08,4.09,100,100
2026-05-03T07:00,14.6,14.2,219.0,132.0,2.59,4.91,100,100
2026-05-03T08:00,16.6,16.6,322.0,266.0,1.86,5.26,100,100
2026-05-03T09:00,17.8,19.1,416.0,485.0,1.32,3.32,100,100
2026-05-03T10:00,19.0,20.9,426.0,569.0,0.66,2.69,97,100
2026-05-03T11:00,20.0,22.5,397.0,645.0,2.11,4.93,100,100
2026-05-03T12:00,22.1,23.9,572.0,626.0,2.26,8.98,98,100
2026-05-03T13:00,23.5,23.9,633.0,613.0,3.13,9.49,100,96
2026-05-03T14:00,24.1,21.8,573.0,319.0,5.06,10.57,84,100
2026-05-03T15:00,24.0,18.8,453.0,222.0,5.82,9.35,100,100
2026-05-03T16:00,23.6,17.6,271.0,119.0,6.67,6.67,100,97
2026-05-03T17:00,20.4,17.3,138.0,85.0,6.45,5.42,100,100
2026-05-03T18:00,18.5,16.3,41.0,24.0,2.2,6.02,100,100
2026-05-03T19:00,18.1,15.5,9.0,3.0,6.05,7.17,100,100
2026-05-03T20:00,15.1,15.0,0.0,0.0,7.18,6.92,100,100
2026-05-03T21:00,14.6,14.7,0.0,0.0,5.06,8.19,100,100
2026-05-03T22:00,14.7,14.4,0.0,0.0,5.54,6.67,100,100
2026-05-03T23:00,14.3,13.9,0.0,0.0,6.27,5.72,99,100
2026-05-04T00:00,13.1,13.8,0.0,0.0,9.06,3.94,100,100
2026-05-04T01:00,12.7,13.6,0.0,0.0,9.61,6.58,100,100
2026-05-04T02:00,12.6,13.5,0.0,0.0,8.83,9.61,100,98
2026-05-04T03:00,11.6,13.1,0.0,0.0,9.12,9.11,100,98
2026-05-04T04:00,11.5,12.4,0.0,0.0,7.07,8.54,100,99
2026-05-04T05:00,11.6,12.2,21.0,16.0,6.33,7.66,98,99
2026-05-04T06:00,11.5,11.9,91.0,62.0,6.33,5.86,81,94
2026-05-04T07:00,11.6,11.7,159.0,134.0,4.61,5.49,78,96
2026-05-04T08:00,12.1,11.8,289.0,197.0,4.13,4.89,93,100
2026-05-04T09:00,13.0,11.8,428.0,205.0,5.02,4.3,100,98
2026-05-04T10:00,13.7,12.5,532.0,312.0,4.71,4.34,41,96
2026-05-04T11:00,14.9,13.0,724.0,338.0,5.32,5.43,100,98
2026-05-04T12:00,15.1,15.7,735.0,577.0,5.61,5.96,45,74
2026-05-04T13:00,15.3,16.1,733.0,583.0,5.41,6.75,45,61
2026-05-04T14:00,15.5,16.2,668.0,561.0,5.73,6.66,0,98
2026-05-04T15:00,14.6,16.4,558.0,491.0,5.85,5.98,0,64
2026-05-04T16:00,14.5,15.9,427.0,398.0,5.62,5.0,0,39
2026-05-04T17:00,13.8,15.1,276.0,262.0,5.6,4.85,0,61
2026-05-04T18:00,13.2,14.8,126.0,126.0,4.43,5.09,0,32
2026-05-04T19:00,11.5,12.7,23.0,22.0,5.57,6.07,36,36
2026-05-04T20:00,9.8,11.2,0.0,0.0,6.51,6.51,99,50
2026-05-04T21:00,8.7,10.0,0.0,0.0,5.63,6.62,100,63
2026-05-04T22:00,7.7,9.4,0.0,0.0,5.88,7.66,78,86
2026-05-04T23:00,6.9,8.4,0.0,0.0,5.12,8.14,72,100
2026-05-05T00:00,6.9,9.4,0.0,0.0,4.91,6.73,91,81
2026-05-05T01:00,6.5,8.7,0.0,0.0,5.69,6.8,100,95
2026-05-05T02:00,6.0,8.3,0.0,0.0,4.4,6.94,100,96
2026-05-05T03:00,6.4,8.0,0.0,0.0,5.86,6.85,100,96
2026-05-05T04:00,5.9,7.9,2.0,0.0,6.36,6.85,92,100
2026-05-05T05:00,6.3,7.4,56.0,7.0,6.62,6.61,33,100
2026-05-05T06:00,7.6,6.7,138.0,19.0,5.88,8.12,100,100
2026-05-05T07:00,9.4,7.3,294.0,47.0,6.0,7.46,68,100
2026-05-05T08:00,11.0,8.2,446.0,119.0,5.65,6.45,19,100
2026-05-05T09:00,12.4,9.5,590.0,264.0,4.91,6.7,60,99
2026-05-05T10:00,13.5,10.3,688.0,300.0,4.74,6.94,51,96
2026-05-05T11:00,14.5,10.9,734.0,324.0,4.72,7.11,47,100
2026-05-05T12:00,13.2,10.7,402.0,142.0,4.67,4.09,100,99
2026-05-05T13:00,13.9,11.1,407.0,164.0,4.24,4.58,98,99
2026-05-05T14:00,13.6,10.8,312.0,110.0,3.24,5.07,99,99
2026-05-05T15:00,15.3,10.9,571.0,129.0,6.18,4.51,10,100
2026-05-05T16:00,14.6,10.8,428.0,102.0,6.17,5.13,54,100
2026-05-05T17:00,13.7,10.7,282.0,72.0,7.14,4.74,0,98
2026-05-05T18:00,12.9,11.4,99.0,35.0,5.13,4.12,97,100
2026-05-05T19:00,11.9,10.7,18.0,8.0,6.34,4.84,82,94
2026-05-05T20:00,11.0,10.1,0.0,0.0,8.83,5.96,100,92
2026-05-05T21:00,8.8,9.9,0.0,0.0,7.94,7.19,100,100
2026-05-05T22:00,8.0,9.7,0.0,0.0,7.15,7.14,100,100
2026-05-05T23:00,7.6,9.7,0.0,0.0,7.36,7.49,100,97
2026-05-06T00:00,7.6,7.9,0.0,0.0,7.97,7.48,96,80
2026-05-06T01:00,7.2,7.7,0.0,0.0,8.25,7.76,80,75
2026-05-06T02:00,6.9,7.5,0.0,0.0,8.31,8.39,100,84
2026-05-06T03:00,6.5,7.4,0.0,0.0,10.07,9.42,100,91
2026-05-06T04:00,6.4,7.0,2.0,2.0,10.25,9.91,100,71
2026-05-06T05:00,7.0,7.3,55.0,57.0,10.4,10.81,86,62
2026-05-06T06:00,8.2,7.8,73.0,164.0,9.35,9.16,100,87
2026-05-06T07:00,9.5,9.3,169.0,312.0,8.39,8.57,100,57
2026-05-06T08:00,10.8,10.9,276.0,466.0,8.31,8.95,100,67
2026-05-06T09:00,11.7,12.0,282.0,575.0,8.91,8.94,100,100
2026-05-06T10:00,12.5,12.4,337.0,497.0,8.88,8.87,100,100
2026-05-06T11:00,12.8,12.8,301.0,401.0,8.59,8.11,100,100
2026-05-06T12:00,13.9,12.5,471.0,440.0,8.6,8.11,100,100
2026-05-06T13:00,13.9,12.5,381.0,409.0,8.18,7.21,100,100
2026-05-06T14:00,14.0,12.4,362.0,328.0,7.55,6.26,100,100
2026-05-06T15:00,14.2,12.1,295.0,247.0,6.64,6.08,100,100
2026-05-06T16:00,14.0,11.6,237.0,118.0,7.1,6.6,99,100
2026-05-06T17:00,13.3,11.3,191.0,71.0,7.38,6.03,99,100
2026-05-06T18:00,12.2,12.2,53.0,75.0,7.1,6.44,100,100
2026-05-06T19:00,11.1,11.1,12.0,16.0,7.45,6.7,100,100
2026-05-06T20:00,10.0,10.2,0.0,0.0,6.44,6.57,100,100
2026-05-06T21:00,9.1,9.5,0.0,0.0,6.46,6.1,100,99
2026-05-06T22:00,8.9,8.9,0.0,0.0,6.94,5.78,99,97
2026-05-06T23:00,8.7,8.4,0.0,0.0,6.37,5.3,94,91
2026-05-07T00:00,8.8,7.3,0.0,0.0,5.83,7.4,100,99
2026-05-07T01:00,8.3,7.1,0.0,0.0,5.76,7.09,96,100
2026-05-07T02:00,7.4,6.8,0.0,0.0,5.62,6.66,89,60
2026-05-07T03:00,6.2,6.5,0.0,0.0,6.29,7.08,72,86
2026-05-07T04:00,5.3,6.0,2.0,2.0,6.73,7.36,100,36
2026-05-07T05:00,5.8,6.4,64.0,64.0,6.43,7.25,100,40
2026-05-07T06:00,8.0,7.3,199.0,189.0,4.04,7.06,8,77
2026-05-07T07:00,9.4,9.1,344.0,333.0,4.08,4.71,67,26
2026-05-07T08:00,10.4,10.8,414.0,505.0,4.37,4.73,75,11
2026-05-07T09:00,12.0,12.3,549.0,644.0,4.27,5.0,58,0
2026-05-07T10:00,13.5,13.7,711.0,743.0,4.52,5.78,21,0
2026-05-07T11:00,14.5,14.8,790.0,804.0,4.8,6.27,10,0
2026-05-07T12:00,14.7,15.7,766.0,791.0,5.23,5.13,83,39
2026-05-07T13:00,15.2,16.1,733.0,754.0,5.96,5.25,67,34
2026-05-07T14:00,15.2,16.2,686.0,661.0,6.46,5.42,39,47
2026-05-07T15:00,15.1,15.9,598.0,501.0,6.77,5.54,0,47
2026-05-07T16:00,14.5,15.4,457.0,383.0,7.21,5.56,0,28
2026-05-07T17:00,13.7,14.8,301.0,271.0,7.15,6.07,0,53
2026-05-07T18:00,12.8,13.5,148.0,142.0,7.19,7.39,0,1
2026-05-07T19:00,9.9,11.6,30.0,30.0,7.22,8.2,4,0
2026-05-07T20:00,7.7,10.0,0.0,0.0,7.27,9.12,0,0
2026-05-07T21:00,6.8,8.9,0.0,0.0,6.56,9.02,0,0
2026-05-07T22:00,5.8,8.1,0.0,0.0,6.54,8.4,0,0
2026-05-07T23:00,5.2,7.4,0.0,0.0,5.92,7.59,0,0
2026-05-08T00:00,4.6,6.5,0.0,0.0,5.26,6.7,0,4
2026-05-08T01:00,4.2,6.2,0.0,0.0,5.31,7.19,0,0
2026-05-08T02:00,3.9,5.8,0.0,0.0,5.68,7.45,0,0
2026-05-08T03:00,3.3,5.4,0.0,0.0,5.33,7.19,0,0
2026-05-08T04:00,3.1,5.0,3.0,3.0,5.64,7.11,0,0
2026-05-08T05:00,4.2,5.8,70.0,71.0,5.86,7.23,0,0
2026-05-08T06:00,6.7,8.2,206.0,202.0,5.86,6.23,0,25
2026-05-08T07:00,9.3,10.4,363.0,351.0,3.59,5.36,0,41
2026-05-08T08:00,11.3,12.4,518.0,485.0,4.52,4.11,0,32
2026-05-08T09:00,13.2,13.9,647.0,635.0,4.52,5.42,0,22
2026-05-08T10:00,14.5,15.0,748.0,729.0,5.48,5.9,0,21
2026-05-08T11:00,15.3,15.8,806.0,795.0,5.61,5.86,3,26
2026-05-08T12:00,16.1,16.0,815.0,827.0,6.2,6.67,11,0
2026-05-08T13:00,16.4,16.4,790.0,794.0,6.89,6.33,0,0
2026-05-08T14:00,16.3,16.6,716.0,717.0,6.66,6.11,7,2
2026-05-08T15:00,16.0,16.5,573.0,597.0,5.84,5.86,44,26
2026-05-08T16:00,15.8,16.0,445.0,425.0,5.08,5.9,14,69
2026-05-08T17:00,14.7,15.1,289.0,241.0,7.08,6.76,0,57
2026-05-08T18:00,13.4,13.8,145.0,140.0,7.67,7.84,0,25
2026-05-08T19:00,11.1,11.8,32.0,31.0,8.82,9.22,44,14
2026-05-08T20:00,9.5,10.3,0.0,0.0,8.92,10.46,37,38
2026-05-08T21:00,8.1,9.3,0.0,0.0,8.87,11.08,7,39
2026-05-08T22:00,7.5,8.6,0.0,0.0,9.13,11.09,0,26
2026-05-08T23:00,7.2,8.0,0.0,0.0,9.18,10.45,0,22
2026-05-09T00:00,6.1,7.6,0.0,0.0,8.13,9.72,0,26
2026-05-09T01:00,5.4,6.9,0.0,0.0,8.01,9.1,0,20
2026-05-09T02:00,4.8,6.3,0.0,0.0,7.34,8.33,0,39
2026-05-09T03:00,3.5,6.1,0.0,0.0,6.9,7.66,0,65
2026-05-09T04:00,3.0,6.1,4.0,3.0,7.01,7.13,0,69
2026-05-09T05:00,4.3,6.6,70.0,54.0,7.34,6.89,0,65
2026-05-09T06:00,6.8,7.3,204.0,204.0,6.2,7.06,0,0
2026-05-09T07:00,9.3,9.5,361.0,358.0,4.62,4.52,0,0
2026-05-09T08:00,11.5,11.7,514.0,511.0,4.52,4.61,0,3
2026-05-09T09:00,13.8,13.7,647.0,642.0,3.88,4.61,0,48
2026-05-09T10:00,15.3,15.1,748.0,742.0,2.92,3.92,0,4
2026-05-09T11:00,16.3,16.3,806.0,802.0,2.14,3.14,0,40
2026-05-09T12:00,17.2,17.1,810.0,774.0,2.08,2.61,44,45
2026-05-09T13:00,17.6,17.5,712.0,673.0,3.05,2.88,24,66
2026-05-09T14:00,18.0,17.5,691.0,492.0,3.66,3.02,50,91
2026-05-09T15:00,17.4,17.4,446.0,381.0,3.95,3.49,54,81
2026-05-09T16:00,17.2,17.2,321.0,295.0,3.92,3.2,100,87
2026-05-09T17:00,16.9,17.0,141.0,185.0,4.21,3.51,90,88
2026-05-09T18:00,16.0,16.3,67.0,120.0,4.52,3.67,100,55
2026-05-09T19:00,15.0,14.2,16.0,28.0,3.75,5.74,100,76
2026-05-09T20:00,14.2,12.3,0.0,0.0,2.73,7.02,100,85
2026-05-09T21:00,12.4,11.7,0.0,0.0,3.88,6.64,100,91
2026-05-09T22:00,11.6,11.4,0.0,0.0,3.48,7.37,100,80
2026-05-09T23:00,11.7,11.0,0.0,0.0,2.45,7.19,100,86
2026-05-10T00:00,11.3,11.2,0.0,0.0,1.67,4.23,100,92
2026-05-10T01:00,11.1,11.0,0.0,0.0,3.28,4.17,100,96
2026-05-10T02:00,10.5,11.0,0.0,0.0,3.55,4.61,100,100
2026-05-10T03:00,10.0,11.0,0.0,0.0,4.5,3.29,100,98
2026-05-10T04:00,10.2,10.7,2.0,2.0,3.81,2.24,100,98
2026-05-10T05:00,10.3,11.0,21.0,36.0,3.05,1.93,100,90
2026-05-10T06:00,11.6,11.6,120.0,134.0,1.85,3.96,65,89
2026-05-10T07:00,13.2,12.6,252.0,214.0,0.6,3.47,98,84
2026-05-10T08:00,14.5,13.9,376.0,344.0,1.53,3.69,57,86
2026-05-10T09:00,15.6,14.3,545.0,358.0,2.86,3.77,100,100
2026-05-10T10:00,16.6,14.7,637.0,403.0,2.5,3.92,98,97
2026-05-10T11:00,17.2,15.3,651.0,513.0,2.36,4.53,97,100
2026-05-10T12:00,18.2,16.6,667.0,463.0,3.32,4.08,88,95
2026-05-10T13:00,17.5,17.0,589.0,534.0,6.35,4.96,90,99
2026-05-10T14:00,17.8,17.1,616.0,499.0,6.45,4.82,98,100
2026-05-10T15:00,17.0,16.8,522.0,431.0,8.04,6.09,98,100
2026-05-10T16:00,15.4,15.5,382.0,391.0,8.54,8.1,80,45
2026-05-10T17:00,13.7,13.9,220.0,292.0,8.31,8.37,100,73
2026-05-10T18:00,11.4,12.8,149.0,106.0,8.29,8.53,16,65
2026-05-10T19:00,9.6,11.4,36.0,28.0,8.32,7.78,8,71
2026-05-10T20:00,8.0,10.3,0.0,0.0,8.31,8.25,30,76
2026-05-10T21:00,8.3,9.5,0.0,0.0,8.15,8.86,93,88
2026-05-10T22:00,7.7,8.7,0.0,0.0,7.75,7.84,100,87
2026-05-10T23:00,7.4,7.8,0.0,0.0,7.86,8.04,100,91
2026-05-11T00:00,7.1,6.1,0.0,0.0,7.56,8.77,100,80
2026-05-11T01:00,6.6,5.4,0.0,0.0,7.35,8.54,100,92
2026-05-11T02:00,6.0,5.0,0.0,0.0,7.78,8.59,87,84
2026-05-11T03:00,5.7,4.6,0.0,0.0,7.64,8.39,100,86
2026-05-11T04:00,5.5,4.5,3.0,4.0,7.54,8.98,100,100
2026-05-11T05:00,5.6,5.0,24.0,53.0,7.65,7.72,100,100
2026-05-11T06:00,5.8,5.0,87.0,177.0,6.35,5.78,100,100
2026-05-11T07:00,6.8,6.8,151.0,271.0,5.98,3.73,100,100
2026-05-11T08:00,7.8,8.4,199.0,384.0,6.02,3.95,100,100
2026-05-11T09:00,9.4,9.6,507.0,492.0,5.68,3.9,100,100
2026-05-11T10:00,10.1,10.0,517.0,530.0,5.75,4.35,100,100
2026-05-11T11:00,11.0,10.6,641.0,517.0,6.01,4.79,100,100
2026-05-11T12:00,10.8,10.6,584.0,311.0,7.53,9.08,100,100
2026-05-11T13:00,11.2,9.4,684.0,246.0,7.53,10.27,4,89
2026-05-11T14:00,11.5,10.0,624.0,368.0,7.01,10.61,89,83
2026-05-11T15:00,11.1,10.6,344.0,509.0,7.13,10.4,100,36
2026-05-11T16:00,10.1,10.0,129.0,364.0,7.53,12.4,100,59
2026-05-11T17:00,10.0,9.1,71.0,282.0,4.24,11.92,100,39
2026-05-11T18:00,10.3,8.4,133.0,137.0,7.06,10.99,60,88
2026-05-11T19:00,8.9,7.0,35.0,35.0,8.02,10.61,100,19
2026-05-11T20:00,7.8,5.9,0.0,0.0,8.19,9.93,65,9
2026-05-11T21:00,6.5,5.4,0.0,0.0,6.94,9.41,0,34
2026-05-11T22:00,5.8,5.2,0.0,0.0,5.7,8.9,34,51
2026-05-11T23:00,5.0,5.2,0.0,0.0,4.91,8.64,90,50
2026-05-12T00:00,4.3,5.9,0.0,0.0,4.75,7.98,43,99
2026-05-12T01:00,3.7,5.8,0.0,0.0,3.87,7.35,51,95
2026-05-12T02:00,3.3,5.8,0.0,0.0,2.94,5.6,3,92
2026-05-12T03:00,2.5,5.6,0.0,0.0,4.49,4.9,64,91
2026-05-12T04:00,3.1,5.0,4.0,6.0,4.04,4.21,98,54
2026-05-12T05:00,5.0,5.6,56.0,81.0,5.3,5.21,82,42
2026-05-12T06:00,7.2,6.9,200.0,140.0,4.65,6.76,44,58
2026-05-12T07:00,8.9,8.7,354.0,320.0,5.06,4.59,83,33
2026-05-12T08:00,10.4,11.0,351.0,526.0,6.26,7.27,32,71
2026-05-12T09:00,10.0,11.8,261.0,427.0,10.56,8.95,100,91
2026-05-12T10:00,11.4,11.4,298.0,355.0,8.43,10.33,100,89
2026-05-12T11:00,13.4,12.4,604.0,469.0,10.57,10.17,100,86
2026-05-12T12:00,11.9,11.7,339.0,653.0,11.69,12.24,100,53
2026-05-12T13:00,11.1,12.0,346.0,782.0,13.02,11.68,100,13
2026-05-12T14:00,11.6,11.9,430.0,716.0,12.75,11.03,44,52
2026-05-12T15:00,11.4,11.4,504.0,486.0,12.34,11.16,2,82
2026-05-12T16:00,10.7,10.6,468.0,336.0,11.72,10.57,0,97
2026-05-12T17:00,10.0,10.3,266.0,197.0,10.6,8.23,63,79
2026-05-12T18:00,9.2,9.9,153.0,99.0,8.7,9.89,95,100
2026-05-12T19:00,8.4,9.1,34.0,21.0,6.41,7.78,98,100
2026-05-12T20:00,8.0,8.7,0.0,0.0,7.25,7.09,90,100
2026-05-12T21:00,7.8,8.2,0.0,0.0,8.26,6.89,91,93
2026-05-12T22:00,7.8,7.9,0.0,0.0,9.02,8.2,100,92
2026-05-12T23:00,7.6,7.5,0.0,0.0,9.46,9.46,96,95
2026-05-13T00:00,7.1,7.4,0.0,0.0,10.61,9.9,100,98
2026-05-13T01:00,6.8,7.0,0.0,0.0,10.6,10.53,69,87
2026-05-13T02:00,6.9,6.7,0.0,0.0,10.36,10.71,100,75
2026-05-13T03:00,5.9,6.6,0.0,0.0,9.87,11.0,90,66
2026-05-13T04:00,6.3,6.8,4.0,6.0,8.87,8.95,77,75
2026-05-13T05:00,6.6,7.5,47.0,63.0,10.3,8.51,88,77
2026-05-13T06:00,8.1,8.3,207.0,150.0,7.98,6.91,37,74
2026-05-13T07:00,9.9,9.3,311.0,260.0,9.15,7.38,25,71
2026-05-13T08:00,10.8,10.5,448.0,426.0,9.57,6.86,65,43
2026-05-13T09:00,11.7,11.5,465.0,529.0,9.41,7.25,70,74
2026-05-13T10:00,12.2,11.9,677.0,589.0,10.2,6.56,21,79
2026-05-13T11:00,12.6,12.7,729.0,694.0,8.55,5.48,4,71
2026-05-13T12:00,13.0,13.2,657.0,734.0,8.13,7.56,18,36
2026-05-13T13:00,13.3,13.5,721.0,727.0,7.63,6.96,76,60
2026-05-13T14:00,13.3,12.9,646.0,571.0,7.5,6.48,40,54
2026-05-13T15:00,12.7,12.4,475.0,468.0,6.11,5.86,94,83
2026-05-13T16:00,12.5,11.9,438.0,302.0,4.52,4.74,19,100
2026-05-13T17:00,12.0,11.3,263.0,180.0,3.9,3.89,100,100
2026-05-13T18:00,11.3,11.0,76.0,96.0,3.37,2.15,100,100
2026-05-13T19:00,10.3,10.2,18.0,27.0,4.16,2.37,97,99
2026-05-13T20:00,9.2,9.0,0.0,0.0,4.26,3.27,100,100
2026-05-13T21:00,8.1,8.3,0.0,0.0,2.5,2.89,100,100
2026-05-13T22:00,8.2,7.9,0.0,0.0,1.86,3.43,95,94
2026-05-13T23:00,7.7,7.8,0.0,0.0,3.19,2.88,98,100
2026-05-14T00:00,7.2,7.1,0.0,0.0,3.14,1.06,95,98
2026-05-14T01:00,7.0,6.5,0.0,0.0,2.95,0.92,99,100
2026-05-14T02:00,6.9,6.5,0.0,0.0,3.33,1.41,100,100
2026-05-14T03:00,6.7,6.6,0.0,0.0,0.98,1.62,100,100
2026-05-14T04:00,6.4,6.7,4.0,4.0,1.36,2.06,100,100
2026-05-14T05:00,6.7,6.9,46.0,30.0,3.32,3.04,95,100
2026-05-14T06:00,6.6,7.1,140.0,50.0,3.79,0.98,100,98
2026-05-14T07:00,7.9,7.8,204.0,116.0,3.38,1.18,100,96
2026-05-14T08:00,9.4,9.1,275.0,291.0,3.13,1.77,97,91
2026-05-14T09:00,11.4,9.8,585.0,362.0,3.66,2.86,57,99
2026-05-14T10:00,10.4,10.5,409.0,420.0,4.82,4.06,62,98
2026-05-14T11:00,12.3,12.2,634.0,599.0,6.3,5.16,40,99
2026-05-14T12:00,12.5,11.4,557.0,566.0,6.54,5.14,100,90
2026-05-14T13:00,12.8,12.6,751.0,648.0,6.28,6.31,49,98
2026-05-14T14:00,12.6,12.5,699.0,640.0,8.28,6.93,0,98
2026-05-14T15:00,12.1,12.4,470.0,576.0,6.51,6.62,68,40
2026-05-14T16:00,11.8,11.7,451.0,430.0,7.99,6.71,41,24
2026-05-14T17:00,11.3,11.1,329.0,319.0,7.01,6.39,29,3
2026-05-14T18:00,10.4,10.8,172.0,167.0,6.37,4.65,0,21
2026-05-14T19:00,8.9,9.1,48.0,46.0,5.7,4.59,0,20
2026-05-14T20:00,7.1,7.6,0.0,0.0,4.39,4.37,0,12
2026-05-14T21:00,6.2,6.5,0.0,0.0,5.25,4.02,0,0
2026-05-14T22:00,5.6,5.8,0.0,0.0,6.14,3.82,0,0
2026-05-14T23:00,5.0,5.3,0.0,0.0,6.08,3.15,0,2
2026-05-15T00:00,4.4,4.8,0.0,0.0,6.88,6.11,0,0
2026-05-15T01:00,4.1,4.6,0.0,0.0,8.11,6.61,0,0
2026-05-15T02:00,3.9,4.2,0.0,0.0,8.07,6.27,0,10
2026-05-15T03:00,3.5,3.9,0.0,0.0,7.98,6.25,0,19
2026-05-15T04:00,3.3,4.0,9.0,9.0,7.7,6.61,0,16
2026-05-15T05:00,4.7,5.2,91.0,94.0,7.67,6.8,57,16
2026-05-15T06:00,6.9,6.8,236.0,234.0,5.16,6.65,4,0
2026-05-15T07:00,9.0,8.8,389.0,393.0,4.52,5.08,0,16
2026-05-15T08:00,10.7,10.1,534.0,449.0,5.54,7.14,58,64
2026-05-15T09:00,11.6,11.2,517.0,506.0,6.24,7.09,97,85
2026-05-15T10:00,12.2,12.2,512.0,547.0,7.49,7.83,97,99
2026-05-15T11:00,13.0,12.4,592.0,532.0,7.34,8.11,100,100
2026-05-15T12:00,13.6,13.8,730.0,551.0,8.13,7.87,99,79
2026-05-15T13:00,12.5,13.5,555.0,539.0,8.15,8.0,100,92
2026-05-15T14:00,13.7,13.0,517.0,565.0,8.43,7.72,96,72
2026-05-15T15:00,10.7,12.3,321.0,473.0,7.49,7.3,100,84
2026-05-15T16:00,11.5,11.7,349.0,302.0,5.92,6.88,100,88
2026-05-15T17:00,10.7,11.4,192.0,210.0,6.62,6.37,97,87
2026-05-15T18:00,9.9,10.4,115.0,115.0,5.85,7.1,100,100
2026-05-15T19:00,9.3,9.6,21.0,36.0,5.51,7.75,100,77
2026-05-15T20:00,8.4,8.5,0.0,0.0,6.66,7.94,87,89
2026-05-15T21:00,7.9,7.7,0.0,0.0,7.04,8.59,90,97
2026-05-15T22:00,7.5,7.5,0.0,0.0,7.7,9.3,99,100
2026-05-15T23:00,7.0,7.5,0.0,0.0,7.84,9.26,96,100
2026-05-16T00:00,6.8,7.3,0.0,0.0,8.17,8.72,100,100
2026-05-16T01:00,6.6,7.1,0.0,0.0,8.11,8.88,100,99
2026-05-16T02:00,6.6,7.1,0.0,0.0,8.87,8.77,100,99
2026-05-16T03:00,6.4,7.1,0.0,0.0,8.66,8.06,99,100
2026-05-16T04:00,6.6,7.1,5.0,4.0,9.64,7.9,96,100
2026-05-16T05:00,6.6,7.4,72.0,35.0,9.77,7.98,79,100
2026-05-16T06:00,6.9,8.1,123.0,109.0,9.42,8.92,99,98
2026-05-16T07:00,8.2,9.0,203.0,169.0,9.64,9.56,98,99
2026-05-16T08:00,8.9,9.4,258.0,161.0,11.79,9.8,95,96
2026-05-16T09:00,9.5,10.6,216.0,385.0,10.0,9.16,96,82
2026-05-16T10:00,9.7,11.4,278.0,463.0,8.87,9.7,91,83
2026-05-16T11:00,8.8,12.1,326.0,555.0,9.87,10.1,100,77
2026-05-16T12:00,11.7,12.3,382.0,570.0,8.75,10.21,100,85
2026-05-16T13:00,11.5,13.1,483.0,583.0,8.72,10.41,83,100
2026-05-16T14:00,13.3,13.3,604.0,654.0,9.11,10.19,71,100
2026-05-16T15:00,12.6,13.1,395.0,542.0,9.96,11.08,90,94
2026-05-16T16:00,12.1,12.6,228.0,384.0,8.72,10.5,93,89
2026-05-16T17:00,11.2,12.2,146.0,255.0,10.46,10.21,100,78
2026-05-16T18:00,10.3,11.0,97.0,162.0,7.39,8.52,56,28
2026-05-16T19:00,9.1,9.9,45.0,49.0,5.82,7.84,55,37
2026-05-16T20:00,7.7,8.8,1.0,1.0,6.3,7.15,81,42
2026-05-16T21:00,7.0,7.8,0.0,0.0,6.86,6.23,78,38
2026-05-16T22:00,6.9,7.2,0.0,0.0,7.55,7.53,79,36
2026-05-16T23:00,6.4,6.7,0.0,0.0,7.0,7.83,92,17
2026-05-17T00:00,6.7,6.1,0.0,0.0,7.1,6.55,96,36
2026-05-17T01:00,6.8,5.8,0.0,0.0,7.08,6.18,81,45
2026-05-17T02:00,6.8,5.7,0.0,0.0,6.73,6.14,100,52
2026-05-17T03:00,6.2,5.6,0.0,0.0,6.57,6.25,87,49
2026-05-17T04:00,6.3,5.6,7.0,11.0,5.9,6.07,98,47
2026-05-17T05:00,7.1,6.8,57.0,93.0,5.06,5.74,100,19
2026-05-17T06:00,8.1,8.7,129.0,200.0,4.34,4.61,93,59
2026-05-17T07:00,9.8,10.4,305.0,333.0,3.63,3.4,93,56
2026-05-17T08:00,11.3,11.9,425.0,440.0,4.25,3.33,81,71
2026-05-17T09:00,13.0,13.4,629.0,589.0,5.48,4.53,100,42
2026-05-17T10:00,14.5,14.4,621.0,714.0,6.34,4.47,100,48
2026-05-17T11:00,14.8,15.3,588.0,759.0,7.37,4.37,100,49
2026-05-17T12:00,14.3,15.9,287.0,666.0,7.32,4.39,100,100
2026-05-17T13:00,14.9,15.9,350.0,444.0,7.82,5.59,100,100
2026-05-17T14:00,14.7,15.8,220.0,363.0,6.63,4.33,100,99
2026-05-17T15:00,14.9,16.0,262.0,279.0,6.01,4.8,100,95
2026-05-17T16:00,14.7,15.9,177.0,203.0,6.49,5.68,100,94
2026-05-17T17:00,14.0,15.1,92.0,116.0,4.78,5.49,100,91
2026-05-17T18:00,13.1,14.4,67.0,74.0,5.44,5.39,99,97
2026-05-17T19:00,12.5,13.4,22.0,17.0,5.73,6.3,93,95
2026-05-17T20:00,11.5,12.6,0.0,1.0,6.48,6.99,96,96
2026-05-17T21:00,11.0,12.0,0.0,0.0,6.57,7.76,100,97
2026-05-17T22:00,10.6,11.6,0.0,0.0,6.38,7.66,98,98
2026-05-17T23:00,10.1,11.2,0.0,0.0,6.35,8.22,100,98
2026-05-18T00:00,10.0,11.1,0.0,0.0,6.33,7.47,99,100
2026-05-18T01:00,9.8,11.0,0.0,0.0,6.28,6.96,99,100
2026-05-18T02:00,9.6,10.8,0.0,0.0,5.59,5.6,100,100
2026-05-18T03:00,9.6,10.5,0.0,0.0,7.68,5.07,100,100
2026-05-18T04:00,9.7,10.3,5.0,5.0,7.39,5.3,100,100
2026-05-18T05:00,10.2,10.7,31.0,34.0,7.07,5.75,100,100
2026-05-18T06:00,11.1,11.2,102.0,116.0,7.02,5.25,92,100
2026-05-18T07:00,12.6,12.5,226.0,197.0,5.68,5.27,94,100
2026-05-18T08:00,14.3,14.4,371.0,346.0,5.68,3.83,89,100
2026-05-18T09:00,15.3,16.0,341.0,480.0,5.87,3.97,88,98
2026-05-18T10:00,16.7,17.7,482.0,639.0,6.82,4.58,94,93
2026-05-18T11:00,17.3,18.0,499.0,555.0,7.54,5.46,98,95
2026-05-18T12:00,17.9,17.8,396.0,565.0,6.3,5.7,97,84
2026-05-18T13:00,17.5,17.8,425.0,480.0,5.72,4.31,98,87
2026-05-18T14:00,18.0,18.2,447.0,466.0,6.02,2.64,96,77
2026-05-18T15:00,15.4,17.8,244.0,381.0,5.99,3.0,100,99
2026-05-18T16:00,14.9,17.5,175.0,277.0,4.05,2.92,100,84
2026-05-18T17:00,14.4,16.7,169.0,183.0,3.92,2.36,100,96
2026-05-18T18:00,13.2,14.3,50.0,52.0,3.01,2.67,100,99
2026-05-18T19:00,12.4,13.2,23.0,16.0,3.01,1.88,100,100
2026-05-18T20:00,11.7,12.6,1.0,0.0,2.31,2.15,100,100
2026-05-18T21:00,12.0,12.2,0.0,0.0,2.06,2.3,100,99
2026-05-18T22:00,11.4,12.1,0.0,0.0,1.96,0.49,100,98
2026-05-18T23:00,11.1,11.4,0.0,0.0,1.06,1.28,99,97
2026-05-19T00:00,10.2,9.7,0.0,0.0,1.2,4.96,87,94
2026-05-19T01:00,10.0,9.2,0.0,0.0,1.59,4.34,98,96
2026-05-19T02:00,9.9,8.6,0.0,0.0,2.94,3.54,96,56
2026-05-19T03:00,9.3,7.7,0.0,0.0,1.88,3.63,54,38
2026-05-19T04:00,8.8,7.4,11.0,13.0,3.08,3.64,73,19
2026-05-19T05:00,9.5,8.3,84.0,98.0,3.26,2.98,73,9
2026-05-19T06:00,11.0,10.4,222.0,222.0,2.02,2.16,31,36
2026-05-19T07:00,12.3,12.2,344.0,370.0,2.31,2.15,68,37
2026-05-19T08:00,13.7,13.8,415.0,479.0,2.67,2.39,59,48
2026-05-19T09:00,14.8,14.9,518.0,539.0,3.4,3.08,76,60
2026-05-19T10:00,15.7,15.8,622.0,604.0,2.96,3.87,62,54
2026-05-19T11:00,16.8,16.6,670.0,627.0,3.13,4.61,62,59
2026-05-19T12:00,17.5,17.5,583.0,653.0,3.88,4.73,96,59
2026-05-19T13:00,18.3,18.3,565.0,711.0,5.3,4.46,71,43
2026-05-19T14:00,18.8,18.7,613.0,638.0,4.57,4.04,92,49
2026-05-19T15:00,18.6,18.6,503.0,481.0,3.88,4.04,73,99
2026-05-19T16:00,18.7,18.6,352.0,281.0,4.66,4.5,63,91
2026-05-19T17:00,17.9,18.4,228.0,201.0,3.77,5.16,97,99
2026-05-19T18:00,16.6,18.2,108.0,118.0,2.38,5.55,99,86
2026-05-19T19:00,16.0,16.9,19.0,32.0,5.35,4.3,100,100
2026-05-19T20:00,15.0,15.2,0.0,1.0,5.8,4.33,99,99
2026-05-19T21:00,13.5,14.4,0.0,0.0,6.2,6.61,100,100
2026-05-19T22:00,13.1,13.7,0.0,0.0,5.92,5.13,100,100
2026-05-19T23:00,12.5,12.9,0.0,0.0,6.41,5.16,98,100
2026-05-20T00:00,12.4,12.4,0.0,0.0,7.25,5.68,99,100
2026-05-20T01:00,12.0,12.1,0.0,0.0,7.26,5.78,100,100
2026-05-20T02:00,12.0,12.0,0.0,0.0,7.3,6.97,100,100
2026-05-20T03:00,12.1,11.9,0.0,0.0,7.64,7.85,100,100
2026-05-20T04:00,12.2,11.9,3.0,3.0,7.37,8.56,100,100
2026-05-20T05:00,12.4,12.0,19.0,18.0,6.97,8.04,100,99
2026-05-20T06:00,12.7,12.7,37.0,132.0,6.57,7.06,100,93
2026-05-20T07:00,13.6,13.4,112.0,184.0,7.18,7.06,100,94
2026-05-20T08:00,14.4,14.5,165.0,232.0,6.97,7.8,100,98
2026-05-20T09:00,15.2,15.5,151.0,223.0,6.58,7.12,100,97
2026-05-20T10:00,16.5,16.4,338.0,318.0,6.38,6.33,100,99
2026-05-20T11:00,16.9,17.6,368.0,457.0,7.07,7.02,100,83
2026-05-20T12:00,17.3,17.5,314.0,459.0,7.26,7.77,93,100
2026-05-20T13:00,17.6,18.3,418.0,467.0,8.74,7.64,90,96
2026-05-20T14:00,17.4,16.6,309.0,256.0,7.65,9.42,98,100
2026-05-20T15:00,17.0,16.0,364.0,173.0,3.33,5.49,97,94
2026-05-20T16:00,14.8,15.9,173.0,187.0,5.76,7.37,79,96
2026-05-20T17:00,15.0,15.3,146.0,144.0,3.45,7.43,97,96
2026-05-20T18:00,14.0,14.8,77.0,96.0,4.95,4.3,100,57
2026-05-20T19:00,13.6,14.2,30.0,42.0,4.29,5.25,92,67
2026-05-20T20:00,12.3,13.1,1.0,1.0,3.38,4.75,27,76
2026-05-20T21:00,11.8,12.4,0.0,0.0,4.26,5.3,75,39
2026-05-20T22:00,11.4,11.6,0.0,0.0,4.74,5.54,75,56
2026-05-20T23:00,11.5,11.3,0.0,0.0,5.7,5.95,97,35
2026-05-21T00:00,11.9,10.8,0.0,0.0,6.84,7.06,100,47
2026-05-21T01:00,11.9,10.7,0.0,0.0,7.41,6.96,83,62
2026-05-21T02:00,11.8,10.8,0.0,0.0,7.14,6.96,82,76
2026-05-21T03:00,11.2,10.9,0.0,0.0,7.0,7.61,49,67
2026-05-21T04:00,10.8,11.2,14.0,9.0,6.75,7.55,84,99
2026-05-21T05:00,11.5,12.0,77.0,76.0,6.74,7.68,96,94
2026-05-21T06:00,12.9,13.0,154.0,184.0,5.79,6.93,70,93
2026-05-21T07:00,14.4,14.1,312.0,238.0,4.71,5.08,45,100
2026-05-21T08:00,15.9,15.3,409.0,328.0,5.94,5.91,61,95
2026-05-21T09:00,17.2,16.7,500.0,480.0,6.07,6.47,74,96
2026-05-21T10:00,17.8,17.3,521.0,486.0,5.8,7.05,79,93
2026-05-21T11:00,18.2,17.6,431.0,454.0,6.99,7.35,90,90
2026-05-21T12:00,18.6,18.7,556.0,495.0,7.66,7.33,81,90
2026-05-21T13:00,18.8,19.7,690.0,605.0,8.52,6.77,71,76
2026-05-21T14:00,18.6,19.7,635.0,518.0,9.02,7.94,46,81
2026-05-21T15:00,18.2,19.4,543.0,492.0,8.03,6.82,71,82
2026-05-21T16:00,17.9,18.3,411.0,330.0,7.1,6.88,67,78
2026-05-21T17:00,17.1,17.1,276.0,203.0,6.41,6.28,100,87
2026-05-21T18:00,16.1,16.9,140.0,139.0,5.55,4.8,98,68
2026-05-21T19:00,15.2,15.5,46.0,45.0,4.28,5.42,98,80
2026-05-21T20:00,14.0,13.9,2.0,1.0,5.15,5.57,90,49
2026-05-21T21:00,13.1,13.1,0.0,0.0,4.25,5.0,88,82
2026-05-21T22:00,12.8,12.9,0.0,0.0,4.27,4.32,63,88
2026-05-21T23:00,12.3,12.8,0.0,0.0,4.91,4.12,100,74
2026-05-22T00:00,12.7,12.3,0.0,0.0,4.56,4.54,90,51
2026-05-22T01:00,12.5,11.9,0.0,0.0,4.25,5.09,90,59
2026-05-22T02:00,12.4,11.6,0.0,0.0,4.43,5.25,74,58
2026-05-22T03:00,12.3,11.4,0.0,0.0,4.38,4.98,90,54
2026-05-22T04:00,12.5,11.5,7.0,12.0,4.39,5.11,99,64
2026-05-22T05:00,13.2,12.7,52.0,81.0,4.94,5.02,99,59
2026-05-22T06:00,14.5,14.2,130.0,191.0,5.35,4.34,88,79
2026-05-22T07:00,15.6,15.7,214.0,313.0,4.11,2.95,100,81
2026-05-22T08:00,16.6,17.4,330.0,487.0,3.34,2.66,80,53
2026-05-22T09:00,18.4,18.9,589.0,608.0,3.57,2.46,34,42
2026-05-22T10:00,19.9,20.3,705.0,686.0,3.54,2.18,85,51
2026-05-22T11:00,20.3,21.5,455.0,677.0,3.99,2.36,91,72
2026-05-22T12:00,21.6,22.4,649.0,685.0,3.29,2.76,12,30
2026-05-22T13:00,22.1,22.8,642.0,633.0,3.51,2.94,75,52
2026-05-22T14:00,22.2,23.0,506.0,574.0,3.35,2.92,88,50
2026-05-22T15:00,22.5,23.2,525.0,538.0,3.14,2.57,64,21
2026-05-22T16:00,22.3,23.2,395.0,461.0,2.82,2.37,41,2
2026-05-22T17:00,22.2,22.8,310.0,319.0,2.91,2.19,24,12
2026-05-22T18:00,20.9,21.7,177.0,174.0,2.7,2.33,20,6
2026-05-22T19:00,19.5,20.1,57.0,57.0,2.19,2.8,0,22
2026-05-22T20:00,17.4,18.4,2.0,2.0,2.22,3.77,0,0
2026-05-22T21:00,15.9,17.3,0.0,0.0,3.69,5.02,13,6
2026-05-22T22:00,15.1,16.6,0.0,0.0,4.4,5.74,22,11
2026-05-22T23:00,14.7,16.0,0.0,0.0,5.33,6.52,67,0
2026-05-23T00:00,14.2,15.6,0.0,0.0,5.57,6.31,35,0
2026-05-23T01:00,14.0,15.3,0.0,0.0,5.83,6.72,5,0
2026-05-23T02:00,13.9,15.0,0.0,0.0,6.36,7.01,39,10
2026-05-23T03:00,13.5,14.7,0.0,0.0,6.1,6.95,54,51
2026-05-23T04:00,13.5,14.7,15.0,15.0,5.86,7.2,21,45
2026-05-23T05:00,14.5,15.9,102.0,99.0,5.75,7.41,2,77
2026-05-23T06:00,16.5,17.3,234.0,225.0,5.79,6.82,0,43
2026-05-23T07:00,18.7,19.3,384.0,369.0,4.61,6.1,52,100
2026-05-23T08:00,20.6,21.3,522.0,507.0,3.73,3.97,100,100
2026-05-23T09:00,22.7,22.8,641.0,583.0,3.77,4.96,100,100
2026-05-23T10:00,24.2,23.8,660.0,593.0,3.7,4.71,100,100
2026-05-23T11:00,25.5,24.8,755.0,723.0,5.3,4.24,100,66
2026-05-23T12:00,25.9,24.7,737.0,632.0,3.84,4.9,100,100
2026-05-23T13:00,26.3,24.4,729.0,483.0,2.21,5.13,56,100
2026-05-23T14:00,26.8,24.2,694.0,550.0,2.94,5.21,64,18
2026-05-23T15:00,26.8,22.0,536.0,585.0,4.46,8.31,21,36
2026-05-23T16:00,26.3,21.1,442.0,426.0,4.03,7.42,66,51
2026-05-23T17:00,25.4,20.6,249.0,271.0,2.91,6.8,51,33
2026-05-23T18:00,22.6,20.2,158.0,147.0,5.56,6.28,47,45
2026-05-23T19:00,20.4,18.9,50.0,50.0,5.02,6.71,84,61
2026-05-23T20:00,18.7,17.4,2.0,2.0,4.85,5.99,85,77
2026-05-23T21:00,17.4,16.4,0.0,0.0,5.75,5.7,92,88
2026-05-23T22:00,16.2,15.5,0.0,0.0,5.75,5.35,100,62
2026-05-23T23:00,15.2,14.2,0.0,0.0,5.92,6.19,95,17
2026-05-24T00:00,14.9,13.2,0.0,0.0,4.84,5.46,100,34
2026-05-24T01:00,14.6,12.4,0.0,0.0,5.59,6.1,100,39
2026-05-24T02:00,13.7,11.7,0.0,0.0,5.93,5.86,79,33
2026-05-24T03:00,12.6,11.1,0.0,0.0,6.42,5.45,37,42
2026-05-24T04:00,12.0,10.9,16.0,16.0,6.17,5.15,51,85
2026-05-24T05:00,12.6,11.7,95.0,95.0,5.61,5.02,100,93
2026-05-24T06:00,14.0,12.7,221.0,220.0,3.91,3.96,100,59
2026-05-24T07:00,15.6,14.1,365.0,351.0,3.15,3.05,85,86
2026-05-24T08:00,17.3,15.6,509.0,496.0,3.78,3.21,94,90
2026-05-24T09:00,18.8,17.0,617.0,631.0,4.78,3.83,97,86
2026-05-24T10:00,20.1,18.2,719.0,723.0,5.41,4.16,100,92
2026-05-24T11:00,20.9,19.0,782.0,767.0,5.48,4.78,100,87
2026-05-24T12:00,21.7,19.8,806.0,759.0,6.06,5.03,92,91
2026-05-24T13:00,22.0,20.0,773.0,766.0,6.35,5.76,91,51
2026-05-24T14:00,21.8,20.1,696.0,709.0,6.76,5.7,84,7
2026-05-24T15:00,21.5,20.1,603.0,606.0,6.39,5.89,54,3
2026-05-24T16:00,20.6,19.6,457.0,473.0,6.65,5.69,100,2
2026-05-24T17:00,19.2,19.0,282.0,325.0,6.72,5.22,100,20
2026-05-24T18:00,19.1,18.3,181.0,171.0,5.83,5.27,3,42
2026-05-24T19:00,17.8,16.8,61.0,60.0,5.02,5.13,9,13
2026-05-24T20:00,15.7,14.8,3.0,4.0,5.41,4.73,1,9
2026-05-24T21:00,14.3,13.7,0.0,0.0,6.32,4.43,63,0
2026-05-24T22:00,13.4,13.0,0.0,0.0,5.76,4.37,51,0
2026-05-24T23:00,12.7,12.5,0.0,0.0,4.92,3.7,21,0
2026-05-25T00:00,12.3,11.9,0.0,0.0,5.04,4.0,1,0
2026-05-25T01:00,12.0,11.6,0.0,0.0,4.82,4.0,2,0
2026-05-25T02:00,11.7,11.4,0.0,0.0,4.46,4.03,7,0
2026-05-25T03:00,11.8,11.2,0.0,0.0,3.83,3.78,0,0
2026-05-25T04:00,11.9,11.2,16.0,17.0,3.51,3.69,0,9
2026-05-25T05:00,12.9,12.5,100.0,97.0,3.07,3.58,0,31
2026-05-25T06:00,14.5,14.0,227.0,227.0,2.48,3.34,0,0
2026-05-25T07:00,16.4,16.2,374.0,374.0,2.18,3.28,0,0
2026-05-25T08:00,18.3,18.2,517.0,517.0,2.74,3.24,0,3
2026-05-25T09:00,19.9,20.0,644.0,640.0,3.25,3.91,0,0
2026-05-25T10:00,21.5,21.5,740.0,737.0,4.19,4.74,0,0
2026-05-25T11:00,22.5,22.4,801.0,790.0,5.19,6.07,0,26
2026-05-25T12:00,23.4,23.0,813.0,804.0,5.83,5.71,0,9
2026-05-25T13:00,23.6,23.0,799.0,782.0,6.57,6.79,0,1
2026-05-25T14:00,23.6,22.8,732.0,718.0,6.69,7.13,0,0
2026-05-25T15:00,23.5,22.4,623.0,619.0,6.35,7.13,0,0
2026-05-25T16:00,23.1,21.7,489.0,486.0,6.23,6.93,0,0
2026-05-25T17:00,22.5,20.8,335.0,335.0,5.73,5.88,0,0
2026-05-25T18:00,21.2,20.5,187.0,183.0,5.42,4.82,0,0
2026-05-25T19:00,19.5,18.5,64.0,63.0,5.83,5.24,0,0
2026-05-25T20:00,17.2,16.2,3.0,3.0,5.97,5.67,0,0
2026-05-25T21:00,15.7,14.9,0.0,0.0,5.31,5.83,0,0
2026-05-25T22:00,14.7,14.1,0.0,0.0,5.17,5.78,0,0
2026-05-25T23:00,14.0,13.5,0.0,0.0,5.09,5.82,0,0
2026-05-26T00:00,13.7,13.3,0.0,0.0,5.28,6.32,0,0
2026-05-26T01:00,13.2,12.9,0.0,0.0,5.39,6.51,0,0
2026-05-26T02:00,12.9,12.7,0.0,0.0,5.27,6.7,0,0
2026-05-26T03:00,12.6,12.5,0.0,0.0,5.35,6.61,0,0
2026-05-26T04:00,12.6,12.6,17.0,17.0,5.07,6.42,0,0
2026-05-26T05:00,13.8,14.1,101.0,103.0,4.34,6.06,0,0
2026-05-26T06:00,15.5,15.8,230.0,232.0,3.33,4.83,0,0
2026-05-26T07:00,17.7,18.3,377.0,379.0,2.86,4.9,0,0
2026-05-26T08:00,19.9,20.7,521.0,524.0,3.51,3.6,0,0
2026-05-26T09:00,23.2,22.8,650.0,650.0,4.55,3.91,0,0
2026-05-26T10:00,25.2,24.6,747.0,745.0,5.59,4.97,0,0
2026-05-26T11:00,26.6,26.0,803.0,804.0,6.69,6.06,0,0
2026-05-26T12:00,27.9,25.9,816.0,780.0,8.05,6.96,0,37
2026-05-26T13:00,28.0,26.1,789.0,737.0,8.4,7.16,0,39
2026-05-26T14:00,27.2,25.6,721.0,689.0,9.44,7.35,0,1
2026-05-26T15:00,24.7,24.7,617.0,584.0,8.83,8.15,0,30
2026-05-26T16:00,23.5,22.8,483.0,459.0,7.6,8.21,0,0
2026-05-26T17:00,21.8,21.0,334.0,324.0,6.71,7.67,0,5
2026-05-26T18:00,20.0,19.1,186.0,181.0,7.01,7.51,0,0
2026-05-26T19:00,18.1,17.4,64.0,62.0,6.23,7.43,0,0
2026-05-26T20:00,16.6,16.0,5.0,4.0,7.71,8.15,0,0
2026-05-26T21:00,15.4,15.1,0.0,0.0,8.41,8.68,0,11
2026-05-26T22:00,14.4,14.7,0.0,0.0,8.53,9.2,0,24
2026-05-26T23:00,13.6,13.8,0.0,0.0,8.95,9.11,0,3
2026-05-27T00:00,12.8,13.3,0.0,0.0,9.01,9.65,0,40
2026-05-27T01:00,11.8,12.5,0.0,0.0,8.3,8.95,0,17
2026-05-27T02:00,10.9,11.6,0.0,0.0,8.43,8.74,0,6
2026-05-27T03:00,10.3,10.8,0.0,0.0,8.59,8.61,25,30
2026-05-27T04:00,10.0,10.5,19.0,19.0,8.49,8.31,0,33
2026-05-27T05:00,10.6,10.9,109.0,101.0,6.88,7.84,3,44
2026-05-27T06:00,11.7,11.8,239.0,238.0,6.76,7.62,36,21
2026-05-27T07:00,13.0,12.9,373.0,393.0,6.41,7.25,45,58
2026-05-27T08:00,14.3,14.1,526.0,548.0,5.96,6.58,48,45
2026-05-27T09:00,15.5,15.2,655.0,666.0,5.79,6.04,21,15
2026-05-27T10:00,17.0,16.4,773.0,768.0,6.0,6.31,21,30
2026-05-27T11:00,17.9,17.3,826.0,828.0,6.34,6.79,29,2
2026-05-27T12:00,18.4,17.7,848.0,840.0,7.01,7.55,0,25
2026-05-27T13:00,18.7,18.0,825.0,812.0,7.69,8.11,0,23
2026-05-27T14:00,18.9,18.1,751.0,746.0,8.18,8.73,0,0
2026-05-27T15:00,18.5,17.8,641.0,640.0,8.62,9.01,3,1
2026-05-27T16:00,17.8,17.1,506.0,504.0,8.71,9.11,0,0
2026-05-27T17:00,16.8,16.1,356.0,353.0,8.9,8.84,0,0
2026-05-27T18:00,15.3,14.9,205.0,199.0,8.95,8.29,0,0
2026-05-27T19:00,13.6,13.4,74.0,72.0,8.78,8.0,0,0
2026-05-27T20:00,11.6,11.7,5.0,4.0,9.01,8.7,0,0
2026-05-27T21:00,10.4,10.6,0.0,0.0,9.17,9.13,0,4
2026-05-27T22:00,9.4,9.8,0.0,0.0,9.3,9.03,0,16
2026-05-27T23:00,8.7,9.2,0.0,0.0,9.07,8.67,0,0
2026-05-28T00:00,8.0,8.9,0.0,0.0,8.22,8.33,23,4
2026-05-28T01:00,7.4,8.5,0.0,0.0,7.44,7.84,5,11
2026-05-28T02:00,7.0,8.4,0.0,0.0,6.84,7.9,10,59
2026-05-28T03:00,6.3,8.6,0.0,0.0,5.42,7.77,11,62
2026-05-28T04:00,6.3,8.9,20.0,19.0,5.46,7.27,3,64
2026-05-28T05:00,7.7,10.3,113.0,100.0,4.97,6.64,0,77
2026-05-28T06:00,10.0,11.3,234.0,174.0,3.83,5.49,59,78
2026-05-28T07:00,11.8,12.1,374.0,292.0,3.57,4.32,51,71
2026-05-28T08:00,13.0,13.3,489.0,445.0,3.74,3.78,72,66
2026-05-28T09:00,14.9,14.8,620.0,591.0,3.63,4.05,53,63
2026-05-28T10:00,16.3,16.2,713.0,727.0,3.8,4.34,64,61
2026-05-28T11:00,17.3,17.4,780.0,809.0,3.8,4.74,26,47
2026-05-28T12:00,18.1,17.7,802.0,793.0,3.97,4.86,47,92
2026-05-28T13:00,18.7,18.3,790.0,775.0,4.21,4.97,13,98
2026-05-28T14:00,18.9,18.7,728.0,713.0,4.65,5.02,11,68
2026-05-28T15:00,18.5,18.8,617.0,628.0,4.17,4.78,37,5
2026-05-28T16:00,18.1,18.6,494.0,498.0,4.47,4.43,6,3
2026-05-28T17:00,17.2,18.0,347.0,347.0,4.61,4.18,0,4
2026-05-28T18:00,16.9,16.7,199.0,196.0,3.88,3.24,0,13
2026-05-28T19:00,15.4,15.3,72.0,71.0,3.47,2.98,0,63
2026-05-28T20:00,13.4,13.2,6.0,6.0,2.91,2.76,0,58
2026-05-28T21:00,11.9,11.8,0.0,0.0,3.12,1.86,0,13
2026-05-28T22:00,10.9,10.9,0.0,0.0,2.02,0.44,0,6
2026-05-28T23:00,10.2,9.9,0.0,0.0,0.9,0.75,0,0
2026-05-29T00:00,10.3,10.9,0.0,0.0,1.12,2.66,72,0
2026-05-29T01:00,9.4,10.2,0.0,0.0,2.06,3.33,79,0
2026-05-29T02:00,9.0,9.9,0.0,0.0,3.57,4.02,21,0
2026-05-29T03:00,8.4,10.0,0.0,0.0,3.8,5.11,0,0
2026-05-29T04:00,8.8,10.7,21.0,20.0,4.66,6.07,0,37
2026-05-29T05:00,10.6,12.5,112.0,106.0,5.4,7.16,0,92
2026-05-29T06:00,14.0,13.6,242.0,231.0,6.37,6.57,6,100
2026-05-29T07:00,16.7,16.3,390.0,361.0,4.41,5.58,63,62
2026-05-29T08:00,19.0,18.6,509.0,523.0,4.42,3.33,100,45
2026-05-29T09:00,20.5,20.7,510.0,625.0,4.7,3.69,100,45
2026-05-29T10:00,21.4,22.1,358.0,633.0,5.88,4.16,100,94
2026-05-29T11:00,22.3,23.5,383.0,610.0,5.74,3.6,100,68
2026-05-29T12:00,23.1,23.5,506.0,557.0,6.11,5.21,100,100
2026-05-29T13:00,23.5,24.9,297.0,623.0,5.55,4.93,100,92
2026-05-29T14:00,23.4,25.8,282.0,583.0,6.88,5.09,100,98
2026-05-29T15:00,21.6,26.0,197.0,488.0,8.04,4.87,100,100
2026-05-29T16:00,21.9,26.0,168.0,304.0,7.21,5.83,100,100
2026-05-29T17:00,21.2,25.1,121.0,163.0,6.94,7.13,100,100
2026-05-29T18:00,19.3,22.6,126.0,101.0,8.37,10.25,100,100
2026-05-29T19:00,19.0,21.5,52.0,39.0,8.74,10.09,100,91
2026-05-29T20:00,18.6,20.0,4.0,4.0,10.51,7.29,100,100
2026-05-29T21:00,16.3,18.5,0.0,0.0,7.01,7.18,100,100
2026-05-29T22:00,15.3,17.4,0.0,0.0,7.16,4.23,99,100
2026-05-29T23:00,14.5,16.7,0.0,0.0,6.93,4.51,84,100
2026-05-30T00:00,13.7,16.5,0.0,0.0,7.55,6.54,45,68
2026-05-30T01:00,13.3,15.5,0.0,0.0,7.56,7.23,38,62
2026-05-30T02:00,12.9,14.8,0.0,0.0,8.4,7.58,84,78
2026-05-30T03:00,12.8,14.4,0.0,0.0,7.5,7.99,37,70
2026-05-30T04:00,13.0,14.2,22.0,18.0,6.88,8.06,2,66
2026-05-30T05:00,14.4,14.6,113.0,93.0,6.24,6.69,33,57
2026-05-30T06:00,15.4,15.6,223.0,213.0,3.83,5.77,66,55
2026-05-30T07:00,17.0,16.7,298.0,342.0,5.68,5.98,68,62
2026-05-30T08:00,17.9,17.9,445.0,495.0,6.06,6.46,74,58
2026-05-30T09:00,19.6,19.0,633.0,618.0,6.48,7.1,5,38
2026-05-30T10:00,20.6,20.1,748.0,722.0,7.46,7.87,1,42
2026-05-30T11:00,21.2,20.7,812.0,785.0,8.15,8.35,0,30
2026-05-30T12:00,21.0,20.0,828.0,727.0,9.21,8.79,0,52
2026-05-30T13:00,21.2,19.9,806.0,722.0,9.29,8.04,0,100
2026-05-30T14:00,21.1,20.0,737.0,626.0,8.84,7.9,0,100
2026-05-30T15:00,20.0,19.8,628.0,540.0,8.77,7.5,0,97
2026-05-30T16:00,19.2,19.7,497.0,441.0,8.52,6.66,0,30
2026-05-30T17:00,18.4,19.2,350.0,341.0,7.86,6.44,0,34
2026-05-30T18:00,17.2,18.3,194.0,197.0,6.85,5.92,74,40
2026-05-30T19:00,15.8,16.9,73.0,73.0,6.08,5.83,10,15
2026-05-30T20:00,14.1,15.1,6.0,6.0,6.02,5.73,66,64
2026-05-30T21:00,13.0,13.9,0.0,0.0,5.57,5.37,0,80
2026-05-30T22:00,12.3,13.1,0.0,0.0,5.34,5.1,95,100
2026-05-30T23:00,11.8,12.6,0.0,0.0,4.71,4.87,99,100
2026-05-31T00:00,11.2,11.6,0.0,0.0,3.72,4.3,99,98
2026-05-31T01:00,11.0,11.2,0.0,0.0,3.56,3.74,85,50
2026-05-31T02:00,11.2,10.9,0.0,0.0,2.98,3.26,100,70
2026-05-31T03:00,11.1,10.5,0.0,0.0,1.79,3.1,100,94
2026-05-31T04:00,11.1,10.8,10.0,21.0,0.88,2.36,100,76
2026-05-31T05:00,11.3,11.8,44.0,74.0,0.14,2.08,100,100
2026-05-31T06:00,11.3,13.1,102.0,179.0,0.35,0.62,100,71
2026-05-31T07:00,12.3,14.7,188.0,332.0,0.79,0.84,100,100
2026-05-31T08:00,13.7,16.5,296.0,467.0,0.93,0.59,100,81
2026-05-31T09:00,15.1,18.4,374.0,621.0,0.83,1.79,100,99
2026-05-31T10:00,17.4,19.7,671.0,693.0,0.62,2.02,25,100
2026-05-31T11:00,19.6,20.8,812.0,708.0,0.69,3.44,35,45
2026-05-31T12:00,20.8,20.6,820.0,735.0,0.31,3.55,20,50
2026-05-31T13:00,21.5,21.4,741.0,784.0,0.22,4.03,62,41
2026-05-31T14:00,22.4,21.6,671.0,724.0,2.02,4.82,54,42
2026-05-31T15:00,22.3,21.2,610.0,606.0,4.08,5.3,100,44
2026-05-31T16:00,22.0,20.6,453.0,480.0,5.63,5.3,100,42
2026-05-31T17:00,21.5,19.8,333.0,323.0,4.95,5.53,0,50
2026-05-31T18:00,19.6,19.0,203.0,188.0,5.31,5.11,18,39
2026-05-31T19:00,17.7,17.5,79.0,70.0,6.44,4.86,60,63
2026-05-31T20:00,15.6,15.6,7.0,5.0,6.9,5.0,0,87
2026-05-31T21:00,14.3,14.5,0.0,0.0,4.27,5.34,100,63
2026-05-31T22:00,13.4,13.9,0.0,0.0,2.97,5.92,82,83
2026-05-31T23:00,12.9,13.7,0.0,0.0,2.02,6.34,86,67
2026-06-01T00:00,11.7,13.8,0.0,0.0,0.77,5.73,48,74
2026-06-01T01:00,11.3,13.3,0.0,0.0,1.73,6.73,83,74
2026-06-01T02:00,11.0,13.0,0.0,0.0,4.06,7.33,79,79
2026-06-01T03:00,10.0,13.1,0.0,0.0,3.7,8.18,100,67
2026-06-01T04:00,10.2,13.0,21.0,20.0,3.46,7.09,100,67
2026-06-01T05:00,11.7,13.6,78.0,93.0,2.85,6.48,100,60
2026-06-01T06:00,13.6,14.8,145.0,194.0,2.59,5.99,100,75
2026-06-01T07:00,15.7,15.0,323.0,266.0,1.83,5.69,73,78
2026-06-01T08:00,16.5,16.1,344.0,392.0,2.45,5.98,93,85
2026-06-01T09:00,18.5,17.0,545.0,477.0,3.08,6.27,83,75
2026-06-01T10:00,20.0,17.5,568.0,565.0,4.02,6.88,79,67
2026-06-01T11:00,20.8,17.5,716.0,667.0,4.33,7.58,95,72
2026-06-01T12:00,21.3,18.8,676.0,549.0,5.51,6.83,33,96
2026-06-01T13:00,21.6,18.6,800.0,375.0,6.2,6.51,0,94
2026-06-01T14:00,21.6,19.1,744.0,447.0,6.46,6.48,0,72
2026-06-01T15:00,21.5,19.7,635.0,586.0,7.5,6.4,7,11
2026-06-01T16:00,21.2,19.3,500.0,499.0,6.48,6.49,70,16
2026-06-01T17:00,20.7,18.6,318.0,354.0,5.52,5.22,100,11
2026-06-01T18:00,19.7,18.5,87.0,173.0,3.16,3.35,97,82
2026-06-01T19:00,18.9,17.3,59.0,60.0,1.77,3.34,97,57
2026-06-01T20:00,17.7,15.6,7.0,7.0,0.44,2.65,100,57
2026-06-01T21:00,15.5,14.4,0.0,0.0,3.2,2.08,100,35
2026-06-01T22:00,15.1,13.7,0.0,0.0,4.92,1.39,100,45
2026-06-01T23:00,14.8,13.3,0.0,0.0,6.21,1.31,99,91
2026-06-02T00:00,14.5,16.1,0.0,0.0,7.99,7.59,100,100
2026-06-02T01:00,14.7,16.0,0.0,0.0,7.84,7.36,100,100
2026-06-02T02:00,14.6,15.8,0.0,0.0,7.49,7.57,100,100
2026-06-02T03:00,14.6,15.7,0.0,0.0,7.63,7.65,98,100
2026-06-02T04:00,14.6,15.8,17.0,15.0,7.82,7.79,85,100
2026-06-02T05:00,15.6,16.4,76.0,66.0,7.56,7.88,74,100
2026-06-02T06:00,17.8,17.2,252.0,134.0,7.1,8.46,71,100
2026-06-02T07:00,20.0,18.5,389.0,219.0,5.62,7.49,75,100
2026-06-02T08:00,21.9,19.7,533.0,281.0,5.86,5.73,70,100
2026-06-02T09:00,23.2,21.3,652.0,430.0,5.61,5.68,91,100
2026-06-02T10:00,24.2,21.8,657.0,385.0,6.11,5.9,74,100
2026-06-02T11:00,24.7,22.6,563.0,407.0,6.66,6.33,100,100
2026-06-02T12:00,23.9,22.2,454.0,412.0,6.09,6.67,100,95
2026-06-02T13:00,24.6,21.9,503.0,299.0,5.13,7.13,100,100
2026-06-02T14:00,24.4,20.9,272.0,301.0,5.88,5.7,100,100
2026-06-02T15:00,24.0,20.1,344.0,221.0,4.39,4.66,100,100
2026-06-02T16:00,24.0,19.7,287.0,131.0,4.93,4.0,100,100
2026-06-02T17:00,23.7,19.4,230.0,101.0,5.82,4.65,100,100
2026-06-02T18:00,24.3,22.0,147.0,72.0,3.9,7.28,74,100
2026-06-02T19:00,22.3,21.0,69.0,43.0,7.41,7.06,83,86
2026-06-02T20:00,20.4,19.8,6.0,7.0,8.94,7.75,50,100
2026-06-02T21:00,19.6,18.9,0.0,0.0,10.7,8.07,100,100
2026-06-02T22:00,19.3,18.4,0.0,0.0,7.32,7.67,100,95
2026-06-02T23:00,17.6,17.8,0.0,0.0,5.57,6.09,100,100
2026-06-03T00:00,16.9,17.0,0.0,0.0,7.2,3.89,100,100
2026-06-03T01:00,16.1,16.2,0.0,0.0,5.43,4.37,100,100
2026-06-03T02:00,16.0,16.0,0.0,0.0,5.98,3.86,100,100
2026-06-03T03:00,15.6,15.9,0.0,0.0,6.02,4.13,100,100
2026-06-03T04:00,15.3,16.1,4.0,9.0,6.8,6.26,100,100
2026-06-03T05:00,15.2,16.1,21.0,23.0,7.09,7.5,100,100
2026-06-03T06:00,15.6,16.6,87.0,43.0,7.34,7.75,100,100
2026-06-03T07:00,16.2,16.4,170.0,73.0,7.91,6.79,100,98
2026-06-03T08:00,16.5,17.0,164.0,215.0,7.34,6.84,100,100
2026-06-03T09:00,17.5,17.4,379.0,204.0,7.92,5.83,100,100
2026-06-03T10:00,18.3,18.2,519.0,244.0,7.0,6.84,100,99
2026-06-03T11:00,19.2,18.8,552.0,329.0,6.61,5.63,100,99
2026-06-03T12:00,20.3,18.6,586.0,422.0,5.39,6.5,100,100
2026-06-03T13:00,21.2,18.8,570.0,415.0,5.41,5.87,99,100
2026-06-03T14:00,16.7,18.8,235.0,410.0,8.79,7.13,100,100
2026-06-03T15:00,16.9,18.9,169.0,400.0,3.8,5.24,99,74
2026-06-03T16:00,17.7,18.9,250.0,363.0,3.23,4.8,56,78
2026-06-03T17:00,18.1,18.1,251.0,265.0,6.73,3.91,87,60
2026-06-03T18:00,18.5,18.9,139.0,200.0,5.88,3.89,100,25
2026-06-03T19:00,17.4,18.0,43.0,81.0,7.9,3.1,100,8
2026-06-03T20:00,16.8,16.6,3.0,9.0,7.85,3.64,97,59
2026-06-03T21:00,16.1,16.0,0.0,0.0,8.38,5.29,92,99
2026-06-03T22:00,15.8,15.8,0.0,0.0,9.01,8.25,100,97
2026-06-03T23:00,15.4,15.6,0.0,0.0,9.72,8.84,93,97
2026-06-04T00:00,14.5,15.0,0.0,0.0,10.2,8.92,83,100
2026-06-04T01:00,14.1,14.5,0.0,0.0,9.93,10.88,100,99
2026-06-04T02:00,14.1,14.3,0.0,0.0,9.8,11.0,100,100
2026-06-04T03:00,14.3,14.2,0.0,0.0,10.91,10.31,100,85
2026-06-04T04:00,14.5,14.4,16.0,18.0,10.24,10.3,100,81
2026-06-04T05:00,15.0,14.8,81.0,83.0,9.51,9.85,94,83
2026-06-04T06:00,15.9,15.6,186.0,150.0,9.88,8.3,100,96
2026-06-04T07:00,16.8,16.5,250.0,224.0,9.72,8.28,100,100
2026-06-04T08:00,17.4,17.1,269.0,219.0,10.91,8.42,100,100
2026-06-04T09:00,17.6,18.0,259.0,305.0,8.96,8.43,100,99
2026-06-04T10:00,17.9,17.8,267.0,381.0,9.96,9.27,100,100
2026-06-04T11:00,18.2,17.4,246.0,243.0,9.91,8.01,100,100
2026-06-04T12:00,18.8,17.4,311.0,270.0,9.2,10.05,100,100
2026-06-04T13:00,18.5,18.1,320.0,315.0,10.57,9.08,100,100
2026-06-04T14:00,17.5,17.7,295.0,437.0,9.98,10.11,100,100
2026-06-04T15:00,18.1,17.6,264.0,288.0,9.99,9.13,99,100
2026-06-04T16:00,19.0,17.4,422.0,203.0,9.21,7.72,100,100
2026-06-04T17:00,14.6,16.5,122.0,125.0,5.49,7.42,100,100
2026-06-04T18:00,14.9,15.6,113.0,84.0,5.76,9.24,100,97
2026-06-04T19:00,14.8,14.9,67.0,57.0,6.97,9.48,98,97
2026-06-04T20:00,14.7,14.3,7.0,8.0,7.53,10.77,100,34
2026-06-04T21:00,14.1,13.9,0.0,0.0,7.11,12.03,100,65
2026-06-04T22:00,14.0,13.9,0.0,0.0,8.13,11.84,0,71
2026-06-04T23:00,13.4,13.9,0.0,0.0,9.47,11.61,73,87
2026-06-05T00:00,12.3,13.5,0.0,0.0,9.48,10.46,0,80
2026-06-05T01:00,12.2,13.4,0.0,0.0,9.2,10.23,100,78
2026-06-05T02:00,12.5,13.0,0.0,0.0,8.56,9.54,95,74
2026-06-05T03:00,12.7,12.9,0.0,0.0,9.22,9.43,100,86
2026-06-05T04:00,13.0,12.9,18.0,21.0,8.78,9.58,90,78
2026-06-05T05:00,13.5,13.4,81.0,69.0,9.08,9.08,95,84
2026-06-05T06:00,14.1,14.1,153.0,200.0,10.41,9.22,95,62
2026-06-05T07:00,15.2,15.2,250.0,277.0,7.99,9.2,79,80
2026-06-05T08:00,16.4,16.1,370.0,376.0,9.1,8.11,96,73
2026-06-05T09:00,17.4,16.9,478.0,511.0,8.19,8.66,84,75
2026-06-05T10:00,17.8,17.5,609.0,587.0,7.97,8.07,69,71
2026-06-05T11:00,18.1,18.4,579.0,654.0,7.83,8.32,77,82
2026-06-05T12:00,19.6,17.7,685.0,545.0,8.59,6.36,76,80
2026-06-05T13:00,14.6,17.6,227.0,508.0,4.27,7.67,100,100
2026-06-05T14:00,15.3,17.0,235.0,384.0,5.19,7.36,100,100
2026-06-05T15:00,17.0,16.8,401.0,338.0,6.18,6.56,98,97
2026-06-05T16:00,16.7,17.2,275.0,358.0,5.27,6.88,84,66
2026-06-05T17:00,16.1,16.8,209.0,301.0,5.45,7.04,96,35
2026-06-05T18:00,15.5,15.9,124.0,190.0,6.25,6.63,74,37
2026-06-05T19:00,15.3,15.1,56.0,82.0,5.19,5.66,66,33
2026-06-05T20:00,14.5,13.9,9.0,9.0,4.44,5.67,63,34
2026-06-05T21:00,13.4,13.1,0.0,0.0,3.4,5.0,78,16
2026-06-05T22:00,12.9,12.4,0.0,0.0,2.76,5.14,53,24
2026-06-05T23:00,12.5,11.9,0.0,0.0,3.09,4.32,53,17
2026-06-06T00:00,11.2,11.6,0.0,0.0,3.73,2.58,6,41
2026-06-06T01:00,10.9,11.2,0.0,0.0,2.86,1.8,35,98
2026-06-06T02:00,10.9,11.2,0.0,0.0,1.74,2.08,95,77
2026-06-06T03:00,11.3,11.3,0.0,0.0,2.08,1.93,100,81
2026-06-06T04:00,11.5,11.3,16.0,25.0,2.57,1.1,97,66
2026-06-06T05:00,12.4,12.3,70.0,106.0,3.01,1.88,100,77
2026-06-06T06:00,13.7,13.8,143.0,229.0,4.3,4.12,100,52
2026-06-06T07:00,15.2,15.3,257.0,343.0,4.44,3.61,18,79
2026-06-06T08:00,17.2,16.7,489.0,415.0,4.08,4.34,41,94
2026-06-06T09:00,17.8,17.5,359.0,437.0,4.8,4.85,96,87
2026-06-06T10:00,18.9,18.7,474.0,501.0,5.15,4.17,100,85
2026-06-06T11:00,19.9,19.7,539.0,666.0,4.75,5.08,89,100
2026-06-06T12:00,20.8,19.5,643.0,560.0,5.01,4.75,100,100
2026-06-06T13:00,21.1,19.9,610.0,544.0,4.23,4.28,100,100
2026-06-06T14:00,19.3,19.7,272.0,418.0,4.65,4.95,100,100
2026-06-06T15:00,21.1,19.2,349.0,301.0,5.31,4.6,100,100
2026-06-06T16:00,20.8,18.4,277.0,213.0,4.8,6.28,100,100
2026-06-06T17:00,19.0,15.8,83.0,65.0,4.55,3.14,100,100
2026-06-06T18:00,19.1,16.3,64.0,70.0,5.13,0.66,100,100
2026-06-06T19:00,18.4,16.2,47.0,37.0,6.11,2.94,100,100
2026-06-06T20:00,17.7,15.6,4.0,5.0,7.35,4.57,100,99
2026-06-06T21:00,16.4,15.5,0.0,0.0,3.32,5.61,100,96
2026-06-06T22:00,16.1,15.4,0.0,0.0,6.82,6.26,100,94
2026-06-06T23:00,15.7,15.2,0.0,0.0,6.51,8.08,100,100
2026-06-07T00:00,15.0,15.5,0.0,0.0,6.67,7.03,94,93
2026-06-07T01:00,14.8,15.1,0.0,0.0,7.74,7.94,100,94
2026-06-07T02:00,14.4,14.7,0.0,0.0,8.23,8.28,100,50
2026-06-07T03:00,13.3,13.9,0.0,0.0,9.07,9.01,80,84
2026-06-07T04:00,13.4,14.0,24.0,18.0,8.15,9.21,80,90
2026-06-07T05:00,14.1,14.5,81.0,67.0,7.87,9.08,87,94
2026-06-07T06:00,14.6,14.2,74.0,83.0,9.93,10.15,100,100
2026-06-07T07:00,14.6,14.2,70.0,55.0,9.95,11.12,100,96
2026-06-07T08:00,14.4,15.3,94.0,183.0,10.47,10.89,100,100
2026-06-07T09:00,15.3,15.6,159.0,149.0,12.56,11.46,100,96
2026-06-07T10:00,16.9,16.1,390.0,210.0,10.01,11.28,78,96
2026-06-07T11:00,17.5,17.3,397.0,272.0,10.96,9.91,100,93
2026-06-07T12:00,17.2,16.3,197.0,309.0,9.86,10.84,100,100
2026-06-07T13:00,17.4,16.6,223.0,157.0,7.79,9.74,96,86
2026-06-07T14:00,18.1,17.6,329.0,401.0,10.48,11.46,90,80
2026-06-07T15:00,17.5,17.8,185.0,381.0,11.13,12.1,83,72
2026-06-07T16:00,17.3,17.5,206.0,375.0,10.57,11.47,90,74
2026-06-07T17:00,16.6,17.0,292.0,296.0,9.68,9.99,50,42
2026-06-07T18:00,16.3,16.5,198.0,211.0,9.83,7.66,0,29
2026-06-07T19:00,15.5,15.7,89.0,83.0,8.39,7.54,0,58
2026-06-07T20:00,14.4,14.8,11.0,9.0,6.88,6.82,30,60
2026-06-07T21:00,13.4,14.0,0.0,0.0,5.49,5.7,100,19
2026-06-07T22:00,12.7,13.3,0.0,0.0,4.22,4.52,71,98
2026-06-07T23:00,12.2,12.8,0.0,0.0,3.85,3.59,32,13
2026-06-08T00:00,11.9,12.4,0.0,0.0,3.75,5.0,6,24
2026-06-08T01:00,11.7,12.2,0.0,0.0,4.12,5.83,98,7
2026-06-08T02:00,11.6,12.0,0.0,0.0,6.0,6.05,98,9
2026-06-08T03:00,11.8,11.8,0.0,0.0,5.86,5.48,97,8
2026-06-08T04:00,12.3,11.9,22.0,27.0,5.93,5.39,95,81
2026-06-08T05:00,13.4,13.1,75.0,117.0,6.21,5.66,99,30
2026-06-08T06:00,14.4,14.5,196.0,212.0,4.95,6.2,75,100
2026-06-08T07:00,16.2,15.9,311.0,290.0,3.73,4.5,92,100
2026-06-08T08:00,17.9,17.4,453.0,436.0,4.53,5.11,81,94
2026-06-08T09:00,18.4,18.8,496.0,522.0,4.9,4.96,88,94
2026-06-08T10:00,19.2,19.7,452.0,516.0,5.7,5.71,99,96
2026-06-08T11:00,20.4,20.3,563.0,526.0,7.07,5.11,98,99
2026-06-08T12:00,20.9,21.2,571.0,562.0,6.46,5.29,100,96
2026-06-08T13:00,21.3,21.6,433.0,539.0,6.69,5.82,100,95
2026-06-08T14:00,21.7,21.9,363.0,416.0,7.44,6.27,100,100
2026-06-08T15:00,21.8,22.0,295.0,338.0,7.12,4.56,100,100
2026-06-08T16:00,21.7,21.8,227.0,199.0,7.44,8.12,100,100
2026-06-08T17:00,21.1,21.3,179.0,132.0,6.32,6.25,100,99
2026-06-08T18:00,20.5,20.8,130.0,89.0,4.97,5.17,86,100
2026-06-08T19:00,19.2,19.6,58.0,34.0,5.9,5.06,85,100
2026-06-08T20:00,18.1,18.4,8.0,4.0,8.61,4.65,100,99
2026-06-08T21:00,16.6,17.5,0.0,0.0,5.39,3.02,96,98
2026-06-08T22:00,16.5,16.8,0.0,0.0,5.4,5.88,100,100
2026-06-08T23:00,15.5,16.8,0.0,0.0,9.55,11.0,100,100
2026-06-09T00:00,14.2,15.6,0.0,0.0,4.73,7.58,100,100
2026-06-09T01:00,14.1,14.9,0.0,0.0,5.31,10.05,100,100
2026-06-09T02:00,13.9,13.9,0.0,0.0,6.15,6.48,100,100
2026-06-09T03:00,13.2,13.4,0.0,0.0,8.45,6.27,98,100
2026-06-09T04:00,13.2,13.4,17.0,8.0,7.14,8.39,100,100
2026-06-09T05:00,13.6,13.6,62.0,31.0,8.89,8.34,100,100
2026-06-09T06:00,14.1,14.2,142.0,151.0,9.87,8.81,76,96
2026-06-09T07:00,14.3,14.8,192.0,322.0,9.6,9.15,91,59
2026-06-09T08:00,15.3,15.3,234.0,494.0,9.65,8.34,96,58
2026-06-09T09:00,15.2,15.0,252.0,519.0,7.83,9.54,99,79
2026-06-09T10:00,14.9,15.6,334.0,614.0,10.11,8.76,100,59
2026-06-09T11:00,14.3,16.1,227.0,695.0,8.46,8.46,85,71
2026-06-09T12:00,16.4,17.2,418.0,752.0,5.29,7.72,100,53
2026-06-09T13:00,15.6,17.2,333.0,705.0,8.65,7.62,89,76
2026-06-09T14:00,16.6,17.3,722.0,662.0,7.25,8.19,62,30
2026-06-09T15:00,16.1,16.7,427.0,497.0,7.35,8.01,100,100
2026-06-09T16:00,15.9,16.2,362.0,370.0,7.19,7.5,93,88
2026-06-09T17:00,14.5,15.9,124.0,260.0,6.68,6.69,99,100
2026-06-09T18:00,14.1,14.7,122.0,158.0,5.48,6.59,66,71
2026-06-09T19:00,12.1,13.8,35.0,74.0,5.79,6.38,100,52
2026-06-09T20:00,11.6,12.8,3.0,12.0,5.3,6.89,100,28
2026-06-09T21:00,11.8,12.0,0.0,0.0,8.43,8.25,100,19
2026-06-09T22:00,11.4,11.6,0.0,0.0,5.7,8.51,100,98
2026-06-09T23:00,11.0,11.3,0.0,0.0,7.14,7.56,45,45
2026-06-10T00:00,10.1,11.0,0.0,0.0,8.67,9.9,38,48
2026-06-10T01:00,9.9,10.8,0.0,0.0,9.23,10.6,93,34
2026-06-10T02:00,9.8,10.5,0.0,0.0,8.81,10.28,38,44
2026-06-10T03:00,9.5,10.2,0.0,0.0,9.16,9.84,12,49
2026-06-10T04:00,9.6,10.3,31.0,27.0,9.17,8.81,13,51
2026-06-10T05:00,10.5,10.9,128.0,107.0,7.83,7.71,44,76
2026-06-10T06:00,11.7,11.8,259.0,208.0,7.15,7.23,33,64
2026-06-10T07:00,13.6,12.8,400.0,301.0,8.24,7.27,85,54
2026-06-10T08:00,14.8,13.8,496.0,399.0,7.56,7.41,80,42
2026-06-10T09:00,15.7,15.2,647.0,520.0,7.42,7.28,67,63
2026-06-10T10:00,16.4,16.3,545.0,646.0,8.47,7.28,100,74
2026-06-10T11:00,17.2,17.2,629.0,684.0,8.24,6.38,84,57
2026-06-10T12:00,17.8,17.4,712.0,688.0,7.2,7.71,100,82
2026-06-10T13:00,14.5,16.4,412.0,590.0,5.95,6.63,97,70
2026-06-10T14:00,15.5,16.8,449.0,639.0,6.02,5.33,87,79
2026-06-10T15:00,15.9,14.9,405.0,354.0,5.21,5.21,100,100
2026-06-10T16:00,15.6,15.0,312.0,284.0,4.8,3.88,100,100
2026-06-10T17:00,15.4,14.8,267.0,204.0,4.77,4.4,96,100
2026-06-10T18:00,12.2,14.5,80.0,150.0,4.05,4.12,100,100
2026-06-10T19:00,12.5,13.6,50.0,53.0,4.41,3.63,100,100
2026-06-10T20:00,12.1,12.8,6.0,8.0,5.0,3.04,100,100
2026-06-10T21:00,11.1,12.1,0.0,0.0,3.51,2.55,98,87
2026-06-10T22:00,10.7,11.4,0.0,0.0,3.82,4.31,100,62
2026-06-10T23:00,10.7,11.0,0.0,0.0,5.01,4.32,100,61
2026-06-11T00:00,10.7,10.6,0.0,0.0,5.33,5.42,100,100
2026-06-11T01:00,10.3,10.2,0.0,0.0,5.66,4.67,98,100
2026-06-11T02:00,9.9,9.9,0.0,0.0,6.37,4.66,50,77
2026-06-11T03:00,8.1,9.9,0.0,0.0,4.52,4.71,100,78
2026-06-11T04:00,8.3,10.2,29.0,23.0,4.65,4.34,76,75
2026-06-11T05:00,9.9,10.9,122.0,97.0,4.91,3.81,48,64
2026-06-11T06:00,11.6,12.0,240.0,219.0,4.06,3.78,8,65
2026-06-11T07:00,13.7,13.0,410.0,340.0,2.59,4.52,72,60
2026-06-11T08:00,14.4,13.8,464.0,436.0,4.27,5.0,78,79
2026-06-11T09:00,15.2,14.3,513.0,471.0,4.57,5.46,71,81
2026-06-11T10:00,16.0,14.9,486.0,565.0,6.09,5.53,91,66
2026-06-11T11:00,16.5,15.5,713.0,642.0,7.06,5.88,59,73
2026-06-11T12:00,16.8,16.5,739.0,676.0,6.57,5.1,98,71
2026-06-11T13:00,17.1,17.2,680.0,669.0,6.75,5.33,94,71
2026-06-11T14:00,16.5,17.3,569.0,658.0,9.28,5.57,100,59
2026-06-11T15:00,16.7,16.7,453.0,557.0,6.36,5.59,98,93
2026-06-11T16:00,16.3,16.0,352.0,359.0,5.4,5.94,100,93
2026-06-11T17:00,16.1,15.3,278.0,227.0,4.02,5.61,90,95
2026-06-11T18:00,15.1,15.4,118.0,205.0,4.09,4.56,100,47
2026-06-11T19:00,14.2,14.4,47.0,92.0,3.21,4.24,98,89
2026-06-11T20:00,13.1,13.3,9.0,13.0,2.1,3.58,100,100
2026-06-11T21:00,12.8,12.6,0.0,0.0,3.9,4.49,97,100
2026-06-11T22:00,12.1,12.2,0.0,0.0,5.42,4.65,92,100
2026-06-11T23:00,12.0,12.1,0.0,0.0,6.19,5.16,100,100
2026-06-12T00:00,12.0,12.2,0.0,0.0,6.71,5.64,94,97
2026-06-12T01:00,11.8,12.2,0.0,0.0,6.06,6.02,96,92
2026-06-12T02:00,11.7,11.9,0.0,0.0,6.57,7.14,99,96
2026-06-12T03:00,11.5,11.7,0.0,0.0,6.57,7.15,97,100
2026-06-12T04:00,11.4,11.6,18.0,6.0,7.07,6.96,97,100
2026-06-12T05:00,11.7,11.7,67.0,25.0,6.73,7.08,97,100
2026-06-12T06:00,11.8,11.9,43.0,16.0,7.75,7.95,100,100
2026-06-12T07:00,12.1,12.1,30.0,31.0,7.64,8.0,100,100
2026-06-12T08:00,12.2,12.8,32.0,72.0,6.97,7.93,100,100
2026-06-12T09:00,12.7,13.7,59.0,84.0,6.56,8.11,100,100
2026-06-12T10:00,13.2,14.8,90.0,141.0,6.27,8.37,100,100
2026-06-12T11:00,16.4,16.3,273.0,164.0,5.83,8.51,100,98
2026-06-12T12:00,17.8,19.2,400.0,613.0,7.41,8.99,100,75
2026-06-12T13:00,16.8,19.0,104.0,616.0,7.81,9.93,100,85
2026-06-12T14:00,16.9,17.8,179.0,386.0,10.0,12.49,100,93
2026-06-12T15:00,17.6,17.3,271.0,398.0,10.39,13.12,100,93
2026-06-12T16:00,17.0,16.4,271.0,285.0,10.19,13.07,73,97
2026-06-12T17:00,16.2,15.5,139.0,161.0,9.04,12.59,99,100
2026-06-12T18:00,15.3,15.2,72.0,63.0,9.51,8.63,100,86
2026-06-12T19:00,15.0,14.8,48.0,38.0,8.79,7.27,93,92
2026-06-12T20:00,14.2,14.5,11.0,7.0,8.62,7.4,95,96
2026-06-12T21:00,14.2,14.0,0.0,0.0,7.3,6.6,90,100
2026-06-12T22:00,13.7,13.8,0.0,0.0,6.49,6.42,85,83
2026-06-12T23:00,13.7,13.6,0.0,0.0,7.19,5.75,100,87
2026-06-13T00:00,13.3,14.9,0.0,0.0,7.47,6.09,100,68
2026-06-13T01:00,13.7,15.0,0.0,0.0,8.26,7.68,75,74
2026-06-13T02:00,13.6,14.8,0.0,0.0,8.75,9.53,79,79
2026-06-13T03:00,13.5,14.9,0.0,0.0,9.15,9.25,66,70
2026-06-13T04:00,14.0,15.0,22.0,17.0,10.49,10.01,97,86
2026-06-13T05:00,14.7,15.1,80.0,80.0,10.26,9.4,94,78
2026-06-13T06:00,15.4,15.5,190.0,162.0,10.97,10.65,100,93
2026-06-13T07:00,15.2,16.4,141.0,257.0,10.67,10.05,100,87
2026-06-13T08:00,15.4,16.0,249.0,359.0,10.68,11.69,80,81
2026-06-13T09:00,16.4,16.3,497.0,447.0,14.03,12.84,93,67
2026-06-13T10:00,14.2,16.6,184.0,572.0,14.22,13.57,100,84
2026-06-13T11:00,15.5,15.9,289.0,489.0,15.13,14.08,100,98
2026-06-13T12:00,14.3,14.1,176.0,272.0,14.81,13.69,100,98
2026-06-13T13:00,14.4,14.4,399.0,373.0,14.72,14.52,99,88
2026-06-13T14:00,14.7,14.9,249.0,412.0,15.13,14.6,100,89
2026-06-13T15:00,15.0,15.1,232.0,413.0,13.95,14.44,99,78
2026-06-13T16:00,14.6,14.9,221.0,364.0,12.73,13.95,100,88
2026-06-13T17:00,14.8,14.2,216.0,228.0,13.61,13.83,94,83
2026-06-13T18:00,14.7,14.0,121.0,125.0,13.82,13.18,93,82
2026-06-13T19:00,14.4,13.7,69.0,61.0,13.53,12.34,80,83
2026-06-13T20:00,13.5,13.1,14.0,9.0,12.1,11.6,85,81
2026-06-13T21:00,12.9,12.7,0.0,0.0,11.5,10.69,37,81
2026-06-13T22:00,12.3,12.5,0.0,0.0,9.7,10.59,82,79
2026-06-13T23:00,11.8,12.3,0.0,0.0,9.54,10.35,83,96
2026-06-14T00:00,12.1,11.8,0.0,0.0,10.38,10.32,100,95
2026-06-14T01:00,11.7,12.0,0.0,0.0,9.28,10.17,96,100
2026-06-14T02:00,11.7,11.9,0.0,0.0,10.57,11.38,100,99
2026-06-14T03:00,11.6,11.5,0.0,0.0,11.68,11.79,100,100
2026-06-14T04:00,12.9,11.8,6.0,9.0,11.94,11.3,100,100
2026-06-14T05:00,13.1,12.2,40.0,38.0,9.46,10.55,82,99
2026-06-14T06:00,13.5,13.3,94.0,152.0,8.28,9.3,92,84
2026-06-14T07:00,14.3,13.6,214.0,238.0,8.34,9.72,86,83
2026-06-14T08:00,15.4,14.2,380.0,335.0,9.7,10.26,76,75
2026-06-14T09:00,15.2,15.0,350.0,464.0,15.28,10.55,100,72
2026-06-14T10:00,15.6,15.7,361.0,556.0,12.87,10.56,100,74
2026-06-14T11:00,14.5,16.2,156.0,639.0,12.52,11.46,100,68
2026-06-14T12:00,14.9,15.9,253.0,455.0,12.8,15.14,100,93
2026-06-14T13:00,15.6,15.7,346.0,477.0,13.5,15.73,95,94
2026-06-14T14:00,14.7,16.0,169.0,358.0,13.24,15.21,100,88
2026-06-14T15:00,14.2,15.4,151.0,338.0,12.68,15.42,100,88
2026-06-14T16:00,13.8,15.4,87.0,309.0,12.9,14.46,100,68
2026-06-14T17:00,13.8,15.2,62.0,264.0,11.79,13.69,100,77
2026-06-14T18:00,13.8,14.7,52.0,99.0,12.8,12.5,74,80
2026-06-14T19:00,13.7,14.3,30.0,66.0,11.35,11.61,100,79
2026-06-14T20:00,13.6,13.8,3.0,11.0,11.03,10.38,100,83
2026-06-14T21:00,13.4,13.5,0.0,0.0,11.36,10.06,92,79
2026-06-14T22:00,13.4,13.3,0.0,0.0,9.93,9.08,92,91
2026-06-14T23:00,13.0,13.1,0.0,0.0,9.21,8.65,56,98
2026-06-15T00:00,12.8,13.0,0.0,0.0,8.99,8.76,83,99
2026-06-15T01:00,12.5,12.9,0.0,0.0,8.56,8.9,100,99
2026-06-15T02:00,12.7,12.7,0.0,0.0,9.93,9.12,86,98
2026-06-15T03:00,13.1,12.5,0.0,0.0,8.72,9.43,100,96
2026-06-15T04:00,13.2,13.0,10.0,22.0,9.64,9.75,100,92
2026-06-15T05:00,13.4,13.8,36.0,83.0,10.16,9.58,100,98
2026-06-15T06:00,13.9,14.4,107.0,149.0,10.26,11.99,72,99
2026-06-15T07:00,13.8,14.3,156.0,221.0,11.5,13.1,100,96
2026-06-15T08:00,13.8,15.0,146.0,355.0,12.39,12.57,100,80
2026-06-15T09:00,14.8,15.5,407.0,494.0,12.74,12.89,100,70
2026-06-15T10:00,15.1,15.9,570.0,613.0,13.41,13.43,100,67
2026-06-15T11:00,16.1,16.1,603.0,676.0,12.93,13.74,88,66
2026-06-15T12:00,16.0,16.0,632.0,712.0,13.41,13.54,88,60
2026-06-15T13:00,15.8,16.0,661.0,700.0,13.2,13.51,46,61
2026-06-15T14:00,15.5,16.2,527.0,632.0,13.42,13.9,51,66
2026-06-15T15:00,15.7,15.5,512.0,512.0,12.33,13.63,31,51
2026-06-15T16:00,15.0,15.5,379.0,483.0,12.47,13.36,100,65
2026-06-15T17:00,14.2,14.5,224.0,295.0,10.78,12.4,82,75
2026-06-15T18:00,13.7,13.9,155.0,114.0,9.77,11.57,77,63
2026-06-15T19:00,13.0,13.4,67.0,59.0,9.54,10.07,78,84
2026-06-15T20:00,12.5,13.0,9.0,7.0,9.17,10.04,84,18
2026-06-15T21:00,11.3,12.7,0.0,0.0,6.79,9.07,88,72
2026-06-15T22:00,11.1,12.5,0.0,0.0,6.48,8.39,95,78
2026-06-15T23:00,10.6,12.2,0.0,0.0,7.83,7.32,99,56
2026-06-16T00:00,9.5,11.7,0.0,0.0,7.16,7.69,91,98
2026-06-16T01:00,9.7,11.7,0.0,0.0,5.61,6.51,94,67
2026-06-16T02:00,10.1,11.0,0.0,0.0,6.12,6.01,100,98
2026-06-16T03:00,8.9,10.5,0.0,0.0,4.63,6.98,84,89
2026-06-16T04:00,9.5,10.3,26.0,30.0,4.29,5.49,92,69
2026-06-16T05:00,10.5,10.9,100.0,105.0,4.17,5.3,98,100
2026-06-16T06:00,12.0,12.8,179.0,169.0,4.87,3.14,96,99
2026-06-16T07:00,13.3,13.6,287.0,276.0,3.57,3.33,100,99
2026-06-16T08:00,14.3,14.3,380.0,393.0,3.16,3.93,100,100
2026-06-16T09:00,14.3,14.9,299.0,427.0,2.65,3.59,100,100
2026-06-16T10:00,15.7,15.6,481.0,466.0,2.56,2.95,91,99
2026-06-16T11:00,15.8,16.6,491.0,608.0,3.96,2.88,100,95
2026-06-16T12:00,16.2,17.1,490.0,701.0,4.4,3.4,99,75
2026-06-16T13:00,17.2,17.4,687.0,660.0,4.65,3.51,95,79
2026-06-16T14:00,16.7,17.7,530.0,682.0,4.57,3.64,92,56
2026-06-16T15:00,16.5,17.5,501.0,586.0,4.62,3.75,80,26
2026-06-16T16:00,16.3,17.5,470.0,510.0,4.59,3.57,37,1
2026-06-16T17:00,15.8,17.0,338.0,370.0,4.23,3.7,74,6
2026-06-16T18:00,14.9,15.6,197.0,206.0,4.3,4.53,39,82
2026-06-16T19:00,13.8,14.4,92.0,91.0,4.59,4.58,54,37
2026-06-16T20:00,12.2,13.0,15.0,15.0,4.38,4.78,100,100
2026-06-16T21:00,11.1,12.1,0.0,0.0,4.38,4.53,29,84
2026-06-16T22:00,10.2,11.5,0.0,0.0,3.8,3.68,10,100
2026-06-16T23:00,9.9,11.3,0.0,0.0,2.94,2.72,30,100
2026-06-17T00:00,10.0,10.7,0.0,0.0,2.64,2.76,42,57
2026-06-17T01:00,9.8,10.2,0.0,0.0,1.96,2.43,65,100
2026-06-17T02:00,9.6,10.2,0.0,0.0,1.48,1.64,77,100
2026-06-17T03:00,9.5,10.0,0.0,0.0,0.62,1.47,100,99
2026-06-17T04:00,9.5,10.3,28.0,19.0,1.53,1.31,99,100
2026-06-17T05:00,10.6,11.2,105.0,77.0,2.5,1.53,100,100
2026-06-17T06:00,12.1,12.3,186.0,179.0,2.61,2.69,94,94
2026-06-17T07:00,13.4,13.8,236.0,263.0,2.39,2.89,83,76
2026-06-17T08:00,14.8,15.2,364.0,402.0,2.48,2.59,100,84
2026-06-17T09:00,17.0,16.6,556.0,527.0,3.23,3.51,98,86
2026-06-17T10:00,18.3,17.5,522.0,513.0,3.09,3.88,99,97
2026-06-17T11:00,19.9,18.8,578.0,591.0,4.12,3.69,97,100
2026-06-17T12:00,19.4,20.0,413.0,620.0,4.73,4.53,99,100
2026-06-17T13:00,19.2,20.7,341.0,448.0,5.0,5.35,93,92
2026-06-17T14:00,19.7,21.0,298.0,340.0,5.29,6.59,98,99
2026-06-17T15:00,20.1,20.2,235.0,158.0,6.74,7.49,99,99
2026-06-17T16:00,19.3,19.2,140.0,99.0,6.61,7.01,100,99
2026-06-17T17:00,18.8,18.7,103.0,57.0,5.68,6.88,99,97
2026-06-17T18:00,19.1,18.9,69.0,45.0,6.29,7.29,100,98
2026-06-17T19:00,18.6,18.6,24.0,25.0,6.88,7.84,100,93
2026-06-17T20:00,18.1,18.2,4.0,5.0,7.12,8.41,100,97
2026-06-17T21:00,17.6,18.0,0.0,0.0,6.97,8.17,100,94
2026-06-17T22:00,17.4,17.6,0.0,0.0,7.22,8.95,98,100
2026-06-17T23:00,17.2,17.4,0.0,0.0,6.67,9.08,100,97
2026-06-18T00:00,16.9,16.7,0.0,0.0,5.46,7.81,95,92
2026-06-18T01:00,16.8,16.8,0.0,0.0,6.29,8.37,100,97
2026-06-18T02:00,16.7,16.8,0.0,0.0,6.17,6.57,100,95
2026-06-18T03:00,16.6,16.8,0.0,0.0,6.58,6.14,100,98
2026-06-18T04:00,16.8,16.8,11.0,8.0,5.26,6.93,98,95
2026-06-18T05:00,17.2,17.0,55.0,42.0,5.83,6.75,100,88
2026-06-18T06:00,18.2,17.7,131.0,115.0,5.27,5.68,88,100
2026-06-18T07:00,19.0,18.4,192.0,155.0,4.5,6.09,100,100
2026-06-18T08:00,20.0,19.7,275.0,259.0,4.65,6.13,94,91
2026-06-18T09:00,22.0,20.9,506.0,344.0,4.82,5.35,96,90
2026-06-18T10:00,23.5,22.1,616.0,452.0,4.25,5.61,94,83
2026-06-18T11:00,24.4,23.1,606.0,596.0,5.39,6.51,93,77
2026-06-18T12:00,24.7,23.6,568.0,527.0,7.0,6.51,94,91
2026-06-18T13:00,24.8,23.8,634.0,496.0,5.61,5.99,100,98
2026-06-18T14:00,25.0,24.2,674.0,494.0,6.7,5.52,100,99
2026-06-18T15:00,25.2,23.4,595.0,391.0,6.81,5.33,70,100
2026-06-18T16:00,24.9,23.5,492.0,379.0,5.49,4.3,93,99
2026-06-18T17:00,24.2,22.9,349.0,305.0,4.99,3.84,87,100
2026-06-18T18:00,23.5,23.7,217.0,208.0,3.95,2.17,48,91
2026-06-18T19:00,22.3,22.5,92.0,88.0,3.13,1.4,4,100
2026-06-18T20:00,20.8,21.2,15.0,15.0,2.11,2.02,100,100
2026-06-18T21:00,19.2,20.3,0.0,0.0,2.56,2.65,100,100
2026-06-18T22:00,18.6,19.8,0.0,0.0,3.35,3.4,71,100
2026-06-18T23:00,18.1,19.3,0.0,0.0,3.89,3.82,100,100
2026-06-19T00:00,17.9,18.3,0.0,0.0,5.27,4.52,38,87
2026-06-19T01:00,17.7,18.4,0.0,0.0,6.35,5.99,27,100
2026-06-19T02:00,17.7,18.5,0.0,0.0,7.0,7.26,100,95
2026-06-19T03:00,18.1,18.3,0.0,0.0,7.15,6.27,95,58
2026-06-19T04:00,18.4,18.3,13.0,30.0,6.18,5.48,100,24
2026-06-19T05:00,19.1,19.4,30.0,121.0,6.58,5.24,100,22
2026-06-19T06:00,21.0,20.6,146.0,239.0,6.6,4.71,100,39
2026-06-19T07:00,22.9,22.2,270.0,361.0,5.59,3.25,100,40
2026-06-19T08:00,23.8,23.9,377.0,477.0,5.2,3.35,100,34
2026-06-19T09:00,25.8,25.7,560.0,638.0,3.42,3.9,100,28
2026-06-19T10:00,28.0,27.4,711.0,729.0,3.77,4.37,0,30
2026-06-19T11:00,29.3,28.9,809.0,794.0,4.0,4.62,0,6
2026-06-19T12:00,30.3,30.1,825.0,809.0,3.53,3.54,0,48
2026-06-19T13:00,31.3,31.0,802.0,785.0,3.96,3.53,0,10
2026-06-19T14:00,32.0,31.6,737.0,729.0,3.35,3.53,0,13
2026-06-19T15:00,31.3,32.0,634.0,624.0,3.57,3.56,0,16
2026-06-19T16:00,31.5,32.1,507.0,502.0,3.78,4.04,0,53
2026-06-19T17:00,31.3,31.1,367.0,264.0,4.12,7.18,0,100
2026-06-19T18:00,29.5,29.2,224.0,175.0,4.68,6.42,0,99
2026-06-19T19:00,27.8,27.6,98.0,76.0,6.09,7.28,100,100
2026-06-19T20:00,25.8,26.2,16.0,14.0,7.47,7.69,0,100
2026-06-19T21:00,24.2,25.2,0.0,0.0,6.06,7.35,0,100
2026-06-19T22:00,23.3,24.4,0.0,0.0,6.95,8.05,0,99
2026-06-19T23:00,22.9,23.7,0.0,0.0,7.63,8.0,0,100
2026-06-20T00:00,22.3,22.9,0.0,0.0,8.54,6.07,63,99
2026-06-20T01:00,22.0,22.5,0.0,0.0,8.72,6.15,98,100
2026-06-20T02:00,22.3,22.1,0.0,0.0,15.65,5.65,100,100
2026-06-20T03:00,19.5,21.7,0.0,0.0,4.91,4.65,100,92
2026-06-20T04:00,20.0,21.4,7.0,28.0,12.76,5.02,100,98
2026-06-20T05:00,21.1,22.8,36.0,104.0,8.86,5.87,100,91
2026-06-20T06:00,21.6,21.2,145.0,119.0,6.42,4.55,100,84
2026-06-20T07:00,23.3,23.2,265.0,351.0,3.9,4.17,100,0
2026-06-20T08:00,24.9,25.3,450.0,506.0,2.55,4.04,100,8
2026-06-20T09:00,25.4,26.9,560.0,612.0,1.83,5.76,100,49
2026-06-20T10:00,27.3,27.2,719.0,554.0,1.59,3.68,31,100
2026-06-20T11:00,28.4,29.4,746.0,657.0,1.77,2.26,65,100
2026-06-20T12:00,28.4,27.6,659.0,603.0,6.68,9.34,92,100
2026-06-20T13:00,28.6,24.4,632.0,574.0,5.75,7.19,100,100
2026-06-20T14:00,28.5,25.4,575.0,529.0,6.4,6.22,83,100
2026-06-20T15:00,28.3,25.3,517.0,453.0,5.43,6.75,75,100
2026-06-20T16:00,27.7,24.7,458.0,386.0,6.55,6.36,53,100
2026-06-20T17:00,26.5,23.0,267.0,332.0,5.85,6.09,58,78
2026-06-20T18:00,24.0,22.1,178.0,187.0,6.1,6.39,54,18
2026-06-20T19:00,23.3,20.9,88.0,92.0,5.52,6.43,59,25
2026-06-20T20:00,21.5,19.5,15.0,15.0,5.8,6.86,76,0
2026-06-20T21:00,20.2,18.4,0.0,0.0,4.93,7.42,78,89
2026-06-20T22:00,19.0,17.6,0.0,0.0,4.75,7.27,17,85
2026-06-20T23:00,18.1,16.8,0.0,0.0,5.13,7.22,37,39
2026-06-21T00:00,17.7,16.9,0.0,0.0,4.73,5.71,42,71
2026-06-21T01:00,17.0,16.6,0.0,0.0,5.17,5.88,42,50
2026-06-21T02:00,16.3,16.3,0.0,0.0,5.52,5.48,42,90
2026-06-21T03:00,16.2,16.0,0.0,0.0,5.65,5.33,58,77
2026-06-21T04:00,16.1,16.0,27.0,25.0,5.76,4.61,77,62
2026-06-21T05:00,16.7,16.5,106.0,92.0,3.75,3.43,48,82
2026-06-21T06:00,17.9,17.1,213.0,190.0,3.72,2.47,100,77
2026-06-21T07:00,19.3,18.2,328.0,310.0,2.11,1.74,100,80
2026-06-21T08:00,20.7,19.5,439.0,441.0,2.15,1.58,100,70
2026-06-21T09:00,22.1,20.9,584.0,587.0,2.45,2.67,46,67
2026-06-21T10:00,23.6,22.1,708.0,687.0,2.75,2.88,52,55
2026-06-21T11:00,24.4,23.2,724.0,770.0,2.98,2.88,87,54
2026-06-21T12:00,25.4,23.8,788.0,765.0,2.87,3.82,94,86
2026-06-21T13:00,26.0,24.2,795.0,751.0,3.37,4.06,38,100
2026-06-21T14:00,26.3,24.5,733.0,710.0,3.46,3.79,31,86
2026-06-21T15:00,26.3,24.6,607.0,612.0,3.47,3.44,38,98
2026-06-21T16:00,26.1,24.4,502.0,487.0,3.97,3.05,37,45
2026-06-21T17:00,25.0,24.0,370.0,348.0,5.49,3.23,0,40
2026-06-21T18:00,22.7,23.1,226.0,187.0,6.38,6.09,0,36
2026-06-21T19:00,21.3,21.6,99.0,90.0,6.96,6.93,10,29
2026-06-21T20:00,19.4,20.0,16.0,15.0,6.72,7.34,4,21
2026-06-21T21:00,18.1,18.9,0.0,0.0,6.05,6.71,5,40
2026-06-21T22:00,17.1,18.0,0.0,0.0,5.7,5.96,11,38
2026-06-21T23:00,16.1,17.4,0.0,0.0,3.96,5.59,13,64
2026-06-22T00:00,15.8,17.0,0.0,0.0,5.6,3.16,21,49
2026-06-22T01:00,15.2,16.5,0.0,0.0,4.71,3.34,12,43
2026-06-22T02:00,14.5,16.1,0.0,0.0,3.83,3.63,4,48
2026-06-22T03:00,14.0,15.8,0.0,0.0,3.26,3.7,9,84
2026-06-22T04:00,14.0,15.8,29.0,26.0,3.15,4.06,8,63
2026-06-22T05:00,15.0,16.6,119.0,99.0,3.95,4.65,8,54
2026-06-22T06:00,16.8,17.3,202.0,244.0,3.78,4.29,61,37
2026-06-22T07:00,18.2,18.6,329.0,380.0,3.4,2.97,79,42
2026-06-22T08:00,19.8,20.1,512.0,527.0,2.98,2.94,19,11
2026-06-22T09:00,21.5,21.6,664.0,664.0,2.71,2.69,17,26
2026-06-22T10:00,22.9,22.7,755.0,760.0,2.15,1.97,83,23
2026-06-22T11:00,23.8,23.5,804.0,819.0,2.0,2.01,100,2
2026-06-22T12:00,24.2,24.5,771.0,795.0,2.55,1.45,83,18
2026-06-22T13:00,24.6,24.8,739.0,753.0,2.91,2.08,100,100
2026-06-22T14:00,24.6,25.3,695.0,713.0,3.47,2.26,100,62
2026-06-22T15:00,24.2,25.3,608.0,562.0,3.93,2.26,100,100
2026-06-22T16:00,23.6,25.0,492.0,368.0,4.47,3.59,49,100
2026-06-22T17:00,22.8,24.2,367.0,274.0,4.63,4.61,100,100
2026-06-22T18:00,21.0,21.7,174.0,182.0,6.78,5.35,100,90
2026-06-22T19:00,19.3,20.1,91.0,91.0,6.12,7.0,64,100
2026-06-22T20:00,17.9,18.2,17.0,16.0,6.38,7.84,93,73
2026-06-22T21:00,16.5,16.7,0.0,0.0,5.89,7.57,28,57
2026-06-22T22:00,15.5,15.6,0.0,0.0,5.86,7.05,73,39
2026-06-22T23:00,14.7,14.7,0.0,0.0,5.73,6.11,64,100
2026-06-23T00:00,13.7,14.7,0.0,0.0,5.67,6.22,86,36
2026-06-23T01:00,13.3,14.1,0.0,0.0,5.52,5.48,100,5
2026-06-23T02:00,12.7,13.7,0.0,0.0,5.28,5.14,100,36
2026-06-23T03:00,12.3,13.3,0.0,0.0,4.37,4.67,85,12
2026-06-23T04:00,12.2,13.4,27.0,29.0,4.21,4.16,47,35
2026-06-23T05:00,13.3,14.1,103.0,118.0,4.39,4.29,67,40
2026-06-23T06:00,14.4,14.1,209.0,180.0,2.79,4.04,42,70
2026-06-23T07:00,16.1,15.7,360.0,309.0,2.16,2.14,49,70
2026-06-23T08:00,17.9,17.4,480.0,482.0,2.46,2.19,51,38
2026-06-23T09:00,19.6,19.0,566.0,646.0,2.42,2.47,40,9
2026-06-23T10:00,21.1,20.3,726.0,724.0,1.59,1.59,36,54
2026-06-23T11:00,22.3,21.7,796.0,785.0,1.87,1.74,40,18
2026-06-23T12:00,23.3,22.9,834.0,831.0,1.18,2.04,67,10
2026-06-23T13:00,23.9,23.8,760.0,804.0,1.58,2.22,0,8
2026-06-23T14:00,24.5,24.3,751.0,736.0,1.73,2.08,0,0
2026-06-23T15:00,24.6,24.5,649.0,637.0,1.88,1.53,0,0
2026-06-23T16:00,24.6,24.6,519.0,511.0,2.12,1.81,0,0
2026-06-23T17:00,24.3,24.4,375.0,368.0,2.5,1.53,0,0
2026-06-23T18:00,23.6,23.7,229.0,224.0,2.08,2.02,0,5
2026-06-23T19:00,21.7,22.5,101.0,99.0,3.72,1.5,9,7
2026-06-23T20:00,19.3,21.2,17.0,17.0,5.08,0.79,59,0
2026-06-23T21:00,17.5,19.3,0.0,0.0,6.17,1.11,100,0
2026-06-23T22:00,16.6,18.6,0.0,0.0,5.8,2.23,100,0
2026-06-23T23:00,15.9,17.9,0.0,0.0,5.79,4.58,51,0
2026-06-24T00:00,15.3,17.4,0.0,0.0,5.01,6.94,12,33
2026-06-24T01:00,14.9,16.9,0.0,0.0,4.76,6.97,0,49
2026-06-24T02:00,14.7,16.6,0.0,0.0,5.31,6.68,100,68
2026-06-24T03:00,14.4,16.4,0.0,0.0,5.59,6.48,6,49
2026-06-24T04:00,14.6,16.4,27.0,25.0,4.52,6.48,57,58
2026-06-24T05:00,16.1,17.3,114.0,95.0,3.73,6.67,18,53
2026-06-24T06:00,18.1,18.9,246.0,197.0,2.61,6.29,0,62
2026-06-24T07:00,20.6,20.5,392.0,292.0,2.36,5.69,0,75
2026-06-24T08:00,23.0,22.2,530.0,377.0,1.86,3.58,38,69
2026-06-24T09:00,25.3,24.1,639.0,536.0,2.29,3.65,36,55
2026-06-24T10:00,26.8,26.0,707.0,708.0,2.51,3.72,28,83
2026-06-24T11:00,28.0,27.7,787.0,775.0,2.4,3.76,0,82
2026-06-24T12:00,29.4,28.0,816.0,759.0,2.42,2.3,0,59
2026-06-24T13:00,30.0,28.9,775.0,749.0,2.59,2.2,0,28
2026-06-24T14:00,30.5,29.2,735.0,716.0,2.75,2.36,5,39
2026-06-24T15:00,30.9,29.1,637.0,587.0,2.61,2.55,11,50
2026-06-24T16:00,30.0,28.7,491.0,464.0,4.39,2.91,68,54
2026-06-24T17:00,29.1,28.2,278.0,309.0,5.27,3.13,85,64
2026-06-24T18:00,28.1,26.0,174.0,197.0,4.92,3.66,68,48
2026-06-24T19:00,26.4,24.5,79.0,84.0,4.95,3.28,75,46
2026-06-24T20:00,24.7,22.9,13.0,14.0,4.37,3.13,71,41
2026-06-24T21:00,22.1,22.0,0.0,0.0,3.74,3.57,0,69
2026-06-24T22:00,20.7,21.5,0.0,0.0,2.98,4.05,0,81
2026-06-24T23:00,19.8,21.0,0.0,0.0,3.19,4.03,0,64
2026-06-25T00:00,18.7,20.2,0.0,0.0,4.17,3.67,0,74
2026-06-25T01:00,18.3,19.8,0.0,0.0,3.56,2.95,13,77
2026-06-25T02:00,17.7,19.2,0.0,0.0,4.52,3.53,33,17
2026-06-25T03:00,16.8,18.6,0.0,0.0,5.14,4.47,58,60
2026-06-25T04:00,16.8,18.3,24.0,28.0,5.61,6.06,67,14
2026-06-25T05:00,17.6,18.8,99.0,117.0,5.16,5.92,65,22
2026-06-25T06:00,18.3,19.6,219.0,246.0,3.38,4.87,55,12
2026-06-25T07:00,19.5,21.1,374.0,391.0,3.08,2.89,54,0
2026-06-25T08:00,20.7,22.7,511.0,531.0,3.0,2.82,57,13
2026-06-25T09:00,22.6,24.1,657.0,653.0,3.24,2.95,0,11
2026-06-25T10:00,24.2,25.2,755.0,745.0,3.92,3.14,0,25
2026-06-25T11:00,25.3,26.1,818.0,801.0,5.02,3.5,0,5
2026-06-25T12:00,25.8,26.2,840.0,821.0,5.39,3.77,0,9
2026-06-25T13:00,26.2,26.7,816.0,799.0,5.18,4.17,0,0
2026-06-25T14:00,26.6,26.7,751.0,734.0,4.43,4.7,0,0
2026-06-25T15:00,27.1,26.4,651.0,636.0,3.9,5.31,0,0
2026-06-25T16:00,26.8,25.5,523.0,512.0,4.17,5.8,0,0
2026-06-25T17:00,25.6,24.5,376.0,367.0,4.82,4.99,0,0
2026-06-25T18:00,23.8,23.9,227.0,223.0,5.52,4.82,0,0
2026-06-25T19:00,21.9,22.2,99.0,97.0,5.63,5.0,0,0
2026-06-25T20:00,19.8,20.2,17.0,17.0,5.12,5.15,0,0
2026-06-25T21:00,18.2,19.1,0.0,0.0,5.7,5.04,0,0
2026-06-25T22:00,17.3,18.5,0.0,0.0,6.72,4.99,0,0
2026-06-25T23:00,16.9,18.0,0.0,0.0,6.3,5.13,0,0
2026-06-26T00:00,16.0,16.4,0.0,0.0,4.8,4.21,0,0
2026-06-26T01:00,15.6,16.0,0.0,0.0,5.17,4.54,0,0
2026-06-26T02:00,15.3,15.8,0.0,0.0,5.1,4.53,0,3
2026-06-26T03:00,15.5,15.6,0.0,0.0,4.47,4.53,0,4
2026-06-26T04:00,15.8,15.9,27.0,27.0,4.82,4.76,0,8
2026-06-26T05:00,17.5,17.6,117.0,116.0,5.16,5.41,0,0
2026-06-26T06:00,20.1,19.7,247.0,245.0,5.42,6.58,0,0
2026-06-26T07:00,22.4,21.7,392.0,392.0,4.23,5.13,0,0
2026-06-26T08:00,24.5,23.8,536.0,535.0,4.09,5.33,0,0
2026-06-26T09:00,26.6,25.9,663.0,661.0,4.65,4.65,0,0
2026-06-26T10:00,28.7,28.0,761.0,760.0,4.44,4.44,0,0
2026-06-26T11:00,30.5,29.9,822.0,822.0,4.61,4.55,0,0
2026-06-26T12:00,31.9,31.9,843.0,839.0,5.49,5.51,0,0
2026-06-26T13:00,33.2,33.2,821.0,817.0,5.76,5.49,0,7
2026-06-26T14:00,34.1,33.9,756.0,750.0,5.65,5.69,7,13
2026-06-26T15:00,34.4,34.3,655.0,650.0,5.83,6.27,0,3
2026-06-26T16:00,34.5,34.2,527.0,522.0,6.25,6.58,13,36
2026-06-26T17:00,34.0,33.5,383.0,375.0,6.31,7.14,81,71
2026-06-26T18:00,32.3,31.8,238.0,232.0,7.24,7.79,0,86
2026-06-26T19:00,29.9,29.3,105.0,102.0,8.18,8.61,100,50
2026-06-26T20:00,27.2,27.1,17.0,17.0,8.49,9.85,48,73
2026-06-26T21:00,26.0,25.9,0.0,0.0,8.95,11.04,62,99
2026-06-26T22:00,25.2,25.4,0.0,0.0,8.63,11.21,0,100
2026-06-26T23:00,24.5,24.7,0.0,0.0,8.36,10.29,100,32
2026-06-27T00:00,23.1,24.3,0.0,0.0,8.63,10.03,0,100
2026-06-27T01:00,22.5,23.9,0.0,0.0,8.13,9.7,0,93
2026-06-27T02:00,21.9,23.4,0.0,0.0,7.18,9.21,0,100
2026-06-27T03:00,20.0,22.9,0.0,0.0,6.09,7.95,0,100
2026-06-27T04:00,20.1,22.6,27.0,28.0,5.88,6.23,0,1
2026-06-27T05:00,21.9,23.7,117.0,116.0,5.13,5.3,0,0
2026-06-27T06:00,25.0,25.9,242.0,238.0,2.78,4.34,31,2
2026-06-27T07:00,27.5,28.1,363.0,383.0,1.4,3.1,39,0
2026-06-27T08:00,30.0,30.3,506.0,521.0,1.38,2.23,47,3
2026-06-27T09:00,33.0,32.5,629.0,645.0,1.25,1.28,35,0
2026-06-27T10:00,35.2,34.4,738.0,740.0,1.2,1.1,38,9
2026-06-27T11:00,37.1,36.1,778.0,769.0,0.83,0.71,27,30
2026-06-27T12:00,37.9,36.4,821.0,798.0,0.62,2.17,9,100
2026-06-27T13:00,38.3,34.4,763.0,595.0,1.52,3.27,85,100
2026-06-27T14:00,37.1,35.3,712.0,637.0,4.92,2.98,77,100
2026-06-27T15:00,35.6,35.7,475.0,562.0,5.75,3.08,100,30
2026-06-27T16:00,33.7,35.7,413.0,468.0,6.17,3.34,100,100
2026-06-27T17:00,33.2,34.9,346.0,283.0,5.04,3.69,100,80
2026-06-27T18:00,33.9,34.0,216.0,219.0,5.7,3.33,47,44
2026-06-27T19:00,32.0,32.0,99.0,91.0,5.13,3.23,0,99
2026-06-27T20:00,29.0,29.7,17.0,17.0,4.97,5.04,0,44
2026-06-27T21:00,29.0,28.0,0.0,0.0,10.14,5.08,34,61
2026-06-27T22:00,29.1,26.7,0.0,0.0,9.44,4.35,57,8
2026-06-27T23:00,27.3,25.0,0.0,0.0,5.85,3.45,35,100
2026-06-28T00:00,25.0,25.0,0.0,0.0,3.78,4.35,0,100
2026-06-28T01:00,24.8,24.7,0.0,0.0,3.03,3.42,100,100
2026-06-28T02:00,24.1,24.1,0.0,0.0,2.54,8.66,100,100
2026-06-28T03:00,21.2,22.6,0.0,0.0,11.95,9.58,100,100
2026-06-28T04:00,22.1,22.3,3.0,17.0,3.92,10.74,100,100
2026-06-28T05:00,22.0,22.4,51.0,69.0,1.62,8.84,100,84
2026-06-28T06:00,23.5,22.8,136.0,182.0,3.77,12.85,89,69
2026-06-28T07:00,25.1,24.9,201.0,344.0,5.3,5.72,100,100
2026-06-28T08:00,26.8,26.6,335.0,447.0,5.74,1.88,100,59
2026-06-28T09:00,28.3,27.9,417.0,504.0,3.82,1.01,83,100
2026-06-28T10:00,30.8,28.3,716.0,571.0,4.7,5.35,0,99
2026-06-28T11:00,31.0,29.3,803.0,679.0,5.93,6.41,7,100
2026-06-28T12:00,30.9,30.3,825.0,665.0,4.05,5.91,0,90
2026-06-28T13:00,31.4,27.5,799.0,496.0,4.74,9.6,0,99
2026-06-28T14:00,31.1,27.0,733.0,346.0,5.43,7.41,27,95
2026-06-28T15:00,27.7,26.9,629.0,454.0,7.67,7.28,0,100
2026-06-28T16:00,27.5,25.5,511.0,273.0,5.84,5.75,0,100
2026-06-28T17:00,26.7,24.7,368.0,181.0,4.19,5.48,0,95
2026-06-28T18:00,26.9,24.3,229.0,133.0,2.02,5.08,0,100
2026-06-28T19:00,25.8,23.2,101.0,64.0,2.71,5.3,18,99
2026-06-28T20:00,24.4,21.7,17.0,12.0,2.64,6.32,83,66
2026-06-28T21:00,22.6,20.6,0.0,0.0,5.85,6.2,98,98
2026-06-28T22:00,22.0,20.0,0.0,0.0,5.41,6.72,94,98
2026-06-28T23:00,21.1,19.5,0.0,0.0,4.86,5.87,94,100
2026-06-29T00:00,20.1,20.2,0.0,0.0,3.29,3.38,61,100
2026-06-29T01:00,20.0,19.7,0.0,0.0,2.75,4.24,97,100
2026-06-29T02:00,19.6,19.5,0.0,0.0,5.09,4.29,89,100
2026-06-29T03:00,19.1,19.2,0.0,0.0,5.6,4.65,100,100
2026-06-29T04:00,19.2,18.9,21.0,4.0,6.85,4.04,100,100
2026-06-29T05:00,19.7,19.0,68.0,13.0,6.61,2.2,100,100
2026-06-29T06:00,19.5,20.0,58.0,161.0,4.03,3.19,100,74
2026-06-29T07:00,20.0,20.9,108.0,335.0,2.7,3.38,100,66
2026-06-29T08:00,21.2,22.0,252.0,468.0,2.85,3.46,100,73
2026-06-29T09:00,22.0,23.1,339.0,518.0,3.94,3.04,84,64
2026-06-29T10:00,23.8,24.3,537.0,631.0,4.35,3.17,98,58
2026-06-29T11:00,23.7,25.1,459.0,723.0,5.42,3.55,100,61
2026-06-29T12:00,25.2,25.6,769.0,678.0,4.57,3.82,91,75
2026-06-29T13:00,25.6,26.2,615.0,717.0,5.19,4.25,67,64
2026-06-29T14:00,25.5,26.3,664.0,699.0,6.58,4.57,43,60
2026-06-29T15:00,24.0,25.9,663.0,569.0,7.13,5.33,0,68
2026-06-29T16:00,23.3,25.4,534.0,483.0,7.26,5.89,0,68
2026-06-29T17:00,22.3,24.1,389.0,329.0,7.23,7.25,0,58
2026-06-29T18:00,21.3,23.1,237.0,223.0,6.97,6.28,50,99
2026-06-29T19:00,19.8,21.5,105.0,97.0,6.2,6.99,67,33
2026-06-29T20:00,18.0,19.7,19.0,16.0,5.47,7.8,0,39
2026-06-29T21:00,16.8,18.3,0.0,0.0,4.9,8.48,0,46
2026-06-29T22:00,16.1,17.4,0.0,0.0,4.23,7.76,0,92
2026-06-29T23:00,15.6,16.8,0.0,0.0,3.04,7.35,0,75
2026-06-30T00:00,15.0,14.1,0.0,0.0,3.43,5.91,0,5
2026-06-30T01:00,14.4,13.5,0.0,0.0,2.42,5.39,0,8
2026-06-30T02:00,14.0,12.9,0.0,0.0,2.67,4.46,0,0
2026-06-30T03:00,13.7,12.4,0.0,0.0,3.9,4.12,0,12
2026-06-30T04:00,13.6,12.5,26.0,28.0,3.59,4.25,36,20
2026-06-30T05:00,14.7,14.0,106.0,121.0,4.09,3.73,68,97
2026-06-30T06:00,16.3,15.7,163.0,232.0,4.95,3.33,95,91
2026-06-30T07:00,17.8,17.7,274.0,364.0,3.26,1.93,100,100
2026-06-30T08:00,19.2,19.3,410.0,456.0,3.01,1.33,99,36
2026-06-30T09:00,19.6,21.0,214.0,647.0,4.21,0.92,100,42
2026-06-30T10:00,21.3,22.3,424.0,757.0,3.92,0.79,99,81
2026-06-30T11:00,22.3,23.2,489.0,733.0,4.23,0.89,100,65
2026-06-30T12:00,23.2,23.5,599.0,502.0,4.09,3.14,97,100
2026-06-30T13:00,24.0,23.9,573.0,534.0,5.1,4.03,70,99
2026-06-30T14:00,24.6,24.2,550.0,527.0,4.22,4.82,100,100
2026-06-30T15:00,23.7,24.6,244.0,477.0,4.26,4.09,100,63
2026-06-30T16:00,23.2,24.3,148.0,447.0,5.06,4.51,100,97
2026-06-30T17:00,20.6,23.2,51.0,215.0,6.59,5.96,100,100
2026-06-30T18:00,22.0,22.5,116.0,111.0,7.28,7.36,100,100
2026-06-30T19:00,20.5,21.3,48.0,45.0,7.8,6.93,100,100
2026-06-30T20:00,19.5,20.1,10.0,6.0,7.31,8.34,100,100
2026-06-30T21:00,17.6,19.0,0.0,0.0,6.69,9.61,96,100
2026-06-30T22:00,17.3,18.4,0.0,0.0,7.57,11.86,100,100
2026-06-30T23:00,17.0,17.9,0.0,0.0,7.36,3.72,100,100
2026-07-01T00:00,15.6,16.2,0.0,0.0,3.04,6.05,100,100
2026-07-01T01:00,15.1,16.3,0.0,0.0,2.47,7.36,100,100
2026-07-01T02:00,15.0,16.3,0.0,0.0,2.45,5.24,100,100
2026-07-01T03:00,15.2,16.4,0.0,0.0,1.31,4.67,100,100
2026-07-01T04:00,15.2,16.5,15.0,14.0,0.92,4.4,100,99
2026-07-01T05:00,16.2,16.9,74.0,72.0,2.57,3.57,100,94
2026-07-01T06:00,17.8,17.4,197.0,133.0,2.66,2.73,82,87
2026-07-01T07:00,19.2,18.6,311.0,234.0,1.71,2.91,42,90
2026-07-01T08:00,20.4,19.6,501.0,339.0,3.35,3.21,100,61
2026-07-01T09:00,21.2,20.5,559.0,524.0,5.53,2.26,100,73
2026-07-01T10:00,21.9,21.3,592.0,569.0,6.56,1.81,100,72
2026-07-01T11:00,21.6,21.9,621.0,660.0,8.64,2.52,87,69
2026-07-01T12:00,22.9,21.2,584.0,504.0,4.24,3.53,100,75
2026-07-01T13:00,21.3,21.7,387.0,638.0,7.76,2.94,100,75
2026-07-01T14:00,21.9,21.2,385.0,447.0,6.28,4.09,100,100
2026-07-01T15:00,21.7,20.5,558.0,395.0,5.92,6.1,35,100
2026-07-01T16:00,21.5,19.9,501.0,324.0,5.0,5.83,37,71
2026-07-01T17:00,21.3,20.2,349.0,298.0,5.3,5.21,8,72
2026-07-01T18:00,20.6,18.9,230.0,129.0,4.85,5.97,12,77
2026-07-01T19:00,19.4,18.6,104.0,72.0,3.79,5.61,5,72
2026-07-01T20:00,17.9,17.8,18.0,13.0,3.24,5.76,55,42
2026-07-01T21:00,16.6,17.0,0.0,0.0,7.37,6.74,27,0
2026-07-01T22:00,15.5,16.2,0.0,0.0,6.09,8.0,8,5
2026-07-01T23:00,14.9,15.6,0.0,0.0,4.99,6.74,4,0
2026-07-02T00:00,14.5,15.2,0.0,0.0,3.96,6.3,0,35
2026-07-02T01:00,14.2,14.9,0.0,0.0,3.63,4.91,16,74
2026-07-02T02:00,13.9,14.7,0.0,0.0,3.07,4.51,85,75
2026-07-02T03:00,13.5,14.8,0.0,0.0,3.23,5.4,71,75
2026-07-02T04:00,13.7,15.0,23.0,20.0,5.31,6.45,81,85
2026-07-02T05:00,14.9,15.5,91.0,91.0,6.86,5.9,64,85
2026-07-02T06:00,16.2,16.1,140.0,135.0,6.4,7.28,99,93
2026-07-02T07:00,17.1,17.3,157.0,218.0,6.54,6.32,96,93
2026-07-02T08:00,18.0,17.8,204.0,178.0,8.02,8.11,98,100
2026-07-02T09:00,18.2,18.0,162.0,179.0,8.86,8.56,100,100
2026-07-02T10:00,18.1,18.0,104.0,136.0,9.99,9.2,100,100
2026-07-02T11:00,17.7,17.9,118.0,105.0,10.14,9.66,100,100
2026-07-02T12:00,18.3,18.1,105.0,67.0,11.01,10.77,100,99
2026-07-02T13:00,18.2,18.2,90.0,62.0,10.64,11.71,100,99
2026-07-02T14:00,18.4,18.2,62.0,67.0,11.52,11.87,100,100
2026-07-02T15:00,20.0,18.7,174.0,79.0,14.6,12.03,95,99
2026-07-02T16:00,20.1,19.5,374.0,258.0,15.45,14.31,100,66
2026-07-02T17:00,19.6,19.0,274.0,262.0,13.53,15.38,0,69
2026-07-02T18:00,19.4,18.2,158.0,145.0,15.52,15.17,63,71
2026-07-02T19:00,18.7,17.5,84.0,60.0,15.71,14.55,46,81
2026-07-02T20:00,17.8,16.8,17.0,10.0,13.91,13.65,12,55
2026-07-02T21:00,17.7,16.6,0.0,0.0,13.73,13.8,91,55
2026-07-02T22:00,17.3,16.2,0.0,0.0,12.83,13.45,23,59
2026-07-02T23:00,16.9,16.0,0.0,0.0,10.9,11.85,35,44
2026-07-03T00:00,16.7,16.0,0.0,0.0,13.85,11.85,4,68
2026-07-03T01:00,16.4,16.1,0.0,0.0,13.81,13.15,12,50
2026-07-03T02:00,16.4,15.8,0.0,0.0,12.8,13.37,80,52
2026-07-03T03:00,16.7,15.6,0.0,0.0,16.6,13.41,50,76
2026-07-03T04:00,16.7,15.9,26.0,22.0,15.26,14.33,37,66
2026-07-03T05:00,17.3,16.6,112.0,100.0,15.72,14.55,24,56
2026-07-03T06:00,17.6,16.7,267.0,244.0,15.58,14.99,0,55
2026-07-03T07:00,18.3,17.4,419.0,331.0,16.2,15.65,4,71
2026-07-03T08:00,18.9,18.0,531.0,367.0,16.17,15.08,0,80
2026-07-03T09:00,19.2,19.0,418.0,508.0,14.74,14.81,95,66
2026-07-03T10:00,19.6,19.6,481.0,667.0,15.37,15.67,100,65
2026-07-03T11:00,18.4,18.0,253.0,419.0,16.13,17.27,100,99
2026-07-03T12:00,18.9,19.4,319.0,658.0,14.46,16.01,92,85
2026-07-03T13:00,19.2,18.5,314.0,499.0,13.54,15.95,60,73
2026-07-03T14:00,19.1,19.5,315.0,538.0,14.23,15.34,100,85
2026-07-03T15:00,19.4,19.0,350.0,400.0,13.73,14.2,86,77
2026-07-03T16:00,18.8,18.7,351.0,388.0,13.62,14.08,100,64
2026-07-03T17:00,18.4,18.3,240.0,262.0,12.64,14.54,100,58
2026-07-03T18:00,18.0,18.3,154.0,219.0,11.06,12.96,77,29
2026-07-03T19:00,17.4,17.7,96.0,96.0,10.43,11.5,46,35
2026-07-03T20:00,16.3,17.0,15.0,15.0,10.55,11.46,32,65
2026-07-03T21:00,15.3,16.7,0.0,0.0,9.73,11.35,0,63
2026-07-03T22:00,14.6,16.1,0.0,0.0,9.47,10.35,79,57
2026-07-03T23:00,14.2,15.6,0.0,0.0,8.52,9.46,0,100
2026-07-04T00:00,13.6,15.2,0.0,0.0,6.67,10.05,42,63
2026-07-04T01:00,13.3,15.3,0.0,0.0,5.87,9.85,71,100
2026-07-04T02:00,13.3,15.2,0.0,0.0,6.41,10.04,45,82
2026-07-04T03:00,13.9,15.1,0.0,0.0,4.9,9.34,93,89
2026-07-04T04:00,14.4,14.9,10.0,16.0,4.52,7.32,100,100
2026-07-04T05:00,14.8,15.7,59.0,62.0,6.42,6.51,59,95
2026-07-04T06:00,16.0,15.9,184.0,53.0,5.17,8.24,64,100
2026-07-04T07:00,17.3,15.8,293.0,106.0,6.01,8.51,98,100
2026-07-04T08:00,19.5,16.4,372.0,139.0,9.17,8.06,99,98
2026-07-04T09:00,19.4,15.8,386.0,153.0,6.48,6.93,99,97
2026-07-04T10:00,19.3,16.1,291.0,183.0,7.72,6.34,99,93
2026-07-04T11:00,17.5,15.6,243.0,163.0,7.91,6.96,100,100
2026-07-04T12:00,16.5,19.3,124.0,257.0,7.67,8.68,100,99
2026-07-04T13:00,16.3,17.6,82.0,122.0,7.6,8.96,100,100
2026-07-04T14:00,16.3,17.2,50.0,82.0,6.38,7.98,100,100
2026-07-04T15:00,18.1,17.5,271.0,81.0,8.04,7.27,100,100
2026-07-04T16:00,17.5,16.8,79.0,81.0,7.17,7.9,100,100
2026-07-04T17:00,16.4,18.0,30.0,57.0,6.37,10.19,100,98
2026-07-04T18:00,17.5,18.0,44.0,29.0,9.56,10.09,100,99
2026-07-04T19:00,17.8,17.9,32.0,19.0,9.73,10.48,98,100
2026-07-04T20:00,17.4,17.9,6.0,8.0,8.57,11.36,97,100
2026-07-04T21:00,17.0,17.5,0.0,0.0,8.02,10.68,100,100
2026-07-04T22:00,16.8,17.4,0.0,0.0,9.51,10.68,100,100
2026-07-04T23:00,17.0,17.3,0.0,0.0,10.44,10.9,100,99
2026-07-05T00:00,16.7,16.9,0.0,0.0,10.11,10.17,100,100
2026-07-05T01:00,16.9,17.0,0.0,0.0,11.08,11.27,100,100
2026-07-05T02:00,17.2,17.2,0.0,0.0,11.32,10.91,100,100
2026-07-05T03:00,16.7,17.2,0.0,0.0,10.24,11.63,90,97
2026-07-05T04:00,17.3,17.4,9.0,8.0,11.32,11.17,91,91
2026-07-05T05:00,17.4,17.4,63.0,55.0,11.5,9.12,86,88
2026-07-05T06:00,17.8,17.8,132.0,121.0,9.85,10.03,93,87
2026-07-05T07:00,17.9,18.3,206.0,216.0,10.16,10.65,99,86
2026-07-05T08:00,18.8,19.0,406.0,376.0,12.2,10.42,100,58
2026-07-05T09:00,19.5,19.2,529.0,562.0,12.93,11.82,98,92
2026-07-05T10:00,19.0,19.8,573.0,699.0,13.24,12.64,100,100
2026-07-05T11:00,19.3,20.0,642.0,757.0,13.01,12.7,97,54
2026-07-05T12:00,20.0,19.5,797.0,735.0,13.04,12.59,96,100
2026-07-05T13:00,19.7,19.5,698.0,634.0,13.31,13.19,99,100
2026-07-05T14:00,19.8,18.9,664.0,466.0,12.63,13.25,99,100
2026-07-05T15:00,19.0,19.1,609.0,474.0,12.2,12.74,45,65
2026-07-05T16:00,18.3,18.5,505.0,363.0,11.27,12.65,15,84
2026-07-05T17:00,17.7,18.1,353.0,293.0,11.93,11.98,100,56
2026-07-05T18:00,16.7,17.0,212.0,183.0,10.22,10.82,92,74
2026-07-05T19:00,15.7,16.3,97.0,78.0,9.4,9.56,100,97
2026-07-05T20:00,14.5,15.7,16.0,15.0,7.61,8.85,97,95
2026-07-05T21:00,13.5,15.3,0.0,0.0,6.94,7.86,100,100
2026-07-05T22:00,13.3,15.2,0.0,0.0,7.85,7.73,100,100
2026-07-05T23:00,13.3,15.4,0.0,0.0,8.28,7.23,98,98
2026-07-06T00:00,13.0,13.7,0.0,0.0,6.58,7.47,100,100
2026-07-06T01:00,13.1,14.1,0.0,0.0,4.23,6.57,100,96
2026-07-06T02:00,13.4,14.3,0.0,0.0,5.04,6.09,100,97
2026-07-06T03:00,13.5,14.3,0.0,0.0,6.82,7.06,100,96
2026-07-06T04:00,13.9,14.5,7.0,3.0,7.04,7.12,100,100
2026-07-06T05:00,14.4,14.6,15.0,15.0,7.0,7.01,100,100
2026-07-06T06:00,15.0,16.2,22.0,32.0,8.54,9.86,100,100
2026-07-06T07:00,15.3,16.7,45.0,36.0,9.7,12.25,100,100
2026-07-06T08:00,15.7,17.2,41.0,52.0,9.95,11.42,100,100
2026-07-06T09:00,16.0,17.4,78.0,70.0,9.57,12.31,100,100
2026-07-06T10:00,16.8,17.7,73.0,115.0,11.28,12.74,100,100
2026-07-06T11:00,17.2,17.8,77.0,115.0,11.72,13.14,100,100
2026-07-06T12:00,17.4,17.3,73.0,78.0,12.44,13.5,100,100
2026-07-06T13:00,17.2,17.3,52.0,63.0,10.39,12.07,100,100
2026-07-06T14:00,17.8,17.4,54.0,52.0,10.44,12.15,100,100
2026-07-06T15:00,18.2,17.8,122.0,86.0,11.67,12.73,100,97
2026-07-06T16:00,17.8,17.7,66.0,117.0,12.53,12.5,100,100
2026-07-06T17:00,17.6,17.7,44.0,95.0,12.59,12.06,100,93
2026-07-06T18:00,17.3,17.5,26.0,58.0,10.45,11.63,100,100
2026-07-06T19:00,17.1,17.3,9.0,19.0,9.9,10.84,100,100
2026-07-06T20:00,16.9,17.0,2.0,4.0,10.2,9.6,100,100
2026-07-06T21:00,17.0,16.9,0.0,0.0,10.7,9.09,100,100
2026-07-06T22:00,16.9,17.0,0.0,0.0,11.0,11.07,100,100
2026-07-06T23:00,16.7,17.1,0.0,0.0,10.73,11.16,100,100
2026-07-07T00:00,16.4,17.1,0.0,0.0,10.44,11.86,100,100
2026-07-07T01:00,16.5,17.0,0.0,0.0,10.13,11.18,100,100
2026-07-07T02:00,16.3,16.9,0.0,0.0,9.86,11.07,100,100
2026-07-07T03:00,16.5,17.0,0.0,0.0,9.08,11.97,100,100
2026-07-07T04:00,16.7,17.1,4.0,4.0,9.85,12.55,100,100
2026-07-07T05:00,16.8,17.0,17.0,23.0,9.03,13.33,100,100
2026-07-07T06:00,17.0,16.7,27.0,35.0,10.94,9.78,100,100
2026-07-07T07:00,17.6,16.9,69.0,51.0,10.44,11.39,100,100
2026-07-07T08:00,17.9,17.1,86.0,61.0,10.94,11.36,100,100
2026-07-07T09:00,17.5,17.6,116.0,85.0,12.72,11.73,100,99
2026-07-07T10:00,17.9,18.2,122.0,111.0,14.12,13.52,100,99
2026-07-07T11:00,17.7,18.2,45.0,149.0,13.62,15.57,100,100
2026-07-07T12:00,17.9,18.4,75.0,172.0,14.24,15.85,100,100
2026-07-07T13:00,17.9,18.4,117.0,137.0,13.92,14.55,100,98
2026-07-07T14:00,17.9,18.1,118.0,168.0,15.21,15.61,100,100
2026-07-07T15:00,17.3,17.9,60.0,89.0,13.51,15.54,100,100
2026-07-07T16:00,17.0,17.9,69.0,83.0,14.02,15.41,100,98
2026-07-07T17:00,16.5,17.6,53.0,72.0,11.54,15.89,100,100
2026-07-07T18:00,16.0,16.1,176.0,173.0,11.13,13.1,85,73
2026-07-07T19:00,14.6,15.5,95.0,81.0,11.29,13.03,91,100
2026-07-07T20:00,13.4,14.4,16.0,13.0,10.81,11.86,85,96
2026-07-07T21:00,12.9,13.9,0.0,0.0,10.85,11.32,97,50
2026-07-07T22:00,12.5,13.7,0.0,0.0,9.98,11.42,100,89
2026-07-07T23:00,12.1,13.6,0.0,0.0,10.12,11.11,100,74
2026-07-08T00:00,11.9,13.9,0.0,0.0,9.28,10.36,60,100
2026-07-08T01:00,11.8,14.0,0.0,0.0,10.13,10.57,31,100
2026-07-08T02:00,11.7,14.0,0.0,0.0,11.16,10.35,63,100
2026-07-08T03:00,12.0,14.1,0.0,0.0,9.49,10.16,84,86
2026-07-08T04:00,12.4,14.0,12.0,14.0,8.29,9.64,97,100
2026-07-08T05:00,13.1,14.3,59.0,81.0,8.05,8.86,100,73
2026-07-08T06:00,14.1,14.9,115.0,182.0,8.77,8.58,90,70
2026-07-08T07:00,14.6,15.6,193.0,279.0,8.47,9.49,92,76
2026-07-08T08:00,15.4,16.2,309.0,398.0,9.38,9.29,73,74
2026-07-08T09:00,16.5,17.0,438.0,476.0,10.22,9.46,81,80
2026-07-08T10:00,17.2,17.7,652.0,621.0,11.29,9.55,97,70
2026-07-08T11:00,17.9,18.1,761.0,715.0,11.06,9.83,95,100
2026-07-08T12:00,18.2,18.5,765.0,764.0,10.17,11.04,98,46
2026-07-08T13:00,18.3,18.7,753.0,776.0,10.12,11.04,100,44
2026-07-08T14:00,18.4,18.7,713.0,704.0,10.43,11.48,67,100
2026-07-08T15:00,17.6,18.4,586.0,579.0,10.21,11.09,100,89
2026-07-08T16:00,17.4,17.9,471.0,476.0,9.77,11.24,79,66
2026-07-08T17:00,16.7,17.5,352.0,329.0,9.49,10.54,87,63
2026-07-08T18:00,15.9,17.3,206.0,201.0,9.03,10.27,71,65
2026-07-08T19:00,15.0,16.7,80.0,74.0,9.29,9.16,82,86
2026-07-08T20:00,14.0,16.1,12.0,10.0,9.06,8.25,9,60
2026-07-08T21:00,13.8,15.6,0.0,0.0,9.77,8.27,11,54
2026-07-08T22:00,13.7,15.5,0.0,0.0,9.11,7.9,79,79
2026-07-08T23:00,14.0,15.6,0.0,0.0,9.15,7.41,65,86
2026-07-09T00:00,14.4,15.0,0.0,0.0,9.43,9.73,84,66
2026-07-09T01:00,14.7,15.0,0.0,0.0,6.86,9.46,100,60
2026-07-09T02:00,15.0,15.1,0.0,0.0,7.56,8.42,85,84
2026-07-09T03:00,15.1,15.3,0.0,0.0,8.06,7.54,99,81
2026-07-09T04:00,14.8,15.7,9.0,11.0,6.96,8.02,100,91
2026-07-09T05:00,15.3,16.1,38.0,53.0,7.1,8.78,100,76
2026-07-09T06:00,15.6,17.0,60.0,115.0,7.08,7.9,100,88
2026-07-09T07:00,16.5,17.2,183.0,179.0,5.68,7.12,100,90
2026-07-09T08:00,16.6,17.3,177.0,271.0,5.97,8.18,100,87
2026-07-09T09:00,17.0,17.9,238.0,345.0,6.3,7.23,100,90
2026-07-09T10:00,17.4,18.2,266.0,386.0,6.17,6.64,95,88
2026-07-09T11:00,17.8,18.7,329.0,477.0,4.98,6.66,100,80
2026-07-09T12:00,18.3,18.9,360.0,431.0,6.2,6.02,90,90
2026-07-09T13:00,18.7,19.2,404.0,473.0,5.11,5.47,100,85
2026-07-09T14:00,18.5,19.2,362.0,425.0,5.41,5.55,90,90
2026-07-09T15:00,18.2,19.1,302.0,323.0,6.4,5.28,86,86
2026-07-09T16:00,18.0,18.6,253.0,258.0,6.23,5.55,88,74
2026-07-09T17:00,17.8,18.2,223.0,196.0,5.46,4.84,79,91
2026-07-09T18:00,16.9,17.7,128.0,128.0,5.85,5.23,94,91
2026-07-09T19:00,16.3,16.9,56.0,51.0,4.35,5.14,99,92
2026-07-09T20:00,15.6,16.2,9.0,10.0,4.37,4.9,93,83
2026-07-09T21:00,15.3,15.5,0.0,0.0,5.01,4.64,88,71
2026-07-09T22:00,15.0,15.3,0.0,0.0,4.44,4.27,81,82
2026-07-09T23:00,14.5,15.0,0.0,0.0,5.14,3.75,89,64
2026-07-10T00:00,14.8,14.1,0.0,0.0,5.04,3.69,77,79
2026-07-10T01:00,14.4,14.0,0.0,0.0,3.57,3.82,76,86
2026-07-10T02:00,13.6,14.0,0.0,0.0,3.59,4.25,59,75
2026-07-10T03:00,13.0,13.8,0.0,0.0,4.43,4.53,72,71
2026-07-10T04:00,12.9,13.7,16.0,13.0,4.66,4.82,79,74
2026-07-10T05:00,13.3,14.5,87.0,89.0,5.21,4.74,66,54
2026-07-10T06:00,14.6,14.8,238.0,163.0,3.16,3.13,0,83
2026-07-10T07:00,16.5,14.6,386.0,218.0,1.92,2.6,0,91
2026-07-10T08:00,18.8,16.8,531.0,358.0,2.6,2.35,0,75
2026-07-10T09:00,21.2,18.9,657.0,614.0,3.71,1.58,2,44
2026-07-10T10:00,22.7,20.8,752.0,710.0,4.4,2.32,20,48
2026-07-10T11:00,23.8,22.4,783.0,756.0,4.77,2.95,24,54
2026-07-10T12:00,24.7,23.8,673.0,627.0,4.59,5.14,93,66
2026-07-10T13:00,25.2,24.1,630.0,546.0,4.4,4.92,94,89
2026-07-10T14:00,25.9,24.0,605.0,358.0,3.04,5.02,74,92
2026-07-10T15:00,25.6,23.6,503.0,337.0,3.43,5.92,71,85
2026-07-10T16:00,24.1,23.3,375.0,288.0,5.72,5.35,45,81
2026-07-10T17:00,24.5,23.0,294.0,247.0,6.18,5.79,97,77
2026-07-10T18:00,24.1,22.3,213.0,179.0,4.43,6.1,33,49
2026-07-10T19:00,22.3,21.1,100.0,83.0,4.85,5.98,3,36
2026-07-10T20:00,20.1,19.5,14.0,13.0,5.89,6.3,0,29
2026-07-10T21:00,18.6,18.4,0.0,0.0,1.55,5.91,0,0
2026-07-10T22:00,17.6,17.6,0.0,0.0,1.46,5.36,0,9
2026-07-10T23:00,16.9,17.2,0.0,0.0,0.63,4.67,0,12
2026-07-11T00:00,16.2,16.7,0.0,0.0,1.96,4.37,0,24
2026-07-11T01:00,15.7,16.4,0.0,0.0,1.43,4.13,0,20
2026-07-11T02:00,15.2,16.1,0.0,0.0,1.02,3.64,0,14
2026-07-11T03:00,14.5,15.6,0.0,0.0,0.9,3.2,0,17
2026-07-11T04:00,14.4,15.5,19.0,18.0,1.25,2.94,0,12
2026-07-11T05:00,15.2,16.3,109.0,106.0,1.47,2.42,0,0
2026-07-11T06:00,17.7,17.6,237.0,238.0,1.32,0.71,0,3
2026-07-11T07:00,20.1,19.9,384.0,386.0,0.98,0.59,0,0
2026-07-11T08:00,22.2,21.6,529.0,532.0,1.04,0.14,0,0
2026-07-11T09:00,24.1,23.3,655.0,660.0,2.26,0.22,0,6
2026-07-11T10:00,25.5,24.4,752.0,756.0,3.02,0.83,0,0
2026-07-11T11:00,26.6,25.3,806.0,814.0,3.04,1.29,0,49
2026-07-11T12:00,27.2,26.2,833.0,762.0,3.05,2.35,0,42
2026-07-11T13:00,27.7,26.7,811.0,769.0,3.82,2.85,0,98
2026-07-11T14:00,27.9,27.0,744.0,716.0,3.96,3.25,0,18
2026-07-11T15:00,27.7,27.0,610.0,575.0,5.35,3.53,92,61
2026-07-11T16:00,26.6,26.9,451.0,462.0,7.12,4.31,0,30
2026-07-11T17:00,25.7,26.3,364.0,347.0,8.03,4.23,0,48
2026-07-11T18:00,24.4,25.3,212.0,224.0,7.58,3.82,11,0
2026-07-11T19:00,22.6,23.5,96.0,96.0,7.28,3.14,0,0
2026-07-11T20:00,20.6,21.4,13.0,14.0,7.15,4.95,0,0
2026-07-11T21:00,19.0,20.3,0.0,0.0,6.84,6.29,0,0
2026-07-11T22:00,17.9,19.5,0.0,0.0,6.58,6.67,0,0
2026-07-11T23:00,17.0,18.8,0.0,0.0,6.11,6.4,0,0
2026-07-12T00:00,16.0,17.8,0.0,0.0,5.96,5.92,29,0
2026-07-12T01:00,15.6,17.0,0.0,0.0,6.18,5.95,9,0
2026-07-12T02:00,15.3,16.3,0.0,0.0,6.37,5.53,0,0
2026-07-12T03:00,15.1,15.8,0.0,0.0,7.78,5.4,0,0
2026-07-12T04:00,14.9,15.7,16.0,16.0,8.51,6.3,37,0
2026-07-12T05:00,15.5,16.5,97.0,101.0,7.73,6.91,0,0
2026-07-12T06:00,17.0,17.3,228.0,228.0,4.97,5.52,0,0
2026-07-12T07:00,18.5,18.8,370.0,374.0,4.9,4.19,29,0
2026-07-12T08:00,19.9,20.2,516.0,518.0,4.72,4.59,61,2
2026-07-12T09:00,21.9,21.7,616.0,628.0,4.16,4.3,68,59
2026-07-12T10:00,23.3,22.6,729.0,681.0,5.36,4.92,34,88
2026-07-12T11:00,24.4,22.6,784.0,603.0,5.84,5.8,100,86
2026-07-12T12:00,25.0,22.5,806.0,799.0,6.79,7.19,75,13
2026-07-12T13:00,25.0,22.0,774.0,801.0,6.65,7.89,100,0
2026-07-12T14:00,24.6,20.8,736.0,740.0,6.86,8.15,0,0
2026-07-12T15:00,24.0,19.9,638.0,636.0,7.0,7.89,40,44
2026-07-12T16:00,22.2,19.9,509.0,481.0,7.06,7.58,31,36
2026-07-12T17:00,20.6,19.8,368.0,354.0,6.96,7.34,0,38
2026-07-12T18:00,18.8,18.9,224.0,208.0,7.1,6.4,0,37
2026-07-12T19:00,18.0,18.1,95.0,88.0,6.62,6.0,0,36
2026-07-12T20:00,16.9,17.1,14.0,12.0,5.52,5.92,0,56
2026-07-12T21:00,15.9,16.5,0.0,0.0,4.99,5.31,0,54
2026-07-12T22:00,15.3,16.1,0.0,0.0,3.7,3.65,14,46
2026-07-12T23:00,14.7,15.6,0.0,0.0,3.34,2.72,60,54
2026-07-13T00:00,14.7,14.8,0.0,0.0,2.76,1.68,65,64
2026-07-13T01:00,14.3,14.6,0.0,0.0,1.98,1.92,99,74
2026-07-13T02:00,14.1,14.5,0.0,0.0,1.87,1.64,100,80
2026-07-13T03:00,13.8,14.2,0.0,0.0,2.22,1.19,100,100
2026-07-13T04:00,14.1,14.1,9.0,10.0,2.51,1.38,100,100
2026-07-13T05:00,14.5,14.4,52.0,52.0,2.19,1.77,100,100
2026-07-13T06:00,15.8,16.1,193.0,149.0,2.84,0.97,58,84
2026-07-13T07:00,18.6,18.0,363.0,256.0,2.17,1.5,52,67
2026-07-13T08:00,21.0,19.9,492.0,428.0,2.66,1.66,50,46
2026-07-13T09:00,23.9,21.8,631.0,600.0,3.79,2.1,30,39
2026-07-13T10:00,25.5,23.4,740.0,700.0,4.02,3.1,7,50
2026-07-13T11:00,26.2,24.8,740.0,724.0,4.23,3.04,63,42
2026-07-13T12:00,27.7,24.7,737.0,686.0,5.0,5.96,94,62
2026-07-13T13:00,28.1,25.2,766.0,695.0,4.71,6.39,57,66
2026-07-13T14:00,28.7,25.1,671.0,635.0,4.62,7.16,91,32
2026-07-13T15:00,27.7,25.1,521.0,583.0,5.98,7.68,4,45
2026-07-13T16:00,27.5,24.3,439.0,464.0,4.64,8.52,47,34
2026-07-13T17:00,26.4,23.4,264.0,360.0,8.2,8.58,37,3
2026-07-13T18:00,24.7,23.7,186.0,215.0,9.2,8.83,66,23
2026-07-13T19:00,23.1,22.2,75.0,90.0,8.46,9.45,100,2
2026-07-13T20:00,21.3,20.6,11.0,12.0,10.22,10.52,32,0
2026-07-13T21:00,19.6,19.4,0.0,0.0,7.63,10.57,0,0
2026-07-13T22:00,18.5,18.5,0.0,0.0,8.36,10.24,0,0
2026-07-13T23:00,18.0,17.8,0.0,0.0,10.29,9.86,0,0
2026-07-14T00:00,17.7,17.5,0.0,0.0,9.04,9.35,0,0
2026-07-14T01:00,16.8,17.0,0.0,0.0,6.88,8.72,8,7
2026-07-14T02:00,16.5,16.6,0.0,0.0,8.65,8.23,6,24
2026-07-14T03:00,16.5,16.3,0.0,0.0,9.01,7.16,66,31
2026-07-14T04:00,16.4,16.2,11.0,16.0,7.35,7.72,71,37
2026-07-14T05:00,16.9,16.9,82.0,95.0,6.98,7.75,41,36
2026-07-14T06:00,17.8,17.7,223.0,198.0,6.63,6.57,0,54
2026-07-14T07:00,19.7,19.0,377.0,335.0,4.39,4.72,0,68
2026-07-14T08:00,21.6,20.4,522.0,446.0,4.61,5.42,0,68
2026-07-14T09:00,23.5,21.6,653.0,592.0,5.42,5.65,0,39
2026-07-14T10:00,25.0,22.9,750.0,709.0,5.83,5.92,8,49
2026-07-14T11:00,26.1,24.1,811.0,784.0,6.07,6.38,51,4
2026-07-14T12:00,26.4,25.4,835.0,758.0,5.89,6.54,0,5
2026-07-14T13:00,26.8,26.1,804.0,807.0,6.05,6.99,48,3
2026-07-14T14:00,26.9,26.2,726.0,735.0,6.18,7.11,43,36
2026-07-14T15:00,26.3,26.0,646.0,625.0,6.98,7.46,0,15
2026-07-14T16:00,26.0,25.6,520.0,511.0,6.88,7.79,3,0
2026-07-14T17:00,25.1,24.9,376.0,370.0,7.45,7.53,0,0
2026-07-14T18:00,23.4,24.1,230.0,228.0,7.83,7.22,0,0
2026-07-14T19:00,21.3,22.3,97.0,96.0,6.84,7.35,0,0
2026-07-14T20:00,19.0,20.3,12.0,12.0,6.77,7.41,87,0
2026-07-14T21:00,17.7,18.9,0.0,0.0,7.75,7.15,0,0
2026-07-14T22:00,16.7,18.0,0.0,0.0,7.88,6.53,0,0
2026-07-14T23:00,16.0,17.3,0.0,0.0,7.32,6.58,0,0
2026-07-15T00:00,15.3,16.8,0.0,0.0,5.74,8.21,0,0
2026-07-15T01:00,14.9,16.1,0.0,0.0,5.71,7.37,0,0
2026-07-15T02:00,14.7,15.5,0.0,0.0,5.76,6.75,0,0
2026-07-15T03:00,14.6,15.1,0.0,0.0,5.04,6.14,0,0
2026-07-15T04:00,14.5,15.0,15.0,16.0,3.28,5.0,0,0
2026-07-15T05:00,15.5,16.1,99.0,100.0,2.28,4.59,0,0
2026-07-15T06:00,17.7,18.0,222.0,222.0,1.63,3.2,0,41
2026-07-15T07:00,20.0,20.1,370.0,360.0,1.68,2.15,70,43
2026-07-15T08:00,21.9,21.8,523.0,482.0,1.74,2.16,0,52
2026-07-15T09:00,23.5,23.1,610.0,549.0,2.73,3.4,100,99
2026-07-15T10:00,24.6,24.0,663.0,547.0,3.48,3.53,44,100
2026-07-15T11:00,25.6,24.9,794.0,609.0,3.79,4.59,98,84
2026-07-15T12:00,25.7,26.7,582.0,786.0,5.09,5.8,91,100
2026-07-15T13:00,26.4,26.9,766.0,690.0,5.49,5.95,50,35
2026-07-15T14:00,26.5,27.1,738.0,729.0,5.01,6.93,100,35
2026-07-15T15:00,25.2,26.6,585.0,635.0,7.78,8.47,95,9
2026-07-15T16:00,24.5,25.6,487.0,522.0,8.66,9.37,71,9
2026-07-15T17:00,23.5,24.7,365.0,376.0,7.67,9.12,4,0
2026-07-15T18:00,23.0,24.1,227.0,228.0,7.05,8.75,0,0
2026-07-15T19:00,21.4,22.6,93.0,93.0,7.41,8.0,15,71
2026-07-15T20:00,19.2,20.4,12.0,11.0,7.67,7.23,25,99
2026-07-15T21:00,18.1,19.1,0.0,0.0,8.46,7.62,76,100
2026-07-15T22:00,17.4,18.6,0.0,0.0,8.56,7.81,62,100
2026-07-15T23:00,16.7,18.0,0.0,0.0,8.51,7.51,76,80
2026-07-16T00:00,14.4,16.8,0.0,0.0,5.92,6.15,5,34
2026-07-16T01:00,14.2,16.1,0.0,0.0,5.46,5.74,6,37
2026-07-16T02:00,13.9,15.8,0.0,0.0,5.39,5.0,81,100
2026-07-16T03:00,15.3,15.5,0.0,0.0,4.3,4.62,100,100
2026-07-16T04:00,15.4,15.3,5.0,13.0,3.54,4.16,100,100
2026-07-16T05:00,15.9,16.1,26.0,74.0,3.67,3.64,100,100
2026-07-16T06:00,16.6,17.0,54.0,104.0,2.66,1.86,100,95
2026-07-16T07:00,17.5,18.0,140.0,160.0,2.95,3.46,100,100
2026-07-16T08:00,18.2,19.3,158.0,238.0,3.88,2.5,100,97
2026-07-16T09:00,18.1,19.9,180.0,244.0,3.81,2.29,100,100
2026-07-16T10:00,19.7,19.2,384.0,192.0,3.7,3.22,93,100
2026-07-16T11:00,21.7,19.8,678.0,243.0,3.73,1.77,87,90
2026-07-16T12:00,21.3,21.4,405.0,492.0,3.17,2.76,94,92
2026-07-16T13:00,21.1,22.1,360.0,439.0,3.23,2.66,89,82
2026-07-16T14:00,22.8,21.1,492.0,306.0,2.18,4.68,96,98
2026-07-16T15:00,23.7,20.5,473.0,163.0,2.64,2.73,88,96
2026-07-16T16:00,23.7,20.6,413.0,157.0,4.17,2.29,88,98
2026-07-16T17:00,23.8,20.1,293.0,113.0,4.56,3.78,92,94
2026-07-16T18:00,22.6,21.4,217.0,202.0,5.26,4.8,92,33
2026-07-16T19:00,21.5,20.4,83.0,84.0,7.26,5.93,100,12
2026-07-16T20:00,20.0,18.9,9.0,10.0,7.21,6.67,100,71
2026-07-16T21:00,19.2,17.9,0.0,0.0,7.11,7.28,82,62
2026-07-16T22:00,18.2,17.3,0.0,0.0,5.92,6.82,85,68
2026-07-16T23:00,17.9,16.9,0.0,0.0,5.52,6.35,94,69
2026-07-17T00:00,16.6,17.0,0.0,0.0,5.98,6.29,69,18
2026-07-17T01:00,16.6,16.9,0.0,0.0,6.34,6.37,91,53
2026-07-17T02:00,17.3,16.8,0.0,0.0,9.13,6.38,100,89
2026-07-17T03:00,17.7,16.7,0.0,0.0,3.84,5.9,100,61
2026-07-17T04:00,17.3,16.7,4.0,11.0,4.59,7.04,77,71
2026-07-17T05:00,17.9,17.5,75.0,71.0,8.11,7.87,65,81
2026-07-17T06:00,19.0,19.5,193.0,157.0,6.91,7.7,10,76
2026-07-17T07:00,21.1,20.9,349.0,258.0,4.74,5.29,39,89
2026-07-17T08:00,22.9,22.1,484.0,312.0,3.55,2.98,0,97
2026-07-17T09:00,23.9,23.4,544.0,460.0,2.26,3.63,56,85
2026-07-17T10:00,25.8,24.6,699.0,541.0,1.85,3.85,23,75
2026-07-17T11:00,26.8,26.0,799.0,668.0,3.67,4.04,8,63
2026-07-17T12:00,26.7,26.7,797.0,732.0,4.78,3.34,35,49
2026-07-17T13:00,26.6,27.2,794.0,711.0,6.58,1.18,0,88
2026-07-17T14:00,26.3,22.4,744.0,469.0,8.33,3.83,3,100
2026-07-17T15:00,25.7,23.3,619.0,384.0,9.18,1.06,26,100
2026-07-17T16:00,24.6,23.7,481.0,434.0,8.51,2.7,56,99
2026-07-17T17:00,23.4,21.6,285.0,263.0,8.04,4.37,94,100
2026-07-17T18:00,22.3,21.6,191.0,167.0,8.45,5.14,13,69
2026-07-17T19:00,20.2,20.6,86.0,61.0,8.62,4.59,56,100
2026-07-17T20:00,18.4,19.6,9.0,8.0,8.9,7.0,0,98
2026-07-17T21:00,17.4,18.9,0.0,0.0,7.9,8.66,38,93
2026-07-17T22:00,16.9,17.9,0.0,0.0,8.96,9.46,20,71
2026-07-17T23:00,16.7,17.4,0.0,0.0,8.81,9.26,89,73
2026-07-18T00:00,16.7,16.5,0.0,0.0,8.55,8.83,0,70
2026-07-18T01:00,16.4,16.5,0.0,0.0,8.15,9.55,71,61
2026-07-18T02:00,16.3,16.4,0.0,0.0,9.25,9.33,56,90
2026-07-18T03:00,16.2,16.5,0.0,0.0,9.68,10.21,84,79
2026-07-18T04:00,16.4,16.3,9.0,8.0,10.57,10.69,75,74
2026-07-18T05:00,16.6,16.6,56.0,51.0,9.34,10.17,96,81
2026-07-18T06:00,16.9,16.6,95.0,101.0,8.52,8.99,97,96
2026-07-18T07:00,17.6,16.9,100.0,125.0,10.94,11.13,92,97
2026-07-18T08:00,17.7,17.1,168.0,217.0,10.89,11.03,100,94
2026-07-18T09:00,17.8,18.0,220.0,340.0,11.05,11.62,100,96
2026-07-18T10:00,18.4,19.4,225.0,371.0,10.11,11.94,73,79
2026-07-18T11:00,19.5,19.5,479.0,433.0,11.71,12.93,100,41
2026-07-18T12:00,20.4,20.2,610.0,602.0,13.07,13.5,90,73
2026-07-18T13:00,20.1,19.6,572.0,617.0,14.05,13.76,100,56
2026-07-18T14:00,20.4,19.7,542.0,632.0,12.93,13.85,85,46
2026-07-18T15:00,20.4,19.3,494.0,549.0,12.93,12.92,42,37
2026-07-18T16:00,19.6,18.4,421.0,438.0,13.03,13.12,64,52
2026-07-18T17:00,19.0,17.7,330.0,272.0,12.13,13.39,59,50
2026-07-18T18:00,18.0,17.6,173.0,200.0,12.08,11.94,92,38
2026-07-18T19:00,17.3,16.7,88.0,78.0,11.46,11.74,4,44
2026-07-18T20:00,16.6,16.0,10.0,9.0,11.74,11.9,82,50
2026-07-18T21:00,16.2,15.6,0.0,0.0,10.08,11.18,0,59
2026-07-18T22:00,15.5,15.2,0.0,0.0,7.14,10.97,15,50
2026-07-18T23:00,14.6,14.7,0.0,0.0,7.47,10.99,59,25
2026-07-19T00:00,14.8,14.5,0.0,0.0,10.96,10.91,81,54
2026-07-19T01:00,15.0,14.5,0.0,0.0,9.34,10.69,100,84
2026-07-19T02:00,14.7,14.4,0.0,0.0,7.96,10.35,100,88
2026-07-19T03:00,16.0,14.1,0.0,0.0,5.06,10.59,92,88
2026-07-19T04:00,15.0,14.2,9.0,5.0,4.3,8.17,95,90
2026-07-19T05:00,15.4,14.3,78.0,32.0,4.62,6.1,32,100
2026-07-19T06:00,16.1,15.1,150.0,57.0,5.54,3.86,100,100
2026-07-19T07:00,17.2,15.9,236.0,150.0,5.83,2.87,100,100
2026-07-19T08:00,17.7,17.1,318.0,305.0,6.09,2.86,100,91
2026-07-19T09:00,18.7,18.0,493.0,436.0,7.25,3.59,100,98
2026-07-19T10:00,19.1,18.7,517.0,512.0,8.0,5.22,84,100
2026-07-19T11:00,19.0,19.2,446.0,559.0,9.37,6.95,98,99
2026-07-19T12:00,19.4,18.5,437.0,485.0,8.94,4.35,100,89
2026-07-19T13:00,20.5,18.6,594.0,472.0,9.32,5.4,76,91
2026-07-19T14:00,20.7,17.7,474.0,222.0,10.44,6.43,96,100
2026-07-19T15:00,19.2,17.9,364.0,139.0,10.3,6.67,79,100
2026-07-19T16:00,19.4,17.2,322.0,162.0,10.32,8.39,80,100
2026-07-19T17:00,19.3,17.0,319.0,98.0,10.82,8.25,94,99
2026-07-19T18:00,17.7,17.4,157.0,135.0,8.77,10.47,82,93
2026-07-19T19:00,16.4,16.5,61.0,49.0,8.07,10.19,89,79
2026-07-19T20:00,15.0,15.5,6.0,7.0,6.49,9.43,100,66
2026-07-19T21:00,14.4,14.7,0.0,0.0,7.53,9.22,89,62
2026-07-19T22:00,14.0,14.4,0.0,0.0,7.69,9.22,78,71
2026-07-19T23:00,13.8,14.4,0.0,0.0,8.11,9.0,81,86
2026-07-20T00:00,14.0,14.5,0.0,0.0,9.7,11.25,82,62
2026-07-20T01:00,13.9,14.4,0.0,0.0,9.17,10.82,100,74
2026-07-20T02:00,13.7,14.0,0.0,0.0,9.56,10.25,89,43
2026-07-20T03:00,13.7,13.5,0.0,0.0,9.84,11.08,100,81
2026-07-20T04:00,13.7,14.0,6.0,5.0,9.33,11.63,94,90
2026-07-20T05:00,14.2,14.8,49.0,30.0,9.43,11.0,78,85
2026-07-20T06:00,14.8,15.7,80.0,112.0,9.95,11.03,94,84
2026-07-20T07:00,16.0,16.5,241.0,250.0,9.29,10.47,80,74
2026-07-20T08:00,17.1,17.8,395.0,433.0,9.42,10.1,60,42
2026-07-20T09:00,17.9,19.0,543.0,602.0,9.31,9.62,96,70
2026-07-20T10:00,18.9,19.9,533.0,596.0,8.53,8.83,71,51
2026-07-20T11:00,19.7,20.6,602.0,678.0,7.22,9.39,70,71
2026-07-20T12:00,18.6,20.9,285.0,585.0,6.79,8.06,100,74
2026-07-20T13:00,19.6,21.4,279.0,606.0,7.32,8.43,91,89
2026-07-20T14:00,20.2,21.5,512.0,504.0,6.79,7.62,74,97
2026-07-20T15:00,20.4,21.6,287.0,338.0,6.72,8.09,100,84
2026-07-20T16:00,20.1,22.0,322.0,356.0,10.18,6.41,100,57
2026-07-20T17:00,19.7,21.7,268.0,298.0,9.62,6.22,98,100
2026-07-20T18:00,18.6,19.5,133.0,127.0,9.33,9.32,100,75
2026-07-20T19:00,17.7,18.8,66.0,50.0,8.62,8.82,100,54
2026-07-20T20:00,16.5,17.5,7.0,7.0,8.49,8.81,59,31
2026-07-20T21:00,15.9,16.5,0.0,0.0,7.19,8.39,35,44
2026-07-20T22:00,15.0,15.7,0.0,0.0,6.01,5.71,57,51
2026-07-20T23:00,14.2,15.1,0.0,0.0,4.59,3.19,3,52
2026-07-21T00:00,13.5,14.3,0.0,0.0,4.33,5.55,57,0
2026-07-21T01:00,12.9,14.0,0.0,0.0,6.1,7.97,46,0
2026-07-21T02:00,12.3,13.6,0.0,0.0,7.32,8.48,14,0
2026-07-21T03:00,11.2,12.8,0.0,0.0,5.79,6.76,57,0
2026-07-21T04:00,11.0,12.5,9.0,10.0,6.13,5.16,37,43
2026-07-21T05:00,11.9,13.1,86.0,81.0,5.42,5.16,34,19
2026-07-21T06:00,13.7,14.7,204.0,214.0,5.09,4.75,40,25
2026-07-21T07:00,15.7,16.4,370.0,371.0,4.02,4.51,0,2
2026-07-21T08:00,17.7,18.2,527.0,523.0,4.53,4.38,0,4
2026-07-21T09:00,19.6,19.5,657.0,647.0,4.57,4.85,0,28
2026-07-21T10:00,20.6,20.6,754.0,721.0,5.06,5.3,21,41
2026-07-21T11:00,20.9,21.0,670.0,773.0,6.23,6.57,68,57
2026-07-21T12:00,21.4,21.2,751.0,772.0,7.93,8.51,0,71
2026-07-21T13:00,21.3,20.9,818.0,803.0,8.28,9.21,0,3
2026-07-21T14:00,21.0,20.5,754.0,738.0,8.9,9.99,0,0
2026-07-21T15:00,20.0,19.9,649.0,633.0,9.02,9.99,0,12
2026-07-21T16:00,18.9,19.1,515.0,505.0,9.21,9.65,30,3
2026-07-21T17:00,17.9,18.2,356.0,350.0,9.22,9.73,15,41
2026-07-21T18:00,17.8,17.4,194.0,207.0,8.49,9.48,44,28
2026-07-21T19:00,16.6,16.6,72.0,74.0,7.12,9.24,76,46
2026-07-21T20:00,15.8,15.8,6.0,7.0,6.91,7.01,64,48
2026-07-21T21:00,15.8,15.5,0.0,0.0,6.72,7.44,100,6
2026-07-21T22:00,15.6,15.3,0.0,0.0,6.18,7.6,89,100
2026-07-21T23:00,15.3,15.7,0.0,0.0,5.71,6.62,74,43
2026-07-22T00:00,15.2,15.3,0.0,0.0,7.41,6.57,89,100
2026-07-22T01:00,15.5,15.4,0.0,0.0,7.54,8.79,100,98
2026-07-22T02:00,15.4,15.8,0.0,0.0,6.14,8.51,100,100
2026-07-22T03:00,15.4,15.8,0.0,0.0,6.1,7.58,100,73
2026-07-22T04:00,15.3,15.7,2.0,2.0,6.61,8.24,100,100
2026-07-22T05:00,15.8,15.9,14.0,21.0,7.48,8.95,100,100
2026-07-22T06:00,16.6,16.4,23.0,52.0,10.57,9.75,100,100
2026-07-22T07:00,16.4,16.2,41.0,46.0,10.46,10.45,100,100
2026-07-22T08:00,17.1,16.8,157.0,97.0,9.57,10.08,97,100
2026-07-22T09:00,17.8,17.6,215.0,228.0,12.64,11.64,100,95
2026-07-22T10:00,18.3,18.9,244.0,455.0,11.53,12.67,100,94
2026-07-22T11:00,18.7,18.2,215.0,443.0,13.02,12.89,100,91
2026-07-22T12:00,18.5,18.2,213.0,355.0,11.29,13.65,100,87
2026-07-22T13:00,18.6,17.9,292.0,353.0,12.1,12.2,80,95
2026-07-22T14:00,18.7,18.6,301.0,431.0,14.65,13.45,92,78
2026-07-22T15:00,18.9,18.8,420.0,531.0,15.24,14.27,15,58
2026-07-22T16:00,18.2,18.0,354.0,423.0,13.94,14.46,87,49
2026-07-22T17:00,17.6,17.4,118.0,284.0,13.62,16.17,91,65
2026-07-22T18:00,16.9,16.8,51.0,127.0,12.18,13.54,100,92
2026-07-22T19:00,16.8,16.3,30.0,43.0,10.19,11.09,100,94
2026-07-22T20:00,16.3,15.8,3.0,3.0,11.33,11.17,62,83
2026-07-22T21:00,15.3,15.5,0.0,0.0,11.4,10.52,24,85
2026-07-22T22:00,14.7,15.1,0.0,0.0,10.67,10.48,20,71
2026-07-22T23:00,14.1,14.5,0.0,0.0,10.01,10.46,43,64
2026-07-23T00:00,13.6,14.4,0.0,0.0,10.61,9.77,23,48
2026-07-23T01:00,13.5,14.2,0.0,0.0,9.98,9.56,63,73
2026-07-23T02:00,13.2,13.9,0.0,0.0,8.07,9.63,45,57
2026-07-23T03:00,12.2,13.7,0.0,0.0,8.27,8.66,44,59
2026-07-23T04:00,12.1,13.5,8.0,8.0,7.45,9.0,42,43
2026-07-23T05:00,12.7,13.7,81.0,78.0,7.41,9.38,28,43
2026-07-23T06:00,14.2,15.0,203.0,175.0,7.04,7.29,24,40
2026-07-23T07:00,16.1,16.3,355.0,359.0,6.72,5.54,48,16
2026-07-23T08:00,17.1,17.8,428.0,507.0,6.04,5.75,92,39
2026-07-23T09:00,18.4,19.1,609.0,537.0,5.63,5.68,77,82
2026-07-23T10:00,18.7,19.7,617.0,512.0,6.82,6.3,80,84
2026-07-23T11:00,19.7,20.3,731.0,636.0,6.9,6.39,15,56
2026-07-23T12:00,20.3,20.5,821.0,763.0,6.38,7.41,10,59
2026-07-23T13:00,20.0,21.0,801.0,740.0,8.61,7.72,0,36
2026-07-23T14:00,19.5,20.6,687.0,689.0,9.08,8.92,28,35
2026-07-23T15:00,20.3,20.1,639.0,596.0,8.1,9.42,8,72
2026-07-23T16:00,19.3,19.8,504.0,456.0,8.98,9.2,6,36
2026-07-23T17:00,18.2,18.5,346.0,319.0,9.25,9.76,37,50
2026-07-23T18:00,17.1,17.6,206.0,198.0,7.99,9.95,21,100
2026-07-23T19:00,15.9,16.6,77.0,72.0,9.03,8.7,33,73
2026-07-23T20:00,14.8,15.5,6.0,5.0,7.81,7.04,9,28
2026-07-23T21:00,13.9,14.9,0.0,0.0,7.02,7.9,36,93
2026-07-23T22:00,13.2,14.7,0.0,0.0,5.86,7.9,2,96
2026-07-23T23:00,12.7,14.3,0.0,0.0,6.24,7.71,45,88
2026-07-24T00:00,12.2,13.3,0.0,0.0,5.62,3.95,27,42
2026-07-24T01:00,11.9,12.7,0.0,0.0,4.95,3.04,65,39
2026-07-24T02:00,12.0,12.4,0.0,0.0,5.53,2.81,83,59
2026-07-24T03:00,13.2,12.6,0.0,0.0,4.95,2.4,98,85
2026-07-24T04:00,13.4,13.0,5.0,5.0,5.92,4.13,98,93
2026-07-24T05:00,14.1,13.6,41.0,28.0,5.42,5.95,96,100
2026-07-24T06:00,15.0,14.6,123.0,151.0,4.35,5.43,80,70
2026-07-24T07:00,15.7,15.9,190.0,255.0,3.84,4.82,87,90
2026-07-24T08:00,16.2,17.0,232.0,305.0,3.73,5.77,100,96
2026-07-24T09:00,17.0,17.1,193.0,219.0,6.42,6.11,100,93
2026-07-24T10:00,17.2,17.4,150.0,205.0,5.5,6.3,100,99
2026-07-24T11:00,17.5,18.0,164.0,215.0,7.16,6.49,100,99
2026-07-24T12:00,17.8,19.0,155.0,254.0,5.61,6.32,100,100
2026-07-24T13:00,18.2,19.5,195.0,254.0,5.21,5.71,100,98
2026-07-24T14:00,18.9,19.4,347.0,236.0,6.4,5.25,100,98
2026-07-24T15:00,18.3,19.6,229.0,236.0,5.71,4.7,100,100
2026-07-24T16:00,19.3,19.7,373.0,191.0,6.1,4.27,69,100
2026-07-24T17:00,18.8,19.4,298.0,182.0,5.3,4.34,66,100
2026-07-24T18:00,18.3,18.8,207.0,171.0,5.32,4.29,1,100
2026-07-24T19:00,17.2,17.4,77.0,69.0,3.92,4.05,0,78
2026-07-24T20:00,15.9,16.0,6.0,5.0,3.23,2.91,100,68
2026-07-24T21:00,15.2,15.2,0.0,0.0,2.38,2.07,100,37
2026-07-24T22:00,14.6,14.4,0.0,0.0,2.88,2.39,100,38
2026-07-24T23:00,14.3,13.9,0.0,0.0,3.94,3.41,100,44
2026-07-25T00:00,14.4,14.3,0.0,0.0,5.25,5.33,3,100
2026-07-25T01:00,14.0,14.4,0.0,0.0,6.0,6.38,20,100
2026-07-25T02:00,13.6,14.4,0.0,0.0,6.3,7.14,44,88
2026-07-25T03:00,13.6,14.2,0.0,0.0,7.18,7.15,32,95
2026-07-25T04:00,13.7,14.1,5.0,6.0,6.88,7.39,86,99
2026-07-25T05:00,14.4,14.7,54.0,58.0,6.25,7.04,83,94
2026-07-25T06:00,15.7,16.4,149.0,147.0,6.27,7.59,52,71
2026-07-25T07:00,17.4,17.6,303.0,243.0,5.0,6.23,51,61
2026-07-25T08:00,19.2,19.1,487.0,429.0,5.66,4.82,34,41
2026-07-25T09:00,20.8,20.6,528.0,568.0,6.92,4.69,50,59
2026-07-25T10:00,21.9,21.8,561.0,604.0,7.26,5.61,60,51
2026-07-25T11:00,23.1,22.7,607.0,593.0,7.25,6.63,82,42
2026-07-25T12:00,24.6,23.5,597.0,565.0,9.2,7.45,89,57
2026-07-25T13:00,25.3,24.2,632.0,622.0,9.51,7.73,71,84
2026-07-25T14:00,25.2,24.5,596.0,507.0,8.24,8.25,99,90
2026-07-25T15:00,23.4,24.4,618.0,509.0,8.62,6.76,49,84
2026-07-25T16:00,21.3,22.8,328.0,349.0,9.44,7.65,95,61
2026-07-25T17:00,20.3,21.6,162.0,313.0,8.01,7.93,100,80
2026-07-25T18:00,19.6,20.2,71.0,194.0,6.7,7.65,100,100
2026-07-25T19:00,18.9,18.7,44.0,52.0,5.4,6.7,100,100
2026-07-25T20:00,18.1,17.7,2.0,2.0,6.61,6.08,94,100
2026-07-25T21:00,17.5,17.2,0.0,0.0,7.65,5.2,95,98
2026-07-25T22:00,17.4,16.6,0.0,0.0,8.18,5.7,100,100
2026-07-25T23:00,16.8,16.1,0.0,0.0,7.41,6.38,100,98
2026-07-26T00:00,16.8,16.3,0.0,0.0,7.71,7.68,100,92
2026-07-26T01:00,16.7,16.1,0.0,0.0,8.67,8.27,100,100
2026-07-26T02:00,16.3,15.6,0.0,0.0,8.46,8.86,100,100
2026-07-26T03:00,16.1,15.3,0.0,0.0,7.77,8.98,100,100
2026-07-26T04:00,15.9,15.2,1.0,0.0,6.77,9.0,100,100
2026-07-26T05:00,15.8,15.2,9.0,7.0,7.69,8.52,100,100
2026-07-26T06:00,16.2,15.4,37.0,17.0,7.45,9.15,100,100
2026-07-26T07:00,16.4,15.2,63.0,29.0,7.41,8.88,100,99
2026-07-26T08:00,16.2,15.7,63.0,69.0,7.01,7.35,100,100
2026-07-26T09:00,16.3,15.8,58.0,70.0,4.32,6.66,99,100
2026-07-26T10:00,16.2,16.1,57.0,67.0,4.34,5.54,100,100
2026-07-26T11:00,16.6,16.8,77.0,79.0,5.39,5.6,100,98
2026-07-26T12:00,17.0,16.7,48.0,91.0,5.11,1.12,100,100
2026-07-26T13:00,17.1,16.4,46.0,54.0,3.72,1.0,100,100
2026-07-26T14:00,16.9,16.4,82.0,75.0,1.62,3.81,100,100
2026-07-26T15:00,17.8,16.2,79.0,88.0,4.3,3.89,100,100
2026-07-26T16:00,17.7,16.3,90.0,93.0,5.38,3.04,99,97
2026-07-26T17:00,17.4,16.5,71.0,101.0,5.09,1.77,100,99
2026-07-26T18:00,17.5,16.4,22.0,40.0,8.89,3.76,100,100
2026-07-26T19:00,17.4,16.2,10.0,16.0,8.94,3.86,100,100
2026-07-26T20:00,17.2,16.4,1.0,1.0,8.92,5.92,87,94
2026-07-26T21:00,16.7,16.4,0.0,0.0,6.96,6.43,96,92
2026-07-26T22:00,16.5,16.1,0.0,0.0,7.0,6.08,100,100
2026-07-26T23:00,16.6,16.0,0.0,0.0,6.76,6.47,100,92
2026-07-27T00:00,16.6,16.1,0.0,0.0,10.68,8.65,87,88
2026-07-27T01:00,16.5,16.1,0.0,0.0,10.91,9.13,97,83
2026-07-27T02:00,15.7,15.8,0.0,0.0,10.95,10.56,87,79
2026-07-27T03:00,14.6,15.4,0.0,0.0,9.16,11.78,100,85
2026-07-27T04:00,14.4,14.6,1.0,4.0,8.45,10.14,100,70
2026-07-27T05:00,14.5,14.6,61.0,67.0,8.7,9.15,27,45
2026-07-27T06:00,15.3,15.1,156.0,207.0,7.83,8.77,8,45
2026-07-27T07:00,16.3,16.2,347.0,326.0,8.13,10.14,43,48
2026-07-27T08:00,17.6,16.9,474.0,393.0,9.47,10.43,20,64
2026-07-27T09:00,18.4,17.0,583.0,455.0,9.43,12.36,77,86
2026-07-27T10:00,18.9,17.1,685.0,559.0,9.64,11.37,36,65
2026-07-27T11:00,19.0,18.0,654.0,624.0,12.09,11.12,39,84
2026-07-27T12:00,19.3,17.5,742.0,558.0,13.85,12.3,84,71
2026-07-27T13:00,19.5,18.5,599.0,636.0,13.2,12.37,56,46
2026-07-27T14:00,19.2,18.9,648.0,693.0,13.3,12.94,72,28
2026-07-27T15:00,18.8,18.8,597.0,616.0,11.83,12.71,84,25
2026-07-27T16:00,18.6,18.6,424.0,461.0,11.98,13.06,70,66
2026-07-27T17:00,18.2,17.8,297.0,316.0,10.91,11.14,53,50
2026-07-27T18:00,17.2,17.0,196.0,148.0,8.5,9.3,6,52
2026-07-27T19:00,16.2,16.3,70.0,63.0,8.51,8.57,0,72
2026-07-27T20:00,15.0,15.5,4.0,4.0,7.28,6.45,0,74
2026-07-27T21:00,13.9,15.1,0.0,0.0,6.45,5.4,0,85
2026-07-27T22:00,13.1,15.0,0.0,0.0,6.23,6.63,0,86
2026-07-27T23:00,12.9,15.0,0.0,0.0,7.18,8.32,38,97
2026-07-28T00:00,13.2,14.3,0.0,0.0,7.76,6.19,47,66
2026-07-28T01:00,12.4,14.2,0.0,0.0,8.3,6.27,79,64
2026-07-28T02:00,12.5,14.2,0.0,0.0,7.8,6.86,60,63
2026-07-28T03:00,12.3,14.3,0.0,0.0,8.22,6.66,93,82
2026-07-28T04:00,12.6,14.4,3.0,2.0,9.25,7.64,72,87
2026-07-28T05:00,12.8,14.9,70.0,51.0,8.43,6.67,16,62
2026-07-28T06:00,14.4,15.8,195.0,148.0,7.44,6.14,10,72
2026-07-28T07:00,16.5,17.0,347.0,272.0,4.55,4.65,59,65
2026-07-28T08:00,18.2,18.4,458.0,333.0,4.37,6.08,79,88
2026-07-28T09:00,19.6,19.5,515.0,452.0,5.78,6.43,98,69
2026-07-28T10:00,20.8,20.4,545.0,497.0,6.18,6.77,100,76
2026-07-28T11:00,22.1,21.7,582.0,590.0,7.38,6.76,76,74
2026-07-28T12:00,22.8,21.9,717.0,546.0,6.11,6.36,69,87
2026-07-28T13:00,22.9,21.7,573.0,359.0,6.35,7.28,91,89
2026-07-28T14:00,22.7,21.5,409.0,218.0,5.45,6.7,97,100
2026-07-28T15:00,23.0,21.2,443.0,160.0,4.95,6.35,79,92
2026-07-28T16:00,22.3,21.5,183.0,182.0,4.21,4.06,100,84
2026-07-28T17:00,22.0,21.7,133.0,203.0,4.04,4.37,100,89
2026-07-28T18:00,21.8,21.3,143.0,108.0,1.96,4.63,66,97
2026-07-28T19:00,20.7,20.3,53.0,49.0,2.67,4.43,59,78
2026-07-28T20:00,19.6,19.3,3.0,2.0,3.07,3.73,60,80
2026-07-28T21:00,18.6,18.4,0.0,0.0,3.37,3.48,65,100
2026-07-28T22:00,18.3,17.9,0.0,0.0,2.83,3.4,100,79
2026-07-28T23:00,18.2,17.6,0.0,0.0,1.82,3.91,100,100
2026-07-29T00:00,17.5,17.6,0.0,0.0,3.35,4.9,100,93
2026-07-29T01:00,17.4,17.4,0.0,0.0,2.56,6.05,100,98
2026-07-29T02:00,16.8,17.3,0.0,0.0,2.94,6.88,99,100
2026-07-29T03:00,16.8,17.3,0.0,0.0,4.0,6.04,94,100
2026-07-29T04:00,16.5,17.1,3.0,3.0,3.98,6.87,50,100
2026-07-29T05:00,17.1,17.8,53.0,48.0,5.69,7.26,92,96
2026-07-29T06:00,18.6,19.5,111.0,161.0,5.89,6.81,100,50
2026-07-29T07:00,20.7,21.0,258.0,285.0,5.9,6.48,97,99
2026-07-29T08:00,22.7,22.2,411.0,314.0,4.08,5.28,97,100
2026-07-29T09:00,25.4,23.5,585.0,331.0,4.28,5.48,45,84
2026-07-29T10:00,27.1,25.5,655.0,606.0,4.52,5.16,89,97
2026-07-29T11:00,28.4,26.4,712.0,544.0,5.89,5.21,39,96
2026-07-29T12:00,29.0,27.9,760.0,731.0,6.25,5.94,21,74
2026-07-29T13:00,29.6,28.3,752.0,723.0,6.17,5.99,62,68
2026-07-29T14:00,29.9,28.7,675.0,630.0,5.63,5.28,61,40
2026-07-29T15:00,30.5,28.9,599.0,573.0,5.43,4.87,11,40
2026-07-29T16:00,30.4,28.8,485.0,460.0,5.04,4.63,0,43
2026-07-29T17:00,29.9,28.2,341.0,307.0,4.41,4.0,0,35
2026-07-29T18:00,28.6,27.1,193.0,187.0,4.52,4.0,0,0
2026-07-29T19:00,26.2,25.1,66.0,63.0,4.72,3.93,0,0
2026-07-29T20:00,23.7,23.3,3.0,2.0,4.78,4.57,0,0
2026-07-29T21:00,22.2,22.2,0.0,0.0,6.9,5.84,0,0
2026-07-29T22:00,21.4,21.4,0.0,0.0,8.07,6.79,0,0
2026-07-29T23:00,20.8,20.9,0.0,0.0,8.46,7.1,0,0
2026-07-30T00:00,19.8,19.8,0.0,0.0,7.04,6.48,0,0
2026-07-30T01:00,19.1,19.4,0.0,0.0,5.06,6.18,0,0
2026-07-30T02:00,18.6,19.1,0.0,0.0,5.33,5.59,0,0
2026-07-30T03:00,18.1,18.7,0.0,0.0,4.97,6.09,0,5
2026-07-30T04:00,17.5,18.5,4.0,4.0,5.52,6.28,0,0
2026-07-30T05:00,18.1,19.3,66.0,66.0,5.6,6.7,0,8
2026-07-30T06:00,20.3,21.4,190.0,189.0,6.27,8.34,0,21
2026-07-30T07:00,23.1,23.4,336.0,303.0,6.48,9.12,0,85
2026-07-30T08:00,26.4,25.5,485.0,369.0,6.4,8.66,0,58
2026-07-30T09:00,30.0,27.4,538.0,502.0,6.61,6.41,41,61
2026-07-30T10:00,31.7,28.3,649.0,571.0,7.23,5.39,100,56
2026-07-30T11:00,32.6,29.1,697.0,650.0,6.17,4.78,50,59
2026-07-30T12:00,32.6,31.2,714.0,632.0,5.29,5.9,66,58
2026-07-30T13:00,33.0,31.8,677.0,681.0,6.17,5.49,100,54
2026-07-30T14:00,29.2,31.1,586.0,598.0,9.06,6.27,100,37
2026-07-30T15:00,27.9,28.1,527.0,520.0,9.54,9.24,100,74
2026-07-30T16:00,25.6,25.9,325.0,429.0,9.7,10.01,100,100
2026-07-30T17:00,23.6,23.1,202.0,229.0,7.01,8.9,100,100
2026-07-30T18:00,21.9,20.9,84.0,74.0,6.48,8.32,100,100
2026-07-30T19:00,20.8,20.0,35.0,17.0,4.91,7.33,100,100
2026-07-30T20:00,19.8,19.1,1.0,0.0,5.27,6.77,100,100
2026-07-30T21:00,18.9,18.5,0.0,0.0,6.58,8.01,60,100
2026-07-30T22:00,18.0,17.9,0.0,0.0,5.73,8.34,40,72
2026-07-30T23:00,17.0,17.7,0.0,0.0,5.08,7.6,49,76
2026-07-31T00:00,17.1,17.1,0.0,0.0,4.02,6.44,100,48
2026-07-31T01:00,16.7,17.0,0.0,0.0,3.6,6.7,87,73
2026-07-31T02:00,16.4,17.1,0.0,0.0,3.82,5.88,100,77
2026-07-31T03:00,16.8,17.0,0.0,0.0,2.59,5.44,84,93
2026-07-31T04:00,16.5,16.8,3.0,2.0,1.97,4.35,96,98
2026-07-31T05:00,16.7,17.1,53.0,44.0,2.17,3.53,100,100
2026-07-31T06:00,17.4,18.0,108.0,147.0,0.49,2.1,100,91
2026-07-31T07:00,18.4,18.7,167.0,240.0,1.74,1.64,100,100
2026-07-31T08:00,19.5,19.0,278.0,257.0,1.9,1.28,100,100
2026-07-31T09:00,20.3,19.8,327.0,345.0,1.63,1.81,100,100
2026-07-31T10:00,20.8,20.5,306.0,436.0,1.94,1.18,100,100
2026-07-31T11:00,21.7,21.2,432.0,379.0,3.2,1.37,100,99
2026-07-31T12:00,23.4,22.4,432.0,553.0,1.69,2.85,100,92
2026-07-31T13:00,24.1,22.8,438.0,513.0,2.08,2.22,98,85
2026-07-31T14:00,24.5,23.0,450.0,438.0,2.14,2.07,87,92
2026-07-31T15:00,25.2,23.1,431.0,306.0,2.73,3.16,98,87
2026-07-31T16:00,24.6,22.2,208.0,245.0,1.47,6.7,100,75
2026-07-31T17:00,20.8,21.2,72.0,165.0,2.87,7.18,100,94
2026-07-31T18:00,20.1,20.1,79.0,134.0,4.7,6.11,87,66
2026-07-31T19:00,18.1,18.9,42.0,45.0,4.34,7.07,94,100
2026-07-31T20:00,17.3,17.6,1.0,1.0,4.19,7.11,100,96
2026-07-31T21:00,16.9,16.6,0.0,0.0,6.02,7.59,99,96
2026-07-31T22:00,15.4,16.3,0.0,0.0,7.33,6.94,94,96
2026-07-31T23:00,14.4,15.9,0.0,0.0,7.96,6.51,17,98
2026-08-01T00:00,14.5,14.6,0.0,0.0,7.47,7.26,72,79
2026-08-01T01:00,13.9,14.2,0.0,0.0,6.73,6.47,53,49
2026-08-01T02:00,13.0,13.1,0.0,0.0,7.39,5.78,35,93
2026-08-01T03:00,12.1,12.5,0.0,0.0,7.25,6.37,5,100
2026-08-01T04:00,11.8,12.2,2.0,2.0,7.3,6.56,60,100
2026-08-01T05:00,12.5,12.7,63.0,40.0,5.62,5.78,58,100
2026-08-01T06:00,14.3,14.7,148.0,181.0,4.8,5.78,100,0
2026-08-01T07:00,16.6,16.2,293.0,347.0,2.52,3.11,100,0
2026-08-01T08:00,17.9,17.6,436.0,495.0,3.32,3.29,100,12
2026-08-01T09:00,18.8,18.7,452.0,600.0,4.41,3.89,100,42
2026-08-01T10:00,19.8,19.8,493.0,651.0,4.37,4.13,100,45
2026-08-01T11:00,21.1,20.7,651.0,718.0,4.33,4.91,12,35
2026-08-01T12:00,21.4,20.8,805.0,721.0,5.92,6.31,0,36
2026-08-01T13:00,21.5,21.1,790.0,756.0,7.16,6.15,0,7
2026-08-01T14:00,21.7,21.4,718.0,720.0,6.81,5.13,0,0
2026-08-01T15:00,21.0,21.5,627.0,615.0,6.4,4.71,0,0
2026-08-01T16:00,20.8,21.2,491.0,481.0,5.35,5.17,0,18
2026-08-01T17:00,20.3,20.5,341.0,308.0,4.97,5.22,15,53
2026-08-01T18:00,19.7,19.5,190.0,152.0,4.21,4.57,0,54
2026-08-01T19:00,18.1,18.0,61.0,48.0,4.43,4.28,0,46
2026-08-01T20:00,16.5,16.5,1.0,1.0,4.32,4.37,0,8
2026-08-01T21:00,15.6,15.6,0.0,0.0,2.79,4.55,8,46
2026-08-01T22:00,14.5,15.0,0.0,0.0,4.16,4.16,40,17
2026-08-01T23:00,13.9,14.4,0.0,0.0,4.66,4.17,0,6
2026-08-02T00:00,13.1,13.9,0.0,0.0,5.24,5.09,0,0
2026-08-02T01:00,12.8,13.4,0.0,0.0,4.91,5.0,0,12
2026-08-02T02:00,12.5,13.0,0.0,0.0,4.32,5.06,0,14
2026-08-02T03:00,12.3,12.7,0.0,0.0,3.69,4.91,0,5
2026-08-02T04:00,12.1,12.5,2.0,2.0,3.23,4.51,0,10
2026-08-02T05:00,12.4,13.1,61.0,62.0,2.17,3.94,0,6
2026-08-02T06:00,14.5,14.9,178.0,187.0,1.46,3.14,44,0
2026-08-02T07:00,16.8,16.9,317.0,337.0,1.1,2.14,41,0
2026-08-02T08:00,18.9,18.5,482.0,486.0,1.36,1.62,0,33
2026-08-02T09:00,20.5,19.6,622.0,591.0,1.02,1.28,0,40
2026-08-02T10:00,21.8,20.7,724.0,671.0,0.84,1.31,4,43
2026-08-02T11:00,22.8,21.7,786.0,750.0,1.27,1.48,9,42
2026-08-02T12:00,23.0,22.5,733.0,714.0,2.76,1.77,24,89
2026-08-02T13:00,23.7,22.9,758.0,676.0,2.39,1.84,49,100
2026-08-02T14:00,23.8,23.0,698.0,605.0,3.29,2.01,0,92
2026-08-02T15:00,23.5,22.9,618.0,554.0,4.3,2.41,0,33
2026-08-02T16:00,22.8,22.7,485.0,458.0,4.65,2.97,0,100
2026-08-02T17:00,22.3,22.1,326.0,295.0,4.37,3.69,53,99
2026-08-02T18:00,21.4,20.9,164.0,147.0,4.8,4.37,100,100
2026-08-02T19:00,19.4,19.1,48.0,46.0,6.17,5.52,100,100
2026-08-02T20:00,17.4,17.6,1.0,1.0,7.1,6.45,79,12
2026-08-02T21:00,15.9,16.8,0.0,0.0,7.38,7.84,0,41
2026-08-02T22:00,14.6,16.2,0.0,0.0,7.39,7.97,0,52
2026-08-02T23:00,13.7,15.4,0.0,0.0,6.98,8.62,90,41
2026-08-03T00:00,13.1,14.8,0.0,0.0,7.83,8.32,0,37
2026-08-03T01:00,12.6,14.6,0.0,0.0,6.57,8.68,1,27
2026-08-03T02:00,12.2,14.3,0.0,0.0,5.96,8.28,37,29
2026-08-03T03:00,11.6,14.0,0.0,0.0,6.14,7.58,47,29
2026-08-03T04:00,11.2,13.6,2.0,2.0,5.96,7.14,88,82
2026-08-03T05:00,12.1,14.4,50.0,52.0,6.27,7.98,100,100
2026-08-03T06:00,14.7,16.1,140.0,155.0,7.27,9.16,100,100
2026-08-03T07:00,17.2,18.3,246.0,289.0,6.18,8.58,100,86
2026-08-03T08:00,19.4,20.5,350.0,447.0,4.57,5.26,100,100
2026-08-03T09:00,22.1,22.4,524.0,560.0,4.95,5.57,100,92
2026-08-03T10:00,23.9,23.9,674.0,641.0,6.0,6.82,100,78
2026-08-03T11:00,25.0,24.8,700.0,691.0,5.73,7.16,100,92
2026-08-03T12:00,25.7,25.0,758.0,690.0,5.63,6.42,98,100
2026-08-03T13:00,26.4,25.8,728.0,707.0,5.38,6.21,0,44
2026-08-03T14:00,26.9,26.3,699.0,682.0,5.52,5.91,0,47
2026-08-03T15:00,27.2,26.4,597.0,588.0,6.2,6.47,0,7
2026-08-03T16:00,26.7,26.1,467.0,457.0,7.25,7.45,0,43
2026-08-03T17:00,25.5,25.2,320.0,317.0,7.82,8.28,27,8
2026-08-03T18:00,24.2,24.2,172.0,160.0,9.08,9.41,2,70
2026-08-03T19:00,21.9,22.0,51.0,48.0,10.61,10.38,0,45
2026-08-03T20:00,19.9,20.5,1.0,1.0,10.14,11.66,36,79
2026-08-03T21:00,18.7,20.0,0.0,0.0,10.11,12.07,80,74
2026-08-03T22:00,18.5,19.9,0.0,0.0,10.25,12.84,51,59
2026-08-03T23:00,18.6,19.7,0.0,0.0,10.65,12.37,58,52
2026-08-04T00:00,18.1,18.0,0.0,0.0,11.63,11.84,37,100
2026-08-04T01:00,17.6,17.8,0.0,0.0,11.06,12.19,23,87
2026-08-04T02:00,17.2,17.7,0.0,0.0,10.45,12.11,93,92
2026-08-04T03:00,17.8,17.4,0.0,0.0,10.39,13.03,67,97
2026-08-04T04:00,18.2,17.7,1.0,1.0,10.18,11.83,100,90
2026-08-04T05:00,18.8,18.4,34.0,42.0,8.6,11.09,100,50
2026-08-04T06:00,20.0,19.5,84.0,126.0,8.03,10.09,97,43
2026-08-04T07:00,21.1,21.7,118.0,278.0,7.72,7.6,100,70
2026-08-04T08:00,21.2,22.7,139.0,336.0,5.57,8.87,100,100
2026-08-04T09:00,25.4,25.4,350.0,485.0,2.08,6.92,100,100
2026-08-04T10:00,26.1,28.2,296.0,666.0,1.48,5.61,100,32
2026-08-04T11:00,26.2,29.3,180.0,624.0,2.2,3.83,100,100
2026-08-04T12:00,27.9,29.2,455.0,466.0,5.41,2.35,94,100
2026-08-04T13:00,28.5,30.8,416.0,640.0,5.44,2.02,86,100
2026-08-04T14:00,29.1,31.3,457.0,551.0,4.87,4.7,64,100
2026-08-04T15:00,27.6,28.9,542.0,323.0,4.75,5.71,78,100
2026-08-04T16:00,26.8,26.6,445.0,214.0,4.9,1.23,0,100
2026-08-04T17:00,26.4,24.6,309.0,93.0,4.81,3.71,0,100
2026-08-04T18:00,24.6,23.6,164.0,52.0,4.98,1.84,41,100
2026-08-04T19:00,23.0,23.0,42.0,23.0,7.15,1.61,76,100
2026-08-04T20:00,21.6,22.6,0.0,0.0,7.5,6.32,90,100
2026-08-04T21:00,22.0,22.5,0.0,0.0,7.8,8.97,100,100
2026-08-04T22:00,21.8,22.2,0.0,0.0,8.0,8.56,83,96
2026-08-04T23:00,22.3,21.5,0.0,0.0,9.37,8.62,95,72
2026-08-05T00:00,22.3,20.2,0.0,0.0,5.96,8.33,98,100
2026-08-05T01:00,22.4,19.2,0.0,0.0,7.32,5.99,94,100
2026-08-05T02:00,20.7,19.0,0.0,0.0,6.09,3.9,100,89
2026-08-05T03:00,20.5,19.1,0.0,0.0,7.06,7.36,100,100
2026-08-05T04:00,20.3,19.3,0.0,1.0,5.52,8.42,88,47
2026-08-05T05:00,20.6,19.7,32.0,47.0,7.62,9.82,48,52
2026-08-05T06:00,21.3,21.1,139.0,153.0,7.72,9.04,66,58
2026-08-05T07:00,22.5,22.2,275.0,296.0,7.97,7.87,67,71
2026-08-05T08:00,23.5,23.2,350.0,418.0,8.39,7.92,83,72
2026-08-05T09:00,24.7,23.9,553.0,432.0,8.27,7.55,22,69
2026-08-05T10:00,25.8,25.2,679.0,582.0,8.35,7.85,55,60
2026-08-05T11:00,26.7,26.2,689.0,607.0,8.6,9.95,49,71
2026-08-05T12:00,28.3,27.1,679.0,542.0,9.57,9.29,68,63
2026-08-05T13:00,28.1,27.5,467.0,561.0,8.62,8.84,89,73
2026-08-05T14:00,26.1,26.1,309.0,435.0,9.21,8.73,100,68
2026-08-05T15:00,25.4,25.4,325.0,432.0,7.73,6.49,78,46
2026-08-05T16:00,24.8,24.5,349.0,396.0,7.86,5.55,47,56
2026-08-05T17:00,23.1,23.1,175.0,271.0,6.7,6.88,60,42
2026-08-05T18:00,22.5,22.0,136.0,147.0,6.25,7.21,69,71
2026-08-05T19:00,21.4,20.8,39.0,30.0,4.61,6.49,93,97
2026-08-05T20:00,20.6,19.9,0.0,0.0,3.26,6.01,93,95
2026-08-05T21:00,20.2,19.2,0.0,0.0,3.53,6.05,95,71
2026-08-05T22:00,19.8,18.3,0.0,0.0,4.3,5.31,52,66
2026-08-05T23:00,19.2,17.6,0.0,0.0,4.91,4.44,86,79
2026-08-06T00:00,18.9,18.4,0.0,0.0,4.3,5.67,67,71
2026-08-06T01:00,18.7,18.0,0.0,0.0,5.14,6.28,94,62
2026-08-06T02:00,17.8,17.6,0.0,0.0,5.8,6.88,18,48
2026-08-06T03:00,17.1,16.9,0.0,0.0,8.7,9.17,72,25
2026-08-06T04:00,16.9,16.0,1.0,1.0,8.01,10.22,45,43
2026-08-06T05:00,17.0,15.9,48.0,52.0,7.78,10.3,30,15
2026-08-06T06:00,18.0,17.4,168.0,171.0,7.06,9.38,10,47
2026-08-06T07:00,19.5,18.6,309.0,293.0,7.59,8.02,49,71
2026-08-06T08:00,20.7,20.3,455.0,465.0,8.75,8.85,45,8
2026-08-06T09:00,21.6,21.5,598.0,614.0,10.49,10.7,30,20
2026-08-06T10:00,22.0,21.7,682.0,581.0,10.82,12.03,18,81
2026-08-06T11:00,22.0,21.8,649.0,506.0,11.92,12.12,90,84
2026-08-06T12:00,22.2,21.5,655.0,499.0,11.76,12.37,76,83
2026-08-06T13:00,22.0,21.1,540.0,504.0,13.03,12.45,100,77
2026-08-06T14:00,21.6,20.8,441.0,526.0,13.57,12.48,57,47
2026-08-06T15:00,21.4,20.4,468.0,512.0,13.37,11.93,18,63
2026-08-06T16:00,20.6,19.3,414.0,392.0,13.22,11.92,13,61
2026-08-06T17:00,19.2,18.2,258.0,282.0,13.12,10.48,83,63
2026-08-06T18:00,18.3,17.5,139.0,114.0,10.75,9.41,95,92
2026-08-06T19:00,18.0,17.1,23.0,22.0,9.92,9.49,93,92
2026-08-06T20:00,17.6,16.8,0.0,0.0,7.54,9.01,86,88
2026-08-06T21:00,17.6,16.5,0.0,0.0,7.99,8.83,94,83
2026-08-06T22:00,17.4,16.1,0.0,0.0,8.01,8.2,82,83
2026-08-06T23:00,16.4,15.5,0.0,0.0,8.43,7.56,18,74
2026-08-07T00:00,15.8,15.6,0.0,0.0,7.06,8.08,100,95
2026-08-07T01:00,16.0,15.5,0.0,0.0,9.6,7.94,45,77
2026-08-07T02:00,15.8,15.3,0.0,0.0,8.1,7.75,71,75
2026-08-07T03:00,16.0,14.9,0.0,0.0,7.5,7.01,100,77
2026-08-07T04:00,15.6,14.9,0.0,0.0,7.19,7.32,62,82
2026-08-07T05:00,15.8,15.3,38.0,34.0,7.66,6.14,0,57
2026-08-07T06:00,16.2,16.1,86.0,100.0,5.0,6.97,100,89
2026-08-07T07:00,16.5,17.0,68.0,224.0,4.93,6.23,100,92
2026-08-07T08:00,17.0,16.7,158.0,145.0,6.67,6.74,100,100
2026-08-07T09:00,18.6,17.3,274.0,173.0,7.49,6.7,49,89
2026-08-07T10:00,18.0,18.9,253.0,533.0,7.9,7.3,100,53
2026-08-07T11:00,19.7,19.5,552.0,689.0,7.87,7.73,71,51
2026-08-07T12:00,20.2,19.6,767.0,655.0,8.72,7.88,40,70
2026-08-07T13:00,20.1,19.9,741.0,598.0,8.31,8.19,100,53
2026-08-07T14:00,20.2,20.4,507.0,652.0,8.49,7.11,1,22
2026-08-07T15:00,19.8,19.8,594.0,515.0,7.26,8.02,56,85
2026-08-07T16:00,19.4,19.5,371.0,405.0,7.04,7.41,89,99
2026-08-07T17:00,19.1,18.8,264.0,268.0,7.06,6.18,28,100
2026-08-07T18:00,17.7,18.0,138.0,140.0,4.59,4.92,59,1
2026-08-07T19:00,15.9,16.4,40.0,42.0,4.21,4.09,37,70
2026-08-07T20:00,14.5,15.1,0.0,0.0,3.18,3.14,0,2
2026-08-07T21:00,13.6,14.7,0.0,0.0,2.67,2.08,0,69
2026-08-07T22:00,12.9,14.0,0.0,0.0,3.99,1.19,39,3
2026-08-07T23:00,12.9,12.6,0.0,0.0,4.65,1.25,25,46
2026-08-08T00:00,13.1,13.2,0.0,0.0,5.43,3.45,100,43
2026-08-08T01:00,12.6,13.0,0.0,0.0,5.17,3.49,21,34
2026-08-08T02:00,11.8,12.8,0.0,0.0,5.39,3.49,49,49
2026-08-08T03:00,12.0,12.9,0.0,0.0,5.01,3.26,49,62
2026-08-08T04:00,11.6,13.1,0.0,0.0,4.39,2.53,76,61
2026-08-08T05:00,12.5,13.0,26.0,43.0,4.98,1.32,100,34
2026-08-08T06:00,13.9,14.7,95.0,145.0,4.92,1.82,42,49
2026-08-08T07:00,16.2,16.8,313.0,282.0,3.82,2.08,0,36
2026-08-08T08:00,18.2,18.7,459.0,452.0,3.41,1.57,29,12
2026-08-08T09:00,19.7,20.1,597.0,598.0,3.26,1.47,0,0
2026-08-08T10:00,20.9,21.4,626.0,698.0,2.84,1.47,73,49
2026-08-08T11:00,21.3,22.5,529.0,688.0,2.85,1.88,54,89
2026-08-08T12:00,21.9,22.9,588.0,728.0,2.52,1.98,94,32
2026-08-08T13:00,22.2,23.5,506.0,743.0,2.26,1.92,92,35
2026-08-08T14:00,23.0,23.8,594.0,641.0,0.5,2.29,10,39
2026-08-08T15:00,23.3,23.9,581.0,550.0,1.46,2.01,0,33
2026-08-08T16:00,23.0,23.7,463.0,415.0,1.73,1.53,31,50
2026-08-08T17:00,22.4,23.4,292.0,268.0,2.38,1.1,46,70
2026-08-08T18:00,21.2,21.9,162.0,157.0,2.75,2.1,0,19
2026-08-08T19:00,18.6,19.8,41.0,39.0,3.93,2.45,3,34
2026-08-08T20:00,16.5,18.0,0.0,0.0,5.56,5.24,3,40
2026-08-08T21:00,15.5,17.1,0.0,0.0,6.74,8.11,55,0
2026-08-08T22:00,15.0,16.6,0.0,0.0,9.22,9.71,100,0
2026-08-08T23:00,14.7,16.0,0.0,0.0,9.29,10.2,73,18
2026-08-09T00:00,13.7,15.5,0.0,0.0,9.09,9.71,68,99
2026-08-09T01:00,13.4,15.4,0.0,0.0,9.11,10.13,96,100
2026-08-09T02:00,13.2,15.1,0.0,0.0,9.4,10.42,20,91
2026-08-09T03:00,13.0,14.8,0.0,0.0,9.69,10.88,100,90
2026-08-09T04:00,12.6,14.4,0.0,0.0,9.61,10.8,100,54
2026-08-09T05:00,13.2,14.5,40.0,41.0,9.13,10.44,93,48
2026-08-09T06:00,15.0,16.3,142.0,114.0,8.63,9.16,98,99
2026-08-09T07:00,17.2,18.0,281.0,249.0,6.18,7.45,97,97
2026-08-09T08:00,19.2,20.0,395.0,397.0,5.56,4.92,98,52
2026-08-09T09:00,21.0,22.2,459.0,548.0,4.21,4.65,100,59
2026-08-09T10:00,23.5,24.5,670.0,667.0,3.66,3.97,0,13
2026-08-09T11:00,25.6,26.3,758.0,742.0,3.53,3.14,25,75
2026-08-09T12:00,27.3,26.4,773.0,758.0,3.34,2.65,6,7
2026-08-09T13:00,27.3,27.2,755.0,743.0,4.51,3.28,0,5
2026-08-09T14:00,26.6,26.7,688.0,678.0,5.53,5.4,0,4
2026-08-09T15:00,26.4,25.6,569.0,576.0,8.08,7.05,14,11
2026-08-09T16:00,25.7,24.7,442.0,445.0,7.33,6.84,29,4
2026-08-09T17:00,24.7,23.7,298.0,298.0,7.06,7.45,0,13
2026-08-09T18:00,23.2,22.4,157.0,147.0,5.95,4.47,0,51
2026-08-09T19:00,20.5,20.7,37.0,33.0,4.16,3.26,2,7
2026-08-09T20:00,19.2,19.7,0.0,0.0,2.5,2.07,0,15
2026-08-09T21:00,18.6,18.6,0.0,0.0,1.01,2.06,48,47
2026-08-09T22:00,16.7,17.7,0.0,0.0,2.17,2.45,99,81
2026-08-09T23:00,16.1,17.3,0.0,0.0,4.31,2.3,32,95
2026-08-10T00:00,16.0,16.2,0.0,0.0,3.24,3.05,75,100
2026-08-10T01:00,15.7,16.5,0.0,0.0,3.57,3.4,100,100
2026-08-10T02:00,15.4,16.2,0.0,0.0,4.08,4.33,100,100
2026-08-10T03:00,15.7,16.3,0.0,0.0,5.99,4.53,100,100
2026-08-10T04:00,15.9,16.3,0.0,0.0,3.73,4.61,100,100
2026-08-10T05:00,16.1,16.9,14.0,17.0,3.17,6.87,100,97
2026-08-10T06:00,17.3,16.8,49.0,19.0,5.57,6.15,100,100
2026-08-10T07:00,17.5,16.8,52.0,44.0,4.75,4.62,100,100
2026-08-10T08:00,18.0,17.2,94.0,72.0,4.85,3.59,100,100
2026-08-10T09:00,17.9,17.5,149.0,93.0,4.64,3.69,100,100
2026-08-10T10:00,19.1,17.8,245.0,161.0,7.06,7.06,95,100
2026-08-10T11:00,19.6,19.0,271.0,294.0,8.13,7.02,75,89
2026-08-10T12:00,20.5,19.0,351.0,246.0,9.29,10.08,89,80
2026-08-10T13:00,21.0,20.2,564.0,537.0,10.35,10.38,13,61
2026-08-10T14:00,21.2,20.3,595.0,592.0,10.03,10.47,37,50
2026-08-10T15:00,20.5,20.0,572.0,526.0,10.7,9.81,44,42
2026-08-10T16:00,19.5,19.4,446.0,403.0,11.19,9.41,3,40
2026-08-10T17:00,18.5,18.7,308.0,283.0,9.59,9.26,0,33
2026-08-10T18:00,17.6,17.4,156.0,131.0,9.46,10.15,0,55
2026-08-10T19:00,16.4,16.1,35.0,29.0,9.46,9.49,0,49
2026-08-10T20:00,15.6,15.2,0.0,0.0,7.79,9.0,75,36
2026-08-10T21:00,13.9,14.6,0.0,0.0,8.46,8.8,53,46
2026-08-10T22:00,14.0,14.3,0.0,0.0,8.38,8.39,0,49
2026-08-10T23:00,13.5,13.9,0.0,0.0,7.5,8.41,62,48
2026-08-11T00:00,12.7,13.1,0.0,0.0,8.0,8.32,41,40
2026-08-11T01:00,12.5,13.2,0.0,0.0,7.72,8.97,70,17
2026-08-11T02:00,13.2,13.0,0.0,0.0,9.22,9.37,47,19
2026-08-11T03:00,13.0,12.9,0.0,0.0,7.75,9.54,48,22
2026-08-11T04:00,13.3,13.0,0.0,0.0,9.01,9.64,100,37
2026-08-11T05:00,14.1,13.7,21.0,37.0,7.1,9.28,88,39
2026-08-11T06:00,14.4,14.5,123.0,147.0,7.01,7.07,100,35
2026-08-11T07:00,15.6,15.8,201.0,291.0,3.55,5.68,12,56
2026-08-11T08:00,16.9,16.5,396.0,357.0,5.33,7.16,59,70
2026-08-11T09:00,17.7,17.3,574.0,443.0,6.1,7.23,68,81
2026-08-11T10:00,18.5,16.7,578.0,258.0,6.07,7.72,57,99
2026-08-11T11:00,18.6,18.1,552.0,397.0,7.85,7.07,16,58
2026-08-11T12:00,19.3,18.8,726.0,603.0,7.45,7.91,15,66
2026-08-11T13:00,19.3,18.8,667.0,635.0,8.05,8.02,19,49
2026-08-11T14:00,18.9,18.8,656.0,642.0,7.76,7.86,30,99
2026-08-11T15:00,18.6,18.5,568.0,511.0,7.96,6.92,38,97
2026-08-11T16:00,17.9,18.0,438.0,353.0,7.28,6.95,38,89
2026-08-11T17:00,17.3,17.4,285.0,254.0,6.58,6.46,7,90
2026-08-11T18:00,16.4,16.3,132.0,90.0,6.35,6.69,57,100
2026-08-11T19:00,14.6,15.1,31.0,24.0,5.75,6.19,90,91
2026-08-11T20:00,13.0,13.6,0.0,0.0,5.64,5.92,9,73
2026-08-11T21:00,12.1,12.6,0.0,0.0,5.75,5.39,10,18
2026-08-11T22:00,11.4,12.0,0.0,0.0,5.63,4.69,10,18
2026-08-11T23:00,10.9,11.6,0.0,0.0,4.21,4.21,0,19
2026-08-12T00:00,10.4,11.3,0.0,0.0,2.97,2.79,0,9
2026-08-12T01:00,10.2,11.3,0.0,0.0,2.59,2.26,0,1
2026-08-12T02:00,9.7,11.2,0.0,0.0,2.69,1.83,0,39
2026-08-12T03:00,9.4,10.6,0.0,0.0,2.61,1.67,0,49
2026-08-12T04:00,8.2,9.9,0.0,0.0,2.42,1.75,0,63
2026-08-12T05:00,8.4,10.1,34.0,28.0,2.73,1.67,0,68
2026-08-12T06:00,11.0,11.8,147.0,144.0,2.92,2.46,0,12
2026-08-12T07:00,13.9,14.0,290.0,290.0,2.59,2.55,0,3
2026-08-12T08:00,16.1,16.2,439.0,439.0,2.15,1.58,0,0
2026-08-12T09:00,17.4,17.6,567.0,565.0,2.06,1.8,38,29
2026-08-12T10:00,18.5,18.9,649.0,647.0,2.02,1.83,39,36
2026-08-12T11:00,19.8,20.2,733.0,703.0,2.07,1.77,29,32
2026-08-12T12:00,21.2,21.1,762.0,758.0,1.86,1.71,1,0
2026-08-12T13:00,22.1,22.1,739.0,736.0,1.83,1.64,4,39
2026-08-12T14:00,22.9,22.8,671.0,664.0,2.11,1.83,10,41
2026-08-12T15:00,23.2,23.0,569.0,534.0,2.48,2.21,1,100
2026-08-12T16:00,23.1,23.0,437.0,355.0,2.83,2.55,0,56
2026-08-12T17:00,22.8,22.8,282.0,280.0,3.26,3.14,20,4
2026-08-12T18:00,21.3,21.1,139.0,108.0,5.21,3.77,81,25
2026-08-12T19:00,18.6,18.7,27.0,9.0,6.93,5.5,71,100
2026-08-12T20:00,17.0,16.8,0.0,0.0,8.33,9.42,100,79
2026-08-12T21:00,15.2,15.5,0.0,0.0,7.84,9.12,98,15
2026-08-12T22:00,14.5,14.7,0.0,0.0,8.22,8.51,71,91
2026-08-12T23:00,13.7,14.0,0.0,0.0,8.16,8.68,66,62
2026-08-13T00:00,12.6,14.0,0.0,0.0,7.98,8.71,0,53
2026-08-13T01:00,12.2,13.6,0.0,0.0,7.58,8.2,16,4
2026-08-13T02:00,11.9,13.3,0.0,0.0,7.9,7.87,9,0
2026-08-13T03:00,11.2,13.0,0.0,0.0,6.86,7.91,38,0
2026-08-13T04:00,10.8,12.7,0.0,0.0,6.24,7.69,24,0
2026-08-13T05:00,11.1,13.2,32.0,33.0,6.38,7.76,5,0
2026-08-13T06:00,13.3,15.1,140.0,141.0,5.71,7.29,0,0
2026-08-13T07:00,16.7,17.7,284.0,284.0,5.62,6.54,0,12
2026-08-13T08:00,19.7,20.3,434.0,432.0,3.78,4.23,0,0
2026-08-13T09:00,22.8,22.9,569.0,565.0,3.61,4.3,0,0
2026-08-13T10:00,24.9,25.1,674.0,665.0,4.23,4.59,0,16
2026-08-13T11:00,26.3,26.7,741.0,729.0,4.85,4.56,0,7
2026-08-13T12:00,27.2,27.5,762.0,753.0,4.52,4.81,0,5
2026-08-13T13:00,27.9,28.4,738.0,728.0,4.44,4.41,0,1
2026-08-13T14:00,28.5,29.0,670.0,662.0,4.5,4.39,0,0
2026-08-13T15:00,28.9,29.2,568.0,559.0,4.45,4.3,0,0
2026-08-13T16:00,28.8,29.1,435.0,428.0,4.8,4.37,0,0
2026-08-13T17:00,28.2,28.5,286.0,280.0,5.02,5.04,0,0
2026-08-13T18:00,26.7,26.8,140.0,136.0,5.49,6.45,0,0
2026-08-13T19:00,22.1,24.1,27.0,26.0,6.88,8.09,0,0
2026-08-13T20:00,20.3,22.2,0.0,0.0,9.24,9.24,0,0
2026-08-13T21:00,18.3,21.0,0.0,0.0,8.31,10.41,0,0
2026-08-13T22:00,17.8,20.1,0.0,0.0,9.73,11.15,0,0
2026-08-13T23:00,17.5,19.2,0.0,0.0,10.53,11.14,0,0
2026-08-14T00:00,16.7,17.6,0.0,0.0,10.14,11.0,0,0
2026-08-14T01:00,16.2,16.9,0.0,0.0,9.73,10.57,0,0
2026-08-14T02:00,15.6,16.2,0.0,0.0,9.27,9.91,0,0
2026-08-14T03:00,14.9,15.6,0.0,0.0,8.84,9.64,0,0
2026-08-14T04:00,14.4,15.2,0.0,0.0,9.1,9.6,0,0
2026-08-14T05:00,14.9,15.5,30.0,31.0,9.54,9.93,33,46
2026-08-14T06:00,17.0,17.2,139.0,138.0,8.9,10.65,42,3
2026-08-14T07:00,19.6,19.7,278.0,285.0,7.12,9.11,62,2
2026-08-14T08:00,22.0,22.1,432.0,434.0,4.87,5.62,24,31
2026-08-14T09:00,25.0,24.8,557.0,551.0,4.68,5.0,100,100
2026-08-14T10:00,27.6,27.1,659.0,628.0,4.89,5.04,23,100
2026-08-14T11:00,30.1,29.4,736.0,706.0,5.08,4.82,2,88
2026-08-14T12:00,31.8,31.6,755.0,754.0,5.33,4.17,66,57
2026-08-14T13:00,33.1,32.9,726.0,723.0,5.32,4.31,82,93
2026-08-14T14:00,33.9,33.6,664.0,643.0,4.7,4.28,56,100
2026-08-14T15:00,33.9,33.7,569.0,522.0,4.0,3.78,0,16
2026-08-14T16:00,33.6,33.4,436.0,427.0,3.33,3.92,0,0
2026-08-14T17:00,32.8,32.3,285.0,280.0,2.54,2.54,0,13
2026-08-14T18:00,30.4,29.3,138.0,132.0,2.85,2.61,6,36
2026-08-14T19:00,25.8,26.2,25.0,24.0,4.57,2.98,0,32
2026-08-14T20:00,22.9,23.8,0.0,0.0,4.54,4.67,8,7
2026-08-14T21:00,22.7,21.9,0.0,0.0,2.07,6.53,80,0
2026-08-14T22:00,20.4,20.3,0.0,0.0,2.35,7.9,0,0
2026-08-14T23:00,19.2,19.2,0.0,0.0,1.66,8.41,32,1
2026-08-15T00:00,17.7,18.7,0.0,0.0,1.27,8.02,100,64
2026-08-15T01:00,16.4,18.3,0.0,0.0,3.2,7.01,58,100
2026-08-15T02:00,16.3,18.2,0.0,0.0,5.7,5.66,76,100
2026-08-15T03:00,15.5,18.0,0.0,0.0,6.74,5.65,39,100
2026-08-15T04:00,15.4,18.3,0.0,0.0,6.3,6.28,84,100
2026-08-15T05:00,16.1,18.1,28.0,16.0,6.1,6.05,46,94
2026-08-15T06:00,18.7,18.5,127.0,79.0,6.1,6.05,100,84
2026-08-15T07:00,20.7,19.0,273.0,165.0,5.13,5.62,0,90
2026-08-15T08:00,22.4,20.1,426.0,289.0,4.57,5.42,16,76
2026-08-15T09:00,23.8,21.6,464.0,431.0,4.23,6.8,100,100
2026-08-15T10:00,24.3,22.8,403.0,600.0,4.21,6.77,100,81
2026-08-15T11:00,25.2,23.0,547.0,577.0,5.98,7.01,100,100
2026-08-15T12:00,24.9,24.4,543.0,689.0,6.61,7.46,100,35
2026-08-15T13:00,24.3,24.5,455.0,671.0,7.28,7.8,100,73
2026-08-15T14:00,22.5,21.9,312.0,370.0,7.19,8.4,100,100
2026-08-15T15:00,21.1,21.0,252.0,205.0,4.02,6.79,100,100
2026-08-15T16:00,20.1,20.7,190.0,168.0,6.35,5.9,100,100
2026-08-15T17:00,20.0,19.7,190.0,84.0,6.54,5.41,100,100
2026-08-15T18:00,19.0,19.6,84.0,66.0,6.2,5.46,100,100
2026-08-15T19:00,17.8,18.7,17.0,11.0,6.99,5.01,100,100
2026-08-15T20:00,16.5,17.5,0.0,0.0,6.86,5.98,100,55
2026-08-15T21:00,15.2,16.4,0.0,0.0,6.37,7.6,100,70
2026-08-15T22:00,14.1,15.5,0.0,0.0,6.64,8.77,42,68
2026-08-15T23:00,13.6,15.2,0.0,0.0,6.51,8.04,100,68
2026-08-16T00:00,12.5,14.1,0.0,0.0,6.1,6.61,40,70
2026-08-16T01:00,12.0,13.9,0.0,0.0,5.22,5.75,83,50
2026-08-16T02:00,11.5,13.7,0.0,0.0,4.37,4.4,42,96
2026-08-16T03:00,11.9,13.8,0.0,0.0,3.32,3.16,0,81
2026-08-16T04:00,11.7,13.9,0.0,0.0,2.67,3.02,100,83
2026-08-16T05:00,12.5,14.1,24.0,22.0,2.31,3.16,96,54
2026-08-16T06:00,14.8,14.7,93.0,95.0,3.33,2.55,58,70
2026-08-16T07:00,17.1,16.8,179.0,202.0,3.18,2.88,55,62
2026-08-16T08:00,18.5,17.9,257.0,245.0,3.08,3.09,83,89
2026-08-16T09:00,20.1,19.0,437.0,307.0,3.45,4.35,89,79
2026-08-16T10:00,21.2,20.0,468.0,458.0,5.08,5.29,74,87
2026-08-16T11:00,21.6,21.4,527.0,612.0,6.71,5.97,100,92
2026-08-16T12:00,21.6,21.9,344.0,691.0,6.39,6.71,100,43
2026-08-16T13:00,21.5,22.2,455.0,709.0,6.09,7.45,100,93
2026-08-16T14:00,22.0,21.0,477.0,554.0,7.44,8.94,100,100
2026-08-16T15:00,20.8,20.4,395.0,341.0,6.94,7.87,75,95
2026-08-16T16:00,20.3,19.8,342.0,343.0,6.58,7.8,100,100
2026-08-16T17:00,19.4,18.8,196.0,142.0,5.48,7.49,99,100
2026-08-16T18:00,17.8,18.4,65.0,62.0,4.72,6.38,100,89
2026-08-16T19:00,17.0,17.1,11.0,14.0,5.33,6.18,100,92
2026-08-16T20:00,16.0,16.2,0.0,0.0,4.13,6.21,100,100
2026-08-16T21:00,15.4,15.7,0.0,0.0,4.41,5.78,80,100
2026-08-16T22:00,15.0,15.1,0.0,0.0,4.27,4.52,96,97
2026-08-16T23:00,14.9,14.8,0.0,0.0,4.08,4.39,90,99
2026-08-17T00:00,14.5,14.8,0.0,0.0,2.52,2.37,76,100
2026-08-17T01:00,13.9,14.5,0.0,0.0,1.67,2.55,81,100
2026-08-17T02:00,13.6,14.5,0.0,0.0,0.81,3.07,42,100
2026-08-17T03:00,13.8,14.6,0.0,0.0,2.37,3.85,100,99
2026-08-17T04:00,14.0,14.6,0.0,0.0,1.18,4.82,100,99
2026-08-17T05:00,14.0,14.7,21.0,9.0,1.38,4.54,97,96
2026-08-17T06:00,14.6,15.6,16.0,57.0,2.99,6.62,100,97
2026-08-17T07:00,15.6,16.8,84.0,171.0,2.71,6.27,100,100
2026-08-17T08:00,16.3,17.5,116.0,305.0,2.77,6.18,100,88
2026-08-17T09:00,16.3,17.8,88.0,362.0,3.17,6.61,100,84
2026-08-17T10:00,16.6,18.2,104.0,440.0,3.26,6.73,100,81
2026-08-17T11:00,17.1,19.0,169.0,538.0,3.56,7.72,100,83
2026-08-17T12:00,16.7,17.5,190.0,335.0,2.98,6.77,98,87
2026-08-17T13:00,17.6,18.2,260.0,434.0,3.89,7.89,92,81
2026-08-17T14:00,18.2,18.4,275.0,410.0,5.76,8.83,97,87
2026-08-17T15:00,17.5,18.3,214.0,385.0,5.66,8.16,100,61
2026-08-17T16:00,16.7,18.3,181.0,302.0,6.74,8.94,100,66
2026-08-17T17:00,16.6,17.8,113.0,205.0,5.27,9.01,83,57
2026-08-17T18:00,15.6,16.6,54.0,110.0,6.7,8.1,96,40
2026-08-17T19:00,15.1,15.6,13.0,17.0,7.94,7.84,76,49
2026-08-17T20:00,14.0,14.8,0.0,0.0,8.2,7.39,31,47
2026-08-17T21:00,12.8,14.0,0.0,0.0,6.79,7.51,57,49
2026-08-17T22:00,12.3,13.5,0.0,0.0,5.92,7.25,17,30
2026-08-17T23:00,11.9,12.6,0.0,0.0,6.82,6.31,12,12
2026-08-18T00:00,12.9,12.5,0.0,0.0,3.2,6.17,93,64
2026-08-18T01:00,13.1,12.2,0.0,0.0,2.81,5.25,94,45
2026-08-18T02:00,13.3,11.8,0.0,0.0,2.55,4.61,100,77
2026-08-18T03:00,13.3,11.7,0.0,0.0,3.95,4.52,100,100
2026-08-18T04:00,13.2,12.1,0.0,0.0,3.26,4.71,100,96
2026-08-18T05:00,13.4,12.9,10.0,14.0,5.49,5.78,100,100
2026-08-18T06:00,14.3,13.9,48.0,49.0,4.17,4.38,100,100
2026-08-18T07:00,14.4,14.6,39.0,85.0,2.94,4.06,100,100
2026-08-18T08:00,15.1,15.5,95.0,138.0,3.02,3.59,100,100
2026-08-18T09:00,15.5,16.0,117.0,159.0,4.44,4.47,100,100
2026-08-18T10:00,16.8,16.8,196.0,229.0,5.27,4.82,100,99
2026-08-18T11:00,17.1,17.0,267.0,198.0,5.54,4.79,100,96
2026-08-18T12:00,17.7,18.2,265.0,233.0,5.62,5.53,100,95
2026-08-18T13:00,17.1,18.2,196.0,219.0,5.13,6.07,100,99
2026-08-18T14:00,16.8,17.9,155.0,163.0,5.35,5.46,100,100
2026-08-18T15:00,16.2,17.9,76.0,159.0,6.44,5.27,100,100
2026-08-18T16:00,15.8,17.5,35.0,106.0,6.28,4.95,100,100
2026-08-18T17:00,15.7,17.4,16.0,69.0,6.56,4.8,100,100
2026-08-18T18:00,15.2,16.2,12.0,27.0,6.18,5.12,100,97
2026-08-18T19:00,15.4,15.9,3.0,3.0,6.87,6.27,99,96
2026-08-18T20:00,15.4,15.9,0.0,0.0,7.19,7.15,100,97
2026-08-18T21:00,15.8,15.9,0.0,0.0,8.42,7.56,100,100
2026-08-18T22:00,16.3,16.0,0.0,0.0,9.76,8.75,100,100
2026-08-18T23:00,16.6,16.3,0.0,0.0,10.55,9.5,100,95
2026-08-19T00:00,16.5,16.7,0.0,0.0,9.15,9.83,100,100
2026-08-19T01:00,16.4,16.7,0.0,0.0,9.73,9.61,100,100
2026-08-19T02:00,16.2,16.7,0.0,0.0,8.86,10.01,100,100
2026-08-19T03:00,16.4,16.6,0.0,0.0,8.54,9.89,100,99
2026-08-19T04:00,16.2,16.4,0.0,0.0,8.76,9.79,100,100
2026-08-19T05:00,16.1,16.2,7.0,8.0,8.34,10.69,100,100
2026-08-19T06:00,16.3,15.9,27.0,51.0,8.43,9.43,100,100
2026-08-19T07:00,16.5,16.4,72.0,102.0,10.69,9.14,100,99
2026-08-19T08:00,16.9,16.5,86.0,107.0,8.58,9.77,100,100
2026-08-19T09:00,16.7,16.8,106.0,152.0,9.03,9.97,99,100
2026-08-19T10:00,16.6,16.5,79.0,120.0,8.31,9.66,97,100
2026-08-19T11:00,17.6,17.0,289.0,152.0,8.99,9.27,100,99
2026-08-19T12:00,18.5,17.2,375.0,161.0,8.62,7.3,94,100
2026-08-19T13:00,18.4,17.6,337.0,227.0,8.33,6.79,100,99
2026-08-19T14:00,18.7,18.2,329.0,220.0,8.14,7.19,88,95
2026-08-19T15:00,19.0,18.1,405.0,189.0,8.47,7.18,87,100
2026-08-19T16:00,19.2,17.7,329.0,140.0,9.05,6.32,82,100
2026-08-19T17:00,18.3,17.2,212.0,127.0,8.32,5.28,28,100
2026-08-19T18:00,17.2,17.5,70.0,43.0,6.75,5.36,100,100
2026-08-19T19:00,16.1,16.9,8.0,6.0,6.27,4.84,93,100
2026-08-19T20:00,15.3,16.1,0.0,0.0,6.14,3.99,54,100
2026-08-19T21:00,14.7,15.6,0.0,0.0,6.38,3.18,61,100
2026-08-19T22:00,14.3,15.1,0.0,0.0,5.92,2.83,81,100
2026-08-19T23:00,14.5,15.0,0.0,0.0,6.4,3.26,88,100
2026-08-20T00:00,14.1,13.9,0.0,0.0,6.84,5.72,55,96
2026-08-20T01:00,13.8,13.7,0.0,0.0,6.84,5.08,71,31
2026-08-20T02:00,13.6,13.4,0.0,0.0,6.91,5.41,57,28
2026-08-20T03:00,13.4,13.4,0.0,0.0,7.44,6.5,43,51
2026-08-20T04:00,13.0,13.8,0.0,0.0,7.01,7.36,100,84
2026-08-20T05:00,13.1,14.4,18.0,12.0,7.09,7.59,90,94
2026-08-20T06:00,14.3,15.7,103.0,68.0,6.56,6.63,100,94
2026-08-20T07:00,15.0,16.6,155.0,96.0,5.68,8.26,100,98
2026-08-20T08:00,15.8,16.6,177.0,152.0,6.69,8.77,99,92
2026-08-20T09:00,16.8,17.3,240.0,196.0,6.98,7.89,100,82
2026-08-20T10:00,18.2,18.3,347.0,320.0,6.45,7.73,92,83
2026-08-20T11:00,17.9,19.1,325.0,446.0,6.64,8.12,100,69
2026-08-20T12:00,18.5,18.7,254.0,388.0,6.67,8.66,85,75
2026-08-20T13:00,19.2,19.7,357.0,463.0,6.87,8.42,92,89
2026-08-20T14:00,18.0,19.3,239.0,379.0,8.66,8.02,100,72
2026-08-20T15:00,19.5,18.7,292.0,367.0,7.7,8.05,85,79
2026-08-20T16:00,17.7,18.5,176.0,266.0,7.51,7.88,100,58
2026-08-20T17:00,17.3,18.1,112.0,195.0,6.42,6.79,95,43
2026-08-20T18:00,16.8,17.6,45.0,90.0,7.23,5.27,77,63
2026-08-20T19:00,15.7,16.7,11.0,9.0,6.31,5.55,79,40
2026-08-20T20:00,15.6,16.1,0.0,0.0,7.87,5.73,91,62
2026-08-20T21:00,15.1,15.7,0.0,0.0,7.48,5.63,78,60
2026-08-20T22:00,14.9,15.3,0.0,0.0,7.96,6.38,60,71
2026-08-20T23:00,14.5,14.9,0.0,0.0,8.31,7.21,69,56
2026-08-21T00:00,14.2,15.3,0.0,0.0,8.41,8.42,58,58
2026-08-21T01:00,13.9,15.2,0.0,0.0,8.09,8.76,75,74
2026-08-21T02:00,13.9,15.0,0.0,0.0,7.8,8.02,92,77
2026-08-21T03:00,14.5,14.9,0.0,0.0,6.9,7.38,96,74
2026-08-21T04:00,14.4,14.8,0.0,0.0,6.54,7.41,87,78
2026-08-21T05:00,14.4,14.8,15.0,13.0,6.86,6.24,85,88
2026-08-21T06:00,14.7,15.0,84.0,87.0,6.66,7.45,95,64
2026-08-21T07:00,16.1,15.7,154.0,195.0,6.14,6.54,92,81
2026-08-21T08:00,17.2,16.4,284.0,273.0,5.22,6.42,50,79
2026-08-21T09:00,18.2,16.8,445.0,341.0,4.65,6.25,76,81
2026-08-21T10:00,19.1,17.2,552.0,366.0,4.96,5.59,100,83
2026-08-21T11:00,19.8,18.5,493.0,508.0,4.95,5.21,97,83
2026-08-21T12:00,20.0,18.4,425.0,476.0,5.28,5.21,100,92
2026-08-21T13:00,20.3,18.5,429.0,494.0,3.15,4.99,100,82
2026-08-21T14:00,19.8,18.6,498.0,444.0,4.58,4.95,100,81
2026-08-21T15:00,18.9,18.9,359.0,390.0,4.17,4.92,100,76
2026-08-21T16:00,18.7,18.9,223.0,296.0,4.96,5.69,100,93
2026-08-21T17:00,17.8,18.0,118.0,168.0,4.74,5.82,100,91
2026-08-21T18:00,16.5,16.6,80.0,87.0,6.71,6.38,76,89
2026-08-21T19:00,14.6,15.3,10.0,10.0,5.98,6.38,82,79
2026-08-21T20:00,13.4,14.4,0.0,0.0,6.5,6.08,73,84
2026-08-21T21:00,13.1,13.7,0.0,0.0,7.06,5.68,68,68
2026-08-21T22:00,12.2,13.2,0.0,0.0,7.13,6.93,66,38
2026-08-21T23:00,11.5,12.7,0.0,0.0,6.2,5.68,32,76
2026-08-22T00:00,10.7,12.4,0.0,0.0,5.8,6.07,4,51
2026-08-22T01:00,10.5,12.1,0.0,0.0,4.34,5.62,8,50
2026-08-22T02:00,10.3,11.8,0.0,0.0,4.15,5.43,51,72
2026-08-22T03:00,11.0,11.8,0.0,0.0,4.56,5.31,80,99
2026-08-22T04:00,11.2,11.7,0.0,0.0,3.88,5.47,94,100
2026-08-22T05:00,11.2,12.1,14.0,15.0,2.26,5.49,100,100
2026-08-22T06:00,12.6,13.6,38.0,77.0,3.53,6.05,100,100
2026-08-22T07:00,14.9,15.2,190.0,185.0,4.19,5.4,15,93
2026-08-22T08:00,16.0,16.2,359.0,292.0,5.27,8.58,100,94
2026-08-22T09:00,16.1,16.0,199.0,351.0,3.44,8.61,91,97
2026-08-22T10:00,15.4,17.0,226.0,431.0,6.46,9.41,100,93
2026-08-22T11:00,18.1,17.8,294.0,494.0,8.28,10.21,46,100
2026-08-22T12:00,17.5,17.4,391.0,538.0,10.93,9.76,99,100
2026-08-22T13:00,18.1,17.0,439.0,463.0,11.62,10.32,100,100
2026-08-22T14:00,16.8,17.1,276.0,467.0,10.24,10.35,88,91
2026-08-22T15:00,17.6,16.7,313.0,399.0,11.69,10.19,57,83
2026-08-22T16:00,16.7,16.8,279.0,284.0,10.01,10.2,100,58
2026-08-22T17:00,16.4,16.2,95.0,177.0,9.81,10.21,100,49
2026-08-22T18:00,14.9,14.8,17.0,69.0,10.52,8.87,100,66
2026-08-22T19:00,15.0,14.2,3.0,7.0,10.3,10.38,100,92
2026-08-22T20:00,14.6,13.9,0.0,0.0,7.9,9.98,100,95
2026-08-22T21:00,14.0,14.1,0.0,0.0,7.65,8.82,97,100
2026-08-22T22:00,14.4,13.9,0.0,0.0,9.35,7.75,100,65
2026-08-22T23:00,14.2,13.8,0.0,0.0,11.72,8.51,100,99
2026-08-23T00:00,14.1,13.7,0.0,0.0,9.28,8.71,77,50
2026-08-23T01:00,13.1,13.6,0.0,0.0,7.33,8.33,84,47
2026-08-23T02:00,12.9,13.1,0.0,0.0,8.21,9.43,67,74
2026-08-23T03:00,13.7,13.2,0.0,0.0,7.8,8.57,93,51
2026-08-23T04:00,13.5,13.4,0.0,0.0,6.77,10.39,100,85
2026-08-23T05:00,13.8,14.0,8.0,13.0,6.32,9.17,100,84
2026-08-23T06:00,14.2,14.5,62.0,65.0,6.64,8.81,100,92
2026-08-23T07:00,14.4,15.9,57.0,196.0,5.9,10.82,100,59
2026-08-23T08:00,15.5,16.8,183.0,302.0,6.99,10.56,53,79
2026-08-23T09:00,14.6,17.2,111.0,323.0,8.12,11.06,100,82
2026-08-23T10:00,15.2,18.1,94.0,461.0,7.07,11.74,100,84
2026-08-23T11:00,17.1,18.5,328.0,481.0,8.74,11.88,77,72
2026-08-23T12:00,15.5,18.8,86.0,536.0,7.49,12.03,100,68
2026-08-23T13:00,16.6,18.5,182.0,521.0,7.49,12.54,100,70
2026-08-23T14:00,16.9,18.5,257.0,483.0,9.42,11.45,100,43
2026-08-23T15:00,17.2,18.3,222.0,376.0,11.28,11.44,100,73
2026-08-23T16:00,15.9,17.9,93.0,274.0,10.31,10.09,93,48
2026-08-23T17:00,16.0,17.2,150.0,212.0,9.45,9.22,83,21
2026-08-23T18:00,15.4,16.5,69.0,69.0,8.47,9.37,58,53
2026-08-23T19:00,13.7,15.3,7.0,7.0,7.75,7.35,8,38
2026-08-23T20:00,12.9,14.0,0.0,0.0,8.37,7.2,44,36
2026-08-23T21:00,12.3,13.4,0.0,0.0,7.29,7.18,100,50
2026-08-23T22:00,12.0,12.7,0.0,0.0,6.88,5.92,100,57
2026-08-23T23:00,11.2,12.3,0.0,0.0,6.01,5.14,100,61
2026-08-24T00:00,10.8,12.6,0.0,0.0,4.7,5.01,84,98
2026-08-24T01:00,10.2,12.4,0.0,0.0,3.83,4.29,89,37
2026-08-24T02:00,10.1,12.0,0.0,0.0,2.61,3.51,98,30
2026-08-24T03:00,9.6,11.5,0.0,0.0,2.07,2.98,100,12
2026-08-24T04:00,9.9,11.1,0.0,0.0,1.75,2.1,80,17
2026-08-24T05:00,10.2,10.6,13.0,14.0,1.06,1.39,93,51
2026-08-24T06:00,12.0,12.4,96.0,107.0,1.9,0.66,79,28
2026-08-24T07:00,14.5,14.7,193.0,253.0,2.22,0.53,60,21
2026-08-24T08:00,16.5,16.4,351.0,391.0,1.74,1.23,69,37
2026-08-24T09:00,17.2,17.5,494.0,458.0,1.97,1.29,42,56
2026-08-24T10:00,17.8,18.5,476.0,544.0,3.2,1.25,79,51
2026-08-24T11:00,18.9,19.4,541.0,602.0,1.93,0.98,57,56
2026-08-24T12:00,19.5,20.3,523.0,582.0,0.71,0.4,64,61
2026-08-24T13:00,20.0,20.8,531.0,525.0,0.71,0.2,62,56
2026-08-24T14:00,20.2,21.2,526.0,513.0,0.31,0.35,61,73
2026-08-24T15:00,20.0,21.2,310.0,432.0,1.46,0.69,93,59
2026-08-24T16:00,19.5,21.0,318.0,341.0,0.93,1.27,50,38
2026-08-24T17:00,19.3,20.3,203.0,227.0,0.71,1.95,52,4
2026-08-24T18:00,17.4,18.4,92.0,89.0,1.9,2.0,3,32
2026-08-24T19:00,14.9,16.4,7.0,7.0,3.54,3.44,0,23
2026-08-24T20:00,13.6,14.9,0.0,0.0,3.55,4.77,4,27
2026-08-24T21:00,12.8,14.3,0.0,0.0,5.54,7.86,10,8
2026-08-24T22:00,12.3,13.7,0.0,0.0,6.23,8.98,26,4
2026-08-24T23:00,11.7,13.3,0.0,0.0,6.88,8.63,18,5
2026-08-25T00:00,10.9,12.8,0.0,0.0,6.49,7.6,41,0
2026-08-25T01:00,10.4,12.3,0.0,0.0,6.25,7.13,42,0
2026-08-25T02:00,10.0,11.9,0.0,0.0,6.08,7.15,38,9
2026-08-25T03:00,10.0,11.6,0.0,0.0,6.28,7.01,44,13
2026-08-25T04:00,9.7,11.3,0.0,0.0,6.27,7.07,43,11
2026-08-25T05:00,9.8,11.6,13.0,13.0,6.57,7.71,43,13
2026-08-25T06:00,11.9,13.0,109.0,108.0,7.45,7.52,0,1
2026-08-25T07:00,14.8,15.2,251.0,250.0,6.47,7.26,0,0
2026-08-25T08:00,17.3,17.4,402.0,399.0,5.24,4.8,0,0
2026-08-25T09:00,19.0,19.2,536.0,532.0,6.09,5.22,56,3
2026-08-25T10:00,20.3,20.6,569.0,637.0,7.65,6.27,25,0
2026-08-25T11:00,21.2,21.6,604.0,701.0,7.58,7.1,45,10
2026-08-25T12:00,21.7,22.1,592.0,714.0,7.9,7.27,74,29
2026-08-25T13:00,22.4,22.5,613.0,663.0,6.96,7.45,32,32
2026-08-25T14:00,22.7,22.9,564.0,594.0,6.96,7.25,91,13
2026-08-25T15:00,22.4,22.7,441.0,503.0,6.65,7.55,48,16
2026-08-25T16:00,21.7,22.2,346.0,372.0,8.25,8.36,51,7
2026-08-25T17:00,20.6,20.8,212.0,225.0,9.65,9.61,0,4
2026-08-25T18:00,19.4,19.1,88.0,86.0,10.26,10.86,0,0
2026-08-25T19:00,17.5,17.5,6.0,5.0,11.28,11.86,0,0
2026-08-25T20:00,16.3,16.3,0.0,0.0,11.7,11.64,0,0
2026-08-25T21:00,15.6,15.7,0.0,0.0,11.86,12.64,45,3
2026-08-25T22:00,14.9,15.8,0.0,0.0,10.6,13.65,100,6
2026-08-25T23:00,14.3,15.3,0.0,0.0,10.51,12.39,100,0
2026-08-26T00:00,13.5,14.6,0.0,0.0,9.98,11.56,100,4
2026-08-26T01:00,13.0,14.1,0.0,0.0,10.09,11.5,100,0
2026-08-26T02:00,12.4,13.9,0.0,0.0,9.32,11.77,8,26
2026-08-26T03:00,12.2,13.6,0.0,0.0,9.22,11.74,36,100
2026-08-26T04:00,11.9,13.6,0.0,0.0,9.37,12.0,85,100
2026-08-26T05:00,12.0,13.6,12.0,9.0,9.25,11.94,100,100
2026-08-26T06:00,13.7,14.2,83.0,107.0,8.47,11.84,100,3
2026-08-26T07:00,15.7,15.9,209.0,249.0,6.81,9.42,97,2
2026-08-26T08:00,17.9,17.7,346.0,399.0,6.97,9.14,99,10
2026-08-26T09:00,20.1,19.4,505.0,516.0,7.15,9.05,100,100
2026-08-26T10:00,21.7,20.9,612.0,598.0,8.92,9.84,64,81
2026-08-26T11:00,22.9,22.1,695.0,684.0,9.3,10.8,28,72
2026-08-26T12:00,23.5,22.9,638.0,711.0,9.42,9.4,79,28
2026-08-26T13:00,24.2,23.3,601.0,674.0,8.86,9.38,47,47
2026-08-26T14:00,24.1,23.4,508.0,598.0,9.26,9.41,48,34
2026-08-26T15:00,23.7,23.3,397.0,500.0,9.31,9.62,67,22
2026-08-26T16:00,23.0,22.9,350.0,367.0,10.82,9.49,68,67
2026-08-26T17:00,21.8,21.8,161.0,206.0,10.2,9.02,100,97
2026-08-26T18:00,20.3,20.3,42.0,53.0,9.13,8.92,97,84
2026-08-26T19:00,18.9,18.5,3.0,4.0,10.28,10.03,100,58
2026-08-26T20:00,17.9,17.3,0.0,0.0,11.19,10.88,71,69
2026-08-26T21:00,18.4,16.9,0.0,0.0,10.1,13.03,100,42
2026-08-26T22:00,17.9,16.8,0.0,0.0,9.7,12.77,94,41
2026-08-26T23:00,17.5,16.5,0.0,0.0,9.6,12.58,90,57
2026-08-27T00:00,16.8,15.3,0.0,0.0,9.02,12.2,88,68
2026-08-27T01:00,16.4,15.3,0.0,0.0,9.84,11.97,78,90
2026-08-27T02:00,16.1,15.5,0.0,0.0,9.97,11.55,62,98
2026-08-27T03:00,15.6,15.5,0.0,0.0,9.84,11.44,89,86
2026-08-27T04:00,15.3,15.2,0.0,0.0,10.34,11.66,82,86
2026-08-27T05:00,14.9,15.1,10.0,7.0,9.83,11.8,67,80
2026-08-27T06:00,15.8,15.7,87.0,87.0,9.54,10.96,45,49
2026-08-27T07:00,17.3,16.9,228.0,190.0,8.8,8.4,94,77
2026-08-27T08:00,19.0,17.9,369.0,262.0,8.83,8.25,0,80
2026-08-27T09:00,20.8,19.4,512.0,400.0,9.27,8.65,0,57
2026-08-27T10:00,22.5,21.0,616.0,550.0,9.98,8.46,2,32
2026-08-27T11:00,23.9,22.8,679.0,656.0,10.46,8.8,6,92
2026-08-27T12:00,25.0,24.4,696.0,644.0,10.66,9.89,0,99
2026-08-27T13:00,25.9,25.0,667.0,555.0,10.17,10.04,22,100
2026-08-27T14:00,26.4,25.0,557.0,344.0,9.64,9.95,37,97
2026-08-27T15:00,27.0,25.3,479.0,268.0,9.95,10.1,84,76
2026-08-27T16:00,26.8,25.6,330.0,276.0,10.03,10.25,100,98
2026-08-27T17:00,26.0,25.1,184.0,166.0,9.86,10.68,100,100
2026-08-27T18:00,24.2,24.1,61.0,62.0,10.42,11.18,100,100
2026-08-27T19:00,22.8,23.1,3.0,3.0,11.9,13.06,100,100
2026-08-27T20:00,21.9,22.5,0.0,0.0,12.26,13.06,100,100
2026-08-27T21:00,21.3,22.0,0.0,0.0,12.53,12.97,100,100
2026-08-27T22:00,21.3,21.5,0.0,0.0,12.4,11.24,100,100
2026-08-27T23:00,21.0,20.9,0.0,0.0,11.39,11.37,100,100
2026-08-28T00:00,20.5,20.1,0.0,0.0,10.66,11.99,100,100
2026-08-28T01:00,20.0,19.3,0.0,0.0,10.66,10.4,100,100
2026-08-28T02:00,19.3,18.0,0.0,0.0,10.13,11.45,100,100
2026-08-28T03:00,18.6,17.6,0.0,0.0,11.17,13.07,100,100
2026-08-28T04:00,17.0,17.7,0.0,0.0,10.41,11.97,100,100
2026-08-28T05:00,16.8,17.7,2.0,4.0,11.93,9.76,100,100
2026-08-28T06:00,17.1,17.7,21.0,20.0,10.69,8.94,100,100
2026-08-28T07:00,18.0,18.0,98.0,55.0,9.09,8.15,100,100
2026-08-28T08:00,18.5,18.5,133.0,98.0,6.94,7.21,100,100
2026-08-28T09:00,22.0,18.6,238.0,81.0,7.45,6.76,100,100
2026-08-28T10:00,22.0,19.5,290.0,100.0,6.94,6.72,100,100
2026-08-28T11:00,21.8,20.2,188.0,130.0,5.13,6.15,100,100
2026-08-28T12:00,20.1,21.4,164.0,247.0,1.41,5.04,100,100
2026-08-28T13:00,20.5,21.3,153.0,265.0,1.85,4.44,100,100
2026-08-28T14:00,20.8,21.7,192.0,305.0,3.68,3.78,100,100
2026-08-28T15:00,20.6,20.6,161.0,226.0,3.67,5.01,74,100
2026-08-28T16:00,20.3,19.5,215.0,84.0,5.73,5.29,99,85
2026-08-28T17:00,20.2,19.0,105.0,119.0,5.09,5.74,100,100
2026-08-28T18:00,18.2,19.3,25.0,64.0,6.92,5.76,79,40
2026-08-28T19:00,17.9,18.3,2.0,3.0,6.47,6.79,100,11
2026-08-28T20:00,17.4,17.8,0.0,0.0,6.21,8.47,24,38
2026-08-28T21:00,16.3,17.2,0.0,0.0,5.73,9.31,54,21
2026-08-28T22:00,16.7,16.7,0.0,0.0,8.52,9.77,100,8
2026-08-28T23:00,16.7,16.3,0.0,0.0,6.98,11.38,94,2
2026-08-29T00:00,16.4,16.1,0.0,0.0,7.49,9.22,92,54
2026-08-29T01:00,16.2,15.9,0.0,0.0,8.34,10.22,98,50
2026-08-29T02:00,15.6,15.7,0.0,0.0,8.24,10.3,88,51
2026-08-29T03:00,15.5,15.4,0.0,0.0,9.6,11.03,100,47
2026-08-29T04:00,15.4,15.2,0.0,0.0,10.16,11.06,87,49
2026-08-29T05:00,15.4,14.9,4.0,8.0,10.26,10.43,95,53
2026-08-29T06:00,15.4,15.3,63.0,76.0,10.0,9.51,93,100
2026-08-29T07:00,16.2,16.2,134.0,149.0,11.39,8.59,100,100
2026-08-29T08:00,17.2,17.9,248.0,295.0,10.4,11.5,91,100
2026-08-29T09:00,18.2,18.3,352.0,224.0,10.46,11.15,91,100
2026-08-29T10:00,18.5,18.8,339.0,185.0,11.16,9.42,95,99
2026-08-29T11:00,17.8,19.6,252.0,200.0,9.52,8.57,98,99
2026-08-29T12:00,19.2,17.8,233.0,89.0,9.25,7.02,100,100
2026-08-29T13:00,20.1,19.0,445.0,170.0,10.63,8.77,65,91
2026-08-29T14:00,20.6,20.5,367.0,267.0,9.01,8.1,62,72
2026-08-29T15:00,20.3,21.0,319.0,336.0,7.98,8.99,50,64
2026-08-29T16:00,20.3,20.5,212.0,276.0,7.76,7.42,68,53
2026-08-29T17:00,19.8,19.6,119.0,141.0,6.96,6.02,97,98
2026-08-29T18:00,18.5,18.7,12.0,36.0,6.66,5.14,100,100
2026-08-29T19:00,17.5,18.1,2.0,2.0,5.04,4.5,100,100
2026-08-29T20:00,17.2,17.7,0.0,0.0,3.87,3.38,100,100
2026-08-29T21:00,17.4,17.4,0.0,0.0,7.7,6.03,100,100
2026-08-29T22:00,17.4,17.2,0.0,0.0,8.67,7.32,100,99
2026-08-29T23:00,17.2,17.2,0.0,0.0,9.01,8.94,100,100
2026-08-30T00:00,16.9,17.5,0.0,0.0,8.6,8.85,100,95
2026-08-30T01:00,16.8,17.3,0.0,0.0,9.24,8.63,92,97
2026-08-30T02:00,16.7,17.0,0.0,0.0,10.39,8.63,100,100
2026-08-30T03:00,16.7,16.8,0.0,0.0,10.1,8.3,100,100
2026-08-30T04:00,16.7,16.8,0.0,0.0,10.39,8.73,100,99
2026-08-30T05:00,16.8,16.7,1.0,2.0,11.17,9.9,100,100
2026-08-30T06:00,17.1,17.1,11.0,8.0,11.57,12.62,100,96
2026-08-30T07:00,17.7,17.4,35.0,37.0,12.61,12.99,98,100
2026-08-30T08:00,17.9,18.5,96.0,90.0,13.29,13.56,100,93
2026-08-30T09:00,18.9,19.1,91.0,163.0,14.95,14.09,100,98
2026-08-30T10:00,20.2,19.2,231.0,149.0,15.25,13.13,84,93
2026-08-30T11:00,20.9,20.1,361.0,215.0,14.57,13.88,86,88
2026-08-30T12:00,19.4,19.5,166.0,241.0,13.73,12.29,93,90
2026-08-30T13:00,19.8,19.4,273.0,255.0,14.16,12.07,99,85
2026-08-30T14:00,20.0,19.2,374.0,259.0,11.23,12.55,44,83
2026-08-30T15:00,19.7,19.0,188.0,295.0,9.32,12.44,85,86
2026-08-30T16:00,19.7,18.5,217.0,172.0,7.25,10.03,100,91
2026-08-30T17:00,19.1,18.5,99.0,128.0,6.07,7.58,100,81
2026-08-30T18:00,18.8,18.0,32.0,44.0,2.87,5.61,100,68
2026-08-30T19:00,18.3,17.0,1.0,1.0,3.26,4.66,100,85
2026-08-30T20:00,18.0,16.4,0.0,0.0,4.57,3.64,100,100
2026-08-30T21:00,17.8,16.0,0.0,0.0,4.47,4.02,100,100
2026-08-30T22:00,17.5,16.1,0.0,0.0,6.18,4.56,100,99
2026-08-30T23:00,17.1,16.0,0.0,0.0,6.47,5.55,100,91
2026-08-31T00:00,16.9,16.4,0.0,0.0,6.55,7.21,100,96
2026-08-31T01:00,16.7,16.2,0.0,0.0,6.88,7.45,97,76
2026-08-31T02:00,16.5,16.0,0.0,0.0,6.61,8.36,100,80
2026-08-31T03:00,16.4,16.1,0.0,0.0,7.96,8.24,100,78
2026-08-31T04:00,16.3,16.0,0.0,0.0,7.98,8.24,100,79
2026-08-31T05:00,16.2,15.8,3.0,5.0,8.61,8.64,100,100
2026-08-31T06:00,16.5,15.8,44.0,36.0,8.89,8.83,100,100
2026-08-31T07:00,16.4,16.4,64.0,101.0,7.28,8.68,100,99
2026-08-31T08:00,17.3,16.8,149.0,139.0,7.97,9.72,99,100
2026-08-31T09:00,18.3,17.6,273.0,228.0,7.67,9.35,100,100
2026-08-31T10:00,19.5,18.4,431.0,344.0,8.32,9.43,92,94
2026-08-31T11:00,19.6,18.3,371.0,397.0,8.49,9.59,92,100
2026-08-31T12:00,19.7,19.2,320.0,473.0,10.6,9.42,79,100
2026-08-31T13:00,19.2,19.2,455.0,473.0,10.81,10.48,97,100
2026-08-31T14:00,19.4,19.0,381.0,385.0,12.23,9.09,100,80
2026-08-31T15:00,17.8,17.6,184.0,239.0,9.31,8.62,100,100
2026-08-31T16:00,16.6,17.2,176.0,160.0,9.57,9.87,100,100
2026-08-31T17:00,16.1,16.4,73.0,95.0,7.68,9.43,100,100
2026-08-31T18:00,15.6,16.0,31.0,28.0,8.29,9.34,91,100
2026-08-31T19:00,15.3,15.7,1.0,1.0,9.4,9.73,99,100
2026-08-31T20:00,15.3,15.4,0.0,0.0,8.51,10.35,85,100
2026-08-31T21:00,15.0,15.4,0.0,0.0,9.08,10.0,99,100
2026-08-31T22:00,15.1,15.3,0.0,0.0,9.38,10.6,94,89
2026-08-31T23:00,15.0,15.2,0.0,0.0,9.48,10.65,100,72
2026-09-01T00:00,15.4,15.1,0.0,0.0,8.98,10.56,96,83
2026-09-01T01:00,15.7,15.2,0.0,0.0,8.8,10.26,93,89
2026-09-01T02:00,15.5,15.3,0.0,0.0,8.46,10.69,88,86
2026-09-01T03:00,15.4,15.4,0.0,0.0,8.15,10.51,83,77
2026-09-01T04:00,15.2,15.4,0.0,0.0,8.31,10.52,60,79
2026-09-01T05:00,15.0,15.4,5.0,3.0,8.83,10.54,76,86
2026-09-01T06:00,15.2,15.7,71.0,49.0,9.11,9.9,83,70
2026-09-01T07:00,15.9,16.4,157.0,135.0,8.29,9.92,100,93
2026-09-01T08:00,17.2,17.0,241.0,207.0,8.29,9.54,100,100
2026-09-01T09:00,17.9,17.3,182.0,291.0,9.16,9.96,73,99
2026-09-01T10:00,17.5,17.5,206.0,295.0,10.41,9.63,100,100
2026-09-01T11:00,17.8,17.3,145.0,255.0,9.64,8.94,100,98
2026-09-01T12:00,18.2,17.6,203.0,266.0,10.19,9.52,100,96
2026-09-01T13:00,17.8,17.7,171.0,295.0,10.34,9.51,100,90
2026-09-01T14:00,17.0,18.1,109.0,295.0,8.92,10.29,99,80
2026-09-01T15:00,18.6,18.3,258.0,355.0,9.6,11.59,68,71
2026-09-01T16:00,18.1,17.5,306.0,243.0,9.85,11.63,72,57
2026-09-01T17:00,17.1,16.6,119.0,137.0,10.11,10.63,82,90
2026-09-01T18:00,16.1,15.8,56.0,41.0,9.85,10.0,26,60
2026-09-01T19:00,15.3,15.3,1.0,0.0,11.13,7.8,93,41
2026-09-01T20:00,14.8,14.5,0.0,0.0,9.83,7.78,32,30
2026-09-01T21:00,14.1,14.1,0.0,0.0,8.36,8.84,59,51
2026-09-01T22:00,13.8,14.0,0.0,0.0,8.46,8.74,75,40
2026-09-01T23:00,13.8,13.6,0.0,0.0,8.42,8.46,100,41
2026-09-02T00:00,13.6,13.5,0.0,0.0,7.53,8.61,100,100
2026-09-02T01:00,13.4,13.3,0.0,0.0,8.81,8.57,100,100
2026-09-02T02:00,13.4,13.1,0.0,0.0,8.39,9.12,100,100
2026-09-02T03:00,13.1,12.8,0.0,0.0,8.67,9.42,100,100
2026-09-02T04:00,12.9,12.7,0.0,0.0,8.97,9.84,100,100
2026-09-02T05:00,12.9,12.7,3.0,4.0,9.31,10.27,100,100
2026-09-02T06:00,13.4,13.4,52.0,62.0,8.49,9.6,100,91
2026-09-02T07:00,14.3,14.5,150.0,154.0,7.0,9.29,89,89
2026-09-02T08:00,15.6,15.7,250.0,241.0,6.72,7.0,75,95
2026-09-02T09:00,17.4,17.2,435.0,357.0,6.29,7.45,50,68
2026-09-02T10:00,18.7,18.5,525.0,457.0,6.18,8.35,96,84
2026-09-02T11:00,19.3,19.5,409.0,500.0,6.36,7.8,91,68
2026-09-02T12:00,20.5,20.6,411.0,475.0,7.46,8.72,82,70
2026-09-02T13:00,21.4,20.7,484.0,463.0,7.06,8.76,72,69
2026-09-02T14:00,21.1,20.2,341.0,380.0,7.73,8.79,93,76
2026-09-02T15:00,18.1,19.8,116.0,299.0,7.66,8.62,86,98
2026-09-02T16:00,17.2,19.1,136.0,211.0,9.82,8.54,87,99
2026-09-02T17:00,17.6,18.3,155.0,119.0,7.07,7.84,24,74
2026-09-02T18:00,17.1,17.2,25.0,30.0,6.49,7.19,100,96
2026-09-02T19:00,16.2,16.6,0.0,0.0,6.2,7.68,81,94
2026-09-02T20:00,15.6,16.3,0.0,0.0,6.15,8.2,100,85
2026-09-02T21:00,15.4,15.8,0.0,0.0,7.45,8.98,56,79
2026-09-02T22:00,15.0,15.5,0.0,0.0,7.49,9.6,20,68
2026-09-02T23:00,14.4,15.3,0.0,0.0,7.53,9.61,30,63
2026-09-03T00:00,15.5,15.2,0.0,0.0,8.24,9.32,100,88
2026-09-03T01:00,15.4,15.0,0.0,0.0,8.43,8.9,100,91
2026-09-03T02:00,15.3,14.9,0.0,0.0,8.17,8.77,100,90
2026-09-03T03:00,15.2,14.6,0.0,0.0,7.97,9.03,100,79
2026-09-03T04:00,15.3,14.5,0.0,0.0,9.14,8.68,100,87
2026-09-03T05:00,15.2,14.6,0.0,3.0,9.27,9.11,100,100
2026-09-03T06:00,15.2,14.8,6.0,17.0,11.14,8.92,100,100
2026-09-03T07:00,15.7,15.4,29.0,23.0,10.55,10.06,100,100
2026-09-03T08:00,16.3,16.2,72.0,81.0,10.0,10.23,100,100
2026-09-03T09:00,17.8,17.2,97.0,95.0,11.27,12.3,98,100
2026-09-03T10:00,19.2,18.4,230.0,194.0,11.66,13.58,97,100
2026-09-03T11:00,19.7,18.5,168.0,117.0,11.5,11.92,85,100
2026-09-03T12:00,20.0,19.3,128.0,215.0,14.04,10.29,89,89
2026-09-03T13:00,20.5,19.7,272.0,235.0,14.02,11.93,80,100
2026-09-03T14:00,20.9,19.0,298.0,116.0,14.31,13.14,86,100
2026-09-03T15:00,20.5,19.8,281.0,218.0,15.08,11.49,98,80
2026-09-03T16:00,19.9,19.6,218.0,176.0,12.21,12.88,90,99
2026-09-03T17:00,19.2,19.0,107.0,95.0,12.1,12.07,100,100
2026-09-03T18:00,18.2,18.0,25.0,31.0,10.88,12.51,100,83
2026-09-03T19:00,17.5,17.3,0.0,0.0,9.8,10.89,100,100
2026-09-03T20:00,17.2,17.0,0.0,0.0,9.52,10.99,100,91
2026-09-03T21:00,17.0,17.0,0.0,0.0,9.11,10.19,100,100
2026-09-03T22:00,16.8,16.9,0.0,0.0,9.21,9.7,100,100
2026-09-03T23:00,16.9,16.5,0.0,0.0,9.81,10.44,100,99
2026-09-04T00:00,16.7,16.4,0.0,0.0,8.81,11.1,100,100
2026-09-04T01:00,16.6,16.0,0.0,0.0,8.13,11.29,100,100
2026-09-04T02:00,16.4,16.2,0.0,0.0,7.41,10.37,98,100
2026-09-04T03:00,16.4,16.2,0.0,0.0,8.52,10.72,100,100
2026-09-04T04:00,16.3,16.2,0.0,0.0,4.65,10.31,100,100
2026-09-04T05:00,16.8,16.2,0.0,1.0,8.57,9.77,100,100
2026-09-04T06:00,17.4,16.4,9.0,15.0,11.6,9.08,100,99
2026-09-04T07:00,17.7,16.7,24.0,52.0,12.03,8.29,100,99
2026-09-04T08:00,17.6,17.2,42.0,83.0,12.8,8.44,98,99
2026-09-04T09:00,17.3,17.2,80.0,93.0,10.45,8.49,100,100
2026-09-04T10:00,17.0,16.9,78.0,60.0,8.43,7.84,100,100
2026-09-04T11:00,17.5,16.9,94.0,96.0,7.96,7.86,100,100
2026-09-04T12:00,18.8,17.3,196.0,136.0,12.45,9.48,100,100
2026-09-04T13:00,19.3,17.3,238.0,126.0,12.11,9.51,100,100
2026-09-04T14:00,19.1,17.3,211.0,105.0,12.33,9.08,100,100
2026-09-04T15:00,19.0,17.2,125.0,91.0,13.62,8.86,100,100
2026-09-04T16:00,18.6,16.9,117.0,60.0,13.14,8.46,100,100
2026-09-04T17:00,18.1,16.7,47.0,38.0,12.99,9.46,100,100
2026-09-04T18:00,17.4,16.9,25.0,12.0,14.08,11.69,100,100
2026-09-04T19:00,16.5,16.5,0.0,0.0,12.43,12.83,100,100
2026-09-04T20:00,16.5,16.3,0.0,0.0,10.95,11.2,100,100
2026-09-04T21:00,15.4,16.1,0.0,0.0,10.51,11.18,100,100
2026-09-04T22:00,14.7,15.9,0.0,0.0,10.88,11.43,46,76
2026-09-04T23:00,14.3,15.0,0.0,0.0,11.96,11.49,83,56
2026-09-05T00:00,14.4,15.0,0.0,0.0,11.28,10.76,52,59
2026-09-05T01:00,14.1,14.7,0.0,0.0,10.74,10.78,9,66
2026-09-05T02:00,13.7,14.3,0.0,0.0,11.17,10.57,16,58
2026-09-05T03:00,13.9,14.0,0.0,0.0,12.75,11.26,98,89
2026-09-05T04:00,14.1,14.0,0.0,0.0,12.09,11.59,98,48
2026-09-05T05:00,14.1,14.0,1.0,2.0,11.23,11.69,100,72
2026-09-05T06:00,14.3,14.4,20.0,41.0,12.47,10.29,97,86
2026-09-05T07:00,14.6,15.1,39.0,105.0,11.03,11.45,100,90
2026-09-05T08:00,14.7,15.6,82.0,188.0,9.61,13.23,100,85
2026-09-05T09:00,15.6,16.5,186.0,314.0,12.66,13.35,98,83
2026-09-05T10:00,16.0,16.9,312.0,384.0,8.96,13.81,97,83
2026-09-05T11:00,16.5,17.4,291.0,462.0,9.11,14.06,95,66
2026-09-05T12:00,16.5,16.2,224.0,383.0,10.55,13.84,99,85
2026-09-05T13:00,16.7,16.3,216.0,324.0,10.5,14.3,70,70
2026-09-05T14:00,17.4,17.0,324.0,428.0,13.9,15.02,93,68
2026-09-05T15:00,17.1,16.9,365.0,363.0,13.87,14.66,92,55
2026-09-05T16:00,16.6,16.2,210.0,266.0,12.86,14.5,86,72
2026-09-05T17:00,16.2,15.9,136.0,130.0,12.49,13.22,71,54
2026-09-05T18:00,15.7,15.0,20.0,28.0,11.01,12.34,95,100
2026-09-05T19:00,15.1,15.3,0.0,0.0,11.83,11.56,35,84
2026-09-05T20:00,14.8,15.2,0.0,0.0,11.32,11.74,3,38
2026-09-05T21:00,14.2,14.9,0.0,0.0,11.89,11.63,0,43
2026-09-05T22:00,14.1,15.0,0.0,0.0,10.7,12.27,0,44
2026-09-05T23:00,13.6,14.9,0.0,0.0,11.09,11.79,7,44
2026-09-06T00:00,13.3,14.8,0.0,0.0,11.71,11.31,1,67
2026-09-06T01:00,12.8,14.5,0.0,0.0,10.08,10.75,6,73
2026-09-06T02:00,12.5,14.2,0.0,0.0,9.45,9.7,67,86
2026-09-06T03:00,12.3,13.7,0.0,0.0,9.24,9.56,50,81
2026-09-06T04:00,12.3,13.7,0.0,0.0,9.14,9.47,57,55
2026-09-06T05:00,11.9,13.4,2.0,2.0,8.21,8.81,5,62
2026-09-06T06:00,12.2,13.5,70.0,74.0,5.49,6.49,0,35
2026-09-06T07:00,13.7,15.0,203.0,198.0,4.52,4.8,28,89
2026-09-06T08:00,15.6,16.6,337.0,290.0,3.81,3.63,45,66
2026-09-06T09:00,17.4,18.0,435.0,436.0,4.8,5.65,82,66
2026-09-06T10:00,17.4,18.7,359.0,549.0,5.21,5.55,100,41
2026-09-06T11:00,17.9,18.9,403.0,580.0,4.22,5.33,67,96
2026-09-06T12:00,19.1,19.1,639.0,556.0,4.37,4.71,97,49
2026-09-06T13:00,19.1,19.4,573.0,588.0,3.92,4.51,76,52
2026-09-06T14:00,19.1,19.4,464.0,476.0,4.16,4.14,22,61
2026-09-06T15:00,19.0,19.2,415.0,366.0,3.5,3.21,99,100
2026-09-06T16:00,18.7,18.9,287.0,225.0,2.59,2.08,98,93
2026-09-06T17:00,17.8,18.5,131.0,136.0,2.72,1.41,96,74
2026-09-06T18:00,16.2,17.3,32.0,29.0,2.54,0.71,100,100
2026-09-06T19:00,14.9,16.2,0.0,0.0,3.58,1.97,100,100
2026-09-06T20:00,14.4,15.5,0.0,0.0,4.8,4.08,100,97
2026-09-06T21:00,14.6,15.1,0.0,0.0,7.09,6.14,100,100
2026-09-06T22:00,14.4,15.1,0.0,0.0,7.89,7.58,92,100
2026-09-06T23:00,14.3,14.9,0.0,0.0,8.28,7.37,100,95
2026-09-07T00:00,13.8,14.9,0.0,0.0,8.86,7.8,98,89
2026-09-07T01:00,13.4,14.7,0.0,0.0,8.83,8.29,75,100
2026-09-07T02:00,12.9,14.5,0.0,0.0,8.52,8.59,39,77
2026-09-07T03:00,12.5,14.2,0.0,0.0,8.4,8.81,56,94
2026-09-07T04:00,12.2,13.7,0.0,0.0,8.58,9.25,100,28
2026-09-07T05:00,12.0,13.3,2.0,2.0,8.61,9.61,93,35
2026-09-07T06:00,12.5,13.4,53.0,60.0,8.63,9.56,99,78
2026-09-07T07:00,14.0,14.7,144.0,172.0,8.27,8.77,95,85
2026-09-07T08:00,15.8,16.2,258.0,245.0,7.58,7.15,100,99
2026-09-07T09:00,17.3,18.1,251.0,396.0,6.14,4.75,100,83
2026-09-07T10:00,18.1,19.6,263.0,413.0,6.27,5.18,100,100
2026-09-07T11:00,18.5,21.0,261.0,465.0,5.38,5.53,100,100
2026-09-07T12:00,21.5,22.4,530.0,545.0,5.69,5.49,60,100
2026-09-07T13:00,22.6,22.9,580.0,393.0,5.71,6.33,9,98
2026-09-07T14:00,23.4,23.8,527.0,438.0,6.12,6.0,38,75
2026-09-07T15:00,22.3,24.0,320.0,379.0,6.61,6.19,0,50
2026-09-07T16:00,22.0,23.1,269.0,231.0,7.56,7.91,100,99
2026-09-07T17:00,21.0,21.9,124.0,58.0,8.84,10.59,100,99
2026-09-07T18:00,19.1,21.6,31.0,28.0,8.27,6.9,41,84
2026-09-07T19:00,18.2,20.9,0.0,0.0,7.77,7.64,100,100
2026-09-07T20:00,17.9,20.6,0.0,0.0,6.45,9.57,100,100
2026-09-07T21:00,18.2,19.9,0.0,0.0,8.33,7.57,100,83
2026-09-07T22:00,17.9,19.0,0.0,0.0,7.54,6.59,95,100
2026-09-07T23:00,17.2,18.8,0.0,0.0,6.63,5.87,100,100
2026-09-08T00:00,17.6,17.5,0.0,0.0,6.58,7.31,99,100
2026-09-08T01:00,17.1,17.4,0.0,0.0,7.35,8.11,100,100
2026-09-08T02:00,17.3,17.2,0.0,0.0,8.84,7.93,97,100
2026-09-08T03:00,17.3,17.1,0.0,0.0,8.31,9.98,99,100
2026-09-08T04:00,17.5,17.3,0.0,0.0,8.97,10.18,100,100
2026-09-08T05:00,17.6,16.9,1.0,1.0,10.06,10.21,95,100
2026-09-08T06:00,17.6,17.2,35.0,33.0,10.88,8.54,100,100
2026-09-08T07:00,17.9,17.4,82.0,72.0,8.83,8.59,100,100
2026-09-08T08:00,18.1,17.4,169.0,93.0,9.73,9.82,100,100
2026-09-08T09:00,18.4,17.9,127.0,186.0,9.15,8.39,100,100
2026-09-08T10:00,19.4,18.8,307.0,318.0,9.02,10.23,97,99
2026-09-08T11:00,19.9,18.9,368.0,319.0,9.46,9.66,100,100
2026-09-08T12:00,19.0,19.2,247.0,282.0,6.96,7.72,100,100
2026-09-08T13:00,18.8,18.4,192.0,156.0,7.36,9.42,100,99
2026-09-08T14:00,18.2,17.6,151.0,110.0,8.03,7.98,99,100
2026-09-08T15:00,18.4,16.2,203.0,54.0,7.51,7.89,100,100
2026-09-08T16:00,17.3,15.6,87.0,36.0,7.97,8.18,100,100
2026-09-08T17:00,16.4,15.2,30.0,24.0,8.32,8.73,100,100
2026-09-08T18:00,15.7,14.9,5.0,6.0,6.99,7.97,100,100
2026-09-08T19:00,15.3,14.6,0.0,0.0,5.68,7.28,100,100
2026-09-08T20:00,15.1,14.6,0.0,0.0,5.9,6.7,100,100
2026-09-08T21:00,15.3,14.6,0.0,0.0,8.18,5.9,100,99
2026-09-08T22:00,15.4,14.7,0.0,0.0,8.7,7.06,100,98
2026-09-08T23:00,15.3,14.8,0.0,0.0,8.66,6.3,100,98
2026-09-09T00:00,14.7,15.0,0.0,0.0,5.36,6.96,92,100
2026-09-09T01:00,14.5,14.6,0.0,0.0,6.7,8.11,98,100
2026-09-09T02:00,14.4,14.4,0.0,0.0,5.11,8.65,95,99
2026-09-09T03:00,14.5,13.9,0.0,0.0,5.55,8.29,91,100
2026-09-09T04:00,14.1,13.4,0.0,0.0,5.92,8.68,77,100
2026-09-09T05:00,13.7,13.0,1.0,1.0,6.84,7.98,74,100
2026-09-09T06:00,13.5,13.3,60.0,63.0,8.51,9.24,59,45
2026-09-09T07:00,14.4,13.8,177.0,179.0,6.96,8.0,85,60
2026-09-09T08:00,15.4,14.9,259.0,271.0,7.23,8.75,61,63
2026-09-09T09:00,16.7,15.9,459.0,330.0,8.88,9.05,78,58
2026-09-09T10:00,17.2,16.7,433.0,423.0,8.72,9.33,81,74
2026-09-09T11:00,17.8,17.5,536.0,491.0,8.82,8.98,87,62
2026-09-09T12:00,18.3,18.1,489.0,379.0,7.42,14.78,90,93
2026-09-09T13:00,16.4,16.9,261.0,327.0,5.03,14.98,75,89
2026-09-09T14:00,15.3,16.8,261.0,301.0,10.09,13.73,100,79
2026-09-09T15:00,16.3,16.6,185.0,280.0,5.06,13.17,96,62
2026-09-09T16:00,16.2,16.2,176.0,214.0,5.04,11.87,74,72
2026-09-09T17:00,15.8,15.8,121.0,119.0,5.56,10.78,39,56
2026-09-09T18:00,14.8,15.4,21.0,23.0,6.34,10.47,100,51
2026-09-09T19:00,14.8,15.1,0.0,0.0,8.77,10.17,100,66
2026-09-09T20:00,14.1,14.4,0.0,0.0,8.94,9.58,98,65
2026-09-09T21:00,13.5,13.7,0.0,0.0,7.99,8.27,92,69
2026-09-09T22:00,13.0,13.7,0.0,0.0,8.82,8.59,41,84
2026-09-09T23:00,12.6,13.3,0.0,0.0,8.83,6.81,100,66
2026-09-10T00:00,12.0,13.2,0.0,0.0,6.59,8.29,8,70
2026-09-10T01:00,11.8,12.9,0.0,0.0,7.27,7.59,48,66
2026-09-10T02:00,11.4,12.6,0.0,0.0,6.76,6.98,100,43
2026-09-10T03:00,12.2,11.9,0.0,0.0,7.81,6.66,5,37
2026-09-10T04:00,11.8,11.4,0.0,0.0,6.82,6.38,100,32
2026-09-10T05:00,11.4,11.4,1.0,1.0,4.03,6.43,73,81
2026-09-10T06:00,11.8,13.1,50.0,42.0,3.86,6.66,13,81
2026-09-10T07:00,13.3,14.3,185.0,148.0,3.14,5.98,66,61
2026-09-10T08:00,13.8,15.4,130.0,292.0,2.95,5.61,78,64
2026-09-10T09:00,16.1,16.8,445.0,379.0,3.06,5.29,0,71
2026-09-10T10:00,17.1,17.6,487.0,485.0,5.49,6.91,67,55
2026-09-10T11:00,17.5,18.2,566.0,580.0,5.8,6.48,3,60
2026-09-10T12:00,17.2,18.5,498.0,501.0,6.69,7.25,55,63
2026-09-10T13:00,17.7,18.3,528.0,464.0,5.47,7.27,27,39
2026-09-10T14:00,17.6,18.8,387.0,542.0,6.35,5.89,80,0
2026-09-10T15:00,17.0,18.4,358.0,413.0,7.1,5.79,6,24
2026-09-10T16:00,16.6,17.6,290.0,290.0,5.14,4.65,0,54
2026-09-10T17:00,15.7,16.7,142.0,137.0,2.38,3.68,5,66
2026-09-10T18:00,14.4,15.2,25.0,23.0,1.57,2.45,5,100
2026-09-10T19:00,13.5,14.2,0.0,0.0,1.25,1.71,61,100
2026-09-10T20:00,12.3,13.0,0.0,0.0,2.95,2.6,20,100
2026-09-10T21:00,12.3,12.6,0.0,0.0,4.63,4.0,79,100
2026-09-10T22:00,11.8,12.5,0.0,0.0,5.51,5.52,100,69
2026-09-10T23:00,11.5,12.1,0.0,0.0,6.32,5.97,100,52
2026-09-11T00:00,11.1,10.8,0.0,0.0,6.82,6.33,0,100
2026-09-11T01:00,10.8,10.8,0.0,0.0,7.53,6.72,31,100
2026-09-11T02:00,10.8,10.7,0.0,0.0,7.08,6.75,73,100
2026-09-11T03:00,10.8,10.5,0.0,0.0,6.5,6.95,13,100
2026-09-11T04:00,10.6,10.3,0.0,0.0,6.72,7.15,65,100
2026-09-11T05:00,10.6,10.2,1.0,1.0,6.88,7.72,94,94
2026-09-11T06:00,10.7,10.7,52.0,47.0,6.75,7.1,73,100
2026-09-11T07:00,12.3,12.4,167.0,156.0,6.36,7.15,33,97
2026-09-11T08:00,14.2,14.4,312.0,299.0,5.59,6.57,100,94
2026-09-11T09:00,15.5,16.2,267.0,398.0,5.19,4.42,98,98
2026-09-11T10:00,16.4,17.5,276.0,438.0,5.99,4.91,100,100
2026-09-11T11:00,17.0,18.0,235.0,341.0,5.92,4.7,100,100
2026-09-11T12:00,16.3,18.0,202.0,431.0,6.02,4.5,100,89
2026-09-11T13:00,16.0,17.9,171.0,310.0,5.03,5.21,96,90
2026-09-11T14:00,15.7,18.3,124.0,307.0,5.56,5.25,99,82
2026-09-11T15:00,17.2,18.0,247.0,229.0,6.74,5.8,99,94
2026-09-11T16:00,16.7,16.8,89.0,79.0,5.87,5.42,100,98
2026-09-11T17:00,15.9,16.4,29.0,41.0,6.31,4.91,100,78
2026-09-11T18:00,15.5,15.5,4.0,13.0,5.75,6.37,96,87
2026-09-11T19:00,14.9,15.3,0.0,0.0,5.49,7.31,93,89
2026-09-11T20:00,14.5,15.1,0.0,0.0,5.77,8.29,83,88
2026-09-11T21:00,14.2,15.0,0.0,0.0,6.17,7.97,90,73
2026-09-11T22:00,14.1,15.0,0.0,0.0,6.13,7.15,71,83
2026-09-11T23:00,14.1,15.3,0.0,0.0,5.56,6.3,92,75
2026-09-12T00:00,14.0,14.2,0.0,0.0,4.75,4.78,100,60
2026-09-12T01:00,14.1,14.2,0.0,0.0,4.52,4.59,69,70
2026-09-12T02:00,13.7,14.3,0.0,0.0,3.78,4.34,72,81
2026-09-12T03:00,12.8,14.4,0.0,0.0,5.8,3.29,80,88
2026-09-12T04:00,12.7,14.5,0.0,0.0,6.01,3.81,67,71
2026-09-12T05:00,12.9,14.0,0.0,0.0,6.39,3.26,100,64
2026-09-12T06:00,13.7,13.8,20.0,37.0,6.72,7.36,100,72
2026-09-12T07:00,14.3,15.2,54.0,128.0,6.14,7.58,87,86
2026-09-12T08:00,15.9,16.4,264.0,256.0,5.27,5.62,70,65
2026-09-12T09:00,17.4,17.2,443.0,356.0,5.71,6.45,85,55
2026-09-12T10:00,18.2,17.9,461.0,423.0,6.56,6.23,87,81
2026-09-12T11:00,18.6,18.3,505.0,426.0,6.45,6.7,96,100
2026-09-12T12:00,19.4,18.4,422.0,355.0,6.58,6.51,100,100
2026-09-12T13:00,19.5,18.7,382.0,359.0,6.73,6.27,100,100
2026-09-12T14:00,19.8,18.5,348.0,268.0,6.38,6.49,100,100
2026-09-12T15:00,19.2,18.5,203.0,162.0,5.33,6.53,100,100
2026-09-12T16:00,18.4,17.5,76.0,59.0,6.49,6.88,100,100
2026-09-12T17:00,17.2,16.5,30.0,21.0,7.1,7.27,100,100
2026-09-12T18:00,16.4,16.6,4.0,4.0,7.67,8.92,100,100
2026-09-12T19:00,16.3,16.3,0.0,0.0,8.53,9.86,100,100
2026-09-12T20:00,16.0,16.0,0.0,0.0,9.0,10.29,100,100
2026-09-12T21:00,15.9,16.0,0.0,0.0,9.46,8.75,100,100
2026-09-12T22:00,16.1,15.8,0.0,0.0,10.81,8.69,100,100
2026-09-12T23:00,15.7,15.5,0.0,0.0,9.45,9.49,100,100
2026-09-13T00:00,15.5,15.8,0.0,0.0,9.01,8.54,100,100
2026-09-13T01:00,15.6,15.4,0.0,0.0,8.04,8.69,100,99
2026-09-13T02:00,15.5,14.9,0.0,0.0,8.0,8.66,100,100
2026-09-13T03:00,15.4,15.1,0.0,0.0,7.33,8.39,96,100
2026-09-13T04:00,15.4,15.2,0.0,0.0,8.17,7.42,100,100
2026-09-13T05:00,15.4,15.3,0.0,0.0,8.72,8.74,94,100
2026-09-13T06:00,15.7,16.0,6.0,18.0,8.05,8.2,100,96
2026-09-13T07:00,16.0,16.8,19.0,68.0,8.25,6.73,100,100
2026-09-13T08:00,16.8,17.7,45.0,104.0,7.82,7.8,100,98
2026-09-13T09:00,18.5,18.5,122.0,235.0,7.9,6.09,99,92
2026-09-13T10:00,18.8,18.9,187.0,297.0,6.86,6.77,100,85
2026-09-13T11:00,18.0,18.7,104.0,236.0,7.15,6.88,100,100
2026-09-13T12:00,19.6,19.2,221.0,212.0,6.79,7.64,100,100
2026-09-13T13:00,20.0,18.7,321.0,174.0,6.76,7.98,100,100
2026-09-13T14:00,19.5,18.5,249.0,163.0,6.86,7.36,100,100
2026-09-13T15:00,17.3,18.2,69.0,102.0,7.79,6.96,100,100
2026-09-13T16:00,16.3,18.1,54.0,90.0,8.82,6.4,100,100
2026-09-13T17:00,15.5,17.8,20.0,48.0,8.77,5.98,100,100
2026-09-13T18:00,15.0,14.7,2.0,12.0,7.43,8.4,97,100
2026-09-13T19:00,14.1,13.5,0.0,0.0,7.02,7.97,80,80
2026-09-13T20:00,12.8,12.7,0.0,0.0,7.56,7.7,93,69
2026-09-13T21:00,11.8,12.4,0.0,0.0,7.2,6.88,19,61
2026-09-13T22:00,10.9,11.9,0.0,0.0,6.69,5.92,14,72
2026-09-13T23:00,10.5,11.9,0.0,0.0,6.82,3.82,0,80
2026-09-14T00:00,10.4,11.8,0.0,0.0,6.09,6.21,62,47
2026-09-14T01:00,10.7,11.6,0.0,0.0,5.11,5.96,100,83
2026-09-14T02:00,10.8,11.6,0.0,0.0,3.6,5.53,100,78
2026-09-14T03:00,11.3,11.6,0.0,0.0,4.04,3.9,85,93
2026-09-14T04:00,10.9,11.9,0.0,0.0,2.91,4.31,97,69
2026-09-14T05:00,11.0,11.2,0.0,0.0,2.55,3.71,62,94
2026-09-14T06:00,11.4,11.6,35.0,28.0,2.16,3.44,100,100
2026-09-14T07:00,13.2,12.6,111.0,88.0,2.15,5.11,100,95
2026-09-14T08:00,14.6,14.4,162.0,208.0,2.91,4.21,100,99
2026-09-14T09:00,15.4,15.7,236.0,267.0,2.91,3.4,100,89
2026-09-14T10:00,16.1,16.8,328.0,418.0,3.44,3.65,100,92
2026-09-14T11:00,16.9,17.2,379.0,421.0,3.63,3.8,100,88
2026-09-14T12:00,17.4,18.2,445.0,455.0,2.73,3.59,88,83
2026-09-14T13:00,17.5,18.7,391.0,444.0,3.29,3.61,92,94
2026-09-14T14:00,17.6,18.7,325.0,337.0,3.23,3.12,98,87
2026-09-14T15:00,17.5,19.0,307.0,316.0,3.0,3.15,69,61
2026-09-14T16:00,17.3,18.8,217.0,229.0,2.29,4.08,85,54
2026-09-14T17:00,16.6,18.1,97.0,98.0,1.47,4.19,100,100
2026-09-14T18:00,14.9,15.8,13.0,14.0,2.17,3.27,25,44
2026-09-14T19:00,13.4,14.6,0.0,0.0,3.07,4.68,20,8
2026-09-14T20:00,12.7,14.1,0.0,0.0,4.47,5.57,62,33
2026-09-14T21:00,12.6,13.8,0.0,0.0,6.58,6.69,54,24
2026-09-14T22:00,12.7,13.8,0.0,0.0,7.6,7.72,99,56
2026-09-14T23:00,13.3,13.9,0.0,0.0,7.94,8.04,97,88
2026-09-15T00:00,13.0,13.5,0.0,0.0,7.95,8.43,82,53
2026-09-15T01:00,13.2,13.4,0.0,0.0,7.43,8.54,93,58
2026-09-15T02:00,13.7,13.3,0.0,0.0,7.3,8.4,85,81
2026-09-15T03:00,14.7,13.6,0.0,0.0,7.54,8.23,87,82
2026-09-15T04:00,14.6,13.7,0.0,0.0,6.94,8.09,95,89
2026-09-15T05:00,14.6,13.8,0.0,0.0,6.4,7.77,100,59
2026-09-15T06:00,15.4,14.6,20.0,30.0,7.64,8.84,100,79
2026-09-15T07:00,16.3,16.0,48.0,104.0,7.01,8.72,100,93
2026-09-15T08:00,17.3,17.4,98.0,156.0,6.08,7.89,87,95
2026-09-15T09:00,19.9,18.8,247.0,204.0,7.07,6.54,94,88
2026-09-15T10:00,21.5,20.7,267.0,365.0,7.41,6.01,91,66
2026-09-15T11:00,22.8,22.6,399.0,511.0,7.05,6.19,86,60
2026-09-15T12:00,23.6,23.8,441.0,436.0,7.56,7.64,81,80
2026-09-15T13:00,24.2,23.7,405.0,284.0,8.46,7.98,93,99
2026-09-15T14:00,23.7,23.9,256.0,245.0,7.05,8.35,97,99
2026-09-15T15:00,24.2,24.0,237.0,243.0,7.56,7.09,100,100
2026-09-15T16:00,23.4,23.1,156.0,115.0,5.83,6.72,100,96
2026-09-15T17:00,21.8,22.2,55.0,67.0,4.43,7.02,100,100
2026-09-15T18:00,20.3,20.9,8.0,6.0,4.23,3.97,100,100
2026-09-15T19:00,19.0,19.5,0.0,0.0,3.77,4.87,100,100
2026-09-15T20:00,18.4,18.8,0.0,0.0,2.82,5.89,99,100
2026-09-15T21:00,18.0,18.2,0.0,0.0,6.32,6.88,100,100
2026-09-15T22:00,17.6,17.6,0.0,0.0,5.49,6.68,100,100
2026-09-15T23:00,17.3,16.4,0.0,0.0,5.89,6.24,100,89
2026-09-16T00:00,16.5,17.7,0.0,0.0,5.35,6.73,100,91
2026-09-16T01:00,16.4,16.8,0.0,0.0,5.6,6.4,100,87
2026-09-16T02:00,16.1,15.6,0.0,0.0,4.65,5.88,100,72
2026-09-16T03:00,15.8,15.1,0.0,0.0,5.68,6.25,99,84
2026-09-16T04:00,14.8,14.9,0.0,0.0,4.55,6.51,100,53
2026-09-16T05:00,14.4,14.5,0.0,0.0,3.69,7.15,97,53
2026-09-16T06:00,14.2,14.6,35.0,36.0,4.3,7.98,100,100
2026-09-16T07:00,15.7,15.4,128.0,137.0,5.11,7.13,100,100
2026-09-16T08:00,17.1,16.4,263.0,282.0,4.34,5.83,26,97
2026-09-16T09:00,17.8,17.5,391.0,384.0,5.85,7.75,87,64
2026-09-16T10:00,17.5,17.9,321.0,417.0,7.35,8.82,100,69
2026-09-16T11:00,17.2,17.4,190.0,398.0,6.58,8.73,94,77
2026-09-16T12:00,17.8,18.1,286.0,483.0,7.36,7.84,81,59
2026-09-16T13:00,17.9,17.8,313.0,423.0,6.89,8.49,99,78
2026-09-16T14:00,17.2,17.4,216.0,391.0,8.19,8.19,84,74
2026-09-16T15:00,17.8,17.0,265.0,296.0,8.98,7.9,39,57
2026-09-16T16:00,16.9,16.7,208.0,205.0,7.8,7.56,14,62
2026-09-16T17:00,15.9,15.9,102.0,87.0,7.49,7.38,96,60
2026-09-16T18:00,15.1,14.8,5.0,10.0,7.6,7.65,100,54
2026-09-16T19:00,14.2,13.9,0.0,0.0,5.99,7.15,0,36
2026-09-16T20:00,13.4,13.3,0.0,0.0,6.77,7.55,96,55
2026-09-16T21:00,13.0,13.1,0.0,0.0,8.37,8.09,53,59
2026-09-16T22:00,12.9,12.8,0.0,0.0,8.84,8.79,81,61
2026-09-16T23:00,12.6,12.7,0.0,0.0,9.02,9.73,79,67
2026-09-17T00:00,12.8,12.8,0.0,0.0,9.47,9.46,86,75
2026-09-17T01:00,12.5,12.7,0.0,0.0,10.03,9.47,41,65
2026-09-17T02:00,12.6,12.5,0.0,0.0,9.73,8.5,78,86
2026-09-17T03:00,12.2,12.4,0.0,0.0,9.35,7.83,78,99
2026-09-17T04:00,11.9,12.1,0.0,0.0,9.17,8.05,74,98
2026-09-17T05:00,11.6,12.1,0.0,0.0,8.95,8.34,100,99
2026-09-17T06:00,12.1,12.1,25.0,19.0,7.71,8.2,100,100
2026-09-17T07:00,12.5,13.0,61.0,49.0,7.65,10.3,100,100
2026-09-17T08:00,13.2,14.3,66.0,96.0,8.01,11.03,100,98
2026-09-17T09:00,15.1,15.5,159.0,170.0,11.0,9.85,99,99
2026-09-17T10:00,16.4,16.0,322.0,255.0,9.25,10.84,99,97
2026-09-17T11:00,16.1,16.2,224.0,246.0,11.09,10.11,100,99
2026-09-17T12:00,17.1,16.9,302.0,232.0,11.72,11.09,100,98
2026-09-17T13:00,16.7,16.9,195.0,209.0,11.02,12.68,100,98
2026-09-17T14:00,16.2,16.8,122.0,192.0,10.76,11.13,100,99
2026-09-17T15:00,16.5,16.5,136.0,143.0,10.63,10.76,100,100
2026-09-17T16:00,15.8,15.6,76.0,43.0,10.68,10.27,100,100
2026-09-17T17:00,15.1,15.3,20.0,14.0,10.09,11.66,100,100
2026-09-17T18:00,14.9,15.3,2.0,2.0,10.97,10.13,100,100
2026-09-17T19:00,14.6,14.9,0.0,0.0,11.53,11.0,100,100
2026-09-17T20:00,14.5,14.6,0.0,0.0,10.62,11.31,100,100
2026-09-17T21:00,14.3,14.7,0.0,0.0,10.67,12.29,100,95
2026-09-17T22:00,14.2,14.6,0.0,0.0,9.37,10.78,100,81
2026-09-17T23:00,14.1,14.2,0.0,0.0,9.18,9.9,95,85
2026-09-18T00:00,13.2,13.8,0.0,0.0,8.97,9.21,82,52
2026-09-18T01:00,13.2,13.2,0.0,0.0,8.22,8.02,95,52
2026-09-18T02:00,13.1,12.6,0.0,0.0,7.97,8.51,88,56
2026-09-18T03:00,12.8,12.2,0.0,0.0,8.73,8.62,100,85
2026-09-18T04:00,12.6,11.9,0.0,0.0,9.35,8.96,96,100
2026-09-18T05:00,12.8,11.8,0.0,0.0,9.49,9.35,98,65
2026-09-18T06:00,12.9,12.7,14.0,27.0,9.46,8.76,100,85
2026-09-18T07:00,13.5,13.2,69.0,112.0,9.01,8.86,99,79
2026-09-18T08:00,14.4,14.6,165.0,186.0,9.06,9.32,100,59
2026-09-18T09:00,15.8,15.8,317.0,321.0,9.91,10.09,97,51
2026-09-18T10:00,16.3,16.2,380.0,388.0,10.38,9.79,100,69
2026-09-18T11:00,17.4,16.7,428.0,417.0,10.5,9.27,92,75
2026-09-18T12:00,18.1,16.6,504.0,396.0,9.68,9.27,27,74
2026-09-18T13:00,15.6,17.4,176.0,416.0,11.19,10.51,90,68
2026-09-18T14:00,16.6,17.4,241.0,402.0,9.29,10.4,27,66
2026-09-18T15:00,17.2,17.3,249.0,323.0,10.49,9.92,100,51
2026-09-18T16:00,16.0,16.8,88.0,213.0,9.39,9.22,77,48
2026-09-18T17:00,15.5,15.9,60.0,87.0,7.46,8.64,100,74
2026-09-18T18:00,14.8,15.0,6.0,7.0,8.9,8.79,100,93
2026-09-18T19:00,13.9,14.5,0.0,0.0,8.86,9.43,100,100
2026-09-18T20:00,13.3,14.2,0.0,0.0,8.74,10.62,100,100
2026-09-18T21:00,12.9,14.2,0.0,0.0,9.07,10.87,100,100
2026-09-18T22:00,12.8,14.0,0.0,0.0,9.22,10.37,75,82
2026-09-18T23:00,12.7,13.8,0.0,0.0,9.86,10.28,84,85
2026-09-19T00:00,12.8,13.7,0.0,0.0,10.07,11.73,90,90
2026-09-19T01:00,13.0,13.8,0.0,0.0,10.84,11.35,82,97
2026-09-19T02:00,13.2,13.9,0.0,0.0,10.67,11.41,100,98
2026-09-19T03:00,13.3,14.1,0.0,0.0,10.87,11.36,100,99
2026-09-19T04:00,13.5,14.4,0.0,0.0,11.26,11.63,100,100
2026-09-19T05:00,13.5,14.5,0.0,0.0,10.95,11.46,100,98
2026-09-19T06:00,13.8,14.3,6.0,6.0,10.8,10.76,100,99
2026-09-19T07:00,14.3,14.4,32.0,34.0,10.79,10.82,100,100
2026-09-19T08:00,14.6,14.6,53.0,54.0,11.04,11.17,100,100
2026-09-19T09:00,15.0,15.0,59.0,69.0,11.01,10.69,100,97
2026-09-19T10:00,15.8,15.8,97.0,87.0,10.99,10.84,99,100
2026-09-19T11:00,16.0,16.8,92.0,203.0,11.05,11.14,100,98
2026-09-19T12:00,16.4,17.8,69.0,150.0,11.67,12.59,100,100
2026-09-19T13:00,17.4,17.9,127.0,130.0,11.94,11.73,99,100
2026-09-19T14:00,18.1,18.1,136.0,107.0,10.95,12.15,99,96
2026-09-19T15:00,18.2,17.6,89.0,46.0,12.19,11.36,100,98
2026-09-19T16:00,18.2,17.8,55.0,39.0,12.13,11.43,97,94
2026-09-19T17:00,18.1,18.0,22.0,22.0,12.02,11.06,95,98
2026-09-19T18:00,18.1,18.4,1.0,2.0,12.33,11.51,100,100
2026-09-19T19:00,17.8,18.2,0.0,0.0,11.78,11.57,100,100
2026-09-19T20:00,17.7,18.2,0.0,0.0,11.75,11.16,100,100
2026-09-19T21:00,17.4,18.0,0.0,0.0,12.97,11.57,100,100
2026-09-19T22:00,17.2,17.9,0.0,0.0,12.46,12.8,100,100
2026-09-19T23:00,17.1,17.5,0.0,0.0,12.47,11.43,99,100
2026-09-20T00:00,17.0,17.5,0.0,0.0,10.26,12.08,100,100
2026-09-20T01:00,16.9,17.2,0.0,0.0,9.42,10.47,100,100
2026-09-20T02:00,16.8,17.0,0.0,0.0,9.05,9.77,100,97
2026-09-20T03:00,16.6,16.8,0.0,0.0,9.73,9.93,89,97
2026-09-20T04:00,16.2,16.4,0.0,0.0,8.81,10.96,96,83
2026-09-20T05:00,16.1,16.1,0.0,0.0,10.22,10.83,84,91
2026-09-20T06:00,16.2,15.9,15.0,16.0,9.2,10.61,100,90
2026-09-20T07:00,16.1,15.9,26.0,44.0,10.39,9.25,100,83
2026-09-20T08:00,16.4,16.2,79.0,143.0,11.09,10.92,94,82
2026-09-20T09:00,16.8,16.8,274.0,272.0,11.04,12.74,74,64
2026-09-20T10:00,16.9,17.0,259.0,392.0,10.58,14.89,84,61
2026-09-20T11:00,15.9,17.5,280.0,430.0,11.3,16.07,66,46
2026-09-20T12:00,16.5,16.2,366.0,435.0,13.73,15.59,80,83
2026-09-20T13:00,15.8,15.4,359.0,440.0,12.88,14.63,47,51
2026-09-20T14:00,15.1,14.9,209.0,357.0,14.01,14.24,67,83
2026-09-20T15:00,16.3,14.8,289.0,236.0,15.72,14.17,11,67
2026-09-20T16:00,15.9,14.2,182.0,161.0,14.31,12.67,35,82
2026-09-20T17:00,15.6,13.8,44.0,54.0,14.41,12.43,27,75
2026-09-20T18:00,14.5,13.7,4.0,3.0,12.64,11.96,94,74
2026-09-20T19:00,14.3,14.0,0.0,0.0,13.45,12.37,100,66
2026-09-20T20:00,13.8,13.8,0.0,0.0,12.2,12.21,96,54
2026-09-20T21:00,13.9,13.6,0.0,0.0,11.82,12.09,100,76
2026-09-20T22:00,13.9,13.6,0.0,0.0,10.65,12.16,84,69
2026-09-20T23:00,13.6,13.6,0.0,0.0,11.09,12.06,80,80
2026-09-21T00:00,14.3,13.8,0.0,0.0,14.46,12.88,97,79
2026-09-21T01:00,14.0,13.6,0.0,0.0,12.8,13.02,39,87
2026-09-21T02:00,13.8,13.6,0.0,0.0,13.25,13.24,81,72
2026-09-21T03:00,13.7,13.5,0.0,0.0,12.96,13.09,93,72
2026-09-21T04:00,13.3,13.5,0.0,0.0,11.57,12.72,100,71
2026-09-21T05:00,12.9,13.4,0.0,0.0,11.14,12.17,100,60
2026-09-21T06:00,12.7,13.6,23.0,23.0,11.17,10.96,14,100
2026-09-21T07:00,13.8,14.2,139.0,92.0,12.57,10.38,67,100
2026-09-21T08:00,14.9,15.0,229.0,164.0,12.43,10.97,28,100
2026-09-21T09:00,15.7,15.7,343.0,241.0,12.9,10.1,88,100
2026-09-21T10:00,16.3,16.4,429.0,340.0,13.16,10.95,100,100
2026-09-21T11:00,16.6,16.5,496.0,370.0,14.55,11.57,100,100
2026-09-21T12:00,17.1,16.5,499.0,288.0,12.91,11.46,99,100
2026-09-21T13:00,17.0,16.5,461.0,263.0,12.89,12.39,70,100
2026-09-21T14:00,16.6,16.2,378.0,224.0,11.99,11.99,95,99
2026-09-21T15:00,16.0,15.9,283.0,130.0,10.78,11.64,100,100
2026-09-21T16:00,15.2,15.4,168.0,74.0,9.54,10.57,100,94
2026-09-21T17:00,14.2,14.8,60.0,46.0,8.25,9.76,100,94
2026-09-21T18:00,11.9,14.2,3.0,3.0,8.46,9.03,4,76
2026-09-21T19:00,10.6,13.7,0.0,0.0,7.67,8.38,7,82
2026-09-21T20:00,9.9,13.6,0.0,0.0,7.55,8.31,3,95
2026-09-21T21:00,9.9,13.4,0.0,0.0,9.35,8.59,0,89
2026-09-21T22:00,9.2,13.2,0.0,0.0,8.15,8.47,12,80
2026-09-21T23:00,8.8,13.2,0.0,0.0,8.02,8.52,10,90
2026-09-22T00:00,8.1,12.3,0.0,0.0,7.26,8.26,40,57
2026-09-22T01:00,7.7,11.9,0.0,0.0,6.21,7.75,26,66
2026-09-22T02:00,7.5,11.6,0.0,0.0,5.86,7.26,66,91
2026-09-22T03:00,7.8,11.6,0.0,0.0,5.59,6.32,98,78
2026-09-22T04:00,7.8,11.1,0.0,0.0,5.0,5.61,67,44
2026-09-22T05:00,7.6,10.9,0.0,0.0,4.65,4.68,55,62
2026-09-22T06:00,8.0,10.3,24.0,23.0,4.46,3.97,23,68
2026-09-22T07:00,9.9,11.9,129.0,124.0,3.87,3.35,17,61
2026-09-22T08:00,12.4,13.5,268.0,249.0,2.6,1.74,8,60
2026-09-22T09:00,14.1,14.8,397.0,372.0,2.08,1.93,0,56
2026-09-22T10:00,15.1,15.7,494.0,440.0,3.05,2.59,13,76
2026-09-22T11:00,15.9,16.2,537.0,403.0,3.54,3.51,49,79
2026-09-22T12:00,16.5,17.0,511.0,533.0,3.67,3.1,57,62
2026-09-22T13:00,16.7,17.2,446.0,488.0,3.88,3.97,74,66
2026-09-22T14:00,16.5,17.2,330.0,385.0,3.53,4.12,80,76
2026-09-22T15:00,16.4,16.7,287.0,281.0,3.83,4.09,59,76
2026-09-22T16:00,15.6,16.1,189.0,168.0,3.92,4.16,10,68
2026-09-22T17:00,13.8,15.0,69.0,63.0,4.38,4.23,2,70
2026-09-22T18:00,12.7,13.9,2.0,2.0,4.51,4.25,0,56
2026-09-22T19:00,11.6,12.9,0.0,0.0,4.53,4.34,0,27
2026-09-22T20:00,10.9,12.2,0.0,0.0,3.75,3.67,0,29
2026-09-22T21:00,10.6,11.6,0.0,0.0,2.2,2.77,20,29
2026-09-22T22:00,10.5,11.3,0.0,0.0,1.21,1.95,7,34
2026-09-22T23:00,10.3,11.1,0.0,0.0,0.28,1.41,0,39
2026-09-23T00:00,9.9,12.0,0.0,0.0,0.71,2.02,0,82
2026-09-23T01:00,8.9,12.2,0.0,0.0,1.62,2.72,35,88
2026-09-23T02:00,8.3,12.4,0.0,0.0,2.2,2.94,100,94
2026-09-23T03:00,7.7,12.6,0.0,0.0,2.49,3.23,100,96
2026-09-23T04:00,7.4,12.8,0.0,0.0,2.85,2.83,100,95
2026-09-23T05:00,7.4,12.9,0.0,0.0,3.05,2.85,100,94
2026-09-23T06:00,8.9,11.4,11.0,13.0,3.41,3.04,97,92
2026-09-23T07:00,10.5,12.5,107.0,69.0,3.14,3.57,72,96
2026-09-23T08:00,12.2,13.5,188.0,104.0,3.03,3.97,96,97
2026-09-23T09:00,13.9,14.4,275.0,133.0,2.55,3.95,99,97
2026-09-23T10:00,14.6,15.3,246.0,167.0,2.73,3.48,100,94
2026-09-23T11:00,15.2,16.4,262.0,224.0,3.26,4.0,100,94
2026-09-23T12:00,16.0,17.4,280.0,361.0,3.66,5.06,93,99
2026-09-23T13:00,16.7,18.2,299.0,289.0,4.12,5.62,99,100
2026-09-23T14:00,17.1,17.5,275.0,200.0,4.43,6.31,77,100
2026-09-23T15:00,17.5,17.4,185.0,149.0,4.89,6.61,100,100
2026-09-23T16:00,17.0,17.0,101.0,76.0,5.39,6.22,100,100
2026-09-23T17:00,16.2,16.6,28.0,27.0,6.3,7.85,100,100
2026-09-23T18:00,15.3,16.1,1.0,0.0,8.39,8.86,85,95
2026-09-23T19:00,15.3,15.8,0.0,0.0,9.57,10.1,100,97
2026-09-23T20:00,14.0,15.3,0.0,0.0,10.23,11.06,100,100
2026-09-23T21:00,14.2,14.9,0.0,0.0,10.14,10.32,100,100
2026-09-23T22:00,15.1,14.4,0.0,0.0,11.79,10.3,93,100
2026-09-23T23:00,14.5,14.8,0.0,0.0,11.09,12.52,100,100
2026-09-24T00:00,13.8,13.0,0.0,0.0,12.33,6.31,90,100
2026-09-24T01:00,13.1,12.5,0.0,0.0,12.34,4.57,87,100
2026-09-24T02:00,12.6,12.2,0.0,0.0,11.88,3.95,100,97
2026-09-24T03:00,12.7,12.0,0.0,0.0,10.43,3.37,100,95
2026-09-24T04:00,11.9,12.1,0.0,0.0,11.63,3.38,0,100
2026-09-24T05:00,11.4,12.3,0.0,0.0,11.71,3.37,100,93
2026-09-24T06:00,12.9,13.7,18.0,4.0,13.46,12.96,46,100
2026-09-24T07:00,13.1,13.8,60.0,18.0,11.87,12.25,100,99
2026-09-24T08:00,14.0,14.1,92.0,61.0,14.42,10.91,100,95
2026-09-24T09:00,13.3,14.5,35.0,108.0,13.4,10.33,100,99
2026-09-24T10:00,13.6,14.8,59.0,139.0,14.46,10.06,100,91
2026-09-24T11:00,13.9,15.3,91.0,208.0,13.27,9.91,100,95
2026-09-24T12:00,14.4,14.9,138.0,134.0,12.17,12.04,100,99
2026-09-24T13:00,14.6,14.8,144.0,145.0,11.08,11.77,97,99
2026-09-24T14:00,14.6,14.7,192.0,91.0,11.87,11.08,97,99
2026-09-24T15:00,14.4,14.7,125.0,98.0,12.2,10.42,93,98
2026-09-24T16:00,14.0,14.5,69.0,72.0,10.79,10.13,95,100
2026-09-24T17:00,13.6,14.0,26.0,16.0,9.87,9.9,98,99
2026-09-24T18:00,13.5,14.1,1.0,0.0,9.23,9.43,100,98
2026-09-24T19:00,13.2,13.9,0.0,0.0,9.28,9.27,90,100
2026-09-24T20:00,12.9,13.7,0.0,0.0,8.45,8.53,84,88
2026-09-24T21:00,12.8,13.5,0.0,0.0,8.8,8.43,95,87
2026-09-24T22:00,12.5,13.3,0.0,0.0,7.97,8.31,100,91
2026-09-24T23:00,12.3,13.2,0.0,0.0,8.05,8.52,95,94
2026-09-25T00:00,10.8,11.9,0.0,0.0,5.22,7.26,65,92
2026-09-25T01:00,11.0,11.6,0.0,0.0,5.74,6.74,75,87
2026-09-25T02:00,10.6,11.7,0.0,0.0,4.82,5.6,61,87
2026-09-25T03:00,10.2,11.1,0.0,0.0,4.08,4.95,17,81
2026-09-25T04:00,9.5,10.6,0.0,0.0,3.94,4.57,91,85
2026-09-25T05:00,9.3,10.1,0.0,0.0,4.26,3.82,88,84
2026-09-25T06:00,9.2,10.3,17.0,17.0,4.25,3.33,71,77
2026-09-25T07:00,10.7,11.4,110.0,113.0,5.24,3.92,76,65
2026-09-25T08:00,12.3,12.6,241.0,215.0,4.69,5.36,26,87
2026-09-25T09:00,13.7,13.5,357.0,256.0,4.65,4.69,97,95
2026-09-25T10:00,14.9,14.9,453.0,372.0,4.95,4.49,100,63
2026-09-25T11:00,15.7,15.8,522.0,494.0,4.48,3.77,45,55
2026-09-25T12:00,16.1,16.9,492.0,539.0,4.51,4.37,23,35
2026-09-25T13:00,16.6,17.5,495.0,520.0,4.08,4.22,13,18
2026-09-25T14:00,16.7,17.7,422.0,453.0,3.89,4.17,13,3
2026-09-25T15:00,16.5,17.6,310.0,340.0,3.72,4.04,18,0
2026-09-25T16:00,15.7,16.9,185.0,202.0,3.6,3.65,0,0
2026-09-25T17:00,13.9,15.2,58.0,64.0,3.18,3.41,0,0
2026-09-25T18:00,12.2,13.6,1.0,1.0,3.57,2.39,0,0
2026-09-25T19:00,11.3,11.8,0.0,0.0,4.4,3.02,0,0
2026-09-25T20:00,10.8,10.9,0.0,0.0,5.48,3.99,0,0
2026-09-25T21:00,10.2,10.4,0.0,0.0,6.04,4.87,0,0
2026-09-25T22:00,9.8,10.2,0.0,0.0,6.4,5.66,0,0
2026-09-25T23:00,9.6,9.9,0.0,0.0,6.44,6.39,0,0
2026-09-26T00:00,9.8,10.1,0.0,0.0,6.86,6.24,0,87
2026-09-26T01:00,9.7,9.8,0.0,0.0,7.28,6.31,54,71
2026-09-26T02:00,9.9,9.6,0.0,0.0,7.14,6.14,89,28
2026-09-26T03:00,10.4,9.4,0.0,0.0,6.79,5.98,98,21
2026-09-26T04:00,10.8,9.3,0.0,0.0,6.8,5.38,100,100
2026-09-26T05:00,10.9,9.4,0.0,0.0,6.24,5.22,100,100
2026-09-26T06:00,11.3,11.3,6.0,6.0,7.12,6.39,100,100
2026-09-26T07:00,12.1,11.8,38.0,25.0,6.27,5.96,100,99
2026-09-26T08:00,13.0,12.3,55.0,54.0,3.46,5.92,100,100
2026-09-26T09:00,14.7,12.6,119.0,64.0,2.94,5.53,96,100
2026-09-26T10:00,15.7,14.0,211.0,167.0,2.97,4.41,99,92
2026-09-26T11:00,17.2,16.0,424.0,324.0,2.41,3.19,95,95
2026-09-26T12:00,17.3,16.4,349.0,243.0,2.53,2.07,99,100
2026-09-26T13:00,17.7,17.8,318.0,293.0,2.66,3.68,97,82
2026-09-26T14:00,18.1,18.1,321.0,325.0,2.26,4.37,100,88
2026-09-26T15:00,18.5,17.3,227.0,218.0,2.54,5.05,100,28
2026-09-26T16:00,17.8,16.8,148.0,187.0,2.29,4.16,100,18
2026-09-26T17:00,16.1,15.0,50.0,56.0,3.19,4.86,100,33
2026-09-26T18:00,14.0,13.6,1.0,0.0,3.11,4.81,29,25
2026-09-26T19:00,12.3,12.4,0.0,0.0,4.84,4.62,100,1
2026-09-26T20:00,11.6,11.7,0.0,0.0,5.33,4.09,100,0
2026-09-26T21:00,11.3,11.0,0.0,0.0,4.05,3.82,100,0
2026-09-26T22:00,10.7,10.3,0.0,0.0,5.15,3.88,48,3
2026-09-26T23:00,10.5,9.7,0.0,0.0,6.01,4.34,48,22
2026-09-27T00:00,9.9,10.0,0.0,0.0,6.49,5.25,84,2
2026-09-27T01:00,9.7,9.8,0.0,0.0,6.81,6.08,31,24
2026-09-27T02:00,9.6,10.0,0.0,0.0,7.44,7.35,50,37
2026-09-27T03:00,9.7,10.1,0.0,0.0,7.84,8.28,100,69
2026-09-27T04:00,10.1,10.4,0.0,0.0,8.94,9.1,71,60
2026-09-27T05:00,10.4,10.3,0.0,0.0,9.86,9.54,87,49
2026-09-27T06:00,10.9,11.4,14.0,11.0,9.84,10.11,97,89
2026-09-27T07:00,12.1,12.3,93.0,69.0,9.43,10.19,75,88
2026-09-27T08:00,14.2,13.8,216.0,171.0,8.1,7.98,65,78
2026-09-27T09:00,16.1,15.4,323.0,282.0,8.11,8.31,38,73
2026-09-27T10:00,17.4,16.7,356.0,333.0,8.15,8.3,75,64
2026-09-27T11:00,18.5,18.4,344.0,377.0,7.92,9.16,100,55
2026-09-27T12:00,20.3,20.4,430.0,377.0,7.85,8.86,87,56
2026-09-27T13:00,21.4,21.3,420.0,404.0,7.98,8.99,80,48
2026-09-27T14:00,22.0,21.6,374.0,364.0,9.35,9.35,100,47
2026-09-27T15:00,22.4,21.4,280.0,284.0,9.47,9.96,97,18
2026-09-27T16:00,21.3,20.5,150.0,164.0,11.03,10.85,70,34
2026-09-27T17:00,19.9,19.1,44.0,45.0,12.54,11.26,61,90
2026-09-27T18:00,18.7,18.7,0.0,0.0,13.24,12.86,66,50
2026-09-27T19:00,17.9,18.0,0.0,0.0,13.56,13.99,93,33
2026-09-27T20:00,17.3,17.3,0.0,0.0,13.37,13.04,65,90
2026-09-27T21:00,16.2,16.8,0.0,0.0,11.93,11.7,74,78
2026-09-27T22:00,15.6,16.0,0.0,0.0,10.35,10.86,100,100
2026-09-27T23:00,14.5,15.4,0.0,0.0,7.4,9.72,100,46
2026-09-28T00:00,13.7,15.0,0.0,0.0,6.99,9.05,88,100
2026-09-28T01:00,13.2,15.0,0.0,0.0,7.06,8.36,81,100
2026-09-28T02:00,13.0,14.9,0.0,0.0,6.86,7.27,81,98
2026-09-28T03:00,12.6,14.8,0.0,0.0,5.6,6.69,96,92
2026-09-28T04:00,12.5,14.9,0.0,0.0,4.88,6.18,86,100
2026-09-28T05:00,12.7,14.9,0.0,0.0,4.29,4.26,96,95
2026-09-28T06:00,12.4,14.6,8.0,6.0,4.03,1.5,100,96
2026-09-28T07:00,13.6,15.5,69.0,58.0,4.13,3.29,100,95
2026-09-28T08:00,15.6,16.9,179.0,149.0,3.2,4.37,100,100
2026-09-28T09:00,18.5,18.2,319.0,219.0,3.46,3.61,92,91
2026-09-28T10:00,20.3,19.4,376.0,299.0,3.2,2.76,100,92
2026-09-28T11:00,21.5,20.3,398.0,376.0,3.41,4.61,100,88
2026-09-28T12:00,22.0,20.5,429.0,171.0,3.27,0.9,100,95
2026-09-28T13:00,22.4,20.9,383.0,253.0,3.83,1.25,100,100
2026-09-28T14:00,21.9,21.1,243.0,245.0,2.84,0.98,100,100
2026-09-28T15:00,22.0,21.1,174.0,171.0,3.1,0.75,100,100
2026-09-28T16:00,21.0,20.4,80.0,85.0,3.38,1.06,100,100
2026-09-28T17:00,19.3,19.4,28.0,26.0,4.56,1.64,100,100
2026-09-28T18:00,17.9,18.4,0.0,0.0,4.03,2.95,100,87
2026-09-28T19:00,17.3,17.6,0.0,0.0,4.41,3.69,100,85
2026-09-28T20:00,17.0,17.2,0.0,0.0,4.71,3.95,100,96
2026-09-28T21:00,17.0,17.1,0.0,0.0,6.43,5.33,100,100
2026-09-28T22:00,16.9,16.7,0.0,0.0,6.38,4.88,99,100
2026-09-28T23:00,16.4,16.4,0.0,0.0,7.12,5.76,91,100
2026-09-29T00:00,16.2,16.3,0.0,0.0,3.67,5.85,100,100
2026-09-29T01:00,16.1,16.1,0.0,0.0,4.16,5.71,100,100
2026-09-29T02:00,16.1,16.0,0.0,0.0,5.19,5.84,100,100
2026-09-29T03:00,16.0,15.8,0.0,0.0,7.26,5.87,98,100
2026-09-29T04:00,15.8,15.5,0.0,0.0,7.73,6.57,100,100
2026-09-29T05:00,15.6,15.4,0.0,0.0,7.38,7.35,100,100
2026-09-29T06:00,15.1,15.5,9.0,9.0,8.13,9.11,100,100
2026-09-29T07:00,16.0,16.4,67.0,57.0,7.94,9.64,100,100
2026-09-29T08:00,17.5,17.7,156.0,119.0,6.42,9.33,100,100
2026-09-29T09:00,18.6,18.8,260.0,178.0,5.39,8.43,100,100
2026-09-29T10:00,19.9,20.0,355.0,249.0,5.0,6.89,100,99
2026-09-29T11:00,21.2,21.0,415.0,288.0,5.31,6.42,100,98
2026-09-29T12:00,21.4,21.4,323.0,237.0,5.32,5.35,100,100
2026-09-29T13:00,21.5,21.7,241.0,218.0,5.27,6.19,100,100
2026-09-29T14:00,21.1,21.5,187.0,142.0,5.9,6.61,100,100
2026-09-29T15:00,21.1,21.2,168.0,141.0,7.01,7.18,100,100
2026-09-29T16:00,20.1,20.6,101.0,83.0,7.78,8.15,100,100
2026-09-29T17:00,19.0,19.4,28.0,23.0,9.41,9.79,100,99
2026-09-29T18:00,18.0,19.1,0.0,0.0,10.34,11.92,100,100
2026-09-29T19:00,17.3,18.7,0.0,0.0,9.78,12.5,100,100
2026-09-29T20:00,16.8,18.5,0.0,0.0,11.03,13.06,49,100
2026-09-29T21:00,16.9,18.3,0.0,0.0,10.88,12.21,93,100
2026-09-29T22:00,16.8,17.3,0.0,0.0,10.76,11.25,73,92
2026-09-29T23:00,16.2,17.1,0.0,0.0,11.47,12.27,67,80
2026-09-30T00:00,15.3,16.0,0.0,0.0,9.57,11.21,74,100
2026-09-30T01:00,14.5,15.3,0.0,0.0,9.1,11.39,31,76
2026-09-30T02:00,13.9,14.7,0.0,0.0,10.31,11.85,33,73
2026-09-30T03:00,13.3,14.3,0.0,0.0,10.05,12.43,14,40
2026-09-30T04:00,13.0,14.0,0.0,0.0,10.64,12.42,11,47
2026-09-30T05:00,12.7,13.5,0.0,0.0,10.61,12.15,64,57
2026-09-30T06:00,12.9,13.6,11.0,9.0,10.59,12.48,11,76
2026-09-30T07:00,13.9,14.5,96.0,80.0,10.36,9.68,21,77
2026-09-30T08:00,15.6,15.6,223.0,168.0,7.36,8.81,33,76
2026-09-30T09:00,17.3,17.2,337.0,282.0,8.08,8.84,30,78
2026-09-30T10:00,18.9,18.6,437.0,341.0,7.96,7.95,30,59
2026-09-30T11:00,20.2,20.4,482.0,426.0,7.07,8.34,31,72
2026-09-30T12:00,20.9,21.4,475.0,466.0,7.39,7.64,97,39
2026-09-30T13:00,21.4,22.3,414.0,444.0,7.29,8.02,67,27
2026-09-30T14:00,21.5,22.6,331.0,365.0,7.65,8.12,85,84
2026-09-30T15:00,21.3,22.3,249.0,239.0,8.56,8.54,63,100
2026-09-30T16:00,20.1,21.6,132.0,126.0,9.99,9.24,87,100
2026-09-30T17:00,18.6,19.9,30.0,28.0,9.82,10.16,41,100
2026-09-30T18:00,17.1,18.1,0.0,0.0,10.52,11.67,77,94
2026-09-30T19:00,16.2,17.3,0.0,0.0,10.74,11.71,24,100
2026-09-30T20:00,15.6,16.8,0.0,0.0,10.12,11.59,77,99
2026-09-30T21:00,15.4,16.2,0.0,0.0,10.3,11.66,83,99
2026-09-30T22:00,15.3,15.8,0.0,0.0,11.09,12.06,100,100
2026-09-30T23:00,15.0,15.4,0.0,0.0,10.96,11.57,96,100
