time,temperature_2m_previous_day1,temperature_2m_previous_day2,shortwave_radiation_previous_day1,shortwave_radiation_previous_day2,wind_speed_100m_previous_day1,wind_speed_100m_previous_day2,cloud_cover_previous_day1,cloud_cover_previous_day2
2025-06-15T00:00,15.1,14.9,0.0,0.0,7.41,7.19,0,0
2025-06-15T01:00,14.8,14.9,0.0,0.0,7.93,7.76,0,26
2025-06-15T02:00,14.5,14.8,0.0,0.0,8.11,8.48,0,0
2025-06-15T03:00,14.2,14.7,11.0,11.0,7.54,8.55,0,0
2025-06-15T04:00,15.1,15.4,108.0,109.0,7.97,8.44,2,0
2025-06-15T05:00,16.9,17.0,269.0,271.0,6.53,7.47,7,0
2025-06-15T06:00,18.6,18.7,452.0,452.0,6.4,6.63,0,0
2025-06-15T07:00,20.4,20.6,622.0,619.0,6.1,6.84,0,0
2025-06-15T08:00,22.0,22.3,734.0,760.0,6.96,7.66,35,22
2025-06-15T09:00,22.8,23.2,729.0,751.0,7.11,8.48,61,56
2025-06-15T10:00,23.2,23.6,655.0,704.0,6.97,7.27,69,81
2025-06-15T11:00,23.0,24.2,487.0,648.0,7.64,6.72,97,77
2025-06-15T12:00,24.7,24.0,577.0,483.0,7.27,6.57,88,88
2025-06-15T13:00,25.1,24.7,620.0,503.0,6.8,6.97,58,84
2025-06-15T14:00,25.2,25.1,507.0,495.0,7.19,7.02,71,68
2025-06-15T15:00,25.0,25.1,395.0,415.0,6.9,7.38,48,61
2025-06-15T16:00,24.5,24.7,296.0,299.0,6.23,6.03,45,0
2025-06-15T17:00,23.4,23.6,137.0,143.0,5.3,5.66,6,0
2025-06-15T18:00,21.4,20.9,21.0,19.0,5.55,3.12,29,48
2025-06-15T19:00,19.5,19.2,0.0,0.0,5.46,3.55,15,56
2025-06-15T20:00,18.3,18.6,0.0,0.0,5.8,4.24,34,65
2025-06-15T21:00,17.8,18.6,0.0,0.0,6.0,4.02,39,16
2025-06-15T22:00,17.2,17.6,0.0,0.0,6.49,4.0,25,6
2025-06-15T23:00,16.6,16.8,0.0,0.0,6.66,4.43,49,100
2025-06-16T00:00,15.9,16.3,0.0,0.0,6.39,4.82,4,11
2025-06-16T01:00,15.4,15.7,0.0,0.0,6.06,5.35,0,8
2025-06-16T02:00,15.1,15.1,0.0,0.0,6.61,5.3,0,0
2025-06-16T03:00,15.0,14.8,11.0,11.0,6.71,5.0,0,22
2025-06-16T04:00,16.3,15.8,109.0,107.0,6.67,4.52,0,9
2025-06-16T05:00,18.8,19.1,270.0,271.0,6.39,4.56,0,4
2025-06-16T06:00,20.5,21.2,449.0,440.0,4.52,4.17,0,32
2025-06-16T07:00,22.5,23.2,621.0,610.0,4.65,4.16,0,4
2025-06-16T08:00,24.6,24.8,765.0,727.0,5.6,5.61,0,50
2025-06-16T09:00,25.8,25.9,870.0,791.0,6.54,6.27,19,43
2025-06-16T10:00,26.6,26.7,917.0,894.0,6.25,5.73,33,27
2025-06-16T11:00,27.2,27.4,905.0,906.0,5.94,6.08,31,44
2025-06-16T12:00,27.7,27.9,863.0,812.0,5.47,5.65,28,37
2025-06-16T13:00,27.9,28.2,781.0,761.0,5.69,5.36,16,28
2025-06-16T14:00,27.9,28.1,653.0,641.0,5.75,5.14,6,29
2025-06-16T15:00,27.6,27.7,490.0,477.0,5.57,4.92,0,97
2025-06-16T16:00,27.0,27.0,312.0,290.0,5.68,4.73,1,100
2025-06-16T17:00,25.6,25.7,142.0,131.0,5.61,4.57,0,100
2025-06-16T18:00,24.1,23.2,22.0,22.0,4.7,5.01,25,0
2025-06-16T19:00,22.7,21.2,0.0,0.0,4.43,5.11,90,0
2025-06-16T20:00,21.9,20.4,0.0,0.0,5.52,5.14,0,0
2025-06-16T21:00,21.5,20.5,0.0,0.0,5.36,4.86,2,0
2025-06-16T22:00,21.1,20.2,0.0,0.0,5.11,4.78,21,0
2025-06-16T23:00,20.6,19.7,0.0,0.0,4.92,5.17,5,0
2025-06-17T00:00,19.0,18.6,0.0,0.0,4.99,6.26,4,0
2025-06-17T01:00,18.0,18.0,0.0,0.0,4.49,5.61,5,0
2025-06-17T02:00,17.1,17.4,0.0,0.0,4.52,4.46,9,0
2025-06-17T03:00,16.6,16.6,11.0,11.0,5.17,4.13,43,0
2025-06-17T04:00,17.8,17.3,104.0,108.0,5.52,4.8,55,0
2025-06-17T05:00,20.8,20.2,265.0,268.0,6.17,5.27,4,7
2025-06-17T06:00,22.9,22.9,443.0,443.0,5.74,5.33,0,2
2025-06-17T07:00,25.3,25.2,612.0,612.0,4.52,4.23,2,0
2025-06-17T08:00,27.3,27.2,753.0,757.0,4.43,4.37,33,0
2025-06-17T09:00,29.0,28.6,859.0,862.0,5.64,5.09,18,4
2025-06-17T10:00,29.5,29.8,852.0,915.0,5.64,5.09,47,41
2025-06-17T11:00,30.1,30.4,825.0,908.0,4.95,4.87,58,34
2025-06-17T12:00,31.1,30.8,865.0,870.0,5.08,4.77,31,21
2025-06-17T13:00,31.2,30.8,749.0,763.0,5.24,5.33,35,28
2025-06-17T14:00,31.0,30.6,607.0,597.0,5.42,4.95,26,23
2025-06-17T15:00,30.5,30.3,447.0,456.0,4.84,3.94,24,31
2025-06-17T16:00,29.7,29.2,291.0,251.0,4.27,3.19,22,49
2025-06-17T17:00,27.7,27.0,140.0,125.0,1.41,1.62,11,14
2025-06-17T18:00,24.9,24.9,23.0,21.0,7.83,6.08,0,15
2025-06-17T19:00,23.3,23.1,0.0,0.0,6.65,5.98,25,0
2025-06-17T20:00,22.3,22.0,0.0,0.0,5.61,5.08,11,25
2025-06-17T21:00,21.9,21.6,0.0,0.0,4.23,3.35,30,37
2025-06-17T22:00,20.1,20.3,0.0,0.0,5.22,5.81,42,85
2025-06-17T23:00,20.4,20.9,0.0,0.0,9.99,9.25,30,95
2025-06-18T00:00,20.8,20.0,0.0,0.0,9.46,7.72,100,74
2025-06-18T01:00,19.5,18.8,0.0,0.0,8.39,6.97,89,79
2025-06-18T02:00,18.7,18.2,0.0,0.0,8.09,6.84,58,79
2025-06-18T03:00,18.3,18.0,7.0,7.0,7.12,6.42,76,93
2025-06-18T04:00,19.0,18.6,72.0,53.0,5.79,4.16,87,89
2025-06-18T05:00,20.0,19.9,138.0,139.0,4.06,3.48,68,94
2025-06-18T06:00,22.0,21.8,324.0,251.0,2.85,2.36,76,90
2025-06-18T07:00,23.6,23.5,471.0,434.0,2.5,2.25,69,55
2025-06-18T08:00,25.0,25.1,633.0,675.0,1.77,2.29,64,54
2025-06-18T09:00,26.1,25.6,674.0,611.0,1.18,1.97,66,64
2025-06-18T10:00,27.2,26.7,743.0,683.0,1.33,1.94,66,68
2025-06-18T11:00,27.6,27.3,716.0,636.0,1.98,2.95,76,82
2025-06-18T12:00,28.1,27.7,752.0,736.0,2.14,2.3,51,96
2025-06-18T13:00,28.6,28.0,691.0,645.0,2.26,2.53,55,42
2025-06-18T14:00,28.8,28.3,579.0,611.0,2.85,3.0,41,35
2025-06-18T15:00,28.7,28.1,463.0,460.0,3.34,3.02,51,35
2025-06-18T16:00,28.2,27.7,291.0,299.0,2.85,2.72,62,34
2025-06-18T17:00,27.1,26.6,132.0,137.0,1.67,3.19,26,33
2025-06-18T18:00,24.7,24.0,22.0,22.0,2.18,6.36,1,5
2025-06-18T19:00,22.4,22.4,0.0,0.0,0.84,6.01,0,0
2025-06-18T20:00,21.0,21.3,0.0,0.0,2.04,4.57,68,32
2025-06-18T21:00,20.6,20.5,0.0,0.0,2.18,3.69,0,60
2025-06-18T22:00,20.2,20.4,0.0,0.0,2.16,2.76,1,39
2025-06-18T23:00,20.0,20.2,0.0,0.0,2.16,2.61,26,42
2025-06-19T00:00,19.9,19.6,0.0,0.0,0.83,1.88,52,57
2025-06-19T01:00,19.7,19.2,0.0,0.0,1.53,2.09,72,2
2025-06-19T02:00,19.5,18.6,0.0,0.0,1.93,2.33,96,100
2025-06-19T03:00,19.5,18.3,11.0,10.0,2.43,2.86,33,84
2025-06-19T04:00,20.4,19.4,104.0,100.0,2.86,3.21,17,91
2025-06-19T05:00,22.9,22.3,259.0,253.0,2.89,3.51,27,41
2025-06-19T06:00,25.3,24.6,436.0,420.0,2.64,3.05,13,100
2025-06-19T07:00,27.2,27.0,577.0,586.0,2.88,2.37,65,74
2025-06-19T08:00,29.0,28.9,708.0,740.0,3.87,3.82,16,9
2025-06-19T09:00,30.1,29.8,782.0,758.0,4.61,4.17,34,49
2025-06-19T10:00,30.7,30.8,656.0,763.0,5.39,4.61,72,93
2025-06-19T11:00,31.7,31.4,718.0,737.0,5.78,5.21,52,64
2025-06-19T12:00,31.8,32.2,722.0,750.0,6.32,4.95,72,38
2025-06-19T13:00,32.2,32.7,617.0,708.0,6.48,4.59,41,55
2025-06-19T14:00,32.2,32.5,577.0,535.0,6.13,5.15,19,45
2025-06-19T15:00,32.1,32.0,432.0,360.0,6.19,5.08,48,58
2025-06-19T16:00,31.3,31.4,270.0,227.0,6.27,4.9,20,41
2025-06-19T17:00,30.1,30.3,138.0,112.0,5.04,3.99,32,81
2025-06-19T18:00,28.6,28.1,21.0,17.0,4.56,3.34,45,63
2025-06-19T19:00,26.7,25.6,0.0,0.0,1.57,5.43,50,45
2025-06-19T20:00,24.5,24.1,0.0,0.0,1.71,4.65,50,52
2025-06-19T21:00,23.6,22.9,0.0,0.0,2.84,3.45,61,40
2025-06-19T22:00,24.0,22.4,0.0,0.0,3.63,3.92,65,41
2025-06-19T23:00,23.9,22.0,0.0,0.0,3.9,2.66,60,52
2025-06-20T00:00,22.4,22.1,0.0,0.0,3.16,3.82,52,64
2025-06-20T01:00,21.6,21.9,0.0,0.0,4.09,5.45,84,75
2025-06-20T02:00,21.7,21.1,0.0,0.0,4.77,6.15,71,59
2025-06-20T03:00,21.7,21.3,7.0,8.0,7.27,8.0,64,71
2025-06-20T04:00,21.8,21.9,71.0,68.0,9.43,8.56,67,68
2025-06-20T05:00,22.0,22.2,203.0,172.0,9.79,10.16,56,90
2025-06-20T06:00,21.3,21.9,254.0,328.0,9.15,10.7,83,75
2025-06-20T07:00,21.7,22.1,315.0,430.0,9.02,10.06,80,84
2025-06-20T08:00,22.1,22.1,470.0,433.0,8.06,8.74,88,74
2025-06-20T09:00,22.7,22.2,493.0,534.0,7.33,7.95,61,86
2025-06-20T10:00,23.7,22.8,713.0,657.0,7.16,7.28,76,79
2025-06-20T11:00,23.0,22.1,654.0,594.0,7.32,6.01,76,89
2025-06-20T12:00,22.3,23.0,547.0,527.0,5.0,4.71,97,81
2025-06-20T13:00,21.7,22.3,294.0,383.0,3.33,3.1,98,92
2025-06-20T14:00,21.9,21.5,222.0,185.0,1.48,0.98,90,100
2025-06-20T15:00,22.0,21.6,191.0,126.0,1.49,1.38,84,81
2025-06-20T16:00,21.9,21.7,201.0,164.0,1.98,2.85,65,88
2025-06-20T17:00,21.3,21.0,108.0,55.0,2.59,3.73,66,70
2025-06-20T18:00,20.1,21.5,17.0,19.0,4.39,4.77,46,53
2025-06-20T19:00,18.7,20.3,0.0,0.0,5.63,7.84,7,53
2025-06-20T20:00,17.7,19.4,0.0,0.0,5.86,8.86,27,39
2025-06-20T21:00,17.0,18.6,0.0,0.0,5.61,9.04,39,51
2025-06-20T22:00,16.4,18.2,0.0,0.0,7.17,8.86,28,64
2025-06-20T23:00,15.9,17.8,0.0,0.0,7.28,8.32,41,55
2025-06-21T00:00,15.5,16.4,0.0,0.0,5.23,6.76,56,32
2025-06-21T01:00,15.0,15.3,0.0,0.0,6.32,6.57,9,10
2025-06-21T02:00,14.3,14.9,0.0,0.0,5.45,7.28,37,4
2025-06-21T03:00,14.4,14.6,11.0,12.0,6.6,7.1,34,4
2025-06-21T04:00,15.8,16.0,100.0,110.0,7.11,7.42,44,5
2025-06-21T05:00,17.8,18.1,240.0,275.0,6.48,7.26,52,0
2025-06-21T06:00,19.9,19.7,373.0,454.0,4.29,5.62,49,0
2025-06-21T07:00,21.8,21.5,583.0,628.0,4.85,7.04,18,0
2025-06-21T08:00,23.4,22.9,762.0,773.0,5.33,6.51,43,26
2025-06-21T09:00,24.2,23.3,794.0,694.0,5.67,7.85,27,59
2025-06-21T10:00,24.9,24.3,860.0,790.0,6.28,7.8,42,54
2025-06-21T11:00,24.8,24.5,777.0,790.0,6.35,7.89,81,61
2025-06-21T12:00,24.8,25.2,624.0,640.0,7.51,6.61,71,67
2025-06-21T13:00,24.6,24.8,598.0,569.0,7.14,7.41,80,55
2025-06-21T14:00,24.1,24.9,409.0,546.0,7.2,6.75,84,64
2025-06-21T15:00,23.6,24.6,319.0,444.0,6.75,5.85,78,46
2025-06-21T16:00,22.9,24.1,207.0,295.0,5.92,5.13,73,0
2025-06-21T17:00,22.1,23.0,110.0,147.0,4.74,4.52,45,0
2025-06-21T18:00,20.5,21.0,22.0,25.0,4.27,3.53,43,7
2025-06-21T19:00,19.4,19.0,0.0,0.0,2.98,3.6,20,33
2025-06-21T20:00,18.4,17.2,0.0,0.0,3.33,3.14,23,20
2025-06-21T21:00,17.2,16.7,0.0,0.0,3.82,1.98,16,31
2025-06-21T22:00,16.0,15.8,0.0,0.0,4.52,1.81,56,34
2025-06-21T23:00,15.8,15.3,0.0,0.0,4.23,3.02,71,20
2025-06-22T00:00,16.3,16.7,0.0,0.0,5.11,2.29,72,83
2025-06-22T01:00,16.2,16.1,0.0,0.0,4.92,1.69,59,73
2025-06-22T02:00,15.9,15.8,0.0,0.0,4.84,2.23,62,50
2025-06-22T03:00,15.7,15.5,8.0,10.0,4.53,3.03,59,37
2025-06-22T04:00,16.5,16.3,83.0,103.0,3.95,2.63,57,27
2025-06-22T05:00,18.7,18.7,235.0,265.0,2.61,2.11,34,8
2025-06-22T06:00,20.7,20.7,424.0,445.0,1.71,3.07,5,2
2025-06-22T07:00,22.5,22.9,614.0,620.0,2.02,1.9,13,0
2025-06-22T08:00,24.0,24.4,762.0,768.0,2.42,2.83,4,0
2025-06-22T09:00,24.7,25.6,729.0,873.0,4.81,3.5,64,0
2025-06-22T10:00,25.8,26.6,748.0,933.0,5.14,4.06,42,0
2025-06-22T11:00,26.3,27.4,750.0,936.0,5.8,4.12,84,20
2025-06-22T12:00,27.2,27.0,854.0,814.0,4.61,5.52,14,77
2025-06-22T13:00,27.4,27.2,782.0,640.0,4.26,5.16,24,70
2025-06-22T14:00,27.5,27.2,645.0,583.0,4.0,4.65,26,28
2025-06-22T15:00,27.1,26.9,472.0,478.0,5.0,4.95,23,61
2025-06-22T16:00,26.5,26.5,301.0,293.0,4.6,4.86,2,47
2025-06-22T17:00,25.2,25.2,145.0,135.0,4.87,4.19,14,33
2025-06-22T18:00,22.1,23.5,22.0,24.0,9.41,3.11,45,0
2025-06-22T19:00,20.4,20.9,0.0,0.0,10.24,3.66,2,0
2025-06-22T20:00,19.4,19.3,0.0,0.0,9.52,6.01,0,0
2025-06-22T21:00,18.6,18.2,0.0,0.0,8.37,5.71,0,0
2025-06-22T22:00,17.7,17.5,0.0,0.0,6.89,6.49,0,0
2025-06-22T23:00,17.2,17.6,0.0,0.0,6.37,7.02,0,0
2025-06-23T00:00,16.6,17.3,0.0,0.0,7.66,7.71,0,0
2025-06-23T01:00,16.6,17.1,0.0,0.0,8.06,7.21,0,0
2025-06-23T02:00,16.4,16.7,0.0,0.0,7.11,6.34,0,12
2025-06-23T03:00,16.3,16.4,10.0,9.0,6.73,6.58,0,51
2025-06-23T04:00,17.6,17.9,103.0,85.0,6.38,6.74,0,70
2025-06-23T05:00,19.9,19.8,260.0,209.0,6.17,5.09,0,48
2025-06-23T06:00,22.0,22.2,430.0,435.0,5.68,4.41,0,0
2025-06-23T07:00,24.4,24.6,603.0,604.0,4.19,2.94,0,2
2025-06-23T08:00,26.8,26.9,749.0,748.0,4.38,3.05,0,4
2025-06-23T09:00,28.5,28.4,857.0,854.0,4.58,4.02,0,0
2025-06-23T10:00,29.6,29.3,911.0,917.0,5.82,4.98,18,0
2025-06-23T11:00,30.3,30.2,850.0,926.0,6.65,4.44,55,10
2025-06-23T12:00,30.6,30.7,791.0,785.0,6.38,5.88,43,52
2025-06-23T13:00,31.1,30.9,717.0,659.0,6.54,5.41,42,52
2025-06-23T14:00,31.1,30.9,614.0,601.0,5.02,3.57,16,31
2025-06-23T15:00,30.9,30.6,484.0,460.0,3.27,1.47,16,38
2025-06-23T16:00,30.4,28.8,311.0,282.0,2.18,4.39,9,36
2025-06-23T17:00,28.8,26.1,143.0,132.0,1.9,6.59,44,39
2025-06-23T18:00,25.8,25.1,24.0,24.0,4.45,7.24,60,68
2025-06-23T19:00,24.2,23.8,0.0,0.0,6.18,6.54,33,31
2025-06-23T20:00,22.6,22.3,0.0,0.0,5.42,5.14,4,15
2025-06-23T21:00,21.5,21.3,0.0,0.0,5.65,4.8,0,0
2025-06-23T22:00,20.9,20.5,0.0,0.0,5.41,3.92,0,0
2025-06-23T23:00,20.9,19.2,0.0,0.0,5.35,2.98,0,0
2025-06-24T00:00,20.6,19.9,0.0,0.0,5.45,4.96,0,0
2025-06-24T01:00,20.6,20.5,0.0,0.0,5.8,6.28,0,0
2025-06-24T02:00,20.3,20.1,0.0,0.0,5.8,6.77,0,0
2025-06-24T03:00,20.3,20.1,10.0,10.0,5.83,6.54,0,0
2025-06-24T04:00,21.1,21.2,103.0,104.0,6.49,6.59,0,0
2025-06-24T05:00,23.8,24.1,262.0,262.0,6.87,6.72,0,0
2025-06-24T06:00,26.2,26.3,439.0,438.0,5.68,5.48,0,0
2025-06-24T07:00,28.6,28.5,610.0,608.0,4.99,4.8,0,0
2025-06-24T08:00,30.6,30.5,755.0,754.0,5.73,5.5,0,0
2025-06-24T09:00,32.3,32.3,862.0,860.0,5.52,6.37,0,7
2025-06-24T10:00,33.5,33.6,922.0,920.0,5.57,6.45,0,50
2025-06-24T11:00,34.4,34.4,928.0,925.0,5.67,6.14,3,76
2025-06-24T12:00,34.6,34.9,886.0,885.0,5.21,5.55,0,0
2025-06-24T13:00,34.8,35.0,793.0,785.0,5.13,5.21,0,100
2025-06-24T14:00,34.7,34.9,658.0,649.0,5.06,5.15,0,72
2025-06-24T15:00,34.4,34.5,496.0,490.0,5.3,5.24,0,1
2025-06-24T16:00,33.7,33.7,320.0,320.0,5.44,5.71,3,0
2025-06-24T17:00,31.5,31.1,147.0,147.0,5.61,6.57,0,1
2025-06-24T18:00,28.9,28.9,25.0,23.0,5.83,7.06,19,45
2025-06-24T19:00,26.6,26.8,0.0,0.0,6.17,7.54,2,43
2025-06-24T20:00,25.6,25.4,0.0,0.0,6.8,7.18,39,52
2025-06-24T21:00,25.1,24.7,0.0,0.0,8.12,7.14,13,13
2025-06-24T22:00,24.5,23.5,0.0,0.0,7.94,5.83,36,5
2025-06-24T23:00,23.5,22.7,0.0,0.0,5.9,5.79,45,0
2025-06-25T00:00,22.1,22.8,0.0,0.0,6.6,7.5,31,0
2025-06-25T01:00,21.6,21.8,0.0,0.0,6.97,7.75,19,0
2025-06-25T02:00,20.9,20.7,0.0,0.0,5.88,6.43,0,0
2025-06-25T03:00,20.0,19.7,10.0,10.0,5.56,5.87,0,5
2025-06-25T04:00,20.7,21.0,102.0,103.0,4.88,6.42,0,0
2025-06-25T05:00,22.9,23.3,259.0,259.0,4.81,5.26,0,0
2025-06-25T06:00,24.8,25.7,435.0,435.0,2.86,3.43,0,0
2025-06-25T07:00,27.0,28.0,605.0,604.0,3.07,3.94,0,0
2025-06-25T08:00,29.3,30.0,748.0,747.0,4.71,4.27,0,0
2025-06-25T09:00,31.1,31.7,851.0,854.0,5.55,5.3,0,0
2025-06-25T10:00,32.2,32.6,908.0,913.0,5.29,5.14,1,0
2025-06-25T11:00,33.0,33.3,914.0,919.0,4.58,4.92,24,2
2025-06-25T12:00,33.5,33.6,869.0,878.0,4.21,5.35,25,0
2025-06-25T13:00,33.7,33.7,762.0,782.0,4.5,5.19,11,3
2025-06-25T14:00,33.7,33.5,646.0,639.0,4.78,3.96,2,35
2025-06-25T15:00,33.4,32.4,488.0,453.0,4.77,0.69,0,29
2025-06-25T16:00,32.9,30.9,314.0,286.0,4.62,4.94,6,40
2025-06-25T17:00,31.3,28.3,145.0,132.0,5.29,6.66,2,13
2025-06-25T18:00,28.4,26.7,25.0,24.0,4.59,8.97,0,0
2025-06-25T19:00,26.2,25.4,0.0,0.0,7.94,9.85,0,16
2025-06-25T20:00,25.2,24.7,0.0,0.0,9.43,9.14,0,47
2025-06-25T21:00,24.4,24.0,0.0,0.0,9.24,8.06,0,33
2025-06-25T22:00,23.6,23.1,0.0,0.0,8.49,7.31,0,20
2025-06-25T23:00,22.9,22.5,0.0,0.0,7.97,7.0,0,19
2025-06-26T00:00,22.4,22.5,0.0,0.0,7.83,6.31,0,0
2025-06-26T01:00,22.2,22.3,0.0,0.0,7.66,5.79,0,0
2025-06-26T02:00,22.4,22.3,0.0,0.0,6.99,6.09,0,0
2025-06-26T03:00,22.5,22.2,10.0,10.0,7.18,6.78,1,0
2025-06-26T04:00,23.5,23.3,99.0,99.0,7.66,6.88,30,0
2025-06-26T05:00,25.9,25.9,248.0,256.0,8.23,6.53,0,0
2025-06-26T06:00,27.4,28.1,433.0,431.0,5.75,5.83,0,0
2025-06-26T07:00,29.6,30.3,600.0,597.0,4.4,3.76,0,0
2025-06-26T08:00,32.1,32.6,744.0,742.0,5.13,4.08,0,0
2025-06-26T09:00,33.9,34.5,850.0,847.0,5.78,4.61,0,0
2025-06-26T10:00,35.1,35.1,908.0,848.0,4.92,3.95,0,47
2025-06-26T11:00,35.4,35.5,821.0,758.0,6.71,5.16,49,64
2025-06-26T12:00,35.8,35.6,765.0,677.0,4.59,5.68,27,75
2025-06-26T13:00,35.2,35.5,548.0,532.0,4.35,5.2,89,51
2025-06-26T14:00,34.4,32.3,314.0,494.0,3.59,7.69,74,60
2025-06-26T15:00,32.5,29.9,295.0,405.0,5.78,6.13,73,48
2025-06-26T16:00,30.6,28.5,205.0,272.0,5.16,6.25,49,43
2025-06-26T17:00,29.0,26.9,123.0,127.0,6.21,6.33,29,37
2025-06-26T18:00,26.3,25.9,23.0,23.0,6.51,7.67,14,48
2025-06-26T19:00,24.9,24.6,0.0,0.0,6.47,7.58,0,41
2025-06-26T20:00,23.6,23.7,0.0,0.0,6.04,6.42,26,57
2025-06-26T21:00,22.6,23.1,0.0,0.0,5.37,6.25,35,68
2025-06-26T22:00,22.2,22.9,0.0,0.0,5.14,6.48,52,67
2025-06-26T23:00,22.1,22.6,0.0,0.0,5.36,6.59,59,62
2025-06-27T00:00,21.6,22.2,0.0,0.0,5.18,5.36,55,68
2025-06-27T01:00,21.6,22.2,0.0,0.0,4.97,6.5,46,64
2025-06-27T02:00,20.9,22.2,0.0,0.0,4.31,7.33,37,63
2025-06-27T03:00,20.8,22.2,8.0,7.0,5.89,7.85,35,52
2025-06-27T04:00,22.3,22.4,94.0,75.0,6.47,8.75,33,51
2025-06-27T05:00,24.0,23.5,243.0,225.0,6.2,8.17,25,34
2025-06-27T06:00,25.8,25.1,408.0,417.0,4.94,5.78,36,17
2025-06-27T07:00,27.6,26.8,577.0,585.0,4.82,5.7,13,33
2025-06-27T08:00,29.1,28.3,730.0,725.0,5.22,5.17,0,3
2025-06-27T09:00,30.4,29.8,842.0,838.0,5.54,5.0,0,0
2025-06-27T10:00,31.3,30.9,899.0,898.0,6.17,5.62,6,0
2025-06-27T11:00,31.8,31.4,909.0,906.0,6.42,6.41,1,1
2025-06-27T12:00,31.7,30.8,867.0,856.0,6.54,5.86,0,15
2025-06-27T13:00,31.5,30.8,776.0,767.0,6.67,6.05,0,4
2025-06-27T14:00,30.7,30.4,641.0,641.0,6.92,6.09,0,0
2025-06-27T15:00,29.8,29.5,478.0,480.0,6.05,6.81,0,0
2025-06-27T16:00,28.8,28.3,304.0,306.0,6.09,5.79,0,0
2025-06-27T17:00,27.1,26.6,139.0,140.0,6.96,6.15,0,0
2025-06-27T18:00,25.5,24.6,23.0,23.0,7.78,8.42,0,0
2025-06-27T19:00,24.3,23.4,0.0,0.0,7.34,8.74,0,0
2025-06-27T20:00,23.6,22.7,0.0,0.0,7.98,7.45,0,3
2025-06-27T21:00,23.1,22.1,0.0,0.0,8.72,4.93,0,14
2025-06-27T22:00,22.4,21.3,0.0,0.0,7.62,5.75,25,29
2025-06-27T23:00,22.0,21.0,0.0,0.0,8.49,3.32,0,61
2025-06-28T00:00,20.8,21.6,0.0,0.0,2.69,3.94,100,100
2025-06-28T01:00,20.7,21.0,0.0,0.0,3.46,7.61,100,100
2025-06-28T02:00,21.0,20.4,0.0,0.0,7.32,7.8,100,100
2025-06-28T03:00,20.5,20.4,4.0,4.0,9.99,5.83,100,100
2025-06-28T04:00,20.6,21.1,37.0,45.0,5.42,5.9,100,100
2025-06-28T05:00,21.0,21.8,68.0,134.0,3.41,5.45,100,100
2025-06-28T06:00,20.7,22.8,90.0,273.0,6.6,5.71,100,99
2025-06-28T07:00,21.0,24.3,190.0,441.0,5.21,5.92,100,82
2025-06-28T08:00,22.8,25.3,355.0,506.0,4.61,5.98,100,91
2025-06-28T09:00,23.6,26.7,436.0,678.0,5.32,6.17,100,100
2025-06-28T10:00,24.9,25.9,611.0,652.0,5.53,6.76,100,100
2025-06-28T11:00,25.9,26.3,608.0,612.0,6.07,8.1,100,100
2025-06-28T12:00,26.9,24.5,599.0,492.0,6.79,6.82,78,100
2025-06-28T13:00,27.3,25.2,532.0,438.0,6.87,7.57,100,94
2025-06-28T14:00,27.9,25.5,501.0,431.0,6.68,6.18,65,100
2025-06-28T15:00,27.6,26.0,426.0,407.0,6.85,6.9,76,83
2025-06-28T16:00,26.8,25.4,223.0,238.0,8.24,6.81,87,45
2025-06-28T17:00,25.4,24.7,107.0,129.0,8.47,6.47,75,89
2025-06-28T18:00,23.0,20.6,16.0,8.0,7.18,6.72,76,100
2025-06-28T19:00,22.2,20.0,0.0,0.0,8.86,9.27,58,96
2025-06-28T20:00,21.4,19.9,0.0,0.0,11.18,10.15,49,100
2025-06-28T21:00,20.3,19.9,0.0,0.0,9.11,7.25,97,80
2025-06-28T22:00,19.7,19.0,0.0,0.0,7.15,8.99,93,61
2025-06-28T23:00,19.1,18.6,0.0,0.0,8.29,8.83,68,4
2025-06-29T00:00,19.0,17.9,0.0,0.0,9.69,10.44,56,0
2025-06-29T01:00,18.2,17.2,0.0,0.0,10.4,10.77,1,0
2025-06-29T02:00,17.4,16.7,0.0,0.0,10.52,10.31,0,0
2025-06-29T03:00,16.7,16.3,9.0,9.0,10.94,10.74,0,0
2025-06-29T04:00,17.3,16.9,102.0,102.0,10.99,10.6,0,0
2025-06-29T05:00,18.5,18.2,262.0,263.0,8.65,8.12,0,0
2025-06-29T06:00,19.8,19.8,439.0,442.0,7.59,8.24,0,0
2025-06-29T07:00,21.8,21.5,609.0,613.0,7.67,8.72,0,0
2025-06-29T08:00,23.3,22.7,691.0,636.0,9.49,10.43,57,57
2025-06-29T09:00,24.3,23.7,623.0,668.0,9.84,11.24,76,77
2025-06-29T10:00,25.3,24.7,687.0,734.0,10.01,10.38,69,76
2025-06-29T11:00,25.9,25.4,680.0,718.0,10.2,10.81,97,86
2025-06-29T12:00,26.1,26.0,509.0,650.0,10.02,10.91,91,72
2025-06-29T13:00,25.8,25.8,389.0,480.0,10.13,10.65,85,81
2025-06-29T14:00,25.7,25.1,375.0,297.0,9.03,9.43,69,94
2025-06-29T15:00,25.6,25.0,315.0,210.0,9.03,10.1,88,95
2025-06-29T16:00,25.2,24.9,169.0,167.0,8.81,8.59,69,80
2025-06-29T17:00,24.9,24.3,117.0,94.0,7.6,9.44,36,79
2025-06-29T18:00,24.4,23.5,22.0,20.0,7.63,7.08,69,74
2025-06-29T19:00,23.4,22.6,0.0,0.0,7.13,5.92,62,50
2025-06-29T20:00,22.8,22.3,0.0,0.0,6.59,7.59,58,80
2025-06-29T21:00,22.2,22.1,0.0,0.0,6.98,7.39,85,70
2025-06-29T22:00,22.0,21.9,0.0,0.0,8.47,7.02,52,79
2025-06-29T23:00,21.7,21.7,0.0,0.0,8.24,6.42,16,82
2025-06-30T00:00,21.2,21.4,0.0,0.0,7.05,8.25,98,95
2025-06-30T01:00,21.5,21.4,0.0,0.0,8.07,7.47,95,94
2025-06-30T02:00,21.2,21.4,0.0,0.0,7.0,8.64,88,92
2025-06-30T03:00,21.1,21.5,5.0,5.0,7.73,8.72,80,61
2025-06-30T04:00,21.5,21.8,67.0,68.0,8.46,8.15,68,52
2025-06-30T05:00,22.8,23.2,187.0,216.0,8.02,6.19,46,56
2025-06-30T06:00,24.4,24.3,284.0,349.0,4.88,4.9,25,56
2025-06-30T07:00,26.8,25.5,582.0,480.0,4.84,4.32,0,71
2025-06-30T08:00,28.2,27.1,675.0,630.0,6.2,4.29,66,75
2025-06-30T09:00,28.5,28.5,591.0,705.0,5.63,5.33,98,57
2025-06-30T10:00,29.5,29.4,531.0,792.0,3.88,6.09,56,63
2025-06-30T11:00,30.3,29.8,687.0,724.0,3.23,5.69,72,75
2025-06-30T12:00,30.6,30.7,686.0,740.0,3.59,5.31,69,78
2025-06-30T13:00,30.7,30.7,578.0,595.0,5.29,6.66,98,100
2025-06-30T14:00,30.5,30.5,400.0,448.0,4.61,5.83,100,84
2025-06-30T15:00,30.9,30.3,314.0,327.0,6.85,5.8,100,90
2025-06-30T16:00,30.6,30.2,199.0,187.0,5.28,4.81,100,90
2025-06-30T17:00,29.5,29.1,98.0,63.0,5.07,4.25,93,82
2025-06-30T18:00,27.8,23.5,20.0,23.0,6.85,5.17,100,10
2025-06-30T19:00,24.7,22.2,0.0,0.0,6.18,3.54,41,29
2025-06-30T20:00,23.3,21.4,0.0,0.0,7.07,3.45,87,67
2025-06-30T21:00,22.8,21.6,0.0,0.0,9.77,5.83,100,72
2025-06-30T22:00,22.8,21.8,0.0,0.0,10.25,6.72,97,82
2025-06-30T23:00,22.9,21.8,0.0,0.0,10.03,6.55,88,81
2025-07-01T00:00,21.5,20.1,0.0,0.0,7.9,6.18,87,52
2025-07-01T01:00,20.7,19.9,0.0,0.0,8.77,7.58,72,51
2025-07-01T02:00,19.8,18.6,0.0,0.0,9.53,7.84,100,9
2025-07-01T03:00,18.9,17.7,9.0,9.0,9.79,7.07,24,12
2025-07-01T04:00,19.4,18.7,102.0,100.0,8.19,6.69,0,0
2025-07-01T05:00,20.7,20.6,261.0,243.0,6.18,6.98,0,100
2025-07-01T06:00,22.6,22.4,441.0,441.0,4.91,5.61,0,0
2025-07-01T07:00,24.1,24.1,613.0,611.0,4.9,6.08,0,0
2025-07-01T08:00,25.4,25.0,759.0,757.0,4.86,5.45,4,7
2025-07-01T09:00,26.2,25.9,832.0,860.0,4.68,5.25,100,5
2025-07-01T10:00,27.2,26.9,875.0,921.0,4.93,5.49,38,8
2025-07-01T11:00,28.0,27.6,926.0,934.0,5.13,5.92,21,0
2025-07-01T12:00,28.3,28.4,855.0,893.0,5.43,5.57,49,7
2025-07-01T13:00,28.1,28.4,717.0,799.0,6.13,6.04,51,7
2025-07-01T14:00,28.1,28.2,608.0,668.0,5.19,5.35,39,1
2025-07-01T15:00,27.7,27.6,464.0,499.0,4.64,5.06,33,16
2025-07-01T16:00,27.2,27.1,299.0,321.0,4.77,4.42,47,0
2025-07-01T17:00,26.1,25.9,133.0,151.0,5.07,4.82,41,7
2025-07-01T18:00,23.7,23.7,26.0,25.0,3.5,2.95,9,33
2025-07-01T19:00,21.0,20.9,0.0,0.0,1.23,3.77,22,48
2025-07-01T20:00,19.7,20.3,0.0,0.0,1.83,2.67,50,37
2025-07-01T21:00,19.5,19.5,0.0,0.0,0.31,1.1,60,36
2025-07-01T22:00,18.4,18.1,0.0,0.0,4.25,2.26,52,35
2025-07-01T23:00,18.1,17.7,0.0,0.0,6.66,5.4,40,47
2025-07-02T00:00,17.9,18.7,0.0,0.0,8.03,9.01,57,51
2025-07-02T01:00,17.7,18.1,0.0,0.0,7.07,8.65,54,42
2025-07-02T02:00,17.4,17.6,0.0,0.0,6.88,7.53,67,45
2025-07-02T03:00,17.5,17.0,7.0,8.0,7.38,6.68,57,39
2025-07-02T04:00,18.6,18.0,82.0,97.0,7.52,6.69,40,1
2025-07-02T05:00,20.4,19.9,245.0,260.0,6.15,5.54,4,0
2025-07-02T06:00,22.5,22.3,447.0,442.0,3.66,4.41,0,61
2025-07-02T07:00,24.1,24.0,620.0,608.0,5.32,4.51,0,2
2025-07-02T08:00,25.4,25.4,764.0,763.0,5.02,4.56,22,10
2025-07-02T09:00,26.4,26.5,839.0,849.0,4.86,4.66,42,40
2025-07-02T10:00,27.2,27.1,845.0,848.0,4.66,5.14,53,60
2025-07-02T11:00,27.6,27.4,807.0,799.0,5.05,5.52,51,60
2025-07-02T12:00,27.8,27.8,774.0,777.0,4.96,5.08,36,48
2025-07-02T13:00,27.9,27.8,716.0,678.0,5.22,5.46,45,58
2025-07-02T14:00,27.8,27.7,611.0,542.0,5.23,5.64,37,60
2025-07-02T15:00,27.5,27.4,468.0,426.0,5.02,5.56,37,32
2025-07-02T16:00,27.0,26.9,293.0,311.0,5.55,5.48,42,0
2025-07-02T17:00,26.0,25.9,141.0,152.0,5.25,5.52,13,0
2025-07-02T18:00,24.2,23.7,26.0,26.0,4.82,4.49,0,0
2025-07-02T19:00,22.5,22.4,0.0,0.0,4.74,4.62,0,0
2025-07-02T20:00,21.6,21.3,0.0,0.0,5.2,4.93,0,0
2025-07-02T21:00,21.0,20.5,0.0,0.0,5.59,4.69,0,0
2025-07-02T22:00,20.5,19.9,0.0,0.0,5.8,3.82,0,0
2025-07-02T23:00,19.9,19.4,0.0,0.0,5.85,4.32,0,0
2025-07-03T00:00,19.2,18.9,0.0,0.0,7.49,5.48,0,0
2025-07-03T01:00,19.4,18.5,0.0,0.0,9.13,7.16,0,0
2025-07-03T02:00,19.4,18.1,0.0,0.0,9.05,7.62,0,0
2025-07-03T03:00,18.7,17.6,7.0,7.0,8.62,6.76,0,0
2025-07-03T04:00,19.5,18.5,96.0,95.0,8.62,5.43,0,0
2025-07-03T05:00,21.8,21.2,252.0,250.0,7.34,4.83,0,0
2025-07-03T06:00,23.8,23.6,436.0,429.0,4.37,3.09,0,0
2025-07-03T07:00,26.0,26.1,607.0,601.0,4.37,2.92,0,0
2025-07-03T08:00,27.4,28.0,752.0,749.0,4.32,3.33,0,13
2025-07-03T09:00,28.5,29.2,857.0,849.0,3.43,3.33,14,14
2025-07-03T10:00,29.4,30.3,903.0,910.0,2.82,3.15,35,29
2025-07-03T11:00,30.2,31.1,874.0,896.0,2.75,3.31,40,28
2025-07-03T12:00,30.3,30.6,802.0,829.0,2.05,2.17,55,30
2025-07-03T13:00,30.6,30.3,690.0,741.0,2.16,3.12,43,18
2025-07-03T14:00,30.6,30.0,612.0,616.0,1.67,4.57,26,27
2025-07-03T15:00,30.2,28.8,472.0,462.0,1.45,5.52,26,9
2025-07-03T16:00,28.6,27.6,307.0,308.0,4.08,5.48,2,0
2025-07-03T17:00,26.3,26.3,144.0,143.0,6.07,5.79,4,0
2025-07-03T18:00,24.6,24.2,24.0,24.0,6.77,6.88,0,0
2025-07-03T19:00,23.0,23.0,0.0,0.0,7.25,7.97,0,0
2025-07-03T20:00,21.9,21.9,0.0,0.0,7.89,7.97,0,0
2025-07-03T21:00,20.8,20.8,0.0,0.0,7.8,7.8,0,0
2025-07-03T22:00,20.0,20.1,0.0,0.0,6.55,7.25,0,0
2025-07-03T23:00,19.6,19.6,0.0,0.0,5.2,5.83,0,0
2025-07-04T00:00,19.0,20.0,0.0,0.0,3.86,4.23,0,0
2025-07-04T01:00,18.8,19.9,0.0,0.0,3.05,4.02,0,0
2025-07-04T02:00,18.3,19.6,0.0,0.0,2.08,4.13,0,0
2025-07-04T03:00,17.9,19.3,7.0,7.0,1.92,3.26,0,0
2025-07-04T04:00,19.2,19.8,92.0,92.0,2.06,2.16,0,0
2025-07-04T05:00,21.9,22.4,244.0,245.0,2.36,1.55,0,0
2025-07-04T06:00,25.1,24.5,422.0,419.0,2.55,1.86,0,0
2025-07-04T07:00,27.7,27.2,593.0,590.0,1.47,1.87,0,0
2025-07-04T08:00,30.3,29.4,740.0,737.0,1.71,1.77,0,0
2025-07-04T09:00,31.9,31.4,849.0,846.0,1.08,1.36,0,0
2025-07-04T10:00,33.0,32.7,909.0,908.0,1.2,1.14,10,0
2025-07-04T11:00,33.7,33.4,912.0,916.0,1.39,1.15,10,12
2025-07-04T12:00,33.9,33.8,869.0,869.0,1.36,1.36,7,10
2025-07-04T13:00,34.1,34.0,774.0,772.0,1.74,1.5,17,31
2025-07-04T14:00,33.5,33.3,642.0,634.0,3.07,3.26,2,19
2025-07-04T15:00,32.1,31.7,486.0,486.0,5.82,6.66,0,0
2025-07-04T16:00,30.7,30.4,312.0,312.0,6.24,7.65,0,0
2025-07-04T17:00,29.2,28.8,144.0,144.0,6.45,7.01,0,15
2025-07-04T18:00,27.3,27.1,24.0,24.0,6.65,7.25,0,0
2025-07-04T19:00,25.6,25.4,0.0,0.0,6.1,7.08,0,0
2025-07-04T20:00,24.3,23.7,0.0,0.0,6.12,7.06,0,21
2025-07-04T21:00,23.3,22.3,0.0,0.0,6.73,7.68,0,27
2025-07-04T22:00,22.8,21.4,0.0,0.0,6.39,8.03,34,0
2025-07-04T23:00,22.6,21.0,0.0,0.0,6.11,7.85,0,0
2025-07-05T00:00,22.0,20.6,0.0,0.0,5.75,7.73,11,38
2025-07-05T01:00,22.1,20.4,0.0,0.0,5.36,6.71,30,17
2025-07-05T02:00,22.4,20.5,0.0,0.0,4.53,5.9,51,33
2025-07-05T03:00,21.5,20.7,6.0,7.0,4.25,4.86,50,37
2025-07-05T04:00,21.8,21.1,75.0,72.0,4.71,3.61,45,34
2025-07-05T05:00,24.0,23.8,223.0,230.0,4.67,3.94,15,17
2025-07-05T06:00,25.3,25.5,396.0,356.0,3.57,3.92,9,36
2025-07-05T07:00,27.6,27.5,577.0,561.0,3.0,3.04,4,8
2025-07-05T08:00,29.3,29.8,718.0,722.0,2.64,2.59,14,3
2025-07-05T09:00,30.5,31.1,822.0,831.0,2.22,2.67,30,0
2025-07-05T10:00,31.6,32.0,876.0,887.0,1.88,2.35,3,25
2025-07-05T11:00,32.5,32.7,892.0,872.0,2.07,2.19,16,45
2025-07-05T12:00,32.8,32.6,846.0,820.0,5.49,4.47,26,42
2025-07-05T13:00,31.8,31.6,712.0,706.0,5.22,5.41,54,46
2025-07-05T14:00,31.0,31.0,523.0,603.0,5.31,5.35,54,96
2025-07-05T15:00,30.4,30.0,436.0,465.0,5.59,5.76,65,24
2025-07-05T16:00,29.6,29.0,286.0,286.0,5.16,5.57,79,36
2025-07-05T17:00,28.3,27.7,130.0,134.0,5.2,5.65,18,23
2025-07-05T18:00,25.2,26.2,21.0,23.0,6.22,5.02,30,2
2025-07-05T19:00,23.7,24.5,0.0,0.0,6.12,4.78,29,32
2025-07-05T20:00,22.5,23.6,0.0,0.0,5.75,4.33,23,17
2025-07-05T21:00,21.6,22.9,0.0,0.0,5.36,4.74,14,10
2025-07-05T22:00,21.2,22.2,0.0,0.0,5.66,5.1,21,11
2025-07-05T23:00,20.9,21.5,0.0,0.0,6.0,5.49,15,5
2025-07-06T00:00,20.6,20.6,0.0,0.0,4.4,4.53,8,3
2025-07-06T01:00,20.4,20.2,0.0,0.0,4.61,4.34,15,0
2025-07-06T02:00,20.2,19.7,0.0,0.0,4.69,3.9,11,0
2025-07-06T03:00,20.3,19.4,6.0,6.0,5.04,4.13,33,0
2025-07-06T04:00,21.6,20.8,86.0,88.0,5.4,4.91,7,4
2025-07-06T05:00,24.1,23.5,235.0,238.0,5.9,5.52,38,12
2025-07-06T06:00,25.8,25.8,403.0,411.0,5.11,4.13,30,1
2025-07-06T07:00,28.5,28.2,568.0,580.0,4.13,4.86,27,0
2025-07-06T08:00,31.2,30.3,721.0,726.0,4.96,5.66,15,0
2025-07-06T09:00,33.3,31.9,831.0,833.0,6.07,6.74,11,0
2025-07-06T10:00,34.8,32.6,891.0,893.0,6.56,7.11,12,0
2025-07-06T11:00,35.6,33.0,897.0,899.0,6.76,7.53,8,0
2025-07-06T12:00,34.1,34.6,858.0,826.0,7.67,7.98,0,5
2025-07-06T13:00,33.9,34.2,763.0,751.0,8.57,8.68,15,8
2025-07-06T14:00,33.3,33.2,635.0,636.0,8.89,9.03,21,7
2025-07-06T15:00,32.1,32.1,471.0,434.0,9.35,8.89,4,7
2025-07-06T16:00,30.7,30.5,292.0,299.0,9.08,8.37,41,0
2025-07-06T17:00,29.0,28.7,127.0,137.0,8.32,7.99,47,2
2025-07-06T18:00,27.4,27.8,17.0,22.0,8.65,8.56,71,48
2025-07-06T19:00,25.9,26.0,0.0,0.0,10.03,8.15,52,49
2025-07-06T20:00,24.8,24.9,0.0,0.0,9.73,9.95,19,24
2025-07-06T21:00,24.1,24.2,0.0,0.0,8.92,9.75,0,14
2025-07-06T22:00,23.4,23.5,0.0,0.0,8.62,8.94,1,0
2025-07-06T23:00,22.9,23.0,0.0,0.0,8.23,8.84,0,0
2025-07-07T00:00,22.0,22.5,0.0,0.0,8.35,8.73,0,3
2025-07-07T01:00,21.5,21.9,0.0,0.0,8.04,7.84,0,0
2025-07-07T02:00,21.0,21.4,0.0,0.0,7.74,7.74,0,0
2025-07-07T03:00,20.6,21.2,6.0,6.0,7.38,8.05,0,0
2025-07-07T04:00,21.6,22.2,85.0,85.0,7.43,7.93,0,0
2025-07-07T05:00,23.7,24.0,235.0,235.0,7.51,7.53,0,0
2025-07-07T06:00,26.0,26.4,410.0,408.0,5.79,6.05,0,0
2025-07-07T07:00,28.5,29.1,579.0,577.0,5.22,6.09,0,0
2025-07-07T08:00,30.9,31.5,726.0,723.0,5.89,6.58,0,0
2025-07-07T09:00,32.6,33.0,834.0,831.0,7.13,7.55,0,0
2025-07-07T10:00,33.3,33.7,895.0,892.0,7.8,8.07,0,0
2025-07-07T11:00,33.4,33.9,905.0,902.0,8.6,8.68,1,0
2025-07-07T12:00,32.8,33.0,864.0,860.0,9.54,9.25,0,0
2025-07-07T13:00,32.2,32.6,775.0,771.0,9.7,9.66,0,0
2025-07-07T14:00,31.3,31.7,643.0,640.0,9.29,9.6,0,2
2025-07-07T15:00,30.2,30.4,481.0,478.0,8.92,8.9,0,0
2025-07-07T16:00,28.8,28.8,306.0,304.0,8.54,8.4,0,0
2025-07-07T17:00,26.9,26.9,139.0,137.0,7.64,8.54,0,0
2025-07-07T18:00,25.3,25.0,22.0,22.0,9.86,9.66,0,0
2025-07-07T19:00,23.7,23.5,0.0,0.0,10.31,11.71,0,36
2025-07-07T20:00,22.7,22.7,0.0,0.0,9.84,11.17,0,0
2025-07-07T21:00,22.3,22.1,0.0,0.0,8.86,10.23,0,0
2025-07-07T22:00,21.8,21.8,0.0,0.0,9.19,9.5,0,0
2025-07-07T23:00,21.6,21.6,0.0,0.0,9.2,9.28,0,0
2025-07-08T00:00,21.4,21.1,0.0,0.0,9.02,8.37,0,5
2025-07-08T01:00,20.9,21.0,0.0,0.0,7.51,8.44,0,7
2025-07-08T02:00,20.6,20.9,0.0,0.0,7.84,8.59,0,21
2025-07-08T03:00,20.7,20.9,6.0,5.0,8.02,8.27,17,39
2025-07-08T04:00,21.8,21.9,82.0,81.0,7.53,8.39,16,45
2025-07-08T05:00,23.6,23.6,234.0,226.0,6.66,7.71,0,26
2025-07-08T06:00,25.7,25.8,409.0,410.0,6.93,6.65,2,0
2025-07-08T07:00,27.6,27.6,579.0,579.0,7.29,7.36,0,0
2025-07-08T08:00,29.1,29.0,724.0,723.0,7.3,7.22,0,0
2025-07-08T09:00,30.2,30.2,832.0,831.0,7.94,7.57,0,0
2025-07-08T10:00,31.1,30.9,892.0,893.0,8.2,7.9,0,0
2025-07-08T11:00,31.7,31.3,904.0,902.0,8.54,8.18,0,0
2025-07-08T12:00,32.0,31.7,863.0,864.0,8.54,8.11,0,0
2025-07-08T13:00,31.6,31.4,773.0,775.0,8.39,8.31,0,0
2025-07-08T14:00,30.7,30.5,641.0,644.0,8.38,8.04,0,0
2025-07-08T15:00,29.4,29.3,479.0,481.0,8.17,7.83,0,0
2025-07-08T16:00,27.9,27.8,303.0,305.0,7.71,7.63,0,0
2025-07-08T17:00,26.1,25.8,136.0,138.0,7.91,7.63,0,0
2025-07-08T18:00,23.9,23.7,22.0,22.0,8.59,9.22,0,0
2025-07-08T19:00,22.6,22.4,0.0,0.0,9.21,10.25,39,0
2025-07-08T20:00,22.1,21.7,0.0,0.0,9.18,10.24,50,10
2025-07-08T21:00,21.9,21.2,0.0,0.0,9.29,10.17,59,36
2025-07-08T22:00,21.7,21.0,0.0,0.0,8.9,10.17,51,44
2025-07-08T23:00,21.5,20.9,0.0,0.0,8.89,10.04,49,44
2025-07-09T00:00,21.3,21.0,0.0,0.0,9.38,9.64,48,43
2025-07-09T01:00,21.3,20.9,0.0,0.0,9.78,9.16,52,61
2025-07-09T02:00,21.3,20.9,0.0,0.0,9.19,8.51,73,64
2025-07-09T03:00,21.3,20.9,4.0,5.0,9.12,8.72,59,58
2025-07-09T04:00,22.1,21.7,72.0,70.0,7.93,7.51,63,60
2025-07-09T05:00,23.3,23.0,198.0,200.0,6.25,5.71,68,52
2025-07-09T06:00,25.2,25.1,372.0,375.0,5.31,6.39,53,56
2025-07-09T07:00,26.7,26.9,522.0,526.0,5.28,6.1,73,51
2025-07-09T08:00,28.6,28.6,640.0,656.0,5.43,5.73,59,59
2025-07-09T09:00,30.1,30.2,758.0,786.0,5.09,6.03,37,39
2025-07-09T10:00,31.4,31.2,846.0,842.0,5.0,6.45,38,44
2025-07-09T11:00,32.2,32.1,845.0,859.0,5.27,6.19,38,9
2025-07-09T12:00,32.4,32.3,834.0,853.0,5.33,6.93,20,0
2025-07-09T13:00,31.7,31.9,739.0,769.0,5.62,7.07,100,0
2025-07-09T14:00,30.8,30.8,509.0,640.0,5.62,7.88,69,0
2025-07-09T15:00,29.7,29.3,410.0,464.0,6.52,7.8,84,86
2025-07-09T16:00,28.4,28.0,241.0,240.0,4.78,6.59,100,100
2025-07-09T17:00,25.3,26.6,73.0,97.0,4.92,5.76,82,93
2025-07-09T18:00,26.4,25.3,17.0,18.0,2.82,4.33,87,100
2025-07-09T19:00,25.7,24.3,0.0,0.0,6.79,5.87,76,90
2025-07-09T20:00,22.6,22.8,0.0,0.0,13.24,10.33,72,91
2025-07-09T21:00,19.7,20.7,0.0,0.0,12.63,12.91,100,97
2025-07-09T22:00,18.1,18.6,0.0,0.0,12.08,11.66,100,90
2025-07-09T23:00,18.0,18.1,0.0,0.0,10.0,10.88,91,80
2025-07-10T00:00,17.9,18.4,0.0,0.0,10.26,12.05,69,70
2025-07-10T01:00,17.4,17.6,0.0,0.0,10.1,11.49,69,82
2025-07-10T02:00,16.9,16.6,0.0,0.0,10.78,12.35,89,50
2025-07-10T03:00,16.2,16.0,4.0,4.0,10.29,12.08,60,51
2025-07-10T04:00,16.1,16.0,60.0,81.0,10.5,11.88,52,33
2025-07-10T05:00,16.7,17.0,211.0,233.0,10.01,10.32,48,32
2025-07-10T06:00,17.9,17.8,357.0,390.0,9.11,9.33,38,39
2025-07-10T07:00,19.6,19.5,568.0,572.0,8.14,7.85,30,31
2025-07-10T08:00,21.5,21.7,719.0,728.0,7.44,7.55,30,32
2025-07-10T09:00,23.4,23.6,819.0,836.0,7.54,7.37,66,26
2025-07-10T10:00,24.7,25.0,740.0,901.0,7.48,7.64,63,19
2025-07-10T11:00,25.9,26.1,792.0,914.0,6.59,7.45,56,29
2025-07-10T12:00,27.2,27.1,824.0,852.0,6.5,7.61,68,32
2025-07-10T13:00,27.5,27.2,725.0,738.0,6.99,7.86,28,57
2025-07-10T14:00,27.7,27.3,619.0,600.0,7.51,6.8,65,50
2025-07-10T15:00,27.1,27.1,359.0,416.0,7.16,5.8,67,37
2025-07-10T16:00,26.8,26.6,260.0,306.0,6.11,4.62,48,28
2025-07-10T17:00,25.8,26.0,121.0,131.0,7.07,3.64,42,50
2025-07-10T18:00,23.7,24.3,21.0,22.0,8.86,3.47,33,36
2025-07-10T19:00,22.0,22.7,0.0,0.0,10.21,2.91,30,32
2025-07-10T20:00,20.9,21.5,0.0,0.0,9.41,3.42,14,9
2025-07-10T21:00,20.2,20.2,0.0,0.0,8.46,3.64,11,0
2025-07-10T22:00,19.3,19.2,0.0,0.0,8.01,6.09,17,19
2025-07-10T23:00,18.5,18.7,0.0,0.0,7.4,7.54,23,42
2025-07-11T00:00,17.5,18.1,0.0,0.0,6.07,6.06,44,11
2025-07-11T01:00,16.9,17.5,0.0,0.0,5.49,6.27,43,23
2025-07-11T02:00,16.3,17.2,0.0,0.0,5.83,6.15,10,34
2025-07-11T03:00,16.1,16.9,5.0,5.0,5.92,4.65,6,43
2025-07-11T04:00,17.1,17.6,85.0,81.0,4.73,3.91,7,49
2025-07-11T05:00,19.5,19.4,240.0,221.0,2.98,3.19,5,46
2025-07-11T06:00,21.4,20.9,417.0,390.0,2.58,3.91,14,33
2025-07-11T07:00,23.3,22.6,583.0,542.0,2.7,3.55,25,47
2025-07-11T08:00,24.9,24.2,730.0,657.0,2.83,3.67,19,58
2025-07-11T09:00,25.7,25.5,734.0,748.0,1.63,2.54,80,65
2025-07-11T10:00,26.0,25.7,557.0,634.0,1.12,0.9,71,97
2025-07-11T11:00,26.7,25.7,622.0,444.0,0.79,1.83,91,90
2025-07-11T12:00,27.2,26.1,565.0,520.0,1.39,3.11,83,86
2025-07-11T13:00,26.9,26.0,523.0,428.0,2.45,4.37,80,76
2025-07-11T14:00,26.5,25.9,473.0,428.0,3.46,3.51,70,59
2025-07-11T15:00,26.3,25.8,340.0,343.0,3.47,3.26,66,84
2025-07-11T16:00,25.5,25.2,265.0,228.0,3.81,4.16,51,71
2025-07-11T17:00,24.6,24.2,117.0,109.0,4.1,4.58,48,62
2025-07-11T18:00,22.9,22.7,20.0,20.0,4.35,4.87,47,64
2025-07-11T19:00,21.5,21.5,0.0,0.0,3.68,4.61,44,49
2025-07-11T20:00,21.0,20.6,0.0,0.0,2.94,4.8,40,57
2025-07-11T21:00,20.4,19.8,0.0,0.0,2.26,5.43,11,26
2025-07-11T22:00,19.6,19.3,0.0,0.0,1.74,5.55,5,0
2025-07-11T23:00,18.9,18.9,0.0,0.0,2.48,5.43,0,0
2025-07-12T00:00,17.5,20.2,0.0,0.0,3.4,4.59,0,56
2025-07-12T01:00,16.9,19.3,0.0,0.0,3.51,4.6,0,4
2025-07-12T02:00,16.3,18.4,0.0,0.0,3.13,4.3,7,0
2025-07-12T03:00,16.0,17.5,5.0,5.0,2.64,4.03,0,0
2025-07-12T04:00,17.1,18.1,83.0,84.0,2.55,3.51,0,0
2025-07-12T05:00,21.5,19.9,238.0,237.0,2.69,4.17,0,0
2025-07-12T06:00,24.0,21.5,415.0,414.0,1.45,3.66,0,0
2025-07-12T07:00,25.8,23.4,586.0,587.0,0.44,3.97,0,0
2025-07-12T08:00,27.0,25.3,724.0,735.0,1.08,4.16,34,0
2025-07-12T09:00,28.0,26.9,747.0,846.0,2.35,3.78,50,2
2025-07-12T10:00,29.0,28.0,819.0,910.0,2.71,3.8,57,12
2025-07-12T11:00,29.3,28.6,720.0,915.0,2.67,3.95,76,26
2025-07-12T12:00,29.8,29.8,672.0,879.0,2.56,3.24,86,0
2025-07-12T13:00,29.3,30.0,476.0,792.0,2.47,3.47,76,3
2025-07-12T14:00,29.2,29.9,477.0,656.0,1.33,3.16,56,15
2025-07-12T15:00,28.9,29.5,335.0,488.0,1.04,2.88,52,10
2025-07-12T16:00,28.2,28.9,250.0,310.0,1.1,3.19,45,7
2025-07-12T17:00,26.6,27.5,127.0,142.0,4.37,2.0,23,3
2025-07-12T18:00,24.8,24.9,21.0,18.0,6.76,7.15,21,33
2025-07-12T19:00,23.3,23.3,0.0,0.0,6.38,6.43,39,7
2025-07-12T20:00,22.1,21.9,0.0,0.0,5.87,5.87,26,0
2025-07-12T21:00,21.3,21.2,0.0,0.0,5.92,5.55,4,0
2025-07-12T22:00,20.8,20.9,0.0,0.0,5.66,5.06,2,0
2025-07-12T23:00,20.7,20.8,0.0,0.0,4.88,4.54,0,0
2025-07-13T00:00,20.5,20.1,0.0,0.0,4.49,4.25,0,0
2025-07-13T01:00,20.1,19.9,0.0,0.0,4.66,4.37,0,0
2025-07-13T02:00,19.7,19.4,0.0,0.0,4.66,4.23,0,0
2025-07-13T03:00,19.2,18.9,5.0,5.0,4.71,4.22,0,0
2025-07-13T04:00,19.6,19.4,83.0,83.0,5.59,4.57,0,0
2025-07-13T05:00,22.4,22.1,237.0,239.0,5.46,5.06,0,0
2025-07-13T06:00,24.3,24.2,416.0,416.0,3.78,4.13,0,0
2025-07-13T07:00,26.6,26.5,589.0,589.0,2.72,2.86,0,0
2025-07-13T08:00,29.0,28.8,739.0,738.0,3.1,3.43,0,0
2025-07-13T09:00,30.4,30.5,851.0,848.0,3.98,3.94,0,0
2025-07-13T10:00,31.3,31.4,912.0,910.0,4.18,3.94,0,0
2025-07-13T11:00,31.9,32.0,922.0,921.0,3.82,3.92,0,0
2025-07-13T12:00,32.4,32.4,875.0,880.0,2.91,3.88,1,0
2025-07-13T13:00,32.5,32.5,785.0,788.0,3.0,3.95,0,0
2025-07-13T14:00,32.4,32.2,654.0,655.0,2.89,3.96,0,0
2025-07-13T15:00,31.3,31.7,489.0,491.0,1.79,3.61,0,0
2025-07-13T16:00,29.9,30.9,310.0,313.0,3.13,2.88,0,0
2025-07-13T17:00,27.9,28.6,139.0,141.0,4.67,2.02,0,0
2025-07-13T18:00,25.7,25.4,21.0,22.0,5.77,4.47,0,0
2025-07-13T19:00,23.9,23.6,0.0,0.0,5.88,5.4,0,0
2025-07-13T20:00,22.8,22.7,0.0,0.0,5.89,4.73,0,0
2025-07-13T21:00,22.2,22.0,0.0,0.0,5.0,4.21,0,0
2025-07-13T22:00,22.1,21.8,0.0,0.0,4.23,3.97,0,0
2025-07-13T23:00,21.9,22.0,0.0,0.0,3.55,3.53,0,0
2025-07-14T00:00,21.2,21.6,0.0,0.0,3.63,2.88,0,0
2025-07-14T01:00,20.0,20.8,0.0,0.0,3.46,2.07,0,100
2025-07-14T02:00,19.1,19.7,0.0,0.0,3.2,1.8,92,100
2025-07-14T03:00,18.5,18.8,3.0,4.0,3.23,1.9,44,100
2025-07-14T04:00,19.6,19.3,79.0,64.0,3.69,2.45,73,100
2025-07-14T05:00,23.6,22.4,225.0,163.0,3.44,3.26,100,100
2025-07-14T06:00,26.8,26.6,407.0,375.0,1.96,2.92,0,100
2025-07-14T07:00,29.0,28.5,579.0,494.0,1.11,2.18,0,100
2025-07-14T08:00,30.6,29.6,727.0,566.0,0.79,1.39,0,100
2025-07-14T09:00,31.9,30.9,835.0,646.0,1.28,1.36,0,100
2025-07-14T10:00,33.0,32.2,894.0,801.0,1.67,2.05,19,100
2025-07-14T11:00,33.7,33.2,874.0,839.0,2.59,2.2,35,82
2025-07-14T12:00,33.6,32.5,768.0,591.0,2.9,2.41,50,100
2025-07-14T13:00,33.2,32.9,721.0,639.0,5.08,3.79,31,100
2025-07-14T14:00,32.6,32.4,627.0,572.0,3.81,4.7,27,62
2025-07-14T15:00,32.0,31.9,458.0,453.0,3.91,4.22,96,48
2025-07-14T16:00,31.0,30.8,286.0,269.0,4.3,3.97,13,100
2025-07-14T17:00,28.7,28.9,130.0,103.0,5.3,3.64,89,100
2025-07-14T18:00,26.0,25.8,19.0,18.0,5.6,3.32,60,74
2025-07-14T19:00,24.1,23.8,0.0,0.0,5.2,2.89,2,74
2025-07-14T20:00,23.2,23.0,0.0,0.0,4.35,2.43,35,70
2025-07-14T21:00,23.1,23.1,0.0,0.0,3.85,1.58,45,83
2025-07-14T22:00,23.0,22.9,0.0,0.0,3.56,0.9,57,75
2025-07-14T23:00,22.5,22.4,0.0,0.0,3.15,1.0,39,15
2025-07-15T00:00,21.8,21.3,0.0,0.0,3.25,2.58,43,0
2025-07-15T01:00,20.6,20.7,0.0,0.0,3.2,4.25,33,0
2025-07-15T02:00,20.3,20.6,0.0,0.0,3.45,5.89,42,0
2025-07-15T03:00,20.2,20.6,3.0,4.0,3.68,6.39,51,0
2025-07-15T04:00,21.3,21.7,73.0,76.0,4.09,6.64,39,0
2025-07-15T05:00,24.8,25.1,220.0,226.0,4.43,6.31,31,21
2025-07-15T06:00,27.4,27.4,368.0,380.0,4.3,4.61,38,62
2025-07-15T07:00,29.6,29.6,558.0,537.0,3.92,2.83,22,74
2025-07-15T08:00,31.9,31.4,713.0,634.0,4.67,1.9,20,96
2025-07-15T09:00,33.2,32.8,809.0,689.0,5.28,1.53,51,92
2025-07-15T10:00,34.1,33.5,826.0,769.0,4.59,1.04,37,84
2025-07-15T11:00,34.6,32.2,849.0,615.0,4.78,3.18,27,84
2025-07-15T12:00,32.8,33.1,679.0,731.0,3.95,4.9,78,99
2025-07-15T13:00,32.7,32.6,578.0,499.0,3.55,1.5,65,96
2025-07-15T14:00,32.4,32.9,492.0,507.0,2.1,1.97,100,90
2025-07-15T15:00,31.7,31.1,364.0,266.0,2.83,2.55,96,100
2025-07-15T16:00,31.1,30.3,238.0,160.0,1.18,0.84,94,100
2025-07-15T17:00,29.7,29.3,109.0,114.0,4.22,2.33,30,56
2025-07-15T18:00,27.7,27.6,18.0,19.0,6.18,5.49,33,90
2025-07-15T19:00,25.7,25.9,0.0,0.0,5.88,5.76,19,45
2025-07-15T20:00,24.7,24.7,0.0,0.0,6.17,5.94,100,33
2025-07-15T21:00,23.9,23.9,0.0,0.0,6.13,5.96,100,50
2025-07-15T22:00,23.5,23.4,0.0,0.0,5.88,5.95,100,74
2025-07-15T23:00,23.0,22.8,0.0,0.0,5.57,6.32,100,84
2025-07-16T00:00,22.2,21.9,0.0,0.0,5.29,4.7,100,41
2025-07-16T01:00,21.6,21.7,0.0,0.0,4.81,5.09,13,35
2025-07-16T02:00,20.8,21.2,0.0,0.0,4.37,5.56,2,46
2025-07-16T03:00,20.4,20.9,4.0,3.0,5.19,4.56,2,79
2025-07-16T04:00,21.7,21.8,75.0,69.0,5.35,3.92,21,85
2025-07-16T05:00,24.1,24.2,223.0,214.0,3.73,3.94,14,78
2025-07-16T06:00,26.2,26.1,390.0,396.0,2.72,3.14,2,0
2025-07-16T07:00,28.2,28.3,565.0,566.0,3.02,2.76,0,15
2025-07-16T08:00,29.6,30.1,663.0,692.0,3.59,2.11,100,44
2025-07-16T09:00,30.4,31.3,759.0,690.0,2.92,2.17,100,72
2025-07-16T10:00,31.1,31.9,719.0,705.0,2.65,2.08,90,74
2025-07-16T11:00,31.8,32.4,735.0,668.0,2.57,1.48,70,79
2025-07-16T12:00,32.4,32.4,692.0,662.0,4.02,0.63,73,76
2025-07-16T13:00,32.3,32.5,577.0,550.0,4.85,1.2,88,100
2025-07-16T14:00,31.0,32.0,436.0,378.0,2.98,3.07,100,100
2025-07-16T15:00,28.0,30.2,180.0,276.0,0.6,3.2,100,100
2025-07-16T16:00,27.9,29.9,181.0,194.0,2.35,4.04,100,100
2025-07-16T17:00,27.0,28.8,92.0,75.0,3.29,4.35,100,100
2025-07-16T18:00,25.1,27.4,12.0,15.0,3.57,1.38,100,100
2025-07-16T19:00,23.8,26.0,0.0,0.0,2.56,2.36,72,100
2025-07-16T20:00,23.0,24.6,0.0,0.0,1.85,2.11,44,100
2025-07-16T21:00,22.4,23.6,0.0,0.0,2.72,2.37,100,99
2025-07-16T22:00,21.8,23.1,0.0,0.0,4.0,2.98,13,61
2025-07-16T23:00,21.6,22.8,0.0,0.0,2.94,6.04,15,72
2025-07-17T00:00,21.3,22.3,0.0,0.0,2.63,5.11,100,97
2025-07-17T01:00,21.6,22.1,0.0,0.0,6.35,6.47,96,74
2025-07-17T02:00,21.2,22.0,0.0,0.0,7.68,6.68,25,78
2025-07-17T03:00,21.1,22.3,3.0,2.0,8.46,7.35,74,70
2025-07-17T04:00,22.2,22.5,71.0,44.0,7.26,4.84,39,100
2025-07-17T05:00,23.6,23.4,207.0,133.0,3.83,5.52,99,100
2025-07-17T06:00,24.3,24.0,335.0,290.0,1.5,2.76,98,100
2025-07-17T07:00,25.9,25.6,517.0,429.0,1.71,3.48,66,100
2025-07-17T08:00,27.1,27.3,542.0,625.0,0.57,3.14,75,100
2025-07-17T09:00,28.1,28.3,595.0,671.0,1.31,1.67,65,100
2025-07-17T10:00,28.7,29.4,612.0,688.0,1.77,0.77,79,100
2025-07-17T11:00,29.3,29.6,683.0,697.0,1.18,1.28,68,92
2025-07-17T12:00,27.9,27.7,624.0,641.0,2.94,3.03,85,100
2025-07-17T13:00,28.6,28.2,608.0,592.0,3.06,2.29,75,100
2025-07-17T14:00,28.1,27.9,501.0,384.0,4.99,3.48,65,100
2025-07-17T15:00,27.2,27.3,350.0,297.0,5.17,5.53,100,100
2025-07-17T16:00,26.5,26.3,218.0,177.0,4.95,4.7,100,100
2025-07-17T17:00,25.3,25.3,97.0,61.0,5.83,4.29,100,100
2025-07-17T18:00,23.6,22.1,11.0,3.0,6.25,3.26,100,100
2025-07-17T19:00,23.2,21.7,0.0,0.0,6.09,6.14,100,100
2025-07-17T20:00,22.7,20.2,0.0,0.0,4.71,8.25,100,100
2025-07-17T21:00,22.2,19.5,0.0,0.0,5.39,2.42,100,100
2025-07-17T22:00,21.5,19.4,0.0,0.0,10.65,2.77,100,100
2025-07-17T23:00,20.2,19.2,0.0,0.0,8.37,6.66,100,100
2025-07-18T00:00,20.1,19.3,0.0,0.0,7.23,5.78,100,100
2025-07-18T01:00,20.3,19.4,0.0,0.0,9.08,6.82,100,100
2025-07-18T02:00,19.8,19.5,0.0,0.0,9.5,8.45,100,100
2025-07-18T03:00,18.5,19.0,2.0,2.0,9.11,8.65,100,100
2025-07-18T04:00,18.4,18.4,54.0,49.0,8.36,7.67,97,100
2025-07-18T05:00,18.4,18.5,164.0,162.0,8.69,8.13,64,100
2025-07-18T06:00,18.9,19.2,359.0,246.0,8.53,7.26,44,100
2025-07-18T07:00,20.5,20.5,550.0,340.0,7.46,6.04,26,100
2025-07-18T08:00,22.4,22.2,713.0,492.0,7.35,5.37,15,100
2025-07-18T09:00,24.0,23.4,834.0,643.0,7.15,5.19,8,79
2025-07-18T10:00,25.3,24.6,902.0,711.0,7.65,4.96,3,57
2025-07-18T11:00,26.5,25.5,915.0,781.0,7.98,5.52,4,43
2025-07-18T12:00,26.8,26.7,864.0,873.0,8.06,7.76,32,0
2025-07-18T13:00,27.2,26.8,748.0,775.0,7.55,7.74,35,35
2025-07-18T14:00,27.2,26.9,609.0,599.0,7.66,7.95,40,43
2025-07-18T15:00,27.1,26.9,447.0,453.0,6.89,7.46,50,47
2025-07-18T16:00,26.5,26.2,273.0,289.0,7.23,7.26,34,8
2025-07-18T17:00,25.3,25.2,132.0,134.0,6.55,6.4,0,0
2025-07-18T18:00,23.5,22.9,17.0,19.0,7.52,5.63,8,1
2025-07-18T19:00,22.0,21.5,0.0,0.0,6.25,5.78,24,1
2025-07-18T20:00,21.2,20.9,0.0,0.0,5.24,6.19,67,39
2025-07-18T21:00,20.6,20.4,0.0,0.0,3.64,6.86,66,25
2025-07-18T22:00,20.0,19.6,0.0,0.0,2.86,6.44,59,0
2025-07-18T23:00,19.3,18.8,0.0,0.0,2.85,5.44,4,0
2025-07-19T00:00,17.8,18.3,0.0,0.0,2.77,2.81,9,0
2025-07-19T01:00,17.8,17.7,0.0,0.0,2.87,3.05,43,0
2025-07-19T02:00,17.5,17.3,0.0,0.0,4.61,1.67,7,0
2025-07-19T03:00,17.0,16.8,2.0,2.0,5.61,0.89,19,0
2025-07-19T04:00,17.8,17.4,70.0,72.0,4.8,0.22,84,14
2025-07-19T05:00,19.5,19.6,205.0,217.0,3.74,0.63,51,100
2025-07-19T06:00,21.0,21.1,395.0,384.0,5.13,1.67,9,34
2025-07-19T07:00,22.5,23.0,564.0,568.0,5.31,1.4,5,12
2025-07-19T08:00,24.1,24.4,714.0,713.0,4.72,1.18,5,57
2025-07-19T09:00,25.6,25.6,826.0,820.0,4.22,1.27,0,6
2025-07-19T10:00,26.9,26.6,892.0,884.0,3.64,1.36,0,63
2025-07-19T11:00,27.6,27.0,892.0,739.0,3.92,1.98,50,37
2025-07-19T12:00,28.3,27.6,794.0,673.0,3.83,3.72,47,73
2025-07-19T13:00,28.4,27.9,620.0,581.0,4.9,4.41,85,47
2025-07-19T14:00,28.3,27.8,448.0,511.0,4.83,3.26,73,54
2025-07-19T15:00,28.0,27.4,398.0,390.0,4.63,3.26,46,64
2025-07-19T16:00,27.6,26.2,285.0,256.0,3.19,1.71,2,48
2025-07-19T17:00,26.3,24.5,131.0,123.0,3.07,5.57,21,25
2025-07-19T18:00,24.4,23.3,17.0,16.0,0.49,7.32,17,15
2025-07-19T19:00,22.5,22.1,0.0,0.0,6.46,8.39,1,0
2025-07-19T20:00,21.9,21.6,0.0,0.0,6.96,7.41,28,0
2025-07-19T21:00,20.9,21.0,0.0,0.0,6.17,6.77,0,3
2025-07-19T22:00,20.3,20.3,0.0,0.0,6.12,6.48,0,0
2025-07-19T23:00,19.9,19.7,0.0,0.0,5.52,5.8,4,0
2025-07-20T00:00,19.1,19.2,0.0,0.0,5.01,3.73,8,0
2025-07-20T01:00,19.0,18.8,0.0,0.0,4.81,3.56,0,0
2025-07-20T02:00,19.0,18.8,0.0,0.0,4.3,3.78,0,0
2025-07-20T03:00,19.1,18.9,2.0,2.0,3.97,3.57,0,0
2025-07-20T04:00,19.9,19.6,71.0,72.0,3.79,3.33,0,0
2025-07-20T05:00,22.1,22.1,222.0,222.0,4.44,3.37,0,0
2025-07-20T06:00,24.4,24.4,398.0,399.0,3.83,3.04,0,0
2025-07-20T07:00,25.8,26.0,571.0,571.0,3.72,2.16,0,0
2025-07-20T08:00,27.4,27.7,718.0,720.0,3.66,2.71,0,0
2025-07-20T09:00,29.0,28.8,831.0,815.0,3.74,3.26,0,53
2025-07-20T10:00,30.0,29.7,849.0,834.0,4.22,3.11,39,22
2025-07-20T11:00,30.7,30.3,825.0,875.0,4.51,3.48,40,42
2025-07-20T12:00,31.3,31.2,811.0,810.0,5.2,3.46,47,25
2025-07-20T13:00,31.3,31.4,704.0,733.0,5.0,3.33,62,49
2025-07-20T14:00,30.9,31.0,519.0,476.0,4.52,4.73,35,60
2025-07-20T15:00,30.7,30.8,439.0,394.0,3.63,3.56,37,46
2025-07-20T16:00,30.1,29.6,286.0,280.0,2.7,3.05,18,11
2025-07-20T17:00,28.6,27.1,129.0,129.0,1.31,7.3,8,0
2025-07-20T18:00,26.4,26.2,17.0,17.0,1.96,7.43,0,4
2025-07-20T19:00,24.6,24.7,0.0,0.0,3.33,7.96,2,0
2025-07-20T20:00,23.1,23.6,0.0,0.0,4.93,7.88,0,0
2025-07-20T21:00,22.5,22.5,0.0,0.0,5.7,7.28,0,0
2025-07-20T22:00,22.0,21.6,0.0,0.0,5.69,6.68,4,0
2025-07-20T23:00,21.3,21.1,0.0,0.0,6.14,6.22,0,0
2025-07-21T00:00,20.8,20.5,0.0,0.0,5.74,5.31,0,0
2025-07-21T01:00,20.8,20.4,0.0,0.0,5.53,5.3,0,0
2025-07-21T02:00,20.5,20.0,0.0,0.0,5.39,5.7,0,0
2025-07-21T03:00,20.5,20.0,2.0,2.0,5.28,5.83,23,18
2025-07-21T04:00,21.5,21.2,67.0,67.0,4.47,4.55,3,13
2025-07-21T05:00,23.9,23.8,216.0,215.0,3.98,4.13,1,4
2025-07-21T06:00,26.5,25.9,376.0,335.0,3.37,3.45,35,62
2025-07-21T07:00,28.8,27.9,540.0,435.0,1.06,2.24,35,70
2025-07-21T08:00,31.0,29.9,699.0,557.0,1.52,2.07,7,55
2025-07-21T09:00,32.6,31.9,822.0,732.0,2.16,2.24,0,46
2025-07-21T10:00,33.4,33.0,799.0,770.0,2.77,3.07,46,56
2025-07-21T11:00,34.3,33.9,793.0,724.0,2.43,3.87,60,51
2025-07-21T12:00,34.8,35.0,734.0,744.0,3.14,3.53,28,29
2025-07-21T13:00,34.8,35.3,698.0,706.0,2.65,3.45,50,31
2025-07-21T14:00,33.9,35.0,522.0,571.0,3.51,1.73,45,38
2025-07-21T15:00,32.3,33.8,441.0,388.0,8.25,5.71,25,44
2025-07-21T16:00,31.2,32.0,282.0,275.0,9.2,9.06,3,6
2025-07-21T17:00,29.5,30.0,124.0,124.0,8.29,8.65,0,0
2025-07-21T18:00,28.3,27.2,15.0,15.0,8.83,9.36,38,0
2025-07-21T19:00,26.5,25.5,0.0,0.0,9.71,10.14,8,2
2025-07-21T20:00,25.4,24.3,0.0,0.0,9.75,10.98,0,7
2025-07-21T21:00,24.6,23.5,0.0,0.0,9.38,11.18,0,30
2025-07-21T22:00,24.0,23.2,0.0,0.0,9.62,10.69,0,26
2025-07-21T23:00,23.5,23.0,0.0,0.0,9.28,9.62,50,34
2025-07-22T00:00,23.3,22.4,0.0,0.0,9.05,8.54,19,33
2025-07-22T01:00,22.9,22.2,0.0,0.0,8.57,7.9,3,29
2025-07-22T02:00,22.4,21.8,0.0,0.0,7.49,7.25,0,20
2025-07-22T03:00,21.8,21.3,1.0,1.0,6.69,6.13,0,0
2025-07-22T04:00,22.3,22.0,63.0,63.0,5.94,5.49,0,0
2025-07-22T05:00,24.4,24.3,206.0,206.0,5.32,5.04,0,0
2025-07-22T06:00,26.6,26.5,379.0,379.0,3.93,4.8,0,0
2025-07-22T07:00,29.1,29.2,550.0,550.0,2.56,3.76,0,0
2025-07-22T08:00,31.7,31.8,700.0,698.0,3.15,3.63,0,0
2025-07-22T09:00,34.0,34.0,809.0,809.0,3.19,3.27,5,0
2025-07-22T10:00,35.6,35.7,847.0,872.0,3.14,3.09,56,16
2025-07-22T11:00,36.6,36.9,822.0,873.0,3.58,2.59,46,43
2025-07-22T12:00,37.0,36.8,755.0,793.0,3.38,5.4,37,20
2025-07-22T13:00,36.0,35.5,673.0,672.0,6.31,5.36,63,18
2025-07-22T14:00,35.4,34.9,524.0,579.0,6.33,5.17,41,56
2025-07-22T15:00,34.3,33.3,429.0,435.0,5.92,5.48,71,29
2025-07-22T16:00,32.2,31.3,215.0,274.0,5.52,6.04,55,5
2025-07-22T17:00,30.3,29.1,109.0,117.0,5.36,6.52,0,42
2025-07-22T18:00,28.3,27.6,14.0,13.0,5.15,7.28,40,42
2025-07-22T19:00,26.7,25.9,0.0,0.0,5.32,5.2,49,47
2025-07-22T20:00,26.0,24.6,0.0,0.0,3.25,4.02,72,50
2025-07-22T21:00,25.1,24.2,0.0,0.0,5.26,4.65,64,52
2025-07-22T22:00,24.4,24.0,0.0,0.0,3.89,5.79,67,75
2025-07-22T23:00,23.5,24.0,0.0,0.0,3.03,6.2,38,83
2025-07-23T00:00,22.5,22.6,0.0,0.0,3.8,5.11,7,48
2025-07-23T01:00,21.9,22.4,0.0,0.0,2.56,4.28,15,17
2025-07-23T02:00,21.8,22.5,0.0,0.0,2.46,4.62,25,1
2025-07-23T03:00,21.7,22.2,1.0,1.0,3.02,4.44,59,41
2025-07-23T04:00,22.7,22.8,50.0,38.0,6.27,6.85,68,77
2025-07-23T05:00,25.1,24.7,156.0,115.0,10.2,9.37,62,77
2025-07-23T06:00,25.6,25.3,215.0,224.0,8.67,7.45,72,61
2025-07-23T07:00,27.5,27.4,417.0,467.0,7.96,7.35,67,34
2025-07-23T08:00,28.8,29.3,539.0,684.0,6.94,6.09,53,28
2025-07-23T09:00,30.2,30.5,719.0,740.0,6.44,5.63,44,72
2025-07-23T10:00,31.2,31.1,827.0,670.0,5.92,4.33,53,83
2025-07-23T11:00,31.6,31.9,768.0,686.0,5.59,3.64,61,88
2025-07-23T12:00,31.6,32.1,835.0,750.0,6.08,3.73,9,36
2025-07-23T13:00,31.0,32.1,702.0,707.0,6.66,3.69,55,44
2025-07-23T14:00,30.3,31.1,554.0,571.0,6.97,4.88,2,33
2025-07-23T15:00,29.3,30.2,436.0,390.0,7.56,5.26,52,37
2025-07-23T16:00,28.1,29.4,245.0,271.0,6.05,4.61,26,38
2025-07-23T17:00,26.6,27.9,114.0,113.0,5.4,4.91,3,11
2025-07-23T18:00,25.3,25.2,14.0,14.0,6.53,5.9,3,100
2025-07-23T19:00,24.2,24.2,0.0,0.0,6.14,5.8,58,100
2025-07-23T20:00,23.4,23.4,0.0,0.0,5.73,5.06,79,100
2025-07-23T21:00,23.3,22.9,0.0,0.0,5.6,4.49,100,100
2025-07-23T22:00,23.3,22.4,0.0,0.0,4.65,3.41,100,100
2025-07-23T23:00,23.1,22.5,0.0,0.0,3.56,3.46,100,100
2025-07-24T00:00,22.5,22.5,0.0,0.0,2.64,3.96,100,100
2025-07-24T01:00,22.3,22.6,0.0,0.0,1.5,3.07,100,100
2025-07-24T02:00,22.2,22.8,0.0,0.0,1.24,3.02,100,100
2025-07-24T03:00,22.9,22.9,0.0,1.0,2.16,3.72,100,100
2025-07-24T04:00,23.1,23.3,10.0,24.0,4.13,3.94,100,100
2025-07-24T05:00,23.4,24.7,34.0,94.0,7.14,4.37,100,87
2025-07-24T06:00,25.2,24.9,128.0,241.0,6.06,6.71,75,66
2025-07-24T07:00,27.2,27.2,375.0,462.0,2.36,4.37,54,55
2025-07-24T08:00,28.6,29.2,599.0,600.0,3.49,4.57,46,68
2025-07-24T09:00,30.2,30.7,747.0,682.0,4.34,4.17,38,50
2025-07-24T10:00,31.4,31.7,832.0,792.0,4.9,4.3,39,49
2025-07-24T11:00,32.0,32.3,817.0,833.0,5.0,4.5,47,17
2025-07-24T12:00,31.7,31.9,808.0,829.0,5.55,4.65,32,20
2025-07-24T13:00,31.8,31.9,733.0,727.0,5.41,4.3,26,50
2025-07-24T14:00,31.3,31.4,595.0,546.0,5.49,4.86,38,38
2025-07-24T15:00,30.3,30.5,409.0,440.0,5.66,5.35,42,29
2025-07-24T16:00,29.2,29.4,261.0,275.0,5.37,4.94,49,10
2025-07-24T17:00,27.6,27.7,109.0,115.0,5.11,4.95,7,15
2025-07-24T18:00,26.0,25.8,13.0,12.0,5.77,6.33,0,0
2025-07-24T19:00,24.6,24.4,0.0,0.0,5.42,6.15,0,0
2025-07-24T20:00,23.7,23.4,0.0,0.0,5.17,5.62,3,0
2025-07-24T21:00,23.1,22.6,0.0,0.0,4.65,4.73,10,0
2025-07-24T22:00,22.5,22.0,0.0,0.0,4.18,4.3,27,0
2025-07-24T23:00,22.1,21.9,0.0,0.0,3.83,3.94,25,0
2025-07-25T00:00,21.6,21.6,0.0,0.0,3.28,2.98,2,0
2025-07-25T01:00,21.4,21.3,0.0,0.0,3.29,2.89,0,0
2025-07-25T02:00,21.2,21.0,0.0,0.0,2.85,2.72,0,0
2025-07-25T03:00,21.0,20.9,1.0,1.0,2.55,2.73,0,0
2025-07-25T04:00,21.6,21.7,59.0,59.0,3.19,2.76,0,0
2025-07-25T05:00,24.3,24.3,203.0,203.0,3.23,2.88,0,0
2025-07-25T06:00,26.5,26.7,377.0,376.0,2.65,1.98,0,0
2025-07-25T07:00,28.7,28.9,549.0,548.0,2.37,2.59,0,0
2025-07-25T08:00,30.8,31.0,698.0,697.0,3.29,2.97,0,0
2025-07-25T09:00,32.6,32.9,809.0,810.0,3.64,3.14,0,0
2025-07-25T10:00,33.9,34.1,873.0,875.0,3.61,2.85,0,0
2025-07-25T11:00,34.8,35.0,885.0,887.0,3.59,2.97,0,0
2025-07-25T12:00,34.7,34.5,844.0,842.0,4.56,4.57,0,0
2025-07-25T13:00,34.5,34.0,754.0,751.0,5.13,5.82,0,0
2025-07-25T14:00,33.6,33.2,620.0,619.0,6.18,6.25,0,0
2025-07-25T15:00,32.1,32.3,456.0,457.0,6.64,6.61,0,0
2025-07-25T16:00,30.9,31.1,279.0,280.0,6.41,6.58,0,0
2025-07-25T17:00,29.1,29.4,114.0,115.0,5.97,6.35,0,0
2025-07-25T18:00,27.4,27.9,13.0,12.0,7.32,8.33,0,0
2025-07-25T19:00,26.3,26.9,0.0,0.0,8.46,8.43,0,3
2025-07-25T20:00,25.5,25.9,0.0,0.0,8.19,7.6,4,0
2025-07-25T21:00,24.9,25.3,0.0,0.0,7.68,7.96,0,0
2025-07-25T22:00,24.1,24.7,0.0,0.0,7.44,7.96,0,0
2025-07-25T23:00,23.5,24.0,0.0,0.0,7.1,7.03,17,0
2025-07-26T00:00,23.3,23.1,0.0,0.0,5.37,5.83,0,2
2025-07-26T01:00,23.5,22.9,0.0,0.0,4.02,5.39,0,11
2025-07-26T02:00,23.6,22.4,0.0,0.0,3.47,4.21,0,34
2025-07-26T03:00,23.5,22.4,1.0,1.0,3.11,3.6,0,46
2025-07-26T04:00,23.3,23.0,57.0,50.0,3.07,4.12,0,48
2025-07-26T05:00,25.6,25.4,198.0,176.0,3.35,3.81,0,37
2025-07-26T06:00,27.9,28.2,370.0,356.0,3.55,3.35,0,15
2025-07-26T07:00,30.2,30.6,542.0,537.0,1.88,2.31,0,5
2025-07-26T08:00,32.5,33.2,691.0,690.0,2.08,2.08,0,0
2025-07-26T09:00,34.7,35.6,803.0,805.0,2.45,2.35,0,0
2025-07-26T10:00,36.3,37.2,869.0,871.0,2.63,2.67,0,0
2025-07-26T11:00,37.4,38.1,881.0,883.0,2.15,3.11,0,0
2025-07-26T12:00,37.9,38.8,842.0,840.0,2.54,2.18,0,0
2025-07-26T13:00,37.8,38.5,750.0,748.0,4.51,4.17,0,6
2025-07-26T14:00,36.4,37.2,616.0,603.0,6.71,7.23,0,15
2025-07-26T15:00,35.0,35.8,454.0,444.0,7.54,7.45,0,0
2025-07-26T16:00,33.5,34.1,279.0,279.0,7.15,6.59,0,0
2025-07-26T17:00,31.3,31.8,114.0,114.0,7.13,6.44,0,0
2025-07-26T18:00,29.2,29.9,11.0,12.0,8.26,8.2,0,0
2025-07-26T19:00,27.6,28.3,0.0,0.0,7.9,8.63,0,0
2025-07-26T20:00,26.3,27.1,0.0,0.0,7.36,8.33,0,0
2025-07-26T21:00,25.2,26.1,0.0,0.0,7.15,8.18,0,0
2025-07-26T22:00,24.4,25.2,0.0,0.0,6.86,8.23,0,0
2025-07-26T23:00,23.8,24.4,0.0,0.0,6.67,7.49,0,0
2025-07-27T00:00,23.5,23.6,0.0,0.0,5.2,4.93,0,0
2025-07-27T01:00,23.0,23.2,0.0,0.0,5.29,5.1,0,0
2025-07-27T02:00,22.6,22.8,0.0,0.0,4.83,5.21,0,0
2025-07-27T03:00,22.4,22.2,1.0,1.0,4.27,4.19,0,0
2025-07-27T04:00,22.9,22.2,57.0,56.0,3.88,3.82,0,0
2025-07-27T05:00,25.3,25.0,200.0,198.0,4.1,3.41,0,0
2025-07-27T06:00,27.4,27.5,374.0,372.0,4.27,3.66,0,0
2025-07-27T07:00,29.3,29.2,548.0,545.0,4.47,3.64,0,0
2025-07-27T08:00,31.0,31.0,697.0,697.0,5.02,4.54,0,0
2025-07-27T09:00,32.2,32.3,810.0,809.0,6.54,5.76,0,0
2025-07-27T10:00,32.9,33.1,876.0,873.0,7.19,6.82,0,0
2025-07-27T11:00,33.2,33.2,886.0,885.0,7.6,7.66,0,0
2025-07-27T12:00,33.1,32.9,845.0,843.0,7.78,7.44,0,0
2025-07-27T13:00,32.8,32.5,754.0,752.0,7.78,7.56,0,0
2025-07-27T14:00,32.1,31.7,621.0,619.0,7.56,8.15,0,0
2025-07-27T15:00,30.9,30.5,457.0,455.0,7.44,8.03,0,0
2025-07-27T16:00,29.4,29.1,280.0,277.0,7.2,7.11,0,0
2025-07-27T17:00,27.5,27.3,114.0,112.0,6.86,7.04,0,0
2025-07-27T18:00,25.7,25.2,11.0,12.0,8.36,8.3,0,0
2025-07-27T19:00,24.5,24.3,0.0,0.0,7.88,8.89,0,0
2025-07-27T20:00,23.6,23.5,0.0,0.0,8.67,8.34,0,0
2025-07-27T21:00,23.5,23.3,0.0,0.0,9.61,9.46,0,0
2025-07-27T22:00,23.1,23.1,0.0,0.0,9.31,9.72,0,0
2025-07-27T23:00,22.9,22.8,0.0,0.0,9.24,9.32,0,0
2025-07-28T00:00,22.5,22.4,0.0,0.0,8.32,8.52,0,0
2025-07-28T01:00,22.2,22.2,0.0,0.0,7.28,9.04,3,0
2025-07-28T02:00,22.0,22.1,0.0,0.0,6.57,8.46,40,0
2025-07-28T03:00,22.3,21.7,0.0,0.0,6.3,7.57,62,0
2025-07-28T04:00,23.6,22.9,39.0,56.0,6.23,8.01,69,2
2025-07-28T05:00,25.1,25.2,133.0,193.0,5.58,7.5,70,39
2025-07-28T06:00,26.5,26.5,269.0,275.0,4.23,4.3,67,66
2025-07-28T07:00,27.7,28.1,373.0,404.0,4.13,3.28,57,54
2025-07-28T08:00,29.3,29.5,544.0,533.0,3.63,2.63,61,65
2025-07-28T09:00,30.6,30.7,644.0,604.0,3.19,2.39,59,58
2025-07-28T10:00,31.8,31.9,668.0,691.0,2.18,2.01,57,60
2025-07-28T11:00,33.1,32.9,741.0,726.0,1.58,1.73,37,48
2025-07-28T12:00,33.9,33.6,772.0,694.0,0.79,1.73,42,44
2025-07-28T13:00,34.2,34.2,675.0,688.0,0.4,2.73,47,43
2025-07-28T14:00,34.1,34.2,529.0,564.0,0.98,2.98,53,47
2025-07-28T15:00,32.8,33.3,409.0,404.0,3.27,2.45,28,43
2025-07-28T16:00,31.3,32.0,257.0,246.0,4.18,1.88,14,38
2025-07-28T17:00,29.2,30.0,109.0,101.0,4.88,4.59,1,26
2025-07-28T18:00,27.3,27.5,10.0,10.0,5.08,5.7,35,2
2025-07-28T19:00,26.3,26.4,0.0,0.0,5.4,5.48,93,26
2025-07-28T20:00,25.6,25.6,0.0,0.0,5.0,5.02,98,0
2025-07-28T21:00,25.4,25.0,0.0,0.0,4.95,5.1,88,1
2025-07-28T22:00,25.1,24.7,0.0,0.0,4.51,5.02,96,11
2025-07-28T23:00,25.4,24.4,0.0,0.0,9.13,5.66,51,63
2025-07-29T00:00,24.8,24.5,0.0,0.0,11.0,8.76,75,59
2025-07-29T01:00,24.1,24.0,0.0,0.0,10.53,9.19,36,27
2025-07-29T02:00,23.4,22.7,0.0,0.0,9.81,8.86,45,35
2025-07-29T03:00,21.9,21.9,0.0,0.0,10.43,8.48,68,70
2025-07-29T04:00,21.3,22.4,33.0,39.0,8.37,7.53,70,73
2025-07-29T05:00,21.9,23.5,147.0,129.0,5.75,5.75,71,75
2025-07-29T06:00,23.0,23.9,256.0,205.0,6.75,5.66,77,78
2025-07-29T07:00,24.1,24.5,350.0,296.0,5.06,4.78,74,82
2025-07-29T08:00,25.3,26.1,457.0,467.0,4.92,4.67,81,81
2025-07-29T09:00,26.2,27.8,503.0,573.0,4.02,3.56,78,85
2025-07-29T10:00,27.7,28.2,598.0,497.0,3.41,4.37,83,84
2025-07-29T11:00,27.8,29.0,571.0,533.0,4.94,3.6,80,80
2025-07-29T12:00,27.1,30.2,441.0,655.0,3.93,4.35,91,59
2025-07-29T13:00,27.5,29.8,431.0,536.0,3.92,5.45,69,79
2025-07-29T14:00,27.5,29.0,465.0,352.0,4.85,5.92,88,94
2025-07-29T15:00,26.2,28.9,272.0,243.0,5.13,4.55,96,81
2025-07-29T16:00,25.7,28.2,148.0,130.0,4.99,4.43,71,100
2025-07-29T17:00,25.0,26.9,76.0,34.0,4.3,3.53,96,100
2025-07-29T18:00,24.2,25.5,8.0,6.0,5.11,5.59,68,99
2025-07-29T19:00,23.8,24.7,0.0,0.0,4.61,5.36,84,98
2025-07-29T20:00,23.5,23.9,0.0,0.0,5.79,6.25,100,95
2025-07-29T21:00,23.1,23.2,0.0,0.0,4.27,7.61,79,96
2025-07-29T22:00,22.7,22.5,0.0,0.0,4.02,6.57,97,94
2025-07-29T23:00,22.4,21.8,0.0,0.0,4.62,5.19,85,97
2025-07-30T00:00,20.9,21.5,0.0,0.0,4.8,4.61,82,97
2025-07-30T01:00,20.4,21.1,0.0,0.0,5.59,4.71,83,94
2025-07-30T02:00,20.1,20.8,0.0,0.0,6.33,4.21,86,75
2025-07-30T03:00,19.8,20.3,0.0,0.0,5.51,4.23,93,80
2025-07-30T04:00,20.1,20.4,24.0,36.0,4.46,3.74,87,90
2025-07-30T05:00,21.0,21.0,119.0,127.0,2.54,2.75,92,83
2025-07-30T06:00,21.4,22.1,197.0,243.0,3.12,1.12,91,89
2025-07-30T07:00,22.5,23.4,314.0,360.0,4.3,2.51,86,78
2025-07-30T08:00,24.1,24.6,460.0,461.0,4.39,3.12,88,87
2025-07-30T09:00,25.7,26.5,552.0,652.0,5.2,2.91,81,58
2025-07-30T10:00,27.1,27.2,630.0,584.0,5.27,4.44,75,81
2025-07-30T11:00,27.2,27.9,637.0,581.0,6.52,5.0,68,78
2025-07-30T12:00,27.1,28.3,675.0,674.0,5.9,5.75,66,47
2025-07-30T13:00,27.0,28.4,576.0,662.0,6.92,5.87,59,38
2025-07-30T14:00,27.2,28.3,551.0,593.0,6.42,5.74,5,13
2025-07-30T15:00,26.8,27.7,445.0,445.0,6.44,5.96,0,4
2025-07-30T16:00,25.9,26.8,271.0,271.0,6.42,5.78,0,9
2025-07-30T17:00,24.8,25.7,107.0,107.0,6.04,5.41,0,13
2025-07-30T18:00,23.1,23.6,9.0,9.0,6.94,6.3,0,10
2025-07-30T19:00,22.1,22.5,0.0,0.0,6.63,5.31,17,24
2025-07-30T20:00,21.3,21.5,0.0,0.0,5.99,4.71,6,27
2025-07-30T21:00,20.7,20.6,0.0,0.0,6.01,5.01,0,7
2025-07-30T22:00,20.1,20.0,0.0,0.0,6.01,5.7,5,2
2025-07-30T23:00,19.6,19.7,0.0,0.0,6.2,6.38,1,4
2025-07-31T00:00,18.5,19.4,0.0,0.0,5.68,6.54,32,0
2025-07-31T01:00,18.1,19.0,0.0,0.0,5.62,6.5,18,0
2025-07-31T02:00,17.8,18.8,0.0,0.0,5.42,5.9,34,0
2025-07-31T03:00,17.6,18.4,0.0,0.0,5.08,5.17,36,0
2025-07-31T04:00,18.1,18.9,45.0,45.0,5.22,5.96,45,23
2025-07-31T05:00,20.5,21.2,176.0,170.0,5.04,7.63,45,20
2025-07-31T06:00,22.5,22.7,368.0,367.0,3.83,2.59,0,0
2025-07-31T07:00,24.3,24.5,542.0,533.0,3.04,3.69,0,50
2025-07-31T08:00,25.7,26.0,693.0,656.0,2.1,4.37,9,44
2025-07-31T09:00,26.9,27.2,794.0,745.0,2.02,4.49,38,48
2025-07-31T10:00,28.0,28.2,851.0,843.0,1.87,4.1,46,100
2025-07-31T11:00,28.6,28.5,819.0,752.0,1.06,3.95,91,100
2025-07-31T12:00,28.3,28.7,515.0,771.0,2.1,1.29,100,93
2025-07-31T13:00,28.0,28.7,442.0,551.0,0.0,1.15,99,94
2025-07-31T14:00,27.5,27.4,418.0,332.0,2.55,2.5,100,94
2025-07-31T15:00,27.1,26.4,307.0,250.0,2.86,4.27,92,97
2025-07-31T16:00,26.3,25.8,181.0,161.0,2.88,3.45,84,99
2025-07-31T17:00,24.8,24.9,75.0,66.0,2.95,3.42,92,100
2025-07-31T18:00,23.6,24.2,7.0,7.0,2.84,1.47,100,100
2025-07-31T19:00,22.6,23.3,0.0,0.0,2.69,1.53,97,100
2025-07-31T20:00,22.4,22.4,0.0,0.0,1.9,1.57,81,97
2025-07-31T21:00,21.9,21.6,0.0,0.0,2.7,2.88,99,59
2025-07-31T22:00,21.6,20.7,0.0,0.0,3.26,4.52,100,100
2025-07-31T23:00,21.6,20.5,0.0,0.0,3.73,5.48,100,96
2025-08-01T00:00,20.3,19.0,0.0,0.0,2.29,3.88,89,59
2025-08-01T01:00,19.9,18.8,0.0,0.0,2.76,3.69,100,72
2025-08-01T02:00,19.6,18.5,0.0,0.0,2.88,3.66,100,70
2025-08-01T03:00,19.5,18.5,0.0,0.0,3.09,3.57,99,96
2025-08-01T04:00,19.7,18.9,28.0,24.0,3.18,3.26,99,98
2025-08-01T05:00,20.4,20.8,91.0,124.0,4.23,2.97,99,81
2025-08-01T06:00,21.6,22.7,211.0,267.0,1.85,1.88,74,67
2025-08-01T07:00,23.1,23.7,315.0,389.0,1.85,2.67,71,65
2025-08-01T08:00,25.4,24.9,522.0,480.0,0.9,2.5,62,71
2025-08-01T09:00,27.1,26.1,647.0,591.0,1.1,2.37,72,87
2025-08-01T10:00,28.2,27.2,678.0,579.0,1.64,1.83,61,89
2025-08-01T11:00,29.0,28.1,753.0,628.0,1.61,1.68,67,81
2025-08-01T12:00,28.9,27.9,690.0,493.0,2.26,3.33,67,91
2025-08-01T13:00,29.2,27.8,625.0,334.0,2.59,1.67,56,91
2025-08-01T14:00,28.7,27.9,547.0,360.0,5.01,3.47,24,77
2025-08-01T15:00,27.7,27.3,432.0,333.0,4.92,4.25,11,48
2025-08-01T16:00,26.6,26.5,262.0,246.0,5.38,4.37,11,19
2025-08-01T17:00,25.0,25.1,101.0,101.0,5.74,4.62,2,5
2025-08-01T18:00,23.2,23.5,7.0,7.0,5.49,4.54,14,0
2025-08-01T19:00,21.9,22.4,0.0,0.0,4.57,3.27,11,0
2025-08-01T20:00,21.3,21.6,0.0,0.0,3.47,2.01,0,0
2025-08-01T21:00,20.8,20.3,0.0,0.0,2.31,1.01,0,0
2025-08-01T22:00,19.9,18.8,0.0,0.0,1.25,0.57,1,0
2025-08-01T23:00,18.8,18.3,0.0,0.0,0.31,1.38,6,0
2025-08-02T00:00,18.6,17.7,0.0,0.0,1.19,2.47,0,0
2025-08-02T01:00,18.3,17.5,0.0,0.0,2.29,3.53,0,0
2025-08-02T02:00,18.0,17.5,0.0,0.0,3.53,4.14,0,0
2025-08-02T03:00,17.8,17.3,0.0,0.0,4.17,4.63,0,2
2025-08-02T04:00,18.2,18.1,48.0,47.0,4.28,5.33,0,19
2025-08-02T05:00,21.2,21.7,191.0,184.0,4.22,5.43,0,35
2025-08-02T06:00,25.0,25.1,368.0,346.0,4.43,4.99,0,24
2025-08-02T07:00,27.4,27.1,546.0,532.0,2.99,4.0,0,11
2025-08-02T08:00,29.0,28.8,697.0,687.0,5.21,5.32,0,33
2025-08-02T09:00,29.9,29.7,804.0,769.0,5.31,5.49,40,46
2025-08-02T10:00,30.1,30.4,789.0,827.0,5.98,5.39,48,32
2025-08-02T11:00,30.6,30.8,814.0,852.0,6.1,5.9,2,44
2025-08-02T12:00,30.6,31.1,709.0,830.0,6.08,6.32,74,29
2025-08-02T13:00,29.9,30.8,584.0,726.0,6.92,6.48,22,36
2025-08-02T14:00,29.5,30.1,578.0,590.0,6.75,6.57,12,29
2025-08-02T15:00,28.6,28.9,436.0,436.0,6.54,6.37,1,28
2025-08-02T16:00,27.5,27.7,263.0,262.0,6.06,5.84,0,3
2025-08-02T17:00,25.9,26.1,100.0,100.0,5.35,5.08,0,0
2025-08-02T18:00,24.2,23.9,7.0,7.0,4.43,4.89,23,3
2025-08-02T19:00,22.7,22.6,0.0,0.0,3.43,3.34,18,5
2025-08-02T20:00,21.5,21.9,0.0,0.0,2.64,2.18,29,0
2025-08-02T21:00,20.4,20.6,0.0,0.0,1.2,1.18,39,0
2025-08-02T22:00,19.5,19.0,0.0,0.0,0.22,0.39,64,0
2025-08-02T23:00,19.1,18.4,0.0,0.0,1.25,1.0,35,1
2025-08-03T00:00,18.5,18.9,0.0,0.0,3.14,2.73,36,25
2025-08-03T01:00,18.1,18.5,0.0,0.0,3.59,3.93,27,0
2025-08-03T02:00,17.9,18.4,0.0,0.0,4.29,4.61,21,16
2025-08-03T03:00,17.8,18.1,0.0,0.0,4.27,4.99,25,2
2025-08-03T04:00,18.3,18.8,45.0,46.0,3.88,5.36,34,2
2025-08-03T05:00,21.3,22.1,182.0,186.0,3.67,5.13,11,0
2025-08-03T06:00,25.2,25.3,362.0,362.0,2.37,3.51,0,0
2025-08-03T07:00,27.7,27.5,538.0,537.0,1.61,2.75,0,0
2025-08-03T08:00,29.5,29.4,690.0,689.0,1.58,2.88,0,0
2025-08-03T09:00,30.8,30.7,771.0,784.0,1.5,3.59,59,12
2025-08-03T10:00,31.7,31.0,704.0,724.0,2.76,4.62,46,78
2025-08-03T11:00,31.6,30.9,603.0,609.0,3.53,5.39,82,67
2025-08-03T12:00,30.8,31.4,525.0,754.0,6.42,4.91,73,26
2025-08-03T13:00,30.1,31.0,431.0,707.0,5.74,5.65,61,2
2025-08-03T14:00,29.7,30.1,480.0,595.0,5.96,6.54,44,2
2025-08-03T15:00,28.8,28.9,390.0,434.0,6.01,6.23,33,6
2025-08-03T16:00,27.4,27.7,252.0,257.0,6.49,5.7,0,2
2025-08-03T17:00,25.8,26.1,95.0,96.0,6.05,5.19,0,0
2025-08-03T18:00,24.3,24.3,6.0,6.0,5.27,5.8,0,6
2025-08-03T19:00,23.2,23.2,0.0,0.0,4.7,5.27,0,15
2025-08-03T20:00,22.4,22.2,0.0,0.0,4.51,4.13,0,0
2025-08-03T21:00,21.7,21.8,0.0,0.0,4.52,3.5,0,0
2025-08-03T22:00,21.4,21.4,0.0,0.0,4.61,3.04,0,0
2025-08-03T23:00,21.4,21.1,0.0,0.0,4.09,2.75,0,0
2025-08-04T00:00,21.2,20.8,0.0,0.0,3.88,2.55,0,0
2025-08-04T01:00,20.6,20.4,0.0,0.0,3.48,2.22,0,0
2025-08-04T02:00,20.0,20.0,0.0,0.0,3.38,1.86,0,0
2025-08-04T03:00,19.6,19.2,0.0,0.0,4.17,1.68,0,4
2025-08-04T04:00,20.0,19.3,44.0,44.0,4.8,2.02,0,6
2025-08-04T05:00,22.7,22.4,182.0,182.0,4.33,2.41,0,0
2025-08-04T06:00,25.6,25.5,355.0,356.0,3.6,1.5,0,0
2025-08-04T07:00,28.3,28.1,530.0,533.0,2.29,0.98,0,0
2025-08-04T08:00,30.6,30.3,682.0,686.0,1.97,1.58,0,0
2025-08-04T09:00,31.8,31.7,750.0,799.0,0.97,1.88,46,0
2025-08-04T10:00,31.5,32.5,549.0,856.0,3.42,2.77,82,44
2025-08-04T11:00,31.1,32.6,400.0,796.0,4.52,5.28,69,36
2025-08-04T12:00,30.8,32.6,403.0,738.0,6.48,4.16,75,58
2025-08-04T13:00,31.0,32.3,526.0,640.0,6.95,4.76,48,49
2025-08-04T14:00,30.6,31.5,483.0,496.0,6.61,5.3,57,62
2025-08-04T15:00,29.8,30.8,357.0,327.0,6.05,5.27,39,56
2025-08-04T16:00,28.4,29.7,242.0,211.0,6.09,5.96,26,38
2025-08-04T17:00,26.5,27.6,92.0,87.0,6.06,5.98,4,23
2025-08-04T18:00,25.1,24.6,6.0,6.0,5.56,6.04,1,0
2025-08-04T19:00,23.4,23.3,0.0,0.0,4.39,5.0,9,3
2025-08-04T20:00,22.5,22.3,0.0,0.0,4.03,3.9,6,6
2025-08-04T21:00,21.9,21.9,0.0,0.0,3.45,2.79,34,0
2025-08-04T22:00,21.8,21.4,0.0,0.0,2.73,2.1,10,9
2025-08-04T23:00,21.4,21.0,0.0,0.0,1.88,1.93,22,14
2025-08-05T00:00,19.9,20.4,0.0,0.0,2.15,4.49,42,16
2025-08-05T01:00,20.4,20.2,0.0,0.0,5.21,4.78,38,27
2025-08-05T02:00,20.0,19.5,0.0,0.0,5.3,4.47,19,28
2025-08-05T03:00,19.8,19.0,0.0,0.0,5.21,4.39,21,12
2025-08-05T04:00,20.2,19.6,41.0,41.0,4.82,3.73,10,0
2025-08-05T05:00,22.8,22.4,178.0,178.0,4.03,3.13,1,0
2025-08-05T06:00,25.9,25.3,352.0,349.0,1.88,2.77,8,0
2025-08-05T07:00,28.4,28.0,526.0,522.0,1.47,2.15,18,0
2025-08-05T08:00,30.5,29.9,669.0,674.0,1.67,2.89,38,0
2025-08-05T09:00,31.9,31.2,710.0,771.0,3.95,3.09,47,0
2025-08-05T10:00,32.4,32.5,696.0,816.0,6.39,3.23,63,0
2025-08-05T11:00,32.7,33.2,704.0,832.0,6.63,4.13,55,18
2025-08-05T12:00,33.0,33.1,782.0,794.0,6.88,5.61,0,0
2025-08-05T13:00,32.2,32.7,729.0,735.0,8.18,6.2,17,3
2025-08-05T14:00,31.3,32.1,569.0,593.0,7.84,5.95,1,0
2025-08-05T15:00,30.2,31.1,434.0,419.0,6.77,5.37,0,28
2025-08-05T16:00,28.8,29.9,255.0,246.0,5.72,4.78,0,0
2025-08-05T17:00,26.8,27.8,92.0,93.0,4.95,4.82,0,0
2025-08-05T18:00,24.5,24.5,5.0,5.0,5.4,4.31,0,0
2025-08-05T19:00,22.9,22.7,0.0,0.0,4.77,3.81,0,0
2025-08-05T20:00,21.7,21.2,0.0,0.0,4.21,2.64,0,0
2025-08-05T21:00,21.0,20.4,0.0,0.0,3.63,1.95,5,0
2025-08-05T22:00,20.4,19.7,0.0,0.0,2.85,1.49,17,8
2025-08-05T23:00,19.9,19.3,0.0,0.0,3.0,1.9,27,4
2025-08-06T00:00,19.5,19.2,0.0,0.0,3.08,3.13,19,4
2025-08-06T01:00,19.2,19.0,0.0,0.0,2.9,3.47,21,3
2025-08-06T02:00,18.7,18.6,0.0,0.0,2.08,3.73,22,1
2025-08-06T03:00,18.1,18.3,0.0,0.0,2.18,4.09,22,0
2025-08-06T04:00,18.6,19.1,40.0,41.0,2.1,4.24,6,7
2025-08-06T05:00,21.7,22.3,180.0,179.0,2.36,3.73,0,0
2025-08-06T06:00,25.2,26.2,355.0,354.0,2.43,3.72,0,0
2025-08-06T07:00,27.6,28.9,529.0,531.0,1.58,2.15,0,1
2025-08-06T08:00,30.1,31.0,682.0,674.0,2.31,2.73,0,38
2025-08-06T09:00,31.7,32.0,794.0,697.0,2.46,2.65,1,57
2025-08-06T10:00,32.8,33.0,858.0,776.0,2.4,2.85,6,46
2025-08-06T11:00,33.4,33.7,862.0,795.0,3.26,3.64,16,38
2025-08-06T12:00,32.9,33.8,793.0,787.0,5.37,4.59,23,27
2025-08-06T13:00,32.8,33.2,709.0,690.0,6.45,5.76,30,35
2025-08-06T14:00,32.2,32.5,593.0,566.0,7.31,6.63,6,31
2025-08-06T15:00,31.2,31.4,431.0,418.0,6.93,6.48,15,50
2025-08-06T16:00,29.7,30.0,237.0,236.0,5.18,5.3,50,95
2025-08-06T17:00,27.8,28.1,85.0,78.0,4.59,4.28,100,93
2025-08-06T18:00,26.4,25.7,4.0,4.0,3.5,2.98,100,74
2025-08-06T19:00,25.0,24.5,0.0,0.0,1.86,2.63,100,100
2025-08-06T20:00,23.8,23.4,0.0,0.0,0.55,1.58,100,100
2025-08-06T21:00,23.4,23.7,0.0,0.0,3.88,6.38,100,100
2025-08-06T22:00,24.2,23.7,0.0,0.0,8.11,9.06,100,98
2025-08-06T23:00,23.7,23.1,0.0,0.0,12.07,11.21,100,100
2025-08-07T00:00,23.6,23.2,0.0,0.0,11.47,9.71,100,100
2025-08-07T01:00,22.8,22.8,0.0,0.0,11.29,9.82,100,100
2025-08-07T02:00,22.2,22.3,0.0,0.0,10.99,9.54,100,100
2025-08-07T03:00,21.7,21.8,0.0,0.0,10.59,9.54,100,100
2025-08-07T04:00,21.6,21.6,32.0,23.0,9.83,9.58,100,100
2025-08-07T05:00,22.3,22.3,134.0,92.0,9.51,9.26,100,100
2025-08-07T06:00,23.2,23.3,257.0,292.0,9.65,8.94,100,100
2025-08-07T07:00,24.9,24.9,410.0,408.0,9.19,9.16,72,76
2025-08-07T08:00,26.9,26.9,600.0,594.0,8.33,8.59,46,72
2025-08-07T09:00,28.5,28.6,707.0,711.0,8.41,8.96,51,93
2025-08-07T10:00,29.9,29.7,780.0,720.0,8.28,8.5,45,99
2025-08-07T11:00,30.9,30.4,816.0,671.0,7.9,7.71,49,100
2025-08-07T12:00,31.1,30.1,654.0,564.0,7.69,7.76,64,73
2025-08-07T13:00,31.1,30.6,522.0,523.0,7.25,6.5,71,59
2025-08-07T14:00,31.0,30.8,444.0,448.0,7.28,6.33,62,66
2025-08-07T15:00,30.5,30.3,312.0,347.0,7.32,6.75,62,52
2025-08-07T16:00,29.9,29.6,204.0,214.0,7.54,7.27,32,52
2025-08-07T17:00,28.4,28.2,82.0,76.0,7.86,7.76,3,29
2025-08-07T18:00,26.5,26.5,4.0,4.0,8.72,9.34,0,63
2025-08-07T19:00,25.4,25.1,0.0,0.0,8.17,9.98,52,100
2025-08-07T20:00,24.3,24.2,0.0,0.0,7.73,11.17,50,67
2025-08-07T21:00,23.4,23.3,0.0,0.0,8.83,10.85,41,100
2025-08-07T22:00,22.7,22.9,0.0,0.0,10.34,10.44,36,100
2025-08-07T23:00,22.2,22.5,0.0,0.0,10.34,9.3,100,100
2025-08-08T00:00,21.6,21.4,0.0,0.0,10.18,10.57,12,97
2025-08-08T01:00,21.2,20.8,0.0,0.0,9.95,10.22,30,93
2025-08-08T02:00,20.8,20.1,0.0,0.0,9.82,9.95,39,100
2025-08-08T03:00,20.4,19.7,0.0,0.0,9.91,9.76,73,100
2025-08-08T04:00,20.5,19.6,35.0,36.0,8.94,10.19,0,25
2025-08-08T05:00,22.0,21.3,170.0,170.0,7.98,10.01,0,37
2025-08-08T06:00,24.0,23.9,346.0,346.0,5.88,7.13,0,25
2025-08-08T07:00,26.2,25.8,526.0,521.0,5.9,6.93,0,23
2025-08-08T08:00,27.7,27.3,683.0,678.0,6.34,6.45,0,1
2025-08-08T09:00,28.8,28.4,802.0,802.0,5.6,5.79,0,20
2025-08-08T10:00,29.7,29.2,871.0,839.0,4.74,4.93,9,38
2025-08-08T11:00,30.5,30.0,869.0,828.0,4.25,4.46,30,48
2025-08-08T12:00,31.2,30.8,806.0,828.0,4.48,4.0,31,29
2025-08-08T13:00,31.4,31.0,723.0,721.0,4.86,3.78,15,20
2025-08-08T14:00,31.1,30.8,601.0,588.0,4.71,3.63,5,26
2025-08-08T15:00,30.5,29.9,437.0,418.0,3.01,2.7,11,23
2025-08-08T16:00,28.4,27.4,252.0,246.0,2.79,4.97,14,9
2025-08-08T17:00,25.5,25.1,86.0,84.0,5.89,3.88,0,0
2025-08-08T18:00,23.7,23.0,3.0,3.0,4.78,4.08,0,0
2025-08-08T19:00,22.1,21.7,0.0,0.0,3.64,3.95,0,0
2025-08-08T20:00,21.2,21.1,0.0,0.0,3.7,3.37,0,0
2025-08-08T21:00,20.7,20.6,0.0,0.0,3.07,3.13,0,0
2025-08-08T22:00,20.4,20.3,0.0,0.0,2.52,2.4,1,0
2025-08-08T23:00,20.0,20.0,0.0,0.0,2.09,2.08,9,0
2025-08-09T00:00,19.4,20.3,0.0,0.0,1.53,1.93,0,0
2025-08-09T01:00,19.1,20.1,0.0,0.0,1.28,1.71,0,0
2025-08-09T02:00,18.6,19.6,0.0,0.0,1.57,2.27,0,0
2025-08-09T03:00,18.2,19.1,0.0,0.0,1.52,2.17,0,0
2025-08-09T04:00,18.0,18.6,35.0,35.0,1.53,1.94,0,0
2025-08-09T05:00,20.5,21.0,168.0,168.0,1.62,2.02,0,0
2025-08-09T06:00,24.4,24.8,343.0,345.0,2.55,2.61,0,0
2025-08-09T07:00,27.1,27.8,520.0,522.0,1.69,1.59,0,0
2025-08-09T08:00,29.0,29.8,674.0,677.0,1.61,1.28,0,0
2025-08-09T09:00,30.3,31.2,788.0,791.0,2.22,1.82,0,0
2025-08-09T10:00,31.4,32.2,855.0,854.0,1.8,1.79,0,0
2025-08-09T11:00,32.2,32.8,864.0,862.0,2.06,2.41,4,9
2025-08-09T12:00,32.2,32.5,815.0,794.0,4.23,5.39,10,21
2025-08-09T13:00,31.6,31.8,716.0,703.0,4.85,5.14,4,1
2025-08-09T14:00,30.7,31.3,579.0,580.0,5.33,5.28,4,2
2025-08-09T15:00,29.7,30.4,414.0,415.0,5.33,5.33,0,0
2025-08-09T16:00,28.5,29.2,238.0,238.0,5.0,5.27,0,0
2025-08-09T17:00,26.6,27.5,79.0,79.0,4.85,5.35,0,0
2025-08-09T18:00,24.7,25.4,3.0,2.0,5.43,6.02,0,0
2025-08-09T19:00,23.4,24.0,0.0,0.0,5.3,5.75,0,0
2025-08-09T20:00,22.7,23.1,0.0,0.0,4.97,5.33,0,0
2025-08-09T21:00,22.4,22.6,0.0,0.0,4.44,4.8,0,0
2025-08-09T22:00,22.4,22.6,0.0,0.0,3.64,3.95,0,0
2025-08-09T23:00,22.2,22.4,0.0,0.0,2.42,2.64,0,0
2025-08-10T00:00,20.5,21.1,0.0,0.0,2.26,1.96,0,0
2025-08-10T01:00,19.8,20.2,0.0,0.0,4.32,2.08,0,0
2025-08-10T02:00,19.8,19.3,0.0,0.0,4.31,2.91,0,1
2025-08-10T03:00,19.7,19.2,0.0,0.0,3.88,3.18,0,0
2025-08-10T04:00,19.9,19.5,32.0,32.0,3.82,3.57,8,1
2025-08-10T05:00,22.1,22.1,160.0,162.0,3.5,3.23,4,0
2025-08-10T06:00,25.8,26.0,331.0,332.0,2.97,3.04,9,0
2025-08-10T07:00,28.5,28.5,504.0,507.0,1.53,1.69,2,0
2025-08-10T08:00,30.5,30.4,659.0,661.0,2.33,1.25,0,0
2025-08-10T09:00,31.9,32.1,773.0,775.0,2.69,1.33,0,5
2025-08-10T10:00,32.7,33.2,837.0,840.0,3.23,1.77,10,0
2025-08-10T11:00,32.9,33.8,790.0,830.0,3.08,2.39,51,43
2025-08-10T12:00,32.8,33.0,787.0,691.0,4.78,5.06,29,50
2025-08-10T13:00,32.4,32.2,701.0,655.0,4.91,4.59,8,3
2025-08-10T14:00,31.4,31.6,572.0,573.0,5.74,5.49,0,0
2025-08-10T15:00,30.0,30.3,408.0,407.0,6.27,5.98,0,0
2025-08-10T16:00,28.3,28.7,230.0,231.0,5.94,6.08,0,0
2025-08-10T17:00,26.4,26.8,75.0,76.0,5.8,6.24,0,0
2025-08-10T18:00,24.9,24.5,2.0,2.0,6.95,6.39,0,0
2025-08-10T19:00,24.0,23.7,0.0,0.0,6.71,6.27,0,0
2025-08-10T20:00,23.2,23.0,0.0,0.0,6.11,6.05,0,0
2025-08-10T21:00,22.6,22.5,0.0,0.0,6.38,5.92,0,0
2025-08-10T22:00,22.2,22.1,0.0,0.0,6.29,5.78,0,0
2025-08-10T23:00,22.0,21.9,0.0,0.0,6.07,5.41,0,0
2025-08-11T00:00,22.1,21.6,0.0,0.0,5.06,5.09,0,0
2025-08-11T01:00,22.1,21.4,0.0,0.0,4.7,4.9,1,0
2025-08-11T02:00,22.2,21.3,0.0,0.0,4.1,4.59,0,0
2025-08-11T03:00,22.2,21.1,0.0,0.0,3.26,4.26,0,0
2025-08-11T04:00,22.5,21.5,31.0,31.0,3.2,4.08,0,0
2025-08-11T05:00,24.2,23.6,159.0,159.0,3.24,3.68,0,0
2025-08-11T06:00,26.3,26.3,331.0,330.0,3.82,3.68,0,0
2025-08-11T07:00,27.6,27.9,504.0,502.0,4.19,3.6,0,0
2025-08-11T08:00,29.4,29.7,651.0,650.0,3.46,3.2,22,23
2025-08-11T09:00,31.5,31.7,756.0,754.0,3.73,3.78,10,4
2025-08-11T10:00,33.4,33.4,827.0,825.0,4.19,3.72,10,22
2025-08-11T11:00,33.7,33.6,799.0,823.0,4.74,5.33,63,39
2025-08-11T12:00,32.7,33.8,705.0,684.0,5.06,3.75,64,69
2025-08-11T13:00,32.5,32.8,552.0,446.0,3.92,4.35,70,68
2025-08-11T14:00,31.4,31.8,374.0,386.0,5.13,5.96,86,82
2025-08-11T15:00,30.0,30.6,241.0,259.0,5.49,6.26,74,67
2025-08-11T16:00,28.3,28.1,175.0,179.0,5.31,6.01,55,91
2025-08-11T17:00,26.1,26.4,66.0,69.0,4.8,4.84,40,11
2025-08-11T18:00,25.0,24.4,2.0,2.0,4.4,5.21,51,44
2025-08-11T19:00,23.8,23.6,0.0,0.0,3.38,4.23,35,52
2025-08-11T20:00,22.7,23.0,0.0,0.0,4.08,2.14,45,61
2025-08-11T21:00,22.4,22.5,0.0,0.0,8.03,2.63,49,48
2025-08-11T22:00,22.2,22.2,0.0,0.0,10.48,5.33,63,59
2025-08-11T23:00,21.8,22.2,0.0,0.0,10.99,8.95,63,52
2025-08-12T00:00,20.8,21.8,0.0,0.0,11.15,9.84,46,57
2025-08-12T01:00,20.3,21.4,0.0,0.0,12.03,10.31,41,45
2025-08-12T02:00,19.7,20.7,0.0,0.0,12.11,10.96,31,47
2025-08-12T03:00,18.9,20.2,0.0,0.0,11.51,10.49,0,55
2025-08-12T04:00,18.9,20.2,30.0,24.0,11.36,10.4,8,44
2025-08-12T05:00,20.4,21.0,159.0,148.0,10.67,8.28,15,39
2025-08-12T06:00,22.2,22.4,308.0,310.0,6.86,6.86,32,35
2025-08-12T07:00,24.1,24.4,497.0,495.0,6.66,6.43,35,15
2025-08-12T08:00,25.5,26.0,649.0,654.0,5.43,5.52,15,20
2025-08-12T09:00,26.8,27.3,779.0,762.0,3.86,4.0,6,22
2025-08-12T10:00,27.9,28.4,850.0,837.0,2.88,3.04,0,9
2025-08-12T11:00,28.6,29.1,862.0,855.0,2.64,2.91,22,6
2025-08-12T12:00,29.0,29.1,786.0,767.0,2.48,2.85,38,40
2025-08-12T13:00,28.8,28.9,675.0,659.0,3.13,3.58,38,59
2025-08-12T14:00,27.6,28.0,549.0,513.0,4.97,4.53,24,37
2025-08-12T15:00,26.4,26.8,401.0,385.0,4.89,4.96,2,17
2025-08-12T16:00,25.5,25.8,229.0,226.0,4.93,5.17,0,0
2025-08-12T17:00,23.8,24.3,72.0,72.0,5.57,5.43,0,0
2025-08-12T18:00,21.9,21.8,1.0,2.0,6.51,6.05,0,0
2025-08-12T19:00,20.8,20.9,0.0,0.0,5.92,5.65,0,0
2025-08-12T20:00,19.8,19.8,0.0,0.0,5.48,5.0,0,0
2025-08-12T21:00,19.0,19.0,0.0,0.0,5.14,4.25,0,0
2025-08-12T22:00,18.3,18.1,0.0,0.0,4.37,3.16,0,0
2025-08-12T23:00,17.5,17.1,0.0,0.0,3.54,2.11,0,0
2025-08-13T00:00,16.8,16.2,0.0,0.0,3.04,2.26,0,0
2025-08-13T01:00,16.2,15.8,0.0,0.0,3.16,2.53,0,0
2025-08-13T02:00,15.8,15.4,0.0,0.0,3.63,2.78,0,0
2025-08-13T03:00,15.5,15.0,0.0,0.0,4.23,3.38,0,0
2025-08-13T04:00,16.1,15.5,31.0,30.0,4.99,3.92,0,0
2025-08-13T05:00,19.4,18.8,165.0,165.0,4.84,4.02,0,0
2025-08-13T06:00,23.4,23.2,344.0,343.0,3.98,4.02,0,0
2025-08-13T07:00,25.4,25.6,524.0,525.0,4.09,3.65,0,0
2025-08-13T08:00,26.8,27.2,680.0,682.0,4.85,4.62,0,0
2025-08-13T09:00,27.9,28.3,796.0,797.0,4.94,4.66,0,0
2025-08-13T10:00,28.7,29.1,860.0,861.0,5.0,4.71,3,0
2025-08-13T11:00,29.2,29.6,870.0,870.0,5.07,4.73,0,0
2025-08-13T12:00,29.3,29.5,831.0,826.0,5.61,5.32,0,0
2025-08-13T13:00,29.1,29.3,736.0,731.0,5.88,5.68,0,0
2025-08-13T14:00,28.4,28.7,594.0,588.0,6.1,6.12,0,0
2025-08-13T15:00,27.3,27.6,419.0,414.0,6.32,6.51,0,0
2025-08-13T16:00,26.0,26.3,232.0,230.0,6.3,6.26,0,0
2025-08-13T17:00,24.2,24.4,71.0,71.0,6.42,6.33,0,0
2025-08-13T18:00,22.7,22.7,1.0,1.0,6.19,6.88,0,0
2025-08-13T19:00,21.3,21.3,0.0,0.0,5.38,6.63,0,0
2025-08-13T20:00,20.4,20.3,0.0,0.0,4.62,5.95,0,0
2025-08-13T21:00,19.5,19.5,0.0,0.0,3.61,5.15,0,0
2025-08-13T22:00,18.5,18.8,0.0,0.0,2.81,4.37,0,0
2025-08-13T23:00,17.8,18.2,0.0,0.0,2.08,3.45,0,0
2025-08-14T00:00,16.8,17.4,0.0,0.0,1.93,2.45,2,1
2025-08-14T01:00,16.5,17.0,0.0,0.0,2.65,2.7,1,2
2025-08-14T02:00,16.3,16.7,0.0,0.0,3.57,3.11,1,1
2025-08-14T03:00,16.2,16.6,0.0,0.0,4.3,3.7,0,1
2025-08-14T04:00,16.8,17.2,28.0,27.0,5.14,4.57,0,0
2025-08-14T05:00,20.3,20.6,156.0,155.0,6.15,5.36,0,0
2025-08-14T06:00,23.3,23.3,331.0,329.0,4.53,4.81,0,0
2025-08-14T07:00,25.2,25.1,509.0,507.0,5.3,4.84,0,0
2025-08-14T08:00,26.7,26.7,663.0,662.0,5.31,4.73,0,0
2025-08-14T09:00,28.0,28.1,778.0,778.0,5.33,4.84,0,0
2025-08-14T10:00,29.0,29.1,844.0,844.0,5.61,5.29,0,0
2025-08-14T11:00,29.6,29.7,855.0,854.0,5.93,5.5,0,0
2025-08-14T12:00,29.9,30.0,812.0,811.0,5.98,6.56,0,0
2025-08-14T13:00,29.7,29.8,716.0,716.0,6.47,6.96,0,0
2025-08-14T14:00,29.1,29.1,578.0,577.0,6.76,6.96,0,0
2025-08-14T15:00,28.1,28.0,407.0,406.0,6.57,6.4,0,0
2025-08-14T16:00,26.7,26.7,225.0,224.0,5.72,5.72,0,0
2025-08-14T17:00,24.6,24.7,67.0,67.0,5.17,5.25,0,0
2025-08-14T18:00,22.6,22.9,1.0,1.0,4.63,4.75,0,0
2025-08-14T19:00,21.1,21.3,0.0,0.0,3.94,4.04,0,0
2025-08-14T20:00,20.0,20.1,0.0,0.0,3.0,3.35,0,0
2025-08-14T21:00,18.8,19.6,0.0,0.0,2.47,3.47,0,0
2025-08-14T22:00,18.6,19.2,0.0,0.0,3.26,3.9,0,0
2025-08-14T23:00,18.4,19.0,0.0,0.0,3.37,4.35,0,0
2025-08-15T00:00,18.0,18.5,0.0,0.0,3.83,4.92,0,0
2025-08-15T01:00,17.7,18.2,0.0,0.0,4.21,5.02,0,0
2025-08-15T02:00,17.4,17.9,0.0,0.0,4.7,5.43,0,0
2025-08-15T03:00,17.1,17.8,0.0,0.0,5.01,5.89,0,0
2025-08-15T04:00,17.5,18.4,27.0,27.0,5.2,6.73,0,0
2025-08-15T05:00,20.5,21.6,155.0,155.0,5.16,7.47,0,0
2025-08-15T06:00,24.7,25.0,329.0,328.0,3.68,5.89,0,0
2025-08-15T07:00,27.6,27.2,506.0,504.0,1.93,5.07,0,0
2025-08-15T08:00,29.2,28.9,662.0,659.0,3.8,5.8,0,0
2025-08-15T09:00,30.2,30.0,776.0,773.0,3.69,6.15,0,0
2025-08-15T10:00,31.0,30.5,839.0,838.0,3.73,6.26,0,0
2025-08-15T11:00,31.5,30.7,846.0,848.0,4.17,6.23,9,0
2025-08-15T12:00,31.1,31.5,801.0,781.0,6.3,7.16,4,9
2025-08-15T13:00,30.3,30.3,633.0,663.0,6.91,7.73,25,19
2025-08-15T14:00,29.3,29.2,530.0,542.0,7.54,8.73,6,3
2025-08-15T15:00,28.0,27.9,389.0,389.0,7.3,8.11,4,1
2025-08-15T16:00,26.6,26.4,214.0,215.0,6.51,7.2,1,1
2025-08-15T17:00,24.8,24.6,62.0,61.0,5.48,6.07,0,2
2025-08-15T18:00,23.4,23.0,1.0,1.0,6.05,6.35,0,0
2025-08-15T19:00,22.2,21.8,0.0,0.0,5.09,6.25,0,12
2025-08-15T20:00,21.2,21.0,0.0,0.0,4.88,6.02,9,16
2025-08-15T21:00,20.4,20.2,0.0,0.0,3.87,5.14,18,4
2025-08-15T22:00,19.7,19.5,0.0,0.0,3.4,4.52,23,2
2025-08-15T23:00,19.2,18.8,0.0,0.0,3.9,4.24,8,0
2025-08-16T00:00,18.8,18.0,0.0,0.0,5.63,4.52,0,0
2025-08-16T01:00,18.5,17.6,0.0,0.0,6.17,5.33,0,0
2025-08-16T02:00,18.3,17.4,0.0,0.0,7.22,6.37,0,0
2025-08-16T03:00,18.3,17.4,0.0,0.0,7.72,7.49,0,0
2025-08-16T04:00,18.7,18.0,25.0,26.0,8.04,8.67,0,0
2025-08-16T05:00,21.3,20.9,154.0,154.0,7.83,8.67,0,0
2025-08-16T06:00,23.8,23.5,331.0,335.0,6.23,6.32,0,0
2025-08-16T07:00,26.1,25.7,513.0,516.0,4.94,4.97,0,0
2025-08-16T08:00,27.7,27.4,670.0,673.0,4.79,4.74,0,0
2025-08-16T09:00,28.7,28.5,785.0,786.0,4.69,4.82,0,21
2025-08-16T10:00,29.2,29.1,835.0,835.0,4.87,4.87,32,17
2025-08-16T11:00,29.3,29.5,809.0,838.0,4.9,4.62,31,25
2025-08-16T12:00,29.7,29.4,758.0,747.0,3.5,5.11,25,46
2025-08-16T13:00,28.9,28.6,614.0,635.0,5.9,5.71,63,45
2025-08-16T14:00,27.8,27.9,511.0,551.0,5.83,5.49,2,22
2025-08-16T15:00,26.7,26.7,394.0,396.0,6.14,6.1,6,6
2025-08-16T16:00,25.5,25.4,214.0,217.0,5.92,5.93,4,7
2025-08-16T17:00,23.8,23.7,61.0,62.0,5.96,5.75,0,0
2025-08-16T18:00,22.4,22.3,0.0,0.0,6.36,6.31,0,0
2025-08-16T19:00,20.9,20.9,0.0,0.0,5.43,5.57,0,0
2025-08-16T20:00,19.6,19.7,0.0,0.0,4.34,4.69,0,0
2025-08-16T21:00,18.4,18.7,0.0,0.0,3.5,3.6,0,0
2025-08-16T22:00,17.6,17.6,0.0,0.0,3.35,3.15,0,0
2025-08-16T23:00,17.2,17.0,0.0,0.0,2.97,2.81,0,0
2025-08-17T00:00,16.6,16.4,0.0,0.0,1.55,2.33,0,0
2025-08-17T01:00,15.6,15.7,0.0,0.0,0.96,1.77,0,0
2025-08-17T02:00,14.8,15.1,0.0,0.0,0.5,1.55,5,0
2025-08-17T03:00,14.3,14.6,0.0,0.0,0.93,1.29,16,6
2025-08-17T04:00,14.7,14.8,24.0,24.0,1.67,1.24,4,14
2025-08-17T05:00,18.3,18.2,153.0,153.0,2.01,1.45,0,1
2025-08-17T06:00,22.5,22.5,330.0,328.0,1.74,1.84,0,0
2025-08-17T07:00,24.4,24.4,509.0,506.0,1.57,1.71,1,4
2025-08-17T08:00,25.9,26.0,662.0,659.0,1.88,1.96,2,4
2025-08-17T09:00,27.4,27.5,776.0,771.0,2.31,1.94,11,22
2025-08-17T10:00,28.4,28.5,831.0,822.0,2.8,2.36,32,38
2025-08-17T11:00,28.7,29.0,817.0,804.0,3.21,2.71,39,44
2025-08-17T12:00,28.7,28.8,785.0,760.0,4.03,3.59,28,31
2025-08-17T13:00,28.5,28.7,693.0,690.0,4.3,3.72,13,16
2025-08-17T14:00,27.9,28.2,565.0,562.0,4.49,3.95,1,4
2025-08-17T15:00,27.1,27.1,397.0,395.0,4.22,4.08,0,9
2025-08-17T16:00,26.0,25.6,216.0,205.0,4.08,3.95,13,59
2025-08-17T17:00,23.9,23.9,59.0,53.0,4.44,3.72,54,57
2025-08-17T18:00,22.4,22.7,0.0,0.0,4.58,4.43,0,100
2025-08-17T19:00,21.0,21.6,0.0,0.0,4.57,4.16,0,71
2025-08-17T20:00,20.1,20.6,0.0,0.0,4.46,4.18,0,53
2025-08-17T21:00,19.7,20.4,0.0,0.0,3.74,3.06,32,55
2025-08-17T22:00,19.4,20.0,0.0,0.0,3.63,3.31,0,48
2025-08-17T23:00,19.2,19.8,0.0,0.0,3.66,3.33,0,12
2025-08-18T00:00,19.1,19.3,0.0,0.0,2.92,2.64,1,0
2025-08-18T01:00,18.6,18.5,0.0,0.0,2.43,2.47,85,0
2025-08-18T02:00,18.2,17.3,0.0,0.0,2.07,3.4,21,0
2025-08-18T03:00,17.0,17.4,0.0,0.0,4.92,5.61,0,0
2025-08-18T04:00,17.2,17.7,22.0,22.0,4.21,5.9,1,0
2025-08-18T05:00,19.3,19.9,136.0,146.0,2.94,5.92,53,0
2025-08-18T06:00,21.7,21.6,311.0,302.0,3.4,6.06,23,48
2025-08-18T07:00,23.8,23.3,453.0,430.0,3.33,6.39,39,49
2025-08-18T08:00,25.8,25.0,572.0,580.0,4.02,6.38,49,56
2025-08-18T09:00,27.4,26.2,651.0,654.0,4.43,6.11,45,75
2025-08-18T10:00,28.7,27.0,771.0,657.0,4.97,5.8,56,69
2025-08-18T11:00,29.2,27.0,693.0,634.0,5.19,5.59,74,77
2025-08-18T12:00,29.8,27.1,608.0,618.0,5.3,6.56,59,63
2025-08-18T13:00,29.8,26.3,543.0,537.0,6.65,7.04,61,58
2025-08-18T14:00,28.9,25.8,415.0,459.0,4.9,7.25,63,58
2025-08-18T15:00,28.4,24.4,289.0,302.0,4.13,7.42,65,100
2025-08-18T16:00,27.6,23.1,139.0,140.0,4.82,6.77,66,75
2025-08-18T17:00,25.9,21.6,41.0,40.0,5.61,6.77,65,96
2025-08-18T18:00,23.3,22.9,0.0,0.0,7.98,6.94,85,94
2025-08-18T19:00,21.7,22.0,0.0,0.0,7.78,7.45,99,100
2025-08-18T20:00,20.4,21.1,0.0,0.0,7.01,6.79,94,100
2025-08-18T21:00,19.7,20.6,0.0,0.0,6.85,7.8,93,100
2025-08-18T22:00,19.1,19.9,0.0,0.0,7.8,6.55,99,99
2025-08-18T23:00,19.0,18.9,0.0,0.0,7.06,6.1,99,100
2025-08-19T00:00,18.5,20.4,0.0,0.0,5.21,7.18,50,99
2025-08-19T01:00,18.0,20.2,0.0,0.0,5.39,5.77,66,95
2025-08-19T02:00,17.7,19.5,0.0,0.0,5.39,5.23,76,97
2025-08-19T03:00,17.4,18.7,0.0,0.0,4.7,5.5,83,97
2025-08-19T04:00,17.5,18.4,14.0,7.0,4.4,6.76,94,96
2025-08-19T05:00,18.8,18.4,59.0,31.0,3.59,6.29,99,99
2025-08-19T06:00,21.4,19.0,203.0,77.0,3.65,5.67,100,100
2025-08-19T07:00,23.0,19.1,302.0,102.0,4.78,5.09,98,100
2025-08-19T08:00,23.9,19.2,375.0,108.0,5.58,5.67,84,100
2025-08-19T09:00,24.8,19.4,375.0,133.0,4.91,4.61,93,100
2025-08-19T10:00,25.5,19.7,423.0,156.0,5.13,4.8,91,100
2025-08-19T11:00,24.9,19.7,371.0,149.0,5.26,4.37,98,100
2025-08-19T12:00,24.1,20.9,241.0,119.0,5.83,3.95,100,100
2025-08-19T13:00,23.4,20.7,102.0,108.0,5.8,4.34,99,100
2025-08-19T14:00,23.1,20.6,110.0,117.0,5.11,4.19,100,100
2025-08-19T15:00,22.9,20.5,57.0,97.0,4.25,4.37,100,100
2025-08-19T16:00,22.7,20.3,50.0,66.0,4.28,4.52,100,100
2025-08-19T17:00,21.9,19.7,16.0,25.0,3.67,5.28,100,100
2025-08-19T18:00,20.8,17.4,0.0,0.0,1.38,7.04,99,100
2025-08-19T19:00,20.2,17.2,0.0,0.0,3.26,5.71,100,100
2025-08-19T20:00,19.9,17.2,0.0,0.0,4.5,5.83,100,100
2025-08-19T21:00,19.5,16.8,0.0,0.0,4.99,6.57,100,100
2025-08-19T22:00,19.0,16.7,0.0,0.0,5.38,6.56,100,100
2025-08-19T23:00,18.8,16.7,0.0,0.0,5.25,4.41,100,100
2025-08-20T00:00,18.3,18.3,0.0,0.0,5.41,5.3,100,100
2025-08-20T01:00,18.1,18.2,0.0,0.0,5.19,5.54,100,100
2025-08-20T02:00,17.8,18.1,0.0,0.0,5.35,5.19,100,100
2025-08-20T03:00,17.3,18.0,0.0,0.0,5.26,4.52,100,98
2025-08-20T04:00,17.3,17.9,15.0,5.0,5.22,3.34,100,92
2025-08-20T05:00,18.4,18.5,99.0,49.0,5.17,2.97,99,83
2025-08-20T06:00,19.8,17.5,275.0,72.0,3.2,2.02,39,100
2025-08-20T07:00,22.1,18.6,462.0,186.0,2.95,0.71,19,100
2025-08-20T08:00,24.3,19.6,637.0,260.0,3.02,1.2,9,100
2025-08-20T09:00,25.9,21.0,755.0,489.0,2.95,1.39,9,100
2025-08-20T10:00,27.2,22.8,817.0,734.0,3.24,2.24,17,98
2025-08-20T11:00,27.8,24.0,759.0,766.0,3.79,2.76,62,67
2025-08-20T12:00,28.7,25.0,705.0,779.0,3.9,1.2,58,0
2025-08-20T13:00,29.0,25.6,616.0,690.0,4.31,1.69,74,0
2025-08-20T14:00,28.9,25.9,510.0,550.0,4.34,1.93,34,0
2025-08-20T15:00,28.8,25.7,351.0,380.0,3.76,1.93,27,0
2025-08-20T16:00,28.0,25.0,191.0,200.0,2.64,2.45,44,3
2025-08-20T17:00,25.2,23.2,44.0,49.0,6.93,5.44,44,2
2025-08-20T18:00,23.4,21.7,0.0,0.0,7.85,3.97,28,4
2025-08-20T19:00,22.0,20.5,0.0,0.0,8.18,5.98,0,0
2025-08-20T20:00,20.9,19.7,0.0,0.0,5.59,6.89,0,9
2025-08-20T21:00,19.8,19.0,0.0,0.0,4.03,6.88,0,5
2025-08-20T22:00,19.3,18.6,0.0,0.0,4.29,6.43,0,3
2025-08-20T23:00,19.1,18.3,0.0,0.0,4.74,5.97,0,0
2025-08-21T00:00,18.7,18.4,0.0,0.0,5.14,5.02,0,0
2025-08-21T01:00,18.4,18.1,0.0,0.0,5.46,5.16,0,0
2025-08-21T02:00,18.2,18.0,0.0,0.0,5.25,4.86,0,6
2025-08-21T03:00,18.1,18.1,0.0,0.0,4.7,4.26,0,15
2025-08-21T04:00,18.1,18.1,18.0,18.0,4.44,3.73,0,0
2025-08-21T05:00,20.4,20.1,137.0,137.0,3.5,3.26,0,0
2025-08-21T06:00,23.0,23.3,309.0,310.0,3.08,2.59,0,0
2025-08-21T07:00,25.2,25.8,485.0,488.0,2.08,1.88,0,0
2025-08-21T08:00,27.0,27.7,640.0,642.0,2.33,2.15,0,0
2025-08-21T09:00,28.6,29.3,756.0,759.0,2.65,2.24,0,0
2025-08-21T10:00,30.0,30.5,822.0,823.0,3.14,2.56,0,15
2025-08-21T11:00,31.1,31.4,834.0,827.0,3.34,2.85,2,29
2025-08-21T12:00,31.9,32.3,787.0,786.0,3.53,4.02,18,14
2025-08-21T13:00,32.0,32.5,668.0,680.0,3.72,3.77,37,31
2025-08-21T14:00,31.6,32.2,513.0,521.0,5.4,4.61,46,45
2025-08-21T15:00,29.6,30.3,358.0,344.0,8.58,8.31,0,12
2025-08-21T16:00,27.8,28.4,192.0,190.0,8.77,9.08,0,0
2025-08-21T17:00,25.6,26.2,45.0,45.0,9.08,9.46,0,0
2025-08-21T18:00,24.5,24.4,0.0,0.0,10.08,9.97,0,0
2025-08-21T19:00,23.2,23.2,0.0,0.0,9.65,10.35,0,0
2025-08-21T20:00,22.2,22.5,0.0,0.0,9.3,10.73,0,0
2025-08-21T21:00,21.7,22.0,0.0,0.0,9.5,10.98,0,0
2025-08-21T22:00,21.4,21.6,0.0,0.0,10.06,11.31,0,0
2025-08-21T23:00,21.4,21.5,0.0,0.0,10.7,11.29,0,0
2025-08-22T00:00,21.6,21.2,0.0,0.0,11.39,11.32,0,0
2025-08-22T01:00,21.4,21.1,0.0,0.0,11.18,11.03,0,0
2025-08-22T02:00,21.2,21.0,0.0,0.0,11.53,11.21,0,0
2025-08-22T03:00,21.0,20.9,0.0,0.0,11.29,12.21,0,0
2025-08-22T04:00,21.2,21.0,17.0,17.0,11.63,12.82,0,0
2025-08-22T05:00,22.6,22.7,130.0,130.0,9.86,10.41,0,0
2025-08-22T06:00,24.6,24.5,298.0,297.0,8.75,8.83,0,0
2025-08-22T07:00,26.8,26.7,472.0,470.0,9.07,9.34,0,3
2025-08-22T08:00,29.1,28.7,621.0,619.0,9.33,9.16,7,72
2025-08-22T09:00,30.9,30.6,730.0,727.0,8.74,8.83,96,51
2025-08-22T10:00,32.3,32.2,784.0,794.0,8.25,7.94,100,2
2025-08-22T11:00,32.9,33.2,772.0,800.0,8.03,7.15,100,95
2025-08-22T12:00,32.7,32.6,751.0,731.0,8.48,7.96,91,100
2025-08-22T13:00,31.6,32.1,568.0,562.0,8.15,7.45,100,100
2025-08-22T14:00,30.4,31.5,315.0,442.0,7.77,7.05,100,100
2025-08-22T15:00,29.8,30.1,199.0,233.0,6.29,7.18,100,100
2025-08-22T16:00,28.8,28.8,109.0,107.0,5.52,7.46,100,77
2025-08-22T17:00,27.3,27.1,22.0,31.0,1.39,7.22,100,100
2025-08-22T18:00,23.8,24.8,0.0,0.0,6.24,4.19,100,100
2025-08-22T19:00,23.6,23.4,0.0,0.0,5.59,1.19,100,63
2025-08-22T20:00,22.9,22.8,0.0,0.0,6.23,1.69,100,100
2025-08-22T21:00,22.4,22.2,0.0,0.0,8.15,6.2,100,98
2025-08-22T22:00,21.0,21.9,0.0,0.0,8.56,5.31,100,88
2025-08-22T23:00,20.6,20.5,0.0,0.0,8.17,6.63,30,100
2025-08-23T00:00,21.0,20.0,0.0,0.0,7.28,7.32,29,71
2025-08-23T01:00,20.0,19.6,0.0,0.0,6.96,7.28,62,63
2025-08-23T02:00,19.6,19.7,0.0,0.0,6.1,6.28,72,74
2025-08-23T03:00,19.2,19.4,0.0,0.0,6.03,5.61,65,66
2025-08-23T04:00,18.8,19.1,12.0,11.0,6.1,5.55,52,70
2025-08-23T05:00,18.9,19.4,109.0,83.0,6.58,6.0,69,71
2025-08-23T06:00,19.5,19.1,183.0,178.0,7.36,6.57,78,77
2025-08-23T07:00,20.7,20.6,375.0,366.0,7.54,6.41,59,75
2025-08-23T08:00,22.0,22.0,544.0,527.0,6.59,6.72,53,54
2025-08-23T09:00,23.5,23.3,669.0,627.0,6.47,6.33,69,74
2025-08-23T10:00,24.9,24.1,723.0,648.0,6.47,6.28,50,63
2025-08-23T11:00,25.7,24.7,774.0,713.0,6.74,6.58,57,62
2025-08-23T12:00,25.8,25.5,521.0,550.0,5.14,6.06,74,78
2025-08-23T13:00,26.0,24.8,483.0,413.0,5.01,5.98,89,94
2025-08-23T14:00,25.9,24.3,386.0,217.0,4.78,4.97,97,96
2025-08-23T15:00,25.3,24.1,238.0,168.0,4.25,4.44,100,96
2025-08-23T16:00,24.7,23.5,136.0,74.0,4.21,3.31,100,98
2025-08-23T17:00,23.4,22.5,34.0,16.0,5.71,3.23,100,94
2025-08-23T18:00,22.0,21.7,0.0,0.0,5.4,4.85,100,95
2025-08-23T19:00,20.9,20.5,0.0,0.0,4.24,4.31,100,99
2025-08-23T20:00,20.2,19.5,0.0,0.0,4.43,3.92,96,96
2025-08-23T21:00,19.5,19.0,0.0,0.0,3.9,2.59,98,100
2025-08-23T22:00,19.1,18.9,0.0,0.0,3.66,2.46,98,100
2025-08-23T23:00,18.9,18.7,0.0,0.0,3.51,4.42,77,95
2025-08-24T00:00,15.9,19.1,0.0,0.0,4.03,3.12,54,100
2025-08-24T01:00,15.3,18.8,0.0,0.0,3.35,2.5,61,84
2025-08-24T02:00,15.0,18.5,0.0,0.0,3.01,2.34,70,83
2025-08-24T03:00,14.8,18.0,0.0,0.0,2.06,2.91,66,68
2025-08-24T04:00,14.9,17.8,11.0,12.0,2.33,2.55,58,61
2025-08-24T05:00,16.9,18.9,121.0,116.0,3.15,2.29,51,55
2025-08-24T06:00,18.9,20.5,270.0,251.0,3.86,1.94,41,61
2025-08-24T07:00,20.8,22.0,443.0,428.0,3.86,2.29,35,47
2025-08-24T08:00,22.7,23.6,620.0,607.0,4.86,2.39,11,25
2025-08-24T09:00,24.0,25.1,747.0,740.0,5.56,2.85,19,4
2025-08-24T10:00,24.7,26.2,801.0,768.0,5.86,3.73,33,52
2025-08-24T11:00,24.4,26.6,668.0,692.0,7.26,4.61,76,58
2025-08-24T12:00,25.3,26.4,540.0,598.0,7.07,5.01,86,57
2025-08-24T13:00,25.3,26.3,467.0,545.0,6.47,5.39,54,82
2025-08-24T14:00,25.1,25.7,461.0,338.0,8.31,6.55,40,64
2025-08-24T15:00,25.1,25.0,347.0,271.0,7.12,5.26,3,58
2025-08-24T16:00,24.1,24.5,191.0,136.0,8.11,6.14,9,61
2025-08-24T17:00,21.8,23.1,40.0,31.0,8.14,7.23,32,58
2025-08-24T18:00,20.3,20.1,0.0,0.0,7.47,9.06,0,21
2025-08-24T19:00,18.3,18.4,0.0,0.0,8.97,9.5,0,42
2025-08-24T20:00,17.0,17.5,0.0,0.0,10.6,10.25,0,47
2025-08-24T21:00,15.9,16.5,0.0,0.0,10.19,9.98,0,25
2025-08-24T22:00,14.8,15.5,0.0,0.0,8.87,9.71,0,0
2025-08-24T23:00,13.5,14.7,0.0,0.0,7.92,9.64,0,0
2025-08-25T00:00,12.5,11.9,0.0,0.0,7.38,7.51,26,0
2025-08-25T01:00,12.1,11.1,0.0,0.0,8.35,7.43,0,5
2025-08-25T02:00,11.7,10.5,0.0,0.0,8.49,7.21,6,85
2025-08-25T03:00,11.2,10.1,0.0,0.0,7.57,6.93,100,100
2025-08-25T04:00,11.4,10.5,13.0,14.0,6.96,7.29,100,81
2025-08-25T05:00,13.4,13.3,108.0,99.0,5.66,7.06,99,100
2025-08-25T06:00,16.1,15.9,237.0,240.0,4.7,5.38,100,100
2025-08-25T07:00,18.1,17.7,362.0,344.0,2.73,2.81,62,100
2025-08-25T08:00,20.0,20.0,548.0,593.0,2.26,1.97,54,31
2025-08-25T09:00,20.8,21.6,536.0,755.0,2.46,1.9,78,18
2025-08-25T10:00,21.8,22.7,572.0,827.0,1.97,1.41,73,0
2025-08-25T11:00,22.6,23.5,667.0,835.0,1.85,1.28,76,1
2025-08-25T12:00,22.7,23.6,631.0,664.0,4.06,1.67,79,78
2025-08-25T13:00,22.4,23.5,512.0,501.0,3.4,2.94,83,64
2025-08-25T14:00,22.2,22.8,320.0,454.0,2.17,4.73,81,57
2025-08-25T15:00,21.1,21.7,183.0,281.0,5.08,5.14,91,73
2025-08-25T16:00,20.5,20.7,83.0,95.0,4.86,5.89,74,67
2025-08-25T17:00,19.4,19.1,24.0,25.0,5.73,7.06,74,48
2025-08-25T18:00,18.0,18.2,0.0,0.0,5.51,7.37,70,47
2025-08-25T19:00,17.1,17.5,0.0,0.0,4.82,6.73,67,50
2025-08-25T20:00,16.6,16.7,0.0,0.0,4.92,6.66,67,50
2025-08-25T21:00,16.2,15.9,0.0,0.0,4.54,6.88,67,26
2025-08-25T22:00,15.9,15.2,0.0,0.0,4.71,6.85,70,65
2025-08-25T23:00,15.5,15.0,0.0,0.0,4.06,5.7,71,42
2025-08-26T00:00,15.2,15.1,0.0,0.0,3.46,6.66,61,35
2025-08-26T01:00,14.8,14.4,0.0,0.0,4.54,5.49,0,10
2025-08-26T02:00,14.1,13.7,0.0,0.0,4.24,3.91,0,10
2025-08-26T03:00,13.7,12.9,0.0,0.0,3.16,3.59,4,0
2025-08-26T04:00,13.5,12.9,14.0,14.0,2.75,3.84,5,1
2025-08-26T05:00,15.0,14.9,127.0,128.0,3.34,3.73,0,0
2025-08-26T06:00,17.3,17.3,301.0,301.0,4.11,4.9,0,0
2025-08-26T07:00,19.5,19.3,481.0,481.0,3.69,4.0,0,0
2025-08-26T08:00,21.6,21.5,640.0,638.0,3.78,3.65,0,0
2025-08-26T09:00,23.5,23.4,758.0,757.0,4.12,4.08,0,0
2025-08-26T10:00,24.6,24.6,825.0,824.0,5.13,4.74,0,0
2025-08-26T11:00,25.3,25.4,833.0,833.0,4.65,4.28,22,0
2025-08-26T12:00,26.4,25.8,779.0,782.0,3.46,3.07,84,12
2025-08-26T13:00,26.4,25.9,672.0,681.0,3.11,2.11,86,14
2025-08-26T14:00,26.2,25.7,529.0,536.0,2.72,1.77,0,20
2025-08-26T15:00,25.7,25.3,365.0,362.0,2.19,1.46,0,22
2025-08-26T16:00,24.5,24.1,182.0,179.0,1.84,1.8,3,77
2025-08-26T17:00,22.4,21.5,35.0,34.0,0.89,4.96,91,94
2025-08-26T18:00,19.6,20.1,0.0,0.0,8.34,8.15,100,100
2025-08-26T19:00,18.6,19.2,0.0,0.0,7.18,7.28,100,46
2025-08-26T20:00,17.4,18.1,0.0,0.0,6.46,6.6,100,0
2025-08-26T21:00,16.6,17.3,0.0,0.0,6.9,6.11,100,0
2025-08-26T22:00,16.0,17.0,0.0,0.0,6.61,5.63,100,0
2025-08-26T23:00,15.9,16.8,0.0,0.0,5.86,5.49,100,0
2025-08-27T00:00,15.9,15.4,0.0,0.0,4.78,3.72,1,0
2025-08-27T01:00,15.8,15.3,0.0,0.0,4.29,3.69,6,0
2025-08-27T02:00,15.5,15.1,0.0,0.0,3.26,3.59,0,0
2025-08-27T03:00,15.1,14.9,0.0,0.0,2.91,3.19,0,0
2025-08-27T04:00,15.2,14.9,14.0,14.0,2.63,2.81,0,0
2025-08-27T05:00,16.8,16.6,126.0,127.0,2.15,2.37,0,0
2025-08-27T06:00,20.1,19.8,301.0,300.0,1.14,1.82,0,0
2025-08-27T07:00,22.8,22.4,480.0,480.0,0.96,1.12,0,0
2025-08-27T08:00,24.6,24.5,637.0,638.0,0.9,1.47,0,0
2025-08-27T09:00,26.0,25.8,753.0,753.0,0.57,0.88,0,0
2025-08-27T10:00,26.9,26.7,816.0,817.0,1.45,0.77,17,1
2025-08-27T11:00,27.5,27.4,811.0,823.0,2.53,1.32,36,24
2025-08-27T12:00,27.6,28.3,770.0,775.0,3.72,3.4,7,10
2025-08-27T13:00,27.1,27.7,669.0,673.0,4.62,5.75,1,3
2025-08-27T14:00,26.1,26.7,528.0,528.0,5.29,6.31,0,1
2025-08-27T15:00,25.0,25.5,355.0,350.0,5.61,6.31,0,0
2025-08-27T16:00,23.6,23.9,173.0,171.0,5.41,5.78,0,60
2025-08-27T17:00,21.3,21.8,31.0,29.0,5.89,5.86,0,27
2025-08-27T18:00,19.9,19.8,0.0,0.0,6.05,5.98,0,0
2025-08-27T19:00,18.7,18.4,0.0,0.0,5.72,5.85,0,0
2025-08-27T20:00,17.9,17.7,0.0,0.0,5.45,5.68,0,0
2025-08-27T21:00,17.3,17.1,0.0,0.0,5.21,5.03,0,0
2025-08-27T22:00,17.2,17.0,0.0,0.0,4.54,4.31,0,0
2025-08-27T23:00,17.0,16.4,0.0,0.0,3.59,3.43,0,0
2025-08-28T00:00,16.7,15.7,0.0,0.0,2.64,2.33,0,0
2025-08-28T01:00,15.7,15.1,0.0,0.0,0.98,1.49,0,0
2025-08-28T02:00,14.2,14.0,0.0,0.0,0.42,0.9,0,0
2025-08-28T03:00,13.1,13.1,0.0,0.0,1.33,1.1,0,0
2025-08-28T04:00,13.0,12.8,12.0,12.0,2.31,1.87,1,4
2025-08-28T05:00,16.3,15.4,121.0,122.0,3.42,2.26,0,0
2025-08-28T06:00,21.0,20.8,295.0,293.0,5.3,3.46,0,0
2025-08-28T07:00,23.2,23.3,473.0,470.0,4.21,3.1,2,0
2025-08-28T08:00,24.7,24.6,628.0,615.0,4.91,4.44,14,46
2025-08-28T09:00,25.8,25.5,735.0,669.0,5.7,4.78,35,46
2025-08-28T10:00,26.6,26.5,784.0,762.0,6.23,4.75,19,3
2025-08-28T11:00,27.0,27.0,806.0,817.0,6.69,5.42,10,2
2025-08-28T12:00,26.9,27.0,765.0,767.0,7.06,5.99,8,2
2025-08-28T13:00,26.7,26.6,663.0,665.0,7.21,6.51,0,3
2025-08-28T14:00,25.9,25.8,521.0,521.0,7.01,6.91,0,0
2025-08-28T15:00,25.0,25.0,348.0,347.0,7.15,6.55,0,0
2025-08-28T16:00,23.6,23.7,168.0,168.0,6.86,6.01,0,0
2025-08-28T17:00,21.3,21.4,30.0,28.0,6.72,6.23,2,0
2025-08-28T18:00,19.7,19.3,0.0,0.0,6.48,6.27,0,0
2025-08-28T19:00,18.3,18.1,0.0,0.0,6.21,6.4,0,0
2025-08-28T20:00,17.5,17.5,0.0,0.0,5.82,6.36,3,4
2025-08-28T21:00,16.9,17.1,0.0,0.0,5.5,5.85,2,14
2025-08-28T22:00,16.6,16.6,0.0,0.0,5.3,4.71,0,2
2025-08-28T23:00,16.3,16.0,0.0,0.0,4.78,3.98,1,5
2025-08-29T00:00,15.7,15.7,0.0,0.0,3.83,3.85,0,0
2025-08-29T01:00,15.4,15.3,0.0,0.0,3.64,3.82,0,0
2025-08-29T02:00,15.1,15.2,0.0,0.0,4.11,4.24,4,0
2025-08-29T03:00,15.1,15.1,0.0,0.0,5.3,3.08,3,0
2025-08-29T04:00,15.5,14.4,11.0,11.0,6.2,4.0,0,6
2025-08-29T05:00,18.0,17.4,119.0,120.0,6.14,5.8,0,0
2025-08-29T06:00,21.3,21.5,292.0,292.0,5.68,5.26,0,0
2025-08-29T07:00,23.8,23.9,471.0,469.0,2.85,2.98,0,0
2025-08-29T08:00,25.9,25.9,627.0,624.0,3.27,3.37,0,3
2025-08-29T09:00,27.6,27.7,743.0,739.0,3.45,2.97,0,0
2025-08-29T10:00,28.8,28.9,805.0,802.0,3.43,3.33,0,0
2025-08-29T11:00,29.5,29.4,811.0,808.0,3.53,3.83,0,0
2025-08-29T12:00,29.5,29.6,758.0,758.0,4.41,4.32,0,0
2025-08-29T13:00,29.4,29.6,655.0,657.0,4.63,4.78,8,0
2025-08-29T14:00,28.8,28.8,506.0,513.0,5.09,5.59,11,0
2025-08-29T15:00,28.1,27.4,335.0,339.0,5.23,5.8,9,0
2025-08-29T16:00,26.4,25.6,160.0,160.0,5.37,5.58,6,0
2025-08-29T17:00,23.5,22.9,26.0,26.0,6.11,6.32,3,0
2025-08-29T18:00,21.6,21.3,0.0,0.0,6.18,5.96,0,0
2025-08-29T19:00,20.3,20.0,0.0,0.0,5.68,5.13,0,0
2025-08-29T20:00,19.6,19.0,0.0,0.0,4.52,3.82,0,0
2025-08-29T21:00,18.9,18.1,0.0,0.0,3.88,2.63,0,0
2025-08-29T22:00,18.3,17.5,0.0,0.0,3.88,1.5,2,13
2025-08-29T23:00,17.8,17.0,0.0,0.0,3.51,1.64,10,18
2025-08-30T00:00,18.5,17.1,0.0,0.0,4.87,2.88,16,17
2025-08-30T01:00,18.1,16.7,0.0,0.0,4.68,2.98,51,9
2025-08-30T02:00,18.0,16.1,0.0,0.0,4.62,2.53,46,4
2025-08-30T03:00,17.8,15.7,0.0,0.0,4.25,2.5,35,5
2025-08-30T04:00,17.6,16.0,9.0,10.0,4.27,2.75,9,8
2025-08-30T05:00,19.6,18.1,111.0,111.0,4.44,2.48,10,19
2025-08-30T06:00,22.8,22.7,278.0,280.0,2.37,2.36,0,3
2025-08-30T07:00,25.4,25.7,453.0,452.0,1.67,1.84,0,22
2025-08-30T08:00,27.5,27.6,606.0,594.0,1.49,2.14,0,27
2025-08-30T09:00,29.3,29.4,720.0,706.0,1.74,2.4,0,17
2025-08-30T10:00,30.5,30.7,782.0,775.0,2.18,2.76,0,3
2025-08-30T11:00,31.2,31.6,789.0,789.0,2.96,2.95,1,0
2025-08-30T12:00,31.2,30.8,740.0,739.0,4.02,4.31,0,7
2025-08-30T13:00,30.7,30.4,642.0,642.0,4.47,4.48,0,2
2025-08-30T14:00,30.0,29.8,500.0,501.0,4.8,4.78,0,0
2025-08-30T15:00,28.8,28.6,329.0,330.0,4.92,4.97,0,0
2025-08-30T16:00,27.2,26.8,154.0,154.0,4.78,4.89,0,0
2025-08-30T17:00,24.7,24.1,24.0,23.0,5.1,5.54,0,0
2025-08-30T18:00,22.6,22.8,0.0,0.0,5.2,5.49,0,0
2025-08-30T19:00,21.5,21.7,0.0,0.0,5.28,5.96,0,0
2025-08-30T20:00,20.8,20.8,0.0,0.0,5.39,6.27,0,0
2025-08-30T21:00,20.3,20.2,0.0,0.0,5.59,6.31,0,0
2025-08-30T22:00,20.0,19.8,0.0,0.0,5.73,6.09,6,14
2025-08-30T23:00,19.7,19.4,0.0,0.0,5.77,5.89,28,28
2025-08-31T00:00,18.8,18.5,0.0,0.0,6.08,6.06,2,0
2025-08-31T01:00,18.9,18.4,0.0,0.0,6.2,6.09,23,18
2025-08-31T02:00,19.0,18.4,0.0,0.0,6.32,6.02,44,39
2025-08-31T03:00,19.1,18.6,0.0,0.0,5.65,5.89,42,42
2025-08-31T04:00,19.1,18.7,8.0,9.0,5.79,5.82,100,55
2025-08-31T05:00,20.5,20.4,81.0,102.0,5.98,6.12,100,47
2025-08-31T06:00,22.7,22.8,268.0,259.0,5.78,6.79,32,50
2025-08-31T07:00,24.6,24.8,422.0,415.0,5.56,5.82,99,39
2025-08-31T08:00,25.6,26.8,425.0,564.0,5.38,5.7,100,33
2025-08-31T09:00,26.9,28.2,455.0,662.0,4.94,5.9,67,47
2025-08-31T10:00,29.0,29.0,639.0,709.0,4.91,5.2,100,100
2025-08-31T11:00,28.4,29.5,406.0,614.0,5.54,4.47,100,100
2025-08-31T12:00,25.4,26.6,309.0,368.0,1.57,1.38,100,99
2025-08-31T13:00,26.2,26.9,311.0,465.0,1.39,1.38,100,100
2025-08-31T14:00,26.4,23.6,285.0,315.0,5.56,1.08,60,100
2025-08-31T15:00,25.7,23.6,240.0,200.0,6.78,1.32,100,100
2025-08-31T16:00,24.9,23.6,109.0,129.0,6.87,2.85,100,100
2025-08-31T17:00,23.2,22.7,18.0,19.0,7.16,3.47,100,98
2025-08-31T18:00,21.6,22.6,0.0,0.0,8.04,6.96,84,82
2025-08-31T19:00,20.7,22.1,0.0,0.0,8.31,7.61,6,70
2025-08-31T20:00,19.9,21.3,0.0,0.0,9.15,7.36,0,51
2025-08-31T21:00,19.2,20.6,0.0,0.0,9.39,7.85,17,0
2025-08-31T22:00,18.9,19.8,0.0,0.0,9.6,8.13,23,8
2025-08-31T23:00,18.6,19.1,0.0,0.0,9.23,8.87,34,40
2025-09-01T00:00,18.4,18.6,0.0,0.0,9.37,7.23,7,69
2025-09-01T01:00,18.1,18.4,0.0,0.0,10.41,7.71,0,58
2025-09-01T02:00,17.7,18.2,0.0,0.0,10.57,8.08,32,77
2025-09-01T03:00,17.4,18.2,0.0,0.0,10.38,9.06,86,73
2025-09-01T04:00,17.5,18.4,6.0,6.0,10.23,9.36,67,69
2025-09-01T05:00,18.4,19.3,98.0,80.0,8.51,8.4,29,80
2025-09-01T06:00,19.8,20.0,270.0,225.0,8.77,7.88,5,64
2025-09-01T07:00,21.4,21.5,442.0,394.0,7.45,7.16,0,47
2025-09-01T08:00,23.5,23.4,593.0,575.0,6.28,7.06,0,59
2025-09-01T09:00,25.3,24.7,705.0,524.0,5.49,7.65,19,84
2025-09-01T10:00,26.5,26.6,731.0,552.0,5.0,6.84,43,85
2025-09-01T11:00,27.6,27.2,727.0,547.0,5.1,6.96,28,73
2025-09-01T12:00,28.1,27.9,602.0,587.0,6.13,5.99,54,66
2025-09-01T13:00,28.6,28.1,569.0,479.0,6.63,6.88,48,80
2025-09-01T14:00,28.6,27.8,460.0,301.0,6.57,6.98,47,82
2025-09-01T15:00,28.1,27.5,280.0,228.0,6.75,6.09,86,39
2025-09-01T16:00,27.3,26.8,134.0,134.0,5.35,6.1,11,63
2025-09-01T17:00,25.5,25.5,19.0,16.0,5.11,5.61,0,66
2025-09-01T18:00,23.6,24.0,0.0,0.0,4.8,4.75,48,47
2025-09-01T19:00,22.9,23.2,0.0,0.0,4.82,5.02,91,60
2025-09-01T20:00,22.7,22.6,0.0,0.0,5.85,5.71,69,27
2025-09-01T21:00,22.0,21.6,0.0,0.0,7.01,5.92,25,0
2025-09-01T22:00,21.2,20.8,0.0,0.0,5.83,5.68,0,0
2025-09-01T23:00,20.2,20.4,0.0,0.0,5.48,6.96,0,0
2025-09-02T00:00,20.2,19.9,0.0,0.0,6.79,5.19,0,7
2025-09-02T01:00,19.8,19.5,0.0,0.0,7.06,6.33,0,4
2025-09-02T02:00,19.5,19.2,0.0,0.0,7.29,6.7,0,0
2025-09-02T03:00,19.4,18.9,0.0,0.0,7.41,6.74,0,2
2025-09-02T04:00,19.1,18.8,7.0,8.0,7.28,6.66,0,0
2025-09-02T05:00,19.9,20.1,104.0,104.0,7.51,6.54,0,0
2025-09-02T06:00,21.6,22.0,267.0,265.0,7.6,5.98,1,0
2025-09-02T07:00,23.9,24.4,439.0,438.0,5.91,4.78,0,0
2025-09-02T08:00,26.0,26.9,590.0,591.0,6.05,4.57,0,0
2025-09-02T09:00,28.1,28.9,703.0,706.0,5.73,4.46,0,0
2025-09-02T10:00,29.6,30.4,714.0,769.0,6.04,4.13,46,9
2025-09-02T11:00,30.3,31.4,611.0,713.0,6.01,3.8,87,81
2025-09-02T12:00,31.2,32.1,619.0,539.0,5.81,3.74,70,64
2025-09-02T13:00,31.4,32.0,497.0,446.0,5.29,3.13,59,70
2025-09-02T14:00,31.3,31.2,367.0,334.0,5.09,3.29,70,41
2025-09-02T15:00,30.8,30.1,234.0,253.0,4.04,4.81,65,37
2025-09-02T16:00,28.5,28.7,92.0,127.0,4.17,3.86,49,27
2025-09-02T17:00,26.0,26.4,14.0,17.0,4.47,4.03,36,0
2025-09-02T18:00,24.7,24.1,0.0,0.0,5.19,5.45,0,5
2025-09-02T19:00,23.4,23.1,0.0,0.0,4.99,5.36,0,0
2025-09-02T20:00,22.4,22.4,0.0,0.0,5.23,4.86,13,30
2025-09-02T21:00,21.9,21.7,0.0,0.0,4.93,3.77,0,25
2025-09-02T22:00,21.5,21.2,0.0,0.0,5.33,3.14,3,7
2025-09-02T23:00,21.0,21.3,0.0,0.0,4.92,3.29,0,27
2025-09-03T00:00,21.0,21.3,0.0,0.0,5.22,4.0,8,6
2025-09-03T01:00,20.5,21.0,0.0,0.0,5.22,2.76,3,12
2025-09-03T02:00,20.0,20.3,0.0,0.0,4.35,1.9,3,14
2025-09-03T03:00,19.3,19.6,0.0,0.0,3.45,1.32,1,3
2025-09-03T04:00,18.6,19.2,7.0,7.0,2.72,0.35,0,10
2025-09-03T05:00,19.5,20.2,103.0,102.0,2.39,0.4,0,7
2025-09-03T06:00,24.2,23.2,270.0,252.0,3.26,0.53,0,25
2025-09-03T07:00,27.1,26.3,445.0,428.0,1.41,0.31,0,32
2025-09-03T08:00,29.1,28.7,599.0,571.0,1.71,0.35,0,17
2025-09-03T09:00,30.6,30.4,705.0,676.0,2.42,0.22,23,51
2025-09-03T10:00,31.2,31.2,670.0,626.0,3.64,0.88,60,65
2025-09-03T11:00,30.9,31.7,544.0,517.0,4.95,1.45,85,77
2025-09-03T12:00,30.6,30.5,566.0,583.0,6.27,6.36,54,52
2025-09-03T13:00,30.0,29.2,568.0,475.0,6.66,7.12,27,69
2025-09-03T14:00,28.8,28.1,448.0,326.0,6.9,7.38,38,63
2025-09-03T15:00,27.5,27.1,289.0,245.0,6.27,6.49,6,33
2025-09-03T16:00,25.8,25.6,132.0,128.0,5.7,5.99,0,1
2025-09-03T17:00,23.8,23.6,15.0,15.0,5.75,6.29,0,13
2025-09-03T18:00,22.3,22.2,0.0,0.0,6.57,5.61,0,4
2025-09-03T19:00,21.3,20.8,0.0,0.0,5.48,4.78,0,0
2025-09-03T20:00,20.5,19.9,0.0,0.0,5.04,4.65,1,0
2025-09-03T21:00,19.9,19.1,0.0,0.0,4.43,4.66,2,1
2025-09-03T22:00,19.1,18.6,0.0,0.0,3.38,4.04,11,1
2025-09-03T23:00,18.4,18.1,0.0,0.0,3.23,3.79,16,2
2025-09-04T00:00,18.0,18.6,0.0,0.0,3.72,2.29,9,41
2025-09-04T01:00,17.6,18.3,0.0,0.0,4.19,3.06,3,28
2025-09-04T02:00,17.1,18.1,0.0,0.0,5.11,4.53,0,5
2025-09-04T03:00,16.8,17.9,0.0,0.0,6.15,5.54,0,3
2025-09-04T04:00,16.8,17.8,7.0,7.0,7.42,6.03,0,0
2025-09-04T05:00,19.0,19.8,104.0,105.0,8.59,6.84,0,0
2025-09-04T06:00,22.3,22.8,274.0,275.0,8.19,7.99,0,0
2025-09-04T07:00,24.6,25.1,452.0,453.0,5.86,5.76,0,0
2025-09-04T08:00,26.7,27.2,609.0,609.0,6.15,6.39,0,0
2025-09-04T09:00,28.1,28.5,724.0,725.0,6.27,6.01,2,0
2025-09-04T10:00,28.8,29.3,788.0,789.0,6.0,5.66,51,0
2025-09-04T11:00,29.2,29.7,794.0,793.0,6.09,5.61,10,19
2025-09-04T12:00,28.9,29.0,735.0,737.0,6.7,6.86,17,41
2025-09-04T13:00,28.4,28.4,622.0,628.0,6.51,6.77,8,55
2025-09-04T14:00,27.5,27.3,484.0,479.0,6.56,6.91,0,54
2025-09-04T15:00,26.2,26.0,310.0,305.0,6.5,6.77,3,67
2025-09-04T16:00,24.3,24.3,133.0,131.0,6.37,6.47,21,62
2025-09-04T17:00,21.9,21.7,15.0,14.0,6.57,6.57,52,42
2025-09-04T18:00,20.3,19.9,0.0,0.0,6.21,6.43,42,60
2025-09-04T19:00,19.2,18.6,0.0,0.0,6.29,6.14,34,45
2025-09-04T20:00,18.4,17.7,0.0,0.0,6.71,6.33,18,37
2025-09-04T21:00,17.7,17.0,0.0,0.0,7.27,6.36,18,9
2025-09-04T22:00,17.0,16.3,0.0,0.0,7.36,6.32,12,9
2025-09-04T23:00,16.4,15.8,0.0,0.0,7.1,6.37,7,5
2025-09-05T00:00,16.1,15.5,0.0,0.0,6.79,6.28,0,12
2025-09-05T01:00,16.0,15.1,0.0,0.0,6.5,4.91,0,22
2025-09-05T02:00,16.1,14.6,0.0,0.0,6.05,4.95,0,36
2025-09-05T03:00,15.8,14.4,0.0,0.0,6.66,4.92,0,29
2025-09-05T04:00,16.2,14.4,6.0,6.0,7.49,5.04,22,12
2025-09-05T05:00,18.5,16.1,100.0,101.0,8.76,5.23,3,37
2025-09-05T06:00,21.7,19.9,267.0,270.0,7.76,4.06,0,0
2025-09-05T07:00,24.5,23.1,446.0,446.0,6.55,2.06,0,0
2025-09-05T08:00,26.4,25.7,603.0,599.0,7.19,2.89,0,13
2025-09-05T09:00,27.7,27.9,718.0,710.0,7.15,3.52,0,37
2025-09-05T10:00,28.3,29.0,778.0,757.0,6.86,4.41,25,92
2025-09-05T11:00,28.4,29.3,753.0,699.0,6.51,4.9,36,100
2025-09-05T12:00,28.5,28.2,725.0,645.0,6.99,6.21,4,97
2025-09-05T13:00,27.9,27.7,625.0,573.0,6.77,5.83,0,91
2025-09-05T14:00,26.9,26.7,477.0,434.0,6.59,6.09,3,80
2025-09-05T15:00,25.4,25.4,302.0,292.0,6.37,6.17,0,74
2025-09-05T16:00,23.7,23.7,128.0,123.0,6.08,6.07,0,100
2025-09-05T17:00,21.5,21.6,12.0,13.0,6.47,6.86,0,100
2025-09-05T18:00,20.0,20.1,0.0,0.0,6.22,5.89,0,0
2025-09-05T19:00,19.1,19.0,0.0,0.0,6.63,6.09,0,0
2025-09-05T20:00,18.4,18.5,0.0,0.0,6.64,6.54,0,11
2025-09-05T21:00,17.7,17.9,0.0,0.0,6.98,6.13,1,61
2025-09-05T22:00,17.0,17.2,0.0,0.0,6.88,5.87,54,61
2025-09-05T23:00,16.3,16.4,0.0,0.0,6.12,5.75,99,98
2025-09-06T00:00,15.7,16.0,0.0,0.0,5.95,6.04,88,100
2025-09-06T01:00,15.1,15.5,0.0,0.0,5.27,6.14,100,100
2025-09-06T02:00,14.5,15.1,0.0,0.0,5.7,6.08,100,100
2025-09-06T03:00,14.4,14.9,0.0,0.0,6.35,6.12,97,100
2025-09-06T04:00,14.6,14.9,5.0,5.0,7.01,6.44,100,100
2025-09-06T05:00,17.0,16.5,91.0,90.0,7.58,6.54,100,100
2025-09-06T06:00,20.3,20.0,249.0,247.0,7.29,5.83,100,99
2025-09-06T07:00,23.0,22.7,420.0,417.0,4.9,3.51,100,100
2025-09-06T08:00,24.9,24.9,568.0,556.0,5.2,3.84,99,100
2025-09-06T09:00,26.1,26.3,697.0,662.0,5.21,4.44,100,100
2025-09-06T10:00,26.8,27.1,749.0,723.0,5.2,4.65,100,100
2025-09-06T11:00,27.2,27.6,729.0,736.0,4.93,4.71,100,99
2025-09-06T12:00,27.6,28.0,686.0,708.0,4.57,4.65,100,69
2025-09-06T13:00,27.2,27.7,549.0,597.0,4.51,4.53,92,100
2025-09-06T14:00,26.9,27.0,436.0,407.0,4.35,4.52,86,100
2025-09-06T15:00,25.5,25.4,271.0,243.0,5.14,5.43,98,100
2025-09-06T16:00,22.8,22.8,112.0,102.0,5.99,6.01,98,100
2025-09-06T17:00,20.8,21.0,11.0,10.0,6.41,6.57,73,100
2025-09-06T18:00,19.7,19.8,0.0,0.0,7.58,6.37,100,70
2025-09-06T19:00,18.7,18.8,0.0,0.0,7.56,6.6,100,100
2025-09-06T20:00,18.1,18.3,0.0,0.0,7.09,6.54,100,100
2025-09-06T21:00,17.7,17.8,0.0,0.0,7.98,5.41,100,100
2025-09-06T22:00,17.4,17.4,0.0,0.0,7.9,5.83,100,100
2025-09-06T23:00,17.1,17.1,0.0,0.0,6.79,6.49,100,100
2025-09-07T00:00,16.5,16.4,0.0,0.0,6.12,6.32,99,5
2025-09-07T01:00,16.0,16.0,0.0,0.0,5.71,6.31,77,37
2025-09-07T02:00,15.4,15.7,0.0,0.0,5.11,6.4,92,91
2025-09-07T03:00,14.7,15.5,0.0,0.0,4.82,6.24,100,84
2025-09-07T04:00,14.4,15.3,5.0,4.0,4.8,6.29,99,89
2025-09-07T05:00,16.0,17.1,90.0,88.0,5.35,6.27,53,90
2025-09-07T06:00,19.7,20.5,225.0,230.0,5.61,6.39,100,100
2025-09-07T07:00,22.3,22.8,387.0,390.0,3.69,4.24,100,100
2025-09-07T08:00,24.3,24.5,532.0,540.0,4.57,4.73,100,100
2025-09-07T09:00,25.7,25.4,660.0,615.0,5.52,5.08,74,100
2025-09-07T10:00,26.4,25.8,744.0,609.0,5.7,4.97,93,99
2025-09-07T11:00,26.8,26.3,726.0,623.0,5.48,4.78,99,95
2025-09-07T12:00,27.7,27.5,661.0,685.0,5.39,4.84,53,90
2025-09-07T13:00,27.3,27.2,564.0,570.0,5.49,4.71,74,82
2025-09-07T14:00,26.5,26.4,416.0,428.0,5.94,5.11,72,96
2025-09-07T15:00,25.2,25.2,277.0,250.0,6.42,5.8,25,93
2025-09-07T16:00,23.1,22.8,115.0,104.0,7.19,7.18,23,94
2025-09-07T17:00,20.9,20.8,10.0,10.0,6.76,7.66,5,35
2025-09-07T18:00,19.5,19.5,0.0,0.0,6.11,6.86,4,5
2025-09-07T19:00,18.5,18.4,0.0,0.0,5.4,6.42,8,17
2025-09-07T20:00,17.8,17.9,0.0,0.0,4.97,6.18,1,18
2025-09-07T21:00,17.3,17.5,0.0,0.0,5.21,5.96,0,2
2025-09-07T22:00,17.1,17.1,0.0,0.0,6.28,6.8,0,0
2025-09-07T23:00,16.8,16.8,0.0,0.0,6.99,7.58,0,0
2025-09-08T00:00,16.2,16.1,0.0,0.0,6.13,6.17,0,0
2025-09-08T01:00,15.5,15.6,0.0,0.0,5.65,6.06,3,0
2025-09-08T02:00,15.3,15.4,0.0,0.0,6.37,6.47,0,0
2025-09-08T03:00,15.3,15.3,0.0,0.0,7.07,6.76,0,4
2025-09-08T04:00,15.2,15.1,4.0,4.0,6.8,6.53,0,89
2025-09-08T05:00,16.5,16.4,92.0,90.0,6.2,5.63,0,1
2025-09-08T06:00,19.8,20.1,257.0,257.0,5.26,5.49,0,0
2025-09-08T07:00,22.8,23.1,433.0,434.0,2.77,3.34,5,1
2025-09-08T08:00,25.3,25.6,587.0,591.0,3.2,4.13,27,2
2025-09-08T09:00,26.7,26.9,695.0,702.0,5.06,4.52,31,14
2025-09-08T10:00,27.3,27.7,731.0,751.0,4.82,3.78,32,17
2025-09-08T11:00,27.8,28.3,726.0,755.0,4.51,3.53,41,33
2025-09-08T12:00,27.2,27.9,542.0,654.0,4.02,4.03,79,48
2025-09-08T13:00,27.0,27.7,425.0,550.0,4.02,4.05,79,48
2025-09-08T14:00,26.6,27.2,298.0,396.0,3.7,3.77,72,51
2025-09-08T15:00,26.1,26.5,197.0,241.0,3.69,3.44,70,64
2025-09-08T16:00,24.7,24.4,83.0,98.0,5.29,5.49,50,27
2025-09-08T17:00,22.1,21.9,7.0,8.0,5.49,5.09,24,2
2025-09-08T18:00,20.2,20.6,0.0,0.0,4.14,3.07,0,32
2025-09-08T19:00,19.1,19.3,0.0,0.0,2.16,1.67,0,24
2025-09-08T20:00,17.9,18.1,0.0,0.0,1.06,0.44,1,0
2025-09-08T21:00,17.0,17.2,0.0,0.0,0.53,0.62,22,1
2025-09-08T22:00,16.6,16.3,0.0,0.0,0.88,1.06,18,1
2025-09-08T23:00,16.2,16.1,0.0,0.0,1.15,2.37,0,0
2025-09-09T00:00,15.7,16.2,0.0,0.0,2.24,3.67,1,87
2025-09-09T01:00,15.6,15.8,0.0,0.0,2.85,4.04,3,9
2025-09-09T02:00,15.3,15.2,0.0,0.0,2.91,3.87,3,4
2025-09-09T03:00,15.1,14.6,0.0,0.0,2.76,3.53,4,5
2025-09-09T04:00,14.8,14.3,3.0,3.0,2.79,2.88,4,91
2025-09-09T05:00,15.9,15.5,89.0,87.0,2.48,2.31,4,71
2025-09-09T06:00,18.8,20.1,252.0,246.0,2.02,1.62,45,42
2025-09-09T07:00,22.3,23.3,425.0,422.0,1.67,0.59,4,27
2025-09-09T08:00,25.3,25.5,579.0,569.0,1.12,0.53,7,95
2025-09-09T09:00,27.1,26.8,685.0,643.0,1.23,1.1,39,96
2025-09-09T10:00,28.1,28.0,671.0,720.0,0.44,1.67,63,33
2025-09-09T11:00,28.8,28.6,648.0,726.0,1.49,2.64,56,48
2025-09-09T12:00,29.4,29.1,587.0,705.0,2.55,1.28,66,3
2025-09-09T13:00,28.2,29.1,449.0,598.0,7.41,1.96,46,10
2025-09-09T14:00,27.8,28.6,389.0,452.0,6.36,2.77,34,33
2025-09-09T15:00,26.4,27.4,257.0,277.0,5.89,5.11,42,99
2025-09-09T16:00,24.6,25.5,102.0,94.0,5.44,5.62,40,87
2025-09-09T17:00,22.4,23.2,7.0,7.0,6.39,6.23,78,83
2025-09-09T18:00,21.3,21.4,0.0,0.0,6.96,5.43,87,29
2025-09-09T19:00,20.5,20.2,0.0,0.0,6.4,4.71,87,30
2025-09-09T20:00,19.8,19.7,0.0,0.0,5.2,3.76,64,34
2025-09-09T21:00,19.3,19.2,0.0,0.0,4.45,3.53,56,0
2025-09-09T22:00,19.1,18.6,0.0,0.0,3.72,3.26,62,14
2025-09-09T23:00,18.9,18.1,0.0,0.0,3.11,3.14,61,6
2025-09-10T00:00,18.5,17.9,0.0,0.0,2.59,1.98,54,44
2025-09-10T01:00,17.4,16.9,0.0,0.0,1.49,1.8,58,51
2025-09-10T02:00,16.7,16.3,0.0,0.0,2.26,2.79,42,42
2025-09-10T03:00,17.2,16.3,0.0,0.0,3.63,3.4,80,21
2025-09-10T04:00,17.4,16.4,3.0,3.0,5.6,3.63,50,22
2025-09-10T05:00,19.4,18.6,79.0,83.0,6.73,4.35,49,39
2025-09-10T06:00,21.6,21.8,226.0,233.0,7.89,5.1,33,48
2025-09-10T07:00,23.5,23.7,404.0,385.0,5.7,4.44,44,52
2025-09-10T08:00,24.9,24.9,536.0,514.0,5.57,5.04,49,59
2025-09-10T09:00,25.5,25.5,625.0,584.0,5.98,5.25,55,65
2025-09-10T10:00,26.1,26.6,663.0,652.0,5.04,4.57,44,54
2025-09-10T11:00,26.6,26.9,701.0,675.0,5.52,5.09,34,67
2025-09-10T12:00,26.6,26.8,627.0,663.0,4.41,7.76,41,38
2025-09-10T13:00,26.3,26.4,482.0,570.0,2.97,7.84,69,16
2025-09-10T14:00,26.3,25.5,362.0,415.0,3.74,7.8,58,51
2025-09-10T15:00,25.5,24.5,225.0,233.0,3.04,7.62,40,42
2025-09-10T16:00,22.9,23.3,95.0,90.0,8.23,6.96,24,71
2025-09-10T17:00,21.2,21.9,6.0,5.0,7.88,7.39,27,80
2025-09-10T18:00,20.0,20.5,0.0,0.0,7.15,7.58,5,61
2025-09-10T19:00,19.2,20.0,0.0,0.0,6.64,7.68,7,58
2025-09-10T20:00,18.3,19.6,0.0,0.0,6.82,7.1,55,41
2025-09-10T21:00,17.8,18.9,0.0,0.0,7.54,6.2,88,27
2025-09-10T22:00,17.3,18.2,0.0,0.0,6.1,5.87,47,37
2025-09-10T23:00,16.7,17.8,0.0,0.0,5.97,4.0,2,33
2025-09-11T00:00,17.1,16.8,0.0,0.0,6.02,3.19,75,36
2025-09-11T01:00,16.8,16.7,0.0,0.0,5.04,3.19,9,41
2025-09-11T02:00,16.5,16.4,0.0,0.0,5.61,2.83,18,28
2025-09-11T03:00,16.5,16.1,0.0,0.0,5.8,2.47,36,63
2025-09-11T04:00,16.6,16.7,2.0,2.0,5.89,3.8,87,91
2025-09-11T05:00,18.3,18.5,54.0,50.0,6.35,6.23,89,87
2025-09-11T06:00,20.2,20.7,172.0,171.0,6.13,6.94,69,83
2025-09-11T07:00,21.8,22.2,272.0,292.0,4.99,4.97,83,78
2025-09-11T08:00,22.9,23.2,344.0,374.0,4.71,4.52,94,94
2025-09-11T09:00,23.7,23.8,332.0,307.0,3.31,4.8,93,100
2025-09-11T10:00,24.8,24.4,415.0,388.0,3.61,4.83,89,93
2025-09-11T11:00,24.8,24.7,409.0,335.0,3.64,4.71,99,96
2025-09-11T12:00,25.9,23.8,503.0,277.0,5.4,4.65,75,100
2025-09-11T13:00,25.7,24.2,476.0,283.0,5.95,5.26,67,100
2025-09-11T14:00,24.9,23.7,355.0,187.0,6.63,5.52,76,100
2025-09-11T15:00,23.9,23.0,219.0,108.0,6.57,6.61,69,100
2025-09-11T16:00,22.6,22.3,86.0,51.0,6.99,6.11,60,100
2025-09-11T17:00,21.5,21.4,5.0,3.0,6.98,6.32,97,100
2025-09-11T18:00,20.7,21.2,0.0,0.0,5.98,6.31,82,100
2025-09-11T19:00,20.3,21.0,0.0,0.0,5.42,5.68,87,100
2025-09-11T20:00,20.3,20.6,0.0,0.0,6.2,4.51,100,100
2025-09-11T21:00,20.3,20.3,0.0,0.0,6.15,5.13,100,99
2025-09-11T22:00,20.0,20.2,0.0,0.0,5.77,4.99,97,100
2025-09-11T23:00,19.8,20.0,0.0,0.0,5.11,3.8,98,100
2025-09-12T00:00,20.1,20.0,0.0,0.0,3.75,1.9,100,100
2025-09-12T01:00,19.9,19.6,0.0,0.0,3.26,0.84,100,100
2025-09-12T02:00,19.6,19.3,0.0,0.0,3.42,0.66,100,100
2025-09-12T03:00,19.5,19.4,0.0,0.0,3.07,1.71,100,100
2025-09-12T04:00,19.4,19.4,1.0,0.0,1.96,1.75,100,100
2025-09-12T05:00,19.8,19.6,18.0,13.0,3.14,2.55,100,100
2025-09-12T06:00,20.9,20.6,60.0,60.0,3.55,1.79,100,100
2025-09-12T07:00,21.2,21.4,86.0,126.0,3.46,2.23,100,100
2025-09-12T08:00,21.6,22.0,159.0,171.0,3.03,2.0,100,100
2025-09-12T09:00,21.9,22.4,201.0,220.0,2.98,2.02,100,100
2025-09-12T10:00,21.9,23.0,175.0,253.0,2.55,2.31,100,100
2025-09-12T11:00,22.4,22.9,174.0,237.0,2.86,2.52,100,100
2025-09-12T12:00,21.8,20.1,239.0,62.0,4.06,5.39,100,100
2025-09-12T13:00,21.6,19.7,170.0,45.0,4.64,4.73,100,100
2025-09-12T14:00,21.2,19.4,115.0,38.0,4.8,5.0,100,100
2025-09-12T15:00,20.8,19.1,69.0,20.0,5.59,4.59,100,100
2025-09-12T16:00,20.3,18.7,29.0,11.0,5.98,4.52,100,100
2025-09-12T17:00,19.9,18.6,2.0,0.0,6.28,6.58,100,98
2025-09-12T18:00,19.5,19.6,0.0,0.0,7.99,2.55,100,100
2025-09-12T19:00,19.6,19.4,0.0,0.0,7.25,2.95,100,100
2025-09-12T20:00,19.6,19.1,0.0,0.0,7.51,3.35,100,100
2025-09-12T21:00,19.4,18.7,0.0,0.0,8.15,2.43,100,100
2025-09-12T22:00,18.8,18.4,0.0,0.0,8.41,3.81,100,100
2025-09-12T23:00,18.5,18.7,0.0,0.0,8.86,6.11,100,100
2025-09-13T00:00,17.9,17.9,0.0,0.0,7.65,8.25,100,99
2025-09-13T01:00,17.7,17.9,0.0,0.0,6.82,7.41,99,97
2025-09-13T02:00,17.7,17.9,0.0,0.0,6.14,6.94,96,91
2025-09-13T03:00,17.7,17.9,0.0,0.0,5.88,6.81,99,93
2025-09-13T04:00,18.0,17.5,0.0,1.0,4.73,7.82,100,87
2025-09-13T05:00,18.1,18.3,13.0,36.0,6.72,8.07,100,95
2025-09-13T06:00,18.8,19.7,140.0,82.0,7.76,7.46,89,96
2025-09-13T07:00,19.6,20.3,224.0,143.0,7.96,8.37,84,92
2025-09-13T08:00,20.5,20.9,314.0,183.0,5.91,5.92,70,94
2025-09-13T09:00,21.7,21.7,454.0,252.0,5.27,6.35,61,92
2025-09-13T10:00,22.9,22.6,595.0,316.0,4.99,6.73,60,93
2025-09-13T11:00,23.5,23.3,605.0,413.0,5.17,7.3,76,86
2025-09-13T12:00,23.6,24.2,553.0,549.0,4.61,5.4,69,76
2025-09-13T13:00,23.8,24.2,467.0,475.0,4.02,5.37,78,56
2025-09-13T14:00,23.4,23.9,314.0,387.0,5.19,5.16,86,53
2025-09-13T15:00,22.8,23.4,197.0,231.0,5.57,5.0,45,61
2025-09-13T16:00,21.7,22.2,80.0,82.0,5.59,5.33,17,30
2025-09-13T17:00,20.2,20.7,4.0,4.0,4.63,5.58,49,24
2025-09-13T18:00,18.4,19.6,0.0,0.0,6.77,6.96,25,61
2025-09-13T19:00,18.4,19.1,0.0,0.0,8.92,6.2,35,34
2025-09-13T20:00,18.5,18.7,0.0,0.0,9.83,6.69,48,42
2025-09-13T21:00,18.3,18.7,0.0,0.0,9.46,8.87,59,43
2025-09-13T22:00,18.0,18.6,0.0,0.0,8.66,8.09,46,32
2025-09-13T23:00,17.8,17.9,0.0,0.0,8.52,7.9,62,55
2025-09-14T00:00,17.3,17.3,0.0,0.0,9.7,6.61,52,62
2025-09-14T01:00,17.1,17.6,0.0,0.0,8.75,8.34,35,45
2025-09-14T02:00,16.1,17.5,0.0,0.0,9.05,8.56,12,42
2025-09-14T03:00,15.2,17.0,0.0,0.0,8.91,8.67,0,34
2025-09-14T04:00,14.8,16.5,2.0,2.0,8.41,9.1,0,20
2025-09-14T05:00,15.5,17.1,78.0,78.0,8.07,8.94,13,0
2025-09-14T06:00,17.8,19.0,234.0,225.0,7.41,8.75,35,34
2025-09-14T07:00,19.7,20.5,375.0,395.0,6.63,7.95,37,35
2025-09-14T08:00,20.8,21.2,501.0,518.0,8.43,7.35,51,46
2025-09-14T09:00,21.7,22.1,600.0,602.0,7.94,6.6,72,42
2025-09-14T10:00,22.0,22.7,513.0,706.0,7.41,6.14,75,32
2025-09-14T11:00,22.2,23.1,520.0,709.0,7.01,5.48,56,34
2025-09-14T12:00,22.1,22.2,579.0,602.0,7.06,6.72,68,50
2025-09-14T13:00,21.2,21.3,445.0,493.0,6.98,7.46,53,50
2025-09-14T14:00,20.8,20.8,359.0,366.0,7.16,7.26,42,50
2025-09-14T15:00,20.2,20.1,235.0,221.0,7.15,7.15,22,38
2025-09-14T16:00,19.1,18.9,85.0,81.0,7.06,7.37,2,8
2025-09-14T17:00,17.5,17.4,4.0,3.0,7.06,7.6,0,7
2025-09-14T18:00,16.3,16.3,0.0,0.0,6.97,6.37,2,0
2025-09-14T19:00,15.7,15.7,0.0,0.0,5.9,4.41,3,60
2025-09-14T20:00,15.1,15.0,0.0,0.0,3.84,2.55,40,100
2025-09-14T21:00,14.4,14.7,0.0,0.0,4.24,2.59,100,100
2025-09-14T22:00,14.4,14.5,0.0,0.0,4.57,2.59,32,100
2025-09-14T23:00,14.0,14.2,0.0,0.0,3.67,0.63,91,100
2025-09-15T00:00,13.4,14.0,0.0,0.0,1.86,2.1,100,92
2025-09-15T01:00,12.8,13.9,0.0,0.0,0.44,1.49,100,100
2025-09-15T02:00,12.5,13.5,0.0,0.0,0.14,0.77,100,100
2025-09-15T03:00,12.2,13.3,0.0,0.0,1.61,1.12,99,100
2025-09-15T04:00,12.2,13.3,1.0,1.0,1.77,1.33,99,100
2025-09-15T05:00,13.1,14.2,70.0,53.0,2.31,1.85,66,100
2025-09-15T06:00,16.3,16.6,225.0,153.0,1.95,1.98,33,100
2025-09-15T07:00,18.6,18.6,395.0,269.0,2.7,2.08,9,100
2025-09-15T08:00,20.4,20.1,546.0,374.0,1.9,2.19,4,100
2025-09-15T09:00,21.6,20.9,653.0,424.0,2.08,2.07,25,100
2025-09-15T10:00,22.5,21.4,704.0,397.0,2.76,2.23,19,100
2025-09-15T11:00,23.2,21.8,712.0,459.0,2.47,1.89,13,99
2025-09-15T12:00,23.9,22.2,645.0,423.0,2.69,2.67,43,100
2025-09-15T13:00,23.8,22.4,505.0,384.0,2.7,3.06,100,77
2025-09-15T14:00,23.5,22.4,318.0,351.0,2.98,3.4,100,73
2025-09-15T15:00,23.0,22.0,173.0,208.0,2.78,3.27,100,60
2025-09-15T16:00,21.9,20.9,52.0,73.0,2.08,5.13,100,65
2025-09-15T17:00,21.0,19.8,2.0,2.0,2.47,5.25,60,84
2025-09-15T18:00,20.6,15.8,0.0,0.0,1.47,5.64,58,81
2025-09-15T19:00,19.5,15.4,0.0,0.0,0.31,6.2,34,57
2025-09-15T20:00,18.7,15.4,0.0,0.0,1.04,5.65,32,75
2025-09-15T21:00,18.2,15.1,0.0,0.0,2.27,5.18,59,77
2025-09-15T22:00,17.2,15.0,0.0,0.0,2.77,5.92,2,72
2025-09-15T23:00,16.3,14.8,0.0,0.0,4.53,5.56,42,51
2025-09-16T00:00,17.4,14.4,0.0,0.0,6.75,4.69,59,67
2025-09-16T01:00,16.5,14.1,0.0,0.0,7.14,5.22,44,61
2025-09-16T02:00,15.5,13.8,0.0,0.0,6.72,5.39,42,39
2025-09-16T03:00,14.7,13.5,0.0,0.0,5.96,4.3,1,29
2025-09-16T04:00,13.8,13.3,1.0,1.0,5.01,4.73,0,48
2025-09-16T05:00,14.2,14.0,71.0,61.0,4.11,4.93,0,68
2025-09-16T06:00,16.5,16.4,228.0,228.0,2.9,4.06,0,0
2025-09-16T07:00,18.7,18.3,399.0,399.0,1.45,2.19,0,0
2025-09-16T08:00,20.6,20.0,550.0,548.0,2.08,2.59,0,2
2025-09-16T09:00,22.2,21.4,660.0,652.0,2.37,3.57,0,26
2025-09-16T10:00,23.4,22.4,719.0,701.0,2.39,3.59,4,30
2025-09-16T11:00,24.2,23.2,721.0,694.0,2.36,3.6,2,35
2025-09-16T12:00,25.1,23.7,660.0,642.0,2.29,2.99,6,25
2025-09-16T13:00,25.2,23.9,559.0,551.0,2.15,2.7,3,22
2025-09-16T14:00,24.9,23.7,413.0,408.0,1.67,2.23,0,19
2025-09-16T15:00,24.3,23.2,241.0,237.0,1.04,1.73,0,0
2025-09-16T16:00,22.5,21.7,78.0,78.0,0.81,1.97,0,0
2025-09-16T17:00,20.0,20.1,1.0,1.0,5.19,1.67,0,0
2025-09-16T18:00,18.9,18.4,0.0,0.0,6.61,5.65,0,2
2025-09-16T19:00,18.1,17.7,0.0,0.0,6.79,5.63,12,19
2025-09-16T20:00,17.4,17.1,0.0,0.0,6.58,5.52,13,5
2025-09-16T21:00,16.9,16.6,0.0,0.0,6.49,5.4,0,0
2025-09-16T22:00,16.5,16.3,0.0,0.0,6.87,5.14,6,0
2025-09-16T23:00,16.2,15.9,0.0,0.0,7.35,5.38,1,0
2025-09-17T00:00,15.9,15.9,0.0,0.0,6.83,6.09,75,0
2025-09-17T01:00,15.9,15.6,0.0,0.0,6.44,6.76,0,0
2025-09-17T02:00,15.8,15.6,0.0,0.0,6.18,6.38,1,8
2025-09-17T03:00,15.7,15.4,0.0,0.0,6.28,6.27,94,82
2025-09-17T04:00,16.1,15.6,1.0,1.0,7.09,6.75,100,89
2025-09-17T05:00,17.5,16.8,62.0,53.0,7.79,6.81,32,93
2025-09-17T06:00,19.3,18.0,212.0,81.0,7.71,5.82,100,100
2025-09-17T07:00,20.9,17.5,284.0,97.0,4.94,7.54,100,100
2025-09-17T08:00,21.9,16.8,207.0,66.0,4.4,5.71,98,100
2025-09-17T09:00,20.9,17.2,246.0,118.0,9.51,5.55,100,100
2025-09-17T10:00,18.8,17.6,136.0,165.0,7.34,5.35,100,100
2025-09-17T11:00,18.5,17.5,191.0,173.0,7.71,6.87,100,100
2025-09-17T12:00,18.0,17.9,189.0,194.0,8.17,8.07,100,100
2025-09-17T13:00,18.4,17.4,172.0,140.0,6.77,5.68,100,100
2025-09-17T14:00,17.8,17.2,110.0,87.0,6.56,5.01,100,96
2025-09-17T15:00,16.8,17.6,45.0,164.0,5.75,4.92,100,41
2025-09-17T16:00,16.5,17.0,19.0,64.0,5.36,6.4,100,60
2025-09-17T17:00,16.1,16.4,0.0,1.0,6.31,6.93,100,38
2025-09-17T18:00,15.3,15.2,0.0,0.0,7.48,7.64,100,37
2025-09-17T19:00,14.8,15.0,0.0,0.0,8.45,8.53,100,40
2025-09-17T20:00,14.2,14.6,0.0,0.0,9.12,8.32,37,30
2025-09-17T21:00,13.9,14.4,0.0,0.0,9.11,8.57,26,36
2025-09-17T22:00,13.7,14.1,0.0,0.0,9.64,8.02,26,34
2025-09-17T23:00,13.6,13.9,0.0,0.0,9.43,7.62,63,22
2025-09-18T00:00,13.5,13.6,0.0,0.0,8.92,8.7,62,16
2025-09-18T01:00,13.6,13.2,0.0,0.0,9.64,9.12,71,0
2025-09-18T02:00,13.5,12.8,0.0,0.0,9.26,9.48,37,11
2025-09-18T03:00,12.8,12.4,0.0,0.0,10.35,8.98,4,20
2025-09-18T04:00,12.3,12.1,1.0,1.0,10.68,7.65,0,38
2025-09-18T05:00,12.9,12.8,68.0,67.0,11.07,8.77,0,13
2025-09-18T06:00,14.2,14.3,217.0,213.0,11.56,8.61,45,33
2025-09-18T07:00,15.7,15.7,391.0,371.0,12.08,10.41,13,40
2025-09-18T08:00,17.2,17.4,543.0,534.0,13.07,10.01,42,12
2025-09-18T09:00,18.1,18.8,607.0,659.0,12.53,12.31,64,5
2025-09-18T10:00,19.1,19.5,591.0,681.0,12.1,12.07,73,40
2025-09-18T11:00,19.7,20.2,556.0,637.0,11.98,11.23,60,46
2025-09-18T12:00,20.3,21.2,576.0,602.0,12.47,10.61,96,23
2025-09-18T13:00,20.1,21.4,357.0,501.0,10.98,10.22,48,26
2025-09-18T14:00,20.0,21.3,360.0,383.0,9.91,10.43,33,47
2025-09-18T15:00,19.7,20.6,229.0,225.0,9.34,8.89,6,5
2025-09-18T16:00,18.5,19.1,71.0,72.0,8.72,7.64,0,1
2025-09-18T17:00,17.1,17.4,1.0,1.0,8.37,6.57,0,24
2025-09-18T18:00,15.6,16.0,0.0,0.0,6.84,6.08,0,11
2025-09-18T19:00,14.6,15.1,0.0,0.0,6.3,5.65,1,25
2025-09-18T20:00,14.0,14.4,0.0,0.0,6.9,5.39,0,28
2025-09-18T21:00,13.8,13.9,0.0,0.0,7.65,5.37,9,36
2025-09-18T22:00,13.6,13.5,0.0,0.0,8.24,5.55,25,34
2025-09-18T23:00,13.6,13.0,0.0,0.0,8.13,5.33,20,5
2025-09-19T00:00,13.4,12.8,0.0,0.0,8.99,7.33,0,0
2025-09-19T01:00,13.2,12.6,0.0,0.0,8.72,7.89,0,18
2025-09-19T02:00,12.8,12.5,0.0,0.0,8.5,8.16,0,34
2025-09-19T03:00,12.5,12.3,0.0,0.0,8.31,7.67,0,9
2025-09-19T04:00,12.1,11.6,1.0,1.0,7.65,7.31,0,15
2025-09-19T05:00,12.6,12.5,66.0,63.0,7.33,7.41,0,40
2025-09-19T06:00,14.5,15.0,222.0,210.0,6.77,6.48,0,47
2025-09-19T07:00,16.5,17.2,395.0,378.0,5.01,4.44,0,18
2025-09-19T08:00,18.4,19.0,546.0,536.0,5.31,4.94,0,16
2025-09-19T09:00,19.9,20.6,657.0,650.0,5.82,5.83,0,0
2025-09-19T10:00,21.1,21.7,712.0,701.0,6.11,6.17,0,38
2025-09-19T11:00,21.9,22.2,704.0,630.0,6.77,5.98,58,65
2025-09-19T12:00,22.4,22.7,647.0,619.0,7.19,6.85,27,36
2025-09-19T13:00,22.4,22.9,534.0,525.0,6.96,6.65,23,25
2025-09-19T14:00,22.1,22.8,393.0,393.0,6.06,6.65,4,2
2025-09-19T15:00,21.6,22.3,225.0,224.0,5.08,6.79,0,13
2025-09-19T16:00,20.2,20.9,65.0,63.0,5.1,5.96,14,56
2025-09-19T17:00,18.7,19.8,1.0,0.0,5.22,4.33,56,65
2025-09-19T18:00,18.2,18.9,0.0,0.0,4.27,4.57,42,73
2025-09-19T19:00,17.9,18.3,0.0,0.0,3.88,4.57,60,77
2025-09-19T20:00,17.7,18.0,0.0,0.0,3.92,4.84,85,87
2025-09-19T21:00,17.7,17.7,0.0,0.0,3.7,4.76,98,67
2025-09-19T22:00,17.6,17.0,0.0,0.0,3.86,5.2,69,59
2025-09-19T23:00,16.8,16.8,0.0,0.0,4.68,6.17,19,81
2025-09-20T00:00,16.3,15.9,0.0,0.0,6.91,6.99,0,77
2025-09-20T01:00,15.7,16.5,0.0,0.0,6.57,7.5,4,68
2025-09-20T02:00,15.2,16.5,0.0,0.0,6.7,7.24,22,85
2025-09-20T03:00,15.0,16.7,0.0,0.0,6.86,7.54,51,72
2025-09-20T04:00,15.1,16.3,0.0,0.0,7.28,7.35,55,31
2025-09-20T05:00,16.1,16.7,49.0,60.0,7.13,7.31,75,0
2025-09-20T06:00,18.1,18.7,186.0,209.0,6.99,6.6,63,10
2025-09-20T07:00,19.9,20.4,336.0,353.0,4.47,4.52,27,27
2025-09-20T08:00,21.7,22.0,520.0,509.0,5.48,5.27,11,41
2025-09-20T09:00,23.1,23.3,607.0,551.0,5.66,5.92,29,62
2025-09-20T10:00,24.1,24.3,637.0,522.0,5.83,5.66,73,73
2025-09-20T11:00,24.9,25.0,541.0,514.0,5.5,6.13,60,64
2025-09-20T12:00,25.6,25.4,482.0,543.0,5.3,6.51,82,40
2025-09-20T13:00,25.5,25.3,337.0,433.0,5.64,6.67,61,62
2025-09-20T14:00,25.4,25.1,311.0,302.0,5.65,5.85,67,65
2025-09-20T15:00,24.7,24.5,168.0,166.0,5.53,5.35,49,49
2025-09-20T16:00,23.3,23.1,54.0,53.0,5.56,5.09,42,49
2025-09-20T17:00,21.3,21.4,0.0,0.0,4.61,4.61,8,51
2025-09-20T18:00,20.0,20.1,0.0,0.0,5.12,3.81,5,18
2025-09-20T19:00,19.3,19.1,0.0,0.0,3.9,2.99,31,47
2025-09-20T20:00,18.3,18.4,0.0,0.0,4.15,2.45,24,61
2025-09-20T21:00,17.6,17.9,0.0,0.0,4.16,2.24,11,68
2025-09-20T22:00,16.9,17.4,0.0,0.0,4.51,3.14,7,58
2025-09-20T23:00,16.8,17.2,0.0,0.0,5.0,3.78,10,38
2025-09-21T00:00,16.5,16.6,0.0,0.0,4.57,4.35,22,37
2025-09-21T01:00,16.2,16.5,0.0,0.0,4.12,3.88,5,24
2025-09-21T02:00,15.6,15.9,0.0,0.0,4.17,3.31,0,9
2025-09-21T03:00,15.3,15.4,0.0,0.0,4.25,3.23,0,4
2025-09-21T04:00,15.1,15.3,0.0,0.0,4.65,3.52,0,3
2025-09-21T05:00,16.1,16.2,59.0,59.0,4.8,3.69,0,0
2025-09-21T06:00,19.1,19.5,212.0,208.0,4.5,4.61,0,18
2025-09-21T07:00,21.5,21.5,381.0,377.0,2.73,2.77,0,0
2025-09-21T08:00,23.2,23.1,530.0,527.0,3.17,3.33,0,42
2025-09-21T09:00,24.4,24.0,638.0,544.0,3.43,3.23,9,50
2025-09-21T10:00,25.0,24.6,688.0,585.0,3.72,3.44,32,47
2025-09-21T11:00,25.2,24.8,664.0,568.0,4.04,3.8,42,54
2025-09-21T12:00,24.9,24.9,592.0,625.0,4.66,4.35,42,23
2025-09-21T13:00,24.3,24.3,498.0,518.0,4.8,4.66,31,19
2025-09-21T14:00,23.5,23.4,372.0,373.0,5.06,4.97,9,1
2025-09-21T15:00,22.4,22.3,209.0,207.0,5.33,4.86,0,0
2025-09-21T16:00,20.6,20.5,56.0,56.0,5.48,5.04,0,0
2025-09-21T17:00,18.9,18.6,0.0,0.0,5.42,5.26,14,0
2025-09-21T18:00,18.0,17.7,0.0,0.0,6.24,5.36,35,0
2025-09-21T19:00,17.6,16.8,0.0,0.0,6.32,5.28,46,2
2025-09-21T20:00,17.5,16.3,0.0,0.0,6.27,4.95,56,29
2025-09-21T21:00,17.3,16.2,0.0,0.0,5.75,5.27,51,40
2025-09-21T22:00,16.8,16.3,0.0,0.0,5.26,4.57,48,51
2025-09-21T23:00,16.2,16.0,0.0,0.0,5.09,4.06,40,51
2025-09-22T00:00,15.7,15.4,0.0,0.0,4.57,4.56,43,52
2025-09-22T01:00,15.0,15.4,0.0,0.0,4.55,4.38,40,59
2025-09-22T02:00,14.7,15.4,0.0,0.0,4.86,4.61,50,59
2025-09-22T03:00,14.7,15.3,0.0,0.0,5.02,4.77,57,53
2025-09-22T04:00,14.6,15.0,0.0,0.0,4.47,4.6,56,43
2025-09-22T05:00,15.6,16.0,48.0,51.0,5.15,5.13,54,54
2025-09-22T06:00,18.5,18.6,186.0,191.0,5.25,4.21,50,41
2025-09-22T07:00,20.5,20.8,332.0,352.0,5.92,3.41,55,39
2025-09-22T08:00,21.6,21.9,459.0,451.0,6.14,5.78,52,54
2025-09-22T09:00,22.3,22.8,560.0,570.0,6.39,5.75,50,48
2025-09-22T10:00,22.7,23.4,609.0,628.0,6.61,6.06,46,49
2025-09-22T11:00,22.9,23.5,633.0,622.0,6.77,6.46,40,39
2025-09-22T12:00,23.1,23.1,612.0,621.0,6.58,6.41,16,9
2025-09-22T13:00,22.7,22.7,522.0,528.0,6.62,6.49,17,9
2025-09-22T14:00,21.9,22.0,375.0,379.0,6.66,6.57,16,3
2025-09-22T15:00,20.9,20.9,204.0,206.0,6.75,6.48,24,19
2025-09-22T16:00,19.4,19.4,52.0,53.0,6.79,6.4,29,20
2025-09-22T17:00,18.2,18.2,0.0,0.0,6.97,6.67,32,45
2025-09-22T18:00,17.6,17.7,0.0,0.0,6.79,6.49,30,46
2025-09-22T19:00,16.9,17.2,0.0,0.0,6.62,6.66,48,41
2025-09-22T20:00,16.5,16.4,0.0,0.0,6.18,6.5,38,31
2025-09-22T21:00,16.0,16.0,0.0,0.0,6.05,6.28,34,41
2025-09-22T22:00,15.6,15.7,0.0,0.0,5.7,6.15,33,39
2025-09-22T23:00,15.2,15.5,0.0,0.0,5.35,6.1,36,39
2025-09-23T00:00,14.7,15.6,0.0,0.0,4.51,4.96,31,57
2025-09-23T01:00,14.5,15.3,0.0,0.0,3.9,3.9,58,46
2025-09-23T02:00,14.6,14.9,0.0,0.0,3.77,3.24,59,51
2025-09-23T03:00,14.5,14.7,0.0,0.0,3.69,2.81,60,61
2025-09-23T04:00,14.5,14.8,0.0,0.0,3.57,2.86,62,67
2025-09-23T05:00,15.3,15.6,44.0,44.0,3.23,2.83,61,63
2025-09-23T06:00,18.2,18.3,161.0,170.0,2.73,2.86,62,54
2025-09-23T07:00,20.3,20.5,308.0,307.0,2.15,2.72,49,58
2025-09-23T08:00,21.8,22.1,425.0,414.0,3.21,3.97,74,53
2025-09-23T09:00,22.9,23.0,521.0,509.0,2.89,3.86,47,83
2025-09-23T10:00,23.7,23.6,612.0,513.0,2.94,3.68,50,63
2025-09-23T11:00,23.9,24.2,596.0,577.0,3.2,3.68,50,43
2025-09-23T12:00,24.2,24.1,574.0,598.0,2.6,4.0,40,37
2025-09-23T13:00,23.8,23.6,491.0,496.0,3.59,4.43,29,27
2025-09-23T14:00,22.8,22.8,359.0,357.0,4.19,4.82,26,28
2025-09-23T15:00,21.4,21.7,196.0,192.0,4.88,4.73,19,34
2025-09-23T16:00,19.6,20.1,49.0,47.0,5.13,4.82,9,25
2025-09-23T17:00,18.0,18.4,0.0,0.0,5.3,5.14,18,19
2025-09-23T18:00,16.8,17.2,0.0,0.0,4.48,4.32,26,24
2025-09-23T19:00,16.0,16.5,0.0,0.0,4.24,4.0,38,32
2025-09-23T20:00,15.7,16.0,0.0,0.0,4.19,4.08,40,39
2025-09-23T21:00,15.4,15.6,0.0,0.0,4.0,3.78,36,49
2025-09-23T22:00,15.0,15.3,0.0,0.0,3.35,3.11,34,53
2025-09-23T23:00,14.4,15.0,0.0,0.0,2.57,2.6,35,47
2025-09-24T00:00,13.6,13.8,0.0,0.0,3.15,1.77,36,50
2025-09-24T01:00,13.4,13.6,0.0,0.0,2.88,1.59,42,51
2025-09-24T02:00,13.3,13.3,0.0,0.0,2.52,1.64,39,52
2025-09-24T03:00,12.8,13.0,0.0,0.0,2.01,1.97,55,50
2025-09-24T04:00,12.8,12.8,0.0,0.0,2.7,2.2,73,41
2025-09-24T05:00,14.1,13.5,39.0,50.0,3.33,2.43,66,37
2025-09-24T06:00,17.2,17.2,195.0,192.0,1.46,2.43,25,52
2025-09-24T07:00,19.4,19.4,323.0,318.0,1.36,2.1,61,61
2025-09-24T08:00,20.6,20.8,417.0,407.0,1.41,1.85,58,69
2025-09-24T09:00,21.8,21.9,498.0,507.0,1.5,1.67,54,44
2025-09-24T10:00,22.9,23.0,566.0,608.0,1.67,1.67,57,49
2025-09-24T11:00,23.8,23.8,619.0,618.0,1.67,1.66,35,50
2025-09-24T12:00,24.3,24.2,547.0,567.0,1.36,1.94,48,43
2025-09-24T13:00,24.5,24.4,466.0,464.0,1.55,2.22,48,53
2025-09-24T14:00,24.1,23.9,330.0,320.0,1.29,2.79,45,48
2025-09-24T15:00,23.2,22.4,177.0,185.0,1.9,4.42,33,27
2025-09-24T16:00,21.1,20.1,45.0,46.0,3.95,4.08,23,14
2025-09-24T17:00,19.1,18.4,0.0,0.0,3.33,2.87,16,0
2025-09-24T18:00,18.2,17.7,0.0,0.0,2.02,2.1,34,3
2025-09-24T19:00,17.7,17.0,0.0,0.0,1.12,1.45,7,29
2025-09-24T20:00,17.2,16.5,0.0,0.0,1.12,0.75,11,38
2025-09-24T21:00,16.6,15.8,0.0,0.0,1.86,4.97,18,50
2025-09-24T22:00,16.1,16.2,0.0,0.0,5.92,6.67,36,35
2025-09-24T23:00,16.1,15.8,0.0,0.0,7.17,8.46,40,43
2025-09-25T00:00,16.1,15.3,0.0,0.0,9.57,11.35,61,48
2025-09-25T01:00,16.3,15.0,0.0,0.0,9.59,10.7,60,41
2025-09-25T02:00,15.5,14.5,0.0,0.0,9.07,10.0,77,51
2025-09-25T03:00,14.7,13.8,0.0,0.0,9.42,9.52,36,58
2025-09-25T04:00,13.9,13.2,0.0,0.0,9.33,9.39,75,54
2025-09-25T05:00,14.1,13.4,42.0,45.0,9.25,8.94,66,53
2025-09-25T06:00,14.4,14.6,139.0,154.0,8.59,9.47,90,69
2025-09-25T07:00,15.7,15.7,274.0,302.0,8.63,9.13,86,82
2025-09-25T08:00,16.5,16.4,367.0,395.0,8.15,8.51,85,75
2025-09-25T09:00,17.5,16.9,448.0,441.0,7.83,8.1,94,93
2025-09-25T10:00,18.7,17.1,533.0,420.0,7.91,8.04,84,100
2025-09-25T11:00,18.9,17.1,516.0,338.0,7.75,8.21,94,100
2025-09-25T12:00,18.7,18.4,487.0,431.0,7.74,8.05,87,99
2025-09-25T13:00,18.5,18.0,319.0,346.0,8.0,8.68,85,100
2025-09-25T14:00,18.4,17.0,249.0,238.0,7.92,8.77,91,100
2025-09-25T15:00,17.8,16.2,141.0,112.0,8.26,8.74,88,100
2025-09-25T16:00,16.2,15.2,34.0,26.0,8.94,8.68,88,100
2025-09-25T17:00,14.7,14.4,0.0,0.0,9.49,9.05,57,100
2025-09-25T18:00,13.4,13.7,0.0,0.0,9.15,8.67,86,100
2025-09-25T19:00,12.8,13.3,0.0,0.0,9.86,9.15,58,83
2025-09-25T20:00,12.3,12.8,0.0,0.0,10.57,9.5,62,84
2025-09-25T21:00,11.9,12.4,0.0,0.0,10.39,10.73,59,66
2025-09-25T22:00,11.7,12.2,0.0,0.0,10.86,10.56,31,76
2025-09-25T23:00,11.6,12.8,0.0,0.0,11.13,11.02,18,82
2025-09-26T00:00,12.1,12.8,0.0,0.0,11.47,11.99,53,72
2025-09-26T01:00,12.3,12.7,0.0,0.0,11.97,12.21,96,84
2025-09-26T02:00,12.7,12.3,0.0,0.0,11.92,12.32,89,100
2025-09-26T03:00,12.5,12.1,0.0,0.0,12.13,12.43,78,95
2025-09-26T04:00,12.2,11.7,0.0,0.0,12.06,12.87,95,98
2025-09-26T05:00,12.4,12.1,29.0,37.0,12.13,12.42,95,95
2025-09-26T06:00,13.0,13.2,125.0,69.0,9.89,10.34,79,98
2025-09-26T07:00,14.3,13.6,260.0,107.0,9.24,9.13,92,98
2025-09-26T08:00,15.6,14.2,391.0,160.0,8.8,9.16,87,99
2025-09-26T09:00,16.8,15.6,511.0,269.0,8.86,8.45,88,91
2025-09-26T10:00,17.6,16.2,582.0,291.0,8.81,8.59,87,91
2025-09-26T11:00,17.9,16.8,568.0,311.0,8.86,8.72,95,91
2025-09-26T12:00,17.3,17.0,375.0,295.0,8.63,8.74,98,90
2025-09-26T13:00,17.1,17.0,324.0,318.0,8.94,8.65,94,90
2025-09-26T14:00,16.5,16.3,224.0,209.0,8.59,8.65,99,88
2025-09-26T15:00,15.8,15.7,90.0,104.0,8.28,8.43,96,84
2025-09-26T16:00,15.0,14.7,20.0,24.0,8.37,8.72,95,89
2025-09-26T17:00,14.1,13.7,0.0,0.0,8.02,9.47,81,92
2025-09-26T18:00,12.8,12.0,0.0,0.0,8.7,9.08,97,71
2025-09-26T19:00,12.5,11.3,0.0,0.0,9.35,9.09,100,78
2025-09-26T20:00,12.2,11.0,0.0,0.0,8.4,9.6,89,76
2025-09-26T21:00,11.8,10.8,0.0,0.0,8.66,9.37,67,28
2025-09-26T22:00,11.6,10.6,0.0,0.0,9.35,9.35,81,66
2025-09-26T23:00,11.4,10.5,0.0,0.0,9.5,8.88,47,83
2025-09-27T00:00,11.5,11.2,0.0,0.0,9.6,9.54,89,80
2025-09-27T01:00,11.2,10.9,0.0,0.0,9.66,9.86,100,49
2025-09-27T02:00,11.1,10.6,0.0,0.0,9.18,9.43,100,63
2025-09-27T03:00,10.8,10.4,0.0,0.0,9.42,9.94,99,29
2025-09-27T04:00,10.5,10.2,0.0,0.0,10.14,9.84,100,21
2025-09-27T05:00,11.1,11.0,46.0,49.0,10.36,10.64,100,7
2025-09-27T06:00,12.7,13.1,183.0,198.0,9.49,9.51,88,2
2025-09-27T07:00,14.7,15.3,344.0,375.0,6.59,7.07,99,10
2025-09-27T08:00,16.1,16.7,448.0,519.0,7.8,8.46,100,66
2025-09-27T09:00,16.9,17.5,562.0,617.0,6.88,7.18,79,91
2025-09-27T10:00,17.6,18.1,607.0,663.0,5.8,5.8,76,48
2025-09-27T11:00,18.1,18.4,614.0,612.0,4.73,4.78,94,79
2025-09-27T12:00,17.0,18.8,422.0,565.0,4.93,4.88,100,93
2025-09-27T13:00,16.9,17.9,382.0,407.0,5.02,5.59,100,66
2025-09-27T14:00,16.1,17.4,290.0,299.0,5.52,4.57,100,69
2025-09-27T15:00,15.1,16.5,137.0,148.0,5.46,4.83,100,61
2025-09-27T16:00,14.0,15.0,25.0,32.0,5.62,5.4,100,55
2025-09-27T17:00,13.0,13.6,0.0,0.0,6.28,6.5,100,38
2025-09-27T18:00,11.4,12.2,0.0,0.0,7.05,6.27,94,14
2025-09-27T19:00,10.8,11.5,0.0,0.0,6.44,6.5,98,6
2025-09-27T20:00,10.3,10.9,0.0,0.0,6.08,6.06,85,0
2025-09-27T21:00,9.8,10.4,0.0,0.0,6.19,5.52,13,0
2025-09-27T22:00,9.2,9.8,0.0,0.0,6.02,4.78,23,0
2025-09-27T23:00,8.8,9.4,0.0,0.0,5.71,4.34,0,30
2025-09-28T00:00,7.7,8.8,0.0,0.0,5.27,4.7,0,23
2025-09-28T01:00,7.3,8.6,0.0,0.0,4.85,4.81,5,52
2025-09-28T02:00,6.8,8.6,0.0,0.0,4.44,4.41,28,100
2025-09-28T03:00,6.5,8.8,0.0,0.0,4.51,4.93,47,100
2025-09-28T04:00,6.5,9.0,0.0,0.0,4.3,5.04,42,100
2025-09-28T05:00,7.2,9.9,44.0,33.0,3.94,4.92,62,100
2025-09-28T06:00,10.6,11.4,186.0,198.0,4.8,3.47,84,40
2025-09-28T07:00,13.2,14.4,331.0,369.0,2.99,2.43,75,79
2025-09-28T08:00,14.7,16.0,405.0,491.0,2.78,1.67,78,75
2025-09-28T09:00,15.9,16.8,500.0,467.0,1.94,1.64,66,80
2025-09-28T10:00,16.8,17.4,573.0,473.0,1.31,1.59,71,76
2025-09-28T11:00,17.4,18.2,582.0,564.0,1.28,2.5,68,68
2025-09-28T12:00,18.0,18.3,458.0,455.0,2.45,1.25,94,88
2025-09-28T13:00,17.9,18.1,357.0,333.0,2.47,1.5,82,84
2025-09-28T14:00,17.5,17.6,241.0,252.0,3.23,2.96,86,74
2025-09-28T15:00,16.8,16.5,106.0,135.0,3.63,4.65,95,100
2025-09-28T16:00,15.5,15.4,22.0,24.0,3.96,4.7,92,98
2025-09-28T17:00,14.2,14.4,0.0,0.0,4.32,4.9,77,100
2025-09-28T18:00,13.1,13.5,0.0,0.0,4.83,4.62,93,85
2025-09-28T19:00,12.7,12.9,0.0,0.0,4.78,3.95,100,100
2025-09-28T20:00,12.7,12.5,0.0,0.0,5.32,3.92,100,95
2025-09-28T21:00,12.5,12.3,0.0,0.0,6.79,4.17,100,97
2025-09-28T22:00,12.0,12.4,0.0,0.0,6.87,4.61,100,80
2025-09-28T23:00,11.9,12.3,0.0,0.0,6.54,4.7,100,99
2025-09-29T00:00,12.3,12.5,0.0,0.0,4.75,6.53,99,100
2025-09-29T01:00,12.3,12.5,0.0,0.0,4.47,6.82,99,100
2025-09-29T02:00,12.2,12.4,0.0,0.0,4.74,6.57,100,100
2025-09-29T03:00,12.1,12.4,0.0,0.0,4.49,6.72,100,100
2025-09-29T04:00,11.8,12.2,0.0,0.0,4.02,6.85,100,98
2025-09-29T05:00,11.9,12.7,11.0,16.0,4.44,7.07,100,100
2025-09-29T06:00,12.1,11.9,38.0,26.0,5.42,7.98,100,100
2025-09-29T07:00,12.4,11.9,72.0,51.0,4.61,8.05,100,100
2025-09-29T08:00,12.4,11.7,99.0,68.0,4.06,7.88,100,100
2025-09-29T09:00,12.4,11.8,135.0,90.0,3.61,6.89,100,100
2025-09-29T10:00,12.6,12.2,160.0,135.0,3.64,5.2,99,100
2025-09-29T11:00,12.7,12.6,181.0,193.0,3.56,5.0,99,99
2025-09-29T12:00,14.8,15.7,252.0,371.0,2.92,2.47,98,86
2025-09-29T13:00,15.1,15.9,228.0,295.0,1.62,1.71,97,64
2025-09-29T14:00,15.3,16.0,205.0,285.0,0.93,1.32,65,64
2025-09-29T15:00,14.9,15.5,111.0,142.0,0.79,0.92,82,57
2025-09-29T16:00,14.0,14.3,21.0,28.0,1.04,1.81,87,80
2025-09-29T17:00,13.3,13.4,0.0,0.0,1.36,0.75,97,67
2025-09-29T18:00,13.0,11.6,0.0,0.0,2.5,2.33,100,84
2025-09-29T19:00,12.6,11.0,0.0,0.0,2.6,1.68,87,83
2025-09-29T20:00,12.3,10.3,0.0,0.0,3.07,2.39,95,82
2025-09-29T21:00,11.8,10.1,0.0,0.0,3.2,3.51,74,79
2025-09-29T22:00,11.2,10.0,0.0,0.0,3.61,4.5,85,83
2025-09-29T23:00,10.9,10.1,0.0,0.0,3.15,5.4,83,87
2025-09-30T00:00,11.1,10.2,0.0,0.0,5.28,4.13,74,66
2025-09-30T01:00,11.1,9.5,0.0,0.0,4.84,3.74,84,47
2025-09-30T02:00,10.8,8.9,0.0,0.0,4.88,4.16,75,54
2025-09-30T03:00,10.5,8.8,0.0,0.0,5.37,4.47,84,68
2025-09-30T04:00,10.4,8.7,0.0,0.0,5.49,4.35,87,83
2025-09-30T05:00,10.9,9.1,19.0,32.0,5.3,4.72,89,74
2025-09-30T06:00,11.2,10.2,127.0,83.0,6.38,5.61,83,95
2025-09-30T07:00,12.0,11.5,157.0,236.0,4.9,3.83,100,81
2025-09-30T08:00,13.2,13.2,217.0,395.0,3.72,3.45,83,56
2025-09-30T09:00,14.9,14.5,404.0,504.0,4.23,4.44,83,70
2025-09-30T10:00,15.4,15.0,432.0,487.0,5.18,5.41,75,73
2025-09-30T11:00,15.9,15.8,466.0,517.0,4.13,5.62,71,58
2025-09-30T12:00,17.6,16.4,513.0,495.0,4.51,5.45,58,66
2025-09-30T13:00,17.8,15.9,422.0,395.0,4.17,6.71,63,31
2025-09-30T14:00,17.5,15.6,299.0,327.0,3.92,6.02,100,87
2025-09-30T15:00,17.0,14.6,143.0,157.0,3.9,6.05,99,99
2025-09-30T16:00,15.8,13.3,23.0,26.0,4.03,6.57,84,100
2025-09-30T17:00,14.2,12.2,0.0,0.0,4.46,6.73,84,94
2025-09-30T18:00,12.5,12.0,0.0,0.0,2.31,5.64,41,81
2025-09-30T19:00,11.9,11.1,0.0,0.0,1.8,5.78,71,39
2025-09-30T20:00,10.5,10.4,0.0,0.0,3.26,5.6,48,79
2025-09-30T21:00,10.2,10.0,0.0,0.0,3.69,5.09,37,53
2025-09-30T22:00,9.7,9.5,0.0,0.0,4.7,5.54,41,46
2025-09-30T23:00,9.2,9.0,0.0,0.0,4.66,5.13,1,38
2025-10-01T00:00,8.8,10.4,0.0,0.0,3.73,4.42,1,70
2025-10-01T01:00,8.2,9.8,0.0,0.0,3.87,3.33,15,17
2025-10-01T02:00,7.7,9.2,0.0,0.0,3.83,3.0,35,16
2025-10-01T03:00,7.6,8.5,0.0,0.0,4.12,3.08,58,40
2025-10-01T04:00,7.4,8.0,0.0,0.0,4.21,3.19,42,62
2025-10-01T05:00,7.6,8.3,39.0,37.0,4.43,2.64,45,33
2025-10-01T06:00,10.2,10.0,178.0,169.0,3.22,1.93,26,47
2025-10-01T07:00,13.0,13.1,330.0,337.0,1.4,1.48,60,36
2025-10-01T08:00,14.5,14.8,446.0,478.0,1.79,1.24,59,51
2025-10-01T09:00,15.7,15.8,545.0,489.0,2.2,1.08,57,75
2025-10-01T10:00,16.4,16.7,539.0,532.0,2.37,1.31,84,85
2025-10-01T11:00,16.8,17.4,489.0,571.0,2.99,1.5,64,93
2025-10-01T12:00,17.1,17.4,467.0,425.0,3.4,2.42,59,78
2025-10-01T13:00,17.2,17.6,438.0,404.0,3.51,2.98,54,51
2025-10-01T14:00,16.6,17.2,281.0,286.0,3.47,2.46,67,58
2025-10-01T15:00,15.7,16.4,127.0,130.0,3.38,1.71,70,75
2025-10-01T16:00,14.6,14.7,20.0,17.0,2.98,3.91,83,83
2025-10-01T17:00,13.1,13.6,0.0,0.0,1.8,4.03,69,86
2025-10-01T18:00,11.2,12.4,0.0,0.0,7.11,2.91,42,82
2025-10-01T19:00,10.4,12.1,0.0,0.0,7.97,7.7,57,98
2025-10-01T20:00,9.8,11.1,0.0,0.0,8.62,8.73,60,92
2025-10-01T21:00,9.1,9.9,0.0,0.0,8.74,8.81,33,83
2025-10-01T22:00,8.3,9.1,0.0,0.0,8.26,9.37,41,79
2025-10-01T23:00,7.8,8.6,0.0,0.0,8.75,9.35,57,76
2025-10-02T00:00,7.5,8.1,0.0,0.0,8.25,8.67,100,100
2025-10-02T01:00,7.4,7.7,0.0,0.0,7.84,7.96,96,100
2025-10-02T02:00,7.3,7.3,0.0,0.0,8.51,7.56,89,100
2025-10-02T03:00,6.8,7.0,0.0,0.0,8.54,8.97,97,100
2025-10-02T04:00,6.5,6.8,0.0,0.0,9.08,9.98,99,100
2025-10-02T05:00,6.6,6.9,28.0,27.0,9.84,9.7,98,100
2025-10-02T06:00,7.1,8.0,124.0,94.0,6.77,8.39,100,100
2025-10-02T07:00,8.5,9.3,229.0,201.0,7.87,8.13,95,100
2025-10-02T08:00,10.2,10.6,398.0,333.0,7.73,8.46,100,100
2025-10-02T09:00,11.1,11.2,413.0,311.0,7.71,8.05,100,100
2025-10-02T10:00,12.1,11.9,425.0,234.0,7.41,8.11,100,100
2025-10-02T11:00,12.3,12.7,366.0,322.0,7.34,7.83,100,100
2025-10-02T12:00,11.7,12.8,250.0,242.0,6.93,8.67,100,100
2025-10-02T13:00,11.6,12.5,173.0,154.0,7.62,9.6,100,100
2025-10-02T14:00,11.1,12.4,107.0,98.0,7.77,10.59,100,100
2025-10-02T15:00,10.7,12.0,50.0,44.0,9.7,11.07,100,100
2025-10-02T16:00,10.2,11.5,8.0,7.0,9.63,12.2,100,100
2025-10-02T17:00,9.8,11.0,0.0,0.0,10.53,11.27,100,100
2025-10-02T18:00,9.5,9.9,0.0,0.0,11.49,11.23,100,100
2025-10-02T19:00,8.9,9.4,0.0,0.0,11.62,12.07,100,100
2025-10-02T20:00,8.6,8.9,0.0,0.0,11.95,13.83,100,100
2025-10-02T21:00,8.3,8.6,0.0,0.0,10.87,14.58,100,100
2025-10-02T22:00,8.2,8.3,0.0,0.0,12.4,15.46,100,100
2025-10-02T23:00,8.1,8.2,0.0,0.0,13.77,15.69,100,100
2025-10-03T00:00,8.6,8.3,0.0,0.0,13.72,16.0,100,100
2025-10-03T01:00,8.7,8.2,0.0,0.0,13.76,16.32,100,100
2025-10-03T02:00,8.9,8.3,0.0,0.0,14.3,16.77,100,100
2025-10-03T03:00,9.0,8.3,0.0,0.0,15.22,16.47,100,100
2025-10-03T04:00,9.0,8.4,0.0,0.0,15.36,17.23,100,100
2025-10-03T05:00,9.2,8.4,5.0,5.0,15.42,16.3,100,100
2025-10-03T06:00,9.4,9.0,27.0,19.0,14.59,16.34,100,100
2025-10-03T07:00,9.9,9.4,49.0,41.0,14.48,16.81,100,100
2025-10-03T08:00,10.3,9.9,79.0,52.0,15.19,16.15,100,100
2025-10-03T09:00,10.8,11.1,119.0,136.0,14.09,14.65,100,100
2025-10-03T10:00,12.2,12.4,169.0,224.0,14.07,14.13,100,100
2025-10-03T11:00,13.0,13.0,215.0,235.0,12.48,12.56,100,100
2025-10-03T12:00,11.5,12.6,111.0,158.0,12.35,12.75,100,100
2025-10-03T13:00,12.0,12.8,107.0,122.0,11.84,12.89,100,100
2025-10-03T14:00,12.0,13.0,59.0,73.0,11.46,12.9,100,100
2025-10-03T15:00,12.1,13.1,28.0,32.0,13.87,11.68,100,100
2025-10-03T16:00,12.3,12.9,6.0,2.0,14.23,13.6,100,100
2025-10-03T17:00,12.4,13.2,0.0,0.0,13.93,14.07,100,100
2025-10-03T18:00,13.6,12.9,0.0,0.0,13.71,12.37,100,100
2025-10-03T19:00,14.9,13.0,0.0,0.0,12.23,14.29,100,100
2025-10-03T20:00,15.9,13.8,0.0,0.0,11.25,14.56,100,100
2025-10-03T21:00,16.3,15.1,0.0,0.0,9.27,13.13,100,100
2025-10-03T22:00,16.2,15.9,0.0,0.0,7.74,12.22,90,100
2025-10-03T23:00,15.6,16.6,0.0,0.0,5.13,9.24,89,95
2025-10-04T00:00,12.1,14.6,0.0,0.0,6.32,7.62,100,100
2025-10-04T01:00,10.4,11.1,0.0,0.0,6.42,7.94,100,96
2025-10-04T02:00,9.6,10.3,0.0,0.0,7.36,8.4,100,80
2025-10-04T03:00,9.3,9.9,0.0,0.0,7.36,8.68,100,100
2025-10-04T04:00,9.1,9.8,0.0,0.0,6.86,8.75,100,87
2025-10-04T05:00,9.2,9.9,14.0,23.0,7.15,8.02,99,84
2025-10-04T06:00,9.7,10.5,94.0,92.0,7.77,6.79,89,100
2025-10-04T07:00,10.5,11.1,182.0,160.0,6.53,5.9,91,99
2025-10-04T08:00,11.1,12.1,256.0,281.0,5.57,6.08,100,86
2025-10-04T09:00,11.7,13.3,254.0,419.0,5.6,5.62,98,60
2025-10-04T10:00,12.5,14.4,284.0,501.0,5.15,4.9,100,73
2025-10-04T11:00,12.9,15.4,267.0,522.0,4.93,4.21,99,75
2025-10-04T12:00,12.1,14.0,181.0,298.0,4.82,4.61,97,98
2025-10-04T13:00,11.8,13.4,145.0,190.0,5.21,4.91,97,95
2025-10-04T14:00,11.2,12.9,127.0,150.0,6.3,4.92,96,94
2025-10-04T15:00,10.4,12.2,60.0,89.0,6.3,5.77,93,85
2025-10-04T16:00,10.0,11.1,8.0,13.0,5.92,5.98,80,74
2025-10-04T17:00,9.4,10.4,0.0,0.0,7.44,6.73,82,77
2025-10-04T18:00,8.7,9.8,0.0,0.0,8.22,7.73,58,51
2025-10-04T19:00,8.6,9.6,0.0,0.0,9.25,7.13,87,83
2025-10-04T20:00,8.8,9.7,0.0,0.0,9.16,7.86,81,72
2025-10-04T21:00,8.6,9.5,0.0,0.0,8.92,8.28,42,65
2025-10-04T22:00,8.0,8.9,0.0,0.0,9.46,7.48,33,21
2025-10-04T23:00,7.7,8.3,0.0,0.0,9.25,7.98,30,35
2025-10-05T00:00,7.4,7.6,0.0,0.0,9.39,8.46,2,29
2025-10-05T01:00,7.4,7.3,0.0,0.0,10.63,8.64,0,0
2025-10-05T02:00,7.5,7.0,0.0,0.0,10.41,7.95,2,29
2025-10-05T03:00,6.9,7.1,0.0,0.0,7.53,7.5,21,99
2025-10-05T04:00,6.4,7.3,0.0,0.0,6.84,7.46,0,82
2025-10-05T05:00,6.7,7.6,32.0,32.0,7.14,7.42,6,0
2025-10-05T06:00,8.8,9.0,170.0,173.0,6.66,7.78,0,0
2025-10-05T07:00,11.0,11.0,335.0,338.0,5.49,6.26,3,0
2025-10-05T08:00,12.9,12.8,473.0,480.0,5.7,6.96,18,11
2025-10-05T09:00,14.4,14.2,572.0,573.0,7.28,6.71,37,30
2025-10-05T10:00,15.3,15.4,602.0,622.0,7.68,6.65,34,4
2025-10-05T11:00,15.9,16.3,614.0,632.0,7.93,6.54,35,0
2025-10-05T12:00,16.0,16.4,554.0,564.0,6.69,6.35,18,25
2025-10-05T13:00,15.9,16.4,454.0,436.0,6.56,6.32,20,21
2025-10-05T14:00,15.4,16.2,309.0,304.0,6.77,6.02,20,43
2025-10-05T15:00,14.0,15.6,139.0,120.0,5.92,5.49,55,91
2025-10-05T16:00,12.4,14.4,17.0,14.0,4.99,5.0,45,100
2025-10-05T17:00,11.7,13.5,0.0,0.0,4.75,4.49,99,100
2025-10-05T18:00,11.9,12.7,0.0,0.0,4.17,4.52,98,100
2025-10-05T19:00,11.9,12.5,0.0,0.0,3.37,4.43,96,100
2025-10-05T20:00,11.8,12.6,0.0,0.0,2.96,3.61,100,100
2025-10-05T21:00,11.8,12.7,0.0,0.0,2.31,2.77,100,100
2025-10-05T22:00,11.5,12.4,0.0,0.0,1.61,2.48,100,100
2025-10-05T23:00,10.9,12.1,0.0,0.0,0.75,3.28,100,98
2025-10-06T00:00,10.1,11.3,0.0,0.0,1.97,1.43,99,100
2025-10-06T01:00,10.4,10.9,0.0,0.0,2.98,1.5,98,93
2025-10-06T02:00,10.6,10.7,0.0,0.0,3.02,0.71,99,100
2025-10-06T03:00,10.5,10.5,0.0,0.0,3.26,1.88,97,89
2025-10-06T04:00,10.2,10.7,0.0,0.0,3.82,2.57,87,73
2025-10-06T05:00,10.7,11.0,15.0,19.0,5.19,3.95,83,79
2025-10-06T06:00,12.1,12.1,82.0,95.0,7.76,4.91,92,92
2025-10-06T07:00,13.6,13.7,146.0,187.0,7.84,5.33,97,93
2025-10-06T08:00,14.8,14.6,190.0,269.0,7.67,4.06,97,96
2025-10-06T09:00,15.9,15.8,288.0,386.0,7.02,4.3,100,97
2025-10-06T10:00,16.9,16.8,369.0,484.0,5.03,4.6,100,100
2025-10-06T11:00,17.1,16.9,274.0,418.0,4.63,5.0,100,100
2025-10-06T12:00,16.7,17.4,145.0,276.0,3.82,6.01,100,100
2025-10-06T13:00,16.6,17.0,117.0,197.0,2.72,5.87,99,100
2025-10-06T14:00,16.2,16.3,91.0,94.0,3.82,5.74,99,100
2025-10-06T15:00,15.5,15.4,26.0,35.0,4.96,6.8,100,100
2025-10-06T16:00,14.7,14.5,3.0,4.0,4.41,6.14,99,100
2025-10-06T17:00,14.2,14.2,0.0,0.0,3.52,6.45,100,100
2025-10-06T18:00,13.8,13.1,0.0,0.0,2.16,4.91,100,100
2025-10-06T19:00,13.4,12.7,0.0,0.0,2.39,5.92,100,100
2025-10-06T20:00,13.0,12.6,0.0,0.0,3.74,5.83,100,100
2025-10-06T21:00,12.6,12.5,0.0,0.0,4.41,5.28,100,100
2025-10-06T22:00,12.3,12.4,0.0,0.0,4.51,5.61,100,100
2025-10-06T23:00,12.1,12.4,0.0,0.0,4.52,6.7,100,100
2025-10-07T00:00,13.1,13.3,0.0,0.0,7.25,7.53,100,100
2025-10-07T01:00,13.2,13.0,0.0,0.0,7.2,8.02,100,100
2025-10-07T02:00,13.1,13.0,0.0,0.0,6.88,8.73,100,100
2025-10-07T03:00,13.1,13.3,0.0,0.0,7.51,9.7,100,100
2025-10-07T04:00,12.9,13.4,0.0,0.0,8.46,10.19,100,100
2025-10-07T05:00,12.6,13.5,3.0,3.0,8.52,10.14,100,100
2025-10-07T06:00,12.7,12.4,16.0,15.0,7.49,9.28,100,100
2025-10-07T07:00,12.8,12.3,28.0,28.0,7.79,8.8,100,100
2025-10-07T08:00,12.9,12.4,47.0,35.0,8.31,8.98,100,100
2025-10-07T09:00,13.0,12.8,56.0,63.0,8.74,9.16,100,100
2025-10-07T10:00,13.1,13.0,75.0,68.0,8.85,8.77,100,100
2025-10-07T11:00,12.8,13.1,63.0,49.0,9.2,9.25,100,100
2025-10-07T12:00,13.0,12.9,53.0,61.0,9.45,10.57,100,100
2025-10-07T13:00,12.8,13.0,34.0,43.0,10.23,10.82,100,100
2025-10-07T14:00,12.8,13.0,26.0,19.0,10.61,11.84,100,100
2025-10-07T15:00,12.7,13.2,10.0,9.0,10.87,13.06,100,100
2025-10-07T16:00,12.8,13.6,1.0,1.0,11.27,14.72,100,100
2025-10-07T17:00,13.3,13.8,0.0,0.0,12.03,15.49,100,100
2025-10-07T18:00,14.2,12.8,0.0,0.0,11.72,12.75,100,100
2025-10-07T19:00,14.9,13.0,0.0,0.0,12.36,13.73,100,100
2025-10-07T20:00,15.6,13.1,0.0,0.0,13.56,12.55,100,100
2025-10-07T21:00,15.8,13.6,0.0,0.0,12.24,10.64,100,100
2025-10-07T22:00,15.4,13.9,0.0,0.0,13.35,9.24,100,100
2025-10-07T23:00,15.3,14.4,0.0,0.0,12.56,7.94,100,100
2025-10-08T00:00,15.1,14.6,0.0,0.0,9.25,10.35,100,100
2025-10-08T01:00,16.0,14.7,0.0,0.0,9.2,7.21,100,100
2025-10-08T02:00,16.4,15.1,0.0,0.0,8.77,5.92,100,100
2025-10-08T03:00,16.1,15.0,0.0,0.0,7.85,4.35,100,100
2025-10-08T04:00,15.3,15.2,0.0,0.0,10.2,5.92,100,100
2025-10-08T05:00,14.1,15.7,6.0,5.0,12.66,10.09,100,100
2025-10-08T06:00,15.0,15.2,17.0,17.0,12.57,11.09,100,100
2025-10-08T07:00,14.4,15.0,35.0,50.0,8.99,9.27,100,100
2025-10-08T08:00,13.9,14.2,31.0,66.0,10.33,9.74,100,100
2025-10-08T09:00,13.9,14.3,52.0,119.0,11.84,10.57,100,100
2025-10-08T10:00,13.8,14.6,64.0,127.0,11.76,10.6,100,100
2025-10-08T11:00,13.8,14.3,85.0,114.0,9.84,10.67,100,100
2025-10-08T12:00,13.6,13.3,57.0,40.0,10.47,11.73,100,100
2025-10-08T13:00,13.6,13.2,54.0,38.0,9.46,10.51,100,100
2025-10-08T14:00,13.5,13.2,31.0,24.0,8.98,10.05,100,100
2025-10-08T15:00,13.3,13.1,12.0,15.0,7.94,9.67,100,100
2025-10-08T16:00,13.1,12.9,1.0,2.0,7.38,9.52,100,100
2025-10-08T17:00,12.9,12.7,0.0,0.0,7.42,8.92,100,100
2025-10-08T18:00,13.2,12.9,0.0,0.0,8.92,10.39,100,100
2025-10-08T19:00,13.0,12.8,0.0,0.0,8.84,9.47,100,100
2025-10-08T20:00,12.7,12.9,0.0,0.0,8.31,10.72,100,100
2025-10-08T21:00,12.4,12.8,0.0,0.0,8.55,11.22,100,100
2025-10-08T22:00,12.0,12.6,0.0,0.0,8.72,10.88,100,100
2025-10-08T23:00,11.7,12.4,0.0,0.0,8.84,11.57,100,100
2025-10-09T00:00,11.8,11.9,0.0,0.0,9.13,9.56,100,100
2025-10-09T01:00,11.6,11.6,0.0,0.0,9.31,9.81,100,100
2025-10-09T02:00,11.3,11.4,0.0,0.0,9.18,9.6,100,100
2025-10-09T03:00,11.1,11.3,0.0,0.0,9.35,9.67,100,100
2025-10-09T04:00,11.1,11.1,0.0,0.0,9.52,9.82,99,100
2025-10-09T05:00,11.1,11.1,10.0,4.0,9.36,10.22,96,100
2025-10-09T06:00,11.2,11.2,28.0,7.0,9.99,12.23,99,100
2025-10-09T07:00,11.7,11.3,81.0,21.0,9.66,12.02,100,100
2025-10-09T08:00,12.2,11.4,139.0,48.0,10.07,12.34,99,100
2025-10-09T09:00,12.8,12.0,217.0,99.0,10.26,11.63,96,100
2025-10-09T10:00,13.0,12.5,249.0,138.0,10.54,11.58,98,100
2025-10-09T11:00,13.7,13.1,293.0,191.0,11.22,10.89,91,96
2025-10-09T12:00,13.6,13.4,351.0,245.0,8.32,10.34,100,94
2025-10-09T13:00,13.5,13.3,212.0,191.0,6.79,9.35,100,96
2025-10-09T14:00,13.5,13.0,148.0,106.0,5.75,7.73,92,94
2025-10-09T15:00,12.6,12.7,35.0,39.0,6.39,7.48,100,93
2025-10-09T16:00,12.0,12.3,2.0,4.0,6.92,8.25,75,91
2025-10-09T17:00,11.7,12.1,0.0,0.0,7.39,9.08,87,94
2025-10-09T18:00,11.8,12.0,0.0,0.0,8.68,10.31,92,92
2025-10-09T19:00,11.6,11.7,0.0,0.0,9.01,9.52,92,82
2025-10-09T20:00,11.5,11.4,0.0,0.0,9.13,8.54,98,83
2025-10-09T21:00,11.4,11.2,0.0,0.0,8.19,7.5,88,75
2025-10-09T22:00,11.2,11.0,0.0,0.0,7.56,6.39,82,83
2025-10-09T23:00,11.1,11.1,0.0,0.0,7.24,6.94,79,94
2025-10-10T00:00,11.0,11.0,0.0,0.0,5.82,9.57,89,88
2025-10-10T01:00,10.9,10.9,0.0,0.0,5.4,8.46,95,89
2025-10-10T02:00,11.1,10.7,0.0,0.0,6.48,7.55,81,87
2025-10-10T03:00,10.8,10.6,0.0,0.0,6.59,6.45,77,85
2025-10-10T04:00,10.4,10.4,0.0,0.0,6.17,6.77,89,86
2025-10-10T05:00,10.3,10.6,17.0,14.0,6.56,7.75,90,90
2025-10-10T06:00,10.6,10.7,116.0,97.0,5.51,7.05,72,90
2025-10-10T07:00,11.4,11.5,253.0,198.0,5.8,5.1,77,90
2025-10-10T08:00,12.5,12.5,360.0,306.0,5.92,4.91,85,88
2025-10-10T09:00,13.8,13.5,449.0,376.0,5.49,5.29,78,79
2025-10-10T10:00,15.2,15.2,493.0,532.0,6.25,6.17,66,47
2025-10-10T11:00,16.1,16.0,535.0,507.0,6.57,7.19,60,82
2025-10-10T12:00,17.0,16.6,487.0,508.0,7.25,6.65,71,38
2025-10-10T13:00,16.8,16.7,351.0,391.0,6.51,6.49,59,52
2025-10-10T14:00,16.2,16.3,244.0,246.0,6.19,6.68,23,45
2025-10-10T15:00,14.9,15.2,114.0,106.0,7.13,7.06,23,42
2025-10-10T16:00,13.5,13.9,9.0,8.0,8.25,8.32,0,81
2025-10-10T17:00,12.7,13.2,0.0,0.0,8.07,8.98,8,91
2025-10-10T18:00,12.2,12.4,0.0,0.0,7.53,8.29,100,93
2025-10-10T19:00,11.9,12.3,0.0,0.0,7.01,7.99,75,100
2025-10-10T20:00,12.1,12.5,0.0,0.0,6.63,7.88,92,96
2025-10-10T21:00,12.4,12.8,0.0,0.0,6.63,8.44,96,96
2025-10-10T22:00,12.6,12.7,0.0,0.0,7.56,8.45,100,96
2025-10-10T23:00,12.5,12.5,0.0,0.0,8.73,7.7,97,100
2025-10-11T00:00,12.4,12.8,0.0,0.0,9.21,7.5,100,100
2025-10-11T01:00,12.2,12.8,0.0,0.0,7.28,6.95,100,100
2025-10-11T02:00,12.0,12.6,0.0,0.0,7.09,7.11,99,96
2025-10-11T03:00,12.1,12.3,0.0,0.0,8.99,6.91,100,100
2025-10-11T04:00,11.4,11.6,0.0,0.0,7.54,6.24,100,100
2025-10-11T05:00,10.9,11.1,4.0,6.0,7.46,6.62,100,99
2025-10-11T06:00,10.7,11.0,32.0,43.0,7.68,6.32,100,100
2025-10-11T07:00,11.0,11.3,89.0,114.0,7.62,5.06,100,100
2025-10-11T08:00,12.3,11.8,244.0,168.0,9.56,5.53,44,96
2025-10-11T09:00,13.5,12.3,549.0,262.0,10.91,5.22,21,97
2025-10-11T10:00,14.1,13.4,616.0,449.0,12.67,6.93,7,53
2025-10-11T11:00,14.0,14.1,527.0,517.0,12.52,8.73,74,82
2025-10-11T12:00,15.2,14.2,516.0,443.0,10.3,9.15,0,33
2025-10-11T13:00,15.1,14.3,430.0,393.0,9.26,7.84,19,46
2025-10-11T14:00,14.4,13.7,278.0,233.0,8.51,7.69,18,40
2025-10-11T15:00,13.8,12.8,104.0,105.0,7.74,6.04,73,16
2025-10-11T16:00,12.8,11.9,6.0,8.0,8.72,7.78,74,7
2025-10-11T17:00,12.2,11.4,0.0,0.0,8.89,8.75,76,28
2025-10-11T18:00,11.5,11.2,0.0,0.0,7.2,9.72,49,59
2025-10-11T19:00,10.7,11.0,0.0,0.0,6.47,9.33,35,90
2025-10-11T20:00,10.1,10.6,0.0,0.0,6.82,8.45,21,100
2025-10-11T21:00,9.6,10.2,0.0,0.0,6.98,7.68,30,100
2025-10-11T22:00,9.3,10.2,0.0,0.0,7.26,7.07,26,99
2025-10-11T23:00,9.1,10.0,0.0,0.0,7.31,6.66,41,98
2025-10-12T00:00,8.6,8.9,0.0,0.0,6.79,7.9,72,100
2025-10-12T01:00,8.8,9.1,0.0,0.0,7.14,7.13,89,91
2025-10-12T02:00,9.2,9.2,0.0,0.0,6.6,6.52,93,89
2025-10-12T03:00,9.4,9.2,0.0,0.0,5.79,7.45,94,96
2025-10-12T04:00,9.5,9.4,0.0,0.0,6.88,7.61,96,92
2025-10-12T05:00,9.8,9.5,5.0,5.0,6.79,7.12,96,95
2025-10-12T06:00,10.0,9.5,34.0,43.0,7.06,6.88,90,96
2025-10-12T07:00,10.4,10.3,63.0,102.0,7.44,7.27,99,87
2025-10-12T08:00,10.9,11.4,93.0,182.0,7.86,6.64,96,97
2025-10-12T09:00,11.4,12.5,104.0,199.0,7.94,5.84,99,95
2025-10-12T10:00,12.2,13.0,130.0,163.0,7.39,5.52,98,96
2025-10-12T11:00,13.6,13.3,219.0,153.0,7.85,4.77,98,97
2025-10-12T12:00,15.2,14.4,255.0,204.0,6.67,6.04,87,98
2025-10-12T13:00,15.4,14.7,229.0,157.0,5.04,6.77,74,98
2025-10-12T14:00,15.1,14.7,195.0,123.0,4.76,4.8,71,85
2025-10-12T15:00,14.3,14.3,90.0,57.0,5.04,4.68,41,97
2025-10-12T16:00,13.2,13.6,7.0,3.0,6.2,4.1,29,86
2025-10-12T17:00,12.5,12.8,0.0,0.0,6.67,4.86,18,89
2025-10-12T18:00,11.7,12.4,0.0,0.0,5.36,4.06,38,60
2025-10-12T19:00,11.6,12.2,0.0,0.0,5.0,3.85,53,63
2025-10-12T20:00,11.7,12.2,0.0,0.0,5.53,2.65,69,46
2025-10-12T21:00,11.9,12.0,0.0,0.0,6.04,3.19,91,72
2025-10-12T22:00,12.3,11.7,0.0,0.0,6.04,3.64,95,69
2025-10-12T23:00,12.4,11.8,0.0,0.0,6.23,3.88,88,79
2025-10-13T00:00,12.3,12.1,0.0,0.0,6.57,5.59,93,97
2025-10-13T01:00,12.1,12.0,0.0,0.0,6.69,6.18,76,70
2025-10-13T02:00,11.7,11.6,0.0,0.0,7.16,6.97,61,31
2025-10-13T03:00,11.3,11.1,0.0,0.0,7.16,7.46,49,16
2025-10-13T04:00,10.7,10.8,0.0,0.0,7.35,7.66,54,35
2025-10-13T05:00,10.6,10.7,17.0,16.0,7.95,7.85,53,74
2025-10-13T06:00,11.8,11.8,122.0,118.0,8.23,7.36,58,72
2025-10-13T07:00,13.2,13.1,266.0,252.0,6.42,5.39,53,76
2025-10-13T08:00,14.7,14.4,421.0,388.0,6.96,5.17,50,60
2025-10-13T09:00,15.9,15.6,512.0,490.0,5.9,4.84,54,79
2025-10-13T10:00,16.8,16.3,544.0,464.0,5.44,4.17,69,82
2025-10-13T11:00,17.3,16.5,497.0,397.0,5.8,4.16,63,83
2025-10-13T12:00,17.0,17.2,263.0,367.0,5.2,4.98,100,95
2025-10-13T13:00,15.6,17.0,98.0,196.0,6.25,4.16,100,93
2025-10-13T14:00,14.9,16.8,71.0,124.0,6.23,3.03,97,91
2025-10-13T15:00,13.7,15.3,29.0,40.0,5.85,5.4,99,99
2025-10-13T16:00,12.5,14.3,2.0,1.0,5.2,6.5,96,96
2025-10-13T17:00,11.8,13.1,0.0,0.0,4.85,6.53,100,99
2025-10-13T18:00,11.1,11.5,0.0,0.0,4.7,4.52,98,97
2025-10-13T19:00,10.9,11.2,0.0,0.0,4.49,5.06,97,100
2025-10-13T20:00,10.5,10.9,0.0,0.0,3.8,5.41,97,100
2025-10-13T21:00,10.3,10.3,0.0,0.0,4.38,5.28,96,98
2025-10-13T22:00,10.1,9.8,0.0,0.0,4.03,5.59,100,99
2025-10-13T23:00,9.7,9.4,0.0,0.0,4.24,5.0,100,99
2025-10-14T00:00,9.5,9.7,0.0,0.0,3.38,5.28,100,98
2025-10-14T01:00,9.3,9.5,0.0,0.0,3.07,4.98,91,99
2025-10-14T02:00,9.2,9.4,0.0,0.0,1.64,4.97,95,98
2025-10-14T03:00,9.1,9.4,0.0,0.0,1.32,5.14,100,100
2025-10-14T04:00,9.1,9.2,0.0,0.0,0.98,4.27,99,100
2025-10-14T05:00,9.1,9.0,4.0,2.0,1.25,5.41,100,100
2025-10-14T06:00,9.3,8.4,41.0,18.0,2.47,4.13,98,100
2025-10-14T07:00,9.9,8.9,82.0,41.0,2.5,3.61,99,99
2025-10-14T08:00,10.8,9.7,153.0,117.0,1.27,2.63,91,95
2025-10-14T09:00,11.6,10.4,235.0,191.0,0.93,2.01,88,98
2025-10-14T10:00,11.9,11.0,230.0,194.0,0.79,1.5,93,100
2025-10-14T11:00,12.1,11.6,198.0,224.0,0.75,1.68,100,100
2025-10-14T12:00,13.3,11.1,184.0,127.0,0.44,0.66,93,96
2025-10-14T13:00,13.1,11.6,139.0,172.0,0.29,0.84,87,97
2025-10-14T14:00,13.3,11.7,159.0,117.0,0.35,1.12,82,99
2025-10-14T15:00,12.8,11.1,64.0,57.0,0.89,1.74,99,99
2025-10-14T16:00,11.8,9.9,3.0,5.0,1.75,1.84,100,100
2025-10-14T17:00,11.1,9.1,0.0,0.0,2.31,2.31,100,100
2025-10-14T18:00,10.4,8.5,0.0,0.0,1.67,1.69,100,96
2025-10-14T19:00,9.8,8.0,0.0,0.0,1.31,1.92,100,94
2025-10-14T20:00,9.2,7.8,0.0,0.0,1.08,1.88,98,98
2025-10-14T21:00,8.5,7.7,0.0,0.0,1.67,2.02,98,97
2025-10-14T22:00,8.5,7.6,0.0,0.0,3.05,1.67,91,83
2025-10-14T23:00,8.3,7.5,0.0,0.0,3.14,2.11,95,89
2025-10-15T00:00,7.9,8.9,0.0,0.0,3.81,2.58,65,96
2025-10-15T01:00,7.8,8.6,0.0,0.0,4.24,2.51,82,90
2025-10-15T02:00,8.0,8.5,0.0,0.0,5.18,3.26,93,94
2025-10-15T03:00,8.2,8.6,0.0,0.0,5.71,3.9,79,87
2025-10-15T04:00,8.0,8.6,0.0,0.0,6.22,4.92,81,88
2025-10-15T05:00,8.3,8.6,9.0,9.0,6.54,5.79,94,93
2025-10-15T06:00,8.8,9.0,61.0,51.0,7.67,7.02,95,93
2025-10-15T07:00,9.5,9.9,125.0,142.0,7.21,6.8,95,92
2025-10-15T08:00,10.1,10.7,177.0,220.0,5.73,5.0,95,93
2025-10-15T09:00,10.8,11.1,229.0,204.0,4.98,4.49,87,94
2025-10-15T10:00,11.4,11.6,294.0,241.0,4.89,3.82,89,94
2025-10-15T11:00,11.5,11.9,271.0,237.0,4.52,3.46,93,91
2025-10-15T12:00,12.2,13.0,212.0,248.0,3.37,3.73,93,93
2025-10-15T13:00,12.2,12.6,176.0,146.0,3.07,4.09,90,96
2025-10-15T14:00,12.0,12.1,130.0,77.0,3.07,4.03,86,95
2025-10-15T15:00,11.3,11.7,41.0,31.0,3.04,4.09,91,93
2025-10-15T16:00,10.5,11.0,1.0,1.0,3.73,4.55,90,82
2025-10-15T17:00,10.2,10.4,0.0,0.0,4.13,5.13,100,89
2025-10-15T18:00,9.7,8.9,0.0,0.0,4.68,4.57,92,90
2025-10-15T19:00,9.7,8.8,0.0,0.0,4.83,4.4,94,91
2025-10-15T20:00,9.8,8.6,0.0,0.0,4.5,4.67,94,93
2025-10-15T21:00,9.7,8.6,0.0,0.0,4.53,4.7,96,91
2025-10-15T22:00,9.7,8.5,0.0,0.0,4.62,4.56,93,91
2025-10-15T23:00,9.7,8.6,0.0,0.0,4.65,4.46,96,98
2025-10-16T00:00,9.1,8.7,0.0,0.0,3.59,3.55,99,87
2025-10-16T01:00,9.2,8.4,0.0,0.0,3.95,3.63,91,89
2025-10-16T02:00,9.0,8.1,0.0,0.0,4.52,3.89,88,77
2025-10-16T03:00,8.8,7.5,0.0,0.0,4.53,3.78,52,75
2025-10-16T04:00,8.2,7.0,0.0,0.0,5.63,4.25,77,57
2025-10-16T05:00,8.3,6.7,11.0,14.0,5.27,4.52,69,22
2025-10-16T06:00,9.8,8.5,72.0,111.0,5.47,5.54,96,64
2025-10-16T07:00,11.0,10.6,152.0,214.0,5.23,4.82,81,79
2025-10-16T08:00,12.5,12.0,316.0,307.0,4.09,3.26,66,75
2025-10-16T09:00,13.9,13.1,440.0,372.0,4.13,3.93,67,91
2025-10-16T10:00,14.5,13.7,405.0,342.0,3.57,3.0,85,93
2025-10-16T11:00,14.6,13.8,311.0,232.0,3.4,2.75,87,99
2025-10-16T12:00,14.8,15.1,299.0,264.0,3.47,3.55,82,87
2025-10-16T13:00,14.3,14.9,219.0,227.0,4.21,4.64,74,89
2025-10-16T14:00,14.0,14.5,144.0,158.0,4.29,4.25,69,71
2025-10-16T15:00,13.1,13.7,63.0,59.0,5.04,4.62,62,74
2025-10-16T16:00,12.3,12.7,2.0,2.0,4.67,4.76,68,69
2025-10-16T17:00,11.6,11.9,0.0,0.0,4.62,5.39,72,70
2025-10-16T18:00,11.5,11.3,0.0,0.0,4.81,5.55,76,59
2025-10-16T19:00,11.1,11.0,0.0,0.0,4.56,5.21,78,60
2025-10-16T20:00,10.9,10.7,0.0,0.0,4.44,5.22,71,65
2025-10-16T21:00,10.9,10.3,0.0,0.0,4.09,5.49,79,55
2025-10-16T22:00,10.7,10.1,0.0,0.0,4.91,5.8,86,56
2025-10-16T23:00,10.5,10.1,0.0,0.0,5.59,4.91,77,52
2025-10-17T00:00,10.0,10.2,0.0,0.0,5.8,4.69,70,82
2025-10-17T01:00,10.0,10.0,0.0,0.0,5.52,5.24,64,80
2025-10-17T02:00,10.1,9.9,0.0,0.0,5.32,6.14,72,65
2025-10-17T03:00,9.7,9.8,0.0,0.0,5.4,6.19,67,66
2025-10-17T04:00,9.3,9.7,0.0,0.0,5.9,5.12,57,59
2025-10-17T05:00,9.3,9.8,11.0,13.0,6.04,4.51,79,59
2025-10-17T06:00,11.0,11.1,109.0,117.0,4.75,5.11,48,42
2025-10-17T07:00,13.3,13.4,270.0,262.0,4.62,4.71,34,49
2025-10-17T08:00,15.0,15.0,412.0,400.0,3.06,3.72,40,35
2025-10-17T09:00,16.3,16.1,499.0,444.0,4.78,4.97,54,88
2025-10-17T10:00,16.8,16.7,494.0,419.0,4.35,4.55,71,60
2025-10-17T11:00,17.1,16.6,414.0,351.0,4.61,5.02,83,80
2025-10-17T12:00,16.6,16.3,341.0,355.0,4.52,5.3,73,73
2025-10-17T13:00,16.4,16.0,274.0,287.0,4.82,5.49,53,45
2025-10-17T14:00,15.9,15.4,203.0,217.0,5.61,6.2,65,91
2025-10-17T15:00,14.6,14.2,75.0,76.0,6.13,6.53,47,81
2025-10-17T16:00,13.4,13.1,2.0,2.0,6.53,6.72,56,95
2025-10-17T17:00,12.4,12.4,0.0,0.0,6.27,6.65,51,96
2025-10-17T18:00,11.8,11.7,0.0,0.0,5.8,6.13,42,100
2025-10-17T19:00,11.3,11.3,0.0,0.0,5.65,6.22,41,98
2025-10-17T20:00,10.9,11.1,0.0,0.0,5.35,5.84,78,98
2025-10-17T21:00,10.8,10.9,0.0,0.0,4.95,5.7,91,100
2025-10-17T22:00,11.1,11.0,0.0,0.0,4.68,5.22,100,100
2025-10-17T23:00,11.3,11.2,0.0,0.0,4.7,5.0,100,100
2025-10-18T00:00,11.0,11.3,0.0,0.0,3.6,5.17,100,100
2025-10-18T01:00,11.1,11.5,0.0,0.0,3.55,4.87,100,100
2025-10-18T02:00,11.1,11.4,0.0,0.0,3.9,4.8,98,100
2025-10-18T03:00,11.2,11.5,0.0,0.0,4.23,5.2,100,100
2025-10-18T04:00,11.3,11.7,0.0,0.0,4.49,5.27,100,100
2025-10-18T05:00,11.4,12.0,5.0,5.0,4.7,5.6,100,100
2025-10-18T06:00,12.2,12.8,50.0,36.0,4.67,6.04,94,100
2025-10-18T07:00,13.3,13.6,87.0,71.0,3.97,6.4,99,99
2025-10-18T08:00,14.1,14.3,132.0,101.0,4.17,6.11,100,100
2025-10-18T09:00,14.3,14.6,126.0,77.0,4.08,5.97,98,100
2025-10-18T10:00,14.5,14.6,135.0,75.0,4.4,5.97,97,100
2025-10-18T11:00,14.7,14.5,125.0,60.0,4.3,5.92,100,98
2025-10-18T12:00,15.7,14.4,101.0,77.0,4.38,4.52,100,100
2025-10-18T13:00,15.3,14.2,59.0,32.0,4.37,4.24,100,99
2025-10-18T14:00,15.0,14.1,46.0,25.0,3.95,4.03,100,100
2025-10-18T15:00,14.6,13.9,24.0,13.0,3.9,3.88,100,100
2025-10-18T16:00,14.1,13.6,1.0,1.0,3.94,4.31,100,99
2025-10-18T17:00,13.7,13.3,0.0,0.0,5.24,5.6,100,93
2025-10-18T18:00,13.3,13.5,0.0,0.0,4.9,5.61,100,100
2025-10-18T19:00,13.1,13.3,0.0,0.0,6.86,6.75,100,98
2025-10-18T20:00,12.8,12.8,0.0,0.0,7.89,7.42,99,97
2025-10-18T21:00,12.5,12.5,0.0,0.0,7.93,8.08,98,98
2025-10-18T22:00,12.4,12.4,0.0,0.0,7.9,8.7,100,96
2025-10-18T23:00,12.4,12.4,0.0,0.0,7.91,8.41,97,99
2025-10-19T00:00,12.0,11.9,0.0,0.0,7.3,7.97,97,96
2025-10-19T01:00,11.9,11.7,0.0,0.0,7.5,7.95,99,95
2025-10-19T02:00,11.8,11.4,0.0,0.0,7.61,8.05,91,93
2025-10-19T03:00,11.6,11.2,0.0,0.0,6.37,6.32,93,96
2025-10-19T04:00,11.3,10.9,0.0,0.0,5.01,5.1,83,97
2025-10-19T05:00,11.1,10.3,7.0,3.0,3.45,4.74,89,100
2025-10-19T06:00,10.9,9.2,36.0,81.0,2.81,3.59,97,86
2025-10-19T07:00,11.1,9.7,92.0,156.0,2.17,2.21,89,88
2025-10-19T08:00,11.6,10.0,209.0,194.0,2.18,2.4,92,78
2025-10-19T09:00,12.0,10.6,271.0,281.0,2.56,2.06,86,72
2025-10-19T10:00,12.8,11.6,399.0,427.0,3.12,2.63,76,76
2025-10-19T11:00,13.4,11.9,445.0,414.0,3.88,2.94,77,83
2025-10-19T12:00,13.6,12.8,443.0,412.0,4.23,4.38,63,69
2025-10-19T13:00,13.3,12.5,313.0,333.0,4.06,4.22,73,68
2025-10-19T14:00,12.9,12.1,201.0,204.0,3.77,4.37,41,51
2025-10-19T15:00,11.8,11.2,77.0,75.0,3.74,3.42,10,3
2025-10-19T16:00,10.3,10.3,1.0,1.0,4.16,2.11,15,2
2025-10-19T17:00,10.0,9.4,0.0,0.0,2.67,2.84,28,4
2025-10-19T18:00,8.6,9.1,0.0,0.0,5.01,2.26,40,39
2025-10-19T19:00,8.4,8.3,0.0,0.0,5.98,2.9,50,48
2025-10-19T20:00,8.2,7.6,0.0,0.0,6.99,3.5,59,52
2025-10-19T21:00,7.6,7.2,0.0,0.0,6.03,3.46,47,63
2025-10-19T22:00,7.0,6.8,0.0,0.0,4.42,3.42,50,37
2025-10-19T23:00,6.4,6.3,0.0,0.0,4.29,3.38,58,57
2025-10-20T00:00,5.8,5.5,0.0,0.0,4.12,3.6,37,49
2025-10-20T01:00,5.4,5.3,0.0,0.0,3.83,3.74,42,52
2025-10-20T02:00,5.2,4.9,0.0,0.0,3.47,2.91,57,28
2025-10-20T03:00,4.9,4.7,0.0,0.0,3.75,1.8,42,28
2025-10-20T04:00,4.5,4.1,0.0,0.0,4.17,1.12,25,20
2025-10-20T05:00,4.3,3.6,10.0,11.0,4.03,0.88,28,0
2025-10-20T06:00,5.7,6.2,116.0,115.0,5.13,4.95,42,34
2025-10-20T07:00,8.1,8.3,245.0,268.0,4.74,4.04,59,33
2025-10-20T08:00,9.6,9.7,363.0,407.0,2.66,2.52,50,32
2025-10-20T09:00,10.9,10.9,480.0,502.0,2.06,2.37,24,39
2025-10-20T10:00,11.9,11.8,564.0,544.0,1.96,1.8,20,33
2025-10-20T11:00,12.6,12.4,552.0,537.0,2.24,2.04,28,42
2025-10-20T12:00,13.2,13.0,496.0,495.0,3.37,1.79,34,18
2025-10-20T13:00,13.3,12.9,366.0,383.0,3.42,1.98,40,20
2025-10-20T14:00,12.6,12.2,205.0,232.0,4.74,3.12,39,9
2025-10-20T15:00,11.2,10.7,71.0,76.0,5.19,4.4,35,7
2025-10-20T16:00,9.7,9.3,1.0,1.0,5.79,5.17,27,16
2025-10-20T17:00,8.8,8.3,0.0,0.0,5.55,4.98,25,13
2025-10-20T18:00,7.6,7.3,0.0,0.0,5.17,4.35,24,16
2025-10-20T19:00,7.1,6.8,0.0,0.0,5.02,4.34,33,32
2025-10-20T20:00,7.0,6.7,0.0,0.0,5.04,4.34,46,36
2025-10-20T21:00,7.1,6.4,0.0,0.0,5.35,4.47,49,37
2025-10-20T22:00,7.1,6.3,0.0,0.0,5.92,4.54,39,46
2025-10-20T23:00,6.9,6.3,0.0,0.0,6.4,4.62,35,46
2025-10-21T00:00,6.8,6.3,0.0,0.0,6.06,4.88,41,38
2025-10-21T01:00,6.4,6.1,0.0,0.0,6.38,5.45,31,36
2025-10-21T02:00,6.1,6.1,0.0,0.0,6.83,5.85,44,33
2025-10-21T03:00,6.4,6.0,0.0,0.0,6.93,6.4,46,14
2025-10-21T04:00,6.5,5.8,0.0,0.0,6.85,6.57,36,0
2025-10-21T05:00,6.6,5.9,10.0,10.0,7.01,6.3,30,0
2025-10-21T06:00,8.1,7.5,109.0,118.0,7.43,5.79,45,3
2025-10-21T07:00,10.3,10.7,241.0,273.0,7.17,5.41,55,27
2025-10-21T08:00,12.4,13.2,371.0,418.0,4.78,3.82,51,17
2025-10-21T09:00,14.2,14.6,445.0,485.0,3.49,4.52,56,100
2025-10-21T10:00,15.4,15.2,431.0,452.0,4.88,5.18,65,95
2025-10-21T11:00,15.9,15.6,437.0,438.0,4.63,5.31,60,94
2025-10-21T12:00,16.4,16.7,344.0,340.0,5.85,6.51,100,100
2025-10-21T13:00,16.3,16.0,288.0,238.0,6.36,7.97,91,100
2025-10-21T14:00,15.4,15.1,172.0,119.0,7.15,7.73,100,100
2025-10-21T15:00,14.6,14.3,47.0,36.0,7.65,7.23,100,100
2025-10-21T16:00,13.5,13.2,1.0,1.0,8.64,8.31,98,100
2025-10-21T17:00,13.0,12.7,0.0,0.0,9.21,7.89,92,100
2025-10-21T18:00,12.3,12.4,0.0,0.0,10.03,8.72,50,99
2025-10-21T19:00,11.8,12.1,0.0,0.0,9.22,8.32,59,95
2025-10-21T20:00,11.4,11.8,0.0,0.0,8.75,8.29,59,88
2025-10-21T21:00,11.1,11.3,0.0,0.0,8.75,7.97,38,99
2025-10-21T22:00,10.9,11.2,0.0,0.0,8.53,8.23,100,96
2025-10-21T23:00,11.0,11.0,0.0,0.0,8.13,7.94,97,78
2025-10-22T00:00,10.9,10.4,0.0,0.0,8.76,7.37,93,100
2025-10-22T01:00,11.0,10.2,0.0,0.0,8.92,7.08,97,98
2025-10-22T02:00,11.0,9.9,0.0,0.0,8.84,6.86,83,84
2025-10-22T03:00,10.8,9.6,0.0,0.0,7.97,6.76,99,95
2025-10-22T04:00,10.5,9.4,0.0,0.0,7.56,6.27,89,94
2025-10-22T05:00,10.4,9.8,8.0,8.0,7.78,6.57,84,91
2025-10-22T06:00,12.1,12.3,103.0,86.0,8.2,7.9,58,99
2025-10-22T07:00,14.1,13.5,238.0,179.0,7.75,7.58,62,99
2025-10-22T08:00,16.2,15.1,368.0,291.0,5.75,6.31,55,94
2025-10-22T09:00,17.3,16.1,408.0,336.0,6.38,6.51,77,94
2025-10-22T10:00,18.0,16.7,400.0,360.0,5.72,5.76,89,88
2025-10-22T11:00,18.5,17.2,378.0,371.0,5.33,5.45,100,85
2025-10-22T12:00,18.4,18.1,336.0,341.0,5.89,5.58,90,80
2025-10-22T13:00,18.1,17.3,284.0,189.0,6.2,6.45,69,91
2025-10-22T14:00,17.0,16.4,172.0,135.0,7.49,6.72,58,73
2025-10-22T15:00,15.9,15.4,57.0,53.0,8.43,7.9,38,51
2025-10-22T16:00,14.3,14.2,0.0,0.0,8.81,9.35,4,82
2025-10-22T17:00,13.5,13.7,0.0,0.0,9.01,9.31,31,81
2025-10-22T18:00,13.2,12.8,0.0,0.0,8.25,7.71,50,100
2025-10-22T19:00,12.9,12.4,0.0,0.0,7.36,7.49,97,100
2025-10-22T20:00,12.7,12.0,0.0,0.0,7.32,6.79,100,74
2025-10-22T21:00,12.7,11.6,0.0,0.0,7.28,6.48,83,96
2025-10-22T22:00,12.6,11.2,0.0,0.0,7.01,5.95,84,51
2025-10-22T23:00,12.4,11.1,0.0,0.0,6.76,6.45,58,20
2025-10-23T00:00,11.8,11.0,0.0,0.0,6.88,6.63,33,28
2025-10-23T01:00,11.7,11.0,0.0,0.0,6.18,6.92,100,21
2025-10-23T02:00,11.7,11.0,0.0,0.0,6.52,6.84,99,25
2025-10-23T03:00,12.0,11.1,0.0,0.0,6.66,6.77,90,86
2025-10-23T04:00,12.3,11.2,0.0,0.0,6.9,6.63,88,43
2025-10-23T05:00,12.8,11.5,6.0,7.0,7.18,6.85,85,44
2025-10-23T06:00,14.2,14.0,77.0,68.0,6.55,5.6,81,85
2025-10-23T07:00,15.8,16.0,160.0,156.0,6.12,5.29,83,89
2025-10-23T08:00,17.5,17.5,267.0,242.0,5.0,4.16,80,83
2025-10-23T09:00,18.9,18.6,367.0,339.0,4.8,3.53,81,80
2025-10-23T10:00,19.8,19.6,404.0,400.0,4.3,3.01,76,66
2025-10-23T11:00,20.3,20.5,410.0,460.0,3.61,2.73,74,60
2025-10-23T12:00,20.4,20.7,362.0,372.0,4.57,3.74,60,76
2025-10-23T13:00,19.9,20.0,284.0,269.0,5.22,3.95,66,71
2025-10-23T14:00,18.5,18.6,174.0,163.0,5.98,5.57,48,60
2025-10-23T15:00,17.0,17.0,54.0,56.0,6.18,6.0,38,50
2025-10-23T16:00,15.5,15.5,0.0,0.0,7.16,6.81,26,95
2025-10-23T17:00,14.9,15.0,0.0,0.0,7.7,7.04,68,100
2025-10-23T18:00,14.6,15.2,0.0,0.0,7.62,7.89,52,97
2025-10-23T19:00,14.3,15.0,0.0,0.0,7.96,6.95,57,64
2025-10-23T20:00,14.2,14.7,0.0,0.0,7.84,7.07,60,63
2025-10-23T21:00,14.2,14.6,0.0,0.0,7.62,7.75,66,76
2025-10-23T22:00,14.5,15.1,0.0,0.0,8.06,7.49,71,78
2025-10-23T23:00,14.8,15.2,0.0,0.0,7.69,7.25,71,72
2025-10-24T00:00,14.6,14.7,0.0,0.0,6.94,7.11,68,65
2025-10-24T01:00,14.5,14.6,0.0,0.0,6.85,7.47,64,66
2025-10-24T02:00,14.3,14.5,0.0,0.0,7.91,7.86,69,65
2025-10-24T03:00,14.3,14.5,0.0,0.0,9.38,8.18,72,57
2025-10-24T04:00,14.6,14.5,0.0,0.0,9.73,8.6,64,56
2025-10-24T05:00,14.7,14.5,5.0,6.0,9.51,9.48,100,59
2025-10-24T06:00,15.3,15.7,70.0,73.0,9.05,9.1,97,70
2025-10-24T07:00,16.8,17.1,187.0,161.0,9.81,9.54,100,78
2025-10-24T08:00,18.0,18.7,267.0,284.0,8.92,8.59,97,100
2025-10-24T09:00,19.0,19.4,290.0,359.0,9.28,8.65,97,100
2025-10-24T10:00,19.4,19.7,223.0,260.0,9.15,8.37,100,100
2025-10-24T11:00,17.8,19.9,104.0,196.0,9.15,7.69,100,99
2025-10-24T12:00,17.4,19.3,75.0,124.0,8.4,9.68,100,100
2025-10-24T13:00,17.6,18.1,129.0,71.0,8.33,10.41,100,100
2025-10-24T14:00,17.9,16.6,104.0,50.0,10.77,5.87,100,95
2025-10-24T15:00,17.0,16.4,30.0,34.0,11.08,10.31,91,84
2025-10-24T16:00,15.4,15.7,0.0,0.0,11.35,11.12,23,100
2025-10-24T17:00,14.6,15.5,0.0,0.0,12.12,11.32,1,51
2025-10-24T18:00,14.2,14.1,0.0,0.0,14.53,11.25,0,0
2025-10-24T19:00,13.3,13.6,0.0,0.0,13.32,12.19,26,0
2025-10-24T20:00,12.8,13.4,0.0,0.0,11.98,13.65,34,0
2025-10-24T21:00,12.0,12.6,0.0,0.0,11.37,13.0,18,7
2025-10-24T22:00,11.2,11.5,0.0,0.0,11.37,11.6,0,4
2025-10-24T23:00,10.4,10.6,0.0,0.0,11.07,10.79,0,1
2025-10-25T00:00,9.9,10.1,0.0,0.0,10.71,7.25,1,0
2025-10-25T01:00,9.2,9.4,0.0,0.0,8.92,6.61,40,0
2025-10-25T02:00,8.9,8.9,0.0,0.0,7.84,6.09,44,0
2025-10-25T03:00,8.3,8.6,0.0,0.0,6.49,5.28,32,27
2025-10-25T04:00,7.9,8.4,0.0,0.0,6.88,5.0,64,100
2025-10-25T05:00,7.9,8.7,6.0,5.0,7.29,4.37,100,100
2025-10-25T06:00,9.0,10.1,96.0,65.0,8.06,5.43,77,100
2025-10-25T07:00,10.6,12.0,243.0,186.0,6.32,5.4,46,100
2025-10-25T08:00,12.2,13.3,360.0,277.0,5.78,3.76,100,100
2025-10-25T09:00,13.5,14.1,406.0,343.0,5.39,4.52,100,99
2025-10-25T10:00,14.7,15.4,481.0,474.0,5.1,5.98,43,25
2025-10-25T11:00,15.6,16.2,525.0,520.0,4.53,5.75,3,30
2025-10-25T12:00,16.0,16.2,469.0,455.0,3.25,6.47,0,38
2025-10-25T13:00,15.9,16.2,356.0,346.0,3.58,6.2,1,2
2025-10-25T14:00,15.6,15.8,208.0,203.0,4.27,5.33,14,63
2025-10-25T15:00,14.2,14.7,59.0,46.0,5.19,3.59,9,60
2025-10-25T16:00,12.9,13.5,0.0,0.0,3.58,1.59,99,36
2025-10-25T17:00,12.6,12.7,0.0,0.0,1.77,1.29,100,51
2025-10-25T18:00,11.8,11.3,0.0,0.0,3.59,5.91,18,0
2025-10-25T19:00,11.0,10.6,0.0,0.0,3.43,6.23,28,98
2025-10-25T20:00,10.4,10.7,0.0,0.0,3.95,5.42,0,85
2025-10-25T21:00,10.2,10.9,0.0,0.0,4.3,3.91,0,37
2025-10-25T22:00,10.0,9.6,0.0,0.0,4.47,4.64,0,50
2025-10-25T23:00,9.7,9.5,0.0,0.0,4.62,5.08,0,54
2025-10-26T00:00,8.9,11.0,0.0,0.0,4.22,3.9,0,80
2025-10-26T01:00,8.8,10.2,0.0,0.0,4.48,3.51,0,0
2025-10-26T02:00,8.6,9.5,0.0,0.0,5.52,3.86,96,4
2025-10-26T03:00,8.7,9.1,0.0,0.0,8.04,4.65,31,3
2025-10-26T04:00,9.3,8.7,0.0,0.0,9.5,6.69,100,29
2025-10-26T05:00,9.8,9.1,4.0,5.0,10.04,7.23,69,63
2025-10-26T06:00,11.1,12.8,66.0,40.0,9.72,10.13,100,100
2025-10-26T07:00,12.4,13.6,107.0,59.0,8.49,9.81,100,100
2025-10-26T08:00,13.1,14.4,109.0,89.0,7.37,7.86,100,100
2025-10-26T09:00,13.7,14.7,115.0,102.0,7.11,7.58,100,100
2025-10-26T10:00,14.5,15.2,156.0,173.0,5.79,6.42,100,100
2025-10-26T11:00,14.4,16.0,142.0,251.0,4.32,4.74,100,99
2025-10-26T12:00,17.5,16.8,171.0,254.0,4.9,4.37,100,100
2025-10-26T13:00,17.4,16.8,154.0,172.0,4.59,4.33,100,100
2025-10-26T14:00,16.7,16.5,73.0,108.0,4.78,5.8,100,45
2025-10-26T15:00,15.3,15.3,20.0,48.0,4.78,6.4,99,68
2025-10-26T16:00,14.6,14.3,0.0,0.0,5.54,9.31,100,66
2025-10-26T17:00,14.2,13.1,0.0,0.0,5.59,8.88,100,43
2025-10-26T18:00,13.2,13.9,0.0,0.0,5.29,3.82,96,100
2025-10-26T19:00,12.9,13.8,0.0,0.0,5.04,3.53,99,100
2025-10-26T20:00,12.3,13.7,0.0,0.0,4.78,3.33,100,100
2025-10-26T21:00,11.9,13.1,0.0,0.0,4.65,3.85,99,100
2025-10-26T22:00,11.9,12.7,0.0,0.0,4.27,4.51,100,100
2025-10-26T23:00,12.2,12.5,0.0,0.0,3.69,4.91,100,100
2025-10-27T00:00,12.1,11.2,0.0,0.0,5.57,3.73,100,100
2025-10-27T01:00,12.4,11.3,0.0,0.0,5.49,4.08,100,100
2025-10-27T02:00,12.4,11.1,0.0,0.0,5.95,3.24,100,100
2025-10-27T03:00,12.6,11.0,0.0,0.0,6.28,3.14,100,100
2025-10-27T04:00,12.8,11.1,0.0,0.0,7.82,4.03,100,100
2025-10-27T05:00,12.0,11.1,1.0,1.0,8.15,5.61,100,100
2025-10-27T06:00,12.2,12.0,20.0,11.0,6.18,9.54,100,100
2025-10-27T07:00,12.4,12.0,63.0,30.0,6.87,8.3,100,100
2025-10-27T08:00,12.8,12.3,92.0,78.0,7.06,7.41,100,100
2025-10-27T09:00,13.2,12.7,133.0,93.0,5.88,6.88,100,100
2025-10-27T10:00,13.4,13.0,136.0,141.0,6.09,8.84,100,100
2025-10-27T11:00,13.6,13.2,112.0,100.0,5.35,8.49,100,100
2025-10-27T12:00,13.4,15.2,83.0,189.0,5.83,4.25,100,69
2025-10-27T13:00,13.6,15.6,78.0,238.0,5.54,4.85,100,85
2025-10-27T14:00,13.5,15.4,50.0,117.0,4.99,4.8,100,61
2025-10-27T15:00,13.2,14.4,21.0,42.0,5.54,5.59,89,71
2025-10-27T16:00,12.3,13.2,0.0,0.0,5.21,8.88,65,76
2025-10-27T17:00,11.9,12.6,0.0,0.0,6.77,8.54,68,69
2025-10-27T18:00,11.0,11.1,0.0,0.0,9.21,7.97,35,32
2025-10-27T19:00,10.4,10.3,0.0,0.0,8.03,7.64,6,38
2025-10-27T20:00,9.9,9.8,0.0,0.0,7.54,7.4,0,6
2025-10-27T21:00,9.3,9.4,0.0,0.0,6.88,7.36,0,1
2025-10-27T22:00,8.9,8.9,0.0,0.0,5.54,7.09,0,16
2025-10-27T23:00,8.5,8.4,0.0,0.0,6.06,7.27,8,7
2025-10-28T00:00,8.1,8.7,0.0,0.0,5.75,8.25,100,100
2025-10-28T01:00,8.2,8.5,0.0,0.0,5.28,7.91,100,100
2025-10-28T02:00,8.2,7.8,0.0,0.0,4.8,7.21,100,100
2025-10-28T03:00,8.1,7.5,0.0,0.0,5.64,6.49,100,100
2025-10-28T04:00,8.2,7.1,0.0,0.0,5.61,6.77,100,100
2025-10-28T05:00,8.6,7.0,1.0,3.0,6.6,6.2,100,96
2025-10-28T06:00,9.8,8.4,25.0,57.0,9.18,4.56,100,100
2025-10-28T07:00,10.3,9.9,60.0,133.0,9.01,4.8,100,98
2025-10-28T08:00,10.7,11.5,97.0,216.0,8.12,6.17,100,100
2025-10-28T09:00,11.8,11.6,171.0,210.0,6.04,9.41,100,100
2025-10-28T10:00,13.0,11.2,297.0,198.0,6.49,7.55,91,100
2025-10-28T11:00,13.9,11.6,349.0,194.0,8.06,5.07,97,100
2025-10-28T12:00,14.1,13.4,295.0,372.0,6.7,6.18,99,99
2025-10-28T13:00,14.1,13.5,233.0,265.0,6.69,5.35,100,62
2025-10-28T14:00,13.9,13.4,157.0,176.0,5.71,5.24,24,89
2025-10-28T15:00,12.6,12.3,47.0,43.0,6.12,4.7,5,39
2025-10-28T16:00,11.1,10.7,0.0,0.0,7.73,4.97,0,63
2025-10-28T17:00,10.4,9.7,0.0,0.0,7.91,5.31,0,94
2025-10-28T18:00,10.2,9.4,0.0,0.0,7.3,8.04,0,0
2025-10-28T19:00,10.0,9.0,0.0,0.0,7.94,7.85,50,0
2025-10-28T20:00,10.1,8.6,0.0,0.0,8.96,7.28,23,26
2025-10-28T21:00,9.9,8.5,0.0,0.0,9.09,8.0,0,0
2025-10-28T22:00,9.2,8.5,0.0,0.0,7.51,8.65,0,2
2025-10-28T23:00,8.4,7.7,0.0,0.0,7.62,8.05,0,12
2025-10-29T00:00,7.7,7.6,0.0,0.0,8.44,9.01,0,14
2025-10-29T01:00,7.1,7.1,0.0,0.0,10.49,10.71,0,4
2025-10-29T02:00,6.8,6.7,0.0,0.0,9.38,10.51,2,4
2025-10-29T03:00,6.6,6.5,0.0,0.0,9.15,9.62,22,4
2025-10-29T04:00,6.4,6.4,0.0,0.0,9.77,9.01,31,9
2025-10-29T05:00,6.5,6.2,4.0,4.0,9.82,9.32,4,11
2025-10-29T06:00,7.6,7.3,84.0,84.0,8.57,9.71,0,20
2025-10-29T07:00,9.7,9.3,228.0,227.0,6.08,7.79,0,2
2025-10-29T08:00,11.8,11.5,363.0,363.0,6.2,7.0,3,0
2025-10-29T09:00,13.6,13.4,452.0,457.0,8.4,7.42,35,27
2025-10-29T10:00,14.6,14.8,476.0,486.0,8.83,8.61,36,41
2025-10-29T11:00,15.6,15.7,482.0,475.0,8.7,8.96,26,12
2025-10-29T12:00,16.3,16.3,432.0,420.0,7.81,8.75,0,39
2025-10-29T13:00,16.5,16.4,325.0,316.0,7.13,8.36,0,53
2025-10-29T14:00,16.3,16.2,184.0,179.0,7.41,8.31,0,16
2025-10-29T15:00,14.4,14.4,44.0,44.0,8.07,8.84,0,39
2025-10-29T16:00,12.5,13.3,0.0,0.0,8.7,8.47,38,22
2025-10-29T17:00,11.7,12.3,0.0,0.0,8.26,7.16,37,0
2025-10-29T18:00,11.5,12.0,0.0,0.0,7.28,8.63,0,0
2025-10-29T19:00,11.1,11.6,0.0,0.0,7.78,7.72,0,0
2025-10-29T20:00,10.9,11.2,0.0,0.0,7.65,7.1,0,0
2025-10-29T21:00,10.7,10.9,0.0,0.0,6.66,6.57,0,0
2025-10-29T22:00,10.8,11.0,0.0,0.0,5.49,5.81,0,0
2025-10-29T23:00,10.8,11.2,0.0,0.0,4.48,4.82,0,0
2025-10-30T00:00,10.5,10.7,0.0,0.0,3.73,3.04,0,0
2025-10-30T01:00,10.3,10.1,0.0,0.0,2.98,2.53,0,0
2025-10-30T02:00,9.8,9.6,0.0,0.0,2.34,2.08,0,0
2025-10-30T03:00,9.3,9.2,0.0,0.0,1.88,2.0,0,0
2025-10-30T04:00,8.9,8.8,0.0,0.0,2.18,3.06,0,0
2025-10-30T05:00,8.7,8.3,3.0,2.0,3.27,4.83,0,0
2025-10-30T06:00,9.1,9.1,83.0,84.0,4.52,5.37,0,0
2025-10-30T07:00,11.9,11.8,228.0,228.0,5.82,5.67,0,0
2025-10-30T08:00,14.7,14.4,363.0,362.0,5.99,5.99,0,0
2025-10-30T09:00,16.4,16.2,460.0,461.0,4.56,5.29,2,2
2025-10-30T10:00,18.1,18.1,505.0,510.0,4.73,5.1,54,0
2025-10-30T11:00,19.1,19.3,493.0,502.0,5.62,5.98,34,0
2025-10-30T12:00,20.9,19.8,436.0,437.0,5.78,6.78,34,2
2025-10-30T13:00,20.8,19.3,325.0,325.0,6.66,6.87,18,15
2025-10-30T14:00,20.0,18.4,179.0,180.0,6.86,7.36,50,15
2025-10-30T15:00,17.2,15.9,42.0,42.0,7.85,8.23,6,3
2025-10-30T16:00,15.4,14.2,0.0,0.0,8.59,9.01,82,12
2025-10-30T17:00,14.1,12.9,0.0,0.0,8.82,9.62,99,33
2025-10-30T18:00,12.9,12.3,0.0,0.0,8.75,9.67,9,71
2025-10-30T19:00,11.8,11.8,0.0,0.0,8.15,9.34,2,79
2025-10-30T20:00,10.7,11.6,0.0,0.0,6.98,9.08,6,62
2025-10-30T21:00,10.1,11.0,0.0,0.0,6.55,8.21,9,61
2025-10-30T22:00,9.8,10.5,0.0,0.0,5.96,8.13,51,65
2025-10-30T23:00,9.8,10.0,0.0,0.0,5.61,7.0,12,48
2025-10-31T00:00,10.6,9.5,0.0,0.0,5.98,5.47,86,23
2025-10-31T01:00,10.5,9.7,0.0,0.0,6.78,5.23,3,9
2025-10-31T02:00,9.6,9.6,0.0,0.0,8.15,5.82,5,47
2025-10-31T03:00,9.1,9.0,0.0,0.0,8.73,6.86,0,40
2025-10-31T04:00,9.3,8.6,0.0,0.0,9.31,7.84,0,25
2025-10-31T05:00,9.7,8.5,2.0,2.0,9.61,8.34,24,0
2025-10-31T06:00,10.9,10.8,74.0,75.0,9.65,10.09,30,0
2025-10-31T07:00,12.5,12.3,206.0,214.0,9.7,10.32,23,4
2025-10-31T08:00,14.2,13.9,336.0,344.0,7.6,8.86,14,0
2025-10-31T09:00,16.2,15.6,429.0,441.0,5.27,5.16,18,0
2025-10-31T10:00,18.0,17.1,479.0,485.0,5.33,5.44,11,7
2025-10-31T11:00,19.3,18.2,476.0,476.0,4.3,3.72,5,9
2025-10-31T12:00,20.4,20.0,416.0,418.0,3.38,2.96,1,0
2025-10-31T13:00,20.5,20.0,303.0,309.0,2.86,2.65,15,0
2025-10-31T14:00,20.0,19.4,166.0,169.0,2.92,1.9,16,17
2025-10-31T15:00,18.3,18.0,37.0,37.0,2.98,1.63,0,15
2025-10-31T16:00,16.6,16.4,0.0,0.0,1.98,0.5,0,15
2025-10-31T17:00,14.6,13.4,0.0,0.0,1.01,2.09,0,7
2025-10-31T18:00,12.7,12.6,0.0,0.0,3.25,3.34,20,0
2025-10-31T19:00,12.5,12.4,0.0,0.0,4.44,3.75,27,1
2025-10-31T20:00,12.2,12.4,0.0,0.0,4.43,3.72,30,0
2025-10-31T21:00,11.9,12.3,0.0,0.0,3.95,3.65,10,1
2025-10-31T22:00,11.8,12.0,0.0,0.0,3.15,3.43,17,2
2025-10-31T23:00,11.4,11.6,0.0,0.0,3.04,2.95,21,0
2025-11-01T00:00,10.7,11.3,0.0,0.0,2.92,2.16,40,0
2025-11-01T01:00,10.5,10.4,0.0,0.0,3.02,1.38,53,1
2025-11-01T02:00,10.4,9.4,0.0,0.0,3.64,1.5,44,8
2025-11-01T03:00,10.1,8.8,0.0,0.0,4.46,2.12,33,10
2025-11-01T04:00,9.8,8.6,0.0,0.0,4.9,3.1,14,3
2025-11-01T05:00,9.7,8.6,2.0,2.0,5.63,4.53,8,19
2025-11-01T06:00,11.6,11.5,68.0,69.0,8.53,9.03,52,36
2025-11-01T07:00,13.8,13.0,188.0,205.0,8.3,8.72,56,42
2025-11-01T08:00,15.6,14.5,312.0,323.0,7.19,6.67,51,37
2025-11-01T09:00,17.1,15.9,397.0,428.0,6.01,5.85,50,4
2025-11-01T10:00,17.8,17.1,447.0,484.0,5.46,5.79,62,7
2025-11-01T11:00,18.0,17.5,425.0,475.0,5.14,5.46,51,3
2025-11-01T12:00,18.8,17.5,394.0,406.0,5.54,5.83,26,5
2025-11-01T13:00,18.4,17.0,300.0,305.0,5.83,5.58,10,1
2025-11-01T14:00,17.4,16.1,164.0,165.0,5.76,5.55,0,1
2025-11-01T15:00,15.6,14.4,35.0,35.0,6.18,6.01,0,1
2025-11-01T16:00,14.2,13.2,0.0,0.0,6.82,6.47,0,4
2025-11-01T17:00,13.5,12.4,0.0,0.0,6.82,6.51,2,5
2025-11-01T18:00,13.3,12.2,0.0,0.0,6.92,6.71,25,33
2025-11-01T19:00,13.1,12.0,0.0,0.0,7.13,6.67,36,5
2025-11-01T20:00,13.0,11.7,0.0,0.0,7.28,6.57,57,1
2025-11-01T21:00,12.9,11.5,0.0,0.0,6.99,6.63,63,1
2025-11-01T22:00,12.8,11.2,0.0,0.0,7.13,6.57,57,2
2025-11-01T23:00,12.7,10.9,0.0,0.0,6.56,6.57,51,34
2025-11-02T00:00,12.7,12.5,0.0,0.0,5.64,6.32,63,65
2025-11-02T01:00,12.5,12.1,0.0,0.0,6.01,5.42,65,57
2025-11-02T02:00,12.1,11.6,0.0,0.0,6.54,5.98,70,52
2025-11-02T03:00,12.0,11.4,0.0,0.0,6.63,6.76,68,41
2025-11-02T04:00,11.7,11.6,0.0,0.0,6.66,7.7,69,69
2025-11-02T05:00,11.6,11.7,1.0,1.0,6.85,7.96,66,59
2025-11-02T06:00,12.5,11.8,60.0,67.0,6.82,7.32,57,36
2025-11-02T07:00,13.7,13.5,180.0,202.0,6.29,7.44,54,34
2025-11-02T08:00,14.9,15.5,293.0,334.0,5.35,5.48,55,28
2025-11-02T09:00,16.4,17.3,391.0,428.0,5.52,6.63,43,29
2025-11-02T10:00,17.6,18.5,445.0,476.0,5.79,6.7,36,23
2025-11-02T11:00,18.7,19.2,465.0,469.0,6.22,6.89,0,27
2025-11-02T12:00,19.7,19.9,411.0,411.0,6.75,6.7,7,3
2025-11-02T13:00,19.2,19.2,302.0,302.0,7.1,7.19,2,1
2025-11-02T14:00,17.9,17.9,163.0,163.0,7.15,7.23,2,0
2025-11-02T15:00,15.9,15.8,33.0,33.0,7.73,7.83,5,0
2025-11-02T16:00,14.2,14.0,0.0,0.0,8.81,9.16,0,0
2025-11-02T17:00,13.5,13.2,0.0,0.0,8.81,9.25,0,0
2025-11-02T18:00,13.0,13.1,0.0,0.0,9.03,8.64,12,0
2025-11-02T19:00,12.8,12.8,0.0,0.0,8.51,8.51,22,0
2025-11-02T20:00,12.5,12.6,0.0,0.0,8.08,8.19,17,0
2025-11-02T21:00,12.3,12.4,0.0,0.0,7.6,7.7,15,0
2025-11-02T22:00,11.9,12.1,0.0,0.0,7.15,7.42,60,2
2025-11-02T23:00,11.6,11.7,0.0,0.0,7.15,7.57,76,23
2025-11-03T00:00,10.9,11.3,0.0,0.0,7.14,7.5,89,34
2025-11-03T01:00,11.1,11.4,0.0,0.0,7.48,7.87,94,80
2025-11-03T02:00,11.5,11.4,0.0,0.0,7.56,7.93,100,86
2025-11-03T03:00,11.9,11.4,0.0,0.0,8.25,7.62,98,90
2025-11-03T04:00,12.0,11.7,0.0,0.0,8.11,8.05,100,100
2025-11-03T05:00,12.2,12.0,1.0,1.0,7.69,7.97,100,88
2025-11-03T06:00,12.6,12.8,49.0,48.0,8.28,7.93,69,90
2025-11-03T07:00,13.9,14.0,147.0,130.0,7.56,7.49,63,84
2025-11-03T08:00,15.0,15.2,238.0,212.0,6.74,6.34,83,93
2025-11-03T09:00,15.8,16.2,263.0,305.0,5.9,5.72,99,100
2025-11-03T10:00,16.5,16.5,316.0,300.0,5.53,5.06,68,100
2025-11-03T11:00,17.0,17.0,346.0,327.0,5.01,4.53,73,82
2025-11-03T12:00,17.8,17.5,349.0,356.0,4.78,4.71,52,54
2025-11-03T13:00,17.3,17.3,240.0,274.0,4.99,4.37,63,80
2025-11-03T14:00,16.5,16.6,137.0,141.0,4.72,4.65,49,67
2025-11-03T15:00,14.9,15.1,29.0,29.0,4.89,5.41,26,95
2025-11-03T16:00,13.7,14.0,0.0,0.0,4.87,5.84,79,87
2025-11-03T17:00,12.8,13.4,0.0,0.0,5.06,5.93,26,93
2025-11-03T18:00,12.0,12.6,0.0,0.0,5.84,6.3,19,100
2025-11-03T19:00,11.6,12.5,0.0,0.0,5.56,6.27,11,94
2025-11-03T20:00,11.2,12.3,0.0,0.0,5.52,5.96,46,61
2025-11-03T21:00,11.0,11.9,0.0,0.0,5.39,4.87,60,54
2025-11-03T22:00,11.0,11.9,0.0,0.0,3.72,4.51,100,50
2025-11-03T23:00,11.1,12.0,0.0,0.0,3.33,5.78,96,86
2025-11-04T00:00,10.5,11.8,0.0,0.0,3.5,7.36,79,98
2025-11-04T01:00,10.2,12.2,0.0,0.0,4.81,8.28,94,100
2025-11-04T02:00,10.4,12.0,0.0,0.0,5.89,9.03,100,100
2025-11-04T03:00,10.8,11.4,0.0,0.0,7.39,10.51,97,100
2025-11-04T04:00,11.3,11.0,0.0,0.0,8.29,11.25,97,92
2025-11-04T05:00,11.2,10.7,1.0,1.0,7.97,10.3,87,95
2025-11-04T06:00,11.4,11.3,45.0,41.0,8.63,7.93,90,96
2025-11-04T07:00,12.1,12.3,124.0,120.0,7.5,5.84,98,100
2025-11-04T08:00,13.1,13.5,196.0,174.0,7.1,6.3,100,99
2025-11-04T09:00,14.5,14.4,286.0,209.0,6.43,6.66,90,100
2025-11-04T10:00,15.4,14.3,315.0,224.0,5.9,7.42,95,100
2025-11-04T11:00,15.6,13.9,265.0,146.0,6.01,7.21,99,100
2025-11-04T12:00,15.8,13.6,266.0,110.0,6.75,6.66,94,100
2025-11-04T13:00,15.5,13.3,160.0,74.0,6.76,7.38,98,100
2025-11-04T14:00,15.1,13.1,62.0,30.0,6.08,7.78,100,100
2025-11-04T15:00,14.4,12.5,10.0,6.0,6.47,7.77,100,99
2025-11-04T16:00,13.5,11.8,0.0,0.0,6.59,7.78,100,100
2025-11-04T17:00,12.7,11.5,0.0,0.0,7.34,7.48,100,100
2025-11-04T18:00,12.0,11.6,0.0,0.0,8.04,7.12,100,100
2025-11-04T19:00,11.7,11.3,0.0,0.0,7.64,6.93,97,99
2025-11-04T20:00,11.7,11.2,0.0,0.0,7.25,7.76,98,100
2025-11-04T21:00,11.3,11.1,0.0,0.0,7.26,7.84,100,100
2025-11-04T22:00,10.8,10.9,0.0,0.0,7.05,7.55,99,100
2025-11-04T23:00,10.6,10.6,0.0,0.0,6.48,6.76,100,100
2025-11-05T00:00,10.4,10.4,0.0,0.0,7.55,7.1,100,100
2025-11-05T01:00,10.1,10.2,0.0,0.0,6.98,6.91,100,100
2025-11-05T02:00,9.9,9.8,0.0,0.0,7.25,6.81,100,100
2025-11-05T03:00,9.9,9.4,0.0,0.0,6.96,6.6,99,99
2025-11-05T04:00,9.5,9.2,0.0,0.0,6.54,6.11,94,93
2025-11-05T05:00,8.8,9.1,0.0,1.0,7.6,5.69,71,91
2025-11-05T06:00,9.2,9.5,29.0,24.0,4.03,4.31,84,93
2025-11-05T07:00,9.6,10.0,119.0,89.0,4.61,3.67,69,91
2025-11-05T08:00,10.6,10.7,245.0,156.0,3.92,3.04,61,86
2025-11-05T09:00,11.9,12.0,365.0,282.0,3.58,3.53,57,79
2025-11-05T10:00,12.8,13.2,418.0,362.0,3.35,3.73,70,70
2025-11-05T11:00,13.3,14.2,402.0,390.0,3.81,3.73,60,50
2025-11-05T12:00,13.8,14.4,382.0,396.0,4.53,5.27,57,12
2025-11-05T13:00,13.4,14.2,260.0,295.0,4.33,5.23,71,4
2025-11-05T14:00,12.8,13.5,136.0,154.0,4.46,5.49,62,39
2025-11-05T15:00,11.7,12.1,26.0,27.0,5.0,5.21,42,22
2025-11-05T16:00,10.4,10.6,0.0,0.0,4.8,4.73,51,0
2025-11-05T17:00,9.5,9.5,0.0,0.0,4.21,3.93,49,4
2025-11-05T18:00,8.7,8.8,0.0,0.0,3.32,4.59,61,69
2025-11-05T19:00,8.4,8.4,0.0,0.0,3.04,4.17,58,63
2025-11-05T20:00,7.8,7.9,0.0,0.0,3.52,4.41,53,95
2025-11-05T21:00,7.4,7.7,0.0,0.0,3.83,4.61,69,99
2025-11-05T22:00,7.2,7.4,0.0,0.0,3.94,4.7,62,65
2025-11-05T23:00,7.1,6.9,0.0,0.0,4.08,4.25,82,54
2025-11-06T00:00,7.2,7.0,0.0,0.0,5.65,4.16,81,81
2025-11-06T01:00,7.4,6.5,0.0,0.0,5.52,3.55,67,42
2025-11-06T02:00,7.3,6.0,0.0,0.0,5.37,3.29,93,8
2025-11-06T03:00,7.5,5.4,0.0,0.0,5.21,3.11,73,17
2025-11-06T04:00,7.5,4.8,0.0,0.0,5.39,2.84,100,40
2025-11-06T05:00,7.6,4.4,0.0,0.0,5.08,4.06,100,54
2025-11-06T06:00,8.0,9.1,19.0,8.0,5.79,6.26,100,100
2025-11-06T07:00,8.5,9.8,55.0,26.0,6.04,7.91,100,100
2025-11-06T08:00,8.9,10.8,69.0,42.0,4.43,10.98,100,100
2025-11-06T09:00,9.0,11.5,63.0,44.0,4.9,13.09,100,100
2025-11-06T10:00,9.3,11.6,72.0,42.0,6.97,12.07,100,100
2025-11-06T11:00,9.5,11.9,70.0,48.0,6.73,11.52,100,100
2025-11-06T12:00,9.7,11.1,53.0,73.0,5.79,7.84,100,100
2025-11-06T13:00,9.6,11.3,23.0,47.0,7.19,9.7,100,100
2025-11-06T14:00,9.8,11.5,12.0,27.0,8.65,9.86,100,100
2025-11-06T15:00,10.2,11.4,2.0,4.0,9.78,11.66,100,100
2025-11-06T16:00,10.8,11.4,0.0,0.0,11.83,11.46,100,100
2025-11-06T17:00,11.3,11.5,0.0,0.0,12.99,11.17,100,100
2025-11-06T18:00,11.2,11.5,0.0,0.0,9.87,10.98,99,99
2025-11-06T19:00,10.9,11.4,0.0,0.0,8.76,9.76,99,99
2025-11-06T20:00,10.5,11.1,0.0,0.0,9.31,9.82,98,97
2025-11-06T21:00,10.4,10.8,0.0,0.0,9.72,9.84,99,95
2025-11-06T22:00,10.3,10.7,0.0,0.0,9.73,9.78,99,95
2025-11-06T23:00,10.3,10.6,0.0,0.0,9.29,10.05,100,97
2025-11-07T00:00,10.5,10.2,0.0,0.0,10.07,10.6,100,100
2025-11-07T01:00,10.5,10.4,0.0,0.0,9.77,10.55,100,98
2025-11-07T02:00,10.4,10.4,0.0,0.0,8.8,9.66,100,100
2025-11-07T03:00,10.4,10.4,0.0,0.0,8.39,10.39,100,100
2025-11-07T04:00,10.2,10.3,0.0,0.0,8.95,10.26,100,100
2025-11-07T05:00,10.0,10.3,0.0,0.0,9.16,10.33,100,100
2025-11-07T06:00,10.0,10.4,10.0,12.0,9.28,9.71,100,100
2025-11-07T07:00,10.2,10.5,27.0,33.0,8.56,9.06,100,100
2025-11-07T08:00,10.4,11.0,49.0,65.0,8.0,10.0,100,100
2025-11-07T09:00,10.6,11.4,59.0,110.0,7.27,9.22,100,100
2025-11-07T10:00,11.1,11.8,83.0,125.0,7.29,7.92,100,100
2025-11-07T11:00,11.3,11.8,82.0,91.0,7.02,7.64,100,100
2025-11-07T12:00,10.1,10.6,27.0,56.0,9.08,7.33,100,100
2025-11-07T13:00,10.1,10.6,29.0,38.0,7.83,7.24,100,100
2025-11-07T14:00,10.0,10.5,12.0,15.0,8.11,8.02,100,100
2025-11-07T15:00,9.8,10.3,3.0,3.0,8.95,8.84,100,100
2025-11-07T16:00,9.8,10.2,0.0,0.0,9.36,9.81,100,100
2025-11-07T17:00,9.9,10.4,0.0,0.0,9.53,9.15,100,100
2025-11-07T18:00,10.0,10.2,0.0,0.0,8.0,8.1,100,100
2025-11-07T19:00,10.1,10.3,0.0,0.0,7.41,7.28,100,97
2025-11-07T20:00,10.3,10.2,0.0,0.0,6.45,6.13,100,97
2025-11-07T21:00,10.4,10.1,0.0,0.0,8.57,4.97,98,94
2025-11-07T22:00,10.4,9.9,0.0,0.0,7.73,5.9,100,94
2025-11-07T23:00,10.3,10.0,0.0,0.0,4.93,7.06,100,87
2025-11-08T00:00,10.4,9.5,0.0,0.0,5.96,6.23,92,84
2025-11-08T01:00,10.2,9.4,0.0,0.0,4.0,4.61,97,94
2025-11-08T02:00,10.0,9.3,0.0,0.0,5.0,5.08,98,89
2025-11-08T03:00,9.9,9.0,0.0,0.0,6.57,5.83,85,100
2025-11-08T04:00,9.6,9.4,0.0,0.0,6.59,6.27,95,100
2025-11-08T05:00,9.5,9.5,0.0,0.0,5.3,7.36,99,100
2025-11-08T06:00,10.3,10.0,26.0,46.0,4.87,6.37,100,52
2025-11-08T07:00,11.4,11.4,96.0,161.0,5.42,4.13,98,81
2025-11-08T08:00,12.6,12.8,189.0,251.0,5.61,3.23,89,83
2025-11-08T09:00,13.9,13.9,290.0,312.0,6.4,3.99,87,91
2025-11-08T10:00,15.0,14.9,385.0,316.0,5.54,4.99,82,94
2025-11-08T11:00,15.9,15.7,291.0,292.0,5.48,5.04,88,89
2025-11-08T12:00,14.5,14.9,144.0,132.0,6.1,5.08,100,98
2025-11-08T13:00,14.2,14.7,106.0,110.0,5.39,5.62,100,100
2025-11-08T14:00,13.7,14.3,38.0,53.0,7.38,8.49,100,96
2025-11-08T15:00,13.0,13.5,8.0,13.0,8.99,8.72,100,85
2025-11-08T16:00,12.8,13.3,0.0,0.0,9.3,8.59,100,100
2025-11-08T17:00,13.0,13.5,0.0,0.0,9.45,8.52,100,100
2025-11-08T18:00,13.0,13.1,0.0,0.0,8.77,9.15,100,100
2025-11-08T19:00,13.3,13.1,0.0,0.0,9.27,9.7,100,100
2025-11-08T20:00,13.5,13.4,0.0,0.0,9.41,10.25,100,97
2025-11-08T21:00,13.6,13.7,0.0,0.0,9.6,9.64,100,99
2025-11-08T22:00,13.9,13.8,0.0,0.0,9.36,9.35,100,97
2025-11-08T23:00,14.1,14.0,0.0,0.0,9.29,9.08,100,100
2025-11-09T00:00,14.4,14.2,0.0,0.0,9.35,8.59,100,99
2025-11-09T01:00,14.5,14.3,0.0,0.0,9.34,8.82,100,99
2025-11-09T02:00,14.5,14.3,0.0,0.0,9.32,8.24,100,100
2025-11-09T03:00,14.6,14.4,0.0,0.0,9.27,8.33,98,100
2025-11-09T04:00,14.7,14.4,0.0,0.0,8.94,7.84,86,100
2025-11-09T05:00,14.7,14.4,0.0,0.0,8.26,8.28,88,98
2025-11-09T06:00,14.8,14.5,30.0,31.0,7.06,5.26,78,70
2025-11-09T07:00,15.5,15.4,112.0,134.0,6.2,4.59,67,69
2025-11-09T08:00,16.3,16.1,216.0,225.0,4.65,4.56,65,70
2025-11-09T09:00,17.0,16.4,287.0,295.0,3.9,4.57,66,89
2025-11-09T10:00,17.5,16.4,329.0,311.0,3.86,4.82,93,100
2025-11-09T11:00,17.8,16.4,287.0,275.0,3.42,4.85,96,100
2025-11-09T12:00,17.2,17.5,234.0,185.0,3.83,3.38,100,100
2025-11-09T13:00,16.3,17.0,106.0,117.0,3.94,3.54,100,100
2025-11-09T14:00,15.5,16.2,39.0,52.0,4.27,4.24,100,100
2025-11-09T15:00,14.8,15.3,6.0,7.0,2.5,3.19,100,100
2025-11-09T16:00,14.3,14.5,0.0,0.0,2.28,2.67,94,100
2025-11-09T17:00,13.4,14.0,0.0,0.0,1.89,2.88,75,89
2025-11-09T18:00,12.9,14.7,0.0,0.0,2.75,2.16,78,96
2025-11-09T19:00,12.6,14.2,0.0,0.0,2.45,2.47,67,92
2025-11-09T20:00,12.3,13.8,0.0,0.0,2.17,2.43,69,96
2025-11-09T21:00,11.9,13.6,0.0,0.0,2.4,2.31,74,99
2025-11-09T22:00,11.7,13.5,0.0,0.0,2.26,2.24,81,98
2025-11-09T23:00,11.6,13.3,0.0,0.0,2.14,1.39,95,100
2025-11-10T00:00,10.2,12.8,0.0,0.0,1.81,1.77,75,100
2025-11-10T01:00,10.0,12.6,0.0,0.0,1.31,1.33,81,95
2025-11-10T02:00,9.9,12.3,0.0,0.0,1.27,1.06,100,100
2025-11-10T03:00,10.1,12.0,0.0,0.0,2.7,1.57,100,100
2025-11-10T04:00,10.4,12.0,0.0,0.0,4.37,2.57,98,100
2025-11-10T05:00,10.8,12.1,0.0,0.0,4.73,2.68,99,100
2025-11-10T06:00,12.0,12.2,21.0,20.0,5.83,3.41,98,100
2025-11-10T07:00,13.3,13.0,76.0,58.0,6.12,4.51,99,100
2025-11-10T08:00,14.8,14.5,149.0,124.0,5.61,3.47,100,99
2025-11-10T09:00,16.7,16.0,193.0,138.0,7.23,5.54,97,98
2025-11-10T10:00,16.9,16.8,135.0,129.0,5.26,4.97,100,94
2025-11-10T11:00,16.9,17.9,151.0,205.0,6.33,5.8,100,100
2025-11-10T12:00,16.4,17.7,66.0,107.0,6.28,6.56,100,100
2025-11-10T13:00,16.2,17.8,61.0,107.0,6.78,6.54,100,100
2025-11-10T14:00,15.9,17.2,37.0,56.0,7.78,7.01,100,100
2025-11-10T15:00,15.5,16.4,7.0,12.0,7.97,7.46,100,99
2025-11-10T16:00,15.1,15.8,0.0,0.0,8.24,6.77,98,100
2025-11-10T17:00,14.9,15.3,0.0,0.0,8.44,6.59,96,100
2025-11-10T18:00,15.1,15.3,0.0,0.0,8.48,6.97,100,100
2025-11-10T19:00,14.8,14.9,0.0,0.0,8.84,7.05,100,98
2025-11-10T20:00,14.7,14.5,0.0,0.0,8.15,6.94,100,98
2025-11-10T21:00,14.5,14.3,0.0,0.0,7.95,6.87,100,98
2025-11-10T22:00,14.4,14.2,0.0,0.0,8.65,6.2,100,98
2025-11-10T23:00,14.1,14.1,0.0,0.0,10.02,5.09,100,99
2025-11-11T00:00,14.6,13.5,0.0,0.0,8.07,3.57,100,99
2025-11-11T01:00,14.5,13.5,0.0,0.0,6.77,2.86,100,100
2025-11-11T02:00,14.3,13.4,0.0,0.0,6.2,2.09,100,97
2025-11-11T03:00,14.1,13.2,0.0,0.0,5.4,1.27,100,100
2025-11-11T04:00,14.0,13.0,0.0,0.0,4.9,0.98,100,99
2025-11-11T05:00,13.8,12.9,0.0,0.0,5.04,0.44,100,100
2025-11-11T06:00,13.6,13.1,21.0,24.0,4.59,1.47,99,97
2025-11-11T07:00,14.0,13.8,53.0,76.0,4.21,1.15,100,100
2025-11-11T08:00,13.7,14.3,90.0,98.0,3.73,1.93,100,100
2025-11-11T09:00,13.6,14.2,103.0,92.0,3.6,2.43,100,100
2025-11-11T10:00,13.2,13.9,69.0,59.0,4.56,3.26,100,100
2025-11-11T11:00,13.3,13.7,72.0,61.0,6.37,4.21,100,100
2025-11-11T12:00,12.7,13.3,83.0,41.0,7.42,5.49,100,100
2025-11-11T13:00,12.5,12.9,55.0,20.0,8.25,6.77,100,100
2025-11-11T14:00,12.2,12.2,29.0,12.0,7.96,7.09,100,100
2025-11-11T15:00,11.9,11.7,5.0,1.0,8.23,7.98,100,100
2025-11-11T16:00,11.7,11.5,0.0,0.0,7.97,8.42,100,100
2025-11-11T17:00,11.4,11.3,0.0,0.0,8.08,8.01,100,100
2025-11-11T18:00,10.9,11.0,0.0,0.0,8.41,7.59,96,99
2025-11-11T19:00,10.6,10.6,0.0,0.0,8.46,8.21,95,98
2025-11-11T20:00,10.3,10.0,0.0,0.0,8.12,8.88,97,92
2025-11-11T21:00,9.7,9.4,0.0,0.0,8.51,8.43,71,98
2025-11-11T22:00,9.0,8.7,0.0,0.0,8.1,7.54,57,64
2025-11-11T23:00,8.6,8.1,0.0,0.0,8.24,8.46,77,43
2025-11-12T00:00,8.3,7.6,0.0,0.0,7.28,9.05,38,66
2025-11-12T01:00,7.9,7.3,0.0,0.0,6.63,8.99,45,67
2025-11-12T02:00,7.9,7.4,0.0,0.0,7.11,9.15,85,78
2025-11-12T03:00,7.9,7.5,0.0,0.0,6.29,10.24,73,87
2025-11-12T04:00,7.6,7.3,0.0,0.0,5.24,10.57,54,52
2025-11-12T05:00,7.3,7.1,0.0,0.0,4.44,10.15,85,39
2025-11-12T06:00,8.1,7.7,29.0,37.0,4.37,7.27,79,82
2025-11-12T07:00,8.9,8.8,104.0,135.0,5.59,6.76,95,60
2025-11-12T08:00,10.1,10.0,171.0,252.0,4.08,5.06,80,71
2025-11-12T09:00,11.1,11.0,245.0,297.0,2.74,4.55,100,98
2025-11-12T10:00,11.8,11.6,226.0,344.0,3.92,5.79,100,82
2025-11-12T11:00,12.2,11.7,216.0,308.0,4.9,4.51,85,100
2025-11-12T12:00,12.7,12.2,293.0,175.0,5.0,4.62,66,86
2025-11-12T13:00,12.6,12.2,219.0,197.0,4.59,4.93,76,69
2025-11-12T14:00,12.0,11.7,110.0,110.0,4.03,4.29,11,55
2025-11-12T15:00,10.7,10.6,17.0,16.0,3.29,3.55,43,56
2025-11-12T16:00,9.9,9.7,0.0,0.0,2.1,3.26,19,45
2025-11-12T17:00,9.2,8.9,0.0,0.0,2.35,4.02,24,46
2025-11-12T18:00,8.7,9.2,0.0,0.0,5.29,3.14,43,86
2025-11-12T19:00,8.4,9.1,0.0,0.0,5.52,2.98,58,88
2025-11-12T20:00,8.3,9.0,0.0,0.0,4.91,2.72,46,86
2025-11-12T21:00,8.0,8.9,0.0,0.0,4.34,3.11,55,85
2025-11-12T22:00,7.8,8.6,0.0,0.0,4.17,3.18,67,92
2025-11-12T23:00,7.6,8.5,0.0,0.0,4.37,3.1,64,90
2025-11-13T00:00,6.5,7.4,0.0,0.0,4.73,3.24,41,72
2025-11-13T01:00,6.3,7.0,0.0,0.0,4.64,3.21,35,75
2025-11-13T02:00,6.0,6.7,0.0,0.0,4.54,2.5,40,79
2025-11-13T03:00,5.7,6.4,0.0,0.0,4.55,1.86,51,91
2025-11-13T04:00,5.2,6.4,0.0,0.0,4.4,1.41,59,99
2025-11-13T05:00,4.7,6.3,0.0,0.0,4.1,1.88,64,100
2025-11-13T06:00,4.9,6.2,35.0,30.0,3.12,2.1,100,100
2025-11-13T07:00,6.4,6.9,135.0,102.0,2.33,1.69,78,99
2025-11-13T08:00,8.4,8.5,258.0,197.0,1.85,0.88,56,84
2025-11-13T09:00,10.2,10.4,370.0,304.0,1.23,0.35,12,61
2025-11-13T10:00,11.1,11.5,434.0,344.0,2.26,0.9,23,71
2025-11-13T11:00,11.7,12.1,426.0,340.0,1.81,1.33,25,53
2025-11-13T12:00,11.8,12.2,353.0,355.0,1.8,2.29,40,33
2025-11-13T13:00,11.7,12.0,248.0,253.0,1.67,2.37,37,28
2025-11-13T14:00,11.1,11.3,121.0,125.0,1.84,2.86,36,9
2025-11-13T15:00,9.7,9.9,15.0,16.0,1.89,2.91,34,0
2025-11-13T16:00,8.8,9.0,0.0,0.0,1.89,1.5,38,0
2025-11-13T17:00,8.3,8.1,0.0,0.0,1.67,0.35,47,2
2025-11-13T18:00,7.3,7.2,0.0,0.0,0.66,1.69,46,43
2025-11-13T19:00,6.8,7.0,0.0,0.0,1.31,1.82,37,49
2025-11-13T20:00,6.2,6.9,0.0,0.0,1.1,2.33,63,36
2025-11-13T21:00,5.8,6.8,0.0,0.0,0.84,2.37,67,15
2025-11-13T22:00,5.7,6.7,0.0,0.0,1.53,2.55,68,5
2025-11-13T23:00,5.2,6.4,0.0,0.0,1.36,2.88,88,8
2025-11-14T00:00,4.6,5.5,0.0,0.0,2.08,2.05,100,37
2025-11-14T01:00,4.5,5.2,0.0,0.0,1.64,1.95,100,56
2025-11-14T02:00,4.6,5.0,0.0,0.0,1.55,1.71,100,67
2025-11-14T03:00,4.7,4.7,0.0,0.0,0.98,1.92,100,72
2025-11-14T04:00,4.6,4.5,0.0,0.0,1.33,2.37,100,76
2025-11-14T05:00,4.8,4.4,0.0,0.0,1.28,2.8,100,98
2025-11-14T06:00,4.5,4.1,16.0,27.0,1.01,2.81,91,98
2025-11-14T07:00,4.9,5.3,72.0,115.0,0.97,3.0,90,80
2025-11-14T08:00,6.0,7.7,171.0,242.0,1.06,3.59,76,29
2025-11-14T09:00,7.8,10.4,307.0,374.0,0.96,3.42,55,0
2025-11-14T10:00,9.4,11.8,380.0,429.0,0.93,2.38,31,0
2025-11-14T11:00,10.4,12.7,389.0,420.0,1.14,2.77,27,27
2025-11-14T12:00,10.2,12.2,323.0,359.0,1.47,2.42,47,6
2025-11-14T13:00,10.4,12.0,231.0,252.0,1.28,2.37,52,19
2025-11-14T14:00,10.1,11.3,101.0,115.0,1.9,3.26,60,44
2025-11-14T15:00,9.3,10.0,13.0,14.0,2.46,4.09,63,45
2025-11-14T16:00,8.7,9.0,0.0,0.0,4.35,4.64,65,25
2025-11-14T17:00,8.4,8.4,0.0,0.0,5.0,5.19,52,3
2025-11-14T18:00,7.6,7.8,0.0,0.0,4.74,5.66,58,23
2025-11-14T19:00,7.5,7.6,0.0,0.0,4.35,5.14,39,19
2025-11-14T20:00,7.1,7.3,0.0,0.0,5.48,5.45,10,14
2025-11-14T21:00,6.8,7.0,0.0,0.0,6.06,5.2,40,5
2025-11-14T22:00,6.9,6.9,0.0,0.0,5.54,5.11,44,0
2025-11-14T23:00,6.9,6.6,0.0,0.0,5.83,5.15,34,0
2025-11-15T00:00,5.9,7.2,0.0,0.0,5.21,4.82,48,31
2025-11-15T01:00,6.0,6.9,0.0,0.0,5.49,5.29,53,16
2025-11-15T02:00,6.0,6.7,0.0,0.0,5.98,5.88,43,16
2025-11-15T03:00,6.0,6.6,0.0,0.0,6.27,6.67,34,11
2025-11-15T04:00,6.0,6.6,0.0,0.0,6.6,6.77,32,1
2025-11-15T05:00,6.0,6.5,0.0,0.0,7.18,6.66,37,3
2025-11-15T06:00,6.5,7.1,35.0,34.0,7.84,7.75,25,29
2025-11-15T07:00,8.6,9.3,151.0,147.0,8.23,8.39,1,43
2025-11-15T08:00,10.5,11.1,275.0,263.0,7.28,7.56,6,30
2025-11-15T09:00,12.2,13.0,366.0,359.0,4.83,5.16,11,40
2025-11-15T10:00,13.5,14.3,412.0,393.0,5.13,5.68,23,47
2025-11-15T11:00,14.3,15.0,402.0,370.0,5.33,5.83,27,44
2025-11-15T12:00,14.6,14.9,332.0,315.0,5.49,5.93,53,28
2025-11-15T13:00,14.2,14.7,222.0,238.0,4.3,5.74,37,15
2025-11-15T14:00,13.0,13.7,111.0,114.0,4.32,5.39,26,25
2025-11-15T15:00,11.2,11.9,14.0,14.0,4.43,4.72,26,14
2025-11-15T16:00,10.0,10.5,0.0,0.0,4.64,4.57,35,21
2025-11-15T17:00,9.2,9.7,0.0,0.0,5.47,4.09,35,21
2025-11-15T18:00,7.6,9.0,0.0,0.0,5.63,3.57,18,37
2025-11-15T19:00,7.1,8.2,0.0,0.0,4.78,3.07,59,55
2025-11-15T20:00,6.8,7.6,0.0,0.0,4.38,2.81,66,56
2025-11-15T21:00,6.6,7.0,0.0,0.0,4.79,2.85,79,59
2025-11-15T22:00,6.6,6.5,0.0,0.0,3.75,3.37,91,75
2025-11-15T23:00,6.6,6.6,0.0,0.0,3.29,3.73,97,78
2025-11-16T00:00,6.1,6.3,0.0,0.0,3.2,2.45,100,96
2025-11-16T01:00,6.0,6.0,0.0,0.0,2.77,2.48,100,100
2025-11-16T02:00,5.9,5.9,0.0,0.0,2.49,2.33,100,100
2025-11-16T03:00,5.8,5.8,0.0,0.0,2.23,2.72,100,100
2025-11-16T04:00,5.9,5.7,0.0,0.0,1.67,2.26,100,100
2025-11-16T05:00,5.8,5.7,0.0,0.0,1.14,1.43,100,97
2025-11-16T06:00,6.1,6.2,10.0,15.0,1.1,1.79,100,97
2025-11-16T07:00,6.4,6.4,61.0,66.0,1.96,1.77,100,97
2025-11-16T08:00,6.6,6.7,96.0,114.0,2.38,2.2,98,97
2025-11-16T09:00,6.8,7.1,119.0,149.0,2.55,2.64,100,99
2025-11-16T10:00,7.0,7.6,126.0,189.0,2.45,2.61,100,100
2025-11-16T11:00,6.8,8.1,106.0,195.0,3.43,2.73,100,95
2025-11-16T12:00,6.5,8.4,80.0,211.0,3.92,3.14,100,98
2025-11-16T13:00,6.7,8.6,71.0,153.0,3.43,3.23,98,85
2025-11-16T14:00,6.9,8.5,49.0,76.0,3.59,3.13,90,100
2025-11-16T15:00,6.6,7.9,8.0,9.0,4.16,3.82,72,55
2025-11-16T16:00,6.2,7.4,0.0,0.0,4.31,4.33,74,5
2025-11-16T17:00,5.9,7.3,0.0,0.0,4.74,4.61,71,0
2025-11-16T18:00,5.9,6.6,0.0,0.0,4.71,4.29,74,0
2025-11-16T19:00,5.6,6.7,0.0,0.0,4.82,4.1,32,0
2025-11-16T20:00,5.4,6.6,0.0,0.0,4.43,3.97,27,0
2025-11-16T21:00,5.2,6.7,0.0,0.0,4.38,4.68,31,17
2025-11-16T22:00,5.0,6.7,0.0,0.0,4.59,5.33,17,52
2025-11-16T23:00,5.0,6.3,0.0,0.0,4.93,5.08,18,100
2025-11-17T00:00,5.2,5.1,0.0,0.0,4.43,4.4,5,24
2025-11-17T01:00,5.1,4.7,0.0,0.0,4.08,4.34,9,63
2025-11-17T02:00,5.1,4.9,0.0,0.0,3.61,4.23,87,75
2025-11-17T03:00,5.3,5.0,0.0,0.0,3.64,4.32,100,100
2025-11-17T04:00,5.6,4.8,0.0,0.0,3.68,4.03,46,100
2025-11-17T05:00,5.7,4.8,0.0,0.0,3.61,4.24,100,99
2025-11-17T06:00,6.2,4.9,30.0,26.0,4.19,3.06,44,100
2025-11-17T07:00,7.7,5.9,144.0,121.0,4.71,3.1,12,75
2025-11-17T08:00,10.7,8.9,269.0,257.0,5.08,3.65,4,29
2025-11-17T09:00,13.0,11.5,361.0,355.0,5.16,3.89,14,100
2025-11-17T10:00,14.5,13.8,407.0,404.0,4.17,3.99,0,34
2025-11-17T11:00,15.7,15.1,400.0,402.0,3.46,4.09,2,53
2025-11-17T12:00,16.3,16.8,329.0,344.0,3.84,4.59,72,1
2025-11-17T13:00,16.3,16.8,217.0,239.0,5.46,5.66,75,10
2025-11-17T14:00,15.7,15.9,99.0,107.0,7.25,6.75,98,84
2025-11-17T15:00,14.2,14.4,12.0,12.0,8.06,7.53,3,92
2025-11-17T16:00,12.9,13.8,0.0,0.0,8.37,8.65,0,59
2025-11-17T17:00,12.3,12.8,0.0,0.0,9.36,8.87,0,100
2025-11-17T18:00,11.8,11.8,0.0,0.0,8.76,9.11,75,6
2025-11-17T19:00,11.7,11.5,0.0,0.0,9.05,8.97,55,98
2025-11-17T20:00,11.6,11.3,0.0,0.0,8.86,8.48,85,20
2025-11-17T21:00,11.5,11.1,0.0,0.0,8.19,8.27,68,87
2025-11-17T22:00,11.6,10.9,0.0,0.0,7.12,7.38,40,70
2025-11-17T23:00,11.3,10.8,0.0,0.0,7.6,7.89,44,72
2025-11-18T00:00,11.1,11.3,0.0,0.0,6.12,7.64,68,83
2025-11-18T01:00,11.2,11.7,0.0,0.0,6.44,7.2,59,74
2025-11-18T02:00,11.0,11.7,0.0,0.0,6.98,6.32,37,83
2025-11-18T03:00,11.0,11.3,0.0,0.0,6.35,6.09,29,52
2025-11-18T04:00,11.0,11.2,0.0,0.0,6.48,6.2,53,74
2025-11-18T05:00,11.0,11.2,0.0,0.0,6.37,6.72,44,69
2025-11-18T06:00,10.8,11.6,26.0,27.0,5.22,5.22,100,100
2025-11-18T07:00,11.4,12.7,113.0,130.0,5.06,5.21,100,78
2025-11-18T08:00,13.7,14.5,215.0,220.0,5.34,6.05,100,99
2025-11-18T09:00,15.9,16.5,294.0,321.0,5.62,6.2,93,100
2025-11-18T10:00,17.6,17.0,385.0,290.0,4.47,6.27,78,99
2025-11-18T11:00,18.4,16.9,336.0,242.0,3.45,6.77,76,100
2025-11-18T12:00,19.3,14.8,271.0,90.0,2.98,7.05,100,100
2025-11-18T13:00,18.2,14.1,112.0,54.0,6.28,7.39,98,100
2025-11-18T14:00,15.5,13.2,37.0,36.0,9.9,5.74,97,96
2025-11-18T15:00,13.5,12.0,4.0,5.0,5.21,6.08,100,96
2025-11-18T16:00,11.6,11.2,0.0,0.0,5.75,6.97,98,96
2025-11-18T17:00,10.1,9.2,0.0,0.0,7.18,7.8,98,97
2025-11-18T18:00,8.8,8.4,0.0,0.0,6.69,8.17,100,94
2025-11-18T19:00,8.2,7.9,0.0,0.0,6.06,7.14,97,97
2025-11-18T20:00,7.8,7.6,0.0,0.0,5.23,6.25,100,100
2025-11-18T21:00,7.4,7.3,0.0,0.0,7.14,8.59,100,100
2025-11-18T22:00,7.1,7.2,0.0,0.0,7.12,7.81,100,100
2025-11-18T23:00,6.9,7.1,0.0,0.0,6.75,9.44,100,100
2025-11-19T00:00,7.4,7.3,0.0,0.0,7.06,9.57,100,100
2025-11-19T01:00,7.5,7.6,0.0,0.0,6.82,10.88,100,100
2025-11-19T02:00,7.6,8.2,0.0,0.0,5.84,12.26,100,100
2025-11-19T03:00,7.8,9.3,0.0,0.0,4.34,9.57,100,100
2025-11-19T04:00,7.9,10.3,0.0,0.0,3.73,7.6,100,100
2025-11-19T05:00,7.6,10.4,0.0,0.0,5.2,4.16,100,100
2025-11-19T06:00,7.4,8.3,3.0,4.0,5.49,5.48,100,100
2025-11-19T07:00,7.6,7.0,19.0,17.0,2.16,6.13,100,100
2025-11-19T08:00,7.3,7.0,28.0,41.0,2.63,4.16,100,100
2025-11-19T09:00,7.0,6.9,38.0,83.0,3.82,4.65,100,100
2025-11-19T10:00,6.8,6.6,44.0,76.0,3.59,5.01,100,100
2025-11-19T11:00,7.1,6.5,76.0,63.0,2.72,4.24,100,100
2025-11-19T12:00,7.8,7.4,71.0,30.0,1.12,2.88,100,100
2025-11-19T13:00,7.9,7.3,30.0,19.0,0.9,2.69,100,100
2025-11-19T14:00,7.8,7.3,14.0,11.0,2.45,2.1,100,100
2025-11-19T15:00,7.4,7.2,1.0,1.0,3.59,2.43,100,99
2025-11-19T16:00,7.1,7.2,0.0,0.0,4.4,2.96,100,100
2025-11-19T17:00,6.9,7.2,0.0,0.0,4.31,3.77,100,100
2025-11-19T18:00,7.0,7.0,0.0,0.0,3.76,2.64,100,100
2025-11-19T19:00,7.0,7.0,0.0,0.0,5.21,2.26,100,100
2025-11-19T20:00,7.2,6.9,0.0,0.0,5.89,1.69,100,100
2025-11-19T21:00,7.5,6.9,0.0,0.0,5.98,1.39,100,100
2025-11-19T22:00,7.7,7.0,0.0,0.0,5.78,0.79,100,97
2025-11-19T23:00,7.9,7.0,0.0,0.0,6.01,1.14,100,91
2025-11-20T00:00,8.5,7.5,0.0,0.0,5.35,4.24,100,100
2025-11-20T01:00,8.7,7.7,0.0,0.0,3.61,4.03,100,100
2025-11-20T02:00,9.0,7.9,0.0,0.0,3.77,2.57,100,100
2025-11-20T03:00,9.2,8.1,0.0,0.0,4.13,1.79,95,100
2025-11-20T04:00,9.6,8.2,0.0,0.0,3.82,1.33,95,100
2025-11-20T05:00,9.9,8.2,0.0,0.0,4.12,1.32,92,100
2025-11-20T06:00,11.6,8.8,14.0,7.0,5.9,2.21,99,100
2025-11-20T07:00,12.7,9.1,72.0,38.0,5.95,3.43,94,100
2025-11-20T08:00,13.9,9.4,121.0,99.0,5.43,4.03,94,100
2025-11-20T09:00,14.8,9.9,192.0,176.0,4.69,3.26,84,100
2025-11-20T10:00,15.2,10.5,251.0,235.0,4.32,3.06,90,92
2025-11-20T11:00,15.6,11.5,294.0,239.0,2.86,3.43,100,96
2025-11-20T12:00,15.0,14.1,230.0,170.0,2.37,1.18,92,100
2025-11-20T13:00,15.0,14.5,175.0,158.0,2.04,0.75,86,98
2025-11-20T14:00,14.5,14.3,85.0,76.0,1.69,1.96,97,99
2025-11-20T15:00,13.5,13.4,9.0,7.0,2.73,3.66,100,78
2025-11-20T16:00,12.9,12.6,0.0,0.0,4.17,4.27,97,72
2025-11-20T17:00,12.7,12.3,0.0,0.0,6.1,4.61,92,65
2025-11-20T18:00,13.2,14.3,0.0,0.0,7.57,8.07,50,53
2025-11-20T19:00,13.1,14.0,0.0,0.0,8.11,8.01,34,50
2025-11-20T20:00,12.9,13.7,0.0,0.0,8.16,7.59,22,41
2025-11-20T21:00,12.6,13.2,0.0,0.0,7.75,6.99,33,22
2025-11-20T22:00,12.3,12.6,0.0,0.0,7.54,6.57,98,21
2025-11-20T23:00,12.3,12.2,0.0,0.0,7.73,5.31,83,16
2025-11-21T00:00,12.6,10.3,0.0,0.0,8.44,3.24,61,95
2025-11-21T01:00,12.7,10.0,0.0,0.0,8.96,4.46,53,100
2025-11-21T02:00,12.6,10.5,0.0,0.0,8.96,5.7,46,98
2025-11-21T03:00,12.8,11.0,0.0,0.0,9.24,6.87,46,91
2025-11-21T04:00,12.9,11.3,0.0,0.0,9.41,8.36,51,67
2025-11-21T05:00,13.0,12.6,0.0,0.0,9.91,9.41,54,59
2025-11-21T06:00,12.7,13.6,22.0,21.0,8.93,10.39,47,86
2025-11-21T07:00,13.8,15.0,123.0,111.0,9.13,10.97,46,79
2025-11-21T08:00,15.8,16.3,244.0,207.0,9.5,9.47,29,70
2025-11-21T09:00,17.3,17.5,334.0,249.0,10.0,10.66,54,76
2025-11-21T10:00,18.1,18.7,326.0,341.0,9.9,10.65,59,68
2025-11-21T11:00,18.5,19.3,299.0,337.0,10.1,10.91,19,70
2025-11-21T12:00,18.5,19.3,252.0,274.0,9.06,9.67,70,85
2025-11-21T13:00,18.1,18.9,167.0,195.0,9.8,9.79,52,90
2025-11-21T14:00,17.3,17.8,87.0,88.0,10.48,9.3,74,89
2025-11-21T15:00,16.2,16.7,8.0,9.0,11.28,9.24,82,74
2025-11-21T16:00,15.5,16.0,0.0,0.0,12.15,9.53,100,34
2025-11-21T17:00,15.1,15.6,0.0,0.0,12.3,8.46,99,100
2025-11-21T18:00,14.8,14.9,0.0,0.0,10.91,10.06,100,100
2025-11-21T19:00,14.7,14.7,0.0,0.0,9.83,8.39,100,37
2025-11-21T20:00,14.7,14.5,0.0,0.0,9.55,8.11,100,100
2025-11-21T21:00,14.6,14.3,0.0,0.0,10.43,8.38,100,100
2025-11-21T22:00,14.6,14.2,0.0,0.0,13.34,9.41,100,98
2025-11-21T23:00,14.7,14.4,0.0,0.0,13.57,10.92,100,78
2025-11-22T00:00,15.8,15.3,0.0,0.0,10.19,12.28,78,100
2025-11-22T01:00,15.2,15.6,0.0,0.0,8.63,12.99,59,100
2025-11-22T02:00,14.5,15.6,0.0,0.0,8.17,12.7,71,97
2025-11-22T03:00,14.3,15.4,0.0,0.0,9.77,12.5,54,51
2025-11-22T04:00,14.2,14.9,0.0,0.0,11.02,11.5,27,39
2025-11-22T05:00,14.2,14.6,0.0,0.0,11.27,11.02,9,32
2025-11-22T06:00,14.5,14.7,22.0,22.0,10.78,10.32,0,31
2025-11-22T07:00,15.4,15.7,130.0,126.0,10.68,8.4,0,33
2025-11-22T08:00,16.8,17.1,251.0,240.0,9.81,7.66,0,38
2025-11-22T09:00,18.3,18.3,342.0,323.0,8.43,7.06,8,49
2025-11-22T10:00,19.3,19.1,383.0,330.0,8.21,7.94,32,82
2025-11-22T11:00,19.6,19.4,368.0,281.0,7.91,7.7,39,60
2025-11-22T12:00,20.0,19.5,298.0,270.0,6.48,6.49,48,50
2025-11-22T13:00,19.8,19.1,204.0,189.0,5.65,6.1,39,54
2025-11-22T14:00,18.8,18.3,93.0,82.0,6.57,5.78,54,39
2025-11-22T15:00,17.4,17.0,7.0,9.0,7.02,6.69,11,27
2025-11-22T16:00,16.4,16.0,0.0,0.0,7.18,6.69,1,3
2025-11-22T17:00,15.6,15.2,0.0,0.0,7.25,7.16,0,2
2025-11-22T18:00,15.2,14.1,0.0,0.0,7.65,4.44,0,17
2025-11-22T19:00,14.8,13.4,0.0,0.0,8.62,4.78,0,28
2025-11-22T20:00,14.7,12.6,0.0,0.0,8.79,4.22,0,42
2025-11-22T21:00,14.4,12.3,0.0,0.0,6.87,5.11,0,100
2025-11-22T22:00,14.0,12.3,0.0,0.0,6.67,6.49,52,99
2025-11-22T23:00,13.8,11.6,0.0,0.0,6.86,6.88,42,82
2025-11-23T00:00,13.7,10.8,0.0,0.0,7.49,7.43,71,85
2025-11-23T01:00,13.9,10.5,0.0,0.0,7.81,7.64,19,96
2025-11-23T02:00,14.1,10.4,0.0,0.0,9.02,7.04,40,97
2025-11-23T03:00,14.1,10.4,0.0,0.0,8.72,6.15,88,100
2025-11-23T04:00,14.0,10.7,0.0,0.0,8.54,5.35,100,100
2025-11-23T05:00,14.0,10.7,0.0,0.0,8.31,4.42,100,100
2025-11-23T06:00,14.5,11.1,18.0,9.0,9.92,3.29,86,100
2025-11-23T07:00,15.0,10.4,111.0,37.0,9.17,5.47,73,100
2025-11-23T08:00,15.5,9.9,144.0,75.0,6.33,6.07,100,100
2025-11-23T09:00,12.9,9.8,134.0,97.0,5.88,4.38,100,100
2025-11-23T10:00,11.9,9.6,118.0,112.0,6.08,4.79,100,100
2025-11-23T11:00,11.4,9.8,110.0,128.0,5.3,4.35,100,100
2025-11-23T12:00,10.7,10.3,114.0,101.0,5.62,5.62,100,98
2025-11-23T13:00,10.6,10.0,92.0,85.0,5.41,5.54,100,100
2025-11-23T14:00,10.4,9.8,42.0,34.0,5.4,5.27,99,94
2025-11-23T15:00,10.1,9.5,5.0,4.0,5.33,5.09,90,100
2025-11-23T16:00,9.8,8.9,0.0,0.0,6.41,5.42,93,100
2025-11-23T17:00,9.5,8.3,0.0,0.0,5.49,5.54,77,99
2025-11-23T18:00,8.6,8.4,0.0,0.0,6.45,6.38,84,99
2025-11-23T19:00,8.6,7.9,0.0,0.0,6.58,8.36,86,98
2025-11-23T20:00,8.5,7.3,0.0,0.0,7.65,8.79,88,100
2025-11-23T21:00,7.8,6.8,0.0,0.0,7.85,8.4,87,99
2025-11-23T22:00,7.3,6.5,0.0,0.0,8.23,8.98,81,63
2025-11-23T23:00,6.9,6.2,0.0,0.0,8.68,9.24,84,55
2025-11-24T00:00,6.4,6.4,0.0,0.0,8.33,10.01,86,30
2025-11-24T01:00,6.2,5.8,0.0,0.0,8.04,9.78,91,18
2025-11-24T02:00,6.1,5.3,0.0,0.0,8.54,10.23,81,10
2025-11-24T03:00,5.3,4.8,0.0,0.0,9.61,10.86,37,15
2025-11-24T04:00,4.6,4.2,0.0,0.0,9.91,10.61,28,14
2025-11-24T05:00,4.0,3.6,0.0,0.0,9.72,10.3,40,17
2025-11-24T06:00,3.0,3.6,20.0,21.0,10.11,9.83,30,0
2025-11-24T07:00,3.7,4.5,126.0,131.0,8.46,9.06,28,0
2025-11-24T08:00,4.7,5.6,249.0,258.0,7.58,8.65,17,0
2025-11-24T09:00,6.1,6.9,347.0,353.0,7.26,7.9,0,0
2025-11-24T10:00,7.4,8.2,397.0,401.0,6.57,8.09,0,0
2025-11-24T11:00,8.5,9.0,391.0,396.0,5.64,8.2,0,0
2025-11-24T12:00,8.7,9.6,334.0,335.0,6.27,6.4,0,0
2025-11-24T13:00,8.9,9.6,231.0,233.0,6.27,6.63,0,0
2025-11-24T14:00,8.3,9.2,102.0,102.0,6.24,6.54,0,0
2025-11-24T15:00,6.7,7.7,8.0,9.0,6.25,7.34,0,0
2025-11-24T16:00,5.7,6.9,0.0,0.0,6.04,6.96,0,0
2025-11-24T17:00,5.2,6.4,0.0,0.0,5.75,5.9,0,0
2025-11-24T18:00,5.2,6.4,0.0,0.0,6.46,4.8,0,0
2025-11-24T19:00,5.2,6.2,0.0,0.0,7.72,5.64,0,0
2025-11-24T20:00,5.4,6.2,0.0,0.0,8.83,7.89,0,0
2025-11-24T21:00,5.4,6.4,0.0,0.0,8.77,8.79,0,0
2025-11-24T22:00,5.5,6.7,0.0,0.0,8.52,9.46,11,0
2025-11-24T23:00,5.4,6.7,0.0,0.0,8.71,8.99,23,4
2025-11-25T00:00,4.7,5.6,0.0,0.0,8.92,8.72,0,0
2025-11-25T01:00,5.0,5.9,0.0,0.0,9.41,9.15,0,0
2025-11-25T02:00,5.4,6.4,0.0,0.0,9.42,9.3,0,0
2025-11-25T03:00,5.6,7.0,0.0,0.0,9.57,9.44,0,0
2025-11-25T04:00,6.0,7.4,0.0,0.0,9.77,9.24,0,0
2025-11-25T05:00,6.5,7.5,0.0,0.0,9.91,9.31,0,0
2025-11-25T06:00,6.8,7.9,20.0,19.0,10.19,10.1,17,0
2025-11-25T07:00,8.0,9.1,126.0,128.0,9.8,10.15,60,0
2025-11-25T08:00,9.6,10.7,241.0,253.0,9.41,9.92,88,0
2025-11-25T09:00,11.3,12.5,302.0,347.0,7.15,8.01,100,0
2025-11-25T10:00,12.4,13.5,316.0,396.0,8.09,8.57,100,23
2025-11-25T11:00,13.0,14.1,280.0,380.0,8.67,8.86,100,56
2025-11-25T12:00,13.6,13.7,274.0,288.0,8.55,9.78,100,100
2025-11-25T13:00,13.0,13.2,181.0,162.0,8.45,9.42,100,100
2025-11-25T14:00,12.0,12.1,75.0,74.0,8.98,9.13,89,100
2025-11-25T15:00,10.9,10.6,8.0,6.0,9.86,10.34,100,90
2025-11-25T16:00,10.4,10.0,0.0,0.0,9.92,11.2,96,82
2025-11-25T17:00,10.2,9.7,0.0,0.0,9.67,11.68,98,96
2025-11-25T18:00,9.9,9.9,0.0,0.0,9.65,9.55,55,72
2025-11-25T19:00,9.9,9.9,0.0,0.0,9.68,10.18,11,71
2025-11-25T20:00,10.0,9.8,0.0,0.0,10.23,10.62,4,3
2025-11-25T21:00,10.1,10.0,0.0,0.0,10.71,10.62,33,2
2025-11-25T22:00,10.2,10.0,0.0,0.0,10.57,10.73,40,11
2025-11-25T23:00,10.2,10.1,0.0,0.0,10.42,11.11,73,24
2025-11-26T00:00,10.2,10.0,0.0,0.0,12.25,10.68,92,28
2025-11-26T01:00,10.3,10.0,0.0,0.0,12.37,9.86,100,26
2025-11-26T02:00,10.5,10.1,0.0,0.0,10.29,9.16,97,28
2025-11-26T03:00,10.5,10.1,0.0,0.0,8.52,9.12,100,28
2025-11-26T04:00,10.4,10.1,0.0,0.0,7.76,9.32,92,24
2025-11-26T05:00,10.3,10.2,0.0,0.0,8.34,9.61,45,29
2025-11-26T06:00,9.9,10.4,17.0,17.0,9.01,9.48,37,74
2025-11-26T07:00,10.8,11.3,109.0,115.0,9.21,10.35,45,17
2025-11-26T08:00,12.4,13.1,213.0,232.0,8.04,9.34,54,34
2025-11-26T09:00,14.2,14.8,304.0,322.0,8.43,8.96,74,34
2025-11-26T10:00,15.6,16.0,318.0,351.0,10.19,8.93,88,55
2025-11-26T11:00,16.2,16.6,293.0,351.0,9.1,9.19,41,49
2025-11-26T12:00,16.9,16.6,276.0,255.0,6.66,7.01,43,91
2025-11-26T13:00,16.7,16.3,185.0,192.0,7.45,7.04,97,67
2025-11-26T14:00,15.7,15.2,76.0,86.0,7.08,7.45,100,77
2025-11-26T15:00,14.5,14.1,6.0,7.0,7.83,7.15,94,96
2025-11-26T16:00,13.7,13.1,0.0,0.0,8.15,6.71,93,84
2025-11-26T17:00,13.3,12.6,0.0,0.0,9.05,7.33,94,73
2025-11-26T18:00,13.2,12.8,0.0,0.0,9.71,8.92,20,98
2025-11-26T19:00,13.0,12.5,0.0,0.0,9.13,8.3,100,66
2025-11-26T20:00,12.8,12.2,0.0,0.0,8.51,8.11,77,60
2025-11-26T21:00,12.5,12.0,0.0,0.0,8.61,8.25,91,66
2025-11-26T22:00,12.3,11.9,0.0,0.0,8.71,8.48,66,44
2025-11-26T23:00,12.1,11.9,0.0,0.0,8.5,8.94,87,100
2025-11-27T00:00,12.1,11.7,0.0,0.0,8.08,8.99,92,76
2025-11-27T01:00,12.0,11.7,0.0,0.0,8.34,8.83,92,73
2025-11-27T02:00,11.8,11.6,0.0,0.0,8.31,8.34,100,63
2025-11-27T03:00,11.8,11.4,0.0,0.0,8.56,8.07,94,78
2025-11-27T04:00,11.8,11.2,0.0,0.0,8.84,8.26,100,100
2025-11-27T05:00,12.0,11.5,0.0,0.0,9.22,9.51,100,100
2025-11-27T06:00,12.4,11.7,13.0,10.0,10.29,8.75,100,98
2025-11-27T07:00,13.4,12.9,62.0,78.0,10.7,9.47,100,89
2025-11-27T08:00,14.6,14.0,138.0,147.0,9.5,9.15,74,89
2025-11-27T09:00,15.7,15.2,210.0,196.0,7.56,7.97,89,88
2025-11-27T10:00,16.8,16.3,236.0,254.0,7.46,7.15,88,91
2025-11-27T11:00,17.4,16.6,230.0,269.0,7.71,6.32,75,81
2025-11-27T12:00,18.0,18.2,246.0,287.0,7.34,7.13,66,43
2025-11-27T13:00,17.7,17.8,165.0,172.0,7.5,6.76,100,65
2025-11-27T14:00,16.7,16.7,76.0,76.0,8.06,7.01,100,79
2025-11-27T15:00,15.4,15.2,6.0,6.0,9.05,7.19,96,100
2025-11-27T16:00,14.9,14.1,0.0,0.0,8.59,6.66,97,87
2025-11-27T17:00,14.5,13.2,0.0,0.0,7.7,6.49,100,82
2025-11-27T18:00,13.5,13.2,0.0,0.0,7.39,7.1,99,100
2025-11-27T19:00,13.1,12.7,0.0,0.0,7.72,6.54,100,96
2025-11-27T20:00,12.9,12.2,0.0,0.0,7.49,5.99,100,99
2025-11-27T21:00,12.6,11.7,0.0,0.0,7.07,5.0,100,100
2025-11-27T22:00,12.3,11.3,0.0,0.0,6.64,2.84,65,100
2025-11-27T23:00,11.9,10.2,0.0,0.0,6.49,0.57,39,100
2025-11-28T00:00,12.7,9.7,0.0,0.0,5.29,1.67,79,100
2025-11-28T01:00,12.0,9.5,0.0,0.0,3.27,1.31,92,100
2025-11-28T02:00,10.9,9.7,0.0,0.0,1.36,1.62,100,96
2025-11-28T03:00,9.8,9.9,0.0,0.0,0.62,3.55,100,87
2025-11-28T04:00,9.0,10.1,0.0,0.0,1.28,5.19,97,100
2025-11-28T05:00,8.4,10.1,0.0,0.0,1.47,6.32,94,100
2025-11-28T06:00,9.2,8.0,9.0,7.0,3.71,3.54,99,100
2025-11-28T07:00,10.0,9.2,60.0,53.0,3.88,5.02,100,93
2025-11-28T08:00,11.3,10.4,110.0,90.0,3.77,4.22,100,96
2025-11-28T09:00,12.2,11.2,147.0,176.0,4.63,3.59,100,100
2025-11-28T10:00,12.6,11.7,171.0,197.0,3.95,3.17,100,100
2025-11-28T11:00,12.7,12.3,136.0,219.0,4.25,3.0,100,100
2025-11-28T12:00,12.1,11.5,90.0,143.0,4.41,3.42,100,100
2025-11-28T13:00,11.9,11.2,60.0,104.0,6.59,4.3,100,100
2025-11-28T14:00,11.5,10.6,34.0,47.0,6.2,5.13,99,95
2025-11-28T15:00,11.0,9.8,3.0,4.0,7.97,6.49,100,94
2025-11-28T16:00,10.7,9.3,0.0,0.0,8.13,7.63,99,93
2025-11-28T17:00,10.7,8.9,0.0,0.0,8.13,8.39,94,94
2025-11-28T18:00,10.2,10.3,0.0,0.0,8.26,9.91,92,100
2025-11-28T19:00,10.3,10.7,0.0,0.0,8.28,10.2,93,100
2025-11-28T20:00,10.5,11.0,0.0,0.0,7.41,9.69,95,100
2025-11-28T21:00,10.6,11.2,0.0,0.0,7.11,9.83,98,100
2025-11-28T22:00,10.7,11.5,0.0,0.0,7.35,9.11,100,100
2025-11-28T23:00,11.0,11.7,0.0,0.0,7.55,9.9,100,100
2025-11-29T00:00,11.5,10.8,0.0,0.0,7.5,9.5,100,100
2025-11-29T01:00,11.8,11.1,0.0,0.0,7.07,8.68,100,100
2025-11-29T02:00,12.1,11.4,0.0,0.0,8.17,8.11,100,100
2025-11-29T03:00,12.4,11.8,0.0,0.0,8.84,8.49,100,100
2025-11-29T04:00,12.7,12.2,0.0,0.0,8.72,10.92,100,100
2025-11-29T05:00,13.0,12.3,0.0,0.0,8.93,10.77,100,100
2025-11-29T06:00,12.8,12.4,4.0,4.0,9.02,8.62,100,98
2025-11-29T07:00,13.0,12.7,20.0,45.0,8.25,9.55,100,100
2025-11-29T08:00,13.2,13.1,42.0,66.0,7.89,9.21,100,100
2025-11-29T09:00,13.4,13.3,71.0,101.0,8.13,9.19,100,100
2025-11-29T10:00,13.5,13.5,78.0,155.0,8.54,8.82,100,100
2025-11-29T11:00,13.6,13.4,67.0,125.0,8.15,9.25,100,100
2025-11-29T12:00,13.7,13.6,97.0,70.0,8.47,9.89,100,100
2025-11-29T13:00,13.5,13.3,69.0,42.0,8.94,9.93,100,100
2025-11-29T14:00,13.2,13.2,31.0,18.0,10.13,10.2,100,100
2025-11-29T15:00,13.1,13.0,2.0,2.0,10.97,11.2,100,100
2025-11-29T16:00,12.9,12.9,0.0,0.0,11.38,11.39,100,100
2025-11-29T17:00,12.7,12.9,0.0,0.0,12.74,10.91,100,100
2025-11-29T18:00,12.3,12.8,0.0,0.0,10.97,9.84,100,100
2025-11-29T19:00,12.3,12.6,0.0,0.0,10.81,8.88,100,100
2025-11-29T20:00,11.9,12.7,0.0,0.0,10.69,9.06,100,100
2025-11-29T21:00,11.7,12.7,0.0,0.0,10.83,7.19,100,100
2025-11-29T22:00,11.4,9.0,0.0,0.0,11.57,9.54,100,100
2025-11-29T23:00,11.3,8.3,0.0,0.0,11.09,8.23,100,100
2025-11-30T00:00,9.7,8.1,0.0,0.0,5.49,6.86,100,100
2025-11-30T01:00,8.0,7.7,0.0,0.0,7.74,7.64,100,100
2025-11-30T02:00,7.7,7.3,0.0,0.0,8.13,7.97,100,100
2025-11-30T03:00,7.5,7.0,0.0,0.0,6.76,8.36,100,100
2025-11-30T04:00,7.2,6.9,0.0,0.0,6.28,8.06,100,99
2025-11-30T05:00,7.1,6.8,0.0,0.0,6.69,7.75,100,89
2025-11-30T06:00,6.9,7.3,2.0,3.0,6.97,8.92,100,100
2025-11-30T07:00,6.8,7.5,15.0,19.0,7.25,9.74,100,100
2025-11-30T08:00,6.9,8.5,36.0,61.0,7.06,7.76,100,100
2025-11-30T09:00,7.0,8.9,56.0,98.0,7.25,6.72,100,100
2025-11-30T10:00,7.0,8.8,54.0,90.0,7.45,7.19,100,100
2025-11-30T11:00,7.3,8.6,59.0,89.0,7.8,7.09,100,99
2025-11-30T12:00,8.0,9.2,49.0,28.0,6.75,4.39,100,100
2025-11-30T13:00,8.1,9.0,30.0,22.0,5.79,4.43,100,100
2025-11-30T14:00,8.0,8.7,14.0,9.0,5.3,4.64,100,100
2025-11-30T15:00,7.8,8.4,1.0,1.0,5.35,4.57,100,100
2025-11-30T16:00,7.7,8.2,0.0,0.0,5.41,4.72,100,100
2025-11-30T17:00,7.6,8.0,0.0,0.0,5.48,4.5,100,100
2025-11-30T18:00,7.3,7.5,0.0,0.0,6.26,4.67,100,100
2025-11-30T19:00,7.3,7.3,0.0,0.0,6.14,4.79,100,100
2025-11-30T20:00,7.3,7.2,0.0,0.0,6.23,5.27,100,100
2025-11-30T21:00,7.3,7.0,0.0,0.0,6.07,5.54,100,100
2025-11-30T22:00,7.2,6.9,0.0,0.0,6.12,5.97,95,100
2025-11-30T23:00,6.9,6.7,0.0,0.0,6.21,5.96,92,96
2025-12-01T00:00,6.5,7.0,0.0,0.0,5.37,6.79,98,99
2025-12-01T01:00,6.4,6.9,0.0,0.0,6.1,6.65,100,99
2025-12-01T02:00,6.3,6.8,0.0,0.0,6.15,6.46,97,98
2025-12-01T03:00,6.0,6.8,0.0,0.0,6.01,6.67,97,97
2025-12-01T04:00,5.5,6.7,0.0,0.0,5.27,6.63,99,96
2025-12-01T05:00,5.1,6.7,0.0,0.0,5.09,6.44,98,96
2025-12-01T06:00,4.0,6.6,7.0,3.0,6.47,5.64,90,100
2025-12-01T07:00,4.3,6.4,64.0,28.0,5.3,4.93,86,95
2025-12-01T08:00,5.1,6.4,151.0,74.0,4.9,4.44,83,98
2025-12-01T09:00,5.8,6.8,211.0,122.0,4.9,4.35,93,94
2025-12-01T10:00,6.2,7.2,192.0,185.0,4.71,4.92,93,94
2025-12-01T11:00,6.6,7.3,193.0,205.0,4.21,4.4,95,94
2025-12-01T12:00,6.6,8.2,117.0,172.0,4.22,2.27,100,87
2025-12-01T13:00,6.7,8.3,80.0,142.0,3.14,2.45,99,81
2025-12-01T14:00,6.7,7.9,36.0,64.0,3.84,2.84,98,83
2025-12-01T15:00,6.5,7.3,3.0,4.0,3.77,3.04,95,86
2025-12-01T16:00,6.3,7.1,0.0,0.0,3.42,3.24,93,91
2025-12-01T17:00,6.3,6.8,0.0,0.0,3.28,2.77,96,90
2025-12-01T18:00,6.3,6.9,0.0,0.0,3.15,2.42,95,99
2025-12-01T19:00,6.3,6.9,0.0,0.0,2.26,2.06,99,99
2025-12-01T20:00,6.3,6.9,0.0,0.0,2.2,2.15,99,98
2025-12-01T21:00,6.3,6.8,0.0,0.0,1.64,2.37,98,96
2025-12-01T22:00,6.1,6.8,0.0,0.0,1.53,2.33,95,98
2025-12-01T23:00,6.1,6.8,0.0,0.0,1.46,2.43,97,96
2025-12-02T00:00,6.0,5.5,0.0,0.0,2.02,2.7,82,88
2025-12-02T01:00,5.6,5.4,0.0,0.0,2.14,2.94,81,92
2025-12-02T02:00,5.0,5.5,0.0,0.0,2.37,2.5,82,95
2025-12-02T03:00,4.7,5.5,0.0,0.0,2.43,2.18,87,93
2025-12-02T04:00,4.5,5.5,0.0,0.0,2.16,2.7,91,93
2025-12-02T05:00,4.6,5.5,0.0,0.0,1.87,2.37,96,85
2025-12-02T06:00,4.3,4.5,6.0,7.0,1.67,1.87,100,89
2025-12-02T07:00,4.8,5.2,58.0,67.0,1.85,2.23,99,91
2025-12-02T08:00,5.7,6.4,111.0,139.0,2.07,2.86,96,90
2025-12-02T09:00,7.2,7.7,186.0,207.0,2.15,2.16,91,88
2025-12-02T10:00,8.2,8.3,247.0,240.0,1.59,2.31,84,89
2025-12-02T11:00,8.9,8.8,281.0,254.0,1.71,2.37,75,78
2025-12-02T12:00,9.2,8.7,255.0,236.0,1.98,2.2,71,71
2025-12-02T13:00,9.0,8.8,168.0,166.0,2.16,2.11,80,75
2025-12-02T14:00,8.4,8.3,65.0,65.0,2.29,2.24,75,94
2025-12-02T15:00,7.2,7.4,5.0,4.0,2.45,1.69,84,85
2025-12-02T16:00,6.4,6.5,0.0,0.0,2.7,1.5,93,48
2025-12-02T17:00,5.8,5.6,0.0,0.0,2.75,1.5,70,52
2025-12-02T18:00,5.5,5.9,0.0,0.0,2.35,1.33,100,96
2025-12-02T19:00,5.4,5.4,0.0,0.0,2.75,1.33,100,91
2025-12-02T20:00,5.2,5.1,0.0,0.0,2.84,1.25,95,98
2025-12-02T21:00,4.8,5.2,0.0,0.0,2.75,1.39,96,100
2025-12-02T22:00,4.9,5.3,0.0,0.0,3.04,1.87,99,88
2025-12-02T23:00,4.9,5.1,0.0,0.0,4.02,2.65,95,92
2025-12-03T00:00,5.1,5.8,0.0,0.0,3.43,2.85,98,100
2025-12-03T01:00,5.0,5.8,0.0,0.0,3.92,3.44,97,99
2025-12-03T02:00,5.1,5.6,0.0,0.0,4.51,3.95,94,98
2025-12-03T03:00,5.0,5.9,0.0,0.0,5.39,5.29,99,96
2025-12-03T04:00,5.1,6.0,0.0,0.0,5.89,6.08,94,95
2025-12-03T05:00,4.8,6.0,0.0,0.0,6.1,6.76,76,100
2025-12-03T06:00,6.6,6.4,7.0,8.0,7.18,8.72,74,80
2025-12-03T07:00,7.7,7.4,76.0,75.0,7.01,8.04,80,69
2025-12-03T08:00,8.9,8.7,122.0,145.0,7.16,7.85,100,80
2025-12-03T09:00,10.3,9.7,249.0,199.0,6.18,6.72,84,98
2025-12-03T10:00,11.1,9.9,270.0,148.0,4.84,6.96,95,100
2025-12-03T11:00,11.5,10.3,151.0,114.0,5.3,6.44,100,100
2025-12-03T12:00,10.8,11.1,125.0,147.0,6.13,6.41,100,100
2025-12-03T13:00,10.5,10.6,84.0,53.0,6.57,6.06,100,100
2025-12-03T14:00,10.0,10.1,32.0,30.0,7.65,6.85,100,100
2025-12-03T15:00,9.3,9.8,3.0,3.0,7.79,7.56,100,100
2025-12-03T16:00,9.2,9.7,0.0,0.0,7.58,8.15,100,100
2025-12-03T17:00,9.1,9.7,0.0,0.0,6.89,7.75,98,100
2025-12-03T18:00,9.3,9.4,0.0,0.0,6.77,6.61,96,100
2025-12-03T19:00,9.4,9.2,0.0,0.0,6.02,6.64,93,85
2025-12-03T20:00,9.4,8.8,0.0,0.0,5.4,6.61,90,88
2025-12-03T21:00,9.0,8.6,0.0,0.0,5.28,6.44,80,92
2025-12-03T22:00,8.7,8.3,0.0,0.0,5.08,5.78,80,99
2025-12-03T23:00,8.7,7.9,0.0,0.0,4.84,4.96,88,81
2025-12-04T00:00,9.2,8.1,0.0,0.0,4.91,3.24,86,86
2025-12-04T01:00,9.1,7.9,0.0,0.0,4.82,3.03,87,86
2025-12-04T02:00,9.0,7.8,0.0,0.0,4.19,2.72,90,84
2025-12-04T03:00,9.0,7.7,0.0,0.0,3.92,2.94,88,90
2025-12-04T04:00,8.9,7.6,0.0,0.0,4.28,3.38,88,82
2025-12-04T05:00,9.0,7.5,0.0,0.0,5.08,3.85,89,72
2025-12-04T06:00,9.0,7.8,7.0,8.0,5.06,4.16,83,81
2025-12-04T07:00,10.0,9.0,63.0,67.0,4.96,4.54,80,86
2025-12-04T08:00,11.5,10.7,153.0,132.0,5.52,4.65,84,88
2025-12-04T09:00,12.6,12.0,208.0,177.0,5.48,5.4,77,86
2025-12-04T10:00,13.2,12.9,246.0,241.0,6.01,4.76,85,78
2025-12-04T11:00,13.4,13.3,241.0,236.0,6.53,5.39,85,61
2025-12-04T12:00,13.2,13.3,210.0,202.0,7.06,7.06,74,80
2025-12-04T13:00,12.9,13.0,153.0,160.0,6.91,6.94,40,86
2025-12-04T14:00,12.0,12.0,77.0,70.0,7.38,8.3,53,100
2025-12-04T15:00,11.0,11.2,5.0,4.0,8.8,9.18,55,100
2025-12-04T16:00,10.8,11.0,0.0,0.0,9.21,9.05,73,100
2025-12-04T17:00,10.8,10.9,0.0,0.0,9.58,8.88,63,100
2025-12-04T18:00,10.7,10.5,0.0,0.0,9.17,9.17,72,68
2025-12-04T19:00,10.9,10.6,0.0,0.0,9.07,9.34,70,69
2025-12-04T20:00,10.8,10.6,0.0,0.0,9.46,9.43,66,71
2025-12-04T21:00,10.8,10.6,0.0,0.0,9.86,9.69,70,84
2025-12-04T22:00,11.0,10.7,0.0,0.0,10.03,10.05,68,100
2025-12-04T23:00,11.0,11.0,0.0,0.0,10.03,10.59,67,100
2025-12-05T00:00,11.0,11.1,0.0,0.0,9.88,9.54,82,77
2025-12-05T01:00,11.2,11.1,0.0,0.0,9.48,9.11,98,89
2025-12-05T02:00,11.4,11.0,0.0,0.0,9.67,9.25,92,98
2025-12-05T03:00,11.2,11.1,0.0,0.0,10.09,10.17,92,92
2025-12-05T04:00,11.1,10.9,0.0,0.0,9.98,10.29,86,93
2025-12-05T05:00,11.0,10.9,0.0,0.0,11.09,10.88,83,100
2025-12-05T06:00,11.0,10.9,5.0,4.0,10.98,10.49,100,88
2025-12-05T07:00,11.2,11.2,43.0,40.0,10.59,11.1,100,99
2025-12-05T08:00,11.4,11.6,57.0,84.0,11.67,11.18,100,100
2025-12-05T09:00,11.9,11.6,164.0,110.0,12.37,10.65,89,100
2025-12-05T10:00,12.1,11.1,224.0,122.0,11.33,10.88,95,97
2025-12-05T11:00,11.5,10.8,176.0,147.0,11.6,11.16,98,97
2025-12-05T12:00,11.1,10.8,90.0,100.0,11.25,11.43,99,98
2025-12-05T13:00,10.5,10.4,44.0,77.0,12.03,12.1,100,98
2025-12-05T14:00,9.9,9.7,19.0,31.0,11.93,12.76,99,95
2025-12-05T15:00,9.3,9.1,1.0,2.0,12.62,12.02,99,79
2025-12-05T16:00,8.8,8.9,0.0,0.0,11.33,10.66,100,93
2025-12-05T17:00,8.9,8.9,0.0,0.0,11.09,12.52,100,98
2025-12-05T18:00,9.0,8.9,0.0,0.0,11.1,12.1,99,95
2025-12-05T19:00,8.9,8.9,0.0,0.0,11.9,12.7,99,98
2025-12-05T20:00,8.9,9.0,0.0,0.0,10.84,10.3,100,100
2025-12-05T21:00,8.7,9.1,0.0,0.0,10.99,10.63,100,100
2025-12-05T22:00,8.5,8.9,0.0,0.0,10.59,10.63,100,100
2025-12-05T23:00,8.3,8.8,0.0,0.0,11.82,10.05,100,100
2025-12-06T00:00,8.3,8.1,0.0,0.0,11.29,11.38,100,99
2025-12-06T01:00,8.3,7.9,0.0,0.0,11.55,11.62,100,98
2025-12-06T02:00,8.4,8.0,0.0,0.0,12.13,11.99,100,99
2025-12-06T03:00,8.5,8.0,0.0,0.0,12.51,11.28,100,100
2025-12-06T04:00,8.2,8.2,0.0,0.0,12.24,12.72,100,100
2025-12-06T05:00,7.8,8.1,0.0,0.0,12.13,11.94,100,100
2025-12-06T06:00,8.4,8.1,2.0,1.0,12.01,12.59,100,100
2025-12-06T07:00,8.3,7.8,17.0,15.0,11.52,12.95,100,100
2025-12-06T08:00,8.0,7.5,30.0,35.0,10.88,12.33,100,100
2025-12-06T09:00,7.9,7.7,49.0,53.0,11.09,11.95,100,100
2025-12-06T10:00,7.8,7.9,71.0,42.0,10.3,12.19,100,100
2025-12-06T11:00,7.9,7.8,62.0,46.0,10.88,12.41,100,100
2025-12-06T12:00,6.7,8.5,48.0,38.0,11.86,10.23,100,100
2025-12-06T13:00,7.1,8.4,31.0,28.0,11.86,11.53,100,100
2025-12-06T14:00,6.8,7.6,12.0,12.0,12.22,12.17,100,100
2025-12-06T15:00,6.4,6.6,1.0,1.0,11.66,9.8,100,100
2025-12-06T16:00,6.0,6.8,0.0,0.0,12.53,10.53,100,100
2025-12-06T17:00,6.0,7.0,0.0,0.0,12.66,11.3,100,100
2025-12-06T18:00,6.0,6.4,0.0,0.0,11.11,10.8,100,99
2025-12-06T19:00,5.9,6.0,0.0,0.0,11.06,10.98,100,98
2025-12-06T20:00,5.9,5.9,0.0,0.0,11.28,11.13,100,97
2025-12-06T21:00,5.9,5.8,0.0,0.0,11.39,10.52,100,97
2025-12-06T22:00,6.1,5.7,0.0,0.0,10.64,10.25,100,98
2025-12-06T23:00,6.2,5.7,0.0,0.0,9.35,10.03,99,97
2025-12-07T00:00,6.3,6.4,0.0,0.0,8.83,9.49,92,100
2025-12-07T01:00,6.5,6.5,0.0,0.0,8.34,8.76,93,98
2025-12-07T02:00,6.5,6.6,0.0,0.0,8.88,8.24,92,97
2025-12-07T03:00,6.4,6.7,0.0,0.0,8.51,7.73,99,99
2025-12-07T04:00,6.5,6.7,0.0,0.0,8.94,7.76,99,97
2025-12-07T05:00,6.5,6.6,0.0,0.0,8.96,8.28,96,96
2025-12-07T06:00,6.6,6.1,2.0,3.0,9.18,8.01,100,98
2025-12-07T07:00,6.6,6.6,18.0,31.0,8.75,8.62,100,100
2025-12-07T08:00,6.8,6.9,42.0,48.0,8.39,7.73,100,100
2025-12-07T09:00,7.1,7.1,75.0,59.0,7.49,7.04,100,100
2025-12-07T10:00,7.4,7.2,96.0,54.0,7.97,7.26,100,100
2025-12-07T11:00,7.3,7.2,62.0,49.0,8.51,7.16,100,100
2025-12-07T12:00,5.9,7.2,35.0,51.0,8.58,6.88,100,100
2025-12-07T13:00,5.9,7.2,21.0,38.0,8.74,7.06,100,100
2025-12-07T14:00,5.8,7.1,10.0,18.0,8.43,6.77,100,97
2025-12-07T15:00,5.7,6.8,1.0,2.0,8.03,6.49,100,100
2025-12-07T16:00,5.5,6.7,0.0,0.0,7.55,6.42,100,100
2025-12-07T17:00,5.4,6.5,0.0,0.0,6.85,6.37,100,100
2025-12-07T18:00,5.4,5.7,0.0,0.0,7.84,5.88,100,100
2025-12-07T19:00,5.3,5.6,0.0,0.0,8.19,5.99,100,100
2025-12-07T20:00,5.1,5.4,0.0,0.0,8.37,6.68,100,99
2025-12-07T21:00,4.9,5.3,0.0,0.0,8.4,6.82,100,99
2025-12-07T22:00,4.7,5.1,0.0,0.0,8.34,7.15,100,99
2025-12-07T23:00,4.6,5.0,0.0,0.0,8.36,7.26,100,97
2025-12-08T00:00,4.2,4.6,0.0,0.0,8.72,7.63,99,96
2025-12-08T01:00,4.0,4.5,0.0,0.0,8.44,6.79,99,99
2025-12-08T02:00,3.9,4.5,0.0,0.0,8.18,6.67,98,96
2025-12-08T03:00,3.7,4.4,0.0,0.0,8.09,6.2,98,98
2025-12-08T04:00,3.5,4.4,0.0,0.0,7.9,6.5,97,99
2025-12-08T05:00,3.4,4.3,0.0,0.0,8.08,6.49,98,99
2025-12-08T06:00,3.3,4.0,3.0,2.0,8.46,6.83,100,99
2025-12-08T07:00,3.6,4.0,34.0,29.0,8.12,6.42,100,98
2025-12-08T08:00,4.0,4.2,82.0,86.0,8.53,6.51,97,95
2025-12-08T09:00,4.3,4.6,116.0,126.0,8.33,7.32,99,98
2025-12-08T10:00,4.5,4.9,127.0,156.0,7.93,7.01,98,99
2025-12-08T11:00,5.0,5.2,148.0,162.0,7.48,6.93,91,97
2025-12-08T12:00,5.3,5.3,146.0,146.0,7.02,6.91,100,100
2025-12-08T13:00,5.1,5.3,94.0,102.0,6.99,6.41,95,94
2025-12-08T14:00,4.7,5.1,44.0,36.0,6.88,5.89,86,97
2025-12-08T15:00,4.1,4.6,3.0,2.0,6.91,6.48,83,86
2025-12-08T16:00,3.5,4.1,0.0,0.0,6.95,7.46,65,89
2025-12-08T17:00,2.9,3.6,0.0,0.0,7.1,6.76,51,90
2025-12-08T18:00,2.9,3.1,0.0,0.0,6.5,7.18,79,59
2025-12-08T19:00,2.7,2.7,0.0,0.0,6.91,7.34,92,52
2025-12-08T20:00,2.7,2.3,0.0,0.0,6.86,7.54,94,68
2025-12-08T21:00,2.7,2.1,0.0,0.0,5.96,6.96,96,58
2025-12-08T22:00,2.6,1.8,0.0,0.0,6.07,6.13,73,35
2025-12-08T23:00,2.2,1.5,0.0,0.0,6.2,5.89,70,61
2025-12-09T00:00,1.9,3.6,0.0,0.0,6.05,6.65,47,91
2025-12-09T01:00,1.7,3.7,0.0,0.0,6.22,6.18,54,98
2025-12-09T02:00,1.8,3.7,0.0,0.0,6.62,5.13,75,100
2025-12-09T03:00,2.2,3.7,0.0,0.0,5.97,5.44,80,100
2025-12-09T04:00,2.4,3.7,0.0,0.0,5.87,4.22,82,99
2025-12-09T05:00,2.5,3.8,0.0,0.0,5.69,4.65,73,99
2025-12-09T06:00,1.8,2.7,5.0,3.0,5.96,4.55,61,99
2025-12-09T07:00,2.8,3.1,59.0,35.0,5.62,4.09,88,97
2025-12-09T08:00,3.9,3.6,116.0,86.0,4.41,3.07,79,98
2025-12-09T09:00,4.9,4.4,180.0,152.0,2.94,2.86,80,91
2025-12-09T10:00,5.8,5.1,226.0,203.0,3.65,2.67,74,89
2025-12-09T11:00,6.3,5.5,223.0,191.0,3.51,3.47,76,88
2025-12-09T12:00,5.9,6.4,106.0,161.0,3.02,4.13,100,75
2025-12-09T13:00,6.1,6.3,94.0,120.0,2.04,3.59,79,74
2025-12-09T14:00,5.8,5.9,49.0,55.0,2.83,2.39,87,66
2025-12-09T15:00,5.3,5.4,3.0,3.0,2.75,2.94,86,90
2025-12-09T16:00,4.9,5.2,0.0,0.0,3.32,2.63,80,90
2025-12-09T17:00,4.9,4.9,0.0,0.0,3.2,2.5,100,71
2025-12-09T18:00,4.7,4.4,0.0,0.0,5.13,2.76,96,100
2025-12-09T19:00,4.7,4.3,0.0,0.0,5.71,2.76,98,76
2025-12-09T20:00,5.0,4.3,0.0,0.0,7.25,3.53,100,76
2025-12-09T21:00,5.0,4.3,0.0,0.0,6.3,4.35,100,86
2025-12-09T22:00,5.2,4.4,0.0,0.0,7.13,4.8,100,91
2025-12-09T23:00,5.5,4.7,0.0,0.0,7.23,6.08,100,95
2025-12-10T00:00,4.9,4.8,0.0,0.0,7.07,5.79,100,100
2025-12-10T01:00,4.9,4.7,0.0,0.0,6.96,5.93,100,100
2025-12-10T02:00,5.0,4.7,0.0,0.0,7.55,6.23,100,100
2025-12-10T03:00,5.1,4.8,0.0,0.0,7.85,6.99,100,100
2025-12-10T04:00,5.0,4.8,0.0,0.0,8.36,7.19,100,100
2025-12-10T05:00,4.9,4.8,0.0,0.0,7.36,7.33,100,100
2025-12-10T06:00,4.9,4.7,3.0,3.0,6.07,8.34,97,100
2025-12-10T07:00,5.0,5.0,40.0,34.0,5.19,7.12,99,100
2025-12-10T08:00,5.3,5.3,70.0,78.0,4.97,4.9,100,100
2025-12-10T09:00,5.9,5.6,100.0,113.0,4.81,4.15,100,100
2025-12-10T10:00,6.6,6.0,114.0,129.0,4.25,3.51,100,100
2025-12-10T11:00,7.3,6.6,148.0,137.0,4.37,2.89,100,100
2025-12-10T12:00,7.5,7.0,178.0,145.0,4.16,3.34,98,100
2025-12-10T13:00,7.7,7.1,112.0,110.0,3.2,3.13,99,100
2025-12-10T14:00,7.4,6.9,50.0,49.0,3.46,3.41,99,100
2025-12-10T15:00,6.9,6.3,3.0,3.0,3.43,4.0,95,100
2025-12-10T16:00,6.5,5.9,0.0,0.0,2.82,4.21,100,98
2025-12-10T17:00,5.9,5.8,0.0,0.0,2.8,3.53,88,95
2025-12-10T18:00,5.3,6.4,0.0,0.0,2.07,2.98,89,96
2025-12-10T19:00,5.2,6.4,0.0,0.0,2.08,3.26,100,96
2025-12-10T20:00,5.1,6.4,0.0,0.0,2.91,3.08,95,98
2025-12-10T21:00,5.2,6.6,0.0,0.0,2.01,3.47,92,95
2025-12-10T22:00,5.2,6.5,0.0,0.0,3.05,3.4,94,97
2025-12-10T23:00,5.2,6.5,0.0,0.0,1.96,3.26,96,98
2025-12-11T00:00,4.7,6.0,0.0,0.0,1.12,2.24,91,89
2025-12-11T01:00,4.7,5.8,0.0,0.0,0.89,2.02,77,83
2025-12-11T02:00,4.6,5.5,0.0,0.0,0.31,1.47,86,85
2025-12-11T03:00,4.4,5.3,0.0,0.0,1.18,1.01,88,85
2025-12-11T04:00,4.3,5.1,0.0,0.0,1.5,0.53,79,84
2025-12-11T05:00,4.0,4.7,0.0,0.0,2.07,1.06,96,98
2025-12-11T06:00,4.3,5.6,4.0,3.0,2.97,1.47,81,95
2025-12-11T07:00,4.7,6.2,58.0,48.0,3.23,2.37,87,88
2025-12-11T08:00,6.2,7.3,148.0,108.0,3.69,2.37,80,90
2025-12-11T09:00,7.7,8.3,195.0,130.0,3.15,2.02,90,84
2025-12-11T10:00,8.7,9.2,210.0,166.0,2.7,1.85,92,96
2025-12-11T11:00,9.4,9.6,194.0,144.0,1.82,0.9,92,75
2025-12-11T12:00,10.1,10.1,195.0,175.0,1.64,1.53,71,77
2025-12-11T13:00,10.2,10.1,140.0,115.0,1.4,1.85,92,89
2025-12-11T14:00,9.6,9.6,45.0,42.0,1.89,1.5,92,83
2025-12-11T15:00,9.0,9.0,3.0,3.0,2.29,2.36,88,80
2025-12-11T16:00,8.6,8.6,0.0,0.0,2.15,2.32,90,84
2025-12-11T17:00,8.3,8.5,0.0,0.0,1.58,2.36,83,85
2025-12-11T18:00,7.7,6.9,0.0,0.0,1.08,3.29,70,37
2025-12-11T19:00,6.8,6.7,0.0,0.0,1.88,3.77,66,7
2025-12-11T20:00,5.9,6.1,0.0,0.0,3.0,3.94,80,2
2025-12-11T21:00,5.4,5.7,0.0,0.0,3.7,4.28,64,20
2025-12-11T22:00,5.0,5.3,0.0,0.0,4.02,4.22,67,38
2025-12-11T23:00,4.9,5.0,0.0,0.0,4.65,4.86,92,75
2025-12-12T00:00,4.5,5.1,0.0,0.0,4.98,4.37,96,36
2025-12-12T01:00,4.4,4.8,0.0,0.0,4.58,4.51,100,83
2025-12-12T02:00,4.4,4.8,0.0,0.0,4.03,4.23,100,90
2025-12-12T03:00,4.6,5.2,0.0,0.0,4.51,4.37,100,99
2025-12-12T04:00,4.8,5.3,0.0,0.0,4.69,4.44,93,100
2025-12-12T05:00,4.9,5.3,0.0,0.0,4.21,4.57,95,100
2025-12-12T06:00,4.6,5.3,2.0,1.0,4.54,3.49,100,100
2025-12-12T07:00,4.9,5.4,36.0,21.0,4.98,4.49,100,100
2025-12-12T08:00,5.7,5.8,86.0,38.0,5.06,4.16,100,99
2025-12-12T09:00,6.5,6.3,134.0,63.0,4.78,4.37,100,100
2025-12-12T10:00,7.4,6.8,176.0,65.0,4.87,5.55,99,96
2025-12-12T11:00,8.0,7.4,171.0,100.0,5.27,4.95,97,96
2025-12-12T12:00,8.0,8.9,90.0,159.0,5.14,4.87,97,84
2025-12-12T13:00,8.2,9.0,74.0,112.0,5.49,5.23,100,92
2025-12-12T14:00,8.0,8.8,25.0,43.0,6.09,5.74,96,90
2025-12-12T15:00,7.5,8.1,2.0,3.0,6.15,6.03,89,86
2025-12-12T16:00,6.9,7.6,0.0,0.0,6.35,5.39,83,75
2025-12-12T17:00,6.3,7.1,0.0,0.0,7.25,5.97,83,65
2025-12-12T18:00,6.3,6.2,0.0,0.0,7.23,7.15,73,98
2025-12-12T19:00,5.4,5.8,0.0,0.0,6.4,7.4,94,99
2025-12-12T20:00,5.2,5.4,0.0,0.0,6.49,7.02,98,100
2025-12-12T21:00,5.0,5.5,0.0,0.0,6.75,7.43,98,98
2025-12-12T22:00,4.7,5.4,0.0,0.0,6.92,7.8,100,98
2025-12-12T23:00,4.5,5.2,0.0,0.0,6.57,7.06,100,97
2025-12-13T00:00,4.6,5.1,0.0,0.0,6.91,7.43,98,97
2025-12-13T01:00,4.6,4.9,0.0,0.0,7.03,7.51,97,100
2025-12-13T02:00,4.5,4.9,0.0,0.0,7.91,6.94,97,98
2025-12-13T03:00,4.6,4.8,0.0,0.0,7.31,6.46,95,99
2025-12-13T04:00,4.3,4.6,0.0,0.0,5.97,6.04,99,99
2025-12-13T05:00,4.2,4.6,0.0,0.0,7.36,5.53,99,100
2025-12-13T06:00,4.2,4.6,2.0,2.0,7.36,6.49,98,95
2025-12-13T07:00,4.5,5.0,37.0,28.0,7.51,6.45,93,99
2025-12-13T08:00,5.2,5.4,106.0,71.0,6.33,5.71,94,96
2025-12-13T09:00,6.0,6.3,185.0,156.0,5.08,4.91,83,87
2025-12-13T10:00,7.3,7.1,282.0,210.0,4.65,4.52,49,92
2025-12-13T11:00,8.5,7.7,296.0,206.0,5.18,4.45,57,88
2025-12-13T12:00,9.0,8.9,233.0,250.0,5.69,4.88,63,63
2025-12-13T13:00,8.9,8.7,157.0,152.0,5.62,4.54,50,57
2025-12-13T14:00,8.1,8.0,68.0,69.0,4.74,4.38,48,53
2025-12-13T15:00,6.9,6.8,4.0,5.0,4.9,4.41,53,32
2025-12-13T16:00,6.2,5.8,0.0,0.0,3.35,3.74,53,46
2025-12-13T17:00,5.6,5.1,0.0,0.0,1.68,2.76,42,35
2025-12-13T18:00,4.9,4.4,0.0,0.0,2.46,2.31,46,27
2025-12-13T19:00,4.3,3.5,0.0,0.0,1.75,1.9,60,30
2025-12-13T20:00,3.7,2.8,0.0,0.0,1.33,1.18,58,32
2025-12-13T21:00,3.1,2.7,0.0,0.0,1.28,0.49,58,31
2025-12-13T22:00,2.7,3.0,0.0,0.0,1.19,0.89,54,20
2025-12-13T23:00,2.7,3.2,0.0,0.0,1.33,1.33,52,30
2025-12-14T00:00,3.4,3.3,0.0,0.0,2.26,2.63,45,33
2025-12-14T01:00,3.3,2.7,0.0,0.0,2.16,3.26,30,55
2025-12-14T02:00,2.5,2.4,0.0,0.0,2.51,3.54,39,68
2025-12-14T03:00,2.8,2.4,0.0,0.0,2.5,3.77,51,68
2025-12-14T04:00,2.8,2.2,0.0,0.0,2.77,3.42,58,88
2025-12-14T05:00,2.3,1.4,0.0,0.0,3.1,3.41,56,100
2025-12-14T06:00,2.7,2.1,2.0,3.0,3.35,4.3,100,100
2025-12-14T07:00,3.0,2.3,32.0,43.0,4.13,4.65,100,100
2025-12-14T08:00,3.0,3.2,64.0,102.0,4.16,4.99,100,100
2025-12-14T09:00,3.8,3.9,91.0,145.0,4.46,4.71,99,100
2025-12-14T10:00,4.2,3.8,129.0,133.0,7.18,6.58,99,100
2025-12-14T11:00,3.4,3.8,101.0,77.0,6.87,6.28,100,100
2025-12-14T12:00,3.3,5.9,79.0,206.0,6.62,5.79,100,79
2025-12-14T13:00,2.8,5.1,51.0,104.0,6.54,6.27,100,90
2025-12-14T14:00,2.9,3.7,19.0,35.0,6.47,6.97,100,100
2025-12-14T15:00,3.1,2.8,1.0,1.0,5.9,6.25,89,100
2025-12-14T16:00,2.9,2.9,0.0,0.0,5.57,6.12,66,85
2025-12-14T17:00,2.9,2.9,0.0,0.0,5.93,5.71,89,80
2025-12-14T18:00,3.0,2.9,0.0,0.0,6.23,6.33,90,94
2025-12-14T19:00,3.0,3.0,0.0,0.0,7.14,6.52,87,95
2025-12-14T20:00,2.8,2.9,0.0,0.0,7.89,7.1,79,94
2025-12-14T21:00,2.6,2.6,0.0,0.0,7.8,7.54,75,65
2025-12-14T22:00,2.3,2.2,0.0,0.0,7.51,7.98,81,82
2025-12-14T23:00,2.1,2.0,0.0,0.0,7.1,7.69,82,76
2025-12-15T00:00,2.3,1.9,0.0,0.0,6.52,6.76,83,85
2025-12-15T01:00,2.1,1.7,0.0,0.0,6.37,6.7,68,79
2025-12-15T02:00,2.0,1.6,0.0,0.0,6.41,6.96,69,75
2025-12-15T03:00,1.6,1.5,0.0,0.0,6.41,7.08,76,66
2025-12-15T04:00,1.5,1.3,0.0,0.0,6.49,7.21,78,66
2025-12-15T05:00,1.3,1.0,0.0,0.0,6.41,7.0,79,67
2025-12-15T06:00,1.2,0.6,3.0,3.0,6.62,5.75,84,89
2025-12-15T07:00,1.7,1.1,54.0,60.0,6.76,6.09,87,82
2025-12-15T08:00,2.5,2.3,129.0,165.0,5.33,6.14,90,71
2025-12-15T09:00,3.4,3.3,202.0,238.0,4.68,5.11,91,66
2025-12-15T10:00,4.3,4.2,271.0,268.0,4.48,4.47,79,66
2025-12-15T11:00,5.2,5.3,287.0,301.0,4.62,3.92,90,84
2025-12-15T12:00,4.9,5.5,158.0,237.0,4.72,4.52,100,78
2025-12-15T13:00,5.2,5.8,146.0,175.0,3.94,4.21,90,48
2025-12-15T14:00,4.8,5.2,67.0,75.0,4.41,4.63,99,22
2025-12-15T15:00,4.0,4.1,4.0,5.0,6.02,5.4,100,37
2025-12-15T16:00,3.6,3.3,0.0,0.0,5.88,5.13,90,34
2025-12-15T17:00,3.3,2.7,0.0,0.0,6.27,5.92,79,35
2025-12-15T18:00,3.2,3.1,0.0,0.0,6.86,6.29,99,100
2025-12-15T19:00,3.0,2.9,0.0,0.0,7.15,6.88,97,86
2025-12-15T20:00,2.9,2.4,0.0,0.0,7.27,6.91,85,91
2025-12-15T21:00,2.6,1.8,0.0,0.0,7.57,6.68,81,68
2025-12-15T22:00,2.3,1.4,0.0,0.0,7.69,6.41,80,61
2025-12-15T23:00,1.9,1.1,0.0,0.0,7.49,6.2,89,53
2025-12-16T00:00,1.8,1.6,0.0,0.0,7.62,5.82,92,66
2025-12-16T01:00,1.6,1.4,0.0,0.0,7.51,6.59,94,60
2025-12-16T02:00,1.3,1.3,0.0,0.0,7.08,5.96,86,54
2025-12-16T03:00,1.2,1.1,0.0,0.0,5.42,5.74,94,39
2025-12-16T04:00,1.0,0.9,0.0,0.0,4.78,4.68,96,31
2025-12-16T05:00,0.7,1.0,0.0,0.0,3.94,3.88,99,4
2025-12-16T06:00,0.7,1.0,2.0,2.0,5.27,5.28,89,76
2025-12-16T07:00,0.7,1.2,40.0,50.0,4.16,5.44,87,72
2025-12-16T08:00,1.2,1.8,115.0,125.0,3.96,3.89,79,84
2025-12-16T09:00,2.0,2.2,189.0,167.0,2.98,2.23,73,91
2025-12-16T10:00,2.9,3.0,241.0,221.0,2.37,1.93,66,83
2025-12-16T11:00,3.9,3.6,281.0,237.0,1.82,1.47,34,81
2025-12-16T12:00,4.7,4.6,254.0,224.0,2.01,0.63,15,59
2025-12-16T13:00,4.8,4.8,185.0,165.0,1.67,0.62,0,33
2025-12-16T14:00,4.3,4.4,75.0,69.0,1.41,0.1,0,42
2025-12-16T15:00,2.8,3.3,5.0,4.0,1.67,1.27,13,13
2025-12-16T16:00,1.8,2.5,0.0,0.0,1.39,1.87,14,0
2025-12-16T17:00,1.3,1.9,0.0,0.0,2.05,2.42,7,2
2025-12-16T18:00,0.6,1.2,0.0,0.0,0.49,2.07,16,4
2025-12-16T19:00,0.5,0.8,0.0,0.0,1.74,1.83,0,16
2025-12-16T20:00,0.6,0.4,0.0,0.0,3.12,1.75,8,40
2025-12-16T21:00,1.0,0.3,0.0,0.0,3.33,2.23,1,52
2025-12-16T22:00,1.5,0.5,0.0,0.0,3.7,3.95,0,37
2025-12-16T23:00,1.9,1.0,0.0,0.0,4.12,4.0,0,22
2025-12-17T00:00,1.1,1.8,0.0,0.0,2.48,1.97,14,35
2025-12-17T01:00,0.7,1.0,0.0,0.0,2.15,2.3,29,46
2025-12-17T02:00,0.8,1.4,0.0,0.0,2.31,4.02,25,38
2025-12-17T03:00,0.8,1.7,0.0,0.0,3.52,3.95,19,34
2025-12-17T04:00,1.2,2.2,0.0,0.0,3.71,4.32,14,47
2025-12-17T05:00,1.7,2.4,0.0,0.0,3.98,4.71,31,46
2025-12-17T06:00,2.0,1.4,3.0,3.0,4.31,4.48,37,0
2025-12-17T07:00,2.6,1.9,68.0,69.0,5.12,4.4,8,0
2025-12-17T08:00,4.1,3.2,177.0,178.0,6.3,4.5,11,1
2025-12-17T09:00,6.1,5.0,267.0,267.0,6.77,4.38,15,21
2025-12-17T10:00,7.5,6.6,302.0,314.0,6.47,4.6,49,26
2025-12-17T11:00,8.7,7.9,269.0,316.0,4.21,4.63,62,39
2025-12-17T12:00,9.5,9.7,217.0,269.0,4.51,5.0,64,40
2025-12-17T13:00,9.4,9.5,126.0,150.0,5.65,5.63,79,76
2025-12-17T14:00,8.6,8.7,46.0,52.0,6.25,6.41,59,63
2025-12-17T15:00,7.4,7.8,3.0,3.0,6.21,6.96,58,40
2025-12-17T16:00,6.6,6.7,0.0,0.0,6.33,6.14,40,32
2025-12-17T17:00,5.9,5.5,0.0,0.0,6.04,5.9,18,31
2025-12-17T18:00,4.9,2.6,0.0,0.0,5.4,3.75,2,58
2025-12-17T19:00,4.2,2.2,0.0,0.0,5.04,3.82,32,73
2025-12-17T20:00,3.5,1.8,0.0,0.0,4.35,4.24,21,98
2025-12-17T21:00,2.7,1.6,0.0,0.0,3.46,4.29,68,100
2025-12-17T22:00,2.3,1.3,0.0,0.0,4.04,4.17,99,100
2025-12-17T23:00,2.2,1.2,0.0,0.0,3.5,4.5,100,100
2025-12-18T00:00,1.6,1.3,0.0,0.0,4.02,4.06,100,100
2025-12-18T01:00,1.4,1.1,0.0,0.0,4.37,3.92,100,100
2025-12-18T02:00,1.3,1.0,0.0,0.0,4.5,4.4,100,100
2025-12-18T03:00,1.1,0.9,0.0,0.0,5.01,4.73,100,100
2025-12-18T04:00,0.7,0.7,0.0,0.0,4.43,5.0,100,100
2025-12-18T05:00,0.5,0.5,0.0,0.0,4.51,4.71,100,98
2025-12-18T06:00,-0.0,0.1,2.0,2.0,5.49,6.18,83,69
2025-12-18T07:00,0.5,0.4,45.0,50.0,5.69,6.42,75,74
2025-12-18T08:00,1.2,1.1,119.0,127.0,5.43,5.71,70,88
2025-12-18T09:00,2.2,2.0,187.0,201.0,5.01,5.02,72,79
2025-12-18T10:00,3.3,3.2,254.0,266.0,5.07,4.71,63,83
2025-12-18T11:00,4.3,4.2,276.0,285.0,5.19,4.62,47,100
2025-12-18T12:00,4.8,4.8,250.0,245.0,5.02,4.31,71,74
2025-12-18T13:00,5.0,5.0,161.0,173.0,5.27,4.06,100,43
2025-12-18T14:00,4.4,4.5,68.0,72.0,6.01,4.86,100,14
2025-12-18T15:00,3.6,3.7,4.0,5.0,6.32,5.53,100,62
2025-12-18T16:00,3.0,3.2,0.0,0.0,6.27,6.14,100,58
2025-12-18T17:00,2.7,2.8,0.0,0.0,6.44,5.75,100,16
2025-12-18T18:00,2.3,2.7,0.0,0.0,6.23,5.26,100,7
2025-12-18T19:00,2.4,2.5,0.0,0.0,6.33,5.43,100,9
2025-12-18T20:00,2.2,2.3,0.0,0.0,6.14,5.4,100,36
2025-12-18T21:00,2.2,2.3,0.0,0.0,6.14,5.03,100,31
2025-12-18T22:00,2.1,2.1,0.0,0.0,5.87,4.78,100,43
2025-12-18T23:00,2.0,2.1,0.0,0.0,5.33,4.65,51,43
2025-12-19T00:00,1.3,2.0,0.0,0.0,5.06,5.57,91,38
2025-12-19T01:00,1.1,1.8,0.0,0.0,4.88,5.16,100,21
2025-12-19T02:00,1.0,1.4,0.0,0.0,4.52,4.78,100,30
2025-12-19T03:00,0.9,1.2,0.0,0.0,3.95,4.02,100,23
2025-12-19T04:00,0.8,1.0,0.0,0.0,3.61,3.15,100,16
2025-12-19T05:00,0.6,0.8,0.0,0.0,3.27,2.73,87,38
2025-12-19T06:00,0.1,1.1,2.0,3.0,3.7,2.24,42,100
2025-12-19T07:00,0.5,1.6,63.0,59.0,3.34,1.96,41,88
2025-12-19T08:00,2.0,3.2,166.0,153.0,3.33,1.71,41,83
2025-12-19T09:00,3.8,5.3,257.0,230.0,2.77,1.66,15,55
2025-12-19T10:00,5.2,7.2,312.0,295.0,1.67,1.67,26,25
2025-12-19T11:00,6.0,8.3,309.0,317.0,1.38,0.31,37,5
2025-12-19T12:00,7.9,8.1,271.0,256.0,1.59,1.2,16,40
2025-12-19T13:00,8.0,8.1,185.0,184.0,1.47,0.96,20,2
2025-12-19T14:00,7.1,7.4,77.0,76.0,1.71,1.19,0,48
2025-12-19T15:00,5.6,6.2,5.0,5.0,1.8,1.67,19,56
2025-12-19T16:00,4.5,5.2,0.0,0.0,2.33,2.02,23,51
2025-12-19T17:00,3.5,4.2,0.0,0.0,3.2,2.6,53,46
2025-12-19T18:00,2.6,2.7,0.0,0.0,3.59,3.44,47,60
2025-12-19T19:00,1.9,2.3,0.0,0.0,3.83,3.95,44,54
2025-12-19T20:00,1.5,2.3,0.0,0.0,3.65,4.56,38,71
2025-12-19T21:00,1.3,2.5,0.0,0.0,3.68,4.91,25,84
2025-12-19T22:00,0.9,2.7,0.0,0.0,4.4,5.08,32,87
2025-12-19T23:00,1.0,3.0,0.0,0.0,5.83,5.06,30,96
2025-12-20T00:00,1.7,2.7,0.0,0.0,4.52,5.14,95,92
2025-12-20T01:00,2.5,3.1,0.0,0.0,5.28,5.11,94,94
2025-12-20T02:00,3.1,3.5,0.0,0.0,6.05,5.52,96,96
2025-12-20T03:00,3.5,4.0,0.0,0.0,5.65,5.45,88,95
2025-12-20T04:00,3.4,4.2,0.0,0.0,5.13,5.76,88,95
2025-12-20T05:00,3.4,4.5,0.0,0.0,4.88,6.75,93,93
2025-12-20T06:00,3.3,3.1,2.0,1.0,4.12,6.45,83,94
2025-12-20T07:00,3.7,3.9,41.0,34.0,5.63,5.61,78,94
2025-12-20T08:00,4.9,5.2,110.0,95.0,6.62,5.18,84,87
2025-12-20T09:00,5.9,6.7,148.0,169.0,5.97,5.44,82,85
2025-12-20T10:00,6.8,7.7,197.0,203.0,3.41,4.43,83,89
2025-12-20T11:00,7.0,8.2,149.0,185.0,3.26,4.24,92,82
2025-12-20T12:00,5.2,7.2,110.0,179.0,4.58,5.66,95,81
2025-12-20T13:00,5.0,6.8,92.0,117.0,4.99,5.68,91,96
2025-12-20T14:00,4.4,6.2,48.0,45.0,5.23,6.2,83,91
2025-12-20T15:00,3.7,5.4,3.0,3.0,4.88,6.17,95,94
2025-12-20T16:00,3.5,5.1,0.0,0.0,4.37,6.2,91,95
2025-12-20T17:00,3.2,4.9,0.0,0.0,3.89,6.77,88,95
2025-12-20T18:00,3.5,3.8,0.0,0.0,3.57,6.98,96,91
2025-12-20T19:00,3.5,3.8,0.0,0.0,3.26,6.85,96,92
2025-12-20T20:00,3.4,3.9,0.0,0.0,3.1,6.31,95,98
2025-12-20T21:00,3.4,4.1,0.0,0.0,3.65,5.41,92,100
2025-12-20T22:00,3.4,4.3,0.0,0.0,4.41,4.58,92,100
2025-12-20T23:00,3.4,4.4,0.0,0.0,3.8,4.71,94,100
2025-12-21T00:00,1.9,5.4,0.0,0.0,3.59,6.46,95,94
2025-12-21T01:00,2.0,5.5,0.0,0.0,3.99,6.1,99,98
2025-12-21T02:00,2.4,5.6,0.0,0.0,4.52,6.24,100,99
2025-12-21T03:00,2.6,5.8,0.0,0.0,4.34,6.65,100,99
2025-12-21T04:00,2.7,5.8,0.0,0.0,4.5,5.0,97,98
2025-12-21T05:00,2.5,5.8,0.0,0.0,3.95,3.92,94,99
2025-12-21T06:00,3.0,4.5,1.0,1.0,3.04,3.26,97,97
2025-12-21T07:00,3.4,4.9,37.0,34.0,2.46,3.08,95,94
2025-12-21T08:00,4.3,5.7,100.0,84.0,2.54,3.5,94,97
2025-12-21T09:00,5.2,6.8,172.0,122.0,3.15,2.9,95,97
2025-12-21T10:00,5.5,7.4,178.0,115.0,3.4,1.77,98,99
2025-12-21T11:00,6.0,7.9,191.0,103.0,3.76,2.37,96,100
2025-12-21T12:00,5.3,6.7,137.0,98.0,3.95,2.67,99,98
2025-12-21T13:00,5.2,6.8,84.0,72.0,4.08,2.24,98,95
2025-12-21T14:00,4.8,6.5,34.0,37.0,4.22,2.45,95,94
2025-12-21T15:00,4.5,5.9,3.0,3.0,4.6,2.52,94,98
2025-12-21T16:00,4.2,5.4,0.0,0.0,4.56,2.4,93,98
2025-12-21T17:00,4.0,5.2,0.0,0.0,4.56,2.47,93,98
2025-12-21T18:00,3.8,4.4,0.0,0.0,4.43,3.14,96,98
2025-12-21T19:00,3.6,4.2,0.0,0.0,5.01,3.57,95,97
2025-12-21T20:00,3.5,4.1,0.0,0.0,5.61,4.55,96,95
2025-12-21T21:00,3.5,4.2,0.0,0.0,6.36,5.16,97,93
2025-12-21T22:00,3.5,4.0,0.0,0.0,6.73,5.11,98,90
2025-12-21T23:00,3.3,3.7,0.0,0.0,6.54,4.61,95,95
2025-12-22T00:00,3.3,3.7,0.0,0.0,5.08,4.43,94,100
2025-12-22T01:00,2.9,3.6,0.0,0.0,5.31,4.08,96,100
2025-12-22T02:00,2.6,3.3,0.0,0.0,5.53,3.97,97,100
2025-12-22T03:00,2.2,2.9,0.0,0.0,5.08,4.09,98,100
2025-12-22T04:00,2.1,2.5,0.0,0.0,4.51,3.68,99,100
2025-12-22T05:00,1.9,2.3,0.0,0.0,4.56,3.07,100,100
2025-12-22T06:00,1.4,3.4,1.0,1.0,3.84,3.83,100,99
2025-12-22T07:00,1.8,3.6,18.0,24.0,3.47,2.94,100,98
2025-12-22T08:00,2.2,3.9,43.0,61.0,2.88,2.4,100,98
2025-12-22T09:00,2.6,4.3,66.0,97.0,2.11,2.07,100,95
2025-12-22T10:00,2.9,4.5,64.0,107.0,2.06,1.76,100,96
2025-12-22T11:00,2.8,4.8,63.0,101.0,2.46,1.57,100,96
2025-12-22T12:00,3.3,3.6,57.0,72.0,2.29,2.91,100,100
2025-12-22T13:00,3.4,3.7,39.0,44.0,2.67,3.89,100,100
2025-12-22T14:00,3.4,3.9,18.0,21.0,3.14,4.23,100,100
2025-12-22T15:00,3.2,3.8,2.0,2.0,3.67,4.37,100,100
2025-12-22T16:00,3.2,3.7,0.0,0.0,3.4,3.76,100,100
2025-12-22T17:00,3.3,3.7,0.0,0.0,3.43,3.35,100,100
2025-12-22T18:00,3.3,3.0,0.0,0.0,4.13,2.2,100,100
2025-12-22T19:00,3.4,3.0,0.0,0.0,3.9,2.19,100,100
2025-12-22T20:00,3.4,3.1,0.0,0.0,3.51,2.1,100,100
2025-12-22T21:00,3.4,3.0,0.0,0.0,3.2,1.55,100,100
2025-12-22T22:00,3.4,3.1,0.0,0.0,2.51,1.52,100,100
2025-12-22T23:00,3.4,3.1,0.0,0.0,2.37,1.88,100,100
2025-12-23T00:00,3.2,2.9,0.0,0.0,3.82,2.08,100,100
2025-12-23T01:00,3.2,2.9,0.0,0.0,2.53,1.84,100,99
2025-12-23T02:00,3.2,2.8,0.0,0.0,2.07,1.94,100,100
2025-12-23T03:00,3.2,2.9,0.0,0.0,2.28,2.18,100,100
2025-12-23T04:00,3.3,3.0,0.0,0.0,1.63,2.54,100,100
2025-12-23T05:00,3.2,3.2,0.0,0.0,1.96,2.86,100,100
2025-12-23T06:00,2.9,3.1,1.0,1.0,1.77,1.98,100,99
2025-12-23T07:00,3.3,3.3,21.0,25.0,1.93,2.08,100,96
2025-12-23T08:00,3.8,3.8,52.0,57.0,1.25,2.51,100,100
2025-12-23T09:00,4.3,4.4,72.0,69.0,0.6,2.43,100,99
2025-12-23T10:00,4.6,5.0,88.0,130.0,1.01,1.64,100,93
2025-12-23T11:00,5.0,5.4,112.0,143.0,1.15,1.97,100,100
2025-12-23T12:00,4.9,5.5,79.0,81.0,1.82,2.96,98,100
2025-12-23T13:00,5.0,5.4,57.0,50.0,2.2,3.41,97,100
2025-12-23T14:00,4.8,5.0,32.0,24.0,2.82,4.06,96,98
2025-12-23T15:00,4.1,4.6,3.0,2.0,3.8,3.51,95,99
2025-12-23T16:00,3.8,4.4,0.0,0.0,4.52,3.68,99,100
2025-12-23T17:00,3.7,4.2,0.0,0.0,3.92,4.61,99,96
2025-12-23T18:00,3.9,4.3,0.0,0.0,1.39,4.73,96,92
2025-12-23T19:00,3.7,4.1,0.0,0.0,1.33,3.86,94,95
2025-12-23T20:00,3.4,4.1,0.0,0.0,1.62,2.8,92,94
2025-12-23T21:00,3.0,4.1,0.0,0.0,1.33,2.57,96,91
2025-12-23T22:00,2.8,3.9,0.0,0.0,1.15,3.47,96,92
2025-12-23T23:00,2.5,3.9,0.0,0.0,1.0,3.88,96,88
2025-12-24T00:00,3.6,4.0,0.0,0.0,3.91,4.05,93,100
2025-12-24T01:00,3.3,4.1,0.0,0.0,4.77,4.03,97,99
2025-12-24T02:00,3.3,4.3,0.0,0.0,6.01,5.42,93,100
2025-12-24T03:00,3.3,4.5,0.0,0.0,6.42,6.69,98,97
2025-12-24T04:00,3.5,4.7,0.0,0.0,7.11,7.5,98,100
2025-12-24T05:00,3.6,4.8,0.0,0.0,5.92,8.12,100,100
2025-12-24T06:00,3.8,4.0,1.0,1.0,9.17,6.39,93,98
2025-12-24T07:00,4.5,4.3,37.0,23.0,9.61,8.78,89,100
2025-12-24T08:00,5.4,4.5,87.0,45.0,9.32,8.9,95,100
2025-12-24T09:00,6.3,4.8,156.0,58.0,9.72,9.15,92,100
2025-12-24T10:00,6.9,5.1,222.0,64.0,8.11,9.82,85,100
2025-12-24T11:00,7.0,5.2,224.0,59.0,7.78,10.84,92,100
2025-12-24T12:00,7.1,5.5,130.0,88.0,6.49,11.88,100,100
2025-12-24T13:00,7.1,5.1,88.0,53.0,8.53,14.17,100,100
2025-12-24T14:00,6.9,4.7,34.0,23.0,9.73,13.21,100,100
2025-12-24T15:00,6.4,4.3,2.0,2.0,11.81,12.64,100,100
2025-12-24T16:00,6.0,4.1,0.0,0.0,12.6,13.32,100,100
2025-12-24T17:00,5.7,3.8,0.0,0.0,13.11,14.38,100,100
2025-12-24T18:00,5.0,4.6,0.0,0.0,15.16,14.31,100,100
2025-12-24T19:00,4.8,4.3,0.0,0.0,15.65,14.52,100,100
2025-12-24T20:00,4.8,4.1,0.0,0.0,15.75,15.6,100,100
2025-12-24T21:00,4.7,3.6,0.0,0.0,16.08,14.59,99,99
2025-12-24T22:00,4.6,2.6,0.0,0.0,16.02,15.21,97,100
2025-12-24T23:00,4.5,2.0,0.0,0.0,15.31,15.23,100,95
2025-12-25T00:00,4.9,4.8,0.0,0.0,16.34,16.39,98,100
2025-12-25T01:00,4.7,4.4,0.0,0.0,16.0,15.6,96,100
2025-12-25T02:00,4.6,4.3,0.0,0.0,15.65,16.13,100,100
2025-12-25T03:00,4.3,4.2,0.0,0.0,13.95,16.44,100,97
2025-12-25T04:00,3.7,3.8,0.0,0.0,14.33,16.35,100,100
2025-12-25T05:00,3.0,3.0,0.0,0.0,14.71,15.56,100,100
2025-12-25T06:00,-0.1,2.9,1.0,1.0,13.6,14.95,99,95
2025-12-25T07:00,-0.2,2.5,24.0,26.0,13.1,14.25,97,95
2025-12-25T08:00,-0.2,2.0,82.0,66.0,12.06,13.67,95,98
2025-12-25T09:00,-0.2,1.9,135.0,103.0,11.03,12.39,93,96
2025-12-25T10:00,0.2,1.7,188.0,140.0,10.39,10.78,91,95
2025-12-25T11:00,0.3,1.4,207.0,175.0,9.29,10.2,90,94
2025-12-25T12:00,-0.3,0.2,149.0,162.0,10.33,9.18,100,92
2025-12-25T13:00,-0.7,-0.2,119.0,119.0,10.24,9.18,91,94
2025-12-25T14:00,-1.4,-0.8,56.0,48.0,9.73,8.92,81,94
2025-12-25T15:00,-2.0,-1.3,5.0,4.0,8.4,8.51,74,95
2025-12-25T16:00,-2.5,-1.5,0.0,0.0,8.02,8.15,89,93
2025-12-25T17:00,-3.0,-1.9,0.0,0.0,7.97,7.56,81,80
2025-12-25T18:00,-3.4,-2.8,0.0,0.0,6.66,6.76,47,52
2025-12-25T19:00,-3.7,-3.1,0.0,0.0,5.49,6.66,35,53
2025-12-25T20:00,-3.8,-3.2,0.0,0.0,5.24,6.53,87,42
2025-12-25T21:00,-4.0,-3.3,0.0,0.0,4.87,5.8,66,32
2025-12-25T22:00,-4.3,-3.4,0.0,0.0,4.61,4.71,49,28
2025-12-25T23:00,-4.5,-3.5,0.0,0.0,3.83,4.22,21,25
2025-12-26T00:00,-5.2,-3.5,0.0,0.0,4.65,4.54,10,1
2025-12-26T01:00,-5.4,-3.8,0.0,0.0,4.92,4.46,2,0
2025-12-26T02:00,-5.6,-4.1,0.0,0.0,5.0,4.25,3,0
2025-12-26T03:00,-5.8,-4.4,0.0,0.0,5.08,4.85,21,1
2025-12-26T04:00,-5.9,-4.7,0.0,0.0,5.65,5.41,42,3
2025-12-26T05:00,-6.0,-4.9,0.0,0.0,5.97,6.31,47,22
2025-12-26T06:00,-5.8,-5.4,1.0,2.0,5.8,6.84,58,19
2025-12-26T07:00,-5.3,-4.8,56.0,65.0,5.9,7.13,49,35
2025-12-26T08:00,-4.2,-3.7,164.0,172.0,6.6,6.38,35,43
2025-12-26T09:00,-2.7,-2.4,271.0,266.0,7.77,7.28,7,2
2025-12-26T10:00,-1.5,-1.1,327.0,331.0,9.15,8.37,100,10
2025-12-26T11:00,-0.6,-0.2,288.0,327.0,9.37,9.45,100,99
2025-12-26T12:00,-0.2,-0.3,213.0,274.0,8.36,9.04,100,100
2025-12-26T13:00,-0.2,-0.3,138.0,150.0,8.01,9.18,96,95
2025-12-26T14:00,-0.4,-0.6,52.0,57.0,9.13,9.91,95,99
2025-12-26T15:00,-0.6,-0.9,3.0,4.0,10.0,10.79,100,96
2025-12-26T16:00,-0.8,-1.0,0.0,0.0,11.27,10.99,100,94
2025-12-26T17:00,-0.8,-1.1,0.0,0.0,9.79,10.88,89,95
2025-12-26T18:00,-1.3,-0.7,0.0,0.0,9.46,10.3,85,100
2025-12-26T19:00,-1.0,-0.8,0.0,0.0,9.64,9.38,79,96
2025-12-26T20:00,-1.0,-0.8,0.0,0.0,9.46,9.78,49,83
2025-12-26T21:00,-0.8,-0.4,0.0,0.0,12.21,11.22,49,84
2025-12-26T22:00,-0.8,-0.4,0.0,0.0,12.14,11.81,28,54
2025-12-26T23:00,-0.9,-0.5,0.0,0.0,11.79,12.36,57,24
2025-12-27T00:00,-0.8,-0.6,0.0,0.0,12.77,11.56,46,39
2025-12-27T01:00,-0.9,-0.7,0.0,0.0,12.07,11.23,57,51
2025-12-27T02:00,-0.8,-0.5,0.0,0.0,12.23,10.83,79,72
2025-12-27T03:00,-0.5,-0.4,0.0,0.0,11.93,10.46,81,72
2025-12-27T04:00,-0.1,-0.4,0.0,0.0,11.8,9.95,79,74
2025-12-27T05:00,-0.4,-0.3,0.0,0.0,10.13,10.11,76,88
2025-12-27T06:00,-0.9,-0.3,1.0,1.0,8.69,10.22,91,98
2025-12-27T07:00,-0.7,-0.2,24.0,31.0,8.43,9.64,100,95
2025-12-27T08:00,-0.6,0.3,51.0,84.0,7.97,10.14,100,87
2025-12-27T09:00,-0.5,1.0,78.0,155.0,8.18,12.06,100,88
2025-12-27T10:00,-0.3,1.4,96.0,199.0,9.05,11.52,100,84
2025-12-27T11:00,0.3,1.5,126.0,209.0,9.9,11.1,100,90
2025-12-27T12:00,0.5,2.1,86.0,184.0,8.75,10.84,100,76
2025-12-27T13:00,0.5,2.0,78.0,122.0,8.64,10.46,91,91
2025-12-27T14:00,0.5,1.5,41.0,51.0,9.3,9.98,98,82
2025-12-27T15:00,0.1,0.9,2.0,4.0,8.07,8.59,90,99
2025-12-27T16:00,-0.3,0.2,0.0,0.0,6.41,7.78,93,96
2025-12-27T17:00,-0.4,-0.4,0.0,0.0,6.33,8.46,99,84
2025-12-27T18:00,-0.6,-0.2,0.0,0.0,6.46,9.29,80,95
2025-12-27T19:00,-1.1,-0.4,0.0,0.0,6.47,8.23,94,95
2025-12-27T20:00,-1.3,-0.6,0.0,0.0,7.0,7.29,100,90
2025-12-27T21:00,-1.4,-0.8,0.0,0.0,7.35,7.45,100,92
2025-12-27T22:00,-0.9,-1.1,0.0,0.0,10.22,8.08,96,89
2025-12-27T23:00,-0.8,-0.9,0.0,0.0,10.47,10.06,100,99
2025-12-28T00:00,-0.8,-0.7,0.0,0.0,10.09,10.99,100,100
2025-12-28T01:00,-0.9,-0.8,0.0,0.0,10.48,11.08,98,99
2025-12-28T02:00,-1.0,-1.1,0.0,0.0,10.98,10.68,91,99
2025-12-28T03:00,-1.2,-1.0,0.0,0.0,9.94,10.51,96,100
2025-12-28T04:00,-1.0,-1.0,0.0,0.0,8.99,8.62,100,100
2025-12-28T05:00,-0.9,-0.9,0.0,0.0,6.88,7.9,95,89
2025-12-28T06:00,-0.7,-0.8,1.0,1.0,8.34,7.89,96,96
2025-12-28T07:00,-0.6,-0.5,33.0,45.0,9.24,9.23,89,77
2025-12-28T08:00,0.1,0.7,136.0,141.0,8.18,9.04,27,59
2025-12-28T09:00,1.2,1.8,289.0,284.0,6.58,8.84,42,6
2025-12-28T10:00,1.6,1.8,282.0,352.0,8.58,7.58,74,53
2025-12-28T11:00,2.2,1.2,267.0,291.0,10.65,9.22,76,77
2025-12-28T12:00,2.2,1.8,196.0,183.0,12.45,10.62,82,92
2025-12-28T13:00,2.9,2.2,151.0,139.0,13.15,12.26,94,90
2025-12-28T14:00,2.5,2.0,51.0,70.0,11.85,11.8,97,88
2025-12-28T15:00,2.0,1.4,5.0,4.0,12.54,12.62,100,95
2025-12-28T16:00,1.7,1.2,0.0,0.0,12.66,12.15,96,82
2025-12-28T17:00,1.2,1.2,0.0,0.0,11.22,13.4,90,93
2025-12-28T18:00,1.0,0.7,0.0,0.0,11.16,12.77,76,77
2025-12-28T19:00,0.8,0.8,0.0,0.0,11.85,13.34,80,99
2025-12-28T20:00,0.6,0.9,0.0,0.0,10.15,11.97,79,63
2025-12-28T21:00,0.5,0.8,0.0,0.0,9.81,11.71,87,63
2025-12-28T22:00,0.5,0.6,0.0,0.0,10.11,11.11,89,69
2025-12-28T23:00,0.3,0.6,0.0,0.0,10.17,11.8,84,44
2025-12-29T00:00,0.0,0.4,0.0,0.0,10.01,10.34,100,94
2025-12-29T01:00,-0.3,0.2,0.0,0.0,8.77,9.81,100,84
2025-12-29T02:00,-0.3,0.1,0.0,0.0,6.47,10.6,97,94
2025-12-29T03:00,-0.5,0.1,0.0,0.0,8.35,9.39,78,83
2025-12-29T04:00,-0.4,-0.1,0.0,0.0,8.93,8.98,100,82
2025-12-29T05:00,-0.3,-0.2,0.0,0.0,9.15,7.66,99,87
2025-12-29T06:00,-0.3,-0.1,1.0,1.0,9.52,12.17,72,44
2025-12-29T07:00,-0.2,-0.2,62.0,63.0,10.1,10.47,63,55
2025-12-29T08:00,0.2,0.0,168.0,148.0,9.6,9.95,60,85
2025-12-29T09:00,1.1,0.6,273.0,226.0,10.29,9.72,23,64
2025-12-29T10:00,2.1,1.5,342.0,276.0,10.5,10.44,22,61
2025-12-29T11:00,2.7,2.3,359.0,301.0,10.79,10.57,10,40
2025-12-29T12:00,3.7,2.4,306.0,312.0,9.6,9.47,34,14
2025-12-29T13:00,3.4,2.2,214.0,220.0,8.13,9.02,19,8
2025-12-29T14:00,2.6,1.4,99.0,99.0,7.84,8.94,2,2
2025-12-29T15:00,1.1,0.8,9.0,9.0,8.82,8.05,0,0
2025-12-29T16:00,0.4,0.6,0.0,0.0,9.05,9.25,0,0
2025-12-29T17:00,0.1,0.3,0.0,0.0,8.86,9.14,0,0
2025-12-29T18:00,-0.1,0.2,0.0,0.0,7.91,10.11,0,0
2025-12-29T19:00,-0.3,-0.1,0.0,0.0,8.01,9.49,0,0
2025-12-29T20:00,-0.6,-0.3,0.0,0.0,8.3,9.56,0,0
2025-12-29T21:00,-0.8,-0.5,0.0,0.0,7.44,9.5,5,65
2025-12-29T22:00,-0.9,-0.7,0.0,0.0,7.65,9.13,49,78
2025-12-29T23:00,-0.8,-0.7,0.0,0.0,7.46,8.68,85,95
2025-12-30T00:00,-0.5,-0.9,0.0,0.0,7.35,8.99,100,97
2025-12-30T01:00,-0.5,-1.0,0.0,0.0,8.14,9.27,53,25
2025-12-30T02:00,-0.7,-1.0,0.0,0.0,8.55,9.35,0,0
2025-12-30T03:00,-0.8,-1.1,0.0,0.0,8.33,8.83,0,0
2025-12-30T04:00,-1.0,-1.1,0.0,0.0,8.33,8.66,0,0
2025-12-30T05:00,-1.2,-1.2,0.0,0.0,8.03,8.19,0,0
2025-12-30T06:00,-1.1,-0.7,1.0,1.0,8.03,8.33,0,0
2025-12-30T07:00,-0.8,-0.5,67.0,67.0,7.75,8.58,13,0
2025-12-30T08:00,0.2,0.2,186.0,187.0,7.76,9.12,22,0
2025-12-30T09:00,1.1,1.1,272.0,288.0,6.11,8.84,6,0
2025-12-30T10:00,2.1,2.1,348.0,349.0,5.53,6.77,0,0
2025-12-30T11:00,2.9,2.7,358.0,357.0,6.56,6.44,0,0
2025-12-30T12:00,3.5,3.1,312.0,311.0,7.7,6.02,30,0
2025-12-30T13:00,3.1,2.9,207.0,221.0,7.78,5.96,81,0
2025-12-30T14:00,2.3,1.9,82.0,101.0,6.49,6.25,79,18
2025-12-30T15:00,1.4,1.1,8.0,9.0,5.33,6.07,57,51
2025-12-30T16:00,0.9,0.7,0.0,0.0,4.71,5.33,46,99
2025-12-30T17:00,0.4,0.6,0.0,0.0,6.91,3.94,20,100
2025-12-30T18:00,-0.2,-0.1,0.0,0.0,3.16,4.94,83,91
2025-12-30T19:00,-0.5,-0.3,0.0,0.0,3.61,5.02,88,76
2025-12-30T20:00,-0.7,-0.5,0.0,0.0,3.78,5.38,94,91
2025-12-30T21:00,-0.6,-1.0,0.0,0.0,5.89,7.49,91,53
2025-12-30T22:00,-0.7,-1.4,0.0,0.0,5.96,6.38,100,77
2025-12-30T23:00,-0.9,-1.9,0.0,0.0,5.33,7.06,66,22
2025-12-31T00:00,-2.4,-1.2,0.0,0.0,8.24,6.36,59,61
2025-12-31T01:00,-2.7,-1.7,0.0,0.0,8.34,7.5,32,0
2025-12-31T02:00,-3.1,-2.2,0.0,0.0,8.04,7.82,0,0
2025-12-31T03:00,-3.6,-2.5,0.0,0.0,8.77,8.17,0,0
2025-12-31T04:00,-4.0,-3.1,0.0,0.0,9.07,8.43,0,0
2025-12-31T05:00,-4.3,-3.5,0.0,0.0,8.44,8.06,0,0
2025-12-31T06:00,-4.4,-3.8,1.0,2.0,10.45,8.84,0,0
2025-12-31T07:00,-4.0,-3.4,73.0,72.0,9.42,8.94,0,0
2025-12-31T08:00,-2.9,-2.5,200.0,199.0,7.05,6.65,0,0
2025-12-31T09:00,-1.6,-1.4,305.0,305.0,7.48,6.69,0,0
2025-12-31T10:00,-0.4,-0.3,364.0,364.0,8.12,7.32,0,0
2025-12-31T11:00,0.3,0.4,372.0,372.0,9.08,8.34,0,0
2025-12-31T12:00,0.7,0.8,327.0,327.0,8.77,7.94,20,0
2025-12-31T13:00,0.6,0.7,232.0,233.0,8.18,8.49,0,0
2025-12-31T14:00,0.2,0.4,108.0,108.0,7.65,8.75,6,0
2025-12-31T15:00,-1.0,-0.5,10.0,10.0,8.72,8.86,2,0
2025-12-31T16:00,-1.9,-1.3,0.0,0.0,9.05,9.75,0,0
2025-12-31T17:00,-2.1,-1.9,0.0,0.0,7.53,9.63,0,0
2025-12-31T18:00,-2.3,-2.2,0.0,0.0,7.25,8.56,59,0
2025-12-31T19:00,-2.6,-2.5,0.0,0.0,7.08,7.73,100,13
2025-12-31T20:00,-3.0,-3.0,0.0,0.0,6.18,8.62,100,37
2025-12-31T21:00,-3.5,-3.3,0.0,0.0,5.94,10.21,100,36
2025-12-31T22:00,-3.6,-3.6,0.0,0.0,5.98,9.93,100,32
2025-12-31T23:00,-3.7,-3.9,0.0,0.0,5.83,9.18,100,0
2026-01-01T00:00,-4.3,-4.2,0.0,0.0,4.37,7.12,91,24
2026-01-01T01:00,-4.6,-4.3,0.0,0.0,4.53,7.04,97,17
2026-01-01T02:00,-4.7,-4.7,0.0,0.0,4.39,6.28,50,0
2026-01-01T03:00,-5.0,-5.1,0.0,0.0,4.08,5.86,0,0
2026-01-01T04:00,-5.4,-5.3,0.0,0.0,3.57,6.32,0,0
2026-01-01T05:00,-5.7,-5.4,0.0,0.0,4.65,7.1,0,0
2026-01-01T06:00,-6.3,-5.5,1.0,2.0,6.32,7.11,0,0
2026-01-01T07:00,-5.3,-5.2,71.0,72.0,8.06,8.43,0,0
2026-01-01T08:00,-4.2,-4.0,197.0,197.0,7.26,7.85,0,0
2026-01-01T09:00,-2.8,-2.6,303.0,304.0,5.59,6.07,0,0
2026-01-01T10:00,-1.7,-1.4,364.0,364.0,6.58,7.36,0,0
2026-01-01T11:00,-0.7,-0.5,372.0,373.0,7.89,7.84,0,0
2026-01-01T12:00,0.0,0.1,329.0,328.0,7.8,9.63,0,0
2026-01-01T13:00,-0.1,-0.2,234.0,234.0,8.46,8.9,0,0
2026-01-01T14:00,-0.5,-0.7,109.0,110.0,8.22,8.29,0,0
2026-01-01T15:00,-1.6,-1.8,11.0,11.0,8.74,9.32,0,0
2026-01-01T16:00,-2.2,-2.5,0.0,0.0,9.11,9.57,0,0
2026-01-01T17:00,-2.5,-2.8,0.0,0.0,8.6,9.33,0,0
2026-01-01T18:00,-3.4,-2.4,0.0,0.0,8.18,8.56,0,0
2026-01-01T19:00,-3.3,-2.5,0.0,0.0,9.31,8.74,0,0
2026-01-01T20:00,-3.3,-2.6,0.0,0.0,9.29,8.25,0,0
2026-01-01T21:00,-3.5,-2.8,0.0,0.0,9.15,8.34,0,0
2026-01-01T22:00,-3.4,-2.9,0.0,0.0,9.42,8.42,0,0
2026-01-01T23:00,-3.6,-2.8,0.0,0.0,8.94,8.73,0,0
2026-01-02T00:00,-3.4,-3.1,0.0,0.0,9.78,9.11,0,0
2026-01-02T01:00,-3.5,-3.2,0.0,0.0,9.64,9.02,0,0
2026-01-02T02:00,-3.4,-3.0,0.0,0.0,9.82,9.23,49,26
2026-01-02T03:00,-3.1,-2.8,0.0,0.0,9.92,9.56,99,100
2026-01-02T04:00,-3.0,-2.6,0.0,0.0,9.78,9.32,41,82
2026-01-02T05:00,-3.1,-2.7,0.0,0.0,9.6,8.72,43,0
2026-01-02T06:00,-3.5,-2.8,1.0,1.0,9.03,9.51,1,31
2026-01-02T07:00,-3.0,-2.1,66.0,66.0,8.92,9.46,17,23
2026-01-02T08:00,-1.0,-0.7,184.0,183.0,8.54,8.03,16,26
2026-01-02T09:00,1.4,1.3,286.0,284.0,7.9,7.83,13,27
2026-01-02T10:00,3.4,3.4,347.0,346.0,6.66,6.28,0,0
2026-01-02T11:00,4.8,4.6,356.0,337.0,6.22,5.66,0,63
2026-01-02T12:00,6.2,5.8,316.0,296.0,7.16,6.58,4,26
2026-01-02T13:00,5.9,5.6,225.0,220.0,7.83,7.76,0,10
2026-01-02T14:00,4.4,4.4,104.0,104.0,9.6,8.64,2,22
2026-01-02T15:00,3.3,3.3,10.0,11.0,10.03,9.1,30,89
2026-01-02T16:00,2.1,2.6,0.0,0.0,9.96,9.36,87,99
2026-01-02T17:00,1.7,2.1,0.0,0.0,10.39,9.95,100,95
2026-01-02T18:00,1.6,1.7,0.0,0.0,10.63,10.31,39,43
2026-01-02T19:00,1.4,1.4,0.0,0.0,10.52,10.35,35,100
2026-01-02T20:00,1.2,1.4,0.0,0.0,9.69,10.05,100,100
2026-01-02T21:00,1.3,1.8,0.0,0.0,9.73,10.96,100,100
2026-01-02T22:00,1.5,1.8,0.0,0.0,9.64,10.56,99,95
2026-01-02T23:00,1.6,1.8,0.0,0.0,10.48,9.7,89,29
2026-01-03T00:00,1.7,1.7,0.0,0.0,10.57,10.03,47,65
2026-01-03T01:00,2.1,2.1,0.0,0.0,10.79,11.13,25,44
2026-01-03T02:00,2.2,2.5,0.0,0.0,10.22,11.6,28,48
2026-01-03T03:00,2.6,2.8,0.0,0.0,10.99,11.72,97,71
2026-01-03T04:00,3.5,3.3,0.0,0.0,11.14,12.04,100,63
2026-01-03T05:00,4.0,3.5,0.0,0.0,10.03,12.38,87,51
2026-01-03T06:00,4.5,4.1,1.0,1.0,11.14,12.19,83,77
2026-01-03T07:00,5.7,5.1,41.0,38.0,12.24,12.44,79,95
2026-01-03T08:00,7.4,6.5,113.0,99.0,12.05,11.3,70,95
2026-01-03T09:00,9.5,7.8,210.0,140.0,12.37,10.9,63,79
2026-01-03T10:00,11.0,10.0,287.0,233.0,10.75,10.94,53,62
2026-01-03T11:00,12.2,11.1,280.0,272.0,11.95,7.71,87,70
2026-01-03T12:00,13.1,7.5,156.0,164.0,12.69,6.99,64,96
2026-01-03T13:00,13.3,7.0,168.0,140.0,12.06,6.67,63,90
2026-01-03T14:00,12.0,5.8,73.0,60.0,10.38,7.39,86,99
2026-01-03T15:00,7.0,4.6,7.0,5.0,8.94,7.06,83,98
2026-01-03T16:00,5.6,4.1,0.0,0.0,9.25,8.04,67,96
2026-01-03T17:00,4.5,4.2,0.0,0.0,6.96,8.05,99,99
2026-01-03T18:00,5.4,2.9,0.0,0.0,4.76,6.64,98,97
2026-01-03T19:00,5.1,2.9,0.0,0.0,3.9,6.79,100,100
2026-01-03T20:00,4.8,2.7,0.0,0.0,3.24,4.7,94,100
2026-01-03T21:00,4.7,2.3,0.0,0.0,3.87,2.88,100,100
2026-01-03T22:00,4.4,1.7,0.0,0.0,2.06,2.04,100,100
2026-01-03T23:00,4.3,1.8,0.0,0.0,2.85,2.5,100,100
2026-01-04T00:00,3.6,2.0,0.0,0.0,3.15,4.87,100,100
2026-01-04T01:00,4.1,2.4,0.0,0.0,7.68,6.66,100,100
2026-01-04T02:00,4.5,3.3,0.0,0.0,7.88,7.41,100,100
2026-01-04T03:00,4.7,3.4,0.0,0.0,8.25,7.68,99,98
2026-01-04T04:00,4.5,3.6,0.0,0.0,9.89,7.91,100,100
2026-01-04T05:00,4.6,3.8,0.0,0.0,11.15,9.79,100,100
2026-01-04T06:00,5.5,3.6,0.0,0.0,10.89,9.31,98,100
2026-01-04T07:00,6.5,4.2,16.0,12.0,11.48,9.33,100,100
2026-01-04T08:00,7.8,5.2,56.0,50.0,9.02,8.7,93,99
2026-01-04T09:00,9.4,6.0,142.0,59.0,5.99,6.77,85,96
2026-01-04T10:00,11.3,7.0,223.0,114.0,5.15,4.61,100,95
2026-01-04T11:00,12.8,8.0,263.0,147.0,4.09,3.51,83,87
2026-01-04T12:00,13.5,11.3,274.0,217.0,2.61,5.63,53,77
2026-01-04T13:00,13.1,10.8,203.0,170.0,2.45,5.25,48,74
2026-01-04T14:00,11.4,9.6,96.0,81.0,4.79,5.39,41,75
2026-01-04T15:00,9.2,7.8,11.0,9.0,6.15,6.28,89,77
2026-01-04T16:00,8.0,6.6,0.0,0.0,5.7,6.04,100,95
2026-01-04T17:00,7.4,5.9,0.0,0.0,5.88,5.61,100,99
2026-01-04T18:00,6.1,6.3,0.0,0.0,6.61,6.8,99,100
2026-01-04T19:00,5.5,5.6,0.0,0.0,6.66,6.66,99,100
2026-01-04T20:00,4.9,5.1,0.0,0.0,6.61,5.26,99,100
2026-01-04T21:00,4.6,5.0,0.0,0.0,5.0,3.86,100,98
2026-01-04T22:00,4.2,4.8,0.0,0.0,3.91,3.35,100,100
2026-01-04T23:00,3.9,4.8,0.0,0.0,3.05,4.18,100,100
2026-01-05T00:00,4.3,4.1,0.0,0.0,6.27,4.31,100,100
2026-01-05T01:00,4.1,4.5,0.0,0.0,6.07,6.2,100,100
2026-01-05T02:00,3.5,4.1,0.0,0.0,7.54,6.18,100,100
2026-01-05T03:00,3.3,3.4,0.0,0.0,8.92,7.34,100,100
2026-01-05T04:00,3.0,3.1,0.0,0.0,9.02,7.84,100,100
2026-01-05T05:00,2.7,2.8,0.0,0.0,9.46,9.26,99,100
2026-01-05T06:00,2.6,2.5,0.0,0.0,10.36,9.48,100,100
2026-01-05T07:00,2.6,2.5,9.0,7.0,12.29,11.09,100,100
2026-01-05T08:00,3.1,3.0,35.0,20.0,13.38,12.69,99,100
2026-01-05T09:00,4.4,3.5,73.0,35.0,12.15,11.57,100,100
2026-01-05T10:00,5.7,4.3,82.0,53.0,12.13,11.51,100,96
2026-01-05T11:00,6.9,5.2,91.0,87.0,9.39,11.62,100,96
2026-01-05T12:00,7.0,6.7,71.0,107.0,11.92,8.96,100,99
2026-01-05T13:00,6.9,7.2,69.0,91.0,10.11,7.55,100,100
2026-01-05T14:00,6.5,7.1,30.0,38.0,9.22,6.28,100,100
2026-01-05T15:00,6.5,6.8,4.0,4.0,7.67,6.01,100,100
2026-01-05T16:00,6.6,6.8,0.0,0.0,6.69,6.1,98,100
2026-01-05T17:00,6.7,6.8,0.0,0.0,6.31,6.01,97,100
2026-01-05T18:00,7.7,6.4,0.0,0.0,6.47,6.05,95,98
2026-01-05T19:00,8.1,6.6,0.0,0.0,6.81,6.03,99,95
2026-01-05T20:00,8.5,6.7,0.0,0.0,7.47,5.82,98,100
2026-01-05T21:00,9.1,7.0,0.0,0.0,8.34,6.11,95,98
2026-01-05T22:00,9.5,7.1,0.0,0.0,8.62,6.73,100,94
2026-01-05T23:00,9.4,7.6,0.0,0.0,8.77,7.74,92,94
2026-01-06T00:00,9.4,9.4,0.0,0.0,8.82,8.67,98,84
2026-01-06T01:00,9.3,9.6,0.0,0.0,8.76,8.76,94,90
2026-01-06T02:00,9.2,9.5,0.0,0.0,8.94,8.86,100,88
2026-01-06T03:00,8.9,9.3,0.0,0.0,8.58,8.42,91,91
2026-01-06T04:00,8.6,9.3,0.0,0.0,7.82,8.0,100,100
2026-01-06T05:00,8.5,9.3,0.0,0.0,7.75,7.76,100,95
2026-01-06T06:00,8.5,9.2,1.0,1.0,8.55,8.38,59,73
2026-01-06T07:00,8.9,9.5,59.0,54.0,7.82,7.79,47,97
2026-01-06T08:00,10.3,10.7,166.0,149.0,6.45,6.02,41,68
2026-01-06T09:00,11.7,12.0,243.0,228.0,3.75,3.51,55,66
2026-01-06T10:00,13.0,12.6,247.0,267.0,6.37,4.06,83,70
2026-01-06T11:00,13.3,12.2,264.0,293.0,3.63,4.12,68,57
2026-01-06T12:00,13.5,11.1,247.0,244.0,2.29,4.51,61,61
2026-01-06T13:00,13.2,10.9,167.0,186.0,2.08,4.51,75,64
2026-01-06T14:00,12.7,9.9,79.0,87.0,2.31,4.73,84,76
2026-01-06T15:00,11.7,8.8,9.0,10.0,3.56,4.56,87,84
2026-01-06T16:00,10.8,8.0,0.0,0.0,4.85,2.81,85,94
2026-01-06T17:00,10.2,7.6,0.0,0.0,5.78,1.47,100,92
2026-01-06T18:00,10.8,8.1,0.0,0.0,8.24,4.16,100,97
2026-01-06T19:00,10.7,8.1,0.0,0.0,8.85,5.31,100,76
2026-01-06T20:00,10.6,8.3,0.0,0.0,9.28,6.79,100,73
2026-01-06T21:00,10.6,8.4,0.0,0.0,9.38,7.61,94,82
2026-01-06T22:00,10.5,8.5,0.0,0.0,8.94,7.58,72,99
2026-01-06T23:00,10.3,8.8,0.0,0.0,8.72,7.57,81,98
2026-01-07T00:00,10.1,10.0,0.0,0.0,8.33,8.92,66,82
2026-01-07T01:00,10.0,10.0,0.0,0.0,7.84,8.83,69,82
2026-01-07T02:00,9.9,9.8,0.0,0.0,7.74,8.47,78,76
2026-01-07T03:00,9.8,9.6,0.0,0.0,7.25,8.37,75,82
2026-01-07T04:00,9.6,9.7,0.0,0.0,7.35,8.26,75,80
2026-01-07T05:00,9.5,9.8,0.0,0.0,7.54,7.96,73,72
2026-01-07T06:00,9.2,9.7,1.0,1.0,7.37,7.35,80,96
2026-01-07T07:00,10.1,10.3,53.0,49.0,7.77,7.17,68,99
2026-01-07T08:00,11.3,11.2,146.0,120.0,7.36,6.4,93,100
2026-01-07T09:00,13.0,12.4,240.0,179.0,5.69,4.73,100,79
2026-01-07T10:00,15.1,13.9,277.0,216.0,8.81,6.87,100,95
2026-01-07T11:00,16.0,13.3,206.0,191.0,6.58,2.84,89,92
2026-01-07T12:00,15.2,15.3,233.0,166.0,2.51,5.05,69,100
2026-01-07T13:00,14.4,14.9,165.0,114.0,2.35,5.33,100,100
2026-01-07T14:00,12.6,14.3,51.0,53.0,2.04,4.51,100,100
2026-01-07T15:00,10.9,13.1,6.0,6.0,3.24,3.61,100,100
2026-01-07T16:00,9.8,11.4,0.0,0.0,2.99,2.63,100,100
2026-01-07T17:00,9.4,9.9,0.0,0.0,3.35,2.55,100,100
2026-01-07T18:00,8.8,7.1,0.0,0.0,0.2,3.15,100,100
2026-01-07T19:00,8.4,7.1,0.0,0.0,1.92,2.49,100,100
2026-01-07T20:00,8.1,7.5,0.0,0.0,0.66,3.83,97,100
2026-01-07T21:00,8.1,7.6,0.0,0.0,1.14,5.19,99,100
2026-01-07T22:00,8.3,7.1,0.0,0.0,3.33,7.04,99,100
2026-01-07T23:00,8.9,6.5,0.0,0.0,5.83,10.19,100,100
2026-01-08T00:00,9.7,7.3,0.0,0.0,6.94,8.76,100,100
2026-01-08T01:00,10.5,6.8,0.0,0.0,7.84,10.91,100,100
2026-01-08T02:00,11.1,6.5,0.0,0.0,10.19,11.24,100,100
2026-01-08T03:00,11.7,6.6,0.0,0.0,11.56,10.91,100,100
2026-01-08T04:00,12.4,7.5,0.0,0.0,12.83,10.3,100,100
2026-01-08T05:00,12.1,9.7,0.0,0.0,11.9,9.02,100,100
2026-01-08T06:00,12.0,5.2,1.0,0.0,12.72,11.4,100,100
2026-01-08T07:00,12.3,3.2,26.0,10.0,11.97,9.14,100,100
2026-01-08T08:00,5.8,2.9,32.0,28.0,15.66,10.4,100,100
2026-01-08T09:00,4.8,2.8,33.0,38.0,13.55,11.08,100,100
2026-01-08T10:00,3.3,2.9,54.0,77.0,14.26,11.12,100,100
2026-01-08T11:00,2.4,2.1,137.0,70.0,15.42,10.97,90,100
2026-01-08T12:00,2.0,1.9,111.0,203.0,13.56,14.02,100,86
2026-01-08T13:00,1.1,1.8,57.0,133.0,13.59,12.29,96,99
2026-01-08T14:00,0.6,1.8,34.0,46.0,13.47,11.77,100,99
2026-01-08T15:00,0.3,1.6,4.0,6.0,13.04,11.28,100,98
2026-01-08T16:00,0.2,1.5,0.0,0.0,11.54,11.76,100,100
2026-01-08T17:00,0.1,0.9,0.0,0.0,11.72,11.56,100,100
2026-01-08T18:00,-0.1,0.3,0.0,0.0,11.9,11.27,100,99
2026-01-08T19:00,-0.5,-0.2,0.0,0.0,11.21,11.27,100,92
2026-01-08T20:00,-0.7,-0.8,0.0,0.0,11.8,10.9,100,91
2026-01-08T21:00,-1.1,-1.2,0.0,0.0,12.1,9.8,100,100
2026-01-08T22:00,-1.5,-1.6,0.0,0.0,11.39,9.62,100,100
2026-01-08T23:00,-1.9,-1.9,0.0,0.0,11.1,9.34,99,100
2026-01-09T00:00,-2.7,-2.1,0.0,0.0,11.84,10.23,100,81
2026-01-09T01:00,-3.0,-1.9,0.0,0.0,11.95,10.38,100,94
2026-01-09T02:00,-3.1,-2.0,0.0,0.0,11.76,9.81,95,100
2026-01-09T03:00,-3.4,-2.1,0.0,0.0,12.03,9.84,87,100
2026-01-09T04:00,-3.7,-2.1,0.0,0.0,11.69,9.68,77,100
2026-01-09T05:00,-4.3,-2.3,0.0,0.0,11.32,9.7,28,97
2026-01-09T06:00,-4.6,-3.3,2.0,3.0,11.73,9.01,77,11
2026-01-09T07:00,-4.0,-3.0,64.0,74.0,11.48,8.12,30,7
2026-01-09T08:00,-2.9,-2.3,200.0,201.0,8.83,7.46,17,0
2026-01-09T09:00,-1.8,-1.3,319.0,311.0,7.26,6.9,0,0
2026-01-09T10:00,-1.1,-0.3,385.0,376.0,7.36,6.87,0,4
2026-01-09T11:00,-0.8,0.4,392.0,388.0,7.0,7.13,39,0
2026-01-09T12:00,-0.3,0.9,336.0,344.0,7.69,7.32,52,0
2026-01-09T13:00,-0.1,0.8,230.0,253.0,7.21,7.24,53,0
2026-01-09T14:00,-0.5,0.4,116.0,129.0,6.46,7.3,37,0
2026-01-09T15:00,-1.5,-0.3,17.0,18.0,6.32,6.94,0,0
2026-01-09T16:00,-2.4,-0.8,0.0,0.0,5.28,6.64,0,0
2026-01-09T17:00,-2.6,-1.3,0.0,0.0,7.02,6.2,0,3
2026-01-09T18:00,-3.1,-1.4,0.0,0.0,7.23,6.37,94,100
2026-01-09T19:00,-2.7,-1.4,0.0,0.0,6.71,6.69,72,100
2026-01-09T20:00,-2.3,-1.3,0.0,0.0,6.06,6.29,76,97
2026-01-09T21:00,-2.0,-1.2,0.0,0.0,6.58,6.82,76,76
2026-01-09T22:00,-1.5,-0.9,0.0,0.0,7.32,7.83,88,71
2026-01-09T23:00,-0.8,-0.5,0.0,0.0,6.91,6.24,78,100
2026-01-10T00:00,-0.3,-1.0,0.0,0.0,6.79,6.54,77,100
2026-01-10T01:00,-0.2,-0.3,0.0,0.0,5.8,6.51,86,99
2026-01-10T02:00,-0.1,0.2,0.0,0.0,4.78,6.2,100,82
2026-01-10T03:00,0.7,-0.0,0.0,0.0,4.9,6.64,100,100
2026-01-10T04:00,1.1,0.5,0.0,0.0,4.39,5.09,100,100
2026-01-10T05:00,1.1,0.7,0.0,0.0,3.37,4.35,100,100
2026-01-10T06:00,1.3,1.8,1.0,1.0,1.92,4.37,100,100
2026-01-10T07:00,1.2,1.9,20.0,32.0,0.98,5.39,100,100
2026-01-10T08:00,1.1,2.4,52.0,72.0,1.9,4.13,100,100
2026-01-10T09:00,1.4,2.7,63.0,106.0,1.62,4.48,100,100
2026-01-10T10:00,1.8,3.2,143.0,303.0,2.24,4.8,100,100
2026-01-10T11:00,2.4,3.7,212.0,281.0,2.55,4.83,92,100
2026-01-10T12:00,3.6,3.7,260.0,260.0,3.06,4.4,100,100
2026-01-10T13:00,3.5,3.8,156.0,185.0,2.09,3.33,100,100
2026-01-10T14:00,3.0,3.4,73.0,78.0,2.76,1.0,99,100
2026-01-10T15:00,2.2,2.7,12.0,12.0,4.27,1.58,100,100
2026-01-10T16:00,1.5,1.9,0.0,0.0,5.52,3.04,100,100
2026-01-10T17:00,1.5,1.2,0.0,0.0,7.82,4.33,100,100
2026-01-10T18:00,0.9,1.3,0.0,0.0,9.43,5.7,100,100
2026-01-10T19:00,0.8,1.3,0.0,0.0,10.76,8.49,100,100
2026-01-10T20:00,0.9,1.0,0.0,0.0,9.86,10.15,100,100
2026-01-10T21:00,0.9,0.9,0.0,0.0,9.36,9.36,100,100
2026-01-10T22:00,0.7,0.8,0.0,0.0,9.56,5.4,100,100
2026-01-10T23:00,0.5,0.6,0.0,0.0,9.66,5.73,100,100
2026-01-11T00:00,0.0,0.0,0.0,0.0,9.37,6.96,100,100
2026-01-11T01:00,-0.7,-0.5,0.0,0.0,10.59,6.88,100,100
2026-01-11T02:00,-1.5,-1.0,0.0,0.0,11.27,6.85,100,100
2026-01-11T03:00,-2.0,-1.5,0.0,0.0,10.99,6.88,100,100
2026-01-11T04:00,-3.1,-2.1,0.0,0.0,10.63,7.86,100,100
2026-01-11T05:00,-4.5,-2.5,0.0,0.0,10.41,7.9,100,100
2026-01-11T06:00,-5.4,-3.1,1.0,1.0,10.15,7.32,100,100
2026-01-11T07:00,-5.4,-3.2,36.0,26.0,8.92,6.67,100,100
2026-01-11T08:00,-5.0,-3.1,112.0,76.0,7.21,6.7,100,100
2026-01-11T09:00,-4.8,-2.9,230.0,136.0,6.01,6.08,99,100
2026-01-11T10:00,-4.4,-2.6,324.0,203.0,7.28,5.61,61,100
2026-01-11T11:00,-4.0,-2.3,361.0,221.0,6.7,5.0,62,92
2026-01-11T12:00,-3.9,-3.1,233.0,226.0,5.71,5.31,95,95
2026-01-11T13:00,-4.1,-3.5,165.0,152.0,5.68,5.15,94,96
2026-01-11T14:00,-4.7,-4.0,90.0,82.0,5.82,5.7,85,95
2026-01-11T15:00,-5.4,-4.6,15.0,13.0,5.76,5.96,94,96
2026-01-11T16:00,-6.0,-5.0,0.0,0.0,5.68,6.08,94,95
2026-01-11T17:00,-6.1,-5.3,0.0,0.0,6.58,6.17,87,94
2026-01-11T18:00,-6.0,-5.8,0.0,0.0,7.28,6.48,81,91
2026-01-11T19:00,-6.4,-6.5,0.0,0.0,7.69,5.3,80,87
2026-01-11T20:00,-6.7,-7.3,0.0,0.0,7.75,5.02,67,84
2026-01-11T21:00,-7.5,-7.6,0.0,0.0,7.47,5.12,59,100
2026-01-11T22:00,-8.6,-7.3,0.0,0.0,7.21,4.69,67,90
2026-01-11T23:00,-8.7,-7.9,0.0,0.0,7.73,4.25,90,79
2026-01-12T00:00,-8.0,-6.8,0.0,0.0,7.85,6.75,98,88
2026-01-12T01:00,-7.2,-6.0,0.0,0.0,8.37,7.27,99,93
2026-01-12T02:00,-6.7,-5.6,0.0,0.0,8.53,7.39,93,92
2026-01-12T03:00,-6.4,-5.5,0.0,0.0,8.46,7.79,100,93
2026-01-12T04:00,-6.1,-5.5,0.0,0.0,8.02,7.84,100,92
2026-01-12T05:00,-5.9,-5.5,0.0,0.0,7.23,7.55,97,74
2026-01-12T06:00,-5.4,-6.4,2.0,2.0,6.94,7.61,97,99
2026-01-12T07:00,-5.6,-5.9,44.0,47.0,6.79,7.11,99,100
2026-01-12T08:00,-5.2,-4.9,119.0,118.0,6.67,6.96,99,100
2026-01-12T09:00,-4.6,-3.9,227.0,205.0,6.27,6.57,78,89
2026-01-12T10:00,-3.9,-3.1,311.0,301.0,6.57,6.39,66,71
2026-01-12T11:00,-3.2,-2.7,371.0,369.0,6.56,6.12,13,48
2026-01-12T12:00,-3.5,-2.6,333.0,365.0,6.08,6.47,33,0
2026-01-12T13:00,-3.6,-2.9,265.0,271.0,6.08,5.88,18,0
2026-01-12T14:00,-4.4,-3.9,139.0,142.0,6.86,7.15,36,0
2026-01-12T15:00,-5.4,-5.1,22.0,22.0,8.23,7.86,86,54
2026-01-12T16:00,-5.4,-5.6,0.0,0.0,9.01,8.26,92,20
2026-01-12T17:00,-5.7,-5.7,0.0,0.0,9.21,8.63,96,86
2026-01-12T18:00,-6.5,-7.0,0.0,0.0,8.63,8.24,19,15
2026-01-12T19:00,-6.9,-6.9,0.0,0.0,7.6,8.34,8,79
2026-01-12T20:00,-7.3,-6.9,0.0,0.0,7.75,7.97,6,65
2026-01-12T21:00,-7.5,-7.2,0.0,0.0,7.91,8.0,6,45
2026-01-12T22:00,-7.5,-7.2,0.0,0.0,8.01,8.7,0,0
2026-01-12T23:00,-7.7,-7.3,0.0,0.0,8.12,8.81,0,0
2026-01-13T00:00,-7.4,-8.2,0.0,0.0,8.28,8.56,16,0
2026-01-13T01:00,-7.7,-8.4,0.0,0.0,7.6,8.39,0,0
2026-01-13T02:00,-8.1,-8.8,0.0,0.0,6.75,8.49,0,0
2026-01-13T03:00,-8.6,-9.1,0.0,0.0,6.35,7.73,0,0
2026-01-13T04:00,-9.0,-9.5,0.0,0.0,4.92,7.65,0,0
2026-01-13T05:00,-9.7,-9.8,0.0,0.0,4.61,6.76,0,0
2026-01-13T06:00,-9.0,-10.6,3.0,3.0,4.59,5.11,0,9
2026-01-13T07:00,-7.9,-9.4,79.0,78.0,5.59,4.92,0,30
2026-01-13T08:00,-6.4,-6.8,210.0,199.0,4.09,4.13,0,47
2026-01-13T09:00,-4.9,-5.0,321.0,312.0,3.31,4.71,1,35
2026-01-13T10:00,-3.8,-3.8,388.0,388.0,1.96,4.12,29,9
2026-01-13T11:00,-3.0,-2.7,399.0,403.0,3.33,2.55,75,27
2026-01-13T12:00,-2.7,-2.6,337.0,336.0,3.56,2.48,84,99
2026-01-13T13:00,-2.5,-2.4,216.0,183.0,2.32,2.07,100,100
2026-01-13T14:00,-2.6,-2.7,103.0,87.0,2.29,3.04,97,100
2026-01-13T15:00,-3.1,-3.2,18.0,15.0,3.66,4.38,100,100
2026-01-13T16:00,-3.1,-3.1,0.0,0.0,5.19,5.53,100,100
2026-01-13T17:00,-2.8,-2.8,0.0,0.0,6.48,5.39,100,100
2026-01-13T18:00,-2.5,-3.5,0.0,0.0,6.3,4.11,100,96
2026-01-13T19:00,-2.1,-3.4,0.0,0.0,5.49,4.09,100,93
2026-01-13T20:00,-2.1,-3.3,0.0,0.0,4.59,3.08,97,92
2026-01-13T21:00,-2.5,-3.0,0.0,0.0,2.82,2.26,97,90
2026-01-13T22:00,-2.8,-2.9,0.0,0.0,1.81,2.06,95,91
2026-01-13T23:00,-2.9,-3.0,0.0,0.0,0.79,2.55,93,92
2026-01-14T00:00,-3.2,-3.8,0.0,0.0,2.36,2.64,85,80
2026-01-14T01:00,-3.3,-4.4,0.0,0.0,3.61,2.81,82,46
2026-01-14T02:00,-3.8,-4.8,0.0,0.0,3.89,4.4,64,56
2026-01-14T03:00,-3.5,-5.0,0.0,0.0,6.09,3.74,77,50
2026-01-14T04:00,-3.8,-5.6,0.0,0.0,5.83,3.24,57,29
2026-01-14T05:00,-4.1,-5.8,0.0,0.0,5.7,4.08,67,38
2026-01-14T06:00,-4.7,-4.6,2.0,3.0,5.53,4.44,74,34
2026-01-14T07:00,-4.3,-3.6,65.0,70.0,5.06,3.82,53,57
2026-01-14T08:00,-3.3,-2.6,191.0,164.0,4.45,3.26,6,81
2026-01-14T09:00,-2.5,-2.2,297.0,230.0,2.67,3.04,35,78
2026-01-14T10:00,-2.6,-2.1,331.0,257.0,3.48,2.95,60,85
2026-01-14T11:00,-2.4,-2.2,333.0,235.0,3.73,3.41,66,93
2026-01-14T12:00,-2.2,-1.5,279.0,297.0,4.27,3.31,71,50
2026-01-14T13:00,-1.8,-1.3,230.0,221.0,3.45,2.81,49,62
2026-01-14T14:00,-1.9,-1.5,129.0,124.0,2.73,2.45,89,95
2026-01-14T15:00,-2.6,-2.0,22.0,21.0,2.97,2.54,100,100
2026-01-14T16:00,-2.9,-2.3,0.0,0.0,2.26,2.27,100,100
2026-01-14T17:00,-2.8,-2.2,0.0,0.0,2.1,1.43,100,100
2026-01-14T18:00,-3.0,-2.5,0.0,0.0,3.51,3.33,100,100
2026-01-14T19:00,-2.9,-2.3,0.0,0.0,3.72,4.52,92,100
2026-01-14T20:00,-2.5,-2.2,0.0,0.0,4.12,4.65,100,100
2026-01-14T21:00,-1.9,-1.7,0.0,0.0,3.61,4.52,100,100
2026-01-14T22:00,-1.5,-1.2,0.0,0.0,3.53,4.52,100,97
2026-01-14T23:00,-1.3,-0.9,0.0,0.0,4.35,4.79,99,95
2026-01-15T00:00,-0.2,-1.4,0.0,0.0,4.69,4.28,96,94
2026-01-15T01:00,-0.1,-1.2,0.0,0.0,5.54,5.36,96,95
2026-01-15T02:00,0.2,-1.2,0.0,0.0,7.25,5.69,97,91
2026-01-15T03:00,0.3,-1.1,0.0,0.0,8.63,6.31,94,96
2026-01-15T04:00,0.4,-0.6,0.0,0.0,9.6,6.57,93,94
2026-01-15T05:00,0.6,-0.3,0.0,0.0,10.69,6.79,94,93
2026-01-15T06:00,0.2,0.2,1.0,1.0,8.03,9.32,93,91
2026-01-15T07:00,0.3,0.4,33.0,33.0,8.02,9.45,91,94
2026-01-15T08:00,0.4,0.6,87.0,90.0,6.54,9.57,93,94
2026-01-15T09:00,0.6,0.8,147.0,130.0,5.04,9.06,95,94
2026-01-15T10:00,0.7,0.9,166.0,160.0,3.13,7.59,93,91
2026-01-15T11:00,0.8,1.2,195.0,209.0,2.45,6.33,87,85
2026-01-15T12:00,1.0,1.5,147.0,225.0,3.33,3.92,90,80
2026-01-15T13:00,1.1,1.6,116.0,190.0,2.72,3.66,86,72
2026-01-15T14:00,0.9,1.4,71.0,109.0,2.64,3.9,88,63
2026-01-15T15:00,0.5,0.5,13.0,21.0,1.86,2.55,86,57
2026-01-15T16:00,0.3,0.1,0.0,0.0,2.08,2.42,87,66
2026-01-15T17:00,0.0,0.1,0.0,0.0,1.67,2.45,81,67
2026-01-15T18:00,-0.1,-0.4,0.0,0.0,1.8,2.22,86,79
2026-01-15T19:00,-0.1,-0.6,0.0,0.0,1.94,1.53,84,85
2026-01-15T20:00,-0.2,-0.7,0.0,0.0,2.37,1.18,90,82
2026-01-15T21:00,-0.2,-0.6,0.0,0.0,3.48,2.1,88,82
2026-01-15T22:00,-0.3,-0.5,0.0,0.0,3.55,3.1,89,76
2026-01-15T23:00,-0.4,-0.6,0.0,0.0,4.19,3.61,79,99
2026-01-16T00:00,-1.0,-0.3,0.0,0.0,4.27,6.86,90,100
2026-01-16T01:00,-1.8,-0.6,0.0,0.0,5.57,6.59,75,100
2026-01-16T02:00,-2.3,-0.9,0.0,0.0,5.2,6.27,92,100
2026-01-16T03:00,-2.8,-1.3,0.0,0.0,5.65,6.14,100,100
2026-01-16T04:00,-3.2,-1.5,0.0,0.0,5.84,6.37,100,100
2026-01-16T05:00,-3.7,-1.6,0.0,0.0,5.94,6.97,100,100
2026-01-16T06:00,-4.2,-2.4,1.0,2.0,6.2,9.1,96,100
2026-01-16T07:00,-4.3,-2.3,40.0,40.0,6.58,8.81,98,100
2026-01-16T08:00,-4.2,-1.8,96.0,117.0,6.52,7.97,99,100
2026-01-16T09:00,-3.8,-1.3,179.0,186.0,5.51,7.29,96,100
2026-01-16T10:00,-3.4,-0.7,231.0,260.0,5.38,6.88,90,99
2026-01-16T11:00,-2.9,-0.3,275.0,287.0,5.18,6.49,71,100
2026-01-16T12:00,-2.9,-2.3,268.0,183.0,5.05,5.62,78,99
2026-01-16T13:00,-2.7,-2.3,225.0,154.0,5.58,5.82,0,98
2026-01-16T14:00,-2.8,-2.3,146.0,87.0,5.93,5.36,0,98
2026-01-16T15:00,-3.4,-3.0,27.0,22.0,6.07,5.49,0,16
2026-01-16T16:00,-4.0,-3.6,0.0,0.0,6.39,5.76,0,0
2026-01-16T17:00,-4.6,-4.2,0.0,0.0,6.7,5.68,0,0
2026-01-16T18:00,-6.0,-4.5,0.0,0.0,6.6,6.39,2,0
2026-01-16T19:00,-6.3,-4.9,0.0,0.0,6.51,6.45,1,0
2026-01-16T20:00,-6.5,-5.3,0.0,0.0,6.72,5.87,0,0
2026-01-16T21:00,-6.6,-5.5,0.0,0.0,6.82,5.96,0,0
2026-01-16T22:00,-6.7,-5.7,0.0,0.0,6.26,6.28,0,0
2026-01-16T23:00,-6.8,-5.7,0.0,0.0,5.71,6.09,0,0
2026-01-17T00:00,-7.0,-6.4,0.0,0.0,5.52,5.83,26,0
2026-01-17T01:00,-7.1,-6.5,0.0,0.0,5.91,5.56,29,71
2026-01-17T02:00,-7.4,-6.3,0.0,0.0,6.27,5.78,39,83
2026-01-17T03:00,-7.4,-6.2,0.0,0.0,6.29,6.18,23,100
2026-01-17T04:00,-7.5,-5.9,0.0,0.0,6.1,6.48,29,100
2026-01-17T05:00,-7.6,-5.5,0.0,0.0,5.21,6.96,30,100
2026-01-17T06:00,-8.6,-4.9,3.0,2.0,4.99,5.56,22,100
2026-01-17T07:00,-8.0,-4.7,79.0,42.0,3.74,4.62,31,95
2026-01-17T08:00,-6.9,-4.3,207.0,114.0,3.89,3.34,13,87
2026-01-17T09:00,-6.1,-3.5,322.0,243.0,4.58,2.76,2,32
2026-01-17T10:00,-5.1,-2.8,394.0,377.0,4.55,2.76,0,35
2026-01-17T11:00,-4.5,-2.3,411.0,387.0,4.81,3.37,0,40
2026-01-17T12:00,-3.9,-3.3,369.0,353.0,4.87,3.47,2,27
2026-01-17T13:00,-3.9,-3.0,275.0,251.0,5.13,4.12,20,68
2026-01-17T14:00,-4.2,-3.3,146.0,128.0,5.39,4.71,30,62
2026-01-17T15:00,-5.2,-4.5,28.0,26.0,5.76,5.52,51,51
2026-01-17T16:00,-6.4,-5.7,0.0,0.0,6.47,6.36,58,17
2026-01-17T17:00,-7.1,-6.5,0.0,0.0,6.82,6.53,78,30
2026-01-17T18:00,-7.4,-6.7,0.0,0.0,7.66,7.78,94,100
2026-01-17T19:00,-7.7,-6.7,0.0,0.0,8.13,8.51,95,86
2026-01-17T20:00,-7.9,-6.8,0.0,0.0,8.44,9.1,98,75
2026-01-17T21:00,-7.7,-6.9,0.0,0.0,9.02,9.13,92,81
2026-01-17T22:00,-7.8,-6.8,0.0,0.0,9.44,9.34,84,68
2026-01-17T23:00,-8.1,-7.1,0.0,0.0,9.62,9.34,67,67
2026-01-18T00:00,-8.5,-6.7,0.0,0.0,8.99,10.19,67,100
2026-01-18T01:00,-8.7,-6.7,0.0,0.0,8.97,10.22,81,100
2026-01-18T02:00,-8.8,-6.8,0.0,0.0,8.84,9.65,87,100
2026-01-18T03:00,-9.3,-7.0,0.0,0.0,8.84,9.34,57,100
2026-01-18T04:00,-9.8,-7.4,0.0,0.0,8.83,8.95,26,89
2026-01-18T05:00,-10.2,-7.7,0.0,0.0,8.83,8.62,22,100
2026-01-18T06:00,-10.4,-9.1,3.0,2.0,8.86,8.72,92,100
2026-01-18T07:00,-9.8,-8.7,44.0,41.0,8.12,8.33,95,100
2026-01-18T08:00,-9.1,-7.9,114.0,103.0,7.36,7.95,93,96
2026-01-18T09:00,-8.1,-7.1,173.0,179.0,7.54,8.23,95,92
2026-01-18T10:00,-7.1,-6.4,225.0,247.0,8.01,8.45,92,90
2026-01-18T11:00,-6.1,-5.7,243.0,276.0,8.41,8.74,96,90
2026-01-18T12:00,-5.8,-6.3,303.0,246.0,7.47,8.74,44,86
2026-01-18T13:00,-5.7,-6.1,252.0,189.0,6.86,8.55,66,94
2026-01-18T14:00,-5.8,-6.2,122.0,83.0,6.56,8.81,72,93
2026-01-18T15:00,-6.0,-6.6,24.0,19.0,6.62,8.48,78,84
2026-01-18T16:00,-6.3,-6.9,0.0,0.0,6.73,7.86,92,92
2026-01-18T17:00,-6.6,-6.8,0.0,0.0,7.28,7.25,91,95
2026-01-18T18:00,-7.1,-6.3,0.0,0.0,7.26,8.23,86,98
2026-01-18T19:00,-7.2,-6.4,0.0,0.0,7.55,8.43,85,97
2026-01-18T20:00,-7.1,-6.5,0.0,0.0,7.84,8.72,87,93
2026-01-18T21:00,-7.1,-6.6,0.0,0.0,7.74,9.01,84,91
2026-01-18T22:00,-7.0,-6.7,0.0,0.0,7.84,9.03,91,89
2026-01-18T23:00,-6.9,-6.8,0.0,0.0,7.95,9.02,74,87
2026-01-19T00:00,-7.9,-6.5,0.0,0.0,8.92,9.34,69,91
2026-01-19T01:00,-8.1,-6.5,0.0,0.0,9.21,9.13,67,93
2026-01-19T02:00,-8.1,-6.4,0.0,0.0,8.92,8.63,81,86
2026-01-19T03:00,-8.1,-6.5,0.0,0.0,8.44,8.53,85,84
2026-01-19T04:00,-8.0,-6.5,0.0,0.0,7.48,8.53,92,77
2026-01-19T05:00,-7.9,-6.6,0.0,0.0,7.18,8.67,99,77
2026-01-19T06:00,-7.8,-6.4,2.0,3.0,6.32,7.49,100,82
2026-01-19T07:00,-7.2,-6.0,35.0,65.0,6.44,6.88,97,82
2026-01-19T08:00,-6.5,-5.4,97.0,167.0,6.38,6.96,88,87
2026-01-19T09:00,-5.7,-4.5,194.0,228.0,5.92,5.59,92,88
2026-01-19T10:00,-4.9,-3.9,222.0,252.0,5.16,5.2,88,99
2026-01-19T11:00,-4.3,-3.5,240.0,214.0,5.24,5.41,96,93
2026-01-19T12:00,-3.2,-3.4,236.0,221.0,5.9,5.35,76,93
2026-01-19T13:00,-3.0,-3.2,204.0,143.0,5.63,4.95,63,99
2026-01-19T14:00,-3.2,-3.3,121.0,61.0,5.47,5.11,76,97
2026-01-19T15:00,-3.8,-3.6,23.0,16.0,5.33,5.11,81,72
2026-01-19T16:00,-4.4,-4.3,0.0,0.0,5.61,5.57,71,41
2026-01-19T17:00,-4.8,-4.8,0.0,0.0,5.43,5.06,54,13
2026-01-19T18:00,-6.0,-5.3,0.0,0.0,6.93,3.51,31,34
2026-01-19T19:00,-6.3,-5.8,0.0,0.0,6.02,4.52,25,27
2026-01-19T20:00,-6.9,-6.0,0.0,0.0,5.3,5.2,0,6
2026-01-19T21:00,-7.5,-6.3,0.0,0.0,4.28,5.33,2,0
2026-01-19T22:00,-8.2,-6.5,0.0,0.0,3.78,5.55,13,0
2026-01-19T23:00,-8.8,-6.7,0.0,0.0,3.57,5.96,13,0
2026-01-20T00:00,-7.8,-7.8,0.0,0.0,4.29,4.46,30,35
2026-01-20T01:00,-8.0,-8.0,0.0,0.0,4.78,4.98,39,32
2026-01-20T02:00,-8.0,-8.1,0.0,0.0,4.98,5.55,43,13
2026-01-20T03:00,-8.2,-8.0,0.0,0.0,5.22,6.1,42,0
2026-01-20T04:00,-8.3,-7.9,0.0,0.0,5.51,6.31,34,0
2026-01-20T05:00,-8.4,-8.0,0.0,0.0,5.59,6.2,12,11
2026-01-20T06:00,-8.5,-8.7,4.0,4.0,5.89,5.28,0,0
2026-01-20T07:00,-7.5,-7.7,82.0,81.0,5.56,5.52,0,0
2026-01-20T08:00,-5.9,-6.0,212.0,211.0,5.08,5.22,0,0
2026-01-20T09:00,-4.7,-4.6,324.0,322.0,4.91,4.74,0,0
2026-01-20T10:00,-3.5,-3.2,392.0,391.0,3.64,3.57,10,0
2026-01-20T11:00,-2.6,-2.2,409.0,407.0,2.95,2.51,0,0
2026-01-20T12:00,-1.9,-1.9,372.0,372.0,2.88,2.45,0,0
2026-01-20T13:00,-1.8,-1.8,282.0,283.0,2.54,2.36,0,0
2026-01-20T14:00,-2.1,-2.1,156.0,157.0,2.48,2.06,0,0
2026-01-20T15:00,-3.4,-3.2,34.0,34.0,2.38,1.67,0,0
2026-01-20T16:00,-4.3,-4.3,0.0,0.0,1.97,1.31,0,0
2026-01-20T17:00,-4.9,-4.8,0.0,0.0,2.06,1.32,0,0
2026-01-20T18:00,-5.2,-6.5,0.0,0.0,2.51,1.55,2,3
2026-01-20T19:00,-5.5,-6.8,0.0,0.0,2.45,2.59,5,13
2026-01-20T20:00,-5.8,-7.2,0.0,0.0,2.72,3.81,19,36
2026-01-20T21:00,-6.2,-7.4,0.0,0.0,3.5,3.91,35,45
2026-01-20T22:00,-6.4,-7.5,0.0,0.0,4.13,3.6,42,47
2026-01-20T23:00,-6.6,-7.8,0.0,0.0,4.63,2.67,35,36
2026-01-21T00:00,-7.2,-5.9,0.0,0.0,4.06,3.92,45,2
2026-01-21T01:00,-7.2,-6.2,0.0,0.0,4.61,3.79,49,2
2026-01-21T02:00,-7.4,-6.5,0.0,0.0,4.84,4.68,53,1
2026-01-21T03:00,-7.5,-6.5,0.0,0.0,5.23,5.78,52,0
2026-01-21T04:00,-7.7,-6.3,0.0,0.0,6.17,6.08,48,3
2026-01-21T05:00,-7.6,-6.1,0.0,0.0,7.36,6.39,36,17
2026-01-21T06:00,-6.2,-5.8,3.0,4.0,8.43,6.66,58,35
2026-01-21T07:00,-4.0,-4.2,71.0,83.0,8.23,6.9,63,38
2026-01-21T08:00,-1.8,-1.7,179.0,201.0,8.06,6.91,66,53
2026-01-21T09:00,-0.3,-0.1,304.0,284.0,7.76,6.87,82,70
2026-01-21T10:00,0.7,0.8,355.0,326.0,6.97,6.37,81,86
2026-01-21T11:00,1.5,1.4,376.0,344.0,6.23,6.09,92,82
2026-01-21T12:00,1.8,2.1,334.0,314.0,6.32,6.95,64,79
2026-01-21T13:00,1.8,2.4,229.0,223.0,6.77,6.9,73,83
2026-01-21T14:00,1.7,2.3,108.0,118.0,6.13,7.13,100,84
2026-01-21T15:00,1.2,1.6,29.0,28.0,6.91,7.07,95,76
2026-01-21T16:00,1.0,1.5,0.0,0.0,6.94,8.17,100,84
2026-01-21T17:00,1.1,1.6,0.0,0.0,6.79,8.49,100,100
2026-01-21T18:00,0.8,1.4,0.0,0.0,7.58,7.72,98,100
2026-01-21T19:00,1.0,1.5,0.0,0.0,7.64,7.58,94,100
2026-01-21T20:00,1.1,1.7,0.0,0.0,7.45,8.03,100,100
2026-01-21T21:00,1.2,2.0,0.0,0.0,7.56,7.84,100,92
2026-01-21T22:00,1.8,1.8,0.0,0.0,7.67,7.53,98,98
2026-01-21T23:00,1.9,2.0,0.0,0.0,7.56,7.82,94,97
2026-01-22T00:00,2.0,1.7,0.0,0.0,8.08,7.71,92,93
2026-01-22T01:00,1.9,2.1,0.0,0.0,7.7,7.73,86,99
2026-01-22T02:00,2.0,1.9,0.0,0.0,7.41,7.69,99,100
2026-01-22T03:00,2.0,1.9,0.0,0.0,7.27,7.21,100,98
2026-01-22T04:00,2.3,1.5,0.0,0.0,7.54,6.72,99,86
2026-01-22T05:00,2.6,1.4,0.0,0.0,7.86,5.9,100,100
2026-01-22T06:00,2.6,2.3,1.0,2.0,7.48,6.84,100,96
2026-01-22T07:00,2.5,2.6,22.0,27.0,7.1,6.95,100,98
2026-01-22T08:00,2.6,3.1,50.0,57.0,6.28,7.15,100,97
2026-01-22T09:00,2.8,3.5,68.0,90.0,6.53,7.41,100,98
2026-01-22T10:00,2.9,3.9,71.0,97.0,6.18,8.19,100,100
2026-01-22T11:00,3.1,3.8,69.0,100.0,6.47,7.32,100,100
2026-01-22T12:00,2.9,3.8,59.0,84.0,5.98,6.39,100,100
2026-01-22T13:00,3.1,3.5,62.0,52.0,5.88,6.75,100,100
2026-01-22T14:00,3.3,3.3,31.0,33.0,6.5,6.86,100,100
2026-01-22T15:00,2.9,3.2,7.0,8.0,6.99,8.08,100,100
2026-01-22T16:00,2.8,3.2,0.0,0.0,7.51,7.59,100,100
2026-01-22T17:00,3.0,3.2,0.0,0.0,7.15,7.84,100,100
2026-01-22T18:00,2.9,2.2,0.0,0.0,6.67,5.24,99,100
2026-01-22T19:00,2.7,1.9,0.0,0.0,5.93,3.72,99,100
2026-01-22T20:00,2.5,1.8,0.0,0.0,5.39,2.69,99,100
2026-01-22T21:00,2.5,1.7,0.0,0.0,4.02,0.31,100,99
2026-01-22T22:00,2.2,1.5,0.0,0.0,1.58,4.99,100,99
2026-01-22T23:00,1.8,0.8,0.0,0.0,2.45,6.18,100,100
2026-01-23T00:00,1.8,0.2,0.0,0.0,3.86,6.2,100,100
2026-01-23T01:00,1.4,0.1,0.0,0.0,4.16,6.57,100,100
2026-01-23T02:00,0.9,-0.0,0.0,0.0,5.92,6.64,100,100
2026-01-23T03:00,0.5,-0.1,0.0,0.0,6.48,6.35,100,100
2026-01-23T04:00,0.4,-0.1,0.0,0.0,6.36,6.61,100,100
2026-01-23T05:00,0.3,-0.1,0.0,0.0,6.22,6.6,100,100
2026-01-23T06:00,0.5,0.2,1.0,2.0,6.14,5.36,100,100
2026-01-23T07:00,0.5,0.3,20.0,19.0,6.2,5.06,100,100
2026-01-23T08:00,0.7,0.5,59.0,47.0,5.93,4.67,100,100
2026-01-23T09:00,1.0,0.9,87.0,90.0,5.87,4.25,100,100
2026-01-23T10:00,1.2,1.1,95.0,93.0,5.26,4.3,100,100
2026-01-23T11:00,1.6,1.3,136.0,106.0,4.52,4.38,100,100
2026-01-23T12:00,1.0,1.0,60.0,95.0,4.87,4.59,100,100
2026-01-23T13:00,1.1,1.0,50.0,62.0,4.45,4.55,100,100
2026-01-23T14:00,1.2,0.8,26.0,36.0,3.92,4.48,100,100
2026-01-23T15:00,1.1,0.6,8.0,9.0,3.55,5.35,100,99
2026-01-23T16:00,1.1,0.5,0.0,0.0,2.97,5.55,100,100
2026-01-23T17:00,1.0,0.5,0.0,0.0,2.54,5.52,100,100
2026-01-23T18:00,1.7,0.5,0.0,0.0,3.64,5.08,100,100
2026-01-23T19:00,1.6,0.3,0.0,0.0,4.0,5.3,100,100
2026-01-23T20:00,1.5,0.3,0.0,0.0,4.19,5.27,100,100
2026-01-23T21:00,1.4,0.2,0.0,0.0,4.17,4.88,100,100
2026-01-23T22:00,1.3,0.2,0.0,0.0,3.95,3.95,100,100
2026-01-23T23:00,1.2,0.3,0.0,0.0,3.88,3.37,100,100
2026-01-24T00:00,0.9,0.7,0.0,0.0,3.12,2.0,100,100
2026-01-24T01:00,0.8,0.6,0.0,0.0,2.78,1.76,100,100
2026-01-24T02:00,0.7,0.5,0.0,0.0,2.69,1.98,100,100
2026-01-24T03:00,0.5,0.5,0.0,0.0,3.33,2.39,100,100
2026-01-24T04:00,0.5,0.5,0.0,0.0,3.73,2.94,100,100
2026-01-24T05:00,0.4,0.6,0.0,0.0,3.52,2.67,100,100
2026-01-24T06:00,0.3,0.3,2.0,1.0,3.43,0.55,100,100
2026-01-24T07:00,0.6,0.5,29.0,18.0,4.24,0.35,100,100
2026-01-24T08:00,1.0,1.0,67.0,47.0,4.13,0.71,100,100
2026-01-24T09:00,1.5,1.5,96.0,81.0,3.79,0.77,100,100
2026-01-24T10:00,1.8,2.2,107.0,110.0,1.85,1.28,100,100
2026-01-24T11:00,2.1,2.8,91.0,123.0,2.22,1.59,100,100
2026-01-24T12:00,2.7,2.7,93.0,101.0,2.84,2.63,100,100
2026-01-24T13:00,3.1,2.9,95.0,86.0,3.61,3.22,100,100
2026-01-24T14:00,3.1,2.9,58.0,47.0,3.24,4.93,100,100
2026-01-24T15:00,2.8,2.7,15.0,17.0,4.84,5.18,100,100
2026-01-24T16:00,2.5,2.6,0.0,0.0,5.31,5.39,100,100
2026-01-24T17:00,2.5,2.6,0.0,0.0,5.41,5.36,100,100
2026-01-24T18:00,2.5,3.2,0.0,0.0,5.49,5.37,100,99
2026-01-24T19:00,2.8,3.5,0.0,0.0,5.8,5.56,100,100
2026-01-24T20:00,2.9,3.7,0.0,0.0,5.68,5.75,100,100
2026-01-24T21:00,3.0,3.8,0.0,0.0,5.06,5.89,100,100
2026-01-24T22:00,3.2,3.8,0.0,0.0,5.65,5.59,100,100
2026-01-24T23:00,3.4,3.7,0.0,0.0,5.57,5.4,100,100
2026-01-25T00:00,3.3,4.0,0.0,0.0,5.56,6.03,100,100
2026-01-25T01:00,3.5,3.9,0.0,0.0,6.14,5.72,100,100
2026-01-25T02:00,3.7,3.9,0.0,0.0,6.28,5.59,100,100
2026-01-25T03:00,3.9,4.0,0.0,0.0,6.27,4.93,100,99
2026-01-25T04:00,3.8,3.9,0.0,0.0,5.75,4.22,100,97
2026-01-25T05:00,3.8,4.1,0.0,0.0,4.25,3.64,98,99
2026-01-25T06:00,2.8,3.9,3.0,2.0,3.47,3.07,81,99
2026-01-25T07:00,3.0,3.9,44.0,31.0,3.44,2.79,85,100
2026-01-25T08:00,4.1,4.5,107.0,71.0,3.59,3.08,93,100
2026-01-25T09:00,5.4,5.5,165.0,142.0,3.69,3.05,96,95
2026-01-25T10:00,6.7,6.5,237.0,195.0,3.26,3.32,84,84
2026-01-25T11:00,7.3,7.2,239.0,241.0,3.53,1.88,92,74
2026-01-25T12:00,7.1,8.0,245.0,230.0,1.98,1.57,69,91
2026-01-25T13:00,7.3,8.2,202.0,175.0,3.37,1.89,92,85
2026-01-25T14:00,6.6,8.3,111.0,116.0,3.9,3.2,96,75
2026-01-25T15:00,5.3,7.4,28.0,31.0,4.44,4.67,99,83
2026-01-25T16:00,4.3,6.4,0.0,0.0,4.61,5.41,100,93
2026-01-25T17:00,4.0,6.0,0.0,0.0,5.27,6.82,99,89
2026-01-25T18:00,3.9,5.6,0.0,0.0,6.25,6.47,94,84
2026-01-25T19:00,4.5,5.6,0.0,0.0,7.29,6.64,97,100
2026-01-25T20:00,4.9,5.7,0.0,0.0,6.94,6.69,100,100
2026-01-25T21:00,5.2,5.6,0.0,0.0,6.93,6.48,97,100
2026-01-25T22:00,5.4,5.6,0.0,0.0,6.75,6.61,100,100
2026-01-25T23:00,5.6,5.8,0.0,0.0,6.73,7.33,100,100
2026-01-26T00:00,5.8,6.3,0.0,0.0,7.14,7.41,100,100
2026-01-26T01:00,6.2,6.5,0.0,0.0,7.19,7.65,100,100
2026-01-26T02:00,6.5,6.9,0.0,0.0,7.44,8.17,100,89
2026-01-26T03:00,6.8,7.1,0.0,0.0,8.11,8.4,100,88
2026-01-26T04:00,7.1,7.3,0.0,0.0,8.4,8.98,100,100
2026-01-26T05:00,7.2,7.6,0.0,0.0,8.4,9.48,100,100
2026-01-26T06:00,7.8,8.5,3.0,3.0,8.9,10.3,100,100
2026-01-26T07:00,8.2,9.0,35.0,40.0,9.48,9.52,100,100
2026-01-26T08:00,8.8,9.3,63.0,90.0,9.93,9.58,100,100
2026-01-26T09:00,9.2,9.4,71.0,72.0,9.33,9.39,100,100
2026-01-26T10:00,9.3,9.6,89.0,70.0,9.17,9.46,100,100
2026-01-26T11:00,9.3,9.8,91.0,85.0,9.7,9.73,100,100
2026-01-26T12:00,9.3,9.5,82.0,101.0,10.96,9.5,100,100
2026-01-26T13:00,8.9,9.0,76.0,75.0,11.04,10.12,100,100
2026-01-26T14:00,8.4,8.5,58.0,38.0,11.83,10.62,100,100
2026-01-26T15:00,7.8,7.9,16.0,15.0,12.59,11.39,100,100
2026-01-26T16:00,7.4,7.4,0.0,0.0,12.93,12.89,100,100
2026-01-26T17:00,7.3,7.3,0.0,0.0,13.61,13.18,100,100
2026-01-26T18:00,7.0,7.1,0.0,0.0,11.35,13.21,100,100
2026-01-26T19:00,7.0,7.0,0.0,0.0,11.09,12.28,100,100
2026-01-26T20:00,7.0,6.9,0.0,0.0,11.08,12.5,100,100
2026-01-26T21:00,6.9,6.9,0.0,0.0,10.91,12.17,100,100
2026-01-26T22:00,6.9,6.8,0.0,0.0,10.7,11.32,100,100
2026-01-26T23:00,6.9,6.6,0.0,0.0,10.06,10.3,100,100
2026-01-27T00:00,7.1,6.8,0.0,0.0,10.53,10.61,100,100
2026-01-27T01:00,7.0,6.7,0.0,0.0,9.84,10.78,100,100
2026-01-27T02:00,6.9,6.6,0.0,0.0,8.61,10.19,100,100
2026-01-27T03:00,6.9,6.5,0.0,0.0,7.75,9.41,100,100
2026-01-27T04:00,6.8,6.6,0.0,0.0,7.28,8.77,100,100
2026-01-27T05:00,6.8,6.6,0.0,0.0,6.76,8.49,100,100
2026-01-27T06:00,6.6,6.5,3.0,2.0,7.28,3.82,100,100
2026-01-27T07:00,7.0,6.8,44.0,29.0,6.3,3.33,96,100
2026-01-27T08:00,7.7,7.3,95.0,49.0,5.19,2.61,93,100
2026-01-27T09:00,9.2,8.2,172.0,108.0,3.1,2.29,95,99
2026-01-27T10:00,10.2,10.4,179.0,210.0,3.55,3.4,99,97
2026-01-27T11:00,10.9,11.1,133.0,202.0,3.38,4.24,100,99
2026-01-27T12:00,11.0,10.5,170.0,123.0,1.81,3.53,96,100
2026-01-27T13:00,11.3,9.2,181.0,76.0,1.06,5.99,91,99
2026-01-27T14:00,10.7,7.8,86.0,62.0,2.05,5.52,95,94
2026-01-27T15:00,9.4,6.7,12.0,21.0,2.27,4.71,87,100
2026-01-27T16:00,8.3,6.0,0.0,0.0,1.24,5.96,94,100
2026-01-27T17:00,7.3,5.7,0.0,0.0,2.38,5.49,99,100
2026-01-27T18:00,6.6,4.8,0.0,0.0,1.27,5.51,99,98
2026-01-27T19:00,5.9,4.6,0.0,0.0,3.87,6.39,100,99
2026-01-27T20:00,5.3,4.4,0.0,0.0,5.82,7.52,100,98
2026-01-27T21:00,4.9,4.1,0.0,0.0,6.01,7.84,99,90
2026-01-27T22:00,4.6,3.7,0.0,0.0,5.45,7.95,92,90
2026-01-27T23:00,4.4,3.8,0.0,0.0,5.2,8.82,93,98
2026-01-28T00:00,3.7,4.1,0.0,0.0,6.77,6.97,99,90
2026-01-28T01:00,3.9,4.2,0.0,0.0,6.48,6.65,100,99
2026-01-28T02:00,4.0,4.4,0.0,0.0,5.88,5.5,97,99
2026-01-28T03:00,3.8,4.4,0.0,0.0,6.08,5.11,94,100
2026-01-28T04:00,3.8,4.4,0.0,0.0,5.5,5.48,83,100
2026-01-28T05:00,3.7,4.5,0.0,0.0,5.53,6.31,80,100
2026-01-28T06:00,3.9,4.6,5.0,3.0,4.49,5.59,68,99
2026-01-28T07:00,4.5,5.2,75.0,56.0,5.31,5.35,85,76
2026-01-28T08:00,5.5,6.3,132.0,175.0,4.08,4.4,89,74
2026-01-28T09:00,6.3,7.2,204.0,251.0,3.49,4.04,71,68
2026-01-28T10:00,7.6,8.1,312.0,274.0,3.41,4.49,59,81
2026-01-28T11:00,8.9,9.3,379.0,337.0,4.33,4.3,45,56
2026-01-28T12:00,8.7,9.1,270.0,276.0,4.62,3.52,73,72
2026-01-28T13:00,9.5,9.6,241.0,255.0,4.92,3.63,67,66
2026-01-28T14:00,9.6,9.9,135.0,120.0,5.2,4.13,71,82
2026-01-28T15:00,8.5,9.1,43.0,35.0,5.72,4.91,78,95
2026-01-28T16:00,7.3,8.1,0.0,0.0,7.65,6.77,60,100
2026-01-28T17:00,6.4,7.1,0.0,0.0,7.97,8.62,74,100
2026-01-28T18:00,5.9,6.7,0.0,0.0,8.38,8.84,98,100
2026-01-28T19:00,5.9,6.6,0.0,0.0,8.92,9.03,100,100
2026-01-28T20:00,6.1,6.6,0.0,0.0,9.12,9.12,100,100
2026-01-28T21:00,6.3,6.6,0.0,0.0,9.32,8.77,96,100
2026-01-28T22:00,6.4,6.6,0.0,0.0,9.33,8.67,99,99
2026-01-28T23:00,6.5,6.7,0.0,0.0,8.99,8.98,93,96
2026-01-29T00:00,6.6,6.8,0.0,0.0,8.6,8.24,100,81
2026-01-29T01:00,6.5,6.5,0.0,0.0,8.3,6.65,100,72
2026-01-29T02:00,6.3,6.1,0.0,0.0,7.75,6.98,100,38
2026-01-29T03:00,6.1,5.6,0.0,0.0,7.67,7.38,92,93
2026-01-29T04:00,5.9,5.6,0.0,0.0,7.39,7.33,97,100
2026-01-29T05:00,5.9,5.8,0.0,0.0,6.99,6.19,80,100
2026-01-29T06:00,5.5,5.0,7.0,8.0,5.48,5.59,38,100
2026-01-29T07:00,6.1,6.0,101.0,75.0,4.27,4.78,50,100
2026-01-29T08:00,8.3,7.9,209.0,157.0,4.83,4.99,60,100
2026-01-29T09:00,9.9,9.5,300.0,217.0,4.83,4.55,99,100
2026-01-29T10:00,11.4,10.7,361.0,230.0,2.9,3.52,100,100
2026-01-29T11:00,12.1,11.6,298.0,238.0,2.55,2.29,100,100
2026-01-29T12:00,13.3,12.8,350.0,293.0,2.35,2.38,100,100
2026-01-29T13:00,13.3,12.8,217.0,186.0,2.94,1.58,100,100
2026-01-29T14:00,12.6,12.2,100.0,103.0,3.43,0.93,94,100
2026-01-29T15:00,11.1,10.7,28.0,28.0,4.3,1.97,99,90
2026-01-29T16:00,10.1,9.1,0.0,0.0,5.63,3.13,100,94
2026-01-29T17:00,9.5,8.4,0.0,0.0,4.8,4.47,100,94
2026-01-29T18:00,8.7,9.3,0.0,0.0,4.17,5.65,100,100
2026-01-29T19:00,8.6,9.2,0.0,0.0,3.94,5.63,100,100
2026-01-29T20:00,8.3,8.9,0.0,0.0,3.9,5.71,99,100
2026-01-29T21:00,7.9,8.4,0.0,0.0,4.52,6.7,100,100
2026-01-29T22:00,7.5,8.1,0.0,0.0,6.63,7.43,100,100
2026-01-29T23:00,7.1,7.9,0.0,0.0,8.55,7.07,99,100
2026-01-30T00:00,6.4,7.3,0.0,0.0,8.37,9.18,100,100
2026-01-30T01:00,6.1,6.8,0.0,0.0,9.35,10.94,100,100
2026-01-30T02:00,5.9,6.1,0.0,0.0,10.16,10.81,100,100
2026-01-30T03:00,5.7,5.7,0.0,0.0,10.92,11.66,100,100
2026-01-30T04:00,5.4,5.3,0.0,0.0,10.91,11.84,100,100
2026-01-30T05:00,5.2,5.1,0.0,0.0,10.28,11.25,100,100
2026-01-30T06:00,4.9,5.6,1.0,1.0,9.15,11.43,100,100
2026-01-30T07:00,4.3,5.4,12.0,10.0,9.25,10.73,100,100
2026-01-30T08:00,4.1,5.3,29.0,24.0,9.5,10.14,100,100
2026-01-30T09:00,3.9,5.1,36.0,27.0,9.84,9.25,100,100
2026-01-30T10:00,3.7,5.0,45.0,39.0,10.77,9.14,100,100
2026-01-30T11:00,3.6,4.9,39.0,52.0,11.04,7.47,100,100
2026-01-30T12:00,3.6,4.9,40.0,44.0,10.85,10.1,99,100
2026-01-30T13:00,3.8,4.7,45.0,42.0,11.48,9.88,98,100
2026-01-30T14:00,3.8,4.4,32.0,22.0,11.13,9.01,98,99
2026-01-30T15:00,3.6,4.2,11.0,6.0,10.91,8.14,99,100
2026-01-30T16:00,3.3,3.9,0.0,0.0,10.8,7.96,99,100
2026-01-30T17:00,3.1,3.7,0.0,0.0,10.52,8.57,99,100
2026-01-30T18:00,2.5,3.0,0.0,0.0,10.66,9.45,98,100
2026-01-30T19:00,2.2,2.7,0.0,0.0,10.08,9.37,100,100
2026-01-30T20:00,1.9,2.4,0.0,0.0,9.46,9.72,99,100
2026-01-30T21:00,1.6,2.1,0.0,0.0,9.11,9.5,100,100
2026-01-30T22:00,1.4,1.7,0.0,0.0,8.75,9.24,100,100
2026-01-30T23:00,1.3,1.4,0.0,0.0,8.52,8.7,100,100
2026-01-31T00:00,1.0,0.5,0.0,0.0,9.11,8.37,100,98
2026-01-31T01:00,0.8,0.3,0.0,0.0,7.8,7.57,100,99
2026-01-31T02:00,0.6,0.1,0.0,0.0,7.19,7.28,99,100
2026-01-31T03:00,0.3,-0.2,0.0,0.0,6.68,6.67,99,100
2026-01-31T04:00,-0.1,-0.5,0.0,0.0,6.41,6.76,100,100
2026-01-31T05:00,-0.4,-0.4,0.0,0.0,5.89,6.75,100,100
2026-01-31T06:00,-0.4,-0.7,4.0,4.0,5.8,6.67,100,98
2026-01-31T07:00,-0.2,-0.7,49.0,42.0,5.74,6.0,97,97
2026-01-31T08:00,0.0,-0.6,117.0,87.0,5.52,5.03,92,100
2026-01-31T09:00,0.5,-0.6,161.0,94.0,4.44,5.19,93,100
2026-01-31T10:00,0.9,-0.4,187.0,136.0,4.31,5.83,96,98
2026-01-31T11:00,1.2,-0.3,195.0,152.0,5.02,5.9,93,99
2026-01-31T12:00,0.8,1.0,180.0,174.0,5.49,4.21,97,97
2026-01-31T13:00,0.5,1.0,133.0,142.0,4.8,3.96,98,97
2026-01-31T14:00,0.3,0.9,85.0,90.0,5.78,4.31,97,93
2026-01-31T15:00,-0.2,0.5,29.0,30.0,5.78,4.28,93,92
2026-01-31T16:00,-0.7,-0.1,0.0,0.0,5.4,4.91,89,90
2026-01-31T17:00,-1.0,-0.6,0.0,0.0,4.73,4.78,93,87
2026-01-31T18:00,-1.1,-0.9,0.0,0.0,4.5,5.3,100,96
2026-01-31T19:00,-1.3,-1.1,0.0,0.0,4.68,4.34,97,94
2026-01-31T20:00,-1.5,-1.4,0.0,0.0,4.16,4.6,96,88
2026-01-31T21:00,-1.8,-1.7,0.0,0.0,4.19,4.48,97,93
2026-01-31T22:00,-2.1,-2.0,0.0,0.0,4.16,4.71,97,92
2026-01-31T23:00,-2.3,-2.3,0.0,0.0,3.78,4.71,98,95
2026-02-01T00:00,-3.3,-2.7,0.0,0.0,4.74,4.48,96,95
2026-02-01T01:00,-3.4,-3.1,0.0,0.0,4.23,4.13,96,97
2026-02-01T02:00,-3.6,-3.3,0.0,0.0,4.11,4.91,98,96
2026-02-01T03:00,-3.8,-3.6,0.0,0.0,4.75,5.41,97,95
2026-02-01T04:00,-4.0,-3.9,0.0,0.0,4.71,4.92,97,98
2026-02-01T05:00,-4.1,-4.2,0.0,0.0,4.35,5.11,98,98
2026-02-01T06:00,-4.0,-3.4,4.0,5.0,3.4,3.53,98,97
2026-02-01T07:00,-4.1,-3.5,39.0,46.0,3.9,4.24,97,96
2026-02-01T08:00,-3.9,-3.3,105.0,121.0,5.11,3.89,92,94
2026-02-01T09:00,-3.5,-3.0,200.0,200.0,5.45,3.75,79,92
2026-02-01T10:00,-3.1,-2.6,288.0,247.0,4.37,4.85,81,81
2026-02-01T11:00,-2.9,-2.3,281.0,292.0,4.64,5.02,82,75
2026-02-01T12:00,-2.0,-2.7,344.0,279.0,5.43,4.84,80,77
2026-02-01T13:00,-2.1,-2.8,255.0,232.0,6.14,5.41,100,100
2026-02-01T14:00,-2.8,-3.3,105.0,135.0,7.53,6.63,100,100
2026-02-01T15:00,-3.5,-4.1,30.0,43.0,8.74,7.69,100,100
2026-02-01T16:00,-4.0,-4.8,0.0,0.0,9.65,8.03,100,100
2026-02-01T17:00,-4.4,-5.2,0.0,0.0,8.84,8.05,100,100
2026-02-01T18:00,-4.7,-5.2,0.0,0.0,8.68,9.13,100,100
2026-02-01T19:00,-5.1,-5.3,0.0,0.0,11.29,9.71,100,100
2026-02-01T20:00,-5.2,-5.3,0.0,0.0,8.84,10.12,100,100
2026-02-01T21:00,-5.3,-5.3,0.0,0.0,10.0,10.49,100,100
2026-02-01T22:00,-5.4,-5.3,0.0,0.0,9.55,12.23,100,100
2026-02-01T23:00,-5.2,-4.9,0.0,0.0,10.34,12.33,100,100
2026-02-02T00:00,-5.0,-5.5,0.0,0.0,9.9,10.79,100,100
2026-02-02T01:00,-5.1,-5.5,0.0,0.0,9.86,10.31,100,100
2026-02-02T02:00,-5.2,-5.6,0.0,0.0,9.48,10.14,100,100
2026-02-02T03:00,-5.4,-5.5,0.0,0.0,9.33,9.92,99,100
2026-02-02T04:00,-5.7,-5.7,0.0,0.0,8.86,9.27,100,100
2026-02-02T05:00,-5.8,-6.1,0.0,0.0,8.34,8.89,99,100
2026-02-02T06:00,-7.2,-6.1,6.0,4.0,8.59,8.1,98,100
2026-02-02T07:00,-7.0,-6.0,51.0,36.0,7.42,8.03,100,100
2026-02-02T08:00,-6.5,-5.8,98.0,76.0,6.92,7.63,100,100
2026-02-02T09:00,-5.9,-5.4,140.0,123.0,7.06,7.0,100,100
2026-02-02T10:00,-5.1,-4.9,207.0,153.0,6.33,6.34,98,100
2026-02-02T11:00,-4.7,-4.5,226.0,145.0,5.57,5.82,93,100
2026-02-02T12:00,-4.5,-4.4,207.0,216.0,6.58,6.46,92,99
2026-02-02T13:00,-4.4,-4.4,170.0,166.0,6.67,6.31,84,99
2026-02-02T14:00,-4.5,-4.5,115.0,97.0,6.32,6.18,86,99
2026-02-02T15:00,-4.8,-4.8,36.0,33.0,6.04,5.98,97,100
2026-02-02T16:00,-5.0,-5.1,1.0,1.0,6.17,5.98,95,100
2026-02-02T17:00,-5.2,-5.1,0.0,0.0,5.71,5.1,100,100
2026-02-02T18:00,-5.8,-4.8,0.0,0.0,4.82,4.96,87,89
2026-02-02T19:00,-5.9,-4.9,0.0,0.0,4.34,4.3,90,87
2026-02-02T20:00,-6.0,-5.1,0.0,0.0,4.12,3.92,89,88
2026-02-02T21:00,-6.0,-5.3,0.0,0.0,3.76,3.57,87,85
2026-02-02T22:00,-6.1,-5.4,0.0,0.0,3.19,3.07,84,85
2026-02-02T23:00,-6.2,-5.6,0.0,0.0,3.0,3.11,84,85
2026-02-03T00:00,-6.5,-5.3,0.0,0.0,4.12,2.51,96,91
2026-02-03T01:00,-6.8,-5.4,0.0,0.0,3.89,2.19,90,90
2026-02-03T02:00,-7.2,-5.5,0.0,0.0,3.76,2.29,89,78
2026-02-03T03:00,-7.2,-5.6,0.0,0.0,3.61,2.3,95,76
2026-02-03T04:00,-7.3,-5.8,0.0,0.0,3.67,2.22,92,75
2026-02-03T05:00,-7.5,-6.0,0.0,0.0,3.6,2.43,92,79
2026-02-03T06:00,-7.5,-7.4,12.0,12.0,3.86,2.94,49,49
2026-02-03T07:00,-6.2,-6.4,112.0,116.0,3.02,2.64,50,4
2026-02-03T08:00,-5.0,-5.3,249.0,264.0,1.84,1.59,38,0
2026-02-03T09:00,-4.0,-4.0,373.0,384.0,2.19,1.46,40,4
2026-02-03T10:00,-3.2,-3.0,446.0,451.0,1.32,1.59,35,21
2026-02-03T11:00,-2.5,-2.3,463.0,462.0,0.55,1.06,34,28
2026-02-03T12:00,-1.9,-1.7,440.0,425.0,0.35,1.46,0,9
2026-02-03T13:00,-1.6,-1.5,346.0,344.0,1.33,2.15,0,0
2026-02-03T14:00,-1.9,-1.7,214.0,213.0,2.51,3.14,0,0
2026-02-03T15:00,-2.7,-2.1,71.0,71.0,3.95,3.88,1,8
2026-02-03T16:00,-3.5,-2.8,1.0,1.0,4.71,4.71,0,46
2026-02-03T17:00,-4.1,-3.1,0.0,0.0,5.28,5.56,0,40
2026-02-03T18:00,-3.5,-3.9,0.0,0.0,6.0,5.48,31,16
2026-02-03T19:00,-3.5,-3.8,0.0,0.0,5.79,6.3,48,41
2026-02-03T20:00,-3.2,-3.5,0.0,0.0,5.98,6.26,75,68
2026-02-03T21:00,-2.9,-2.8,0.0,0.0,6.55,5.76,55,92
2026-02-03T22:00,-2.3,-2.0,0.0,0.0,7.51,5.47,85,96
2026-02-03T23:00,-1.2,-1.4,0.0,0.0,7.72,6.18,95,100
2026-02-04T00:00,-0.6,-1.5,0.0,0.0,7.92,7.69,90,97
2026-02-04T01:00,0.0,-0.4,0.0,0.0,7.73,7.94,99,100
2026-02-04T02:00,0.5,-0.0,0.0,0.0,7.34,8.18,100,96
2026-02-04T03:00,0.9,0.5,0.0,0.0,8.16,8.68,97,99
2026-02-04T04:00,1.5,1.1,0.0,0.0,8.12,9.08,97,100
2026-02-04T05:00,1.6,1.3,0.0,0.0,9.72,8.71,99,97
2026-02-04T06:00,2.2,1.8,6.0,4.0,9.8,8.21,99,99
2026-02-04T07:00,2.4,2.3,44.0,48.0,10.52,9.26,98,99
2026-02-04T08:00,2.8,2.7,109.0,99.0,9.76,9.73,100,98
2026-02-04T09:00,3.3,3.4,182.0,182.0,9.81,9.05,100,96
2026-02-04T10:00,3.7,3.6,205.0,196.0,10.12,9.27,100,96
2026-02-04T11:00,4.1,3.9,216.0,226.0,9.35,10.39,100,100
2026-02-04T12:00,4.3,4.2,195.0,226.0,9.87,8.98,100,100
2026-02-04T13:00,4.3,4.1,155.0,140.0,9.84,11.09,100,100
2026-02-04T14:00,4.3,4.1,88.0,77.0,10.74,10.71,100,100
2026-02-04T15:00,4.1,3.9,28.0,25.0,11.77,11.82,100,100
2026-02-04T16:00,4.3,4.0,1.0,1.0,12.56,12.69,100,100
2026-02-04T17:00,4.5,3.9,0.0,0.0,11.94,12.26,100,100
2026-02-04T18:00,4.4,4.7,0.0,0.0,12.54,11.72,100,100
2026-02-04T19:00,4.7,4.8,0.0,0.0,12.13,11.71,100,99
2026-02-04T20:00,4.9,5.0,0.0,0.0,12.23,12.07,100,94
2026-02-04T21:00,5.0,5.1,0.0,0.0,11.79,11.99,100,95
2026-02-04T22:00,5.1,5.1,0.0,0.0,11.43,11.92,100,100
2026-02-04T23:00,5.2,5.2,0.0,0.0,11.14,12.03,100,100
2026-02-05T00:00,5.2,5.1,0.0,0.0,11.71,12.42,97,100
2026-02-05T01:00,5.3,5.1,0.0,0.0,11.43,11.3,100,100
2026-02-05T02:00,5.4,5.2,0.0,0.0,11.16,10.6,94,100
2026-02-05T03:00,5.5,5.4,0.0,0.0,11.17,10.85,90,100
2026-02-05T04:00,5.5,5.5,0.0,0.0,11.63,10.8,98,99
2026-02-05T05:00,5.5,5.4,0.0,0.0,11.41,10.53,100,97
2026-02-05T06:00,5.9,5.7,4.0,6.0,11.5,10.34,100,100
2026-02-05T07:00,6.3,6.0,30.0,25.0,10.65,11.54,100,100
2026-02-05T08:00,6.7,6.5,69.0,56.0,10.77,9.93,100,100
2026-02-05T09:00,7.3,7.2,120.0,118.0,10.27,10.23,96,100
2026-02-05T10:00,7.7,7.8,161.0,136.0,9.7,9.84,99,98
2026-02-05T11:00,7.6,7.9,123.0,136.0,9.92,10.44,100,98
2026-02-05T12:00,7.5,7.9,110.0,107.0,10.83,8.99,100,100
2026-02-05T13:00,7.3,7.7,68.0,69.0,10.92,9.93,100,100
2026-02-05T14:00,7.1,7.4,50.0,47.0,11.28,10.65,100,100
2026-02-05T15:00,6.9,7.1,16.0,20.0,11.04,11.39,100,100
2026-02-05T16:00,6.7,6.9,0.0,1.0,11.24,11.87,100,100
2026-02-05T17:00,6.7,6.8,0.0,0.0,11.96,11.92,100,100
2026-02-05T18:00,6.7,6.6,0.0,0.0,12.01,12.57,100,100
2026-02-05T19:00,6.7,6.7,0.0,0.0,11.58,13.49,100,100
2026-02-05T20:00,6.8,6.6,0.0,0.0,11.12,13.02,100,99
2026-02-05T21:00,6.7,6.6,0.0,0.0,10.52,12.36,99,100
2026-02-05T22:00,6.6,6.5,0.0,0.0,10.87,11.93,98,100
2026-02-05T23:00,6.6,6.5,0.0,0.0,11.04,11.59,100,100
2026-02-06T00:00,6.8,6.7,0.0,0.0,10.74,11.32,100,100
2026-02-06T01:00,7.0,6.7,0.0,0.0,9.98,10.53,100,100
2026-02-06T02:00,7.1,6.7,0.0,0.0,9.59,10.34,100,98
2026-02-06T03:00,6.9,6.7,0.0,0.0,8.34,10.1,100,99
2026-02-06T04:00,7.0,6.9,0.0,0.0,5.02,9.23,99,100
2026-02-06T05:00,6.9,7.0,0.0,0.0,3.77,8.93,100,100
2026-02-06T06:00,6.9,7.0,3.0,5.0,4.59,3.06,100,100
2026-02-06T07:00,7.0,7.2,22.0,30.0,2.89,3.44,99,100
2026-02-06T08:00,7.4,7.3,55.0,100.0,2.89,3.58,100,92
2026-02-06T09:00,7.2,7.2,69.0,184.0,4.21,3.76,100,87
2026-02-06T10:00,6.7,7.6,101.0,267.0,4.25,3.85,100,80
2026-02-06T11:00,6.8,8.1,134.0,335.0,4.61,4.42,96,76
2026-02-06T12:00,7.5,6.9,204.0,176.0,3.82,4.44,93,100
2026-02-06T13:00,7.5,6.9,162.0,138.0,3.52,4.44,99,100
2026-02-06T14:00,7.4,6.8,95.0,89.0,3.66,3.56,95,100
2026-02-06T15:00,7.1,6.6,35.0,31.0,2.79,2.61,85,100
2026-02-06T16:00,6.5,6.3,1.0,1.0,2.69,2.55,92,100
2026-02-06T17:00,6.3,6.1,0.0,0.0,2.86,3.76,100,100
2026-02-06T18:00,5.9,5.4,0.0,0.0,2.83,4.37,100,100
2026-02-06T19:00,5.6,5.4,0.0,0.0,2.84,3.87,94,100
2026-02-06T20:00,5.1,5.3,0.0,0.0,2.5,3.96,95,100
2026-02-06T21:00,4.7,5.2,0.0,0.0,1.55,2.55,98,100
2026-02-06T22:00,4.8,5.1,0.0,0.0,2.37,3.19,100,97
2026-02-06T23:00,5.1,4.9,0.0,0.0,3.37,2.98,100,95
2026-02-07T00:00,4.3,5.1,0.0,0.0,2.77,3.45,100,100
2026-02-07T01:00,4.4,5.3,0.0,0.0,2.63,3.72,100,100
2026-02-07T02:00,4.5,5.4,0.0,0.0,2.54,3.52,99,100
2026-02-07T03:00,4.5,5.5,0.0,0.0,1.4,3.59,100,100
2026-02-07T04:00,4.4,5.5,0.0,0.0,0.92,3.35,100,100
2026-02-07T05:00,4.3,5.5,0.0,0.0,1.01,2.42,100,100
2026-02-07T06:00,4.7,5.1,3.0,4.0,2.56,3.68,100,100
2026-02-07T07:00,4.6,5.0,24.0,38.0,3.27,3.94,100,100
2026-02-07T08:00,4.5,4.9,50.0,68.0,4.16,3.6,100,98
2026-02-07T09:00,4.5,5.3,73.0,126.0,4.87,4.57,100,100
2026-02-07T10:00,4.8,5.8,116.0,165.0,4.43,4.03,100,88
2026-02-07T11:00,5.0,6.4,129.0,249.0,3.94,4.17,99,88
2026-02-07T12:00,4.9,6.0,129.0,91.0,4.68,4.39,100,100
2026-02-07T13:00,5.0,6.2,95.0,95.0,4.87,4.29,100,95
2026-02-07T14:00,5.0,6.1,56.0,75.0,4.53,4.22,100,99
2026-02-07T15:00,4.9,5.8,22.0,32.0,3.82,3.91,97,99
2026-02-07T16:00,4.7,5.3,1.0,2.0,3.38,3.92,98,99
2026-02-07T17:00,4.6,5.2,0.0,0.0,3.41,4.12,97,99
2026-02-07T18:00,4.2,4.8,0.0,0.0,3.94,4.57,100,99
2026-02-07T19:00,4.2,4.7,0.0,0.0,3.59,3.51,100,100
2026-02-07T20:00,4.2,4.7,0.0,0.0,3.73,3.33,100,100
2026-02-07T21:00,4.3,4.8,0.0,0.0,4.03,3.45,100,100
2026-02-07T22:00,4.3,4.8,0.0,0.0,3.83,3.64,100,100
2026-02-07T23:00,4.3,4.8,0.0,0.0,4.31,3.28,100,99
2026-02-08T00:00,4.3,4.9,0.0,0.0,4.43,4.64,100,100
2026-02-08T01:00,4.2,4.7,0.0,0.0,4.03,4.22,100,100
2026-02-08T02:00,4.0,4.4,0.0,0.0,2.84,3.64,100,100
2026-02-08T03:00,3.8,4.3,0.0,0.0,2.79,3.33,100,100
2026-02-08T04:00,3.9,4.3,0.0,0.0,2.95,2.74,100,100
2026-02-08T05:00,4.0,4.2,0.0,0.0,2.35,2.5,100,100
2026-02-08T06:00,4.1,4.6,5.0,6.0,1.81,0.9,100,99
2026-02-08T07:00,4.5,5.1,39.0,59.0,1.67,0.62,100,98
2026-02-08T08:00,5.2,5.9,84.0,98.0,1.68,0.69,99,98
2026-02-08T09:00,5.9,6.6,138.0,127.0,1.33,0.66,97,98
2026-02-08T10:00,6.5,7.2,168.0,182.0,1.67,1.32,98,98
2026-02-08T11:00,7.0,7.6,194.0,191.0,2.11,1.53,97,99
2026-02-08T12:00,7.1,7.8,182.0,179.0,2.54,2.29,100,99
2026-02-08T13:00,6.8,7.7,122.0,121.0,1.87,2.23,100,100
2026-02-08T14:00,6.7,7.4,77.0,64.0,1.2,2.1,100,100
2026-02-08T15:00,6.5,6.7,25.0,16.0,0.84,1.4,100,100
2026-02-08T16:00,6.1,5.9,1.0,1.0,0.79,1.48,100,100
2026-02-08T17:00,5.6,5.3,0.0,0.0,1.12,2.94,100,100
2026-02-08T18:00,5.2,4.8,0.0,0.0,1.85,1.39,100,100
2026-02-08T19:00,4.7,4.6,0.0,0.0,2.85,2.08,100,100
2026-02-08T20:00,4.3,4.4,0.0,0.0,2.47,2.19,100,99
2026-02-08T21:00,4.2,4.2,0.0,0.0,1.23,1.68,100,100
2026-02-08T22:00,4.2,4.1,0.0,0.0,1.55,1.38,100,100
2026-02-08T23:00,4.1,3.9,0.0,0.0,2.02,1.87,100,100
2026-02-09T00:00,3.1,4.0,0.0,0.0,4.17,2.07,100,100
2026-02-09T01:00,2.4,3.4,0.0,0.0,5.15,2.74,98,100
2026-02-09T02:00,1.7,2.7,0.0,0.0,5.84,3.57,97,100
2026-02-09T03:00,1.3,1.9,0.0,0.0,5.63,3.95,99,100
2026-02-09T04:00,1.0,1.3,0.0,0.0,5.27,5.27,99,100
2026-02-09T05:00,0.5,0.9,0.0,0.0,6.25,5.96,98,100
2026-02-09T06:00,0.3,0.4,4.0,5.0,6.06,6.38,99,96
2026-02-09T07:00,-0.2,0.4,32.0,36.0,7.21,5.68,98,98
2026-02-09T08:00,-0.5,0.2,71.0,73.0,6.86,6.51,95,93
2026-02-09T09:00,-0.9,0.1,103.0,127.0,8.04,7.14,97,98
2026-02-09T10:00,-1.0,-0.4,136.0,122.0,8.11,7.22,99,99
2026-02-09T11:00,-1.4,-0.9,133.0,118.0,7.67,7.34,100,100
2026-02-09T12:00,-1.3,-1.0,132.0,122.0,7.15,7.82,99,100
2026-02-09T13:00,-1.3,-1.2,107.0,99.0,6.75,7.35,97,99
2026-02-09T14:00,-1.2,-1.4,90.0,69.0,6.61,7.5,95,97
2026-02-09T15:00,-1.5,-1.6,40.0,36.0,6.85,7.18,95,96
2026-02-09T16:00,-1.8,-1.7,2.0,2.0,7.24,6.89,95,95
2026-02-09T17:00,-2.2,-2.0,0.0,0.0,7.27,6.97,94,91
2026-02-09T18:00,-2.5,-2.6,0.0,0.0,7.32,8.57,90,85
2026-02-09T19:00,-2.9,-3.1,0.0,0.0,7.27,8.41,81,86
2026-02-09T20:00,-3.4,-3.5,0.0,0.0,7.36,8.63,77,83
2026-02-09T21:00,-3.6,-3.8,0.0,0.0,7.23,8.64,84,95
2026-02-09T22:00,-3.5,-3.7,0.0,0.0,7.42,8.27,84,93
2026-02-09T23:00,-3.4,-3.4,0.0,0.0,7.12,7.88,83,93
2026-02-10T00:00,-3.6,-3.1,0.0,0.0,7.68,7.34,68,92
2026-02-10T01:00,-3.4,-3.1,0.0,0.0,8.17,7.37,62,88
2026-02-10T02:00,-3.3,-3.0,0.0,0.0,8.78,7.42,64,90
2026-02-10T03:00,-3.2,-2.8,0.0,0.0,8.4,7.66,75,85
2026-02-10T04:00,-3.1,-2.7,0.0,0.0,8.84,8.28,78,82
2026-02-10T05:00,-3.1,-2.4,0.0,0.0,8.62,8.84,79,96
2026-02-10T06:00,-2.8,-3.0,16.0,15.0,7.91,8.1,81,90
2026-02-10T07:00,-2.2,-2.3,102.0,78.0,6.39,7.42,77,93
2026-02-10T08:00,-1.4,-1.4,196.0,150.0,5.71,7.15,84,95
2026-02-10T09:00,-0.2,-0.6,300.0,182.0,5.16,6.88,76,91
2026-02-10T10:00,0.8,0.6,375.0,248.0,4.91,6.06,70,83
2026-02-10T11:00,1.3,1.8,377.0,330.0,4.57,5.35,86,89
2026-02-10T12:00,2.7,2.2,385.0,353.0,6.03,6.18,74,69
2026-02-10T13:00,3.1,2.6,313.0,283.0,7.23,6.67,82,71
2026-02-10T14:00,2.6,2.0,199.0,168.0,6.88,6.77,89,73
2026-02-10T15:00,1.6,1.1,82.0,64.0,6.57,6.67,89,75
2026-02-10T16:00,0.7,0.2,4.0,4.0,7.14,7.45,94,54
2026-02-10T17:00,0.5,-0.1,0.0,0.0,6.55,6.8,79,53
2026-02-10T18:00,0.1,0.1,0.0,0.0,6.8,4.88,50,92
2026-02-10T19:00,0.1,-0.0,0.0,0.0,6.95,4.74,93,82
2026-02-10T20:00,0.1,-0.2,0.0,0.0,6.6,4.3,87,73
2026-02-10T21:00,0.2,-0.2,0.0,0.0,6.36,4.33,88,74
2026-02-10T22:00,0.2,-0.2,0.0,0.0,5.61,4.49,91,70
2026-02-10T23:00,0.2,-0.2,0.0,0.0,6.0,4.44,87,96
2026-02-11T00:00,0.2,0.7,0.0,0.0,5.7,5.7,96,100
2026-02-11T01:00,0.1,0.7,0.0,0.0,5.67,6.02,98,100
2026-02-11T02:00,0.1,0.7,0.0,0.0,5.59,5.98,96,100
2026-02-11T03:00,0.1,0.7,0.0,0.0,5.99,6.2,93,100
2026-02-11T04:00,0.1,0.9,0.0,0.0,6.27,7.11,85,83
2026-02-11T05:00,0.1,0.9,0.0,0.0,6.86,7.26,90,87
2026-02-11T06:00,-0.4,1.0,21.0,15.0,7.37,8.33,57,89
2026-02-11T07:00,0.8,1.5,131.0,103.0,7.84,8.75,46,85
2026-02-11T08:00,2.5,2.5,274.0,221.0,7.46,8.62,53,86
2026-02-11T09:00,4.1,3.6,373.0,312.0,5.41,7.15,67,88
2026-02-11T10:00,5.4,4.7,441.0,352.0,6.18,6.6,59,93
2026-02-11T11:00,6.1,5.8,447.0,348.0,5.4,6.01,79,92
2026-02-11T12:00,7.4,6.9,403.0,345.0,4.9,5.99,59,87
2026-02-11T13:00,7.7,7.2,344.0,300.0,4.66,5.59,61,76
2026-02-11T14:00,7.5,7.2,225.0,210.0,4.82,5.6,42,65
2026-02-11T15:00,6.2,6.4,91.0,81.0,5.68,6.18,46,55
2026-02-11T16:00,4.6,5.2,6.0,5.0,6.4,7.46,43,53
2026-02-11T17:00,4.0,4.2,0.0,0.0,8.27,8.09,35,34
2026-02-11T18:00,3.9,3.1,0.0,0.0,8.36,7.08,17,14
2026-02-11T19:00,3.4,2.6,0.0,0.0,7.61,7.47,25,18
2026-02-11T20:00,3.0,2.4,0.0,0.0,7.19,7.64,29,27
2026-02-11T21:00,2.6,2.1,0.0,0.0,6.9,7.26,42,46
2026-02-11T22:00,2.5,2.2,0.0,0.0,6.65,7.46,44,49
2026-02-11T23:00,2.2,2.2,0.0,0.0,6.89,7.65,46,42
2026-02-12T00:00,2.4,1.5,0.0,0.0,6.58,7.07,48,42
2026-02-12T01:00,2.4,1.7,0.0,0.0,7.58,7.96,38,38
2026-02-12T02:00,2.4,1.6,0.0,0.0,7.78,7.34,33,29
2026-02-12T03:00,2.4,1.5,0.0,0.0,7.94,6.42,52,41
2026-02-12T04:00,2.4,1.4,0.0,0.0,7.28,6.36,95,44
2026-02-12T05:00,2.5,1.4,0.0,0.0,7.53,5.9,92,57
2026-02-12T06:00,2.4,1.8,21.0,22.0,6.75,7.44,64,81
2026-02-12T07:00,4.3,3.6,132.0,129.0,7.57,8.12,97,99
2026-02-12T08:00,6.8,5.6,263.0,242.0,7.1,8.26,82,100
2026-02-12T09:00,9.3,7.6,397.0,322.0,4.86,6.97,94,100
2026-02-12T10:00,10.9,9.7,405.0,380.0,5.0,4.96,100,100
2026-02-12T11:00,12.3,11.1,418.0,359.0,6.11,5.04,100,73
2026-02-12T12:00,12.4,12.4,316.0,310.0,6.37,7.39,99,100
2026-02-12T13:00,12.1,12.5,221.0,270.0,4.68,7.09,100,100
2026-02-12T14:00,11.3,11.8,117.0,168.0,4.43,5.83,95,100
2026-02-12T15:00,9.7,10.1,52.0,68.0,4.65,5.55,100,100
2026-02-12T16:00,8.2,8.7,3.0,4.0,5.37,5.37,99,100
2026-02-12T17:00,7.4,7.7,0.0,0.0,5.9,6.56,100,100
2026-02-12T18:00,6.7,6.8,0.0,0.0,5.35,5.76,100,82
2026-02-12T19:00,6.4,6.0,0.0,0.0,5.22,5.24,100,76
2026-02-12T20:00,6.2,5.6,0.0,0.0,4.37,4.91,100,68
2026-02-12T21:00,6.1,5.0,0.0,0.0,3.73,5.61,100,87
2026-02-12T22:00,6.0,4.5,0.0,0.0,3.64,5.92,93,46
2026-02-12T23:00,5.8,4.0,0.0,0.0,1.86,5.39,94,83
2026-02-13T00:00,5.5,5.5,0.0,0.0,2.24,0.71,83,89
2026-02-13T01:00,4.9,5.1,0.0,0.0,2.29,0.53,74,98
2026-02-13T02:00,4.7,4.8,0.0,0.0,1.5,0.89,80,95
2026-02-13T03:00,4.2,4.6,0.0,0.0,1.0,1.24,100,100
2026-02-13T04:00,3.5,4.6,0.0,0.0,2.06,0.6,100,100
2026-02-13T05:00,3.0,4.3,0.0,0.0,2.1,1.14,100,100
2026-02-13T06:00,4.1,4.3,15.0,20.0,2.37,2.04,100,100
2026-02-13T07:00,5.5,5.1,98.0,89.0,3.21,2.15,100,100
2026-02-13T08:00,7.5,5.9,223.0,112.0,3.11,2.57,100,100
2026-02-13T09:00,8.1,6.9,213.0,145.0,2.74,2.97,100,100
2026-02-13T10:00,8.3,7.4,157.0,134.0,2.5,2.76,100,100
2026-02-13T11:00,8.2,7.5,103.0,72.0,3.04,3.73,100,100
2026-02-13T12:00,8.2,8.5,102.0,178.0,2.5,2.28,100,100
2026-02-13T13:00,8.1,9.0,79.0,158.0,2.23,2.76,100,100
2026-02-13T14:00,7.9,8.7,48.0,61.0,3.08,2.61,100,100
2026-02-13T15:00,7.5,8.2,14.0,16.0,3.11,2.56,100,100
2026-02-13T16:00,7.3,7.7,1.0,1.0,2.06,3.12,100,100
2026-02-13T17:00,6.9,6.9,0.0,0.0,3.19,5.4,100,100
2026-02-13T18:00,6.4,6.7,0.0,0.0,6.25,6.4,100,100
2026-02-13T19:00,6.3,6.6,0.0,0.0,6.01,6.04,100,100
2026-02-13T20:00,6.2,6.5,0.0,0.0,6.88,5.97,100,100
2026-02-13T21:00,5.9,6.4,0.0,0.0,7.17,6.97,100,100
2026-02-13T22:00,5.8,5.6,0.0,0.0,6.71,7.76,100,100
2026-02-13T23:00,5.7,5.0,0.0,0.0,7.36,7.56,100,100
2026-02-14T00:00,5.7,5.2,0.0,0.0,7.75,6.79,98,98
2026-02-14T01:00,5.5,5.2,0.0,0.0,7.56,7.41,100,100
2026-02-14T02:00,5.3,5.1,0.0,0.0,7.97,7.81,99,99
2026-02-14T03:00,4.9,4.8,0.0,0.0,8.33,8.09,99,100
2026-02-14T04:00,4.7,4.7,0.0,0.0,8.04,7.9,100,100
2026-02-14T05:00,4.5,4.6,0.0,0.0,7.54,8.7,100,100
2026-02-14T06:00,4.3,4.6,12.0,7.0,6.69,7.98,100,100
2026-02-14T07:00,4.6,4.8,62.0,42.0,5.82,7.73,100,100
2026-02-14T08:00,5.2,5.4,129.0,107.0,4.71,6.27,95,98
2026-02-14T09:00,6.4,6.5,269.0,225.0,5.19,5.37,82,89
2026-02-14T10:00,7.9,7.9,403.0,350.0,4.13,4.48,57,70
2026-02-14T11:00,9.5,9.1,476.0,426.0,4.41,4.29,53,68
2026-02-14T12:00,10.5,10.6,472.0,457.0,3.54,2.98,12,24
2026-02-14T13:00,11.2,11.3,396.0,390.0,2.11,2.46,0,4
2026-02-14T14:00,11.5,11.3,264.0,262.0,1.98,1.53,13,0
2026-02-14T15:00,10.8,10.6,108.0,112.0,2.94,2.11,41,2
2026-02-14T16:00,9.0,9.0,9.0,8.0,3.61,3.47,100,0
2026-02-14T17:00,8.1,8.0,0.0,0.0,6.58,5.88,100,42
2026-02-14T18:00,7.3,7.3,0.0,0.0,8.76,7.28,100,100
2026-02-14T19:00,7.0,6.8,0.0,0.0,8.09,7.39,100,100
2026-02-14T20:00,7.1,6.5,0.0,0.0,8.92,8.33,100,100
2026-02-14T21:00,7.3,6.7,0.0,0.0,9.33,8.68,91,100
2026-02-14T22:00,7.3,6.7,0.0,0.0,10.17,9.39,96,89
2026-02-14T23:00,7.3,6.8,0.0,0.0,10.97,10.37,100,100
2026-02-15T00:00,7.2,7.0,0.0,0.0,10.48,10.22,100,100
2026-02-15T01:00,7.4,7.4,0.0,0.0,11.43,10.83,100,100
2026-02-15T02:00,7.9,8.0,0.0,0.0,12.26,11.48,100,100
2026-02-15T03:00,8.3,8.2,0.0,0.0,11.63,11.1,100,100
2026-02-15T04:00,8.4,8.1,0.0,0.0,11.51,10.96,100,99
2026-02-15T05:00,8.4,8.3,0.0,0.0,11.12,11.13,100,100
2026-02-15T06:00,8.5,9.4,21.0,11.0,11.77,10.66,62,100
2026-02-15T07:00,9.6,10.4,130.0,43.0,11.1,12.26,100,100
2026-02-15T08:00,10.5,11.2,117.0,63.0,12.46,13.55,100,100
2026-02-15T09:00,11.4,11.4,131.0,86.0,12.92,12.05,100,100
2026-02-15T10:00,11.4,10.9,115.0,82.0,11.68,11.43,100,100
2026-02-15T11:00,11.5,12.9,95.0,212.0,10.14,12.51,100,99
2026-02-15T12:00,10.7,12.2,74.0,70.0,10.05,13.11,100,100
2026-02-15T13:00,10.2,12.4,74.0,88.0,10.66,12.94,100,100
2026-02-15T14:00,9.7,12.6,39.0,79.0,11.29,13.0,100,84
2026-02-15T15:00,9.5,12.2,14.0,74.0,12.05,11.58,100,65
2026-02-15T16:00,9.8,11.4,2.0,8.0,12.39,10.54,100,100
2026-02-15T17:00,9.9,11.3,0.0,0.0,12.64,7.56,100,100
2026-02-15T18:00,10.2,11.5,0.0,0.0,11.85,10.69,100,100
2026-02-15T19:00,10.9,11.3,0.0,0.0,12.54,10.99,100,100
2026-02-15T20:00,10.0,10.3,0.0,0.0,10.01,12.05,100,100
2026-02-15T21:00,7.3,9.5,0.0,0.0,7.0,10.41,100,100
2026-02-15T22:00,5.6,8.0,0.0,0.0,7.74,6.31,100,100
2026-02-15T23:00,4.4,6.7,0.0,0.0,6.64,5.38,100,100
2026-02-16T00:00,4.3,5.3,0.0,0.0,6.31,6.52,100,100
2026-02-16T01:00,3.7,4.3,0.0,0.0,4.89,6.27,100,100
2026-02-16T02:00,3.4,3.8,0.0,0.0,4.19,4.25,100,100
2026-02-16T03:00,3.2,3.4,0.0,0.0,3.47,4.92,100,100
2026-02-16T04:00,3.1,2.9,0.0,0.0,3.02,4.09,100,100
2026-02-16T05:00,3.0,2.7,0.0,0.0,2.55,3.12,100,100
2026-02-16T06:00,2.9,3.4,14.0,10.0,1.93,2.08,100,99
2026-02-16T07:00,3.2,3.5,51.0,59.0,1.52,1.21,100,98
2026-02-16T08:00,3.8,3.9,91.0,85.0,1.01,0.88,100,100
2026-02-16T09:00,4.5,4.4,153.0,107.0,0.35,1.01,100,100
2026-02-16T10:00,4.9,4.7,163.0,120.0,1.01,1.58,100,100
2026-02-16T11:00,5.1,4.5,150.0,129.0,1.64,3.12,100,100
2026-02-16T12:00,5.3,3.9,145.0,95.0,1.0,4.91,100,100
2026-02-16T13:00,5.0,3.3,124.0,81.0,1.53,4.8,100,99
2026-02-16T14:00,4.3,3.0,72.0,57.0,4.12,4.37,98,98
2026-02-16T15:00,3.3,2.6,43.0,28.0,4.28,4.57,94,100
2026-02-16T16:00,2.7,2.2,4.0,2.0,4.13,5.81,94,96
2026-02-16T17:00,2.3,2.0,0.0,0.0,5.57,5.81,92,97
2026-02-16T18:00,2.0,1.7,0.0,0.0,4.8,6.61,92,99
2026-02-16T19:00,1.9,1.7,0.0,0.0,4.17,7.3,97,93
2026-02-16T20:00,1.9,1.6,0.0,0.0,4.6,7.23,95,96
2026-02-16T21:00,1.8,1.5,0.0,0.0,6.08,7.85,93,96
2026-02-16T22:00,1.6,1.4,0.0,0.0,6.48,8.1,83,99
2026-02-16T23:00,1.4,1.2,0.0,0.0,6.49,8.64,80,100
2026-02-17T00:00,1.2,0.9,0.0,0.0,6.04,5.92,75,97
2026-02-17T01:00,1.0,0.8,0.0,0.0,5.56,6.62,82,97
2026-02-17T02:00,0.9,0.6,0.0,0.0,6.82,6.05,91,98
2026-02-17T03:00,0.9,0.4,0.0,0.0,8.63,7.2,100,100
2026-02-17T04:00,1.1,0.3,0.0,0.0,9.8,6.44,100,100
2026-02-17T05:00,1.3,0.1,0.0,0.0,10.23,7.72,100,100
2026-02-17T06:00,2.1,0.6,7.0,6.0,10.81,11.15,100,100
2026-02-17T07:00,2.4,1.1,19.0,31.0,10.46,11.62,100,100
2026-02-17T08:00,2.7,1.4,27.0,48.0,10.72,11.44,100,100
2026-02-17T09:00,3.1,1.5,38.0,59.0,11.74,10.96,100,100
2026-02-17T10:00,3.2,1.7,60.0,67.0,13.01,10.97,100,100
2026-02-17T11:00,3.3,1.9,80.0,68.0,13.17,12.44,100,100
2026-02-17T12:00,2.5,3.0,67.0,65.0,12.21,14.43,100,100
2026-02-17T13:00,2.3,2.9,66.0,55.0,12.86,15.03,100,100
2026-02-17T14:00,1.9,2.7,44.0,35.0,13.63,15.51,98,100
2026-02-17T15:00,1.7,2.4,27.0,14.0,13.72,15.83,100,100
2026-02-17T16:00,1.4,2.3,2.0,2.0,14.94,15.73,100,100
2026-02-17T17:00,1.3,2.3,0.0,0.0,15.12,16.13,100,100
2026-02-17T18:00,1.8,2.6,0.0,0.0,15.42,16.67,100,100
2026-02-17T19:00,1.8,2.5,0.0,0.0,16.03,13.56,100,100
2026-02-17T20:00,2.0,2.5,0.0,0.0,16.1,9.21,100,100
2026-02-17T21:00,2.1,1.9,0.0,0.0,15.57,8.25,100,100
2026-02-17T22:00,2.2,0.9,0.0,0.0,15.45,10.57,100,100
2026-02-17T23:00,2.2,0.1,0.0,0.0,14.97,11.85,100,100
2026-02-18T00:00,1.2,1.5,0.0,0.0,14.9,12.8,100,100
2026-02-18T01:00,1.0,1.1,0.0,0.0,14.86,12.22,100,100
2026-02-18T02:00,0.7,0.6,0.0,0.0,15.8,12.88,100,100
2026-02-18T03:00,0.4,0.1,0.0,0.0,14.81,12.77,100,100
2026-02-18T04:00,0.3,-0.5,0.0,0.0,12.92,13.43,100,100
2026-02-18T05:00,0.1,-1.0,0.0,0.0,11.96,13.92,100,100
2026-02-18T06:00,-0.5,-0.8,3.0,3.0,9.77,14.44,100,100
2026-02-18T07:00,-1.2,-1.4,16.0,15.0,11.93,15.92,100,100
2026-02-18T08:00,-2.0,-2.0,33.0,20.0,14.07,16.44,100,100
2026-02-18T09:00,-2.2,-2.0,67.0,64.0,14.45,15.13,100,100
2026-02-18T10:00,-2.0,-2.0,121.0,147.0,14.95,16.39,100,100
2026-02-18T11:00,-1.9,-1.8,162.0,128.0,15.09,16.38,100,100
2026-02-18T12:00,-2.3,-1.6,120.0,185.0,15.74,14.79,100,99
2026-02-18T13:00,-2.2,-1.4,109.0,154.0,15.27,14.2,100,98
2026-02-18T14:00,-2.0,-1.2,85.0,119.0,15.12,13.15,100,99
2026-02-18T15:00,-1.9,-1.2,42.0,59.0,15.38,12.19,100,96
2026-02-18T16:00,-1.6,-1.1,5.0,6.0,14.88,9.93,100,98
2026-02-18T17:00,-1.5,-1.0,0.0,0.0,13.01,8.04,100,98
2026-02-18T18:00,-2.0,-1.0,0.0,0.0,10.63,8.21,97,100
2026-02-18T19:00,-1.8,-1.2,0.0,0.0,10.15,6.79,98,92
2026-02-18T20:00,-1.7,-1.7,0.0,0.0,9.3,6.53,86,69
2026-02-18T21:00,-2.1,-2.4,0.0,0.0,9.2,6.01,52,54
2026-02-18T22:00,-2.7,-2.6,0.0,0.0,7.9,5.72,42,62
2026-02-18T23:00,-3.8,-2.9,0.0,0.0,5.92,4.68,40,59
2026-02-19T00:00,-5.2,-3.9,0.0,0.0,4.62,2.86,34,69
2026-02-19T01:00,-5.3,-3.0,0.0,0.0,5.28,2.7,76,59
2026-02-19T02:00,-3.7,-2.8,0.0,0.0,6.37,4.52,71,66
2026-02-19T03:00,-2.9,-2.6,0.0,0.0,7.64,5.0,71,67
2026-02-19T04:00,-1.8,-2.6,0.0,0.0,8.04,5.42,56,71
2026-02-19T05:00,-1.7,-2.3,0.0,0.0,8.79,5.59,63,69
2026-02-19T06:00,-1.3,-2.2,40.0,38.0,8.16,6.92,52,63
2026-02-19T07:00,-0.0,-0.1,184.0,173.0,8.01,6.04,36,50
2026-02-19T08:00,0.7,0.7,347.0,341.0,7.46,5.58,26,26
2026-02-19T09:00,1.5,1.6,478.0,476.0,6.61,5.31,6,12
2026-02-19T10:00,2.4,2.7,556.0,560.0,5.56,3.73,19,3
2026-02-19T11:00,3.4,3.7,574.0,584.0,4.66,3.7,2,3
2026-02-19T12:00,4.4,3.9,539.0,514.0,3.88,3.72,0,100
2026-02-19T13:00,4.9,4.4,441.0,386.0,3.32,2.71,47,85
2026-02-19T14:00,5.0,4.6,297.0,252.0,3.43,3.66,32,39
2026-02-19T15:00,4.5,4.3,135.0,128.0,4.38,4.91,0,36
2026-02-19T16:00,3.5,3.3,15.0,15.0,6.0,5.61,0,41
2026-02-19T17:00,2.9,2.8,0.0,0.0,6.41,6.57,35,63
2026-02-19T18:00,3.2,2.6,0.0,0.0,8.32,7.43,37,5
2026-02-19T19:00,2.9,2.7,0.0,0.0,8.92,8.17,100,0
2026-02-19T20:00,2.9,2.5,0.0,0.0,9.44,8.73,100,4
2026-02-19T21:00,3.0,2.6,0.0,0.0,9.34,8.94,100,1
2026-02-19T22:00,3.3,2.8,0.0,0.0,9.84,9.15,100,74
2026-02-19T23:00,3.6,2.8,0.0,0.0,9.5,8.73,100,38
2026-02-20T00:00,3.6,3.1,0.0,0.0,9.77,8.63,100,87
2026-02-20T01:00,3.3,3.0,0.0,0.0,9.21,7.9,89,100
2026-02-20T02:00,3.0,2.7,0.0,0.0,8.54,7.34,31,73
2026-02-20T03:00,2.7,2.2,0.0,0.0,7.84,6.97,20,81
2026-02-20T04:00,2.3,2.0,0.0,0.0,7.87,6.77,84,47
2026-02-20T05:00,2.4,2.0,0.0,0.0,8.1,7.02,77,74
2026-02-20T06:00,2.2,2.6,42.0,40.0,6.59,6.93,90,77
2026-02-20T07:00,3.2,4.2,182.0,165.0,6.18,6.63,10,64
2026-02-20T08:00,4.9,6.0,336.0,325.0,4.91,5.89,80,41
2026-02-20T09:00,6.3,7.6,441.0,446.0,3.56,5.08,100,100
2026-02-20T10:00,7.6,9.2,490.0,503.0,1.12,2.48,100,100
2026-02-20T11:00,8.3,10.3,480.0,488.0,1.96,1.97,100,100
2026-02-20T12:00,8.0,9.8,435.0,339.0,2.54,0.6,100,100
2026-02-20T13:00,7.9,9.8,378.0,198.0,4.65,1.38,58,100
2026-02-20T14:00,6.6,9.0,254.0,74.0,6.6,3.92,99,100
2026-02-20T15:00,5.3,8.2,74.0,32.0,9.34,6.58,100,100
2026-02-20T16:00,4.1,6.0,8.0,3.0,9.86,8.41,100,100
2026-02-20T17:00,3.2,4.1,0.0,0.0,10.6,8.59,100,100
2026-02-20T18:00,2.6,2.6,0.0,0.0,11.92,8.9,100,100
2026-02-20T19:00,2.1,2.1,0.0,0.0,10.81,9.56,100,100
2026-02-20T20:00,2.0,2.2,0.0,0.0,11.15,10.4,100,100
2026-02-20T21:00,1.9,2.0,0.0,0.0,11.85,11.25,100,100
2026-02-20T22:00,1.6,1.7,0.0,0.0,12.47,11.04,100,100
2026-02-20T23:00,1.1,1.3,0.0,0.0,12.8,10.1,100,100
2026-02-21T00:00,0.5,1.2,0.0,0.0,12.27,10.93,100,100
2026-02-21T01:00,0.1,0.7,0.0,0.0,13.59,11.19,100,100
2026-02-21T02:00,-0.0,0.4,0.0,0.0,13.23,11.09,100,100
2026-02-21T03:00,-0.2,0.2,0.0,0.0,12.75,10.84,100,100
2026-02-21T04:00,-0.4,-0.0,0.0,0.0,13.24,9.84,100,100
2026-02-21T05:00,-0.7,-0.4,0.0,0.0,12.62,9.42,100,100
2026-02-21T06:00,-0.4,-0.9,6.0,5.0,12.4,10.56,100,100
2026-02-21T07:00,-0.3,-1.1,22.0,17.0,12.89,10.15,100,100
2026-02-21T08:00,-0.2,-1.1,36.0,32.0,12.41,9.51,100,100
2026-02-21T09:00,0.2,-1.2,65.0,50.0,12.0,9.08,100,100
2026-02-21T10:00,0.5,-1.2,80.0,52.0,11.5,9.06,100,100
2026-02-21T11:00,0.7,-1.2,109.0,66.0,10.67,9.06,100,100
2026-02-21T12:00,0.6,0.5,84.0,67.0,10.05,10.82,100,100
2026-02-21T13:00,0.5,0.4,75.0,66.0,9.18,10.28,100,100
2026-02-21T14:00,0.5,0.3,49.0,50.0,8.82,9.89,100,100
2026-02-21T15:00,0.3,0.2,22.0,29.0,8.72,9.9,100,100
2026-02-21T16:00,0.2,0.1,3.0,3.0,9.01,9.56,100,100
2026-02-21T17:00,0.1,0.1,0.0,0.0,9.21,8.8,99,100
2026-02-21T18:00,0.2,0.4,0.0,0.0,7.8,8.92,100,100
2026-02-21T19:00,0.3,0.4,0.0,0.0,7.07,8.92,100,100
2026-02-21T20:00,0.4,0.5,0.0,0.0,6.17,8.61,100,100
2026-02-21T21:00,0.3,0.5,0.0,0.0,5.98,8.07,100,100
2026-02-21T22:00,0.1,0.5,0.0,0.0,6.35,7.13,100,99
2026-02-21T23:00,0.1,0.5,0.0,0.0,5.99,6.61,100,100
2026-02-22T00:00,-0.3,-0.4,0.0,0.0,5.5,6.67,100,100
2026-02-22T01:00,-0.5,-0.5,0.0,0.0,5.42,6.01,100,100
2026-02-22T02:00,-0.6,-0.8,0.0,0.0,5.19,5.61,100,100
2026-02-22T03:00,-0.8,-1.0,0.0,0.0,5.53,5.58,99,100
2026-02-22T04:00,-0.9,-1.2,0.0,0.0,5.75,5.87,100,99
2026-02-22T05:00,-1.1,-1.3,0.0,0.0,6.65,6.3,98,99
2026-02-22T06:00,-1.6,-1.1,14.0,16.0,7.92,6.24,100,96
2026-02-22T07:00,-1.3,-1.0,61.0,62.0,7.27,7.07,96,100
2026-02-22T08:00,-0.9,-0.7,138.0,119.0,7.06,7.91,92,99
2026-02-22T09:00,-0.5,-0.4,209.0,176.0,7.78,7.97,98,99
2026-02-22T10:00,-0.1,0.0,260.0,197.0,7.58,8.05,98,96
2026-02-22T11:00,0.5,0.6,314.0,240.0,8.55,8.73,98,96
2026-02-22T12:00,1.2,0.8,311.0,256.0,8.34,8.38,88,96
2026-02-22T13:00,1.8,1.3,252.0,249.0,8.4,8.38,87,91
2026-02-22T14:00,2.2,1.5,187.0,171.0,8.48,8.45,75,86
2026-02-22T15:00,1.9,1.5,105.0,93.0,8.11,8.32,65,79
2026-02-22T16:00,0.9,1.0,17.0,14.0,8.43,8.04,67,52
2026-02-22T17:00,0.4,0.6,0.0,0.0,9.01,8.33,71,30
2026-02-22T18:00,-0.2,0.4,0.0,0.0,7.84,9.53,84,81
2026-02-22T19:00,-0.3,0.3,0.0,0.0,7.7,9.42,79,88
2026-02-22T20:00,-0.3,0.2,0.0,0.0,8.63,9.18,64,90
2026-02-22T21:00,-0.7,-0.1,0.0,0.0,8.82,7.36,71,99
2026-02-22T22:00,-1.1,-0.4,0.0,0.0,8.99,6.81,71,97
2026-02-22T23:00,-1.3,-0.4,0.0,0.0,9.17,6.82,77,100
2026-02-23T00:00,-1.3,-0.2,0.0,0.0,8.67,6.41,80,94
2026-02-23T01:00,-1.3,-0.6,0.0,0.0,8.47,6.0,86,100
2026-02-23T02:00,-1.2,-0.7,0.0,0.0,8.37,5.78,88,100
2026-02-23T03:00,-0.9,-0.6,0.0,0.0,8.43,6.67,96,100
2026-02-23T04:00,-0.2,-0.3,0.0,0.0,8.62,6.27,91,100
2026-02-23T05:00,0.3,0.1,0.0,0.0,8.43,7.25,78,99
2026-02-23T06:00,0.5,1.0,36.0,33.0,7.66,7.58,72,74
2026-02-23T07:00,1.2,1.8,146.0,154.0,7.64,7.21,75,62
2026-02-23T08:00,2.0,2.8,259.0,295.0,7.08,7.27,75,55
2026-02-23T09:00,2.7,4.1,344.0,410.0,6.17,6.33,74,57
2026-02-23T10:00,3.9,5.2,414.0,456.0,6.26,6.32,75,77
2026-02-23T11:00,4.5,5.8,433.0,420.0,6.45,6.97,96,94
2026-02-23T12:00,6.5,6.8,467.0,468.0,6.75,7.44,83,74
2026-02-23T13:00,6.8,7.1,354.0,373.0,7.19,7.85,90,73
2026-02-23T14:00,6.4,6.6,185.0,227.0,7.71,8.55,100,100
2026-02-23T15:00,5.8,5.9,65.0,69.0,8.57,8.68,100,100
2026-02-23T16:00,5.3,5.1,8.0,8.0,8.24,9.21,98,100
2026-02-23T17:00,4.9,4.5,0.0,0.0,8.0,9.04,98,100
2026-02-23T18:00,4.5,4.7,0.0,0.0,9.03,8.3,100,89
2026-02-23T19:00,4.1,4.7,0.0,0.0,9.07,8.43,100,83
2026-02-23T20:00,3.9,4.6,0.0,0.0,8.53,8.33,100,88
2026-02-23T21:00,3.9,4.4,0.0,0.0,8.2,8.25,90,96
2026-02-23T22:00,3.6,4.0,0.0,0.0,8.48,8.32,94,95
2026-02-23T23:00,3.2,3.7,0.0,0.0,7.51,7.39,88,88
2026-02-24T00:00,3.4,3.1,0.0,0.0,7.72,4.59,95,93
2026-02-24T01:00,3.0,3.1,0.0,0.0,7.5,5.04,95,96
2026-02-24T02:00,2.7,3.1,0.0,0.0,6.5,5.43,93,91
2026-02-24T03:00,2.5,3.0,0.0,0.0,6.63,4.19,88,95
2026-02-24T04:00,2.2,2.7,0.0,0.0,6.09,3.12,89,100
2026-02-24T05:00,2.2,2.6,0.0,0.0,6.93,3.63,94,100
2026-02-24T06:00,1.8,2.1,47.0,41.0,6.18,5.37,63,100
2026-02-24T07:00,3.1,2.8,177.0,149.0,6.39,4.98,66,88
2026-02-24T08:00,4.8,3.7,300.0,281.0,5.69,4.31,95,96
2026-02-24T09:00,6.0,5.2,325.0,386.0,4.33,4.63,95,100
2026-02-24T10:00,6.9,6.6,270.0,411.0,3.8,3.63,99,100
2026-02-24T11:00,7.4,6.9,197.0,279.0,3.43,4.42,100,100
2026-02-24T12:00,8.0,7.9,146.0,183.0,7.78,5.54,100,100
2026-02-24T13:00,7.1,7.5,86.0,142.0,8.25,7.87,100,100
2026-02-24T14:00,6.3,6.7,52.0,84.0,7.45,7.55,100,100
2026-02-24T15:00,6.0,6.0,20.0,42.0,8.08,7.95,100,100
2026-02-24T16:00,5.7,5.5,5.0,8.0,9.77,8.23,100,100
2026-02-24T17:00,5.2,5.1,0.0,0.0,9.5,9.06,88,100
2026-02-24T18:00,5.3,4.1,0.0,0.0,8.2,7.37,100,100
2026-02-24T19:00,4.8,3.6,0.0,0.0,8.7,8.41,100,97
2026-02-24T20:00,3.8,3.3,0.0,0.0,9.66,8.99,91,78
2026-02-24T21:00,3.5,3.1,0.0,0.0,8.29,8.94,98,100
2026-02-24T22:00,3.6,3.4,0.0,0.0,9.91,10.13,89,98
2026-02-24T23:00,3.6,3.3,0.0,0.0,10.07,11.15,87,44
2026-02-25T00:00,3.3,2.9,0.0,0.0,11.17,12.53,99,42
2026-02-25T01:00,3.2,2.7,0.0,0.0,11.36,12.2,94,70
2026-02-25T02:00,3.0,2.6,0.0,0.0,11.26,12.23,93,51
2026-02-25T03:00,2.8,2.4,0.0,0.0,10.73,12.62,99,37
2026-02-25T04:00,2.8,2.3,0.0,0.0,9.47,11.4,91,36
2026-02-25T05:00,2.4,1.9,0.0,0.0,9.19,10.32,72,40
2026-02-25T06:00,2.2,2.6,60.0,54.0,8.15,8.93,38,53
2026-02-25T07:00,3.1,3.4,204.0,185.0,6.5,8.64,51,58
2026-02-25T08:00,4.3,4.4,338.0,332.0,6.35,8.49,65,67
2026-02-25T09:00,5.3,5.7,426.0,455.0,6.31,6.92,82,57
2026-02-25T10:00,5.9,6.3,434.0,488.0,5.98,7.37,80,84
2026-02-25T11:00,5.9,6.1,346.0,309.0,6.17,7.02,100,91
2026-02-25T12:00,5.3,7.0,178.0,330.0,5.13,7.98,99,89
2026-02-25T13:00,5.7,6.9,209.0,280.0,4.79,6.44,94,90
2026-02-25T14:00,5.7,6.5,195.0,175.0,3.74,6.55,80,95
2026-02-25T15:00,5.3,5.8,123.0,60.0,4.43,5.29,69,80
2026-02-25T16:00,4.7,5.1,18.0,16.0,4.68,5.3,87,91
2026-02-25T17:00,4.2,4.6,0.0,0.0,4.78,5.88,90,89
2026-02-25T18:00,3.7,4.1,0.0,0.0,4.13,4.91,100,90
2026-02-25T19:00,3.4,3.6,0.0,0.0,5.3,4.44,96,100
2026-02-25T20:00,2.8,3.3,0.0,0.0,6.4,4.8,95,100
2026-02-25T21:00,2.5,2.8,0.0,0.0,6.18,5.83,91,94
2026-02-25T22:00,2.0,2.4,0.0,0.0,7.37,6.56,88,100
2026-02-25T23:00,1.9,2.0,0.0,0.0,7.41,6.27,89,44
2026-02-26T00:00,0.4,1.7,0.0,0.0,7.94,7.7,74,87
2026-02-26T01:00,0.3,1.4,0.0,0.0,7.25,7.54,53,88
2026-02-26T02:00,-0.0,1.5,0.0,0.0,7.67,7.48,81,96
2026-02-26T03:00,-0.2,1.1,0.0,0.0,8.06,8.22,71,95
2026-02-26T04:00,-0.4,0.4,0.0,0.0,8.01,7.9,76,70
2026-02-26T05:00,-0.5,0.0,0.0,0.0,8.34,9.16,79,70
2026-02-26T06:00,-0.3,0.5,61.0,48.0,8.84,8.18,48,74
2026-02-26T07:00,0.8,0.8,206.0,175.0,8.99,8.93,55,63
2026-02-26T08:00,1.9,1.7,334.0,332.0,8.3,8.96,55,68
2026-02-26T09:00,2.9,2.6,405.0,438.0,8.01,8.4,75,66
2026-02-26T10:00,3.4,3.2,354.0,441.0,7.8,8.01,87,68
2026-02-26T11:00,3.6,3.4,284.0,385.0,7.61,7.52,93,97
2026-02-26T12:00,3.8,3.6,302.0,270.0,7.85,8.13,88,99
2026-02-26T13:00,3.5,3.6,201.0,192.0,7.42,8.13,94,100
2026-02-26T14:00,3.7,3.6,184.0,155.0,7.1,8.17,81,90
2026-02-26T15:00,3.4,3.2,76.0,94.0,7.72,7.37,78,69
2026-02-26T16:00,2.5,2.6,15.0,18.0,7.13,7.17,73,66
2026-02-26T17:00,1.9,2.2,0.0,0.0,6.9,7.22,74,61
2026-02-26T18:00,1.6,1.7,0.0,0.0,6.19,7.55,23,18
2026-02-26T19:00,0.8,0.8,0.0,0.0,6.46,7.36,19,0
2026-02-26T20:00,0.2,0.4,0.0,0.0,6.26,6.56,19,0
2026-02-26T21:00,-0.1,0.1,0.0,0.0,5.8,6.03,23,8
2026-02-26T22:00,-0.4,-0.2,0.0,0.0,4.92,5.53,10,0
2026-02-26T23:00,-0.6,-0.3,0.0,0.0,4.73,5.31,14,0
2026-02-27T00:00,-0.5,-0.6,0.0,0.0,4.48,5.49,13,0
2026-02-27T01:00,-0.7,-0.9,0.0,0.0,4.4,5.2,24,0
2026-02-27T02:00,-1.0,-1.1,0.0,0.0,4.74,5.04,18,0
2026-02-27T03:00,-1.2,-1.3,0.0,0.0,5.21,5.09,27,0
2026-02-27T04:00,-1.4,-1.4,0.0,0.0,4.92,4.92,4,0
2026-02-27T05:00,-1.6,-1.5,0.0,1.0,4.64,4.69,0,0
2026-02-27T06:00,-1.1,-1.1,68.0,69.0,4.61,4.41,5,0
2026-02-27T07:00,0.2,0.3,225.0,226.0,4.13,3.34,0,0
2026-02-27T08:00,1.6,1.7,384.0,385.0,3.54,2.15,1,0
2026-02-27T09:00,2.9,3.1,510.0,510.0,4.19,2.19,2,2
2026-02-27T10:00,4.3,4.6,585.0,586.0,3.71,1.93,21,8
2026-02-27T11:00,5.2,5.6,587.0,605.0,3.15,2.32,47,20
2026-02-27T12:00,5.1,5.5,383.0,563.0,2.36,2.21,79,36
2026-02-27T13:00,5.1,5.7,249.0,460.0,2.26,1.87,94,36
2026-02-27T14:00,4.9,5.5,152.0,320.0,2.2,1.59,96,41
2026-02-27T15:00,4.7,5.0,73.0,151.0,2.21,1.28,94,44
2026-02-27T16:00,4.3,4.0,14.0,25.0,2.5,1.57,92,72
2026-02-27T17:00,3.7,2.8,0.0,0.0,2.94,3.78,84,66
2026-02-27T18:00,2.8,2.7,0.0,0.0,3.43,2.76,77,61
2026-02-27T19:00,2.2,2.1,0.0,0.0,2.73,2.64,78,58
2026-02-27T20:00,1.7,1.8,0.0,0.0,2.98,2.29,67,77
2026-02-27T21:00,1.3,1.6,0.0,0.0,2.78,2.38,65,66
2026-02-27T22:00,1.0,1.0,0.0,0.0,2.3,2.06,61,54
2026-02-27T23:00,0.6,0.5,0.0,0.0,1.81,1.33,55,30
2026-02-28T00:00,-0.0,0.5,0.0,0.0,3.72,1.8,15,28
2026-02-28T01:00,-0.2,0.0,0.0,0.0,3.5,1.96,3,43
2026-02-28T02:00,-0.4,-0.1,0.0,0.0,3.66,2.08,5,26
2026-02-28T03:00,-0.6,-0.2,0.0,0.0,3.4,1.96,3,19
2026-02-28T04:00,-0.9,-0.3,0.0,0.0,3.0,1.81,4,16
2026-02-28T05:00,-1.2,-0.5,1.0,1.0,2.95,1.88,18,37
2026-02-28T06:00,-1.0,-0.2,70.0,71.0,3.47,1.77,0,23
2026-02-28T07:00,0.5,2.0,225.0,227.0,3.51,1.77,0,11
2026-02-28T08:00,2.2,3.9,383.0,385.0,2.99,1.02,0,0
2026-02-28T09:00,3.8,5.4,510.0,508.0,2.67,1.19,0,32
2026-02-28T10:00,5.5,6.6,588.0,576.0,2.59,1.43,11,33
2026-02-28T11:00,6.8,7.4,607.0,587.0,2.73,1.89,1,37
2026-02-28T12:00,6.4,7.9,563.0,561.0,2.89,2.16,0,27
2026-02-28T13:00,6.7,8.2,467.0,447.0,2.71,2.08,14,44
2026-02-28T14:00,6.6,8.1,330.0,303.0,2.45,1.98,16,49
2026-02-28T15:00,6.0,7.6,162.0,144.0,2.18,1.69,40,68
2026-02-28T16:00,5.0,6.2,27.0,24.0,1.97,2.77,57,64
2026-02-28T17:00,3.8,4.6,0.0,0.0,1.36,3.13,59,61
2026-02-28T18:00,2.6,3.6,0.0,0.0,1.39,2.69,49,45
2026-02-28T19:00,1.8,3.0,0.0,0.0,1.12,2.22,40,49
2026-02-28T20:00,1.3,2.7,0.0,0.0,0.81,1.69,24,38
2026-02-28T21:00,1.1,2.4,0.0,0.0,1.08,0.71,10,13
2026-02-28T22:00,0.8,1.9,0.0,0.0,1.27,0.4,15,0
2026-02-28T23:00,0.7,1.4,0.0,0.0,1.36,0.31,10,0
2026-03-01T00:00,0.7,1.4,0.0,0.0,0.22,0.75,0,0
2026-03-01T01:00,0.6,1.3,0.0,0.0,0.49,0.55,4,1
2026-03-01T02:00,0.5,1.3,0.0,0.0,0.57,0.92,9,8
2026-03-01T03:00,0.3,1.1,0.0,0.0,0.63,0.57,7,3
2026-03-01T04:00,-0.0,0.9,0.0,0.0,0.6,1.18,45,0
2026-03-01T05:00,-0.2,0.7,1.0,1.0,0.79,1.97,69,0
2026-03-01T06:00,-1.2,0.8,50.0,74.0,1.32,1.36,100,0
2026-03-01T07:00,-0.3,2.3,158.0,231.0,1.33,1.48,90,0
2026-03-01T08:00,2.1,4.4,318.0,390.0,1.74,1.87,46,0
2026-03-01T09:00,4.9,6.2,496.0,516.0,1.73,1.12,0,0
2026-03-01T10:00,6.9,7.9,589.0,594.0,1.39,1.18,0,0
2026-03-01T11:00,8.2,9.1,610.0,616.0,1.71,1.14,0,0
2026-03-01T12:00,5.0,9.5,529.0,574.0,2.94,1.67,32,0
2026-03-01T13:00,5.5,10.0,458.0,480.0,2.69,1.81,27,2
2026-03-01T14:00,5.5,9.9,327.0,338.0,2.42,1.53,28,6
2026-03-01T15:00,5.1,9.1,166.0,173.0,2.07,2.0,12,5
2026-03-01T16:00,4.2,7.5,31.0,31.0,2.16,2.56,1,1
2026-03-01T17:00,3.5,6.0,0.0,0.0,2.69,3.14,0,0
2026-03-01T18:00,3.3,4.9,0.0,0.0,3.13,4.91,0,1
2026-03-01T19:00,3.2,4.3,0.0,0.0,3.33,4.9,19,1
2026-03-01T20:00,2.9,3.7,0.0,0.0,3.38,4.85,43,2
2026-03-01T21:00,2.3,3.2,0.0,0.0,3.68,4.92,39,3
2026-03-01T22:00,2.2,2.8,0.0,0.0,3.96,4.59,17,12
2026-03-01T23:00,2.3,2.5,0.0,0.0,3.63,4.47,0,7
2026-03-02T00:00,1.9,2.6,0.0,0.0,3.9,4.25,4,1
2026-03-02T01:00,1.8,2.6,0.0,0.0,3.93,4.21,4,5
2026-03-02T02:00,1.6,2.3,0.0,0.0,3.87,4.06,18,3
2026-03-02T03:00,1.4,2.2,0.0,0.0,3.69,3.78,39,25
2026-03-02T04:00,1.0,2.1,0.0,0.0,3.58,3.64,55,67
2026-03-02T05:00,0.9,2.1,2.0,2.0,3.74,3.61,81,100
2026-03-02T06:00,0.7,2.7,71.0,73.0,3.13,2.94,100,100
2026-03-02T07:00,1.8,4.0,209.0,225.0,3.34,2.64,100,95
2026-03-02T08:00,3.6,6.4,364.0,369.0,3.23,2.74,98,100
2026-03-02T09:00,5.1,8.5,490.0,475.0,2.65,2.16,68,100
2026-03-02T10:00,6.6,10.0,575.0,573.0,2.67,2.06,63,100
2026-03-02T11:00,7.7,11.1,599.0,603.0,2.21,1.98,6,36
2026-03-02T12:00,6.5,9.7,525.0,568.0,2.29,1.38,60,1
2026-03-02T13:00,7.0,10.2,444.0,476.0,2.45,0.97,35,20
2026-03-02T14:00,6.8,10.1,316.0,313.0,2.41,1.28,53,89
2026-03-02T15:00,6.0,9.4,153.0,145.0,2.04,1.01,87,94
2026-03-02T16:00,4.7,8.3,31.0,31.0,2.47,0.57,28,100
2026-03-02T17:00,3.7,7.4,0.0,0.0,2.29,0.77,100,100
2026-03-02T18:00,3.5,6.7,0.0,0.0,3.2,1.2,100,100
2026-03-02T19:00,3.2,6.0,0.0,0.0,3.2,1.06,100,96
2026-03-02T20:00,3.0,5.2,0.0,0.0,3.33,2.1,100,92
2026-03-02T21:00,2.8,4.6,0.0,0.0,3.17,2.88,100,98
2026-03-02T22:00,2.7,4.2,0.0,0.0,3.56,2.98,96,100
2026-03-02T23:00,2.4,4.0,0.0,0.0,2.29,3.55,95,100
2026-03-03T00:00,1.0,3.2,0.0,0.0,3.11,2.95,83,100
2026-03-03T01:00,0.9,2.8,0.0,0.0,3.77,3.22,100,98
2026-03-03T02:00,0.6,2.6,0.0,0.0,4.02,2.16,84,94
2026-03-03T03:00,0.2,2.2,0.0,0.0,3.43,2.25,88,78
2026-03-03T04:00,0.0,1.9,0.0,0.0,2.85,3.23,82,100
2026-03-03T05:00,-0.0,1.8,2.0,2.0,3.04,2.59,89,97
2026-03-03T06:00,0.4,1.3,78.0,74.0,3.79,2.38,31,67
2026-03-03T07:00,2.0,3.3,233.0,232.0,3.78,2.4,29,37
2026-03-03T08:00,3.9,5.4,382.0,394.0,3.94,2.32,44,23
2026-03-03T09:00,5.6,7.4,466.0,516.0,3.47,2.64,73,18
2026-03-03T10:00,6.9,8.9,467.0,593.0,3.86,3.33,58,24
2026-03-03T11:00,8.6,9.9,573.0,611.0,4.35,3.78,27,28
2026-03-03T12:00,8.9,10.2,550.0,569.0,4.76,4.67,49,29
2026-03-03T13:00,9.3,10.6,478.0,480.0,5.29,5.06,4,36
2026-03-03T14:00,9.1,10.3,349.0,338.0,5.27,4.92,0,34
2026-03-03T15:00,8.3,9.6,185.0,174.0,4.86,5.48,23,39
2026-03-03T16:00,7.0,8.4,36.0,34.0,5.0,5.34,46,26
2026-03-03T17:00,6.0,7.3,0.0,0.0,5.39,4.92,67,39
2026-03-03T18:00,6.2,7.2,0.0,0.0,5.43,4.94,92,94
2026-03-03T19:00,5.8,6.9,0.0,0.0,6.04,4.57,58,89
2026-03-03T20:00,5.6,6.5,0.0,0.0,6.52,6.02,46,60
2026-03-03T21:00,5.1,6.4,0.0,0.0,6.86,7.47,27,44
2026-03-03T22:00,4.7,5.9,0.0,0.0,6.73,8.36,40,38
2026-03-03T23:00,4.9,5.0,0.0,0.0,7.17,7.57,50,31
2026-03-04T00:00,4.2,5.0,0.0,0.0,6.69,7.34,22,69
2026-03-04T01:00,3.6,4.3,0.0,0.0,5.88,7.94,17,40
2026-03-04T02:00,2.7,3.4,0.0,0.0,4.54,6.76,24,0
2026-03-04T03:00,2.0,2.5,0.0,0.0,4.34,4.73,20,0
2026-03-04T04:00,1.6,1.8,0.0,0.0,3.69,3.04,4,0
2026-03-04T05:00,1.4,1.2,3.0,3.0,2.75,2.18,8,2
2026-03-04T06:00,1.4,1.8,87.0,85.0,2.29,1.43,35,20
2026-03-04T07:00,3.6,3.7,248.0,244.0,2.18,1.06,18,16
2026-03-04T08:00,5.9,6.0,410.0,407.0,1.71,1.12,0,14
2026-03-04T09:00,7.9,7.5,538.0,534.0,1.27,1.27,0,2
2026-03-04T10:00,9.4,8.8,614.0,610.0,1.86,1.52,0,14
2026-03-04T11:00,10.4,9.8,633.0,625.0,1.86,1.53,0,17
2026-03-04T12:00,11.2,10.8,590.0,591.0,1.53,2.15,0,0
2026-03-04T13:00,11.6,11.2,496.0,495.0,2.01,2.1,6,10
2026-03-04T14:00,11.5,11.2,356.0,356.0,2.47,2.29,1,10
2026-03-04T15:00,10.9,10.6,189.0,190.0,2.79,2.81,3,5
2026-03-04T16:00,9.1,9.0,39.0,39.0,3.56,3.34,10,12
2026-03-04T17:00,7.3,7.4,0.0,0.0,5.87,5.83,7,2
2026-03-04T18:00,6.3,6.2,0.0,0.0,6.67,6.88,0,21
2026-03-04T19:00,5.6,5.6,0.0,0.0,6.09,6.79,10,20
2026-03-04T20:00,5.0,5.1,0.0,0.0,5.48,6.82,4,25
2026-03-04T21:00,4.6,4.8,0.0,0.0,4.94,6.31,0,0
2026-03-04T22:00,4.4,4.3,0.0,0.0,4.49,5.91,2,0
2026-03-04T23:00,4.4,3.9,0.0,0.0,4.08,5.4,4,2
2026-03-05T00:00,3.8,3.8,0.0,0.0,5.0,4.57,26,3
2026-03-05T01:00,4.0,4.0,0.0,0.0,4.75,4.56,64,40
2026-03-05T02:00,4.1,4.1,0.0,0.0,5.0,4.7,96,57
2026-03-05T03:00,3.9,4.1,0.0,0.0,5.21,4.9,100,63
2026-03-05T04:00,3.7,3.5,0.0,0.0,5.78,5.49,100,45
2026-03-05T05:00,3.8,3.5,3.0,3.0,5.94,5.98,100,100
2026-03-05T06:00,4.1,4.2,60.0,70.0,6.19,6.09,100,98
2026-03-05T07:00,6.2,6.1,177.0,198.0,6.29,6.94,100,100
2026-03-05T08:00,7.4,7.0,265.0,263.0,6.02,6.39,100,100
2026-03-05T09:00,8.0,8.0,336.0,357.0,4.34,4.17,100,100
2026-03-05T10:00,9.1,9.3,393.0,411.0,3.89,4.04,86,100
2026-03-05T11:00,11.0,10.7,591.0,466.0,3.4,3.77,45,80
2026-03-05T12:00,12.0,10.9,434.0,442.0,4.03,3.57,94,99
2026-03-05T13:00,13.2,11.3,421.0,374.0,3.49,2.27,70,100
2026-03-05T14:00,13.6,11.8,265.0,277.0,2.98,2.2,74,87
2026-03-05T15:00,12.6,11.9,133.0,145.0,3.15,1.36,62,38
2026-03-05T16:00,10.9,10.4,37.0,40.0,1.27,1.66,53,50
2026-03-05T17:00,9.4,9.3,0.0,0.0,1.39,2.07,79,54
2026-03-05T18:00,8.0,8.1,0.0,0.0,0.92,2.35,45,48
2026-03-05T19:00,6.6,6.9,0.0,0.0,2.42,5.79,80,75
2026-03-05T20:00,6.5,7.4,0.0,0.0,3.9,6.41,99,99
2026-03-05T21:00,6.9,7.2,0.0,0.0,5.26,7.16,97,99
2026-03-05T22:00,7.0,6.7,0.0,0.0,5.46,6.96,86,100
2026-03-05T23:00,6.6,6.5,0.0,0.0,5.89,7.08,78,86
2026-03-06T00:00,6.5,6.2,0.0,0.0,5.2,6.48,100,77
2026-03-06T01:00,5.8,5.5,0.0,0.0,4.91,4.8,76,100
2026-03-06T02:00,5.1,5.1,0.0,0.0,4.25,4.08,100,100
2026-03-06T03:00,4.3,4.8,0.0,0.0,3.95,4.44,100,100
2026-03-06T04:00,4.0,4.6,0.0,0.0,4.79,4.62,100,100
2026-03-06T05:00,3.7,4.4,4.0,3.0,5.17,5.03,100,100
2026-03-06T06:00,4.6,5.3,89.0,54.0,6.12,5.96,57,100
2026-03-06T07:00,6.2,6.7,247.0,157.0,5.98,6.47,68,100
2026-03-06T08:00,7.6,7.6,410.0,229.0,5.27,6.4,66,100
2026-03-06T09:00,8.9,8.3,553.0,308.0,5.94,7.01,22,100
2026-03-06T10:00,10.2,9.4,632.0,478.0,8.7,7.87,2,95
2026-03-06T11:00,10.9,10.3,651.0,558.0,9.61,8.92,29,67
2026-03-06T12:00,11.6,11.2,610.0,572.0,9.48,10.32,19,35
2026-03-06T13:00,11.4,11.1,478.0,497.0,8.8,10.03,38,38
2026-03-06T14:00,11.4,10.6,350.0,367.0,8.65,8.93,55,9
2026-03-06T15:00,10.7,9.6,176.0,187.0,7.9,7.84,25,48
2026-03-06T16:00,9.2,8.0,45.0,40.0,7.76,7.16,16,50
2026-03-06T17:00,7.8,6.5,0.0,0.0,7.1,6.42,0,52
2026-03-06T18:00,6.6,5.9,0.0,0.0,6.01,6.09,0,0
2026-03-06T19:00,5.7,4.8,0.0,0.0,5.89,6.22,0,8
2026-03-06T20:00,5.0,4.0,0.0,0.0,6.61,7.08,6,36
2026-03-06T21:00,4.4,3.5,0.0,0.0,6.34,7.5,28,47
2026-03-06T22:00,4.0,3.1,0.0,0.0,7.0,7.45,28,41
2026-03-06T23:00,3.5,2.4,0.0,0.0,6.9,7.26,31,34
2026-03-07T00:00,3.1,1.7,0.0,0.0,6.76,4.03,20,50
2026-03-07T01:00,2.6,1.3,0.0,0.0,6.02,4.64,28,3
2026-03-07T02:00,2.3,0.8,0.0,0.0,5.43,4.99,36,7
2026-03-07T03:00,1.8,0.3,0.0,0.0,5.51,4.3,27,29
2026-03-07T04:00,1.5,0.1,0.0,0.0,5.25,3.88,13,0
2026-03-07T05:00,1.2,-0.0,6.0,5.0,4.67,4.04,6,0
2026-03-07T06:00,2.3,1.2,106.0,104.0,4.58,3.88,12,0
2026-03-07T07:00,4.7,3.4,278.0,272.0,4.39,2.91,0,0
2026-03-07T08:00,6.3,5.1,442.0,435.0,2.71,1.67,0,0
2026-03-07T09:00,7.4,6.4,570.0,560.0,3.18,1.4,9,28
2026-03-07T10:00,8.2,7.2,646.0,627.0,2.91,0.89,23,39
2026-03-07T11:00,8.7,7.6,641.0,574.0,2.5,0.44,39,67
2026-03-07T12:00,9.3,8.2,463.0,555.0,1.0,0.79,80,56
2026-03-07T13:00,9.2,8.2,346.0,425.0,1.87,0.35,81,61
2026-03-07T14:00,8.7,7.9,246.0,313.0,2.91,0.77,79,55
2026-03-07T15:00,7.9,7.2,140.0,166.0,4.09,2.3,72,55
2026-03-07T16:00,6.6,5.7,35.0,39.0,4.94,4.33,64,42
2026-03-07T17:00,5.4,4.2,0.0,0.0,6.14,5.08,45,12
2026-03-07T18:00,3.8,4.2,0.0,0.0,6.1,5.33,4,7
2026-03-07T19:00,3.2,3.2,0.0,0.0,5.61,4.5,0,0
2026-03-07T20:00,2.6,2.6,0.0,0.0,5.27,4.34,0,0
2026-03-07T21:00,2.2,2.2,0.0,0.0,5.04,4.09,14,0
2026-03-07T22:00,1.8,2.0,0.0,0.0,4.55,3.84,32,6
2026-03-07T23:00,1.6,1.9,0.0,0.0,3.88,3.55,14,12
2026-03-08T00:00,1.2,1.4,0.0,0.0,3.47,2.92,0,2
2026-03-08T01:00,1.3,1.2,0.0,0.0,3.0,2.54,2,0
2026-03-08T02:00,1.4,1.1,0.0,0.0,2.71,2.05,0,0
2026-03-08T03:00,1.4,0.9,0.0,0.0,2.59,1.93,0,0
2026-03-08T04:00,1.4,0.7,0.0,0.0,2.42,1.82,4,0
2026-03-08T05:00,1.4,0.4,7.0,7.0,2.39,1.88,15,6
2026-03-08T06:00,2.1,1.2,107.0,108.0,2.27,1.93,67,38
2026-03-08T07:00,4.2,3.7,266.0,273.0,1.69,2.14,100,82
2026-03-08T08:00,6.3,6.1,405.0,428.0,0.77,1.47,100,90
2026-03-08T09:00,8.0,7.7,516.0,547.0,0.9,2.35,100,84
2026-03-08T10:00,9.1,8.6,586.0,610.0,1.0,3.04,99,100
2026-03-08T11:00,9.7,9.0,567.0,590.0,1.31,3.34,96,100
2026-03-08T12:00,10.3,9.3,489.0,590.0,2.06,4.64,100,99
2026-03-08T13:00,10.2,9.0,395.0,482.0,2.36,4.86,100,89
2026-03-08T14:00,10.0,8.4,286.0,349.0,2.28,4.75,91,51
2026-03-08T15:00,9.3,7.5,171.0,199.0,2.3,4.44,75,75
2026-03-08T16:00,8.0,6.4,46.0,48.0,3.26,3.95,24,16
2026-03-08T17:00,6.4,5.1,0.0,0.0,3.4,4.08,26,22
2026-03-08T18:00,4.6,3.7,0.0,0.0,3.74,5.06,0,99
2026-03-08T19:00,3.7,3.0,0.0,0.0,3.26,4.83,0,19
2026-03-08T20:00,2.8,2.3,0.0,0.0,3.1,5.0,0,7
2026-03-08T21:00,2.1,1.9,0.0,0.0,2.63,5.0,0,10
2026-03-08T22:00,1.6,1.5,0.0,0.0,2.52,4.8,6,11
2026-03-08T23:00,1.2,1.2,0.0,0.0,2.65,5.21,6,35
2026-03-09T00:00,0.7,0.9,0.0,0.0,2.45,4.11,7,2
2026-03-09T01:00,0.4,0.7,0.0,0.0,2.69,4.25,8,1
2026-03-09T02:00,0.4,0.7,0.0,0.0,2.9,4.0,2,0
2026-03-09T03:00,0.4,0.5,0.0,0.0,3.45,3.9,1,0
2026-03-09T04:00,0.4,0.4,0.0,0.0,3.79,4.28,0,2
2026-03-09T05:00,0.4,0.5,8.0,8.0,3.83,4.4,0,0
2026-03-09T06:00,1.3,1.2,113.0,114.0,3.34,3.66,0,0
2026-03-09T07:00,4.5,4.0,284.0,284.0,3.64,3.51,0,0
2026-03-09T08:00,6.8,6.4,446.0,446.0,2.55,2.2,0,0
2026-03-09T09:00,8.5,8.2,573.0,573.0,2.87,3.13,3,0
2026-03-09T10:00,9.8,9.6,648.0,650.0,3.21,3.83,4,0
2026-03-09T11:00,10.7,10.5,667.0,666.0,3.47,4.29,0,6
2026-03-09T12:00,11.0,11.3,626.0,623.0,3.92,3.76,0,7
2026-03-09T13:00,10.8,11.3,528.0,525.0,4.44,4.43,0,1
2026-03-09T14:00,10.0,10.6,384.0,382.0,4.71,5.04,0,0
2026-03-09T15:00,8.9,9.6,212.0,212.0,4.74,4.73,0,0
2026-03-09T16:00,7.3,8.1,52.0,52.0,4.79,4.5,0,0
2026-03-09T17:00,5.6,6.3,0.0,0.0,4.96,5.52,0,0
2026-03-09T18:00,4.7,4.9,0.0,0.0,4.76,5.27,0,0
2026-03-09T19:00,3.7,3.9,0.0,0.0,4.73,5.21,0,0
2026-03-09T20:00,3.0,3.0,0.0,0.0,4.51,5.3,0,0
2026-03-09T21:00,2.5,2.5,0.0,0.0,4.08,5.3,0,0
2026-03-09T22:00,2.1,2.0,0.0,0.0,3.7,4.39,0,0
2026-03-09T23:00,1.8,1.6,0.0,0.0,3.27,4.25,0,6
2026-03-10T00:00,1.2,1.1,0.0,0.0,2.77,3.64,0,1
2026-03-10T01:00,0.9,0.9,0.0,0.0,2.43,2.89,5,7
2026-03-10T02:00,0.6,0.6,0.0,0.0,2.2,2.48,12,13
2026-03-10T03:00,0.4,0.4,0.0,0.0,2.19,2.31,16,16
2026-03-10T04:00,0.3,0.3,0.0,0.0,2.57,2.65,17,17
2026-03-10T05:00,0.3,0.4,9.0,9.0,3.23,3.34,16,15
2026-03-10T06:00,1.5,2.1,118.0,117.0,3.48,4.5,18,17
2026-03-10T07:00,4.9,5.4,294.0,292.0,3.88,4.46,2,0
2026-03-10T08:00,7.6,8.1,455.0,451.0,2.45,2.65,0,0
2026-03-10T09:00,9.7,10.1,581.0,580.0,3.4,3.81,0,0
2026-03-10T10:00,11.2,11.5,658.0,656.0,4.43,4.62,0,0
2026-03-10T11:00,12.0,12.2,677.0,674.0,5.15,5.61,0,0
2026-03-10T12:00,12.8,12.2,636.0,634.0,4.57,5.13,0,0
2026-03-10T13:00,12.3,11.8,538.0,536.0,5.28,5.3,0,0
2026-03-10T14:00,11.3,11.1,393.0,391.0,5.64,5.39,0,0
2026-03-10T15:00,9.8,9.9,219.0,217.0,5.76,5.3,0,0
2026-03-10T16:00,8.0,8.1,56.0,56.0,6.69,5.39,0,0
2026-03-10T17:00,6.3,6.4,0.0,0.0,7.37,5.83,0,0
2026-03-10T18:00,5.0,5.3,0.0,0.0,5.93,6.51,0,0
2026-03-10T19:00,4.2,4.4,0.0,0.0,6.14,6.54,0,0
2026-03-10T20:00,3.6,3.8,0.0,0.0,6.31,6.82,0,0
2026-03-10T21:00,3.1,3.3,0.0,0.0,6.48,7.08,0,0
2026-03-10T22:00,2.8,3.0,0.0,0.0,6.62,7.44,0,0
2026-03-10T23:00,2.5,2.8,0.0,0.0,7.04,8.07,0,0
2026-03-11T00:00,1.8,2.3,0.0,0.0,6.81,7.65,4,0
2026-03-11T01:00,1.8,2.2,0.0,0.0,7.1,8.28,3,0
2026-03-11T02:00,1.8,2.2,0.0,0.0,7.3,8.66,2,0
2026-03-11T03:00,1.7,2.2,0.0,0.0,7.19,8.56,0,0
2026-03-11T04:00,1.7,2.2,0.0,0.0,7.34,8.45,0,0
2026-03-11T05:00,1.9,2.4,10.0,10.0,7.91,8.16,0,0
2026-03-11T06:00,3.9,4.1,123.0,122.0,7.47,7.94,0,0
2026-03-11T07:00,7.1,6.8,295.0,292.0,7.26,7.74,0,3
2026-03-11T08:00,9.1,8.8,459.0,452.0,5.79,6.19,0,35
2026-03-11T09:00,10.5,10.0,583.0,552.0,6.58,6.94,17,52
2026-03-11T10:00,11.2,10.4,657.0,554.0,6.48,6.37,10,57
2026-03-11T11:00,11.5,10.6,672.0,513.0,6.35,5.79,5,66
2026-03-11T12:00,11.5,11.0,633.0,617.0,6.28,5.92,1,37
2026-03-11T13:00,11.0,10.5,535.0,514.0,6.19,6.01,7,37
2026-03-11T14:00,10.0,9.5,385.0,366.0,6.33,6.35,31,54
2026-03-11T15:00,8.6,8.1,201.0,182.0,6.1,6.5,60,71
2026-03-11T16:00,7.2,7.0,48.0,40.0,6.05,6.7,75,78
2026-03-11T17:00,6.2,6.2,0.0,0.0,6.23,6.66,79,78
2026-03-11T18:00,5.8,5.6,0.0,0.0,6.74,7.01,74,80
2026-03-11T19:00,5.4,5.4,0.0,0.0,6.5,6.71,72,73
2026-03-11T20:00,5.2,5.2,0.0,0.0,6.64,6.7,72,72
2026-03-11T21:00,5.1,5.0,0.0,0.0,5.96,6.31,71,75
2026-03-11T22:00,4.7,5.0,0.0,0.0,5.48,5.48,65,80
2026-03-11T23:00,4.4,4.8,0.0,0.0,5.22,5.35,86,83
2026-03-12T00:00,3.8,4.1,0.0,0.0,4.19,5.15,86,69
2026-03-12T01:00,3.4,3.6,0.0,0.0,3.95,4.37,81,71
2026-03-12T02:00,3.4,3.4,0.0,0.0,3.9,4.57,85,84
2026-03-12T03:00,3.6,3.6,0.0,0.0,4.12,5.35,88,85
2026-03-12T04:00,3.6,3.6,0.0,0.0,4.66,5.35,92,82
2026-03-12T05:00,3.9,3.6,8.0,6.0,5.24,4.66,90,79
2026-03-12T06:00,5.2,4.6,78.0,87.0,4.77,4.54,85,75
2026-03-12T07:00,7.0,6.7,190.0,190.0,3.97,3.92,85,73
2026-03-12T08:00,8.3,8.3,293.0,318.0,4.43,3.65,81,78
2026-03-12T09:00,9.0,9.5,399.0,394.0,4.06,4.78,79,66
2026-03-12T10:00,10.3,10.9,543.0,579.0,3.76,4.09,71,40
2026-03-12T11:00,10.7,11.9,559.0,660.0,4.04,4.19,54,30
2026-03-12T12:00,10.3,11.6,516.0,591.0,3.75,3.77,54,44
2026-03-12T13:00,10.4,11.6,464.0,514.0,3.66,4.0,52,25
2026-03-12T14:00,10.0,11.1,348.0,395.0,4.0,4.37,50,8
2026-03-12T15:00,9.0,10.1,208.0,226.0,4.08,4.4,13,0
2026-03-12T16:00,7.7,8.7,60.0,62.0,4.13,4.09,5,0
2026-03-12T17:00,6.2,6.8,0.0,0.0,4.62,4.13,0,0
2026-03-12T18:00,5.0,5.5,0.0,0.0,4.08,3.14,0,0
2026-03-12T19:00,4.2,4.4,0.0,0.0,3.59,2.76,13,0
2026-03-12T20:00,3.5,3.4,0.0,0.0,2.95,2.91,30,5
2026-03-12T21:00,2.8,2.7,0.0,0.0,2.45,3.46,35,2
2026-03-12T22:00,2.2,2.4,0.0,0.0,2.05,3.83,35,2
2026-03-12T23:00,1.6,2.0,0.0,0.0,2.02,4.35,31,0
2026-03-13T00:00,1.9,1.1,0.0,0.0,3.34,3.67,14,4
2026-03-13T01:00,1.6,0.8,0.0,0.0,3.74,4.16,6,5
2026-03-13T02:00,1.3,0.5,0.0,0.0,4.09,4.45,6,5
2026-03-13T03:00,1.1,0.5,0.0,0.0,4.3,4.92,6,5
2026-03-13T04:00,1.0,0.8,0.0,0.0,4.52,5.6,6,2
2026-03-13T05:00,1.1,1.2,13.0,14.0,4.72,6.06,5,0
2026-03-13T06:00,1.5,2.8,131.0,136.0,3.14,5.37,28,3
2026-03-13T07:00,6.2,6.8,308.0,312.0,3.21,4.49,0,0
2026-03-13T08:00,9.2,9.4,477.0,476.0,2.55,2.53,0,0
2026-03-13T09:00,11.2,11.3,605.0,603.0,2.51,2.76,0,0
2026-03-13T10:00,12.6,12.7,680.0,679.0,2.77,2.76,4,0
2026-03-13T11:00,13.5,13.6,693.0,696.0,2.91,2.86,21,1
2026-03-13T12:00,13.9,13.6,649.0,654.0,2.86,2.89,20,3
2026-03-13T13:00,13.7,13.3,549.0,553.0,3.29,3.1,24,8
2026-03-13T14:00,13.0,12.5,401.0,408.0,3.73,3.34,20,0
2026-03-13T15:00,11.7,11.2,231.0,233.0,4.04,3.55,37,12
2026-03-13T16:00,9.7,9.3,64.0,66.0,4.41,3.79,18,2
2026-03-13T17:00,7.5,7.2,0.0,0.0,5.61,4.21,0,0
2026-03-13T18:00,6.0,5.6,0.0,0.0,5.87,5.24,11,0
2026-03-13T19:00,5.1,4.5,0.0,0.0,6.42,5.73,39,1
2026-03-13T20:00,4.7,3.9,0.0,0.0,6.23,5.85,50,22
2026-03-13T21:00,4.3,3.4,0.0,0.0,5.9,5.67,55,43
2026-03-13T22:00,3.9,3.1,0.0,0.0,5.24,5.33,55,60
2026-03-13T23:00,3.3,2.8,0.0,0.0,4.31,4.91,43,58
2026-03-14T00:00,4.2,4.1,0.0,0.0,3.83,4.32,78,92
2026-03-14T01:00,4.1,4.2,0.0,0.0,3.43,4.22,83,88
2026-03-14T02:00,3.9,3.9,0.0,0.0,3.63,4.17,80,85
2026-03-14T03:00,3.7,3.8,0.0,0.0,3.83,3.59,79,88
2026-03-14T04:00,3.3,3.7,0.0,0.0,3.96,3.31,74,87
2026-03-14T05:00,3.1,3.7,11.0,10.0,3.9,2.98,58,76
2026-03-14T06:00,4.6,4.6,95.0,94.0,3.33,3.34,82,70
2026-03-14T07:00,5.7,5.7,203.0,229.0,3.15,2.69,80,70
2026-03-14T08:00,7.0,6.9,344.0,356.0,3.55,3.15,74,74
2026-03-14T09:00,8.5,8.2,488.0,472.0,3.85,3.16,56,54
2026-03-14T10:00,10.0,9.7,624.0,624.0,4.62,3.79,52,53
2026-03-14T11:00,10.3,10.2,637.0,620.0,5.2,5.01,46,65
2026-03-14T12:00,10.6,11.5,648.0,624.0,4.71,5.0,35,45
2026-03-14T13:00,10.2,10.8,542.0,521.0,5.39,5.88,42,43
2026-03-14T14:00,9.5,9.7,393.0,381.0,5.49,6.1,44,36
2026-03-14T15:00,8.6,8.9,216.0,220.0,5.49,6.09,55,58
2026-03-14T16:00,7.6,7.9,61.0,57.0,5.82,6.37,25,59
2026-03-14T17:00,6.2,6.5,0.0,0.0,7.23,7.11,28,0
2026-03-14T18:00,5.4,5.2,0.0,0.0,10.05,10.57,87,15
2026-03-14T19:00,5.0,4.7,0.0,0.0,9.77,10.42,99,14
2026-03-14T20:00,4.6,4.2,0.0,0.0,9.68,10.3,100,2
2026-03-14T21:00,4.1,3.8,0.0,0.0,9.73,9.95,100,1
2026-03-14T22:00,3.9,3.5,0.0,0.0,9.56,9.22,100,3
2026-03-14T23:00,3.7,3.1,0.0,0.0,8.99,8.56,100,6
2026-03-15T00:00,3.5,2.4,0.0,0.0,8.67,6.32,100,78
2026-03-15T01:00,3.3,2.0,0.0,0.0,8.67,5.68,100,44
2026-03-15T02:00,3.1,1.7,0.0,0.0,8.51,6.08,100,42
2026-03-15T03:00,3.0,1.7,0.0,0.0,7.83,6.74,100,59
2026-03-15T04:00,3.1,1.9,0.0,0.0,6.89,6.93,100,83
2026-03-15T05:00,3.3,2.6,11.0,13.0,6.82,7.22,100,100
2026-03-15T06:00,4.0,4.2,127.0,106.0,7.77,6.51,75,100
2026-03-15T07:00,6.1,5.8,309.0,233.0,4.65,5.11,26,100
2026-03-15T08:00,8.0,7.5,482.0,366.0,4.77,4.94,13,100
2026-03-15T09:00,9.5,9.3,611.0,502.0,5.17,5.06,31,100
2026-03-15T10:00,10.5,10.7,664.0,573.0,4.95,5.23,43,100
2026-03-15T11:00,11.0,11.6,665.0,656.0,5.08,5.41,50,58
2026-03-15T12:00,11.4,11.6,579.0,465.0,4.25,4.72,98,100
2026-03-15T13:00,11.5,11.7,482.0,386.0,4.08,5.2,84,100
2026-03-15T14:00,11.4,11.2,388.0,269.0,4.44,5.47,44,100
2026-03-15T15:00,10.7,10.2,225.0,161.0,4.79,5.8,50,100
2026-03-15T16:00,9.3,8.3,64.0,50.0,5.9,6.53,53,100
2026-03-15T17:00,7.4,6.7,0.0,0.0,7.27,7.65,51,100
2026-03-15T18:00,5.2,5.1,0.0,0.0,6.44,6.62,7,0
2026-03-15T19:00,4.3,4.3,0.0,0.0,6.44,5.75,33,0
2026-03-15T20:00,3.7,3.6,0.0,0.0,6.44,5.58,18,0
2026-03-15T21:00,3.2,3.0,0.0,0.0,6.24,5.61,16,0
2026-03-15T22:00,2.8,2.6,0.0,0.0,5.53,5.44,6,0
2026-03-15T23:00,2.2,2.1,0.0,0.0,4.82,5.71,30,0
2026-03-16T00:00,1.3,1.1,0.0,0.0,3.83,3.65,20,1
2026-03-16T01:00,1.0,0.6,0.0,0.0,4.09,3.38,37,2
2026-03-16T02:00,0.9,0.2,0.0,0.0,4.19,3.5,93,14
2026-03-16T03:00,0.8,0.1,0.0,0.0,4.23,3.99,100,35
2026-03-16T04:00,0.6,0.2,0.0,0.0,3.92,4.45,98,19
2026-03-16T05:00,0.6,0.5,17.0,19.0,3.83,5.06,89,17
2026-03-16T06:00,2.4,2.3,120.0,153.0,3.79,4.49,95,13
2026-03-16T07:00,5.2,5.8,253.0,330.0,3.35,4.16,100,26
2026-03-16T08:00,7.5,8.3,386.0,492.0,2.81,2.72,96,32
2026-03-16T09:00,9.3,10.0,483.0,613.0,3.29,3.33,99,47
2026-03-16T10:00,10.6,10.9,488.0,533.0,3.72,4.23,96,64
2026-03-16T11:00,11.4,11.7,412.0,516.0,3.59,3.55,79,89
2026-03-16T12:00,10.9,11.1,368.0,283.0,3.33,3.38,91,100
2026-03-16T13:00,11.1,11.2,324.0,238.0,2.39,3.66,99,91
2026-03-16T14:00,11.0,11.0,176.0,252.0,2.51,3.16,98,81
2026-03-16T15:00,10.7,10.5,119.0,167.0,2.24,2.94,95,71
2026-03-16T16:00,9.5,9.1,42.0,62.0,3.64,3.53,80,49
2026-03-16T17:00,7.9,7.4,0.0,0.0,3.88,2.26,70,41
2026-03-16T18:00,6.9,6.1,0.0,0.0,2.37,2.89,81,36
2026-03-16T19:00,6.4,5.4,0.0,0.0,2.26,2.16,86,45
2026-03-16T20:00,6.0,5.0,0.0,0.0,2.37,1.95,88,37
2026-03-16T21:00,5.7,4.6,0.0,0.0,2.23,1.98,78,37
2026-03-16T22:00,5.5,4.4,0.0,0.0,2.91,1.43,96,32
2026-03-16T23:00,5.3,4.3,0.0,0.0,3.42,1.2,95,44
2026-03-17T00:00,4.6,4.8,0.0,0.0,3.47,3.16,66,84
2026-03-17T01:00,4.5,4.7,0.0,0.0,3.73,3.2,67,68
2026-03-17T02:00,4.3,4.3,0.0,0.0,3.88,4.12,65,68
2026-03-17T03:00,3.8,4.0,0.0,0.0,4.43,4.38,64,55
2026-03-17T04:00,3.4,3.8,0.0,0.0,4.3,4.0,34,50
2026-03-17T05:00,3.3,3.6,22.0,21.0,3.56,3.27,34,33
2026-03-17T06:00,4.2,5.7,159.0,95.0,3.59,3.38,23,89
2026-03-17T07:00,7.5,7.6,336.0,206.0,3.25,2.86,1,89
2026-03-17T08:00,10.3,9.6,506.0,330.0,1.29,0.98,15,83
2026-03-17T09:00,11.8,11.4,556.0,479.0,2.72,0.98,61,85
2026-03-17T10:00,12.5,12.2,563.0,490.0,2.6,0.96,51,81
2026-03-17T11:00,12.9,12.7,559.0,474.0,3.07,1.55,81,85
2026-03-17T12:00,12.6,12.8,487.0,376.0,4.19,2.24,92,92
2026-03-17T13:00,12.5,12.3,441.0,315.0,4.3,4.52,100,91
2026-03-17T14:00,12.1,11.5,363.0,261.0,4.12,4.66,100,75
2026-03-17T15:00,11.3,10.9,228.0,222.0,4.47,4.24,70,97
2026-03-17T16:00,9.8,9.3,76.0,72.0,4.74,5.16,77,100
2026-03-17T17:00,7.6,7.2,1.0,1.0,5.85,6.57,80,100
2026-03-17T18:00,6.1,5.8,0.0,0.0,6.3,6.67,90,89
2026-03-17T19:00,5.1,4.9,0.0,0.0,6.21,6.5,34,87
2026-03-17T20:00,4.5,4.5,0.0,0.0,6.18,5.99,14,10
2026-03-17T21:00,4.1,4.0,0.0,0.0,6.71,5.88,4,1
2026-03-17T22:00,4.0,3.8,0.0,0.0,7.5,6.63,31,9
2026-03-17T23:00,3.9,3.7,0.0,0.0,7.76,7.91,9,7
2026-03-18T00:00,3.7,3.1,0.0,0.0,7.89,7.23,8,1
2026-03-18T01:00,3.4,3.1,0.0,0.0,7.77,8.37,36,4
2026-03-18T02:00,3.2,3.2,0.0,0.0,8.37,9.0,55,5
2026-03-18T03:00,3.1,3.1,0.0,0.0,8.59,9.35,16,9
2026-03-18T04:00,3.1,3.0,0.0,0.0,9.68,9.32,41,20
2026-03-18T05:00,3.5,3.4,23.0,23.0,10.63,9.76,23,16
2026-03-18T06:00,5.3,5.6,157.0,151.0,11.11,11.17,100,100
2026-03-18T07:00,7.5,7.7,320.0,320.0,7.5,8.61,100,100
2026-03-18T08:00,9.4,9.4,478.0,474.0,6.72,7.59,100,100
2026-03-18T09:00,10.5,10.9,583.0,590.0,8.2,8.28,100,99
2026-03-18T10:00,10.9,11.4,585.0,644.0,8.55,9.34,100,100
2026-03-18T11:00,11.3,11.4,632.0,564.0,8.2,9.52,98,100
2026-03-18T12:00,10.4,12.0,479.0,603.0,8.77,7.01,100,89
2026-03-18T13:00,10.0,11.5,370.0,396.0,8.56,7.35,100,98
2026-03-18T14:00,9.3,10.7,256.0,348.0,8.22,6.66,100,100
2026-03-18T15:00,8.3,9.6,139.0,207.0,7.38,6.57,100,100
2026-03-18T16:00,7.2,8.2,45.0,67.0,6.82,6.48,100,100
2026-03-18T17:00,6.3,6.7,1.0,1.0,7.22,7.05,99,100
2026-03-18T18:00,5.6,5.4,0.0,0.0,7.93,7.37,98,100
2026-03-18T19:00,5.1,4.8,0.0,0.0,8.54,7.47,94,93
2026-03-18T20:00,4.9,4.4,0.0,0.0,9.13,7.06,97,100
2026-03-18T21:00,4.7,4.3,0.0,0.0,9.15,7.36,96,100
2026-03-18T22:00,4.4,4.1,0.0,0.0,9.29,7.5,100,98
2026-03-18T23:00,4.3,3.7,0.0,0.0,9.02,7.64,100,95
2026-03-19T00:00,3.6,3.9,0.0,0.0,9.17,8.39,85,100
2026-03-19T01:00,3.6,3.6,0.0,0.0,9.46,8.49,80,74
2026-03-19T02:00,3.5,3.4,0.0,0.0,9.21,8.89,54,42
2026-03-19T03:00,3.1,3.3,0.0,0.0,9.7,9.3,31,34
2026-03-19T04:00,2.6,3.0,0.0,0.0,10.27,9.33,21,39
2026-03-19T05:00,2.6,2.9,26.0,25.0,10.82,9.72,19,27
2026-03-19T06:00,3.9,4.9,168.0,147.0,9.21,8.67,23,58
2026-03-19T07:00,5.7,6.6,342.0,338.0,7.54,7.06,39,34
2026-03-19T08:00,7.2,8.1,480.0,494.0,7.33,6.7,47,51
2026-03-19T09:00,8.4,9.0,563.0,571.0,8.11,7.14,67,68
2026-03-19T10:00,9.0,9.3,558.0,486.0,7.45,6.94,90,90
2026-03-19T11:00,9.0,9.5,366.0,387.0,7.05,6.61,90,92
2026-03-19T12:00,8.3,9.9,360.0,610.0,6.68,7.93,99,92
2026-03-19T13:00,8.0,9.6,213.0,454.0,7.2,7.73,93,76
2026-03-19T14:00,8.2,9.1,216.0,278.0,6.88,7.33,100,86
2026-03-19T15:00,8.0,8.5,99.0,121.0,7.13,7.84,85,95
2026-03-19T16:00,7.6,8.1,49.0,39.0,8.08,7.77,87,95
2026-03-19T17:00,6.6,7.2,1.0,1.0,7.34,8.59,85,69
2026-03-19T18:00,6.1,6.3,0.0,0.0,6.66,6.29,100,59
2026-03-19T19:00,5.8,5.6,0.0,0.0,7.11,6.67,100,68
2026-03-19T20:00,5.2,5.4,0.0,0.0,9.45,7.23,100,90
2026-03-19T21:00,4.8,5.3,0.0,0.0,9.68,8.37,100,98
2026-03-19T22:00,4.5,4.8,0.0,0.0,10.17,9.31,98,93
2026-03-19T23:00,4.1,4.2,0.0,0.0,10.51,9.63,97,100
2026-03-20T00:00,3.9,3.7,0.0,0.0,10.47,11.94,100,26
2026-03-20T01:00,3.6,3.3,0.0,0.0,10.67,11.99,86,12
2026-03-20T02:00,3.4,2.8,0.0,0.0,10.51,11.15,91,5
2026-03-20T03:00,3.2,2.4,0.0,0.0,10.41,11.12,100,2
2026-03-20T04:00,3.0,2.0,0.0,0.0,10.44,11.31,99,10
2026-03-20T05:00,3.0,2.2,19.0,28.0,10.25,11.53,100,47
2026-03-20T06:00,3.6,3.4,153.0,142.0,8.15,9.21,100,100
2026-03-20T07:00,5.3,5.3,307.0,304.0,7.54,8.43,55,100
2026-03-20T08:00,7.1,7.1,467.0,453.0,8.12,8.94,60,85
2026-03-20T09:00,8.5,8.7,534.0,570.0,8.34,9.57,90,86
2026-03-20T10:00,9.7,9.9,590.0,666.0,8.83,9.27,92,86
2026-03-20T11:00,10.5,10.8,601.0,701.0,8.77,8.9,76,67
2026-03-20T12:00,10.6,10.0,603.0,281.0,9.05,8.59,79,100
2026-03-20T13:00,10.8,10.4,478.0,276.0,9.08,8.38,93,100
2026-03-20T14:00,10.8,10.5,344.0,190.0,8.7,7.99,99,100
2026-03-20T15:00,10.3,10.3,180.0,89.0,8.42,7.34,100,100
2026-03-20T16:00,9.5,9.7,57.0,31.0,7.84,7.01,99,100
2026-03-20T17:00,8.4,8.8,1.0,1.0,7.7,7.82,100,100
2026-03-20T18:00,8.0,7.9,0.0,0.0,7.64,7.22,100,93
2026-03-20T19:00,7.6,7.2,0.0,0.0,7.88,7.34,100,100
2026-03-20T20:00,7.2,6.8,0.0,0.0,8.75,7.55,100,99
2026-03-20T21:00,6.7,6.4,0.0,0.0,9.2,8.29,100,100
2026-03-20T22:00,6.3,6.0,0.0,0.0,10.04,8.74,100,98
2026-03-20T23:00,5.9,5.6,0.0,0.0,10.17,8.9,100,99
2026-03-21T00:00,5.7,4.8,0.0,0.0,9.37,9.24,100,37
2026-03-21T01:00,5.3,4.4,0.0,0.0,9.45,9.56,100,100
2026-03-21T02:00,5.0,4.2,0.0,0.0,9.64,9.68,100,100
2026-03-21T03:00,4.6,3.8,0.0,0.0,9.42,9.84,100,100
2026-03-21T04:00,4.3,3.5,0.0,0.0,9.26,9.96,100,100
2026-03-21T05:00,4.4,3.6,19.0,25.0,8.96,10.41,100,100
2026-03-21T06:00,5.3,5.1,103.0,114.0,7.9,8.86,100,100
2026-03-21T07:00,6.4,6.6,214.0,231.0,8.12,8.61,100,100
2026-03-21T08:00,7.4,8.1,288.0,355.0,7.56,8.68,99,100
2026-03-21T09:00,8.3,9.6,368.0,499.0,7.2,8.87,98,96
2026-03-21T10:00,8.9,10.8,386.0,617.0,6.84,8.3,96,90
2026-03-21T11:00,8.8,11.6,354.0,590.0,7.23,7.95,93,91
2026-03-21T12:00,9.5,9.1,332.0,299.0,7.19,7.19,94,98
2026-03-21T13:00,8.7,9.2,146.0,236.0,7.69,7.28,94,97
2026-03-21T14:00,8.3,9.0,127.0,165.0,7.39,7.43,94,97
2026-03-21T15:00,8.1,8.7,86.0,86.0,7.01,6.76,95,97
2026-03-21T16:00,7.8,8.4,22.0,29.0,6.63,6.18,100,94
2026-03-21T17:00,7.4,7.8,1.0,1.0,6.39,6.29,95,94
2026-03-21T18:00,7.0,7.1,0.0,0.0,8.25,7.29,99,91
2026-03-21T19:00,7.0,7.0,0.0,0.0,8.77,8.2,97,92
2026-03-21T20:00,7.0,7.0,0.0,0.0,9.08,8.65,96,100
2026-03-21T21:00,7.0,7.1,0.0,0.0,9.54,8.69,97,93
2026-03-21T22:00,6.9,7.0,0.0,0.0,9.4,8.64,96,94
2026-03-21T23:00,6.8,6.9,0.0,0.0,9.5,9.09,95,96
2026-03-22T00:00,6.4,6.7,0.0,0.0,9.4,9.0,99,100
2026-03-22T01:00,6.3,6.5,0.0,0.0,9.59,8.94,98,98
2026-03-22T02:00,6.0,6.4,0.0,0.0,9.29,8.7,98,98
2026-03-22T03:00,5.9,6.3,0.0,0.0,9.29,8.64,96,96
2026-03-22T04:00,5.8,6.1,0.0,0.0,8.91,8.47,92,95
2026-03-22T05:00,5.8,6.2,13.0,13.0,8.27,8.35,92,97
2026-03-22T06:00,6.3,6.1,52.0,72.0,7.85,6.82,100,97
2026-03-22T07:00,6.8,6.6,115.0,94.0,7.78,6.45,99,100
2026-03-22T08:00,7.4,7.0,159.0,127.0,7.5,6.62,100,99
2026-03-22T09:00,7.8,7.3,203.0,136.0,7.36,6.37,98,99
2026-03-22T10:00,8.4,7.5,254.0,152.0,7.15,6.37,99,99
2026-03-22T11:00,8.6,7.9,260.0,157.0,7.12,6.15,96,98
2026-03-22T12:00,9.2,7.8,201.0,138.0,6.64,6.55,94,100
2026-03-22T13:00,9.1,7.8,190.0,98.0,6.61,6.21,90,100
2026-03-22T14:00,8.6,7.7,118.0,66.0,6.94,5.7,99,100
2026-03-22T15:00,7.9,7.5,58.0,51.0,6.38,5.75,99,100
2026-03-22T16:00,7.2,7.0,20.0,17.0,6.47,6.31,99,100
2026-03-22T17:00,6.7,6.6,1.0,1.0,6.66,6.44,95,100
2026-03-22T18:00,6.3,6.3,0.0,0.0,5.97,6.25,100,97
2026-03-22T19:00,6.2,6.1,0.0,0.0,6.01,6.53,97,100
2026-03-22T20:00,6.3,6.2,0.0,0.0,6.69,6.61,100,100
2026-03-22T21:00,6.4,6.2,0.0,0.0,6.75,6.3,99,100
2026-03-22T22:00,6.5,6.2,0.0,0.0,6.67,6.27,100,100
2026-03-22T23:00,6.4,6.2,0.0,0.0,7.11,6.61,100,100
2026-03-23T00:00,6.1,6.1,0.0,0.0,6.25,6.36,100,98
2026-03-23T01:00,6.0,6.0,0.0,0.0,6.06,6.88,99,100
2026-03-23T02:00,6.0,6.0,0.0,0.0,6.56,6.51,86,97
2026-03-23T03:00,5.8,6.0,0.0,0.0,6.8,6.06,87,98
2026-03-23T04:00,5.8,6.0,0.0,0.0,7.07,6.29,94,98
2026-03-23T05:00,5.9,6.1,16.0,10.0,7.0,6.17,95,99
2026-03-23T06:00,6.4,6.4,68.0,55.0,6.46,5.78,100,97
2026-03-23T07:00,7.0,7.0,115.0,119.0,5.32,4.98,99,95
2026-03-23T08:00,7.8,7.6,209.0,167.0,5.65,5.31,89,100
2026-03-23T09:00,8.3,7.8,259.0,148.0,5.92,5.35,96,100
2026-03-23T10:00,8.2,8.0,196.0,131.0,5.96,5.13,100,100
2026-03-23T11:00,8.1,8.2,138.0,119.0,5.78,5.07,100,99
2026-03-23T12:00,7.4,8.5,70.0,162.0,5.63,4.33,99,100
2026-03-23T13:00,7.6,8.3,94.0,84.0,5.49,4.17,99,100
2026-03-23T14:00,7.7,8.7,84.0,103.0,4.8,3.47,100,99
2026-03-23T15:00,7.9,8.9,56.0,63.0,4.23,3.52,98,93
2026-03-23T16:00,7.8,8.9,25.0,32.0,4.24,4.06,98,100
2026-03-23T17:00,7.6,8.5,1.0,1.0,4.09,4.8,96,96
2026-03-23T18:00,7.0,7.9,0.0,0.0,5.83,5.19,91,97
2026-03-23T19:00,6.7,7.7,0.0,0.0,6.17,5.27,88,93
2026-03-23T20:00,6.6,7.5,0.0,0.0,6.2,5.04,93,87
2026-03-23T21:00,6.6,7.3,0.0,0.0,5.95,4.7,89,100
2026-03-23T22:00,6.6,6.9,0.0,0.0,6.22,4.28,92,100
2026-03-23T23:00,6.5,6.7,0.0,0.0,6.15,4.77,91,88
2026-03-24T00:00,6.9,7.2,0.0,0.0,7.77,5.99,100,100
2026-03-24T01:00,7.3,7.2,0.0,0.0,7.76,6.61,96,100
2026-03-24T02:00,7.3,7.2,0.0,0.0,7.24,6.84,99,95
2026-03-24T03:00,7.3,7.3,0.0,0.0,7.04,7.49,95,92
2026-03-24T04:00,7.0,7.0,0.0,0.0,7.11,7.84,100,94
2026-03-24T05:00,7.1,7.1,14.0,25.0,7.68,7.97,99,89
2026-03-24T06:00,7.6,8.2,87.0,92.0,8.56,8.92,94,99
2026-03-24T07:00,9.1,9.5,226.0,221.0,6.81,7.47,90,100
2026-03-24T08:00,10.6,10.4,435.0,306.0,6.2,5.45,72,100
2026-03-24T09:00,12.3,12.0,626.0,422.0,6.1,5.33,75,100
2026-03-24T10:00,13.3,13.3,674.0,574.0,7.28,6.81,94,98
2026-03-24T11:00,13.7,13.8,637.0,578.0,6.93,6.82,81,97
2026-03-24T12:00,14.2,14.0,623.0,637.0,5.96,6.26,99,66
2026-03-24T13:00,14.0,14.0,447.0,552.0,5.35,5.86,100,64
2026-03-24T14:00,13.7,13.8,282.0,417.0,4.86,5.41,100,51
2026-03-24T15:00,12.9,13.2,164.0,252.0,3.91,4.92,94,45
2026-03-24T16:00,11.3,11.5,76.0,88.0,3.75,4.32,85,54
2026-03-24T17:00,9.5,9.8,3.0,3.0,3.42,3.52,100,49
2026-03-24T18:00,8.4,8.6,0.0,0.0,3.26,1.88,91,87
2026-03-24T19:00,7.8,8.0,0.0,0.0,2.58,0.79,85,40
2026-03-24T20:00,7.5,7.3,0.0,0.0,1.08,0.9,32,62
2026-03-24T21:00,6.8,7.2,0.0,0.0,0.42,1.84,0,98
2026-03-24T22:00,6.5,6.9,0.0,0.0,1.55,3.34,0,65
2026-03-24T23:00,6.5,6.7,0.0,0.0,2.56,3.7,0,58
2026-03-25T00:00,6.0,6.4,0.0,0.0,5.01,4.87,48,79
2026-03-25T01:00,5.7,6.1,0.0,0.0,5.11,5.29,100,85
2026-03-25T02:00,5.3,5.9,0.0,0.0,5.19,5.24,100,29
2026-03-25T03:00,4.9,5.6,0.0,0.0,5.43,5.18,100,19
2026-03-25T04:00,4.6,5.3,0.0,0.0,5.56,4.83,77,3
2026-03-25T05:00,4.8,5.3,43.0,44.0,5.71,4.48,62,17
2026-03-25T06:00,7.0,6.9,204.0,204.0,5.37,5.35,0,0
2026-03-25T07:00,9.7,9.7,386.0,387.0,4.0,4.24,0,0
2026-03-25T08:00,11.6,11.5,550.0,551.0,2.45,2.52,0,0
2026-03-25T09:00,13.1,13.0,673.0,675.0,2.91,2.59,0,0
2026-03-25T10:00,14.0,13.9,733.0,745.0,3.61,3.4,39,20
2026-03-25T11:00,14.4,14.3,687.0,733.0,3.64,3.38,46,50
2026-03-25T12:00,14.8,14.9,556.0,716.0,3.8,4.59,88,4
2026-03-25T13:00,14.5,15.0,387.0,614.0,3.95,4.34,64,9
2026-03-25T14:00,13.9,14.7,378.0,466.0,2.09,4.22,70,6
2026-03-25T15:00,12.7,14.0,233.0,287.0,3.51,2.95,51,1
2026-03-25T16:00,11.3,11.8,93.0,105.0,4.71,3.37,32,2
2026-03-25T17:00,9.9,9.6,4.0,5.0,4.7,4.62,6,0
2026-03-25T18:00,8.1,7.5,0.0,0.0,4.17,4.47,0,0
2026-03-25T19:00,7.1,6.8,0.0,0.0,3.99,3.76,0,13
2026-03-25T20:00,6.8,6.4,0.0,0.0,3.88,3.37,1,0
2026-03-25T21:00,6.4,6.1,0.0,0.0,4.06,3.42,2,0
2026-03-25T22:00,6.1,5.8,0.0,0.0,4.19,3.47,8,0
2026-03-25T23:00,5.7,5.7,0.0,0.0,4.28,3.26,4,0
2026-03-26T00:00,5.3,5.9,0.0,0.0,4.54,3.77,3,0
2026-03-26T01:00,5.4,5.8,0.0,0.0,4.34,3.33,0,0
2026-03-26T02:00,5.3,5.7,0.0,0.0,4.14,3.02,0,0
2026-03-26T03:00,5.0,5.5,0.0,0.0,4.13,2.76,0,0
2026-03-26T04:00,4.6,5.1,0.0,0.0,4.02,2.97,0,4
2026-03-26T05:00,4.6,5.3,47.0,48.0,3.9,3.25,6,0
2026-03-26T06:00,6.3,6.8,210.0,211.0,3.9,3.95,1,0
2026-03-26T07:00,9.0,9.4,390.0,394.0,3.78,4.27,80,0
2026-03-26T08:00,10.8,11.3,547.0,558.0,3.4,3.12,89,3
2026-03-26T09:00,12.3,12.9,667.0,680.0,4.52,3.43,60,0
2026-03-26T10:00,13.2,13.9,745.0,752.0,5.2,3.72,57,0
2026-03-26T11:00,13.7,14.4,760.0,763.0,5.55,4.23,22,12
2026-03-26T12:00,13.5,14.2,621.0,718.0,5.75,5.13,100,3
2026-03-26T13:00,13.3,13.8,560.0,615.0,5.82,5.86,41,4
2026-03-26T14:00,12.6,12.7,453.0,466.0,6.38,6.61,86,27
2026-03-26T15:00,11.4,11.3,282.0,286.0,6.45,6.58,31,3
2026-03-26T16:00,9.9,9.7,104.0,106.0,6.38,6.49,66,21
2026-03-26T17:00,8.0,8.1,5.0,5.0,7.79,7.41,98,4
2026-03-26T18:00,6.7,6.8,0.0,0.0,8.8,7.56,19,17
2026-03-26T19:00,6.2,6.1,0.0,0.0,8.8,7.36,78,44
2026-03-26T20:00,6.1,5.9,0.0,0.0,8.52,7.55,90,64
2026-03-26T21:00,6.2,6.0,0.0,0.0,8.69,7.97,95,79
2026-03-26T22:00,6.5,6.1,0.0,0.0,7.78,7.42,100,100
2026-03-26T23:00,6.6,6.2,0.0,0.0,7.68,7.28,100,86
2026-03-27T00:00,6.4,6.3,0.0,0.0,7.67,7.21,94,99
2026-03-27T01:00,6.4,6.2,0.0,0.0,7.63,6.86,98,100
2026-03-27T02:00,6.3,6.1,0.0,0.0,7.76,7.16,85,100
2026-03-27T03:00,6.3,6.0,0.0,0.0,7.83,7.07,84,100
2026-03-27T04:00,6.4,5.8,0.0,0.0,8.34,7.66,82,100
2026-03-27T05:00,6.8,6.2,23.0,31.0,8.11,7.97,98,100
2026-03-27T06:00,7.6,7.2,93.0,140.0,8.07,6.97,100,100
2026-03-27T07:00,8.4,8.2,192.0,271.0,8.55,7.1,96,100
2026-03-27T08:00,9.1,8.9,227.0,356.0,8.86,7.5,100,99
2026-03-27T09:00,9.6,9.5,297.0,449.0,9.03,7.84,95,88
2026-03-27T10:00,10.0,10.2,392.0,501.0,8.94,8.28,92,80
2026-03-27T11:00,10.7,10.5,456.0,489.0,8.94,8.06,100,91
2026-03-27T12:00,10.3,11.0,459.0,498.0,9.15,8.52,91,94
2026-03-27T13:00,10.2,10.9,392.0,444.0,9.54,8.86,100,100
2026-03-27T14:00,9.5,10.2,276.0,343.0,9.74,9.44,98,74
2026-03-27T15:00,9.0,9.2,185.0,217.0,10.59,9.65,100,82
2026-03-27T16:00,8.3,8.4,68.0,62.0,9.34,8.94,98,91
2026-03-27T17:00,7.9,8.0,3.0,3.0,9.01,9.13,100,98
2026-03-27T18:00,7.6,8.0,0.0,0.0,9.75,9.77,100,100
2026-03-27T19:00,7.4,7.8,0.0,0.0,10.21,10.39,100,100
2026-03-27T20:00,7.3,7.7,0.0,0.0,10.1,10.69,100,100
2026-03-27T21:00,7.3,7.4,0.0,0.0,11.27,9.9,100,100
2026-03-27T22:00,7.5,7.5,0.0,0.0,11.18,10.88,100,100
2026-03-27T23:00,7.7,7.3,0.0,0.0,10.19,10.02,100,100
2026-03-28T00:00,7.6,7.7,0.0,0.0,10.78,11.77,100,100
2026-03-28T01:00,7.7,7.8,0.0,0.0,11.61,10.97,100,100
2026-03-28T02:00,7.8,7.9,0.0,0.0,12.21,10.78,100,100
2026-03-28T03:00,7.8,7.9,0.0,0.0,10.98,11.53,100,100
2026-03-28T04:00,7.8,8.0,0.0,0.0,10.7,11.7,100,100
2026-03-28T05:00,7.9,8.1,11.0,19.0,10.68,11.44,100,100
2026-03-28T06:00,8.2,8.3,27.0,43.0,10.1,9.44,100,100
2026-03-28T07:00,8.6,8.5,55.0,61.0,9.89,9.85,100,100
2026-03-28T08:00,9.2,8.9,102.0,65.0,8.13,10.76,100,99
2026-03-28T09:00,10.5,9.3,277.0,128.0,8.12,10.5,85,100
2026-03-28T10:00,11.0,9.4,383.0,154.0,8.74,9.6,100,100
2026-03-28T11:00,11.1,9.2,316.0,100.0,7.63,9.62,99,100
2026-03-28T12:00,11.2,10.3,227.0,255.0,4.3,9.03,100,92
2026-03-28T13:00,12.2,10.7,385.0,308.0,4.7,7.97,77,91
2026-03-28T14:00,12.4,10.6,418.0,210.0,5.0,7.74,58,94
2026-03-28T15:00,11.6,10.0,269.0,157.0,5.98,8.14,18,78
2026-03-28T16:00,10.2,9.1,110.0,69.0,6.28,8.05,29,80
2026-03-28T17:00,8.8,8.3,6.0,4.0,7.75,7.81,100,92
2026-03-28T18:00,8.2,8.0,0.0,0.0,7.79,7.88,100,70
2026-03-28T19:00,8.2,7.7,0.0,0.0,6.57,7.58,96,100
2026-03-28T20:00,8.2,7.7,0.0,0.0,6.02,6.01,100,100
2026-03-28T21:00,8.1,7.9,0.0,0.0,5.7,5.99,97,100
2026-03-28T22:00,8.0,8.0,0.0,0.0,5.89,6.51,100,100
2026-03-28T23:00,8.0,8.1,0.0,0.0,5.32,6.81,100,100
2026-03-29T00:00,7.5,7.6,0.0,0.0,5.14,4.92,100,100
2026-03-29T01:00,7.7,7.7,0.0,0.0,5.65,5.9,100,100
2026-03-29T02:00,8.0,7.9,0.0,0.0,5.06,5.36,100,100
2026-03-29T03:00,8.1,7.9,0.0,0.0,6.61,6.22,100,100
2026-03-29T04:00,8.1,7.9,0.0,0.0,7.1,6.59,100,100
2026-03-29T05:00,8.2,8.0,8.0,10.0,7.1,7.53,100,100
2026-03-29T06:00,8.4,8.4,25.0,25.0,6.55,9.63,100,100
2026-03-29T07:00,8.6,8.6,30.0,41.0,6.55,9.57,100,100
2026-03-29T08:00,8.9,8.6,54.0,53.0,6.39,9.04,100,100
2026-03-29T09:00,9.2,9.0,68.0,80.0,6.15,8.41,100,100
2026-03-29T10:00,9.3,9.5,68.0,122.0,5.74,7.96,100,100
2026-03-29T11:00,9.5,9.8,59.0,140.0,6.25,7.56,100,100
2026-03-29T12:00,9.4,9.3,63.0,78.0,6.87,8.24,100,100
2026-03-29T13:00,9.4,9.4,43.0,83.0,6.4,7.77,100,100
2026-03-29T14:00,9.4,9.6,38.0,79.0,6.79,7.83,100,100
2026-03-29T15:00,9.2,9.5,25.0,48.0,6.74,7.62,100,100
2026-03-29T16:00,9.1,9.3,13.0,19.0,7.1,7.07,100,100
2026-03-29T17:00,9.1,9.0,1.0,1.0,7.37,6.32,100,100
2026-03-29T18:00,9.3,9.7,0.0,0.0,5.98,7.3,100,100
2026-03-29T19:00,9.3,9.7,0.0,0.0,5.63,9.08,98,99
2026-03-29T20:00,9.4,10.0,0.0,0.0,6.37,9.21,99,100
2026-03-29T21:00,9.6,10.0,0.0,0.0,7.51,8.6,98,100
2026-03-29T22:00,9.8,9.8,0.0,0.0,8.02,7.42,100,100
2026-03-29T23:00,9.9,9.6,0.0,0.0,7.93,7.92,100,100
2026-03-30T00:00,9.5,9.7,0.0,0.0,6.64,8.98,100,100
2026-03-30T01:00,9.6,9.6,0.0,0.0,7.59,8.34,100,100
2026-03-30T02:00,9.5,9.5,0.0,0.0,7.71,8.82,100,100
2026-03-30T03:00,9.4,9.5,0.0,0.0,7.41,8.29,100,100
2026-03-30T04:00,9.4,9.5,0.0,0.0,7.49,7.94,100,100
2026-03-30T05:00,9.6,9.6,13.0,15.0,7.59,7.63,100,100
2026-03-30T06:00,10.4,9.7,92.0,40.0,9.06,7.56,100,100
2026-03-30T07:00,11.3,10.3,210.0,91.0,8.8,7.62,100,100
2026-03-30T08:00,12.1,10.9,290.0,125.0,9.21,6.73,100,100
2026-03-30T09:00,13.2,11.6,354.0,199.0,9.59,6.19,100,100
2026-03-30T10:00,13.7,12.0,413.0,270.0,9.5,6.86,100,100
2026-03-30T11:00,14.1,12.4,368.0,316.0,9.11,6.98,100,99
2026-03-30T12:00,12.1,12.8,201.0,163.0,9.46,6.39,100,100
2026-03-30T13:00,12.3,14.0,208.0,273.0,8.42,7.66,100,100
2026-03-30T14:00,12.4,14.2,184.0,243.0,7.59,7.51,100,100
2026-03-30T15:00,12.1,14.1,95.0,150.0,7.49,6.8,100,100
2026-03-30T16:00,11.4,13.2,36.0,53.0,7.64,8.34,100,100
2026-03-30T17:00,10.9,11.9,3.0,4.0,8.1,9.18,100,100
2026-03-30T18:00,10.0,11.8,0.0,0.0,7.95,9.81,100,100
2026-03-30T19:00,9.8,11.4,0.0,0.0,7.5,8.56,100,99
2026-03-30T20:00,9.8,11.2,0.0,0.0,7.56,8.55,100,99
2026-03-30T21:00,9.7,10.9,0.0,0.0,8.13,8.01,100,100
2026-03-30T22:00,9.7,10.5,0.0,0.0,8.09,8.17,100,98
2026-03-30T23:00,9.7,10.1,0.0,0.0,8.29,7.78,100,95
2026-03-31T00:00,9.3,9.7,0.0,0.0,7.74,8.72,100,100
2026-03-31T01:00,9.2,9.4,0.0,0.0,8.34,8.92,100,100
2026-03-31T02:00,8.6,9.1,0.0,0.0,8.65,9.02,100,100
2026-03-31T03:00,8.1,8.6,0.0,0.0,7.86,8.43,100,100
2026-03-31T04:00,7.7,8.0,0.0,0.0,7.37,8.15,100,100
2026-03-31T05:00,7.5,7.8,16.0,26.0,7.28,7.74,100,100
2026-03-31T06:00,7.4,8.2,65.0,96.0,7.07,7.56,100,100
2026-03-31T07:00,7.7,8.7,133.0,228.0,6.61,7.16,100,100
2026-03-31T08:00,8.7,9.5,267.0,364.0,6.22,6.66,97,87
2026-03-31T09:00,9.4,10.4,339.0,464.0,6.0,6.76,94,87
2026-03-31T10:00,10.6,11.5,484.0,603.0,5.49,6.38,91,85
2026-03-31T11:00,11.7,12.4,590.0,673.0,5.1,6.09,84,100
2026-03-31T12:00,12.3,12.9,505.0,520.0,5.52,5.81,81,87
2026-03-31T13:00,12.8,13.0,427.0,292.0,5.41,5.91,84,95
2026-03-31T14:00,13.0,12.7,345.0,220.0,4.75,5.06,59,95
2026-03-31T15:00,12.5,12.5,221.0,147.0,4.63,3.9,63,88
2026-03-31T16:00,11.8,11.8,93.0,76.0,4.35,3.29,60,59
2026-03-31T17:00,10.5,10.6,7.0,7.0,3.94,2.68,38,38
2026-03-31T18:00,9.6,9.6,0.0,0.0,3.59,1.96,85,15
2026-03-31T19:00,9.2,9.1,0.0,0.0,3.14,1.8,84,56
2026-03-31T20:00,8.7,8.8,0.0,0.0,3.14,1.58,83,95
2026-03-31T21:00,8.4,8.5,0.0,0.0,3.74,2.08,83,90
2026-03-31T22:00,8.2,8.4,0.0,0.0,4.27,2.29,91,94
2026-03-31T23:00,8.0,8.2,0.0,0.0,4.75,2.34,89,53
2026-04-01T00:00,7.8,7.5,0.0,0.0,4.08,2.02,88,77
2026-04-01T01:00,7.7,7.0,0.0,0.0,3.83,2.08,85,98
2026-04-01T02:00,7.3,6.3,0.0,0.0,3.76,2.36,79,91
2026-04-01T03:00,7.1,6.1,0.0,0.0,3.32,2.94,89,79
2026-04-01T04:00,7.0,5.9,0.0,0.0,3.54,2.86,89,64
2026-04-01T05:00,7.6,6.5,49.0,55.0,3.33,3.43,79,61
2026-04-01T06:00,9.2,9.2,135.0,220.0,2.75,2.59,87,40
2026-04-01T07:00,10.8,11.7,290.0,393.0,2.26,2.55,72,76
2026-04-01T08:00,12.1,12.8,478.0,379.0,2.19,1.88,62,76
2026-04-01T09:00,13.1,13.8,593.0,443.0,2.35,1.37,83,76
2026-04-01T10:00,14.0,14.7,590.0,501.0,2.66,1.14,86,83
2026-04-01T11:00,14.1,15.4,382.0,535.0,3.37,0.93,95,73
2026-04-01T12:00,14.3,15.2,375.0,488.0,3.54,1.92,80,82
2026-04-01T13:00,14.5,15.3,422.0,439.0,4.08,2.85,71,71
2026-04-01T14:00,14.5,15.2,370.0,345.0,4.13,2.63,65,77
2026-04-01T15:00,14.0,14.2,240.0,209.0,5.3,2.29,81,74
2026-04-01T16:00,12.7,12.6,119.0,95.0,5.48,3.53,12,49
2026-04-01T17:00,10.7,11.0,9.0,9.0,5.57,2.55,100,41
2026-04-01T18:00,9.5,9.7,0.0,0.0,4.8,3.06,31,15
2026-04-01T19:00,8.7,9.0,0.0,0.0,5.06,2.33,18,7
2026-04-01T20:00,8.1,8.1,0.0,0.0,6.75,2.94,100,5
2026-04-01T21:00,7.7,7.6,0.0,0.0,8.97,3.82,67,24
2026-04-01T22:00,7.6,7.3,0.0,0.0,7.13,5.13,100,11
2026-04-01T23:00,7.6,7.0,0.0,0.0,7.64,5.71,97,8
2026-04-02T00:00,8.0,6.9,0.0,0.0,8.46,6.41,100,100
2026-04-02T01:00,7.9,7.1,0.0,0.0,8.67,6.58,100,100
2026-04-02T02:00,7.9,7.3,0.0,0.0,8.31,6.53,100,100
2026-04-02T03:00,7.9,7.4,0.0,0.0,9.28,7.63,100,100
2026-04-02T04:00,7.9,7.3,0.0,1.0,8.67,8.51,100,100
2026-04-02T05:00,8.2,8.0,26.0,39.0,8.88,7.18,100,100
2026-04-02T06:00,8.7,9.2,41.0,133.0,9.31,8.29,100,100
2026-04-02T07:00,9.1,10.3,56.0,201.0,11.53,8.32,100,99
2026-04-02T08:00,9.5,11.3,96.0,261.0,10.65,10.37,100,100
2026-04-02T09:00,9.5,12.0,81.0,279.0,10.66,10.64,100,100
2026-04-02T10:00,9.5,12.7,103.0,243.0,11.19,10.48,100,100
2026-04-02T11:00,9.5,12.5,100.0,224.0,10.87,10.21,100,100
2026-04-02T12:00,10.0,11.8,160.0,225.0,12.13,9.95,100,100
2026-04-02T13:00,9.7,11.2,108.0,151.0,11.86,8.95,100,100
2026-04-02T14:00,9.3,10.4,75.0,73.0,11.61,8.33,100,100
2026-04-02T15:00,8.8,9.6,33.0,43.0,11.94,8.99,100,100
2026-04-02T16:00,8.6,8.9,14.0,24.0,11.53,9.38,100,100
2026-04-02T17:00,8.5,8.4,1.0,3.0,10.57,9.23,100,100
2026-04-02T18:00,8.8,8.5,0.0,0.0,9.7,10.34,100,100
2026-04-02T19:00,8.7,8.5,0.0,0.0,7.78,9.92,100,100
2026-04-02T20:00,8.7,8.6,0.0,0.0,7.06,9.16,100,100
2026-04-02T21:00,8.7,8.6,0.0,0.0,5.64,6.96,100,100
2026-04-02T22:00,8.6,8.5,0.0,0.0,5.03,5.88,100,100
2026-04-02T23:00,8.6,8.4,0.0,0.0,5.85,6.57,100,100
2026-04-03T00:00,8.3,8.3,0.0,0.0,4.21,3.73,100,93
2026-04-03T01:00,8.3,8.2,0.0,0.0,4.23,3.93,100,91
2026-04-03T02:00,8.3,7.7,0.0,0.0,4.34,2.59,97,80
2026-04-03T03:00,8.3,7.6,0.0,0.0,3.9,2.57,96,97
2026-04-03T04:00,8.3,7.7,1.0,1.0,3.32,4.22,98,87
2026-04-03T05:00,8.6,8.1,35.0,37.0,3.48,5.28,97,96
2026-04-03T06:00,9.6,9.2,106.0,166.0,2.17,4.57,92,93
2026-04-03T07:00,10.8,10.8,161.0,298.0,2.68,5.48,95,100
2026-04-03T08:00,11.7,12.1,224.0,421.0,2.85,5.33,98,100
2026-04-03T09:00,12.1,13.5,242.0,529.0,2.65,4.74,98,100
2026-04-03T10:00,12.6,14.4,295.0,565.0,3.26,4.24,97,95
2026-04-03T11:00,13.1,14.4,299.0,614.0,2.73,5.27,96,85
2026-04-03T12:00,15.2,14.8,561.0,626.0,3.47,5.54,82,52
2026-04-03T13:00,15.1,14.7,503.0,578.0,2.57,5.52,64,72
2026-04-03T14:00,14.5,14.4,375.0,447.0,3.07,4.97,68,83
2026-04-03T15:00,13.7,13.5,248.0,262.0,2.67,4.35,82,100
2026-04-03T16:00,12.9,12.4,106.0,99.0,2.15,3.82,84,100
2026-04-03T17:00,11.6,11.0,10.0,10.0,1.82,4.39,90,100
2026-04-03T18:00,11.9,10.0,0.0,0.0,1.74,3.51,76,62
2026-04-03T19:00,11.4,9.2,0.0,0.0,2.45,3.43,83,74
2026-04-03T20:00,11.0,8.5,0.0,0.0,2.8,2.94,82,76
2026-04-03T21:00,10.9,8.1,0.0,0.0,2.61,1.81,76,58
2026-04-03T22:00,10.0,7.7,0.0,0.0,1.97,1.4,62,44
2026-04-03T23:00,9.2,7.3,0.0,0.0,2.68,1.18,59,31
2026-04-04T00:00,8.4,8.1,0.0,0.0,3.16,2.36,87,100
2026-04-04T01:00,8.1,8.1,0.0,0.0,3.55,2.6,91,98
2026-04-04T02:00,8.0,8.2,0.0,0.0,4.43,3.76,98,88
2026-04-04T03:00,8.3,8.3,0.0,0.0,4.8,4.23,100,92
2026-04-04T04:00,8.7,8.2,1.0,1.0,5.42,3.93,89,82
2026-04-04T05:00,9.5,9.0,49.0,50.0,5.89,4.8,98,91
2026-04-04T06:00,11.3,11.2,146.0,133.0,6.82,6.89,97,100
2026-04-04T07:00,12.2,12.4,197.0,190.0,7.4,7.61,98,100
2026-04-04T08:00,13.0,12.7,228.0,227.0,5.83,7.08,94,98
2026-04-04T09:00,13.8,13.5,338.0,364.0,5.45,6.25,99,94
2026-04-04T10:00,14.5,14.0,431.0,464.0,5.85,6.77,96,92
2026-04-04T11:00,14.8,14.2,528.0,444.0,5.63,7.14,100,92
2026-04-04T12:00,14.5,13.7,380.0,288.0,5.59,5.71,100,100
2026-04-04T13:00,15.2,13.6,412.0,255.0,6.61,7.59,100,100
2026-04-04T14:00,15.4,14.1,349.0,233.0,6.28,7.76,100,100
2026-04-04T15:00,15.3,13.8,238.0,164.0,5.01,6.67,74,94
2026-04-04T16:00,14.4,13.2,116.0,60.0,7.45,6.53,37,96
2026-04-04T17:00,12.7,12.8,12.0,6.0,7.54,7.36,18,99
2026-04-04T18:00,11.5,11.2,0.0,0.0,4.71,6.18,0,29
2026-04-04T19:00,10.4,10.2,0.0,0.0,4.85,5.48,38,84
2026-04-04T20:00,9.9,9.6,0.0,0.0,5.44,6.3,54,31
2026-04-04T21:00,9.5,9.3,0.0,0.0,5.74,7.19,61,17
2026-04-04T22:00,9.2,9.0,0.0,0.0,6.17,7.2,56,0
2026-04-04T23:00,9.0,8.5,0.0,0.0,5.7,7.3,46,18
2026-04-05T00:00,8.6,8.5,0.0,0.0,5.06,7.36,42,0
2026-04-05T01:00,8.0,8.1,0.0,0.0,4.82,7.86,47,7
2026-04-05T02:00,7.8,7.9,0.0,0.0,5.33,8.15,60,8
2026-04-05T03:00,7.6,7.5,0.0,0.0,5.44,7.37,28,5
2026-04-05T04:00,7.4,6.9,2.0,3.0,5.8,6.59,4,4
2026-04-05T05:00,8.1,7.6,87.0,84.0,6.01,6.49,3,0
2026-04-05T06:00,9.9,9.8,243.0,256.0,6.12,6.39,48,40
2026-04-05T07:00,11.9,11.8,424.0,426.0,5.41,5.27,22,65
2026-04-05T08:00,13.9,13.6,593.0,626.0,3.99,4.57,18,47
2026-04-05T09:00,15.8,14.9,713.0,649.0,4.52,5.08,16,63
2026-04-05T10:00,17.2,16.1,778.0,744.0,4.37,4.57,16,51
2026-04-05T11:00,17.8,16.7,703.0,676.0,4.43,5.39,82,57
2026-04-05T12:00,17.6,17.1,585.0,438.0,4.16,4.62,52,79
2026-04-05T13:00,17.7,17.2,535.0,469.0,4.09,4.97,43,90
2026-04-05T14:00,17.3,16.6,434.0,299.0,4.65,5.44,41,44
2026-04-05T15:00,16.6,16.3,299.0,238.0,4.02,4.87,40,28
2026-04-05T16:00,15.5,15.2,130.0,112.0,3.33,4.52,1,62
2026-04-05T17:00,14.3,13.7,13.0,11.0,3.11,3.75,27,65
2026-04-05T18:00,14.3,13.3,0.0,0.0,2.86,2.29,0,46
2026-04-05T19:00,13.8,12.4,0.0,0.0,2.56,1.86,2,50
2026-04-05T20:00,13.2,11.9,0.0,0.0,2.55,2.07,14,53
2026-04-05T21:00,12.2,10.9,0.0,0.0,3.37,2.63,3,57
2026-04-05T22:00,11.3,10.4,0.0,0.0,4.44,3.05,0,60
2026-04-05T23:00,11.0,10.2,0.0,0.0,5.18,3.4,4,64
2026-04-06T00:00,10.3,9.9,0.0,0.0,5.63,3.51,3,67
2026-04-06T01:00,9.9,9.8,0.0,0.0,6.13,3.38,0,45
2026-04-06T02:00,9.7,9.4,0.0,0.0,6.67,3.02,0,23
2026-04-06T03:00,9.4,9.1,0.0,0.0,7.12,2.67,9,1
2026-04-06T04:00,9.2,8.9,2.0,3.0,7.48,2.08,1,1
2026-04-06T05:00,10.0,9.9,89.0,83.0,7.88,1.29,0,0
2026-04-06T06:00,12.4,12.0,260.0,266.0,8.13,1.01,0,0
2026-04-06T07:00,14.4,14.0,440.0,459.0,6.11,1.11,0,2
2026-04-06T08:00,16.0,15.7,601.0,618.0,6.56,1.53,0,4
2026-04-06T09:00,17.4,17.1,719.0,732.0,7.08,1.73,0,6
2026-04-06T10:00,18.6,18.2,786.0,797.0,7.53,2.23,0,8
2026-04-06T11:00,19.5,19.0,798.0,804.0,7.77,2.99,0,11
2026-04-06T12:00,20.3,19.3,752.0,762.0,8.12,3.83,0,13
2026-04-06T13:00,20.4,19.3,649.0,652.0,8.68,4.38,0,18
2026-04-06T14:00,20.1,19.0,500.0,488.0,8.55,4.99,19,23
2026-04-06T15:00,19.4,18.3,319.0,297.0,8.58,5.56,4,28
2026-04-06T16:00,18.1,16.9,131.0,126.0,9.15,6.06,86,23
2026-04-06T17:00,16.9,15.5,11.0,12.0,9.32,6.58,83,17
2026-04-06T18:00,15.7,15.0,0.0,0.0,9.84,7.19,45,12
2026-04-06T19:00,15.2,14.4,0.0,0.0,10.06,8.07,100,8
2026-04-06T20:00,14.7,14.2,0.0,0.0,9.52,9.05,100,4
2026-04-06T21:00,14.4,13.7,0.0,0.0,9.36,9.07,100,0
2026-04-06T22:00,13.8,13.4,0.0,0.0,8.56,7.91,95,23
2026-04-06T23:00,12.3,12.7,0.0,0.0,9.85,9.24,74,46
2026-04-07T00:00,11.9,11.8,0.0,0.0,8.59,8.84,74,69
2026-04-07T01:00,10.7,10.2,0.0,0.0,7.62,7.58,67,75
2026-04-07T02:00,10.3,9.3,0.0,0.0,6.62,5.9,82,82
2026-04-07T03:00,10.0,9.0,0.0,0.0,6.3,5.68,76,88
2026-04-07T04:00,9.6,8.8,2.0,2.0,6.49,5.64,99,92
2026-04-07T05:00,9.5,9.2,33.0,36.0,6.02,4.8,99,96
2026-04-07T06:00,9.5,9.5,135.0,177.0,4.78,4.24,99,100
2026-04-07T07:00,10.5,10.9,297.0,413.0,3.89,3.45,52,95
2026-04-07T08:00,11.9,12.0,555.0,712.0,3.82,3.83,21,89
2026-04-07T09:00,12.8,12.7,718.0,897.0,4.62,2.42,29,84
2026-04-07T10:00,13.6,13.3,804.0,967.5,6.09,2.81,48,80
2026-04-07T11:00,14.0,13.6,751.0,896.5,7.23,5.55,27,82
2026-04-07T12:00,14.0,14.7,562.0,592.3,10.05,5.82,94,90
2026-04-07T13:00,14.2,14.7,336.0,465.0,9.02,5.75,100,97
2026-04-07T14:00,14.7,14.4,222.0,340.0,9.9,6.29,76,94
2026-04-07T15:00,14.8,13.9,249.0,202.0,8.96,5.0,30,91
2026-04-07T16:00,14.1,13.0,141.0,132.0,7.72,4.59,29,82
2026-04-07T17:00,12.6,11.4,15.0,14.0,8.29,2.82,86,73
2026-04-07T18:00,11.0,11.7,0.0,0.0,5.27,0.22,90,64
2026-04-07T19:00,10.2,10.4,0.0,0.0,3.86,1.97,94,99
2026-04-07T20:00,9.8,9.6,0.0,0.0,2.76,3.83,98,99
2026-04-07T21:00,9.6,9.0,0.0,0.0,2.91,1.57,100,98
2026-04-07T22:00,9.4,8.6,0.0,0.0,4.13,0.75,100,96
2026-04-07T23:00,9.0,8.5,0.0,0.0,3.73,0.79,91,95
2026-04-08T00:00,7.6,9.8,0.0,0.0,4.4,5.64,100,93
2026-04-08T01:00,7.5,9.2,0.0,0.0,5.25,6.11,97,89
2026-04-08T02:00,7.5,8.3,0.0,0.0,4.23,4.92,100,86
2026-04-08T03:00,7.4,7.7,0.0,0.0,6.36,6.26,100,82
2026-04-08T04:00,7.3,7.7,2.0,3.0,8.25,6.68,100,68
2026-04-08T05:00,6.1,7.2,30.0,46.0,8.84,9.02,100,55
2026-04-08T06:00,6.5,6.3,246.0,103.0,8.45,6.99,57,41
2026-04-08T07:00,7.9,7.0,415.0,187.0,10.45,6.72,72,57
2026-04-08T08:00,8.7,8.1,513.0,387.0,11.73,8.5,59,72
2026-04-08T09:00,9.4,9.2,631.0,664.0,11.44,9.97,53,88
2026-04-08T10:00,10.0,9.9,733.0,680.0,11.93,11.22,61,92
2026-04-08T11:00,10.3,10.6,694.0,720.0,12.13,10.54,73,96
2026-04-08T12:00,10.8,10.7,689.0,579.0,11.21,10.97,62,100
2026-04-08T13:00,11.0,10.7,602.0,493.0,11.33,11.09,37,100
2026-04-08T14:00,10.8,10.6,448.0,455.0,11.0,11.28,52,99
2026-04-08T15:00,10.5,10.2,309.0,270.0,10.05,11.03,26,99
2026-04-08T16:00,10.0,9.7,147.0,137.0,9.22,9.36,41,99
2026-04-08T17:00,8.5,8.4,16.0,16.0,8.59,8.19,0,100
2026-04-08T18:00,7.3,6.9,0.0,0.0,8.28,8.72,0,100
2026-04-08T19:00,6.7,6.3,0.0,0.0,7.57,9.27,0,100
2026-04-08T20:00,6.0,6.0,0.0,0.0,7.01,9.45,0,99
2026-04-08T21:00,5.7,5.7,0.0,0.0,6.69,10.06,54,99
2026-04-08T22:00,5.2,5.5,0.0,0.0,6.12,9.21,22,95
2026-04-08T23:00,5.0,5.1,0.0,0.0,7.07,9.25,42,91
2026-04-09T00:00,4.9,4.7,0.0,0.0,6.89,7.75,44,87
2026-04-09T01:00,4.4,4.4,0.0,0.0,6.05,7.51,68,86
2026-04-09T02:00,4.1,4.1,0.0,0.0,5.83,7.84,87,85
2026-04-09T03:00,4.0,3.8,0.0,0.0,6.01,6.47,99,84
2026-04-09T04:00,3.9,3.8,4.0,4.0,6.17,4.87,100,65
2026-04-09T05:00,4.5,4.2,72.0,79.0,5.79,4.79,97,46
2026-04-09T06:00,5.9,5.6,197.0,239.0,4.21,3.53,94,27
2026-04-09T07:00,7.5,7.4,376.0,375.0,3.61,3.89,89,41
2026-04-09T08:00,8.9,8.3,524.0,506.0,4.7,4.23,89,54
2026-04-09T09:00,9.6,8.7,596.0,483.0,5.92,4.56,100,68
2026-04-09T10:00,10.0,9.2,613.0,440.0,4.88,4.34,89,79
2026-04-09T11:00,10.5,9.9,627.0,602.0,4.13,3.86,97,89
2026-04-09T12:00,9.7,9.7,525.0,407.0,5.29,4.43,100,100
2026-04-09T13:00,9.7,9.7,440.0,317.0,4.93,3.98,99,76
2026-04-09T14:00,9.8,9.5,374.0,213.0,4.67,3.74,96,51
2026-04-09T15:00,9.4,9.1,228.0,126.0,4.78,3.51,100,27
2026-04-09T16:00,8.6,8.5,97.0,61.0,4.08,3.25,100,51
2026-04-09T17:00,7.7,7.7,12.0,11.0,3.8,2.46,92,74
2026-04-09T18:00,6.9,6.5,0.0,0.0,3.86,3.44,87,98
2026-04-09T19:00,6.1,6.0,0.0,0.0,3.59,2.46,82,99
2026-04-09T20:00,5.4,5.4,0.0,0.0,3.9,2.11,42,99
2026-04-09T21:00,4.8,4.8,0.0,0.0,3.81,2.81,38,100
2026-04-09T22:00,4.3,4.6,0.0,0.0,4.62,4.43,45,100
2026-04-09T23:00,4.0,4.3,0.0,0.0,5.33,5.86,77,99
2026-04-10T00:00,3.9,4.6,0.0,0.0,4.52,5.59,84,99
2026-04-10T01:00,3.7,4.2,0.0,0.0,5.39,5.88,98,100
2026-04-10T02:00,3.6,3.6,0.0,0.0,5.52,6.08,100,100
2026-04-10T03:00,3.4,3.0,0.0,0.0,5.74,5.59,100,99
2026-04-10T04:00,3.2,2.4,5.0,5.0,5.2,5.24,99,99
2026-04-10T05:00,3.7,3.0,82.0,89.0,4.81,5.0,98,100
2026-04-10T06:00,4.8,5.0,240.0,282.0,4.44,5.59,90,18
2026-04-10T07:00,6.3,6.6,421.0,462.0,4.73,5.68,86,14
2026-04-10T08:00,7.4,7.9,528.0,627.0,5.54,5.88,91,68
2026-04-10T09:00,8.4,8.5,557.0,680.0,5.33,6.17,86,33
2026-04-10T10:00,8.7,9.3,439.0,691.0,5.35,5.8,99,18
2026-04-10T11:00,8.9,9.9,328.0,811.0,5.7,5.59,98,74
2026-04-10T12:00,9.8,9.6,516.0,730.0,4.54,4.97,58,73
2026-04-10T13:00,10.0,9.7,530.0,518.0,4.92,4.77,74,30
2026-04-10T14:00,9.6,9.7,370.0,470.0,5.39,4.57,84,25
2026-04-10T15:00,9.2,9.5,274.0,312.0,5.02,4.5,19,28
2026-04-10T16:00,8.4,8.8,154.0,134.0,4.59,4.9,4,38
2026-04-10T17:00,7.0,7.3,19.0,18.0,4.74,5.79,41,29
2026-04-10T18:00,5.5,5.8,0.0,0.0,2.76,4.22,26,53
2026-04-10T19:00,5.0,5.1,0.0,0.0,1.18,3.34,0,1
2026-04-10T20:00,4.3,4.6,0.0,0.0,0.49,2.85,4,33
2026-04-10T21:00,3.9,4.3,0.0,0.0,0.6,2.35,4,16
2026-04-10T22:00,3.7,3.9,0.0,0.0,0.96,1.98,0,1
2026-04-10T23:00,3.6,3.5,0.0,0.0,1.1,2.11,0,0
2026-04-11T00:00,3.5,3.5,0.0,0.0,2.11,0.39,3,0
2026-04-11T01:00,3.3,3.4,0.0,0.0,2.12,0.81,9,0
2026-04-11T02:00,3.0,3.3,0.0,0.0,2.72,1.47,20,0
2026-04-11T03:00,2.9,3.0,0.0,0.0,2.92,2.15,11,0
2026-04-11T04:00,2.8,3.0,8.0,7.0,2.67,2.79,10,1
2026-04-11T05:00,3.4,3.9,116.0,112.0,2.64,3.14,12,2
2026-04-11T06:00,5.8,5.8,290.0,292.0,2.37,1.53,19,0
2026-04-11T07:00,8.3,8.3,479.0,476.0,1.57,1.12,25,0
2026-04-11T08:00,10.0,9.8,640.0,633.0,2.5,1.75,26,45
2026-04-11T09:00,11.0,10.7,731.0,619.0,2.14,2.3,68,38
2026-04-11T10:00,11.8,11.4,636.0,736.0,2.11,2.23,95,33
2026-04-11T11:00,12.1,11.9,564.0,759.0,2.26,2.45,76,59
2026-04-11T12:00,11.1,11.6,383.0,409.0,2.55,2.24,100,92
2026-04-11T13:00,10.8,12.0,317.0,477.0,2.71,1.57,96,93
2026-04-11T14:00,10.2,11.5,289.0,263.0,5.65,3.04,80,79
2026-04-11T15:00,10.0,10.7,263.0,244.0,5.07,5.52,48,65
2026-04-11T16:00,9.1,9.5,140.0,128.0,5.87,6.82,50,58
2026-04-11T17:00,7.7,8.2,19.0,17.0,6.79,8.39,56,34
2026-04-11T18:00,6.7,6.6,0.0,0.0,8.19,8.68,21,21
2026-04-11T19:00,6.2,6.1,0.0,0.0,7.53,8.36,30,51
2026-04-11T20:00,5.6,5.6,0.0,0.0,7.04,6.99,29,42
2026-04-11T21:00,5.1,5.0,0.0,0.0,6.68,6.51,39,34
2026-04-11T22:00,4.7,4.5,0.0,0.0,6.67,6.49,39,28
2026-04-11T23:00,4.4,4.2,0.0,0.0,6.57,6.28,34,39
2026-04-12T00:00,4.3,3.8,0.0,0.0,5.98,5.7,32,24
2026-04-12T01:00,4.1,3.7,0.0,0.0,5.43,5.3,42,28
2026-04-12T02:00,3.9,3.6,0.0,0.0,5.06,5.1,48,31
2026-04-12T03:00,4.0,3.5,0.0,0.0,4.95,5.2,65,28
2026-04-12T04:00,4.0,3.4,8.0,9.0,4.56,5.09,65,29
2026-04-12T05:00,5.1,4.4,99.0,117.0,3.87,5.19,85,14
2026-04-12T06:00,7.1,7.4,265.0,298.0,4.21,4.05,52,14
2026-04-12T07:00,9.0,9.3,448.0,484.0,2.51,3.27,41,20
2026-04-12T08:00,9.7,10.7,514.0,630.0,2.36,2.83,72,46
2026-04-12T09:00,10.2,11.6,591.0,690.0,1.46,2.61,90,59
2026-04-12T10:00,10.3,12.1,518.0,676.0,0.79,2.82,95,48
2026-04-12T11:00,10.0,12.4,389.0,682.0,0.66,2.24,98,89
2026-04-12T12:00,12.1,11.0,574.0,517.0,2.47,1.58,85,92
2026-04-12T13:00,11.3,10.4,425.0,299.0,3.44,1.15,80,91
2026-04-12T14:00,10.4,10.3,268.0,294.0,3.43,1.12,86,80
2026-04-12T15:00,10.0,10.1,192.0,210.0,2.55,0.5,77,79
2026-04-12T16:00,9.6,9.6,105.0,99.0,2.08,1.49,49,55
2026-04-12T17:00,8.5,8.6,19.0,17.0,2.22,1.79,4,30
2026-04-12T18:00,7.8,8.0,0.0,0.0,5.91,4.54,60,47
2026-04-12T19:00,7.0,7.0,0.0,0.0,5.73,4.71,51,39
2026-04-12T20:00,6.4,6.4,0.0,0.0,5.35,4.51,56,53
2026-04-12T21:00,5.8,6.0,0.0,0.0,5.78,3.93,34,43
2026-04-12T22:00,5.5,5.7,0.0,0.0,4.34,3.53,60,46
2026-04-12T23:00,5.2,5.4,0.0,0.0,3.81,3.08,24,55
2026-04-13T00:00,5.1,4.9,0.0,0.0,2.86,2.23,98,28
2026-04-13T01:00,4.7,4.5,0.0,0.0,2.46,1.36,48,17
2026-04-13T02:00,4.3,4.2,0.0,0.0,1.77,0.71,13,5
2026-04-13T03:00,3.7,3.8,0.0,0.0,1.29,0.53,13,16
2026-04-13T04:00,3.1,3.7,10.0,10.0,0.59,0.88,34,27
2026-04-13T05:00,4.4,4.6,116.0,116.0,1.98,1.18,53,44
2026-04-13T06:00,7.0,5.8,286.0,211.0,3.11,2.86,33,84
2026-04-13T07:00,9.1,8.8,478.0,413.0,2.15,2.91,64,72
2026-04-13T08:00,10.9,10.4,626.0,557.0,2.98,3.12,96,70
2026-04-13T09:00,12.1,11.5,711.0,650.0,3.11,2.75,89,66
2026-04-13T10:00,12.8,12.4,689.0,697.0,2.54,2.89,71,60
2026-04-13T11:00,12.8,12.9,506.0,666.0,2.0,3.75,93,72
2026-04-13T12:00,13.7,13.3,656.0,599.0,5.1,4.71,100,70
2026-04-13T13:00,13.0,13.0,489.0,548.0,5.59,4.94,81,72
2026-04-13T14:00,12.7,12.5,406.0,450.0,6.12,5.86,78,70
2026-04-13T15:00,11.9,11.6,241.0,288.0,6.15,6.0,86,67
2026-04-13T16:00,10.9,10.6,120.0,134.0,5.96,5.06,69,44
2026-04-13T17:00,9.4,9.1,18.0,21.0,6.17,6.05,73,37
2026-04-13T18:00,8.0,7.7,0.0,0.0,6.8,6.94,100,0
2026-04-13T19:00,7.5,7.1,0.0,0.0,6.12,7.16,100,0
2026-04-13T20:00,7.0,6.6,0.0,0.0,5.74,6.49,81,1
2026-04-13T21:00,6.9,6.0,0.0,0.0,5.72,5.79,79,1
2026-04-13T22:00,6.7,5.7,0.0,0.0,5.11,5.46,77,10
2026-04-13T23:00,6.3,5.3,0.0,0.0,4.79,5.43,80,15
2026-04-14T00:00,6.0,5.6,0.0,0.0,5.11,4.64,74,88
2026-04-14T01:00,5.7,5.7,0.0,0.0,5.61,5.63,84,89
2026-04-14T02:00,5.6,5.9,0.0,0.0,5.87,5.8,91,84
2026-04-14T03:00,5.8,5.9,0.0,0.0,5.89,5.77,82,72
2026-04-14T04:00,5.9,5.8,7.0,9.0,5.67,5.72,90,88
2026-04-14T05:00,7.1,7.1,77.0,98.0,5.76,5.65,80,100
2026-04-14T06:00,8.8,8.2,241.0,150.0,4.85,5.71,65,100
2026-04-14T07:00,10.0,9.5,375.0,255.0,5.3,5.13,81,100
2026-04-14T08:00,11.1,10.4,518.0,396.0,5.68,5.75,63,92
2026-04-14T09:00,12.0,11.3,684.0,529.0,5.83,6.27,55,90
2026-04-14T10:00,12.6,11.9,740.0,637.0,6.01,6.2,58,87
2026-04-14T11:00,12.9,11.9,751.0,572.0,6.28,6.37,56,92
2026-04-14T12:00,13.3,12.9,753.0,662.0,6.27,6.97,47,58
2026-04-14T13:00,12.9,12.6,648.0,580.0,6.55,7.01,78,55
2026-04-14T14:00,12.2,12.1,491.0,485.0,6.86,7.14,51,43
2026-04-14T15:00,11.2,11.2,320.0,327.0,6.75,7.1,71,53
2026-04-14T16:00,10.1,10.1,142.0,152.0,6.55,6.88,74,40
2026-04-14T17:00,8.8,8.9,22.0,23.0,6.61,6.85,78,77
2026-04-14T18:00,8.1,7.9,0.0,0.0,7.0,7.7,87,30
2026-04-14T19:00,7.7,7.6,0.0,0.0,6.66,7.48,62,93
2026-04-14T20:00,7.2,7.4,0.0,0.0,5.78,6.53,70,79
2026-04-14T21:00,6.8,6.9,0.0,0.0,5.21,6.28,39,32
2026-04-14T22:00,6.3,6.6,0.0,0.0,4.93,5.96,29,37
2026-04-14T23:00,5.8,6.3,0.0,0.0,4.73,5.7,23,36
2026-04-15T00:00,5.4,5.7,0.0,0.0,4.3,4.93,34,54
2026-04-15T01:00,5.1,5.5,0.0,0.0,4.37,5.14,49,52
2026-04-15T02:00,4.9,5.3,0.0,0.0,4.65,5.19,30,40
2026-04-15T03:00,4.8,5.1,0.0,0.0,4.64,5.16,27,45
2026-04-15T04:00,4.9,5.0,12.0,12.0,4.59,4.98,27,39
2026-04-15T05:00,6.4,6.7,124.0,122.0,4.16,4.92,18,27
2026-04-15T06:00,9.2,9.2,303.0,296.0,3.6,3.65,8,48
2026-04-15T07:00,10.8,10.7,476.0,440.0,3.53,4.0,36,56
2026-04-15T08:00,12.2,12.1,624.0,584.0,3.57,4.16,35,47
2026-04-15T09:00,13.5,13.2,741.0,724.0,4.05,4.56,25,31
2026-04-15T10:00,14.3,13.9,815.0,811.0,4.74,5.0,5,10
2026-04-15T11:00,14.6,14.2,824.0,824.0,5.33,5.57,1,6
2026-04-15T12:00,14.5,14.8,774.0,777.0,5.68,4.72,5,2
2026-04-15T13:00,14.1,14.6,670.0,672.0,6.0,4.85,4,4
2026-04-15T14:00,13.4,14.0,521.0,525.0,6.05,4.93,9,2
2026-04-15T15:00,12.4,13.1,343.0,347.0,6.03,4.65,0,7
2026-04-15T16:00,11.3,11.7,160.0,163.0,6.1,5.0,0,0
2026-04-15T17:00,9.7,9.9,24.0,25.0,6.52,5.55,10,10
2026-04-15T18:00,8.7,8.8,0.0,0.0,6.93,6.39,8,5
2026-04-15T19:00,8.1,8.1,0.0,0.0,6.47,6.41,99,0
2026-04-15T20:00,7.6,7.3,0.0,0.0,6.27,5.92,46,0
2026-04-15T21:00,7.1,6.7,0.0,0.0,5.97,4.75,100,0
2026-04-15T22:00,6.8,6.2,0.0,0.0,5.59,4.09,100,2
2026-04-15T23:00,6.4,5.9,0.0,0.0,5.04,3.76,100,2
2026-04-16T00:00,5.6,5.6,0.0,0.0,4.35,3.64,14,58
2026-04-16T01:00,5.3,5.3,0.0,0.0,4.5,3.83,34,14
2026-04-16T02:00,5.1,5.0,0.0,0.0,4.78,3.29,36,100
2026-04-16T03:00,4.9,4.7,0.0,0.0,4.67,3.66,78,100
2026-04-16T04:00,5.0,4.9,13.0,13.0,4.55,4.03,91,73
2026-04-16T05:00,6.7,6.3,120.0,122.0,4.57,4.06,88,61
2026-04-16T06:00,8.9,8.7,274.0,282.0,4.54,4.67,100,53
2026-04-16T07:00,11.0,10.8,458.0,464.0,3.43,3.51,73,77
2026-04-16T08:00,12.9,12.7,631.0,618.0,3.68,4.1,35,25
2026-04-16T09:00,14.4,14.3,753.0,756.0,3.92,4.02,20,30
2026-04-16T10:00,15.3,15.2,823.0,818.0,4.19,4.45,2,18
2026-04-16T11:00,16.0,15.8,828.0,829.0,4.06,4.76,2,0
2026-04-16T12:00,16.4,15.8,783.0,784.0,4.78,5.33,0,0
2026-04-16T13:00,15.9,15.4,677.0,680.0,5.33,5.79,0,0
2026-04-16T14:00,15.1,14.6,526.0,531.0,5.76,6.15,0,0
2026-04-16T15:00,13.9,13.6,347.0,351.0,6.01,5.86,19,0
2026-04-16T16:00,12.4,12.3,163.0,167.0,6.04,5.41,18,0
2026-04-16T17:00,10.6,10.4,26.0,26.0,6.93,6.0,4,26
2026-04-16T18:00,9.4,9.0,0.0,0.0,6.61,7.08,40,31
2026-04-16T19:00,8.5,8.3,0.0,0.0,6.08,6.59,56,54
2026-04-16T20:00,7.8,7.7,0.0,0.0,5.6,5.96,83,45
2026-04-16T21:00,7.3,7.2,0.0,0.0,5.47,5.65,59,27
2026-04-16T22:00,6.9,6.8,0.0,0.0,5.35,5.14,10,6
2026-04-16T23:00,6.5,6.3,0.0,0.0,4.78,4.65,1,0
2026-04-17T00:00,5.9,5.9,0.0,0.0,4.02,3.47,3,42
2026-04-17T01:00,5.4,5.3,0.0,0.0,3.54,3.05,12,18
2026-04-17T02:00,5.2,5.1,0.0,0.0,3.61,3.2,14,14
2026-04-17T03:00,4.9,4.9,0.0,0.0,3.72,3.75,15,9
2026-04-17T04:00,5.1,5.1,15.0,15.0,3.84,4.16,13,7
2026-04-17T05:00,7.0,6.8,133.0,131.0,4.24,3.68,2,27
2026-04-17T06:00,10.2,9.8,312.0,283.0,4.1,3.86,3,39
2026-04-17T07:00,12.5,12.1,490.0,469.0,2.31,2.18,22,24
2026-04-17T08:00,14.3,14.1,642.0,641.0,2.88,2.47,23,18
2026-04-17T09:00,15.8,15.7,757.0,760.0,3.15,2.71,14,5
2026-04-17T10:00,16.8,16.8,826.0,826.0,3.32,2.77,8,4
2026-04-17T11:00,17.4,17.3,834.0,829.0,3.48,2.71,0,13
2026-04-17T12:00,17.7,17.8,786.0,780.0,4.19,3.61,0,8
2026-04-17T13:00,17.4,17.6,684.0,678.0,4.52,3.4,0,5
2026-04-17T14:00,16.7,16.9,536.0,531.0,4.78,3.9,11,2
2026-04-17T15:00,15.6,15.7,355.0,354.0,4.95,4.05,7,0
2026-04-17T16:00,14.1,14.1,170.0,169.0,4.48,4.26,2,29
2026-04-17T17:00,12.1,12.2,28.0,28.0,4.59,4.56,3,40
2026-04-17T18:00,10.4,10.6,0.0,0.0,4.62,4.04,13,63
2026-04-17T19:00,9.4,9.8,0.0,0.0,3.82,3.72,10,50
2026-04-17T20:00,8.6,9.6,0.0,0.0,2.72,2.29,44,74
2026-04-17T21:00,7.6,9.0,0.0,0.0,1.12,1.93,78,81
2026-04-17T22:00,8.5,9.3,0.0,0.0,6.76,5.96,58,100
2026-04-17T23:00,8.4,9.4,0.0,0.0,6.61,5.57,100,100
2026-04-18T00:00,8.5,9.9,0.0,0.0,5.75,4.12,98,100
2026-04-18T01:00,9.2,9.9,0.0,0.0,7.06,6.02,98,100
2026-04-18T02:00,9.4,9.9,0.0,0.0,6.42,5.94,93,79
2026-04-18T03:00,9.4,9.6,0.0,0.0,5.11,6.56,86,75
2026-04-18T04:00,9.6,9.4,7.0,14.0,6.0,7.87,88,73
2026-04-18T05:00,10.5,10.4,82.0,128.0,8.25,8.79,87,63
2026-04-18T06:00,12.0,11.7,296.0,289.0,8.46,6.33,69,36
2026-04-18T07:00,12.4,13.2,354.0,485.0,9.41,7.85,88,46
2026-04-18T08:00,13.6,14.4,479.0,619.0,10.13,7.84,62,57
2026-04-18T09:00,14.7,14.8,734.0,625.0,9.7,8.67,69,64
2026-04-18T10:00,15.4,15.4,811.0,676.0,9.43,10.13,27,62
2026-04-18T11:00,15.7,15.7,818.0,761.0,9.95,10.17,49,66
2026-04-18T12:00,16.2,14.8,713.0,493.0,9.32,7.85,41,86
2026-04-18T13:00,16.0,14.9,614.0,387.0,9.68,7.05,74,98
2026-04-18T14:00,15.4,14.9,426.0,286.0,9.5,7.09,91,100
2026-04-18T15:00,15.1,14.6,257.0,170.0,9.38,6.69,70,92
2026-04-18T16:00,14.3,14.1,147.0,97.0,8.63,7.24,46,95
2026-04-18T17:00,12.8,12.8,27.0,18.0,8.13,6.94,51,94
2026-04-18T18:00,12.1,10.9,0.0,0.0,8.15,8.27,66,70
2026-04-18T19:00,11.3,10.0,0.0,0.0,7.7,7.11,67,93
2026-04-18T20:00,10.8,9.3,0.0,0.0,8.58,6.87,34,25
2026-04-18T21:00,10.2,8.7,0.0,0.0,10.03,6.97,38,58
2026-04-18T22:00,10.0,8.3,0.0,0.0,9.46,7.29,43,46
2026-04-18T23:00,9.4,8.1,0.0,0.0,7.53,7.61,7,61
2026-04-19T00:00,8.5,7.8,0.0,0.0,7.71,9.98,0,0
2026-04-19T01:00,8.1,7.7,0.0,0.0,7.41,9.36,0,1
2026-04-19T02:00,7.8,7.3,0.0,0.0,7.67,8.28,16,5
2026-04-19T03:00,7.6,6.9,0.0,0.0,7.75,7.37,55,33
2026-04-19T04:00,7.7,6.8,18.0,18.0,7.47,7.28,35,18
2026-04-19T05:00,8.8,8.1,148.0,143.0,6.97,7.22,10,45
2026-04-19T06:00,10.6,10.5,334.0,332.0,4.5,5.96,0,0
2026-04-19T07:00,12.6,12.5,518.0,515.0,5.06,5.7,0,0
2026-04-19T08:00,14.1,14.3,674.0,671.0,5.94,5.83,33,22
2026-04-19T09:00,14.9,15.5,636.0,707.0,7.18,7.16,82,37
2026-04-19T10:00,15.7,16.2,647.0,696.0,7.07,6.91,84,79
2026-04-19T11:00,16.4,16.1,629.0,490.0,6.1,6.79,70,100
2026-04-19T12:00,17.2,17.2,677.0,571.0,5.35,5.97,83,80
2026-04-19T13:00,17.0,17.5,459.0,522.0,5.06,5.17,58,53
2026-04-19T14:00,17.2,17.3,471.0,397.0,4.66,4.61,69,54
2026-04-19T15:00,16.9,17.1,317.0,343.0,3.51,3.35,31,9
2026-04-19T16:00,16.1,16.4,173.0,181.0,2.3,2.33,47,9
2026-04-19T17:00,14.3,15.1,31.0,32.0,1.29,0.71,44,35
2026-04-19T18:00,13.0,12.6,0.0,0.0,1.69,0.75,92,39
2026-04-19T19:00,11.1,10.8,0.0,0.0,4.37,2.29,99,43
2026-04-19T20:00,10.4,10.1,0.0,0.0,4.73,2.51,91,47
2026-04-19T21:00,9.8,9.9,0.0,0.0,4.88,2.3,81,65
2026-04-19T22:00,9.6,9.8,0.0,0.0,6.02,3.19,59,58
2026-04-19T23:00,9.4,10.0,0.0,0.0,5.73,3.63,89,53
2026-04-20T00:00,9.3,9.9,0.0,0.0,5.78,4.29,70,43
2026-04-20T01:00,9.2,9.5,0.0,0.0,5.48,3.51,77,35
2026-04-20T02:00,9.0,9.2,0.0,0.0,5.48,2.88,67,62
2026-04-20T03:00,9.0,9.2,0.0,0.0,4.64,3.08,88,68
2026-04-20T04:00,9.0,9.0,13.0,16.0,4.98,3.51,82,77
2026-04-20T05:00,10.2,10.1,100.0,117.0,4.49,3.46,85,82
2026-04-20T06:00,12.2,12.2,254.0,233.0,5.42,5.7,69,97
2026-04-20T07:00,14.3,14.4,456.0,415.0,3.58,4.8,43,73
2026-04-20T08:00,16.1,16.8,633.0,607.0,3.8,4.19,38,54
2026-04-20T09:00,17.9,18.5,726.0,668.0,4.48,5.5,58,73
2026-04-20T10:00,19.4,19.2,753.0,644.0,5.27,6.7,42,73
2026-04-20T11:00,20.3,19.0,738.0,480.0,6.39,6.62,88,97
2026-04-20T12:00,20.7,20.2,648.0,670.0,7.42,6.39,72,69
2026-04-20T13:00,20.3,20.4,505.0,574.0,7.81,6.55,86,63
2026-04-20T14:00,19.4,19.0,394.0,411.0,8.23,8.13,100,63
2026-04-20T15:00,18.1,17.7,253.0,330.0,10.03,10.1,99,100
2026-04-20T16:00,16.9,16.1,112.0,142.0,9.81,9.22,100,85
2026-04-20T17:00,15.4,14.7,19.0,26.0,10.47,9.18,100,100
2026-04-20T18:00,13.9,14.4,0.0,0.0,7.51,6.32,100,94
2026-04-20T19:00,13.6,14.1,0.0,0.0,7.96,5.6,100,88
2026-04-20T20:00,13.2,14.0,0.0,0.0,8.41,4.41,97,97
2026-04-20T21:00,13.0,13.2,0.0,0.0,9.65,5.1,100,100
2026-04-20T22:00,12.6,12.3,0.0,0.0,7.85,5.1,64,100
2026-04-20T23:00,11.9,12.0,0.0,0.0,7.26,5.2,100,100
2026-04-21T00:00,12.0,11.6,0.0,0.0,4.9,6.18,90,74
2026-04-21T01:00,11.5,11.5,0.0,0.0,5.21,5.68,56,96
2026-04-21T02:00,10.8,11.0,0.0,0.0,6.36,5.47,32,100
2026-04-21T03:00,10.5,11.1,0.0,0.0,6.17,5.86,56,96
2026-04-21T04:00,9.9,11.1,19.0,13.0,7.4,6.88,84,95
2026-04-21T05:00,10.3,11.1,114.0,79.0,6.33,6.57,100,100
2026-04-21T06:00,9.1,9.8,214.0,234.0,5.31,6.76,94,99
2026-04-21T07:00,9.9,9.9,296.0,264.0,5.15,5.88,100,100
2026-04-21T08:00,10.7,10.6,417.0,334.0,5.29,5.23,100,100
2026-04-21T09:00,11.1,11.4,438.0,461.0,4.13,4.62,100,100
2026-04-21T10:00,11.4,11.7,360.0,387.0,4.41,4.48,100,100
2026-04-21T11:00,12.2,12.0,363.0,345.0,4.48,4.27,100,100
2026-04-21T12:00,12.6,13.2,281.0,339.0,3.29,5.1,100,100
2026-04-21T13:00,12.3,12.8,213.0,217.0,2.45,4.71,100,100
2026-04-21T14:00,11.7,12.5,135.0,157.0,2.34,4.69,100,100
2026-04-21T15:00,11.3,12.2,85.0,110.0,3.07,4.73,100,100
2026-04-21T16:00,10.6,11.6,45.0,45.0,3.61,4.93,100,100
2026-04-21T17:00,10.0,10.9,10.0,13.0,2.94,5.04,100,100
2026-04-21T18:00,9.1,10.3,0.0,0.0,3.27,2.55,100,100
2026-04-21T19:00,8.7,9.7,0.0,0.0,2.81,4.21,100,100
2026-04-21T20:00,8.4,9.3,0.0,0.0,2.02,3.84,100,100
2026-04-21T21:00,8.1,8.9,0.0,0.0,1.18,1.97,100,100
2026-04-21T22:00,7.8,8.7,0.0,0.0,0.79,2.02,100,95
2026-04-21T23:00,7.5,8.5,0.0,0.0,0.71,2.2,100,100
2026-04-22T00:00,7.0,8.5,0.0,0.0,1.73,1.27,100,99
2026-04-22T01:00,6.9,8.3,0.0,0.0,1.58,0.88,81,99
2026-04-22T02:00,6.6,8.1,0.0,0.0,0.49,0.98,94,97
2026-04-22T03:00,6.4,7.9,0.0,0.0,0.62,1.46,99,96
2026-04-22T04:00,6.3,7.8,17.0,9.0,0.71,1.81,97,100
2026-04-22T05:00,7.1,8.1,89.0,32.0,1.0,3.47,99,100
2026-04-22T06:00,9.3,9.2,273.0,189.0,3.04,2.68,91,91
2026-04-22T07:00,10.6,9.9,405.0,300.0,2.35,2.83,79,97
2026-04-22T08:00,11.3,10.2,480.0,261.0,2.45,2.65,91,100
2026-04-22T09:00,11.1,10.2,285.0,193.0,2.4,2.69,100,100
2026-04-22T10:00,11.3,9.9,274.0,193.0,2.55,2.63,100,100
2026-04-22T11:00,11.0,10.2,233.0,234.0,3.6,2.02,96,100
2026-04-22T12:00,10.8,10.0,329.0,260.0,1.18,2.04,100,99
2026-04-22T13:00,10.6,10.0,245.0,223.0,1.31,0.81,99,98
2026-04-22T14:00,10.3,9.7,202.0,137.0,1.79,0.81,98,95
2026-04-22T15:00,9.9,9.5,151.0,140.0,2.22,2.31,90,93
2026-04-22T16:00,9.4,9.1,99.0,99.0,2.61,1.98,68,83
2026-04-22T17:00,8.6,8.3,26.0,29.0,3.04,2.01,58,83
2026-04-22T18:00,7.5,7.8,0.0,0.0,2.76,2.2,51,64
2026-04-22T19:00,6.7,7.2,0.0,0.0,3.07,1.71,29,29
2026-04-22T20:00,5.9,6.5,0.0,0.0,3.88,2.16,40,34
2026-04-22T21:00,5.7,6.2,0.0,0.0,4.13,2.64,7,47
2026-04-22T22:00,5.4,5.8,0.0,0.0,4.14,3.53,0,39
2026-04-22T23:00,5.0,5.1,0.0,0.0,4.74,4.71,0,6
2026-04-23T00:00,4.7,5.7,0.0,0.0,5.36,4.21,2,78
2026-04-23T01:00,4.5,5.4,0.0,0.0,6.38,5.39,12,66
2026-04-23T02:00,4.4,5.2,0.0,0.0,6.99,5.83,22,1
2026-04-23T03:00,4.3,4.5,0.0,0.0,6.93,5.51,23,2
2026-04-23T04:00,4.3,4.1,27.0,27.0,6.88,5.52,27,0
2026-04-23T05:00,6.1,5.7,167.0,170.0,7.1,6.29,20,0
2026-04-23T06:00,8.0,7.9,353.0,358.0,7.74,4.19,0,0
2026-04-23T07:00,10.1,9.6,536.0,545.0,6.96,4.35,30,0
2026-04-23T08:00,12.1,11.3,688.0,701.0,6.98,5.78,6,0
2026-04-23T09:00,13.8,12.7,802.0,812.0,7.4,7.05,44,9
2026-04-23T10:00,14.9,13.6,718.0,752.0,7.32,6.45,68,53
2026-04-23T11:00,15.5,14.6,653.0,698.0,9.15,5.22,100,53
2026-04-23T12:00,16.0,15.3,568.0,556.0,9.53,7.93,94,50
2026-04-23T13:00,15.6,16.0,424.0,596.0,11.34,9.36,74,35
2026-04-23T14:00,16.1,16.0,435.0,541.0,12.36,10.44,88,44
2026-04-23T15:00,15.5,15.5,319.0,352.0,9.99,10.3,9,41
2026-04-23T16:00,15.3,15.1,193.0,184.0,9.21,10.29,65,36
2026-04-23T17:00,13.4,12.9,35.0,40.0,10.78,10.5,23,67
2026-04-23T18:00,13.1,12.0,0.0,0.0,10.47,9.86,86,98
2026-04-23T19:00,12.2,11.1,0.0,0.0,9.25,7.1,97,100
2026-04-23T20:00,11.5,10.3,0.0,0.0,6.88,5.54,99,96
2026-04-23T21:00,10.8,9.5,0.0,0.0,5.95,2.67,92,100
2026-04-23T22:00,10.4,8.6,0.0,0.0,5.0,1.37,99,84
2026-04-23T23:00,9.3,8.5,0.0,0.0,5.39,3.81,100,79
2026-04-24T00:00,9.2,9.3,0.0,0.0,6.17,8.7,95,90
2026-04-24T01:00,9.3,9.2,0.0,0.0,6.18,8.56,90,67
2026-04-24T02:00,9.1,8.6,0.0,0.0,4.87,8.32,84,95
2026-04-24T03:00,8.5,8.2,0.0,0.0,4.81,7.97,100,100
2026-04-24T04:00,8.3,8.0,27.0,26.0,4.61,7.23,58,84
2026-04-24T05:00,9.6,9.2,156.0,144.0,3.89,6.05,39,94
2026-04-24T06:00,11.7,10.9,338.0,355.0,4.17,5.13,43,12
2026-04-24T07:00,13.3,12.7,501.0,531.0,3.02,3.32,66,80
2026-04-24T08:00,14.9,14.4,659.0,672.0,2.79,4.13,73,82
2026-04-24T09:00,15.9,15.6,739.0,787.0,2.85,4.12,73,68
2026-04-24T10:00,16.6,16.5,756.0,863.0,3.56,3.37,62,40
2026-04-24T11:00,17.2,16.9,675.0,811.0,4.29,4.29,78,67
2026-04-24T12:00,17.8,17.1,552.0,800.0,5.0,4.19,79,55
2026-04-24T13:00,18.0,17.1,527.0,608.0,5.59,4.91,79,59
2026-04-24T14:00,18.1,17.1,397.0,524.0,4.63,4.02,58,70
2026-04-24T15:00,18.2,16.7,282.0,295.0,5.15,5.18,74,77
2026-04-24T16:00,17.8,16.0,149.0,121.0,6.9,3.91,59,71
2026-04-24T17:00,16.3,14.6,35.0,28.0,6.85,3.86,69,84
2026-04-24T18:00,14.0,12.7,0.0,0.0,5.89,5.56,58,84
2026-04-24T19:00,13.2,11.3,0.0,0.0,4.88,5.0,7,91
2026-04-24T20:00,11.6,10.4,0.0,0.0,3.29,4.51,1,95
2026-04-24T21:00,9.9,9.9,0.0,0.0,8.82,4.31,3,92
2026-04-24T22:00,9.8,9.2,0.0,0.0,9.76,5.1,24,9
2026-04-24T23:00,9.5,9.0,0.0,0.0,9.17,5.39,47,0
2026-04-25T00:00,8.9,8.6,0.0,0.0,7.42,6.08,0,22
2026-04-25T01:00,8.5,7.9,0.0,0.0,5.66,4.8,13,38
2026-04-25T02:00,7.9,7.6,0.0,0.0,4.57,4.33,8,16
2026-04-25T03:00,7.8,6.9,0.0,0.0,3.15,3.95,0,33
2026-04-25T04:00,7.8,6.6,30.0,28.0,1.97,3.4,0,34
2026-04-25T05:00,9.3,8.4,173.0,163.0,2.24,2.36,0,38
2026-04-25T06:00,12.8,12.3,356.0,314.0,2.19,2.59,8,46
2026-04-25T07:00,14.7,14.3,536.0,483.0,1.53,1.24,7,45
2026-04-25T08:00,16.3,15.7,687.0,632.0,1.71,0.84,25,39
2026-04-25T09:00,17.7,17.0,798.0,775.0,1.87,0.55,8,36
2026-04-25T10:00,18.7,18.0,864.0,845.0,2.18,1.06,0,34
2026-04-25T11:00,19.6,18.8,868.0,852.0,2.58,1.37,0,28
2026-04-25T12:00,19.7,19.2,814.0,761.0,3.6,2.15,0,53
2026-04-25T13:00,19.5,19.2,710.0,595.0,4.27,2.45,10,65
2026-04-25T14:00,18.7,19.2,557.0,433.0,5.02,2.83,12,71
2026-04-25T15:00,17.5,18.0,372.0,295.0,5.91,3.04,33,71
2026-04-25T16:00,16.0,16.3,187.0,146.0,5.82,5.67,24,64
2026-04-25T17:00,14.1,14.5,42.0,33.0,6.93,6.77,19,58
2026-04-25T18:00,12.8,12.8,0.0,0.0,6.32,7.73,42,27
2026-04-25T19:00,12.1,11.9,0.0,0.0,5.83,8.08,14,44
2026-04-25T20:00,11.3,11.5,0.0,0.0,5.54,9.11,35,29
2026-04-25T21:00,10.8,11.1,0.0,0.0,5.65,8.17,6,30
2026-04-25T22:00,10.8,10.2,0.0,0.0,4.82,6.11,0,3
2026-04-25T23:00,11.0,9.6,0.0,0.0,4.87,5.0,0,0
2026-04-26T00:00,10.6,10.1,0.0,0.0,5.33,5.09,0,0
2026-04-26T01:00,10.4,10.4,0.0,0.0,5.61,5.18,0,3
2026-04-26T02:00,10.6,10.4,0.0,0.0,5.63,5.33,0,2
2026-04-26T03:00,10.8,10.4,0.0,0.0,5.64,5.52,0,8
2026-04-26T04:00,10.2,10.6,32.0,32.0,5.89,5.73,0,26
2026-04-26T05:00,12.3,12.6,175.0,172.0,5.88,6.06,0,18
2026-04-26T06:00,15.6,16.1,358.0,360.0,7.37,6.93,1,0
2026-04-26T07:00,18.0,18.2,539.0,539.0,7.01,6.35,2,4
2026-04-26T08:00,19.5,19.7,696.0,693.0,8.37,8.03,0,0
2026-04-26T09:00,20.8,21.0,809.0,806.0,8.82,8.43,0,0
2026-04-26T10:00,22.1,22.1,869.0,869.0,9.01,10.32,0,0
2026-04-26T11:00,23.3,22.8,874.0,872.0,9.42,10.47,0,0
2026-04-26T12:00,24.0,23.2,825.0,821.0,9.71,9.78,0,0
2026-04-26T13:00,24.3,23.5,718.0,717.0,9.62,9.51,0,0
2026-04-26T14:00,24.3,23.4,554.0,570.0,9.85,9.2,66,0
2026-04-26T15:00,23.9,23.2,315.0,388.0,7.67,9.13,74,30
2026-04-26T16:00,19.1,22.6,117.0,190.0,14.26,7.32,39,10
2026-04-26T17:00,16.0,17.7,38.0,43.0,11.37,15.73,12,86
2026-04-26T18:00,13.5,13.4,0.0,0.0,11.5,11.09,31,55
2026-04-26T19:00,11.5,12.0,0.0,0.0,9.74,9.81,29,38
2026-04-26T20:00,10.0,10.9,0.0,0.0,8.51,7.85,43,60
2026-04-26T21:00,9.0,10.2,0.0,0.0,7.94,6.48,19,41
2026-04-26T22:00,7.9,9.4,0.0,0.0,6.36,6.01,0,1
2026-04-26T23:00,6.9,8.5,0.0,0.0,4.9,6.27,0,21
2026-04-27T00:00,6.6,7.7,0.0,0.0,6.04,8.65,0,0
2026-04-27T01:00,5.7,6.8,0.0,0.0,4.8,7.49,9,7
2026-04-27T02:00,5.1,6.1,0.0,0.0,5.1,6.57,10,28
2026-04-27T03:00,4.7,5.3,0.0,0.0,5.18,5.28,34,73
2026-04-27T04:00,5.1,5.6,36.0,37.0,3.81,4.25,32,24
2026-04-27T05:00,6.7,7.3,185.0,188.0,2.95,3.33,34,33
2026-04-27T06:00,9.2,9.7,374.0,377.0,2.15,1.71,100,57
2026-04-27T07:00,10.3,11.0,549.0,555.0,2.43,2.24,37,8
2026-04-27T08:00,11.4,12.0,715.0,719.0,1.62,1.52,11,8
2026-04-27T09:00,12.4,13.0,827.0,831.0,0.84,0.71,44,14
2026-04-27T10:00,13.3,13.9,887.0,891.0,0.79,0.79,10,10
2026-04-27T11:00,14.2,14.7,893.0,889.0,1.18,1.76,6,99
2026-04-27T12:00,14.8,15.3,833.0,835.0,1.83,2.11,93,5
2026-04-27T13:00,14.9,15.6,681.0,729.0,2.37,2.67,100,0
2026-04-27T14:00,14.8,15.6,478.0,579.0,2.19,2.95,100,6
2026-04-27T15:00,13.9,15.4,306.0,399.0,3.35,2.77,100,27
2026-04-27T16:00,11.8,13.0,151.0,206.0,7.1,7.62,100,78
2026-04-27T17:00,10.6,10.9,34.0,46.0,7.21,7.53,100,100
2026-04-27T18:00,9.3,9.9,0.0,0.0,8.3,8.3,100,100
2026-04-27T19:00,8.3,9.1,0.0,0.0,8.98,8.55,100,100
2026-04-27T20:00,7.6,8.1,0.0,0.0,9.32,8.53,100,73
2026-04-27T21:00,7.4,7.5,0.0,0.0,8.93,8.04,100,7
2026-04-27T22:00,7.2,6.8,0.0,0.0,8.33,7.84,11,0
2026-04-27T23:00,6.6,6.3,0.0,0.0,7.84,7.94,7,0
2026-04-28T00:00,5.8,6.0,0.0,0.0,7.55,7.32,0,0
2026-04-28T01:00,5.5,5.6,0.0,0.0,7.55,7.34,0,0
2026-04-28T02:00,5.2,5.2,0.0,0.0,7.37,7.49,0,0
2026-04-28T03:00,4.9,5.0,0.0,0.0,6.88,7.07,0,0
2026-04-28T04:00,5.2,5.4,37.0,38.0,6.57,6.44,0,0
2026-04-28T05:00,7.8,7.8,183.0,183.0,6.27,6.02,0,0
2026-04-28T06:00,10.1,10.2,367.0,369.0,5.49,4.8,2,0
2026-04-28T07:00,12.5,12.4,552.0,553.0,4.42,3.84,5,3
2026-04-28T08:00,14.4,14.4,707.0,708.0,4.81,4.52,22,6
2026-04-28T09:00,15.8,15.8,819.0,823.0,5.11,4.8,42,12
2026-04-28T10:00,16.8,16.8,881.0,883.0,5.12,4.8,13,13
2026-04-28T11:00,17.4,17.4,885.0,883.0,5.23,4.9,0,20
2026-04-28T12:00,17.2,17.7,833.0,832.0,4.66,5.77,0,44
2026-04-28T13:00,17.0,17.2,726.0,675.0,5.05,5.61,34,100
2026-04-28T14:00,16.3,16.4,565.0,520.0,4.75,5.89,100,98
2026-04-28T15:00,15.1,15.3,352.0,364.0,6.19,6.97,100,34
2026-04-28T16:00,13.5,13.8,184.0,195.0,7.14,6.84,30,16
2026-04-28T17:00,11.6,12.0,48.0,48.0,6.93,7.71,0,31
2026-04-28T18:00,9.9,10.2,0.0,0.0,7.9,9.42,87,0
2026-04-28T19:00,9.1,9.3,0.0,0.0,8.1,8.73,90,30
2026-04-28T20:00,8.6,8.7,0.0,0.0,6.99,7.87,85,6
2026-04-28T21:00,8.1,8.0,0.0,0.0,6.47,7.36,62,51
2026-04-28T22:00,7.4,7.6,0.0,0.0,6.08,6.88,39,87
2026-04-28T23:00,6.8,7.1,0.0,0.0,6.02,6.39,45,44
2026-04-29T00:00,6.3,6.7,0.0,0.0,6.15,6.12,46,84
2026-04-29T01:00,6.0,6.5,0.0,0.0,5.72,4.91,31,59
2026-04-29T02:00,5.5,6.0,0.0,0.0,4.31,4.3,38,52
2026-04-29T03:00,4.7,5.8,0.0,0.0,4.16,4.4,69,59
2026-04-29T04:00,5.2,6.3,35.0,29.0,3.97,4.91,52,71
2026-04-29T05:00,7.8,8.4,148.0,108.0,4.13,5.04,77,97
2026-04-29T06:00,10.3,10.3,261.0,225.0,1.85,3.05,100,95
2026-04-29T07:00,11.8,12.0,352.0,384.0,2.59,3.46,96,76
2026-04-29T08:00,13.0,13.4,413.0,499.0,3.14,3.51,87,84
2026-04-29T09:00,13.5,14.6,469.0,567.0,5.12,4.46,87,77
2026-04-29T10:00,13.5,15.1,468.0,624.0,6.03,5.85,94,78
2026-04-29T11:00,13.4,15.1,449.0,647.0,6.86,6.76,95,91
2026-04-29T12:00,13.6,14.6,431.0,555.0,7.13,7.06,100,90
2026-04-29T13:00,12.6,14.2,287.0,533.0,7.11,7.84,100,88
2026-04-29T14:00,11.9,13.5,187.0,400.0,7.33,8.01,100,97
2026-04-29T15:00,11.1,12.6,104.0,245.0,7.54,7.68,100,100
2026-04-29T16:00,10.4,11.8,42.0,89.0,7.02,7.5,100,100
2026-04-29T17:00,9.9,11.2,11.0,20.0,6.49,7.58,100,100
2026-04-29T18:00,9.8,10.3,0.0,0.0,7.27,8.16,100,99
2026-04-29T19:00,9.6,10.0,0.0,0.0,6.21,7.63,100,100
2026-04-29T20:00,9.4,9.8,0.0,0.0,6.53,7.13,100,100
2026-04-29T21:00,9.4,9.8,0.0,0.0,6.11,5.8,100,98
2026-04-29T22:00,9.4,9.8,0.0,0.0,6.32,5.04,100,100
2026-04-29T23:00,9.2,9.7,0.0,0.0,6.57,5.0,100,100
2026-04-30T00:00,9.0,9.7,0.0,0.0,5.83,4.66,100,100
2026-04-30T01:00,8.9,9.4,0.0,0.0,5.75,3.26,100,100
2026-04-30T02:00,8.7,9.2,0.0,0.0,6.23,4.03,100,100
2026-04-30T03:00,8.6,9.0,0.0,0.0,6.29,4.12,100,100
2026-04-30T04:00,8.7,8.9,8.0,9.0,6.36,4.34,100,100
2026-04-30T05:00,8.7,9.0,31.0,36.0,6.69,5.27,100,100
2026-04-30T06:00,6.9,9.2,43.0,52.0,9.63,4.75,100,100
2026-04-30T07:00,7.1,9.6,86.0,65.0,10.9,6.18,100,100
2026-04-30T08:00,7.4,9.4,115.0,93.0,8.94,5.69,100,100
2026-04-30T09:00,8.0,9.1,168.0,115.0,8.52,6.26,100,100
2026-04-30T10:00,8.3,9.2,213.0,140.0,8.67,6.07,100,100
2026-04-30T11:00,8.3,9.4,182.0,205.0,7.83,6.36,100,97
2026-04-30T12:00,8.3,7.5,180.0,147.0,9.07,9.36,100,100
2026-04-30T13:00,8.6,6.6,175.0,136.0,6.82,9.92,100,100
2026-04-30T14:00,8.5,6.2,129.0,95.0,6.9,10.05,100,100
2026-04-30T15:00,8.4,6.1,81.0,70.0,5.48,9.7,100,100
2026-04-30T16:00,8.5,6.2,53.0,65.0,5.08,8.51,100,100
2026-04-30T17:00,8.3,6.1,16.0,23.0,4.37,7.07,100,100
2026-04-30T18:00,7.1,6.3,0.0,0.0,6.75,8.56,100,100
2026-04-30T19:00,6.9,6.0,0.0,0.0,5.63,7.74,100,96
2026-04-30T20:00,6.6,5.5,0.0,0.0,4.99,6.93,100,86
2026-04-30T21:00,6.4,5.0,0.0,0.0,3.34,6.71,100,81
2026-04-30T22:00,6.1,4.7,0.0,0.0,6.75,5.99,98,72
2026-04-30T23:00,5.9,4.2,0.0,0.0,6.82,6.11,98,45
2026-05-01T00:00,5.7,4.0,0.0,0.0,7.18,7.32,100,52
2026-05-01T01:00,5.2,3.9,0.0,0.0,8.11,8.01,100,43
2026-05-01T02:00,4.7,3.5,0.0,0.0,6.75,7.49,85,5
2026-05-01T03:00,4.1,3.0,0.0,0.0,6.18,6.9,60,0
2026-05-01T04:00,4.3,3.1,45.0,46.0,6.58,6.62,1,2
2026-05-01T05:00,5.8,4.7,200.0,199.0,6.82,6.37,0,0
2026-05-01T06:00,7.7,7.9,345.0,374.0,4.83,4.98,42,20
2026-05-01T07:00,9.2,9.9,504.0,570.0,5.71,5.4,53,0
2026-05-01T08:00,10.5,10.9,620.0,595.0,6.48,6.33,68,59
2026-05-01T09:00,11.4,11.6,667.0,678.0,6.45,5.88,68,77
2026-05-01T10:00,11.8,12.1,693.0,651.0,5.98,5.28,98,69
2026-05-01T11:00,12.0,12.1,575.0,614.0,5.98,6.69,100,100
2026-05-01T12:00,12.2,12.0,690.0,503.0,5.79,6.47,100,77
2026-05-01T13:00,11.7,12.5,517.0,540.0,6.15,6.32,100,84
2026-05-01T14:00,11.5,11.9,363.0,373.0,5.64,5.44,94,86
2026-05-01T15:00,11.2,11.8,277.0,256.0,5.38,4.74,96,62
2026-05-01T16:00,10.6,11.5,153.0,173.0,5.69,5.52,69,61
2026-05-01T17:00,9.3,10.0,46.0,45.0,5.59,3.47,50,40
2026-05-01T18:00,8.0,8.7,0.0,0.0,5.73,3.57,45,62
2026-05-01T19:00,6.5,7.3,0.0,0.0,3.4,1.81,37,56
2026-05-01T20:00,5.4,6.6,0.0,0.0,2.72,0.42,34,41
2026-05-01T21:00,5.6,6.5,0.0,0.0,1.48,0.81,78,77
2026-05-01T22:00,5.6,6.1,0.0,0.0,1.25,2.54,81,77
2026-05-01T23:00,5.3,5.6,0.0,0.0,1.57,4.35,66,82
2026-05-02T00:00,4.5,5.5,0.0,0.0,3.37,4.49,67,77
2026-05-02T01:00,4.3,5.4,0.0,0.0,4.3,6.0,70,87
2026-05-02T02:00,4.3,5.3,0.0,0.0,4.95,5.55,71,75
2026-05-02T03:00,4.4,4.9,0.0,0.0,5.02,6.51,78,77
2026-05-02T04:00,4.6,5.8,34.0,29.0,5.04,7.11,83,88
2026-05-02T05:00,6.6,7.4,122.0,114.0,6.13,6.32,90,88
2026-05-02T06:00,8.8,9.0,286.0,229.0,4.7,4.74,84,81
2026-05-02T07:00,10.4,10.2,370.0,382.0,3.55,4.97,85,92
2026-05-02T08:00,10.9,10.4,360.0,367.0,5.2,4.73,94,70
2026-05-02T09:00,12.1,11.1,538.0,597.0,4.51,5.79,96,72
2026-05-02T10:00,11.5,11.4,478.0,739.0,6.81,5.75,100,69
2026-05-02T11:00,11.8,11.4,587.0,759.0,5.33,6.14,60,81
2026-05-02T12:00,11.4,11.2,604.0,655.0,5.56,8.26,74,68
2026-05-02T13:00,11.3,11.4,608.0,651.0,5.78,8.39,69,50
2026-05-02T14:00,10.9,11.2,497.0,552.0,5.97,8.13,64,32
2026-05-02T15:00,10.7,10.7,357.0,395.0,5.89,7.96,60,65
2026-05-02T16:00,10.0,9.9,200.0,200.0,6.04,6.56,34,41
2026-05-02T17:00,8.7,8.5,58.0,57.0,5.33,5.69,31,22
2026-05-02T18:00,7.1,6.8,0.0,0.0,6.15,5.75,0,17
2026-05-02T19:00,6.2,5.9,0.0,0.0,5.36,5.23,2,5
2026-05-02T20:00,5.2,4.9,0.0,0.0,4.94,4.9,0,0
2026-05-02T21:00,4.7,4.2,0.0,0.0,5.35,5.35,0,0
2026-05-02T22:00,4.3,3.7,0.0,0.0,5.53,6.21,0,0
2026-05-02T23:00,3.9,3.5,0.0,0.0,5.76,6.72,5,4
2026-05-03T00:00,3.8,3.8,0.0,0.0,6.17,6.84,0,0
2026-05-03T01:00,3.6,3.7,0.0,0.0,6.15,7.02,74,8
2026-05-03T02:00,3.7,3.8,0.0,0.0,6.44,7.77,38,43
2026-05-03T03:00,3.6,4.1,0.0,0.0,7.2,8.7,48,33
2026-05-03T04:00,4.4,4.9,47.0,50.0,7.53,9.49,41,6
2026-05-03T05:00,7.2,7.5,199.0,205.0,7.98,9.27,2,0
2026-05-03T06:00,9.3,9.8,391.0,394.0,5.97,6.84,0,0
2026-05-03T07:00,11.3,11.8,574.0,578.0,6.86,8.39,11,0
2026-05-03T08:00,12.7,12.6,727.0,628.0,6.88,8.45,18,73
2026-05-03T09:00,13.2,13.1,707.0,656.0,6.93,8.04,35,94
2026-05-03T10:00,13.7,12.8,717.0,437.0,6.85,8.28,93,100
2026-05-03T11:00,13.7,13.7,488.0,394.0,6.8,7.55,76,73
2026-05-03T12:00,13.3,13.4,472.0,416.0,7.21,7.36,88,98
2026-05-03T13:00,13.0,14.3,375.0,433.0,6.03,6.33,79,98
2026-05-03T14:00,13.3,14.3,402.0,343.0,5.68,5.09,77,51
2026-05-03T15:00,12.4,13.6,300.0,268.0,5.69,5.8,59,27
2026-05-03T16:00,11.4,11.9,175.0,211.0,5.14,5.79,61,32
2026-05-03T17:00,10.0,10.4,50.0,59.0,2.9,5.12,12,23
2026-05-03T18:00,8.4,8.8,0.0,0.0,3.01,3.14,8,0
2026-05-03T19:00,7.0,7.8,0.0,0.0,3.78,2.65,7,1
2026-05-03T20:00,6.4,7.2,0.0,0.0,3.29,1.08,48,0
2026-05-03T21:00,5.8,6.0,0.0,0.0,3.44,1.96,25,0
2026-05-03T22:00,5.7,5.7,0.0,0.0,4.06,2.86,58,2
2026-05-03T23:00,5.9,5.6,0.0,0.0,5.43,3.59,43,28
2026-05-04T00:00,5.6,7.0,0.0,0.0,6.54,4.75,49,67
2026-05-04T01:00,6.2,7.0,0.0,0.0,7.43,4.17,56,40
2026-05-04T02:00,5.8,6.5,0.0,0.0,7.34,3.72,65,56
2026-05-04T03:00,5.6,5.9,0.0,0.0,7.9,3.81,38,62
2026-05-04T04:00,6.2,5.8,52.0,48.0,7.89,3.43,9,34
2026-05-04T05:00,8.3,7.7,207.0,205.0,7.34,3.73,85,0
2026-05-04T06:00,10.5,10.5,324.0,392.0,6.02,3.94,100,0
2026-05-04T07:00,12.8,13.2,464.0,574.0,3.9,2.65,99,16
2026-05-04T08:00,14.6,15.2,590.0,729.0,5.09,4.23,100,3
2026-05-04T09:00,15.6,16.1,741.0,846.0,6.74,5.56,60,4
2026-05-04T10:00,16.3,16.7,845.0,903.0,6.9,5.61,100,33
2026-05-04T11:00,17.0,17.3,828.0,901.0,6.97,5.61,99,19
2026-05-04T12:00,16.8,17.0,656.0,815.0,6.45,5.7,100,66
2026-05-04T13:00,16.9,16.7,564.0,627.0,6.09,5.23,100,100
2026-05-04T14:00,16.3,16.6,363.0,466.0,5.17,4.5,100,100
2026-05-04T15:00,15.3,16.1,235.0,386.0,4.8,3.69,100,100
2026-05-04T16:00,13.8,14.7,134.0,203.0,5.48,4.56,100,100
2026-05-04T17:00,12.3,12.4,38.0,58.0,5.52,6.2,100,100
2026-05-04T18:00,10.8,11.6,0.0,0.0,3.51,2.86,70,100
2026-05-04T19:00,10.2,10.4,0.0,0.0,2.22,1.41,100,100
2026-05-04T20:00,9.9,10.1,0.0,0.0,1.2,0.75,100,26
2026-05-04T21:00,9.5,9.5,0.0,0.0,0.44,1.87,100,12
2026-05-04T22:00,8.9,8.8,0.0,0.0,1.89,4.17,100,100
2026-05-04T23:00,8.6,8.6,0.0,0.0,2.89,5.45,100,100
2026-05-05T00:00,7.2,7.6,0.0,0.0,3.19,2.37,20,90
2026-05-05T01:00,6.8,6.8,0.0,0.0,3.89,2.88,0,100
2026-05-05T02:00,6.0,6.5,0.0,0.0,4.08,2.84,0,98
2026-05-05T03:00,5.0,6.1,0.0,0.0,4.03,3.16,0,100
2026-05-05T04:00,5.3,6.4,56.0,45.0,3.64,3.48,0,100
2026-05-05T05:00,8.3,8.9,213.0,169.0,3.14,3.59,0,100
2026-05-05T06:00,13.5,13.7,397.0,381.0,1.55,4.02,0,100
2026-05-05T07:00,15.7,15.8,576.0,550.0,0.49,2.95,0,95
2026-05-05T08:00,17.5,17.0,729.0,722.0,0.35,3.97,0,52
2026-05-05T09:00,18.7,17.8,838.0,830.0,0.2,4.08,0,43
2026-05-05T10:00,19.6,18.1,896.0,889.0,0.44,4.35,9,35
2026-05-05T11:00,20.1,18.1,823.0,887.0,1.58,4.06,66,51
2026-05-05T12:00,18.4,18.4,849.0,811.0,4.95,4.09,8,22
2026-05-05T13:00,17.7,18.1,741.0,730.0,4.86,4.72,6,18
2026-05-05T14:00,17.0,17.6,593.0,587.0,5.31,4.8,0,10
2026-05-05T15:00,16.0,16.8,414.0,412.0,5.61,5.16,0,2
2026-05-05T16:00,14.6,15.5,226.0,225.0,5.28,5.29,0,4
2026-05-05T17:00,12.7,13.5,65.0,64.0,5.41,6.2,0,13
2026-05-05T18:00,11.7,11.9,1.0,0.0,5.85,5.83,0,0
2026-05-05T19:00,10.5,10.7,0.0,0.0,6.09,5.53,0,0
2026-05-05T20:00,9.6,9.8,0.0,0.0,5.66,5.35,0,0
2026-05-05T21:00,9.1,9.5,0.0,0.0,5.24,4.74,0,0
2026-05-05T22:00,8.8,9.1,0.0,0.0,4.66,4.12,0,0
2026-05-05T23:00,8.9,8.7,0.0,0.0,3.76,3.63,0,0
2026-05-06T00:00,9.0,8.9,0.0,0.0,3.26,4.25,0,3
2026-05-06T01:00,9.0,8.8,0.0,0.0,3.06,3.77,0,21
2026-05-06T02:00,8.9,8.6,0.0,0.0,2.45,3.34,0,25
2026-05-06T03:00,7.9,8.3,0.0,0.0,1.25,2.97,0,25
2026-05-06T04:00,7.1,8.9,57.0,56.0,0.81,3.05,0,25
2026-05-06T05:00,9.8,10.7,213.0,210.0,2.02,3.43,0,25
2026-05-06T06:00,13.7,14.3,397.0,389.0,4.04,3.21,0,6
2026-05-06T07:00,15.5,16.5,578.0,579.0,3.37,3.04,0,0
2026-05-06T08:00,17.2,17.9,730.0,733.0,3.95,4.02,0,0
2026-05-06T09:00,18.5,19.0,841.0,843.0,4.3,4.35,0,0
2026-05-06T10:00,19.4,19.9,899.0,900.0,4.5,4.43,0,0
2026-05-06T11:00,19.9,20.4,901.0,901.0,4.57,4.73,0,0
2026-05-06T12:00,21.5,18.7,840.0,850.0,5.09,5.53,0,0
2026-05-06T13:00,21.4,18.5,735.0,745.0,5.39,5.57,0,0
2026-05-06T14:00,20.8,17.8,589.0,598.0,5.43,5.34,0,0
2026-05-06T15:00,19.9,17.0,412.0,420.0,5.21,4.92,0,0
2026-05-06T16:00,18.6,15.6,227.0,231.0,5.13,4.51,0,0
2026-05-06T17:00,16.4,13.6,66.0,68.0,6.05,4.78,0,0
2026-05-06T18:00,14.2,12.5,1.0,1.0,5.53,4.35,0,0
2026-05-06T19:00,12.7,11.0,0.0,0.0,5.3,4.17,0,0
2026-05-06T20:00,11.7,10.1,0.0,0.0,5.11,4.3,0,0
2026-05-06T21:00,10.9,9.5,0.0,0.0,4.71,4.5,0,0
2026-05-06T22:00,10.1,8.9,0.0,0.0,4.68,4.86,3,0
2026-05-06T23:00,9.8,8.3,0.0,0.0,5.4,5.19,2,0
2026-05-07T00:00,8.6,8.5,0.0,0.0,4.85,6.9,0,14
2026-05-07T01:00,8.1,8.1,0.0,0.0,4.94,6.34,0,35
2026-05-07T02:00,7.7,8.0,0.0,0.0,5.24,5.36,0,50
2026-05-07T03:00,7.4,7.8,0.0,0.0,5.42,5.35,1,52
2026-05-07T04:00,8.0,8.2,58.0,51.0,5.52,6.07,1,52
2026-05-07T05:00,10.3,9.6,212.0,180.0,5.93,6.15,13,58
2026-05-07T06:00,11.0,11.2,326.0,313.0,4.64,4.58,71,64
2026-05-07T07:00,13.0,13.3,452.0,479.0,4.54,4.84,69,65
2026-05-07T08:00,14.9,15.0,594.0,627.0,4.62,5.08,68,58
2026-05-07T09:00,16.5,16.3,721.0,754.0,5.1,5.9,43,46
2026-05-07T10:00,17.7,17.2,856.0,854.0,5.47,5.97,39,41
2026-05-07T11:00,18.3,17.9,875.0,877.0,6.18,6.18,16,35
2026-05-07T12:00,17.8,20.4,831.0,843.0,6.56,5.33,11,18
2026-05-07T13:00,16.9,19.8,728.0,737.0,6.73,5.61,24,15
2026-05-07T14:00,16.1,18.6,574.0,590.0,6.93,6.1,24,7
2026-05-07T15:00,15.0,17.2,394.0,415.0,6.79,6.1,75,2
2026-05-07T16:00,13.5,15.6,193.0,229.0,7.01,5.89,100,0
2026-05-07T17:00,12.0,13.7,52.0,68.0,7.34,6.4,100,0
2026-05-07T18:00,11.1,11.0,1.0,1.0,7.73,7.82,56,22
2026-05-07T19:00,10.5,10.0,0.0,0.0,7.7,8.07,58,52
2026-05-07T20:00,10.2,9.7,0.0,0.0,7.5,7.05,100,74
2026-05-07T21:00,10.0,9.6,0.0,0.0,7.88,7.47,100,98
2026-05-07T22:00,9.9,9.5,0.0,0.0,7.41,7.43,100,76
2026-05-07T23:00,9.8,9.5,0.0,0.0,7.0,7.02,100,94
2026-05-08T00:00,9.3,9.2,0.0,0.0,7.72,6.1,100,100
2026-05-08T01:00,9.5,8.9,0.0,0.0,7.57,6.45,100,89
2026-05-08T02:00,9.5,8.8,0.0,0.0,7.36,6.0,100,100
2026-05-08T03:00,9.3,8.8,0.0,0.0,7.15,5.54,100,100
2026-05-08T04:00,9.7,9.3,33.0,29.0,6.69,5.27,100,100
2026-05-08T05:00,10.6,10.4,122.0,114.0,6.14,5.33,96,93
2026-05-08T06:00,12.0,12.2,165.0,251.0,4.99,5.14,100,96
2026-05-08T07:00,13.8,13.9,311.0,421.0,4.92,5.33,90,85
2026-05-08T08:00,15.2,15.4,488.0,617.0,5.49,5.14,83,70
2026-05-08T09:00,16.7,16.7,575.0,677.0,5.27,5.57,79,76
2026-05-08T10:00,17.8,17.5,685.0,713.0,5.11,6.15,76,69
2026-05-08T11:00,18.4,18.1,699.0,762.0,5.47,5.68,73,86
2026-05-08T12:00,20.2,19.4,709.0,657.0,4.49,5.1,66,65
2026-05-08T13:00,19.8,19.0,627.0,570.0,4.92,5.95,59,65
2026-05-08T14:00,19.1,17.9,526.0,397.0,5.49,5.87,82,100
2026-05-08T15:00,18.0,16.9,369.0,272.0,5.85,5.92,19,100
2026-05-08T16:00,16.5,15.6,215.0,165.0,5.75,5.61,64,100
2026-05-08T17:00,14.9,14.2,63.0,54.0,6.12,6.45,96,100
2026-05-08T18:00,13.7,13.2,1.0,1.0,6.25,6.96,100,100
2026-05-08T19:00,13.0,12.6,0.0,0.0,6.25,6.78,100,100
2026-05-08T20:00,12.3,12.1,0.0,0.0,6.06,6.17,82,100
2026-05-08T21:00,11.9,11.9,0.0,0.0,5.41,6.26,99,100
2026-05-08T22:00,11.7,11.8,0.0,0.0,5.13,6.1,100,100
2026-05-08T23:00,11.5,11.8,0.0,0.0,4.71,5.83,100,100
2026-05-09T00:00,11.6,11.3,0.0,0.0,3.34,5.83,100,100
2026-05-09T01:00,11.7,11.2,0.0,0.0,4.38,5.2,100,100
2026-05-09T02:00,11.6,11.4,0.0,0.0,3.53,4.89,97,100
2026-05-09T03:00,11.7,11.5,0.0,0.0,4.09,2.56,94,100
2026-05-09T04:00,12.2,11.9,35.0,24.0,4.21,3.82,100,99
2026-05-09T05:00,13.5,12.7,137.0,107.0,4.67,5.92,100,100
2026-05-09T06:00,14.6,13.6,246.0,187.0,4.78,5.52,87,100
2026-05-09T07:00,16.2,14.7,475.0,290.0,4.53,4.75,87,99
2026-05-09T08:00,17.1,15.7,494.0,348.0,4.73,4.84,98,100
2026-05-09T09:00,17.7,16.2,467.0,365.0,5.0,4.59,90,97
2026-05-09T10:00,18.8,16.4,620.0,334.0,6.3,4.97,84,95
2026-05-09T11:00,18.3,17.3,549.0,426.0,7.49,5.17,100,91
2026-05-09T12:00,17.4,19.5,432.0,537.0,6.93,5.14,96,94
2026-05-09T13:00,17.1,19.1,294.0,442.0,6.58,5.58,97,85
2026-05-09T14:00,16.6,18.9,228.0,431.0,6.9,5.58,95,79
2026-05-09T15:00,16.0,18.3,194.0,303.0,6.55,5.45,92,93
2026-05-09T16:00,15.3,17.1,108.0,158.0,6.58,5.19,93,82
2026-05-09T17:00,14.5,15.7,37.0,50.0,6.54,5.96,94,73
2026-05-09T18:00,13.5,14.2,1.0,1.0,7.09,7.34,98,95
2026-05-09T19:00,13.2,13.6,0.0,0.0,6.86,7.34,99,95
2026-05-09T20:00,13.0,13.3,0.0,0.0,6.45,6.94,100,100
2026-05-09T21:00,12.9,13.2,0.0,0.0,5.91,6.4,98,98
2026-05-09T22:00,12.8,13.1,0.0,0.0,5.41,5.77,98,97
2026-05-09T23:00,12.7,13.0,0.0,0.0,4.84,5.55,99,96
2026-05-10T00:00,12.8,12.8,0.0,0.0,4.45,6.06,99,100
2026-05-10T01:00,12.7,12.6,0.0,0.0,3.67,5.77,96,100
2026-05-10T02:00,12.6,12.5,0.0,0.0,3.4,5.37,97,99
2026-05-10T03:00,12.6,12.5,0.0,0.0,2.56,5.27,97,100
2026-05-10T04:00,12.7,12.6,14.0,9.0,1.94,4.72,97,100
2026-05-10T05:00,13.1,12.9,42.0,33.0,0.9,4.02,98,100
2026-05-10T06:00,12.9,13.2,32.0,44.0,0.84,1.87,99,100
2026-05-10T07:00,13.3,14.0,69.0,100.0,2.39,0.59,100,98
2026-05-10T08:00,13.9,14.7,110.0,111.0,3.61,1.29,100,100
2026-05-10T09:00,14.6,14.9,165.0,116.0,4.67,3.78,94,100
2026-05-10T10:00,16.0,16.5,314.0,237.0,5.98,5.31,97,96
2026-05-10T11:00,16.5,16.6,348.0,248.0,6.03,6.58,98,98
2026-05-10T12:00,17.2,16.8,340.0,350.0,5.86,6.65,89,96
2026-05-10T13:00,18.4,17.9,476.0,370.0,5.27,5.55,75,75
2026-05-10T14:00,19.0,18.8,485.0,498.0,5.17,5.35,45,47
2026-05-10T15:00,19.1,18.9,397.0,391.0,3.7,4.4,4,31
2026-05-10T16:00,18.6,18.5,233.0,227.0,3.53,3.88,0,19
2026-05-10T17:00,17.1,17.2,73.0,73.0,3.07,3.19,13,0
2026-05-10T18:00,15.0,15.0,2.0,2.0,3.35,2.81,0,0
2026-05-10T19:00,14.4,14.1,0.0,0.0,3.17,2.69,0,0
2026-05-10T20:00,13.4,13.4,0.0,0.0,3.34,3.26,0,7
2026-05-10T21:00,13.6,13.4,0.0,0.0,3.14,3.34,10,3
2026-05-10T22:00,13.1,13.7,0.0,0.0,3.34,2.09,11,0
2026-05-10T23:00,12.0,12.4,0.0,0.0,2.89,4.52,29,2
2026-05-11T00:00,12.2,11.9,0.0,0.0,2.53,2.84,5,22
2026-05-11T01:00,11.9,11.9,0.0,0.0,3.07,2.81,3,94
2026-05-11T02:00,12.0,11.6,0.0,0.0,3.17,3.27,2,97
2026-05-11T03:00,11.7,11.4,1.0,1.0,3.69,3.63,4,77
2026-05-11T04:00,12.1,12.0,65.0,63.0,4.03,4.25,5,93
2026-05-11T05:00,14.7,14.5,218.0,210.0,5.15,5.37,0,47
2026-05-11T06:00,16.5,16.2,398.0,325.0,5.38,5.98,0,100
2026-05-11T07:00,18.2,18.5,572.0,508.0,4.37,4.43,0,95
2026-05-11T08:00,20.0,20.4,718.0,685.0,5.52,5.89,62,86
2026-05-11T09:00,21.0,21.8,782.0,791.0,6.35,7.09,100,87
2026-05-11T10:00,21.4,22.0,693.0,706.0,6.49,7.43,100,97
2026-05-11T11:00,22.2,22.7,706.0,688.0,6.13,7.65,93,50
2026-05-11T12:00,22.1,23.0,680.0,736.0,6.31,7.98,61,41
2026-05-11T13:00,21.7,22.5,582.0,679.0,7.36,8.28,96,37
2026-05-11T14:00,20.8,21.5,504.0,541.0,8.11,8.46,91,93
2026-05-11T15:00,19.5,19.9,369.0,350.0,7.9,8.72,46,100
2026-05-11T16:00,18.0,18.4,212.0,143.0,7.94,7.82,86,100
2026-05-11T17:00,16.4,16.9,69.0,40.0,8.55,8.2,20,100
2026-05-11T18:00,15.4,15.2,2.0,2.0,8.99,9.52,23,100
2026-05-11T19:00,14.3,14.2,0.0,0.0,9.83,10.22,98,100
2026-05-11T20:00,13.7,13.7,0.0,0.0,9.99,9.95,57,100
2026-05-11T21:00,13.3,13.3,0.0,0.0,9.74,9.82,62,75
2026-05-11T22:00,13.0,13.0,0.0,0.0,9.55,9.79,100,97
2026-05-11T23:00,12.9,13.1,0.0,0.0,9.13,9.3,100,100
2026-05-12T00:00,12.7,13.0,0.0,0.0,9.36,10.11,95,73
2026-05-12T01:00,12.8,13.0,0.0,0.0,8.57,9.79,65,70
2026-05-12T02:00,12.8,13.1,0.0,0.0,8.22,7.93,100,100
2026-05-12T03:00,12.9,13.1,1.0,1.0,6.96,5.45,100,100
2026-05-12T04:00,13.3,13.6,21.0,29.0,6.21,3.81,100,100
2026-05-12T05:00,14.1,14.6,77.0,121.0,5.8,4.3,100,100
2026-05-12T06:00,15.8,15.5,233.0,189.0,5.15,3.12,100,100
2026-05-12T07:00,17.8,17.4,424.0,346.0,2.84,2.3,99,100
2026-05-12T08:00,19.5,19.3,531.0,535.0,2.72,5.81,82,100
2026-05-12T09:00,21.6,20.9,586.0,621.0,2.89,4.96,96,100
2026-05-12T10:00,22.2,21.6,531.0,606.0,4.02,5.52,100,100
2026-05-12T11:00,21.4,21.1,507.0,684.0,5.74,9.2,100,100
2026-05-12T12:00,20.4,21.0,498.0,509.0,4.73,6.68,100,100
2026-05-12T13:00,21.0,20.9,494.0,396.0,6.25,5.16,100,100
2026-05-12T14:00,21.0,21.1,362.0,398.0,6.14,6.94,100,100
2026-05-12T15:00,20.6,20.9,256.0,270.0,6.2,6.61,100,100
2026-05-12T16:00,20.1,20.4,165.0,184.0,5.73,6.79,94,100
2026-05-12T17:00,18.9,19.0,70.0,72.0,6.6,5.95,100,96
2026-05-12T18:00,17.5,17.3,2.0,2.0,5.82,5.43,100,100
2026-05-12T19:00,16.4,16.4,0.0,0.0,6.32,5.96,92,89
2026-05-12T20:00,15.9,15.8,0.0,0.0,7.06,6.61,15,100
2026-05-12T21:00,15.5,15.7,0.0,0.0,7.37,6.98,23,98
2026-05-12T22:00,15.1,15.4,0.0,0.0,7.35,6.71,26,80
2026-05-12T23:00,14.5,15.2,0.0,0.0,7.77,6.15,0,80
2026-05-13T00:00,14.2,14.4,0.0,0.0,9.54,5.86,16,5
2026-05-13T01:00,14.0,14.1,0.0,0.0,9.8,5.67,12,3
2026-05-13T02:00,13.9,13.9,0.0,0.0,10.15,5.21,2,0
2026-05-13T03:00,13.7,13.7,1.0,2.0,10.56,4.5,8,39
2026-05-13T04:00,14.0,14.1,70.0,61.0,10.49,4.35,31,100
2026-05-13T05:00,15.1,14.7,188.0,96.0,10.32,9.05,85,100
2026-05-13T06:00,14.5,15.0,161.0,272.0,11.48,12.05,100,80
2026-05-13T07:00,13.3,13.4,279.0,405.0,11.9,12.17,92,83
2026-05-13T08:00,13.6,13.1,508.0,446.0,11.21,12.03,70,91
2026-05-13T09:00,15.4,14.7,796.0,645.0,11.27,11.5,42,61
2026-05-13T10:00,16.0,15.9,819.0,812.0,11.67,12.17,58,69
2026-05-13T11:00,16.1,16.2,726.0,610.0,11.08,12.74,53,83
2026-05-13T12:00,17.9,15.0,713.0,487.0,10.48,11.9,60,100
2026-05-13T13:00,17.8,15.5,554.0,254.0,10.15,8.41,75,93
2026-05-13T14:00,16.6,16.3,412.0,384.0,10.78,8.4,92,81
2026-05-13T15:00,15.4,16.5,302.0,334.0,8.94,7.79,48,83
2026-05-13T16:00,14.6,15.6,219.0,143.0,9.35,7.8,50,67
2026-05-13T17:00,13.7,14.4,69.0,52.0,7.58,5.48,77,98
2026-05-13T18:00,12.0,12.6,2.0,2.0,6.82,3.07,100,100
2026-05-13T19:00,11.4,12.0,0.0,0.0,6.72,3.47,74,100
2026-05-13T20:00,11.2,11.9,0.0,0.0,6.98,5.14,100,99
2026-05-13T21:00,11.0,11.9,0.0,0.0,6.14,5.83,100,95
2026-05-13T22:00,10.6,11.2,0.0,0.0,5.31,4.84,100,100
2026-05-13T23:00,10.4,10.8,0.0,0.0,5.07,4.1,100,79
2026-05-14T00:00,9.7,10.6,0.0,0.0,5.22,5.79,100,96
2026-05-14T01:00,10.1,10.1,0.0,0.0,5.84,5.28,100,99
2026-05-14T02:00,10.3,9.8,0.0,0.0,6.58,5.77,100,85
2026-05-14T03:00,10.3,9.3,1.0,2.0,6.54,6.39,98,56
2026-05-14T04:00,10.7,9.7,34.0,75.0,6.33,6.61,97,14
2026-05-14T05:00,11.1,11.4,82.0,236.0,6.17,6.12,99,2
2026-05-14T06:00,11.4,11.8,150.0,148.0,4.95,4.77,100,100
2026-05-14T07:00,12.4,13.1,250.0,269.0,4.03,3.77,100,100
2026-05-14T08:00,13.9,14.9,423.0,544.0,3.42,3.17,100,100
2026-05-14T09:00,15.1,16.1,534.0,665.0,3.02,3.04,100,100
2026-05-14T10:00,15.9,16.7,474.0,454.0,2.81,3.07,100,100
2026-05-14T11:00,16.1,17.3,324.0,452.0,3.78,3.45,100,86
2026-05-14T12:00,15.5,16.3,310.0,305.0,3.43,3.2,100,99
2026-05-14T13:00,15.9,16.7,324.0,305.0,3.75,2.54,98,87
2026-05-14T14:00,16.8,17.3,429.0,344.0,3.61,1.63,88,78
2026-05-14T15:00,16.5,17.3,271.0,271.0,3.37,2.71,86,96
2026-05-14T16:00,15.9,16.9,157.0,154.0,3.89,3.13,68,52
2026-05-14T17:00,14.6,15.4,70.0,77.0,2.86,3.34,38,52
2026-05-14T18:00,12.6,13.8,3.0,3.0,1.67,1.73,26,100
2026-05-14T19:00,12.0,12.6,0.0,0.0,2.07,1.28,14,100
2026-05-14T20:00,11.5,11.5,0.0,0.0,2.87,2.65,41,100
2026-05-14T21:00,11.3,11.0,0.0,0.0,3.14,3.05,39,95
2026-05-14T22:00,10.9,10.8,0.0,0.0,2.87,3.64,38,83
2026-05-14T23:00,9.9,10.2,0.0,0.0,3.14,4.25,16,34
2026-05-15T00:00,10.2,10.0,0.0,0.0,1.9,4.85,0,41
2026-05-15T01:00,9.8,9.5,0.0,0.0,2.16,5.13,0,35
2026-05-15T02:00,9.3,9.3,0.0,0.0,2.79,4.97,1,36
2026-05-15T03:00,9.1,9.1,2.0,2.0,3.26,4.63,1,35
2026-05-15T04:00,10.1,10.0,78.0,74.0,3.01,4.59,0,33
2026-05-15T05:00,12.2,12.6,241.0,230.0,2.94,4.44,0,33
2026-05-15T06:00,14.9,15.2,427.0,426.0,3.47,3.74,0,0
2026-05-15T07:00,16.5,17.2,604.0,603.0,2.83,2.8,0,0
2026-05-15T08:00,18.0,18.9,752.0,753.0,3.06,3.34,0,0
2026-05-15T09:00,19.1,20.0,858.0,841.0,2.96,3.57,0,0
2026-05-15T10:00,20.0,20.8,910.0,917.0,2.98,3.73,35,13
2026-05-15T11:00,20.5,21.4,881.0,906.0,2.7,3.74,45,27
2026-05-15T12:00,21.1,20.9,817.0,772.0,2.76,4.21,41,62
2026-05-15T13:00,21.0,20.9,719.0,672.0,3.26,3.63,57,77
2026-05-15T14:00,20.4,20.7,585.0,540.0,4.94,3.69,48,83
2026-05-15T15:00,19.1,19.7,412.0,387.0,7.0,6.32,32,99
2026-05-15T16:00,18.1,17.8,245.0,241.0,8.35,7.6,18,4
2026-05-15T17:00,16.2,15.8,86.0,85.0,7.54,7.97,0,0
2026-05-15T18:00,14.2,13.4,3.0,4.0,9.1,9.33,0,6
2026-05-15T19:00,13.2,12.5,0.0,0.0,9.18,9.61,0,0
2026-05-15T20:00,12.6,12.0,0.0,0.0,8.77,8.74,0,0
2026-05-15T21:00,12.1,11.7,0.0,0.0,8.98,8.74,0,0
2026-05-15T22:00,11.7,11.4,0.0,0.0,8.98,8.79,1,0
2026-05-15T23:00,11.4,11.2,0.0,0.0,8.98,8.9,0,2
2026-05-16T00:00,11.0,10.9,0.0,0.0,8.59,8.22,0,0
2026-05-16T01:00,10.8,10.8,0.0,0.0,8.4,8.26,0,0
2026-05-16T02:00,10.8,10.8,0.0,0.0,8.55,8.25,0,0
2026-05-16T03:00,10.8,10.8,2.0,2.0,8.21,8.24,0,0
2026-05-16T04:00,11.7,11.9,75.0,75.0,7.77,8.47,2,0
2026-05-16T05:00,13.6,13.7,230.0,231.0,7.65,8.43,1,5
2026-05-16T06:00,15.6,15.8,412.0,410.0,5.75,6.03,9,10
2026-05-16T07:00,17.5,17.6,583.0,581.0,6.4,6.38,17,10
2026-05-16T08:00,18.8,18.9,728.0,726.0,7.36,7.14,17,14
2026-05-16T09:00,19.7,19.9,836.0,835.0,7.78,7.42,8,2
2026-05-16T10:00,20.4,20.4,893.0,894.0,8.16,8.25,7,4
2026-05-16T11:00,20.4,20.5,896.0,897.0,8.91,9.01,6,0
2026-05-16T12:00,19.9,20.3,840.0,847.0,8.86,9.35,14,0
2026-05-16T13:00,19.4,19.9,736.0,745.0,9.15,9.5,100,0
2026-05-16T14:00,18.5,18.9,571.0,599.0,9.43,9.82,100,100
2026-05-16T15:00,17.3,17.6,389.0,399.0,9.65,10.0,100,100
2026-05-16T16:00,16.0,16.2,214.0,209.0,8.95,9.29,100,100
2026-05-16T17:00,14.6,14.8,74.0,68.0,9.56,9.6,100,100
2026-05-16T18:00,13.6,13.6,4.0,4.0,10.28,10.39,86,100
2026-05-16T19:00,13.1,13.1,0.0,0.0,10.71,10.84,100,27
2026-05-16T20:00,12.9,12.6,0.0,0.0,11.39,10.99,100,95
2026-05-16T21:00,12.7,12.3,0.0,0.0,11.26,10.84,29,63
2026-05-16T22:00,12.5,12.1,0.0,0.0,10.96,10.1,52,99
2026-05-16T23:00,12.6,12.0,0.0,0.0,10.62,9.87,94,100
2026-05-17T00:00,12.4,12.5,0.0,0.0,10.14,9.37,100,99
2026-05-17T01:00,12.5,12.3,0.0,0.0,10.26,9.46,100,100
2026-05-17T02:00,12.7,12.2,0.0,0.0,10.77,10.07,100,100
2026-05-17T03:00,12.8,12.1,2.0,2.0,10.86,10.54,100,100
2026-05-17T04:00,13.2,12.4,28.0,39.0,9.97,10.78,100,100
2026-05-17T05:00,13.7,13.1,85.0,100.0,9.71,9.27,100,100
2026-05-17T06:00,13.7,13.2,117.0,79.0,8.84,8.34,100,100
2026-05-17T07:00,13.7,13.2,134.0,94.0,9.3,8.24,100,100
2026-05-17T08:00,13.9,13.2,164.0,105.0,9.79,8.11,100,100
2026-05-17T09:00,13.9,13.3,171.0,123.0,9.82,6.97,100,100
2026-05-17T10:00,14.1,13.4,171.0,110.0,10.38,3.33,100,100
2026-05-17T11:00,13.8,13.3,121.0,83.0,9.92,3.69,100,100
2026-05-17T12:00,14.1,13.6,113.0,73.0,5.54,5.3,100,100
2026-05-17T13:00,13.9,13.4,129.0,81.0,5.02,6.96,100,100
2026-05-17T14:00,13.5,13.1,98.0,57.0,3.76,8.28,100,100
2026-05-17T15:00,13.3,13.0,72.0,46.0,3.34,8.62,100,100
2026-05-17T16:00,13.1,12.8,46.0,33.0,4.57,8.17,100,100
2026-05-17T17:00,12.8,12.5,28.0,8.0,6.2,9.78,98,100
2026-05-17T18:00,13.0,13.4,1.0,1.0,6.9,9.7,82,100
2026-05-17T19:00,12.8,13.3,0.0,0.0,8.35,8.24,82,100
2026-05-17T20:00,12.4,13.0,0.0,0.0,8.64,7.15,70,93
2026-05-17T21:00,12.1,12.6,0.0,0.0,9.33,7.01,23,68
2026-05-17T22:00,11.7,12.2,0.0,0.0,9.73,6.75,47,72
2026-05-17T23:00,11.4,11.8,0.0,0.0,9.75,6.92,62,59
2026-05-18T00:00,11.1,10.7,0.0,0.0,9.38,6.58,66,14
2026-05-18T01:00,10.9,10.0,0.0,0.0,9.55,6.2,78,30
2026-05-18T02:00,10.6,10.1,0.0,0.0,9.25,6.88,73,34
2026-05-18T03:00,10.4,10.1,3.0,3.0,10.23,7.97,69,40
2026-05-18T04:00,10.9,10.8,71.0,76.0,9.86,7.63,64,48
2026-05-18T05:00,12.4,12.2,221.0,208.0,8.96,7.33,46,71
2026-05-18T06:00,13.9,14.7,383.0,407.0,6.02,6.54,53,35
2026-05-18T07:00,16.0,16.6,562.0,581.0,6.96,6.7,46,35
2026-05-18T08:00,17.8,18.4,706.0,719.0,7.16,6.77,44,39
2026-05-18T09:00,19.2,19.8,804.0,808.0,7.36,6.86,40,43
2026-05-18T10:00,20.7,21.2,875.0,860.0,7.36,6.76,28,36
2026-05-18T11:00,21.8,22.2,893.0,867.0,7.16,6.69,20,58
2026-05-18T12:00,22.3,23.0,839.0,727.0,7.86,7.19,26,16
2026-05-18T13:00,22.6,23.3,742.0,729.0,7.55,7.05,2,13
2026-05-18T14:00,22.4,23.1,602.0,611.0,7.26,6.97,18,4
2026-05-18T15:00,22.0,22.5,431.0,437.0,7.28,6.94,11,27
2026-05-18T16:00,20.9,21.4,252.0,245.0,7.74,7.05,4,50
2026-05-18T17:00,19.3,19.6,90.0,82.0,8.43,7.97,19,43
2026-05-18T18:00,17.8,17.9,5.0,5.0,9.41,8.69,0,19
2026-05-18T19:00,16.8,17.2,0.0,0.0,9.02,9.23,0,37
2026-05-18T20:00,16.1,16.5,0.0,0.0,8.92,9.22,38,32
2026-05-18T21:00,15.5,15.9,0.0,0.0,9.13,9.41,7,31
2026-05-18T22:00,15.0,15.4,0.0,0.0,9.42,9.99,1,22
2026-05-18T23:00,14.4,14.8,0.0,0.0,9.32,10.1,11,9
2026-05-19T00:00,13.7,14.1,0.0,0.0,8.66,8.88,50,0
2026-05-19T01:00,13.3,13.5,0.0,0.0,8.63,8.68,47,4
2026-05-19T02:00,12.8,13.0,0.0,0.0,8.76,9.09,44,0
2026-05-19T03:00,12.3,12.5,3.0,4.0,8.54,9.2,36,0
2026-05-19T04:00,12.7,12.8,77.0,79.0,8.09,9.21,35,0
2026-05-19T05:00,13.8,14.1,223.0,234.0,5.28,7.33,49,0
2026-05-19T06:00,15.4,15.8,398.0,412.0,3.79,4.47,28,0
2026-05-19T07:00,17.3,17.5,573.0,583.0,3.72,4.06,27,0
2026-05-19T08:00,19.3,19.6,722.0,728.0,3.57,2.98,33,8
2026-05-19T09:00,21.0,21.3,809.0,833.0,3.37,2.42,55,0
2026-05-19T10:00,22.2,22.7,783.0,851.0,3.0,0.84,42,55
2026-05-19T11:00,23.3,23.2,843.0,725.0,2.7,0.4,34,74
2026-05-19T12:00,22.6,23.0,676.0,672.0,2.23,1.23,77,69
2026-05-19T13:00,22.9,23.0,612.0,571.0,1.62,0.14,74,71
2026-05-19T14:00,22.5,20.1,461.0,359.0,2.55,3.51,100,100
2026-05-19T15:00,21.4,20.0,232.0,257.0,2.06,1.2,100,100
2026-05-19T16:00,20.7,19.8,168.0,141.0,1.27,0.6,100,100
2026-05-19T17:00,19.7,19.1,80.0,62.0,3.47,1.58,100,100
2026-05-19T18:00,18.8,18.8,4.0,4.0,7.16,4.92,100,100
2026-05-19T19:00,18.2,17.7,0.0,0.0,7.58,5.21,100,100
2026-05-19T20:00,17.7,17.0,0.0,0.0,8.18,5.56,57,100
2026-05-19T21:00,17.0,16.6,0.0,0.0,8.0,6.05,92,99
2026-05-19T22:00,16.8,16.4,0.0,0.0,7.84,6.4,88,86
2026-05-19T23:00,16.4,16.1,0.0,0.0,7.46,6.51,8,100
2026-05-20T00:00,15.2,15.7,0.0,0.0,7.06,6.38,100,100
2026-05-20T01:00,15.0,15.1,0.0,0.0,7.72,7.36,100,100
2026-05-20T02:00,14.7,14.6,0.0,0.0,8.29,7.31,100,100
2026-05-20T03:00,14.3,14.4,4.0,4.0,8.18,8.07,100,100
2026-05-20T04:00,14.3,14.9,77.0,66.0,9.08,7.68,76,66
2026-05-20T05:00,15.4,16.2,193.0,195.0,7.9,6.32,71,78
2026-05-20T06:00,16.8,17.2,268.0,393.0,7.55,8.5,100,86
2026-05-20T07:00,18.0,18.7,403.0,530.0,7.47,10.42,88,100
2026-05-20T08:00,19.4,19.3,495.0,452.0,7.92,9.43,76,97
2026-05-20T09:00,20.8,18.9,608.0,368.0,8.75,9.92,79,98
2026-05-20T10:00,22.1,17.7,667.0,256.0,9.3,9.56,83,100
2026-05-20T11:00,23.0,17.4,666.0,277.0,8.92,9.58,78,100
2026-05-20T12:00,23.0,22.9,688.0,665.0,8.63,8.92,72,95
2026-05-20T13:00,22.8,22.9,618.0,632.0,8.65,8.36,88,99
2026-05-20T14:00,22.2,22.6,462.0,495.0,8.56,7.85,100,97
2026-05-20T15:00,21.2,21.7,263.0,306.0,7.78,6.96,100,100
2026-05-20T16:00,21.0,20.9,184.0,166.0,7.8,6.28,100,86
2026-05-20T17:00,19.8,19.3,80.0,55.0,7.37,7.66,94,94
2026-05-20T18:00,18.2,18.2,5.0,4.0,9.08,7.02,100,93
2026-05-20T19:00,17.4,17.6,0.0,0.0,9.11,6.89,92,100
2026-05-20T20:00,16.8,16.5,0.0,0.0,8.37,8.97,100,100
2026-05-20T21:00,16.6,16.3,0.0,0.0,6.77,8.75,100,100
2026-05-20T22:00,16.3,15.7,0.0,0.0,7.74,8.68,100,100
2026-05-20T23:00,15.9,15.6,0.0,0.0,9.11,9.64,100,100
2026-05-21T00:00,15.9,15.5,0.0,0.0,8.51,10.35,100,54
2026-05-21T01:00,15.8,15.2,0.0,0.0,8.35,9.99,99,100
2026-05-21T02:00,15.6,14.9,0.0,0.0,8.84,9.73,93,64
2026-05-21T03:00,15.6,14.9,2.0,4.0,8.89,9.75,98,89
2026-05-21T04:00,15.9,15.7,44.0,59.0,8.3,10.13,96,100
2026-05-21T05:00,16.8,16.5,139.0,126.0,10.23,9.84,100,100
2026-05-21T06:00,17.4,15.9,211.0,41.0,9.34,9.48,99,100
2026-05-21T07:00,17.9,16.1,303.0,40.0,9.73,9.86,100,100
2026-05-21T08:00,18.4,17.2,251.0,104.0,8.24,8.99,100,100
2026-05-21T09:00,19.5,17.9,417.0,158.0,9.25,8.31,100,100
2026-05-21T10:00,19.5,18.0,480.0,220.0,9.33,9.48,95,100
2026-05-21T11:00,19.7,18.3,492.0,185.0,8.75,8.82,100,100
2026-05-21T12:00,18.1,19.3,232.0,305.0,7.58,7.82,100,100
2026-05-21T13:00,18.5,18.7,218.0,231.0,7.8,8.49,100,100
2026-05-21T14:00,19.0,18.6,255.0,190.0,8.08,8.91,100,100
2026-05-21T15:00,18.6,18.4,152.0,192.0,8.56,8.86,100,100
2026-05-21T16:00,18.2,18.1,70.0,112.0,7.81,8.86,100,100
2026-05-21T17:00,17.8,17.6,36.0,26.0,7.3,8.22,100,100
2026-05-21T18:00,17.5,17.6,2.0,2.0,7.23,7.47,100,100
2026-05-21T19:00,17.2,17.3,0.0,0.0,6.18,7.22,100,100
2026-05-21T20:00,16.7,17.1,0.0,0.0,5.11,7.01,100,100
2026-05-21T21:00,16.4,16.8,0.0,0.0,4.23,5.92,100,100
2026-05-21T22:00,16.3,16.7,0.0,0.0,3.95,5.13,100,100
2026-05-21T23:00,16.4,16.5,0.0,0.0,4.54,4.16,100,100
2026-05-22T00:00,16.1,15.9,0.0,0.0,4.8,3.75,94,97
2026-05-22T01:00,15.9,15.7,0.0,0.0,5.3,4.29,85,95
2026-05-22T02:00,15.8,15.6,0.0,0.0,5.49,5.06,88,66
2026-05-22T03:00,15.8,15.6,2.0,3.0,5.65,5.39,92,82
2026-05-22T04:00,16.2,16.3,42.0,63.0,5.61,4.17,96,100
2026-05-22T05:00,16.9,17.5,83.0,165.0,5.8,4.74,95,82
2026-05-22T06:00,18.6,18.2,290.0,227.0,5.41,5.72,90,81
2026-05-22T07:00,19.2,18.7,427.0,333.0,5.76,5.88,84,81
2026-05-22T08:00,19.9,19.4,504.0,435.0,4.22,5.02,80,87
2026-05-22T09:00,21.1,20.3,662.0,491.0,3.59,5.35,79,89
2026-05-22T10:00,21.6,20.9,636.0,550.0,4.09,5.69,89,84
2026-05-22T11:00,21.8,21.5,523.0,627.0,3.9,5.23,86,99
2026-05-22T12:00,21.7,19.9,554.0,349.0,4.02,4.89,99,100
2026-05-22T13:00,20.8,20.2,458.0,346.0,4.85,4.37,100,100
2026-05-22T14:00,20.3,20.6,260.0,311.0,3.18,4.37,100,100
2026-05-22T15:00,20.1,20.5,224.0,278.0,3.68,4.61,100,100
2026-05-22T16:00,19.6,19.8,144.0,159.0,4.37,3.84,100,100
2026-05-22T17:00,19.0,19.0,62.0,66.0,3.98,2.83,100,90
2026-05-22T18:00,17.9,18.4,5.0,5.0,2.85,2.2,100,100
2026-05-22T19:00,17.0,17.5,0.0,0.0,2.91,2.29,100,77
2026-05-22T20:00,16.5,16.6,0.0,0.0,3.29,2.45,100,53
2026-05-22T21:00,16.3,15.8,0.0,0.0,2.98,2.45,95,62
2026-05-22T22:00,16.1,15.5,0.0,0.0,2.77,1.77,78,69
2026-05-22T23:00,15.9,15.4,0.0,0.0,2.81,1.97,64,77
2026-05-23T00:00,14.9,15.7,0.0,0.0,3.83,3.54,40,100
2026-05-23T01:00,14.8,15.3,0.0,0.0,4.32,4.06,64,100
2026-05-23T02:00,15.2,15.6,0.0,0.0,5.5,5.06,71,85
2026-05-23T03:00,16.0,16.0,4.0,4.0,6.37,6.15,76,72
2026-05-23T04:00,17.0,16.7,59.0,60.0,6.25,5.92,87,71
2026-05-23T05:00,18.3,18.2,163.0,163.0,5.81,6.07,100,89
2026-05-23T06:00,19.5,19.4,235.0,259.0,7.35,8.18,93,94
2026-05-23T07:00,20.2,20.5,387.0,363.0,6.94,6.6,70,87
2026-05-23T08:00,20.7,21.6,524.0,537.0,6.82,6.76,98,81
2026-05-23T09:00,22.2,22.8,688.0,560.0,5.1,7.29,99,72
2026-05-23T10:00,23.4,23.7,747.0,649.0,5.64,6.01,54,69
2026-05-23T11:00,24.1,25.4,845.0,702.0,6.62,7.42,47,79
2026-05-23T12:00,24.4,24.9,728.0,686.0,6.12,7.75,77,63
2026-05-23T13:00,24.8,25.3,669.0,639.0,6.27,7.89,43,70
2026-05-23T14:00,23.4,25.0,520.0,490.0,8.22,7.35,100,98
2026-05-23T15:00,21.8,24.5,221.0,343.0,5.5,7.24,100,100
2026-05-23T16:00,22.3,22.4,175.0,171.0,6.8,5.62,100,100
2026-05-23T17:00,21.6,20.3,77.0,55.0,8.26,7.6,100,100
2026-05-23T18:00,20.7,20.8,6.0,7.0,8.93,8.3,100,79
2026-05-23T19:00,20.0,19.4,0.0,0.0,9.95,7.96,100,98
2026-05-23T20:00,19.3,18.8,0.0,0.0,10.15,8.73,85,35
2026-05-23T21:00,18.7,18.2,0.0,0.0,9.68,8.56,100,87
2026-05-23T22:00,18.2,18.0,0.0,0.0,9.98,7.99,94,50
2026-05-23T23:00,17.4,18.0,0.0,0.0,10.02,7.91,100,100
2026-05-24T00:00,17.6,17.7,0.0,0.0,9.5,9.33,13,35
2026-05-24T01:00,17.0,17.1,0.0,0.0,10.49,10.19,40,100
2026-05-24T02:00,16.6,16.7,0.0,0.0,10.02,10.72,96,100
2026-05-24T03:00,16.4,16.4,4.0,2.0,8.29,6.48,100,100
2026-05-24T04:00,16.0,15.7,49.0,32.0,6.86,7.21,100,100
2026-05-24T05:00,15.9,16.1,87.0,110.0,5.04,6.32,100,100
2026-05-24T06:00,18.4,18.4,300.0,409.0,6.23,5.4,100,49
2026-05-24T07:00,20.6,20.3,519.0,564.0,5.88,6.25,100,15
2026-05-24T08:00,22.0,21.9,616.0,733.0,4.15,5.78,99,1
2026-05-24T09:00,23.4,23.2,777.0,836.0,6.36,6.41,37,36
2026-05-24T10:00,24.3,23.9,823.0,830.0,7.68,6.65,55,40
2026-05-24T11:00,24.9,24.1,844.0,823.0,7.57,6.37,49,60
2026-05-24T12:00,24.2,24.2,770.0,729.0,7.72,6.09,40,72
2026-05-24T13:00,24.1,24.0,703.0,596.0,8.03,7.01,46,74
2026-05-24T14:00,23.8,23.7,566.0,466.0,7.71,7.04,37,67
2026-05-24T15:00,23.4,23.1,404.0,345.0,7.7,7.38,54,65
2026-05-24T16:00,22.6,22.4,241.0,213.0,7.5,6.33,20,53
2026-05-24T17:00,21.2,21.3,99.0,89.0,7.9,7.47,65,54
2026-05-24T18:00,20.7,20.3,8.0,7.0,8.17,8.92,54,43
2026-05-24T19:00,19.3,19.3,0.0,0.0,7.6,8.83,38,49
2026-05-24T20:00,18.5,18.5,0.0,0.0,8.09,9.53,47,66
2026-05-24T21:00,18.0,18.2,0.0,0.0,8.28,8.69,31,70
2026-05-24T22:00,17.4,17.8,0.0,0.0,7.97,8.12,57,68
2026-05-24T23:00,17.0,17.3,0.0,0.0,7.45,7.92,58,78
2026-05-25T00:00,16.6,16.3,0.0,0.0,7.15,7.07,54,70
2026-05-25T01:00,16.0,15.7,0.0,0.0,6.79,7.39,41,62
2026-05-25T02:00,15.4,15.4,0.0,0.0,6.8,7.07,30,70
2026-05-25T03:00,15.0,15.1,6.0,5.0,7.28,7.06,34,60
2026-05-25T04:00,16.0,15.6,88.0,83.0,7.32,7.34,28,41
2026-05-25T05:00,17.4,17.0,242.0,230.0,6.51,6.94,33,50
2026-05-25T06:00,18.9,19.1,370.0,426.0,6.05,4.91,39,0
2026-05-25T07:00,21.1,21.2,595.0,605.0,3.61,3.96,0,0
2026-05-25T08:00,23.1,23.0,747.0,750.0,4.09,3.94,1,0
2026-05-25T09:00,24.5,24.2,825.0,715.0,5.44,5.68,44,69
2026-05-25T10:00,25.1,25.1,793.0,796.0,5.28,5.2,90,85
2026-05-25T11:00,25.4,25.4,724.0,790.0,5.47,4.56,100,59
2026-05-25T12:00,25.7,25.0,656.0,664.0,4.4,5.86,100,76
2026-05-25T13:00,25.5,25.4,506.0,669.0,4.65,4.71,100,17
2026-05-25T14:00,25.7,25.3,535.0,543.0,5.01,3.69,91,47
2026-05-25T15:00,25.1,25.2,360.0,402.0,5.14,3.45,81,59
2026-05-25T16:00,24.2,24.1,172.0,221.0,4.29,5.33,100,84
2026-05-25T17:00,23.1,22.7,71.0,95.0,4.73,5.48,100,93
2026-05-25T18:00,22.6,22.3,7.0,8.0,7.01,7.14,100,38
2026-05-25T19:00,22.0,20.9,0.0,0.0,7.81,6.52,66,77
2026-05-25T20:00,21.3,20.1,0.0,0.0,8.22,6.88,100,99
2026-05-25T21:00,20.3,20.1,0.0,0.0,6.49,7.32,62,80
2026-05-25T22:00,19.6,19.8,0.0,0.0,7.38,7.54,100,19
2026-05-25T23:00,19.5,19.0,0.0,0.0,8.3,6.95,95,31
2026-05-26T00:00,19.0,18.2,0.0,0.0,9.08,7.46,85,16
2026-05-26T01:00,18.3,18.4,0.0,0.0,8.42,8.63,98,71
2026-05-26T02:00,17.5,18.0,0.0,0.0,8.21,8.84,86,27
2026-05-26T03:00,16.6,17.5,6.0,6.0,8.25,8.63,11,0
2026-05-26T04:00,16.6,18.1,92.0,93.0,7.91,8.15,13,28
2026-05-26T05:00,17.7,18.9,249.0,251.0,6.97,7.37,38,10
2026-05-26T06:00,19.2,20.2,431.0,430.0,5.33,4.73,18,18
2026-05-26T07:00,20.7,22.0,602.0,602.0,5.14,3.81,17,6
2026-05-26T08:00,22.1,23.6,742.0,746.0,5.49,4.08,70,19
2026-05-26T09:00,23.4,24.8,846.0,850.0,5.95,4.97,7,0
2026-05-26T10:00,24.4,25.5,905.0,905.0,6.14,5.26,0,2
2026-05-26T11:00,25.1,26.1,905.0,908.0,6.25,5.39,17,14
2026-05-26T12:00,25.5,25.7,851.0,848.0,5.75,5.1,11,26
2026-05-26T13:00,25.6,26.0,750.0,743.0,5.94,5.34,7,23
2026-05-26T14:00,25.6,25.9,612.0,607.0,5.98,5.27,2,8
2026-05-26T15:00,25.4,25.6,445.0,445.0,5.19,4.78,0,0
2026-05-26T16:00,24.6,25.0,266.0,267.0,5.39,4.31,0,0
2026-05-26T17:00,23.0,23.7,103.0,105.0,6.89,5.4,0,0
2026-05-26T18:00,21.1,21.6,10.0,9.0,8.08,6.36,0,12
2026-05-26T19:00,20.3,20.5,0.0,0.0,8.7,7.39,0,0
2026-05-26T20:00,19.9,19.8,0.0,0.0,10.15,9.01,5,0
2026-05-26T21:00,20.0,19.9,0.0,0.0,10.3,10.34,22,24
2026-05-26T22:00,19.8,19.9,0.0,0.0,10.01,9.9,16,21
2026-05-26T23:00,19.5,19.5,0.0,0.0,9.4,9.18,46,32
2026-05-27T00:00,19.0,19.1,0.0,0.0,8.3,8.71,57,39
2026-05-27T01:00,18.4,18.4,0.0,0.0,6.05,6.55,60,52
2026-05-27T02:00,18.0,17.8,0.0,0.0,5.04,4.78,56,54
2026-05-27T03:00,17.5,17.5,6.0,5.0,5.68,4.62,57,58
2026-05-27T04:00,18.2,17.9,69.0,67.0,5.67,4.99,65,72
2026-05-27T05:00,20.1,19.6,188.0,152.0,5.4,5.39,64,69
2026-05-27T06:00,22.0,21.6,427.0,288.0,3.78,4.02,7,65
2026-05-27T07:00,23.8,23.4,589.0,495.0,2.37,2.29,33,39
2026-05-27T08:00,25.3,25.2,724.0,717.0,2.37,2.47,29,0
2026-05-27T09:00,26.5,26.7,831.0,846.0,2.5,2.24,2,0
2026-05-27T10:00,27.5,27.5,899.0,903.0,3.14,2.58,0,0
2026-05-27T11:00,28.0,28.0,904.0,908.0,3.73,3.33,0,0
2026-05-27T12:00,28.1,28.0,841.0,853.0,4.44,3.48,0,8
2026-05-27T13:00,28.2,28.0,757.0,761.0,4.87,3.92,0,0
2026-05-27T14:00,28.0,27.6,621.0,615.0,5.09,4.77,0,29
2026-05-27T15:00,27.4,27.2,455.0,442.0,5.3,5.36,0,0
2026-05-27T16:00,26.2,26.1,276.0,275.0,5.53,5.8,0,0
2026-05-27T17:00,24.3,24.3,110.0,109.0,5.47,6.09,0,0
2026-05-27T18:00,22.9,22.4,10.0,10.0,5.44,6.44,0,0
2026-05-27T19:00,21.7,21.3,0.0,0.0,5.66,6.67,0,0
2026-05-27T20:00,21.0,20.5,0.0,0.0,5.96,6.76,0,10
2026-05-27T21:00,20.6,20.1,0.0,0.0,6.85,6.75,75,0
2026-05-27T22:00,20.6,19.7,0.0,0.0,6.77,6.75,63,92
2026-05-27T23:00,20.6,19.4,0.0,0.0,7.64,7.16,75,100
2026-05-28T00:00,20.6,19.8,0.0,0.0,8.18,10.39,48,100
2026-05-28T01:00,19.6,18.7,0.0,0.0,6.61,8.99,3,100
2026-05-28T02:00,18.6,18.3,0.0,0.0,7.51,7.85,2,71
2026-05-28T03:00,18.1,17.7,7.0,7.0,8.46,9.3,24,54
2026-05-28T04:00,18.6,17.3,80.0,72.0,7.79,8.79,71,65
2026-05-28T05:00,19.3,17.8,210.0,189.0,6.01,8.25,69,81
2026-05-28T06:00,19.3,17.2,319.0,262.0,4.87,9.16,75,90
2026-05-28T07:00,20.3,16.2,424.0,216.0,5.86,4.86,86,100
2026-05-28T08:00,20.3,16.8,513.0,259.0,5.25,6.3,81,100
2026-05-28T09:00,21.8,17.5,613.0,251.0,6.11,7.1,95,97
2026-05-28T10:00,21.6,17.4,360.0,259.0,6.36,6.01,93,100
2026-05-28T11:00,21.9,18.1,432.0,287.0,5.65,1.82,73,85
2026-05-28T12:00,21.2,19.3,305.0,345.0,5.9,6.54,82,72
2026-05-28T13:00,22.2,19.2,482.0,361.0,4.47,3.33,75,96
2026-05-28T14:00,21.9,19.8,381.0,358.0,5.8,0.62,93,79
2026-05-28T15:00,21.2,20.3,202.0,349.0,5.0,2.66,97,78
2026-05-28T16:00,20.1,19.8,136.0,190.0,4.12,5.13,100,88
2026-05-28T17:00,19.0,18.6,75.0,72.0,2.52,6.48,100,56
2026-05-28T18:00,17.9,18.0,9.0,7.0,2.8,7.31,91,64
2026-05-28T19:00,17.2,16.9,0.0,0.0,4.98,9.42,76,65
2026-05-28T20:00,16.7,16.3,0.0,0.0,10.5,9.63,77,72
2026-05-28T21:00,16.3,15.9,0.0,0.0,9.33,8.15,75,74
2026-05-28T22:00,15.5,15.3,0.0,0.0,9.83,8.82,58,58
2026-05-28T23:00,15.3,14.9,0.0,0.0,9.01,7.9,71,64
2026-05-29T00:00,14.8,14.1,0.0,0.0,8.14,7.79,62,59
2026-05-29T01:00,13.9,13.8,0.0,0.0,7.0,8.4,81,52
2026-05-29T02:00,13.5,13.2,0.0,0.0,5.99,8.72,87,28
2026-05-29T03:00,13.3,12.6,6.0,7.0,6.59,8.98,87,4
2026-05-29T04:00,13.5,13.1,61.0,102.0,9.2,9.33,79,1
2026-05-29T05:00,14.4,14.5,152.0,267.0,8.77,9.36,54,0
2026-05-29T06:00,15.9,16.9,411.0,452.0,7.37,6.94,41,1
2026-05-29T07:00,17.2,18.3,586.0,628.0,7.32,7.58,49,3
2026-05-29T08:00,18.5,19.5,706.0,777.0,7.41,8.46,34,4
2026-05-29T09:00,18.7,20.4,683.0,855.0,8.17,9.42,0,23
2026-05-29T10:00,19.4,20.7,802.0,811.0,9.16,9.15,88,75
2026-05-29T11:00,20.2,21.4,734.0,748.0,7.97,8.04,29,23
2026-05-29T12:00,21.0,21.0,757.0,818.0,9.67,7.21,89,39
2026-05-29T13:00,21.1,20.9,718.0,668.0,7.12,7.8,37,72
2026-05-29T14:00,21.2,20.8,614.0,457.0,6.03,6.31,45,72
2026-05-29T15:00,20.6,20.3,392.0,348.0,6.44,5.75,79,50
2026-05-29T16:00,19.8,19.7,202.0,230.0,5.27,4.86,92,45
2026-05-29T17:00,18.5,18.4,52.0,95.0,4.8,3.38,99,60
2026-05-29T18:00,16.9,17.1,6.0,9.0,7.35,4.21,99,73
2026-05-29T19:00,16.2,15.9,0.0,0.0,8.6,6.76,99,86
2026-05-29T20:00,15.7,15.1,0.0,0.0,10.21,7.26,99,84
2026-05-29T21:00,14.5,14.4,0.0,0.0,6.2,5.65,100,75
2026-05-29T22:00,13.9,14.1,0.0,0.0,5.09,4.27,71,64
2026-05-29T23:00,13.3,13.3,0.0,0.0,6.18,4.87,66,71
2026-05-30T00:00,12.5,12.0,0.0,0.0,4.24,2.81,80,66
2026-05-30T01:00,11.8,11.7,0.0,0.0,3.6,5.7,76,63
2026-05-30T02:00,11.5,11.7,0.0,0.0,4.78,6.09,75,80
2026-05-30T03:00,11.5,11.5,5.0,7.0,5.23,5.25,76,44
2026-05-30T04:00,12.1,11.9,65.0,99.0,5.0,4.99,71,21
2026-05-30T05:00,14.1,13.5,198.0,264.0,6.3,4.4,73,6
2026-05-30T06:00,15.3,15.7,345.0,371.0,4.99,5.98,99,50
2026-05-30T07:00,16.1,17.5,338.0,539.0,5.66,7.27,85,73
2026-05-30T08:00,16.6,19.0,341.0,645.0,5.24,8.83,95,65
2026-05-30T09:00,16.8,20.0,365.0,649.0,5.59,9.03,98,74
2026-05-30T10:00,16.9,19.9,364.0,438.0,5.41,8.25,100,93
2026-05-30T11:00,17.2,20.3,354.0,421.0,3.79,7.27,78,80
2026-05-30T12:00,18.5,21.3,425.0,378.0,3.98,5.4,84,87
2026-05-30T13:00,18.8,21.2,498.0,301.0,0.79,3.21,99,89
2026-05-30T14:00,19.2,21.0,436.0,304.0,0.69,0.31,100,81
2026-05-30T15:00,19.5,20.5,368.0,222.0,1.0,3.64,68,90
2026-05-30T16:00,19.5,19.2,233.0,128.0,1.04,6.78,52,100
2026-05-30T17:00,18.7,18.0,99.0,54.0,1.48,7.25,47,100
2026-05-30T18:00,16.1,17.1,11.0,6.0,1.92,5.78,34,77
2026-05-30T19:00,15.2,16.4,0.0,0.0,2.59,5.2,13,99
2026-05-30T20:00,14.4,15.9,0.0,0.0,2.46,4.17,35,100
2026-05-30T21:00,13.8,16.0,0.0,0.0,2.36,3.7,28,91
2026-05-30T22:00,13.3,16.0,0.0,0.0,2.52,2.94,39,100
2026-05-30T23:00,12.9,15.2,0.0,0.0,3.0,3.77,77,100
2026-05-31T00:00,12.3,14.1,0.0,0.0,5.01,2.18,17,88
2026-05-31T01:00,12.1,14.2,0.0,0.0,5.68,3.96,4,82
2026-05-31T02:00,11.8,14.4,0.0,0.0,6.96,3.63,90,83
2026-05-31T03:00,11.7,14.0,8.0,5.0,7.58,0.63,50,77
2026-05-31T04:00,13.1,14.5,93.0,68.0,7.56,1.04,40,84
2026-05-31T05:00,15.2,16.8,234.0,189.0,5.89,0.66,77,89
2026-05-31T06:00,17.3,16.9,311.0,197.0,5.88,3.79,74,99
2026-05-31T07:00,18.9,17.7,459.0,278.0,4.43,3.14,89,96
2026-05-31T08:00,20.2,19.7,530.0,542.0,4.72,2.55,69,62
2026-05-31T09:00,21.4,21.1,608.0,688.0,4.0,3.0,77,100
2026-05-31T10:00,22.5,22.2,696.0,713.0,4.8,2.7,79,100
2026-05-31T11:00,22.7,23.4,624.0,731.0,6.28,3.15,99,52
2026-05-31T12:00,22.6,23.5,654.0,599.0,4.77,5.95,83,69
2026-05-31T13:00,22.0,23.4,481.0,580.0,4.79,5.8,92,69
2026-05-31T14:00,21.8,23.1,365.0,433.0,4.44,5.25,81,53
2026-05-31T15:00,21.5,22.9,314.0,362.0,3.45,4.91,91,62
2026-05-31T16:00,21.0,22.3,194.0,221.0,1.87,3.47,100,43
2026-05-31T17:00,19.1,21.0,75.0,103.0,2.31,3.63,74,14
2026-05-31T18:00,18.0,19.9,10.0,12.0,2.72,2.1,87,16
2026-05-31T19:00,17.0,18.8,0.0,0.0,2.63,1.63,92,100
2026-05-31T20:00,16.4,17.7,0.0,0.0,2.37,1.06,41,1
2026-05-31T21:00,15.9,16.9,0.0,0.0,2.24,1.08,54,61
2026-05-31T22:00,15.4,16.5,0.0,0.0,1.88,2.07,82,70
2026-05-31T23:00,15.3,16.3,0.0,0.0,1.62,3.14,64,32
2026-06-01T00:00,14.5,14.1,0.0,0.0,1.74,2.11,41,25
2026-06-01T01:00,14.2,13.9,0.0,0.0,1.04,1.23,69,73
2026-06-01T02:00,13.6,13.8,0.0,0.0,0.79,1.86,93,73
2026-06-01T03:00,13.5,13.7,8.0,8.0,0.79,2.16,95,62
2026-06-01T04:00,14.5,14.6,81.0,70.0,1.66,2.43,66,96
2026-06-01T05:00,17.4,17.0,227.0,166.0,2.77,2.45,70,100
2026-06-01T06:00,18.4,19.6,412.0,403.0,0.59,0.39,95,95
2026-06-01T07:00,19.7,20.8,537.0,491.0,0.93,0.78,100,99
2026-06-01T08:00,20.8,21.9,588.0,520.0,1.33,0.79,98,100
2026-06-01T09:00,21.5,22.8,542.0,562.0,1.36,0.53,88,99
2026-06-01T10:00,22.7,23.5,705.0,656.0,1.25,0.79,74,100
2026-06-01T11:00,22.5,24.7,643.0,742.0,0.79,0.66,89,84
2026-06-01T12:00,20.7,22.7,307.0,564.0,2.07,2.1,98,99
2026-06-01T13:00,19.5,21.0,263.0,389.0,3.43,3.81,98,100
2026-06-01T14:00,19.1,20.9,205.0,321.0,4.06,4.87,98,100
2026-06-01T15:00,18.6,20.7,190.0,243.0,5.31,5.06,100,100
2026-06-01T16:00,18.0,19.8,105.0,128.0,5.44,5.3,100,100
2026-06-01T17:00,17.4,18.8,35.0,53.0,5.66,5.83,100,100
2026-06-01T18:00,16.9,18.3,9.0,3.0,5.87,6.76,100,100
2026-06-01T19:00,16.4,17.8,0.0,0.0,6.53,7.74,100,99
2026-06-01T20:00,16.4,17.6,0.0,0.0,6.64,8.0,98,100
2026-06-01T21:00,16.3,17.4,0.0,0.0,6.89,7.54,96,100
2026-06-01T22:00,16.3,17.4,0.0,0.0,7.28,7.78,97,100
2026-06-01T23:00,16.2,17.2,0.0,0.0,6.79,7.57,97,100
2026-06-02T00:00,16.4,16.6,0.0,0.0,7.36,7.82,100,100
2026-06-02T01:00,16.3,16.5,0.0,0.0,8.37,8.91,100,100
2026-06-02T02:00,16.1,16.6,0.0,0.0,7.7,9.51,100,100
2026-06-02T03:00,16.0,16.8,2.0,2.0,8.19,8.84,100,100
2026-06-02T04:00,16.1,17.0,13.0,21.0,8.18,8.88,100,100
2026-06-02T05:00,16.1,17.3,21.0,67.0,8.63,8.46,100,99
2026-06-02T06:00,17.0,16.8,129.0,71.0,8.84,8.11,100,100
2026-06-02T07:00,17.2,17.0,188.0,110.0,8.52,7.63,100,100
2026-06-02T08:00,17.6,17.2,246.0,131.0,7.61,7.0,99,100
2026-06-02T09:00,17.6,17.7,244.0,149.0,8.62,8.54,100,100
2026-06-02T10:00,18.2,18.5,252.0,215.0,9.73,6.62,100,100
2026-06-02T11:00,18.3,19.0,297.0,237.0,9.11,7.11,100,100
2026-06-02T12:00,17.8,17.3,206.0,153.0,8.81,7.53,100,100
2026-06-02T13:00,17.8,17.3,215.0,157.0,8.41,7.18,100,100
2026-06-02T14:00,17.7,17.5,158.0,126.0,8.81,6.28,100,100
2026-06-02T15:00,17.8,17.6,126.0,67.0,7.28,5.85,100,100
2026-06-02T16:00,17.5,17.4,107.0,42.0,6.84,6.42,100,100
2026-06-02T17:00,17.3,17.4,49.0,40.0,6.66,5.79,100,100
2026-06-02T18:00,17.1,16.8,6.0,6.0,6.49,6.14,100,100
2026-06-02T19:00,16.7,16.6,0.0,0.0,6.7,7.24,100,100
2026-06-02T20:00,16.5,16.4,0.0,0.0,5.75,5.92,100,96
2026-06-02T21:00,16.3,16.1,0.0,0.0,5.33,4.99,65,80
2026-06-02T22:00,16.0,16.1,0.0,0.0,4.46,7.27,64,95
2026-06-02T23:00,15.7,15.9,0.0,0.0,4.32,4.63,63,81
2026-06-03T00:00,15.3,15.5,0.0,0.0,3.74,4.27,60,100
2026-06-03T01:00,15.0,15.3,0.0,0.0,3.34,4.17,96,96
2026-06-03T02:00,14.9,15.2,0.0,0.0,3.57,3.04,83,98
2026-06-03T03:00,15.1,15.4,6.0,5.0,4.19,3.59,82,98
2026-06-03T04:00,15.6,15.9,63.0,58.0,3.05,3.45,87,89
2026-06-03T05:00,16.8,17.3,180.0,170.0,1.39,2.42,93,93
2026-06-03T06:00,18.5,18.6,353.0,268.0,2.06,1.97,39,87
2026-06-03T07:00,20.3,20.5,553.0,451.0,1.59,1.48,68,41
2026-06-03T08:00,21.7,21.8,611.0,650.0,1.71,2.0,64,74
2026-06-03T09:00,22.8,23.1,658.0,696.0,2.12,2.27,67,58
2026-06-03T10:00,23.9,23.6,808.0,747.0,1.93,2.47,63,74
2026-06-03T11:00,24.1,23.7,772.0,582.0,2.26,2.17,73,86
2026-06-03T12:00,24.8,23.4,584.0,585.0,2.82,2.56,65,79
2026-06-03T13:00,24.1,22.8,559.0,500.0,2.59,4.39,90,68
2026-06-03T14:00,23.7,23.2,486.0,451.0,4.87,3.33,100,63
2026-06-03T15:00,23.0,22.7,385.0,399.0,4.44,4.95,90,71
2026-06-03T16:00,22.0,21.3,229.0,267.0,5.21,5.7,100,31
2026-06-03T17:00,20.4,19.8,78.0,112.0,6.27,5.92,100,99
2026-06-03T18:00,19.0,19.4,10.0,11.0,6.93,6.15,100,95
2026-06-03T19:00,17.9,18.4,0.0,0.0,7.09,6.53,66,93
2026-06-03T20:00,17.5,17.7,0.0,0.0,7.1,6.31,83,91
2026-06-03T21:00,17.6,17.5,0.0,0.0,7.35,6.7,92,93
2026-06-03T22:00,17.6,17.6,0.0,0.0,7.12,7.01,88,88
2026-06-03T23:00,17.6,17.7,0.0,0.0,7.14,7.01,89,90
2026-06-04T00:00,17.3,17.4,0.0,0.0,7.42,7.53,86,80
2026-06-04T01:00,17.2,17.2,0.0,0.0,6.35,7.31,86,70
2026-06-04T02:00,16.9,17.0,0.0,0.0,6.47,7.02,82,82
2026-06-04T03:00,16.9,17.1,6.0,7.0,6.44,6.93,82,69
2026-06-04T04:00,17.6,17.8,65.0,78.0,5.43,7.15,89,78
2026-06-04T05:00,18.8,18.9,173.0,211.0,6.22,5.79,90,91
2026-06-04T06:00,20.0,19.7,357.0,287.0,5.83,7.04,62,97
2026-06-04T07:00,20.7,20.6,451.0,467.0,5.7,7.06,75,100
2026-06-04T08:00,20.9,21.1,496.0,590.0,5.92,7.32,82,98
2026-06-04T09:00,21.0,21.8,544.0,749.0,6.23,7.78,83,58
2026-06-04T10:00,21.4,22.2,596.0,826.0,5.83,6.95,100,61
2026-06-04T11:00,21.9,22.4,626.0,755.0,5.94,5.48,87,83
2026-06-04T12:00,22.0,22.6,702.0,744.0,5.99,6.45,65,47
2026-06-04T13:00,22.0,22.5,673.0,703.0,6.15,6.35,65,88
2026-06-04T14:00,21.5,21.9,577.0,564.0,6.42,5.76,62,98
2026-06-04T15:00,20.7,21.3,428.0,411.0,6.15,6.21,55,100
2026-06-04T16:00,19.7,20.4,265.0,246.0,6.77,5.87,49,100
2026-06-04T17:00,18.5,19.3,111.0,96.0,6.38,4.8,89,100
2026-06-04T18:00,17.7,18.1,14.0,12.0,6.56,4.52,42,100
2026-06-04T19:00,16.9,17.4,0.0,0.0,6.33,5.11,44,99
2026-06-04T20:00,16.6,17.1,0.0,0.0,6.88,5.52,52,64
2026-06-04T21:00,16.4,16.8,0.0,0.0,7.07,4.73,52,55
2026-06-04T22:00,16.2,16.5,0.0,0.0,7.09,3.7,55,53
2026-06-04T23:00,16.2,16.2,0.0,0.0,6.19,3.26,70,60
2026-06-05T00:00,15.8,16.2,0.0,0.0,6.09,4.0,49,73
2026-06-05T01:00,15.4,16.1,0.0,0.0,4.91,3.74,51,69
2026-06-05T02:00,15.2,16.0,0.0,0.0,4.13,3.26,50,76
2026-06-05T03:00,15.2,16.1,8.0,6.0,4.6,3.29,50,72
2026-06-05T04:00,16.4,17.1,90.0,77.0,5.1,3.13,47,63
2026-06-05T05:00,18.0,18.4,230.0,204.0,3.73,2.85,43,86
2026-06-05T06:00,19.4,19.4,373.0,334.0,3.27,3.19,61,83
2026-06-05T07:00,21.0,20.8,528.0,487.0,2.73,3.19,77,82
2026-06-05T08:00,22.1,22.2,552.0,600.0,2.24,3.33,86,66
2026-06-05T09:00,23.1,23.1,581.0,614.0,1.8,2.5,80,86
2026-06-05T10:00,24.1,24.2,627.0,686.0,1.9,2.72,61,68
2026-06-05T11:00,24.9,24.9,668.0,771.0,2.16,3.55,71,52
2026-06-05T12:00,25.8,24.8,680.0,719.0,2.06,4.09,76,27
2026-06-05T13:00,24.7,24.9,628.0,740.0,3.16,4.52,57,11
2026-06-05T14:00,24.4,24.1,561.0,612.0,3.52,4.69,28,13
2026-06-05T15:00,23.7,23.1,443.0,451.0,4.0,5.0,17,4
2026-06-05T16:00,22.5,21.9,279.0,281.0,4.83,5.0,4,0
2026-06-05T17:00,20.7,20.4,119.0,119.0,5.24,5.0,0,0
2026-06-05T18:00,19.5,19.3,15.0,16.0,4.95,6.05,0,0
2026-06-05T19:00,18.3,18.4,0.0,0.0,4.64,6.1,0,0
2026-06-05T20:00,17.6,17.7,0.0,0.0,4.67,5.0,3,8
2026-06-05T21:00,17.0,17.1,0.0,0.0,4.29,4.91,5,19
2026-06-05T22:00,16.6,16.8,0.0,0.0,3.88,4.61,2,15
2026-06-05T23:00,16.1,16.4,0.0,0.0,3.23,4.08,13,14
2026-06-06T00:00,15.9,15.8,0.0,0.0,2.86,3.26,22,14
2026-06-06T01:00,15.8,15.3,0.0,0.0,2.46,2.82,53,32
2026-06-06T02:00,15.4,15.1,0.0,0.0,1.96,2.99,48,40
2026-06-06T03:00,15.2,15.2,9.0,9.0,1.97,3.82,45,40
2026-06-06T04:00,16.7,16.8,98.0,98.0,2.86,4.69,81,19
2026-06-06T05:00,19.3,18.8,251.0,250.0,4.3,4.74,41,24
2026-06-06T06:00,20.8,20.0,427.0,401.0,3.4,2.7,50,100
2026-06-06T07:00,22.4,21.7,590.0,566.0,3.68,3.72,80,100
2026-06-06T08:00,24.0,23.4,731.0,715.0,3.64,4.02,50,100
2026-06-06T09:00,25.5,24.8,835.0,812.0,3.51,3.94,57,86
2026-06-06T10:00,26.7,25.8,891.0,889.0,3.86,4.25,36,36
2026-06-06T11:00,27.4,26.4,891.0,898.0,4.12,4.38,53,43
2026-06-06T12:00,26.9,26.9,850.0,857.0,4.49,4.99,46,0
2026-06-06T13:00,26.6,26.6,735.0,760.0,4.54,5.2,83,0
2026-06-06T14:00,26.0,26.0,607.0,623.0,4.81,5.13,0,0
2026-06-06T15:00,25.1,25.1,447.0,459.0,4.51,4.65,100,0
2026-06-06T16:00,23.7,24.1,217.0,284.0,4.13,4.57,100,0
2026-06-06T17:00,22.2,22.6,95.0,121.0,4.47,5.1,100,88
2026-06-06T18:00,21.0,21.3,14.0,15.0,4.75,4.82,100,100
2026-06-06T19:00,19.9,20.0,0.0,0.0,4.83,5.24,100,89
2026-06-06T20:00,19.2,19.1,0.0,0.0,4.41,4.72,100,100
2026-06-06T21:00,18.5,18.8,0.0,0.0,1.97,5.92,100,100
2026-06-06T22:00,18.0,18.1,0.0,0.0,1.39,2.07,100,100
2026-06-06T23:00,17.7,17.8,0.0,0.0,2.91,2.37,92,100
2026-06-07T00:00,17.1,17.8,0.0,0.0,2.39,6.52,85,100
2026-06-07T01:00,16.9,17.6,0.0,0.0,3.9,5.76,100,100
2026-06-07T02:00,17.2,17.5,0.0,0.0,3.73,3.92,100,100
2026-06-07T03:00,17.4,17.4,5.0,6.0,3.06,3.34,100,100
2026-06-07T04:00,17.8,18.1,51.0,48.0,2.78,3.57,97,100
2026-06-07T05:00,18.6,18.5,109.0,89.0,2.16,0.69,95,96
2026-06-07T06:00,19.4,19.5,200.0,208.0,0.69,1.77,97,98
2026-06-07T07:00,21.0,20.9,290.0,300.0,1.31,2.59,100,100
2026-06-07T08:00,20.9,21.7,201.0,274.0,1.86,2.33,100,100
2026-06-07T09:00,21.0,21.6,268.0,404.0,3.34,3.69,100,100
2026-06-07T10:00,22.6,21.9,551.0,461.0,4.23,3.59,85,100
2026-06-07T11:00,23.6,23.5,675.0,627.0,4.04,2.72,100,100
2026-06-07T12:00,24.1,23.7,718.0,702.0,2.69,2.87,98,100
2026-06-07T13:00,24.1,23.3,626.0,467.0,2.82,2.6,100,100
2026-06-07T14:00,23.2,22.5,444.0,315.0,2.72,2.2,100,100
2026-06-07T15:00,22.6,21.9,294.0,178.0,2.64,2.1,100,100
2026-06-07T16:00,21.7,21.2,160.0,100.0,2.88,3.42,100,100
2026-06-07T17:00,21.3,20.8,87.0,60.0,2.63,2.55,100,100
2026-06-07T18:00,20.4,20.3,14.0,11.0,2.46,2.98,100,100
2026-06-07T19:00,19.5,19.6,0.0,0.0,2.34,2.65,30,54
2026-06-07T20:00,18.9,18.9,0.0,0.0,3.65,3.9,66,45
2026-06-07T21:00,18.5,18.5,0.0,0.0,4.46,4.35,41,61
2026-06-07T22:00,18.2,18.4,0.0,0.0,4.93,4.86,51,74
2026-06-07T23:00,17.9,18.3,0.0,0.0,5.07,4.59,48,59
2026-06-08T00:00,18.0,18.2,0.0,0.0,5.01,5.14,46,70
2026-06-08T01:00,17.6,18.0,0.0,0.0,4.11,4.52,40,63
2026-06-08T02:00,17.0,18.0,0.0,0.0,3.42,5.46,45,58
2026-06-08T03:00,16.7,17.6,9.0,9.0,2.82,3.95,57,70
2026-06-08T04:00,17.3,18.2,93.0,88.0,2.45,3.38,66,65
2026-06-08T05:00,19.2,19.3,241.0,230.0,2.29,2.5,64,60
2026-06-08T06:00,20.4,20.4,332.0,416.0,1.11,2.23,59,34
2026-06-08T07:00,21.8,21.8,550.0,585.0,0.88,2.64,53,53
2026-06-08T08:00,22.9,22.7,675.0,651.0,1.06,3.82,51,65
2026-06-08T09:00,23.4,23.4,701.0,688.0,1.32,4.74,74,88
2026-06-08T10:00,24.2,24.3,770.0,755.0,0.84,4.95,47,67
2026-06-08T11:00,25.2,25.1,851.0,811.0,0.84,4.87,56,85
2026-06-08T12:00,25.7,26.1,740.0,765.0,1.24,3.42,100,60
2026-06-08T13:00,25.7,26.0,608.0,663.0,1.97,3.53,100,57
2026-06-08T14:00,25.1,25.7,480.0,552.0,1.18,3.33,100,46
2026-06-08T15:00,23.8,25.4,345.0,422.0,2.36,3.28,100,92
2026-06-08T16:00,23.0,24.7,178.0,268.0,2.54,3.22,100,90
2026-06-08T17:00,22.3,23.2,76.0,113.0,3.38,3.48,100,97
2026-06-08T18:00,20.8,21.4,15.0,14.0,2.02,0.79,100,100
2026-06-08T19:00,20.0,20.3,0.0,0.0,3.21,0.29,39,100
2026-06-08T20:00,19.4,19.2,0.0,0.0,4.11,0.2,37,100
2026-06-08T21:00,18.8,18.5,0.0,0.0,4.35,0.69,16,84
2026-06-08T22:00,18.4,18.1,0.0,0.0,4.08,1.55,19,3
2026-06-08T23:00,18.1,17.7,0.0,0.0,3.43,2.37,18,15
2026-06-09T00:00,17.3,17.6,0.0,0.0,2.02,3.54,69,2
2026-06-09T01:00,17.3,17.4,0.0,0.0,1.67,3.29,77,4
2026-06-09T02:00,16.7,17.4,0.0,0.0,1.47,3.04,100,3
2026-06-09T03:00,16.2,17.5,7.0,10.0,1.1,2.64,100,1
2026-06-09T04:00,17.0,18.3,61.0,104.0,0.96,2.51,100,6
2026-06-09T05:00,17.9,20.4,160.0,259.0,0.75,2.29,92,26
2026-06-09T06:00,20.9,22.3,371.0,423.0,0.1,1.18,52,42
2026-06-09T07:00,23.0,23.8,584.0,541.0,0.9,0.92,93,73
2026-06-09T08:00,24.4,25.0,691.0,605.0,1.58,1.81,94,84
2026-06-09T09:00,25.4,25.0,758.0,687.0,1.33,1.66,100,100
2026-06-09T10:00,26.0,25.0,824.0,669.0,0.96,0.5,100,100
2026-06-09T11:00,26.3,25.6,779.0,667.0,0.22,1.36,100,100
2026-06-09T12:00,23.3,26.6,557.0,666.0,2.5,1.14,100,100
2026-06-09T13:00,24.9,26.3,740.0,601.0,3.38,3.17,92,81
2026-06-09T14:00,24.8,26.3,506.0,549.0,2.75,3.27,100,100
2026-06-09T15:00,24.7,26.0,333.0,424.0,1.8,2.54,100,100
2026-06-09T16:00,24.7,25.4,251.0,221.0,1.15,2.57,98,100
2026-06-09T17:00,23.6,24.1,105.0,98.0,1.46,3.38,100,100
2026-06-09T18:00,21.3,21.5,18.0,17.0,4.08,3.55,3,29
2026-06-09T19:00,19.6,20.1,0.0,0.0,4.28,4.19,1,0
2026-06-09T20:00,18.8,19.3,0.0,0.0,4.41,4.35,0,0
2026-06-09T21:00,18.4,18.7,0.0,0.0,3.57,3.83,0,0
2026-06-09T22:00,18.0,18.1,0.0,0.0,3.11,3.41,0,1
2026-06-09T23:00,17.8,17.9,0.0,0.0,3.26,3.07,0,0
2026-06-10T00:00,17.8,17.3,0.0,0.0,2.46,2.59,0,0
2026-06-10T01:00,17.3,17.0,0.0,0.0,1.79,2.02,0,0
2026-06-10T02:00,16.6,16.7,0.0,0.0,1.29,1.67,0,0
2026-06-10T03:00,15.8,16.5,10.0,10.0,0.31,1.08,0,0
2026-06-10T04:00,16.5,17.0,104.0,105.0,0.6,0.44,15,2
2026-06-10T05:00,19.7,20.2,250.0,262.0,1.33,0.88,40,2
2026-06-10T06:00,21.8,22.2,429.0,436.0,2.05,1.18,6,0
2026-06-10T07:00,23.6,23.8,603.0,603.0,1.89,1.53,6,0
2026-06-10T08:00,25.1,25.1,740.0,741.0,1.75,1.81,25,17
2026-06-10T09:00,26.4,26.0,829.0,808.0,1.98,1.5,38,46
2026-06-10T10:00,27.0,26.6,833.0,835.0,1.62,1.04,58,58
2026-06-10T11:00,27.6,27.2,817.0,838.0,1.98,1.04,37,41
2026-06-10T12:00,27.7,27.9,697.0,809.0,1.08,2.29,62,51
2026-06-10T13:00,27.7,27.6,644.0,674.0,2.17,3.42,55,48
2026-06-10T14:00,27.1,26.9,520.0,522.0,3.94,4.32,45,45
2026-06-10T15:00,26.5,26.4,417.0,396.0,4.52,4.44,57,38
2026-06-10T16:00,25.2,25.6,283.0,277.0,6.03,5.36,14,29
2026-06-10T17:00,23.5,24.0,128.0,126.0,5.96,5.89,36,23
2026-06-10T18:00,22.4,21.7,19.0,18.0,4.78,6.02,0,0
2026-06-10T19:00,20.7,20.2,0.0,0.0,4.34,5.44,1,7
2026-06-10T20:00,19.6,19.1,0.0,0.0,4.15,5.13,2,4
2026-06-10T21:00,19.2,18.5,0.0,0.0,4.21,5.22,0,0
2026-06-10T22:00,18.8,17.8,0.0,0.0,3.87,4.52,2,1
2026-06-10T23:00,17.9,17.2,0.0,0.0,3.25,5.01,0,0
2026-06-11T00:00,17.9,16.1,0.0,0.0,3.69,3.81,45,13
2026-06-11T01:00,17.2,15.8,0.0,0.0,3.44,4.09,55,2
2026-06-11T02:00,16.9,15.5,0.0,0.0,3.94,4.24,42,2
2026-06-11T03:00,16.7,15.4,10.0,11.0,4.23,3.73,23,2
2026-06-11T04:00,17.8,16.8,103.0,105.0,4.38,3.38,86,0
2026-06-11T05:00,20.1,19.6,258.0,264.0,4.73,3.51,86,0
2026-06-11T06:00,21.4,21.6,358.0,440.0,4.03,2.99,56,0
2026-06-11T07:00,23.3,23.4,537.0,608.0,2.94,3.61,55,0
2026-06-11T08:00,25.3,25.1,694.0,751.0,3.2,4.03,44,0
2026-06-11T09:00,26.9,26.2,820.0,854.0,3.9,4.3,31,10
2026-06-11T10:00,27.6,26.9,834.0,907.0,3.86,4.78,43,18
2026-06-11T11:00,27.6,27.0,742.0,834.0,4.82,4.79,57,25
2026-06-11T12:00,27.1,27.1,654.0,829.0,5.24,6.39,75,7
2026-06-11T13:00,26.7,27.0,586.0,750.0,6.18,6.39,58,4
2026-06-11T14:00,26.5,26.5,567.0,623.0,6.4,6.09,18,0
2026-06-11T15:00,26.0,25.7,459.0,470.0,6.61,5.92,8,2
2026-06-11T16:00,25.1,24.7,291.0,294.0,6.54,5.65,7,0
2026-06-11T17:00,23.9,23.3,128.0,130.0,6.97,6.32,20,0
2026-06-11T18:00,22.1,21.7,19.0,18.0,7.69,6.23,0,55
2026-06-11T19:00,20.9,20.6,0.0,0.0,7.14,6.63,48,100
2026-06-11T20:00,19.9,19.8,0.0,0.0,6.63,6.48,97,100
2026-06-11T21:00,19.1,19.1,0.0,0.0,6.81,6.94,100,54
2026-06-11T22:00,18.5,18.6,0.0,0.0,7.35,7.49,14,96
2026-06-11T23:00,18.0,18.1,0.0,0.0,7.15,7.67,4,37
2026-06-12T00:00,17.6,18.0,0.0,0.0,6.87,7.16,0,78
2026-06-12T01:00,17.2,17.7,0.0,0.0,7.06,5.92,18,54
2026-06-12T02:00,16.9,16.9,0.0,0.0,5.99,4.09,54,79
2026-06-12T03:00,16.9,17.6,10.0,8.0,4.88,5.49,18,85
2026-06-12T04:00,17.7,18.2,93.0,61.0,4.27,4.67,65,100
2026-06-12T05:00,19.3,19.1,225.0,137.0,3.53,1.87,48,100
2026-06-12T06:00,20.9,19.0,375.0,162.0,2.94,1.59,60,100
2026-06-12T07:00,22.5,19.5,535.0,249.0,3.11,2.18,63,100
2026-06-12T08:00,23.9,20.5,665.0,330.0,2.85,3.77,98,100
2026-06-12T09:00,25.0,20.6,704.0,321.0,3.15,4.22,86,100
2026-06-12T10:00,25.3,20.8,712.0,256.0,3.68,4.56,100,100
2026-06-12T11:00,24.3,19.4,589.0,168.0,4.71,5.9,100,100
2026-06-12T12:00,23.7,20.6,657.0,247.0,5.83,6.97,100,100
2026-06-12T13:00,21.6,19.4,324.0,126.0,6.21,8.77,100,100
2026-06-12T14:00,20.6,18.5,114.0,83.0,7.13,9.14,100,100
2026-06-12T15:00,20.0,17.3,100.0,95.0,7.58,7.45,100,100
2026-06-12T16:00,18.8,16.6,92.0,61.0,8.27,7.65,100,100
2026-06-12T17:00,17.3,16.0,26.0,23.0,8.39,7.54,100,100
2026-06-12T18:00,15.5,15.8,3.0,3.0,8.92,7.66,100,100
2026-06-12T19:00,15.2,15.4,0.0,0.0,7.56,7.21,100,99
2026-06-12T20:00,14.9,14.9,0.0,0.0,7.07,7.32,100,99
2026-06-12T21:00,14.5,14.4,0.0,0.0,6.75,7.18,99,100
2026-06-12T22:00,14.3,14.1,0.0,0.0,6.41,6.73,100,100
2026-06-12T23:00,14.0,13.8,0.0,0.0,7.07,6.76,100,100
2026-06-13T00:00,14.0,13.6,0.0,0.0,7.97,7.7,99,97
2026-06-13T01:00,13.9,13.4,0.0,0.0,7.51,7.04,91,93
2026-06-13T02:00,13.5,13.3,0.0,0.0,7.96,7.53,83,93
2026-06-13T03:00,13.0,13.3,6.0,3.0,8.25,7.13,100,96
2026-06-13T04:00,13.2,13.5,58.0,37.0,8.01,6.75,100,95
2026-06-13T05:00,14.2,13.9,160.0,93.0,7.62,6.36,100,100
2026-06-13T06:00,16.0,14.7,406.0,220.0,7.46,8.0,68,100
2026-06-13T07:00,17.7,15.4,599.0,294.0,8.4,8.64,76,100
2026-06-13T08:00,19.0,16.7,736.0,425.0,7.48,8.19,100,100
2026-06-13T09:00,20.3,17.6,830.0,471.0,6.88,7.86,43,100
2026-06-13T10:00,21.3,19.2,887.0,566.0,7.89,7.72,57,98
2026-06-13T11:00,22.0,20.5,839.0,723.0,7.93,7.58,68,91
2026-06-13T12:00,22.2,21.5,807.0,735.0,7.19,7.06,65,68
2026-06-13T13:00,22.5,22.2,671.0,683.0,6.72,7.02,17,66
2026-06-13T14:00,22.8,22.5,655.0,584.0,5.48,6.18,2,64
2026-06-13T15:00,22.5,22.5,493.0,434.0,4.78,5.18,1,56
2026-06-13T16:00,22.0,22.1,310.0,300.0,4.22,4.73,2,0
2026-06-13T17:00,20.9,20.8,139.0,141.0,4.7,4.67,3,1
2026-06-13T18:00,18.6,18.9,21.0,21.0,5.02,5.36,18,25
2026-06-13T19:00,17.8,17.5,0.0,0.0,3.69,5.55,5,26
2026-06-13T20:00,17.3,16.9,0.0,0.0,4.02,5.42,16,40
2026-06-13T21:00,16.6,16.9,0.0,0.0,5.09,4.5,37,49
2026-06-13T22:00,15.9,16.6,0.0,0.0,5.7,4.25,34,54
2026-06-13T23:00,15.6,16.5,0.0,0.0,6.18,3.57,56,58
2026-06-14T00:00,15.1,16.5,0.0,0.0,7.66,3.69,41,67
2026-06-14T01:00,15.3,16.1,0.0,0.0,8.07,4.22,55,74
2026-06-14T02:00,15.4,15.9,0.0,0.0,7.62,3.97,68,60
2026-06-14T03:00,15.2,15.5,9.0,9.0,6.8,3.35,50,69
2026-06-14T04:00,16.0,16.0,93.0,91.0,6.77,3.4,41,34
2026-06-14T05:00,17.5,17.9,240.0,253.0,6.67,3.72,40,50
2026-06-14T06:00,19.1,19.0,424.0,419.0,5.39,4.13,21,39
2026-06-14T07:00,20.6,20.6,598.0,593.0,4.93,4.61,34,30
2026-06-14T08:00,22.1,22.2,739.0,745.0,4.06,4.33,7,4
2026-06-14T09:00,23.4,23.6,853.0,857.0,4.4,3.73,16,6
2026-06-14T10:00,24.6,24.5,907.0,866.0,4.99,4.6,8,63
2026-06-14T11:00,25.1,25.1,842.0,762.0,5.94,5.49,58,48
2026-06-14T12:00,25.0,25.7,708.0,787.0,5.98,5.68,38,21
2026-06-14T13:00,25.7,26.1,726.0,728.0,5.88,5.39,25,18
2026-06-14T14:00,25.8,25.9,621.0,606.0,5.59,6.28,28,50
2026-06-14T15:00,25.4,25.5,454.0,433.0,6.39,5.89,57,30
2026-06-14T16:00,24.6,25.0,289.0,298.0,6.36,5.75,1,16
2026-06-14T17:00,23.2,23.5,136.0,137.0,7.71,6.45,0,20
2026-06-14T18:00,21.8,21.3,20.0,21.0,6.94,6.53,41,0
2026-06-14T19:00,20.5,20.0,0.0,0.0,6.28,6.52,9,70
2026-06-14T20:00,19.8,19.3,0.0,0.0,6.58,6.45,13,39
2026-06-14T21:00,19.3,18.8,0.0,0.0,6.84,6.62,71,66
2026-06-14T22:00,18.9,18.5,0.0,0.0,6.18,6.18,100,97
2026-06-14T23:00,18.8,18.2,0.0,0.0,5.23,6.23,100,95
2026-06-15T00:00,17.9,17.4,0.0,0.0,5.55,4.78,100,47
2026-06-15T01:00,17.9,17.6,0.0,0.0,5.49,4.65,77,70
2026-06-15T02:00,18.3,17.7,0.0,0.0,4.59,5.8,70,100
2026-06-15T03:00,18.9,18.2,5.0,3.0,4.73,5.06,100,100
2026-06-15T04:00,18.6,17.9,33.0,25.0,1.98,2.64,93,93
2026-06-15T05:00,19.2,19.2,113.0,110.0,2.37,2.26,61,65
2026-06-15T06:00,21.5,21.7,307.0,215.0,3.1,1.47,92,63
2026-06-15T07:00,21.9,22.9,297.0,422.0,3.2,1.52,89,80
2026-06-15T08:00,22.4,23.3,354.0,475.0,5.04,2.64,91,96
2026-06-15T09:00,22.1,22.9,322.0,276.0,4.06,2.02,85,93
2026-06-15T10:00,23.9,23.4,567.0,355.0,3.54,2.16,60,76
2026-06-15T11:00,24.9,24.5,789.0,520.0,4.99,1.97,80,65
2026-06-15T12:00,25.5,25.4,840.0,702.0,3.34,4.51,56,22
2026-06-15T13:00,25.2,24.0,649.0,610.0,4.16,5.09,79,99
2026-06-15T14:00,24.9,23.5,453.0,401.0,2.43,3.08,70,100
2026-06-15T15:00,23.3,23.0,344.0,334.0,2.43,2.42,84,82
2026-06-15T16:00,22.6,22.0,241.0,216.0,2.65,2.11,50,100
2026-06-15T17:00,21.9,21.1,124.0,86.0,3.33,1.1,41,34
2026-06-15T18:00,20.6,19.8,20.0,19.0,3.92,3.64,35,53
2026-06-15T19:00,19.7,19.1,0.0,0.0,4.23,4.22,91,50
2026-06-15T20:00,19.0,18.8,0.0,0.0,4.44,4.12,19,74
2026-06-15T21:00,18.5,18.6,0.0,0.0,4.16,3.55,69,100
2026-06-15T22:00,17.9,18.4,0.0,0.0,2.86,2.08,76,100
2026-06-15T23:00,17.7,18.4,0.0,0.0,1.12,2.63,100,100
2026-06-16T00:00,17.9,17.8,0.0,0.0,2.22,2.86,100,100
2026-06-16T01:00,17.7,17.8,0.0,0.0,3.19,3.08,100,100
2026-06-16T02:00,17.6,17.8,0.0,0.0,3.77,2.82,100,100
2026-06-16T03:00,17.7,17.7,5.0,3.0,4.74,2.55,100,100
2026-06-16T04:00,17.2,18.0,37.0,45.0,4.78,2.16,98,93
2026-06-16T05:00,18.4,19.0,184.0,181.0,3.24,2.5,58,85
2026-06-16T06:00,20.0,20.0,389.0,295.0,2.5,2.61,84,100
2026-06-16T07:00,21.6,20.3,559.0,367.0,2.59,2.91,100,100
2026-06-16T08:00,23.0,20.8,700.0,423.0,2.78,3.88,99,100
2026-06-16T09:00,24.1,21.5,814.0,500.0,2.51,3.37,22,100
2026-06-16T10:00,24.9,21.9,904.0,551.0,2.92,3.74,28,100
2026-06-16T11:00,25.4,22.6,916.0,602.0,3.42,2.77,20,91
2026-06-16T12:00,25.0,25.0,853.0,652.0,3.22,3.4,29,72
2026-06-16T13:00,25.0,25.3,725.0,609.0,3.5,2.81,15,46
2026-06-16T14:00,24.9,25.4,579.0,575.0,3.64,3.11,39,52
2026-06-16T15:00,24.6,25.2,455.0,441.0,3.35,3.37,4,15
2026-06-16T16:00,23.8,24.5,309.0,311.0,3.31,3.01,0,0
2026-06-16T17:00,22.3,23.0,142.0,143.0,2.85,3.23,0,0
2026-06-16T18:00,20.3,21.7,23.0,23.0,3.34,3.0,0,0
2026-06-16T19:00,19.3,20.7,0.0,0.0,3.63,2.64,0,0
2026-06-16T20:00,18.9,19.8,0.0,0.0,3.76,3.11,0,7
2026-06-16T21:00,18.3,19.2,0.0,0.0,3.89,3.59,0,2
2026-06-16T22:00,17.3,18.6,0.0,0.0,3.54,3.9,0,0
2026-06-16T23:00,16.6,18.3,0.0,0.0,3.15,3.76,0,0
2026-06-17T00:00,15.6,17.2,0.0,0.0,3.5,3.15,0,0
2026-06-17T01:00,15.1,17.2,0.0,0.0,3.65,3.61,0,0
2026-06-17T02:00,14.9,17.1,0.0,0.0,3.72,3.23,0,2
2026-06-17T03:00,14.8,16.8,11.0,11.0,3.61,2.75,2,4
2026-06-17T04:00,16.6,17.9,107.0,108.0,3.63,2.48,0,3
2026-06-17T05:00,19.6,20.5,269.0,267.0,3.33,2.36,0,0
2026-06-17T06:00,21.7,22.5,445.0,445.0,2.86,2.31,20,4
2026-06-17T07:00,23.4,24.2,616.0,613.0,2.5,2.04,7,4
2026-06-17T08:00,24.8,25.5,761.0,758.0,2.53,2.55,38,11
2026-06-17T09:00,25.7,26.3,855.0,818.0,2.76,3.04,54,48
2026-06-17T10:00,26.4,26.6,914.0,762.0,3.11,3.5,14,59
2026-06-17T11:00,26.7,26.9,908.0,712.0,3.02,3.6,60,73
2026-06-17T12:00,26.5,27.1,746.0,748.0,2.64,2.67,69,74
2026-06-17T13:00,26.5,26.8,633.0,584.0,2.33,3.38,56,67
2026-06-17T14:00,25.9,26.4,492.0,502.0,2.84,3.34,99,54
2026-06-17T15:00,24.9,25.8,367.0,394.0,4.34,4.53,91,99
2026-06-17T16:00,23.2,24.2,280.0,228.0,6.48,5.28,58,100
2026-06-17T17:00,21.5,22.3,135.0,87.0,7.08,7.32,69,100
2026-06-17T18:00,20.9,21.0,23.0,21.0,8.13,8.29,99,57
2026-06-17T19:00,19.5,19.5,0.0,0.0,8.41,8.07,78,17
2026-06-17T20:00,18.5,18.3,0.0,0.0,8.15,8.49,36,43
2026-06-17T21:00,17.6,17.1,0.0,0.0,7.69,8.07,30,29
2026-06-17T22:00,16.9,16.4,0.0,0.0,7.1,7.91,22,53
2026-06-17T23:00,16.4,16.3,0.0,0.0,6.05,6.84,43,49
2026-06-18T00:00,16.6,16.4,0.0,0.0,4.38,4.48,56,49
2026-06-18T01:00,16.5,16.3,0.0,0.0,3.79,4.21,62,73
2026-06-18T02:00,16.6,16.6,0.0,0.0,4.15,4.74,68,62
2026-06-18T03:00,17.0,16.6,7.0,8.0,5.27,4.9,100,99
2026-06-18T04:00,17.4,17.5,52.0,59.0,6.56,5.53,100,100
2026-06-18T05:00,18.5,18.0,177.0,94.0,6.63,6.75,70,100
2026-06-18T06:00,20.0,19.2,341.0,205.0,5.41,7.21,31,97
2026-06-18T07:00,21.7,20.1,592.0,387.0,5.16,5.7,50,72
2026-06-18T08:00,22.8,21.3,656.0,532.0,5.0,4.81,59,76
2026-06-18T09:00,23.9,22.4,704.0,632.0,5.0,3.59,70,57
2026-06-18T10:00,24.8,22.7,805.0,708.0,4.17,3.94,72,68
2026-06-18T11:00,24.9,23.4,679.0,705.0,4.19,3.33,82,78
2026-06-18T12:00,25.6,24.4,628.0,612.0,3.95,2.32,66,78
2026-06-18T13:00,25.7,23.9,584.0,500.0,4.81,2.58,72,74
2026-06-18T14:00,25.7,23.5,496.0,424.0,4.53,1.74,76,69
2026-06-18T15:00,25.2,22.5,383.0,329.0,4.47,2.43,62,53
2026-06-18T16:00,24.2,22.5,271.0,263.0,2.91,1.77,42,43
2026-06-18T17:00,22.2,21.6,131.0,125.0,5.35,2.63,37,35
2026-06-18T18:00,20.7,20.0,20.0,23.0,5.41,3.33,22,67
2026-06-18T19:00,19.1,19.0,0.0,0.0,5.25,2.85,24,100
2026-06-18T20:00,18.3,18.3,0.0,0.0,3.51,1.96,33,40
2026-06-18T21:00,17.8,17.6,0.0,0.0,1.97,2.16,15,27
2026-06-18T22:00,17.1,17.1,0.0,0.0,2.12,3.04,2,35
2026-06-18T23:00,16.5,16.7,0.0,0.0,2.94,4.39,0,2
2026-06-19T00:00,15.3,16.7,0.0,0.0,5.56,5.59,0,21
2026-06-19T01:00,15.3,15.8,0.0,0.0,6.4,6.91,0,46
2026-06-19T02:00,15.1,15.3,0.0,0.0,6.47,6.97,0,0
2026-06-19T03:00,14.9,14.7,11.0,11.0,6.49,6.94,0,0
2026-06-19T04:00,16.2,16.1,109.0,110.0,6.54,6.68,0,0
2026-06-19T05:00,19.2,18.8,271.0,270.0,5.96,5.94,0,1
2026-06-19T06:00,21.1,21.0,448.0,450.0,3.34,3.26,0,0
2026-06-19T07:00,22.8,22.7,619.0,621.0,3.58,3.64,0,0
2026-06-19T08:00,24.1,23.9,734.0,730.0,4.59,4.51,28,44
2026-06-19T09:00,24.9,24.8,763.0,782.0,5.13,4.67,58,33
2026-06-19T10:00,25.4,25.3,770.0,810.0,5.08,4.74,56,70
2026-06-19T11:00,26.0,25.8,769.0,722.0,4.83,4.62,66,79
2026-06-19T12:00,26.0,26.1,679.0,742.0,4.5,4.82,69,51
2026-06-19T13:00,26.1,26.2,591.0,648.0,4.17,5.42,77,75
2026-06-19T14:00,25.7,25.6,435.0,455.0,5.11,3.88,55,63
2026-06-19T15:00,24.9,24.5,378.0,350.0,4.17,4.96,61,74
2026-06-19T16:00,23.2,23.2,255.0,254.0,5.04,4.71,42,98
2026-06-19T17:00,21.8,22.0,131.0,119.0,4.57,4.52,4,96
2026-06-19T18:00,20.7,20.5,22.0,22.0,3.86,4.73,14,9
2026-06-19T19:00,19.6,19.3,0.0,0.0,3.23,3.73,13,8
2026-06-19T20:00,19.1,18.7,0.0,0.0,2.36,3.47,0,18
2026-06-19T21:00,18.6,18.2,0.0,0.0,1.9,3.67,1,12
2026-06-19T22:00,18.2,18.1,0.0,0.0,2.5,3.24,6,16
2026-06-19T23:00,18.1,17.7,0.0,0.0,2.95,3.53,19,23
2026-06-20T00:00,17.4,17.3,0.0,0.0,4.52,3.55,9,16
2026-06-20T01:00,16.9,16.7,0.0,0.0,5.71,4.16,0,3
2026-06-20T02:00,16.5,16.2,0.0,0.0,6.06,4.78,0,22
2026-06-20T03:00,16.6,15.9,10.0,10.0,5.47,5.03,0,13
2026-06-20T04:00,17.7,17.1,104.0,103.0,4.9,4.75,0,13
2026-06-20T05:00,20.1,20.0,261.0,261.0,4.5,4.47,0,0
2026-06-20T06:00,22.4,22.6,436.0,438.0,3.4,3.24,0,0
2026-06-20T07:00,24.6,24.7,605.0,607.0,1.88,1.8,0,0
2026-06-20T08:00,26.3,26.4,748.0,751.0,1.5,1.76,0,0
2026-06-20T09:00,27.4,27.3,689.0,725.0,2.57,2.71,91,91
2026-06-20T10:00,27.7,27.6,570.0,616.0,3.82,3.68,59,67
2026-06-20T11:00,28.5,28.3,711.0,732.0,2.55,2.48,67,60
2026-06-20T12:00,28.7,28.3,643.0,660.0,2.75,3.16,82,66
2026-06-20T13:00,28.1,28.6,501.0,635.0,2.55,1.19,60,77
2026-06-20T14:00,28.1,28.4,602.0,462.0,3.89,1.39,27,74
2026-06-20T15:00,27.2,28.2,401.0,405.0,4.88,0.83,53,64
2026-06-20T16:00,26.6,27.2,257.0,229.0,4.59,1.81,33,57
2026-06-20T17:00,25.2,25.5,135.0,120.0,5.33,6.06,26,34
2026-06-20T18:00,23.5,23.8,22.0,22.0,5.1,6.23,35,47
2026-06-20T19:00,22.1,22.4,0.0,0.0,5.11,5.68,36,39
2026-06-20T20:00,21.3,21.5,0.0,0.0,5.26,5.55,29,38
2026-06-20T21:00,21.3,21.2,0.0,0.0,4.62,4.88,48,47
2026-06-20T22:00,20.9,20.9,0.0,0.0,4.59,4.43,46,39
2026-06-20T23:00,20.6,20.5,0.0,0.0,4.86,4.51,61,15
2026-06-21T00:00,20.8,20.4,0.0,0.0,3.92,5.55,83,33
2026-06-21T01:00,20.4,20.0,0.0,0.0,4.93,5.89,45,52
2026-06-21T02:00,19.7,19.8,0.0,0.0,5.43,6.0,28,67
2026-06-21T03:00,19.4,19.8,9.0,8.0,5.47,6.83,54,51
2026-06-21T04:00,20.1,21.1,82.0,89.0,4.54,7.16,67,47
2026-06-21T05:00,22.0,22.9,233.0,242.0,5.02,6.48,25,50
2026-06-21T06:00,24.0,23.7,375.0,337.0,4.43,3.47,26,42
2026-06-21T07:00,25.9,25.6,569.0,501.0,4.04,2.42,27,40
2026-06-21T08:00,27.3,27.4,692.0,691.0,4.29,2.71,49,45
2026-06-21T09:00,28.3,28.5,738.0,790.0,4.51,3.22,64,29
2026-06-21T10:00,28.7,29.3,672.0,839.0,4.64,3.35,75,55
2026-06-21T11:00,29.5,29.6,681.0,760.0,4.21,3.43,61,49
2026-06-21T12:00,29.8,29.3,710.0,649.0,3.82,4.21,66,61
2026-06-21T13:00,29.5,29.5,563.0,623.0,3.04,4.34,75,47
2026-06-21T14:00,28.8,29.2,480.0,556.0,3.78,4.19,65,58
2026-06-21T15:00,27.5,28.3,358.0,346.0,5.25,5.27,50,58
2026-06-21T16:00,26.2,26.7,273.0,243.0,5.82,6.08,23,41
2026-06-21T17:00,24.4,24.3,136.0,131.0,5.88,5.77,15,33
2026-06-21T18:00,23.1,22.3,23.0,23.0,5.8,6.48,25,2
2026-06-21T19:00,21.5,20.8,0.0,0.0,5.02,5.59,36,1
2026-06-21T20:00,20.7,20.1,0.0,0.0,3.65,3.92,32,0
2026-06-21T21:00,20.0,19.5,0.0,0.0,2.51,2.31,26,4
2026-06-21T22:00,19.5,18.7,0.0,0.0,1.61,1.39,9,13
2026-06-21T23:00,18.6,18.4,0.0,0.0,0.79,1.71,23,31
2026-06-22T00:00,17.9,17.9,0.0,0.0,1.77,2.46,45,54
2026-06-22T01:00,17.8,18.0,0.0,0.0,2.97,3.93,47,42
2026-06-22T02:00,17.8,17.8,0.0,0.0,3.64,4.99,54,32
2026-06-22T03:00,17.8,17.8,9.0,10.0,4.22,5.3,56,4
2026-06-22T04:00,19.1,19.0,83.0,103.0,4.16,5.21,59,7
2026-06-22T05:00,21.7,21.6,200.0,260.0,3.85,4.86,61,0
2026-06-22T06:00,24.3,24.3,428.0,431.0,3.31,3.33,21,10
2026-06-22T07:00,26.3,26.1,593.0,602.0,2.17,2.15,12,0
2026-06-22T08:00,27.9,27.9,745.0,747.0,1.28,1.77,30,0
2026-06-22T09:00,28.5,28.8,639.0,730.0,1.12,1.77,56,82
2026-06-22T10:00,28.9,28.9,602.0,536.0,1.19,2.76,74,62
2026-06-22T11:00,29.4,29.2,622.0,624.0,0.84,1.93,79,65
2026-06-22T12:00,28.8,29.5,554.0,645.0,2.68,1.27,69,72
2026-06-22T13:00,28.8,28.8,567.0,477.0,3.61,4.74,58,63
2026-06-22T14:00,28.7,28.6,563.0,507.0,3.88,4.44,32,40
2026-06-22T15:00,28.1,27.7,465.0,420.0,4.96,5.78,14,63
2026-06-22T16:00,27.0,26.0,304.0,263.0,5.07,5.73,20,32
2026-06-22T17:00,25.2,24.2,139.0,134.0,5.54,5.55,5,26
2026-06-22T18:00,22.8,23.0,23.0,23.0,5.28,5.0,100,7
2026-06-22T19:00,21.3,21.5,0.0,0.0,4.76,4.84,100,4
2026-06-22T20:00,20.3,20.6,0.0,0.0,4.02,4.03,72,0
2026-06-22T21:00,19.8,20.3,0.0,0.0,3.17,3.26,77,8
2026-06-22T22:00,19.6,20.1,0.0,0.0,2.51,3.14,55,17
2026-06-22T23:00,19.5,19.9,0.0,0.0,2.72,2.72,44,26
2026-06-23T00:00,19.9,19.0,0.0,0.0,4.21,3.14,43,23
2026-06-23T01:00,19.5,18.6,0.0,0.0,3.46,3.43,21,20
2026-06-23T02:00,18.4,18.4,0.0,0.0,2.59,3.33,8,23
2026-06-23T03:00,17.3,17.6,10.0,10.0,0.9,2.2,10,0
2026-06-23T04:00,18.3,18.3,102.0,102.0,0.53,1.81,24,0
2026-06-23T05:00,21.4,21.6,253.0,258.0,1.0,1.18,27,0
2026-06-23T06:00,23.9,23.4,431.0,423.0,0.97,2.2,14,56
2026-06-23T07:00,25.7,25.6,593.0,594.0,0.98,1.55,55,25
2026-06-23T08:00,27.2,27.2,732.0,737.0,1.92,2.06,45,44
2026-06-23T09:00,28.3,28.4,829.0,847.0,2.85,2.67,66,7
2026-06-23T10:00,29.0,29.3,890.0,911.0,2.84,2.98,21,17
2026-06-23T11:00,29.5,29.8,907.0,919.0,3.19,3.07,3,55
2026-06-23T12:00,29.1,29.9,876.0,820.0,3.66,1.59,2,57
2026-06-23T13:00,28.8,29.8,786.0,696.0,3.75,1.96,11,54
2026-06-23T14:00,28.4,29.2,647.0,563.0,3.35,4.1,90,37
2026-06-23T15:00,27.7,28.2,475.0,449.0,3.53,4.86,31,49
2026-06-23T16:00,26.9,27.3,303.0,281.0,3.35,4.95,20,58
2026-06-23T17:00,25.3,26.0,141.0,134.0,3.92,4.78,8,75
2026-06-23T18:00,23.2,24.1,23.0,23.0,4.8,4.31,100,50
2026-06-23T19:00,21.6,22.5,0.0,0.0,5.29,4.48,21,39
2026-06-23T20:00,20.6,21.6,0.0,0.0,5.17,4.82,4,30
2026-06-23T21:00,20.5,21.2,0.0,0.0,4.34,4.49,28,35
2026-06-23T22:00,20.2,20.9,0.0,0.0,4.02,4.17,55,57
2026-06-23T23:00,20.3,21.0,0.0,0.0,3.29,4.0,68,76
2026-06-24T00:00,20.4,20.8,0.0,0.0,3.56,2.4,50,31
2026-06-24T01:00,20.3,20.5,0.0,0.0,3.95,2.75,58,56
2026-06-24T02:00,20.1,20.2,0.0,0.0,3.86,3.99,69,58
2026-06-24T03:00,19.9,20.1,9.0,7.0,4.65,2.82,87,99
2026-06-24T04:00,20.6,20.6,72.0,84.0,4.12,1.52,98,90
2026-06-24T05:00,22.4,22.7,165.0,210.0,4.65,2.24,95,96
2026-06-24T06:00,23.9,24.2,343.0,397.0,2.46,3.96,97,89
2026-06-24T07:00,25.2,25.7,433.0,533.0,2.7,3.7,99,88
2026-06-24T08:00,26.0,26.9,431.0,637.0,2.99,3.51,96,84
2026-06-24T09:00,26.9,26.8,541.0,635.0,2.14,2.92,96,100
2026-06-24T10:00,27.5,26.9,754.0,659.0,1.28,2.37,100,100
2026-06-24T11:00,27.0,26.6,676.0,645.0,0.71,1.36,100,100
2026-06-24T12:00,26.9,27.9,577.0,610.0,1.86,2.8,100,100
2026-06-24T13:00,24.4,27.5,357.0,499.0,2.26,2.72,100,100
2026-06-24T14:00,25.4,27.4,345.0,436.0,1.71,2.1,100,100
2026-06-24T15:00,25.4,24.1,225.0,235.0,2.37,0.78,100,100
2026-06-24T16:00,25.1,24.4,173.0,170.0,2.83,1.43,100,100
2026-06-24T17:00,24.5,24.3,94.0,91.0,2.83,1.98,100,100
2026-06-24T18:00,22.5,23.8,19.0,21.0,3.4,1.46,81,100
2026-06-24T19:00,21.6,22.9,0.0,0.0,3.7,0.49,10,25
2026-06-24T20:00,21.0,22.1,0.0,0.0,4.3,0.62,69,19
2026-06-24T21:00,20.7,21.6,0.0,0.0,4.74,2.06,10,27
2026-06-24T22:00,20.4,21.4,0.0,0.0,5.27,3.44,8,20
2026-06-24T23:00,20.3,21.2,0.0,0.0,5.72,4.4,13,6
2026-06-25T00:00,20.5,21.4,0.0,0.0,4.52,6.58,3,9
2026-06-25T01:00,20.2,21.2,0.0,0.0,5.23,6.86,6,42
2026-06-25T02:00,20.0,20.9,0.0,0.0,5.45,5.83,10,62
2026-06-25T03:00,20.0,20.7,10.0,8.0,6.2,4.87,9,53
2026-06-25T04:00,21.1,21.3,100.0,92.0,5.98,4.3,0,36
2026-06-25T05:00,22.6,22.5,254.0,249.0,5.53,4.08,0,1
2026-06-25T06:00,24.5,24.2,426.0,429.0,3.74,3.07,17,0
2026-06-25T07:00,26.2,26.2,590.0,595.0,3.53,2.91,9,0
2026-06-25T08:00,27.8,27.9,711.0,740.0,3.43,3.61,46,0
2026-06-25T09:00,29.2,28.9,725.0,846.0,4.19,3.77,54,11
2026-06-25T10:00,30.2,29.8,813.0,900.0,4.06,3.5,42,26
2026-06-25T11:00,30.9,30.6,847.0,896.0,4.48,3.66,70,25
2026-06-25T12:00,31.2,30.7,730.0,827.0,4.64,4.61,25,48
2026-06-25T13:00,31.6,30.9,759.0,705.0,3.9,3.53,30,51
2026-06-25T14:00,31.2,31.0,600.0,546.0,2.7,4.33,62,37
2026-06-25T15:00,30.2,30.5,424.0,413.0,2.59,2.87,26,46
2026-06-25T16:00,29.3,29.6,301.0,283.0,4.35,1.94,11,21
2026-06-25T17:00,27.4,27.6,142.0,139.0,6.44,4.97,5,33
2026-06-25T18:00,27.0,25.8,18.0,25.0,6.98,3.59,52,28
2026-06-25T19:00,25.7,24.0,0.0,0.0,7.0,4.65,42,52
2026-06-25T20:00,24.7,23.2,0.0,0.0,7.02,7.0,38,36
2026-06-25T21:00,24.0,22.6,0.0,0.0,6.82,8.3,50,28
2026-06-25T22:00,23.5,21.9,0.0,0.0,6.32,7.89,54,17
2026-06-25T23:00,22.8,21.2,0.0,0.0,5.32,7.96,61,5
2026-06-26T00:00,22.0,22.8,0.0,0.0,4.82,6.79,56,60
2026-06-26T01:00,21.6,22.0,0.0,0.0,4.91,7.24,65,54
2026-06-26T02:00,21.3,21.3,0.0,0.0,5.39,7.15,31,61
2026-06-26T03:00,20.9,21.3,10.0,7.0,5.3,6.62,7,71
2026-06-26T04:00,21.2,21.9,101.0,85.0,4.62,5.87,22,58
2026-06-26T05:00,23.5,23.9,252.0,232.0,4.21,4.59,1,1
2026-06-26T06:00,25.2,25.8,433.0,435.0,3.43,3.53,0,0
2026-06-26T07:00,27.0,27.5,602.0,604.0,2.65,2.39,0,0
2026-06-26T08:00,28.6,29.1,745.0,747.0,2.86,2.89,0,0
2026-06-26T09:00,29.7,30.2,851.0,850.0,3.15,3.55,1,14
2026-06-26T10:00,30.4,30.9,879.0,888.0,3.51,4.06,28,46
2026-06-26T11:00,30.7,31.2,749.0,731.0,3.72,4.73,77,75
2026-06-26T12:00,30.9,31.3,625.0,547.0,4.46,4.4,62,60
2026-06-26T13:00,31.2,31.7,631.0,602.0,3.07,4.4,52,83
2026-06-26T14:00,31.3,30.6,495.0,434.0,1.67,2.29,87,85
2026-06-26T15:00,29.7,29.7,240.0,341.0,2.64,5.11,56,59
2026-06-26T16:00,28.6,28.6,229.0,253.0,5.74,4.39,69,22
2026-06-26T17:00,27.1,26.8,112.0,134.0,5.79,4.68,20,51
2026-06-26T18:00,25.7,25.2,23.0,22.0,5.28,3.84,27,11
2026-06-26T19:00,24.0,23.6,0.0,0.0,3.23,4.3,40,4
2026-06-26T20:00,23.2,23.0,0.0,0.0,3.58,4.85,13,31
2026-06-26T21:00,22.8,22.4,0.0,0.0,3.8,3.97,44,24
2026-06-26T22:00,22.7,22.3,0.0,0.0,3.15,3.43,39,92
2026-06-26T23:00,22.2,22.4,0.0,0.0,4.4,3.04,50,46
2026-06-27T00:00,22.0,22.1,0.0,0.0,4.86,3.72,60,21
2026-06-27T01:00,21.5,21.2,0.0,0.0,4.96,4.79,47,36
2026-06-27T02:00,20.7,20.6,0.0,0.0,4.82,5.42,32,44
2026-06-27T03:00,20.0,20.4,8.0,9.0,6.44,5.51,25,29
2026-06-27T04:00,21.8,21.2,98.0,98.0,9.15,5.21,30,0
2026-06-27T05:00,23.1,24.1,251.0,256.0,10.94,7.62,7,0
2026-06-27T06:00,24.6,26.3,427.0,429.0,8.61,4.38,0,15
2026-06-27T07:00,26.0,26.8,590.0,589.0,8.38,5.7,17,24
2026-06-27T08:00,27.0,27.9,726.0,731.0,7.9,6.55,44,22
2026-06-27T09:00,27.5,28.6,823.0,827.0,7.36,7.33,11,28
2026-06-27T10:00,27.7,28.7,896.0,859.0,7.29,7.35,16,0
2026-06-27T11:00,27.9,28.8,903.0,911.0,6.08,7.29,20,0
2026-06-27T12:00,27.8,28.2,864.0,867.0,5.49,6.73,28,0
2026-06-27T13:00,27.5,27.8,762.0,774.0,5.15,5.65,57,0
2026-06-27T14:00,26.9,27.3,638.0,641.0,5.47,5.68,23,0
2026-06-27T15:00,26.1,26.4,483.0,481.0,5.59,5.98,0,0
2026-06-27T16:00,25.2,25.4,309.0,306.0,5.52,5.75,0,0
2026-06-27T17:00,23.9,24.0,143.0,141.0,5.9,5.48,0,3
2026-06-27T18:00,22.3,22.2,25.0,25.0,5.54,6.31,0,0
2026-06-27T19:00,21.1,20.9,0.0,0.0,5.0,5.21,0,0
2026-06-27T20:00,20.2,20.2,0.0,0.0,4.38,4.23,0,0
2026-06-27T21:00,19.7,20.0,0.0,0.0,3.66,3.48,0,0
2026-06-27T22:00,19.9,19.8,0.0,0.0,2.52,3.2,2,0
2026-06-27T23:00,19.6,19.6,0.0,0.0,2.18,2.63,0,4
2026-06-28T00:00,18.3,18.6,0.0,0.0,1.88,2.48,0,0
2026-06-28T01:00,17.9,18.2,0.0,0.0,2.58,3.56,0,0
2026-06-28T02:00,17.7,17.8,0.0,0.0,3.13,4.65,0,0
2026-06-28T03:00,17.6,17.7,9.0,9.0,4.3,5.9,0,10
2026-06-28T04:00,18.6,18.7,97.0,95.0,5.22,6.04,0,22
2026-06-28T05:00,21.1,21.2,251.0,249.0,5.53,6.3,0,1
2026-06-28T06:00,23.3,23.2,424.0,421.0,4.82,5.56,0,0
2026-06-28T07:00,25.2,25.1,591.0,588.0,3.54,4.31,0,0
2026-06-28T08:00,27.2,27.2,735.0,733.0,3.9,4.65,0,0
2026-06-28T09:00,29.1,29.1,840.0,839.0,4.12,4.65,0,0
2026-06-28T10:00,30.6,30.8,900.0,899.0,3.84,4.3,0,0
2026-06-28T11:00,31.7,32.0,909.0,908.0,3.5,3.67,0,0
2026-06-28T12:00,31.7,32.3,868.0,865.0,3.58,3.2,0,0
2026-06-28T13:00,32.0,32.7,777.0,774.0,3.58,3.19,0,0
2026-06-28T14:00,32.1,32.7,646.0,644.0,3.74,3.22,0,2
2026-06-28T15:00,31.9,32.5,486.0,480.0,3.82,2.97,0,26
2026-06-28T16:00,31.3,31.9,311.0,302.0,3.8,3.5,0,28
2026-06-28T17:00,29.4,29.9,145.0,140.0,4.76,4.65,0,19
2026-06-28T18:00,27.0,28.2,25.0,23.0,5.16,4.51,0,21
2026-06-28T19:00,25.6,26.7,0.0,0.0,5.72,5.23,0,5
2026-06-28T20:00,24.7,25.7,0.0,0.0,6.07,5.78,0,0
2026-06-28T21:00,24.0,25.1,0.0,0.0,6.76,6.25,0,0
2026-06-28T22:00,23.6,24.6,0.0,0.0,7.67,6.96,0,0
2026-06-28T23:00,23.4,24.2,0.0,0.0,8.34,7.29,0,0
2026-06-29T00:00,23.3,23.7,0.0,0.0,8.25,8.47,0,0
2026-06-29T01:00,23.2,23.6,0.0,0.0,8.53,8.55,0,0
2026-06-29T02:00,23.0,23.3,0.0,0.0,8.5,8.24,0,0
2026-06-29T03:00,22.8,22.9,9.0,8.0,8.47,7.91,0,0
2026-06-29T04:00,23.6,23.5,96.0,96.0,8.47,7.45,0,0
2026-06-29T05:00,25.0,25.1,247.0,248.0,7.8,6.58,0,0
2026-06-29T06:00,26.7,26.8,420.0,418.0,6.93,5.33,0,11
2026-06-29T07:00,28.5,28.8,586.0,574.0,4.53,3.9,0,20
2026-06-29T08:00,30.6,30.9,728.0,694.0,4.24,3.19,0,50
2026-06-29T09:00,32.7,33.0,830.0,751.0,4.09,2.18,9,46
2026-06-29T10:00,34.4,34.6,873.0,816.0,3.34,1.87,42,94
2026-06-29T11:00,35.4,35.4,840.0,792.0,3.16,1.71,9,78
2026-06-29T12:00,35.4,36.0,721.0,762.0,1.93,1.48,80,25
2026-06-29T13:00,35.5,36.4,600.0,670.0,1.67,1.41,39,54
2026-06-29T14:00,35.0,35.9,568.0,581.0,1.98,1.74,38,34
2026-06-29T15:00,33.7,34.2,431.0,436.0,5.88,6.23,30,4
2026-06-29T16:00,31.7,32.1,281.0,296.0,5.91,5.72,30,8
2026-06-29T17:00,29.8,30.0,135.0,136.0,6.18,5.78,18,17
2026-06-29T18:00,26.6,26.5,23.0,23.0,6.58,6.45,2,0
2026-06-29T19:00,25.2,25.2,0.0,0.0,5.89,5.76,0,0
2026-06-29T20:00,24.1,24.2,0.0,0.0,5.19,5.23,0,0
2026-06-29T21:00,23.2,23.5,0.0,0.0,4.87,4.4,0,0
2026-06-29T22:00,22.6,22.8,0.0,0.0,4.16,4.03,0,0
2026-06-29T23:00,22.2,22.3,0.0,0.0,3.74,3.46,0,0
2026-06-30T00:00,21.3,21.1,0.0,0.0,2.59,3.35,0,21
2026-06-30T01:00,21.0,20.7,0.0,0.0,1.81,3.21,0,20
2026-06-30T02:00,20.4,20.4,0.0,0.0,0.98,2.98,1,15
2026-06-30T03:00,19.8,20.2,8.0,8.0,0.2,2.86,4,17
2026-06-30T04:00,20.9,21.4,95.0,93.0,0.77,3.11,3,4
2026-06-30T05:00,24.3,23.9,247.0,245.0,1.33,3.1,1,0
2026-06-30T06:00,27.8,26.2,422.0,421.0,0.96,1.97,0,0
2026-06-30T07:00,29.7,28.2,588.0,590.0,0.9,1.36,0,0
2026-06-30T08:00,31.3,30.5,731.0,734.0,1.52,1.95,0,0
2026-06-30T09:00,32.7,32.1,838.0,841.0,1.94,2.29,0,0
2026-06-30T10:00,33.7,33.3,896.0,898.0,2.24,2.23,0,0
2026-06-30T11:00,34.6,34.1,901.0,903.0,2.28,2.7,0,0
2026-06-30T12:00,34.7,34.5,853.0,860.0,2.85,3.69,0,0
2026-06-30T13:00,34.8,34.5,763.0,768.0,2.79,3.61,0,0
2026-06-30T14:00,34.6,34.4,634.0,636.0,3.52,3.51,0,0
2026-06-30T15:00,33.9,33.7,475.0,477.0,4.62,3.61,2,0
2026-06-30T16:00,32.8,32.9,304.0,301.0,5.01,2.02,0,16
2026-06-30T17:00,31.1,31.4,141.0,141.0,5.03,2.71,0,0
2026-06-30T18:00,29.1,30.3,23.0,24.0,1.47,3.53,17,23
2026-06-30T19:00,28.1,29.2,0.0,0.0,1.68,2.64,20,19
2026-06-30T20:00,27.1,27.5,0.0,0.0,2.4,3.24,0,40
2026-06-30T21:00,26.3,26.6,0.0,0.0,3.34,6.98,44,4
2026-06-30T22:00,25.9,26.6,0.0,0.0,3.11,7.93,51,59
2026-06-30T23:00,25.6,26.2,0.0,0.0,3.02,5.75,36,13
2026-07-01T00:00,25.2,25.1,0.0,0.0,3.97,2.15,48,53
2026-07-01T01:00,24.7,25.4,0.0,0.0,3.04,2.08,56,55
2026-07-01T02:00,24.5,23.9,0.0,0.0,1.47,5.62,39,35
2026-07-01T03:00,23.8,23.8,7.0,7.0,2.27,7.97,60,45
2026-07-01T04:00,24.3,24.7,70.0,54.0,3.78,8.97,74,79
2026-07-01T05:00,26.0,26.0,164.0,165.0,6.79,7.67,72,61
2026-07-01T06:00,27.0,27.0,298.0,351.0,7.06,2.04,73,66
2026-07-01T07:00,27.0,28.2,318.0,501.0,6.32,4.17,70,58
2026-07-01T08:00,28.2,29.0,505.0,578.0,5.87,5.78,38,43
2026-07-01T09:00,30.2,30.1,775.0,732.0,5.06,4.78,37,74
2026-07-01T10:00,31.8,31.2,863.0,728.0,4.65,7.46,39,33
2026-07-01T11:00,30.4,30.9,709.0,603.0,2.15,6.14,100,100
2026-07-01T12:00,29.5,32.2,570.0,782.0,5.42,3.06,100,39
2026-07-01T13:00,28.6,32.1,477.0,700.0,2.85,3.74,78,42
2026-07-01T14:00,27.8,31.7,352.0,588.0,3.04,3.83,100,59
2026-07-01T15:00,27.5,30.6,269.0,423.0,3.64,4.24,100,40
2026-07-01T16:00,27.4,29.4,224.0,287.0,4.06,4.43,94,27
2026-07-01T17:00,26.7,28.0,123.0,137.0,4.13,3.6,48,25
2026-07-01T18:00,25.2,25.7,22.0,23.0,5.37,4.17,9,8
2026-07-01T19:00,24.1,24.4,0.0,0.0,6.32,3.15,11,17
2026-07-01T20:00,23.5,23.3,0.0,0.0,5.01,3.21,56,24
2026-07-01T21:00,23.3,22.9,0.0,0.0,4.06,0.98,70,58
2026-07-01T22:00,23.2,22.7,0.0,0.0,2.56,2.33,73,49
2026-07-01T23:00,23.0,22.4,0.0,0.0,1.46,2.07,87,58
2026-07-02T00:00,21.9,22.5,0.0,0.0,0.81,4.66,61,28
2026-07-02T01:00,21.4,21.4,0.0,0.0,0.4,1.68,78,14
2026-07-02T02:00,21.1,20.9,0.0,0.0,0.9,1.55,88,27
2026-07-02T03:00,21.3,20.8,4.0,7.0,3.59,1.57,91,55
2026-07-02T04:00,22.3,21.6,62.0,87.0,2.84,1.4,87,39
2026-07-02T05:00,22.7,23.6,144.0,238.0,7.77,0.53,94,20
2026-07-02T06:00,23.5,23.9,316.0,314.0,2.07,1.86,100,97
2026-07-02T07:00,25.2,23.7,436.0,297.0,1.33,2.61,81,100
2026-07-02T08:00,27.0,25.5,673.0,464.0,0.9,2.52,83,87
2026-07-02T09:00,28.2,27.2,740.0,670.0,2.35,1.08,75,95
2026-07-02T10:00,27.8,28.6,619.0,765.0,2.55,0.81,100,77
2026-07-02T11:00,26.6,27.7,439.0,797.0,2.5,3.17,100,100
2026-07-02T12:00,25.7,26.3,391.0,534.0,1.5,4.21,100,100
2026-07-02T13:00,26.6,25.6,428.0,300.0,1.63,2.59,100,100
2026-07-02T14:00,27.1,25.8,457.0,300.0,3.72,1.93,90,100
2026-07-02T15:00,26.7,25.9,297.0,279.0,3.97,3.0,100,100
2026-07-02T16:00,26.8,25.6,221.0,141.0,3.72,3.14,85,91
2026-07-02T17:00,26.0,25.2,116.0,101.0,4.4,2.89,61,80
2026-07-02T18:00,25.2,24.7,21.0,21.0,4.54,2.02,27,86
2026-07-02T19:00,24.2,23.8,0.0,0.0,4.5,3.45,10,45
2026-07-02T20:00,23.3,23.3,0.0,0.0,5.04,4.35,21,43
2026-07-02T21:00,23.0,22.9,0.0,0.0,6.48,5.32,39,79
2026-07-02T22:00,23.1,22.2,0.0,0.0,7.07,5.88,30,45
2026-07-02T23:00,22.7,21.8,0.0,0.0,6.54,6.38,36,39
2026-07-03T00:00,21.8,21.1,0.0,0.0,4.8,3.95,72,100
2026-07-03T01:00,21.7,21.2,0.0,0.0,4.27,5.59,69,100
2026-07-03T02:00,21.5,21.2,0.0,0.0,4.43,6.66,78,85
2026-07-03T03:00,21.6,20.8,7.0,5.0,6.48,5.64,54,82
2026-07-03T04:00,22.3,21.1,82.0,56.0,7.54,6.63,54,93
2026-07-03T05:00,22.9,21.5,205.0,113.0,5.0,6.31,62,100
2026-07-03T06:00,25.2,23.8,418.0,263.0,2.8,4.37,16,78
2026-07-03T07:00,27.0,25.5,566.0,414.0,3.0,3.63,50,66
2026-07-03T08:00,28.1,26.5,628.0,599.0,3.48,3.43,58,58
2026-07-03T09:00,29.0,27.3,725.0,717.0,2.87,3.26,43,57
2026-07-03T10:00,30.2,28.4,796.0,773.0,1.87,3.4,62,62
2026-07-03T11:00,30.8,29.3,708.0,765.0,1.79,2.31,64,66
2026-07-03T12:00,29.6,30.4,618.0,651.0,1.98,2.77,78,62
2026-07-03T13:00,30.0,30.3,610.0,552.0,2.28,2.36,66,69
2026-07-03T14:00,30.2,30.5,537.0,493.0,2.24,1.98,61,59
2026-07-03T15:00,30.1,30.5,382.0,403.0,2.1,2.54,100,72
2026-07-03T16:00,29.5,30.1,163.0,248.0,2.7,2.63,100,88
2026-07-03T17:00,28.4,28.9,82.0,107.0,4.53,5.53,100,100
2026-07-03T18:00,27.1,27.7,14.0,20.0,6.4,0.89,100,100
2026-07-03T19:00,25.6,25.9,0.0,0.0,7.86,7.97,100,99
2026-07-03T20:00,24.9,25.0,0.0,0.0,7.62,7.66,100,100
2026-07-03T21:00,24.2,23.6,0.0,0.0,8.64,7.6,100,100
2026-07-03T22:00,23.3,22.5,0.0,0.0,10.28,7.97,100,100
2026-07-03T23:00,22.4,22.0,0.0,0.0,9.88,7.13,100,100
2026-07-04T00:00,20.8,22.2,0.0,0.0,11.16,8.06,100,72
2026-07-04T01:00,19.5,21.6,0.0,0.0,9.76,7.49,100,99
2026-07-04T02:00,18.5,20.6,0.0,0.0,9.02,8.32,100,100
2026-07-04T03:00,18.0,20.2,1.0,4.0,9.9,8.74,100,100
2026-07-04T04:00,18.2,19.8,20.0,53.0,7.84,9.98,100,98
2026-07-04T05:00,18.7,20.0,87.0,117.0,7.94,10.7,100,100
2026-07-04T06:00,19.9,18.7,238.0,66.0,8.7,6.92,100,100
2026-07-04T07:00,21.8,19.3,438.0,116.0,9.38,7.98,51,100
2026-07-04T08:00,23.2,20.7,605.0,230.0,9.31,8.05,67,100
2026-07-04T09:00,24.7,22.2,735.0,399.0,9.69,8.34,64,99
2026-07-04T10:00,26.0,24.7,845.0,629.0,8.73,8.44,23,66
2026-07-04T11:00,26.7,26.5,891.0,855.0,8.28,8.55,32,32
2026-07-04T12:00,26.8,27.3,761.0,857.0,7.59,7.62,97,40
2026-07-04T13:00,26.8,27.0,715.0,716.0,7.41,8.56,41,84
2026-07-04T14:00,26.5,26.7,601.0,557.0,7.6,7.97,100,12
2026-07-04T15:00,25.7,26.1,400.0,474.0,7.06,7.37,100,71
2026-07-04T16:00,25.1,25.5,236.0,302.0,6.8,7.3,97,80
2026-07-04T17:00,24.1,24.4,139.0,137.0,6.39,5.48,18,40
2026-07-04T18:00,22.4,22.0,24.0,25.0,5.42,4.97,53,26
2026-07-04T19:00,20.9,20.5,0.0,0.0,4.21,4.86,46,20
2026-07-04T20:00,19.9,19.8,0.0,0.0,3.15,3.94,24,17
2026-07-04T21:00,18.9,18.7,0.0,0.0,2.73,4.53,0,32
2026-07-04T22:00,17.9,17.8,0.0,0.0,3.33,5.2,2,36
2026-07-04T23:00,17.0,17.4,0.0,0.0,4.9,4.22,5,43
2026-07-05T00:00,17.5,17.4,0.0,0.0,4.12,3.11,20,55
2026-07-05T01:00,16.7,17.1,0.0,0.0,4.59,2.91,0,57
2026-07-05T02:00,16.2,16.5,0.0,0.0,3.88,4.21,0,39
2026-07-05T03:00,15.7,16.2,7.0,7.0,3.48,5.59,12,29
2026-07-05T04:00,16.2,17.2,95.0,94.0,3.67,5.88,7,22
2026-07-05T05:00,18.9,19.9,245.0,248.0,3.85,5.13,37,36
2026-07-05T06:00,21.2,21.1,404.0,399.0,1.57,3.0,37,33
2026-07-05T07:00,22.4,22.7,573.0,591.0,1.86,2.77,41,19
2026-07-05T08:00,23.6,24.1,715.0,744.0,1.64,2.75,41,3
2026-07-05T09:00,24.6,25.2,814.0,857.0,1.88,2.91,36,2
2026-07-05T10:00,25.4,26.1,876.0,899.0,2.19,4.0,51,21
2026-07-05T11:00,26.0,26.6,797.0,867.0,3.01,5.52,41,70
2026-07-05T12:00,26.8,26.2,889.0,741.0,3.65,5.45,2,65
2026-07-05T13:00,26.8,26.1,714.0,605.0,3.77,5.33,79,48
2026-07-05T14:00,26.5,26.2,534.0,617.0,4.42,4.78,70,18
2026-07-05T15:00,26.1,25.9,332.0,490.0,3.53,4.17,57,5
2026-07-05T16:00,25.6,25.5,262.0,318.0,3.94,2.89,18,1
2026-07-05T17:00,24.4,24.3,145.0,149.0,2.37,2.55,31,0
2026-07-05T18:00,21.6,22.1,24.0,24.0,6.42,4.22,29,19
2026-07-05T19:00,20.3,20.8,0.0,0.0,6.9,3.92,26,0
2026-07-05T20:00,19.5,20.5,0.0,0.0,6.1,2.97,3,16
2026-07-05T21:00,19.1,19.5,0.0,0.0,5.3,2.91,34,33
2026-07-05T22:00,18.6,18.5,0.0,0.0,5.08,3.98,41,5
2026-07-05T23:00,18.2,18.4,0.0,0.0,5.37,4.64,46,0
2026-07-06T00:00,17.8,17.7,0.0,0.0,5.3,6.11,36,30
2026-07-06T01:00,17.6,17.4,0.0,0.0,5.67,5.43,5,28
2026-07-06T02:00,17.5,17.7,0.0,0.0,5.68,4.74,0,37
2026-07-06T03:00,17.3,17.6,6.0,6.0,5.98,5.01,0,58
2026-07-06T04:00,18.0,18.4,92.0,75.0,5.89,5.1,0,50
2026-07-06T05:00,20.3,20.6,247.0,224.0,5.96,5.35,0,49
2026-07-06T06:00,21.9,22.1,421.0,415.0,4.5,4.03,11,8
2026-07-06T07:00,23.5,23.7,587.0,589.0,4.0,3.59,16,35
2026-07-06T08:00,25.1,25.0,732.0,712.0,3.86,4.0,15,21
2026-07-06T09:00,26.3,26.2,843.0,841.0,3.29,3.86,16,1
2026-07-06T10:00,26.9,27.1,831.0,903.0,3.73,4.21,26,27
2026-07-06T11:00,27.7,27.9,813.0,900.0,3.69,3.94,46,31
2026-07-06T12:00,28.6,28.2,812.0,767.0,3.95,3.18,68,44
2026-07-06T13:00,28.6,28.2,691.0,690.0,3.31,2.8,49,51
2026-07-06T14:00,28.5,28.1,600.0,576.0,3.26,2.61,35,36
2026-07-06T15:00,28.3,27.9,479.0,446.0,2.52,2.46,20,50
2026-07-06T16:00,27.7,27.3,306.0,283.0,2.54,3.02,24,100
2026-07-06T17:00,26.2,25.9,140.0,120.0,2.26,3.9,54,87
2026-07-06T18:00,24.4,24.9,22.0,23.0,2.61,2.37,55,49
2026-07-06T19:00,22.8,23.1,0.0,0.0,3.19,0.49,37,1
2026-07-06T20:00,21.4,21.9,0.0,0.0,3.35,1.24,0,0
2026-07-06T21:00,20.6,21.5,0.0,0.0,3.24,1.97,0,0
2026-07-06T22:00,20.2,21.1,0.0,0.0,3.12,2.29,0,0
2026-07-06T23:00,20.1,20.8,0.0,0.0,2.92,2.68,0,2
2026-07-07T00:00,20.2,20.0,0.0,0.0,3.02,2.45,64,0
2026-07-07T01:00,20.4,19.8,0.0,0.0,2.94,2.98,66,0
2026-07-07T02:00,20.4,19.5,0.0,0.0,3.21,3.26,77,15
2026-07-07T03:00,20.6,19.4,5.0,6.0,2.86,3.04,64,29
2026-07-07T04:00,21.1,20.0,75.0,79.0,2.95,2.73,41,68
2026-07-07T05:00,22.7,21.8,230.0,194.0,2.94,2.19,49,61
2026-07-07T06:00,23.0,23.8,290.0,387.0,3.73,3.04,58,61
2026-07-07T07:00,24.5,24.4,445.0,358.0,2.19,1.31,48,86
2026-07-07T08:00,26.2,25.8,590.0,473.0,2.87,1.57,23,51
2026-07-07T09:00,27.8,27.6,813.0,777.0,2.95,1.93,35,84
2026-07-07T10:00,28.7,28.6,850.0,835.0,3.57,2.77,62,47
2026-07-07T11:00,29.3,29.2,853.0,842.0,4.11,3.26,80,100
2026-07-07T12:00,29.6,29.9,800.0,817.0,4.29,3.11,64,52
2026-07-07T13:00,29.3,29.8,586.0,681.0,4.16,3.34,97,54
2026-07-07T14:00,29.3,28.6,524.0,532.0,4.25,2.5,63,94
2026-07-07T15:00,29.1,27.4,414.0,298.0,3.54,4.34,45,100
2026-07-07T16:00,28.3,26.3,249.0,190.0,3.72,4.61,82,91
2026-07-07T17:00,26.3,25.6,114.0,126.0,3.58,5.9,51,33
2026-07-07T18:00,24.8,25.2,22.0,19.0,2.41,5.46,30,35
2026-07-07T19:00,23.4,23.9,0.0,0.0,3.28,6.91,45,58
2026-07-07T20:00,22.3,22.8,0.0,0.0,3.64,6.09,27,53
2026-07-07T21:00,21.7,22.0,0.0,0.0,2.94,4.99,38,51
2026-07-07T22:00,21.4,21.4,0.0,0.0,3.32,4.06,41,50
2026-07-07T23:00,21.3,21.0,0.0,0.0,3.83,4.18,26,37
2026-07-08T00:00,20.1,20.5,0.0,0.0,3.82,4.56,33,21
2026-07-08T01:00,19.9,20.4,0.0,0.0,3.7,3.96,72,22
2026-07-08T02:00,19.8,20.2,0.0,0.0,3.45,3.66,74,52
2026-07-08T03:00,19.5,19.8,6.0,6.0,3.59,4.78,61,41
2026-07-08T04:00,20.4,20.6,79.0,86.0,3.91,5.32,100,22
2026-07-08T05:00,22.5,23.0,214.0,237.0,4.26,5.52,76,26
2026-07-08T06:00,24.5,24.6,371.0,416.0,3.6,4.29,65,0
2026-07-08T07:00,26.0,25.8,572.0,583.0,4.3,5.36,4,1
2026-07-08T08:00,27.4,27.1,726.0,727.0,4.43,5.42,0,16
2026-07-08T09:00,28.7,28.5,828.0,833.0,4.96,5.21,26,42
2026-07-08T10:00,29.7,29.8,846.0,898.0,5.63,5.8,31,8
2026-07-08T11:00,30.4,30.4,854.0,896.0,6.31,6.68,35,89
2026-07-08T12:00,30.7,30.4,804.0,758.0,6.17,6.01,47,59
2026-07-08T13:00,30.6,30.6,662.0,645.0,6.87,6.39,60,89
2026-07-08T14:00,30.1,29.4,520.0,404.0,6.8,8.24,84,100
2026-07-08T15:00,27.8,28.5,164.0,255.0,4.06,4.57,99,100
2026-07-08T16:00,27.2,27.4,133.0,106.0,1.53,3.69,99,100
2026-07-08T17:00,25.7,26.3,62.0,47.0,6.55,7.97,100,100
2026-07-08T18:00,23.9,25.2,10.0,12.0,7.1,7.78,98,99
2026-07-08T19:00,21.7,23.2,0.0,0.0,7.38,3.37,100,100
2026-07-08T20:00,20.2,22.3,0.0,0.0,6.81,7.04,99,100
2026-07-08T21:00,20.0,20.8,0.0,0.0,5.39,8.52,99,98
2026-07-08T22:00,19.6,19.3,0.0,0.0,6.35,7.53,100,92
2026-07-08T23:00,18.9,18.6,0.0,0.0,5.31,6.7,100,100
2026-07-09T00:00,18.8,19.4,0.0,0.0,5.56,5.19,44,100
2026-07-09T01:00,18.1,18.8,0.0,0.0,5.0,4.7,86,100
2026-07-09T02:00,17.7,18.2,0.0,0.0,5.4,4.66,91,100
2026-07-09T03:00,17.4,18.0,4.0,3.0,4.97,4.35,100,100
2026-07-09T04:00,17.9,18.1,56.0,46.0,4.37,3.91,100,100
2026-07-09T05:00,18.8,18.4,152.0,103.0,3.66,4.52,100,100
2026-07-09T06:00,19.6,18.8,204.0,152.0,3.51,3.35,100,100
2026-07-09T07:00,20.2,20.0,321.0,269.0,3.42,3.38,100,100
2026-07-09T08:00,21.4,21.7,448.0,502.0,3.42,3.26,100,100
2026-07-09T09:00,22.5,22.5,488.0,530.0,3.9,3.29,100,100
2026-07-09T10:00,23.6,23.4,592.0,641.0,4.03,3.14,100,100
2026-07-09T11:00,25.0,24.2,753.0,733.0,3.48,3.01,100,84
2026-07-09T12:00,25.0,25.7,626.0,599.0,3.13,1.68,96,81
2026-07-09T13:00,25.1,25.5,597.0,556.0,2.75,0.81,85,82
2026-07-09T14:00,24.5,24.5,469.0,377.0,3.03,2.81,82,96
2026-07-09T15:00,23.6,22.3,399.0,164.0,3.07,1.92,83,76
2026-07-09T16:00,23.0,22.1,258.0,222.0,2.54,2.15,30,42
2026-07-09T17:00,21.8,21.6,120.0,126.0,1.2,1.18,65,85
2026-07-09T18:00,21.0,20.4,16.0,17.0,1.15,5.17,100,96
2026-07-09T19:00,19.8,19.0,0.0,0.0,2.67,5.21,100,100
2026-07-09T20:00,18.7,18.1,0.0,0.0,3.46,6.06,100,100
2026-07-09T21:00,18.0,18.2,0.0,0.0,4.56,6.5,95,100
2026-07-09T22:00,17.8,18.1,0.0,0.0,4.41,5.54,100,100
2026-07-09T23:00,17.8,17.6,0.0,0.0,6.57,4.51,90,100
2026-07-10T00:00,16.5,17.0,0.0,0.0,6.25,5.7,100,89
2026-07-10T01:00,15.9,16.4,0.0,0.0,6.69,5.3,99,2
2026-07-10T02:00,15.1,16.1,0.0,0.0,5.28,5.85,0,2
2026-07-10T03:00,14.3,15.5,5.0,5.0,5.02,4.43,14,0
2026-07-10T04:00,15.3,16.2,86.0,87.0,5.13,4.35,4,4
2026-07-10T05:00,16.9,17.4,240.0,242.0,4.3,4.25,7,0
2026-07-10T06:00,18.8,19.1,414.0,417.0,2.79,2.5,8,36
2026-07-10T07:00,20.7,20.7,587.0,584.0,2.83,2.83,1,22
2026-07-10T08:00,22.4,22.4,735.0,730.0,2.79,2.95,0,22
2026-07-10T09:00,23.9,23.9,844.0,830.0,2.65,3.13,0,22
2026-07-10T10:00,24.6,25.0,830.0,893.0,3.38,3.4,76,47
2026-07-10T11:00,24.4,24.9,514.0,684.0,3.56,4.62,83,88
2026-07-10T12:00,24.5,25.4,499.0,628.0,4.82,4.04,100,93
2026-07-10T13:00,25.0,25.5,444.0,545.0,3.94,3.84,59,89
2026-07-10T14:00,25.5,25.5,576.0,423.0,2.89,3.81,61,68
2026-07-10T15:00,25.1,25.4,393.0,406.0,3.84,3.51,85,95
2026-07-10T16:00,24.4,25.0,206.0,200.0,3.04,3.24,63,64
2026-07-10T17:00,23.3,24.0,125.0,103.0,2.02,1.73,1,72
2026-07-10T18:00,21.9,22.4,23.0,19.0,0.35,1.57,26,46
2026-07-10T19:00,20.3,21.3,0.0,0.0,2.29,0.59,9,41
2026-07-10T20:00,19.1,19.5,0.0,0.0,4.21,2.72,13,33
2026-07-10T21:00,18.7,19.1,0.0,0.0,4.22,4.08,44,37
2026-07-10T22:00,18.3,18.6,0.0,0.0,4.28,4.7,35,53
2026-07-10T23:00,17.9,18.4,0.0,0.0,3.86,4.56,16,37
2026-07-11T00:00,17.5,17.3,0.0,0.0,4.18,3.23,0,38
2026-07-11T01:00,17.1,17.1,0.0,0.0,4.44,3.48,7,35
2026-07-11T02:00,16.9,17.0,0.0,0.0,4.24,4.68,7,45
2026-07-11T03:00,16.9,17.1,5.0,5.0,3.98,4.93,19,34
2026-07-11T04:00,17.8,18.2,85.0,83.0,4.06,4.43,0,33
2026-07-11T05:00,20.4,20.6,240.0,230.0,3.75,4.06,0,20
2026-07-11T06:00,23.0,22.6,416.0,417.0,3.83,4.47,0,0
2026-07-11T07:00,24.8,23.8,588.0,590.0,3.37,5.23,0,0
2026-07-11T08:00,26.2,25.1,736.0,738.0,4.24,5.71,0,0
2026-07-11T09:00,27.3,26.4,836.0,848.0,4.47,5.3,0,0
2026-07-11T10:00,28.2,27.8,883.0,912.0,4.82,5.59,38,0
2026-07-11T11:00,28.8,28.6,863.0,921.0,5.23,5.78,12,20
2026-07-11T12:00,29.4,28.6,877.0,690.0,5.04,5.12,0,68
2026-07-11T13:00,29.5,28.9,789.0,637.0,4.94,5.39,0,57
2026-07-11T14:00,29.3,28.8,660.0,600.0,4.83,4.41,0,10
2026-07-11T15:00,28.8,28.6,498.0,482.0,5.59,4.52,0,78
2026-07-11T16:00,28.0,27.7,317.0,289.0,5.43,6.49,0,3
2026-07-11T17:00,25.9,25.7,145.0,142.0,5.97,4.84,0,0
2026-07-11T18:00,23.4,23.0,22.0,22.0,4.43,6.13,4,23
2026-07-11T19:00,22.1,21.5,0.0,0.0,4.55,5.51,0,25
2026-07-11T20:00,20.8,20.8,0.0,0.0,5.62,5.71,0,15
2026-07-11T21:00,19.6,20.1,0.0,0.0,6.0,6.11,3,3
2026-07-11T22:00,18.6,20.0,0.0,0.0,5.33,5.48,0,12
2026-07-11T23:00,18.2,20.0,0.0,0.0,5.85,4.48,0,19
2026-07-12T00:00,18.0,18.7,0.0,0.0,6.39,4.87,0,2
2026-07-12T01:00,18.0,18.5,0.0,0.0,5.45,4.53,0,0
2026-07-12T02:00,17.8,18.3,0.0,0.0,5.19,3.69,4,0
2026-07-12T03:00,17.7,18.1,5.0,5.0,4.95,3.04,36,91
2026-07-12T04:00,18.9,19.0,74.0,76.0,4.52,2.61,54,51
2026-07-12T05:00,20.8,21.0,165.0,226.0,4.23,2.27,70,43
2026-07-12T06:00,23.9,23.9,400.0,392.0,2.06,1.55,36,19
2026-07-12T07:00,25.6,25.2,528.0,574.0,0.79,3.15,89,26
2026-07-12T08:00,26.7,26.1,532.0,718.0,0.22,3.43,62,19
2026-07-12T09:00,27.8,27.2,665.0,826.0,1.11,3.94,79,2
2026-07-12T10:00,28.5,27.9,636.0,891.0,2.1,4.4,86,9
2026-07-12T11:00,28.4,28.2,689.0,894.0,4.02,4.16,100,15
2026-07-12T12:00,28.6,27.5,732.0,605.0,6.04,3.34,55,57
2026-07-12T13:00,28.4,27.6,710.0,610.0,5.94,2.64,40,79
2026-07-12T14:00,28.1,26.2,583.0,451.0,5.52,3.02,69,86
2026-07-12T15:00,27.5,26.1,468.0,376.0,5.86,2.73,45,96
2026-07-12T16:00,26.9,24.3,291.0,211.0,5.06,4.99,37,100
2026-07-12T17:00,26.6,22.4,120.0,59.0,4.82,7.69,89,100
2026-07-12T18:00,23.0,21.5,19.0,11.0,5.71,8.62,88,100
2026-07-12T19:00,22.4,20.2,0.0,0.0,6.36,10.13,75,100
2026-07-12T20:00,21.6,20.0,0.0,0.0,5.23,7.04,87,100
2026-07-12T21:00,21.6,19.6,0.0,0.0,6.37,5.19,95,100
2026-07-12T22:00,21.2,19.3,0.0,0.0,4.75,4.78,100,98
2026-07-12T23:00,20.7,18.6,0.0,0.0,5.37,5.47,94,51
2026-07-13T00:00,20.0,18.7,0.0,0.0,4.27,5.06,100,100
2026-07-13T01:00,19.6,18.4,0.0,0.0,3.32,4.33,100,86
2026-07-13T02:00,19.0,18.2,0.0,0.0,2.77,4.9,100,76
2026-07-13T03:00,18.3,17.4,0.0,4.0,1.67,5.81,100,50
2026-07-13T04:00,18.0,17.2,6.0,72.0,1.53,6.14,100,59
2026-07-13T05:00,18.1,18.1,21.0,212.0,2.33,5.26,99,48
2026-07-13T06:00,19.5,19.7,151.0,298.0,3.14,6.3,90,69
2026-07-13T07:00,20.6,20.2,333.0,429.0,4.57,6.37,92,80
2026-07-13T08:00,20.9,21.6,365.0,557.0,4.65,5.95,90,69
2026-07-13T09:00,21.2,23.3,429.0,705.0,5.87,5.77,85,64
2026-07-13T10:00,22.7,24.1,633.0,720.0,5.06,6.15,64,57
2026-07-13T11:00,23.5,24.2,728.0,750.0,4.9,6.97,100,55
2026-07-13T12:00,23.4,23.4,627.0,611.0,4.29,7.04,100,100
2026-07-13T13:00,23.9,23.8,514.0,599.0,3.98,6.44,97,98
2026-07-13T14:00,22.1,23.0,403.0,457.0,6.45,6.23,100,100
2026-07-13T15:00,21.9,21.5,263.0,320.0,5.28,6.23,100,100
2026-07-13T16:00,21.8,21.5,204.0,222.0,5.24,5.13,100,100
2026-07-13T17:00,21.1,21.1,91.0,118.0,5.7,5.06,98,70
2026-07-13T18:00,20.4,19.4,18.0,17.0,6.42,5.65,78,100
2026-07-13T19:00,19.2,18.7,0.0,0.0,6.35,5.8,98,54
2026-07-13T20:00,18.9,18.4,0.0,0.0,6.22,6.44,100,88
2026-07-13T21:00,18.6,18.7,0.0,0.0,6.4,7.29,100,88
2026-07-13T22:00,18.4,18.8,0.0,0.0,6.82,7.55,94,87
2026-07-13T23:00,18.1,19.0,0.0,0.0,7.53,7.98,78,88
2026-07-14T00:00,17.7,18.5,0.0,0.0,6.48,9.08,100,91
2026-07-14T01:00,17.5,18.2,0.0,0.0,7.38,9.01,100,67
2026-07-14T02:00,17.4,17.7,0.0,0.0,8.62,8.06,100,58
2026-07-14T03:00,17.3,17.6,3.0,3.0,9.03,7.26,100,53
2026-07-14T04:00,17.7,17.9,47.0,74.0,8.94,6.77,97,27
2026-07-14T05:00,18.8,19.0,176.0,224.0,7.22,6.44,65,20
2026-07-14T06:00,20.5,20.4,329.0,403.0,5.11,4.78,100,3
2026-07-14T07:00,22.0,22.1,505.0,570.0,5.54,6.28,45,30
2026-07-14T08:00,24.0,23.2,704.0,618.0,6.36,7.83,58,51
2026-07-14T09:00,25.4,24.1,813.0,560.0,5.84,7.72,24,68
2026-07-14T10:00,26.2,25.4,747.0,663.0,6.14,6.92,78,57
2026-07-14T11:00,27.0,26.1,726.0,700.0,6.15,6.96,60,58
2026-07-14T12:00,27.7,26.7,644.0,790.0,5.55,6.52,44,48
2026-07-14T13:00,28.4,26.4,639.0,654.0,4.55,6.28,41,47
2026-07-14T14:00,28.4,26.4,522.0,530.0,4.95,5.7,16,64
2026-07-14T15:00,28.4,26.2,432.0,352.0,4.78,5.61,49,68
2026-07-14T16:00,27.9,26.1,251.0,227.0,5.21,4.86,65,60
2026-07-14T17:00,27.3,25.3,114.0,105.0,5.96,5.21,55,38
2026-07-14T18:00,24.5,24.2,19.0,17.0,6.2,5.89,64,46
2026-07-14T19:00,23.3,22.7,0.0,0.0,5.73,5.24,100,0
2026-07-14T20:00,22.4,21.6,0.0,0.0,6.22,5.23,100,4
2026-07-14T21:00,21.3,20.9,0.0,0.0,5.91,5.1,4,0
2026-07-14T22:00,20.7,20.3,0.0,0.0,6.46,5.21,0,0
2026-07-14T23:00,20.3,20.1,0.0,0.0,6.48,5.68,0,0
2026-07-15T00:00,19.7,19.7,0.0,0.0,6.01,4.97,9,1
2026-07-15T01:00,19.5,19.4,0.0,0.0,6.33,5.59,26,16
2026-07-15T02:00,19.4,19.4,0.0,0.0,6.37,5.85,33,33
2026-07-15T03:00,19.3,19.1,3.0,3.0,6.08,5.17,41,43
2026-07-15T04:00,20.1,19.8,70.0,70.0,5.64,4.35,49,47
2026-07-15T05:00,21.5,21.3,185.0,196.0,4.54,4.22,55,70
2026-07-15T06:00,23.1,23.1,304.0,368.0,4.98,4.0,61,49
2026-07-15T07:00,24.6,24.3,449.0,480.0,5.44,4.25,51,55
2026-07-15T08:00,26.5,26.0,630.0,586.0,5.11,4.12,63,59
2026-07-15T09:00,27.8,27.2,694.0,638.0,5.55,4.52,56,63
2026-07-15T10:00,28.8,28.3,714.0,717.0,4.69,4.35,82,57
2026-07-15T11:00,29.4,29.2,714.0,735.0,4.83,3.93,72,64
2026-07-15T12:00,29.6,30.3,621.0,642.0,2.55,3.69,70,70
2026-07-15T13:00,28.4,30.5,553.0,522.0,3.72,3.57,94,64
2026-07-15T14:00,28.0,30.5,487.0,464.0,2.91,3.16,69,60
2026-07-15T15:00,28.0,29.6,415.0,365.0,2.7,2.54,21,72
2026-07-15T16:00,27.8,28.9,290.0,231.0,2.91,2.38,13,100
2026-07-15T17:00,26.9,27.9,130.0,100.0,3.29,2.91,25,95
2026-07-15T18:00,25.7,25.3,19.0,18.0,4.14,5.53,51,12
2026-07-15T19:00,24.4,24.0,0.0,0.0,4.88,5.0,78,81
2026-07-15T20:00,23.3,22.9,0.0,0.0,4.91,4.63,99,40
2026-07-15T21:00,22.6,22.1,0.0,0.0,4.55,4.54,49,31
2026-07-15T22:00,22.4,21.9,0.0,0.0,3.94,3.47,83,54
2026-07-15T23:00,22.4,21.6,0.0,0.0,4.84,4.31,93,38
2026-07-16T00:00,21.6,20.6,0.0,0.0,4.49,4.54,73,88
2026-07-16T01:00,21.3,20.3,0.0,0.0,4.24,4.23,43,100
2026-07-16T02:00,20.9,20.1,0.0,0.0,4.19,4.8,30,100
2026-07-16T03:00,20.4,19.9,3.0,3.0,3.9,4.8,92,100
2026-07-16T04:00,21.2,20.8,68.0,52.0,4.96,4.85,91,98
2026-07-16T05:00,23.5,23.3,211.0,177.0,4.71,4.34,10,75
2026-07-16T06:00,26.2,25.1,394.0,309.0,3.46,2.95,3,64
2026-07-16T07:00,28.2,27.5,567.0,537.0,3.47,1.69,0,2
2026-07-16T08:00,29.9,29.1,697.0,650.0,3.46,2.87,51,55
2026-07-16T09:00,30.9,30.0,750.0,690.0,3.48,3.04,63,69
2026-07-16T10:00,31.4,30.4,750.0,687.0,3.45,3.14,73,78
2026-07-16T11:00,31.5,30.4,668.0,655.0,3.22,2.55,74,77
2026-07-16T12:00,31.3,31.7,583.0,622.0,1.86,2.42,97,78
2026-07-16T13:00,30.8,31.5,485.0,565.0,2.22,2.85,100,90
2026-07-16T14:00,30.3,30.5,347.0,410.0,1.36,2.63,100,100
2026-07-16T15:00,27.6,30.6,273.0,379.0,3.53,1.58,100,99
2026-07-16T16:00,27.5,29.8,225.0,205.0,1.06,2.09,100,100
2026-07-16T17:00,26.8,28.7,116.0,105.0,0.96,2.45,26,100
2026-07-16T18:00,27.3,27.0,15.0,17.0,2.64,4.51,100,81
2026-07-16T19:00,26.0,25.4,0.0,0.0,3.49,5.05,99,29
2026-07-16T20:00,24.7,24.0,0.0,0.0,4.37,5.0,88,11
2026-07-16T21:00,23.8,23.6,0.0,0.0,5.83,5.06,46,32
2026-07-16T22:00,23.2,23.3,0.0,0.0,6.61,6.17,30,0
2026-07-16T23:00,22.9,22.9,0.0,0.0,7.09,7.14,42,28
2026-07-17T00:00,22.3,22.4,0.0,0.0,7.02,7.63,40,17
2026-07-17T01:00,22.2,22.2,0.0,0.0,7.45,8.04,29,13
2026-07-17T02:00,21.9,21.7,0.0,0.0,7.55,7.35,37,27
2026-07-17T03:00,21.6,21.1,3.0,3.0,7.45,6.66,33,16
2026-07-17T04:00,22.0,21.9,69.0,72.0,6.54,5.66,37,0
2026-07-17T05:00,23.2,23.3,205.0,221.0,5.39,5.49,32,13
2026-07-17T06:00,25.6,25.5,381.0,395.0,3.92,4.17,37,0
2026-07-17T07:00,27.9,27.9,544.0,563.0,2.67,3.04,33,10
2026-07-17T08:00,29.6,30.4,670.0,714.0,2.77,3.05,43,6
2026-07-17T09:00,31.2,31.9,724.0,731.0,4.0,5.19,71,11
2026-07-17T10:00,32.3,32.9,751.0,837.0,6.62,5.39,31,47
2026-07-17T11:00,32.8,33.1,853.0,814.0,4.77,5.74,41,32
2026-07-17T12:00,31.1,32.6,570.0,758.0,4.04,6.15,69,55
2026-07-17T13:00,30.7,33.0,561.0,701.0,5.06,5.19,51,18
2026-07-17T14:00,29.9,31.4,577.0,636.0,4.19,5.22,36,6
2026-07-17T15:00,29.0,28.1,428.0,470.0,4.65,6.73,15,0
2026-07-17T16:00,27.6,27.0,293.0,292.0,6.36,6.67,0,0
2026-07-17T17:00,25.8,25.3,129.0,129.0,5.85,6.37,0,0
2026-07-17T18:00,24.4,23.8,18.0,17.0,6.45,5.7,0,35
2026-07-17T19:00,23.4,22.9,0.0,0.0,6.0,5.63,6,52
2026-07-17T20:00,22.6,22.5,0.0,0.0,5.22,5.0,9,51
2026-07-17T21:00,22.0,22.1,0.0,0.0,4.9,4.12,25,66
2026-07-17T22:00,21.5,21.7,0.0,0.0,3.9,3.76,30,65
2026-07-17T23:00,21.2,21.3,0.0,0.0,3.9,3.37,34,58
2026-07-18T00:00,20.5,21.0,0.0,0.0,4.18,3.05,56,61
2026-07-18T01:00,20.4,20.8,0.0,0.0,4.21,4.19,44,65
2026-07-18T02:00,20.2,20.7,0.0,0.0,3.78,4.25,59,64
2026-07-18T03:00,19.9,20.5,2.0,2.0,3.55,3.47,63,72
2026-07-18T04:00,20.8,20.9,56.0,56.0,4.09,3.83,67,80
2026-07-18T05:00,22.8,22.3,165.0,182.0,4.44,4.61,58,73
2026-07-18T06:00,24.6,23.9,311.0,293.0,3.49,2.81,58,68
2026-07-18T07:00,26.3,25.7,489.0,459.0,3.53,4.16,45,51
2026-07-18T08:00,27.5,27.4,638.0,637.0,4.57,4.86,49,51
2026-07-18T09:00,28.6,28.7,749.0,754.0,4.59,5.19,37,38
2026-07-18T10:00,29.4,29.6,846.0,830.0,4.57,5.22,40,58
2026-07-18T11:00,29.9,30.1,822.0,815.0,4.08,5.14,49,48
2026-07-18T12:00,30.2,30.1,779.0,758.0,5.58,6.17,33,14
2026-07-18T13:00,30.0,30.1,734.0,749.0,6.19,6.44,38,19
2026-07-18T14:00,29.5,29.5,600.0,621.0,6.19,6.88,33,19
2026-07-18T15:00,28.8,28.7,452.0,458.0,5.83,7.01,21,100
2026-07-18T16:00,27.7,27.6,286.0,257.0,6.23,6.64,76,89
2026-07-18T17:00,26.1,26.3,124.0,111.0,6.76,6.67,8,37
2026-07-18T18:00,24.6,24.3,17.0,16.0,8.02,7.29,10,82
2026-07-18T19:00,23.5,23.2,0.0,0.0,8.12,7.89,14,10
2026-07-18T20:00,22.9,22.6,0.0,0.0,7.5,7.81,16,2
2026-07-18T21:00,22.3,22.1,0.0,0.0,7.19,7.32,5,1
2026-07-18T22:00,21.8,21.6,0.0,0.0,7.27,7.08,0,12
2026-07-18T23:00,21.4,21.3,0.0,0.0,6.56,7.17,10,22
2026-07-19T00:00,20.9,20.3,0.0,0.0,6.41,5.99,28,0
2026-07-19T01:00,20.5,19.9,0.0,0.0,6.18,5.6,29,0
2026-07-19T02:00,20.3,19.6,0.0,0.0,6.41,5.41,38,9
2026-07-19T03:00,20.2,19.5,2.0,2.0,5.92,4.71,50,34
2026-07-19T04:00,21.0,20.2,63.0,66.0,5.78,4.97,48,31
2026-07-19T05:00,22.7,22.3,197.0,210.0,5.85,5.48,27,10
2026-07-19T06:00,24.5,24.2,373.0,386.0,4.31,3.38,32,15
2026-07-19T07:00,26.4,26.1,536.0,553.0,4.9,3.77,43,63
2026-07-19T08:00,28.0,27.9,669.0,701.0,4.97,4.47,45,28
2026-07-19T09:00,29.3,29.2,783.0,807.0,5.55,4.91,40,25
2026-07-19T10:00,30.4,30.0,854.0,866.0,6.29,5.09,63,28
2026-07-19T11:00,31.0,30.2,877.0,823.0,6.54,5.51,11,49
2026-07-19T12:00,31.0,30.8,829.0,800.0,6.85,6.79,22,43
2026-07-19T13:00,30.7,30.6,706.0,714.0,7.06,7.3,33,11
2026-07-19T14:00,30.1,29.9,604.0,616.0,7.57,7.72,0,0
2026-07-19T15:00,29.1,28.8,462.0,462.0,7.7,8.34,0,0
2026-07-19T16:00,27.9,27.5,289.0,289.0,7.91,8.39,0,0
2026-07-19T17:00,26.3,26.0,125.0,124.0,7.66,7.57,0,0
2026-07-19T18:00,24.6,24.5,16.0,16.0,8.84,8.4,0,0
2026-07-19T19:00,23.3,23.3,0.0,0.0,9.23,9.52,0,0
2026-07-19T20:00,22.6,22.6,0.0,0.0,8.77,9.46,5,0
2026-07-19T21:00,22.1,22.1,0.0,0.0,8.17,8.73,13,0
2026-07-19T22:00,21.7,21.7,0.0,0.0,7.89,8.75,27,0
2026-07-19T23:00,21.3,21.3,0.0,0.0,7.75,8.15,31,2
2026-07-20T00:00,21.1,20.8,0.0,0.0,7.74,8.09,34,0
2026-07-20T01:00,20.9,20.6,0.0,0.0,7.55,7.77,24,0
2026-07-20T02:00,20.6,20.3,0.0,0.0,7.15,7.29,20,3
2026-07-20T03:00,20.4,20.2,2.0,2.0,6.86,7.41,21,41
2026-07-20T04:00,21.1,21.0,64.0,61.0,6.56,7.51,40,67
2026-07-20T05:00,22.5,22.2,181.0,168.0,6.31,7.56,54,68
2026-07-20T06:00,24.4,24.1,361.0,326.0,4.8,4.56,29,66
2026-07-20T07:00,26.3,25.7,528.0,494.0,4.56,4.52,40,50
2026-07-20T08:00,28.2,27.4,657.0,658.0,5.56,4.62,39,45
2026-07-20T09:00,29.5,28.8,773.0,762.0,5.71,4.35,34,43
2026-07-20T10:00,30.4,29.9,833.0,794.0,6.14,4.12,43,100
2026-07-20T11:00,31.2,28.1,852.0,574.0,6.26,4.65,21,100
2026-07-20T12:00,31.1,31.4,827.0,641.0,5.83,3.53,40,100
2026-07-20T13:00,30.4,29.0,652.0,377.0,6.17,4.22,100,100
2026-07-20T14:00,24.7,29.4,201.0,385.0,2.07,3.17,100,100
2026-07-20T15:00,25.7,29.8,248.0,342.0,1.46,2.59,56,99
2026-07-20T16:00,26.2,29.4,232.0,251.0,1.96,2.5,100,82
2026-07-20T17:00,25.9,28.7,103.0,120.0,1.86,2.37,56,13
2026-07-20T18:00,24.5,24.2,15.0,14.0,2.45,1.12,88,18
2026-07-20T19:00,23.8,23.4,0.0,0.0,2.56,0.84,99,98
2026-07-20T20:00,23.0,22.8,0.0,0.0,1.57,1.1,94,35
2026-07-20T21:00,22.3,22.4,0.0,0.0,1.57,0.6,43,39
2026-07-20T22:00,22.1,22.0,0.0,0.0,1.28,0.22,71,40
2026-07-20T23:00,21.7,21.7,0.0,0.0,1.89,0.88,100,59
2026-07-21T00:00,21.0,21.5,0.0,0.0,1.41,2.97,100,37
2026-07-21T01:00,20.6,20.9,0.0,0.0,1.8,0.79,97,100
2026-07-21T02:00,20.4,20.8,0.0,0.0,0.93,1.53,100,100
2026-07-21T03:00,20.2,20.3,1.0,1.0,0.69,5.39,100,100
2026-07-21T04:00,20.5,20.5,44.0,26.0,3.33,4.44,100,100
2026-07-21T05:00,21.9,21.3,175.0,135.0,2.72,1.5,67,96
2026-07-21T06:00,23.3,21.7,290.0,164.0,3.82,1.96,47,100
2026-07-21T07:00,24.7,23.0,491.0,220.0,2.94,2.37,40,100
2026-07-21T08:00,26.0,24.6,661.0,351.0,2.76,2.92,59,84
2026-07-21T09:00,27.1,25.7,717.0,511.0,2.26,4.08,52,61
2026-07-21T10:00,28.3,26.7,787.0,651.0,1.86,4.86,54,100
2026-07-21T11:00,29.4,26.4,771.0,671.0,2.24,4.88,48,95
2026-07-21T12:00,29.7,26.8,722.0,765.0,2.28,3.78,64,39
2026-07-21T13:00,30.1,26.9,667.0,657.0,2.5,3.88,62,97
2026-07-21T14:00,30.1,26.9,574.0,503.0,2.24,3.26,32,61
2026-07-21T15:00,29.5,25.9,437.0,364.0,1.06,3.19,40,94
2026-07-21T16:00,28.1,24.4,282.0,203.0,3.59,2.92,26,45
2026-07-21T17:00,26.0,24.1,122.0,110.0,5.31,2.33,13,0
2026-07-21T18:00,24.4,24.8,15.0,15.0,5.98,3.25,0,36
2026-07-21T19:00,23.3,23.8,0.0,0.0,5.89,2.27,0,17
2026-07-21T20:00,22.4,22.9,0.0,0.0,5.79,1.1,0,32
2026-07-21T21:00,21.7,22.2,0.0,0.0,5.94,1.81,0,17
2026-07-21T22:00,21.1,22.1,0.0,0.0,6.11,2.26,0,5
2026-07-21T23:00,20.7,21.8,0.0,0.0,6.23,3.05,0,19
2026-07-22T00:00,20.6,21.2,0.0,0.0,6.15,1.47,0,100
2026-07-22T01:00,20.4,20.9,0.0,0.0,5.98,1.12,38,100
2026-07-22T02:00,20.2,20.6,0.0,0.0,6.09,2.07,65,100
2026-07-22T03:00,20.4,20.8,1.0,1.0,4.97,5.64,73,100
2026-07-22T04:00,21.0,20.5,46.0,28.0,4.13,6.31,100,100
2026-07-22T05:00,22.3,21.0,113.0,104.0,3.06,2.42,93,100
2026-07-22T06:00,23.2,19.5,229.0,47.0,1.8,5.92,100,100
2026-07-22T07:00,24.3,19.1,288.0,59.0,1.43,7.43,100,100
2026-07-22T08:00,25.3,19.5,406.0,115.0,2.37,6.96,100,100
2026-07-22T09:00,25.4,19.8,317.0,127.0,3.98,3.42,100,100
2026-07-22T10:00,24.5,19.5,254.0,124.0,4.52,4.3,100,100
2026-07-22T11:00,24.1,20.1,202.0,160.0,4.18,4.46,100,100
2026-07-22T12:00,21.0,20.0,118.0,65.0,3.73,8.45,100,100
2026-07-22T13:00,20.7,20.4,101.0,158.0,2.85,4.14,100,99
2026-07-22T14:00,20.3,20.0,91.0,68.0,1.53,5.13,100,100
2026-07-22T15:00,20.2,19.8,93.0,55.0,2.23,5.28,100,93
2026-07-22T16:00,19.8,19.7,56.0,89.0,5.31,5.96,98,94
2026-07-22T17:00,18.7,19.2,30.0,44.0,6.45,5.49,94,89
2026-07-22T18:00,18.7,18.5,4.0,6.0,4.15,7.27,100,89
2026-07-22T19:00,18.6,18.4,0.0,0.0,4.86,6.97,100,96
2026-07-22T20:00,18.5,18.1,0.0,0.0,5.11,7.32,100,93
2026-07-22T21:00,18.2,17.6,0.0,0.0,5.13,7.17,91,88
2026-07-22T22:00,17.8,17.1,0.0,0.0,6.34,8.32,87,71
2026-07-22T23:00,17.4,16.6,0.0,0.0,6.37,8.3,84,74
2026-07-23T00:00,17.7,16.4,0.0,0.0,5.84,8.37,99,75
2026-07-23T01:00,17.4,16.1,0.0,0.0,7.08,9.07,93,82
2026-07-23T02:00,17.1,15.8,0.0,0.0,7.19,8.91,96,68
2026-07-23T03:00,17.0,15.4,1.0,1.0,7.39,8.89,89,56
2026-07-23T04:00,17.2,15.7,34.0,59.0,7.48,8.45,93,55
2026-07-23T05:00,17.5,16.9,92.0,197.0,8.03,6.31,89,46
2026-07-23T06:00,18.1,18.2,280.0,350.0,9.7,6.09,53,60
2026-07-23T07:00,19.9,19.7,511.0,532.0,9.75,5.71,65,40
2026-07-23T08:00,21.0,21.3,596.0,685.0,10.05,5.98,68,48
2026-07-23T09:00,22.2,22.4,711.0,697.0,8.72,6.32,51,63
2026-07-23T10:00,23.5,23.7,856.0,770.0,8.68,5.83,23,55
2026-07-23T11:00,24.3,24.5,896.0,788.0,8.54,5.64,9,62
2026-07-23T12:00,24.4,25.3,863.0,760.0,8.72,5.11,0,48
2026-07-23T13:00,24.5,25.3,779.0,618.0,8.39,4.69,0,45
2026-07-23T14:00,24.4,25.3,643.0,562.0,8.1,4.27,2,47
2026-07-23T15:00,24.0,24.9,476.0,399.0,7.63,3.53,5,50
2026-07-23T16:00,23.4,24.4,296.0,254.0,6.33,2.85,9,44
2026-07-23T17:00,22.2,23.3,124.0,113.0,5.31,1.98,31,54
2026-07-23T18:00,20.3,21.1,14.0,14.0,4.55,3.61,11,33
2026-07-23T19:00,19.3,20.1,0.0,0.0,5.34,3.54,6,23
2026-07-23T20:00,18.6,19.4,0.0,0.0,4.99,3.92,16,81
2026-07-23T21:00,18.2,19.2,0.0,0.0,4.45,3.95,54,86
2026-07-23T22:00,17.9,19.0,0.0,0.0,3.92,3.94,11,88
2026-07-23T23:00,17.5,18.8,0.0,0.0,3.42,3.55,41,88
2026-07-24T00:00,17.1,18.0,0.0,0.0,2.77,2.86,88,100
2026-07-24T01:00,16.8,17.7,0.0,0.0,3.58,2.42,48,100
2026-07-24T02:00,16.6,17.1,0.0,0.0,3.78,3.35,65,100
2026-07-24T03:00,16.5,16.8,1.0,1.0,3.54,3.42,100,100
2026-07-24T04:00,16.9,17.1,55.0,45.0,3.97,3.55,89,100
2026-07-24T05:00,18.3,18.7,192.0,162.0,3.84,3.33,94,100
2026-07-24T06:00,19.3,21.3,291.0,386.0,2.95,1.8,100,4
2026-07-24T07:00,20.5,22.8,432.0,564.0,1.84,0.81,100,0
2026-07-24T08:00,22.1,24.0,589.0,711.0,1.74,1.12,100,40
2026-07-24T09:00,23.4,24.8,753.0,782.0,1.95,0.63,80,61
2026-07-24T10:00,24.0,25.2,812.0,784.0,1.69,0.66,61,100
2026-07-24T11:00,24.3,25.0,810.0,656.0,1.79,0.79,91,96
2026-07-24T12:00,24.9,25.4,583.0,747.0,1.23,0.88,100,87
2026-07-24T13:00,24.9,25.2,564.0,563.0,1.23,0.83,80,100
2026-07-24T14:00,23.9,24.0,424.0,313.0,2.42,2.16,100,100
2026-07-24T15:00,23.0,23.2,323.0,260.0,0.79,2.79,98,100
2026-07-24T16:00,22.7,23.0,232.0,227.0,0.53,2.76,70,100
2026-07-24T17:00,21.8,21.7,110.0,105.0,1.08,2.92,100,100
2026-07-24T18:00,20.6,21.1,12.0,10.0,2.33,4.25,100,100
2026-07-24T19:00,20.0,20.2,0.0,0.0,2.53,5.1,8,100
2026-07-24T20:00,19.4,19.3,0.0,0.0,4.46,5.66,17,100
2026-07-24T21:00,19.2,19.1,0.0,0.0,6.82,6.8,100,100
2026-07-24T22:00,18.3,18.3,0.0,0.0,8.34,6.97,100,100
2026-07-24T23:00,17.7,17.9,0.0,0.0,8.13,7.25,100,100
2026-07-25T00:00,17.2,17.1,0.0,0.0,8.09,6.49,100,100
2026-07-25T01:00,16.7,16.8,0.0,0.0,7.84,6.91,100,100
2026-07-25T02:00,16.1,16.5,0.0,0.0,9.74,8.22,100,100
2026-07-25T03:00,15.8,16.1,1.0,1.0,9.42,8.98,99,100
2026-07-25T04:00,16.0,16.2,47.0,42.0,9.81,9.69,100,84
2026-07-25T05:00,17.0,17.0,170.0,174.0,8.36,8.02,48,100
2026-07-25T06:00,18.6,17.9,383.0,261.0,7.81,7.39,89,100
2026-07-25T07:00,19.8,19.1,529.0,366.0,7.65,6.99,50,100
2026-07-25T08:00,21.2,20.3,662.0,487.0,7.47,7.44,100,100
2026-07-25T09:00,22.4,21.7,750.0,589.0,7.87,7.89,100,100
2026-07-25T10:00,23.2,22.9,807.0,662.0,8.12,7.36,59,100
2026-07-25T11:00,23.8,23.2,820.0,622.0,7.82,7.28,83,100
2026-07-25T12:00,24.3,23.8,676.0,656.0,7.16,6.64,73,100
2026-07-25T13:00,24.7,24.0,637.0,571.0,6.91,6.24,37,100
2026-07-25T14:00,24.8,24.1,588.0,514.0,6.45,5.59,83,100
2026-07-25T15:00,24.4,23.8,392.0,328.0,6.82,5.39,51,100
2026-07-25T16:00,23.7,23.0,267.0,194.0,6.04,5.92,29,100
2026-07-25T17:00,22.5,22.0,116.0,83.0,6.01,4.96,16,100
2026-07-25T18:00,21.4,20.8,13.0,10.0,6.36,4.73,0,53
2026-07-25T19:00,20.2,19.9,0.0,0.0,6.39,4.88,0,0
2026-07-25T20:00,19.4,19.2,0.0,0.0,6.32,5.39,0,0
2026-07-25T21:00,18.5,18.6,0.0,0.0,6.34,5.68,0,0
2026-07-25T22:00,17.9,17.9,0.0,0.0,6.79,6.32,0,0
2026-07-25T23:00,17.4,17.4,0.0,0.0,6.84,6.39,0,0
2026-07-26T00:00,17.2,17.0,0.0,0.0,7.5,6.58,0,0
2026-07-26T01:00,16.8,16.6,0.0,0.0,7.58,6.68,0,0
2026-07-26T02:00,16.4,16.3,0.0,0.0,7.27,7.27,0,0
2026-07-26T03:00,16.0,16.1,1.0,1.0,7.1,7.06,0,0
2026-07-26T04:00,16.4,16.5,60.0,60.0,6.73,6.72,0,0
2026-07-26T05:00,18.1,18.2,207.0,207.0,5.92,5.89,0,0
2026-07-26T06:00,20.0,19.9,383.0,384.0,3.11,4.92,0,0
2026-07-26T07:00,21.6,21.7,558.0,559.0,3.22,3.75,0,0
2026-07-26T08:00,23.3,23.5,707.0,711.0,3.26,3.83,0,0
2026-07-26T09:00,24.8,24.8,820.0,822.0,3.86,4.03,6,6
2026-07-26T10:00,25.6,25.8,841.0,887.0,4.26,3.55,63,4
2026-07-26T11:00,26.3,26.4,758.0,885.0,3.84,3.73,58,60
2026-07-26T12:00,26.8,26.6,722.0,698.0,3.35,3.76,19,27
2026-07-26T13:00,27.2,27.1,686.0,743.0,2.95,2.95,43,28
2026-07-26T14:00,27.2,27.1,603.0,593.0,3.11,3.13,46,36
2026-07-26T15:00,26.9,26.9,441.0,461.0,2.91,2.67,39,18
2026-07-26T16:00,26.2,26.1,269.0,273.0,2.98,2.64,28,24
2026-07-26T17:00,24.5,23.7,115.0,115.0,4.12,6.71,0,0
2026-07-26T18:00,22.1,21.9,12.0,12.0,9.51,9.83,0,0
2026-07-26T19:00,21.3,21.0,0.0,0.0,10.0,9.85,0,0
2026-07-26T20:00,20.6,20.2,0.0,0.0,10.38,8.66,24,7
2026-07-26T21:00,20.0,19.5,0.0,0.0,9.36,8.97,32,4
2026-07-26T22:00,19.4,19.2,0.0,0.0,8.51,9.21,1,31
2026-07-26T23:00,19.0,19.2,0.0,0.0,7.41,8.05,52,19
2026-07-27T00:00,18.9,18.4,0.0,0.0,6.6,7.37,100,88
2026-07-27T01:00,18.6,18.3,0.0,0.0,6.18,7.05,100,28
2026-07-27T02:00,18.3,18.1,0.0,0.0,5.98,7.4,2,70
2026-07-27T03:00,18.0,18.0,1.0,1.0,4.93,7.02,20,38
2026-07-27T04:00,18.3,18.6,57.0,56.0,3.66,6.67,36,38
2026-07-27T05:00,20.3,20.3,180.0,185.0,2.52,5.89,20,77
2026-07-27T06:00,22.5,22.2,371.0,329.0,2.69,4.22,10,100
2026-07-27T07:00,24.4,23.1,543.0,299.0,2.38,4.03,18,100
2026-07-27T08:00,26.0,23.5,604.0,327.0,2.33,4.67,100,100
2026-07-27T09:00,27.4,22.3,663.0,231.0,2.43,8.83,100,100
2026-07-27T10:00,28.0,20.8,608.0,210.0,3.07,3.84,100,100
2026-07-27T11:00,27.6,21.4,440.0,335.0,5.98,2.08,100,100
2026-07-27T12:00,27.9,21.5,328.0,156.0,3.6,3.33,100,100
2026-07-27T13:00,27.6,22.7,381.0,345.0,2.07,1.64,95,94
2026-07-27T14:00,27.8,23.8,436.0,521.0,0.69,2.15,51,76
2026-07-27T15:00,27.8,23.9,387.0,340.0,1.8,4.4,33,92
2026-07-27T16:00,27.6,23.9,268.0,155.0,0.44,2.77,49,58
2026-07-27T17:00,26.4,23.2,96.0,95.0,0.79,2.72,65,71
2026-07-27T18:00,25.9,23.4,10.0,9.0,2.64,4.11,84,35
2026-07-27T19:00,24.7,22.4,0.0,0.0,5.13,5.39,45,0
2026-07-27T20:00,23.7,21.7,0.0,0.0,4.17,5.43,38,0
2026-07-27T21:00,22.9,20.9,0.0,0.0,4.25,5.93,0,0
2026-07-27T22:00,22.5,20.3,0.0,0.0,4.69,6.47,0,0
2026-07-27T23:00,22.2,20.1,0.0,0.0,6.22,6.75,0,0
2026-07-28T00:00,22.3,21.0,0.0,0.0,6.93,5.89,0,26
2026-07-28T01:00,21.5,20.6,0.0,0.0,6.45,6.39,0,50
2026-07-28T02:00,21.0,20.1,0.0,0.0,7.12,6.51,0,0
2026-07-28T03:00,20.7,19.9,0.0,0.0,7.37,6.53,0,0
2026-07-28T04:00,21.2,20.1,54.0,55.0,7.49,6.35,0,0
2026-07-28T05:00,22.1,21.8,196.0,196.0,5.98,6.38,17,0
2026-07-28T06:00,23.6,23.4,366.0,368.0,4.82,3.95,16,0
2026-07-28T07:00,24.7,25.1,517.0,541.0,3.82,4.74,51,8
2026-07-28T08:00,25.3,26.5,580.0,688.0,4.42,3.8,64,27
2026-07-28T09:00,26.0,27.5,645.0,780.0,4.06,3.73,44,47
2026-07-28T10:00,26.9,28.4,718.0,821.0,4.52,3.51,80,59
2026-07-28T11:00,27.6,28.5,670.0,757.0,4.74,4.56,56,54
2026-07-28T12:00,28.5,28.4,736.0,730.0,4.79,5.43,61,62
2026-07-28T13:00,28.8,28.6,557.0,652.0,6.02,5.0,70,51
2026-07-28T14:00,28.8,28.5,537.0,537.0,5.89,4.48,52,31
2026-07-28T15:00,28.2,28.3,373.0,439.0,5.71,4.7,62,41
2026-07-28T16:00,27.5,27.6,229.0,273.0,5.19,3.44,69,3
2026-07-28T17:00,26.2,26.2,83.0,112.0,5.01,3.21,77,5
2026-07-28T18:00,23.7,23.8,9.0,8.0,5.04,1.88,7,2
2026-07-28T19:00,21.6,22.0,0.0,0.0,4.59,4.0,3,0
2026-07-28T20:00,20.3,21.5,0.0,0.0,3.75,4.32,0,9
2026-07-28T21:00,19.7,20.9,0.0,0.0,2.71,4.42,0,3
2026-07-28T22:00,19.4,20.5,0.0,0.0,1.82,4.35,0,5
2026-07-28T23:00,19.1,20.3,0.0,0.0,1.2,3.81,0,6
2026-07-29T00:00,17.9,19.5,0.0,0.0,1.85,3.43,37,10
2026-07-29T01:00,17.4,18.2,0.0,0.0,1.8,2.59,46,19
2026-07-29T02:00,16.8,17.8,0.0,0.0,2.07,3.24,41,26
2026-07-29T03:00,16.2,17.7,0.0,0.0,2.29,4.12,28,34
2026-07-29T04:00,16.8,18.5,55.0,50.0,2.94,5.14,2,28
2026-07-29T05:00,20.0,21.3,203.0,192.0,3.38,5.98,0,6
2026-07-29T06:00,23.1,23.7,376.0,369.0,2.45,2.5,6,9
2026-07-29T07:00,24.7,25.3,546.0,547.0,1.86,1.94,11,0
2026-07-29T08:00,26.0,26.6,700.0,696.0,1.67,1.63,0,25
2026-07-29T09:00,27.1,27.4,812.0,719.0,1.67,1.46,3,54
2026-07-29T10:00,28.0,28.1,848.0,706.0,1.18,1.01,58,77
2026-07-29T11:00,28.6,28.6,730.0,615.0,1.59,0.44,62,82
2026-07-29T12:00,28.7,29.0,680.0,686.0,1.28,2.26,68,70
2026-07-29T13:00,28.5,28.8,617.0,665.0,0.9,4.21,44,54
2026-07-29T14:00,27.9,28.3,507.0,567.0,2.72,4.78,49,48
2026-07-29T15:00,27.2,26.8,385.0,395.0,4.53,6.06,30,19
2026-07-29T16:00,25.8,25.9,255.0,261.0,5.24,5.53,0,18
2026-07-29T17:00,24.4,24.4,107.0,104.0,5.73,5.35,0,9
2026-07-29T18:00,22.4,22.9,10.0,10.0,6.45,5.88,0,1
2026-07-29T19:00,21.3,21.7,0.0,0.0,6.63,6.11,0,0
2026-07-29T20:00,20.6,20.9,0.0,0.0,7.36,5.88,0,0
2026-07-29T21:00,19.8,19.9,0.0,0.0,5.49,5.41,0,0
2026-07-29T22:00,19.1,19.2,0.0,0.0,4.45,5.25,10,5
2026-07-29T23:00,18.8,18.7,0.0,0.0,4.21,4.97,0,6
2026-07-30T00:00,18.1,18.5,0.0,0.0,4.3,4.73,0,1
2026-07-30T01:00,17.8,18.3,0.0,0.0,3.9,4.33,1,24
2026-07-30T02:00,17.5,18.0,0.0,0.0,3.11,3.8,1,3
2026-07-30T03:00,17.1,17.7,0.0,0.0,2.64,3.08,0,3
2026-07-30T04:00,17.7,18.2,51.0,51.0,2.26,2.48,2,1
2026-07-30T05:00,20.1,20.5,191.0,191.0,2.08,2.0,3,0
2026-07-30T06:00,22.5,22.9,361.0,365.0,1.33,0.71,5,6
2026-07-30T07:00,24.6,24.9,538.0,532.0,0.4,0.88,1,25
2026-07-30T08:00,26.6,26.9,690.0,676.0,0.63,1.77,0,25
2026-07-30T09:00,28.0,28.1,803.0,790.0,0.77,2.21,0,15
2026-07-30T10:00,28.6,28.7,771.0,799.0,0.35,1.87,69,66
2026-07-30T11:00,29.3,29.3,657.0,674.0,0.44,2.06,77,72
2026-07-30T12:00,29.5,29.3,605.0,646.0,0.14,2.61,83,67
2026-07-30T13:00,29.4,28.8,533.0,606.0,0.92,5.21,62,52
2026-07-30T14:00,28.8,28.2,448.0,557.0,4.9,4.08,60,10
2026-07-30T15:00,27.6,27.7,369.0,443.0,5.57,4.13,25,0
2026-07-30T16:00,26.6,26.7,262.0,268.0,5.68,4.49,14,0
2026-07-30T17:00,25.0,25.0,104.0,106.0,4.96,4.76,2,0
2026-07-30T18:00,23.2,23.4,9.0,9.0,4.62,4.37,0,0
2026-07-30T19:00,21.6,21.9,0.0,0.0,4.21,4.13,0,0
2026-07-30T20:00,20.6,21.2,0.0,0.0,4.39,4.0,0,0
2026-07-30T21:00,20.2,20.9,0.0,0.0,3.94,3.63,0,0
2026-07-30T22:00,19.3,20.5,0.0,0.0,2.85,3.08,0,0
2026-07-30T23:00,18.7,19.8,0.0,0.0,2.26,2.33,0,0
2026-07-31T00:00,18.7,18.8,0.0,0.0,1.53,1.71,14,7
2026-07-31T01:00,17.5,18.6,0.0,0.0,0.35,2.64,38,0
2026-07-31T02:00,17.1,18.1,0.0,0.0,1.15,3.98,37,0
2026-07-31T03:00,16.5,17.1,0.0,0.0,0.79,1.87,4,0
2026-07-31T04:00,17.1,17.5,50.0,49.0,1.02,1.12,0,0
2026-07-31T05:00,19.8,20.0,193.0,190.0,1.18,0.59,0,0
2026-07-31T06:00,23.8,23.3,369.0,365.0,1.5,0.79,0,0
2026-07-31T07:00,25.8,25.2,542.0,540.0,1.06,0.9,0,0
2026-07-31T08:00,27.3,26.9,693.0,692.0,0.66,1.38,0,0
2026-07-31T09:00,28.2,28.2,679.0,802.0,1.8,1.87,79,19
2026-07-31T10:00,29.0,29.1,649.0,846.0,2.61,2.76,87,32
2026-07-31T11:00,29.3,29.5,675.0,860.0,4.04,4.23,58,34
2026-07-31T12:00,29.1,29.2,715.0,692.0,5.56,4.99,38,50
2026-07-31T13:00,28.9,28.9,716.0,697.0,4.52,5.53,27,20
2026-07-31T14:00,28.7,28.5,593.0,600.0,4.31,5.0,5,5
2026-07-31T15:00,27.4,27.6,446.0,443.0,5.96,4.87,8,2
2026-07-31T16:00,25.9,26.1,266.0,269.0,5.33,5.4,11,0
2026-07-31T17:00,24.4,24.4,104.0,103.0,4.69,4.91,6,0
2026-07-31T18:00,22.7,22.7,8.0,8.0,4.37,5.47,0,5
2026-07-31T19:00,21.2,21.2,0.0,0.0,3.61,4.3,0,0
2026-07-31T20:00,20.4,20.3,0.0,0.0,2.77,3.47,0,0
2026-07-31T21:00,19.5,19.6,0.0,0.0,1.47,2.5,0,0
2026-07-31T22:00,18.4,18.8,0.0,0.0,0.71,1.28,0,0
2026-07-31T23:00,17.4,17.7,0.0,0.0,1.97,1.12,0,2
2026-08-01T00:00,17.0,17.3,0.0,0.0,2.46,2.55,0,0
2026-08-01T01:00,16.5,16.8,0.0,0.0,3.59,3.41,0,2
2026-08-01T02:00,16.1,16.1,0.0,0.0,3.78,3.54,0,1
2026-08-01T03:00,15.9,15.9,0.0,0.0,3.89,3.84,0,2
2026-08-01T04:00,16.7,17.0,49.0,49.0,3.77,3.57,0,0
2026-08-01T05:00,19.7,19.8,193.0,193.0,3.77,2.89,0,0
2026-08-01T06:00,23.4,23.5,372.0,371.0,3.33,3.07,0,0
2026-08-01T07:00,25.5,25.6,549.0,549.0,2.32,2.1,0,0
2026-08-01T08:00,27.3,27.4,702.0,704.0,2.67,2.05,0,0
2026-08-01T09:00,28.6,28.8,816.0,818.0,2.75,2.46,0,0
2026-08-01T10:00,29.6,29.8,880.0,882.0,2.76,2.65,0,0
2026-08-01T11:00,30.2,30.3,890.0,892.0,3.17,2.95,0,0
2026-08-01T12:00,29.8,30.2,848.0,846.0,3.87,3.43,0,0
2026-08-01T13:00,29.6,30.1,755.0,754.0,4.31,3.94,0,0
2026-08-01T14:00,29.1,29.5,620.0,619.0,4.46,4.33,0,0
2026-08-01T15:00,28.3,28.5,452.0,452.0,4.19,4.39,0,0
2026-08-01T16:00,27.2,27.4,270.0,270.0,4.02,4.08,0,0
2026-08-01T17:00,25.4,25.6,103.0,103.0,3.88,3.67,0,0
2026-08-01T18:00,23.7,24.0,7.0,7.0,2.78,3.38,0,0
2026-08-01T19:00,22.7,22.6,0.0,0.0,2.39,3.11,0,0
2026-08-01T20:00,21.5,21.2,0.0,0.0,1.87,2.64,0,0
2026-08-01T21:00,19.7,19.8,0.0,0.0,1.55,2.1,0,0
2026-08-01T22:00,18.7,18.8,0.0,0.0,1.31,0.88,0,2
2026-08-01T23:00,18.0,18.0,0.0,0.0,1.32,1.1,0,0
2026-08-02T00:00,17.4,17.0,0.0,0.0,1.75,2.33,0,0
2026-08-02T01:00,16.7,16.5,0.0,0.0,2.43,3.4,0,0
2026-08-02T02:00,16.4,16.6,0.0,0.0,3.19,4.24,0,0
2026-08-02T03:00,16.4,16.5,0.0,0.0,3.54,4.21,0,0
2026-08-02T04:00,17.0,17.0,48.0,49.0,3.4,4.21,0,0
2026-08-02T05:00,20.0,20.4,193.0,191.0,4.19,5.04,0,0
2026-08-02T06:00,24.4,24.1,370.0,369.0,4.44,5.19,0,0
2026-08-02T07:00,26.4,26.1,547.0,545.0,3.61,3.94,0,0
2026-08-02T08:00,28.0,28.0,700.0,697.0,3.92,3.99,0,0
2026-08-02T09:00,29.4,29.6,811.0,811.0,4.08,4.26,0,0
2026-08-02T10:00,30.4,30.6,876.0,876.0,4.28,4.96,0,13
2026-08-02T11:00,30.9,30.9,884.0,881.0,4.71,5.54,13,12
2026-08-02T12:00,30.5,30.4,843.0,815.0,5.03,5.28,11,19
2026-08-02T13:00,30.2,30.3,739.0,735.0,4.8,4.9,20,11
2026-08-02T14:00,29.5,29.6,585.0,601.0,5.69,5.63,17,15
2026-08-02T15:00,28.6,28.6,433.0,439.0,5.29,5.38,4,17
2026-08-02T16:00,27.4,27.4,263.0,265.0,5.3,5.24,0,0
2026-08-02T17:00,25.3,25.3,100.0,102.0,5.2,4.99,0,0
2026-08-02T18:00,23.1,22.8,7.0,7.0,4.45,5.28,0,0
2026-08-02T19:00,21.4,20.9,0.0,0.0,3.52,4.61,0,0
2026-08-02T20:00,20.1,19.8,0.0,0.0,2.54,3.83,0,0
2026-08-02T21:00,18.8,19.0,0.0,0.0,2.16,3.34,0,0
2026-08-02T22:00,18.0,18.3,0.0,0.0,2.08,3.11,0,0
2026-08-02T23:00,17.5,17.6,0.0,0.0,2.37,3.42,0,0
2026-08-03T00:00,17.1,17.2,0.0,0.0,3.07,3.41,1,0
2026-08-03T01:00,16.7,16.7,0.0,0.0,3.19,3.29,0,0
2026-08-03T02:00,16.5,16.2,0.0,0.0,3.15,3.35,0,0
2026-08-03T03:00,16.6,15.9,0.0,0.0,3.64,3.54,17,0
2026-08-03T04:00,17.6,16.6,43.0,45.0,4.04,3.44,3,0
2026-08-03T05:00,20.3,19.6,168.0,185.0,4.03,3.29,52,0
2026-08-03T06:00,22.6,23.8,212.0,358.0,3.33,3.23,73,0
2026-08-03T07:00,24.8,26.6,308.0,524.0,2.91,1.88,81,30
2026-08-03T08:00,26.0,28.3,385.0,616.0,4.52,2.06,98,63
2026-08-03T09:00,26.4,29.4,453.0,636.0,3.64,1.81,100,64
2026-08-03T10:00,27.0,30.5,552.0,714.0,3.15,1.8,100,63
2026-08-03T11:00,28.0,31.1,501.0,716.0,0.63,2.47,100,59
2026-08-03T12:00,28.2,31.4,540.0,704.0,2.8,3.44,99,63
2026-08-03T13:00,29.0,31.2,593.0,595.0,2.29,3.43,93,62
2026-08-03T14:00,29.1,30.9,487.0,498.0,2.64,2.55,46,36
2026-08-03T15:00,28.9,29.6,384.0,388.0,3.4,4.96,84,32
2026-08-03T16:00,28.2,28.7,186.0,245.0,2.5,3.42,82,33
2026-08-03T17:00,26.8,27.1,66.0,89.0,2.58,3.75,78,54
2026-08-03T18:00,25.3,24.8,5.0,6.0,2.83,3.95,38,0
2026-08-03T19:00,24.3,23.7,0.0,0.0,2.65,3.27,18,1
2026-08-03T20:00,23.3,23.0,0.0,0.0,1.68,2.58,22,32
2026-08-03T21:00,23.0,23.1,0.0,0.0,1.9,1.93,45,61
2026-08-03T22:00,22.7,22.5,0.0,0.0,2.47,3.07,56,58
2026-08-03T23:00,22.4,22.4,0.0,0.0,3.11,3.53,45,44
2026-08-04T00:00,22.2,22.5,0.0,0.0,4.17,5.66,47,50
2026-08-04T01:00,21.9,21.9,0.0,0.0,4.86,6.23,5,17
2026-08-04T02:00,21.5,21.7,0.0,0.0,4.74,5.09,0,30
2026-08-04T03:00,21.0,21.5,0.0,0.0,4.33,3.97,11,5
2026-08-04T04:00,21.0,21.6,43.0,43.0,4.1,3.03,11,0
2026-08-04T05:00,22.7,22.9,181.0,179.0,3.2,3.27,4,10
2026-08-04T06:00,24.8,24.7,355.0,347.0,3.47,4.08,9,19
2026-08-04T07:00,27.0,26.6,528.0,520.0,2.11,2.45,9,0
2026-08-04T08:00,29.2,29.1,681.0,674.0,1.47,1.74,24,7
2026-08-04T09:00,31.0,31.2,788.0,783.0,0.75,1.31,1,11
2026-08-04T10:00,31.9,32.7,706.0,854.0,1.06,1.81,51,7
2026-08-04T11:00,32.7,32.9,706.0,668.0,2.19,4.3,51,77
2026-08-04T12:00,32.7,33.3,630.0,753.0,5.04,2.02,85,66
2026-08-04T13:00,32.4,33.5,606.0,600.0,4.5,1.95,31,47
2026-08-04T14:00,31.8,32.7,570.0,463.0,5.06,4.08,16,43
2026-08-04T15:00,30.5,31.8,422.0,374.0,4.79,4.74,3,25
2026-08-04T16:00,29.2,30.9,253.0,247.0,4.82,4.32,0,27
2026-08-04T17:00,27.4,28.5,92.0,91.0,3.82,5.49,0,0
2026-08-04T18:00,25.4,25.6,6.0,5.0,4.19,5.38,0,0
2026-08-04T19:00,23.5,24.5,0.0,0.0,3.55,4.1,0,0
2026-08-04T20:00,22.8,23.8,0.0,0.0,2.43,3.5,0,0
2026-08-04T21:00,22.7,23.3,0.0,0.0,1.67,1.96,0,0
2026-08-04T22:00,21.5,22.5,0.0,0.0,0.66,1.69,0,0
2026-08-04T23:00,21.0,21.8,0.0,0.0,1.86,2.09,0,0
2026-08-05T00:00,21.4,21.4,0.0,0.0,3.4,4.0,0,4
2026-08-05T01:00,21.1,21.0,0.0,0.0,3.8,5.04,19,0
2026-08-05T02:00,20.6,20.7,0.0,0.0,4.91,5.61,13,0
2026-08-05T03:00,20.5,20.3,0.0,0.0,5.61,5.83,13,0
2026-08-05T04:00,20.9,20.6,40.0,41.0,5.85,5.59,19,0
2026-08-05T05:00,23.2,22.8,173.0,178.0,5.12,5.19,19,2
2026-08-05T06:00,26.4,26.4,346.0,352.0,2.75,4.91,0,0
2026-08-05T07:00,29.0,29.0,518.0,526.0,1.67,2.45,3,0
2026-08-05T08:00,30.7,31.3,669.0,681.0,3.65,2.38,1,0
2026-08-05T09:00,31.7,32.8,782.0,786.0,4.22,4.43,0,31
2026-08-05T10:00,32.3,33.4,845.0,814.0,4.71,6.26,0,0
2026-08-05T11:00,32.6,33.1,858.0,867.0,4.79,6.92,0,0
2026-08-05T12:00,33.2,33.2,820.0,787.0,5.14,6.47,0,9
2026-08-05T13:00,32.9,32.7,727.0,726.0,5.09,6.62,2,0
2026-08-05T14:00,32.3,31.6,594.0,596.0,4.89,6.84,20,0
2026-08-05T15:00,31.5,30.3,428.0,429.0,4.92,6.02,0,0
2026-08-05T16:00,30.3,29.0,254.0,251.0,4.53,5.58,0,0
2026-08-05T17:00,28.5,27.0,91.0,89.0,3.77,5.33,0,0
2026-08-05T18:00,27.1,25.0,5.0,5.0,3.24,3.94,0,0
2026-08-05T19:00,26.0,23.4,0.0,0.0,2.37,3.78,0,0
2026-08-05T20:00,25.3,22.2,0.0,0.0,2.02,2.71,0,0
2026-08-05T21:00,24.1,21.0,0.0,0.0,2.61,0.79,0,0
2026-08-05T22:00,23.1,20.1,0.0,0.0,4.08,0.81,0,0
2026-08-05T23:00,22.7,19.9,0.0,0.0,5.06,1.53,8,0
2026-08-06T00:00,22.4,20.8,0.0,0.0,5.06,4.25,0,0
2026-08-06T01:00,22.2,20.8,0.0,0.0,5.62,5.09,22,8
2026-08-06T02:00,22.0,20.5,0.0,0.0,6.03,5.45,4,30
2026-08-06T03:00,21.7,20.3,0.0,0.0,6.33,5.63,26,10
2026-08-06T04:00,22.4,20.7,37.0,39.0,5.72,5.06,31,11
2026-08-06T05:00,24.1,23.0,167.0,171.0,3.94,4.87,36,9
2026-08-06T06:00,27.0,27.0,326.0,340.0,2.7,4.03,43,12
2026-08-06T07:00,29.3,28.7,478.0,513.0,1.46,4.91,33,3
2026-08-06T08:00,30.9,29.9,655.0,667.0,3.65,4.5,8,0
2026-08-06T09:00,31.5,31.1,770.0,780.0,4.62,4.98,25,0
2026-08-06T10:00,32.3,31.8,830.0,847.0,5.23,4.9,7,0
2026-08-06T11:00,32.6,32.3,858.0,858.0,5.89,4.52,0,4
2026-08-06T12:00,32.8,31.8,811.0,808.0,5.49,4.91,0,0
2026-08-06T13:00,32.3,31.6,729.0,716.0,5.52,4.77,0,0
2026-08-06T14:00,31.5,31.2,594.0,584.0,5.11,4.57,0,0
2026-08-06T15:00,30.7,30.6,428.0,421.0,4.3,4.51,0,0
2026-08-06T16:00,29.6,29.8,249.0,246.0,3.35,4.14,15,0
2026-08-06T17:00,28.0,28.2,87.0,88.0,2.81,3.46,12,0
2026-08-06T18:00,25.5,26.4,5.0,4.0,1.67,2.56,0,0
2026-08-06T19:00,24.3,24.6,0.0,0.0,1.06,2.46,0,0
2026-08-06T20:00,23.3,23.2,0.0,0.0,0.71,1.84,0,0
2026-08-06T21:00,22.6,22.3,0.0,0.0,0.29,1.55,0,0
2026-08-06T22:00,21.4,21.3,0.0,0.0,1.97,1.77,0,0
2026-08-06T23:00,21.0,21.2,0.0,0.0,3.45,1.77,0,0
2026-08-07T00:00,21.0,21.4,0.0,0.0,4.7,4.3,6,0
2026-08-07T01:00,20.9,21.2,0.0,0.0,4.93,4.61,38,3
2026-08-07T02:00,20.8,21.0,0.0,0.0,4.48,4.77,31,0
2026-08-07T03:00,20.4,21.0,0.0,0.0,4.37,5.66,35,0
2026-08-07T04:00,20.7,21.7,36.0,38.0,4.09,6.39,24,0
2026-08-07T05:00,22.8,24.1,166.0,170.0,3.95,6.88,16,21
2026-08-07T06:00,25.1,26.4,295.0,250.0,4.65,5.96,35,35
2026-08-07T07:00,27.5,28.4,470.0,458.0,4.17,5.29,38,47
2026-08-07T08:00,30.0,28.9,609.0,452.0,3.38,6.06,46,76
2026-08-07T09:00,32.1,30.1,720.0,482.0,3.66,5.42,24,67
2026-08-07T10:00,33.4,32.0,825.0,725.0,4.95,5.57,0,27
2026-08-07T11:00,33.6,32.9,827.0,802.0,5.24,6.14,14,21
2026-08-07T12:00,33.9,32.7,726.0,661.0,4.66,4.92,38,42
2026-08-07T13:00,33.2,33.0,545.0,638.0,2.63,5.75,70,74
2026-08-07T14:00,31.7,32.3,374.0,457.0,5.27,6.82,66,24
2026-08-07T15:00,30.9,31.3,294.0,395.0,3.63,7.0,96,0
2026-08-07T16:00,30.9,30.2,167.0,246.0,3.2,6.25,41,0
2026-08-07T17:00,30.0,28.6,78.0,86.0,5.25,4.59,0,0
2026-08-07T18:00,27.3,27.9,3.0,3.0,4.59,1.69,2,26
2026-08-07T19:00,26.3,26.5,0.0,0.0,5.92,4.02,0,0
2026-08-07T20:00,25.8,25.1,0.0,0.0,7.25,7.25,2,0
2026-08-07T21:00,25.4,24.7,0.0,0.0,8.09,9.04,20,6
2026-08-07T22:00,25.1,24.4,0.0,0.0,8.28,10.01,35,35
2026-08-07T23:00,24.4,24.1,0.0,0.0,9.72,11.08,7,30
2026-08-08T00:00,23.6,23.2,0.0,0.0,8.35,10.64,3,1
2026-08-08T01:00,22.9,22.8,0.0,0.0,9.09,10.41,20,14
2026-08-08T02:00,22.3,22.5,0.0,0.0,10.96,11.08,4,22
2026-08-08T03:00,21.9,22.3,0.0,0.0,10.24,10.28,21,57
2026-08-08T04:00,21.9,22.6,34.0,30.0,8.16,10.05,36,67
2026-08-08T05:00,23.1,23.7,156.0,143.0,7.84,9.12,39,53
2026-08-08T06:00,24.7,25.3,322.0,286.0,8.37,10.6,41,55
2026-08-08T07:00,26.8,26.3,482.0,444.0,9.31,9.25,40,47
2026-08-08T08:00,28.9,28.4,639.0,607.0,9.02,8.72,28,37
2026-08-08T09:00,30.3,30.2,754.0,750.0,8.65,8.74,29,20
2026-08-08T10:00,31.0,31.7,794.0,811.0,8.54,8.82,49,26
2026-08-08T11:00,31.4,32.6,766.0,787.0,8.24,8.14,40,74
2026-08-08T12:00,31.8,31.2,720.0,670.0,8.27,8.29,41,58
2026-08-08T13:00,32.1,31.5,673.0,634.0,7.65,7.56,30,42
2026-08-08T14:00,31.6,31.2,552.0,485.0,8.26,7.94,16,58
2026-08-08T15:00,30.8,31.0,398.0,358.0,8.93,7.74,3,22
2026-08-08T16:00,29.5,29.9,237.0,224.0,9.61,8.92,0,30
2026-08-08T17:00,27.7,28.1,81.0,78.0,9.81,9.78,1,2
2026-08-08T18:00,27.2,25.5,3.0,4.0,9.6,9.89,44,0
2026-08-08T19:00,25.9,24.2,0.0,0.0,9.81,10.16,55,0
2026-08-08T20:00,24.6,23.0,0.0,0.0,10.6,10.31,10,0
2026-08-08T21:00,23.4,21.9,0.0,0.0,10.19,10.07,14,0
2026-08-08T22:00,22.3,21.2,0.0,0.0,9.62,10.1,0,0
2026-08-08T23:00,21.5,20.6,0.0,0.0,9.54,9.84,18,0
2026-08-09T00:00,20.5,21.7,0.0,0.0,9.87,9.53,0,20
2026-08-09T01:00,20.0,21.3,0.0,0.0,10.07,9.09,1,10
2026-08-09T02:00,19.7,20.8,0.0,0.0,9.91,9.78,20,8
2026-08-09T03:00,19.4,20.4,0.0,0.0,9.63,9.77,23,32
2026-08-09T04:00,19.5,20.4,31.0,30.0,8.97,9.39,89,32
2026-08-09T05:00,20.4,21.0,140.0,143.0,8.57,8.63,17,98
2026-08-09T06:00,21.5,21.5,301.0,263.0,8.56,8.59,47,100
2026-08-09T07:00,23.3,23.0,461.0,420.0,7.46,8.54,66,100
2026-08-09T08:00,25.0,24.6,591.0,560.0,7.36,8.14,99,98
2026-08-09T09:00,26.0,26.3,601.0,700.0,7.27,7.76,100,72
2026-08-09T10:00,27.2,27.9,653.0,758.0,7.47,7.64,99,93
2026-08-09T11:00,28.4,28.7,715.0,706.0,7.06,7.39,100,93
2026-08-09T12:00,29.5,29.1,614.0,714.0,6.72,7.72,94,62
2026-08-09T13:00,29.8,29.7,578.0,643.0,6.61,7.25,91,44
2026-08-09T14:00,29.7,29.8,450.0,559.0,6.01,7.09,82,6
2026-08-09T15:00,29.5,29.3,358.0,416.0,5.83,6.99,58,0
2026-08-09T16:00,28.7,28.5,212.0,241.0,5.75,7.11,39,0
2026-08-09T17:00,27.4,27.0,76.0,81.0,6.36,6.86,14,0
2026-08-09T18:00,25.3,24.3,2.0,3.0,6.46,9.26,18,0
2026-08-09T19:00,24.1,23.4,0.0,0.0,6.63,9.43,0,0
2026-08-09T20:00,23.3,22.4,0.0,0.0,6.73,9.9,0,0
2026-08-09T21:00,22.5,21.7,0.0,0.0,6.41,9.6,0,0
2026-08-09T22:00,21.8,21.1,0.0,0.0,6.4,9.01,0,0
2026-08-09T23:00,21.4,20.5,0.0,0.0,7.34,8.53,0,0
2026-08-10T00:00,20.8,20.7,0.0,0.0,8.92,8.62,0,0
2026-08-10T01:00,20.3,20.3,0.0,0.0,8.48,8.36,0,0
2026-08-10T02:00,19.9,19.8,0.0,0.0,7.9,7.96,0,0
2026-08-10T03:00,19.3,19.2,0.0,0.0,7.47,7.48,0,0
2026-08-10T04:00,19.2,19.2,33.0,33.0,6.76,7.39,0,0
2026-08-10T05:00,20.6,20.4,164.0,165.0,6.15,6.86,0,0
2026-08-10T06:00,22.7,23.6,338.0,332.0,3.63,4.02,15,8
2026-08-10T07:00,24.6,25.9,509.0,508.0,3.04,3.63,26,0
2026-08-10T08:00,26.5,27.9,660.0,658.0,3.24,3.96,25,29
2026-08-10T09:00,27.8,29.3,780.0,765.0,2.87,3.82,5,1
2026-08-10T10:00,28.8,30.4,854.0,845.0,2.89,4.0,0,0
2026-08-10T11:00,29.6,31.1,868.0,857.0,3.35,4.59,0,0
2026-08-10T12:00,29.6,30.7,827.0,820.0,3.86,5.02,0,1
2026-08-10T13:00,29.9,30.8,734.0,726.0,4.17,5.58,0,3
2026-08-10T14:00,29.9,30.6,599.0,589.0,4.66,6.11,0,0
2026-08-10T15:00,29.2,30.0,429.0,422.0,3.95,6.35,0,10
2026-08-10T16:00,27.5,28.8,246.0,241.0,2.58,5.14,0,2
2026-08-10T17:00,25.0,26.9,80.0,80.0,4.57,2.77,0,0
2026-08-10T18:00,23.4,23.9,2.0,2.0,4.53,1.8,0,0
2026-08-10T19:00,22.2,22.5,0.0,0.0,3.46,1.36,0,0
2026-08-10T20:00,21.5,22.1,0.0,0.0,2.82,0.75,0,0
2026-08-10T21:00,21.2,21.6,0.0,0.0,2.37,0.79,0,0
2026-08-10T22:00,20.9,20.8,0.0,0.0,1.94,1.87,0,0
2026-08-10T23:00,20.5,20.3,0.0,0.0,1.59,2.83,0,0
2026-08-11T00:00,19.9,20.1,0.0,0.0,1.69,4.73,0,0
2026-08-11T01:00,19.4,19.9,0.0,0.0,2.1,5.13,0,0
2026-08-11T02:00,19.1,19.5,0.0,0.0,2.72,5.13,0,0
2026-08-11T03:00,18.9,19.0,0.0,0.0,3.07,5.0,0,0
2026-08-11T04:00,18.9,19.1,33.0,33.0,3.7,4.62,0,0
2026-08-11T05:00,20.8,20.5,166.0,168.0,3.82,4.24,0,0
2026-08-11T06:00,24.2,23.8,339.0,343.0,3.49,3.61,0,0
2026-08-11T07:00,26.7,26.4,516.0,522.0,2.02,2.34,0,0
2026-08-11T08:00,28.8,28.6,670.0,678.0,1.61,2.08,0,0
2026-08-11T09:00,30.2,30.2,785.0,793.0,1.41,1.58,0,0
2026-08-11T10:00,31.2,31.4,848.0,858.0,1.71,1.49,19,15
2026-08-11T11:00,31.9,32.2,820.0,846.0,1.81,1.63,39,38
2026-08-11T12:00,32.6,32.7,734.0,729.0,1.83,2.63,53,56
2026-08-11T13:00,32.3,32.7,623.0,608.0,2.55,1.96,46,57
2026-08-11T14:00,31.7,31.9,521.0,486.0,5.21,4.62,25,30
2026-08-11T15:00,30.8,31.1,390.0,387.0,4.72,3.86,23,9
2026-08-11T16:00,29.8,30.1,231.0,234.0,4.65,3.78,0,0
2026-08-11T17:00,27.8,28.1,76.0,75.0,4.44,3.61,0,0
2026-08-11T18:00,26.2,26.0,2.0,2.0,3.11,3.61,0,0
2026-08-11T19:00,25.2,25.1,0.0,0.0,2.89,3.29,0,0
2026-08-11T20:00,24.3,24.3,0.0,0.0,3.01,3.69,0,0
2026-08-11T21:00,23.7,23.7,0.0,0.0,2.84,3.63,0,0
2026-08-11T22:00,23.2,23.2,0.0,0.0,2.58,3.04,0,0
2026-08-11T23:00,22.9,23.1,0.0,0.0,2.15,2.43,0,0
2026-08-12T00:00,23.0,22.1,0.0,0.0,2.15,2.7,0,0
2026-08-12T01:00,21.7,21.9,0.0,0.0,2.85,2.29,0,0
2026-08-12T02:00,20.5,21.1,0.0,0.0,3.43,2.55,0,0
2026-08-12T03:00,19.8,20.3,0.0,0.0,4.44,6.98,0,0
2026-08-12T04:00,20.5,20.7,30.0,29.0,6.92,6.22,0,0
2026-08-12T05:00,22.5,22.1,157.0,156.0,7.01,6.8,0,0
2026-08-12T06:00,24.7,24.3,329.0,329.0,6.68,6.54,0,0
2026-08-12T07:00,26.9,26.9,504.0,502.0,7.58,7.24,0,0
2026-08-12T08:00,28.0,27.7,647.0,653.0,8.06,7.51,31,5
2026-08-12T09:00,28.9,28.9,724.0,764.0,7.83,7.67,47,0
2026-08-12T10:00,30.0,29.8,761.0,827.0,7.44,7.22,41,4
2026-08-12T11:00,30.9,30.4,809.0,835.0,7.34,6.93,30,12
2026-08-12T12:00,31.8,31.3,792.0,787.0,6.96,7.05,27,32
2026-08-12T13:00,31.6,31.0,689.0,681.0,7.04,7.02,37,38
2026-08-12T14:00,31.1,30.3,552.0,517.0,6.36,6.69,44,63
2026-08-12T15:00,29.9,29.3,359.0,358.0,5.7,6.1,39,50
2026-08-12T16:00,28.5,28.4,196.0,209.0,4.91,6.03,39,30
2026-08-12T17:00,27.0,26.8,65.0,67.0,4.83,6.31,43,30
2026-08-12T18:00,25.0,24.5,1.0,1.0,6.45,4.13,40,37
2026-08-12T19:00,23.9,23.4,0.0,0.0,7.01,5.22,47,42
2026-08-12T20:00,23.1,22.9,0.0,0.0,6.61,7.75,54,51
2026-08-12T21:00,23.0,22.6,0.0,0.0,8.67,8.06,64,54
2026-08-12T22:00,22.6,22.3,0.0,0.0,9.95,8.02,76,57
2026-08-12T23:00,22.0,21.9,0.0,0.0,9.34,9.52,56,71
2026-08-13T00:00,21.4,21.3,0.0,0.0,9.16,10.45,60,71
2026-08-13T01:00,21.1,21.0,0.0,0.0,9.03,10.52,63,61
2026-08-13T02:00,20.8,20.5,0.0,0.0,9.63,10.84,70,51
2026-08-13T03:00,20.7,19.9,0.0,0.0,9.73,11.17,78,5
2026-08-13T04:00,20.5,19.6,20.0,25.0,9.76,11.29,58,78
2026-08-13T05:00,20.9,20.2,125.0,113.0,8.62,9.38,46,58
2026-08-13T06:00,20.8,21.8,111.0,315.0,8.13,8.24,97,42
2026-08-13T07:00,22.0,23.1,191.0,444.0,7.65,7.94,73,67
2026-08-13T08:00,24.3,24.3,533.0,497.0,8.25,7.55,40,48
2026-08-13T09:00,25.6,25.4,739.0,666.0,7.44,7.62,22,40
2026-08-13T10:00,26.3,26.2,832.0,811.0,6.84,6.73,30,32
2026-08-13T11:00,26.7,26.8,838.0,842.0,5.96,6.18,12,33
2026-08-13T12:00,26.8,27.0,800.0,796.0,5.2,5.68,14,22
2026-08-13T13:00,26.8,27.0,705.0,713.0,4.86,5.42,13,23
2026-08-13T14:00,26.5,26.7,571.0,570.0,4.68,4.92,12,32
2026-08-13T15:00,25.9,26.0,405.0,396.0,4.39,4.61,20,24
2026-08-13T16:00,24.0,23.7,227.0,219.0,6.28,5.92,12,8
2026-08-13T17:00,21.9,22.1,69.0,69.0,5.17,4.39,0,0
2026-08-13T18:00,20.8,20.4,1.0,1.0,5.04,4.55,0,0
2026-08-13T19:00,19.6,19.4,0.0,0.0,4.11,3.57,0,2
2026-08-13T20:00,18.8,18.7,0.0,0.0,2.83,2.26,0,30
2026-08-13T21:00,17.7,17.3,0.0,0.0,2.75,2.09,11,4
2026-08-13T22:00,17.0,16.5,0.0,0.0,2.01,2.1,5,4
2026-08-13T23:00,16.5,16.1,0.0,0.0,2.91,2.95,1,0
2026-08-14T00:00,16.0,16.2,0.0,0.0,4.34,4.45,0,0
2026-08-14T01:00,15.9,15.9,0.0,0.0,5.45,5.29,0,0
2026-08-14T02:00,15.9,15.8,0.0,0.0,6.25,5.93,0,0
2026-08-14T03:00,15.8,15.7,0.0,0.0,6.97,6.9,0,27
2026-08-14T04:00,16.3,16.7,28.0,25.0,7.23,8.02,0,47
2026-08-14T05:00,18.7,18.9,161.0,129.0,7.41,8.1,0,59
2026-08-14T06:00,21.0,20.7,337.0,211.0,5.88,7.12,20,86
2026-08-14T07:00,22.6,22.4,441.0,285.0,6.05,6.29,76,75
2026-08-14T08:00,23.7,23.6,420.0,434.0,6.79,7.34,82,86
2026-08-14T09:00,23.9,23.5,430.0,334.0,8.9,7.45,91,93
2026-08-14T10:00,25.0,24.6,517.0,417.0,7.54,6.79,66,80
2026-08-14T11:00,25.2,25.3,566.0,540.0,6.13,6.59,69,90
2026-08-14T12:00,24.6,25.0,386.0,487.0,7.04,8.15,81,92
2026-08-14T13:00,24.9,25.2,472.0,453.0,6.25,6.12,65,56
2026-08-14T14:00,24.3,25.0,361.0,444.0,6.79,7.48,79,79
2026-08-14T15:00,23.9,24.2,245.0,283.0,6.37,7.14,50,65
2026-08-14T16:00,23.1,23.1,201.0,176.0,6.18,6.69,30,44
2026-08-14T17:00,21.7,21.9,63.0,62.0,5.69,6.28,10,6
2026-08-14T18:00,20.5,20.4,1.0,1.0,5.33,5.68,9,6
2026-08-14T19:00,19.1,18.9,0.0,0.0,4.71,4.98,0,0
2026-08-14T20:00,18.2,18.2,0.0,0.0,3.63,4.9,0,0
2026-08-14T21:00,17.4,17.6,0.0,0.0,3.07,4.7,0,17
2026-08-14T22:00,16.7,17.1,0.0,0.0,2.99,4.44,0,24
2026-08-14T23:00,16.3,16.8,0.0,0.0,3.67,4.84,0,9
2026-08-15T00:00,15.4,16.2,0.0,0.0,4.44,5.68,0,0
2026-08-15T01:00,15.3,15.6,0.0,0.0,5.38,5.57,0,0
2026-08-15T02:00,15.2,15.3,0.0,0.0,5.94,5.7,0,0
2026-08-15T03:00,15.1,15.1,0.0,0.0,6.68,6.57,0,0
2026-08-15T04:00,15.4,15.6,26.0,26.0,6.77,7.32,0,0
2026-08-15T05:00,18.0,18.4,156.0,156.0,6.75,7.63,0,0
2026-08-15T06:00,21.2,21.3,331.0,331.0,5.43,7.11,0,13
2026-08-15T07:00,23.4,23.7,509.0,508.0,4.57,5.06,0,1
2026-08-15T08:00,25.1,25.0,641.0,608.0,6.05,7.32,59,55
2026-08-15T09:00,25.4,25.7,562.0,687.0,6.44,6.75,73,38
2026-08-15T10:00,25.7,26.6,630.0,808.0,6.44,5.31,39,15
2026-08-15T11:00,26.0,26.0,689.0,672.0,6.9,7.37,80,77
2026-08-15T12:00,25.4,26.2,524.0,611.0,6.04,4.8,79,63
2026-08-15T13:00,25.5,25.5,546.0,532.0,5.8,7.32,56,58
2026-08-15T14:00,25.0,24.7,505.0,465.0,6.39,6.19,23,32
2026-08-15T15:00,24.2,24.0,383.0,385.0,6.66,6.87,13,5
2026-08-15T16:00,23.0,23.0,215.0,217.0,6.66,6.56,0,0
2026-08-15T17:00,21.6,21.5,63.0,63.0,6.18,6.37,0,0
2026-08-15T18:00,19.9,20.1,1.0,1.0,6.28,6.07,0,0
2026-08-15T19:00,18.4,18.7,0.0,0.0,5.19,5.51,0,0
2026-08-15T20:00,17.4,17.8,0.0,0.0,4.53,4.8,0,0
2026-08-15T21:00,16.7,17.0,0.0,0.0,4.02,4.24,0,0
2026-08-15T22:00,15.9,16.4,0.0,0.0,3.47,3.64,0,0
2026-08-15T23:00,15.1,15.8,0.0,0.0,3.32,2.85,0,0
2026-08-16T00:00,14.1,14.8,0.0,0.0,3.18,2.89,0,0
2026-08-16T01:00,13.4,14.2,0.0,0.0,2.91,2.22,0,0
2026-08-16T02:00,13.0,13.8,0.0,0.0,2.8,2.26,0,0
2026-08-16T03:00,12.6,13.5,0.0,0.0,2.54,2.39,0,0
2026-08-16T04:00,12.8,13.7,25.0,25.0,2.52,2.46,0,0
2026-08-16T05:00,15.5,16.1,154.0,152.0,2.48,2.37,0,0
2026-08-16T06:00,20.1,20.1,330.0,326.0,2.46,3.44,0,0
2026-08-16T07:00,23.2,23.2,509.0,505.0,1.74,2.56,0,0
2026-08-16T08:00,25.2,25.2,666.0,659.0,2.15,2.59,0,16
2026-08-16T09:00,26.5,26.1,778.0,672.0,2.29,3.61,21,79
2026-08-16T10:00,27.4,26.7,841.0,661.0,2.42,3.28,0,53
2026-08-16T11:00,28.0,27.6,853.0,755.0,2.4,2.61,3,51
2026-08-16T12:00,28.2,28.3,792.0,779.0,2.85,2.75,21,32
2026-08-16T13:00,28.1,28.2,705.0,686.0,3.23,3.26,19,29
2026-08-16T14:00,27.5,27.5,562.0,560.0,4.03,4.69,10,10
2026-08-16T15:00,26.5,26.5,397.0,398.0,4.47,4.67,0,0
2026-08-16T16:00,25.3,25.4,219.0,220.0,4.37,4.64,0,0
2026-08-16T17:00,23.4,23.4,62.0,62.0,4.99,5.06,0,0
2026-08-16T18:00,21.4,21.5,0.0,0.0,4.99,5.33,0,0
2026-08-16T19:00,20.2,20.1,0.0,0.0,4.22,4.7,0,0
2026-08-16T20:00,19.6,19.4,0.0,0.0,3.53,4.04,0,0
2026-08-16T21:00,19.2,19.0,0.0,0.0,2.76,3.73,0,0
2026-08-16T22:00,18.8,18.7,0.0,0.0,2.18,3.06,0,0
2026-08-16T23:00,18.3,18.2,0.0,0.0,2.22,2.75,0,0
2026-08-17T00:00,17.9,17.7,0.0,0.0,2.76,3.47,0,0
2026-08-17T01:00,17.4,17.3,0.0,0.0,2.79,3.15,0,0
2026-08-17T02:00,16.9,16.9,0.0,0.0,2.17,2.94,0,0
2026-08-17T03:00,16.4,16.6,0.0,0.0,1.58,2.46,0,0
2026-08-17T04:00,16.0,16.8,24.0,24.0,1.04,1.76,0,0
2026-08-17T05:00,17.4,18.1,150.0,149.0,0.28,0.84,0,0
2026-08-17T06:00,21.4,21.4,324.0,323.0,0.31,1.43,0,0
2026-08-17T07:00,23.8,23.8,501.0,501.0,0.49,1.39,0,0
2026-08-17T08:00,25.9,25.7,657.0,657.0,1.18,1.88,0,0
2026-08-17T09:00,27.3,27.2,774.0,772.0,1.37,2.11,0,0
2026-08-17T10:00,28.4,28.4,840.0,838.0,1.47,2.02,0,0
2026-08-17T11:00,29.3,29.3,851.0,849.0,1.71,2.0,0,5
2026-08-17T12:00,29.2,29.5,805.0,800.0,2.42,2.48,6,13
2026-08-17T13:00,28.9,29.4,704.0,698.0,3.98,3.29,4,26
2026-08-17T14:00,27.8,28.5,562.0,555.0,6.1,5.66,12,16
2026-08-17T15:00,26.5,27.0,391.0,388.0,6.49,6.72,0,0
2026-08-17T16:00,25.2,25.6,211.0,212.0,6.44,6.97,0,0
2026-08-17T17:00,23.2,23.6,57.0,58.0,6.79,7.34,0,0
2026-08-17T18:00,21.7,21.6,0.0,0.0,8.25,8.25,0,0
2026-08-17T19:00,20.7,20.6,0.0,0.0,8.07,7.75,0,0
2026-08-17T20:00,20.0,19.6,0.0,0.0,7.41,7.65,0,0
2026-08-17T21:00,19.3,18.9,0.0,0.0,7.16,7.45,0,0
2026-08-17T22:00,18.8,18.2,0.0,0.0,7.16,7.37,0,0
2026-08-17T23:00,18.2,17.7,0.0,0.0,6.99,7.29,5,0
2026-08-18T00:00,17.8,17.3,0.0,0.0,7.21,7.02,1,3
2026-08-18T01:00,17.4,17.1,0.0,0.0,6.67,6.43,0,2
2026-08-18T02:00,17.0,16.9,0.0,0.0,6.19,6.3,0,0
2026-08-18T03:00,16.7,16.8,0.0,0.0,6.11,6.27,0,0
2026-08-18T04:00,16.9,17.1,22.0,22.0,5.7,6.58,0,0
2026-08-18T05:00,19.2,19.1,141.0,142.0,5.88,7.07,0,0
2026-08-18T06:00,21.0,21.6,313.0,314.0,5.4,6.03,0,0
2026-08-18T07:00,23.7,24.3,488.0,491.0,3.92,4.25,0,0
2026-08-18T08:00,26.2,27.0,643.0,646.0,4.23,4.57,0,0
2026-08-18T09:00,28.6,29.4,757.0,762.0,4.52,5.1,0,0
2026-08-18T10:00,30.2,31.0,822.0,827.0,4.56,5.13,0,0
2026-08-18T11:00,31.3,32.1,831.0,837.0,4.54,5.09,0,4
2026-08-18T12:00,31.9,32.3,787.0,793.0,4.43,4.84,2,0
2026-08-18T13:00,32.4,32.8,690.0,692.0,4.51,4.33,12,53
2026-08-18T14:00,32.7,33.2,550.0,547.0,4.68,4.6,6,7
2026-08-18T15:00,32.3,33.1,384.0,387.0,4.87,4.4,41,0
2026-08-18T16:00,29.6,30.8,199.0,204.0,7.96,4.59,34,51
2026-08-18T17:00,27.1,27.0,50.0,47.0,8.64,8.07,26,44
2026-08-18T18:00,24.6,24.9,0.0,0.0,10.41,4.8,25,10
2026-08-18T19:00,23.6,23.0,0.0,0.0,2.88,3.95,48,35
2026-08-18T20:00,22.1,23.1,0.0,0.0,4.08,8.79,53,67
2026-08-18T21:00,21.6,23.3,0.0,0.0,5.06,11.48,14,38
2026-08-18T22:00,21.9,22.7,0.0,0.0,10.98,10.94,53,61
2026-08-18T23:00,21.1,21.6,0.0,0.0,10.89,9.95,37,57
2026-08-19T00:00,20.8,21.1,0.0,0.0,10.54,10.85,63,59
2026-08-19T01:00,20.3,20.5,0.0,0.0,9.22,10.96,97,37
2026-08-19T02:00,19.4,19.7,0.0,0.0,7.58,8.2,100,92
2026-08-19T03:00,19.0,19.4,0.0,0.0,5.92,6.31,98,100
2026-08-19T04:00,18.6,19.5,18.0,11.0,3.47,5.26,100,100
2026-08-19T05:00,19.8,20.0,100.0,51.0,3.07,4.62,100,100
2026-08-19T06:00,20.9,20.8,180.0,89.0,2.55,3.24,100,100
2026-08-19T07:00,21.2,21.3,184.0,135.0,2.75,1.76,100,100
2026-08-19T08:00,21.6,22.1,199.0,209.0,0.63,1.02,96,100
2026-08-19T09:00,23.4,23.6,420.0,432.0,0.83,0.97,91,80
2026-08-19T10:00,25.2,26.1,553.0,741.0,1.67,1.55,88,34
2026-08-19T11:00,26.1,27.6,518.0,811.0,2.35,2.36,96,27
2026-08-19T12:00,26.1,27.4,546.0,693.0,2.09,3.44,63,64
2026-08-19T13:00,27.1,27.7,585.0,557.0,2.35,2.79,30,55
2026-08-19T14:00,27.4,27.8,541.0,471.0,3.14,2.94,4,66
2026-08-19T15:00,27.0,27.6,379.0,318.0,3.53,2.88,27,56
2026-08-19T16:00,26.3,27.0,198.0,171.0,3.19,3.19,11,63
2026-08-19T17:00,24.6,24.9,51.0,45.0,2.83,2.86,0,34
2026-08-19T18:00,24.0,22.5,0.0,0.0,1.86,3.94,0,0
2026-08-19T19:00,22.6,21.2,0.0,0.0,1.25,5.51,0,0
2026-08-19T20:00,20.5,20.8,0.0,0.0,4.57,7.14,11,0
2026-08-19T21:00,19.7,20.1,0.0,0.0,6.06,7.18,9,2
2026-08-19T22:00,19.2,19.7,0.0,0.0,6.05,7.06,8,18
2026-08-19T23:00,19.0,19.3,0.0,0.0,6.05,6.62,0,8
2026-08-20T00:00,18.5,19.4,0.0,0.0,6.36,5.92,0,0
2026-08-20T01:00,18.3,19.1,0.0,0.0,5.73,4.74,0,0
2026-08-20T02:00,18.3,18.9,0.0,0.0,4.7,4.08,0,0
2026-08-20T03:00,18.3,18.7,0.0,0.0,4.35,3.64,0,0
2026-08-20T04:00,18.5,18.8,19.0,19.0,4.95,3.21,0,0
2026-08-20T05:00,20.6,20.7,136.0,136.0,5.53,3.47,0,0
2026-08-20T06:00,23.0,23.6,304.0,306.0,5.14,3.51,0,0
2026-08-20T07:00,25.7,26.0,480.0,482.0,3.72,2.16,0,0
2026-08-20T08:00,28.2,28.5,634.0,636.0,4.12,2.95,0,0
2026-08-20T09:00,30.2,30.3,749.0,751.0,5.24,4.12,0,0
2026-08-20T10:00,31.4,31.4,813.0,815.0,5.27,4.33,0,0
2026-08-20T11:00,32.2,32.2,822.0,823.0,5.36,4.29,15,10
2026-08-20T12:00,31.9,32.1,768.0,767.0,5.32,5.24,30,30
2026-08-20T13:00,31.7,32.2,658.0,662.0,5.81,5.42,34,31
2026-08-20T14:00,30.6,31.5,517.0,526.0,7.01,6.56,22,22
2026-08-20T15:00,29.0,29.7,365.0,368.0,8.21,7.91,0,0
2026-08-20T16:00,26.9,27.5,191.0,192.0,8.37,8.34,0,0
2026-08-20T17:00,24.8,25.2,46.0,47.0,8.41,8.61,0,0
2026-08-20T18:00,23.3,24.2,0.0,0.0,9.3,9.2,0,0
2026-08-20T19:00,22.1,22.8,0.0,0.0,9.42,9.36,0,0
2026-08-20T20:00,21.4,22.0,0.0,0.0,9.29,9.6,0,0
2026-08-20T21:00,20.9,21.3,0.0,0.0,9.25,9.45,0,0
2026-08-20T22:00,20.6,21.1,0.0,0.0,8.42,8.92,4,0
2026-08-20T23:00,20.3,20.7,0.0,0.0,7.73,8.15,0,0
2026-08-21T00:00,20.0,20.0,0.0,0.0,7.23,7.73,6,0
2026-08-21T01:00,19.7,19.7,0.0,0.0,7.08,7.67,5,0
2026-08-21T02:00,19.5,19.4,0.0,0.0,6.97,7.34,6,0
2026-08-21T03:00,19.3,19.1,0.0,0.0,6.95,7.31,6,0
2026-08-21T04:00,19.5,19.4,17.0,17.0,6.81,7.41,45,0
2026-08-21T05:00,21.0,20.9,112.0,130.0,6.18,7.05,61,16
2026-08-21T06:00,22.8,22.8,231.0,280.0,5.36,5.0,75,48
2026-08-21T07:00,24.1,24.4,345.0,408.0,4.35,5.06,64,46
2026-08-21T08:00,26.2,26.4,559.0,601.0,4.53,5.27,20,28
2026-08-21T09:00,27.9,27.9,728.0,725.0,5.34,5.31,24,26
2026-08-21T10:00,28.8,28.8,800.0,797.0,5.71,5.55,1,9
2026-08-21T11:00,29.1,29.3,816.0,814.0,6.33,5.83,0,0
2026-08-21T12:00,28.5,28.7,772.0,771.0,7.07,6.96,0,0
2026-08-21T13:00,27.7,27.9,674.0,673.0,7.39,7.26,0,0
2026-08-21T14:00,26.8,27.0,533.0,533.0,7.29,7.31,0,0
2026-08-21T15:00,25.5,25.5,362.0,361.0,7.02,7.45,1,18
2026-08-21T16:00,24.1,24.0,185.0,180.0,7.07,7.18,18,20
2026-08-21T17:00,22.6,22.4,42.0,42.0,7.09,7.1,37,46
2026-08-21T18:00,21.2,21.7,0.0,0.0,7.41,7.43,49,60
2026-08-21T19:00,20.7,21.1,0.0,0.0,6.96,7.55,52,68
2026-08-21T20:00,20.5,20.8,0.0,0.0,6.24,6.8,56,70
2026-08-21T21:00,20.0,20.6,0.0,0.0,5.54,6.24,55,69
2026-08-21T22:00,19.5,20.4,0.0,0.0,4.92,5.34,36,73
2026-08-21T23:00,18.9,20.1,0.0,0.0,4.39,4.99,29,69
2026-08-22T00:00,18.4,19.0,0.0,0.0,3.9,5.02,38,53
2026-08-22T01:00,17.9,18.7,0.0,0.0,3.64,4.25,40,42
2026-08-22T02:00,17.8,18.1,0.0,0.0,4.02,3.7,41,47
2026-08-22T03:00,17.7,17.7,0.0,0.0,4.82,3.64,55,57
2026-08-22T04:00,18.4,18.0,13.0,15.0,5.73,3.99,72,57
2026-08-22T05:00,20.5,20.2,105.0,115.0,5.27,4.4,48,48
2026-08-22T06:00,22.5,22.9,289.0,284.0,3.53,3.99,27,40
2026-08-22T07:00,24.5,24.6,461.0,435.0,3.46,4.86,39,50
2026-08-22T08:00,26.1,26.0,596.0,571.0,3.68,4.44,37,43
2026-08-22T09:00,27.7,27.3,726.0,695.0,3.61,4.02,17,39
2026-08-22T10:00,29.0,28.5,804.0,776.0,3.07,3.57,4,24
2026-08-22T11:00,29.8,29.4,817.0,809.0,2.96,3.76,1,9
2026-08-22T12:00,30.3,30.0,768.0,773.0,2.57,3.61,0,0
2026-08-22T13:00,30.2,29.9,670.0,675.0,3.2,3.74,0,0
2026-08-22T14:00,29.5,29.3,531.0,534.0,4.09,4.16,0,0
2026-08-22T15:00,28.4,28.0,361.0,363.0,3.76,4.57,0,0
2026-08-22T16:00,26.9,26.5,185.0,185.0,3.78,4.23,0,0
2026-08-22T17:00,24.7,24.2,41.0,42.0,4.78,5.02,0,0
2026-08-22T18:00,23.3,22.3,0.0,0.0,5.4,5.53,0,0
2026-08-22T19:00,22.0,21.1,0.0,0.0,4.98,5.42,0,0
2026-08-22T20:00,21.2,20.2,0.0,0.0,4.73,5.22,0,0
2026-08-22T21:00,20.6,19.7,0.0,0.0,4.42,5.0,0,0
2026-08-22T22:00,20.3,19.4,0.0,0.0,4.28,4.0,0,0
2026-08-22T23:00,20.4,19.1,0.0,0.0,3.21,3.85,1,0
2026-08-23T00:00,20.2,19.2,0.0,0.0,2.64,2.29,0,0
2026-08-23T01:00,20.1,18.6,0.0,0.0,2.61,2.54,27,0
2026-08-23T02:00,20.1,18.3,0.0,0.0,3.26,3.4,40,0
2026-08-23T03:00,20.1,18.3,0.0,0.0,5.0,4.67,43,2
2026-08-23T04:00,20.7,18.7,12.0,15.0,6.66,5.33,58,31
2026-08-23T05:00,23.0,21.5,92.0,120.0,6.96,6.93,60,30
2026-08-23T06:00,24.8,24.6,201.0,263.0,6.65,5.33,60,45
2026-08-23T07:00,26.4,27.2,334.0,434.0,8.9,3.92,56,20
2026-08-23T08:00,27.4,29.2,425.0,587.0,7.39,4.51,68,46
2026-08-23T09:00,28.6,31.0,548.0,673.0,5.71,4.78,36,41
2026-08-23T10:00,30.1,31.9,756.0,713.0,5.4,4.8,48,73
2026-08-23T11:00,31.4,32.6,715.0,711.0,4.65,4.21,36,56
2026-08-23T12:00,31.6,33.0,653.0,742.0,4.23,2.89,55,43
2026-08-23T13:00,32.1,33.0,598.0,537.0,3.53,3.43,35,74
2026-08-23T14:00,32.0,32.5,462.0,349.0,3.97,3.19,45,64
2026-08-23T15:00,31.7,31.3,325.0,247.0,4.09,4.8,36,64
2026-08-23T16:00,30.7,29.0,171.0,142.0,3.07,5.13,21,23
2026-08-23T17:00,28.0,26.8,40.0,36.0,2.82,4.65,13,0
2026-08-23T18:00,26.3,25.0,0.0,0.0,2.97,4.5,34,0
2026-08-23T19:00,24.9,23.8,0.0,0.0,2.45,4.02,37,0
2026-08-23T20:00,24.0,23.1,0.0,0.0,2.29,3.64,40,4
2026-08-23T21:00,23.3,22.7,0.0,0.0,1.79,3.57,50,18
2026-08-23T22:00,22.0,22.2,0.0,0.0,1.2,3.16,48,24
2026-08-23T23:00,21.2,21.9,0.0,0.0,1.4,3.23,30,23
2026-08-24T00:00,21.0,21.3,0.0,0.0,4.53,3.11,38,18
2026-08-24T01:00,21.3,21.3,0.0,0.0,7.56,2.94,44,30
2026-08-24T02:00,21.4,21.2,0.0,0.0,8.98,2.08,40,48
2026-08-24T03:00,21.1,20.4,0.0,0.0,8.86,1.08,54,41
2026-08-24T04:00,21.0,19.9,11.0,15.0,8.4,0.2,70,35
2026-08-24T05:00,22.5,22.2,80.0,118.0,8.28,2.33,75,32
2026-08-24T06:00,23.6,24.0,229.0,240.0,7.62,6.61,57,53
2026-08-24T07:00,25.0,25.7,370.0,395.0,6.18,5.1,65,41
2026-08-24T08:00,26.3,27.5,476.0,574.0,6.53,5.69,63,51
2026-08-24T09:00,27.3,28.7,594.0,664.0,6.9,6.46,74,42
2026-08-24T10:00,28.4,29.6,647.0,764.0,6.57,6.51,32,16
2026-08-24T11:00,29.0,29.8,787.0,795.0,7.23,7.14,10,35
2026-08-24T12:00,29.1,29.4,751.0,737.0,6.84,7.23,3,0
2026-08-24T13:00,28.6,28.8,657.0,656.0,7.73,7.77,0,1
2026-08-24T14:00,27.6,27.9,516.0,517.0,8.4,8.1,44,1
2026-08-24T15:00,26.5,26.9,341.0,344.0,7.92,7.2,46,86
2026-08-24T16:00,25.3,25.6,167.0,166.0,7.59,6.86,100,100
2026-08-24T17:00,23.8,23.8,32.0,34.0,7.21,7.21,97,99
2026-08-24T18:00,23.1,22.8,0.0,0.0,8.13,6.89,95,92
2026-08-24T19:00,22.5,22.3,0.0,0.0,8.23,7.09,86,100
2026-08-24T20:00,22.1,21.9,0.0,0.0,7.6,5.85,100,100
2026-08-24T21:00,21.8,21.5,0.0,0.0,6.81,6.14,99,77
2026-08-24T22:00,21.0,21.3,0.0,0.0,5.97,6.03,48,55
2026-08-24T23:00,20.6,20.8,0.0,0.0,5.51,3.92,57,98
2026-08-25T00:00,20.7,20.6,0.0,0.0,5.73,4.8,64,100
2026-08-25T01:00,20.1,20.7,0.0,0.0,3.19,4.95,69,100
2026-08-25T02:00,19.9,20.9,0.0,0.0,3.9,6.82,72,100
2026-08-25T03:00,20.1,21.0,0.0,0.0,5.3,7.97,63,87
2026-08-25T04:00,20.4,21.1,8.0,8.0,5.33,8.32,79,86
2026-08-25T05:00,21.9,21.6,74.0,62.0,6.3,10.05,60,87
2026-08-25T06:00,23.5,23.1,158.0,166.0,9.22,6.85,69,75
2026-08-25T07:00,25.2,24.5,348.0,288.0,7.64,6.27,77,57
2026-08-25T08:00,26.3,25.9,481.0,484.0,7.14,7.04,50,58
2026-08-25T09:00,27.4,27.0,666.0,604.0,7.29,6.77,91,58
2026-08-25T10:00,28.1,27.6,737.0,643.0,6.94,6.94,46,88
2026-08-25T11:00,28.7,27.6,760.0,576.0,6.84,6.9,41,100
2026-08-25T12:00,28.2,28.4,624.0,696.0,7.8,7.49,61,50
2026-08-25T13:00,28.0,28.1,600.0,611.0,8.07,8.03,27,30
2026-08-25T14:00,27.4,27.4,485.0,460.0,7.96,8.07,48,45
2026-08-25T15:00,26.4,26.4,297.0,326.0,8.05,8.04,32,30
2026-08-25T16:00,25.3,25.3,157.0,161.0,7.36,7.48,3,34
2026-08-25T17:00,23.8,23.7,34.0,32.0,7.9,8.04,21,15
2026-08-25T18:00,22.9,22.6,0.0,0.0,9.49,8.72,13,38
2026-08-25T19:00,22.2,21.8,0.0,0.0,9.9,9.21,2,65
2026-08-25T20:00,21.8,21.5,0.0,0.0,8.98,8.17,86,50
2026-08-25T21:00,21.7,21.3,0.0,0.0,9.06,9.02,26,100
2026-08-25T22:00,21.6,21.3,0.0,0.0,9.21,8.02,37,93
2026-08-25T23:00,21.4,21.1,0.0,0.0,8.51,8.06,87,100
2026-08-26T00:00,21.0,21.3,0.0,0.0,7.92,6.36,29,96
2026-08-26T01:00,21.0,20.9,0.0,0.0,8.35,4.73,43,100
2026-08-26T02:00,21.1,20.5,0.0,0.0,8.95,4.0,73,100
2026-08-26T03:00,21.0,20.2,0.0,0.0,7.98,3.4,99,100
2026-08-26T04:00,21.0,20.4,12.0,4.0,7.43,4.1,100,100
2026-08-26T05:00,22.1,21.3,82.0,39.0,5.85,3.95,94,100
2026-08-26T06:00,23.2,23.2,108.0,119.0,6.23,5.62,96,100
2026-08-26T07:00,24.4,23.9,239.0,159.0,4.87,2.39,95,100
2026-08-26T08:00,25.5,24.5,281.0,237.0,5.27,2.33,82,100
2026-08-26T09:00,25.9,24.3,329.0,154.0,4.19,3.34,100,100
2026-08-26T10:00,26.0,25.0,290.0,250.0,3.14,2.48,100,100
2026-08-26T11:00,26.0,25.1,236.0,241.0,3.51,2.34,100,100
2026-08-26T12:00,27.3,26.2,436.0,353.0,3.7,3.13,98,100
2026-08-26T13:00,26.9,26.3,315.0,352.0,3.99,2.56,100,100
2026-08-26T14:00,26.3,26.5,258.0,318.0,4.23,2.08,100,78
2026-08-26T15:00,25.7,26.5,225.0,215.0,4.39,1.01,74,85
2026-08-26T16:00,24.7,25.8,117.0,105.0,3.9,0.1,100,100
2026-08-26T17:00,23.5,24.3,24.0,23.0,3.59,1.59,100,100
2026-08-26T18:00,22.6,21.6,0.0,0.0,4.9,5.17,80,100
2026-08-26T19:00,21.9,20.0,0.0,0.0,4.7,2.91,100,100
2026-08-26T20:00,21.4,19.5,0.0,0.0,4.71,0.84,86,92
2026-08-26T21:00,21.0,19.3,0.0,0.0,4.53,1.71,63,66
2026-08-26T22:00,20.4,19.2,0.0,0.0,3.4,3.95,62,89
2026-08-26T23:00,20.0,19.2,0.0,0.0,1.9,5.57,91,77
2026-08-27T00:00,18.5,20.2,0.0,0.0,2.37,2.7,62,71
2026-08-27T01:00,18.5,20.2,0.0,0.0,3.45,1.95,79,98
2026-08-27T02:00,18.5,20.4,0.0,0.0,4.04,3.75,59,100
2026-08-27T03:00,18.4,20.2,0.0,0.0,4.5,5.1,51,92
2026-08-27T04:00,18.5,19.7,11.0,2.0,5.58,6.21,47,100
2026-08-27T05:00,19.8,19.5,110.0,34.0,5.4,6.17,47,92
2026-08-27T06:00,20.9,21.0,220.0,204.0,2.5,5.27,80,88
2026-08-27T07:00,22.1,21.5,302.0,290.0,3.37,5.74,98,97
2026-08-27T08:00,22.9,22.5,328.0,341.0,3.33,5.75,88,72
2026-08-27T09:00,24.3,24.2,479.0,589.0,3.68,6.33,84,62
2026-08-27T10:00,25.6,24.4,595.0,597.0,4.03,7.13,74,80
2026-08-27T11:00,26.4,24.3,578.0,466.0,4.84,6.93,78,86
2026-08-27T12:00,25.0,26.1,428.0,659.0,3.15,9.29,90,44
2026-08-27T13:00,25.5,24.8,350.0,617.0,4.56,10.38,92,98
2026-08-27T14:00,25.6,24.2,272.0,450.0,4.93,10.72,100,93
2026-08-27T15:00,25.0,23.1,162.0,305.0,6.22,11.03,100,80
2026-08-27T16:00,21.7,21.8,66.0,146.0,5.87,10.7,100,45
2026-08-27T17:00,21.2,20.5,19.0,28.0,6.15,9.7,100,29
2026-08-27T18:00,20.2,21.0,0.0,0.0,6.11,7.07,100,100
2026-08-27T19:00,19.4,19.7,0.0,0.0,6.68,6.05,100,34
2026-08-27T20:00,18.7,18.9,0.0,0.0,6.23,5.64,84,44
2026-08-27T21:00,18.4,18.3,0.0,0.0,6.01,5.92,48,54
2026-08-27T22:00,18.2,17.9,0.0,0.0,6.76,6.66,62,48
2026-08-27T23:00,17.7,17.3,0.0,0.0,7.57,6.33,55,31
2026-08-28T00:00,17.8,18.3,0.0,0.0,6.77,6.63,80,60
2026-08-28T01:00,18.0,17.8,0.0,0.0,6.97,7.56,65,49
2026-08-28T02:00,16.9,17.4,0.0,0.0,7.57,6.78,61,46
2026-08-28T03:00,16.2,17.0,0.0,0.0,7.64,6.39,43,56
2026-08-28T04:00,15.8,17.0,11.0,11.0,7.65,7.45,44,37
2026-08-28T05:00,16.5,18.1,108.0,110.0,7.54,8.35,30,41
2026-08-28T06:00,17.5,19.0,281.0,228.0,5.71,4.85,19,74
2026-08-28T07:00,18.9,20.7,458.0,374.0,7.06,5.01,37,23
2026-08-28T08:00,20.3,22.9,585.0,618.0,8.51,6.57,40,44
2026-08-28T09:00,21.8,24.2,663.0,640.0,10.52,8.63,39,40
2026-08-28T10:00,22.6,25.1,683.0,707.0,11.47,9.5,67,57
2026-08-28T11:00,22.0,25.6,480.0,671.0,12.46,9.99,97,61
2026-08-28T12:00,24.1,24.8,562.0,533.0,11.23,11.04,95,68
2026-08-28T13:00,23.2,23.7,307.0,490.0,11.04,10.7,75,67
2026-08-28T14:00,22.9,23.5,372.0,424.0,11.28,9.08,82,42
2026-08-28T15:00,22.6,23.5,266.0,324.0,10.18,9.43,63,62
2026-08-28T16:00,22.0,22.4,124.0,154.0,9.88,8.56,62,0
2026-08-28T17:00,20.9,20.8,23.0,27.0,9.1,7.63,32,0
2026-08-28T18:00,19.8,19.5,0.0,0.0,8.25,7.94,9,0
2026-08-28T19:00,19.0,18.8,0.0,0.0,7.15,7.35,5,11
2026-08-28T20:00,18.5,18.3,0.0,0.0,7.27,7.84,0,0
2026-08-28T21:00,18.1,18.1,0.0,0.0,7.02,7.95,0,15
2026-08-28T22:00,17.8,17.9,0.0,0.0,7.85,8.06,0,3
2026-08-28T23:00,17.5,17.5,0.0,0.0,7.55,7.75,0,0
2026-08-29T00:00,16.9,17.3,0.0,0.0,7.61,7.61,0,0
2026-08-29T01:00,16.5,16.9,0.0,0.0,7.25,8.33,0,0
2026-08-29T02:00,16.1,16.7,0.0,0.0,7.48,8.58,0,0
2026-08-29T03:00,15.7,16.4,0.0,0.0,7.65,7.78,0,0
2026-08-29T04:00,15.5,16.2,10.0,11.0,7.15,6.96,0,0
2026-08-29T05:00,16.7,17.2,112.0,114.0,7.47,6.47,5,0
2026-08-29T06:00,18.8,18.8,281.0,283.0,4.37,5.29,0,0
2026-08-29T07:00,20.4,20.8,453.0,457.0,4.22,3.76,0,0
2026-08-29T08:00,22.2,22.6,605.0,612.0,4.46,3.73,9,0
2026-08-29T09:00,24.1,24.3,720.0,726.0,4.12,3.63,1,2
2026-08-29T10:00,25.7,25.6,785.0,785.0,3.9,3.53,30,12
2026-08-29T11:00,26.5,26.5,770.0,784.0,4.0,3.45,48,44
2026-08-29T12:00,26.8,27.0,638.0,722.0,3.29,3.78,74,29
2026-08-29T13:00,26.6,27.1,464.0,634.0,3.57,3.67,74,26
2026-08-29T14:00,26.4,26.8,367.0,494.0,3.69,3.95,63,24
2026-08-29T15:00,25.9,26.4,296.0,326.0,3.9,4.3,49,21
2026-08-29T16:00,24.9,25.4,151.0,156.0,3.67,4.84,46,2
2026-08-29T17:00,23.1,23.0,23.0,26.0,3.92,5.88,80,2
2026-08-29T18:00,21.0,21.5,0.0,0.0,4.56,5.3,3,44
2026-08-29T19:00,20.0,20.5,0.0,0.0,4.04,4.59,12,61
2026-08-29T20:00,19.3,19.8,0.0,0.0,3.44,2.85,37,4
2026-08-29T21:00,18.6,19.1,0.0,0.0,3.93,2.95,76,100
2026-08-29T22:00,18.4,18.5,0.0,0.0,3.64,0.98,96,100
2026-08-29T23:00,18.0,18.3,0.0,0.0,2.01,1.52,100,76
2026-08-30T00:00,17.2,17.1,0.0,0.0,1.49,3.95,84,31
2026-08-30T01:00,17.1,17.2,0.0,0.0,2.17,5.04,98,79
2026-08-30T02:00,16.9,17.2,0.0,0.0,2.73,4.21,100,57
2026-08-30T03:00,16.9,16.7,0.0,0.0,3.24,2.96,100,43
2026-08-30T04:00,16.9,16.4,9.0,10.0,3.43,3.57,89,35
2026-08-30T05:00,18.3,18.2,85.0,111.0,3.49,3.19,100,42
2026-08-30T06:00,21.6,22.0,243.0,275.0,3.72,4.89,100,30
2026-08-30T07:00,23.1,24.1,308.0,449.0,2.16,2.67,100,66
2026-08-30T08:00,24.4,25.4,428.0,547.0,2.45,3.26,100,100
2026-08-30T09:00,25.8,26.6,509.0,635.0,2.63,3.96,77,99
2026-08-30T10:00,27.2,27.3,641.0,703.0,2.77,4.03,56,98
2026-08-30T11:00,28.1,27.7,692.0,698.0,3.07,4.8,45,100
2026-08-30T12:00,29.1,28.3,721.0,645.0,3.24,3.66,18,53
2026-08-30T13:00,28.8,28.2,633.0,606.0,4.25,4.14,5,81
2026-08-30T14:00,28.2,27.6,491.0,472.0,4.42,4.42,45,58
2026-08-30T15:00,27.1,26.6,320.0,279.0,4.74,4.51,13,99
2026-08-30T16:00,25.9,25.3,148.0,123.0,4.0,4.62,45,100
2026-08-30T17:00,23.9,23.2,22.0,20.0,3.66,4.84,10,68
2026-08-30T18:00,21.4,21.8,0.0,0.0,4.71,4.99,61,100
2026-08-30T19:00,20.3,20.9,0.0,0.0,4.71,5.08,100,100
2026-08-30T20:00,19.6,20.5,0.0,0.0,4.4,4.84,100,100
2026-08-30T21:00,19.0,20.1,0.0,0.0,3.98,4.03,4,100
2026-08-30T22:00,18.4,19.9,0.0,0.0,3.33,3.75,2,100
2026-08-30T23:00,17.8,19.6,0.0,0.0,3.65,3.57,0,66
2026-08-31T00:00,17.6,18.5,0.0,0.0,3.56,2.46,5,37
2026-08-31T01:00,17.2,18.1,0.0,0.0,3.84,2.2,3,39
2026-08-31T02:00,16.9,17.7,0.0,0.0,3.94,1.92,0,39
2026-08-31T03:00,16.7,17.5,0.0,0.0,4.04,1.5,0,30
2026-08-31T04:00,16.6,16.7,9.0,8.0,4.12,1.76,0,61
2026-08-31T05:00,18.4,17.6,110.0,97.0,3.82,1.59,0,63
2026-08-31T06:00,21.7,21.9,278.0,276.0,2.79,2.65,0,0
2026-08-31T07:00,24.1,24.0,453.0,448.0,1.67,1.77,0,0
2026-08-31T08:00,26.1,25.6,606.0,600.0,2.76,2.37,0,0
2026-08-31T09:00,27.6,27.0,720.0,711.0,3.38,2.77,0,0
2026-08-31T10:00,28.3,28.3,783.0,775.0,3.97,3.51,0,1
2026-08-31T11:00,28.5,28.8,789.0,784.0,4.08,4.06,0,9
2026-08-31T12:00,28.1,28.5,742.0,739.0,4.97,5.17,0,0
2026-08-31T13:00,27.8,28.0,641.0,638.0,4.9,5.3,0,0
2026-08-31T14:00,27.1,27.2,496.0,495.0,4.86,5.35,0,0
2026-08-31T15:00,26.0,26.1,324.0,322.0,4.84,5.3,0,0
2026-08-31T16:00,24.7,24.7,149.0,147.0,4.53,5.04,0,0
2026-08-31T17:00,22.3,22.4,21.0,21.0,4.68,5.39,0,0
2026-08-31T18:00,20.4,20.4,0.0,0.0,4.73,5.01,0,0
2026-08-31T19:00,19.1,19.2,0.0,0.0,4.47,4.74,0,0
2026-08-31T20:00,18.2,18.4,0.0,0.0,4.08,4.52,0,0
2026-08-31T21:00,17.6,17.8,0.0,0.0,3.77,3.9,0,0
2026-08-31T22:00,17.2,17.3,0.0,0.0,3.38,3.48,0,3
2026-08-31T23:00,16.9,17.2,0.0,0.0,2.69,2.65,3,0
2026-09-01T00:00,17.0,16.9,0.0,0.0,1.9,1.96,0,6
2026-09-01T01:00,16.7,16.2,0.0,0.0,1.55,1.71,0,14
2026-09-01T02:00,16.0,15.9,0.0,0.0,1.69,1.71,0,17
2026-09-01T03:00,15.4,15.6,0.0,0.0,1.74,1.8,8,21
2026-09-01T04:00,15.2,15.2,8.0,8.0,2.02,1.97,28,34
2026-09-01T05:00,16.9,16.9,105.0,104.0,2.46,2.2,10,11
2026-09-01T06:00,20.4,20.5,271.0,272.0,2.12,2.1,0,0
2026-09-01T07:00,22.6,22.8,444.0,445.0,0.9,1.11,0,0
2026-09-01T08:00,24.4,24.5,597.0,594.0,1.58,1.31,0,1
2026-09-01T09:00,26.1,26.1,709.0,707.0,1.69,2.1,0,0
2026-09-01T10:00,27.4,27.3,772.0,767.0,1.58,3.03,0,5
2026-09-01T11:00,28.2,28.0,778.0,759.0,2.24,2.51,0,59
2026-09-01T12:00,28.6,28.4,728.0,727.0,2.42,2.11,0,0
2026-09-01T13:00,28.7,28.7,625.0,625.0,2.6,2.33,0,0
2026-09-01T14:00,28.4,28.5,481.0,480.0,2.72,2.5,0,0
2026-09-01T15:00,27.5,27.8,311.0,312.0,3.45,2.46,0,0
2026-09-01T16:00,25.9,26.3,140.0,140.0,4.38,4.3,0,3
2026-09-01T17:00,23.6,23.7,18.0,19.0,5.35,5.44,0,0
2026-09-01T18:00,22.1,22.1,0.0,0.0,5.13,5.31,0,0
2026-09-01T19:00,20.9,21.0,0.0,0.0,5.28,5.25,0,1
2026-09-01T20:00,20.1,20.3,0.0,0.0,5.12,5.19,0,0
2026-09-01T21:00,19.5,19.7,0.0,0.0,4.41,4.92,0,0
2026-09-01T22:00,19.2,19.4,0.0,0.0,3.94,4.03,0,1
2026-09-01T23:00,19.1,19.0,0.0,0.0,3.46,2.22,0,0
2026-09-02T00:00,18.9,19.3,0.0,0.0,2.53,2.54,12,0
2026-09-02T01:00,18.4,18.7,0.0,0.0,1.29,2.33,0,3
2026-09-02T02:00,17.3,18.8,0.0,0.0,2.22,2.41,9,15
2026-09-02T03:00,16.9,18.6,0.0,0.0,2.7,2.91,6,24
2026-09-02T04:00,16.6,18.4,8.0,8.0,3.53,3.42,11,16
2026-09-02T05:00,18.3,19.6,102.0,102.0,2.88,3.43,28,2
2026-09-02T06:00,21.7,22.7,226.0,264.0,3.18,3.14,71,4
2026-09-02T07:00,23.0,25.5,336.0,436.0,2.28,2.3,92,3
2026-09-02T08:00,23.8,27.0,265.0,588.0,1.58,2.12,83,0
2026-09-02T09:00,25.9,28.3,494.0,697.0,1.02,2.08,43,7
2026-09-02T10:00,27.1,29.0,657.0,707.0,0.31,1.58,89,69
2026-09-02T11:00,27.5,29.3,458.0,610.0,0.22,1.29,76,79
2026-09-02T12:00,28.4,29.6,670.0,599.0,0.89,0.71,26,62
2026-09-02T13:00,28.7,29.2,590.0,510.0,1.24,2.94,35,55
2026-09-02T14:00,28.5,28.0,449.0,388.0,1.93,3.92,51,34
2026-09-02T15:00,27.4,27.3,279.0,286.0,4.12,4.34,35,14
2026-09-02T16:00,25.8,26.0,124.0,134.0,4.65,4.52,25,0
2026-09-02T17:00,24.0,24.0,16.0,17.0,4.88,5.11,22,11
2026-09-02T18:00,22.1,22.9,0.0,0.0,5.62,5.2,10,10
2026-09-02T19:00,20.9,21.5,0.0,0.0,4.65,4.37,12,0
2026-09-02T20:00,20.3,20.5,0.0,0.0,3.72,3.6,75,0
2026-09-02T21:00,20.0,19.9,0.0,0.0,2.45,3.34,24,0
2026-09-02T22:00,19.3,19.5,0.0,0.0,1.68,2.91,9,0
2026-09-02T23:00,18.8,19.5,0.0,0.0,1.49,2.54,79,0
2026-09-03T00:00,18.5,18.7,0.0,0.0,0.75,0.53,100,100
2026-09-03T01:00,17.7,18.3,0.0,0.0,0.29,0.98,100,80
2026-09-03T02:00,17.2,17.9,0.0,0.0,0.1,4.12,90,100
2026-09-03T03:00,16.9,17.9,0.0,0.0,0.77,4.4,100,100
2026-09-03T04:00,16.6,17.9,6.0,6.0,1.77,3.73,46,100
2026-09-03T05:00,19.1,19.1,93.0,83.0,3.04,3.22,50,100
2026-09-03T06:00,22.4,22.7,258.0,242.0,3.05,3.45,42,46
2026-09-03T07:00,24.6,24.7,417.0,432.0,1.47,3.76,99,0
2026-09-03T08:00,26.1,25.8,545.0,590.0,2.02,3.73,98,2
2026-09-03T09:00,27.1,26.9,637.0,699.0,1.75,3.64,83,16
2026-09-03T10:00,27.7,27.6,660.0,743.0,1.75,2.57,98,57
2026-09-03T11:00,27.4,24.2,553.0,628.0,1.41,4.13,100,100
2026-09-03T12:00,27.9,27.4,538.0,563.0,1.27,1.52,100,90
2026-09-03T13:00,27.4,27.1,376.0,541.0,2.26,2.65,100,100
2026-09-03T14:00,25.5,26.8,294.0,341.0,1.52,1.57,100,100
2026-09-03T15:00,25.8,26.1,242.0,202.0,2.1,1.79,100,100
2026-09-03T16:00,25.4,25.1,118.0,92.0,2.78,1.49,57,100
2026-09-03T17:00,23.4,23.8,14.0,12.0,2.77,1.4,5,100
2026-09-03T18:00,22.9,22.2,0.0,0.0,1.02,2.07,100,1
2026-09-03T19:00,21.8,20.7,0.0,0.0,1.1,2.28,100,3
2026-09-03T20:00,21.1,19.8,0.0,0.0,1.28,4.04,39,33
2026-09-03T21:00,20.6,19.5,0.0,0.0,1.15,3.27,0,59
2026-09-03T22:00,19.7,19.0,0.0,0.0,1.75,2.56,0,36
2026-09-03T23:00,19.1,18.5,0.0,0.0,2.67,3.16,0,68
2026-09-04T00:00,18.6,17.8,0.0,0.0,2.96,1.31,9,47
2026-09-04T01:00,18.3,17.4,0.0,0.0,2.91,1.64,2,55
2026-09-04T02:00,17.7,17.3,0.0,0.0,2.98,2.52,3,71
2026-09-04T03:00,16.7,17.0,0.0,0.0,2.84,2.29,4,75
2026-09-04T04:00,15.9,16.8,6.0,5.0,2.15,1.86,17,89
2026-09-04T05:00,16.7,17.7,88.0,69.0,2.3,2.0,54,96
2026-09-04T06:00,19.6,20.1,212.0,215.0,1.21,1.39,100,74
2026-09-04T07:00,22.0,22.6,369.0,407.0,0.35,0.83,71,28
2026-09-04T08:00,24.0,24.6,555.0,579.0,1.27,1.5,14,20
2026-09-04T09:00,25.7,26.5,666.0,696.0,1.58,2.06,26,5
2026-09-04T10:00,27.1,27.7,685.0,726.0,2.22,2.65,48,41
2026-09-04T11:00,28.0,28.3,688.0,708.0,2.7,3.08,43,39
2026-09-04T12:00,27.6,29.0,580.0,653.0,1.39,2.97,71,62
2026-09-04T13:00,27.1,28.8,495.0,563.0,4.97,3.35,67,52
2026-09-04T14:00,26.6,28.6,378.0,380.0,2.91,2.21,54,62
2026-09-04T15:00,26.4,28.4,262.0,237.0,2.51,3.29,32,94
2026-09-04T16:00,25.5,26.7,118.0,76.0,4.49,3.64,15,69
2026-09-04T17:00,23.5,24.2,13.0,11.0,6.01,5.17,0,45
2026-09-04T18:00,22.7,22.6,0.0,0.0,6.01,4.38,1,0
2026-09-04T19:00,21.8,21.5,0.0,0.0,6.56,4.65,0,13
2026-09-04T20:00,20.9,20.6,0.0,0.0,6.39,4.7,5,0
2026-09-04T21:00,20.2,20.3,0.0,0.0,5.68,4.35,8,7
2026-09-04T22:00,19.7,20.2,0.0,0.0,4.91,4.62,0,1
2026-09-04T23:00,19.3,19.6,0.0,0.0,5.09,5.21,1,0
2026-09-05T00:00,19.1,19.4,0.0,0.0,5.23,4.56,0,0
2026-09-05T01:00,18.9,19.4,0.0,0.0,5.35,4.4,0,3
2026-09-05T02:00,18.8,19.1,0.0,0.0,5.71,4.47,0,0
2026-09-05T03:00,18.4,18.8,0.0,0.0,5.78,4.5,0,0
2026-09-05T04:00,18.4,18.8,5.0,5.0,5.8,5.07,0,0
2026-09-05T05:00,19.9,20.0,91.0,91.0,5.42,4.97,0,0
2026-09-05T06:00,22.9,22.6,252.0,251.0,4.93,5.14,0,8
2026-09-05T07:00,25.5,25.1,427.0,425.0,3.81,4.28,0,0
2026-09-05T08:00,27.2,26.7,583.0,580.0,5.02,5.64,0,0
2026-09-05T09:00,28.8,28.4,699.0,695.0,5.17,5.55,0,0
2026-09-05T10:00,30.2,29.8,764.0,761.0,5.71,5.82,0,0
2026-09-05T11:00,31.1,30.8,771.0,769.0,5.7,5.94,0,0
2026-09-05T12:00,31.6,31.7,727.0,723.0,5.3,5.33,0,0
2026-09-05T13:00,31.9,31.9,625.0,623.0,5.3,5.09,0,0
2026-09-05T14:00,31.8,31.8,481.0,477.0,5.33,4.9,0,0
2026-09-05T15:00,31.3,31.5,310.0,307.0,5.24,5.3,0,0
2026-09-05T16:00,30.5,30.7,134.0,132.0,5.26,6.08,0,0
2026-09-05T17:00,27.4,27.7,13.0,13.0,5.71,6.38,0,0
2026-09-05T18:00,26.1,25.7,0.0,0.0,5.83,6.23,0,0
2026-09-05T19:00,24.3,23.9,0.0,0.0,5.25,5.2,0,0
2026-09-05T20:00,23.2,22.8,0.0,0.0,5.18,4.8,0,0
2026-09-05T21:00,22.6,22.3,0.0,0.0,4.92,4.84,0,8
2026-09-05T22:00,22.3,22.2,0.0,0.0,4.41,4.78,31,46
2026-09-05T23:00,21.4,23.1,0.0,0.0,7.28,7.67,100,100
2026-09-06T00:00,21.3,22.7,0.0,0.0,7.9,9.9,21,99
2026-09-06T01:00,20.8,22.0,0.0,0.0,10.47,9.81,43,60
2026-09-06T02:00,20.0,21.0,0.0,0.0,8.19,6.74,62,57
2026-09-06T03:00,19.4,20.1,0.0,0.0,5.06,3.91,63,63
2026-09-06T04:00,19.1,19.3,4.0,4.0,3.14,3.1,51,62
2026-09-06T05:00,19.8,20.2,75.0,66.0,2.98,3.25,74,78
2026-09-06T06:00,21.3,22.0,174.0,144.0,2.98,2.98,71,76
2026-09-06T07:00,22.5,23.2,318.0,294.0,2.73,2.94,74,70
2026-09-06T08:00,23.9,24.6,458.0,440.0,2.69,2.97,64,61
2026-09-06T09:00,25.1,25.7,545.0,530.0,3.61,4.37,60,74
2026-09-06T10:00,26.5,26.2,651.0,570.0,5.43,5.62,55,81
2026-09-06T11:00,27.2,26.5,674.0,571.0,6.58,6.09,67,72
2026-09-06T12:00,27.1,26.8,591.0,598.0,8.45,6.8,71,75
2026-09-06T13:00,27.6,26.5,420.0,354.0,9.15,5.62,82,66
2026-09-06T14:00,27.7,27.0,329.0,322.0,10.24,6.56,63,70
2026-09-06T15:00,27.0,26.7,243.0,200.0,10.32,6.58,43,68
2026-09-06T16:00,26.6,26.4,107.0,93.0,9.21,7.6,73,72
2026-09-06T17:00,24.1,24.6,8.0,7.0,5.9,8.96,68,97
2026-09-06T18:00,21.3,23.4,0.0,0.0,5.92,6.01,58,77
2026-09-06T19:00,20.5,22.1,0.0,0.0,6.27,7.78,61,67
2026-09-06T20:00,19.8,21.6,0.0,0.0,6.77,7.33,70,54
2026-09-06T21:00,19.1,20.0,0.0,0.0,6.53,6.24,51,67
2026-09-06T22:00,18.2,19.2,0.0,0.0,6.89,7.49,38,79
2026-09-06T23:00,17.4,19.0,0.0,0.0,6.85,9.15,41,77
2026-09-07T00:00,17.1,18.1,0.0,0.0,6.97,7.76,8,48
2026-09-07T01:00,16.5,17.3,0.0,0.0,6.86,7.23,3,44
2026-09-07T02:00,15.6,16.6,0.0,0.0,5.88,6.94,2,45
2026-09-07T03:00,14.9,16.0,0.0,0.0,5.82,6.93,6,65
2026-09-07T04:00,14.5,15.5,5.0,4.0,6.03,7.59,0,7
2026-09-07T05:00,15.8,16.8,103.0,104.0,5.89,8.02,1,3
2026-09-07T06:00,18.0,18.4,276.0,275.0,4.61,4.8,0,0
2026-09-07T07:00,19.8,20.3,454.0,458.0,3.76,4.54,0,0
2026-09-07T08:00,21.4,22.0,609.0,611.0,3.43,3.83,0,0
2026-09-07T09:00,22.9,23.2,719.0,715.0,3.73,4.19,16,42
2026-09-07T10:00,23.9,24.2,776.0,748.0,4.52,4.73,17,24
2026-09-07T11:00,24.6,24.7,786.0,746.0,4.84,5.49,16,81
2026-09-07T12:00,24.6,24.8,732.0,705.0,4.59,5.13,26,45
2026-09-07T13:00,24.7,24.8,624.0,567.0,4.4,5.36,23,67
2026-09-07T14:00,24.3,24.5,479.0,424.0,4.22,4.57,25,11
2026-09-07T15:00,23.8,24.1,304.0,304.0,4.21,3.97,22,26
2026-09-07T16:00,23.0,23.3,126.0,126.0,2.91,3.52,0,20
2026-09-07T17:00,21.6,21.6,10.0,10.0,2.77,2.55,0,3
2026-09-07T18:00,19.4,19.9,0.0,0.0,2.64,1.96,0,10
2026-09-07T19:00,17.9,17.3,0.0,0.0,5.09,4.32,0,10
2026-09-07T20:00,17.2,17.1,0.0,0.0,5.0,3.72,0,7
2026-09-07T21:00,16.8,16.5,0.0,0.0,4.35,4.03,0,11
2026-09-07T22:00,16.4,16.5,0.0,0.0,3.54,3.38,0,28
2026-09-07T23:00,16.2,16.0,0.0,0.0,3.37,1.85,0,27
2026-09-08T00:00,15.5,14.0,0.0,0.0,2.7,0.42,0,29
2026-09-08T01:00,15.3,13.6,0.0,0.0,2.05,0.42,0,1
2026-09-08T02:00,14.7,13.3,0.0,0.0,1.97,0.35,0,0
2026-09-08T03:00,14.3,12.6,0.0,0.0,1.64,0.93,0,22
2026-09-08T04:00,14.1,12.3,4.0,5.0,1.41,1.36,52,43
2026-09-08T05:00,15.2,14.1,89.0,93.0,1.25,2.06,3,46
2026-09-08T06:00,18.8,18.6,263.0,258.0,1.55,1.57,33,9
2026-09-08T07:00,21.3,21.2,433.0,436.0,1.0,0.53,62,4
2026-09-08T08:00,22.8,23.2,578.0,589.0,0.84,1.23,94,58
2026-09-08T09:00,23.8,24.4,655.0,690.0,0.96,1.59,77,100
2026-09-08T10:00,24.4,25.4,575.0,752.0,1.06,2.07,52,86
2026-09-08T11:00,25.1,26.1,712.0,755.0,1.31,2.27,99,47
2026-09-08T12:00,25.2,25.3,583.0,528.0,2.26,2.55,100,100
2026-09-08T13:00,25.1,24.9,462.0,423.0,3.26,3.68,93,100
2026-09-08T14:00,24.2,23.9,393.0,306.0,4.92,5.07,85,100
2026-09-08T15:00,23.2,22.9,266.0,184.0,5.41,5.97,75,94
2026-09-08T16:00,22.0,22.0,107.0,68.0,5.65,5.79,65,100
2026-09-08T17:00,20.2,20.5,8.0,6.0,6.47,6.4,81,98
2026-09-08T18:00,19.6,19.3,0.0,0.0,6.68,6.62,98,4
2026-09-08T19:00,19.0,18.5,0.0,0.0,6.49,6.66,96,1
2026-09-08T20:00,18.3,17.9,0.0,0.0,6.01,6.44,58,1
2026-09-08T21:00,17.7,17.4,0.0,0.0,5.23,5.8,45,1
2026-09-08T22:00,17.3,17.1,0.0,0.0,4.62,5.0,33,0
2026-09-08T23:00,17.0,16.9,0.0,0.0,4.42,4.22,20,0
2026-09-09T00:00,16.9,16.9,0.0,0.0,3.82,3.84,62,0
2026-09-09T01:00,16.5,16.6,0.0,0.0,3.45,3.73,32,0
2026-09-09T02:00,16.2,16.3,0.0,0.0,3.38,3.35,17,0
2026-09-09T03:00,15.9,15.8,0.0,0.0,3.45,2.9,6,0
2026-09-09T04:00,15.8,15.4,3.0,3.0,3.97,2.26,8,2
2026-09-09T05:00,16.9,16.5,91.0,92.0,3.38,2.46,0,0
2026-09-09T06:00,19.6,19.9,257.0,261.0,2.77,2.64,17,0
2026-09-09T07:00,21.8,22.2,433.0,439.0,1.94,2.63,13,0
2026-09-09T08:00,23.3,23.6,557.0,582.0,4.37,4.12,42,36
2026-09-09T09:00,24.3,24.8,631.0,671.0,4.51,4.21,50,37
2026-09-09T10:00,25.2,25.5,711.0,704.0,4.57,4.86,46,37
2026-09-09T11:00,25.6,26.0,709.0,734.0,5.41,5.06,44,51
2026-09-09T12:00,25.3,25.7,648.0,672.0,5.75,5.28,45,55
2026-09-09T13:00,24.9,25.1,572.0,554.0,6.03,5.89,26,31
2026-09-09T14:00,24.2,24.4,453.0,456.0,6.38,6.17,7,2
2026-09-09T15:00,23.1,23.4,286.0,288.0,6.66,6.17,13,11
2026-09-09T16:00,21.9,22.2,113.0,113.0,6.66,6.32,2,14
2026-09-09T17:00,20.1,20.5,8.0,8.0,7.25,6.94,1,5
2026-09-09T18:00,19.4,19.3,0.0,0.0,7.13,6.06,4,7
2026-09-09T19:00,18.6,18.4,0.0,0.0,6.88,6.17,10,9
2026-09-09T20:00,18.0,17.9,0.0,0.0,6.59,6.12,18,3
2026-09-09T21:00,17.6,17.5,0.0,0.0,6.14,5.93,18,0
2026-09-09T22:00,17.2,17.2,0.0,0.0,5.66,5.52,0,11
2026-09-09T23:00,17.0,17.1,0.0,0.0,4.97,5.27,4,28
2026-09-10T00:00,16.5,17.1,0.0,0.0,4.29,4.65,6,10
2026-09-10T01:00,16.1,16.9,0.0,0.0,4.12,4.67,3,14
2026-09-10T02:00,16.0,16.7,0.0,0.0,4.39,4.65,3,8
2026-09-10T03:00,16.0,16.5,0.0,0.0,4.8,4.7,7,4
2026-09-10T04:00,16.2,16.4,3.0,3.0,4.9,4.59,31,27
2026-09-10T05:00,17.7,17.7,84.0,85.0,4.84,4.43,39,34
2026-09-10T06:00,20.4,20.5,247.0,239.0,4.69,4.86,22,31
2026-09-10T07:00,22.5,22.8,419.0,414.0,4.47,3.6,29,47
2026-09-10T08:00,24.0,24.6,563.0,561.0,5.39,5.15,47,29
2026-09-10T09:00,25.1,25.9,641.0,672.0,5.17,6.01,49,45
2026-09-10T10:00,25.9,26.5,696.0,702.0,5.19,5.62,51,41
2026-09-10T11:00,26.4,27.1,690.0,723.0,5.02,5.59,50,38
2026-09-10T12:00,26.5,26.7,651.0,626.0,5.04,5.4,40,46
2026-09-10T13:00,26.4,26.6,568.0,554.0,5.26,5.15,28,36
2026-09-10T14:00,25.7,26.1,443.0,430.0,5.35,4.8,26,36
2026-09-10T15:00,24.5,25.2,272.0,260.0,5.26,4.82,22,33
2026-09-10T16:00,23.2,23.6,104.0,99.0,5.61,5.71,0,16
2026-09-10T17:00,21.2,21.7,6.0,6.0,6.86,7.46,0,3
2026-09-10T18:00,20.2,20.5,0.0,0.0,7.06,8.02,0,0
2026-09-10T19:00,19.5,20.0,0.0,0.0,7.01,7.5,0,0
2026-09-10T20:00,18.8,19.4,0.0,0.0,6.48,6.66,0,0
2026-09-10T21:00,18.3,18.8,0.0,0.0,6.21,6.67,0,0
2026-09-10T22:00,17.8,18.5,0.0,0.0,6.03,6.59,0,0
2026-09-10T23:00,17.5,18.1,0.0,0.0,5.79,6.18,0,0
2026-09-11T00:00,17.0,17.8,0.0,0.0,5.92,6.37,0,2
2026-09-11T01:00,16.9,17.6,0.0,0.0,5.21,5.78,0,0
2026-09-11T02:00,16.8,17.5,0.0,0.0,5.02,4.12,0,0
2026-09-11T03:00,16.5,17.0,0.0,0.0,4.64,2.88,1,6
2026-09-11T04:00,16.3,16.8,2.0,2.0,4.19,2.64,2,11
2026-09-11T05:00,17.5,18.0,82.0,74.0,4.03,2.95,0,0
2026-09-11T06:00,20.4,20.7,238.0,233.0,3.24,2.59,0,0
2026-09-11T07:00,22.5,22.8,408.0,402.0,3.29,1.98,10,9
2026-09-11T08:00,24.1,24.3,550.0,545.0,3.11,2.42,35,33
2026-09-11T09:00,25.5,25.6,648.0,638.0,2.94,2.43,35,36
2026-09-11T10:00,26.9,26.7,713.0,692.0,3.75,2.85,23,35
2026-09-11T11:00,27.6,27.4,726.0,700.0,3.64,3.47,28,34
2026-09-11T12:00,27.8,27.8,669.0,675.0,4.1,3.88,24,15
2026-09-11T13:00,27.4,27.5,577.0,580.0,5.02,4.3,2,2
2026-09-11T14:00,26.4,26.5,436.0,438.0,5.57,4.92,8,0
2026-09-11T15:00,25.1,25.1,266.0,267.0,5.49,5.47,0,0
2026-09-11T16:00,23.5,23.4,99.0,99.0,6.09,5.56,0,0
2026-09-11T17:00,21.4,21.4,5.0,5.0,7.23,6.47,0,0
2026-09-11T18:00,20.2,20.4,0.0,0.0,8.49,7.36,0,0
2026-09-11T19:00,19.6,19.7,0.0,0.0,8.2,6.93,0,10
2026-09-11T20:00,19.2,19.2,0.0,0.0,8.59,7.24,21,45
2026-09-11T21:00,19.0,19.0,0.0,0.0,7.63,7.63,42,53
2026-09-11T22:00,18.7,18.9,0.0,0.0,7.1,6.51,50,58
2026-09-11T23:00,18.6,18.5,0.0,0.0,7.03,5.67,50,22
2026-09-12T00:00,17.5,17.8,0.0,0.0,6.77,6.72,12,47
2026-09-12T01:00,17.2,17.5,0.0,0.0,6.49,5.68,19,38
2026-09-12T02:00,16.9,17.1,0.0,0.0,5.94,5.64,39,42
2026-09-12T03:00,17.1,17.2,0.0,0.0,7.2,6.11,25,58
2026-09-12T04:00,17.3,17.4,2.0,2.0,6.75,6.18,39,39
2026-09-12T05:00,18.4,18.6,77.0,78.0,6.35,6.62,43,45
2026-09-12T06:00,20.7,20.7,220.0,222.0,5.52,5.06,45,82
2026-09-12T07:00,22.5,22.4,388.0,390.0,5.11,5.09,47,54
2026-09-12T08:00,24.1,24.1,531.0,539.0,5.11,4.88,38,70
2026-09-12T09:00,25.7,25.8,650.0,660.0,4.68,4.74,34,82
2026-09-12T10:00,26.9,26.9,717.0,718.0,3.94,4.78,28,56
2026-09-12T11:00,27.9,27.7,716.0,710.0,3.86,4.26,35,81
2026-09-12T12:00,28.3,27.8,653.0,613.0,3.7,3.32,37,100
2026-09-12T13:00,27.9,27.4,533.0,402.0,3.92,3.07,47,100
2026-09-12T14:00,26.6,26.3,362.0,266.0,5.21,4.41,100,97
2026-09-12T15:00,25.1,24.8,204.0,197.0,5.76,5.02,100,100
2026-09-12T16:00,23.6,23.5,74.0,71.0,5.35,5.42,100,99
2026-09-12T17:00,22.1,22.3,4.0,3.0,6.01,5.26,90,100
2026-09-12T18:00,21.2,22.2,0.0,0.0,6.56,6.77,79,100
2026-09-12T19:00,20.7,20.8,0.0,0.0,6.29,6.92,90,98
2026-09-12T20:00,20.1,20.4,0.0,0.0,5.13,7.72,82,98
2026-09-12T21:00,19.6,19.5,0.0,0.0,4.8,6.72,91,92
2026-09-12T22:00,19.5,19.0,0.0,0.0,6.15,6.27,78,92
2026-09-12T23:00,19.2,18.3,0.0,0.0,7.69,5.39,94,100
2026-09-13T00:00,18.1,18.6,0.0,0.0,7.76,8.01,97,100
2026-09-13T01:00,17.5,17.1,0.0,0.0,7.38,6.88,100,100
2026-09-13T02:00,17.0,16.2,0.0,0.0,7.49,7.94,100,100
2026-09-13T03:00,16.3,15.8,0.0,0.0,7.07,6.15,100,100
2026-09-13T04:00,15.7,15.4,0.0,0.0,7.36,7.34,100,100
2026-09-13T05:00,15.3,15.1,9.0,10.0,6.69,6.87,100,100
2026-09-13T06:00,15.3,15.1,35.0,31.0,6.96,7.05,100,100
2026-09-13T07:00,15.3,15.0,66.0,56.0,6.52,7.25,100,100
2026-09-13T08:00,15.8,15.1,83.0,65.0,7.09,7.51,100,100
2026-09-13T09:00,16.4,15.2,141.0,73.0,7.36,7.65,100,100
2026-09-13T10:00,17.0,15.3,201.0,65.0,6.97,7.17,100,100
2026-09-13T11:00,17.3,15.4,198.0,67.0,7.19,6.71,100,100
2026-09-13T12:00,16.4,16.3,84.0,86.0,6.56,6.02,100,100
2026-09-13T13:00,17.1,17.2,104.0,137.0,6.67,6.1,100,100
2026-09-13T14:00,17.8,17.9,133.0,124.0,6.15,5.7,100,100
2026-09-13T15:00,18.0,18.5,104.0,104.0,5.31,4.56,100,100
2026-09-13T16:00,18.0,18.7,40.0,59.0,4.53,3.91,100,55
2026-09-13T17:00,17.4,17.3,2.0,3.0,3.63,3.81,100,9
2026-09-13T18:00,16.1,16.6,0.0,0.0,4.68,5.42,67,61
2026-09-13T19:00,15.4,16.3,0.0,0.0,5.71,5.99,32,63
2026-09-13T20:00,15.3,16.0,0.0,0.0,7.09,6.62,26,48
2026-09-13T21:00,15.0,15.6,0.0,0.0,7.55,6.47,26,25
2026-09-13T22:00,14.5,14.9,0.0,0.0,9.12,6.25,30,33
2026-09-13T23:00,14.2,14.7,0.0,0.0,9.81,7.54,99,36
2026-09-14T00:00,14.4,13.8,0.0,0.0,8.32,8.26,98,0
2026-09-14T01:00,14.1,13.5,0.0,0.0,7.78,8.83,82,6
2026-09-14T02:00,13.6,13.4,0.0,0.0,8.0,9.4,73,28
2026-09-14T03:00,13.3,13.4,0.0,0.0,8.34,10.08,100,55
2026-09-14T04:00,13.1,13.7,1.0,1.0,8.49,10.55,65,38
2026-09-14T05:00,13.5,14.5,64.0,67.0,8.33,9.25,73,66
2026-09-14T06:00,14.7,15.2,202.0,216.0,7.78,8.19,72,50
2026-09-14T07:00,16.1,16.8,345.0,371.0,7.88,8.47,65,61
2026-09-14T08:00,17.7,18.5,505.0,497.0,8.65,9.59,72,63
2026-09-14T09:00,18.8,19.8,556.0,579.0,9.62,9.87,66,65
2026-09-14T10:00,19.7,20.6,610.0,574.0,10.18,9.41,95,61
2026-09-14T11:00,20.3,21.1,608.0,550.0,10.22,9.07,91,89
2026-09-14T12:00,20.7,22.0,629.0,544.0,8.43,8.84,31,51
2026-09-14T13:00,21.2,22.3,550.0,504.0,8.02,7.95,28,15
2026-09-14T14:00,21.2,22.2,425.0,414.0,7.19,7.24,31,2
2026-09-14T15:00,20.7,21.6,243.0,253.0,6.78,6.62,53,32
2026-09-14T16:00,20.0,21.0,80.0,85.0,6.2,5.79,47,31
2026-09-14T17:00,18.6,19.0,2.0,3.0,5.66,5.35,55,25
2026-09-14T18:00,16.5,17.4,0.0,0.0,5.11,4.93,28,41
2026-09-14T19:00,15.7,16.2,0.0,0.0,4.62,4.77,24,18
2026-09-14T20:00,15.4,15.4,0.0,0.0,4.16,4.46,8,26
2026-09-14T21:00,14.9,14.9,0.0,0.0,3.57,4.66,0,6
2026-09-14T22:00,14.5,14.5,0.0,0.0,3.53,5.27,7,9
2026-09-14T23:00,14.2,14.2,0.0,0.0,3.61,5.49,2,14
2026-09-15T00:00,14.0,14.7,0.0,0.0,4.61,4.96,0,34
2026-09-15T01:00,13.5,14.2,0.0,0.0,4.56,4.78,6,52
2026-09-15T02:00,13.3,13.9,0.0,0.0,4.66,4.68,57,85
2026-09-15T03:00,13.0,13.5,0.0,0.0,4.71,3.99,67,100
2026-09-15T04:00,12.7,13.0,1.0,1.0,4.5,3.77,0,90
2026-09-15T05:00,13.3,13.6,72.0,65.0,4.09,3.37,2,92
2026-09-15T06:00,15.4,15.6,225.0,229.0,4.02,4.64,91,71
2026-09-15T07:00,17.5,17.7,388.0,392.0,2.83,2.76,55,99
2026-09-15T08:00,19.2,19.6,540.0,542.0,2.53,2.85,79,16
2026-09-15T09:00,20.4,21.0,619.0,666.0,3.15,3.64,97,38
2026-09-15T10:00,21.0,21.7,636.0,642.0,3.46,4.34,100,69
2026-09-15T11:00,21.2,22.1,591.0,640.0,3.72,3.97,100,97
2026-09-15T12:00,21.1,21.5,469.0,370.0,4.57,3.76,100,100
2026-09-15T13:00,20.6,21.5,371.0,345.0,4.3,4.04,100,100
2026-09-15T14:00,20.3,21.3,256.0,269.0,3.72,3.61,100,100
2026-09-15T15:00,19.7,20.9,155.0,162.0,3.21,3.55,100,100
2026-09-15T16:00,18.8,20.3,50.0,56.0,3.13,3.76,100,100
2026-09-15T17:00,17.7,19.2,2.0,2.0,3.15,4.17,100,100
2026-09-15T18:00,17.4,17.1,0.0,0.0,2.94,4.03,100,100
2026-09-15T19:00,17.0,16.5,0.0,0.0,2.37,4.52,100,100
2026-09-15T20:00,16.5,16.0,0.0,0.0,3.09,4.85,100,64
2026-09-15T21:00,16.1,15.5,0.0,0.0,3.26,5.56,59,13
2026-09-15T22:00,15.5,14.9,0.0,0.0,3.63,6.01,17,48
2026-09-15T23:00,15.1,14.7,0.0,0.0,3.92,5.7,0,27
2026-09-16T00:00,14.8,14.4,0.0,0.0,4.13,5.86,34,53
2026-09-16T01:00,14.5,14.4,0.0,0.0,4.42,5.36,39,50
2026-09-16T02:00,14.2,14.2,0.0,0.0,4.27,4.81,33,39
2026-09-16T03:00,14.0,13.8,0.0,0.0,4.38,4.51,9,10
2026-09-16T04:00,13.7,13.4,1.0,1.0,4.06,4.57,33,3
2026-09-16T05:00,14.2,13.9,68.0,68.0,3.72,4.59,0,3
2026-09-16T06:00,16.4,15.9,217.0,220.0,3.26,3.73,6,0
2026-09-16T07:00,18.7,18.4,386.0,390.0,2.19,3.13,0,0
2026-09-16T08:00,20.1,20.3,540.0,543.0,2.36,2.0,0,0
2026-09-16T09:00,21.0,21.5,637.0,653.0,2.88,2.37,32,21
2026-09-16T10:00,21.5,22.2,600.0,656.0,3.15,2.07,56,39
2026-09-16T11:00,21.9,22.4,633.0,528.0,3.19,2.29,45,86
2026-09-16T12:00,22.8,22.7,593.0,514.0,3.17,2.66,44,78
2026-09-16T13:00,22.6,22.5,511.0,375.0,3.26,2.5,17,87
2026-09-16T14:00,22.2,22.2,400.0,317.0,2.97,2.15,37,70
2026-09-16T15:00,21.1,21.1,231.0,201.0,4.24,3.99,13,38
2026-09-16T16:00,19.5,19.1,75.0,70.0,4.62,5.02,0,0
2026-09-16T17:00,17.9,17.9,1.0,1.0,4.16,4.32,0,0
2026-09-16T18:00,16.8,17.2,0.0,0.0,4.56,3.18,9,9
2026-09-16T19:00,16.0,16.3,0.0,0.0,4.25,2.91,0,4
2026-09-16T20:00,15.3,15.0,0.0,0.0,3.55,2.27,0,2
2026-09-16T21:00,14.7,14.6,0.0,0.0,2.41,1.86,0,0
2026-09-16T22:00,14.4,14.4,0.0,0.0,1.71,1.4,0,0
2026-09-16T23:00,14.1,14.2,0.0,0.0,1.43,1.01,0,0
2026-09-17T00:00,13.3,13.4,0.0,0.0,2.0,1.47,0,0
2026-09-17T01:00,12.8,13.0,0.0,0.0,1.97,1.59,0,0
2026-09-17T02:00,12.4,12.5,0.0,0.0,1.68,1.88,0,0
2026-09-17T03:00,12.0,12.2,0.0,0.0,1.33,2.34,0,0
2026-09-17T04:00,11.8,12.0,1.0,1.0,1.19,2.81,0,0
2026-09-17T05:00,12.6,12.9,72.0,74.0,1.38,2.72,0,0
2026-09-17T06:00,16.3,16.4,229.0,234.0,1.87,3.55,0,0
2026-09-17T07:00,19.2,19.2,400.0,408.0,1.64,3.03,0,0
2026-09-17T08:00,20.7,20.6,554.0,558.0,1.48,2.02,4,0
2026-09-17T09:00,21.6,21.6,619.0,661.0,1.49,1.89,27,16
2026-09-17T10:00,22.2,22.1,618.0,594.0,1.4,2.07,17,67
2026-09-17T11:00,22.7,22.5,585.0,597.0,1.89,2.06,55,55
2026-09-17T12:00,23.3,23.1,641.0,630.0,2.92,2.28,37,29
2026-09-17T13:00,23.0,23.1,522.0,548.0,3.2,2.37,47,52
2026-09-17T14:00,22.5,22.4,395.0,398.0,3.67,3.29,16,20
2026-09-17T15:00,21.7,21.5,239.0,237.0,3.63,3.19,3,2
2026-09-17T16:00,20.0,20.0,75.0,76.0,5.1,3.95,0,0
2026-09-17T17:00,18.4,18.2,1.0,1.0,5.62,4.3,0,0
2026-09-17T18:00,17.2,17.4,0.0,0.0,4.73,4.0,0,0
2026-09-17T19:00,16.7,17.0,0.0,0.0,4.52,4.24,0,0
2026-09-17T20:00,16.5,16.7,0.0,0.0,4.16,4.16,2,0
2026-09-17T21:00,16.2,16.4,0.0,0.0,4.3,3.64,4,0
2026-09-17T22:00,16.0,16.0,0.0,0.0,3.74,3.63,13,0
2026-09-17T23:00,15.7,15.6,0.0,0.0,3.24,3.73,1,0
2026-09-18T00:00,14.9,15.3,0.0,0.0,2.95,3.57,0,0
2026-09-18T01:00,14.5,15.0,0.0,0.0,2.69,3.57,0,4
2026-09-18T02:00,14.3,14.7,0.0,0.0,2.67,3.01,0,28
2026-09-18T03:00,14.0,14.5,0.0,0.0,2.61,2.57,1,40
2026-09-18T04:00,13.9,14.2,1.0,1.0,2.23,2.36,0,49
2026-09-18T05:00,14.4,14.8,67.0,60.0,2.46,2.77,11,40
2026-09-18T06:00,17.1,16.9,223.0,200.0,2.02,2.67,7,39
2026-09-18T07:00,19.9,19.6,391.0,359.0,1.87,1.82,7,40
2026-09-18T08:00,21.5,21.2,538.0,504.0,2.5,1.94,35,40
2026-09-18T09:00,22.5,22.3,640.0,606.0,2.94,2.3,43,41
2026-09-18T10:00,23.2,23.1,677.0,659.0,2.72,2.43,48,37
2026-09-18T11:00,23.6,23.6,629.0,608.0,1.89,1.89,88,57
2026-09-18T12:00,24.3,24.1,515.0,626.0,2.04,2.5,75,46
2026-09-18T13:00,24.0,23.7,438.0,507.0,3.15,3.34,93,42
2026-09-18T14:00,23.3,23.1,349.0,378.0,4.02,3.78,92,9
2026-09-18T15:00,22.3,22.0,209.0,222.0,4.79,4.53,94,0
2026-09-18T16:00,20.7,20.5,58.0,66.0,5.96,5.13,78,0
2026-09-18T17:00,19.2,19.0,1.0,1.0,6.14,5.34,39,0
2026-09-18T18:00,18.0,18.1,0.0,0.0,5.17,5.65,0,0
2026-09-18T19:00,17.3,17.6,0.0,0.0,5.41,5.57,0,0
2026-09-18T20:00,16.8,17.1,0.0,0.0,5.21,5.57,0,0
2026-09-18T21:00,16.6,16.8,0.0,0.0,4.68,5.27,0,0
2026-09-18T22:00,16.4,16.5,0.0,0.0,4.35,4.97,0,0
2026-09-18T23:00,16.3,16.4,0.0,0.0,3.74,4.34,0,0
2026-09-19T00:00,15.7,16.0,0.0,0.0,3.59,3.73,0,1
2026-09-19T01:00,15.3,15.7,0.0,0.0,3.29,3.63,0,3
2026-09-19T02:00,14.9,15.5,0.0,0.0,2.83,3.16,0,34
2026-09-19T03:00,14.7,15.2,0.0,0.0,2.23,3.14,0,18
2026-09-19T04:00,14.3,15.1,0.0,0.0,1.87,3.04,15,60
2026-09-19T05:00,14.9,15.8,58.0,56.0,2.23,3.44,39,26
2026-09-19T06:00,17.6,18.0,185.0,184.0,2.8,3.69,48,42
2026-09-19T07:00,20.3,20.2,334.0,335.0,3.02,3.64,41,34
2026-09-19T08:00,21.9,22.0,477.0,487.0,2.5,2.9,36,21
2026-09-19T09:00,23.1,23.4,597.0,605.0,2.32,2.77,36,11
2026-09-19T10:00,24.0,24.5,653.0,663.0,1.8,2.37,40,11
2026-09-19T11:00,24.6,25.2,655.0,668.0,1.52,1.76,40,0
2026-09-19T12:00,25.2,25.6,608.0,603.0,1.87,2.15,40,36
2026-09-19T13:00,25.0,25.4,493.0,478.0,2.02,2.31,100,67
2026-09-19T14:00,24.2,24.7,341.0,324.0,3.68,3.64,100,60
2026-09-19T15:00,22.6,23.2,180.0,185.0,4.92,5.1,100,46
2026-09-19T16:00,21.2,21.5,47.0,54.0,5.06,5.62,100,41
2026-09-19T17:00,19.7,20.0,0.0,0.0,5.41,5.65,100,75
2026-09-19T18:00,18.6,19.2,0.0,0.0,4.62,5.77,99,78
2026-09-19T19:00,17.9,18.3,0.0,0.0,4.44,5.05,78,55
2026-09-19T20:00,17.2,17.7,0.0,0.0,3.56,4.42,8,90
2026-09-19T21:00,16.4,17.4,0.0,0.0,2.59,3.48,97,63
2026-09-19T22:00,16.2,17.0,0.0,0.0,2.06,2.47,91,100
2026-09-19T23:00,15.7,16.9,0.0,0.0,1.29,2.23,88,75
2026-09-20T00:00,15.7,17.0,0.0,0.0,0.97,1.25,21,54
2026-09-20T01:00,14.9,16.0,0.0,0.0,1.46,1.28,50,44
2026-09-20T02:00,14.7,15.2,0.0,0.0,1.88,1.97,85,45
2026-09-20T03:00,14.7,14.7,0.0,0.0,1.93,2.6,86,49
2026-09-20T04:00,14.5,14.3,0.0,0.0,2.71,3.47,64,15
2026-09-20T05:00,15.2,15.2,53.0,56.0,2.36,2.69,52,0
2026-09-20T06:00,17.9,18.7,160.0,183.0,2.61,2.84,48,54
2026-09-20T07:00,20.6,20.8,314.0,289.0,1.85,2.52,44,65
2026-09-20T08:00,22.5,22.3,472.0,406.0,1.46,1.89,56,58
2026-09-20T09:00,23.6,23.8,549.0,551.0,1.58,1.48,46,43
2026-09-20T10:00,24.6,24.7,626.0,602.0,1.1,0.88,46,54
2026-09-20T11:00,25.2,25.4,644.0,621.0,0.77,0.79,53,52
2026-09-20T12:00,26.6,25.9,599.0,489.0,1.57,0.28,57,64
2026-09-20T13:00,26.5,25.9,465.0,434.0,1.8,0.49,83,69
2026-09-20T14:00,25.4,25.3,310.0,310.0,4.72,2.02,50,54
2026-09-20T15:00,24.2,24.2,188.0,173.0,4.65,4.16,22,37
2026-09-20T16:00,22.5,22.3,57.0,52.0,5.25,5.52,14,94
2026-09-20T17:00,20.3,20.6,0.0,0.0,5.18,5.79,5,79
2026-09-20T18:00,18.9,18.6,0.0,0.0,4.5,5.28,0,6
2026-09-20T19:00,18.2,17.7,0.0,0.0,4.56,5.12,0,0
2026-09-20T20:00,17.8,17.2,0.0,0.0,4.31,4.7,27,12
2026-09-20T21:00,17.7,16.7,0.0,0.0,4.16,4.12,79,93
2026-09-20T22:00,17.9,16.6,0.0,0.0,3.72,4.23,93,58
2026-09-20T23:00,18.2,16.2,0.0,0.0,3.15,4.23,100,30
2026-09-21T00:00,17.0,16.3,0.0,0.0,3.69,3.72,59,65
2026-09-21T01:00,16.8,16.0,0.0,0.0,4.08,4.25,64,59
2026-09-21T02:00,16.9,16.2,0.0,0.0,3.92,3.83,64,81
2026-09-21T03:00,17.1,16.5,0.0,0.0,3.67,3.83,83,75
2026-09-21T04:00,17.1,16.5,0.0,0.0,3.84,4.1,94,90
2026-09-21T05:00,17.4,17.1,14.0,39.0,5.54,4.24,98,64
2026-09-21T06:00,18.6,18.8,67.0,130.0,6.59,3.86,90,61
2026-09-21T07:00,21.0,20.9,232.0,260.0,5.48,3.67,41,63
2026-09-21T08:00,23.2,22.6,435.0,368.0,3.9,2.7,66,64
2026-09-21T09:00,24.5,24.1,526.0,495.0,4.44,3.9,41,90
2026-09-21T10:00,25.7,23.4,608.0,237.0,5.17,3.87,74,100
2026-09-21T11:00,25.3,24.4,421.0,298.0,5.3,3.76,100,100
2026-09-21T12:00,25.5,22.8,289.0,182.0,5.0,1.39,96,99
2026-09-21T13:00,25.6,22.6,347.0,163.0,4.71,1.9,92,99
2026-09-21T14:00,25.5,22.2,285.0,135.0,4.4,1.46,40,100
2026-09-21T15:00,25.0,21.0,186.0,35.0,4.82,4.6,71,100
2026-09-21T16:00,23.6,20.0,46.0,14.0,4.82,6.02,53,100
2026-09-21T17:00,21.6,19.3,0.0,0.0,5.88,5.66,56,100
2026-09-21T18:00,19.2,18.8,0.0,0.0,11.01,9.75,100,100
2026-09-21T19:00,17.3,17.7,0.0,0.0,7.92,9.72,100,100
2026-09-21T20:00,16.1,16.3,0.0,0.0,6.33,8.53,100,100
2026-09-21T21:00,15.7,15.3,0.0,0.0,5.28,7.5,75,100
2026-09-21T22:00,15.0,14.8,0.0,0.0,4.62,6.11,84,92
2026-09-21T23:00,14.1,14.5,0.0,0.0,4.51,5.54,51,82
2026-09-22T00:00,13.2,14.2,0.0,0.0,3.4,5.98,54,100
2026-09-22T01:00,12.6,13.5,0.0,0.0,3.69,4.99,81,100
2026-09-22T02:00,12.4,13.1,0.0,0.0,3.9,5.93,100,100
2026-09-22T03:00,12.3,12.6,0.0,0.0,4.98,6.39,91,100
2026-09-22T04:00,11.9,12.0,0.0,0.0,5.69,5.98,93,53
2026-09-22T05:00,12.3,12.2,49.0,58.0,4.43,5.92,56,78
2026-09-22T06:00,13.8,13.8,195.0,165.0,1.58,4.16,65,100
2026-09-22T07:00,15.3,15.5,320.0,269.0,1.69,1.55,71,92
2026-09-22T08:00,16.9,17.1,496.0,427.0,1.21,1.25,96,100
2026-09-22T09:00,18.1,17.7,556.0,427.0,1.88,1.94,77,100
2026-09-22T10:00,18.6,17.7,502.0,451.0,1.97,0.88,100,100
2026-09-22T11:00,19.1,18.1,495.0,461.0,1.77,1.28,89,100
2026-09-22T12:00,19.8,17.7,517.0,324.0,0.53,1.5,95,86
2026-09-22T13:00,19.2,17.6,316.0,316.0,2.67,1.5,83,73
2026-09-22T14:00,17.9,17.5,233.0,299.0,4.93,1.59,81,50
2026-09-22T15:00,17.6,16.9,150.0,194.0,2.63,1.5,65,15
2026-09-22T16:00,16.6,16.0,44.0,55.0,1.83,1.08,68,0
2026-09-22T17:00,15.1,14.8,0.0,0.0,1.23,1.68,54,0
2026-09-22T18:00,13.1,13.7,0.0,0.0,2.46,2.08,23,0
2026-09-22T19:00,11.8,13.0,0.0,0.0,1.71,2.16,49,43
2026-09-22T20:00,11.2,12.1,0.0,0.0,2.07,2.96,67,38
2026-09-22T21:00,10.7,11.7,0.0,0.0,2.11,3.76,82,68
2026-09-22T22:00,10.1,11.3,0.0,0.0,3.37,4.55,100,64
2026-09-22T23:00,10.0,10.9,0.0,0.0,4.09,5.27,41,71
2026-09-23T00:00,9.9,10.9,0.0,0.0,4.41,5.59,34,59
2026-09-23T01:00,9.5,10.7,0.0,0.0,4.57,6.5,27,50
2026-09-23T02:00,8.9,10.4,0.0,0.0,5.3,6.73,99,55
2026-09-23T03:00,8.3,10.1,0.0,0.0,5.11,6.73,98,45
2026-09-23T04:00,8.2,10.0,0.0,0.0,6.08,7.37,100,58
2026-09-23T05:00,9.7,10.5,49.0,50.0,6.96,7.13,100,62
2026-09-23T06:00,12.2,12.3,198.0,167.0,6.33,6.92,52,100
2026-09-23T07:00,14.0,13.9,311.0,306.0,4.91,5.23,100,56
2026-09-23T08:00,15.3,15.9,403.0,513.0,6.33,6.31,99,33
2026-09-23T09:00,17.2,17.5,601.0,636.0,7.76,7.99,22,14
2026-09-23T10:00,18.0,18.4,631.0,681.0,7.67,8.84,84,47
2026-09-23T11:00,18.5,18.8,575.0,625.0,8.5,7.58,40,72
2026-09-23T12:00,18.3,19.3,451.0,594.0,7.72,7.38,100,56
2026-09-23T13:00,18.3,19.0,354.0,449.0,7.2,7.53,100,42
2026-09-23T14:00,17.8,18.5,261.0,352.0,7.59,7.53,98,63
2026-09-23T15:00,16.9,16.3,142.0,174.0,7.37,8.44,100,31
2026-09-23T16:00,15.8,14.7,37.0,50.0,7.42,7.31,100,10
2026-09-23T17:00,14.2,13.4,0.0,0.0,8.24,7.72,100,47
2026-09-23T18:00,12.9,12.9,0.0,0.0,7.34,7.19,36,28
2026-09-23T19:00,11.9,12.2,0.0,0.0,6.57,7.72,4,0
2026-09-23T20:00,11.1,11.4,0.0,0.0,6.22,7.23,26,3
2026-09-23T21:00,10.3,10.6,0.0,0.0,5.43,6.45,0,0
2026-09-23T22:00,9.8,9.8,0.0,0.0,5.01,5.37,8,5
2026-09-23T23:00,9.2,9.1,0.0,0.0,4.23,4.33,71,1
2026-09-24T00:00,9.8,9.0,0.0,0.0,5.75,3.0,72,20
2026-09-24T01:00,9.6,8.8,0.0,0.0,4.35,2.29,68,23
2026-09-24T02:00,9.2,8.6,0.0,0.0,4.44,1.89,37,100
2026-09-24T03:00,9.3,8.7,0.0,0.0,5.48,1.33,100,83
2026-09-24T04:00,9.4,8.4,0.0,0.0,5.8,0.14,100,81
2026-09-24T05:00,10.2,8.9,41.0,53.0,6.19,1.48,91,15
2026-09-24T06:00,12.3,12.2,164.0,188.0,5.88,2.76,81,31
2026-09-24T07:00,13.9,14.7,267.0,374.0,4.14,1.69,99,78
2026-09-24T08:00,15.6,16.3,405.0,505.0,3.74,2.82,100,84
2026-09-24T09:00,17.4,17.8,544.0,615.0,3.58,3.66,57,27
2026-09-24T10:00,18.6,19.0,609.0,682.0,4.52,3.74,75,33
2026-09-24T11:00,19.3,19.6,585.0,606.0,4.8,4.13,52,54
2026-09-24T12:00,19.4,19.5,575.0,583.0,4.7,3.4,31,50
2026-09-24T13:00,19.6,19.8,521.0,491.0,3.85,2.95,6,43
2026-09-24T14:00,19.4,19.6,379.0,369.0,3.32,2.02,18,1
2026-09-24T15:00,18.9,19.1,207.0,208.0,2.94,1.31,0,0
2026-09-24T16:00,17.2,17.2,50.0,49.0,3.53,1.85,2,20
2026-09-24T17:00,15.2,15.0,0.0,0.0,3.94,7.69,5,100
2026-09-24T18:00,14.2,14.1,0.0,0.0,6.88,9.05,68,100
2026-09-24T19:00,14.1,13.6,0.0,0.0,8.53,8.72,69,1
2026-09-24T20:00,13.6,12.9,0.0,0.0,8.45,8.17,8,19
2026-09-24T21:00,13.2,12.4,0.0,0.0,8.44,7.46,17,94
2026-09-24T22:00,12.7,12.1,0.0,0.0,8.11,7.26,31,59
2026-09-24T23:00,12.4,12.0,0.0,0.0,8.01,7.05,31,67
2026-09-25T00:00,12.0,12.3,0.0,0.0,7.23,7.17,38,59
2026-09-25T01:00,11.9,12.3,0.0,0.0,6.14,5.79,26,61
2026-09-25T02:00,11.5,10.9,0.0,0.0,5.37,2.85,12,40
2026-09-25T03:00,11.4,10.9,0.0,0.0,5.31,3.91,87,38
2026-09-25T04:00,11.0,11.3,0.0,0.0,5.0,4.42,59,63
2026-09-25T05:00,11.7,12.4,45.0,37.0,5.1,4.96,100,82
2026-09-25T06:00,14.1,14.5,174.0,122.0,3.67,5.03,94,100
2026-09-25T07:00,16.5,17.2,285.0,296.0,3.14,5.3,99,67
2026-09-25T08:00,18.3,18.9,398.0,448.0,2.55,4.82,100,100
2026-09-25T09:00,19.4,19.8,413.0,472.0,3.38,4.39,100,100
2026-09-25T10:00,19.8,20.6,419.0,548.0,3.51,4.38,100,94
2026-09-25T11:00,20.1,20.7,421.0,479.0,3.57,4.61,100,89
2026-09-25T12:00,20.2,20.0,357.0,362.0,5.22,5.55,100,100
2026-09-25T13:00,20.0,19.5,305.0,295.0,5.16,5.55,100,100
2026-09-25T14:00,19.4,19.0,272.0,222.0,5.6,5.41,100,100
2026-09-25T15:00,18.5,18.4,155.0,101.0,5.82,5.43,100,100
2026-09-25T16:00,17.4,17.4,35.0,17.0,5.92,5.4,100,96
2026-09-25T17:00,16.2,16.3,0.0,0.0,5.61,5.14,100,95
2026-09-25T18:00,15.5,15.8,0.0,0.0,6.23,6.79,85,65
2026-09-25T19:00,14.9,14.9,0.0,0.0,5.99,5.98,80,50
2026-09-25T20:00,14.1,14.0,0.0,0.0,5.52,5.42,98,98
2026-09-25T21:00,13.6,13.7,0.0,0.0,5.21,5.51,100,100
2026-09-25T22:00,13.3,13.7,0.0,0.0,5.31,5.79,87,100
2026-09-25T23:00,13.3,13.7,0.0,0.0,5.45,6.15,99,100
2026-09-26T00:00,12.8,13.1,0.0,0.0,5.99,4.88,100,100
2026-09-26T01:00,13.1,13.1,0.0,0.0,7.5,5.8,93,100
2026-09-26T02:00,13.1,13.3,0.0,0.0,7.8,7.23,95,100
2026-09-26T03:00,13.1,13.7,0.0,0.0,8.65,8.38,94,99
2026-09-26T04:00,13.0,13.8,0.0,0.0,8.92,8.37,60,100
2026-09-26T05:00,13.6,14.3,45.0,37.0,8.6,8.02,100,100
2026-09-26T06:00,15.2,15.6,144.0,166.0,7.72,8.25,100,96
2026-09-26T07:00,17.0,17.1,290.0,300.0,6.49,6.82,99,100
2026-09-26T08:00,18.1,18.2,402.0,376.0,6.35,6.09,98,100
2026-09-26T09:00,18.8,18.7,409.0,398.0,5.87,5.88,100,100
2026-09-26T10:00,19.3,19.1,404.0,356.0,5.7,6.32,100,100
2026-09-26T11:00,19.7,19.5,402.0,398.0,6.18,6.5,100,100
2026-09-26T12:00,19.7,20.7,402.0,471.0,6.92,6.72,98,85
2026-09-26T13:00,19.9,20.3,349.0,428.0,7.27,6.97,97,99
2026-09-26T14:00,19.4,19.5,259.0,269.0,7.1,6.85,100,100
2026-09-26T15:00,18.8,18.9,130.0,126.0,7.45,7.23,100,100
2026-09-26T16:00,17.2,17.4,27.0,31.0,7.53,6.91,97,82
2026-09-26T17:00,16.0,16.1,0.0,0.0,8.09,7.55,93,99
2026-09-26T18:00,15.0,16.2,0.0,0.0,9.08,7.47,96,100
2026-09-26T19:00,14.8,15.7,0.0,0.0,8.8,8.07,92,91
2026-09-26T20:00,14.4,15.0,0.0,0.0,8.73,7.82,86,100
2026-09-26T21:00,14.0,14.3,0.0,0.0,8.54,7.71,89,87
2026-09-26T22:00,13.8,13.8,0.0,0.0,8.08,7.49,77,79
2026-09-26T23:00,13.6,13.4,0.0,0.0,8.57,7.69,56,87
2026-09-27T00:00,13.1,13.1,0.0,0.0,9.68,8.64,75,87
2026-09-27T01:00,13.1,13.3,0.0,0.0,9.58,8.85,89,91
2026-09-27T02:00,13.0,13.2,0.0,0.0,9.14,8.9,94,84
2026-09-27T03:00,12.6,12.8,0.0,0.0,9.02,9.12,35,53
2026-09-27T04:00,12.2,12.4,0.0,0.0,9.2,8.94,27,17
2026-09-27T05:00,12.9,12.9,45.0,45.0,9.8,8.81,79,12
2026-09-27T06:00,14.8,15.4,188.0,107.0,8.46,8.13,24,89
2026-09-27T07:00,17.0,16.8,361.0,226.0,7.2,7.19,5,92
2026-09-27T08:00,19.0,18.5,513.0,357.0,8.72,7.85,0,81
2026-09-27T09:00,20.2,19.8,622.0,518.0,8.77,8.2,18,89
2026-09-27T10:00,21.0,20.5,679.0,585.0,8.26,7.8,0,88
2026-09-27T11:00,21.5,20.8,679.0,544.0,8.01,7.59,5,86
2026-09-27T12:00,22.5,21.7,621.0,611.0,7.81,7.41,19,35
2026-09-27T13:00,22.3,21.4,509.0,474.0,7.73,7.27,16,45
2026-09-27T14:00,21.7,21.0,352.0,324.0,7.88,7.54,20,60
2026-09-27T15:00,20.9,20.3,181.0,161.0,7.95,7.32,35,40
2026-09-27T16:00,18.6,18.4,37.0,34.0,8.33,7.46,22,49
2026-09-27T17:00,17.0,16.9,0.0,0.0,8.07,8.18,16,72
2026-09-27T18:00,15.9,15.1,0.0,0.0,8.47,7.63,43,14
2026-09-27T19:00,15.6,14.2,0.0,0.0,9.51,7.96,2,31
2026-09-27T20:00,15.3,14.1,0.0,0.0,9.92,8.61,19,38
2026-09-27T21:00,15.1,14.1,0.0,0.0,11.07,8.76,23,22
2026-09-27T22:00,14.7,13.7,0.0,0.0,10.98,8.84,0,31
2026-09-27T23:00,14.0,13.4,0.0,0.0,10.53,8.86,0,34
2026-09-28T00:00,13.7,13.6,0.0,0.0,10.55,8.82,69,14
2026-09-28T01:00,13.1,13.1,0.0,0.0,10.21,9.42,93,8
2026-09-28T02:00,12.6,12.6,0.0,0.0,10.29,9.77,100,9
2026-09-28T03:00,11.9,12.0,0.0,0.0,10.74,11.16,65,8
2026-09-28T04:00,11.4,11.6,0.0,0.0,12.24,12.26,1,7
2026-09-28T05:00,11.9,12.0,43.0,38.0,11.3,11.5,29,63
2026-09-28T06:00,13.3,13.0,144.0,173.0,10.58,8.68,82,71
2026-09-28T07:00,14.6,14.7,200.0,308.0,10.59,9.42,96,68
2026-09-28T08:00,15.3,16.3,141.0,392.0,11.1,10.22,91,94
2026-09-28T09:00,15.9,17.4,213.0,379.0,11.28,10.52,96,94
2026-09-28T10:00,16.9,17.0,260.0,232.0,11.34,10.31,71,97
2026-09-28T11:00,19.3,17.8,496.0,175.0,11.18,10.43,51,96
2026-09-28T12:00,21.5,19.8,513.0,393.0,10.05,10.3,69,93
2026-09-28T13:00,21.5,19.9,400.0,271.0,9.99,10.42,39,74
2026-09-28T14:00,21.4,20.2,316.0,244.0,9.74,9.67,44,62
2026-09-28T15:00,20.7,19.8,139.0,151.0,9.5,10.17,88,55
2026-09-28T16:00,19.4,18.1,16.0,30.0,9.37,10.32,90,82
2026-09-28T17:00,18.4,16.3,0.0,0.0,7.88,7.96,100,100
2026-09-28T18:00,16.5,17.3,0.0,0.0,10.21,8.11,100,99
2026-09-28T19:00,16.4,16.7,0.0,0.0,10.36,9.44,98,96
2026-09-28T20:00,15.8,16.2,0.0,0.0,10.24,9.71,93,89
2026-09-28T21:00,15.5,15.7,0.0,0.0,10.63,9.25,91,91
2026-09-28T22:00,15.1,15.1,0.0,0.0,10.68,9.58,91,100
2026-09-28T23:00,14.8,14.8,0.0,0.0,10.12,10.5,94,100
2026-09-29T00:00,14.2,14.0,0.0,0.0,9.63,10.09,100,89
2026-09-29T01:00,14.1,13.7,0.0,0.0,10.29,10.1,100,84
2026-09-29T02:00,13.8,13.3,0.0,0.0,9.9,10.5,98,91
2026-09-29T03:00,13.6,13.2,0.0,0.0,9.9,10.81,95,93
2026-09-29T04:00,13.4,13.1,0.0,0.0,9.81,10.81,100,93
2026-09-29T05:00,13.9,13.4,20.0,16.0,9.56,9.93,100,100
2026-09-29T06:00,13.6,13.8,75.0,111.0,8.43,9.9,100,100
2026-09-29T07:00,14.7,15.2,111.0,241.0,8.66,9.85,100,91
2026-09-29T08:00,16.5,16.6,230.0,361.0,8.24,9.31,100,100
2026-09-29T09:00,18.8,17.8,416.0,373.0,8.82,9.34,92,97
2026-09-29T10:00,20.2,18.8,524.0,319.0,10.28,8.65,81,100
2026-09-29T11:00,20.8,19.0,538.0,275.0,10.19,10.1,92,100
2026-09-29T12:00,21.6,21.2,581.0,460.0,9.95,9.08,31,96
2026-09-29T13:00,21.5,20.5,487.0,346.0,9.54,9.2,65,100
2026-09-29T14:00,21.0,19.8,337.0,192.0,9.16,9.18,38,100
2026-09-29T15:00,20.4,19.2,168.0,70.0,8.49,7.69,47,100
2026-09-29T16:00,18.2,17.9,30.0,11.0,7.84,6.03,62,100
2026-09-29T17:00,16.4,17.1,0.0,0.0,7.05,6.37,67,100
2026-09-29T18:00,15.2,15.3,0.0,0.0,7.91,6.88,100,100
2026-09-29T19:00,14.7,15.1,0.0,0.0,8.65,7.36,99,100
2026-09-29T20:00,14.4,15.1,0.0,0.0,8.92,9.16,100,100
2026-09-29T21:00,14.1,14.8,0.0,0.0,9.42,10.12,100,100
2026-09-29T22:00,14.1,14.3,0.0,0.0,10.39,10.96,91,100
2026-09-29T23:00,13.8,14.0,0.0,0.0,10.74,11.09,50,100
2026-09-30T00:00,13.3,13.8,0.0,0.0,10.75,10.96,15,100
2026-09-30T01:00,12.8,13.0,0.0,0.0,11.28,11.53,0,100
2026-09-30T02:00,12.5,12.3,0.0,0.0,11.59,11.39,0,47
2026-09-30T03:00,12.2,11.8,0.0,0.0,11.13,10.88,0,32
2026-09-30T04:00,11.8,11.2,0.0,0.0,10.95,10.38,0,0
2026-09-30T05:00,12.1,11.5,41.0,40.0,10.78,10.1,0,10
2026-09-30T06:00,13.5,13.6,191.0,188.0,8.9,8.39,0,0
2026-09-30T07:00,15.6,15.8,362.0,359.0,8.5,8.61,0,0
2026-09-30T08:00,17.1,17.5,512.0,507.0,8.02,8.85,0,7
2026-09-30T09:00,18.2,18.7,619.0,614.0,8.22,9.49,10,10
2026-09-30T10:00,18.8,19.3,660.0,667.0,7.73,8.7,31,31
2026-09-30T11:00,19.1,19.6,654.0,632.0,7.43,7.67,29,48
2026-09-30T12:00,19.5,19.3,578.0,573.0,7.45,8.16,40,43
2026-09-30T13:00,19.2,19.1,462.0,452.0,7.34,7.93,43,51
2026-09-30T14:00,18.6,18.7,314.0,301.0,7.04,7.58,37,52
2026-09-30T15:00,17.9,18.2,164.0,144.0,6.7,7.58,23,44
2026-09-30T16:00,15.6,16.3,28.0,27.0,6.6,7.36,11,31
2026-09-30T17:00,13.9,14.7,0.0,0.0,6.05,7.1,0,25
2026-09-30T18:00,12.9,12.6,0.0,0.0,5.34,5.42,0,0
2026-09-30T19:00,12.2,11.9,0.0,0.0,5.72,5.63,0,12
2026-09-30T20:00,11.8,11.4,0.0,0.0,6.55,6.06,1,0
2026-09-30T21:00,11.8,11.1,0.0,0.0,7.98,7.33,0,0
2026-09-30T22:00,12.0,11.4,0.0,0.0,8.98,8.68,2,30
2026-09-30T23:00,11.8,11.6,0.0,0.0,9.78,10.23,23,24
