time,temperature_2m_previous_day1,temperature_2m_previous_day2,shortwave_radiation_previous_day1,shortwave_radiation_previous_day2,wind_speed_100m_previous_day1,wind_speed_100m_previous_day2,cloud_cover_previous_day1,cloud_cover_previous_day2
2025-06-15T00:00,15.9,17.6,0.0,0.0,1.93,6.84,36,76
2025-06-15T01:00,14.8,17.4,0.0,0.0,0.4,5.96,31,82
2025-06-15T02:00,13.9,17.3,0.0,0.0,1.58,5.14,42,85
2025-06-15T03:00,13.6,17.1,6.0,4.0,2.31,5.56,25,68
2025-06-15T04:00,14.8,17.4,86.0,76.0,2.45,4.99,26,39
2025-06-15T05:00,17.7,19.2,238.0,224.0,2.29,4.13,0,50
2025-06-15T06:00,20.1,20.3,418.0,339.0,1.71,0.96,9,61
2025-06-15T07:00,22.4,22.0,593.0,516.0,2.11,1.58,26,44
2025-06-15T08:00,23.5,23.5,735.0,682.0,1.28,0.77,53,71
2025-06-15T09:00,24.2,24.2,673.0,645.0,1.4,2.05,57,75
2025-06-15T10:00,25.0,24.8,667.0,606.0,2.51,2.59,80,62
2025-06-15T11:00,25.7,25.8,707.0,717.0,3.19,2.91,85,89
2025-06-15T12:00,26.3,26.5,596.0,622.0,3.15,3.67,83,81
2025-06-15T13:00,26.2,26.7,565.0,585.0,3.88,4.32,93,84
2025-06-15T14:00,26.2,26.7,465.0,479.0,3.63,3.94,64,68
2025-06-15T15:00,26.1,26.8,422.0,368.0,3.1,3.92,73,51
2025-06-15T16:00,25.8,26.6,244.0,293.0,3.16,4.0,80,93
2025-06-15T17:00,24.7,25.6,132.0,140.0,3.35,4.25,40,89
2025-06-15T18:00,21.8,23.8,32.0,31.0,4.43,3.14,47,39
2025-06-15T19:00,20.4,22.6,0.0,0.0,4.52,2.88,63,53
2025-06-15T20:00,19.4,21.1,0.0,0.0,4.34,1.97,46,63
2025-06-15T21:00,18.8,20.3,0.0,0.0,4.16,5.11,46,69
2025-06-15T22:00,18.2,19.5,0.0,0.0,3.69,5.13,33,100
2025-06-15T23:00,17.4,19.0,0.0,0.0,3.53,4.62,45,100
2025-06-16T00:00,16.6,16.8,0.0,0.0,3.73,3.85,62,49
2025-06-16T01:00,16.1,16.1,0.0,0.0,3.92,4.42,67,33
2025-06-16T02:00,16.0,16.0,0.0,0.0,3.48,4.33,65,6
2025-06-16T03:00,15.6,15.6,6.0,6.0,2.92,4.52,11,9
2025-06-16T04:00,16.1,16.1,87.0,86.0,2.04,2.85,0,0
2025-06-16T05:00,18.3,19.1,239.0,241.0,1.39,2.98,0,0
2025-06-16T06:00,21.3,22.1,417.0,414.0,1.38,1.58,0,9
2025-06-16T07:00,24.0,24.6,590.0,589.0,0.57,1.67,0,6
2025-06-16T08:00,25.7,26.1,740.0,738.0,0.88,1.79,0,6
2025-06-16T09:00,27.0,27.3,850.0,844.0,1.08,2.08,20,65
2025-06-16T10:00,28.1,28.3,904.0,894.0,1.52,2.39,28,89
2025-06-16T11:00,28.7,29.0,882.0,834.0,2.19,2.55,100,100
2025-06-16T12:00,29.4,29.6,838.0,789.0,2.68,2.86,100,100
2025-06-16T13:00,29.5,29.9,748.0,727.0,2.72,3.0,100,100
2025-06-16T14:00,29.6,29.9,632.0,624.0,2.56,2.91,9,85
2025-06-16T15:00,29.3,29.5,517.0,498.0,2.04,2.45,3,3
2025-06-16T16:00,28.6,28.9,338.0,338.0,2.23,1.93,66,6
2025-06-16T17:00,27.0,27.6,164.0,165.0,3.16,1.95,23,0
2025-06-16T18:00,26.1,24.9,34.0,34.0,3.69,2.07,0,1
2025-06-16T19:00,24.1,23.4,0.0,0.0,3.48,2.55,0,0
2025-06-16T20:00,22.7,22.0,0.0,0.0,4.08,3.45,0,0
2025-06-16T21:00,21.7,20.7,0.0,0.0,4.88,4.74,0,0
2025-06-16T22:00,21.0,19.8,0.0,0.0,4.66,4.78,0,0
2025-06-16T23:00,19.4,18.5,0.0,0.0,3.68,3.33,1,0
2025-06-17T00:00,17.3,17.5,0.0,0.0,3.9,3.29,0,0
2025-06-17T01:00,16.8,16.8,0.0,0.0,4.24,2.83,12,0
2025-06-17T02:00,15.8,16.1,0.0,0.0,4.13,2.15,5,0
2025-06-17T03:00,15.4,15.3,6.0,6.0,3.72,1.9,13,5
2025-06-17T04:00,16.4,16.3,83.0,84.0,3.14,1.8,3,0
2025-06-17T05:00,19.6,19.4,231.0,234.0,4.03,2.59,3,1
2025-06-17T06:00,23.1,22.4,397.0,407.0,3.54,2.15,33,1
2025-06-17T07:00,26.4,25.6,573.0,581.0,0.5,1.01,7,0
2025-06-17T08:00,29.2,28.3,730.0,732.0,2.29,2.16,3,15
2025-06-17T09:00,30.4,29.9,841.0,844.0,3.6,3.73,6,16
2025-06-17T10:00,31.2,30.6,901.0,909.0,3.1,3.02,32,0
2025-06-17T11:00,31.6,31.3,852.0,922.0,2.57,2.16,39,7
2025-06-17T12:00,32.3,31.8,838.0,862.0,1.67,1.5,40,63
2025-06-17T13:00,32.4,32.0,697.0,666.0,1.97,1.29,27,71
2025-06-17T14:00,32.5,32.0,608.0,562.0,1.77,1.31,65,67
2025-06-17T15:00,32.1,31.7,482.0,458.0,1.48,0.84,1,71
2025-06-17T16:00,31.6,30.9,328.0,284.0,0.31,1.12,21,67
2025-06-17T17:00,30.2,29.0,157.0,155.0,1.18,3.69,8,16
2025-06-17T18:00,28.2,28.0,34.0,33.0,4.74,4.05,18,0
2025-06-17T19:00,26.7,26.2,0.0,0.0,3.51,3.92,7,36
2025-06-17T20:00,25.8,25.2,0.0,0.0,2.31,3.35,49,93
2025-06-17T21:00,24.3,24.1,0.0,0.0,8.11,7.97,76,97
2025-06-17T22:00,23.3,23.5,0.0,0.0,9.83,11.12,31,53
2025-06-17T23:00,22.2,22.6,0.0,0.0,9.79,9.03,28,69
2025-06-18T00:00,20.6,21.4,0.0,0.0,9.52,8.64,61,74
2025-06-18T01:00,20.1,20.5,0.0,0.0,8.8,8.86,85,61
2025-06-18T02:00,19.7,19.6,0.0,0.0,8.79,7.76,92,59
2025-06-18T03:00,19.4,18.8,4.0,3.0,7.66,8.28,70,84
2025-06-18T04:00,19.6,18.8,61.0,41.0,6.18,8.04,57,86
2025-06-18T05:00,20.6,19.9,194.0,132.0,5.2,6.96,60,77
2025-06-18T06:00,21.7,21.9,270.0,291.0,4.7,4.12,86,46
2025-06-18T07:00,23.1,23.7,382.0,512.0,5.0,4.03,67,46
2025-06-18T08:00,25.1,25.4,670.0,653.0,4.7,4.03,9,58
2025-06-18T09:00,26.8,26.8,823.0,791.0,4.21,3.72,26,48
2025-06-18T10:00,28.1,28.1,877.0,864.0,3.53,3.43,9,40
2025-06-18T11:00,29.2,29.1,897.0,895.0,2.79,2.95,40,28
2025-06-18T12:00,29.9,29.7,865.0,866.0,2.0,2.25,31,38
2025-06-18T13:00,30.4,30.1,772.0,777.0,1.19,1.57,32,31
2025-06-18T14:00,30.6,30.2,619.0,636.0,1.36,1.53,100,62
2025-06-18T15:00,30.2,30.0,393.0,480.0,2.02,1.98,100,72
2025-06-18T16:00,29.7,29.3,250.0,312.0,1.37,1.98,100,48
2025-06-18T17:00,29.0,28.4,130.0,157.0,1.47,1.49,100,36
2025-06-18T18:00,27.4,28.1,31.0,34.0,1.23,0.49,0,0
2025-06-18T19:00,26.2,26.5,0.0,0.0,0.89,1.12,0,63
2025-06-18T20:00,25.1,25.0,0.0,0.0,1.27,2.23,100,89
2025-06-18T21:00,23.5,23.9,0.0,0.0,3.02,3.29,68,77
2025-06-18T22:00,23.1,23.4,0.0,0.0,3.02,3.48,36,11
2025-06-18T23:00,22.6,22.9,0.0,0.0,3.37,3.24,32,35
2025-06-19T00:00,21.8,21.1,0.0,0.0,3.38,2.94,31,66
2025-06-19T01:00,21.2,20.5,0.0,0.0,2.7,1.66,25,73
2025-06-19T02:00,20.3,19.8,0.0,0.0,2.73,1.77,31,83
2025-06-19T03:00,19.7,19.5,6.0,4.0,2.65,1.62,41,81
2025-06-19T04:00,20.4,20.4,82.0,64.0,2.65,2.36,58,62
2025-06-19T05:00,23.0,23.0,214.0,180.0,2.54,2.59,66,78
2025-06-19T06:00,25.4,25.2,326.0,299.0,1.87,2.26,65,98
2025-06-19T07:00,27.5,27.8,471.0,515.0,1.4,2.15,69,93
2025-06-19T08:00,29.1,29.3,569.0,587.0,2.15,3.23,72,84
2025-06-19T09:00,30.4,30.7,649.0,700.0,2.89,3.88,59,80
2025-06-19T10:00,31.6,31.7,708.0,697.0,4.46,4.7,79,81
2025-06-19T11:00,32.2,32.5,651.0,730.0,5.21,5.06,76,81
2025-06-19T12:00,33.0,33.6,744.0,714.0,5.63,5.3,54,52
2025-06-19T13:00,33.3,33.9,713.0,716.0,5.49,5.05,42,35
2025-06-19T14:00,33.3,34.0,617.0,597.0,4.8,5.0,21,50
2025-06-19T15:00,33.1,33.5,474.0,475.0,4.61,4.44,31,17
2025-06-19T16:00,32.5,33.0,324.0,323.0,3.95,3.63,36,10
2025-06-19T17:00,31.5,32.3,158.0,154.0,3.97,3.77,18,58
2025-06-19T18:00,29.7,29.8,35.0,35.0,3.78,2.43,0,1
2025-06-19T19:00,27.7,28.6,0.0,0.0,4.9,0.4,5,24
2025-06-19T20:00,26.2,26.8,0.0,0.0,5.29,1.04,63,66
2025-06-19T21:00,25.1,25.1,0.0,0.0,4.25,4.17,61,60
2025-06-19T22:00,24.2,24.9,0.0,0.0,3.97,4.51,72,71
2025-06-19T23:00,24.0,24.2,0.0,0.0,5.06,3.57,74,73
2025-06-20T00:00,23.6,23.6,0.0,0.0,3.86,9.13,64,74
2025-06-20T01:00,22.9,22.4,0.0,0.0,4.0,9.76,65,80
2025-06-20T02:00,21.6,21.9,0.0,0.0,7.61,9.6,37,69
2025-06-20T03:00,20.9,21.3,6.0,4.0,11.09,8.91,53,60
2025-06-20T04:00,21.3,21.7,60.0,53.0,9.91,8.02,74,78
2025-06-20T05:00,21.2,21.7,145.0,117.0,9.74,9.15,63,69
2025-06-20T06:00,20.8,21.6,240.0,187.0,8.96,9.95,77,94
2025-06-20T07:00,21.6,21.7,374.0,282.0,9.44,9.99,67,72
2025-06-20T08:00,22.2,22.9,495.0,612.0,8.65,9.29,84,52
2025-06-20T09:00,22.9,22.7,495.0,605.0,7.87,8.51,72,85
2025-06-20T10:00,23.5,23.1,539.0,502.0,7.94,7.15,59,77
2025-06-20T11:00,24.5,24.3,792.0,730.0,7.65,6.78,44,69
2025-06-20T12:00,24.0,25.1,712.0,801.0,6.8,6.4,62,43
2025-06-20T13:00,24.2,25.1,704.0,736.0,6.63,6.06,51,37
2025-06-20T14:00,24.3,25.2,631.0,643.0,6.13,5.73,42,32
2025-06-20T15:00,23.9,24.9,464.0,473.0,5.25,4.87,50,52
2025-06-20T16:00,23.2,24.0,269.0,292.0,5.16,5.4,81,64
2025-06-20T17:00,22.2,22.9,101.0,122.0,5.42,5.99,81,43
2025-06-20T18:00,21.8,22.8,32.0,33.0,5.0,6.33,64,48
2025-06-20T19:00,20.8,21.3,0.0,0.0,5.1,7.49,91,42
2025-06-20T20:00,20.1,20.2,0.0,0.0,5.06,9.22,65,68
2025-06-20T21:00,19.3,19.8,0.0,0.0,7.45,10.52,73,88
2025-06-20T22:00,19.0,19.4,0.0,0.0,9.19,9.87,84,73
2025-06-20T23:00,18.5,18.7,0.0,0.0,8.24,8.95,75,75
2025-06-21T00:00,17.9,16.9,0.0,0.0,5.61,8.2,97,70
2025-06-21T01:00,17.6,16.6,0.0,0.0,6.4,7.71,63,65
2025-06-21T02:00,16.8,16.3,0.0,0.0,6.01,6.88,67,76
2025-06-21T03:00,16.3,16.2,4.0,5.0,5.71,6.62,64,69
2025-06-21T04:00,16.5,16.8,73.0,59.0,5.39,6.41,60,73
2025-06-21T05:00,18.1,18.4,211.0,174.0,4.41,4.8,6,66
2025-06-21T06:00,21.0,20.1,413.0,323.0,3.37,2.15,0,68
2025-06-21T07:00,22.9,21.9,597.0,436.0,4.08,1.67,0,68
2025-06-21T08:00,24.1,23.3,735.0,581.0,2.99,1.38,63,73
2025-06-21T09:00,24.9,24.1,700.0,642.0,2.69,1.67,52,49
2025-06-21T10:00,25.5,25.0,709.0,723.0,4.19,3.7,81,80
2025-06-21T11:00,25.9,25.5,678.0,714.0,3.78,3.12,27,86
2025-06-21T12:00,25.9,25.8,568.0,660.0,3.73,3.35,97,80
2025-06-21T13:00,25.4,26.2,327.0,551.0,4.28,2.7,77,53
2025-06-21T14:00,25.6,26.6,397.0,561.0,2.31,2.46,90,60
2025-06-21T15:00,25.6,26.5,302.0,413.0,1.48,2.21,61,66
2025-06-21T16:00,25.6,25.9,294.0,290.0,2.15,3.1,48,63
2025-06-21T17:00,24.9,24.8,155.0,156.0,3.06,2.91,33,18
2025-06-21T18:00,23.5,23.7,34.0,34.0,1.21,3.42,11,11
2025-06-21T19:00,21.9,22.1,0.0,0.0,2.1,2.85,0,34
2025-06-21T20:00,20.7,21.1,0.0,0.0,2.56,1.62,0,13
2025-06-21T21:00,19.6,19.1,0.0,0.0,3.45,6.18,1,33
2025-06-21T22:00,18.7,17.7,0.0,0.0,2.72,8.2,3,33
2025-06-21T23:00,17.0,17.2,0.0,0.0,2.56,9.01,0,20
2025-06-22T00:00,16.1,15.8,0.0,0.0,3.52,7.04,35,38
2025-06-22T01:00,15.6,15.3,0.0,0.0,4.71,6.1,37,34
2025-06-22T02:00,15.3,14.9,0.0,0.0,6.38,5.79,44,35
2025-06-22T03:00,15.2,14.7,5.0,5.0,6.48,6.18,46,44
2025-06-22T04:00,16.0,15.9,74.0,80.0,5.52,6.98,40,28
2025-06-22T05:00,18.2,18.2,228.0,229.0,4.69,6.58,10,10
2025-06-22T06:00,20.7,20.3,413.0,413.0,1.62,1.77,0,0
2025-06-22T07:00,23.2,22.9,589.0,588.0,2.02,1.58,0,0
2025-06-22T08:00,25.1,25.1,739.0,738.0,2.42,1.71,0,0
2025-06-22T09:00,26.6,26.8,852.0,851.0,3.2,2.89,0,0
2025-06-22T10:00,27.8,28.0,918.0,918.0,4.21,4.04,0,0
2025-06-22T11:00,28.7,29.0,931.0,934.0,5.02,5.3,6,0
2025-06-22T12:00,29.0,29.1,866.0,887.0,5.66,5.21,41,21
2025-06-22T13:00,29.1,29.1,720.0,791.0,5.7,5.9,55,37
2025-06-22T14:00,29.3,29.1,593.0,644.0,5.13,5.19,42,10
2025-06-22T15:00,29.4,29.1,480.0,512.0,5.09,4.69,14,2
2025-06-22T16:00,29.0,28.8,337.0,338.0,5.33,4.34,25,6
2025-06-22T17:00,28.1,28.1,167.0,169.0,5.07,5.1,0,1
2025-06-22T18:00,26.8,26.4,37.0,37.0,6.57,6.68,10,0
2025-06-22T19:00,24.9,24.2,0.0,0.0,6.06,5.6,33,0
2025-06-22T20:00,23.4,22.8,0.0,0.0,4.09,2.89,0,0
2025-06-22T21:00,22.5,21.4,0.0,0.0,1.67,2.14,0,0
2025-06-22T22:00,21.3,20.6,0.0,0.0,0.98,2.77,0,0
2025-06-22T23:00,20.0,19.4,0.0,0.0,0.88,4.24,0,0
2025-06-23T00:00,17.7,18.2,0.0,0.0,3.68,4.5,0,0
2025-06-23T01:00,17.0,17.6,0.0,0.0,5.39,5.27,0,0
2025-06-23T02:00,16.7,17.1,0.0,0.0,6.81,5.13,0,0
2025-06-23T03:00,16.5,16.9,6.0,6.0,6.53,4.38,0,0
2025-06-23T04:00,17.4,17.6,83.0,82.0,6.24,3.6,0,0
2025-06-23T05:00,20.0,20.0,232.0,231.0,4.65,3.73,0,0
2025-06-23T06:00,23.1,22.8,406.0,406.0,3.84,4.06,0,0
2025-06-23T07:00,26.3,26.1,581.0,580.0,2.32,2.72,0,0
2025-06-23T08:00,28.8,28.5,732.0,730.0,3.41,3.12,1,0
2025-06-23T09:00,30.4,30.4,846.0,844.0,4.44,4.51,0,0
2025-06-23T10:00,31.6,31.8,912.0,911.0,5.24,4.9,0,0
2025-06-23T11:00,32.3,32.7,890.0,926.0,5.1,4.63,40,0
2025-06-23T12:00,32.6,32.7,745.0,873.0,4.56,4.31,67,52
2025-06-23T13:00,32.7,32.9,605.0,705.0,3.98,3.16,99,37
2025-06-23T14:00,33.0,33.4,522.0,592.0,4.13,3.21,59,78
2025-06-23T15:00,32.8,33.0,433.0,414.0,4.24,3.7,31,11
2025-06-23T16:00,32.1,32.7,308.0,324.0,5.35,2.71,64,30
2025-06-23T17:00,30.7,31.2,161.0,164.0,6.08,5.53,2,0
2025-06-23T18:00,29.1,29.5,36.0,37.0,6.99,6.58,0,0
2025-06-23T19:00,27.1,27.5,0.0,0.0,7.45,7.2,0,0
2025-06-23T20:00,25.6,26.2,0.0,0.0,7.48,7.2,0,0
2025-06-23T21:00,24.6,25.2,0.0,0.0,7.94,7.75,0,0
2025-06-23T22:00,23.7,24.4,0.0,0.0,8.41,8.34,0,0
2025-06-23T23:00,23.0,23.6,0.0,0.0,8.5,8.42,0,0
2025-06-24T00:00,21.8,20.9,0.0,0.0,7.5,6.58,0,0
2025-06-24T01:00,20.9,20.0,0.0,0.0,6.75,6.25,0,0
2025-06-24T02:00,20.2,19.6,0.0,0.0,6.48,6.49,0,0
2025-06-24T03:00,19.9,19.1,5.0,5.0,6.18,6.28,0,0
2025-06-24T04:00,20.4,19.7,82.0,83.0,6.0,6.25,0,0
2025-06-24T05:00,23.0,22.8,233.0,233.0,6.2,6.79,0,0
2025-06-24T06:00,26.0,25.9,410.0,409.0,5.04,5.28,0,0
2025-06-24T07:00,28.9,28.8,585.0,582.0,4.05,4.37,0,100
2025-06-24T08:00,31.2,31.1,736.0,719.0,4.37,4.46,0,22
2025-06-24T09:00,33.1,33.2,846.0,849.0,5.31,5.31,87,9
2025-06-24T10:00,34.4,34.6,912.0,914.0,5.99,5.8,0,33
2025-06-24T11:00,35.5,35.6,931.0,930.0,6.57,6.02,0,6
2025-06-24T12:00,35.8,36.1,896.0,895.0,6.3,6.49,0,2
2025-06-24T13:00,36.3,36.4,809.0,810.0,6.56,6.73,0,0
2025-06-24T14:00,36.4,36.5,683.0,682.0,6.77,6.96,0,0
2025-06-24T15:00,36.2,36.3,520.0,518.0,6.96,7.08,0,0
2025-06-24T16:00,35.6,35.7,341.0,341.0,5.78,6.06,3,0
2025-06-24T17:00,34.6,34.6,167.0,169.0,3.48,5.89,38,13
2025-06-24T18:00,32.3,32.4,37.0,36.0,5.91,5.43,64,36
2025-06-24T19:00,30.4,30.1,0.0,0.0,8.46,10.12,43,0
2025-06-24T20:00,28.3,28.0,0.0,0.0,8.99,10.12,26,22
2025-06-24T21:00,26.3,26.0,0.0,0.0,6.71,7.56,12,6
2025-06-24T22:00,24.9,24.6,0.0,0.0,5.13,7.06,20,0
2025-06-24T23:00,24.1,23.4,0.0,0.0,4.82,6.08,0,11
2025-06-25T00:00,22.1,22.3,0.0,0.0,5.52,1.08,0,1
2025-06-25T01:00,21.0,21.2,0.0,0.0,3.12,0.53,0,0
2025-06-25T02:00,20.0,20.2,0.0,0.0,0.98,1.5,0,0
2025-06-25T03:00,19.6,19.3,5.0,5.0,0.14,2.17,0,0
2025-06-25T04:00,20.2,19.9,83.0,84.0,0.77,3.17,0,0
2025-06-25T05:00,23.2,23.3,233.0,236.0,2.04,3.75,0,0
2025-06-25T06:00,25.8,27.2,405.0,410.0,3.13,2.61,0,0
2025-06-25T07:00,28.3,29.9,578.0,584.0,2.91,2.28,0,0
2025-06-25T08:00,30.3,31.6,726.0,733.0,4.3,3.03,0,0
2025-06-25T09:00,32.0,33.0,837.0,844.0,4.05,4.09,0,0
2025-06-25T10:00,33.4,34.1,905.0,908.0,3.87,4.26,0,0
2025-06-25T11:00,34.2,34.9,920.0,919.0,4.43,5.04,0,0
2025-06-25T12:00,34.9,34.9,883.0,885.0,4.14,3.5,3,0
2025-06-25T13:00,35.4,35.5,796.0,795.0,3.63,3.59,0,5
2025-06-25T14:00,35.5,35.7,667.0,653.0,3.41,3.92,1,42
2025-06-25T15:00,35.5,35.3,507.0,470.0,4.34,6.46,10,22
2025-06-25T16:00,35.0,35.0,334.0,322.0,5.36,5.4,0,5
2025-06-25T17:00,34.0,34.4,167.0,161.0,5.8,5.49,0,48
2025-06-25T18:00,31.8,32.2,37.0,36.0,6.86,6.03,0,18
2025-06-25T19:00,29.8,30.2,0.0,0.0,9.08,6.06,0,26
2025-06-25T20:00,28.6,28.6,0.0,0.0,9.31,6.27,0,0
2025-06-25T21:00,27.7,27.2,0.0,0.0,9.36,4.35,0,0
2025-06-25T22:00,26.9,26.1,0.0,0.0,9.42,2.58,0,0
2025-06-25T23:00,26.1,25.1,0.0,0.0,10.34,1.74,0,0
2025-06-26T00:00,25.5,23.9,0.0,0.0,9.21,5.14,0,0
2025-06-26T01:00,24.7,23.1,0.0,0.0,7.06,5.96,0,0
2025-06-26T02:00,23.7,22.3,0.0,0.0,5.86,6.17,0,0
2025-06-26T03:00,22.9,22.0,5.0,5.0,4.67,6.17,0,0
2025-06-26T04:00,23.2,22.9,80.0,80.0,3.88,5.86,0,0
2025-06-26T05:00,25.1,25.3,226.0,226.0,2.98,4.82,0,0
2025-06-26T06:00,27.8,28.2,398.0,397.0,2.01,4.8,0,0
2025-06-26T07:00,30.9,31.7,570.0,569.0,1.2,3.24,0,0
2025-06-26T08:00,33.6,34.3,718.0,718.0,1.67,3.53,0,0
2025-06-26T09:00,35.8,36.2,828.0,822.0,2.88,4.4,0,15
2025-06-26T10:00,37.0,37.3,804.0,789.0,5.17,5.77,74,60
2025-06-26T11:00,37.4,37.8,738.0,734.0,5.88,6.27,38,31
2025-06-26T12:00,37.5,37.5,683.0,598.0,6.69,5.73,59,69
2025-06-26T13:00,37.3,37.7,619.0,604.0,6.22,5.19,55,36
2025-06-26T14:00,37.2,37.7,564.0,579.0,4.52,4.8,46,58
2025-06-26T15:00,37.0,37.5,446.0,452.0,3.6,4.78,30,51
2025-06-26T16:00,36.7,37.0,308.0,302.0,3.15,3.66,28,43
2025-06-26T17:00,35.8,35.6,152.0,155.0,2.35,5.26,24,43
2025-06-26T18:00,33.6,33.7,36.0,37.0,2.47,3.83,7,29
2025-06-26T19:00,31.3,30.8,0.0,0.0,8.04,12.28,33,8
2025-06-26T20:00,29.4,29.3,0.0,0.0,10.16,10.63,13,0
2025-06-26T21:00,28.2,28.0,0.0,0.0,10.93,11.72,26,9
2025-06-26T22:00,27.0,26.7,0.0,0.0,10.5,11.9,35,47
2025-06-26T23:00,25.8,25.8,0.0,0.0,9.43,10.71,41,45
2025-06-27T00:00,24.4,24.5,0.0,0.0,9.24,9.86,19,36
2025-06-27T01:00,23.5,23.8,0.0,0.0,9.18,9.12,32,41
2025-06-27T02:00,22.7,23.0,0.0,0.0,8.99,9.54,1,27
2025-06-27T03:00,22.0,22.5,5.0,5.0,8.51,10.23,0,0
2025-06-27T04:00,22.4,22.5,77.0,78.0,8.2,9.33,0,0
2025-06-27T05:00,23.9,23.6,219.0,222.0,6.14,6.33,0,0
2025-06-27T06:00,26.0,25.8,394.0,393.0,4.62,5.48,0,65
2025-06-27T07:00,28.2,27.9,563.0,565.0,3.77,4.93,0,0
2025-06-27T08:00,30.5,30.0,712.0,716.0,2.89,3.69,0,0
2025-06-27T09:00,32.6,31.9,826.0,828.0,2.24,2.75,0,0
2025-06-27T10:00,34.7,33.5,893.0,895.0,1.2,1.98,0,0
2025-06-27T11:00,36.2,35.1,911.0,911.0,0.49,1.67,0,0
2025-06-27T12:00,36.6,35.9,876.0,879.0,1.18,0.57,0,0
2025-06-27T13:00,37.2,36.5,792.0,794.0,1.39,0.69,0,0
2025-06-27T14:00,37.5,36.8,667.0,669.0,3.14,0.81,0,0
2025-06-27T15:00,37.2,36.9,510.0,510.0,2.7,2.85,0,0
2025-06-27T16:00,36.6,36.2,338.0,336.0,2.65,5.47,0,1
2025-06-27T17:00,35.7,34.9,167.0,165.0,2.8,4.33,1,100
2025-06-27T18:00,33.4,33.0,35.0,25.0,7.58,7.35,100,100
2025-06-27T19:00,30.9,30.8,0.0,0.0,6.48,8.68,100,100
2025-06-27T20:00,28.8,28.9,0.0,0.0,6.79,6.75,90,100
2025-06-27T21:00,27.9,27.4,0.0,0.0,8.35,6.1,100,14
2025-06-27T22:00,26.4,26.3,0.0,0.0,6.72,5.16,100,29
2025-06-27T23:00,25.5,25.7,0.0,0.0,5.55,7.49,57,54
2025-06-28T00:00,24.6,24.7,0.0,0.0,6.41,8.25,100,100
2025-06-28T01:00,22.9,22.2,0.0,0.0,7.47,7.17,100,100
2025-06-28T02:00,21.5,21.8,0.0,0.0,5.57,6.66,100,100
2025-06-28T03:00,21.3,21.3,2.0,3.0,5.62,7.25,100,94
2025-06-28T04:00,21.6,21.6,54.0,34.0,6.28,6.28,66,95
2025-06-28T05:00,22.3,22.2,176.0,83.0,5.53,5.19,82,100
2025-06-28T06:00,21.5,24.1,143.0,320.0,2.91,1.36,100,100
2025-06-28T07:00,22.6,25.7,265.0,450.0,3.47,3.0,100,100
2025-06-28T08:00,23.6,25.5,392.0,386.0,3.38,3.17,100,100
2025-06-28T09:00,24.4,26.2,475.0,565.0,2.73,2.26,100,100
2025-06-28T10:00,25.4,26.6,615.0,585.0,2.21,1.18,100,100
2025-06-28T11:00,26.3,26.9,579.0,593.0,2.02,1.06,100,100
2025-06-28T12:00,27.4,24.8,619.0,388.0,1.43,1.96,100,100
2025-06-28T13:00,27.5,25.4,545.0,474.0,1.0,1.85,100,100
2025-06-28T14:00,27.1,25.2,393.0,392.0,2.7,1.66,100,100
2025-06-28T15:00,26.1,25.9,290.0,419.0,1.58,0.93,58,61
2025-06-28T16:00,26.3,25.9,284.0,301.0,2.69,1.58,90,61
2025-06-28T17:00,25.5,25.3,147.0,147.0,3.57,3.41,45,41
2025-06-28T18:00,24.7,24.5,30.0,33.0,5.85,5.7,84,100
2025-06-28T19:00,23.3,23.0,0.0,0.0,7.14,8.69,100,100
2025-06-28T20:00,22.3,22.2,0.0,0.0,8.68,7.85,100,100
2025-06-28T21:00,21.4,21.2,0.0,0.0,9.56,7.25,62,100
2025-06-28T22:00,20.4,20.4,0.0,0.0,7.44,6.11,2,41
2025-06-28T23:00,19.6,19.6,0.0,0.0,7.32,3.82,17,48
2025-06-29T00:00,18.6,19.0,0.0,0.0,9.12,4.45,36,73
2025-06-29T01:00,18.0,18.6,0.0,0.0,8.02,2.72,70,55
2025-06-29T02:00,17.3,17.9,0.0,0.0,5.16,2.92,37,44
2025-06-29T03:00,16.6,17.6,4.0,4.0,4.22,5.0,38,48
2025-06-29T04:00,17.5,18.3,72.0,75.0,4.12,5.95,35,33
2025-06-29T05:00,19.9,20.0,225.0,223.0,5.82,6.71,5,11
2025-06-29T06:00,22.7,22.0,406.0,404.0,3.86,3.0,0,0
2025-06-29T07:00,24.4,23.9,545.0,575.0,5.11,3.43,0,1
2025-06-29T08:00,25.7,24.8,715.0,564.0,4.71,4.4,31,97
2025-06-29T09:00,26.4,24.7,790.0,266.0,7.15,4.76,95,89
2025-06-29T10:00,26.2,25.2,476.0,364.0,5.31,4.23,99,81
2025-06-29T11:00,26.3,26.2,348.0,469.0,3.95,4.03,97,86
2025-06-29T12:00,27.2,26.7,444.0,280.0,3.92,4.12,90,95
2025-06-29T13:00,28.2,27.3,429.0,304.0,3.51,4.52,70,94
2025-06-29T14:00,29.0,27.2,535.0,268.0,2.96,4.54,64,90
2025-06-29T15:00,29.0,27.0,382.0,195.0,3.72,2.55,83,95
2025-06-29T16:00,28.5,27.0,189.0,149.0,3.74,1.58,70,51
2025-06-29T17:00,28.1,26.7,110.0,120.0,3.14,0.69,73,57
2025-06-29T18:00,25.9,25.5,27.0,34.0,2.65,3.17,49,36
2025-06-29T19:00,24.5,24.3,0.0,0.0,2.67,2.48,38,34
2025-06-29T20:00,23.3,23.4,0.0,0.0,3.57,2.35,97,53
2025-06-29T21:00,22.9,22.7,0.0,0.0,5.11,2.75,77,81
2025-06-29T22:00,22.5,22.5,0.0,0.0,6.38,2.86,78,96
2025-06-29T23:00,22.2,22.2,0.0,0.0,6.82,3.73,63,94
2025-06-30T00:00,20.5,20.3,0.0,0.0,4.43,3.43,85,20
2025-06-30T01:00,20.3,19.5,0.0,0.0,3.33,3.47,88,6
2025-06-30T02:00,20.1,19.2,0.0,0.0,3.12,3.06,84,66
2025-06-30T03:00,20.0,19.1,2.0,3.0,2.24,2.43,94,67
2025-06-30T04:00,20.5,19.9,40.0,55.0,1.67,1.87,77,64
2025-06-30T05:00,22.2,21.6,123.0,155.0,0.57,1.53,79,59
2025-06-30T06:00,24.7,25.1,310.0,295.0,1.55,3.06,73,71
2025-06-30T07:00,27.3,26.6,463.0,383.0,2.5,3.15,56,76
2025-06-30T08:00,29.5,27.7,671.0,466.0,3.53,3.45,83,76
2025-06-30T09:00,30.5,29.2,706.0,623.0,4.51,4.66,100,72
2025-06-30T10:00,31.0,30.6,650.0,817.0,4.97,4.65,100,48
2025-06-30T11:00,32.2,31.8,650.0,826.0,4.44,5.52,71,45
2025-06-30T12:00,33.3,33.0,759.0,763.0,3.82,4.44,69,76
2025-06-30T13:00,33.6,33.3,581.0,602.0,3.88,4.82,50,61
2025-06-30T14:00,34.1,33.1,568.0,492.0,4.26,4.61,56,69
2025-06-30T15:00,33.8,33.3,434.0,400.0,4.43,4.04,48,47
2025-06-30T16:00,33.2,33.0,260.0,308.0,4.5,2.94,39,30
2025-06-30T17:00,32.3,32.1,133.0,150.0,2.54,3.45,60,58
2025-06-30T18:00,30.5,29.6,26.0,33.0,8.66,9.37,68,52
2025-06-30T19:00,28.6,27.8,0.0,0.0,9.12,11.02,38,74
2025-06-30T20:00,27.2,26.0,0.0,0.0,10.7,11.87,31,46
2025-06-30T21:00,25.8,25.0,0.0,0.0,10.76,11.53,32,44
2025-06-30T22:00,24.4,23.9,0.0,0.0,11.14,11.04,62,34
2025-06-30T23:00,23.7,22.8,0.0,0.0,10.6,9.99,63,40
2025-07-01T00:00,22.8,21.7,0.0,0.0,11.22,11.31,58,26
2025-07-01T01:00,21.8,20.2,0.0,0.0,11.09,11.76,47,0
2025-07-01T02:00,20.6,19.2,0.0,0.0,11.3,12.47,0,0
2025-07-01T03:00,19.5,18.5,4.0,3.0,10.57,12.1,0,0
2025-07-01T04:00,19.2,19.0,79.0,76.0,9.33,11.71,0,0
2025-07-01T05:00,20.7,20.7,231.0,220.0,6.57,9.46,0,44
2025-07-01T06:00,23.1,22.9,409.0,403.0,8.12,8.95,0,0
2025-07-01T07:00,24.7,24.4,583.0,574.0,7.53,8.43,0,0
2025-07-01T08:00,26.0,25.7,734.0,725.0,5.86,6.56,0,0
2025-07-01T09:00,27.2,26.8,848.0,840.0,4.37,5.01,0,0
2025-07-01T10:00,28.3,27.8,915.0,908.0,2.79,3.63,5,2
2025-07-01T11:00,29.3,28.8,928.0,919.0,1.04,2.48,56,0
2025-07-01T12:00,30.1,29.8,842.0,888.0,1.06,0.44,97,12
2025-07-01T13:00,30.7,30.5,759.0,800.0,2.22,1.23,34,28
2025-07-01T14:00,30.7,30.6,651.0,664.0,2.22,2.22,27,21
2025-07-01T15:00,30.5,30.1,498.0,504.0,2.11,2.91,33,19
2025-07-01T16:00,30.0,29.6,319.0,332.0,2.15,2.41,49,11
2025-07-01T17:00,29.3,28.9,153.0,167.0,1.33,1.77,46,36
2025-07-01T18:00,27.8,28.4,34.0,36.0,2.11,1.1,86,72
2025-07-01T19:00,26.1,27.5,0.0,0.0,2.45,0.62,81,100
2025-07-01T20:00,24.6,25.2,0.0,0.0,8.68,9.42,68,59
2025-07-01T21:00,23.5,23.8,0.0,0.0,10.63,11.73,58,65
2025-07-01T22:00,22.5,22.9,0.0,0.0,10.61,10.08,56,44
2025-07-01T23:00,21.3,21.7,0.0,0.0,10.24,10.18,60,48
2025-07-02T00:00,19.8,19.9,0.0,0.0,10.01,10.78,60,45
2025-07-02T01:00,19.2,19.1,0.0,0.0,9.64,10.91,63,41
2025-07-02T02:00,18.5,18.3,0.0,0.0,8.8,10.52,52,32
2025-07-02T03:00,17.8,17.6,3.0,3.0,9.52,10.17,54,7
2025-07-02T04:00,18.4,18.0,60.0,77.0,9.59,9.69,59,0
2025-07-02T05:00,20.3,20.1,189.0,227.0,8.25,8.55,38,0
2025-07-02T06:00,22.7,22.9,397.0,404.0,5.96,6.62,28,0
2025-07-02T07:00,24.7,24.6,573.0,579.0,5.89,6.97,0,0
2025-07-02T08:00,25.9,25.8,735.0,732.0,5.44,5.71,0,0
2025-07-02T09:00,27.1,27.0,851.0,845.0,3.86,4.16,0,0
2025-07-02T10:00,28.2,28.2,919.0,914.0,2.8,2.76,7,0
2025-07-02T11:00,29.2,29.1,936.0,929.0,2.29,2.07,0,4
2025-07-02T12:00,29.9,29.6,896.0,884.0,1.57,2.18,0,20
2025-07-02T13:00,30.4,29.9,810.0,789.0,2.17,2.38,1,43
2025-07-02T14:00,30.4,30.1,676.0,635.0,3.04,1.69,14,24
2025-07-02T15:00,30.2,30.1,513.0,498.0,2.2,2.86,13,35
2025-07-02T16:00,29.9,29.6,339.0,327.0,2.86,3.23,10,16
2025-07-02T17:00,29.1,28.9,169.0,168.0,2.5,2.85,0,4
2025-07-02T18:00,28.1,27.5,37.0,37.0,2.67,2.51,0,0
2025-07-02T19:00,26.6,26.2,0.0,0.0,1.27,2.55,0,0
2025-07-02T20:00,24.1,24.9,0.0,0.0,1.86,3.14,0,0
2025-07-02T21:00,22.9,23.8,0.0,0.0,2.72,1.77,0,0
2025-07-02T22:00,22.2,21.8,0.0,0.0,0.84,5.03,0,0
2025-07-02T23:00,21.2,20.8,0.0,0.0,1.12,6.0,0,0
2025-07-03T00:00,20.7,19.7,0.0,0.0,1.67,3.16,0,0
2025-07-03T01:00,19.7,18.7,0.0,0.0,0.98,2.98,0,0
2025-07-03T02:00,18.3,17.7,0.0,0.0,0.69,1.82,0,0
2025-07-03T03:00,17.7,17.5,3.0,3.0,3.07,1.28,0,0
2025-07-03T04:00,19.0,18.4,75.0,75.0,6.54,3.23,0,0
2025-07-03T05:00,22.3,21.5,222.0,221.0,6.97,5.01,0,0
2025-07-03T06:00,25.5,25.5,399.0,399.0,3.37,5.95,0,0
2025-07-03T07:00,27.7,28.0,574.0,573.0,3.99,4.84,0,0
2025-07-03T08:00,29.1,29.5,724.0,723.0,3.55,4.19,0,0
2025-07-03T09:00,30.3,30.6,835.0,836.0,3.23,3.49,0,0
2025-07-03T10:00,31.3,31.7,901.0,904.0,2.86,2.43,0,0
2025-07-03T11:00,32.2,32.7,916.0,920.0,2.43,1.71,1,0
2025-07-03T12:00,32.6,33.4,883.0,884.0,2.08,1.58,0,1
2025-07-03T13:00,33.0,34.0,796.0,799.0,1.81,1.74,0,0
2025-07-03T14:00,33.1,34.1,669.0,673.0,1.06,2.01,4,0
2025-07-03T15:00,33.0,33.9,511.0,514.0,0.63,2.29,3,6
2025-07-03T16:00,32.6,33.3,336.0,339.0,0.59,2.1,18,7
2025-07-03T17:00,31.8,32.5,165.0,167.0,1.85,1.61,11,4
2025-07-03T18:00,30.1,30.8,36.0,36.0,4.5,2.75,2,2
2025-07-03T19:00,28.1,28.4,0.0,0.0,5.22,3.15,0,0
2025-07-03T20:00,26.7,26.8,0.0,0.0,5.29,4.75,0,0
2025-07-03T21:00,25.6,25.8,0.0,0.0,5.29,6.57,0,0
2025-07-03T22:00,24.7,25.0,0.0,0.0,5.24,6.53,0,0
2025-07-03T23:00,24.0,23.6,0.0,0.0,5.21,5.68,0,0
2025-07-04T00:00,23.9,23.3,0.0,0.0,1.8,3.67,0,0
2025-07-04T01:00,23.2,22.4,0.0,0.0,1.53,4.03,0,0
2025-07-04T02:00,22.2,22.0,0.0,0.0,1.38,4.31,0,0
2025-07-04T03:00,21.4,21.2,3.0,3.0,1.38,4.12,0,0
2025-07-04T04:00,21.5,21.2,73.0,73.0,0.98,3.82,0,0
2025-07-04T05:00,24.0,23.3,217.0,217.0,1.71,3.43,0,0
2025-07-04T06:00,26.5,26.7,391.0,391.0,2.63,3.42,0,0
2025-07-04T07:00,29.3,29.6,564.0,565.0,1.9,2.69,0,0
2025-07-04T08:00,31.8,32.0,716.0,716.0,1.75,3.07,0,0
2025-07-04T09:00,33.8,33.8,830.0,830.0,1.81,3.23,0,0
2025-07-04T10:00,35.3,35.3,900.0,899.0,1.86,3.17,0,0
2025-07-04T11:00,36.3,36.4,917.0,915.0,1.76,3.09,0,0
2025-07-04T12:00,36.7,36.9,879.0,881.0,1.79,3.26,8,0
2025-07-04T13:00,37.1,37.2,789.0,796.0,1.74,3.08,22,0
2025-07-04T14:00,37.1,37.2,652.0,668.0,1.71,3.27,28,18
2025-07-04T15:00,36.9,36.9,499.0,493.0,1.98,3.29,31,93
2025-07-04T16:00,36.3,36.3,325.0,309.0,2.27,3.58,37,44
2025-07-04T17:00,35.4,35.3,152.0,148.0,2.27,3.75,30,100
2025-07-04T18:00,33.7,34.2,35.0,31.0,2.72,2.92,43,87
2025-07-04T19:00,31.3,32.3,0.0,0.0,5.71,2.71,92,68
2025-07-04T20:00,30.0,31.1,0.0,0.0,7.13,2.87,99,52
2025-07-04T21:00,28.2,29.0,0.0,0.0,7.8,3.65,55,79
2025-07-04T22:00,26.9,27.9,0.0,0.0,6.56,2.29,100,87
2025-07-04T23:00,26.0,26.7,0.0,0.0,6.23,2.64,100,73
2025-07-05T00:00,25.9,24.8,0.0,0.0,2.84,4.52,61,53
2025-07-05T01:00,25.4,24.1,0.0,0.0,2.85,2.59,54,50
2025-07-05T02:00,24.4,22.9,0.0,0.0,6.4,2.02,85,40
2025-07-05T03:00,23.6,22.2,2.0,2.0,11.76,10.92,76,54
2025-07-05T04:00,23.3,22.9,47.0,62.0,10.48,10.35,53,40
2025-07-05T05:00,23.4,23.5,178.0,177.0,11.04,9.96,52,64
2025-07-05T06:00,23.6,24.7,275.0,340.0,9.68,9.8,62,55
2025-07-05T07:00,25.0,25.8,464.0,490.0,9.86,9.93,44,48
2025-07-05T08:00,26.7,27.1,656.0,591.0,9.02,8.77,49,40
2025-07-05T09:00,28.1,28.7,759.0,767.0,8.4,8.49,40,41
2025-07-05T10:00,29.3,29.9,832.0,819.0,7.87,7.56,99,33
2025-07-05T11:00,30.2,31.1,811.0,844.0,7.19,6.94,99,39
2025-07-05T12:00,31.3,31.8,781.0,845.0,5.71,5.56,100,71
2025-07-05T13:00,31.9,32.5,684.0,736.0,5.45,5.24,100,100
2025-07-05T14:00,32.2,32.7,544.0,585.0,4.62,4.77,100,97
2025-07-05T15:00,31.9,32.6,388.0,447.0,4.99,4.9,100,78
2025-07-05T16:00,31.6,32.1,291.0,315.0,5.24,4.65,9,23
2025-07-05T17:00,30.8,31.0,160.0,160.0,4.93,4.88,40,7
2025-07-05T18:00,28.9,29.6,34.0,31.0,5.55,6.49,5,35
2025-07-05T19:00,27.2,27.7,0.0,0.0,7.71,8.24,45,62
2025-07-05T20:00,26.0,26.4,0.0,0.0,9.1,8.78,34,49
2025-07-05T21:00,25.0,25.5,0.0,0.0,9.39,8.87,41,45
2025-07-05T22:00,24.5,24.7,0.0,0.0,9.38,8.81,39,18
2025-07-05T23:00,23.7,23.8,0.0,0.0,8.4,8.08,0,3
2025-07-06T00:00,22.8,22.6,0.0,0.0,8.11,7.23,0,0
2025-07-06T01:00,22.0,21.8,0.0,0.0,7.32,6.88,0,0
2025-07-06T02:00,21.3,21.1,0.0,0.0,6.5,6.32,0,0
2025-07-06T03:00,20.8,20.6,2.0,2.0,5.27,6.01,0,0
2025-07-06T04:00,21.2,21.1,67.0,67.0,4.28,5.8,0,0
2025-07-06T05:00,23.0,22.8,205.0,207.0,3.33,4.65,30,0
2025-07-06T06:00,25.6,25.1,371.0,376.0,2.18,3.08,19,0
2025-07-06T07:00,28.1,27.6,503.0,545.0,1.96,2.29,83,1
2025-07-06T08:00,30.3,30.1,574.0,693.0,0.75,2.05,36,27
2025-07-06T09:00,32.7,32.4,795.0,795.0,1.12,1.57,2,13
2025-07-06T10:00,34.8,34.5,881.0,876.0,1.36,1.19,13,3
2025-07-06T11:00,36.6,36.2,894.0,899.0,2.15,1.18,26,0
2025-07-06T12:00,36.7,37.8,862.0,819.0,2.8,2.67,8,4
2025-07-06T13:00,37.1,38.0,776.0,713.0,2.7,3.33,7,35
2025-07-06T14:00,37.3,38.0,652.0,604.0,2.65,2.2,9,38
2025-07-06T15:00,37.1,37.9,496.0,450.0,2.71,1.88,14,55
2025-07-06T16:00,36.6,37.3,314.0,266.0,2.84,2.63,30,49
2025-07-06T17:00,35.9,36.5,158.0,142.0,2.41,2.5,37,22
2025-07-06T18:00,33.6,34.5,35.0,35.0,2.97,2.84,100,42
2025-07-06T19:00,31.6,33.0,0.0,0.0,5.59,2.2,63,64
2025-07-06T20:00,30.5,30.9,0.0,0.0,3.45,3.24,51,51
2025-07-06T21:00,29.6,29.0,0.0,0.0,1.59,4.91,41,16
2025-07-06T22:00,28.1,27.7,0.0,0.0,2.14,8.03,10,7
2025-07-06T23:00,26.7,27.1,0.0,0.0,4.24,9.42,0,0
2025-07-07T00:00,24.9,25.4,0.0,0.0,6.85,7.55,0,0
2025-07-07T01:00,24.6,25.2,0.0,0.0,6.96,6.25,0,0
2025-07-07T02:00,24.1,24.9,0.0,0.0,6.42,3.77,0,0
2025-07-07T03:00,23.7,23.9,2.0,2.0,5.11,2.29,0,1
2025-07-07T04:00,24.0,23.8,68.0,68.0,3.83,2.33,0,0
2025-07-07T05:00,26.0,26.3,211.0,210.0,3.08,2.82,0,0
2025-07-07T06:00,28.4,29.1,380.0,381.0,2.41,1.74,0,0
2025-07-07T07:00,30.8,31.6,551.0,554.0,2.15,1.82,0,0
2025-07-07T08:00,33.1,33.9,701.0,702.0,2.41,2.2,0,12
2025-07-07T09:00,35.3,36.0,816.0,816.0,2.94,2.73,1,11
2025-07-07T10:00,37.1,37.8,885.0,886.0,4.0,3.46,0,12
2025-07-07T11:00,38.3,38.8,904.0,885.0,4.5,4.12,14,11
2025-07-07T12:00,38.3,39.3,850.0,860.0,4.57,3.93,57,8
2025-07-07T13:00,38.9,39.5,753.0,755.0,3.74,3.6,10,50
2025-07-07T14:00,39.2,39.2,639.0,575.0,3.67,3.6,31,61
2025-07-07T15:00,38.7,38.4,417.0,384.0,5.11,5.63,52,71
2025-07-07T16:00,38.0,36.6,285.0,234.0,5.5,8.36,40,85
2025-07-07T17:00,36.9,35.1,151.0,127.0,6.27,6.23,88,95
2025-07-07T18:00,34.1,34.1,26.0,29.0,7.37,3.17,95,100
2025-07-07T19:00,31.7,30.9,0.0,0.0,11.53,10.89,33,93
2025-07-07T20:00,29.6,29.5,0.0,0.0,8.57,10.35,14,4
2025-07-07T21:00,27.7,27.7,0.0,0.0,9.04,8.89,3,42
2025-07-07T22:00,26.5,26.4,0.0,0.0,8.94,8.77,11,1
2025-07-07T23:00,25.8,25.4,0.0,0.0,7.98,8.84,54,10
2025-07-08T00:00,24.6,24.2,0.0,0.0,6.08,6.09,75,0
2025-07-08T01:00,23.9,23.4,0.0,0.0,2.16,1.55,23,39
2025-07-08T02:00,22.8,22.4,0.0,0.0,3.48,4.16,39,45
2025-07-08T03:00,22.4,22.0,2.0,2.0,3.85,5.19,34,55
2025-07-08T04:00,22.8,22.4,61.0,55.0,4.7,4.78,46,48
2025-07-08T05:00,24.3,23.8,184.0,171.0,3.51,3.15,21,73
2025-07-08T06:00,26.6,26.6,375.0,330.0,1.58,1.11,0,37
2025-07-08T07:00,29.0,29.3,545.0,522.0,0.84,0.63,0,41
2025-07-08T08:00,31.0,31.4,691.0,641.0,0.9,0.22,16,62
2025-07-08T09:00,32.9,33.3,807.0,719.0,1.33,0.22,3,48
2025-07-08T10:00,34.8,35.1,882.0,800.0,1.53,0.57,0,42
2025-07-08T11:00,36.3,36.7,901.0,854.0,1.75,0.63,0,47
2025-07-08T12:00,37.8,37.3,870.0,866.0,2.54,1.61,0,4
2025-07-08T13:00,38.1,38.0,705.0,782.0,3.53,2.06,56,33
2025-07-08T14:00,38.2,38.0,511.0,598.0,4.52,3.19,10,19
2025-07-08T15:00,38.4,37.8,495.0,483.0,3.78,2.83,0,0
2025-07-08T16:00,37.9,37.4,333.0,330.0,3.94,2.46,70,0
2025-07-08T17:00,36.9,36.8,131.0,154.0,3.53,3.68,70,33
2025-07-08T18:00,33.9,34.8,24.0,17.0,5.75,3.28,100,65
2025-07-08T19:00,32.2,32.3,0.0,0.0,12.36,8.24,65,99
2025-07-08T20:00,30.8,30.3,0.0,0.0,7.8,8.8,100,81
2025-07-08T21:00,29.4,28.9,0.0,0.0,2.26,3.99,71,89
2025-07-08T22:00,27.7,28.2,0.0,0.0,3.47,3.65,100,64
2025-07-08T23:00,26.1,26.8,0.0,0.0,2.07,5.0,38,61
2025-07-09T00:00,25.4,24.9,0.0,0.0,3.16,3.94,65,0
2025-07-09T01:00,24.4,24.0,0.0,0.0,4.89,3.86,34,0
2025-07-09T02:00,23.7,23.3,0.0,0.0,3.56,2.37,0,10
2025-07-09T03:00,23.1,22.6,2.0,3.0,1.69,2.56,46,0
2025-07-09T04:00,23.8,22.9,54.0,64.0,2.37,1.67,63,50
2025-07-09T05:00,25.3,24.0,161.0,160.0,2.33,1.73,52,71
2025-07-09T06:00,25.8,26.1,280.0,331.0,1.39,1.29,72,49
2025-07-09T07:00,27.5,28.1,385.0,476.0,1.74,0.39,73,39
2025-07-09T08:00,29.2,30.0,542.0,629.0,1.98,0.79,64,61
2025-07-09T09:00,30.8,31.3,646.0,625.0,1.92,2.68,50,57
2025-07-09T10:00,32.5,31.9,772.0,656.0,2.37,4.42,55,80
2025-07-09T11:00,33.5,31.1,724.0,574.0,4.03,6.77,79,78
2025-07-09T12:00,32.7,35.1,651.0,720.0,4.13,4.13,72,69
2025-07-09T13:00,32.7,31.6,555.0,459.0,4.98,9.46,73,74
2025-07-09T14:00,32.1,31.7,456.0,451.0,8.32,8.64,77,48
2025-07-09T15:00,28.9,28.9,333.0,430.0,12.87,13.18,75,67
2025-07-09T16:00,22.9,22.1,173.0,164.0,10.97,10.44,97,100
2025-07-09T17:00,22.3,21.4,46.0,31.0,10.79,9.29,91,100
2025-07-09T18:00,22.5,22.1,8.0,17.0,11.08,9.46,93,99
2025-07-09T19:00,20.9,20.0,0.0,0.0,9.56,8.93,100,97
2025-07-09T20:00,19.5,18.8,0.0,0.0,10.05,10.01,91,100
2025-07-09T21:00,18.7,18.0,0.0,0.0,9.73,9.26,97,84
2025-07-09T22:00,17.9,17.4,0.0,0.0,9.55,9.7,60,85
2025-07-09T23:00,16.7,17.0,0.0,0.0,10.35,9.48,18,77
2025-07-10T00:00,15.8,15.9,0.0,0.0,9.58,9.24,32,30
2025-07-10T01:00,15.3,15.6,0.0,0.0,9.05,8.89,37,33
2025-07-10T02:00,15.1,15.5,0.0,0.0,8.68,8.96,36,38
2025-07-10T03:00,15.1,15.4,2.0,2.0,8.32,8.65,52,38
2025-07-10T04:00,15.6,16.0,60.0,66.0,8.13,8.02,53,31
2025-07-10T05:00,16.8,17.2,194.0,211.0,7.8,7.34,42,34
2025-07-10T06:00,18.6,18.5,377.0,383.0,5.4,6.51,37,16
2025-07-10T07:00,20.7,20.5,557.0,554.0,4.91,5.86,5,27
2025-07-10T08:00,22.7,22.6,711.0,709.0,5.54,6.02,23,28
2025-07-10T09:00,24.5,24.7,807.0,798.0,5.79,6.86,45,57
2025-07-10T10:00,25.7,26.3,714.0,788.0,5.75,6.47,73,78
2025-07-10T11:00,27.1,26.5,767.0,555.0,5.06,7.67,69,84
2025-07-10T12:00,27.8,27.9,594.0,614.0,6.54,8.04,81,92
2025-07-10T13:00,27.8,28.1,516.0,560.0,6.97,6.88,71,50
2025-07-10T14:00,27.5,27.9,455.0,541.0,7.61,6.69,87,73
2025-07-10T15:00,27.0,27.7,267.0,359.0,5.68,7.15,85,78
2025-07-10T16:00,26.7,27.1,177.0,213.0,5.98,6.37,81,65
2025-07-10T17:00,25.6,26.6,87.0,129.0,4.22,5.59,82,52
2025-07-10T18:00,23.9,25.1,17.0,17.0,5.28,4.63,83,92
2025-07-10T19:00,22.3,23.3,0.0,0.0,6.46,5.43,75,69
2025-07-10T20:00,21.0,22.0,0.0,0.0,5.4,4.39,32,47
2025-07-10T21:00,19.9,21.0,0.0,0.0,4.64,3.9,13,47
2025-07-10T22:00,19.0,20.1,0.0,0.0,3.56,4.02,10,52
2025-07-10T23:00,18.6,19.4,0.0,0.0,2.86,3.78,28,47
2025-07-11T00:00,18.6,18.6,0.0,0.0,3.86,4.64,76,66
2025-07-11T01:00,18.2,18.4,0.0,0.0,3.03,4.38,68,75
2025-07-11T02:00,17.6,18.1,0.0,0.0,3.16,4.19,54,67
2025-07-11T03:00,17.1,17.8,2.0,1.0,3.04,3.66,61,49
2025-07-11T04:00,17.6,18.0,52.0,60.0,3.48,3.96,63,49
2025-07-11T05:00,19.2,19.5,167.0,183.0,3.64,3.97,73,65
2025-07-11T06:00,21.1,20.9,379.0,244.0,2.96,2.25,39,90
2025-07-11T07:00,22.3,21.5,532.0,303.0,3.53,2.85,52,94
2025-07-11T08:00,23.5,22.3,673.0,397.0,3.06,2.64,58,86
2025-07-11T09:00,24.6,23.1,704.0,505.0,3.29,2.95,65,98
2025-07-11T10:00,25.9,23.5,784.0,430.0,2.39,2.83,55,96
2025-07-11T11:00,26.7,24.2,794.0,548.0,2.36,2.53,73,97
2025-07-11T12:00,27.2,26.2,780.0,697.0,1.92,1.28,49,73
2025-07-11T13:00,27.7,26.9,681.0,686.0,2.2,1.62,73,61
2025-07-11T14:00,27.7,27.2,482.0,573.0,2.98,2.09,79,67
2025-07-11T15:00,27.5,26.8,335.0,399.0,3.38,2.56,76,77
2025-07-11T16:00,27.1,24.4,243.0,198.0,3.11,5.45,58,76
2025-07-11T17:00,26.3,23.7,121.0,115.0,3.94,3.64,80,5
2025-07-11T18:00,24.4,23.5,24.0,31.0,4.33,3.74,45,0
2025-07-11T19:00,23.0,22.1,0.0,0.0,3.63,3.73,49,0
2025-07-11T20:00,21.8,21.0,0.0,0.0,4.02,2.96,29,0
2025-07-11T21:00,21.0,20.1,0.0,0.0,4.3,2.43,27,0
2025-07-11T22:00,20.0,19.3,0.0,0.0,3.54,1.71,0,0
2025-07-11T23:00,19.2,18.3,0.0,0.0,5.38,1.68,0,0
2025-07-12T00:00,18.0,17.4,0.0,0.0,6.54,1.25,0,0
2025-07-12T01:00,17.4,17.0,0.0,0.0,6.75,1.64,0,0
2025-07-12T02:00,17.0,16.6,0.0,0.0,6.71,1.48,0,0
2025-07-12T03:00,16.6,15.6,2.0,2.0,6.19,1.96,0,9
2025-07-12T04:00,17.2,15.9,63.0,63.0,5.27,2.41,0,5
2025-07-12T05:00,18.8,17.6,208.0,208.0,3.05,3.19,0,0
2025-07-12T06:00,21.4,19.5,383.0,378.0,0.77,1.46,0,22
2025-07-12T07:00,23.8,21.6,556.0,556.0,0.22,2.07,0,1
2025-07-12T08:00,26.1,23.6,709.0,709.0,1.48,2.33,0,1
2025-07-12T09:00,27.7,25.4,797.0,828.0,2.81,2.73,5,2
2025-07-12T10:00,28.9,26.6,884.0,894.0,4.12,3.25,36,27
2025-07-12T11:00,29.6,27.6,900.0,895.0,4.34,3.06,20,27
2025-07-12T12:00,30.2,29.3,816.0,884.0,3.73,4.55,57,8
2025-07-12T13:00,30.3,29.7,647.0,796.0,3.61,4.31,46,9
2025-07-12T14:00,30.7,29.9,579.0,672.0,3.24,3.93,38,0
2025-07-12T15:00,30.6,29.7,479.0,515.0,4.98,3.85,22,4
2025-07-12T16:00,29.8,29.2,328.0,340.0,3.34,3.31,0,0
2025-07-12T17:00,29.0,28.4,167.0,166.0,2.65,3.0,0,0
2025-07-12T18:00,27.5,27.2,34.0,33.0,2.65,3.0,0,0
2025-07-12T19:00,25.6,25.8,0.0,0.0,2.26,2.88,0,0
2025-07-12T20:00,24.4,24.8,0.0,0.0,1.36,2.56,0,0
2025-07-12T21:00,23.1,23.6,0.0,0.0,1.61,2.75,0,0
2025-07-12T22:00,21.5,22.4,0.0,0.0,2.17,2.91,0,0
2025-07-12T23:00,20.5,21.1,0.0,0.0,2.35,2.92,0,0
2025-07-13T00:00,19.1,19.8,0.0,0.0,2.06,2.6,0,0
2025-07-13T01:00,18.1,18.4,0.0,0.0,2.19,2.7,0,0
2025-07-13T02:00,17.5,17.5,0.0,0.0,2.22,2.43,0,0
2025-07-13T03:00,16.9,16.9,1.0,1.0,2.34,2.26,0,0
2025-07-13T04:00,17.5,17.4,61.0,61.0,2.02,0.98,0,0
2025-07-13T05:00,20.1,19.7,203.0,202.0,1.24,0.84,0,0
2025-07-13T06:00,23.5,23.0,376.0,375.0,1.23,1.73,0,0
2025-07-13T07:00,26.9,26.5,553.0,551.0,0.42,0.35,0,0
2025-07-13T08:00,29.5,29.3,708.0,706.0,0.66,0.71,0,0
2025-07-13T09:00,31.3,31.1,825.0,824.0,1.18,1.48,0,0
2025-07-13T10:00,32.5,32.3,896.0,896.0,1.38,1.98,0,0
2025-07-13T11:00,33.4,33.2,913.0,913.0,1.62,2.2,0,0
2025-07-13T12:00,34.0,33.9,864.0,880.0,1.77,2.04,13,0
2025-07-13T13:00,34.2,34.2,728.0,789.0,1.83,2.02,57,36
2025-07-13T14:00,34.3,34.2,585.0,640.0,2.45,2.31,53,45
2025-07-13T15:00,33.9,33.9,472.0,482.0,2.12,2.39,2,8
2025-07-13T16:00,33.4,33.4,329.0,330.0,1.58,2.2,0,11
2025-07-13T17:00,32.6,32.5,162.0,161.0,2.08,1.94,0,3
2025-07-13T18:00,30.7,30.4,33.0,33.0,2.94,3.14,0,0
2025-07-13T19:00,28.5,28.4,0.0,0.0,3.65,2.7,0,0
2025-07-13T20:00,27.0,26.8,0.0,0.0,3.95,2.94,0,0
2025-07-13T21:00,25.8,25.9,0.0,0.0,5.09,3.53,0,0
2025-07-13T22:00,24.9,25.0,0.0,0.0,6.58,5.83,8,0
2025-07-13T23:00,24.2,23.7,0.0,0.0,4.37,3.95,76,31
2025-07-14T00:00,21.6,21.8,0.0,0.0,2.06,2.5,48,22
2025-07-14T01:00,20.6,21.3,0.0,0.0,0.42,2.45,99,84
2025-07-14T02:00,20.0,20.2,0.0,0.0,1.27,1.0,37,21
2025-07-14T03:00,19.4,20.0,1.0,1.0,2.08,0.88,36,85
2025-07-14T04:00,19.8,20.5,59.0,53.0,1.98,1.12,15,83
2025-07-14T05:00,22.2,21.9,198.0,150.0,2.07,2.21,1,97
2025-07-14T06:00,25.6,24.5,371.0,262.0,2.1,1.96,0,99
2025-07-14T07:00,28.9,27.7,546.0,465.0,1.43,2.17,0,99
2025-07-14T08:00,31.5,29.5,699.0,484.0,1.28,1.77,0,100
2025-07-14T09:00,33.5,30.8,817.0,468.0,0.9,0.89,1,100
2025-07-14T10:00,34.7,32.8,887.0,680.0,0.44,1.25,50,95
2025-07-14T11:00,35.6,33.9,897.0,761.0,0.71,1.02,94,100
2025-07-14T12:00,36.2,35.6,794.0,826.0,2.21,1.08,88,57
2025-07-14T13:00,36.4,35.9,700.0,691.0,3.08,2.42,92,84
2025-07-14T14:00,36.1,35.9,566.0,556.0,3.29,2.67,91,91
2025-07-14T15:00,35.5,35.3,392.0,385.0,3.31,1.97,100,88
2025-07-14T16:00,34.9,34.8,267.0,270.0,3.35,3.04,68,28
2025-07-14T17:00,34.0,33.9,156.0,153.0,2.83,3.66,16,6
2025-07-14T18:00,32.2,32.1,17.0,20.0,5.58,3.7,88,49
2025-07-14T19:00,30.1,29.9,0.0,0.0,7.49,3.08,63,55
2025-07-14T20:00,28.9,28.9,0.0,0.0,7.59,2.73,86,39
2025-07-14T21:00,27.9,27.7,0.0,0.0,8.02,2.2,68,46
2025-07-14T22:00,26.8,27.0,0.0,0.0,3.88,2.57,54,40
2025-07-14T23:00,25.5,26.0,0.0,0.0,4.64,2.5,51,33
2025-07-15T00:00,24.0,23.5,0.0,0.0,2.73,3.92,76,60
2025-07-15T01:00,23.4,23.3,0.0,0.0,2.56,3.73,78,65
2025-07-15T02:00,22.6,22.5,0.0,0.0,0.84,2.46,62,70
2025-07-15T03:00,21.9,21.7,1.0,1.0,1.31,0.22,50,67
2025-07-15T04:00,22.1,22.1,49.0,42.0,0.75,0.84,67,80
2025-07-15T05:00,23.9,23.5,156.0,133.0,1.01,1.25,58,87
2025-07-15T06:00,26.4,26.2,298.0,292.0,3.33,3.63,73,71
2025-07-15T07:00,28.7,28.6,448.0,409.0,2.37,2.56,69,71
2025-07-15T08:00,31.2,30.6,603.0,524.0,1.1,2.81,61,75
2025-07-15T09:00,33.0,32.6,687.0,664.0,1.18,1.57,56,59
2025-07-15T10:00,34.4,34.0,774.0,753.0,0.77,0.81,42,95
2025-07-15T11:00,35.3,34.8,812.0,752.0,1.81,0.31,62,100
2025-07-15T12:00,35.1,35.8,743.0,743.0,2.58,2.55,41,72
2025-07-15T13:00,35.1,35.1,698.0,512.0,3.99,3.17,52,52
2025-07-15T14:00,35.0,35.3,545.0,493.0,1.88,3.24,63,100
2025-07-15T15:00,34.4,30.7,366.0,244.0,3.64,9.41,67,97
2025-07-15T16:00,33.0,29.0,198.0,197.0,2.08,4.87,79,100
2025-07-15T17:00,30.1,28.2,64.0,106.0,3.15,4.42,100,100
2025-07-15T18:00,28.8,29.6,22.0,25.0,4.74,2.02,100,88
2025-07-15T19:00,26.9,28.0,0.0,0.0,4.61,4.44,100,53
2025-07-15T20:00,25.8,26.7,0.0,0.0,2.85,4.02,24,94
2025-07-15T21:00,24.7,25.9,0.0,0.0,3.7,3.33,33,51
2025-07-15T22:00,23.9,25.0,0.0,0.0,3.38,3.23,37,5
2025-07-15T23:00,23.1,24.1,0.0,0.0,2.86,2.67,40,99
2025-07-16T00:00,23.1,23.3,0.0,0.0,3.23,5.61,60,65
2025-07-16T01:00,22.9,22.5,0.0,0.0,3.94,3.74,94,100
2025-07-16T02:00,22.7,22.2,0.0,0.0,3.57,5.13,73,39
2025-07-16T03:00,22.3,21.8,1.0,1.0,2.36,5.02,30,42
2025-07-16T04:00,22.4,22.2,56.0,43.0,1.53,5.13,2,46
2025-07-16T05:00,24.1,24.0,196.0,178.0,0.53,4.3,0,67
2025-07-16T06:00,26.2,26.1,338.0,288.0,0.22,3.11,29,45
2025-07-16T07:00,28.5,28.2,533.0,477.0,0.39,3.58,10,45
2025-07-16T08:00,30.1,29.8,659.0,650.0,0.55,3.14,64,40
2025-07-16T09:00,31.3,31.2,730.0,767.0,1.64,1.79,68,44
2025-07-16T10:00,32.1,32.3,746.0,807.0,2.29,0.88,97,69
2025-07-16T11:00,32.6,32.8,692.0,709.0,2.54,0.66,100,71
2025-07-16T12:00,33.1,33.5,590.0,682.0,3.34,2.17,100,97
2025-07-16T13:00,32.5,33.7,427.0,583.0,6.98,1.86,100,100
2025-07-16T14:00,28.6,31.7,377.0,375.0,4.25,5.49,100,100
2025-07-16T15:00,29.7,30.2,377.0,236.0,3.15,3.4,100,100
2025-07-16T16:00,29.7,30.7,261.0,229.0,2.47,2.36,100,100
2025-07-16T17:00,29.0,30.3,131.0,132.0,2.72,2.91,100,100
2025-07-16T18:00,27.2,29.1,27.0,24.0,3.85,3.64,100,97
2025-07-16T19:00,26.0,27.6,0.0,0.0,3.33,4.04,46,71
2025-07-16T20:00,25.3,26.4,0.0,0.0,2.84,5.55,55,83
2025-07-16T21:00,24.7,25.4,0.0,0.0,3.5,8.4,70,100
2025-07-16T22:00,24.3,24.4,0.0,0.0,3.59,8.11,78,85
2025-07-16T23:00,24.0,23.7,0.0,0.0,3.5,7.42,100,99
2025-07-17T00:00,23.8,23.4,0.0,0.0,7.97,8.02,71,99
2025-07-17T01:00,23.2,22.0,0.0,0.0,7.58,8.79,97,93
2025-07-17T02:00,22.6,21.4,0.0,0.0,7.63,8.8,91,74
2025-07-17T03:00,21.9,20.2,1.0,0.0,6.6,8.54,100,94
2025-07-17T04:00,21.3,19.8,35.0,33.0,5.68,8.96,100,90
2025-07-17T05:00,21.7,20.4,112.0,118.0,5.1,5.88,100,100
2025-07-17T06:00,22.8,21.0,306.0,208.0,4.24,1.27,86,100
2025-07-17T07:00,23.9,22.1,452.0,311.0,4.16,0.96,92,100
2025-07-17T08:00,25.3,23.1,494.0,373.0,3.09,0.78,97,100
2025-07-17T09:00,26.6,23.9,595.0,382.0,3.45,1.06,77,100
2025-07-17T10:00,27.7,24.4,653.0,327.0,2.67,2.32,100,100
2025-07-17T11:00,28.4,24.4,616.0,340.0,1.36,2.85,100,100
2025-07-17T12:00,28.7,25.3,538.0,406.0,2.27,2.14,98,98
2025-07-17T13:00,29.6,26.4,602.0,490.0,2.65,0.28,69,93
2025-07-17T14:00,29.1,26.3,413.0,359.0,1.67,2.45,94,97
2025-07-17T15:00,29.3,24.4,330.0,179.0,1.81,1.95,95,100
2025-07-17T16:00,27.0,22.4,100.0,61.0,1.71,1.98,100,100
2025-07-17T17:00,22.2,21.4,10.0,12.0,2.28,5.02,100,100
2025-07-17T18:00,20.9,20.6,4.0,4.0,5.26,5.39,100,99
2025-07-17T19:00,20.9,19.7,0.0,0.0,6.4,5.06,100,99
2025-07-17T20:00,20.9,18.9,0.0,0.0,6.65,7.38,100,99
2025-07-17T21:00,20.2,18.3,0.0,0.0,7.36,6.92,100,69
2025-07-17T22:00,19.3,17.6,0.0,0.0,8.17,7.48,100,34
2025-07-17T23:00,18.4,17.1,0.0,0.0,9.1,8.34,69,47
2025-07-18T00:00,18.1,17.5,0.0,0.0,8.37,8.24,71,41
2025-07-18T01:00,17.6,17.2,0.0,0.0,8.92,6.6,68,41
2025-07-18T02:00,17.1,16.9,0.0,0.0,8.0,6.99,50,18
2025-07-18T03:00,16.5,16.4,1.0,1.0,7.59,6.63,34,49
2025-07-18T04:00,16.4,16.5,54.0,50.0,7.13,5.98,16,68
2025-07-18T05:00,17.3,17.3,195.0,154.0,6.59,5.3,27,66
2025-07-18T06:00,18.5,18.4,366.0,265.0,6.27,4.8,11,58
2025-07-18T07:00,20.5,20.2,542.0,467.0,6.7,4.7,20,28
2025-07-18T08:00,22.6,21.7,699.0,676.0,6.79,4.62,20,31
2025-07-18T09:00,24.4,23.2,815.0,781.0,6.88,4.71,23,45
2025-07-18T10:00,26.4,25.0,883.0,804.0,7.49,5.28,25,63
2025-07-18T11:00,27.3,26.3,889.0,775.0,7.69,5.85,36,53
2025-07-18T12:00,28.4,27.6,843.0,795.0,7.46,6.77,35,78
2025-07-18T13:00,28.9,27.8,736.0,695.0,7.35,7.34,22,59
2025-07-18T14:00,29.0,28.0,644.0,585.0,7.97,8.15,58,47
2025-07-18T15:00,28.6,27.8,479.0,485.0,7.75,7.3,47,4
2025-07-18T16:00,28.0,27.7,292.0,327.0,7.64,6.96,68,17
2025-07-18T17:00,27.0,26.9,145.0,154.0,7.45,6.89,25,2
2025-07-18T18:00,25.0,25.4,28.0,27.0,5.8,8.63,19,17
2025-07-18T19:00,23.5,23.9,0.0,0.0,8.2,8.57,37,6
2025-07-18T20:00,22.2,22.3,0.0,0.0,7.07,3.82,41,33
2025-07-18T21:00,21.0,21.4,0.0,0.0,3.78,3.29,2,0
2025-07-18T22:00,20.2,20.9,0.0,0.0,2.9,3.17,15,0
2025-07-18T23:00,19.5,20.3,0.0,0.0,1.62,3.02,36,0
2025-07-19T00:00,18.1,19.5,0.0,0.0,2.02,3.83,0,0
2025-07-19T01:00,17.5,18.6,0.0,0.0,2.67,4.35,0,0
2025-07-19T02:00,16.9,17.9,0.0,0.0,2.79,3.07,0,0
2025-07-19T03:00,16.4,17.2,0.0,0.0,3.25,1.38,0,0
2025-07-19T04:00,16.6,17.4,53.0,53.0,2.85,0.79,25,2
2025-07-19T05:00,17.9,18.6,190.0,192.0,1.96,1.11,17,0
2025-07-19T06:00,19.8,20.3,363.0,365.0,2.18,1.33,0,1
2025-07-19T07:00,22.0,22.5,536.0,539.0,1.96,1.06,0,0
2025-07-19T08:00,24.2,24.6,691.0,694.0,2.36,0.44,2,0
2025-07-19T09:00,26.0,26.2,807.0,812.0,2.67,0.63,9,23
2025-07-19T10:00,27.2,27.2,827.0,757.0,4.16,2.85,49,82
2025-07-19T11:00,28.1,27.9,835.0,661.0,4.25,3.9,46,79
2025-07-19T12:00,29.1,29.2,741.0,704.0,4.38,4.25,66,68
2025-07-19T13:00,29.4,29.5,614.0,637.0,4.51,3.94,74,69
2025-07-19T14:00,29.7,29.6,446.0,489.0,5.78,3.95,93,74
2025-07-19T15:00,29.2,29.7,315.0,369.0,4.75,3.82,63,71
2025-07-19T16:00,29.0,28.9,278.0,219.0,4.37,4.04,27,55
2025-07-19T17:00,28.1,28.3,149.0,134.0,4.08,1.94,0,3
2025-07-19T18:00,27.3,26.5,27.0,27.0,3.63,2.73,0,0
2025-07-19T19:00,26.0,25.5,0.0,0.0,2.26,1.64,7,0
2025-07-19T20:00,24.9,24.4,0.0,0.0,2.57,1.02,0,0
2025-07-19T21:00,23.9,22.8,0.0,0.0,2.33,1.62,0,0
2025-07-19T22:00,22.9,21.9,0.0,0.0,3.55,2.68,0,0
2025-07-19T23:00,22.3,21.3,0.0,0.0,2.46,2.96,0,0
2025-07-20T00:00,21.0,20.7,0.0,0.0,2.76,3.9,0,0
2025-07-20T01:00,20.2,20.5,0.0,0.0,2.47,3.2,0,0
2025-07-20T02:00,19.1,19.9,0.0,0.0,2.85,3.11,0,0
2025-07-20T03:00,18.1,19.0,0.0,0.0,3.63,3.19,0,0
2025-07-20T04:00,17.9,18.9,52.0,53.0,3.15,3.25,0,0
2025-07-20T05:00,19.8,20.6,189.0,191.0,1.98,3.05,0,0
2025-07-20T06:00,22.7,22.6,362.0,365.0,2.24,1.8,0,0
2025-07-20T07:00,25.6,25.1,537.0,541.0,1.28,0.75,15,0
2025-07-20T08:00,28.1,27.3,691.0,696.0,1.63,1.4,0,0
2025-07-20T09:00,30.0,28.9,810.0,812.0,2.51,1.59,0,0
2025-07-20T10:00,31.2,30.2,877.0,883.0,2.98,2.56,14,22
2025-07-20T11:00,32.0,31.0,827.0,838.0,3.43,3.27,45,41
2025-07-20T12:00,32.2,32.7,633.0,863.0,4.65,3.45,53,26
2025-07-20T13:00,32.6,33.1,646.0,741.0,3.68,4.06,28,61
2025-07-20T14:00,33.1,33.1,585.0,601.0,4.62,4.28,76,42
2025-07-20T15:00,32.7,32.7,422.0,487.0,3.77,2.88,45,0
2025-07-20T16:00,32.2,32.2,307.0,322.0,3.43,3.29,28,0
2025-07-20T17:00,31.3,31.2,145.0,152.0,3.29,2.84,33,0
2025-07-20T18:00,30.2,30.3,24.0,26.0,2.06,2.38,35,0
2025-07-20T19:00,28.7,29.0,0.0,0.0,1.79,1.98,38,0
2025-07-20T20:00,27.1,27.4,0.0,0.0,3.65,2.17,45,0
2025-07-20T21:00,26.1,26.3,0.0,0.0,5.1,2.94,36,0
2025-07-20T22:00,25.4,25.4,0.0,0.0,6.82,3.92,20,0
2025-07-20T23:00,24.9,24.8,0.0,0.0,7.65,4.71,37,0
2025-07-21T00:00,23.5,23.9,0.0,0.0,5.89,6.82,0,0
2025-07-21T01:00,23.2,23.7,0.0,0.0,3.43,4.13,0,30
2025-07-21T02:00,21.9,22.4,0.0,0.0,2.75,3.05,0,29
2025-07-21T03:00,21.9,21.9,0.0,0.0,3.88,3.34,0,17
2025-07-21T04:00,22.5,22.4,50.0,50.0,3.59,3.53,0,5
2025-07-21T05:00,24.1,24.8,187.0,186.0,2.86,3.29,0,5
2025-07-21T06:00,27.0,27.5,358.0,356.0,0.77,1.8,0,0
2025-07-21T07:00,29.3,29.8,530.0,530.0,1.46,1.53,0,0
2025-07-21T08:00,31.4,32.0,683.0,683.0,2.63,2.06,0,0
2025-07-21T09:00,32.9,33.6,800.0,801.0,3.14,3.14,0,0
2025-07-21T10:00,34.1,34.6,870.0,869.0,3.15,3.15,8,19
2025-07-21T11:00,35.1,35.4,889.0,872.0,2.94,3.14,15,41
2025-07-21T12:00,35.8,36.3,801.0,848.0,3.14,3.65,41,23
2025-07-21T13:00,36.2,36.7,716.0,768.0,3.08,3.48,40,11
2025-07-21T14:00,36.2,36.8,590.0,647.0,2.81,3.45,28,2
2025-07-21T15:00,36.2,36.6,481.0,490.0,2.14,3.05,18,37
2025-07-21T16:00,35.6,36.0,316.0,316.0,2.46,3.02,1,4
2025-07-21T17:00,34.6,35.0,149.0,148.0,2.08,1.88,0,0
2025-07-21T18:00,32.9,33.2,25.0,25.0,1.06,1.71,0,0
2025-07-21T19:00,30.5,31.0,0.0,0.0,3.63,3.07,0,0
2025-07-21T20:00,29.2,29.8,0.0,0.0,5.25,4.22,0,3
2025-07-21T21:00,28.2,28.9,0.0,0.0,6.58,5.05,2,29
2025-07-21T22:00,27.3,27.9,0.0,0.0,6.96,6.4,0,0
2025-07-21T23:00,26.3,27.2,0.0,0.0,7.12,7.07,0,0
2025-07-22T00:00,25.9,25.6,0.0,0.0,5.21,5.9,0,0
2025-07-22T01:00,25.5,24.9,0.0,0.0,3.82,3.24,0,0
2025-07-22T02:00,23.5,23.0,0.0,0.0,2.08,1.18,0,0
2025-07-22T03:00,22.3,22.2,0.0,0.0,0.53,1.46,0,40
2025-07-22T04:00,22.8,22.5,46.0,45.0,0.44,1.96,45,56
2025-07-22T05:00,25.0,24.6,169.0,165.0,0.39,1.64,42,35
2025-07-22T06:00,28.8,27.4,329.0,239.0,0.75,2.11,37,69
2025-07-22T07:00,31.7,30.4,485.0,430.0,1.01,1.67,46,47
2025-07-22T08:00,34.2,33.2,610.0,640.0,0.69,1.98,39,18
2025-07-22T09:00,36.2,34.7,738.0,651.0,1.39,2.97,56,81
2025-07-22T10:00,37.7,35.3,792.0,507.0,2.37,2.24,79,75
2025-07-22T11:00,39.0,36.5,838.0,590.0,3.22,2.29,55,76
2025-07-22T12:00,39.9,37.9,809.0,661.0,2.81,3.04,21,55
2025-07-22T13:00,40.4,38.6,747.0,661.0,2.94,3.14,43,31
2025-07-22T14:00,39.7,38.5,479.0,598.0,3.06,4.93,100,34
2025-07-22T15:00,36.2,38.0,314.0,445.0,7.56,5.88,44,79
2025-07-22T16:00,35.5,35.1,246.0,214.0,6.72,7.81,68,49
2025-07-22T17:00,33.7,33.7,102.0,113.0,7.23,8.58,47,25
2025-07-22T18:00,33.1,32.3,21.0,23.0,6.66,9.13,27,0
2025-07-22T19:00,31.1,30.5,0.0,0.0,8.31,9.2,44,18
2025-07-22T20:00,29.7,29.0,0.0,0.0,8.75,9.1,36,0
2025-07-22T21:00,28.5,28.1,0.0,0.0,8.78,9.24,38,0
2025-07-22T22:00,27.6,27.2,0.0,0.0,8.72,9.62,44,0
2025-07-22T23:00,26.9,26.4,0.0,0.0,9.7,9.4,33,17
2025-07-23T00:00,25.3,26.0,0.0,0.0,10.91,9.21,21,62
2025-07-23T01:00,25.0,25.4,0.0,0.0,9.17,8.61,51,75
2025-07-23T02:00,24.5,24.8,0.0,0.0,9.4,8.45,76,57
2025-07-23T03:00,24.5,23.9,0.0,0.0,9.45,8.46,62,24
2025-07-23T04:00,24.7,23.8,30.0,44.0,8.88,9.66,80,28
2025-07-23T05:00,25.6,25.1,103.0,172.0,6.5,5.78,56,33
2025-07-23T06:00,26.3,26.1,225.0,234.0,6.59,5.08,67,77
2025-07-23T07:00,27.4,27.1,326.0,309.0,6.94,4.9,81,90
2025-07-23T08:00,29.0,28.1,399.0,325.0,6.04,4.21,51,77
2025-07-23T09:00,31.4,30.5,705.0,576.0,5.92,5.16,42,40
2025-07-23T10:00,32.9,32.4,787.0,822.0,5.73,4.99,48,22
2025-07-23T11:00,34.0,33.7,814.0,876.0,5.66,4.47,46,27
2025-07-23T12:00,34.3,34.6,718.0,843.0,6.45,3.35,59,41
2025-07-23T13:00,34.7,34.9,653.0,739.0,5.85,2.77,58,48
2025-07-23T14:00,34.8,34.7,563.0,566.0,5.69,3.31,28,50
2025-07-23T15:00,34.5,34.5,461.0,449.0,5.92,3.35,25,31
2025-07-23T16:00,33.8,33.8,292.0,296.0,6.61,3.74,34,32
2025-07-23T17:00,32.8,32.9,135.0,140.0,6.78,4.29,44,0
2025-07-23T18:00,31.1,31.8,17.0,18.0,7.5,5.94,66,90
2025-07-23T19:00,29.9,30.6,0.0,0.0,6.97,7.25,100,100
2025-07-23T20:00,28.8,29.4,0.0,0.0,7.84,7.83,100,42
2025-07-23T21:00,27.4,28.2,0.0,0.0,7.5,7.29,100,100
2025-07-23T22:00,26.5,27.2,0.0,0.0,7.35,7.25,100,100
2025-07-23T23:00,25.7,26.5,0.0,0.0,8.24,4.41,100,40
2025-07-24T00:00,25.1,25.4,0.0,0.0,7.96,1.83,100,86
2025-07-24T01:00,24.5,24.6,0.0,0.0,5.61,2.11,100,53
2025-07-24T02:00,23.9,23.8,0.0,0.0,6.61,1.49,100,40
2025-07-24T03:00,23.6,22.7,0.0,0.0,7.89,1.84,100,33
2025-07-24T04:00,23.4,22.9,28.0,42.0,6.27,2.61,83,36
2025-07-24T05:00,23.9,25.0,101.0,167.0,5.47,2.99,65,37
2025-07-24T06:00,25.6,26.8,239.0,311.0,4.31,2.97,68,40
2025-07-24T07:00,27.5,28.3,374.0,486.0,3.57,2.65,50,46
2025-07-24T08:00,29.5,29.9,561.0,622.0,3.45,2.65,59,43
2025-07-24T09:00,30.9,31.7,624.0,754.0,3.23,2.65,56,36
2025-07-24T10:00,32.0,33.2,623.0,839.0,3.64,3.15,52,29
2025-07-24T11:00,33.4,34.1,799.0,862.0,3.22,3.02,38,30
2025-07-24T12:00,34.4,33.8,800.0,814.0,2.87,2.24,37,35
2025-07-24T13:00,35.0,34.4,748.0,728.0,3.09,1.84,1,28
2025-07-24T14:00,35.1,34.8,638.0,625.0,3.35,1.96,0,13
2025-07-24T15:00,34.9,34.8,480.0,463.0,3.44,2.35,5,34
2025-07-24T16:00,34.5,34.1,307.0,298.0,3.48,3.53,13,12
2025-07-24T17:00,33.4,33.0,140.0,138.0,4.55,4.71,22,19
2025-07-24T18:00,32.3,31.9,21.0,22.0,7.55,9.22,40,46
2025-07-24T19:00,30.9,29.7,0.0,0.0,9.99,8.87,56,11
2025-07-24T20:00,29.3,28.0,0.0,0.0,9.19,9.77,0,0
2025-07-24T21:00,27.4,26.5,0.0,0.0,8.16,9.25,0,0
2025-07-24T22:00,26.0,25.3,0.0,0.0,7.12,7.91,0,0
2025-07-24T23:00,25.0,24.4,0.0,0.0,5.94,7.55,0,30
2025-07-25T00:00,23.6,22.9,0.0,0.0,4.27,5.91,0,0
2025-07-25T01:00,22.4,21.9,0.0,0.0,2.97,4.98,0,0
2025-07-25T02:00,21.6,20.8,0.0,0.0,3.43,4.31,0,0
2025-07-25T03:00,21.0,20.1,0.0,0.0,3.54,4.04,0,0
2025-07-25T04:00,21.3,20.6,42.0,42.0,3.14,4.4,0,0
2025-07-25T05:00,23.5,23.1,170.0,172.0,3.25,4.66,0,0
2025-07-25T06:00,26.3,26.3,342.0,342.0,1.69,2.55,0,0
2025-07-25T07:00,29.1,29.2,515.0,517.0,1.21,1.25,0,0
2025-07-25T08:00,32.0,31.9,669.0,671.0,1.0,1.14,0,0
2025-07-25T09:00,34.5,34.4,788.0,791.0,1.06,0.6,0,0
2025-07-25T10:00,36.4,36.4,862.0,863.0,1.04,0.28,0,0
2025-07-25T11:00,37.6,37.7,882.0,882.0,0.35,1.25,0,2
2025-07-25T12:00,38.2,38.4,851.0,850.0,0.77,0.49,0,15
2025-07-25T13:00,38.6,38.9,767.0,722.0,1.27,1.21,3,64
2025-07-25T14:00,38.7,38.8,611.0,522.0,2.55,2.54,46,77
2025-07-25T15:00,38.0,38.1,387.0,351.0,2.67,2.94,39,64
2025-07-25T16:00,37.6,37.6,254.0,250.0,2.37,2.59,41,24
2025-07-25T17:00,36.6,36.5,128.0,135.0,2.26,2.36,34,7
2025-07-25T18:00,34.2,34.8,21.0,19.0,4.25,1.63,30,48
2025-07-25T19:00,31.9,32.6,0.0,0.0,5.83,3.34,27,42
2025-07-25T20:00,30.6,31.1,0.0,0.0,5.98,2.94,32,43
2025-07-25T21:00,29.5,30.0,0.0,0.0,5.94,4.33,11,49
2025-07-25T22:00,28.3,29.2,0.0,0.0,5.63,6.85,7,64
2025-07-25T23:00,27.3,28.6,0.0,0.0,6.01,6.41,17,55
2025-07-26T00:00,27.0,26.5,0.0,0.0,3.2,4.98,39,12
2025-07-26T01:00,26.2,25.7,0.0,0.0,3.59,3.27,9,1
2025-07-26T02:00,25.3,24.5,0.0,0.0,4.27,1.48,0,0
2025-07-26T03:00,24.6,23.4,0.0,0.0,4.89,1.43,0,0
2025-07-26T04:00,24.8,23.4,41.0,41.0,4.75,0.9,0,0
2025-07-26T05:00,26.7,26.3,170.0,172.0,3.8,0.84,0,0
2025-07-26T06:00,29.0,29.2,339.0,338.0,1.06,2.42,0,0
2025-07-26T07:00,31.9,32.1,513.0,512.0,0.77,1.06,0,0
2025-07-26T08:00,34.6,35.0,666.0,666.0,0.79,0.63,0,0
2025-07-26T09:00,36.8,37.4,786.0,787.0,1.67,1.24,0,0
2025-07-26T10:00,38.4,39.3,860.0,861.0,2.41,1.87,0,0
2025-07-26T11:00,39.4,40.5,880.0,883.0,2.28,1.95,0,0
2025-07-26T12:00,40.1,40.7,848.0,847.0,2.05,2.21,0,0
2025-07-26T13:00,40.5,41.1,765.0,765.0,1.77,2.16,0,0
2025-07-26T14:00,40.6,41.1,640.0,639.0,2.08,2.86,0,0
2025-07-26T15:00,40.4,40.8,483.0,483.0,2.47,3.21,0,0
2025-07-26T16:00,39.7,40.2,309.0,309.0,2.91,3.37,0,0
2025-07-26T17:00,38.6,39.0,140.0,139.0,3.42,3.54,0,0
2025-07-26T18:00,35.7,36.4,20.0,20.0,6.94,5.33,0,0
2025-07-26T19:00,33.7,34.3,0.0,0.0,10.21,8.68,0,4
2025-07-26T20:00,31.7,32.0,0.0,0.0,11.16,11.53,0,88
2025-07-26T21:00,30.1,30.7,0.0,0.0,9.42,10.91,0,45
2025-07-26T22:00,28.6,29.5,0.0,0.0,9.17,10.11,0,54
2025-07-26T23:00,27.7,28.7,0.0,0.0,8.83,9.98,0,43
2025-07-27T00:00,26.6,27.6,0.0,0.0,7.9,8.35,0,0
2025-07-27T01:00,25.5,26.4,0.0,0.0,5.68,3.14,0,0
2025-07-27T02:00,24.4,25.3,0.0,0.0,4.03,4.12,0,0
2025-07-27T03:00,23.5,24.5,0.0,0.0,4.25,5.2,0,0
2025-07-27T04:00,23.5,24.3,40.0,40.0,5.05,6.17,93,0
2025-07-27T05:00,25.2,25.8,165.0,170.0,4.74,6.47,6,0
2025-07-27T06:00,27.3,27.7,342.0,304.0,4.99,6.76,0,31
2025-07-27T07:00,30.0,30.1,519.0,483.0,3.75,5.4,0,50
2025-07-27T08:00,32.4,32.8,677.0,663.0,3.55,5.59,0,3
2025-07-27T09:00,34.6,35.0,798.0,792.0,4.51,6.3,0,23
2025-07-27T10:00,36.0,36.7,869.0,868.0,5.58,6.86,0,0
2025-07-27T11:00,37.1,37.8,889.0,891.0,6.32,7.06,0,0
2025-07-27T12:00,38.5,39.1,852.0,857.0,7.31,7.65,4,0
2025-07-27T13:00,38.7,39.3,767.0,770.0,8.04,8.05,10,4
2025-07-27T14:00,38.2,38.9,637.0,639.0,9.24,9.36,19,4
2025-07-27T15:00,37.2,37.8,468.0,484.0,9.56,10.26,20,0
2025-07-27T16:00,35.7,36.3,292.0,308.0,9.92,10.81,90,78
2025-07-27T17:00,33.9,34.4,122.0,132.0,9.43,10.26,100,0
2025-07-27T18:00,31.8,31.9,20.0,20.0,8.34,8.73,17,0
2025-07-27T19:00,29.5,29.5,0.0,0.0,8.35,9.08,45,0
2025-07-27T20:00,27.8,27.6,0.0,0.0,8.85,7.98,20,27
2025-07-27T21:00,26.5,26.2,0.0,0.0,8.52,7.78,0,4
2025-07-27T22:00,25.3,24.9,0.0,0.0,5.09,7.04,17,13
2025-07-27T23:00,24.3,23.8,0.0,0.0,4.71,7.11,35,40
2025-07-28T00:00,23.8,22.8,0.0,0.0,4.66,7.3,4,34
2025-07-28T01:00,23.0,22.1,0.0,0.0,4.9,7.15,29,44
2025-07-28T02:00,22.5,21.7,0.0,0.0,5.11,8.33,34,49
2025-07-28T03:00,22.1,21.6,0.0,0.0,5.11,6.77,34,39
2025-07-28T04:00,22.4,21.9,36.0,33.0,4.02,5.89,52,63
2025-07-28T05:00,23.6,23.4,112.0,127.0,2.14,5.48,79,68
2025-07-28T06:00,25.4,25.8,229.0,300.0,0.28,1.98,79,59
2025-07-28T07:00,27.1,27.8,369.0,425.0,0.71,2.12,54,38
2025-07-28T08:00,29.0,29.6,587.0,601.0,1.33,1.88,42,57
2025-07-28T09:00,30.8,31.2,718.0,710.0,1.18,1.1,44,44
2025-07-28T10:00,32.4,32.6,817.0,789.0,1.08,1.27,45,69
2025-07-28T11:00,33.7,33.5,841.0,749.0,0.98,1.67,42,62
2025-07-28T12:00,34.3,33.9,768.0,760.0,1.58,2.26,59,60
2025-07-28T13:00,34.7,34.2,663.0,683.0,1.98,3.5,73,70
2025-07-28T14:00,34.5,34.2,496.0,554.0,1.64,3.14,79,55
2025-07-28T15:00,34.2,34.0,340.0,451.0,2.0,3.26,66,16
2025-07-28T16:00,33.6,33.1,202.0,294.0,2.74,3.97,83,53
2025-07-28T17:00,32.6,32.0,95.0,103.0,5.19,4.66,100,60
2025-07-28T18:00,29.2,30.2,12.0,10.0,8.4,7.36,100,100
2025-07-28T19:00,27.8,28.4,0.0,0.0,9.38,7.97,100,100
2025-07-28T20:00,26.4,27.0,0.0,0.0,10.97,10.03,100,95
2025-07-28T21:00,23.2,25.7,0.0,0.0,11.18,9.03,100,100
2025-07-28T22:00,20.6,21.7,0.0,0.0,9.55,9.84,100,100
2025-07-28T23:00,20.9,21.6,0.0,0.0,5.21,5.5,97,84
2025-07-29T00:00,21.5,21.5,0.0,0.0,6.85,3.51,100,88
2025-07-29T01:00,21.2,21.5,0.0,0.0,6.03,2.55,59,93
2025-07-29T02:00,20.7,21.4,0.0,0.0,6.55,2.91,65,95
2025-07-29T03:00,20.4,21.2,0.0,0.0,6.58,4.22,56,98
2025-07-29T04:00,20.5,21.0,30.0,17.0,5.92,4.0,61,86
2025-07-29T05:00,21.3,21.3,130.0,84.0,3.83,4.51,65,82
2025-07-29T06:00,22.6,22.4,294.0,246.0,2.74,3.14,56,90
2025-07-29T07:00,24.2,23.5,471.0,371.0,2.45,3.33,45,77
2025-07-29T08:00,25.8,24.8,625.0,503.0,2.37,2.83,67,79
2025-07-29T09:00,27.0,26.1,669.0,635.0,2.88,4.08,66,61
2025-07-29T10:00,28.1,27.0,732.0,731.0,3.26,4.74,91,72
2025-07-29T11:00,28.1,27.0,454.0,667.0,3.54,5.78,96,100
2025-07-29T12:00,28.9,25.8,448.0,313.0,3.64,4.82,93,97
2025-07-29T13:00,29.6,26.9,589.0,454.0,3.06,5.14,60,72
2025-07-29T14:00,29.7,27.7,579.0,535.0,2.61,4.76,82,62
2025-07-29T15:00,29.5,28.5,367.0,418.0,2.75,5.58,59,45
2025-07-29T16:00,29.1,28.0,262.0,279.0,2.27,5.28,53,11
2025-07-29T17:00,27.8,27.2,102.0,129.0,2.06,4.8,72,31
2025-07-29T18:00,25.2,24.4,15.0,11.0,4.8,5.08,49,64
2025-07-29T19:00,24.3,23.4,0.0,0.0,5.92,6.36,24,52
2025-07-29T20:00,23.3,23.3,0.0,0.0,7.25,8.33,0,36
2025-07-29T21:00,22.6,22.5,0.0,0.0,7.67,7.9,19,37
2025-07-29T22:00,22.1,21.9,0.0,0.0,7.04,7.41,68,78
2025-07-29T23:00,21.9,21.3,0.0,0.0,7.0,5.88,80,85
2025-07-30T00:00,20.7,21.1,0.0,0.0,6.93,6.4,75,78
2025-07-30T01:00,20.5,20.6,0.0,0.0,5.36,5.09,82,84
2025-07-30T02:00,20.4,20.2,0.0,0.0,4.61,4.95,95,82
2025-07-30T03:00,20.3,20.0,0.0,0.0,4.41,4.21,89,83
2025-07-30T04:00,20.3,20.1,19.0,21.0,4.17,4.21,82,78
2025-07-30T05:00,20.7,20.9,84.0,109.0,3.24,3.15,86,83
2025-07-30T06:00,21.2,20.3,145.0,164.0,3.35,3.42,92,90
2025-07-30T07:00,22.3,21.0,261.0,242.0,3.5,3.04,94,84
2025-07-30T08:00,23.2,22.1,275.0,381.0,2.84,2.76,94,85
2025-07-30T09:00,24.0,23.5,353.0,438.0,3.26,1.62,88,93
2025-07-30T10:00,24.8,25.1,514.0,576.0,3.2,2.55,75,83
2025-07-30T11:00,25.4,25.8,578.0,637.0,3.16,3.19,72,83
2025-07-30T12:00,25.5,27.8,519.0,656.0,2.63,2.81,68,73
2025-07-30T13:00,25.4,28.0,548.0,551.0,2.29,3.21,57,63
2025-07-30T14:00,26.4,28.2,546.0,521.0,1.73,3.05,41,78
2025-07-30T15:00,26.8,27.6,423.0,356.0,2.36,3.23,44,65
2025-07-30T16:00,26.5,27.4,267.0,221.0,3.04,2.91,33,62
2025-07-30T17:00,25.9,26.6,118.0,99.0,3.44,3.61,71,58
2025-07-30T18:00,23.1,24.8,16.0,14.0,5.08,4.22,41,55
2025-07-30T19:00,22.2,23.8,0.0,0.0,6.34,5.55,44,49
2025-07-30T20:00,21.5,22.8,0.0,0.0,6.37,6.25,60,58
2025-07-30T21:00,21.0,22.2,0.0,0.0,7.36,6.11,46,63
2025-07-30T22:00,20.6,21.8,0.0,0.0,7.01,5.52,60,61
2025-07-30T23:00,20.2,21.5,0.0,0.0,7.33,5.46,65,59
2025-07-31T00:00,20.4,20.7,0.0,0.0,6.15,5.99,59,64
2025-07-31T01:00,20.0,20.4,0.0,0.0,5.15,5.82,67,61
2025-07-31T02:00,19.7,20.2,0.0,0.0,5.17,6.25,68,70
2025-07-31T03:00,19.3,19.9,0.0,0.0,5.21,5.52,68,65
2025-07-31T04:00,19.4,19.9,29.0,23.0,5.1,5.25,51,81
2025-07-31T05:00,20.5,20.6,143.0,92.0,5.0,5.22,57,83
2025-07-31T06:00,21.4,21.4,226.0,240.0,3.14,3.29,80,79
2025-07-31T07:00,22.6,22.8,359.0,369.0,3.14,3.71,69,100
2025-07-31T08:00,23.9,24.1,507.0,478.0,3.44,4.32,68,100
2025-07-31T09:00,25.1,25.1,637.0,535.0,2.69,3.55,68,100
2025-07-31T10:00,26.0,26.1,642.0,584.0,1.71,2.81,81,100
2025-07-31T11:00,27.1,26.7,694.0,570.0,1.25,1.97,83,100
2025-07-31T12:00,28.0,27.6,617.0,559.0,1.18,1.77,100,99
2025-07-31T13:00,28.3,27.9,559.0,510.0,0.93,1.12,100,100
2025-07-31T14:00,28.2,27.8,406.0,384.0,1.36,0.79,100,100
2025-07-31T15:00,27.6,27.5,232.0,263.0,2.19,0.71,100,100
2025-07-31T16:00,26.6,27.2,148.0,176.0,2.57,0.39,100,100
2025-07-31T17:00,26.0,26.5,72.0,61.0,2.75,0.6,95,100
2025-07-31T18:00,24.9,23.9,9.0,11.0,1.96,3.97,100,100
2025-07-31T19:00,23.8,22.9,0.0,0.0,3.94,3.72,100,100
2025-07-31T20:00,22.6,22.1,0.0,0.0,4.0,3.51,100,100
2025-07-31T21:00,22.4,21.6,0.0,0.0,3.64,3.82,100,100
2025-07-31T22:00,22.0,21.2,0.0,0.0,4.37,2.86,100,95
2025-07-31T23:00,21.3,20.7,0.0,0.0,2.71,1.87,100,100
2025-08-01T00:00,20.7,20.6,0.0,0.0,2.37,2.32,100,72
2025-08-01T01:00,20.4,20.1,0.0,0.0,2.98,1.93,99,58
2025-08-01T02:00,20.1,19.7,0.0,0.0,3.7,1.74,81,58
2025-08-01T03:00,19.8,19.4,0.0,0.0,4.09,1.41,69,77
2025-08-01T04:00,19.7,19.4,29.0,27.0,4.19,0.83,70,61
2025-08-01T05:00,20.4,20.3,139.0,133.0,3.09,0.55,74,51
2025-08-01T06:00,22.0,21.1,282.0,278.0,1.96,2.35,57,59
2025-08-01T07:00,23.7,22.5,450.0,434.0,1.31,1.86,61,70
2025-08-01T08:00,25.6,24.0,574.0,556.0,0.84,1.47,75,78
2025-08-01T09:00,26.6,25.2,593.0,581.0,1.02,0.5,82,80
2025-08-01T10:00,27.5,26.0,667.0,545.0,1.58,0.39,64,88
2025-08-01T11:00,28.2,26.9,711.0,605.0,1.67,1.12,71,69
2025-08-01T12:00,29.5,28.9,656.0,728.0,1.29,1.06,77,65
2025-08-01T13:00,29.8,29.3,606.0,656.0,1.21,1.28,68,66
2025-08-01T14:00,29.7,29.3,481.0,551.0,1.4,1.59,82,65
2025-08-01T15:00,29.4,29.0,324.0,392.0,1.46,1.73,86,64
2025-08-01T16:00,28.9,28.4,212.0,248.0,1.63,1.85,49,54
2025-08-01T17:00,28.2,27.4,102.0,112.0,2.65,3.23,54,5
2025-08-01T18:00,26.7,26.1,12.0,14.0,2.85,2.85,38,4
2025-08-01T19:00,25.2,24.9,0.0,0.0,3.47,2.95,42,19
2025-08-01T20:00,24.4,24.2,0.0,0.0,3.02,2.08,36,29
2025-08-01T21:00,23.9,23.6,0.0,0.0,2.02,1.31,12,22
2025-08-01T22:00,23.5,22.9,0.0,0.0,1.11,0.55,29,21
2025-08-01T23:00,22.4,22.1,0.0,0.0,0.84,0.1,36,7
2025-08-02T00:00,21.6,21.4,0.0,0.0,1.8,0.0,14,18
2025-08-02T01:00,20.8,20.6,0.0,0.0,1.45,1.08,0,7
2025-08-02T02:00,20.1,20.0,0.0,0.0,1.61,1.67,1,2
2025-08-02T03:00,19.5,19.4,0.0,0.0,1.31,2.18,0,5
2025-08-02T04:00,19.5,19.5,32.0,32.0,1.47,2.51,0,12
2025-08-02T05:00,21.0,20.9,160.0,156.0,1.93,2.64,1,30
2025-08-02T06:00,23.0,23.2,315.0,308.0,2.19,2.64,44,41
2025-08-02T07:00,25.5,25.7,473.0,467.0,1.58,1.81,39,46
2025-08-02T08:00,27.9,27.8,637.0,614.0,1.47,2.59,37,43
2025-08-02T09:00,29.5,29.0,745.0,712.0,2.31,3.06,37,41
2025-08-02T10:00,30.4,29.9,752.0,746.0,3.13,3.48,74,56
2025-08-02T11:00,30.8,30.7,671.0,785.0,4.04,3.73,68,41
2025-08-02T12:00,31.0,31.5,550.0,691.0,2.47,3.72,69,62
2025-08-02T13:00,31.6,31.9,480.0,691.0,3.19,3.93,62,34
2025-08-02T14:00,31.7,32.0,517.0,612.0,3.33,3.93,44,15
2025-08-02T15:00,31.7,31.8,406.0,466.0,2.66,4.0,68,1
2025-08-02T16:00,31.4,31.3,236.0,293.0,3.93,4.21,66,0
2025-08-02T17:00,30.2,30.2,109.0,124.0,4.61,4.62,42,2
2025-08-02T18:00,28.3,28.0,13.0,13.0,5.8,8.05,30,0
2025-08-02T19:00,26.8,26.3,0.0,0.0,6.47,9.01,39,1
2025-08-02T20:00,25.8,25.0,0.0,0.0,7.56,8.8,35,0
2025-08-02T21:00,24.7,24.0,0.0,0.0,6.63,7.91,26,0
2025-08-02T22:00,23.8,23.1,0.0,0.0,5.46,5.79,46,0
2025-08-02T23:00,23.3,22.4,0.0,0.0,4.44,4.69,43,0
2025-08-03T00:00,22.7,22.0,0.0,0.0,3.04,3.02,61,0
2025-08-03T01:00,21.5,20.6,0.0,0.0,0.22,0.6,55,0
2025-08-03T02:00,20.7,20.0,0.0,0.0,2.52,2.26,50,0
2025-08-03T03:00,19.9,19.3,0.0,0.0,3.13,3.26,33,0
2025-08-03T04:00,19.7,19.3,31.0,31.0,3.29,3.82,10,0
2025-08-03T05:00,21.2,21.0,157.0,156.0,3.12,4.02,1,0
2025-08-03T06:00,23.6,23.4,327.0,328.0,3.59,3.55,13,0
2025-08-03T07:00,26.3,26.0,502.0,504.0,1.77,2.08,12,0
2025-08-03T08:00,28.6,28.4,658.0,663.0,1.97,2.38,14,0
2025-08-03T09:00,30.4,30.2,779.0,784.0,2.36,3.17,8,0
2025-08-03T10:00,31.6,31.2,853.0,859.0,2.46,3.21,32,0
2025-08-03T11:00,32.3,32.0,839.0,876.0,2.42,3.08,64,4
2025-08-03T12:00,32.9,32.7,786.0,794.0,2.98,3.19,51,43
2025-08-03T13:00,33.0,33.0,652.0,723.0,3.04,3.46,61,18
2025-08-03T14:00,33.1,33.0,553.0,619.0,2.87,3.25,68,2
2025-08-03T15:00,32.9,32.7,409.0,466.0,3.14,3.34,34,0
2025-08-03T16:00,32.3,32.0,275.0,291.0,3.06,3.25,8,0
2025-08-03T17:00,31.3,31.0,120.0,121.0,3.69,3.28,0,10
2025-08-03T18:00,29.6,29.4,12.0,13.0,3.41,3.85,0,0
2025-08-03T19:00,27.8,27.6,0.0,0.0,4.4,4.35,0,0
2025-08-03T20:00,26.2,26.2,0.0,0.0,7.35,6.39,0,0
2025-08-03T21:00,24.9,24.9,0.0,0.0,9.68,8.1,0,0
2025-08-03T22:00,24.1,24.1,0.0,0.0,7.58,7.75,0,0
2025-08-03T23:00,23.3,23.3,0.0,0.0,5.45,6.39,0,0
2025-08-04T00:00,22.8,22.3,0.0,0.0,5.0,5.55,0,0
2025-08-04T01:00,22.1,21.8,0.0,0.0,2.08,4.12,0,0
2025-08-04T02:00,20.8,20.7,0.0,0.0,0.84,2.36,0,0
2025-08-04T03:00,20.2,20.1,0.0,0.0,1.55,3.52,0,0
2025-08-04T04:00,20.1,20.0,29.0,29.0,2.39,3.58,0,0
2025-08-04T05:00,21.7,21.6,153.0,153.0,2.73,4.34,0,0
2025-08-04T06:00,24.4,24.3,321.0,324.0,4.15,3.64,10,0
2025-08-04T07:00,27.3,27.1,492.0,501.0,2.27,2.76,66,0
2025-08-04T08:00,29.8,29.6,648.0,658.0,2.65,3.04,5,30
2025-08-04T09:00,31.8,31.8,776.0,780.0,2.7,3.28,0,0
2025-08-04T10:00,33.0,33.0,848.0,854.0,2.86,3.72,26,0
2025-08-04T11:00,33.7,33.8,844.0,872.0,2.77,3.53,39,0
2025-08-04T12:00,34.2,34.4,747.0,783.0,3.26,3.45,86,76
2025-08-04T13:00,34.6,34.7,705.0,728.0,2.3,3.15,100,87
2025-08-04T14:00,34.6,34.7,535.0,598.0,2.78,2.91,100,94
2025-08-04T15:00,34.1,34.4,376.0,432.0,2.91,3.02,89,68
2025-08-04T16:00,33.5,33.7,199.0,249.0,2.16,3.28,99,95
2025-08-04T17:00,32.4,32.6,76.0,93.0,3.58,3.63,90,100
2025-08-04T18:00,31.0,30.8,7.0,8.0,5.13,4.44,100,93
2025-08-04T19:00,29.7,29.3,0.0,0.0,7.7,8.28,100,100
2025-08-04T20:00,28.4,28.0,0.0,0.0,8.3,8.77,100,100
2025-08-04T21:00,27.3,27.4,0.0,0.0,8.04,7.68,99,90
2025-08-04T22:00,26.1,26.4,0.0,0.0,7.06,8.12,94,82
2025-08-04T23:00,25.0,25.4,0.0,0.0,6.32,7.03,91,88
2025-08-05T00:00,24.1,23.6,0.0,0.0,6.4,4.83,91,50
2025-08-05T01:00,23.6,22.9,0.0,0.0,4.91,7.02,69,51
2025-08-05T02:00,23.0,22.7,0.0,0.0,6.79,6.35,80,52
2025-08-05T03:00,22.4,22.2,0.0,0.0,5.27,6.18,95,46
2025-08-05T04:00,22.3,22.1,25.0,24.0,5.52,5.42,50,59
2025-08-05T05:00,23.4,22.9,139.0,109.0,4.86,3.43,93,66
2025-08-05T06:00,24.9,24.6,287.0,298.0,2.94,3.23,44,41
2025-08-05T07:00,26.8,26.5,464.0,463.0,3.23,3.65,18,30
2025-08-05T08:00,28.9,28.4,637.0,626.0,4.65,3.84,28,13
2025-08-05T09:00,30.6,30.1,756.0,756.0,4.56,3.33,31,20
2025-08-05T10:00,32.0,31.7,812.0,827.0,4.25,2.94,37,30
2025-08-05T11:00,32.8,32.9,805.0,827.0,3.99,2.46,53,54
2025-08-05T12:00,33.2,33.8,659.0,744.0,3.2,3.14,66,56
2025-08-05T13:00,33.3,33.6,547.0,561.0,3.59,3.8,72,82
2025-08-05T14:00,33.1,33.5,363.0,412.0,3.19,3.57,65,74
2025-08-05T15:00,32.8,33.0,274.0,277.0,3.53,3.83,69,75
2025-08-05T16:00,32.5,30.7,200.0,141.0,4.14,7.41,69,77
2025-08-05T17:00,30.7,30.5,77.0,77.0,5.25,3.05,100,55
2025-08-05T18:00,30.5,30.3,8.0,9.0,2.65,3.86,54,72
2025-08-05T19:00,29.0,28.3,0.0,0.0,0.84,7.07,77,49
2025-08-05T20:00,27.6,27.2,0.0,0.0,4.06,6.27,76,63
2025-08-05T21:00,27.0,26.4,0.0,0.0,5.23,3.74,60,54
2025-08-05T22:00,25.9,25.4,0.0,0.0,3.77,2.75,46,58
2025-08-05T23:00,24.8,24.6,0.0,0.0,3.4,3.4,61,60
2025-08-06T00:00,23.9,23.1,0.0,0.0,1.47,4.84,17,32
2025-08-06T01:00,22.8,22.4,0.0,0.0,3.92,4.61,24,49
2025-08-06T02:00,22.2,21.8,0.0,0.0,5.04,4.49,19,32
2025-08-06T03:00,21.6,21.3,0.0,0.0,4.86,5.13,28,0
2025-08-06T04:00,21.4,21.2,26.0,26.0,5.09,4.8,41,0
2025-08-06T05:00,22.5,22.6,126.0,139.0,4.61,4.06,100,97
2025-08-06T06:00,24.4,24.9,252.0,293.0,3.67,3.1,99,100
2025-08-06T07:00,26.7,26.7,438.0,377.0,1.76,2.59,28,100
2025-08-06T08:00,29.1,28.6,617.0,543.0,2.21,2.46,100,100
2025-08-06T09:00,30.3,30.2,622.0,661.0,2.31,2.38,100,90
2025-08-06T10:00,31.5,31.1,652.0,649.0,2.46,2.55,77,100
2025-08-06T11:00,31.8,31.7,611.0,581.0,2.26,1.69,100,100
2025-08-06T12:00,33.1,33.6,742.0,746.0,2.04,2.39,71,93
2025-08-06T13:00,33.5,33.8,640.0,649.0,2.29,2.1,100,100
2025-08-06T14:00,33.5,33.6,472.0,440.0,3.07,2.31,97,100
2025-08-06T15:00,33.3,33.2,403.0,292.0,3.57,2.07,47,100
2025-08-06T16:00,32.8,32.9,256.0,206.0,4.12,0.9,86,39
2025-08-06T17:00,30.8,30.6,100.0,98.0,7.76,7.73,99,50
2025-08-06T18:00,28.9,29.6,8.0,9.0,8.67,6.04,100,72
2025-08-06T19:00,27.3,28.0,0.0,0.0,9.7,10.59,100,100
2025-08-06T20:00,26.1,26.7,0.0,0.0,8.8,9.87,100,100
2025-08-06T21:00,25.3,25.8,0.0,0.0,8.22,11.34,100,100
2025-08-06T22:00,24.5,24.9,0.0,0.0,9.95,9.93,100,100
2025-08-06T23:00,24.1,24.0,0.0,0.0,9.31,9.13,100,31
2025-08-07T00:00,23.2,23.2,0.0,0.0,9.08,9.73,16,63
2025-08-07T01:00,22.8,22.6,0.0,0.0,8.86,9.73,99,23
2025-08-07T02:00,22.4,22.1,0.0,0.0,8.29,9.54,43,15
2025-08-07T03:00,22.0,21.6,0.0,0.0,8.33,9.16,47,35
2025-08-07T04:00,21.9,21.5,22.0,22.0,7.62,9.7,51,65
2025-08-07T05:00,22.6,22.4,122.0,124.0,7.1,10.69,64,65
2025-08-07T06:00,23.4,22.9,290.0,211.0,8.68,9.95,49,90
2025-08-07T07:00,24.6,23.8,423.0,260.0,7.42,7.98,56,81
2025-08-07T08:00,26.2,25.7,560.0,501.0,8.67,8.87,61,63
2025-08-07T09:00,27.7,27.0,657.0,653.0,7.49,8.19,56,60
2025-08-07T10:00,29.1,28.3,783.0,676.0,6.7,7.19,37,85
2025-08-07T11:00,30.0,29.4,828.0,727.0,6.14,6.2,32,96
2025-08-07T12:00,30.5,31.0,750.0,814.0,5.71,5.65,35,85
2025-08-07T13:00,30.9,31.3,702.0,710.0,5.49,4.84,7,100
2025-08-07T14:00,31.0,31.1,600.0,560.0,5.49,4.97,39,82
2025-08-07T15:00,30.4,30.6,425.0,410.0,6.31,5.4,99,95
2025-08-07T16:00,29.5,29.7,253.0,243.0,6.61,5.85,100,98
2025-08-07T17:00,28.0,28.3,76.0,92.0,7.68,7.15,100,61
2025-08-07T18:00,26.5,26.8,8.0,8.0,8.23,8.02,22,42
2025-08-07T19:00,25.1,25.4,0.0,0.0,9.21,9.29,63,23
2025-08-07T20:00,24.1,24.5,0.0,0.0,9.35,9.35,50,60
2025-08-07T21:00,23.3,24.0,0.0,0.0,9.37,8.51,47,67
2025-08-07T22:00,22.6,23.3,0.0,0.0,9.85,8.78,44,63
2025-08-07T23:00,22.1,22.6,0.0,0.0,9.52,9.43,33,68
2025-08-08T00:00,21.6,22.2,0.0,0.0,9.54,7.54,83,100
2025-08-08T01:00,21.3,22.0,0.0,0.0,9.59,7.1,39,78
2025-08-08T02:00,21.1,21.7,0.0,0.0,9.4,6.67,53,86
2025-08-08T03:00,20.9,21.3,0.0,0.0,8.75,6.47,60,86
2025-08-08T04:00,20.9,21.1,17.0,14.0,7.92,6.22,81,65
2025-08-08T05:00,21.7,21.7,89.0,112.0,6.82,4.84,88,63
2025-08-08T06:00,23.2,23.1,249.0,223.0,5.08,5.8,59,85
2025-08-08T07:00,25.1,24.4,458.0,356.0,4.69,5.26,31,56
2025-08-08T08:00,26.7,25.9,625.0,544.0,4.28,4.26,41,73
2025-08-08T09:00,28.1,27.4,737.0,637.0,2.88,3.63,37,61
2025-08-08T10:00,29.4,28.8,821.0,784.0,2.08,2.48,22,16
2025-08-08T11:00,30.4,29.9,858.0,862.0,1.18,1.33,15,13
2025-08-08T12:00,31.3,31.2,829.0,812.0,0.75,1.58,12,25
2025-08-08T13:00,31.9,31.7,740.0,736.0,0.88,1.67,23,29
2025-08-08T14:00,32.1,31.9,570.0,603.0,2.09,1.88,56,34
2025-08-08T15:00,31.9,31.6,393.0,414.0,1.93,1.77,75,40
2025-08-08T16:00,31.5,31.1,236.0,253.0,1.58,1.53,37,34
2025-08-08T17:00,30.7,30.3,98.0,100.0,0.84,1.8,25,13
2025-08-08T18:00,29.2,29.3,7.0,7.0,2.27,0.98,8,20
2025-08-08T19:00,27.2,27.7,0.0,0.0,3.9,1.57,6,25
2025-08-08T20:00,26.4,25.8,0.0,0.0,3.78,3.25,15,15
2025-08-08T21:00,25.5,25.1,0.0,0.0,3.29,3.9,6,21
2025-08-08T22:00,24.7,24.5,0.0,0.0,2.77,3.69,8,54
2025-08-08T23:00,24.2,24.2,0.0,0.0,2.24,2.24,34,57
2025-08-09T00:00,23.3,24.1,0.0,0.0,2.67,2.83,1,12
2025-08-09T01:00,22.7,23.3,0.0,0.0,2.61,3.06,0,0
2025-08-09T02:00,21.7,22.8,0.0,0.0,1.96,2.39,0,6
2025-08-09T03:00,20.5,21.6,0.0,0.0,1.45,1.9,12,0
2025-08-09T04:00,19.8,21.0,22.0,23.0,1.52,1.27,0,0
2025-08-09T05:00,20.9,21.7,138.0,139.0,1.39,2.07,0,0
2025-08-09T06:00,23.4,24.5,306.0,308.0,2.91,3.24,0,0
2025-08-09T07:00,26.1,27.5,484.0,489.0,1.71,2.36,0,0
2025-08-09T08:00,28.8,29.9,644.0,650.0,2.5,4.37,0,0
2025-08-09T09:00,30.9,31.2,769.0,771.0,3.53,4.87,0,0
2025-08-09T10:00,32.2,32.3,844.0,843.0,3.42,4.17,0,0
2025-08-09T11:00,33.0,33.3,863.0,863.0,3.2,3.68,0,0
2025-08-09T12:00,33.8,34.2,825.0,824.0,2.95,3.6,0,0
2025-08-09T13:00,34.2,34.5,737.0,736.0,2.86,3.46,0,0
2025-08-09T14:00,34.2,34.4,605.0,604.0,2.79,3.22,0,0
2025-08-09T15:00,33.9,34.1,441.0,442.0,2.79,3.19,0,0
2025-08-09T16:00,33.2,33.6,265.0,266.0,2.79,3.41,0,0
2025-08-09T17:00,32.2,32.4,101.0,102.0,3.04,3.54,0,0
2025-08-09T18:00,30.5,30.6,7.0,7.0,3.52,4.63,0,0
2025-08-09T19:00,29.0,29.1,0.0,0.0,3.78,5.14,0,0
2025-08-09T20:00,28.0,28.1,0.0,0.0,3.75,4.83,0,0
2025-08-09T21:00,27.1,27.2,0.0,0.0,3.81,5.21,0,10
2025-08-09T22:00,25.7,26.1,0.0,0.0,5.47,5.07,0,7
2025-08-09T23:00,24.7,25.1,0.0,0.0,4.72,4.19,0,0
2025-08-10T00:00,23.1,24.1,0.0,0.0,1.14,3.92,2,0
2025-08-10T01:00,22.2,23.2,0.0,0.0,1.98,1.71,5,0
2025-08-10T02:00,21.5,22.0,0.0,0.0,3.43,0.98,11,0
2025-08-10T03:00,21.2,21.2,0.0,0.0,4.12,1.88,7,0
2025-08-10T04:00,21.0,20.8,21.0,21.0,4.79,2.86,10,0
2025-08-10T05:00,22.4,22.1,133.0,135.0,5.52,3.31,0,0
2025-08-10T06:00,24.5,24.7,299.0,299.0,3.16,2.48,0,0
2025-08-10T07:00,27.3,27.6,473.0,476.0,1.38,1.33,0,0
2025-08-10T08:00,30.0,30.1,631.0,635.0,1.4,1.08,0,0
2025-08-10T09:00,32.0,32.0,753.0,756.0,1.39,0.9,0,0
2025-08-10T10:00,33.3,33.3,827.0,831.0,1.12,1.31,0,0
2025-08-10T11:00,34.4,34.3,848.0,852.0,0.69,1.48,0,0
2025-08-10T12:00,35.5,35.3,814.0,815.0,0.88,1.01,4,0
2025-08-10T13:00,35.9,35.7,726.0,728.0,0.77,0.9,23,1
2025-08-10T14:00,36.0,35.8,592.0,598.0,0.92,0.88,25,14
2025-08-10T15:00,35.8,35.5,427.0,436.0,1.19,0.75,36,16
2025-08-10T16:00,35.0,35.0,255.0,259.0,1.9,0.71,27,15
2025-08-10T17:00,33.6,33.8,97.0,97.0,3.0,1.92,0,2
2025-08-10T18:00,31.8,31.7,6.0,6.0,3.77,3.44,0,0
2025-08-10T19:00,30.4,30.5,0.0,0.0,3.54,3.43,0,0
2025-08-10T20:00,28.7,28.9,0.0,0.0,4.44,4.41,0,1
2025-08-10T21:00,27.5,28.0,0.0,0.0,8.9,4.61,19,20
2025-08-10T22:00,26.6,26.8,0.0,0.0,7.23,6.37,0,0
2025-08-10T23:00,25.4,25.6,0.0,0.0,7.08,6.92,0,0
2025-08-11T00:00,24.5,24.7,0.0,0.0,5.31,5.31,0,0
2025-08-11T01:00,24.0,24.1,0.0,0.0,3.86,4.65,0,0
2025-08-11T02:00,23.4,23.5,0.0,0.0,4.09,5.17,0,0
2025-08-11T03:00,22.9,23.2,0.0,0.0,4.14,5.64,0,0
2025-08-11T04:00,22.7,23.1,20.0,20.0,4.45,4.42,0,2
2025-08-11T05:00,24.4,24.4,134.0,131.0,4.16,3.88,0,20
2025-08-11T06:00,25.9,25.9,296.0,294.0,6.13,5.45,4,28
2025-08-11T07:00,27.9,28.0,471.0,461.0,6.86,5.78,0,22
2025-08-11T08:00,29.8,29.9,624.0,615.0,6.87,6.48,5,26
2025-08-11T09:00,31.0,31.1,741.0,733.0,6.51,6.27,0,30
2025-08-11T10:00,32.2,31.9,814.0,799.0,6.28,6.17,0,26
2025-08-11T11:00,33.2,32.9,835.0,827.0,6.34,5.8,1,0
2025-08-11T12:00,33.6,33.9,797.0,792.0,6.3,5.75,17,11
2025-08-11T13:00,33.7,34.2,714.0,716.0,6.85,5.94,29,0
2025-08-11T14:00,33.2,33.9,581.0,589.0,8.41,7.27,13,0
2025-08-11T15:00,32.0,33.0,427.0,425.0,9.52,8.6,0,17
2025-08-11T16:00,30.7,31.6,253.0,249.0,10.04,9.42,5,1
2025-08-11T17:00,29.0,29.8,89.0,91.0,10.4,10.17,39,42
2025-08-11T18:00,27.1,27.9,5.0,5.0,10.52,10.41,2,52
2025-08-11T19:00,26.0,26.9,0.0,0.0,10.92,10.42,10,60
2025-08-11T20:00,25.2,26.0,0.0,0.0,11.1,10.33,53,74
2025-08-11T21:00,24.8,25.4,0.0,0.0,11.43,11.05,69,73
2025-08-11T22:00,24.4,24.7,0.0,0.0,10.76,9.46,79,72
2025-08-11T23:00,23.8,24.1,0.0,0.0,9.86,9.26,62,76
2025-08-12T00:00,22.9,23.2,0.0,0.0,9.53,9.61,79,81
2025-08-12T01:00,22.3,22.7,0.0,0.0,8.99,8.86,75,76
2025-08-12T02:00,21.7,22.1,0.0,0.0,8.02,9.01,64,73
2025-08-12T03:00,21.0,21.5,0.0,0.0,8.07,9.03,72,69
2025-08-12T04:00,20.6,21.0,11.0,13.0,8.3,8.99,68,70
2025-08-12T05:00,20.7,21.2,73.0,76.0,7.05,8.37,75,70
2025-08-12T06:00,21.5,21.7,200.0,187.0,7.06,6.46,61,72
2025-08-12T07:00,22.4,22.7,257.0,263.0,6.0,5.78,85,62
2025-08-12T08:00,23.5,24.8,273.0,466.0,6.5,6.91,63,49
2025-08-12T09:00,25.9,26.3,555.0,618.0,6.23,6.23,63,61
2025-08-12T10:00,27.2,27.3,682.0,651.0,5.3,5.21,54,69
2025-08-12T11:00,28.5,28.1,729.0,608.0,4.35,4.66,52,65
2025-08-12T12:00,30.1,30.1,752.0,706.0,3.63,3.88,41,46
2025-08-12T13:00,30.7,30.6,676.0,662.0,3.34,3.45,33,49
2025-08-12T14:00,30.9,30.8,568.0,531.0,3.33,3.44,37,43
2025-08-12T15:00,30.6,30.7,399.0,394.0,3.73,3.72,47,39
2025-08-12T16:00,29.9,30.0,213.0,226.0,4.32,4.02,49,55
2025-08-12T17:00,28.9,29.1,75.0,73.0,5.19,4.31,54,54
2025-08-12T18:00,27.5,26.9,4.0,5.0,7.26,6.43,39,2
2025-08-12T19:00,26.1,25.4,0.0,0.0,8.93,7.3,51,3
2025-08-12T20:00,25.1,24.3,0.0,0.0,8.92,7.4,54,17
2025-08-12T21:00,24.0,23.4,0.0,0.0,8.47,8.57,17,1
2025-08-12T22:00,22.7,22.1,0.0,0.0,6.34,6.7,4,0
2025-08-12T23:00,21.7,21.1,0.0,0.0,5.25,5.29,6,4
2025-08-13T00:00,20.9,20.0,0.0,0.0,5.76,5.49,24,0
2025-08-13T01:00,20.2,19.3,0.0,0.0,5.16,4.99,0,0
2025-08-13T02:00,19.5,18.6,0.0,0.0,3.64,3.7,16,0
2025-08-13T03:00,18.7,17.7,0.0,0.0,3.64,2.87,16,0
2025-08-13T04:00,18.4,17.5,18.0,18.0,4.09,3.09,23,7
2025-08-13T05:00,19.8,18.8,126.0,129.0,4.0,3.54,10,0
2025-08-13T06:00,22.2,21.8,288.0,299.0,3.31,3.55,17,0
2025-08-13T07:00,24.8,24.7,474.0,479.0,2.69,2.2,16,0
2025-08-13T08:00,26.9,26.9,631.0,640.0,3.33,2.76,12,0
2025-08-13T09:00,28.3,28.5,758.0,763.0,3.54,3.43,0,0
2025-08-13T10:00,29.5,29.7,834.0,837.0,3.53,3.55,0,1
2025-08-13T11:00,30.5,30.7,855.0,859.0,3.43,3.56,0,0
2025-08-13T12:00,31.2,31.5,823.0,822.0,3.73,3.44,0,2
2025-08-13T13:00,31.6,31.8,735.0,732.0,4.03,3.64,0,2
2025-08-13T14:00,31.6,31.8,603.0,599.0,4.34,4.02,0,0
2025-08-13T15:00,31.2,31.4,438.0,434.0,4.63,4.51,0,0
2025-08-13T16:00,30.4,30.6,257.0,256.0,4.8,4.9,0,0
2025-08-13T17:00,29.1,29.3,92.0,91.0,5.1,5.4,0,0
2025-08-13T18:00,27.5,27.1,5.0,4.0,5.68,5.24,0,0
2025-08-13T19:00,25.7,25.3,0.0,0.0,7.14,6.02,0,0
2025-08-13T20:00,24.2,23.9,0.0,0.0,8.71,8.26,0,0
2025-08-13T21:00,23.0,22.5,0.0,0.0,8.06,8.31,0,0
2025-08-13T22:00,22.1,21.6,0.0,0.0,6.63,6.47,0,0
2025-08-13T23:00,21.3,20.8,0.0,0.0,5.06,5.01,0,0
2025-08-14T00:00,20.3,19.9,0.0,0.0,2.78,2.98,0,0
2025-08-14T01:00,19.4,18.9,0.0,0.0,2.11,2.08,0,0
2025-08-14T02:00,18.6,18.1,0.0,0.0,2.99,2.81,0,0
2025-08-14T03:00,18.0,17.4,0.0,0.0,3.4,3.86,0,0
2025-08-14T04:00,17.9,17.4,17.0,17.0,3.61,4.1,0,0
2025-08-14T05:00,19.6,19.0,129.0,128.0,3.89,4.21,0,0
2025-08-14T06:00,22.3,22.0,297.0,298.0,4.0,4.29,0,0
2025-08-14T07:00,25.3,24.7,476.0,476.0,2.76,2.87,0,0
2025-08-14T08:00,27.6,26.8,637.0,637.0,3.78,3.96,0,0
2025-08-14T09:00,29.2,28.5,761.0,759.0,4.68,4.54,0,0
2025-08-14T10:00,30.5,29.9,835.0,835.0,5.45,4.94,0,0
2025-08-14T11:00,31.5,31.1,856.0,856.0,5.73,5.42,0,0
2025-08-14T12:00,32.2,31.9,824.0,822.0,5.94,5.38,0,0
2025-08-14T13:00,32.6,32.4,736.0,735.0,6.3,5.4,0,0
2025-08-14T14:00,32.6,32.3,603.0,602.0,6.25,5.39,0,0
2025-08-14T15:00,32.1,31.8,437.0,434.0,6.3,5.29,0,0
2025-08-14T16:00,31.1,31.1,255.0,253.0,5.99,5.49,0,0
2025-08-14T17:00,29.9,29.8,88.0,88.0,6.11,5.96,0,0
2025-08-14T18:00,27.8,27.9,3.0,3.0,8.52,8.28,0,0
2025-08-14T19:00,26.1,26.2,0.0,0.0,10.25,9.95,0,0
2025-08-14T20:00,24.7,24.9,0.0,0.0,8.78,9.33,0,0
2025-08-14T21:00,23.5,23.6,0.0,0.0,7.42,7.99,0,0
2025-08-14T22:00,22.6,22.5,0.0,0.0,5.63,6.64,0,0
2025-08-14T23:00,22.1,21.9,0.0,0.0,2.94,3.8,0,0
2025-08-15T00:00,21.0,20.8,0.0,0.0,0.1,0.84,0,0
2025-08-15T01:00,20.1,20.0,0.0,0.0,1.96,2.18,0,0
2025-08-15T02:00,19.3,19.3,0.0,0.0,3.08,2.88,0,0
2025-08-15T03:00,19.0,18.9,0.0,0.0,3.1,3.27,0,0
2025-08-15T04:00,19.0,18.9,16.0,16.0,2.77,3.35,0,0
2025-08-15T05:00,20.5,20.7,126.0,125.0,2.32,3.55,0,0
2025-08-15T06:00,23.1,23.7,292.0,293.0,2.88,4.17,0,0
2025-08-15T07:00,26.4,26.7,471.0,473.0,2.02,2.01,0,0
2025-08-15T08:00,28.9,29.1,631.0,634.0,3.34,2.72,0,0
2025-08-15T09:00,30.4,30.6,751.0,755.0,3.56,2.6,0,0
2025-08-15T10:00,31.8,31.8,824.0,829.0,3.86,2.6,0,0
2025-08-15T11:00,32.9,32.7,845.0,848.0,4.47,2.85,0,0
2025-08-15T12:00,33.4,33.8,809.0,808.0,2.55,2.98,1,0
2025-08-15T13:00,33.7,34.1,720.0,720.0,2.76,3.29,0,0
2025-08-15T14:00,33.8,34.1,588.0,586.0,2.95,3.78,0,8
2025-08-15T15:00,33.5,33.8,423.0,422.0,3.29,4.25,0,0
2025-08-15T16:00,32.8,33.0,241.0,245.0,4.12,4.71,31,7
2025-08-15T17:00,31.6,31.6,80.0,83.0,4.31,5.4,19,30
2025-08-15T18:00,29.9,29.8,3.0,3.0,3.83,6.25,18,42
2025-08-15T19:00,28.5,28.3,0.0,0.0,3.11,6.76,35,40
2025-08-15T20:00,26.8,26.4,0.0,0.0,6.72,7.84,25,38
2025-08-15T21:00,25.1,25.2,0.0,0.0,7.77,6.31,34,50
2025-08-15T22:00,24.3,24.2,0.0,0.0,6.79,6.04,39,44
2025-08-15T23:00,23.5,23.5,0.0,0.0,5.76,5.52,42,50
2025-08-16T00:00,22.4,22.7,0.0,0.0,4.09,5.53,25,57
2025-08-16T01:00,21.7,22.2,0.0,0.0,4.35,5.7,35,55
2025-08-16T02:00,21.1,21.7,0.0,0.0,4.29,4.65,33,61
2025-08-16T03:00,20.6,21.2,0.0,0.0,3.66,4.04,36,47
2025-08-16T04:00,20.3,20.7,14.0,13.0,3.25,3.71,44,48
2025-08-16T05:00,21.3,21.5,114.0,113.0,3.44,3.69,40,50
2025-08-16T06:00,23.1,23.0,232.0,266.0,2.76,2.54,60,49
2025-08-16T07:00,25.2,25.5,378.0,448.0,2.08,2.67,49,29
2025-08-16T08:00,27.2,27.4,560.0,608.0,2.35,3.27,40,39
2025-08-16T09:00,28.8,28.6,712.0,713.0,2.31,3.04,35,39
2025-08-16T10:00,29.9,29.6,794.0,800.0,1.77,2.37,39,29
2025-08-16T11:00,30.8,30.6,809.0,839.0,1.59,2.26,37,12
2025-08-16T12:00,31.5,31.8,758.0,787.0,1.77,2.48,29,52
2025-08-16T13:00,31.9,32.0,697.0,690.0,1.98,2.7,28,33
2025-08-16T14:00,31.9,32.0,570.0,566.0,2.06,2.48,18,18
2025-08-16T15:00,31.6,31.6,417.0,414.0,2.45,2.65,3,17
2025-08-16T16:00,30.9,30.9,241.0,238.0,2.46,3.16,8,12
2025-08-16T17:00,29.9,29.7,80.0,79.0,2.79,3.94,28,30
2025-08-16T18:00,28.2,28.7,2.0,2.0,4.74,4.16,24,42
2025-08-16T19:00,26.9,27.4,0.0,0.0,4.94,5.25,37,37
2025-08-16T20:00,25.6,26.1,0.0,0.0,5.55,5.88,27,38
2025-08-16T21:00,23.8,24.4,0.0,0.0,8.73,8.25,17,48
2025-08-16T22:00,22.5,23.2,0.0,0.0,8.0,7.15,14,34
2025-08-16T23:00,21.7,22.3,0.0,0.0,7.72,6.5,35,53
2025-08-17T00:00,21.2,21.3,0.0,0.0,5.62,4.97,49,100
2025-08-17T01:00,20.9,21.0,0.0,0.0,3.47,3.42,68,63
2025-08-17T02:00,20.7,20.6,0.0,0.0,2.88,3.07,67,57
2025-08-17T03:00,20.6,20.3,0.0,0.0,2.72,2.96,63,58
2025-08-17T04:00,20.4,20.1,11.0,12.0,2.43,2.56,61,50
2025-08-17T05:00,21.2,21.1,94.0,99.0,2.37,2.54,63,80
2025-08-17T06:00,23.0,22.8,220.0,230.0,1.39,1.27,66,40
2025-08-17T07:00,24.9,25.0,348.0,420.0,1.23,1.18,66,50
2025-08-17T08:00,27.0,27.0,486.0,546.0,1.52,1.53,63,58
2025-08-17T09:00,28.6,28.5,606.0,642.0,1.55,1.98,55,47
2025-08-17T10:00,30.1,29.8,729.0,749.0,1.62,1.83,48,42
2025-08-17T11:00,31.0,30.8,746.0,765.0,1.38,1.67,60,53
2025-08-17T12:00,31.7,31.6,661.0,759.0,1.62,1.31,56,39
2025-08-17T13:00,32.1,32.0,618.0,681.0,1.57,1.18,33,40
2025-08-17T14:00,32.3,32.1,563.0,559.0,1.68,1.29,30,37
2025-08-17T15:00,32.0,31.8,415.0,393.0,1.83,1.12,10,49
2025-08-17T16:00,31.4,31.2,237.0,228.0,1.98,1.83,25,46
2025-08-17T17:00,30.1,30.1,76.0,71.0,3.69,3.02,53,56
2025-08-17T18:00,29.1,28.7,1.0,2.0,4.3,3.86,64,49
2025-08-17T19:00,27.7,27.4,0.0,0.0,5.9,5.27,61,70
2025-08-17T20:00,26.6,26.6,0.0,0.0,5.01,5.02,50,64
2025-08-17T21:00,25.1,25.7,0.0,0.0,6.24,6.26,69,61
2025-08-17T22:00,24.0,24.7,0.0,0.0,5.26,4.23,50,57
2025-08-17T23:00,23.2,23.9,0.0,0.0,5.13,2.29,46,56
2025-08-18T00:00,22.6,22.7,0.0,0.0,1.41,2.72,72,83
2025-08-18T01:00,21.9,22.5,0.0,0.0,1.62,4.04,70,63
2025-08-18T02:00,21.3,22.1,0.0,0.0,3.19,4.59,70,67
2025-08-18T03:00,21.1,21.7,0.0,0.0,8.41,8.25,53,60
2025-08-18T04:00,21.0,21.7,10.0,10.0,8.68,8.6,77,68
2025-08-18T05:00,21.6,22.2,91.0,94.0,7.16,5.49,54,69
2025-08-18T06:00,22.9,22.8,192.0,224.0,5.49,8.46,83,61
2025-08-18T07:00,24.6,23.7,350.0,371.0,6.54,8.75,63,72
2025-08-18T08:00,26.1,24.1,547.0,453.0,6.06,8.43,63,79
2025-08-18T09:00,26.8,24.4,585.0,520.0,5.33,7.85,78,84
2025-08-18T10:00,26.9,24.4,500.0,532.0,5.66,7.67,100,88
2025-08-18T11:00,27.2,24.5,456.0,542.0,5.39,7.81,100,89
2025-08-18T12:00,29.0,23.9,635.0,372.0,5.98,9.54,64,100
2025-08-18T13:00,29.0,22.2,513.0,379.0,7.05,10.06,96,98
2025-08-18T14:00,27.1,20.1,304.0,259.0,8.03,8.61,100,85
2025-08-18T15:00,26.3,20.3,157.0,140.0,7.63,6.61,100,100
2025-08-18T16:00,25.1,21.8,148.0,142.0,7.51,8.27,100,100
2025-08-18T17:00,22.6,21.2,31.0,40.0,9.03,8.1,100,100
2025-08-18T18:00,18.2,17.2,0.0,0.0,8.52,8.76,100,100
2025-08-18T19:00,17.5,16.8,0.0,0.0,9.41,8.02,100,100
2025-08-18T20:00,16.9,17.2,0.0,0.0,8.23,8.63,100,100
2025-08-18T21:00,16.6,17.5,0.0,0.0,6.74,8.32,100,100
2025-08-18T22:00,16.6,17.8,0.0,0.0,6.51,6.69,100,100
2025-08-18T23:00,16.8,17.8,0.0,0.0,7.12,4.41,100,100
2025-08-19T00:00,18.5,16.9,0.0,0.0,7.19,9.27,100,100
2025-08-19T01:00,18.5,16.7,0.0,0.0,5.65,9.55,99,100
2025-08-19T02:00,18.5,16.6,0.0,0.0,4.09,10.01,100,100
2025-08-19T03:00,18.4,16.7,0.0,0.0,2.71,8.08,98,100
2025-08-19T04:00,18.3,16.9,7.0,1.0,2.2,5.32,93,100
2025-08-19T05:00,18.8,16.9,53.0,12.0,3.0,4.0,99,100
2025-08-19T06:00,20.0,15.9,119.0,34.0,2.24,5.7,100,100
2025-08-19T07:00,20.6,16.2,173.0,70.0,3.2,5.02,100,100
2025-08-19T08:00,21.5,16.5,213.0,73.0,3.63,4.98,100,100
2025-08-19T09:00,22.5,17.1,247.0,98.0,3.23,4.19,100,100
2025-08-19T10:00,22.9,17.3,201.0,58.0,2.64,4.21,100,100
2025-08-19T11:00,22.8,17.8,148.0,97.0,2.67,4.37,100,100
2025-08-19T12:00,21.4,19.1,179.0,237.0,3.46,4.7,100,100
2025-08-19T13:00,21.5,19.4,134.0,231.0,3.58,3.98,100,98
2025-08-19T14:00,21.3,19.3,118.0,137.0,3.48,3.61,100,98
2025-08-19T15:00,21.0,19.0,83.0,66.0,3.14,3.76,100,95
2025-08-19T16:00,20.9,18.7,53.0,48.0,2.92,3.88,100,95
2025-08-19T17:00,20.5,18.4,18.0,14.0,3.26,3.46,100,91
2025-08-19T18:00,19.5,18.3,1.0,0.0,2.95,2.81,100,97
2025-08-19T19:00,19.1,18.2,0.0,0.0,3.21,2.55,97,93
2025-08-19T20:00,18.9,18.0,0.0,0.0,2.73,1.31,98,91
2025-08-19T21:00,18.8,17.9,0.0,0.0,2.46,0.92,100,90
2025-08-19T22:00,18.6,17.8,0.0,0.0,1.84,0.71,98,91
2025-08-19T23:00,18.3,17.7,0.0,0.0,1.2,1.36,100,90
2025-08-20T00:00,17.7,18.5,0.0,0.0,3.72,1.19,44,72
2025-08-20T01:00,17.1,18.2,0.0,0.0,3.67,0.63,10,62
2025-08-20T02:00,16.7,17.8,0.0,0.0,2.94,0.97,12,52
2025-08-20T03:00,16.2,17.3,0.0,0.0,2.48,1.27,3,43
2025-08-20T04:00,15.9,17.0,12.0,12.0,2.95,1.67,0,0
2025-08-20T05:00,17.0,18.0,114.0,114.0,3.66,2.29,0,0
2025-08-20T06:00,19.1,19.3,278.0,275.0,4.8,2.05,0,0
2025-08-20T07:00,21.6,21.6,454.0,456.0,3.26,2.45,19,0
2025-08-20T08:00,23.6,23.7,610.0,615.0,3.41,2.38,0,4
2025-08-20T09:00,25.2,25.4,734.0,732.0,3.69,2.45,17,27
2025-08-20T10:00,26.4,26.7,806.0,796.0,4.0,2.95,23,61
2025-08-20T11:00,27.4,27.4,822.0,730.0,4.3,3.19,31,60
2025-08-20T12:00,29.0,27.8,758.0,731.0,5.0,3.75,27,28
2025-08-20T13:00,29.3,28.2,687.0,694.0,4.86,3.57,47,22
2025-08-20T14:00,29.5,28.4,549.0,563.0,4.61,3.33,26,4
2025-08-20T15:00,29.2,28.3,394.0,404.0,4.4,3.59,18,2
2025-08-20T16:00,28.4,27.6,226.0,226.0,4.35,3.78,14,0
2025-08-20T17:00,27.0,26.5,68.0,67.0,4.37,4.09,0,0
2025-08-20T18:00,25.2,24.8,1.0,1.0,4.75,3.8,0,0
2025-08-20T19:00,23.6,23.5,0.0,0.0,5.19,4.44,0,0
2025-08-20T20:00,22.5,22.6,0.0,0.0,5.09,4.7,0,0
2025-08-20T21:00,21.5,21.9,0.0,0.0,4.75,4.21,0,0
2025-08-20T22:00,20.6,21.1,0.0,0.0,4.31,3.74,0,0
2025-08-20T23:00,20.0,20.4,0.0,0.0,5.08,3.38,0,0
2025-08-21T00:00,19.3,19.5,0.0,0.0,4.9,3.64,0,2
2025-08-21T01:00,18.7,19.1,0.0,0.0,3.92,3.53,0,0
2025-08-21T02:00,18.1,18.8,0.0,0.0,3.43,2.5,0,0
2025-08-21T03:00,17.6,18.4,0.0,0.0,3.35,2.46,0,0
2025-08-21T04:00,17.4,17.9,11.0,11.0,2.67,1.98,0,0
2025-08-21T05:00,18.5,19.1,112.0,113.0,1.67,2.06,0,0
2025-08-21T06:00,21.8,21.5,278.0,276.0,1.36,1.69,0,0
2025-08-21T07:00,25.1,24.6,457.0,453.0,1.2,1.18,0,0
2025-08-21T08:00,27.6,27.1,619.0,616.0,1.77,2.2,0,0
2025-08-21T09:00,29.6,28.8,742.0,738.0,2.09,2.2,3,0
2025-08-21T10:00,31.0,30.3,792.0,812.0,2.5,2.26,42,0
2025-08-21T11:00,32.0,31.4,800.0,833.0,2.42,2.57,9,0
2025-08-21T12:00,33.1,33.2,789.0,786.0,2.86,3.08,0,0
2025-08-21T13:00,33.3,33.5,697.0,696.0,2.77,3.13,0,0
2025-08-21T14:00,33.2,33.5,562.0,561.0,2.77,3.13,0,4
2025-08-21T15:00,32.8,33.1,397.0,396.0,2.83,2.91,0,0
2025-08-21T16:00,32.0,32.4,220.0,219.0,2.98,2.75,25,0
2025-08-21T17:00,30.4,30.7,64.0,64.0,3.77,3.35,0,0
2025-08-21T18:00,28.6,28.5,1.0,1.0,4.37,4.52,32,0
2025-08-21T19:00,27.2,27.2,0.0,0.0,4.5,4.0,0,0
2025-08-21T20:00,26.0,25.9,0.0,0.0,5.87,6.31,3,0
2025-08-21T21:00,25.0,25.2,0.0,0.0,7.67,7.63,25,0
2025-08-21T22:00,24.1,24.4,0.0,0.0,8.96,8.68,1,3
2025-08-21T23:00,23.4,23.7,0.0,0.0,9.23,8.36,7,14
2025-08-22T00:00,22.9,23.0,0.0,0.0,8.92,8.53,93,7
2025-08-22T01:00,22.5,22.5,0.0,0.0,7.89,7.69,84,90
2025-08-22T02:00,22.2,22.1,0.0,0.0,6.38,5.8,68,90
2025-08-22T03:00,22.0,21.8,0.0,0.0,4.8,5.09,64,42
2025-08-22T04:00,21.9,21.8,8.0,9.0,4.35,5.2,64,76
2025-08-22T05:00,23.1,23.4,81.0,86.0,4.38,5.54,39,100
2025-08-22T06:00,25.5,25.5,225.0,235.0,4.9,4.44,100,96
2025-08-22T07:00,27.3,28.4,253.0,365.0,3.43,2.91,100,100
2025-08-22T08:00,28.8,30.3,298.0,421.0,4.97,4.93,100,100
2025-08-22T09:00,29.9,30.3,444.0,353.0,4.44,6.99,90,100
2025-08-22T10:00,30.7,31.1,464.0,375.0,5.39,6.61,100,100
2025-08-22T11:00,31.8,32.9,501.0,509.0,4.63,8.44,95,69
2025-08-22T12:00,32.1,32.8,455.0,533.0,4.74,6.18,100,100
2025-08-22T13:00,32.0,33.2,355.0,412.0,6.11,6.66,100,100
2025-08-22T14:00,31.5,33.5,261.0,453.0,7.99,5.96,100,15
2025-08-22T15:00,30.1,32.9,176.0,354.0,6.45,7.63,100,100
2025-08-22T16:00,29.6,29.0,156.0,121.0,7.01,5.28,100,100
2025-08-22T17:00,28.6,28.3,42.0,54.0,7.23,4.71,98,91
2025-08-22T18:00,25.7,26.4,0.0,0.0,6.79,7.34,100,76
2025-08-22T19:00,24.5,25.2,0.0,0.0,6.19,8.01,100,80
2025-08-22T20:00,23.5,24.2,0.0,0.0,9.05,7.46,35,69
2025-08-22T21:00,23.0,22.3,0.0,0.0,10.05,6.7,0,67
2025-08-22T22:00,22.1,21.0,0.0,0.0,9.07,4.3,0,31
2025-08-22T23:00,21.0,20.2,0.0,0.0,8.06,6.91,0,79
2025-08-23T00:00,19.6,20.3,0.0,0.0,8.22,3.6,2,100
2025-08-23T01:00,18.9,19.9,0.0,0.0,7.54,2.24,8,81
2025-08-23T02:00,18.4,19.6,0.0,0.0,4.8,1.25,51,77
2025-08-23T03:00,17.9,19.4,0.0,0.0,2.81,2.55,62,95
2025-08-23T04:00,17.7,19.4,6.0,2.0,1.01,4.83,84,100
2025-08-23T05:00,18.4,19.7,54.0,33.0,1.71,5.3,84,96
2025-08-23T06:00,19.1,20.3,102.0,143.0,2.08,5.8,87,85
2025-08-23T07:00,20.0,20.9,163.0,234.0,3.61,5.39,98,86
2025-08-23T08:00,20.5,21.0,151.0,281.0,3.97,5.11,81,87
2025-08-23T09:00,22.0,20.9,360.0,270.0,3.33,4.13,87,97
2025-08-23T10:00,23.1,20.4,412.0,128.0,3.68,3.21,91,98
2025-08-23T11:00,23.4,20.6,408.0,121.0,3.78,2.84,93,100
2025-08-23T12:00,23.9,22.3,320.0,194.0,3.59,2.39,98,94
2025-08-23T13:00,25.0,23.5,446.0,286.0,2.81,2.33,100,100
2025-08-23T14:00,25.7,23.8,420.0,230.0,2.79,2.47,100,100
2025-08-23T15:00,25.4,23.8,265.0,213.0,3.0,3.9,100,100
2025-08-23T16:00,24.8,22.6,122.0,142.0,3.26,3.75,100,100
2025-08-23T17:00,23.9,21.5,34.0,47.0,4.08,3.23,100,95
2025-08-23T18:00,23.3,22.7,0.0,0.0,6.97,4.54,76,96
2025-08-23T19:00,21.9,22.2,0.0,0.0,6.82,4.75,76,100
2025-08-23T20:00,20.8,21.7,0.0,0.0,7.04,5.59,66,94
2025-08-23T21:00,19.7,21.2,0.0,0.0,6.95,5.61,61,82
2025-08-23T22:00,18.8,20.5,0.0,0.0,7.46,6.39,64,73
2025-08-23T23:00,18.1,20.1,0.0,0.0,6.99,6.14,58,66
2025-08-24T00:00,16.1,18.3,0.0,0.0,6.32,3.85,74,59
2025-08-24T01:00,15.8,17.7,0.0,0.0,3.93,3.77,61,79
2025-08-24T02:00,15.4,17.4,0.0,0.0,3.15,3.14,69,69
2025-08-24T03:00,14.5,16.7,0.0,0.0,1.8,2.52,30,55
2025-08-24T04:00,14.1,16.4,8.0,8.0,2.23,2.23,35,62
2025-08-24T05:00,15.8,17.4,100.0,95.0,0.44,2.36,31,42
2025-08-24T06:00,19.0,19.8,234.0,267.0,1.8,2.46,59,27
2025-08-24T07:00,21.3,22.3,402.0,442.0,1.89,1.36,41,25
2025-08-24T08:00,23.2,24.2,559.0,603.0,2.75,1.32,47,29
2025-08-24T09:00,24.5,25.5,596.0,689.0,6.6,1.55,67,62
2025-08-24T10:00,25.6,26.4,694.0,692.0,6.59,3.93,57,76
2025-08-24T11:00,26.4,27.0,717.0,646.0,8.19,5.79,91,70
2025-08-24T12:00,27.1,27.0,780.0,695.0,8.03,7.33,15,42
2025-08-24T13:00,27.3,27.2,686.0,634.0,8.05,7.56,65,11
2025-08-24T14:00,27.0,27.3,525.0,559.0,6.73,7.81,75,5
2025-08-24T15:00,26.4,26.7,358.0,398.0,7.23,7.34,34,2
2025-08-24T16:00,25.5,25.8,202.0,218.0,6.61,7.21,33,0
2025-08-24T17:00,23.0,23.8,56.0,58.0,7.19,7.0,12,0
2025-08-24T18:00,21.3,21.2,0.0,0.0,9.11,8.52,30,3
2025-08-24T19:00,19.6,19.5,0.0,0.0,9.19,8.67,3,20
2025-08-24T20:00,18.0,18.3,0.0,0.0,9.22,8.95,20,27
2025-08-24T21:00,17.1,17.3,0.0,0.0,10.76,10.08,0,25
2025-08-24T22:00,16.5,16.0,0.0,0.0,11.71,8.82,0,17
2025-08-24T23:00,15.4,15.0,0.0,0.0,9.51,8.92,6,12
2025-08-25T00:00,13.8,12.9,0.0,0.0,8.53,9.34,12,93
2025-08-25T01:00,13.3,12.5,0.0,0.0,8.63,9.02,48,95
2025-08-25T02:00,12.8,12.0,0.0,0.0,8.53,8.24,96,100
2025-08-25T03:00,12.4,11.5,0.0,0.0,7.27,6.98,100,93
2025-08-25T04:00,12.3,10.9,7.0,7.0,5.29,5.49,100,92
2025-08-25T05:00,13.1,12.2,76.0,102.0,4.7,4.32,74,0
2025-08-25T06:00,15.3,14.8,166.0,243.0,4.4,4.16,83,35
2025-08-25T07:00,16.8,17.7,277.0,440.0,3.92,3.06,83,17
2025-08-25T08:00,18.6,20.0,399.0,614.0,3.92,3.79,57,0
2025-08-25T09:00,20.6,21.9,599.0,740.0,4.54,3.94,80,0
2025-08-25T10:00,22.4,23.4,681.0,816.0,3.83,3.47,44,0
2025-08-25T11:00,23.6,24.6,767.0,836.0,3.22,2.91,58,7
2025-08-25T12:00,24.1,24.8,664.0,772.0,2.16,2.95,49,31
2025-08-25T13:00,24.6,25.3,596.0,678.0,2.22,2.88,73,12
2025-08-25T14:00,24.8,25.1,451.0,546.0,2.51,3.46,73,29
2025-08-25T15:00,24.6,24.6,342.0,375.0,2.23,3.26,56,37
2025-08-25T16:00,24.0,23.7,193.0,198.0,2.38,3.16,31,25
2025-08-25T17:00,22.6,21.7,51.0,52.0,2.81,3.42,32,14
2025-08-25T18:00,20.7,20.2,0.0,0.0,4.16,4.3,2,0
2025-08-25T19:00,19.0,18.8,0.0,0.0,5.49,3.68,0,3
2025-08-25T20:00,17.9,17.2,0.0,0.0,5.09,4.91,2,0
2025-08-25T21:00,17.0,16.5,0.0,0.0,3.61,3.68,24,2
2025-08-25T22:00,16.4,15.7,0.0,0.0,2.37,3.29,46,20
2025-08-25T23:00,15.9,15.1,0.0,0.0,1.67,3.19,37,36
2025-08-26T00:00,15.6,14.2,0.0,0.0,0.49,1.77,32,29
2025-08-26T01:00,14.5,13.8,0.0,0.0,0.5,0.9,9,45
2025-08-26T02:00,13.9,13.5,0.0,0.0,1.28,0.98,0,50
2025-08-26T03:00,13.1,13.3,0.0,0.0,2.04,1.47,5,46
2025-08-26T04:00,12.6,12.6,7.0,6.0,1.33,1.67,0,46
2025-08-26T05:00,13.5,13.9,103.0,99.0,1.06,1.61,0,19
2025-08-26T06:00,16.6,17.1,269.0,272.0,1.88,1.08,0,0
2025-08-26T07:00,20.2,19.9,452.0,452.0,0.79,1.08,0,0
2025-08-26T08:00,22.7,22.1,617.0,616.0,2.1,2.01,3,0
2025-08-26T09:00,24.5,24.1,742.0,740.0,2.87,2.77,5,0
2025-08-26T10:00,25.6,25.6,813.0,815.0,3.04,3.43,28,6
2025-08-26T11:00,26.4,26.4,825.0,833.0,3.09,3.37,50,7
2025-08-26T12:00,27.4,27.1,785.0,785.0,2.76,2.59,99,30
2025-08-26T13:00,27.5,27.4,670.0,688.0,2.65,2.54,99,18
2025-08-26T14:00,27.4,27.3,544.0,555.0,2.35,2.34,16,15
2025-08-26T15:00,27.0,27.0,379.0,386.0,2.29,2.22,20,17
2025-08-26T16:00,26.2,26.2,200.0,205.0,2.11,2.55,67,5
2025-08-26T17:00,24.7,24.4,49.0,50.0,2.19,3.38,28,0
2025-08-26T18:00,23.3,22.7,0.0,0.0,2.01,3.53,0,7
2025-08-26T19:00,22.0,21.6,0.0,0.0,1.39,3.07,0,38
2025-08-26T20:00,20.9,20.6,0.0,0.0,0.97,2.11,0,0
2025-08-26T21:00,19.9,19.5,0.0,0.0,0.92,0.98,0,0
2025-08-26T22:00,19.1,18.4,0.0,0.0,0.96,0.69,0,0
2025-08-26T23:00,18.4,17.1,0.0,0.0,0.75,0.31,0,0
2025-08-27T00:00,15.5,16.3,0.0,0.0,1.18,3.18,0,0
2025-08-27T01:00,14.3,15.0,0.0,0.0,1.97,1.06,0,0
2025-08-27T02:00,13.4,14.1,0.0,0.0,1.06,0.42,0,0
2025-08-27T03:00,12.4,13.5,0.0,0.0,0.89,0.44,0,0
2025-08-27T04:00,12.2,13.0,7.0,7.0,0.98,0.97,0,0
2025-08-27T05:00,13.4,14.1,102.0,101.0,0.88,1.45,0,0
2025-08-27T06:00,17.9,17.7,269.0,268.0,0.14,0.49,0,0
2025-08-27T07:00,21.9,22.0,449.0,450.0,0.44,0.49,0,0
2025-08-27T08:00,25.0,25.1,613.0,617.0,0.42,0.2,0,0
2025-08-27T09:00,26.9,26.9,739.0,743.0,1.41,0.4,0,0
2025-08-27T10:00,27.9,27.8,813.0,813.0,1.45,0.28,0,0
2025-08-27T11:00,28.7,28.7,827.0,829.0,1.18,0.39,2,12
2025-08-27T12:00,29.2,29.5,788.0,779.0,1.52,0.96,0,50
2025-08-27T13:00,29.4,29.4,693.0,617.0,1.47,1.14,0,86
2025-08-27T14:00,29.3,29.5,553.0,528.0,1.37,1.46,0,3
2025-08-27T15:00,28.9,29.1,384.0,383.0,1.48,1.92,2,0
2025-08-27T16:00,28.1,28.2,201.0,201.0,1.74,2.31,9,0
2025-08-27T17:00,26.1,26.3,48.0,47.0,1.88,2.21,0,0
2025-08-27T18:00,24.9,25.1,0.0,0.0,1.77,2.08,0,0
2025-08-27T19:00,22.8,23.4,0.0,0.0,4.31,2.84,0,0
2025-08-27T20:00,21.2,21.0,0.0,0.0,9.01,9.58,6,0
2025-08-27T21:00,19.9,19.6,0.0,0.0,10.6,10.63,0,0
2025-08-27T22:00,19.0,19.0,0.0,0.0,9.32,9.16,0,0
2025-08-27T23:00,18.2,18.3,0.0,0.0,8.17,7.29,5,0
2025-08-28T00:00,17.0,17.1,0.0,0.0,4.99,4.77,0,0
2025-08-28T01:00,15.8,15.9,0.0,0.0,2.88,2.69,0,0
2025-08-28T02:00,15.0,15.2,0.0,0.0,2.18,2.57,0,0
2025-08-28T03:00,14.3,14.5,0.0,0.0,1.86,2.24,0,0
2025-08-28T04:00,13.9,14.2,6.0,5.0,2.05,2.23,0,0
2025-08-28T05:00,15.3,15.6,94.0,95.0,2.72,2.65,0,0
2025-08-28T06:00,18.4,18.7,257.0,258.0,4.17,3.99,0,0
2025-08-28T07:00,22.0,22.2,438.0,439.0,2.61,2.02,0,0
2025-08-28T08:00,25.0,25.1,602.0,603.0,3.17,2.5,0,0
2025-08-28T09:00,26.8,26.9,727.0,727.0,3.97,3.59,0,0
2025-08-28T10:00,28.0,28.1,801.0,801.0,4.09,4.03,0,0
2025-08-28T11:00,28.9,28.9,820.0,820.0,4.78,4.25,0,0
2025-08-28T12:00,29.6,29.4,780.0,784.0,5.43,4.78,0,0
2025-08-28T13:00,29.6,29.6,684.0,692.0,5.35,4.59,0,0
2025-08-28T14:00,29.5,29.5,547.0,555.0,5.39,4.37,0,0
2025-08-28T15:00,28.9,28.8,381.0,381.0,5.09,4.06,0,0
2025-08-28T16:00,27.7,27.8,195.0,194.0,5.18,4.4,0,4
2025-08-28T17:00,26.0,26.1,43.0,42.0,6.98,5.88,0,3
2025-08-28T18:00,24.5,24.5,0.0,0.0,11.72,10.34,2,0
2025-08-28T19:00,23.1,23.3,0.0,0.0,11.75,12.71,2,0
2025-08-28T20:00,21.8,22.3,0.0,0.0,10.62,11.23,0,23
2025-08-28T21:00,20.5,21.1,0.0,0.0,9.57,10.04,0,0
2025-08-28T22:00,19.4,19.9,0.0,0.0,7.94,8.51,0,0
2025-08-28T23:00,18.4,18.9,0.0,0.0,7.01,7.29,0,0
2025-08-29T00:00,17.2,17.5,0.0,0.0,5.89,5.83,0,0
2025-08-29T01:00,16.1,16.3,0.0,0.0,5.35,4.66,0,0
2025-08-29T02:00,15.1,15.1,0.0,0.0,4.9,4.22,0,0
2025-08-29T03:00,14.4,14.3,0.0,0.0,5.17,4.41,0,0
2025-08-29T04:00,14.1,13.8,5.0,5.0,5.69,4.46,0,2
2025-08-29T05:00,15.5,15.2,94.0,94.0,5.48,4.78,0,0
2025-08-29T06:00,18.3,18.3,258.0,258.0,5.4,4.87,0,0
2025-08-29T07:00,21.4,21.6,437.0,437.0,3.59,3.1,0,0
2025-08-29T08:00,24.0,24.2,598.0,599.0,3.63,3.24,0,0
2025-08-29T09:00,26.1,26.4,720.0,723.0,3.54,3.6,0,0
2025-08-29T10:00,28.1,28.4,796.0,800.0,3.56,3.78,0,0
2025-08-29T11:00,29.4,29.9,816.0,820.0,3.69,3.4,0,0
2025-08-29T12:00,30.3,30.7,774.0,780.0,3.37,3.57,0,0
2025-08-29T13:00,30.7,31.0,682.0,686.0,3.26,3.83,0,0
2025-08-29T14:00,30.7,30.9,542.0,543.0,3.24,3.73,0,0
2025-08-29T15:00,30.3,30.6,371.0,371.0,3.43,3.6,0,0
2025-08-29T16:00,29.6,29.9,189.0,190.0,3.35,3.55,0,0
2025-08-29T17:00,27.6,27.8,41.0,40.0,3.82,4.4,0,0
2025-08-29T18:00,25.9,26.0,0.0,0.0,5.69,7.66,0,1
2025-08-29T19:00,24.5,24.8,0.0,0.0,8.05,9.72,0,0
2025-08-29T20:00,23.5,23.2,0.0,0.0,10.69,9.64,0,0
2025-08-29T21:00,22.6,22.7,0.0,0.0,8.81,8.46,5,0
2025-08-29T22:00,21.9,21.7,0.0,0.0,7.64,7.11,1,0
2025-08-29T23:00,21.1,20.8,0.0,0.0,6.18,5.98,0,0
2025-08-30T00:00,20.5,19.9,0.0,0.0,3.78,3.86,0,0
2025-08-30T01:00,19.2,18.5,0.0,0.0,2.2,1.94,0,0
2025-08-30T02:00,18.2,17.4,0.0,0.0,2.67,1.21,0,0
2025-08-30T03:00,17.4,16.7,0.0,0.0,3.86,1.98,0,0
2025-08-30T04:00,17.0,16.2,4.0,4.0,4.4,3.28,0,0
2025-08-30T05:00,18.3,17.6,89.0,89.0,4.75,4.0,0,0
2025-08-30T06:00,20.7,20.8,249.0,252.0,4.45,4.42,0,0
2025-08-30T07:00,23.9,24.4,426.0,429.0,2.4,2.77,0,0
2025-08-30T08:00,26.8,27.4,584.0,591.0,2.55,2.47,0,0
2025-08-30T09:00,29.1,29.9,706.0,714.0,2.37,2.77,0,0
2025-08-30T10:00,30.9,31.6,780.0,787.0,2.68,3.12,0,0
2025-08-30T11:00,32.1,32.7,798.0,804.0,2.72,3.26,0,0
2025-08-30T12:00,33.2,33.4,760.0,763.0,2.84,3.19,0,0
2025-08-30T13:00,33.6,33.7,667.0,671.0,2.77,2.94,0,0
2025-08-30T14:00,33.6,33.7,531.0,534.0,2.72,2.99,0,0
2025-08-30T15:00,33.2,33.3,363.0,365.0,2.23,2.85,0,0
2025-08-30T16:00,32.4,32.5,183.0,184.0,2.61,2.69,0,0
2025-08-30T17:00,30.3,30.2,38.0,38.0,4.22,4.22,0,0
2025-08-30T18:00,28.8,28.2,0.0,0.0,8.71,6.68,25,0
2025-08-30T19:00,27.8,26.9,0.0,0.0,12.22,10.51,22,0
2025-08-30T20:00,26.5,25.7,0.0,0.0,11.28,9.6,0,1
2025-08-30T21:00,25.3,24.4,0.0,0.0,9.65,8.07,11,12
2025-08-30T22:00,24.2,23.2,0.0,0.0,9.08,6.9,3,0
2025-08-30T23:00,23.3,22.2,0.0,0.0,8.26,6.21,0,0
2025-08-31T00:00,22.0,22.0,0.0,0.0,6.03,5.27,87,62
2025-08-31T01:00,21.4,21.1,0.0,0.0,3.95,4.08,96,56
2025-08-31T02:00,20.8,20.3,0.0,0.0,3.83,5.23,23,42
2025-08-31T03:00,20.0,19.6,0.0,0.0,4.72,5.88,35,44
2025-08-31T04:00,19.5,19.1,4.0,3.0,4.22,4.84,42,51
2025-08-31T05:00,20.1,19.6,75.0,76.0,3.82,6.21,100,49
2025-08-31T06:00,20.7,21.5,132.0,184.0,1.21,2.75,100,64
2025-08-31T07:00,22.0,23.1,229.0,298.0,3.57,4.57,100,94
2025-08-31T08:00,23.6,24.2,270.0,369.0,10.35,8.54,100,100
2025-08-31T09:00,20.2,23.6,157.0,263.0,8.08,6.31,100,100
2025-08-31T10:00,20.8,24.4,188.0,330.0,7.49,1.53,100,68
2025-08-31T11:00,22.5,26.7,310.0,658.0,5.99,3.69,88,100
2025-08-31T12:00,24.0,25.6,481.0,450.0,6.49,4.29,100,100
2025-08-31T13:00,23.9,26.9,314.0,550.0,6.51,4.04,100,100
2025-08-31T14:00,24.0,26.2,359.0,333.0,6.37,4.61,100,100
2025-08-31T15:00,23.7,24.9,195.0,275.0,7.01,6.28,100,100
2025-08-31T16:00,22.4,23.6,93.0,139.0,7.44,5.6,100,100
2025-08-31T17:00,20.9,22.7,20.0,31.0,6.14,5.29,100,100
2025-08-31T18:00,20.9,21.5,0.0,0.0,7.57,5.92,94,100
2025-08-31T19:00,20.3,20.8,0.0,0.0,8.98,7.02,17,93
2025-08-31T20:00,19.7,20.3,0.0,0.0,9.23,7.55,22,100
2025-08-31T21:00,19.2,19.9,0.0,0.0,9.33,6.92,34,94
2025-08-31T22:00,19.0,19.6,0.0,0.0,9.17,8.06,52,100
2025-08-31T23:00,18.8,19.4,0.0,0.0,9.06,7.55,48,70
2025-09-01T00:00,18.7,19.0,0.0,0.0,8.68,8.22,94,84
2025-09-01T01:00,18.3,18.6,0.0,0.0,8.61,7.53,53,60
2025-09-01T02:00,18.0,18.2,0.0,0.0,8.4,7.88,46,60
2025-09-01T03:00,17.5,17.9,0.0,0.0,7.96,7.75,61,96
2025-09-01T04:00,17.2,18.0,3.0,2.0,7.72,7.02,53,81
2025-09-01T05:00,17.5,18.4,76.0,59.0,7.44,7.19,53,74
2025-09-01T06:00,19.0,19.6,242.0,192.0,6.25,5.54,11,51
2025-09-01T07:00,21.3,21.6,414.0,381.0,5.74,4.68,9,44
2025-09-01T08:00,23.5,23.8,562.0,551.0,4.56,4.35,38,34
2025-09-01T09:00,25.6,25.8,676.0,670.0,4.54,4.22,22,18
2025-09-01T10:00,27.2,27.4,735.0,748.0,4.41,4.5,65,44
2025-09-01T11:00,28.3,28.4,604.0,676.0,4.03,4.71,48,36
2025-09-01T12:00,28.9,28.9,617.0,625.0,4.61,3.83,66,69
2025-09-01T13:00,29.4,28.8,517.0,397.0,4.23,3.94,82,75
2025-09-01T14:00,29.1,29.0,327.0,326.0,4.85,3.38,86,89
2025-09-01T15:00,28.9,28.7,208.0,230.0,4.4,3.42,89,62
2025-09-01T16:00,28.4,28.3,101.0,134.0,4.19,3.11,63,49
2025-09-01T17:00,27.2,27.0,22.0,29.0,4.3,2.91,34,18
2025-09-01T18:00,25.4,26.2,0.0,0.0,8.72,5.0,38,45
2025-09-01T19:00,24.6,24.7,0.0,0.0,7.76,4.17,84,20
2025-09-01T20:00,23.7,23.8,0.0,0.0,6.22,4.13,15,2
2025-09-01T21:00,22.6,23.3,0.0,0.0,4.56,4.3,0,0
2025-09-01T22:00,21.7,22.6,0.0,0.0,3.43,3.95,0,3
2025-09-01T23:00,21.1,21.8,0.0,0.0,2.35,3.64,0,28
2025-09-02T00:00,20.5,21.3,0.0,0.0,1.58,3.82,0,1
2025-09-02T01:00,20.2,20.8,0.0,0.0,1.77,4.43,1,3
2025-09-02T02:00,19.6,20.3,0.0,0.0,2.36,4.56,1,3
2025-09-02T03:00,19.1,19.9,0.0,0.0,2.61,4.12,4,0
2025-09-02T04:00,18.6,19.4,3.0,3.0,3.07,3.37,10,5
2025-09-02T05:00,19.4,19.8,81.0,82.0,3.2,3.13,2,0
2025-09-02T06:00,21.8,22.0,236.0,236.0,3.9,3.24,26,20
2025-09-02T07:00,24.7,25.0,403.0,406.0,2.45,1.87,24,20
2025-09-02T08:00,27.3,27.9,566.0,555.0,2.36,0.98,8,24
2025-09-02T09:00,29.2,30.1,692.0,687.0,1.67,0.57,0,26
2025-09-02T10:00,30.5,31.3,759.0,729.0,1.25,0.22,39,29
2025-09-02T11:00,31.4,32.0,751.0,688.0,1.53,0.35,53,65
2025-09-02T12:00,32.4,32.6,649.0,667.0,1.39,0.84,60,57
2025-09-02T13:00,32.7,33.0,555.0,578.0,1.47,0.92,66,58
2025-09-02T14:00,32.6,32.9,402.0,430.0,1.45,1.01,55,55
2025-09-02T15:00,32.2,32.6,262.0,283.0,1.25,1.1,57,47
2025-09-02T16:00,31.5,32.0,122.0,140.0,1.41,1.31,59,39
2025-09-02T17:00,30.0,30.3,24.0,25.0,2.15,2.35,55,46
2025-09-02T18:00,28.8,28.1,0.0,0.0,1.76,3.41,43,25
2025-09-02T19:00,27.2,26.8,0.0,0.0,3.09,3.82,41,36
2025-09-02T20:00,26.3,25.8,0.0,0.0,2.98,3.68,46,22
2025-09-02T21:00,25.2,24.9,0.0,0.0,2.46,3.26,37,11
2025-09-02T22:00,24.2,24.0,0.0,0.0,3.35,2.85,21,2
2025-09-02T23:00,23.8,23.2,0.0,0.0,3.26,3.23,0,0
2025-09-03T00:00,22.5,22.5,0.0,0.0,3.82,3.61,1,7
2025-09-03T01:00,21.6,21.9,0.0,0.0,4.26,3.73,0,23
2025-09-03T02:00,21.3,21.4,0.0,0.0,5.02,4.5,0,22
2025-09-03T03:00,20.7,21.1,0.0,0.0,4.8,4.96,0,10
2025-09-03T04:00,20.2,20.7,3.0,3.0,5.64,4.68,2,8
2025-09-03T05:00,21.2,21.3,80.0,81.0,5.89,4.86,2,1
2025-09-03T06:00,23.7,23.8,236.0,238.0,4.85,4.78,5,0
2025-09-03T07:00,26.3,26.3,409.0,412.0,2.39,2.71,3,0
2025-09-03T08:00,28.8,28.5,566.0,568.0,3.0,3.27,0,0
2025-09-03T09:00,30.9,30.4,688.0,688.0,2.55,2.85,0,0
2025-09-03T10:00,32.5,32.0,760.0,759.0,2.11,2.45,0,10
2025-09-03T11:00,33.5,33.0,769.0,751.0,2.29,2.29,1,41
2025-09-03T12:00,34.1,33.9,614.0,660.0,2.18,2.35,62,34
2025-09-03T13:00,34.2,34.1,531.0,583.0,2.52,2.84,56,34
2025-09-03T14:00,34.0,33.8,424.0,489.0,2.95,3.63,55,20
2025-09-03T15:00,33.5,33.3,280.0,327.0,3.4,3.82,47,12
2025-09-03T16:00,32.6,32.3,142.0,160.0,4.22,4.9,23,2
2025-09-03T17:00,30.4,30.2,25.0,26.0,5.73,6.48,7,2
2025-09-03T18:00,28.7,28.8,0.0,0.0,6.27,7.97,7,0
2025-09-03T19:00,27.3,27.1,0.0,0.0,9.61,11.69,10,7
2025-09-03T20:00,25.5,25.7,0.0,0.0,9.3,9.34,4,7
2025-09-03T21:00,24.5,24.5,0.0,0.0,7.55,7.81,3,5
2025-09-03T22:00,23.7,23.7,0.0,0.0,5.86,6.63,20,1
2025-09-03T23:00,22.9,22.8,0.0,0.0,4.7,4.57,50,7
2025-09-04T00:00,21.9,22.1,0.0,0.0,4.35,3.61,52,38
2025-09-04T01:00,21.1,21.4,0.0,0.0,5.84,5.7,66,7
2025-09-04T02:00,20.6,20.8,0.0,0.0,6.14,5.64,100,5
2025-09-04T03:00,19.9,20.3,0.0,0.0,6.19,5.63,100,8
2025-09-04T04:00,19.5,19.9,2.0,2.0,6.43,5.89,100,21
2025-09-04T05:00,20.3,20.7,75.0,76.0,6.41,5.79,100,22
2025-09-04T06:00,22.2,22.9,231.0,228.0,4.82,4.82,25,49
2025-09-04T07:00,24.8,25.5,406.0,406.0,3.38,3.08,36,18
2025-09-04T08:00,27.2,28.0,565.0,570.0,4.06,3.94,67,10
2025-09-04T09:00,28.8,29.4,675.0,693.0,4.25,4.09,95,62
2025-09-04T10:00,29.9,30.6,732.0,759.0,4.55,4.19,100,52
2025-09-04T11:00,30.9,31.5,753.0,779.0,5.02,4.61,92,53
2025-09-04T12:00,31.9,31.7,729.0,704.0,5.42,5.46,86,77
2025-09-04T13:00,31.9,31.9,634.0,628.0,5.55,5.46,48,53
2025-09-04T14:00,31.8,31.8,499.0,498.0,5.79,5.73,53,50
2025-09-04T15:00,31.1,31.2,332.0,331.0,5.95,6.04,82,51
2025-09-04T16:00,30.0,30.1,154.0,157.0,5.88,6.3,94,66
2025-09-04T17:00,27.9,28.0,24.0,24.0,6.44,7.2,100,73
2025-09-04T18:00,26.4,26.1,0.0,0.0,9.36,8.03,69,88
2025-09-04T19:00,24.8,24.6,0.0,0.0,10.44,8.18,79,95
2025-09-04T20:00,23.3,23.1,0.0,0.0,9.33,8.14,74,100
2025-09-04T21:00,22.1,21.9,0.0,0.0,7.58,7.21,29,55
2025-09-04T22:00,21.1,21.0,0.0,0.0,5.06,5.37,33,50
2025-09-04T23:00,20.0,20.1,0.0,0.0,4.41,4.34,64,83
2025-09-05T00:00,19.4,19.3,0.0,0.0,4.82,4.17,72,100
2025-09-05T01:00,18.5,18.6,0.0,0.0,5.22,4.62,71,100
2025-09-05T02:00,17.8,18.0,0.0,0.0,5.33,4.7,35,100
2025-09-05T03:00,17.2,17.5,0.0,0.0,6.25,5.33,29,98
2025-09-05T04:00,16.6,16.8,2.0,2.0,6.35,5.76,0,72
2025-09-05T05:00,17.5,17.6,79.0,77.0,6.8,5.86,0,91
2025-09-05T06:00,20.0,20.0,240.0,234.0,6.23,4.92,0,55
2025-09-05T07:00,23.1,23.1,419.0,410.0,2.75,1.71,0,100
2025-09-05T08:00,25.9,25.7,582.0,570.0,4.44,2.99,0,89
2025-09-05T09:00,27.8,27.4,705.0,683.0,4.88,3.97,7,97
2025-09-05T10:00,29.2,28.7,775.0,748.0,5.21,4.46,22,100
2025-09-05T11:00,30.1,29.6,785.0,738.0,4.96,4.67,48,100
2025-09-05T12:00,30.8,30.1,739.0,700.0,4.59,5.28,35,89
2025-09-05T13:00,31.0,30.3,642.0,617.0,4.43,5.06,9,95
2025-09-05T14:00,30.9,30.1,503.0,480.0,4.31,4.52,3,60
2025-09-05T15:00,30.4,29.5,331.0,325.0,4.31,4.21,7,83
2025-09-05T16:00,29.5,28.6,154.0,143.0,4.31,3.72,0,88
2025-09-05T17:00,27.4,27.1,23.0,21.0,4.43,1.64,0,100
2025-09-05T18:00,25.6,25.5,0.0,0.0,5.18,4.09,22,100
2025-09-05T19:00,23.8,23.8,0.0,0.0,6.18,5.85,2,95
2025-09-05T20:00,22.6,22.6,0.0,0.0,6.58,7.23,0,70
2025-09-05T21:00,21.6,21.7,0.0,0.0,6.09,6.41,0,6
2025-09-05T22:00,20.8,20.7,0.0,0.0,4.9,4.82,34,11
2025-09-05T23:00,19.5,19.4,0.0,0.0,1.79,2.15,75,88
2025-09-06T00:00,18.5,18.5,0.0,0.0,2.38,2.16,100,100
2025-09-06T01:00,17.9,17.9,0.0,0.0,2.61,2.46,100,100
2025-09-06T02:00,17.4,17.4,0.0,0.0,2.79,2.97,100,100
2025-09-06T03:00,16.9,16.9,0.0,0.0,3.06,3.34,100,100
2025-09-06T04:00,16.5,16.5,2.0,2.0,3.14,3.53,100,100
2025-09-06T05:00,17.3,17.4,67.0,69.0,2.66,3.14,100,100
2025-09-06T06:00,19.1,19.4,199.0,227.0,2.61,2.36,100,9
2025-09-06T07:00,22.2,22.5,363.0,403.0,1.1,1.0,100,5
2025-09-06T08:00,24.8,25.1,520.0,564.0,1.57,1.43,100,5
2025-09-06T09:00,26.5,27.0,644.0,684.0,1.67,1.12,100,40
2025-09-06T10:00,28.0,28.5,725.0,747.0,1.4,1.18,100,96
2025-09-06T11:00,29.2,29.7,737.0,755.0,1.88,1.75,100,96
2025-09-06T12:00,29.9,30.2,695.0,697.0,3.21,2.5,100,100
2025-09-06T13:00,30.0,30.6,574.0,605.0,3.03,2.77,100,71
2025-09-06T14:00,29.8,30.5,431.0,479.0,2.32,2.82,100,68
2025-09-06T15:00,29.3,29.9,280.0,313.0,2.61,3.07,100,61
2025-09-06T16:00,28.4,29.0,122.0,141.0,2.46,2.97,100,84
2025-09-06T17:00,26.6,27.1,16.0,20.0,2.58,3.04,100,53
2025-09-06T18:00,25.2,25.9,0.0,0.0,3.73,3.98,100,100
2025-09-06T19:00,24.3,24.8,0.0,0.0,2.86,4.11,100,100
2025-09-06T20:00,23.2,24.1,0.0,0.0,1.97,2.81,100,100
2025-09-06T21:00,21.9,22.9,0.0,0.0,2.94,2.5,100,100
2025-09-06T22:00,20.4,21.4,0.0,0.0,5.42,4.78,100,40
2025-09-06T23:00,19.4,20.4,0.0,0.0,5.65,5.0,100,99
2025-09-07T00:00,18.6,19.2,0.0,0.0,5.24,4.77,100,100
2025-09-07T01:00,17.8,18.5,0.0,0.0,4.54,4.02,100,100
2025-09-07T02:00,17.1,17.9,0.0,0.0,3.38,3.34,100,100
2025-09-07T03:00,16.6,17.3,0.0,0.0,2.94,2.98,100,100
2025-09-07T04:00,16.3,17.0,1.0,1.0,3.17,2.82,100,100
2025-09-07T05:00,17.2,17.7,63.0,59.0,3.0,2.91,100,100
2025-09-07T06:00,19.0,19.7,192.0,211.0,2.49,3.68,100,99
2025-09-07T07:00,22.0,22.5,355.0,377.0,1.31,1.8,84,94
2025-09-07T08:00,24.9,24.8,540.0,517.0,1.96,2.85,83,100
2025-09-07T09:00,26.8,26.4,667.0,637.0,2.65,2.98,78,100
2025-09-07T10:00,28.2,27.7,735.0,718.0,3.34,3.07,70,72
2025-09-07T11:00,29.0,28.4,747.0,740.0,3.8,3.82,92,83
2025-09-07T12:00,29.9,29.3,699.0,610.0,2.91,3.95,100,80
2025-09-07T13:00,30.0,29.6,592.0,587.0,3.61,4.29,100,72
2025-09-07T14:00,29.8,29.3,452.0,467.0,3.67,4.24,100,42
2025-09-07T15:00,29.2,28.6,294.0,296.0,4.3,4.33,100,100
2025-09-07T16:00,28.0,27.6,130.0,126.0,5.19,4.84,100,97
2025-09-07T17:00,26.2,25.8,16.0,17.0,6.79,6.36,100,86
2025-09-07T18:00,24.2,24.7,0.0,0.0,7.7,7.19,62,68
2025-09-07T19:00,22.9,23.6,0.0,0.0,7.21,7.59,100,99
2025-09-07T20:00,21.9,22.7,0.0,0.0,6.59,8.13,100,100
2025-09-07T21:00,21.1,21.8,0.0,0.0,5.6,8.48,100,99
2025-09-07T22:00,20.1,20.6,0.0,0.0,4.51,5.99,71,58
2025-09-07T23:00,18.9,19.7,0.0,0.0,2.98,4.21,90,62
2025-09-08T00:00,18.2,18.6,0.0,0.0,1.12,2.64,63,62
2025-09-08T01:00,17.6,17.9,0.0,0.0,1.81,2.06,68,46
2025-09-08T02:00,16.9,17.3,0.0,0.0,2.94,2.15,69,40
2025-09-08T03:00,16.5,16.6,0.0,0.0,4.02,2.63,37,30
2025-09-08T04:00,16.2,16.1,1.0,1.0,4.68,2.37,40,8
2025-09-08T05:00,17.1,16.8,67.0,68.0,5.19,2.56,23,5
2025-09-08T06:00,19.5,19.5,223.0,222.0,4.85,4.85,10,1
2025-09-08T07:00,22.2,22.4,400.0,402.0,3.27,3.0,23,4
2025-09-08T08:00,24.6,24.7,555.0,561.0,3.51,3.43,16,3
2025-09-08T09:00,26.4,26.3,682.0,682.0,2.85,2.88,4,6
2025-09-08T10:00,27.5,27.4,753.0,748.0,2.55,2.57,11,89
2025-09-08T11:00,28.3,28.2,758.0,748.0,2.37,2.43,26,39
2025-09-08T12:00,28.8,28.8,721.0,689.0,2.1,2.43,9,37
2025-09-08T13:00,29.0,28.9,621.0,592.0,2.43,2.67,21,43
2025-09-08T14:00,28.8,28.7,476.0,449.0,2.53,2.88,21,38
2025-09-08T15:00,28.1,28.1,307.0,297.0,3.04,3.15,81,48
2025-09-08T16:00,27.1,27.2,130.0,132.0,3.61,3.09,75,100
2025-09-08T17:00,25.2,25.3,15.0,15.0,4.86,3.73,69,63
2025-09-08T18:00,23.8,23.4,0.0,0.0,6.22,5.02,67,30
2025-09-08T19:00,22.7,22.2,0.0,0.0,5.89,4.9,49,78
2025-09-08T20:00,21.7,21.3,0.0,0.0,5.21,4.31,98,87
2025-09-08T21:00,20.8,20.4,0.0,0.0,4.75,3.84,32,77
2025-09-08T22:00,19.8,19.3,0.0,0.0,3.33,3.85,16,25
2025-09-08T23:00,18.8,18.6,0.0,0.0,2.55,4.4,24,47
2025-09-09T00:00,18.2,18.1,0.0,0.0,4.56,3.44,0,32
2025-09-09T01:00,17.5,17.6,0.0,0.0,4.47,2.02,55,24
2025-09-09T02:00,16.9,16.9,0.0,0.0,3.88,1.06,100,37
2025-09-09T03:00,16.6,16.4,0.0,0.0,4.02,2.43,100,67
2025-09-09T04:00,16.3,16.1,1.0,1.0,3.76,3.07,89,57
2025-09-09T05:00,17.1,17.1,65.0,58.0,3.88,3.42,15,50
2025-09-09T06:00,19.4,19.4,217.0,196.0,4.09,4.56,18,41
2025-09-09T07:00,22.0,22.4,386.0,379.0,2.05,2.31,17,34
2025-09-09T08:00,24.6,25.2,540.0,529.0,2.26,2.0,69,37
2025-09-09T09:00,26.8,27.3,662.0,639.0,2.05,2.04,4,39
2025-09-09T10:00,28.1,28.6,740.0,723.0,2.59,2.5,34,33
2025-09-09T11:00,29.0,29.4,747.0,740.0,2.43,2.15,29,38
2025-09-09T12:00,30.1,29.8,709.0,698.0,2.29,1.8,19,2
2025-09-09T13:00,30.3,30.0,612.0,602.0,2.04,1.32,28,48
2025-09-09T14:00,30.2,29.9,471.0,434.0,1.8,1.45,0,66
2025-09-09T15:00,29.7,29.5,305.0,290.0,1.93,1.57,6,58
2025-09-09T16:00,28.7,28.5,132.0,114.0,2.55,2.87,0,65
2025-09-09T17:00,26.5,26.5,14.0,13.0,3.72,4.32,45,73
2025-09-09T18:00,25.7,25.6,0.0,0.0,5.93,4.7,68,81
2025-09-09T19:00,24.5,24.5,0.0,0.0,6.69,4.51,79,40
2025-09-09T20:00,23.8,23.1,0.0,0.0,8.33,5.87,100,39
2025-09-09T21:00,22.5,22.0,0.0,0.0,6.02,6.1,77,5
2025-09-09T22:00,20.9,20.9,0.0,0.0,3.85,4.21,49,18
2025-09-09T23:00,20.1,19.9,0.0,0.0,5.52,3.0,54,9
2025-09-10T00:00,20.2,19.0,0.0,0.0,4.79,2.46,59,29
2025-09-10T01:00,19.4,18.3,0.0,0.0,3.85,3.04,100,79
2025-09-10T02:00,18.8,17.8,0.0,0.0,5.11,4.29,100,44
2025-09-10T03:00,18.6,17.5,0.0,0.0,6.08,5.57,100,37
2025-09-10T04:00,18.3,17.3,0.0,1.0,7.13,6.86,97,87
2025-09-10T05:00,18.4,17.9,42.0,59.0,8.22,7.1,96,67
2025-09-10T06:00,19.7,19.7,137.0,157.0,6.88,6.57,77,61
2025-09-10T07:00,21.6,22.4,229.0,324.0,4.87,4.16,81,53
2025-09-10T08:00,23.5,24.9,296.0,466.0,5.31,4.37,80,69
2025-09-10T09:00,25.2,27.3,372.0,592.0,5.35,4.57,91,73
2025-09-10T10:00,27.0,28.8,374.0,567.0,5.83,5.09,74,57
2025-09-10T11:00,28.7,30.2,450.0,604.0,5.99,5.17,75,55
2025-09-10T12:00,30.3,31.1,554.0,533.0,5.49,5.32,61,64
2025-09-10T13:00,30.5,31.2,520.0,465.0,6.09,5.93,57,74
2025-09-10T14:00,30.1,30.8,369.0,286.0,6.47,6.37,62,50
2025-09-10T15:00,29.3,30.5,241.0,256.0,7.64,6.96,55,46
2025-09-10T16:00,28.2,29.4,108.0,105.0,8.23,7.64,90,71
2025-09-10T17:00,26.5,27.4,11.0,9.0,9.6,10.79,63,55
2025-09-10T18:00,24.3,24.7,0.0,0.0,9.99,11.17,74,51
2025-09-10T19:00,23.4,23.6,0.0,0.0,9.78,9.95,94,64
2025-09-10T20:00,22.6,22.6,0.0,0.0,8.28,9.75,99,90
2025-09-10T21:00,21.6,21.6,0.0,0.0,9.07,9.24,100,60
2025-09-10T22:00,21.2,20.8,0.0,0.0,8.1,8.61,100,74
2025-09-10T23:00,20.6,20.3,0.0,0.0,8.49,8.51,100,80
2025-09-11T00:00,20.3,20.2,0.0,0.0,8.34,8.72,95,98
2025-09-11T01:00,20.0,19.8,0.0,0.0,8.17,8.51,100,87
2025-09-11T02:00,19.5,19.5,0.0,0.0,8.64,8.92,100,80
2025-09-11T03:00,19.1,19.3,0.0,0.0,8.7,8.34,89,95
2025-09-11T04:00,18.7,18.9,0.0,0.0,7.58,7.68,89,99
2025-09-11T05:00,18.7,19.0,33.0,16.0,7.9,8.88,95,94
2025-09-11T06:00,19.0,19.8,91.0,113.0,6.87,6.11,76,100
2025-09-11T07:00,20.2,20.4,179.0,124.0,6.26,6.23,88,95
2025-09-11T08:00,21.6,21.6,326.0,222.0,6.57,6.94,99,92
2025-09-11T09:00,23.0,23.3,399.0,393.0,6.56,6.18,98,97
2025-09-11T10:00,23.8,24.2,401.0,374.0,6.41,7.44,98,98
2025-09-11T11:00,24.6,25.6,374.0,503.0,6.23,6.79,97,96
2025-09-11T12:00,26.3,24.9,496.0,522.0,6.19,6.36,97,100
2025-09-11T13:00,26.9,25.4,404.0,439.0,5.65,5.94,100,100
2025-09-11T14:00,26.7,25.1,233.0,221.0,5.56,6.23,100,100
2025-09-11T15:00,26.0,24.5,83.0,94.0,6.08,5.35,100,100
2025-09-11T16:00,24.9,22.8,24.0,13.0,5.25,6.86,100,100
2025-09-11T17:00,23.5,21.9,2.0,2.0,5.4,7.71,100,100
2025-09-11T18:00,21.2,19.5,0.0,0.0,7.64,8.1,100,100
2025-09-11T19:00,20.8,18.9,0.0,0.0,8.55,8.31,100,100
2025-09-11T20:00,20.7,18.4,0.0,0.0,7.84,7.23,100,100
2025-09-11T21:00,20.6,18.3,0.0,0.0,6.54,6.68,95,100
2025-09-11T22:00,20.5,18.6,0.0,0.0,6.27,6.36,100,100
2025-09-11T23:00,20.1,18.8,0.0,0.0,6.44,3.29,100,100
2025-09-12T00:00,20.2,18.9,0.0,0.0,5.96,1.62,100,100
2025-09-12T01:00,20.0,19.0,0.0,0.0,5.8,0.42,100,100
2025-09-12T02:00,19.7,18.9,0.0,0.0,4.6,1.55,100,100
2025-09-12T03:00,19.5,18.7,0.0,0.0,4.7,3.44,100,100
2025-09-12T04:00,19.4,18.4,0.0,0.0,4.71,2.81,100,100
2025-09-12T05:00,19.6,18.7,19.0,34.0,4.14,1.58,100,91
2025-09-12T06:00,19.9,20.2,74.0,111.0,4.88,1.01,100,100
2025-09-12T07:00,20.8,21.3,124.0,169.0,4.51,0.9,100,100
2025-09-12T08:00,20.9,22.5,136.0,232.0,3.19,0.62,100,100
2025-09-12T09:00,21.2,23.3,129.0,247.0,3.15,1.15,100,93
2025-09-12T10:00,21.8,24.0,210.0,314.0,2.81,1.01,100,87
2025-09-12T11:00,21.7,25.1,143.0,402.0,3.11,0.69,100,81
2025-09-12T12:00,21.4,21.1,152.0,113.0,0.77,1.29,100,100
2025-09-12T13:00,22.2,21.2,221.0,107.0,1.0,2.05,96,100
2025-09-12T14:00,22.3,21.4,219.0,114.0,1.98,2.55,87,100
2025-09-12T15:00,22.2,21.4,135.0,78.0,2.11,2.55,77,100
2025-09-12T16:00,22.1,21.2,79.0,46.0,2.81,3.04,69,100
2025-09-12T17:00,21.4,20.5,8.0,5.0,4.03,3.53,70,93
2025-09-12T18:00,21.0,20.3,0.0,0.0,4.16,3.88,40,90
2025-09-12T19:00,20.3,20.1,0.0,0.0,4.93,3.92,47,97
2025-09-12T20:00,19.7,20.0,0.0,0.0,5.25,3.64,63,94
2025-09-12T21:00,19.4,19.7,0.0,0.0,5.68,4.39,78,84
2025-09-12T22:00,19.4,19.5,0.0,0.0,5.65,4.72,84,81
2025-09-12T23:00,19.3,19.2,0.0,0.0,5.63,5.62,80,83
2025-09-13T00:00,18.9,19.7,0.0,0.0,5.47,6.75,88,97
2025-09-13T01:00,18.6,19.6,0.0,0.0,6.1,7.17,88,97
2025-09-13T02:00,18.4,19.3,0.0,0.0,6.41,6.94,87,100
2025-09-13T03:00,18.2,18.8,0.0,0.0,6.04,7.42,88,100
2025-09-13T04:00,18.3,18.7,0.0,0.0,6.09,8.72,93,98
2025-09-13T05:00,18.6,18.4,24.0,9.0,6.09,7.97,94,100
2025-09-13T06:00,18.3,19.7,71.0,69.0,5.47,5.98,92,94
2025-09-13T07:00,18.8,19.8,119.0,85.0,5.96,6.67,88,99
2025-09-13T08:00,19.4,20.1,170.0,92.0,5.64,6.9,94,98
2025-09-13T09:00,19.3,19.5,165.0,79.0,5.62,7.06,98,100
2025-09-13T10:00,19.4,19.3,154.0,87.0,5.14,6.76,95,98
2025-09-13T11:00,20.0,19.6,201.0,163.0,5.04,6.37,95,96
2025-09-13T12:00,23.1,23.0,350.0,388.0,5.71,5.92,89,88
2025-09-13T13:00,23.3,23.2,329.0,342.0,5.43,6.06,92,86
2025-09-13T14:00,23.1,23.4,260.0,312.0,5.75,6.34,85,80
2025-09-13T15:00,22.6,23.0,183.0,203.0,6.36,6.61,83,71
2025-09-13T16:00,22.2,22.2,70.0,85.0,6.84,6.84,84,64
2025-09-13T17:00,21.1,21.1,5.0,7.0,7.19,6.82,71,62
2025-09-13T18:00,20.6,20.5,0.0,0.0,7.28,6.39,62,70
2025-09-13T19:00,20.0,19.8,0.0,0.0,7.48,7.26,75,59
2025-09-13T20:00,19.6,19.1,0.0,0.0,8.3,7.85,57,70
2025-09-13T21:00,19.2,18.6,0.0,0.0,7.3,7.78,58,67
2025-09-13T22:00,19.1,18.2,0.0,0.0,6.85,6.12,81,57
2025-09-13T23:00,18.9,17.9,0.0,0.0,6.87,5.35,73,54
2025-09-14T00:00,17.8,16.6,0.0,0.0,6.32,5.7,37,55
2025-09-14T01:00,17.5,16.5,0.0,0.0,6.49,5.75,59,68
2025-09-14T02:00,17.3,16.5,0.0,0.0,6.96,6.43,72,76
2025-09-14T03:00,17.2,16.6,0.0,0.0,7.45,6.42,60,69
2025-09-14T04:00,16.9,16.4,0.0,0.0,7.64,7.12,68,53
2025-09-14T05:00,17.2,16.7,45.0,55.0,8.15,7.48,74,9
2025-09-14T06:00,18.1,18.5,194.0,117.0,7.04,7.41,31,90
2025-09-14T07:00,20.2,19.9,373.0,220.0,5.69,6.02,23,78
2025-09-14T08:00,21.9,21.3,529.0,347.0,6.7,6.09,29,86
2025-09-14T09:00,22.9,22.6,652.0,484.0,6.3,5.65,15,71
2025-09-14T10:00,23.7,23.7,722.0,603.0,6.15,5.81,7,38
2025-09-14T11:00,24.2,24.7,730.0,688.0,6.25,5.57,12,38
2025-09-14T12:00,24.3,24.3,676.0,665.0,5.9,5.9,12,40
2025-09-14T13:00,24.5,24.5,584.0,574.0,5.33,5.64,3,28
2025-09-14T14:00,24.3,24.5,443.0,437.0,5.57,5.09,12,30
2025-09-14T15:00,23.9,23.9,272.0,264.0,5.8,5.47,10,76
2025-09-14T16:00,22.9,23.2,106.0,89.0,6.06,6.67,34,100
2025-09-14T17:00,21.5,22.1,7.0,6.0,6.02,7.73,100,100
2025-09-14T18:00,20.4,21.0,0.0,0.0,10.03,9.21,100,100
2025-09-14T19:00,19.1,19.8,0.0,0.0,8.67,8.26,100,100
2025-09-14T20:00,18.3,19.1,0.0,0.0,8.17,7.62,100,100
2025-09-14T21:00,17.6,18.6,0.0,0.0,8.03,6.23,71,100
2025-09-14T22:00,16.9,18.1,0.0,0.0,6.93,6.14,91,100
2025-09-14T23:00,16.6,17.8,0.0,0.0,5.53,4.98,100,100
2025-09-15T00:00,16.0,16.7,0.0,0.0,5.3,2.7,100,100
2025-09-15T01:00,15.7,16.1,0.0,0.0,3.08,2.37,95,100
2025-09-15T02:00,15.1,16.0,0.0,0.0,2.66,2.84,81,100
2025-09-15T03:00,14.7,15.8,0.0,0.0,2.06,1.24,78,100
2025-09-15T04:00,14.5,15.7,0.0,0.0,2.19,1.4,100,100
2025-09-15T05:00,14.8,15.5,25.0,5.0,0.42,1.2,100,100
2025-09-15T06:00,16.3,15.5,138.0,20.0,0.57,3.37,66,100
2025-09-15T07:00,18.2,15.7,273.0,56.0,1.08,2.8,73,100
2025-09-15T08:00,19.6,15.9,325.0,70.0,1.97,2.5,100,100
2025-09-15T09:00,21.0,16.3,423.0,111.0,2.48,2.08,64,100
2025-09-15T10:00,22.6,16.9,508.0,186.0,2.67,1.83,83,100
2025-09-15T11:00,24.2,17.6,596.0,259.0,3.14,1.58,69,93
2025-09-15T12:00,26.0,17.5,609.0,148.0,3.64,2.42,92,98
2025-09-15T13:00,26.3,17.9,511.0,164.0,3.37,2.35,77,97
2025-09-15T14:00,26.3,18.5,405.0,161.0,2.92,2.11,38,96
2025-09-15T15:00,26.2,18.8,260.0,141.0,1.57,2.15,7,92
2025-09-15T16:00,25.5,18.5,100.0,57.0,1.71,2.83,23,77
2025-09-15T17:00,23.6,18.0,6.0,4.0,3.64,2.28,46,72
2025-09-15T18:00,22.3,17.5,0.0,0.0,2.31,4.12,64,54
2025-09-15T19:00,21.5,16.8,0.0,0.0,2.59,4.09,72,58
2025-09-15T20:00,20.7,16.3,0.0,0.0,5.43,2.86,74,56
2025-09-15T21:00,20.3,15.9,0.0,0.0,7.02,2.85,26,52
2025-09-15T22:00,19.3,15.5,0.0,0.0,7.3,1.88,1,39
2025-09-15T23:00,18.5,15.3,0.0,0.0,6.79,0.93,8,22
2025-09-16T00:00,17.7,14.3,0.0,0.0,5.6,1.39,0,1
2025-09-16T01:00,17.2,13.9,0.0,0.0,4.37,1.58,0,0
2025-09-16T02:00,16.6,13.5,0.0,0.0,3.88,1.95,0,0
2025-09-16T03:00,16.2,13.3,0.0,0.0,3.47,2.26,0,2
2025-09-16T04:00,15.6,13.0,0.0,0.0,3.2,1.87,0,4
2025-09-16T05:00,15.8,13.2,53.0,51.0,2.65,1.88,0,0
2025-09-16T06:00,17.4,16.3,198.0,197.0,2.61,3.19,0,21
2025-09-16T07:00,19.8,18.5,368.0,367.0,2.05,1.12,0,0
2025-09-16T08:00,21.6,21.0,522.0,525.0,2.32,0.84,0,0
2025-09-16T09:00,23.4,23.0,639.0,643.0,2.15,0.49,0,0
2025-09-16T10:00,24.9,24.5,705.0,713.0,1.98,0.83,0,0
2025-09-16T11:00,26.0,25.6,716.0,723.0,1.92,1.19,0,2
2025-09-16T12:00,27.3,26.1,671.0,672.0,1.67,1.59,0,11
2025-09-16T13:00,27.7,26.4,572.0,576.0,1.77,1.74,0,2
2025-09-16T14:00,27.7,26.3,430.0,436.0,1.77,1.62,0,0
2025-09-16T15:00,27.2,25.8,262.0,267.0,1.96,1.82,0,0
2025-09-16T16:00,26.2,24.8,97.0,99.0,1.98,2.23,0,0
2025-09-16T17:00,24.3,23.0,5.0,5.0,2.59,2.64,0,0
2025-09-16T18:00,23.0,22.1,0.0,0.0,3.43,3.75,0,0
2025-09-16T19:00,21.9,21.1,0.0,0.0,3.82,3.54,0,0
2025-09-16T20:00,20.7,19.9,0.0,0.0,5.13,4.65,3,0
2025-09-16T21:00,19.9,19.1,0.0,0.0,6.66,6.14,22,0
2025-09-16T22:00,19.4,18.6,0.0,0.0,6.23,6.44,100,100
2025-09-16T23:00,18.9,18.1,0.0,0.0,5.93,5.48,100,100
2025-09-17T00:00,18.2,17.5,0.0,0.0,4.03,3.97,6,5
2025-09-17T01:00,17.7,17.0,0.0,0.0,1.55,1.64,100,100
2025-09-17T02:00,16.8,16.1,0.0,0.0,1.31,0.4,100,100
2025-09-17T03:00,16.4,15.9,0.0,0.0,1.25,1.43,82,100
2025-09-17T04:00,16.0,15.9,0.0,0.0,1.5,2.94,100,100
2025-09-17T05:00,16.4,16.7,21.0,11.0,1.62,8.58,100,100
2025-09-17T06:00,16.9,17.9,36.0,55.0,11.19,2.02,100,100
2025-09-17T07:00,16.7,18.2,35.0,66.0,5.21,2.45,100,100
2025-09-17T08:00,17.7,18.5,90.0,106.0,3.59,3.46,100,100
2025-09-17T09:00,18.7,19.5,146.0,224.0,2.86,2.36,100,100
2025-09-17T10:00,18.5,20.2,119.0,207.0,2.35,1.59,100,93
2025-09-17T11:00,17.9,21.3,49.0,319.0,2.67,1.38,100,99
2025-09-17T12:00,18.5,19.2,113.0,236.0,2.72,2.34,100,72
2025-09-17T13:00,19.1,20.6,190.0,406.0,2.77,2.43,100,63
2025-09-17T14:00,19.4,21.3,178.0,340.0,2.28,2.76,98,67
2025-09-17T15:00,19.4,21.4,193.0,228.0,2.43,2.94,52,9
2025-09-17T16:00,18.7,20.5,79.0,91.0,2.69,2.15,66,38
2025-09-17T17:00,17.6,19.2,3.0,5.0,3.49,1.71,62,40
2025-09-17T18:00,16.3,17.7,0.0,0.0,4.4,2.55,70,74
2025-09-17T19:00,15.8,17.5,0.0,0.0,3.51,4.25,66,10
2025-09-17T20:00,15.5,16.7,0.0,0.0,2.55,4.28,95,16
2025-09-17T21:00,15.5,15.9,0.0,0.0,1.18,5.38,59,9
2025-09-17T22:00,15.0,15.4,0.0,0.0,3.31,5.39,30,31
2025-09-17T23:00,14.0,14.8,0.0,0.0,4.96,3.88,28,42
2025-09-18T00:00,14.0,13.8,0.0,0.0,6.33,4.6,56,50
2025-09-18T01:00,13.7,13.6,0.0,0.0,5.97,4.04,44,25
2025-09-18T02:00,13.3,13.3,0.0,0.0,5.14,3.84,40,41
2025-09-18T03:00,12.8,12.8,0.0,0.0,4.02,4.09,25,23
2025-09-18T04:00,12.2,12.2,0.0,0.0,2.79,2.84,10,9
2025-09-18T05:00,12.3,12.1,48.0,48.0,2.05,1.37,4,15
2025-09-18T06:00,13.9,13.7,195.0,196.0,1.81,1.63,27,4
2025-09-18T07:00,16.6,16.7,367.0,367.0,1.15,2.3,8,0
2025-09-18T08:00,18.8,19.2,528.0,530.0,2.27,1.77,4,0
2025-09-18T09:00,20.3,21.0,649.0,649.0,2.07,1.59,1,0
2025-09-18T10:00,21.4,22.1,671.0,667.0,3.0,2.89,38,75
2025-09-18T11:00,22.3,22.5,676.0,538.0,3.9,3.78,50,78
2025-09-18T12:00,22.6,23.2,570.0,534.0,5.39,4.29,71,73
2025-09-18T13:00,22.8,23.6,484.0,450.0,5.92,4.12,70,67
2025-09-18T14:00,22.8,23.7,418.0,323.0,5.52,4.56,22,70
2025-09-18T15:00,22.2,23.4,241.0,202.0,5.75,3.69,40,78
2025-09-18T16:00,21.2,22.3,88.0,63.0,5.63,3.9,12,65
2025-09-18T17:00,19.4,20.3,4.0,2.0,6.91,5.83,5,37
2025-09-18T18:00,18.4,18.8,0.0,0.0,4.4,5.62,22,41
2025-09-18T19:00,17.6,17.9,0.0,0.0,3.6,5.39,25,22
2025-09-18T20:00,16.6,16.9,0.0,0.0,3.61,5.52,32,25
2025-09-18T21:00,15.8,16.1,0.0,0.0,3.89,4.86,38,9
2025-09-18T22:00,15.3,15.6,0.0,0.0,4.03,3.53,28,0
2025-09-18T23:00,14.2,14.8,0.0,0.0,2.01,2.15,4,0
2025-09-19T00:00,13.3,13.9,0.0,0.0,2.37,1.93,6,0
2025-09-19T01:00,12.9,12.8,0.0,0.0,2.31,2.7,0,0
2025-09-19T02:00,12.2,12.2,0.0,0.0,2.55,2.77,0,0
2025-09-19T03:00,11.7,11.8,0.0,0.0,3.0,2.76,0,0
2025-09-19T04:00,11.4,11.5,0.0,0.0,2.67,3.44,0,0
2025-09-19T05:00,11.6,11.9,47.0,47.0,2.71,4.03,0,9
2025-09-19T06:00,13.6,14.1,191.0,186.0,3.14,3.82,0,23
2025-09-19T07:00,16.6,17.1,361.0,345.0,3.08,3.55,0,44
2025-09-19T08:00,19.1,19.6,516.0,478.0,2.63,2.58,12,32
2025-09-19T09:00,21.0,21.5,632.0,606.0,3.95,3.4,5,27
2025-09-19T10:00,22.3,23.1,700.0,689.0,3.83,3.45,2,7
2025-09-19T11:00,23.4,24.2,707.0,704.0,3.63,3.54,0,14
2025-09-19T12:00,24.3,24.6,658.0,649.0,3.73,3.13,33,26
2025-09-19T13:00,24.6,24.9,545.0,545.0,3.44,3.29,45,33
2025-09-19T14:00,24.5,24.9,389.0,403.0,3.74,4.03,44,29
2025-09-19T15:00,24.1,24.6,212.0,234.0,3.51,4.32,77,35
2025-09-19T16:00,23.3,23.7,64.0,80.0,4.0,4.34,66,34
2025-09-19T17:00,22.0,22.2,2.0,2.0,3.01,3.55,62,27
2025-09-19T18:00,21.3,21.3,0.0,0.0,3.63,2.48,74,33
2025-09-19T19:00,20.7,20.3,0.0,0.0,3.19,1.36,76,44
2025-09-19T20:00,20.1,19.2,0.0,0.0,2.26,1.87,85,55
2025-09-19T21:00,19.8,18.7,0.0,0.0,1.28,1.43,70,51
2025-09-19T22:00,19.1,18.4,0.0,0.0,1.75,0.84,74,40
2025-09-19T23:00,18.7,17.9,0.0,0.0,2.83,0.39,60,42
2025-09-20T00:00,18.2,17.1,0.0,0.0,5.8,2.09,57,62
2025-09-20T01:00,18.0,16.6,0.0,0.0,7.08,3.04,78,61
2025-09-20T02:00,17.7,16.2,0.0,0.0,6.85,4.31,90,47
2025-09-20T03:00,17.5,15.9,0.0,0.0,5.97,4.77,79,68
2025-09-20T04:00,17.2,15.7,0.0,0.0,4.6,4.68,62,46
2025-09-20T05:00,17.2,15.8,31.0,40.0,4.08,3.86,76,45
2025-09-20T06:00,18.1,18.7,164.0,162.0,3.37,4.26,33,55
2025-09-20T07:00,20.8,20.9,345.0,313.0,1.71,2.21,0,49
2025-09-20T08:00,23.3,23.3,505.0,469.0,0.9,0.98,0,30
2025-09-20T09:00,25.1,25.2,622.0,595.0,0.53,1.27,5,61
2025-09-20T10:00,26.1,26.1,607.0,558.0,1.87,1.33,86,75
2025-09-20T11:00,26.7,26.9,529.0,551.0,2.84,1.77,73,70
2025-09-20T12:00,27.2,27.3,528.0,509.0,1.89,2.45,46,67
2025-09-20T13:00,27.5,27.5,484.0,465.0,1.77,2.26,57,35
2025-09-20T14:00,27.4,27.5,350.0,383.0,1.68,1.88,29,51
2025-09-20T15:00,26.9,27.0,213.0,228.0,1.59,1.9,30,40
2025-09-20T16:00,25.8,26.0,73.0,75.0,1.19,1.73,15,41
2025-09-20T17:00,24.2,24.9,2.0,2.0,1.08,1.24,19,64
2025-09-20T18:00,22.9,23.9,0.0,0.0,1.27,0.31,18,77
2025-09-20T19:00,21.5,22.9,0.0,0.0,2.16,1.18,37,57
2025-09-20T20:00,20.9,21.8,0.0,0.0,1.81,1.9,34,73
2025-09-20T21:00,20.1,21.3,0.0,0.0,1.52,2.0,45,79
2025-09-20T22:00,19.4,20.6,0.0,0.0,1.67,0.63,47,81
2025-09-20T23:00,18.9,20.1,0.0,0.0,1.31,0.6,11,74
2025-09-21T00:00,18.7,19.4,0.0,0.0,0.9,1.67,56,67
2025-09-21T01:00,17.9,18.8,0.0,0.0,1.15,0.89,45,67
2025-09-21T02:00,17.2,18.4,0.0,0.0,1.74,0.55,55,57
2025-09-21T03:00,16.6,18.0,0.0,0.0,3.4,1.18,69,43
2025-09-21T04:00,16.5,17.3,0.0,0.0,3.72,0.57,50,50
2025-09-21T05:00,16.6,17.0,37.0,36.0,3.15,1.86,57,56
2025-09-21T06:00,18.0,18.1,167.0,173.0,3.11,1.25,44,25
2025-09-21T07:00,20.7,20.9,318.0,343.0,2.46,2.4,36,8
2025-09-21T08:00,23.2,23.5,482.0,498.0,1.57,1.18,29,11
2025-09-21T09:00,25.0,25.5,608.0,614.0,2.5,0.93,9,12
2025-09-21T10:00,26.1,26.8,674.0,679.0,2.69,1.28,30,38
2025-09-21T11:00,26.9,27.4,668.0,600.0,2.75,2.25,31,82
2025-09-21T12:00,27.6,27.6,621.0,526.0,3.46,2.79,39,68
2025-09-21T13:00,27.5,27.8,497.0,493.0,4.02,3.09,43,26
2025-09-21T14:00,27.2,27.5,373.0,394.0,4.21,3.58,37,35
2025-09-21T15:00,26.5,26.9,222.0,228.0,4.43,4.09,36,37
2025-09-21T16:00,25.3,25.5,72.0,74.0,4.98,5.02,28,10
2025-09-21T17:00,23.2,23.4,1.0,1.0,6.26,6.46,0,4
2025-09-21T18:00,21.7,22.1,0.0,0.0,8.37,7.7,0,0
2025-09-21T19:00,20.5,20.9,0.0,0.0,10.57,10.46,0,0
2025-09-21T20:00,19.6,19.8,0.0,0.0,9.58,9.95,0,0
2025-09-21T21:00,18.5,18.8,0.0,0.0,8.52,8.05,0,0
2025-09-21T22:00,17.6,17.9,0.0,0.0,7.41,6.63,0,0
2025-09-21T23:00,16.8,17.0,0.0,0.0,6.61,6.04,0,0
2025-09-22T00:00,15.9,16.1,0.0,0.0,5.66,4.96,0,0
2025-09-22T01:00,15.0,15.3,0.0,0.0,4.88,4.5,8,0
2025-09-22T02:00,14.3,14.7,0.0,0.0,4.44,4.54,4,0
2025-09-22T03:00,13.7,14.2,0.0,0.0,4.63,5.0,10,0
2025-09-22T04:00,13.4,13.7,0.0,0.0,5.31,5.28,14,2
2025-09-22T05:00,13.8,14.1,40.0,39.0,5.8,5.61,7,14
2025-09-22T06:00,15.9,16.0,176.0,178.0,5.79,5.48,23,19
2025-09-22T07:00,18.5,18.5,342.0,343.0,3.38,3.23,36,25
2025-09-22T08:00,20.3,20.5,454.0,492.0,4.94,4.44,49,36
2025-09-22T09:00,21.6,21.7,564.0,559.0,4.67,4.44,33,50
2025-09-22T10:00,23.1,22.8,672.0,605.0,4.54,4.54,17,43
2025-09-22T11:00,24.3,24.1,695.0,670.0,4.67,4.29,10,27
2025-09-22T12:00,25.4,25.0,648.0,655.0,4.85,4.42,7,1
2025-09-22T13:00,25.5,25.4,548.0,550.0,5.23,4.63,10,2
2025-09-22T14:00,25.3,25.1,400.0,400.0,5.37,5.04,6,4
2025-09-22T15:00,24.6,24.5,230.0,232.0,5.49,5.32,19,13
2025-09-22T16:00,23.4,23.3,72.0,72.0,5.71,5.51,20,5
2025-09-22T17:00,21.5,21.5,1.0,1.0,8.01,7.25,5,0
2025-09-22T18:00,20.5,20.2,0.0,0.0,9.27,9.36,4,0
2025-09-22T19:00,19.1,18.9,0.0,0.0,8.92,9.08,0,0
2025-09-22T20:00,17.9,17.8,0.0,0.0,7.77,7.9,0,8
2025-09-22T21:00,16.8,16.8,0.0,0.0,6.8,6.66,0,0
2025-09-22T22:00,16.0,16.0,0.0,0.0,6.1,6.3,0,0
2025-09-22T23:00,15.3,15.3,0.0,0.0,5.51,5.63,0,0
2025-09-23T00:00,14.3,14.2,0.0,0.0,4.74,5.03,0,0
2025-09-23T01:00,13.6,13.3,0.0,0.0,4.16,4.06,10,3
2025-09-23T02:00,13.0,12.7,0.0,0.0,3.92,4.08,5,7
2025-09-23T03:00,12.6,12.2,0.0,0.0,4.22,3.92,12,21
2025-09-23T04:00,12.2,11.9,0.0,0.0,4.51,4.31,23,33
2025-09-23T05:00,12.6,12.3,37.0,37.0,4.61,4.51,36,44
2025-09-23T06:00,14.6,14.5,174.0,158.0,3.63,4.7,11,51
2025-09-23T07:00,17.5,17.4,341.0,311.0,2.24,2.77,8,43
2025-09-23T08:00,19.9,19.4,494.0,462.0,2.16,2.75,35,45
2025-09-23T09:00,21.5,20.9,596.0,557.0,1.87,2.45,32,48
2025-09-23T10:00,23.0,22.4,663.0,631.0,1.67,2.25,30,34
2025-09-23T11:00,24.2,23.7,678.0,669.0,1.77,2.25,18,27
2025-09-23T12:00,25.3,24.8,644.0,643.0,1.96,2.5,0,1
2025-09-23T13:00,25.8,25.4,543.0,542.0,2.16,2.29,0,0
2025-09-23T14:00,25.9,25.4,398.0,398.0,2.29,2.47,0,0
2025-09-23T15:00,25.4,24.8,230.0,229.0,2.64,2.77,0,0
2025-09-23T16:00,23.8,23.2,70.0,69.0,2.85,3.08,0,0
2025-09-23T17:00,21.7,21.2,1.0,1.0,2.75,3.33,0,0
2025-09-23T18:00,20.3,20.0,0.0,0.0,3.47,4.66,0,0
2025-09-23T19:00,18.6,18.6,0.0,0.0,5.05,5.52,0,0
2025-09-23T20:00,17.7,17.6,0.0,0.0,6.28,6.02,0,0
2025-09-23T21:00,16.8,16.9,0.0,0.0,6.76,6.08,0,0
2025-09-23T22:00,15.9,16.0,0.0,0.0,5.08,4.35,0,0
2025-09-23T23:00,15.1,15.3,0.0,0.0,4.78,4.16,0,0
2025-09-24T00:00,14.3,14.3,0.0,0.0,3.26,3.58,0,0
2025-09-24T01:00,13.6,13.6,0.0,0.0,2.55,3.43,2,3
2025-09-24T02:00,13.2,13.1,0.0,0.0,2.83,3.56,1,3
2025-09-24T03:00,12.9,12.7,0.0,0.0,3.26,3.76,2,4
2025-09-24T04:00,12.6,12.4,0.0,0.0,3.73,4.15,10,12
2025-09-24T05:00,13.0,12.8,36.0,37.0,4.35,4.91,8,17
2025-09-24T06:00,15.3,15.1,172.0,173.0,5.0,4.75,0,0
2025-09-24T07:00,18.1,18.2,339.0,340.0,3.24,3.22,0,0
2025-09-24T08:00,20.7,21.0,492.0,495.0,3.33,2.88,0,0
2025-09-24T09:00,22.7,23.0,604.0,609.0,3.77,3.43,17,17
2025-09-24T10:00,23.9,24.2,652.0,671.0,3.85,3.46,31,33
2025-09-24T11:00,24.7,25.1,646.0,673.0,3.84,3.81,42,32
2025-09-24T12:00,25.3,25.7,602.0,624.0,4.06,4.37,35,31
2025-09-24T13:00,25.5,25.8,517.0,515.0,4.23,4.46,23,11
2025-09-24T14:00,25.4,25.6,385.0,379.0,4.37,5.21,15,35
2025-09-24T15:00,24.8,24.8,221.0,211.0,5.06,6.07,7,33
2025-09-24T16:00,23.4,23.5,65.0,62.0,5.8,6.11,2,41
2025-09-24T17:00,21.3,22.0,0.0,0.0,7.23,8.97,0,57
2025-09-24T18:00,20.2,20.7,0.0,0.0,7.94,7.55,1,18
2025-09-24T19:00,19.2,19.6,0.0,0.0,8.21,9.78,24,49
2025-09-24T20:00,18.8,19.1,0.0,0.0,12.4,11.13,21,71
2025-09-24T21:00,18.2,18.3,0.0,0.0,10.12,10.87,7,64
2025-09-24T22:00,17.4,17.5,0.0,0.0,9.95,10.74,8,58
2025-09-24T23:00,16.7,16.7,0.0,0.0,9.86,11.17,20,80
2025-09-25T00:00,16.1,15.1,0.0,0.0,10.0,11.13,40,32
2025-09-25T01:00,15.8,14.6,0.0,0.0,10.08,10.95,45,41
2025-09-25T02:00,15.5,14.2,0.0,0.0,10.7,10.52,47,59
2025-09-25T03:00,15.1,13.9,0.0,0.0,10.52,10.48,57,73
2025-09-25T04:00,14.8,13.5,0.0,0.0,10.18,10.61,90,100
2025-09-25T05:00,14.8,13.6,26.0,25.0,10.65,11.66,99,100
2025-09-25T06:00,15.1,14.7,112.0,133.0,11.87,12.09,97,100
2025-09-25T07:00,15.8,15.5,228.0,247.0,10.78,11.57,98,100
2025-09-25T08:00,16.8,16.1,326.0,333.0,10.56,10.78,89,100
2025-09-25T09:00,17.7,16.5,436.0,376.0,10.3,10.6,89,100
2025-09-25T10:00,18.1,17.0,473.0,473.0,10.26,10.34,100,100
2025-09-25T11:00,18.2,17.1,355.0,493.0,9.56,10.49,94,99
2025-09-25T12:00,18.9,17.4,339.0,329.0,9.25,10.06,96,99
2025-09-25T13:00,19.0,17.1,403.0,273.0,9.86,10.77,87,100
2025-09-25T14:00,18.5,16.3,294.0,156.0,9.77,11.05,86,100
2025-09-25T15:00,17.6,15.7,138.0,79.0,10.03,10.74,96,98
2025-09-25T16:00,17.0,15.2,35.0,25.0,9.75,10.52,98,97
2025-09-25T17:00,16.5,14.6,0.0,0.0,9.66,10.61,91,98
2025-09-25T18:00,14.8,13.2,0.0,0.0,10.97,11.22,94,92
2025-09-25T19:00,13.9,12.5,0.0,0.0,11.02,10.43,92,88
2025-09-25T20:00,13.2,12.0,0.0,0.0,10.52,9.48,92,90
2025-09-25T21:00,12.9,11.9,0.0,0.0,9.89,8.21,92,96
2025-09-25T22:00,13.0,12.1,0.0,0.0,9.35,8.18,98,93
2025-09-25T23:00,13.0,12.3,0.0,0.0,8.89,8.49,98,98
2025-09-26T00:00,12.9,12.6,0.0,0.0,8.13,8.24,95,98
2025-09-26T01:00,13.1,12.7,0.0,0.0,8.1,8.81,100,99
2025-09-26T02:00,13.2,12.8,0.0,0.0,9.33,8.23,99,98
2025-09-26T03:00,13.1,12.7,0.0,0.0,8.86,8.86,100,96
2025-09-26T04:00,13.0,12.6,0.0,0.0,8.7,8.68,99,99
2025-09-26T05:00,12.9,12.6,8.0,10.0,8.25,8.41,100,100
2025-09-26T06:00,13.3,12.8,66.0,38.0,8.19,8.48,100,100
2025-09-26T07:00,13.3,13.0,88.0,72.0,8.25,7.99,100,100
2025-09-26T08:00,14.0,13.7,217.0,150.0,7.91,8.11,92,98
2025-09-26T09:00,15.3,14.5,361.0,209.0,7.02,7.82,76,97
2025-09-26T10:00,16.0,14.9,423.0,249.0,7.91,7.47,81,91
2025-09-26T11:00,16.3,15.3,419.0,231.0,8.21,7.99,78,94
2025-09-26T12:00,16.5,16.4,411.0,379.0,7.85,7.68,77,87
2025-09-26T13:00,16.2,15.9,318.0,287.0,7.64,7.82,79,89
2025-09-26T14:00,15.5,15.2,212.0,184.0,8.54,7.9,73,98
2025-09-26T15:00,14.7,14.9,129.0,102.0,8.03,7.86,64,82
2025-09-26T16:00,14.0,14.6,42.0,32.0,7.0,7.88,78,93
2025-09-26T17:00,13.3,14.1,0.0,0.0,7.77,7.84,87,99
2025-09-26T18:00,14.2,14.9,0.0,0.0,7.84,9.39,91,99
2025-09-26T19:00,13.8,14.5,0.0,0.0,7.97,7.9,91,99
2025-09-26T20:00,13.4,14.0,0.0,0.0,8.28,6.79,91,99
2025-09-26T21:00,13.1,13.6,0.0,0.0,6.69,6.88,93,98
2025-09-26T22:00,12.6,13.2,0.0,0.0,6.08,6.57,76,89
2025-09-26T23:00,12.2,12.6,0.0,0.0,6.41,6.09,92,85
2025-09-27T00:00,11.9,12.5,0.0,0.0,6.45,5.8,100,100
2025-09-27T01:00,11.7,12.2,0.0,0.0,6.72,6.2,100,100
2025-09-27T02:00,11.6,11.6,0.0,0.0,7.74,7.02,100,87
2025-09-27T03:00,11.6,11.2,0.0,0.0,7.77,7.98,100,91
2025-09-27T04:00,11.5,11.3,0.0,0.0,8.14,8.29,100,99
2025-09-27T05:00,11.8,11.5,14.0,18.0,8.39,8.64,100,100
2025-09-27T06:00,12.2,12.1,66.0,66.0,5.57,6.29,98,97
2025-09-27T07:00,12.9,13.5,118.0,183.0,5.28,5.9,97,96
2025-09-27T08:00,14.2,14.8,232.0,307.0,4.73,5.01,93,92
2025-09-27T09:00,15.7,16.6,377.0,421.0,4.39,4.88,99,89
2025-09-27T10:00,17.1,17.9,474.0,521.0,4.63,5.09,100,79
2025-09-27T11:00,17.7,18.5,467.0,532.0,4.23,4.42,100,76
2025-09-27T12:00,17.9,18.9,445.0,526.0,3.88,3.9,97,80
2025-09-27T13:00,17.8,18.8,272.0,392.0,3.67,3.8,96,99
2025-09-27T14:00,17.4,18.5,171.0,254.0,3.58,4.0,99,76
2025-09-27T15:00,17.3,18.2,113.0,148.0,3.35,3.8,69,67
2025-09-27T16:00,16.7,17.5,38.0,37.0,3.94,4.28,84,78
2025-09-27T17:00,15.8,16.4,0.0,0.0,4.8,5.02,94,74
2025-09-27T18:00,14.5,15.1,0.0,0.0,7.11,5.83,85,58
2025-09-27T19:00,13.7,14.4,0.0,0.0,6.72,6.2,57,66
2025-09-27T20:00,13.0,13.6,0.0,0.0,6.09,6.32,64,57
2025-09-27T21:00,12.2,12.9,0.0,0.0,5.64,6.86,90,51
2025-09-27T22:00,11.4,12.2,0.0,0.0,5.46,5.83,49,64
2025-09-27T23:00,11.0,11.7,0.0,0.0,5.46,5.34,76,57
2025-09-28T00:00,11.0,11.2,0.0,0.0,4.86,4.49,67,62
2025-09-28T01:00,10.7,10.9,0.0,0.0,4.24,4.0,54,67
2025-09-28T02:00,10.3,10.6,0.0,0.0,3.35,3.44,57,100
2025-09-28T03:00,10.1,10.2,0.0,0.0,2.67,3.14,69,100
2025-09-28T04:00,9.8,9.9,0.0,0.0,3.04,3.73,79,100
2025-09-28T05:00,9.8,10.0,22.0,23.0,3.8,4.05,84,96
2025-09-28T06:00,10.5,11.5,147.0,94.0,4.17,3.84,100,100
2025-09-28T07:00,12.3,12.9,284.0,212.0,2.26,2.77,100,100
2025-09-28T08:00,14.3,14.7,428.0,342.0,2.35,2.45,90,100
2025-09-28T09:00,15.9,16.5,549.0,473.0,2.58,2.79,95,100
2025-09-28T10:00,16.9,18.0,583.0,551.0,2.59,2.9,64,100
2025-09-28T11:00,17.7,18.1,595.0,437.0,2.48,2.9,49,93
2025-09-28T12:00,18.4,18.5,445.0,564.0,2.37,2.15,72,58
2025-09-28T13:00,18.4,18.6,349.0,428.0,2.67,2.02,80,92
2025-09-28T14:00,18.2,18.4,217.0,278.0,2.86,2.2,95,100
2025-09-28T15:00,17.3,17.9,90.0,133.0,3.04,2.85,100,83
2025-09-28T16:00,16.6,17.2,19.0,31.0,3.58,3.19,100,95
2025-09-28T17:00,16.2,16.3,0.0,0.0,4.65,3.43,100,100
2025-09-28T18:00,15.9,14.8,0.0,0.0,6.01,2.88,100,79
2025-09-28T19:00,15.0,14.1,0.0,0.0,6.13,3.6,100,98
2025-09-28T20:00,14.8,13.6,0.0,0.0,5.73,6.39,100,100
2025-09-28T21:00,14.5,13.4,0.0,0.0,5.63,6.86,100,100
2025-09-28T22:00,13.9,13.2,0.0,0.0,5.82,6.28,100,100
2025-09-28T23:00,13.5,13.0,0.0,0.0,5.22,5.74,100,97
2025-09-29T00:00,12.9,13.1,0.0,0.0,4.77,5.41,100,100
2025-09-29T01:00,12.6,12.9,0.0,0.0,5.02,5.17,100,100
2025-09-29T02:00,12.4,12.6,0.0,0.0,3.97,4.84,100,100
2025-09-29T03:00,12.1,12.2,0.0,0.0,3.19,4.35,100,100
2025-09-29T04:00,11.9,11.7,0.0,0.0,3.21,3.72,100,100
2025-09-29T05:00,11.8,11.4,6.0,6.0,3.29,3.38,100,100
2025-09-29T06:00,11.5,11.1,48.0,39.0,4.05,4.0,98,100
2025-09-29T07:00,12.0,11.3,101.0,58.0,3.76,3.24,100,100
2025-09-29T08:00,12.8,11.6,135.0,85.0,2.48,2.6,99,100
2025-09-29T09:00,13.7,11.9,196.0,102.0,2.55,2.2,100,100
2025-09-29T10:00,14.5,12.5,219.0,148.0,2.14,2.64,100,100
2025-09-29T11:00,14.9,13.0,208.0,140.0,2.11,2.64,100,98
2025-09-29T12:00,16.2,16.4,185.0,211.0,1.46,1.81,100,100
2025-09-29T13:00,15.5,16.6,101.0,151.0,1.28,1.43,100,96
2025-09-29T14:00,14.8,15.9,57.0,78.0,0.35,2.02,97,100
2025-09-29T15:00,14.7,14.9,57.0,53.0,0.71,2.16,95,89
2025-09-29T16:00,14.4,14.3,13.0,28.0,0.5,2.68,82,83
2025-09-29T17:00,13.8,13.6,0.0,0.0,0.96,2.98,85,73
2025-09-29T18:00,13.5,13.2,0.0,0.0,2.36,2.02,75,100
2025-09-29T19:00,12.8,12.8,0.0,0.0,2.28,1.55,88,99
2025-09-29T20:00,12.4,12.6,0.0,0.0,2.06,1.59,90,91
2025-09-29T21:00,12.1,12.3,0.0,0.0,2.29,2.08,90,83
2025-09-29T22:00,12.1,11.9,0.0,0.0,2.02,1.82,92,87
2025-09-29T23:00,12.0,11.7,0.0,0.0,2.63,2.02,100,85
2025-09-30T00:00,12.3,11.6,0.0,0.0,3.93,1.77,100,95
2025-09-30T01:00,12.1,11.5,0.0,0.0,3.43,1.18,99,83
2025-09-30T02:00,12.0,11.2,0.0,0.0,2.84,1.57,80,90
2025-09-30T03:00,11.7,10.8,0.0,0.0,3.03,2.27,87,100
2025-09-30T04:00,11.4,10.7,0.0,0.0,3.6,3.04,84,81
2025-09-30T05:00,11.3,10.6,19.0,13.0,3.56,3.52,80,99
2025-09-30T06:00,11.7,11.5,115.0,36.0,3.74,0.9,75,93
2025-09-30T07:00,13.2,12.2,229.0,158.0,2.52,0.5,81,85
2025-09-30T08:00,14.6,13.4,320.0,333.0,2.06,0.35,66,75
2025-09-30T09:00,16.0,14.2,482.0,424.0,1.8,0.88,66,73
2025-09-30T10:00,17.0,15.2,496.0,493.0,1.12,0.55,87,54
2025-09-30T11:00,17.8,16.4,511.0,583.0,0.89,0.57,78,57
2025-09-30T12:00,18.0,17.6,484.0,459.0,2.35,1.06,55,76
2025-09-30T13:00,18.3,17.7,448.0,394.0,2.95,1.53,60,91
2025-09-30T14:00,18.4,17.6,330.0,248.0,2.9,1.59,100,100
2025-09-30T15:00,17.9,17.2,157.0,114.0,2.86,0.81,72,100
2025-09-30T16:00,17.2,16.7,38.0,33.0,2.16,1.69,100,98
2025-09-30T17:00,16.3,15.6,0.0,0.0,1.74,5.46,100,96
2025-09-30T18:00,14.4,14.9,0.0,0.0,2.67,5.52,61,86
2025-09-30T19:00,13.7,14.0,0.0,0.0,3.29,7.1,66,68
2025-09-30T20:00,13.2,13.0,0.0,0.0,7.38,6.88,66,82
2025-09-30T21:00,12.5,12.2,0.0,0.0,8.24,6.77,52,77
2025-09-30T22:00,11.7,11.9,0.0,0.0,7.86,6.63,51,71
2025-09-30T23:00,11.2,11.6,0.0,0.0,7.14,6.89,74,72
2025-10-01T00:00,11.0,11.1,0.0,0.0,6.69,7.13,77,55
2025-10-01T01:00,10.6,10.6,0.0,0.0,6.7,7.07,64,51
2025-10-01T02:00,10.1,10.2,0.0,0.0,6.4,7.05,71,60
2025-10-01T03:00,9.8,9.9,0.0,0.0,5.62,6.67,82,63
2025-10-01T04:00,9.5,9.6,0.0,0.0,5.3,6.37,81,67
2025-10-01T05:00,9.5,9.7,20.0,21.0,5.86,6.09,81,74
2025-10-01T06:00,10.2,10.1,115.0,124.0,5.4,5.88,74,57
2025-10-01T07:00,11.6,11.8,253.0,251.0,2.95,4.02,63,76
2025-10-01T08:00,13.2,13.6,364.0,388.0,4.02,4.7,80,76
2025-10-01T09:00,14.3,15.0,408.0,461.0,4.51,5.24,79,70
2025-10-01T10:00,15.2,16.0,442.0,498.0,3.73,4.44,92,93
2025-10-01T11:00,16.1,16.7,429.0,471.0,2.67,3.41,96,90
2025-10-01T12:00,16.2,16.6,388.0,312.0,3.06,2.55,75,90
2025-10-01T13:00,16.6,17.0,414.0,355.0,2.65,2.4,80,81
2025-10-01T14:00,16.5,16.8,290.0,249.0,2.55,2.38,86,91
2025-10-01T15:00,16.1,16.3,146.0,125.0,2.84,3.02,85,83
2025-10-01T16:00,15.5,15.5,31.0,30.0,3.69,3.92,88,90
2025-10-01T17:00,14.5,14.4,0.0,0.0,5.21,6.06,83,83
2025-10-01T18:00,12.3,12.7,0.0,0.0,8.73,9.05,86,91
2025-10-01T19:00,11.1,11.6,0.0,0.0,8.7,8.98,94,75
2025-10-01T20:00,10.3,10.7,0.0,0.0,8.37,9.55,92,78
2025-10-01T21:00,9.8,10.2,0.0,0.0,8.29,9.39,93,90
2025-10-01T22:00,9.4,9.7,0.0,0.0,8.11,9.47,91,88
2025-10-01T23:00,8.9,9.3,0.0,0.0,7.77,9.9,91,87
2025-10-02T00:00,8.5,8.7,0.0,0.0,8.18,8.56,95,98
2025-10-02T01:00,8.2,8.3,0.0,0.0,8.03,8.52,91,98
2025-10-02T02:00,7.8,8.0,0.0,0.0,7.99,8.97,99,98
2025-10-02T03:00,7.4,7.8,0.0,0.0,8.81,9.01,100,95
2025-10-02T04:00,7.2,7.5,0.0,0.0,9.39,9.73,95,96
2025-10-02T05:00,7.1,7.4,6.0,7.0,10.21,10.37,97,98
2025-10-02T06:00,7.1,7.7,40.0,31.0,10.61,10.25,100,100
2025-10-02T07:00,7.4,7.5,95.0,54.0,9.51,9.6,100,100
2025-10-02T08:00,8.0,7.7,147.0,95.0,9.82,9.2,99,100
2025-10-02T09:00,8.9,8.1,209.0,133.0,9.2,9.31,100,100
2025-10-02T10:00,9.1,8.5,142.0,156.0,9.29,9.3,100,100
2025-10-02T11:00,9.3,8.8,124.0,148.0,8.68,8.75,100,100
2025-10-02T12:00,9.8,9.0,122.0,106.0,8.52,9.8,100,100
2025-10-02T13:00,9.9,9.1,88.0,74.0,8.45,10.62,100,100
2025-10-02T14:00,9.9,9.3,76.0,58.0,9.38,11.17,100,100
2025-10-02T15:00,9.6,9.4,33.0,24.0,10.0,11.68,100,100
2025-10-02T16:00,9.2,9.3,8.0,5.0,11.09,12.06,100,100
2025-10-02T17:00,8.9,9.2,0.0,0.0,11.9,13.31,100,100
2025-10-02T18:00,8.6,8.3,0.0,0.0,12.89,14.19,99,100
2025-10-02T19:00,8.3,8.1,0.0,0.0,13.11,14.22,100,100
2025-10-02T20:00,8.1,7.8,0.0,0.0,13.53,14.97,99,100
2025-10-02T21:00,7.9,7.6,0.0,0.0,13.32,15.6,100,100
2025-10-02T22:00,7.6,7.4,0.0,0.0,13.97,15.28,100,100
2025-10-02T23:00,7.5,7.2,0.0,0.0,15.27,15.6,100,100
2025-10-03T00:00,7.9,7.5,0.0,0.0,16.14,15.7,100,100
2025-10-03T01:00,7.8,7.4,0.0,0.0,16.32,16.98,100,100
2025-10-03T02:00,7.7,7.2,0.0,0.0,17.12,17.88,100,100
2025-10-03T03:00,7.6,7.1,0.0,0.0,17.47,18.08,100,100
2025-10-03T04:00,7.7,7.0,0.0,0.0,17.81,18.58,100,100
2025-10-03T05:00,7.9,7.0,2.0,2.0,18.58,17.88,100,100
2025-10-03T06:00,8.0,7.4,14.0,14.0,18.3,17.97,100,100
2025-10-03T07:00,8.0,7.7,31.0,30.0,18.08,18.3,100,100
2025-10-03T08:00,8.2,7.9,43.0,48.0,18.09,18.29,100,100
2025-10-03T09:00,8.7,8.2,51.0,47.0,17.07,17.25,100,100
2025-10-03T10:00,8.6,8.7,49.0,56.0,18.15,17.82,100,100
2025-10-03T11:00,9.1,9.0,90.0,52.0,16.53,16.23,100,100
2025-10-03T12:00,9.1,8.9,58.0,63.0,16.35,18.21,100,100
2025-10-03T13:00,9.3,9.0,49.0,54.0,15.39,18.78,100,100
2025-10-03T14:00,9.4,9.3,22.0,38.0,16.93,17.6,100,100
2025-10-03T15:00,9.4,9.5,11.0,13.0,17.56,16.54,100,100
2025-10-03T16:00,9.1,9.9,2.0,3.0,11.3,15.3,100,100
2025-10-03T17:00,8.9,9.9,0.0,0.0,8.81,10.08,100,100
2025-10-03T18:00,9.3,9.6,0.0,0.0,9.15,14.27,100,100
2025-10-03T19:00,9.7,9.6,0.0,0.0,6.91,8.63,100,100
2025-10-03T20:00,9.8,9.3,0.0,0.0,3.14,11.48,100,100
2025-10-03T21:00,9.8,9.7,0.0,0.0,3.73,7.28,100,100
2025-10-03T22:00,9.6,9.7,0.0,0.0,1.81,4.3,100,98
2025-10-03T23:00,9.2,9.9,0.0,0.0,3.59,3.18,100,99
2025-10-04T00:00,9.1,9.9,0.0,0.0,5.54,4.13,100,100
2025-10-04T01:00,9.2,9.9,0.0,0.0,5.62,5.29,100,100
2025-10-04T02:00,9.3,10.0,0.0,0.0,5.49,5.68,100,100
2025-10-04T03:00,9.3,9.9,0.0,0.0,5.4,5.26,100,100
2025-10-04T04:00,9.3,9.7,0.0,0.0,5.35,5.35,100,100
2025-10-04T05:00,9.3,9.5,3.0,3.0,5.04,4.92,100,100
2025-10-04T06:00,9.0,9.9,13.0,22.0,4.03,4.41,100,100
2025-10-04T07:00,9.0,10.0,29.0,50.0,4.21,3.7,100,100
2025-10-04T08:00,9.1,10.3,46.0,74.0,4.34,3.35,100,100
2025-10-04T09:00,9.3,10.5,52.0,83.0,4.04,3.05,100,100
2025-10-04T10:00,9.7,11.1,91.0,153.0,4.39,3.06,100,100
2025-10-04T11:00,9.9,11.4,69.0,115.0,4.67,4.1,100,100
2025-10-04T12:00,9.3,10.4,65.0,101.0,5.14,4.57,99,100
2025-10-04T13:00,9.6,10.6,76.0,104.0,4.9,5.04,99,100
2025-10-04T14:00,9.8,10.7,85.0,93.0,5.73,5.01,97,97
2025-10-04T15:00,10.1,10.8,73.0,76.0,5.7,5.19,90,90
2025-10-04T16:00,9.8,10.5,16.0,16.0,6.27,6.52,91,86
2025-10-04T17:00,9.5,10.2,0.0,0.0,7.15,7.0,90,88
2025-10-04T18:00,9.6,10.1,0.0,0.0,8.2,6.93,87,91
2025-10-04T19:00,9.2,9.8,0.0,0.0,8.99,7.13,63,90
2025-10-04T20:00,8.8,9.6,0.0,0.0,8.81,7.66,63,87
2025-10-04T21:00,8.3,9.2,0.0,0.0,8.39,7.89,48,72
2025-10-04T22:00,7.8,8.9,0.0,0.0,7.89,8.02,51,58
2025-10-04T23:00,7.4,8.6,0.0,0.0,8.54,7.85,54,58
2025-10-05T00:00,6.7,7.2,0.0,0.0,8.37,8.94,47,41
2025-10-05T01:00,6.2,6.8,0.0,0.0,9.06,9.29,32,4
2025-10-05T02:00,6.0,6.5,0.0,0.0,9.47,9.57,9,0
2025-10-05T03:00,5.9,6.3,0.0,0.0,9.7,9.57,83,58
2025-10-05T04:00,5.8,6.4,0.0,0.0,8.87,9.07,67,79
2025-10-05T05:00,5.9,6.6,19.0,15.0,7.98,8.42,75,86
2025-10-05T06:00,7.0,7.2,121.0,138.0,6.18,7.27,90,28
2025-10-05T07:00,9.0,9.2,261.0,272.0,4.86,5.14,83,86
2025-10-05T08:00,10.9,11.2,387.0,420.0,3.68,4.93,87,59
2025-10-05T09:00,12.5,13.0,493.0,523.0,3.9,4.53,100,48
2025-10-05T10:00,13.6,14.1,489.0,558.0,4.5,4.83,100,64
2025-10-05T11:00,14.3,14.2,480.0,454.0,4.71,4.83,100,91
2025-10-05T12:00,15.5,15.7,545.0,533.0,4.96,4.09,73,56
2025-10-05T13:00,15.6,15.8,427.0,407.0,4.57,4.56,100,100
2025-10-05T14:00,15.1,15.6,278.0,249.0,4.4,3.84,100,100
2025-10-05T15:00,14.4,15.0,126.0,100.0,4.75,3.8,88,100
2025-10-05T16:00,13.3,14.0,20.0,16.0,5.3,3.92,100,100
2025-10-05T17:00,12.6,13.2,0.0,0.0,4.93,3.41,86,100
2025-10-05T18:00,12.4,12.0,0.0,0.0,4.97,4.35,100,100
2025-10-05T19:00,12.3,11.7,0.0,0.0,4.38,4.17,100,91
2025-10-05T20:00,12.2,11.5,0.0,0.0,3.89,3.5,100,100
2025-10-05T21:00,12.1,11.5,0.0,0.0,2.85,2.29,100,100
2025-10-05T22:00,12.1,11.3,0.0,0.0,2.85,2.29,100,100
2025-10-05T23:00,11.9,11.0,0.0,0.0,2.24,1.58,100,100
2025-10-06T00:00,11.0,11.1,0.0,0.0,2.2,0.75,100,100
2025-10-06T01:00,10.7,10.8,0.0,0.0,3.34,2.54,98,100
2025-10-06T02:00,10.6,10.5,0.0,0.0,4.65,3.37,100,94
2025-10-06T03:00,10.3,10.3,0.0,0.0,4.37,3.61,100,80
2025-10-06T04:00,10.1,10.2,0.0,0.0,6.58,3.86,100,90
2025-10-06T05:00,10.2,10.4,9.0,7.0,5.49,4.32,100,92
2025-10-06T06:00,10.4,10.7,51.0,60.0,6.4,4.7,100,94
2025-10-06T07:00,11.1,11.3,91.0,100.0,5.82,4.85,100,99
2025-10-06T08:00,11.7,12.0,108.0,145.0,4.09,3.33,100,98
2025-10-06T09:00,11.9,12.6,112.0,165.0,3.55,3.33,100,100
2025-10-06T10:00,12.1,12.9,109.0,142.0,4.51,3.41,100,100
2025-10-06T11:00,12.4,13.1,118.0,127.0,3.72,3.84,100,100
2025-10-06T12:00,14.3,13.4,152.0,114.0,1.32,4.25,100,100
2025-10-06T13:00,14.1,13.0,98.0,64.0,0.22,4.69,100,100
2025-10-06T14:00,14.0,12.7,61.0,33.0,0.71,5.21,100,100
2025-10-06T15:00,13.8,12.4,27.0,14.0,1.5,6.23,100,100
2025-10-06T16:00,13.4,12.1,5.0,2.0,2.89,6.52,100,100
2025-10-06T17:00,12.9,11.9,0.0,0.0,4.14,6.02,100,100
2025-10-06T18:00,12.8,11.7,0.0,0.0,3.26,3.57,100,100
2025-10-06T19:00,12.5,11.6,0.0,0.0,3.77,2.55,100,100
2025-10-06T20:00,12.3,11.5,0.0,0.0,3.15,1.8,100,100
2025-10-06T21:00,12.1,11.3,0.0,0.0,2.46,2.29,100,100
2025-10-06T22:00,11.9,11.3,0.0,0.0,2.06,1.95,100,100
2025-10-06T23:00,11.8,11.2,0.0,0.0,2.42,3.09,100,100
2025-10-07T00:00,11.4,11.1,0.0,0.0,5.04,7.0,100,100
2025-10-07T01:00,11.4,11.0,0.0,0.0,4.56,6.48,100,100
2025-10-07T02:00,11.3,11.1,0.0,0.0,4.46,7.81,100,100
2025-10-07T03:00,10.9,11.0,0.0,0.0,5.79,8.15,100,100
2025-10-07T04:00,10.6,10.7,0.0,0.0,6.28,8.65,100,100
2025-10-07T05:00,10.4,10.6,3.0,2.0,7.57,9.79,100,100
2025-10-07T06:00,10.3,10.7,13.0,12.0,6.97,8.79,100,100
2025-10-07T07:00,10.4,10.8,30.0,24.0,7.19,9.39,100,100
2025-10-07T08:00,10.4,10.9,43.0,37.0,7.76,8.44,100,100
2025-10-07T09:00,10.6,11.0,57.0,54.0,6.78,8.97,100,100
2025-10-07T10:00,10.8,11.1,77.0,55.0,7.55,8.01,100,100
2025-10-07T11:00,10.9,11.2,69.0,53.0,6.54,6.89,100,100
2025-10-07T12:00,11.2,11.4,65.0,57.0,7.18,6.86,100,100
2025-10-07T13:00,11.3,11.6,46.0,43.0,7.78,6.38,99,100
2025-10-07T14:00,11.4,11.7,41.0,28.0,7.13,6.89,100,100
2025-10-07T15:00,11.2,11.5,14.0,17.0,7.69,7.18,100,100
2025-10-07T16:00,11.1,11.2,2.0,2.0,7.91,8.02,100,100
2025-10-07T17:00,10.8,11.2,0.0,0.0,7.18,9.05,100,100
2025-10-07T18:00,10.8,10.9,0.0,0.0,7.24,8.27,100,100
2025-10-07T19:00,10.6,10.9,0.0,0.0,6.73,9.73,100,100
2025-10-07T20:00,10.4,10.7,0.0,0.0,6.81,9.1,100,100
2025-10-07T21:00,10.3,10.5,0.0,0.0,8.43,8.86,100,100
2025-10-07T22:00,10.1,10.2,0.0,0.0,8.5,9.36,100,100
2025-10-07T23:00,10.0,10.3,0.0,0.0,6.73,9.64,100,97
2025-10-08T00:00,11.6,10.7,0.0,0.0,10.79,8.82,100,100
2025-10-08T01:00,12.0,10.9,0.0,0.0,11.62,8.8,100,100
2025-10-08T02:00,12.4,11.1,0.0,0.0,12.86,9.75,100,100
2025-10-08T03:00,12.4,11.4,0.0,0.0,12.59,11.47,100,100
2025-10-08T04:00,12.3,11.6,0.0,0.0,13.2,10.88,100,100
2025-10-08T05:00,12.4,11.5,1.0,1.0,12.43,9.42,100,100
2025-10-08T06:00,12.8,11.0,11.0,10.0,14.24,8.04,100,100
2025-10-08T07:00,13.2,11.2,31.0,19.0,12.75,7.26,100,100
2025-10-08T08:00,13.6,11.4,53.0,28.0,14.38,7.04,100,100
2025-10-08T09:00,13.3,11.9,45.0,44.0,14.51,6.99,100,100
2025-10-08T10:00,13.4,12.4,52.0,43.0,13.61,6.73,100,100
2025-10-08T11:00,13.1,12.9,60.0,57.0,10.22,6.47,100,100
2025-10-08T12:00,13.3,13.3,72.0,72.0,11.25,8.04,100,100
2025-10-08T13:00,13.1,13.1,58.0,44.0,9.78,6.57,100,100
2025-10-08T14:00,12.9,12.8,36.0,23.0,7.32,5.48,100,100
2025-10-08T15:00,12.6,12.4,16.0,12.0,4.75,5.63,100,100
2025-10-08T16:00,12.4,12.2,2.0,2.0,3.7,6.37,100,100
2025-10-08T17:00,12.4,12.0,0.0,0.0,5.3,6.81,100,100
2025-10-08T18:00,12.5,12.2,0.0,0.0,5.82,4.82,100,100
2025-10-08T19:00,12.3,12.1,0.0,0.0,5.96,5.68,100,100
2025-10-08T20:00,12.1,12.0,0.0,0.0,5.63,6.17,100,100
2025-10-08T21:00,12.0,11.8,0.0,0.0,6.01,6.68,100,100
2025-10-08T22:00,11.8,11.6,0.0,0.0,7.17,6.86,100,100
2025-10-08T23:00,11.5,11.4,0.0,0.0,7.13,5.92,100,100
2025-10-09T00:00,11.3,11.3,0.0,0.0,7.68,7.87,100,100
2025-10-09T01:00,11.1,11.2,0.0,0.0,7.17,7.13,98,100
2025-10-09T02:00,10.9,11.1,0.0,0.0,5.98,6.58,98,100
2025-10-09T03:00,10.8,11.0,0.0,0.0,5.13,6.72,93,94
2025-10-09T04:00,10.7,11.0,0.0,0.0,5.59,6.18,94,92
2025-10-09T05:00,10.8,11.0,5.0,5.0,5.39,6.31,94,95
2025-10-09T06:00,11.1,11.1,40.0,44.0,5.26,3.64,91,95
2025-10-09T07:00,11.9,11.6,146.0,87.0,4.03,3.51,87,97
2025-10-09T08:00,13.3,12.2,290.0,138.0,3.61,3.37,81,100
2025-10-09T09:00,14.5,12.8,358.0,189.0,3.32,3.33,83,100
2025-10-09T10:00,15.4,13.0,390.0,183.0,3.38,3.59,95,100
2025-10-09T11:00,16.0,13.8,286.0,273.0,3.07,3.73,90,100
2025-10-09T12:00,16.2,14.8,379.0,306.0,1.79,2.87,77,98
2025-10-09T13:00,16.2,15.2,320.0,231.0,1.58,1.86,62,92
2025-10-09T14:00,16.1,15.4,233.0,183.0,1.77,1.33,70,78
2025-10-09T15:00,15.7,15.1,123.0,97.0,0.88,1.67,45,73
2025-10-09T16:00,14.7,14.2,18.0,14.0,0.57,1.02,48,72
2025-10-09T17:00,13.4,13.4,0.0,0.0,1.87,0.98,49,88
2025-10-09T18:00,12.2,13.6,0.0,0.0,2.98,3.07,56,76
2025-10-09T19:00,11.9,12.9,0.0,0.0,2.8,3.74,47,66
2025-10-09T20:00,11.6,12.3,0.0,0.0,2.83,4.37,48,50
2025-10-09T21:00,11.2,11.8,0.0,0.0,1.5,4.22,47,49
2025-10-09T22:00,10.8,11.2,0.0,0.0,1.62,3.43,73,75
2025-10-09T23:00,10.5,10.7,0.0,0.0,0.79,2.97,64,92
2025-10-10T00:00,9.1,10.7,0.0,0.0,1.67,3.4,43,67
2025-10-10T01:00,8.7,10.2,0.0,0.0,1.52,3.68,43,68
2025-10-10T02:00,8.4,9.7,0.0,0.0,2.76,3.29,61,73
2025-10-10T03:00,8.4,9.4,0.0,0.0,3.29,3.22,96,80
2025-10-10T04:00,8.8,9.0,0.0,0.0,4.29,3.53,81,87
2025-10-10T05:00,8.8,9.0,11.0,8.0,4.51,4.03,49,93
2025-10-10T06:00,9.4,9.1,109.0,123.0,4.13,4.67,43,6
2025-10-10T07:00,11.2,10.8,258.0,264.0,3.92,4.33,43,53
2025-10-10T08:00,13.1,12.5,398.0,367.0,2.02,2.67,43,69
2025-10-10T09:00,14.9,14.3,489.0,474.0,2.41,3.33,47,14
2025-10-10T10:00,16.1,15.8,484.0,579.0,3.32,3.19,74,12
2025-10-10T11:00,16.9,17.0,473.0,564.0,3.29,3.58,42,55
2025-10-10T12:00,18.6,16.8,541.0,318.0,5.3,3.82,31,45
2025-10-10T13:00,18.7,17.7,434.0,401.0,5.52,4.91,38,52
2025-10-10T14:00,18.1,17.6,290.0,278.0,5.74,6.32,14,57
2025-10-10T15:00,17.1,16.6,135.0,120.0,5.56,5.92,0,33
2025-10-10T16:00,15.7,15.2,17.0,16.0,6.75,6.1,19,46
2025-10-10T17:00,15.0,14.3,0.0,0.0,6.97,8.68,98,99
2025-10-10T18:00,14.3,13.7,0.0,0.0,8.42,8.11,81,93
2025-10-10T19:00,13.9,13.4,0.0,0.0,9.95,8.39,78,61
2025-10-10T20:00,13.8,12.9,0.0,0.0,9.68,6.89,100,88
2025-10-10T21:00,13.5,12.7,0.0,0.0,8.08,6.23,100,90
2025-10-10T22:00,13.0,12.6,0.0,0.0,7.05,5.83,100,90
2025-10-10T23:00,12.6,12.3,0.0,0.0,5.68,5.7,100,90
2025-10-11T00:00,12.1,12.1,0.0,0.0,3.34,5.0,94,100
2025-10-11T01:00,11.8,11.9,0.0,0.0,5.63,4.83,95,100
2025-10-11T02:00,11.7,11.7,0.0,0.0,5.73,3.96,100,100
2025-10-11T03:00,11.6,11.6,0.0,0.0,3.02,2.02,100,100
2025-10-11T04:00,11.5,11.5,0.0,0.0,1.71,1.11,100,100
2025-10-11T05:00,11.4,11.4,2.0,5.0,6.86,3.45,100,100
2025-10-11T06:00,11.3,12.1,31.0,52.0,5.75,6.52,97,100
2025-10-11T07:00,11.8,12.8,134.0,148.0,3.73,4.45,93,100
2025-10-11T08:00,12.8,13.2,289.0,207.0,2.74,4.02,50,100
2025-10-11T09:00,14.1,13.5,439.0,215.0,1.31,3.33,63,100
2025-10-11T10:00,15.4,14.1,500.0,272.0,3.48,2.77,66,71
2025-10-11T11:00,15.6,15.4,484.0,486.0,4.06,1.97,62,82
2025-10-11T12:00,16.5,16.5,418.0,468.0,4.75,4.12,78,76
2025-10-11T13:00,16.0,16.7,285.0,410.0,3.44,3.8,90,80
2025-10-11T14:00,15.7,16.6,201.0,280.0,3.64,3.51,51,36
2025-10-11T15:00,15.5,15.9,123.0,132.0,3.88,1.88,15,28
2025-10-11T16:00,14.6,14.7,15.0,15.0,2.06,0.22,11,1
2025-10-11T17:00,13.9,13.8,0.0,0.0,2.92,2.34,0,10
2025-10-11T18:00,13.3,13.3,0.0,0.0,2.47,2.96,0,100
2025-10-11T19:00,12.7,12.3,0.0,0.0,1.77,2.59,0,83
2025-10-11T20:00,11.8,11.3,0.0,0.0,0.81,0.98,0,0
2025-10-11T21:00,11.2,10.8,0.0,0.0,2.29,3.34,51,37
2025-10-11T22:00,10.6,11.0,0.0,0.0,4.72,4.61,76,74
2025-10-11T23:00,10.6,10.4,0.0,0.0,5.3,5.29,93,86
2025-10-12T00:00,10.9,10.2,0.0,0.0,4.29,4.51,91,83
2025-10-12T01:00,11.0,10.1,0.0,0.0,2.86,4.96,95,80
2025-10-12T02:00,10.7,9.8,0.0,0.0,2.53,4.74,76,75
2025-10-12T03:00,10.4,9.4,0.0,0.0,3.57,5.94,68,62
2025-10-12T04:00,10.1,9.1,0.0,0.0,3.08,5.37,72,69
2025-10-12T05:00,10.2,9.2,8.0,6.0,2.65,2.65,72,83
2025-10-12T06:00,10.9,10.4,53.0,56.0,3.74,3.43,94,82
2025-10-12T07:00,11.9,11.5,129.0,142.0,5.29,4.0,96,94
2025-10-12T08:00,13.5,12.7,182.0,193.0,3.77,3.91,91,75
2025-10-12T09:00,15.1,14.6,265.0,349.0,2.56,2.23,87,69
2025-10-12T10:00,16.2,16.3,285.0,422.0,2.31,2.36,81,69
2025-10-12T11:00,17.0,17.1,315.0,411.0,2.51,2.04,83,73
2025-10-12T12:00,18.4,17.8,395.0,367.0,3.07,2.11,63,56
2025-10-12T13:00,18.7,18.4,329.0,376.0,3.03,1.98,66,42
2025-10-12T14:00,18.7,18.5,207.0,254.0,2.85,1.93,86,76
2025-10-12T15:00,18.4,18.1,82.0,84.0,2.69,2.07,62,87
2025-10-12T16:00,17.1,17.2,12.0,8.0,2.79,2.82,57,87
2025-10-12T17:00,16.0,16.3,0.0,0.0,3.46,3.42,87,83
2025-10-12T18:00,15.8,15.0,0.0,0.0,5.53,4.04,78,87
2025-10-12T19:00,15.3,14.7,0.0,0.0,6.58,5.35,93,83
2025-10-12T20:00,14.9,14.6,0.0,0.0,7.78,6.28,86,83
2025-10-12T21:00,14.2,13.7,0.0,0.0,7.66,6.01,81,58
2025-10-12T22:00,13.7,12.9,0.0,0.0,7.58,5.13,81,82
2025-10-12T23:00,13.1,12.6,0.0,0.0,6.62,4.03,89,87
2025-10-13T00:00,13.0,12.5,0.0,0.0,5.49,5.42,98,70
2025-10-13T01:00,12.7,11.8,0.0,0.0,4.88,6.1,93,66
2025-10-13T02:00,12.1,11.1,0.0,0.0,4.59,6.33,84,43
2025-10-13T03:00,11.4,10.5,0.0,0.0,4.65,5.77,71,65
2025-10-13T04:00,10.8,10.1,0.0,0.0,4.53,5.11,82,76
2025-10-13T05:00,10.5,9.9,9.0,8.0,4.84,4.31,66,82
2025-10-13T06:00,11.2,10.9,93.0,85.0,4.91,3.9,59,88
2025-10-13T07:00,12.1,11.8,240.0,185.0,2.83,2.65,40,87
2025-10-13T08:00,13.8,13.3,394.0,312.0,2.24,2.34,53,65
2025-10-13T09:00,15.4,14.8,474.0,424.0,2.1,1.67,64,70
2025-10-13T10:00,16.8,16.3,539.0,512.0,2.77,1.87,36,60
2025-10-13T11:00,17.8,17.3,565.0,514.0,2.39,1.69,38,59
2025-10-13T12:00,18.8,18.4,462.0,496.0,0.96,2.72,79,38
2025-10-13T13:00,18.9,18.8,308.0,403.0,1.12,2.09,85,70
2025-10-13T14:00,16.1,18.8,132.0,230.0,8.02,1.29,98,72
2025-10-13T15:00,14.1,18.4,63.0,100.0,7.2,0.31,77,92
2025-10-13T16:00,13.3,14.9,8.0,7.0,6.32,8.48,83,100
2025-10-13T17:00,12.9,13.7,0.0,0.0,6.08,7.41,86,99
2025-10-13T18:00,12.4,13.0,0.0,0.0,6.08,5.82,89,99
2025-10-13T19:00,12.1,12.6,0.0,0.0,5.88,5.06,94,96
2025-10-13T20:00,11.9,12.2,0.0,0.0,5.56,5.19,99,99
2025-10-13T21:00,11.6,11.9,0.0,0.0,5.64,5.71,100,99
2025-10-13T22:00,11.0,11.6,0.0,0.0,6.1,5.71,100,96
2025-10-13T23:00,10.4,11.2,0.0,0.0,5.31,5.67,100,97
2025-10-14T00:00,10.2,10.8,0.0,0.0,4.17,5.06,100,98
2025-10-14T01:00,9.9,10.4,0.0,0.0,4.29,4.7,99,95
2025-10-14T02:00,9.5,10.1,0.0,0.0,3.51,4.39,98,94
2025-10-14T03:00,9.0,9.8,0.0,0.0,3.38,4.19,100,100
2025-10-14T04:00,8.7,9.5,0.0,0.0,3.6,4.46,100,99
2025-10-14T05:00,8.6,9.0,2.0,2.0,2.64,4.35,99,100
2025-10-14T06:00,8.8,9.0,35.0,46.0,2.59,2.23,95,90
2025-10-14T07:00,9.4,9.6,107.0,141.0,1.85,2.45,89,84
2025-10-14T08:00,10.6,10.8,245.0,289.0,1.79,2.33,83,71
2025-10-14T09:00,11.8,12.0,354.0,403.0,1.28,2.24,80,75
2025-10-14T10:00,13.0,12.9,437.0,440.0,1.12,1.96,84,80
2025-10-14T11:00,13.9,13.5,382.0,394.0,1.19,1.24,85,99
2025-10-14T12:00,14.3,14.5,285.0,390.0,0.28,0.77,100,93
2025-10-14T13:00,14.7,14.6,220.0,277.0,0.59,1.58,96,100
2025-10-14T14:00,14.8,14.3,212.0,178.0,1.29,1.68,80,100
2025-10-14T15:00,14.3,13.9,105.0,77.0,1.49,1.67,55,100
2025-10-14T16:00,13.2,13.1,9.0,8.0,1.48,2.57,49,100
2025-10-14T17:00,12.3,12.2,0.0,0.0,1.57,3.08,88,99
2025-10-14T18:00,11.5,12.1,0.0,0.0,2.02,2.23,83,85
2025-10-14T19:00,11.0,11.5,0.0,0.0,1.88,3.2,71,85
2025-10-14T20:00,10.7,10.9,0.0,0.0,2.11,3.89,84,95
2025-10-14T21:00,10.5,10.4,0.0,0.0,2.36,4.08,97,96
2025-10-14T22:00,10.4,10.2,0.0,0.0,2.57,4.08,94,97
2025-10-14T23:00,10.3,10.0,0.0,0.0,1.88,3.54,80,94
2025-10-15T00:00,10.3,10.8,0.0,0.0,5.7,3.98,100,94
2025-10-15T01:00,10.2,10.7,0.0,0.0,6.47,3.66,99,97
2025-10-15T02:00,9.9,10.6,0.0,0.0,5.6,3.55,100,91
2025-10-15T03:00,9.8,10.4,0.0,0.0,5.7,3.46,99,92
2025-10-15T04:00,9.9,10.3,0.0,0.0,6.27,4.19,99,95
2025-10-15T05:00,9.6,10.2,2.0,2.0,5.73,5.25,99,96
2025-10-15T06:00,9.8,9.9,27.0,43.0,5.46,4.75,98,100
2025-10-15T07:00,9.9,10.3,72.0,134.0,5.13,4.12,95,100
2025-10-15T08:00,10.3,11.0,145.0,215.0,4.84,4.24,95,96
2025-10-15T09:00,10.5,11.5,164.0,211.0,4.59,4.33,95,98
2025-10-15T10:00,11.2,12.1,236.0,230.0,4.37,4.16,100,95
2025-10-15T11:00,11.4,12.6,208.0,258.0,4.19,4.0,97,94
2025-10-15T12:00,12.1,13.2,266.0,319.0,3.69,4.73,89,87
2025-10-15T13:00,12.4,13.2,236.0,295.0,3.0,4.62,91,77
2025-10-15T14:00,12.2,12.8,148.0,190.0,3.13,4.32,88,77
2025-10-15T15:00,11.6,12.2,70.0,85.0,3.29,4.43,86,71
2025-10-15T16:00,10.9,11.3,6.0,8.0,3.61,4.78,79,75
2025-10-15T17:00,10.3,10.5,0.0,0.0,4.13,5.48,90,85
2025-10-15T18:00,9.5,9.5,0.0,0.0,4.35,4.69,96,93
2025-10-15T19:00,9.4,9.3,0.0,0.0,4.11,4.78,94,97
2025-10-15T20:00,9.2,9.2,0.0,0.0,4.33,4.93,89,97
2025-10-15T21:00,8.9,9.2,0.0,0.0,4.39,4.68,90,97
2025-10-15T22:00,8.8,9.1,0.0,0.0,5.14,4.86,91,91
2025-10-15T23:00,8.8,8.8,0.0,0.0,5.39,4.71,89,84
2025-10-16T00:00,9.2,8.4,0.0,0.0,4.9,4.52,92,94
2025-10-16T01:00,9.1,8.3,0.0,0.0,4.78,4.19,86,95
2025-10-16T02:00,8.8,8.1,0.0,0.0,4.31,3.99,91,78
2025-10-16T03:00,8.6,7.4,0.0,0.0,4.53,4.03,89,56
2025-10-16T04:00,8.5,6.7,0.0,0.0,4.94,4.78,80,52
2025-10-16T05:00,8.3,6.4,6.0,8.0,5.14,4.93,81,60
2025-10-16T06:00,9.2,8.9,49.0,51.0,4.35,5.44,89,90
2025-10-16T07:00,10.2,9.8,138.0,111.0,4.04,5.31,89,94
2025-10-16T08:00,11.6,10.9,265.0,190.0,2.97,3.25,86,92
2025-10-16T09:00,13.0,12.0,397.0,307.0,2.75,3.53,71,90
2025-10-16T10:00,14.2,13.0,433.0,350.0,2.64,3.17,88,91
2025-10-16T11:00,14.5,13.7,255.0,346.0,2.22,2.54,99,90
2025-10-16T12:00,14.7,15.7,296.0,343.0,0.69,1.98,89,87
2025-10-16T13:00,14.9,16.0,226.0,338.0,1.02,1.32,67,74
2025-10-16T14:00,14.8,16.0,180.0,236.0,1.18,1.27,78,67
2025-10-16T15:00,14.3,15.5,85.0,94.0,2.06,2.11,49,62
2025-10-16T16:00,13.1,14.0,7.0,7.0,2.74,3.33,29,22
2025-10-16T17:00,11.8,12.7,0.0,0.0,3.34,3.52,7,11
2025-10-16T18:00,10.2,12.6,0.0,0.0,2.56,1.87,70,44
2025-10-16T19:00,9.7,11.7,0.0,0.0,3.06,3.08,25,16
2025-10-16T20:00,9.2,11.0,0.0,0.0,3.15,4.15,73,18
2025-10-16T21:00,8.9,10.5,0.0,0.0,2.73,4.79,84,36
2025-10-16T22:00,8.9,10.0,0.0,0.0,2.85,3.75,66,36
2025-10-16T23:00,8.6,9.3,0.0,0.0,3.16,3.14,59,34
2025-10-17T00:00,8.9,9.5,0.0,0.0,3.85,2.91,75,84
2025-10-17T01:00,8.6,9.4,0.0,0.0,3.88,2.85,70,83
2025-10-17T02:00,8.3,9.3,0.0,0.0,4.0,2.59,55,89
2025-10-17T03:00,8.0,9.3,0.0,0.0,3.24,2.43,68,84
2025-10-17T04:00,7.8,9.2,0.0,0.0,2.17,2.15,71,80
2025-10-17T05:00,7.8,9.0,6.0,5.0,2.26,2.36,68,97
2025-10-17T06:00,8.3,9.4,99.0,101.0,2.08,2.6,33,26
2025-10-17T07:00,10.5,11.5,252.0,251.0,2.37,2.72,8,95
2025-10-17T08:00,13.0,13.5,398.0,375.0,1.77,1.67,0,83
2025-10-17T09:00,14.9,15.3,505.0,485.0,1.67,2.02,33,89
2025-10-17T10:00,16.4,16.9,558.0,502.0,1.67,2.94,77,81
2025-10-17T11:00,17.4,17.8,521.0,443.0,3.03,3.26,48,83
2025-10-17T12:00,17.6,18.0,396.0,384.0,2.67,3.68,81,89
2025-10-17T13:00,17.7,18.0,278.0,293.0,3.5,3.59,75,90
2025-10-17T14:00,17.4,17.8,211.0,198.0,3.38,3.34,57,99
2025-10-17T15:00,16.7,17.3,93.0,67.0,2.53,3.82,67,100
2025-10-17T16:00,15.4,16.1,6.0,5.0,2.78,4.91,82,96
2025-10-17T17:00,14.5,15.1,0.0,0.0,3.13,6.58,100,100
2025-10-17T18:00,13.9,14.3,0.0,0.0,5.16,6.58,99,100
2025-10-17T19:00,13.5,13.9,0.0,0.0,6.32,7.9,100,100
2025-10-17T20:00,12.9,13.5,0.0,0.0,6.73,7.51,74,100
2025-10-17T21:00,12.5,13.1,0.0,0.0,6.18,6.96,91,100
2025-10-17T22:00,12.2,12.7,0.0,0.0,5.43,6.49,94,100
2025-10-17T23:00,12.0,12.4,0.0,0.0,4.24,5.77,97,100
2025-10-18T00:00,11.7,12.1,0.0,0.0,3.89,4.41,100,100
2025-10-18T01:00,11.4,11.8,0.0,0.0,3.74,3.6,100,98
2025-10-18T02:00,11.2,11.7,0.0,0.0,3.1,3.11,100,100
2025-10-18T03:00,11.0,11.5,0.0,0.0,2.72,3.69,100,95
2025-10-18T04:00,10.9,11.5,0.0,0.0,1.92,3.61,96,100
2025-10-18T05:00,10.8,11.5,3.0,1.0,1.87,3.73,92,100
2025-10-18T06:00,11.0,11.9,44.0,23.0,0.69,3.53,96,100
2025-10-18T07:00,11.7,12.5,103.0,76.0,0.6,2.77,89,100
2025-10-18T08:00,12.9,13.1,215.0,115.0,0.35,1.8,95,98
2025-10-18T09:00,13.9,13.6,268.0,144.0,0.63,1.27,86,97
2025-10-18T10:00,14.8,14.1,324.0,162.0,1.87,1.19,89,99
2025-10-18T11:00,15.6,14.4,377.0,150.0,2.66,1.46,94,100
2025-10-18T12:00,16.2,15.0,263.0,196.0,2.85,2.66,100,100
2025-10-18T13:00,15.9,15.1,145.0,187.0,3.04,3.65,100,98
2025-10-18T14:00,15.3,15.1,79.0,132.0,4.09,3.79,100,94
2025-10-18T15:00,14.5,14.6,28.0,53.0,4.34,4.31,100,98
2025-10-18T16:00,13.8,14.0,2.0,3.0,5.61,4.73,100,100
2025-10-18T17:00,13.4,13.4,0.0,0.0,6.35,6.21,97,94
2025-10-18T18:00,13.4,13.3,0.0,0.0,7.94,7.22,98,91
2025-10-18T19:00,13.1,13.0,0.0,0.0,7.26,7.6,96,100
2025-10-18T20:00,12.8,12.8,0.0,0.0,7.18,7.23,95,99
2025-10-18T21:00,12.5,12.6,0.0,0.0,6.63,7.23,93,97
2025-10-18T22:00,12.0,12.4,0.0,0.0,6.57,6.51,81,95
2025-10-18T23:00,11.6,12.3,0.0,0.0,6.92,5.95,89,88
2025-10-19T00:00,11.8,12.0,0.0,0.0,5.8,5.19,89,90
2025-10-19T01:00,11.6,11.7,0.0,0.0,4.71,5.11,90,89
2025-10-19T02:00,11.4,11.3,0.0,0.0,3.79,4.33,90,91
2025-10-19T03:00,11.2,10.9,0.0,0.0,2.79,2.81,88,86
2025-10-19T04:00,10.9,10.6,0.0,0.0,1.63,1.61,83,83
2025-10-19T05:00,10.6,10.3,3.0,3.0,1.79,3.9,91,81
2025-10-19T06:00,10.8,9.3,71.0,76.0,3.75,6.06,69,68
2025-10-19T07:00,12.2,9.7,214.0,168.0,2.84,4.3,54,74
2025-10-19T08:00,12.8,10.7,363.0,299.0,3.92,4.3,43,68
2025-10-19T09:00,13.1,11.8,467.0,411.0,3.08,3.61,51,73
2025-10-19T10:00,13.7,12.7,522.0,485.0,2.02,3.35,51,61
2025-10-19T11:00,14.3,13.4,508.0,494.0,1.2,2.87,36,63
2025-10-19T12:00,15.1,14.3,498.0,456.0,0.31,1.0,27,43
2025-10-19T13:00,15.2,14.4,402.0,383.0,0.92,0.66,28,51
2025-10-19T14:00,14.9,14.2,261.0,243.0,1.73,2.02,24,45
2025-10-19T15:00,14.3,13.4,99.0,89.0,2.26,2.66,42,55
2025-10-19T16:00,13.3,12.5,5.0,4.0,2.26,3.04,28,40
2025-10-19T17:00,11.9,11.2,0.0,0.0,2.42,3.59,6,0
2025-10-19T18:00,10.5,11.0,0.0,0.0,3.4,5.01,16,71
2025-10-19T19:00,9.4,10.3,0.0,0.0,6.89,6.06,29,68
2025-10-19T20:00,8.7,9.7,0.0,0.0,6.48,6.4,13,29
2025-10-19T21:00,7.9,8.8,0.0,0.0,5.47,5.83,0,24
2025-10-19T22:00,7.3,8.1,0.0,0.0,5.48,5.76,27,5
2025-10-19T23:00,6.9,7.6,0.0,0.0,5.82,6.52,47,0
2025-10-20T00:00,6.8,6.9,0.0,0.0,5.57,4.87,79,11
2025-10-20T01:00,6.6,6.5,0.0,0.0,5.33,4.86,66,0
2025-10-20T02:00,6.4,6.1,0.0,0.0,5.19,4.58,27,1
2025-10-20T03:00,6.1,5.7,0.0,0.0,4.95,4.09,25,0
2025-10-20T04:00,5.6,5.3,0.0,0.0,4.62,3.45,17,2
2025-10-20T05:00,5.1,5.0,5.0,5.0,4.84,2.67,2,0
2025-10-20T06:00,5.7,6.0,97.0,99.0,4.32,4.9,0,0
2025-10-20T07:00,7.3,7.6,252.0,254.0,3.53,5.04,1,0
2025-10-20T08:00,9.2,9.3,397.0,400.0,1.58,3.1,0,0
2025-10-20T09:00,10.9,10.8,506.0,508.0,1.4,2.25,0,0
2025-10-20T10:00,12.4,12.1,564.0,566.0,1.01,1.74,0,0
2025-10-20T11:00,13.5,13.1,565.0,567.0,0.88,1.33,0,0
2025-10-20T12:00,14.4,14.0,511.0,511.0,1.06,1.06,0,0
2025-10-20T13:00,14.6,14.2,404.0,404.0,1.1,0.81,0,1
2025-10-20T14:00,14.4,13.9,258.0,257.0,1.15,0.96,0,0
2025-10-20T15:00,13.8,13.4,99.0,98.0,1.12,1.32,0,0
2025-10-20T16:00,12.6,12.0,4.0,5.0,1.18,1.98,0,0
2025-10-20T17:00,11.3,10.7,0.0,0.0,1.58,2.29,0,0
2025-10-20T18:00,9.4,9.8,0.0,0.0,2.97,1.96,0,0
2025-10-20T19:00,8.3,8.5,0.0,0.0,4.9,3.58,0,0
2025-10-20T20:00,7.5,7.8,0.0,0.0,7.11,6.03,0,0
2025-10-20T21:00,6.7,7.1,0.0,0.0,6.89,6.77,0,0
2025-10-20T22:00,6.1,6.5,0.0,0.0,6.38,5.81,0,0
2025-10-20T23:00,5.6,5.9,0.0,0.0,5.98,5.1,0,0
2025-10-21T00:00,4.0,5.6,0.0,0.0,5.79,4.99,1,14
2025-10-21T01:00,3.7,5.1,0.0,0.0,6.34,5.74,3,42
2025-10-21T02:00,3.4,4.7,0.0,0.0,7.24,6.57,8,19
2025-10-21T03:00,3.2,4.4,0.0,0.0,7.14,6.72,18,2
2025-10-21T04:00,3.1,4.2,0.0,0.0,7.1,6.5,47,66
2025-10-21T05:00,3.1,4.2,4.0,4.0,6.91,6.54,80,94
2025-10-21T06:00,3.9,5.1,87.0,76.0,6.73,6.2,41,90
2025-10-21T07:00,6.3,6.9,226.0,215.0,5.95,5.52,93,98
2025-10-21T08:00,8.8,9.0,343.0,324.0,3.29,3.45,92,65
2025-10-21T09:00,11.1,11.1,460.0,462.0,2.77,2.94,77,96
2025-10-21T10:00,12.9,12.6,521.0,453.0,2.46,2.31,73,100
2025-10-21T11:00,14.1,13.7,521.0,432.0,2.33,1.9,97,100
2025-10-21T12:00,15.5,15.2,430.0,348.0,2.0,1.67,100,100
2025-10-21T13:00,15.7,15.4,277.0,243.0,1.67,1.4,100,100
2025-10-21T14:00,15.7,15.4,160.0,141.0,1.4,1.06,100,100
2025-10-21T15:00,15.1,15.0,60.0,55.0,2.2,1.32,98,100
2025-10-21T16:00,13.5,13.8,3.0,3.0,2.94,2.16,99,100
2025-10-21T17:00,12.3,12.8,0.0,0.0,3.24,2.42,100,100
2025-10-21T18:00,11.5,11.7,0.0,0.0,3.57,3.44,100,100
2025-10-21T19:00,10.9,11.1,0.0,0.0,4.22,3.87,99,100
2025-10-21T20:00,10.3,10.6,0.0,0.0,3.95,3.64,100,100
2025-10-21T21:00,10.0,10.0,0.0,0.0,4.61,2.81,92,88
2025-10-21T22:00,9.8,9.3,0.0,0.0,4.63,2.02,94,81
2025-10-21T23:00,9.4,8.7,0.0,0.0,3.94,2.26,84,68
2025-10-22T00:00,8.3,7.2,0.0,0.0,2.65,1.5,91,71
2025-10-22T01:00,7.2,6.2,0.0,0.0,1.28,0.71,89,100
2025-10-22T02:00,6.9,6.0,0.0,0.0,0.84,0.81,93,100
2025-10-22T03:00,6.9,5.8,0.0,0.0,1.4,0.9,92,79
2025-10-22T04:00,7.0,5.6,0.0,0.0,1.55,1.08,83,63
2025-10-22T05:00,7.1,5.1,3.0,3.0,1.74,0.98,91,74
2025-10-22T06:00,6.7,6.9,81.0,71.0,1.43,1.67,73,63
2025-10-22T07:00,9.6,9.6,220.0,222.0,1.28,1.84,88,40
2025-10-22T08:00,12.6,12.5,362.0,363.0,0.84,0.77,27,45
2025-10-22T09:00,15.1,14.5,470.0,453.0,0.63,0.35,30,43
2025-10-22T10:00,16.9,16.2,528.0,510.0,0.6,0.4,41,66
2025-10-22T11:00,18.1,17.2,528.0,498.0,0.89,0.88,22,70
2025-10-22T12:00,19.3,18.3,481.0,380.0,1.1,1.1,4,86
2025-10-22T13:00,19.5,18.7,378.0,351.0,1.24,1.33,2,35
2025-10-22T14:00,19.2,18.5,236.0,223.0,1.39,1.39,6,37
2025-10-22T15:00,18.3,17.8,84.0,75.0,2.16,1.67,100,65
2025-10-22T16:00,16.5,16.3,3.0,2.0,2.75,2.2,93,88
2025-10-22T17:00,15.5,15.6,0.0,0.0,2.37,2.02,72,79
2025-10-22T18:00,14.6,13.9,0.0,0.0,2.45,2.06,95,42
2025-10-22T19:00,13.7,12.5,0.0,0.0,3.16,2.26,100,41
2025-10-22T20:00,13.3,11.4,0.0,0.0,2.73,2.56,94,100
2025-10-22T21:00,12.5,10.8,0.0,0.0,2.17,2.94,87,90
2025-10-22T22:00,11.8,10.5,0.0,0.0,1.52,4.24,68,93
2025-10-22T23:00,11.4,10.2,0.0,0.0,1.82,2.92,63,60
2025-10-23T00:00,11.3,9.2,0.0,0.0,0.98,1.71,64,49
2025-10-23T01:00,11.0,8.8,0.0,0.0,1.08,2.08,78,55
2025-10-23T02:00,10.7,8.4,0.0,0.0,1.01,2.28,87,40
2025-10-23T03:00,10.5,8.0,0.0,0.0,1.18,2.55,74,54
2025-10-23T04:00,10.2,7.8,0.0,0.0,1.18,2.17,75,57
2025-10-23T05:00,10.1,7.7,2.0,2.0,1.31,2.19,75,72
2025-10-23T06:00,9.8,10.9,64.0,70.0,0.42,0.44,70,50
2025-10-23T07:00,12.0,12.9,189.0,216.0,0.44,0.66,51,30
2025-10-23T08:00,14.6,15.6,336.0,353.0,0.1,1.06,39,25
2025-10-23T09:00,17.1,18.0,446.0,452.0,0.0,0.28,36,35
2025-10-23T10:00,18.9,19.5,509.0,514.0,0.69,0.84,47,18
2025-10-23T11:00,20.1,20.4,519.0,523.0,0.79,1.36,6,15
2025-10-23T12:00,21.2,20.9,469.0,462.0,2.15,1.49,5,73
2025-10-23T13:00,21.3,21.0,365.0,355.0,2.31,1.74,24,64
2025-10-23T14:00,20.8,20.6,226.0,225.0,2.47,1.93,74,1
2025-10-23T15:00,20.0,19.8,76.0,80.0,2.64,2.28,6,1
2025-10-23T16:00,18.0,18.0,2.0,2.0,3.0,2.59,0,0
2025-10-23T17:00,16.7,16.8,0.0,0.0,3.12,2.37,0,0
2025-10-23T18:00,15.8,15.9,0.0,0.0,3.47,2.3,0,0
2025-10-23T19:00,15.3,15.1,0.0,0.0,3.26,2.43,27,7
2025-10-23T20:00,14.7,14.2,0.0,0.0,2.8,2.1,39,0
2025-10-23T21:00,13.6,13.0,0.0,0.0,2.71,2.79,47,0
2025-10-23T22:00,12.8,12.5,0.0,0.0,2.85,3.8,24,2
2025-10-23T23:00,12.0,12.0,0.0,0.0,3.33,3.33,7,0
2025-10-24T00:00,11.5,11.7,0.0,0.0,2.86,2.78,9,7
2025-10-24T01:00,11.1,11.2,0.0,0.0,2.89,2.47,16,7
2025-10-24T02:00,10.8,10.6,0.0,0.0,3.76,2.98,100,45
2025-10-24T03:00,10.7,10.4,0.0,0.0,4.46,3.76,34,96
2025-10-24T04:00,10.7,10.4,0.0,0.0,4.81,4.24,100,100
2025-10-24T05:00,10.8,10.5,2.0,2.0,4.74,4.47,100,100
2025-10-24T06:00,11.6,10.9,63.0,62.0,4.21,3.45,99,95
2025-10-24T07:00,13.2,12.7,116.0,102.0,3.01,3.16,100,100
2025-10-24T08:00,13.9,13.7,91.0,83.0,4.88,3.23,100,100
2025-10-24T09:00,14.2,14.3,53.0,75.0,5.9,4.91,100,100
2025-10-24T10:00,15.5,15.0,174.0,130.0,5.33,3.7,100,100
2025-10-24T11:00,17.9,17.0,343.0,248.0,9.44,3.26,85,87
2025-10-24T12:00,17.9,16.2,342.0,85.0,10.39,7.14,52,100
2025-10-24T13:00,18.9,17.1,349.0,169.0,8.86,7.84,6,100
2025-10-24T14:00,19.6,17.3,230.0,143.0,12.48,7.84,1,7
2025-10-24T15:00,17.7,17.1,81.0,75.0,12.64,9.6,0,8
2025-10-24T16:00,16.3,16.5,2.0,2.0,11.72,11.48,0,0
2025-10-24T17:00,15.2,15.3,0.0,0.0,11.7,12.4,0,0
2025-10-24T18:00,14.0,13.9,0.0,0.0,11.57,11.94,0,0
2025-10-24T19:00,13.1,13.0,0.0,0.0,10.57,11.68,0,0
2025-10-24T20:00,12.1,12.1,0.0,0.0,9.02,10.53,0,0
2025-10-24T21:00,11.1,11.2,0.0,0.0,8.58,9.92,0,0
2025-10-24T22:00,10.2,10.3,0.0,0.0,9.31,9.83,22,0
2025-10-24T23:00,9.6,9.4,0.0,0.0,9.1,8.86,75,0
2025-10-25T00:00,9.1,9.2,0.0,0.0,8.24,7.45,70,44
2025-10-25T01:00,8.8,8.8,0.0,0.0,7.84,6.76,43,39
2025-10-25T02:00,8.2,8.5,0.0,0.0,7.55,6.28,30,74
2025-10-25T03:00,7.8,8.4,0.0,0.0,6.96,4.93,3,73
2025-10-25T04:00,7.1,8.7,0.0,0.0,6.67,5.93,23,98
2025-10-25T05:00,6.7,8.7,2.0,2.0,6.75,6.66,0,98
2025-10-25T06:00,7.5,8.9,79.0,66.0,7.79,7.84,1,100
2025-10-25T07:00,9.9,11.1,228.0,210.0,6.27,7.11,1,23
2025-10-25T08:00,12.3,13.2,371.0,356.0,4.16,4.97,78,72
2025-10-25T09:00,14.3,14.7,466.0,436.0,4.06,4.66,0,79
2025-10-25T10:00,16.0,15.4,537.0,339.0,4.25,4.4,0,91
2025-10-25T11:00,17.2,16.0,539.0,343.0,5.19,5.27,0,54
2025-10-25T12:00,17.4,17.7,483.0,477.0,6.49,6.69,0,36
2025-10-25T13:00,17.3,17.3,373.0,317.0,6.71,7.68,89,77
2025-10-25T14:00,16.8,16.8,202.0,180.0,6.27,7.96,100,0
2025-10-25T15:00,16.0,15.8,57.0,78.0,5.67,6.88,100,0
2025-10-25T16:00,14.0,13.9,1.0,1.0,5.18,7.0,100,100
2025-10-25T17:00,12.5,12.6,0.0,0.0,4.91,6.93,51,100
2025-10-25T18:00,11.7,11.8,0.0,0.0,5.36,7.59,74,100
2025-10-25T19:00,11.0,11.4,0.0,0.0,5.28,6.39,100,100
2025-10-25T20:00,10.5,10.8,0.0,0.0,5.59,6.54,14,99
2025-10-25T21:00,10.2,10.4,0.0,0.0,5.36,6.13,28,100
2025-10-25T22:00,10.1,10.1,0.0,0.0,3.76,5.0,41,100
2025-10-25T23:00,9.9,10.0,0.0,0.0,2.95,3.68,100,100
2025-10-26T00:00,9.8,8.6,0.0,0.0,4.22,5.33,100,80
2025-10-26T01:00,9.3,8.5,0.0,0.0,3.74,3.69,100,13
2025-10-26T02:00,8.3,8.1,0.0,0.0,3.33,2.98,100,34
2025-10-26T03:00,8.0,8.0,0.0,0.0,2.84,2.16,100,94
2025-10-26T04:00,8.0,7.8,0.0,0.0,2.65,1.28,100,100
2025-10-26T05:00,8.5,7.6,1.0,1.0,3.38,2.53,100,100
2025-10-26T06:00,9.0,9.5,19.0,13.0,3.63,3.68,100,100
2025-10-26T07:00,9.7,10.0,50.0,37.0,5.06,4.03,100,100
2025-10-26T08:00,10.5,10.5,64.0,63.0,3.94,3.19,100,100
2025-10-26T09:00,11.1,11.3,92.0,102.0,5.82,1.84,100,100
2025-10-26T10:00,11.8,11.8,114.0,107.0,4.92,1.47,100,98
2025-10-26T11:00,12.5,12.5,150.0,169.0,4.24,1.47,96,93
2025-10-26T12:00,14.1,14.5,145.0,342.0,3.03,2.85,100,63
2025-10-26T13:00,13.9,15.1,119.0,241.0,3.06,6.86,100,82
2025-10-26T14:00,13.7,15.1,71.0,167.0,1.88,5.1,96,100
2025-10-26T15:00,13.3,14.6,34.0,60.0,3.2,5.24,100,81
2025-10-26T16:00,12.7,13.2,1.0,1.0,4.1,5.27,98,100
2025-10-26T17:00,12.1,12.6,0.0,0.0,2.98,5.92,100,100
2025-10-26T18:00,12.0,11.8,0.0,0.0,2.63,4.06,100,100
2025-10-26T19:00,11.7,11.5,0.0,0.0,1.81,4.43,100,100
2025-10-26T20:00,11.4,11.3,0.0,0.0,1.52,4.74,100,100
2025-10-26T21:00,11.1,11.1,0.0,0.0,1.67,4.21,100,100
2025-10-26T22:00,11.0,11.1,0.0,0.0,3.15,4.27,100,100
2025-10-26T23:00,10.8,11.1,0.0,0.0,3.91,4.44,100,100
2025-10-27T00:00,10.3,10.3,0.0,0.0,5.21,3.71,100,100
2025-10-27T01:00,10.4,10.4,0.0,0.0,5.43,3.53,96,100
2025-10-27T02:00,10.5,10.5,0.0,0.0,7.49,4.32,100,100
2025-10-27T03:00,10.7,10.5,0.0,0.0,8.43,4.51,100,100
2025-10-27T04:00,10.9,10.6,0.0,0.0,7.94,5.65,100,100
2025-10-27T05:00,11.1,10.8,0.0,0.0,7.66,6.42,100,100
2025-10-27T06:00,11.0,11.1,14.0,16.0,6.86,8.8,100,100
2025-10-27T07:00,11.6,11.7,59.0,48.0,6.08,7.78,100,100
2025-10-27T08:00,12.4,12.5,76.0,99.0,6.09,7.66,100,100
2025-10-27T09:00,13.4,13.2,152.0,149.0,5.49,7.56,100,100
2025-10-27T10:00,14.1,13.8,169.0,181.0,4.56,6.93,100,97
2025-10-27T11:00,15.1,14.2,267.0,173.0,4.59,7.37,100,92
2025-10-27T12:00,14.8,16.7,199.0,330.0,5.19,6.27,74,82
2025-10-27T13:00,15.1,16.7,222.0,259.0,4.9,7.5,86,65
2025-10-27T14:00,15.3,16.1,134.0,185.0,4.0,8.28,78,42
2025-10-27T15:00,14.8,15.1,50.0,65.0,5.0,8.99,82,30
2025-10-27T16:00,13.7,13.5,0.0,1.0,7.34,9.48,58,0
2025-10-27T17:00,12.6,12.1,0.0,0.0,9.73,9.86,59,0
2025-10-27T18:00,11.2,11.5,0.0,0.0,10.1,9.99,7,9
2025-10-27T19:00,10.3,10.5,0.0,0.0,9.18,9.42,0,0
2025-10-27T20:00,9.2,9.6,0.0,0.0,7.64,9.37,0,0
2025-10-27T21:00,8.3,8.7,0.0,0.0,8.17,9.23,5,7
2025-10-27T22:00,7.6,8.0,0.0,0.0,8.11,8.52,100,99
2025-10-27T23:00,7.3,7.5,0.0,0.0,7.72,8.33,100,45
2025-10-28T00:00,7.2,6.6,0.0,0.0,7.73,7.77,100,100
2025-10-28T01:00,7.7,6.2,0.0,0.0,7.9,8.06,100,100
2025-10-28T02:00,8.2,6.1,0.0,0.0,8.28,8.31,100,100
2025-10-28T03:00,8.7,6.2,0.0,0.0,9.32,9.56,100,100
2025-10-28T04:00,8.7,6.6,0.0,0.0,8.75,10.26,100,100
2025-10-28T05:00,8.7,7.0,1.0,1.0,7.93,9.6,100,89
2025-10-28T06:00,9.2,7.7,33.0,23.0,9.08,9.64,97,92
2025-10-28T07:00,10.2,8.5,120.0,57.0,7.62,7.23,94,100
2025-10-28T08:00,11.5,9.2,215.0,106.0,6.01,5.44,95,100
2025-10-28T09:00,12.4,10.8,269.0,203.0,7.01,4.51,100,84
2025-10-28T10:00,13.2,12.7,312.0,310.0,6.3,5.86,96,78
2025-10-28T11:00,13.8,13.6,291.0,322.0,6.59,6.27,94,79
2025-10-28T12:00,15.9,16.0,460.0,449.0,6.9,5.2,1,56
2025-10-28T13:00,16.0,16.3,352.0,331.0,7.36,5.5,12,27
2025-10-28T14:00,15.8,16.1,212.0,209.0,7.74,6.11,0,16
2025-10-28T15:00,15.0,14.9,66.0,65.0,8.26,6.78,21,2
2025-10-28T16:00,13.5,13.1,0.0,0.0,10.38,9.57,11,4
2025-10-28T17:00,12.3,12.2,0.0,0.0,11.2,11.21,4,8
2025-10-28T18:00,11.6,10.8,0.0,0.0,11.32,11.27,0,0
2025-10-28T19:00,10.8,9.9,0.0,0.0,11.17,10.49,0,0
2025-10-28T20:00,10.0,9.0,0.0,0.0,10.29,9.94,0,0
2025-10-28T21:00,9.1,8.2,0.0,0.0,9.65,9.41,0,0
2025-10-28T22:00,8.3,7.3,0.0,0.0,8.4,8.34,1,3
2025-10-28T23:00,7.5,6.7,0.0,0.0,8.48,9.7,7,34
2025-10-29T00:00,6.8,6.3,0.0,0.0,9.21,8.92,42,0
2025-10-29T01:00,6.5,5.9,0.0,0.0,8.87,8.37,10,7
2025-10-29T02:00,6.0,5.5,0.0,0.0,8.34,9.01,22,13
2025-10-29T03:00,5.7,5.3,0.0,0.0,7.97,9.04,23,0
2025-10-29T04:00,5.6,5.0,0.0,0.0,8.84,8.46,1,2
2025-10-29T05:00,5.7,4.8,1.0,1.0,10.01,8.59,0,7
2025-10-29T06:00,6.6,6.0,64.0,63.0,9.91,9.42,0,14
2025-10-29T07:00,8.9,8.4,203.0,199.0,9.41,8.37,0,23
2025-10-29T08:00,11.7,11.1,342.0,338.0,6.09,5.57,0,0
2025-10-29T09:00,14.0,13.4,446.0,444.0,6.17,6.69,31,3
2025-10-29T10:00,15.8,15.4,500.0,498.0,6.73,8.08,38,91
2025-10-29T11:00,16.9,16.7,496.0,481.0,6.31,7.68,71,100
2025-10-29T12:00,17.9,17.4,449.0,436.0,6.0,6.96,0,100
2025-10-29T13:00,18.2,17.5,346.0,319.0,5.97,6.8,2,100
2025-10-29T14:00,18.0,17.1,206.0,194.0,6.13,6.69,16,74
2025-10-29T15:00,16.8,15.9,61.0,59.0,7.15,6.57,22,8
2025-10-29T16:00,14.8,14.0,0.0,0.0,8.09,6.89,30,11
2025-10-29T17:00,13.6,12.8,0.0,0.0,7.73,5.72,26,31
2025-10-29T18:00,12.9,12.3,0.0,0.0,7.93,7.36,0,0
2025-10-29T19:00,12.3,11.6,0.0,0.0,5.75,4.91,0,0
2025-10-29T20:00,11.9,11.1,0.0,0.0,3.98,2.81,0,0
2025-10-29T21:00,11.4,10.2,0.0,0.0,3.33,2.86,0,0
2025-10-29T22:00,11.0,9.6,0.0,0.0,3.04,3.46,0,0
2025-10-29T23:00,10.6,9.3,0.0,0.0,2.63,3.94,0,0
2025-10-30T00:00,9.8,9.1,0.0,0.0,2.39,2.98,0,0
2025-10-30T01:00,9.2,9.2,0.0,0.0,2.46,2.63,0,0
2025-10-30T02:00,8.4,8.6,0.0,0.0,1.95,1.94,0,0
2025-10-30T03:00,7.6,7.7,0.0,0.0,1.23,1.04,0,0
2025-10-30T04:00,6.7,6.8,0.0,0.0,0.62,0.81,0,16
2025-10-30T05:00,6.2,6.2,1.0,1.0,1.02,1.04,0,5
2025-10-30T06:00,6.0,6.7,61.0,63.0,1.01,1.14,26,0
2025-10-30T07:00,8.5,8.6,199.0,202.0,0.84,1.4,28,11
2025-10-30T08:00,12.1,12.0,336.0,339.0,0.6,1.37,19,37
2025-10-30T09:00,15.3,15.1,440.0,438.0,1.06,1.37,57,71
2025-10-30T10:00,17.4,17.0,496.0,493.0,0.4,0.31,25,71
2025-10-30T11:00,18.8,18.2,494.0,488.0,0.31,0.53,100,28
2025-10-30T12:00,20.3,19.3,429.0,439.0,1.08,0.93,3,100
2025-10-30T13:00,20.4,19.4,340.0,332.0,1.49,1.9,99,31
2025-10-30T14:00,19.8,18.8,162.0,198.0,1.8,2.32,100,26
2025-10-30T15:00,18.1,17.3,47.0,57.0,2.71,3.12,19,26
2025-10-30T16:00,16.1,15.4,0.0,0.0,3.43,3.69,5,85
2025-10-30T17:00,14.5,14.2,0.0,0.0,4.78,4.35,57,99
2025-10-30T18:00,13.7,13.8,0.0,0.0,5.39,5.48,17,86
2025-10-30T19:00,12.5,12.9,0.0,0.0,6.79,5.42,5,76
2025-10-30T20:00,11.7,12.0,0.0,0.0,7.11,6.11,5,55
2025-10-30T21:00,10.8,11.1,0.0,0.0,7.57,6.46,37,10
2025-10-30T22:00,10.2,10.4,0.0,0.0,7.74,6.62,73,16
2025-10-30T23:00,9.9,10.0,0.0,0.0,8.04,7.0,84,74
2025-10-31T00:00,8.3,9.4,0.0,0.0,8.15,7.07,6,32
2025-10-31T01:00,7.9,9.1,0.0,0.0,8.75,6.96,21,81
2025-10-31T02:00,8.0,8.9,0.0,0.0,8.33,7.05,40,73
2025-10-31T03:00,8.1,8.7,0.0,0.0,8.39,7.16,0,0
2025-10-31T04:00,8.6,8.7,0.0,0.0,9.03,7.16,0,4
2025-10-31T05:00,8.0,8.7,0.0,0.0,7.83,7.61,0,0
2025-10-31T06:00,9.1,9.8,55.0,56.0,8.98,7.57,10,0
2025-10-31T07:00,11.5,11.4,186.0,187.0,7.32,6.36,0,0
2025-10-31T08:00,14.2,13.9,320.0,320.0,3.5,5.79,0,0
2025-10-31T09:00,16.6,15.9,421.0,423.0,3.81,3.69,0,0
2025-10-31T10:00,18.4,17.5,476.0,476.0,2.68,2.21,0,0
2025-10-31T11:00,19.5,18.7,476.0,478.0,2.5,2.42,1,0
2025-10-31T12:00,20.6,20.3,424.0,426.0,2.08,1.61,0,0
2025-10-31T13:00,20.7,20.5,324.0,324.0,1.52,1.94,0,0
2025-10-31T14:00,20.4,20.2,189.0,189.0,1.18,1.87,0,0
2025-10-31T15:00,19.3,19.2,52.0,52.0,1.53,1.53,0,0
2025-10-31T16:00,17.5,17.6,0.0,0.0,1.28,0.71,0,0
2025-10-31T17:00,16.0,16.3,0.0,0.0,0.84,0.59,0,0
2025-10-31T18:00,14.7,15.4,0.0,0.0,0.9,0.71,2,13
2025-10-31T19:00,13.6,14.6,0.0,0.0,1.74,1.28,9,0
2025-10-31T20:00,13.0,13.9,0.0,0.0,2.07,1.69,7,0
2025-10-31T21:00,12.3,13.1,0.0,0.0,2.36,1.79,4,33
2025-10-31T22:00,11.4,11.9,0.0,0.0,2.38,1.67,0,52
2025-10-31T23:00,10.1,10.7,0.0,0.0,2.45,1.88,0,45
2025-11-01T00:00,8.9,8.6,0.0,0.0,2.29,1.77,0,18
2025-11-01T01:00,8.3,8.2,0.0,0.0,2.48,2.07,0,3
2025-11-01T02:00,8.1,7.8,0.0,0.0,2.91,2.54,0,3
2025-11-01T03:00,7.8,7.6,0.0,0.0,3.38,3.33,4,23
2025-11-01T04:00,7.6,7.4,0.0,0.0,4.04,4.34,1,3
2025-11-01T05:00,7.6,7.4,0.0,0.0,5.15,6.88,1,14
2025-11-01T06:00,8.4,8.4,54.0,53.0,6.42,7.84,0,0
2025-11-01T07:00,10.4,10.6,182.0,184.0,6.6,7.75,0,0
2025-11-01T08:00,13.1,13.3,316.0,318.0,5.26,5.52,0,0
2025-11-01T09:00,15.4,15.4,417.0,421.0,3.04,4.21,0,0
2025-11-01T10:00,17.2,17.1,472.0,476.0,3.29,3.42,0,0
2025-11-01T11:00,18.5,18.3,473.0,476.0,3.26,3.32,0,0
2025-11-01T12:00,19.8,19.4,420.0,420.0,2.86,3.92,0,0
2025-11-01T13:00,20.0,19.6,318.0,318.0,2.46,3.79,0,0
2025-11-01T14:00,19.7,19.4,183.0,183.0,2.08,3.82,0,0
2025-11-01T15:00,18.4,18.0,49.0,49.0,2.0,4.22,0,0
2025-11-01T16:00,16.6,15.9,0.0,0.0,2.28,4.85,0,0
2025-11-01T17:00,14.8,14.2,0.0,0.0,3.2,5.16,0,1
2025-11-01T18:00,13.6,13.3,0.0,0.0,3.77,4.56,4,3
2025-11-01T19:00,12.8,12.3,0.0,0.0,3.54,4.51,2,0
2025-11-01T20:00,11.8,11.5,0.0,0.0,3.08,3.11,0,1
2025-11-01T21:00,10.8,10.5,0.0,0.0,3.13,2.12,0,14
2025-11-01T22:00,10.2,9.9,0.0,0.0,3.86,2.15,0,27
2025-11-01T23:00,9.8,9.3,0.0,0.0,3.86,2.35,0,33
2025-11-02T00:00,9.1,9.2,0.0,0.0,4.16,2.48,0,27
2025-11-02T01:00,8.7,8.9,0.0,0.0,3.66,2.38,1,12
2025-11-02T02:00,8.3,8.4,0.0,0.0,3.35,2.76,8,36
2025-11-02T03:00,7.9,8.1,0.0,0.0,2.97,2.94,10,32
2025-11-02T04:00,7.4,7.8,0.0,0.0,2.47,2.7,34,32
2025-11-02T05:00,7.2,7.4,0.0,0.0,2.48,2.46,35,40
2025-11-02T06:00,7.5,7.6,49.0,31.0,2.86,2.85,56,99
2025-11-02T07:00,9.0,8.2,152.0,95.0,3.0,2.92,53,95
2025-11-02T08:00,12.0,10.7,290.0,227.0,2.98,2.56,5,45
2025-11-02T09:00,15.0,14.3,414.0,405.0,1.27,1.33,0,0
2025-11-02T10:00,17.4,16.8,471.0,469.0,1.31,0.9,0,0
2025-11-02T11:00,19.0,18.5,472.0,471.0,1.57,1.31,0,0
2025-11-02T12:00,20.5,20.8,418.0,421.0,1.49,1.77,0,0
2025-11-02T13:00,20.7,21.1,316.0,319.0,2.15,2.29,0,0
2025-11-02T14:00,20.5,20.8,182.0,183.0,2.55,2.45,0,0
2025-11-02T15:00,19.1,19.2,47.0,47.0,2.46,2.76,0,0
2025-11-02T16:00,17.2,17.3,0.0,0.0,3.9,3.99,0,0
2025-11-02T17:00,15.6,15.5,0.0,0.0,6.24,7.41,0,0
2025-11-02T18:00,14.3,14.5,0.0,0.0,7.98,8.68,63,0
2025-11-02T19:00,13.2,13.1,0.0,0.0,7.99,8.58,42,0
2025-11-02T20:00,12.3,12.1,0.0,0.0,7.5,8.42,78,11
2025-11-02T21:00,11.4,11.2,0.0,0.0,6.47,7.9,57,31
2025-11-02T22:00,10.5,10.3,0.0,0.0,5.48,7.64,74,23
2025-11-02T23:00,9.7,9.6,0.0,0.0,4.46,6.72,82,94
2025-11-03T00:00,8.8,9.6,0.0,0.0,5.11,6.31,91,82
2025-11-03T01:00,8.6,9.2,0.0,0.0,5.47,6.07,90,74
2025-11-03T02:00,8.5,8.9,0.0,0.0,5.28,5.99,95,85
2025-11-03T03:00,8.4,8.6,0.0,0.0,5.39,5.72,93,63
2025-11-03T04:00,8.5,8.5,0.0,0.0,5.78,5.39,92,77
2025-11-03T05:00,8.5,8.4,0.0,0.0,5.53,5.74,92,75
2025-11-03T06:00,9.4,9.5,30.0,33.0,5.54,5.1,93,90
2025-11-03T07:00,11.0,11.3,124.0,117.0,4.52,4.56,70,90
2025-11-03T08:00,12.6,12.3,216.0,186.0,2.89,3.23,78,91
2025-11-03T09:00,13.8,13.2,294.0,229.0,2.65,3.04,73,95
2025-11-03T10:00,14.6,14.2,307.0,290.0,2.63,2.59,88,94
2025-11-03T11:00,15.6,15.2,305.0,295.0,2.47,2.29,95,95
2025-11-03T12:00,17.0,17.6,389.0,315.0,1.0,0.49,44,79
2025-11-03T13:00,17.4,18.0,267.0,227.0,0.44,0.31,61,83
2025-11-03T14:00,17.2,17.9,117.0,132.0,0.49,0.79,100,75
2025-11-03T15:00,16.3,17.3,18.0,33.0,0.83,1.5,100,94
2025-11-03T16:00,15.0,15.8,0.0,0.0,0.9,2.15,71,100
2025-11-03T17:00,14.0,14.9,0.0,0.0,1.77,2.77,84,100
2025-11-03T18:00,13.7,12.8,0.0,0.0,0.84,2.21,74,56
2025-11-03T19:00,12.9,12.2,0.0,0.0,2.14,3.53,98,21
2025-11-03T20:00,12.5,11.6,0.0,0.0,3.38,5.5,96,33
2025-11-03T21:00,12.1,11.3,0.0,0.0,4.67,7.05,58,94
2025-11-03T22:00,11.8,11.6,0.0,0.0,6.42,8.26,98,100
2025-11-03T23:00,11.8,12.3,0.0,0.0,7.25,9.7,92,94
2025-11-04T00:00,11.0,11.1,0.0,0.0,7.35,9.58,63,100
2025-11-04T01:00,11.1,11.1,0.0,0.0,8.04,9.74,94,100
2025-11-04T02:00,11.5,11.3,0.0,0.0,8.72,9.54,99,100
2025-11-04T03:00,11.4,11.7,0.0,0.0,8.22,8.25,100,99
2025-11-04T04:00,11.5,11.8,0.0,0.0,7.94,6.15,100,100
2025-11-04T05:00,11.3,11.7,0.0,0.0,6.88,5.44,100,97
2025-11-04T06:00,11.5,11.5,26.0,18.0,6.55,3.02,100,99
2025-11-04T07:00,11.8,12.1,69.0,66.0,4.48,2.45,100,99
2025-11-04T08:00,12.1,12.7,99.0,104.0,3.2,2.99,100,100
2025-11-04T09:00,12.6,13.2,139.0,105.0,1.77,5.18,100,99
2025-11-04T10:00,12.9,13.7,103.0,133.0,1.58,5.11,100,99
2025-11-04T11:00,13.1,14.4,63.0,169.0,1.81,4.77,100,90
2025-11-04T12:00,11.9,12.5,46.0,56.0,2.46,3.17,100,100
2025-11-04T13:00,11.6,12.5,27.0,35.0,1.28,4.05,100,100
2025-11-04T14:00,11.5,12.1,22.0,17.0,0.44,3.69,100,100
2025-11-04T15:00,11.4,11.6,7.0,6.0,1.08,2.95,100,100
2025-11-04T16:00,11.3,11.2,0.0,0.0,2.48,2.26,100,100
2025-11-04T17:00,11.3,11.0,0.0,0.0,3.27,1.0,100,99
2025-11-04T18:00,11.2,11.2,0.0,0.0,2.26,2.98,100,97
2025-11-04T19:00,11.2,11.1,0.0,0.0,2.65,2.65,100,99
2025-11-04T20:00,11.1,10.8,0.0,0.0,3.63,2.59,100,100
2025-11-04T21:00,10.9,10.6,0.0,0.0,3.64,2.19,100,100
2025-11-04T22:00,10.6,10.5,0.0,0.0,2.86,1.61,100,99
2025-11-04T23:00,10.4,10.3,0.0,0.0,2.31,1.2,100,94
2025-11-05T00:00,10.6,10.3,0.0,0.0,3.06,2.67,99,95
2025-11-05T01:00,10.5,10.0,0.0,0.0,2.97,2.73,94,97
2025-11-05T02:00,10.5,9.9,0.0,0.0,2.64,2.98,100,84
2025-11-05T03:00,10.5,9.8,0.0,0.0,2.02,3.17,100,89
2025-11-05T04:00,10.4,9.8,0.0,0.0,0.84,3.04,100,94
2025-11-05T05:00,10.2,9.8,0.0,0.0,0.69,2.33,100,99
2025-11-05T06:00,9.8,10.1,8.0,10.0,0.88,1.24,97,100
2025-11-05T07:00,10.1,10.5,31.0,38.0,1.57,1.38,96,100
2025-11-05T08:00,10.5,11.1,58.0,77.0,2.37,1.67,98,100
2025-11-05T09:00,11.5,11.5,111.0,83.0,1.87,1.41,98,100
2025-11-05T10:00,11.9,11.9,151.0,98.0,2.33,1.73,91,97
2025-11-05T11:00,12.4,12.3,221.0,116.0,2.64,2.09,89,96
2025-11-05T12:00,12.3,13.4,168.0,245.0,2.42,2.2,89,84
2025-11-05T13:00,12.5,13.6,170.0,209.0,2.59,2.84,87,87
2025-11-05T14:00,12.4,13.3,107.0,93.0,2.42,2.95,94,65
2025-11-05T15:00,11.9,12.4,23.0,30.0,2.57,3.35,89,57
2025-11-05T16:00,11.2,11.3,0.0,0.0,2.64,4.0,87,55
2025-11-05T17:00,10.6,10.4,0.0,0.0,2.08,4.43,96,67
2025-11-05T18:00,10.0,9.9,0.0,0.0,0.49,4.8,95,51
2025-11-05T19:00,9.6,9.2,0.0,0.0,0.89,4.59,94,65
2025-11-05T20:00,9.3,8.7,0.0,0.0,1.47,3.95,100,76
2025-11-05T21:00,9.2,8.2,0.0,0.0,2.4,2.71,100,89
2025-11-05T22:00,9.3,8.3,0.0,0.0,2.83,1.68,100,100
2025-11-05T23:00,9.2,8.5,0.0,0.0,3.47,1.43,98,98
2025-11-06T00:00,9.3,8.6,0.0,0.0,4.53,1.63,100,94
2025-11-06T01:00,9.4,8.4,0.0,0.0,5.44,2.64,100,97
2025-11-06T02:00,9.2,8.3,0.0,0.0,5.98,3.15,100,100
2025-11-06T03:00,9.0,8.3,0.0,0.0,6.5,3.38,99,99
2025-11-06T04:00,8.7,8.3,0.0,0.0,6.62,4.59,94,95
2025-11-06T05:00,8.4,8.2,0.0,0.0,7.33,4.05,100,99
2025-11-06T06:00,8.4,7.8,18.0,14.0,6.71,7.58,99,99
2025-11-06T07:00,9.0,8.5,88.0,80.0,5.06,7.49,94,93
2025-11-06T08:00,9.7,9.5,167.0,121.0,4.73,6.03,89,91
2025-11-06T09:00,10.9,10.9,282.0,201.0,5.57,5.96,83,93
2025-11-06T10:00,11.6,11.9,329.0,229.0,6.44,6.65,83,100
2025-11-06T11:00,11.9,11.8,315.0,97.0,5.76,7.64,90,100
2025-11-06T12:00,11.9,13.0,174.0,235.0,5.47,5.9,100,99
2025-11-06T13:00,11.1,12.7,88.0,106.0,6.34,6.19,100,98
2025-11-06T14:00,10.2,12.4,38.0,65.0,5.66,6.44,100,98
2025-11-06T15:00,9.8,11.8,7.0,14.0,5.35,6.61,100,100
2025-11-06T16:00,9.6,11.2,0.0,0.0,7.29,6.26,100,100
2025-11-06T17:00,9.5,11.1,0.0,0.0,7.16,7.6,100,100
2025-11-06T18:00,9.5,10.0,0.0,0.0,7.97,8.18,100,100
2025-11-06T19:00,9.6,10.0,0.0,0.0,8.31,8.94,100,100
2025-11-06T20:00,9.7,10.2,0.0,0.0,9.08,9.64,100,100
2025-11-06T21:00,9.8,10.2,0.0,0.0,9.18,9.27,100,100
2025-11-06T22:00,9.9,10.3,0.0,0.0,9.9,8.84,97,100
2025-11-06T23:00,9.9,10.3,0.0,0.0,9.34,9.24,100,100
2025-11-07T00:00,9.7,10.3,0.0,0.0,9.16,9.65,99,100
2025-11-07T01:00,9.7,10.1,0.0,0.0,8.02,9.73,100,100
2025-11-07T02:00,9.7,9.9,0.0,0.0,8.68,10.03,100,100
2025-11-07T03:00,9.7,9.9,0.0,0.0,9.05,9.59,100,100
2025-11-07T04:00,9.7,9.8,0.0,0.0,9.0,8.79,100,100
2025-11-07T05:00,9.7,9.5,0.0,0.0,8.99,8.74,100,100
2025-11-07T06:00,9.7,9.2,8.0,7.0,8.84,9.54,100,99
2025-11-07T07:00,9.6,9.2,21.0,24.0,9.27,9.46,100,100
2025-11-07T08:00,9.7,9.3,43.0,36.0,8.94,9.29,100,100
2025-11-07T09:00,9.9,9.5,49.0,45.0,8.54,8.94,100,100
2025-11-07T10:00,10.1,9.7,69.0,48.0,8.59,7.97,100,100
2025-11-07T11:00,10.1,9.9,88.0,48.0,9.23,7.45,100,100
2025-11-07T12:00,9.3,9.7,97.0,47.0,8.61,9.05,99,100
2025-11-07T13:00,9.3,9.7,58.0,44.0,7.85,9.13,100,100
2025-11-07T14:00,9.2,9.8,28.0,20.0,7.28,8.07,100,100
2025-11-07T15:00,9.0,9.7,6.0,3.0,7.06,6.82,99,100
2025-11-07T16:00,8.9,9.4,0.0,0.0,6.95,7.8,100,100
2025-11-07T17:00,8.8,9.2,0.0,0.0,7.81,7.28,100,100
2025-11-07T18:00,8.7,9.4,0.0,0.0,6.67,7.15,100,100
2025-11-07T19:00,8.7,9.3,0.0,0.0,7.28,7.16,100,100
2025-11-07T20:00,8.7,9.4,0.0,0.0,7.49,6.92,100,100
2025-11-07T21:00,8.8,9.3,0.0,0.0,7.23,7.06,100,100
2025-11-07T22:00,8.8,9.2,0.0,0.0,6.72,5.49,100,100
2025-11-07T23:00,8.8,9.1,0.0,0.0,7.76,7.49,100,100
2025-11-08T00:00,9.1,9.2,0.0,0.0,6.9,6.81,100,100
2025-11-08T01:00,9.1,9.2,0.0,0.0,8.26,7.84,100,99
2025-11-08T02:00,9.2,9.2,0.0,0.0,6.79,7.63,100,99
2025-11-08T03:00,9.2,9.3,0.0,0.0,6.8,7.42,100,100
2025-11-08T04:00,9.1,9.4,0.0,0.0,7.32,7.78,100,100
2025-11-08T05:00,9.2,9.5,0.0,0.0,7.69,7.84,98,100
2025-11-08T06:00,9.1,9.6,9.0,13.0,7.71,7.94,100,93
2025-11-08T07:00,9.5,10.0,36.0,61.0,7.25,6.84,97,95
2025-11-08T08:00,10.2,11.0,96.0,145.0,7.59,6.15,95,94
2025-11-08T09:00,11.3,12.0,163.0,169.0,6.49,6.27,100,96
2025-11-08T10:00,13.2,13.0,187.0,218.0,8.28,6.12,100,97
2025-11-08T11:00,13.2,14.2,110.0,150.0,7.76,7.41,100,97
2025-11-08T12:00,12.8,13.1,65.0,136.0,8.08,7.78,100,100
2025-11-08T13:00,12.9,13.4,80.0,108.0,7.63,7.14,100,100
2025-11-08T14:00,12.7,13.2,43.0,48.0,8.34,8.72,100,100
2025-11-08T15:00,12.4,12.6,8.0,10.0,8.33,8.79,100,100
2025-11-08T16:00,12.3,12.2,0.0,0.0,6.88,8.15,100,100
2025-11-08T17:00,12.2,12.2,0.0,0.0,6.35,7.39,100,100
2025-11-08T18:00,12.6,13.4,0.0,0.0,7.45,9.15,100,100
2025-11-08T19:00,12.9,13.7,0.0,0.0,7.27,9.84,100,100
2025-11-08T20:00,13.1,13.6,0.0,0.0,7.63,8.87,100,100
2025-11-08T21:00,13.2,13.4,0.0,0.0,7.83,7.07,100,98
2025-11-08T22:00,13.4,13.2,0.0,0.0,7.14,6.73,100,66
2025-11-08T23:00,13.3,12.7,0.0,0.0,5.68,5.68,100,59
2025-11-09T00:00,12.5,12.7,0.0,0.0,3.92,4.94,100,72
2025-11-09T01:00,12.2,12.3,0.0,0.0,2.67,2.78,71,73
2025-11-09T02:00,11.9,11.9,0.0,0.0,1.59,1.33,85,66
2025-11-09T03:00,11.8,11.7,0.0,0.0,2.1,0.28,85,70
2025-11-09T04:00,11.5,11.5,0.0,0.0,2.08,0.55,82,75
2025-11-09T05:00,11.3,11.3,0.0,0.0,1.33,1.15,88,89
2025-11-09T06:00,11.5,12.1,16.0,17.0,1.39,2.47,100,100
2025-11-09T07:00,12.1,12.9,60.0,58.0,1.18,2.85,99,100
2025-11-09T08:00,12.7,13.9,108.0,141.0,1.58,3.44,100,88
2025-11-09T09:00,13.8,14.9,132.0,197.0,2.08,3.07,100,100
2025-11-09T10:00,14.9,15.9,199.0,257.0,1.88,3.88,100,99
2025-11-09T11:00,15.2,16.6,159.0,313.0,2.64,4.11,100,98
2025-11-09T12:00,15.2,16.1,125.0,157.0,2.81,3.48,100,100
2025-11-09T13:00,14.7,15.4,78.0,101.0,1.87,3.43,100,100
2025-11-09T14:00,14.4,14.8,59.0,49.0,2.51,2.82,82,95
2025-11-09T15:00,13.7,14.0,17.0,13.0,2.73,3.64,76,79
2025-11-09T16:00,13.1,13.2,0.0,0.0,3.51,3.29,76,53
2025-11-09T17:00,12.4,12.5,0.0,0.0,3.29,3.64,60,51
2025-11-09T18:00,11.8,12.6,0.0,0.0,3.11,4.12,55,88
2025-11-09T19:00,11.5,12.1,0.0,0.0,3.29,4.1,57,68
2025-11-09T20:00,11.1,11.6,0.0,0.0,3.35,3.88,37,40
2025-11-09T21:00,10.8,11.2,0.0,0.0,3.06,3.5,30,27
2025-11-09T22:00,10.5,10.8,0.0,0.0,2.55,2.69,22,52
2025-11-09T23:00,10.2,10.3,0.0,0.0,1.86,1.62,22,100
2025-11-10T00:00,9.7,10.5,0.0,0.0,1.53,1.47,100,87
2025-11-10T01:00,9.2,10.3,0.0,0.0,0.53,0.57,99,97
2025-11-10T02:00,8.9,9.9,0.0,0.0,1.47,1.15,100,100
2025-11-10T03:00,8.9,9.7,0.0,0.0,2.46,1.59,100,100
2025-11-10T04:00,9.2,9.8,0.0,0.0,3.14,2.59,100,100
2025-11-10T05:00,9.4,10.0,0.0,0.0,3.67,3.16,100,100
2025-11-10T06:00,9.7,9.4,11.0,9.0,6.21,3.53,100,100
2025-11-10T07:00,10.2,9.9,24.0,34.0,6.3,4.97,100,100
2025-11-10T08:00,10.6,10.5,33.0,61.0,6.32,5.65,100,100
2025-11-10T09:00,10.9,11.2,43.0,69.0,7.46,5.57,100,100
2025-11-10T10:00,11.4,11.6,66.0,64.0,5.39,4.39,100,100
2025-11-10T11:00,11.9,12.1,90.0,77.0,4.73,4.43,100,100
2025-11-10T12:00,12.2,12.6,62.0,100.0,4.84,3.61,100,100
2025-11-10T13:00,12.2,12.6,55.0,76.0,4.71,2.86,100,100
2025-11-10T14:00,12.0,12.5,34.0,40.0,5.21,2.83,100,100
2025-11-10T15:00,11.7,12.3,8.0,9.0,5.31,2.8,100,100
2025-11-10T16:00,11.5,12.2,0.0,0.0,5.25,1.98,100,100
2025-11-10T17:00,11.5,12.0,0.0,0.0,5.62,2.31,100,100
2025-11-10T18:00,12.0,11.7,0.0,0.0,5.06,3.81,100,100
2025-11-10T19:00,11.9,11.6,0.0,0.0,4.73,3.61,100,100
2025-11-10T20:00,11.9,11.6,0.0,0.0,4.3,3.12,100,100
2025-11-10T21:00,11.9,11.5,0.0,0.0,4.16,3.19,100,100
2025-11-10T22:00,11.9,11.5,0.0,0.0,4.24,3.26,100,100
2025-11-10T23:00,11.8,11.5,0.0,0.0,3.7,3.4,100,100
2025-11-11T00:00,12.1,11.3,0.0,0.0,4.02,3.26,100,100
2025-11-11T01:00,12.1,11.3,0.0,0.0,3.88,3.53,100,100
2025-11-11T02:00,12.2,11.3,0.0,0.0,3.7,3.73,100,100
2025-11-11T03:00,12.2,11.3,0.0,0.0,3.43,4.02,100,100
2025-11-11T04:00,12.2,11.3,0.0,0.0,3.9,4.25,100,100
2025-11-11T05:00,12.1,11.3,0.0,0.0,5.84,4.55,100,100
2025-11-11T06:00,11.5,11.4,3.0,2.0,4.73,5.41,100,100
2025-11-11T07:00,11.5,11.4,14.0,10.0,4.7,4.64,100,100
2025-11-11T08:00,11.7,11.5,29.0,22.0,4.65,4.5,100,100
2025-11-11T09:00,12.0,11.7,59.0,42.0,3.7,4.0,100,100
2025-11-11T10:00,12.1,11.8,73.0,49.0,2.81,2.99,100,100
2025-11-11T11:00,12.5,11.9,117.0,55.0,2.22,1.85,96,98
2025-11-11T12:00,12.4,11.9,105.0,62.0,2.36,0.79,99,100
2025-11-11T13:00,12.3,11.9,59.0,41.0,2.54,0.0,97,100
2025-11-11T14:00,12.1,11.8,34.0,18.0,2.29,1.52,99,100
2025-11-11T15:00,11.8,11.6,8.0,5.0,3.38,3.13,100,99
2025-11-11T16:00,11.5,11.4,0.0,0.0,3.9,3.86,100,100
2025-11-11T17:00,11.3,11.3,0.0,0.0,4.0,4.7,98,100
2025-11-11T18:00,11.5,11.5,0.0,0.0,1.87,3.37,100,97
2025-11-11T19:00,11.4,11.4,0.0,0.0,0.35,3.75,100,100
2025-11-11T20:00,11.3,11.2,0.0,0.0,2.26,3.05,96,100
2025-11-11T21:00,11.3,11.1,0.0,0.0,3.09,0.31,97,100
2025-11-11T22:00,11.3,11.1,0.0,0.0,3.11,2.16,95,99
2025-11-11T23:00,11.1,11.0,0.0,0.0,2.5,2.02,90,100
2025-11-12T00:00,10.5,10.8,0.0,0.0,1.95,2.66,78,100
2025-11-12T01:00,10.1,10.6,0.0,0.0,1.28,2.97,74,99
2025-11-12T02:00,9.6,10.3,0.0,0.0,1.88,2.55,81,99
2025-11-12T03:00,9.1,10.1,0.0,0.0,2.66,1.31,86,99
2025-11-12T04:00,8.6,9.9,0.0,0.0,1.93,0.98,85,92
2025-11-12T05:00,8.0,9.6,0.0,0.0,2.37,1.82,91,88
2025-11-12T06:00,9.5,9.2,11.0,21.0,1.38,2.36,98,97
2025-11-12T07:00,10.0,9.3,53.0,91.0,1.1,1.84,100,100
2025-11-12T08:00,10.6,10.1,105.0,149.0,0.98,1.63,100,100
2025-11-12T09:00,11.4,10.8,151.0,168.0,1.39,0.22,99,100
2025-11-12T10:00,12.3,11.7,237.0,242.0,1.31,1.67,82,74
2025-11-12T11:00,13.0,12.7,265.0,343.0,0.98,0.79,79,38
2025-11-12T12:00,13.2,13.0,275.0,293.0,0.89,1.86,79,47
2025-11-12T13:00,13.2,13.2,184.0,253.0,1.08,1.73,87,53
2025-11-12T14:00,12.8,12.8,102.0,138.0,1.37,1.41,73,42
2025-11-12T15:00,11.9,11.7,22.0,25.0,2.51,2.42,56,30
2025-11-12T16:00,11.1,10.7,0.0,0.0,2.2,2.95,56,33
2025-11-12T17:00,10.4,10.1,0.0,0.0,2.19,3.59,55,55
2025-11-12T18:00,9.4,9.7,0.0,0.0,3.16,2.57,30,52
2025-11-12T19:00,9.0,9.4,0.0,0.0,2.98,2.37,31,55
2025-11-12T20:00,8.6,9.0,0.0,0.0,2.59,2.0,29,51
2025-11-12T21:00,8.3,8.8,0.0,0.0,2.11,1.55,22,69
2025-11-12T22:00,7.9,8.5,0.0,0.0,1.9,1.23,13,83
2025-11-12T23:00,7.3,8.3,0.0,0.0,1.4,1.21,28,77
2025-11-13T00:00,6.8,7.2,0.0,0.0,2.45,1.25,35,44
2025-11-13T01:00,6.5,6.8,0.0,0.0,2.38,1.8,100,67
2025-11-13T02:00,6.1,6.8,0.0,0.0,1.98,2.12,57,79
2025-11-13T03:00,5.6,7.0,0.0,0.0,1.52,3.23,76,69
2025-11-13T04:00,5.1,7.2,0.0,0.0,1.28,3.14,96,66
2025-11-13T05:00,4.6,7.2,0.0,0.0,0.93,2.9,100,100
2025-11-13T06:00,3.8,7.0,16.0,17.0,1.04,2.24,100,90
2025-11-13T07:00,4.1,7.6,75.0,83.0,1.12,1.45,100,95
2025-11-13T08:00,5.5,8.8,156.0,181.0,0.44,0.98,85,86
2025-11-13T09:00,7.6,10.4,251.0,301.0,0.81,0.81,73,63
2025-11-13T10:00,9.7,11.8,353.0,381.0,1.12,1.01,73,49
2025-11-13T11:00,11.2,12.7,382.0,393.0,1.15,1.55,28,46
2025-11-13T12:00,11.2,12.5,291.0,339.0,1.73,2.15,95,53
2025-11-13T13:00,11.1,12.4,192.0,241.0,2.15,2.08,85,46
2025-11-13T14:00,10.8,12.0,109.0,125.0,2.65,2.72,72,99
2025-11-13T15:00,10.1,11.1,21.0,22.0,2.77,2.91,85,57
2025-11-13T16:00,9.3,10.0,0.0,0.0,2.82,3.04,74,27
2025-11-13T17:00,8.7,9.2,0.0,0.0,2.98,3.34,71,12
2025-11-13T18:00,7.9,8.7,0.0,0.0,2.83,3.07,81,26
2025-11-13T19:00,7.4,8.1,0.0,0.0,2.73,3.51,84,6
2025-11-13T20:00,7.2,7.6,0.0,0.0,2.64,3.17,82,0
2025-11-13T21:00,7.1,7.0,0.0,0.0,2.54,3.04,81,16
2025-11-13T22:00,6.9,6.6,0.0,0.0,2.95,3.01,86,23
2025-11-13T23:00,6.7,6.2,0.0,0.0,2.73,2.92,93,15
2025-11-14T00:00,5.2,5.2,0.0,0.0,1.9,2.75,100,69
2025-11-14T01:00,4.9,5.3,0.0,0.0,1.82,2.33,100,93
2025-11-14T02:00,4.6,5.5,0.0,0.0,1.88,1.93,100,100
2025-11-14T03:00,4.2,5.1,0.0,0.0,1.8,1.61,100,100
2025-11-14T04:00,3.9,4.6,0.0,0.0,1.87,1.25,100,100
2025-11-14T05:00,3.6,4.2,0.0,0.0,1.47,1.12,100,100
2025-11-14T06:00,4.3,3.4,6.0,8.0,1.36,1.39,100,100
2025-11-14T07:00,4.2,3.4,30.0,49.0,1.41,1.32,100,100
2025-11-14T08:00,4.2,3.7,57.0,84.0,1.2,1.04,100,100
2025-11-14T09:00,4.4,4.2,100.0,111.0,1.04,1.04,100,100
2025-11-14T10:00,4.7,4.9,122.0,161.0,0.92,0.98,100,100
2025-11-14T11:00,5.1,5.4,127.0,144.0,0.77,0.98,100,100
2025-11-14T12:00,5.1,5.9,111.0,108.0,0.77,0.66,100,100
2025-11-14T13:00,5.3,5.8,92.0,69.0,0.6,0.57,100,100
2025-11-14T14:00,5.2,5.7,38.0,41.0,0.81,0.63,100,100
2025-11-14T15:00,5.1,5.5,6.0,7.0,0.89,0.62,100,100
2025-11-14T16:00,4.9,5.2,0.0,0.0,0.62,0.79,100,100
2025-11-14T17:00,4.7,5.0,0.0,0.0,0.93,1.0,100,100
2025-11-14T18:00,4.4,4.7,0.0,0.0,0.59,0.57,100,100
2025-11-14T19:00,4.3,4.6,0.0,0.0,0.2,0.5,100,100
2025-11-14T20:00,4.3,4.5,0.0,0.0,0.39,0.69,100,100
2025-11-14T21:00,4.3,4.5,0.0,0.0,0.22,0.49,100,100
2025-11-14T22:00,4.3,4.6,0.0,0.0,0.49,0.1,100,100
2025-11-14T23:00,4.2,4.7,0.0,0.0,0.9,0.29,100,100
2025-11-15T00:00,4.9,5.2,0.0,0.0,1.45,1.39,100,100
2025-11-15T01:00,4.8,5.3,0.0,0.0,1.86,1.39,100,100
2025-11-15T02:00,4.7,5.2,0.0,0.0,2.17,1.46,100,100
2025-11-15T03:00,4.7,5.2,0.0,0.0,2.28,1.73,100,100
2025-11-15T04:00,4.7,5.1,0.0,0.0,2.57,2.02,100,100
2025-11-15T05:00,4.8,5.0,0.0,0.0,3.0,2.72,100,100
2025-11-15T06:00,4.9,6.0,7.0,8.0,3.7,3.4,94,99
2025-11-15T07:00,5.6,6.7,62.0,51.0,4.02,3.78,80,93
2025-11-15T08:00,5.9,6.9,153.0,105.0,3.82,3.19,94,95
2025-11-15T09:00,6.5,6.6,176.0,141.0,3.78,3.08,93,100
2025-11-15T10:00,7.0,6.6,197.0,147.0,3.8,3.46,95,100
2025-11-15T11:00,7.6,7.3,200.0,168.0,4.17,3.42,94,100
2025-11-15T12:00,9.6,6.6,270.0,135.0,4.16,3.57,69,100
2025-11-15T13:00,9.9,7.3,198.0,114.0,4.37,4.03,70,93
2025-11-15T14:00,9.3,7.8,94.0,76.0,4.68,4.39,80,84
2025-11-15T15:00,8.1,7.6,16.0,14.0,4.78,4.95,88,81
2025-11-15T16:00,7.3,7.2,0.0,0.0,4.48,4.5,86,88
2025-11-15T17:00,6.8,6.9,0.0,0.0,4.44,4.12,85,93
2025-11-15T18:00,6.6,6.7,0.0,0.0,4.0,4.31,89,90
2025-11-15T19:00,6.1,6.4,0.0,0.0,3.23,4.37,97,92
2025-11-15T20:00,5.7,6.1,0.0,0.0,1.71,3.88,100,97
2025-11-15T21:00,5.3,5.7,0.0,0.0,1.12,3.45,100,100
2025-11-15T22:00,5.2,5.3,0.0,0.0,0.79,2.76,100,100
2025-11-15T23:00,5.1,5.1,0.0,0.0,0.69,2.33,100,100
2025-11-16T00:00,4.9,5.0,0.0,0.0,1.43,0.14,100,100
2025-11-16T01:00,4.9,4.9,0.0,0.0,1.69,0.57,100,100
2025-11-16T02:00,5.0,5.0,0.0,0.0,2.08,0.88,100,100
2025-11-16T03:00,5.3,5.1,0.0,0.0,2.46,0.44,100,100
2025-11-16T04:00,5.4,5.0,0.0,0.0,1.98,0.53,100,100
2025-11-16T05:00,5.5,5.0,0.0,0.0,2.02,0.71,100,100
2025-11-16T06:00,5.6,6.2,9.0,7.0,2.36,0.84,100,100
2025-11-16T07:00,5.9,6.3,45.0,38.0,2.2,0.49,100,100
2025-11-16T08:00,6.3,6.6,81.0,75.0,1.69,0.55,100,100
2025-11-16T09:00,6.8,7.1,100.0,123.0,1.1,0.89,100,100
2025-11-16T10:00,7.5,7.7,147.0,163.0,0.0,0.96,94,100
2025-11-16T11:00,8.3,8.5,220.0,203.0,1.01,1.93,91,98
2025-11-16T12:00,8.6,9.8,191.0,276.0,1.63,1.67,81,61
2025-11-16T13:00,8.8,9.9,147.0,211.0,2.04,2.04,80,56
2025-11-16T14:00,8.9,9.7,81.0,108.0,2.29,2.2,81,52
2025-11-16T15:00,8.5,9.1,15.0,18.0,3.2,3.15,78,32
2025-11-16T16:00,8.0,8.2,0.0,0.0,4.22,3.4,77,0
2025-11-16T17:00,7.5,7.7,0.0,0.0,4.75,4.08,69,1
2025-11-16T18:00,7.1,7.3,0.0,0.0,5.44,6.35,83,43
2025-11-16T19:00,6.9,7.0,0.0,0.0,5.89,6.75,86,49
2025-11-16T20:00,6.8,6.7,0.0,0.0,6.35,7.04,86,71
2025-11-16T21:00,6.6,6.7,0.0,0.0,6.78,6.9,52,100
2025-11-16T22:00,6.2,6.6,0.0,0.0,6.44,6.82,74,100
2025-11-16T23:00,5.9,6.6,0.0,0.0,5.75,6.73,52,39
2025-11-17T00:00,5.7,6.1,0.0,0.0,5.4,4.25,75,83
2025-11-17T01:00,5.4,5.8,0.0,0.0,4.17,3.92,84,87
2025-11-17T02:00,5.2,5.6,0.0,0.0,4.08,3.83,100,88
2025-11-17T03:00,5.2,5.5,0.0,0.0,4.17,4.26,93,83
2025-11-17T04:00,5.1,5.4,0.0,0.0,4.65,4.61,95,97
2025-11-17T05:00,4.8,5.3,0.0,0.0,4.78,4.76,94,92
2025-11-17T06:00,4.7,4.9,16.0,14.0,4.61,4.81,66,78
2025-11-17T07:00,5.4,5.4,106.0,98.0,4.12,4.84,74,68
2025-11-17T08:00,6.9,6.5,229.0,199.0,3.86,2.92,18,89
2025-11-17T09:00,9.0,8.0,332.0,263.0,3.53,2.3,23,100
2025-11-17T10:00,11.2,9.9,384.0,341.0,2.33,2.06,100,58
2025-11-17T11:00,12.6,11.9,355.0,386.0,2.04,1.67,100,79
2025-11-17T12:00,13.4,14.3,342.0,337.0,1.74,2.47,43,69
2025-11-17T13:00,14.1,14.6,239.0,183.0,2.18,3.26,44,89
2025-11-17T14:00,13.7,14.1,109.0,77.0,2.15,3.26,65,75
2025-11-17T15:00,12.6,12.9,16.0,15.0,3.24,4.88,44,24
2025-11-17T16:00,11.9,12.1,0.0,0.0,3.33,4.04,36,35
2025-11-17T17:00,11.2,11.5,0.0,0.0,4.19,4.25,9,21
2025-11-17T18:00,10.5,10.9,0.0,0.0,4.09,4.85,49,45
2025-11-17T19:00,10.0,10.5,0.0,0.0,4.1,5.47,62,56
2025-11-17T20:00,9.7,10.0,0.0,0.0,4.54,6.45,74,57
2025-11-17T21:00,9.3,10.2,0.0,0.0,5.52,7.41,83,85
2025-11-17T22:00,9.0,10.4,0.0,0.0,6.49,6.98,100,100
2025-11-17T23:00,9.1,10.4,0.0,0.0,7.3,7.85,80,100
2025-11-18T00:00,8.8,9.7,0.0,0.0,6.96,8.06,99,100
2025-11-18T01:00,8.7,9.6,0.0,0.0,7.56,8.01,100,95
2025-11-18T02:00,8.9,9.6,0.0,0.0,7.47,7.42,100,100
2025-11-18T03:00,8.9,9.5,0.0,0.0,6.99,7.1,100,100
2025-11-18T04:00,9.0,9.6,0.0,0.0,6.64,6.85,100,100
2025-11-18T05:00,9.1,9.8,0.0,0.0,6.51,7.26,100,100
2025-11-18T06:00,8.5,9.4,13.0,17.0,5.25,6.37,68,100
2025-11-18T07:00,9.6,10.3,86.0,92.0,5.96,6.63,70,100
2025-11-18T08:00,11.8,11.9,185.0,156.0,6.72,7.34,88,100
2025-11-18T09:00,13.2,13.1,182.0,155.0,6.79,7.98,100,100
2025-11-18T10:00,13.4,12.8,151.0,89.0,7.69,8.42,100,100
2025-11-18T11:00,12.9,12.3,104.0,67.0,5.74,7.56,100,100
2025-11-18T12:00,13.5,13.9,66.0,93.0,5.66,6.54,100,100
2025-11-18T13:00,13.4,13.2,93.0,53.0,6.66,5.8,100,100
2025-11-18T14:00,13.0,12.7,52.0,23.0,6.26,2.08,100,100
2025-11-18T15:00,12.3,10.5,4.0,2.0,4.55,7.84,100,100
2025-11-18T16:00,8.2,8.4,0.0,0.0,9.19,8.56,100,100
2025-11-18T17:00,7.3,7.7,0.0,0.0,8.77,7.98,100,100
2025-11-18T18:00,6.5,7.1,0.0,0.0,9.17,8.03,100,100
2025-11-18T19:00,5.9,6.6,0.0,0.0,9.46,8.06,100,100
2025-11-18T20:00,5.5,6.3,0.0,0.0,9.72,7.53,100,100
2025-11-18T21:00,5.2,6.1,0.0,0.0,8.98,9.12,100,100
2025-11-18T22:00,5.0,5.8,0.0,0.0,9.91,10.39,100,100
2025-11-18T23:00,4.8,5.6,0.0,0.0,9.77,10.05,100,100
2025-11-19T00:00,4.8,5.2,0.0,0.0,9.86,11.26,100,100
2025-11-19T01:00,4.7,5.2,0.0,0.0,9.45,11.04,100,100
2025-11-19T02:00,4.6,5.2,0.0,0.0,9.15,9.7,100,100
2025-11-19T03:00,4.4,4.8,0.0,0.0,8.42,8.88,100,100
2025-11-19T04:00,4.4,4.6,0.0,0.0,6.94,8.18,100,100
2025-11-19T05:00,4.4,4.6,0.0,0.0,6.94,6.66,100,100
2025-11-19T06:00,4.6,4.3,3.0,4.0,4.84,5.2,100,100
2025-11-19T07:00,4.8,4.5,21.0,24.0,3.29,4.64,100,100
2025-11-19T08:00,5.0,4.9,36.0,48.0,3.91,4.21,100,100
2025-11-19T09:00,5.3,5.3,62.0,83.0,3.6,3.9,100,100
2025-11-19T10:00,5.6,5.6,86.0,94.0,3.51,2.82,100,100
2025-11-19T11:00,6.0,6.1,87.0,136.0,3.16,3.41,100,99
2025-11-19T12:00,6.2,5.7,74.0,84.0,2.89,4.34,100,100
2025-11-19T13:00,6.1,5.7,41.0,54.0,2.77,3.59,100,100
2025-11-19T14:00,5.8,5.7,14.0,27.0,3.37,3.92,100,100
2025-11-19T15:00,5.5,5.5,2.0,4.0,3.86,3.84,100,100
2025-11-19T16:00,5.4,5.4,0.0,0.0,3.73,3.6,100,100
2025-11-19T17:00,5.3,5.2,0.0,0.0,4.74,4.32,100,100
2025-11-19T18:00,5.5,5.2,0.0,0.0,4.53,3.46,100,100
2025-11-19T19:00,5.5,5.1,0.0,0.0,4.74,3.83,100,100
2025-11-19T20:00,5.4,5.0,0.0,0.0,5.68,3.18,100,98
2025-11-19T21:00,5.5,4.9,0.0,0.0,5.78,3.56,100,96
2025-11-19T22:00,5.4,4.8,0.0,0.0,5.9,3.42,99,87
2025-11-19T23:00,5.4,4.7,0.0,0.0,5.54,2.96,100,90
2025-11-20T00:00,5.2,5.1,0.0,0.0,5.45,5.43,100,99
2025-11-20T01:00,5.2,5.1,0.0,0.0,5.89,4.71,100,99
2025-11-20T02:00,5.2,5.1,0.0,0.0,5.71,3.82,100,95
2025-11-20T03:00,5.4,5.2,0.0,0.0,4.98,3.27,100,96
2025-11-20T04:00,5.6,5.2,0.0,0.0,4.25,2.43,100,98
2025-11-20T05:00,5.7,5.3,0.0,0.0,3.63,1.94,100,98
2025-11-20T06:00,5.9,5.6,3.0,4.0,2.23,1.18,100,100
2025-11-20T07:00,6.2,6.0,28.0,37.0,1.18,0.35,100,97
2025-11-20T08:00,6.9,6.8,73.0,99.0,0.93,0.83,99,95
2025-11-20T09:00,7.6,7.7,113.0,151.0,0.78,1.31,95,95
2025-11-20T10:00,8.3,8.6,143.0,192.0,1.36,1.69,95,93
2025-11-20T11:00,9.1,9.3,176.0,197.0,0.9,1.81,93,92
2025-11-20T12:00,9.0,9.1,140.0,158.0,0.69,0.1,96,92
2025-11-20T13:00,9.2,9.2,74.0,75.0,0.39,0.75,99,97
2025-11-20T14:00,9.2,9.2,39.0,33.0,0.35,0.22,99,97
2025-11-20T15:00,9.0,8.9,6.0,5.0,0.29,0.1,95,98
2025-11-20T16:00,8.7,8.7,0.0,0.0,0.35,0.71,92,98
2025-11-20T17:00,8.4,8.5,0.0,0.0,0.35,0.44,87,97
2025-11-20T18:00,7.5,8.3,0.0,0.0,0.1,1.28,85,94
2025-11-20T19:00,7.2,8.2,0.0,0.0,0.6,1.43,85,95
2025-11-20T20:00,7.0,8.0,0.0,0.0,0.53,2.19,99,94
2025-11-20T21:00,6.8,8.0,0.0,0.0,0.77,3.2,100,100
2025-11-20T22:00,6.6,7.8,0.0,0.0,1.47,2.29,88,100
2025-11-20T23:00,6.5,7.4,0.0,0.0,1.59,2.22,98,100
2025-11-21T00:00,8.4,6.5,0.0,0.0,2.42,1.06,100,85
2025-11-21T01:00,8.6,6.3,0.0,0.0,2.36,1.97,100,100
2025-11-21T02:00,8.6,6.6,0.0,0.0,1.39,1.29,98,100
2025-11-21T03:00,8.7,6.8,0.0,0.0,2.15,1.73,98,100
2025-11-21T04:00,8.7,7.2,0.0,0.0,1.37,2.85,100,100
2025-11-21T05:00,8.8,7.4,0.0,0.0,2.71,3.83,96,100
2025-11-21T06:00,8.6,7.7,7.0,6.0,3.44,4.09,100,100
2025-11-21T07:00,9.1,8.4,45.0,41.0,3.66,3.81,100,100
2025-11-21T08:00,10.1,9.2,113.0,70.0,3.76,3.14,95,100
2025-11-21T09:00,11.1,10.4,167.0,127.0,3.24,3.21,100,100
2025-11-21T10:00,11.6,11.5,112.0,204.0,2.36,2.0,100,98
2025-11-21T11:00,12.0,12.8,126.0,234.0,3.15,1.32,100,100
2025-11-21T12:00,12.3,13.2,132.0,221.0,3.69,0.22,100,100
2025-11-21T13:00,12.6,13.7,119.0,175.0,2.73,0.57,100,100
2025-11-21T14:00,12.5,13.5,77.0,89.0,2.59,1.18,100,100
2025-11-21T15:00,11.7,12.5,12.0,10.0,3.23,2.07,100,100
2025-11-21T16:00,11.3,12.0,0.0,0.0,3.73,3.67,99,100
2025-11-21T17:00,11.0,11.6,0.0,0.0,4.24,4.32,90,98
2025-11-21T18:00,11.0,11.0,0.0,0.0,3.92,4.78,97,100
2025-11-21T19:00,10.8,10.9,0.0,0.0,3.61,5.09,100,100
2025-11-21T20:00,10.7,10.9,0.0,0.0,4.37,4.74,100,100
2025-11-21T21:00,10.7,10.8,0.0,0.0,4.79,4.25,100,100
2025-11-21T22:00,11.2,10.8,0.0,0.0,6.08,4.57,100,100
2025-11-21T23:00,11.7,11.0,0.0,0.0,6.87,5.82,100,100
2025-11-22T00:00,13.0,12.3,0.0,0.0,5.58,9.18,100,100
2025-11-22T01:00,12.6,12.8,0.0,0.0,4.87,8.41,100,100
2025-11-22T02:00,11.8,12.9,0.0,0.0,4.7,7.11,100,100
2025-11-22T03:00,11.5,12.3,0.0,0.0,4.44,3.86,100,70
2025-11-22T04:00,11.7,10.9,0.0,0.0,5.14,2.91,90,87
2025-11-22T05:00,11.9,10.2,0.0,0.0,5.57,3.63,78,91
2025-11-22T06:00,12.0,10.8,7.0,9.0,7.04,2.79,94,83
2025-11-22T07:00,12.8,11.5,53.0,70.0,5.59,2.82,76,78
2025-11-22T08:00,13.9,12.7,129.0,118.0,3.87,3.11,63,86
2025-11-22T09:00,15.5,13.7,230.0,163.0,2.51,2.84,66,72
2025-11-22T10:00,16.7,14.6,283.0,219.0,0.66,1.62,76,75
2025-11-22T11:00,17.2,15.4,254.0,260.0,0.93,0.79,78,80
2025-11-22T12:00,16.5,16.6,208.0,220.0,0.98,0.69,84,85
2025-11-22T13:00,16.4,16.6,159.0,169.0,2.59,1.53,80,74
2025-11-22T14:00,15.7,16.0,86.0,98.0,3.1,2.69,66,59
2025-11-22T15:00,14.6,14.7,13.0,14.0,4.4,4.71,55,100
2025-11-22T16:00,13.9,14.0,0.0,0.0,6.05,8.3,75,99
2025-11-22T17:00,13.6,12.7,0.0,0.0,8.03,9.82,96,100
2025-11-22T18:00,13.7,8.6,0.0,0.0,8.64,10.74,83,100
2025-11-22T19:00,11.9,7.8,0.0,0.0,8.79,11.43,95,100
2025-11-22T20:00,10.4,7.4,0.0,0.0,9.25,11.84,90,98
2025-11-22T21:00,9.7,6.9,0.0,0.0,9.52,11.68,91,82
2025-11-22T22:00,9.2,6.5,0.0,0.0,9.01,10.79,91,100
2025-11-22T23:00,8.7,6.3,0.0,0.0,7.86,9.12,95,100
2025-11-23T00:00,7.5,6.1,0.0,0.0,9.28,8.55,100,100
2025-11-23T01:00,7.3,6.0,0.0,0.0,7.71,6.37,100,100
2025-11-23T02:00,7.3,5.9,0.0,0.0,5.61,3.4,100,100
2025-11-23T03:00,7.4,5.8,0.0,0.0,4.34,4.44,100,100
2025-11-23T04:00,7.4,5.7,0.0,0.0,2.92,1.8,99,100
2025-11-23T05:00,7.6,5.6,0.0,0.0,1.69,2.16,100,100
2025-11-23T06:00,7.7,7.7,3.0,3.0,1.8,2.56,96,99
2025-11-23T07:00,8.1,7.9,42.0,21.0,2.95,2.26,98,99
2025-11-23T08:00,8.4,8.4,72.0,43.0,2.55,3.44,99,100
2025-11-23T09:00,9.1,8.5,138.0,70.0,4.23,3.6,98,99
2025-11-23T10:00,9.4,8.5,108.0,128.0,2.84,3.93,99,95
2025-11-23T11:00,9.9,8.9,128.0,205.0,3.75,4.48,94,94
2025-11-23T12:00,8.9,7.6,156.0,130.0,4.84,4.28,94,92
2025-11-23T13:00,8.6,7.7,103.0,122.0,4.96,4.62,96,96
2025-11-23T14:00,8.2,7.5,69.0,67.0,4.78,4.86,92,96
2025-11-23T15:00,7.8,7.3,10.0,10.0,5.52,5.28,93,100
2025-11-23T16:00,7.6,6.9,0.0,0.0,6.81,6.51,58,97
2025-11-23T17:00,7.2,6.6,0.0,0.0,8.61,7.56,86,100
2025-11-23T18:00,7.2,6.4,0.0,0.0,9.09,8.63,92,69
2025-11-23T19:00,7.0,6.1,0.0,0.0,8.62,8.11,100,80
2025-11-23T20:00,6.9,5.8,0.0,0.0,8.23,8.03,89,41
2025-11-23T21:00,6.5,5.3,0.0,0.0,8.01,8.5,87,23
2025-11-23T22:00,6.3,4.6,0.0,0.0,7.28,9.24,87,43
2025-11-23T23:00,5.8,3.6,0.0,0.0,8.19,8.84,46,61
2025-11-24T00:00,4.8,3.6,0.0,0.0,8.43,9.19,47,46
2025-11-24T01:00,4.0,3.1,0.0,0.0,8.04,9.19,67,44
2025-11-24T02:00,3.4,2.7,0.0,0.0,7.16,8.9,77,48
2025-11-24T03:00,2.8,2.5,0.0,0.0,7.01,8.95,85,47
2025-11-24T04:00,2.5,2.3,0.0,0.0,6.7,8.71,74,36
2025-11-24T05:00,2.3,2.1,0.0,0.0,7.08,8.64,69,0
2025-11-24T06:00,1.7,2.2,10.0,12.0,6.63,8.63,53,0
2025-11-24T07:00,2.3,2.8,94.0,110.0,5.58,7.7,45,0
2025-11-24T08:00,3.6,4.0,219.0,237.0,4.78,6.13,0,0
2025-11-24T09:00,5.4,5.4,330.0,339.0,5.49,6.35,0,0
2025-11-24T10:00,6.9,6.7,387.0,395.0,5.22,7.1,0,0
2025-11-24T11:00,8.2,7.6,392.0,397.0,5.95,7.08,0,0
2025-11-24T12:00,8.5,8.8,343.0,343.0,5.53,6.01,0,0
2025-11-24T13:00,8.7,8.9,245.0,245.0,5.61,6.2,3,4
2025-11-24T14:00,8.2,8.5,119.0,118.0,5.52,5.7,0,0
2025-11-24T15:00,7.0,7.6,15.0,14.0,5.79,5.96,0,0
2025-11-24T16:00,6.0,6.8,0.0,0.0,5.68,6.0,0,0
2025-11-24T17:00,5.3,6.1,0.0,0.0,5.41,5.21,0,0
2025-11-24T18:00,4.7,6.0,0.0,0.0,4.06,4.45,56,0
2025-11-24T19:00,4.5,5.9,0.0,0.0,3.26,3.2,0,0
2025-11-24T20:00,4.3,5.7,0.0,0.0,2.22,1.8,0,0
2025-11-24T21:00,3.7,5.0,0.0,0.0,0.98,0.78,3,1
2025-11-24T22:00,2.9,4.1,0.0,0.0,1.04,1.32,31,3
2025-11-24T23:00,2.5,3.7,0.0,0.0,0.79,2.15,31,11
2025-11-25T00:00,1.9,2.8,0.0,0.0,0.6,1.5,9,3
2025-11-25T01:00,1.8,2.6,0.0,0.0,1.08,2.26,19,23
2025-11-25T02:00,1.7,2.5,0.0,0.0,1.36,2.29,63,23
2025-11-25T03:00,1.8,2.5,0.0,0.0,2.2,2.55,20,0
2025-11-25T04:00,1.9,2.5,0.0,0.0,2.12,2.73,14,6
2025-11-25T05:00,1.9,2.4,0.0,0.0,2.5,2.86,88,61
2025-11-25T06:00,1.8,1.8,9.0,11.0,2.08,2.56,100,96
2025-11-25T07:00,2.4,2.7,78.0,93.0,2.2,2.22,100,99
2025-11-25T08:00,4.2,4.8,165.0,175.0,1.8,2.1,100,100
2025-11-25T09:00,6.0,6.7,218.0,239.0,1.71,2.1,100,100
2025-11-25T10:00,7.6,8.2,255.0,248.0,1.81,1.77,100,100
2025-11-25T11:00,8.7,9.3,263.0,256.0,1.27,1.36,100,100
2025-11-25T12:00,10.0,9.9,242.0,261.0,1.8,1.74,100,96
2025-11-25T13:00,10.2,10.1,191.0,208.0,1.97,2.0,37,39
2025-11-25T14:00,9.6,9.7,107.0,107.0,2.55,2.59,39,11
2025-11-25T15:00,8.3,8.4,13.0,13.0,3.43,3.24,2,4
2025-11-25T16:00,7.2,7.3,0.0,0.0,3.82,3.88,27,27
2025-11-25T17:00,6.6,6.5,0.0,0.0,4.51,4.23,23,35
2025-11-25T18:00,5.7,5.8,0.0,0.0,4.51,4.33,47,28
2025-11-25T19:00,5.4,5.4,0.0,0.0,4.85,4.13,49,33
2025-11-25T20:00,5.1,5.1,0.0,0.0,4.85,4.27,74,33
2025-11-25T21:00,4.9,4.9,0.0,0.0,4.54,4.42,75,31
2025-11-25T22:00,4.8,4.6,0.0,0.0,4.22,3.54,100,43
2025-11-25T23:00,4.6,4.3,0.0,0.0,3.69,3.04,78,51
2025-11-26T00:00,3.6,4.6,0.0,0.0,2.81,3.73,52,93
2025-11-26T01:00,3.1,4.9,0.0,0.0,2.2,2.81,46,77
2025-11-26T02:00,2.9,4.8,0.0,0.0,2.0,2.72,45,79
2025-11-26T03:00,2.8,4.9,0.0,0.0,2.38,3.29,46,86
2025-11-26T04:00,2.7,4.6,0.0,0.0,2.06,2.89,54,84
2025-11-26T05:00,2.6,4.4,0.0,0.0,3.24,3.6,60,94
2025-11-26T06:00,2.4,3.8,7.0,8.0,3.6,3.42,100,73
2025-11-26T07:00,3.3,4.7,54.0,82.0,3.53,3.19,100,100
2025-11-26T08:00,4.8,6.3,125.0,163.0,3.57,2.82,100,100
2025-11-26T09:00,6.8,8.3,177.0,221.0,3.35,3.33,98,96
2025-11-26T10:00,9.1,9.8,292.0,207.0,2.76,2.84,62,84
2025-11-26T11:00,10.4,10.6,269.0,183.0,2.06,1.98,66,93
2025-11-26T12:00,13.0,11.4,224.0,182.0,2.64,0.42,68,100
2025-11-26T13:00,13.0,11.6,146.0,105.0,2.64,0.71,100,94
2025-11-26T14:00,12.4,11.2,56.0,61.0,3.02,1.86,100,100
2025-11-26T15:00,11.4,10.5,8.0,7.0,2.53,1.08,99,92
2025-11-26T16:00,10.8,10.0,0.0,0.0,1.67,0.28,95,86
2025-11-26T17:00,10.2,9.5,0.0,0.0,1.68,1.28,96,98
2025-11-26T18:00,9.8,9.0,0.0,0.0,1.83,1.63,95,60
2025-11-26T19:00,9.2,8.4,0.0,0.0,1.33,2.22,81,69
2025-11-26T20:00,8.4,8.0,0.0,0.0,2.39,2.19,86,87
2025-11-26T21:00,8.0,7.8,0.0,0.0,3.26,1.96,94,100
2025-11-26T22:00,8.0,7.7,0.0,0.0,2.23,1.23,96,100
2025-11-26T23:00,7.9,7.8,0.0,0.0,1.25,2.27,96,100
2025-11-27T00:00,7.5,6.2,0.0,0.0,1.68,1.08,96,87
2025-11-27T01:00,7.3,6.0,0.0,0.0,1.41,1.95,96,80
2025-11-27T02:00,7.1,5.8,0.0,0.0,0.57,2.86,100,63
2025-11-27T03:00,6.8,5.2,0.0,0.0,1.49,4.61,99,98
2025-11-27T04:00,6.1,5.3,0.0,0.0,3.08,5.4,100,100
2025-11-27T05:00,6.2,5.9,0.0,0.0,4.98,6.53,100,100
2025-11-27T06:00,6.4,5.6,5.0,5.0,5.64,7.75,96,100
2025-11-27T07:00,7.4,6.4,36.0,28.0,6.88,7.89,99,100
2025-11-27T08:00,8.9,7.4,66.0,44.0,7.31,7.67,100,100
2025-11-27T09:00,10.3,8.9,85.0,76.0,7.2,7.91,100,100
2025-11-27T10:00,11.4,10.1,87.0,79.0,6.72,8.22,100,100
2025-11-27T11:00,12.4,11.2,101.0,70.0,6.04,8.31,100,100
2025-11-27T12:00,13.7,13.6,65.0,92.0,5.41,6.04,100,100
2025-11-27T13:00,13.4,13.6,27.0,52.0,5.55,5.52,100,100
2025-11-27T14:00,12.8,13.1,12.0,20.0,3.75,4.98,100,100
2025-11-27T15:00,11.2,12.6,1.0,2.0,5.85,3.76,100,100
2025-11-27T16:00,10.3,11.8,0.0,0.0,4.48,3.82,100,100
2025-11-27T17:00,9.8,10.9,0.0,0.0,4.0,3.76,100,100
2025-11-27T18:00,11.1,9.5,0.0,0.0,3.24,4.73,100,100
2025-11-27T19:00,10.3,9.2,0.0,0.0,2.94,3.78,100,100
2025-11-27T20:00,9.8,8.9,0.0,0.0,1.71,3.24,100,100
2025-11-27T21:00,9.6,8.6,0.0,0.0,0.22,2.11,100,100
2025-11-27T22:00,9.4,8.4,0.0,0.0,3.28,1.89,100,99
2025-11-27T23:00,8.6,8.3,0.0,0.0,5.92,3.52,100,100
2025-11-28T00:00,7.6,7.3,0.0,0.0,6.75,7.04,100,100
2025-11-28T01:00,7.2,6.8,0.0,0.0,6.11,7.3,100,100
2025-11-28T02:00,7.0,6.4,0.0,0.0,6.53,7.56,100,100
2025-11-28T03:00,6.8,6.2,0.0,0.0,6.56,7.63,100,100
2025-11-28T04:00,6.6,6.0,0.0,0.0,7.53,8.31,100,98
2025-11-28T05:00,6.3,5.9,0.0,0.0,7.87,8.64,100,96
2025-11-28T06:00,6.5,5.8,3.0,2.0,8.37,7.22,100,100
2025-11-28T07:00,6.5,5.8,32.0,16.0,8.28,7.26,99,100
2025-11-28T08:00,6.4,6.0,41.0,56.0,8.13,7.95,100,95
2025-11-28T09:00,6.6,6.6,56.0,142.0,7.95,7.5,100,94
2025-11-28T10:00,6.9,7.3,99.0,156.0,8.47,8.38,95,100
2025-11-28T11:00,7.0,7.4,93.0,101.0,8.64,8.5,99,98
2025-11-28T12:00,6.2,6.5,58.0,50.0,7.9,8.15,99,100
2025-11-28T13:00,6.3,6.7,42.0,47.0,8.12,8.46,98,100
2025-11-28T14:00,6.2,6.5,22.0,18.0,7.89,8.34,99,100
2025-11-28T15:00,6.1,6.2,3.0,3.0,8.6,8.5,100,100
2025-11-28T16:00,6.1,6.0,0.0,0.0,8.77,9.03,100,99
2025-11-28T17:00,6.1,5.9,0.0,0.0,8.68,9.42,100,99
2025-11-28T18:00,6.2,6.5,0.0,0.0,8.54,9.47,100,100
2025-11-28T19:00,6.2,6.4,0.0,0.0,8.86,9.42,100,100
2025-11-28T20:00,6.2,6.4,0.0,0.0,8.37,9.73,100,100
2025-11-28T21:00,6.2,6.5,0.0,0.0,9.88,10.56,100,100
2025-11-28T22:00,6.3,6.5,0.0,0.0,10.21,10.12,100,100
2025-11-28T23:00,6.3,6.6,0.0,0.0,10.61,11.19,100,100
2025-11-29T00:00,6.4,6.6,0.0,0.0,9.95,9.08,100,100
2025-11-29T01:00,6.7,6.5,0.0,0.0,9.91,11.13,100,100
2025-11-29T02:00,7.0,6.5,0.0,0.0,9.14,11.66,100,100
2025-11-29T03:00,7.2,6.7,0.0,0.0,8.52,9.73,100,100
2025-11-29T04:00,7.5,6.9,0.0,0.0,9.22,9.07,99,100
2025-11-29T05:00,7.6,7.2,0.0,0.0,9.2,8.94,100,100
2025-11-29T06:00,7.8,8.3,1.0,2.0,9.44,9.29,100,100
2025-11-29T07:00,8.1,8.6,14.0,14.0,9.13,8.81,100,100
2025-11-29T08:00,8.6,8.9,34.0,33.0,7.56,8.33,100,100
2025-11-29T09:00,9.1,9.2,44.0,45.0,6.87,9.65,100,100
2025-11-29T10:00,9.5,9.6,67.0,57.0,6.17,5.14,100,100
2025-11-29T11:00,9.9,9.8,57.0,40.0,4.79,6.86,100,100
2025-11-29T12:00,10.2,9.7,50.0,38.0,6.62,6.54,100,100
2025-11-29T13:00,10.1,9.9,25.0,25.0,7.3,6.79,100,100
2025-11-29T14:00,9.8,9.8,11.0,10.0,7.14,5.43,100,100
2025-11-29T15:00,9.7,9.7,1.0,1.0,5.91,4.91,100,100
2025-11-29T16:00,9.8,9.6,0.0,0.0,4.51,5.62,100,100
2025-11-29T17:00,9.4,9.9,0.0,0.0,3.96,7.84,100,100
2025-11-29T18:00,9.7,8.5,0.0,0.0,7.97,6.52,100,100
2025-11-29T19:00,9.6,8.2,0.0,0.0,4.86,6.13,100,100
2025-11-29T20:00,8.9,8.0,0.0,0.0,0.98,5.4,100,100
2025-11-29T21:00,8.6,7.8,0.0,0.0,1.25,5.86,100,100
2025-11-29T22:00,8.4,7.5,0.0,0.0,3.11,5.76,100,100
2025-11-29T23:00,8.3,7.1,0.0,0.0,3.14,5.78,100,100
2025-11-30T00:00,6.8,7.9,0.0,0.0,2.88,7.45,100,100
2025-11-30T01:00,6.6,7.9,0.0,0.0,2.68,7.06,100,97
2025-11-30T02:00,6.3,7.4,0.0,0.0,3.24,6.33,100,100
2025-11-30T03:00,6.2,6.9,0.0,0.0,2.68,6.29,100,98
2025-11-30T04:00,6.0,6.5,0.0,0.0,3.18,6.38,100,99
2025-11-30T05:00,5.9,6.2,0.0,0.0,3.92,6.02,100,97
2025-11-30T06:00,5.5,7.2,1.0,0.0,3.6,3.75,100,100
2025-11-30T07:00,5.5,7.5,11.0,7.0,3.55,3.91,100,100
2025-11-30T08:00,5.5,7.7,22.0,20.0,3.53,2.97,100,100
2025-11-30T09:00,5.6,7.8,32.0,31.0,3.07,1.97,100,99
2025-11-30T10:00,5.9,8.1,35.0,76.0,3.1,1.33,100,99
2025-11-30T11:00,6.2,8.1,45.0,70.0,3.35,1.39,100,100
2025-11-30T12:00,6.0,6.9,30.0,54.0,3.17,1.47,100,100
2025-11-30T13:00,6.1,6.9,28.0,34.0,3.17,2.51,100,100
2025-11-30T14:00,6.2,6.8,14.0,21.0,3.42,2.89,100,100
2025-11-30T15:00,6.1,6.7,2.0,3.0,4.47,3.38,100,100
2025-11-30T16:00,6.1,6.6,0.0,0.0,4.78,3.57,100,100
2025-11-30T17:00,6.1,6.5,0.0,0.0,4.65,3.82,99,100
2025-11-30T18:00,5.9,6.6,0.0,0.0,4.68,3.52,100,100
2025-11-30T19:00,5.8,6.6,0.0,0.0,4.56,3.61,100,100
2025-11-30T20:00,5.7,6.6,0.0,0.0,4.0,3.42,100,100
2025-11-30T21:00,5.6,6.6,0.0,0.0,4.04,3.01,100,100
2025-11-30T22:00,5.4,6.6,0.0,0.0,3.55,3.11,100,99
2025-11-30T23:00,5.2,6.4,0.0,0.0,3.47,3.78,100,100
2025-12-01T00:00,4.1,5.2,0.0,0.0,4.84,4.62,100,100
2025-12-01T01:00,3.9,4.9,0.0,0.0,4.82,5.3,100,100
2025-12-01T02:00,3.9,4.8,0.0,0.0,4.82,5.89,100,100
2025-12-01T03:00,3.8,4.7,0.0,0.0,4.97,4.95,100,100
2025-12-01T04:00,3.9,4.7,0.0,0.0,4.86,4.75,100,99
2025-12-01T05:00,4.0,4.7,0.0,0.0,4.04,5.22,100,100
2025-12-01T06:00,4.0,3.9,3.0,2.0,5.87,4.04,100,94
2025-12-01T07:00,4.4,4.2,35.0,38.0,5.41,4.31,100,96
2025-12-01T08:00,5.2,5.1,85.0,105.0,4.02,3.72,98,94
2025-12-01T09:00,5.9,6.2,121.0,167.0,3.99,2.29,96,91
2025-12-01T10:00,6.5,7.2,162.0,208.0,3.37,2.51,95,92
2025-12-01T11:00,7.2,7.9,212.0,203.0,2.72,2.32,86,96
2025-12-01T12:00,7.7,7.6,211.0,145.0,3.24,2.72,100,96
2025-12-01T13:00,7.7,7.8,113.0,121.0,3.29,2.02,96,86
2025-12-01T14:00,7.5,7.7,59.0,62.0,3.33,2.15,100,82
2025-12-01T15:00,6.8,7.1,7.0,8.0,3.46,2.46,85,84
2025-12-01T16:00,6.3,6.8,0.0,0.0,3.25,2.02,78,85
2025-12-01T17:00,5.8,6.5,0.0,0.0,2.38,1.39,74,86
2025-12-01T18:00,5.5,5.8,0.0,0.0,1.36,1.12,80,55
2025-12-01T19:00,5.3,5.3,0.0,0.0,0.92,0.62,76,73
2025-12-01T20:00,4.9,5.0,0.0,0.0,0.42,0.49,76,68
2025-12-01T21:00,4.6,4.8,0.0,0.0,0.1,0.6,62,58
2025-12-01T22:00,4.2,4.5,0.0,0.0,0.31,0.84,62,56
2025-12-01T23:00,3.9,4.3,0.0,0.0,0.4,0.9,67,52
2025-12-02T00:00,4.9,3.5,0.0,0.0,0.44,0.75,91,98
2025-12-02T01:00,4.8,3.0,0.0,0.0,0.66,1.15,84,100
2025-12-02T02:00,4.5,2.8,0.0,0.0,0.79,0.79,82,100
2025-12-02T03:00,4.4,2.8,0.0,0.0,0.98,0.69,84,100
2025-12-02T04:00,4.2,2.5,0.0,0.0,0.9,0.9,88,100
2025-12-02T05:00,3.8,2.3,0.0,0.0,0.77,1.1,91,100
2025-12-02T06:00,3.0,3.1,4.0,4.0,1.06,2.42,96,94
2025-12-02T07:00,3.1,3.7,54.0,50.0,0.88,2.48,98,99
2025-12-02T08:00,3.8,4.7,112.0,116.0,0.88,2.45,93,91
2025-12-02T09:00,5.6,6.3,183.0,192.0,1.28,1.69,84,88
2025-12-02T10:00,7.2,7.6,244.0,249.0,1.48,0.83,85,72
2025-12-02T11:00,7.9,8.5,263.0,265.0,1.77,1.49,85,72
2025-12-02T12:00,8.3,7.9,260.0,237.0,1.62,1.38,81,83
2025-12-02T13:00,8.2,7.9,169.0,149.0,1.81,1.57,93,100
2025-12-02T14:00,7.8,7.6,66.0,62.0,2.14,2.16,100,100
2025-12-02T15:00,7.1,6.7,7.0,7.0,2.87,2.02,96,94
2025-12-02T16:00,6.5,6.1,0.0,0.0,3.14,2.48,92,99
2025-12-02T17:00,6.1,6.1,0.0,0.0,3.69,2.85,100,100
2025-12-02T18:00,6.0,6.3,0.0,0.0,4.59,4.82,100,100
2025-12-02T19:00,5.9,6.2,0.0,0.0,4.93,5.63,100,100
2025-12-02T20:00,5.8,6.0,0.0,0.0,6.27,5.99,100,100
2025-12-02T21:00,5.7,5.8,0.0,0.0,6.66,6.27,100,100
2025-12-02T22:00,5.6,5.7,0.0,0.0,6.58,6.18,100,100
2025-12-02T23:00,5.5,5.5,0.0,0.0,6.89,5.99,99,97
2025-12-03T00:00,5.5,5.7,0.0,0.0,7.25,6.09,100,100
2025-12-03T01:00,5.2,5.5,0.0,0.0,7.18,6.57,78,100
2025-12-03T02:00,5.1,5.3,0.0,0.0,7.43,6.78,88,95
2025-12-03T03:00,5.0,5.2,0.0,0.0,7.28,6.92,100,100
2025-12-03T04:00,4.8,5.0,0.0,0.0,6.97,6.82,100,95
2025-12-03T05:00,4.6,4.9,0.0,0.0,6.78,6.3,81,96
2025-12-03T06:00,4.5,4.4,4.0,4.0,5.78,6.43,65,75
2025-12-03T07:00,5.1,5.0,66.0,62.0,5.59,6.48,100,97
2025-12-03T08:00,6.2,6.4,122.0,138.0,5.2,5.33,100,99
2025-12-03T09:00,7.2,7.8,147.0,212.0,3.73,3.32,100,91
2025-12-03T10:00,8.3,8.9,196.0,256.0,2.67,3.35,100,100
2025-12-03T11:00,9.0,9.6,181.0,213.0,2.54,3.69,100,100
2025-12-03T12:00,9.6,9.7,155.0,134.0,3.6,3.45,100,100
2025-12-03T13:00,9.6,9.9,100.0,106.0,4.31,2.81,100,100
2025-12-03T14:00,9.4,9.5,35.0,47.0,4.91,3.67,100,100
2025-12-03T15:00,8.8,8.9,4.0,5.0,5.38,4.92,100,98
2025-12-03T16:00,8.4,8.3,0.0,0.0,6.88,5.98,98,97
2025-12-03T17:00,8.1,8.0,0.0,0.0,7.17,5.74,85,94
2025-12-03T18:00,7.8,7.8,0.0,0.0,7.32,7.41,86,99
2025-12-03T19:00,7.5,7.6,0.0,0.0,7.03,6.7,88,99
2025-12-03T20:00,7.4,7.5,0.0,0.0,6.29,5.71,95,97
2025-12-03T21:00,7.3,7.4,0.0,0.0,5.92,5.78,84,86
2025-12-03T22:00,7.3,7.2,0.0,0.0,5.83,5.27,96,85
2025-12-03T23:00,7.3,7.1,0.0,0.0,5.52,5.12,100,87
2025-12-04T00:00,7.5,6.9,0.0,0.0,5.23,4.59,95,83
2025-12-04T01:00,7.4,6.9,0.0,0.0,5.42,4.27,90,83
2025-12-04T02:00,7.4,6.8,0.0,0.0,5.77,3.79,89,87
2025-12-04T03:00,7.4,6.8,0.0,0.0,5.28,3.95,87,91
2025-12-04T04:00,7.3,6.8,0.0,0.0,6.21,3.64,93,93
2025-12-04T05:00,7.5,6.7,0.0,0.0,6.07,4.04,91,94
2025-12-04T06:00,7.7,6.4,2.0,2.0,7.05,3.29,99,100
2025-12-04T07:00,8.1,6.5,34.0,26.0,6.96,3.38,98,100
2025-12-04T08:00,9.0,6.6,89.0,73.0,6.54,3.42,92,100
2025-12-04T09:00,9.9,7.4,139.0,119.0,6.02,3.51,91,100
2025-12-04T10:00,10.9,8.5,212.0,144.0,5.56,3.68,92,100
2025-12-04T11:00,11.3,9.6,184.0,148.0,5.98,4.71,100,98
2025-12-04T12:00,12.4,12.1,189.0,164.0,4.81,6.03,61,100
2025-12-04T13:00,12.7,12.3,148.0,115.0,6.28,7.06,59,99
2025-12-04T14:00,12.1,11.9,76.0,67.0,6.3,7.25,65,100
2025-12-04T15:00,11.3,11.0,7.0,8.0,7.75,8.23,91,97
2025-12-04T16:00,10.9,10.6,0.0,0.0,8.67,9.2,84,95
2025-12-04T17:00,10.4,10.3,0.0,0.0,9.12,9.42,85,83
2025-12-04T18:00,9.8,9.8,0.0,0.0,9.1,9.05,88,98
2025-12-04T19:00,9.4,9.4,0.0,0.0,8.8,8.38,75,100
2025-12-04T20:00,9.0,8.9,0.0,0.0,8.58,8.16,58,100
2025-12-04T21:00,8.7,8.7,0.0,0.0,8.62,8.63,72,100
2025-12-04T22:00,8.7,8.7,0.0,0.0,8.74,9.02,97,92
2025-12-04T23:00,8.8,8.7,0.0,0.0,8.37,8.94,89,99
2025-12-05T00:00,8.9,8.9,0.0,0.0,8.97,9.1,85,85
2025-12-05T01:00,8.9,9.0,0.0,0.0,8.76,9.27,96,98
2025-12-05T02:00,8.9,9.1,0.0,0.0,9.01,9.25,94,99
2025-12-05T03:00,8.9,9.3,0.0,0.0,9.25,9.03,93,97
2025-12-05T04:00,8.9,9.3,0.0,0.0,9.13,8.21,98,96
2025-12-05T05:00,9.1,9.6,0.0,0.0,9.54,8.0,99,96
2025-12-05T06:00,9.8,9.9,2.0,2.0,8.9,8.53,100,98
2025-12-05T07:00,10.3,10.3,35.0,31.0,10.03,9.08,100,95
2025-12-05T08:00,10.8,10.8,70.0,60.0,8.86,9.05,100,99
2025-12-05T09:00,11.4,11.1,116.0,88.0,9.72,8.84,95,100
2025-12-05T10:00,11.6,11.1,127.0,100.0,9.32,9.21,97,100
2025-12-05T11:00,11.3,11.2,71.0,123.0,9.86,9.57,100,99
2025-12-05T12:00,10.8,11.8,114.0,128.0,10.56,10.52,100,92
2025-12-05T13:00,10.7,11.5,43.0,95.0,10.74,10.69,97,97
2025-12-05T14:00,10.5,10.9,36.0,24.0,11.44,10.81,100,93
2025-12-05T15:00,10.1,10.2,3.0,3.0,11.27,11.27,95,96
2025-12-05T16:00,9.8,9.8,0.0,0.0,11.13,11.48,100,93
2025-12-05T17:00,9.2,9.1,0.0,0.0,11.53,12.1,98,98
2025-12-05T18:00,8.6,8.9,0.0,0.0,11.79,12.4,100,100
2025-12-05T19:00,8.2,8.5,0.0,0.0,11.29,11.54,100,100
2025-12-05T20:00,8.0,8.2,0.0,0.0,11.3,12.01,100,100
2025-12-05T21:00,7.7,8.1,0.0,0.0,11.25,12.28,97,100
2025-12-05T22:00,7.4,7.9,0.0,0.0,12.07,11.53,97,100
2025-12-05T23:00,7.0,7.7,0.0,0.0,12.42,12.07,100,100
2025-12-06T00:00,6.9,6.8,0.0,0.0,13.13,12.13,99,100
2025-12-06T01:00,6.3,6.3,0.0,0.0,12.19,10.74,100,100
2025-12-06T02:00,5.7,5.9,0.0,0.0,13.25,10.06,100,100
2025-12-06T03:00,5.4,5.6,0.0,0.0,12.5,12.27,100,100
2025-12-06T04:00,5.1,5.3,0.0,0.0,13.39,12.55,100,100
2025-12-06T05:00,4.9,5.2,0.0,0.0,13.79,13.21,100,100
2025-12-06T06:00,4.8,5.1,1.0,1.0,12.53,12.96,100,100
2025-12-06T07:00,4.8,4.8,12.0,8.0,12.61,12.83,100,100
2025-12-06T08:00,4.7,4.7,26.0,22.0,12.18,12.96,100,100
2025-12-06T09:00,4.7,4.6,41.0,35.0,11.88,11.68,100,100
2025-12-06T10:00,4.7,4.4,55.0,26.0,10.91,10.62,98,100
2025-12-06T11:00,4.8,4.4,45.0,32.0,10.93,10.35,97,100
2025-12-06T12:00,4.1,3.8,28.0,32.0,11.46,11.04,100,100
2025-12-06T13:00,3.9,3.9,18.0,29.0,10.88,10.57,100,99
2025-12-06T14:00,3.9,3.9,6.0,16.0,10.79,11.15,100,100
2025-12-06T15:00,3.8,3.9,1.0,1.0,10.41,10.79,100,100
2025-12-06T16:00,3.6,3.8,0.0,0.0,10.08,10.05,100,100
2025-12-06T17:00,3.5,3.8,0.0,0.0,9.95,9.92,100,100
2025-12-06T18:00,3.7,3.4,0.0,0.0,9.13,10.25,100,100
2025-12-06T19:00,3.6,3.4,0.0,0.0,8.72,9.62,100,100
2025-12-06T20:00,3.6,3.3,0.0,0.0,8.31,9.09,100,100
2025-12-06T21:00,3.5,3.3,0.0,0.0,7.98,8.8,100,100
2025-12-06T22:00,3.6,3.3,0.0,0.0,7.9,8.59,100,100
2025-12-06T23:00,3.6,3.3,0.0,0.0,7.57,8.46,100,100
2025-12-07T00:00,3.6,4.1,0.0,0.0,7.15,7.76,100,100
2025-12-07T01:00,3.8,4.2,0.0,0.0,7.14,8.11,100,100
2025-12-07T02:00,3.9,4.3,0.0,0.0,7.34,7.77,100,100
2025-12-07T03:00,4.1,4.4,0.0,0.0,7.07,6.94,100,100
2025-12-07T04:00,4.2,4.5,0.0,0.0,7.02,6.58,100,100
2025-12-07T05:00,4.2,4.6,0.0,0.0,6.75,6.66,100,100
2025-12-07T06:00,4.4,4.2,1.0,1.0,7.01,6.03,100,100
2025-12-07T07:00,4.5,4.3,12.0,11.0,5.97,6.23,100,100
2025-12-07T08:00,4.8,4.5,43.0,32.0,4.71,5.47,97,100
2025-12-07T09:00,5.2,4.8,88.0,57.0,3.95,5.08,96,100
2025-12-07T10:00,5.7,5.2,104.0,78.0,4.13,4.3,97,97
2025-12-07T11:00,6.2,5.7,118.0,97.0,4.03,3.59,96,90
2025-12-07T12:00,6.3,6.4,124.0,134.0,1.95,2.34,98,93
2025-12-07T13:00,6.4,6.7,86.0,113.0,1.27,2.15,99,90
2025-12-07T14:00,6.3,6.7,36.0,52.0,1.23,1.67,97,95
2025-12-07T15:00,6.0,6.4,4.0,5.0,1.46,2.11,99,98
2025-12-07T16:00,5.9,6.1,0.0,0.0,2.05,2.39,100,96
2025-12-07T17:00,5.7,5.9,0.0,0.0,2.47,2.69,100,97
2025-12-07T18:00,5.4,5.7,0.0,0.0,0.14,1.81,100,100
2025-12-07T19:00,5.3,5.5,0.0,0.0,0.59,1.71,100,100
2025-12-07T20:00,5.2,5.4,0.0,0.0,1.52,2.06,100,100
2025-12-07T21:00,5.1,5.2,0.0,0.0,1.83,2.24,100,100
2025-12-07T22:00,4.9,5.2,0.0,0.0,1.92,1.67,100,100
2025-12-07T23:00,4.8,5.1,0.0,0.0,1.86,1.81,100,100
2025-12-08T00:00,4.6,5.3,0.0,0.0,1.53,1.92,98,100
2025-12-08T01:00,4.6,5.3,0.0,0.0,2.26,2.28,100,100
2025-12-08T02:00,4.5,5.4,0.0,0.0,2.84,2.53,100,100
2025-12-08T03:00,4.5,5.4,0.0,0.0,3.54,2.43,100,100
2025-12-08T04:00,4.5,5.5,0.0,0.0,4.08,2.26,100,97
2025-12-08T05:00,4.4,5.5,0.0,0.0,4.03,1.8,100,98
2025-12-08T06:00,4.4,5.1,1.0,1.0,3.95,2.71,100,100
2025-12-08T07:00,4.5,5.3,14.0,19.0,4.03,2.37,100,97
2025-12-08T08:00,4.8,5.7,46.0,56.0,3.26,2.41,100,99
2025-12-08T09:00,5.3,6.2,82.0,104.0,2.72,2.24,100,98
2025-12-08T10:00,5.5,6.6,94.0,142.0,2.33,1.96,100,98
2025-12-08T11:00,5.8,7.0,108.0,140.0,1.8,1.96,100,100
2025-12-08T12:00,6.1,6.7,91.0,146.0,1.9,1.76,99,93
2025-12-08T13:00,6.4,6.7,66.0,88.0,1.67,1.46,99,100
2025-12-08T14:00,6.5,6.7,32.0,30.0,1.67,1.39,98,100
2025-12-08T15:00,6.2,6.4,3.0,3.0,2.3,1.47,99,100
2025-12-08T16:00,6.1,6.1,0.0,0.0,2.81,1.79,98,98
2025-12-08T17:00,6.0,6.0,0.0,0.0,2.46,2.26,95,98
2025-12-08T18:00,6.1,5.8,0.0,0.0,1.24,2.57,100,100
2025-12-08T19:00,6.0,5.7,0.0,0.0,1.59,2.64,100,100
2025-12-08T20:00,6.0,5.7,0.0,0.0,2.02,2.56,99,100
2025-12-08T21:00,5.9,5.7,0.0,0.0,2.08,2.51,99,100
2025-12-08T22:00,5.8,5.6,0.0,0.0,2.89,2.37,97,93
2025-12-08T23:00,5.7,5.4,0.0,0.0,3.33,2.02,96,96
2025-12-09T00:00,5.7,5.1,0.0,0.0,3.28,4.31,91,82
2025-12-09T01:00,5.5,5.1,0.0,0.0,3.21,4.03,89,90
2025-12-09T02:00,5.4,5.2,0.0,0.0,2.98,3.42,73,96
2025-12-09T03:00,5.2,5.2,0.0,0.0,2.83,2.64,68,90
2025-12-09T04:00,5.0,5.2,0.0,0.0,2.63,2.57,84,91
2025-12-09T05:00,5.0,5.3,0.0,0.0,3.6,2.42,84,98
2025-12-09T06:00,4.9,4.2,1.0,2.0,2.81,2.68,93,86
2025-12-09T07:00,5.3,4.8,37.0,38.0,2.97,3.53,94,86
2025-12-09T08:00,6.0,5.8,94.0,86.0,3.59,4.08,83,90
2025-12-09T09:00,7.0,7.0,174.0,148.0,2.81,3.54,73,88
2025-12-09T10:00,7.9,7.8,241.0,179.0,2.77,2.42,63,78
2025-12-09T11:00,8.5,8.4,267.0,216.0,4.09,2.86,93,80
2025-12-09T12:00,8.1,8.3,179.0,162.0,3.38,2.6,79,83
2025-12-09T13:00,7.9,8.1,125.0,110.0,3.47,3.37,85,83
2025-12-09T14:00,7.1,7.5,54.0,57.0,3.72,3.88,81,84
2025-12-09T15:00,6.4,6.6,5.0,5.0,4.06,3.76,89,88
2025-12-09T16:00,6.2,6.0,0.0,0.0,5.33,4.24,88,79
2025-12-09T17:00,6.0,5.8,0.0,0.0,5.98,4.66,100,83
2025-12-09T18:00,5.6,5.5,0.0,0.0,7.0,4.69,100,73
2025-12-09T19:00,5.4,5.2,0.0,0.0,6.98,5.68,100,73
2025-12-09T20:00,5.4,5.0,0.0,0.0,7.41,5.87,100,79
2025-12-09T21:00,5.3,5.0,0.0,0.0,7.62,6.28,100,86
2025-12-09T22:00,5.1,5.1,0.0,0.0,8.52,6.78,78,83
2025-12-09T23:00,4.9,5.1,0.0,0.0,8.6,7.07,100,81
2025-12-10T00:00,5.3,5.2,0.0,0.0,7.55,7.91,100,96
2025-12-10T01:00,5.3,5.2,0.0,0.0,7.89,7.62,100,100
2025-12-10T02:00,5.2,4.9,0.0,0.0,7.51,6.94,100,100
2025-12-10T03:00,5.0,4.8,0.0,0.0,8.77,6.34,91,100
2025-12-10T04:00,5.0,4.8,0.0,0.0,7.68,6.7,97,100
2025-12-10T05:00,4.9,4.9,0.0,0.0,6.92,7.97,100,100
2025-12-10T06:00,4.9,4.8,2.0,1.0,5.99,7.21,100,100
2025-12-10T07:00,5.3,5.0,48.0,39.0,5.96,5.54,100,100
2025-12-10T08:00,6.0,5.6,113.0,118.0,2.97,4.06,100,100
2025-12-10T09:00,6.9,6.5,188.0,179.0,2.15,3.72,100,100
2025-12-10T10:00,7.8,7.7,228.0,224.0,2.06,3.51,100,99
2025-12-10T11:00,9.0,8.4,270.0,207.0,1.84,3.73,100,89
2025-12-10T12:00,9.8,8.1,259.0,200.0,1.98,2.05,88,91
2025-12-10T13:00,10.0,8.4,179.0,165.0,1.47,2.08,100,90
2025-12-10T14:00,9.5,8.1,81.0,68.0,1.69,1.55,100,70
2025-12-10T15:00,8.5,7.2,9.0,7.0,1.67,1.58,100,83
2025-12-10T16:00,7.8,6.4,0.0,0.0,0.98,2.15,100,87
2025-12-10T17:00,7.2,6.0,0.0,0.0,0.57,1.61,86,82
2025-12-10T18:00,6.6,6.1,0.0,0.0,1.18,2.23,30,74
2025-12-10T19:00,6.3,5.8,0.0,0.0,1.5,2.17,12,91
2025-12-10T20:00,5.9,5.6,0.0,0.0,1.45,2.81,38,93
2025-12-10T21:00,5.5,5.5,0.0,0.0,0.88,2.7,64,84
2025-12-10T22:00,5.1,5.3,0.0,0.0,0.98,2.67,87,53
2025-12-10T23:00,4.8,5.2,0.0,0.0,1.25,2.51,95,73
2025-12-11T00:00,3.5,5.4,0.0,0.0,1.69,1.55,100,96
2025-12-11T01:00,3.0,5.4,0.0,0.0,1.67,1.77,100,86
2025-12-11T02:00,2.7,5.2,0.0,0.0,1.9,2.01,100,89
2025-12-11T03:00,2.5,5.0,0.0,0.0,2.46,2.63,100,91
2025-12-11T04:00,2.5,4.4,0.0,0.0,2.89,3.19,100,100
2025-12-11T05:00,2.6,4.1,0.0,0.0,3.29,3.26,100,100
2025-12-11T06:00,2.6,3.4,1.0,1.0,3.97,3.35,100,100
2025-12-11T07:00,3.0,3.7,35.0,32.0,3.88,3.6,99,97
2025-12-11T08:00,3.9,4.7,96.0,104.0,3.63,3.68,92,86
2025-12-11T09:00,4.8,6.1,150.0,178.0,3.42,3.94,93,72
2025-12-11T10:00,5.6,7.3,169.0,224.0,3.23,2.12,91,88
2025-12-11T11:00,6.1,8.1,184.0,227.0,2.26,1.73,93,86
2025-12-11T12:00,6.7,8.7,166.0,189.0,1.77,2.43,89,87
2025-12-11T13:00,6.6,8.8,117.0,129.0,2.36,2.02,96,82
2025-12-11T14:00,6.1,8.4,44.0,64.0,1.94,2.77,98,83
2025-12-11T15:00,5.8,7.7,4.0,6.0,2.08,3.33,97,91
2025-12-11T16:00,5.1,7.3,0.0,0.0,1.71,2.89,99,96
2025-12-11T17:00,4.8,7.1,0.0,0.0,1.47,2.4,100,96
2025-12-11T18:00,4.2,5.7,0.0,0.0,0.93,1.46,100,100
2025-12-11T19:00,3.8,5.4,0.0,0.0,0.9,1.31,100,100
2025-12-11T20:00,3.6,5.1,0.0,0.0,1.45,1.0,100,100
2025-12-11T21:00,3.4,4.9,0.0,0.0,1.74,0.81,100,100
2025-12-11T22:00,3.5,4.7,0.0,0.0,1.66,0.6,100,100
2025-12-11T23:00,3.8,4.4,0.0,0.0,2.2,1.38,100,100
2025-12-12T00:00,2.8,3.3,0.0,0.0,2.5,1.83,100,100
2025-12-12T01:00,3.2,3.5,0.0,0.0,3.02,1.2,100,100
2025-12-12T02:00,3.5,3.8,0.0,0.0,2.94,1.81,100,100
2025-12-12T03:00,3.7,4.0,0.0,0.0,2.89,1.82,100,100
2025-12-12T04:00,4.0,4.3,0.0,0.0,2.98,2.29,100,100
2025-12-12T05:00,4.2,4.5,0.0,0.0,2.11,1.96,100,100
2025-12-12T06:00,3.8,4.6,1.0,0.0,1.55,1.63,100,100
2025-12-12T07:00,4.1,4.9,25.0,17.0,0.49,1.45,100,100
2025-12-12T08:00,4.7,5.5,67.0,38.0,1.69,1.0,100,100
2025-12-12T09:00,5.1,5.9,99.0,60.0,1.85,1.08,100,96
2025-12-12T10:00,5.5,6.5,116.0,86.0,2.33,1.57,100,98
2025-12-12T11:00,6.1,7.0,115.0,111.0,2.61,2.23,100,98
2025-12-12T12:00,7.5,7.7,98.0,148.0,2.52,2.46,100,91
2025-12-12T13:00,7.7,8.0,80.0,110.0,2.55,2.5,97,95
2025-12-12T14:00,7.6,7.8,48.0,44.0,3.75,2.94,81,92
2025-12-12T15:00,6.7,7.3,7.0,5.0,5.46,3.73,77,84
2025-12-12T16:00,5.8,6.8,0.0,0.0,6.01,4.4,81,97
2025-12-12T17:00,5.4,6.5,0.0,0.0,6.54,4.25,81,100
2025-12-12T18:00,5.3,5.5,0.0,0.0,6.89,5.28,87,100
2025-12-12T19:00,5.2,5.3,0.0,0.0,6.82,5.11,94,100
2025-12-12T20:00,5.1,5.4,0.0,0.0,6.5,5.02,91,100
2025-12-12T21:00,5.0,5.6,0.0,0.0,6.4,5.01,92,99
2025-12-12T22:00,4.9,5.5,0.0,0.0,6.42,4.88,79,81
2025-12-12T23:00,4.7,5.3,0.0,0.0,6.07,5.52,87,84
2025-12-13T00:00,4.7,5.8,0.0,0.0,3.92,5.4,100,92
2025-12-13T01:00,4.6,5.6,0.0,0.0,3.79,5.75,100,88
2025-12-13T02:00,4.5,5.3,0.0,0.0,3.77,5.41,99,85
2025-12-13T03:00,4.3,5.2,0.0,0.0,3.74,5.4,100,88
2025-12-13T04:00,4.4,4.9,0.0,0.0,3.85,4.66,98,86
2025-12-13T05:00,4.6,4.8,0.0,0.0,3.85,4.37,97,85
2025-12-13T06:00,4.5,4.6,1.0,1.0,3.29,2.91,91,96
2025-12-13T07:00,4.8,4.7,39.0,32.0,2.95,2.26,90,95
2025-12-13T08:00,5.5,5.1,107.0,92.0,2.06,1.5,80,94
2025-12-13T09:00,6.2,5.4,173.0,149.0,1.9,0.89,77,94
2025-12-13T10:00,6.8,6.2,235.0,189.0,1.83,1.14,61,84
2025-12-13T11:00,7.3,6.8,270.0,210.0,1.67,1.12,53,85
2025-12-13T12:00,8.6,8.1,263.0,245.0,0.97,1.36,48,69
2025-12-13T13:00,8.7,8.2,179.0,171.0,0.98,1.62,48,63
2025-12-13T14:00,8.5,7.7,83.0,80.0,1.71,1.79,51,57
2025-12-13T15:00,7.4,6.6,8.0,8.0,2.46,1.96,47,40
2025-12-13T16:00,6.5,5.8,0.0,0.0,3.04,2.29,48,42
2025-12-13T17:00,5.9,5.3,0.0,0.0,3.19,3.04,53,56
2025-12-13T18:00,5.2,4.8,0.0,0.0,3.38,2.4,27,27
2025-12-13T19:00,4.9,4.2,0.0,0.0,2.98,2.08,34,19
2025-12-13T20:00,4.5,3.2,0.0,0.0,2.32,2.07,45,58
2025-12-13T21:00,4.0,2.3,0.0,0.0,1.86,2.98,45,67
2025-12-13T22:00,3.2,1.8,0.0,0.0,1.58,3.51,38,87
2025-12-13T23:00,2.3,1.8,0.0,0.0,1.69,3.82,58,100
2025-12-14T00:00,2.3,1.6,0.0,0.0,2.37,4.05,39,64
2025-12-14T01:00,1.6,1.8,0.0,0.0,2.95,4.24,65,99
2025-12-14T02:00,1.2,2.4,0.0,0.0,3.69,5.04,72,100
2025-12-14T03:00,0.9,2.2,0.0,0.0,4.71,4.38,86,100
2025-12-14T04:00,1.5,1.8,0.0,0.0,5.86,4.38,97,100
2025-12-14T05:00,2.0,1.4,0.0,0.0,6.17,5.03,98,100
2025-12-14T06:00,2.7,1.0,0.0,0.0,6.06,5.13,100,100
2025-12-14T07:00,2.7,1.5,13.0,17.0,6.29,5.53,100,100
2025-12-14T08:00,2.7,2.3,30.0,53.0,6.54,5.93,100,100
2025-12-14T09:00,2.6,2.9,48.0,68.0,6.09,5.75,100,100
2025-12-14T10:00,2.8,3.7,76.0,96.0,5.59,5.59,100,100
2025-12-14T11:00,3.1,4.9,87.0,133.0,5.33,5.4,100,91
2025-12-14T12:00,3.5,3.8,60.0,80.0,4.69,5.35,100,93
2025-12-14T13:00,4.0,4.3,57.0,96.0,4.09,4.57,100,87
2025-12-14T14:00,4.1,4.2,35.0,47.0,3.26,3.92,97,97
2025-12-14T15:00,3.9,3.4,4.0,5.0,2.21,3.24,100,100
2025-12-14T16:00,3.7,3.0,0.0,0.0,1.5,2.67,91,100
2025-12-14T17:00,3.4,2.9,0.0,0.0,1.59,1.77,74,98
2025-12-14T18:00,3.3,2.6,0.0,0.0,1.12,2.23,86,64
2025-12-14T19:00,2.9,2.2,0.0,0.0,1.81,2.35,95,73
2025-12-14T20:00,2.5,1.9,0.0,0.0,2.11,2.45,97,75
2025-12-14T21:00,2.3,1.6,0.0,0.0,2.18,2.75,87,85
2025-12-14T22:00,2.0,1.5,0.0,0.0,2.45,2.45,86,89
2025-12-14T23:00,1.5,1.2,0.0,0.0,2.46,2.45,86,87
2025-12-15T00:00,0.5,1.3,0.0,0.0,2.86,3.13,67,73
2025-12-15T01:00,0.3,0.9,0.0,0.0,3.15,3.29,88,67
2025-12-15T02:00,0.0,0.6,0.0,0.0,3.44,3.53,95,62
2025-12-15T03:00,-0.1,0.3,0.0,0.0,3.44,3.54,96,58
2025-12-15T04:00,-0.5,0.1,0.0,0.0,3.14,3.85,98,60
2025-12-15T05:00,-0.9,0.0,0.0,0.0,3.29,4.23,100,62
2025-12-15T06:00,-0.4,-1.4,1.0,1.0,3.96,3.14,95,100
2025-12-15T07:00,-0.2,-1.4,37.0,32.0,4.0,3.47,97,100
2025-12-15T08:00,0.8,-0.7,94.0,103.0,4.37,3.88,89,99
2025-12-15T09:00,2.3,0.9,180.0,163.0,3.73,4.59,88,80
2025-12-15T10:00,3.2,2.4,218.0,216.0,2.57,3.5,100,80
2025-12-15T11:00,4.0,3.7,229.0,257.0,3.77,3.13,72,63
2025-12-15T12:00,3.5,4.6,194.0,224.0,3.81,4.08,89,67
2025-12-15T13:00,3.3,4.6,121.0,149.0,3.73,4.43,87,68
2025-12-15T14:00,2.7,4.3,59.0,70.0,3.78,4.39,84,64
2025-12-15T15:00,2.3,3.6,5.0,8.0,4.39,4.86,83,57
2025-12-15T16:00,2.2,2.7,0.0,0.0,5.19,5.95,80,0
2025-12-15T17:00,2.1,1.9,0.0,0.0,5.83,6.7,61,0
2025-12-15T18:00,2.1,1.6,0.0,0.0,6.38,6.58,69,53
2025-12-15T19:00,1.8,1.2,0.0,0.0,6.99,6.68,57,46
2025-12-15T20:00,1.4,0.8,0.0,0.0,6.82,6.08,54,47
2025-12-15T21:00,1.2,0.5,0.0,0.0,7.17,5.77,63,60
2025-12-15T22:00,1.2,0.3,0.0,0.0,6.34,5.92,79,71
2025-12-15T23:00,1.3,0.2,0.0,0.0,6.54,5.21,75,82
2025-12-16T00:00,1.0,0.4,0.0,0.0,4.03,5.19,100,35
2025-12-16T01:00,0.9,0.3,0.0,0.0,3.72,5.35,100,33
2025-12-16T02:00,0.6,0.1,0.0,0.0,3.59,5.42,100,34
2025-12-16T03:00,0.3,-0.1,0.0,0.0,3.64,5.14,100,51
2025-12-16T04:00,0.2,-0.3,0.0,0.0,2.42,5.19,100,77
2025-12-16T05:00,0.5,-0.6,0.0,0.0,1.88,4.06,99,90
2025-12-16T06:00,-1.0,-1.5,0.0,0.0,1.47,0.49,100,100
2025-12-16T07:00,-1.1,-1.7,16.0,17.0,1.57,0.31,100,100
2025-12-16T08:00,-1.2,-1.6,39.0,50.0,0.84,0.62,100,100
2025-12-16T09:00,-0.9,-1.5,65.0,83.0,0.35,0.62,100,100
2025-12-16T10:00,-0.4,-1.1,97.0,109.0,0.5,0.62,100,100
2025-12-16T11:00,0.0,-0.5,107.0,123.0,0.29,0.4,100,100
2025-12-16T12:00,1.2,-0.2,126.0,106.0,1.76,1.49,85,100
2025-12-16T13:00,0.9,0.1,99.0,80.0,0.81,1.79,95,100
2025-12-16T14:00,0.9,-0.1,39.0,34.0,0.92,0.6,91,100
2025-12-16T15:00,0.7,-0.3,5.0,3.0,0.69,0.31,92,100
2025-12-16T16:00,0.6,-0.6,0.0,0.0,0.93,0.53,76,100
2025-12-16T17:00,0.4,-0.7,0.0,0.0,2.22,1.74,56,100
2025-12-16T18:00,0.3,-0.4,0.0,0.0,1.59,1.28,81,100
2025-12-16T19:00,-0.2,-0.7,0.0,0.0,0.75,1.86,89,100
2025-12-16T20:00,-0.6,-1.0,0.0,0.0,0.22,0.77,98,100
2025-12-16T21:00,-1.0,-0.7,0.0,0.0,1.52,0.78,100,100
2025-12-16T22:00,-1.1,-0.5,0.0,0.0,0.98,1.04,100,100
2025-12-16T23:00,-1.4,-0.3,0.0,0.0,0.28,0.9,100,100
2025-12-17T00:00,-1.1,-0.5,0.0,0.0,1.12,0.79,96,100
2025-12-17T01:00,-1.6,-0.7,0.0,0.0,0.84,0.5,100,100
2025-12-17T02:00,-1.8,-0.8,0.0,0.0,0.75,0.79,100,100
2025-12-17T03:00,-2.0,-0.9,0.0,0.0,1.74,1.31,100,100
2025-12-17T04:00,-2.0,-0.8,0.0,0.0,1.46,1.12,100,100
2025-12-17T05:00,-1.8,-0.6,0.0,0.0,1.32,1.4,100,100
2025-12-17T06:00,-1.9,-0.4,0.0,0.0,2.22,3.2,100,100
2025-12-17T07:00,-2.0,-0.2,17.0,18.0,2.46,2.55,100,100
2025-12-17T08:00,-2.1,0.1,42.0,46.0,2.23,2.37,100,100
2025-12-17T09:00,-1.9,0.4,67.0,67.0,2.45,2.64,100,100
2025-12-17T10:00,-1.5,0.5,101.0,91.0,1.49,2.86,100,100
2025-12-17T11:00,-1.4,1.0,109.0,108.0,2.89,3.35,100,100
2025-12-17T12:00,-0.1,1.2,111.0,92.0,2.98,3.55,100,100
2025-12-17T13:00,0.1,1.8,60.0,74.0,2.89,3.98,100,97
2025-12-17T14:00,0.3,1.9,37.0,39.0,3.35,3.82,100,96
2025-12-17T15:00,0.4,1.5,5.0,4.0,3.74,4.78,100,100
2025-12-17T16:00,0.6,1.2,0.0,0.0,3.81,4.3,100,100
2025-12-17T17:00,0.6,0.7,0.0,0.0,5.06,4.35,100,100
2025-12-17T18:00,0.3,0.9,0.0,0.0,4.7,5.17,100,100
2025-12-17T19:00,0.3,1.1,0.0,0.0,3.94,5.55,100,93
2025-12-17T20:00,0.3,1.0,0.0,0.0,4.21,5.7,100,100
2025-12-17T21:00,0.4,1.0,0.0,0.0,3.97,6.58,100,98
2025-12-17T22:00,0.6,0.7,0.0,0.0,5.85,5.61,95,98
2025-12-17T23:00,0.7,0.7,0.0,0.0,5.66,5.48,96,99
2025-12-18T00:00,0.5,0.7,0.0,0.0,5.83,6.22,98,99
2025-12-18T01:00,0.4,0.4,0.0,0.0,6.32,5.92,93,89
2025-12-18T02:00,0.4,0.3,0.0,0.0,7.1,6.88,84,87
2025-12-18T03:00,0.3,0.2,0.0,0.0,6.72,6.4,91,74
2025-12-18T04:00,0.2,0.1,0.0,0.0,5.93,5.82,84,78
2025-12-18T05:00,0.1,0.0,0.0,0.0,6.71,5.7,80,88
2025-12-18T06:00,-0.3,-0.2,0.0,1.0,5.39,5.08,83,96
2025-12-18T07:00,-0.2,0.1,35.0,39.0,5.13,4.88,84,87
2025-12-18T08:00,0.5,0.8,107.0,116.0,4.78,4.65,81,69
2025-12-18T09:00,1.4,2.0,183.0,201.0,4.31,3.91,74,60
2025-12-18T10:00,2.6,3.6,251.0,274.0,4.08,3.72,100,37
2025-12-18T11:00,4.1,5.3,261.0,309.0,3.95,3.07,100,10
2025-12-18T12:00,6.0,6.0,256.0,255.0,4.06,3.29,75,99
2025-12-18T13:00,6.5,6.6,182.0,169.0,4.4,2.86,99,100
2025-12-18T14:00,6.1,6.4,79.0,74.0,4.96,3.33,100,96
2025-12-18T15:00,5.1,5.5,8.0,8.0,5.85,4.21,100,12
2025-12-18T16:00,4.4,4.8,0.0,0.0,5.17,3.84,100,6
2025-12-18T17:00,3.8,4.2,0.0,0.0,5.02,3.82,100,8
2025-12-18T18:00,3.3,4.3,0.0,0.0,4.82,3.59,100,7
2025-12-18T19:00,2.9,4.0,0.0,0.0,5.52,3.82,88,4
2025-12-18T20:00,2.8,3.9,0.0,0.0,5.8,2.86,100,0
2025-12-18T21:00,2.8,3.7,0.0,0.0,5.21,2.42,100,0
2025-12-18T22:00,2.5,3.5,0.0,0.0,4.73,1.71,29,0
2025-12-18T23:00,2.4,3.2,0.0,0.0,3.82,0.88,90,1
2025-12-19T00:00,2.6,2.6,0.0,0.0,2.97,1.33,77,1
2025-12-19T01:00,2.5,2.3,0.0,0.0,2.48,0.4,100,1
2025-12-19T02:00,2.4,1.9,0.0,0.0,2.29,0.81,100,3
2025-12-19T03:00,2.4,1.6,0.0,0.0,2.1,1.12,7,41
2025-12-19T04:00,2.4,1.4,0.0,0.0,1.69,1.2,0,76
2025-12-19T05:00,2.3,1.0,0.0,0.0,1.46,1.58,0,68
2025-12-19T06:00,1.4,1.6,1.0,1.0,1.08,0.97,0,25
2025-12-19T07:00,1.2,1.2,50.0,49.0,1.14,0.97,5,44
2025-12-19T08:00,1.9,2.3,153.0,152.0,1.01,1.33,18,9
2025-12-19T09:00,3.3,3.8,246.0,250.0,1.19,2.02,26,16
2025-12-19T10:00,5.2,5.9,304.0,307.0,1.38,2.15,24,22
2025-12-19T11:00,6.9,7.6,315.0,318.0,1.67,2.15,25,17
2025-12-19T12:00,8.6,8.8,283.0,282.0,1.67,1.36,0,4
2025-12-19T13:00,9.0,9.2,201.0,200.0,1.33,1.8,0,15
2025-12-19T14:00,8.5,8.7,93.0,90.0,2.55,2.48,0,40
2025-12-19T15:00,7.0,7.5,9.0,9.0,3.32,3.07,0,60
2025-12-19T16:00,5.7,6.6,0.0,0.0,3.81,3.47,0,56
2025-12-19T17:00,4.7,5.8,0.0,0.0,4.28,4.09,3,68
2025-12-19T18:00,4.1,4.7,0.0,0.0,4.34,4.24,2,61
2025-12-19T19:00,3.4,4.4,0.0,0.0,4.66,4.46,5,83
2025-12-19T20:00,2.9,4.3,0.0,0.0,5.26,4.56,19,91
2025-12-19T21:00,2.5,4.2,0.0,0.0,5.71,4.67,18,91
2025-12-19T22:00,2.2,4.1,0.0,0.0,5.68,5.33,9,87
2025-12-19T23:00,1.9,3.9,0.0,0.0,5.36,5.61,2,64
2025-12-20T00:00,1.2,2.2,0.0,0.0,5.48,6.51,5,0
2025-12-20T01:00,1.1,1.9,0.0,0.0,5.42,6.44,41,34
2025-12-20T02:00,0.9,1.7,0.0,0.0,5.24,6.27,43,80
2025-12-20T03:00,0.8,1.5,0.0,0.0,4.82,5.69,55,90
2025-12-20T04:00,0.6,1.3,0.0,0.0,4.86,6.08,73,56
2025-12-20T05:00,0.6,1.2,0.0,0.0,5.28,6.58,96,95
2025-12-20T06:00,0.4,1.0,0.0,0.0,4.8,6.96,100,89
2025-12-20T07:00,0.5,1.8,22.0,22.0,3.9,7.25,100,100
2025-12-20T08:00,0.7,3.0,62.0,46.0,3.0,6.86,100,100
2025-12-20T09:00,1.4,4.0,70.0,67.0,3.07,5.98,100,100
2025-12-20T10:00,2.5,4.8,85.0,83.0,3.42,5.02,100,100
2025-12-20T11:00,3.3,5.3,70.0,85.0,3.1,5.06,100,100
2025-12-20T12:00,5.6,3.8,107.0,66.0,3.55,5.34,98,100
2025-12-20T13:00,5.7,4.0,64.0,64.0,3.59,4.57,100,100
2025-12-20T14:00,5.4,3.9,41.0,29.0,4.06,4.51,98,100
2025-12-20T15:00,4.8,3.6,6.0,3.0,4.87,4.99,100,100
2025-12-20T16:00,4.1,3.4,0.0,0.0,5.46,5.46,100,97
2025-12-20T17:00,3.7,3.3,0.0,0.0,5.7,5.83,100,98
2025-12-20T18:00,3.9,3.6,0.0,0.0,4.84,4.62,100,100
2025-12-20T19:00,3.7,3.5,0.0,0.0,4.54,4.44,100,100
2025-12-20T20:00,3.5,3.4,0.0,0.0,3.72,4.44,100,100
2025-12-20T21:00,3.3,3.4,0.0,0.0,3.86,4.89,100,100
2025-12-20T22:00,3.3,3.3,0.0,0.0,3.86,5.25,100,100
2025-12-20T23:00,3.2,3.1,0.0,0.0,3.28,4.12,100,100
2025-12-21T00:00,2.2,3.3,0.0,0.0,2.42,4.24,100,100
2025-12-21T01:00,2.3,3.4,0.0,0.0,1.92,3.64,100,100
2025-12-21T02:00,2.3,3.4,0.0,0.0,1.77,3.88,100,100
2025-12-21T03:00,2.4,3.5,0.0,0.0,1.29,4.52,100,100
2025-12-21T04:00,2.4,3.6,0.0,0.0,1.04,4.13,100,100
2025-12-21T05:00,2.4,3.6,0.0,0.0,1.31,3.7,100,99
2025-12-21T06:00,2.5,3.2,0.0,0.0,1.18,1.39,100,100
2025-12-21T07:00,2.7,3.3,15.0,11.0,1.06,0.75,100,100
2025-12-21T08:00,3.1,3.6,35.0,27.0,1.67,0.22,100,100
2025-12-21T09:00,3.7,4.2,61.0,74.0,2.29,0.4,100,100
2025-12-21T10:00,4.4,5.0,81.0,110.0,2.08,0.28,100,97
2025-12-21T11:00,5.0,5.4,74.0,103.0,2.06,0.49,100,92
2025-12-21T12:00,5.6,5.5,98.0,79.0,2.45,0.78,97,98
2025-12-21T13:00,5.9,5.7,82.0,70.0,2.36,1.18,96,97
2025-12-21T14:00,5.9,5.7,39.0,45.0,2.19,1.39,93,96
2025-12-21T15:00,5.7,5.3,4.0,5.0,2.11,1.5,96,96
2025-12-21T16:00,5.3,5.0,0.0,0.0,2.11,1.23,97,95
2025-12-21T17:00,5.1,4.8,0.0,0.0,2.21,0.69,94,96
2025-12-21T18:00,4.9,4.7,0.0,0.0,1.4,2.39,100,97
2025-12-21T19:00,4.8,4.7,0.0,0.0,1.36,2.02,100,97
2025-12-21T20:00,4.7,4.6,0.0,0.0,1.28,1.5,100,97
2025-12-21T21:00,4.7,4.5,0.0,0.0,1.27,0.9,100,97
2025-12-21T22:00,4.6,4.4,0.0,0.0,1.04,0.69,100,96
2025-12-21T23:00,4.6,4.1,0.0,0.0,0.69,0.9,100,97
2025-12-22T00:00,4.5,4.6,0.0,0.0,0.57,0.84,100,100
2025-12-22T01:00,4.4,4.5,0.0,0.0,0.88,0.89,100,100
2025-12-22T02:00,4.3,4.4,0.0,0.0,1.59,1.52,100,100
2025-12-22T03:00,4.1,4.2,0.0,0.0,2.81,2.32,100,100
2025-12-22T04:00,3.7,3.9,0.0,0.0,3.64,3.2,100,100
2025-12-22T05:00,3.3,3.7,0.0,0.0,3.77,3.95,100,100
2025-12-22T06:00,3.0,3.4,0.0,0.0,3.47,4.4,100,100
2025-12-22T07:00,3.1,3.4,12.0,16.0,3.72,4.17,100,100
2025-12-22T08:00,3.3,3.7,36.0,46.0,3.86,3.85,100,100
2025-12-22T09:00,3.8,4.2,59.0,77.0,2.75,2.61,100,100
2025-12-22T10:00,4.4,4.7,77.0,93.0,2.51,2.39,100,98
2025-12-22T11:00,4.9,5.1,100.0,112.0,2.99,2.24,100,94
2025-12-22T12:00,5.7,5.6,90.0,71.0,3.13,2.76,100,100
2025-12-22T13:00,5.7,5.6,61.0,57.0,3.21,2.37,100,100
2025-12-22T14:00,5.5,5.5,30.0,31.0,2.77,2.68,99,91
2025-12-22T15:00,5.1,5.1,4.0,4.0,2.98,3.11,99,91
2025-12-22T16:00,4.9,4.8,0.0,0.0,3.63,3.46,100,98
2025-12-22T17:00,4.7,4.6,0.0,0.0,3.56,3.57,98,100
2025-12-22T18:00,4.6,4.5,0.0,0.0,3.42,5.45,100,100
2025-12-22T19:00,4.4,4.2,0.0,0.0,3.95,5.11,100,92
2025-12-22T20:00,4.2,3.9,0.0,0.0,3.33,4.46,100,89
2025-12-22T21:00,3.9,3.6,0.0,0.0,3.48,4.53,100,85
2025-12-22T22:00,3.7,3.3,0.0,0.0,3.42,4.54,98,71
2025-12-22T23:00,3.4,3.0,0.0,0.0,3.57,4.74,96,91
2025-12-23T00:00,3.3,2.7,0.0,0.0,3.0,4.9,94,70
2025-12-23T01:00,3.1,2.2,0.0,0.0,2.85,4.43,92,81
2025-12-23T02:00,2.9,1.9,0.0,0.0,2.32,3.85,95,87
2025-12-23T03:00,2.9,1.8,0.0,0.0,1.82,3.44,98,88
2025-12-23T04:00,2.9,1.7,0.0,0.0,2.29,3.63,95,87
2025-12-23T05:00,2.7,1.7,0.0,0.0,3.2,3.76,80,88
2025-12-23T06:00,2.6,1.6,0.0,0.0,4.08,3.46,72,67
2025-12-23T07:00,2.6,1.9,37.0,38.0,4.65,3.21,65,62
2025-12-23T08:00,3.4,2.9,120.0,118.0,4.04,2.83,60,62
2025-12-23T09:00,4.4,4.0,211.0,199.0,2.47,1.01,66,66
2025-12-23T10:00,5.0,4.9,229.0,240.0,1.93,0.98,73,79
2025-12-23T11:00,5.5,5.6,205.0,222.0,1.86,1.29,91,85
2025-12-23T12:00,5.3,5.9,195.0,216.0,2.16,2.35,88,80
2025-12-23T13:00,5.3,5.9,118.0,141.0,2.36,2.16,97,86
2025-12-23T14:00,5.1,5.7,48.0,66.0,1.53,2.36,82,85
2025-12-23T15:00,4.5,5.1,8.0,7.0,2.6,3.17,88,76
2025-12-23T16:00,4.1,4.3,0.0,0.0,3.31,3.77,95,75
2025-12-23T17:00,4.0,3.9,0.0,0.0,3.25,4.38,100,71
2025-12-23T18:00,3.6,3.5,0.0,0.0,3.44,3.07,99,61
2025-12-23T19:00,3.5,3.2,0.0,0.0,3.54,3.42,99,81
2025-12-23T20:00,3.4,3.2,0.0,0.0,3.83,4.09,100,78
2025-12-23T21:00,3.3,3.0,0.0,0.0,4.06,4.8,100,71
2025-12-23T22:00,3.2,2.8,0.0,0.0,4.54,5.74,100,62
2025-12-23T23:00,3.1,2.6,0.0,0.0,4.9,6.18,100,70
2025-12-24T00:00,2.5,2.6,0.0,0.0,5.27,6.67,93,82
2025-12-24T01:00,2.2,2.7,0.0,0.0,5.53,6.98,100,98
2025-12-24T02:00,2.2,2.8,0.0,0.0,5.97,7.64,100,100
2025-12-24T03:00,2.3,2.5,0.0,0.0,6.54,8.45,99,100
2025-12-24T04:00,2.4,2.3,0.0,0.0,7.1,8.39,99,100
2025-12-24T05:00,2.7,2.3,0.0,0.0,6.7,7.78,100,100
2025-12-24T06:00,2.8,2.3,0.0,0.0,6.42,8.78,100,100
2025-12-24T07:00,2.9,2.4,14.0,17.0,7.45,8.94,100,100
2025-12-24T08:00,3.0,2.5,24.0,27.0,8.42,9.05,100,100
2025-12-24T09:00,3.2,2.4,42.0,29.0,8.15,9.65,100,100
2025-12-24T10:00,3.2,2.5,70.0,37.0,8.94,10.76,100,100
2025-12-24T11:00,3.1,2.5,58.0,34.0,9.44,11.01,100,100
2025-12-24T12:00,2.8,2.6,43.0,42.0,10.62,10.65,100,100
2025-12-24T13:00,2.6,2.3,28.0,33.0,10.98,11.41,100,99
2025-12-24T14:00,2.2,2.0,15.0,15.0,11.66,11.63,100,99
2025-12-24T15:00,1.9,1.8,2.0,3.0,12.09,12.18,100,99
2025-12-24T16:00,1.8,1.4,0.0,0.0,12.15,13.4,98,99
2025-12-24T17:00,1.7,1.3,0.0,0.0,12.72,13.61,98,100
2025-12-24T18:00,1.5,1.1,0.0,0.0,13.97,13.7,100,99
2025-12-24T19:00,1.3,0.8,0.0,0.0,14.58,13.62,100,100
2025-12-24T20:00,0.9,0.6,0.0,0.0,14.23,13.95,96,97
2025-12-24T21:00,0.6,0.4,0.0,0.0,14.83,13.79,96,98
2025-12-24T22:00,0.4,0.2,0.0,0.0,15.17,14.11,97,99
2025-12-24T23:00,0.2,0.0,0.0,0.0,15.12,14.03,97,100
2025-12-25T00:00,0.7,0.4,0.0,0.0,15.62,15.13,100,99
2025-12-25T01:00,0.5,0.2,0.0,0.0,15.97,15.27,100,100
2025-12-25T02:00,0.2,0.1,0.0,0.0,15.79,15.06,100,98
2025-12-25T03:00,0.1,0.1,0.0,0.0,15.56,15.07,99,98
2025-12-25T04:00,-0.0,0.0,0.0,0.0,15.52,15.01,100,100
2025-12-25T05:00,-0.2,-0.1,0.0,0.0,15.58,15.17,100,100
2025-12-25T06:00,-0.9,-0.0,0.0,0.0,13.97,14.28,100,100
2025-12-25T07:00,-1.0,-0.1,14.0,12.0,13.48,14.01,99,100
2025-12-25T08:00,-1.1,-0.2,48.0,29.0,12.92,13.72,98,100
2025-12-25T09:00,-1.0,-0.3,97.0,49.0,12.32,13.27,98,100
2025-12-25T10:00,-1.1,-0.4,114.0,79.0,11.83,13.02,97,99
2025-12-25T11:00,-1.1,-0.4,125.0,102.0,10.93,12.42,97,97
2025-12-25T12:00,-1.6,-1.1,172.0,105.0,11.01,11.75,90,99
2025-12-25T13:00,-1.7,-1.2,145.0,86.0,10.46,10.99,77,96
2025-12-25T14:00,-2.0,-1.4,73.0,47.0,9.63,10.4,80,93
2025-12-25T15:00,-2.5,-1.7,10.0,6.0,8.73,9.69,78,92
2025-12-25T16:00,-2.9,-1.9,0.0,0.0,8.28,8.94,100,89
2025-12-25T17:00,-3.0,-2.2,0.0,0.0,8.11,8.28,94,86
2025-12-25T18:00,-3.0,-2.7,0.0,0.0,6.45,7.75,100,96
2025-12-25T19:00,-3.0,-2.8,0.0,0.0,6.14,7.01,100,89
2025-12-25T20:00,-3.0,-2.8,0.0,0.0,5.96,6.3,100,92
2025-12-25T21:00,-3.2,-2.8,0.0,0.0,5.22,5.4,82,88
2025-12-25T22:00,-3.4,-2.8,0.0,0.0,4.49,4.25,97,85
2025-12-25T23:00,-3.5,-2.9,0.0,0.0,3.92,3.16,90,71
2025-12-26T00:00,-4.2,-3.1,0.0,0.0,2.91,3.51,74,80
2025-12-26T01:00,-4.3,-3.3,0.0,0.0,0.75,2.94,27,79
2025-12-26T02:00,-4.3,-3.4,0.0,0.0,1.48,1.96,23,28
2025-12-26T03:00,-4.2,-3.7,0.0,0.0,2.0,0.6,1,14
2025-12-26T04:00,-4.2,-3.8,0.0,0.0,2.87,1.23,9,21
2025-12-26T05:00,-4.1,-3.9,0.0,0.0,4.47,3.04,0,0
2025-12-26T06:00,-4.0,-4.4,0.0,0.0,6.51,5.95,0,2
2025-12-26T07:00,-3.5,-3.5,47.0,47.0,7.79,6.88,0,0
2025-12-26T08:00,-2.6,-2.3,154.0,156.0,6.51,6.06,0,4
2025-12-26T09:00,-1.6,-1.4,254.0,256.0,6.73,5.95,0,8
2025-12-26T10:00,-0.8,-0.4,315.0,317.0,7.66,7.38,1,5
2025-12-26T11:00,-0.2,0.2,311.0,332.0,7.79,7.6,44,30
2025-12-26T12:00,0.0,0.2,245.0,291.0,7.86,7.65,49,70
2025-12-26T13:00,0.2,0.0,202.0,192.0,7.51,7.92,46,100
2025-12-26T14:00,0.1,-0.2,87.0,84.0,7.73,8.27,97,61
2025-12-26T15:00,-0.1,-0.4,7.0,10.0,7.39,8.86,100,96
2025-12-26T16:00,-0.2,-0.5,0.0,0.0,6.88,8.52,99,100
2025-12-26T17:00,-0.3,-0.3,0.0,0.0,7.04,8.03,90,89
2025-12-26T18:00,-0.7,-0.3,0.0,0.0,4.13,5.76,92,96
2025-12-26T19:00,-0.9,-0.4,0.0,0.0,2.0,4.59,85,94
2025-12-26T20:00,-1.2,-0.5,0.0,0.0,1.69,3.13,75,95
2025-12-26T21:00,-1.4,-0.5,0.0,0.0,2.79,1.46,73,99
2025-12-26T22:00,-1.5,-0.7,0.0,0.0,3.32,2.38,77,83
2025-12-26T23:00,-1.5,-0.8,0.0,0.0,4.34,3.58,75,84
2025-12-27T00:00,-1.7,-1.3,0.0,0.0,3.57,3.86,98,47
2025-12-27T01:00,-2.0,-1.6,0.0,0.0,3.09,4.25,100,48
2025-12-27T02:00,-2.2,-1.8,0.0,0.0,2.65,3.94,100,59
2025-12-27T03:00,-2.4,-1.6,0.0,0.0,1.86,3.81,100,82
2025-12-27T04:00,-2.6,-1.8,0.0,0.0,1.47,3.01,100,98
2025-12-27T05:00,-2.7,-2.1,0.0,0.0,1.06,2.36,100,100
2025-12-27T06:00,-2.7,-2.4,0.0,0.0,1.33,1.08,100,100
2025-12-27T07:00,-2.8,-2.6,19.0,22.0,1.73,0.96,100,100
2025-12-27T08:00,-2.3,-2.5,54.0,56.0,2.29,1.52,100,100
2025-12-27T09:00,-1.7,-2.1,100.0,108.0,2.47,1.97,100,100
2025-12-27T10:00,-1.5,-1.5,128.0,124.0,2.5,2.61,100,100
2025-12-27T11:00,-1.2,-0.8,122.0,134.0,2.5,2.55,99,100
2025-12-27T12:00,-0.6,0.2,125.0,151.0,3.04,1.93,100,89
2025-12-27T13:00,-1.1,0.0,86.0,112.0,3.07,2.85,100,93
2025-12-27T14:00,-1.4,-0.4,33.0,47.0,3.35,3.02,100,99
2025-12-27T15:00,-1.5,-0.8,4.0,5.0,3.6,3.64,100,100
2025-12-27T16:00,-1.1,-1.3,0.0,0.0,4.13,4.31,93,100
2025-12-27T17:00,-1.1,-1.2,0.0,0.0,5.28,5.18,95,94
2025-12-27T18:00,-2.0,-1.5,0.0,0.0,3.86,7.5,100,98
2025-12-27T19:00,-2.0,-1.0,0.0,0.0,3.51,8.24,100,89
2025-12-27T20:00,-1.7,-0.7,0.0,0.0,4.47,7.54,100,85
2025-12-27T21:00,-1.1,-0.6,0.0,0.0,5.68,8.43,100,92
2025-12-27T22:00,-0.7,-0.9,0.0,0.0,7.42,8.79,100,90
2025-12-27T23:00,-0.7,-1.1,0.0,0.0,8.48,9.68,100,91
2025-12-28T00:00,-0.9,-1.2,0.0,0.0,8.65,8.77,85,92
2025-12-28T01:00,-1.2,-1.2,0.0,0.0,7.94,8.42,88,92
2025-12-28T02:00,-1.1,-1.0,0.0,0.0,7.77,8.37,71,97
2025-12-28T03:00,-1.1,-0.8,0.0,0.0,6.18,3.37,81,98
2025-12-28T04:00,-1.3,-0.9,0.0,0.0,5.23,6.13,71,94
2025-12-28T05:00,-1.4,-1.0,0.0,0.0,5.86,4.78,55,81
2025-12-28T06:00,-0.9,-1.1,0.0,0.0,7.87,5.04,79,64
2025-12-28T07:00,-0.8,-1.0,44.0,43.0,6.69,5.63,0,32
2025-12-28T08:00,0.0,-0.2,171.0,161.0,6.64,5.3,0,0
2025-12-28T09:00,1.7,1.4,280.0,277.0,5.31,5.22,0,2
2025-12-28T10:00,3.2,2.9,345.0,344.0,5.61,5.08,0,0
2025-12-28T11:00,4.4,4.2,360.0,360.0,6.41,6.17,0,0
2025-12-28T12:00,5.5,5.2,321.0,322.0,8.63,9.73,0,0
2025-12-28T13:00,5.3,4.8,235.0,235.0,10.39,9.95,9,0
2025-12-28T14:00,4.7,3.9,115.0,115.0,12.01,10.75,0,0
2025-12-28T15:00,3.5,2.8,14.0,14.0,12.81,11.81,0,0
2025-12-28T16:00,2.7,1.7,0.0,0.0,13.17,12.62,0,0
2025-12-28T17:00,2.2,1.2,0.0,0.0,12.76,13.84,17,1
2025-12-28T18:00,1.4,1.3,0.0,0.0,12.58,11.77,0,0
2025-12-28T19:00,1.0,1.0,0.0,0.0,12.42,11.94,0,0
2025-12-28T20:00,0.7,0.6,0.0,0.0,11.74,11.41,8,0
2025-12-28T21:00,0.7,0.3,0.0,0.0,11.56,10.84,28,0
2025-12-28T22:00,0.5,0.0,0.0,0.0,11.05,10.7,43,0
2025-12-28T23:00,0.1,0.1,0.0,0.0,9.81,11.66,38,0
2025-12-29T00:00,-0.1,-0.3,0.0,0.0,10.16,9.82,65,49
2025-12-29T01:00,-0.0,-0.4,0.0,0.0,8.94,10.16,21,49
2025-12-29T02:00,-0.2,-0.6,0.0,0.0,10.07,9.84,23,11
2025-12-29T03:00,-0.3,-0.8,0.0,0.0,9.35,9.51,6,10
2025-12-29T04:00,-0.6,-1.2,0.0,0.0,9.79,7.44,0,1
2025-12-29T05:00,-0.7,-1.7,0.0,0.0,11.05,6.42,0,0
2025-12-29T06:00,-1.1,-1.8,0.0,0.0,9.56,8.43,0,0
2025-12-29T07:00,-1.2,-1.6,52.0,50.0,9.6,7.74,0,0
2025-12-29T08:00,-0.2,-0.5,169.0,167.0,9.21,6.28,0,0
2025-12-29T09:00,1.5,1.0,274.0,273.0,6.32,4.35,0,0
2025-12-29T10:00,2.6,2.2,339.0,340.0,6.17,3.88,0,0
2025-12-29T11:00,3.3,3.1,353.0,354.0,6.27,4.08,0,0
2025-12-29T12:00,3.9,3.5,315.0,314.0,5.48,3.53,0,0
2025-12-29T13:00,4.1,3.5,231.0,230.0,6.28,4.55,0,0
2025-12-29T14:00,3.2,2.6,114.0,113.0,6.6,5.71,0,0
2025-12-29T15:00,1.9,1.4,14.0,14.0,7.07,7.27,0,0
2025-12-29T16:00,1.0,0.7,0.0,0.0,7.89,7.58,0,0
2025-12-29T17:00,0.5,0.2,0.0,0.0,8.07,7.36,0,0
2025-12-29T18:00,0.3,-0.0,0.0,0.0,7.14,9.36,0,0
2025-12-29T19:00,-0.2,-0.4,0.0,0.0,7.01,9.26,0,100
2025-12-29T20:00,-0.6,-0.7,0.0,0.0,7.1,8.96,35,100
2025-12-29T21:00,-0.9,-0.8,0.0,0.0,6.86,8.37,98,100
2025-12-29T22:00,-1.1,-0.9,0.0,0.0,6.7,7.87,100,100
2025-12-29T23:00,-1.3,-1.1,0.0,0.0,5.94,7.59,100,100
2025-12-30T00:00,-1.0,-1.3,0.0,0.0,5.8,8.68,24,14
2025-12-30T01:00,-1.2,-1.7,0.0,0.0,5.43,8.82,0,0
2025-12-30T02:00,-1.4,-1.9,0.0,0.0,5.65,9.05,0,0
2025-12-30T03:00,-1.5,-2.0,0.0,0.0,6.04,9.34,0,0
2025-12-30T04:00,-1.7,-2.0,0.0,0.0,6.12,9.86,0,0
2025-12-30T05:00,-1.8,-1.8,0.0,0.0,5.62,10.5,0,0
2025-12-30T06:00,-2.0,-0.9,0.0,0.0,7.05,11.22,0,0
2025-12-30T07:00,-1.6,-0.6,49.0,50.0,7.15,9.8,0,0
2025-12-30T08:00,-0.4,0.5,165.0,166.0,7.39,8.38,0,0
2025-12-30T09:00,1.3,2.2,271.0,270.0,4.77,5.37,0,0
2025-12-30T10:00,2.6,3.4,337.0,337.0,3.94,2.85,14,0
2025-12-30T11:00,3.4,4.0,352.0,353.0,3.64,1.62,19,36
2025-12-30T12:00,3.7,4.2,284.0,317.0,2.45,1.08,70,28
2025-12-30T13:00,3.8,4.1,196.0,219.0,2.73,1.01,29,68
2025-12-30T14:00,3.4,3.0,117.0,97.0,2.55,3.38,0,100
2025-12-30T15:00,2.6,2.1,16.0,12.0,3.72,5.52,4,97
2025-12-30T16:00,1.9,1.6,0.0,0.0,5.98,6.17,31,97
2025-12-30T17:00,0.8,1.2,0.0,0.0,7.9,5.2,86,100
2025-12-30T18:00,0.0,0.3,0.0,0.0,9.77,7.21,66,86
2025-12-30T19:00,0.1,-0.5,0.0,0.0,6.23,5.64,95,85
2025-12-30T20:00,0.3,-0.1,0.0,0.0,4.32,4.82,39,56
2025-12-30T21:00,-0.5,-0.3,0.0,0.0,5.25,2.59,0,85
2025-12-30T22:00,-1.3,-1.3,0.0,0.0,7.63,7.01,0,0
2025-12-30T23:00,-1.8,-1.8,0.0,0.0,9.9,7.15,0,0
2025-12-31T00:00,-2.8,-0.9,0.0,0.0,10.04,9.33,0,0
2025-12-31T01:00,-3.2,-1.3,0.0,0.0,10.19,8.83,0,0
2025-12-31T02:00,-3.5,-2.1,0.0,0.0,9.73,8.51,0,0
2025-12-31T03:00,-3.9,-2.6,0.0,0.0,9.3,9.08,0,0
2025-12-31T04:00,-4.1,-2.9,0.0,0.0,9.27,9.32,0,0
2025-12-31T05:00,-4.3,-3.2,0.0,0.0,9.34,8.92,0,0
2025-12-31T06:00,-4.7,-3.5,0.0,0.0,9.67,8.56,0,0
2025-12-31T07:00,-4.5,-3.2,53.0,54.0,9.07,8.07,95,0
2025-12-31T08:00,-3.5,-2.3,148.0,177.0,6.7,6.02,100,2
2025-12-31T09:00,-2.1,-1.1,233.0,278.0,6.32,5.86,91,54
2025-12-31T10:00,-0.6,-0.0,318.0,327.0,4.9,5.82,46,50
2025-12-31T11:00,0.6,0.7,366.0,352.0,5.68,6.09,17,6
2025-12-31T12:00,1.7,1.4,335.0,334.0,6.42,7.4,0,0
2025-12-31T13:00,1.7,1.4,248.0,247.0,6.32,7.75,0,0
2025-12-31T14:00,1.2,1.0,126.0,125.0,6.27,7.77,0,0
2025-12-31T15:00,0.4,0.5,18.0,17.0,6.65,8.41,71,82
2025-12-31T16:00,-0.4,-0.2,0.0,0.0,7.21,8.77,100,90
2025-12-31T17:00,-1.1,-1.0,0.0,0.0,7.66,8.24,100,28
2025-12-31T18:00,-1.6,-1.4,0.0,0.0,7.94,9.25,100,83
2025-12-31T19:00,-2.1,-1.9,0.0,0.0,6.12,8.58,100,59
2025-12-31T20:00,-2.7,-2.5,0.0,0.0,5.29,7.97,100,45
2025-12-31T21:00,-3.2,-3.0,0.0,0.0,3.63,7.69,100,57
2025-12-31T22:00,-3.6,-3.5,0.0,0.0,1.87,7.49,100,13
2025-12-31T23:00,-3.9,-4.0,0.0,0.0,1.43,7.64,72,0
2026-01-01T00:00,-4.6,-4.5,0.0,0.0,2.66,2.94,78,6
2026-01-01T01:00,-4.9,-4.9,0.0,0.0,2.61,1.88,0,0
2026-01-01T02:00,-5.1,-5.3,0.0,0.0,3.43,3.04,0,0
2026-01-01T03:00,-5.2,-5.6,0.0,0.0,3.96,4.31,0,0
2026-01-01T04:00,-5.3,-6.0,0.0,0.0,5.38,5.2,0,0
2026-01-01T05:00,-5.6,-6.3,0.0,0.0,9.78,6.66,0,0
2026-01-01T06:00,-6.4,-6.0,0.0,0.0,7.78,6.73,0,0
2026-01-01T07:00,-6.1,-5.8,53.0,54.0,8.83,6.79,0,0
2026-01-01T08:00,-4.6,-4.7,176.0,176.0,7.76,6.21,0,0
2026-01-01T09:00,-2.9,-3.5,286.0,286.0,6.42,4.37,0,0
2026-01-01T10:00,-1.6,-2.5,353.0,354.0,6.0,5.72,12,0
2026-01-01T11:00,-0.7,-1.5,367.0,368.0,6.53,5.71,0,0
2026-01-01T12:00,0.5,-0.3,325.0,332.0,6.59,7.15,27,0
2026-01-01T13:00,0.9,-0.1,238.0,244.0,7.44,7.19,21,0
2026-01-01T14:00,0.7,-0.1,118.0,123.0,7.78,7.36,38,2
2026-01-01T15:00,0.3,-0.5,16.0,17.0,7.17,7.15,14,0
2026-01-01T16:00,-0.5,-1.1,0.0,0.0,7.8,7.94,0,0
2026-01-01T17:00,-1.2,-1.7,0.0,0.0,7.95,8.7,0,0
2026-01-01T18:00,-1.9,-1.5,0.0,0.0,8.2,8.28,0,0
2026-01-01T19:00,-2.4,-1.9,0.0,0.0,8.37,8.37,0,0
2026-01-01T20:00,-2.7,-2.2,0.0,0.0,8.19,8.51,10,0
2026-01-01T21:00,-2.7,-2.3,0.0,0.0,7.65,8.32,0,0
2026-01-01T22:00,-2.9,-2.4,0.0,0.0,7.53,8.34,0,0
2026-01-01T23:00,-3.0,-2.3,0.0,0.0,7.24,8.11,11,0
2026-01-02T00:00,-3.3,-2.7,0.0,0.0,6.77,7.98,1,0
2026-01-02T01:00,-3.5,-3.0,0.0,0.0,5.95,6.79,72,0
2026-01-02T02:00,-3.6,-3.3,0.0,0.0,5.96,6.15,100,70
2026-01-02T03:00,-3.8,-3.5,0.0,0.0,6.29,6.93,91,22
2026-01-02T04:00,-3.9,-3.5,0.0,0.0,6.6,7.29,25,4
2026-01-02T05:00,-4.2,-3.8,0.0,0.0,6.67,6.79,81,14
2026-01-02T06:00,-4.4,-4.5,0.0,0.0,5.53,6.09,36,68
2026-01-02T07:00,-4.0,-4.1,45.0,44.0,5.21,6.18,38,54
2026-01-02T08:00,-2.9,-2.7,151.0,131.0,5.48,6.67,33,45
2026-01-02T09:00,-0.6,-0.3,252.0,240.0,5.82,6.74,39,37
2026-01-02T10:00,1.5,2.1,309.0,314.0,5.17,6.09,40,48
2026-01-02T11:00,3.2,3.6,331.0,312.0,3.83,4.52,38,61
2026-01-02T12:00,4.4,4.8,299.0,285.0,3.32,4.24,73,81
2026-01-02T13:00,4.9,4.8,209.0,172.0,4.68,5.6,100,80
2026-01-02T14:00,4.2,4.0,106.0,100.0,5.01,6.02,96,52
2026-01-02T15:00,3.3,3.1,17.0,15.0,5.11,6.01,94,53
2026-01-02T16:00,2.7,2.7,0.0,0.0,4.35,5.0,93,71
2026-01-02T17:00,1.7,2.3,0.0,0.0,2.91,4.57,97,66
2026-01-02T18:00,1.0,2.3,0.0,0.0,2.5,4.54,100,94
2026-01-02T19:00,1.1,2.7,0.0,0.0,3.29,5.39,71,78
2026-01-02T20:00,1.1,2.1,0.0,0.0,4.21,3.82,99,100
2026-01-02T21:00,1.4,2.3,0.0,0.0,4.91,5.17,93,82
2026-01-02T22:00,1.7,2.9,0.0,0.0,5.95,6.66,46,70
2026-01-02T23:00,2.0,2.7,0.0,0.0,7.16,7.02,97,48
2026-01-03T00:00,0.4,1.8,0.0,0.0,6.85,8.52,96,89
2026-01-03T01:00,-0.2,2.3,0.0,0.0,7.67,10.77,61,88
2026-01-03T02:00,-0.2,2.3,0.0,0.0,8.13,10.41,100,78
2026-01-03T03:00,0.0,2.5,0.0,0.0,7.61,10.48,60,79
2026-01-03T04:00,-0.1,2.5,0.0,0.0,7.39,10.06,79,87
2026-01-03T05:00,-0.1,2.4,0.0,0.0,7.99,9.08,53,64
2026-01-03T06:00,1.3,0.4,0.0,0.0,10.62,7.01,57,57
2026-01-03T07:00,1.8,0.6,41.0,40.0,10.05,5.89,44,43
2026-01-03T08:00,3.4,1.6,142.0,129.0,10.06,5.35,46,93
2026-01-03T09:00,5.3,2.3,198.0,111.0,9.51,5.22,91,100
2026-01-03T10:00,6.2,2.9,140.0,98.0,9.37,4.73,73,94
2026-01-03T11:00,7.3,3.6,230.0,144.0,5.7,5.16,83,97
2026-01-03T12:00,8.1,4.3,189.0,143.0,5.71,3.66,91,89
2026-01-03T13:00,7.4,4.4,132.0,127.0,6.46,3.38,100,95
2026-01-03T14:00,6.2,3.8,45.0,52.0,6.82,4.75,100,95
2026-01-03T15:00,4.9,2.9,6.0,8.0,7.13,4.85,93,80
2026-01-03T16:00,3.9,2.4,0.0,0.0,6.08,5.75,77,98
2026-01-03T17:00,3.2,2.0,0.0,0.0,3.03,5.02,100,90
2026-01-03T18:00,4.1,1.5,0.0,0.0,2.05,4.49,100,73
2026-01-03T19:00,3.9,1.2,0.0,0.0,2.3,3.59,99,82
2026-01-03T20:00,3.6,0.9,0.0,0.0,4.57,4.57,84,82
2026-01-03T21:00,3.1,0.6,0.0,0.0,3.68,3.92,86,97
2026-01-03T22:00,2.9,0.6,0.0,0.0,1.85,2.77,100,94
2026-01-03T23:00,2.5,0.5,0.0,0.0,0.66,0.35,99,100
2026-01-04T00:00,1.4,1.3,0.0,0.0,1.46,0.49,97,96
2026-01-04T01:00,1.4,1.0,0.0,0.0,3.43,1.83,100,94
2026-01-04T02:00,1.6,0.8,0.0,0.0,5.79,2.94,100,100
2026-01-04T03:00,1.6,0.9,0.0,0.0,6.53,4.25,99,100
2026-01-04T04:00,1.8,1.1,0.0,0.0,8.61,4.71,100,100
2026-01-04T05:00,1.6,1.1,0.0,0.0,9.41,5.35,99,100
2026-01-04T06:00,1.6,1.1,0.0,0.0,8.81,6.47,99,99
2026-01-04T07:00,1.5,1.2,13.0,8.0,8.97,7.53,100,100
2026-01-04T08:00,1.9,1.4,35.0,21.0,7.24,7.23,100,100
2026-01-04T09:00,2.4,2.0,56.0,44.0,5.19,6.18,93,100
2026-01-04T10:00,3.4,2.8,152.0,77.0,2.77,3.13,87,98
2026-01-04T11:00,4.4,3.2,221.0,73.0,0.77,2.85,77,96
2026-01-04T12:00,3.8,3.1,149.0,130.0,1.88,1.06,89,89
2026-01-04T13:00,3.9,3.6,126.0,126.0,1.39,1.15,100,92
2026-01-04T14:00,3.6,3.5,61.0,71.0,2.02,1.9,100,100
2026-01-04T15:00,3.0,2.8,10.0,11.0,2.86,2.69,100,100
2026-01-04T16:00,2.5,2.3,0.0,0.0,4.43,3.82,100,100
2026-01-04T17:00,2.3,2.3,0.0,0.0,5.71,5.2,100,100
2026-01-04T18:00,2.9,3.6,0.0,0.0,6.46,5.37,100,100
2026-01-04T19:00,2.8,3.6,0.0,0.0,6.4,5.42,100,100
2026-01-04T20:00,2.6,3.4,0.0,0.0,5.49,4.03,100,100
2026-01-04T21:00,2.5,3.3,0.0,0.0,2.64,2.76,100,100
2026-01-04T22:00,2.5,3.2,0.0,0.0,0.63,1.47,100,100
2026-01-04T23:00,2.3,3.0,0.0,0.0,2.54,4.19,100,100
2026-01-05T00:00,2.4,1.9,0.0,0.0,8.13,3.92,100,100
2026-01-05T01:00,2.2,2.1,0.0,0.0,8.09,6.85,100,100
2026-01-05T02:00,1.8,2.3,0.0,0.0,7.75,8.07,100,100
2026-01-05T03:00,1.5,2.0,0.0,0.0,8.55,8.29,100,100
2026-01-05T04:00,1.3,1.6,0.0,0.0,9.24,9.73,100,100
2026-01-05T05:00,1.3,1.3,0.0,0.0,9.76,8.2,100,100
2026-01-05T06:00,0.9,1.4,0.0,0.0,9.54,8.87,100,100
2026-01-05T07:00,0.8,1.4,10.0,10.0,9.58,8.7,100,100
2026-01-05T08:00,0.9,1.5,21.0,24.0,9.86,8.7,100,100
2026-01-05T09:00,1.0,1.7,42.0,60.0,9.16,8.84,100,100
2026-01-05T10:00,1.0,1.7,45.0,70.0,8.88,8.62,100,100
2026-01-05T11:00,1.1,1.7,51.0,64.0,8.82,7.84,100,100
2026-01-05T12:00,1.0,1.1,42.0,51.0,9.13,8.51,100,100
2026-01-05T13:00,1.0,1.1,31.0,38.0,9.13,8.56,100,100
2026-01-05T14:00,1.0,1.1,19.0,20.0,8.03,7.78,100,100
2026-01-05T15:00,1.0,1.1,3.0,4.0,8.05,7.21,100,100
2026-01-05T16:00,0.9,1.0,0.0,0.0,7.8,7.0,100,100
2026-01-05T17:00,1.0,1.0,0.0,0.0,7.23,7.02,100,100
2026-01-05T18:00,0.9,1.1,0.0,0.0,7.6,6.7,100,100
2026-01-05T19:00,1.1,1.2,0.0,0.0,7.62,7.04,100,100
2026-01-05T20:00,1.2,1.2,0.0,0.0,7.45,7.58,100,100
2026-01-05T21:00,1.3,1.3,0.0,0.0,6.82,7.23,100,100
2026-01-05T22:00,1.5,1.4,0.0,0.0,5.93,6.22,100,100
2026-01-05T23:00,1.6,1.4,0.0,0.0,5.13,6.71,100,100
2026-01-06T00:00,1.5,1.6,0.0,0.0,5.14,4.74,100,100
2026-01-06T01:00,1.6,1.8,0.0,0.0,3.86,4.21,100,100
2026-01-06T02:00,1.8,1.9,0.0,0.0,3.44,2.85,100,100
2026-01-06T03:00,1.8,1.9,0.0,0.0,1.87,1.12,100,100
2026-01-06T04:00,1.9,2.0,0.0,0.0,0.49,1.9,100,100
2026-01-06T05:00,1.9,2.0,0.0,0.0,0.62,1.69,100,100
2026-01-06T06:00,1.7,2.1,0.0,0.0,0.22,1.08,100,100
2026-01-06T07:00,1.9,2.4,12.0,13.0,0.4,2.08,98,99
2026-01-06T08:00,2.5,2.9,51.0,37.0,0.88,4.22,99,99
2026-01-06T09:00,3.3,3.5,93.0,56.0,0.98,3.33,100,98
2026-01-06T10:00,3.9,4.4,85.0,104.0,1.46,4.3,99,96
2026-01-06T11:00,4.6,5.3,120.0,138.0,1.8,4.74,100,97
2026-01-06T12:00,4.4,5.3,85.0,146.0,1.57,3.26,100,97
2026-01-06T13:00,4.6,5.6,66.0,110.0,1.8,3.64,100,98
2026-01-06T14:00,4.4,5.2,30.0,57.0,2.86,3.08,100,99
2026-01-06T15:00,4.0,4.8,5.0,10.0,2.08,2.86,98,99
2026-01-06T16:00,3.9,4.5,0.0,0.0,2.5,2.57,99,100
2026-01-06T17:00,3.7,4.3,0.0,0.0,0.92,1.59,100,100
2026-01-06T18:00,3.5,4.3,0.0,0.0,0.69,2.4,100,96
2026-01-06T19:00,3.4,4.3,0.0,0.0,0.4,4.77,100,100
2026-01-06T20:00,3.3,4.3,0.0,0.0,0.84,7.22,100,100
2026-01-06T21:00,3.3,4.5,0.0,0.0,1.58,8.61,100,100
2026-01-06T22:00,3.2,4.6,0.0,0.0,3.04,6.36,100,100
2026-01-06T23:00,3.2,4.3,0.0,0.0,4.69,6.67,100,100
2026-01-07T00:00,3.2,4.3,0.0,0.0,5.7,6.4,100,100
2026-01-07T01:00,3.3,4.2,0.0,0.0,6.05,6.93,100,100
2026-01-07T02:00,3.3,4.1,0.0,0.0,6.13,6.57,100,100
2026-01-07T03:00,3.4,4.0,0.0,0.0,7.27,6.4,100,100
2026-01-07T04:00,3.6,4.0,0.0,0.0,7.32,6.0,100,100
2026-01-07T05:00,3.7,3.9,0.0,0.0,6.77,6.98,100,100
2026-01-07T06:00,3.2,3.4,0.0,0.0,6.76,6.62,100,100
2026-01-07T07:00,3.3,3.4,9.0,11.0,6.61,6.72,100,100
2026-01-07T08:00,3.6,3.7,30.0,34.0,5.47,5.79,100,100
2026-01-07T09:00,4.0,4.1,49.0,47.0,5.75,5.65,100,100
2026-01-07T10:00,4.5,4.4,69.0,55.0,4.38,4.37,100,100
2026-01-07T11:00,4.9,4.7,82.0,73.0,3.4,3.32,100,100
2026-01-07T12:00,5.8,5.6,55.0,98.0,0.6,1.0,100,100
2026-01-07T13:00,5.8,5.6,30.0,49.0,0.39,1.01,100,100
2026-01-07T14:00,5.7,5.5,21.0,24.0,2.41,0.35,100,100
2026-01-07T15:00,5.4,5.4,3.0,6.0,1.41,0.83,100,100
2026-01-07T16:00,5.2,5.1,0.0,0.0,1.12,0.69,100,100
2026-01-07T17:00,5.1,5.0,0.0,0.0,0.4,2.59,100,100
2026-01-07T18:00,4.5,4.1,0.0,0.0,2.16,6.37,100,100
2026-01-07T19:00,4.5,3.4,0.0,0.0,4.82,8.34,100,100
2026-01-07T20:00,4.6,2.7,0.0,0.0,7.72,9.19,100,100
2026-01-07T21:00,4.6,2.4,0.0,0.0,7.62,9.96,100,100
2026-01-07T22:00,4.3,2.2,0.0,0.0,9.08,10.24,100,100
2026-01-07T23:00,4.0,1.8,0.0,0.0,9.99,10.99,100,100
2026-01-08T00:00,3.4,2.4,0.0,0.0,9.83,10.81,100,100
2026-01-08T01:00,3.1,2.0,0.0,0.0,9.27,9.06,100,100
2026-01-08T02:00,2.9,1.7,0.0,0.0,8.55,12.12,100,100
2026-01-08T03:00,2.7,1.6,0.0,0.0,7.38,9.27,100,100
2026-01-08T04:00,2.5,1.4,0.0,0.0,2.98,5.54,100,100
2026-01-08T05:00,2.6,1.4,0.0,0.0,2.6,2.95,100,100
2026-01-08T06:00,2.2,1.5,0.0,0.0,3.6,5.83,100,100
2026-01-08T07:00,1.8,1.7,4.0,9.0,9.37,8.76,100,100
2026-01-08T08:00,0.8,0.6,37.0,64.0,12.38,8.95,100,100
2026-01-08T09:00,0.2,0.4,51.0,93.0,11.59,8.85,100,100
2026-01-08T10:00,-0.2,0.5,72.0,105.0,11.79,8.98,100,100
2026-01-08T11:00,-0.4,0.6,56.0,97.0,11.72,9.2,100,100
2026-01-08T12:00,0.2,1.5,43.0,208.0,10.44,11.08,100,61
2026-01-08T13:00,0.5,1.7,53.0,196.0,11.2,10.65,100,62
2026-01-08T14:00,0.4,0.9,30.0,104.0,11.09,10.69,100,87
2026-01-08T15:00,0.1,0.1,6.0,20.0,10.42,11.2,99,97
2026-01-08T16:00,-0.3,-0.5,0.0,0.0,10.5,11.43,100,100
2026-01-08T17:00,-0.7,-1.1,0.0,0.0,10.46,11.17,100,89
2026-01-08T18:00,-1.4,-1.4,0.0,0.0,10.08,9.69,75,78
2026-01-08T19:00,-1.9,-1.9,0.0,0.0,10.03,9.05,100,82
2026-01-08T20:00,-2.3,-2.2,0.0,0.0,9.6,8.75,97,89
2026-01-08T21:00,-2.6,-2.4,0.0,0.0,9.15,8.59,61,96
2026-01-08T22:00,-2.9,-2.5,0.0,0.0,9.08,7.35,45,91
2026-01-08T23:00,-3.1,-2.7,0.0,0.0,8.58,6.77,70,94
2026-01-09T00:00,-3.2,-2.8,0.0,0.0,8.46,6.59,98,100
2026-01-09T01:00,-3.3,-3.1,0.0,0.0,7.7,6.28,95,97
2026-01-09T02:00,-3.4,-3.1,0.0,0.0,7.54,6.8,75,74
2026-01-09T03:00,-3.5,-3.3,0.0,0.0,7.63,7.42,59,42
2026-01-09T04:00,-3.5,-3.4,0.0,0.0,7.28,7.3,67,32
2026-01-09T05:00,-3.6,-3.4,0.0,0.0,6.99,6.65,26,50
2026-01-09T06:00,-3.5,-3.7,0.0,0.0,7.97,8.13,0,0
2026-01-09T07:00,-3.0,-3.3,56.0,55.0,7.72,7.46,0,0
2026-01-09T08:00,-2.0,-2.3,183.0,182.0,5.0,5.52,0,0
2026-01-09T09:00,-1.0,-1.0,295.0,294.0,4.21,5.02,0,0
2026-01-09T10:00,-0.1,0.1,368.0,366.0,5.37,5.03,0,0
2026-01-09T11:00,0.5,0.9,390.0,389.0,4.77,5.71,0,0
2026-01-09T12:00,1.0,1.4,355.0,351.0,4.63,5.77,0,0
2026-01-09T13:00,1.0,1.5,272.0,268.0,3.16,4.97,0,0
2026-01-09T14:00,0.4,0.9,146.0,145.0,5.25,4.13,0,0
2026-01-09T15:00,0.2,0.3,27.0,27.0,6.3,5.56,34,0
2026-01-09T16:00,-0.0,-0.2,0.0,0.0,6.69,5.83,100,100
2026-01-09T17:00,-0.2,-0.6,0.0,0.0,6.89,6.27,100,99
2026-01-09T18:00,-0.5,-0.5,0.0,0.0,6.19,6.34,90,77
2026-01-09T19:00,-0.5,-0.6,0.0,0.0,5.06,5.39,95,100
2026-01-09T20:00,-0.4,-0.6,0.0,0.0,3.9,5.52,91,99
2026-01-09T21:00,-0.5,-0.4,0.0,0.0,2.46,4.17,86,91
2026-01-09T22:00,-0.6,-0.4,0.0,0.0,1.98,3.04,96,100
2026-01-09T23:00,-0.9,-0.4,0.0,0.0,2.01,2.91,83,92
2026-01-10T00:00,-0.6,-0.3,0.0,0.0,0.4,0.89,66,75
2026-01-10T01:00,-0.7,-0.6,0.0,0.0,0.49,0.28,100,69
2026-01-10T02:00,-0.7,-0.7,0.0,0.0,0.96,0.1,100,100
2026-01-10T03:00,-0.5,-0.7,0.0,0.0,0.22,0.49,100,100
2026-01-10T04:00,-0.5,-0.8,0.0,0.0,0.44,1.46,100,100
2026-01-10T05:00,-0.6,-0.6,0.0,0.0,0.84,1.06,100,100
2026-01-10T06:00,-0.8,-0.5,0.0,0.0,1.8,2.97,100,100
2026-01-10T07:00,-0.5,-0.1,29.0,31.0,2.42,2.65,100,90
2026-01-10T08:00,-0.1,0.8,98.0,130.0,1.67,3.84,100,43
2026-01-10T09:00,1.0,2.2,206.0,254.0,1.4,4.09,96,76
2026-01-10T10:00,2.0,2.9,290.0,279.0,1.18,2.74,100,100
2026-01-10T11:00,2.4,3.2,307.0,263.0,0.2,1.71,100,100
2026-01-10T12:00,2.4,3.1,231.0,277.0,1.18,1.96,100,99
2026-01-10T13:00,2.2,3.0,157.0,206.0,2.18,2.11,100,100
2026-01-10T14:00,1.5,2.3,84.0,86.0,4.27,1.28,100,100
2026-01-10T15:00,1.0,1.6,15.0,15.0,6.14,0.22,100,100
2026-01-10T16:00,0.9,1.0,0.0,0.0,8.18,2.54,100,100
2026-01-10T17:00,0.8,0.8,0.0,0.0,8.99,6.2,100,100
2026-01-10T18:00,0.8,0.4,0.0,0.0,7.04,6.37,100,100
2026-01-10T19:00,0.4,0.2,0.0,0.0,7.83,7.64,100,100
2026-01-10T20:00,-0.0,0.0,0.0,0.0,8.45,6.41,100,100
2026-01-10T21:00,-0.1,-0.2,0.0,0.0,8.53,5.31,100,100
2026-01-10T22:00,-0.3,-0.2,0.0,0.0,8.18,4.65,100,100
2026-01-10T23:00,-0.3,-0.2,0.0,0.0,8.81,5.62,100,100
2026-01-11T00:00,-0.5,-0.4,0.0,0.0,10.47,4.4,100,100
2026-01-11T01:00,-0.8,-0.4,0.0,0.0,9.7,3.51,100,100
2026-01-11T02:00,-1.1,-0.6,0.0,0.0,9.08,2.33,100,100
2026-01-11T03:00,-1.7,-1.0,0.0,0.0,8.11,2.16,100,100
2026-01-11T04:00,-2.3,-1.1,0.0,0.0,6.88,2.59,100,100
2026-01-11T05:00,-2.9,-1.1,0.0,0.0,5.37,2.08,100,100
2026-01-11T06:00,-3.0,-0.9,0.0,0.0,3.73,2.64,100,100
2026-01-11T07:00,-3.2,-1.0,19.0,17.0,3.28,2.98,100,100
2026-01-11T08:00,-3.3,-1.3,57.0,60.0,2.76,4.88,100,97
2026-01-11T09:00,-3.2,-1.6,125.0,123.0,2.37,4.84,98,87
2026-01-11T10:00,-3.2,-1.7,136.0,164.0,2.37,4.12,96,98
2026-01-11T11:00,-3.1,-1.7,138.0,153.0,2.55,2.85,98,99
2026-01-11T12:00,-3.6,-2.1,141.0,153.0,2.37,1.97,98,95
2026-01-11T13:00,-3.6,-2.0,105.0,101.0,2.26,1.83,97,97
2026-01-11T14:00,-3.7,-2.1,56.0,50.0,2.29,1.85,97,98
2026-01-11T15:00,-3.9,-2.3,13.0,9.0,2.32,2.24,93,97
2026-01-11T16:00,-4.1,-2.4,0.0,0.0,1.93,3.04,95,98
2026-01-11T17:00,-4.1,-2.5,0.0,0.0,2.29,3.83,92,98
2026-01-11T18:00,-3.5,-3.2,0.0,0.0,1.57,2.77,76,99
2026-01-11T19:00,-3.9,-3.5,0.0,0.0,1.87,3.27,75,100
2026-01-11T20:00,-4.2,-3.6,0.0,0.0,2.67,3.68,84,100
2026-01-11T21:00,-4.3,-3.6,0.0,0.0,3.26,3.78,79,100
2026-01-11T22:00,-4.3,-3.6,0.0,0.0,3.64,3.43,88,100
2026-01-11T23:00,-4.2,-3.7,0.0,0.0,3.63,3.17,88,99
2026-01-12T00:00,-4.9,-4.3,0.0,0.0,4.62,3.43,93,87
2026-01-12T01:00,-5.2,-4.6,0.0,0.0,4.92,4.13,84,88
2026-01-12T02:00,-5.5,-4.9,0.0,0.0,5.21,4.71,69,82
2026-01-12T03:00,-5.7,-5.3,0.0,0.0,5.91,5.64,70,77
2026-01-12T04:00,-5.4,-5.6,0.0,0.0,6.58,6.04,71,69
2026-01-12T05:00,-5.7,-5.7,0.0,0.0,6.54,6.48,48,41
2026-01-12T06:00,-7.6,-5.4,0.0,0.0,7.46,5.86,1,49
2026-01-12T07:00,-7.7,-5.2,59.0,57.0,7.85,6.32,0,0
2026-01-12T08:00,-6.6,-4.7,188.0,187.0,7.49,5.96,3,0
2026-01-12T09:00,-5.3,-3.7,304.0,303.0,6.39,4.43,36,0
2026-01-12T10:00,-4.1,-2.7,377.0,377.0,4.48,3.81,0,0
2026-01-12T11:00,-2.9,-1.9,401.0,398.0,4.22,4.25,36,0
2026-01-12T12:00,-3.0,-1.4,362.0,363.0,4.9,4.55,43,100
2026-01-12T13:00,-2.7,-1.2,269.0,261.0,4.88,4.93,84,64
2026-01-12T14:00,-2.7,-1.3,141.0,150.0,5.37,5.42,74,35
2026-01-12T15:00,-3.6,-2.0,30.0,32.0,6.8,5.75,66,65
2026-01-12T16:00,-4.6,-2.9,0.0,0.0,7.46,6.94,45,27
2026-01-12T17:00,-5.4,-3.7,0.0,0.0,7.65,7.4,25,32
2026-01-12T18:00,-6.3,-3.6,0.0,0.0,6.88,6.38,10,8
2026-01-12T19:00,-7.1,-4.1,0.0,0.0,5.66,5.99,9,26
2026-01-12T20:00,-7.8,-4.6,0.0,0.0,4.28,5.59,2,4
2026-01-12T21:00,-8.5,-5.0,0.0,0.0,3.69,4.74,0,0
2026-01-12T22:00,-9.2,-5.4,0.0,0.0,2.32,3.33,0,0
2026-01-12T23:00,-10.1,-5.9,0.0,0.0,1.19,3.55,0,0
2026-01-13T00:00,-9.6,-7.9,0.0,0.0,1.48,3.06,0,0
2026-01-13T01:00,-10.1,-8.2,0.0,0.0,2.1,2.79,0,4
2026-01-13T02:00,-11.1,-8.9,0.0,0.0,2.15,1.73,4,0
2026-01-13T03:00,-11.5,-9.6,0.0,0.0,3.04,2.98,0,8
2026-01-13T04:00,-11.5,-9.9,0.0,0.0,4.13,4.16,0,0
2026-01-13T05:00,-12.0,-10.1,0.0,0.0,3.05,4.23,7,26
2026-01-13T06:00,-11.7,-10.4,0.0,0.0,2.8,4.19,7,99
2026-01-13T07:00,-11.0,-8.9,57.0,42.0,3.15,5.06,14,100
2026-01-13T08:00,-8.7,-7.3,165.0,117.0,4.84,4.51,99,94
2026-01-13T09:00,-6.4,-5.7,221.0,191.0,4.99,3.68,93,91
2026-01-13T10:00,-4.7,-4.2,277.0,241.0,3.35,2.61,85,98
2026-01-13T11:00,-3.7,-3.4,251.0,233.0,1.67,2.1,96,100
2026-01-13T12:00,-2.6,-3.5,215.0,173.0,1.69,1.73,87,100
2026-01-13T13:00,-2.3,-3.3,135.0,111.0,2.22,2.65,100,100
2026-01-13T14:00,-2.3,-3.4,59.0,55.0,2.18,3.95,100,100
2026-01-13T15:00,-2.4,-3.8,11.0,12.0,3.61,3.45,100,100
2026-01-13T16:00,-2.6,-4.2,0.0,0.0,5.28,2.76,100,100
2026-01-13T17:00,-3.2,-4.1,0.0,0.0,4.61,1.8,95,100
2026-01-13T18:00,-3.3,-4.2,0.0,0.0,3.55,2.4,94,80
2026-01-13T19:00,-3.3,-4.8,0.0,0.0,3.17,1.97,93,66
2026-01-13T20:00,-3.1,-5.3,0.0,0.0,2.98,1.77,95,67
2026-01-13T21:00,-3.0,-5.8,0.0,0.0,1.86,2.24,89,67
2026-01-13T22:00,-3.3,-5.9,0.0,0.0,1.45,2.38,80,77
2026-01-13T23:00,-3.6,-5.8,0.0,0.0,1.18,2.19,68,83
2026-01-14T00:00,-4.8,-5.6,0.0,0.0,2.46,2.67,51,75
2026-01-14T01:00,-5.2,-5.5,0.0,0.0,3.02,2.02,54,79
2026-01-14T02:00,-5.6,-5.6,0.0,0.0,2.15,2.09,39,65
2026-01-14T03:00,-5.9,-5.9,0.0,0.0,1.8,2.75,64,50
2026-01-14T04:00,-6.0,-6.3,0.0,0.0,1.93,2.02,47,93
2026-01-14T05:00,-6.2,-6.6,0.0,0.0,1.14,1.58,38,63
2026-01-14T06:00,-7.4,-6.6,0.0,0.0,0.62,0.79,46,4
2026-01-14T07:00,-6.9,-6.3,53.0,53.0,0.42,0.63,24,16
2026-01-14T08:00,-5.2,-4.3,168.0,171.0,0.75,0.6,12,81
2026-01-14T09:00,-3.2,-2.4,276.0,274.0,1.95,0.66,85,100
2026-01-14T10:00,-1.7,-1.1,352.0,332.0,1.23,0.2,41,100
2026-01-14T11:00,-0.8,-0.2,374.0,347.0,0.4,0.28,99,100
2026-01-14T12:00,-0.2,-0.3,326.0,251.0,0.57,1.14,100,99
2026-01-14T13:00,-0.3,-0.4,207.0,164.0,1.06,1.12,100,94
2026-01-14T14:00,-0.7,-0.5,92.0,105.0,1.46,1.12,100,86
2026-01-14T15:00,-1.0,-0.8,17.0,28.0,1.74,1.28,99,85
2026-01-14T16:00,-1.2,-1.2,0.0,0.0,2.77,1.77,98,100
2026-01-14T17:00,-1.5,-1.5,0.0,0.0,3.78,2.75,100,88
2026-01-14T18:00,-1.6,-2.1,0.0,0.0,4.96,3.94,100,99
2026-01-14T19:00,-1.9,-2.0,0.0,0.0,5.64,4.87,100,98
2026-01-14T20:00,-2.2,-2.1,0.0,0.0,6.46,6.05,100,94
2026-01-14T21:00,-2.3,-2.0,0.0,0.0,6.57,6.4,100,100
2026-01-14T22:00,-2.3,-1.9,0.0,0.0,6.88,6.63,96,95
2026-01-14T23:00,-2.4,-1.7,0.0,0.0,7.19,7.1,97,100
2026-01-15T00:00,-2.5,-2.4,0.0,0.0,7.04,7.39,88,91
2026-01-15T01:00,-2.5,-2.3,0.0,0.0,7.61,7.87,100,78
2026-01-15T02:00,-2.3,-2.3,0.0,0.0,7.94,8.44,89,13
2026-01-15T03:00,-2.1,-2.3,0.0,0.0,8.26,9.13,86,36
2026-01-15T04:00,-2.0,-2.2,0.0,0.0,8.52,9.03,52,43
2026-01-15T05:00,-1.7,-2.1,0.0,0.0,9.03,8.75,56,50
2026-01-15T06:00,-1.9,-1.5,0.0,0.0,8.13,8.26,73,93
2026-01-15T07:00,-1.4,-1.0,49.0,43.0,6.76,8.28,56,58
2026-01-15T08:00,-0.2,0.2,157.0,149.0,5.59,7.78,50,45
2026-01-15T09:00,0.9,1.4,266.0,256.0,3.45,5.93,33,47
2026-01-15T10:00,1.6,2.1,345.0,325.0,0.81,4.52,21,45
2026-01-15T11:00,1.6,2.7,367.0,353.0,2.6,4.13,24,36
2026-01-15T12:00,3.0,3.2,330.0,290.0,1.67,1.23,36,59
2026-01-15T13:00,2.6,3.1,249.0,224.0,2.65,0.53,32,44
2026-01-15T14:00,1.8,2.3,143.0,137.0,3.46,2.56,23,45
2026-01-15T15:00,0.4,0.9,33.0,31.0,4.63,3.92,14,32
2026-01-15T16:00,-0.2,0.3,0.0,0.0,5.77,5.57,36,45
2026-01-15T17:00,-0.5,0.0,0.0,0.0,6.94,6.58,55,69
2026-01-15T18:00,-0.5,-0.2,0.0,0.0,7.72,7.57,88,100
2026-01-15T19:00,-0.5,-0.2,0.0,0.0,7.87,7.69,98,100
2026-01-15T20:00,-0.4,-0.2,0.0,0.0,7.16,7.23,100,98
2026-01-15T21:00,-0.3,-0.2,0.0,0.0,7.16,6.84,100,100
2026-01-15T22:00,-0.4,-0.2,0.0,0.0,6.9,7.18,100,97
2026-01-15T23:00,-0.5,-0.3,0.0,0.0,6.86,7.69,100,100
2026-01-16T00:00,-1.1,-0.1,0.0,0.0,8.53,7.84,100,100
2026-01-16T01:00,-1.0,-0.2,0.0,0.0,8.7,7.94,100,100
2026-01-16T02:00,-1.1,-0.3,0.0,0.0,8.13,7.67,100,100
2026-01-16T03:00,-1.2,-0.5,0.0,0.0,7.63,8.33,100,100
2026-01-16T04:00,-1.4,-0.7,0.0,0.0,9.04,8.37,100,100
2026-01-16T05:00,-2.0,-1.1,0.0,0.0,9.21,8.59,100,98
2026-01-16T06:00,-2.6,-2.1,0.0,0.0,8.84,9.07,99,100
2026-01-16T07:00,-2.9,-2.6,17.0,16.0,9.05,8.68,100,98
2026-01-16T08:00,-3.4,-2.8,45.0,54.0,9.05,8.24,99,98
2026-01-16T09:00,-3.8,-3.0,82.0,95.0,8.12,8.0,99,100
2026-01-16T10:00,-3.7,-3.1,127.0,111.0,7.35,7.8,100,98
2026-01-16T11:00,-3.7,-2.8,126.0,121.0,6.72,7.69,98,100
2026-01-16T12:00,-3.5,-2.8,128.0,107.0,6.59,8.13,97,97
2026-01-16T13:00,-2.9,-2.5,110.0,98.0,6.66,8.18,100,96
2026-01-16T14:00,-3.0,-2.5,67.0,75.0,6.53,8.0,91,95
2026-01-16T15:00,-3.5,-2.8,20.0,19.0,6.27,7.6,88,99
2026-01-16T16:00,-3.6,-3.0,0.0,0.0,6.37,7.68,100,100
2026-01-16T17:00,-3.3,-3.0,0.0,0.0,6.14,7.54,100,100
2026-01-16T18:00,-4.5,-3.2,0.0,0.0,5.87,6.49,9,98
2026-01-16T19:00,-5.6,-3.4,0.0,0.0,7.13,6.59,0,95
2026-01-16T20:00,-6.2,-4.3,0.0,0.0,6.94,7.34,0,14
2026-01-16T21:00,-6.5,-5.3,0.0,0.0,6.08,7.97,0,0
2026-01-16T22:00,-7.4,-6.0,0.0,0.0,5.11,7.63,0,0
2026-01-16T23:00,-7.9,-6.4,0.0,0.0,3.97,7.04,0,0
2026-01-17T00:00,-7.6,-8.1,0.0,0.0,3.99,5.97,0,0
2026-01-17T01:00,-7.7,-8.8,0.0,0.0,4.08,5.48,0,0
2026-01-17T02:00,-7.8,-9.3,0.0,0.0,4.17,5.3,0,0
2026-01-17T03:00,-7.9,-9.9,0.0,0.0,4.29,5.4,0,0
2026-01-17T04:00,-8.0,-10.1,0.0,0.0,4.38,5.87,0,0
2026-01-17T05:00,-8.1,-10.3,0.0,0.0,4.12,5.98,0,0
2026-01-17T06:00,-8.1,-10.4,1.0,1.0,4.3,5.11,0,0
2026-01-17T07:00,-7.6,-9.5,61.0,61.0,3.86,5.37,0,0
2026-01-17T08:00,-6.0,-6.9,186.0,186.0,3.43,5.01,0,3
2026-01-17T09:00,-4.6,-5.0,301.0,298.0,1.85,3.54,0,12
2026-01-17T10:00,-3.6,-3.8,377.0,372.0,1.69,2.36,0,28
2026-01-17T11:00,-2.9,-3.0,400.0,398.0,1.77,2.39,0,28
2026-01-17T12:00,-2.1,-2.5,369.0,374.0,0.71,2.61,0,0
2026-01-17T13:00,-2.0,-2.5,287.0,291.0,0.84,2.76,0,0
2026-01-17T14:00,-2.1,-2.7,165.0,168.0,0.79,3.22,0,0
2026-01-17T15:00,-2.6,-3.8,41.0,41.0,1.27,3.78,0,0
2026-01-17T16:00,-3.3,-4.8,0.0,0.0,2.2,4.87,0,0
2026-01-17T17:00,-4.1,-5.6,0.0,0.0,3.77,6.18,1,0
2026-01-17T18:00,-4.8,-5.7,0.0,0.0,5.97,7.65,14,0
2026-01-17T19:00,-5.1,-6.4,0.0,0.0,7.91,6.98,48,42
2026-01-17T20:00,-6.2,-6.7,0.0,0.0,7.9,7.63,46,58
2026-01-17T21:00,-7.2,-6.3,0.0,0.0,8.25,7.94,40,100
2026-01-17T22:00,-7.8,-6.5,0.0,0.0,7.73,7.89,81,83
2026-01-17T23:00,-8.0,-6.8,0.0,0.0,8.08,6.97,80,100
2026-01-18T00:00,-8.6,-7.0,0.0,0.0,7.75,7.59,68,82
2026-01-18T01:00,-8.7,-7.2,0.0,0.0,7.55,7.56,63,72
2026-01-18T02:00,-8.8,-7.3,0.0,0.0,7.05,7.34,65,67
2026-01-18T03:00,-9.0,-7.5,0.0,0.0,6.97,7.31,64,69
2026-01-18T04:00,-9.1,-7.6,0.0,0.0,6.88,7.97,63,77
2026-01-18T05:00,-9.2,-7.9,0.0,0.0,6.54,7.6,71,66
2026-01-18T06:00,-10.3,-7.9,1.0,1.0,6.59,5.75,65,78
2026-01-18T07:00,-9.9,-7.8,59.0,52.0,5.66,5.28,31,68
2026-01-18T08:00,-9.0,-7.3,181.0,162.0,4.41,5.11,41,67
2026-01-18T09:00,-8.0,-6.5,286.0,255.0,4.43,4.3,59,69
2026-01-18T10:00,-7.1,-5.7,304.0,317.0,4.08,4.61,85,69
2026-01-18T11:00,-6.6,-5.3,233.0,258.0,3.99,4.51,100,100
2026-01-18T12:00,-5.1,-5.1,338.0,301.0,3.33,5.11,39,99
2026-01-18T13:00,-4.8,-4.9,266.0,155.0,3.55,4.08,64,100
2026-01-18T14:00,-4.8,-4.9,149.0,107.0,3.53,3.8,57,60
2026-01-18T15:00,-5.3,-5.3,39.0,39.0,3.46,3.9,37,63
2026-01-18T16:00,-5.9,-5.7,0.0,0.0,3.43,2.91,30,78
2026-01-18T17:00,-6.6,-5.8,0.0,0.0,3.06,2.52,65,82
2026-01-18T18:00,-5.9,-6.3,0.0,0.0,2.82,3.55,100,74
2026-01-18T19:00,-5.8,-6.4,0.0,0.0,2.46,3.22,100,76
2026-01-18T20:00,-5.7,-6.3,0.0,0.0,2.72,2.68,100,86
2026-01-18T21:00,-5.7,-6.3,0.0,0.0,2.7,2.39,100,99
2026-01-18T22:00,-5.6,-6.2,0.0,0.0,2.64,2.51,94,100
2026-01-18T23:00,-5.7,-6.0,0.0,0.0,2.72,2.36,100,100
2026-01-19T00:00,-7.4,-5.8,0.0,0.0,6.45,3.86,85,99
2026-01-19T01:00,-7.5,-5.9,0.0,0.0,6.31,3.51,84,100
2026-01-19T02:00,-7.6,-5.9,0.0,0.0,5.55,3.08,84,95
2026-01-19T03:00,-7.7,-5.8,0.0,0.0,5.07,3.06,88,97
2026-01-19T04:00,-7.7,-5.9,0.0,0.0,4.59,2.87,91,98
2026-01-19T05:00,-7.9,-5.8,0.0,0.0,4.33,2.76,73,100
2026-01-19T06:00,-8.1,-6.8,1.0,1.0,3.48,4.35,79,95
2026-01-19T07:00,-7.8,-6.3,50.0,34.0,2.45,3.68,89,88
2026-01-19T08:00,-7.2,-5.5,139.0,112.0,1.06,2.86,82,86
2026-01-19T09:00,-6.3,-4.7,219.0,183.0,0.89,2.35,87,76
2026-01-19T10:00,-5.4,-4.1,268.0,228.0,1.41,2.95,85,87
2026-01-19T11:00,-4.6,-3.7,287.0,206.0,2.06,2.7,72,100
2026-01-19T12:00,-3.8,-2.5,209.0,299.0,2.36,2.31,85,72
2026-01-19T13:00,-3.4,-2.3,177.0,221.0,2.37,2.19,91,80
2026-01-19T14:00,-3.3,-2.2,106.0,107.0,2.16,2.37,73,100
2026-01-19T15:00,-3.5,-2.3,30.0,25.0,1.5,2.33,78,91
2026-01-19T16:00,-3.8,-2.9,0.0,0.0,1.61,2.42,75,66
2026-01-19T17:00,-4.2,-3.4,0.0,0.0,1.69,2.83,78,92
2026-01-19T18:00,-5.6,-4.5,0.0,0.0,3.45,3.92,25,30
2026-01-19T19:00,-6.1,-5.1,0.0,0.0,3.83,3.94,0,34
2026-01-19T20:00,-6.5,-5.4,0.0,0.0,4.17,4.09,0,37
2026-01-19T21:00,-6.8,-5.8,0.0,0.0,4.34,3.65,0,12
2026-01-19T22:00,-7.1,-6.4,0.0,0.0,4.51,3.82,0,12
2026-01-19T23:00,-7.3,-6.8,0.0,0.0,4.95,4.41,0,2
2026-01-20T00:00,-7.7,-8.0,0.0,0.0,5.91,5.06,0,0
2026-01-20T01:00,-8.0,-8.1,0.0,0.0,6.09,5.89,0,0
2026-01-20T02:00,-8.2,-8.3,0.0,0.0,6.5,6.3,0,0
2026-01-20T03:00,-8.3,-8.4,0.0,0.0,6.82,6.63,0,0
2026-01-20T04:00,-8.4,-8.5,0.0,0.0,6.9,6.73,0,0
2026-01-20T05:00,-8.5,-8.6,0.0,0.0,6.85,6.85,0,0
2026-01-20T06:00,-8.1,-8.7,1.0,1.0,7.23,6.33,0,0
2026-01-20T07:00,-7.3,-8.0,63.0,62.0,7.08,6.04,0,0
2026-01-20T08:00,-5.4,-6.1,188.0,188.0,6.92,5.86,0,0
2026-01-20T09:00,-3.4,-4.1,304.0,304.0,5.39,4.93,0,0
2026-01-20T10:00,-1.7,-2.3,381.0,381.0,3.21,3.02,0,0
2026-01-20T11:00,-0.8,-1.3,406.0,406.0,3.02,2.07,0,0
2026-01-20T12:00,-0.3,-0.5,375.0,377.0,2.72,1.96,0,0
2026-01-20T13:00,-0.1,-0.4,293.0,294.0,2.56,1.67,0,0
2026-01-20T14:00,-0.4,-0.9,172.0,174.0,3.05,1.49,0,0
2026-01-20T15:00,-1.1,-1.5,46.0,47.0,3.95,1.62,0,0
2026-01-20T16:00,-2.0,-2.8,0.0,0.0,3.74,1.18,0,0
2026-01-20T17:00,-2.9,-3.8,0.0,0.0,3.19,1.5,0,0
2026-01-20T18:00,-3.9,-4.6,0.0,0.0,2.71,2.48,0,0
2026-01-20T19:00,-4.6,-5.3,0.0,0.0,2.94,2.91,0,0
2026-01-20T20:00,-5.0,-5.7,0.0,0.0,3.09,2.94,0,0
2026-01-20T21:00,-5.3,-6.1,0.0,0.0,2.75,2.26,0,0
2026-01-20T22:00,-5.6,-6.4,0.0,0.0,2.2,3.29,0,0
2026-01-20T23:00,-5.8,-6.5,0.0,0.0,2.32,4.99,0,0
2026-01-21T00:00,-7.4,-6.9,0.0,0.0,3.73,4.06,3,0
2026-01-21T01:00,-7.7,-7.0,0.0,0.0,4.61,4.91,0,0
2026-01-21T02:00,-7.9,-7.4,0.0,0.0,5.3,5.19,0,0
2026-01-21T03:00,-8.2,-7.7,0.0,0.0,4.88,4.59,9,7
2026-01-21T04:00,-8.6,-7.9,0.0,0.0,4.4,4.25,17,14
2026-01-21T05:00,-8.8,-8.2,0.0,0.0,4.27,4.06,22,44
2026-01-21T06:00,-9.8,-7.6,1.0,1.0,3.75,5.7,60,55
2026-01-21T07:00,-8.8,-7.0,66.0,65.0,4.13,5.68,92,83
2026-01-21T08:00,-6.5,-5.1,189.0,188.0,3.73,5.7,87,100
2026-01-21T09:00,-4.1,-2.9,301.0,292.0,3.84,5.31,87,100
2026-01-21T10:00,-2.1,-1.2,387.0,364.0,3.53,4.71,43,95
2026-01-21T11:00,-0.8,-0.1,414.0,401.0,2.5,2.83,37,40
2026-01-21T12:00,0.6,0.6,340.0,364.0,3.4,2.73,100,65
2026-01-21T13:00,0.8,0.9,272.0,294.0,3.43,3.73,56,73
2026-01-21T14:00,0.5,0.6,173.0,173.0,4.4,4.61,55,50
2026-01-21T15:00,-0.3,-0.0,48.0,47.0,5.13,5.68,55,100
2026-01-21T16:00,-0.8,-0.4,0.0,0.0,5.82,6.04,100,100
2026-01-21T17:00,-1.2,-1.0,0.0,0.0,5.94,6.28,90,98
2026-01-21T18:00,-2.4,-1.1,0.0,0.0,6.2,5.21,100,99
2026-01-21T19:00,-2.4,-1.5,0.0,0.0,5.38,5.68,100,100
2026-01-21T20:00,-2.4,-1.5,0.0,0.0,5.89,5.9,77,84
2026-01-21T21:00,-2.4,-1.7,0.0,0.0,5.65,5.52,76,78
2026-01-21T22:00,-2.7,-1.8,0.0,0.0,5.28,5.31,73,89
2026-01-21T23:00,-2.8,-1.8,0.0,0.0,5.15,5.2,95,91
2026-01-22T00:00,-2.0,-2.5,0.0,0.0,6.07,5.31,100,100
2026-01-22T01:00,-1.8,-2.2,0.0,0.0,5.82,5.33,100,100
2026-01-22T02:00,-1.5,-1.8,0.0,0.0,5.59,5.3,100,100
2026-01-22T03:00,-1.4,-1.6,0.0,0.0,5.88,5.44,100,100
2026-01-22T04:00,-1.2,-1.2,0.0,0.0,5.38,5.89,100,100
2026-01-22T05:00,-1.1,-1.0,0.0,0.0,5.77,6.04,100,99
2026-01-22T06:00,-0.8,-0.8,0.0,0.0,6.3,6.27,100,100
2026-01-22T07:00,-0.6,-0.5,17.0,16.0,6.65,6.21,100,100
2026-01-22T08:00,0.1,-0.1,64.0,43.0,5.72,6.53,98,100
2026-01-22T09:00,0.6,0.4,90.0,89.0,4.53,5.75,98,100
2026-01-22T10:00,0.9,0.6,127.0,111.0,3.83,5.04,100,100
2026-01-22T11:00,1.2,0.6,134.0,84.0,3.33,4.45,100,100
2026-01-22T12:00,0.8,0.8,110.0,77.0,4.09,3.69,100,100
2026-01-22T13:00,0.8,0.8,72.0,60.0,3.51,2.95,100,100
2026-01-22T14:00,0.7,0.7,44.0,38.0,3.04,2.65,100,100
2026-01-22T15:00,0.6,0.6,14.0,11.0,1.69,1.67,100,100
2026-01-22T16:00,0.5,0.5,0.0,0.0,0.69,0.77,100,100
2026-01-22T17:00,0.4,0.4,0.0,0.0,0.77,0.71,100,100
2026-01-22T18:00,0.1,0.2,0.0,0.0,2.86,2.54,100,100
2026-01-22T19:00,0.0,0.1,0.0,0.0,3.71,3.67,100,100
2026-01-22T20:00,-0.1,0.1,0.0,0.0,3.23,3.34,100,100
2026-01-22T21:00,-0.2,0.0,0.0,0.0,2.46,2.95,100,100
2026-01-22T22:00,-0.3,-0.0,0.0,0.0,2.73,3.54,100,100
2026-01-22T23:00,-0.4,-0.0,0.0,0.0,3.5,3.56,100,100
2026-01-23T00:00,0.1,-0.2,0.0,0.0,3.64,2.57,100,100
2026-01-23T01:00,-0.1,-0.3,0.0,0.0,3.77,3.37,100,100
2026-01-23T02:00,-0.1,-0.4,0.0,0.0,3.43,3.41,100,100
2026-01-23T03:00,-0.2,-0.4,0.0,0.0,3.66,3.42,100,100
2026-01-23T04:00,-0.3,-0.3,0.0,0.0,3.86,3.19,100,100
2026-01-23T05:00,-0.4,-0.3,0.0,0.0,4.22,3.07,100,100
2026-01-23T06:00,-0.1,-0.1,1.0,1.0,4.02,2.36,100,100
2026-01-23T07:00,-0.1,0.0,16.0,22.0,3.92,2.18,100,100
2026-01-23T08:00,0.0,0.2,47.0,53.0,4.04,1.97,100,100
2026-01-23T09:00,0.2,0.5,78.0,83.0,3.83,1.79,100,100
2026-01-23T10:00,0.4,0.7,93.0,78.0,3.53,0.96,100,100
2026-01-23T11:00,0.6,0.9,97.0,95.0,3.05,0.96,100,100
2026-01-23T12:00,1.1,0.8,95.0,164.0,1.82,1.46,100,94
2026-01-23T13:00,1.3,1.0,69.0,169.0,1.12,1.43,100,83
2026-01-23T14:00,1.2,1.0,38.0,115.0,0.66,1.55,99,73
2026-01-23T15:00,1.0,0.5,14.0,35.0,0.78,2.08,98,88
2026-01-23T16:00,0.6,0.4,0.0,0.0,0.31,2.54,100,100
2026-01-23T17:00,0.4,0.4,0.0,0.0,1.12,2.54,99,98
2026-01-23T18:00,0.8,0.0,0.0,0.0,2.42,0.5,100,100
2026-01-23T19:00,0.6,0.0,0.0,0.0,2.72,1.14,100,100
2026-01-23T20:00,0.5,0.0,0.0,0.0,2.88,2.01,100,100
2026-01-23T21:00,0.4,0.0,0.0,0.0,2.75,2.08,100,100
2026-01-23T22:00,0.3,0.1,0.0,0.0,2.29,2.22,100,100
2026-01-23T23:00,0.3,0.1,0.0,0.0,2.15,2.08,99,100
2026-01-24T00:00,0.2,0.3,0.0,0.0,1.58,1.77,99,96
2026-01-24T01:00,0.1,0.2,0.0,0.0,1.79,1.89,98,97
2026-01-24T02:00,0.1,0.1,0.0,0.0,1.31,2.02,98,100
2026-01-24T03:00,0.1,0.1,0.0,0.0,0.31,2.08,100,100
2026-01-24T04:00,0.1,0.1,0.0,0.0,0.9,1.96,99,98
2026-01-24T05:00,0.1,0.1,0.0,0.0,0.79,1.4,100,99
2026-01-24T06:00,-0.0,0.1,1.0,1.0,2.21,1.85,97,100
2026-01-24T07:00,0.0,0.3,37.0,22.0,2.75,0.93,100,100
2026-01-24T08:00,0.4,0.6,86.0,54.0,1.81,0.79,100,100
2026-01-24T09:00,1.0,1.0,137.0,86.0,0.89,1.31,97,100
2026-01-24T10:00,1.7,1.5,207.0,125.0,0.88,0.97,94,100
2026-01-24T11:00,2.2,2.3,192.0,169.0,0.81,1.0,96,100
2026-01-24T12:00,3.0,2.7,231.0,194.0,0.53,0.9,85,99
2026-01-24T13:00,3.2,2.9,157.0,169.0,0.44,1.12,90,98
2026-01-24T14:00,3.2,2.7,97.0,98.0,1.2,1.33,81,97
2026-01-24T15:00,2.5,2.1,33.0,32.0,2.37,1.36,79,91
2026-01-24T16:00,1.9,1.6,0.0,0.0,2.36,1.33,86,92
2026-01-24T17:00,1.8,1.3,0.0,0.0,2.37,1.31,100,89
2026-01-24T18:00,1.4,1.7,0.0,0.0,1.87,1.8,100,100
2026-01-24T19:00,1.0,1.2,0.0,0.0,0.98,1.77,100,100
2026-01-24T20:00,0.7,0.8,0.0,0.0,0.79,1.5,100,100
2026-01-24T21:00,0.7,0.7,0.0,0.0,1.55,2.04,100,100
2026-01-24T22:00,0.6,0.8,0.0,0.0,1.8,1.8,99,100
2026-01-24T23:00,0.5,0.9,0.0,0.0,1.18,2.26,96,98
2026-01-25T00:00,0.5,1.1,0.0,0.0,1.69,2.86,97,100
2026-01-25T01:00,0.4,1.0,0.0,0.0,0.75,3.19,84,97
2026-01-25T02:00,0.3,0.9,0.0,0.0,0.63,1.85,84,92
2026-01-25T03:00,0.2,0.8,0.0,0.0,1.39,0.84,90,97
2026-01-25T04:00,0.3,0.7,0.0,0.0,1.87,0.49,98,97
2026-01-25T05:00,0.4,0.7,0.0,0.0,1.94,0.66,90,91
2026-01-25T06:00,0.1,0.7,2.0,1.0,2.77,1.47,83,77
2026-01-25T07:00,0.3,0.6,51.0,49.0,2.01,2.15,88,70
2026-01-25T08:00,1.1,1.5,148.0,152.0,2.47,2.63,66,53
2026-01-25T09:00,2.2,2.6,269.0,258.0,2.15,2.45,42,54
2026-01-25T10:00,3.2,4.1,349.0,317.0,0.88,0.75,71,54
2026-01-25T11:00,4.4,5.2,351.0,334.0,0.31,1.18,66,58
2026-01-25T12:00,2.4,5.6,163.0,325.0,0.4,0.22,100,56
2026-01-25T13:00,2.6,6.3,108.0,265.0,1.06,1.31,100,42
2026-01-25T14:00,2.6,6.5,70.0,162.0,1.58,1.98,100,65
2026-01-25T15:00,2.2,5.6,27.0,50.0,3.54,2.36,100,36
2026-01-25T16:00,1.5,4.3,0.0,0.0,4.53,2.85,100,71
2026-01-25T17:00,1.2,3.3,0.0,0.0,5.21,4.66,100,83
2026-01-25T18:00,1.2,2.7,0.0,0.0,5.92,4.98,100,100
2026-01-25T19:00,1.1,2.4,0.0,0.0,7.35,5.02,100,92
2026-01-25T20:00,1.2,2.3,0.0,0.0,7.73,6.01,96,100
2026-01-25T21:00,1.3,2.1,0.0,0.0,7.73,6.62,100,100
2026-01-25T22:00,1.4,2.1,0.0,0.0,8.56,7.13,100,100
2026-01-25T23:00,1.6,2.1,0.0,0.0,9.3,7.5,100,90
2026-01-26T00:00,1.4,2.2,0.0,0.0,9.35,9.58,100,100
2026-01-26T01:00,1.6,2.5,0.0,0.0,9.62,9.54,100,100
2026-01-26T02:00,1.7,2.8,0.0,0.0,9.65,9.15,100,100
2026-01-26T03:00,1.8,3.0,0.0,0.0,9.93,9.04,100,100
2026-01-26T04:00,2.0,3.1,0.0,0.0,9.92,9.35,100,100
2026-01-26T05:00,2.1,3.3,0.0,0.0,10.03,9.64,100,100
2026-01-26T06:00,2.3,3.0,1.0,0.0,10.1,9.17,100,100
2026-01-26T07:00,2.5,3.3,17.0,10.0,9.6,9.11,100,100
2026-01-26T08:00,3.0,3.7,37.0,27.0,9.77,9.63,100,100
2026-01-26T09:00,3.5,4.5,37.0,64.0,9.73,8.96,100,100
2026-01-26T10:00,4.0,5.2,43.0,35.0,9.81,9.95,100,100
2026-01-26T11:00,4.6,6.5,63.0,56.0,9.91,10.48,100,100
2026-01-26T12:00,5.4,8.7,59.0,74.0,10.37,10.83,100,100
2026-01-26T13:00,6.2,9.6,45.0,61.0,11.19,10.39,100,100
2026-01-26T14:00,6.8,9.8,34.0,40.0,11.62,10.25,100,100
2026-01-26T15:00,6.9,9.8,12.0,15.0,10.92,10.83,100,100
2026-01-26T16:00,6.7,9.5,0.0,0.0,10.06,11.35,100,100
2026-01-26T17:00,6.5,9.3,0.0,0.0,10.35,11.25,100,100
2026-01-26T18:00,5.5,7.3,0.0,0.0,10.72,9.79,100,100
2026-01-26T19:00,5.5,6.9,0.0,0.0,10.66,9.42,100,99
2026-01-26T20:00,5.5,6.5,0.0,0.0,10.81,9.11,100,100
2026-01-26T21:00,5.1,6.2,0.0,0.0,11.62,9.32,100,100
2026-01-26T22:00,5.1,6.0,0.0,0.0,12.35,9.85,97,100
2026-01-26T23:00,5.0,5.8,0.0,0.0,10.65,10.01,100,100
2026-01-27T00:00,5.4,5.3,0.0,0.0,10.4,9.76,100,100
2026-01-27T01:00,5.2,5.3,0.0,0.0,9.38,9.35,100,100
2026-01-27T02:00,4.9,5.2,0.0,0.0,9.03,9.33,100,100
2026-01-27T03:00,4.7,5.2,0.0,0.0,8.59,8.89,100,100
2026-01-27T04:00,4.4,5.2,0.0,0.0,8.77,9.13,100,100
2026-01-27T05:00,4.3,5.2,0.0,0.0,7.85,8.64,100,100
2026-01-27T06:00,4.5,4.9,0.0,1.0,8.62,6.4,100,100
2026-01-27T07:00,4.4,4.8,8.0,8.0,7.34,5.23,100,100
2026-01-27T08:00,4.4,4.7,20.0,15.0,6.69,4.45,100,100
2026-01-27T09:00,4.4,4.7,35.0,27.0,5.8,3.26,100,100
2026-01-27T10:00,4.5,4.7,46.0,37.0,5.06,1.83,100,100
2026-01-27T11:00,4.7,4.7,75.0,57.0,3.38,1.27,100,100
2026-01-27T12:00,4.6,4.2,48.0,52.0,4.39,1.67,100,100
2026-01-27T13:00,4.6,4.1,44.0,42.0,3.21,1.69,100,100
2026-01-27T14:00,4.5,4.2,23.0,39.0,2.6,1.9,100,100
2026-01-27T15:00,4.3,4.1,11.0,17.0,1.55,3.05,100,99
2026-01-27T16:00,4.1,3.9,0.0,0.0,0.81,3.76,100,96
2026-01-27T17:00,3.9,3.7,0.0,0.0,0.69,4.27,100,93
2026-01-27T18:00,3.6,3.1,0.0,0.0,1.69,3.14,100,100
2026-01-27T19:00,3.5,3.0,0.0,0.0,2.7,1.88,100,98
2026-01-27T20:00,3.5,2.9,0.0,0.0,2.76,3.16,100,98
2026-01-27T21:00,3.5,2.7,0.0,0.0,3.72,4.53,100,97
2026-01-27T22:00,3.5,2.7,0.0,0.0,4.35,4.61,100,98
2026-01-27T23:00,3.5,2.7,0.0,0.0,5.4,4.8,99,92
2026-01-28T00:00,3.2,3.0,0.0,0.0,6.51,4.86,99,98
2026-01-28T01:00,3.2,2.7,0.0,0.0,6.04,5.4,100,96
2026-01-28T02:00,3.2,2.6,0.0,0.0,5.13,5.13,97,100
2026-01-28T03:00,3.0,2.6,0.0,0.0,6.45,5.35,100,96
2026-01-28T04:00,2.8,2.6,0.0,0.0,4.82,5.56,97,96
2026-01-28T05:00,2.3,2.6,0.0,0.0,4.43,5.75,100,96
2026-01-28T06:00,2.1,2.9,2.0,1.0,5.57,5.52,97,98
2026-01-28T07:00,2.4,3.1,51.0,48.0,4.79,4.0,79,72
2026-01-28T08:00,3.4,3.9,166.0,164.0,5.04,3.94,71,64
2026-01-28T09:00,4.6,5.0,296.0,291.0,2.98,1.98,44,53
2026-01-28T10:00,6.2,6.5,399.0,388.0,2.69,2.64,28,15
2026-01-28T11:00,7.6,7.8,420.0,436.0,3.21,2.64,94,14
2026-01-28T12:00,8.4,8.7,409.0,400.0,3.61,2.5,43,66
2026-01-28T13:00,8.9,9.1,326.0,280.0,2.91,2.42,44,100
2026-01-28T14:00,8.8,9.0,195.0,148.0,2.36,2.24,96,100
2026-01-28T15:00,8.0,8.3,58.0,49.0,1.63,2.06,90,100
2026-01-28T16:00,7.1,7.5,1.0,1.0,1.0,1.06,94,100
2026-01-28T17:00,6.4,7.0,0.0,0.0,0.53,0.22,90,88
2026-01-28T18:00,5.2,5.9,0.0,0.0,1.48,1.89,100,100
2026-01-28T19:00,4.3,5.4,0.0,0.0,2.75,2.48,96,100
2026-01-28T20:00,4.3,4.9,0.0,0.0,4.08,3.72,99,100
2026-01-28T21:00,4.2,4.7,0.0,0.0,4.31,3.43,83,93
2026-01-28T22:00,3.7,4.4,0.0,0.0,3.04,1.1,88,100
2026-01-28T23:00,3.2,4.1,0.0,0.0,2.07,0.69,100,100
2026-01-29T00:00,3.3,3.9,0.0,0.0,0.71,1.71,100,59
2026-01-29T01:00,3.3,3.4,0.0,0.0,0.62,1.67,100,84
2026-01-29T02:00,3.6,3.2,0.0,0.0,1.43,1.29,98,100
2026-01-29T03:00,3.3,3.0,0.0,0.0,1.33,1.8,85,100
2026-01-29T04:00,3.0,2.9,0.0,0.0,2.29,1.77,48,92
2026-01-29T05:00,2.6,2.5,0.0,0.0,2.16,1.87,36,4
2026-01-29T06:00,3.0,2.5,3.0,3.0,2.52,1.75,39,53
2026-01-29T07:00,3.4,2.8,75.0,68.0,1.86,1.63,53,49
2026-01-29T08:00,4.5,4.2,189.0,175.0,1.5,1.77,97,81
2026-01-29T09:00,6.4,6.3,263.0,272.0,0.6,0.97,100,48
2026-01-29T10:00,8.2,8.5,304.0,361.0,1.24,0.84,100,51
2026-01-29T11:00,9.3,10.1,299.0,399.0,2.65,0.79,100,43
2026-01-29T12:00,10.9,11.3,281.0,393.0,1.77,0.44,100,96
2026-01-29T13:00,11.1,11.6,204.0,289.0,2.75,0.96,79,100
2026-01-29T14:00,10.9,11.4,141.0,182.0,3.77,1.96,90,52
2026-01-29T15:00,9.8,10.3,54.0,67.0,6.48,4.23,100,36
2026-01-29T16:00,8.8,8.7,1.0,1.0,10.11,7.93,100,35
2026-01-29T17:00,6.6,6.3,0.0,0.0,9.16,8.29,98,69
2026-01-29T18:00,4.6,5.7,0.0,0.0,10.16,8.65,99,100
2026-01-29T19:00,4.4,4.7,0.0,0.0,9.96,8.4,100,100
2026-01-29T20:00,4.3,4.2,0.0,0.0,9.99,10.34,99,100
2026-01-29T21:00,4.4,4.1,0.0,0.0,10.07,10.06,100,100
2026-01-29T22:00,4.3,4.0,0.0,0.0,10.22,10.19,100,100
2026-01-29T23:00,4.2,3.9,0.0,0.0,11.05,9.86,100,100
2026-01-30T00:00,3.9,4.5,0.0,0.0,10.1,12.13,100,100
2026-01-30T01:00,3.9,4.6,0.0,0.0,9.62,13.3,100,100
2026-01-30T02:00,3.9,4.6,0.0,0.0,9.1,12.96,100,100
2026-01-30T03:00,4.0,4.6,0.0,0.0,8.81,12.58,100,100
2026-01-30T04:00,4.0,4.6,0.0,0.0,8.53,11.39,100,100
2026-01-30T05:00,4.0,4.5,0.0,0.0,7.97,9.73,100,100
2026-01-30T06:00,3.1,4.1,1.0,1.0,5.48,6.98,100,100
2026-01-30T07:00,3.2,4.7,34.0,15.0,4.7,9.34,100,100
2026-01-30T08:00,3.5,4.8,45.0,31.0,4.3,6.26,100,100
2026-01-30T09:00,3.9,4.9,51.0,53.0,4.29,3.55,100,100
2026-01-30T10:00,4.6,5.3,87.0,58.0,4.02,5.28,100,99
2026-01-30T11:00,5.2,5.6,113.0,78.0,4.25,3.76,100,100
2026-01-30T12:00,5.6,5.4,129.0,71.0,4.51,1.4,100,100
2026-01-30T13:00,5.8,5.5,91.0,58.0,3.55,1.18,100,100
2026-01-30T14:00,6.0,5.4,76.0,39.0,3.38,1.84,100,100
2026-01-30T15:00,5.8,5.1,32.0,11.0,3.54,2.59,100,99
2026-01-30T16:00,5.4,4.9,1.0,0.0,3.72,3.05,100,100
2026-01-30T17:00,5.1,4.7,0.0,0.0,3.38,3.68,100,100
2026-01-30T18:00,4.9,5.1,0.0,0.0,3.64,5.93,99,99
2026-01-30T19:00,4.8,4.8,0.0,0.0,3.63,5.13,99,100
2026-01-30T20:00,4.6,4.6,0.0,0.0,3.53,3.37,99,100
2026-01-30T21:00,4.4,4.3,0.0,0.0,4.09,1.18,100,98
2026-01-30T22:00,4.3,4.1,0.0,0.0,5.6,3.51,100,100
2026-01-30T23:00,4.1,3.6,0.0,0.0,6.06,4.82,100,100
2026-01-31T00:00,3.5,2.8,0.0,0.0,6.33,5.26,99,99
2026-01-31T01:00,2.9,2.3,0.0,0.0,5.98,5.35,97,99
2026-01-31T02:00,2.6,1.4,0.0,0.0,5.92,6.46,98,99
2026-01-31T03:00,2.2,0.9,0.0,0.0,5.7,5.99,98,100
2026-01-31T04:00,1.9,0.6,0.0,0.0,6.0,6.2,98,100
2026-01-31T05:00,1.4,0.4,0.0,0.0,6.88,5.8,96,99
2026-01-31T06:00,1.1,-0.1,1.0,1.0,6.08,7.15,92,98
2026-01-31T07:00,1.1,-0.2,25.0,19.0,6.06,7.15,95,96
2026-01-31T08:00,0.9,-0.2,55.0,50.0,5.88,6.77,97,96
2026-01-31T09:00,0.9,-0.2,72.0,80.0,5.93,6.67,100,97
2026-01-31T10:00,0.9,0.1,78.0,115.0,5.63,6.41,100,96
2026-01-31T11:00,0.8,0.2,69.0,101.0,5.0,7.34,98,95
2026-01-31T12:00,0.8,1.0,77.0,150.0,5.4,7.66,100,95
2026-01-31T13:00,1.1,1.2,63.0,134.0,5.92,8.01,100,94
2026-01-31T14:00,1.3,1.0,59.0,84.0,5.92,7.79,100,88
2026-01-31T15:00,1.2,0.8,23.0,34.0,5.92,7.73,100,94
2026-01-31T16:00,0.9,0.5,1.0,1.0,6.41,8.06,94,89
2026-01-31T17:00,0.5,0.1,0.0,0.0,7.03,8.4,89,88
2026-01-31T18:00,0.4,0.6,0.0,0.0,6.71,7.46,96,97
2026-01-31T19:00,0.1,0.2,0.0,0.0,6.73,7.83,95,97
2026-01-31T20:00,-0.2,-0.2,0.0,0.0,7.19,8.07,90,97
2026-01-31T21:00,-0.5,-0.5,0.0,0.0,7.9,8.38,93,98
2026-01-31T22:00,-0.9,-0.8,0.0,0.0,7.43,7.87,95,93
2026-01-31T23:00,-1.2,-1.0,0.0,0.0,6.93,7.75,95,98
2026-02-01T00:00,-2.3,-1.5,0.0,0.0,7.89,8.75,100,97
2026-02-01T01:00,-2.6,-1.8,0.0,0.0,8.4,8.15,100,96
2026-02-01T02:00,-2.8,-2.1,0.0,0.0,8.64,8.4,95,96
2026-02-01T03:00,-3.1,-2.3,0.0,0.0,8.49,8.74,86,97
2026-02-01T04:00,-3.4,-2.5,0.0,0.0,8.96,8.7,86,97
2026-02-01T05:00,-3.7,-2.7,0.0,0.0,8.42,8.84,92,95
2026-02-01T06:00,-3.8,-2.4,3.0,2.0,8.65,8.57,92,98
2026-02-01T07:00,-3.8,-2.4,51.0,37.0,9.37,8.46,86,98
2026-02-01T08:00,-3.6,-2.4,141.0,75.0,8.79,8.67,78,99
2026-02-01T09:00,-3.1,-2.3,240.0,118.0,8.83,9.36,80,99
2026-02-01T10:00,-2.6,-2.0,311.0,202.0,8.16,9.6,87,92
2026-02-01T11:00,-2.2,-1.6,349.0,267.0,9.13,8.67,72,96
2026-02-01T12:00,-2.1,-1.5,297.0,328.0,9.47,8.61,91,99
2026-02-01T13:00,-1.9,-1.5,259.0,238.0,9.64,8.99,100,100
2026-02-01T14:00,-2.3,-1.8,118.0,133.0,9.9,9.35,100,100
2026-02-01T15:00,-2.7,-2.3,43.0,51.0,9.9,9.86,100,100
2026-02-01T16:00,-3.3,-2.9,2.0,2.0,10.28,10.22,100,100
2026-02-01T17:00,-3.6,-3.5,0.0,0.0,10.72,10.83,100,100
2026-02-01T18:00,-3.8,-4.3,0.0,0.0,11.52,11.79,100,100
2026-02-01T19:00,-3.9,-4.7,0.0,0.0,10.01,11.84,100,100
2026-02-01T20:00,-4.4,-5.0,0.0,0.0,10.22,11.59,100,100
2026-02-01T21:00,-4.8,-5.1,0.0,0.0,10.58,10.39,100,100
2026-02-01T22:00,-5.0,-5.5,0.0,0.0,10.52,10.94,100,100
2026-02-01T23:00,-5.3,-5.6,0.0,0.0,10.25,11.31,100,100
2026-02-02T00:00,-5.5,-5.5,0.0,0.0,9.29,8.67,100,100
2026-02-02T01:00,-5.6,-5.8,0.0,0.0,8.83,8.51,100,100
2026-02-02T02:00,-5.7,-5.9,0.0,0.0,8.17,8.71,94,99
2026-02-02T03:00,-5.9,-5.9,0.0,0.0,8.45,8.31,96,94
2026-02-02T04:00,-5.7,-5.8,0.0,0.0,7.59,7.92,100,99
2026-02-02T05:00,-5.7,-5.8,0.0,0.0,6.82,7.13,100,94
2026-02-02T06:00,-6.9,-6.1,3.0,2.0,6.61,6.77,95,97
2026-02-02T07:00,-6.5,-5.9,40.0,40.0,6.09,6.47,99,100
2026-02-02T08:00,-5.9,-5.5,102.0,88.0,5.92,6.17,95,100
2026-02-02T09:00,-5.3,-5.1,149.0,137.0,4.95,4.92,96,100
2026-02-02T10:00,-4.7,-4.6,183.0,193.0,3.9,4.87,91,94
2026-02-02T11:00,-4.2,-4.2,227.0,208.0,4.1,4.27,93,92
2026-02-02T12:00,-4.1,-4.4,217.0,218.0,4.79,4.87,93,87
2026-02-02T13:00,-3.8,-4.1,172.0,185.0,4.5,4.06,100,91
2026-02-02T14:00,-3.6,-4.0,103.0,114.0,4.02,3.69,95,88
2026-02-02T15:00,-3.7,-4.2,47.0,50.0,3.74,2.96,93,86
2026-02-02T16:00,-4.1,-4.6,2.0,2.0,2.71,2.26,90,88
2026-02-02T17:00,-4.6,-4.9,0.0,0.0,1.67,1.77,91,85
2026-02-02T18:00,-4.7,-4.3,0.0,0.0,1.87,0.88,87,88
2026-02-02T19:00,-4.9,-4.4,0.0,0.0,1.46,0.62,87,90
2026-02-02T20:00,-5.0,-4.5,0.0,0.0,1.2,0.42,93,93
2026-02-02T21:00,-5.2,-4.5,0.0,0.0,1.14,0.31,92,94
2026-02-02T22:00,-5.4,-4.5,0.0,0.0,0.89,0.42,94,94
2026-02-02T23:00,-5.7,-4.6,0.0,0.0,0.79,0.78,92,97
2026-02-03T00:00,-7.4,-4.7,0.0,0.0,0.5,1.62,90,75
2026-02-03T01:00,-8.0,-4.9,0.0,0.0,0.42,1.04,77,70
2026-02-03T02:00,-8.7,-5.1,0.0,0.0,0.84,0.96,66,62
2026-02-03T03:00,-9.0,-5.5,0.0,0.0,1.28,0.98,62,42
2026-02-03T04:00,-9.4,-5.9,0.0,0.0,1.18,1.52,60,26
2026-02-03T05:00,-9.7,-6.2,0.0,0.0,1.29,1.67,8,15
2026-02-03T06:00,-12.1,-7.0,5.0,5.0,1.1,1.43,41,24
2026-02-03T07:00,-10.2,-6.1,87.0,94.0,0.98,1.12,9,0
2026-02-03T08:00,-6.9,-4.3,223.0,234.0,0.71,1.01,0,0
2026-02-03T09:00,-4.8,-3.2,358.0,357.0,0.79,1.15,0,0
2026-02-03T10:00,-3.5,-2.2,443.0,437.0,0.98,1.18,33,0
2026-02-03T11:00,-2.7,-1.6,458.0,463.0,1.2,1.39,81,0
2026-02-03T12:00,-2.2,-1.4,427.0,434.0,0.69,1.39,68,42
2026-02-03T13:00,-2.1,-1.4,319.0,325.0,1.2,1.9,87,66
2026-02-03T14:00,-2.4,-1.5,187.0,179.0,1.59,1.67,84,76
2026-02-03T15:00,-2.8,-1.7,68.0,69.0,1.88,2.32,85,96
2026-02-03T16:00,-3.5,-2.0,3.0,3.0,2.64,2.79,78,94
2026-02-03T17:00,-3.8,-2.2,0.0,0.0,2.67,3.34,85,90
2026-02-03T18:00,-3.4,-2.5,0.0,0.0,3.19,3.66,74,93
2026-02-03T19:00,-3.7,-2.6,0.0,0.0,3.94,4.08,86,88
2026-02-03T20:00,-3.9,-2.7,0.0,0.0,4.68,5.4,88,73
2026-02-03T21:00,-4.2,-2.6,0.0,0.0,4.85,5.55,46,78
2026-02-03T22:00,-4.4,-2.7,0.0,0.0,5.61,4.97,34,100
2026-02-03T23:00,-4.6,-2.6,0.0,0.0,5.92,5.33,32,99
2026-02-04T00:00,-3.7,-4.1,0.0,0.0,6.49,6.61,43,82
2026-02-04T01:00,-3.9,-4.0,0.0,0.0,7.12,6.9,58,90
2026-02-04T02:00,-3.9,-4.1,0.0,0.0,6.22,7.36,99,63
2026-02-04T03:00,-3.8,-4.1,0.0,0.0,6.27,5.78,100,68
2026-02-04T04:00,-3.7,-4.2,0.0,0.0,6.05,5.88,99,84
2026-02-04T05:00,-3.4,-3.9,0.0,0.0,5.92,7.37,100,88
2026-02-04T06:00,-3.5,-3.8,4.0,3.0,5.35,5.75,97,100
2026-02-04T07:00,-2.7,-2.8,52.0,34.0,5.37,5.7,98,100
2026-02-04T08:00,-1.5,-1.8,125.0,85.0,4.87,4.86,100,100
2026-02-04T09:00,-0.6,-1.0,176.0,136.0,4.39,5.35,100,100
2026-02-04T10:00,-0.1,-0.3,209.0,185.0,4.76,5.19,100,100
2026-02-04T11:00,0.3,0.0,217.0,186.0,4.37,5.19,100,100
2026-02-04T12:00,0.7,0.5,262.0,226.0,3.54,5.26,94,100
2026-02-04T13:00,1.0,0.6,221.0,163.0,3.64,4.97,93,100
2026-02-04T14:00,0.9,0.6,144.0,86.0,4.34,5.87,100,100
2026-02-04T15:00,0.7,0.6,50.0,35.0,4.53,6.86,100,100
2026-02-04T16:00,0.5,0.7,3.0,2.0,4.91,7.94,98,99
2026-02-04T17:00,0.5,0.8,0.0,0.0,5.8,7.58,94,100
2026-02-04T18:00,0.5,0.8,0.0,0.0,6.39,6.97,86,83
2026-02-04T19:00,0.6,0.9,0.0,0.0,5.68,6.86,91,97
2026-02-04T20:00,0.6,1.0,0.0,0.0,6.07,7.2,86,98
2026-02-04T21:00,0.8,1.1,0.0,0.0,7.81,7.39,100,100
2026-02-04T22:00,0.9,1.2,0.0,0.0,7.41,7.33,100,100
2026-02-04T23:00,1.0,1.4,0.0,0.0,8.11,7.47,100,100
2026-02-05T00:00,1.1,1.4,0.0,0.0,7.78,6.89,98,100
2026-02-05T01:00,1.3,1.5,0.0,0.0,7.87,7.4,100,98
2026-02-05T02:00,1.3,1.5,0.0,0.0,7.78,7.45,99,100
2026-02-05T03:00,1.5,1.6,0.0,0.0,8.2,7.06,100,100
2026-02-05T04:00,1.6,1.6,0.0,0.0,8.99,8.34,100,98
2026-02-05T05:00,1.8,1.7,0.0,0.0,9.3,8.8,100,100
2026-02-05T06:00,1.8,1.7,3.0,2.0,9.38,8.52,100,100
2026-02-05T07:00,2.2,1.9,31.0,29.0,9.72,8.64,100,100
2026-02-05T08:00,2.7,2.4,89.0,63.0,9.61,8.86,95,100
2026-02-05T09:00,3.3,3.3,118.0,138.0,9.45,8.77,98,100
2026-02-05T10:00,3.6,4.0,109.0,152.0,9.65,8.58,100,100
2026-02-05T11:00,4.2,4.4,123.0,141.0,10.29,8.39,100,100
2026-02-05T12:00,5.6,4.2,78.0,103.0,10.49,9.17,100,100
2026-02-05T13:00,6.0,4.7,70.0,83.0,10.98,10.36,100,99
2026-02-05T14:00,6.2,5.1,38.0,44.0,10.78,11.04,100,100
2026-02-05T15:00,6.3,5.7,12.0,16.0,10.31,11.37,100,100
2026-02-05T16:00,6.3,5.9,1.0,1.0,10.07,11.34,100,100
2026-02-05T17:00,6.4,6.1,0.0,0.0,10.42,11.31,100,100
2026-02-05T18:00,6.4,4.8,0.0,0.0,8.69,10.26,100,99
2026-02-05T19:00,6.2,4.9,0.0,0.0,7.23,10.27,100,99
2026-02-05T20:00,6.0,4.9,0.0,0.0,6.64,9.86,100,100
2026-02-05T21:00,5.8,4.8,0.0,0.0,5.64,9.84,100,100
2026-02-05T22:00,5.5,4.7,0.0,0.0,4.68,9.67,100,100
2026-02-05T23:00,5.3,4.6,0.0,0.0,3.44,9.04,100,100
2026-02-06T00:00,5.3,4.9,0.0,0.0,2.06,7.37,100,100
2026-02-06T01:00,5.1,4.7,0.0,0.0,1.85,6.57,100,100
2026-02-06T02:00,4.7,4.6,0.0,0.0,0.53,6.9,100,100
2026-02-06T03:00,4.1,4.5,0.0,0.0,2.23,7.16,100,99
2026-02-06T04:00,3.9,4.5,0.0,0.0,2.01,6.66,100,100
2026-02-06T05:00,3.8,4.4,0.0,0.0,0.79,6.1,100,100
2026-02-06T06:00,4.1,2.6,2.0,2.0,0.92,2.56,100,100
2026-02-06T07:00,4.1,2.6,24.0,19.0,0.63,2.69,100,100
2026-02-06T08:00,4.2,2.8,46.0,55.0,2.37,2.55,100,100
2026-02-06T09:00,4.4,3.2,69.0,75.0,2.11,3.07,100,100
2026-02-06T10:00,5.0,3.6,120.0,99.0,0.69,2.02,100,100
2026-02-06T11:00,5.6,4.0,142.0,122.0,0.5,1.67,100,100
2026-02-06T12:00,6.3,6.1,150.0,111.0,1.43,1.58,99,100
2026-02-06T13:00,6.5,6.4,147.0,133.0,1.77,2.18,99,98
2026-02-06T14:00,6.5,6.3,92.0,87.0,1.0,1.52,100,99
2026-02-06T15:00,6.5,6.2,37.0,35.0,1.36,1.43,100,100
2026-02-06T16:00,6.2,5.9,3.0,3.0,2.09,2.14,100,100
2026-02-06T17:00,6.0,5.6,0.0,0.0,2.95,2.79,100,100
2026-02-06T18:00,6.0,5.4,0.0,0.0,4.25,3.59,100,100
2026-02-06T19:00,5.5,5.1,0.0,0.0,4.73,3.76,88,92
2026-02-06T20:00,4.8,4.7,0.0,0.0,5.23,3.56,95,75
2026-02-06T21:00,4.2,4.2,0.0,0.0,5.58,3.13,100,100
2026-02-06T22:00,4.0,3.8,0.0,0.0,5.35,3.19,100,100
2026-02-06T23:00,3.8,3.5,0.0,0.0,4.76,3.61,100,100
2026-02-07T00:00,2.7,4.6,0.0,0.0,3.81,2.36,97,95
2026-02-07T01:00,2.3,4.6,0.0,0.0,3.07,1.8,91,95
2026-02-07T02:00,2.1,4.5,0.0,0.0,2.94,1.08,100,97
2026-02-07T03:00,2.1,4.3,0.0,0.0,2.81,0.35,96,98
2026-02-07T04:00,2.0,4.3,0.0,0.0,1.94,0.88,98,98
2026-02-07T05:00,2.0,4.2,0.0,0.0,1.06,1.02,99,95
2026-02-07T06:00,2.7,3.7,2.0,6.0,1.01,2.85,99,88
2026-02-07T07:00,2.9,4.1,25.0,59.0,1.57,3.35,99,98
2026-02-07T08:00,3.5,5.1,67.0,105.0,1.86,4.38,98,99
2026-02-07T09:00,4.5,6.5,123.0,188.0,2.69,3.5,97,99
2026-02-07T10:00,5.7,7.6,179.0,225.0,2.56,2.91,94,97
2026-02-07T11:00,6.6,8.4,185.0,256.0,3.82,3.55,99,94
2026-02-07T12:00,7.0,6.8,153.0,184.0,4.34,2.57,98,96
2026-02-07T13:00,7.4,7.3,123.0,153.0,4.47,3.2,98,100
2026-02-07T14:00,7.5,7.5,78.0,95.0,4.44,3.88,99,100
2026-02-07T15:00,7.3,7.3,40.0,38.0,4.56,4.47,99,100
2026-02-07T16:00,6.8,6.8,3.0,3.0,5.19,4.54,99,100
2026-02-07T17:00,6.4,6.3,0.0,0.0,5.66,5.17,95,100
2026-02-07T18:00,5.6,5.9,0.0,0.0,6.23,5.42,98,99
2026-02-07T19:00,5.3,5.7,0.0,0.0,5.92,6.23,94,100
2026-02-07T20:00,5.2,5.6,0.0,0.0,6.07,5.83,100,100
2026-02-07T21:00,4.7,5.3,0.0,0.0,6.06,5.61,100,100
2026-02-07T22:00,4.4,5.1,0.0,0.0,6.62,5.59,100,100
2026-02-07T23:00,4.1,4.8,0.0,0.0,5.35,5.4,95,100
2026-02-08T00:00,3.6,4.6,0.0,0.0,4.12,5.55,98,98
2026-02-08T01:00,3.1,4.4,0.0,0.0,4.61,5.21,94,100
2026-02-08T02:00,2.8,4.3,0.0,0.0,4.82,4.8,93,85
2026-02-08T03:00,2.7,4.0,0.0,0.0,4.97,4.73,99,89
2026-02-08T04:00,2.6,3.9,0.0,0.0,4.74,4.61,100,94
2026-02-08T05:00,2.8,4.0,0.0,0.0,4.31,4.34,99,97
2026-02-08T06:00,3.5,3.5,6.0,5.0,2.65,1.57,97,93
2026-02-08T07:00,3.8,3.6,47.0,43.0,1.98,0.83,100,98
2026-02-08T08:00,4.5,4.4,92.0,92.0,1.4,0.14,99,98
2026-02-08T09:00,5.3,5.2,107.0,110.0,1.23,1.0,100,97
2026-02-08T10:00,6.0,5.9,143.0,159.0,0.28,1.21,100,99
2026-02-08T11:00,6.6,6.4,168.0,161.0,0.5,1.0,100,100
2026-02-08T12:00,6.7,6.8,153.0,139.0,0.75,1.61,100,100
2026-02-08T13:00,6.8,6.8,111.0,104.0,0.98,2.02,100,100
2026-02-08T14:00,6.9,6.5,84.0,61.0,1.49,2.57,100,100
2026-02-08T15:00,6.5,6.0,33.0,25.0,1.97,3.04,100,100
2026-02-08T16:00,5.9,5.5,2.0,2.0,2.89,3.55,100,100
2026-02-08T17:00,4.9,5.1,0.0,0.0,4.13,4.67,100,100
2026-02-08T18:00,4.9,4.4,0.0,0.0,4.98,4.57,97,100
2026-02-08T19:00,4.2,4.1,0.0,0.0,5.62,4.8,99,99
2026-02-08T20:00,3.9,3.9,0.0,0.0,5.9,5.35,100,100
2026-02-08T21:00,3.6,3.7,0.0,0.0,5.17,4.89,98,99
2026-02-08T22:00,3.3,3.5,0.0,0.0,4.47,4.91,100,99
2026-02-08T23:00,3.2,3.4,0.0,0.0,5.57,4.25,100,100
2026-02-09T00:00,2.8,3.3,0.0,0.0,7.11,5.14,99,100
2026-02-09T01:00,2.4,3.3,0.0,0.0,7.27,5.59,100,100
2026-02-09T02:00,2.0,3.0,0.0,0.0,8.56,6.63,100,100
2026-02-09T03:00,1.6,2.6,0.0,0.0,9.08,7.81,100,100
2026-02-09T04:00,1.2,2.0,0.0,0.0,9.15,8.24,100,100
2026-02-09T05:00,0.8,1.6,0.0,0.0,10.63,8.46,100,100
2026-02-09T06:00,0.7,0.9,2.0,2.0,10.63,10.01,100,100
2026-02-09T07:00,0.4,0.5,23.0,24.0,11.19,10.41,100,100
2026-02-09T08:00,0.1,-0.0,48.0,47.0,10.9,10.57,100,98
2026-02-09T09:00,-0.1,-0.2,83.0,80.0,10.88,10.83,100,97
2026-02-09T10:00,-0.2,-0.2,100.0,130.0,10.5,10.92,100,95
2026-02-09T11:00,-0.2,-0.5,115.0,156.0,10.87,11.17,99,96
2026-02-09T12:00,-0.5,-0.1,93.0,92.0,10.01,10.39,100,98
2026-02-09T13:00,-0.7,-0.5,74.0,78.0,9.68,10.19,100,97
2026-02-09T14:00,-0.8,-0.8,58.0,52.0,9.39,9.88,100,97
2026-02-09T15:00,-1.0,-1.1,26.0,20.0,9.02,9.55,100,100
2026-02-09T16:00,-1.2,-1.2,2.0,2.0,9.17,9.43,97,98
2026-02-09T17:00,-1.2,-1.4,0.0,0.0,8.98,9.42,96,100
2026-02-09T18:00,-1.6,-1.5,0.0,0.0,9.33,9.95,98,98
2026-02-09T19:00,-1.9,-1.5,0.0,0.0,9.3,10.26,100,97
2026-02-09T20:00,-2.1,-1.7,0.0,0.0,8.77,10.08,100,100
2026-02-09T21:00,-2.2,-2.0,0.0,0.0,8.46,9.68,100,100
2026-02-09T22:00,-2.3,-2.2,0.0,0.0,8.71,9.81,100,100
2026-02-09T23:00,-2.5,-2.6,0.0,0.0,8.58,9.83,100,95
2026-02-10T00:00,-2.7,-2.3,0.0,0.0,8.09,8.41,100,100
2026-02-10T01:00,-3.0,-2.6,0.0,0.0,7.73,8.08,100,98
2026-02-10T02:00,-3.2,-2.8,0.0,0.0,7.15,7.19,97,99
2026-02-10T03:00,-3.4,-3.0,0.0,0.0,6.31,6.91,98,99
2026-02-10T04:00,-3.5,-3.2,0.0,0.0,6.59,6.71,99,96
2026-02-10T05:00,-3.6,-3.2,0.0,0.0,6.42,6.8,99,96
2026-02-10T06:00,-3.3,-3.5,6.0,5.0,5.68,6.61,97,97
2026-02-10T07:00,-3.1,-3.3,58.0,50.0,5.27,6.01,97,97
2026-02-10T08:00,-2.5,-2.8,145.0,127.0,4.86,5.68,94,99
2026-02-10T09:00,-1.7,-2.0,238.0,221.0,4.61,5.41,93,90
2026-02-10T10:00,-0.8,-1.0,326.0,337.0,4.47,5.33,97,81
2026-02-10T11:00,-0.2,-0.2,309.0,362.0,4.12,4.55,99,98
2026-02-10T12:00,-0.4,0.1,265.0,272.0,4.32,4.47,100,100
2026-02-10T13:00,-0.3,0.2,133.0,141.0,4.25,4.68,100,100
2026-02-10T14:00,-0.3,0.2,85.0,87.0,4.34,5.0,100,100
2026-02-10T15:00,-0.3,0.1,32.0,44.0,4.69,4.8,100,100
2026-02-10T16:00,-0.4,-0.0,3.0,4.0,4.44,4.77,100,100
2026-02-10T17:00,-0.5,-0.2,0.0,0.0,4.24,5.14,100,100
2026-02-10T18:00,-0.5,-0.3,0.0,0.0,4.55,4.74,100,100
2026-02-10T19:00,-0.7,-0.4,0.0,0.0,4.54,4.74,100,100
2026-02-10T20:00,-0.8,-0.4,0.0,0.0,4.68,4.57,100,100
2026-02-10T21:00,-0.7,-0.4,0.0,0.0,4.59,4.35,100,100
2026-02-10T22:00,-0.6,-0.3,0.0,0.0,4.12,3.85,100,100
2026-02-10T23:00,-0.4,-0.3,0.0,0.0,3.93,3.34,97,98
2026-02-11T00:00,-0.6,-0.4,0.0,0.0,3.33,3.61,99,99
2026-02-11T01:00,-0.6,-0.4,0.0,0.0,2.77,3.04,97,95
2026-02-11T02:00,-0.6,-0.4,0.0,0.0,2.29,2.81,96,94
2026-02-11T03:00,-0.6,-0.4,0.0,0.0,1.21,1.21,95,93
2026-02-11T04:00,-0.6,-0.4,0.0,0.0,0.78,0.49,91,94
2026-02-11T05:00,-0.7,-0.5,0.0,0.0,0.31,0.53,91,95
2026-02-11T06:00,-0.9,-0.4,6.0,7.0,0.88,0.79,87,93
2026-02-11T07:00,-0.7,-0.2,55.0,51.0,1.67,1.46,94,94
2026-02-11T08:00,-0.1,0.4,106.0,119.0,2.33,1.75,97,85
2026-02-11T09:00,0.5,1.4,138.0,242.0,2.67,2.11,93,86
2026-02-11T10:00,1.5,2.4,249.0,306.0,2.24,1.58,82,76
2026-02-11T11:00,2.5,4.0,359.0,389.0,2.07,2.34,73,79
2026-02-11T12:00,3.5,3.5,374.0,338.0,2.37,1.8,57,73
2026-02-11T13:00,3.9,4.3,327.0,300.0,2.28,1.98,66,78
2026-02-11T14:00,4.0,4.5,203.0,191.0,2.02,1.66,70,61
2026-02-11T15:00,3.9,4.4,94.0,99.0,2.2,1.74,57,56
2026-02-11T16:00,3.0,3.7,11.0,10.0,2.96,1.95,35,20
2026-02-11T17:00,2.4,3.0,0.0,0.0,2.67,2.46,19,28
2026-02-11T18:00,2.3,2.2,0.0,0.0,2.67,2.02,32,48
2026-02-11T19:00,1.5,1.9,0.0,0.0,2.77,1.47,26,54
2026-02-11T20:00,1.1,1.5,0.0,0.0,2.97,0.79,9,37
2026-02-11T21:00,1.0,1.0,0.0,0.0,2.0,0.49,0,13
2026-02-11T22:00,0.9,0.7,0.0,0.0,2.07,1.11,0,29
2026-02-11T23:00,0.9,0.6,0.0,0.0,1.67,0.42,0,54
2026-02-12T00:00,0.2,0.2,0.0,0.0,1.01,1.28,27,4
2026-02-12T01:00,-0.0,0.2,0.0,0.0,1.67,1.27,84,14
2026-02-12T02:00,-0.1,0.1,0.0,0.0,1.25,1.43,100,23
2026-02-12T03:00,-0.3,-0.1,0.0,0.0,2.1,2.59,90,86
2026-02-12T04:00,-0.2,-0.2,0.0,0.0,1.38,2.72,100,100
2026-02-12T05:00,-0.3,-0.1,0.0,0.0,1.94,3.46,100,100
2026-02-12T06:00,-0.4,-0.4,14.0,11.0,3.2,2.11,39,100
2026-02-12T07:00,0.1,-0.2,99.0,84.0,3.4,2.82,100,90
2026-02-12T08:00,1.2,1.3,175.0,220.0,3.4,3.14,100,94
2026-02-12T09:00,2.3,2.8,262.0,350.0,2.66,2.34,100,100
2026-02-12T10:00,3.2,4.2,335.0,439.0,1.93,1.47,97,100
2026-02-12T11:00,4.5,5.7,356.0,434.0,0.84,0.63,100,100
2026-02-12T12:00,7.1,6.6,327.0,307.0,0.39,0.4,100,100
2026-02-12T13:00,7.8,7.2,299.0,263.0,0.28,0.75,100,100
2026-02-12T14:00,7.9,7.4,224.0,184.0,0.84,1.69,100,100
2026-02-12T15:00,7.5,7.0,97.0,73.0,1.96,2.31,100,64
2026-02-12T16:00,6.2,6.0,10.0,11.0,2.91,2.91,49,87
2026-02-12T17:00,5.3,5.4,0.0,0.0,2.31,2.71,60,94
2026-02-12T18:00,5.6,5.0,0.0,0.0,1.32,2.86,84,90
2026-02-12T19:00,5.0,4.6,0.0,0.0,1.62,3.63,91,81
2026-02-12T20:00,4.8,4.1,0.0,0.0,2.37,3.51,75,100
2026-02-12T21:00,4.4,3.5,0.0,0.0,2.31,3.71,64,99
2026-02-12T22:00,4.0,3.1,0.0,0.0,1.87,4.13,65,100
2026-02-12T23:00,3.8,2.7,0.0,0.0,1.55,2.95,75,100
2026-02-13T00:00,3.0,3.7,0.0,0.0,1.28,1.58,96,100
2026-02-13T01:00,3.1,3.4,0.0,0.0,2.71,2.46,100,100
2026-02-13T02:00,3.1,3.4,0.0,0.0,1.81,3.26,99,100
2026-02-13T03:00,3.0,3.3,0.0,0.0,3.02,3.08,100,100
2026-02-13T04:00,3.0,3.4,0.0,0.0,2.56,2.95,100,100
2026-02-13T05:00,2.9,3.5,0.0,0.0,1.5,3.81,100,100
2026-02-13T06:00,1.2,3.7,12.0,8.0,1.62,2.79,100,100
2026-02-13T07:00,1.5,4.2,73.0,43.0,1.55,1.8,100,100
2026-02-13T08:00,2.3,4.7,128.0,62.0,1.12,1.1,100,100
2026-02-13T09:00,4.0,5.2,168.0,82.0,0.89,0.5,100,100
2026-02-13T10:00,4.9,5.8,152.0,102.0,1.5,2.06,100,100
2026-02-13T11:00,5.8,6.2,145.0,97.0,2.26,1.67,100,100
2026-02-13T12:00,8.0,5.8,243.0,123.0,1.32,0.77,100,100
2026-02-13T13:00,8.3,6.3,154.0,120.0,1.38,1.64,100,100
2026-02-13T14:00,8.2,6.5,85.0,73.0,2.04,2.91,100,100
2026-02-13T15:00,7.8,6.4,35.0,29.0,3.18,4.44,100,100
2026-02-13T16:00,7.2,6.0,5.0,4.0,4.71,5.07,100,100
2026-02-13T17:00,6.7,5.7,0.0,0.0,5.86,6.37,100,100
2026-02-13T18:00,6.5,5.5,0.0,0.0,8.27,8.72,100,100
2026-02-13T19:00,5.9,4.9,0.0,0.0,7.96,8.91,100,100
2026-02-13T20:00,5.5,4.6,0.0,0.0,7.32,8.77,99,100
2026-02-13T21:00,4.9,4.4,0.0,0.0,6.68,7.82,98,100
2026-02-13T22:00,4.4,4.1,0.0,0.0,7.28,7.26,99,100
2026-02-13T23:00,4.0,3.8,0.0,0.0,7.32,6.91,99,98
2026-02-14T00:00,4.1,4.3,0.0,0.0,7.17,7.81,100,100
2026-02-14T01:00,4.1,4.0,0.0,0.0,6.57,7.66,100,97
2026-02-14T02:00,4.3,3.8,0.0,0.0,7.32,7.02,100,100
2026-02-14T03:00,4.1,3.8,0.0,0.0,5.5,7.13,100,96
2026-02-14T04:00,3.8,3.8,0.0,0.0,5.32,7.59,100,96
2026-02-14T05:00,3.7,3.8,0.0,0.0,4.31,6.07,100,94
2026-02-14T06:00,3.8,3.8,11.0,10.0,5.13,5.17,87,93
2026-02-14T07:00,3.6,4.4,78.0,85.0,3.95,4.17,94,91
2026-02-14T08:00,3.7,5.4,149.0,201.0,2.94,3.33,96,77
2026-02-14T09:00,5.3,6.9,248.0,347.0,2.72,2.31,78,48
2026-02-14T10:00,7.8,8.7,417.0,460.0,1.36,2.45,21,30
2026-02-14T11:00,10.2,10.4,511.0,512.0,1.9,2.11,6,0
2026-02-14T12:00,11.3,11.0,489.0,483.0,1.21,1.49,0,1
2026-02-14T13:00,12.2,12.0,389.0,408.0,3.16,1.21,100,35
2026-02-14T14:00,12.3,12.2,239.0,282.0,2.67,2.34,46,0
2026-02-14T15:00,11.8,11.7,128.0,133.0,2.08,3.42,100,16
2026-02-14T16:00,10.1,10.0,14.0,16.0,3.74,3.68,100,100
2026-02-14T17:00,8.7,8.7,0.0,0.0,4.79,5.14,100,100
2026-02-14T18:00,8.0,8.3,0.0,0.0,5.77,6.61,100,100
2026-02-14T19:00,7.7,7.8,0.0,0.0,6.08,7.97,93,100
2026-02-14T20:00,7.0,7.4,0.0,0.0,7.16,8.66,100,100
2026-02-14T21:00,6.5,6.7,0.0,0.0,7.28,8.49,100,100
2026-02-14T22:00,6.3,6.5,0.0,0.0,6.98,8.92,100,100
2026-02-14T23:00,6.3,6.6,0.0,0.0,7.12,9.05,100,100
2026-02-15T00:00,5.9,6.7,0.0,0.0,5.7,8.44,100,100
2026-02-15T01:00,6.0,6.8,0.0,0.0,5.04,7.55,100,100
2026-02-15T02:00,6.1,6.9,0.0,0.0,4.56,7.66,100,100
2026-02-15T03:00,6.2,7.1,0.0,0.0,6.57,7.76,100,100
2026-02-15T04:00,6.3,7.3,0.0,0.0,8.43,7.83,100,100
2026-02-15T05:00,6.5,7.6,0.0,0.0,9.53,8.14,100,100
2026-02-15T06:00,6.7,7.9,5.0,4.0,7.91,4.13,100,100
2026-02-15T07:00,7.2,8.3,23.0,30.0,5.4,6.67,100,100
2026-02-15T08:00,8.0,9.9,48.0,106.0,7.6,7.99,100,100
2026-02-15T09:00,9.8,10.7,138.0,61.0,4.65,6.5,100,100
2026-02-15T10:00,11.2,11.9,167.0,141.0,4.09,5.35,100,100
2026-02-15T11:00,12.5,14.2,187.0,366.0,5.21,4.75,100,76
2026-02-15T12:00,11.5,13.7,95.0,246.0,6.59,2.46,100,100
2026-02-15T13:00,11.9,13.4,94.0,231.0,5.78,4.98,100,100
2026-02-15T14:00,12.2,13.2,89.0,180.0,4.92,5.85,100,100
2026-02-15T15:00,11.2,12.3,30.0,77.0,7.16,6.87,100,65
2026-02-15T16:00,10.5,11.2,2.0,13.0,5.73,9.25,100,41
2026-02-15T17:00,10.0,10.5,0.0,0.0,9.67,11.59,100,99
2026-02-15T18:00,9.8,9.3,0.0,0.0,10.28,9.82,100,59
2026-02-15T19:00,9.5,8.8,0.0,0.0,9.21,9.82,97,74
2026-02-15T20:00,8.9,8.3,0.0,0.0,8.94,10.14,100,84
2026-02-15T21:00,8.5,7.2,0.0,0.0,8.18,9.92,100,72
2026-02-15T22:00,8.1,5.9,0.0,0.0,7.98,9.93,91,74
2026-02-15T23:00,7.6,5.0,0.0,0.0,7.93,9.81,96,81
2026-02-16T00:00,6.1,4.9,0.0,0.0,8.65,10.61,84,82
2026-02-16T01:00,4.9,4.1,0.0,0.0,7.39,8.99,91,94
2026-02-16T02:00,4.1,3.5,0.0,0.0,6.1,8.03,93,87
2026-02-16T03:00,3.5,2.8,0.0,0.0,4.91,7.04,92,80
2026-02-16T04:00,2.9,2.6,0.0,0.0,4.48,6.26,96,71
2026-02-16T05:00,2.6,2.2,0.0,0.0,3.32,6.2,98,84
2026-02-16T06:00,2.1,2.0,9.0,15.0,4.13,3.86,96,84
2026-02-16T07:00,2.4,2.1,54.0,90.0,3.15,3.48,97,78
2026-02-16T08:00,2.8,2.8,106.0,204.0,2.69,2.31,100,75
2026-02-16T09:00,3.2,3.6,136.0,263.0,1.93,1.53,100,88
2026-02-16T10:00,3.8,4.4,174.0,278.0,1.36,1.28,98,92
2026-02-16T11:00,4.6,5.0,243.0,280.0,1.06,0.84,89,93
2026-02-16T12:00,5.3,5.7,318.0,299.0,1.18,1.33,69,91
2026-02-16T13:00,5.8,6.0,283.0,254.0,1.69,1.58,83,86
2026-02-16T14:00,5.7,5.9,143.0,176.0,1.76,3.05,93,91
2026-02-16T15:00,5.4,5.3,72.0,67.0,2.75,4.04,84,89
2026-02-16T16:00,4.8,4.4,12.0,10.0,3.19,5.04,83,88
2026-02-16T17:00,4.2,3.8,0.0,0.0,4.04,5.43,88,96
2026-02-16T18:00,3.3,2.0,0.0,0.0,5.22,5.01,90,99
2026-02-16T19:00,2.9,1.7,0.0,0.0,6.18,5.43,79,98
2026-02-16T20:00,2.5,1.5,0.0,0.0,6.79,5.33,100,99
2026-02-16T21:00,2.1,1.3,0.0,0.0,6.79,5.25,100,100
2026-02-16T22:00,1.9,1.2,0.0,0.0,6.68,5.89,100,100
2026-02-16T23:00,1.8,1.2,0.0,0.0,6.67,5.6,100,100
2026-02-17T00:00,1.8,1.2,0.0,0.0,6.19,4.76,100,100
2026-02-17T01:00,1.6,1.1,0.0,0.0,6.38,4.73,100,100
2026-02-17T02:00,1.4,1.1,0.0,0.0,7.28,5.14,100,100
2026-02-17T03:00,1.2,1.0,0.0,0.0,7.23,5.79,97,100
2026-02-17T04:00,1.0,0.8,0.0,0.0,7.37,6.4,100,100
2026-02-17T05:00,1.2,0.7,0.0,0.0,8.29,7.1,100,100
2026-02-17T06:00,2.0,1.9,6.0,9.0,9.1,8.41,100,98
2026-02-17T07:00,2.5,2.2,29.0,46.0,9.7,8.91,100,100
2026-02-17T08:00,2.8,2.5,44.0,54.0,9.86,9.53,100,100
2026-02-17T09:00,2.7,2.6,47.0,71.0,10.66,9.78,100,100
2026-02-17T10:00,2.7,2.5,42.0,95.0,10.64,10.03,100,100
2026-02-17T11:00,2.8,2.5,55.0,108.0,11.81,10.9,100,100
2026-02-17T12:00,1.8,0.9,51.0,36.0,11.68,13.48,100,100
2026-02-17T13:00,1.7,0.8,36.0,32.0,11.74,13.05,100,100
2026-02-17T14:00,1.7,0.6,25.0,24.0,12.09,13.74,100,100
2026-02-17T15:00,1.3,0.4,12.0,14.0,12.92,13.83,100,100
2026-02-17T16:00,1.0,0.3,3.0,2.0,13.21,14.35,100,100
2026-02-17T17:00,0.7,0.3,0.0,0.0,13.35,13.44,100,100
2026-02-17T18:00,0.2,0.3,0.0,0.0,13.16,8.74,100,100
2026-02-17T19:00,0.0,0.4,0.0,0.0,13.32,8.28,100,100
2026-02-17T20:00,-0.1,0.5,0.0,0.0,12.89,9.13,100,100
2026-02-17T21:00,-0.0,0.5,0.0,0.0,13.16,7.3,100,100
2026-02-17T22:00,0.1,0.3,0.0,0.0,13.07,2.78,100,100
2026-02-17T23:00,0.1,0.3,0.0,0.0,12.85,4.78,100,100
2026-02-18T00:00,0.1,0.4,0.0,0.0,9.99,6.15,100,100
2026-02-18T01:00,0.2,0.2,0.0,0.0,12.27,5.16,100,100
2026-02-18T02:00,0.3,0.2,0.0,0.0,10.74,6.65,100,100
2026-02-18T03:00,0.2,0.2,0.0,0.0,6.38,6.49,100,100
2026-02-18T04:00,0.1,0.4,0.0,0.0,4.12,6.11,100,100
2026-02-18T05:00,0.1,0.6,0.0,0.0,5.09,4.75,100,100
2026-02-18T06:00,0.1,0.2,5.0,6.0,3.76,3.78,100,100
2026-02-18T07:00,0.2,0.5,36.0,35.0,3.82,5.72,99,100
2026-02-18T08:00,0.5,0.9,77.0,76.0,3.95,5.59,100,100
2026-02-18T09:00,0.5,1.6,109.0,129.0,4.45,5.92,100,100
2026-02-18T10:00,0.4,2.6,139.0,213.0,5.4,5.17,100,100
2026-02-18T11:00,0.9,3.8,170.0,248.0,5.17,5.09,100,100
2026-02-18T12:00,1.4,3.1,214.0,324.0,5.39,3.9,100,96
2026-02-18T13:00,2.2,3.9,209.0,328.0,5.08,2.94,100,68
2026-02-18T14:00,2.6,4.3,179.0,273.0,4.17,2.53,96,53
2026-02-18T15:00,2.4,3.9,113.0,145.0,2.15,2.36,78,31
2026-02-18T16:00,1.2,2.4,21.0,23.0,1.18,1.64,47,38
2026-02-18T17:00,0.4,1.4,0.0,0.0,2.19,1.64,58,54
2026-02-18T18:00,-0.2,1.1,0.0,0.0,2.85,3.96,68,15
2026-02-18T19:00,-0.9,0.5,0.0,0.0,0.98,6.88,74,2
2026-02-18T20:00,-1.4,0.1,0.0,0.0,1.62,9.28,99,2
2026-02-18T21:00,-1.2,0.1,0.0,0.0,2.56,9.86,100,0
2026-02-18T22:00,-0.9,-0.0,0.0,0.0,5.1,9.82,100,0
2026-02-18T23:00,-1.0,-0.2,0.0,0.0,7.45,10.51,63,0
2026-02-19T00:00,-2.5,-3.7,0.0,0.0,8.35,7.43,11,5
2026-02-19T01:00,-2.3,-4.3,0.0,0.0,9.55,7.08,0,0
2026-02-19T02:00,-2.3,-4.8,0.0,0.0,10.57,7.21,0,0
2026-02-19T03:00,-2.3,-5.3,0.0,0.0,9.63,7.57,0,0
2026-02-19T04:00,-2.4,-5.8,0.0,0.0,9.65,7.01,0,0
2026-02-19T05:00,-2.5,-6.4,0.0,0.0,8.28,5.16,0,0
2026-02-19T06:00,-3.4,-5.1,29.0,29.0,5.46,4.9,0,0
2026-02-19T07:00,-2.0,-2.3,169.0,167.0,5.66,7.23,0,0
2026-02-19T08:00,0.4,0.5,330.0,329.0,7.41,6.2,0,26
2026-02-19T09:00,2.4,2.3,460.0,457.0,6.33,3.64,0,68
2026-02-19T10:00,4.2,3.6,542.0,511.0,3.6,2.06,15,100
2026-02-19T11:00,5.3,4.4,563.0,505.0,2.67,2.59,94,100
2026-02-19T12:00,6.1,5.1,531.0,434.0,2.49,2.15,44,100
2026-02-19T13:00,6.5,5.3,434.0,323.0,2.3,1.95,60,80
2026-02-19T14:00,6.4,5.1,288.0,246.0,1.47,1.97,78,49
2026-02-19T15:00,5.5,4.5,135.0,148.0,1.53,2.2,81,32
2026-02-19T16:00,3.9,3.0,23.0,24.0,3.15,3.18,96,0
2026-02-19T17:00,2.6,2.0,0.0,0.0,5.43,4.0,34,0
2026-02-19T18:00,2.0,1.8,0.0,0.0,5.92,4.39,100,4
2026-02-19T19:00,1.7,1.3,0.0,0.0,5.27,4.28,100,30
2026-02-19T20:00,1.3,0.7,0.0,0.0,3.38,3.45,100,92
2026-02-19T21:00,1.2,0.3,0.0,0.0,2.97,2.97,100,100
2026-02-19T22:00,0.9,0.2,0.0,0.0,2.31,3.8,100,100
2026-02-19T23:00,0.6,0.1,0.0,0.0,2.82,3.4,100,93
2026-02-20T00:00,0.4,-1.0,0.0,0.0,2.16,2.73,95,100
2026-02-20T01:00,0.2,-1.2,0.0,0.0,2.19,2.35,99,100
2026-02-20T02:00,0.0,-1.4,0.0,0.0,2.26,2.19,100,100
2026-02-20T03:00,-0.0,-1.5,0.0,0.0,2.88,2.84,100,84
2026-02-20T04:00,-0.1,-1.7,0.0,0.0,3.54,2.97,98,7
2026-02-20T05:00,-0.2,-2.1,0.0,0.0,3.53,3.16,100,7
2026-02-20T06:00,-1.2,-2.1,27.0,28.0,3.15,3.27,100,64
2026-02-20T07:00,0.1,-0.4,135.0,154.0,3.82,3.56,100,100
2026-02-20T08:00,2.0,1.6,242.0,294.0,4.42,4.57,100,85
2026-02-20T09:00,3.4,3.8,333.0,418.0,5.67,5.56,100,96
2026-02-20T10:00,3.9,5.0,376.0,474.0,8.89,6.3,100,100
2026-02-20T11:00,3.9,5.1,368.0,457.0,8.84,7.99,100,100
2026-02-20T12:00,5.2,3.7,456.0,205.0,10.78,8.13,100,100
2026-02-20T13:00,4.8,3.2,278.0,154.0,12.01,10.13,100,100
2026-02-20T14:00,4.0,2.9,156.0,111.0,13.57,9.77,100,100
2026-02-20T15:00,3.1,2.3,58.0,49.0,14.17,9.91,100,92
2026-02-20T16:00,2.5,2.0,8.0,11.0,14.79,11.89,100,95
2026-02-20T17:00,1.9,1.7,0.0,0.0,15.52,12.05,100,97
2026-02-20T18:00,1.4,1.2,0.0,0.0,16.78,12.17,100,100
2026-02-20T19:00,1.1,1.0,0.0,0.0,18.19,11.79,100,100
2026-02-20T20:00,0.7,0.6,0.0,0.0,17.98,13.15,100,100
2026-02-20T21:00,0.3,0.3,0.0,0.0,18.02,12.55,100,100
2026-02-20T22:00,0.1,-0.2,0.0,0.0,16.03,12.28,100,100
2026-02-20T23:00,-0.1,-0.5,0.0,0.0,14.59,12.56,100,100
2026-02-21T00:00,-0.8,-0.7,0.0,0.0,13.78,12.8,100,100
2026-02-21T01:00,-1.3,-1.1,0.0,0.0,13.45,12.04,100,100
2026-02-21T02:00,-1.7,-1.3,0.0,0.0,12.93,12.17,100,100
2026-02-21T03:00,-1.8,-1.7,0.0,0.0,12.59,12.35,100,100
2026-02-21T04:00,-1.9,-2.0,0.0,0.0,12.66,12.07,100,100
2026-02-21T05:00,-2.2,-2.3,0.0,0.0,12.41,11.18,100,100
2026-02-21T06:00,-2.6,-2.5,4.0,9.0,11.74,10.42,100,100
2026-02-21T07:00,-2.6,-2.5,29.0,41.0,11.82,10.2,100,100
2026-02-21T08:00,-2.5,-2.4,56.0,84.0,11.15,9.22,100,100
2026-02-21T09:00,-2.4,-2.1,76.0,137.0,10.5,8.52,100,98
2026-02-21T10:00,-2.2,-1.6,99.0,159.0,9.55,8.11,100,100
2026-02-21T11:00,-2.1,-1.5,99.0,143.0,8.84,7.44,100,100
2026-02-21T12:00,-2.0,-1.5,134.0,104.0,8.49,9.44,99,100
2026-02-21T13:00,-1.8,-1.3,122.0,85.0,8.51,8.53,100,100
2026-02-21T14:00,-1.8,-1.3,89.0,54.0,8.11,7.58,100,100
2026-02-21T15:00,-1.9,-1.4,51.0,33.0,7.72,7.63,100,100
2026-02-21T16:00,-2.0,-1.5,8.0,6.0,7.1,7.97,100,100
2026-02-21T17:00,-2.1,-1.5,0.0,0.0,6.29,7.62,100,100
2026-02-21T18:00,-2.0,-1.8,0.0,0.0,5.0,6.37,100,100
2026-02-21T19:00,-2.0,-1.7,0.0,0.0,4.17,5.89,100,100
2026-02-21T20:00,-2.0,-1.6,0.0,0.0,3.11,5.85,100,99
2026-02-21T21:00,-1.9,-1.6,0.0,0.0,3.19,5.65,100,99
2026-02-21T22:00,-1.9,-1.5,0.0,0.0,2.57,5.37,100,99
2026-02-21T23:00,-1.8,-1.5,0.0,0.0,2.59,4.81,100,99
2026-02-22T00:00,-1.3,-2.0,0.0,0.0,5.98,2.06,100,100
2026-02-22T01:00,-1.2,-2.0,0.0,0.0,5.88,2.17,100,100
2026-02-22T02:00,-1.2,-1.9,0.0,0.0,5.8,3.95,100,99
2026-02-22T03:00,-1.1,-1.8,0.0,0.0,6.02,5.59,100,98
2026-02-22T04:00,-1.1,-1.7,0.0,0.0,6.54,6.17,100,99
2026-02-22T05:00,-1.1,-1.6,0.0,0.0,6.69,6.21,94,99
2026-02-22T06:00,-1.7,-1.3,23.0,15.0,7.12,5.49,97,100
2026-02-22T07:00,-1.3,-1.0,108.0,73.0,6.15,5.39,98,100
2026-02-22T08:00,-0.8,-0.5,198.0,128.0,5.96,4.51,94,100
2026-02-22T09:00,-0.4,-0.0,279.0,189.0,5.69,4.52,92,97
2026-02-22T10:00,0.2,0.6,348.0,298.0,6.0,4.45,96,90
2026-02-22T11:00,0.9,1.4,384.0,376.0,5.16,4.91,89,94
2026-02-22T12:00,1.7,1.8,426.0,328.0,5.36,4.51,90,100
2026-02-22T13:00,1.9,2.1,366.0,330.0,4.99,4.56,85,86
2026-02-22T14:00,1.8,2.1,272.0,243.0,4.59,4.52,85,80
2026-02-22T15:00,1.4,1.8,135.0,136.0,5.06,5.16,77,78
2026-02-22T16:00,0.8,1.1,26.0,25.0,5.94,6.15,72,67
2026-02-22T17:00,0.4,0.7,0.0,0.0,6.99,7.14,78,77
2026-02-22T18:00,-0.3,0.7,0.0,0.0,6.77,5.74,77,87
2026-02-22T19:00,-0.4,0.2,0.0,0.0,6.47,5.3,84,100
2026-02-22T20:00,-0.5,0.1,0.0,0.0,6.38,4.61,83,100
2026-02-22T21:00,-0.5,0.1,0.0,0.0,6.18,4.44,64,100
2026-02-22T22:00,-0.7,0.3,0.0,0.0,6.09,5.0,48,99
2026-02-22T23:00,-1.0,0.6,0.0,0.0,6.51,6.68,15,97
2026-02-23T00:00,-1.1,0.6,0.0,0.0,7.71,6.76,41,86
2026-02-23T01:00,-0.7,0.6,0.0,0.0,7.6,6.5,69,86
2026-02-23T02:00,-0.4,0.7,0.0,0.0,7.38,7.0,74,91
2026-02-23T03:00,-0.3,0.9,0.0,0.0,7.21,6.91,95,92
2026-02-23T04:00,0.1,1.0,0.0,0.0,7.63,7.51,100,94
2026-02-23T05:00,0.4,1.3,0.0,0.0,7.11,7.52,98,100
2026-02-23T06:00,-0.0,0.5,18.0,17.0,5.49,6.7,100,100
2026-02-23T07:00,0.2,0.6,95.0,83.0,5.96,6.3,99,100
2026-02-23T08:00,0.6,0.7,198.0,169.0,5.41,5.4,97,100
2026-02-23T09:00,1.4,1.3,273.0,217.0,6.01,7.27,95,100
2026-02-23T10:00,2.3,2.0,323.0,219.0,5.78,8.31,92,100
2026-02-23T11:00,3.0,2.6,331.0,220.0,6.18,8.06,96,100
2026-02-23T12:00,3.3,3.3,329.0,238.0,6.07,7.59,95,100
2026-02-23T13:00,3.8,3.7,290.0,235.0,6.94,7.75,89,100
2026-02-23T14:00,4.1,3.9,204.0,186.0,7.71,8.24,89,100
2026-02-23T15:00,4.1,3.8,105.0,96.0,8.95,8.06,91,94
2026-02-23T16:00,3.7,3.5,19.0,19.0,9.61,8.55,100,95
2026-02-23T17:00,3.5,3.3,0.0,0.0,8.02,8.3,100,91
2026-02-23T18:00,2.8,2.8,0.0,0.0,6.54,8.39,100,100
2026-02-23T19:00,2.6,2.7,0.0,0.0,6.96,7.97,53,81
2026-02-23T20:00,2.5,2.6,0.0,0.0,7.25,7.46,82,80
2026-02-23T21:00,2.4,2.6,0.0,0.0,6.73,7.25,53,53
2026-02-23T22:00,1.9,2.3,0.0,0.0,4.87,6.99,53,0
2026-02-23T23:00,1.5,2.0,0.0,0.0,3.08,5.96,47,2
2026-02-24T00:00,2.2,2.0,0.0,0.0,4.0,1.39,29,88
2026-02-24T01:00,1.7,1.4,0.0,0.0,2.89,1.18,25,99
2026-02-24T02:00,1.1,1.0,0.0,0.0,2.55,1.88,100,100
2026-02-24T03:00,0.5,0.8,0.0,0.0,2.76,1.2,68,100
2026-02-24T04:00,0.1,0.6,0.0,0.0,4.16,3.49,47,100
2026-02-24T05:00,0.3,0.6,0.0,0.0,6.02,2.36,90,70
2026-02-24T06:00,0.2,1.6,25.0,33.0,6.81,4.13,100,100
2026-02-24T07:00,1.2,2.5,87.0,129.0,5.03,5.71,94,100
2026-02-24T08:00,2.8,3.6,213.0,171.0,7.84,6.75,100,100
2026-02-24T09:00,4.1,4.3,254.0,230.0,7.35,8.43,100,100
2026-02-24T10:00,4.7,5.1,276.0,271.0,9.25,10.43,100,100
2026-02-24T11:00,5.3,6.0,249.0,282.0,10.92,9.51,100,100
2026-02-24T12:00,5.6,6.8,251.0,274.0,11.86,8.42,100,100
2026-02-24T13:00,6.3,6.9,255.0,214.0,11.57,8.68,96,100
2026-02-24T14:00,6.9,7.2,266.0,262.0,10.78,8.13,58,99
2026-02-24T15:00,6.6,6.8,159.0,104.0,9.62,8.14,100,100
2026-02-24T16:00,5.9,5.9,24.0,22.0,10.0,8.36,100,100
2026-02-24T17:00,5.2,5.4,0.0,0.0,9.16,5.45,100,100
2026-02-24T18:00,4.5,4.5,0.0,0.0,9.29,4.83,100,56
2026-02-24T19:00,4.3,3.9,0.0,0.0,6.94,4.78,92,39
2026-02-24T20:00,3.8,3.3,0.0,0.0,5.92,4.33,87,69
2026-02-24T21:00,3.6,3.2,0.0,0.0,6.25,5.1,90,81
2026-02-24T22:00,3.0,3.5,0.0,0.0,2.41,6.2,86,100
2026-02-24T23:00,2.5,3.5,0.0,0.0,2.88,5.92,84,100
2026-02-25T00:00,2.4,2.3,0.0,0.0,6.15,1.32,50,82
2026-02-25T01:00,2.0,1.7,0.0,0.0,5.39,2.22,51,52
2026-02-25T02:00,1.4,1.1,0.0,0.0,4.23,2.55,50,67
2026-02-25T03:00,0.8,1.0,0.0,0.0,3.63,2.2,44,52
2026-02-25T04:00,-0.0,0.3,0.0,0.0,4.17,2.84,85,43
2026-02-25T05:00,-0.6,-0.0,0.0,0.0,3.27,2.59,82,77
2026-02-25T06:00,-0.1,-1.3,33.0,38.0,2.42,1.23,82,86
2026-02-25T07:00,1.3,-0.2,120.0,148.0,1.46,0.2,69,70
2026-02-25T08:00,2.5,0.8,244.0,282.0,0.89,0.97,73,78
2026-02-25T09:00,4.6,2.7,413.0,401.0,0.9,1.87,61,46
2026-02-25T10:00,6.1,4.8,529.0,537.0,1.66,2.45,42,39
2026-02-25T11:00,6.8,6.6,576.0,575.0,2.1,1.43,56,54
2026-02-25T12:00,7.5,7.1,513.0,501.0,1.68,3.44,73,60
2026-02-25T13:00,7.7,7.8,395.0,444.0,2.25,2.54,44,51
2026-02-25T14:00,7.7,7.9,331.0,339.0,2.05,2.56,3,18
2026-02-25T15:00,7.1,7.5,185.0,185.0,2.59,3.02,20,32
2026-02-25T16:00,5.7,6.1,37.0,38.0,3.02,3.32,66,57
2026-02-25T17:00,4.6,4.8,0.0,0.0,3.83,2.34,94,61
2026-02-25T18:00,4.2,4.5,0.0,0.0,3.9,2.69,83,99
2026-02-25T19:00,3.7,3.7,0.0,0.0,5.7,8.11,68,100
2026-02-25T20:00,2.6,2.5,0.0,0.0,7.09,7.94,94,97
2026-02-25T21:00,1.8,1.9,0.0,0.0,8.17,8.15,100,65
2026-02-25T22:00,1.3,1.4,0.0,0.0,8.57,8.49,100,70
2026-02-25T23:00,1.3,1.2,0.0,0.0,8.7,10.64,99,81
2026-02-26T00:00,0.6,2.0,0.0,0.0,8.05,9.08,87,78
2026-02-26T01:00,0.7,1.8,0.0,0.0,9.93,9.95,96,98
2026-02-26T02:00,0.9,1.6,0.0,0.0,9.26,10.41,98,95
2026-02-26T03:00,1.0,0.9,0.0,0.0,9.1,9.63,88,85
2026-02-26T04:00,0.6,0.1,0.0,0.0,8.92,9.68,80,68
2026-02-26T05:00,0.3,-0.4,0.0,0.0,8.21,9.35,80,20
2026-02-26T06:00,0.7,0.0,36.0,39.0,6.79,9.48,67,78
2026-02-26T07:00,1.2,0.9,180.0,171.0,4.95,6.79,27,46
2026-02-26T08:00,2.2,2.0,353.0,351.0,2.85,5.48,15,7
2026-02-26T09:00,3.3,3.1,472.0,502.0,1.8,4.56,11,1
2026-02-26T10:00,4.5,3.9,582.0,581.0,2.12,3.7,0,26
2026-02-26T11:00,5.3,4.6,617.0,599.0,2.42,3.19,20,23
2026-02-26T12:00,5.9,5.7,575.0,585.0,2.16,1.67,32,6
2026-02-26T13:00,6.1,5.9,475.0,497.0,2.26,1.14,42,2
2026-02-26T14:00,5.9,5.7,328.0,361.0,2.83,2.19,31,3
2026-02-26T15:00,5.3,5.2,183.0,194.0,2.73,2.65,5,0
2026-02-26T16:00,4.3,4.3,40.0,41.0,2.74,2.54,0,0
2026-02-26T17:00,3.3,3.2,0.0,0.0,2.64,2.77,17,0
2026-02-26T18:00,2.8,2.6,0.0,0.0,2.26,5.95,60,2
2026-02-26T19:00,2.5,2.0,0.0,0.0,2.85,6.4,84,6
2026-02-26T20:00,2.4,1.6,0.0,0.0,3.2,6.61,87,34
2026-02-26T21:00,1.9,1.3,0.0,0.0,1.02,6.08,66,44
2026-02-26T22:00,1.4,0.7,0.0,0.0,1.25,3.46,65,60
2026-02-26T23:00,1.0,0.3,0.0,0.0,1.45,1.9,57,51
2026-02-27T00:00,0.9,-0.6,0.0,0.0,3.74,0.79,67,51
2026-02-27T01:00,0.6,-1.0,0.0,0.0,3.45,0.53,42,28
2026-02-27T02:00,0.4,-1.5,0.0,0.0,3.65,1.39,31,19
2026-02-27T03:00,0.2,-1.9,0.0,0.0,3.63,1.75,23,21
2026-02-27T04:00,-0.2,-2.1,0.0,0.0,3.2,1.97,11,13
2026-02-27T05:00,-0.6,-2.3,0.0,0.0,3.26,1.93,0,12
2026-02-27T06:00,-0.2,-0.8,48.0,49.0,3.97,2.37,20,7
2026-02-27T07:00,0.8,0.5,192.0,195.0,2.87,2.37,29,5
2026-02-27T08:00,2.3,1.8,346.0,356.0,1.58,2.02,28,1
2026-02-27T09:00,3.9,3.2,479.0,487.0,1.77,1.01,5,0
2026-02-27T10:00,5.3,4.6,569.0,571.0,1.46,0.71,7,3
2026-02-27T11:00,6.5,5.8,597.0,596.0,0.92,0.44,22,24
2026-02-27T12:00,6.7,6.6,553.0,566.0,0.88,0.44,24,21
2026-02-27T13:00,7.2,7.2,470.0,480.0,0.9,0.14,28,6
2026-02-27T14:00,7.2,7.3,343.0,347.0,1.21,0.22,31,0
2026-02-27T15:00,6.8,7.0,186.0,188.0,1.67,0.49,47,4
2026-02-27T16:00,5.9,6.0,42.0,41.0,2.94,1.1,32,1
2026-02-27T17:00,4.4,4.6,0.0,0.0,4.74,2.26,19,1
2026-02-27T18:00,3.7,2.9,0.0,0.0,5.33,4.19,62,53
2026-02-27T19:00,2.7,2.0,0.0,0.0,5.59,4.5,38,0
2026-02-27T20:00,1.7,1.4,0.0,0.0,5.35,4.46,3,0
2026-02-27T21:00,0.9,1.1,0.0,0.0,5.45,4.12,1,0
2026-02-27T22:00,0.5,0.9,0.0,0.0,4.93,3.66,5,0
2026-02-27T23:00,0.3,0.6,0.0,0.0,4.3,3.19,0,0
2026-02-28T00:00,-0.4,0.6,0.0,0.0,2.42,3.47,1,0
2026-02-28T01:00,-0.6,0.3,0.0,0.0,1.77,2.85,3,0
2026-02-28T02:00,-0.7,-0.0,0.0,0.0,1.36,2.4,8,0
2026-02-28T03:00,-0.9,-0.2,0.0,0.0,1.23,2.09,17,0
2026-02-28T04:00,-1.2,-0.4,0.0,0.0,1.04,2.06,46,0
2026-02-28T05:00,-1.6,-0.6,0.0,0.0,0.77,2.16,100,0
2026-02-28T06:00,-1.4,-0.4,52.0,53.0,0.69,1.67,6,0
2026-02-28T07:00,-0.3,0.8,200.0,203.0,0.53,1.8,0,9
2026-02-28T08:00,1.8,2.7,361.0,364.0,0.28,1.52,1,1
2026-02-28T09:00,3.2,4.4,489.0,497.0,0.4,0.5,28,0
2026-02-28T10:00,4.4,6.3,560.0,580.0,0.29,0.62,16,0
2026-02-28T11:00,5.9,7.8,600.0,610.0,0.1,0.62,16,0
2026-02-28T12:00,5.9,8.1,555.0,578.0,0.66,0.1,29,0
2026-02-28T13:00,6.6,8.8,477.0,491.0,0.69,0.22,5,1
2026-02-28T14:00,6.9,9.0,349.0,357.0,0.9,0.6,0,0
2026-02-28T15:00,6.6,8.7,192.0,194.0,1.33,1.06,4,0
2026-02-28T16:00,5.6,7.6,44.0,44.0,1.67,1.82,0,0
2026-02-28T17:00,4.2,6.1,0.0,0.0,2.11,2.36,0,0
2026-02-28T18:00,3.0,5.1,0.0,0.0,1.67,2.46,0,0
2026-02-28T19:00,2.7,4.4,0.0,0.0,1.53,2.48,0,0
2026-02-28T20:00,2.5,3.6,0.0,0.0,1.32,2.19,0,0
2026-02-28T21:00,2.2,3.2,0.0,0.0,1.11,1.47,0,0
2026-02-28T22:00,1.9,2.9,0.0,0.0,1.06,0.98,0,0
2026-02-28T23:00,1.6,2.7,0.0,0.0,1.01,0.81,0,0
2026-03-01T00:00,0.5,2.2,0.0,0.0,0.22,1.55,0,0
2026-03-01T01:00,-0.0,1.9,0.0,0.0,0.62,1.87,0,0
2026-03-01T02:00,-0.3,1.7,0.0,0.0,0.49,1.63,0,7
2026-03-01T03:00,-0.3,1.4,0.0,0.0,0.88,1.93,0,3
2026-03-01T04:00,-0.4,1.0,0.0,0.0,1.36,2.19,0,0
2026-03-01T05:00,-0.4,0.8,0.0,0.0,1.84,2.34,0,0
2026-03-01T06:00,-0.9,0.4,53.0,53.0,3.14,2.54,0,10
2026-03-01T07:00,0.4,1.5,200.0,202.0,3.45,2.91,0,0
2026-03-01T08:00,2.5,3.7,357.0,359.0,3.95,3.05,0,0
2026-03-01T09:00,4.4,5.8,489.0,490.0,2.28,2.45,0,0
2026-03-01T10:00,6.5,8.1,575.0,576.0,2.41,1.71,0,0
2026-03-01T11:00,8.5,9.9,604.0,606.0,2.54,1.63,0,0
2026-03-01T12:00,5.1,11.0,550.0,576.0,2.72,2.02,6,0
2026-03-01T13:00,6.0,11.6,479.0,490.0,2.67,2.08,0,0
2026-03-01T14:00,6.2,11.7,349.0,357.0,2.85,2.01,0,0
2026-03-01T15:00,5.8,11.3,189.0,197.0,2.99,2.26,0,0
2026-03-01T16:00,4.5,9.8,44.0,46.0,3.53,2.81,0,0
2026-03-01T17:00,3.1,8.2,0.0,0.0,4.09,3.32,0,0
2026-03-01T18:00,2.0,6.8,0.0,0.0,4.65,3.86,0,0
2026-03-01T19:00,1.3,5.9,0.0,0.0,5.13,3.75,0,1
2026-03-01T20:00,0.9,5.4,0.0,0.0,5.09,3.47,0,0
2026-03-01T21:00,0.6,5.1,0.0,0.0,5.18,3.21,0,7
2026-03-01T22:00,0.5,4.6,0.0,0.0,4.9,3.04,0,0
2026-03-01T23:00,0.3,3.9,0.0,0.0,4.9,3.13,0,2
2026-03-02T00:00,-0.4,3.1,0.0,0.0,5.04,2.36,21,76
2026-03-02T01:00,-0.5,2.5,0.0,0.0,5.05,2.56,34,85
2026-03-02T02:00,-0.6,1.9,0.0,0.0,5.21,2.86,53,66
2026-03-02T03:00,-0.7,1.8,0.0,0.0,5.85,2.83,78,100
2026-03-02T04:00,-0.8,1.5,0.0,0.0,6.01,3.1,70,90
2026-03-02T05:00,-1.0,1.1,0.0,0.0,6.11,3.76,80,100
2026-03-02T06:00,-1.2,1.0,54.0,56.0,5.8,4.37,100,73
2026-03-02T07:00,-0.1,2.3,197.0,200.0,6.14,4.21,74,100
2026-03-02T08:00,1.8,4.6,355.0,353.0,4.68,3.82,35,87
2026-03-02T09:00,3.4,7.7,479.0,486.0,2.45,3.42,7,15
2026-03-02T10:00,5.1,10.2,578.0,586.0,2.22,1.9,26,41
2026-03-02T11:00,6.7,11.8,602.0,590.0,2.08,1.71,9,100
2026-03-02T12:00,5.4,9.6,540.0,560.0,1.63,1.39,40,100
2026-03-02T13:00,6.3,10.0,485.0,433.0,1.27,0.84,8,100
2026-03-02T14:00,6.6,10.2,359.0,324.0,0.71,0.66,5,100
2026-03-02T15:00,6.3,9.7,196.0,162.0,1.04,0.69,16,100
2026-03-02T16:00,4.8,8.4,47.0,36.0,1.33,1.02,100,100
2026-03-02T17:00,3.8,7.1,0.0,0.0,1.06,1.47,100,100
2026-03-02T18:00,4.6,6.1,0.0,0.0,2.11,0.71,94,100
2026-03-02T19:00,3.7,5.3,0.0,0.0,2.47,1.12,92,100
2026-03-02T20:00,2.5,4.7,0.0,0.0,3.23,0.49,100,100
2026-03-02T21:00,2.0,4.3,0.0,0.0,3.92,1.71,98,100
2026-03-02T22:00,1.7,3.5,0.0,0.0,3.69,2.42,98,100
2026-03-02T23:00,1.6,3.1,0.0,0.0,5.39,2.04,98,100
2026-03-03T00:00,0.2,1.8,0.0,0.0,4.35,2.91,92,100
2026-03-03T01:00,0.2,1.8,0.0,0.0,4.15,3.1,85,100
2026-03-03T02:00,0.2,1.6,0.0,0.0,4.78,2.91,64,99
2026-03-03T03:00,0.3,1.5,0.0,0.0,4.94,2.86,99,93
2026-03-03T04:00,0.3,1.1,0.0,0.0,5.42,3.4,97,84
2026-03-03T05:00,0.3,1.0,0.0,0.0,5.42,3.65,100,45
2026-03-03T06:00,0.4,1.2,60.0,56.0,3.5,3.07,24,100
2026-03-03T07:00,1.7,2.4,210.0,191.0,3.27,3.38,7,52
2026-03-03T08:00,3.7,5.0,368.0,364.0,2.65,3.11,0,30
2026-03-03T09:00,5.3,7.6,499.0,498.0,0.98,0.84,0,8
2026-03-03T10:00,7.1,9.5,583.0,582.0,0.62,1.18,0,36
2026-03-03T11:00,8.8,10.9,611.0,611.0,0.93,0.75,10,14
2026-03-03T12:00,9.4,10.8,579.0,579.0,2.36,1.62,14,12
2026-03-03T13:00,9.9,11.3,493.0,493.0,2.91,2.31,10,7
2026-03-03T14:00,10.0,11.3,362.0,364.0,3.18,2.99,9,6
2026-03-03T15:00,9.4,10.7,201.0,203.0,2.94,3.4,0,0
2026-03-03T16:00,8.0,9.3,51.0,51.0,3.63,4.17,0,1
2026-03-03T17:00,6.5,8.0,0.0,0.0,4.56,4.12,0,5
2026-03-03T18:00,6.0,7.7,0.0,0.0,4.71,3.42,23,31
2026-03-03T19:00,5.2,6.8,0.0,0.0,3.0,1.93,11,1
2026-03-03T20:00,4.5,5.8,0.0,0.0,1.31,1.21,2,19
2026-03-03T21:00,3.8,5.1,0.0,0.0,1.4,1.88,3,51
2026-03-03T22:00,3.2,4.7,0.0,0.0,1.9,2.77,42,74
2026-03-03T23:00,2.7,4.7,0.0,0.0,2.33,3.2,72,78
2026-03-04T00:00,2.0,2.4,0.0,0.0,2.12,2.19,73,73
2026-03-04T01:00,1.9,2.6,0.0,0.0,2.23,1.69,90,82
2026-03-04T02:00,1.0,2.3,0.0,0.0,1.69,0.6,100,97
2026-03-04T03:00,0.4,1.9,0.0,0.0,0.5,0.98,100,95
2026-03-04T04:00,-0.2,1.3,0.0,0.0,0.2,3.73,100,95
2026-03-04T05:00,-0.1,1.2,0.0,0.0,0.44,4.61,100,95
2026-03-04T06:00,-1.3,0.7,37.0,38.0,0.9,4.97,100,100
2026-03-04T07:00,-0.4,1.8,119.0,145.0,0.78,3.99,99,81
2026-03-04T08:00,1.5,4.7,221.0,333.0,1.02,3.55,99,25
2026-03-04T09:00,3.3,7.5,279.0,501.0,1.36,1.39,96,0
2026-03-04T10:00,5.4,9.7,395.0,594.0,1.18,1.18,78,0
2026-03-04T11:00,7.6,11.3,509.0,623.0,0.98,1.04,50,0
2026-03-04T12:00,10.6,10.3,579.0,576.0,1.27,1.31,0,0
2026-03-04T13:00,11.4,11.2,500.0,502.0,2.16,2.23,4,0
2026-03-04T14:00,11.6,11.4,369.0,372.0,2.53,2.51,0,0
2026-03-04T15:00,11.0,10.8,209.0,209.0,2.78,2.42,0,0
2026-03-04T16:00,9.4,9.3,54.0,55.0,3.78,3.06,0,0
2026-03-04T17:00,7.9,7.8,0.0,0.0,3.97,3.13,0,0
2026-03-04T18:00,7.2,7.2,0.0,0.0,4.13,3.37,0,0
2026-03-04T19:00,6.4,6.4,0.0,0.0,4.03,3.05,5,62
2026-03-04T20:00,5.5,5.5,0.0,0.0,4.52,3.64,13,40
2026-03-04T21:00,4.8,4.7,0.0,0.0,5.5,4.41,53,100
2026-03-04T22:00,4.5,4.1,0.0,0.0,5.03,5.0,100,96
2026-03-04T23:00,4.1,3.8,0.0,0.0,5.72,5.3,100,100
2026-03-05T00:00,3.6,3.1,0.0,0.0,6.01,5.59,100,100
2026-03-05T01:00,3.5,3.0,0.0,0.0,6.54,6.28,100,100
2026-03-05T02:00,3.5,2.8,0.0,0.0,6.11,5.45,100,100
2026-03-05T03:00,3.4,2.6,0.0,0.0,4.98,5.14,100,100
2026-03-05T04:00,3.1,2.4,0.0,0.0,4.61,4.71,100,100
2026-03-05T05:00,2.9,2.5,1.0,1.0,4.6,4.52,97,97
2026-03-05T06:00,3.4,2.8,40.0,42.0,5.1,3.41,100,100
2026-03-05T07:00,5.0,4.2,123.0,118.0,5.53,2.95,100,96
2026-03-05T08:00,7.2,6.9,295.0,320.0,3.6,2.98,80,78
2026-03-05T09:00,9.4,9.6,426.0,474.0,1.36,2.43,85,82
2026-03-05T10:00,11.4,11.8,493.0,539.0,0.5,1.31,100,100
2026-03-05T11:00,12.6,13.2,431.0,561.0,0.31,1.84,100,76
2026-03-05T12:00,14.4,14.0,501.0,540.0,3.66,1.87,70,55
2026-03-05T13:00,14.4,14.1,423.0,465.0,2.91,3.14,51,68
2026-03-05T14:00,14.2,13.7,354.0,364.0,3.03,2.98,21,14
2026-03-05T15:00,13.5,12.9,209.0,208.0,3.83,3.05,40,35
2026-03-05T16:00,12.0,11.5,54.0,55.0,3.38,2.75,39,30
2026-03-05T17:00,10.7,10.5,0.0,0.0,2.69,1.59,46,68
2026-03-05T18:00,9.9,9.8,0.0,0.0,4.17,2.61,23,33
2026-03-05T19:00,8.9,9.0,0.0,0.0,4.59,3.08,15,26
2026-03-05T20:00,8.1,7.9,0.0,0.0,4.5,3.65,41,63
2026-03-05T21:00,7.0,7.0,0.0,0.0,5.07,3.55,59,86
2026-03-05T22:00,6.7,6.6,0.0,0.0,4.66,3.35,79,72
2026-03-05T23:00,6.4,6.1,0.0,0.0,2.67,6.26,81,71
2026-03-06T00:00,6.1,5.8,0.0,0.0,7.36,9.53,69,44
2026-03-06T01:00,5.8,5.4,0.0,0.0,8.58,9.45,69,38
2026-03-06T02:00,5.5,4.9,0.0,0.0,8.34,7.7,57,100
2026-03-06T03:00,5.4,4.5,0.0,0.0,7.88,5.93,72,100
2026-03-06T04:00,5.1,4.2,0.0,0.0,6.66,5.4,74,83
2026-03-06T05:00,4.8,4.0,1.0,1.0,6.22,5.2,75,46
2026-03-06T06:00,4.9,4.4,64.0,45.0,5.53,3.86,67,97
2026-03-06T07:00,6.6,5.3,212.0,126.0,5.0,4.19,61,91
2026-03-06T08:00,8.8,7.2,372.0,267.0,3.41,3.07,39,86
2026-03-06T09:00,10.3,9.4,495.0,436.0,3.29,2.35,35,63
2026-03-06T10:00,11.3,11.1,602.0,513.0,2.57,2.07,14,88
2026-03-06T11:00,12.2,12.3,643.0,570.0,2.48,2.15,4,36
2026-03-06T12:00,12.9,13.2,613.0,614.0,2.55,3.5,11,0
2026-03-06T13:00,13.4,13.5,526.0,526.0,2.98,3.41,30,3
2026-03-06T14:00,13.4,13.4,389.0,390.0,2.61,2.17,72,3
2026-03-06T15:00,13.0,12.8,218.0,223.0,2.29,1.87,100,24
2026-03-06T16:00,12.0,11.1,59.0,60.0,1.88,5.83,100,47
2026-03-06T17:00,10.8,9.3,0.0,0.0,1.31,7.81,100,74
2026-03-06T18:00,8.9,8.9,0.0,0.0,3.7,8.8,100,68
2026-03-06T19:00,8.2,8.4,0.0,0.0,4.47,9.44,100,77
2026-03-06T20:00,8.0,8.2,0.0,0.0,7.17,10.35,98,75
2026-03-06T21:00,7.7,7.4,0.0,0.0,7.39,9.9,66,72
2026-03-06T22:00,7.0,6.5,0.0,0.0,8.03,9.2,56,42
2026-03-06T23:00,6.2,5.5,0.0,0.0,7.55,8.75,35,15
2026-03-07T00:00,5.9,5.1,0.0,0.0,7.19,7.57,43,55
2026-03-07T01:00,5.3,4.3,0.0,0.0,6.31,7.51,41,64
2026-03-07T02:00,4.6,3.8,0.0,0.0,5.2,7.01,52,54
2026-03-07T03:00,3.9,3.2,0.0,0.0,5.25,4.8,50,47
2026-03-07T04:00,3.5,2.7,0.0,0.0,5.23,4.3,65,58
2026-03-07T05:00,3.2,2.4,1.0,1.0,4.51,4.9,50,49
2026-03-07T06:00,3.5,3.5,65.0,65.0,3.9,4.05,51,60
2026-03-07T07:00,4.9,4.7,216.0,203.0,3.33,3.93,42,50
2026-03-07T08:00,6.8,6.4,380.0,367.0,1.8,2.31,49,38
2026-03-07T09:00,8.5,8.1,498.0,496.0,1.62,2.08,50,39
2026-03-07T10:00,9.9,9.3,586.0,581.0,1.81,2.11,40,41
2026-03-07T11:00,10.8,10.3,627.0,625.0,1.24,1.85,42,30
2026-03-07T12:00,12.5,10.9,608.0,603.0,1.4,2.01,29,28
2026-03-07T13:00,12.8,11.3,520.0,515.0,1.01,1.61,8,31
2026-03-07T14:00,12.7,11.3,385.0,381.0,1.33,1.67,17,30
2026-03-07T15:00,12.2,10.9,223.0,218.0,1.94,2.15,29,84
2026-03-07T16:00,11.1,10.0,64.0,60.0,3.06,2.71,24,66
2026-03-07T17:00,9.4,8.5,0.0,0.0,4.23,3.83,0,16
2026-03-07T18:00,7.9,7.5,0.0,0.0,5.62,4.51,0,6
2026-03-07T19:00,7.0,6.5,0.0,0.0,5.55,4.92,0,0
2026-03-07T20:00,6.1,5.6,0.0,0.0,5.56,4.8,0,0
2026-03-07T21:00,5.3,4.9,0.0,0.0,5.92,5.04,9,0
2026-03-07T22:00,4.6,4.3,0.0,0.0,6.86,5.29,4,0
2026-03-07T23:00,4.0,3.9,0.0,0.0,5.16,4.79,0,0
2026-03-08T00:00,3.2,3.3,0.0,0.0,3.68,4.55,0,0
2026-03-08T01:00,2.4,3.0,0.0,0.0,2.92,3.27,0,0
2026-03-08T02:00,1.8,2.4,0.0,0.0,2.76,2.57,0,0
2026-03-08T03:00,1.2,1.7,0.0,0.0,3.04,2.55,4,0
2026-03-08T04:00,0.9,1.3,0.0,0.0,3.67,3.08,87,19
2026-03-08T05:00,0.8,1.0,2.0,2.0,4.34,3.83,100,100
2026-03-08T06:00,1.5,1.4,68.0,79.0,4.13,3.95,100,86
2026-03-08T07:00,3.4,3.4,185.0,227.0,4.21,4.32,100,100
2026-03-08T08:00,5.9,5.9,333.0,380.0,3.94,3.08,100,100
2026-03-08T09:00,8.3,8.2,461.0,515.0,2.88,3.06,100,100
2026-03-08T10:00,10.2,9.7,568.0,595.0,3.34,4.22,99,100
2026-03-08T11:00,11.1,10.3,608.0,588.0,3.84,4.64,100,99
2026-03-08T12:00,12.1,11.0,610.0,520.0,4.14,4.8,48,100
2026-03-08T13:00,12.3,11.0,523.0,411.0,4.43,5.0,80,100
2026-03-08T14:00,12.0,10.6,385.0,294.0,4.73,5.2,97,100
2026-03-08T15:00,11.4,10.1,215.0,160.0,4.86,5.51,89,100
2026-03-08T16:00,10.3,9.3,63.0,51.0,5.05,5.57,40,100
2026-03-08T17:00,8.5,7.9,0.0,0.0,5.53,6.51,81,100
2026-03-08T18:00,7.4,6.9,0.0,0.0,6.15,7.4,0,100
2026-03-08T19:00,6.4,6.0,0.0,0.0,6.23,7.47,0,100
2026-03-08T20:00,5.5,5.3,0.0,0.0,5.87,7.1,0,100
2026-03-08T21:00,4.9,4.7,0.0,0.0,4.52,6.35,0,79
2026-03-08T22:00,4.5,4.0,0.0,0.0,3.46,6.08,0,64
2026-03-08T23:00,3.7,3.4,0.0,0.0,3.1,5.94,0,84
2026-03-09T00:00,2.7,2.5,0.0,0.0,2.58,4.7,42,55
2026-03-09T01:00,2.1,2.2,0.0,0.0,2.66,4.48,50,30
2026-03-09T02:00,1.8,1.7,0.0,0.0,2.77,4.21,41,1
2026-03-09T03:00,1.5,1.2,0.0,0.0,2.86,4.42,0,2
2026-03-09T04:00,1.2,1.0,0.0,0.0,3.17,4.81,3,2
2026-03-09T05:00,0.9,0.9,3.0,3.0,3.65,5.49,1,7
2026-03-09T06:00,1.4,1.5,87.0,87.0,4.72,6.27,0,0
2026-03-09T07:00,3.5,3.5,250.0,252.0,4.83,5.53,0,0
2026-03-09T08:00,6.4,5.9,417.0,419.0,2.94,2.65,0,0
2026-03-09T09:00,8.7,7.8,553.0,554.0,3.44,3.23,0,0
2026-03-09T10:00,10.2,9.4,640.0,640.0,4.13,4.13,0,0
2026-03-09T11:00,11.3,10.6,667.0,668.0,4.21,4.62,0,0
2026-03-09T12:00,12.3,11.9,635.0,635.0,4.41,4.6,0,0
2026-03-09T13:00,12.7,12.3,546.0,545.0,4.61,4.8,0,0
2026-03-09T14:00,12.6,12.2,409.0,407.0,4.82,5.19,0,0
2026-03-09T15:00,12.1,11.7,239.0,237.0,5.23,5.7,0,0
2026-03-09T16:00,10.9,10.6,73.0,72.0,5.8,6.12,0,0
2026-03-09T17:00,8.9,8.7,1.0,1.0,6.92,7.06,0,0
2026-03-09T18:00,7.8,7.7,0.0,0.0,8.06,7.25,0,0
2026-03-09T19:00,6.8,6.8,0.0,0.0,8.32,7.69,0,0
2026-03-09T20:00,5.8,5.9,0.0,0.0,7.81,7.9,0,0
2026-03-09T21:00,5.0,5.1,0.0,0.0,6.63,7.41,0,0
2026-03-09T22:00,4.0,4.2,0.0,0.0,5.29,6.17,0,0
2026-03-09T23:00,3.3,3.3,0.0,0.0,4.7,5.33,0,0
2026-03-10T00:00,2.8,2.5,0.0,0.0,4.37,4.82,0,0
2026-03-10T01:00,2.1,1.8,0.0,0.0,4.38,4.29,0,0
2026-03-10T02:00,1.6,1.3,0.0,0.0,4.31,4.28,1,2
2026-03-10T03:00,1.2,0.9,0.0,0.0,4.77,4.3,3,9
2026-03-10T04:00,1.0,0.7,0.0,0.0,5.31,4.52,6,12
2026-03-10T05:00,0.9,0.6,4.0,3.0,5.9,5.2,3,15
2026-03-10T06:00,1.5,1.7,91.0,91.0,5.9,6.6,0,0
2026-03-10T07:00,3.6,3.9,257.0,255.0,6.15,6.91,0,0
2026-03-10T08:00,6.8,7.0,424.0,422.0,5.09,4.31,0,0
2026-03-10T09:00,9.5,9.6,559.0,556.0,3.79,4.52,0,0
2026-03-10T10:00,11.4,11.5,646.0,643.0,3.79,4.73,0,0
2026-03-10T11:00,12.8,13.0,674.0,672.0,3.87,5.04,0,0
2026-03-10T12:00,14.0,13.9,642.0,643.0,3.66,4.87,0,0
2026-03-10T13:00,14.4,14.2,552.0,553.0,3.95,5.13,0,0
2026-03-10T14:00,14.4,14.1,414.0,415.0,4.04,5.64,0,0
2026-03-10T15:00,13.9,13.4,243.0,242.0,4.83,6.08,0,0
2026-03-10T16:00,12.6,12.2,75.0,75.0,5.98,6.09,0,0
2026-03-10T17:00,10.6,10.4,1.0,1.0,7.9,7.27,0,0
2026-03-10T18:00,9.3,9.3,0.0,0.0,9.44,7.58,0,0
2026-03-10T19:00,8.0,7.8,0.0,0.0,8.25,7.86,0,0
2026-03-10T20:00,7.0,6.6,0.0,0.0,7.9,7.46,0,0
2026-03-10T21:00,6.0,5.6,0.0,0.0,7.3,6.88,0,0
2026-03-10T22:00,5.0,4.5,0.0,0.0,6.5,6.2,0,0
2026-03-10T23:00,4.1,3.5,0.0,0.0,5.7,5.54,0,0
2026-03-11T00:00,3.2,2.9,0.0,0.0,5.23,5.68,3,0
2026-03-11T01:00,2.6,2.3,0.0,0.0,5.21,5.94,26,0
2026-03-11T02:00,2.1,1.8,0.0,0.0,5.57,6.49,39,0
2026-03-11T03:00,1.8,1.5,0.0,0.0,6.28,6.96,53,23
2026-03-11T04:00,1.5,1.3,0.0,0.0,6.93,7.18,52,42
2026-03-11T05:00,1.4,1.2,5.0,5.0,7.55,7.35,50,47
2026-03-11T06:00,2.0,1.8,96.0,96.0,7.26,6.79,52,15
2026-03-11T07:00,4.4,4.1,262.0,262.0,6.76,6.32,33,8
2026-03-11T08:00,7.3,6.8,431.0,429.0,3.58,3.42,4,3
2026-03-11T09:00,9.6,9.1,567.0,563.0,3.82,3.42,3,0
2026-03-11T10:00,11.3,10.8,653.0,646.0,3.43,3.11,2,3
2026-03-11T11:00,12.6,12.0,680.0,672.0,3.04,3.11,10,11
2026-03-11T12:00,13.5,13.2,645.0,645.0,3.08,3.0,45,18
2026-03-11T13:00,13.9,13.7,556.0,554.0,3.34,3.16,53,27
2026-03-11T14:00,13.8,13.7,410.0,417.0,3.53,3.43,35,27
2026-03-11T15:00,13.3,13.2,243.0,245.0,3.54,3.73,29,42
2026-03-11T16:00,12.3,12.1,78.0,77.0,3.79,4.19,63,91
2026-03-11T17:00,10.4,10.2,1.0,1.0,3.8,4.75,99,100
2026-03-11T18:00,9.3,9.2,0.0,0.0,4.19,4.11,26,81
2026-03-11T19:00,8.1,8.0,0.0,0.0,5.32,5.41,12,43
2026-03-11T20:00,7.0,6.8,0.0,0.0,7.4,7.61,20,23
2026-03-11T21:00,5.9,5.7,0.0,0.0,7.56,7.75,70,10
2026-03-11T22:00,5.1,4.9,0.0,0.0,6.72,7.01,79,13
2026-03-11T23:00,4.2,4.1,0.0,0.0,5.73,5.92,37,23
2026-03-12T00:00,4.0,3.6,0.0,0.0,4.43,5.0,97,98
2026-03-12T01:00,3.4,3.1,0.0,0.0,4.42,5.13,76,96
2026-03-12T02:00,2.9,3.0,0.0,0.0,4.61,4.66,79,98
2026-03-12T03:00,2.6,2.8,0.0,0.0,4.22,4.82,81,96
2026-03-12T04:00,2.4,2.8,0.0,0.0,4.7,5.59,82,94
2026-03-12T05:00,2.2,2.7,4.0,3.0,5.39,5.92,71,91
2026-03-12T06:00,3.3,2.8,60.0,41.0,5.64,4.63,100,99
2026-03-12T07:00,4.3,3.3,162.0,112.0,4.56,4.13,100,100
2026-03-12T08:00,5.3,4.6,241.0,215.0,4.0,3.88,100,95
2026-03-12T09:00,6.2,5.4,343.0,291.0,3.68,3.4,100,94
2026-03-12T10:00,7.2,6.7,421.0,395.0,3.37,3.16,100,87
2026-03-12T11:00,8.7,8.0,506.0,502.0,3.11,3.01,98,89
2026-03-12T12:00,9.5,9.4,491.0,494.0,2.55,3.19,95,69
2026-03-12T13:00,10.6,10.1,490.0,466.0,2.52,3.34,63,59
2026-03-12T14:00,10.9,10.3,381.0,363.0,2.86,3.53,64,52
2026-03-12T15:00,10.5,10.0,219.0,216.0,3.25,3.72,66,46
2026-03-12T16:00,9.9,9.4,71.0,73.0,3.64,4.02,86,34
2026-03-12T17:00,8.7,8.0,1.0,1.0,4.14,4.6,95,25
2026-03-12T18:00,7.5,7.6,0.0,0.0,5.28,4.45,67,46
2026-03-12T19:00,6.5,6.6,0.0,0.0,5.21,4.79,66,39
2026-03-12T20:00,5.7,5.8,0.0,0.0,5.55,5.61,57,48
2026-03-12T21:00,5.1,5.1,0.0,0.0,5.73,6.01,98,41
2026-03-12T22:00,4.5,4.6,0.0,0.0,5.68,5.92,80,86
2026-03-12T23:00,4.0,4.2,0.0,0.0,5.17,5.64,93,66
2026-03-13T00:00,3.7,3.7,0.0,0.0,4.32,4.59,52,51
2026-03-13T01:00,3.1,3.0,0.0,0.0,3.73,3.87,8,6
2026-03-13T02:00,2.5,2.4,0.0,0.0,3.64,3.64,3,7
2026-03-13T03:00,2.0,1.9,0.0,0.0,4.03,3.97,9,11
2026-03-13T04:00,1.6,1.5,0.0,0.0,4.24,4.25,11,11
2026-03-13T05:00,1.4,1.3,6.0,6.0,4.37,4.37,3,5
2026-03-13T06:00,2.4,2.3,106.0,106.0,4.99,4.3,25,0
2026-03-13T07:00,4.8,4.9,276.0,278.0,4.71,4.34,0,0
2026-03-13T08:00,7.5,7.7,445.0,446.0,2.63,2.34,0,0
2026-03-13T09:00,10.0,10.3,580.0,582.0,2.24,2.07,0,0
2026-03-13T10:00,11.9,12.2,666.0,667.0,2.21,2.24,0,0
2026-03-13T11:00,13.3,13.5,693.0,694.0,2.27,2.5,0,0
2026-03-13T12:00,14.0,14.1,659.0,658.0,1.47,2.35,6,0
2026-03-13T13:00,14.4,14.5,569.0,568.0,1.48,2.65,7,0
2026-03-13T14:00,14.4,14.4,431.0,431.0,1.59,2.94,6,0
2026-03-13T15:00,14.0,14.0,260.0,260.0,1.88,3.04,4,0
2026-03-13T16:00,13.2,13.0,87.0,88.0,2.18,3.44,0,0
2026-03-13T17:00,11.7,11.1,2.0,1.0,2.55,3.94,0,0
2026-03-13T18:00,11.0,9.9,0.0,0.0,2.71,4.22,0,0
2026-03-13T19:00,9.6,8.6,0.0,0.0,3.19,4.7,0,0
2026-03-13T20:00,8.2,7.5,0.0,0.0,4.19,4.71,0,0
2026-03-13T21:00,7.2,6.5,0.0,0.0,4.93,4.43,0,0
2026-03-13T22:00,6.2,5.3,0.0,0.0,6.99,4.78,0,0
2026-03-13T23:00,5.3,4.5,0.0,0.0,5.61,4.75,0,0
2026-03-14T00:00,4.2,4.1,0.0,0.0,5.3,5.8,0,26
2026-03-14T01:00,3.5,3.6,0.0,0.0,6.32,5.93,0,38
2026-03-14T02:00,2.9,3.2,0.0,0.0,7.65,6.88,20,38
2026-03-14T03:00,2.7,2.6,0.0,0.0,8.24,7.47,45,25
2026-03-14T04:00,2.5,2.1,0.0,0.0,8.24,7.53,63,58
2026-03-14T05:00,2.5,1.9,5.0,5.0,7.5,5.97,76,98
2026-03-14T06:00,3.6,2.5,57.0,46.0,5.0,4.65,97,100
2026-03-14T07:00,4.3,2.7,166.0,108.0,4.66,4.39,89,100
2026-03-14T08:00,5.7,3.4,301.0,191.0,4.46,4.09,77,96
2026-03-14T09:00,6.7,4.8,436.0,335.0,4.0,4.35,72,83
2026-03-14T10:00,8.0,6.0,537.0,450.0,3.8,4.27,59,84
2026-03-14T11:00,9.4,7.9,602.0,552.0,3.94,4.05,45,52
2026-03-14T12:00,8.9,11.8,555.0,664.0,4.4,4.02,25,12
2026-03-14T13:00,10.3,12.4,564.0,575.0,4.34,4.22,2,2
2026-03-14T14:00,11.1,12.6,436.0,438.0,4.52,4.44,1,0
2026-03-14T15:00,11.1,12.2,265.0,268.0,4.81,4.74,0,0
2026-03-14T16:00,10.5,11.4,90.0,92.0,5.54,5.19,0,0
2026-03-14T17:00,9.1,9.8,3.0,3.0,6.88,6.27,25,0
2026-03-14T18:00,7.8,9.2,0.0,0.0,8.62,8.23,27,14
2026-03-14T19:00,6.8,8.0,0.0,0.0,8.85,9.32,11,0
2026-03-14T20:00,6.1,6.9,0.0,0.0,9.2,8.61,0,0
2026-03-14T21:00,5.2,5.9,0.0,0.0,8.25,7.26,0,0
2026-03-14T22:00,4.5,5.2,0.0,0.0,6.81,6.86,0,0
2026-03-14T23:00,4.0,4.7,0.0,0.0,6.14,6.89,1,2
2026-03-15T00:00,3.5,3.7,0.0,0.0,6.22,6.76,38,27
2026-03-15T01:00,3.0,3.1,0.0,0.0,7.35,7.84,91,34
2026-03-15T02:00,2.5,2.7,0.0,0.0,8.43,9.24,55,15
2026-03-15T03:00,2.2,2.3,0.0,0.0,9.13,10.03,42,25
2026-03-15T04:00,2.0,2.0,0.0,0.0,9.61,10.12,16,27
2026-03-15T05:00,1.9,1.9,9.0,9.0,9.83,10.17,2,50
2026-03-15T06:00,2.6,2.7,105.0,113.0,7.73,9.47,49,94
2026-03-15T07:00,4.5,4.6,285.0,269.0,5.17,6.19,36,100
2026-03-15T08:00,6.7,6.5,457.0,401.0,6.31,7.55,32,93
2026-03-15T09:00,8.7,8.1,594.0,502.0,6.18,6.92,5,95
2026-03-15T10:00,10.4,9.5,680.0,624.0,5.17,5.97,5,93
2026-03-15T11:00,11.7,10.8,706.0,660.0,4.35,5.08,0,93
2026-03-15T12:00,12.2,11.3,638.0,667.0,3.66,4.37,99,22
2026-03-15T13:00,12.6,11.9,533.0,578.0,3.35,4.12,100,3
2026-03-15T14:00,12.6,12.0,386.0,441.0,3.13,3.69,100,3
2026-03-15T15:00,12.2,11.8,208.0,268.0,2.95,3.73,100,5
2026-03-15T16:00,11.6,11.1,73.0,93.0,3.01,3.8,94,11
2026-03-15T17:00,10.2,9.5,2.0,3.0,3.72,4.4,47,7
2026-03-15T18:00,8.9,8.7,0.0,0.0,6.59,6.0,70,4
2026-03-15T19:00,7.8,7.6,0.0,0.0,6.42,6.4,16,61
2026-03-15T20:00,6.9,6.6,0.0,0.0,5.58,6.35,13,35
2026-03-15T21:00,6.1,5.8,0.0,0.0,4.93,6.9,91,88
2026-03-15T22:00,5.5,5.3,0.0,0.0,4.91,5.7,100,87
2026-03-15T23:00,5.1,4.8,0.0,0.0,5.06,4.78,70,23
2026-03-16T00:00,4.3,3.3,0.0,0.0,4.3,4.17,16,48
2026-03-16T01:00,3.5,2.8,0.0,0.0,4.37,4.35,14,85
2026-03-16T02:00,3.0,2.5,0.0,0.0,4.3,4.62,58,36
2026-03-16T03:00,2.9,2.3,0.0,0.0,3.86,4.55,82,9
2026-03-16T04:00,2.8,2.2,0.0,0.0,3.07,4.44,86,5
2026-03-16T05:00,2.7,2.2,11.0,11.0,2.19,4.24,13,6
2026-03-16T06:00,3.1,3.3,125.0,126.0,1.77,2.08,38,0
2026-03-16T07:00,5.5,5.8,270.0,304.0,1.79,1.73,59,0
2026-03-16T08:00,8.1,8.7,378.0,472.0,1.58,0.49,80,0
2026-03-16T09:00,10.1,10.8,460.0,607.0,1.31,1.06,80,1
2026-03-16T10:00,11.5,12.1,540.0,658.0,1.5,1.94,61,75
2026-03-16T11:00,12.5,12.8,599.0,556.0,1.81,1.94,52,68
2026-03-16T12:00,12.9,13.4,464.0,562.0,1.85,1.8,64,58
2026-03-16T13:00,13.3,13.6,433.0,494.0,1.18,1.55,61,53
2026-03-16T14:00,13.4,13.6,360.0,388.0,1.39,0.92,73,66
2026-03-16T15:00,13.1,13.3,216.0,231.0,1.63,1.18,82,40
2026-03-16T16:00,12.5,12.7,75.0,95.0,1.62,1.73,66,19
2026-03-16T17:00,11.3,11.2,2.0,3.0,2.46,2.5,62,1
2026-03-16T18:00,10.4,10.4,0.0,0.0,0.79,2.0,68,13
2026-03-16T19:00,9.6,9.7,0.0,0.0,0.69,1.55,68,9
2026-03-16T20:00,8.7,9.1,0.0,0.0,0.44,1.46,63,7
2026-03-16T21:00,8.1,8.3,0.0,0.0,0.78,1.24,64,6
2026-03-16T22:00,7.8,7.5,0.0,0.0,0.88,0.9,58,10
2026-03-16T23:00,7.5,6.5,0.0,0.0,1.18,1.48,82,28
2026-03-17T00:00,6.3,5.9,0.0,0.0,1.06,2.67,45,3
2026-03-17T01:00,5.4,5.3,0.0,0.0,1.33,2.82,51,8
2026-03-17T02:00,4.4,4.5,0.0,0.0,1.14,2.77,51,11
2026-03-17T03:00,3.8,3.9,0.0,0.0,1.06,2.9,31,7
2026-03-17T04:00,3.6,3.2,0.0,0.0,0.71,3.84,12,0
2026-03-17T05:00,3.0,3.0,12.0,11.0,0.44,4.12,8,0
2026-03-17T06:00,4.0,4.5,132.0,106.0,0.89,1.18,21,72
2026-03-17T07:00,7.0,6.7,305.0,246.0,1.18,1.1,54,76
2026-03-17T08:00,9.7,9.2,463.0,361.0,0.6,0.49,57,73
2026-03-17T09:00,11.9,11.5,584.0,497.0,1.18,0.31,42,93
2026-03-17T10:00,13.0,13.1,614.0,575.0,1.84,0.69,66,76
2026-03-17T11:00,13.7,13.9,539.0,544.0,2.4,0.49,77,75
2026-03-17T12:00,13.9,14.1,539.0,451.0,3.83,1.18,89,100
2026-03-17T13:00,13.6,14.1,341.0,316.0,4.42,2.3,99,100
2026-03-17T14:00,13.2,13.9,214.0,327.0,5.04,2.91,99,100
2026-03-17T15:00,13.2,13.5,207.0,225.0,4.8,3.57,88,100
2026-03-17T16:00,12.4,12.8,91.0,82.0,5.68,4.4,100,100
2026-03-17T17:00,10.8,11.4,4.0,3.0,6.49,6.15,91,100
2026-03-17T18:00,9.4,10.0,0.0,0.0,7.25,7.37,45,100
2026-03-17T19:00,8.5,8.9,0.0,0.0,8.37,8.52,69,100
2026-03-17T20:00,7.6,8.0,0.0,0.0,8.51,9.51,69,70
2026-03-17T21:00,6.7,7.2,0.0,0.0,7.53,8.12,19,44
2026-03-17T22:00,6.0,6.5,0.0,0.0,6.79,7.94,83,22
2026-03-17T23:00,5.2,5.8,0.0,0.0,6.11,6.82,26,55
2026-03-18T00:00,4.0,4.5,0.0,0.0,6.38,5.78,88,94
2026-03-18T01:00,3.2,3.8,0.0,0.0,5.96,6.97,100,14
2026-03-18T02:00,2.8,3.3,0.0,0.0,7.35,8.02,100,13
2026-03-18T03:00,2.5,3.1,0.0,0.0,8.56,8.21,77,31
2026-03-18T04:00,2.3,2.9,0.0,0.0,9.86,9.33,100,100
2026-03-18T05:00,2.4,2.9,13.0,12.0,10.78,9.69,100,100
2026-03-18T06:00,3.8,4.3,117.0,107.0,10.43,10.4,100,100
2026-03-18T07:00,5.9,6.4,238.0,233.0,6.7,7.01,100,100
2026-03-18T08:00,8.5,8.8,389.0,409.0,6.62,6.19,100,100
2026-03-18T09:00,10.6,10.9,531.0,516.0,7.82,7.35,100,100
2026-03-18T10:00,11.9,12.5,640.0,573.0,8.56,9.46,100,100
2026-03-18T11:00,12.5,12.8,612.0,435.0,8.49,9.69,100,100
2026-03-18T12:00,12.5,13.9,481.0,602.0,9.46,8.46,100,100
2026-03-18T13:00,12.5,13.9,371.0,470.0,9.33,8.02,100,92
2026-03-18T14:00,12.1,13.7,225.0,429.0,9.17,7.53,100,51
2026-03-18T15:00,11.8,13.3,149.0,277.0,8.59,7.53,100,96
2026-03-18T16:00,11.1,12.4,51.0,89.0,7.32,7.25,100,100
2026-03-18T17:00,10.0,11.0,3.0,3.0,7.75,6.92,100,100
2026-03-18T18:00,9.1,9.4,0.0,0.0,7.63,7.36,100,100
2026-03-18T19:00,8.0,8.2,0.0,0.0,7.31,7.33,98,100
2026-03-18T20:00,7.2,7.3,0.0,0.0,6.15,6.35,94,99
2026-03-18T21:00,6.4,6.6,0.0,0.0,5.64,5.04,81,67
2026-03-18T22:00,5.6,5.9,0.0,0.0,4.51,4.34,86,84
2026-03-18T23:00,4.9,5.3,0.0,0.0,3.77,4.09,83,95
2026-03-19T00:00,4.7,4.5,0.0,0.0,4.87,4.19,100,71
2026-03-19T01:00,4.4,4.3,0.0,0.0,6.72,5.08,83,74
2026-03-19T02:00,4.1,4.1,0.0,0.0,8.81,5.9,84,76
2026-03-19T03:00,4.2,4.1,0.0,0.0,10.18,7.69,85,67
2026-03-19T04:00,4.3,4.2,0.0,0.0,10.39,10.54,69,71
2026-03-19T05:00,4.0,4.5,14.0,9.0,9.7,9.72,36,77
2026-03-19T06:00,4.8,5.1,123.0,74.0,7.71,9.02,73,90
2026-03-19T07:00,6.3,6.8,280.0,205.0,7.96,9.38,79,75
2026-03-19T08:00,7.8,8.3,439.0,438.0,9.5,10.1,63,63
2026-03-19T09:00,8.9,9.3,600.0,592.0,9.08,9.91,28,51
2026-03-19T10:00,9.7,10.1,683.0,686.0,8.53,8.66,47,47
2026-03-19T11:00,10.0,10.6,641.0,701.0,8.19,7.87,69,44
2026-03-19T12:00,9.3,10.3,476.0,599.0,7.49,8.27,64,61
2026-03-19T13:00,9.4,10.1,416.0,527.0,7.34,8.48,64,47
2026-03-19T14:00,9.5,10.2,387.0,444.0,7.35,8.7,52,22
2026-03-19T15:00,8.9,9.9,247.0,272.0,7.27,8.58,68,70
2026-03-19T16:00,8.4,9.1,83.0,84.0,6.12,8.84,63,80
2026-03-19T17:00,7.7,7.9,4.0,4.0,6.47,8.67,30,40
2026-03-19T18:00,7.2,6.4,0.0,0.0,9.56,8.61,54,37
2026-03-19T19:00,6.4,5.8,0.0,0.0,9.77,8.13,41,49
2026-03-19T20:00,5.7,5.2,0.0,0.0,9.91,8.21,56,53
2026-03-19T21:00,5.4,4.8,0.0,0.0,9.57,9.11,95,48
2026-03-19T22:00,5.3,4.4,0.0,0.0,9.1,10.49,91,79
2026-03-19T23:00,5.3,4.4,0.0,0.0,8.7,10.31,90,87
2026-03-20T00:00,5.2,4.4,0.0,0.0,8.51,10.63,96,81
2026-03-20T01:00,5.2,4.2,0.0,0.0,9.95,10.69,93,59
2026-03-20T02:00,5.4,3.9,0.0,0.0,9.96,10.5,93,72
2026-03-20T03:00,5.3,3.6,0.0,0.0,8.09,10.08,99,57
2026-03-20T04:00,4.9,3.2,0.0,0.0,6.49,9.13,84,86
2026-03-20T05:00,4.5,3.2,11.0,15.0,6.41,7.91,81,81
2026-03-20T06:00,5.0,4.2,103.0,90.0,3.9,7.56,72,90
2026-03-20T07:00,6.7,6.1,237.0,229.0,2.88,5.14,75,75
2026-03-20T08:00,8.3,8.1,362.0,404.0,2.36,5.31,77,100
2026-03-20T09:00,9.9,9.0,550.0,418.0,3.82,6.27,95,100
2026-03-20T10:00,10.4,9.4,436.0,244.0,5.64,5.7,99,100
2026-03-20T11:00,11.0,10.9,311.0,398.0,7.04,7.26,98,99
2026-03-20T12:00,11.4,11.2,340.0,380.0,8.7,7.91,99,100
2026-03-20T13:00,12.0,11.5,428.0,313.0,8.42,8.64,96,100
2026-03-20T14:00,12.4,11.6,363.0,238.0,8.39,6.8,96,100
2026-03-20T15:00,12.0,11.4,221.0,165.0,8.43,7.3,94,100
2026-03-20T16:00,11.4,11.0,83.0,68.0,7.22,5.66,99,100
2026-03-20T17:00,10.3,10.0,4.0,4.0,7.86,6.92,98,100
2026-03-20T18:00,9.2,8.9,0.0,0.0,9.21,7.1,82,82
2026-03-20T19:00,8.3,7.8,0.0,0.0,8.83,6.73,95,98
2026-03-20T20:00,7.5,7.2,0.0,0.0,8.97,8.17,92,100
2026-03-20T21:00,6.9,6.7,0.0,0.0,9.25,9.15,89,85
2026-03-20T22:00,6.5,6.1,0.0,0.0,9.44,9.61,99,36
2026-03-20T23:00,6.0,5.5,0.0,0.0,8.92,9.34,95,38
2026-03-21T00:00,6.0,5.2,0.0,0.0,8.3,7.34,100,31
2026-03-21T01:00,5.7,4.7,0.0,0.0,8.01,6.63,100,22
2026-03-21T02:00,5.6,4.3,0.0,0.0,7.51,6.3,100,39
2026-03-21T03:00,5.4,3.9,0.0,0.0,7.04,5.97,100,36
2026-03-21T04:00,5.2,3.7,0.0,0.0,6.8,5.35,100,40
2026-03-21T05:00,5.2,3.7,14.0,19.0,6.37,4.65,100,70
2026-03-21T06:00,5.9,5.2,104.0,145.0,5.04,5.26,100,56
2026-03-21T07:00,7.5,7.6,255.0,322.0,4.43,4.33,82,73
2026-03-21T08:00,9.2,9.7,404.0,467.0,3.16,2.99,99,98
2026-03-21T09:00,10.4,11.1,476.0,559.0,7.18,5.9,97,100
2026-03-21T10:00,11.7,12.3,549.0,549.0,7.53,8.19,94,77
2026-03-21T11:00,12.5,13.1,617.0,620.0,8.19,8.38,88,63
2026-03-21T12:00,13.2,13.0,660.0,604.0,8.98,7.9,36,100
2026-03-21T13:00,13.2,12.8,586.0,391.0,8.81,7.77,48,100
2026-03-21T14:00,12.9,12.4,410.0,218.0,8.91,7.07,81,100
2026-03-21T15:00,11.9,12.1,230.0,145.0,8.94,7.12,83,100
2026-03-21T16:00,10.9,11.7,71.0,43.0,8.9,6.58,86,99
2026-03-21T17:00,10.3,10.9,4.0,3.0,7.61,8.19,98,100
2026-03-21T18:00,9.0,9.4,0.0,0.0,7.59,7.33,93,90
2026-03-21T19:00,8.5,8.9,0.0,0.0,7.64,7.16,95,89
2026-03-21T20:00,8.2,8.5,0.0,0.0,7.7,7.51,94,91
2026-03-21T21:00,7.8,8.0,0.0,0.0,7.69,8.07,96,91
2026-03-21T22:00,7.6,7.6,0.0,0.0,7.97,7.48,95,93
2026-03-21T23:00,7.4,7.5,0.0,0.0,6.98,7.09,93,96
2026-03-22T00:00,7.4,7.6,0.0,0.0,7.74,7.8,94,91
2026-03-22T01:00,7.3,7.4,0.0,0.0,7.72,8.19,95,99
2026-03-22T02:00,7.1,7.3,0.0,0.0,7.87,8.4,99,94
2026-03-22T03:00,6.8,7.1,0.0,0.0,7.73,8.13,100,94
2026-03-22T04:00,6.7,6.8,0.0,0.0,7.85,7.88,100,100
2026-03-22T05:00,6.5,6.8,9.0,9.0,8.05,7.91,100,100
2026-03-22T06:00,7.0,6.9,63.0,50.0,8.04,7.53,98,100
2026-03-22T07:00,7.6,7.5,136.0,128.0,8.24,7.47,95,100
2026-03-22T08:00,8.3,8.0,200.0,194.0,7.3,7.74,88,100
2026-03-22T09:00,8.9,8.7,275.0,251.0,7.68,8.45,93,100
2026-03-22T10:00,9.5,9.2,377.0,289.0,7.7,8.16,94,100
2026-03-22T11:00,9.6,9.5,323.0,297.0,6.67,7.34,91,98
2026-03-22T12:00,11.3,9.3,437.0,244.0,6.44,7.21,90,100
2026-03-22T13:00,11.4,9.2,299.0,186.0,6.37,7.07,92,100
2026-03-22T14:00,11.4,9.0,184.0,155.0,6.1,6.52,92,99
2026-03-22T15:00,11.2,8.8,106.0,93.0,6.17,6.06,93,95
2026-03-22T16:00,10.9,8.4,38.0,40.0,5.79,5.79,90,89
2026-03-22T17:00,10.4,8.1,3.0,3.0,5.22,5.53,100,84
2026-03-22T18:00,9.8,8.2,0.0,0.0,6.93,5.97,94,93
2026-03-22T19:00,9.1,7.9,0.0,0.0,6.54,5.78,100,91
2026-03-22T20:00,8.7,7.3,0.0,0.0,5.21,5.53,100,94
2026-03-22T21:00,8.3,6.8,0.0,0.0,4.68,5.88,100,97
2026-03-22T22:00,8.1,6.6,0.0,0.0,4.0,6.15,100,95
2026-03-22T23:00,7.7,6.4,0.0,0.0,3.68,6.2,96,95
2026-03-23T00:00,7.0,6.4,0.0,0.0,3.2,5.13,82,94
2026-03-23T01:00,6.9,6.3,0.0,0.0,3.9,5.06,98,96
2026-03-23T02:00,7.0,6.3,0.0,0.0,4.73,4.92,93,100
2026-03-23T03:00,7.1,6.2,0.0,0.0,5.45,4.64,100,100
2026-03-23T04:00,7.1,6.2,0.0,0.0,5.7,5.21,100,98
2026-03-23T05:00,7.0,6.4,5.0,5.0,5.55,5.9,100,100
2026-03-23T06:00,6.9,7.0,32.0,85.0,5.48,5.76,100,86
2026-03-23T07:00,7.2,7.6,71.0,166.0,5.0,4.71,95,98
2026-03-23T08:00,7.4,7.9,107.0,161.0,4.93,4.92,99,99
2026-03-23T09:00,8.0,8.4,178.0,207.0,4.03,4.58,94,99
2026-03-23T10:00,8.5,8.8,232.0,205.0,4.65,4.57,96,100
2026-03-23T11:00,9.0,9.4,237.0,253.0,5.62,4.52,95,99
2026-03-23T12:00,8.9,10.0,212.0,313.0,3.76,5.25,96,95
2026-03-23T13:00,9.2,9.9,184.0,216.0,5.56,5.31,97,96
2026-03-23T14:00,9.2,9.6,116.0,127.0,4.51,5.31,100,100
2026-03-23T15:00,9.0,9.2,72.0,62.0,4.54,5.41,93,100
2026-03-23T16:00,8.7,8.8,30.0,23.0,4.37,4.09,97,99
2026-03-23T17:00,8.5,8.6,2.0,2.0,4.08,3.98,100,100
2026-03-23T18:00,8.4,9.6,0.0,0.0,4.44,3.27,99,97
2026-03-23T19:00,8.2,9.1,0.0,0.0,3.53,4.12,94,95
2026-03-23T20:00,8.1,8.8,0.0,0.0,3.4,4.85,100,100
2026-03-23T21:00,7.9,8.5,0.0,0.0,3.35,4.53,95,100
2026-03-23T22:00,7.7,8.1,0.0,0.0,2.29,4.12,99,100
2026-03-23T23:00,7.5,8.0,0.0,0.0,2.95,5.31,94,100
2026-03-24T00:00,7.7,7.6,0.0,0.0,2.67,3.11,91,98
2026-03-24T01:00,7.5,7.2,0.0,0.0,3.83,4.12,88,94
2026-03-24T02:00,7.5,7.0,0.0,0.0,4.9,6.01,92,95
2026-03-24T03:00,7.6,6.9,0.0,0.0,4.78,7.15,99,91
2026-03-24T04:00,7.5,6.8,0.0,0.0,4.82,6.77,91,94
2026-03-24T05:00,7.4,6.9,15.0,15.0,5.31,6.51,93,84
2026-03-24T06:00,8.3,8.0,94.0,57.0,7.23,5.37,95,97
2026-03-24T07:00,9.2,8.9,169.0,145.0,7.07,5.08,77,97
2026-03-24T08:00,10.9,9.7,390.0,201.0,4.38,3.12,78,97
2026-03-24T09:00,12.3,11.0,462.0,292.0,6.1,3.34,93,88
2026-03-24T10:00,13.0,12.7,443.0,514.0,5.27,4.78,87,82
2026-03-24T11:00,14.4,13.7,621.0,538.0,5.75,4.92,51,84
2026-03-24T12:00,15.3,14.3,518.0,507.0,5.82,6.14,70,86
2026-03-24T13:00,15.7,14.7,491.0,508.0,5.06,5.37,66,67
2026-03-24T14:00,15.6,14.7,413.0,399.0,4.82,4.47,83,75
2026-03-24T15:00,15.2,14.2,250.0,195.0,3.61,3.89,51,66
2026-03-24T16:00,14.7,13.7,104.0,99.0,2.51,2.77,47,70
2026-03-24T17:00,13.7,12.8,8.0,8.0,1.89,2.26,45,76
2026-03-24T18:00,13.1,11.5,0.0,0.0,0.84,5.77,66,55
2026-03-24T19:00,12.3,10.5,0.0,0.0,1.12,6.64,69,54
2026-03-24T20:00,11.4,9.8,0.0,0.0,2.69,6.84,83,45
2026-03-24T21:00,10.8,9.3,0.0,0.0,3.4,7.18,78,45
2026-03-24T22:00,10.2,8.8,0.0,0.0,3.55,7.29,68,46
2026-03-24T23:00,9.5,8.4,0.0,0.0,4.13,7.41,59,66
2026-03-25T00:00,8.9,9.2,0.0,0.0,3.97,3.81,70,85
2026-03-25T01:00,8.7,8.9,0.0,0.0,3.92,3.29,60,78
2026-03-25T02:00,8.3,8.7,0.0,0.0,3.92,2.72,57,62
2026-03-25T03:00,8.0,8.4,0.0,0.0,3.94,2.47,57,56
2026-03-25T04:00,7.9,7.9,0.0,0.0,3.53,1.9,61,71
2026-03-25T05:00,8.0,7.5,26.0,24.0,3.1,1.28,59,61
2026-03-25T06:00,8.6,8.8,149.0,127.0,3.11,1.95,57,75
2026-03-25T07:00,10.5,10.6,313.0,273.0,2.11,1.98,54,70
2026-03-25T08:00,12.2,12.3,471.0,441.0,1.46,1.75,52,67
2026-03-25T09:00,13.6,13.5,607.0,575.0,1.79,1.52,33,60
2026-03-25T10:00,14.8,14.6,710.0,668.0,1.39,1.24,28,31
2026-03-25T11:00,15.6,15.5,727.0,737.0,0.35,0.79,59,66
2026-03-25T12:00,15.8,15.8,535.0,470.0,1.15,1.96,96,99
2026-03-25T13:00,15.9,15.6,363.0,267.0,0.98,1.71,93,78
2026-03-25T14:00,15.9,15.8,318.0,316.0,1.37,0.75,84,77
2026-03-25T15:00,15.6,15.6,184.0,228.0,1.79,0.28,85,53
2026-03-25T16:00,15.0,15.1,66.0,102.0,2.67,1.58,78,59
2026-03-25T17:00,14.2,14.0,6.0,9.0,3.72,3.5,83,58
2026-03-25T18:00,13.2,12.8,0.0,0.0,3.06,4.02,78,52
2026-03-25T19:00,12.5,11.8,0.0,0.0,2.19,4.61,72,56
2026-03-25T20:00,11.8,11.0,0.0,0.0,2.18,5.21,63,54
2026-03-25T21:00,10.8,10.4,0.0,0.0,2.55,5.06,25,36
2026-03-25T22:00,9.9,9.9,0.0,0.0,4.13,4.44,32,20
2026-03-25T23:00,9.4,9.6,0.0,0.0,5.4,4.31,30,34
2026-03-26T00:00,8.6,9.3,0.0,0.0,5.77,5.17,35,61
2026-03-26T01:00,8.2,8.9,0.0,0.0,6.54,4.95,43,67
2026-03-26T02:00,7.8,8.5,0.0,0.0,6.59,4.61,4,0
2026-03-26T03:00,7.3,8.3,0.0,0.0,6.28,4.31,32,4
2026-03-26T04:00,7.0,7.8,0.0,0.0,6.11,3.46,56,0
2026-03-26T05:00,7.0,7.2,23.0,31.0,5.4,3.7,83,41
2026-03-26T06:00,7.9,8.1,171.0,175.0,5.57,4.57,87,100
2026-03-26T07:00,10.0,10.0,347.0,313.0,5.33,4.74,78,100
2026-03-26T08:00,12.3,12.2,514.0,493.0,4.23,3.46,37,18
2026-03-26T09:00,14.3,14.3,651.0,647.0,3.89,4.29,43,34
2026-03-26T10:00,15.9,15.9,725.0,730.0,4.41,5.6,76,6
2026-03-26T11:00,17.1,16.9,744.0,754.0,5.13,6.02,41,99
2026-03-26T12:00,18.2,17.6,704.0,703.0,5.13,6.18,100,100
2026-03-26T13:00,18.3,17.6,495.0,573.0,5.29,6.61,79,100
2026-03-26T14:00,18.4,17.3,426.0,434.0,4.55,7.01,74,100
2026-03-26T15:00,17.9,16.7,236.0,259.0,6.34,7.19,63,100
2026-03-26T16:00,16.5,15.7,99.0,102.0,8.48,7.66,87,100
2026-03-26T17:00,14.7,14.2,9.0,9.0,10.08,8.95,75,100
2026-03-26T18:00,13.2,13.2,0.0,0.0,10.92,10.57,70,94
2026-03-26T19:00,11.6,11.7,0.0,0.0,10.26,9.8,68,22
2026-03-26T20:00,10.3,10.2,0.0,0.0,8.98,8.77,100,84
2026-03-26T21:00,9.2,9.0,0.0,0.0,8.99,8.41,74,96
2026-03-26T22:00,8.0,8.1,0.0,0.0,9.29,8.55,12,100
2026-03-26T23:00,7.0,7.3,0.0,0.0,8.88,8.52,10,80
2026-03-27T00:00,6.0,6.3,0.0,0.0,8.43,8.23,57,50
2026-03-27T01:00,5.6,5.8,0.0,0.0,8.05,8.6,100,70
2026-03-27T02:00,5.1,5.2,0.0,0.0,8.48,9.08,100,69
2026-03-27T03:00,5.0,4.7,0.0,0.0,9.01,9.37,97,77
2026-03-27T04:00,5.1,4.5,0.0,0.0,10.15,10.11,97,96
2026-03-27T05:00,5.5,5.1,17.0,15.0,10.27,10.66,98,98
2026-03-27T06:00,7.2,6.0,108.0,66.0,10.24,10.86,93,99
2026-03-27T07:00,8.3,6.7,215.0,131.0,10.41,10.77,91,95
2026-03-27T08:00,9.9,7.9,352.0,229.0,10.01,10.93,98,98
2026-03-27T09:00,11.3,9.4,384.0,275.0,10.23,10.81,100,97
2026-03-27T10:00,12.9,11.2,456.0,371.0,11.17,11.07,100,99
2026-03-27T11:00,13.9,12.9,431.0,446.0,10.48,11.72,100,84
2026-03-27T12:00,13.6,14.0,426.0,283.0,11.86,10.9,100,91
2026-03-27T13:00,13.4,14.6,247.0,398.0,12.25,12.14,100,95
2026-03-27T14:00,13.0,14.6,177.0,235.0,12.45,12.16,100,91
2026-03-27T15:00,12.4,13.9,93.0,137.0,12.45,12.84,96,95
2026-03-27T16:00,11.3,12.5,41.0,41.0,11.17,12.16,100,100
2026-03-27T17:00,10.3,11.3,3.0,2.0,10.61,11.65,100,99
2026-03-27T18:00,10.3,10.4,0.0,0.0,11.24,11.07,100,100
2026-03-27T19:00,9.4,9.5,0.0,0.0,10.53,10.7,100,100
2026-03-27T20:00,8.7,8.8,0.0,0.0,10.55,10.77,100,100
2026-03-27T21:00,8.4,8.5,0.0,0.0,10.03,10.76,100,100
2026-03-27T22:00,8.0,8.2,0.0,0.0,10.66,10.63,100,100
2026-03-27T23:00,7.9,8.2,0.0,0.0,11.55,11.54,100,100
2026-03-28T00:00,7.8,8.1,0.0,0.0,11.44,11.63,100,100
2026-03-28T01:00,7.8,8.0,0.0,0.0,11.67,11.74,100,100
2026-03-28T02:00,7.8,8.0,0.0,0.0,11.53,12.12,100,100
2026-03-28T03:00,7.9,8.0,0.0,0.0,11.74,11.71,100,100
2026-03-28T04:00,7.9,7.9,0.0,0.0,12.13,11.19,100,100
2026-03-28T05:00,8.1,7.8,4.0,5.0,10.79,10.1,100,100
2026-03-28T06:00,8.9,8.4,40.0,21.0,9.11,10.69,100,100
2026-03-28T07:00,9.4,8.4,93.0,33.0,8.81,8.97,100,100
2026-03-28T08:00,9.7,8.6,113.0,55.0,9.08,6.75,100,100
2026-03-28T09:00,9.8,8.9,122.0,87.0,8.54,6.41,100,100
2026-03-28T10:00,10.5,9.1,192.0,92.0,7.69,6.53,99,100
2026-03-28T11:00,11.2,9.2,298.0,95.0,7.5,6.84,100,100
2026-03-28T12:00,11.5,9.9,201.0,121.0,6.66,8.52,100,100
2026-03-28T13:00,12.2,10.1,276.0,112.0,7.11,8.39,100,100
2026-03-28T14:00,12.3,10.0,237.0,103.0,6.51,7.51,100,100
2026-03-28T15:00,11.9,10.2,173.0,110.0,6.25,6.61,98,92
2026-03-28T16:00,11.6,10.1,89.0,60.0,5.39,6.69,100,88
2026-03-28T17:00,10.7,9.7,8.0,7.0,5.98,6.44,85,86
2026-03-28T18:00,10.0,9.4,0.0,0.0,4.52,8.34,100,63
2026-03-28T19:00,9.1,9.1,0.0,0.0,5.37,9.27,88,78
2026-03-28T20:00,8.7,8.7,0.0,0.0,6.33,8.43,97,86
2026-03-28T21:00,8.6,8.3,0.0,0.0,5.92,9.14,77,81
2026-03-28T22:00,8.2,8.0,0.0,0.0,5.92,8.75,89,100
2026-03-28T23:00,8.1,7.8,0.0,0.0,6.26,8.45,100,100
2026-03-29T00:00,7.9,7.8,0.0,0.0,5.25,6.94,99,100
2026-03-29T01:00,7.8,7.4,0.0,0.0,4.95,7.78,100,100
2026-03-29T02:00,7.7,7.3,0.0,0.0,5.19,6.24,100,100
2026-03-29T03:00,7.6,7.3,0.0,0.0,4.92,6.45,100,100
2026-03-29T04:00,7.6,7.3,0.0,0.0,4.79,6.88,100,100
2026-03-29T05:00,7.8,7.5,12.0,19.0,4.65,6.6,100,100
2026-03-29T06:00,8.4,8.8,64.0,44.0,4.12,6.26,100,100
2026-03-29T07:00,9.0,9.3,76.0,71.0,3.97,5.86,100,100
2026-03-29T08:00,9.4,9.4,93.0,91.0,3.33,5.21,100,100
2026-03-29T09:00,10.0,9.4,153.0,84.0,3.04,5.52,100,100
2026-03-29T10:00,10.5,9.9,152.0,119.0,4.57,6.1,100,100
2026-03-29T11:00,10.8,10.5,170.0,175.0,5.68,4.5,100,100
2026-03-29T12:00,9.9,10.2,121.0,80.0,8.18,5.8,100,100
2026-03-29T13:00,10.1,10.3,114.0,102.0,7.12,6.89,100,100
2026-03-29T14:00,9.8,10.6,64.0,81.0,6.93,7.8,100,100
2026-03-29T15:00,9.6,10.5,35.0,48.0,7.08,7.68,100,100
2026-03-29T16:00,9.6,10.6,18.0,21.0,9.32,7.58,100,100
2026-03-29T17:00,9.6,10.4,2.0,2.0,8.14,6.38,100,100
2026-03-29T18:00,9.7,10.3,0.0,0.0,6.14,4.35,100,100
2026-03-29T19:00,9.5,9.9,0.0,0.0,7.13,5.69,100,100
2026-03-29T20:00,9.5,9.7,0.0,0.0,8.76,6.49,100,100
2026-03-29T21:00,9.4,9.6,0.0,0.0,8.4,6.86,100,94
2026-03-29T22:00,9.3,9.4,0.0,0.0,8.19,6.61,100,100
2026-03-29T23:00,9.2,9.3,0.0,0.0,9.58,6.31,100,100
2026-03-30T00:00,9.1,9.2,0.0,0.0,9.27,6.91,100,100
2026-03-30T01:00,9.0,9.1,0.0,0.0,9.17,7.89,98,100
2026-03-30T02:00,8.9,9.1,0.0,0.0,8.52,8.46,97,100
2026-03-30T03:00,8.9,9.2,0.0,0.0,7.55,8.39,97,100
2026-03-30T04:00,8.9,9.1,0.0,0.0,6.55,7.49,100,100
2026-03-30T05:00,9.0,9.0,8.0,7.0,6.57,7.39,100,99
2026-03-30T06:00,9.7,9.3,64.0,28.0,8.03,6.49,93,100
2026-03-30T07:00,10.8,9.6,163.0,53.0,7.6,6.24,94,100
2026-03-30T08:00,12.0,10.1,249.0,112.0,5.9,5.63,93,100
2026-03-30T09:00,13.2,10.9,315.0,162.0,4.23,3.73,100,100
2026-03-30T10:00,14.1,11.7,367.0,215.0,3.98,3.27,100,100
2026-03-30T11:00,15.0,12.4,413.0,247.0,4.56,4.23,99,100
2026-03-30T12:00,14.1,13.8,300.0,282.0,4.65,4.21,95,99
2026-03-30T13:00,14.8,14.0,309.0,220.0,5.11,5.17,88,99
2026-03-30T14:00,14.9,14.0,295.0,188.0,6.99,5.94,93,100
2026-03-30T15:00,14.2,13.6,145.0,131.0,6.84,6.71,100,100
2026-03-30T16:00,13.6,12.8,62.0,59.0,7.96,6.73,99,100
2026-03-30T17:00,12.7,12.1,8.0,6.0,8.51,6.72,100,100
2026-03-30T18:00,11.7,11.8,0.0,0.0,9.58,6.45,100,98
2026-03-30T19:00,10.9,11.1,0.0,0.0,8.22,7.1,100,91
2026-03-30T20:00,10.2,10.4,0.0,0.0,7.27,7.24,100,94
2026-03-30T21:00,9.5,9.9,0.0,0.0,6.66,6.49,100,95
2026-03-30T22:00,8.9,9.5,0.0,0.0,6.37,6.31,100,99
2026-03-30T23:00,8.3,8.8,0.0,0.0,6.07,6.53,99,91
2026-03-31T00:00,7.8,8.4,0.0,0.0,5.87,6.23,100,100
2026-03-31T01:00,7.4,8.0,0.0,0.0,6.03,5.78,100,100
2026-03-31T02:00,7.0,7.7,0.0,0.0,6.05,6.05,100,100
2026-03-31T03:00,6.8,7.5,0.0,0.0,5.78,5.66,96,100
2026-03-31T04:00,6.4,7.3,0.0,0.0,6.01,5.88,98,100
2026-03-31T05:00,6.4,7.2,17.0,15.0,5.53,5.7,98,100
2026-03-31T06:00,6.3,6.6,66.0,95.0,5.44,6.5,99,100
2026-03-31T07:00,7.0,7.5,148.0,241.0,5.22,6.0,96,86
2026-03-31T08:00,7.7,8.7,214.0,382.0,4.81,5.76,97,84
2026-03-31T09:00,8.9,10.0,270.0,484.0,4.16,5.96,100,83
2026-03-31T10:00,10.7,11.3,448.0,537.0,3.91,5.55,96,87
2026-03-31T11:00,12.1,12.8,423.0,561.0,4.85,5.86,98,83
2026-03-31T12:00,11.1,13.9,317.0,433.0,3.98,6.02,100,100
2026-03-31T13:00,11.9,13.9,352.0,357.0,4.31,5.27,90,87
2026-03-31T14:00,12.2,14.2,209.0,336.0,2.86,3.94,90,70
2026-03-31T15:00,11.9,14.1,148.0,272.0,1.9,2.73,97,70
2026-03-31T16:00,11.4,13.1,70.0,116.0,1.32,2.11,94,61
2026-03-31T17:00,10.5,11.5,9.0,13.0,1.46,2.23,88,52
2026-03-31T18:00,10.2,10.7,0.0,0.0,2.64,1.39,61,42
2026-03-31T19:00,9.7,10.0,0.0,0.0,3.01,0.71,55,57
2026-03-31T20:00,9.4,9.6,0.0,0.0,3.77,2.02,68,56
2026-03-31T21:00,8.7,9.2,0.0,0.0,5.47,2.45,81,63
2026-03-31T22:00,7.9,8.5,0.0,0.0,6.53,2.15,67,96
2026-03-31T23:00,7.6,7.7,0.0,0.0,6.54,2.55,70,83
2026-04-01T00:00,7.8,8.2,0.0,0.0,4.3,3.68,78,96
2026-04-01T01:00,7.6,7.7,0.0,0.0,3.78,5.82,77,68
2026-04-01T02:00,7.4,7.8,0.0,0.0,3.55,9.46,80,75
2026-04-01T03:00,7.1,8.1,0.0,0.0,2.31,9.79,76,100
2026-04-01T04:00,6.8,7.9,0.0,0.0,1.94,9.13,72,67
2026-04-01T05:00,6.9,8.1,39.0,39.0,2.36,9.05,57,62
2026-04-01T06:00,8.3,8.9,137.0,141.0,2.75,7.27,81,64
2026-04-01T07:00,9.9,10.7,293.0,320.0,1.57,4.74,71,55
2026-04-01T08:00,11.5,12.5,406.0,485.0,2.76,6.57,88,78
2026-04-01T09:00,12.6,13.3,426.0,425.0,3.45,6.4,91,74
2026-04-01T10:00,13.3,14.4,395.0,526.0,2.69,5.25,78,92
2026-04-01T11:00,14.1,14.8,458.0,472.0,2.45,5.49,85,88
2026-04-01T12:00,14.2,14.7,338.0,448.0,2.85,3.63,88,84
2026-04-01T13:00,14.9,15.3,430.0,512.0,3.04,3.69,68,44
2026-04-01T14:00,15.1,15.5,389.0,427.0,3.63,3.38,74,59
2026-04-01T15:00,14.8,15.1,293.0,305.0,4.04,3.29,51,3
2026-04-01T16:00,13.9,14.1,143.0,147.0,5.05,4.06,38,0
2026-04-01T17:00,12.4,12.4,16.0,16.0,7.01,5.12,100,18
2026-04-01T18:00,11.1,11.8,0.0,0.0,9.16,6.14,30,96
2026-04-01T19:00,10.3,10.9,0.0,0.0,10.74,7.22,92,4
2026-04-01T20:00,9.7,9.8,0.0,0.0,10.94,9.33,61,49
2026-04-01T21:00,9.3,9.2,0.0,0.0,11.07,10.25,99,36
2026-04-01T22:00,9.0,8.6,0.0,0.0,11.41,8.81,100,42
2026-04-01T23:00,8.7,8.0,0.0,0.0,10.43,7.78,100,43
2026-04-02T00:00,8.6,8.1,0.0,0.0,11.24,9.81,100,100
2026-04-02T01:00,8.4,8.2,0.0,0.0,11.36,9.65,100,100
2026-04-02T02:00,8.4,8.2,0.0,0.0,10.27,8.51,100,100
2026-04-02T03:00,8.4,8.3,0.0,0.0,9.96,8.38,100,100
2026-04-02T04:00,8.5,8.5,0.0,0.0,9.96,8.01,100,100
2026-04-02T05:00,8.7,8.8,10.0,19.0,10.21,9.42,100,100
2026-04-02T06:00,8.7,9.1,18.0,51.0,10.59,10.42,100,100
2026-04-02T07:00,9.0,9.7,41.0,93.0,11.14,9.98,100,100
2026-04-02T08:00,9.2,10.3,93.0,132.0,11.55,9.17,100,97
2026-04-02T09:00,9.5,11.4,115.0,203.0,12.17,10.47,100,98
2026-04-02T10:00,9.9,12.5,144.0,291.0,12.8,10.8,100,100
2026-04-02T11:00,10.2,12.9,110.0,233.0,11.9,10.43,100,100
2026-04-02T12:00,10.5,12.7,117.0,201.0,11.13,12.1,100,100
2026-04-02T13:00,10.8,12.3,72.0,157.0,10.85,10.25,100,100
2026-04-02T14:00,10.9,11.7,61.0,74.0,11.08,8.98,100,100
2026-04-02T15:00,10.6,11.3,38.0,32.0,10.47,7.89,99,100
2026-04-02T16:00,10.2,11.1,13.0,12.0,9.82,7.81,100,100
2026-04-02T17:00,9.9,10.9,2.0,2.0,9.17,7.65,100,100
2026-04-02T18:00,9.9,10.2,0.0,0.0,9.05,10.32,100,100
2026-04-02T19:00,9.7,9.8,0.0,0.0,8.99,9.92,100,100
2026-04-02T20:00,9.5,9.5,0.0,0.0,8.24,9.15,100,100
2026-04-02T21:00,9.3,9.3,0.0,0.0,9.15,8.35,100,100
2026-04-02T22:00,9.2,9.1,0.0,0.0,9.15,8.01,99,100
2026-04-02T23:00,9.1,9.0,0.0,0.0,8.75,7.45,100,100
2026-04-03T00:00,8.9,9.0,0.0,0.0,7.51,6.2,98,100
2026-04-03T01:00,8.8,9.0,0.0,0.0,7.62,5.7,100,100
2026-04-03T02:00,8.8,8.9,0.0,0.0,7.06,5.57,99,100
2026-04-03T03:00,8.7,8.9,0.0,0.0,7.76,6.04,99,100
2026-04-03T04:00,8.7,8.9,0.0,0.0,7.23,6.23,100,100
2026-04-03T05:00,8.9,9.0,12.0,7.0,7.45,5.85,100,100
2026-04-03T06:00,9.1,9.5,41.0,50.0,6.02,6.45,100,99
2026-04-03T07:00,9.7,10.1,71.0,74.0,6.13,6.14,100,100
2026-04-03T08:00,10.5,10.9,120.0,122.0,6.48,5.64,100,100
2026-04-03T09:00,11.1,11.4,176.0,136.0,5.92,4.8,95,100
2026-04-03T10:00,12.5,12.2,287.0,165.0,5.52,3.69,97,100
2026-04-03T11:00,13.2,13.0,223.0,254.0,4.91,2.98,100,100
2026-04-03T12:00,13.3,12.3,203.0,115.0,4.81,3.96,100,100
2026-04-03T13:00,13.1,13.1,144.0,197.0,4.57,5.47,100,100
2026-04-03T14:00,13.2,13.4,126.0,181.0,3.86,5.43,100,94
2026-04-03T15:00,13.6,13.4,192.0,134.0,3.88,6.23,81,96
2026-04-03T16:00,13.4,12.9,118.0,80.0,3.63,5.86,100,100
2026-04-03T17:00,12.4,12.3,14.0,13.0,3.88,6.11,94,100
2026-04-03T18:00,11.4,12.0,0.0,0.0,3.46,3.89,84,100
2026-04-03T19:00,11.0,11.4,0.0,0.0,3.43,4.7,82,100
2026-04-03T20:00,10.6,11.0,0.0,0.0,4.13,5.23,89,96
2026-04-03T21:00,10.4,10.9,0.0,0.0,4.25,5.41,72,86
2026-04-03T22:00,10.1,10.7,0.0,0.0,3.74,5.65,86,86
2026-04-03T23:00,9.9,10.6,0.0,0.0,3.4,5.54,91,98
2026-04-04T00:00,9.7,10.0,0.0,0.0,2.98,2.87,96,100
2026-04-04T01:00,9.5,9.8,0.0,0.0,2.02,2.87,90,100
2026-04-04T02:00,9.4,9.7,0.0,0.0,1.77,3.24,86,100
2026-04-04T03:00,9.3,9.5,0.0,0.0,2.12,4.74,89,97
2026-04-04T04:00,9.1,9.5,0.0,0.0,3.27,4.53,96,100
2026-04-04T05:00,9.4,9.7,18.0,15.0,4.97,3.67,98,100
2026-04-04T06:00,10.5,10.7,107.0,86.0,3.12,3.47,90,100
2026-04-04T07:00,11.8,11.9,189.0,216.0,3.54,3.4,93,96
2026-04-04T08:00,13.7,14.0,350.0,429.0,2.08,1.61,94,85
2026-04-04T09:00,15.3,16.1,500.0,571.0,1.81,4.25,100,95
2026-04-04T10:00,16.2,17.0,590.0,584.0,2.06,4.92,86,95
2026-04-04T11:00,16.3,17.2,561.0,495.0,3.47,4.39,92,96
2026-04-04T12:00,17.5,15.8,528.0,565.0,4.08,3.95,76,100
2026-04-04T13:00,17.3,16.5,355.0,559.0,4.13,3.34,94,100
2026-04-04T14:00,17.3,16.5,268.0,309.0,2.83,3.44,88,99
2026-04-04T15:00,16.8,16.4,179.0,202.0,2.89,2.88,93,99
2026-04-04T16:00,15.2,15.7,94.0,74.0,4.12,2.15,68,90
2026-04-04T17:00,14.1,14.0,16.0,11.0,4.17,3.9,52,95
2026-04-04T18:00,13.1,12.5,0.0,0.0,6.73,4.19,55,98
2026-04-04T19:00,12.3,12.0,0.0,0.0,6.51,4.83,65,95
2026-04-04T20:00,11.8,11.5,0.0,0.0,7.19,4.47,62,89
2026-04-04T21:00,11.4,11.1,0.0,0.0,7.38,2.32,51,59
2026-04-04T22:00,11.0,10.4,0.0,0.0,6.65,2.98,49,39
2026-04-04T23:00,10.5,9.9,0.0,0.0,6.27,3.68,46,33
2026-04-05T00:00,10.3,9.9,0.0,0.0,6.04,2.41,55,33
2026-04-05T01:00,10.0,9.4,0.0,0.0,6.33,2.45,69,42
2026-04-05T02:00,9.9,9.0,0.0,0.0,5.65,2.57,74,55
2026-04-05T03:00,9.7,8.6,0.0,0.0,4.18,2.09,64,75
2026-04-05T04:00,9.4,8.1,0.0,0.0,3.15,2.2,70,100
2026-04-05T05:00,9.6,8.2,57.0,51.0,2.55,1.27,45,100
2026-04-05T06:00,10.5,9.7,219.0,207.0,2.16,2.16,43,99
2026-04-05T07:00,12.6,12.2,395.0,391.0,2.26,2.39,24,71
2026-04-05T08:00,15.0,14.6,570.0,575.0,1.58,2.09,7,34
2026-04-05T09:00,16.8,16.4,701.0,667.0,1.18,1.73,5,4
2026-04-05T10:00,18.1,17.6,773.0,722.0,0.49,0.71,7,7
2026-04-05T11:00,18.9,18.2,735.0,742.0,0.4,1.39,74,100
2026-04-05T12:00,19.2,18.6,541.0,586.0,1.04,2.11,94,89
2026-04-05T13:00,19.1,18.6,368.0,431.0,1.93,3.29,94,71
2026-04-05T14:00,18.7,18.4,304.0,337.0,3.29,3.85,84,48
2026-04-05T15:00,18.4,18.0,266.0,251.0,2.7,3.81,1,42
2026-04-05T16:00,17.7,17.2,157.0,161.0,2.86,3.88,22,34
2026-04-05T17:00,16.0,15.9,21.0,22.0,3.92,4.67,5,6
2026-04-05T18:00,15.6,14.8,0.0,0.0,4.99,5.18,0,19
2026-04-05T19:00,14.6,13.7,0.0,0.0,5.83,5.48,0,13
2026-04-05T20:00,13.7,12.8,0.0,0.0,5.49,5.74,0,6
2026-04-05T21:00,12.9,12.1,0.0,0.0,5.43,5.91,0,0
2026-04-05T22:00,12.2,11.6,0.0,0.0,5.59,5.92,2,0
2026-04-05T23:00,11.7,11.1,0.0,0.0,5.58,5.7,6,0
2026-04-06T00:00,11.0,10.7,0.0,0.0,5.98,5.49,0,0
2026-04-06T01:00,10.5,10.3,0.0,0.0,6.49,5.23,0,0
2026-04-06T02:00,10.2,9.9,0.0,0.0,6.82,4.91,1,0
2026-04-06T03:00,9.9,9.6,0.0,0.0,7.08,4.61,0,0
2026-04-06T04:00,9.6,9.3,0.0,0.0,6.98,4.51,0,0
2026-04-06T05:00,10.0,9.8,67.0,63.0,6.61,4.64,0,0
2026-04-06T06:00,11.4,11.4,229.0,233.0,6.39,4.8,0,0
2026-04-06T07:00,13.4,13.5,411.0,426.0,4.21,4.4,0,0
2026-04-06T08:00,15.6,15.6,575.0,591.0,4.26,4.03,0,0
2026-04-06T09:00,17.8,17.5,701.0,713.0,4.93,3.64,0,0
2026-04-06T10:00,19.5,19.1,776.0,773.0,5.49,4.25,0,10
2026-04-06T11:00,20.8,20.2,794.0,784.0,5.94,5.09,0,21
2026-04-06T12:00,21.6,20.8,721.0,739.0,7.18,5.59,89,31
2026-04-06T13:00,21.9,21.0,622.0,608.0,7.18,5.57,100,30
2026-04-06T14:00,21.7,20.8,448.0,432.0,7.47,5.64,100,28
2026-04-06T15:00,21.2,20.2,268.0,289.0,7.42,5.79,90,27
2026-04-06T16:00,20.6,19.2,134.0,152.0,7.03,6.64,86,22
2026-04-06T17:00,19.2,17.6,19.0,22.0,8.39,7.76,81,18
2026-04-06T18:00,18.1,17.1,0.0,0.0,10.31,9.24,76,13
2026-04-06T19:00,16.9,16.0,0.0,0.0,9.6,9.35,32,24
2026-04-06T20:00,15.8,15.2,0.0,0.0,8.97,9.3,0,36
2026-04-06T21:00,15.2,14.6,0.0,0.0,9.38,9.06,63,47
2026-04-06T22:00,14.6,13.9,0.0,0.0,10.22,8.73,11,50
2026-04-06T23:00,13.2,14.5,0.0,0.0,6.7,10.42,0,53
2026-04-07T00:00,11.9,13.1,0.0,0.0,9.11,8.37,0,56
2026-04-07T01:00,10.9,11.1,0.0,0.0,7.55,2.73,9,51
2026-04-07T02:00,10.1,10.2,0.0,0.0,9.11,5.3,0,47
2026-04-07T03:00,9.1,9.4,0.0,0.0,7.94,8.13,0,42
2026-04-07T04:00,8.4,8.8,1.0,1.0,6.96,8.56,1,52
2026-04-07T05:00,8.7,9.1,73.0,71.0,6.14,7.36,8,61
2026-04-07T06:00,9.4,9.7,228.0,260.0,3.19,6.41,38,71
2026-04-07T07:00,11.0,11.1,397.0,478.0,1.59,5.71,33,60
2026-04-07T08:00,12.6,12.6,571.0,692.0,1.14,4.96,27,48
2026-04-07T09:00,14.0,13.8,704.0,843.0,1.63,3.51,49,37
2026-04-07T10:00,15.2,14.9,709.0,919.8,3.08,2.46,89,58
2026-04-07T11:00,15.8,15.9,644.0,884.5,5.83,2.65,100,57
2026-04-07T12:00,16.5,16.8,584.0,523.8,7.05,4.44,99,34
2026-04-07T13:00,17.2,16.9,485.0,311.0,7.54,5.98,59,30
2026-04-07T14:00,17.1,17.1,372.0,239.0,7.81,5.92,0,49
2026-04-07T15:00,17.2,17.2,334.0,147.0,6.18,6.1,41,67
2026-04-07T16:00,16.1,17.3,152.0,72.0,5.14,8.08,44,55
2026-04-07T17:00,15.0,16.3,23.0,16.0,1.58,10.95,65,44
2026-04-07T18:00,13.3,13.9,0.0,0.0,7.01,10.8,3,32
2026-04-07T19:00,11.9,11.8,0.0,0.0,7.66,8.72,40,91
2026-04-07T20:00,10.9,10.9,0.0,0.0,5.74,5.41,99,95
2026-04-07T21:00,10.2,10.2,0.0,0.0,3.74,4.86,93,98
2026-04-07T22:00,8.5,9.9,0.0,0.0,1.12,5.53,98,95
2026-04-07T23:00,8.3,8.7,0.0,0.0,2.05,3.65,100,92
2026-04-08T00:00,7.8,7.5,0.0,0.0,2.55,5.52,100,89
2026-04-08T01:00,7.3,6.8,0.0,0.0,6.5,6.93,0,78
2026-04-08T02:00,6.5,6.4,0.0,0.0,9.38,9.16,29,66
2026-04-08T03:00,5.8,6.2,0.0,0.0,8.62,10.86,51,55
2026-04-08T04:00,5.4,5.7,1.0,1.0,7.69,10.19,45,37
2026-04-08T05:00,6.0,6.4,72.0,73.0,7.47,7.36,0,18
2026-04-08T06:00,7.8,7.7,259.0,220.0,5.19,2.85,0,0
2026-04-08T07:00,10.1,9.4,448.0,461.0,3.53,2.37,1,0
2026-04-08T08:00,11.8,10.8,559.0,528.0,6.84,5.14,77,0
2026-04-08T09:00,12.2,12.0,516.0,576.0,7.01,5.33,97,0
2026-04-08T10:00,12.9,12.7,620.0,564.0,6.7,4.57,76,18
2026-04-08T11:00,13.0,13.2,681.0,438.0,6.25,4.37,84,36
2026-04-08T12:00,13.7,12.8,576.0,624.0,5.38,3.35,100,54
2026-04-08T13:00,13.8,12.8,424.0,601.0,4.35,3.38,92,60
2026-04-08T14:00,14.0,13.1,425.0,483.0,3.65,3.66,61,67
2026-04-08T15:00,13.8,13.1,305.0,382.0,2.07,2.67,54,73
2026-04-08T16:00,13.5,12.6,118.0,178.0,2.45,2.0,99,70
2026-04-08T17:00,12.2,11.4,19.0,26.0,4.8,2.22,54,66
2026-04-08T18:00,10.6,9.8,0.0,0.0,4.97,4.55,30,63
2026-04-08T19:00,9.1,8.7,0.0,0.0,7.91,3.7,50,69
2026-04-08T20:00,8.2,8.0,0.0,0.0,9.11,2.61,67,76
2026-04-08T21:00,7.8,7.4,0.0,0.0,8.3,2.02,66,82
2026-04-08T22:00,7.5,6.4,0.0,0.0,5.49,1.95,86,55
2026-04-08T23:00,7.4,5.8,0.0,0.0,2.67,0.53,100,27
2026-04-09T00:00,7.3,5.6,0.0,0.0,3.72,3.66,83,0
2026-04-09T01:00,6.9,5.3,0.0,0.0,3.94,3.76,100,9
2026-04-09T02:00,6.8,5.2,0.0,0.0,4.51,3.17,100,18
2026-04-09T03:00,6.4,5.1,0.0,0.0,3.34,2.26,100,27
2026-04-09T04:00,6.4,5.0,1.0,2.0,3.19,2.37,100,41
2026-04-09T05:00,6.6,5.5,26.0,48.0,1.58,1.93,100,54
2026-04-09T06:00,7.1,7.3,219.0,249.0,4.57,3.02,57,68
2026-04-09T07:00,8.7,8.9,415.0,447.0,3.59,1.36,33,73
2026-04-09T08:00,9.9,9.8,550.0,602.0,2.24,1.69,14,77
2026-04-09T09:00,10.7,10.3,584.0,692.0,1.27,1.31,97,82
2026-04-09T10:00,11.2,11.0,648.0,592.0,1.06,0.35,100,66
2026-04-09T11:00,11.5,11.8,553.0,617.0,1.18,0.77,100,50
2026-04-09T12:00,12.1,12.0,536.0,479.0,1.5,2.29,100,34
2026-04-09T13:00,11.9,11.9,385.0,344.0,1.63,2.16,100,56
2026-04-09T14:00,11.7,11.9,306.0,348.0,2.21,2.16,100,78
2026-04-09T15:00,11.1,10.9,197.0,221.0,2.04,2.35,100,100
2026-04-09T16:00,10.9,10.3,113.0,97.0,0.53,0.93,49,100
2026-04-09T17:00,10.3,9.7,27.0,20.0,1.96,0.69,74,100
2026-04-09T18:00,8.4,8.5,0.0,0.0,1.47,3.11,79,100
2026-04-09T19:00,7.7,6.8,0.0,0.0,2.46,6.42,91,100
2026-04-09T20:00,6.9,6.2,0.0,0.0,4.52,4.48,98,100
2026-04-09T21:00,6.1,5.6,0.0,0.0,5.71,4.21,97,100
2026-04-09T22:00,5.8,5.2,0.0,0.0,3.95,5.04,97,100
2026-04-09T23:00,5.6,5.0,0.0,0.0,5.17,6.36,95,100
2026-04-10T00:00,5.2,6.4,0.0,0.0,4.82,4.31,100,100
2026-04-10T01:00,5.2,5.9,0.0,0.0,5.92,5.61,100,100
2026-04-10T02:00,5.1,5.3,0.0,0.0,5.19,5.6,100,100
2026-04-10T03:00,4.9,4.7,0.0,0.0,3.94,5.1,100,100
2026-04-10T04:00,4.6,4.2,1.0,2.0,4.17,4.73,100,86
2026-04-10T05:00,4.7,4.4,34.0,73.0,2.75,4.3,100,8
2026-04-10T06:00,5.3,5.2,186.0,206.0,2.41,4.21,86,9
2026-04-10T07:00,6.4,6.4,360.0,421.0,1.85,4.08,60,1
2026-04-10T08:00,7.9,8.0,560.0,591.0,1.94,4.12,94,22
2026-04-10T09:00,9.1,8.7,541.0,634.0,1.23,3.47,93,51
2026-04-10T10:00,9.5,9.2,474.0,577.0,1.4,2.15,87,47
2026-04-10T11:00,9.6,10.0,509.0,686.0,1.18,0.84,100,55
2026-04-10T12:00,10.2,9.8,501.0,616.0,0.31,0.49,99,33
2026-04-10T13:00,10.5,9.8,465.0,651.0,0.4,0.5,87,53
2026-04-10T14:00,10.7,9.1,401.0,493.0,0.53,1.14,100,67
2026-04-10T15:00,10.4,9.3,248.0,302.0,0.83,1.67,92,52
2026-04-10T16:00,9.9,9.2,126.0,147.0,0.98,1.86,88,30
2026-04-10T17:00,9.1,8.4,24.0,30.0,2.79,2.84,62,9
2026-04-10T18:00,7.2,7.5,0.0,0.0,5.18,2.98,43,48
2026-04-10T19:00,6.5,6.5,0.0,0.0,5.35,3.61,68,45
2026-04-10T20:00,6.1,6.1,0.0,0.0,5.66,3.45,66,68
2026-04-10T21:00,5.6,5.9,0.0,0.0,6.26,2.95,73,16
2026-04-10T22:00,5.2,5.5,0.0,0.0,5.88,2.91,68,50
2026-04-10T23:00,4.9,5.1,0.0,0.0,5.66,2.5,75,94
2026-04-11T00:00,4.4,4.9,0.0,0.0,4.96,4.26,54,13
2026-04-11T01:00,4.3,4.7,0.0,0.0,3.58,3.38,85,5
2026-04-11T02:00,4.0,4.5,0.0,0.0,2.26,2.83,82,0
2026-04-11T03:00,3.6,4.1,0.0,0.0,1.98,3.04,49,0
2026-04-11T04:00,3.4,4.0,3.0,3.0,1.89,2.91,81,0
2026-04-11T05:00,3.9,4.5,87.0,87.0,1.9,2.7,97,0
2026-04-11T06:00,5.8,6.4,238.0,249.0,2.0,2.09,50,0
2026-04-11T07:00,8.1,8.6,399.0,442.0,1.15,1.23,48,0
2026-04-11T08:00,10.3,10.9,560.0,605.0,1.4,1.97,49,6
2026-04-11T09:00,12.0,12.1,683.0,726.0,2.16,2.2,50,27
2026-04-11T10:00,12.8,12.8,640.0,689.0,2.46,2.71,100,20
2026-04-11T11:00,12.9,13.6,378.0,769.0,2.23,2.91,100,16
2026-04-11T12:00,12.3,13.1,452.0,432.0,2.88,2.37,97,100
2026-04-11T13:00,12.0,13.6,382.0,486.0,3.02,2.71,96,100
2026-04-11T14:00,12.0,13.2,289.0,294.0,2.98,2.55,100,83
2026-04-11T15:00,10.8,13.2,214.0,223.0,4.1,2.42,81,100
2026-04-11T16:00,10.5,12.8,123.0,111.0,3.26,2.19,68,60
2026-04-11T17:00,9.6,11.9,25.0,26.0,2.96,1.24,68,45
2026-04-11T18:00,8.9,10.4,0.0,0.0,3.06,2.5,80,73
2026-04-11T19:00,8.1,9.6,0.0,0.0,2.64,1.81,63,73
2026-04-11T20:00,7.7,9.0,0.0,0.0,1.93,0.88,74,70
2026-04-11T21:00,7.2,8.1,0.0,0.0,1.59,1.53,79,54
2026-04-11T22:00,7.0,7.0,0.0,0.0,0.98,3.24,87,47
2026-04-11T23:00,6.5,6.4,0.0,0.0,1.8,4.0,81,48
2026-04-12T00:00,5.8,5.7,0.0,0.0,1.5,2.84,51,43
2026-04-12T01:00,5.5,5.7,0.0,0.0,0.75,1.69,56,50
2026-04-12T02:00,5.2,5.1,0.0,0.0,0.98,1.67,62,50
2026-04-12T03:00,4.9,4.8,0.0,0.0,0.89,1.59,60,45
2026-04-12T04:00,4.3,4.5,3.0,3.0,1.21,1.4,77,39
2026-04-12T05:00,4.5,4.8,81.0,89.0,0.63,1.38,81,9
2026-04-12T06:00,6.7,6.6,245.0,268.0,0.39,3.14,67,0
2026-04-12T07:00,8.9,9.0,392.0,454.0,1.04,1.1,71,1
2026-04-12T08:00,10.6,11.3,492.0,618.0,0.83,1.69,59,10
2026-04-12T09:00,12.0,12.4,603.0,576.0,0.49,2.24,58,89
2026-04-12T10:00,13.1,13.1,647.0,557.0,0.55,2.36,66,71
2026-04-12T11:00,13.7,14.1,538.0,664.0,0.83,1.5,85,45
2026-04-12T12:00,13.7,14.3,488.0,626.0,0.57,1.14,76,49
2026-04-12T13:00,14.3,14.6,528.0,491.0,0.66,1.18,74,82
2026-04-12T14:00,14.5,14.6,412.0,394.0,0.9,1.37,70,75
2026-04-12T15:00,14.4,14.4,299.0,305.0,0.89,1.95,64,53
2026-04-12T16:00,13.9,13.7,160.0,173.0,1.75,2.78,52,81
2026-04-12T17:00,12.4,12.3,32.0,32.0,4.37,4.53,15,9
2026-04-12T18:00,11.0,9.8,0.0,0.0,3.75,6.23,15,1
2026-04-12T19:00,9.8,8.8,0.0,0.0,5.27,5.52,27,9
2026-04-12T20:00,8.8,8.1,0.0,0.0,6.71,5.38,6,44
2026-04-12T21:00,8.1,7.6,0.0,0.0,6.33,5.91,0,42
2026-04-12T22:00,7.4,7.2,0.0,0.0,5.97,5.49,0,36
2026-04-12T23:00,6.9,6.6,0.0,0.0,5.23,5.64,12,33
2026-04-13T00:00,6.5,6.0,0.0,0.0,4.04,5.04,25,8
2026-04-13T01:00,5.9,5.7,0.0,0.0,3.02,5.23,34,0
2026-04-13T02:00,5.4,5.3,0.0,0.0,2.67,5.41,39,0
2026-04-13T03:00,4.9,4.9,0.0,0.0,3.04,5.2,52,25
2026-04-13T04:00,4.7,4.7,4.0,3.0,3.69,5.5,45,33
2026-04-13T05:00,5.4,5.4,89.0,91.0,5.21,5.98,38,50
2026-04-13T06:00,7.1,7.6,266.0,241.0,5.78,6.08,11,45
2026-04-13T07:00,9.5,9.9,448.0,422.0,3.64,3.67,14,36
2026-04-13T08:00,11.8,11.9,610.0,573.0,4.27,5.19,25,48
2026-04-13T09:00,13.5,13.4,725.0,670.0,4.82,5.62,45,57
2026-04-13T10:00,14.6,14.7,736.0,761.0,5.01,5.63,87,30
2026-04-13T11:00,15.2,15.6,608.0,807.0,5.0,5.61,88,7
2026-04-13T12:00,16.5,16.5,728.0,780.0,5.06,4.19,85,67
2026-04-13T13:00,16.6,16.7,625.0,564.0,5.09,4.19,76,77
2026-04-13T14:00,16.6,16.5,479.0,444.0,5.23,5.43,81,72
2026-04-13T15:00,16.2,16.0,313.0,280.0,5.39,5.69,88,54
2026-04-13T16:00,15.6,15.3,124.0,153.0,5.98,6.83,97,62
2026-04-13T17:00,14.8,14.2,21.0,29.0,7.01,7.94,100,75
2026-04-13T18:00,13.0,12.9,0.0,0.0,9.68,8.8,96,100
2026-04-13T19:00,11.8,11.7,0.0,0.0,8.4,8.74,98,100
2026-04-13T20:00,10.9,10.6,0.0,0.0,8.31,7.99,97,100
2026-04-13T21:00,10.1,9.4,0.0,0.0,7.5,7.54,90,79
2026-04-13T22:00,9.3,8.3,0.0,0.0,7.66,7.81,76,69
2026-04-13T23:00,8.5,7.6,0.0,0.0,7.64,8.46,73,72
2026-04-14T00:00,8.1,7.5,0.0,0.0,7.75,7.84,91,59
2026-04-14T01:00,7.7,6.9,0.0,0.0,8.04,8.36,99,54
2026-04-14T02:00,7.2,6.4,0.0,0.0,7.81,8.86,89,42
2026-04-14T03:00,6.7,6.0,0.0,0.0,9.34,8.18,100,73
2026-04-14T04:00,6.6,5.9,4.0,3.0,9.26,8.43,92,100
2026-04-14T05:00,7.1,6.5,66.0,63.0,7.51,8.57,98,100
2026-04-14T06:00,8.1,8.6,190.0,192.0,6.6,6.86,91,99
2026-04-14T07:00,9.7,10.1,332.0,320.0,6.77,6.94,91,97
2026-04-14T08:00,11.2,11.5,437.0,413.0,6.96,6.81,97,100
2026-04-14T09:00,12.5,12.9,501.0,539.0,7.18,6.86,97,98
2026-04-14T10:00,13.6,13.8,544.0,521.0,7.28,7.06,97,98
2026-04-14T11:00,14.8,14.3,633.0,513.0,7.42,7.44,92,100
2026-04-14T12:00,16.0,16.0,619.0,599.0,7.53,7.63,98,96
2026-04-14T13:00,16.4,16.2,575.0,493.0,7.37,7.6,94,100
2026-04-14T14:00,16.5,16.0,483.0,345.0,7.01,7.63,49,100
2026-04-14T15:00,16.1,15.5,333.0,238.0,6.79,7.56,49,99
2026-04-14T16:00,15.2,14.8,167.0,111.0,6.72,7.58,100,97
2026-04-14T17:00,13.8,13.8,32.0,23.0,7.25,7.32,70,100
2026-04-14T18:00,12.6,12.5,0.0,0.0,7.9,8.07,80,97
2026-04-14T19:00,11.4,11.5,0.0,0.0,8.42,7.62,69,98
2026-04-14T20:00,10.3,10.5,0.0,0.0,7.93,7.57,59,92
2026-04-14T21:00,9.3,9.7,0.0,0.0,6.88,6.88,63,69
2026-04-14T22:00,8.5,8.9,0.0,0.0,6.92,6.54,63,72
2026-04-14T23:00,7.8,8.3,0.0,0.0,6.48,7.29,65,79
2026-04-15T00:00,6.7,7.2,0.0,0.0,6.56,7.65,0,31
2026-04-15T01:00,6.1,6.5,0.0,0.0,6.18,7.26,0,8
2026-04-15T02:00,5.6,5.9,0.0,0.0,6.51,6.86,6,27
2026-04-15T03:00,5.2,5.4,0.0,0.0,6.85,6.91,6,34
2026-04-15T04:00,5.0,5.1,6.0,5.0,7.17,6.99,11,34
2026-04-15T05:00,5.8,5.8,94.0,94.0,7.26,7.11,43,34
2026-04-15T06:00,7.5,7.5,248.0,211.0,4.19,5.25,35,71
2026-04-15T07:00,9.6,9.2,427.0,340.0,3.63,4.93,9,70
2026-04-15T08:00,11.8,11.2,599.0,530.0,3.69,4.21,13,32
2026-04-15T09:00,13.9,13.5,727.0,715.0,3.81,4.34,15,22
2026-04-15T10:00,15.7,15.3,802.0,798.0,3.85,4.52,5,27
2026-04-15T11:00,17.0,16.7,819.0,815.0,3.77,4.56,5,11
2026-04-15T12:00,17.8,18.0,777.0,781.0,3.88,4.34,0,6
2026-04-15T13:00,18.4,18.4,681.0,685.0,3.75,3.97,0,5
2026-04-15T14:00,18.6,18.4,541.0,544.0,3.72,3.88,8,5
2026-04-15T15:00,18.4,18.1,367.0,371.0,3.59,3.9,17,3
2026-04-15T16:00,17.8,17.4,185.0,187.0,3.71,4.05,59,3
2026-04-15T17:00,16.7,16.1,37.0,38.0,4.31,4.52,86,3
2026-04-15T18:00,15.5,14.9,0.0,0.0,4.9,5.19,100,1
2026-04-15T19:00,14.3,13.7,0.0,0.0,6.58,5.7,100,20
2026-04-15T20:00,12.7,12.5,0.0,0.0,6.53,5.95,100,64
2026-04-15T21:00,11.6,11.4,0.0,0.0,5.96,4.27,100,32
2026-04-15T22:00,10.8,10.5,0.0,0.0,4.89,4.1,100,14
2026-04-15T23:00,10.3,9.7,0.0,0.0,4.62,3.86,100,28
2026-04-16T00:00,8.9,9.2,0.0,0.0,4.11,3.0,33,99
2026-04-16T01:00,8.3,8.6,0.0,0.0,4.38,2.88,11,99
2026-04-16T02:00,7.6,7.9,0.0,0.0,4.32,2.94,1,95
2026-04-16T03:00,7.1,7.3,0.0,0.0,3.83,3.05,10,75
2026-04-16T04:00,6.7,6.9,7.0,6.0,3.43,3.33,11,100
2026-04-16T05:00,7.4,7.7,101.0,87.0,4.11,3.14,35,100
2026-04-16T06:00,9.2,8.9,237.0,271.0,4.04,3.74,58,7
2026-04-16T07:00,11.2,11.3,422.0,452.0,2.1,2.24,42,8
2026-04-16T08:00,13.7,14.0,591.0,614.0,2.05,2.26,30,9
2026-04-16T09:00,16.2,16.4,726.0,738.0,2.14,2.26,8,0
2026-04-16T10:00,18.1,18.1,804.0,812.0,2.26,2.26,19,0
2026-04-16T11:00,19.4,19.3,822.0,827.0,2.06,2.24,4,0
2026-04-16T12:00,20.3,19.9,786.0,786.0,2.48,2.46,0,0
2026-04-16T13:00,20.7,20.3,689.0,690.0,2.5,2.55,0,0
2026-04-16T14:00,20.7,20.4,547.0,549.0,2.5,2.68,16,0
2026-04-16T15:00,20.4,20.0,374.0,375.0,2.81,2.94,9,0
2026-04-16T16:00,19.6,19.3,190.0,191.0,3.07,2.89,1,0
2026-04-16T17:00,18.5,18.2,39.0,39.0,3.47,3.35,46,28
2026-04-16T18:00,16.7,16.4,0.0,0.0,4.17,5.04,22,3
2026-04-16T19:00,15.3,15.1,0.0,0.0,4.91,5.89,34,11
2026-04-16T20:00,14.0,13.7,0.0,0.0,6.56,6.61,41,0
2026-04-16T21:00,12.6,12.4,0.0,0.0,6.27,6.51,46,1
2026-04-16T22:00,11.8,11.4,0.0,0.0,6.1,5.87,38,2
2026-04-16T23:00,11.1,10.7,0.0,0.0,4.91,5.31,32,5
2026-04-17T00:00,10.0,10.4,0.0,0.0,3.61,4.17,36,34
2026-04-17T01:00,9.3,9.7,0.0,0.0,2.86,3.27,15,34
2026-04-17T02:00,8.7,9.1,0.0,0.0,2.26,2.1,34,32
2026-04-17T03:00,8.1,8.5,0.0,0.0,2.42,1.69,41,39
2026-04-17T04:00,7.8,8.1,7.0,7.0,2.77,2.06,48,43
2026-04-17T05:00,8.7,8.9,95.0,98.0,2.37,2.42,55,48
2026-04-17T06:00,10.2,11.6,245.0,251.0,2.55,2.1,53,64
2026-04-17T07:00,12.4,13.6,390.0,394.0,1.38,0.84,54,70
2026-04-17T08:00,14.9,15.8,530.0,483.0,1.47,0.84,54,85
2026-04-17T09:00,17.0,17.2,633.0,497.0,1.38,0.71,51,91
2026-04-17T10:00,18.9,18.3,743.0,506.0,1.08,0.84,44,85
2026-04-17T11:00,20.2,18.8,789.0,482.0,1.38,1.47,67,91
2026-04-17T12:00,21.3,20.2,777.0,597.0,1.43,2.08,25,70
2026-04-17T13:00,21.6,20.6,684.0,591.0,2.1,2.55,58,72
2026-04-17T14:00,21.4,20.4,530.0,455.0,2.51,3.35,100,98
2026-04-17T15:00,20.9,19.9,347.0,283.0,1.67,3.88,100,100
2026-04-17T16:00,20.3,18.5,153.0,105.0,1.9,5.35,100,91
2026-04-17T17:00,18.9,15.5,34.0,21.0,5.23,6.63,53,96
2026-04-17T18:00,17.5,15.6,0.0,0.0,5.97,9.22,100,100
2026-04-17T19:00,15.8,14.3,0.0,0.0,9.6,8.91,100,100
2026-04-17T20:00,14.4,13.8,0.0,0.0,8.33,7.81,89,98
2026-04-17T21:00,13.6,13.0,0.0,0.0,7.29,7.37,100,97
2026-04-17T22:00,13.0,12.6,0.0,0.0,7.1,5.63,100,96
2026-04-17T23:00,12.3,12.2,0.0,0.0,7.35,5.21,96,73
2026-04-18T00:00,12.0,11.6,0.0,0.0,6.66,6.28,99,69
2026-04-18T01:00,11.8,11.1,0.0,0.0,6.05,5.9,81,50
2026-04-18T02:00,11.3,10.6,0.0,0.0,6.09,4.93,57,67
2026-04-18T03:00,10.6,10.3,0.0,0.0,5.65,4.58,29,89
2026-04-18T04:00,10.1,10.3,9.0,7.0,4.92,5.56,48,86
2026-04-18T05:00,10.9,11.0,104.0,85.0,5.66,6.53,58,62
2026-04-18T06:00,12.5,11.7,255.0,276.0,6.02,4.08,63,65
2026-04-18T07:00,13.8,13.8,403.0,404.0,9.24,4.1,58,47
2026-04-18T08:00,14.5,14.7,486.0,584.0,8.64,6.6,80,45
2026-04-18T09:00,15.2,15.2,505.0,687.0,6.18,6.72,91,64
2026-04-18T10:00,16.4,15.3,485.0,582.0,4.84,6.3,91,83
2026-04-18T11:00,17.0,16.2,550.0,608.0,4.51,3.92,85,88
2026-04-18T12:00,17.9,13.3,555.0,282.0,4.92,5.74,78,100
2026-04-18T13:00,17.9,14.2,551.0,428.0,4.21,3.99,39,45
2026-04-18T14:00,17.9,15.3,502.0,529.0,3.61,3.99,57,18
2026-04-18T15:00,17.2,15.5,347.0,368.0,2.51,4.28,36,64
2026-04-18T16:00,15.9,14.3,151.0,180.0,3.34,4.81,71,53
2026-04-18T17:00,14.7,13.8,31.0,40.0,1.97,3.84,80,100
2026-04-18T18:00,13.9,12.6,0.0,0.0,1.98,1.08,20,56
2026-04-18T19:00,12.9,12.0,0.0,0.0,1.89,1.39,37,61
2026-04-18T20:00,11.9,11.2,0.0,0.0,2.67,1.58,9,58
2026-04-18T21:00,11.6,10.6,0.0,0.0,3.91,2.15,47,51
2026-04-18T22:00,11.3,9.9,0.0,0.0,3.68,5.06,60,17
2026-04-18T23:00,11.0,9.3,0.0,0.0,2.64,6.03,66,26
2026-04-19T00:00,10.4,9.5,0.0,0.0,2.43,3.34,50,74
2026-04-19T01:00,9.9,9.0,0.0,0.0,2.94,4.7,54,65
2026-04-19T02:00,9.5,8.9,0.0,0.0,3.42,6.14,50,49
2026-04-19T03:00,9.0,9.1,0.0,0.0,3.9,5.35,45,46
2026-04-19T04:00,8.9,9.4,9.0,10.0,3.95,4.12,52,29
2026-04-19T05:00,9.9,9.7,108.0,122.0,3.33,3.11,38,29
2026-04-19T06:00,12.2,10.8,171.0,285.0,3.42,1.06,79,33
2026-04-19T07:00,14.3,13.9,358.0,454.0,1.55,1.06,59,48
2026-04-19T08:00,16.1,16.0,518.0,574.0,1.39,1.14,85,46
2026-04-19T09:00,16.9,17.3,513.0,661.0,1.53,1.75,82,68
2026-04-19T10:00,17.6,18.1,548.0,634.0,0.9,1.45,62,56
2026-04-19T11:00,18.4,18.8,641.0,587.0,1.28,2.15,68,92
2026-04-19T12:00,19.4,20.0,630.0,727.0,1.79,2.11,74,59
2026-04-19T13:00,19.7,20.4,514.0,600.0,2.38,1.92,91,72
2026-04-19T14:00,19.6,20.5,368.0,412.0,2.69,2.02,91,75
2026-04-19T15:00,19.3,20.3,280.0,289.0,3.27,2.26,99,69
2026-04-19T16:00,18.7,19.6,156.0,167.0,3.37,2.88,100,62
2026-04-19T17:00,17.9,18.7,36.0,44.0,4.12,3.07,100,56
2026-04-19T18:00,16.6,16.0,0.0,0.0,4.28,5.22,100,100
2026-04-19T19:00,15.4,15.0,0.0,0.0,6.09,6.44,100,100
2026-04-19T20:00,14.6,14.2,0.0,0.0,6.73,6.83,100,100
2026-04-19T21:00,14.1,13.6,0.0,0.0,6.38,6.9,100,100
2026-04-19T22:00,13.6,13.1,0.0,0.0,6.0,6.96,100,100
2026-04-19T23:00,13.1,12.6,0.0,0.0,5.78,6.86,91,88
2026-04-20T00:00,11.9,12.7,0.0,0.0,5.39,5.04,54,99
2026-04-20T01:00,11.4,12.4,0.0,0.0,5.31,4.25,58,88
2026-04-20T02:00,11.2,12.1,0.0,0.0,4.9,3.59,70,72
2026-04-20T03:00,11.1,11.7,0.0,0.0,3.61,3.23,71,96
2026-04-20T04:00,11.2,11.2,9.0,10.0,3.12,3.29,69,90
2026-04-20T05:00,11.7,11.9,83.0,85.0,3.14,2.71,84,71
2026-04-20T06:00,13.6,13.8,232.0,267.0,2.77,3.63,66,45
2026-04-20T07:00,15.7,16.0,401.0,448.0,2.09,2.46,52,46
2026-04-20T08:00,17.8,17.7,579.0,561.0,2.29,2.88,46,63
2026-04-20T09:00,19.8,19.5,715.0,693.0,2.98,2.67,39,36
2026-04-20T10:00,21.4,21.0,815.0,818.0,4.02,3.47,60,13
2026-04-20T11:00,22.1,22.0,712.0,801.0,5.8,4.58,100,65
2026-04-20T12:00,22.1,22.6,575.0,690.0,8.25,6.57,100,47
2026-04-20T13:00,21.5,22.7,373.0,613.0,8.49,7.97,100,100
2026-04-20T14:00,19.5,20.8,257.0,281.0,11.76,10.31,100,98
2026-04-20T15:00,18.2,19.1,131.0,176.0,6.47,7.79,100,95
2026-04-20T16:00,17.7,18.0,81.0,83.0,7.49,6.49,100,100
2026-04-20T17:00,17.2,17.4,17.0,30.0,6.92,4.24,100,100
2026-04-20T18:00,16.6,16.7,0.0,0.0,8.46,7.83,57,90
2026-04-20T19:00,15.2,15.6,0.0,0.0,7.53,8.95,81,66
2026-04-20T20:00,14.1,14.9,0.0,0.0,7.37,9.02,75,99
2026-04-20T21:00,13.1,14.0,0.0,0.0,4.38,5.87,64,100
2026-04-20T22:00,12.2,13.4,0.0,0.0,1.74,3.33,84,90
2026-04-20T23:00,11.5,12.6,0.0,0.0,2.16,4.83,63,100
2026-04-21T00:00,10.4,11.7,0.0,0.0,2.55,1.21,47,72
2026-04-21T01:00,9.6,11.0,0.0,0.0,2.02,0.14,69,58
2026-04-21T02:00,9.3,10.5,0.0,0.0,2.79,3.17,79,61
2026-04-21T03:00,8.8,10.3,0.0,0.0,1.67,8.43,89,70
2026-04-21T04:00,8.6,10.3,11.0,9.0,0.75,9.47,74,87
2026-04-21T05:00,9.6,10.8,106.0,76.0,7.46,7.94,74,96
2026-04-21T06:00,9.9,10.1,206.0,119.0,6.67,6.84,100,96
2026-04-21T07:00,10.6,10.4,294.0,198.0,6.66,7.46,100,100
2026-04-21T08:00,11.3,10.6,334.0,254.0,6.38,7.04,100,100
2026-04-21T09:00,11.6,10.6,344.0,248.0,6.4,6.97,100,100
2026-04-21T10:00,11.4,10.2,279.0,162.0,5.98,5.82,100,100
2026-04-21T11:00,11.5,10.5,280.0,174.0,5.7,5.46,100,100
2026-04-21T12:00,11.6,13.3,213.0,186.0,4.78,3.16,100,100
2026-04-21T13:00,11.5,13.1,173.0,188.0,5.13,4.82,100,100
2026-04-21T14:00,11.3,13.2,159.0,234.0,5.02,5.49,100,100
2026-04-21T15:00,11.0,12.7,88.0,111.0,5.49,6.08,100,100
2026-04-21T16:00,10.3,11.7,54.0,67.0,5.48,8.51,100,100
2026-04-21T17:00,9.6,10.8,20.0,14.0,5.08,7.86,100,100
2026-04-21T18:00,9.1,10.2,0.0,0.0,5.35,5.83,100,96
2026-04-21T19:00,8.6,9.7,0.0,0.0,5.77,5.61,100,99
2026-04-21T20:00,8.2,9.4,0.0,0.0,4.91,5.8,100,98
2026-04-21T21:00,7.8,9.2,0.0,0.0,4.93,5.41,100,100
2026-04-21T22:00,7.5,9.0,0.0,0.0,4.85,5.27,100,100
2026-04-21T23:00,7.4,8.5,0.0,0.0,5.13,5.8,99,97
2026-04-22T00:00,7.3,8.0,0.0,0.0,6.66,6.82,99,94
2026-04-22T01:00,7.4,7.8,0.0,0.0,7.41,6.44,100,99
2026-04-22T02:00,7.6,7.7,0.0,0.0,7.5,8.11,92,100
2026-04-22T03:00,7.5,7.5,0.0,0.0,7.43,8.07,97,94
2026-04-22T04:00,7.5,7.5,7.0,4.0,6.66,8.67,90,96
2026-04-22T05:00,7.7,7.7,61.0,42.0,5.57,8.07,84,90
2026-04-22T06:00,8.4,7.8,218.0,114.0,3.89,4.96,82,96
2026-04-22T07:00,10.0,8.8,354.0,232.0,3.89,3.83,80,92
2026-04-22T08:00,11.1,10.0,428.0,329.0,4.3,3.81,85,88
2026-04-22T09:00,11.9,11.2,411.0,418.0,3.6,4.04,100,84
2026-04-22T10:00,12.0,11.7,330.0,357.0,5.22,4.22,86,100
2026-04-22T11:00,13.2,11.6,603.0,235.0,4.84,3.43,88,100
2026-04-22T12:00,13.9,11.7,623.0,294.0,4.37,4.4,67,95
2026-04-22T13:00,14.0,11.8,542.0,251.0,4.71,3.26,86,99
2026-04-22T14:00,13.7,11.7,434.0,209.0,5.54,4.19,80,97
2026-04-22T15:00,13.5,11.8,314.0,171.0,5.11,4.19,58,87
2026-04-22T16:00,12.9,11.7,198.0,114.0,5.38,4.78,38,83
2026-04-22T17:00,11.9,10.7,54.0,32.0,5.11,5.86,38,87
2026-04-22T18:00,10.2,10.4,0.0,0.0,4.3,4.7,65,74
2026-04-22T19:00,9.4,9.6,0.0,0.0,3.42,3.75,67,98
2026-04-22T20:00,8.9,9.0,0.0,0.0,2.36,4.33,61,100
2026-04-22T21:00,8.3,8.4,0.0,0.0,1.81,3.64,39,86
2026-04-22T22:00,7.7,7.7,0.0,0.0,0.84,2.47,35,88
2026-04-22T23:00,6.9,7.0,0.0,0.0,0.44,1.53,61,83
2026-04-23T00:00,6.3,5.3,0.0,0.0,2.64,3.86,44,31
2026-04-23T01:00,5.7,4.7,0.0,0.0,3.74,5.0,4,1
2026-04-23T02:00,5.1,4.3,0.0,0.0,4.44,6.69,3,8
2026-04-23T03:00,4.8,4.1,0.0,0.0,5.53,7.41,2,0
2026-04-23T04:00,4.9,4.2,16.0,16.0,6.44,8.46,0,0
2026-04-23T05:00,6.4,5.7,140.0,140.0,7.32,8.58,0,0
2026-04-23T06:00,9.1,8.6,323.0,323.0,7.32,6.6,0,0
2026-04-23T07:00,11.7,11.1,511.0,511.0,5.2,5.23,0,1
2026-04-23T08:00,13.8,13.1,674.0,674.0,5.39,5.03,0,5
2026-04-23T09:00,15.3,14.6,738.0,723.0,5.99,4.74,67,64
2026-04-23T10:00,16.2,15.6,671.0,671.0,6.45,4.79,94,98
2026-04-23T11:00,17.1,15.9,739.0,477.0,6.79,6.46,84,100
2026-04-23T12:00,17.3,17.3,643.0,694.0,7.56,7.16,59,73
2026-04-23T13:00,17.8,17.5,607.0,620.0,7.17,6.97,54,79
2026-04-23T14:00,17.8,17.7,404.0,483.0,8.5,6.42,3,53
2026-04-23T15:00,17.8,17.5,398.0,326.0,8.11,8.2,41,44
2026-04-23T16:00,17.2,17.0,199.0,213.0,6.15,5.6,49,79
2026-04-23T17:00,15.9,16.0,48.0,50.0,5.76,4.88,67,81
2026-04-23T18:00,14.4,14.0,0.0,0.0,7.19,5.8,69,100
2026-04-23T19:00,13.0,13.1,0.0,0.0,10.08,2.73,96,100
2026-04-23T20:00,12.2,11.6,0.0,0.0,9.07,3.38,40,65
2026-04-23T21:00,11.5,10.7,0.0,0.0,9.51,4.52,40,99
2026-04-23T22:00,10.7,10.0,0.0,0.0,9.74,5.23,33,55
2026-04-23T23:00,9.9,9.2,0.0,0.0,8.65,5.79,41,57
2026-04-24T00:00,9.0,8.8,0.0,0.0,8.24,6.91,31,82
2026-04-24T01:00,8.2,8.3,0.0,0.0,7.72,6.92,45,91
2026-04-24T02:00,7.8,7.9,0.0,0.0,6.79,6.37,94,82
2026-04-24T03:00,7.5,7.3,0.0,0.0,5.7,5.15,37,99
2026-04-24T04:00,6.8,6.9,17.0,16.0,3.25,4.4,43,72
2026-04-24T05:00,8.1,8.1,132.0,126.0,1.25,3.38,41,98
2026-04-24T06:00,10.6,10.2,321.0,317.0,2.26,2.08,19,0
2026-04-24T07:00,13.7,13.0,490.0,502.0,1.89,2.37,92,0
2026-04-24T08:00,15.8,15.5,627.0,668.0,0.66,2.07,98,15
2026-04-24T09:00,17.4,17.2,757.0,787.0,1.39,2.59,100,51
2026-04-24T10:00,18.4,18.1,836.0,845.0,2.11,2.88,92,64
2026-04-24T11:00,19.0,18.8,830.0,842.0,2.36,2.75,97,87
2026-04-24T12:00,19.3,18.8,646.0,674.0,2.53,3.54,95,95
2026-04-24T13:00,20.2,19.1,657.0,591.0,2.46,3.19,86,100
2026-04-24T14:00,20.2,19.2,461.0,469.0,4.34,2.75,70,100
2026-04-24T15:00,19.9,19.3,366.0,369.0,2.77,3.23,82,100
2026-04-24T16:00,19.4,18.8,200.0,198.0,1.81,2.02,100,100
2026-04-24T17:00,18.4,17.7,52.0,52.0,1.19,2.64,93,100
2026-04-24T18:00,16.8,15.9,0.0,0.0,7.44,4.74,34,100
2026-04-24T19:00,15.1,14.8,0.0,0.0,6.46,6.36,31,76
2026-04-24T20:00,14.0,13.9,0.0,0.0,7.14,4.91,34,8
2026-04-24T21:00,13.1,12.5,0.0,0.0,6.88,4.31,45,1
2026-04-24T22:00,12.4,11.9,0.0,0.0,7.66,7.38,45,10
2026-04-24T23:00,11.4,11.6,0.0,0.0,8.37,6.58,50,20
2026-04-25T00:00,10.5,11.5,0.0,0.0,8.43,8.15,37,58
2026-04-25T01:00,9.9,10.4,0.0,0.0,8.52,9.81,11,55
2026-04-25T02:00,9.3,9.4,0.0,0.0,8.0,8.92,0,30
2026-04-25T03:00,8.9,8.8,0.0,0.0,7.34,7.35,0,32
2026-04-25T04:00,8.6,8.4,19.0,19.0,5.48,6.2,16,40
2026-04-25T05:00,9.6,9.4,141.0,137.0,4.68,4.53,33,33
2026-04-25T06:00,12.0,11.4,320.0,308.0,3.63,4.02,26,35
2026-04-25T07:00,14.3,13.7,500.0,499.0,2.26,2.26,27,15
2026-04-25T08:00,16.4,15.8,656.0,668.0,2.08,1.86,33,3
2026-04-25T09:00,18.1,17.5,756.0,790.0,1.4,1.77,33,0
2026-04-25T10:00,19.6,18.8,828.0,859.0,0.71,1.23,41,0
2026-04-25T11:00,20.7,19.7,818.0,872.0,1.77,0.5,76,21
2026-04-25T12:00,21.3,20.6,703.0,790.0,1.83,1.86,79,16
2026-04-25T13:00,21.4,20.8,566.0,666.0,2.95,2.67,49,69
2026-04-25T14:00,21.3,20.5,496.0,413.0,3.21,3.31,70,93
2026-04-25T15:00,20.8,19.9,289.0,232.0,4.23,3.76,84,68
2026-04-25T16:00,20.3,19.5,149.0,163.0,3.33,3.27,44,52
2026-04-25T17:00,19.3,18.5,54.0,52.0,3.72,4.06,10,44
2026-04-25T18:00,17.7,17.0,0.0,0.0,4.65,4.86,16,0
2026-04-25T19:00,16.4,15.6,0.0,0.0,4.44,5.43,1,0
2026-04-25T20:00,15.2,14.6,0.0,0.0,5.04,6.15,14,12
2026-04-25T21:00,14.3,13.9,0.0,0.0,6.41,6.93,44,64
2026-04-25T22:00,13.9,13.8,0.0,0.0,6.91,7.8,47,65
2026-04-25T23:00,13.5,13.6,0.0,0.0,6.94,7.91,83,58
2026-04-26T00:00,12.5,13.2,0.0,0.0,7.67,6.9,15,54
2026-04-26T01:00,12.0,12.5,0.0,0.0,7.01,6.71,12,6
2026-04-26T02:00,11.4,11.7,0.0,0.0,7.23,6.61,0,0
2026-04-26T03:00,11.0,11.1,0.0,0.0,7.33,7.11,0,0
2026-04-26T04:00,10.7,10.9,20.0,20.0,7.53,7.97,0,0
2026-04-26T05:00,11.8,12.1,147.0,148.0,7.71,8.74,0,0
2026-04-26T06:00,13.9,14.2,327.0,328.0,6.57,6.61,0,0
2026-04-26T07:00,16.4,16.5,510.0,509.0,4.75,4.9,0,0
2026-04-26T08:00,18.9,18.7,670.0,669.0,5.59,5.39,0,0
2026-04-26T09:00,21.0,20.6,791.0,787.0,6.37,5.83,0,0
2026-04-26T10:00,23.7,22.3,860.0,858.0,7.74,7.15,0,0
2026-04-26T11:00,25.4,24.1,875.0,869.0,9.67,7.85,0,0
2026-04-26T12:00,25.9,25.4,834.0,827.0,10.97,9.42,0,0
2026-04-26T13:00,26.2,25.5,727.0,733.0,11.12,10.3,16,4
2026-04-26T14:00,26.1,26.0,577.0,577.0,11.24,9.56,19,0
2026-04-26T15:00,25.7,25.5,414.0,410.0,10.98,10.98,7,17
2026-04-26T16:00,23.2,24.5,230.0,227.0,10.55,10.33,20,4
2026-04-26T17:00,19.3,22.2,63.0,64.0,10.73,9.67,0,44
2026-04-26T18:00,17.0,15.5,0.0,0.0,11.09,9.38,0,42
2026-04-26T19:00,15.3,13.8,0.0,0.0,10.33,8.33,0,12
2026-04-26T20:00,12.9,12.6,0.0,0.0,8.72,7.64,0,0
2026-04-26T21:00,11.2,11.5,0.0,0.0,10.51,7.9,0,30
2026-04-26T22:00,10.3,10.5,0.0,0.0,10.29,8.77,0,0
2026-04-26T23:00,9.3,9.6,0.0,0.0,10.39,9.38,0,0
2026-04-27T00:00,8.6,9.2,0.0,0.0,10.7,9.66,0,73
2026-04-27T01:00,7.7,8.5,0.0,0.0,10.29,9.7,13,90
2026-04-27T02:00,6.9,7.8,0.0,0.0,9.22,10.49,48,98
2026-04-27T03:00,6.3,7.2,0.0,0.0,8.33,9.72,79,39
2026-04-27T04:00,6.1,6.8,22.0,22.0,7.76,8.19,73,74
2026-04-27T05:00,7.4,7.9,151.0,151.0,6.34,7.17,87,68
2026-04-27T06:00,9.3,9.5,333.0,341.0,3.32,2.94,32,2
2026-04-27T07:00,11.3,11.5,524.0,527.0,5.28,5.37,27,7
2026-04-27T08:00,12.5,12.7,683.0,686.0,5.0,4.9,26,8
2026-04-27T09:00,13.7,13.8,803.0,799.0,4.24,4.17,1,34
2026-04-27T10:00,14.8,14.8,872.0,858.0,3.74,3.46,5,98
2026-04-27T11:00,15.8,15.7,883.0,837.0,3.1,3.23,9,100
2026-04-27T12:00,16.5,17.0,825.0,832.0,3.02,2.47,87,100
2026-04-27T13:00,17.1,17.5,721.0,709.0,2.87,2.67,100,82
2026-04-27T14:00,17.2,17.5,528.0,554.0,2.52,2.67,100,100
2026-04-27T15:00,17.0,17.3,318.0,366.0,2.28,2.22,100,92
2026-04-27T16:00,16.7,16.9,175.0,223.0,1.93,1.87,100,76
2026-04-27T17:00,15.9,16.1,55.0,66.0,1.68,1.25,90,21
2026-04-27T18:00,14.5,15.3,0.0,1.0,0.89,0.44,71,0
2026-04-27T19:00,12.9,13.5,0.0,0.0,1.98,1.46,79,0
2026-04-27T20:00,11.2,11.9,0.0,0.0,6.15,3.88,54,0
2026-04-27T21:00,10.2,10.3,0.0,0.0,6.17,6.43,78,0
2026-04-27T22:00,9.3,9.4,0.0,0.0,4.71,5.3,96,4
2026-04-27T23:00,8.3,8.5,0.0,0.0,4.11,4.44,0,0
2026-04-28T00:00,7.5,7.5,0.0,0.0,2.55,3.31,0,0
2026-04-28T01:00,6.8,6.9,0.0,0.0,1.55,2.42,0,0
2026-04-28T02:00,5.8,6.3,0.0,0.0,0.98,1.59,0,0
2026-04-28T03:00,5.0,5.4,0.0,0.0,1.36,1.28,0,0
2026-04-28T04:00,4.9,5.1,23.0,24.0,1.58,1.45,0,7
2026-04-28T05:00,6.7,6.9,154.0,155.0,1.77,1.73,2,3
2026-04-28T06:00,9.8,9.6,335.0,334.0,1.85,2.81,7,4
2026-04-28T07:00,12.8,12.5,520.0,520.0,1.28,2.24,26,3
2026-04-28T08:00,15.5,15.0,680.0,681.0,1.48,2.55,27,28
2026-04-28T09:00,17.5,17.1,800.0,800.0,1.47,2.57,16,14
2026-04-28T10:00,18.7,18.5,869.0,870.0,1.39,2.37,29,89
2026-04-28T11:00,19.5,19.4,844.0,872.0,0.98,1.67,86,73
2026-04-28T12:00,20.0,20.3,831.0,825.0,1.08,1.08,100,57
2026-04-28T13:00,20.0,20.5,620.0,692.0,1.28,1.14,100,74
2026-04-28T14:00,20.0,20.4,479.0,486.0,1.43,1.63,81,53
2026-04-28T15:00,19.8,20.1,331.0,356.0,1.5,0.66,84,13
2026-04-28T16:00,19.0,19.6,178.0,227.0,2.61,1.5,66,50
2026-04-28T17:00,17.8,18.4,60.0,64.0,3.82,3.2,100,98
2026-04-28T18:00,16.4,16.0,1.0,1.0,5.23,4.73,96,18
2026-04-28T19:00,15.2,14.6,0.0,0.0,5.36,4.99,100,59
2026-04-28T20:00,14.4,13.4,0.0,0.0,4.43,4.84,100,75
2026-04-28T21:00,13.2,12.4,0.0,0.0,6.08,6.79,100,78
2026-04-28T22:00,12.1,11.5,0.0,0.0,5.41,5.13,75,43
2026-04-28T23:00,10.8,10.4,0.0,0.0,3.91,2.98,100,47
2026-04-29T00:00,9.7,9.2,0.0,0.0,3.16,3.4,51,78
2026-04-29T01:00,9.2,8.7,0.0,0.0,4.31,4.12,63,61
2026-04-29T02:00,8.7,8.4,0.0,0.0,5.86,7.85,67,72
2026-04-29T03:00,8.4,8.4,0.0,0.0,7.41,8.69,68,80
2026-04-29T04:00,8.4,8.6,21.0,19.0,8.4,9.56,75,98
2026-04-29T05:00,9.4,9.5,118.0,96.0,8.4,9.38,82,96
2026-04-29T06:00,11.0,11.1,258.0,284.0,7.01,7.94,87,80
2026-04-29T07:00,12.3,12.1,360.0,389.0,7.41,7.68,96,82
2026-04-29T08:00,13.0,13.3,376.0,525.0,8.02,7.93,100,80
2026-04-29T09:00,13.7,14.1,417.0,565.0,8.13,7.56,100,90
2026-04-29T10:00,13.4,15.0,372.0,566.0,8.12,7.45,100,93
2026-04-29T11:00,13.2,15.5,332.0,567.0,8.49,6.97,100,97
2026-04-29T12:00,14.5,15.1,362.0,532.0,6.48,6.93,100,89
2026-04-29T13:00,14.1,15.0,254.0,447.0,5.86,6.3,100,100
2026-04-29T14:00,13.4,15.0,172.0,315.0,5.25,5.78,100,100
2026-04-29T15:00,13.0,14.5,119.0,181.0,4.7,5.8,100,100
2026-04-29T16:00,12.3,13.7,62.0,95.0,4.47,6.21,100,100
2026-04-29T17:00,11.6,12.5,18.0,19.0,4.59,5.9,100,100
2026-04-29T18:00,10.9,10.0,0.0,0.0,6.17,5.96,100,99
2026-04-29T19:00,10.1,9.3,0.0,0.0,6.64,7.28,100,98
2026-04-29T20:00,9.7,9.0,0.0,0.0,7.24,7.97,100,100
2026-04-29T21:00,9.4,9.1,0.0,0.0,7.07,7.97,100,100
2026-04-29T22:00,9.2,9.1,0.0,0.0,6.66,7.41,100,100
2026-04-29T23:00,9.1,9.0,0.0,0.0,6.93,8.32,100,100
2026-04-30T00:00,9.1,8.5,0.0,0.0,8.73,10.03,100,100
2026-04-30T01:00,8.6,7.5,0.0,0.0,11.57,10.86,100,100
2026-04-30T02:00,7.8,6.7,0.0,0.0,11.3,11.3,100,100
2026-04-30T03:00,7.0,6.3,0.0,0.0,11.38,11.29,100,100
2026-04-30T04:00,6.3,6.1,4.0,5.0,11.36,12.07,100,100
2026-04-30T05:00,5.8,5.7,16.0,29.0,12.31,12.41,100,100
2026-04-30T06:00,6.3,5.6,60.0,43.0,11.92,11.88,100,100
2026-04-30T07:00,6.1,5.4,94.0,60.0,11.53,12.92,100,100
2026-04-30T08:00,6.5,5.2,111.0,94.0,11.5,12.37,100,100
2026-04-30T09:00,6.9,4.9,148.0,120.0,10.74,11.31,100,100
2026-04-30T10:00,7.3,4.9,176.0,136.0,11.28,10.41,100,100
2026-04-30T11:00,7.5,5.1,179.0,139.0,10.48,10.54,100,100
2026-04-30T12:00,7.7,8.8,168.0,374.0,9.66,8.52,100,100
2026-04-30T13:00,7.9,9.4,165.0,421.0,8.67,7.93,100,100
2026-04-30T14:00,8.1,9.9,131.0,438.0,7.15,8.43,100,74
2026-04-30T15:00,8.0,9.7,106.0,341.0,5.63,8.28,100,76
2026-04-30T16:00,7.9,9.4,61.0,177.0,3.92,6.88,100,67
2026-04-30T17:00,7.7,8.5,24.0,59.0,2.95,5.1,100,70
2026-04-30T18:00,6.5,5.9,0.0,1.0,4.34,5.95,95,52
2026-04-30T19:00,5.9,5.1,0.0,0.0,2.36,4.79,86,31
2026-04-30T20:00,5.2,4.2,0.0,0.0,2.26,3.95,63,4
2026-04-30T21:00,4.5,3.5,0.0,0.0,3.07,3.45,0,2
2026-04-30T22:00,3.8,3.0,0.0,0.0,4.88,3.26,0,3
2026-04-30T23:00,3.5,2.5,0.0,0.0,6.75,4.0,18,23
2026-05-01T00:00,4.0,3.0,0.0,0.0,6.51,6.14,18,4
2026-05-01T01:00,3.6,2.9,0.0,0.0,7.1,6.54,10,5
2026-05-01T02:00,3.2,2.7,0.0,0.0,6.35,6.35,5,19
2026-05-01T03:00,3.0,2.4,0.0,0.0,5.98,4.92,0,19
2026-05-01T04:00,3.2,2.4,31.0,30.0,6.37,4.8,0,9
2026-05-01T05:00,5.0,4.5,173.0,171.0,6.15,5.33,0,0
2026-05-01T06:00,7.6,7.9,358.0,303.0,6.13,6.61,0,62
2026-05-01T07:00,10.0,10.6,548.0,498.0,5.88,5.7,0,33
2026-05-01T08:00,11.2,11.8,699.0,623.0,6.25,6.09,47,89
2026-05-01T09:00,11.8,12.4,612.0,550.0,6.28,6.22,77,52
2026-05-01T10:00,12.5,13.5,648.0,716.0,4.7,5.11,92,100
2026-05-01T11:00,12.8,13.6,572.0,542.0,4.48,4.83,81,100
2026-05-01T12:00,12.4,14.4,490.0,557.0,4.45,4.02,100,77
2026-05-01T13:00,12.6,14.8,436.0,579.0,4.06,3.4,83,83
2026-05-01T14:00,12.8,14.7,471.0,438.0,3.42,3.15,63,74
2026-05-01T15:00,12.7,14.5,369.0,291.0,2.95,2.7,65,70
2026-05-01T16:00,12.3,14.0,186.0,141.0,2.73,3.63,89,83
2026-05-01T17:00,11.7,13.3,58.0,46.0,1.58,3.16,59,72
2026-05-01T18:00,10.5,12.3,1.0,1.0,1.62,1.58,46,71
2026-05-01T19:00,9.5,11.7,0.0,0.0,0.93,1.4,47,83
2026-05-01T20:00,8.8,10.6,0.0,0.0,0.92,0.31,52,87
2026-05-01T21:00,8.3,9.2,0.0,0.0,1.86,0.96,100,91
2026-05-01T22:00,7.4,8.7,0.0,0.0,2.64,1.48,91,93
2026-05-01T23:00,7.2,8.5,0.0,0.0,2.24,3.11,85,100
2026-05-02T00:00,6.7,8.2,0.0,0.0,3.61,2.98,83,93
2026-05-02T01:00,6.6,7.7,0.0,0.0,2.86,3.85,81,92
2026-05-02T02:00,6.1,7.5,0.0,0.0,2.6,4.45,88,85
2026-05-02T03:00,5.9,7.6,0.0,0.0,1.88,3.59,67,83
2026-05-02T04:00,5.8,7.8,28.0,15.0,1.49,3.04,60,94
2026-05-02T05:00,6.9,8.5,141.0,108.0,1.39,3.1,66,81
2026-05-02T06:00,9.2,9.0,293.0,219.0,3.61,2.5,82,78
2026-05-02T07:00,11.2,10.4,392.0,353.0,1.58,2.77,82,98
2026-05-02T08:00,12.3,11.1,456.0,450.0,4.32,3.81,92,86
2026-05-02T09:00,12.3,11.0,456.0,559.0,5.69,5.33,98,80
2026-05-02T10:00,12.4,11.5,529.0,635.0,5.71,5.63,99,94
2026-05-02T11:00,11.5,11.8,504.0,559.0,5.31,5.75,98,83
2026-05-02T12:00,12.0,11.3,550.0,585.0,4.41,6.54,73,79
2026-05-02T13:00,12.0,11.4,596.0,558.0,3.75,7.33,71,83
2026-05-02T14:00,11.3,11.7,463.0,488.0,4.37,6.97,80,50
2026-05-02T15:00,10.8,11.5,263.0,363.0,5.14,7.06,80,44
2026-05-02T16:00,10.1,10.5,154.0,217.0,5.52,5.52,80,55
2026-05-02T17:00,9.2,9.8,55.0,72.0,5.57,3.61,57,57
2026-05-02T18:00,8.6,8.3,1.0,1.0,4.87,4.32,23,41
2026-05-02T19:00,7.9,7.6,0.0,0.0,5.39,2.65,67,43
2026-05-02T20:00,7.4,6.8,0.0,0.0,4.37,1.88,6,65
2026-05-02T21:00,6.7,6.4,0.0,0.0,4.19,2.26,22,65
2026-05-02T22:00,6.1,6.2,0.0,0.0,3.76,2.77,16,73
2026-05-02T23:00,5.6,6.0,0.0,0.0,4.06,4.52,8,76
2026-05-03T00:00,5.7,5.0,0.0,0.0,4.71,5.49,1,20
2026-05-03T01:00,5.3,4.6,0.0,0.0,4.51,5.42,17,21
2026-05-03T02:00,5.0,4.4,0.0,0.0,4.71,6.11,0,20
2026-05-03T03:00,4.9,4.3,0.0,0.0,5.39,6.65,0,18
2026-05-03T04:00,5.1,4.4,35.0,34.0,5.48,6.58,0,26
2026-05-03T05:00,6.7,6.1,179.0,174.0,5.43,6.84,0,39
2026-05-03T06:00,8.9,8.9,359.0,363.0,5.04,6.03,5,17
2026-05-03T07:00,11.2,11.2,548.0,539.0,3.95,5.8,3,30
2026-05-03T08:00,12.8,12.5,647.0,593.0,6.06,7.54,87,93
2026-05-03T09:00,13.6,13.4,585.0,552.0,5.65,7.72,87,85
2026-05-03T10:00,14.2,14.5,507.0,729.0,5.13,6.34,81,73
2026-05-03T11:00,15.0,15.1,682.0,648.0,4.99,5.9,89,96
2026-05-03T12:00,14.9,15.0,676.0,624.0,4.5,4.52,59,59
2026-05-03T13:00,15.3,15.3,597.0,575.0,4.02,3.82,55,71
2026-05-03T14:00,15.4,15.5,521.0,502.0,4.34,3.51,78,61
2026-05-03T15:00,15.3,15.3,387.0,405.0,3.07,2.36,39,23
2026-05-03T16:00,15.0,14.8,240.0,247.0,2.46,2.15,34,19
2026-05-03T17:00,14.2,13.7,76.0,79.0,1.58,2.02,57,35
2026-05-03T18:00,13.3,12.8,2.0,2.0,1.0,0.22,65,40
2026-05-03T19:00,12.2,12.0,0.0,0.0,2.59,1.1,35,56
2026-05-03T20:00,10.6,11.0,0.0,0.0,4.1,3.43,43,51
2026-05-03T21:00,9.9,10.0,0.0,0.0,4.59,4.71,44,50
2026-05-03T22:00,9.3,9.5,0.0,0.0,5.35,6.18,38,75
2026-05-03T23:00,8.9,9.3,0.0,0.0,7.42,8.33,12,58
2026-05-04T00:00,8.4,8.5,0.0,0.0,8.38,8.13,0,62
2026-05-04T01:00,7.8,8.1,0.0,0.0,9.27,8.1,15,56
2026-05-04T02:00,7.2,8.0,0.0,0.0,7.98,6.93,60,81
2026-05-04T03:00,6.6,8.2,0.0,0.0,6.37,4.86,12,90
2026-05-04T04:00,6.5,8.4,36.0,16.0,5.29,2.84,16,96
2026-05-04T05:00,7.9,9.4,175.0,80.0,5.06,1.62,30,83
2026-05-04T06:00,10.4,10.9,352.0,307.0,3.77,4.12,78,48
2026-05-04T07:00,13.4,13.8,528.0,508.0,2.59,2.75,43,24
2026-05-04T08:00,16.2,16.3,686.0,588.0,1.36,1.24,33,65
2026-05-04T09:00,17.6,17.9,795.0,657.0,2.24,0.71,38,52
2026-05-04T10:00,18.6,19.2,825.0,794.0,2.29,1.12,53,50
2026-05-04T11:00,19.6,20.1,845.0,845.0,2.33,0.92,19,30
2026-05-04T12:00,20.6,20.0,800.0,810.0,1.88,1.62,100,10
2026-05-04T13:00,21.1,20.5,724.0,741.0,2.92,1.67,30,3
2026-05-04T14:00,21.2,20.8,595.0,600.0,3.14,1.69,63,15
2026-05-04T15:00,21.1,20.6,381.0,424.0,2.86,1.8,95,17
2026-05-04T16:00,20.8,20.1,231.0,240.0,2.81,1.53,85,67
2026-05-04T17:00,19.6,19.3,78.0,79.0,2.75,0.88,32,57
2026-05-04T18:00,19.2,17.6,2.0,2.0,1.93,0.6,3,69
2026-05-04T19:00,17.6,16.3,0.0,0.0,2.51,1.1,30,81
2026-05-04T20:00,15.1,14.7,0.0,0.0,4.12,1.59,18,100
2026-05-04T21:00,13.9,14.2,0.0,0.0,5.43,1.55,0,100
2026-05-04T22:00,13.0,13.7,0.0,0.0,5.06,2.07,16,100
2026-05-04T23:00,12.2,13.3,0.0,0.0,3.64,1.77,12,100
2026-05-05T00:00,10.8,13.0,0.0,0.0,4.62,1.29,24,26
2026-05-05T01:00,10.2,12.4,0.0,0.0,4.06,1.1,0,8
2026-05-05T02:00,9.9,11.4,0.0,0.0,3.29,1.67,33,12
2026-05-05T03:00,9.8,10.3,0.0,0.0,2.45,2.19,47,0
2026-05-05T04:00,9.9,9.9,34.0,37.0,2.45,2.27,47,2
2026-05-05T05:00,11.2,11.1,165.0,178.0,2.02,2.07,38,0
2026-05-05T06:00,13.9,13.5,296.0,359.0,1.77,1.9,58,0
2026-05-05T07:00,16.6,16.4,470.0,540.0,1.18,0.79,41,0
2026-05-05T08:00,19.1,18.8,652.0,698.0,1.47,1.66,3,0
2026-05-05T09:00,21.2,20.5,800.0,815.0,1.86,2.12,0,0
2026-05-05T10:00,22.6,21.5,867.0,882.0,1.81,1.96,14,0
2026-05-05T11:00,23.6,22.3,868.0,891.0,1.55,1.74,33,0
2026-05-05T12:00,24.3,23.0,837.0,849.0,2.39,1.94,2,0
2026-05-05T13:00,24.5,23.2,743.0,751.0,2.29,1.82,9,1
2026-05-05T14:00,24.4,23.2,594.0,609.0,1.97,1.97,34,1
2026-05-05T15:00,24.0,22.7,421.0,435.0,2.02,2.02,29,1
2026-05-05T16:00,23.2,21.9,247.0,249.0,2.81,2.77,14,0
2026-05-05T17:00,21.8,20.3,83.0,83.0,4.39,4.04,21,0
2026-05-05T18:00,19.6,18.8,2.0,3.0,6.36,6.23,29,8
2026-05-05T19:00,17.8,17.2,0.0,0.0,6.94,6.31,14,32
2026-05-05T20:00,16.5,16.3,0.0,0.0,7.44,6.41,1,37
2026-05-05T21:00,14.5,15.3,0.0,0.0,7.29,6.42,45,56
2026-05-05T22:00,13.4,14.7,0.0,0.0,7.01,5.94,51,65
2026-05-05T23:00,12.6,14.1,0.0,0.0,5.33,5.04,56,72
2026-05-06T00:00,12.1,12.6,0.0,0.0,4.49,4.02,67,77
2026-05-06T01:00,11.5,12.3,0.0,0.0,4.23,3.38,71,77
2026-05-06T02:00,11.1,11.9,0.0,0.0,3.61,4.1,71,78
2026-05-06T03:00,10.7,11.4,0.0,0.0,2.57,4.84,66,65
2026-05-06T04:00,10.7,11.2,29.0,35.0,2.37,3.46,75,36
2026-05-06T05:00,11.8,12.5,133.0,169.0,2.37,3.38,67,35
2026-05-06T06:00,14.7,15.5,333.0,341.0,2.19,3.43,34,29
2026-05-06T07:00,17.6,18.1,518.0,526.0,1.67,1.95,15,20
2026-05-06T08:00,20.4,20.6,680.0,682.0,2.24,2.78,26,13
2026-05-06T09:00,22.7,22.3,803.0,803.0,3.33,3.96,0,13
2026-05-06T10:00,24.1,23.4,874.0,874.0,4.02,4.02,0,11
2026-05-06T11:00,24.9,24.1,889.0,882.0,4.06,3.83,0,4
2026-05-06T12:00,26.0,23.7,844.0,849.0,3.34,3.94,0,0
2026-05-06T13:00,26.2,23.9,747.0,750.0,2.75,4.08,10,0
2026-05-06T14:00,26.1,23.7,600.0,608.0,2.42,4.35,20,7
2026-05-06T15:00,25.7,23.1,425.0,434.0,2.61,4.65,47,11
2026-05-06T16:00,24.7,22.2,231.0,249.0,4.58,4.86,57,13
2026-05-06T17:00,22.8,20.9,79.0,85.0,7.48,5.35,8,0
2026-05-06T18:00,20.4,19.3,4.0,3.0,8.58,8.24,0,0
2026-05-06T19:00,18.3,17.5,0.0,0.0,9.74,11.22,0,4
2026-05-06T20:00,16.8,16.1,0.0,0.0,9.39,10.64,0,0
2026-05-06T21:00,15.7,15.0,0.0,0.0,8.57,9.22,0,0
2026-05-06T22:00,14.8,14.2,0.0,0.0,8.1,8.21,0,0
2026-05-06T23:00,13.8,13.5,0.0,0.0,6.85,6.5,0,0
2026-05-07T00:00,12.7,12.0,0.0,0.0,5.34,5.27,0,54
2026-05-07T01:00,11.6,11.1,0.0,0.0,3.59,4.19,0,100
2026-05-07T02:00,10.9,10.4,0.0,0.0,3.85,4.66,0,23
2026-05-07T03:00,10.3,10.0,0.0,0.0,4.25,5.3,10,27
2026-05-07T04:00,10.4,10.2,40.0,39.0,4.29,5.61,9,24
2026-05-07T05:00,12.1,11.8,177.0,176.0,5.06,4.87,21,22
2026-05-07T06:00,14.5,14.1,361.0,365.0,5.04,4.72,0,0
2026-05-07T07:00,17.2,16.9,542.0,547.0,2.65,2.58,25,3
2026-05-07T08:00,19.9,19.8,697.0,702.0,3.43,2.75,60,53
2026-05-07T09:00,22.2,22.0,810.0,810.0,4.37,3.76,8,46
2026-05-07T10:00,23.8,23.5,881.0,875.0,4.56,3.32,7,74
2026-05-07T11:00,24.8,24.7,893.0,887.0,4.73,3.17,0,24
2026-05-07T12:00,25.0,26.4,818.0,851.0,4.52,4.59,92,5
2026-05-07T13:00,25.3,26.4,719.0,752.0,4.56,4.55,16,0
2026-05-07T14:00,25.3,26.2,594.0,609.0,4.16,4.82,31,27
2026-05-07T15:00,24.9,25.7,417.0,435.0,4.29,5.04,63,9
2026-05-07T16:00,24.1,24.8,235.0,251.0,4.51,5.17,75,7
2026-05-07T17:00,22.9,23.2,75.0,85.0,5.14,5.68,100,19
2026-05-07T18:00,20.9,21.6,3.0,3.0,6.82,7.98,100,100
2026-05-07T19:00,19.3,19.8,0.0,0.0,7.63,8.9,100,100
2026-05-07T20:00,18.3,18.5,0.0,0.0,6.94,7.72,100,85
2026-05-07T21:00,17.5,17.4,0.0,0.0,3.49,6.76,99,100
2026-05-07T22:00,16.7,16.5,0.0,0.0,1.46,5.41,99,100
2026-05-07T23:00,15.6,16.0,0.0,0.0,3.64,2.2,100,100
2026-05-08T00:00,15.1,13.8,0.0,0.0,1.19,3.16,100,100
2026-05-08T01:00,14.0,13.1,0.0,0.0,3.23,5.02,100,90
2026-05-08T02:00,13.5,12.5,0.0,0.0,3.29,4.71,98,88
2026-05-08T03:00,13.2,12.1,0.0,0.0,3.15,5.35,97,88
2026-05-08T04:00,12.9,12.0,19.0,12.0,2.38,4.44,77,92
2026-05-08T05:00,13.5,12.5,130.0,91.0,2.45,3.71,78,91
2026-05-08T06:00,14.7,13.7,286.0,278.0,1.39,1.39,38,48
2026-05-08T07:00,17.0,16.0,499.0,496.0,1.55,2.12,43,34
2026-05-08T08:00,19.5,18.2,648.0,662.0,0.84,1.41,49,51
2026-05-08T09:00,21.8,20.4,763.0,779.0,0.6,1.98,43,12
2026-05-08T10:00,23.8,22.3,842.0,852.0,0.22,1.8,82,20
2026-05-08T11:00,25.0,23.7,781.0,862.0,0.71,1.4,100,35
2026-05-08T12:00,25.5,25.7,679.0,631.0,1.95,1.19,97,100
2026-05-08T13:00,25.6,25.6,619.0,547.0,2.57,1.95,100,100
2026-05-08T14:00,25.5,25.1,501.0,415.0,2.55,2.41,100,97
2026-05-08T15:00,24.3,25.0,272.0,344.0,2.98,2.23,100,100
2026-05-08T16:00,23.3,24.0,139.0,159.0,2.1,3.4,100,100
2026-05-08T17:00,22.7,22.9,50.0,49.0,2.85,4.25,100,100
2026-05-08T18:00,22.1,21.6,3.0,3.0,4.56,6.24,100,100
2026-05-08T19:00,21.0,20.1,0.0,0.0,5.65,6.37,100,100
2026-05-08T20:00,19.9,19.2,0.0,0.0,4.61,6.2,100,100
2026-05-08T21:00,17.9,18.7,0.0,0.0,5.86,7.04,100,100
2026-05-08T22:00,17.4,18.0,0.0,0.0,4.82,6.28,100,100
2026-05-08T23:00,17.0,17.3,0.0,0.0,4.56,4.1,100,100
2026-05-09T00:00,17.0,16.4,0.0,0.0,2.06,4.28,100,100
2026-05-09T01:00,16.6,16.2,0.0,0.0,2.81,4.13,97,100
2026-05-09T02:00,16.1,15.7,0.0,0.0,3.51,4.43,98,100
2026-05-09T03:00,15.9,15.1,0.0,0.0,3.38,6.7,100,100
2026-05-09T04:00,15.6,14.6,5.0,10.0,5.1,7.71,100,100
2026-05-09T05:00,15.1,13.9,15.0,37.0,5.83,5.22,100,100
2026-05-09T06:00,14.1,13.8,29.0,45.0,5.61,6.2,100,100
2026-05-09T07:00,14.5,13.8,51.0,67.0,5.83,6.37,100,99
2026-05-09T08:00,15.2,14.3,86.0,98.0,4.81,6.22,100,99
2026-05-09T09:00,16.4,14.8,229.0,117.0,4.47,6.31,94,99
2026-05-09T10:00,18.1,15.6,481.0,227.0,3.78,4.6,97,99
2026-05-09T11:00,19.2,16.5,450.0,310.0,3.59,4.03,96,98
2026-05-09T12:00,18.6,20.1,235.0,419.0,4.38,3.89,97,71
2026-05-09T13:00,18.9,20.8,169.0,506.0,4.19,3.47,100,82
2026-05-09T14:00,18.9,20.6,106.0,331.0,4.49,3.34,100,99
2026-05-09T15:00,18.5,20.0,51.0,222.0,4.44,2.55,100,96
2026-05-09T16:00,18.1,20.0,31.0,148.0,3.88,2.35,98,83
2026-05-09T17:00,17.5,19.6,20.0,62.0,3.84,2.05,97,88
2026-05-09T18:00,16.4,16.8,1.0,1.0,4.32,4.02,98,92
2026-05-09T19:00,16.1,16.3,0.0,0.0,3.4,3.75,97,94
2026-05-09T20:00,15.8,15.8,0.0,0.0,2.72,3.32,98,92
2026-05-09T21:00,15.5,15.4,0.0,0.0,3.08,2.9,96,82
2026-05-09T22:00,15.2,15.0,0.0,0.0,3.24,2.85,94,85
2026-05-09T23:00,15.0,14.7,0.0,0.0,3.57,3.58,96,90
2026-05-10T00:00,14.6,15.8,0.0,0.0,3.07,1.74,96,98
2026-05-10T01:00,14.4,15.4,0.0,0.0,2.64,2.05,92,99
2026-05-10T02:00,14.1,15.0,0.0,0.0,1.97,2.41,89,98
2026-05-10T03:00,13.8,14.6,0.0,0.0,1.04,2.89,97,98
2026-05-10T04:00,13.9,14.5,15.0,17.0,2.48,2.55,98,100
2026-05-10T05:00,14.2,14.8,41.0,48.0,3.31,2.7,99,99
2026-05-10T06:00,14.0,15.5,53.0,108.0,2.95,2.33,96,95
2026-05-10T07:00,14.5,16.5,88.0,211.0,2.94,1.29,97,96
2026-05-10T08:00,15.1,17.1,146.0,201.0,2.15,2.14,97,100
2026-05-10T09:00,16.5,18.3,304.0,343.0,1.96,1.55,92,91
2026-05-10T10:00,18.9,20.1,563.0,605.0,0.92,1.59,81,71
2026-05-10T11:00,20.7,21.0,735.0,632.0,0.79,0.29,70,60
2026-05-10T12:00,21.3,22.8,689.0,624.0,2.55,0.22,75,78
2026-05-10T13:00,21.7,23.4,616.0,614.0,2.55,1.08,80,60
2026-05-10T14:00,21.9,23.5,525.0,540.0,2.74,1.83,50,65
2026-05-10T15:00,21.7,23.3,401.0,378.0,3.23,2.89,44,77
2026-05-10T16:00,21.0,22.4,254.0,236.0,3.92,4.0,3,16
2026-05-10T17:00,20.1,21.1,92.0,89.0,3.53,4.57,0,1
2026-05-10T18:00,17.7,19.6,5.0,4.0,4.74,6.82,0,0
2026-05-10T19:00,16.4,17.9,0.0,0.0,4.74,7.11,49,0
2026-05-10T20:00,15.6,16.8,0.0,0.0,4.73,6.1,98,0
2026-05-10T21:00,14.9,16.1,0.0,0.0,5.21,6.71,73,10
2026-05-10T22:00,14.4,15.6,0.0,0.0,5.33,6.4,19,97
2026-05-10T23:00,14.3,15.2,0.0,0.0,4.56,5.22,0,88
2026-05-11T00:00,14.5,13.9,0.0,0.0,3.35,2.55,10,40
2026-05-11T01:00,13.8,13.3,0.0,0.0,2.08,1.93,14,72
2026-05-11T02:00,13.0,12.8,0.0,0.0,1.4,2.08,22,100
2026-05-11T03:00,12.5,12.6,0.0,0.0,1.98,2.57,3,100
2026-05-11T04:00,12.7,12.8,47.0,41.0,2.61,3.23,0,91
2026-05-11T05:00,14.5,14.5,188.0,171.0,3.38,4.33,20,99
2026-05-11T06:00,16.1,16.8,325.0,316.0,3.42,3.52,73,50
2026-05-11T07:00,18.8,19.4,524.0,528.0,1.71,2.19,43,38
2026-05-11T08:00,21.2,21.6,662.0,679.0,2.06,2.27,90,37
2026-05-11T09:00,22.8,23.5,738.0,789.0,2.46,2.28,92,13
2026-05-11T10:00,23.8,25.0,723.0,865.0,2.71,2.64,100,20
2026-05-11T11:00,24.0,26.0,496.0,846.0,2.41,2.79,90,94
2026-05-11T12:00,25.5,26.6,772.0,765.0,2.64,3.58,67,100
2026-05-11T13:00,25.7,26.2,620.0,547.0,3.04,3.72,77,100
2026-05-11T14:00,25.3,22.7,478.0,269.0,3.38,1.39,67,100
2026-05-11T15:00,24.1,22.3,344.0,263.0,3.66,1.75,92,100
2026-05-11T16:00,23.6,22.0,223.0,192.0,3.24,1.47,80,100
2026-05-11T17:00,21.0,21.3,80.0,63.0,6.15,1.46,100,100
2026-05-11T18:00,21.0,20.1,5.0,4.0,6.28,4.88,93,100
2026-05-11T19:00,19.8,19.1,0.0,0.0,5.85,2.92,100,100
2026-05-11T20:00,19.1,18.6,0.0,0.0,5.59,1.62,100,100
2026-05-11T21:00,18.4,17.8,0.0,0.0,6.42,2.36,100,100
2026-05-11T22:00,17.9,17.2,0.0,0.0,5.96,2.11,100,100
2026-05-11T23:00,17.4,16.7,0.0,0.0,5.41,0.98,100,100
2026-05-12T00:00,16.5,16.7,0.0,0.0,5.3,5.68,100,100
2026-05-12T01:00,15.8,16.4,0.0,0.0,4.33,4.59,100,100
2026-05-12T02:00,15.5,16.2,0.0,0.0,4.09,3.44,93,100
2026-05-12T03:00,15.4,16.0,0.0,0.0,0.4,5.08,100,100
2026-05-12T04:00,15.7,16.1,34.0,40.0,3.38,6.84,100,83
2026-05-12T05:00,16.9,17.5,179.0,135.0,5.26,6.51,59,77
2026-05-12T06:00,18.6,18.5,322.0,335.0,3.2,4.62,51,49
2026-05-12T07:00,20.6,20.5,518.0,496.0,4.05,5.68,63,100
2026-05-12T08:00,22.1,21.8,658.0,590.0,5.4,6.73,93,84
2026-05-12T09:00,21.5,20.8,529.0,566.0,5.7,8.94,100,100
2026-05-12T10:00,21.5,21.2,617.0,446.0,6.28,7.23,100,100
2026-05-12T11:00,21.1,21.2,456.0,533.0,6.01,7.0,100,100
2026-05-12T12:00,21.3,22.0,527.0,567.0,6.65,7.43,100,100
2026-05-12T13:00,22.4,22.8,523.0,591.0,7.25,7.2,100,100
2026-05-12T14:00,22.9,23.1,491.0,489.0,6.98,7.89,94,64
2026-05-12T15:00,22.6,22.9,378.0,393.0,6.18,7.57,91,62
2026-05-12T16:00,22.4,22.4,233.0,245.0,6.65,7.3,20,33
2026-05-12T17:00,21.3,21.2,95.0,97.0,6.8,7.88,14,51
2026-05-12T18:00,19.6,20.5,5.0,6.0,6.79,7.26,87,100
2026-05-12T19:00,18.2,19.4,0.0,0.0,8.25,8.0,1,93
2026-05-12T20:00,17.2,18.3,0.0,0.0,9.35,8.41,0,100
2026-05-12T21:00,16.5,17.4,0.0,0.0,9.67,8.97,0,99
2026-05-12T22:00,15.8,16.8,0.0,0.0,9.41,8.4,0,97
2026-05-12T23:00,15.3,16.2,0.0,0.0,9.13,8.09,3,100
2026-05-13T00:00,14.8,15.4,0.0,0.0,8.84,7.63,30,17
2026-05-13T01:00,14.5,15.2,0.0,0.0,8.44,6.79,35,100
2026-05-13T02:00,14.3,15.2,0.0,0.0,11.22,12.84,64,100
2026-05-13T03:00,14.5,15.4,0.0,0.0,9.94,9.86,95,88
2026-05-13T04:00,14.1,14.5,24.0,32.0,10.81,10.76,90,71
2026-05-13T05:00,12.4,13.4,149.0,151.0,10.5,12.12,29,84
2026-05-13T06:00,11.6,11.2,341.0,325.0,11.01,11.63,52,59
2026-05-13T07:00,12.5,12.4,491.0,526.0,9.9,10.5,71,59
2026-05-13T08:00,13.8,13.8,514.0,588.0,9.98,9.32,96,80
2026-05-13T09:00,14.4,15.5,355.0,534.0,8.98,8.52,100,99
2026-05-13T10:00,15.4,16.7,236.0,418.0,7.96,7.11,100,94
2026-05-13T11:00,15.7,16.9,153.0,314.0,7.01,7.58,100,100
2026-05-13T12:00,15.9,15.7,208.0,259.0,3.57,4.32,100,76
2026-05-13T13:00,15.6,16.9,188.0,492.0,2.31,1.67,99,82
2026-05-13T14:00,15.4,18.2,159.0,436.0,1.25,3.55,98,86
2026-05-13T15:00,15.6,18.4,141.0,270.0,1.32,4.02,92,100
2026-05-13T16:00,15.7,17.2,128.0,86.0,1.57,3.67,98,100
2026-05-13T17:00,15.5,15.7,37.0,29.0,2.04,5.43,100,91
2026-05-13T18:00,14.6,15.7,3.0,2.0,2.75,5.39,100,100
2026-05-13T19:00,14.2,15.1,0.0,0.0,3.57,6.1,100,100
2026-05-13T20:00,13.8,14.1,0.0,0.0,3.73,6.59,100,91
2026-05-13T21:00,13.3,13.0,0.0,0.0,4.18,7.42,100,78
2026-05-13T22:00,13.1,12.5,0.0,0.0,3.61,7.95,100,81
2026-05-13T23:00,12.6,12.3,0.0,0.0,3.56,7.55,100,86
2026-05-14T00:00,12.0,12.2,0.0,0.0,3.73,6.27,100,100
2026-05-14T01:00,11.4,12.0,0.0,0.0,3.5,5.1,100,98
2026-05-14T02:00,11.2,11.9,0.0,0.0,3.82,4.22,100,100
2026-05-14T03:00,10.9,11.9,0.0,0.0,4.35,3.63,100,100
2026-05-14T04:00,11.1,11.9,33.0,25.0,4.55,2.74,100,96
2026-05-14T05:00,12.1,12.3,137.0,100.0,3.64,2.11,97,87
2026-05-14T06:00,12.5,13.4,198.0,248.0,2.5,1.39,100,98
2026-05-14T07:00,13.6,15.1,328.0,433.0,1.88,0.77,100,100
2026-05-14T08:00,15.1,16.8,470.0,593.0,1.71,1.86,75,100
2026-05-14T09:00,16.7,17.6,686.0,553.0,2.06,2.46,75,100
2026-05-14T10:00,17.6,18.4,686.0,615.0,1.08,1.8,88,100
2026-05-14T11:00,18.5,19.1,592.0,680.0,1.0,1.4,100,100
2026-05-14T12:00,17.9,18.9,535.0,506.0,0.31,1.82,92,99
2026-05-14T13:00,18.3,18.9,474.0,386.0,0.79,1.69,95,99
2026-05-14T14:00,18.4,18.9,378.0,342.0,0.98,1.31,94,84
2026-05-14T15:00,18.5,18.9,310.0,295.0,0.89,0.98,69,59
2026-05-14T16:00,18.3,18.8,245.0,230.0,1.94,0.78,58,35
2026-05-14T17:00,17.5,18.2,98.0,104.0,2.73,2.02,14,27
2026-05-14T18:00,15.6,16.7,7.0,7.0,3.67,3.33,20,13
2026-05-14T19:00,14.4,15.2,0.0,0.0,3.85,3.84,28,7
2026-05-14T20:00,13.3,14.3,0.0,0.0,4.8,3.96,14,19
2026-05-14T21:00,12.7,13.6,0.0,0.0,4.61,4.19,30,25
2026-05-14T22:00,12.3,13.2,0.0,0.0,4.13,4.08,33,14
2026-05-14T23:00,11.9,12.8,0.0,0.0,4.08,4.39,29,24
2026-05-15T00:00,11.6,11.7,0.0,0.0,4.04,5.56,4,0
2026-05-15T01:00,11.2,11.4,0.0,0.0,4.06,4.81,5,0
2026-05-15T02:00,10.9,11.0,0.0,0.0,3.22,3.72,2,0
2026-05-15T03:00,10.6,10.8,1.0,0.0,2.08,3.14,26,0
2026-05-15T04:00,10.5,10.9,59.0,59.0,1.08,2.26,13,0
2026-05-15T05:00,12.0,12.6,210.0,211.0,0.71,0.98,64,1
2026-05-15T06:00,14.5,14.8,391.0,390.0,0.79,0.84,45,74
2026-05-15T07:00,16.8,17.3,570.0,572.0,1.25,0.71,22,53
2026-05-15T08:00,18.9,19.5,723.0,724.0,2.18,1.61,25,67
2026-05-15T09:00,20.3,20.9,837.0,840.0,2.58,2.05,62,10
2026-05-15T10:00,21.3,22.1,897.0,904.0,2.45,2.02,35,35
2026-05-15T11:00,22.2,23.1,901.0,912.0,2.38,2.39,81,20
2026-05-15T12:00,23.0,23.5,863.0,860.0,2.59,2.06,5,17
2026-05-15T13:00,23.5,24.0,766.0,764.0,2.46,2.04,16,19
2026-05-15T14:00,23.6,24.1,626.0,615.0,2.1,2.16,9,15
2026-05-15T15:00,23.5,23.9,457.0,453.0,1.59,2.67,0,26
2026-05-15T16:00,23.0,23.3,276.0,272.0,2.24,3.14,8,4
2026-05-15T17:00,22.1,22.5,105.0,106.0,2.59,1.94,0,25
2026-05-15T18:00,20.9,21.0,9.0,9.0,2.35,1.4,0,9
2026-05-15T19:00,19.2,19.4,0.0,0.0,2.42,2.5,3,10
2026-05-15T20:00,17.9,18.1,0.0,0.0,2.99,3.37,0,1
2026-05-15T21:00,16.9,16.9,0.0,0.0,3.88,6.14,0,34
2026-05-15T22:00,15.9,15.9,0.0,0.0,6.1,4.86,26,15
2026-05-15T23:00,15.3,14.9,0.0,0.0,4.33,3.7,25,66
2026-05-16T00:00,14.4,14.1,0.0,0.0,4.52,4.09,0,76
2026-05-16T01:00,13.6,13.4,0.0,0.0,4.57,3.8,0,17
2026-05-16T02:00,12.7,12.5,0.0,0.0,3.78,2.43,0,0
2026-05-16T03:00,11.8,11.9,0.0,0.0,3.02,2.59,0,0
2026-05-16T04:00,12.1,12.1,57.0,57.0,2.88,3.65,0,0
2026-05-16T05:00,14.0,13.6,202.0,202.0,3.69,4.13,0,0
2026-05-16T06:00,16.4,16.4,379.0,380.0,3.57,3.92,0,0
2026-05-16T07:00,19.1,18.9,556.0,555.0,2.76,3.38,0,0
2026-05-16T08:00,21.5,21.2,707.0,707.0,3.24,4.14,0,0
2026-05-16T09:00,23.4,23.2,820.0,820.0,4.09,5.52,2,4
2026-05-16T10:00,24.8,24.8,885.0,887.0,5.06,6.75,8,12
2026-05-16T11:00,25.4,26.1,860.0,816.0,6.47,7.45,69,85
2026-05-16T12:00,26.4,26.1,755.0,693.0,7.15,7.58,100,99
2026-05-16T13:00,25.7,26.0,598.0,584.0,7.37,7.01,100,100
2026-05-16T14:00,24.9,25.4,390.0,427.0,6.49,8.25,100,100
2026-05-16T15:00,23.9,24.4,278.0,237.0,8.33,8.81,100,100
2026-05-16T16:00,22.0,21.6,112.0,81.0,7.89,8.8,100,100
2026-05-16T17:00,21.5,20.9,58.0,51.0,7.69,8.2,100,100
2026-05-16T18:00,18.7,20.4,5.0,7.0,9.33,8.94,100,98
2026-05-16T19:00,17.3,18.9,0.0,0.0,9.63,10.26,100,74
2026-05-16T20:00,16.9,16.9,0.0,0.0,8.03,9.98,100,69
2026-05-16T21:00,16.0,15.8,0.0,0.0,7.88,9.11,100,97
2026-05-16T22:00,15.2,15.0,0.0,0.0,7.43,8.65,100,100
2026-05-16T23:00,14.6,14.4,0.0,0.0,7.35,8.2,100,100
2026-05-17T00:00,13.7,14.8,0.0,0.0,7.6,7.33,100,100
2026-05-17T01:00,13.6,13.8,0.0,0.0,7.01,7.11,100,100
2026-05-17T02:00,13.1,13.4,0.0,0.0,6.99,7.19,100,100
2026-05-17T03:00,12.7,12.8,0.0,0.0,7.51,8.06,100,100
2026-05-17T04:00,12.5,12.6,4.0,5.0,6.86,8.77,100,100
2026-05-17T05:00,12.6,12.4,17.0,19.0,5.91,9.54,100,100
2026-05-17T06:00,13.9,13.3,44.0,23.0,3.67,2.45,100,100
2026-05-17T07:00,14.2,13.5,80.0,45.0,4.93,3.28,100,100
2026-05-17T08:00,14.0,13.8,91.0,93.0,5.48,2.73,100,100
2026-05-17T09:00,14.1,14.0,124.0,143.0,6.76,1.59,100,100
2026-05-17T10:00,14.3,14.0,169.0,166.0,6.58,0.77,100,100
2026-05-17T11:00,15.4,14.3,324.0,178.0,6.4,2.98,100,100
2026-05-17T12:00,14.7,15.3,181.0,232.0,5.7,2.98,100,100
2026-05-17T13:00,15.7,14.6,299.0,218.0,4.84,5.61,100,100
2026-05-17T14:00,16.3,14.8,335.0,191.0,2.26,4.73,100,100
2026-05-17T15:00,16.4,14.7,189.0,145.0,1.15,3.95,100,100
2026-05-17T16:00,16.5,14.5,144.0,87.0,2.95,2.87,99,100
2026-05-17T17:00,15.7,14.0,90.0,29.0,4.41,2.48,73,99
2026-05-17T18:00,14.6,14.1,8.0,3.0,5.15,8.28,59,93
2026-05-17T19:00,13.4,13.5,0.0,0.0,6.58,10.78,12,81
2026-05-17T20:00,12.7,13.5,0.0,0.0,7.82,11.9,24,60
2026-05-17T21:00,12.3,13.2,0.0,0.0,9.17,11.01,28,64
2026-05-17T22:00,11.9,12.6,0.0,0.0,9.5,10.43,14,65
2026-05-17T23:00,11.6,12.4,0.0,0.0,10.04,9.77,19,86
2026-05-18T00:00,11.5,11.9,0.0,0.0,9.12,9.68,7,67
2026-05-18T01:00,11.0,11.8,0.0,0.0,9.25,9.07,20,68
2026-05-18T02:00,10.6,11.7,0.0,0.0,8.7,8.84,36,87
2026-05-18T03:00,10.2,11.6,1.0,1.0,8.43,7.94,47,83
2026-05-18T04:00,10.8,12.0,59.0,45.0,9.33,7.02,42,69
2026-05-18T05:00,12.6,13.5,200.0,174.0,7.32,5.78,54,55
2026-05-18T06:00,14.5,15.1,324.0,344.0,6.32,6.27,51,53
2026-05-18T07:00,16.6,17.2,520.0,544.0,6.18,6.22,45,44
2026-05-18T08:00,18.4,19.1,669.0,695.0,6.68,6.54,49,41
2026-05-18T09:00,20.1,20.7,783.0,807.0,6.99,6.84,38,39
2026-05-18T10:00,21.5,21.9,867.0,873.0,7.13,6.62,34,36
2026-05-18T11:00,22.4,22.8,877.0,873.0,7.53,6.32,37,43
2026-05-18T12:00,22.9,23.0,852.0,801.0,7.6,6.99,26,31
2026-05-18T13:00,23.1,23.3,760.0,747.0,7.47,7.14,21,25
2026-05-18T14:00,22.9,23.2,622.0,627.0,7.63,7.32,23,23
2026-05-18T15:00,22.3,22.8,460.0,459.0,7.5,7.08,10,26
2026-05-18T16:00,21.5,21.9,281.0,277.0,7.15,6.96,11,22
2026-05-18T17:00,20.4,20.8,113.0,111.0,6.51,6.49,2,18
2026-05-18T18:00,18.9,19.0,10.0,10.0,7.47,7.97,2,0
2026-05-18T19:00,17.3,17.5,0.0,0.0,8.67,9.15,3,3
2026-05-18T20:00,16.1,16.3,0.0,0.0,9.38,9.65,5,9
2026-05-18T21:00,15.2,15.2,0.0,0.0,9.28,9.19,0,0
2026-05-18T22:00,14.4,14.2,0.0,0.0,8.74,8.52,2,0
2026-05-18T23:00,13.6,13.0,0.0,0.0,7.88,8.44,27,0
2026-05-19T00:00,13.0,12.5,0.0,0.0,7.97,8.06,51,0
2026-05-19T01:00,12.5,11.9,0.0,0.0,7.96,8.34,32,0
2026-05-19T02:00,11.9,11.2,0.0,0.0,7.93,8.94,29,6
2026-05-19T03:00,11.4,10.6,1.0,1.0,7.76,8.42,33,0
2026-05-19T04:00,11.7,10.9,60.0,61.0,7.1,7.47,34,1
2026-05-19T05:00,13.1,12.7,202.0,209.0,5.22,5.85,34,0
2026-05-19T06:00,14.5,15.1,351.0,389.0,1.92,2.97,55,20
2026-05-19T07:00,16.8,17.4,490.0,563.0,1.32,2.08,100,32
2026-05-19T08:00,19.0,19.7,615.0,709.0,1.28,2.12,97,42
2026-05-19T09:00,20.7,21.6,736.0,818.0,1.58,1.53,88,100
2026-05-19T10:00,22.1,22.6,791.0,802.0,2.72,2.29,86,100
2026-05-19T11:00,22.7,23.5,772.0,839.0,2.91,3.12,100,100
2026-05-19T12:00,22.8,23.9,652.0,746.0,2.35,2.98,100,46
2026-05-19T13:00,23.2,24.2,637.0,694.0,2.39,2.34,100,100
2026-05-19T14:00,23.3,24.2,537.0,529.0,1.45,1.69,88,100
2026-05-19T15:00,23.2,23.9,404.0,388.0,0.2,1.12,100,78
2026-05-19T16:00,23.0,23.6,236.0,268.0,1.18,1.47,100,100
2026-05-19T17:00,22.2,22.6,96.0,100.0,2.31,2.29,93,100
2026-05-19T18:00,20.0,20.8,10.0,8.0,4.59,5.32,100,100
2026-05-19T19:00,18.4,19.5,0.0,0.0,4.99,4.88,100,100
2026-05-19T20:00,17.4,18.2,0.0,0.0,4.54,3.92,100,100
2026-05-19T21:00,16.9,17.1,0.0,0.0,4.12,2.67,100,100
2026-05-19T22:00,16.4,16.2,0.0,0.0,5.59,2.45,100,100
2026-05-19T23:00,16.0,15.9,0.0,0.0,5.03,5.95,96,100
2026-05-20T00:00,16.3,15.9,0.0,0.0,5.2,2.5,91,100
2026-05-20T01:00,16.0,15.5,0.0,0.0,2.97,3.6,77,100
2026-05-20T02:00,15.6,15.3,0.0,0.0,4.9,4.45,86,100
2026-05-20T03:00,15.4,15.2,1.0,1.0,5.74,6.31,89,100
2026-05-20T04:00,15.7,15.5,44.0,39.0,5.57,6.79,99,100
2026-05-20T05:00,16.9,16.6,144.0,153.0,4.65,6.31,78,67
2026-05-20T06:00,18.6,17.6,277.0,172.0,3.53,4.79,95,87
2026-05-20T07:00,20.1,18.9,323.0,244.0,2.31,2.5,89,98
2026-05-20T08:00,21.6,20.3,416.0,323.0,2.94,3.65,90,83
2026-05-20T09:00,22.9,22.5,539.0,553.0,4.21,4.37,91,96
2026-05-20T10:00,23.8,23.6,680.0,777.0,3.63,4.46,100,80
2026-05-20T11:00,24.6,24.5,701.0,799.0,2.73,4.15,96,98
2026-05-20T12:00,23.8,23.2,398.0,575.0,3.42,5.52,100,100
2026-05-20T13:00,23.2,23.7,399.0,579.0,4.12,4.92,74,95
2026-05-20T14:00,21.6,23.2,307.0,505.0,1.89,6.21,100,43
2026-05-20T15:00,22.3,23.0,194.0,365.0,3.24,5.21,100,89
2026-05-20T16:00,22.2,22.7,145.0,173.0,3.22,6.08,100,94
2026-05-20T17:00,21.7,22.5,67.0,85.0,4.67,6.2,99,100
2026-05-20T18:00,20.2,21.0,8.0,9.0,7.01,4.39,75,84
2026-05-20T19:00,19.2,20.2,0.0,0.0,7.01,3.2,65,72
2026-05-20T20:00,18.3,19.4,0.0,0.0,6.73,5.45,67,67
2026-05-20T21:00,17.7,18.8,0.0,0.0,7.22,6.93,52,81
2026-05-20T22:00,17.4,18.5,0.0,0.0,6.76,7.96,91,88
2026-05-20T23:00,17.3,18.2,0.0,0.0,7.35,7.76,91,82
2026-05-21T00:00,16.6,17.3,0.0,0.0,7.84,4.67,90,87
2026-05-21T01:00,16.4,16.7,0.0,0.0,6.69,4.46,100,62
2026-05-21T02:00,16.2,16.0,0.0,0.0,4.92,4.29,91,49
2026-05-21T03:00,16.1,15.4,1.0,2.0,2.53,4.3,92,100
2026-05-21T04:00,16.2,15.9,37.0,59.0,2.73,5.31,79,45
2026-05-21T05:00,17.1,17.5,129.0,172.0,2.47,5.38,100,66
2026-05-21T06:00,17.9,18.5,170.0,129.0,2.79,3.24,76,98
2026-05-21T07:00,19.4,19.6,308.0,179.0,2.42,4.08,88,99
2026-05-21T08:00,20.8,20.9,396.0,304.0,2.18,2.42,100,100
2026-05-21T09:00,22.3,21.1,487.0,328.0,3.24,4.43,100,100
2026-05-21T10:00,22.0,20.7,399.0,222.0,6.57,6.28,100,100
2026-05-21T11:00,20.8,21.0,358.0,251.0,5.23,6.72,93,98
2026-05-21T12:00,20.6,22.2,304.0,306.0,4.46,4.72,99,95
2026-05-21T13:00,20.1,21.8,173.0,322.0,4.52,5.43,100,100
2026-05-21T14:00,19.9,20.9,151.0,149.0,3.57,3.18,97,84
2026-05-21T15:00,20.1,21.8,133.0,228.0,3.72,3.61,92,75
2026-05-21T16:00,20.1,21.9,98.0,144.0,4.23,4.31,94,100
2026-05-21T17:00,20.0,21.3,60.0,50.0,5.06,4.74,100,100
2026-05-21T18:00,20.4,19.7,6.0,7.0,2.85,5.88,89,100
2026-05-21T19:00,19.8,18.9,0.0,0.0,2.5,4.56,94,100
2026-05-21T20:00,19.0,18.2,0.0,0.0,3.82,4.32,87,98
2026-05-21T21:00,18.2,18.1,0.0,0.0,3.59,3.86,100,73
2026-05-21T22:00,18.0,17.5,0.0,0.0,3.86,6.49,74,90
2026-05-21T23:00,17.5,17.2,0.0,0.0,4.92,6.02,99,98
2026-05-22T00:00,16.7,16.3,0.0,0.0,1.38,3.82,96,98
2026-05-22T01:00,16.5,16.3,0.0,0.0,1.67,3.19,95,99
2026-05-22T02:00,16.5,16.4,0.0,0.0,2.04,4.93,92,100
2026-05-22T03:00,15.7,16.4,0.0,0.0,3.92,6.17,100,100
2026-05-22T04:00,15.9,16.5,10.0,17.0,3.84,5.99,100,100
2026-05-22T05:00,16.5,17.1,52.0,69.0,5.74,4.47,100,100
2026-05-22T06:00,17.8,16.8,187.0,60.0,6.72,5.42,99,100
2026-05-22T07:00,18.6,17.8,258.0,124.0,6.45,4.82,100,100
2026-05-22T08:00,20.1,18.4,382.0,201.0,6.49,5.35,100,100
2026-05-22T09:00,21.2,19.3,547.0,249.0,5.48,4.85,99,100
2026-05-22T10:00,21.9,20.0,537.0,251.0,5.57,6.58,99,100
2026-05-22T11:00,22.1,21.2,630.0,368.0,4.95,5.88,96,100
2026-05-22T12:00,21.1,20.5,447.0,327.0,5.9,4.16,100,100
2026-05-22T13:00,21.4,21.1,473.0,297.0,6.36,4.52,100,100
2026-05-22T14:00,21.5,21.3,406.0,282.0,5.68,4.68,100,100
2026-05-22T15:00,21.1,20.7,254.0,221.0,5.35,6.09,100,100
2026-05-22T16:00,20.7,20.6,174.0,108.0,5.21,4.78,100,100
2026-05-22T17:00,20.1,20.1,79.0,52.0,6.37,4.86,100,100
2026-05-22T18:00,18.9,19.0,6.0,6.0,4.28,4.28,100,100
2026-05-22T19:00,18.5,18.4,0.0,0.0,4.59,4.44,100,100
2026-05-22T20:00,18.2,18.0,0.0,0.0,3.74,5.63,100,100
2026-05-22T21:00,17.9,17.7,0.0,0.0,3.73,4.93,100,100
2026-05-22T22:00,17.7,17.4,0.0,0.0,5.0,4.92,100,100
2026-05-22T23:00,17.5,17.2,0.0,0.0,5.8,3.76,100,100
2026-05-23T00:00,17.4,17.0,0.0,0.0,6.52,3.61,100,99
2026-05-23T01:00,17.1,16.8,0.0,0.0,6.52,5.21,100,100
2026-05-23T02:00,16.9,16.7,0.0,0.0,6.74,4.66,100,100
2026-05-23T03:00,16.6,16.5,1.0,0.0,5.41,3.95,100,100
2026-05-23T04:00,16.7,16.6,38.0,21.0,5.39,1.48,100,100
2026-05-23T05:00,17.3,17.2,111.0,104.0,3.88,1.06,100,100
2026-05-23T06:00,17.9,17.9,117.0,181.0,2.46,1.73,100,100
2026-05-23T07:00,18.5,19.6,188.0,394.0,2.63,2.08,100,67
2026-05-23T08:00,19.6,21.3,299.0,519.0,4.43,2.45,100,81
2026-05-23T09:00,21.0,22.8,417.0,534.0,6.2,4.47,98,87
2026-05-23T10:00,22.7,23.0,528.0,506.0,8.07,4.46,90,100
2026-05-23T11:00,23.9,23.7,585.0,599.0,6.7,3.72,84,100
2026-05-23T12:00,25.0,23.4,665.0,514.0,6.53,4.71,98,100
2026-05-23T13:00,25.6,22.8,651.0,355.0,6.6,3.84,100,100
2026-05-23T14:00,25.4,23.5,526.0,403.0,5.78,3.23,100,100
2026-05-23T15:00,24.8,23.0,297.0,252.0,4.02,3.23,100,100
2026-05-23T16:00,24.5,22.2,190.0,138.0,4.38,2.53,100,100
2026-05-23T17:00,23.7,21.0,79.0,66.0,4.87,3.32,100,100
2026-05-23T18:00,21.3,22.6,8.0,13.0,0.14,1.33,99,100
2026-05-23T19:00,20.7,20.5,0.0,0.0,4.51,2.46,99,100
2026-05-23T20:00,20.2,20.4,0.0,0.0,9.23,5.88,91,100
2026-05-23T21:00,19.0,19.2,0.0,0.0,10.32,5.02,71,100
2026-05-23T22:00,18.3,18.1,0.0,0.0,7.6,4.41,50,100
2026-05-23T23:00,17.2,17.0,0.0,0.0,4.99,3.4,58,100
2026-05-24T00:00,17.0,16.9,0.0,0.0,7.04,6.55,100,100
2026-05-24T01:00,16.8,16.5,0.0,0.0,5.8,6.3,100,100
2026-05-24T02:00,16.7,16.5,0.0,0.0,5.31,6.5,76,100
2026-05-24T03:00,16.5,16.4,2.0,2.0,6.12,7.55,70,77
2026-05-24T04:00,16.9,16.9,59.0,57.0,4.66,8.67,46,68
2026-05-24T05:00,18.1,18.2,195.0,191.0,4.03,5.13,52,71
2026-05-24T06:00,19.6,19.1,314.0,359.0,3.46,3.55,72,40
2026-05-24T07:00,21.4,21.2,428.0,550.0,2.91,2.72,58,49
2026-05-24T08:00,23.2,23.0,627.0,643.0,5.43,3.86,33,73
2026-05-24T09:00,24.1,23.7,816.0,661.0,5.01,3.88,54,69
2026-05-24T10:00,24.7,24.1,824.0,686.0,4.92,3.33,59,72
2026-05-24T11:00,25.2,24.3,752.0,555.0,4.47,2.36,81,82
2026-05-24T12:00,25.2,24.8,675.0,695.0,4.03,4.16,69,77
2026-05-24T13:00,25.6,24.9,640.0,624.0,3.33,3.37,67,67
2026-05-24T14:00,25.6,25.0,530.0,547.0,3.37,2.53,59,71
2026-05-24T15:00,25.2,25.0,399.0,426.0,3.73,2.3,48,23
2026-05-24T16:00,24.4,24.6,257.0,277.0,3.72,3.07,24,38
2026-05-24T17:00,23.5,23.4,114.0,109.0,3.77,3.08,53,56
2026-05-24T18:00,22.6,21.3,14.0,12.0,4.71,2.7,36,56
2026-05-24T19:00,21.6,20.3,0.0,0.0,3.96,1.93,70,38
2026-05-24T20:00,21.0,19.6,0.0,0.0,3.04,1.95,75,40
2026-05-24T21:00,20.8,18.8,0.0,0.0,3.31,2.19,98,58
2026-05-24T22:00,20.7,18.3,0.0,0.0,2.29,2.18,72,72
2026-05-24T23:00,20.4,17.9,0.0,0.0,0.78,1.67,77,73
2026-05-25T00:00,18.8,18.5,0.0,0.0,2.82,1.28,78,67
2026-05-25T01:00,17.9,17.7,0.0,0.0,3.89,2.55,71,82
2026-05-25T02:00,17.6,17.1,0.0,0.0,6.04,4.73,53,57
2026-05-25T03:00,17.3,16.7,2.0,2.0,6.89,4.99,67,63
2026-05-25T04:00,17.8,17.1,53.0,64.0,6.93,5.62,72,44
2026-05-25T05:00,19.1,18.7,181.0,213.0,6.46,5.47,32,28
2026-05-25T06:00,21.1,21.1,380.0,381.0,5.7,4.65,12,40
2026-05-25T07:00,23.3,23.0,571.0,553.0,3.82,3.23,13,16
2026-05-25T08:00,25.1,24.8,720.0,651.0,3.72,4.52,58,98
2026-05-25T09:00,26.3,25.8,795.0,788.0,3.83,4.24,100,100
2026-05-25T10:00,27.3,26.6,860.0,841.0,3.75,3.78,100,99
2026-05-25T11:00,27.7,27.5,700.0,881.0,3.77,3.19,99,92
2026-05-25T12:00,28.5,27.5,656.0,663.0,1.77,3.11,100,70
2026-05-25T13:00,28.6,27.8,574.0,621.0,2.23,2.86,100,100
2026-05-25T14:00,28.4,27.7,281.0,498.0,2.19,2.18,100,100
2026-05-25T15:00,28.2,27.7,218.0,329.0,2.37,2.08,100,100
2026-05-25T16:00,27.6,27.2,147.0,187.0,3.78,2.24,75,100
2026-05-25T17:00,26.2,26.4,84.0,87.0,2.95,3.46,100,99
2026-05-25T18:00,25.4,24.9,11.0,10.0,5.49,2.64,86,94
2026-05-25T19:00,24.3,24.0,0.0,0.0,5.24,1.52,100,100
2026-05-25T20:00,23.7,23.2,0.0,0.0,5.01,1.69,100,91
2026-05-25T21:00,22.7,22.7,0.0,0.0,2.47,2.21,97,93
2026-05-25T22:00,21.7,22.4,0.0,0.0,5.76,0.89,88,99
2026-05-25T23:00,21.3,22.0,0.0,0.0,9.04,2.3,86,77
2026-05-26T00:00,21.0,20.7,0.0,0.0,10.02,6.87,97,75
2026-05-26T01:00,21.0,20.9,0.0,0.0,10.54,10.77,87,69
2026-05-26T02:00,20.3,21.1,0.0,0.0,11.17,12.17,66,77
2026-05-26T03:00,19.6,20.6,2.0,2.0,9.73,12.13,67,69
2026-05-26T04:00,19.3,20.8,60.0,55.0,8.18,9.45,46,74
2026-05-26T05:00,20.4,21.0,196.0,175.0,9.84,8.17,45,48
2026-05-26T06:00,22.4,22.5,352.0,330.0,5.41,5.49,39,49
2026-05-26T07:00,24.2,24.2,561.0,532.0,7.09,5.75,5,42
2026-05-26T08:00,25.3,25.3,721.0,689.0,5.82,5.37,2,31
2026-05-26T09:00,26.3,26.2,834.0,810.0,3.63,3.49,0,31
2026-05-26T10:00,27.3,27.0,897.0,872.0,1.55,2.04,0,6
2026-05-26T11:00,28.4,28.0,907.0,901.0,2.24,0.5,0,21
2026-05-26T12:00,28.7,28.8,836.0,861.0,3.97,2.29,57,15
2026-05-26T13:00,28.5,28.8,667.0,750.0,4.46,3.88,25,45
2026-05-26T14:00,28.3,28.8,609.0,591.0,5.61,4.35,1,76
2026-05-26T15:00,27.9,28.3,466.0,440.0,6.44,5.68,0,11
2026-05-26T16:00,27.2,27.6,290.0,290.0,6.85,6.67,0,0
2026-05-26T17:00,26.3,26.7,125.0,124.0,6.94,7.17,0,0
2026-05-26T18:00,25.0,25.2,16.0,16.0,7.18,7.7,0,0
2026-05-26T19:00,23.5,23.7,0.0,0.0,7.97,8.88,0,0
2026-05-26T20:00,22.4,22.4,0.0,0.0,7.73,8.97,0,0
2026-05-26T21:00,21.6,21.3,0.0,0.0,6.86,8.04,0,0
2026-05-26T22:00,20.7,20.5,0.0,0.0,6.14,7.33,0,0
2026-05-26T23:00,19.9,19.8,0.0,0.0,5.0,5.87,0,0
2026-05-27T00:00,19.6,18.9,0.0,0.0,3.32,4.37,0,15
2026-05-27T01:00,18.9,18.5,0.0,0.0,2.64,4.74,3,38
2026-05-27T02:00,18.0,18.3,0.0,0.0,3.33,5.06,24,48
2026-05-27T03:00,17.5,18.5,3.0,2.0,4.02,4.62,42,69
2026-05-27T04:00,18.2,19.2,65.0,58.0,5.49,4.82,47,61
2026-05-27T05:00,20.8,21.1,200.0,191.0,5.98,4.59,28,21
2026-05-27T06:00,23.3,23.3,359.0,372.0,4.6,3.01,46,33
2026-05-27T07:00,25.5,24.9,521.0,556.0,3.5,2.91,43,13
2026-05-27T08:00,26.8,26.3,691.0,716.0,3.46,2.67,19,11
2026-05-27T09:00,28.0,27.6,827.0,831.0,2.75,2.32,0,0
2026-05-27T10:00,29.1,28.9,894.0,897.0,2.75,2.61,0,0
2026-05-27T11:00,30.0,29.8,905.0,907.0,2.99,3.45,0,0
2026-05-27T12:00,30.3,30.1,853.0,865.0,3.08,3.75,23,6
2026-05-27T13:00,30.4,30.3,716.0,771.0,3.63,4.0,30,1
2026-05-27T14:00,30.3,30.4,564.0,639.0,3.69,4.25,3,0
2026-05-27T15:00,30.2,30.2,465.0,475.0,3.82,4.21,2,0
2026-05-27T16:00,29.7,29.7,298.0,298.0,4.31,5.26,0,5
2026-05-27T17:00,28.7,28.7,131.0,129.0,4.61,5.07,0,13
2026-05-27T18:00,27.1,27.4,17.0,17.0,6.48,7.34,0,59
2026-05-27T19:00,25.6,25.5,0.0,0.0,7.07,9.22,18,17
2026-05-27T20:00,24.4,24.4,0.0,0.0,7.84,9.65,23,51
2026-05-27T21:00,23.7,23.7,0.0,0.0,6.61,9.77,49,48
2026-05-27T22:00,23.1,22.9,0.0,0.0,6.41,7.55,66,73
2026-05-27T23:00,22.7,22.1,0.0,0.0,6.48,4.86,79,57
2026-05-28T00:00,21.2,21.2,0.0,0.0,6.42,5.33,2,24
2026-05-28T01:00,20.2,19.8,0.0,0.0,10.16,9.95,34,20
2026-05-28T02:00,19.7,19.0,0.0,0.0,10.73,11.6,40,30
2026-05-28T03:00,18.9,18.5,3.0,3.0,9.36,9.72,49,44
2026-05-28T04:00,19.0,18.4,62.0,66.0,9.52,9.7,70,63
2026-05-28T05:00,19.7,18.8,171.0,181.0,9.15,8.74,70,73
2026-05-28T06:00,20.0,19.1,344.0,281.0,8.08,9.51,64,83
2026-05-28T07:00,20.8,19.3,442.0,331.0,8.71,9.67,81,90
2026-05-28T08:00,21.2,19.1,510.0,393.0,8.29,9.9,65,90
2026-05-28T09:00,21.7,18.5,603.0,509.0,8.08,9.32,72,84
2026-05-28T10:00,21.9,18.9,700.0,473.0,8.04,7.91,78,83
2026-05-28T11:00,22.1,19.5,574.0,464.0,7.01,6.37,79,82
2026-05-28T12:00,22.6,21.2,557.0,610.0,6.82,8.03,71,75
2026-05-28T13:00,23.0,21.1,595.0,501.0,6.49,6.63,64,76
2026-05-28T14:00,22.4,21.1,483.0,435.0,6.05,5.43,76,75
2026-05-28T15:00,22.1,21.0,337.0,328.0,5.18,4.71,76,56
2026-05-28T16:00,21.7,20.7,217.0,248.0,4.33,4.02,69,62
2026-05-28T17:00,21.0,20.2,101.0,106.0,4.97,4.63,60,77
2026-05-28T18:00,19.8,19.8,16.0,15.0,5.48,5.57,59,85
2026-05-28T19:00,18.9,18.6,0.0,0.0,8.39,7.45,76,83
2026-05-28T20:00,17.9,17.5,0.0,0.0,8.42,7.53,88,83
2026-05-28T21:00,17.2,16.9,0.0,0.0,8.63,7.36,81,89
2026-05-28T22:00,16.6,16.4,0.0,0.0,6.33,7.41,85,77
2026-05-28T23:00,15.9,15.9,0.0,0.0,6.12,6.18,82,77
2026-05-29T00:00,15.2,15.5,0.0,0.0,5.66,4.73,75,65
2026-05-29T01:00,14.8,14.7,0.0,0.0,3.69,3.51,67,33
2026-05-29T02:00,14.4,13.6,0.0,0.0,2.18,2.43,71,5
2026-05-29T03:00,13.8,12.8,4.0,3.0,2.36,1.96,26,0
2026-05-29T04:00,13.9,13.0,78.0,80.0,2.57,2.24,34,5
2026-05-29T05:00,15.4,14.8,223.0,237.0,1.93,2.39,39,12
2026-05-29T06:00,17.3,17.7,399.0,421.0,0.62,1.67,10,0
2026-05-29T07:00,19.0,19.6,594.0,599.0,1.39,2.27,0,0
2026-05-29T08:00,20.4,21.1,745.0,733.0,2.47,3.82,0,51
2026-05-29T09:00,21.4,22.1,705.0,796.0,4.25,4.37,82,23
2026-05-29T10:00,22.2,23.0,759.0,819.0,4.46,5.33,47,64
2026-05-29T11:00,22.8,23.6,861.0,743.0,4.29,5.89,57,65
2026-05-29T12:00,23.1,23.6,730.0,803.0,4.87,6.18,56,83
2026-05-29T13:00,23.8,23.9,689.0,679.0,6.23,5.44,55,90
2026-05-29T14:00,23.8,24.0,548.0,515.0,5.22,7.18,73,59
2026-05-29T15:00,23.5,23.6,363.0,413.0,7.13,5.95,94,35
2026-05-29T16:00,23.3,23.5,265.0,283.0,6.1,7.14,61,27
2026-05-29T17:00,22.2,22.6,123.0,136.0,5.46,5.96,42,0
2026-05-29T18:00,20.3,20.4,19.0,19.0,6.93,6.67,33,12
2026-05-29T19:00,18.5,18.5,0.0,0.0,10.78,8.62,36,0
2026-05-29T20:00,17.2,16.9,0.0,0.0,7.66,8.83,65,0
2026-05-29T21:00,15.7,15.3,0.0,0.0,7.95,8.29,34,0
2026-05-29T22:00,14.9,14.7,0.0,0.0,6.69,7.93,100,0
2026-05-29T23:00,14.4,14.0,0.0,0.0,4.99,7.3,100,11
2026-05-30T00:00,13.5,13.3,0.0,0.0,5.33,5.63,99,17
2026-05-30T01:00,13.1,13.0,0.0,0.0,5.59,4.39,100,79
2026-05-30T02:00,13.0,12.9,0.0,0.0,6.34,1.89,100,86
2026-05-30T03:00,12.9,12.0,3.0,4.0,6.71,0.49,100,73
2026-05-30T04:00,13.3,12.5,59.0,77.0,7.14,1.25,100,46
2026-05-30T05:00,14.8,14.2,179.0,228.0,8.05,2.99,97,36
2026-05-30T06:00,17.4,17.2,392.0,381.0,5.45,5.55,45,8
2026-05-30T07:00,19.4,19.7,517.0,586.0,5.33,5.71,79,1
2026-05-30T08:00,21.1,21.6,587.0,736.0,5.85,5.98,47,34
2026-05-30T09:00,23.3,23.5,802.0,822.0,6.44,6.29,45,29
2026-05-30T10:00,24.9,24.2,820.0,607.0,8.2,7.97,68,89
2026-05-30T11:00,25.9,24.7,701.0,490.0,8.85,8.59,75,88
2026-05-30T12:00,25.3,25.4,486.0,431.0,8.2,10.27,82,100
2026-05-30T13:00,26.5,25.4,560.0,337.0,8.67,8.08,63,96
2026-05-30T14:00,26.6,25.5,433.0,363.0,8.91,9.95,100,100
2026-05-30T15:00,26.3,24.7,335.0,206.0,7.75,10.0,100,100
2026-05-30T16:00,25.7,24.2,225.0,100.0,6.06,7.55,100,100
2026-05-30T17:00,24.4,23.4,88.0,38.0,4.45,9.19,100,100
2026-05-30T18:00,22.0,22.3,15.0,6.0,1.96,4.56,100,100
2026-05-30T19:00,20.9,20.5,0.0,0.0,1.61,5.53,100,100
2026-05-30T20:00,19.5,19.5,0.0,0.0,1.88,5.77,77,100
2026-05-30T21:00,18.1,18.7,0.0,0.0,1.64,5.08,53,100
2026-05-30T22:00,16.8,17.9,0.0,0.0,2.55,3.93,81,92
2026-05-30T23:00,15.9,17.3,0.0,0.0,3.46,3.78,100,76
2026-05-31T00:00,15.4,17.6,0.0,0.0,1.52,0.31,100,82
2026-05-31T01:00,15.0,17.0,0.0,0.0,1.08,0.49,89,61
2026-05-31T02:00,14.6,16.1,0.0,0.0,0.5,1.01,76,63
2026-05-31T03:00,14.2,15.9,3.0,3.0,1.02,1.87,77,61
2026-05-31T04:00,14.6,16.0,53.0,47.0,1.64,2.36,79,67
2026-05-31T05:00,16.0,17.3,141.0,150.0,3.2,1.86,86,74
2026-05-31T06:00,18.2,19.8,297.0,403.0,2.07,1.86,65,18
2026-05-31T07:00,20.6,21.4,461.0,533.0,1.58,1.67,63,68
2026-05-31T08:00,22.8,22.3,580.0,457.0,2.06,2.23,92,86
2026-05-31T09:00,23.8,23.3,538.0,550.0,2.51,2.29,48,53
2026-05-31T10:00,25.3,25.2,823.0,831.0,3.07,2.26,41,1
2026-05-31T11:00,26.6,26.5,852.0,881.0,3.67,3.25,62,40
2026-05-31T12:00,26.1,26.3,746.0,686.0,2.34,3.92,81,90
2026-05-31T13:00,25.9,26.4,555.0,564.0,0.55,2.72,100,99
2026-05-31T14:00,21.4,26.1,314.0,457.0,6.12,2.17,75,96
2026-05-31T15:00,21.9,25.8,301.0,332.0,4.02,1.93,79,100
2026-05-31T16:00,21.4,22.3,158.0,123.0,3.23,5.71,72,97
2026-05-31T17:00,20.6,21.3,89.0,76.0,3.8,2.26,98,50
2026-05-31T18:00,20.0,22.8,12.0,11.0,4.52,3.56,75,68
2026-05-31T19:00,19.3,21.6,0.0,0.0,4.75,3.35,88,70
2026-05-31T20:00,18.7,20.7,0.0,0.0,4.56,3.16,75,26
2026-05-31T21:00,18.1,20.0,0.0,0.0,5.21,2.64,52,8
2026-05-31T22:00,17.2,19.4,0.0,0.0,4.73,2.41,75,37
2026-05-31T23:00,16.8,18.8,0.0,0.0,5.53,2.56,70,70
2026-06-01T00:00,15.7,17.1,0.0,0.0,4.15,3.64,40,60
2026-06-01T01:00,15.2,16.6,0.0,0.0,3.68,2.86,46,56
2026-06-01T02:00,14.8,16.3,0.0,0.0,3.37,1.59,21,95
2026-06-01T03:00,14.7,15.8,3.0,4.0,2.35,1.1,44,89
2026-06-01T04:00,15.1,16.2,64.0,69.0,1.71,0.28,76,80
2026-06-01T05:00,16.7,18.2,176.0,211.0,1.9,1.12,74,57
2026-06-01T06:00,18.0,20.1,313.0,349.0,0.9,2.24,100,47
2026-06-01T07:00,19.7,22.4,463.0,533.0,1.08,1.62,58,99
2026-06-01T08:00,21.7,24.3,644.0,656.0,1.68,1.87,76,94
2026-06-01T09:00,23.6,25.9,639.0,761.0,2.08,2.36,87,86
2026-06-01T10:00,24.7,26.9,750.0,682.0,1.77,2.39,73,88
2026-06-01T11:00,25.2,27.5,655.0,649.0,2.06,2.99,94,100
2026-06-01T12:00,22.2,26.6,287.0,729.0,3.52,2.06,98,85
2026-06-01T13:00,22.4,26.5,243.0,518.0,4.31,2.16,100,100
2026-06-01T14:00,21.8,25.3,183.0,345.0,5.11,1.47,100,100
2026-06-01T15:00,21.0,23.2,142.0,273.0,5.57,2.36,100,100
2026-06-01T16:00,20.5,23.0,106.0,188.0,6.1,2.67,100,100
2026-06-01T17:00,19.7,22.3,46.0,94.0,6.04,4.02,100,99
2026-06-01T18:00,19.4,22.2,11.0,15.0,5.99,4.86,100,100
2026-06-01T19:00,18.5,21.1,0.0,0.0,6.85,6.92,100,97
2026-06-01T20:00,17.7,20.5,0.0,0.0,7.11,5.88,100,99
2026-06-01T21:00,17.1,20.0,0.0,0.0,7.39,3.47,100,100
2026-06-01T22:00,16.9,19.6,0.0,0.0,6.22,1.29,100,100
2026-06-01T23:00,16.8,19.0,0.0,0.0,6.9,1.5,100,100
2026-06-02T00:00,17.2,17.4,0.0,0.0,5.62,5.96,100,100
2026-06-02T01:00,17.2,17.3,0.0,0.0,4.82,4.59,100,100
2026-06-02T02:00,17.1,17.3,0.0,0.0,5.4,3.88,100,100
2026-06-02T03:00,17.2,17.3,1.0,2.0,5.23,2.42,100,100
2026-06-02T04:00,17.4,17.6,24.0,32.0,5.66,1.68,100,100
2026-06-02T05:00,18.0,18.0,110.0,88.0,4.31,1.88,100,99
2026-06-02T06:00,19.3,19.4,211.0,197.0,4.61,6.09,99,100
2026-06-02T07:00,20.7,19.1,379.0,198.0,6.98,5.79,100,100
2026-06-02T08:00,21.9,19.3,511.0,283.0,6.93,5.57,81,100
2026-06-02T09:00,22.7,20.1,562.0,370.0,6.84,6.36,100,100
2026-06-02T10:00,23.1,21.4,543.0,533.0,7.63,5.4,100,100
2026-06-02T11:00,23.3,22.7,564.0,560.0,6.55,4.8,100,98
2026-06-02T12:00,24.7,22.8,628.0,501.0,5.92,4.29,100,100
2026-06-02T13:00,24.9,23.6,498.0,631.0,5.8,3.75,100,98
2026-06-02T14:00,25.1,23.4,517.0,487.0,5.08,3.92,61,95
2026-06-02T15:00,24.2,23.0,380.0,368.0,4.62,4.21,93,80
2026-06-02T16:00,22.7,20.0,216.0,156.0,4.56,2.98,90,100
2026-06-02T17:00,22.4,20.2,122.0,106.0,3.14,3.18,37,60
2026-06-02T18:00,19.9,20.2,14.0,22.0,3.19,5.07,51,56
2026-06-02T19:00,19.5,19.3,0.0,0.0,4.21,5.25,100,100
2026-06-02T20:00,19.3,18.7,0.0,0.0,5.48,5.83,94,44
2026-06-02T21:00,19.0,18.2,0.0,0.0,5.65,5.52,54,100
2026-06-02T22:00,18.4,17.9,0.0,0.0,3.46,4.1,32,85
2026-06-02T23:00,17.8,17.5,0.0,0.0,3.14,2.36,8,47
2026-06-03T00:00,17.5,17.6,0.0,0.0,4.03,5.09,28,31
2026-06-03T01:00,17.1,17.1,0.0,0.0,4.19,4.74,0,7
2026-06-03T02:00,16.7,16.7,0.0,0.0,3.92,4.13,0,8
2026-06-03T03:00,16.3,16.2,5.0,5.0,2.84,3.47,0,0
2026-06-03T04:00,16.5,16.5,80.0,80.0,1.86,3.08,14,6
2026-06-03T05:00,17.8,17.8,227.0,227.0,1.77,2.16,84,9
2026-06-03T06:00,19.4,19.8,404.0,395.0,0.79,0.42,13,33
2026-06-03T07:00,21.4,21.5,576.0,560.0,1.31,0.62,23,40
2026-06-03T08:00,23.1,23.1,716.0,631.0,1.27,0.71,38,46
2026-06-03T09:00,24.5,24.6,780.0,716.0,1.63,1.21,56,58
2026-06-03T10:00,25.7,25.8,798.0,767.0,1.93,1.62,87,54
2026-06-03T11:00,26.6,26.8,784.0,797.0,1.93,1.96,95,58
2026-06-03T12:00,27.1,27.5,710.0,806.0,2.19,1.77,100,63
2026-06-03T13:00,27.0,27.9,515.0,681.0,2.29,1.74,100,51
2026-06-03T14:00,26.7,28.0,359.0,579.0,2.34,1.88,100,100
2026-06-03T15:00,26.6,27.6,284.0,377.0,2.04,1.94,100,100
2026-06-03T16:00,26.2,26.9,195.0,198.0,1.36,2.24,100,100
2026-06-03T17:00,25.5,26.2,113.0,89.0,2.06,2.52,62,100
2026-06-03T18:00,25.2,24.3,23.0,24.0,1.77,1.94,6,2
2026-06-03T19:00,24.1,22.9,0.0,0.0,1.12,2.88,2,33
2026-06-03T20:00,22.9,21.6,0.0,0.0,1.67,3.61,43,0
2026-06-03T21:00,21.7,20.6,0.0,0.0,2.57,5.13,14,85
2026-06-03T22:00,20.5,19.8,0.0,0.0,4.87,6.25,29,57
2026-06-03T23:00,19.7,19.1,0.0,0.0,5.11,6.01,45,43
2026-06-04T00:00,18.7,19.0,0.0,0.0,4.44,4.99,15,0
2026-06-04T01:00,17.5,18.2,0.0,0.0,5.4,5.49,37,27
2026-06-04T02:00,16.7,17.4,0.0,0.0,7.36,5.87,87,97
2026-06-04T03:00,16.6,17.3,4.0,3.0,7.19,2.14,88,100
2026-06-04T04:00,17.1,17.4,56.0,25.0,5.0,5.45,100,100
2026-06-04T05:00,18.0,18.1,153.0,100.0,5.23,3.37,90,100
2026-06-04T06:00,18.7,18.6,198.0,104.0,4.65,3.96,100,100
2026-06-04T07:00,21.1,20.5,306.0,214.0,4.86,3.77,100,100
2026-06-04T08:00,22.6,22.1,466.0,294.0,4.93,1.8,96,99
2026-06-04T09:00,24.1,21.3,608.0,349.0,3.82,1.31,89,100
2026-06-04T10:00,25.5,20.6,645.0,240.0,3.78,1.36,83,100
2026-06-04T11:00,26.0,21.1,648.0,267.0,4.27,1.45,100,100
2026-06-04T12:00,24.7,23.1,522.0,314.0,3.59,2.36,100,100
2026-06-04T13:00,23.9,22.7,384.0,228.0,2.72,1.36,100,100
2026-06-04T14:00,22.6,23.3,215.0,294.0,3.35,1.47,100,100
2026-06-04T15:00,21.8,22.6,142.0,239.0,2.81,1.63,100,100
2026-06-04T16:00,21.8,22.0,92.0,143.0,2.36,1.12,100,100
2026-06-04T17:00,21.0,21.2,54.0,41.0,3.29,1.08,100,100
2026-06-04T18:00,20.8,21.2,8.0,18.0,3.43,0.79,100,100
2026-06-04T19:00,20.5,20.7,0.0,0.0,3.5,0.57,100,100
2026-06-04T20:00,20.0,20.3,0.0,0.0,3.23,0.31,79,65
2026-06-04T21:00,19.7,19.9,0.0,0.0,2.85,0.6,85,65
2026-06-04T22:00,19.5,19.6,0.0,0.0,2.31,1.47,100,79
2026-06-04T23:00,19.2,19.4,0.0,0.0,3.04,2.02,100,69
2026-06-05T00:00,18.5,19.1,0.0,0.0,4.02,1.52,97,80
2026-06-05T01:00,17.9,19.0,0.0,0.0,3.84,0.88,92,82
2026-06-05T02:00,17.3,18.8,0.0,0.0,4.62,0.53,94,88
2026-06-05T03:00,16.8,18.7,3.0,3.0,4.13,0.4,93,85
2026-06-05T04:00,16.7,18.7,38.0,48.0,2.6,0.71,89,84
2026-06-05T05:00,17.2,19.5,103.0,119.0,2.37,1.49,89,89
2026-06-05T06:00,18.3,20.5,148.0,188.0,3.04,1.94,95,91
2026-06-05T07:00,19.3,21.8,164.0,332.0,2.55,1.06,97,76
2026-06-05T08:00,21.1,22.9,214.0,489.0,2.54,1.47,98,83
2026-06-05T09:00,22.6,23.7,401.0,546.0,1.55,1.2,70,81
2026-06-05T10:00,23.8,24.7,558.0,626.0,1.71,0.98,80,82
2026-06-05T11:00,24.7,25.8,684.0,670.0,1.77,1.23,66,76
2026-06-05T12:00,26.8,26.7,651.0,703.0,1.67,2.15,75,80
2026-06-05T13:00,27.2,26.6,584.0,509.0,2.26,2.83,81,75
2026-06-05T14:00,27.2,26.7,459.0,486.0,2.65,2.61,81,73
2026-06-05T15:00,27.1,26.5,386.0,361.0,2.45,2.5,61,77
2026-06-05T16:00,26.9,25.7,229.0,221.0,2.06,2.41,44,75
2026-06-05T17:00,25.9,23.6,111.0,97.0,3.8,3.37,62,69
2026-06-05T18:00,25.9,24.3,23.0,21.0,1.71,4.57,38,23
2026-06-05T19:00,24.6,22.8,0.0,0.0,3.64,5.42,94,8
2026-06-05T20:00,22.5,22.0,0.0,0.0,6.38,4.5,100,0
2026-06-05T21:00,21.6,21.3,0.0,0.0,4.21,3.78,66,0
2026-06-05T22:00,21.0,20.8,0.0,0.0,3.5,2.69,84,20
2026-06-05T23:00,20.6,20.3,0.0,0.0,2.95,2.39,94,49
2026-06-06T00:00,19.9,19.6,0.0,0.0,4.41,2.37,64,21
2026-06-06T01:00,19.5,19.1,0.0,0.0,3.4,1.8,20,23
2026-06-06T02:00,19.3,18.6,0.0,0.0,2.15,1.8,100,54
2026-06-06T03:00,18.8,18.2,5.0,4.0,0.83,2.67,80,100
2026-06-06T04:00,19.2,18.5,79.0,61.0,0.1,2.86,72,82
2026-06-06T05:00,21.2,19.9,222.0,177.0,0.66,2.39,93,69
2026-06-06T06:00,23.0,22.3,396.0,273.0,0.31,2.67,100,100
2026-06-06T07:00,24.9,23.5,534.0,389.0,0.39,2.66,100,100
2026-06-06T08:00,26.3,24.7,632.0,544.0,0.53,2.46,100,100
2026-06-06T09:00,27.5,26.0,722.0,636.0,0.4,1.75,100,100
2026-06-06T10:00,28.3,27.4,715.0,779.0,1.45,1.53,100,99
2026-06-06T11:00,29.1,28.3,691.0,831.0,1.8,1.5,100,100
2026-06-06T12:00,27.6,29.3,540.0,658.0,2.88,1.86,100,100
2026-06-06T13:00,27.8,29.2,476.0,540.0,1.94,1.86,100,100
2026-06-06T14:00,27.9,29.0,383.0,451.0,2.53,0.62,100,100
2026-06-06T15:00,27.5,24.5,290.0,295.0,2.57,2.29,100,100
2026-06-06T16:00,27.0,24.2,184.0,146.0,2.65,0.9,100,100
2026-06-06T17:00,25.9,24.0,88.0,84.0,2.59,0.4,100,100
2026-06-06T18:00,25.0,25.9,18.0,18.0,2.76,3.95,41,100
2026-06-06T19:00,24.2,24.6,0.0,0.0,2.88,4.88,4,100
2026-06-06T20:00,23.1,23.6,0.0,0.0,1.73,4.05,45,95
2026-06-06T21:00,21.7,22.2,0.0,0.0,1.62,3.47,38,44
2026-06-06T22:00,20.5,21.5,0.0,0.0,2.92,4.97,28,51
2026-06-06T23:00,20.0,21.0,0.0,0.0,2.83,3.14,100,54
2026-06-07T00:00,19.8,19.8,0.0,0.0,2.94,3.69,100,44
2026-06-07T01:00,19.5,19.4,0.0,0.0,3.33,1.31,76,80
2026-06-07T02:00,19.2,19.1,0.0,0.0,3.21,1.25,90,75
2026-06-07T03:00,19.1,19.0,3.0,3.0,2.34,0.5,84,91
2026-06-07T04:00,19.0,19.5,45.0,43.0,3.35,0.14,92,94
2026-06-07T05:00,19.8,20.0,122.0,89.0,1.46,0.55,82,96
2026-06-07T06:00,19.7,21.6,115.0,186.0,1.62,0.14,100,92
2026-06-07T07:00,20.2,22.8,166.0,294.0,1.81,1.77,94,67
2026-06-07T08:00,21.8,23.8,357.0,488.0,1.97,2.23,93,69
2026-06-07T09:00,21.7,24.7,344.0,644.0,1.24,1.77,96,75
2026-06-07T10:00,22.9,24.0,447.0,591.0,0.79,1.9,81,100
2026-06-07T11:00,24.9,25.2,729.0,696.0,0.83,1.5,51,100
2026-06-07T12:00,25.9,25.6,632.0,536.0,2.23,2.19,73,100
2026-06-07T13:00,26.0,24.9,531.0,438.0,1.59,2.64,75,100
2026-06-07T14:00,26.0,24.9,442.0,401.0,0.81,1.96,100,100
2026-06-07T15:00,23.4,24.0,247.0,315.0,0.69,2.3,100,100
2026-06-07T16:00,24.1,23.0,247.0,138.0,0.9,1.27,8,100
2026-06-07T17:00,23.9,23.0,143.0,117.0,0.79,1.73,1,96
2026-06-07T18:00,22.2,22.3,25.0,25.0,2.16,0.89,0,20
2026-06-07T19:00,21.6,21.3,0.0,0.0,2.46,1.28,0,11
2026-06-07T20:00,20.9,20.5,0.0,0.0,3.45,1.18,0,2
2026-06-07T21:00,20.1,20.0,0.0,0.0,4.41,0.71,3,0
2026-06-07T22:00,19.5,19.2,0.0,0.0,3.15,1.2,11,41
2026-06-07T23:00,18.8,18.7,0.0,0.0,2.51,1.77,0,93
2026-06-08T00:00,19.2,18.1,0.0,0.0,2.55,2.65,26,51
2026-06-08T01:00,18.6,17.6,0.0,0.0,1.67,2.29,35,69
2026-06-08T02:00,18.1,17.2,0.0,0.0,1.33,1.14,52,96
2026-06-08T03:00,17.7,17.0,4.0,4.0,1.24,0.79,76,96
2026-06-08T04:00,17.8,17.5,68.0,47.0,1.1,0.9,77,92
2026-06-08T05:00,19.4,18.1,183.0,108.0,0.44,1.02,79,95
2026-06-08T06:00,20.7,20.7,339.0,355.0,0.71,0.79,34,88
2026-06-08T07:00,22.8,22.3,537.0,487.0,0.69,1.46,46,67
2026-06-08T08:00,24.7,23.6,660.0,575.0,0.35,1.1,70,99
2026-06-08T09:00,25.7,24.9,730.0,655.0,0.57,0.2,100,97
2026-06-08T10:00,26.2,25.9,740.0,753.0,1.12,0.71,76,89
2026-06-08T11:00,27.3,27.0,805.0,804.0,1.71,1.19,57,84
2026-06-08T12:00,27.4,27.7,726.0,698.0,1.25,0.92,100,100
2026-06-08T13:00,27.9,27.5,663.0,560.0,1.9,0.5,59,75
2026-06-08T14:00,28.0,26.7,543.0,490.0,1.71,1.58,69,92
2026-06-08T15:00,22.6,23.2,311.0,319.0,4.71,2.0,100,100
2026-06-08T16:00,23.3,23.9,231.0,253.0,0.71,0.62,14,100
2026-06-08T17:00,23.6,23.7,142.0,94.0,1.14,1.18,45,100
2026-06-08T18:00,23.5,21.9,26.0,22.0,1.97,2.18,0,25
2026-06-08T19:00,22.9,21.1,0.0,0.0,2.04,2.85,17,0
2026-06-08T20:00,21.9,20.6,0.0,0.0,3.4,3.05,50,33
2026-06-08T21:00,21.5,20.1,0.0,0.0,4.16,3.4,61,16
2026-06-08T22:00,21.2,19.8,0.0,0.0,3.51,2.22,100,31
2026-06-08T23:00,20.8,19.1,0.0,0.0,1.69,1.36,100,39
2026-06-09T00:00,19.8,19.6,0.0,0.0,1.74,1.86,77,92
2026-06-09T01:00,19.2,19.3,0.0,0.0,0.44,1.59,62,100
2026-06-09T02:00,19.0,18.9,0.0,0.0,1.67,1.2,68,100
2026-06-09T03:00,18.9,18.7,4.0,4.0,1.69,1.24,60,61
2026-06-09T04:00,19.4,19.1,58.0,61.0,1.71,1.88,72,74
2026-06-09T05:00,20.4,20.0,136.0,146.0,1.83,3.21,73,65
2026-06-09T06:00,22.2,22.3,290.0,323.0,0.98,1.77,64,56
2026-06-09T07:00,23.9,24.2,456.0,508.0,1.08,1.64,58,46
2026-06-09T08:00,25.7,26.0,614.0,655.0,1.33,1.97,67,53
2026-06-09T09:00,26.7,27.3,679.0,762.0,0.97,1.58,100,100
2026-06-09T10:00,28.0,27.6,825.0,758.0,1.12,1.21,65,100
2026-06-09T11:00,29.0,27.6,851.0,681.0,1.14,1.33,57,100
2026-06-09T12:00,26.1,29.9,439.0,662.0,3.4,0.49,100,100
2026-06-09T13:00,28.0,29.2,517.0,475.0,2.84,2.05,100,100
2026-06-09T14:00,28.4,28.5,464.0,312.0,1.4,1.57,100,100
2026-06-09T15:00,26.9,27.7,292.0,246.0,2.91,4.04,100,95
2026-06-09T16:00,27.1,26.5,255.0,254.0,2.55,3.08,4,73
2026-06-09T17:00,25.8,26.4,145.0,143.0,4.57,2.67,13,5
2026-06-09T18:00,23.8,24.7,28.0,26.0,4.19,3.88,64,1
2026-06-09T19:00,22.5,23.8,0.0,0.0,4.54,4.73,0,2
2026-06-09T20:00,21.3,22.7,0.0,0.0,4.25,4.76,0,25
2026-06-09T21:00,20.5,22.0,0.0,0.0,4.35,4.67,0,8
2026-06-09T22:00,19.9,21.4,0.0,0.0,4.21,4.17,0,67
2026-06-09T23:00,19.4,20.7,0.0,0.0,3.77,3.35,74,9
2026-06-10T00:00,19.3,19.4,0.0,0.0,3.83,3.45,23,1
2026-06-10T01:00,18.7,18.9,0.0,0.0,3.23,2.77,61,10
2026-06-10T02:00,18.3,18.5,0.0,0.0,4.05,2.91,23,10
2026-06-10T03:00,18.0,18.2,6.0,5.0,4.24,3.53,26,52
2026-06-10T04:00,18.7,18.8,74.0,76.0,3.99,3.33,36,51
2026-06-10T05:00,20.6,20.3,214.0,201.0,3.46,2.81,12,53
2026-06-10T06:00,22.9,22.8,349.0,396.0,2.39,1.36,58,42
2026-06-10T07:00,24.9,25.0,490.0,543.0,2.33,1.31,34,45
2026-06-10T08:00,26.7,27.0,675.0,670.0,2.65,1.43,58,51
2026-06-10T09:00,28.2,28.4,776.0,766.0,2.26,1.12,43,65
2026-06-10T10:00,29.4,29.3,826.0,785.0,1.55,1.02,60,73
2026-06-10T11:00,29.8,29.8,697.0,724.0,1.46,1.0,73,73
2026-06-10T12:00,30.6,30.5,800.0,688.0,1.47,1.41,68,80
2026-06-10T13:00,30.6,30.5,619.0,580.0,1.69,1.62,94,100
2026-06-10T14:00,30.5,30.2,521.0,441.0,1.69,0.98,100,100
2026-06-10T15:00,28.9,25.4,226.0,219.0,1.52,5.79,100,100
2026-06-10T16:00,26.5,25.3,107.0,146.0,5.1,4.3,100,100
2026-06-10T17:00,26.4,25.2,86.0,78.0,3.89,4.51,100,100
2026-06-10T18:00,25.5,24.7,22.0,26.0,2.18,4.35,100,73
2026-06-10T19:00,24.7,23.4,0.0,0.0,3.08,4.84,6,34
2026-06-10T20:00,23.9,22.7,0.0,0.0,3.52,5.22,3,47
2026-06-10T21:00,22.8,22.2,0.0,0.0,4.44,5.59,14,45
2026-06-10T22:00,22.1,21.8,0.0,0.0,4.9,5.78,46,44
2026-06-10T23:00,21.5,21.3,0.0,0.0,4.09,4.22,37,57
2026-06-11T00:00,20.2,20.3,0.0,0.0,2.61,3.83,0,21
2026-06-11T01:00,19.6,19.5,0.0,0.0,3.2,3.64,2,25
2026-06-11T02:00,19.1,18.8,0.0,0.0,4.12,3.53,3,31
2026-06-11T03:00,18.7,18.3,6.0,4.0,4.3,3.43,5,44
2026-06-11T04:00,19.4,19.0,83.0,72.0,3.73,3.94,0,61
2026-06-11T05:00,21.3,20.5,231.0,179.0,3.15,3.34,0,65
2026-06-11T06:00,23.7,23.0,405.0,342.0,1.1,2.15,5,53
2026-06-11T07:00,26.0,25.6,575.0,546.0,1.15,2.46,17,46
2026-06-11T08:00,27.9,27.9,714.0,707.0,1.55,2.73,31,33
2026-06-11T09:00,29.4,29.6,823.0,822.0,1.84,2.33,0,43
2026-06-11T10:00,30.7,30.6,900.0,821.0,2.64,1.98,50,29
2026-06-11T11:00,31.5,31.3,906.0,830.0,3.04,1.31,31,69
2026-06-11T12:00,31.6,31.7,858.0,747.0,3.11,1.77,42,73
2026-06-11T13:00,31.9,31.9,747.0,629.0,3.6,2.08,63,59
2026-06-11T14:00,31.9,31.8,576.0,512.0,3.61,1.88,69,76
2026-06-11T15:00,31.5,31.5,404.0,354.0,4.17,1.85,65,97
2026-06-11T16:00,31.0,27.9,268.0,182.0,3.64,4.8,97,100
2026-06-11T17:00,30.0,27.4,108.0,104.0,4.62,4.05,100,100
2026-06-11T18:00,25.4,24.6,21.0,21.0,4.61,5.94,100,100
2026-06-11T19:00,24.2,23.8,0.0,0.0,4.46,5.23,73,100
2026-06-11T20:00,23.2,23.2,0.0,0.0,4.53,3.86,100,100
2026-06-11T21:00,22.5,22.8,0.0,0.0,4.35,3.04,100,100
2026-06-11T22:00,21.8,22.0,0.0,0.0,3.51,2.95,8,76
2026-06-11T23:00,21.0,21.3,0.0,0.0,3.33,1.71,86,100
2026-06-12T00:00,20.4,21.3,0.0,0.0,2.47,1.43,100,50
2026-06-12T01:00,20.1,20.3,0.0,0.0,4.19,3.89,100,100
2026-06-12T02:00,19.4,19.7,0.0,0.0,5.36,5.66,100,100
2026-06-12T03:00,19.2,19.5,1.0,2.0,5.41,5.46,100,100
2026-06-12T04:00,19.1,19.5,25.0,17.0,5.28,1.94,100,100
2026-06-12T05:00,19.0,19.7,62.0,50.0,3.66,0.71,100,100
2026-06-12T06:00,19.5,19.1,96.0,42.0,2.16,2.7,100,100
2026-06-12T07:00,19.7,19.2,138.0,56.0,1.89,1.71,100,100
2026-06-12T08:00,20.1,19.0,127.0,64.0,2.1,1.39,100,100
2026-06-12T09:00,19.6,18.6,104.0,76.0,3.81,3.37,100,100
2026-06-12T10:00,18.7,18.3,120.0,62.0,5.7,1.04,100,100
2026-06-12T11:00,18.7,17.0,106.0,32.0,4.52,8.63,100,100
2026-06-12T12:00,18.9,19.2,94.0,103.0,3.04,6.11,100,100
2026-06-12T13:00,19.2,17.4,105.0,67.0,1.58,5.42,100,100
2026-06-12T14:00,18.4,16.7,48.0,33.0,6.58,4.69,100,100
2026-06-12T15:00,17.4,16.3,25.0,47.0,7.83,5.31,100,100
2026-06-12T16:00,16.2,16.3,23.0,77.0,7.32,6.69,100,100
2026-06-12T17:00,16.0,16.0,17.0,34.0,7.1,4.61,100,100
2026-06-12T18:00,15.2,15.2,6.0,3.0,5.56,6.11,100,100
2026-06-12T19:00,14.8,14.7,0.0,0.0,6.21,5.85,100,98
2026-06-12T20:00,14.5,14.4,0.0,0.0,5.13,4.62,100,99
2026-06-12T21:00,14.2,14.0,0.0,0.0,3.64,3.43,100,100
2026-06-12T22:00,14.1,14.0,0.0,0.0,2.27,2.56,98,98
2026-06-12T23:00,14.0,13.9,0.0,0.0,1.29,1.33,99,96
2026-06-13T00:00,14.2,13.7,0.0,0.0,0.84,1.52,96,100
2026-06-13T01:00,14.1,13.6,0.0,0.0,1.49,0.2,100,90
2026-06-13T02:00,13.9,13.4,0.0,0.0,2.97,1.08,100,100
2026-06-13T03:00,13.7,13.3,5.0,4.0,4.44,3.33,98,100
2026-06-13T04:00,14.2,13.9,61.0,61.0,6.21,4.81,100,98
2026-06-13T05:00,15.5,15.1,179.0,174.0,5.91,4.42,96,100
2026-06-13T06:00,17.1,16.6,412.0,341.0,4.52,5.23,20,100
2026-06-13T07:00,18.9,18.0,585.0,378.0,4.77,4.6,31,100
2026-06-13T08:00,20.4,19.7,714.0,555.0,5.33,3.95,39,87
2026-06-13T09:00,21.6,21.2,772.0,664.0,4.59,3.76,52,49
2026-06-13T10:00,22.7,22.5,790.0,759.0,4.37,3.48,54,85
2026-06-13T11:00,23.6,23.5,782.0,721.0,4.09,3.05,58,45
2026-06-13T12:00,24.0,23.7,783.0,547.0,4.23,3.11,90,75
2026-06-13T13:00,24.0,24.3,509.0,597.0,4.09,3.07,96,81
2026-06-13T14:00,23.8,24.5,310.0,494.0,4.75,2.67,90,49
2026-06-13T15:00,23.7,24.6,352.0,385.0,5.0,2.79,51,84
2026-06-13T16:00,23.4,24.5,296.0,230.0,4.61,3.34,45,73
2026-06-13T17:00,22.8,23.6,132.0,127.0,4.25,4.8,60,44
2026-06-13T18:00,21.2,21.9,29.0,27.0,4.4,4.16,48,52
2026-06-13T19:00,20.2,20.5,0.0,0.0,5.64,4.5,89,44
2026-06-13T20:00,19.7,19.5,0.0,0.0,5.7,3.87,74,52
2026-06-13T21:00,18.9,18.9,0.0,0.0,6.67,3.38,47,74
2026-06-13T22:00,18.3,18.5,0.0,0.0,6.62,3.95,60,81
2026-06-13T23:00,17.6,18.2,0.0,0.0,6.04,3.82,91,88
2026-06-14T00:00,17.1,17.9,0.0,0.0,6.18,0.98,72,86
2026-06-14T01:00,16.5,17.3,0.0,0.0,5.99,0.49,87,60
2026-06-14T02:00,16.1,16.5,0.0,0.0,5.19,1.41,79,55
2026-06-14T03:00,15.7,15.8,5.0,4.0,5.1,2.34,43,69
2026-06-14T04:00,16.0,16.0,82.0,63.0,4.8,2.91,22,51
2026-06-14T05:00,17.4,16.9,233.0,195.0,3.84,2.64,0,41
2026-06-14T06:00,19.1,19.5,408.0,403.0,2.5,1.87,0,0
2026-06-14T07:00,21.3,21.6,574.0,583.0,3.35,2.01,33,0
2026-06-14T08:00,23.1,23.4,718.0,731.0,3.74,2.51,11,7
2026-06-14T09:00,24.6,24.6,837.0,840.0,3.93,2.72,6,27
2026-06-14T10:00,26.0,25.9,904.0,878.0,4.13,2.9,10,44
2026-06-14T11:00,26.8,26.8,917.0,855.0,4.67,4.12,19,92
2026-06-14T12:00,27.3,27.7,785.0,878.0,4.8,5.61,46,50
2026-06-14T13:00,28.0,28.1,716.0,696.0,5.49,6.65,62,77
2026-06-14T14:00,27.6,28.1,581.0,553.0,6.28,7.05,89,60
2026-06-14T15:00,27.7,27.7,445.0,419.0,7.07,7.02,38,15
2026-06-14T16:00,26.6,27.4,317.0,322.0,7.45,6.04,37,0
2026-06-14T17:00,25.3,26.4,157.0,160.0,6.96,6.66,13,0
2026-06-14T18:00,23.8,24.0,32.0,32.0,5.0,8.06,8,0
2026-06-14T19:00,22.3,22.5,0.0,0.0,5.54,6.79,45,0
2026-06-14T20:00,21.3,21.5,0.0,0.0,4.25,5.4,87,20
2026-06-14T21:00,20.5,20.7,0.0,0.0,4.58,6.06,58,68
2026-06-14T22:00,20.2,20.4,0.0,0.0,4.17,6.31,100,93
2026-06-14T23:00,20.0,20.2,0.0,0.0,2.58,6.03,88,96
2026-06-15T00:00,19.5,19.8,0.0,0.0,3.08,5.01,78,91
2026-06-15T01:00,19.0,19.5,0.0,0.0,6.14,2.88,90,82
2026-06-15T02:00,18.6,19.0,0.0,0.0,3.69,2.88,84,69
2026-06-15T03:00,18.3,18.4,3.0,5.0,1.11,3.19,93,77
2026-06-15T04:00,18.4,18.7,32.0,67.0,2.5,1.18,100,100
2026-06-15T05:00,18.8,19.8,71.0,152.0,3.21,3.12,82,77
2026-06-15T06:00,21.4,21.2,260.0,275.0,4.12,3.82,73,55
2026-06-15T07:00,23.0,23.1,474.0,487.0,3.0,4.37,97,83
2026-06-15T08:00,24.5,24.5,637.0,651.0,3.33,4.04,83,36
2026-06-15T09:00,25.7,25.8,716.0,788.0,3.63,4.42,83,75
2026-06-15T10:00,26.7,26.4,713.0,754.0,3.85,4.33,72,64
2026-06-15T11:00,27.4,26.6,725.0,723.0,4.16,4.22,97,79
2026-06-15T12:00,27.7,27.0,703.0,688.0,3.97,4.02,77,77
2026-06-15T13:00,28.0,27.4,627.0,606.0,4.23,3.66,71,59
2026-06-15T14:00,28.4,27.5,546.0,541.0,4.64,5.96,56,77
2026-06-15T15:00,28.0,27.2,378.0,417.0,5.02,4.03,69,78
2026-06-15T16:00,27.4,24.7,278.0,251.0,4.28,3.24,51,57
2026-06-15T17:00,26.2,23.2,143.0,137.0,2.86,3.32,19,26
2026-06-15T18:00,24.1,22.3,29.0,28.0,2.69,3.92,26,61
2026-06-15T19:00,22.4,21.5,0.0,0.0,2.86,3.68,32,100
2026-06-15T20:00,21.0,20.2,0.0,0.0,5.79,3.35,67,100
2026-06-15T21:00,20.0,19.8,0.0,0.0,5.0,2.27,100,100
2026-06-15T22:00,19.1,19.5,0.0,0.0,2.08,1.9,87,83
2026-06-15T23:00,18.7,19.1,0.0,0.0,2.45,1.69,91,79
2026-06-16T00:00,17.4,16.6,0.0,0.0,1.15,2.67,100,96
2026-06-16T01:00,17.1,16.1,0.0,0.0,0.49,3.55,95,71
2026-06-16T02:00,16.5,15.9,0.0,0.0,1.24,2.55,66,46
2026-06-16T03:00,16.1,15.7,6.0,5.0,1.28,1.43,8,93
2026-06-16T04:00,16.4,16.4,85.0,78.0,1.21,0.92,21,100
2026-06-16T05:00,17.9,17.6,233.0,208.0,0.55,0.88,71,100
2026-06-16T06:00,19.8,19.5,393.0,359.0,1.0,1.67,86,100
2026-06-16T07:00,21.9,20.9,572.0,455.0,0.28,1.29,49,100
2026-06-16T08:00,23.6,22.3,732.0,503.0,1.06,0.29,0,100
2026-06-16T09:00,24.9,24.3,835.0,794.0,1.18,1.12,58,50
2026-06-16T10:00,26.0,25.2,806.0,792.0,0.79,1.61,76,39
2026-06-16T11:00,26.7,26.0,745.0,798.0,2.29,1.04,62,20
2026-06-16T12:00,25.8,27.2,769.0,785.0,3.34,0.84,54,66
2026-06-16T13:00,26.2,27.5,699.0,692.0,3.73,1.88,77,54
2026-06-16T14:00,26.2,27.6,578.0,583.0,3.56,3.14,2,58
2026-06-16T15:00,26.0,27.2,500.0,428.0,3.1,3.09,0,16
2026-06-16T16:00,25.5,26.8,327.0,313.0,3.33,3.24,26,27
2026-06-16T17:00,24.5,25.9,162.0,154.0,3.5,2.98,2,26
2026-06-16T18:00,24.1,24.3,34.0,34.0,3.75,3.83,0,0
2026-06-16T19:00,22.6,22.8,0.0,0.0,4.32,3.68,0,0
2026-06-16T20:00,21.1,21.6,0.0,0.0,4.54,4.21,0,0
2026-06-16T21:00,20.2,20.7,0.0,0.0,4.05,4.39,0,0
2026-06-16T22:00,19.6,20.3,0.0,0.0,3.24,3.86,0,0
2026-06-16T23:00,18.7,19.9,0.0,0.0,2.6,3.29,0,1
2026-06-17T00:00,17.8,18.1,0.0,0.0,2.54,2.42,20,7
2026-06-17T01:00,17.1,17.3,0.0,0.0,2.21,2.1,1,0
2026-06-17T02:00,16.4,16.7,0.0,0.0,2.56,1.8,1,9
2026-06-17T03:00,16.0,15.7,6.0,6.0,2.84,1.29,12,4
2026-06-17T04:00,16.6,16.2,87.0,86.0,2.5,0.88,58,15
2026-06-17T05:00,18.4,18.7,217.0,234.0,2.43,1.18,100,88
2026-06-17T06:00,21.1,21.7,340.0,415.0,3.21,1.95,100,50
2026-06-17T07:00,23.4,24.2,514.0,572.0,2.02,1.88,72,99
2026-06-17T08:00,25.4,25.5,730.0,599.0,2.86,2.5,0,94
2026-06-17T09:00,26.6,26.4,844.0,653.0,2.86,2.88,53,100
2026-06-17T10:00,27.2,27.5,775.0,713.0,2.64,3.19,81,78
2026-06-17T11:00,27.9,28.3,723.0,817.0,2.68,3.64,82,58
2026-06-17T12:00,28.4,28.3,661.0,724.0,2.98,2.11,77,90
2026-06-17T13:00,28.5,28.2,608.0,563.0,2.61,2.74,56,69
2026-06-17T14:00,28.5,28.3,523.0,555.0,2.26,3.29,56,64
2026-06-17T15:00,28.3,27.7,431.0,462.0,2.88,3.06,37,34
2026-06-17T16:00,27.8,27.2,309.0,319.0,3.53,2.5,38,22
2026-06-17T17:00,27.0,26.0,149.0,153.0,2.77,3.67,46,39
2026-06-17T18:00,26.2,25.7,34.0,32.0,2.08,2.63,32,42
2026-06-17T19:00,24.6,24.3,0.0,0.0,0.97,2.08,29,46
2026-06-17T20:00,23.6,23.2,0.0,0.0,1.19,1.47,95,91
2026-06-17T21:00,22.6,22.2,0.0,0.0,1.8,2.26,46,24
2026-06-17T22:00,21.5,21.2,0.0,0.0,1.92,2.71,55,42
2026-06-17T23:00,20.3,19.6,0.0,0.0,3.72,3.2,56,98
2026-06-18T00:00,18.7,18.3,0.0,0.0,5.85,2.21,28,86
2026-06-18T01:00,18.1,17.9,0.0,0.0,5.04,2.22,99,100
2026-06-18T02:00,17.8,17.8,0.0,0.0,4.71,2.26,100,100
2026-06-18T03:00,17.9,17.5,4.0,4.0,7.12,3.64,83,92
2026-06-18T04:00,19.3,18.2,50.0,56.0,8.67,7.32,85,85
2026-06-18T05:00,20.1,19.9,193.0,178.0,6.8,7.47,34,55
2026-06-18T06:00,21.8,21.2,378.0,353.0,6.15,6.63,48,53
2026-06-18T07:00,23.2,22.2,552.0,527.0,7.26,6.44,40,40
2026-06-18T08:00,24.2,23.6,648.0,699.0,6.77,6.22,45,30
2026-06-18T09:00,25.3,24.8,717.0,799.0,5.46,5.08,60,71
2026-06-18T10:00,26.1,25.2,779.0,697.0,4.79,4.61,67,60
2026-06-18T11:00,26.7,26.2,758.0,818.0,4.09,4.03,68,48
2026-06-18T12:00,27.3,27.2,723.0,786.0,3.41,3.97,67,59
2026-06-18T13:00,27.6,27.4,673.0,713.0,2.99,2.99,54,50
2026-06-18T14:00,27.8,27.2,612.0,519.0,2.71,3.08,46,100
2026-06-18T15:00,27.5,27.0,433.0,385.0,2.22,2.81,73,100
2026-06-18T16:00,27.2,26.6,272.0,252.0,2.45,2.63,66,51
2026-06-18T17:00,26.5,26.0,148.0,147.0,3.07,3.03,59,100
2026-06-18T18:00,25.2,24.6,32.0,33.0,5.78,4.86,54,44
2026-06-18T19:00,23.3,23.1,0.0,0.0,7.49,6.59,52,76
2026-06-18T20:00,22.0,21.9,0.0,0.0,8.3,7.25,56,83
2026-06-18T21:00,21.3,21.1,0.0,0.0,7.96,8.19,72,81
2026-06-18T22:00,20.7,20.1,0.0,0.0,7.32,7.88,63,33
2026-06-18T23:00,19.7,18.9,0.0,0.0,6.44,7.24,56,2
2026-06-19T00:00,18.6,18.4,0.0,0.0,6.81,7.36,62,49
2026-06-19T01:00,17.6,17.4,0.0,0.0,6.84,6.67,49,25
2026-06-19T02:00,16.7,16.4,0.0,0.0,6.84,6.22,12,25
2026-06-19T03:00,16.0,15.7,6.0,6.0,6.7,5.92,5,0
2026-06-19T04:00,16.7,16.3,86.0,85.0,5.98,4.82,3,0
2026-06-19T05:00,18.8,18.4,234.0,233.0,5.11,4.03,30,15
2026-06-19T06:00,21.2,21.1,390.0,398.0,1.59,2.02,50,41
2026-06-19T07:00,23.2,23.2,527.0,552.0,1.97,2.77,41,50
2026-06-19T08:00,24.8,24.7,691.0,682.0,2.59,3.57,47,46
2026-06-19T09:00,25.9,25.7,768.0,734.0,2.88,3.81,40,70
2026-06-19T10:00,27.0,26.5,853.0,695.0,3.75,4.35,29,77
2026-06-19T11:00,27.8,27.1,804.0,735.0,4.35,3.74,83,46
2026-06-19T12:00,27.9,27.6,775.0,641.0,4.0,3.45,49,81
2026-06-19T13:00,27.9,27.5,632.0,515.0,4.16,3.57,54,70
2026-06-19T14:00,27.9,27.3,520.0,378.0,3.95,3.82,76,75
2026-06-19T15:00,27.7,27.1,374.0,365.0,3.51,3.04,45,74
2026-06-19T16:00,27.3,27.0,309.0,302.0,3.93,2.59,32,7
2026-06-19T17:00,26.4,26.4,158.0,162.0,2.95,2.26,32,13
2026-06-19T18:00,25.7,25.7,35.0,33.0,2.33,3.04,32,59
2026-06-19T19:00,24.1,24.4,0.0,0.0,1.62,2.76,2,43
2026-06-19T20:00,23.2,23.6,0.0,0.0,0.1,1.9,9,58
2026-06-19T21:00,21.7,23.0,0.0,0.0,1.82,0.71,38,65
2026-06-19T22:00,20.9,22.1,0.0,0.0,2.99,0.35,60,69
2026-06-19T23:00,20.1,21.4,0.0,0.0,3.94,0.71,49,78
2026-06-20T00:00,18.5,19.9,0.0,0.0,3.14,2.92,30,73
2026-06-20T01:00,17.6,19.3,0.0,0.0,2.87,4.51,36,78
2026-06-20T02:00,17.0,19.0,0.0,0.0,2.91,4.47,41,64
2026-06-20T03:00,16.8,18.9,5.0,4.0,3.51,3.86,46,71
2026-06-20T04:00,17.9,19.4,71.0,64.0,3.37,3.64,53,59
2026-06-20T05:00,20.2,21.4,196.0,208.0,3.19,3.11,50,45
2026-06-20T06:00,23.7,23.1,396.0,343.0,2.55,1.94,10,39
2026-06-20T07:00,26.3,25.6,580.0,560.0,1.53,0.53,0,30
2026-06-20T08:00,27.9,27.5,729.0,717.0,1.62,0.53,0,16
2026-06-20T09:00,29.0,28.5,812.0,787.0,1.33,1.52,61,58
2026-06-20T10:00,29.9,29.3,790.0,745.0,1.88,2.29,82,21
2026-06-20T11:00,30.2,30.0,709.0,825.0,3.08,2.42,90,46
2026-06-20T12:00,30.3,29.6,553.0,484.0,3.16,2.84,91,87
2026-06-20T13:00,30.5,30.3,545.0,553.0,3.38,2.01,93,63
2026-06-20T14:00,30.4,30.6,511.0,537.0,2.4,2.46,60,56
2026-06-20T15:00,30.2,30.4,401.0,456.0,1.45,2.05,90,42
2026-06-20T16:00,29.8,30.0,227.0,309.0,0.96,1.79,69,31
2026-06-20T17:00,29.3,29.3,123.0,152.0,1.01,1.98,60,34
2026-06-20T18:00,28.3,28.3,30.0,29.0,0.79,1.5,83,51
2026-06-20T19:00,27.0,27.0,0.0,0.0,0.83,1.9,83,63
2026-06-20T20:00,26.0,26.0,0.0,0.0,2.02,2.1,59,56
2026-06-20T21:00,25.4,25.3,0.0,0.0,2.2,2.22,50,58
2026-06-20T22:00,24.6,24.5,0.0,0.0,2.97,2.11,57,53
2026-06-20T23:00,23.8,23.7,0.0,0.0,3.38,2.26,66,67
2026-06-21T00:00,22.6,21.7,0.0,0.0,3.31,3.89,37,53
2026-06-21T01:00,21.3,21.2,0.0,0.0,2.75,4.3,65,56
2026-06-21T02:00,20.9,20.7,0.0,0.0,2.89,6.56,66,71
2026-06-21T03:00,20.5,20.6,4.0,5.0,4.03,7.23,70,42
2026-06-21T04:00,21.3,21.8,65.0,74.0,5.31,7.13,44,49
2026-06-21T05:00,23.5,23.5,210.0,193.0,5.17,6.51,40,59
2026-06-21T06:00,25.1,25.5,350.0,334.0,4.43,3.53,58,54
2026-06-21T07:00,27.2,26.8,484.0,469.0,4.25,5.06,59,61
2026-06-21T08:00,28.5,28.0,633.0,590.0,4.44,4.66,44,59
2026-06-21T09:00,29.5,29.1,736.0,694.0,4.33,4.33,60,56
2026-06-21T10:00,30.2,30.2,766.0,804.0,3.37,3.45,63,50
2026-06-21T11:00,30.8,30.9,791.0,852.0,3.33,2.77,68,54
2026-06-21T12:00,31.3,31.2,691.0,768.0,2.42,3.14,60,59
2026-06-21T13:00,31.5,31.3,619.0,670.0,2.86,3.33,59,49
2026-06-21T14:00,31.4,31.2,518.0,559.0,3.33,3.61,53,44
2026-06-21T15:00,31.0,30.8,411.0,449.0,3.81,3.83,60,57
2026-06-21T16:00,30.4,30.2,282.0,287.0,3.78,4.43,47,52
2026-06-21T17:00,29.6,29.4,148.0,147.0,4.49,4.56,46,49
2026-06-21T18:00,28.9,28.7,29.0,33.0,4.55,4.91,48,72
2026-06-21T19:00,27.4,27.0,0.0,0.0,5.15,6.09,78,49
2026-06-21T20:00,26.0,25.5,0.0,0.0,5.36,6.32,99,53
2026-06-21T21:00,24.6,24.4,0.0,0.0,5.88,6.45,92,39
2026-06-21T22:00,23.3,23.2,0.0,0.0,5.06,5.98,88,35
2026-06-21T23:00,22.4,22.2,0.0,0.0,4.22,4.18,82,44
2026-06-22T00:00,21.4,21.4,0.0,0.0,3.2,3.41,57,66
2026-06-22T01:00,20.9,20.7,0.0,0.0,2.43,1.69,73,68
2026-06-22T02:00,20.5,20.0,0.0,0.0,2.77,0.49,76,65
2026-06-22T03:00,20.4,20.0,4.0,4.0,4.03,1.67,64,74
2026-06-22T04:00,20.9,20.4,61.0,57.0,3.92,2.98,74,76
2026-06-22T05:00,22.3,21.9,161.0,157.0,3.9,2.86,67,69
2026-06-22T06:00,23.3,24.7,205.0,331.0,4.43,2.26,93,57
2026-06-22T07:00,25.0,26.7,366.0,472.0,3.07,1.73,87,54
2026-06-22T08:00,26.2,28.3,458.0,632.0,2.1,1.73,86,51
2026-06-22T09:00,27.6,29.5,552.0,755.0,1.18,1.06,81,43
2026-06-22T10:00,28.7,30.7,676.0,797.0,1.02,1.53,82,56
2026-06-22T11:00,28.8,31.5,644.0,817.0,0.98,2.09,70,65
2026-06-22T12:00,31.1,31.6,854.0,742.0,2.11,1.45,11,57
2026-06-22T13:00,31.3,31.9,774.0,675.0,1.9,1.5,61,44
2026-06-22T14:00,31.4,31.9,627.0,567.0,1.43,1.63,100,50
2026-06-22T15:00,30.9,31.7,388.0,439.0,2.08,1.86,100,41
2026-06-22T16:00,30.3,31.2,253.0,302.0,2.67,2.26,100,52
2026-06-22T17:00,29.6,30.3,133.0,145.0,3.14,2.32,100,43
2026-06-22T18:00,27.3,29.1,28.0,29.0,3.61,1.33,100,51
2026-06-22T19:00,25.8,27.5,0.0,0.0,4.13,0.98,91,17
2026-06-22T20:00,24.6,26.3,0.0,0.0,4.28,0.79,92,58
2026-06-22T21:00,23.8,25.1,0.0,0.0,3.5,1.2,77,76
2026-06-22T22:00,23.0,23.7,0.0,0.0,3.23,1.67,80,80
2026-06-22T23:00,22.4,22.6,0.0,0.0,2.55,2.95,75,47
2026-06-23T00:00,22.4,22.4,0.0,0.0,2.5,0.9,98,38
2026-06-23T01:00,22.1,21.3,0.0,0.0,5.35,2.05,74,52
2026-06-23T02:00,21.6,21.1,0.0,0.0,5.56,1.4,78,66
2026-06-23T03:00,21.3,20.7,4.0,4.0,5.14,1.69,85,60
2026-06-23T04:00,21.6,20.9,64.0,65.0,5.7,1.55,79,63
2026-06-23T05:00,22.8,22.6,163.0,172.0,5.83,1.08,96,62
2026-06-23T06:00,24.3,25.1,275.0,311.0,2.56,3.26,85,99
2026-06-23T07:00,26.0,27.2,345.0,492.0,1.88,2.58,99,59
2026-06-23T08:00,27.8,28.8,522.0,653.0,1.88,1.58,83,64
2026-06-23T09:00,29.3,30.2,671.0,754.0,1.59,1.0,85,77
2026-06-23T10:00,29.9,30.6,675.0,681.0,0.9,0.98,93,100
2026-06-23T11:00,30.0,30.7,586.0,530.0,0.63,1.18,93,100
2026-06-23T12:00,29.8,29.3,538.0,593.0,0.66,0.96,100,100
2026-06-23T13:00,29.3,29.5,436.0,462.0,1.47,0.69,100,100
2026-06-23T14:00,28.2,29.6,277.0,407.0,1.36,0.84,100,100
2026-06-23T15:00,28.1,29.1,223.0,282.0,1.24,0.28,100,100
2026-06-23T16:00,28.1,28.6,150.0,197.0,1.97,0.49,100,100
2026-06-23T17:00,27.4,27.9,64.0,99.0,3.24,0.71,100,99
2026-06-23T18:00,26.6,26.5,17.0,24.0,5.17,3.9,100,87
2026-06-23T19:00,25.5,25.5,0.0,0.0,5.18,4.29,100,77
2026-06-23T20:00,24.7,24.7,0.0,0.0,4.13,3.76,89,72
2026-06-23T21:00,24.0,24.0,0.0,0.0,4.24,2.65,82,69
2026-06-23T22:00,23.3,23.4,0.0,0.0,3.43,2.02,76,69
2026-06-23T23:00,22.8,22.7,0.0,0.0,2.87,2.26,77,69
2026-06-24T00:00,22.0,21.6,0.0,0.0,2.15,4.12,66,56
2026-06-24T01:00,21.7,20.9,0.0,0.0,2.47,4.52,72,39
2026-06-24T02:00,21.7,20.7,0.0,0.0,6.06,5.21,90,31
2026-06-24T03:00,21.8,20.8,3.0,5.0,6.86,5.58,100,27
2026-06-24T04:00,22.1,21.3,52.0,78.0,6.84,5.11,100,39
2026-06-24T05:00,23.0,22.8,134.0,212.0,6.4,4.83,100,41
2026-06-24T06:00,23.8,24.4,202.0,340.0,5.35,4.26,100,52
2026-06-24T07:00,24.6,26.2,263.0,508.0,3.97,4.21,99,57
2026-06-24T08:00,25.6,26.9,360.0,549.0,3.94,2.95,100,100
2026-06-24T09:00,26.8,27.9,501.0,705.0,3.33,2.36,100,100
2026-06-24T10:00,26.7,28.4,529.0,726.0,2.29,1.83,100,100
2026-06-24T11:00,26.7,28.4,505.0,667.0,2.04,1.47,100,100
2026-06-24T12:00,26.6,27.5,529.0,523.0,1.75,3.0,100,100
2026-06-24T13:00,26.9,27.4,475.0,459.0,2.51,3.07,100,100
2026-06-24T14:00,26.5,26.1,369.0,415.0,2.88,3.95,100,100
2026-06-24T15:00,26.6,26.0,290.0,267.0,2.57,2.42,100,100
2026-06-24T16:00,26.4,25.7,201.0,161.0,2.42,1.87,100,100
2026-06-24T17:00,25.9,25.6,109.0,93.0,1.59,1.86,100,100
2026-06-24T18:00,25.1,25.5,32.0,29.0,1.38,1.97,100,37
2026-06-24T19:00,24.1,24.4,0.0,0.0,1.18,2.73,100,0
2026-06-24T20:00,23.3,23.5,0.0,0.0,1.0,2.26,100,6
2026-06-24T21:00,22.8,22.8,0.0,0.0,0.53,1.39,97,10
2026-06-24T22:00,22.3,22.2,0.0,0.0,1.89,1.29,5,100
2026-06-24T23:00,21.7,21.7,0.0,0.0,2.89,1.46,6,51
2026-06-25T00:00,22.0,21.3,0.0,0.0,2.64,4.62,0,2
2026-06-25T01:00,21.5,20.9,0.0,0.0,2.77,4.79,0,1
2026-06-25T02:00,21.1,20.4,0.0,0.0,2.61,4.52,0,6
2026-06-25T03:00,20.7,20.1,5.0,5.0,3.14,4.84,0,23
2026-06-25T04:00,21.0,20.7,80.0,79.0,3.0,4.32,0,13
2026-06-25T05:00,22.4,22.3,226.0,224.0,2.67,3.51,0,1
2026-06-25T06:00,24.3,24.1,395.0,396.0,1.53,1.77,0,0
2026-06-25T07:00,26.2,26.2,564.0,563.0,1.23,1.58,0,8
2026-06-25T08:00,27.9,28.0,693.0,700.0,0.88,1.21,50,53
2026-06-25T09:00,29.2,29.3,716.0,732.0,0.2,1.11,75,66
2026-06-25T10:00,30.1,30.2,745.0,764.0,0.35,1.25,72,68
2026-06-25T11:00,30.6,31.0,729.0,786.0,0.29,1.46,66,59
2026-06-25T12:00,31.2,31.4,682.0,725.0,1.79,0.53,67,57
2026-06-25T13:00,31.4,31.7,608.0,643.0,1.86,0.69,77,80
2026-06-25T14:00,31.3,31.6,491.0,487.0,2.22,0.84,80,78
2026-06-25T15:00,31.1,31.5,390.0,401.0,1.36,1.27,37,76
2026-06-25T16:00,30.7,31.1,285.0,250.0,2.55,1.52,100,58
2026-06-25T17:00,29.9,30.5,108.0,140.0,1.58,2.05,40,29
2026-06-25T18:00,28.4,28.7,35.0,36.0,2.27,1.1,2,20
2026-06-25T19:00,27.5,27.3,0.0,0.0,0.98,0.98,4,24
2026-06-25T20:00,26.4,26.3,0.0,0.0,0.22,0.31,3,72
2026-06-25T21:00,25.4,25.8,0.0,0.0,1.52,1.4,73,67
2026-06-25T22:00,24.6,25.3,0.0,0.0,4.52,0.1,48,82
2026-06-25T23:00,24.0,24.7,0.0,0.0,2.45,1.66,24,78
2026-06-26T00:00,23.3,23.8,0.0,0.0,4.34,3.73,47,78
2026-06-26T01:00,22.7,23.2,0.0,0.0,3.34,4.56,69,51
2026-06-26T02:00,22.1,23.0,0.0,0.0,1.87,4.99,61,36
2026-06-26T03:00,21.9,22.7,5.0,4.0,2.77,5.09,40,28
2026-06-26T04:00,22.5,23.1,75.0,78.0,3.35,5.3,40,25
2026-06-26T05:00,24.2,24.4,219.0,216.0,3.51,5.04,37,49
2026-06-26T06:00,25.5,26.0,349.0,380.0,2.7,2.5,40,36
2026-06-26T07:00,27.3,27.6,546.0,545.0,2.0,2.47,11,27
2026-06-26T08:00,28.8,29.0,716.0,708.0,1.96,2.06,0,2
2026-06-26T09:00,30.0,30.3,829.0,827.0,1.77,1.97,0,0
2026-06-26T10:00,31.1,31.3,895.0,888.0,1.47,1.77,0,4
2026-06-26T11:00,31.9,32.1,910.0,907.0,1.97,1.71,4,32
2026-06-26T12:00,32.5,32.6,841.0,838.0,3.1,2.1,47,57
2026-06-26T13:00,32.4,32.7,691.0,646.0,3.14,2.5,39,75
2026-06-26T14:00,32.4,32.4,627.0,510.0,2.99,2.99,26,74
2026-06-26T15:00,32.2,32.0,494.0,364.0,2.15,1.39,0,54
2026-06-26T16:00,31.8,31.9,328.0,303.0,2.47,1.08,34,1
2026-06-26T17:00,31.0,31.2,162.0,163.0,2.58,2.1,7,36
2026-06-26T18:00,29.5,28.8,34.0,36.0,2.16,2.65,48,0
2026-06-26T19:00,28.4,27.5,0.0,0.0,1.57,2.56,30,0
2026-06-26T20:00,27.3,26.8,0.0,0.0,1.5,1.89,12,25
2026-06-26T21:00,26.2,25.7,0.0,0.0,1.94,1.12,30,20
2026-06-26T22:00,25.1,24.7,0.0,0.0,2.59,0.93,62,32
2026-06-26T23:00,24.7,24.1,0.0,0.0,3.4,1.27,52,44
2026-06-27T00:00,24.4,23.9,0.0,0.0,4.95,2.06,69,82
2026-06-27T01:00,23.7,23.3,0.0,0.0,4.94,3.88,36,51
2026-06-27T02:00,23.0,22.9,0.0,0.0,4.78,3.92,34,46
2026-06-27T03:00,22.4,22.5,5.0,4.0,5.37,4.08,8,49
2026-06-27T04:00,23.0,23.0,78.0,65.0,5.6,4.44,55,44
2026-06-27T05:00,24.9,24.5,216.0,194.0,6.25,4.23,49,57
2026-06-27T06:00,26.8,26.1,332.0,334.0,3.32,1.96,55,34
2026-06-27T07:00,28.0,28.3,483.0,535.0,4.65,1.59,52,37
2026-06-27T08:00,29.1,29.9,614.0,689.0,5.04,2.88,48,23
2026-06-27T09:00,30.5,31.4,738.0,814.0,4.88,4.11,45,24
2026-06-27T10:00,31.4,32.2,753.0,852.0,4.56,4.35,65,40
2026-06-27T11:00,32.0,32.5,745.0,726.0,4.97,4.95,58,70
2026-06-27T12:00,32.5,32.5,652.0,680.0,5.19,3.81,71,30
2026-06-27T13:00,32.5,32.9,583.0,709.0,5.3,3.47,51,56
2026-06-27T14:00,32.6,32.8,554.0,568.0,5.26,3.72,46,24
2026-06-27T15:00,32.2,32.5,461.0,472.0,5.43,3.55,35,32
2026-06-27T16:00,31.6,31.8,315.0,296.0,5.3,4.87,31,40
2026-06-27T17:00,30.6,30.6,158.0,155.0,5.92,5.35,37,42
2026-06-27T18:00,29.0,28.6,34.0,33.0,5.01,5.11,42,53
2026-06-27T19:00,27.4,27.1,0.0,0.0,5.02,4.73,33,58
2026-06-27T20:00,26.0,25.8,0.0,0.0,5.18,6.17,38,46
2026-06-27T21:00,24.7,24.3,0.0,0.0,6.12,7.96,32,46
2026-06-27T22:00,23.5,23.3,0.0,0.0,6.48,7.82,31,41
2026-06-27T23:00,22.7,22.8,0.0,0.0,6.5,6.37,26,45
2026-06-28T00:00,21.7,22.3,0.0,0.0,6.08,5.25,34,2
2026-06-28T01:00,21.2,21.9,0.0,0.0,4.61,3.51,19,0
2026-06-28T02:00,20.9,21.3,0.0,0.0,2.52,1.32,0,0
2026-06-28T03:00,20.3,20.3,5.0,5.0,2.36,1.55,0,0
2026-06-28T04:00,20.7,20.8,78.0,77.0,2.21,1.9,0,0
2026-06-28T05:00,22.6,22.7,225.0,222.0,2.27,2.34,0,0
2026-06-28T06:00,25.2,25.4,396.0,395.0,1.33,1.67,0,0
2026-06-28T07:00,27.4,27.6,565.0,565.0,1.67,1.67,0,0
2026-06-28T08:00,29.5,29.6,713.0,712.0,2.29,2.35,0,0
2026-06-28T09:00,31.1,31.1,826.0,825.0,2.23,2.42,0,0
2026-06-28T10:00,32.4,32.4,891.0,890.0,2.11,2.26,6,1
2026-06-28T11:00,33.3,33.4,906.0,906.0,2.4,2.36,4,6
2026-06-28T12:00,33.5,33.9,873.0,873.0,2.79,2.45,0,0
2026-06-28T13:00,34.0,34.4,788.0,789.0,2.75,2.46,0,0
2026-06-28T14:00,34.2,34.6,664.0,663.0,2.55,2.59,0,0
2026-06-28T15:00,34.1,34.5,506.0,506.0,2.46,2.48,0,0
2026-06-28T16:00,33.7,34.2,333.0,333.0,2.85,2.59,0,0
2026-06-28T17:00,32.9,33.4,164.0,165.0,3.38,2.86,0,0
2026-06-28T18:00,30.8,31.9,37.0,36.0,4.44,4.9,0,0
2026-06-28T19:00,29.1,30.1,0.0,0.0,4.89,6.17,0,0
2026-06-28T20:00,27.8,28.9,0.0,0.0,5.36,7.46,0,0
2026-06-28T21:00,26.8,27.8,0.0,0.0,5.87,8.29,0,0
2026-06-28T22:00,25.9,26.8,0.0,0.0,5.89,8.16,0,0
2026-06-28T23:00,25.1,25.9,0.0,0.0,6.11,8.17,0,0
2026-06-29T00:00,24.8,24.4,0.0,0.0,7.05,5.93,0,0
2026-06-29T01:00,24.1,23.6,0.0,0.0,6.88,4.61,0,13
2026-06-29T02:00,23.6,23.0,0.0,0.0,6.68,3.77,0,1
2026-06-29T03:00,23.2,22.5,4.0,4.0,6.0,2.83,0,0
2026-06-29T04:00,23.6,22.8,74.0,76.0,5.14,2.36,0,0
2026-06-29T05:00,25.0,24.4,217.0,219.0,4.06,1.9,0,0
2026-06-29T06:00,27.0,27.4,386.0,389.0,1.95,0.5,0,0
2026-06-29T07:00,29.6,30.2,556.0,561.0,1.19,0.4,0,0
2026-06-29T08:00,32.1,32.8,706.0,709.0,0.44,0.28,0,0
2026-06-29T09:00,34.4,35.1,822.0,821.0,0.63,0.29,0,0
2026-06-29T10:00,36.1,36.7,890.0,888.0,1.96,0.59,0,10
2026-06-29T11:00,37.1,37.6,907.0,860.0,2.39,0.96,0,32
2026-06-29T12:00,37.4,38.0,875.0,876.0,2.73,1.71,0,0
2026-06-29T13:00,37.7,38.4,785.0,791.0,2.85,1.9,47,2
2026-06-29T14:00,37.7,38.4,612.0,658.0,2.98,2.22,36,1
2026-06-29T15:00,37.3,38.0,491.0,504.0,2.85,2.15,0,11
2026-06-29T16:00,36.7,37.3,332.0,334.0,2.18,2.04,0,5
2026-06-29T17:00,35.7,36.3,165.0,165.0,2.29,1.71,0,0
2026-06-29T18:00,33.2,33.2,36.0,36.0,4.45,5.36,0,6
2026-06-29T19:00,31.4,31.2,0.0,0.0,3.73,5.28,5,0
2026-06-29T20:00,29.9,29.8,0.0,0.0,4.32,4.94,0,0
2026-06-29T21:00,28.8,28.7,0.0,0.0,4.93,4.88,0,24
2026-06-29T22:00,28.0,27.6,0.0,0.0,3.73,4.96,0,2
2026-06-29T23:00,27.0,26.9,0.0,0.0,3.38,2.08,2,20
2026-06-30T00:00,25.7,26.0,0.0,0.0,2.52,1.92,0,0
2026-06-30T01:00,25.1,25.2,0.0,0.0,3.33,3.01,0,0
2026-06-30T02:00,24.3,24.5,0.0,0.0,3.55,3.07,0,11
2026-06-30T03:00,23.7,24.1,3.0,3.0,2.73,4.06,0,9
2026-06-30T04:00,24.1,24.6,74.0,73.0,2.55,4.45,0,0
2026-06-30T05:00,25.7,26.2,216.0,215.0,1.67,4.21,0,0
2026-06-30T06:00,27.9,27.9,387.0,388.0,1.1,2.45,0,0
2026-06-30T07:00,30.7,30.3,558.0,559.0,0.71,2.05,0,0
2026-06-30T08:00,33.2,32.8,706.0,709.0,0.93,1.86,4,0
2026-06-30T09:00,35.1,35.0,821.0,824.0,1.28,1.97,0,0
2026-06-30T10:00,36.6,36.6,889.0,892.0,1.18,1.77,0,0
2026-06-30T11:00,37.7,37.6,904.0,909.0,2.59,2.08,6,0
2026-06-30T12:00,37.5,38.0,774.0,859.0,6.17,3.14,26,29
2026-06-30T13:00,37.2,38.2,744.0,733.0,6.0,3.82,28,42
2026-06-30T14:00,36.4,38.2,612.0,590.0,5.55,4.55,100,62
2026-06-30T15:00,36.4,36.0,483.0,386.0,4.78,8.24,14,18
2026-06-30T16:00,36.0,35.5,328.0,327.0,5.38,6.79,0,0
2026-06-30T17:00,34.7,34.8,163.0,163.0,4.82,5.54,65,0
2026-06-30T18:00,31.4,32.3,35.0,36.0,3.95,3.83,0,42
2026-06-30T19:00,29.9,31.0,0.0,0.0,4.82,2.88,0,95
2026-06-30T20:00,29.1,29.8,0.0,0.0,3.29,4.77,21,27
2026-06-30T21:00,28.1,28.8,0.0,0.0,3.04,5.92,44,33
2026-06-30T22:00,27.4,28.2,0.0,0.0,3.74,6.77,38,11
2026-06-30T23:00,26.5,27.5,0.0,0.0,5.17,6.86,92,38
2026-07-01T00:00,25.8,27.3,0.0,0.0,6.96,9.61,73,38
2026-07-01T01:00,25.7,26.9,0.0,0.0,8.02,8.19,53,55
2026-07-01T02:00,25.8,25.9,0.0,0.0,7.94,3.73,86,57
2026-07-01T03:00,25.8,24.9,2.0,3.0,8.81,1.74,69,100
2026-07-01T04:00,26.1,25.3,62.0,46.0,7.91,5.8,96,100
2026-07-01T05:00,26.1,26.2,147.0,127.0,3.07,7.42,100,100
2026-07-01T06:00,28.2,28.8,360.0,356.0,7.55,4.71,46,1
2026-07-01T07:00,28.8,30.6,491.0,553.0,5.47,5.48,99,15
2026-07-01T08:00,27.5,32.1,423.0,694.0,2.47,4.65,100,91
2026-07-01T09:00,25.1,33.3,231.0,709.0,2.99,4.0,100,100
2026-07-01T10:00,26.2,32.3,344.0,620.0,1.4,5.13,100,100
2026-07-01T11:00,28.0,31.7,532.0,515.0,3.73,4.25,100,100
2026-07-01T12:00,29.7,30.4,478.0,489.0,3.19,4.41,100,100
2026-07-01T13:00,29.5,29.2,409.0,593.0,3.4,4.1,100,100
2026-07-01T14:00,30.1,30.1,402.0,413.0,4.05,2.55,100,81
2026-07-01T15:00,30.1,29.5,293.0,380.0,4.03,2.36,100,100
2026-07-01T16:00,29.7,29.7,213.0,223.0,3.47,2.59,100,100
2026-07-01T17:00,28.3,29.4,107.0,116.0,3.64,2.6,100,100
2026-07-01T18:00,25.4,24.9,33.0,27.0,1.5,3.22,21,100
2026-07-01T19:00,24.7,24.0,0.0,0.0,1.38,1.92,39,100
2026-07-01T20:00,24.0,23.9,0.0,0.0,2.29,2.11,45,100
2026-07-01T21:00,23.7,23.6,0.0,0.0,3.78,1.77,52,100
2026-07-01T22:00,23.3,22.6,0.0,0.0,3.5,1.64,31,100
2026-07-01T23:00,22.9,22.7,0.0,0.0,3.72,2.48,3,100
2026-07-02T00:00,21.0,22.2,0.0,0.0,7.26,1.85,100,78
2026-07-02T01:00,21.1,22.0,0.0,0.0,1.8,0.89,100,98
2026-07-02T02:00,20.8,21.8,0.0,0.0,1.81,0.4,100,100
2026-07-02T03:00,20.5,21.4,3.0,3.0,3.43,0.53,100,66
2026-07-02T04:00,20.8,21.9,63.0,60.0,3.46,1.18,91,81
2026-07-02T05:00,22.1,22.6,168.0,127.0,2.35,1.85,84,86
2026-07-02T06:00,23.1,23.2,133.0,334.0,2.29,2.22,100,100
2026-07-02T07:00,22.6,25.1,72.0,490.0,0.22,1.77,100,100
2026-07-02T08:00,23.1,26.9,127.0,582.0,1.25,1.61,100,100
2026-07-02T09:00,24.4,28.2,270.0,549.0,0.71,1.9,99,100
2026-07-02T10:00,25.7,26.1,436.0,478.0,1.14,3.25,96,100
2026-07-02T11:00,26.8,27.1,597.0,474.0,2.98,3.72,100,100
2026-07-02T12:00,26.4,27.6,552.0,660.0,3.29,2.32,100,100
2026-07-02T13:00,27.4,27.3,524.0,546.0,2.08,2.77,59,100
2026-07-02T14:00,28.1,27.2,582.0,447.0,2.85,2.79,100,100
2026-07-02T15:00,27.8,26.3,341.0,328.0,3.16,2.34,92,100
2026-07-02T16:00,26.8,26.4,212.0,242.0,3.92,2.37,100,91
2026-07-02T17:00,26.0,25.9,118.0,131.0,3.92,3.23,99,97
2026-07-02T18:00,24.7,24.9,30.0,23.0,3.88,4.65,75,100
2026-07-02T19:00,24.1,24.1,0.0,0.0,4.61,5.59,35,100
2026-07-02T20:00,23.5,23.6,0.0,0.0,6.18,6.65,67,100
2026-07-02T21:00,22.8,23.2,0.0,0.0,6.48,5.85,64,90
2026-07-02T22:00,22.2,22.7,0.0,0.0,6.76,5.83,22,59
2026-07-02T23:00,21.8,22.3,0.0,0.0,7.06,6.84,81,70
2026-07-03T00:00,22.8,21.4,0.0,0.0,6.38,6.14,22,68
2026-07-03T01:00,22.1,21.3,0.0,0.0,6.23,5.74,58,72
2026-07-03T02:00,21.6,21.2,0.0,0.0,5.48,5.32,42,76
2026-07-03T03:00,21.1,21.3,3.0,2.0,4.02,5.11,100,75
2026-07-03T04:00,21.4,21.9,63.0,45.0,0.88,4.73,65,83
2026-07-03T05:00,21.9,22.8,117.0,118.0,5.53,2.53,100,83
2026-07-03T06:00,24.7,23.3,353.0,235.0,3.5,2.52,41,79
2026-07-03T07:00,26.3,24.8,511.0,390.0,4.14,4.96,53,71
2026-07-03T08:00,27.6,26.0,638.0,528.0,3.02,3.6,77,75
2026-07-03T09:00,28.9,27.2,728.0,657.0,2.48,2.14,55,57
2026-07-03T10:00,30.3,28.5,787.0,759.0,1.9,1.36,49,59
2026-07-03T11:00,31.3,29.0,839.0,702.0,1.49,1.08,60,75
2026-07-03T12:00,31.2,30.1,712.0,717.0,1.9,2.25,100,100
2026-07-03T13:00,31.3,30.3,581.0,560.0,0.9,2.46,100,100
2026-07-03T14:00,29.8,30.0,356.0,465.0,3.9,3.19,100,100
2026-07-03T15:00,26.6,26.9,162.0,290.0,3.1,4.0,100,100
2026-07-03T16:00,27.1,26.8,197.0,151.0,2.75,3.59,100,100
2026-07-03T17:00,26.2,26.5,79.0,68.0,4.29,3.55,100,100
2026-07-03T18:00,25.2,26.5,17.0,18.0,3.33,4.03,100,100
2026-07-03T19:00,24.8,25.6,0.0,0.0,3.0,4.34,95,84
2026-07-03T20:00,24.1,22.9,0.0,0.0,5.1,4.92,100,100
2026-07-03T21:00,23.5,22.7,0.0,0.0,4.22,6.88,100,100
2026-07-03T22:00,22.5,22.6,0.0,0.0,2.57,4.98,100,100
2026-07-03T23:00,22.0,22.3,0.0,0.0,5.93,3.35,100,100
2026-07-04T00:00,21.0,22.6,0.0,0.0,6.18,3.88,100,100
2026-07-04T01:00,20.5,22.2,0.0,0.0,6.29,5.16,100,100
2026-07-04T02:00,20.2,21.4,0.0,0.0,5.42,5.75,95,91
2026-07-04T03:00,19.8,20.5,3.0,1.0,3.92,6.09,51,100
2026-07-04T04:00,20.0,18.8,65.0,6.0,2.29,5.89,54,100
2026-07-04T05:00,20.8,18.5,188.0,15.0,1.71,5.05,78,100
2026-07-04T06:00,21.8,21.3,320.0,338.0,0.57,1.64,68,53
2026-07-04T07:00,23.1,22.7,470.0,506.0,1.36,0.62,79,64
2026-07-04T08:00,23.8,24.4,501.0,585.0,1.71,1.06,66,75
2026-07-04T09:00,24.8,25.3,612.0,579.0,2.75,1.33,77,71
2026-07-04T10:00,24.8,25.7,545.0,587.0,3.34,2.58,83,79
2026-07-04T11:00,25.4,25.9,532.0,515.0,2.75,3.63,82,83
2026-07-04T12:00,25.6,26.7,563.0,590.0,1.21,3.04,78,75
2026-07-04T13:00,26.2,27.0,547.0,530.0,1.45,2.19,77,80
2026-07-04T14:00,26.2,26.9,471.0,425.0,1.81,1.38,80,67
2026-07-04T15:00,26.1,26.0,384.0,339.0,0.6,2.5,80,94
2026-07-04T16:00,22.7,25.7,131.0,180.0,2.29,1.28,90,65
2026-07-04T17:00,23.0,25.2,88.0,123.0,1.9,2.33,81,36
2026-07-04T18:00,22.4,24.0,19.0,36.0,2.0,2.07,87,33
2026-07-04T19:00,21.6,22.5,0.0,0.0,1.87,4.13,62,0
2026-07-04T20:00,20.7,21.3,0.0,0.0,2.69,5.39,7,0
2026-07-04T21:00,19.8,20.3,0.0,0.0,5.58,6.0,5,28
2026-07-04T22:00,19.2,19.3,0.0,0.0,6.0,5.82,0,34
2026-07-04T23:00,18.6,18.4,0.0,0.0,6.54,5.1,18,18
2026-07-05T00:00,16.9,19.0,0.0,0.0,6.36,7.54,29,40
2026-07-05T01:00,16.6,18.3,0.0,0.0,6.14,6.66,24,46
2026-07-05T02:00,16.3,17.3,0.0,0.0,5.28,5.46,57,61
2026-07-05T03:00,16.1,16.6,3.0,2.0,3.59,3.9,67,62
2026-07-05T04:00,16.7,16.9,61.0,54.0,2.71,2.47,60,69
2026-07-05T05:00,18.3,18.7,181.0,155.0,1.25,2.26,54,68
2026-07-05T06:00,21.2,21.4,345.0,318.0,1.69,2.48,50,53
2026-07-05T07:00,22.7,23.1,515.0,490.0,1.66,2.95,49,45
2026-07-05T08:00,24.0,24.5,664.0,672.0,2.19,3.29,40,34
2026-07-05T09:00,25.5,25.9,798.0,812.0,3.35,3.35,49,45
2026-07-05T10:00,26.2,27.2,800.0,777.0,4.7,4.13,53,30
2026-07-05T11:00,27.2,28.4,800.0,886.0,4.33,4.12,71,5
2026-07-05T12:00,26.7,27.7,575.0,747.0,5.79,3.19,70,42
2026-07-05T13:00,27.4,27.9,543.0,614.0,4.31,4.21,67,89
2026-07-05T14:00,27.7,27.1,539.0,496.0,4.25,3.72,62,29
2026-07-05T15:00,27.7,27.7,421.0,460.0,3.69,1.39,59,25
2026-07-05T16:00,27.4,27.5,258.0,270.0,3.07,1.8,79,64
2026-07-05T17:00,26.8,26.4,123.0,123.0,2.96,3.04,76,46
2026-07-05T18:00,24.9,25.1,33.0,31.0,3.53,3.29,12,58
2026-07-05T19:00,23.2,23.2,0.0,0.0,4.65,3.59,38,56
2026-07-05T20:00,21.9,22.1,0.0,0.0,5.21,3.82,22,71
2026-07-05T21:00,20.9,21.4,0.0,0.0,5.68,2.23,13,67
2026-07-05T22:00,20.2,21.0,0.0,0.0,6.39,1.5,11,57
2026-07-05T23:00,19.5,19.9,0.0,0.0,5.28,0.69,20,46
2026-07-06T00:00,18.9,19.5,0.0,0.0,3.17,0.4,36,33
2026-07-06T01:00,18.2,18.7,0.0,0.0,2.21,1.04,36,24
2026-07-06T02:00,17.5,18.0,0.0,0.0,1.58,1.36,32,29
2026-07-06T03:00,16.8,17.5,2.0,2.0,0.9,0.79,41,32
2026-07-06T04:00,16.9,17.5,67.0,69.0,0.98,0.84,29,28
2026-07-06T05:00,18.3,19.0,211.0,210.0,1.27,0.6,15,41
2026-07-06T06:00,20.9,22.1,388.0,382.0,0.6,1.81,0,31
2026-07-06T07:00,23.6,24.4,561.0,539.0,0.22,0.81,21,47
2026-07-06T08:00,25.8,26.1,712.0,684.0,1.96,0.57,0,26
2026-07-06T09:00,27.2,27.4,829.0,819.0,1.86,1.74,15,75
2026-07-06T10:00,28.2,28.1,839.0,786.0,1.39,3.99,65,72
2026-07-06T11:00,28.7,28.5,738.0,763.0,1.02,3.33,84,79
2026-07-06T12:00,29.9,29.3,709.0,777.0,2.15,2.56,79,74
2026-07-06T13:00,30.2,29.5,626.0,679.0,2.81,2.48,57,83
2026-07-06T14:00,30.3,29.4,547.0,527.0,3.35,1.58,46,63
2026-07-06T15:00,29.7,29.1,351.0,398.0,4.02,1.36,50,60
2026-07-06T16:00,29.2,28.8,255.0,280.0,3.47,2.19,33,37
2026-07-06T17:00,28.8,28.0,124.0,160.0,1.87,2.54,46,18
2026-07-06T18:00,28.1,27.2,26.0,30.0,2.85,0.79,51,51
2026-07-06T19:00,26.5,25.6,0.0,0.0,0.77,1.57,52,37
2026-07-06T20:00,25.0,24.4,0.0,0.0,1.76,1.81,48,70
2026-07-06T21:00,23.1,23.4,0.0,0.0,3.09,2.75,99,48
2026-07-06T22:00,22.3,22.5,0.0,0.0,5.06,2.86,55,37
2026-07-06T23:00,21.8,21.6,0.0,0.0,6.35,2.02,50,45
2026-07-07T00:00,20.9,20.7,0.0,0.0,7.37,3.07,64,40
2026-07-07T01:00,20.6,20.0,0.0,0.0,5.8,4.09,79,42
2026-07-07T02:00,20.2,19.5,0.0,0.0,4.69,4.34,66,19
2026-07-07T03:00,20.0,19.2,2.0,2.0,5.01,3.47,39,42
2026-07-07T04:00,20.0,19.2,65.0,64.0,3.46,2.32,41,39
2026-07-07T05:00,21.7,20.8,195.0,201.0,2.47,1.5,43,25
2026-07-07T06:00,23.1,22.5,336.0,373.0,1.27,0.66,43,80
2026-07-07T07:00,25.2,24.6,541.0,546.0,0.89,0.5,26,48
2026-07-07T08:00,26.8,26.6,692.0,692.0,1.1,0.31,87,12
2026-07-07T09:00,28.3,28.2,790.0,787.0,0.31,1.36,96,100
2026-07-07T10:00,29.5,29.3,826.0,797.0,0.79,1.88,44,89
2026-07-07T11:00,30.6,30.2,858.0,820.0,1.88,2.82,26,61
2026-07-07T12:00,30.7,30.7,729.0,749.0,3.27,3.25,80,87
2026-07-07T13:00,30.5,30.8,550.0,635.0,3.56,3.53,99,72
2026-07-07T14:00,29.9,30.3,288.0,504.0,3.65,3.44,99,57
2026-07-07T15:00,29.8,30.2,239.0,391.0,3.27,3.14,51,58
2026-07-07T16:00,29.7,29.8,302.0,280.0,2.52,3.63,41,100
2026-07-07T17:00,29.2,28.9,156.0,128.0,2.01,3.73,52,62
2026-07-07T18:00,27.7,28.2,34.0,31.0,1.73,2.81,30,42
2026-07-07T19:00,26.4,26.8,0.0,0.0,0.79,2.5,24,43
2026-07-07T20:00,24.6,25.5,0.0,0.0,1.69,1.94,31,36
2026-07-07T21:00,23.6,24.0,0.0,0.0,2.75,2.75,39,55
2026-07-07T22:00,22.9,22.8,0.0,0.0,2.94,2.36,62,28
2026-07-07T23:00,22.1,21.8,0.0,0.0,1.71,2.29,84,49
2026-07-08T00:00,20.9,21.5,0.0,0.0,1.8,1.97,16,47
2026-07-08T01:00,20.3,21.0,0.0,0.0,1.02,1.58,6,72
2026-07-08T02:00,19.6,20.2,0.0,0.0,1.46,2.18,29,57
2026-07-08T03:00,18.4,19.0,2.0,2.0,2.16,3.15,10,29
2026-07-08T04:00,18.7,19.2,67.0,67.0,2.67,3.94,0,12
2026-07-08T05:00,20.4,21.1,210.0,210.0,3.06,6.02,0,6
2026-07-08T06:00,22.9,23.2,383.0,381.0,3.41,4.44,3,9
2026-07-08T07:00,25.6,26.1,555.0,556.0,3.73,3.8,7,3
2026-07-08T08:00,27.9,28.0,707.0,705.0,4.34,4.46,0,72
2026-07-08T09:00,29.5,29.4,822.0,751.0,5.36,5.04,14,86
2026-07-08T10:00,30.9,30.1,892.0,692.0,5.83,6.69,13,100
2026-07-08T11:00,31.4,29.9,837.0,478.0,8.33,7.25,100,100
2026-07-08T12:00,29.3,30.1,379.0,411.0,6.77,6.99,100,100
2026-07-08T13:00,30.3,29.8,426.0,355.0,5.89,5.77,100,100
2026-07-08T14:00,28.8,29.3,293.0,245.0,9.41,6.9,100,100
2026-07-08T15:00,27.3,28.9,123.0,208.0,8.12,5.88,100,100
2026-07-08T16:00,26.1,28.6,109.0,141.0,6.04,6.28,100,100
2026-07-08T17:00,25.4,27.6,75.0,59.0,5.03,7.8,100,100
2026-07-08T18:00,25.2,25.2,14.0,24.0,7.15,5.84,100,100
2026-07-08T19:00,24.0,24.1,0.0,0.0,7.3,5.01,100,100
2026-07-08T20:00,22.7,22.8,0.0,0.0,6.69,4.25,100,100
2026-07-08T21:00,20.9,21.2,0.0,0.0,7.13,4.86,100,100
2026-07-08T22:00,20.1,20.2,0.0,0.0,7.35,5.15,100,100
2026-07-08T23:00,19.6,19.3,0.0,0.0,6.01,5.19,100,93
2026-07-09T00:00,19.9,19.8,0.0,0.0,7.3,1.02,100,100
2026-07-09T01:00,18.7,19.4,0.0,0.0,9.18,7.39,100,100
2026-07-09T02:00,18.2,18.9,0.0,0.0,8.27,6.8,100,100
2026-07-09T03:00,17.9,18.5,2.0,1.0,6.57,6.65,96,91
2026-07-09T04:00,18.3,18.4,62.0,40.0,5.69,6.04,48,100
2026-07-09T05:00,19.5,18.5,171.0,89.0,3.73,2.84,72,100
2026-07-09T06:00,20.8,19.9,306.0,217.0,2.76,2.77,100,98
2026-07-09T07:00,22.2,21.2,429.0,412.0,2.9,2.54,100,67
2026-07-09T08:00,23.6,22.3,607.0,497.0,2.26,2.75,77,59
2026-07-09T09:00,24.8,23.7,716.0,659.0,2.75,2.42,67,69
2026-07-09T10:00,25.1,24.7,675.0,712.0,1.82,1.87,75,60
2026-07-09T11:00,25.8,25.5,670.0,763.0,1.33,1.47,73,85
2026-07-09T12:00,26.0,25.7,737.0,538.0,1.52,1.01,71,96
2026-07-09T13:00,26.1,24.5,574.0,331.0,1.33,1.53,100,72
2026-07-09T14:00,26.0,23.0,408.0,423.0,2.26,5.06,99,100
2026-07-09T15:00,23.9,19.1,195.0,133.0,3.9,4.8,100,100
2026-07-09T16:00,21.1,19.9,91.0,140.0,1.58,6.51,100,100
2026-07-09T17:00,20.7,20.2,85.0,114.0,0.1,3.43,100,100
2026-07-09T18:00,18.7,17.1,10.0,11.0,3.97,7.07,100,100
2026-07-09T19:00,18.3,17.3,0.0,0.0,1.39,5.12,100,100
2026-07-09T20:00,18.0,17.2,0.0,0.0,1.01,3.53,100,100
2026-07-09T21:00,17.3,16.8,0.0,0.0,2.26,2.45,100,57
2026-07-09T22:00,16.5,16.2,0.0,0.0,3.45,0.9,42,35
2026-07-09T23:00,16.0,15.7,0.0,0.0,2.55,0.88,82,58
2026-07-10T00:00,14.6,14.3,0.0,0.0,2.83,2.1,0,26
2026-07-10T01:00,14.1,13.8,0.0,0.0,3.51,3.33,0,27
2026-07-10T02:00,13.8,13.5,0.0,0.0,4.1,4.3,0,9
2026-07-10T03:00,13.5,13.4,2.0,2.0,4.44,4.92,18,24
2026-07-10T04:00,14.0,14.3,66.0,66.0,3.35,5.06,12,4
2026-07-10T05:00,15.6,16.4,209.0,212.0,1.88,4.18,9,1
2026-07-10T06:00,18.9,18.9,382.0,386.0,1.12,2.05,4,1
2026-07-10T07:00,21.1,21.3,556.0,562.0,1.1,1.96,7,5
2026-07-10T08:00,23.0,23.3,709.0,711.0,1.96,2.47,7,49
2026-07-10T09:00,24.3,24.4,806.0,738.0,2.67,3.78,46,62
2026-07-10T10:00,25.3,25.3,817.0,752.0,3.05,4.17,57,41
2026-07-10T11:00,26.0,25.9,742.0,647.0,3.65,3.97,80,85
2026-07-10T12:00,25.9,26.3,591.0,550.0,4.37,3.84,86,77
2026-07-10T13:00,26.5,26.4,645.0,476.0,3.84,3.29,63,73
2026-07-10T14:00,26.8,26.9,566.0,405.0,3.87,3.26,72,78
2026-07-10T15:00,26.7,27.0,375.0,383.0,3.34,2.69,70,65
2026-07-10T16:00,26.3,26.6,237.0,264.0,3.63,2.43,70,56
2026-07-10T17:00,25.7,26.0,152.0,140.0,1.81,1.77,3,74
2026-07-10T18:00,23.7,23.3,32.0,34.0,0.71,4.76,64,8
2026-07-10T19:00,21.7,21.5,0.0,0.0,3.07,4.68,1,15
2026-07-10T20:00,20.4,20.2,0.0,0.0,4.19,5.38,15,0
2026-07-10T21:00,19.5,19.1,0.0,0.0,4.59,5.78,30,9
2026-07-10T22:00,18.7,18.4,0.0,0.0,4.97,5.88,0,30
2026-07-10T23:00,18.0,18.0,0.0,0.0,5.36,5.23,1,39
2026-07-11T00:00,17.0,17.8,0.0,0.0,3.04,4.27,0,61
2026-07-11T01:00,16.3,17.5,0.0,0.0,1.97,1.95,4,47
2026-07-11T02:00,15.6,16.8,0.0,0.0,2.08,1.0,6,25
2026-07-11T03:00,14.8,16.2,2.0,2.0,1.46,1.08,7,0
2026-07-11T04:00,15.0,16.1,64.0,64.0,1.84,0.93,18,0
2026-07-11T05:00,17.8,17.7,206.0,207.0,2.29,1.43,0,0
2026-07-11T06:00,20.3,19.7,382.0,381.0,2.94,2.56,0,0
2026-07-11T07:00,22.7,22.6,557.0,556.0,2.73,2.2,0,0
2026-07-11T08:00,24.9,25.1,710.0,710.0,3.41,3.86,0,0
2026-07-11T09:00,26.8,27.3,827.0,827.0,4.04,5.17,0,0
2026-07-11T10:00,28.3,28.8,900.0,897.0,4.56,5.75,0,59
2026-07-11T11:00,29.2,29.4,880.0,715.0,5.59,6.57,43,59
2026-07-11T12:00,30.0,30.5,868.0,756.0,5.19,6.34,20,46
2026-07-11T13:00,30.6,30.5,755.0,664.0,4.41,6.02,45,28
2026-07-11T14:00,30.3,30.8,588.0,655.0,6.58,5.02,22,0
2026-07-11T15:00,29.9,30.8,483.0,516.0,5.4,4.9,0,5
2026-07-11T16:00,29.5,30.2,338.0,338.0,4.92,4.3,3,0
2026-07-11T17:00,28.4,28.9,165.0,166.0,4.43,5.34,0,13
2026-07-11T18:00,26.3,25.5,34.0,32.0,5.27,5.26,0,0
2026-07-11T19:00,24.3,23.8,0.0,0.0,5.28,6.76,0,8
2026-07-11T20:00,22.9,22.7,0.0,0.0,5.87,6.65,14,39
2026-07-11T21:00,22.0,21.6,0.0,0.0,6.53,6.12,0,18
2026-07-11T22:00,21.2,21.0,0.0,0.0,6.66,5.35,2,1
2026-07-11T23:00,20.5,20.4,0.0,0.0,6.51,4.44,7,19
2026-07-12T00:00,19.9,19.8,0.0,0.0,5.64,3.53,47,36
2026-07-12T01:00,20.0,18.9,0.0,0.0,3.51,2.09,68,46
2026-07-12T02:00,19.2,18.5,0.0,0.0,2.43,1.58,67,65
2026-07-12T03:00,18.9,18.6,1.0,1.0,2.91,1.94,73,79
2026-07-12T04:00,19.6,19.0,37.0,37.0,0.9,3.26,74,64
2026-07-12T05:00,20.8,20.8,116.0,161.0,2.81,0.89,89,77
2026-07-12T06:00,21.9,21.3,245.0,290.0,3.04,3.45,98,62
2026-07-12T07:00,23.5,23.2,401.0,454.0,2.51,2.29,92,46
2026-07-12T08:00,25.2,25.1,587.0,634.0,1.18,2.37,96,51
2026-07-12T09:00,26.7,26.6,679.0,736.0,1.14,1.36,86,58
2026-07-12T10:00,28.1,28.2,760.0,807.0,0.98,0.63,92,100
2026-07-12T11:00,29.5,29.3,835.0,818.0,0.49,1.12,74,65
2026-07-12T12:00,30.8,29.1,832.0,657.0,2.73,1.15,79,93
2026-07-12T13:00,31.0,29.1,726.0,533.0,3.14,1.47,98,100
2026-07-12T14:00,30.8,29.1,514.0,476.0,1.88,0.75,98,100
2026-07-12T15:00,29.8,24.6,335.0,233.0,4.34,3.81,100,100
2026-07-12T16:00,27.9,21.8,141.0,98.0,3.32,11.39,100,100
2026-07-12T17:00,25.0,19.6,85.0,59.0,5.9,8.45,100,100
2026-07-12T18:00,24.0,19.8,17.0,11.0,7.68,6.03,100,95
2026-07-12T19:00,22.8,18.2,0.0,0.0,7.72,5.53,100,100
2026-07-12T20:00,22.3,18.3,0.0,0.0,5.43,3.24,94,83
2026-07-12T21:00,21.0,18.0,0.0,0.0,5.78,5.06,100,80
2026-07-12T22:00,19.3,17.8,0.0,0.0,7.86,5.17,86,66
2026-07-12T23:00,18.8,17.7,0.0,0.0,5.79,5.11,82,75
2026-07-13T00:00,19.4,18.5,0.0,0.0,5.69,5.74,98,75
2026-07-13T01:00,18.6,18.1,0.0,0.0,3.82,5.88,88,77
2026-07-13T02:00,18.2,17.7,0.0,0.0,3.2,5.3,94,65
2026-07-13T03:00,18.1,17.3,1.0,1.0,1.5,4.45,84,80
2026-07-13T04:00,18.2,17.5,43.0,35.0,0.63,2.26,82,79
2026-07-13T05:00,18.7,18.2,137.0,129.0,0.9,0.49,71,76
2026-07-13T06:00,19.9,19.8,248.0,271.0,1.15,1.18,79,100
2026-07-13T07:00,21.0,21.2,423.0,433.0,1.74,1.04,100,75
2026-07-13T08:00,22.0,22.2,463.0,531.0,1.58,0.69,100,86
2026-07-13T09:00,23.4,23.0,675.0,616.0,1.19,0.89,100,100
2026-07-13T10:00,24.3,24.3,728.0,724.0,1.01,1.41,100,79
2026-07-13T11:00,24.7,25.0,668.0,750.0,1.61,1.55,100,70
2026-07-13T12:00,24.0,25.5,492.0,668.0,1.28,3.26,100,79
2026-07-13T13:00,24.4,25.6,488.0,572.0,1.67,3.04,100,95
2026-07-13T14:00,23.8,25.6,403.0,524.0,2.65,3.34,100,100
2026-07-13T15:00,23.4,25.2,329.0,334.0,2.35,2.37,100,64
2026-07-13T16:00,21.7,25.2,193.0,302.0,3.16,2.38,100,41
2026-07-13T17:00,21.4,24.7,123.0,150.0,1.27,1.96,3,100
2026-07-13T18:00,21.1,22.4,25.0,29.0,2.66,1.88,46,25
2026-07-13T19:00,20.4,21.4,0.0,0.0,2.18,0.77,0,13
2026-07-13T20:00,19.8,20.6,0.0,0.0,2.02,0.79,0,7
2026-07-13T21:00,19.2,19.8,0.0,0.0,2.37,0.97,5,2
2026-07-13T22:00,18.7,19.2,0.0,0.0,2.56,1.33,5,2
2026-07-13T23:00,18.3,18.7,0.0,0.0,3.76,1.59,15,18
2026-07-14T00:00,18.1,17.9,0.0,0.0,5.28,5.3,18,9
2026-07-14T01:00,17.9,17.5,0.0,0.0,5.83,6.63,33,9
2026-07-14T02:00,17.5,17.3,0.0,0.0,5.69,7.23,4,39
2026-07-14T03:00,17.2,17.2,1.0,1.0,5.98,7.44,25,63
2026-07-14T04:00,17.6,17.8,60.0,52.0,6.61,8.15,24,34
2026-07-14T05:00,19.2,19.7,199.0,180.0,6.86,7.47,44,89
2026-07-14T06:00,21.0,21.7,296.0,309.0,3.79,3.43,72,58
2026-07-14T07:00,22.7,23.3,425.0,437.0,4.41,4.11,52,52
2026-07-14T08:00,24.5,25.0,632.0,590.0,4.81,3.83,50,51
2026-07-14T09:00,25.8,26.8,695.0,729.0,4.28,3.05,58,83
2026-07-14T10:00,27.1,27.8,659.0,639.0,3.51,3.59,64,65
2026-07-14T11:00,28.1,28.3,667.0,608.0,3.46,4.21,78,70
2026-07-14T12:00,29.2,29.6,627.0,709.0,3.59,2.76,87,72
2026-07-14T13:00,29.5,29.9,554.0,579.0,3.66,2.89,74,79
2026-07-14T14:00,29.4,29.9,459.0,489.0,2.86,2.85,58,77
2026-07-14T15:00,29.6,29.8,429.0,406.0,2.02,2.05,27,38
2026-07-14T16:00,29.4,29.7,317.0,305.0,1.84,1.55,32,50
2026-07-14T17:00,28.9,29.2,151.0,148.0,1.89,0.59,45,25
2026-07-14T18:00,27.9,27.6,27.0,27.0,2.15,1.68,76,52
2026-07-14T19:00,26.2,26.4,0.0,0.0,4.34,1.12,54,45
2026-07-14T20:00,25.0,25.2,0.0,0.0,3.94,2.64,61,82
2026-07-14T21:00,24.2,24.4,0.0,0.0,5.8,5.35,70,57
2026-07-14T22:00,23.3,23.3,0.0,0.0,5.88,5.94,67,62
2026-07-14T23:00,22.7,22.5,0.0,0.0,6.17,7.13,60,47
2026-07-15T00:00,22.0,22.1,0.0,0.0,6.3,6.51,73,53
2026-07-15T01:00,21.7,21.5,0.0,0.0,5.67,6.45,71,40
2026-07-15T02:00,21.3,21.1,0.0,0.0,5.39,6.06,51,67
2026-07-15T03:00,20.9,20.8,1.0,1.0,4.3,5.22,51,43
2026-07-15T04:00,21.1,21.0,49.0,54.0,3.64,4.81,48,100
2026-07-15T05:00,22.3,22.2,177.0,178.0,2.88,4.47,42,99
2026-07-15T06:00,23.8,23.7,313.0,320.0,1.12,3.24,54,53
2026-07-15T07:00,25.6,25.3,503.0,494.0,1.15,2.98,29,46
2026-07-15T08:00,27.4,26.8,629.0,625.0,0.35,2.83,38,70
2026-07-15T09:00,28.6,27.9,642.0,683.0,0.69,1.58,49,46
2026-07-15T10:00,29.8,29.1,751.0,760.0,0.88,1.1,70,61
2026-07-15T11:00,30.6,29.8,732.0,746.0,1.14,0.69,59,75
2026-07-15T12:00,31.6,31.3,730.0,735.0,1.4,0.22,48,76
2026-07-15T13:00,32.2,31.8,687.0,595.0,1.43,0.1,80,100
2026-07-15T14:00,32.2,31.6,503.0,433.0,1.85,0.4,88,100
2026-07-15T15:00,31.9,31.2,367.0,256.0,1.94,0.5,98,100
2026-07-15T16:00,31.5,30.6,238.0,154.0,1.88,0.69,100,100
2026-07-15T17:00,30.8,29.7,111.0,68.0,2.02,1.39,100,100
2026-07-15T18:00,28.8,29.0,22.0,22.0,2.94,2.29,100,97
2026-07-15T19:00,27.5,27.8,0.0,0.0,2.98,2.5,100,97
2026-07-15T20:00,26.6,26.8,0.0,0.0,2.26,2.65,99,99
2026-07-15T21:00,25.5,25.5,0.0,0.0,1.37,4.09,100,100
2026-07-15T22:00,24.7,24.7,0.0,0.0,1.28,3.99,85,81
2026-07-15T23:00,23.9,24.0,0.0,0.0,1.46,3.72,84,28
2026-07-16T00:00,23.3,22.8,0.0,0.0,1.25,6.22,100,19
2026-07-16T01:00,22.6,22.2,0.0,0.0,2.89,4.86,83,10
2026-07-16T02:00,22.1,21.6,0.0,0.0,2.27,4.59,84,23
2026-07-16T03:00,21.2,21.1,1.0,1.0,2.04,4.3,54,25
2026-07-16T04:00,21.7,21.4,52.0,54.0,0.66,4.27,84,27
2026-07-16T05:00,23.8,22.6,171.0,169.0,1.93,2.84,85,95
2026-07-16T06:00,26.2,25.7,285.0,335.0,2.48,0.84,51,50
2026-07-16T07:00,28.3,27.8,436.0,501.0,1.0,1.86,50,51
2026-07-16T08:00,29.9,27.9,614.0,553.0,0.57,0.79,64,100
2026-07-16T09:00,30.8,28.7,697.0,677.0,0.55,1.59,100,82
2026-07-16T10:00,31.1,29.1,648.0,698.0,0.69,0.98,100,100
2026-07-16T11:00,31.1,29.7,552.0,700.0,0.4,1.12,100,100
2026-07-16T12:00,31.3,31.5,646.0,715.0,0.28,1.27,100,100
2026-07-16T13:00,31.6,31.4,608.0,551.0,0.4,1.64,100,100
2026-07-16T14:00,30.5,31.3,419.0,417.0,2.92,2.2,100,100
2026-07-16T15:00,27.7,31.1,258.0,302.0,2.98,2.53,100,100
2026-07-16T16:00,27.9,30.6,195.0,199.0,1.14,2.59,100,70
2026-07-16T17:00,27.7,29.8,93.0,123.0,0.92,2.06,100,51
2026-07-16T18:00,27.0,28.6,16.0,25.0,3.47,1.41,100,17
2026-07-16T19:00,25.4,27.2,0.0,0.0,4.08,2.92,100,24
2026-07-16T20:00,24.4,25.9,0.0,0.0,3.66,3.47,9,1
2026-07-16T21:00,23.5,24.9,0.0,0.0,3.59,3.9,100,0
2026-07-16T22:00,22.9,24.0,0.0,0.0,3.77,4.38,1,0
2026-07-16T23:00,22.4,23.4,0.0,0.0,3.79,4.57,0,10
2026-07-17T00:00,22.4,22.0,0.0,0.0,4.42,4.22,0,0
2026-07-17T01:00,22.0,21.6,0.0,0.0,4.7,4.53,0,1
2026-07-17T02:00,21.6,21.2,0.0,0.0,4.41,4.68,0,1
2026-07-17T03:00,21.2,20.8,1.0,1.0,4.42,4.44,0,27
2026-07-17T04:00,21.5,21.1,55.0,53.0,4.0,3.74,0,30
2026-07-17T05:00,23.2,23.0,193.0,185.0,3.01,2.95,0,30
2026-07-17T06:00,25.8,25.6,365.0,355.0,2.45,2.17,0,15
2026-07-17T07:00,28.3,28.6,538.0,533.0,0.84,0.77,0,9
2026-07-17T08:00,30.2,30.6,691.0,690.0,1.98,2.18,43,0
2026-07-17T09:00,31.1,31.8,701.0,794.0,1.8,1.83,57,37
2026-07-17T10:00,32.0,32.8,718.0,767.0,0.84,1.52,62,66
2026-07-17T11:00,32.7,33.5,720.0,734.0,1.47,1.36,76,47
2026-07-17T12:00,33.1,33.7,722.0,776.0,1.25,1.8,55,68
2026-07-17T13:00,33.3,33.9,640.0,639.0,1.67,2.54,63,74
2026-07-17T14:00,33.2,33.7,507.0,493.0,1.52,3.07,58,69
2026-07-17T15:00,32.9,33.2,367.0,359.0,0.9,3.41,69,66
2026-07-17T16:00,32.2,32.6,222.0,238.0,1.18,3.05,70,29
2026-07-17T17:00,31.1,31.7,118.0,131.0,1.31,3.04,94,36
2026-07-17T18:00,29.3,29.9,27.0,19.0,0.84,1.48,99,60
2026-07-17T19:00,28.1,28.7,0.0,0.0,1.4,1.23,93,42
2026-07-17T20:00,27.4,27.8,0.0,0.0,1.68,1.47,18,31
2026-07-17T21:00,26.7,27.0,0.0,0.0,1.77,1.12,18,28
2026-07-17T22:00,26.1,25.4,0.0,0.0,1.71,1.46,18,36
2026-07-17T23:00,25.0,24.7,0.0,0.0,1.85,1.9,36,2
2026-07-18T00:00,22.7,23.8,0.0,0.0,3.33,0.53,26,29
2026-07-18T01:00,22.5,23.3,0.0,0.0,2.67,0.2,6,25
2026-07-18T02:00,21.8,22.1,0.0,0.0,2.26,0.71,8,6
2026-07-18T03:00,21.3,21.1,1.0,1.0,2.11,1.87,14,16
2026-07-18T04:00,21.5,21.2,53.0,53.0,2.24,2.89,24,6
2026-07-18T05:00,22.9,22.8,186.0,189.0,2.79,3.48,8,0
2026-07-18T06:00,24.7,24.9,358.0,357.0,2.85,1.77,21,38
2026-07-18T07:00,27.0,27.6,523.0,528.0,1.1,1.29,28,4
2026-07-18T08:00,29.2,30.1,661.0,683.0,1.28,1.18,34,0
2026-07-18T09:00,31.0,31.9,770.0,800.0,1.1,1.33,100,0
2026-07-18T10:00,32.2,33.1,802.0,850.0,0.77,1.97,87,50
2026-07-18T11:00,32.9,33.9,822.0,835.0,1.06,2.26,61,26
2026-07-18T12:00,33.6,34.1,812.0,733.0,2.29,2.08,50,69
2026-07-18T13:00,33.8,34.2,724.0,641.0,2.18,2.02,52,100
2026-07-18T14:00,33.8,34.0,599.0,481.0,1.62,2.07,88,100
2026-07-18T15:00,33.6,33.5,430.0,330.0,1.4,1.96,100,100
2026-07-18T16:00,33.0,33.0,244.0,196.0,1.1,1.43,100,100
2026-07-18T17:00,32.2,32.1,118.0,100.0,1.77,2.83,100,100
2026-07-18T18:00,30.3,29.9,23.0,21.0,3.34,2.41,100,100
2026-07-18T19:00,28.7,28.2,0.0,0.0,3.98,3.65,87,100
2026-07-18T20:00,27.4,27.0,0.0,0.0,7.1,5.42,99,100
2026-07-18T21:00,25.9,26.0,0.0,0.0,9.51,6.99,58,100
2026-07-18T22:00,24.9,25.0,0.0,0.0,7.81,6.32,33,0
2026-07-18T23:00,24.1,24.1,0.0,0.0,6.9,5.49,29,0
2026-07-19T00:00,23.1,22.5,0.0,0.0,5.21,5.67,41,0
2026-07-19T01:00,22.5,21.9,0.0,0.0,3.25,4.39,99,9
2026-07-19T02:00,21.7,21.2,0.0,0.0,2.28,2.36,37,34
2026-07-19T03:00,21.1,20.6,0.0,0.0,2.77,3.59,13,2
2026-07-19T04:00,21.3,20.9,51.0,49.0,2.61,2.98,8,100
2026-07-19T05:00,23.0,22.2,184.0,170.0,2.43,2.56,36,100
2026-07-19T06:00,25.3,24.5,351.0,344.0,1.5,2.94,64,62
2026-07-19T07:00,27.5,26.7,518.0,520.0,1.25,2.29,88,1
2026-07-19T08:00,29.5,28.7,666.0,676.0,2.02,2.37,96,1
2026-07-19T09:00,31.2,30.6,785.0,791.0,2.29,2.37,24,0
2026-07-19T10:00,32.8,32.2,860.0,862.0,2.81,2.7,1,100
2026-07-19T11:00,33.9,33.3,880.0,879.0,3.2,3.1,0,1
2026-07-19T12:00,34.6,34.3,837.0,804.0,2.59,1.98,57,82
2026-07-19T13:00,34.5,34.4,661.0,639.0,1.77,1.73,100,75
2026-07-19T14:00,34.1,34.3,474.0,514.0,0.79,1.59,100,100
2026-07-19T15:00,34.0,33.8,398.0,367.0,0.69,2.02,100,100
2026-07-19T16:00,33.5,32.9,254.0,286.0,1.25,2.69,100,95
2026-07-19T17:00,32.0,31.7,117.0,141.0,3.38,3.38,40,9
2026-07-19T18:00,29.2,30.4,21.0,26.0,4.87,4.02,45,22
2026-07-19T19:00,27.7,28.6,0.0,0.0,4.88,4.43,51,99
2026-07-19T20:00,26.6,27.4,0.0,0.0,3.24,7.66,100,100
2026-07-19T21:00,26.2,25.8,0.0,0.0,1.59,5.42,74,76
2026-07-19T22:00,25.2,24.8,0.0,0.0,0.79,4.3,0,3
2026-07-19T23:00,24.0,23.8,0.0,0.0,0.53,3.25,0,1
2026-07-20T00:00,23.4,21.9,0.0,0.0,3.34,3.78,46,16
2026-07-20T01:00,22.6,21.1,0.0,0.0,1.79,0.75,37,2
2026-07-20T02:00,22.0,20.5,0.0,0.0,0.79,0.35,8,100
2026-07-20T03:00,21.5,20.2,0.0,0.0,0.29,0.78,87,100
2026-07-20T04:00,21.6,20.5,48.0,33.0,0.71,1.58,100,100
2026-07-20T05:00,22.8,21.7,156.0,131.0,1.06,1.77,44,68
2026-07-20T06:00,24.5,25.5,280.0,326.0,0.42,0.4,100,29
2026-07-20T07:00,26.4,27.9,396.0,476.0,1.43,0.2,49,74
2026-07-20T08:00,28.5,28.2,563.0,440.0,0.9,2.65,80,100
2026-07-20T09:00,29.1,26.7,418.0,459.0,1.81,3.06,72,100
2026-07-20T10:00,30.0,28.1,499.0,542.0,0.29,3.14,98,100
2026-07-20T11:00,29.8,28.4,333.0,592.0,2.34,2.32,100,90
2026-07-20T12:00,30.0,30.0,578.0,584.0,1.98,3.04,100,99
2026-07-20T13:00,30.6,30.7,591.0,584.0,1.57,1.39,100,55
2026-07-20T14:00,30.2,28.1,483.0,454.0,1.96,1.92,44,100
2026-07-20T15:00,29.7,28.2,410.0,285.0,3.19,1.04,100,82
2026-07-20T16:00,27.8,28.7,202.0,272.0,2.63,0.98,67,93
2026-07-20T17:00,26.2,28.5,127.0,124.0,1.67,1.33,7,4
2026-07-20T18:00,24.1,25.7,22.0,22.0,2.29,3.47,100,16
2026-07-20T19:00,23.3,24.7,0.0,0.0,2.47,2.84,57,16
2026-07-20T20:00,22.7,24.0,0.0,0.0,2.19,3.73,0,42
2026-07-20T21:00,22.4,23.4,0.0,0.0,1.67,4.24,0,78
2026-07-20T22:00,21.9,23.0,0.0,0.0,2.88,4.06,56,100
2026-07-20T23:00,21.6,22.6,0.0,0.0,3.9,3.97,11,71
2026-07-21T00:00,22.5,23.1,0.0,0.0,1.36,4.65,99,100
2026-07-21T01:00,22.0,22.0,0.0,0.0,2.02,3.27,56,100
2026-07-21T02:00,21.6,21.7,0.0,0.0,4.29,1.8,67,100
2026-07-21T03:00,21.1,21.0,0.0,0.0,5.56,5.02,98,81
2026-07-21T04:00,21.1,20.8,15.0,17.0,5.19,3.64,100,80
2026-07-21T05:00,21.8,21.4,43.0,116.0,4.39,3.32,100,77
2026-07-21T06:00,22.8,22.8,213.0,193.0,4.41,1.63,84,91
2026-07-21T07:00,24.2,22.7,371.0,193.0,4.12,4.51,97,96
2026-07-21T08:00,25.7,23.6,473.0,329.0,3.5,2.02,97,94
2026-07-21T09:00,26.8,22.8,555.0,318.0,3.08,1.25,100,91
2026-07-21T10:00,27.9,25.0,668.0,498.0,2.4,1.47,100,74
2026-07-21T11:00,28.5,26.7,638.0,655.0,2.09,1.71,100,68
2026-07-21T12:00,29.5,27.1,761.0,670.0,1.25,2.7,100,42
2026-07-21T13:00,29.7,27.9,673.0,660.0,0.84,2.55,50,48
2026-07-21T14:00,29.9,28.0,584.0,598.0,0.69,2.2,51,12
2026-07-21T15:00,29.7,28.3,446.0,472.0,0.22,2.16,77,39
2026-07-21T16:00,28.1,28.2,261.0,301.0,1.62,2.19,80,24
2026-07-21T17:00,26.2,27.6,118.0,143.0,4.13,1.69,37,3
2026-07-21T18:00,27.4,26.0,21.0,23.0,1.58,1.46,34,85
2026-07-21T19:00,26.7,25.0,0.0,0.0,1.67,1.12,55,14
2026-07-21T20:00,25.9,24.0,0.0,0.0,1.97,1.59,36,4
2026-07-21T21:00,24.7,23.5,0.0,0.0,3.29,0.98,15,0
2026-07-21T22:00,23.6,22.7,0.0,0.0,3.45,0.71,96,15
2026-07-21T23:00,22.5,22.1,0.0,0.0,2.06,0.63,100,68
2026-07-22T00:00,21.8,22.2,0.0,0.0,3.38,4.21,100,100
2026-07-22T01:00,21.4,21.1,0.0,0.0,7.69,7.64,100,100
2026-07-22T02:00,20.9,20.7,0.0,0.0,6.1,5.09,100,100
2026-07-22T03:00,19.9,20.3,0.0,0.0,5.78,3.07,100,100
2026-07-22T04:00,18.3,20.0,13.0,12.0,7.5,1.58,100,100
2026-07-22T05:00,18.0,20.3,37.0,45.0,8.82,4.56,100,90
2026-07-22T06:00,20.8,19.1,108.0,29.0,7.21,10.38,100,100
2026-07-22T07:00,20.0,18.2,71.0,60.0,7.73,8.5,100,100
2026-07-22T08:00,19.2,18.8,109.0,162.0,8.26,6.84,100,100
2026-07-22T09:00,18.3,20.3,147.0,319.0,8.73,8.98,100,83
2026-07-22T10:00,17.7,21.3,99.0,528.0,8.38,7.7,100,80
2026-07-22T11:00,17.2,22.9,113.0,635.0,9.01,5.83,100,82
2026-07-22T12:00,18.8,23.8,313.0,529.0,7.56,4.97,92,89
2026-07-22T13:00,19.2,24.5,324.0,563.0,7.0,4.19,91,67
2026-07-22T14:00,19.2,24.7,248.0,473.0,5.89,3.64,97,56
2026-07-22T15:00,18.6,24.6,145.0,401.0,5.35,2.99,94,63
2026-07-22T16:00,18.5,24.1,148.0,275.0,4.33,2.32,73,65
2026-07-22T17:00,18.3,23.4,104.0,130.0,4.02,2.98,68,40
2026-07-22T18:00,18.4,20.1,16.0,23.0,1.74,4.3,53,17
2026-07-22T19:00,17.9,19.1,0.0,0.0,2.18,3.42,62,46
2026-07-22T20:00,17.6,18.5,0.0,0.0,1.66,2.89,78,70
2026-07-22T21:00,17.5,18.2,0.0,0.0,1.77,1.94,57,86
2026-07-22T22:00,17.3,17.8,0.0,0.0,2.24,1.67,100,44
2026-07-22T23:00,17.1,17.3,0.0,0.0,2.36,1.47,82,40
2026-07-23T00:00,16.6,16.8,0.0,0.0,2.5,4.97,63,20
2026-07-23T01:00,16.3,16.4,0.0,0.0,3.07,5.78,33,4
2026-07-23T02:00,15.9,16.1,0.0,0.0,3.9,6.37,29,5
2026-07-23T03:00,15.6,15.8,0.0,0.0,3.86,6.42,36,4
2026-07-23T04:00,15.9,16.1,46.0,48.0,4.25,5.7,35,19
2026-07-23T05:00,17.2,17.5,176.0,182.0,5.28,4.91,41,36
2026-07-23T06:00,18.8,18.9,290.0,331.0,3.61,2.6,70,46
2026-07-23T07:00,20.4,20.8,429.0,489.0,2.92,1.92,87,58
2026-07-23T08:00,21.8,22.4,497.0,592.0,2.37,1.27,73,86
2026-07-23T09:00,22.9,23.7,614.0,702.0,1.85,0.9,67,69
2026-07-23T10:00,24.2,24.6,760.0,730.0,1.5,1.31,62,79
2026-07-23T11:00,25.0,25.1,736.0,632.0,3.04,2.2,80,77
2026-07-23T12:00,25.1,25.3,734.0,486.0,3.14,1.53,52,93
2026-07-23T13:00,25.6,25.0,696.0,330.0,3.23,1.36,60,71
2026-07-23T14:00,25.8,24.8,555.0,427.0,3.05,2.02,55,63
2026-07-23T15:00,25.7,24.6,411.0,353.0,2.95,1.67,71,80
2026-07-23T16:00,25.2,22.3,210.0,202.0,3.0,4.73,80,100
2026-07-23T17:00,24.7,19.4,99.0,35.0,1.77,6.69,70,100
2026-07-23T18:00,23.1,18.8,17.0,7.0,3.19,4.08,71,98
2026-07-23T19:00,22.2,19.3,0.0,0.0,3.78,2.16,79,69
2026-07-23T20:00,21.5,19.0,0.0,0.0,3.14,1.85,85,72
2026-07-23T21:00,20.8,18.7,0.0,0.0,3.01,0.88,38,95
2026-07-23T22:00,20.2,18.0,0.0,0.0,2.91,1.98,66,96
2026-07-23T23:00,19.7,17.6,0.0,0.0,1.95,1.85,6,97
2026-07-24T00:00,18.8,17.8,0.0,0.0,2.5,0.6,95,100
2026-07-24T01:00,18.2,17.4,0.0,0.0,2.2,1.68,76,65
2026-07-24T02:00,18.0,16.9,0.0,0.0,1.67,2.46,26,60
2026-07-24T03:00,17.6,16.8,0.0,0.0,1.23,1.88,40,80
2026-07-24T04:00,17.6,17.0,44.0,40.0,1.08,3.83,35,48
2026-07-24T05:00,18.4,18.2,165.0,165.0,1.4,1.8,62,79
2026-07-24T06:00,20.0,20.3,324.0,317.0,0.97,3.23,62,91
2026-07-24T07:00,21.4,22.2,421.0,504.0,1.18,2.29,100,79
2026-07-24T08:00,22.8,22.9,492.0,527.0,2.18,3.14,100,60
2026-07-24T09:00,23.0,24.2,599.0,673.0,3.53,3.58,100,45
2026-07-24T10:00,24.2,25.2,775.0,812.0,2.95,2.76,100,79
2026-07-24T11:00,24.6,25.7,757.0,799.0,1.77,2.73,100,100
2026-07-24T12:00,26.4,25.9,755.0,630.0,1.24,1.2,95,96
2026-07-24T13:00,26.3,25.2,564.0,505.0,0.88,1.59,100,100
2026-07-24T14:00,24.8,22.8,360.0,323.0,3.04,2.06,100,100
2026-07-24T15:00,23.7,21.2,196.0,202.0,2.09,2.65,100,91
2026-07-24T16:00,23.7,22.1,183.0,232.0,1.57,4.12,59,100
2026-07-24T17:00,23.5,22.1,134.0,124.0,2.52,2.24,100,98
2026-07-24T18:00,22.0,21.5,21.0,22.0,2.72,1.53,100,97
2026-07-24T19:00,21.0,20.8,0.0,0.0,3.17,0.39,100,98
2026-07-24T20:00,20.3,20.2,0.0,0.0,6.2,1.19,99,100
2026-07-24T21:00,19.4,19.8,0.0,0.0,9.42,3.66,100,100
2026-07-24T22:00,18.5,18.9,0.0,0.0,8.86,5.57,100,100
2026-07-24T23:00,17.8,18.0,0.0,0.0,8.72,4.78,100,100
2026-07-25T00:00,17.3,17.8,0.0,0.0,8.28,6.51,100,100
2026-07-25T01:00,16.8,17.3,0.0,0.0,7.84,5.99,100,100
2026-07-25T02:00,16.4,16.8,0.0,0.0,6.7,5.17,97,100
2026-07-25T03:00,16.1,16.6,0.0,0.0,6.54,5.13,83,100
2026-07-25T04:00,16.1,16.7,41.0,22.0,5.28,3.61,96,100
2026-07-25T05:00,17.2,17.2,168.0,84.0,4.52,2.72,100,100
2026-07-25T06:00,18.8,19.0,312.0,302.0,2.04,1.18,97,100
2026-07-25T07:00,20.2,20.7,446.0,491.0,0.93,0.84,60,46
2026-07-25T08:00,21.5,22.2,520.0,649.0,0.44,1.57,71,55
2026-07-25T09:00,22.7,23.2,582.0,662.0,1.97,3.54,73,69
2026-07-25T10:00,23.6,23.8,644.0,634.0,3.51,3.86,48,56
2026-07-25T11:00,24.5,24.6,770.0,749.0,3.6,3.6,54,60
2026-07-25T12:00,25.1,25.1,648.0,643.0,3.68,3.67,78,80
2026-07-25T13:00,25.3,25.6,641.0,651.0,2.81,3.43,72,59
2026-07-25T14:00,25.6,25.7,544.0,482.0,1.77,2.84,49,70
2026-07-25T15:00,25.7,25.7,440.0,390.0,1.69,2.37,63,66
2026-07-25T16:00,25.3,25.4,270.0,244.0,1.79,1.55,44,58
2026-07-25T17:00,24.7,24.9,131.0,110.0,1.39,1.48,14,46
2026-07-25T18:00,23.3,23.2,21.0,21.0,1.06,1.74,13,19
2026-07-25T19:00,22.4,22.3,0.0,0.0,0.49,1.15,41,37
2026-07-25T20:00,21.6,21.5,0.0,0.0,0.53,1.4,54,55
2026-07-25T21:00,20.9,21.0,0.0,0.0,0.71,0.89,62,60
2026-07-25T22:00,20.2,20.4,0.0,0.0,0.81,0.22,65,47
2026-07-25T23:00,19.9,19.6,0.0,0.0,0.6,0.84,70,15
2026-07-26T00:00,19.0,17.7,0.0,0.0,0.71,2.42,57,3
2026-07-26T01:00,18.2,17.1,0.0,0.0,0.96,2.12,47,12
2026-07-26T02:00,17.5,16.5,0.0,0.0,1.14,1.77,21,8
2026-07-26T03:00,16.9,16.3,0.0,0.0,0.69,0.9,0,5
2026-07-26T04:00,16.7,16.4,43.0,43.0,0.66,0.35,0,5
2026-07-26T05:00,18.2,18.1,178.0,179.0,1.11,0.57,0,5
2026-07-26T06:00,20.8,20.7,350.0,348.0,1.97,2.16,0,28
2026-07-26T07:00,22.7,22.8,525.0,523.0,1.58,2.14,0,4
2026-07-26T08:00,24.4,24.4,680.0,682.0,2.09,2.71,0,3
2026-07-26T09:00,25.7,25.7,800.0,800.0,2.94,3.24,0,0
2026-07-26T10:00,26.7,26.7,874.0,874.0,3.24,3.67,0,31
2026-07-26T11:00,27.6,27.5,892.0,823.0,3.55,3.75,45,59
2026-07-26T12:00,28.3,28.5,770.0,686.0,4.47,4.08,70,84
2026-07-26T13:00,28.4,28.7,703.0,614.0,3.64,4.71,8,61
2026-07-26T14:00,28.5,28.8,639.0,569.0,2.98,3.24,20,8
2026-07-26T15:00,28.2,28.6,485.0,484.0,2.88,3.72,1,20
2026-07-26T16:00,27.6,28.1,312.0,308.0,3.12,3.54,0,54
2026-07-26T17:00,26.4,27.1,141.0,139.0,3.34,3.34,2,13
2026-07-26T18:00,25.2,24.7,20.0,20.0,2.43,3.29,0,0
2026-07-26T19:00,23.8,23.0,0.0,0.0,2.53,3.85,13,1
2026-07-26T20:00,22.5,21.9,0.0,0.0,2.48,4.13,2,49
2026-07-26T21:00,21.7,21.3,0.0,0.0,2.14,3.37,6,58
2026-07-26T22:00,21.2,21.0,0.0,0.0,2.06,2.45,51,94
2026-07-26T23:00,20.3,20.2,0.0,0.0,3.63,3.02,51,70
2026-07-27T00:00,19.4,19.1,0.0,0.0,3.53,3.94,46,43
2026-07-27T01:00,19.1,18.8,0.0,0.0,3.66,3.89,43,38
2026-07-27T02:00,19.2,18.1,0.0,0.0,1.97,2.29,57,81
2026-07-27T03:00,18.0,17.5,0.0,0.0,0.89,2.24,43,97
2026-07-27T04:00,17.8,17.8,38.0,21.0,0.5,0.83,66,100
2026-07-27T05:00,19.7,18.7,150.0,72.0,0.14,1.98,92,100
2026-07-27T06:00,20.6,19.2,160.0,86.0,1.36,3.46,100,100
2026-07-27T07:00,21.9,20.4,195.0,143.0,1.87,5.22,100,100
2026-07-27T08:00,22.7,21.4,206.0,216.0,3.04,2.64,100,100
2026-07-27T09:00,23.7,23.3,284.0,453.0,1.36,0.44,100,91
2026-07-27T10:00,25.3,25.7,434.0,806.0,2.51,1.64,68,18
2026-07-27T11:00,26.1,27.1,757.0,868.0,1.67,3.74,41,6
2026-07-27T12:00,29.2,25.7,825.0,685.0,1.81,2.64,28,100
2026-07-27T13:00,29.8,25.9,760.0,595.0,3.72,3.38,4,100
2026-07-27T14:00,30.0,26.1,636.0,506.0,4.19,4.45,3,60
2026-07-27T15:00,30.0,26.1,476.0,414.0,4.62,6.04,22,25
2026-07-27T16:00,29.5,26.3,301.0,291.0,4.5,4.52,12,1
2026-07-27T17:00,28.5,25.7,134.0,131.0,3.38,5.52,0,0
2026-07-27T18:00,27.8,25.6,19.0,19.0,4.71,3.92,11,0
2026-07-27T19:00,26.1,24.4,0.0,0.0,4.52,3.66,46,1
2026-07-27T20:00,24.9,23.5,0.0,0.0,5.7,2.98,41,4
2026-07-27T21:00,24.1,23.1,0.0,0.0,6.04,2.55,10,0
2026-07-27T22:00,22.8,22.5,0.0,0.0,5.42,2.37,0,0
2026-07-27T23:00,21.7,21.9,0.0,0.0,2.61,1.53,21,0
2026-07-28T00:00,20.2,20.4,0.0,0.0,2.11,4.35,10,0
2026-07-28T01:00,19.7,19.6,0.0,0.0,2.1,3.08,0,0
2026-07-28T02:00,19.3,19.2,0.0,0.0,2.7,1.97,0,3
2026-07-28T03:00,18.8,18.8,0.0,0.0,2.84,2.23,0,18
2026-07-28T04:00,18.7,19.0,38.0,39.0,2.63,2.14,6,24
2026-07-28T05:00,20.6,20.6,168.0,165.0,1.25,1.39,0,34
2026-07-28T06:00,23.2,22.6,335.0,337.0,0.39,1.52,0,1
2026-07-28T07:00,25.6,25.0,509.0,511.0,2.58,0.79,32,1
2026-07-28T08:00,26.5,26.8,646.0,661.0,5.61,2.55,39,24
2026-07-28T09:00,27.3,27.8,727.0,743.0,4.53,3.59,43,55
2026-07-28T10:00,28.3,28.5,796.0,737.0,3.26,3.29,48,70
2026-07-28T11:00,28.8,29.0,717.0,695.0,1.57,2.29,80,81
2026-07-28T12:00,29.5,29.5,643.0,661.0,0.57,1.19,87,75
2026-07-28T13:00,29.9,29.8,560.0,552.0,1.28,1.4,59,76
2026-07-28T14:00,30.2,30.2,592.0,548.0,3.37,0.71,0,25
2026-07-28T15:00,30.1,30.3,472.0,472.0,2.16,1.18,47,22
2026-07-28T16:00,29.4,29.9,260.0,284.0,4.61,2.7,85,55
2026-07-28T17:00,27.7,28.3,91.0,117.0,6.51,4.53,77,43
2026-07-28T18:00,25.4,26.1,14.0,16.0,5.49,7.32,68,21
2026-07-28T19:00,23.9,24.2,0.0,0.0,4.74,6.86,47,29
2026-07-28T20:00,22.5,23.0,0.0,0.0,4.24,7.01,42,1
2026-07-28T21:00,21.3,22.1,0.0,0.0,4.39,6.42,5,56
2026-07-28T22:00,20.2,21.3,0.0,0.0,4.82,5.06,1,42
2026-07-28T23:00,19.1,20.4,0.0,0.0,4.68,4.52,0,43
2026-07-29T00:00,18.5,19.9,0.0,0.0,2.45,7.82,0,51
2026-07-29T01:00,17.9,19.5,0.0,0.0,2.18,7.66,0,39
2026-07-29T02:00,16.9,18.7,0.0,0.0,1.84,7.51,0,35
2026-07-29T03:00,16.6,17.9,0.0,0.0,2.5,7.31,0,44
2026-07-29T04:00,17.1,17.8,37.0,31.0,6.45,7.64,1,58
2026-07-29T05:00,18.8,19.0,163.0,133.0,6.49,8.29,46,52
2026-07-29T06:00,21.1,21.3,300.0,336.0,5.15,3.77,47,0
2026-07-29T07:00,23.3,24.0,476.0,512.0,1.96,2.08,16,0
2026-07-29T08:00,25.5,26.3,653.0,668.0,1.81,2.15,15,0
2026-07-29T09:00,27.4,28.0,775.0,789.0,0.84,1.62,0,0
2026-07-29T10:00,29.0,29.5,850.0,858.0,0.22,0.96,41,20
2026-07-29T11:00,30.0,30.4,793.0,790.0,2.06,1.53,46,77
2026-07-29T12:00,30.4,31.0,815.0,743.0,2.34,1.53,37,47
2026-07-29T13:00,30.5,31.2,730.0,626.0,2.7,2.31,35,45
2026-07-29T14:00,30.4,31.0,600.0,565.0,2.49,3.09,28,33
2026-07-29T15:00,30.2,30.6,464.0,461.0,1.86,2.84,1,3
2026-07-29T16:00,29.8,30.0,301.0,300.0,1.77,2.45,0,0
2026-07-29T17:00,28.7,28.8,131.0,131.0,1.86,1.68,0,0
2026-07-29T18:00,27.4,27.4,18.0,17.0,0.88,1.19,0,0
2026-07-29T19:00,25.9,25.9,0.0,0.0,2.02,0.98,0,0
2026-07-29T20:00,24.8,24.8,0.0,0.0,2.06,1.48,0,0
2026-07-29T21:00,23.7,23.9,0.0,0.0,2.37,1.52,0,0
2026-07-29T22:00,23.0,23.1,0.0,0.0,2.65,1.45,2,3
2026-07-29T23:00,22.5,22.0,0.0,0.0,2.85,0.79,11,6
2026-07-30T00:00,21.3,20.9,0.0,0.0,1.59,0.53,4,14
2026-07-30T01:00,20.0,20.1,0.0,0.0,1.24,0.98,0,0
2026-07-30T02:00,18.9,18.6,0.0,0.0,1.18,2.78,0,0
2026-07-30T03:00,18.2,18.1,0.0,0.0,1.5,5.82,0,0
2026-07-30T04:00,17.8,18.7,36.0,35.0,1.88,9.84,0,0
2026-07-30T05:00,19.4,20.2,163.0,161.0,2.92,9.17,0,0
2026-07-30T06:00,21.7,22.4,331.0,330.0,5.55,5.0,0,0
2026-07-30T07:00,24.3,24.4,505.0,505.0,2.86,4.3,3,0
2026-07-30T08:00,26.5,26.2,661.0,660.0,3.21,3.76,0,0
2026-07-30T09:00,28.2,27.9,782.0,778.0,2.88,3.48,0,0
2026-07-30T10:00,29.7,29.4,855.0,852.0,2.57,3.16,0,0
2026-07-30T11:00,30.7,30.6,876.0,874.0,2.43,2.72,3,0
2026-07-30T12:00,31.2,30.9,839.0,842.0,1.69,3.1,15,14
2026-07-30T13:00,31.5,31.3,735.0,754.0,2.02,3.06,28,28
2026-07-30T14:00,31.5,31.3,598.0,622.0,2.15,3.12,26,15
2026-07-30T15:00,31.2,31.1,464.0,468.0,2.29,2.8,1,0
2026-07-30T16:00,30.6,30.5,296.0,296.0,2.22,2.75,0,0
2026-07-30T17:00,29.5,29.4,128.0,129.0,2.51,2.81,0,0
2026-07-30T18:00,28.0,27.8,16.0,16.0,2.86,3.34,0,0
2026-07-30T19:00,26.1,25.8,0.0,0.0,3.63,4.03,0,0
2026-07-30T20:00,24.6,24.4,0.0,0.0,5.03,4.92,0,0
2026-07-30T21:00,23.8,23.5,0.0,0.0,6.9,6.05,0,0
2026-07-30T22:00,22.8,22.9,0.0,0.0,5.75,6.9,0,0
2026-07-30T23:00,21.7,21.9,0.0,0.0,5.28,5.14,0,0
2026-07-31T00:00,20.7,20.8,0.0,0.0,5.04,4.34,0,5
2026-07-31T01:00,19.6,19.9,0.0,0.0,3.72,3.35,0,0
2026-07-31T02:00,19.1,19.5,0.0,0.0,3.86,4.02,0,0
2026-07-31T03:00,18.7,19.2,0.0,0.0,5.31,5.77,0,0
2026-07-31T04:00,18.9,19.5,34.0,34.0,6.41,7.02,3,0
2026-07-31T05:00,20.5,21.0,160.0,160.0,6.45,6.99,0,0
2026-07-31T06:00,22.6,23.3,330.0,330.0,4.21,4.76,1,0
2026-07-31T07:00,25.1,25.6,505.0,506.0,1.98,2.37,16,0
2026-07-31T08:00,27.4,27.8,659.0,662.0,2.06,2.47,23,0
2026-07-31T09:00,29.0,29.5,779.0,784.0,1.89,2.34,22,0
2026-07-31T10:00,30.1,30.6,854.0,858.0,2.15,2.59,30,0
2026-07-31T11:00,30.9,31.4,854.0,878.0,2.43,2.77,36,4
2026-07-31T12:00,31.4,31.9,837.0,792.0,2.78,2.77,2,40
2026-07-31T13:00,31.7,32.2,759.0,694.0,2.99,2.8,19,30
2026-07-31T14:00,31.8,32.2,628.0,597.0,3.49,2.89,14,7
2026-07-31T15:00,31.5,31.9,473.0,469.0,3.7,3.21,0,1
2026-07-31T16:00,30.9,31.3,296.0,295.0,3.95,3.6,5,1
2026-07-31T17:00,29.8,30.1,126.0,126.0,4.24,4.17,13,1
2026-07-31T18:00,28.2,28.3,15.0,15.0,4.87,4.34,9,0
2026-07-31T19:00,26.5,26.4,0.0,0.0,5.54,4.99,2,19
2026-07-31T20:00,24.9,24.8,0.0,0.0,7.67,5.59,1,6
2026-07-31T21:00,23.2,23.7,0.0,0.0,9.43,7.25,0,0
2026-07-31T22:00,22.1,22.2,0.0,0.0,9.13,8.17,0,1
2026-07-31T23:00,21.6,21.2,0.0,0.0,7.58,7.94,0,0
2026-08-01T00:00,21.1,20.6,0.0,0.0,6.17,7.09,0,0
2026-08-01T01:00,20.7,20.1,0.0,0.0,4.95,5.49,0,0
2026-08-01T02:00,20.0,19.6,0.0,0.0,1.58,2.08,0,0
2026-08-01T03:00,19.0,18.5,0.0,0.0,0.9,0.31,0,0
2026-08-01T04:00,18.7,18.3,33.0,33.0,1.83,1.43,0,0
2026-08-01T05:00,20.1,20.0,160.0,159.0,2.1,2.15,0,0
2026-08-01T06:00,22.8,22.9,333.0,331.0,2.1,2.16,0,0
2026-08-01T07:00,25.6,25.7,510.0,511.0,1.0,1.18,0,0
2026-08-01T08:00,28.0,28.2,668.0,669.0,1.39,1.25,0,0
2026-08-01T09:00,29.5,29.7,788.0,788.0,2.06,1.83,0,0
2026-08-01T10:00,30.5,30.8,860.0,861.0,2.7,2.11,17,9
2026-08-01T11:00,31.3,31.6,860.0,870.0,2.97,2.31,39,30
2026-08-01T12:00,31.6,31.7,794.0,837.0,3.64,2.75,35,28
2026-08-01T13:00,31.8,32.0,723.0,752.0,3.92,2.67,31,18
2026-08-01T14:00,32.0,32.1,618.0,632.0,4.09,2.77,16,6
2026-08-01T15:00,31.7,31.9,468.0,473.0,4.03,2.85,0,0
2026-08-01T16:00,31.0,31.3,296.0,296.0,4.04,2.85,0,0
2026-08-01T17:00,29.8,30.0,126.0,126.0,4.21,3.37,0,0
2026-08-01T18:00,28.0,28.0,15.0,15.0,5.82,5.14,0,0
2026-08-01T19:00,26.3,26.2,0.0,0.0,5.85,5.57,0,0
2026-08-01T20:00,25.0,24.9,0.0,0.0,5.72,4.96,0,0
2026-08-01T21:00,23.8,24.2,0.0,0.0,6.15,4.57,0,0
2026-08-01T22:00,22.9,23.0,0.0,0.0,5.38,4.71,0,0
2026-08-01T23:00,22.2,22.4,0.0,0.0,4.32,4.09,0,0
2026-08-02T00:00,22.0,22.2,0.0,0.0,2.89,2.02,0,0
2026-08-02T01:00,21.4,21.5,0.0,0.0,1.25,1.2,0,0
2026-08-02T02:00,20.4,20.4,0.0,0.0,0.84,1.23,0,0
2026-08-02T03:00,19.6,19.9,0.0,0.0,0.78,1.15,0,0
2026-08-02T04:00,19.2,19.6,33.0,33.0,0.62,0.98,6,0
2026-08-02T05:00,20.7,21.0,161.0,160.0,0.49,0.22,4,8
2026-08-02T06:00,23.5,23.4,333.0,329.0,1.06,1.55,0,3
2026-08-02T07:00,26.3,26.0,511.0,508.0,0.66,2.23,0,0
2026-08-02T08:00,28.5,28.1,669.0,667.0,1.31,2.95,0,0
2026-08-02T09:00,30.0,29.7,790.0,791.0,2.36,3.54,0,0
2026-08-02T10:00,31.0,31.0,863.0,868.0,2.9,4.06,0,0
2026-08-02T11:00,32.0,32.0,885.0,894.0,3.6,4.5,0,0
2026-08-02T12:00,32.4,32.4,856.0,861.0,3.86,4.13,0,0
2026-08-02T13:00,32.7,32.6,771.0,773.0,3.84,3.8,0,0
2026-08-02T14:00,32.7,32.6,641.0,641.0,3.78,3.71,0,0
2026-08-02T15:00,32.3,32.3,478.0,476.0,3.79,3.71,0,1
2026-08-02T16:00,31.7,31.7,296.0,296.0,3.87,3.79,0,0
2026-08-02T17:00,30.7,30.5,125.0,125.0,3.95,4.33,0,0
2026-08-02T18:00,28.9,28.9,13.0,13.0,5.07,4.45,8,24
2026-08-02T19:00,27.1,27.2,0.0,0.0,5.71,3.72,32,50
2026-08-02T20:00,25.5,25.9,0.0,0.0,5.02,4.78,13,53
2026-08-02T21:00,24.4,24.8,0.0,0.0,6.05,5.92,6,45
2026-08-02T22:00,23.7,23.8,0.0,0.0,6.1,6.55,0,13
2026-08-02T23:00,23.1,23.0,0.0,0.0,4.9,5.63,28,0
2026-08-03T00:00,21.8,22.2,0.0,0.0,2.22,4.38,7,0
2026-08-03T01:00,20.5,20.8,0.0,0.0,2.15,2.89,25,5
2026-08-03T02:00,19.7,19.8,0.0,0.0,1.84,2.08,30,14
2026-08-03T03:00,19.4,19.3,0.0,0.0,1.25,2.31,37,20
2026-08-03T04:00,19.3,19.2,30.0,31.0,2.39,3.31,15,0
2026-08-03T05:00,20.6,20.7,156.0,157.0,3.41,3.92,3,2
2026-08-03T06:00,22.8,23.2,330.0,326.0,2.94,3.55,0,5
2026-08-03T07:00,25.5,25.8,510.0,509.0,1.45,1.86,0,0
2026-08-03T08:00,27.8,28.1,669.0,669.0,1.89,2.31,0,0
2026-08-03T09:00,29.6,29.6,790.0,792.0,3.22,2.83,0,6
2026-08-03T10:00,30.9,30.8,858.0,868.0,3.58,3.08,0,0
2026-08-03T11:00,31.8,31.7,871.0,890.0,3.23,2.89,0,0
2026-08-03T12:00,32.6,32.6,775.0,853.0,2.48,3.23,39,0
2026-08-03T13:00,32.9,32.9,645.0,763.0,2.29,2.67,56,0
2026-08-03T14:00,33.0,33.0,543.0,628.0,2.81,2.16,53,15
2026-08-03T15:00,32.8,32.8,438.0,462.0,2.51,1.92,11,3
2026-08-03T16:00,32.2,32.4,285.0,288.0,1.73,1.19,0,22
2026-08-03T17:00,31.4,31.6,119.0,119.0,0.96,0.69,0,3
2026-08-03T18:00,29.8,29.7,12.0,12.0,1.67,1.36,5,3
2026-08-03T19:00,27.9,28.4,0.0,0.0,1.85,0.0,0,18
2026-08-03T20:00,26.1,26.5,0.0,0.0,2.37,1.82,0,27
2026-08-03T21:00,25.1,25.5,0.0,0.0,2.42,2.91,0,15
2026-08-03T22:00,24.2,24.4,0.0,0.0,2.88,3.75,19,40
2026-08-03T23:00,23.2,23.6,0.0,0.0,3.29,4.0,1,52
2026-08-04T00:00,22.6,22.8,0.0,0.0,5.28,4.92,45,37
2026-08-04T01:00,21.9,22.1,0.0,0.0,5.9,5.8,33,24
2026-08-04T02:00,21.2,21.5,0.0,0.0,5.71,5.43,23,18
2026-08-04T03:00,20.6,21.0,0.0,0.0,5.48,5.41,7,19
2026-08-04T04:00,20.6,21.1,29.0,27.0,5.11,5.33,3,34
2026-08-04T05:00,22.0,22.4,154.0,141.0,4.92,5.83,0,41
2026-08-04T06:00,25.0,25.2,327.0,302.0,4.42,5.02,0,42
2026-08-04T07:00,27.6,27.7,504.0,468.0,1.19,1.23,3,17
2026-08-04T08:00,30.0,30.1,660.0,649.0,0.84,0.9,4,0
2026-08-04T09:00,32.1,32.2,784.0,780.0,1.01,1.31,0,0
2026-08-04T10:00,33.6,33.6,862.0,857.0,1.69,1.1,0,0
2026-08-04T11:00,34.5,34.6,882.0,876.0,2.24,1.8,0,11
2026-08-04T12:00,35.3,35.3,845.0,801.0,2.94,3.54,5,10
2026-08-04T13:00,35.6,35.7,758.0,728.0,3.75,4.92,7,44
2026-08-04T14:00,35.3,35.6,626.0,537.0,3.94,6.1,7,64
2026-08-04T15:00,34.9,35.3,461.0,415.0,3.89,5.42,5,15
2026-08-04T16:00,34.4,34.6,287.0,280.0,5.35,5.71,0,10
2026-08-04T17:00,32.8,33.4,119.0,114.0,5.84,5.7,1,19
2026-08-04T18:00,30.1,31.4,12.0,10.0,7.21,5.06,0,28
2026-08-04T19:00,28.5,29.7,0.0,0.0,7.75,4.61,9,20
2026-08-04T20:00,27.5,28.4,0.0,0.0,7.49,5.49,0,24
2026-08-04T21:00,26.0,27.5,0.0,0.0,9.03,5.43,0,29
2026-08-04T22:00,25.0,26.6,0.0,0.0,8.06,4.04,1,27
2026-08-04T23:00,24.7,25.3,0.0,0.0,4.68,2.91,31,27
2026-08-05T00:00,22.4,23.0,0.0,0.0,1.58,2.24,2,14
2026-08-05T01:00,21.8,22.3,0.0,0.0,1.43,2.2,5,41
2026-08-05T02:00,21.3,21.7,0.0,0.0,2.52,2.04,7,39
2026-08-05T03:00,20.8,21.2,0.0,0.0,3.33,1.88,5,31
2026-08-05T04:00,21.0,21.1,27.0,26.0,3.05,1.88,0,4
2026-08-05T05:00,22.5,22.6,149.0,148.0,2.86,1.46,0,3
2026-08-05T06:00,25.0,25.1,297.0,319.0,3.49,2.16,37,0
2026-08-05T07:00,27.8,28.5,465.0,497.0,2.7,1.86,30,0
2026-08-05T08:00,30.4,31.4,632.0,657.0,1.98,0.89,17,0
2026-08-05T09:00,32.2,33.4,751.0,778.0,2.76,1.18,37,0
2026-08-05T10:00,33.9,34.6,827.0,851.0,2.77,1.66,22,0
2026-08-05T11:00,35.0,35.3,803.0,866.0,3.34,2.15,47,13
2026-08-05T12:00,35.5,35.9,687.0,785.0,3.01,2.64,64,21
2026-08-05T13:00,35.9,36.2,666.0,698.0,3.19,3.08,27,32
2026-08-05T14:00,36.0,36.2,600.0,600.0,3.12,4.13,2,16
2026-08-05T15:00,35.6,35.8,441.0,454.0,3.9,4.08,11,7
2026-08-05T16:00,34.9,35.2,275.0,267.0,4.33,4.44,3,31
2026-08-05T17:00,33.3,34.1,112.0,104.0,5.08,5.28,0,24
2026-08-05T18:00,31.4,31.4,10.0,10.0,5.49,3.23,3,31
2026-08-05T19:00,29.1,29.5,0.0,0.0,9.03,6.43,1,0
2026-08-05T20:00,27.6,27.4,0.0,0.0,9.41,8.05,0,0
2026-08-05T21:00,26.6,26.2,0.0,0.0,7.4,8.57,1,30
2026-08-05T22:00,25.9,25.7,0.0,0.0,5.63,7.23,16,52
2026-08-05T23:00,25.6,25.3,0.0,0.0,3.44,4.69,16,52
2026-08-06T00:00,24.3,23.5,0.0,0.0,0.98,1.82,63,61
2026-08-06T01:00,23.9,22.9,0.0,0.0,2.0,1.45,56,45
2026-08-06T02:00,23.9,22.1,0.0,0.0,2.07,0.5,40,0
2026-08-06T03:00,23.5,21.6,0.0,0.0,2.55,1.18,46,0
2026-08-06T04:00,23.5,21.3,22.0,26.0,2.37,2.08,55,0
2026-08-06T05:00,24.4,22.8,116.0,145.0,3.04,2.64,72,0
2026-08-06T06:00,25.8,25.1,239.0,260.0,2.64,1.52,55,55
2026-08-06T07:00,28.1,27.9,335.0,387.0,2.55,1.4,55,63
2026-08-06T08:00,30.8,30.6,514.0,537.0,1.25,0.89,21,53
2026-08-06T09:00,33.3,32.6,746.0,665.0,1.53,1.93,0,41
2026-08-06T10:00,34.8,34.3,833.0,820.0,1.63,2.43,9,3
2026-08-06T11:00,35.8,35.4,834.0,838.0,2.71,3.12,23,10
2026-08-06T12:00,35.8,36.1,755.0,753.0,2.59,5.57,57,58
2026-08-06T13:00,33.7,36.1,495.0,636.0,7.43,5.68,47,49
2026-08-06T14:00,34.6,35.8,513.0,543.0,3.6,6.42,38,45
2026-08-06T15:00,31.6,35.0,330.0,393.0,5.92,4.96,3,47
2026-08-06T16:00,31.4,33.9,262.0,224.0,5.16,5.83,12,52
2026-08-06T17:00,30.6,32.3,104.0,101.0,4.84,6.75,27,3
2026-08-06T18:00,29.0,30.4,9.0,4.0,6.66,2.95,6,33
2026-08-06T19:00,27.8,28.6,0.0,0.0,7.35,3.53,14,0
2026-08-06T20:00,26.8,27.2,0.0,0.0,7.28,3.43,33,24
2026-08-06T21:00,25.9,26.7,0.0,0.0,5.56,3.81,48,11
2026-08-06T22:00,24.9,25.9,0.0,0.0,3.6,4.44,44,7
2026-08-06T23:00,24.1,25.3,0.0,0.0,1.94,2.52,29,6
2026-08-07T00:00,23.5,23.6,0.0,0.0,1.8,0.89,8,17
2026-08-07T01:00,22.5,22.7,0.0,0.0,0.79,0.79,0,14
2026-08-07T02:00,21.6,22.2,0.0,0.0,0.62,1.95,25,0
2026-08-07T03:00,21.4,21.8,0.0,0.0,1.25,3.53,14,0
2026-08-07T04:00,21.4,21.9,25.0,25.0,1.62,4.7,25,0
2026-08-07T05:00,22.9,23.5,139.0,145.0,1.67,4.92,35,0
2026-08-07T06:00,25.3,25.7,309.0,279.0,2.55,4.06,2,22
2026-08-07T07:00,28.3,28.7,483.0,477.0,1.24,1.98,8,12
2026-08-07T08:00,30.4,30.9,629.0,639.0,1.21,3.12,43,2
2026-08-07T09:00,31.6,32.3,693.0,757.0,1.74,3.34,46,37
2026-08-07T10:00,32.6,33.0,744.0,666.0,2.89,3.84,79,78
2026-08-07T11:00,32.7,33.6,623.0,650.0,3.35,3.9,94,43
2026-08-07T12:00,33.0,33.7,398.0,732.0,2.12,4.86,82,69
2026-08-07T13:00,33.6,34.1,540.0,664.0,3.12,5.11,68,30
2026-08-07T14:00,33.3,34.4,539.0,561.0,4.06,5.87,42,29
2026-08-07T15:00,32.8,33.9,417.0,412.0,3.9,5.39,13,44
2026-08-07T16:00,32.2,32.8,263.0,210.0,3.56,6.49,2,46
2026-08-07T17:00,31.1,31.0,104.0,91.0,4.76,7.79,0,0
2026-08-07T18:00,28.7,29.1,8.0,8.0,4.65,6.81,0,2
2026-08-07T19:00,27.5,27.6,0.0,0.0,3.95,6.0,5,24
2026-08-07T20:00,26.4,26.4,0.0,0.0,3.32,7.0,36,0
2026-08-07T21:00,25.7,25.7,0.0,0.0,7.23,7.83,31,5
2026-08-07T22:00,25.3,24.7,0.0,0.0,7.72,8.45,10,0
2026-08-07T23:00,24.7,24.1,0.0,0.0,8.07,7.1,0,17
2026-08-08T00:00,24.4,23.9,0.0,0.0,5.53,7.45,28,0
2026-08-08T01:00,23.9,23.3,0.0,0.0,3.61,6.41,56,0
2026-08-08T02:00,23.3,22.8,0.0,0.0,2.32,5.53,47,11
2026-08-08T03:00,23.0,22.3,0.0,0.0,1.49,4.71,44,14
2026-08-08T04:00,23.0,22.2,21.0,23.0,2.02,3.47,44,8
2026-08-08T05:00,23.9,23.4,131.0,139.0,1.8,2.86,37,0
2026-08-08T06:00,26.0,25.3,293.0,304.0,1.89,1.92,36,0
2026-08-08T07:00,27.8,27.4,450.0,474.0,0.42,1.95,21,11
2026-08-08T08:00,29.4,29.4,617.0,624.0,0.89,2.2,28,11
2026-08-08T09:00,30.6,30.8,733.0,726.0,1.18,2.23,22,54
2026-08-08T10:00,31.6,31.5,756.0,721.0,1.47,2.45,89,49
2026-08-08T11:00,32.1,32.2,732.0,705.0,1.75,2.1,92,60
2026-08-08T12:00,32.3,31.2,588.0,565.0,3.74,3.23,81,100
2026-08-08T13:00,29.7,31.2,417.0,461.0,4.08,2.43,100,68
2026-08-08T14:00,30.3,31.5,367.0,416.0,2.71,2.43,100,74
2026-08-08T15:00,30.0,31.2,254.0,249.0,3.74,3.9,100,100
2026-08-08T16:00,29.4,27.6,186.0,103.0,5.47,4.02,99,100
2026-08-08T17:00,28.6,27.2,89.0,74.0,6.47,4.08,77,100
2026-08-08T18:00,28.3,26.8,7.0,6.0,8.63,7.42,38,100
2026-08-08T19:00,26.2,25.2,0.0,0.0,9.86,7.14,32,100
2026-08-08T20:00,24.8,24.0,0.0,0.0,9.95,7.45,48,100
2026-08-08T21:00,23.2,23.2,0.0,0.0,10.3,7.55,68,100
2026-08-08T22:00,22.4,22.7,0.0,0.0,8.74,6.84,100,100
2026-08-08T23:00,22.7,22.3,0.0,0.0,8.46,6.66,100,100
2026-08-09T00:00,22.1,22.1,0.0,0.0,7.95,8.05,100,100
2026-08-09T01:00,21.9,21.5,0.0,0.0,8.13,7.28,100,100
2026-08-09T02:00,21.5,20.7,0.0,0.0,7.05,6.52,88,89
2026-08-09T03:00,20.9,20.0,0.0,0.0,5.57,5.8,100,100
2026-08-09T04:00,20.5,19.7,17.0,20.0,4.08,5.24,100,82
2026-08-09T05:00,20.9,20.5,85.0,122.0,3.24,4.85,100,69
2026-08-09T06:00,22.1,21.7,238.0,239.0,3.1,3.66,100,100
2026-08-09T07:00,23.2,23.1,369.0,314.0,2.67,4.78,100,75
2026-08-09T08:00,24.3,25.1,439.0,513.0,2.19,6.77,100,70
2026-08-09T09:00,25.3,26.5,495.0,626.0,2.47,6.85,100,70
2026-08-09T10:00,26.7,27.6,657.0,687.0,2.59,6.15,49,56
2026-08-09T11:00,28.1,28.6,804.0,761.0,2.73,5.85,35,57
2026-08-09T12:00,29.2,29.1,767.0,698.0,3.53,4.3,6,56
2026-08-09T13:00,30.1,29.4,718.0,616.0,4.08,3.6,32,51
2026-08-09T14:00,30.3,29.6,586.0,539.0,4.27,3.24,0,23
2026-08-09T15:00,30.1,29.5,434.0,431.0,4.38,3.26,9,13
2026-08-09T16:00,29.4,28.9,259.0,255.0,4.64,3.67,17,6
2026-08-09T17:00,28.4,27.8,97.0,101.0,5.28,4.57,12,12
2026-08-09T18:00,26.2,23.8,7.0,5.0,6.55,4.22,4,13
2026-08-09T19:00,24.8,22.9,0.0,0.0,8.07,4.14,8,23
2026-08-09T20:00,23.7,22.1,0.0,0.0,9.01,4.43,0,34
2026-08-09T21:00,22.6,21.6,0.0,0.0,9.81,5.27,7,45
2026-08-09T22:00,21.7,21.5,0.0,0.0,10.19,6.53,18,60
2026-08-09T23:00,21.0,21.0,0.0,0.0,10.22,7.39,9,52
2026-08-10T00:00,20.2,20.7,0.0,0.0,9.63,9.41,58,64
2026-08-10T01:00,19.8,20.4,0.0,0.0,8.84,8.74,76,79
2026-08-10T02:00,19.6,20.3,0.0,0.0,8.29,8.11,60,77
2026-08-10T03:00,19.3,20.0,0.0,0.0,7.5,7.28,66,81
2026-08-10T04:00,19.1,20.0,16.0,14.0,6.59,6.54,82,70
2026-08-10T05:00,19.8,20.7,94.0,96.0,6.32,5.42,76,79
2026-08-10T06:00,21.4,22.1,239.0,214.0,3.66,4.3,76,84
2026-08-10T07:00,23.2,23.3,408.0,286.0,2.76,2.67,54,71
2026-08-10T08:00,25.0,25.2,583.0,494.0,2.69,1.98,55,69
2026-08-10T09:00,26.6,27.2,694.0,696.0,2.23,1.31,45,57
2026-08-10T10:00,28.0,28.7,800.0,768.0,1.27,0.44,35,43
2026-08-10T11:00,29.2,29.9,830.0,802.0,0.29,0.98,31,40
2026-08-10T12:00,30.7,30.1,822.0,784.0,1.12,1.69,3,35
2026-08-10T13:00,31.3,30.5,737.0,702.0,1.48,1.5,1,20
2026-08-10T14:00,31.5,30.7,607.0,594.0,1.37,1.31,0,13
2026-08-10T15:00,31.3,30.6,444.0,432.0,1.08,1.15,1,40
2026-08-10T16:00,30.8,30.2,263.0,250.0,0.79,1.12,22,8
2026-08-10T17:00,30.1,29.3,96.0,96.0,1.27,1.48,46,0
2026-08-10T18:00,28.3,26.8,6.0,6.0,3.79,1.25,9,34
2026-08-10T19:00,27.2,25.3,0.0,0.0,2.92,1.86,9,22
2026-08-10T20:00,26.4,24.2,0.0,0.0,2.24,1.97,27,14
2026-08-10T21:00,25.4,23.5,0.0,0.0,2.08,1.47,30,4
2026-08-10T22:00,24.7,22.9,0.0,0.0,1.95,1.36,14,1
2026-08-10T23:00,24.1,22.3,0.0,0.0,1.86,1.77,27,0
2026-08-11T00:00,23.4,21.7,0.0,0.0,2.53,2.3,41,1
2026-08-11T01:00,22.7,21.0,0.0,0.0,3.23,2.69,41,9
2026-08-11T02:00,22.2,20.6,0.0,0.0,3.97,2.98,32,28
2026-08-11T03:00,21.6,20.3,0.0,0.0,4.84,3.81,15,32
2026-08-11T04:00,21.3,20.4,19.0,20.0,4.8,3.88,28,24
2026-08-11T05:00,22.5,21.4,132.0,133.0,4.33,3.35,19,1
2026-08-11T06:00,24.8,23.8,302.0,303.0,4.8,3.66,23,0
2026-08-11T07:00,27.6,26.2,475.0,478.0,2.55,1.69,7,0
2026-08-11T08:00,30.2,28.6,637.0,635.0,3.46,2.5,0,0
2026-08-11T09:00,31.8,30.5,765.0,756.0,3.51,2.83,0,0
2026-08-11T10:00,33.0,31.8,838.0,829.0,2.64,2.77,0,17
2026-08-11T11:00,34.0,32.7,861.0,831.0,2.45,2.2,0,31
2026-08-11T12:00,34.4,34.4,823.0,823.0,2.16,2.31,0,0
2026-08-11T13:00,34.7,34.8,740.0,736.0,2.37,2.23,0,0
2026-08-11T14:00,34.6,34.8,608.0,606.0,2.91,2.24,0,0
2026-08-11T15:00,34.2,34.4,443.0,441.0,2.83,1.85,0,0
2026-08-11T16:00,33.5,33.8,263.0,261.0,2.59,1.59,0,0
2026-08-11T17:00,32.2,32.6,97.0,95.0,2.36,1.21,0,0
2026-08-11T18:00,30.7,31.1,5.0,5.0,2.11,1.62,0,0
2026-08-11T19:00,29.6,30.0,0.0,0.0,1.58,0.79,0,0
2026-08-11T20:00,28.5,28.9,0.0,0.0,0.77,0.75,0,0
2026-08-11T21:00,27.1,27.6,0.0,0.0,0.14,0.39,0,0
2026-08-11T22:00,25.7,26.0,0.0,0.0,0.53,0.84,0,0
2026-08-11T23:00,24.4,25.2,0.0,0.0,1.69,1.79,0,0
2026-08-12T00:00,23.6,24.2,0.0,0.0,1.92,2.43,0,0
2026-08-12T01:00,22.8,23.1,0.0,0.0,1.01,1.96,0,35
2026-08-12T02:00,21.8,22.5,0.0,0.0,0.29,8.1,1,53
2026-08-12T03:00,21.3,23.3,0.0,0.0,2.51,14.87,36,29
2026-08-12T04:00,22.1,23.6,18.0,18.0,13.57,11.7,0,20
2026-08-12T05:00,23.8,24.6,129.0,125.0,10.96,11.92,1,24
2026-08-12T06:00,25.6,25.5,296.0,289.0,10.95,11.33,0,26
2026-08-12T07:00,26.9,26.5,467.0,450.0,10.37,10.79,0,32
2026-08-12T08:00,28.2,27.6,621.0,602.0,9.81,9.68,0,10
2026-08-12T09:00,29.5,28.8,738.0,731.0,9.1,8.92,0,0
2026-08-12T10:00,30.5,29.9,810.0,805.0,8.4,8.28,3,0
2026-08-12T11:00,31.2,30.8,829.0,825.0,8.02,8.03,1,6
2026-08-12T12:00,32.1,31.3,797.0,792.0,7.25,7.87,0,0
2026-08-12T13:00,32.0,31.5,711.0,709.0,7.25,7.9,1,1
2026-08-12T14:00,31.7,31.3,582.0,582.0,7.44,8.22,3,0
2026-08-12T15:00,31.0,30.5,421.0,420.0,8.28,8.35,10,0
2026-08-12T16:00,29.9,29.4,246.0,245.0,8.74,8.59,6,18
2026-08-12T17:00,28.3,27.6,87.0,85.0,9.11,8.89,43,99
2026-08-12T18:00,26.5,26.4,4.0,4.0,9.84,9.73,46,84
2026-08-12T19:00,25.0,25.2,0.0,0.0,10.27,10.57,65,100
2026-08-12T20:00,24.1,24.3,0.0,0.0,10.43,10.53,100,100
2026-08-12T21:00,23.5,23.8,0.0,0.0,10.88,11.44,99,100
2026-08-12T22:00,22.7,23.3,0.0,0.0,10.94,11.3,70,100
2026-08-12T23:00,21.8,22.7,0.0,0.0,10.65,11.12,79,86
2026-08-13T00:00,21.2,22.3,0.0,0.0,9.74,9.92,75,66
2026-08-13T01:00,21.0,21.7,0.0,0.0,9.62,9.51,86,67
2026-08-13T02:00,20.9,21.2,0.0,0.0,8.77,9.7,87,80
2026-08-13T03:00,20.8,20.9,0.0,0.0,9.26,10.39,89,71
2026-08-13T04:00,20.7,21.0,13.0,11.0,9.53,9.76,91,99
2026-08-13T05:00,20.9,21.2,52.0,68.0,9.32,9.65,95,98
2026-08-13T06:00,21.3,21.7,152.0,143.0,8.63,8.26,93,86
2026-08-13T07:00,20.9,22.5,167.0,244.0,8.33,8.26,100,83
2026-08-13T08:00,22.7,23.5,317.0,351.0,6.74,7.88,86,100
2026-08-13T09:00,23.2,24.4,368.0,437.0,6.17,7.34,97,85
2026-08-13T10:00,22.7,25.3,196.0,516.0,4.09,7.1,95,86
2026-08-13T11:00,24.2,26.5,259.0,606.0,4.43,5.56,99,61
2026-08-13T12:00,22.6,26.0,143.0,382.0,1.31,3.89,100,94
2026-08-13T13:00,23.8,26.1,260.0,293.0,1.86,3.6,76,96
2026-08-13T14:00,24.9,26.4,385.0,233.0,2.1,2.91,88,80
2026-08-13T15:00,25.2,26.9,268.0,258.0,1.86,3.33,91,70
2026-08-13T16:00,25.2,26.7,140.0,169.0,1.53,4.51,65,62
2026-08-13T17:00,24.9,26.0,55.0,65.0,1.8,4.92,77,70
2026-08-13T18:00,24.2,24.5,3.0,3.0,1.75,6.27,71,74
2026-08-13T19:00,23.1,23.5,0.0,0.0,3.45,7.48,71,87
2026-08-13T20:00,22.4,22.5,0.0,0.0,7.28,9.01,69,74
2026-08-13T21:00,21.7,21.8,0.0,0.0,9.89,10.58,74,73
2026-08-13T22:00,20.9,20.9,0.0,0.0,8.99,10.2,58,70
2026-08-13T23:00,20.0,19.8,0.0,0.0,10.56,8.74,44,54
2026-08-14T00:00,19.0,17.7,0.0,0.0,10.65,8.46,28,23
2026-08-14T01:00,18.0,16.9,0.0,0.0,10.06,9.21,25,11
2026-08-14T02:00,17.3,16.7,0.0,0.0,9.4,10.29,37,42
2026-08-14T03:00,16.7,16.3,0.0,0.0,8.91,10.31,43,39
2026-08-14T04:00,16.5,16.0,16.0,16.0,9.05,10.63,38,47
2026-08-14T05:00,17.5,17.4,116.0,121.0,8.99,9.6,56,33
2026-08-14T06:00,19.9,20.0,241.0,279.0,5.19,7.23,55,23
2026-08-14T07:00,22.0,22.5,401.0,469.0,4.97,5.16,60,34
2026-08-14T08:00,24.1,24.5,570.0,627.0,4.82,4.98,36,65
2026-08-14T09:00,25.8,26.2,738.0,749.0,5.39,5.04,31,57
2026-08-14T10:00,26.8,27.1,828.0,834.0,5.61,5.18,19,30
2026-08-14T11:00,27.4,27.7,849.0,841.0,5.93,5.38,17,44
2026-08-14T12:00,27.8,27.6,777.0,794.0,5.88,5.0,45,37
2026-08-14T13:00,27.8,27.7,682.0,696.0,5.73,4.89,27,42
2026-08-14T14:00,27.8,27.5,585.0,546.0,5.75,5.04,19,40
2026-08-14T15:00,27.3,27.2,416.0,402.0,5.8,4.78,83,38
2026-08-14T16:00,26.4,26.5,224.0,234.0,5.48,5.33,91,70
2026-08-14T17:00,25.5,25.4,78.0,81.0,4.57,5.11,100,70
2026-08-14T18:00,23.9,23.5,3.0,3.0,5.79,7.5,81,26
2026-08-14T19:00,22.4,22.2,0.0,0.0,6.82,8.5,23,29
2026-08-14T20:00,21.1,21.0,0.0,0.0,6.15,8.05,8,46
2026-08-14T21:00,19.9,19.7,0.0,0.0,5.14,6.99,28,18
2026-08-14T22:00,19.2,18.8,0.0,0.0,4.3,4.86,13,18
2026-08-14T23:00,18.7,18.5,0.0,0.0,2.97,4.68,1,6
2026-08-15T00:00,17.6,18.5,0.0,0.0,1.15,2.27,0,0
2026-08-15T01:00,16.5,17.3,0.0,0.0,1.04,0.75,3,0
2026-08-15T02:00,16.1,16.3,0.0,0.0,2.24,0.81,7,0
2026-08-15T03:00,15.5,15.7,0.0,0.0,3.23,1.58,16,0
2026-08-15T04:00,15.3,15.4,16.0,16.0,3.68,2.58,6,0
2026-08-15T05:00,16.8,16.9,127.0,127.0,4.65,3.2,1,0
2026-08-15T06:00,19.8,19.7,297.0,297.0,5.33,5.36,0,0
2026-08-15T07:00,22.4,22.5,477.0,479.0,3.95,3.67,0,0
2026-08-15T08:00,24.7,24.5,639.0,639.0,4.3,3.54,0,0
2026-08-15T09:00,26.4,26.2,763.0,762.0,3.19,2.59,0,0
2026-08-15T10:00,27.5,27.4,834.0,836.0,3.35,2.94,19,14
2026-08-15T11:00,28.1,28.1,828.0,844.0,3.6,3.42,38,30
2026-08-15T12:00,28.7,28.5,789.0,770.0,3.61,3.38,39,38
2026-08-15T13:00,28.8,28.7,666.0,681.0,3.38,3.51,44,39
2026-08-15T14:00,28.8,28.6,547.0,555.0,3.27,3.51,32,33
2026-08-15T15:00,28.4,28.2,409.0,410.0,3.33,3.59,33,19
2026-08-15T16:00,27.8,27.7,236.0,244.0,3.57,3.33,20,0
2026-08-15T17:00,26.7,26.6,83.0,84.0,3.55,3.46,0,0
2026-08-15T18:00,25.2,25.2,3.0,3.0,4.0,4.08,0,0
2026-08-15T19:00,23.5,23.4,0.0,0.0,4.73,4.75,0,0
2026-08-15T20:00,21.5,21.8,0.0,0.0,9.37,8.32,0,0
2026-08-15T21:00,20.4,20.5,0.0,0.0,9.2,8.53,0,0
2026-08-15T22:00,19.5,19.6,0.0,0.0,7.54,7.36,0,0
2026-08-15T23:00,18.9,19.0,0.0,0.0,6.05,5.92,0,0
2026-08-16T00:00,18.0,18.4,0.0,0.0,4.63,4.04,0,1
2026-08-16T01:00,17.3,18.2,0.0,0.0,1.77,1.9,0,0
2026-08-16T02:00,16.0,16.6,0.0,0.0,0.88,0.79,0,0
2026-08-16T03:00,15.1,15.9,0.0,0.0,2.18,2.35,0,0
2026-08-16T04:00,14.9,15.4,14.0,15.0,2.9,3.02,0,0
2026-08-16T05:00,16.6,17.0,123.0,123.0,2.81,3.04,1,0
2026-08-16T06:00,19.5,19.5,291.0,293.0,2.37,2.98,0,0
2026-08-16T07:00,22.5,22.6,472.0,473.0,1.02,1.27,0,0
2026-08-16T08:00,24.7,24.7,633.0,634.0,1.27,1.92,0,0
2026-08-16T09:00,26.3,26.4,756.0,758.0,1.53,2.11,0,0
2026-08-16T10:00,27.5,27.7,830.0,834.0,1.53,2.14,0,0
2026-08-16T11:00,28.5,28.6,849.0,854.0,1.46,2.08,0,0
2026-08-16T12:00,29.2,29.4,815.0,814.0,1.83,1.39,0,0
2026-08-16T13:00,29.5,29.7,727.0,725.0,1.86,1.52,0,0
2026-08-16T14:00,29.5,29.8,594.0,591.0,1.93,1.71,0,0
2026-08-16T15:00,29.2,29.5,428.0,425.0,2.04,2.18,0,0
2026-08-16T16:00,28.5,28.7,246.0,245.0,2.36,2.84,0,0
2026-08-16T17:00,27.2,27.4,81.0,81.0,2.86,3.38,0,0
2026-08-16T18:00,25.7,25.7,2.0,2.0,3.82,4.21,0,0
2026-08-16T19:00,24.2,24.2,0.0,0.0,3.9,4.34,0,0
2026-08-16T20:00,23.3,23.1,0.0,0.0,3.46,3.94,0,1
2026-08-16T21:00,22.1,22.2,0.0,0.0,3.45,4.08,0,0
2026-08-16T22:00,21.3,21.6,0.0,0.0,3.61,4.22,0,0
2026-08-16T23:00,20.0,20.9,0.0,0.0,4.88,4.51,0,0
2026-08-17T00:00,19.5,20.1,0.0,0.0,4.4,3.11,0,1
2026-08-17T01:00,19.1,19.4,0.0,0.0,3.2,2.79,3,7
2026-08-17T02:00,18.3,18.8,0.0,0.0,3.26,3.04,10,9
2026-08-17T03:00,17.7,17.7,0.0,0.0,3.54,3.69,0,3
2026-08-17T04:00,17.5,17.3,14.0,15.0,4.23,4.16,0,0
2026-08-17T05:00,19.1,19.0,120.0,121.0,4.7,4.74,0,0
2026-08-17T06:00,21.7,21.6,287.0,288.0,4.51,4.7,0,0
2026-08-17T07:00,24.6,24.6,465.0,465.0,2.36,2.7,0,0
2026-08-17T08:00,27.3,27.4,625.0,625.0,2.92,3.21,0,0
2026-08-17T09:00,29.3,29.3,749.0,748.0,3.08,3.35,0,0
2026-08-17T10:00,30.5,30.6,822.0,821.0,3.04,3.18,0,0
2026-08-17T11:00,31.5,31.6,842.0,842.0,2.86,3.16,0,0
2026-08-17T12:00,32.0,32.1,806.0,806.0,2.42,2.67,0,0
2026-08-17T13:00,32.4,32.5,717.0,717.0,2.29,2.59,0,0
2026-08-17T14:00,32.5,32.6,583.0,584.0,2.2,2.29,1,0
2026-08-17T15:00,32.2,32.3,418.0,419.0,2.16,2.22,0,9
2026-08-17T16:00,31.6,31.6,239.0,238.0,2.57,2.59,7,4
2026-08-17T17:00,30.4,30.3,78.0,78.0,3.21,3.15,0,0
2026-08-17T18:00,29.0,28.7,2.0,2.0,3.26,3.64,0,0
2026-08-17T19:00,26.8,26.4,0.0,0.0,3.99,4.93,3,0
2026-08-17T20:00,25.5,25.6,0.0,0.0,4.54,4.59,0,0
2026-08-17T21:00,24.8,24.7,0.0,0.0,5.06,4.0,0,0
2026-08-17T22:00,23.9,22.8,0.0,0.0,5.21,4.69,0,0
2026-08-17T23:00,23.0,22.1,0.0,0.0,5.67,5.45,0,0
2026-08-18T00:00,21.9,21.8,0.0,0.0,5.78,5.08,0,1
2026-08-18T01:00,21.5,21.3,0.0,0.0,4.62,4.02,0,0
2026-08-18T02:00,21.0,20.8,0.0,0.0,3.82,3.37,0,0
2026-08-18T03:00,20.3,20.0,0.0,0.0,3.34,3.53,0,0
2026-08-18T04:00,19.9,19.8,13.0,13.0,3.29,3.19,0,0
2026-08-18T05:00,20.9,20.8,120.0,120.0,3.37,3.33,0,0
2026-08-18T06:00,23.1,23.5,287.0,288.0,3.64,3.55,6,0
2026-08-18T07:00,26.1,26.5,462.0,465.0,2.22,2.18,0,0
2026-08-18T08:00,28.4,29.0,618.0,624.0,2.59,3.12,20,0
2026-08-18T09:00,30.7,31.0,740.0,746.0,3.7,3.47,0,0
2026-08-18T10:00,32.3,32.7,818.0,816.0,4.52,4.74,0,17
2026-08-18T11:00,33.4,33.6,835.0,790.0,5.02,6.09,2,100
2026-08-18T12:00,34.3,34.1,798.0,764.0,5.71,5.31,9,5
2026-08-18T13:00,34.6,34.5,705.0,704.0,6.39,6.17,30,0
2026-08-18T14:00,34.6,34.5,548.0,570.0,7.34,7.65,65,68
2026-08-18T15:00,33.3,32.0,300.0,224.0,9.06,10.45,33,81
2026-08-18T16:00,32.2,30.6,205.0,124.0,8.56,8.47,100,61
2026-08-18T17:00,30.9,30.0,61.0,45.0,7.25,7.46,39,70
2026-08-18T18:00,28.6,27.5,1.0,0.0,3.35,5.82,53,50
2026-08-18T19:00,26.7,26.2,0.0,0.0,7.27,5.44,97,70
2026-08-18T20:00,25.2,25.1,0.0,0.0,5.57,6.53,78,68
2026-08-18T21:00,23.7,23.6,0.0,0.0,8.18,7.53,64,83
2026-08-18T22:00,23.0,22.1,0.0,0.0,9.77,10.21,100,49
2026-08-18T23:00,22.4,21.3,0.0,0.0,7.77,7.65,99,89
2026-08-19T00:00,21.3,21.6,0.0,0.0,5.95,5.44,100,100
2026-08-19T01:00,20.7,21.2,0.0,0.0,4.65,4.67,99,92
2026-08-19T02:00,20.3,20.9,0.0,0.0,4.9,4.54,100,100
2026-08-19T03:00,20.0,20.6,0.0,0.0,4.03,3.69,100,100
2026-08-19T04:00,19.8,20.2,8.0,9.0,3.14,2.98,100,93
2026-08-19T05:00,20.1,20.9,51.0,91.0,2.59,3.24,100,80
2026-08-19T06:00,20.9,20.8,156.0,106.0,1.9,2.71,81,93
2026-08-19T07:00,22.4,22.9,280.0,354.0,1.62,1.37,87,34
2026-08-19T08:00,24.0,25.1,418.0,605.0,1.15,1.15,87,33
2026-08-19T09:00,26.2,26.9,614.0,708.0,1.14,1.77,65,23
2026-08-19T10:00,27.6,28.4,678.0,801.0,1.5,2.85,74,22
2026-08-19T11:00,28.3,29.3,616.0,770.0,1.04,3.55,94,100
2026-08-19T12:00,27.9,29.3,578.0,630.0,1.04,3.38,76,76
2026-08-19T13:00,28.8,29.9,621.0,550.0,1.77,4.06,50,46
2026-08-19T14:00,29.2,30.3,536.0,513.0,2.08,4.16,40,44
2026-08-19T15:00,29.2,30.4,381.0,366.0,2.65,3.76,53,45
2026-08-19T16:00,28.8,30.0,216.0,196.0,2.79,4.22,11,47
2026-08-19T17:00,27.9,28.9,67.0,63.0,2.29,2.95,0,8
2026-08-19T18:00,26.8,26.9,1.0,1.0,2.83,4.8,26,3
2026-08-19T19:00,25.0,25.6,0.0,0.0,3.63,4.57,0,3
2026-08-19T20:00,23.7,24.6,0.0,0.0,4.51,5.09,0,0
2026-08-19T21:00,22.9,23.7,0.0,0.0,5.19,5.87,0,0
2026-08-19T22:00,22.6,22.9,0.0,0.0,5.04,5.87,0,5
2026-08-19T23:00,22.1,22.1,0.0,0.0,3.57,2.97,0,11
2026-08-20T00:00,21.3,20.0,0.0,0.0,5.31,1.46,5,0
2026-08-20T01:00,21.1,19.2,0.0,0.0,3.72,2.27,0,0
2026-08-20T02:00,20.8,18.5,0.0,0.0,2.43,2.31,0,0
2026-08-20T03:00,19.8,17.9,0.0,0.0,1.5,1.8,0,0
2026-08-20T04:00,18.9,17.6,11.0,12.0,1.25,1.23,0,0
2026-08-20T05:00,19.8,19.4,113.0,110.0,1.06,0.2,0,0
2026-08-20T06:00,22.9,22.7,276.0,274.0,1.79,1.47,0,0
2026-08-20T07:00,25.9,26.1,452.0,449.0,0.9,0.9,0,0
2026-08-20T08:00,28.7,29.1,610.0,609.0,1.53,1.57,0,0
2026-08-20T09:00,31.1,31.5,733.0,731.0,1.84,2.59,0,0
2026-08-20T10:00,32.8,33.0,806.0,806.0,2.99,3.46,0,0
2026-08-20T11:00,33.8,34.1,824.0,824.0,3.12,3.23,0,0
2026-08-20T12:00,34.0,34.5,786.0,785.0,2.72,2.86,0,0
2026-08-20T13:00,34.4,34.9,696.0,696.0,2.31,2.63,0,0
2026-08-20T14:00,34.6,35.0,563.0,564.0,2.19,2.28,0,0
2026-08-20T15:00,34.3,34.8,399.0,399.0,2.08,2.0,0,0
2026-08-20T16:00,33.7,34.2,222.0,222.0,2.18,2.36,0,0
2026-08-20T17:00,32.5,32.8,66.0,67.0,2.63,3.63,0,0
2026-08-20T18:00,31.3,30.7,1.0,1.0,2.7,3.51,0,0
2026-08-20T19:00,29.2,28.9,0.0,0.0,2.86,3.88,0,0
2026-08-20T20:00,26.6,27.3,0.0,0.0,9.2,8.24,0,0
2026-08-20T21:00,24.9,25.3,0.0,0.0,8.0,8.16,0,0
2026-08-20T22:00,23.9,24.0,0.0,0.0,6.9,7.04,0,0
2026-08-20T23:00,23.0,23.0,0.0,0.0,6.4,6.01,0,0
2026-08-21T00:00,22.0,22.0,0.0,0.0,5.85,5.46,0,0
2026-08-21T01:00,21.1,21.2,0.0,0.0,4.82,4.24,0,0
2026-08-21T02:00,20.2,20.3,0.0,0.0,3.7,3.35,0,0
2026-08-21T03:00,19.5,19.7,0.0,0.0,2.97,3.29,0,0
2026-08-21T04:00,19.2,19.4,10.0,10.0,3.54,3.32,0,0
2026-08-21T05:00,20.3,20.6,105.0,105.0,3.76,3.73,0,0
2026-08-21T06:00,22.8,22.9,265.0,266.0,3.92,3.63,0,0
2026-08-21T07:00,25.6,25.7,439.0,440.0,2.46,2.61,0,0
2026-08-21T08:00,28.5,28.4,596.0,599.0,2.84,2.87,0,0
2026-08-21T09:00,31.1,31.0,718.0,721.0,3.16,3.34,0,0
2026-08-21T10:00,33.3,33.2,793.0,797.0,3.6,3.86,0,0
2026-08-21T11:00,34.7,34.8,814.0,818.0,3.9,4.24,0,0
2026-08-21T12:00,35.5,35.1,781.0,778.0,3.73,3.86,0,0
2026-08-21T13:00,35.9,35.6,693.0,691.0,4.12,4.13,0,0
2026-08-21T14:00,35.8,35.6,562.0,559.0,4.84,4.69,0,0
2026-08-21T15:00,35.2,35.2,397.0,396.0,5.48,4.96,0,0
2026-08-21T16:00,34.1,34.3,220.0,219.0,6.1,5.46,0,0
2026-08-21T17:00,32.3,32.6,64.0,63.0,7.32,6.5,0,0
2026-08-21T18:00,29.7,29.9,1.0,0.0,9.71,9.66,0,0
2026-08-21T19:00,27.5,27.6,0.0,0.0,9.81,9.71,0,0
2026-08-21T20:00,25.5,25.7,0.0,0.0,8.59,8.67,0,0
2026-08-21T21:00,23.8,23.9,0.0,0.0,8.09,8.18,0,0
2026-08-21T22:00,22.2,22.3,0.0,0.0,7.24,7.49,0,0
2026-08-21T23:00,20.8,21.0,0.0,0.0,7.15,6.56,0,0
2026-08-22T00:00,20.1,19.6,0.0,0.0,6.51,6.39,5,0
2026-08-22T01:00,19.3,18.7,0.0,0.0,6.65,5.49,67,72
2026-08-22T02:00,19.1,18.5,0.0,0.0,4.22,4.91,79,86
2026-08-22T03:00,19.1,18.5,0.0,0.0,3.92,4.37,88,88
2026-08-22T04:00,19.0,18.5,5.0,5.0,3.88,4.54,88,89
2026-08-22T05:00,19.5,19.2,62.0,59.0,4.19,4.88,85,86
2026-08-22T06:00,20.6,20.4,149.0,159.0,3.72,4.56,84,80
2026-08-22T07:00,22.1,21.5,276.0,272.0,2.94,3.76,71,74
2026-08-22T08:00,24.6,23.4,501.0,455.0,2.84,3.46,42,51
2026-08-22T09:00,27.4,25.9,690.0,645.0,2.46,2.95,5,16
2026-08-22T10:00,29.6,28.5,785.0,778.0,1.68,1.96,0,0
2026-08-22T11:00,31.5,30.7,807.0,802.0,1.27,1.19,0,0
2026-08-22T12:00,33.1,32.9,772.0,774.0,1.53,1.46,0,0
2026-08-22T13:00,34.1,33.8,685.0,686.0,1.14,1.12,0,0
2026-08-22T14:00,34.4,34.1,551.0,554.0,1.15,1.06,0,0
2026-08-22T15:00,34.4,34.1,387.0,388.0,1.12,0.96,0,0
2026-08-22T16:00,33.9,33.6,211.0,211.0,1.2,1.02,0,0
2026-08-22T17:00,32.7,32.3,59.0,59.0,1.62,1.61,0,4
2026-08-22T18:00,31.5,30.3,0.0,0.0,2.37,1.27,2,0
2026-08-22T19:00,29.8,28.8,0.0,0.0,2.75,1.8,0,0
2026-08-22T20:00,29.0,27.9,0.0,0.0,2.33,1.71,12,0
2026-08-22T21:00,27.8,27.1,0.0,0.0,1.93,1.47,28,0
2026-08-22T22:00,27.3,26.2,0.0,0.0,1.55,1.55,9,0
2026-08-22T23:00,26.4,25.2,0.0,0.0,1.85,2.35,0,0
2026-08-23T00:00,25.9,24.4,0.0,0.0,6.2,4.09,24,33
2026-08-23T01:00,25.8,23.9,0.0,0.0,5.76,5.8,47,33
2026-08-23T02:00,25.2,23.5,0.0,0.0,6.73,6.76,42,12
2026-08-23T03:00,24.7,23.4,0.0,0.0,6.42,7.49,48,61
2026-08-23T04:00,24.6,23.7,5.0,7.0,8.49,7.61,73,79
2026-08-23T05:00,25.3,23.7,76.0,44.0,9.4,4.79,60,95
2026-08-23T06:00,27.0,25.1,216.0,156.0,8.06,4.59,59,100
2026-08-23T07:00,27.8,26.5,359.0,267.0,7.58,4.87,52,100
2026-08-23T08:00,28.9,28.0,494.0,286.0,7.23,6.45,58,79
2026-08-23T09:00,29.9,30.5,579.0,602.0,6.61,6.49,63,30
2026-08-23T10:00,30.8,32.2,630.0,761.0,5.79,5.13,59,6
2026-08-23T11:00,31.8,33.2,683.0,795.0,5.35,4.52,45,30
2026-08-23T12:00,32.4,33.4,699.0,742.0,3.29,4.09,38,33
2026-08-23T13:00,32.9,33.7,656.0,627.0,2.95,3.55,9,21
2026-08-23T14:00,33.0,33.8,545.0,532.0,2.35,2.94,2,0
2026-08-23T15:00,32.7,33.6,381.0,381.0,1.57,2.65,7,1
2026-08-23T16:00,32.2,33.0,201.0,205.0,1.67,2.46,23,12
2026-08-23T17:00,31.2,31.9,50.0,55.0,2.46,3.21,21,26
2026-08-23T18:00,29.9,30.4,0.0,0.0,3.2,3.88,41,52
2026-08-23T19:00,28.4,29.0,0.0,0.0,3.5,4.9,47,58
2026-08-23T20:00,27.0,28.1,0.0,0.0,5.28,5.69,50,45
2026-08-23T21:00,25.9,27.2,0.0,0.0,5.64,5.94,55,45
2026-08-23T22:00,25.5,26.0,0.0,0.0,6.43,5.29,63,42
2026-08-23T23:00,25.1,25.1,0.0,0.0,6.36,4.72,73,48
2026-08-24T00:00,24.1,24.5,0.0,0.0,7.87,4.86,59,47
2026-08-24T01:00,23.5,23.5,0.0,0.0,7.59,4.82,73,67
2026-08-24T02:00,23.2,23.4,0.0,0.0,9.32,9.29,77,66
2026-08-24T03:00,22.8,23.3,0.0,0.0,9.56,10.73,62,68
2026-08-24T04:00,22.4,23.3,6.0,6.0,9.33,8.81,53,51
2026-08-24T05:00,22.7,23.5,71.0,69.0,7.45,7.62,67,72
2026-08-24T06:00,23.4,24.1,196.0,242.0,6.58,6.15,62,42
2026-08-24T07:00,24.7,25.8,322.0,389.0,6.49,5.48,63,50
2026-08-24T08:00,26.4,27.7,419.0,509.0,5.73,5.3,62,58
2026-08-24T09:00,28.3,29.3,536.0,562.0,5.32,4.82,77,71
2026-08-24T10:00,30.1,30.9,664.0,621.0,4.73,3.43,65,100
2026-08-24T11:00,31.2,32.5,668.0,735.0,3.78,2.81,80,63
2026-08-24T12:00,31.6,33.1,613.0,611.0,2.46,4.09,63,57
2026-08-24T13:00,31.7,33.9,531.0,582.0,2.42,3.05,98,95
2026-08-24T14:00,31.6,33.8,363.0,380.0,2.54,2.63,100,100
2026-08-24T15:00,31.4,32.8,279.0,203.0,2.89,2.41,100,100
2026-08-24T16:00,30.4,30.9,114.0,75.0,2.26,4.5,100,82
2026-08-24T17:00,28.8,29.1,21.0,31.0,0.69,2.23,100,100
2026-08-24T18:00,29.0,22.8,0.0,0.0,3.01,10.05,99,100
2026-08-24T19:00,26.3,22.6,0.0,0.0,4.7,10.04,100,61
2026-08-24T20:00,25.0,22.6,0.0,0.0,6.41,8.25,16,73
2026-08-24T21:00,23.7,22.6,0.0,0.0,4.41,8.93,65,64
2026-08-24T22:00,22.9,22.2,0.0,0.0,4.32,6.96,61,50
2026-08-24T23:00,22.7,21.7,0.0,0.0,3.73,6.3,100,55
2026-08-25T00:00,21.8,21.7,0.0,0.0,4.85,5.4,51,57
2026-08-25T01:00,21.4,21.0,0.0,0.0,4.54,5.2,69,62
2026-08-25T02:00,20.8,20.4,0.0,0.0,4.9,4.91,58,36
2026-08-25T03:00,20.3,19.7,0.0,0.0,5.52,5.1,60,46
2026-08-25T04:00,20.0,19.4,6.0,6.0,5.4,5.01,57,38
2026-08-25T05:00,20.6,20.2,76.0,93.0,5.78,5.7,62,12
2026-08-25T06:00,22.2,22.1,234.0,252.0,4.19,3.73,79,13
2026-08-25T07:00,23.8,24.3,320.0,418.0,4.44,3.94,47,31
2026-08-25T08:00,25.8,26.4,467.0,559.0,4.61,3.59,71,50
2026-08-25T09:00,27.6,28.0,597.0,603.0,4.45,3.23,39,100
2026-08-25T10:00,29.6,29.4,719.0,608.0,4.34,3.47,60,35
2026-08-25T11:00,31.0,31.0,738.0,773.0,4.43,3.81,100,27
2026-08-25T12:00,32.3,32.1,661.0,686.0,4.41,3.08,46,25
2026-08-25T13:00,33.3,33.0,592.0,622.0,4.16,2.84,63,52
2026-08-25T14:00,33.5,33.3,465.0,500.0,3.94,2.83,34,28
2026-08-25T15:00,33.4,33.2,359.0,360.0,3.74,2.77,24,31
2026-08-25T16:00,32.7,32.7,182.0,184.0,4.61,3.07,69,97
2026-08-25T17:00,31.0,31.7,38.0,32.0,8.27,3.6,67,100
2026-08-25T18:00,28.5,29.2,0.0,0.0,9.91,9.65,88,66
2026-08-25T19:00,26.6,27.2,0.0,0.0,10.07,8.78,100,54
2026-08-25T20:00,25.3,25.7,0.0,0.0,9.27,7.62,92,100
2026-08-25T21:00,24.2,24.6,0.0,0.0,7.88,6.86,87,100
2026-08-25T22:00,23.6,23.8,0.0,0.0,6.66,4.99,100,100
2026-08-25T23:00,22.4,23.3,0.0,0.0,5.83,3.81,100,100
2026-08-26T00:00,22.1,22.3,0.0,0.0,4.68,6.02,100,100
2026-08-26T01:00,21.7,21.7,0.0,0.0,4.52,4.08,100,100
2026-08-26T02:00,20.8,20.9,0.0,0.0,5.8,4.48,100,100
2026-08-26T03:00,19.4,20.5,0.0,0.0,8.37,3.78,100,100
2026-08-26T04:00,19.5,20.3,3.0,3.0,6.57,3.33,100,100
2026-08-26T05:00,19.8,20.0,44.0,22.0,4.02,1.55,89,100
2026-08-26T06:00,20.3,20.2,137.0,82.0,2.08,3.74,100,100
2026-08-26T07:00,21.3,20.5,233.0,111.0,1.61,2.02,100,100
2026-08-26T08:00,22.0,20.8,310.0,148.0,0.88,0.79,100,100
2026-08-26T09:00,23.5,21.2,350.0,153.0,1.52,1.18,92,100
2026-08-26T10:00,24.5,23.2,398.0,437.0,2.37,1.77,83,100
2026-08-26T11:00,25.4,25.0,460.0,500.0,3.06,3.29,86,89
2026-08-26T12:00,28.0,27.1,497.0,459.0,1.36,3.85,89,89
2026-08-26T13:00,28.1,27.9,358.0,497.0,2.31,4.03,86,60
2026-08-26T14:00,27.8,28.6,331.0,443.0,2.45,3.0,99,70
2026-08-26T15:00,27.4,28.5,272.0,284.0,2.77,2.37,100,100
2026-08-26T16:00,26.6,27.8,157.0,140.0,3.21,2.16,100,100
2026-08-26T17:00,25.4,27.0,43.0,29.0,3.64,0.97,77,98
2026-08-26T18:00,26.0,24.5,0.0,0.0,3.48,4.27,38,100
2026-08-26T19:00,24.6,23.6,0.0,0.0,4.09,7.91,30,69
2026-08-26T20:00,23.4,21.7,0.0,0.0,4.85,7.25,33,100
2026-08-26T21:00,22.3,20.6,0.0,0.0,5.67,7.41,35,87
2026-08-26T22:00,21.4,20.3,0.0,0.0,7.49,7.6,68,81
2026-08-26T23:00,21.0,19.9,0.0,0.0,8.85,7.37,72,79
2026-08-27T00:00,20.2,20.6,0.0,0.0,8.56,7.77,100,80
2026-08-27T01:00,20.2,19.6,0.0,0.0,8.52,8.34,79,90
2026-08-27T02:00,20.1,19.0,0.0,0.0,7.94,7.99,81,91
2026-08-27T03:00,20.0,18.6,0.0,0.0,7.06,7.58,90,84
2026-08-27T04:00,19.6,18.4,3.0,2.0,6.75,5.98,88,94
2026-08-27T05:00,19.7,19.1,48.0,43.0,5.71,4.81,82,83
2026-08-27T06:00,19.7,20.4,105.0,158.0,6.2,4.67,83,72
2026-08-27T07:00,20.5,21.4,234.0,261.0,5.4,4.37,84,80
2026-08-27T08:00,21.6,22.7,376.0,384.0,4.04,3.72,88,70
2026-08-27T09:00,22.7,24.0,423.0,511.0,3.97,4.65,84,90
2026-08-27T10:00,24.1,24.4,528.0,446.0,3.68,4.74,91,91
2026-08-27T11:00,24.9,24.4,437.0,385.0,3.02,5.23,93,83
2026-08-27T12:00,24.2,28.4,333.0,671.0,3.92,3.44,92,63
2026-08-27T13:00,24.8,27.1,370.0,460.0,2.56,6.5,100,100
2026-08-27T14:00,25.4,26.0,327.0,342.0,2.92,7.27,100,100
2026-08-27T15:00,25.2,25.2,245.0,269.0,4.1,7.77,100,76
2026-08-27T16:00,24.5,23.9,126.0,157.0,5.23,8.0,100,100
2026-08-27T17:00,23.2,22.7,31.0,33.0,7.37,9.02,100,100
2026-08-27T18:00,22.4,22.4,0.0,0.0,7.89,8.06,100,100
2026-08-27T19:00,21.1,21.4,0.0,0.0,8.2,8.06,100,97
2026-08-27T20:00,20.2,20.6,0.0,0.0,7.65,8.19,100,66
2026-08-27T21:00,19.4,19.8,0.0,0.0,7.91,8.11,69,60
2026-08-27T22:00,18.8,19.0,0.0,0.0,7.29,7.49,75,50
2026-08-27T23:00,18.4,18.4,0.0,0.0,7.28,7.58,74,46
2026-08-28T00:00,18.7,17.8,0.0,0.0,7.47,8.12,91,89
2026-08-28T01:00,18.6,17.9,0.0,0.0,7.1,6.78,90,98
2026-08-28T02:00,18.5,18.5,0.0,0.0,6.31,7.53,92,74
2026-08-28T03:00,18.4,18.4,0.0,0.0,6.19,8.28,88,76
2026-08-28T04:00,18.2,18.2,2.0,3.0,7.11,8.41,88,84
2026-08-28T05:00,18.4,18.4,41.0,49.0,7.54,8.77,74,88
2026-08-28T06:00,18.9,19.1,204.0,125.0,5.98,3.97,59,83
2026-08-28T07:00,20.7,20.6,378.0,277.0,6.8,4.19,39,60
2026-08-28T08:00,22.5,22.7,588.0,500.0,6.63,5.01,8,40
2026-08-28T09:00,23.9,24.5,718.0,700.0,6.44,4.81,29,5
2026-08-28T10:00,25.1,25.6,742.0,747.0,6.45,5.2,80,30
2026-08-28T11:00,25.8,26.5,663.0,731.0,6.03,5.06,82,79
2026-08-28T12:00,26.2,26.3,707.0,674.0,5.72,4.74,61,71
2026-08-28T13:00,26.4,26.6,605.0,601.0,6.12,4.59,76,45
2026-08-28T14:00,26.1,26.6,472.0,501.0,6.0,4.96,38,28
2026-08-28T15:00,25.7,26.2,333.0,356.0,6.02,5.27,33,12
2026-08-28T16:00,24.8,25.2,187.0,190.0,6.58,6.4,18,0
2026-08-28T17:00,23.3,24.1,41.0,42.0,7.09,5.94,0,0
2026-08-28T18:00,21.3,21.4,0.0,0.0,7.8,6.57,0,0
2026-08-28T19:00,19.8,20.0,0.0,0.0,8.59,6.53,0,0
2026-08-28T20:00,18.8,19.2,0.0,0.0,7.31,5.04,0,4
2026-08-28T21:00,17.8,18.4,0.0,0.0,6.15,4.34,0,0
2026-08-28T22:00,16.7,17.3,0.0,0.0,6.18,4.47,0,0
2026-08-28T23:00,16.0,16.5,0.0,0.0,6.03,4.57,0,0
2026-08-29T00:00,14.8,16.5,0.0,0.0,6.77,5.85,0,11
2026-08-29T01:00,14.4,16.2,0.0,0.0,6.72,6.17,0,0
2026-08-29T02:00,13.9,15.8,0.0,0.0,6.02,5.61,0,0
2026-08-29T03:00,13.5,15.5,0.0,0.0,5.39,4.86,0,0
2026-08-29T04:00,13.3,15.1,5.0,5.0,5.04,3.9,0,0
2026-08-29T05:00,14.9,16.1,92.0,93.0,4.27,3.51,0,0
2026-08-29T06:00,18.2,18.6,254.0,256.0,2.67,2.86,0,0
2026-08-29T07:00,21.3,21.3,432.0,433.0,1.25,1.18,0,0
2026-08-29T08:00,23.3,23.2,592.0,592.0,1.39,0.9,0,0
2026-08-29T09:00,24.7,24.8,712.0,712.0,1.63,0.81,0,3
2026-08-29T10:00,26.0,26.1,780.0,784.0,1.71,1.12,32,10
2026-08-29T11:00,27.0,27.1,790.0,787.0,1.57,0.96,24,96
2026-08-29T12:00,27.6,27.3,752.0,739.0,1.48,1.81,29,19
2026-08-29T13:00,27.9,27.6,654.0,648.0,1.02,1.28,55,70
2026-08-29T14:00,27.9,27.6,499.0,486.0,0.98,0.69,23,27
2026-08-29T15:00,27.6,27.5,349.0,340.0,0.92,0.93,24,4
2026-08-29T16:00,26.8,26.9,179.0,176.0,1.28,1.06,13,0
2026-08-29T17:00,24.6,25.8,38.0,37.0,1.87,1.5,100,21
2026-08-29T18:00,23.3,24.1,0.0,0.0,1.92,1.8,69,100
2026-08-29T19:00,22.4,23.0,0.0,0.0,1.46,1.77,100,100
2026-08-29T20:00,21.9,22.2,0.0,0.0,0.77,0.53,94,100
2026-08-29T21:00,21.3,21.0,0.0,0.0,0.31,2.06,100,90
2026-08-29T22:00,20.9,20.7,0.0,0.0,0.83,4.53,100,100
2026-08-29T23:00,20.8,20.4,0.0,0.0,1.2,6.86,100,100
2026-08-30T00:00,19.3,17.1,0.0,0.0,3.29,3.15,100,100
2026-08-30T01:00,19.2,16.7,0.0,0.0,5.92,1.27,100,100
2026-08-30T02:00,18.9,16.9,0.0,0.0,4.03,0.9,97,95
2026-08-30T03:00,18.7,16.7,0.0,0.0,2.52,3.46,90,100
2026-08-30T04:00,18.3,16.8,3.0,4.0,2.01,4.31,85,100
2026-08-30T05:00,19.0,17.9,56.0,35.0,2.5,4.16,87,100
2026-08-30T06:00,21.7,20.5,212.0,134.0,1.25,5.53,44,96
2026-08-30T07:00,24.2,21.9,380.0,266.0,0.96,3.04,38,85
2026-08-30T08:00,26.2,24.5,515.0,456.0,1.28,2.64,52,44
2026-08-30T09:00,27.3,26.4,567.0,598.0,1.62,2.07,51,56
2026-08-30T10:00,28.3,27.6,656.0,678.0,1.77,1.68,58,47
2026-08-30T11:00,29.1,28.6,706.0,731.0,1.76,1.58,52,58
2026-08-30T12:00,30.1,29.3,702.0,654.0,1.87,1.58,27,66
2026-08-30T13:00,30.5,29.6,633.0,590.0,1.77,1.86,33,59
2026-08-30T14:00,30.4,29.6,503.0,481.0,1.98,1.79,4,34
2026-08-30T15:00,29.9,29.1,348.0,337.0,2.64,2.26,9,41
2026-08-30T16:00,29.1,28.3,174.0,171.0,2.72,2.81,7,7
2026-08-30T17:00,27.3,26.2,35.0,34.0,2.86,3.75,12,27
2026-08-30T18:00,25.3,24.5,0.0,0.0,4.92,3.59,94,100
2026-08-30T19:00,24.0,23.5,0.0,0.0,4.92,3.45,31,74
2026-08-30T20:00,22.9,22.5,0.0,0.0,6.15,4.13,14,63
2026-08-30T21:00,21.9,21.5,0.0,0.0,6.6,5.52,4,100
2026-08-30T22:00,21.2,21.0,0.0,0.0,6.86,5.88,1,61
2026-08-30T23:00,20.3,20.5,0.0,0.0,5.83,5.53,0,45
2026-08-31T00:00,19.8,19.3,0.0,0.0,4.93,4.5,0,0
2026-08-31T01:00,19.3,18.7,0.0,0.0,3.35,3.46,0,0
2026-08-31T02:00,18.5,17.8,0.0,0.0,2.31,2.36,9,1
2026-08-31T03:00,17.6,17.2,0.0,0.0,1.59,2.97,26,1
2026-08-31T04:00,16.8,16.9,4.0,4.0,2.64,3.64,27,6
2026-08-31T05:00,18.3,18.6,84.0,84.0,3.0,3.67,0,0
2026-08-31T06:00,21.9,22.0,241.0,240.0,3.53,3.54,0,0
2026-08-31T07:00,25.0,24.9,416.0,415.0,1.96,2.26,0,0
2026-08-31T08:00,27.4,27.3,574.0,573.0,2.36,2.48,0,0
2026-08-31T09:00,29.1,29.3,694.0,694.0,2.5,3.11,0,0
2026-08-31T10:00,30.3,30.6,766.0,768.0,2.54,3.13,0,0
2026-08-31T11:00,31.1,31.5,783.0,784.0,2.72,2.91,0,0
2026-08-31T12:00,31.4,32.0,745.0,747.0,2.76,3.38,0,0
2026-08-31T13:00,31.5,32.2,652.0,653.0,3.07,3.38,0,0
2026-08-31T14:00,31.3,31.9,517.0,516.0,3.18,3.6,0,0
2026-08-31T15:00,30.8,31.4,351.0,348.0,3.2,3.9,0,0
2026-08-31T16:00,29.8,30.4,175.0,173.0,3.77,4.25,0,0
2026-08-31T17:00,27.5,27.7,33.0,33.0,5.06,5.59,0,0
2026-08-31T18:00,25.9,25.7,0.0,0.0,6.9,8.13,0,0
2026-08-31T19:00,24.6,24.1,0.0,0.0,9.29,10.27,0,0
2026-08-31T20:00,23.0,22.7,0.0,0.0,9.78,9.49,0,0
2026-08-31T21:00,22.0,21.4,0.0,0.0,8.56,7.78,0,0
2026-08-31T22:00,21.1,20.4,0.0,0.0,7.07,6.47,0,0
2026-08-31T23:00,20.2,19.4,0.0,0.0,5.43,5.3,0,0
2026-09-01T00:00,19.4,18.5,0.0,0.0,5.13,3.98,0,0
2026-09-01T01:00,18.1,17.2,0.0,0.0,2.84,2.97,0,0
2026-09-01T02:00,17.3,16.5,0.0,0.0,2.39,3.26,0,0
2026-09-01T03:00,16.7,15.8,0.0,0.0,2.67,3.23,0,0
2026-09-01T04:00,16.3,15.5,3.0,3.0,3.23,3.38,0,0
2026-09-01T05:00,17.7,17.2,82.0,82.0,2.58,3.45,0,0
2026-09-01T06:00,20.4,20.5,236.0,237.0,2.84,3.4,30,0
2026-09-01T07:00,23.5,23.5,387.0,382.0,1.43,2.39,67,71
2026-09-01T08:00,26.1,25.4,505.0,414.0,1.27,2.56,30,55
2026-09-01T09:00,28.6,27.8,682.0,606.0,1.58,2.2,32,35
2026-09-01T10:00,30.3,29.7,756.0,733.0,1.63,1.84,0,40
2026-09-01T11:00,31.6,31.1,777.0,745.0,1.58,1.24,0,33
2026-09-01T12:00,32.4,32.3,738.0,738.0,1.52,1.98,0,0
2026-09-01T13:00,32.8,32.6,645.0,645.0,2.08,2.18,0,0
2026-09-01T14:00,32.6,32.5,507.0,508.0,2.02,2.21,0,0
2026-09-01T15:00,32.1,32.0,340.0,342.0,2.57,2.36,0,0
2026-09-01T16:00,31.2,31.0,166.0,168.0,2.5,2.78,1,0
2026-09-01T17:00,29.5,29.1,30.0,30.0,1.37,1.47,5,0
2026-09-01T18:00,27.7,27.8,0.0,0.0,1.75,1.31,38,7
2026-09-01T19:00,25.9,26.0,0.0,0.0,3.26,2.9,36,28
2026-09-01T20:00,25.6,24.6,0.0,0.0,3.2,4.35,40,47
2026-09-01T21:00,24.6,24.1,0.0,0.0,2.67,8.21,52,40
2026-09-01T22:00,23.1,23.5,0.0,0.0,5.68,8.8,36,44
2026-09-01T23:00,22.5,23.0,0.0,0.0,6.47,9.34,46,48
2026-09-02T00:00,21.8,20.7,0.0,0.0,6.0,5.92,65,41
2026-09-02T01:00,21.8,20.4,0.0,0.0,6.53,4.95,68,68
2026-09-02T02:00,21.3,20.1,0.0,0.0,7.77,4.3,47,57
2026-09-02T03:00,20.9,20.1,0.0,0.0,9.58,5.66,66,59
2026-09-02T04:00,20.9,20.4,2.0,2.0,8.73,6.11,62,72
2026-09-02T05:00,21.4,21.4,53.0,51.0,8.37,6.01,70,66
2026-09-02T06:00,22.4,22.9,190.0,137.0,3.69,5.4,55,97
2026-09-02T07:00,24.0,24.3,358.0,205.0,3.5,2.32,36,78
2026-09-02T08:00,25.8,25.7,526.0,360.0,4.48,1.8,44,55
2026-09-02T09:00,27.4,27.6,654.0,543.0,4.56,2.5,24,41
2026-09-02T10:00,28.8,29.5,747.0,708.0,4.17,2.47,8,37
2026-09-02T11:00,29.9,30.7,759.0,738.0,3.24,1.77,53,52
2026-09-02T12:00,30.4,31.1,681.0,692.0,2.29,1.86,49,27
2026-09-02T13:00,30.8,31.5,595.0,593.0,1.68,1.38,46,44
2026-09-02T14:00,30.7,31.3,442.0,452.0,1.46,1.71,66,55
2026-09-02T15:00,30.3,30.8,282.0,277.0,2.08,2.67,67,46
2026-09-02T16:00,29.5,29.9,135.0,135.0,2.99,3.29,49,71
2026-09-02T17:00,27.9,28.1,24.0,25.0,4.55,5.0,53,28
2026-09-02T18:00,26.0,26.4,0.0,0.0,5.06,5.53,100,14
2026-09-02T19:00,24.8,25.0,0.0,0.0,4.72,7.06,23,31
2026-09-02T20:00,23.3,23.8,0.0,0.0,4.98,7.18,14,41
2026-09-02T21:00,22.2,22.9,0.0,0.0,5.79,6.24,30,55
2026-09-02T22:00,21.6,22.3,0.0,0.0,4.87,5.54,46,57
2026-09-02T23:00,20.8,21.7,0.0,0.0,4.6,8.72,0,57
2026-09-03T00:00,20.4,20.5,0.0,0.0,5.74,5.3,7,13
2026-09-03T01:00,19.9,20.1,0.0,0.0,5.06,10.03,97,30
2026-09-03T02:00,19.5,19.8,0.0,0.0,4.99,11.04,26,56
2026-09-03T03:00,18.7,19.5,0.0,0.0,5.63,10.08,11,100
2026-09-03T04:00,18.4,19.0,3.0,3.0,7.34,10.03,1,19
2026-09-03T05:00,19.4,19.8,77.0,78.0,8.24,9.13,9,13
2026-09-03T06:00,21.5,21.9,228.0,233.0,6.04,4.68,44,36
2026-09-03T07:00,23.6,23.7,389.0,343.0,5.14,4.51,100,35
2026-09-03T08:00,25.0,25.7,458.0,546.0,4.75,5.07,100,1
2026-09-03T09:00,26.7,26.9,562.0,653.0,4.65,4.44,99,73
2026-09-03T10:00,28.0,27.9,701.0,711.0,4.21,3.9,100,97
2026-09-03T11:00,28.7,28.6,694.0,634.0,3.51,3.63,100,81
2026-09-03T12:00,29.7,29.2,618.0,521.0,2.53,2.3,100,100
2026-09-03T13:00,29.9,28.9,532.0,380.0,2.15,1.77,100,97
2026-09-03T14:00,29.6,28.8,382.0,416.0,2.86,1.92,100,100
2026-09-03T15:00,28.9,28.1,269.0,271.0,3.04,1.67,100,99
2026-09-03T16:00,28.2,27.6,118.0,149.0,3.53,1.86,100,100
2026-09-03T17:00,26.5,26.2,23.0,25.0,4.57,2.6,12,28
2026-09-03T18:00,24.2,24.3,0.0,0.0,3.41,2.91,0,0
2026-09-03T19:00,22.8,22.7,0.0,0.0,3.33,3.48,0,2
2026-09-03T20:00,21.8,21.6,0.0,0.0,3.32,6.23,43,18
2026-09-03T21:00,20.9,21.1,0.0,0.0,4.27,7.32,37,1
2026-09-03T22:00,20.3,20.2,0.0,0.0,5.13,6.97,33,19
2026-09-03T23:00,19.6,19.3,0.0,0.0,5.2,6.36,45,42
2026-09-04T00:00,19.5,18.8,0.0,0.0,5.79,4.7,32,100
2026-09-04T01:00,18.8,18.3,0.0,0.0,5.88,4.03,39,100
2026-09-04T02:00,18.2,17.6,0.0,0.0,5.65,3.33,75,52
2026-09-04T03:00,17.7,17.2,0.0,0.0,5.11,2.7,53,84
2026-09-04T04:00,17.3,16.9,2.0,2.0,3.76,3.18,93,100
2026-09-04T05:00,18.3,17.8,45.0,55.0,3.33,2.51,100,93
2026-09-04T06:00,20.1,20.8,156.0,185.0,1.86,2.37,66,51
2026-09-04T07:00,22.2,23.5,259.0,374.0,0.55,1.27,55,23
2026-09-04T08:00,24.4,25.9,443.0,553.0,1.98,2.07,54,29
2026-09-04T09:00,26.2,27.3,574.0,671.0,2.15,3.38,41,100
2026-09-04T10:00,27.7,28.2,698.0,690.0,2.75,4.43,50,100
2026-09-04T11:00,28.6,28.8,703.0,667.0,3.04,4.27,49,100
2026-09-04T12:00,29.8,29.9,587.0,663.0,2.97,4.02,68,100
2026-09-04T13:00,30.0,29.8,492.0,439.0,3.24,4.06,66,65
2026-09-04T14:00,29.9,29.9,386.0,393.0,3.68,4.27,48,74
2026-09-04T15:00,29.7,29.5,295.0,241.0,3.21,4.59,34,46
2026-09-04T16:00,29.0,29.0,150.0,132.0,1.81,4.43,22,39
2026-09-04T17:00,27.1,27.4,23.0,22.0,0.29,2.66,0,30
2026-09-04T18:00,25.6,25.7,0.0,0.0,1.27,2.29,93,41
2026-09-04T19:00,24.2,24.3,0.0,0.0,2.31,3.45,67,30
2026-09-04T20:00,22.8,23.2,0.0,0.0,3.1,4.44,45,18
2026-09-04T21:00,22.0,22.4,0.0,0.0,4.04,5.37,0,11
2026-09-04T22:00,21.4,21.7,0.0,0.0,3.82,5.7,1,8
2026-09-04T23:00,20.2,20.8,0.0,0.0,3.53,5.66,10,39
2026-09-05T00:00,19.9,19.8,0.0,0.0,5.78,4.77,0,0
2026-09-05T01:00,19.3,19.2,0.0,0.0,5.25,4.8,0,0
2026-09-05T02:00,18.6,18.5,0.0,0.0,4.82,4.8,0,0
2026-09-05T03:00,17.9,17.7,0.0,0.0,5.11,4.68,0,0
2026-09-05T04:00,17.1,17.1,2.0,2.0,5.35,4.74,0,0
2026-09-05T05:00,18.1,18.0,73.0,72.0,5.76,4.59,0,0
2026-09-05T06:00,20.7,19.6,228.0,221.0,5.94,5.1,0,0
2026-09-05T07:00,23.9,23.3,405.0,398.0,3.17,4.25,0,0
2026-09-05T08:00,27.1,26.8,566.0,558.0,3.26,4.77,0,0
2026-09-05T09:00,29.6,29.3,689.0,681.0,3.78,5.55,0,0
2026-09-05T10:00,31.1,31.0,760.0,752.0,4.68,5.73,0,0
2026-09-05T11:00,32.1,32.0,773.0,767.0,4.82,5.4,0,0
2026-09-05T12:00,32.7,33.0,735.0,731.0,4.68,4.57,0,0
2026-09-05T13:00,33.0,33.3,640.0,637.0,4.79,4.87,0,0
2026-09-05T14:00,32.9,33.2,503.0,499.0,4.87,5.15,0,0
2026-09-05T15:00,32.4,32.7,334.0,330.0,4.88,5.27,0,0
2026-09-05T16:00,31.4,31.9,156.0,155.0,4.9,4.84,0,0
2026-09-05T17:00,29.1,29.6,22.0,21.0,4.99,4.89,0,0
2026-09-05T18:00,27.3,27.6,0.0,0.0,4.6,5.98,0,0
2026-09-05T19:00,25.9,26.2,0.0,0.0,4.92,6.69,0,32
2026-09-05T20:00,24.9,25.2,0.0,0.0,4.94,6.58,100,7
2026-09-05T21:00,24.3,24.4,0.0,0.0,5.3,6.69,60,91
2026-09-05T22:00,23.6,24.3,0.0,0.0,7.91,10.05,90,45
2026-09-05T23:00,23.2,23.8,0.0,0.0,7.84,7.31,52,64
2026-09-06T00:00,21.9,23.4,0.0,0.0,6.74,6.74,18,59
2026-09-06T01:00,21.3,22.5,0.0,0.0,7.55,4.95,0,42
2026-09-06T02:00,20.8,21.7,0.0,0.0,6.66,4.96,35,7
2026-09-06T03:00,19.9,20.6,0.0,0.0,8.45,5.3,39,27
2026-09-06T04:00,18.9,19.9,2.0,2.0,7.85,5.5,21,44
2026-09-06T05:00,19.5,20.6,64.0,69.0,6.71,6.65,35,48
2026-09-06T06:00,20.7,21.8,197.0,180.0,3.02,4.19,40,55
2026-09-06T07:00,22.4,23.5,361.0,324.0,1.67,2.86,41,41
2026-09-06T08:00,24.1,25.4,482.0,527.0,0.5,2.51,73,42
2026-09-06T09:00,25.5,26.6,545.0,622.0,1.88,1.58,64,59
2026-09-06T10:00,26.9,27.6,655.0,595.0,4.02,2.59,25,50
2026-09-06T11:00,28.5,28.6,687.0,641.0,6.09,3.9,71,38
2026-09-06T12:00,29.9,30.2,616.0,666.0,5.28,6.91,49,30
2026-09-06T13:00,30.3,30.4,599.0,637.0,9.42,7.81,0,17
2026-09-06T14:00,29.9,30.1,520.0,503.0,10.01,7.6,0,28
2026-09-06T15:00,29.2,29.1,345.0,328.0,9.75,6.23,0,69
2026-09-06T16:00,28.0,28.3,158.0,147.0,6.62,5.62,0,37
2026-09-06T17:00,25.0,25.2,21.0,21.0,8.45,8.81,43,1
2026-09-06T18:00,23.4,23.5,0.0,0.0,10.78,9.36,31,3
2026-09-06T19:00,21.7,21.9,0.0,0.0,8.95,10.29,37,8
2026-09-06T20:00,19.9,20.4,0.0,0.0,8.03,8.23,0,0
2026-09-06T21:00,18.4,19.1,0.0,0.0,8.85,7.14,0,0
2026-09-06T22:00,17.5,18.1,0.0,0.0,8.7,5.39,0,0
2026-09-06T23:00,16.7,17.3,0.0,0.0,8.06,3.7,0,26
2026-09-07T00:00,16.4,15.5,0.0,0.0,7.91,7.19,5,11
2026-09-07T01:00,15.9,15.0,0.0,0.0,8.0,8.04,0,0
2026-09-07T02:00,15.3,14.8,0.0,0.0,8.11,8.99,7,0
2026-09-07T03:00,14.9,14.5,0.0,0.0,8.53,8.95,5,0
2026-09-07T04:00,14.5,14.1,1.0,1.0,7.5,8.14,4,0
2026-09-07T05:00,15.3,15.0,76.0,77.0,4.85,6.76,4,15
2026-09-07T06:00,18.0,18.1,239.0,240.0,4.54,5.06,0,0
2026-09-07T07:00,20.4,20.5,419.0,419.0,4.41,3.35,0,0
2026-09-07T08:00,22.1,22.5,579.0,577.0,4.74,3.22,0,5
2026-09-07T09:00,23.5,23.9,699.0,697.0,3.41,2.61,0,4
2026-09-07T10:00,24.7,25.1,770.0,767.0,2.37,1.41,0,22
2026-09-07T11:00,25.7,25.9,777.0,715.0,0.88,0.89,54,46
2026-09-07T12:00,26.1,26.2,717.0,718.0,1.31,0.63,46,56
2026-09-07T13:00,26.3,26.4,614.0,583.0,1.57,0.98,34,58
2026-09-07T14:00,26.2,26.2,482.0,453.0,1.67,1.15,34,61
2026-09-07T15:00,25.7,25.8,316.0,293.0,1.28,1.11,33,49
2026-09-07T16:00,25.0,25.0,142.0,133.0,1.23,1.1,24,36
2026-09-07T17:00,23.4,23.2,18.0,17.0,1.38,0.44,6,0
2026-09-07T18:00,21.9,21.6,0.0,0.0,2.02,2.67,0,0
2026-09-07T19:00,20.7,19.8,0.0,0.0,3.34,4.06,0,0
2026-09-07T20:00,19.9,19.1,0.0,0.0,3.35,3.85,0,0
2026-09-07T21:00,18.9,18.4,0.0,0.0,3.97,4.03,0,2
2026-09-07T22:00,17.9,17.0,0.0,0.0,4.21,5.04,0,6
2026-09-07T23:00,17.2,16.6,0.0,0.0,4.47,5.28,0,2
2026-09-08T00:00,16.7,14.6,0.0,0.0,4.0,1.69,0,0
2026-09-08T01:00,15.9,13.6,0.0,0.0,2.73,1.83,0,10
2026-09-08T02:00,14.4,12.8,0.0,0.0,1.32,2.21,14,33
2026-09-08T03:00,13.5,12.4,0.0,0.0,1.18,2.26,29,62
2026-09-08T04:00,13.0,12.2,1.0,1.0,1.67,2.27,28,58
2026-09-08T05:00,13.9,13.2,68.0,61.0,1.96,2.67,25,59
2026-09-08T06:00,16.3,16.5,218.0,220.0,2.56,2.04,1,6
2026-09-08T07:00,19.9,20.3,390.0,396.0,1.69,1.0,64,11
2026-09-08T08:00,22.8,23.3,529.0,554.0,1.27,1.2,28,14
2026-09-08T09:00,25.0,25.7,660.0,678.0,2.18,2.31,93,50
2026-09-08T10:00,26.0,27.1,656.0,733.0,2.42,2.75,95,98
2026-09-08T11:00,26.7,27.6,628.0,670.0,2.3,2.16,99,100
2026-09-08T12:00,27.7,27.3,676.0,455.0,2.64,1.87,97,100
2026-09-08T13:00,27.7,27.2,498.0,334.0,2.39,1.75,100,100
2026-09-08T14:00,27.4,27.0,348.0,283.0,2.63,1.9,99,100
2026-09-08T15:00,27.0,26.5,199.0,147.0,2.64,2.33,99,100
2026-09-08T16:00,26.3,25.7,110.0,82.0,3.26,3.84,99,100
2026-09-08T17:00,24.4,23.4,13.0,14.0,3.65,5.41,63,16
2026-09-08T18:00,22.7,22.6,0.0,0.0,4.9,5.69,31,57
2026-09-08T19:00,21.2,21.2,0.0,0.0,5.64,6.48,48,45
2026-09-08T20:00,20.1,20.0,0.0,0.0,6.44,7.0,76,24
2026-09-08T21:00,19.7,18.9,0.0,0.0,6.08,6.23,84,28
2026-09-08T22:00,18.9,18.3,0.0,0.0,4.61,5.21,64,0
2026-09-08T23:00,17.8,17.3,0.0,0.0,4.1,4.39,23,0
2026-09-09T00:00,16.4,16.6,0.0,0.0,5.22,3.81,40,12
2026-09-09T01:00,15.7,15.9,0.0,0.0,5.1,4.09,9,0
2026-09-09T02:00,15.0,15.2,0.0,0.0,4.02,3.9,20,0
2026-09-09T03:00,14.2,14.4,0.0,0.0,3.51,3.29,0,0
2026-09-09T04:00,13.7,13.9,1.0,1.0,3.55,3.47,0,0
2026-09-09T05:00,14.7,14.9,68.0,67.0,3.67,4.28,0,0
2026-09-09T06:00,17.4,17.2,222.0,224.0,4.0,5.04,0,0
2026-09-09T07:00,20.6,20.3,401.0,404.0,2.55,3.04,0,0
2026-09-09T08:00,23.5,23.1,562.0,567.0,3.16,3.67,6,0
2026-09-09T09:00,25.8,25.3,687.0,688.0,3.68,4.06,4,0
2026-09-09T10:00,27.4,26.9,762.0,762.0,3.94,4.13,0,0
2026-09-09T11:00,28.3,27.8,777.0,772.0,4.16,4.12,0,7
2026-09-09T12:00,29.2,28.7,732.0,726.0,4.03,3.9,0,3
2026-09-09T13:00,29.4,29.0,633.0,629.0,4.17,3.68,0,6
2026-09-09T14:00,29.3,29.0,490.0,487.0,4.16,3.78,12,6
2026-09-09T15:00,28.8,28.4,318.0,317.0,4.55,3.86,1,17
2026-09-09T16:00,27.8,27.5,142.0,138.0,4.78,4.35,4,21
2026-09-09T17:00,25.3,25.4,15.0,14.0,6.36,5.73,2,12
2026-09-09T18:00,23.4,23.5,0.0,0.0,8.94,8.08,0,6
2026-09-09T19:00,21.9,21.7,0.0,0.0,9.86,9.59,0,0
2026-09-09T20:00,20.5,20.3,0.0,0.0,8.96,9.68,0,0
2026-09-09T21:00,19.2,19.0,0.0,0.0,8.32,8.86,42,0
2026-09-09T22:00,18.0,17.9,0.0,0.0,7.83,7.82,100,0
2026-09-09T23:00,17.0,16.9,0.0,0.0,6.87,6.93,39,0
2026-09-10T00:00,15.9,15.8,0.0,0.0,4.62,5.68,17,0
2026-09-10T01:00,15.2,15.0,0.0,0.0,4.72,5.06,0,99
2026-09-10T02:00,14.5,14.4,0.0,0.0,4.81,4.61,3,100
2026-09-10T03:00,14.0,14.0,0.0,0.0,4.78,4.9,100,100
2026-09-10T04:00,13.7,13.8,1.0,1.0,5.32,4.8,98,82
2026-09-10T05:00,14.6,14.6,61.0,62.0,5.29,4.71,7,0
2026-09-10T06:00,16.9,17.1,210.0,207.0,4.23,4.64,0,0
2026-09-10T07:00,19.7,20.0,384.0,380.0,1.77,2.02,0,0
2026-09-10T08:00,22.4,22.7,541.0,537.0,1.4,1.68,0,0
2026-09-10T09:00,25.0,25.3,662.0,660.0,1.38,1.38,0,0
2026-09-10T10:00,27.3,27.7,733.0,732.0,1.15,1.33,0,0
2026-09-10T11:00,29.1,29.4,749.0,747.0,0.79,0.35,0,0
2026-09-10T12:00,30.2,30.5,707.0,705.0,0.88,0.69,0,5
2026-09-10T13:00,30.7,31.1,611.0,600.0,0.9,1.19,0,93
2026-09-10T14:00,30.8,31.1,472.0,458.0,0.84,1.02,0,14
2026-09-10T15:00,30.5,30.7,302.0,295.0,0.92,0.44,0,1
2026-09-10T16:00,29.6,29.9,128.0,124.0,1.59,0.29,0,0
2026-09-10T17:00,27.2,27.7,12.0,12.0,2.15,0.9,0,0
2026-09-10T18:00,26.4,25.7,0.0,0.0,1.96,0.53,0,0
2026-09-10T19:00,24.9,24.1,0.0,0.0,2.37,1.31,0,0
2026-09-10T20:00,23.8,23.2,0.0,0.0,3.42,1.39,0,0
2026-09-10T21:00,22.5,22.7,0.0,0.0,3.67,1.58,0,0
2026-09-10T22:00,21.0,21.8,0.0,0.0,3.12,1.97,0,0
2026-09-10T23:00,19.8,20.7,0.0,0.0,3.1,1.18,0,0
2026-09-11T00:00,19.1,19.3,0.0,0.0,2.7,1.66,0,0
2026-09-11T01:00,18.2,17.9,0.0,0.0,2.15,0.88,0,0
2026-09-11T02:00,17.5,17.1,0.0,0.0,1.94,1.88,0,0
2026-09-11T03:00,17.1,16.8,0.0,0.0,2.29,6.55,0,0
2026-09-11T04:00,16.6,16.6,0.0,1.0,2.33,10.18,1,4
2026-09-11T05:00,17.3,17.7,54.0,52.0,4.0,10.48,0,5
2026-09-11T06:00,19.5,19.3,189.0,178.0,5.24,6.88,0,0
2026-09-11T07:00,21.9,21.5,353.0,341.0,3.89,6.3,0,0
2026-09-11T08:00,24.6,23.8,508.0,493.0,3.72,5.55,0,0
2026-09-11T09:00,27.0,25.9,631.0,616.0,3.64,5.16,0,0
2026-09-11T10:00,28.9,27.7,705.0,692.0,3.66,4.54,0,0
2026-09-11T11:00,30.4,29.2,724.0,712.0,4.02,4.23,0,0
2026-09-11T12:00,31.4,30.8,689.0,686.0,4.05,4.61,28,0
2026-09-11T13:00,31.9,31.2,596.0,596.0,3.95,4.7,67,0
2026-09-11T14:00,32.1,31.3,461.0,461.0,4.3,4.63,3,0
2026-09-11T15:00,31.6,30.8,300.0,297.0,4.96,5.04,1,0
2026-09-11T16:00,30.3,29.7,126.0,124.0,5.59,5.13,8,0
2026-09-11T17:00,28.0,27.4,11.0,11.0,7.86,6.9,7,0
2026-09-11T18:00,26.4,26.1,0.0,0.0,8.94,9.53,13,0
2026-09-11T19:00,24.8,24.5,0.0,0.0,9.7,8.58,0,0
2026-09-11T20:00,23.2,23.1,0.0,0.0,8.52,9.77,77,0
2026-09-11T21:00,21.7,21.7,0.0,0.0,7.77,8.24,18,0
2026-09-11T22:00,20.3,20.0,0.0,0.0,5.42,7.22,10,29
2026-09-11T23:00,19.1,18.8,0.0,0.0,4.82,5.62,51,21
2026-09-12T00:00,18.0,17.8,0.0,0.0,5.53,5.1,52,38
2026-09-12T01:00,17.4,16.9,0.0,0.0,6.1,5.2,68,74
2026-09-12T02:00,16.7,16.4,0.0,0.0,5.4,5.59,58,95
2026-09-12T03:00,16.1,15.9,0.0,0.0,4.78,5.78,77,100
2026-09-12T04:00,16.1,15.6,0.0,0.0,4.71,6.06,96,100
2026-09-12T05:00,16.8,16.4,32.0,41.0,3.04,4.62,91,100
2026-09-12T06:00,18.4,18.6,146.0,151.0,1.2,1.4,100,99
2026-09-12T07:00,19.9,20.4,195.0,250.0,0.6,0.84,100,96
2026-09-12T08:00,21.6,21.9,285.0,303.0,1.11,1.18,99,100
2026-09-12T09:00,22.9,23.3,325.0,344.0,1.14,2.55,100,100
2026-09-12T10:00,22.9,24.7,251.0,467.0,2.26,2.02,100,98
2026-09-12T11:00,23.6,25.5,319.0,483.0,2.66,2.05,100,100
2026-09-12T12:00,27.4,23.6,507.0,219.0,2.37,3.1,100,100
2026-09-12T13:00,27.5,23.4,355.0,148.0,2.2,1.8,84,100
2026-09-12T14:00,27.7,23.6,272.0,145.0,3.12,1.52,72,100
2026-09-12T15:00,27.3,22.9,190.0,106.0,3.56,2.76,70,100
2026-09-12T16:00,26.6,22.0,75.0,37.0,3.87,2.76,99,100
2026-09-12T17:00,24.3,20.7,5.0,2.0,6.0,3.15,96,100
2026-09-12T18:00,21.5,20.7,0.0,0.0,7.99,2.5,100,99
2026-09-12T19:00,19.0,20.3,0.0,0.0,7.94,2.63,100,100
2026-09-12T20:00,17.5,19.9,0.0,0.0,6.2,2.82,100,100
2026-09-12T21:00,16.7,19.6,0.0,0.0,5.21,4.5,100,100
2026-09-12T22:00,16.3,18.9,0.0,0.0,4.53,3.08,100,100
2026-09-12T23:00,16.2,18.1,0.0,0.0,5.4,3.34,99,100
2026-09-13T00:00,17.4,17.6,0.0,0.0,5.08,4.55,100,100
2026-09-13T01:00,16.9,16.3,0.0,0.0,5.02,3.29,99,100
2026-09-13T02:00,16.5,15.3,0.0,0.0,3.63,5.95,100,100
2026-09-13T03:00,16.0,15.1,0.0,0.0,2.59,8.47,100,100
2026-09-13T04:00,15.4,15.0,0.0,0.0,4.37,8.34,100,100
2026-09-13T05:00,15.7,15.8,40.0,38.0,4.98,6.88,100,100
2026-09-13T06:00,17.0,16.4,124.0,109.0,4.16,4.7,100,100
2026-09-13T07:00,18.4,17.0,237.0,196.0,4.26,3.93,100,100
2026-09-13T08:00,19.5,17.9,348.0,323.0,3.71,3.09,86,100
2026-09-13T09:00,20.4,18.7,484.0,385.0,2.88,2.33,73,91
2026-09-13T10:00,21.4,19.6,514.0,439.0,1.77,1.67,82,86
2026-09-13T11:00,21.8,19.6,384.0,307.0,1.74,1.84,94,100
2026-09-13T12:00,22.3,19.7,282.0,273.0,1.81,2.91,90,93
2026-09-13T13:00,22.6,19.8,267.0,276.0,1.89,2.79,81,67
2026-09-13T14:00,22.7,20.5,286.0,345.0,2.19,1.18,66,33
2026-09-13T15:00,22.4,20.6,195.0,262.0,2.36,1.27,52,27
2026-09-13T16:00,21.6,20.1,85.0,104.0,2.71,2.24,51,57
2026-09-13T17:00,20.3,19.4,7.0,7.0,4.56,2.5,81,90
2026-09-13T18:00,17.4,18.6,0.0,0.0,4.29,4.08,88,79
2026-09-13T19:00,16.8,17.4,0.0,0.0,3.15,3.07,96,100
2026-09-13T20:00,16.4,17.1,0.0,0.0,2.67,1.93,97,69
2026-09-13T21:00,16.2,16.4,0.0,0.0,1.98,2.52,95,58
2026-09-13T22:00,15.8,15.9,0.0,0.0,3.04,2.02,65,45
2026-09-13T23:00,15.6,15.3,0.0,0.0,4.04,2.18,64,32
2026-09-14T00:00,15.2,15.6,0.0,0.0,3.98,3.52,100,76
2026-09-14T01:00,14.9,15.4,0.0,0.0,3.53,3.69,67,70
2026-09-14T02:00,14.5,15.1,0.0,0.0,3.53,4.12,66,66
2026-09-14T03:00,14.2,14.8,0.0,0.0,3.55,3.51,68,41
2026-09-14T04:00,13.9,14.3,0.0,0.0,3.66,3.53,75,7
2026-09-14T05:00,14.1,14.4,43.0,53.0,4.4,4.25,71,3
2026-09-14T06:00,14.9,15.6,174.0,162.0,4.52,2.95,49,71
2026-09-14T07:00,16.8,17.5,345.0,292.0,2.0,2.6,41,72
2026-09-14T08:00,18.7,19.2,468.0,428.0,1.86,2.92,66,61
2026-09-14T09:00,20.2,20.8,546.0,575.0,2.18,2.05,71,74
2026-09-14T10:00,21.4,21.9,612.0,536.0,2.11,2.15,68,67
2026-09-14T11:00,22.2,22.9,587.0,586.0,1.97,1.97,82,75
2026-09-14T12:00,23.0,24.2,503.0,632.0,1.5,3.02,78,18
2026-09-14T13:00,23.5,24.6,431.0,585.0,1.39,2.67,79,2
2026-09-14T14:00,23.8,24.6,339.0,441.0,1.18,2.75,80,55
2026-09-14T15:00,23.5,24.0,196.0,240.0,0.96,3.15,88,73
2026-09-14T16:00,23.0,23.1,77.0,83.0,0.71,2.79,67,60
2026-09-14T17:00,21.8,21.6,6.0,6.0,2.31,2.26,60,56
2026-09-14T18:00,19.7,20.5,0.0,0.0,6.49,0.49,73,50
2026-09-14T19:00,18.6,19.0,0.0,0.0,6.84,4.35,64,73
2026-09-14T20:00,18.1,18.6,0.0,0.0,6.42,2.7,85,78
2026-09-14T21:00,17.8,17.8,0.0,0.0,5.96,2.67,77,64
2026-09-14T22:00,17.5,17.3,0.0,0.0,5.48,4.42,71,60
2026-09-14T23:00,17.2,16.9,0.0,0.0,4.45,5.0,78,70
2026-09-15T00:00,16.9,17.2,0.0,0.0,5.35,4.54,65,100
2026-09-15T01:00,16.6,16.5,0.0,0.0,5.73,4.43,63,100
2026-09-15T02:00,16.2,16.1,0.0,0.0,5.15,4.51,87,100
2026-09-15T03:00,15.9,15.8,0.0,0.0,5.1,4.31,100,100
2026-09-15T04:00,15.6,15.6,0.0,0.0,4.84,4.13,100,100
2026-09-15T05:00,15.7,15.8,29.0,32.0,4.37,3.38,100,100
2026-09-15T06:00,16.2,16.7,156.0,128.0,3.53,3.27,99,81
2026-09-15T07:00,18.1,17.9,297.0,202.0,2.57,2.31,99,100
2026-09-15T08:00,19.7,18.7,411.0,234.0,2.59,2.54,99,86
2026-09-15T09:00,21.2,20.3,555.0,474.0,2.22,2.54,97,72
2026-09-15T10:00,22.2,21.7,615.0,620.0,1.81,2.06,68,66
2026-09-15T11:00,22.7,22.4,500.0,532.0,1.28,1.31,97,100
2026-09-15T12:00,23.9,23.4,484.0,371.0,0.71,0.5,100,92
2026-09-15T13:00,24.3,23.8,417.0,364.0,0.28,1.43,100,74
2026-09-15T14:00,23.7,23.9,111.0,376.0,1.47,1.58,100,67
2026-09-15T15:00,22.9,23.5,98.0,216.0,2.71,1.77,71,98
2026-09-15T16:00,22.2,22.8,88.0,79.0,3.15,2.25,34,77
2026-09-15T17:00,20.9,21.6,6.0,6.0,3.74,2.98,36,99
2026-09-15T18:00,20.6,19.6,0.0,0.0,3.43,4.51,86,70
2026-09-15T19:00,19.4,18.6,0.0,0.0,4.86,5.26,66,78
2026-09-15T20:00,18.4,18.2,0.0,0.0,6.27,5.19,68,87
2026-09-15T21:00,18.0,17.7,0.0,0.0,5.47,4.91,77,77
2026-09-15T22:00,17.8,17.4,0.0,0.0,4.02,3.78,94,75
2026-09-15T23:00,17.6,17.3,0.0,0.0,3.05,2.29,82,78
2026-09-16T00:00,15.4,17.8,0.0,0.0,1.33,3.4,63,79
2026-09-16T01:00,14.8,17.5,0.0,0.0,1.4,2.5,69,78
2026-09-16T02:00,14.7,16.9,0.0,0.0,1.47,2.76,73,53
2026-09-16T03:00,14.5,16.2,0.0,0.0,0.77,2.55,80,34
2026-09-16T04:00,14.1,15.3,0.0,0.0,0.53,2.94,58,19
2026-09-16T05:00,14.3,15.3,42.0,46.0,0.6,2.69,45,8
2026-09-16T06:00,15.9,16.3,172.0,158.0,2.39,1.45,2,51
2026-09-16T07:00,18.6,18.5,337.0,326.0,2.85,1.41,4,30
2026-09-16T08:00,21.0,20.6,495.0,493.0,1.57,0.88,0,20
2026-09-16T09:00,22.7,22.1,617.0,617.0,1.4,0.75,0,10
2026-09-16T10:00,23.7,23.3,625.0,690.0,1.0,0.71,74,25
2026-09-16T11:00,24.1,24.0,538.0,632.0,1.28,0.78,65,55
2026-09-16T12:00,25.4,25.4,539.0,581.0,1.04,1.08,69,67
2026-09-16T13:00,25.8,25.4,501.0,452.0,1.36,1.28,80,72
2026-09-16T14:00,25.6,25.2,367.0,328.0,1.53,1.46,90,70
2026-09-16T15:00,25.0,24.8,210.0,223.0,2.45,2.41,75,37
2026-09-16T16:00,23.9,23.6,82.0,88.0,3.27,4.21,40,39
2026-09-16T17:00,22.0,21.8,5.0,4.0,4.55,5.62,55,27
2026-09-16T18:00,20.8,20.4,0.0,0.0,7.36,5.0,66,35
2026-09-16T19:00,19.9,19.4,0.0,0.0,7.55,5.11,73,44
2026-09-16T20:00,19.4,18.7,0.0,0.0,7.23,5.0,68,44
2026-09-16T21:00,18.8,18.0,0.0,0.0,6.34,4.81,72,33
2026-09-16T22:00,18.1,17.5,0.0,0.0,5.83,3.86,62,54
2026-09-16T23:00,17.5,17.1,0.0,0.0,4.77,2.36,75,67
2026-09-17T00:00,16.4,15.7,0.0,0.0,2.91,2.45,73,60
2026-09-17T01:00,15.9,15.2,0.0,0.0,2.24,1.9,67,57
2026-09-17T02:00,15.5,14.8,0.0,0.0,1.88,1.73,76,31
2026-09-17T03:00,15.2,14.2,0.0,0.0,2.46,1.46,53,8
2026-09-17T04:00,14.9,13.7,0.0,0.0,2.64,1.39,53,1
2026-09-17T05:00,15.2,13.7,39.0,43.0,2.61,1.33,42,0
2026-09-17T06:00,16.5,15.8,161.0,163.0,2.34,2.15,32,47
2026-09-17T07:00,18.9,18.3,329.0,312.0,1.59,2.55,19,46
2026-09-17T08:00,21.4,20.5,490.0,456.0,1.71,1.96,3,34
2026-09-17T09:00,23.4,22.2,615.0,598.0,2.36,2.22,0,0
2026-09-17T10:00,24.6,23.4,688.0,695.0,2.07,2.02,0,0
2026-09-17T11:00,25.5,24.2,698.0,708.0,1.69,1.69,34,17
2026-09-17T12:00,26.5,25.9,578.0,656.0,1.67,2.16,62,38
2026-09-17T13:00,26.6,26.0,470.0,555.0,1.49,2.26,57,27
2026-09-17T14:00,26.5,25.8,340.0,421.0,1.46,2.45,73,22
2026-09-17T15:00,26.0,25.2,205.0,255.0,2.47,2.75,65,7
2026-09-17T16:00,24.9,24.3,79.0,92.0,3.88,3.65,22,1
2026-09-17T17:00,22.7,22.2,3.0,4.0,5.08,5.0,16,7
2026-09-17T18:00,21.2,20.6,0.0,0.0,5.63,5.14,36,35
2026-09-17T19:00,20.1,19.6,0.0,0.0,5.66,5.22,45,61
2026-09-17T20:00,19.4,19.1,0.0,0.0,5.7,5.92,65,52
2026-09-17T21:00,18.9,18.3,0.0,0.0,5.82,6.36,59,27
2026-09-17T22:00,18.3,17.5,0.0,0.0,5.69,5.98,26,8
2026-09-17T23:00,17.5,16.9,0.0,0.0,5.02,4.53,30,17
2026-09-18T00:00,16.7,17.1,0.0,0.0,2.54,3.63,5,5
2026-09-18T01:00,16.0,16.4,0.0,0.0,1.88,2.37,9,0
2026-09-18T02:00,15.4,15.8,0.0,0.0,1.94,2.27,0,1
2026-09-18T03:00,14.9,15.5,0.0,0.0,1.96,2.16,7,11
2026-09-18T04:00,14.4,15.2,0.0,0.0,1.96,2.42,4,19
2026-09-18T05:00,14.7,15.4,43.0,42.0,1.88,2.64,9,31
2026-09-18T06:00,16.7,17.4,162.0,170.0,1.96,2.04,84,5
2026-09-18T07:00,19.5,20.4,314.0,329.0,2.65,2.36,86,4
2026-09-18T08:00,22.2,23.1,473.0,483.0,1.37,1.61,72,21
2026-09-18T09:00,24.5,25.2,599.0,601.0,1.67,1.59,9,64
2026-09-18T10:00,26.2,26.7,679.0,669.0,2.09,1.36,0,16
2026-09-18T11:00,27.1,27.7,694.0,682.0,2.23,1.52,4,38
2026-09-18T12:00,28.1,28.1,621.0,651.0,2.22,1.85,8,6
2026-09-18T13:00,28.3,28.2,551.0,555.0,2.1,2.2,56,2
2026-09-18T14:00,28.1,27.9,414.0,414.0,1.9,2.37,12,5
2026-09-18T15:00,27.5,27.3,249.0,247.0,1.95,2.88,2,1
2026-09-18T16:00,26.5,26.1,87.0,85.0,2.95,4.22,0,7
2026-09-18T17:00,23.9,23.9,4.0,4.0,4.52,5.74,24,11
2026-09-18T18:00,22.6,22.8,0.0,0.0,5.56,6.36,31,2
2026-09-18T19:00,21.4,21.6,0.0,0.0,5.73,6.09,41,16
2026-09-18T20:00,20.5,20.5,0.0,0.0,6.44,6.2,39,22
2026-09-18T21:00,19.5,19.6,0.0,0.0,5.81,6.61,12,15
2026-09-18T22:00,18.6,18.9,0.0,0.0,5.5,5.79,2,15
2026-09-18T23:00,17.9,18.5,0.0,0.0,3.92,3.48,0,9
2026-09-19T00:00,16.7,17.3,0.0,0.0,2.33,2.04,5,20
2026-09-19T01:00,15.1,16.2,0.0,0.0,0.77,1.27,18,95
2026-09-19T02:00,14.0,15.4,0.0,0.0,0.31,0.4,25,100
2026-09-19T03:00,13.6,15.3,0.0,0.0,0.6,0.5,12,85
2026-09-19T04:00,13.3,15.1,0.0,0.0,1.0,0.2,0,36
2026-09-19T05:00,13.8,15.8,40.0,38.0,1.06,0.98,21,30
2026-09-19T06:00,16.4,17.6,159.0,161.0,1.58,1.27,34,0
2026-09-19T07:00,19.6,20.8,316.0,322.0,1.53,1.36,23,0
2026-09-19T08:00,22.8,24.0,469.0,477.0,1.1,0.98,100,10
2026-09-19T09:00,25.1,26.3,579.0,596.0,1.27,1.28,100,10
2026-09-19T10:00,26.8,28.0,638.0,670.0,1.47,1.18,100,0
2026-09-19T11:00,27.8,29.1,641.0,685.0,1.1,1.36,100,0
2026-09-19T12:00,28.3,29.4,528.0,626.0,0.98,0.71,100,51
2026-09-19T13:00,28.5,29.6,411.0,501.0,1.19,1.04,84,85
2026-09-19T14:00,28.5,29.5,362.0,345.0,1.1,0.98,58,100
2026-09-19T15:00,27.9,28.7,224.0,181.0,1.86,1.69,49,98
2026-09-19T16:00,26.5,27.5,77.0,68.0,3.43,2.75,12,58
2026-09-19T17:00,24.0,25.0,2.0,2.0,4.61,3.43,2,84
2026-09-19T18:00,22.4,23.1,0.0,0.0,7.94,7.06,3,98
2026-09-19T19:00,21.1,21.8,0.0,0.0,8.12,7.63,71,100
2026-09-19T20:00,20.3,20.9,0.0,0.0,7.48,7.37,97,94
2026-09-19T21:00,19.4,20.1,0.0,0.0,6.0,5.98,95,76
2026-09-19T22:00,18.4,19.2,0.0,0.0,4.68,3.73,46,47
2026-09-19T23:00,17.5,18.4,0.0,0.0,3.69,3.83,42,44
2026-09-20T00:00,16.9,17.4,0.0,0.0,3.34,4.9,39,51
2026-09-20T01:00,16.4,16.8,0.0,0.0,3.38,4.61,73,28
2026-09-20T02:00,16.0,16.2,0.0,0.0,3.42,4.52,46,42
2026-09-20T03:00,15.8,15.7,0.0,0.0,3.66,4.08,48,57
2026-09-20T04:00,15.5,15.6,0.0,0.0,3.66,4.42,42,70
2026-09-20T05:00,16.0,16.4,31.0,27.0,3.67,5.02,46,71
2026-09-20T06:00,18.1,18.1,130.0,121.0,4.55,3.87,64,50
2026-09-20T07:00,20.4,20.6,261.0,266.0,2.37,3.46,48,49
2026-09-20T08:00,22.7,22.9,425.0,394.0,2.08,2.17,50,71
2026-09-20T09:00,24.5,24.4,534.0,448.0,1.67,1.87,52,58
2026-09-20T10:00,25.7,25.8,583.0,550.0,1.36,1.58,45,54
2026-09-20T11:00,26.7,26.9,617.0,605.0,1.12,1.01,36,61
2026-09-20T12:00,28.3,27.8,555.0,572.0,1.1,1.68,67,46
2026-09-20T13:00,28.5,28.0,447.0,466.0,1.28,1.71,75,57
2026-09-20T14:00,28.4,27.8,340.0,329.0,2.02,1.61,65,61
2026-09-20T15:00,27.8,27.3,209.0,190.0,2.39,1.61,82,98
2026-09-20T16:00,26.6,26.3,63.0,59.0,3.11,2.36,57,21
2026-09-20T17:00,24.3,24.0,2.0,2.0,4.19,3.25,9,24
2026-09-20T18:00,23.2,22.7,0.0,0.0,4.9,3.45,52,69
2026-09-20T19:00,22.0,21.9,0.0,0.0,5.85,3.77,29,66
2026-09-20T20:00,21.0,21.4,0.0,0.0,6.06,4.08,42,70
2026-09-20T21:00,20.7,20.6,0.0,0.0,6.44,3.73,82,33
2026-09-20T22:00,20.6,19.9,0.0,0.0,5.99,3.14,54,69
2026-09-20T23:00,20.1,19.6,0.0,0.0,4.73,2.71,8,58
2026-09-21T00:00,18.1,17.9,0.0,0.0,1.74,1.39,42,30
2026-09-21T01:00,17.7,17.0,0.0,0.0,2.29,1.5,47,31
2026-09-21T02:00,17.6,16.2,0.0,0.0,2.72,2.24,40,13
2026-09-21T03:00,17.4,16.1,0.0,0.0,2.69,2.29,39,49
2026-09-21T04:00,17.1,16.0,0.0,0.0,3.42,2.46,71,72
2026-09-21T05:00,17.4,16.4,23.0,25.0,4.08,2.76,88,97
2026-09-21T06:00,19.1,18.0,114.0,90.0,5.06,3.74,66,99
2026-09-21T07:00,21.6,20.5,235.0,194.0,3.89,4.08,100,100
2026-09-21T08:00,22.9,22.3,283.0,272.0,3.94,3.35,100,100
2026-09-21T09:00,24.0,23.6,354.0,283.0,4.21,4.21,74,100
2026-09-21T10:00,26.1,25.2,551.0,427.0,4.66,4.35,56,100
2026-09-21T11:00,28.0,25.2,563.0,290.0,6.44,4.9,71,100
2026-09-21T12:00,28.9,24.8,568.0,216.0,7.44,7.67,58,100
2026-09-21T13:00,28.4,23.0,476.0,141.0,8.08,5.14,68,100
2026-09-21T14:00,28.0,23.4,318.0,149.0,9.74,5.88,100,100
2026-09-21T15:00,27.0,23.6,169.0,143.0,9.18,7.57,100,100
2026-09-21T16:00,25.6,22.8,58.0,56.0,9.73,7.28,100,100
2026-09-21T17:00,22.0,20.8,1.0,1.0,8.04,6.54,99,2
2026-09-21T18:00,20.2,19.4,0.0,0.0,8.37,10.72,100,100
2026-09-21T19:00,18.4,17.0,0.0,0.0,6.77,7.05,78,94
2026-09-21T20:00,16.4,15.9,0.0,0.0,5.74,5.7,55,100
2026-09-21T21:00,15.3,15.1,0.0,0.0,6.01,4.02,69,76
2026-09-21T22:00,14.6,14.4,0.0,0.0,5.22,3.82,57,69
2026-09-21T23:00,13.9,13.9,0.0,0.0,4.53,3.33,48,76
2026-09-22T00:00,13.3,13.8,0.0,0.0,3.14,0.79,88,55
2026-09-22T01:00,12.7,13.4,0.0,0.0,0.97,1.1,79,81
2026-09-22T02:00,12.4,12.9,0.0,0.0,3.79,2.63,70,86
2026-09-22T03:00,12.0,12.9,0.0,0.0,5.78,3.05,45,74
2026-09-22T04:00,11.0,12.8,0.0,0.0,5.57,2.94,56,79
2026-09-22T05:00,11.3,12.9,36.0,26.0,4.14,2.26,72,84
2026-09-22T06:00,13.2,14.1,144.0,100.0,3.72,3.28,62,88
2026-09-22T07:00,15.6,15.5,309.0,206.0,2.2,3.0,45,62
2026-09-22T08:00,17.3,17.0,446.0,381.0,3.14,3.7,60,77
2026-09-22T09:00,18.5,17.2,520.0,430.0,3.37,3.49,51,69
2026-09-22T10:00,18.9,17.8,558.0,499.0,3.77,1.88,68,67
2026-09-22T11:00,19.2,19.1,595.0,521.0,3.07,0.53,51,58
2026-09-22T12:00,19.0,19.6,515.0,435.0,2.64,1.84,77,92
2026-09-22T13:00,18.1,18.5,330.0,327.0,3.18,1.97,80,100
2026-09-22T14:00,17.6,18.1,268.0,248.0,1.59,1.8,100,99
2026-09-22T15:00,17.2,17.7,183.0,181.0,1.4,2.0,56,100
2026-09-22T16:00,16.6,16.9,66.0,54.0,1.39,2.57,6,100
2026-09-22T17:00,14.9,16.0,1.0,1.0,2.22,2.2,9,100
2026-09-22T18:00,14.0,14.8,0.0,0.0,2.75,2.75,46,100
2026-09-22T19:00,12.9,13.6,0.0,0.0,6.49,4.46,67,100
2026-09-22T20:00,12.3,13.0,0.0,0.0,6.38,5.19,100,100
2026-09-22T21:00,11.5,12.7,0.0,0.0,1.8,6.57,100,100
2026-09-22T22:00,11.3,12.4,0.0,0.0,0.88,3.73,100,100
2026-09-22T23:00,11.1,11.5,0.0,0.0,3.64,1.73,100,100
2026-09-23T00:00,9.9,10.8,0.0,0.0,5.55,1.47,98,100
2026-09-23T01:00,9.3,10.7,0.0,0.0,4.23,1.84,41,100
2026-09-23T02:00,9.1,10.4,0.0,0.0,2.85,3.8,53,93
2026-09-23T03:00,8.6,10.3,0.0,0.0,1.43,4.64,86,79
2026-09-23T04:00,8.5,10.2,0.0,0.0,1.15,5.59,76,84
2026-09-23T05:00,8.7,10.4,32.0,23.0,1.52,5.98,65,75
2026-09-23T06:00,11.4,12.1,116.0,129.0,1.32,5.79,73,65
2026-09-23T07:00,14.2,13.9,284.0,266.0,3.19,3.92,60,63
2026-09-23T08:00,15.9,15.7,420.0,407.0,2.77,4.65,66,62
2026-09-23T09:00,16.8,17.1,496.0,544.0,2.88,5.7,57,100
2026-09-23T10:00,17.1,17.2,599.0,586.0,4.08,5.35,62,85
2026-09-23T11:00,17.7,18.0,584.0,602.0,3.64,5.08,45,67
2026-09-23T12:00,18.3,17.2,542.0,413.0,4.54,5.11,67,72
2026-09-23T13:00,18.4,18.1,423.0,436.0,3.77,4.13,46,75
2026-09-23T14:00,18.8,18.2,374.0,351.0,2.35,3.04,66,82
2026-09-23T15:00,18.6,18.1,229.0,212.0,1.38,2.08,36,29
2026-09-23T16:00,17.7,17.4,68.0,70.0,0.28,0.79,50,14
2026-09-23T17:00,16.0,15.7,0.0,0.0,1.67,0.97,42,2
2026-09-23T18:00,14.6,13.8,0.0,0.0,2.97,3.07,89,54
2026-09-23T19:00,13.5,13.0,0.0,0.0,2.76,2.57,65,48
2026-09-23T20:00,12.4,12.5,0.0,0.0,3.95,1.87,63,52
2026-09-23T21:00,12.1,11.3,0.0,0.0,5.83,2.89,66,9
2026-09-23T22:00,11.9,10.6,0.0,0.0,5.31,4.88,72,11
2026-09-23T23:00,11.5,10.7,0.0,0.0,5.33,3.33,100,84
2026-09-24T00:00,12.4,10.4,0.0,0.0,2.42,4.53,99,17
2026-09-24T01:00,11.9,9.9,0.0,0.0,0.57,2.72,92,2
2026-09-24T02:00,11.3,8.8,0.0,0.0,1.92,0.57,100,2
2026-09-24T03:00,10.7,8.1,0.0,0.0,2.33,0.81,99,6
2026-09-24T04:00,10.1,7.3,0.0,0.0,3.4,1.18,60,8
2026-09-24T05:00,10.2,7.6,36.0,37.0,3.8,1.84,6,8
2026-09-24T06:00,11.3,10.3,157.0,173.0,3.69,4.23,100,0
2026-09-24T07:00,13.3,13.2,294.0,346.0,3.5,3.61,100,0
2026-09-24T08:00,15.7,16.1,466.0,506.0,2.81,2.71,5,0
2026-09-24T09:00,18.1,18.5,621.0,625.0,3.73,3.54,0,0
2026-09-24T10:00,19.8,20.1,691.0,694.0,4.6,4.44,9,0
2026-09-24T11:00,21.0,21.0,681.0,700.0,5.13,4.4,25,9
2026-09-24T12:00,21.3,21.5,561.0,602.0,4.43,4.27,57,25
2026-09-24T13:00,21.3,21.6,478.0,445.0,4.65,5.04,20,88
2026-09-24T14:00,21.3,21.1,388.0,257.0,5.11,4.12,55,65
2026-09-24T15:00,20.8,20.9,194.0,208.0,4.44,4.0,89,100
2026-09-24T16:00,20.0,19.5,44.0,62.0,4.88,3.83,93,39
2026-09-24T17:00,18.4,17.6,0.0,0.0,3.63,2.5,85,65
2026-09-24T18:00,16.6,15.9,0.0,0.0,6.75,4.22,58,100
2026-09-24T19:00,15.8,15.0,0.0,0.0,6.05,4.23,64,100
2026-09-24T20:00,14.9,14.2,0.0,0.0,6.0,3.7,27,75
2026-09-24T21:00,14.0,13.4,0.0,0.0,5.35,3.69,92,93
2026-09-24T22:00,13.4,13.0,0.0,0.0,4.09,3.6,99,100
2026-09-24T23:00,12.8,12.3,0.0,0.0,3.69,3.94,43,100
2026-09-25T00:00,12.3,12.5,0.0,0.0,1.84,2.23,100,100
2026-09-25T01:00,12.0,12.1,0.0,0.0,1.45,1.98,93,100
2026-09-25T02:00,11.3,11.3,0.0,0.0,0.96,1.04,100,99
2026-09-25T03:00,10.4,9.9,0.0,0.0,0.5,1.12,100,100
2026-09-25T04:00,10.3,9.2,0.0,0.0,2.05,0.62,100,92
2026-09-25T05:00,10.7,9.1,25.0,31.0,1.89,1.58,100,100
2026-09-25T06:00,11.2,11.6,79.0,116.0,2.11,3.24,100,100
2026-09-25T07:00,13.3,14.0,157.0,211.0,2.97,4.84,100,99
2026-09-25T08:00,15.5,16.6,266.0,348.0,2.91,3.23,94,97
2026-09-25T09:00,17.4,18.7,365.0,451.0,1.59,3.68,100,100
2026-09-25T10:00,18.5,20.2,336.0,467.0,1.64,3.83,100,100
2026-09-25T11:00,19.8,21.2,416.0,504.0,1.67,4.04,99,100
2026-09-25T12:00,21.6,19.5,461.0,359.0,2.16,2.04,100,100
2026-09-25T13:00,21.8,19.8,398.0,289.0,2.37,2.85,100,100
2026-09-25T14:00,21.6,19.7,287.0,186.0,2.2,2.51,100,100
2026-09-25T15:00,21.2,19.5,150.0,103.0,1.81,2.56,99,100
2026-09-25T16:00,20.5,18.7,33.0,28.0,2.02,3.47,89,99
2026-09-25T17:00,19.1,17.5,0.0,0.0,3.03,4.45,96,94
2026-09-25T18:00,17.6,18.0,0.0,0.0,4.95,6.66,73,87
2026-09-25T19:00,16.7,17.0,0.0,0.0,6.5,7.67,100,100
2026-09-25T20:00,16.1,16.4,0.0,0.0,7.36,9.08,100,100
2026-09-25T21:00,15.0,16.0,0.0,0.0,7.06,7.42,100,100
2026-09-25T22:00,14.5,15.4,0.0,0.0,5.36,6.12,96,100
2026-09-25T23:00,13.8,15.2,0.0,0.0,4.59,5.75,100,100
2026-09-26T00:00,12.8,13.4,0.0,0.0,4.24,5.02,100,100
2026-09-26T01:00,12.6,12.9,0.0,0.0,5.45,5.75,100,99
2026-09-26T02:00,12.1,12.6,0.0,0.0,6.28,6.57,98,100
2026-09-26T03:00,11.6,12.3,0.0,0.0,6.93,6.93,100,100
2026-09-26T04:00,11.4,12.2,0.0,0.0,7.45,7.27,100,100
2026-09-26T05:00,11.7,12.5,25.0,24.0,7.71,7.49,100,99
2026-09-26T06:00,13.1,13.9,117.0,122.0,6.86,6.6,100,100
2026-09-26T07:00,15.2,16.0,212.0,263.0,4.49,3.29,100,100
2026-09-26T08:00,17.4,18.2,338.0,433.0,3.56,4.08,100,100
2026-09-26T09:00,19.1,19.9,427.0,513.0,4.37,4.95,100,99
2026-09-26T10:00,19.8,21.0,395.0,553.0,4.65,4.53,100,100
2026-09-26T11:00,20.5,21.6,378.0,503.0,4.86,4.59,100,75
2026-09-26T12:00,20.3,22.1,347.0,511.0,4.54,4.3,100,67
2026-09-26T13:00,20.2,22.4,228.0,399.0,4.49,4.95,100,96
2026-09-26T14:00,20.1,21.7,142.0,252.0,4.73,5.83,100,100
2026-09-26T15:00,19.5,20.6,105.0,135.0,4.84,6.07,100,85
2026-09-26T16:00,18.5,19.6,34.0,44.0,4.44,5.33,100,46
2026-09-26T17:00,17.3,18.0,0.0,0.0,4.71,5.02,100,45
2026-09-26T18:00,16.4,16.3,0.0,0.0,4.21,5.33,100,53
2026-09-26T19:00,15.6,15.6,0.0,0.0,4.04,6.11,98,78
2026-09-26T20:00,14.9,15.3,0.0,0.0,4.43,6.15,82,86
2026-09-26T21:00,14.0,15.0,0.0,0.0,4.78,6.05,41,93
2026-09-26T22:00,13.2,14.6,0.0,0.0,5.18,5.57,32,85
2026-09-26T23:00,12.4,13.9,0.0,0.0,4.89,5.06,32,55
2026-09-27T00:00,12.9,11.4,0.0,0.0,5.19,5.18,84,54
2026-09-27T01:00,12.5,11.1,0.0,0.0,5.43,4.92,90,49
2026-09-27T02:00,12.1,10.7,0.0,0.0,5.68,5.07,80,36
2026-09-27T03:00,11.5,10.3,0.0,0.0,5.33,4.99,57,18
2026-09-27T04:00,11.0,9.9,0.0,0.0,5.52,4.86,59,21
2026-09-27T05:00,11.1,10.1,28.0,29.0,5.6,4.68,47,11
2026-09-27T06:00,12.3,13.5,154.0,142.0,5.16,5.86,2,38
2026-09-27T07:00,15.8,16.4,318.0,312.0,4.27,3.21,0,22
2026-09-27T08:00,18.5,18.7,475.0,472.0,3.84,4.3,0,8
2026-09-27T09:00,20.1,20.3,568.0,582.0,5.13,4.88,54,62
2026-09-27T10:00,21.1,21.1,556.0,517.0,5.68,5.08,64,69
2026-09-27T11:00,21.8,21.7,570.0,464.0,5.2,5.14,34,90
2026-09-27T12:00,23.0,22.5,576.0,553.0,5.54,5.13,28,31
2026-09-27T13:00,23.0,22.6,454.0,466.0,5.98,5.34,56,19
2026-09-27T14:00,22.6,22.3,334.0,348.0,5.8,5.56,43,37
2026-09-27T15:00,21.9,21.5,184.0,191.0,5.68,5.48,61,42
2026-09-27T16:00,20.5,20.1,44.0,49.0,5.96,5.69,50,59
2026-09-27T17:00,18.6,18.5,0.0,0.0,6.32,6.35,53,67
2026-09-27T18:00,17.0,18.3,0.0,0.0,7.91,5.47,39,64
2026-09-27T19:00,15.9,17.0,0.0,0.0,9.09,5.49,25,46
2026-09-27T20:00,15.1,15.6,0.0,0.0,9.43,6.59,4,79
2026-09-27T21:00,14.3,15.0,0.0,0.0,9.6,7.6,71,98
2026-09-27T22:00,13.9,14.5,0.0,0.0,9.87,7.72,89,81
2026-09-27T23:00,13.6,14.1,0.0,0.0,9.26,8.24,78,77
2026-09-28T00:00,13.8,13.1,0.0,0.0,9.66,9.15,92,54
2026-09-28T01:00,13.7,12.7,0.0,0.0,10.2,8.97,68,59
2026-09-28T02:00,13.5,12.5,0.0,0.0,10.02,8.86,9,65
2026-09-28T03:00,13.2,12.2,0.0,0.0,9.24,8.4,9,35
2026-09-28T04:00,12.8,11.7,0.0,0.0,8.75,7.6,34,45
2026-09-28T05:00,13.0,11.7,29.0,28.0,8.43,7.75,57,47
2026-09-28T06:00,14.5,14.2,144.0,151.0,7.94,7.83,70,38
2026-09-28T07:00,17.6,17.5,313.0,307.0,6.99,5.51,58,65
2026-09-28T08:00,19.6,19.2,458.0,405.0,7.79,7.13,30,95
2026-09-28T09:00,20.6,20.2,594.0,458.0,8.22,8.6,42,83
2026-09-28T10:00,21.8,21.5,635.0,552.0,7.59,9.02,54,88
2026-09-28T11:00,22.7,22.4,649.0,595.0,7.66,8.71,35,97
2026-09-28T12:00,23.5,23.2,620.0,597.0,7.77,7.5,20,87
2026-09-28T13:00,23.5,23.2,520.0,476.0,7.89,7.26,3,57
2026-09-28T14:00,22.9,22.9,377.0,345.0,7.88,6.98,3,38
2026-09-28T15:00,21.8,21.7,203.0,191.0,8.35,7.77,38,70
2026-09-28T16:00,20.6,20.1,43.0,44.0,8.76,7.97,52,75
2026-09-28T17:00,19.6,19.2,0.0,0.0,9.13,8.37,90,91
2026-09-28T18:00,18.9,18.5,0.0,0.0,8.2,8.63,79,72
2026-09-28T19:00,17.9,17.8,0.0,0.0,8.24,9.19,67,93
2026-09-28T20:00,17.3,17.1,0.0,0.0,9.12,8.22,99,97
2026-09-28T21:00,17.5,16.6,0.0,0.0,9.93,8.87,91,77
2026-09-28T22:00,17.1,16.6,0.0,0.0,9.92,9.84,75,82
2026-09-28T23:00,16.5,16.3,0.0,0.0,9.63,9.48,99,97
2026-09-29T00:00,16.5,15.6,0.0,0.0,8.5,9.68,99,100
2026-09-29T01:00,15.9,15.5,0.0,0.0,9.01,8.68,98,96
2026-09-29T02:00,15.7,15.3,0.0,0.0,9.55,8.25,91,94
2026-09-29T03:00,15.3,14.9,0.0,0.0,9.27,8.9,92,100
2026-09-29T04:00,15.2,15.1,0.0,0.0,10.1,8.98,92,100
2026-09-29T05:00,15.3,15.3,10.0,9.0,9.63,7.56,90,94
2026-09-29T06:00,15.5,16.1,67.0,76.0,6.6,7.63,94,87
2026-09-29T07:00,17.2,17.3,189.0,184.0,5.4,5.6,83,100
2026-09-29T08:00,18.7,18.3,326.0,234.0,6.58,4.65,77,89
2026-09-29T09:00,20.2,19.5,447.0,325.0,8.12,6.97,70,95
2026-09-29T10:00,21.5,20.7,533.0,412.0,9.73,8.2,94,74
2026-09-29T11:00,21.9,21.6,539.0,507.0,8.98,9.16,98,85
2026-09-29T12:00,23.1,21.9,606.0,488.0,7.94,8.54,34,87
2026-09-29T13:00,23.1,22.0,496.0,391.0,7.64,8.71,30,99
2026-09-29T14:00,22.6,21.6,349.0,256.0,7.63,8.29,37,100
2026-09-29T15:00,21.6,21.1,191.0,144.0,7.97,8.02,33,76
2026-09-29T16:00,20.2,20.0,46.0,40.0,7.94,7.43,37,91
2026-09-29T17:00,18.6,18.6,0.0,0.0,10.21,8.12,24,77
2026-09-29T18:00,17.7,17.6,0.0,0.0,10.19,8.81,95,98
2026-09-29T19:00,16.6,16.8,0.0,0.0,10.3,10.2,92,83
2026-09-29T20:00,15.9,16.4,0.0,0.0,10.82,11.4,100,100
2026-09-29T21:00,15.2,16.1,0.0,0.0,10.64,10.8,96,100
2026-09-29T22:00,14.8,15.7,0.0,0.0,10.37,10.2,89,100
2026-09-29T23:00,14.4,15.2,0.0,0.0,10.57,10.05,71,100
2026-09-30T00:00,13.9,15.0,0.0,0.0,10.04,9.94,55,100
2026-09-30T01:00,13.6,14.6,0.0,0.0,9.64,9.81,42,100
2026-09-30T02:00,13.3,14.0,0.0,0.0,9.86,10.12,33,100
2026-09-30T03:00,12.9,13.6,0.0,0.0,10.11,9.91,52,100
2026-09-30T04:00,12.6,13.5,0.0,0.0,9.96,9.71,39,100
2026-09-30T05:00,12.5,13.5,27.0,20.0,9.5,9.44,20,97
2026-09-30T06:00,13.7,14.1,151.0,147.0,8.74,7.76,27,21
2026-09-30T07:00,16.1,16.3,322.0,312.0,6.04,6.58,9,42
2026-09-30T08:00,17.9,18.0,481.0,461.0,6.05,7.76,45,0
2026-09-30T09:00,19.3,19.1,586.0,597.0,6.58,8.4,24,36
2026-09-30T10:00,20.3,20.1,650.0,631.0,6.78,7.84,27,36
2026-09-30T11:00,21.0,20.9,663.0,658.0,6.7,7.29,14,18
2026-09-30T12:00,21.4,21.6,613.0,628.0,7.15,7.36,16,0
2026-09-30T13:00,21.4,21.6,519.0,526.0,7.16,7.36,0,0
2026-09-30T14:00,20.9,21.1,375.0,381.0,7.07,7.33,0,0
2026-09-30T15:00,20.0,20.3,200.0,205.0,6.99,7.42,0,0
2026-09-30T16:00,18.5,18.7,44.0,45.0,6.66,7.72,0,0
2026-09-30T17:00,16.6,16.8,0.0,0.0,7.79,9.51,0,0
2026-09-30T18:00,15.8,15.4,0.0,0.0,8.25,7.23,14,0
2026-09-30T19:00,14.7,14.3,0.0,0.0,8.92,7.55,0,0
2026-09-30T20:00,13.6,13.3,0.0,0.0,9.38,9.11,0,0
2026-09-30T21:00,12.8,12.5,0.0,0.0,10.39,10.32,0,0
2026-09-30T22:00,12.2,12.0,0.0,0.0,10.54,10.61,0,0
2026-09-30T23:00,11.8,11.6,0.0,0.0,10.26,10.06,0,0
