time,temperature_2m_previous_day1,temperature_2m_previous_day2,shortwave_radiation_previous_day1,shortwave_radiation_previous_day2,wind_speed_100m_previous_day1,wind_speed_100m_previous_day2,cloud_cover_previous_day1,cloud_cover_previous_day2
2025-06-15T00:00,15.3,12.6,0.0,0.0,7.3,4.3,0,7
2025-06-15T01:00,14.9,11.9,0.0,0.0,8.1,4.32,0,7
2025-06-15T02:00,14.5,11.3,0.0,0.0,7.5,4.31,0,9
2025-06-15T03:00,14.2,11.6,5.0,8.0,8.0,4.2,14,10
2025-06-15T04:00,15.1,13.3,83.0,99.0,6.4,3.81,0,11
2025-06-15T05:00,16.1,15.8,222.0,225.0,6.2,3.13,63,11
2025-06-15T06:00,18.6,18.0,379.0,371.0,4.2,2.53,17,11
2025-06-15T07:00,20.8,19.5,546.0,536.0,3.4,1.82,0,10
2025-06-15T08:00,22.2,20.6,689.0,691.0,2.6,1.0,0,8
2025-06-15T09:00,23.2,21.7,804.0,808.0,2.0,0.51,0,7
2025-06-15T10:00,24.6,22.8,883.0,881.0,1.9,0.32,4,9
2025-06-15T11:00,25.7,23.8,917.0,907.0,2.2,0.32,8,12
2025-06-15T12:00,26.0,24.6,888.0,887.0,1.5,0.45,71,13
2025-06-15T13:00,26.7,25.1,812.0,820.0,1.4,0.64,99,10
2025-06-15T14:00,27.1,25.4,694.0,709.0,1.1,0.94,46,6
2025-06-15T15:00,26.8,25.2,558.0,566.0,2.6,1.12,0,3
2025-06-15T16:00,26.5,24.4,401.0,408.0,2.7,0.98,0,4
2025-06-15T17:00,25.6,23.2,242.0,248.0,3.2,0.67,0,7
2025-06-15T18:00,24.4,21.8,101.0,104.0,3.7,0.5,0,9
2025-06-15T19:00,22.8,20.4,11.0,11.0,2.8,0.92,0,7
2025-06-15T20:00,20.9,18.8,0.0,0.0,5.1,1.42,37,4
2025-06-15T21:00,20.6,17.4,0.0,0.0,4.5,1.78,52,2
2025-06-15T22:00,20.0,16.5,0.0,0.0,3.0,1.5,0,4
2025-06-15T23:00,19.3,15.8,0.0,0.0,1.9,0.81,0,8
2025-06-16T00:00,17.8,15.3,0.0,0.0,1.5,0.32,1,10
2025-06-16T01:00,17.6,14.6,0.0,0.0,1.2,0.0,0,8
2025-06-16T02:00,16.1,14.0,0.0,0.0,1.1,0.2,0,5
2025-06-16T03:00,16.7,14.2,5.0,7.0,0.5,0.4,0,5
2025-06-16T04:00,17.1,15.7,80.0,97.0,1.5,0.71,0,11
2025-06-16T05:00,18.6,18.1,214.0,219.0,1.9,1.14,0,21
2025-06-16T06:00,21.2,20.3,373.0,362.0,1.7,1.43,0,26
2025-06-16T07:00,23.9,22.1,532.0,525.0,2.7,1.8,0,22
2025-06-16T08:00,25.9,23.7,675.0,678.0,2.7,2.31,2,13
2025-06-16T09:00,27.7,25.1,788.0,794.0,2.6,2.51,92,11
2025-06-16T10:00,29.1,26.5,860.0,866.0,1.2,2.15,88,22
2025-06-16T11:00,30.3,27.7,889.0,889.0,1.4,1.46,92,39
2025-06-16T12:00,31.1,28.5,865.0,862.0,2.0,1.0,51,49
2025-06-16T13:00,31.2,28.9,800.0,786.0,3.1,1.1,92,46
2025-06-16T14:00,31.2,28.9,686.0,662.0,2.7,1.41,92,37
2025-06-16T15:00,31.2,28.5,546.0,497.0,3.3,0.95,99,30
2025-06-16T16:00,27.9,27.5,363.0,328.0,12.3,1.08,100,27
2025-06-16T17:00,22.9,26.1,176.0,187.0,10.5,3.63,100,25
2025-06-16T18:00,22.4,24.8,78.0,81.0,12.5,5.84,100,27
2025-06-16T19:00,21.0,23.6,8.0,10.0,11.9,7.26,100,34
2025-06-16T20:00,20.0,22.4,0.0,0.0,12.0,8.19,85,44
2025-06-16T21:00,19.1,21.3,0.0,0.0,11.6,8.99,19,51
2025-06-16T22:00,18.4,20.4,0.0,0.0,11.2,9.49,33,53
2025-06-16T23:00,18.2,19.6,0.0,0.0,11.4,9.87,100,53
2025-06-17T00:00,17.3,18.9,0.0,0.0,11.9,10.06,31,53
2025-06-17T01:00,16.6,18.2,0.0,0.0,10.9,10.27,3,56
2025-06-17T02:00,16.2,17.6,0.0,0.0,11.0,10.48,84,60
2025-06-17T03:00,17.1,17.1,1.0,1.0,9.2,10.48,94,63
2025-06-17T04:00,16.8,16.5,37.0,9.0,10.5,10.17,100,65
2025-06-17T05:00,16.8,16.0,55.0,34.0,10.0,9.74,93,66
2025-06-17T06:00,16.5,16.1,177.0,143.0,11.2,9.23,100,69
2025-06-17T07:00,16.7,17.5,183.0,356.0,10.8,8.71,100,77
2025-06-17T08:00,17.2,19.6,51.0,592.0,8.9,8.2,100,87
2025-06-17T09:00,19.4,21.4,166.0,754.0,9.0,7.7,100,90
2025-06-17T10:00,21.1,22.7,592.0,846.0,7.7,7.3,99,79
2025-06-17T11:00,23.3,23.7,713.0,884.0,7.7,6.9,98,60
2025-06-17T12:00,24.0,24.4,627.0,874.0,8.2,6.61,100,43
2025-06-17T13:00,24.8,24.8,689.0,806.0,8.1,6.5,99,29
2025-06-17T14:00,25.1,24.8,661.0,695.0,8.0,6.6,100,16
2025-06-17T15:00,24.9,24.6,556.0,559.0,7.1,6.5,0,8
2025-06-17T16:00,24.4,24.1,405.0,406.0,6.8,6.11,95,9
2025-06-17T17:00,23.3,23.3,241.0,248.0,6.8,5.52,0,15
2025-06-17T18:00,21.8,22.4,102.0,104.0,6.0,5.12,0,21
2025-06-17T19:00,20.5,21.3,12.0,12.0,7.1,5.2,2,25
2025-06-17T20:00,19.8,20.0,0.0,0.0,7.5,5.46,5,29
2025-06-17T21:00,18.8,18.9,0.0,0.0,7.5,5.87,14,30
2025-06-17T22:00,17.9,18.0,0.0,0.0,7.0,6.14,0,26
2025-06-17T23:00,16.9,17.3,0.0,0.0,6.1,6.26,0,20
2025-06-18T00:00,16.6,16.6,0.0,0.0,7.0,6.36,0,18
2025-06-18T01:00,16.0,15.9,0.0,0.0,7.7,6.36,37,22
2025-06-18T02:00,15.7,15.2,0.0,0.0,8.2,6.11,4,29
2025-06-18T03:00,15.5,15.3,5.0,7.0,6.5,5.7,53,37
2025-06-18T04:00,16.3,16.6,77.0,93.0,7.9,4.9,94,47
2025-06-18T05:00,18.0,18.6,206.0,210.0,7.2,3.92,93,57
2025-06-18T06:00,19.9,20.4,375.0,345.0,5.0,2.86,48,62
2025-06-18T07:00,21.4,21.9,500.0,497.0,4.0,1.86,100,58
2025-06-18T08:00,23.1,23.2,637.0,643.0,2.8,1.14,1,48
2025-06-18T09:00,24.3,24.3,797.0,763.0,2.0,1.17,0,40
2025-06-18T10:00,25.7,25.2,875.0,848.0,0.3,1.5,45,34
2025-06-18T11:00,27.3,26.0,908.0,885.0,0.4,1.7,42,29
2025-06-18T12:00,28.7,26.4,884.0,867.0,2.2,2.02,27,26
2025-06-18T13:00,29.4,26.6,820.0,797.0,2.0,2.45,0,26
2025-06-18T14:00,29.9,26.4,709.0,685.0,1.5,3.01,11,28
2025-06-18T15:00,29.9,26.1,540.0,547.0,2.4,3.31,91,30
2025-06-18T16:00,28.6,25.5,389.0,393.0,4.2,3.57,100,31
2025-06-18T17:00,27.5,24.8,143.0,239.0,4.7,3.88,96,31
2025-06-18T18:00,26.3,23.8,51.0,101.0,5.9,3.82,99,30
2025-06-18T19:00,24.8,22.5,8.0,11.0,4.8,2.56,90,28
2025-06-18T20:00,24.1,21.0,0.0,0.0,4.2,0.92,99,26
2025-06-18T21:00,23.4,19.7,0.0,0.0,3.2,1.24,59,23
2025-06-18T22:00,22.0,19.0,0.0,0.0,3.1,2.06,20,20
2025-06-18T23:00,20.8,18.4,0.0,0.0,5.5,3.61,98,16
2025-06-19T00:00,21.3,18.0,0.0,0.0,4.1,4.81,99,13
2025-06-19T01:00,20.8,17.2,0.0,0.0,5.5,4.95,76,9
2025-06-19T02:00,20.5,16.6,0.0,0.0,6.1,4.44,100,6
2025-06-19T03:00,20.5,16.6,2.0,6.0,4.5,3.76,96,5
2025-06-19T04:00,20.2,18.1,48.0,85.0,4.2,3.05,75,9
2025-06-19T05:00,21.3,20.2,173.0,192.0,3.2,2.28,98,15
2025-06-19T06:00,22.2,22.1,214.0,316.0,3.3,1.84,100,21
2025-06-19T07:00,23.4,23.3,251.0,453.0,3.1,1.7,83,25
2025-06-19T08:00,25.7,24.2,649.0,574.0,3.1,1.97,66,28
2025-06-19T09:00,26.3,24.9,606.0,643.0,3.0,2.15,92,30
2025-06-19T10:00,24.9,25.3,409.0,662.0,3.4,1.9,100,32
2025-06-19T11:00,26.1,25.6,254.0,658.0,3.4,2.48,9,35
2025-06-19T12:00,26.2,25.8,407.0,654.0,3.2,3.54,15,35
2025-06-19T13:00,27.6,26.0,680.0,628.0,2.7,4.31,92,32
2025-06-19T14:00,28.1,26.1,548.0,549.0,3.6,4.87,100,28
2025-06-19T15:00,27.1,25.8,303.0,416.0,6.2,5.54,90,26
2025-06-19T16:00,23.7,24.7,285.0,272.0,9.4,6.39,100,29
2025-06-19T17:00,23.4,23.1,182.0,152.0,9.0,7.34,14,34
2025-06-19T18:00,22.1,21.7,86.0,63.0,7.9,7.94,0,34
2025-06-19T19:00,21.1,20.7,12.0,7.0,7.5,8.1,0,25
2025-06-19T20:00,20.4,19.9,0.0,0.0,6.2,8.17,0,10
2025-06-19T21:00,19.4,19.1,0.0,0.0,6.6,8.12,0,0
2025-06-19T22:00,18.5,18.0,0.0,0.0,6.5,7.9,0,0
2025-06-19T23:00,17.3,17.0,0.0,0.0,5.0,7.7,0,0
2025-06-20T00:00,16.4,16.0,0.0,0.0,5.3,7.4,0,0
2025-06-20T01:00,15.7,15.0,0.0,0.0,4.3,7.3,0,0
2025-06-20T02:00,14.6,14.1,0.0,0.0,4.1,7.11,0,0
2025-06-20T03:00,13.9,13.7,5.0,7.0,4.2,7.03,0,0
2025-06-20T04:00,14.2,14.0,83.0,99.0,4.0,6.86,2,0
2025-06-20T05:00,15.3,14.9,224.0,226.0,3.6,6.71,1,0
2025-06-20T06:00,16.5,15.8,389.0,374.0,5.3,6.45,0,0
2025-06-20T07:00,18.2,16.9,556.0,543.0,5.4,6.18,0,0
2025-06-20T08:00,19.7,18.1,706.0,701.0,6.1,5.82,0,0
2025-06-20T09:00,20.7,19.2,823.0,822.0,5.3,5.66,0,0
2025-06-20T10:00,21.9,20.2,905.0,898.0,5.5,5.69,0,0
2025-06-20T11:00,22.8,21.0,943.0,920.0,6.5,5.85,0,0
2025-06-20T12:00,23.2,21.6,934.0,884.0,7.5,6.2,0,0
2025-06-20T13:00,23.3,22.0,864.0,796.0,7.6,6.96,0,1
2025-06-20T14:00,23.2,22.2,742.0,673.0,8.4,8.01,0,2
2025-06-20T15:00,22.7,21.9,586.0,530.0,8.7,8.57,0,3
2025-06-20T16:00,22.0,21.1,419.0,378.0,7.9,8.42,0,2
2025-06-20T17:00,21.1,20.0,253.0,232.0,7.5,7.94,0,1
2025-06-20T18:00,20.0,18.8,108.0,104.0,6.1,7.45,0,0
2025-06-20T19:00,18.9,17.8,13.0,14.0,6.9,7.03,0,0
2025-06-20T20:00,18.2,16.7,0.0,0.0,7.3,6.52,0,0
2025-06-20T21:00,17.3,15.7,0.0,0.0,6.4,6.12,0,0
2025-06-20T22:00,16.3,14.8,0.0,0.0,6.8,5.94,0,0
2025-06-20T23:00,15.4,14.0,0.0,0.0,6.6,5.89,0,0
2025-06-21T00:00,14.3,13.3,0.0,0.0,5.8,5.92,0,0
2025-06-21T01:00,14.2,12.5,0.0,0.0,6.2,6.04,0,0
2025-06-21T02:00,14.0,11.9,0.0,0.0,7.2,6.16,0,0
2025-06-21T03:00,13.2,12.0,5.0,7.0,7.5,6.16,0,0
2025-06-21T04:00,13.7,13.2,85.0,97.0,6.3,6.04,0,0
2025-06-21T05:00,15.2,15.2,229.0,221.0,5.0,5.79,0,0
2025-06-21T06:00,17.0,16.9,389.0,367.0,6.1,5.56,0,0
2025-06-21T07:00,18.3,18.3,553.0,533.0,5.4,5.25,2,0
2025-06-21T08:00,19.8,19.6,693.0,690.0,5.6,4.93,0,1
2025-06-21T09:00,21.0,20.6,815.0,808.0,6.5,4.71,0,1
2025-06-21T10:00,22.0,21.3,896.0,882.0,6.4,4.7,0,1
2025-06-21T11:00,23.1,21.8,930.0,909.0,5.5,4.93,0,2
2025-06-21T12:00,23.4,22.2,914.0,889.0,6.3,4.98,0,2
2025-06-21T13:00,23.8,22.5,847.0,821.0,6.4,4.78,0,1
2025-06-21T14:00,23.8,22.7,744.0,711.0,7.1,4.62,0,1
2025-06-21T15:00,23.4,22.6,595.0,569.0,6.6,4.38,0,2
2025-06-21T16:00,22.9,21.8,420.0,412.0,5.4,4.36,92,8
2025-06-21T17:00,22.3,20.7,253.0,254.0,4.6,4.3,1,15
2025-06-21T18:00,21.2,19.4,109.0,112.0,5.1,4.0,0,19
2025-06-21T19:00,19.7,17.9,13.0,14.0,5.6,3.33,0,15
2025-06-21T20:00,18.1,16.3,0.0,0.0,5.9,2.38,0,6
2025-06-21T21:00,17.2,14.9,0.0,0.0,4.9,1.61,0,0
2025-06-21T22:00,16.6,14.2,0.0,0.0,4.7,0.71,0,0
2025-06-21T23:00,15.7,13.8,0.0,0.0,3.5,0.5,0,0
2025-06-22T00:00,14.9,13.4,0.0,0.0,2.6,1.17,0,0
2025-06-22T01:00,13.9,12.9,0.0,0.0,2.0,1.21,0,0
2025-06-22T02:00,13.4,12.4,0.0,0.0,0.8,0.92,0,0
2025-06-22T03:00,13.9,12.6,5.0,7.0,0.9,0.86,0,0
2025-06-22T04:00,14.2,13.9,80.0,96.0,0.6,0.92,0,1
2025-06-22T05:00,16.1,16.0,216.0,219.0,0.8,1.0,0,3
2025-06-22T06:00,18.3,18.1,381.0,362.0,0.8,1.25,0,11
2025-06-22T07:00,20.6,20.1,540.0,522.0,0.6,1.7,0,31
2025-06-22T08:00,22.9,22.2,685.0,672.0,1.5,2.2,0,57
2025-06-22T09:00,24.8,24.0,799.0,791.0,1.6,2.52,0,70
2025-06-22T10:00,26.5,25.6,870.0,868.0,2.3,2.64,0,60
2025-06-22T11:00,28.1,27.0,898.0,880.0,1.8,2.69,0,39
2025-06-22T12:00,29.1,28.0,874.0,808.0,2.0,2.55,0,21
2025-06-22T13:00,29.6,28.3,805.0,679.0,2.3,2.08,0,14
2025-06-22T14:00,29.8,28.2,696.0,544.0,2.1,1.62,0,10
2025-06-22T15:00,30.1,27.7,554.0,427.0,3.1,1.41,0,8
2025-06-22T16:00,29.3,26.9,401.0,313.0,6.0,1.84,18,6
2025-06-22T17:00,28.1,25.7,243.0,195.0,6.3,2.5,54,6
2025-06-22T18:00,26.6,24.4,99.0,85.0,6.5,2.77,99,7
2025-06-22T19:00,25.0,22.7,11.0,11.0,6.4,2.47,92,9
2025-06-22T20:00,23.6,20.9,0.0,0.0,6.1,2.92,0,13
2025-06-22T21:00,21.6,19.4,0.0,0.0,0.8,3.73,0,15
2025-06-22T22:00,20.9,18.2,0.0,0.0,1.2,4.02,0,13
2025-06-22T23:00,20.1,17.3,0.0,0.0,0.2,3.81,0,10
2025-06-23T00:00,18.7,16.6,0.0,0.0,0.3,3.49,0,10
2025-06-23T01:00,18.3,15.7,0.0,0.0,0.2,3.23,0,16
2025-06-23T02:00,17.7,15.0,0.0,0.0,3.1,2.9,100,25
2025-06-23T03:00,18.9,15.2,4.0,6.0,2.4,2.24,95,30
2025-06-23T04:00,18.8,16.8,74.0,91.0,1.1,0.86,100,27
2025-06-23T05:00,21.4,19.2,207.0,209.0,0.4,1.24,88,20
2025-06-23T06:00,23.2,21.5,371.0,351.0,0.9,2.8,38,15
2025-06-23T07:00,25.1,23.5,465.0,516.0,3.6,3.96,68,14
2025-06-23T08:00,27.5,25.3,668.0,674.0,5.6,4.96,95,15
2025-06-23T09:00,29.3,26.9,785.0,794.0,6.4,5.82,93,17
2025-06-23T10:00,30.9,28.2,864.0,870.0,7.6,6.36,92,21
2025-06-23T11:00,32.0,29.2,895.0,899.0,7.9,6.74,87,26
2025-06-23T12:00,32.9,29.9,874.0,885.0,7.4,7.09,77,30
2025-06-23T13:00,33.4,30.4,748.0,823.0,7.5,7.57,100,29
2025-06-23T14:00,33.5,30.6,533.0,704.0,7.0,8.16,100,27
2025-06-23T15:00,33.4,30.4,357.0,533.0,6.4,8.23,100,30
2025-06-23T16:00,33.4,29.7,253.0,353.0,4.8,7.72,52,44
2025-06-23T17:00,33.1,28.5,193.0,201.0,5.1,7.07,54,63
2025-06-23T18:00,32.3,27.6,101.0,85.0,6.6,6.59,0,78
2025-06-23T19:00,30.4,27.2,12.0,11.0,5.5,6.01,0,85
2025-06-23T20:00,28.8,26.9,0.0,0.0,4.9,7.5,86,88
2025-06-23T21:00,27.2,26.2,0.0,0.0,12.5,9.01,100,90
2025-06-23T22:00,27.2,24.4,0.0,0.0,10.6,7.63,100,93
2025-06-23T23:00,26.5,22.0,0.0,0.0,7.3,5.71,100,95
2025-06-24T00:00,21.2,20.1,0.0,0.0,1.3,4.69,100,90
2025-06-24T01:00,20.1,19.0,0.0,0.0,0.6,2.48,71,72
2025-06-24T02:00,19.9,18.3,0.0,0.0,1.2,2.84,26,46
2025-06-24T03:00,20.8,18.1,3.0,6.0,4.9,5.38,99,25
2025-06-24T04:00,21.0,18.5,70.0,83.0,5.1,6.38,0,12
2025-06-24T05:00,21.3,19.3,158.0,190.0,7.5,6.55,100,4
2025-06-24T06:00,21.5,20.3,292.0,316.0,4.8,5.97,76,0
2025-06-24T07:00,22.7,21.2,502.0,459.0,6.0,4.35,0,2
2025-06-24T08:00,23.6,22.2,674.0,595.0,4.8,2.52,0,8
2025-06-24T09:00,24.8,23.2,779.0,696.0,4.9,2.5,12,14
2025-06-24T10:00,26.2,24.3,872.0,759.0,3.8,3.12,0,17
2025-06-24T11:00,27.4,25.5,909.0,782.0,3.7,3.7,0,19
2025-06-24T12:00,28.1,26.4,900.0,764.0,2.8,4.0,1,20
2025-06-24T13:00,28.9,27.0,838.0,705.0,2.8,3.69,1,20
2025-06-24T14:00,29.2,27.2,727.0,613.0,3.7,3.52,48,20
2025-06-24T15:00,29.0,26.9,508.0,503.0,6.7,3.7,4,21
2025-06-24T16:00,28.2,25.9,418.0,377.0,7.5,3.61,0,28
2025-06-24T17:00,27.1,24.4,253.0,236.0,7.2,3.31,0,36
2025-06-24T18:00,25.7,22.9,104.0,100.0,6.7,2.96,1,38
2025-06-24T19:00,24.5,21.8,12.0,12.0,5.7,2.79,12,28
2025-06-24T20:00,23.7,20.8,0.0,0.0,6.5,2.64,19,12
2025-06-24T21:00,23.1,19.9,0.0,0.0,5.9,2.42,0,0
2025-06-24T22:00,22.2,19.0,0.0,0.0,5.7,1.91,0,0
2025-06-24T23:00,21.9,18.2,0.0,0.0,3.5,1.14,11,0
2025-06-25T00:00,20.2,17.4,0.0,0.0,0.8,0.58,0,0
2025-06-25T01:00,19.5,16.4,0.0,0.0,2.2,0.14,0,0
2025-06-25T02:00,18.8,15.3,0.0,0.0,2.7,0.41,0,0
2025-06-25T03:00,18.7,15.3,4.0,6.0,2.5,0.54,0,0
2025-06-25T04:00,19.5,16.9,77.0,92.0,2.4,0.45,0,2
2025-06-25T05:00,21.0,19.6,207.0,213.0,2.2,0.81,0,5
2025-06-25T06:00,22.9,22.0,346.0,354.0,0.6,1.56,38,6
2025-06-25T07:00,24.4,23.8,374.0,515.0,1.3,2.48,98,5
2025-06-25T08:00,25.6,25.4,336.0,664.0,2.0,3.48,31,2
2025-06-25T09:00,28.1,26.8,646.0,768.0,2.9,4.56,94,0
2025-06-25T10:00,29.4,27.9,623.0,825.0,2.7,5.82,84,0
2025-06-25T11:00,30.8,28.7,783.0,843.0,3.9,7.1,20,0
2025-06-25T12:00,31.6,29.5,729.0,830.0,5.6,7.6,67,0
2025-06-25T13:00,32.3,30.3,724.0,778.0,6.2,6.86,0,0
2025-06-25T14:00,32.4,31.0,693.0,678.0,6.0,5.45,0,0
2025-06-25T15:00,31.7,31.1,561.0,541.0,7.6,4.19,0,3
2025-06-25T16:00,31.2,30.0,404.0,387.0,7.7,3.01,0,16
2025-06-25T17:00,30.2,28.2,244.0,234.0,8.4,2.0,0,33
2025-06-25T18:00,29.3,26.4,100.0,99.0,5.6,1.75,0,41
2025-06-25T19:00,28.0,24.7,12.0,12.0,3.2,2.51,34,32
2025-06-25T20:00,26.7,23.1,0.0,0.0,6.3,3.64,6,14
2025-06-25T21:00,26.8,21.9,0.0,0.0,7.2,4.31,0,1
2025-06-25T22:00,25.3,21.4,0.0,0.0,5.2,4.6,0,0
2025-06-25T23:00,24.0,21.4,0.0,0.0,5.6,5.99,0,0
2025-06-26T00:00,22.3,21.1,0.0,0.0,7.2,7.51,0,0
2025-06-26T01:00,21.6,20.3,0.0,0.0,6.3,7.9,0,0
2025-06-26T02:00,21.0,19.2,0.0,0.0,5.0,7.6,0,0
2025-06-26T03:00,20.6,18.8,3.0,6.0,6.5,7.1,0,0
2025-06-26T04:00,20.3,19.2,72.0,91.0,5.3,6.53,0,0
2025-06-26T05:00,21.2,20.2,204.0,210.0,5.9,5.69,0,0
2025-06-26T06:00,22.5,21.4,358.0,350.0,5.1,5.02,0,0
2025-06-26T07:00,23.9,22.8,516.0,508.0,4.3,4.65,0,3
2025-06-26T08:00,25.8,24.4,659.0,649.0,3.8,4.3,0,8
2025-06-26T09:00,28.0,26.0,771.0,731.0,4.6,3.85,1,10
2025-06-26T10:00,29.3,27.6,846.0,757.0,4.5,2.92,90,7
2025-06-26T11:00,30.3,29.2,866.0,754.0,4.2,1.98,84,2
2025-06-26T12:00,31.2,30.2,839.0,745.0,3.3,1.7,8,0
2025-06-26T13:00,31.7,30.5,789.0,710.0,3.2,2.06,8,4
2025-06-26T14:00,32.0,30.3,693.0,631.0,3.3,2.62,17,10
2025-06-26T15:00,32.0,29.7,552.0,515.0,3.5,2.6,0,14
2025-06-26T16:00,31.0,28.8,398.0,379.0,5.8,2.64,0,12
2025-06-26T17:00,29.7,27.6,240.0,234.0,5.1,4.66,0,6
2025-06-26T18:00,29.0,26.2,102.0,99.0,4.2,6.0,0,3
2025-06-26T19:00,27.6,24.6,13.0,12.0,3.6,4.8,0,1
2025-06-26T20:00,26.4,22.8,0.0,0.0,2.1,2.51,0,1
2025-06-26T21:00,25.4,21.5,0.0,0.0,1.1,1.58,16,8
2025-06-26T22:00,24.7,21.1,0.0,0.0,1.9,0.73,70,29
2025-06-26T23:00,24.5,21.1,0.0,0.0,1.0,1.03,17,57
2025-06-27T00:00,24.2,21.1,0.0,0.0,5.2,2.21,90,73
2025-06-27T01:00,23.2,20.4,0.0,0.0,1.4,2.83,91,68
2025-06-27T02:00,23.2,19.7,0.0,0.0,2.3,3.2,100,53
2025-06-27T03:00,24.1,19.6,1.0,5.0,3.9,3.01,100,38
2025-06-27T04:00,24.2,20.6,28.0,81.0,0.9,1.75,99,26
2025-06-27T05:00,24.9,22.3,110.0,190.0,1.9,0.57,48,15
2025-06-27T06:00,25.1,23.9,158.0,323.0,6.0,2.04,98,10
2025-06-27T07:00,26.3,25.3,493.0,477.0,7.5,3.11,100,17
2025-06-27T08:00,27.7,26.5,629.0,607.0,5.9,3.8,0,31
2025-06-27T09:00,27.9,27.3,710.0,647.0,4.5,3.8,75,37
2025-06-27T10:00,29.3,27.4,825.0,612.0,4.2,2.67,15,28
2025-06-27T11:00,30.2,27.1,872.0,577.0,4.8,1.88,30,12
2025-06-27T12:00,22.8,26.9,226.0,598.0,3.2,2.52,88,2
2025-06-27T13:00,27.4,27.3,686.0,623.0,2.4,2.6,0,1
2025-06-27T14:00,28.8,27.8,691.0,580.0,6.0,2.64,0,6
2025-06-27T15:00,28.5,27.8,536.0,457.0,6.7,2.97,25,15
2025-06-27T16:00,28.0,26.8,389.0,311.0,7.2,3.41,0,31
2025-06-27T17:00,27.2,25.2,242.0,182.0,5.8,4.05,50,50
2025-06-27T18:00,25.9,23.9,84.0,80.0,7.8,4.59,29,65
2025-06-27T19:00,25.0,23.0,10.0,10.0,6.0,5.1,100,70
2025-06-27T20:00,24.1,22.4,0.0,0.0,7.6,5.72,100,71
2025-06-27T21:00,23.1,21.7,0.0,0.0,5.8,6.25,100,70
2025-06-27T22:00,21.6,21.1,0.0,0.0,9.1,6.91,100,69
2025-06-27T23:00,19.7,20.4,0.0,0.0,9.4,7.52,100,67
2025-06-28T00:00,20.4,19.8,0.0,0.0,9.2,8.1,100,63
2025-06-28T01:00,19.1,19.1,0.0,0.0,9.5,8.35,4,54
2025-06-28T02:00,17.9,18.4,0.0,0.0,9.8,8.26,43,43
2025-06-28T03:00,17.4,18.0,4.0,5.0,10.0,8.35,18,34
2025-06-28T04:00,17.2,17.9,68.0,86.0,10.3,8.71,0,30
2025-06-28T05:00,18.0,18.1,201.0,202.0,9.6,9.17,51,29
2025-06-28T06:00,18.2,18.7,223.0,334.0,8.2,9.35,77,31
2025-06-28T07:00,19.5,19.8,508.0,480.0,8.6,8.8,69,40
2025-06-28T08:00,20.8,21.3,670.0,617.0,8.7,7.98,0,51
2025-06-28T09:00,22.6,22.7,791.0,726.0,7.4,7.5,0,54
2025-06-28T10:00,24.1,24.0,878.0,798.0,8.2,7.53,0,40
2025-06-28T11:00,25.3,25.2,916.0,818.0,8.8,7.82,0,17
2025-06-28T12:00,26.0,26.0,888.0,773.0,8.6,8.01,0,1
2025-06-28T13:00,26.6,26.2,825.0,679.0,8.8,8.29,0,0
2025-06-28T14:00,26.9,25.9,716.0,574.0,8.3,8.66,0,4
2025-06-28T15:00,26.3,25.3,570.0,478.0,8.6,8.51,1,9
2025-06-28T16:00,25.8,24.6,408.0,373.0,8.6,7.43,1,12
2025-06-28T17:00,25.0,23.6,244.0,244.0,8.2,5.88,0,14
2025-06-28T18:00,24.1,22.7,104.0,110.0,7.3,4.97,0,15
2025-06-28T19:00,23.2,21.7,13.0,14.0,6.7,5.22,0,13
2025-06-28T20:00,22.5,20.7,0.0,0.0,7.6,6.0,0,9
2025-06-28T21:00,21.5,19.8,0.0,0.0,4.5,6.53,0,6
2025-06-28T22:00,20.7,19.2,0.0,0.0,3.0,6.55,0,3
2025-06-28T23:00,20.2,18.8,0.0,0.0,1.5,6.46,0,0
2025-06-29T00:00,19.9,18.4,0.0,0.0,0.6,6.08,0,0
2025-06-29T01:00,19.8,17.8,0.0,0.0,2.1,5.44,0,4
2025-06-29T02:00,19.9,17.2,0.0,0.0,2.8,4.58,0,10
2025-06-29T03:00,19.0,17.2,1.0,5.0,2.3,3.68,100,14
2025-06-29T04:00,20.1,18.3,48.0,83.0,2.6,2.72,99,14
2025-06-29T05:00,21.4,20.1,181.0,193.0,1.2,1.84,4,13
2025-06-29T06:00,22.2,21.7,235.0,308.0,0.9,1.7,100,12
2025-06-29T07:00,24.5,23.0,432.0,423.0,1.0,2.02,3,13
2025-06-29T08:00,25.4,24.2,303.0,519.0,0.9,3.26,39,14
2025-06-29T09:00,26.2,25.3,317.0,571.0,0.1,4.18,100,14
2025-06-29T10:00,28.3,26.5,613.0,582.0,2.8,4.0,100,10
2025-06-29T11:00,29.4,27.6,507.0,585.0,3.5,3.64,77,4
2025-06-29T12:00,29.7,28.3,782.0,606.0,3.0,3.62,100,0
2025-06-29T13:00,30.3,28.7,468.0,616.0,5.2,3.68,46,0
2025-06-29T14:00,30.7,28.8,648.0,572.0,6.6,4.32,8,0
2025-06-29T15:00,30.3,28.5,544.0,470.0,6.9,5.41,0,0
2025-06-29T16:00,29.1,27.5,392.0,342.0,7.9,6.14,0,0
2025-06-29T17:00,28.2,26.1,241.0,210.0,8.6,6.69,0,1
2025-06-29T18:00,27.5,24.8,104.0,91.0,4.6,6.92,0,2
2025-06-29T19:00,26.1,23.6,13.0,11.0,3.2,6.73,0,5
2025-06-29T20:00,24.9,22.5,0.0,0.0,3.0,6.18,0,9
2025-06-29T21:00,24.3,21.7,0.0,0.0,1.9,5.85,0,12
2025-06-29T22:00,23.5,21.3,0.0,0.0,1.0,5.91,0,14
2025-06-29T23:00,23.2,21.1,0.0,0.0,0.5,6.17,1,16
2025-06-30T00:00,22.6,21.0,0.0,0.0,1.2,6.58,0,15
2025-06-30T01:00,22.1,20.6,0.0,0.0,3.8,7.18,0,11
2025-06-30T02:00,20.8,20.2,0.0,0.0,2.2,7.84,100,4
2025-06-30T03:00,21.0,20.2,3.0,4.0,5.0,8.3,17,0
2025-06-30T04:00,21.9,20.6,71.0,79.0,6.4,8.2,0,0
2025-06-30T05:00,22.7,21.3,201.0,189.0,7.9,7.79,9,0
2025-06-30T06:00,23.4,22.2,357.0,327.0,7.6,7.37,0,2
2025-06-30T07:00,24.2,23.2,512.0,496.0,8.1,6.84,53,6
2025-06-30T08:00,25.0,24.4,616.0,662.0,6.9,6.36,47,12
2025-06-30T09:00,25.9,25.3,787.0,790.0,6.4,6.13,27,14
2025-06-30T10:00,26.9,25.9,873.0,874.0,7.3,6.41,0,11
2025-06-30T11:00,27.7,26.3,925.0,910.0,7.6,6.86,0,5
2025-06-30T12:00,27.9,26.5,906.0,897.0,7.5,7.25,0,0
2025-06-30T13:00,28.0,26.5,853.0,834.0,8.4,7.57,0,0
2025-06-30T14:00,27.8,26.3,749.0,725.0,9.0,7.89,0,0
2025-06-30T15:00,27.4,25.8,583.0,581.0,9.2,7.95,0,0
2025-06-30T16:00,26.7,24.7,428.0,421.0,9.7,7.63,0,0
2025-06-30T17:00,25.6,23.3,264.0,259.0,9.2,7.22,0,0
2025-06-30T18:00,24.1,22.0,109.0,114.0,5.6,6.91,0,0
2025-06-30T19:00,22.6,20.9,13.0,14.0,5.0,7.1,0,0
2025-06-30T20:00,21.5,20.0,0.0,0.0,3.0,7.4,0,0
2025-06-30T21:00,20.3,19.1,0.0,0.0,4.6,7.5,0,0
2025-06-30T22:00,19.2,18.1,0.0,0.0,7.0,7.11,0,0
2025-06-30T23:00,18.6,17.2,0.0,0.0,7.4,6.65,0,0
2025-07-01T00:00,18.5,16.4,0.0,0.0,7.7,6.32,0,0
2025-07-01T01:00,18.2,15.7,0.0,0.0,6.4,6.4,0,0
2025-07-01T02:00,17.3,15.1,0.0,0.0,6.9,6.65,0,0
2025-07-01T03:00,17.0,15.0,3.0,5.0,6.4,6.63,0,0
2025-07-01T04:00,16.9,15.8,74.0,88.0,6.7,6.04,0,0
2025-07-01T05:00,18.2,17.2,209.0,211.0,5.8,5.16,0,0
2025-07-01T06:00,19.4,18.6,372.0,355.0,5.9,4.69,0,0
2025-07-01T07:00,20.6,19.9,535.0,520.0,5.6,4.85,0,0
2025-07-01T08:00,22.1,21.4,686.0,677.0,5.1,5.41,0,0
2025-07-01T09:00,23.5,22.6,804.0,797.0,6.0,5.9,0,0
2025-07-01T10:00,24.9,23.5,886.0,874.0,6.5,6.0,0,0
2025-07-01T11:00,26.1,24.3,923.0,905.0,6.3,5.91,0,0
2025-07-01T12:00,26.9,24.7,903.0,888.0,6.5,5.94,0,0
2025-07-01T13:00,27.3,24.9,839.0,824.0,6.7,6.18,0,0
2025-07-01T14:00,27.4,24.9,731.0,715.0,7.1,6.53,0,0
2025-07-01T15:00,26.9,24.5,581.0,576.0,7.9,6.79,0,0
2025-07-01T16:00,26.3,23.7,421.0,419.0,8.0,6.77,0,0
2025-07-01T17:00,25.2,22.5,257.0,256.0,8.0,6.58,0,0
2025-07-01T18:00,23.7,21.3,108.0,107.0,8.0,6.33,0,0
2025-07-01T19:00,22.3,20.0,13.0,12.0,7.7,5.79,0,0
2025-07-01T20:00,21.0,18.7,0.0,0.0,8.0,5.22,0,0
2025-07-01T21:00,19.6,17.5,0.0,0.0,7.9,4.68,0,0
2025-07-01T22:00,19.0,16.6,0.0,0.0,8.2,4.36,0,0
2025-07-01T23:00,18.7,15.7,0.0,0.0,7.7,4.3,0,0
2025-07-02T00:00,18.3,15.1,0.0,0.0,7.8,4.34,0,0
2025-07-02T01:00,17.6,14.5,0.0,0.0,7.8,4.39,0,0
2025-07-02T02:00,16.8,14.1,0.0,0.0,6.6,4.34,0,0
2025-07-02T03:00,16.1,14.5,3.0,4.0,5.8,4.15,0,0
2025-07-02T04:00,17.0,16.2,73.0,87.0,6.9,3.52,0,0
2025-07-02T05:00,19.8,18.7,206.0,210.0,6.6,2.67,0,0
2025-07-02T06:00,21.4,21.0,365.0,354.0,3.9,1.92,0,0
2025-07-02T07:00,23.8,22.6,525.0,518.0,3.0,1.5,0,0
2025-07-02T08:00,25.4,23.9,670.0,673.0,2.6,1.2,0,0
2025-07-02T09:00,26.8,25.2,790.0,791.0,1.7,0.91,0,0
2025-07-02T10:00,28.4,26.4,869.0,866.0,1.9,0.63,0,0
2025-07-02T11:00,29.7,27.5,902.0,895.0,2.2,0.57,0,0
2025-07-02T12:00,30.6,28.3,879.0,879.0,2.5,0.54,0,0
2025-07-02T13:00,31.3,29.1,813.0,816.0,2.4,0.8,0,0
2025-07-02T14:00,31.8,29.6,708.0,709.0,2.9,1.22,0,0
2025-07-02T15:00,32.2,29.6,572.0,568.0,2.8,1.17,0,0
2025-07-02T16:00,32.1,28.6,415.0,411.0,3.1,0.6,0,0
2025-07-02T17:00,31.3,27.1,252.0,254.0,3.3,1.75,0,0
2025-07-02T18:00,30.1,25.5,107.0,112.0,2.6,2.57,0,0
2025-07-02T19:00,28.2,23.9,13.0,14.0,1.9,1.9,0,0
2025-07-02T20:00,25.7,22.1,0.0,0.0,3.9,0.86,0,0
2025-07-02T21:00,24.3,20.7,0.0,0.0,6.4,1.21,0,0
2025-07-02T22:00,23.5,19.8,0.0,0.0,4.5,0.94,0,0
2025-07-02T23:00,23.3,19.2,0.0,0.0,0.2,0.22,0,0
2025-07-03T00:00,22.1,18.8,0.0,0.0,0.7,0.36,0,0
2025-07-03T01:00,21.4,18.3,0.0,0.0,1.0,0.51,0,0
2025-07-03T02:00,20.6,17.9,0.0,0.0,1.7,0.61,0,0
2025-07-03T03:00,20.1,18.3,3.0,4.0,1.7,0.85,0,0
2025-07-03T04:00,21.0,19.8,71.0,87.0,1.0,1.04,0,0
2025-07-03T05:00,23.0,22.0,203.0,210.0,0.5,1.33,0,0
2025-07-03T06:00,25.1,24.1,361.0,354.0,1.5,1.7,0,0
2025-07-03T07:00,27.9,26.0,520.0,518.0,2.9,2.53,0,0
2025-07-03T08:00,30.0,27.8,664.0,673.0,3.2,3.57,0,0
2025-07-03T09:00,32.1,29.3,786.0,791.0,4.1,4.44,0,0
2025-07-03T10:00,33.9,30.6,863.0,867.0,3.9,4.83,0,0
2025-07-03T11:00,35.3,31.6,895.0,897.0,4.6,4.99,0,0
2025-07-03T12:00,36.3,32.3,880.0,880.0,4.4,5.08,0,0
2025-07-03T13:00,37.0,32.8,814.0,817.0,5.0,4.94,0,0
2025-07-03T14:00,37.4,33.0,709.0,709.0,5.3,4.69,0,0
2025-07-03T15:00,37.4,32.8,569.0,570.0,5.4,4.66,0,0
2025-07-03T16:00,37.2,32.0,412.0,415.0,5.6,5.01,0,0
2025-07-03T17:00,36.5,30.8,250.0,253.0,5.7,5.59,0,0
2025-07-03T18:00,35.0,29.5,105.0,106.0,6.8,5.64,0,0
2025-07-03T19:00,33.0,28.1,12.0,12.0,6.1,4.97,0,0
2025-07-03T20:00,30.8,26.7,0.0,0.0,2.4,3.71,0,0
2025-07-03T21:00,28.8,25.2,0.0,0.0,2.0,2.14,0,0
2025-07-03T22:00,27.4,23.6,0.0,0.0,6.9,1.25,0,0
2025-07-03T23:00,26.9,21.9,0.0,0.0,9.5,3.52,0,0
2025-07-04T00:00,26.1,20.9,0.0,0.0,9.6,5.85,0,0
2025-07-04T01:00,25.0,20.8,0.0,0.0,9.6,7.53,0,0
2025-07-04T02:00,23.9,21.4,0.0,0.0,9.9,8.73,0,1
2025-07-04T03:00,23.4,21.9,3.0,4.0,11.1,9.52,0,1
2025-07-04T04:00,23.2,22.1,67.0,83.0,10.9,9.71,0,1
2025-07-04T05:00,23.6,22.1,194.0,203.0,11.8,9.5,0,0
2025-07-04T06:00,24.2,22.4,348.0,350.0,10.8,9.3,0,0
2025-07-04T07:00,25.1,23.2,502.0,521.0,10.5,9.31,8,0
2025-07-04T08:00,25.9,24.2,640.0,657.0,10.4,9.43,5,0
2025-07-04T09:00,25.6,24.5,724.0,675.0,11.7,9.43,68,0
2025-07-04T10:00,26.0,23.3,676.0,596.0,10.6,9.11,69,10
2025-07-04T11:00,24.4,21.4,289.0,515.0,10.1,8.8,100,24
2025-07-04T12:00,24.4,20.1,474.0,492.0,11.8,8.6,100,34
2025-07-04T13:00,19.5,20.5,188.0,485.0,10.5,8.8,100,38
2025-07-04T14:00,17.5,21.6,133.0,450.0,12.4,9.11,100,39
2025-07-04T15:00,17.8,22.2,133.0,387.0,11.9,9.33,100,35
2025-07-04T16:00,18.5,22.0,102.0,304.0,10.4,9.4,100,25
2025-07-04T17:00,19.3,21.4,47.0,199.0,10.1,9.32,100,10
2025-07-04T18:00,20.3,20.6,87.0,89.0,10.1,9.07,98,0
2025-07-04T19:00,19.8,19.7,10.0,11.0,9.9,8.37,0,0
2025-07-04T20:00,19.2,18.7,0.0,0.0,9.3,7.55,0,0
2025-07-04T21:00,17.0,17.9,0.0,0.0,9.8,7.11,0,0
2025-07-04T22:00,16.7,17.3,0.0,0.0,9.9,7.2,0,0
2025-07-04T23:00,16.4,16.8,0.0,0.0,8.5,7.5,0,0
2025-07-05T00:00,17.0,16.3,0.0,0.0,9.0,7.6,0,0
2025-07-05T01:00,16.6,15.4,0.0,0.0,9.1,7.2,0,0
2025-07-05T02:00,16.4,14.4,0.0,0.0,9.9,6.61,0,0
2025-07-05T03:00,16.2,14.2,2.0,3.0,9.0,6.01,0,0
2025-07-05T04:00,16.6,15.4,70.0,85.0,7.6,5.32,0,1
2025-07-05T05:00,17.9,17.4,204.0,209.0,6.7,4.73,0,3
2025-07-05T06:00,19.4,19.3,366.0,354.0,5.9,4.22,0,4
2025-07-05T07:00,21.3,20.9,530.0,520.0,5.5,4.1,0,3
2025-07-05T08:00,23.1,22.3,679.0,678.0,4.5,4.37,0,1
2025-07-05T09:00,24.7,23.6,805.0,799.0,4.4,4.37,0,0
2025-07-05T10:00,26.2,24.5,892.0,877.0,4.0,3.98,0,0
2025-07-05T11:00,27.5,25.2,929.0,908.0,3.7,3.32,0,0
2025-07-05T12:00,28.0,25.7,913.0,893.0,2.9,2.72,0,0
2025-07-05T13:00,28.6,26.2,852.0,830.0,2.5,2.55,0,0
2025-07-05T14:00,29.0,26.6,743.0,721.0,2.3,2.44,0,0
2025-07-05T15:00,29.0,26.5,596.0,580.0,2.2,2.05,0,0
2025-07-05T16:00,28.8,26.0,434.0,421.0,2.2,0.57,0,0
2025-07-05T17:00,28.3,25.0,264.0,258.0,2.7,1.27,0,0
2025-07-05T18:00,27.0,23.8,111.0,108.0,3.8,2.34,0,0
2025-07-05T19:00,25.0,22.2,12.0,12.0,3.7,1.75,0,0
2025-07-05T20:00,23.2,20.4,0.0,0.0,3.0,1.2,0,0
2025-07-05T21:00,21.7,18.9,0.0,0.0,3.5,2.12,0,0
2025-07-05T22:00,20.5,17.9,0.0,0.0,5.2,2.33,0,0
2025-07-05T23:00,20.2,17.2,0.0,0.0,4.6,2.31,0,0
2025-07-06T00:00,19.3,16.7,0.0,0.0,4.3,2.19,96,0
2025-07-06T01:00,18.9,15.9,0.0,0.0,5.2,2.15,84,0
2025-07-06T02:00,18.3,15.2,0.0,0.0,5.2,2.06,100,0
2025-07-06T03:00,17.9,15.4,2.0,3.0,4.7,1.91,72,4
2025-07-06T04:00,18.1,17.1,62.0,82.0,4.4,1.61,91,21
2025-07-06T05:00,19.8,19.8,190.0,203.0,3.0,1.25,36,43
2025-07-06T06:00,22.5,22.2,337.0,341.0,0.6,0.81,38,57
2025-07-06T07:00,24.9,24.0,443.0,495.0,0.5,0.89,70,55
2025-07-06T08:00,26.9,25.7,475.0,640.0,2.0,2.2,100,44
2025-07-06T09:00,29.6,27.1,744.0,752.0,3.7,3.37,14,32
2025-07-06T10:00,31.4,28.3,844.0,827.0,4.6,4.05,1,19
2025-07-06T11:00,32.4,29.2,870.0,856.0,6.1,4.61,1,6
2025-07-06T12:00,33.0,29.9,808.0,843.0,5.7,4.88,14,1
2025-07-06T13:00,32.7,30.4,554.0,783.0,5.7,4.9,100,11
2025-07-06T14:00,32.2,30.8,315.0,672.0,5.3,4.95,89,30
2025-07-06T15:00,31.5,30.7,365.0,522.0,5.9,5.2,1,47
2025-07-06T16:00,31.6,29.9,399.0,360.0,3.8,5.51,0,60
2025-07-06T17:00,30.5,28.7,238.0,208.0,3.3,5.81,84,72
2025-07-06T18:00,31.0,27.6,101.0,83.0,6.4,5.61,4,74
2025-07-06T19:00,29.0,26.6,11.0,8.0,7.1,4.61,0,60
2025-07-06T20:00,27.3,25.6,0.0,0.0,8.1,3.11,0,36
2025-07-06T21:00,26.3,24.7,0.0,0.0,6.5,2.2,1,20
2025-07-06T22:00,25.7,23.8,0.0,0.0,6.4,2.4,1,17
2025-07-06T23:00,25.2,23.0,0.0,0.0,5.7,3.2,100,22
2025-07-07T00:00,24.1,22.1,0.0,0.0,4.5,3.7,100,31
2025-07-07T01:00,24.2,20.8,0.0,0.0,7.8,3.54,100,50
2025-07-07T02:00,23.1,19.5,0.0,0.0,5.2,3.23,100,73
2025-07-07T03:00,21.6,19.0,1.0,2.0,3.4,3.14,100,82
2025-07-07T04:00,22.5,20.0,53.0,63.0,0.5,3.14,57,61
2025-07-07T05:00,23.7,21.9,174.0,160.0,0.9,3.32,95,25
2025-07-07T06:00,22.4,23.9,283.0,290.0,3.0,3.7,100,0
2025-07-07T07:00,24.3,25.8,468.0,456.0,4.0,4.14,0,0
2025-07-07T08:00,26.3,27.8,632.0,613.0,4.4,4.87,43,8
2025-07-07T09:00,29.2,29.1,721.0,708.0,4.8,5.59,98,17
2025-07-07T10:00,30.6,29.2,814.0,743.0,5.9,6.17,2,20
2025-07-07T11:00,31.4,28.6,854.0,737.0,7.7,6.71,92,21
2025-07-07T12:00,29.3,27.8,649.0,707.0,8.8,6.89,93,26
2025-07-07T13:00,28.8,27.1,669.0,644.0,5.3,6.41,100,36
2025-07-07T14:00,26.3,26.3,373.0,545.0,5.0,5.57,100,49
2025-07-07T15:00,25.0,25.5,229.0,419.0,2.0,4.94,100,61
2025-07-07T16:00,21.8,24.8,13.0,287.0,4.2,4.92,100,76
2025-07-07T17:00,20.8,24.1,26.0,167.0,3.5,5.19,100,89
2025-07-07T18:00,20.5,23.3,40.0,69.0,6.4,5.38,98,90
2025-07-07T19:00,20.2,22.3,9.0,7.0,5.8,4.89,100,65
2025-07-07T20:00,20.5,21.2,0.0,0.0,7.4,4.11,100,27
2025-07-07T21:00,20.5,20.3,0.0,0.0,5.8,3.4,100,0
2025-07-07T22:00,20.6,19.7,0.0,0.0,6.3,3.11,100,0
2025-07-07T23:00,20.1,19.4,0.0,0.0,4.7,2.97,7,0
2025-07-08T00:00,19.9,19.0,0.0,0.0,2.8,2.59,100,5
2025-07-08T01:00,19.8,18.3,0.0,0.0,3.6,1.39,100,15
2025-07-08T02:00,19.5,17.5,0.0,0.0,3.0,0.36,100,27
2025-07-08T03:00,19.0,17.4,1.0,2.0,2.5,1.1,100,34
2025-07-08T04:00,19.2,18.4,27.0,67.0,1.8,1.08,100,30
2025-07-08T05:00,19.3,20.1,80.0,173.0,2.7,0.72,99,20
2025-07-08T06:00,19.7,21.7,328.0,309.0,1.5,0.78,27,17
2025-07-08T07:00,21.0,23.3,484.0,475.0,1.7,1.96,11,26
2025-07-08T08:00,22.7,24.9,626.0,622.0,2.0,3.61,2,41
2025-07-08T09:00,24.0,25.8,670.0,697.0,3.4,4.61,100,55
2025-07-08T10:00,24.7,25.5,582.0,698.0,3.8,4.55,100,68
2025-07-08T11:00,24.2,24.4,245.0,636.0,3.6,4.46,100,80
2025-07-08T12:00,21.2,23.4,52.0,499.0,2.5,4.22,100,90
2025-07-08T13:00,21.0,22.4,82.0,325.0,0.1,2.56,100,96
2025-07-08T14:00,19.9,21.4,60.0,203.0,5.8,0.45,100,99
2025-07-08T15:00,20.9,20.6,30.0,169.0,6.2,1.81,100,100
2025-07-08T16:00,21.1,20.1,54.0,155.0,6.8,2.19,100,99
2025-07-08T17:00,20.8,19.8,58.0,106.0,6.6,3.54,100,95
2025-07-08T18:00,18.7,19.4,4.0,38.0,6.9,4.82,100,90
2025-07-08T19:00,19.0,18.8,1.0,2.0,6.6,4.55,100,81
2025-07-08T20:00,18.8,18.1,0.0,0.0,7.1,3.57,100,70
2025-07-08T21:00,18.1,17.6,0.0,0.0,5.8,2.65,100,63
2025-07-08T22:00,17.7,17.2,0.0,0.0,5.8,1.92,100,63
2025-07-08T23:00,17.3,16.9,0.0,0.0,4.8,1.77,100,67
2025-07-09T00:00,17.1,16.7,0.0,0.0,5.0,2.39,100,73
2025-07-09T01:00,16.8,16.5,0.0,0.0,5.3,3.38,100,82
2025-07-09T02:00,16.6,16.5,0.0,0.0,3.5,5.1,100,93
2025-07-09T03:00,16.7,16.4,0.0,0.0,2.9,6.22,100,100
2025-07-09T04:00,16.5,16.3,1.0,12.0,3.2,5.6,100,99
2025-07-09T05:00,16.3,16.1,2.0,34.0,2.6,4.34,100,94
2025-07-09T06:00,16.7,16.2,48.0,68.0,1.1,3.52,100,91
2025-07-09T07:00,16.8,16.7,102.0,120.0,0.4,2.34,100,94
2025-07-09T08:00,17.2,17.5,54.0,193.0,2.0,1.4,100,100
2025-07-09T09:00,16.9,18.1,94.0,296.0,3.7,2.08,100,100
2025-07-09T10:00,17.7,18.6,207.0,415.0,2.1,2.95,100,91
2025-07-09T11:00,17.9,19.0,141.0,498.0,7.5,3.93,100,77
2025-07-09T12:00,17.6,19.1,480.0,522.0,11.1,4.57,100,65
2025-07-09T13:00,16.5,18.9,137.0,494.0,11.3,4.44,100,57
2025-07-09T14:00,16.7,18.4,196.0,410.0,11.1,3.9,100,51
2025-07-09T15:00,16.6,17.9,95.0,266.0,9.7,2.86,100,52
2025-07-09T16:00,16.5,17.1,49.0,124.0,9.2,1.55,100,65
2025-07-09T17:00,16.4,16.2,70.0,44.0,7.8,3.79,100,85
2025-07-09T18:00,15.7,15.6,21.0,17.0,10.3,5.71,100,100
2025-07-09T19:00,15.5,15.4,1.0,3.0,9.6,4.81,100,100
2025-07-09T20:00,15.3,15.4,0.0,0.0,8.5,3.0,100,100
2025-07-09T21:00,14.6,15.4,0.0,0.0,8.4,2.8,100,100
2025-07-09T22:00,14.2,15.3,0.0,0.0,8.4,5.13,100,93
2025-07-09T23:00,14.1,15.2,0.0,0.0,7.9,9.12,100,83
2025-07-10T00:00,14.3,15.1,0.0,0.0,7.5,11.86,100,74
2025-07-10T01:00,14.4,15.0,0.0,0.0,5.3,11.57,100,67
2025-07-10T02:00,14.6,14.9,0.0,0.0,4.2,9.84,100,62
2025-07-10T03:00,14.5,15.0,0.0,1.0,5.3,8.38,100,60
2025-07-10T04:00,15.2,15.2,10.0,25.0,7.2,7.93,100,64
2025-07-10T05:00,16.2,15.5,52.0,67.0,3.8,7.73,100,72
2025-07-10T06:00,16.7,15.9,185.0,124.0,1.6,7.82,100,75
2025-07-10T07:00,16.8,16.5,81.0,197.0,3.9,8.15,100,70
2025-07-10T08:00,16.8,17.2,68.0,269.0,3.6,8.81,100,60
2025-07-10T09:00,17.6,17.8,150.0,306.0,7.1,9.17,100,53
2025-07-10T10:00,18.1,18.0,360.0,317.0,8.8,8.86,100,50
2025-07-10T11:00,18.0,18.2,205.0,341.0,6.7,8.36,100,50
2025-07-10T12:00,19.0,18.4,362.0,412.0,4.9,7.78,100,48
2025-07-10T13:00,19.3,18.9,324.0,484.0,6.3,7.35,100,43
2025-07-10T14:00,18.5,19.5,384.0,491.0,7.0,7.12,100,37
2025-07-10T15:00,17.6,19.6,184.0,421.0,7.3,6.89,100,32
2025-07-10T16:00,17.0,18.9,63.0,314.0,5.0,6.77,100,28
2025-07-10T17:00,17.5,17.7,120.0,194.0,3.4,6.79,22,24
2025-07-10T18:00,16.5,16.7,61.0,81.0,0.6,6.58,42,20
2025-07-10T19:00,15.8,15.8,9.0,8.0,2.1,6.09,18,12
2025-07-10T20:00,15.3,15.1,0.0,0.0,3.8,5.58,18,3
2025-07-10T21:00,15.8,14.4,0.0,0.0,3.6,5.25,100,1
2025-07-10T22:00,16.0,13.8,0.0,0.0,3.5,5.17,4,13
2025-07-10T23:00,14.6,13.2,0.0,0.0,2.1,5.24,1,31
2025-07-11T00:00,12.9,12.7,0.0,0.0,2.5,5.1,8,42
2025-07-11T01:00,12.5,12.0,0.0,0.0,2.2,4.88,23,38
2025-07-11T02:00,12.4,11.4,0.0,0.0,1.5,4.6,19,26
2025-07-11T03:00,12.6,11.5,1.0,1.0,1.1,4.12,5,17
2025-07-11T04:00,12.8,12.9,59.0,68.0,1.7,3.34,0,15
2025-07-11T05:00,15.3,15.0,189.0,179.0,2.6,2.55,0,16
2025-07-11T06:00,16.5,16.9,343.0,306.0,2.0,1.84,0,18
2025-07-11T07:00,18.5,18.2,511.0,446.0,3.9,1.84,0,21
2025-07-11T08:00,20.3,19.3,661.0,573.0,5.2,2.09,0,25
2025-07-11T09:00,21.9,19.9,762.0,659.0,6.3,2.4,34,26
2025-07-11T10:00,22.9,19.9,841.0,699.0,6.7,2.73,69,21
2025-07-11T11:00,23.2,19.4,774.0,694.0,6.2,3.54,97,14
2025-07-11T12:00,23.1,19.1,817.0,639.0,4.8,4.19,3,9
2025-07-11T13:00,24.2,19.4,811.0,546.0,3.5,4.07,3,9
2025-07-11T14:00,22.6,19.9,547.0,443.0,7.2,3.49,0,12
2025-07-11T15:00,23.3,20.0,560.0,344.0,4.4,3.1,1,14
2025-07-11T16:00,22.8,19.2,379.0,247.0,4.5,2.92,92,12
2025-07-11T17:00,21.4,17.9,110.0,151.0,4.0,2.67,100,9
2025-07-11T18:00,20.2,16.7,49.0,65.0,2.2,2.5,95,12
2025-07-11T19:00,19.7,15.8,6.0,7.0,3.7,2.33,66,28
2025-07-11T20:00,19.0,15.0,0.0,0.0,4.7,2.3,73,50
2025-07-11T21:00,18.0,14.4,0.0,0.0,3.3,2.43,100,62
2025-07-11T22:00,16.9,14.1,0.0,0.0,1.8,2.65,29,51
2025-07-11T23:00,16.1,14.1,0.0,0.0,3.1,2.83,23,29
2025-07-12T00:00,15.4,14.0,0.0,0.0,4.1,3.03,88,20
2025-07-12T01:00,15.6,13.5,0.0,0.0,1.9,3.24,1,39
2025-07-12T02:00,15.1,13.0,0.0,0.0,1.6,3.37,24,69
2025-07-12T03:00,13.9,13.0,1.0,1.0,1.7,3.37,88,87
2025-07-12T04:00,14.2,13.9,55.0,72.0,0.7,3.14,15,76
2025-07-12T05:00,15.8,15.4,180.0,191.0,1.4,2.81,6,51
2025-07-12T06:00,18.3,16.7,339.0,320.0,1.7,2.7,0,35
2025-07-12T07:00,20.0,17.9,499.0,455.0,2.7,3.11,3,39
2025-07-12T08:00,21.6,19.0,641.0,567.0,4.0,3.88,90,52
2025-07-12T09:00,21.9,19.9,683.0,618.0,3.6,4.46,86,63
2025-07-12T10:00,23.4,20.6,773.0,614.0,4.9,5.0,7,72
2025-07-12T11:00,23.9,21.1,603.0,593.0,5.7,5.42,99,80
2025-07-12T12:00,18.5,21.3,396.0,581.0,2.4,5.46,100,79
2025-07-12T13:00,20.4,21.1,448.0,557.0,1.2,4.84,83,59
2025-07-12T14:00,17.2,20.6,368.0,501.0,3.4,4.03,100,29
2025-07-12T15:00,17.0,19.9,44.0,416.0,4.8,3.42,100,10
2025-07-12T16:00,17.4,18.9,133.0,312.0,3.1,2.88,77,13
2025-07-12T17:00,18.3,17.8,179.0,195.0,1.6,2.5,94,28
2025-07-12T18:00,20.2,16.9,66.0,81.0,3.9,2.28,99,41
2025-07-12T19:00,19.1,16.5,6.0,8.0,2.7,2.62,62,47
2025-07-12T20:00,18.0,16.4,0.0,0.0,2.7,3.98,42,52
2025-07-12T21:00,19.2,16.1,0.0,0.0,2.2,4.97,10,59
2025-07-12T22:00,18.7,15.5,0.0,0.0,4.1,4.31,13,72
2025-07-12T23:00,18.2,14.7,0.0,0.0,0.7,2.94,4,89
2025-07-13T00:00,15.5,14.1,0.0,0.0,3.0,2.04,0,100
2025-07-13T01:00,15.1,13.7,0.0,0.0,6.0,1.7,0,100
2025-07-13T02:00,15.0,13.5,0.0,0.0,6.0,1.49,98,100
2025-07-13T03:00,14.9,13.7,1.0,1.0,4.5,1.41,100,100
2025-07-13T04:00,15.2,14.7,31.0,50.0,5.1,1.42,98,84
2025-07-13T05:00,16.7,16.1,117.0,140.0,4.1,1.61,100,61
2025-07-13T06:00,17.5,17.5,126.0,269.0,1.6,2.06,100,43
2025-07-13T07:00,18.2,19.0,182.0,445.0,2.4,3.0,39,34
2025-07-13T08:00,20.5,20.5,454.0,620.0,2.4,4.32,100,29
2025-07-13T09:00,20.3,21.9,618.0,742.0,5.5,5.36,1,24
2025-07-13T10:00,22.7,23.3,830.0,806.0,3.1,5.84,13,16
2025-07-13T11:00,24.4,24.5,806.0,817.0,3.9,6.11,100,9
2025-07-13T12:00,26.0,25.0,581.0,779.0,5.7,5.93,100,8
2025-07-13T13:00,27.6,24.4,572.0,692.0,5.2,5.54,78,20
2025-07-13T14:00,24.1,23.2,326.0,570.0,12.2,5.6,100,40
2025-07-13T15:00,21.6,22.0,67.0,424.0,4.6,5.55,100,54
2025-07-13T16:00,21.3,21.1,298.0,278.0,2.5,4.16,6,58
2025-07-13T17:00,22.4,20.3,228.0,157.0,3.4,2.09,0,58
2025-07-13T18:00,23.3,19.6,85.0,66.0,1.2,0.54,48,54
2025-07-13T19:00,22.4,19.1,8.0,7.0,0.4,0.28,88,45
2025-07-13T20:00,21.9,18.8,0.0,0.0,0.2,0.63,100,33
2025-07-13T21:00,20.5,18.5,0.0,0.0,3.3,1.0,100,28
2025-07-13T22:00,20.9,18.1,0.0,0.0,1.4,1.14,99,37
2025-07-13T23:00,19.1,17.8,0.0,0.0,5.5,1.06,100,52
2025-07-14T00:00,18.7,17.4,0.0,0.0,4.2,1.06,0,60
2025-07-14T01:00,18.7,17.0,0.0,0.0,1.7,1.34,0,54
2025-07-14T02:00,18.3,16.5,0.0,0.0,0.5,1.65,0,41
2025-07-14T03:00,17.9,16.6,0.0,1.0,4.6,1.94,46,30
2025-07-14T04:00,18.3,17.6,52.0,59.0,2.9,1.88,0,26
2025-07-14T05:00,19.7,19.2,179.0,165.0,1.7,1.91,0,24
2025-07-14T06:00,21.2,20.8,331.0,298.0,3.6,2.24,0,22
2025-07-14T07:00,23.0,22.2,489.0,461.0,2.4,2.66,0,16
2025-07-14T08:00,25.1,23.5,626.0,620.0,0.7,3.04,0,8
2025-07-14T09:00,26.6,24.7,253.0,741.0,0.4,3.24,100,7
2025-07-14T10:00,27.6,25.8,286.0,815.0,1.0,3.45,34,15
2025-07-14T11:00,30.6,26.8,839.0,838.0,4.0,4.03,0,30
2025-07-14T12:00,31.4,27.3,855.0,809.0,4.5,4.53,100,45
2025-07-14T13:00,31.7,27.4,601.0,729.0,3.0,4.46,8,62
2025-07-14T14:00,32.0,27.2,674.0,609.0,5.4,4.1,11,80
2025-07-14T15:00,28.8,26.5,429.0,457.0,4.7,3.25,92,90
2025-07-14T16:00,28.6,25.2,355.0,301.0,3.2,1.97,99,89
2025-07-14T17:00,27.7,23.5,182.0,171.0,2.8,1.22,100,81
2025-07-14T18:00,26.3,22.1,67.0,71.0,6.1,2.04,100,70
2025-07-14T19:00,25.0,21.1,4.0,7.0,3.3,2.5,82,55
2025-07-14T20:00,23.9,20.4,0.0,0.0,2.7,2.51,34,37
2025-07-14T21:00,22.3,19.7,0.0,0.0,4.6,2.52,100,25
2025-07-14T22:00,21.9,19.2,0.0,0.0,4.8,2.72,18,25
2025-07-14T23:00,21.2,18.8,0.0,0.0,2.2,2.92,0,31
2025-07-15T00:00,19.4,18.4,0.0,0.0,5.8,2.91,29,36
2025-07-15T01:00,19.1,17.8,0.0,0.0,7.3,2.6,26,36
2025-07-15T02:00,19.8,17.2,0.0,0.0,6.3,2.2,100,34
2025-07-15T03:00,18.8,17.2,0.0,0.0,0.9,1.91,71,34
2025-07-15T04:00,19.4,18.2,33.0,48.0,2.1,2.16,100,38
2025-07-15T05:00,21.0,19.8,95.0,137.0,1.4,2.62,100,44
2025-07-15T06:00,21.7,21.5,218.0,242.0,3.9,2.85,33,46
2025-07-15T07:00,23.7,23.2,407.0,364.0,2.4,2.44,34,41
2025-07-15T08:00,25.5,25.1,545.0,491.0,2.4,1.77,98,32
2025-07-15T09:00,25.5,26.5,428.0,620.0,2.6,1.14,100,24
2025-07-15T10:00,27.3,27.5,510.0,736.0,2.7,0.72,82,16
2025-07-15T11:00,22.5,28.2,241.0,787.0,7.9,0.61,100,8
2025-07-15T12:00,20.4,28.4,65.0,739.0,9.5,0.7,100,5
2025-07-15T13:00,19.8,27.9,37.0,625.0,0.5,0.76,100,13
2025-07-15T14:00,22.4,27.0,510.0,498.0,2.8,1.91,0,27
2025-07-15T15:00,23.0,25.9,368.0,383.0,3.2,2.73,0,35
2025-07-15T16:00,23.4,24.6,386.0,269.0,3.2,2.61,13,32
2025-07-15T17:00,23.3,23.1,221.0,157.0,4.1,2.46,4,23
2025-07-15T18:00,22.8,21.8,87.0,60.0,4.8,2.62,15,16
2025-07-15T19:00,22.0,20.8,7.0,4.0,3.4,3.02,0,11
2025-07-15T20:00,21.2,19.9,0.0,0.0,3.2,3.62,88,8
2025-07-15T21:00,21.1,19.2,0.0,0.0,1.5,3.92,22,11
2025-07-15T22:00,20.7,18.7,0.0,0.0,1.5,3.51,68,25
2025-07-15T23:00,20.0,18.4,0.0,0.0,0.5,2.82,99,44
2025-07-16T00:00,20.1,18.2,0.0,0.0,1.4,2.42,1,59
2025-07-16T01:00,19.0,17.8,0.0,0.0,0.8,2.66,100,62
2025-07-16T02:00,19.1,17.3,0.0,0.0,0.7,3.28,100,61
2025-07-16T03:00,19.1,17.2,0.0,0.0,3.0,3.62,100,63
2025-07-16T04:00,19.4,17.6,8.0,31.0,5.8,3.41,100,74
2025-07-16T05:00,20.5,18.2,115.0,92.0,7.1,3.01,99,89
2025-07-16T06:00,20.9,18.9,171.0,173.0,4.8,2.77,100,100
2025-07-16T07:00,20.9,19.8,156.0,279.0,4.8,2.64,100,100
2025-07-16T08:00,21.0,20.9,127.0,384.0,4.7,2.4,38,100
2025-07-16T09:00,22.1,21.8,350.0,462.0,3.7,2.01,100,100
2025-07-16T10:00,24.2,22.5,647.0,508.0,6.1,1.33,0,97
2025-07-16T11:00,23.1,23.0,653.0,524.0,3.6,0.89,100,94
2025-07-16T12:00,21.6,23.3,365.0,506.0,3.4,1.24,1,90
2025-07-16T13:00,23.2,23.1,788.0,458.0,4.5,1.39,3,88
2025-07-16T14:00,24.0,22.5,680.0,396.0,3.1,1.3,28,86
2025-07-16T15:00,25.0,21.9,270.0,335.0,3.2,0.98,100,79
2025-07-16T16:00,24.6,21.4,221.0,262.0,2.6,0.5,100,57
2025-07-16T17:00,24.0,20.8,136.0,165.0,2.8,0.5,100,30
2025-07-16T18:00,20.4,20.0,21.0,64.0,2.2,0.91,100,17
2025-07-16T19:00,19.7,18.9,4.0,4.0,2.0,1.08,83,34
2025-07-16T20:00,19.8,17.6,0.0,0.0,1.7,1.2,5,66
2025-07-16T21:00,18.8,16.6,0.0,0.0,3.2,1.43,0,86
2025-07-16T22:00,17.9,16.0,0.0,0.0,0.6,1.3,9,78
2025-07-16T23:00,17.1,15.7,0.0,0.0,0.2,0.85,56,57
2025-07-17T00:00,17.0,15.4,0.0,0.0,0.4,0.63,4,43
2025-07-17T01:00,16.2,14.7,0.0,0.0,0.6,0.8,33,47
2025-07-17T02:00,16.7,14.0,0.0,0.0,1.7,1.22,100,57
2025-07-17T03:00,16.8,13.8,0.0,0.0,1.3,1.73,100,62
2025-07-17T04:00,17.0,14.5,36.0,41.0,4.2,2.31,18,54
2025-07-17T05:00,17.2,15.6,102.0,122.0,5.4,3.0,100,40
2025-07-17T06:00,18.1,16.6,29.0,222.0,2.3,3.4,91,32
2025-07-17T07:00,19.3,17.4,420.0,343.0,0.8,3.2,52,34
2025-07-17T08:00,19.9,18.2,269.0,454.0,1.1,2.7,78,42
2025-07-17T09:00,18.6,18.6,170.0,521.0,1.2,2.12,100,50
2025-07-17T10:00,19.5,18.6,405.0,544.0,1.4,1.5,100,57
2025-07-17T11:00,21.3,18.3,582.0,538.0,2.0,1.73,100,64
2025-07-17T12:00,19.9,18.1,584.0,503.0,3.0,2.1,99,68
2025-07-17T13:00,20.5,18.2,563.0,444.0,2.5,1.79,100,69
2025-07-17T14:00,17.5,18.4,104.0,387.0,6.1,2.38,100,67
2025-07-17T15:00,18.3,18.3,149.0,344.0,2.5,3.7,100,61
2025-07-17T16:00,17.4,17.8,194.0,289.0,6.7,4.82,100,46
2025-07-17T17:00,16.9,17.0,139.0,196.0,5.9,5.81,78,25
2025-07-17T18:00,18.0,16.3,15.0,85.0,4.9,6.31,100,12
2025-07-17T19:00,16.4,15.6,0.0,7.0,5.9,6.0,100,12
2025-07-17T20:00,16.2,14.9,0.0,0.0,7.5,5.3,100,18
2025-07-17T21:00,16.7,14.3,0.0,0.0,6.7,4.81,100,24
2025-07-17T22:00,16.4,14.0,0.0,0.0,6.2,4.74,100,27
2025-07-17T23:00,16.4,13.9,0.0,0.0,5.9,4.87,100,30
2025-07-18T00:00,15.4,13.8,0.0,0.0,6.6,4.92,100,35
2025-07-18T01:00,15.4,13.7,0.0,0.0,6.6,4.74,100,46
2025-07-18T02:00,15.5,13.7,0.0,0.0,6.2,4.52,100,60
2025-07-18T03:00,13.6,14.1,0.0,0.0,7.3,4.25,0,70
2025-07-18T04:00,14.5,15.0,46.0,45.0,6.7,3.77,3,71
2025-07-18T05:00,15.9,16.2,90.0,133.0,5.6,3.28,100,68
2025-07-18T06:00,16.9,17.3,99.0,222.0,3.7,2.69,100,64
2025-07-18T07:00,15.7,18.0,36.0,305.0,3.8,2.11,100,61
2025-07-18T08:00,15.7,18.7,25.0,376.0,5.1,1.58,100,59
2025-07-18T09:00,15.7,19.1,38.0,423.0,5.2,1.5,100,58
2025-07-18T10:00,17.1,19.4,230.0,446.0,4.1,2.22,100,63
2025-07-18T11:00,18.0,19.6,364.0,455.0,4.4,3.36,100,69
2025-07-18T12:00,18.4,19.7,368.0,457.0,4.1,4.02,100,71
2025-07-18T13:00,18.9,19.9,349.0,444.0,3.4,3.55,100,62
2025-07-18T14:00,19.1,20.1,276.0,413.0,2.9,2.73,100,47
2025-07-18T15:00,19.2,20.0,154.0,370.0,2.6,2.02,100,38
2025-07-18T16:00,19.3,19.8,123.0,303.0,1.4,1.84,100,39
2025-07-18T17:00,19.4,19.4,132.0,204.0,0.8,1.82,60,44
2025-07-18T18:00,18.8,18.8,73.0,88.0,1.8,1.73,18,51
2025-07-18T19:00,17.7,17.9,6.0,7.0,0.6,1.39,78,58
2025-07-18T20:00,17.0,16.9,0.0,0.0,1.1,1.14,9,65
2025-07-18T21:00,17.9,16.0,0.0,0.0,2.7,1.12,49,71
2025-07-18T22:00,16.9,15.3,0.0,0.0,2.3,1.12,36,75
2025-07-18T23:00,16.0,14.7,0.0,0.0,0.7,1.08,35,77
2025-07-19T00:00,15.2,14.3,0.0,0.0,1.5,1.2,80,73
2025-07-19T01:00,14.4,13.9,0.0,0.0,2.1,1.14,75,59
2025-07-19T02:00,14.3,13.7,0.0,0.0,1.4,1.0,83,40
2025-07-19T03:00,14.4,13.9,0.0,0.0,1.8,0.86,11,27
2025-07-19T04:00,14.6,14.9,44.0,55.0,2.1,0.58,12,26
2025-07-19T05:00,16.3,16.4,167.0,167.0,2.4,0.41,0,31
2025-07-19T06:00,18.8,17.8,291.0,298.0,1.5,0.51,3,40
2025-07-19T07:00,20.8,19.1,484.0,446.0,1.5,1.36,2,57
2025-07-19T08:00,22.2,20.4,586.0,585.0,2.0,2.53,78,77
2025-07-19T09:00,22.6,21.6,671.0,686.0,1.1,3.36,100,83
2025-07-19T10:00,23.1,22.6,500.0,744.0,2.3,3.52,99,62
2025-07-19T11:00,24.6,23.5,714.0,760.0,2.9,3.69,53,28
2025-07-19T12:00,25.3,24.1,678.0,738.0,3.9,3.91,73,3
2025-07-19T13:00,26.0,24.4,675.0,676.0,3.4,4.14,90,0
2025-07-19T14:00,26.5,24.5,616.0,578.0,3.6,4.32,38,6
2025-07-19T15:00,25.6,24.2,168.0,450.0,2.4,4.36,100,11
2025-07-19T16:00,26.2,23.7,144.0,313.0,1.5,3.91,19,10
2025-07-19T17:00,25.3,22.8,174.0,192.0,2.7,3.26,100,7
2025-07-19T18:00,24.1,21.9,26.0,86.0,3.9,2.19,99,5
2025-07-19T19:00,23.5,20.7,2.0,7.0,3.4,1.0,99,3
2025-07-19T20:00,22.4,19.4,0.0,0.0,3.9,2.95,8,1
2025-07-19T21:00,21.3,18.3,0.0,0.0,4.7,4.39,95,0
2025-07-19T22:00,20.6,17.4,0.0,0.0,4.3,3.58,96,0
2025-07-19T23:00,20.3,16.8,0.0,0.0,4.8,1.71,3,0
2025-07-20T00:00,18.0,16.1,0.0,0.0,5.3,0.58,29,0
2025-07-20T01:00,18.1,15.2,0.0,0.0,4.4,0.78,83,1
2025-07-20T02:00,17.7,14.4,0.0,0.0,2.4,1.26,3,4
2025-07-20T03:00,18.2,14.5,0.0,0.0,2.5,1.53,100,5
2025-07-20T04:00,18.3,16.1,22.0,55.0,3.3,1.14,88,5
2025-07-20T05:00,19.6,18.6,102.0,171.0,1.7,0.45,8,4
2025-07-20T06:00,21.2,20.8,318.0,304.0,2.0,0.32,0,5
2025-07-20T07:00,23.3,22.3,477.0,454.0,2.6,0.54,0,10
2025-07-20T08:00,25.1,23.6,621.0,591.0,1.5,0.73,0,16
2025-07-20T09:00,26.2,24.5,741.0,683.0,1.1,1.04,0,19
2025-07-20T10:00,27.2,25.1,816.0,727.0,0.7,1.5,11,14
2025-07-20T11:00,28.4,25.5,799.0,741.0,2.8,2.28,48,5
2025-07-20T12:00,28.6,25.8,666.0,737.0,3.5,2.8,58,0
2025-07-20T13:00,29.2,26.3,641.0,701.0,4.1,2.94,67,1
2025-07-20T14:00,29.7,26.8,586.0,620.0,3.2,2.84,3,5
2025-07-20T15:00,30.2,26.8,530.0,493.0,2.6,2.41,1,10
2025-07-20T16:00,30.0,25.9,362.0,349.0,2.3,1.36,23,18
2025-07-20T17:00,29.4,24.6,209.0,216.0,2.4,0.28,3,27
2025-07-20T18:00,27.5,23.4,76.0,97.0,5.8,1.08,0,30
2025-07-20T19:00,25.5,22.5,5.0,7.0,3.0,1.43,0,23
2025-07-20T20:00,24.6,21.7,0.0,0.0,1.8,1.5,0,10
2025-07-20T21:00,23.5,20.9,0.0,0.0,1.9,1.51,0,1
2025-07-20T22:00,22.6,20.1,0.0,0.0,1.3,1.43,15,2
2025-07-20T23:00,21.9,19.2,0.0,0.0,1.2,1.49,39,7
2025-07-21T00:00,21.2,18.4,0.0,0.0,1.5,1.84,0,11
2025-07-21T01:00,20.6,17.6,0.0,0.0,2.3,1.93,0,12
2025-07-21T02:00,20.4,17.0,0.0,0.0,1.2,1.9,0,11
2025-07-21T03:00,19.9,17.0,0.0,0.0,2.6,1.77,0,10
2025-07-21T04:00,20.4,18.3,42.0,53.0,3.1,1.75,0,8
2025-07-21T05:00,21.7,20.4,164.0,171.0,3.7,1.66,0,6
2025-07-21T06:00,23.5,22.3,313.0,310.0,2.0,1.35,43,4
2025-07-21T07:00,25.6,24.0,471.0,472.0,1.2,0.7,0,2
2025-07-21T08:00,27.5,25.5,622.0,626.0,1.1,1.24,0,0
2025-07-21T09:00,29.4,26.9,738.0,741.0,2.3,2.22,0,0
2025-07-21T10:00,30.9,28.1,818.0,810.0,2.6,3.07,0,3
2025-07-21T11:00,32.1,29.2,853.0,832.0,3.3,3.89,0,8
2025-07-21T12:00,32.6,29.9,837.0,807.0,3.3,4.49,2,11
2025-07-21T13:00,33.3,30.3,776.0,735.0,3.0,4.97,8,8
2025-07-21T14:00,33.5,30.3,665.0,627.0,3.2,5.32,0,2
2025-07-21T15:00,33.5,30.0,526.0,489.0,5.2,5.35,1,0
2025-07-21T16:00,33.0,29.2,370.0,342.0,5.4,5.0,0,6
2025-07-21T17:00,32.2,28.1,186.0,209.0,6.3,4.36,98,15
2025-07-21T18:00,31.2,27.0,56.0,92.0,6.5,3.9,99,20
2025-07-21T19:00,29.6,26.1,3.0,7.0,4.3,3.61,100,18
2025-07-21T20:00,28.1,25.2,0.0,0.0,8.8,3.44,96,11
2025-07-21T21:00,27.1,24.3,0.0,0.0,8.0,3.42,0,6
2025-07-21T22:00,25.6,23.3,0.0,0.0,4.2,3.8,0,3
2025-07-21T23:00,25.3,22.2,0.0,0.0,4.2,4.58,4,1
2025-07-22T00:00,24.9,21.3,0.0,0.0,5.1,4.76,93,0
2025-07-22T01:00,24.0,20.5,0.0,0.0,6.5,4.08,2,0
2025-07-22T02:00,23.2,19.9,0.0,0.0,6.0,3.16,0,2
2025-07-22T03:00,21.8,19.7,0.0,0.0,1.0,1.99,48,4
2025-07-22T04:00,22.2,20.3,38.0,46.0,4.6,1.35,38,8
2025-07-22T05:00,22.7,21.3,147.0,155.0,3.7,4.41,48,13
2025-07-22T06:00,24.1,22.4,316.0,291.0,4.3,6.38,0,15
2025-07-22T07:00,24.8,23.8,477.0,457.0,3.7,5.61,0,11
2025-07-22T08:00,26.1,25.3,623.0,616.0,3.2,3.51,4,5
2025-07-22T09:00,27.4,26.5,704.0,722.0,2.6,1.77,1,0
2025-07-22T10:00,28.9,27.2,831.0,775.0,2.2,1.53,0,0
2025-07-22T11:00,30.2,27.5,872.0,785.0,3.4,2.48,0,0
2025-07-22T12:00,29.8,27.9,844.0,759.0,2.0,3.48,1,0
2025-07-22T13:00,31.0,28.5,782.0,694.0,3.0,4.42,0,0
2025-07-22T14:00,31.3,29.0,678.0,596.0,3.3,5.04,0,0
2025-07-22T15:00,31.2,29.1,506.0,469.0,3.5,5.09,0,0
2025-07-22T16:00,30.9,28.5,378.0,332.0,3.8,4.1,88,2
2025-07-22T17:00,29.1,27.5,93.0,205.0,7.7,3.11,34,4
2025-07-22T18:00,27.9,26.2,82.0,90.0,5.0,2.92,0,5
2025-07-22T19:00,26.4,24.8,4.0,6.0,5.3,3.05,0,4
2025-07-22T20:00,25.1,23.2,0.0,0.0,5.1,3.83,0,2
2025-07-22T21:00,23.7,21.7,0.0,0.0,3.3,4.52,0,0
2025-07-22T22:00,22.9,20.5,0.0,0.0,1.3,3.98,0,0
2025-07-22T23:00,22.5,19.4,0.0,0.0,2.2,2.94,0,0
2025-07-23T00:00,21.9,18.5,0.0,0.0,1.4,2.58,0,0
2025-07-23T01:00,20.7,17.6,0.0,0.0,0.9,2.26,0,0
2025-07-23T02:00,20.0,16.8,0.0,0.0,1.7,1.77,0,0
2025-07-23T03:00,19.1,16.9,0.0,0.0,2.5,1.49,5,0
2025-07-23T04:00,19.4,18.3,31.0,50.0,2.6,1.72,0,0
2025-07-23T05:00,20.8,20.5,163.0,168.0,2.2,2.33,0,0
2025-07-23T06:00,22.4,22.5,218.0,308.0,2.1,2.33,20,0
2025-07-23T07:00,23.9,24.1,445.0,465.0,3.0,1.42,1,0
2025-07-23T08:00,25.5,25.4,621.0,614.0,1.9,1.5,0,0
2025-07-23T09:00,27.7,26.5,750.0,720.0,3.5,2.69,0,0
2025-07-23T10:00,28.8,27.2,833.0,779.0,4.4,3.24,0,0
2025-07-23T11:00,30.0,27.7,865.0,797.0,4.2,3.61,0,0
2025-07-23T12:00,30.5,28.1,848.0,777.0,3.1,4.03,0,0
2025-07-23T13:00,31.6,28.8,784.0,716.0,5.5,4.7,2,0
2025-07-23T14:00,31.4,29.5,676.0,619.0,8.2,5.44,2,0
2025-07-23T15:00,31.2,29.5,542.0,491.0,8.3,5.88,0,0
2025-07-23T16:00,30.6,28.6,386.0,350.0,5.8,5.89,0,1
2025-07-23T17:00,29.3,27.2,223.0,217.0,5.5,5.74,0,2
2025-07-23T18:00,28.1,25.7,81.0,94.0,5.2,5.19,0,3
2025-07-23T19:00,26.4,24.5,4.0,6.0,6.4,3.79,0,2
2025-07-23T20:00,25.1,23.3,0.0,0.0,6.1,4.25,0,1
2025-07-23T21:00,24.2,22.1,0.0,0.0,6.2,5.9,0,0
2025-07-23T22:00,23.0,21.1,0.0,0.0,5.1,6.11,0,0
2025-07-23T23:00,22.3,20.2,0.0,0.0,5.5,5.22,0,0
2025-07-24T00:00,22.1,19.4,0.0,0.0,6.1,4.61,4,0
2025-07-24T01:00,21.4,18.4,0.0,0.0,5.8,4.7,1,1
2025-07-24T02:00,21.1,17.4,0.0,0.0,5.6,5.0,0,3
2025-07-24T03:00,20.5,17.3,0.0,0.0,4.6,4.91,99,7
2025-07-24T04:00,20.5,18.7,31.0,42.0,4.5,4.2,100,15
2025-07-24T05:00,21.9,20.9,137.0,149.0,5.1,3.2,84,26
2025-07-24T06:00,23.8,23.0,308.0,284.0,3.5,1.9,0,31
2025-07-24T07:00,25.9,24.9,468.0,452.0,1.8,0.5,0,26
2025-07-24T08:00,27.7,26.7,615.0,616.0,1.3,1.84,0,15
2025-07-24T09:00,30.0,28.2,733.0,737.0,0.8,3.26,0,8
2025-07-24T10:00,31.7,29.3,810.0,809.0,3.3,4.38,67,7
2025-07-24T11:00,32.2,30.1,794.0,824.0,4.0,5.23,4,9
2025-07-24T12:00,32.1,30.2,830.0,775.0,4.1,5.0,0,12
2025-07-24T13:00,32.6,29.1,761.0,674.0,3.6,2.91,29,16
2025-07-24T14:00,32.7,27.3,582.0,555.0,2.9,3.67,68,22
2025-07-24T15:00,31.9,25.9,497.0,432.0,1.7,6.01,99,27
2025-07-24T16:00,29.6,25.7,94.0,306.0,5.8,5.89,100,32
2025-07-24T17:00,28.0,26.0,144.0,189.0,5.9,4.46,0,37
2025-07-24T18:00,25.7,25.9,57.0,81.0,8.4,3.36,100,41
2025-07-24T19:00,24.7,25.0,1.0,4.0,8.3,3.09,100,43
2025-07-24T20:00,22.8,23.7,0.0,0.0,7.7,2.92,100,43
2025-07-24T21:00,24.4,22.5,0.0,0.0,4.9,3.1,98,43
2025-07-24T22:00,24.5,21.6,0.0,0.0,6.1,3.71,100,43
2025-07-24T23:00,23.7,20.8,0.0,0.0,4.5,4.61,61,43
2025-07-25T00:00,24.0,20.2,0.0,0.0,2.6,5.45,100,42
2025-07-25T01:00,23.8,19.5,0.0,0.0,4.6,5.97,100,39
2025-07-25T02:00,23.3,19.0,0.0,0.0,3.0,6.36,8,35
2025-07-25T03:00,22.5,19.2,0.0,0.0,4.3,6.15,0,29
2025-07-25T04:00,22.7,20.3,35.0,42.0,1.7,5.02,0,20
2025-07-25T05:00,23.7,22.2,152.0,152.0,3.4,3.3,0,9
2025-07-25T06:00,24.4,23.9,304.0,287.0,4.2,1.81,0,5
2025-07-25T07:00,25.8,25.5,463.0,445.0,4.8,0.89,0,14
2025-07-25T08:00,27.4,27.1,608.0,595.0,4.2,1.3,0,30
2025-07-25T09:00,29.0,28.4,727.0,703.0,2.8,2.16,84,41
2025-07-25T10:00,30.3,29.3,782.0,762.0,2.9,2.97,100,41
2025-07-25T11:00,30.9,29.9,762.0,772.0,3.1,3.68,100,36
2025-07-25T12:00,29.8,30.0,757.0,732.0,3.9,3.57,70,33
2025-07-25T13:00,29.8,29.5,637.0,648.0,5.2,2.53,98,32
2025-07-25T14:00,30.1,28.5,580.0,538.0,4.6,2.82,100,33
2025-07-25T15:00,29.1,27.6,451.0,410.0,5.9,4.3,100,39
2025-07-25T16:00,28.3,27.0,301.0,280.0,5.5,4.94,99,56
2025-07-25T17:00,27.0,26.5,193.0,166.0,6.9,5.1,0,77
2025-07-25T18:00,26.6,25.8,28.0,70.0,6.4,5.14,98,90
2025-07-25T19:00,25.5,25.0,2.0,3.0,6.0,5.02,100,86
2025-07-25T20:00,23.7,24.0,0.0,0.0,8.6,4.67,99,74
2025-07-25T21:00,23.3,23.1,0.0,0.0,7.7,4.53,93,63
2025-07-25T22:00,22.1,22.3,0.0,0.0,9.6,4.71,98,58
2025-07-25T23:00,21.2,21.5,0.0,0.0,8.9,5.1,11,55
2025-07-26T00:00,22.1,20.8,0.0,0.0,8.0,5.3,100,50
2025-07-26T01:00,21.7,20.1,0.0,0.0,4.6,5.22,100,37
2025-07-26T02:00,21.1,19.4,0.0,0.0,1.3,4.95,100,22
2025-07-26T03:00,21.1,19.3,0.0,0.0,5.6,4.67,100,15
2025-07-26T04:00,20.4,20.3,3.0,30.0,4.9,4.3,100,24
2025-07-26T05:00,20.8,21.9,20.0,111.0,3.2,3.88,100,41
2025-07-26T06:00,21.6,23.4,51.0,205.0,2.2,3.35,100,57
2025-07-26T07:00,21.2,24.7,43.0,315.0,3.2,2.6,100,71
2025-07-26T08:00,21.3,26.0,89.0,436.0,8.0,2.06,95,84
2025-07-26T09:00,21.8,27.2,85.0,580.0,4.4,1.77,99,90
2025-07-26T10:00,25.0,28.4,699.0,725.0,4.8,1.21,80,86
2025-07-26T11:00,26.8,29.4,807.0,800.0,2.6,1.39,93,76
2025-07-26T12:00,28.7,30.1,789.0,759.0,4.7,2.13,14,64
2025-07-26T13:00,29.2,30.3,746.0,641.0,4.0,2.19,2,49
2025-07-26T14:00,29.5,30.2,646.0,507.0,3.3,2.11,0,33
2025-07-26T15:00,29.9,29.8,504.0,374.0,2.8,2.4,69,23
2025-07-26T16:00,28.8,29.1,272.0,247.0,4.2,3.54,55,22
2025-07-26T17:00,28.1,28.0,183.0,142.0,4.5,5.01,99,28
2025-07-26T18:00,26.5,26.7,65.0,58.0,4.5,5.9,99,35
2025-07-26T19:00,25.6,24.8,2.0,2.0,7.0,5.41,100,45
2025-07-26T20:00,25.0,22.6,0.0,0.0,7.0,4.3,100,56
2025-07-26T21:00,24.0,21.0,0.0,0.0,5.5,3.67,100,65
2025-07-26T22:00,23.4,20.3,0.0,0.0,2.3,4.18,100,67
2025-07-26T23:00,22.2,20.3,0.0,0.0,4.5,5.2,100,66
2025-07-27T00:00,23.0,20.2,0.0,0.0,5.2,5.93,100,66
2025-07-27T01:00,22.8,20.0,0.0,0.0,5.6,5.97,99,66
2025-07-27T02:00,22.6,19.8,0.0,0.0,5.6,5.65,99,67
2025-07-27T03:00,22.4,19.7,0.0,0.0,5.7,4.92,97,71
2025-07-27T04:00,22.6,19.7,12.0,9.0,4.2,3.0,100,80
2025-07-27T05:00,22.2,19.9,30.0,37.0,2.6,0.89,100,92
2025-07-27T06:00,20.6,20.3,68.0,93.0,5.2,1.8,99,100
2025-07-27T07:00,20.6,21.2,159.0,184.0,4.1,2.46,100,100
2025-07-27T08:00,21.3,22.2,142.0,278.0,1.0,2.6,100,100
2025-07-27T09:00,23.6,22.9,198.0,331.0,5.5,2.64,100,100
2025-07-27T10:00,23.3,22.9,216.0,345.0,5.5,2.72,100,100
2025-07-27T11:00,23.5,22.5,173.0,340.0,4.2,2.92,100,100
2025-07-27T12:00,20.1,22.1,17.0,317.0,1.1,2.92,100,100
2025-07-27T13:00,20.8,21.8,86.0,279.0,2.0,2.36,100,100
2025-07-27T14:00,20.4,21.4,26.0,245.0,2.0,1.53,100,100
2025-07-27T15:00,20.9,21.1,125.0,223.0,3.6,1.2,100,100
2025-07-27T16:00,21.2,20.9,145.0,192.0,2.0,1.1,100,100
2025-07-27T17:00,21.3,20.8,182.0,133.0,1.6,1.1,10,100
2025-07-27T18:00,21.6,20.5,55.0,56.0,3.3,0.89,95,100
2025-07-27T19:00,21.1,20.1,1.0,2.0,3.8,1.0,100,95
2025-07-27T20:00,20.6,19.5,0.0,0.0,4.1,2.06,100,89
2025-07-27T21:00,20.9,18.9,0.0,0.0,4.6,2.72,100,86
2025-07-27T22:00,18.4,18.4,0.0,0.0,1.6,2.2,100,89
2025-07-27T23:00,18.4,17.8,0.0,0.0,1.6,1.14,66,95
2025-07-28T00:00,19.1,17.4,0.0,0.0,3.4,0.41,94,100
2025-07-28T01:00,19.0,17.3,0.0,0.0,2.5,0.36,100,100
2025-07-28T02:00,18.7,17.3,0.0,0.0,3.2,0.8,100,100
2025-07-28T03:00,18.6,17.4,0.0,0.0,2.6,1.3,100,100
2025-07-28T04:00,18.6,17.7,0.0,19.0,1.9,1.68,100,98
2025-07-28T05:00,19.2,18.2,53.0,80.0,4.2,2.2,100,95
2025-07-28T06:00,19.3,18.8,21.0,174.0,2.8,2.58,100,92
2025-07-28T07:00,19.5,19.9,70.0,308.0,2.6,2.64,100,91
2025-07-28T08:00,19.6,21.2,67.0,432.0,2.5,2.66,100,90
2025-07-28T09:00,21.4,22.0,256.0,470.0,1.5,2.38,43,85
2025-07-28T10:00,21.9,22.1,379.0,436.0,1.2,1.58,100,71
2025-07-28T11:00,19.9,21.8,29.0,404.0,4.0,0.72,100,53
2025-07-28T12:00,22.2,21.6,52.0,429.0,3.3,0.86,100,43
2025-07-28T13:00,20.8,21.8,32.0,460.0,7.8,1.28,100,49
2025-07-28T14:00,20.8,22.0,167.0,435.0,6.5,1.53,100,64
2025-07-28T15:00,21.4,21.9,144.0,337.0,5.1,1.77,100,73
2025-07-28T16:00,20.4,21.3,105.0,220.0,8.1,2.5,100,71
2025-07-28T17:00,20.1,20.5,71.0,124.0,7.1,3.9,28,64
2025-07-28T18:00,19.8,19.7,29.0,49.0,6.9,5.33,100,56
2025-07-28T19:00,19.3,19.0,0.0,2.0,6.3,6.21,93,48
2025-07-28T20:00,18.5,18.5,0.0,0.0,7.7,6.9,8,39
2025-07-28T21:00,18.1,18.0,0.0,0.0,8.5,7.52,11,32
2025-07-28T22:00,18.0,17.8,0.0,0.0,9.0,7.92,100,29
2025-07-28T23:00,17.9,17.7,0.0,0.0,9.7,8.12,21,28
2025-07-29T00:00,16.4,17.6,0.0,0.0,8.3,8.41,0,27
2025-07-29T01:00,16.9,17.3,0.0,0.0,10.6,9.01,0,26
2025-07-29T02:00,16.5,16.9,0.0,0.0,10.5,9.7,0,26
2025-07-29T03:00,16.3,16.8,0.0,0.0,10.1,10.21,1,25
2025-07-29T04:00,16.1,16.9,27.0,36.0,8.3,10.55,86,20
2025-07-29T05:00,16.7,17.3,127.0,147.0,8.1,10.77,100,15
2025-07-29T06:00,18.0,18.0,299.0,283.0,9.7,10.73,0,19
2025-07-29T07:00,19.1,19.1,460.0,442.0,9.6,10.23,0,42
2025-07-29T08:00,20.2,20.6,606.0,592.0,9.9,9.51,5,73
2025-07-29T09:00,21.1,21.8,629.0,696.0,8.7,9.01,100,91
2025-07-29T10:00,21.9,22.7,704.0,751.0,8.7,8.62,99,79
2025-07-29T11:00,22.7,23.5,799.0,756.0,8.4,8.32,100,53
2025-07-29T12:00,22.5,23.8,778.0,711.0,9.5,8.22,97,38
2025-07-29T13:00,22.6,23.5,671.0,622.0,9.4,8.51,100,51
2025-07-29T14:00,22.8,22.9,595.0,519.0,8.5,8.91,84,76
2025-07-29T15:00,22.7,22.1,420.0,411.0,9.2,9.1,77,89
2025-07-29T16:00,22.2,21.3,325.0,299.0,8.2,8.82,98,76
2025-07-29T17:00,21.0,20.5,173.0,185.0,9.1,8.35,57,51
2025-07-29T18:00,20.2,19.6,63.0,73.0,7.6,7.96,95,33
2025-07-29T19:00,19.1,18.9,1.0,2.0,8.0,8.01,94,30
2025-07-29T20:00,18.5,18.2,0.0,0.0,8.9,8.21,100,35
2025-07-29T21:00,18.6,17.6,0.0,0.0,8.3,8.37,99,45
2025-07-29T22:00,18.2,17.0,0.0,0.0,8.8,8.22,98,64
2025-07-29T23:00,17.7,16.4,0.0,0.0,8.1,7.94,100,87
2025-07-30T00:00,17.9,15.9,0.0,0.0,7.6,7.77,100,98
2025-07-30T01:00,17.5,15.5,0.0,0.0,7.2,7.81,100,86
2025-07-30T02:00,17.0,15.1,0.0,0.0,7.4,8.03,100,62
2025-07-30T03:00,16.6,15.2,0.0,0.0,6.9,7.96,100,42
2025-07-30T04:00,16.9,16.0,21.0,35.0,6.9,7.47,97,32
2025-07-30T05:00,17.7,17.2,88.0,148.0,5.7,6.87,100,26
2025-07-30T06:00,19.4,18.4,257.0,286.0,5.0,6.33,60,23
2025-07-30T07:00,20.6,19.7,441.0,447.0,5.1,6.24,12,24
2025-07-30T08:00,22.0,21.0,606.0,588.0,5.0,6.24,1,27
2025-07-30T09:00,23.1,22.0,726.0,652.0,3.9,6.21,8,27
2025-07-30T10:00,24.2,22.5,798.0,646.0,3.5,5.8,6,19
2025-07-30T11:00,25.0,22.7,807.0,616.0,3.3,5.1,43,7
2025-07-30T12:00,25.1,22.9,735.0,594.0,3.2,4.6,91,0
2025-07-30T13:00,24.6,23.1,504.0,557.0,2.2,4.33,100,1
2025-07-30T14:00,25.3,23.2,513.0,486.0,1.9,4.1,13,7
2025-07-30T15:00,25.3,23.0,485.0,380.0,2.5,3.86,100,13
2025-07-30T16:00,23.8,22.1,60.0,263.0,1.6,3.29,0,21
2025-07-30T17:00,23.7,20.8,192.0,155.0,3.8,2.6,79,29
2025-07-30T18:00,20.5,19.6,7.0,60.0,3.4,2.06,100,33
2025-07-30T19:00,19.4,18.4,0.0,1.0,3.2,1.91,0,28
2025-07-30T20:00,18.7,17.1,0.0,0.0,3.3,2.06,0,17
2025-07-30T21:00,18.7,16.2,0.0,0.0,3.9,2.38,0,9
2025-07-30T22:00,18.1,15.6,0.0,0.0,3.5,2.26,0,6
2025-07-30T23:00,17.4,15.3,0.0,0.0,3.3,2.21,0,5
2025-07-31T00:00,16.7,14.9,0.0,0.0,3.9,2.31,3,5
2025-07-31T01:00,16.4,14.3,0.0,0.0,4.4,2.21,40,7
2025-07-31T02:00,15.7,13.6,0.0,0.0,3.8,2.06,0,10
2025-07-31T03:00,15.4,13.7,0.0,0.0,2.7,1.92,0,14
2025-07-31T04:00,15.4,15.1,26.0,32.0,1.4,1.8,2,17
2025-07-31T05:00,16.9,17.2,140.0,143.0,1.0,1.73,3,21
2025-07-31T06:00,19.1,19.2,292.0,276.0,0.6,1.26,2,24
2025-07-31T07:00,21.3,20.7,452.0,430.0,1.5,0.2,0,27
2025-07-31T08:00,23.1,22.0,603.0,573.0,3.1,1.61,0,30
2025-07-31T09:00,24.1,22.9,721.0,671.0,4.9,2.89,0,30
2025-07-31T10:00,25.3,23.4,804.0,719.0,5.2,3.62,0,23
2025-07-31T11:00,26.0,23.5,837.0,721.0,5.2,4.14,0,13
2025-07-31T12:00,26.8,23.4,829.0,676.0,4.5,4.17,1,5
2025-07-31T13:00,27.4,23.4,767.0,593.0,4.9,3.3,0,2
2025-07-31T14:00,27.4,23.3,664.0,496.0,5.2,2.06,0,0
2025-07-31T15:00,27.0,22.8,498.0,396.0,5.7,1.58,11,0
2025-07-31T16:00,24.2,21.8,345.0,290.0,6.6,2.45,0,1
2025-07-31T17:00,23.7,20.3,195.0,179.0,5.3,4.01,0,3
2025-07-31T18:00,20.2,19.0,51.0,68.0,5.8,4.87,4,4
2025-07-31T19:00,19.5,17.7,1.0,1.0,5.3,4.47,3,4
2025-07-31T20:00,18.8,16.5,0.0,0.0,4.3,3.44,6,3
2025-07-31T21:00,18.4,15.5,0.0,0.0,2.2,2.42,0,2
2025-07-31T22:00,18.1,15.1,0.0,0.0,1.6,1.82,0,1
2025-07-31T23:00,16.9,14.9,0.0,0.0,1.2,1.26,0,0
2025-08-01T00:00,15.8,14.7,0.0,0.0,0.3,0.89,0,0
2025-08-01T01:00,15.5,14.1,0.0,0.0,0.6,0.64,0,6
2025-08-01T02:00,15.0,13.4,0.0,0.0,0.5,0.57,0,15
2025-08-01T03:00,14.9,13.4,0.0,0.0,1.6,0.5,0,20
2025-08-01T04:00,14.6,14.5,24.0,31.0,1.8,0.5,0,18
2025-08-01T05:00,15.9,16.3,131.0,141.0,1.8,0.5,17,13
2025-08-01T06:00,18.7,18.0,291.0,276.0,2.2,0.22,0,12
2025-08-01T07:00,21.1,19.6,453.0,436.0,3.9,0.76,0,18
2025-08-01T08:00,22.8,21.3,601.0,590.0,4.7,2.01,0,28
2025-08-01T09:00,24.3,22.6,725.0,701.0,4.8,3.09,0,37
2025-08-01T10:00,25.8,23.7,809.0,766.0,4.6,3.64,0,43
2025-08-01T11:00,27.1,24.5,843.0,786.0,5.0,4.05,16,47
2025-08-01T12:00,27.1,25.1,833.0,766.0,4.0,4.3,0,48
2025-08-01T13:00,27.8,25.5,760.0,702.0,4.4,4.7,2,44
2025-08-01T14:00,28.0,25.7,650.0,598.0,5.1,5.02,2,36
2025-08-01T15:00,28.0,25.4,480.0,458.0,4.9,5.16,0,30
2025-08-01T16:00,27.4,24.4,355.0,310.0,4.3,4.95,0,28
2025-08-01T17:00,26.7,23.0,195.0,179.0,3.4,4.53,0,28
2025-08-01T18:00,25.6,21.7,48.0,66.0,2.4,4.03,22,26
2025-08-01T19:00,24.0,20.8,0.0,1.0,2.6,3.56,23,18
2025-08-01T20:00,23.1,20.0,0.0,0.0,1.7,3.22,6,7
2025-08-01T21:00,21.4,19.4,0.0,0.0,6.9,2.96,87,0
2025-08-01T22:00,20.0,18.9,0.0,0.0,4.3,2.5,100,0
2025-08-01T23:00,20.2,18.6,0.0,0.0,3.7,2.06,99,0
2025-08-02T00:00,19.4,18.1,0.0,0.0,4.2,1.93,100,3
2025-08-02T01:00,19.8,17.3,0.0,0.0,3.4,2.28,97,10
2025-08-02T02:00,18.9,16.4,0.0,0.0,4.4,3.01,0,19
2025-08-02T03:00,18.7,16.2,0.0,0.0,4.0,3.2,35,26
2025-08-02T04:00,19.0,17.2,22.0,27.0,2.5,2.41,1,28
2025-08-02T05:00,19.9,19.0,114.0,130.0,2.2,1.25,100,27
2025-08-02T06:00,20.7,20.7,246.0,265.0,2.1,0.98,97,24
2025-08-02T07:00,21.3,22.4,214.0,430.0,3.4,1.3,100,16
2025-08-02T08:00,21.7,24.0,200.0,593.0,1.4,1.94,100,6
2025-08-02T09:00,22.3,25.4,102.0,711.0,2.9,2.6,100,1
2025-08-02T10:00,22.9,26.5,126.0,780.0,2.8,3.24,100,7
2025-08-02T11:00,25.9,27.3,481.0,801.0,2.4,4.0,38,19
2025-08-02T12:00,25.9,27.8,571.0,779.0,3.2,4.44,12,28
2025-08-02T13:00,28.1,28.1,749.0,709.0,3.2,4.24,51,30
2025-08-02T14:00,28.6,28.1,632.0,596.0,3.2,3.72,56,28
2025-08-02T15:00,26.8,27.6,86.0,446.0,0.9,2.9,7,29
2025-08-02T16:00,26.0,26.2,333.0,291.0,0.0,1.92,0,36
2025-08-02T17:00,25.3,24.4,185.0,162.0,3.5,2.02,0,46
2025-08-02T18:00,21.5,22.9,51.0,58.0,5.6,3.03,0,50
2025-08-02T19:00,21.1,22.2,0.0,0.0,4.7,3.8,0,43
2025-08-02T20:00,20.3,21.9,0.0,0.0,5.1,4.59,2,31
2025-08-02T21:00,22.6,21.6,0.0,0.0,3.6,5.15,0,21
2025-08-02T22:00,22.5,20.9,0.0,0.0,3.3,4.79,1,12
2025-08-02T23:00,22.4,20.1,0.0,0.0,6.4,3.98,4,5
2025-08-03T00:00,21.7,19.4,0.0,0.0,3.9,3.37,0,9
2025-08-03T01:00,20.4,18.7,0.0,0.0,2.9,3.14,20,33
2025-08-03T02:00,20.0,18.1,0.0,0.0,4.2,3.01,91,67
2025-08-03T03:00,19.6,18.0,0.0,0.0,6.5,2.75,95,90
2025-08-03T04:00,20.1,18.5,20.0,24.0,1.2,2.28,100,91
2025-08-03T05:00,21.3,19.5,40.0,117.0,5.9,2.28,100,80
2025-08-03T06:00,21.6,20.6,105.0,227.0,7.6,2.83,99,69
2025-08-03T07:00,22.4,21.9,121.0,348.0,7.4,3.5,100,60
2025-08-03T08:00,23.0,23.3,178.0,461.0,5.6,4.1,100,51
2025-08-03T09:00,26.2,24.5,592.0,543.0,4.0,4.51,100,43
2025-08-03T10:00,23.5,25.3,118.0,593.0,3.2,4.61,100,33
2025-08-03T11:00,24.7,25.8,293.0,617.0,2.0,4.4,100,23
2025-08-03T12:00,21.3,25.8,281.0,633.0,3.76,4.33,100,24
2025-08-03T13:00,21.1,25.1,113.0,619.0,4.45,4.59,100,48
2025-08-03T14:00,23.4,23.8,506.0,543.0,4.24,5.19,2,82
2025-08-03T15:00,28.3,22.7,306.0,401.0,3.62,5.38,100,100
2025-08-03T16:00,26.0,22.2,196.0,247.0,2.91,4.17,1,82
2025-08-03T17:00,25.7,21.9,170.0,129.0,2.16,2.27,85,46
2025-08-03T18:00,24.2,21.4,15.0,44.0,1.3,0.57,11,26
2025-08-03T19:00,21.4,20.7,0.0,0.0,0.32,0.8,92,39
2025-08-03T20:00,20.6,19.7,0.0,0.0,2.01,2.0,100,67
2025-08-03T21:00,18.8,18.9,0.0,0.0,3.7,2.8,100,85
2025-08-03T22:00,18.4,18.0,0.0,0.0,5.34,2.9,100,80
2025-08-03T23:00,16.9,17.3,0.0,0.0,6.86,2.63,97,65
2025-08-04T00:00,18.0,16.7,0.0,0.0,7.93,2.75,100,57
2025-08-04T01:00,17.8,16.5,0.0,0.0,8.22,3.93,100,64
2025-08-04T02:00,17.4,16.6,0.0,0.0,8.0,5.51,100,78
2025-08-04T03:00,16.1,16.9,0.0,0.0,7.7,6.61,100,88
2025-08-04T04:00,15.6,17.5,1.0,20.0,7.71,6.7,100,90
2025-08-04T05:00,15.9,18.3,97.0,103.0,7.64,6.3,71,88
2025-08-04T06:00,16.6,19.2,89.0,206.0,7.36,5.92,100,88
2025-08-04T07:00,16.7,20.4,25.0,326.0,6.62,5.54,100,92
2025-08-04T08:00,16.2,21.6,17.0,444.0,5.6,5.18,100,97
2025-08-04T09:00,20.0,22.7,234.0,540.0,4.84,4.79,86,100
2025-08-04T10:00,20.6,23.4,366.0,609.0,4.34,4.36,100,100
2025-08-04T11:00,21.6,23.9,379.0,637.0,3.92,3.93,99,98
2025-08-04T12:00,24.3,24.2,730.0,620.0,3.71,3.61,8,93
2025-08-04T13:00,24.9,24.4,722.0,561.0,3.72,3.52,0,85
2025-08-04T14:00,24.9,24.4,584.0,470.0,3.83,3.65,94,75
2025-08-04T15:00,24.3,24.1,485.0,352.0,3.95,3.77,12,64
2025-08-04T16:00,23.0,23.4,159.0,230.0,4.04,4.08,100,51
2025-08-04T17:00,20.8,22.3,14.0,127.0,4.13,4.39,100,38
2025-08-04T18:00,21.5,21.2,32.0,43.0,4.22,4.77,15,32
2025-08-04T19:00,20.9,20.2,0.0,0.0,4.32,5.02,24,39
2025-08-04T20:00,20.4,19.3,0.0,0.0,4.52,5.3,36,54
2025-08-04T21:00,19.6,18.4,0.0,0.0,4.71,5.5,14,60
2025-08-04T22:00,19.4,17.8,0.0,0.0,5.1,5.5,13,50
2025-08-04T23:00,18.7,17.3,0.0,0.0,5.64,5.4,20,32
2025-08-05T00:00,17.7,16.8,0.0,0.0,5.98,5.3,0,18
2025-08-05T01:00,17.2,16.4,0.0,0.0,5.97,5.4,0,13
2025-08-05T02:00,16.8,16.0,0.0,0.0,5.84,5.63,0,11
2025-08-05T03:00,16.7,16.1,0.0,0.0,5.52,5.67,0,10
2025-08-05T04:00,17.0,16.8,19.0,25.0,5.33,5.57,0,9
2025-08-05T05:00,17.7,18.1,127.0,136.0,5.06,5.36,0,9
2025-08-05T06:00,19.2,19.4,278.0,277.0,4.37,4.75,0,8
2025-08-05T07:00,20.5,20.9,439.0,443.0,3.04,3.63,0,7
2025-08-05T08:00,22.0,22.5,586.0,594.0,1.2,2.32,0,6
2025-08-05T09:00,23.6,23.8,706.0,672.0,0.32,1.04,0,5
2025-08-05T10:00,25.1,24.7,787.0,681.0,1.62,0.5,0,3
2025-08-05T11:00,26.3,25.3,821.0,667.0,2.88,1.2,0,1
2025-08-05T12:00,27.3,25.7,808.0,664.0,3.92,2.14,0,0
2025-08-05T13:00,27.9,26.0,742.0,643.0,4.34,3.19,0,0
2025-08-05T14:00,27.9,26.2,634.0,575.0,4.4,4.31,0,0
2025-08-05T15:00,27.8,25.9,496.0,457.0,4.55,5.09,0,0
2025-08-05T16:00,27.4,25.1,337.0,319.0,4.76,5.38,0,0
2025-08-05T17:00,26.6,23.8,178.0,186.0,4.98,5.42,0,0
2025-08-05T18:00,25.7,22.6,48.0,62.0,5.14,5.41,2,0
2025-08-05T19:00,24.3,21.4,0.0,0.0,5.3,4.93,7,0
2025-08-05T20:00,23.0,20.1,0.0,0.0,5.38,4.25,0,0
2025-08-05T21:00,22.3,19.1,0.0,0.0,5.19,3.55,1,0
2025-08-05T22:00,21.3,18.4,0.0,0.0,4.53,2.73,0,0
2025-08-05T23:00,20.6,17.9,0.0,0.0,3.62,1.94,0,0
2025-08-06T00:00,19.5,17.4,0.0,0.0,2.94,1.12,0,0
2025-08-06T01:00,19.5,17.0,0.0,0.0,2.79,0.2,0,17
2025-08-06T02:00,18.9,16.7,0.0,0.0,2.79,1.87,0,41
2025-08-06T03:00,19.0,16.5,0.0,0.0,1.93,3.59,100,60
2025-08-06T04:00,19.1,16.2,3.0,4.0,0.92,5.35,100,69
2025-08-06T05:00,18.9,16.1,12.0,23.0,4.13,7.21,100,73
2025-08-06T06:00,18.5,16.1,15.0,56.0,6.72,8.51,100,72
2025-08-06T07:00,17.7,16.3,17.0,109.0,7.94,8.91,100,66
2025-08-06T08:00,16.8,16.7,19.0,189.0,8.4,8.64,100,55
2025-08-06T09:00,17.0,17.5,68.0,309.0,8.52,8.25,98,43
2025-08-06T10:00,17.9,19.2,306.0,454.0,8.14,7.62,100,28
2025-08-06T11:00,19.0,21.2,382.0,573.0,7.4,6.8,100,12
2025-08-06T12:00,19.0,22.7,325.0,640.0,6.74,6.31,100,0
2025-08-06T13:00,20.4,23.3,514.0,652.0,6.25,6.21,63,0
2025-08-06T14:00,21.4,23.4,617.0,591.0,5.84,6.3,0,0
2025-08-06T15:00,21.8,22.9,499.0,457.0,5.54,6.4,0,0
2025-08-06T16:00,21.3,21.8,341.0,299.0,5.59,6.31,0,0
2025-08-06T17:00,20.3,20.3,179.0,164.0,5.77,6.3,0,0
2025-08-06T18:00,18.9,18.8,47.0,52.0,5.92,6.36,0,0
2025-08-06T19:00,17.5,17.5,0.0,0.0,5.73,6.48,0,0
2025-08-06T20:00,16.5,16.4,0.0,0.0,5.53,6.61,0,0
2025-08-06T21:00,16.7,15.4,0.0,0.0,5.4,6.71,69,0
2025-08-06T22:00,16.0,14.6,0.0,0.0,5.3,6.43,23,0
2025-08-06T23:00,15.3,14.0,0.0,0.0,5.11,5.85,7,0
2025-08-07T00:00,14.8,13.4,0.0,0.0,5.02,5.46,0,0
2025-08-07T01:00,14.6,12.7,0.0,0.0,5.02,5.33,0,0
2025-08-07T02:00,14.4,12.0,0.0,0.0,5.12,5.31,0,0
2025-08-07T03:00,14.1,12.0,0.0,0.0,5.02,5.2,0,0
2025-08-07T04:00,14.1,13.1,17.0,22.0,4.85,4.9,17,20
2025-08-07T05:00,15.1,14.8,127.0,132.0,4.47,4.61,1,47
2025-08-07T06:00,16.3,16.6,270.0,271.0,4.08,4.01,99,60
2025-08-07T07:00,18.0,18.1,381.0,433.0,3.51,3.11,99,47
2025-08-07T08:00,19.5,19.5,513.0,592.0,3.03,2.19,100,20
2025-08-07T09:00,21.1,20.8,686.0,722.0,2.75,1.84,40,0
2025-08-07T10:00,22.6,22.0,804.0,813.0,2.51,1.66,0,0
2025-08-07T11:00,23.9,23.1,853.0,855.0,2.19,1.36,0,0
2025-08-07T12:00,24.6,23.8,833.0,842.0,1.88,1.06,0,0
2025-08-07T13:00,25.1,24.3,765.0,775.0,1.7,0.81,6,2
2025-08-07T14:00,25.3,24.5,656.0,661.0,1.48,0.6,0,5
2025-08-07T15:00,25.5,24.2,512.0,507.0,1.3,0.58,0,6
2025-08-07T16:00,25.1,23.1,351.0,341.0,1.06,0.78,0,4
2025-08-07T17:00,24.2,21.5,185.0,191.0,1.02,1.0,0,1
2025-08-07T18:00,22.5,20.1,45.0,59.0,1.0,1.17,0,0
2025-08-07T19:00,21.1,19.3,0.0,0.0,0.54,1.12,0,5
2025-08-07T20:00,19.9,18.7,0.0,0.0,0.36,1.04,0,13
2025-08-07T21:00,18.7,18.0,0.0,0.0,0.67,0.81,0,17
2025-08-07T22:00,17.8,17.0,0.0,0.0,0.64,0.51,0,14
2025-08-07T23:00,17.2,16.0,0.0,0.0,0.45,0.2,0,6
2025-08-08T00:00,16.7,15.2,0.0,0.0,0.5,0.36,0,1
2025-08-08T01:00,15.9,14.5,0.0,0.0,0.51,0.22,0,0
2025-08-08T02:00,15.2,14.1,0.0,0.0,0.5,0.1,0,0
2025-08-08T03:00,14.6,14.2,0.0,0.0,0.6,0.41,23,0
2025-08-08T04:00,14.7,15.2,15.0,21.0,1.0,0.63,48,9
2025-08-08T05:00,16.7,16.9,119.0,135.0,1.6,0.85,0,21
2025-08-08T06:00,18.9,18.7,277.0,278.0,2.32,1.3,0,27
2025-08-08T07:00,21.6,20.6,438.0,439.0,3.45,2.38,0,21
2025-08-08T08:00,24.0,22.7,587.0,594.0,4.83,3.98,0,9
2025-08-08T09:00,25.3,24.4,705.0,714.0,6.04,5.28,0,0
2025-08-08T10:00,26.9,25.6,786.0,792.0,6.74,6.07,0,0
2025-08-08T11:00,28.3,26.4,815.0,823.0,7.08,6.52,0,0
2025-08-08T12:00,29.9,27.0,807.0,808.0,7.32,6.92,0,0
2025-08-08T13:00,30.9,27.6,738.0,744.0,7.25,7.18,18,0
2025-08-08T14:00,31.2,28.0,631.0,634.0,6.89,7.32,7,0
2025-08-08T15:00,31.2,27.9,454.0,483.0,6.68,7.39,100,0
2025-08-08T16:00,30.9,27.2,259.0,320.0,6.8,7.81,64,0
2025-08-08T17:00,29.8,26.1,161.0,177.0,7.02,8.09,0,0
2025-08-08T18:00,28.1,24.7,41.0,52.0,6.41,7.15,0,0
2025-08-08T19:00,25.6,23.2,0.0,0.0,4.02,3.94,0,1
2025-08-08T20:00,24.5,21.4,0.0,0.0,0.92,2.06,0,3
2025-08-08T21:00,23.4,20.0,0.0,0.0,1.9,4.54,7,4
2025-08-08T22:00,22.6,19.1,0.0,0.0,2.11,4.69,3,5
2025-08-08T23:00,22.4,18.6,0.0,0.0,1.4,3.44,0,7
2025-08-09T00:00,21.5,18.0,0.0,0.0,1.1,2.51,0,7
2025-08-09T01:00,21.4,17.2,0.0,0.0,1.9,2.6,1,5
2025-08-09T02:00,21.1,16.4,0.0,0.0,3.01,3.1,98,3
2025-08-09T03:00,20.6,16.5,0.0,0.0,3.73,3.51,0,1
2025-08-09T04:00,20.3,17.8,13.0,19.0,3.63,3.91,0,0
2025-08-09T05:00,21.4,20.0,114.0,125.0,3.14,4.31,0,0
2025-08-09T06:00,23.3,22.0,261.0,265.0,2.47,4.2,0,0
2025-08-09T07:00,25.2,23.8,419.0,431.0,1.8,3.31,0,0
2025-08-09T08:00,26.8,25.5,564.0,577.0,1.58,2.09,0,0
2025-08-09T09:00,28.4,26.8,678.0,644.0,1.65,1.13,2,0
2025-08-09T10:00,29.8,27.6,755.0,636.0,1.49,0.41,8,13
2025-08-09T11:00,30.9,28.1,763.0,604.0,1.53,0.5,19,32
2025-08-09T12:00,31.5,28.4,706.0,586.0,1.75,1.13,15,46
2025-08-09T13:00,31.8,28.8,625.0,553.0,1.7,1.56,100,53
2025-08-09T14:00,31.1,29.1,429.0,479.0,1.49,1.84,26,55
2025-08-09T15:00,30.2,28.8,469.0,360.0,1.12,1.7,1,54
2025-08-09T16:00,29.3,27.5,293.0,232.0,0.2,0.95,23,47
2025-08-09T17:00,28.1,25.6,129.0,124.0,1.17,1.12,37,37
2025-08-09T18:00,28.1,24.1,30.0,35.0,1.97,1.81,37,30
2025-08-09T19:00,27.2,23.3,0.0,0.0,1.86,1.73,1,31
2025-08-09T20:00,26.4,22.8,0.0,0.0,1.35,1.3,1,36
2025-08-09T21:00,24.2,22.2,0.0,0.0,1.08,0.94,0,36
2025-08-09T22:00,23.7,21.1,0.0,0.0,1.12,0.61,0,26
2025-08-09T23:00,22.6,20.0,0.0,0.0,1.12,1.03,0,11
2025-08-10T00:00,23.5,19.1,0.0,0.0,1.12,1.46,0,0
2025-08-10T01:00,23.0,18.5,0.0,0.0,0.98,1.3,0,0
2025-08-10T02:00,22.5,18.1,0.0,0.0,0.78,0.92,0,0
2025-08-10T03:00,22.2,18.3,0.0,0.0,0.71,0.76,0,0
2025-08-10T04:00,22.0,19.2,13.0,16.0,0.63,0.82,0,0
2025-08-10T05:00,23.1,20.7,114.0,117.0,0.72,0.92,0,0
2025-08-10T06:00,24.4,22.4,261.0,252.0,1.02,0.8,0,1
2025-08-10T07:00,26.3,24.2,419.0,414.0,1.7,0.81,0,4
2025-08-10T08:00,28.7,26.1,564.0,569.0,2.51,1.7,0,8
2025-08-10T09:00,30.5,27.9,685.0,679.0,3.18,2.5,0,10
2025-08-10T10:00,32.4,29.5,763.0,737.0,4.11,3.04,0,7
2025-08-10T11:00,33.9,30.9,795.0,739.0,5.14,3.5,0,2
2025-08-10T12:00,35.2,31.3,773.0,678.0,5.09,3.26,0,0
2025-08-10T13:00,36.4,29.8,711.0,569.0,3.07,2.31,2,6
2025-08-10T14:00,34.5,27.3,368.0,450.0,2.91,3.0,100,14
2025-08-10T15:00,31.5,25.4,454.0,335.0,5.4,4.66,1,19
2025-08-10T16:00,29.8,25.1,302.0,224.0,6.73,5.42,0,15
2025-08-10T17:00,27.7,25.5,154.0,123.0,7.36,5.8,0,7
2025-08-10T18:00,24.1,25.6,23.0,34.0,7.95,6.33,7,1
2025-08-10T19:00,22.8,25.0,0.0,0.0,8.71,7.21,0,0
2025-08-10T20:00,22.3,24.1,0.0,0.0,9.4,8.31,0,0
2025-08-10T21:00,22.3,23.0,0.0,0.0,9.82,9.14,0,0
2025-08-10T22:00,21.6,21.7,0.0,0.0,9.93,9.65,0,0
2025-08-10T23:00,20.6,20.2,0.0,0.0,9.73,9.84,0,0
2025-08-11T00:00,20.7,18.9,0.0,0.0,9.43,9.92,0,0
2025-08-11T01:00,19.8,17.9,0.0,0.0,9.12,9.71,0,0
2025-08-11T02:00,19.0,17.1,0.0,0.0,8.71,9.4,0,0
2025-08-11T03:00,17.9,16.7,0.0,0.0,8.3,8.9,0,0
2025-08-11T04:00,17.5,16.9,13.0,17.0,7.8,8.2,0,0
2025-08-11T05:00,17.9,17.6,116.0,126.0,7.31,7.4,0,0
2025-08-11T06:00,19.2,18.5,268.0,269.0,8.9,6.91,0,0
2025-08-11T07:00,20.4,19.4,432.0,433.0,10.0,6.93,0,0
2025-08-11T08:00,21.3,20.5,585.0,592.0,8.9,7.37,0,0
2025-08-11T09:00,22.0,21.5,709.0,717.0,8.9,7.51,0,0
2025-08-11T10:00,23.3,22.4,795.0,799.0,8.9,7.24,0,0
2025-08-11T11:00,24.3,23.2,832.0,834.0,8.6,6.82,0,0
2025-08-11T12:00,24.8,23.6,813.0,819.0,8.1,6.45,0,0
2025-08-11T13:00,25.1,23.7,744.0,755.0,7.4,6.36,0,0
2025-08-11T14:00,25.0,23.6,631.0,642.0,7.4,6.43,0,0
2025-08-11T15:00,24.6,23.1,488.0,488.0,7.6,6.5,0,0
2025-08-11T16:00,23.9,22.1,325.0,323.0,7.2,6.52,0,0
2025-08-11T17:00,22.9,20.9,164.0,174.0,7.0,6.55,0,0
2025-08-11T18:00,21.6,19.7,35.0,46.0,6.6,6.53,0,0
2025-08-11T19:00,20.5,18.8,0.0,0.0,7.1,6.38,0,0
2025-08-11T20:00,19.6,17.8,0.0,0.0,8.1,6.14,0,0
2025-08-11T21:00,18.9,17.0,0.0,0.0,9.0,5.92,0,0
2025-08-11T22:00,18.5,16.1,0.0,0.0,8.7,5.8,0,0
2025-08-11T23:00,18.2,15.2,0.0,0.0,9.0,5.8,0,0
2025-08-12T00:00,17.7,14.5,0.0,0.0,9.2,5.7,0,0
2025-08-12T01:00,17.4,13.9,0.0,0.0,8.7,5.61,0,0
2025-08-12T02:00,17.0,13.3,0.0,0.0,9.0,5.51,0,0
2025-08-12T03:00,16.4,13.5,0.0,0.0,8.7,5.51,0,0
2025-08-12T04:00,16.2,14.6,12.0,15.0,9.2,5.64,0,0
2025-08-12T05:00,17.6,16.4,114.0,125.0,8.1,5.81,0,0
2025-08-12T06:00,19.2,18.2,267.0,268.0,6.2,5.71,0,0
2025-08-12T07:00,21.1,19.9,431.0,433.0,5.5,5.12,0,0
2025-08-12T08:00,22.9,21.6,582.0,592.0,5.2,4.41,0,0
2025-08-12T09:00,24.6,23.1,705.0,717.0,4.9,3.93,0,0
2025-08-12T10:00,26.0,24.5,788.0,797.0,4.2,3.61,0,0
2025-08-12T11:00,27.0,25.8,821.0,830.0,4.2,3.42,0,0
2025-08-12T12:00,27.8,26.7,802.0,813.0,4.6,3.23,0,0
2025-08-12T13:00,28.2,27.2,734.0,747.0,5.0,3.18,0,0
2025-08-12T14:00,28.2,27.4,623.0,634.0,4.9,3.35,0,0
2025-08-12T15:00,28.1,27.0,481.0,481.0,4.9,3.44,0,0
2025-08-12T16:00,27.3,25.7,319.0,317.0,5.3,3.73,0,0
2025-08-12T17:00,26.1,23.9,159.0,170.0,4.9,4.0,0,0
2025-08-12T18:00,24.4,22.2,33.0,42.0,6.3,4.33,0,0
2025-08-12T19:00,23.1,20.7,0.0,0.0,6.1,4.4,0,0
2025-08-12T20:00,22.2,19.3,0.0,0.0,6.3,4.3,0,0
2025-08-12T21:00,21.2,18.1,0.0,0.0,6.9,4.41,0,0
2025-08-12T22:00,20.4,17.3,0.0,0.0,7.8,4.93,0,0
2025-08-12T23:00,19.8,16.8,0.0,0.0,8.3,5.53,0,0
2025-08-13T00:00,19.3,16.4,0.0,0.0,8.6,5.94,0,0
2025-08-13T01:00,19.0,15.8,0.0,0.0,9.0,5.95,0,0
2025-08-13T02:00,18.7,15.2,0.0,0.0,9.7,5.77,0,0
2025-08-13T03:00,18.5,15.4,0.0,0.0,9.5,5.47,0,0
2025-08-13T04:00,18.3,16.6,10.0,14.0,8.9,5.28,0,0
2025-08-13T05:00,19.4,18.6,112.0,121.0,8.1,4.96,0,0
2025-08-13T06:00,21.3,20.7,264.0,263.0,6.3,4.36,0,0
2025-08-13T07:00,23.4,22.8,428.0,426.0,4.8,3.32,0,0
2025-08-13T08:00,25.4,24.9,578.0,583.0,3.3,2.0,0,0
2025-08-13T09:00,27.4,26.8,701.0,706.0,1.8,0.98,0,0
2025-08-13T10:00,29.3,28.1,783.0,786.0,1.8,0.63,0,0
2025-08-13T11:00,30.9,29.1,817.0,818.0,1.7,0.82,0,0
2025-08-13T12:00,32.2,29.8,797.0,803.0,1.7,1.12,0,0
2025-08-13T13:00,33.0,30.2,731.0,738.0,2.1,1.39,0,0
2025-08-13T14:00,33.1,30.3,619.0,626.0,2.8,1.71,0,0
2025-08-13T15:00,32.9,29.8,474.0,474.0,3.8,2.0,0,0
2025-08-13T16:00,32.3,28.4,313.0,311.0,4.1,2.21,0,0
2025-08-13T17:00,31.2,26.4,153.0,165.0,4.0,2.33,0,0
2025-08-13T18:00,29.1,24.6,30.0,39.0,3.5,2.26,0,0
2025-08-13T19:00,26.6,23.3,0.0,0.0,5.1,1.61,0,0
2025-08-13T20:00,25.5,22.1,0.0,0.0,4.7,0.82,0,0
2025-08-13T21:00,24.7,21.1,0.0,0.0,4.7,0.63,0,0
2025-08-13T22:00,24.0,20.0,0.0,0.0,4.7,1.02,0,0
2025-08-13T23:00,23.3,19.1,0.0,0.0,5.7,1.46,0,0
2025-08-14T00:00,22.5,18.3,0.0,0.0,6.9,1.8,0,0
2025-08-14T01:00,21.3,17.5,0.0,0.0,6.5,2.09,0,0
2025-08-14T02:00,21.0,16.9,0.0,0.0,7.3,2.26,0,0
2025-08-14T03:00,20.7,17.0,0.0,0.0,6.7,2.35,0,0
2025-08-14T04:00,20.4,18.2,9.0,12.0,6.8,2.28,0,0
2025-08-14T05:00,21.9,20.2,105.0,116.0,5.9,2.06,0,0
2025-08-14T06:00,23.5,22.3,253.0,256.0,4.6,1.66,0,0
2025-08-14T07:00,26.4,24.5,414.0,418.0,2.6,1.0,0,0
2025-08-14T08:00,28.8,26.9,561.0,575.0,2.0,0.64,0,0
2025-08-14T09:00,30.9,28.8,681.0,697.0,1.5,1.08,0,0
2025-08-14T10:00,32.6,30.0,761.0,776.0,1.5,0.94,0,0
2025-08-14T11:00,33.8,30.8,794.0,807.0,2.1,0.85,0,0
2025-08-14T12:00,34.8,31.3,773.0,789.0,3.2,1.12,0,0
2025-08-14T13:00,34.8,31.7,708.0,722.0,3.5,1.68,0,0
2025-08-14T14:00,34.8,31.7,600.0,610.0,3.7,2.25,0,0
2025-08-14T15:00,34.3,31.3,460.0,462.0,4.8,2.56,0,0
2025-08-14T16:00,33.5,30.0,303.0,303.0,5.5,2.35,0,0
2025-08-14T17:00,32.3,28.3,148.0,160.0,4.8,1.91,0,0
2025-08-14T18:00,30.1,26.5,28.0,36.0,5.0,1.43,0,0
2025-08-14T19:00,28.2,24.7,0.0,0.0,5.2,1.08,0,0
2025-08-14T20:00,27.2,22.9,0.0,0.0,5.7,2.02,0,0
2025-08-14T21:00,26.4,21.5,0.0,0.0,6.7,3.31,0,0
2025-08-14T22:00,25.7,20.7,0.0,0.0,6.8,4.23,0,0
2025-08-14T23:00,25.1,20.3,0.0,0.0,6.9,5.05,0,0
2025-08-15T00:00,24.9,19.9,0.0,0.0,8.4,5.67,0,0
2025-08-15T01:00,24.6,19.4,0.0,0.0,8.5,6.1,0,0
2025-08-15T02:00,24.0,19.1,0.0,0.0,8.9,6.43,0,0
2025-08-15T03:00,23.5,19.2,0.0,0.0,9.1,6.65,0,0
2025-08-15T04:00,23.3,20.3,8.0,11.0,9.1,6.75,0,0
2025-08-15T05:00,24.2,21.8,102.0,112.0,8.4,6.75,0,0
2025-08-15T06:00,25.5,23.6,248.0,250.0,6.9,6.41,0,0
2025-08-15T07:00,27.1,25.4,409.0,411.0,6.0,5.46,0,0
2025-08-15T08:00,29.0,27.5,558.0,567.0,4.8,4.1,0,0
2025-08-15T09:00,31.0,29.2,675.0,689.0,4.3,3.01,0,0
2025-08-15T10:00,32.7,30.6,756.0,769.0,4.1,2.32,0,0
2025-08-15T11:00,33.7,31.8,790.0,799.0,4.2,1.82,0,0
2025-08-15T12:00,35.3,32.5,772.0,778.0,3.3,1.51,0,0
2025-08-15T13:00,35.6,32.9,706.0,707.0,3.9,1.61,0,0
2025-08-15T14:00,35.4,32.9,595.0,595.0,4.6,1.9,0,0
2025-08-15T15:00,34.5,32.3,452.0,449.0,5.5,2.3,0,0
2025-08-15T16:00,33.7,30.8,294.0,294.0,6.1,2.91,0,0
2025-08-15T17:00,32.4,28.7,140.0,153.0,6.3,3.72,0,0
2025-08-15T18:00,30.3,26.8,24.0,33.0,7.1,4.22,0,0
2025-08-15T19:00,28.7,25.1,0.0,0.0,6.6,4.41,0,0
2025-08-15T20:00,27.6,23.7,0.0,0.0,6.0,4.3,0,0
2025-08-15T21:00,26.3,22.5,0.0,0.0,6.1,4.1,0,0
2025-08-15T22:00,25.6,21.8,0.0,0.0,7.1,3.72,0,0
2025-08-15T23:00,24.8,21.4,0.0,0.0,7.3,3.35,0,0
2025-08-16T00:00,23.8,20.9,0.0,0.0,7.6,2.86,0,0
2025-08-16T01:00,23.1,20.1,0.0,0.0,7.3,2.41,0,0
2025-08-16T02:00,22.5,19.3,0.0,0.0,7.3,2.16,0,0
2025-08-16T03:00,21.6,19.1,0.0,0.0,6.5,2.01,0,0
2025-08-16T04:00,21.1,20.2,7.0,10.0,7.6,1.92,0,0
2025-08-16T05:00,22.7,21.9,99.0,108.0,7.0,1.8,0,0
2025-08-16T06:00,25.0,23.8,244.0,246.0,4.9,1.73,0,0
2025-08-16T07:00,27.0,25.8,403.0,407.0,2.7,1.6,0,0
2025-08-16T08:00,29.2,28.0,553.0,561.0,3.1,1.5,0,0
2025-08-16T09:00,31.1,29.8,673.0,675.0,2.9,1.51,0,0
2025-08-16T10:00,32.7,31.1,755.0,742.0,2.9,1.6,0,0
2025-08-16T11:00,34.2,32.2,786.0,759.0,2.6,1.94,0,0
2025-08-16T12:00,34.8,32.8,766.0,726.0,4.6,2.21,0,0
2025-08-16T13:00,34.7,33.1,697.0,646.0,5.2,2.38,0,0
2025-08-16T14:00,34.5,33.1,589.0,532.0,5.9,2.46,0,0
2025-08-16T15:00,33.6,32.5,449.0,391.0,6.6,2.77,0,0
2025-08-16T16:00,32.5,31.1,292.0,248.0,7.5,3.58,0,0
2025-08-16T17:00,30.9,29.2,139.0,125.0,7.9,4.59,0,0
2025-08-16T18:00,29.0,27.5,23.0,25.0,7.9,5.51,0,0
2025-08-16T19:00,27.5,26.3,0.0,0.0,7.2,6.24,0,4
2025-08-16T20:00,26.7,25.4,0.0,0.0,8.3,7.01,0,9
2025-08-16T21:00,26.3,24.6,0.0,0.0,8.8,7.68,0,12
2025-08-16T22:00,25.7,23.8,0.0,0.0,8.4,7.79,4,12
2025-08-16T23:00,25.2,23.1,0.0,0.0,8.4,7.55,16,11
2025-08-17T00:00,24.7,22.4,0.0,0.0,8.8,7.43,0,10
2025-08-17T01:00,24.2,21.8,0.0,0.0,8.4,7.73,0,10
2025-08-17T02:00,23.8,21.3,0.0,0.0,7.9,8.14,100,10
2025-08-17T03:00,23.1,20.8,0.0,0.0,8.5,8.16,53,13
2025-08-17T04:00,22.6,20.4,6.0,7.0,8.8,7.55,7,21
2025-08-17T05:00,22.6,20.1,59.0,79.0,8.4,6.77,59,32
2025-08-17T06:00,22.5,20.4,33.0,175.0,7.2,6.15,100,39
2025-08-17T07:00,23.4,21.5,72.0,278.0,8.2,5.94,100,39
2025-08-17T08:00,24.8,23.2,303.0,385.0,7.7,6.2,74,35
2025-08-17T09:00,23.7,24.7,548.0,502.0,8.4,6.61,0,37
2025-08-17T10:00,25.5,25.7,742.0,610.0,7.5,6.41,29,53
2025-08-17T11:00,26.2,26.4,766.0,652.0,7.4,6.05,78,75
2025-08-17T12:00,23.7,26.8,288.0,582.0,8.1,5.83,100,83
2025-08-17T13:00,25.0,26.8,296.0,450.0,4.0,5.95,100,63
2025-08-17T14:00,25.4,26.4,229.0,334.0,8.2,6.33,99,29
2025-08-17T15:00,26.3,25.7,441.0,257.0,7.3,6.67,6,4
2025-08-17T16:00,25.2,24.5,190.0,185.0,9.6,7.04,96,0
2025-08-17T17:00,24.1,22.9,65.0,103.0,8.4,7.5,100,0
2025-08-17T18:00,22.8,21.5,11.0,20.0,7.9,7.84,53,0
2025-08-17T19:00,21.7,20.5,0.0,0.0,7.8,7.9,2,0
2025-08-17T20:00,21.0,19.7,0.0,0.0,8.4,7.88,0,0
2025-08-17T21:00,20.3,19.0,0.0,0.0,8.1,7.86,0,0
2025-08-17T22:00,19.8,18.3,0.0,0.0,8.4,7.86,0,0
2025-08-17T23:00,19.2,17.8,0.0,0.0,8.3,7.8,0,0
2025-08-18T00:00,19.1,17.2,0.0,0.0,8.9,7.84,0,0
2025-08-18T01:00,18.7,16.4,0.0,0.0,8.3,7.52,0,0
2025-08-18T02:00,18.3,15.5,0.0,0.0,8.2,7.1,0,0
2025-08-18T03:00,17.5,15.1,0.0,0.0,8.7,6.74,0,0
2025-08-18T04:00,17.4,15.7,6.0,8.0,8.5,6.24,0,0
2025-08-18T05:00,18.0,16.9,95.0,105.0,7.2,5.72,0,0
2025-08-18T06:00,18.9,18.2,244.0,246.0,7.6,5.4,0,0
2025-08-18T07:00,20.2,19.5,406.0,410.0,7.6,5.5,0,1
2025-08-18T08:00,21.7,20.9,555.0,562.0,7.1,5.76,0,2
2025-08-18T09:00,22.7,22.1,674.0,654.0,7.7,6.2,0,3
2025-08-18T10:00,23.8,23.0,756.0,684.0,8.3,6.68,0,2
2025-08-18T11:00,24.4,23.5,790.0,678.0,8.5,7.13,0,1
2025-08-18T12:00,24.1,23.8,770.0,654.0,9.6,7.52,1,0
2025-08-18T13:00,24.0,23.6,701.0,599.0,9.0,7.67,0,0
2025-08-18T14:00,24.0,23.1,593.0,508.0,8.5,7.79,0,0
2025-08-18T15:00,23.5,22.4,448.0,384.0,8.8,7.82,0,0
2025-08-18T16:00,22.8,21.4,288.0,250.0,8.3,7.75,0,1
2025-08-18T17:00,21.6,20.2,132.0,127.0,8.4,7.53,0,3
2025-08-18T18:00,20.5,19.1,19.0,23.0,7.9,7.25,0,6
2025-08-18T19:00,19.6,18.2,0.0,0.0,8.0,6.87,0,12
2025-08-18T20:00,18.8,17.4,0.0,0.0,7.4,6.48,0,19
2025-08-18T21:00,18.0,16.7,0.0,0.0,7.8,6.12,0,22
2025-08-18T22:00,17.6,16.0,0.0,0.0,7.7,5.9,0,17
2025-08-18T23:00,17.3,15.5,0.0,0.0,8.2,5.7,0,7
2025-08-19T00:00,16.6,15.0,0.0,0.0,8.2,5.61,0,0
2025-08-19T01:00,16.0,14.4,0.0,0.0,8.3,5.81,0,0
2025-08-19T02:00,16.0,13.8,0.0,0.0,8.1,6.01,0,0
2025-08-19T03:00,15.4,13.8,0.0,0.0,7.8,6.11,0,0
2025-08-19T04:00,15.3,14.6,5.0,7.0,7.9,5.83,0,0
2025-08-19T05:00,16.2,15.9,93.0,104.0,7.7,5.28,0,0
2025-08-19T06:00,17.2,17.4,241.0,246.0,6.4,4.88,11,0
2025-08-19T07:00,19.1,19.1,400.0,410.0,5.4,4.6,16,0
2025-08-19T08:00,21.2,20.9,555.0,570.0,4.8,4.65,4,0
2025-08-19T09:00,22.6,22.4,680.0,695.0,4.4,4.52,0,0
2025-08-19T10:00,23.6,23.3,763.0,777.0,4.3,3.86,0,8
2025-08-19T11:00,24.9,23.9,794.0,807.0,3.9,2.92,0,18
2025-08-19T12:00,26.1,24.3,775.0,777.0,3.4,2.15,0,23
2025-08-19T13:00,26.6,24.5,703.0,695.0,3.5,2.05,0,18
2025-08-19T14:00,26.7,24.6,590.0,578.0,3.4,2.39,0,8
2025-08-19T15:00,26.4,24.3,446.0,434.0,3.2,2.34,0,0
2025-08-19T16:00,25.7,23.3,284.0,283.0,3.5,1.82,0,0
2025-08-19T17:00,24.6,22.0,128.0,143.0,4.5,1.97,0,0
2025-08-19T18:00,22.9,20.8,17.0,24.0,4.6,2.43,0,0
2025-08-19T19:00,21.4,20.1,0.0,0.0,5.3,1.8,0,0
2025-08-19T20:00,20.2,19.6,0.0,0.0,5.2,0.63,0,0
2025-08-19T21:00,19.7,19.0,0.0,0.0,4.8,0.41,0,0
2025-08-19T22:00,18.9,18.2,0.0,0.0,6.1,0.51,0,0
2025-08-19T23:00,18.4,17.3,0.0,0.0,6.7,1.0,0,0
2025-08-20T00:00,17.8,16.6,0.0,0.0,5.3,1.52,0,0
2025-08-20T01:00,16.5,15.9,0.0,0.0,4.7,1.8,0,0
2025-08-20T02:00,16.4,15.3,0.0,0.0,4.4,1.87,0,0
2025-08-20T03:00,15.9,15.2,0.0,0.0,3.4,1.96,0,0
2025-08-20T04:00,16.4,15.9,5.0,6.0,1.9,1.84,0,0
2025-08-20T05:00,17.2,17.1,89.0,100.0,2.5,1.63,0,0
2025-08-20T06:00,19.1,18.6,235.0,241.0,0.9,1.84,0,0
2025-08-20T07:00,21.1,20.7,394.0,405.0,0.6,2.75,0,0
2025-08-20T08:00,24.0,23.1,541.0,555.0,1.6,4.03,0,0
2025-08-20T09:00,26.8,24.9,660.0,637.0,4.3,5.14,0,0
2025-08-20T10:00,28.2,25.9,740.0,653.0,5.4,5.95,0,0
2025-08-20T11:00,29.7,26.3,774.0,644.0,5.1,6.52,0,0
2025-08-20T12:00,30.5,26.6,741.0,644.0,6.1,6.91,9,0
2025-08-20T13:00,31.0,27.1,672.0,624.0,6.0,6.77,7,3
2025-08-20T14:00,31.2,27.5,559.0,545.0,5.4,6.38,26,7
2025-08-20T15:00,31.1,27.3,428.0,405.0,5.8,5.94,6,9
2025-08-20T16:00,30.4,26.4,274.0,252.0,6.1,5.84,0,6
2025-08-20T17:00,29.2,25.0,122.0,120.0,4.1,5.8,6,2
2025-08-20T18:00,27.1,23.6,14.0,19.0,4.1,5.52,0,3
2025-08-20T19:00,25.1,22.5,0.0,0.0,6.0,4.44,37,12
2025-08-20T20:00,24.0,21.5,0.0,0.0,5.2,3.31,0,27
2025-08-20T21:00,24.1,20.7,0.0,0.0,3.1,2.82,29,42
2025-08-20T22:00,22.8,19.9,0.0,0.0,4.6,1.89,96,59
2025-08-20T23:00,21.7,19.3,0.0,0.0,4.4,0.71,99,78
2025-08-21T00:00,21.7,18.8,0.0,0.0,7.2,0.73,44,88
2025-08-21T01:00,20.9,18.6,0.0,0.0,6.0,1.03,100,83
2025-08-21T02:00,19.4,18.6,0.0,0.0,5.7,1.44,70,69
2025-08-21T03:00,20.6,18.4,0.0,0.0,4.4,1.75,90,63
2025-08-21T04:00,19.9,17.7,3.0,1.0,4.0,1.58,95,73
2025-08-21T05:00,21.0,16.9,23.0,12.0,1.1,1.9,100,89
2025-08-21T06:00,20.9,16.4,24.0,31.0,2.9,2.44,100,100
2025-08-21T07:00,19.3,16.7,51.0,60.0,2.4,2.56,100,97
2025-08-21T08:00,17.3,17.5,11.0,113.0,6.0,2.41,100,89
2025-08-21T09:00,19.4,18.4,289.0,225.0,3.3,2.48,100,84
2025-08-21T10:00,20.4,19.7,243.0,374.0,2.2,3.0,100,88
2025-08-21T11:00,20.9,21.1,328.0,470.0,4.9,3.79,100,95
2025-08-21T12:00,24.3,22.2,329.0,455.0,4.8,4.18,100,100
2025-08-21T13:00,20.7,22.6,9.0,372.0,3.1,3.44,100,100
2025-08-21T14:00,20.5,22.6,37.0,274.0,1.6,2.0,100,100
2025-08-21T15:00,21.3,22.2,33.0,177.0,3.8,1.1,100,100
2025-08-21T16:00,21.5,21.3,69.0,92.0,1.5,1.17,100,100
2025-08-21T17:00,20.7,20.1,18.0,36.0,3.9,1.68,100,100
2025-08-21T18:00,20.1,19.0,1.0,5.0,5.9,1.82,100,100
2025-08-21T19:00,19.8,18.5,0.0,0.0,3.6,1.79,100,100
2025-08-21T20:00,19.5,18.2,0.0,0.0,3.6,2.59,100,100
2025-08-21T21:00,19.1,18.0,0.0,0.0,3.8,3.3,100,100
2025-08-21T22:00,18.8,17.7,0.0,0.0,3.8,2.96,100,100
2025-08-21T23:00,18.7,17.5,0.0,0.0,4.5,2.06,100,100
2025-08-22T00:00,18.5,17.3,0.0,0.0,3.2,1.14,100,100
2025-08-22T01:00,18.4,17.0,0.0,0.0,2.9,0.54,100,95
2025-08-22T02:00,18.6,16.7,0.0,0.0,3.0,0.22,100,89
2025-08-22T03:00,18.3,16.7,0.0,0.0,2.8,0.58,100,85
2025-08-22T04:00,18.2,16.9,0.0,1.0,3.2,1.71,100,86
2025-08-22T05:00,18.3,17.4,2.0,28.0,3.1,3.35,100,89
2025-08-22T06:00,17.6,18.0,69.0,78.0,10.8,4.72,100,92
2025-08-22T07:00,16.7,18.7,178.0,149.0,11.9,5.3,100,96
2025-08-22T08:00,16.7,19.5,202.0,218.0,12.2,5.52,100,99
2025-08-22T09:00,15.4,19.9,14.0,251.0,11.9,5.94,100,100
2025-08-22T10:00,15.4,19.6,19.0,250.0,10.5,7.01,100,95
2025-08-22T11:00,15.1,18.8,26.0,239.0,9.4,8.3,100,87
2025-08-22T12:00,14.4,18.1,17.0,220.0,11.8,9.22,100,80
2025-08-22T13:00,14.4,17.8,34.0,195.0,8.5,9.46,100,78
2025-08-22T14:00,15.6,17.6,109.0,191.0,7.2,9.34,100,77
2025-08-22T15:00,18.9,17.4,336.0,214.0,5.0,8.91,100,70
2025-08-22T16:00,19.5,17.1,255.0,207.0,3.3,7.91,97,49
2025-08-22T17:00,18.8,16.7,106.0,127.0,4.2,6.57,12,20
2025-08-22T18:00,16.4,16.3,11.0,18.0,2.6,5.85,96,0
2025-08-22T19:00,15.1,15.8,0.0,0.0,5.0,6.16,1,0
2025-08-22T20:00,14.0,15.2,0.0,0.0,4.6,7.01,0,0
2025-08-22T21:00,15.6,14.7,0.0,0.0,8.8,7.64,0,0
2025-08-22T22:00,15.1,14.2,0.0,0.0,8.9,7.69,0,0
2025-08-22T23:00,14.6,13.8,0.0,0.0,9.2,7.65,0,0
2025-08-23T00:00,13.4,13.4,0.0,0.0,7.8,7.4,0,0
2025-08-23T01:00,12.9,12.8,0.0,0.0,8.7,7.15,0,0
2025-08-23T02:00,12.6,12.1,0.0,0.0,8.3,6.72,0,0
2025-08-23T03:00,12.5,12.0,0.0,0.0,7.5,6.45,0,0
2025-08-23T04:00,12.4,12.6,2.0,4.0,6.3,6.45,97,1
2025-08-23T05:00,13.2,13.8,34.0,88.0,6.1,6.5,98,2
2025-08-23T06:00,13.4,15.0,71.0,211.0,5.3,6.15,100,5
2025-08-23T07:00,14.7,16.3,127.0,336.0,4.0,5.07,100,8
2025-08-23T08:00,16.9,17.6,352.0,441.0,1.9,3.68,1,13
2025-08-23T09:00,17.3,18.5,171.0,494.0,0.7,2.37,100,22
2025-08-23T10:00,18.3,18.7,387.0,497.0,2.0,1.49,100,42
2025-08-23T11:00,17.6,18.5,181.0,471.0,2.0,1.2,100,66
2025-08-23T12:00,19.6,18.4,486.0,437.0,0.7,1.48,100,80
2025-08-23T13:00,17.6,18.7,198.0,385.0,5.5,1.91,100,75
2025-08-23T14:00,17.8,19.1,241.0,306.0,3.4,2.26,100,61
2025-08-23T15:00,17.3,18.9,79.0,202.0,3.0,1.91,91,47
2025-08-23T16:00,17.3,17.7,104.0,105.0,3.2,0.67,100,38
2025-08-23T17:00,15.9,16.0,13.0,40.0,3.2,2.43,100,31
2025-08-23T18:00,14.7,14.4,1.0,5.0,0.5,3.83,0,25
2025-08-23T19:00,14.0,13.4,0.0,0.0,2.3,3.06,3,22
2025-08-23T20:00,13.1,12.5,0.0,0.0,3.2,1.41,0,21
2025-08-23T21:00,13.1,11.8,0.0,0.0,3.2,1.08,100,19
2025-08-23T22:00,13.2,11.4,0.0,0.0,1.9,1.78,87,14
2025-08-23T23:00,13.3,11.2,0.0,0.0,1.1,3.1,100,8
2025-08-24T00:00,11.8,11.1,0.0,0.0,2.8,4.4,0,3
2025-08-24T01:00,10.9,10.8,0.0,0.0,4.8,5.41,6,1
2025-08-24T02:00,10.7,10.5,0.0,0.0,5.2,6.33,0,0
2025-08-24T03:00,10.4,10.4,0.0,0.0,4.7,6.85,0,0
2025-08-24T04:00,10.2,10.6,2.0,3.0,7.1,6.58,0,0
2025-08-24T05:00,10.4,11.0,80.0,87.0,5.3,5.95,0,0
2025-08-24T06:00,12.4,11.6,229.0,217.0,6.6,5.55,0,0
2025-08-24T07:00,13.5,12.8,392.0,359.0,8.3,5.9,0,1
2025-08-24T08:00,14.9,14.2,548.0,497.0,7.4,6.62,2,2
2025-08-24T09:00,16.3,15.6,678.0,620.0,8.4,6.71,0,3
2025-08-24T10:00,17.8,16.7,760.0,716.0,5.5,5.96,0,2
2025-08-24T11:00,19.1,17.8,792.0,755.0,4.6,4.68,1,1
2025-08-24T12:00,19.4,18.4,655.0,719.0,4.0,3.1,12,0
2025-08-24T13:00,20.2,18.5,687.0,627.0,3.5,1.34,5,0
2025-08-24T14:00,20.6,18.1,568.0,508.0,3.0,2.58,11,0
2025-08-24T15:00,20.7,17.4,424.0,376.0,3.1,4.48,0,0
2025-08-24T16:00,20.3,16.6,268.0,240.0,2.7,5.42,0,0
2025-08-24T17:00,18.7,15.5,110.0,113.0,4.5,5.64,0,0
2025-08-24T18:00,17.4,14.4,9.0,12.0,6.5,5.1,18,0
2025-08-24T19:00,16.2,13.3,0.0,0.0,6.4,3.2,48,0
2025-08-24T20:00,15.1,12.2,0.0,0.0,6.4,0.86,7,0
2025-08-24T21:00,12.9,11.4,0.0,0.0,5.0,1.66,0,0
2025-08-24T22:00,11.8,11.2,0.0,0.0,3.7,1.3,0,0
2025-08-24T23:00,10.8,11.2,0.0,0.0,4.4,0.72,0,0
2025-08-25T00:00,10.9,11.2,0.0,0.0,1.5,1.33,0,0
2025-08-25T01:00,10.6,10.6,0.0,0.0,0.9,1.26,0,0
2025-08-25T02:00,9.8,9.8,0.0,0.0,2.0,0.95,0,0
2025-08-25T03:00,9.3,9.6,0.0,0.0,1.2,0.63,0,0
2025-08-25T04:00,9.0,10.4,2.0,3.0,1.2,0.51,0,0
2025-08-25T05:00,10.5,11.7,79.0,87.0,0.8,0.51,0,0
2025-08-25T06:00,12.6,13.2,228.0,229.0,1.0,0.71,0,0
2025-08-25T07:00,15.2,14.7,390.0,393.0,0.9,1.2,5,13
2025-08-25T08:00,18.4,16.3,544.0,541.0,3.7,1.84,5,31
2025-08-25T09:00,20.4,17.5,666.0,622.0,5.1,2.44,48,41
2025-08-25T10:00,21.0,18.3,593.0,634.0,4.9,2.77,99,35
2025-08-25T11:00,21.5,18.7,431.0,611.0,4.8,3.02,94,22
2025-08-25T12:00,21.7,18.9,551.0,573.0,6.5,3.2,88,12
2025-08-25T13:00,22.1,19.1,552.0,513.0,4.9,3.36,42,10
2025-08-25T14:00,22.2,19.0,462.0,428.0,5.9,3.61,61,11
2025-08-25T15:00,22.2,18.6,378.0,323.0,4.7,3.55,19,11
2025-08-25T16:00,21.7,17.7,252.0,210.0,3.3,3.42,0,7
2025-08-25T17:00,20.9,16.5,105.0,99.0,3.6,3.25,0,3
2025-08-25T18:00,18.9,15.3,8.0,10.0,2.4,2.78,0,0
2025-08-25T19:00,17.2,14.2,0.0,0.0,1.2,1.58,0,2
2025-08-25T20:00,15.9,13.1,0.0,0.0,1.3,0.1,0,5
2025-08-25T21:00,14.3,12.2,0.0,0.0,1.4,0.85,0,8
2025-08-25T22:00,13.2,11.4,0.0,0.0,2.2,0.64,0,7
2025-08-25T23:00,12.4,10.7,0.0,0.0,2.0,0.32,0,6
2025-08-26T00:00,12.4,10.2,0.0,0.0,1.8,0.73,0,7
2025-08-26T01:00,12.0,9.8,0.0,0.0,2.5,0.6,0,14
2025-08-26T02:00,11.4,9.5,0.0,0.0,2.3,0.5,0,23
2025-08-26T03:00,11.4,9.6,0.0,0.0,3.1,0.51,0,31
2025-08-26T04:00,11.2,10.3,1.0,2.0,3.6,0.22,0,37
2025-08-26T05:00,12.1,11.4,72.0,84.0,3.5,0.28,4,41
2025-08-26T06:00,13.9,12.8,219.0,223.0,1.6,0.92,2,41
2025-08-26T07:00,16.5,14.6,382.0,383.0,0.6,1.8,1,33
2025-08-26T08:00,19.2,16.8,534.0,533.0,2.9,2.93,0,20
2025-08-26T09:00,21.4,18.6,656.0,632.0,4.3,4.03,0,10
2025-08-26T10:00,22.9,19.9,738.0,674.0,5.6,5.07,1,5
2025-08-26T11:00,24.4,21.0,772.0,682.0,6.2,6.04,12,2
2025-08-26T12:00,24.9,21.7,748.0,670.0,5.9,6.8,1,0
2025-08-26T13:00,25.5,22.2,674.0,626.0,5.8,7.02,0,0
2025-08-26T14:00,25.7,22.4,564.0,535.0,5.0,6.98,0,0
2025-08-26T15:00,25.3,22.1,413.0,400.0,3.8,6.81,0,0
2025-08-26T16:00,24.6,21.0,253.0,252.0,4.2,6.93,0,0
2025-08-26T17:00,23.4,19.3,101.0,114.0,5.0,6.94,0,0
2025-08-26T18:00,21.2,17.8,7.0,10.0,4.2,6.08,0,0
2025-08-26T19:00,19.2,16.4,0.0,0.0,5.4,3.61,0,0
2025-08-26T20:00,17.0,15.2,0.0,0.0,4.7,2.92,0,0
2025-08-26T21:00,16.6,14.1,0.0,0.0,4.1,4.6,0,0
2025-08-26T22:00,15.6,13.3,0.0,0.0,4.8,4.2,0,0
2025-08-26T23:00,14.7,12.7,0.0,0.0,4.7,2.4,0,0
2025-08-27T00:00,14.0,12.1,0.0,0.0,4.5,1.1,0,4
2025-08-27T01:00,14.2,11.4,0.0,0.0,4.5,0.9,0,23
2025-08-27T02:00,13.6,10.7,0.0,0.0,4.9,1.12,87,49
2025-08-27T03:00,13.3,10.7,0.0,0.0,2.4,1.14,99,61
2025-08-27T04:00,13.1,11.7,1.0,2.0,1.7,0.72,85,47
2025-08-27T05:00,14.6,13.3,65.0,78.0,2.6,0.63,17,20
2025-08-27T06:00,16.3,15.0,214.0,213.0,1.9,1.08,45,3
2025-08-27T07:00,18.3,16.9,319.0,371.0,1.0,1.68,89,7
2025-08-27T08:00,20.9,19.0,482.0,522.0,1.0,2.24,100,20
2025-08-27T09:00,23.3,20.8,606.0,635.0,2.9,2.81,97,34
2025-08-27T10:00,25.1,22.2,685.0,700.0,3.3,3.4,97,47
2025-08-27T11:00,26.3,23.4,675.0,713.0,3.2,4.0,100,61
2025-08-27T12:00,26.1,24.1,448.0,667.0,3.4,4.4,100,65
2025-08-27T13:00,27.4,24.6,449.0,575.0,4.3,4.85,88,53
2025-08-27T14:00,27.7,24.7,434.0,463.0,3.8,5.17,85,32
2025-08-27T15:00,27.5,24.3,251.0,345.0,3.0,5.22,100,16
2025-08-27T16:00,26.8,23.2,91.0,222.0,5.5,4.55,77,12
2025-08-27T17:00,25.0,21.6,76.0,101.0,2.2,3.86,0,13
2025-08-27T18:00,23.7,20.2,5.0,7.0,5.9,3.54,81,13
2025-08-27T19:00,22.2,19.3,0.0,0.0,4.3,3.42,6,9
2025-08-27T20:00,20.8,18.7,0.0,0.0,7.6,3.11,17,4
2025-08-27T21:00,21.9,18.0,0.0,0.0,7.6,2.97,9,1
2025-08-27T22:00,20.7,17.1,0.0,0.0,6.9,2.88,0,1
2025-08-27T23:00,19.6,16.3,0.0,0.0,4.3,2.92,1,4
2025-08-28T00:00,18.8,15.5,0.0,0.0,4.0,2.98,0,5
2025-08-28T01:00,17.9,14.8,0.0,0.0,3.5,2.89,0,4
2025-08-28T02:00,17.2,14.2,0.0,0.0,1.3,2.75,0,2
2025-08-28T03:00,16.8,14.2,0.0,0.0,0.4,2.6,0,0
2025-08-28T04:00,16.1,14.8,1.0,1.0,0.4,2.51,0,0
2025-08-28T05:00,17.0,16.0,67.0,77.0,0.5,2.42,0,0
2025-08-28T06:00,19.1,17.4,210.0,215.0,0.1,2.51,0,0
2025-08-28T07:00,21.8,19.2,371.0,375.0,1.5,2.79,0,0
2025-08-28T08:00,24.1,21.2,522.0,533.0,3.5,3.23,0,0
2025-08-28T09:00,26.2,23.0,644.0,655.0,4.1,3.71,0,0
2025-08-28T10:00,28.1,24.5,726.0,733.0,5.9,4.37,0,0
2025-08-28T11:00,29.3,25.9,759.0,763.0,6.9,5.16,0,1
2025-08-28T12:00,29.8,26.8,735.0,743.0,6.9,5.76,0,1
2025-08-28T13:00,30.2,27.2,663.0,674.0,6.6,6.08,0,1
2025-08-28T14:00,31.0,27.2,550.0,559.0,7.6,6.24,0,0
2025-08-28T15:00,30.9,26.8,403.0,407.0,8.4,6.43,0,0
2025-08-28T16:00,30.5,25.8,240.0,246.0,7.7,6.77,0,0
2025-08-28T17:00,28.8,24.3,89.0,104.0,6.8,7.22,0,0
2025-08-28T18:00,26.9,22.9,4.0,7.0,6.7,7.3,0,0
2025-08-28T19:00,24.8,21.7,0.0,0.0,7.9,6.82,0,0
2025-08-28T20:00,24.8,20.6,0.0,0.0,10.2,5.95,0,0
2025-08-28T21:00,23.7,19.6,0.0,0.0,5.0,5.29,0,0
2025-08-28T22:00,22.2,18.8,0.0,0.0,2.1,4.96,0,3
2025-08-28T23:00,21.0,18.1,0.0,0.0,3.1,4.91,0,7
2025-08-29T00:00,21.1,17.6,0.0,0.0,3.8,4.9,1,10
2025-08-29T01:00,20.5,17.0,0.0,0.0,6.0,5.1,0,10
2025-08-29T02:00,20.1,16.4,0.0,0.0,7.4,5.3,0,9
2025-08-29T03:00,19.0,16.3,0.0,0.0,1.6,5.3,0,8
2025-08-29T04:00,18.2,16.8,0.0,1.0,6.1,4.9,0,6
2025-08-29T05:00,18.8,17.7,62.0,71.0,5.5,4.32,0,4
2025-08-29T06:00,21.3,18.9,202.0,202.0,4.4,3.95,0,3
2025-08-29T07:00,24.3,20.5,360.0,355.0,5.4,3.88,64,4
2025-08-29T08:00,25.8,22.6,410.0,506.0,5.8,4.0,35,6
2025-08-29T09:00,27.0,24.4,554.0,629.0,6.9,4.24,76,7
2025-08-29T10:00,28.4,25.9,672.0,713.0,7.0,4.81,23,4
2025-08-29T11:00,29.5,27.2,709.0,746.0,7.4,5.57,90,0
2025-08-29T12:00,30.8,28.3,702.0,723.0,6.5,6.07,5,0
2025-08-29T13:00,32.2,29.2,643.0,648.0,7.4,6.36,26,8
2025-08-29T14:00,32.7,29.9,520.0,533.0,7.2,6.46,28,21
2025-08-29T15:00,33.3,29.8,376.0,387.0,8.9,6.48,83,30
2025-08-29T16:00,33.0,28.3,213.0,234.0,8.7,6.41,82,32
2025-08-29T17:00,31.6,26.1,81.0,98.0,7.1,6.94,41,31
2025-08-29T18:00,28.9,24.2,3.0,5.0,8.4,7.4,0,30
2025-08-29T19:00,27.5,23.2,0.0,0.0,9.1,6.9,0,31
2025-08-29T20:00,26.5,22.6,0.0,0.0,6.8,5.8,0,32
2025-08-29T21:00,25.6,21.9,0.0,0.0,7.3,4.86,0,33
2025-08-29T22:00,24.6,21.0,0.0,0.0,3.9,4.3,78,31
2025-08-29T23:00,24.2,20.0,0.0,0.0,5.4,3.98,66,29
2025-08-30T00:00,24.2,19.2,0.0,0.0,8.3,3.7,0,30
2025-08-30T01:00,23.6,18.5,0.0,0.0,5.7,3.69,56,38
2025-08-30T02:00,23.2,17.8,0.0,0.0,5.1,3.82,98,50
2025-08-30T03:00,22.9,17.5,0.0,0.0,4.5,3.81,100,60
2025-08-30T04:00,22.9,17.7,0.0,0.0,4.7,3.51,100,64
2025-08-30T05:00,23.0,18.2,19.0,40.0,4.3,3.01,100,65
2025-08-30T06:00,23.9,19.0,186.0,117.0,2.7,2.82,0,68
2025-08-30T07:00,25.0,20.0,348.0,208.0,5.2,3.01,2,77
2025-08-30T08:00,26.2,21.2,501.0,298.0,5.5,3.59,0,89
2025-08-30T09:00,27.4,22.4,617.0,374.0,3.3,3.96,8,94
2025-08-30T10:00,28.4,23.7,600.0,426.0,2.9,4.1,71,88
2025-08-30T11:00,29.3,25.0,595.0,449.0,2.4,4.11,100,77
2025-08-30T12:00,30.0,25.8,654.0,441.0,3.1,3.91,48,68
2025-08-30T13:00,30.5,26.0,617.0,401.0,2.3,3.26,32,66
2025-08-30T14:00,30.6,25.8,401.0,323.0,2.8,2.38,96,66
2025-08-30T15:00,28.7,25.1,343.0,212.0,5.3,1.63,99,69
2025-08-30T16:00,27.3,23.8,174.0,106.0,5.7,1.22,86,77
2025-08-30T17:00,26.3,22.0,68.0,36.0,5.3,1.36,99,87
2025-08-30T18:00,24.8,20.6,2.0,1.0,3.3,1.8,26,91
2025-08-30T19:00,24.1,19.9,0.0,0.0,2.8,1.92,81,83
2025-08-30T20:00,24.0,19.6,0.0,0.0,3.2,1.75,97,68
2025-08-30T21:00,22.7,19.3,0.0,0.0,8.3,1.84,28,56
2025-08-30T22:00,22.7,18.8,0.0,0.0,8.4,2.81,100,48
2025-08-30T23:00,22.7,18.3,0.0,0.0,9.2,4.3,100,43
2025-08-31T00:00,21.2,18.0,0.0,0.0,10.5,5.46,100,44
2025-08-31T01:00,20.5,18.0,0.0,0.0,11.5,5.9,100,54
2025-08-31T02:00,20.1,18.1,0.0,0.0,11.3,6.03,100,70
2025-08-31T03:00,19.8,18.2,0.0,0.0,10.5,6.11,100,83
2025-08-31T04:00,19.5,18.1,0.0,0.0,10.5,6.01,100,91
2025-08-31T05:00,19.1,18.0,8.0,13.0,10.9,5.94,100,97
2025-08-31T06:00,20.2,18.1,96.0,48.0,8.7,5.87,100,100
2025-08-31T07:00,20.0,18.7,81.0,106.0,9.2,6.04,100,100
2025-08-31T08:00,20.5,19.6,94.0,172.0,8.3,6.41,100,97
2025-08-31T09:00,23.4,20.5,587.0,222.0,7.3,6.6,80,95
2025-08-31T10:00,24.3,21.3,624.0,255.0,8.1,6.5,41,98
2025-08-31T11:00,25.3,22.2,698.0,290.0,8.5,6.31,96,100
2025-08-31T12:00,27.6,22.9,679.0,348.0,4.9,6.12,76,100
2025-08-31T13:00,26.2,23.5,275.0,393.0,7.3,6.08,100,86
2025-08-31T14:00,26.7,24.0,287.0,369.0,7.8,6.11,83,66
2025-08-31T15:00,24.3,24.0,224.0,268.0,9.6,6.26,99,50
2025-08-31T16:00,23.8,23.5,192.0,150.0,10.0,6.51,99,43
2025-08-31T17:00,22.9,22.5,62.0,56.0,9.8,6.91,100,40
2025-08-31T18:00,20.9,21.5,1.0,2.0,8.5,7.32,100,37
2025-08-31T19:00,20.6,20.7,0.0,0.0,8.8,7.45,100,33
2025-08-31T20:00,20.2,19.8,0.0,0.0,8.5,7.4,100,29
2025-08-31T21:00,20.1,19.2,0.0,0.0,9.5,7.43,6,26
2025-08-31T22:00,19.9,18.9,0.0,0.0,9.3,7.65,10,25
2025-08-31T23:00,19.7,18.8,0.0,0.0,9.5,7.94,27,25
2025-09-01T00:00,19.8,18.6,0.0,0.0,8.7,8.04,4,26
2025-09-01T01:00,20.0,18.2,0.0,0.0,8.8,7.94,100,31
2025-09-01T02:00,20.1,17.8,0.0,0.0,7.9,7.83,100,37
2025-09-01T03:00,19.1,17.7,0.0,0.0,7.2,7.51,9,40
2025-09-01T04:00,18.5,18.3,0.0,0.0,6.9,7.2,0,36
2025-09-01T05:00,19.0,19.3,52.0,63.0,7.1,6.79,0,28
2025-09-01T06:00,20.2,20.6,189.0,194.0,7.5,6.07,0,21
2025-09-01T07:00,21.4,22.3,344.0,350.0,6.8,4.81,0,15
2025-09-01T08:00,23.2,24.2,490.0,501.0,5.7,3.22,0,10
2025-09-01T09:00,24.6,25.8,607.0,612.0,4.7,2.01,0,6
2025-09-01T10:00,26.4,26.7,685.0,674.0,3.4,1.08,0,4
2025-09-01T11:00,27.8,27.2,715.0,690.0,2.5,0.92,0,3
2025-09-01T12:00,28.7,27.5,694.0,661.0,1.5,1.46,0,3
2025-09-01T13:00,29.1,27.6,623.0,589.0,0.1,1.8,4,2
2025-09-01T14:00,29.6,27.5,470.0,480.0,2.1,2.04,21,2
2025-09-01T15:00,29.4,26.9,356.0,342.0,2.1,2.21,0,3
2025-09-01T16:00,28.6,25.8,210.0,201.0,3.2,2.51,27,6
2025-09-01T17:00,26.5,24.2,42.0,77.0,7.4,2.77,74,9
2025-09-01T18:00,26.5,22.9,1.0,2.0,5.6,2.86,100,13
2025-09-01T19:00,25.5,22.2,0.0,0.0,3.9,2.62,4,17
2025-09-01T20:00,23.9,21.6,0.0,0.0,4.1,2.31,0,20
2025-09-01T21:00,23.0,21.1,0.0,0.0,3.2,2.1,0,21
2025-09-01T22:00,22.4,20.5,0.0,0.0,2.4,2.1,0,16
2025-09-01T23:00,21.7,19.9,0.0,0.0,2.0,2.24,0,7
2025-09-02T00:00,20.9,19.4,0.0,0.0,3.5,2.4,0,1
2025-09-02T01:00,20.7,18.8,0.0,0.0,3.5,2.5,0,0
2025-09-02T02:00,19.8,18.4,0.0,0.0,2.2,2.45,0,0
2025-09-02T03:00,19.9,18.3,0.0,0.0,1.7,2.42,0,2
2025-09-02T04:00,19.5,18.7,0.0,0.0,1.4,2.2,16,5
2025-09-02T05:00,20.4,19.5,27.0,60.0,1.6,2.02,87,9
2025-09-02T06:00,21.7,20.7,134.0,190.0,2.3,2.12,58,12
2025-09-02T07:00,24.0,22.3,292.0,341.0,1.9,2.8,9,13
2025-09-02T08:00,25.8,24.3,437.0,490.0,4.1,3.86,75,14
2025-09-02T09:00,27.1,25.9,593.0,610.0,4.4,4.78,92,14
2025-09-02T10:00,28.6,26.9,675.0,690.0,5.3,5.2,45,14
2025-09-02T11:00,29.5,27.6,703.0,714.0,5.5,5.51,53,13
2025-09-02T12:00,30.2,28.0,676.0,673.0,5.9,5.55,35,12
2025-09-02T13:00,30.7,28.1,616.0,579.0,6.2,5.16,77,10
2025-09-02T14:00,30.7,27.9,506.0,463.0,5.2,4.55,24,8
2025-09-02T15:00,30.7,27.3,363.0,337.0,4.6,3.94,4,8
2025-09-02T16:00,30.1,26.2,207.0,206.0,4.2,3.76,34,10
2025-09-02T17:00,28.4,24.6,64.0,80.0,6.1,3.57,97,14
2025-09-02T18:00,26.9,23.3,1.0,2.0,5.7,3.49,37,17
2025-09-02T19:00,25.6,22.5,0.0,0.0,2.6,3.18,0,18
2025-09-02T20:00,24.2,21.9,0.0,0.0,2.3,2.79,100,19
2025-09-02T21:00,23.8,21.3,0.0,0.0,0.4,2.26,85,19
2025-09-02T22:00,23.1,20.7,0.0,0.0,1.1,1.4,73,17
2025-09-02T23:00,22.2,20.1,0.0,0.0,0.9,0.86,81,16
2025-09-03T00:00,21.6,19.5,0.0,0.0,2.5,1.24,0,19
2025-09-03T01:00,21.1,18.8,0.0,0.0,2.8,1.7,0,33
2025-09-03T02:00,21.0,18.1,0.0,0.0,3.2,2.25,0,53
2025-09-03T03:00,21.0,18.0,0.0,0.0,6.6,2.59,0,67
2025-09-03T04:00,20.7,18.9,0.0,0.0,7.1,2.56,0,68
2025-09-03T05:00,21.3,20.5,47.0,44.0,5.8,2.34,0,63
2025-09-03T06:00,22.1,21.7,99.0,113.0,5.8,2.05,7,61
2025-09-03T07:00,23.7,22.5,327.0,147.0,5.3,1.84,0,67
2025-09-03T08:00,25.6,23.0,475.0,180.0,3.5,1.81,3,77
2025-09-03T09:00,27.2,23.4,546.0,277.0,2.5,1.77,47,80
2025-09-03T10:00,28.4,23.4,611.0,416.0,2.4,1.5,81,72
2025-09-03T11:00,28.7,23.1,454.0,511.0,2.0,1.9,100,57
2025-09-03T12:00,28.5,23.0,382.0,508.0,1.7,2.16,100,45
2025-09-03T13:00,27.0,23.4,102.0,442.0,5.7,1.53,100,38
2025-09-03T14:00,25.4,23.8,207.0,352.0,7.0,1.84,100,33
2025-09-03T15:00,22.2,23.9,100.0,249.0,8.5,2.93,78,28
2025-09-03T16:00,21.6,23.3,154.0,144.0,8.2,3.3,98,20
2025-09-03T17:00,20.9,22.3,18.0,52.0,9.0,3.32,100,12
2025-09-03T18:00,20.9,21.4,1.0,1.0,8.1,3.32,80,11
2025-09-03T19:00,20.6,20.5,0.0,0.0,8.4,3.44,97,21
2025-09-03T20:00,20.5,19.6,0.0,0.0,8.2,3.8,66,37
2025-09-03T21:00,20.8,19.0,0.0,0.0,7.5,4.03,0,51
2025-09-03T22:00,20.4,18.6,0.0,0.0,7.4,4.23,0,59
2025-09-03T23:00,20.2,18.5,0.0,0.0,7.3,4.32,0,63
2025-09-04T00:00,19.6,18.3,0.0,0.0,8.2,4.31,47,65
2025-09-04T01:00,19.5,17.9,0.0,0.0,8.5,4.12,0,63
2025-09-04T02:00,19.5,17.4,0.0,0.0,8.0,3.95,96,57
2025-09-04T03:00,19.6,17.4,0.0,0.0,8.5,3.77,100,51
2025-09-04T04:00,20.0,17.9,0.0,0.0,8.4,4.08,100,43
2025-09-04T05:00,20.4,18.9,42.0,51.0,7.4,4.39,11,35
2025-09-04T06:00,21.3,20.2,171.0,174.0,6.7,4.3,31,28
2025-09-04T07:00,23.1,22.3,314.0,324.0,6.3,3.16,16,24
2025-09-04T08:00,24.7,24.8,435.0,465.0,4.7,1.53,0,22
2025-09-04T09:00,26.6,26.6,590.0,548.0,3.5,0.1,0,22
2025-09-04T10:00,28.3,27.4,666.0,571.0,2.1,0.9,0,24
2025-09-04T11:00,29.4,27.5,694.0,561.0,1.3,1.8,0,27
2025-09-04T12:00,30.2,27.5,624.0,538.0,1.0,2.3,62,30
2025-09-04T13:00,30.7,27.4,567.0,489.0,1.0,2.2,4,35
2025-09-04T14:00,30.8,27.2,449.0,407.0,1.0,1.8,49,39
2025-09-04T15:00,30.7,26.6,94.0,297.0,1.6,1.5,37,39
2025-09-04T16:00,30.6,25.7,170.0,178.0,2.0,1.43,80,28
2025-09-04T17:00,27.9,24.4,30.0,64.0,6.2,1.75,5,12
2025-09-04T18:00,27.1,23.3,0.0,0.0,3.4,1.84,0,1
2025-09-04T19:00,25.8,22.6,0.0,0.0,4.0,1.64,0,0
2025-09-04T20:00,24.4,22.1,0.0,0.0,7.0,1.17,0,3
2025-09-04T21:00,24.0,21.5,0.0,0.0,6.2,0.7,0,7
2025-09-04T22:00,23.5,20.8,0.0,0.0,5.2,0.22,0,9
2025-09-04T23:00,22.8,20.1,0.0,0.0,5.3,0.81,0,11
2025-09-05T00:00,23.1,19.4,0.0,0.0,2.9,1.39,56,12
2025-09-05T01:00,22.5,18.7,0.0,0.0,3.7,1.58,3,11
2025-09-05T02:00,22.2,17.9,0.0,0.0,3.5,1.68,0,8
2025-09-05T03:00,22.0,17.8,0.0,0.0,3.9,1.58,0,8
2025-09-05T04:00,21.6,18.5,0.0,0.0,3.4,1.58,0,10
2025-09-05T05:00,22.1,19.8,44.0,51.0,2.9,1.39,0,13
2025-09-05T06:00,23.8,21.3,168.0,180.0,2.0,1.03,8,22
2025-09-05T07:00,25.2,23.3,322.0,335.0,1.7,0.51,0,40
2025-09-05T08:00,27.0,25.5,467.0,487.0,1.6,1.36,35,63
2025-09-05T09:00,29.2,27.3,582.0,594.0,2.5,2.32,79,80
2025-09-05T10:00,30.5,28.4,658.0,649.0,3.3,2.91,25,85
2025-09-05T11:00,31.3,29.2,688.0,661.0,3.4,3.2,52,83
2025-09-05T12:00,31.4,29.6,610.0,641.0,3.3,3.4,99,79
2025-09-05T13:00,31.6,29.7,552.0,580.0,3.8,3.5,98,73
2025-09-05T14:00,31.4,29.5,412.0,473.0,4.0,3.5,26,64
2025-09-05T15:00,30.3,28.9,211.0,327.0,2.4,3.21,99,56
2025-09-05T16:00,29.6,27.8,144.0,180.0,4.2,2.72,98,49
2025-09-05T17:00,28.2,26.3,47.0,58.0,3.2,2.34,100,43
2025-09-05T18:00,26.8,24.9,0.0,0.0,2.5,2.06,100,39
2025-09-05T19:00,25.8,23.8,0.0,0.0,1.5,1.43,100,41
2025-09-05T20:00,24.9,22.7,0.0,0.0,1.6,0.58,93,45
2025-09-05T21:00,24.0,21.9,0.0,0.0,9.5,0.71,99,48
2025-09-05T22:00,23.5,21.4,0.0,0.0,8.2,0.85,100,47
2025-09-05T23:00,23.5,21.1,0.0,0.0,8.7,0.89,100,44
2025-09-06T00:00,22.5,20.6,0.0,0.0,6.3,0.95,100,45
2025-09-06T01:00,21.8,19.7,0.0,0.0,5.9,1.4,100,53
2025-09-06T02:00,22.4,18.7,0.0,0.0,4.1,2.1,100,65
2025-09-06T03:00,22.1,18.3,0.0,0.0,9.3,2.52,2,74
2025-09-06T04:00,20.6,19.0,0.0,0.0,7.7,2.53,44,78
2025-09-06T05:00,21.4,20.2,21.0,40.0,5.5,2.33,100,79
2025-09-06T06:00,22.9,21.6,92.0,142.0,6.1,2.22,100,75
2025-09-06T07:00,22.7,23.1,179.0,261.0,8.1,2.6,38,63
2025-09-06T08:00,23.2,24.8,324.0,382.0,4.3,3.06,100,46
2025-09-06T09:00,25.5,26.2,513.0,498.0,4.6,2.79,98,36
2025-09-06T10:00,22.9,27.5,179.0,593.0,5.3,0.61,100,37
2025-09-06T11:00,24.8,28.6,458.0,628.0,8.3,2.51,0,45
2025-09-06T12:00,24.1,28.8,546.0,575.0,8.0,3.94,98,54
2025-09-06T13:00,23.8,27.8,387.0,465.0,9.1,2.35,11,67
2025-09-06T14:00,23.1,26.0,388.0,344.0,10.8,1.24,100,82
2025-09-06T15:00,26.8,24.2,331.0,229.0,6.7,3.62,27,90
2025-09-06T16:00,23.9,22.9,159.0,124.0,11.7,4.98,100,86
2025-09-06T17:00,21.4,21.7,27.0,39.0,8.8,6.35,100,76
2025-09-06T18:00,20.1,20.5,0.0,0.0,9.8,7.6,96,68
2025-09-06T19:00,19.2,19.5,0.0,0.0,9.8,8.41,100,65
2025-09-06T20:00,18.7,18.6,0.0,0.0,10.0,8.91,98,63
2025-09-06T21:00,17.9,17.8,0.0,0.0,10.5,9.1,100,61
2025-09-06T22:00,17.6,17.3,0.0,0.0,10.5,9.1,100,58
2025-09-06T23:00,17.2,16.8,0.0,0.0,9.7,8.81,71,54
2025-09-07T00:00,17.0,16.4,0.0,0.0,10.8,8.61,49,48
2025-09-07T01:00,16.6,15.8,0.0,0.0,10.7,8.51,43,39
2025-09-07T02:00,16.3,15.3,0.0,0.0,10.9,8.53,0,28
2025-09-07T03:00,16.5,15.1,0.0,0.0,9.9,8.35,9,22
2025-09-07T04:00,16.5,15.7,0.0,0.0,9.7,8.06,0,25
2025-09-07T05:00,17.0,16.6,40.0,38.0,9.6,7.58,0,33
2025-09-07T06:00,17.5,17.9,167.0,150.0,9.7,7.06,56,36
2025-09-07T07:00,18.6,19.5,316.0,295.0,9.2,6.4,14,29
2025-09-07T08:00,19.7,21.4,464.0,447.0,8.8,5.76,0,18
2025-09-07T09:00,21.3,23.0,579.0,572.0,7.5,5.35,0,12
2025-09-07T10:00,22.9,23.9,653.0,657.0,6.3,4.88,1,19
2025-09-07T11:00,24.3,24.5,682.0,685.0,6.2,4.34,0,31
2025-09-07T12:00,24.1,24.7,660.0,644.0,7.1,4.07,0,39
2025-09-07T13:00,24.6,24.6,589.0,547.0,6.7,4.38,0,37
2025-09-07T14:00,24.6,24.1,476.0,422.0,6.8,4.97,0,30
2025-09-07T15:00,23.6,23.3,334.0,284.0,7.8,5.48,0,25
2025-09-07T16:00,22.6,22.2,182.0,152.0,8.6,5.87,0,25
2025-09-07T17:00,21.3,20.8,50.0,45.0,8.5,6.33,0,28
2025-09-07T18:00,20.8,19.6,0.0,0.0,8.3,6.6,77,27
2025-09-07T19:00,20.1,18.9,0.0,0.0,8.2,6.52,92,20
2025-09-07T20:00,19.7,18.4,0.0,0.0,7.6,6.25,92,9
2025-09-07T21:00,18.7,17.9,0.0,0.0,7.1,6.0,0,3
2025-09-07T22:00,18.3,17.4,0.0,0.0,7.3,6.04,0,3
2025-09-07T23:00,18.2,17.0,0.0,0.0,7.7,6.09,0,8
2025-09-08T00:00,17.7,16.6,0.0,0.0,8.4,6.11,4,13
2025-09-08T01:00,17.6,16.0,0.0,0.0,7.0,5.99,0,21
2025-09-08T02:00,16.8,15.4,0.0,0.0,6.8,5.85,4,29
2025-09-08T03:00,16.1,15.2,0.0,0.0,7.4,5.51,30,32
2025-09-08T04:00,16.4,15.7,0.0,0.0,7.7,5.18,0,24
2025-09-08T05:00,17.0,16.5,35.0,39.0,7.6,4.75,96,10
2025-09-08T06:00,18.9,17.7,142.0,158.0,3.8,4.02,98,0
2025-09-08T07:00,20.4,19.6,283.0,312.0,4.1,2.8,43,0
2025-09-08T08:00,21.9,21.7,453.0,465.0,3.3,1.43,7,3
2025-09-08T09:00,23.4,23.5,557.0,576.0,3.0,1.0,3,5
2025-09-08T10:00,25.0,24.6,648.0,635.0,2.0,1.25,3,1
2025-09-08T11:00,26.3,25.3,682.0,633.0,2.9,1.41,27,0
2025-09-08T12:00,26.9,25.2,653.0,574.0,3.4,0.94,41,0
2025-09-08T13:00,27.2,23.6,440.0,466.0,2.9,1.08,61,21
2025-09-08T14:00,27.4,21.2,441.0,330.0,3.3,3.75,50,51
2025-09-08T15:00,26.7,19.2,218.0,178.0,3.5,5.25,32,70
2025-09-08T16:00,26.1,18.2,139.0,60.0,3.7,4.58,95,67
2025-09-08T17:00,24.6,17.6,25.0,8.0,7.9,3.04,100,53
2025-09-08T18:00,18.1,17.1,0.0,0.0,6.3,2.56,100,42
2025-09-08T19:00,17.7,16.6,0.0,0.0,6.4,2.56,100,40
2025-09-08T20:00,17.4,16.1,0.0,0.0,3.7,2.52,100,42
2025-09-08T21:00,17.1,15.6,0.0,0.0,2.9,2.5,52,44
2025-09-08T22:00,16.5,15.3,0.0,0.0,6.5,2.02,27,45
2025-09-08T23:00,16.2,15.0,0.0,0.0,6.4,1.58,99,47
2025-09-09T00:00,15.5,14.8,0.0,0.0,3.3,1.56,1,51
2025-09-09T01:00,15.2,14.6,0.0,0.0,3.3,2.28,0,60
2025-09-09T02:00,15.0,14.5,0.0,0.0,4.7,3.81,59,72
2025-09-09T03:00,14.9,14.4,0.0,0.0,2.7,4.57,0,77
2025-09-09T04:00,14.5,14.4,0.0,0.0,4.0,3.45,0,71
2025-09-09T05:00,15.2,14.5,36.0,23.0,5.2,1.49,0,58
2025-09-09T06:00,16.9,14.9,52.0,91.0,3.7,0.86,100,48
2025-09-09T07:00,18.4,15.9,199.0,169.0,2.3,0.9,100,44
2025-09-09T08:00,19.5,17.3,326.0,258.0,1.2,1.2,62,41
2025-09-09T09:00,20.5,18.5,549.0,365.0,1.1,1.66,5,36
2025-09-09T10:00,21.5,19.5,627.0,477.0,0.8,1.64,3,25
2025-09-09T11:00,22.6,20.4,674.0,554.0,2.8,1.61,77,11
2025-09-09T12:00,20.4,21.0,417.0,575.0,4.3,1.75,15,2
2025-09-09T13:00,19.8,21.0,442.0,544.0,3.5,2.13,100,1
2025-09-09T14:00,20.0,20.6,217.0,454.0,2.6,2.87,100,3
2025-09-09T15:00,20.8,20.0,326.0,314.0,4.0,3.42,0,5
2025-09-09T16:00,19.8,19.1,172.0,166.0,4.0,3.38,0,2
2025-09-09T17:00,18.4,17.9,42.0,45.0,4.5,3.07,0,0
2025-09-09T18:00,18.0,16.9,0.0,0.0,3.4,2.75,0,1
2025-09-09T19:00,17.0,16.1,0.0,0.0,2.8,2.44,0,13
2025-09-09T20:00,16.6,15.4,0.0,0.0,1.5,2.21,0,31
2025-09-09T21:00,16.8,14.9,0.0,0.0,1.2,1.87,94,48
2025-09-09T22:00,16.1,14.6,0.0,0.0,2.3,1.63,100,61
2025-09-09T23:00,16.0,14.5,0.0,0.0,1.4,1.5,7,72
2025-09-10T00:00,15.3,14.4,0.0,0.0,1.6,1.3,41,81
2025-09-10T01:00,15.1,14.4,0.0,0.0,1.9,1.17,30,90
2025-09-10T02:00,15.0,14.4,0.0,0.0,1.1,1.08,96,97
2025-09-10T03:00,14.5,14.6,0.0,0.0,3.1,1.06,100,99
2025-09-10T04:00,14.8,14.7,0.0,0.0,2.0,1.14,100,92
2025-09-10T05:00,15.4,14.8,17.0,23.0,2.4,1.14,100,80
2025-09-10T06:00,16.2,15.4,104.0,112.0,2.4,1.06,100,73
2025-09-10T07:00,17.5,16.9,193.0,246.0,1.3,1.0,81,80
2025-09-10T08:00,19.3,18.9,409.0,388.0,1.8,1.7,11,93
2025-09-10T09:00,21.2,20.5,530.0,478.0,3.8,2.41,100,98
2025-09-10T10:00,21.2,21.4,336.0,515.0,3.9,2.62,100,86
2025-09-10T11:00,21.2,21.9,172.0,528.0,3.5,2.62,100,65
2025-09-10T12:00,23.1,22.2,544.0,547.0,5.1,2.77,100,51
2025-09-10T13:00,23.2,22.4,272.0,537.0,3.9,3.11,100,49
2025-09-10T14:00,23.4,22.5,278.0,452.0,4.3,3.54,100,54
2025-09-10T15:00,23.4,22.3,67.0,294.0,4.7,3.96,100,61
2025-09-10T16:00,22.8,21.9,36.0,137.0,4.5,4.27,100,73
2025-09-10T17:00,21.8,21.3,2.0,31.0,2.3,4.87,100,88
2025-09-10T18:00,21.8,20.7,0.0,0.0,4.5,5.48,100,97
2025-09-10T19:00,21.4,20.5,0.0,0.0,3.1,5.82,100,96
2025-09-10T20:00,20.7,20.3,0.0,0.0,3.4,6.34,100,90
2025-09-10T21:00,20.0,19.9,0.0,0.0,5.1,6.79,100,86
2025-09-10T22:00,19.1,19.2,0.0,0.0,4.7,6.48,100,88
2025-09-10T23:00,18.8,18.4,0.0,0.0,4.8,5.82,100,92
2025-09-11T00:00,18.5,17.7,0.0,0.0,5.9,5.71,100,95
2025-09-11T01:00,18.6,17.4,0.0,0.0,7.5,6.6,100,97
2025-09-11T02:00,18.4,17.3,0.0,0.0,7.9,7.96,100,99
2025-09-11T03:00,18.2,17.2,0.0,0.0,4.8,8.94,100,100
2025-09-11T04:00,18.1,17.0,0.0,0.0,4.0,8.95,100,100
2025-09-11T05:00,18.1,16.8,0.0,7.0,4.2,8.62,100,100
2025-09-11T06:00,18.1,16.9,1.0,34.0,3.1,8.16,100,100
2025-09-11T07:00,18.0,17.4,2.0,77.0,2.6,7.82,100,100
2025-09-11T08:00,17.4,18.2,9.0,125.0,4.2,7.55,100,100
2025-09-11T09:00,17.4,18.9,24.0,160.0,3.6,7.05,100,100
2025-09-11T10:00,17.4,19.4,21.0,180.0,3.2,6.36,100,100
2025-09-11T11:00,17.5,19.7,24.0,189.0,3.7,5.75,100,100
2025-09-11T12:00,18.3,19.9,14.0,190.0,4.0,5.5,100,100
2025-09-11T13:00,19.2,19.8,102.0,179.0,4.7,5.67,100,100
2025-09-11T14:00,20.0,19.5,97.0,150.0,3.2,6.07,100,100
2025-09-11T15:00,20.1,19.1,66.0,106.0,5.1,5.79,100,100
2025-09-11T16:00,19.4,18.8,31.0,58.0,5.1,4.21,100,100
2025-09-11T17:00,18.7,18.3,8.0,15.0,3.6,2.0,100,100
2025-09-11T18:00,19.0,17.9,0.0,0.0,4.1,0.95,100,100
2025-09-11T19:00,18.9,17.5,0.0,0.0,3.7,0.86,100,100
2025-09-11T20:00,19.0,17.1,0.0,0.0,4.7,1.49,100,100
2025-09-11T21:00,18.0,16.8,0.0,0.0,4.2,2.28,100,100
2025-09-11T22:00,17.7,16.5,0.0,0.0,4.0,2.69,23,88
2025-09-11T23:00,16.9,16.2,0.0,0.0,5.7,2.96,1,72
2025-09-12T00:00,16.3,16.0,0.0,0.0,5.8,3.21,51,59
2025-09-12T01:00,16.1,15.7,0.0,0.0,5.5,3.52,1,55
2025-09-12T02:00,15.4,15.5,0.0,0.0,6.1,3.85,1,54
2025-09-12T03:00,15.6,15.4,0.0,0.0,6.9,4.16,0,53
2025-09-12T04:00,15.3,15.5,0.0,0.0,7.4,4.46,0,52
2025-09-12T05:00,15.4,15.8,31.0,35.0,7.0,4.64,0,50
2025-09-12T06:00,16.8,16.6,158.0,159.0,6.7,4.63,0,44
2025-09-12T07:00,18.5,18.2,311.0,314.0,4.7,4.2,0,30
2025-09-12T08:00,20.1,20.2,456.0,470.0,3.8,3.5,0,13
2025-09-12T09:00,21.5,21.9,573.0,592.0,2.9,2.93,0,0
2025-09-12T10:00,22.8,22.9,649.0,669.0,1.9,2.45,0,0
2025-09-12T11:00,23.9,23.6,676.0,695.0,1.7,2.09,0,0
2025-09-12T12:00,24.4,24.0,647.0,669.0,2.3,1.93,0,0
2025-09-12T13:00,24.7,24.2,573.0,592.0,2.0,2.24,0,0
2025-09-12T14:00,24.8,24.1,458.0,473.0,1.7,2.64,0,0
2025-09-12T15:00,24.6,23.5,315.0,321.0,1.8,2.95,0,0
2025-09-12T16:00,23.9,22.1,161.0,168.0,2.1,2.95,0,3
2025-09-12T17:00,22.1,20.2,33.0,39.0,1.6,2.72,0,8
2025-09-12T18:00,20.9,18.7,0.0,0.0,0.9,2.73,0,11
2025-09-12T19:00,19.8,17.8,0.0,0.0,1.7,3.0,0,10
2025-09-12T20:00,18.6,17.2,0.0,0.0,9.1,3.4,0,8
2025-09-12T21:00,18.3,16.7,0.0,0.0,6.4,3.71,16,12
2025-09-12T22:00,17.7,16.2,0.0,0.0,5.8,3.81,9,31
2025-09-12T23:00,17.3,15.8,0.0,0.0,4.1,3.81,0,56
2025-09-13T00:00,17.5,15.4,0.0,0.0,3.7,3.71,0,72
2025-09-13T01:00,16.5,15.1,0.0,0.0,5.2,3.61,31,69
2025-09-13T02:00,16.3,14.8,0.0,0.0,7.3,3.51,67,57
2025-09-13T03:00,16.5,14.8,0.0,0.0,6.3,3.2,93,50
2025-09-13T04:00,16.4,15.3,0.0,0.0,6.4,2.8,95,54
2025-09-13T05:00,17.0,16.2,23.0,29.0,6.6,2.33,100,63
2025-09-13T06:00,17.7,17.2,101.0,138.0,6.8,1.75,100,73
2025-09-13T07:00,18.9,18.7,195.0,274.0,4.7,1.21,100,86
2025-09-13T08:00,20.1,20.4,298.0,413.0,2.3,1.57,100,100
2025-09-13T09:00,20.9,21.8,420.0,530.0,1.7,2.41,100,100
2025-09-13T10:00,22.3,22.6,500.0,612.0,1.2,2.92,100,74
2025-09-13T11:00,23.4,23.0,564.0,645.0,1.8,3.2,93,34
2025-09-13T12:00,23.6,23.3,548.0,620.0,2.9,3.42,74,9
2025-09-13T13:00,23.7,23.4,453.0,543.0,3.6,3.61,89,16
2025-09-13T14:00,23.3,23.4,312.0,425.0,4.3,3.61,95,37
2025-09-13T15:00,22.9,22.9,262.0,278.0,4.3,3.42,100,49
2025-09-13T16:00,22.1,21.8,102.0,137.0,4.4,3.1,100,37
2025-09-13T17:00,20.9,20.3,23.0,28.0,4.7,2.62,100,15
2025-09-13T18:00,20.4,19.0,0.0,0.0,4.8,2.12,67,0
2025-09-13T19:00,19.3,18.2,0.0,0.0,6.6,1.71,93,0
2025-09-13T20:00,19.1,17.7,0.0,0.0,4.9,1.3,81,7
2025-09-13T21:00,18.8,17.3,0.0,0.0,2.6,1.12,57,17
2025-09-13T22:00,18.8,16.9,0.0,0.0,1.3,1.39,89,31
2025-09-13T23:00,18.0,16.7,0.0,0.0,1.2,1.94,82,49
2025-09-14T00:00,17.7,16.4,0.0,0.0,0.5,2.36,100,65
2025-09-14T01:00,17.2,16.0,0.0,0.0,1.7,2.48,91,79
2025-09-14T02:00,17.0,15.6,0.0,0.0,5.2,2.58,99,91
2025-09-14T03:00,16.2,15.4,0.0,0.0,4.3,2.73,100,100
2025-09-14T04:00,16.4,15.7,0.0,0.0,5.2,3.04,100,100
2025-09-14T05:00,16.8,16.1,4.0,13.0,5.7,3.36,100,100
2025-09-14T06:00,18.0,16.7,75.0,70.0,5.2,3.52,100,100
2025-09-14T07:00,18.3,17.5,122.0,148.0,4.4,3.34,100,100
2025-09-14T08:00,18.1,18.3,205.0,227.0,5.2,2.97,100,100
2025-09-14T09:00,17.6,18.9,101.0,280.0,5.8,3.0,100,100
2025-09-14T10:00,17.5,19.1,32.0,304.0,5.2,4.05,100,100
2025-09-14T11:00,17.4,19.2,31.0,304.0,1.7,5.64,100,100
2025-09-14T12:00,17.4,19.1,12.0,284.0,6.0,6.62,100,100
2025-09-14T13:00,17.5,18.9,14.0,243.0,6.8,6.44,100,100
2025-09-14T14:00,17.4,18.6,20.0,185.0,2.9,5.71,100,100
2025-09-14T15:00,17.3,18.3,9.0,114.0,3.9,5.19,100,100
2025-09-14T16:00,17.3,17.8,13.0,50.0,2.0,5.6,100,100
2025-09-14T17:00,17.1,17.2,4.0,9.0,3.1,6.21,100,100
2025-09-14T18:00,16.7,16.6,0.0,0.0,4.0,5.26,100,100
2025-09-14T19:00,16.5,16.2,0.0,0.0,4.3,1.36,100,99
2025-09-14T20:00,16.6,15.9,0.0,0.0,4.2,3.96,100,97
2025-09-14T21:00,16.8,15.6,0.0,0.0,3.4,7.86,100,96
2025-09-14T22:00,16.9,15.3,0.0,0.0,3.1,8.69,100,97
2025-09-14T23:00,16.7,14.9,0.0,0.0,2.2,8.08,100,99
2025-09-15T00:00,15.7,14.5,0.0,0.0,0.6,7.47,65,95
2025-09-15T01:00,14.8,14.2,0.0,0.0,4.9,7.55,1,81
2025-09-15T02:00,13.4,13.8,0.0,0.0,6.7,7.61,11,61
2025-09-15T03:00,13.6,13.8,0.0,0.0,5.0,7.38,29,47
2025-09-15T04:00,13.1,14.1,0.0,0.0,4.9,6.46,0,46
2025-09-15T05:00,13.2,14.7,25.0,24.0,3.2,5.25,0,50
2025-09-15T06:00,14.3,15.5,147.0,133.0,1.6,4.14,0,49
2025-09-15T07:00,15.5,16.6,300.0,279.0,2.9,3.55,0,34
2025-09-15T08:00,16.9,17.9,447.0,420.0,1.8,3.18,0,14
2025-09-15T09:00,18.2,18.9,563.0,487.0,1.6,2.38,1,1
2025-09-15T10:00,19.1,19.5,606.0,483.0,2.1,1.55,29,2
2025-09-15T11:00,20.0,19.9,620.0,465.0,2.8,2.98,14,10
2025-09-15T12:00,20.6,20.1,610.0,477.0,3.6,4.56,12,17
2025-09-15T13:00,21.1,20.3,537.0,476.0,4.8,5.05,7,23
2025-09-15T14:00,20.9,20.4,372.0,415.0,5.5,4.89,100,29
2025-09-15T15:00,20.7,20.0,219.0,290.0,7.6,4.7,91,30
2025-09-15T16:00,19.7,18.8,102.0,150.0,7.4,4.78,0,22
2025-09-15T17:00,18.8,17.2,23.0,29.0,7.6,5.02,0,9
2025-09-15T18:00,18.4,15.8,0.0,0.0,6.7,5.2,20,0
2025-09-15T19:00,17.7,15.1,0.0,0.0,7.9,4.9,0,0
2025-09-15T20:00,17.2,14.7,0.0,0.0,6.7,4.42,0,0
2025-09-15T21:00,16.7,14.5,0.0,0.0,5.4,4.06,31,3
2025-09-15T22:00,16.6,14.5,0.0,0.0,4.9,4.06,9,9
2025-09-15T23:00,16.4,14.6,0.0,0.0,4.4,4.23,100,16
2025-09-16T00:00,16.0,14.6,0.0,0.0,7.3,4.32,12,23
2025-09-16T01:00,15.7,14.3,0.0,0.0,5.0,4.21,22,29
2025-09-16T02:00,15.7,13.9,0.0,0.0,5.2,4.0,99,34
2025-09-16T03:00,15.0,13.8,0.0,0.0,5.8,3.8,77,40
2025-09-16T04:00,15.4,14.1,0.0,0.0,7.4,3.6,99,49
2025-09-16T05:00,15.9,14.7,15.0,19.0,4.5,3.31,100,58
2025-09-16T06:00,16.2,15.4,54.0,90.0,2.9,3.11,100,65
2025-09-16T07:00,16.5,16.2,48.0,149.0,3.5,3.11,100,65
2025-09-16T08:00,16.7,17.1,64.0,184.0,4.7,3.26,100,62
2025-09-16T09:00,15.4,17.7,5.0,184.0,2.4,3.44,100,62
2025-09-16T10:00,15.5,17.8,5.0,153.0,3.4,3.23,100,68
2025-09-16T11:00,15.8,17.6,37.0,123.0,3.7,2.86,100,76
2025-09-16T12:00,16.2,17.4,39.0,113.0,3.4,2.62,100,84
2025-09-16T13:00,16.0,17.3,30.0,111.0,4.2,2.57,100,90
2025-09-16T14:00,15.3,17.3,28.0,98.0,3.2,2.77,100,96
2025-09-16T15:00,15.8,17.0,26.0,71.0,5.7,2.66,100,100
2025-09-16T16:00,15.4,16.2,14.0,38.0,3.6,1.92,100,100
2025-09-16T17:00,15.0,15.3,2.0,7.0,3.7,0.78,100,100
2025-09-16T18:00,15.3,14.4,0.0,0.0,4.4,0.36,100,100
2025-09-16T19:00,15.1,13.9,0.0,0.0,3.8,0.98,100,100
2025-09-16T20:00,14.4,13.5,0.0,0.0,2.2,1.61,100,100
2025-09-16T21:00,12.8,13.0,0.0,0.0,1.5,2.11,100,100
2025-09-16T22:00,12.5,12.3,0.0,0.0,1.2,2.64,100,89
2025-09-16T23:00,12.1,11.4,0.0,0.0,0.6,3.0,100,73
2025-09-17T00:00,12.0,10.7,0.0,0.0,1.5,3.22,100,56
2025-09-17T01:00,12.0,10.3,0.0,0.0,1.4,3.13,95,38
2025-09-17T02:00,11.5,10.0,0.0,0.0,1.5,2.92,37,19
2025-09-17T03:00,11.3,10.0,0.0,0.0,1.4,2.66,60,7
2025-09-17T04:00,10.7,10.4,0.0,0.0,2.2,2.41,18,6
2025-09-17T05:00,11.0,11.1,15.0,25.0,0.6,2.13,44,11
2025-09-17T06:00,11.1,12.2,142.0,142.0,2.8,1.94,1,15
2025-09-17T07:00,13.2,13.8,297.0,283.0,1.3,1.66,0,15
2025-09-17T08:00,15.1,15.8,445.0,411.0,0.5,1.36,0,14
2025-09-17T09:00,17.4,17.2,560.0,479.0,1.3,1.49,0,14
2025-09-17T10:00,18.3,17.7,632.0,487.0,2.0,2.75,66,18
2025-09-17T11:00,18.4,17.7,368.0,474.0,2.0,4.39,19,24
2025-09-17T12:00,17.7,17.6,87.0,468.0,2.3,5.55,100,26
2025-09-17T13:00,17.4,17.8,290.0,444.0,5.5,5.41,25,19
2025-09-17T14:00,17.2,17.9,383.0,376.0,5.8,4.75,95,8
2025-09-17T15:00,17.4,17.4,289.0,264.0,3.2,4.21,0,0
2025-09-17T16:00,16.7,16.0,135.0,138.0,3.6,4.15,0,0
2025-09-17T17:00,15.4,14.2,20.0,24.0,3.7,4.1,0,0
2025-09-17T18:00,14.1,12.6,0.0,0.0,5.4,4.2,0,0
2025-09-17T19:00,13.1,11.8,0.0,0.0,5.6,4.22,0,0
2025-09-17T20:00,12.5,11.3,0.0,0.0,4.0,4.21,0,0
2025-09-17T21:00,11.8,11.0,0.0,0.0,2.5,4.31,0,0
2025-09-17T22:00,10.8,11.0,0.0,0.0,1.7,4.7,0,1
2025-09-17T23:00,10.9,11.2,0.0,0.0,1.2,5.25,0,2
2025-09-18T00:00,10.4,11.3,0.0,0.0,1.2,5.55,0,3
2025-09-18T01:00,10.1,11.0,0.0,0.0,2.2,5.42,6,3
2025-09-18T02:00,9.3,10.5,0.0,0.0,1.8,5.03,0,3
2025-09-18T03:00,8.9,10.3,0.0,0.0,1.0,4.38,2,5
2025-09-18T04:00,9.1,10.5,0.0,0.0,1.6,3.32,5,14
2025-09-18T05:00,9.0,11.0,20.0,25.0,0.8,1.91,0,26
2025-09-18T06:00,10.5,11.9,138.0,150.0,1.0,0.76,0,32
2025-09-18T07:00,12.7,13.5,292.0,306.0,0.6,0.72,0,28
2025-09-18T08:00,15.0,15.6,437.0,454.0,1.2,1.61,0,18
2025-09-18T09:00,16.8,17.1,559.0,549.0,3.1,2.31,0,12
2025-09-18T10:00,18.1,17.8,632.0,585.0,3.8,2.81,0,15
2025-09-18T11:00,19.2,18.1,654.0,582.0,4.3,3.13,0,22
2025-09-18T12:00,20.2,18.2,627.0,553.0,4.7,3.44,1,27
2025-09-18T13:00,20.4,18.4,547.0,491.0,5.0,3.65,0,28
2025-09-18T14:00,20.3,18.5,427.0,393.0,5.8,3.77,2,28
2025-09-18T15:00,19.8,18.1,278.0,265.0,5.9,3.81,92,25
2025-09-18T16:00,19.1,17.0,113.0,132.0,6.1,3.83,99,17
2025-09-18T17:00,18.1,15.5,13.0,21.0,7.3,3.76,100,6
2025-09-18T18:00,16.8,14.2,0.0,0.0,5.4,3.52,1,0
2025-09-18T19:00,15.7,13.4,0.0,0.0,1.7,2.5,2,3
2025-09-18T20:00,14.9,12.9,0.0,0.0,2.0,1.14,81,11
2025-09-18T21:00,15.8,12.7,0.0,0.0,0.8,0.22,100,19
2025-09-18T22:00,15.6,12.8,0.0,0.0,0.6,0.28,100,25
2025-09-18T23:00,15.3,13.1,0.0,0.0,0.2,0.78,100,30
2025-09-19T00:00,14.5,13.4,0.0,0.0,1.7,1.06,100,38
2025-09-19T01:00,14.6,13.5,0.0,0.0,0.9,0.71,100,53
2025-09-19T02:00,14.7,13.5,0.0,0.0,0.6,0.2,23,71
2025-09-19T03:00,14.6,13.7,0.0,0.0,0.6,0.32,4,79
2025-09-19T04:00,14.3,13.8,0.0,0.0,1.5,0.42,2,69
2025-09-19T05:00,14.3,14.1,16.0,19.0,2.8,0.4,22,49
2025-09-19T06:00,15.2,14.8,125.0,125.0,1.4,0.58,14,33
2025-09-19T07:00,16.4,16.3,214.0,265.0,1.0,0.92,10,27
2025-09-19T08:00,18.4,18.3,407.0,409.0,1.1,1.34,5,26
2025-09-19T09:00,20.5,19.9,507.0,520.0,1.8,1.68,100,24
2025-09-19T10:00,20.9,21.0,249.0,586.0,2.4,2.01,99,21
2025-09-19T11:00,22.1,21.7,474.0,605.0,2.8,2.32,15,17
2025-09-19T12:00,22.9,22.1,320.0,572.0,1.9,2.6,100,14
2025-09-19T13:00,22.7,22.3,181.0,493.0,3.0,2.77,99,10
2025-09-19T14:00,23.3,22.2,340.0,384.0,2.3,2.88,3,7
2025-09-19T15:00,21.1,21.7,139.0,254.0,2.3,3.06,83,4
2025-09-19T16:00,20.6,20.5,106.0,124.0,2.3,3.14,4,2
2025-09-19T17:00,19.4,18.9,14.0,17.0,3.3,3.19,0,1
2025-09-19T18:00,19.0,17.6,0.0,0.0,3.3,3.04,1,2
2025-09-19T19:00,18.2,17.0,0.0,0.0,3.4,2.6,2,6
2025-09-19T20:00,17.3,16.7,0.0,0.0,3.4,1.9,0,11
2025-09-19T21:00,16.6,16.3,0.0,0.0,2.6,1.32,0,15
2025-09-19T22:00,16.1,15.6,0.0,0.0,1.5,0.8,1,16
2025-09-19T23:00,15.8,14.8,0.0,0.0,0.7,0.28,1,15
2025-09-20T00:00,15.4,14.2,0.0,0.0,1.7,0.36,1,16
2025-09-20T01:00,15.1,13.9,0.0,0.0,1.7,0.64,0,19
2025-09-20T02:00,14.7,13.9,0.0,0.0,1.4,0.72,0,24
2025-09-20T03:00,14.8,14.0,0.0,0.0,2.1,0.81,0,30
2025-09-20T04:00,14.5,14.1,0.0,0.0,2.1,0.81,0,38
2025-09-20T05:00,14.8,14.5,17.0,16.0,2.7,0.85,0,47
2025-09-20T06:00,16.1,15.3,127.0,115.0,1.7,0.7,1,50
2025-09-20T07:00,17.9,17.0,274.0,255.0,1.2,0.92,0,42
2025-09-20T08:00,20.3,19.1,418.0,405.0,2.1,1.77,0,29
2025-09-20T09:00,21.8,21.0,533.0,528.0,1.7,2.61,0,17
2025-09-20T10:00,23.3,22.3,607.0,610.0,2.5,3.31,0,10
2025-09-20T11:00,24.7,23.3,630.0,642.0,4.3,3.91,0,4
2025-09-20T12:00,25.5,23.9,601.0,617.0,3.6,4.49,0,0
2025-09-20T13:00,26.0,24.0,525.0,539.0,3.8,4.84,0,0
2025-09-20T14:00,26.2,23.7,409.0,422.0,4.4,5.12,0,0
2025-09-20T15:00,25.7,23.0,268.0,276.0,4.8,5.19,0,0
2025-09-20T16:00,24.1,21.7,120.0,130.0,5.0,5.1,0,0
2025-09-20T17:00,22.3,19.9,13.0,16.0,6.9,4.93,0,0
2025-09-20T18:00,21.0,18.5,0.0,0.0,5.8,4.8,0,0
2025-09-20T19:00,20.1,17.6,0.0,0.0,4.1,4.61,0,0
2025-09-20T20:00,19.2,17.0,0.0,0.0,2.7,4.24,0,0
2025-09-20T21:00,18.6,16.4,0.0,0.0,3.9,4.08,0,0
2025-09-20T22:00,17.9,15.9,0.0,0.0,4.1,4.0,0,0
2025-09-20T23:00,16.8,15.5,0.0,0.0,1.8,4.0,0,0
2025-09-21T00:00,16.6,15.1,0.0,0.0,1.6,3.91,0,0
2025-09-21T01:00,16.4,14.6,0.0,0.0,0.1,3.79,0,2
2025-09-21T02:00,16.4,14.1,0.0,0.0,0.7,3.57,0,5
2025-09-21T03:00,15.7,13.9,0.0,0.0,2.8,3.44,0,8
2025-09-21T04:00,15.2,14.2,0.0,0.0,2.0,3.21,0,11
2025-09-21T05:00,15.6,14.8,16.0,18.0,0.8,3.0,0,14
2025-09-21T06:00,17.3,15.9,125.0,125.0,1.4,2.9,0,15
2025-09-21T07:00,19.8,17.6,272.0,269.0,1.7,2.9,0,11
2025-09-21T08:00,21.6,19.8,414.0,416.0,3.0,3.11,0,5
2025-09-21T09:00,23.0,21.6,527.0,537.0,3.6,3.42,0,0
2025-09-21T10:00,24.6,23.0,598.0,618.0,3.6,4.06,0,0
2025-09-21T11:00,26.2,24.1,621.0,648.0,4.5,4.83,0,0
2025-09-21T12:00,27.0,24.7,593.0,622.0,6.3,5.43,0,0
2025-09-21T13:00,27.2,24.8,516.0,544.0,6.7,5.59,0,0
2025-09-21T14:00,26.7,24.4,400.0,425.0,6.4,5.53,0,0
2025-09-21T15:00,26.1,23.6,258.0,275.0,6.0,5.4,0,0
2025-09-21T16:00,25.0,22.3,114.0,126.0,6.2,5.22,0,1
2025-09-21T17:00,23.2,20.7,11.0,14.0,7.3,4.92,0,3
2025-09-21T18:00,22.0,19.4,0.0,0.0,7.2,4.71,0,5
2025-09-21T19:00,21.4,18.6,0.0,0.0,6.7,4.41,0,8
2025-09-21T20:00,20.8,18.2,0.0,0.0,6.0,4.1,0,11
2025-09-21T21:00,19.1,17.7,0.0,0.0,2.1,4.03,0,15
2025-09-21T22:00,19.1,17.1,0.0,0.0,3.8,4.1,0,20
2025-09-21T23:00,18.5,16.4,0.0,0.0,3.8,4.21,0,26
2025-09-22T00:00,17.8,15.9,0.0,0.0,3.9,4.37,0,30
2025-09-22T01:00,17.4,15.5,0.0,0.0,6.0,4.68,0,31
2025-09-22T02:00,16.5,15.1,0.0,0.0,4.2,4.96,0,31
2025-09-22T03:00,16.2,15.1,0.0,0.0,4.8,5.15,96,30
2025-09-22T04:00,16.0,15.4,0.0,0.0,5.9,4.9,97,30
2025-09-22T05:00,16.3,16.1,14.0,17.0,6.3,4.57,96,30
2025-09-22T06:00,18.5,17.1,118.0,130.0,6.3,4.39,11,30
2025-09-22T07:00,20.5,18.6,265.0,278.0,6.2,4.66,25,29
2025-09-22T08:00,21.9,20.3,407.0,427.0,7.8,5.19,2,28
2025-09-22T09:00,23.1,21.7,519.0,544.0,8.3,5.54,57,26
2025-09-22T10:00,24.3,22.8,588.0,618.0,6.8,5.7,33,25
2025-09-22T11:00,25.4,23.6,615.0,642.0,6.6,5.75,0,23
2025-09-22T12:00,26.0,24.1,587.0,614.0,5.9,5.61,0,21
2025-09-22T13:00,26.7,24.3,510.0,537.0,4.9,5.36,0,16
2025-09-22T14:00,27.1,24.2,392.0,418.0,4.0,5.02,57,9
2025-09-22T15:00,26.9,23.7,249.0,268.0,4.0,4.6,52,6
2025-09-22T16:00,25.4,22.6,99.0,120.0,5.0,3.93,14,9
2025-09-22T17:00,23.9,21.1,9.0,12.0,6.3,3.45,0,16
2025-09-22T18:00,22.4,20.0,0.0,0.0,6.5,3.11,0,19
2025-09-22T19:00,21.0,19.5,0.0,0.0,1.5,3.02,1,15
2025-09-22T20:00,20.5,19.2,0.0,0.0,2.5,2.82,71,8
2025-09-22T21:00,20.2,18.9,0.0,0.0,0.9,2.79,21,3
2025-09-22T22:00,19.8,18.3,0.0,0.0,1.3,2.57,7,1
2025-09-22T23:00,18.7,17.6,0.0,0.0,1.1,2.42,68,0
2025-09-23T00:00,18.2,16.9,0.0,0.0,0.8,2.3,0,0
2025-09-23T01:00,17.2,16.2,0.0,0.0,3.2,2.2,0,0
2025-09-23T02:00,17.5,15.5,0.0,0.0,7.7,2.1,0,0
2025-09-23T03:00,17.0,15.2,0.0,0.0,7.7,1.81,0,0
2025-09-23T04:00,16.6,15.4,0.0,0.0,7.7,1.39,0,4
2025-09-23T05:00,16.3,16.0,13.0,16.0,7.9,1.0,0,10
2025-09-23T06:00,16.7,16.9,118.0,128.0,6.5,1.02,24,15
2025-09-23T07:00,17.5,18.3,260.0,276.0,6.5,1.14,0,19
2025-09-23T08:00,18.8,20.0,400.0,424.0,6.0,1.25,0,23
2025-09-23T09:00,20.0,21.4,488.0,540.0,5.9,1.35,52,26
2025-09-23T10:00,21.4,22.5,551.0,612.0,5.3,1.58,29,26
2025-09-23T11:00,22.5,23.2,585.0,622.0,4.7,1.84,2,25
2025-09-23T12:00,22.8,23.5,522.0,564.0,5.6,1.48,94,29
2025-09-23T13:00,22.8,23.3,363.0,453.0,6.1,1.3,28,44
2025-09-23T14:00,22.1,22.5,330.0,318.0,6.4,3.58,73,63
2025-09-23T15:00,19.6,21.3,78.0,177.0,9.8,5.66,100,76
2025-09-23T16:00,17.1,19.2,43.0,62.0,12.0,6.84,97,75
2025-09-23T17:00,15.7,16.7,5.0,4.0,11.7,7.81,89,68
2025-09-23T18:00,14.1,14.7,0.0,0.0,11.0,8.61,58,64
2025-09-23T19:00,13.7,13.9,0.0,0.0,12.1,9.23,81,67
2025-09-23T20:00,13.5,13.7,0.0,0.0,12.4,9.53,100,73
2025-09-23T21:00,13.0,13.6,0.0,0.0,12.6,9.83,100,76
2025-09-23T22:00,12.9,13.4,0.0,0.0,13.1,10.13,100,73
2025-09-23T23:00,12.8,13.3,0.0,0.0,12.6,10.22,100,67
2025-09-24T00:00,13.0,13.1,0.0,0.0,12.1,10.42,100,63
2025-09-24T01:00,12.9,12.7,0.0,0.0,13.3,10.53,84,62
2025-09-24T02:00,12.8,12.3,0.0,0.0,12.7,10.65,100,63
2025-09-24T03:00,12.7,11.9,0.0,0.0,13.0,10.76,90,67
2025-09-24T04:00,12.7,11.7,0.0,0.0,13.2,11.07,100,76
2025-09-24T05:00,12.8,11.6,5.0,7.0,12.4,11.37,100,88
2025-09-24T06:00,12.1,11.7,7.0,49.0,11.9,11.56,100,97
2025-09-24T07:00,12.7,11.9,92.0,85.0,13.0,11.44,100,100
2025-09-24T08:00,12.8,12.4,139.0,126.0,13.1,11.02,100,100
2025-09-24T09:00,13.0,13.0,121.0,209.0,11.7,10.8,100,100
2025-09-24T10:00,12.5,13.9,79.0,318.0,12.2,10.7,100,97
2025-09-24T11:00,12.5,14.9,167.0,382.0,12.6,10.71,93,92
2025-09-24T12:00,13.8,15.5,483.0,352.0,13.2,10.72,100,89
2025-09-24T13:00,12.6,15.1,79.0,271.0,13.3,10.61,100,91
2025-09-24T14:00,12.4,14.3,121.0,192.0,13.3,10.6,100,96
2025-09-24T15:00,12.9,13.6,174.0,127.0,12.7,10.5,100,100
2025-09-24T16:00,12.2,13.2,79.0,61.0,13.4,10.5,100,100
2025-09-24T17:00,11.8,13.0,5.0,5.0,13.2,10.6,100,100
2025-09-24T18:00,11.3,12.7,0.0,0.0,12.5,10.5,100,100
2025-09-24T19:00,11.4,12.3,0.0,0.0,12.2,10.2,100,100
2025-09-24T20:00,11.5,11.9,0.0,0.0,12.0,9.8,100,100
2025-09-24T21:00,10.6,11.5,0.0,0.0,11.4,9.5,100,100
2025-09-24T22:00,10.6,11.1,0.0,0.0,10.9,9.41,100,94
2025-09-24T23:00,10.6,10.8,0.0,0.0,10.9,9.53,100,86
2025-09-25T00:00,10.1,10.6,0.0,0.0,10.3,9.54,100,78
2025-09-25T01:00,10.4,10.3,0.0,0.0,10.9,9.53,100,71
2025-09-25T02:00,10.1,10.1,0.0,0.0,11.5,9.41,100,65
2025-09-25T03:00,10.5,9.9,0.0,0.0,10.3,9.2,100,58
2025-09-25T04:00,10.5,9.8,0.0,0.0,9.8,8.7,100,49
2025-09-25T05:00,10.6,9.7,2.0,12.0,10.0,8.01,100,40
2025-09-25T06:00,10.2,10.0,38.0,100.0,10.8,7.51,100,38
2025-09-25T07:00,10.3,10.8,34.0,190.0,10.7,7.3,100,50
2025-09-25T08:00,10.8,12.0,57.0,256.0,10.3,7.33,100,68
2025-09-25T09:00,10.5,13.0,47.0,288.0,9.2,7.1,100,84
2025-09-25T10:00,10.9,13.8,34.0,286.0,8.2,6.43,100,92
2025-09-25T11:00,11.2,14.5,20.0,260.0,7.9,5.52,100,97
2025-09-25T12:00,10.2,14.8,36.0,222.0,8.5,4.88,100,100
2025-09-25T13:00,10.5,14.5,63.0,174.0,8.9,4.57,100,100
2025-09-25T14:00,10.7,13.9,60.0,121.0,9.2,4.56,100,100
2025-09-25T15:00,11.8,13.2,20.0,68.0,8.6,4.55,100,100
2025-09-25T16:00,11.5,12.4,7.0,25.0,8.8,4.85,100,100
2025-09-25T17:00,11.2,11.4,0.0,1.0,9.1,5.51,100,100
2025-09-25T18:00,12.0,10.7,0.0,0.0,7.3,6.1,100,100
2025-09-25T19:00,11.7,10.3,0.0,0.0,8.0,6.12,100,100
2025-09-25T20:00,11.7,10.2,0.0,0.0,8.3,5.87,100,100
2025-09-25T21:00,12.1,10.0,0.0,0.0,7.4,5.73,100,100
2025-09-25T22:00,11.6,9.7,0.0,0.0,8.3,5.71,100,100
2025-09-25T23:00,11.3,9.4,0.0,0.0,8.1,5.8,100,100
2025-09-26T00:00,11.7,9.2,0.0,0.0,7.1,5.8,100,100
2025-09-26T01:00,11.7,9.1,0.0,0.0,7.2,5.7,100,100
2025-09-26T02:00,11.7,9.0,0.0,0.0,7.0,5.6,100,100
2025-09-26T03:00,10.8,9.1,0.0,0.0,7.2,5.4,100,100
2025-09-26T04:00,10.9,9.4,0.0,0.0,7.0,4.92,100,100
2025-09-26T05:00,11.2,9.9,1.0,4.0,6.6,4.41,100,100
2025-09-26T06:00,11.4,10.5,27.0,32.0,5.2,4.05,100,100
2025-09-26T07:00,11.7,11.3,38.0,63.0,5.7,3.89,100,100
2025-09-26T08:00,12.0,12.2,36.0,103.0,5.5,3.77,100,99
2025-09-26T09:00,12.0,13.2,35.0,178.0,6.2,3.45,100,98
2025-09-26T10:00,13.6,14.2,163.0,275.0,4.9,2.66,100,95
2025-09-26T11:00,15.3,15.1,329.0,346.0,3.8,2.86,99,91
2025-09-26T12:00,14.6,15.8,153.0,364.0,4.6,3.63,100,88
2025-09-26T13:00,15.7,16.2,207.0,336.0,3.5,3.47,100,88
2025-09-26T14:00,16.1,16.2,146.0,273.0,3.4,2.75,100,90
2025-09-26T15:00,15.4,15.9,163.0,180.0,3.7,2.22,99,90
2025-09-26T16:00,14.6,14.9,56.0,78.0,4.1,2.21,100,91
2025-09-26T17:00,13.6,13.6,3.0,5.0,4.2,2.5,100,90
2025-09-26T18:00,13.0,12.3,0.0,0.0,4.9,2.61,59,83
2025-09-26T19:00,11.9,11.3,0.0,0.0,5.9,2.57,31,62
2025-09-26T20:00,11.2,10.5,0.0,0.0,3.7,2.51,0,34
2025-09-26T21:00,10.6,9.9,0.0,0.0,5.1,2.69,15,14
2025-09-26T22:00,10.7,9.8,0.0,0.0,7.7,3.13,80,11
2025-09-26T23:00,11.1,10.0,0.0,0.0,8.5,3.88,100,17
2025-09-27T00:00,11.5,10.0,0.0,0.0,7.4,4.43,74,22
2025-09-27T01:00,10.4,9.7,0.0,0.0,4.9,4.26,1,24
2025-09-27T02:00,9.8,9.1,0.0,0.0,5.2,3.79,0,26
2025-09-27T03:00,9.5,8.9,0.0,0.0,4.7,3.45,0,25
2025-09-27T04:00,9.3,8.9,0.0,0.0,4.5,3.44,0,18
2025-09-27T05:00,9.4,9.2,8.0,11.0,3.5,3.41,1,8
2025-09-27T06:00,10.7,9.9,105.0,120.0,2.9,3.11,0,0
2025-09-27T07:00,12.4,11.5,251.0,272.0,3.2,2.6,0,0
2025-09-27T08:00,13.7,13.5,394.0,423.0,3.0,2.52,0,0
2025-09-27T09:00,15.0,15.2,510.0,539.0,3.9,2.68,0,0
2025-09-27T10:00,15.9,16.2,583.0,607.0,3.4,2.56,0,0
2025-09-27T11:00,16.8,16.8,606.0,628.0,3.1,2.2,0,0
2025-09-27T12:00,17.3,17.2,575.0,604.0,3.2,1.75,0,0
2025-09-27T13:00,17.7,17.4,497.0,531.0,2.4,1.55,0,0
2025-09-27T14:00,17.6,17.4,378.0,411.0,2.5,1.5,0,0
2025-09-27T15:00,17.0,16.8,233.0,255.0,2.3,1.57,0,0
2025-09-27T16:00,16.0,15.1,89.0,102.0,2.7,2.02,0,9
2025-09-27T17:00,14.1,12.8,4.0,5.0,3.4,2.89,0,23
2025-09-27T18:00,12.6,10.9,0.0,0.0,5.0,3.71,48,38
2025-09-27T19:00,11.7,10.0,0.0,0.0,6.4,4.3,27,57
2025-09-27T20:00,11.6,9.6,0.0,0.0,6.6,4.63,43,78
2025-09-27T21:00,11.5,9.3,0.0,0.0,8.7,4.87,91,90
2025-09-27T22:00,11.4,9.0,0.0,0.0,7.9,4.88,96,83
2025-09-27T23:00,10.5,8.9,0.0,0.0,7.3,4.79,31,67
2025-09-28T00:00,10.2,8.7,0.0,0.0,6.0,4.79,64,57
2025-09-28T01:00,9.7,8.3,0.0,0.0,7.0,4.81,100,62
2025-09-28T02:00,10.4,7.9,0.0,0.0,7.1,4.81,100,74
2025-09-28T03:00,11.0,7.7,0.0,0.0,8.2,5.12,100,82
2025-09-28T04:00,10.8,8.1,0.0,0.0,8.8,5.92,67,80
2025-09-28T05:00,10.8,8.8,7.0,6.0,9.9,6.92,85,74
2025-09-28T06:00,10.5,9.6,105.0,74.0,10.3,7.6,76,68
2025-09-28T07:00,11.3,10.8,222.0,172.0,10.0,7.55,100,66
2025-09-28T08:00,12.4,12.2,292.0,263.0,9.2,7.12,100,64
2025-09-28T09:00,13.7,13.2,393.0,310.0,9.1,6.7,100,60
2025-09-28T10:00,15.1,13.7,459.0,311.0,7.2,6.3,98,50
2025-09-28T11:00,15.7,13.9,471.0,296.0,6.4,5.93,99,37
2025-09-28T12:00,16.7,13.9,512.0,284.0,7.0,5.76,23,26
2025-09-28T13:00,16.9,14.0,488.0,261.0,7.0,6.07,0,20
2025-09-28T14:00,16.6,14.0,373.0,219.0,7.5,6.58,0,16
2025-09-28T15:00,15.9,13.6,227.0,159.0,7.6,6.97,0,12
2025-09-28T16:00,14.7,12.7,84.0,77.0,7.7,7.18,0,7
2025-09-28T17:00,13.2,11.5,3.0,3.0,8.3,7.3,97,2
2025-09-28T18:00,12.2,10.5,0.0,0.0,8.6,7.4,35,0
2025-09-28T19:00,11.5,10.1,0.0,0.0,9.2,7.57,90,5
2025-09-28T20:00,10.7,9.9,0.0,0.0,9.2,7.74,0,14
2025-09-28T21:00,9.9,9.6,0.0,0.0,9.1,7.92,0,18
2025-09-28T22:00,9.5,8.9,0.0,0.0,9.6,8.12,4,13
2025-09-28T23:00,9.3,8.1,0.0,0.0,9.6,8.22,33,4
2025-09-29T00:00,9.1,7.5,0.0,0.0,9.4,8.41,0,0
2025-09-29T01:00,8.9,7.1,0.0,0.0,9.4,8.6,0,5
2025-09-29T02:00,8.7,7.0,0.0,0.0,10.2,8.9,0,15
2025-09-29T03:00,8.6,7.0,0.0,0.0,10.2,9.1,0,22
2025-09-29T04:00,8.5,7.2,0.0,0.0,10.0,9.3,1,23
2025-09-29T05:00,8.9,7.6,6.0,6.0,9.6,9.4,81,21
2025-09-29T06:00,8.9,8.2,100.0,78.0,9.0,9.5,1,21
2025-09-29T07:00,9.9,9.0,248.0,178.0,9.8,9.51,0,26
2025-09-29T08:00,11.2,10.0,389.0,282.0,9.3,9.46,0,32
2025-09-29T09:00,12.2,10.9,496.0,385.0,8.9,9.22,10,36
2025-09-29T10:00,12.9,11.7,559.0,473.0,9.0,8.67,84,34
2025-09-29T11:00,12.5,12.3,385.0,514.0,9.2,8.08,2,29
2025-09-29T12:00,12.7,12.6,328.0,490.0,8.3,7.57,99,25
2025-09-29T13:00,12.6,12.5,337.0,416.0,8.9,7.53,7,22
2025-09-29T14:00,12.2,12.1,349.0,314.0,9.4,7.79,70,20
2025-09-29T15:00,10.9,11.5,218.0,196.0,9.6,7.95,2,19
2025-09-29T16:00,9.8,10.6,78.0,78.0,10.1,8.12,0,21
2025-09-29T17:00,8.8,9.6,2.0,2.0,9.5,8.3,6,25
2025-09-29T18:00,8.8,8.8,0.0,0.0,9.7,8.4,73,28
2025-09-29T19:00,8.7,8.3,0.0,0.0,10.0,8.4,30,29
2025-09-29T20:00,8.5,8.0,0.0,0.0,9.9,8.3,30,30
2025-09-29T21:00,8.4,7.8,0.0,0.0,10.0,8.2,6,32
2025-09-29T22:00,8.2,7.7,0.0,0.0,10.1,8.0,20,35
2025-09-29T23:00,8.0,7.7,0.0,0.0,9.3,7.8,8,39
2025-09-30T00:00,8.3,7.8,0.0,0.0,8.8,7.6,1,42
2025-09-30T01:00,8.0,7.7,0.0,0.0,8.7,7.5,13,44
2025-09-30T02:00,7.8,7.6,0.0,0.0,8.6,7.4,2,45
2025-09-30T03:00,7.1,7.7,0.0,0.0,8.7,7.4,7,46
2025-09-30T04:00,7.1,7.8,0.0,0.0,8.3,7.4,52,47
2025-09-30T05:00,7.6,8.1,3.0,4.0,7.7,7.5,100,48
2025-09-30T06:00,8.1,8.5,92.0,66.0,9.1,7.4,5,49
2025-09-30T07:00,9.0,9.1,234.0,166.0,8.8,7.13,4,49
2025-09-30T08:00,10.0,9.9,371.0,272.0,8.4,6.71,11,49
2025-09-30T09:00,11.0,10.7,446.0,357.0,7.6,6.31,91,51
2025-09-30T10:00,11.8,11.5,495.0,410.0,7.5,5.58,28,57
2025-09-30T11:00,11.7,12.4,403.0,424.0,7.4,4.77,100,65
2025-09-30T12:00,11.9,12.8,454.0,395.0,8.3,4.22,4,68
2025-09-30T13:00,11.8,12.7,474.0,329.0,8.3,4.21,4,60
2025-09-30T14:00,11.5,12.2,355.0,244.0,8.8,4.62,5,46
2025-09-30T15:00,11.1,11.4,207.0,150.0,8.4,5.02,6,37
2025-09-30T16:00,10.2,10.4,72.0,57.0,8.1,5.5,17,39
2025-09-30T17:00,9.7,9.2,1.0,1.0,7.5,6.11,43,46
2025-09-30T18:00,9.0,8.2,0.0,0.0,8.3,6.62,4,50
2025-09-30T19:00,8.9,7.6,0.0,0.0,7.6,7.02,4,48
2025-09-30T20:00,8.5,7.3,0.0,0.0,7.9,7.31,11,43
2025-09-30T21:00,8.1,7.0,0.0,0.0,8.6,7.5,8,39
2025-09-30T22:00,7.6,6.9,0.0,0.0,9.0,7.5,0,39
2025-09-30T23:00,7.7,6.9,0.0,0.0,8.4,7.4,99,41
2025-10-01T00:00,7.6,6.8,0.0,0.0,8.9,7.4,1,42
2025-10-01T01:00,7.5,6.6,0.0,0.0,8.9,7.5,20,41
2025-10-01T02:00,7.3,6.2,0.0,0.0,8.6,7.6,6,39
2025-10-01T03:00,7.3,6.2,0.0,0.0,9.0,7.6,52,39
2025-10-01T04:00,7.3,6.5,0.0,0.0,9.1,7.3,34,41
2025-10-01T05:00,7.4,7.2,5.0,4.0,8.9,6.9,54,43
2025-10-01T06:00,8.1,7.8,30.0,61.0,8.1,6.7,100,47
2025-10-01T07:00,8.4,8.5,100.0,145.0,8.2,6.91,100,52
2025-10-01T08:00,9.0,9.1,203.0,233.0,8.7,7.32,100,58
2025-10-01T09:00,10.3,9.8,309.0,312.0,7.9,7.64,86,63
2025-10-01T10:00,11.2,10.5,394.0,375.0,8.4,7.84,48,67
2025-10-01T11:00,11.7,11.1,511.0,410.0,8.7,8.07,52,70
2025-10-01T12:00,10.7,11.4,314.0,417.0,8.9,8.3,90,73
2025-10-01T13:00,11.0,11.0,278.0,385.0,9.3,8.56,16,75
2025-10-01T14:00,10.6,10.2,265.0,301.0,9.5,8.71,89,76
2025-10-01T15:00,10.3,9.4,192.0,174.0,9.9,8.77,0,76
2025-10-01T16:00,9.4,8.7,70.0,55.0,7.5,8.54,2,73
2025-10-01T17:00,8.5,7.9,1.0,1.0,8.5,8.13,0,68
2025-10-01T18:00,8.0,7.3,0.0,0.0,8.8,7.75,3,63
2025-10-01T19:00,7.5,6.7,0.0,0.0,8.9,7.67,14,58
2025-10-01T20:00,7.0,6.1,0.0,0.0,8.9,7.73,0,52
2025-10-01T21:00,6.4,5.7,0.0,0.0,9.0,7.74,74,48
2025-10-01T22:00,6.0,5.3,0.0,0.0,8.9,7.72,100,46
2025-10-01T23:00,5.8,4.9,0.0,0.0,9.1,7.61,100,44
2025-10-02T00:00,5.7,4.6,0.0,0.0,9.1,7.78,8,64
2025-10-02T01:00,5.2,4.3,0.0,0.0,8.9,8.02,0,39
2025-10-02T02:00,4.8,4.3,0.0,0.0,9.1,7.91,0,43
2025-10-02T03:00,4.3,3.9,0.0,0.0,8.7,7.44,2,32
2025-10-02T04:00,4.3,3.6,0.0,0.0,9.8,7.38,0,45
2025-10-02T05:00,4.4,3.9,5.0,3.0,10.2,7.85,0,41
2025-10-02T06:00,5.1,5.3,100.0,93.0,8.5,8.99,0,11
2025-10-02T07:00,6.4,7.0,256.0,250.0,8.3,7.29,0,2
2025-10-02T08:00,8.0,8.6,407.0,400.0,8.4,7.03,0,8
2025-10-02T09:00,9.4,9.9,518.0,518.0,8.1,7.97,55,26
2025-10-02T10:00,10.0,10.5,477.0,542.0,7.6,8.05,100,60
2025-10-02T11:00,10.5,10.7,326.0,485.0,7.4,7.83,99,89
2025-10-02T12:00,10.6,10.9,402.0,427.0,8.4,7.54,100,85
2025-10-02T13:00,10.5,11.0,272.0,380.0,9.1,7.86,15,95
2025-10-02T14:00,10.1,10.5,262.0,281.0,9.0,7.77,69,51
2025-10-02T15:00,10.0,9.9,190.0,151.0,8.6,7.07,0,68
2025-10-02T16:00,9.2,8.9,72.0,48.0,7.5,7.46,0,1
2025-10-02T17:00,7.9,7.4,1.0,1.0,7.4,7.48,0,2
2025-10-02T18:00,7.1,6.3,0.0,0.0,7.4,6.33,90,92
2025-10-02T19:00,6.4,5.4,0.0,0.0,8.1,6.58,0,100
2025-10-02T20:00,5.8,5.3,0.0,0.0,8.2,7.34,0,97
2025-10-02T21:00,5.5,5.1,0.0,0.0,8.1,7.48,0,86
2025-10-02T22:00,5.4,4.3,0.0,0.0,8.7,7.1,96,59
2025-10-02T23:00,5.3,3.7,0.0,0.0,9.0,7.38,99,73
2025-10-03T00:00,5.1,4.5,0.0,0.0,8.9,7.31,100,34
2025-10-03T01:00,4.9,4.1,0.0,0.0,9.2,7.33,100,100
2025-10-03T02:00,4.6,3.8,0.0,0.0,9.4,7.6,100,100
2025-10-03T03:00,4.4,3.7,0.0,0.0,9.7,7.91,100,99
2025-10-03T04:00,4.4,3.4,0.0,0.0,9.8,8.56,100,100
2025-10-03T05:00,4.6,3.7,3.0,3.0,10.5,8.56,100,100
2025-10-03T06:00,5.2,4.4,94.0,74.0,10.2,8.19,2,100
2025-10-03T07:00,6.3,5.9,251.0,196.0,9.8,7.24,7,100
2025-10-03T08:00,8.2,7.6,406.0,336.0,9.0,7.72,0,98
2025-10-03T09:00,9.5,9.0,517.0,459.0,10.0,10.01,98,99
2025-10-03T10:00,10.5,9.3,575.0,405.0,10.0,9.14,94,95
2025-10-03T11:00,11.4,9.8,602.0,394.0,10.6,9.08,88,91
2025-10-03T12:00,11.6,10.1,564.0,362.0,11.2,9.66,93,100
2025-10-03T13:00,11.7,9.7,482.0,198.0,11.2,9.52,97,100
2025-10-03T14:00,11.1,9.7,320.0,211.0,11.4,9.8,99,96
2025-10-03T15:00,10.4,9.2,196.0,129.0,11.1,9.05,86,98
2025-10-03T16:00,9.3,8.1,63.0,49.0,10.7,8.38,94,100
2025-10-03T17:00,8.4,7.4,0.0,1.0,10.2,8.65,99,63
2025-10-03T18:00,7.7,6.7,0.0,0.0,10.4,8.93,40,17
2025-10-03T19:00,7.3,6.2,0.0,0.0,10.3,8.72,12,9
2025-10-03T20:00,6.9,5.9,0.0,0.0,9.6,8.67,0,16
2025-10-03T21:00,6.7,5.5,0.0,0.0,9.8,8.66,0,21
2025-10-03T22:00,6.4,5.4,0.0,0.0,10.2,8.81,0,61
2025-10-03T23:00,6.2,5.4,0.0,0.0,10.5,8.76,0,16
2025-10-04T00:00,5.8,4.9,0.0,0.0,10.0,9.61,0,2
2025-10-04T01:00,5.6,4.8,0.0,0.0,10.0,9.75,0,1
2025-10-04T02:00,5.4,4.8,0.0,0.0,9.4,9.42,0,7
2025-10-04T03:00,5.2,4.6,0.0,0.0,9.4,9.24,0,9
2025-10-04T04:00,5.2,4.8,0.0,0.0,9.6,9.34,0,3
2025-10-04T05:00,5.3,4.8,3.0,2.0,9.0,8.95,0,3
2025-10-04T06:00,6.5,5.8,90.0,83.0,8.9,7.61,0,9
2025-10-04T07:00,7.7,7.6,238.0,231.0,8.1,5.95,0,1
2025-10-04T08:00,9.4,9.4,382.0,378.0,5.8,4.05,0,8
2025-10-04T09:00,11.5,11.3,498.0,486.0,3.1,2.92,0,17
2025-10-04T10:00,13.1,12.9,568.0,542.0,0.4,1.52,0,1
2025-10-04T11:00,14.7,14.0,589.0,581.0,3.2,1.63,0,0
2025-10-04T12:00,15.1,13.8,568.0,559.0,5.0,4.24,0,0
2025-10-04T13:00,15.6,14.1,492.0,479.0,5.4,4.92,0,0
2025-10-04T14:00,15.6,13.5,366.0,358.0,6.6,6.21,0,0
2025-10-04T15:00,14.9,12.6,215.0,208.0,7.7,6.67,0,3
2025-10-04T16:00,13.9,10.9,65.0,60.0,6.9,6.75,0,2
2025-10-04T17:00,12.3,9.5,0.0,0.0,6.4,7.65,2,36
2025-10-04T18:00,10.8,9.0,0.0,0.0,6.7,8.75,0,2
2025-10-04T19:00,9.5,8.3,0.0,0.0,6.6,8.23,0,100
2025-10-04T20:00,8.9,8.1,0.0,0.0,7.3,7.74,99,100
2025-10-04T21:00,8.9,8.3,0.0,0.0,6.4,7.69,100,100
2025-10-04T22:00,9.6,7.8,0.0,0.0,8.0,7.47,100,100
2025-10-04T23:00,8.2,7.3,0.0,0.0,5.8,6.97,100,100
2025-10-05T00:00,7.4,7.2,0.0,0.0,5.7,7.51,100,100
2025-10-05T01:00,7.2,6.9,0.0,0.0,4.2,6.32,100,100
2025-10-05T02:00,7.0,7.0,0.0,0.0,6.7,6.36,100,100
2025-10-05T03:00,6.8,7.0,0.0,0.0,5.6,6.39,100,100
2025-10-05T04:00,6.7,6.8,0.0,0.0,3.9,5.2,100,91
2025-10-05T05:00,6.6,6.7,0.0,1.0,4.7,4.81,100,100
2025-10-05T06:00,6.7,7.0,14.0,15.0,3.9,3.81,100,100
2025-10-05T07:00,7.1,7.5,58.0,64.0,3.4,3.18,100,100
2025-10-05T08:00,7.3,8.2,80.0,87.0,3.3,3.18,100,100
2025-10-05T09:00,8.1,8.6,154.0,110.0,4.4,2.32,100,100
2025-10-05T10:00,8.7,9.2,143.0,170.0,3.2,2.5,100,100
2025-10-05T11:00,8.7,9.2,71.0,71.0,3.4,1.92,100,100
2025-10-05T12:00,9.7,10.2,238.0,142.0,3.4,2.33,100,100
2025-10-05T13:00,10.4,11.0,181.0,224.0,3.8,2.62,98,100
2025-10-05T14:00,10.6,11.1,201.0,148.0,2.9,2.6,99,100
2025-10-05T15:00,9.5,11.0,73.0,107.0,4.9,2.51,100,100
2025-10-05T16:00,8.9,9.8,20.0,25.0,4.8,3.53,100,100
2025-10-05T17:00,8.3,9.3,0.0,0.0,3.7,3.01,100,100
2025-10-05T18:00,8.4,8.8,0.0,0.0,3.7,1.83,100,100
2025-10-05T19:00,8.5,8.6,0.0,0.0,2.2,0.89,100,100
2025-10-05T20:00,8.3,8.2,0.0,0.0,2.8,1.06,100,100
2025-10-05T21:00,8.3,8.0,0.0,0.0,0.6,0.67,100,100
2025-10-05T22:00,8.5,7.7,0.0,0.0,0.8,1.03,100,100
2025-10-05T23:00,8.4,7.3,0.0,0.0,1.1,1.01,100,100
2025-10-06T00:00,8.4,7.8,0.0,0.0,2.1,0.96,100,86
2025-10-06T01:00,8.3,7.5,0.0,0.0,2.5,0.68,100,88
2025-10-06T02:00,8.1,6.8,0.0,0.0,4.6,1.26,100,59
2025-10-06T03:00,7.9,6.2,0.0,0.0,2.0,0.85,100,30
2025-10-06T04:00,7.7,5.2,0.0,0.0,2.5,0.91,100,43
2025-10-06T05:00,7.3,5.0,1.0,2.0,2.9,1.43,100,72
2025-10-06T06:00,7.5,7.0,70.0,60.0,0.0,2.69,11,70
2025-10-06T07:00,8.7,8.3,223.0,216.0,0.1,1.91,8,49
2025-10-06T08:00,10.0,10.1,367.0,352.0,0.4,2.32,8,52
2025-10-06T09:00,10.3,11.8,351.0,451.0,1.1,2.39,96,22
2025-10-06T10:00,11.6,12.9,479.0,448.0,1.7,1.7,27,11
2025-10-06T11:00,12.7,13.9,559.0,484.0,2.2,1.07,7,16
2025-10-06T12:00,14.0,13.7,533.0,362.0,2.2,1.63,15,24
2025-10-06T13:00,14.3,13.7,427.0,303.0,2.2,2.15,31,31
2025-10-06T14:00,14.3,13.5,323.0,260.0,2.1,2.11,6,36
2025-10-06T15:00,13.9,13.0,192.0,147.0,2.2,2.33,0,12
2025-10-06T16:00,12.7,10.9,52.0,42.0,3.4,2.4,0,37
2025-10-06T17:00,11.3,10.3,0.0,0.0,4.1,1.73,0,54
2025-10-06T18:00,10.8,9.3,0.0,0.0,7.0,1.99,100,99
2025-10-06T19:00,10.9,9.5,0.0,0.0,5.5,3.15,100,95
2025-10-06T20:00,10.7,9.6,0.0,0.0,6.7,2.97,100,96
2025-10-06T21:00,10.2,8.7,0.0,0.0,6.0,3.13,100,48
2025-10-06T22:00,9.7,7.1,0.0,0.0,5.6,2.75,92,10
2025-10-06T23:00,9.1,6.2,0.0,0.0,6.3,3.11,15,1
2025-10-07T00:00,7.8,7.2,0.0,0.0,6.6,4.75,1,78
2025-10-07T01:00,7.2,8.2,0.0,0.0,6.5,4.75,0,28
2025-10-07T02:00,6.9,8.3,0.0,0.0,6.3,4.73,9,32
2025-10-07T03:00,8.8,7.5,0.0,0.0,5.2,4.44,100,22
2025-10-07T04:00,8.7,7.7,0.0,0.0,6.5,4.31,28,90
2025-10-07T05:00,8.8,7.5,1.0,1.0,7.0,4.58,44,100
2025-10-07T06:00,9.3,9.2,32.0,34.0,4.1,3.17,100,84
2025-10-07T07:00,10.1,10.7,58.0,127.0,4.3,3.01,100,100
2025-10-07T08:00,11.0,12.2,122.0,257.0,3.8,3.7,100,100
2025-10-07T09:00,12.5,12.9,348.0,292.0,4.7,5.26,12,98
2025-10-07T10:00,13.3,13.4,534.0,327.0,5.8,5.7,1,29
2025-10-07T11:00,14.0,14.1,563.0,446.0,5.9,6.64,0,22
2025-10-07T12:00,13.1,14.1,409.0,331.0,6.8,5.15,0,38
2025-10-07T13:00,13.7,14.3,451.0,321.0,7.6,5.33,0,31
2025-10-07T14:00,13.4,13.9,329.0,248.0,8.3,5.73,0,38
2025-10-07T15:00,13.5,13.3,185.0,147.0,7.7,6.07,0,16
2025-10-07T16:00,12.5,11.6,47.0,39.0,8.3,7.51,0,15
2025-10-07T17:00,11.5,10.8,0.0,0.0,9.3,8.35,0,5
2025-10-07T18:00,10.7,9.9,0.0,0.0,9.1,7.32,0,0
2025-10-07T19:00,10.2,9.2,0.0,0.0,9.0,7.61,0,1
2025-10-07T20:00,9.7,8.7,0.0,0.0,9.5,7.96,0,2
2025-10-07T21:00,9.3,8.5,0.0,0.0,10.8,8.24,0,5
2025-10-07T22:00,9.2,8.5,0.0,0.0,10.6,8.45,0,5
2025-10-07T23:00,9.3,8.3,0.0,0.0,10.6,8.54,0,6
2025-10-08T00:00,9.1,7.8,0.0,0.0,10.4,8.44,0,1
2025-10-08T01:00,9.0,7.7,0.0,0.0,10.4,8.65,0,1
2025-10-08T02:00,8.9,7.5,0.0,0.0,10.4,8.86,0,3
2025-10-08T03:00,8.6,7.5,0.0,0.0,9.7,8.86,0,5
2025-10-08T04:00,8.6,7.6,0.0,0.0,9.9,8.9,0,4
2025-10-08T05:00,8.6,7.7,1.0,1.0,10.2,8.91,0,6
2025-10-08T06:00,9.1,8.6,76.0,73.0,10.2,8.05,0,5
2025-10-08T07:00,10.3,10.7,220.0,219.0,9.5,7.01,0,5
2025-10-08T08:00,11.6,12.1,365.0,357.0,9.2,8.95,0,30
2025-10-08T09:00,13.2,13.4,478.0,426.0,8.3,9.85,0,29
2025-10-08T10:00,13.9,13.8,546.0,452.0,8.6,9.06,4,36
2025-10-08T11:00,14.6,14.0,560.0,398.0,8.1,8.61,5,75
2025-10-08T12:00,14.4,14.5,508.0,435.0,8.7,8.22,5,84
2025-10-08T13:00,14.3,14.6,448.0,337.0,9.0,8.09,0,57
2025-10-08T14:00,13.7,14.5,328.0,269.0,9.2,7.46,0,37
2025-10-08T15:00,13.3,13.7,183.0,148.0,8.0,6.61,0,3
2025-10-08T16:00,12.2,11.8,45.0,41.0,7.8,6.68,0,2
2025-10-08T17:00,11.0,10.7,0.0,0.0,8.8,7.14,0,0
2025-10-08T18:00,10.7,9.6,0.0,0.0,9.1,6.83,0,0
2025-10-08T19:00,10.0,8.9,0.0,0.0,8.8,6.72,4,0
2025-10-08T20:00,9.9,8.0,0.0,0.0,9.3,6.25,30,2
2025-10-08T21:00,9.9,7.4,0.0,0.0,8.7,6.41,57,5
2025-10-08T22:00,9.5,7.1,0.0,0.0,8.1,6.42,23,2
2025-10-08T23:00,9.1,6.5,0.0,0.0,7.0,5.61,50,9
2025-10-09T00:00,9.4,6.0,0.0,0.0,7.1,5.27,45,7
2025-10-09T01:00,9.3,5.4,0.0,0.0,5.9,4.68,98,0
2025-10-09T02:00,9.4,5.0,0.0,0.0,4.8,4.36,100,39
2025-10-09T03:00,9.4,5.1,0.0,0.0,3.7,3.61,100,45
2025-10-09T04:00,9.3,4.8,0.0,0.0,3.8,2.64,100,88
2025-10-09T05:00,9.7,5.6,0.0,0.0,3.7,1.84,100,99
2025-10-09T06:00,9.8,8.5,10.0,22.0,4.3,1.0,100,100
2025-10-09T07:00,10.1,9.0,38.0,50.0,3.6,0.55,100,100
2025-10-09T08:00,10.7,9.6,43.0,77.0,1.6,0.6,100,100
2025-10-09T09:00,14.0,9.7,472.0,48.0,3.1,0.78,0,100
2025-10-09T10:00,15.1,9.8,538.0,49.0,2.4,0.83,13,100
2025-10-09T11:00,15.8,10.2,505.0,78.0,2.6,0.97,92,100
2025-10-09T12:00,16.1,10.9,385.0,129.0,4.1,1.54,31,100
2025-10-09T13:00,16.1,11.1,415.0,106.0,5.0,1.12,16,100
2025-10-09T14:00,15.3,11.1,297.0,84.0,5.6,1.23,99,93
2025-10-09T15:00,13.9,11.1,72.0,82.0,5.7,1.25,100,87
2025-10-09T16:00,13.2,9.6,4.0,28.0,5.1,1.22,100,67
2025-10-09T17:00,12.8,9.6,0.0,0.0,3.9,0.68,100,100
2025-10-09T18:00,12.2,10.5,0.0,0.0,3.6,0.8,100,97
2025-10-09T19:00,12.1,9.7,0.0,0.0,2.8,0.69,100,98
2025-10-09T20:00,11.6,9.6,0.0,0.0,1.7,1.46,26,65
2025-10-09T21:00,11.7,9.3,0.0,0.0,0.8,2.31,100,27
2025-10-09T22:00,11.8,8.2,0.0,0.0,1.2,2.31,100,17
2025-10-09T23:00,11.7,7.9,0.0,0.0,0.4,2.46,17,62
2025-10-10T00:00,11.1,8.0,0.0,0.0,4.3,2.28,0,30
2025-10-10T01:00,10.3,7.4,0.0,0.0,4.3,3.46,0,20
2025-10-10T02:00,9.1,6.9,0.0,0.0,3.0,4.05,73,53
2025-10-10T03:00,9.0,7.5,0.0,0.0,1.5,3.77,50,76
2025-10-10T04:00,8.6,8.1,0.0,0.0,0.9,5.11,100,100
2025-10-10T05:00,9.5,8.4,0.0,0.0,0.7,5.43,59,100
2025-10-10T06:00,9.4,9.2,6.0,24.0,0.5,4.96,100,100
2025-10-10T07:00,9.7,10.1,13.0,56.0,1.3,3.76,100,100
2025-10-10T08:00,11.3,11.3,107.0,121.0,1.5,1.3,99,100
2025-10-10T09:00,12.0,11.8,155.0,179.0,1.3,1.2,100,100
2025-10-10T10:00,11.6,11.8,33.0,152.0,0.5,2.75,100,100
2025-10-10T11:00,11.9,12.8,30.0,211.0,1.9,4.28,100,100
2025-10-10T12:00,11.6,13.7,20.0,108.0,2.6,3.8,100,100
2025-10-10T13:00,11.8,13.2,14.0,72.0,2.2,3.92,100,100
2025-10-10T14:00,12.0,13.6,23.0,72.0,2.2,2.85,100,64
2025-10-10T15:00,12.2,13.5,28.0,106.0,3.1,0.21,100,91
2025-10-10T16:00,11.2,12.0,3.0,20.0,4.4,2.02,80,98
2025-10-10T17:00,11.3,11.0,0.0,0.0,8.2,4.65,100,67
2025-10-10T18:00,10.6,11.8,0.0,0.0,4.4,7.22,100,99
2025-10-10T19:00,10.1,11.1,0.0,0.0,6.6,5.57,100,99
2025-10-10T20:00,9.8,10.3,0.0,0.0,7.1,5.81,100,66
2025-10-10T21:00,9.9,9.9,0.0,0.0,4.3,5.73,100,48
2025-10-10T22:00,9.1,8.9,0.0,0.0,4.6,5.31,100,37
2025-10-10T23:00,9.2,8.3,0.0,0.0,3.7,5.21,100,66
2025-10-11T00:00,9.6,10.2,0.0,0.0,3.7,2.68,100,100
2025-10-11T01:00,9.1,10.3,0.0,0.0,3.2,3.45,1,100
2025-10-11T02:00,9.0,9.9,0.0,0.0,5.1,3.82,0,100
2025-10-11T03:00,8.5,9.4,0.0,0.0,4.9,3.55,100,100
2025-10-11T04:00,8.6,9.0,0.0,0.0,1.7,3.25,100,100
2025-10-11T05:00,8.7,9.0,0.0,0.0,1.5,2.97,100,95
2025-10-11T06:00,8.4,9.3,3.0,13.0,2.8,2.14,100,100
2025-10-11T07:00,8.6,10.7,6.0,44.0,3.7,2.14,100,100
2025-10-11T08:00,8.4,11.8,9.0,77.0,3.7,2.31,100,98
2025-10-11T09:00,9.0,12.7,15.0,98.0,3.5,2.5,100,100
2025-10-11T10:00,9.3,13.8,37.0,230.0,2.4,2.67,100,100
2025-10-11T11:00,10.0,14.3,76.0,218.0,1.1,2.33,100,100
2025-10-11T12:00,10.1,15.4,22.0,239.0,1.0,5.24,100,99
2025-10-11T13:00,10.7,15.6,109.0,210.0,1.6,4.66,100,48
2025-10-11T14:00,11.6,15.7,194.0,236.0,5.1,4.93,100,67
2025-10-11T15:00,11.3,14.8,133.0,131.0,3.8,5.07,80,87
2025-10-11T16:00,11.4,12.7,22.0,27.0,1.7,5.67,100,48
2025-10-11T17:00,11.4,12.2,0.0,0.0,3.7,6.32,100,38
2025-10-11T18:00,11.8,11.7,0.0,0.0,2.4,5.47,100,30
2025-10-11T19:00,11.8,11.2,0.0,0.0,2.7,6.03,100,23
2025-10-11T20:00,11.8,11.1,0.0,0.0,3.8,5.99,100,49
2025-10-11T21:00,12.0,10.8,0.0,0.0,5.8,5.5,100,66
2025-10-11T22:00,12.0,10.5,0.0,0.0,6.3,4.28,100,100
2025-10-11T23:00,11.7,11.5,0.0,0.0,4.4,3.68,100,84
2025-10-12T00:00,11.6,10.6,0.0,0.0,6.7,4.29,100,73
2025-10-12T01:00,11.4,11.1,0.0,0.0,6.6,5.52,100,70
2025-10-12T02:00,11.3,11.4,0.0,0.0,6.9,6.56,99,25
2025-10-12T03:00,11.3,11.4,0.0,0.0,8.0,6.08,100,97
2025-10-12T04:00,10.3,10.8,0.0,0.0,7.5,5.48,0,100
2025-10-12T05:00,10.0,10.7,0.0,0.0,7.6,4.91,2,100
2025-10-12T06:00,10.8,10.7,62.0,24.0,7.5,3.56,0,98
2025-10-12T07:00,12.1,11.6,197.0,63.0,5.9,3.26,0,91
2025-10-12T08:00,12.7,12.4,333.0,106.0,4.4,1.9,3,76
2025-10-12T09:00,12.9,13.5,103.0,236.0,1.3,1.01,100,70
2025-10-12T10:00,12.6,14.0,60.0,284.0,2.2,1.96,100,83
2025-10-12T11:00,12.7,13.9,68.0,251.0,2.1,2.69,100,100
2025-10-12T12:00,13.6,14.9,203.0,320.0,2.2,3.89,2,41
2025-10-12T13:00,14.7,15.4,411.0,284.0,1.5,3.72,99,54
2025-10-12T14:00,14.3,15.4,83.0,237.0,1.6,3.41,100,30
2025-10-12T15:00,14.2,14.3,22.0,150.0,2.6,3.18,100,7
2025-10-12T16:00,13.7,12.7,7.0,28.0,4.2,2.49,100,34
2025-10-12T17:00,13.0,11.1,0.0,0.0,6.1,0.8,100,91
2025-10-12T18:00,12.8,10.1,0.0,0.0,5.5,0.71,100,32
2025-10-12T19:00,12.6,9.2,0.0,0.0,6.8,4.72,100,34
2025-10-12T20:00,12.3,9.2,0.0,0.0,7.9,5.46,99,38
2025-10-12T21:00,11.9,9.7,0.0,0.0,6.0,5.21,100,55
2025-10-12T22:00,11.8,9.4,0.0,0.0,5.9,5.46,100,98
2025-10-12T23:00,11.8,10.1,0.0,0.0,6.5,4.61,7,95
2025-10-13T00:00,10.9,9.1,0.0,0.0,7.5,2.55,36,31
2025-10-13T01:00,10.6,7.9,0.0,0.0,9.0,3.18,1,85
2025-10-13T02:00,10.6,8.4,0.0,0.0,9.2,1.99,12,100
2025-10-13T03:00,10.3,9.2,0.0,0.0,6.8,2.95,85,100
2025-10-13T04:00,10.4,9.7,0.0,0.0,4.4,5.29,100,100
2025-10-13T05:00,10.7,9.6,0.0,0.0,5.6,6.09,100,100
2025-10-13T06:00,9.6,9.5,6.0,12.0,5.2,6.49,100,100
2025-10-13T07:00,9.7,9.6,107.0,67.0,4.0,6.79,100,6
2025-10-13T08:00,10.5,10.8,195.0,363.0,4.7,6.91,3,7
2025-10-13T09:00,11.6,11.7,463.0,442.0,5.4,6.94,2,46
2025-10-13T10:00,12.4,12.3,533.0,490.0,4.6,5.74,0,84
2025-10-13T11:00,13.1,13.0,554.0,544.0,4.2,5.12,34,30
2025-10-13T12:00,13.4,13.5,423.0,513.0,3.9,4.7,100,99
2025-10-13T13:00,13.5,13.2,378.0,406.0,4.1,4.09,17,99
2025-10-13T14:00,13.2,12.6,311.0,246.0,4.5,3.5,79,100
2025-10-13T15:00,12.0,11.5,114.0,123.0,3.9,3.64,100,98
2025-10-13T16:00,10.7,9.5,25.0,22.0,4.3,4.21,100,64
2025-10-13T17:00,9.6,8.6,0.0,0.0,5.5,4.46,100,90
2025-10-13T18:00,8.9,6.2,0.0,0.0,4.4,3.52,87,100
2025-10-13T19:00,8.3,5.1,0.0,0.0,8.2,2.36,33,100
2025-10-13T20:00,7.7,4.7,0.0,0.0,5.4,3.5,41,100
2025-10-13T21:00,7.1,4.6,0.0,0.0,5.1,3.85,0,100
2025-10-13T22:00,6.0,4.4,0.0,0.0,2.0,3.51,0,100
2025-10-13T23:00,5.5,3.9,0.0,0.0,0.7,2.96,32,99
2025-10-14T00:00,5.2,4.0,0.0,0.0,1.2,2.9,44,100
2025-10-14T01:00,4.7,3.8,0.0,0.0,2.1,2.6,48,95
2025-10-14T02:00,4.3,3.4,0.0,0.0,1.7,2.29,7,92
2025-10-14T03:00,4.7,3.2,0.0,0.0,0.1,1.77,100,99
2025-10-14T04:00,5.8,3.2,0.0,0.0,2.4,1.39,100,97
2025-10-14T05:00,5.5,3.4,0.0,0.0,1.7,2.12,100,99
2025-10-14T06:00,5.5,4.8,20.0,47.0,1.0,2.68,100,100
2025-10-14T07:00,6.4,6.5,40.0,79.0,1.8,2.35,100,100
2025-10-14T08:00,6.7,8.6,44.0,210.0,3.5,0.65,100,100
2025-10-14T09:00,6.7,10.3,60.0,310.0,3.2,1.68,100,96
2025-10-14T10:00,7.7,11.8,98.0,428.0,3.6,2.89,100,88
2025-10-14T11:00,8.8,12.1,168.0,344.0,2.4,2.89,100,100
2025-10-14T12:00,11.4,10.6,349.0,162.0,2.2,3.09,99,100
2025-10-14T13:00,11.1,10.6,255.0,154.0,4.3,3.63,97,100
2025-10-14T14:00,10.1,10.1,186.0,102.0,5.0,2.67,94,100
2025-10-14T15:00,9.4,9.5,22.0,51.0,3.3,0.96,100,100
2025-10-14T16:00,8.7,8.2,3.0,8.0,4.4,1.39,100,100
2025-10-14T17:00,8.1,7.8,0.0,0.0,5.4,2.01,100,100
2025-10-14T18:00,8.2,8.5,0.0,0.0,5.0,3.0,83,100
2025-10-14T19:00,7.9,8.3,0.0,0.0,4.4,4.03,77,99
2025-10-14T20:00,7.6,7.6,0.0,0.0,3.8,3.65,100,100
2025-10-14T21:00,7.0,7.7,0.0,0.0,3.5,3.1,100,100
2025-10-14T22:00,6.9,7.3,0.0,0.0,3.7,2.84,100,100
2025-10-14T23:00,7.0,7.0,0.0,0.0,3.6,2.78,98,97
2025-10-15T00:00,7.3,6.7,0.0,0.0,4.8,1.31,100,100
2025-10-15T01:00,7.2,6.8,0.0,0.0,4.4,1.24,100,100
2025-10-15T02:00,7.1,6.7,0.0,0.0,3.8,1.33,100,100
2025-10-15T03:00,6.8,6.7,0.0,0.0,3.7,1.31,90,100
2025-10-15T04:00,6.3,6.7,0.0,0.0,3.1,1.6,90,100
2025-10-15T05:00,6.0,6.9,0.0,0.0,3.5,1.85,50,99
2025-10-15T06:00,6.4,6.8,32.0,41.0,3.6,0.79,73,84
2025-10-15T07:00,7.4,7.9,125.0,92.0,4.0,0.16,98,87
2025-10-15T08:00,8.7,9.0,243.0,192.0,2.5,0.46,50,96
2025-10-15T09:00,8.9,9.2,195.0,156.0,1.5,0.58,100,95
2025-10-15T10:00,10.3,9.4,425.0,138.0,0.5,0.81,91,51
2025-10-15T11:00,11.3,9.9,352.0,195.0,0.7,0.62,100,70
2025-10-15T12:00,12.2,11.9,181.0,266.0,1.7,1.21,100,100
2025-10-15T13:00,12.4,11.7,130.0,190.0,2.0,1.36,100,100
2025-10-15T14:00,12.0,11.4,72.0,143.0,1.8,1.83,100,91
2025-10-15T15:00,11.8,10.8,85.0,86.0,1.1,1.98,100,98
2025-10-15T16:00,11.0,9.5,7.0,13.0,3.7,1.16,100,61
2025-10-15T17:00,10.0,8.8,0.0,0.0,5.1,0.5,100,84
2025-10-15T18:00,9.9,8.0,0.0,0.0,4.9,1.21,100,100
2025-10-15T19:00,9.5,8.4,0.0,0.0,5.0,1.52,100,100
2025-10-15T20:00,9.3,8.2,0.0,0.0,4.0,0.93,100,100
2025-10-15T21:00,9.1,8.1,0.0,0.0,4.4,0.21,100,100
2025-10-15T22:00,8.9,7.8,0.0,0.0,4.9,0.72,100,100
2025-10-15T23:00,8.9,7.7,0.0,0.0,4.3,0.82,100,100
2025-10-16T00:00,8.6,7.7,0.0,0.0,3.8,1.29,100,56
2025-10-16T01:00,8.4,6.6,0.0,0.0,3.3,1.42,100,84
2025-10-16T02:00,8.2,7.0,0.0,0.0,2.2,1.42,100,100
2025-10-16T03:00,7.5,7.3,0.0,0.0,1.8,1.36,32,100
2025-10-16T04:00,7.5,7.5,0.0,0.0,0.9,1.46,100,100
2025-10-16T05:00,7.7,7.6,0.0,0.0,1.2,1.27,97,100
2025-10-16T06:00,7.9,6.9,40.0,35.0,1.6,2.1,44,80
2025-10-16T07:00,8.6,8.7,105.0,131.0,1.1,2.42,100,45
2025-10-16T08:00,10.3,10.2,239.0,257.0,2.4,2.18,4,54
2025-10-16T09:00,11.2,11.2,411.0,348.0,4.3,2.77,7,83
2025-10-16T10:00,12.4,11.7,440.0,336.0,5.2,3.94,15,95
2025-10-16T11:00,13.4,11.7,499.0,258.0,6.3,4.64,13,93
2025-10-16T12:00,13.6,12.6,270.0,281.0,5.7,4.81,80,100
2025-10-16T13:00,13.5,12.7,254.0,205.0,6.5,5.39,100,100
2025-10-16T14:00,13.3,12.4,129.0,131.0,6.6,5.27,97,62
2025-10-16T15:00,12.8,11.9,119.0,73.0,6.2,4.7,100,59
2025-10-16T16:00,12.6,10.6,7.0,11.0,5.5,4.89,100,45
2025-10-16T17:00,12.0,10.3,0.0,0.0,5.6,5.89,100,69
2025-10-16T18:00,11.5,9.4,0.0,0.0,4.3,5.9,100,33
2025-10-16T19:00,11.3,8.5,0.0,0.0,4.8,5.76,100,23
2025-10-16T20:00,11.2,8.0,0.0,0.0,4.6,5.53,100,20
2025-10-16T21:00,10.7,6.9,0.0,0.0,2.5,4.85,100,16
2025-10-16T22:00,10.3,6.2,0.0,0.0,2.1,4.05,100,30
2025-10-16T23:00,10.1,6.0,0.0,0.0,2.7,3.51,100,27
2025-10-17T00:00,8.5,6.5,0.0,0.0,3.0,3.83,100,60
2025-10-17T01:00,8.5,6.4,0.0,0.0,1.0,3.9,100,44
2025-10-17T02:00,8.5,6.5,0.0,0.0,1.5,4.19,100,94
2025-10-17T03:00,8.3,6.7,0.0,0.0,2.1,4.24,100,39
2025-10-17T04:00,8.4,6.2,0.0,0.0,1.5,3.66,95,28
2025-10-17T05:00,7.9,5.5,0.0,0.0,1.1,3.0,100,35
2025-10-17T06:00,8.9,7.4,6.0,21.0,0.5,2.67,100,57
2025-10-17T07:00,9.1,9.1,25.0,139.0,0.5,2.33,100,47
2025-10-17T08:00,9.8,10.5,71.0,216.0,0.6,1.68,100,80
2025-10-17T09:00,10.6,12.1,207.0,338.0,2.1,2.56,100,16
2025-10-17T10:00,11.5,13.6,283.0,463.0,1.8,4.16,77,11
2025-10-17T11:00,13.1,14.2,464.0,415.0,2.4,5.16,12,49
2025-10-17T12:00,13.9,14.3,352.0,428.0,4.8,5.41,2,17
2025-10-17T13:00,14.8,13.8,392.0,293.0,4.8,6.0,0,62
2025-10-17T14:00,14.6,13.4,190.0,188.0,4.1,5.42,100,28
2025-10-17T15:00,13.9,12.7,17.0,112.0,3.3,5.39,100,15
2025-10-17T16:00,12.5,10.7,2.0,14.0,1.6,5.14,100,27
2025-10-17T17:00,11.7,9.3,0.0,0.0,1.7,4.66,100,48
2025-10-17T18:00,11.8,9.2,0.0,0.0,1.7,5.06,100,70
2025-10-17T19:00,11.4,8.8,0.0,0.0,1.4,4.94,100,76
2025-10-17T20:00,11.1,7.8,0.0,0.0,0.6,4.44,100,55
2025-10-17T21:00,11.2,7.3,0.0,0.0,1.3,3.94,100,38
2025-10-17T22:00,10.4,7.1,0.0,0.0,1.3,3.32,30,28
2025-10-17T23:00,9.3,6.5,0.0,0.0,1.1,2.85,0,19
2025-10-18T00:00,8.6,5.6,0.0,0.0,0.2,2.64,70,3
2025-10-18T01:00,7.9,5.0,0.0,0.0,1.1,1.95,95,32
2025-10-18T02:00,7.4,5.1,0.0,0.0,1.0,1.16,0,71
2025-10-18T03:00,7.4,4.8,0.0,0.0,1.4,0.68,24,82
2025-10-18T04:00,7.3,4.1,0.0,0.0,0.4,1.01,99,98
2025-10-18T05:00,6.7,3.6,0.0,0.0,1.2,0.97,3,100
2025-10-18T06:00,6.5,4.8,45.0,30.0,2.1,1.52,24,80
2025-10-18T07:00,6.8,6.2,47.0,139.0,3.6,1.31,100,89
2025-10-18T08:00,8.1,8.2,117.0,216.0,1.8,0.64,100,100
2025-10-18T09:00,10.2,9.8,358.0,194.0,2.2,0.51,0,74
2025-10-18T10:00,11.5,11.3,353.0,251.0,4.6,2.49,100,99
2025-10-18T11:00,11.7,10.8,128.0,134.0,4.6,3.0,100,95
2025-10-18T12:00,12.0,10.2,145.0,231.0,7.3,4.45,2,36
2025-10-18T13:00,11.7,11.4,400.0,344.0,7.5,7.53,0,6
2025-10-18T14:00,11.2,10.5,281.0,266.0,5.7,7.21,0,1
2025-10-18T15:00,10.6,9.2,134.0,132.0,4.6,6.72,4,2
2025-10-18T16:00,8.9,7.7,16.0,15.0,3.3,6.61,56,13
2025-10-18T17:00,7.7,7.1,0.0,0.0,1.5,6.15,0,68
2025-10-18T18:00,7.2,6.6,0.0,0.0,2.2,7.0,0,39
2025-10-18T19:00,6.7,6.5,0.0,0.0,2.1,6.74,0,2
2025-10-18T20:00,6.8,5.6,0.0,0.0,2.5,5.67,60,41
2025-10-18T21:00,5.5,5.0,0.0,0.0,3.7,5.19,0,66
2025-10-18T22:00,5.1,5.8,0.0,0.0,5.1,5.13,0,7
2025-10-18T23:00,5.5,4.3,0.0,0.0,6.2,4.44,100,3
2025-10-19T00:00,5.3,5.7,0.0,0.0,5.6,4.97,4,10
2025-10-19T01:00,5.6,3.5,0.0,0.0,5.8,4.49,96,3
2025-10-19T02:00,5.7,2.8,0.0,0.0,6.7,4.13,0,4
2025-10-19T03:00,5.5,2.5,0.0,0.0,6.5,3.77,0,7
2025-10-19T04:00,5.3,2.2,0.0,0.0,7.3,3.68,0,5
2025-10-19T05:00,4.7,1.8,0.0,0.0,6.0,4.65,0,5
2025-10-19T06:00,5.1,4.5,44.0,40.0,6.7,5.4,0,4
2025-10-19T07:00,6.3,6.9,181.0,177.0,4.0,5.07,0,2
2025-10-19T08:00,8.0,8.4,323.0,319.0,4.9,4.97,0,6
2025-10-19T09:00,9.1,9.6,421.0,422.0,3.7,4.32,6,11
2025-10-19T10:00,9.8,10.6,450.0,459.0,3.5,3.44,75,60
2025-10-19T11:00,10.1,10.9,356.0,298.0,3.9,2.2,74,100
2025-10-19T12:00,10.4,11.3,353.0,289.0,3.2,2.28,87,91
2025-10-19T13:00,10.8,10.4,343.0,253.0,3.9,4.85,0,84
2025-10-19T14:00,10.6,9.8,272.0,189.0,4.7,5.21,0,6
2025-10-19T15:00,10.0,8.4,128.0,106.0,3.6,3.74,2,2
2025-10-19T16:00,8.8,6.7,14.0,11.0,1.9,5.2,86,18
2025-10-19T17:00,7.1,5.6,0.0,0.0,4.9,3.51,1,23
2025-10-19T18:00,6.0,4.0,0.0,0.0,2.8,2.56,0,54
2025-10-19T19:00,5.1,3.0,0.0,0.0,2.7,2.79,0,44
2025-10-19T20:00,4.6,1.9,0.0,0.0,3.0,2.42,0,65
2025-10-19T21:00,4.1,1.5,0.0,0.0,1.3,2.33,0,31
2025-10-19T22:00,3.6,0.8,0.0,0.0,1.4,2.08,0,48
2025-10-19T23:00,3.1,0.6,0.0,0.0,1.9,2.09,0,81
2025-10-20T00:00,2.8,0.1,0.0,0.0,1.0,1.63,0,0
2025-10-20T01:00,2.5,-0.2,0.0,0.0,1.4,1.39,0,0
2025-10-20T02:00,2.4,-0.6,0.0,0.0,1.4,1.01,0,0
2025-10-20T03:00,2.4,-0.9,0.0,0.0,1.5,0.9,0,0
2025-10-20T04:00,2.1,-1.1,0.0,0.0,1.5,1.08,0,0
2025-10-20T05:00,2.4,-1.4,0.0,0.0,0.9,1.0,0,0
2025-10-20T06:00,2.7,0.4,41.0,38.0,1.8,1.03,0,0
2025-10-20T07:00,4.5,3.6,174.0,173.0,1.3,1.05,0,0
2025-10-20T08:00,6.5,6.2,313.0,315.0,1.1,0.87,0,0
2025-10-20T09:00,8.3,7.9,424.0,427.0,3.0,1.55,0,0
2025-10-20T10:00,9.5,9.4,492.0,495.0,3.7,2.38,0,0
2025-10-20T11:00,10.5,10.4,511.0,513.0,3.8,3.15,0,0
2025-10-20T12:00,11.2,10.7,477.0,473.0,3.6,3.13,0,1
2025-10-20T13:00,11.6,10.8,393.0,383.0,4.4,2.92,0,2
2025-10-20T14:00,11.5,10.4,272.0,266.0,4.1,2.97,0,4
2025-10-20T15:00,10.8,8.3,126.0,122.0,3.7,3.34,0,0
2025-10-20T16:00,8.9,5.7,13.0,12.0,5.5,3.62,0,0
2025-10-20T17:00,7.1,4.5,0.0,0.0,7.0,3.4,0,0
2025-10-20T18:00,6.5,3.9,0.0,0.0,3.6,3.25,0,0
2025-10-20T19:00,5.4,3.5,0.0,0.0,3.1,3.22,0,0
2025-10-20T20:00,4.8,3.1,0.0,0.0,3.4,2.77,0,0
2025-10-20T21:00,3.9,2.6,0.0,0.0,2.6,2.17,0,0
2025-10-20T22:00,3.6,2.1,0.0,0.0,1.6,1.63,0,12
2025-10-20T23:00,3.5,1.5,0.0,0.0,0.5,1.61,0,14
2025-10-21T00:00,3.1,0.6,0.0,0.0,1.3,1.29,0,0
2025-10-21T01:00,3.0,0.1,0.0,0.0,1.8,1.87,0,2
2025-10-21T02:00,2.8,-0.1,0.0,0.0,3.4,2.6,0,55
2025-10-21T03:00,3.3,0.6,0.0,0.0,4.1,2.31,0,80
2025-10-21T04:00,2.7,0.2,0.0,0.0,1.1,2.36,1,5
2025-10-21T05:00,3.2,-0.7,0.0,0.0,1.3,2.46,0,2
2025-10-21T06:00,3.3,0.4,34.0,35.0,2.5,2.21,83,10
2025-10-21T07:00,4.8,3.4,68.0,153.0,4.3,1.92,100,98
2025-10-21T08:00,5.4,5.2,51.0,179.0,1.7,1.95,100,100
2025-10-21T09:00,6.4,7.0,57.0,218.0,2.1,0.91,100,100
2025-10-21T10:00,6.9,7.8,68.0,152.0,2.1,0.64,100,100
2025-10-21T11:00,7.6,8.6,90.0,154.0,2.4,0.96,100,100
2025-10-21T12:00,7.5,8.9,62.0,221.0,3.1,1.6,100,100
2025-10-21T13:00,7.1,8.5,50.0,117.0,4.3,0.94,100,100
2025-10-21T14:00,6.4,8.2,14.0,82.0,3.9,0.54,100,100
2025-10-21T15:00,6.0,7.8,5.0,41.0,3.4,1.15,100,98
2025-10-21T16:00,6.1,6.7,1.0,5.0,3.0,1.27,100,99
2025-10-21T17:00,6.1,6.4,0.0,0.0,3.9,1.71,100,97
2025-10-21T18:00,7.3,6.1,0.0,0.0,3.9,0.89,100,100
2025-10-21T19:00,7.2,6.2,0.0,0.0,3.9,0.99,100,100
2025-10-21T20:00,7.2,6.2,0.0,0.0,3.8,1.13,100,100
2025-10-21T21:00,6.8,6.2,0.0,0.0,2.5,1.17,100,100
2025-10-21T22:00,7.0,6.1,0.0,0.0,2.1,1.15,100,100
2025-10-21T23:00,7.0,6.2,0.0,0.0,2.8,1.43,100,100
2025-10-22T00:00,7.1,5.6,0.0,0.0,1.6,1.79,100,67
2025-10-22T01:00,7.0,5.4,0.0,0.0,1.5,1.64,100,86
2025-10-22T02:00,6.9,5.3,0.0,0.0,0.6,1.37,100,73
2025-10-22T03:00,6.9,5.1,0.0,0.0,1.5,1.42,100,98
2025-10-22T04:00,6.9,5.6,0.0,0.0,1.5,1.42,100,100
2025-10-22T05:00,7.0,5.7,0.0,0.0,2.0,1.84,100,100
2025-10-22T06:00,6.7,4.1,4.0,12.0,1.4,1.54,100,100
2025-10-22T07:00,7.6,4.9,22.0,36.0,0.5,1.21,100,100
2025-10-22T08:00,9.2,5.9,130.0,74.0,1.7,0.96,100,100
2025-10-22T09:00,9.8,7.3,152.0,120.0,0.9,0.92,100,100
2025-10-22T10:00,10.9,9.5,210.0,262.0,1.1,0.76,99,63
2025-10-22T11:00,12.1,11.0,256.0,312.0,2.2,0.85,64,29
2025-10-22T12:00,13.6,14.7,304.0,422.0,2.4,2.76,46,88
2025-10-22T13:00,14.1,14.9,337.0,304.0,2.7,3.52,1,71
2025-10-22T14:00,13.9,14.3,226.0,210.0,2.5,4.27,73,66
2025-10-22T15:00,12.3,11.7,86.0,96.0,1.5,3.4,55,9
2025-10-22T16:00,11.0,9.8,8.0,7.0,1.2,2.38,4,69
2025-10-22T17:00,9.8,8.7,0.0,0.0,0.8,1.88,2,89
2025-10-22T18:00,8.5,7.7,0.0,0.0,0.3,1.45,2,37
2025-10-22T19:00,7.8,7.0,0.0,0.0,1.7,1.15,88,93
2025-10-22T20:00,7.6,6.7,0.0,0.0,3.2,1.38,65,99
2025-10-22T21:00,8.7,6.2,0.0,0.0,2.5,1.42,100,94
2025-10-22T22:00,9.4,6.4,0.0,0.0,2.5,1.39,100,92
2025-10-22T23:00,9.4,5.7,0.0,0.0,0.4,1.18,100,34
2025-10-23T00:00,8.8,4.7,0.0,0.0,1.5,1.32,100,76
2025-10-23T01:00,8.6,3.7,0.0,0.0,1.4,1.2,100,98
2025-10-23T02:00,9.1,3.4,0.0,0.0,2.4,1.59,100,98
2025-10-23T03:00,9.5,3.0,0.0,0.0,1.6,1.88,100,84
2025-10-23T04:00,9.4,3.0,0.0,0.0,1.7,1.77,100,99
2025-10-23T05:00,9.9,3.7,0.0,0.0,3.5,1.95,100,100
2025-10-23T06:00,10.0,4.4,2.0,9.0,3.3,1.99,100,100
2025-10-23T07:00,10.1,5.6,25.0,37.0,2.2,2.24,75,100
2025-10-23T08:00,10.4,6.5,100.0,34.0,1.8,2.21,100,100
2025-10-23T09:00,10.7,7.9,28.0,66.0,2.5,2.23,100,100
2025-10-23T10:00,10.6,9.0,37.0,82.0,2.8,2.35,100,100
2025-10-23T11:00,10.6,11.0,20.0,159.0,2.6,2.96,100,100
2025-10-23T12:00,10.6,14.7,15.0,233.0,2.6,5.11,100,97
2025-10-23T13:00,10.7,15.2,23.0,179.0,4.3,5.06,100,100
2025-10-23T14:00,11.0,15.2,5.0,117.0,2.0,4.77,100,100
2025-10-23T15:00,10.9,14.1,8.0,66.0,2.6,5.2,100,68
2025-10-23T16:00,11.3,12.3,1.0,5.0,1.7,5.35,100,67
2025-10-23T17:00,11.3,12.9,0.0,0.0,2.9,6.53,100,62
2025-10-23T18:00,10.9,13.4,0.0,0.0,4.3,6.6,100,73
2025-10-23T19:00,11.8,13.2,0.0,0.0,4.8,5.97,100,62
2025-10-23T20:00,12.9,12.1,0.0,0.0,7.7,5.73,100,66
2025-10-23T21:00,13.0,11.8,0.0,0.0,6.7,5.35,100,77
2025-10-23T22:00,12.9,11.9,0.0,0.0,5.0,4.06,100,84
2025-10-23T23:00,12.8,11.6,0.0,0.0,6.0,2.98,100,100
2025-10-24T00:00,13.4,10.9,0.0,0.0,5.6,4.49,100,100
2025-10-24T01:00,13.2,11.1,0.0,0.0,6.4,4.68,100,99
2025-10-24T02:00,12.9,11.5,0.0,0.0,8.7,5.69,100,100
2025-10-24T03:00,12.6,11.2,0.0,0.0,9.3,6.47,100,100
2025-10-24T04:00,12.4,11.1,0.0,0.0,7.8,7.22,100,100
2025-10-24T05:00,12.8,11.1,0.0,0.0,7.9,8.34,100,100
2025-10-24T06:00,13.0,10.9,0.0,3.0,7.4,6.05,100,100
2025-10-24T07:00,11.5,11.1,2.0,14.0,3.1,5.51,100,100
2025-10-24T08:00,10.4,12.3,11.0,49.0,4.5,5.68,100,100
2025-10-24T09:00,10.3,12.5,28.0,71.0,3.2,7.13,100,100
2025-10-24T10:00,11.2,11.1,116.0,109.0,3.9,5.08,83,100
2025-10-24T11:00,11.8,11.2,193.0,169.0,4.7,5.57,100,100
2025-10-24T12:00,10.5,9.1,48.0,31.0,4.6,5.37,100,100
2025-10-24T13:00,11.7,8.7,198.0,19.0,3.5,5.65,67,100
2025-10-24T14:00,12.2,8.7,109.0,34.0,1.6,4.18,100,100
2025-10-24T15:00,11.5,8.5,29.0,24.0,0.7,4.16,13,100
2025-10-24T16:00,10.7,7.9,6.0,3.0,8.4,4.44,6,100
2025-10-24T17:00,9.8,7.6,0.0,0.0,9.2,4.99,4,34
2025-10-24T18:00,8.6,7.0,0.0,0.0,7.1,5.42,0,42
2025-10-24T19:00,7.3,6.5,0.0,0.0,1.6,5.94,0,63
2025-10-24T20:00,6.5,6.0,0.0,0.0,3.7,5.54,0,69
2025-10-24T21:00,7.0,5.2,0.0,0.0,5.7,4.81,5,73
2025-10-24T22:00,6.6,4.8,0.0,0.0,5.4,2.43,77,90
2025-10-24T23:00,6.4,5.6,0.0,0.0,2.7,0.35,25,98
2025-10-25T00:00,6.4,4.5,0.0,0.0,1.5,3.06,100,20
2025-10-25T01:00,5.7,3.8,0.0,0.0,4.3,3.72,16,27
2025-10-25T02:00,4.8,3.9,0.0,0.0,3.2,4.53,0,12
2025-10-25T03:00,3.9,2.9,0.0,0.0,5.6,4.2,0,1
2025-10-25T04:00,3.3,2.4,0.0,0.0,4.3,4.13,0,0
2025-10-25T05:00,3.1,2.1,0.0,0.0,4.4,4.35,0,0
2025-10-25T06:00,3.2,2.7,27.0,26.0,5.0,5.3,23,58
2025-10-25T07:00,4.5,4.4,138.0,143.0,4.4,6.21,68,91
2025-10-25T08:00,5.9,6.7,237.0,276.0,4.2,5.22,100,61
2025-10-25T09:00,7.9,8.8,259.0,382.0,5.7,6.31,100,66
2025-10-25T10:00,8.8,10.2,222.0,424.0,7.0,6.06,100,97
2025-10-25T11:00,9.7,11.1,286.0,403.0,8.7,6.37,99,98
2025-10-25T12:00,11.1,11.4,424.0,284.0,9.7,6.04,15,91
2025-10-25T13:00,11.3,12.1,336.0,261.0,8.8,6.51,5,65
2025-10-25T14:00,11.3,11.4,228.0,127.0,6.8,7.72,21,33
2025-10-25T15:00,10.3,10.3,85.0,78.0,8.0,6.37,16,100
2025-10-25T16:00,9.5,10.0,5.0,3.0,8.3,8.45,100,100
2025-10-25T17:00,9.5,8.7,0.0,0.0,7.8,6.25,100,99
2025-10-25T18:00,8.9,8.5,0.0,0.0,6.4,5.05,100,100
2025-10-25T19:00,8.9,7.7,0.0,0.0,5.3,3.65,100,100
2025-10-25T20:00,9.0,6.8,0.0,0.0,5.2,4.05,100,87
2025-10-25T21:00,8.5,6.1,0.0,0.0,4.1,4.35,100,27
2025-10-25T22:00,8.4,5.2,0.0,0.0,3.2,4.26,100,38
2025-10-25T23:00,7.7,4.7,0.0,0.0,0.5,3.26,100,88
2025-10-26T00:00,8.4,5.0,0.0,0.0,6.5,4.83,100,55
2025-10-26T01:00,8.6,4.9,0.0,0.0,5.7,4.97,100,17
2025-10-26T02:00,8.3,4.5,0.0,0.0,7.4,5.27,0,86
2025-10-26T03:00,6.6,3.8,0.0,0.0,4.8,4.25,43,78
2025-10-26T04:00,5.8,4.3,0.0,0.0,1.9,4.32,2,37
2025-10-26T05:00,5.5,4.3,0.0,0.0,3.1,5.17,85,20
2025-10-26T06:00,6.3,4.5,23.0,23.0,4.5,3.97,7,21
2025-10-26T07:00,7.6,6.2,134.0,131.0,5.3,2.58,98,30
2025-10-26T08:00,8.8,7.7,192.0,250.0,4.7,2.72,100,84
2025-10-26T09:00,8.7,8.9,181.0,287.0,3.3,2.46,100,41
2025-10-26T10:00,9.4,9.9,222.0,311.0,4.1,2.69,100,41
2025-10-26T11:00,10.1,10.9,349.0,333.0,5.6,3.86,91,53
2025-10-26T12:00,10.3,12.1,271.0,295.0,5.1,4.17,99,100
2025-10-26T13:00,11.0,12.4,214.0,215.0,5.6,4.43,60,94
2025-10-26T14:00,11.6,12.1,170.0,100.0,6.2,5.12,60,10
2025-10-26T15:00,11.2,10.6,69.0,85.0,6.3,6.3,100,5
2025-10-26T16:00,10.7,9.1,1.0,4.0,6.8,6.92,48,11
2025-10-26T17:00,10.1,8.3,0.0,0.0,7.1,6.77,33,95
2025-10-26T18:00,9.8,8.0,0.0,0.0,6.8,6.49,100,99
2025-10-26T19:00,8.8,7.4,0.0,0.0,6.5,4.53,13,100
2025-10-26T20:00,7.8,6.8,0.0,0.0,6.6,4.31,0,100
2025-10-26T21:00,8.1,6.0,0.0,0.0,8.8,4.11,5,98
2025-10-26T22:00,7.1,5.4,0.0,0.0,6.2,2.64,0,100
2025-10-26T23:00,6.7,4.7,0.0,0.0,2.3,2.24,28,23
2025-10-27T00:00,5.3,3.2,0.0,0.0,1.1,3.67,16,4
2025-10-27T01:00,4.8,3.1,0.0,0.0,4.1,2.48,3,84
2025-10-27T02:00,4.4,2.7,0.0,0.0,1.7,2.57,0,9
2025-10-27T03:00,3.2,2.5,0.0,0.0,3.4,1.92,1,9
2025-10-27T04:00,2.8,2.0,0.0,0.0,4.3,1.79,0,0
2025-10-27T05:00,2.6,1.2,0.0,0.0,4.9,2.26,0,0
2025-10-27T06:00,3.1,1.9,24.0,21.0,4.3,4.35,0,18
2025-10-27T07:00,4.1,4.1,143.0,143.0,4.7,5.34,0,34
2025-10-27T08:00,5.3,6.3,279.0,275.0,4.0,5.33,0,98
2025-10-27T09:00,7.0,7.8,369.0,312.0,4.8,6.65,61,85
2025-10-27T10:00,7.4,9.0,266.0,336.0,6.3,7.49,100,89
2025-10-27T11:00,7.7,10.0,274.0,437.0,8.2,9.55,89,39
2025-10-27T12:00,8.8,9.4,435.0,369.0,6.7,9.46,0,98
2025-10-27T13:00,9.8,8.8,348.0,270.0,10.6,8.66,4,100
2025-10-27T14:00,9.2,8.1,206.0,92.0,10.3,8.17,87,100
2025-10-27T15:00,8.8,7.9,47.0,27.0,7.8,5.93,97,100
2025-10-27T16:00,8.7,7.5,3.0,1.0,9.1,7.25,100,100
2025-10-27T17:00,8.1,7.0,0.0,0.0,8.5,7.27,100,100
2025-10-27T18:00,7.3,6.9,0.0,0.0,8.5,9.41,100,100
2025-10-27T19:00,6.9,6.8,0.0,0.0,6.8,9.9,100,100
2025-10-27T20:00,7.1,6.8,0.0,0.0,8.1,8.88,100,94
2025-10-27T21:00,6.5,6.4,0.0,0.0,8.1,8.53,100,95
2025-10-27T22:00,6.0,6.4,0.0,0.0,6.7,8.41,27,100
2025-10-27T23:00,5.5,6.3,0.0,0.0,8.4,6.44,100,51
2025-10-28T00:00,5.6,5.7,0.0,0.0,7.6,6.93,17,14
2025-10-28T01:00,5.5,5.0,0.0,0.0,7.8,6.26,100,100
2025-10-28T02:00,5.5,4.9,0.0,0.0,6.9,6.94,100,100
2025-10-28T03:00,5.7,5.0,0.0,0.0,4.7,5.95,100,100
2025-10-28T04:00,5.4,5.1,0.0,0.0,4.0,5.04,98,98
2025-10-28T05:00,5.7,4.7,0.0,0.0,3.3,3.82,100,98
2025-10-28T06:00,4.6,4.7,17.0,9.0,3.9,2.57,94,100
2025-10-28T07:00,5.2,5.4,122.0,47.0,3.2,2.31,49,100
2025-10-28T08:00,6.6,6.7,263.0,129.0,4.2,2.62,0,55
2025-10-28T09:00,7.9,9.0,377.0,343.0,4.3,2.57,36,27
2025-10-28T10:00,9.3,10.7,287.0,377.0,3.3,2.66,0,41
2025-10-28T11:00,11.3,11.6,451.0,346.0,3.8,3.34,31,70
2025-10-28T12:00,11.6,11.9,395.0,323.0,7.7,4.65,72,35
2025-10-28T13:00,11.5,12.0,289.0,288.0,7.5,4.42,1,73
2025-10-28T14:00,11.3,10.7,217.0,188.0,8.0,4.67,0,28
2025-10-28T15:00,9.8,9.1,85.0,73.0,9.1,5.47,1,18
2025-10-28T16:00,9.1,8.0,3.0,3.0,9.8,8.36,93,100
2025-10-28T17:00,8.7,7.4,0.0,0.0,7.7,7.63,100,100
2025-10-28T18:00,8.2,7.4,0.0,0.0,7.6,7.52,100,100
2025-10-28T19:00,8.1,7.5,0.0,0.0,8.6,8.23,100,100
2025-10-28T20:00,8.2,7.4,0.0,-1.0,9.6,8.48,100,100
2025-10-28T21:00,8.2,6.9,0.0,0.0,9.7,8.65,100,100
2025-10-28T22:00,7.9,6.2,0.0,0.0,8.1,8.38,100,98
2025-10-28T23:00,7.9,6.0,0.0,0.0,6.4,8.18,100,81
2025-10-29T00:00,7.6,6.4,0.0,0.0,5.6,8.42,100,45
2025-10-29T01:00,7.3,6.3,0.0,0.0,6.3,8.11,100,33
2025-10-29T02:00,6.8,6.2,0.0,0.0,6.7,7.69,0,23
2025-10-29T03:00,6.6,6.1,0.0,0.0,6.0,7.18,3,15
2025-10-29T04:00,6.2,5.6,0.0,0.0,5.1,6.64,98,9
2025-10-29T05:00,6.9,5.2,0.0,0.0,4.9,6.13,100,5
2025-10-29T06:00,6.4,5.6,18.0,16.0,4.7,5.5,0,25
2025-10-29T07:00,7.5,6.9,125.0,118.0,3.9,5.49,100,57
2025-10-29T08:00,8.8,8.6,179.0,241.0,2.5,3.67,0,37
2025-10-29T09:00,10.4,10.7,364.0,353.0,3.8,4.0,0,19
2025-10-29T10:00,12.3,12.4,430.0,421.0,5.5,5.19,3,13
2025-10-29T11:00,13.8,13.5,439.0,440.0,6.1,6.31,0,9
2025-10-29T12:00,14.1,14.3,405.0,411.0,7.1,6.51,3,9
2025-10-29T13:00,14.2,14.4,326.0,322.0,6.6,6.44,9,31
2025-10-29T14:00,14.1,14.0,209.0,207.0,6.4,6.03,1,0
2025-10-29T15:00,13.5,12.2,78.0,76.0,6.2,5.95,10,3
2025-10-29T16:00,12.2,10.4,2.0,2.0,5.7,5.97,0,17
2025-10-29T17:00,10.8,9.5,0.0,0.0,5.7,6.39,0,0
2025-10-29T18:00,9.9,8.7,0.0,0.0,6.8,6.2,0,97
2025-10-29T19:00,8.7,9.8,0.0,0.0,4.7,5.34,0,100
2025-10-29T20:00,9.1,9.8,0.0,0.0,4.9,5.39,100,88
2025-10-29T21:00,8.8,9.1,0.0,0.0,2.3,5.45,100,100
2025-10-29T22:00,9.6,10.1,0.0,0.0,3.5,5.09,99,100
2025-10-29T23:00,10.2,10.3,0.0,0.0,3.9,5.22,100,100
2025-10-30T00:00,10.3,10.4,0.0,0.0,3.9,5.29,100,87
2025-10-30T01:00,10.3,8.9,0.0,0.0,4.9,5.13,99,44
2025-10-30T02:00,9.5,7.7,0.0,0.0,6.1,5.07,100,94
2025-10-30T03:00,9.3,6.7,0.0,0.0,6.2,5.35,91,82
2025-10-30T04:00,8.8,6.3,0.0,0.0,6.5,5.48,100,100
2025-10-30T05:00,9.1,7.3,0.0,0.0,5.3,6.51,100,100
2025-10-30T06:00,8.3,7.8,11.0,10.0,4.8,7.03,100,100
2025-10-30T07:00,8.5,9.4,83.0,51.0,5.6,7.39,98,100
2025-10-30T08:00,9.4,10.4,126.0,71.0,4.9,7.87,100,100
2025-10-30T09:00,10.1,10.9,89.0,89.0,3.2,8.43,100,100
2025-10-30T10:00,11.3,11.7,118.0,113.0,2.9,6.7,100,100
2025-10-30T11:00,13.9,13.0,258.0,162.0,4.7,6.49,99,100
2025-10-30T12:00,14.8,14.5,348.0,173.0,6.1,7.95,100,100
2025-10-30T13:00,15.2,14.3,290.0,65.0,6.3,8.84,88,100
2025-10-30T14:00,15.1,14.3,99.0,41.0,5.6,8.32,100,100
2025-10-30T15:00,15.5,14.0,6.0,20.0,6.9,7.95,100,100
2025-10-30T16:00,15.1,13.5,0.0,0.0,6.1,7.45,100,63
2025-10-30T17:00,14.1,12.5,0.0,0.0,5.5,6.81,0,66
2025-10-30T18:00,12.9,12.2,0.0,0.0,9.1,7.79,0,0
2025-10-30T19:00,12.0,11.0,0.0,0.0,6.6,7.0,0,0
2025-10-30T20:00,10.8,8.6,0.0,0.0,4.9,5.03,0,0
2025-10-30T21:00,9.2,6.9,0.0,0.0,1.3,3.7,0,0
2025-10-30T22:00,8.5,5.5,0.0,0.0,1.1,1.55,0,1
2025-10-30T23:00,7.7,5.3,0.0,0.0,3.3,2.29,0,0
2025-10-31T00:00,6.1,4.6,0.0,0.0,1.8,0.71,99,5
2025-10-31T01:00,5.8,3.3,0.0,0.0,3.1,0.62,98,93
2025-10-31T02:00,5.8,2.7,0.0,0.0,6.1,0.34,87,99
2025-10-31T03:00,5.2,2.6,0.0,0.0,6.0,0.3,85,98
2025-10-31T04:00,5.4,2.1,0.0,0.0,5.6,0.72,24,99
2025-10-31T05:00,5.2,2.1,0.0,0.0,1.7,1.37,98,84
2025-10-31T06:00,4.8,1.9,16.0,14.0,3.2,0.81,4,93
2025-10-31T07:00,6.6,4.2,128.0,110.0,3.4,0.32,0,30
2025-10-31T08:00,8.7,7.0,264.0,248.0,2.7,0.57,0,27
2025-10-31T09:00,10.1,9.2,371.0,353.0,3.2,0.21,1,17
2025-10-31T10:00,11.3,10.7,440.0,427.0,3.6,1.44,4,57
2025-10-31T11:00,12.6,11.6,455.0,446.0,3.8,1.72,2,59
2025-10-31T12:00,13.6,12.7,415.0,414.0,2.9,1.17,1,1
2025-10-31T13:00,14.0,12.7,331.0,328.0,1.8,1.15,1,1
2025-10-31T14:00,14.0,11.8,209.0,207.0,1.5,1.48,0,11
2025-10-31T15:00,13.0,9.2,74.0,72.0,1.2,1.3,92,68
2025-10-31T16:00,11.6,7.7,1.0,1.0,2.6,0.97,19,40
2025-10-31T17:00,9.5,6.4,0.0,0.0,4.8,0.27,0,88
2025-10-31T18:00,8.3,6.3,0.0,0.0,2.0,0.78,23,0
2025-10-31T19:00,7.5,5.3,0.0,0.0,1.3,0.67,38,0
2025-10-31T20:00,7.2,4.6,0.0,0.0,1.0,0.7,9,1
2025-10-31T21:00,6.7,4.0,0.0,0.0,0.6,0.67,3,0
2025-10-31T22:00,6.5,3.4,0.0,0.0,1.4,0.71,0,0
2025-10-31T23:00,6.1,3.0,0.0,0.0,2.5,0.54,7,0
2025-11-01T00:00,5.3,3.3,0.0,0.0,2.0,0.91,97,73
2025-11-01T01:00,5.4,3.9,0.0,0.0,2.6,1.12,9,97
2025-11-01T02:00,5.5,4.6,0.0,0.0,2.5,1.36,100,100
2025-11-01T03:00,5.7,5.2,0.0,0.0,3.0,1.2,76,100
2025-11-01T04:00,5.5,5.4,0.0,0.0,3.7,1.01,100,100
2025-11-01T05:00,5.4,5.6,0.0,0.0,3.0,1.1,100,100
2025-11-01T06:00,7.4,5.1,6.0,9.0,0.6,1.25,100,100
2025-11-01T07:00,8.5,6.8,41.0,81.0,1.3,1.45,100,100
2025-11-01T08:00,9.6,9.2,59.0,183.0,1.3,1.78,100,100
2025-11-01T09:00,11.5,11.4,176.0,266.0,1.6,0.75,100,98
2025-11-01T10:00,13.3,13.3,289.0,379.0,1.6,0.97,33,84
2025-11-01T11:00,14.7,14.5,368.0,408.0,2.2,1.52,30,100
2025-11-01T12:00,15.7,13.9,356.0,309.0,2.6,1.48,43,100
2025-11-01T13:00,16.0,14.0,280.0,215.0,2.6,1.82,7,100
2025-11-01T14:00,14.6,13.6,152.0,165.0,4.1,1.96,40,95
2025-11-01T15:00,13.1,11.5,59.0,63.0,5.1,1.37,92,7
2025-11-01T16:00,12.5,9.7,1.0,1.0,3.8,1.45,91,48
2025-11-01T17:00,12.1,8.5,0.0,0.0,2.1,1.46,75,47
2025-11-01T18:00,11.2,7.3,0.0,0.0,2.9,1.41,56,70
2025-11-01T19:00,10.4,6.6,0.0,0.0,2.8,1.31,99,81
2025-11-01T20:00,9.8,6.1,0.0,0.0,1.4,0.99,92,100
2025-11-01T21:00,9.5,5.8,0.0,0.0,0.5,0.86,82,100
2025-11-01T22:00,9.1,5.6,0.0,0.0,0.4,0.57,70,100
2025-11-01T23:00,8.9,5.3,0.0,0.0,0.7,0.89,0,99
2025-11-02T00:00,8.7,5.1,0.0,0.0,0.2,1.03,15,99
2025-11-02T01:00,8.4,4.7,0.0,0.0,0.4,1.59,1,100
2025-11-02T02:00,8.1,4.2,0.0,0.0,1.4,1.52,16,89
2025-11-02T03:00,7.3,3.9,0.0,0.0,2.5,1.95,45,100
2025-11-02T04:00,6.8,3.8,0.0,0.0,3.3,2.04,93,100
2025-11-02T05:00,7.9,3.8,0.0,0.0,4.7,1.97,100,99
2025-11-02T06:00,8.1,5.3,10.0,7.0,1.8,1.52,96,100
2025-11-02T07:00,9.6,7.5,94.0,67.0,1.8,1.68,96,100
2025-11-02T08:00,11.6,10.1,212.0,144.0,2.2,1.71,100,100
2025-11-02T09:00,12.9,12.0,289.0,199.0,2.9,2.62,100,100
2025-11-02T10:00,13.3,13.6,199.0,238.0,4.6,4.33,100,100
2025-11-02T11:00,13.8,14.6,145.0,247.0,3.9,5.11,100,100
2025-11-02T12:00,14.0,15.2,78.0,213.0,4.2,5.14,100,100
2025-11-02T13:00,13.9,15.7,55.0,175.0,4.9,5.03,100,100
2025-11-02T14:00,13.9,15.2,24.0,110.0,4.3,4.48,100,98
2025-11-02T15:00,13.4,13.9,6.0,36.0,2.6,5.06,100,96
2025-11-02T16:00,13.3,12.9,0.0,1.0,3.7,4.89,100,98
2025-11-02T17:00,12.9,11.3,0.0,0.0,3.5,4.01,100,98
2025-11-02T18:00,13.2,11.5,0.0,0.0,0.9,3.32,100,100
2025-11-02T19:00,13.3,11.1,0.0,0.0,1.7,3.65,100,100
2025-11-02T20:00,12.8,10.4,0.0,0.0,2.1,4.14,100,100
2025-11-02T21:00,12.0,10.2,0.0,0.0,0.6,3.99,100,99
2025-11-02T22:00,12.2,10.4,0.0,0.0,2.1,3.46,100,100
2025-11-02T23:00,11.7,10.6,0.0,0.0,3.5,3.15,100,100
2025-11-03T00:00,11.0,9.0,0.0,0.0,3.4,3.33,100,99
2025-11-03T01:00,11.1,8.5,0.0,0.0,4.8,3.08,100,100
2025-11-03T02:00,10.5,6.8,0.0,0.0,3.7,2.27,100,100
2025-11-03T03:00,10.6,6.7,0.0,0.0,3.7,1.9,100,100
2025-11-03T04:00,10.5,7.2,0.0,0.0,3.3,1.4,100,100
2025-11-03T05:00,11.8,7.1,0.0,0.0,5.1,2.42,100,100
2025-11-03T06:00,11.7,6.8,4.0,6.0,3.2,1.18,100,100
2025-11-03T07:00,11.2,7.6,37.0,48.0,2.8,1.88,100,100
2025-11-03T08:00,11.9,9.0,66.0,93.0,1.3,1.18,100,100
2025-11-03T09:00,11.9,10.1,83.0,141.0,3.8,1.15,100,100
2025-11-03T10:00,12.6,10.4,112.0,116.0,1.8,1.05,100,100
2025-11-03T11:00,12.5,10.2,65.0,31.0,3.8,3.93,100,100
2025-11-03T12:00,12.0,11.1,9.0,34.0,2.5,3.6,100,100
2025-11-03T13:00,10.6,9.8,4.0,15.0,8.0,9.65,100,100
2025-11-03T14:00,9.7,9.2,7.0,44.0,10.3,8.03,100,100
2025-11-03T15:00,9.6,8.8,2.0,12.0,10.5,8.34,100,100
2025-11-03T16:00,9.3,9.1,0.0,0.0,10.7,7.67,100,100
2025-11-03T17:00,9.0,9.2,0.0,0.0,10.6,4.9,100,100
2025-11-03T18:00,9.1,8.2,0.0,0.0,8.4,4.05,100,100
2025-11-03T19:00,8.9,8.3,0.0,0.0,6.2,5.24,100,100
2025-11-03T20:00,9.2,8.3,0.0,0.0,4.9,5.38,100,100
2025-11-03T21:00,9.0,8.4,0.0,0.0,5.2,4.9,100,99
2025-11-03T22:00,9.4,8.2,0.0,0.0,4.3,4.65,100,91
2025-11-03T23:00,9.3,8.1,0.0,0.0,2.2,4.68,94,86
2025-11-04T00:00,9.4,8.0,0.0,0.0,2.7,4.21,100,100
2025-11-04T01:00,8.8,9.1,0.0,0.0,1.3,6.09,9,99
2025-11-04T02:00,8.4,8.5,0.0,0.0,1.4,7.34,100,57
2025-11-04T03:00,9.1,7.8,0.0,0.0,2.9,8.13,100,6
2025-11-04T04:00,8.8,6.9,0.0,0.0,4.1,7.76,16,8
2025-11-04T05:00,8.1,6.0,0.0,0.0,3.8,7.35,63,2
2025-11-04T06:00,7.0,4.5,10.0,9.0,6.7,4.19,0,51
2025-11-04T07:00,8.0,6.4,109.0,68.0,6.8,3.9,0,96
2025-11-04T08:00,9.6,7.7,235.0,116.0,5.3,2.36,0,40
2025-11-04T09:00,10.7,9.5,339.0,298.0,3.8,1.03,0,4
2025-11-04T10:00,11.5,10.7,403.0,386.0,1.2,0.47,0,5
2025-11-04T11:00,12.5,11.3,416.0,420.0,2.0,2.14,0,7
2025-11-04T12:00,12.2,10.8,387.0,338.0,1.1,3.79,0,28
2025-11-04T13:00,12.6,11.0,299.0,261.0,1.2,3.61,28,4
2025-11-04T14:00,12.3,10.8,125.0,178.0,1.0,3.49,100,1
2025-11-04T15:00,11.7,8.1,35.0,55.0,2.4,3.89,0,0
2025-11-04T16:00,10.8,7.2,0.0,0.0,2.5,3.75,0,2
2025-11-04T17:00,9.4,6.7,0.0,0.0,2.5,3.13,0,2
2025-11-04T18:00,7.4,6.4,0.0,0.0,0.5,2.42,0,8
2025-11-04T19:00,6.6,5.7,0.0,0.0,2.7,1.71,0,0
2025-11-04T20:00,6.7,5.0,0.0,0.0,4.4,1.03,0,24
2025-11-04T21:00,6.4,4.4,0.0,0.0,2.8,0.74,0,20
2025-11-04T22:00,5.9,3.9,0.0,0.0,3.3,0.29,0,1
2025-11-04T23:00,5.6,3.5,0.0,0.0,4.5,0.18,0,0
2025-11-05T00:00,5.2,2.6,0.0,0.0,4.7,1.17,0,0
2025-11-05T01:00,4.9,2.2,0.0,0.0,5.6,1.38,0,0
2025-11-05T02:00,4.3,1.9,0.0,0.0,5.2,1.32,0,4
2025-11-05T03:00,4.5,1.7,0.0,0.0,4.9,1.36,0,24
2025-11-05T04:00,4.5,1.4,0.0,0.0,5.4,1.25,0,46
2025-11-05T05:00,4.4,1.2,0.0,0.0,6.3,1.34,0,64
2025-11-05T06:00,4.2,1.7,9.0,8.0,4.8,1.96,0,18
2025-11-05T07:00,5.4,4.1,107.0,101.0,4.1,1.6,0,2
2025-11-05T08:00,7.5,7.4,235.0,229.0,3.2,1.05,0,0
2025-11-05T09:00,9.3,9.8,337.0,332.0,0.9,0.16,0,0
2025-11-05T10:00,10.9,11.1,403.0,394.0,0.8,1.05,0,0
2025-11-05T11:00,12.0,11.8,417.0,407.0,1.5,1.5,0,0
2025-11-05T12:00,12.6,12.1,381.0,374.0,1.8,1.11,0,0
2025-11-05T13:00,12.8,12.1,300.0,293.0,1.6,0.78,0,0
2025-11-05T14:00,12.6,11.1,183.0,177.0,1.5,0.86,0,0
2025-11-05T15:00,11.6,8.6,56.0,52.0,1.6,1.15,0,0
2025-11-05T16:00,10.3,7.3,0.0,1.0,1.7,0.46,0,2
2025-11-05T17:00,8.8,6.2,0.0,0.0,1.5,0.15,0,13
2025-11-05T18:00,7.2,5.2,0.0,0.0,0.3,0.43,0,5
2025-11-05T19:00,6.3,4.2,0.0,0.0,1.5,0.92,0,13
2025-11-05T20:00,6.3,3.3,0.0,0.0,3.5,0.86,0,80
2025-11-05T21:00,5.5,3.0,0.0,0.0,2.7,1.17,0,97
2025-11-05T22:00,5.2,2.8,0.0,0.0,5.9,1.2,0,100
2025-11-05T23:00,4.8,2.7,0.0,0.0,4.4,1.3,0,100
2025-11-06T00:00,4.8,2.3,0.0,0.0,2.6,1.42,0,0
2025-11-06T01:00,4.6,2.1,0.0,0.0,2.3,0.96,0,0
2025-11-06T02:00,4.7,2.0,0.0,0.0,1.8,0.87,0,0
2025-11-06T03:00,5.0,1.8,0.0,0.0,2.4,0.92,0,0
2025-11-06T04:00,4.9,1.6,0.0,0.0,2.0,0.9,0,1
2025-11-06T05:00,4.5,1.5,0.0,0.0,1.6,0.83,0,2
2025-11-06T06:00,4.1,2.1,8.0,7.0,2.2,0.96,0,4
2025-11-06T07:00,5.7,4.6,97.0,94.0,3.0,0.97,0,3
2025-11-06T08:00,7.9,7.9,217.0,218.0,2.0,1.08,0,2
2025-11-06T09:00,9.3,10.4,317.0,319.0,1.7,0.68,0,1
2025-11-06T10:00,10.8,11.8,379.0,382.0,1.5,0.99,0,0
2025-11-06T11:00,12.4,12.6,393.0,397.0,2.8,1.18,0,0
2025-11-06T12:00,12.7,12.8,359.0,364.0,2.1,1.6,0,0
2025-11-06T13:00,12.9,12.7,281.0,284.0,0.9,1.7,0,2
2025-11-06T14:00,12.1,11.7,170.0,171.0,3.1,2.28,0,1
2025-11-06T15:00,10.6,8.4,52.0,49.0,5.1,3.36,0,0
2025-11-06T16:00,9.0,6.7,0.0,0.0,4.7,3.25,0,0
2025-11-06T17:00,7.9,5.8,0.0,0.0,3.2,2.24,0,0
2025-11-06T18:00,7.3,4.7,0.0,0.0,0.6,1.64,0,0
2025-11-06T19:00,6.3,4.2,0.0,0.0,1.6,1.31,0,0
2025-11-06T20:00,5.8,3.7,0.0,0.0,3.2,0.85,0,0
2025-11-06T21:00,5.7,3.3,0.0,0.0,3.7,1.0,0,0
2025-11-06T22:00,5.4,3.0,0.0,0.0,1.9,0.98,0,0
2025-11-06T23:00,4.6,2.7,0.0,0.0,1.7,0.9,11,0
2025-11-07T00:00,4.1,2.6,0.0,0.0,2.3,0.67,0,0
2025-11-07T01:00,4.3,2.5,0.0,0.0,2.5,0.3,0,1
2025-11-07T02:00,4.2,2.3,0.0,0.0,2.1,0.2,0,5
2025-11-07T03:00,4.3,2.0,0.0,0.0,0.6,0.65,0,11
2025-11-07T04:00,4.1,1.8,0.0,0.0,1.2,0.8,0,14
2025-11-07T05:00,4.3,1.6,0.0,0.0,1.1,0.96,0,14
2025-11-07T06:00,4.1,1.8,7.0,6.0,2.2,0.89,0,12
2025-11-07T07:00,5.6,3.8,93.0,92.0,1.9,1.65,0,14
2025-11-07T08:00,7.5,6.6,213.0,212.0,1.7,2.19,0,20
2025-11-07T09:00,9.3,9.1,315.0,309.0,1.2,1.98,0,11
2025-11-07T10:00,11.0,11.0,376.0,377.0,1.0,1.25,0,5
2025-11-07T11:00,12.3,12.3,390.0,395.0,0.7,0.85,0,0
2025-11-07T12:00,13.0,13.0,356.0,360.0,0.3,0.39,0,1
2025-11-07T13:00,13.4,13.1,277.0,280.0,0.1,0.28,0,2
2025-11-07T14:00,13.3,12.3,167.0,165.0,0.9,0.64,0,1
2025-11-07T15:00,11.8,10.0,50.0,46.0,1.4,0.84,0,0
2025-11-07T16:00,10.3,8.3,0.0,0.0,2.1,0.92,0,0
2025-11-07T17:00,8.8,6.5,0.0,0.0,3.8,1.52,0,0
2025-11-07T18:00,8.0,5.6,0.0,0.0,4.5,3.12,0,0
2025-11-07T19:00,7.8,5.1,0.0,0.0,6.2,4.0,0,0
2025-11-07T20:00,7.9,4.9,0.0,0.0,7.4,4.58,0,0
2025-11-07T21:00,7.5,4.8,0.0,0.0,6.6,4.78,0,0
2025-11-07T22:00,7.0,4.7,0.0,0.0,6.2,4.93,0,0
2025-11-07T23:00,6.9,4.6,0.0,0.0,7.2,4.94,0,0
2025-11-08T00:00,7.0,3.9,0.0,0.0,6.5,4.67,1,0
2025-11-08T01:00,6.7,3.4,0.0,0.0,5.4,4.11,45,19
2025-11-08T02:00,7.0,3.0,0.0,0.0,5.0,3.4,88,67
2025-11-08T03:00,7.2,3.0,0.0,0.0,5.4,3.4,97,80
2025-11-08T04:00,7.9,3.2,0.0,0.0,4.5,3.4,96,95
2025-11-08T05:00,8.0,3.7,0.0,0.0,4.6,3.15,100,100
2025-11-08T06:00,7.9,4.4,1.0,2.0,3.1,3.15,100,100
2025-11-08T07:00,7.8,4.8,5.0,14.0,2.8,3.22,100,100
2025-11-08T08:00,8.1,5.2,20.0,16.0,2.9,2.62,100,100
2025-11-08T09:00,8.5,6.3,49.0,50.0,3.1,2.53,100,84
2025-11-08T10:00,9.7,8.7,129.0,186.0,1.9,2.41,83,88
2025-11-08T11:00,11.0,10.5,359.0,301.0,2.2,2.31,90,72
2025-11-08T12:00,11.8,11.7,210.0,235.0,1.8,0.92,99,100
2025-11-08T13:00,11.8,11.7,136.0,181.0,1.6,1.04,100,97
2025-11-08T14:00,11.4,11.1,58.0,133.0,2.0,1.23,100,90
2025-11-08T15:00,10.7,9.1,13.0,34.0,1.9,1.86,79,98
2025-11-08T16:00,10.1,7.9,0.0,0.0,3.7,2.1,94,100
2025-11-08T17:00,9.5,7.4,0.0,0.0,4.1,1.8,97,100
2025-11-08T18:00,9.4,7.1,0.0,0.0,4.7,2.04,100,96
2025-11-08T19:00,9.4,7.3,0.0,0.0,6.0,3.19,100,100
2025-11-08T20:00,9.2,6.9,0.0,0.0,5.9,3.61,100,100
2025-11-08T21:00,9.3,7.0,0.0,0.0,6.2,4.2,100,100
2025-11-08T22:00,8.9,7.1,0.0,0.0,6.6,4.5,97,100
2025-11-08T23:00,9.0,6.9,0.0,0.0,6.6,4.75,100,100
2025-11-09T00:00,9.5,6.9,0.0,0.0,6.7,3.59,100,100
2025-11-09T01:00,9.0,6.7,0.0,0.0,5.9,4.59,100,100
2025-11-09T02:00,9.0,6.6,0.0,0.0,6.5,4.39,100,98
2025-11-09T03:00,9.4,6.0,0.0,0.0,6.6,2.91,100,100
2025-11-09T04:00,9.2,6.2,0.0,0.0,4.9,2.91,100,86
2025-11-09T05:00,9.0,6.1,0.0,0.0,1.6,3.02,100,100
2025-11-09T06:00,9.4,5.6,0.0,1.0,5.4,2.74,100,100
2025-11-09T07:00,9.4,5.9,3.0,15.0,5.8,2.62,100,100
2025-11-09T08:00,9.4,6.4,5.0,29.0,5.2,2.33,100,100
2025-11-09T09:00,8.9,7.2,10.0,49.0,1.2,1.84,100,100
2025-11-09T10:00,9.1,8.3,23.0,100.0,0.1,1.15,100,100
2025-11-09T11:00,9.2,8.7,16.0,89.0,1.8,0.85,100,100
2025-11-09T12:00,8.8,8.6,10.0,43.0,2.0,1.08,100,100
2025-11-09T13:00,9.0,8.6,10.0,40.0,2.4,1.5,100,100
2025-11-09T14:00,8.9,8.6,26.0,45.0,2.7,3.03,100,98
2025-11-09T15:00,9.0,8.1,7.0,23.0,4.4,5.04,100,95
2025-11-09T16:00,9.3,8.0,0.0,0.0,4.5,5.76,100,64
2025-11-09T17:00,8.7,7.2,0.0,0.0,4.8,5.8,100,20
2025-11-09T18:00,8.3,7.4,0.0,0.0,4.5,4.09,100,67
2025-11-09T19:00,7.9,6.6,0.0,0.0,3.1,4.05,100,30
2025-11-09T20:00,7.4,5.4,0.0,0.0,2.9,3.94,99,56
2025-11-09T21:00,6.1,4.8,0.0,0.0,4.0,3.62,0,87
2025-11-09T22:00,5.2,4.1,0.0,0.0,2.4,3.11,0,89
2025-11-09T23:00,4.8,3.3,0.0,0.0,3.7,3.2,6,95
2025-11-10T00:00,4.7,1.8,0.0,0.0,5.4,0.88,14,98
2025-11-10T01:00,4.1,1.9,0.0,0.0,5.1,0.6,0,100
2025-11-10T02:00,3.6,2.7,0.0,0.0,4.7,0.67,0,100
2025-11-10T03:00,4.2,2.8,0.0,0.0,4.7,0.63,2,100
2025-11-10T04:00,3.7,2.7,0.0,0.0,3.0,0.78,2,100
2025-11-10T05:00,3.8,2.7,0.0,0.0,2.3,0.68,4,100
2025-11-10T06:00,4.5,2.6,2.0,2.0,2.3,1.1,54,100
2025-11-10T07:00,5.5,3.3,52.0,56.0,2.0,0.43,100,100
2025-11-10T08:00,6.9,4.4,115.0,142.0,1.4,0.35,99,100
2025-11-10T09:00,8.3,6.1,234.0,224.0,2.5,1.27,100,100
2025-11-10T10:00,9.0,7.5,189.0,290.0,2.6,1.89,81,94
2025-11-10T11:00,9.5,8.5,238.0,280.0,3.3,2.48,100,100
2025-11-10T12:00,10.6,9.3,347.0,313.0,4.3,0.81,4,12
2025-11-10T13:00,10.8,9.1,267.0,229.0,3.7,1.21,3,20
2025-11-10T14:00,10.5,8.5,157.0,109.0,3.1,0.74,0,58
2025-11-10T15:00,9.8,7.1,40.0,24.0,2.9,0.74,12,90
2025-11-10T16:00,8.5,7.0,0.0,0.0,3.3,0.38,90,100
2025-11-10T17:00,7.7,6.6,0.0,0.0,3.6,1.41,100,100
2025-11-10T18:00,6.5,4.9,0.0,0.0,3.6,1.82,2,48
2025-11-10T19:00,5.9,4.7,0.0,0.0,3.7,2.19,1,46
2025-11-10T20:00,5.2,3.5,0.0,0.0,3.0,1.45,0,9
2025-11-10T21:00,3.9,2.6,0.0,0.0,3.2,1.7,0,13
2025-11-10T22:00,3.5,2.1,0.0,0.0,2.9,2.17,0,15
2025-11-10T23:00,3.4,1.6,0.0,0.0,2.9,1.89,0,4
2025-11-11T00:00,4.5,0.6,0.0,0.0,4.7,1.75,100,72
2025-11-11T01:00,4.5,0.5,0.0,0.0,5.0,1.85,4,80
2025-11-11T02:00,4.7,0.4,0.0,0.0,5.6,1.83,100,81
2025-11-11T03:00,4.8,0.5,0.0,0.0,6.3,2.1,100,45
2025-11-11T04:00,5.8,0.0,0.0,0.0,7.3,1.87,100,27
2025-11-11T05:00,6.3,0.0,0.0,0.0,6.2,1.19,100,25
2025-11-11T06:00,5.4,-0.5,1.0,3.0,1.4,1.54,100,32
2025-11-11T07:00,5.7,1.6,39.0,73.0,2.3,1.89,91,29
2025-11-11T08:00,6.6,4.1,156.0,188.0,2.9,1.42,22,20
2025-11-11T09:00,6.5,6.5,80.0,292.0,2.6,0.16,100,8
2025-11-11T10:00,7.8,8.7,179.0,359.0,2.3,1.12,99,0
2025-11-11T11:00,9.3,9.7,304.0,377.0,2.9,1.66,2,0
2025-11-11T12:00,9.7,9.8,337.0,340.0,4.1,2.69,92,9
2025-11-11T13:00,9.8,9.7,242.0,229.0,3.7,3.25,4,45
2025-11-11T14:00,9.1,9.1,155.0,93.0,4.2,3.74,0,95
2025-11-11T15:00,8.2,6.9,40.0,28.0,4.9,4.67,0,2
2025-11-11T16:00,6.8,5.8,0.0,0.0,5.1,5.08,0,20
2025-11-11T17:00,5.7,5.0,0.0,0.0,4.3,4.99,45,24
2025-11-11T18:00,6.3,4.5,0.0,0.0,4.2,4.5,100,77
2025-11-11T19:00,5.9,5.2,0.0,0.0,4.1,3.51,100,100
2025-11-11T20:00,5.7,5.2,0.0,0.0,3.8,2.09,100,74
2025-11-11T21:00,5.5,4.8,0.0,0.0,4.3,1.49,100,67
2025-11-11T22:00,5.6,4.6,0.0,0.0,2.9,1.47,100,81
2025-11-11T23:00,5.8,4.6,0.0,0.0,2.6,1.41,100,57
2025-11-12T00:00,5.7,3.4,0.0,0.0,3.0,0.55,100,89
2025-11-12T01:00,5.6,3.1,0.0,0.0,2.4,1.42,100,100
2025-11-12T02:00,5.6,3.2,0.0,0.0,1.0,2.55,100,100
2025-11-12T03:00,5.2,2.9,0.0,0.0,0.3,2.44,99,100
2025-11-12T04:00,4.9,3.1,0.0,0.0,0.4,1.99,100,100
2025-11-12T05:00,4.9,3.1,0.0,0.0,1.0,1.57,100,100
2025-11-12T06:00,4.7,4.0,1.0,1.0,0.9,0.86,100,100
2025-11-12T07:00,4.9,4.4,40.0,53.0,0.8,0.46,100,100
2025-11-12T08:00,5.6,5.4,129.0,127.0,2.3,0.45,100,100
2025-11-12T09:00,6.0,7.0,204.0,257.0,2.6,1.18,100,100
2025-11-12T10:00,7.4,7.7,331.0,223.0,2.0,1.92,2,100
2025-11-12T11:00,8.5,7.8,378.0,179.0,2.2,1.88,0,100
2025-11-12T12:00,8.4,9.1,314.0,245.0,3.1,1.78,65,22
2025-11-12T13:00,8.7,9.3,251.0,199.0,3.4,1.7,0,41
2025-11-12T14:00,8.5,8.7,152.0,123.0,3.5,1.97,1,29
2025-11-12T15:00,7.3,6.9,37.0,31.0,3.2,2.1,6,23
2025-11-12T16:00,6.5,5.2,0.0,0.0,2.8,3.55,4,63
2025-11-12T17:00,5.7,4.9,0.0,0.0,3.4,5.37,2,74
2025-11-12T18:00,5.8,4.0,0.0,0.0,5.0,4.86,100,39
2025-11-12T19:00,5.7,4.3,0.0,0.0,5.1,4.81,100,100
2025-11-12T20:00,5.5,4.3,0.0,0.0,4.8,4.76,100,100
2025-11-12T21:00,4.9,4.4,0.0,0.0,5.0,4.9,100,100
2025-11-12T22:00,4.9,4.2,0.0,0.0,4.6,3.65,100,100
2025-11-12T23:00,4.7,4.0,0.0,0.0,4.7,2.84,100,100
2025-11-13T00:00,4.6,3.8,0.0,0.0,5.2,2.94,100,100
2025-11-13T01:00,4.6,3.8,0.0,0.0,4.5,3.26,100,100
2025-11-13T02:00,4.5,3.9,0.0,0.0,4.9,3.48,100,100
2025-11-13T03:00,4.3,3.8,0.0,0.0,5.3,3.78,100,100
2025-11-13T04:00,4.2,3.8,0.0,0.0,5.8,4.02,100,100
2025-11-13T05:00,4.2,3.8,0.0,0.0,5.8,3.92,100,100
2025-11-13T06:00,4.2,3.7,0.0,1.0,5.9,4.05,100,100
2025-11-13T07:00,4.4,4.4,16.0,23.0,5.7,4.08,100,100
2025-11-13T08:00,4.5,5.3,42.0,66.0,5.3,4.43,100,100
2025-11-13T09:00,5.1,6.0,99.0,93.0,5.0,5.03,100,100
2025-11-13T10:00,5.6,6.5,152.0,103.0,5.5,5.2,100,100
2025-11-13T11:00,5.7,7.3,134.0,138.0,5.1,5.3,100,100
2025-11-13T12:00,5.9,7.7,156.0,120.0,5.1,6.29,100,100
2025-11-13T13:00,5.9,7.9,124.0,83.0,5.1,5.61,100,100
2025-11-13T14:00,5.8,8.0,84.0,50.0,4.7,4.88,100,100
2025-11-13T15:00,5.3,7.7,21.0,15.0,4.4,4.85,99,100
2025-11-13T16:00,4.6,7.5,0.0,0.0,5.2,5.1,96,100
2025-11-13T17:00,3.7,7.1,0.0,0.0,4.5,5.31,99,100
2025-11-13T18:00,3.8,6.7,0.0,0.0,4.9,5.17,100,100
2025-11-13T19:00,3.8,6.2,0.0,0.0,5.1,5.14,100,100
2025-11-13T20:00,3.9,6.5,0.0,0.0,5.2,5.32,100,100
2025-11-13T21:00,3.7,6.3,0.0,0.0,4.3,5.69,100,100
2025-11-13T22:00,3.7,6.3,0.0,0.0,3.6,5.97,100,100
2025-11-13T23:00,3.7,6.6,0.0,0.0,3.5,5.78,100,100
2025-11-14T00:00,3.5,4.6,0.0,0.0,3.6,4.56,100,100
2025-11-14T01:00,3.3,4.6,0.0,0.0,3.6,4.6,100,100
2025-11-14T02:00,3.1,4.9,0.0,0.0,4.0,4.42,100,100
2025-11-14T03:00,3.2,5.0,0.0,0.0,3.9,4.16,100,100
2025-11-14T04:00,3.3,5.3,0.0,0.0,3.9,4.03,100,100
2025-11-14T05:00,3.4,5.4,0.0,0.0,4.3,3.88,100,100
2025-11-14T06:00,3.5,5.2,0.0,1.0,4.0,2.77,100,100
2025-11-14T07:00,3.6,5.7,14.0,25.0,4.5,2.84,100,100
2025-11-14T08:00,3.9,6.5,46.0,73.0,4.6,2.62,100,100
2025-11-14T09:00,4.5,7.3,90.0,109.0,5.7,3.62,100,100
2025-11-14T10:00,5.1,8.2,109.0,138.0,5.3,4.37,100,100
2025-11-14T11:00,5.8,9.0,123.0,141.0,5.3,4.97,100,100
2025-11-14T12:00,5.9,9.1,133.0,78.0,4.8,6.14,100,100
2025-11-14T13:00,6.5,9.7,121.0,97.0,5.1,6.18,100,100
2025-11-14T14:00,6.7,9.8,49.0,50.0,5.4,5.15,100,100
2025-11-14T15:00,6.5,9.2,12.0,12.0,4.7,4.8,100,100
2025-11-14T16:00,6.6,8.9,0.0,0.0,3.4,4.46,100,100
2025-11-14T17:00,6.4,8.5,0.0,0.0,4.1,4.19,100,100
2025-11-14T18:00,6.3,8.1,0.0,0.0,4.5,5.1,100,100
2025-11-14T19:00,6.1,8.2,0.0,0.0,5.0,4.91,100,100
2025-11-14T20:00,6.0,8.1,0.0,0.0,3.3,5.27,100,100
2025-11-14T21:00,6.1,8.1,0.0,0.0,3.3,5.67,100,96
2025-11-14T22:00,6.2,7.3,0.0,0.0,4.5,4.79,100,100
2025-11-14T23:00,6.5,6.5,0.0,0.0,5.9,3.44,100,100
2025-11-15T00:00,5.9,7.2,0.0,0.0,4.8,2.91,100,100
2025-11-15T01:00,6.1,7.1,0.0,0.0,6.5,3.08,100,87
2025-11-15T02:00,6.4,6.7,0.0,0.0,5.2,3.75,100,29
2025-11-15T03:00,6.6,5.3,0.0,0.0,4.6,2.87,100,48
2025-11-15T04:00,6.6,5.0,0.0,0.0,3.9,2.5,100,53
2025-11-15T05:00,7.0,4.6,0.0,0.0,4.2,2.01,100,86
2025-11-15T06:00,7.1,4.0,0.0,1.0,3.0,2.0,100,100
2025-11-15T07:00,7.1,4.7,25.0,32.0,1.5,1.15,100,100
2025-11-15T08:00,7.4,6.0,86.0,93.0,2.8,0.79,100,100
2025-11-15T09:00,8.9,7.3,207.0,141.0,1.7,0.78,100,100
2025-11-15T10:00,9.9,8.5,286.0,183.0,0.4,0.92,100,100
2025-11-15T11:00,10.9,9.4,320.0,201.0,0.6,0.41,100,100
2025-11-15T12:00,10.7,9.8,240.0,195.0,0.9,0.25,100,100
2025-11-15T13:00,11.1,9.9,166.0,140.0,1.4,0.61,100,100
2025-11-15T14:00,10.6,9.9,102.0,70.0,3.1,0.59,100,100
2025-11-15T15:00,9.4,8.5,18.0,19.0,3.5,0.89,100,100
2025-11-15T16:00,9.1,7.9,0.0,0.0,5.3,1.19,100,100
2025-11-15T17:00,8.7,7.2,0.0,0.0,5.3,1.2,100,100
2025-11-15T18:00,7.8,6.6,0.0,0.0,3.3,1.52,100,100
2025-11-15T19:00,7.8,6.2,0.0,0.0,4.2,1.49,100,100
2025-11-15T20:00,7.9,5.9,0.0,0.0,4.1,1.56,100,100
2025-11-15T21:00,7.8,5.9,0.0,0.0,4.6,1.64,100,100
2025-11-15T22:00,7.9,5.4,0.0,0.0,2.9,1.81,100,100
2025-11-15T23:00,7.9,5.8,0.0,0.0,2.0,1.59,88,100
2025-11-16T00:00,8.7,5.6,0.0,0.0,2.3,1.57,100,100
2025-11-16T01:00,8.4,5.7,0.0,0.0,4.5,1.23,100,100
2025-11-16T02:00,8.5,6.1,0.0,0.0,3.5,0.96,100,100
2025-11-16T03:00,8.2,6.2,0.0,0.0,2.6,0.65,100,100
2025-11-16T04:00,8.3,6.2,0.0,0.0,1.6,1.49,100,100
2025-11-16T05:00,8.5,5.7,0.0,0.0,0.8,1.34,100,100
2025-11-16T06:00,8.7,6.9,0.0,0.0,3.1,2.01,100,100
2025-11-16T07:00,8.8,7.2,2.0,9.0,3.7,2.51,100,100
2025-11-16T08:00,8.4,7.6,8.0,34.0,3.5,2.22,100,100
2025-11-16T09:00,8.3,7.8,17.0,34.0,2.9,1.79,100,100
2025-11-16T10:00,8.4,8.5,25.0,62.0,3.1,1.32,100,100
2025-11-16T11:00,8.4,9.1,32.0,71.0,3.7,1.39,100,100
2025-11-16T12:00,8.9,9.6,58.0,88.0,4.4,2.98,100,100
2025-11-16T13:00,9.5,9.6,50.0,69.0,4.9,3.89,100,100
2025-11-16T14:00,9.8,9.4,41.0,23.0,5.7,4.0,100,100
2025-11-16T15:00,9.3,9.3,5.0,6.0,6.2,4.72,100,100
2025-11-16T16:00,9.3,9.3,0.0,0.0,6.9,6.35,100,100
2025-11-16T17:00,9.3,9.1,0.0,0.0,6.9,6.82,100,100
2025-11-16T18:00,9.3,7.9,0.0,0.0,7.6,7.28,100,84
2025-11-16T19:00,9.2,7.0,0.0,0.0,7.9,6.61,100,71
2025-11-16T20:00,8.8,6.5,0.0,0.0,6.2,5.69,92,88
2025-11-16T21:00,8.2,6.2,0.0,0.0,4.4,4.95,100,99
2025-11-16T22:00,8.7,7.0,0.0,0.0,4.4,3.61,100,100
2025-11-16T23:00,8.9,7.6,0.0,0.0,3.5,2.82,100,100
2025-11-17T00:00,8.9,7.8,0.0,0.0,2.1,2.85,100,100
2025-11-17T01:00,8.7,7.8,0.0,0.0,1.7,2.99,100,100
2025-11-17T02:00,9.0,8.0,0.0,0.0,2.4,4.2,100,100
2025-11-17T03:00,8.8,8.3,0.0,0.0,2.7,4.46,100,100
2025-11-17T04:00,8.8,8.2,0.0,0.0,4.3,4.54,100,100
2025-11-17T05:00,8.8,8.4,0.0,0.0,4.1,4.86,100,100
2025-11-17T06:00,9.0,8.5,0.0,1.0,5.6,5.69,100,100
2025-11-17T07:00,9.1,9.0,20.0,14.0,4.9,5.82,100,100
2025-11-17T08:00,8.9,9.7,22.0,68.0,3.9,5.09,100,100
2025-11-17T09:00,9.1,10.3,23.0,85.0,3.8,5.01,100,100
2025-11-17T10:00,8.8,11.2,8.0,188.0,4.1,4.47,100,100
2025-11-17T11:00,8.7,11.5,15.0,118.0,5.0,3.52,100,100
2025-11-17T12:00,9.0,12.4,26.0,105.0,4.6,5.25,100,100
2025-11-17T13:00,9.3,11.5,24.0,73.0,2.8,7.05,100,100
2025-11-17T14:00,9.7,10.9,26.0,48.0,1.9,6.79,100,98
2025-11-17T15:00,9.6,10.5,2.0,14.0,1.7,7.59,100,98
2025-11-17T16:00,10.1,10.6,0.0,0.0,6.4,8.16,100,99
2025-11-17T17:00,9.4,10.2,0.0,0.0,0.9,6.83,100,100
2025-11-17T18:00,9.1,10.0,0.0,0.0,2.0,6.31,100,100
2025-11-17T19:00,9.4,7.5,0.0,0.0,9.2,13.27,100,100
2025-11-17T20:00,7.8,4.6,0.0,0.0,12.5,13.7,100,100
2025-11-17T21:00,5.7,3.8,0.0,0.0,15.5,12.25,100,100
2025-11-17T22:00,3.6,4.5,0.0,0.0,13.7,10.75,100,100
2025-11-17T23:00,4.3,4.8,0.0,0.0,11.1,7.81,100,100
2025-11-18T00:00,5.0,4.8,0.0,0.0,9.9,8.11,100,100
2025-11-18T01:00,4.9,4.0,0.0,0.0,9.1,7.2,100,100
2025-11-18T02:00,4.8,3.2,0.0,0.0,7.9,5.38,100,100
2025-11-18T03:00,5.1,3.1,0.0,0.0,6.8,4.95,100,100
2025-11-18T04:00,5.2,3.1,0.0,0.0,8.0,4.96,100,100
2025-11-18T05:00,4.6,3.2,0.0,0.0,9.1,4.07,99,100
2025-11-18T06:00,3.9,3.2,0.0,1.0,5.6,3.67,100,88
2025-11-18T07:00,4.4,3.4,32.0,39.0,6.4,4.48,18,2
2025-11-18T08:00,4.8,4.2,177.0,177.0,7.5,4.06,0,0
2025-11-18T09:00,5.4,5.1,290.0,280.0,5.9,3.2,0,0
2025-11-18T10:00,5.9,6.0,360.0,345.0,5.2,2.0,0,16
2025-11-18T11:00,6.4,6.6,378.0,334.0,4.3,1.08,0,41
2025-11-18T12:00,6.5,6.6,344.0,315.0,3.5,2.94,0,23
2025-11-18T13:00,6.5,6.4,263.0,200.0,3.5,1.9,0,14
2025-11-18T14:00,5.9,5.3,146.0,123.0,3.8,1.32,0,4
2025-11-18T15:00,5.2,3.3,29.0,26.0,0.6,0.91,0,1
2025-11-18T16:00,4.4,2.2,0.0,0.0,2.5,0.87,92,4
2025-11-18T17:00,3.5,1.4,0.0,0.0,2.6,1.28,74,0
2025-11-18T18:00,2.6,0.8,0.0,0.0,1.1,1.9,0,34
2025-11-18T19:00,1.8,0.2,0.0,0.0,3.4,1.93,69,36
2025-11-18T20:00,2.2,0.2,0.0,0.0,3.2,1.14,68,15
2025-11-18T21:00,1.4,-0.3,0.0,0.0,3.1,1.17,0,13
2025-11-18T22:00,1.0,-0.7,0.0,0.0,3.0,0.94,26,1
2025-11-18T23:00,0.9,-1.1,0.0,0.0,2.4,1.53,53,1
2025-11-19T00:00,1.1,-1.0,0.0,0.0,0.9,0.86,0,7
2025-11-19T01:00,1.0,-1.4,0.0,0.0,1.1,1.2,0,23
2025-11-19T02:00,0.8,-1.7,0.0,0.0,1.7,1.25,0,35
2025-11-19T03:00,0.5,-1.9,0.0,0.0,2.6,1.77,0,40
2025-11-19T04:00,0.5,-2.1,0.0,0.0,3.3,2.13,0,38
2025-11-19T05:00,0.9,-2.4,0.0,0.0,3.5,2.35,0,35
2025-11-19T06:00,0.6,-2.6,0.0,1.0,2.9,2.41,0,59
2025-11-19T07:00,1.2,-1.7,59.0,47.0,3.4,2.37,0,70
2025-11-19T08:00,2.5,0.5,177.0,139.0,3.4,2.64,0,65
2025-11-19T09:00,3.6,2.4,281.0,255.0,3.5,2.04,0,39
2025-11-19T10:00,4.9,3.9,345.0,330.0,4.8,2.51,0,27
2025-11-19T11:00,5.5,4.8,363.0,350.0,5.2,3.65,0,44
2025-11-19T12:00,5.8,4.5,322.0,263.0,5.2,3.61,2,63
2025-11-19T13:00,5.8,4.7,249.0,229.0,4.9,2.64,4,18
2025-11-19T14:00,5.4,3.6,134.0,130.0,4.5,2.5,82,27
2025-11-19T15:00,4.2,1.8,21.0,23.0,4.8,2.66,99,32
2025-11-19T16:00,3.4,0.6,0.0,0.0,6.2,3.47,97,2
2025-11-19T17:00,2.6,-0.3,0.0,0.0,7.2,3.2,99,76
2025-11-19T18:00,1.5,-0.9,0.0,0.0,6.8,2.67,23,98
2025-11-19T19:00,1.5,-1.3,0.0,0.0,4.9,2.05,72,100
2025-11-19T20:00,1.2,-1.6,0.0,0.0,3.8,1.86,99,100
2025-11-19T21:00,0.9,-1.6,0.0,0.0,3.6,1.76,100,99
2025-11-19T22:00,0.6,-1.7,0.0,0.0,3.2,1.42,100,88
2025-11-19T23:00,1.7,-1.9,0.0,0.0,3.6,1.04,100,99
2025-11-20T00:00,0.8,-1.7,0.0,0.0,3.3,0.96,73,7
2025-11-20T01:00,0.8,-1.4,0.0,0.0,3.0,1.64,19,99
2025-11-20T02:00,0.8,-1.0,0.0,0.0,2.9,2.3,83,85
2025-11-20T03:00,0.2,-1.0,0.0,0.0,4.1,2.6,86,100
2025-11-20T04:00,0.4,0.6,0.0,0.0,4.1,2.2,100,100
2025-11-20T05:00,0.9,1.1,0.0,0.0,2.8,1.85,100,100
2025-11-20T06:00,2.3,0.9,0.0,0.0,1.8,1.42,100,100
2025-11-20T07:00,2.5,1.3,3.0,7.0,1.4,1.36,100,100
2025-11-20T08:00,2.8,2.2,5.0,27.0,1.6,2.21,100,100
2025-11-20T09:00,2.8,3.7,12.0,77.0,1.0,2.11,100,100
2025-11-20T10:00,3.2,4.5,23.0,68.0,1.7,2.02,100,100
2025-11-20T11:00,3.3,6.0,35.0,129.0,2.2,2.31,100,100
2025-11-20T12:00,3.6,7.0,46.0,134.0,3.3,3.88,100,100
2025-11-20T13:00,3.7,7.7,75.0,120.0,4.5,4.26,100,100
2025-11-20T14:00,3.7,6.8,69.0,65.0,4.9,2.46,100,56
2025-11-20T15:00,3.7,5.4,11.0,18.0,4.7,1.59,100,81
2025-11-20T16:00,3.7,5.2,0.0,0.0,3.4,1.9,100,80
2025-11-20T17:00,3.4,4.0,0.0,0.0,2.2,1.71,100,80
2025-11-20T18:00,3.1,3.4,0.0,0.0,2.7,0.72,100,100
2025-11-20T19:00,2.9,2.2,0.0,0.0,2.9,1.17,100,100
2025-11-20T20:00,3.0,3.4,0.0,0.0,2.4,1.35,100,100
2025-11-20T21:00,2.8,3.1,0.0,0.0,3.1,1.68,100,100
2025-11-20T22:00,2.6,3.2,0.0,0.0,2.0,2.26,100,100
2025-11-20T23:00,2.4,3.5,0.0,0.0,2.0,4.46,100,100
2025-11-21T00:00,2.8,4.0,0.0,0.0,8.2,6.88,100,100
2025-11-21T01:00,3.2,4.2,0.0,0.0,9.1,7.37,100,100
2025-11-21T02:00,3.9,4.0,0.0,0.0,9.4,8.07,100,100
2025-11-21T03:00,3.6,3.9,0.0,0.0,11.4,9.07,100,100
2025-11-21T04:00,2.4,4.0,0.0,0.0,12.9,10.17,100,100
2025-11-21T05:00,2.0,3.7,0.0,0.0,14.3,10.76,100,100
2025-11-21T06:00,2.0,1.9,0.0,0.0,14.5,12.92,100,100
2025-11-21T07:00,1.6,1.7,1.0,5.0,14.7,12.86,100,100
2025-11-21T08:00,1.7,1.6,2.0,23.0,16.0,12.75,100,100
2025-11-21T09:00,1.5,1.6,6.0,51.0,15.5,14.05,100,100
2025-11-21T10:00,1.4,1.6,5.0,57.0,15.3,13.61,100,100
2025-11-21T11:00,1.5,1.4,8.0,57.0,15.2,13.45,100,100
2025-11-21T12:00,1.4,0.9,5.0,24.0,16.1,13.75,100,100
2025-11-21T13:00,1.4,0.8,6.0,22.0,15.2,14.1,100,100
2025-11-21T14:00,1.3,0.7,7.0,11.0,15.4,13.95,100,100
2025-11-21T15:00,1.4,0.6,1.0,2.0,15.3,13.5,100,100
2025-11-21T16:00,1.1,0.4,0.0,0.0,15.3,13.23,100,100
2025-11-21T17:00,0.8,0.2,0.0,0.0,14.9,13.0,100,100
2025-11-21T18:00,0.5,-0.1,0.0,0.0,14.8,12.68,100,100
2025-11-21T19:00,0.4,-0.2,0.0,0.0,14.5,12.78,100,100
2025-11-21T20:00,0.3,-0.3,0.0,0.0,14.7,12.89,100,100
2025-11-21T21:00,-0.1,-0.4,0.0,0.0,16.0,12.98,100,100
2025-11-21T22:00,-0.1,-0.5,0.0,0.0,16.1,12.8,100,100
2025-11-21T23:00,-0.1,-0.6,0.0,0.0,16.7,13.18,100,100
2025-11-22T00:00,-0.4,-1.0,0.0,0.0,17.1,13.97,100,100
2025-11-22T01:00,-0.3,-1.0,0.0,0.0,16.7,14.06,100,100
2025-11-22T02:00,-0.0,-0.9,0.0,0.0,15.6,14.68,100,100
2025-11-22T03:00,0.4,-0.9,0.0,0.0,15.5,13.87,100,100
2025-11-22T04:00,0.6,-0.9,0.0,0.0,15.3,14.76,100,100
2025-11-22T05:00,0.8,-0.9,0.0,0.0,14.8,14.83,100,100
2025-11-22T06:00,0.6,-0.7,0.0,0.0,12.8,13.36,100,100
2025-11-22T07:00,0.7,-0.6,21.0,9.0,13.5,13.05,99,100
2025-11-22T08:00,1.0,-0.5,72.0,42.0,12.8,13.1,98,100
2025-11-22T09:00,1.7,-0.3,216.0,90.0,13.6,12.9,11,100
2025-11-22T10:00,2.3,0.2,316.0,167.0,14.1,12.49,3,100
2025-11-22T11:00,2.5,0.3,351.0,187.0,14.5,11.63,1,100
2025-11-22T12:00,2.3,0.5,290.0,189.0,14.1,11.47,4,100
2025-11-22T13:00,2.2,0.4,234.0,129.0,13.9,11.86,3,100
2025-11-22T14:00,1.8,0.2,121.0,55.0,14.4,11.91,52,100
2025-11-22T15:00,1.2,-0.1,21.0,10.0,14.3,11.56,64,100
2025-11-22T16:00,0.9,-0.2,0.0,0.0,14.4,11.72,3,100
2025-11-22T17:00,0.8,-0.3,0.0,0.0,13.9,11.73,100,100
2025-11-22T18:00,1.3,0.3,0.0,0.0,13.0,11.19,100,100
2025-11-22T19:00,1.1,0.3,0.0,0.0,13.8,11.47,100,100
2025-11-22T20:00,1.1,0.2,0.0,0.0,12.9,11.35,100,100
2025-11-22T21:00,1.2,0.1,0.0,0.0,13.3,11.37,100,100
2025-11-22T22:00,1.1,0.1,0.0,0.0,13.0,11.34,100,100
2025-11-22T23:00,1.1,0.1,0.0,0.0,12.6,10.73,100,100
2025-11-23T00:00,0.9,0.3,0.0,0.0,12.6,10.35,100,100
2025-11-23T01:00,0.8,0.2,0.0,0.0,12.1,10.58,100,100
2025-11-23T02:00,0.7,0.1,0.0,0.0,11.2,10.63,100,100
2025-11-23T03:00,0.8,-0.3,0.0,0.0,9.9,10.68,100,100
2025-11-23T04:00,0.7,-0.5,0.0,0.0,10.0,9.29,100,100
2025-11-23T05:00,0.8,-0.6,0.0,0.0,9.2,8.85,100,100
2025-11-23T06:00,1.0,-0.5,0.0,0.0,7.5,9.08,100,100
2025-11-23T07:00,1.1,-0.5,8.0,22.0,5.6,8.18,100,100
2025-11-23T08:00,1.3,-0.3,25.0,84.0,2.5,7.19,100,100
2025-11-23T09:00,1.7,-0.1,61.0,111.0,1.4,5.04,100,100
2025-11-23T10:00,1.5,0.1,96.0,112.0,2.1,3.06,100,100
2025-11-23T11:00,1.6,0.3,154.0,123.0,2.3,2.37,100,100
2025-11-23T12:00,1.5,0.4,101.0,121.0,2.4,1.93,100,100
2025-11-23T13:00,1.5,0.4,79.0,96.0,3.1,2.52,100,100
2025-11-23T14:00,1.4,-0.1,39.0,80.0,3.4,3.28,100,74
2025-11-23T15:00,1.0,-2.3,3.0,18.0,4.5,3.81,100,63
2025-11-23T16:00,0.8,-2.4,0.0,0.0,5.2,3.74,100,83
2025-11-23T17:00,0.7,-1.8,0.0,0.0,5.8,4.19,100,96
2025-11-23T18:00,0.5,-0.2,0.0,0.0,5.9,5.06,100,100
2025-11-23T19:00,0.5,-0.2,0.0,0.0,5.4,5.93,100,100
2025-11-23T20:00,0.6,-0.3,0.0,0.0,6.6,7.16,100,100
2025-11-23T21:00,0.6,-0.6,0.0,0.0,5.8,7.55,100,100
2025-11-23T22:00,0.4,-0.9,0.0,0.0,6.7,8.07,100,100
2025-11-23T23:00,0.3,-1.1,0.0,0.0,7.1,8.06,100,100
2025-11-24T00:00,-0.1,-0.8,0.0,0.0,7.2,8.19,100,99
2025-11-24T01:00,-0.3,-1.2,0.0,0.0,8.0,8.74,100,100
2025-11-24T02:00,-0.3,-1.9,0.0,0.0,8.1,8.05,100,100
2025-11-24T03:00,-0.4,-2.6,0.0,0.0,8.0,7.96,100,100
2025-11-24T04:00,-0.6,-3.4,0.0,0.0,8.2,7.34,100,100
2025-11-24T05:00,-1.0,-4.4,0.0,0.0,7.4,6.82,100,100
2025-11-24T06:00,-1.6,-4.3,0.0,0.0,9.8,6.87,100,92
2025-11-24T07:00,-1.2,-4.1,11.0,32.0,8.9,6.69,100,100
2025-11-24T08:00,-1.0,-3.5,32.0,109.0,9.0,5.76,100,100
2025-11-24T09:00,-0.8,-2.8,42.0,134.0,8.9,4.92,100,100
2025-11-24T10:00,-0.7,-2.2,53.0,98.0,8.3,5.38,100,100
2025-11-24T11:00,-0.6,-1.6,39.0,96.0,6.4,3.1,100,100
2025-11-24T12:00,-0.5,-1.3,27.0,79.0,5.9,5.56,100,100
2025-11-24T13:00,-0.4,-0.9,30.0,86.0,6.6,3.66,100,100
2025-11-24T14:00,-0.3,-0.7,23.0,36.0,5.9,4.9,100,100
2025-11-24T15:00,-0.2,-0.4,5.0,6.0,4.6,4.16,100,100
2025-11-24T16:00,0.0,-0.1,0.0,0.0,4.0,4.27,100,100
2025-11-24T17:00,0.1,0.3,0.0,0.0,2.8,4.15,100,100
2025-11-24T18:00,0.2,0.1,0.0,0.0,3.4,2.9,100,100
2025-11-24T19:00,0.4,0.3,0.0,0.0,3.7,2.44,100,100
2025-11-24T20:00,0.8,0.5,0.0,0.0,4.5,4.02,100,100
2025-11-24T21:00,1.2,0.6,0.0,0.0,5.2,4.49,100,100
2025-11-24T22:00,1.4,0.5,0.0,0.0,5.0,4.15,100,100
2025-11-24T23:00,1.5,0.5,0.0,0.0,3.4,4.02,100,100
2025-11-25T00:00,1.6,0.8,0.0,0.0,4.1,3.37,100,100
2025-11-25T01:00,1.8,0.8,0.0,0.0,4.0,3.48,100,100
2025-11-25T02:00,1.6,0.9,0.0,0.0,2.8,3.79,100,100
2025-11-25T03:00,1.6,1.2,0.0,0.0,3.7,4.0,100,100
2025-11-25T04:00,1.7,1.5,0.0,0.0,4.3,4.49,100,100
2025-11-25T05:00,1.8,1.7,0.0,0.0,4.1,4.32,100,100
2025-11-25T06:00,1.9,1.8,0.0,0.0,3.3,4.91,100,100
2025-11-25T07:00,1.9,1.9,1.0,9.0,4.1,4.47,100,100
2025-11-25T08:00,2.1,2.5,5.0,42.0,3.8,5.13,100,100
2025-11-25T09:00,2.2,3.1,10.0,89.0,5.5,3.33,100,100
2025-11-25T10:00,2.3,3.2,10.0,67.0,4.1,2.94,100,100
2025-11-25T11:00,2.5,3.3,17.0,64.0,2.5,3.0,100,100
2025-11-25T12:00,2.7,3.2,12.0,73.0,3.8,2.04,100,100
2025-11-25T13:00,3.1,3.0,17.0,46.0,3.3,2.36,100,100
2025-11-25T14:00,3.5,2.9,9.0,30.0,1.2,2.09,100,100
2025-11-25T15:00,3.8,2.5,2.0,6.0,1.2,0.74,100,100
2025-11-25T16:00,3.9,2.4,0.0,0.0,0.7,1.49,100,100
2025-11-25T17:00,3.9,2.5,0.0,0.0,1.5,1.3,100,100
2025-11-25T18:00,4.2,5.9,0.0,0.0,2.9,2.68,100,100
2025-11-25T19:00,4.2,5.8,0.0,0.0,1.6,2.48,100,100
2025-11-25T20:00,3.9,5.9,0.0,0.0,3.7,1.85,100,100
2025-11-25T21:00,4.0,5.6,0.0,0.0,3.8,1.83,100,100
2025-11-25T22:00,3.9,5.1,0.0,0.0,3.0,1.79,100,100
2025-11-25T23:00,4.0,4.6,0.0,0.0,3.8,2.51,100,100
2025-11-26T00:00,4.2,3.2,0.0,0.0,5.3,1.94,100,100
2025-11-26T01:00,4.2,3.2,0.0,0.0,4.2,2.52,100,100
2025-11-26T02:00,4.1,3.3,0.0,0.0,4.9,2.76,100,100
2025-11-26T03:00,5.0,3.4,0.0,0.0,7.3,2.5,100,100
2025-11-26T04:00,5.1,3.4,0.0,0.0,5.2,2.73,100,100
2025-11-26T05:00,5.2,3.4,0.0,0.0,2.3,3.13,100,100
2025-11-26T06:00,4.9,3.2,0.0,0.0,3.9,3.07,100,100
2025-11-26T07:00,5.1,3.1,1.0,3.0,2.5,2.96,100,100
2025-11-26T08:00,5.1,3.4,4.0,14.0,1.1,4.02,100,100
2025-11-26T09:00,5.0,3.8,7.0,20.0,3.1,5.13,100,100
2025-11-26T10:00,5.2,4.4,13.0,28.0,4.2,5.65,100,100
2025-11-26T11:00,5.2,4.6,14.0,32.0,4.6,4.25,100,100
2025-11-26T12:00,5.1,4.6,7.0,35.0,5.8,4.48,100,100
2025-11-26T13:00,4.9,5.0,6.0,28.0,5.3,6.69,100,100
2025-11-26T14:00,4.6,4.3,9.0,32.0,6.2,8.57,100,100
2025-11-26T15:00,4.1,3.5,3.0,3.0,6.4,7.81,100,100
2025-11-26T16:00,3.9,3.2,0.0,0.0,4.7,7.08,100,100
2025-11-26T17:00,3.6,2.9,0.0,0.0,3.4,5.55,100,100
2025-11-26T18:00,3.3,3.3,0.0,0.0,3.8,3.08,100,100
2025-11-26T19:00,3.0,3.2,0.0,0.0,3.4,2.17,100,100
2025-11-26T20:00,2.8,3.2,0.0,0.0,3.1,1.35,100,100
2025-11-26T21:00,2.3,3.1,0.0,0.0,3.8,0.72,100,100
2025-11-26T22:00,2.1,3.0,0.0,0.0,4.0,0.29,100,100
2025-11-26T23:00,1.7,2.9,0.0,0.0,3.5,1.75,100,100
2025-11-27T00:00,2.1,1.7,0.0,0.0,2.6,0.91,100,100
2025-11-27T01:00,1.8,1.6,0.0,0.0,0.8,2.24,100,100
2025-11-27T02:00,1.5,1.7,0.0,0.0,0.3,3.65,100,100
2025-11-27T03:00,1.5,1.6,0.0,0.0,5.4,4.3,38,100
2025-11-27T04:00,1.0,1.2,0.0,0.0,5.5,3.99,0,100
2025-11-27T05:00,0.8,0.9,0.0,0.0,4.4,3.96,50,100
2025-11-27T06:00,0.6,-1.3,0.0,0.0,4.0,4.03,3,64
2025-11-27T07:00,1.1,-1.8,38.0,31.0,5.1,4.43,0,14
2025-11-27T08:00,1.7,-0.4,151.0,137.0,5.8,4.46,1,74
2025-11-27T09:00,3.1,1.5,255.0,224.0,5.2,3.13,54,78
2025-11-27T10:00,3.7,2.9,300.0,298.0,5.0,4.89,53,72
2025-11-27T11:00,4.3,3.3,328.0,296.0,6.2,6.86,0,100
2025-11-27T12:00,5.0,4.1,309.0,236.0,7.2,7.7,0,48
2025-11-27T13:00,4.9,3.7,229.0,178.0,6.7,7.0,0,34
2025-11-27T14:00,4.3,2.8,120.0,95.0,7.1,7.22,1,33
2025-11-27T15:00,3.2,1.7,17.0,13.0,7.4,7.74,0,20
2025-11-27T16:00,2.3,1.1,0.0,0.0,8.1,7.87,0,3
2025-11-27T17:00,1.7,0.6,0.0,0.0,8.6,8.07,0,5
2025-11-27T18:00,1.3,0.6,0.0,0.0,9.1,8.0,0,99
2025-11-27T19:00,1.1,1.0,0.0,0.0,9.3,8.46,0,95
2025-11-27T20:00,1.1,0.9,0.0,0.0,9.7,8.79,0,89
2025-11-27T21:00,0.5,1.0,0.0,0.0,9.0,9.17,0,88
2025-11-27T22:00,0.4,1.0,0.0,0.0,9.1,9.62,0,68
2025-11-27T23:00,0.2,0.9,0.0,0.0,9.2,9.28,0,100
2025-11-28T00:00,0.4,0.2,0.0,0.0,9.5,8.92,0,19
2025-11-28T01:00,0.4,0.1,0.0,0.0,9.9,8.45,0,16
2025-11-28T02:00,0.4,0.1,0.0,0.0,10.4,8.21,0,6
2025-11-28T03:00,0.3,0.1,0.0,0.0,10.7,8.08,0,9
2025-11-28T04:00,0.2,0.0,0.0,0.0,10.3,8.22,0,60
2025-11-28T05:00,0.3,-0.1,0.0,0.0,10.4,8.4,0,85
2025-11-28T06:00,-0.1,-0.6,0.0,0.0,9.9,8.05,8,41
2025-11-28T07:00,0.1,-0.2,36.0,27.0,10.0,7.76,1,34
2025-11-28T08:00,0.8,0.9,149.0,119.0,9.6,6.95,0,30
2025-11-28T09:00,1.8,1.7,253.0,219.0,8.3,6.7,0,18
2025-11-28T10:00,2.7,2.3,321.0,290.0,7.5,5.76,0,98
2025-11-28T11:00,3.5,2.8,339.0,301.0,7.3,5.56,0,98
2025-11-28T12:00,3.5,3.0,300.0,284.0,7.7,5.76,0,80
2025-11-28T13:00,3.6,2.7,223.0,209.0,7.5,5.28,35,9
2025-11-28T14:00,3.2,1.8,98.0,106.0,8.1,5.89,55,2
2025-11-28T15:00,2.4,0.5,15.0,14.0,8.9,6.61,1,2
2025-11-28T16:00,1.9,-0.2,0.0,0.0,8.5,6.76,0,10
2025-11-28T17:00,1.6,-0.4,0.0,0.0,9.4,6.13,0,77
2025-11-28T18:00,1.8,-0.5,0.0,0.0,8.3,6.3,99,51
2025-11-28T19:00,1.7,-0.5,0.0,0.0,6.8,6.0,100,48
2025-11-28T20:00,1.8,-0.4,0.0,0.0,7.0,5.77,94,70
2025-11-28T21:00,1.3,-0.7,0.0,0.0,6.9,4.66,71,42
2025-11-28T22:00,1.6,-0.9,0.0,0.0,5.8,3.86,100,23
2025-11-28T23:00,2.2,-1.6,0.0,0.0,5.5,3.35,100,33
2025-11-29T00:00,1.9,0.0,0.0,0.0,4.6,3.1,90,99
2025-11-29T01:00,1.6,-0.2,0.0,0.0,4.1,3.0,98,75
2025-11-29T02:00,1.8,-1.3,0.0,0.0,3.9,2.8,100,100
2025-11-29T03:00,2.0,-1.4,0.0,0.0,3.1,2.96,100,99
2025-11-29T04:00,2.2,-1.4,0.0,0.0,3.2,3.0,100,71
2025-11-29T05:00,2.2,-1.3,0.0,0.0,3.6,3.31,100,90
2025-11-29T06:00,1.6,-1.2,0.0,0.0,1.5,3.5,93,84
2025-11-29T07:00,2.0,-0.2,29.0,26.0,2.6,4.0,99,92
2025-11-29T08:00,3.2,2.0,117.0,113.0,5.0,4.15,100,100
2025-11-29T09:00,3.9,4.0,161.0,168.0,3.2,3.83,100,100
2025-11-29T10:00,4.6,5.3,206.0,180.0,3.9,3.9,100,100
2025-11-29T11:00,5.5,6.0,244.0,159.0,3.5,3.65,100,100
2025-11-29T12:00,5.7,8.2,224.0,229.0,3.0,1.98,99,100
2025-11-29T13:00,6.1,7.6,189.0,117.0,2.6,2.33,44,100
2025-11-29T14:00,5.7,6.6,101.0,58.0,2.7,1.65,100,88
2025-11-29T15:00,4.7,4.5,14.0,9.0,4.8,1.41,100,100
2025-11-29T16:00,4.0,4.3,0.0,0.0,5.2,2.02,93,100
2025-11-29T17:00,3.1,3.4,0.0,0.0,7.3,3.23,99,100
2025-11-29T18:00,3.5,3.8,0.0,0.0,8.5,2.84,99,98
2025-11-29T19:00,3.2,3.5,0.0,0.0,8.4,4.16,100,100
2025-11-29T20:00,3.4,3.2,0.0,0.0,9.5,5.0,100,100
2025-11-29T21:00,3.7,3.0,0.0,0.0,9.9,5.8,99,100
2025-11-29T22:00,4.1,2.7,0.0,0.0,10.3,5.32,92,99
2025-11-29T23:00,4.5,2.3,0.0,0.0,10.0,5.36,97,100
2025-11-30T00:00,3.8,1.8,0.0,0.0,8.3,5.76,57,100
2025-11-30T01:00,3.1,2.0,0.0,0.0,7.5,5.38,100,100
2025-11-30T02:00,2.8,1.6,0.0,0.0,8.3,4.8,100,100
2025-11-30T03:00,4.2,1.7,0.0,0.0,11.9,4.65,100,100
2025-11-30T04:00,4.3,1.9,0.0,0.0,11.4,4.33,100,100
2025-11-30T05:00,4.3,2.1,0.0,0.0,10.0,4.24,100,100
2025-11-30T06:00,4.0,1.8,0.0,0.0,8.6,5.37,100,100
2025-11-30T07:00,3.9,2.1,11.0,15.0,8.3,5.09,100,100
2025-11-30T08:00,4.0,3.3,85.0,77.0,7.3,4.37,100,100
2025-11-30T09:00,5.0,4.8,149.0,142.0,6.0,2.81,100,100
2025-11-30T10:00,5.1,6.0,74.0,195.0,5.1,1.88,100,98
2025-11-30T11:00,5.0,6.8,41.0,203.0,5.4,1.29,100,97
2025-11-30T12:00,6.8,7.0,186.0,191.0,4.0,1.0,100,100
2025-11-30T13:00,6.8,6.9,164.0,163.0,1.5,0.16,100,99
2025-11-30T14:00,6.7,5.7,88.0,67.0,2.2,1.53,100,100
2025-11-30T15:00,5.6,3.6,13.0,9.0,3.1,2.02,100,100
2025-11-30T16:00,4.4,3.6,0.0,0.0,3.5,1.17,100,100
2025-11-30T17:00,3.9,3.3,0.0,0.0,3.4,1.45,100,100
2025-11-30T18:00,3.9,2.7,0.0,0.0,3.2,1.35,100,100
2025-11-30T19:00,4.1,1.7,0.0,0.0,4.5,2.4,100,100
2025-11-30T20:00,3.6,1.7,0.0,0.0,3.3,3.08,100,74
2025-11-30T21:00,3.4,1.1,0.0,0.0,2.6,2.98,100,98
2025-11-30T22:00,3.1,0.7,0.0,0.0,3.3,2.19,100,100
2025-11-30T23:00,2.9,0.7,0.0,0.0,3.3,1.3,100,100
2025-12-01T00:00,3.4,2.8,0.0,0.0,2.7,1.66,100,100
2025-12-01T01:00,3.0,2.9,0.0,0.0,3.2,1.88,100,100
2025-12-01T02:00,2.9,2.9,0.0,0.0,3.1,1.74,100,100
2025-12-01T03:00,2.4,3.0,0.0,0.0,2.4,1.12,100,100
2025-12-01T04:00,2.0,3.0,0.0,0.0,1.1,1.53,100,100
2025-12-01T05:00,2.0,2.8,0.0,0.0,0.9,0.71,100,100
2025-12-01T06:00,3.8,2.4,0.0,0.0,2.8,0.67,100,100
2025-12-01T07:00,3.6,2.6,10.0,7.0,2.8,0.51,100,100
2025-12-01T08:00,3.5,2.9,61.0,23.0,2.3,0.36,100,100
2025-12-01T09:00,2.4,3.6,143.0,59.0,0.2,0.5,100,100
2025-12-01T10:00,3.4,4.2,195.0,81.0,1.2,0.36,100,100
2025-12-01T11:00,4.0,4.6,199.0,68.0,1.3,0.22,100,100
2025-12-01T12:00,4.7,5.3,105.0,83.0,2.5,0.61,100,100
2025-12-01T13:00,4.7,5.5,87.0,89.0,2.3,0.6,100,100
2025-12-01T14:00,4.7,5.2,41.0,53.0,1.8,0.9,100,100
2025-12-01T15:00,4.4,4.1,7.0,6.0,1.1,1.25,100,100
2025-12-01T16:00,4.1,3.4,0.0,0.0,1.0,1.24,100,100
2025-12-01T17:00,3.8,3.7,0.0,0.0,0.6,1.17,100,100
2025-12-01T18:00,3.3,3.5,0.0,0.0,1.5,2.96,100,99
2025-12-01T19:00,3.2,2.4,0.0,0.0,0.5,2.91,100,100
2025-12-01T20:00,3.3,1.9,0.0,0.0,1.1,2.31,100,100
2025-12-01T21:00,3.2,2.2,0.0,0.0,1.1,1.66,100,100
2025-12-01T22:00,2.9,2.6,0.0,0.0,1.3,1.1,100,100
2025-12-01T23:00,2.8,2.3,0.0,0.0,1.4,0.96,100,99
2025-12-02T00:00,3.7,3.2,0.0,0.0,1.3,0.98,100,100
2025-12-02T01:00,3.7,3.4,0.0,0.0,0.7,0.52,100,100
2025-12-02T02:00,3.7,3.3,0.0,0.0,1.3,0.51,100,100
2025-12-02T03:00,3.9,2.9,0.0,0.0,2.7,0.76,100,100
2025-12-02T04:00,3.9,2.8,0.0,0.0,2.7,0.79,100,100
2025-12-02T05:00,4.0,2.6,0.0,0.0,1.6,0.67,100,100
2025-12-02T06:00,3.8,3.0,0.0,0.0,2.6,0.74,100,100
2025-12-02T07:00,4.0,3.5,4.0,8.0,2.8,0.32,100,100
2025-12-02T08:00,4.4,4.0,26.0,24.0,2.2,0.65,100,100
2025-12-02T09:00,4.3,4.6,50.0,49.0,2.5,1.21,100,100
2025-12-02T10:00,4.5,5.0,76.0,60.0,2.5,1.63,100,100
2025-12-02T11:00,4.7,5.5,67.0,85.0,2.5,1.92,100,100
2025-12-02T12:00,4.1,5.8,44.0,63.0,2.3,2.41,100,100
2025-12-02T13:00,4.3,5.9,32.0,59.0,2.0,2.07,100,100
2025-12-02T14:00,4.3,5.4,18.0,30.0,1.6,1.57,100,100
2025-12-02T15:00,4.0,5.0,2.0,4.0,1.2,1.26,100,100
2025-12-02T16:00,4.0,4.7,0.0,0.0,0.9,1.17,100,100
2025-12-02T17:00,3.9,4.6,0.0,0.0,0.7,0.71,100,100
2025-12-02T18:00,4.1,4.3,0.0,0.0,1.0,1.8,100,100
2025-12-02T19:00,4.2,4.2,0.0,0.0,0.8,1.66,100,100
2025-12-02T20:00,4.1,4.2,0.0,0.0,1.4,1.46,100,100
2025-12-02T21:00,4.1,4.2,0.0,0.0,1.7,1.15,97,100
2025-12-02T22:00,3.9,4.1,0.0,0.0,0.9,1.03,100,100
2025-12-02T23:00,3.9,3.9,0.0,0.0,0.9,1.1,100,100
2025-12-03T00:00,4.1,3.7,0.0,0.0,1.4,1.35,100,100
2025-12-03T01:00,3.8,2.9,0.0,0.0,0.6,1.5,85,98
2025-12-03T02:00,3.5,2.2,0.0,0.0,0.3,1.49,99,98
2025-12-03T03:00,3.3,2.0,0.0,0.0,1.1,1.28,95,100
2025-12-03T04:00,2.7,1.4,0.0,0.0,1.8,1.46,80,100
2025-12-03T05:00,2.5,0.8,0.0,0.0,1.9,1.59,41,100
2025-12-03T06:00,2.6,-0.1,0.0,0.0,2.0,1.62,32,63
2025-12-03T07:00,3.1,0.4,21.0,20.0,2.2,1.52,80,23
2025-12-03T08:00,4.0,2.7,101.0,114.0,2.2,1.67,67,5
2025-12-03T09:00,4.5,5.2,144.0,213.0,2.1,1.8,100,30
2025-12-03T10:00,5.6,6.7,181.0,275.0,1.5,1.03,85,0
2025-12-03T11:00,6.3,7.4,220.0,301.0,1.0,0.81,91,12
2025-12-03T12:00,7.2,7.8,224.0,266.0,1.0,1.2,99,3
2025-12-03T13:00,7.8,7.6,161.0,199.0,1.5,1.2,100,27
2025-12-03T14:00,7.4,6.0,76.0,97.0,2.0,1.5,100,42
2025-12-03T15:00,6.4,4.2,10.0,11.0,2.4,1.4,97,83
2025-12-03T16:00,6.0,3.4,0.0,0.0,2.4,1.17,94,33
2025-12-03T17:00,5.5,1.9,0.0,0.0,1.9,1.14,93,47
2025-12-03T18:00,4.5,1.0,0.0,0.0,2.2,1.54,52,100
2025-12-03T19:00,4.4,2.1,0.0,0.0,0.8,0.55,63,100
2025-12-03T20:00,4.1,2.8,0.0,0.0,1.3,0.76,100,98
2025-12-03T21:00,3.7,3.2,0.0,0.0,1.2,0.76,100,100
2025-12-03T22:00,4.2,3.3,0.0,0.0,0.3,1.07,100,99
2025-12-03T23:00,4.4,3.5,0.0,0.0,0.2,1.08,70,99
2025-12-04T00:00,4.4,3.1,0.0,0.0,2.0,1.1,99,100
2025-12-04T01:00,4.5,3.3,0.0,0.0,2.7,1.07,100,100
2025-12-04T02:00,4.9,3.4,0.0,0.0,3.0,1.16,100,100
2025-12-04T03:00,5.1,3.4,0.0,0.0,1.2,1.46,100,100
2025-12-04T04:00,5.0,3.4,0.0,0.0,2.3,1.57,100,91
2025-12-04T05:00,5.1,2.5,0.0,0.0,2.8,1.76,100,99
2025-12-04T06:00,4.8,3.8,0.0,0.0,2.5,1.09,100,100
2025-12-04T07:00,5.2,4.0,4.0,9.0,3.7,1.07,100,100
2025-12-04T08:00,5.6,4.9,14.0,38.0,3.2,1.15,100,100
2025-12-04T09:00,6.4,6.1,102.0,80.0,2.7,1.45,92,100
2025-12-04T10:00,7.4,7.2,153.0,125.0,1.7,1.55,100,95
2025-12-04T11:00,7.8,8.4,131.0,251.0,2.7,1.95,97,100
2025-12-04T12:00,7.8,8.5,55.0,160.0,3.1,1.77,100,100
2025-12-04T13:00,8.0,8.1,42.0,65.0,2.3,2.52,100,99
2025-12-04T14:00,7.8,6.6,58.0,94.0,4.1,2.97,100,100
2025-12-04T15:00,6.9,4.2,12.0,11.0,4.6,3.93,100,92
2025-12-04T16:00,6.4,3.3,0.0,0.0,2.4,3.94,100,100
2025-12-04T17:00,5.8,2.6,0.0,0.0,3.8,3.6,100,100
2025-12-04T18:00,5.4,3.7,0.0,0.0,4.7,3.97,100,100
2025-12-04T19:00,5.7,4.4,0.0,0.0,5.5,4.1,100,100
2025-12-04T20:00,5.8,4.8,0.0,0.0,5.7,4.26,100,100
2025-12-04T21:00,5.5,4.6,0.0,0.0,6.0,3.85,91,100
2025-12-04T22:00,5.1,5.1,0.0,0.0,5.4,4.21,88,100
2025-12-04T23:00,5.0,5.4,0.0,0.0,5.0,4.48,94,100
2025-12-05T00:00,5.0,5.3,0.0,0.0,3.9,4.22,100,100
2025-12-05T01:00,4.9,6.6,0.0,0.0,5.5,4.72,100,100
2025-12-05T02:00,4.8,6.6,0.0,0.0,5.4,5.01,99,100
2025-12-05T03:00,5.1,6.3,0.0,0.0,5.0,5.16,100,100
2025-12-05T04:00,5.0,6.3,0.0,0.0,4.6,4.25,100,100
2025-12-05T05:00,5.2,6.3,0.0,0.0,3.8,3.68,100,100
2025-12-05T06:00,4.6,6.4,0.0,0.0,3.1,3.58,99,100
2025-12-05T07:00,5.5,6.5,19.0,5.0,3.4,3.26,95,100
2025-12-05T08:00,6.2,7.3,84.0,33.0,3.1,3.35,100,100
2025-12-05T09:00,6.5,8.7,35.0,143.0,3.1,2.58,100,100
2025-12-05T10:00,7.4,9.3,36.0,163.0,2.3,2.9,100,100
2025-12-05T11:00,8.2,9.7,89.0,160.0,2.4,2.35,100,100
2025-12-05T12:00,8.4,9.8,98.0,159.0,3.8,1.88,100,100
2025-12-05T13:00,8.6,9.8,83.0,112.0,3.6,1.8,100,100
2025-12-05T14:00,8.4,8.6,44.0,42.0,4.1,2.12,100,100
2025-12-05T15:00,7.8,7.0,5.0,6.0,4.6,2.48,100,100
2025-12-05T16:00,7.8,5.8,0.0,0.0,4.3,2.87,100,100
2025-12-05T17:00,7.8,5.2,0.0,0.0,4.6,3.33,100,100
2025-12-05T18:00,7.0,4.3,0.0,0.0,4.1,3.33,100,100
2025-12-05T19:00,6.9,4.2,0.0,0.0,4.7,3.4,98,100
2025-12-05T20:00,6.3,4.1,0.0,0.0,4.8,3.0,20,100
2025-12-05T21:00,6.4,4.1,0.0,0.0,3.9,2.9,32,100
2025-12-05T22:00,6.2,3.8,0.0,0.0,3.6,2.74,0,95
2025-12-05T23:00,5.8,3.3,0.0,0.0,3.7,2.46,0,45
2025-12-06T00:00,5.8,2.2,0.0,0.0,2.6,2.76,96,99
2025-12-06T01:00,5.5,2.0,0.0,0.0,2.6,2.8,96,100
2025-12-06T02:00,5.3,1.7,0.0,0.0,2.7,2.82,60,100
2025-12-06T03:00,5.3,1.5,0.0,0.0,2.5,2.78,98,100
2025-12-06T04:00,5.2,1.5,0.0,0.0,2.9,3.04,97,100
2025-12-06T05:00,5.2,1.4,0.0,0.0,3.0,3.45,84,100
2025-12-06T06:00,5.2,1.9,0.0,0.0,3.3,2.48,0,95
2025-12-06T07:00,5.5,2.0,19.0,17.0,4.6,2.72,0,93
2025-12-06T08:00,6.7,4.0,111.0,110.0,4.5,2.77,0,19
2025-12-06T09:00,7.8,6.8,203.0,205.0,4.0,2.55,0,2
2025-12-06T10:00,8.6,8.9,264.0,269.0,3.6,1.79,27,4
2025-12-06T11:00,9.4,9.8,284.0,289.0,2.2,1.43,32,13
2025-12-06T12:00,9.2,9.2,257.0,263.0,1.8,2.68,0,84
2025-12-06T13:00,9.3,8.9,190.0,193.0,1.2,2.5,79,80
2025-12-06T14:00,8.7,7.0,95.0,94.0,1.7,2.13,96,95
2025-12-06T15:00,7.3,5.2,12.0,10.0,2.8,1.24,98,100
2025-12-06T16:00,6.3,4.0,0.0,0.0,3.1,0.99,100,98
2025-12-06T17:00,5.5,2.9,0.0,0.0,2.2,1.24,100,100
2025-12-06T18:00,5.1,3.0,0.0,0.0,1.0,0.47,100,100
2025-12-06T19:00,4.6,3.1,0.0,0.0,0.8,0.25,100,100
2025-12-06T20:00,3.9,2.9,0.0,0.0,0.5,0.43,98,100
2025-12-06T21:00,3.1,3.1,0.0,0.0,1.3,0.63,36,100
2025-12-06T22:00,3.1,3.1,0.0,0.0,0.5,0.27,97,100
2025-12-06T23:00,2.9,2.8,0.0,0.0,0.8,0.67,92,100
2025-12-07T00:00,3.4,2.7,0.0,0.0,1.2,0.4,99,100
2025-12-07T01:00,3.4,2.4,0.0,0.0,1.0,0.3,50,100
2025-12-07T02:00,2.9,2.6,0.0,0.0,1.2,0.68,60,100
2025-12-07T03:00,3.1,2.8,0.0,0.0,1.9,0.78,98,100
2025-12-07T04:00,3.3,2.9,0.0,0.0,1.6,0.72,100,100
2025-12-07T05:00,4.0,3.1,0.0,0.0,1.3,0.74,100,100
2025-12-07T06:00,3.9,2.4,0.0,0.0,0.4,0.83,100,100
2025-12-07T07:00,4.1,2.5,6.0,5.0,1.2,1.08,100,100
2025-12-07T08:00,4.7,3.1,37.0,18.0,1.9,1.08,100,100
2025-12-07T09:00,5.0,3.6,65.0,28.0,0.6,0.9,100,100
2025-12-07T10:00,5.6,4.2,99.0,60.0,0.6,0.65,100,100
2025-12-07T11:00,6.1,4.6,119.0,60.0,0.4,0.95,100,100
2025-12-07T12:00,5.8,5.9,66.0,101.0,1.0,1.65,100,100
2025-12-07T13:00,5.8,5.7,55.0,46.0,0.6,1.32,100,100
2025-12-07T14:00,5.8,5.7,27.0,37.0,0.9,1.05,100,100
2025-12-07T15:00,5.5,5.3,3.0,5.0,1.0,1.3,100,100
2025-12-07T16:00,5.6,5.5,0.0,0.0,1.0,1.22,100,100
2025-12-07T17:00,4.8,5.4,0.0,0.0,0.9,1.17,99,100
2025-12-07T18:00,4.1,5.1,0.0,0.0,0.2,1.4,88,100
2025-12-07T19:00,3.6,5.2,0.0,0.0,0.5,1.59,100,100
2025-12-07T20:00,3.8,5.2,0.0,0.0,0.6,2.14,100,100
2025-12-07T21:00,4.3,5.3,0.0,0.0,0.6,2.86,100,100
2025-12-07T22:00,4.5,5.0,0.0,0.0,0.6,3.02,100,100
2025-12-07T23:00,4.6,4.6,0.0,0.0,1.2,3.23,100,100
2025-12-08T00:00,4.8,3.3,0.0,0.0,1.0,0.25,100,100
2025-12-08T01:00,4.6,3.5,0.0,0.0,0.2,0.35,100,100
2025-12-08T02:00,4.5,3.5,0.0,0.0,0.2,0.22,100,100
2025-12-08T03:00,4.7,3.7,0.0,0.0,1.3,0.7,100,100
2025-12-08T04:00,4.8,3.7,0.0,0.0,1.6,1.6,100,100
2025-12-08T05:00,5.0,3.9,0.0,0.0,0.7,3.02,100,100
2025-12-08T06:00,4.5,3.0,0.0,0.0,1.7,2.52,100,100
2025-12-08T07:00,4.6,3.4,4.0,4.0,1.6,3.2,100,100
2025-12-08T08:00,4.9,4.3,21.0,34.0,2.4,3.96,100,100
2025-12-08T09:00,6.0,4.7,54.0,60.0,4.1,5.19,100,100
2025-12-08T10:00,6.3,5.1,85.0,93.0,4.7,5.46,100,100
2025-12-08T11:00,6.5,5.6,92.0,116.0,4.6,5.88,100,100
2025-12-08T12:00,6.9,6.1,76.0,105.0,5.3,5.8,100,100
2025-12-08T13:00,6.8,6.0,50.0,53.0,5.4,5.68,100,100
2025-12-08T14:00,6.6,5.9,23.0,22.0,5.1,5.79,100,98
2025-12-08T15:00,6.5,5.5,3.0,5.0,4.8,6.2,100,100
2025-12-08T16:00,6.3,5.3,0.0,0.0,5.2,5.95,100,100
2025-12-08T17:00,5.9,5.2,0.0,0.0,5.6,5.79,100,100
2025-12-08T18:00,5.4,5.2,0.0,0.0,5.4,5.02,100,100
2025-12-08T19:00,5.1,5.1,0.0,0.0,4.4,4.77,100,100
2025-12-08T20:00,5.0,4.8,0.0,0.0,3.9,4.78,100,100
2025-12-08T21:00,4.9,4.8,0.0,0.0,4.2,4.61,100,100
2025-12-08T22:00,4.9,4.7,0.0,0.0,4.9,4.09,100,100
2025-12-08T23:00,4.9,4.7,0.0,0.0,4.2,3.04,100,100
2025-12-09T00:00,5.4,4.5,0.0,0.0,4.5,2.64,100,100
2025-12-09T01:00,5.4,4.6,0.0,0.0,4.5,3.63,100,100
2025-12-09T02:00,5.4,4.6,0.0,0.0,4.4,3.68,100,100
2025-12-09T03:00,5.2,4.7,0.0,0.0,5.0,3.42,100,100
2025-12-09T04:00,5.2,4.6,0.0,0.0,4.7,3.44,100,100
2025-12-09T05:00,5.3,4.6,0.0,0.0,4.6,3.56,100,100
2025-12-09T06:00,5.2,4.7,0.0,0.0,5.5,3.76,100,100
2025-12-09T07:00,5.3,4.8,2.0,3.0,5.5,4.0,100,100
2025-12-09T08:00,5.4,5.0,13.0,20.0,6.4,3.88,100,100
2025-12-09T09:00,5.4,5.5,14.0,51.0,6.0,4.18,100,100
2025-12-09T10:00,5.4,5.7,19.0,61.0,6.1,4.49,100,100
2025-12-09T11:00,5.8,6.0,39.0,79.0,6.0,4.37,100,100
2025-12-09T12:00,6.2,6.0,44.0,53.0,5.8,5.17,100,100
2025-12-09T13:00,6.9,6.0,34.0,48.0,6.5,5.54,100,100
2025-12-09T14:00,7.1,6.0,21.0,26.0,6.1,5.01,100,100
2025-12-09T15:00,6.6,6.0,2.0,3.0,5.6,5.05,100,100
2025-12-09T16:00,6.7,6.1,0.0,0.0,5.4,5.0,100,100
2025-12-09T17:00,6.5,6.1,0.0,0.0,5.8,4.65,100,100
2025-12-09T18:00,6.6,6.1,0.0,0.0,5.7,3.88,100,100
2025-12-09T19:00,6.6,5.7,0.0,0.0,5.4,3.64,100,100
2025-12-09T20:00,6.7,5.6,0.0,0.0,5.2,3.18,100,100
2025-12-09T21:00,6.4,5.4,0.0,0.0,5.3,3.26,100,100
2025-12-09T22:00,6.2,5.2,0.0,0.0,5.0,3.29,100,100
2025-12-09T23:00,6.0,4.9,0.0,0.0,5.0,3.15,100,100
2025-12-10T00:00,6.3,4.8,0.0,0.0,4.6,2.35,100,100
2025-12-10T01:00,6.1,4.6,0.0,0.0,4.7,2.08,100,100
2025-12-10T02:00,6.1,4.6,0.0,0.0,3.8,1.79,100,100
2025-12-10T03:00,5.9,4.6,0.0,0.0,2.8,2.01,100,100
2025-12-10T04:00,5.9,4.6,0.0,0.0,2.3,1.57,100,100
2025-12-10T05:00,5.9,4.5,0.0,0.0,2.9,1.59,100,100
2025-12-10T06:00,5.5,4.2,0.0,0.0,2.6,1.61,100,100
2025-12-10T07:00,5.5,4.2,3.0,5.0,2.2,1.32,100,100
2025-12-10T08:00,5.8,4.3,23.0,27.0,1.9,1.23,100,100
2025-12-10T09:00,6.6,4.7,87.0,76.0,2.8,1.38,100,100
2025-12-10T10:00,7.0,5.1,182.0,118.0,2.6,1.46,99,100
2025-12-10T11:00,7.3,5.5,195.0,115.0,2.4,1.5,99,100
2025-12-10T12:00,7.0,6.0,192.0,129.0,2.5,1.07,99,100
2025-12-10T13:00,7.2,6.1,166.0,81.0,3.0,0.83,100,100
2025-12-10T14:00,6.9,5.9,80.0,42.0,3.1,0.76,100,100
2025-12-10T15:00,6.4,5.4,8.0,6.0,2.2,0.36,100,100
2025-12-10T16:00,6.4,5.0,0.0,0.0,1.7,0.25,100,100
2025-12-10T17:00,6.1,4.5,0.0,0.0,2.4,0.54,100,100
2025-12-10T18:00,6.2,4.2,0.0,0.0,2.4,0.47,100,100
2025-12-10T19:00,5.9,3.7,0.0,0.0,1.1,0.81,100,100
2025-12-10T20:00,5.7,3.2,0.0,0.0,0.8,0.97,100,100
2025-12-10T21:00,4.9,2.8,0.0,0.0,0.7,0.87,100,100
2025-12-10T22:00,4.6,3.3,0.0,0.0,0.5,1.01,100,100
2025-12-10T23:00,4.4,3.1,0.0,0.0,0.2,0.9,100,100
2025-12-11T00:00,4.5,3.2,0.0,0.0,0.6,1.43,100,100
2025-12-11T01:00,4.4,2.8,0.0,0.0,0.9,1.61,100,100
2025-12-11T02:00,4.1,3.0,0.0,0.0,1.2,1.87,100,100
2025-12-11T03:00,4.3,2.8,0.0,0.0,0.7,2.02,100,100
2025-12-11T04:00,4.0,2.6,0.0,0.0,0.4,2.0,100,100
2025-12-11T05:00,4.0,2.4,0.0,0.0,0.7,3.22,100,100
2025-12-11T06:00,4.2,2.0,0.0,0.0,1.2,3.15,100,100
2025-12-11T07:00,4.1,1.9,5.0,11.0,2.4,2.77,100,100
2025-12-11T08:00,4.1,2.8,30.0,72.0,1.6,1.39,100,100
2025-12-11T09:00,4.5,4.1,46.0,163.0,1.0,0.46,100,100
2025-12-11T10:00,5.2,5.4,85.0,200.0,0.9,0.28,100,100
2025-12-11T11:00,5.6,6.9,66.0,257.0,0.7,0.49,100,64
2025-12-11T12:00,5.3,6.7,13.0,178.0,1.5,0.96,100,100
2025-12-11T13:00,5.5,6.7,22.0,106.0,1.1,1.36,100,100
2025-12-11T14:00,5.4,5.9,12.0,44.0,1.8,1.82,100,100
2025-12-11T15:00,5.8,4.6,1.0,6.0,2.7,1.95,100,100
2025-12-11T16:00,5.7,4.2,0.0,0.0,1.6,1.92,100,100
2025-12-11T17:00,4.8,4.0,0.0,0.0,3.1,2.13,64,100
2025-12-11T18:00,4.5,2.2,0.0,0.0,2.4,2.53,100,100
2025-12-11T19:00,4.5,2.0,0.0,0.0,1.7,1.55,100,100
2025-12-11T20:00,4.6,2.0,0.0,0.0,1.3,0.65,100,100
2025-12-11T21:00,4.7,2.1,0.0,0.0,0.7,0.95,100,100
2025-12-11T22:00,4.7,2.1,0.0,0.0,0.9,0.51,100,100
2025-12-11T23:00,4.7,2.1,0.0,0.0,1.0,0.86,100,100
2025-12-12T00:00,4.8,2.9,0.0,0.0,1.5,0.92,100,100
2025-12-12T01:00,4.8,2.8,0.0,0.0,2.8,0.82,100,100
2025-12-12T02:00,4.6,2.8,0.0,0.0,2.6,0.68,100,100
2025-12-12T03:00,4.2,2.8,0.0,0.0,4.5,0.78,100,100
2025-12-12T04:00,4.0,2.7,0.0,0.0,4.1,0.32,100,100
2025-12-12T05:00,4.3,2.7,0.0,0.0,4.0,0.65,100,100
2025-12-12T06:00,4.3,2.4,0.0,0.0,3.9,2.06,96,100
2025-12-12T07:00,3.9,2.6,3.0,5.0,4.7,2.24,100,100
2025-12-12T08:00,4.1,2.8,39.0,22.0,3.9,2.17,100,100
2025-12-12T09:00,4.1,3.4,41.0,77.0,3.9,2.15,100,100
2025-12-12T10:00,4.7,3.6,80.0,116.0,2.2,2.15,100,100
2025-12-12T11:00,5.2,4.0,163.0,147.0,1.1,2.06,100,100
2025-12-12T12:00,5.4,4.0,173.0,163.0,1.7,2.64,98,100
2025-12-12T13:00,5.4,4.2,132.0,127.0,1.3,2.6,100,98
2025-12-12T14:00,5.3,3.9,61.0,67.0,1.1,2.65,21,95
2025-12-12T15:00,5.0,2.2,7.0,9.0,1.7,2.82,49,94
2025-12-12T16:00,4.8,1.9,0.0,0.0,1.5,2.33,100,91
2025-12-12T17:00,4.7,1.4,0.0,0.0,0.7,1.53,100,100
2025-12-12T18:00,4.6,1.8,0.0,0.0,2.1,0.34,100,100
2025-12-12T19:00,4.2,1.5,0.0,0.0,2.5,0.74,100,100
2025-12-12T20:00,4.2,1.1,0.0,0.0,2.7,1.89,100,100
2025-12-12T21:00,3.7,0.9,0.0,0.0,1.0,2.18,100,100
2025-12-12T22:00,3.4,0.6,0.0,0.0,1.0,2.21,100,100
2025-12-12T23:00,3.5,0.6,0.0,0.0,1.9,1.75,100,100
2025-12-13T00:00,3.9,0.8,0.0,0.0,0.7,1.49,100,100
2025-12-13T01:00,3.7,1.0,0.0,0.0,0.7,1.18,100,100
2025-12-13T02:00,3.3,0.8,0.0,0.0,0.9,0.76,100,100
2025-12-13T03:00,2.3,0.3,0.0,0.0,1.5,0.36,44,100
2025-12-13T04:00,1.7,0.2,0.0,0.0,1.3,0.29,84,100
2025-12-13T05:00,2.5,0.1,0.0,0.0,1.9,0.05,100,100
2025-12-13T06:00,1.5,0.5,0.0,0.0,1.2,0.51,100,100
2025-12-13T07:00,2.0,0.9,6.0,4.0,1.5,1.1,100,100
2025-12-13T08:00,2.9,1.4,42.0,24.0,2.8,2.18,100,100
2025-12-13T09:00,4.1,1.5,65.0,49.0,3.6,2.42,100,100
2025-12-13T10:00,4.5,1.8,120.0,81.0,3.7,2.56,100,100
2025-12-13T11:00,4.7,2.1,131.0,85.0,4.9,2.69,100,100
2025-12-13T12:00,4.4,2.1,91.0,92.0,5.0,3.78,100,100
2025-12-13T13:00,4.5,2.0,83.0,57.0,5.1,3.95,100,100
2025-12-13T14:00,4.2,1.9,38.0,22.0,6.7,4.07,100,100
2025-12-13T15:00,3.8,1.7,3.0,3.0,4.5,4.33,100,100
2025-12-13T16:00,3.5,1.7,0.0,0.0,4.6,4.37,100,100
2025-12-13T17:00,3.2,1.7,0.0,0.0,4.4,4.13,100,100
2025-12-13T18:00,2.9,1.7,0.0,0.0,4.5,4.16,100,100
2025-12-13T19:00,2.7,1.6,0.0,0.0,5.5,4.05,100,100
2025-12-13T20:00,2.5,1.6,0.0,0.0,4.6,4.02,100,100
2025-12-13T21:00,2.6,1.6,0.0,0.0,3.2,4.07,100,100
2025-12-13T22:00,2.6,1.5,0.0,0.0,4.4,3.51,100,100
2025-12-13T23:00,2.5,1.4,0.0,0.0,3.5,3.36,100,100
2025-12-14T00:00,2.6,1.2,0.0,0.0,2.5,3.08,100,100
2025-12-14T01:00,2.6,0.9,0.0,0.0,1.7,2.73,100,100
2025-12-14T02:00,2.5,0.6,0.0,0.0,1.4,1.91,100,100
2025-12-14T03:00,2.1,0.3,0.0,0.0,2.1,1.33,100,100
2025-12-14T04:00,2.1,0.0,0.0,0.0,2.7,0.93,100,100
2025-12-14T05:00,2.2,-0.2,0.0,0.0,3.0,1.02,100,100
2025-12-14T06:00,1.7,-0.4,0.0,0.0,3.5,1.61,49,100
2025-12-14T07:00,1.8,-0.5,3.0,4.0,4.6,2.09,100,100
2025-12-14T08:00,1.9,-0.2,13.0,36.0,4.7,2.44,100,100
2025-12-14T09:00,2.4,0.8,44.0,104.0,4.0,2.85,100,93
2025-12-14T10:00,2.8,2.2,74.0,189.0,2.8,3.43,100,52
2025-12-14T11:00,3.4,3.5,102.0,263.0,1.8,3.33,100,61
2025-12-14T12:00,3.8,4.0,217.0,249.0,1.7,3.73,99,23
2025-12-14T13:00,4.0,3.9,132.0,192.0,2.6,3.7,91,9
2025-12-14T14:00,4.0,2.9,82.0,94.0,3.1,4.05,93,26
2025-12-14T15:00,3.3,1.3,10.0,11.0,3.1,4.78,98,38
2025-12-14T16:00,2.7,0.9,0.0,0.0,4.0,4.48,100,30
2025-12-14T17:00,2.7,0.4,0.0,0.0,3.9,4.32,100,19
2025-12-14T18:00,2.1,-0.8,0.0,0.0,4.3,3.53,100,5
2025-12-14T19:00,2.2,-1.3,0.0,0.0,4.1,3.22,100,22
2025-12-14T20:00,1.9,-1.5,0.0,0.0,5.3,3.09,100,20
2025-12-14T21:00,1.6,-1.5,0.0,0.0,4.7,2.51,100,58
2025-12-14T22:00,1.7,-2.0,0.0,0.0,4.5,3.23,100,92
2025-12-14T23:00,1.7,-2.2,0.0,0.0,4.5,3.91,100,84
2025-12-15T00:00,1.7,-0.1,0.0,0.0,5.6,5.09,100,100
2025-12-15T01:00,1.6,0.8,0.0,0.0,6.1,4.89,100,100
2025-12-15T02:00,1.6,1.2,0.0,0.0,5.3,5.14,100,100
2025-12-15T03:00,1.6,1.5,0.0,0.0,4.7,5.33,100,100
2025-12-15T04:00,1.4,1.7,0.0,0.0,5.0,5.93,100,100
2025-12-15T05:00,1.6,1.8,0.0,0.0,5.1,5.87,100,100
2025-12-15T06:00,1.6,1.6,0.0,0.0,5.6,5.01,100,100
2025-12-15T07:00,1.8,2.0,2.0,3.0,5.7,5.15,100,100
2025-12-15T08:00,1.9,2.3,14.0,30.0,5.9,5.13,100,100
2025-12-15T09:00,2.0,2.4,29.0,39.0,5.8,5.3,100,100
2025-12-15T10:00,2.2,2.9,43.0,67.0,6.2,5.57,100,100
2025-12-15T11:00,2.4,3.1,53.0,68.0,6.2,5.5,100,100
2025-12-15T12:00,2.5,2.8,48.0,49.0,6.3,5.32,100,100
2025-12-15T13:00,2.6,2.8,36.0,48.0,6.1,5.35,100,100
2025-12-15T14:00,2.5,2.8,21.0,29.0,5.5,5.12,100,100
2025-12-15T15:00,2.3,2.5,3.0,3.0,5.7,4.85,100,100
2025-12-15T16:00,2.1,2.4,0.0,0.0,5.4,4.89,100,100
2025-12-15T17:00,1.8,2.2,0.0,0.0,5.6,4.84,100,100
2025-12-15T18:00,1.8,2.7,0.0,0.0,5.4,4.98,100,100
2025-12-15T19:00,1.7,2.6,0.0,0.0,5.1,4.61,100,100
2025-12-15T20:00,1.6,2.6,0.0,0.0,4.8,4.25,100,100
2025-12-15T21:00,1.4,2.5,0.0,0.0,3.8,4.05,100,100
2025-12-15T22:00,1.2,2.3,0.0,0.0,3.9,3.95,100,100
2025-12-15T23:00,1.1,2.1,0.0,0.0,3.4,4.08,100,100
2025-12-16T00:00,0.6,2.0,0.0,0.0,2.8,3.48,100,96
2025-12-16T01:00,0.5,1.9,0.0,0.0,3.3,2.89,100,98
2025-12-16T02:00,0.3,1.8,0.0,0.0,2.5,2.5,100,100
2025-12-16T03:00,0.2,1.5,0.0,0.0,2.8,2.43,100,100
2025-12-16T04:00,0.1,0.9,0.0,0.0,2.1,2.71,100,89
2025-12-16T05:00,0.1,-0.2,0.0,0.0,2.4,2.38,100,52
2025-12-16T06:00,0.1,0.0,0.0,0.0,1.2,2.07,100,84
2025-12-16T07:00,0.2,-0.1,6.0,7.0,3.1,0.51,100,80
2025-12-16T08:00,0.4,1.2,55.0,69.0,2.2,1.18,100,88
2025-12-16T09:00,0.8,2.1,121.0,157.0,1.5,1.32,100,82
2025-12-16T10:00,1.6,3.3,222.0,243.0,2.1,1.0,16,80
2025-12-16T11:00,2.3,4.4,240.0,276.0,2.7,1.15,100,100
2025-12-16T12:00,2.6,5.1,199.0,249.0,2.2,1.6,100,100
2025-12-16T13:00,3.0,5.2,164.0,162.0,2.5,1.71,100,98
2025-12-16T14:00,2.9,3.7,77.0,77.0,2.4,2.21,100,100
2025-12-16T15:00,2.5,2.3,11.0,10.0,3.0,2.21,100,100
2025-12-16T16:00,2.1,1.6,0.0,0.0,3.7,1.88,100,100
2025-12-16T17:00,1.7,0.6,0.0,0.0,4.0,1.86,100,100
2025-12-16T18:00,1.5,0.5,0.0,0.0,3.4,1.75,100,100
2025-12-16T19:00,1.4,-0.3,0.0,0.0,3.2,1.5,100,100
2025-12-16T20:00,1.4,-0.2,0.0,0.0,2.9,1.3,100,100
2025-12-16T21:00,0.9,-0.8,0.0,0.0,3.1,1.38,100,100
2025-12-16T22:00,0.8,-0.7,0.0,0.0,2.3,1.5,100,100
2025-12-16T23:00,1.4,-1.0,0.0,0.0,2.2,1.43,100,100
2025-12-17T00:00,1.3,-1.4,0.0,0.0,2.3,2.0,100,100
2025-12-17T01:00,1.5,-1.3,0.0,0.0,2.5,2.13,100,100
2025-12-17T02:00,1.7,-1.4,0.0,0.0,2.6,2.48,100,100
2025-12-17T03:00,1.8,-1.3,0.0,0.0,2.8,2.34,100,100
2025-12-17T04:00,1.9,-1.3,0.0,0.0,2.1,2.17,100,100
2025-12-17T05:00,2.6,-1.6,0.0,0.0,1.8,2.28,100,100
2025-12-17T06:00,2.1,-1.7,0.0,0.0,2.7,2.95,100,100
2025-12-17T07:00,1.8,-1.3,9.0,9.0,3.5,3.21,100,100
2025-12-17T08:00,2.6,0.9,81.0,82.0,3.8,3.16,100,100
2025-12-17T09:00,3.9,3.6,176.0,181.0,3.4,4.05,99,100
2025-12-17T10:00,4.9,5.3,252.0,248.0,2.5,4.9,98,100
2025-12-17T11:00,6.1,5.7,270.0,156.0,2.3,5.95,100,100
2025-12-17T12:00,5.5,6.2,180.0,147.0,3.2,6.17,100,100
2025-12-17T13:00,5.5,6.0,127.0,134.0,2.7,5.55,100,65
2025-12-17T14:00,4.9,4.9,48.0,67.0,3.9,6.07,100,95
2025-12-17T15:00,4.4,3.9,4.0,7.0,5.3,5.76,100,97
2025-12-17T16:00,4.1,3.5,0.0,0.0,4.1,5.92,100,99
2025-12-17T17:00,3.7,3.2,0.0,0.0,4.8,4.93,98,100
2025-12-17T18:00,2.6,2.7,0.0,0.0,4.4,4.38,100,78
2025-12-17T19:00,2.4,2.5,0.0,0.0,2.8,4.46,100,91
2025-12-17T20:00,2.6,2.7,0.0,0.0,4.0,3.77,100,98
2025-12-17T21:00,2.5,2.8,0.0,0.0,5.0,3.75,100,100
2025-12-17T22:00,2.7,2.9,0.0,0.0,4.4,3.83,100,100
2025-12-17T23:00,2.7,2.7,0.0,0.0,4.6,4.49,100,100
2025-12-18T00:00,2.5,0.9,0.0,0.0,4.4,4.1,100,79
2025-12-18T01:00,2.3,1.4,0.0,0.0,3.4,2.32,100,100
2025-12-18T02:00,2.3,2.1,0.0,0.0,3.7,2.45,100,100
2025-12-18T03:00,1.9,2.1,0.0,0.0,3.2,1.68,100,100
2025-12-18T04:00,2.0,1.6,0.0,0.0,3.8,1.1,100,99
2025-12-18T05:00,1.8,1.4,0.0,0.0,2.9,0.93,81,100
2025-12-18T06:00,2.0,0.1,0.0,0.0,2.8,1.17,100,100
2025-12-18T07:00,2.0,1.0,3.0,4.0,2.1,1.22,100,100
2025-12-18T08:00,2.5,2.3,45.0,39.0,1.0,1.01,91,95
2025-12-18T09:00,2.8,3.6,91.0,109.0,0.5,0.83,100,92
2025-12-18T10:00,3.6,4.5,143.0,167.0,1.0,0.81,100,94
2025-12-18T11:00,4.2,4.8,141.0,144.0,1.9,1.11,100,100
2025-12-18T12:00,4.0,5.6,69.0,214.0,2.7,1.77,100,91
2025-12-18T13:00,4.1,5.5,53.0,134.0,2.7,2.17,100,96
2025-12-18T14:00,4.1,4.5,29.0,63.0,2.1,2.16,100,100
2025-12-18T15:00,3.6,3.3,6.0,8.0,2.6,2.15,100,100
2025-12-18T16:00,3.1,3.4,0.0,0.0,2.5,2.15,100,100
2025-12-18T17:00,2.7,2.8,0.0,0.0,2.4,2.14,100,100
2025-12-18T18:00,3.3,2.6,0.0,0.0,3.8,1.32,100,100
2025-12-18T19:00,3.1,2.7,0.0,0.0,2.8,1.53,100,100
2025-12-18T20:00,2.8,2.8,0.0,0.0,1.9,1.43,100,100
2025-12-18T21:00,3.2,2.8,0.0,0.0,3.2,1.12,100,100
2025-12-18T22:00,3.2,2.6,0.0,0.0,2.6,0.71,100,100
2025-12-18T23:00,3.1,2.4,0.0,0.0,2.4,0.86,100,100
2025-12-19T00:00,3.1,0.6,0.0,0.0,2.7,1.06,100,100
2025-12-19T01:00,3.0,0.3,0.0,0.0,1.7,0.6,100,100
2025-12-19T02:00,3.0,0.0,0.0,0.0,1.4,0.34,100,100
2025-12-19T03:00,3.1,-0.2,0.0,0.0,1.0,0.21,100,100
2025-12-19T04:00,3.1,-0.3,0.0,0.0,1.0,0.5,100,100
2025-12-19T05:00,3.4,-0.4,0.0,0.0,1.7,0.45,100,100
2025-12-19T06:00,3.7,0.2,0.0,0.0,2.3,0.45,100,100
2025-12-19T07:00,3.8,0.5,1.0,2.0,2.2,0.61,100,100
2025-12-19T08:00,3.9,0.8,8.0,15.0,1.5,0.82,100,100
2025-12-19T09:00,4.1,1.6,20.0,44.0,0.7,0.66,100,100
2025-12-19T10:00,4.5,2.2,28.0,61.0,0.6,1.1,100,100
2025-12-19T11:00,4.8,2.8,22.0,67.0,0.7,0.95,100,100
2025-12-19T12:00,4.9,4.1,19.0,76.0,1.1,0.74,100,100
2025-12-19T13:00,5.2,4.2,12.0,38.0,1.7,0.59,100,100
2025-12-19T14:00,5.4,4.1,11.0,16.0,0.9,0.95,100,100
2025-12-19T15:00,5.8,3.7,1.0,2.0,1.1,0.8,100,100
2025-12-19T16:00,5.6,3.6,0.0,0.0,0.8,1.4,100,100
2025-12-19T17:00,5.5,3.4,0.0,0.0,1.4,1.2,100,100
2025-12-19T18:00,5.3,3.6,0.0,0.0,0.6,0.45,100,100
2025-12-19T19:00,5.2,3.6,0.0,0.0,0.6,0.9,100,100
2025-12-19T20:00,5.5,3.8,0.0,0.0,0.7,0.95,100,100
2025-12-19T21:00,5.9,3.9,0.0,0.0,0.8,1.2,100,100
2025-12-19T22:00,5.7,3.9,0.0,0.0,1.6,0.8,100,100
2025-12-19T23:00,6.1,4.0,0.0,0.0,1.7,0.61,100,100
2025-12-20T00:00,6.1,4.2,0.0,0.0,1.3,1.05,100,100
2025-12-20T01:00,5.9,4.4,0.0,0.0,1.9,1.27,100,100
2025-12-20T02:00,5.9,4.3,0.0,0.0,2.0,1.29,100,100
2025-12-20T03:00,5.5,4.4,0.0,0.0,2.3,1.52,100,100
2025-12-20T04:00,5.5,4.4,0.0,0.0,2.2,1.5,100,100
2025-12-20T05:00,5.6,4.4,0.0,0.0,2.6,1.62,100,100
2025-12-20T06:00,6.0,4.4,0.0,0.0,2.4,1.25,100,100
2025-12-20T07:00,5.9,4.5,1.0,2.0,2.0,1.35,100,100
2025-12-20T08:00,6.0,5.2,9.0,22.0,1.4,1.5,100,100
2025-12-20T09:00,5.4,5.6,8.0,30.0,1.3,1.24,100,100
2025-12-20T10:00,5.4,6.3,10.0,55.0,1.5,1.0,100,100
2025-12-20T11:00,5.4,6.9,12.0,76.0,2.7,1.26,100,100
2025-12-20T12:00,5.7,6.5,13.0,52.0,1.5,1.35,100,100
2025-12-20T13:00,5.6,6.7,12.0,43.0,1.9,1.71,100,100
2025-12-20T14:00,5.5,6.4,9.0,18.0,2.4,1.04,100,100
2025-12-20T15:00,5.6,5.8,1.0,3.0,1.6,0.86,100,100
2025-12-20T16:00,5.7,5.6,0.0,0.0,1.2,0.63,100,100
2025-12-20T17:00,5.5,5.3,0.0,0.0,0.4,0.29,100,91
2025-12-20T18:00,5.5,5.0,0.0,0.0,1.4,1.21,100,100
2025-12-20T19:00,5.4,4.8,0.0,0.0,1.9,1.53,100,100
2025-12-20T20:00,5.5,4.6,0.0,0.0,2.5,1.6,100,100
2025-12-20T21:00,5.6,4.3,0.0,0.0,1.9,1.96,100,100
2025-12-20T22:00,5.7,4.2,0.0,0.0,2.4,2.51,100,100
2025-12-20T23:00,5.4,4.1,0.0,0.0,3.1,3.1,100,100
2025-12-21T00:00,5.2,3.1,0.0,0.0,2.7,4.67,100,70
2025-12-21T01:00,4.8,2.7,0.0,0.0,3.0,4.61,100,65
2025-12-21T02:00,4.5,2.1,0.0,0.0,2.8,4.1,100,98
2025-12-21T03:00,4.9,2.3,0.0,0.0,1.6,3.36,100,88
2025-12-21T04:00,4.7,2.4,0.0,0.0,0.6,2.96,100,47
2025-12-21T05:00,4.2,2.0,0.0,0.0,0.8,2.75,100,23
2025-12-21T06:00,4.8,1.2,0.0,0.0,0.8,0.98,100,100
2025-12-21T07:00,5.1,1.6,1.0,5.0,1.4,0.54,100,100
2025-12-21T08:00,5.5,2.6,30.0,47.0,1.9,0.4,100,100
2025-12-21T09:00,5.6,3.1,51.0,103.0,1.6,0.67,100,100
2025-12-21T10:00,5.9,3.7,91.0,142.0,2.1,0.71,100,100
2025-12-21T11:00,6.1,4.1,80.0,159.0,2.0,1.03,100,100
2025-12-21T12:00,5.9,5.8,70.0,124.0,0.8,1.19,100,100
2025-12-21T13:00,5.9,5.6,33.0,59.0,0.5,1.07,100,100
2025-12-21T14:00,6.0,5.6,32.0,42.0,0.2,0.67,69,100
2025-12-21T15:00,5.6,5.2,6.0,5.0,1.1,1.22,100,100
2025-12-21T16:00,5.6,4.8,0.0,0.0,0.9,1.78,100,100
2025-12-21T17:00,5.3,3.4,0.0,0.0,1.6,2.16,100,100
2025-12-21T18:00,5.5,4.8,0.0,0.0,2.1,0.8,100,100
2025-12-21T19:00,5.4,4.5,0.0,0.0,1.5,0.81,100,100
2025-12-21T20:00,5.0,3.9,0.0,0.0,1.0,0.92,100,99
2025-12-21T21:00,4.6,3.5,0.0,0.0,1.2,0.59,100,94
2025-12-21T22:00,4.7,2.9,0.0,0.0,1.1,0.6,100,80
2025-12-21T23:00,4.9,2.3,0.0,0.0,0.2,1.05,100,80
2025-12-22T00:00,4.7,0.7,0.0,0.0,0.3,1.08,100,100
2025-12-22T01:00,4.5,0.6,0.0,0.0,1.1,1.7,100,100
2025-12-22T02:00,4.5,0.6,0.0,0.0,3.3,2.2,100,100
2025-12-22T03:00,4.0,0.8,0.0,0.0,1.8,2.4,100,100
2025-12-22T04:00,4.3,1.2,0.0,0.0,0.1,2.3,100,100
2025-12-22T05:00,4.5,1.4,0.0,0.0,0.5,2.03,100,100
2025-12-22T06:00,4.6,3.4,0.0,0.0,1.0,1.01,100,100
2025-12-22T07:00,4.5,3.4,2.0,3.0,2.3,0.35,100,100
2025-12-22T08:00,4.7,3.5,32.0,32.0,1.9,0.42,100,100
2025-12-22T09:00,5.5,3.7,177.0,69.0,0.3,0.45,14,100
2025-12-22T10:00,6.3,4.2,183.0,104.0,1.3,0.68,100,100
2025-12-22T11:00,6.4,4.5,62.0,90.0,1.1,1.01,100,100
2025-12-22T12:00,6.7,5.7,95.0,127.0,1.1,0.62,100,100
2025-12-22T13:00,6.6,5.9,81.0,76.0,1.9,0.29,100,100
2025-12-22T14:00,6.7,5.1,43.0,45.0,1.2,0.89,100,95
2025-12-22T15:00,6.4,4.3,6.0,7.0,1.1,1.59,100,96
2025-12-22T16:00,5.9,4.0,0.0,0.0,1.6,1.61,100,90
2025-12-22T17:00,5.3,3.5,0.0,0.0,1.6,1.53,100,98
2025-12-22T18:00,5.5,3.6,0.0,0.0,1.3,1.03,100,100
2025-12-22T19:00,4.5,3.4,0.0,0.0,1.2,0.67,100,99
2025-12-22T20:00,3.6,3.4,0.0,0.0,1.6,0.96,100,99
2025-12-22T21:00,3.4,3.2,0.0,0.0,1.3,1.71,100,98
2025-12-22T22:00,3.6,3.2,0.0,0.0,1.2,1.66,100,82
2025-12-22T23:00,3.7,3.1,0.0,0.0,1.5,1.77,100,77
2025-12-23T00:00,4.2,2.9,0.0,0.0,2.0,1.3,100,100
2025-12-23T01:00,4.1,3.1,0.0,0.0,2.7,0.89,100,100
2025-12-23T02:00,4.2,3.1,0.0,0.0,2.4,0.96,100,100
2025-12-23T03:00,4.2,3.2,0.0,0.0,2.4,1.0,100,100
2025-12-23T04:00,4.1,3.2,0.0,0.0,2.7,0.72,100,100
2025-12-23T05:00,4.2,3.0,0.0,0.0,2.5,0.55,100,100
2025-12-23T06:00,4.2,3.1,0.0,0.0,2.6,1.3,100,100
2025-12-23T07:00,4.2,3.4,1.0,3.0,2.7,1.2,100,100
2025-12-23T08:00,4.3,4.0,15.0,31.0,2.5,0.97,100,100
2025-12-23T09:00,4.4,4.6,12.0,59.0,2.2,0.95,100,100
2025-12-23T10:00,4.5,5.1,21.0,97.0,1.2,1.03,100,100
2025-12-23T11:00,4.6,5.3,61.0,86.0,1.4,0.85,100,100
2025-12-23T12:00,4.3,5.4,32.0,97.0,1.5,0.21,100,100
2025-12-23T13:00,4.6,5.4,54.0,63.0,1.5,1.54,100,100
2025-12-23T14:00,4.6,5.2,21.0,36.0,1.9,2.3,100,100
2025-12-23T15:00,4.2,4.6,2.0,3.0,2.4,2.78,100,100
2025-12-23T16:00,4.1,4.4,0.0,0.0,3.8,3.38,100,100
2025-12-23T17:00,4.0,3.7,0.0,0.0,5.3,5.5,100,100
2025-12-23T18:00,3.5,2.5,0.0,0.0,6.1,7.05,100,100
2025-12-23T19:00,2.5,1.9,0.0,0.0,7.4,7.46,100,100
2025-12-23T20:00,2.0,1.4,0.0,0.0,8.1,7.72,100,100
2025-12-23T21:00,1.8,1.1,0.0,0.0,9.8,8.0,94,100
2025-12-23T22:00,1.3,0.6,0.0,0.0,10.5,8.64,99,100
2025-12-23T23:00,1.1,0.3,0.0,0.0,10.4,9.12,88,100
2025-12-24T00:00,1.2,0.5,0.0,0.0,9.8,8.71,100,100
2025-12-24T01:00,1.3,0.3,0.0,0.0,9.7,8.86,100,100
2025-12-24T02:00,1.2,0.3,0.0,0.0,10.1,8.72,100,100
2025-12-24T03:00,1.0,0.4,0.0,0.0,9.9,8.78,90,100
2025-12-24T04:00,0.9,0.4,0.0,0.0,10.0,8.59,95,100
2025-12-24T05:00,1.0,0.4,0.0,0.0,9.9,8.28,100,100
2025-12-24T06:00,0.8,0.8,0.0,0.0,9.8,8.13,15,100
2025-12-24T07:00,0.6,1.0,8.0,2.0,9.9,8.05,14,100
2025-12-24T08:00,0.9,1.2,80.0,19.0,9.8,7.66,16,100
2025-12-24T09:00,1.5,1.3,152.0,31.0,9.8,7.74,33,100
2025-12-24T10:00,1.6,1.4,222.0,57.0,10.0,7.7,16,100
2025-12-24T11:00,1.9,1.5,239.0,59.0,9.5,7.86,100,100
2025-12-24T12:00,1.6,0.8,178.0,80.0,9.7,8.21,100,100
2025-12-24T13:00,1.2,1.0,68.0,80.0,10.2,8.23,100,5
2025-12-24T14:00,0.6,0.6,56.0,92.0,11.6,9.33,6,9
2025-12-24T15:00,-0.3,-0.3,14.0,14.0,11.9,9.41,0,20
2025-12-24T16:00,-0.8,-0.8,0.0,0.0,11.1,9.27,0,5
2025-12-24T17:00,-1.2,-1.1,0.0,0.0,11.4,8.9,0,6
2025-12-24T18:00,-1.1,-2.1,0.0,0.0,11.8,8.84,0,37
2025-12-24T19:00,-1.4,-2.7,0.0,0.0,12.1,8.69,0,71
2025-12-24T20:00,-1.8,-2.8,0.0,0.0,12.0,9.05,60,100
2025-12-24T21:00,-2.3,-2.5,0.0,0.0,11.9,9.0,0,100
2025-12-24T22:00,-2.7,-2.8,0.0,0.0,12.0,8.84,69,100
2025-12-24T23:00,-3.0,-2.7,0.0,0.0,11.8,8.91,91,100
2025-12-25T00:00,-3.0,-2.4,0.0,0.0,12.5,8.57,100,100
2025-12-25T01:00,-3.3,-2.3,0.0,0.0,12.7,8.51,91,100
2025-12-25T02:00,-3.4,-2.3,0.0,0.0,12.3,8.65,76,100
2025-12-25T03:00,-3.4,-2.2,0.0,0.0,12.4,8.7,7,100
2025-12-25T04:00,-3.5,-2.4,0.0,0.0,11.9,8.66,65,100
2025-12-25T05:00,-3.4,-2.5,0.0,0.0,11.3,7.95,82,100
2025-12-25T06:00,-3.6,-2.7,0.0,0.0,11.7,8.5,5,95
2025-12-25T07:00,-3.5,-2.8,8.0,5.0,11.2,8.5,0,34
2025-12-25T08:00,-2.9,-2.3,91.0,68.0,10.9,8.06,0,13
2025-12-25T09:00,-2.1,-1.2,190.0,175.0,10.6,7.77,0,16
2025-12-25T10:00,-1.5,-0.1,262.0,246.0,10.8,6.95,0,24
2025-12-25T11:00,-0.7,0.8,289.0,268.0,10.4,6.6,1,13
2025-12-25T12:00,-0.7,0.9,273.0,261.0,10.7,6.86,0,0
2025-12-25T13:00,-0.7,0.7,208.0,198.0,10.6,7.22,0,2
2025-12-25T14:00,-0.9,-0.3,110.0,102.0,10.1,7.57,0,2
2025-12-25T15:00,-1.3,-1.6,16.0,14.0,11.1,7.81,0,12
2025-12-25T16:00,-1.8,-2.2,0.0,0.0,12.2,9.22,0,0
2025-12-25T17:00,-2.4,-2.5,0.0,0.0,11.2,9.42,0,0
2025-12-25T18:00,-2.3,-2.8,0.0,0.0,10.1,9.15,0,0
2025-12-25T19:00,-2.6,-3.3,0.0,0.0,10.7,7.75,0,2
2025-12-25T20:00,-2.6,-3.6,0.0,0.0,10.3,7.62,0,4
2025-12-25T21:00,-3.1,-3.7,0.0,0.0,10.5,8.51,0,0
2025-12-25T22:00,-3.2,-3.7,0.0,0.0,8.6,7.45,0,0
2025-12-25T23:00,-3.3,-3.8,0.0,0.0,8.6,5.06,0,0
2025-12-26T00:00,-3.2,-3.9,0.0,0.0,8.6,5.93,85,38
2025-12-26T01:00,-2.2,-3.9,0.0,0.0,9.9,6.12,25,62
2025-12-26T02:00,-2.2,-4.1,0.0,0.0,9.3,5.2,0,99
2025-12-26T03:00,-2.3,-4.3,0.0,0.0,8.6,4.66,99,100
2025-12-26T04:00,-2.2,-4.1,0.0,0.0,8.5,4.15,100,100
2025-12-26T05:00,-1.4,-3.8,0.0,0.0,8.6,3.76,100,100
2025-12-26T06:00,-0.8,-4.2,0.0,0.0,8.0,3.56,100,100
2025-12-26T07:00,0.0,-3.6,6.0,6.0,8.0,3.71,100,98
2025-12-26T08:00,1.0,-2.2,87.0,75.0,5.4,3.7,98,98
2025-12-26T09:00,2.1,0.1,186.0,176.0,2.8,2.2,99,95
2025-12-26T10:00,2.7,2.0,254.0,255.0,1.1,0.25,98,80
2025-12-26T11:00,3.1,3.3,175.0,288.0,1.7,1.7,9,100
2025-12-26T12:00,2.9,3.2,147.0,202.0,1.1,2.44,3,52
2025-12-26T13:00,3.3,2.7,166.0,147.0,1.8,2.2,91,80
2025-12-26T14:00,4.2,2.1,69.0,68.0,6.9,0.43,95,100
2025-12-26T15:00,2.7,1.9,15.0,7.0,7.7,3.6,40,86
2025-12-26T16:00,2.8,2.5,0.0,0.0,9.1,6.11,96,97
2025-12-26T17:00,1.9,3.1,0.0,0.0,7.8,7.23,17,100
2025-12-26T18:00,1.7,2.5,0.0,0.0,6.6,7.38,100,100
2025-12-26T19:00,1.5,2.8,0.0,0.0,5.7,7.77,100,100
2025-12-26T20:00,1.4,2.5,0.0,0.0,6.7,7.05,100,100
2025-12-26T21:00,1.3,2.1,0.0,0.0,6.4,6.95,50,100
2025-12-26T22:00,0.9,1.8,0.0,0.0,7.8,7.41,0,91
2025-12-26T23:00,0.8,1.7,0.0,0.0,9.2,7.46,0,71
2025-12-27T00:00,1.2,1.3,0.0,0.0,11.4,7.56,0,80
2025-12-27T01:00,1.0,1.1,0.0,0.0,11.3,7.73,0,78
2025-12-27T02:00,0.9,0.9,0.0,0.0,10.8,7.56,0,23
2025-12-27T03:00,0.8,0.5,0.0,0.0,9.8,7.38,0,16
2025-12-27T04:00,0.5,0.2,0.0,0.0,9.1,7.11,0,2
2025-12-27T05:00,0.3,-0.5,0.0,0.0,8.6,6.45,0,5
2025-12-27T06:00,0.4,-2.4,0.0,0.0,8.3,4.85,0,1
2025-12-27T07:00,0.4,-2.3,8.0,7.0,6.6,4.2,89,5
2025-12-27T08:00,1.5,0.1,80.0,89.0,2.4,3.26,89,2
2025-12-27T09:00,2.6,1.8,184.0,191.0,0.3,0.45,34,2
2025-12-27T10:00,3.1,2.3,261.0,267.0,3.0,1.58,9,1
2025-12-27T11:00,3.6,2.3,279.0,298.0,3.1,2.02,76,2
2025-12-27T12:00,3.8,2.8,222.0,278.0,1.8,1.66,55,0
2025-12-27T13:00,4.2,2.7,192.0,210.0,1.7,0.76,10,0
2025-12-27T14:00,3.6,1.0,111.0,111.0,3.4,2.8,0,0
2025-12-27T15:00,2.2,-0.8,18.0,16.0,4.3,4.82,0,0
2025-12-27T16:00,1.6,-1.2,0.0,0.0,5.4,4.61,0,0
2025-12-27T17:00,1.1,-1.1,0.0,0.0,7.1,4.83,0,21
2025-12-27T18:00,0.5,-1.4,0.0,0.0,4.4,4.93,0,25
2025-12-27T19:00,0.1,-1.7,0.0,0.0,5.6,5.37,1,0
2025-12-27T20:00,0.4,-2.4,0.0,0.0,2.0,2.05,16,40
2025-12-27T21:00,-0.2,-2.1,0.0,0.0,1.1,2.25,98,3
2025-12-27T22:00,0.2,-3.0,0.0,0.0,1.4,2.45,100,55
2025-12-27T23:00,2.1,1.6,0.0,0.0,12.6,11.31,7,100
2025-12-28T00:00,1.9,2.0,0.0,0.0,10.6,9.11,6,75
2025-12-28T01:00,1.6,1.4,0.0,0.0,9.0,9.61,1,100
2025-12-28T02:00,1.5,1.4,0.0,0.0,10.6,10.02,100,100
2025-12-28T03:00,1.3,1.4,0.0,0.0,10.5,9.67,0,88
2025-12-28T04:00,1.1,1.5,0.0,0.0,12.3,9.17,3,82
2025-12-28T05:00,1.2,1.4,0.0,0.0,12.5,8.88,3,56
2025-12-28T06:00,1.5,1.1,0.0,0.0,12.2,9.3,3,100
2025-12-28T07:00,1.5,1.3,7.0,3.0,12.2,9.84,6,100
2025-12-28T08:00,1.9,1.4,82.0,37.0,12.6,10.37,4,91
2025-12-28T09:00,2.3,1.7,187.0,100.0,13.2,13.04,1,100
2025-12-28T10:00,2.6,2.0,260.0,140.0,12.6,9.81,6,100
2025-12-28T11:00,2.7,2.6,285.0,159.0,13.0,13.4,2,100
2025-12-28T12:00,2.4,2.5,237.0,180.0,10.7,14.3,71,84
2025-12-28T13:00,2.0,2.1,152.0,110.0,10.3,10.67,93,100
2025-12-28T14:00,1.5,2.0,89.0,55.0,9.7,9.51,22,100
2025-12-28T15:00,1.2,1.3,15.0,7.0,10.0,8.65,12,81
2025-12-28T16:00,1.0,1.0,0.0,0.0,9.9,8.65,6,71
2025-12-28T17:00,0.7,1.0,0.0,0.0,10.1,9.32,4,99
2025-12-28T18:00,0.8,1.3,0.0,0.0,10.1,9.05,3,100
2025-12-28T19:00,0.6,1.2,0.0,0.0,10.0,8.78,4,100
2025-12-28T20:00,0.5,1.1,0.0,0.0,7.3,8.51,53,100
2025-12-28T21:00,0.8,1.1,0.0,0.0,6.2,8.88,100,100
2025-12-28T22:00,0.8,1.1,0.0,0.0,7.0,8.93,24,83
2025-12-28T23:00,0.1,0.6,0.0,0.0,4.7,6.37,4,43
2025-12-29T00:00,0.5,-0.2,0.0,0.0,5.8,4.66,55,26
2025-12-29T01:00,0.1,-2.3,0.0,0.0,3.1,2.46,3,5
2025-12-29T02:00,-0.4,-3.8,0.0,0.0,1.4,3.44,0,2
2025-12-29T03:00,-0.8,-4.4,0.0,0.0,1.7,3.4,0,0
2025-12-29T04:00,-1.4,-4.6,0.0,0.0,4.3,3.32,0,0
2025-12-29T05:00,-1.9,-4.9,0.0,0.0,4.7,3.11,0,0
2025-12-29T06:00,-2.3,-5.3,0.0,0.0,5.5,1.6,0,0
2025-12-29T07:00,-2.6,-4.9,8.0,7.0,5.1,1.5,0,0
2025-12-29T08:00,-1.7,-3.3,95.0,89.0,4.3,1.0,0,10
2025-12-29T09:00,-0.5,-1.6,200.0,189.0,2.1,0.67,0,14
2025-12-29T10:00,0.2,0.5,274.0,263.0,1.6,1.03,0,48
2025-12-29T11:00,0.8,2.1,304.0,287.0,1.4,0.54,0,89
2025-12-29T12:00,1.4,1.6,285.0,270.0,1.2,0.65,0,35
2025-12-29T13:00,1.8,2.0,220.0,205.0,1.2,0.5,0,42
2025-12-29T14:00,1.4,0.3,120.0,108.0,2.5,1.06,0,9
2025-12-29T15:00,0.5,-2.1,20.0,17.0,2.1,1.54,0,6
2025-12-29T16:00,0.1,-2.9,0.0,0.0,1.3,2.66,0,10
2025-12-29T17:00,-0.6,-3.2,0.0,0.0,1.0,2.67,0,11
2025-12-29T18:00,-0.6,-4.3,0.0,0.0,2.4,2.76,29,9
2025-12-29T19:00,-0.7,-4.4,0.0,0.0,2.6,2.11,20,21
2025-12-29T20:00,-1.5,-4.4,0.0,0.0,3.8,0.87,0,22
2025-12-29T21:00,-1.3,-4.4,0.0,0.0,6.8,0.2,86,14
2025-12-29T22:00,-1.5,-4.5,0.0,0.0,1.1,1.74,0,12
2025-12-29T23:00,-1.9,-4.8,0.0,0.0,3.0,3.76,1,9
2025-12-30T00:00,-1.7,-2.7,0.0,0.0,3.1,4.54,81,98
2025-12-30T01:00,-2.0,-2.3,0.0,0.0,4.5,4.16,4,99
2025-12-30T02:00,-1.9,-2.1,0.0,0.0,3.7,4.94,45,100
2025-12-30T03:00,-1.9,-2.1,0.0,0.0,3.2,5.71,96,91
2025-12-30T04:00,-1.2,-2.7,0.0,0.0,4.7,1.61,90,100
2025-12-30T05:00,-1.4,-2.0,0.0,0.0,4.6,1.76,0,24
2025-12-30T06:00,-0.6,-2.0,0.0,0.0,10.2,6.89,1,7
2025-12-30T07:00,-0.9,-1.6,8.0,7.0,8.6,6.94,0,0
2025-12-30T08:00,-0.4,-1.0,97.0,93.0,7.6,7.61,0,6
2025-12-30T09:00,0.1,-0.5,204.0,192.0,7.7,7.49,0,26
2025-12-30T10:00,0.4,0.1,279.0,262.0,7.3,6.39,10,5
2025-12-30T11:00,0.6,0.4,290.0,304.0,6.8,6.85,45,13
2025-12-30T12:00,0.3,0.6,208.0,287.0,6.4,6.96,100,2
2025-12-30T13:00,0.2,0.2,150.0,220.0,5.4,6.58,74,18
2025-12-30T14:00,-0.1,-0.8,106.0,118.0,5.6,7.76,0,1
2025-12-30T15:00,-0.9,-1.9,22.0,19.0,4.9,8.85,0,3
2025-12-30T16:00,-1.6,-2.2,0.0,0.0,4.2,8.54,0,9
2025-12-30T17:00,-2.1,-2.8,0.0,0.0,6.1,6.51,0,10
2025-12-30T18:00,-2.6,-5.5,0.0,0.0,3.1,3.04,0,92
2025-12-30T19:00,-2.5,-4.7,0.0,0.0,4.5,2.04,98,21
2025-12-30T20:00,-2.5,-5.6,0.0,0.0,5.0,2.73,10,48
2025-12-30T21:00,-3.4,-4.8,0.0,0.0,4.1,4.3,7,65
2025-12-30T22:00,-3.2,-4.0,0.0,0.0,6.6,6.1,1,32
2025-12-30T23:00,-3.6,-3.8,0.0,0.0,1.6,5.84,0,55
2025-12-31T00:00,-3.8,-4.9,0.0,0.0,1.5,5.58,0,45
2025-12-31T01:00,-3.8,-5.9,0.0,0.0,1.4,4.37,0,55
2025-12-31T02:00,-4.1,-6.6,0.0,0.0,2.5,3.75,0,27
2025-12-31T03:00,-4.1,-7.4,0.0,0.0,5.2,3.85,0,34
2025-12-31T04:00,-4.2,-7.5,0.0,0.0,5.1,3.5,0,29
2025-12-31T05:00,-4.1,-7.9,0.0,0.0,6.3,3.47,25,5
2025-12-31T06:00,-4.3,-9.6,0.0,0.0,4.5,3.58,93,32
2025-12-31T07:00,-3.7,-9.7,8.0,8.0,6.8,3.81,100,69
2025-12-31T08:00,-2.4,-7.8,83.0,98.0,8.0,3.99,100,67
2025-12-31T09:00,-1.5,-4.3,164.0,207.0,7.3,4.67,100,67
2025-12-31T10:00,-0.9,-3.0,263.0,255.0,8.5,5.69,18,88
2025-12-31T11:00,-0.5,-2.7,314.0,255.0,7.3,5.79,0,30
2025-12-31T12:00,-0.3,-1.4,295.0,208.0,5.0,6.23,56,21
2025-12-31T13:00,-0.4,-1.5,203.0,201.0,6.0,5.7,100,49
2025-12-31T14:00,-0.5,-1.9,96.0,98.0,3.0,5.12,100,100
2025-12-31T15:00,-1.2,-2.7,18.0,12.0,4.3,3.95,100,100
2025-12-31T16:00,-1.6,-4.1,0.0,0.0,2.8,3.31,100,100
2025-12-31T17:00,-1.9,-4.4,0.0,0.0,2.6,2.9,100,79
2025-12-31T18:00,-2.9,-4.6,0.0,0.0,6.0,2.59,98,34
2025-12-31T19:00,-2.7,-5.8,0.0,0.0,6.7,3.2,97,2
2025-12-31T20:00,-2.7,-6.8,0.0,0.0,6.6,3.96,100,9
2025-12-31T21:00,-3.8,-7.1,0.0,0.0,6.3,4.43,99,17
2025-12-31T22:00,-3.5,-6.8,0.0,0.0,6.6,4.98,100,96
2025-12-31T23:00,-3.2,-5.2,0.0,0.0,7.4,5.28,100,97
2026-01-01T00:00,-2.6,-4.9,0.0,0.0,8.4,4.43,100,85
2026-01-01T01:00,-2.6,-5.3,0.0,0.0,7.0,4.79,92,100
2026-01-01T02:00,-2.6,-5.0,0.0,0.0,6.3,4.18,84,93
2026-01-01T03:00,-2.6,-5.2,0.0,0.0,5.7,4.05,99,91
2026-01-01T04:00,-2.8,-5.2,0.0,0.0,6.0,3.88,100,100
2026-01-01T05:00,-2.9,-5.0,0.0,0.0,4.7,2.54,36,98
2026-01-01T06:00,-3.2,-5.6,0.0,0.0,4.7,2.94,100,100
2026-01-01T07:00,-3.1,-5.4,5.0,3.0,5.2,1.47,100,91
2026-01-01T08:00,-2.8,-4.7,36.0,57.0,5.8,2.67,100,70
2026-01-01T09:00,-2.2,-3.1,79.0,159.0,6.0,2.43,100,72
2026-01-01T10:00,-1.4,-0.9,139.0,265.0,6.5,4.22,100,92
2026-01-01T11:00,-0.4,0.7,163.0,294.0,8.0,6.1,100,98
2026-01-01T12:00,0.1,0.8,117.0,73.0,8.2,7.84,100,100
2026-01-01T13:00,0.4,1.4,66.0,77.0,8.3,8.64,100,100
2026-01-01T14:00,0.4,1.6,32.0,47.0,9.1,7.67,100,99
2026-01-01T15:00,0.5,0.7,5.0,14.0,9.5,9.53,100,80
2026-01-01T16:00,0.7,0.5,0.0,0.0,11.1,9.79,100,95
2026-01-01T17:00,0.0,-0.4,0.0,0.0,12.0,9.99,100,97
2026-01-01T18:00,-0.6,-0.9,0.0,0.0,11.0,9.36,92,100
2026-01-01T19:00,-0.4,-1.7,0.0,0.0,10.4,9.48,100,100
2026-01-01T20:00,-0.5,-1.9,0.0,0.0,9.9,9.44,100,100
2026-01-01T21:00,-0.5,-2.0,0.0,0.0,10.0,8.97,100,100
2026-01-01T22:00,-0.4,-2.1,0.0,0.0,8.3,9.35,100,100
2026-01-01T23:00,-0.3,-2.1,0.0,0.0,9.1,9.46,100,99
2026-01-02T00:00,-0.3,-2.1,0.0,0.0,8.7,8.62,100,100
2026-01-02T01:00,-0.4,-2.3,0.0,0.0,7.9,7.95,100,100
2026-01-02T02:00,-0.6,-1.5,0.0,0.0,8.2,8.25,100,100
2026-01-02T03:00,-0.8,-1.3,0.0,0.0,6.9,8.59,100,100
2026-01-02T04:00,-0.7,-0.9,0.0,0.0,6.0,8.37,100,100
2026-01-02T05:00,-0.6,-1.0,0.0,0.0,6.2,8.5,100,100
2026-01-02T06:00,-0.9,-1.8,0.0,0.0,7.9,8.06,100,100
2026-01-02T07:00,-0.9,-1.6,1.0,5.0,7.3,7.97,100,100
2026-01-02T08:00,-0.7,-0.7,12.0,40.0,7.3,8.61,100,100
2026-01-02T09:00,-0.1,0.3,26.0,91.0,7.3,8.38,100,100
2026-01-02T10:00,0.5,1.2,46.0,131.0,7.2,8.31,100,100
2026-01-02T11:00,0.9,1.8,62.0,148.0,6.7,8.22,100,100
2026-01-02T12:00,1.2,2.5,72.0,158.0,6.1,8.24,100,99
2026-01-02T13:00,1.6,2.7,83.0,135.0,5.6,8.89,100,100
2026-01-02T14:00,1.7,2.2,83.0,80.0,5.5,8.71,68,93
2026-01-02T15:00,1.0,1.2,13.0,17.0,7.2,8.38,100,58
2026-01-02T16:00,0.8,0.6,0.0,0.0,7.9,8.42,100,38
2026-01-02T17:00,0.7,0.5,0.0,0.0,7.6,7.92,100,5
2026-01-02T18:00,0.8,-0.2,0.0,0.0,6.5,8.57,100,2
2026-01-02T19:00,0.8,-1.1,0.0,0.0,7.1,8.17,100,2
2026-01-02T20:00,0.7,-1.4,0.0,0.0,6.2,8.68,89,5
2026-01-02T21:00,0.9,-1.5,0.0,0.0,10.2,8.45,66,16
2026-01-02T22:00,0.8,-1.9,0.0,0.0,8.4,8.59,79,52
2026-01-02T23:00,0.7,-2.2,0.0,0.0,7.4,7.94,95,100
2026-01-03T00:00,0.6,-1.9,0.0,0.0,7.6,8.03,100,50
2026-01-03T01:00,0.7,-2.4,0.0,0.0,6.9,7.28,100,100
2026-01-03T02:00,0.7,-1.9,0.0,0.0,6.9,7.04,100,100
2026-01-03T03:00,-0.2,-1.5,0.0,0.0,4.4,7.92,100,99
2026-01-03T04:00,-0.1,-1.5,0.0,0.0,5.3,7.53,100,96
2026-01-03T05:00,0.0,-1.9,0.0,0.0,5.6,6.58,100,70
2026-01-03T06:00,0.4,-2.8,0.0,0.0,8.7,6.3,100,51
2026-01-03T07:00,0.1,-2.9,7.0,7.0,7.0,6.35,98,10
2026-01-03T08:00,0.8,-1.6,94.0,93.0,7.4,6.01,0,0
2026-01-03T09:00,1.3,0.3,204.0,200.0,6.9,4.58,0,0
2026-01-03T10:00,1.8,1.6,282.0,278.0,7.9,5.2,0,0
2026-01-03T11:00,2.2,2.2,315.0,310.0,6.8,6.01,0,0
2026-01-03T12:00,2.1,1.8,288.0,294.0,7.6,6.82,0,0
2026-01-03T13:00,2.2,1.8,230.0,229.0,6.6,7.33,0,0
2026-01-03T14:00,1.8,0.9,130.0,128.0,6.0,8.1,0,0
2026-01-03T15:00,1.1,-0.9,26.0,24.0,5.3,8.84,0,0
2026-01-03T16:00,0.2,-1.7,0.0,0.0,6.5,9.54,0,0
2026-01-03T17:00,-0.6,-2.3,0.0,0.0,7.0,8.85,0,0
2026-01-03T18:00,-1.2,-2.7,0.0,0.0,7.5,8.71,0,0
2026-01-03T19:00,-1.5,-3.1,0.0,0.0,8.1,8.3,0,0
2026-01-03T20:00,-1.5,-3.4,0.0,0.0,7.8,8.43,0,0
2026-01-03T21:00,-1.4,-3.7,0.0,0.0,7.1,7.7,0,2
2026-01-03T22:00,-1.8,-3.9,0.0,0.0,3.5,8.01,0,0
2026-01-03T23:00,-2.1,-4.1,0.0,0.0,6.5,7.29,0,2
2026-01-04T00:00,-2.7,-4.4,0.0,0.0,5.3,6.06,0,54
2026-01-04T01:00,-3.0,-3.8,0.0,0.0,4.9,8.09,32,4
2026-01-04T02:00,-3.0,-3.8,0.0,0.0,3.6,7.04,24,13
2026-01-04T03:00,-4.1,-4.3,0.0,0.0,2.0,6.89,4,17
2026-01-04T04:00,-3.2,-4.6,0.0,0.0,2.6,5.92,100,91
2026-01-04T05:00,-2.7,-4.6,0.0,0.0,3.7,4.8,81,97
2026-01-04T06:00,-2.1,-4.6,0.0,0.0,4.5,4.26,96,96
2026-01-04T07:00,-2.3,-5.1,7.0,6.0,4.5,3.34,87,100
2026-01-04T08:00,-1.9,-3.2,82.0,75.0,2.8,2.08,58,98
2026-01-04T09:00,-1.3,-1.9,196.0,166.0,4.0,1.49,0,92
2026-01-04T10:00,-0.2,-0.6,281.0,239.0,3.9,1.58,0,3
2026-01-04T11:00,0.5,0.5,315.0,307.0,4.3,2.01,0,0
2026-01-04T12:00,1.5,0.7,295.0,294.0,4.1,1.8,0,0
2026-01-04T13:00,1.5,0.5,230.0,231.0,4.1,2.75,0,0
2026-01-04T14:00,1.3,-0.8,133.0,131.0,4.5,2.8,0,0
2026-01-04T15:00,0.4,-2.8,28.0,26.0,5.6,3.02,0,0
2026-01-04T16:00,-0.4,-3.5,0.0,0.0,7.1,3.8,0,0
2026-01-04T17:00,-1.0,-3.6,0.0,0.0,6.6,4.77,0,0
2026-01-04T18:00,-1.2,-4.0,0.0,0.0,6.0,4.75,0,0
2026-01-04T19:00,-1.5,-4.6,0.0,0.0,5.4,4.07,0,0
2026-01-04T20:00,-1.9,-5.1,0.0,0.0,4.6,3.67,0,0
2026-01-04T21:00,-2.2,-5.7,0.0,0.0,4.0,3.31,42,0
2026-01-04T22:00,-2.6,-5.9,0.0,0.0,3.3,2.17,30,0
2026-01-04T23:00,-3.2,-6.2,0.0,0.0,3.0,1.35,0,0
2026-01-05T00:00,-3.8,-6.0,0.0,0.0,3.2,2.0,0,0
2026-01-05T01:00,-4.2,-6.6,0.0,0.0,1.1,1.17,0,0
2026-01-05T02:00,-4.6,-7.3,0.0,0.0,1.9,1.55,0,0
2026-01-05T03:00,-5.3,-7.9,0.0,0.0,2.2,2.1,13,4
2026-01-05T04:00,-5.3,-8.1,0.0,0.0,2.4,2.76,99,15
2026-01-05T05:00,-4.9,-8.1,0.0,0.0,2.5,3.12,99,17
2026-01-05T06:00,-5.2,-8.2,0.0,0.0,3.0,3.5,100,24
2026-01-05T07:00,-5.3,-7.8,8.0,7.0,5.3,4.52,65,84
2026-01-05T08:00,-4.2,-5.6,91.0,88.0,7.3,5.12,87,95
2026-01-05T09:00,-3.0,-2.7,173.0,203.0,6.9,3.86,100,25
2026-01-05T10:00,-1.8,-0.9,215.0,283.0,7.0,3.48,71,56
2026-01-05T11:00,-0.3,0.3,246.0,315.0,6.3,3.5,95,99
2026-01-05T12:00,0.7,1.1,230.0,226.0,6.2,3.53,98,100
2026-01-05T13:00,1.0,1.1,183.0,167.0,6.7,3.97,100,100
2026-01-05T14:00,1.0,0.4,87.0,72.0,7.1,4.96,99,100
2026-01-05T15:00,0.9,-0.6,8.0,13.0,7.6,5.54,100,100
2026-01-05T16:00,1.0,-0.8,0.0,0.0,7.5,5.61,100,100
2026-01-05T17:00,1.2,-0.8,0.0,0.0,6.6,6.12,100,100
2026-01-05T18:00,0.2,-0.4,0.0,0.0,3.9,5.75,100,100
2026-01-05T19:00,-0.2,-0.3,0.0,0.0,4.8,5.58,100,100
2026-01-05T20:00,-0.4,-0.5,0.0,0.0,6.2,5.46,100,100
2026-01-05T21:00,-0.5,-0.7,0.0,0.0,6.9,5.37,100,100
2026-01-05T22:00,-0.5,-1.0,0.0,0.0,7.0,6.21,100,100
2026-01-05T23:00,-0.4,-1.2,0.0,0.0,6.4,6.45,100,100
2026-01-06T00:00,-0.5,-1.5,0.0,0.0,6.1,5.76,100,100
2026-01-06T01:00,-0.5,-1.5,0.0,0.0,6.0,5.56,100,100
2026-01-06T02:00,-0.4,-1.4,0.0,0.0,6.3,5.61,100,100
2026-01-06T03:00,-0.4,-1.5,0.0,0.0,6.8,5.55,100,100
2026-01-06T04:00,-0.5,-1.5,0.0,0.0,7.2,5.56,100,100
2026-01-06T05:00,-0.6,-1.5,0.0,0.0,7.1,5.46,100,100
2026-01-06T06:00,-0.8,-1.8,0.0,0.0,6.8,4.36,95,100
2026-01-06T07:00,-1.2,-2.4,8.0,6.0,7.2,4.6,100,98
2026-01-06T08:00,-0.8,-2.2,84.0,79.0,6.7,5.05,100,81
2026-01-06T09:00,-0.3,-1.4,164.0,188.0,7.0,3.62,100,100
2026-01-06T10:00,-0.1,-0.7,184.0,269.0,7.4,3.72,100,98
2026-01-06T11:00,-0.0,-0.2,162.0,295.0,6.9,3.87,100,99
2026-01-06T12:00,0.3,-0.7,164.0,193.0,7.7,4.54,100,100
2026-01-06T13:00,0.5,-0.9,107.0,155.0,7.8,5.22,100,100
2026-01-06T14:00,0.4,-1.2,65.0,88.0,8.2,5.91,100,100
2026-01-06T15:00,0.3,-1.6,12.0,9.0,7.5,6.19,100,100
2026-01-06T16:00,-0.1,-1.9,0.0,0.0,8.7,7.68,100,100
2026-01-06T17:00,-0.6,-2.2,0.0,0.0,9.3,7.48,100,100
2026-01-06T18:00,-1.0,-2.1,0.0,0.0,9.7,7.82,100,100
2026-01-06T19:00,-1.4,-2.4,0.0,0.0,9.5,8.16,100,100
2026-01-06T20:00,-1.6,-2.7,0.0,0.0,10.6,8.92,100,100
2026-01-06T21:00,-1.8,-3.0,0.0,0.0,11.5,9.09,100,100
2026-01-06T22:00,-1.9,-3.2,0.0,0.0,12.1,9.18,100,100
2026-01-06T23:00,-2.1,-3.2,0.0,0.0,12.5,9.46,100,100
2026-01-07T00:00,-2.5,-3.6,0.0,0.0,13.4,9.97,100,100
2026-01-07T01:00,-2.6,-3.8,0.0,0.0,13.3,10.15,100,100
2026-01-07T02:00,-2.8,-4.0,0.0,0.0,13.5,10.69,100,100
2026-01-07T03:00,-2.9,-4.2,0.0,0.0,12.9,10.92,100,100
2026-01-07T04:00,-3.0,-4.5,0.0,0.0,13.0,11.47,100,100
2026-01-07T05:00,-2.8,-4.8,0.0,0.0,12.9,10.95,100,100
2026-01-07T06:00,-2.7,-4.4,0.0,0.0,13.0,11.76,100,100
2026-01-07T07:00,-2.7,-4.5,2.0,5.0,12.8,11.31,100,100
2026-01-07T08:00,-2.5,-4.4,24.0,50.0,12.5,11.27,100,100
2026-01-07T09:00,-2.3,-4.3,113.0,111.0,12.3,10.71,100,100
2026-01-07T10:00,-1.9,-4.0,182.0,164.0,11.9,10.65,84,100
2026-01-07T11:00,-1.5,-3.8,239.0,222.0,11.5,10.51,62,95
2026-01-07T12:00,-1.6,-4.0,182.0,152.0,11.0,10.55,100,100
2026-01-07T13:00,-1.7,-4.0,145.0,137.0,10.6,10.5,100,100
2026-01-07T14:00,-1.9,-4.1,80.0,77.0,10.5,10.45,100,100
2026-01-07T15:00,-2.1,-4.4,22.0,15.0,10.3,10.78,100,100
2026-01-07T16:00,-2.4,-4.5,0.0,0.0,9.7,10.0,100,100
2026-01-07T17:00,-2.7,-4.6,0.0,0.0,9.6,10.63,100,100
2026-01-07T18:00,-2.6,-4.7,0.0,0.0,10.3,9.7,100,100
2026-01-07T19:00,-2.6,-4.7,0.0,0.0,9.8,10.02,100,100
2026-01-07T20:00,-2.6,-4.8,0.0,0.0,9.8,9.7,100,100
2026-01-07T21:00,-2.7,-4.9,0.0,0.0,10.1,10.42,100,100
2026-01-07T22:00,-2.7,-4.9,0.0,0.0,10.9,10.18,100,100
2026-01-07T23:00,-2.7,-5.0,0.0,0.0,10.7,11.17,100,100
2026-01-08T00:00,-2.7,-4.7,0.0,0.0,11.4,12.01,100,100
2026-01-08T01:00,-2.6,-4.9,0.0,0.0,12.2,12.57,100,100
2026-01-08T02:00,-2.6,-5.0,0.0,0.0,11.9,12.83,100,100
2026-01-08T03:00,-2.5,-5.2,0.0,0.0,11.3,12.93,100,100
2026-01-08T04:00,-2.6,-5.2,0.0,0.0,11.7,12.76,100,100
2026-01-08T05:00,-2.6,-5.4,0.0,0.0,11.8,12.8,100,100
2026-01-08T06:00,-2.8,-5.5,0.0,0.0,12.2,12.14,100,100
2026-01-08T07:00,-2.9,-5.8,3.0,3.0,11.2,12.0,100,100
2026-01-08T08:00,-2.8,-5.9,32.0,40.0,10.8,11.98,100,100
2026-01-08T09:00,-2.6,-6.0,70.0,89.0,9.9,10.25,100,100
2026-01-08T10:00,-2.3,-5.9,95.0,133.0,9.6,8.99,100,100
2026-01-08T11:00,-2.1,-5.9,109.0,160.0,9.3,7.52,100,100
2026-01-08T12:00,-2.0,-5.6,105.0,147.0,9.1,7.21,100,100
2026-01-08T13:00,-1.9,-5.6,102.0,113.0,9.9,7.0,100,100
2026-01-08T14:00,-1.8,-5.2,68.0,79.0,9.4,7.26,100,100
2026-01-08T15:00,-2.3,-5.1,24.0,16.0,9.6,6.93,56,100
2026-01-08T16:00,-2.6,-5.0,0.0,0.0,9.6,6.49,28,100
2026-01-08T17:00,-2.9,-4.9,0.0,0.0,9.7,5.66,22,100
2026-01-08T18:00,-2.8,-5.1,0.0,0.0,7.9,5.26,14,88
2026-01-08T19:00,-2.9,-6.7,0.0,0.0,7.6,4.26,8,57
2026-01-08T20:00,-3.1,-7.8,0.0,0.0,7.2,4.31,1,24
2026-01-08T21:00,-3.7,-8.9,0.0,0.0,3.8,4.23,0,10
2026-01-08T22:00,-4.2,-9.6,0.0,0.0,2.9,4.14,0,1
2026-01-08T23:00,-4.6,-10.1,0.0,0.0,1.3,3.37,0,0
2026-01-09T00:00,-4.9,-9.7,0.0,0.0,2.3,3.2,0,1
2026-01-09T01:00,-5.2,-10.6,0.0,0.0,3.2,2.51,0,0
2026-01-09T02:00,-5.4,-11.4,0.0,0.0,2.2,1.71,0,0
2026-01-09T03:00,-5.7,-12.1,0.0,0.0,0.8,1.17,0,0
2026-01-09T04:00,-6.8,-12.5,0.0,0.0,1.1,1.28,0,0
2026-01-09T05:00,-7.5,-12.9,0.0,0.0,1.8,1.05,0,0
2026-01-09T06:00,-7.8,-13.9,0.0,0.0,3.6,1.43,0,47
2026-01-09T07:00,-7.7,-14.2,10.0,10.0,3.5,1.01,0,99
2026-01-09T08:00,-6.7,-13.5,104.0,110.0,2.3,0.69,0,97
2026-01-09T09:00,-5.3,-12.0,214.0,230.0,1.4,0.78,0,99
2026-01-09T10:00,-3.9,-10.0,295.0,280.0,2.8,2.71,0,90
2026-01-09T11:00,-2.7,-10.0,330.0,337.0,6.7,2.98,0,100
2026-01-09T12:00,-3.2,-9.3,311.0,308.0,5.6,1.9,20,99
2026-01-09T13:00,-3.3,-8.9,181.0,213.0,5.0,1.05,99,100
2026-01-09T14:00,-4.4,-8.8,72.0,119.0,6.3,1.0,100,100
2026-01-09T15:00,-4.7,-9.1,22.0,27.0,5.9,1.69,100,100
2026-01-09T16:00,-4.9,-9.0,0.0,0.0,4.2,1.49,100,100
2026-01-09T17:00,-5.0,-9.3,0.0,0.0,3.6,2.01,93,100
2026-01-09T18:00,-4.7,-10.0,0.0,0.0,3.9,1.75,100,98
2026-01-09T19:00,-4.5,-11.2,0.0,0.0,3.6,1.68,98,98
2026-01-09T20:00,-4.5,-11.4,0.0,0.0,2.6,2.0,100,95
2026-01-09T21:00,-5.5,-11.7,0.0,0.0,3.2,1.94,100,100
2026-01-09T22:00,-5.7,-11.7,0.0,0.0,3.3,2.22,100,100
2026-01-09T23:00,-5.5,-11.4,0.0,0.0,3.4,2.37,100,100
2026-01-10T00:00,-5.3,-13.6,0.0,0.0,3.8,2.72,100,100
2026-01-10T01:00,-5.4,-12.9,0.0,0.0,3.3,2.95,100,100
2026-01-10T02:00,-5.3,-13.0,0.0,0.0,2.0,2.47,100,100
2026-01-10T03:00,-5.0,-13.2,0.0,0.0,1.6,2.94,100,100
2026-01-10T04:00,-4.8,-13.3,0.0,0.0,2.8,2.8,100,100
2026-01-10T05:00,-4.4,-13.0,0.0,0.0,3.5,2.04,100,100
2026-01-10T06:00,-4.0,-10.7,0.0,0.0,3.4,1.36,100,100
2026-01-10T07:00,-4.0,-10.2,6.0,6.0,2.4,1.21,100,100
2026-01-10T08:00,-3.8,-9.2,50.0,64.0,0.9,0.81,100,100
2026-01-10T09:00,-3.1,-7.8,142.0,131.0,1.5,1.33,100,100
2026-01-10T10:00,-2.4,-6.7,189.0,226.0,2.2,1.49,100,87
2026-01-10T11:00,-2.0,-5.8,186.0,325.0,1.0,1.85,100,69
2026-01-10T12:00,-1.4,-7.0,235.0,317.0,1.7,2.17,61,100
2026-01-10T13:00,-1.2,-6.4,174.0,150.0,1.9,2.98,99,100
2026-01-10T14:00,-1.2,-6.8,82.0,84.0,0.4,3.96,93,100
2026-01-10T15:00,-1.2,-7.6,23.0,27.0,0.5,4.7,100,93
2026-01-10T16:00,-1.3,-8.0,0.0,0.0,2.8,5.64,100,100
2026-01-10T17:00,-2.7,-8.6,0.0,0.0,9.4,6.86,100,100
2026-01-10T18:00,-6.2,-8.5,0.0,0.0,8.5,8.29,100,100
2026-01-10T19:00,-6.8,-9.3,0.0,0.0,9.7,8.54,16,100
2026-01-10T20:00,-7.0,-9.6,0.0,0.0,9.8,9.1,75,99
2026-01-10T21:00,-7.5,-9.9,0.0,0.0,7.2,9.58,27,100
2026-01-10T22:00,-7.6,-10.0,0.0,0.0,6.5,9.51,0,100
2026-01-10T23:00,-7.9,-10.2,0.0,0.0,6.1,9.57,0,98
2026-01-11T00:00,-8.0,-13.2,0.0,0.0,4.4,4.31,1,1
2026-01-11T01:00,-8.1,-13.1,0.0,0.0,0.3,1.42,0,26
2026-01-11T02:00,-8.2,-14.6,0.0,0.0,5.8,2.95,7,93
2026-01-11T03:00,-8.3,-12.4,0.0,0.0,5.4,4.09,2,74
2026-01-11T04:00,-8.4,-12.6,0.0,0.0,2.9,3.83,50,87
2026-01-11T05:00,-8.1,-12.9,0.0,0.0,0.9,3.63,88,100
2026-01-11T06:00,-7.3,-12.3,0.0,0.0,1.0,3.1,100,100
2026-01-11T07:00,-6.8,-12.0,5.0,5.0,1.8,2.69,100,100
2026-01-11T08:00,-6.1,-11.4,47.0,54.0,2.6,2.47,100,100
2026-01-11T09:00,-4.9,-10.6,91.0,89.0,2.4,2.66,100,100
2026-01-11T10:00,-3.5,-9.2,122.0,150.0,2.9,3.06,100,100
2026-01-11T11:00,-2.4,-7.9,123.0,178.0,2.7,3.86,100,100
2026-01-11T12:00,-1.5,-5.5,130.0,170.0,1.0,3.48,100,100
2026-01-11T13:00,-1.1,-4.5,105.0,163.0,1.5,3.11,100,100
2026-01-11T14:00,-1.0,-4.5,80.0,80.0,0.4,3.02,100,100
2026-01-11T15:00,-0.9,-4.7,22.0,23.0,0.4,3.06,100,98
2026-01-11T16:00,-0.9,-4.5,0.0,0.0,3.1,4.22,100,98
2026-01-11T17:00,-1.6,-4.7,0.0,0.0,2.9,4.72,64,73
2026-01-11T18:00,-1.7,-4.1,0.0,0.0,1.8,5.0,69,97
2026-01-11T19:00,-1.7,-5.3,0.0,0.0,3.9,4.04,51,100
2026-01-11T20:00,-1.9,-5.4,0.0,0.0,4.6,3.8,56,100
2026-01-11T21:00,-1.7,-5.4,0.0,0.0,3.8,3.8,65,100
2026-01-11T22:00,-1.7,-5.2,0.0,0.0,5.7,3.47,94,98
2026-01-11T23:00,-1.6,-5.9,0.0,0.0,5.0,3.36,100,95
2026-01-12T00:00,-2.0,-9.7,0.0,0.0,2.6,3.09,100,95
2026-01-12T01:00,-3.4,-9.8,0.0,0.0,3.7,2.52,100,94
2026-01-12T02:00,-3.7,-9.5,0.0,0.0,4.0,1.76,98,85
2026-01-12T03:00,-4.1,-10.3,0.0,0.0,3.8,1.68,11,34
2026-01-12T04:00,-4.5,-11.2,0.0,0.0,1.2,2.18,18,42
2026-01-12T05:00,-4.5,-11.8,0.0,0.0,2.5,3.18,31,38
2026-01-12T06:00,-3.9,-12.6,0.0,0.0,3.9,1.55,87,99
2026-01-12T07:00,-3.0,-11.7,6.0,9.0,3.1,1.9,81,37
2026-01-12T08:00,-2.3,-10.9,82.0,102.0,1.8,1.45,11,47
2026-01-12T09:00,-2.6,-9.2,210.0,191.0,2.8,0.79,1,97
2026-01-12T10:00,-1.3,-7.5,288.0,213.0,3.4,2.55,33,86
2026-01-12T11:00,-0.6,-7.5,218.0,265.0,3.5,4.34,100,100
2026-01-12T12:00,-0.2,-6.5,111.0,242.0,3.5,3.92,100,98
2026-01-12T13:00,0.0,-6.2,76.0,184.0,2.8,2.76,100,99
2026-01-12T14:00,-0.0,-6.3,92.0,119.0,3.4,3.46,99,92
2026-01-12T15:00,-0.7,-7.5,28.0,33.0,3.9,3.87,100,65
2026-01-12T16:00,-1.1,-8.4,0.0,0.0,4.6,4.3,97,33
2026-01-12T17:00,-2.0,-10.5,0.0,0.0,4.7,4.36,58,34
2026-01-12T18:00,-2.3,-12.7,0.0,0.0,4.2,4.66,100,10
2026-01-12T19:00,-2.7,-13.7,0.0,0.0,4.0,3.28,100,59
2026-01-12T20:00,-3.1,-14.1,0.0,0.0,3.4,2.79,98,88
2026-01-12T21:00,-4.2,-13.8,0.0,0.0,4.2,2.45,100,95
2026-01-12T22:00,-4.5,-13.5,0.0,0.0,4.4,1.95,100,100
2026-01-12T23:00,-4.7,-12.9,0.0,0.0,3.7,1.42,99,100
2026-01-13T00:00,-5.0,-11.8,0.0,0.0,3.6,2.25,94,100
2026-01-13T01:00,-5.1,-11.7,0.0,0.0,4.9,1.85,100,100
2026-01-13T02:00,-5.4,-11.5,0.0,0.0,3.9,1.86,100,100
2026-01-13T03:00,-5.8,-11.4,0.0,0.0,3.8,2.13,100,100
2026-01-13T04:00,-6.5,-11.3,0.0,0.0,4.6,2.5,100,100
2026-01-13T05:00,-6.3,-11.2,0.0,0.0,3.8,2.65,100,100
2026-01-13T06:00,-6.6,-11.6,0.0,0.0,4.3,2.41,100,100
2026-01-13T07:00,-6.3,-11.4,2.0,3.0,4.2,2.48,100,100
2026-01-13T08:00,-5.8,-11.0,19.0,26.0,5.1,2.41,100,100
2026-01-13T09:00,-5.8,-10.7,16.0,48.0,3.9,2.04,100,100
2026-01-13T10:00,-5.8,-10.4,14.0,62.0,3.9,1.8,100,100
2026-01-13T11:00,-5.7,-10.2,30.0,99.0,3.7,1.49,100,100
2026-01-13T12:00,-6.0,-9.1,27.0,102.0,2.7,1.37,100,100
2026-01-13T13:00,-5.6,-8.6,58.0,148.0,2.3,1.3,100,100
2026-01-13T14:00,-5.3,-8.4,49.0,79.0,2.2,1.75,100,100
2026-01-13T15:00,-4.8,-8.5,9.0,25.0,1.7,1.51,100,100
2026-01-13T16:00,-4.8,-8.3,0.0,0.0,2.1,1.62,100,100
2026-01-13T17:00,-4.9,-8.2,0.0,0.0,2.0,1.68,91,100
2026-01-13T18:00,-4.5,-8.0,0.0,0.0,2.6,1.49,100,100
2026-01-13T19:00,-4.5,-7.8,0.0,0.0,2.9,1.46,100,100
2026-01-13T20:00,-4.4,-7.7,0.0,0.0,2.2,1.16,100,100
2026-01-13T21:00,-4.4,-7.5,0.0,0.0,2.2,1.25,6,100
2026-01-13T22:00,-4.9,-7.4,0.0,0.0,0.2,1.0,80,100
2026-01-13T23:00,-5.1,-7.5,0.0,0.0,0.7,1.5,98,80
2026-01-14T00:00,-5.8,-9.8,0.0,0.0,2.9,0.68,26,100
2026-01-14T01:00,-6.3,-9.7,0.0,0.0,3.5,0.46,100,100
2026-01-14T02:00,-6.8,-10.8,0.0,0.0,5.0,0.99,8,100
2026-01-14T03:00,-6.7,-11.8,0.0,0.0,4.4,1.03,50,99
2026-01-14T04:00,-6.7,-12.4,0.0,0.0,3.7,0.54,58,100
2026-01-14T05:00,-6.3,-12.9,0.0,0.0,2.6,0.35,100,100
2026-01-14T06:00,-6.2,-13.1,0.0,0.0,3.6,1.12,100,100
2026-01-14T07:00,-5.5,-12.8,7.0,9.0,3.9,0.85,100,100
2026-01-14T08:00,-4.6,-11.0,55.0,88.0,4.4,1.2,100,100
2026-01-14T09:00,-4.5,-8.9,99.0,168.0,3.2,1.95,100,100
2026-01-14T10:00,-4.1,-7.1,84.0,201.0,3.2,1.41,100,100
2026-01-14T11:00,-2.8,-6.0,164.0,167.0,4.5,1.22,100,100
2026-01-14T12:00,-2.4,-5.7,184.0,115.0,4.6,2.21,100,100
2026-01-14T13:00,-2.2,-5.0,141.0,90.0,4.9,2.16,100,100
2026-01-14T14:00,-1.8,-4.5,75.0,57.0,4.3,2.26,100,100
2026-01-14T15:00,-1.7,-4.5,19.0,15.0,3.6,2.42,100,100
2026-01-14T16:00,-1.8,-4.6,0.0,0.0,3.5,2.47,100,100
2026-01-14T17:00,-2.0,-4.4,0.0,0.0,4.5,2.65,100,100
2026-01-14T18:00,-1.8,-4.0,0.0,0.0,4.5,3.48,100,100
2026-01-14T19:00,-1.9,-3.9,0.0,0.0,5.4,3.87,100,100
2026-01-14T20:00,-2.0,-3.9,0.0,0.0,4.9,3.15,100,100
2026-01-14T21:00,-2.1,-3.8,0.0,0.0,3.9,2.75,100,100
2026-01-14T22:00,-2.1,-3.9,0.0,0.0,2.8,1.84,100,100
2026-01-14T23:00,-2.0,-3.9,0.0,0.0,2.2,0.85,100,100
2026-01-15T00:00,-2.4,-4.7,0.0,0.0,0.8,0.69,100,100
2026-01-15T01:00,-2.3,-5.4,0.0,0.0,1.1,0.71,100,100
2026-01-15T02:00,-2.2,-5.4,0.0,0.0,1.6,0.83,100,100
2026-01-15T03:00,-2.3,-5.8,0.0,0.0,0.3,0.43,100,100
2026-01-15T04:00,-2.2,-5.7,0.0,0.0,0.7,0.75,100,100
2026-01-15T05:00,-2.0,-5.6,0.0,0.0,1.3,0.63,100,100
2026-01-15T06:00,-1.8,-6.1,0.0,0.0,0.2,0.5,92,100
2026-01-15T07:00,-1.8,-5.7,9.0,8.0,0.5,0.51,90,100
2026-01-15T08:00,-1.6,-4.8,64.0,63.0,0.3,0.78,88,100
2026-01-15T09:00,-0.3,-4.2,203.0,110.0,0.9,0.6,16,100
2026-01-15T10:00,0.6,-3.4,279.0,134.0,0.6,0.36,73,100
2026-01-15T11:00,1.4,-2.5,301.0,164.0,0.9,0.38,100,100
2026-01-15T12:00,1.3,-1.4,170.0,274.0,1.3,0.47,100,100
2026-01-15T13:00,1.5,-0.9,111.0,224.0,1.6,0.59,100,100
2026-01-15T14:00,1.5,-0.9,67.0,113.0,1.9,0.64,100,100
2026-01-15T15:00,1.2,-1.4,29.0,28.0,1.8,0.83,100,100
2026-01-15T16:00,0.6,-1.6,0.0,0.0,2.4,1.04,100,100
2026-01-15T17:00,0.1,-2.4,0.0,0.0,2.4,0.92,100,100
2026-01-15T18:00,0.2,-4.9,0.0,0.0,2.1,0.66,100,100
2026-01-15T19:00,0.3,-5.2,0.0,0.0,1.9,0.45,100,100
2026-01-15T20:00,0.3,-4.9,0.0,0.0,0.7,0.3,100,100
2026-01-15T21:00,0.2,-4.9,0.0,0.0,1.6,0.25,100,100
2026-01-15T22:00,0.2,-4.8,0.0,0.0,0.9,0.36,100,100
2026-01-15T23:00,0.4,-4.5,0.0,0.0,2.1,0.87,100,100
2026-01-16T00:00,0.6,-2.4,0.0,0.0,1.8,1.19,100,100
2026-01-16T01:00,0.4,-2.2,0.0,0.0,2.8,1.4,100,100
2026-01-16T02:00,0.3,-2.4,0.0,0.0,3.1,1.81,100,100
2026-01-16T03:00,0.4,-2.0,0.0,0.0,1.8,1.75,100,100
2026-01-16T04:00,0.5,-1.8,0.0,0.0,2.3,1.74,100,100
2026-01-16T05:00,0.8,-1.3,0.0,0.0,2.1,2.16,100,100
2026-01-16T06:00,1.2,-0.5,0.0,0.0,2.0,2.34,100,100
2026-01-16T07:00,1.3,-0.5,4.0,4.0,2.0,2.27,100,100
2026-01-16T08:00,1.7,0.6,42.0,47.0,2.2,2.21,100,100
2026-01-16T09:00,2.3,1.3,96.0,103.0,1.4,1.9,95,100
2026-01-16T10:00,3.3,1.9,263.0,172.0,1.7,1.72,4,100
2026-01-16T11:00,3.9,2.5,330.0,166.0,0.8,1.56,18,100
2026-01-16T12:00,4.9,2.4,326.0,158.0,0.9,1.46,0,100
2026-01-16T13:00,5.5,2.7,266.0,142.0,0.9,1.53,0,100
2026-01-16T14:00,5.3,2.7,167.0,102.0,2.2,1.56,0,100
2026-01-16T15:00,3.9,1.6,52.0,38.0,4.5,1.39,0,99
2026-01-16T16:00,2.6,0.5,0.0,0.0,4.1,1.61,0,98
2026-01-16T17:00,2.0,-0.3,0.0,0.0,2.8,2.12,0,95
2026-01-16T18:00,1.5,-1.7,0.0,0.0,3.0,2.22,0,96
2026-01-16T19:00,1.3,-2.5,0.0,0.0,3.1,2.75,0,100
2026-01-16T20:00,1.2,-2.8,0.0,0.0,2.8,2.95,0,96
2026-01-16T21:00,1.2,-3.4,0.0,0.0,2.3,3.0,0,80
2026-01-16T22:00,1.3,-3.4,0.0,0.0,1.8,3.31,96,95
2026-01-16T23:00,1.5,-2.9,0.0,0.0,1.1,3.3,100,100
2026-01-17T00:00,0.7,-7.7,0.0,0.0,2.0,3.17,100,30
2026-01-17T01:00,1.1,-7.8,0.0,0.0,1.9,3.35,100,27
2026-01-17T02:00,1.3,-8.1,0.0,0.0,1.7,3.14,100,17
2026-01-17T03:00,1.3,-8.2,0.0,0.0,1.7,3.36,100,35
2026-01-17T04:00,1.2,-6.9,0.0,0.0,2.4,3.38,100,100
2026-01-17T05:00,1.1,-5.3,0.0,0.0,3.9,3.61,100,99
2026-01-17T06:00,1.2,-3.8,0.0,0.0,1.8,3.25,100,100
2026-01-17T07:00,1.2,-4.1,5.0,10.0,2.9,3.24,99,100
2026-01-17T08:00,1.3,-2.8,101.0,76.0,3.8,3.22,0,98
2026-01-17T09:00,2.0,-1.1,225.0,170.0,2.7,3.16,0,79
2026-01-17T10:00,3.1,0.3,309.0,248.0,2.2,2.89,0,33
2026-01-17T11:00,4.0,1.3,347.0,311.0,2.1,2.51,32,13
2026-01-17T12:00,4.3,1.7,333.0,356.0,1.7,2.09,29,5
2026-01-17T13:00,4.5,1.3,270.0,287.0,1.7,2.49,3,1
2026-01-17T14:00,4.2,0.1,170.0,180.0,1.3,2.29,12,0
2026-01-17T15:00,2.9,-2.4,55.0,57.0,1.4,2.55,0,0
2026-01-17T16:00,1.9,-4.4,0.0,1.0,3.6,2.7,0,0
2026-01-17T17:00,1.3,-5.7,0.0,0.0,5.2,3.28,0,0
2026-01-17T18:00,1.1,-6.1,0.0,0.0,6.6,4.88,0,0
2026-01-17T19:00,0.9,-6.2,0.0,0.0,7.4,5.17,0,0
2026-01-17T20:00,1.0,-6.6,0.0,0.0,8.3,4.86,0,0
2026-01-17T21:00,0.9,-7.0,0.0,0.0,7.0,4.34,0,0
2026-01-17T22:00,0.3,-7.6,0.0,0.0,6.0,3.8,0,0
2026-01-17T23:00,-0.2,-7.9,0.0,0.0,5.9,3.53,0,2
2026-01-18T00:00,-0.2,-7.8,0.0,0.0,6.1,3.98,0,20
2026-01-18T01:00,-0.8,-8.1,0.0,0.0,5.7,4.11,0,31
2026-01-18T02:00,-0.7,-8.4,0.0,0.0,3.7,4.0,0,37
2026-01-18T03:00,-0.3,-8.5,0.0,0.0,2.5,3.85,0,38
2026-01-18T04:00,-0.8,-8.9,0.0,0.0,2.5,3.7,0,34
2026-01-18T05:00,-1.2,-9.5,0.0,0.0,3.6,3.49,0,30
2026-01-18T06:00,-1.8,-10.2,0.0,0.0,4.3,3.16,0,20
2026-01-18T07:00,-2.2,-10.1,16.0,15.0,4.5,2.79,0,16
2026-01-18T08:00,-1.0,-7.8,118.0,122.0,3.2,2.4,0,16
2026-01-18T09:00,0.7,-4.5,232.0,245.0,2.2,2.15,0,12
2026-01-18T10:00,1.2,-2.1,316.0,332.0,2.5,1.58,0,3
2026-01-18T11:00,1.9,-0.9,353.0,373.0,1.9,1.25,0,1
2026-01-18T12:00,2.0,0.2,339.0,360.0,2.3,0.96,0,0
2026-01-18T13:00,2.0,-0.5,278.0,294.0,2.6,1.48,0,0
2026-01-18T14:00,1.1,-2.4,178.0,187.0,3.6,1.91,0,0
2026-01-18T15:00,-0.0,-5.8,61.0,61.0,4.0,1.77,0,0
2026-01-18T16:00,-0.8,-8.0,0.0,0.0,2.8,1.52,0,0
2026-01-18T17:00,-1.4,-9.2,0.0,0.0,1.0,1.27,0,0
2026-01-18T18:00,-1.3,-9.4,0.0,0.0,1.8,2.04,0,0
2026-01-18T19:00,-1.4,-10.0,0.0,0.0,1.3,2.15,0,0
2026-01-18T20:00,-1.7,-10.7,0.0,0.0,0.7,2.01,0,0
2026-01-18T21:00,-2.1,-11.1,0.0,0.0,1.7,2.02,0,0
2026-01-18T22:00,-2.1,-11.4,0.0,0.0,2.5,1.84,0,0
2026-01-18T23:00,-2.7,-11.5,0.0,0.0,1.9,1.49,0,0
2026-01-19T00:00,-3.2,-11.5,0.0,0.0,0.3,1.0,0,2
2026-01-19T01:00,-3.5,-11.8,0.0,0.0,1.5,0.61,0,2
2026-01-19T02:00,-3.7,-11.7,0.0,0.0,3.1,0.51,0,2
2026-01-19T03:00,-4.1,-11.4,0.0,0.0,3.3,0.81,0,2
2026-01-19T04:00,-4.6,-11.3,0.0,0.0,3.7,0.49,0,1
2026-01-19T05:00,-4.4,-11.4,0.0,0.0,3.2,0.32,0,1
2026-01-19T06:00,-5.1,-11.7,0.0,0.0,2.4,0.68,0,1
2026-01-19T07:00,-4.9,-11.3,16.0,15.0,1.8,0.61,0,0
2026-01-19T08:00,-3.4,-8.1,117.0,121.0,1.6,0.42,0,0
2026-01-19T09:00,-1.3,-4.3,229.0,241.0,2.8,0.7,0,0
2026-01-19T10:00,0.1,-1.8,312.0,326.0,2.1,0.81,0,0
2026-01-19T11:00,0.9,-0.8,349.0,366.0,2.0,0.85,0,0
2026-01-19T12:00,1.4,-1.2,337.0,353.0,2.2,1.63,0,0
2026-01-19T13:00,1.5,-1.5,276.0,290.0,2.3,1.86,0,0
2026-01-19T14:00,0.8,-3.2,176.0,185.0,3.3,2.1,0,0
2026-01-19T15:00,-0.5,-5.7,61.0,61.0,3.8,2.02,0,0
2026-01-19T16:00,-1.4,-7.8,0.0,1.0,2.9,1.59,0,0
2026-01-19T17:00,-2.0,-9.0,0.0,0.0,2.0,1.25,0,0
2026-01-19T18:00,-2.3,-9.7,0.0,0.0,1.8,1.1,0,0
2026-01-19T19:00,-2.5,-10.4,0.0,0.0,1.6,0.79,0,0
2026-01-19T20:00,-3.0,-11.0,0.0,0.0,1.2,0.85,0,0
2026-01-19T21:00,-3.2,-11.3,0.0,0.0,1.1,0.98,0,0
2026-01-19T22:00,-3.6,-11.7,0.0,0.0,1.0,0.71,0,0
2026-01-19T23:00,-3.8,-12.0,0.0,0.0,1.1,0.47,0,0
2026-01-20T00:00,-4.1,-12.6,0.0,0.0,2.9,0.16,0,0
2026-01-20T01:00,-4.4,-12.8,0.0,0.0,3.4,0.18,0,0
2026-01-20T02:00,-4.8,-12.9,0.0,0.0,3.5,0.22,0,0
2026-01-20T03:00,-5.4,-13.0,0.0,0.0,2.7,0.2,0,0
2026-01-20T04:00,-5.7,-13.1,0.0,0.0,2.6,0.21,0,0
2026-01-20T05:00,-5.6,-13.2,0.0,0.0,2.0,0.22,0,0
2026-01-20T06:00,-5.5,-12.7,0.0,0.0,1.3,0.35,0,0
2026-01-20T07:00,-5.2,-12.5,16.0,15.0,1.6,0.29,0,0
2026-01-20T08:00,-4.3,-9.3,118.0,120.0,2.2,0.43,0,0
2026-01-20T09:00,-2.7,-5.8,232.0,238.0,2.5,0.66,0,0
2026-01-20T10:00,-1.3,-4.0,316.0,325.0,1.9,0.71,0,0
2026-01-20T11:00,-0.3,-2.4,355.0,364.0,2.2,1.0,0,0
2026-01-20T12:00,0.2,-1.5,346.0,350.0,2.8,1.47,0,0
2026-01-20T13:00,0.7,-1.2,284.0,289.0,2.0,1.88,19,0
2026-01-20T14:00,0.8,-2.2,183.0,185.0,1.8,1.87,79,0
2026-01-20T15:00,0.4,-4.2,64.0,63.0,2.0,2.0,71,0
2026-01-20T16:00,-0.4,-6.0,1.0,1.0,2.3,2.11,7,0
2026-01-20T17:00,-1.5,-7.1,0.0,0.0,3.0,1.75,0,0
2026-01-20T18:00,-2.3,-8.2,0.0,0.0,3.1,1.33,0,0
2026-01-20T19:00,-2.5,-8.9,0.0,0.0,3.6,1.17,0,0
2026-01-20T20:00,-3.0,-9.5,0.0,0.0,3.1,0.63,0,0
2026-01-20T21:00,-3.5,-10.1,0.0,0.0,2.4,0.29,0,0
2026-01-20T22:00,-3.6,-10.6,0.0,0.0,1.9,0.45,0,0
2026-01-20T23:00,-3.5,-10.8,0.0,0.0,1.5,0.51,0,0
2026-01-21T00:00,-3.9,-10.8,0.0,0.0,1.9,0.58,0,0
2026-01-21T01:00,-4.3,-11.1,0.0,0.0,2.5,0.56,0,0
2026-01-21T02:00,-4.3,-11.1,0.0,0.0,2.8,0.35,0,0
2026-01-21T03:00,-4.6,-11.1,0.0,0.0,3.1,0.99,0,0
2026-01-21T04:00,-4.8,-11.0,0.0,0.0,3.4,1.13,0,0
2026-01-21T05:00,-4.7,-11.0,0.0,0.0,3.0,0.78,0,0
2026-01-21T06:00,-5.0,-11.0,0.0,0.0,3.1,0.21,0,0
2026-01-21T07:00,-5.3,-10.6,18.0,17.0,2.2,0.36,0,0
2026-01-21T08:00,-3.7,-7.9,123.0,125.0,1.2,0.54,0,0
2026-01-21T09:00,-1.1,-3.6,240.0,246.0,1.5,0.78,0,0
2026-01-21T10:00,0.9,-1.1,325.0,334.0,1.9,0.78,2,0
2026-01-21T11:00,1.8,0.3,365.0,375.0,2.2,0.63,90,0
2026-01-21T12:00,2.6,1.1,353.0,363.0,2.1,1.01,7,0
2026-01-21T13:00,2.9,1.6,291.0,300.0,1.5,1.0,58,0
2026-01-21T14:00,2.9,0.3,188.0,195.0,2.1,1.4,9,0
2026-01-21T15:00,1.6,-2.3,69.0,69.0,2.6,1.51,58,1
2026-01-21T16:00,1.0,-4.9,1.0,1.0,1.6,1.42,55,0
2026-01-21T17:00,0.5,-6.8,0.0,0.0,2.7,1.35,0,10
2026-01-21T18:00,-0.2,-8.4,0.0,0.0,2.0,1.59,0,0
2026-01-21T19:00,-0.9,-9.0,0.0,0.0,1.6,1.77,11,2
2026-01-21T20:00,-1.0,-9.3,0.0,0.0,1.3,1.95,89,48
2026-01-21T21:00,-1.2,-9.6,0.0,0.0,2.5,2.48,48,90
2026-01-21T22:00,-1.2,-9.5,0.0,0.0,2.7,2.97,18,93
2026-01-21T23:00,-1.2,-9.5,0.0,0.0,2.9,2.97,0,76
2026-01-22T00:00,-1.6,-9.9,0.0,0.0,1.9,2.04,98,86
2026-01-22T01:00,-2.1,-10.1,0.0,0.0,2.2,1.97,95,99
2026-01-22T02:00,-2.4,-9.7,0.0,0.0,2.1,2.15,81,98
2026-01-22T03:00,-3.1,-9.8,0.0,0.0,2.7,2.02,25,95
2026-01-22T04:00,-2.8,-9.9,0.0,0.0,2.9,1.08,14,100
2026-01-22T05:00,-2.6,-8.4,0.0,0.0,1.8,0.87,21,94
2026-01-22T06:00,-2.9,-7.2,0.0,0.0,2.8,0.45,75,100
2026-01-22T07:00,-2.4,-6.2,17.0,9.0,2.2,0.76,81,100
2026-01-22T08:00,-0.8,-4.0,110.0,46.0,1.2,0.99,91,100
2026-01-22T09:00,0.6,-1.5,215.0,123.0,0.4,0.6,87,96
2026-01-22T10:00,1.6,0.6,286.0,230.0,0.9,0.2,99,73
2026-01-22T11:00,2.5,1.7,259.0,247.0,1.8,0.69,100,100
2026-01-22T12:00,2.2,1.5,156.0,138.0,1.9,1.51,99,100
2026-01-22T13:00,2.5,1.6,151.0,122.0,2.0,1.5,86,100
2026-01-22T14:00,2.6,1.4,110.0,86.0,1.6,1.6,87,98
2026-01-22T15:00,2.5,0.3,40.0,40.0,1.1,2.03,89,99
2026-01-22T16:00,2.2,0.3,1.0,1.0,0.5,1.92,99,100
2026-01-22T17:00,2.0,-0.5,0.0,0.0,0.5,1.74,100,100
2026-01-22T18:00,2.0,-1.5,0.0,0.0,3.2,0.96,97,80
2026-01-22T19:00,1.8,-2.0,0.0,0.0,3.3,0.69,93,89
2026-01-22T20:00,1.6,-2.2,0.0,0.0,3.1,0.4,90,97
2026-01-22T21:00,1.1,-2.2,0.0,0.0,2.3,0.57,91,87
2026-01-22T22:00,1.2,-2.7,0.0,0.0,2.0,1.14,90,81
2026-01-22T23:00,1.2,-3.1,0.0,0.0,1.8,1.15,96,77
2026-01-23T00:00,1.1,-2.5,0.0,0.0,0.9,1.41,100,96
2026-01-23T01:00,1.1,-2.9,0.0,0.0,1.8,1.6,92,80
2026-01-23T02:00,1.2,-3.9,0.0,0.0,1.9,1.46,49,82
2026-01-23T03:00,1.8,-4.0,0.0,0.0,1.9,0.34,100,84
2026-01-23T04:00,1.7,-3.0,0.0,0.0,1.8,0.76,100,100
2026-01-23T05:00,1.3,-3.2,0.0,0.0,1.5,0.81,65,100
2026-01-23T06:00,1.4,-3.8,0.0,0.0,1.8,0.6,85,75
2026-01-23T07:00,1.4,-3.2,15.0,14.0,1.2,0.41,65,76
2026-01-23T08:00,2.1,-1.0,74.0,112.0,0.8,0.25,100,100
2026-01-23T09:00,3.2,1.1,118.0,139.0,1.4,0.38,100,98
2026-01-23T10:00,3.7,1.7,190.0,104.0,1.7,0.05,83,100
2026-01-23T11:00,4.4,3.2,198.0,201.0,1.6,0.05,37,84
2026-01-23T12:00,4.4,4.7,295.0,295.0,1.9,0.39,10,74
2026-01-23T13:00,4.7,4.7,258.0,207.0,1.7,0.69,99,96
2026-01-23T14:00,4.4,3.7,57.0,85.0,3.1,1.42,100,99
2026-01-23T15:00,4.4,1.6,34.0,44.0,1.9,1.26,100,26
2026-01-23T16:00,4.0,0.8,0.0,1.0,1.4,1.38,98,100
2026-01-23T17:00,2.6,-0.3,0.0,0.0,1.0,0.74,100,100
2026-01-23T18:00,1.8,-2.6,0.0,0.0,1.8,1.03,16,52
2026-01-23T19:00,1.7,-2.4,0.0,0.0,2.3,0.54,99,94
2026-01-23T20:00,1.7,-3.1,0.0,0.0,1.3,0.46,25,100
2026-01-23T21:00,1.2,-2.1,0.0,0.0,0.8,1.31,3,100
2026-01-23T22:00,1.0,-1.5,0.0,0.0,1.3,1.37,0,100
2026-01-23T23:00,1.3,-1.4,0.0,0.0,3.0,1.08,99,100
2026-01-24T00:00,1.8,-0.5,0.0,0.0,2.6,1.33,100,100
2026-01-24T01:00,1.7,-0.4,0.0,0.0,2.8,1.53,100,100
2026-01-24T02:00,1.4,-0.2,0.0,0.0,1.4,1.65,100,100
2026-01-24T03:00,1.4,0.0,0.0,0.0,1.4,1.3,100,100
2026-01-24T04:00,1.4,0.1,0.0,0.0,4.6,2.0,100,100
2026-01-24T05:00,1.5,0.1,0.0,0.0,4.2,2.25,100,100
2026-01-24T06:00,1.4,-0.3,0.0,0.0,2.3,2.0,100,100
2026-01-24T07:00,1.5,-0.1,2.0,7.0,1.9,1.62,100,100
2026-01-24T08:00,1.7,0.5,15.0,34.0,2.3,1.57,100,100
2026-01-24T09:00,1.9,0.7,21.0,43.0,2.2,1.61,100,100
2026-01-24T10:00,2.0,0.9,18.0,52.0,3.1,1.39,100,100
2026-01-24T11:00,2.3,1.2,30.0,65.0,3.7,1.32,100,100
2026-01-24T12:00,2.5,1.6,41.0,86.0,2.7,1.14,100,100
2026-01-24T13:00,2.6,1.8,26.0,79.0,3.2,1.06,100,100
2026-01-24T14:00,2.7,1.6,17.0,39.0,2.8,1.13,100,100
2026-01-24T15:00,2.4,1.4,5.0,30.0,1.6,0.96,100,100
2026-01-24T16:00,2.4,0.4,0.0,2.0,1.9,0.94,100,99
2026-01-24T17:00,2.2,0.2,0.0,0.0,3.2,0.86,100,92
2026-01-24T18:00,2.2,-0.3,0.0,0.0,0.7,1.21,100,100
2026-01-24T19:00,2.3,-0.7,0.0,0.0,1.5,1.0,100,100
2026-01-24T20:00,2.4,-1.3,0.0,0.0,1.7,0.9,100,100
2026-01-24T21:00,2.2,-1.3,0.0,0.0,1.9,0.5,100,100
2026-01-24T22:00,2.3,-0.6,0.0,0.0,1.4,0.7,100,100
2026-01-24T23:00,2.4,-0.7,0.0,0.0,0.8,1.11,100,100
2026-01-25T00:00,2.5,-3.7,0.0,0.0,2.4,0.92,100,100
2026-01-25T01:00,2.6,-3.4,0.0,0.0,3.1,0.86,94,100
2026-01-25T02:00,2.3,-2.8,0.0,0.0,3.5,1.25,100,100
2026-01-25T03:00,2.7,-2.4,0.0,0.0,1.1,1.36,100,100
2026-01-25T04:00,3.1,-1.6,0.0,0.0,2.8,1.45,100,100
2026-01-25T05:00,3.0,-1.1,0.0,0.0,4.8,1.6,100,100
2026-01-25T06:00,3.2,0.1,0.0,0.0,4.4,1.62,100,70
2026-01-25T07:00,3.0,-0.9,2.0,13.0,3.4,1.18,100,100
2026-01-25T08:00,3.1,-0.3,11.0,113.0,3.4,1.11,100,100
2026-01-25T09:00,2.7,1.5,18.0,166.0,3.1,1.15,100,95
2026-01-25T10:00,2.8,2.4,41.0,272.0,2.3,1.56,100,100
2026-01-25T11:00,3.2,3.3,57.0,290.0,1.7,1.57,100,100
2026-01-25T12:00,4.1,3.3,39.0,262.0,1.3,1.54,100,100
2026-01-25T13:00,4.3,3.4,45.0,176.0,2.2,1.74,100,100
2026-01-25T14:00,4.4,2.6,30.0,84.0,3.1,2.24,100,100
2026-01-25T15:00,4.8,1.9,19.0,20.0,3.6,3.41,100,100
2026-01-25T16:00,4.6,1.5,2.0,1.0,5.2,3.8,100,100
2026-01-25T17:00,4.2,1.5,0.0,0.0,4.7,4.09,100,100
2026-01-25T18:00,4.2,1.9,0.0,0.0,5.2,5.12,100,100
2026-01-25T19:00,4.2,1.8,0.0,0.0,5.4,4.65,100,100
2026-01-25T20:00,3.8,1.6,0.0,0.0,4.2,3.8,96,100
2026-01-25T21:00,3.8,2.2,0.0,0.0,5.2,3.18,100,100
2026-01-25T22:00,4.7,1.6,0.0,0.0,5.6,3.47,100,100
2026-01-25T23:00,5.2,1.8,0.0,0.0,4.4,4.67,100,100
2026-01-26T00:00,4.9,2.3,0.0,0.0,3.9,5.59,100,100
2026-01-26T01:00,4.1,2.4,0.0,0.0,0.7,5.19,100,100
2026-01-26T02:00,4.4,2.4,0.0,0.0,3.4,5.32,100,100
2026-01-26T03:00,4.7,2.4,0.0,0.0,3.3,5.35,100,100
2026-01-26T04:00,4.7,2.5,0.0,0.0,4.1,5.93,100,100
2026-01-26T05:00,5.0,2.8,0.0,0.0,5.0,4.23,100,100
2026-01-26T06:00,5.0,2.9,0.0,0.0,5.1,4.85,100,100
2026-01-26T07:00,5.2,3.2,8.0,4.0,6.6,4.95,100,100
2026-01-26T08:00,5.9,3.7,68.0,48.0,5.9,3.76,100,100
2026-01-26T09:00,6.8,4.7,95.0,81.0,5.1,1.94,100,100
2026-01-26T10:00,6.7,4.8,33.0,89.0,3.4,0.54,100,100
2026-01-26T11:00,6.5,4.3,37.0,74.0,2.1,0.72,100,100
2026-01-26T12:00,6.0,3.7,32.0,46.0,0.6,3.36,100,100
2026-01-26T13:00,5.8,3.8,28.0,34.0,1.4,2.55,100,100
2026-01-26T14:00,6.1,3.6,41.0,32.0,1.7,2.18,100,100
2026-01-26T15:00,6.1,3.6,12.0,19.0,1.4,1.69,100,100
2026-01-26T16:00,6.2,3.2,1.0,1.0,1.5,1.31,100,100
2026-01-26T17:00,5.9,3.1,0.0,0.0,0.8,1.26,100,100
2026-01-26T18:00,4.7,2.7,0.0,0.0,1.2,0.69,100,100
2026-01-26T19:00,4.5,2.4,0.0,0.0,0.8,0.34,100,100
2026-01-26T20:00,4.2,2.0,0.0,0.0,2.2,0.92,100,100
2026-01-26T21:00,4.5,1.1,0.0,0.0,2.3,1.41,100,100
2026-01-26T22:00,4.5,0.7,0.0,0.0,4.2,2.47,100,100
2026-01-26T23:00,4.6,0.6,0.0,0.0,5.0,3.52,100,100
2026-01-27T00:00,4.8,1.4,0.0,0.0,5.0,3.51,100,100
2026-01-27T01:00,5.0,1.5,0.0,0.0,6.2,5.1,100,99
2026-01-27T02:00,4.8,1.6,0.0,0.0,7.1,6.15,100,99
2026-01-27T03:00,4.5,2.1,0.0,0.0,7.5,6.57,100,82
2026-01-27T04:00,4.4,1.4,0.0,0.0,7.6,5.61,99,59
2026-01-27T05:00,4.0,0.8,0.0,0.0,7.2,5.06,95,68
2026-01-27T06:00,2.7,-0.9,0.0,0.0,6.6,4.16,44,2
2026-01-27T07:00,2.4,-0.9,25.0,22.0,6.1,3.1,9,9
2026-01-27T08:00,3.2,1.2,138.0,135.0,2.6,2.52,10,11
2026-01-27T09:00,2.3,3.4,256.0,253.0,2.2,1.59,60,0
2026-01-27T10:00,2.7,4.9,342.0,339.0,2.3,0.65,2,1
2026-01-27T11:00,3.7,6.0,381.0,370.0,2.7,1.28,3,1
2026-01-27T12:00,4.4,6.5,268.0,364.0,2.8,1.55,65,0
2026-01-27T13:00,5.4,6.4,300.0,303.0,2.3,1.78,1,1
2026-01-27T14:00,6.9,5.7,207.0,202.0,5.3,2.47,0,2
2026-01-27T15:00,6.5,2.7,88.0,81.0,5.1,3.01,0,2
2026-01-27T16:00,5.1,0.5,4.0,3.0,6.0,3.46,0,1
2026-01-27T17:00,3.8,-0.5,0.0,0.0,6.0,4.06,0,0
2026-01-27T18:00,2.7,-1.4,0.0,0.0,5.7,4.51,0,0
2026-01-27T19:00,2.0,-1.3,0.0,0.0,6.5,5.06,0,0
2026-01-27T20:00,1.8,-1.1,0.0,0.0,6.6,5.12,0,0
2026-01-27T21:00,1.2,-1.2,0.0,0.0,4.3,5.19,0,0
2026-01-27T22:00,0.8,-1.6,0.0,0.0,4.8,4.85,0,0
2026-01-27T23:00,0.7,-2.0,0.0,0.0,4.9,4.85,0,0
2026-01-28T00:00,0.7,-2.8,0.0,0.0,4.3,4.01,5,4
2026-01-28T01:00,0.4,-2.8,0.0,0.0,4.9,3.26,0,5
2026-01-28T02:00,-0.4,-2.8,0.0,0.0,3.7,3.11,80,82
2026-01-28T03:00,-0.1,-2.2,0.0,0.0,3.2,2.29,100,98
2026-01-28T04:00,0.3,-1.5,0.0,0.0,2.8,2.14,100,100
2026-01-28T05:00,0.6,-1.3,0.0,0.0,3.1,2.09,100,100
2026-01-28T06:00,1.0,-0.8,0.0,0.0,3.8,3.01,100,100
2026-01-28T07:00,1.2,-0.3,10.0,3.0,3.1,2.89,100,100
2026-01-28T08:00,1.6,0.3,40.0,23.0,4.2,2.39,100,100
2026-01-28T09:00,1.6,1.2,69.0,58.0,2.9,2.32,100,100
2026-01-28T10:00,1.7,1.8,50.0,69.0,2.7,3.05,100,100
2026-01-28T11:00,1.3,1.8,26.0,59.0,2.2,3.47,100,100
2026-01-28T12:00,1.2,2.1,18.0,69.0,3.0,2.77,100,100
2026-01-28T13:00,1.2,1.8,16.0,39.0,3.5,2.0,100,100
2026-01-28T14:00,1.1,1.6,23.0,28.0,3.2,1.88,100,100
2026-01-28T15:00,1.0,1.1,7.0,14.0,2.0,1.51,100,100
2026-01-28T16:00,0.9,0.5,0.0,1.0,1.2,1.46,100,100
2026-01-28T17:00,0.8,0.3,0.0,0.0,1.0,1.16,100,100
2026-01-28T18:00,1.2,0.3,0.0,0.0,2.6,1.52,100,100
2026-01-28T19:00,1.4,0.3,0.0,0.0,2.8,1.72,100,100
2026-01-28T20:00,1.7,0.3,0.0,0.0,3.0,2.22,100,100
2026-01-28T21:00,1.5,0.4,0.0,0.0,3.3,2.92,100,100
2026-01-28T22:00,1.5,0.5,0.0,0.0,3.2,3.13,100,100
2026-01-28T23:00,1.5,0.5,0.0,0.0,3.2,3.54,100,100
2026-01-29T00:00,1.5,0.5,0.0,0.0,5.1,3.68,100,100
2026-01-29T01:00,1.7,0.6,0.0,0.0,5.3,4.21,100,100
2026-01-29T02:00,1.7,0.7,0.0,0.0,5.9,4.63,100,100
2026-01-29T03:00,1.8,0.6,0.0,0.0,4.7,4.34,100,100
2026-01-29T04:00,1.8,0.7,0.0,0.0,6.9,4.92,100,100
2026-01-29T05:00,2.1,0.7,0.0,0.0,7.3,5.39,100,100
2026-01-29T06:00,2.1,0.8,0.0,0.0,7.8,6.45,100,100
2026-01-29T07:00,2.2,0.8,6.0,5.0,7.6,7.0,100,100
2026-01-29T08:00,2.3,0.9,25.0,24.0,7.7,7.25,100,100
2026-01-29T09:00,2.2,1.0,36.0,51.0,8.2,7.25,100,100
2026-01-29T10:00,2.2,1.2,42.0,64.0,7.9,7.35,100,100
2026-01-29T11:00,2.3,1.4,56.0,95.0,8.3,7.45,100,100
2026-01-29T12:00,2.4,1.8,32.0,118.0,8.0,7.05,100,100
2026-01-29T13:00,2.5,1.7,32.0,82.0,8.1,7.3,100,100
2026-01-29T14:00,2.5,1.3,18.0,47.0,8.3,7.5,100,100
2026-01-29T15:00,2.4,0.9,8.0,24.0,9.0,8.0,100,100
2026-01-29T16:00,2.1,0.4,1.0,2.0,8.7,8.85,100,100
2026-01-29T17:00,1.8,0.2,0.0,0.0,9.1,9.25,100,100
2026-01-29T18:00,1.8,0.7,0.0,0.0,9.7,8.22,100,100
2026-01-29T19:00,1.5,0.5,0.0,0.0,10.1,7.87,100,100
2026-01-29T20:00,1.4,0.5,0.0,0.0,9.9,7.77,100,100
2026-01-29T21:00,1.3,0.5,0.0,0.0,10.7,7.91,100,100
2026-01-29T22:00,1.3,0.4,0.0,0.0,10.6,8.61,100,100
2026-01-29T23:00,1.2,0.3,0.0,0.0,10.1,7.82,100,100
2026-01-30T00:00,1.1,-0.2,0.0,0.0,10.5,9.15,99,99
2026-01-30T01:00,1.0,-0.3,0.0,0.0,11.5,8.36,97,100
2026-01-30T02:00,1.0,0.0,0.0,0.0,10.8,7.88,100,100
2026-01-30T03:00,0.8,0.1,0.0,0.0,11.3,8.16,99,100
2026-01-30T04:00,0.7,-0.1,0.0,0.0,11.2,8.2,100,100
2026-01-30T05:00,0.8,-0.4,0.0,0.0,10.8,8.21,100,95
2026-01-30T06:00,0.3,-0.3,0.0,0.0,11.2,8.56,100,100
2026-01-30T07:00,0.5,-0.2,18.0,7.0,10.9,8.16,100,100
2026-01-30T08:00,1.0,0.0,119.0,34.0,10.5,7.61,100,100
2026-01-30T09:00,2.0,0.3,186.0,62.0,9.2,6.65,100,100
2026-01-30T10:00,2.4,0.6,157.0,80.0,8.9,6.5,100,100
2026-01-30T11:00,3.0,0.8,153.0,82.0,8.0,6.35,100,100
2026-01-30T12:00,4.2,3.3,353.0,233.0,7.5,5.25,84,100
2026-01-30T13:00,4.4,2.9,241.0,128.0,7.3,5.62,97,100
2026-01-30T14:00,4.1,2.5,123.0,64.0,7.5,6.11,100,100
2026-01-30T15:00,3.2,2.0,35.0,20.0,8.4,6.35,100,100
2026-01-30T16:00,2.5,1.5,3.0,1.0,8.8,6.71,100,100
2026-01-30T17:00,1.6,1.1,0.0,0.0,8.9,6.81,100,100
2026-01-30T18:00,0.9,0.7,0.0,0.0,9.3,6.75,97,100
2026-01-30T19:00,0.7,0.0,0.0,0.0,9.2,6.8,99,100
2026-01-30T20:00,0.5,-0.4,0.0,0.0,9.1,7.05,100,100
2026-01-30T21:00,0.5,-0.6,0.0,0.0,8.5,7.0,100,100
2026-01-30T22:00,0.3,-0.9,0.0,0.0,8.7,6.86,100,100
2026-01-30T23:00,0.2,-0.9,0.0,0.0,8.4,6.47,100,100
2026-01-31T00:00,0.3,-1.7,0.0,0.0,8.6,7.5,100,100
2026-01-31T01:00,0.1,-2.1,0.0,0.0,8.7,7.66,100,63
2026-01-31T02:00,-0.2,-3.0,0.0,0.0,8.9,8.01,100,100
2026-01-31T03:00,-0.4,-3.7,0.0,0.0,8.9,8.31,100,100
2026-01-31T04:00,-0.8,-3.8,0.0,0.0,9.2,8.66,100,100
2026-01-31T05:00,-1.1,-4.1,0.0,0.0,9.4,9.16,100,100
2026-01-31T06:00,-1.8,-3.1,0.0,0.0,10.2,7.65,100,100
2026-01-31T07:00,-2.5,-3.5,15.0,14.0,10.8,8.05,99,100
2026-01-31T08:00,-2.9,-3.5,95.0,92.0,11.2,8.15,94,99
2026-01-31T09:00,-2.4,-3.4,247.0,174.0,10.8,8.15,72,93
2026-01-31T10:00,-1.8,-2.9,328.0,240.0,10.7,8.05,81,66
2026-01-31T11:00,-1.3,-2.3,350.0,287.0,10.3,8.4,87,55
2026-01-31T12:00,-0.8,-2.5,399.0,144.0,10.6,7.9,0,100
2026-01-31T13:00,-0.6,-2.7,335.0,137.0,10.5,8.25,2,100
2026-01-31T14:00,-1.1,-3.3,216.0,105.0,10.4,8.5,27,100
2026-01-31T15:00,-2.3,-4.4,87.0,50.0,11.0,9.05,97,100
2026-01-31T16:00,-3.6,-5.7,7.0,5.0,11.6,9.35,100,76
2026-01-31T17:00,-4.8,-6.3,0.0,0.0,11.8,9.65,100,47
2026-01-31T18:00,-5.2,-6.7,0.0,0.0,12.0,9.55,100,21
2026-01-31T19:00,-5.9,-7.0,0.0,0.0,12.3,10.25,100,40
2026-01-31T20:00,-6.2,-7.2,0.0,0.0,12.3,9.9,100,50
2026-01-31T21:00,-6.4,-7.6,0.0,0.0,11.8,9.3,79,40
2026-01-31T22:00,-6.6,-7.8,0.0,0.0,11.5,9.01,98,13
2026-01-31T23:00,-6.8,-8.1,0.0,0.0,11.1,8.57,100,19
2026-02-01T00:00,-6.9,-8.3,0.0,0.0,11.2,8.62,100,72
2026-02-01T01:00,-6.8,-8.7,0.0,0.0,11.1,8.62,100,70
2026-02-01T02:00,-6.7,-9.1,0.0,0.0,10.5,8.96,100,62
2026-02-01T03:00,-7.0,-9.4,0.0,0.0,10.5,8.77,100,53
2026-02-01T04:00,-6.9,-9.6,0.0,0.0,10.9,8.37,100,81
2026-02-01T05:00,-6.7,-9.3,0.0,0.0,10.8,8.05,100,99
2026-02-01T06:00,-7.2,-8.7,0.0,0.0,10.9,7.62,100,99
2026-02-01T07:00,-7.1,-8.0,13.0,24.0,10.3,7.29,98,99
2026-02-01T08:00,-6.5,-7.0,103.0,86.0,9.8,6.19,90,100
2026-02-01T09:00,-5.4,-5.5,132.0,149.0,8.9,6.02,100,100
2026-02-01T10:00,-4.7,-4.4,91.0,130.0,8.3,5.85,100,100
2026-02-01T11:00,-3.6,-3.1,147.0,165.0,8.2,5.54,100,100
2026-02-01T12:00,-2.3,-2.8,214.0,119.0,8.0,5.63,85,100
2026-02-01T13:00,-1.3,-2.4,276.0,125.0,7.5,5.83,37,100
2026-02-01T14:00,-1.0,-2.7,194.0,75.0,7.4,5.94,64,100
2026-02-01T15:00,-2.0,-3.4,91.0,33.0,8.8,6.32,21,100
2026-02-01T16:00,-2.6,-4.1,8.0,3.0,9.1,6.98,100,100
2026-02-01T17:00,-3.0,-4.8,0.0,0.0,9.3,7.37,100,100
2026-02-01T18:00,-3.1,-5.1,0.0,0.0,9.3,7.56,100,100
2026-02-01T19:00,-3.6,-5.4,0.0,0.0,9.9,8.02,98,98
2026-02-01T20:00,-3.8,-5.6,0.0,0.0,9.7,8.22,100,99
2026-02-01T21:00,-3.8,-5.8,0.0,0.0,9.6,7.71,100,98
2026-02-01T22:00,-3.8,-6.4,0.0,0.0,9.1,8.01,100,44
2026-02-01T23:00,-3.7,-6.9,0.0,0.0,9.0,7.81,100,53
2026-02-02T00:00,-4.2,-7.3,0.0,0.0,9.5,8.29,100,99
2026-02-02T01:00,-4.2,-7.3,0.0,0.0,9.4,8.94,100,100
2026-02-02T02:00,-4.3,-7.0,0.0,0.0,9.7,7.27,85,100
2026-02-02T03:00,-4.5,-7.1,0.0,0.0,9.2,7.08,94,100
2026-02-02T04:00,-4.5,-7.0,0.0,0.0,9.8,7.51,88,100
2026-02-02T05:00,-4.2,-6.7,0.0,0.0,10.1,7.47,100,100
2026-02-02T06:00,-3.9,-6.0,0.0,0.0,9.1,5.98,100,100
2026-02-02T07:00,-3.9,-5.8,16.0,8.0,9.0,6.06,100,100
2026-02-02T08:00,-3.2,-5.3,74.0,43.0,8.6,5.2,100,100
2026-02-02T09:00,-2.3,-4.7,179.0,75.0,7.9,4.71,70,100
2026-02-02T10:00,-1.2,-3.8,275.0,111.0,7.2,4.56,89,100
2026-02-02T11:00,-0.0,-2.5,318.0,167.0,6.3,3.87,43,100
2026-02-02T12:00,0.2,0.9,334.0,293.0,5.6,3.07,91,97
2026-02-02T13:00,0.9,1.2,281.0,264.0,4.4,2.37,72,98
2026-02-02T14:00,1.1,0.9,195.0,195.0,4.2,2.36,32,88
2026-02-02T15:00,0.7,-0.4,69.0,80.0,5.3,3.1,96,93
2026-02-02T16:00,0.2,-2.2,7.0,7.0,5.3,3.92,71,85
2026-02-02T17:00,-0.6,-3.3,0.0,0.0,5.7,4.16,60,75
2026-02-02T18:00,-1.6,-4.0,0.0,0.0,6.1,3.74,47,78
2026-02-02T19:00,-2.2,-4.8,0.0,0.0,5.6,3.9,72,91
2026-02-02T20:00,-2.7,-4.9,0.0,0.0,6.6,3.46,100,30
2026-02-02T21:00,-2.9,-5.5,0.0,0.0,6.1,3.12,83,80
2026-02-02T22:00,-3.3,-5.7,0.0,0.0,5.5,2.26,55,85
2026-02-02T23:00,-3.6,-5.9,0.0,0.0,5.3,1.2,98,83
2026-02-03T00:00,-3.0,-4.9,0.0,0.0,3.4,1.71,100,100
2026-02-03T01:00,-2.8,-5.0,0.0,0.0,2.7,1.32,100,75
2026-02-03T02:00,-3.0,-6.0,0.0,0.0,2.7,1.2,100,47
2026-02-03T03:00,-2.3,-6.2,0.0,0.0,0.9,1.04,100,100
2026-02-03T04:00,-2.0,-4.8,0.0,0.0,0.7,0.45,100,100
2026-02-03T05:00,-1.6,-4.0,0.0,0.0,1.4,0.96,100,99
2026-02-03T06:00,-0.8,-3.4,0.0,0.0,2.7,1.41,100,100
2026-02-03T07:00,-0.6,-2.8,13.0,11.0,3.2,1.74,100,100
2026-02-03T08:00,-0.2,-1.7,56.0,44.0,2.4,1.83,100,100
2026-02-03T09:00,0.5,-0.5,115.0,88.0,2.4,1.79,100,100
2026-02-03T10:00,1.0,0.3,115.0,108.0,3.0,2.85,100,100
2026-02-03T11:00,1.6,0.3,146.0,93.0,3.3,3.33,100,100
2026-02-03T12:00,1.8,1.9,240.0,208.0,2.5,3.85,100,100
2026-02-03T13:00,2.1,2.0,138.0,108.0,3.2,4.19,100,100
2026-02-03T14:00,1.7,1.8,67.0,51.0,3.4,3.69,100,100
2026-02-03T15:00,1.4,0.9,33.0,22.0,3.6,2.89,100,100
2026-02-03T16:00,1.0,-0.1,2.0,2.0,2.5,1.95,100,100
2026-02-03T17:00,0.7,-0.2,0.0,0.0,1.2,2.39,100,100
2026-02-03T18:00,0.7,-0.7,0.0,0.0,2.2,1.96,100,100
2026-02-03T19:00,0.8,-0.5,0.0,0.0,2.1,2.15,100,100
2026-02-03T20:00,0.8,-0.4,0.0,0.0,1.2,2.76,100,100
2026-02-03T21:00,0.8,0.1,0.0,0.0,2.1,3.87,100,100
2026-02-03T22:00,0.8,0.4,0.0,0.0,3.3,4.23,100,100
2026-02-03T23:00,0.9,0.2,0.0,0.0,3.8,4.36,100,100
2026-02-04T00:00,0.9,0.3,0.0,0.0,4.5,3.92,100,100
2026-02-04T01:00,0.9,0.3,0.0,0.0,5.4,3.95,100,100
2026-02-04T02:00,0.9,0.4,0.0,0.0,5.1,3.69,100,100
2026-02-04T03:00,0.9,0.4,0.0,0.0,2.4,3.7,100,100
2026-02-04T04:00,1.2,0.4,0.0,0.0,2.4,3.54,100,100
2026-02-04T05:00,1.4,0.4,0.0,0.0,3.7,3.56,100,100
2026-02-04T06:00,1.4,0.4,0.0,0.0,5.2,3.21,100,100
2026-02-04T07:00,1.4,0.7,2.0,8.0,4.6,2.97,100,100
2026-02-04T08:00,1.5,1.0,10.0,24.0,3.6,3.07,100,100
2026-02-04T09:00,1.6,1.2,9.0,31.0,1.3,2.64,100,100
2026-02-04T10:00,1.8,1.6,19.0,57.0,0.4,2.77,100,100
2026-02-04T11:00,2.3,2.0,29.0,99.0,1.4,2.36,100,100
2026-02-04T12:00,2.2,1.8,15.0,88.0,2.6,2.05,100,100
2026-02-04T13:00,2.3,1.7,10.0,65.0,3.2,2.29,100,100
2026-02-04T14:00,2.5,1.5,8.0,36.0,3.2,2.5,100,100
2026-02-04T15:00,2.5,1.3,6.0,21.0,4.1,2.67,100,100
2026-02-04T16:00,2.5,1.0,1.0,3.0,4.4,2.06,100,100
2026-02-04T17:00,2.4,0.9,0.0,0.0,3.8,1.63,100,100
2026-02-04T18:00,2.4,0.9,0.0,0.0,3.3,2.02,100,100
2026-02-04T19:00,2.3,0.8,0.0,0.0,2.5,2.1,100,100
2026-02-04T20:00,2.3,0.9,0.0,0.0,1.3,2.31,100,100
2026-02-04T21:00,3.0,0.3,0.0,0.0,1.3,2.61,100,100
2026-02-04T22:00,3.2,-0.6,0.0,0.0,1.1,3.05,100,100
2026-02-04T23:00,3.1,-0.6,0.0,0.0,2.5,3.36,100,99
2026-02-05T00:00,3.2,0.8,0.0,0.0,2.6,2.59,100,99
2026-02-05T01:00,3.0,-0.3,0.0,0.0,2.7,2.42,99,98
2026-02-05T02:00,2.4,-0.7,0.0,0.0,3.0,3.29,84,95
2026-02-05T03:00,2.3,-0.8,0.0,0.0,3.1,3.62,99,20
2026-02-05T04:00,2.2,-1.0,0.0,0.0,3.3,3.98,100,48
2026-02-05T05:00,2.8,-0.9,0.0,0.0,5.1,4.29,97,100
2026-02-05T06:00,3.5,-0.9,0.0,0.0,4.9,3.76,45,100
2026-02-05T07:00,4.3,0.5,36.0,19.0,4.3,2.55,50,100
2026-02-05T08:00,5.5,1.6,123.0,69.0,3.5,3.19,96,100
2026-02-05T09:00,6.2,3.0,133.0,139.0,3.3,4.11,100,100
2026-02-05T10:00,5.8,3.6,54.0,132.0,3.9,4.68,100,100
2026-02-05T11:00,6.3,4.0,124.0,233.0,2.9,2.96,100,100
2026-02-05T12:00,8.2,3.6,275.0,130.0,2.0,4.07,100,100
2026-02-05T13:00,8.8,3.8,284.0,143.0,2.8,3.69,100,100
2026-02-05T14:00,8.7,3.6,193.0,89.0,3.3,3.35,74,100
2026-02-05T15:00,8.1,3.1,100.0,32.0,2.8,3.41,100,100
2026-02-05T16:00,6.9,2.4,12.0,7.0,2.7,3.23,100,100
2026-02-05T17:00,5.5,1.6,0.0,0.0,1.8,3.13,39,99
2026-02-05T18:00,5.4,0.2,0.0,0.0,3.9,3.29,98,17
2026-02-05T19:00,5.0,-0.4,0.0,0.0,2.2,3.2,30,30
2026-02-05T20:00,4.3,-0.6,0.0,0.0,3.5,3.47,81,91
2026-02-05T21:00,3.8,-0.5,0.0,0.0,2.8,2.76,14,94
2026-02-05T22:00,3.7,-0.4,0.0,0.0,3.6,2.44,65,100
2026-02-05T23:00,3.6,0.6,0.0,0.0,3.7,2.44,100,100
2026-02-06T00:00,3.9,0.8,0.0,0.0,2.8,2.81,100,87
2026-02-06T01:00,4.6,0.2,0.0,0.0,1.1,2.15,100,92
2026-02-06T02:00,4.2,-1.0,0.0,0.0,4.7,2.09,88,94
2026-02-06T03:00,3.4,-1.1,0.0,0.0,3.3,2.34,13,100
2026-02-06T04:00,3.3,-1.0,0.0,0.0,3.7,2.06,15,100
2026-02-06T05:00,3.3,0.5,0.0,0.0,3.0,2.05,53,100
2026-02-06T06:00,3.6,0.8,0.0,0.0,1.6,1.68,100,100
2026-02-06T07:00,3.8,1.4,6.0,10.0,0.8,1.55,100,100
2026-02-06T08:00,4.1,1.4,7.0,27.0,3.8,2.16,100,100
2026-02-06T09:00,4.5,2.1,9.0,59.0,1.8,2.69,100,100
2026-02-06T10:00,4.3,2.9,13.0,79.0,2.0,1.77,100,100
2026-02-06T11:00,5.3,3.3,23.0,109.0,2.2,0.1,100,100
2026-02-06T12:00,4.6,4.4,28.0,152.0,1.0,0.95,100,100
2026-02-06T13:00,4.7,5.2,40.0,191.0,1.1,0.35,100,100
2026-02-06T14:00,5.1,4.5,50.0,68.0,1.5,0.25,100,100
2026-02-06T15:00,5.4,3.3,36.0,15.0,0.7,0.88,100,99
2026-02-06T16:00,5.2,2.8,7.0,2.0,0.5,0.57,100,100
2026-02-06T17:00,4.4,2.3,0.0,0.0,0.5,1.35,62,80
2026-02-06T18:00,4.0,2.6,0.0,0.0,1.2,0.53,5,100
2026-02-06T19:00,2.9,2.0,0.0,0.0,1.0,0.85,9,34
2026-02-06T20:00,2.4,1.4,0.0,0.0,1.6,0.63,24,84
2026-02-06T21:00,4.3,0.6,0.0,0.0,0.5,1.7,100,100
2026-02-06T22:00,4.0,0.8,0.0,0.0,0.2,0.56,100,100
2026-02-06T23:00,3.9,0.3,0.0,0.0,1.5,1.39,100,97
2026-02-07T00:00,4.1,-1.3,0.0,0.0,2.0,2.11,100,99
2026-02-07T01:00,3.9,-1.5,0.0,0.0,1.4,1.9,100,96
2026-02-07T02:00,3.7,-0.8,0.0,0.0,1.4,1.18,100,99
2026-02-07T03:00,3.4,-0.4,0.0,0.0,2.2,1.75,100,100
2026-02-07T04:00,3.2,-0.1,0.0,0.0,2.3,2.29,100,100
2026-02-07T05:00,3.3,0.2,0.0,0.0,0.8,1.64,100,100
2026-02-07T06:00,3.4,-1.0,0.0,0.0,1.0,1.04,100,99
2026-02-07T07:00,3.5,0.4,17.0,37.0,1.5,1.23,100,100
2026-02-07T08:00,3.8,1.9,56.0,80.0,1.1,0.89,100,100
2026-02-07T09:00,4.6,2.4,97.0,81.0,0.8,0.25,100,100
2026-02-07T10:00,4.8,2.8,57.0,68.0,1.6,0.52,100,100
2026-02-07T11:00,4.8,2.7,54.0,48.0,2.3,0.89,100,100
2026-02-07T12:00,5.5,3.2,94.0,94.0,0.8,0.51,100,100
2026-02-07T13:00,6.0,3.5,144.0,110.0,1.0,1.32,100,100
2026-02-07T14:00,6.1,3.3,40.0,92.0,0.9,1.95,100,98
2026-02-07T15:00,5.3,2.9,15.0,63.0,2.2,1.72,100,100
2026-02-07T16:00,5.1,2.4,2.0,7.0,2.1,1.1,100,100
2026-02-07T17:00,4.7,2.1,0.0,0.0,2.3,0.78,100,100
2026-02-07T18:00,4.7,2.0,0.0,0.0,4.2,0.78,100,100
2026-02-07T19:00,4.6,1.6,0.0,0.0,3.9,2.11,100,100
2026-02-07T20:00,4.5,1.6,0.0,0.0,5.8,3.58,100,100
2026-02-07T21:00,4.5,1.8,0.0,0.0,5.8,4.59,100,100
2026-02-07T22:00,4.5,2.0,0.0,0.0,6.0,4.96,100,100
2026-02-07T23:00,4.5,1.9,0.0,0.0,6.0,5.02,100,100
2026-02-08T00:00,4.0,2.2,0.0,0.0,6.8,5.37,100,100
2026-02-08T01:00,3.7,2.1,0.0,0.0,7.0,5.28,100,100
2026-02-08T02:00,3.6,2.0,0.0,0.0,6.8,5.59,100,100
2026-02-08T03:00,3.4,2.1,0.0,0.0,6.7,6.27,100,100
2026-02-08T04:00,3.4,2.1,0.0,0.0,7.1,6.5,100,100
2026-02-08T05:00,3.4,1.9,0.0,0.0,7.5,6.27,100,100
2026-02-08T06:00,3.5,1.8,0.0,0.0,7.0,5.03,100,100
2026-02-08T07:00,3.6,2.0,10.0,18.0,7.1,5.57,100,100
2026-02-08T08:00,3.8,2.7,27.0,61.0,7.0,5.56,100,100
2026-02-08T09:00,3.9,3.8,56.0,129.0,6.5,4.96,100,100
2026-02-08T10:00,4.2,4.1,119.0,127.0,5.8,4.35,100,100
2026-02-08T11:00,4.3,4.3,93.0,123.0,5.4,3.81,100,100
2026-02-08T12:00,4.9,5.4,91.0,142.0,5.6,3.11,100,100
2026-02-08T13:00,5.1,5.7,116.0,162.0,5.4,3.19,100,100
2026-02-08T14:00,5.1,5.6,94.0,120.0,5.6,3.09,100,82
2026-02-08T15:00,4.7,4.9,47.0,50.0,6.3,3.78,100,98
2026-02-08T16:00,4.0,3.6,7.0,6.0,6.9,4.89,100,98
2026-02-08T17:00,3.1,2.5,0.0,0.0,7.1,5.02,100,91
2026-02-08T18:00,2.9,2.3,0.0,0.0,7.7,6.02,100,100
2026-02-08T19:00,2.5,1.8,0.0,0.0,8.4,6.46,100,100
2026-02-08T20:00,2.0,1.5,0.0,0.0,8.7,6.97,100,100
2026-02-08T21:00,1.4,1.2,0.0,0.0,8.6,6.89,100,100
2026-02-08T22:00,1.1,1.0,0.0,0.0,8.7,7.24,100,100
2026-02-08T23:00,0.8,0.6,0.0,0.0,8.7,7.58,99,100
2026-02-09T00:00,0.4,0.0,0.0,0.0,9.2,7.6,97,100
2026-02-09T01:00,0.1,-0.3,0.0,0.0,9.3,7.5,96,99
2026-02-09T02:00,-0.1,-0.8,0.0,0.0,9.3,7.3,92,95
2026-02-09T03:00,-0.2,-1.3,0.0,0.0,9.4,7.45,75,78
2026-02-09T04:00,-0.4,-1.8,0.0,0.0,9.4,8.25,42,78
2026-02-09T05:00,-0.7,-2.1,0.0,0.0,9.3,8.0,17,73
2026-02-09T06:00,-0.9,-2.3,0.0,0.0,9.3,7.5,9,92
2026-02-09T07:00,-0.9,-2.0,51.0,42.0,8.6,6.4,29,98
2026-02-09T08:00,-0.1,-1.0,141.0,154.0,7.4,6.01,85,80
2026-02-09T09:00,1.0,0.5,185.0,272.0,6.1,5.37,100,55
2026-02-09T10:00,2.0,1.7,251.0,286.0,5.5,4.45,92,91
2026-02-09T11:00,3.1,2.6,342.0,249.0,4.4,3.97,50,98
2026-02-09T12:00,4.3,4.4,428.0,368.0,3.4,2.91,1,100
2026-02-09T13:00,4.8,4.7,370.0,305.0,2.6,2.77,0,100
2026-02-09T14:00,4.8,4.5,268.0,208.0,2.3,2.48,0,100
2026-02-09T15:00,4.4,3.1,136.0,108.0,1.9,2.85,19,100
2026-02-09T16:00,3.6,1.2,18.0,16.0,2.8,2.88,100,100
2026-02-09T17:00,3.1,1.0,0.0,0.0,1.8,2.97,100,100
2026-02-09T18:00,2.6,1.6,0.0,0.0,4.1,2.2,100,100
2026-02-09T19:00,2.6,1.4,0.0,0.0,2.1,2.63,100,100
2026-02-09T20:00,2.7,1.2,0.0,0.0,1.8,2.57,100,100
2026-02-09T21:00,2.4,0.6,0.0,0.0,3.7,2.3,100,99
2026-02-09T22:00,2.4,0.8,0.0,0.0,3.9,2.57,99,100
2026-02-09T23:00,2.3,1.1,0.0,0.0,4.7,3.4,100,100
2026-02-10T00:00,2.2,-0.2,0.0,0.0,4.3,3.01,100,100
2026-02-10T01:00,1.8,0.4,0.0,0.0,5.7,2.14,100,100
2026-02-10T02:00,1.4,0.7,0.0,0.0,5.9,2.77,100,100
2026-02-10T03:00,0.9,0.7,0.0,0.0,5.6,2.41,100,100
2026-02-10T04:00,0.8,0.2,0.0,0.0,4.6,1.85,100,62
2026-02-10T05:00,0.4,-0.8,0.0,0.0,4.9,1.49,99,47
2026-02-10T06:00,0.3,-2.1,0.0,0.0,4.3,1.54,20,78
2026-02-10T07:00,0.4,-0.5,43.0,38.0,4.1,1.67,100,70
2026-02-10T08:00,1.3,1.5,122.0,115.0,2.9,1.49,99,100
2026-02-10T09:00,1.4,2.6,69.0,158.0,2.4,2.01,100,92
2026-02-10T10:00,1.6,3.6,58.0,246.0,3.2,2.42,100,17
2026-02-10T11:00,1.6,5.3,69.0,425.0,4.3,2.98,100,60
2026-02-10T12:00,1.9,3.7,46.0,174.0,3.5,4.17,100,100
2026-02-10T13:00,2.0,3.2,73.0,80.0,3.0,3.97,100,100
2026-02-10T14:00,2.4,2.9,109.0,61.0,3.5,4.22,100,100
2026-02-10T15:00,2.0,2.4,51.0,36.0,4.8,4.27,100,88
2026-02-10T16:00,2.1,1.7,10.0,12.0,5.4,4.72,100,100
2026-02-10T17:00,1.8,1.3,0.0,0.0,5.3,5.13,100,100
2026-02-10T18:00,1.5,1.3,0.0,0.0,5.2,4.79,100,100
2026-02-10T19:00,1.4,1.1,0.0,0.0,4.4,4.47,100,98
2026-02-10T20:00,1.4,1.0,0.0,0.0,4.9,4.65,100,99
2026-02-10T21:00,1.3,1.0,0.0,0.0,6.9,4.54,100,100
2026-02-10T22:00,1.1,1.1,0.0,0.0,6.2,4.79,100,100
2026-02-10T23:00,0.9,1.1,0.0,0.0,5.4,5.12,100,100
2026-02-11T00:00,1.1,1.2,0.0,0.0,6.2,4.21,100,100
2026-02-11T01:00,0.8,1.3,0.0,0.0,6.2,4.8,100,100
2026-02-11T02:00,0.6,1.3,0.0,0.0,6.7,5.29,100,100
2026-02-11T03:00,0.3,1.2,0.0,0.0,6.0,5.18,100,100
2026-02-11T04:00,0.2,1.0,0.0,0.0,5.4,4.69,100,100
2026-02-11T05:00,0.3,0.8,0.0,0.0,5.8,4.27,100,100
2026-02-11T06:00,0.4,0.7,0.0,0.0,6.3,4.41,100,100
2026-02-11T07:00,0.3,0.8,5.0,13.0,6.3,4.32,100,100
2026-02-11T08:00,0.4,1.1,18.0,43.0,7.0,4.31,100,100
2026-02-11T09:00,0.6,1.5,21.0,63.0,5.6,4.88,100,100
2026-02-11T10:00,0.9,1.5,25.0,68.0,4.5,4.85,100,100
2026-02-11T11:00,1.0,1.5,29.0,61.0,4.5,3.61,100,100
2026-02-11T12:00,1.0,1.4,29.0,84.0,3.6,3.78,100,100
2026-02-11T13:00,1.0,1.6,16.0,60.0,3.0,3.9,100,100
2026-02-11T14:00,1.2,1.7,9.0,42.0,2.4,3.79,100,100
2026-02-11T15:00,1.6,1.7,4.0,21.0,4.0,3.13,100,100
2026-02-11T16:00,1.6,1.6,1.0,4.0,3.2,2.61,100,100
2026-02-11T17:00,1.5,1.6,0.0,0.0,2.3,2.8,100,100
2026-02-11T18:00,1.4,1.8,0.0,0.0,4.0,3.81,100,100
2026-02-11T19:00,1.5,1.9,0.0,0.0,5.0,4.04,100,100
2026-02-11T20:00,1.6,1.8,0.0,0.0,5.8,3.72,100,100
2026-02-11T21:00,2.1,2.2,0.0,0.0,8.4,5.86,100,100
2026-02-11T22:00,2.3,2.7,0.0,0.0,7.6,6.69,100,100
2026-02-11T23:00,2.3,2.9,0.0,0.0,5.8,7.11,100,100
2026-02-12T00:00,2.5,3.0,0.0,0.0,7.4,6.45,100,100
2026-02-12T01:00,3.0,3.0,0.0,0.0,8.1,6.09,100,100
2026-02-12T02:00,3.1,3.1,0.0,0.0,7.3,6.23,100,100
2026-02-12T03:00,2.4,3.4,0.0,0.0,3.1,6.51,100,100
2026-02-12T04:00,2.4,3.4,0.0,0.0,2.1,6.5,100,100
2026-02-12T05:00,2.5,3.4,0.0,0.0,1.8,6.4,100,100
2026-02-12T06:00,2.9,3.5,0.0,1.0,4.5,7.1,100,100
2026-02-12T07:00,3.3,3.9,6.0,18.0,4.8,5.98,100,100
2026-02-12T08:00,3.3,4.5,21.0,57.0,5.0,5.03,100,100
2026-02-12T09:00,3.4,5.3,22.0,101.0,4.5,4.16,100,100
2026-02-12T10:00,3.5,6.4,44.0,136.0,4.9,4.1,100,100
2026-02-12T11:00,3.8,7.0,59.0,110.0,3.2,4.45,100,100
2026-02-12T12:00,4.2,5.9,60.0,105.0,1.8,4.34,100,100
2026-02-12T13:00,4.2,7.1,17.0,129.0,3.7,3.76,100,100
2026-02-12T14:00,4.3,7.5,8.0,85.0,3.4,3.62,100,100
2026-02-12T15:00,4.7,7.0,8.0,51.0,2.8,3.03,100,100
2026-02-12T16:00,4.5,6.0,2.0,9.0,0.9,4.24,100,100
2026-02-12T17:00,4.4,5.8,0.0,0.0,1.4,4.72,100,100
2026-02-12T18:00,4.5,4.6,0.0,0.0,0.9,2.17,100,100
2026-02-12T19:00,4.5,4.0,0.0,0.0,1.5,2.32,100,100
2026-02-12T20:00,4.4,3.6,0.0,0.0,1.3,1.28,100,100
2026-02-12T21:00,4.7,3.2,0.0,0.0,2.9,2.47,100,100
2026-02-12T22:00,4.8,2.6,0.0,0.0,1.9,2.3,100,100
2026-02-12T23:00,5.0,2.1,0.0,0.0,1.8,2.14,100,100
2026-02-13T00:00,5.5,3.8,0.0,0.0,5.0,5.4,100,100
2026-02-13T01:00,5.4,2.9,0.0,0.0,3.9,4.9,100,100
2026-02-13T02:00,5.4,3.8,0.0,0.0,3.9,5.79,100,100
2026-02-13T03:00,5.2,4.1,0.0,0.0,3.1,6.13,100,100
2026-02-13T04:00,5.1,4.1,0.0,0.0,2.8,6.33,100,100
2026-02-13T05:00,5.0,4.1,0.0,0.0,5.1,6.17,100,100
2026-02-13T06:00,5.2,2.1,0.0,1.0,4.1,3.98,100,92
2026-02-13T07:00,5.6,3.2,17.0,38.0,2.3,3.76,100,100
2026-02-13T08:00,6.0,4.4,79.0,86.0,1.3,2.89,100,100
2026-02-13T09:00,6.5,5.8,174.0,192.0,0.2,2.38,100,100
2026-02-13T10:00,7.0,7.3,234.0,217.0,1.4,2.37,100,100
2026-02-13T11:00,8.1,8.2,323.0,210.0,0.7,0.45,100,100
2026-02-13T12:00,9.2,7.2,432.0,221.0,0.6,1.45,99,100
2026-02-13T13:00,10.0,7.5,327.0,203.0,2.2,0.86,100,100
2026-02-13T14:00,9.8,8.0,224.0,239.0,3.2,1.11,100,99
2026-02-13T15:00,9.2,7.1,59.0,138.0,2.5,1.68,100,98
2026-02-13T16:00,8.3,5.3,10.0,22.0,2.9,1.72,100,95
2026-02-13T17:00,6.5,4.5,0.0,0.0,2.4,2.18,100,70
2026-02-13T18:00,6.0,3.2,0.0,0.0,2.2,2.31,26,93
2026-02-13T19:00,5.0,2.5,0.0,0.0,3.9,2.11,1,60
2026-02-13T20:00,4.1,1.7,0.0,0.0,3.4,2.52,94,82
2026-02-13T21:00,3.7,1.0,0.0,0.0,2.0,2.9,100,73
2026-02-13T22:00,3.6,0.8,0.0,0.0,0.8,1.82,100,13
2026-02-13T23:00,3.3,0.5,0.0,0.0,1.5,1.16,100,5
2026-02-14T00:00,3.4,0.2,0.0,0.0,4.6,0.36,94,74
2026-02-14T01:00,2.7,-0.2,0.0,0.0,4.5,1.03,55,84
2026-02-14T02:00,2.2,-0.7,0.0,0.0,4.0,0.97,100,38
2026-02-14T03:00,2.5,-1.6,0.0,0.0,0.9,0.86,100,100
2026-02-14T04:00,2.5,-2.0,0.0,0.0,2.1,0.92,100,100
2026-02-14T05:00,2.5,-2.5,0.0,0.0,1.5,1.24,100,100
2026-02-14T06:00,2.6,-1.8,1.0,1.0,2.1,1.81,100,100
2026-02-14T07:00,2.8,-0.2,31.0,46.0,2.1,1.95,100,97
2026-02-14T08:00,3.1,2.4,71.0,147.0,1.4,1.56,100,98
2026-02-14T09:00,4.5,4.3,169.0,239.0,1.5,1.47,98,100
2026-02-14T10:00,5.8,5.7,252.0,287.0,1.8,1.99,100,100
2026-02-14T11:00,5.8,6.4,66.0,278.0,2.1,1.57,99,100
2026-02-14T12:00,5.8,6.6,208.0,278.0,2.1,1.75,69,100
2026-02-14T13:00,6.8,6.7,269.0,233.0,1.2,2.2,100,100
2026-02-14T14:00,7.1,6.3,153.0,179.0,1.7,3.1,100,100
2026-02-14T15:00,6.2,5.1,97.0,69.0,2.1,3.61,99,100
2026-02-14T16:00,5.0,3.2,28.0,19.0,3.4,3.37,100,98
2026-02-14T17:00,4.3,1.7,0.0,0.0,3.2,3.16,100,100
2026-02-14T18:00,3.7,0.7,0.0,0.0,2.9,3.96,100,100
2026-02-14T19:00,3.3,0.7,0.0,0.0,5.4,4.27,100,100
2026-02-14T20:00,2.8,1.0,0.0,0.0,6.2,5.45,100,100
2026-02-14T21:00,3.3,1.2,0.0,0.0,8.6,6.03,100,100
2026-02-14T22:00,3.8,1.4,0.0,0.0,9.1,6.92,100,100
2026-02-14T23:00,3.9,1.5,0.0,0.0,9.3,7.8,100,100
2026-02-15T00:00,3.9,2.2,0.0,0.0,11.0,8.1,86,100
2026-02-15T01:00,3.7,2.2,0.0,0.0,11.5,9.0,96,100
2026-02-15T02:00,3.1,1.9,0.0,0.0,13.0,10.45,99,100
2026-02-15T03:00,3.0,1.5,0.0,0.0,13.1,11.51,100,100
2026-02-15T04:00,2.4,1.2,0.0,0.0,14.0,12.4,100,100
2026-02-15T05:00,1.8,0.8,0.0,0.0,15.4,13.78,100,100
2026-02-15T06:00,1.3,0.6,0.0,0.0,15.1,14.77,100,100
2026-02-15T07:00,1.1,0.4,25.0,24.0,15.5,13.83,100,100
2026-02-15T08:00,0.6,0.7,46.0,114.0,15.6,13.85,100,100
2026-02-15T09:00,0.2,0.5,50.0,138.0,16.0,14.44,100,100
2026-02-15T10:00,0.1,0.2,178.0,168.0,15.8,14.3,100,100
2026-02-15T11:00,-0.5,0.2,95.0,250.0,16.3,13.67,100,100
2026-02-15T12:00,-0.6,-0.5,174.0,240.0,16.7,14.55,100,100
2026-02-15T13:00,-0.6,-1.0,144.0,236.0,16.1,13.86,100,99
2026-02-15T14:00,-1.0,-1.7,109.0,134.0,16.4,13.16,100,100
2026-02-15T15:00,-0.9,-2.4,131.0,51.0,15.6,13.1,25,100
2026-02-15T16:00,-1.4,-3.0,30.0,10.0,15.5,12.71,40,100
2026-02-15T17:00,-2.0,-3.4,0.0,0.0,15.4,12.01,43,100
2026-02-15T18:00,-2.4,-3.6,0.0,0.0,14.7,11.9,86,100
2026-02-15T19:00,-2.7,-3.8,0.0,0.0,12.9,10.3,91,100
2026-02-15T20:00,-2.9,-4.1,0.0,0.0,10.5,9.3,82,100
2026-02-15T21:00,-3.6,-4.3,0.0,0.0,10.1,8.51,9,99
2026-02-15T22:00,-4.0,-4.6,0.0,0.0,8.3,8.07,16,98
2026-02-15T23:00,-4.5,-4.8,0.0,0.0,8.3,7.63,5,96
2026-02-16T00:00,-4.8,-5.4,0.0,0.0,7.3,7.11,5,66
2026-02-16T01:00,-5.1,-5.7,0.0,0.0,7.2,7.03,1,15
2026-02-16T02:00,-5.5,-6.1,0.0,0.0,7.3,6.21,0,14
2026-02-16T03:00,-6.0,-5.8,0.0,0.0,6.8,4.01,0,100
2026-02-16T04:00,-6.3,-5.5,0.0,0.0,6.2,2.71,3,96
2026-02-16T05:00,-6.4,-5.5,0.0,0.0,5.6,2.86,0,95
2026-02-16T06:00,-6.6,-5.8,2.0,1.0,3.8,2.75,67,100
2026-02-16T07:00,-5.6,-5.1,34.0,46.0,1.7,1.22,100,100
2026-02-16T08:00,-4.8,-4.6,134.0,51.0,1.5,1.7,100,100
2026-02-16T09:00,-3.6,-3.7,271.0,112.0,2.9,1.99,100,100
2026-02-16T10:00,-2.8,-2.3,259.0,172.0,4.6,4.79,100,100
2026-02-16T11:00,-1.7,-1.2,225.0,248.0,5.2,5.09,100,100
2026-02-16T12:00,-2.1,-0.6,115.0,357.0,4.7,4.58,100,97
2026-02-16T13:00,-1.6,-0.4,87.0,224.0,5.3,3.82,100,100
2026-02-16T14:00,-1.1,-0.2,108.0,95.0,5.4,4.14,100,100
2026-02-16T15:00,-0.6,-0.4,99.0,67.0,6.4,4.43,100,91
2026-02-16T16:00,-1.0,-1.4,19.0,23.0,6.7,3.67,28,95
2026-02-16T17:00,-1.2,-2.2,0.0,0.0,5.2,3.21,100,93
2026-02-16T18:00,-1.7,-3.2,0.0,0.0,3.2,2.41,100,60
2026-02-16T19:00,-1.7,-3.6,0.0,0.0,3.5,2.32,100,68
2026-02-16T20:00,-1.7,-3.1,0.0,0.0,3.4,1.78,100,56
2026-02-16T21:00,-1.8,-3.5,0.0,0.0,2.3,1.6,100,31
2026-02-16T22:00,-1.8,-3.9,0.0,0.0,1.6,1.37,100,63
2026-02-16T23:00,-1.7,-4.2,0.0,0.0,0.5,1.11,100,77
2026-02-17T00:00,-1.7,-4.0,0.0,0.0,0.7,1.26,100,13
2026-02-17T01:00,-2.0,-4.1,0.0,0.0,0.5,1.55,93,18
2026-02-17T02:00,-2.4,-4.2,0.0,0.0,1.7,2.15,100,39
2026-02-17T03:00,-1.7,-4.1,0.0,0.0,2.4,1.97,100,91
2026-02-17T04:00,-1.7,-3.3,0.0,0.0,0.9,0.75,100,5
2026-02-17T05:00,-1.3,-4.2,0.0,0.0,3.7,0.57,100,22
2026-02-17T06:00,-2.7,-5.1,2.0,2.0,6.6,1.7,100,100
2026-02-17T07:00,-1.8,-2.5,58.0,75.0,5.6,1.87,100,100
2026-02-17T08:00,-0.4,-0.1,170.0,204.0,5.4,0.45,100,100
2026-02-17T09:00,0.7,1.6,252.0,315.0,4.7,0.73,100,66
2026-02-17T10:00,2.0,3.0,311.0,417.0,4.7,1.31,100,100
2026-02-17T11:00,2.9,3.8,307.0,452.0,4.6,1.83,100,100
2026-02-17T12:00,3.6,6.0,295.0,481.0,5.7,0.56,100,93
2026-02-17T13:00,4.1,6.2,241.0,400.0,7.1,0.67,100,100
2026-02-17T14:00,4.4,6.1,182.0,283.0,7.6,0.76,100,100
2026-02-17T15:00,4.2,4.5,109.0,152.0,7.9,0.25,100,100
2026-02-17T16:00,3.2,1.6,26.0,34.0,8.7,1.59,100,100
2026-02-17T17:00,2.2,-0.6,0.0,0.0,9.7,2.0,100,100
2026-02-17T18:00,1.5,-1.4,0.0,0.0,10.9,4.8,100,100
2026-02-17T19:00,1.1,-1.0,0.0,0.0,10.5,5.27,100,100
2026-02-17T20:00,0.8,-0.1,0.0,0.0,10.1,6.36,100,100
2026-02-17T21:00,0.7,-0.5,0.0,0.0,9.7,7.06,100,100
2026-02-17T22:00,0.4,-0.5,0.0,0.0,10.0,7.3,100,100
2026-02-17T23:00,0.2,-0.4,0.0,0.0,10.0,7.0,100,100
2026-02-18T00:00,0.7,0.5,0.0,0.0,9.2,8.03,100,100
2026-02-18T01:00,0.6,0.7,0.0,0.0,9.4,8.2,100,100
2026-02-18T02:00,0.5,0.8,0.0,0.0,9.0,8.17,3,96
2026-02-18T03:00,0.2,0.7,0.0,0.0,8.6,8.21,0,16
2026-02-18T04:00,0.4,0.8,0.0,0.0,8.6,8.33,0,23
2026-02-18T05:00,0.5,0.6,0.0,0.0,8.7,7.76,0,7
2026-02-18T06:00,0.6,-0.8,4.0,3.0,7.0,6.21,0,16
2026-02-18T07:00,1.2,0.8,93.0,82.0,5.6,5.51,0,39
2026-02-18T08:00,2.4,2.5,239.0,198.0,4.6,5.01,0,36
2026-02-18T09:00,3.4,3.6,369.0,315.0,4.8,4.3,0,24
2026-02-18T10:00,4.4,4.9,458.0,451.0,4.7,3.35,1,16
2026-02-18T11:00,5.2,6.1,497.0,457.0,4.5,2.55,2,52
2026-02-18T12:00,5.1,5.2,239.0,238.0,0.7,2.7,100,95
2026-02-18T13:00,5.5,5.2,205.0,213.0,2.2,1.26,40,100
2026-02-18T14:00,5.7,3.9,240.0,101.0,2.6,3.15,100,100
2026-02-18T15:00,5.4,1.7,86.0,43.0,2.6,0.35,82,91
2026-02-18T16:00,4.7,1.1,27.0,16.0,3.6,2.99,100,71
2026-02-18T17:00,2.0,0.0,0.0,0.0,6.0,3.7,100,100
2026-02-18T18:00,1.7,-2.7,0.0,0.0,6.5,1.17,100,51
2026-02-18T19:00,1.5,-3.3,0.0,0.0,4.5,2.27,100,53
2026-02-18T20:00,1.3,-4.8,0.0,0.0,3.8,1.88,3,31
2026-02-18T21:00,1.3,-5.6,0.0,0.0,3.6,1.39,99,3
2026-02-18T22:00,1.2,-6.1,0.0,0.0,2.4,1.86,37,4
2026-02-18T23:00,0.4,-6.2,0.0,0.0,2.5,1.3,1,8
2026-02-19T00:00,0.8,-4.5,0.0,0.0,2.1,1.2,100,66
2026-02-19T01:00,0.6,-4.1,0.0,0.0,0.9,1.36,100,96
2026-02-19T02:00,0.9,-4.0,0.0,0.0,2.0,1.1,100,98
2026-02-19T03:00,-0.4,-3.7,0.0,0.0,0.5,1.26,100,77
2026-02-19T04:00,0.1,-5.4,0.0,0.0,1.1,1.05,99,83
2026-02-19T05:00,-0.1,-5.1,0.0,0.0,0.6,1.36,100,100
2026-02-19T06:00,0.0,-3.8,3.0,3.0,4.8,1.88,100,100
2026-02-19T07:00,0.7,-2.7,50.0,83.0,3.9,2.35,100,100
2026-02-19T08:00,1.4,-1.0,155.0,198.0,2.7,1.99,100,100
2026-02-19T09:00,2.3,0.8,245.0,310.0,3.0,3.83,100,100
2026-02-19T10:00,2.9,1.5,318.0,335.0,3.8,4.16,100,100
2026-02-19T11:00,2.1,1.4,186.0,188.0,4.5,2.92,100,100
2026-02-19T12:00,2.2,1.5,77.0,141.0,3.8,3.15,100,100
2026-02-19T13:00,1.6,1.1,41.0,94.0,2.9,2.72,100,100
2026-02-19T14:00,1.4,0.9,35.0,98.0,4.7,3.53,100,100
2026-02-19T15:00,1.2,0.3,12.0,37.0,4.9,4.16,100,100
2026-02-19T16:00,1.0,-0.1,2.0,7.0,5.1,3.71,100,100
2026-02-19T17:00,0.8,0.0,0.0,0.0,3.8,4.23,100,100
2026-02-19T18:00,0.9,-0.7,0.0,0.0,2.3,3.49,100,100
2026-02-19T19:00,1.0,-0.6,0.0,0.0,2.0,4.54,100,100
2026-02-19T20:00,0.9,-0.5,0.0,0.0,3.5,5.2,100,100
2026-02-19T21:00,1.1,-0.4,0.0,0.0,5.5,6.1,100,100
2026-02-19T22:00,1.2,-0.4,0.0,0.0,6.6,6.75,100,100
2026-02-19T23:00,1.2,-0.2,0.0,0.0,8.3,7.8,100,100
2026-02-20T00:00,1.3,0.3,0.0,0.0,8.4,7.5,100,100
2026-02-20T01:00,1.0,0.3,0.0,0.0,9.6,8.08,100,100
2026-02-20T02:00,0.6,-0.1,0.0,0.0,10.8,9.74,100,100
2026-02-20T03:00,0.3,-0.8,0.0,0.0,11.8,11.24,100,100
2026-02-20T04:00,-0.0,-1.3,0.0,0.0,12.1,12.32,100,100
2026-02-20T05:00,-0.3,-1.5,0.0,0.0,12.6,12.05,100,100
2026-02-20T06:00,-1.4,-2.5,5.0,2.0,14.0,11.67,100,100
2026-02-20T07:00,-1.7,-2.8,48.0,39.0,14.1,12.32,100,100
2026-02-20T08:00,-1.8,-3.6,75.0,92.0,15.2,12.02,100,100
2026-02-20T09:00,-0.6,-3.8,284.0,182.0,13.5,11.81,100,100
2026-02-20T10:00,0.1,-3.6,377.0,332.0,14.2,11.86,100,100
2026-02-20T11:00,0.8,-3.4,359.0,374.0,13.4,12.69,100,100
2026-02-20T12:00,1.8,-2.6,500.0,451.0,11.6,11.59,100,100
2026-02-20T13:00,2.4,-2.4,433.0,374.0,10.6,11.54,100,100
2026-02-20T14:00,2.1,-2.4,319.0,254.0,11.8,12.33,100,100
2026-02-20T15:00,1.1,-2.9,160.0,148.0,12.8,12.86,100,100
2026-02-20T16:00,0.1,-3.9,42.0,42.0,14.0,13.13,100,100
2026-02-20T17:00,-0.8,-4.6,0.0,0.0,14.9,13.07,100,100
2026-02-20T18:00,-1.3,-5.1,0.0,0.0,13.9,12.52,100,100
2026-02-20T19:00,-1.7,-5.5,0.0,0.0,12.5,11.88,100,99
2026-02-20T20:00,-2.2,-6.0,0.0,0.0,12.2,11.07,99,100
2026-02-20T21:00,-3.0,-6.6,0.0,0.0,12.5,10.24,99,100
2026-02-20T22:00,-2.8,-7.2,0.0,0.0,11.3,9.5,88,94
2026-02-20T23:00,-2.7,-7.7,0.0,0.0,10.4,9.31,25,100
2026-02-21T00:00,-2.7,-7.7,0.0,0.0,9.4,8.75,0,99
2026-02-21T01:00,-3.2,-7.9,0.0,0.0,9.4,7.9,42,95
2026-02-21T02:00,-3.7,-7.8,0.0,0.0,8.6,7.06,0,94
2026-02-21T03:00,-3.6,-7.8,0.0,0.0,6.8,5.98,9,100
2026-02-21T04:00,-3.0,-8.6,0.0,0.0,4.8,5.18,83,98
2026-02-21T05:00,-2.1,-8.5,0.0,0.0,2.6,3.98,5,72
2026-02-21T06:00,-2.6,-8.3,7.0,5.0,3.3,2.97,0,100
2026-02-21T07:00,-0.9,-5.2,107.0,71.0,4.4,1.87,3,100
2026-02-21T08:00,0.6,-2.3,178.0,150.0,3.9,1.22,100,100
2026-02-21T09:00,1.2,0.1,100.0,226.0,1.3,0.89,100,100
2026-02-21T10:00,1.6,1.0,121.0,286.0,1.6,1.52,100,100
2026-02-21T11:00,1.9,1.4,161.0,397.0,2.2,1.55,100,30
2026-02-21T12:00,1.3,2.0,77.0,464.0,3.1,1.2,100,100
2026-02-21T13:00,1.4,2.3,99.0,323.0,2.8,2.23,100,100
2026-02-21T14:00,1.5,2.1,72.0,224.0,2.7,2.45,100,100
2026-02-21T15:00,1.7,1.6,85.0,123.0,3.2,3.11,100,100
2026-02-21T16:00,0.8,0.4,45.0,38.0,4.3,2.84,3,99
2026-02-21T17:00,-0.1,-0.6,0.0,0.0,4.2,3.03,39,59
2026-02-21T18:00,-0.7,-1.5,0.0,0.0,4.0,2.9,9,99
2026-02-21T19:00,-0.6,-1.5,0.0,0.0,3.8,2.36,100,100
2026-02-21T20:00,-0.1,-1.5,0.0,0.0,2.3,1.34,100,90
2026-02-21T21:00,0.3,-1.3,0.0,0.0,2.0,0.5,100,100
2026-02-21T22:00,0.3,-1.0,0.0,0.0,2.1,0.45,100,100
2026-02-21T23:00,0.3,-0.5,0.0,0.0,1.6,0.91,100,100
2026-02-22T00:00,0.3,-0.2,0.0,0.0,1.6,0.84,100,100
2026-02-22T01:00,0.1,-0.1,0.0,0.0,1.4,0.88,0,98
2026-02-22T02:00,-0.2,-1.4,0.0,0.0,1.5,1.12,3,10
2026-02-22T03:00,-0.0,-2.5,0.0,0.0,2.0,1.56,0,35
2026-02-22T04:00,-0.4,-2.7,0.0,0.0,2.2,2.3,0,64
2026-02-22T05:00,-0.7,-2.1,0.0,0.0,2.5,2.3,1,100
2026-02-22T06:00,-0.9,-2.0,8.0,5.0,4.1,1.55,90,89
2026-02-22T07:00,0.1,0.0,107.0,74.0,3.7,1.84,23,100
2026-02-22T08:00,1.0,1.0,243.0,157.0,4.3,1.81,90,84
2026-02-22T09:00,2.3,2.1,344.0,300.0,4.6,2.82,100,34
2026-02-22T10:00,3.0,3.2,305.0,484.0,5.5,3.88,100,93
2026-02-22T11:00,3.8,5.4,311.0,475.0,5.8,4.3,93,100
2026-02-22T12:00,3.3,4.2,295.0,248.0,6.3,5.24,100,98
2026-02-22T13:00,3.4,4.4,242.0,246.0,7.1,5.62,100,99
2026-02-22T14:00,3.4,4.3,163.0,160.0,7.0,6.2,100,100
2026-02-22T15:00,2.8,3.7,80.0,75.0,6.7,6.09,100,100
2026-02-22T16:00,2.4,3.0,3.0,32.0,6.5,6.75,100,100
2026-02-22T17:00,2.2,2.9,0.0,0.0,6.6,7.42,100,100
2026-02-22T18:00,1.9,3.0,0.0,0.0,6.6,7.54,100,100
2026-02-22T19:00,2.0,2.8,0.0,0.0,7.1,7.98,100,100
2026-02-22T20:00,2.3,2.6,0.0,0.0,7.3,8.27,100,100
2026-02-22T21:00,2.6,2.7,0.0,0.0,7.8,8.78,100,100
2026-02-22T22:00,2.8,2.6,0.0,0.0,7.5,8.35,100,100
2026-02-22T23:00,2.8,2.6,0.0,0.0,7.3,8.17,100,100
2026-02-23T00:00,2.7,3.0,0.0,0.0,6.1,8.26,100,100
2026-02-23T01:00,2.9,2.9,0.0,0.0,5.8,7.63,100,100
2026-02-23T02:00,3.0,2.6,0.0,0.0,5.1,6.44,100,100
2026-02-23T03:00,2.9,2.3,0.0,0.0,5.8,5.53,100,100
2026-02-23T04:00,2.9,2.4,0.0,0.0,4.8,4.88,100,100
2026-02-23T05:00,3.0,2.2,0.0,0.0,3.6,3.64,100,100
2026-02-23T06:00,3.0,1.5,3.0,1.0,3.4,3.2,100,100
2026-02-23T07:00,3.1,1.6,15.0,18.0,2.7,3.0,100,100
2026-02-23T08:00,3.8,2.7,102.0,180.0,2.8,1.06,100,100
2026-02-23T09:00,4.7,3.5,190.0,188.0,3.4,0.88,100,100
2026-02-23T10:00,5.7,6.5,284.0,384.0,1.8,1.71,100,99
2026-02-23T11:00,6.3,7.4,175.0,275.0,2.8,2.01,100,100
2026-02-23T12:00,6.8,6.6,67.0,342.0,2.9,1.86,100,47
2026-02-23T13:00,7.9,7.6,284.0,356.0,3.7,2.5,100,87
2026-02-23T14:00,8.3,7.7,119.0,221.0,3.7,2.64,100,100
2026-02-23T15:00,6.3,6.9,33.0,146.0,4.7,2.5,100,99
2026-02-23T16:00,5.8,5.2,2.0,50.0,6.3,1.98,100,87
2026-02-23T17:00,5.5,3.9,0.0,0.0,2.9,1.37,48,10
2026-02-23T18:00,4.5,2.4,0.0,0.0,1.2,1.94,100,100
2026-02-23T19:00,4.4,1.7,0.0,0.0,1.5,2.1,100,100
2026-02-23T20:00,4.5,0.9,0.0,0.0,3.4,2.6,100,100
2026-02-23T21:00,4.3,0.8,0.0,0.0,3.8,2.3,100,100
2026-02-23T22:00,4.3,0.5,0.0,0.0,5.7,2.12,100,100
2026-02-23T23:00,4.5,-0.2,0.0,0.0,5.7,2.5,100,100
2026-02-24T00:00,4.5,-0.3,0.0,0.0,5.3,2.34,100,100
2026-02-24T01:00,4.3,-0.3,0.0,0.0,5.5,1.86,100,100
2026-02-24T02:00,4.2,0.1,0.0,0.0,3.0,1.57,100,100
2026-02-24T03:00,3.6,-0.1,0.0,0.0,3.9,2.2,100,100
2026-02-24T04:00,3.5,-0.1,0.0,0.0,0.9,1.39,100,100
2026-02-24T05:00,3.0,0.6,0.0,0.0,1.8,2.47,100,100
2026-02-24T06:00,3.1,0.4,5.0,4.0,0.7,3.17,100,99
2026-02-24T07:00,3.4,1.8,46.0,68.0,1.8,1.99,100,97
2026-02-24T08:00,3.8,4.3,37.0,189.0,0.7,2.69,100,100
2026-02-24T09:00,6.0,6.3,245.0,230.0,0.1,2.42,75,100
2026-02-24T10:00,6.8,6.9,203.0,204.0,0.7,3.13,100,100
2026-02-24T11:00,8.1,5.6,71.0,75.0,7.9,4.33,100,96
2026-02-24T12:00,8.8,6.2,510.0,152.0,8.6,5.41,1,79
2026-02-24T13:00,8.5,6.7,435.0,219.0,7.2,6.19,46,43
2026-02-24T14:00,8.0,6.8,225.0,271.0,8.2,5.33,7,35
2026-02-24T15:00,7.9,6.2,205.0,166.0,6.8,5.18,0,100
2026-02-24T16:00,6.7,5.1,67.0,31.0,8.0,5.1,0,11
2026-02-24T17:00,5.2,2.3,0.0,0.0,6.5,5.57,3,15
2026-02-24T18:00,3.7,1.7,0.0,0.0,6.1,4.93,0,52
2026-02-24T19:00,3.0,1.3,0.0,0.0,4.2,3.83,7,45
2026-02-24T20:00,2.3,2.1,0.0,0.0,4.6,3.7,0,100
2026-02-24T21:00,3.2,3.0,0.0,0.0,3.7,3.58,100,100
2026-02-24T22:00,3.7,2.6,0.0,0.0,3.5,3.32,100,100
2026-02-24T23:00,3.3,2.6,0.0,0.0,2.3,3.07,100,100
2026-02-25T00:00,3.4,1.6,0.0,0.0,2.9,5.39,100,1
2026-02-25T01:00,3.4,0.5,0.0,0.0,3.5,4.45,100,32
2026-02-25T02:00,3.2,0.0,0.0,0.0,3.8,3.32,30,52
2026-02-25T03:00,2.1,0.4,0.0,0.0,5.3,3.25,0,33
2026-02-25T04:00,1.8,0.6,0.0,0.0,7.1,4.02,0,14
2026-02-25T05:00,1.7,0.8,0.0,0.0,2.9,4.81,0,18
2026-02-25T06:00,1.9,1.7,13.0,6.0,4.3,4.77,0,77
2026-02-25T07:00,3.3,2.7,130.0,59.0,6.5,3.48,0,96
2026-02-25T08:00,4.6,4.2,281.0,151.0,3.6,2.4,9,98
2026-02-25T09:00,5.5,5.6,249.0,251.0,3.0,3.09,100,90
2026-02-25T10:00,5.1,6.4,121.0,315.0,5.7,3.57,100,99
2026-02-25T11:00,6.1,6.8,218.0,287.0,2.8,4.11,100,87
2026-02-25T12:00,7.5,5.4,434.0,273.0,6.1,5.82,100,93
2026-02-25T13:00,6.8,5.1,341.0,297.0,7.9,5.37,100,100
2026-02-25T14:00,6.1,4.3,295.0,179.0,8.6,5.46,68,100
2026-02-25T15:00,3.7,3.6,122.0,108.0,7.9,5.22,100,100
2026-02-25T16:00,3.3,3.3,35.0,29.0,5.1,6.62,3,100
2026-02-25T17:00,2.4,3.1,0.0,0.0,8.4,6.37,14,84
2026-02-25T18:00,1.9,2.5,0.0,0.0,9.0,7.07,0,73
2026-02-25T19:00,1.2,1.7,0.0,0.0,7.2,7.1,8,7
2026-02-25T20:00,1.0,0.6,0.0,0.0,6.3,6.2,41,95
2026-02-25T21:00,1.6,0.2,0.0,0.0,5.0,5.75,99,96
2026-02-25T22:00,1.2,-0.3,0.0,0.0,4.8,5.86,3,16
2026-02-25T23:00,0.8,-0.9,0.0,0.0,7.1,5.9,1,3
2026-02-26T00:00,0.1,-1.4,0.0,0.0,7.8,6.22,2,0
2026-02-26T01:00,-0.1,-2.0,0.0,0.0,9.6,5.62,83,0
2026-02-26T02:00,-0.3,-2.7,0.0,0.0,9.1,5.08,93,0
2026-02-26T03:00,-0.6,-3.5,0.0,0.0,4.0,4.16,92,0
2026-02-26T04:00,-0.9,-4.0,0.0,0.0,5.0,2.69,88,0
2026-02-26T05:00,-1.0,-4.0,0.0,0.0,5.2,1.52,2,0
2026-02-26T06:00,-0.9,-3.3,15.0,13.0,5.3,3.08,0,0
2026-02-26T07:00,0.2,-1.2,137.0,127.0,3.6,1.79,0,0
2026-02-26T08:00,1.3,0.9,293.0,280.0,1.6,0.2,0,0
2026-02-26T09:00,2.5,2.3,429.0,413.0,0.8,0.86,0,0
2026-02-26T10:00,4.0,3.5,524.0,506.0,2.4,1.38,0,0
2026-02-26T11:00,5.1,4.6,571.0,550.0,3.4,1.94,0,0
2026-02-26T12:00,6.0,5.4,559.0,538.0,3.6,2.71,0,0
2026-02-26T13:00,6.5,5.8,494.0,474.0,3.9,2.85,0,1
2026-02-26T14:00,6.8,5.9,382.0,364.0,3.7,2.87,0,0
2026-02-26T15:00,6.4,5.2,232.0,221.0,4.2,3.31,0,2
2026-02-26T16:00,5.1,1.9,79.0,71.0,5.1,4.1,0,1
2026-02-26T17:00,3.4,0.1,1.0,1.0,5.0,4.32,0,5
2026-02-26T18:00,2.3,-1.0,0.0,0.0,4.4,4.64,0,0
2026-02-26T19:00,1.9,-1.7,0.0,0.0,4.1,4.34,1,1
2026-02-26T20:00,1.5,-2.1,0.0,0.0,4.5,3.83,72,5
2026-02-26T21:00,1.4,-2.2,0.0,0.0,5.1,3.56,22,12
2026-02-26T22:00,0.9,-2.3,0.0,0.0,4.6,3.46,0,8
2026-02-26T23:00,0.6,-2.4,0.0,0.0,3.9,3.48,0,12
2026-02-27T00:00,0.3,-2.3,0.0,0.0,4.0,3.42,0,92
2026-02-27T01:00,0.2,-2.3,0.0,0.0,4.1,3.25,3,88
2026-02-27T02:00,-0.1,-2.3,0.0,0.0,4.5,3.09,20,2
2026-02-27T03:00,-0.3,-2.4,0.0,0.0,4.5,2.74,73,24
2026-02-27T04:00,-0.3,-2.4,0.0,0.0,4.0,2.35,99,100
2026-02-27T05:00,0.3,-2.0,0.0,0.0,2.8,1.9,100,100
2026-02-27T06:00,0.3,-2.0,17.0,12.0,3.6,1.65,0,98
2026-02-27T07:00,1.9,0.5,138.0,101.0,2.8,1.5,0,100
2026-02-27T08:00,3.5,2.7,291.0,227.0,3.8,1.0,0,98
2026-02-27T09:00,4.7,4.5,422.0,366.0,4.0,1.78,38,83
2026-02-27T10:00,6.1,6.0,512.0,481.0,4.7,2.58,89,1
2026-02-27T11:00,7.3,7.3,546.0,549.0,4.9,3.05,100,0
2026-02-27T12:00,7.9,8.2,544.0,539.0,4.7,3.27,43,0
2026-02-27T13:00,8.4,8.4,482.0,476.0,4.5,3.4,3,0
2026-02-27T14:00,8.5,8.2,365.0,366.0,4.2,3.38,84,0
2026-02-27T15:00,8.3,7.4,224.0,224.0,4.3,3.36,17,0
2026-02-27T16:00,7.1,4.1,73.0,74.0,4.5,3.34,54,0
2026-02-27T17:00,5.2,2.2,1.0,1.0,3.9,3.26,32,0
2026-02-27T18:00,3.8,0.9,0.0,0.0,3.5,2.82,87,0
2026-02-27T19:00,3.3,0.1,0.0,0.0,3.3,2.0,76,1
2026-02-27T20:00,2.8,-0.5,0.0,0.0,3.8,1.71,7,2
2026-02-27T21:00,2.3,-1.0,0.0,0.0,3.8,1.79,0,0
2026-02-27T22:00,1.9,-1.2,0.0,0.0,3.3,1.87,50,0
2026-02-27T23:00,1.8,-1.4,0.0,0.0,3.0,2.0,100,0
2026-02-28T00:00,1.3,-0.4,0.0,0.0,2.8,1.96,13,100
2026-02-28T01:00,1.2,-0.5,0.0,0.0,3.2,1.7,38,92
2026-02-28T02:00,0.8,-0.5,0.0,0.0,3.0,1.6,32,98
2026-02-28T03:00,1.1,-0.5,0.0,0.0,2.8,1.79,0,67
2026-02-28T04:00,1.1,-1.1,0.0,0.0,2.6,2.03,0,24
2026-02-28T05:00,1.4,-1.4,0.0,0.0,4.8,1.93,0,24
2026-02-28T06:00,0.7,-1.0,18.0,13.0,4.7,1.66,0,100
2026-02-28T07:00,2.3,1.5,139.0,107.0,2.5,1.25,12,100
2026-02-28T08:00,4.1,4.2,285.0,238.0,1.5,1.56,17,100
2026-02-28T09:00,6.4,6.5,417.0,362.0,3.4,1.71,32,100
2026-02-28T10:00,7.8,8.3,509.0,460.0,4.6,2.71,12,100
2026-02-28T11:00,8.6,9.6,551.0,501.0,4.6,3.45,10,77
2026-02-28T12:00,9.6,10.8,539.0,534.0,4.7,3.97,89,96
2026-02-28T13:00,10.4,11.1,471.0,470.0,5.0,3.96,95,85
2026-02-28T14:00,10.5,10.9,361.0,353.0,4.8,3.89,96,95
2026-02-28T15:00,10.1,9.9,223.0,219.0,4.2,3.93,62,84
2026-02-28T16:00,8.6,6.0,80.0,71.0,4.7,4.51,71,88
2026-02-28T17:00,6.7,3.8,2.0,1.0,5.5,4.89,87,88
2026-02-28T18:00,5.3,2.4,0.0,0.0,5.1,4.67,73,3
2026-02-28T19:00,4.5,1.5,0.0,0.0,5.2,4.05,0,5
2026-02-28T20:00,3.6,0.9,0.0,0.0,5.2,3.69,16,4
2026-02-28T21:00,3.1,0.5,0.0,0.0,4.9,3.53,87,0
2026-02-28T22:00,2.4,0.3,0.0,0.0,4.0,3.48,66,0
2026-02-28T23:00,2.3,0.2,0.0,0.0,3.9,3.46,76,0
2026-03-01T00:00,2.5,-0.3,0.0,0.0,4.9,3.23,78,0
2026-03-01T01:00,1.6,-0.4,0.0,0.0,4.3,3.31,33,0
2026-03-01T02:00,1.6,-0.5,0.0,0.0,4.9,3.23,4,0
2026-03-01T03:00,1.4,-0.6,0.0,0.0,4.8,3.07,16,0
2026-03-01T04:00,1.2,-0.6,0.0,0.0,5.0,2.93,10,1
2026-03-01T05:00,1.2,-0.6,0.0,0.0,4.8,2.7,9,9
2026-03-01T06:00,1.5,-0.4,21.0,18.0,3.8,2.72,58,0
2026-03-01T07:00,2.6,2.0,140.0,141.0,1.5,2.4,98,0
2026-03-01T08:00,4.0,4.6,283.0,293.0,0.2,1.76,67,1
2026-03-01T09:00,5.8,7.1,417.0,423.0,0.7,2.09,16,0
2026-03-01T10:00,7.7,9.1,507.0,515.0,1.0,3.13,41,20
2026-03-01T11:00,9.5,10.5,534.0,557.0,1.7,3.9,54,24
2026-03-01T12:00,11.2,11.3,535.0,542.0,2.6,3.51,71,54
2026-03-01T13:00,11.8,11.7,465.0,478.0,2.5,3.82,96,45
2026-03-01T14:00,11.7,11.5,350.0,369.0,3.1,3.99,99,27
2026-03-01T15:00,11.2,10.3,216.0,228.0,3.7,4.08,100,21
2026-03-01T16:00,9.6,6.4,78.0,79.0,5.0,4.43,100,27
2026-03-01T17:00,8.0,4.2,2.0,2.0,5.1,4.68,98,0
2026-03-01T18:00,7.1,3.9,0.0,0.0,3.2,4.55,1,26
2026-03-01T19:00,5.5,3.5,0.0,0.0,1.3,3.47,81,8
2026-03-01T20:00,4.9,2.7,0.0,0.0,1.3,2.45,3,0
2026-03-01T21:00,4.3,2.1,0.0,0.0,1.5,1.55,0,0
2026-03-01T22:00,3.6,1.7,0.0,0.0,1.0,1.55,39,95
2026-03-01T23:00,3.9,1.4,0.0,0.0,0.6,0.34,100,100
2026-03-02T00:00,3.9,0.5,0.0,0.0,1.8,1.28,100,36
2026-03-02T01:00,3.8,-0.6,0.0,0.0,2.4,2.04,76,100
2026-03-02T02:00,3.7,-0.9,0.0,0.0,5.5,2.48,83,100
2026-03-02T03:00,3.4,-0.8,0.0,0.0,6.9,2.88,47,100
2026-03-02T04:00,4.0,-0.7,0.0,0.0,8.7,2.92,98,100
2026-03-02T05:00,4.8,-0.7,0.0,0.0,8.9,3.01,98,100
2026-03-02T06:00,5.4,-0.6,11.0,16.0,8.8,2.5,100,100
2026-03-02T07:00,6.4,2.3,113.0,112.0,7.9,2.85,45,100
2026-03-02T08:00,7.2,5.7,272.0,255.0,7.3,2.5,31,95
2026-03-02T09:00,7.8,8.6,321.0,410.0,5.9,1.45,23,69
2026-03-02T10:00,9.6,10.4,483.0,510.0,5.0,0.86,6,81
2026-03-02T11:00,10.7,11.6,544.0,550.0,4.4,0.67,0,82
2026-03-02T12:00,10.0,11.9,508.0,484.0,3.5,3.06,62,60
2026-03-02T13:00,10.8,11.2,470.0,347.0,3.6,4.5,9,25
2026-03-02T14:00,10.8,10.6,357.0,303.0,4.6,4.7,17,20
2026-03-02T15:00,11.0,9.9,125.0,182.0,3.6,3.91,87,17
2026-03-02T16:00,9.8,6.7,69.0,79.0,3.3,3.91,2,10
2026-03-02T17:00,8.2,4.4,3.0,2.0,3.5,3.31,4,27
2026-03-02T18:00,6.8,3.0,0.0,0.0,4.9,1.67,12,5
2026-03-02T19:00,5.8,1.7,0.0,0.0,5.5,2.23,4,7
2026-03-02T20:00,5.1,0.8,0.0,0.0,7.6,3.52,4,1
2026-03-02T21:00,4.4,0.5,0.0,0.0,6.3,3.97,4,0
2026-03-02T22:00,4.3,0.3,0.0,0.0,7.0,4.38,0,0
2026-03-02T23:00,4.2,0.1,0.0,0.0,7.0,4.21,0,0
2026-03-03T00:00,3.8,-0.5,0.0,0.0,7.7,4.16,0,0
2026-03-03T01:00,3.4,-1.0,0.0,0.0,8.3,3.87,0,0
2026-03-03T02:00,2.9,-1.2,0.0,0.0,8.1,3.73,0,0
2026-03-03T03:00,2.3,-1.2,0.0,0.0,6.5,3.95,0,0
2026-03-03T04:00,1.8,-1.2,0.0,0.0,6.2,4.0,61,0
2026-03-03T05:00,1.7,-1.3,0.0,0.0,6.8,3.7,77,27
2026-03-03T06:00,2.8,-0.7,26.0,22.0,6.7,4.2,76,30
2026-03-03T07:00,4.5,2.3,157.0,149.0,5.5,4.2,73,0
2026-03-03T08:00,7.0,5.8,308.0,301.0,2.7,4.0,52,0
2026-03-03T09:00,8.9,9.1,440.0,432.0,2.3,1.59,21,0
2026-03-03T10:00,10.7,11.2,531.0,523.0,3.3,1.41,0,0
2026-03-03T11:00,11.9,12.4,574.0,564.0,3.3,1.1,0,0
2026-03-03T12:00,12.5,13.0,564.0,552.0,2.7,0.56,0,0
2026-03-03T13:00,13.0,13.3,503.0,488.0,2.7,0.85,0,0
2026-03-03T14:00,13.0,13.2,392.0,382.0,2.8,1.52,0,0
2026-03-03T15:00,13.0,12.4,246.0,237.0,1.1,1.12,7,0
2026-03-03T16:00,11.9,9.3,93.0,87.0,0.8,0.76,2,4
2026-03-03T17:00,9.3,6.9,3.0,2.0,2.0,2.05,9,0
2026-03-03T18:00,7.5,4.8,0.0,0.0,2.0,1.39,10,0
2026-03-03T19:00,6.0,3.2,0.0,0.0,1.1,0.71,6,0
2026-03-03T20:00,5.1,1.5,0.0,0.0,0.7,1.52,9,0
2026-03-03T21:00,4.3,0.7,0.0,0.0,0.6,1.68,0,0
2026-03-03T22:00,3.6,-0.2,0.0,0.0,0.1,1.09,0,0
2026-03-03T23:00,3.3,-0.6,0.0,0.0,0.6,1.17,0,0
2026-03-04T00:00,3.1,-0.9,0.0,0.0,1.0,0.9,0,0
2026-03-04T01:00,3.1,-1.1,0.0,0.0,0.8,0.9,0,0
2026-03-04T02:00,3.1,-1.4,0.0,0.0,0.2,0.6,0,0
2026-03-04T03:00,2.4,-1.5,0.0,0.0,1.3,0.52,0,0
2026-03-04T04:00,2.4,-1.7,0.0,0.0,0.8,0.45,0,0
2026-03-04T05:00,2.2,-1.8,0.0,0.0,2.3,0.21,0,0
2026-03-04T06:00,3.0,-0.8,28.0,25.0,1.9,0.7,0,0
2026-03-04T07:00,4.6,2.8,158.0,152.0,2.2,0.79,0,0
2026-03-04T08:00,7.0,6.4,308.0,304.0,1.0,0.64,4,2
2026-03-04T09:00,8.4,8.6,423.0,433.0,1.0,1.05,28,23
2026-03-04T10:00,10.3,10.3,523.0,523.0,1.5,1.76,0,0
2026-03-04T11:00,11.7,11.7,565.0,559.0,2.3,2.08,0,13
2026-03-04T12:00,12.9,12.4,552.0,473.0,2.7,2.95,0,90
2026-03-04T13:00,13.6,13.1,488.0,404.0,2.9,2.76,8,57
2026-03-04T14:00,13.4,13.1,300.0,254.0,3.3,2.64,99,63
2026-03-04T15:00,13.6,12.6,232.0,187.0,4.2,3.51,0,52
2026-03-04T16:00,12.4,10.1,67.0,66.0,4.0,4.94,100,38
2026-03-04T17:00,11.1,7.8,0.0,3.0,5.1,3.99,100,38
2026-03-04T18:00,9.8,7.1,0.0,0.0,2.7,4.35,100,51
2026-03-04T19:00,9.7,6.7,0.0,0.0,2.3,2.41,2,41
2026-03-04T20:00,7.4,5.8,0.0,0.0,6.1,2.21,19,14
2026-03-04T21:00,6.1,3.3,0.0,0.0,7.8,0.7,1,7
2026-03-04T22:00,6.7,2.2,0.0,0.0,9.0,1.61,0,1
2026-03-04T23:00,6.7,0.8,0.0,0.0,9.8,2.0,0,8
2026-03-05T00:00,6.7,1.4,0.0,0.0,9.0,4.75,1,34
2026-03-05T01:00,5.9,2.0,0.0,0.0,7.8,6.27,8,20
2026-03-05T02:00,5.2,2.3,0.0,0.0,9.1,7.0,2,10
2026-03-05T03:00,4.9,2.2,0.0,0.0,9.8,7.36,0,2
2026-03-05T04:00,4.5,2.6,0.0,0.0,10.1,7.83,0,7
2026-03-05T05:00,4.0,2.4,0.0,0.0,9.9,8.14,0,0
2026-03-05T06:00,3.1,2.0,33.0,28.0,7.3,7.34,0,0
2026-03-05T07:00,4.3,4.1,172.0,163.0,5.9,6.32,0,0
2026-03-05T08:00,6.4,6.7,330.0,322.0,4.8,4.25,0,0
2026-03-05T09:00,8.9,8.7,466.0,454.0,4.8,4.32,0,0
2026-03-05T10:00,10.3,10.0,567.0,544.0,5.4,4.46,0,0
2026-03-05T11:00,11.0,10.6,608.0,588.0,4.3,4.23,10,0
2026-03-05T12:00,11.8,11.8,593.0,576.0,4.6,3.54,22,5
2026-03-05T13:00,12.3,12.3,521.0,510.0,5.1,3.66,56,38
2026-03-05T14:00,12.4,12.0,408.0,394.0,5.2,4.34,0,82
2026-03-05T15:00,11.7,10.9,242.0,243.0,5.9,5.13,100,100
2026-03-05T16:00,10.1,8.4,86.0,87.0,6.0,5.69,100,100
2026-03-05T17:00,8.2,6.0,4.0,3.0,6.9,5.95,96,97
2026-03-05T18:00,6.9,4.5,0.0,0.0,7.7,6.01,53,100
2026-03-05T19:00,6.0,3.4,0.0,0.0,7.2,5.78,87,98
2026-03-05T20:00,5.0,2.6,0.0,0.0,7.9,5.79,27,68
2026-03-05T21:00,4.3,1.4,0.0,0.0,8.0,5.8,4,2
2026-03-05T22:00,3.9,0.6,0.0,0.0,8.1,5.7,2,0
2026-03-05T23:00,3.8,-0.2,0.0,0.0,7.9,5.3,0,9
2026-03-06T00:00,3.4,-1.0,0.0,0.0,8.1,4.66,48,0
2026-03-06T01:00,3.5,-1.2,0.0,0.0,7.8,4.85,99,0
2026-03-06T02:00,3.6,-1.5,0.0,0.0,5.3,4.9,99,0
2026-03-06T03:00,2.9,-1.7,0.0,0.0,3.7,4.75,100,23
2026-03-06T04:00,1.6,-1.8,0.0,0.0,2.4,4.76,99,21
2026-03-06T05:00,1.2,-1.8,0.0,0.0,3.5,5.02,69,0
2026-03-06T06:00,2.0,-1.2,35.0,32.0,4.1,4.68,97,0
2026-03-06T07:00,4.4,2.6,172.0,172.0,4.9,4.51,97,0
2026-03-06T08:00,6.6,6.5,328.0,330.0,5.2,3.57,97,2
2026-03-06T09:00,9.1,9.2,460.0,463.0,3.6,1.5,81,0
2026-03-06T10:00,11.2,10.9,553.0,556.0,2.7,0.72,15,4
2026-03-06T11:00,12.6,12.0,597.0,598.0,3.4,0.41,2,0
2026-03-06T12:00,13.5,13.2,579.0,586.0,1.8,1.3,2,0
2026-03-06T13:00,14.2,13.5,516.0,521.0,1.8,1.61,1,0
2026-03-06T14:00,14.6,13.4,405.0,408.0,2.8,1.93,0,0
2026-03-06T15:00,14.1,12.3,263.0,261.0,4.0,2.33,0,0
2026-03-06T16:00,12.5,9.0,107.0,102.0,5.6,2.96,0,0
2026-03-06T17:00,10.0,5.5,6.0,5.0,2.9,2.64,0,0
2026-03-06T18:00,8.0,2.5,0.0,0.0,1.4,2.15,0,0
2026-03-06T19:00,6.6,1.1,0.0,0.0,3.8,2.95,0,0
2026-03-06T20:00,5.9,0.5,0.0,0.0,4.7,3.99,0,0
2026-03-06T21:00,5.6,0.2,0.0,0.0,5.0,4.24,0,0
2026-03-06T22:00,5.0,-0.2,0.0,0.0,6.3,4.58,0,0
2026-03-06T23:00,3.9,-0.5,0.0,0.0,6.7,4.53,0,0
2026-03-07T00:00,3.0,-0.5,0.0,0.0,6.4,4.73,0,0
2026-03-07T01:00,3.4,-0.6,0.0,0.0,6.3,4.83,0,0
2026-03-07T02:00,3.1,-0.9,0.0,0.0,6.2,4.62,0,0
2026-03-07T03:00,2.4,-1.4,0.0,0.0,7.5,4.06,0,0
2026-03-07T04:00,2.4,-2.0,0.0,0.0,5.5,3.5,0,0
2026-03-07T05:00,1.6,-2.4,0.0,0.0,6.1,2.96,0,0
2026-03-07T06:00,2.3,-0.6,39.0,36.0,4.9,2.8,0,0
2026-03-07T07:00,4.4,2.9,181.0,180.0,4.8,2.54,0,0
2026-03-07T08:00,7.2,6.8,336.0,340.0,3.3,1.6,0,0
2026-03-07T09:00,9.3,9.6,468.0,474.0,1.8,0.75,0,0
2026-03-07T10:00,11.1,11.3,560.0,566.0,0.8,1.06,0,0
2026-03-07T11:00,12.9,12.4,602.0,607.0,1.7,0.96,0,0
2026-03-07T12:00,13.7,13.5,586.0,593.0,1.5,0.81,31,0
2026-03-07T13:00,14.3,13.9,521.0,526.0,1.9,0.55,0,0
2026-03-07T14:00,14.4,13.8,408.0,413.0,1.6,0.47,0,0
2026-03-07T15:00,14.2,13.0,260.0,265.0,1.4,0.81,0,0
2026-03-07T16:00,12.3,9.9,108.0,106.0,2.8,1.42,0,0
2026-03-07T17:00,9.7,7.5,7.0,6.0,2.2,1.4,0,0
2026-03-07T18:00,8.9,5.9,0.0,0.0,1.5,1.2,0,0
2026-03-07T19:00,6.9,3.8,0.0,0.0,0.7,0.94,0,0
2026-03-07T20:00,5.6,2.0,0.0,0.0,5.1,1.17,0,0
2026-03-07T21:00,6.1,0.7,0.0,0.0,7.7,1.99,0,0
2026-03-07T22:00,5.8,0.4,0.0,0.0,7.9,3.0,0,0
2026-03-07T23:00,5.4,0.2,0.0,0.0,8.1,3.85,0,0
2026-03-08T00:00,5.0,-0.4,0.0,0.0,9.1,3.96,0,0
2026-03-08T01:00,4.5,-0.7,0.0,0.0,9.8,3.97,0,0
2026-03-08T02:00,4.6,-0.9,0.0,0.0,10.2,4.11,0,0
2026-03-08T03:00,4.4,-1.0,0.0,0.0,10.1,4.41,0,0
2026-03-08T04:00,4.7,-1.2,0.0,0.0,10.6,4.4,0,0
2026-03-08T05:00,4.8,-1.5,0.0,0.0,10.9,4.2,0,0
2026-03-08T06:00,5.8,0.4,44.0,39.0,10.3,5.15,0,0
2026-03-08T07:00,7.4,4.1,189.0,185.0,9.5,5.05,0,0
2026-03-08T08:00,9.0,7.9,346.0,344.0,7.6,4.16,25,6
2026-03-08T09:00,11.1,10.7,484.0,478.0,6.9,2.93,85,0
2026-03-08T10:00,12.8,12.4,558.0,569.0,5.6,2.04,0,1
2026-03-08T11:00,14.3,13.6,615.0,611.0,3.7,1.14,0,0
2026-03-08T12:00,14.8,14.9,542.0,586.0,3.4,1.87,99,48
2026-03-08T13:00,15.3,15.1,464.0,521.0,3.0,2.35,17,80
2026-03-08T14:00,15.0,14.7,373.0,393.0,3.9,2.55,96,100
2026-03-08T15:00,14.2,13.3,254.0,243.0,3.1,2.41,99,96
2026-03-08T16:00,13.0,10.5,91.0,100.0,2.3,1.93,98,55
2026-03-08T17:00,10.4,7.7,7.0,7.0,3.4,1.77,70,90
2026-03-08T18:00,8.5,5.7,0.0,0.0,6.6,1.67,0,0
2026-03-08T19:00,7.4,3.5,0.0,0.0,4.8,2.52,0,0
2026-03-08T20:00,6.6,2.8,0.0,0.0,5.7,4.41,0,0
2026-03-08T21:00,5.7,1.9,0.0,0.0,7.1,4.47,0,0
2026-03-08T22:00,5.5,1.1,0.0,0.0,6.8,4.23,0,10
2026-03-08T23:00,5.1,0.8,0.0,0.0,5.1,4.27,0,8
2026-03-09T00:00,4.9,0.1,0.0,0.0,3.1,3.57,0,6
2026-03-09T01:00,4.8,-0.1,0.0,0.0,2.9,3.86,0,11
2026-03-09T02:00,4.7,-0.2,0.0,0.0,2.9,4.24,0,0
2026-03-09T03:00,4.4,-0.5,0.0,0.0,3.2,3.95,0,0
2026-03-09T04:00,4.2,-1.0,0.0,0.0,2.7,3.22,0,0
2026-03-09T05:00,3.9,-1.3,0.0,0.0,3.5,2.68,0,0
2026-03-09T06:00,4.3,0.3,47.0,41.0,3.8,2.68,0,0
2026-03-09T07:00,5.7,3.8,186.0,184.0,2.2,2.63,0,0
2026-03-09T08:00,7.3,6.4,337.0,342.0,2.0,2.11,0,0
2026-03-09T09:00,9.2,8.3,465.0,474.0,1.9,2.16,0,0
2026-03-09T10:00,11.1,9.9,554.0,567.0,2.7,1.95,0,0
2026-03-09T11:00,12.3,11.3,594.0,608.0,3.5,2.04,0,0
2026-03-09T12:00,13.0,12.3,583.0,592.0,2.9,2.3,0,0
2026-03-09T13:00,13.4,12.8,518.0,527.0,2.7,2.44,0,0
2026-03-09T14:00,13.4,12.7,408.0,414.0,3.3,2.7,0,0
2026-03-09T15:00,12.3,12.1,267.0,267.0,4.9,3.0,0,5
2026-03-09T16:00,10.8,9.1,114.0,110.0,5.0,3.76,0,7
2026-03-09T17:00,9.0,6.8,9.0,7.0,4.1,3.27,0,0
2026-03-09T18:00,8.4,6.2,0.0,0.0,2.3,2.99,0,1
2026-03-09T19:00,7.1,5.2,0.0,0.0,1.6,2.08,0,0
2026-03-09T20:00,5.8,4.4,0.0,0.0,0.7,1.56,0,0
2026-03-09T21:00,5.1,3.8,0.0,0.0,1.5,1.3,0,0
2026-03-09T22:00,4.2,3.5,0.0,0.0,1.3,1.21,0,0
2026-03-09T23:00,3.7,2.8,0.0,0.0,0.7,1.17,0,0
2026-03-10T00:00,3.6,1.9,0.0,0.0,0.7,0.92,0,0
2026-03-10T01:00,3.1,1.4,0.0,0.0,0.9,1.0,0,0
2026-03-10T02:00,3.1,1.0,0.0,0.0,1.3,1.32,0,0
2026-03-10T03:00,3.0,0.2,0.0,0.0,1.5,1.7,0,2
2026-03-10T04:00,2.8,-1.1,0.0,0.0,0.4,1.86,0,22
2026-03-10T05:00,2.6,-2.1,0.0,0.0,1.0,2.06,1,62
2026-03-10T06:00,3.8,-0.9,46.0,43.0,2.5,1.79,93,80
2026-03-10T07:00,5.8,2.6,172.0,180.0,1.7,2.18,12,100
2026-03-10T08:00,7.6,5.5,339.0,267.0,2.3,1.92,0,100
2026-03-10T09:00,9.4,7.8,469.0,368.0,3.1,1.82,0,100
2026-03-10T10:00,10.9,9.4,551.0,424.0,4.0,3.18,93,97
2026-03-10T11:00,11.8,10.9,537.0,469.0,5.8,4.31,100,85
2026-03-10T12:00,12.3,11.8,470.0,434.0,7.3,6.22,100,70
2026-03-10T13:00,12.4,12.1,353.0,447.0,5.9,6.45,100,0
2026-03-10T14:00,12.5,12.3,324.0,421.0,5.8,6.13,100,0
2026-03-10T15:00,12.0,11.9,157.0,273.0,4.6,5.42,100,2
2026-03-10T16:00,11.2,8.8,68.0,113.0,3.8,4.33,100,84
2026-03-10T17:00,9.8,6.4,8.0,9.0,3.0,4.1,4,100
2026-03-10T18:00,8.4,5.7,0.0,0.0,3.7,3.72,10,98
2026-03-10T19:00,7.1,5.2,0.0,0.0,2.6,3.09,0,70
2026-03-10T20:00,6.6,4.6,0.0,0.0,2.3,2.65,0,1
2026-03-10T21:00,5.4,4.0,0.0,0.0,1.4,2.65,0,0
2026-03-10T22:00,4.6,3.5,0.0,0.0,0.8,2.76,0,2
2026-03-10T23:00,4.5,3.0,0.0,0.0,0.9,2.82,0,2
2026-03-11T00:00,4.1,2.7,0.0,0.0,1.7,2.87,0,1
2026-03-11T01:00,4.4,2.4,0.0,0.0,2.1,3.01,0,1
2026-03-11T02:00,4.1,2.0,0.0,0.0,3.7,3.48,0,0
2026-03-11T03:00,3.8,1.4,0.0,0.0,5.3,3.75,0,0
2026-03-11T04:00,3.7,1.5,0.0,0.0,5.0,3.42,0,0
2026-03-11T05:00,3.7,1.3,0.0,0.0,4.5,2.93,9,1
2026-03-11T06:00,4.5,2.0,51.0,47.0,4.1,2.61,45,9
2026-03-11T07:00,6.2,4.6,180.0,190.0,3.9,2.6,100,59
2026-03-11T08:00,8.0,7.0,287.0,335.0,3.9,1.57,100,98
2026-03-11T09:00,10.0,8.9,434.0,442.0,5.7,2.71,37,100
2026-03-11T10:00,11.3,10.7,556.0,543.0,5.3,3.57,45,99
2026-03-11T11:00,12.2,11.9,583.0,586.0,4.9,3.83,99,96
2026-03-11T12:00,12.6,13.2,506.0,572.0,6.0,3.83,95,88
2026-03-11T13:00,13.0,13.6,472.0,512.0,5.6,4.03,52,56
2026-03-11T14:00,13.4,13.6,390.0,411.0,4.8,3.92,1,42
2026-03-11T15:00,13.6,13.1,243.0,271.0,5.9,3.89,26,9
2026-03-11T16:00,12.1,9.9,112.0,115.0,6.0,3.96,0,5
2026-03-11T17:00,10.3,8.1,11.0,10.0,4.7,3.34,0,3
2026-03-11T18:00,9.4,7.5,0.0,0.0,3.7,2.1,3,1
2026-03-11T19:00,8.0,6.4,0.0,0.0,2.6,1.96,0,12
2026-03-11T20:00,7.0,5.5,0.0,0.0,2.3,1.99,19,19
2026-03-11T21:00,5.9,4.8,0.0,0.0,0.6,2.11,0,17
2026-03-11T22:00,5.4,4.3,0.0,0.0,0.8,1.98,0,2
2026-03-11T23:00,5.5,3.6,0.0,0.0,1.6,1.38,50,10
2026-03-12T00:00,6.0,2.3,0.0,0.0,1.7,1.38,33,23
2026-03-12T01:00,5.7,2.0,0.0,0.0,2.3,1.27,100,13
2026-03-12T02:00,5.5,2.1,0.0,0.0,1.5,1.32,0,4
2026-03-12T03:00,5.4,1.6,0.0,0.0,1.8,1.57,38,9
2026-03-12T04:00,5.5,1.2,0.0,0.0,2.2,1.63,93,17
2026-03-12T05:00,5.8,1.1,0.0,0.0,3.0,1.32,34,50
2026-03-12T06:00,5.8,2.7,55.0,41.0,4.9,1.68,0,15
2026-03-12T07:00,8.0,5.4,197.0,174.0,3.7,1.92,0,32
2026-03-12T08:00,9.6,8.0,348.0,322.0,1.9,1.36,0,32
2026-03-12T09:00,9.8,9.9,288.0,451.0,0.9,1.77,14,20
2026-03-12T10:00,12.0,11.5,555.0,539.0,3.8,1.99,6,5
2026-03-12T11:00,13.2,13.1,597.0,605.0,4.0,2.89,3,4
2026-03-12T12:00,14.5,14.7,591.0,593.0,3.7,3.28,0,0
2026-03-12T13:00,15.1,15.0,526.0,529.0,4.3,3.27,0,1
2026-03-12T14:00,15.3,14.9,417.0,413.0,4.0,3.25,1,2
2026-03-12T15:00,13.9,14.1,274.0,261.0,4.5,3.62,0,2
2026-03-12T16:00,12.9,11.5,123.0,117.0,4.7,3.13,0,2
2026-03-12T17:00,11.3,10.2,13.0,10.0,3.4,1.69,0,2
2026-03-12T18:00,9.5,9.0,0.0,0.0,1.7,1.56,0,3
2026-03-12T19:00,8.2,8.0,0.0,0.0,1.9,1.41,0,9
2026-03-12T20:00,6.9,7.0,0.0,0.0,1.4,1.1,0,1
2026-03-12T21:00,6.5,5.1,0.0,0.0,1.3,0.28,0,2
2026-03-12T22:00,6.0,3.7,0.0,0.0,1.5,1.27,0,0
2026-03-12T23:00,5.8,2.6,0.0,0.0,1.5,1.64,0,0
2026-03-13T00:00,5.6,2.1,0.0,0.0,2.1,2.15,0,0
2026-03-13T01:00,5.2,1.2,0.0,0.0,2.5,2.89,0,8
2026-03-13T02:00,4.8,0.7,0.0,0.0,2.7,3.3,0,22
2026-03-13T03:00,4.3,0.4,0.0,0.0,2.7,3.17,0,35
2026-03-13T04:00,4.5,0.1,0.0,0.0,2.7,2.85,0,41
2026-03-13T05:00,4.4,-0.2,0.0,0.0,2.0,2.59,0,41
2026-03-13T06:00,5.1,1.2,60.0,55.0,2.6,1.95,0,27
2026-03-13T07:00,6.8,4.7,205.0,201.0,2.7,1.61,0,23
2026-03-13T08:00,9.4,8.6,357.0,356.0,1.7,0.99,0,3
2026-03-13T09:00,11.8,11.6,485.0,490.0,0.9,0.25,0,0
2026-03-13T10:00,14.1,13.3,574.0,580.0,2.9,1.44,0,0
2026-03-13T11:00,15.3,14.6,613.0,619.0,3.7,2.33,0,0
2026-03-13T12:00,15.9,15.8,598.0,610.0,4.2,3.29,13,1
2026-03-13T13:00,15.9,16.2,378.0,542.0,4.0,3.94,100,3
2026-03-13T14:00,15.9,15.8,173.0,427.0,4.3,4.39,100,0
2026-03-13T15:00,15.9,15.1,150.0,283.0,4.6,3.99,20,2
2026-03-13T16:00,14.7,11.9,125.0,125.0,4.2,3.96,0,0
2026-03-13T17:00,12.3,9.2,14.0,12.0,4.6,3.74,0,0
2026-03-13T18:00,11.1,7.9,0.0,0.0,3.0,4.04,0,0
2026-03-13T19:00,9.9,6.9,0.0,0.0,1.7,3.82,0,0
2026-03-13T20:00,8.6,6.5,0.0,0.0,3.3,3.7,0,0
2026-03-13T21:00,7.2,6.1,0.0,0.0,0.4,3.1,0,0
2026-03-13T22:00,6.8,5.8,0.0,0.0,1.5,2.37,0,0
2026-03-13T23:00,6.5,5.4,0.0,0.0,1.7,1.92,0,0
2026-03-14T00:00,5.7,4.0,0.0,0.0,1.7,1.6,0,0
2026-03-14T01:00,5.6,3.2,0.0,0.0,1.1,1.5,0,0
2026-03-14T02:00,5.6,2.4,0.0,0.0,0.5,2.05,0,0
2026-03-14T03:00,5.6,2.0,0.0,0.0,1.4,1.85,0,0
2026-03-14T04:00,4.6,1.2,0.0,0.0,2.8,2.11,0,0
2026-03-14T05:00,3.9,0.2,0.0,0.0,4.6,1.86,0,0
2026-03-14T06:00,4.6,1.1,66.0,61.0,4.4,1.97,0,0
2026-03-14T07:00,6.4,5.0,214.0,214.0,2.7,2.15,0,0
2026-03-14T08:00,9.3,8.5,368.0,372.0,1.9,1.41,0,0
2026-03-14T09:00,10.6,10.7,498.0,504.0,4.6,2.19,0,0
2026-03-14T10:00,12.0,12.4,586.0,594.0,5.8,2.71,0,0
2026-03-14T11:00,13.2,13.7,632.0,634.0,5.9,3.06,0,0
2026-03-14T12:00,14.0,14.6,628.0,618.0,4.7,4.35,0,16
2026-03-14T13:00,14.5,14.6,551.0,552.0,5.9,3.97,0,0
2026-03-14T14:00,14.3,14.5,440.0,441.0,5.9,3.86,0,0
2026-03-14T15:00,14.1,13.7,290.0,294.0,5.4,4.03,0,0
2026-03-14T16:00,13.0,10.8,133.0,131.0,5.5,3.6,0,0
2026-03-14T17:00,10.8,8.7,16.0,14.0,5.6,1.93,0,0
2026-03-14T18:00,9.1,7.6,0.0,0.0,4.9,2.21,0,0
2026-03-14T19:00,7.7,6.2,0.0,0.0,5.4,2.83,0,0
2026-03-14T20:00,7.3,5.2,0.0,0.0,6.6,3.05,0,0
2026-03-14T21:00,6.5,5.0,0.0,0.0,3.7,3.15,0,0
2026-03-14T22:00,6.0,5.3,0.0,0.0,1.9,3.05,0,0
2026-03-14T23:00,5.5,5.1,0.0,0.0,2.1,2.4,8,1
2026-03-15T00:00,5.5,3.7,0.0,0.0,2.4,0.89,2,0
2026-03-15T01:00,4.3,2.1,0.0,0.0,3.5,0.85,1,0
2026-03-15T02:00,4.3,0.3,0.0,0.0,3.2,1.82,1,0
2026-03-15T03:00,3.5,-0.3,0.0,0.0,3.0,2.62,0,0
2026-03-15T04:00,2.7,-0.9,0.0,0.0,5.4,3.05,0,0
2026-03-15T05:00,2.7,-1.3,0.0,1.0,6.2,3.09,0,0
2026-03-15T06:00,3.9,0.4,72.0,66.0,4.1,2.57,0,0
2026-03-15T07:00,6.0,4.1,223.0,221.0,2.6,2.35,0,0
2026-03-15T08:00,7.8,7.1,379.0,381.0,1.6,1.61,0,0
2026-03-15T09:00,10.3,9.4,510.0,515.0,1.1,1.61,0,0
2026-03-15T10:00,11.9,11.3,602.0,608.0,1.5,1.23,0,0
2026-03-15T11:00,13.1,12.9,643.0,650.0,1.4,0.98,0,0
2026-03-15T12:00,14.0,13.8,633.0,638.0,0.9,1.0,1,0
2026-03-15T13:00,14.7,14.3,567.0,572.0,1.0,1.16,12,0
2026-03-15T14:00,15.1,14.3,454.0,458.0,0.9,1.33,0,0
2026-03-15T15:00,15.1,13.6,305.0,308.0,1.8,1.83,0,0
2026-03-15T16:00,13.8,11.0,144.0,141.0,3.2,2.33,0,0
2026-03-15T17:00,11.2,8.4,18.0,16.0,2.4,1.28,0,0
2026-03-15T18:00,9.9,7.0,0.0,0.0,1.9,0.9,0,0
2026-03-15T19:00,8.0,5.7,0.0,0.0,1.3,0.47,0,0
2026-03-15T20:00,6.9,4.7,0.0,0.0,0.8,0.25,0,0
2026-03-15T21:00,5.6,3.8,0.0,0.0,3.7,0.82,0,0
2026-03-15T22:00,4.7,3.0,0.0,0.0,4.8,0.51,0,0
2026-03-15T23:00,3.8,2.4,0.0,0.0,4.1,0.61,0,0
2026-03-16T00:00,3.8,-0.2,0.0,0.0,3.0,0.81,0,4
2026-03-16T01:00,3.6,-0.5,0.0,0.0,3.0,0.16,0,2
2026-03-16T02:00,3.2,-0.7,0.0,0.0,4.4,0.51,0,2
2026-03-16T03:00,3.1,-1.0,0.0,0.0,3.1,1.36,0,11
2026-03-16T04:00,2.3,-1.6,0.0,0.0,3.3,2.02,0,32
2026-03-16T05:00,2.6,-2.1,1.0,1.0,3.5,2.2,0,5
2026-03-16T06:00,3.5,0.7,77.0,73.0,3.9,1.6,0,0
2026-03-16T07:00,5.4,4.0,232.0,231.0,3.0,2.05,0,0
2026-03-16T08:00,7.2,6.8,390.0,394.0,1.5,1.35,0,1
2026-03-16T09:00,9.6,9.1,520.0,528.0,2.1,1.39,0,4
2026-03-16T10:00,12.1,11.1,608.0,619.0,2.9,1.59,86,1
2026-03-16T11:00,13.6,12.8,642.0,658.0,3.7,2.36,17,0
2026-03-16T12:00,14.4,14.2,639.0,635.0,4.1,3.99,0,2
2026-03-16T13:00,15.0,14.6,567.0,564.0,4.8,4.48,0,9
2026-03-16T14:00,15.1,14.5,451.0,450.0,5.6,4.85,0,99
2026-03-16T15:00,14.4,13.8,299.0,279.0,6.5,5.01,100,98
2026-03-16T16:00,13.4,11.7,116.0,118.0,6.2,5.86,100,100
2026-03-16T17:00,12.2,8.4,14.0,14.0,5.3,5.11,100,99
2026-03-16T18:00,10.6,8.4,0.0,0.0,2.1,4.39,100,100
2026-03-16T19:00,9.8,6.4,0.0,0.0,5.1,2.1,100,100
2026-03-16T20:00,9.3,6.1,0.0,0.0,7.3,2.83,100,100
2026-03-16T21:00,8.4,5.4,0.0,0.0,7.7,3.67,100,100
2026-03-16T22:00,7.4,6.1,0.0,0.0,7.9,5.43,100,100
2026-03-16T23:00,6.8,5.9,0.0,0.0,8.5,4.51,100,100
2026-03-17T00:00,6.7,5.2,0.0,0.0,8.3,4.37,100,100
2026-03-17T01:00,6.5,5.0,0.0,0.0,7.6,3.65,100,100
2026-03-17T02:00,6.2,4.5,0.0,0.0,8.4,3.83,100,100
2026-03-17T03:00,6.0,4.1,0.0,0.0,7.9,4.92,100,100
2026-03-17T04:00,6.0,3.9,0.0,0.0,7.6,6.17,100,100
2026-03-17T05:00,5.9,4.2,0.0,1.0,7.5,7.45,100,100
2026-03-17T06:00,6.2,3.9,56.0,13.0,8.1,8.16,100,100
2026-03-17T07:00,6.6,3.8,144.0,33.0,8.8,8.3,100,100
2026-03-17T08:00,6.8,3.4,171.0,56.0,9.2,8.05,100,100
2026-03-17T09:00,7.9,3.6,96.0,104.0,6.4,8.16,100,100
2026-03-17T10:00,7.2,4.5,72.0,192.0,7.3,8.65,100,100
2026-03-17T11:00,7.6,5.8,146.0,274.0,8.0,8.47,100,100
2026-03-17T12:00,8.6,11.5,429.0,380.0,9.1,6.57,100,97
2026-03-17T13:00,8.5,11.8,369.0,376.0,9.1,6.26,100,100
2026-03-17T14:00,8.4,11.6,299.0,376.0,10.0,6.83,100,100
2026-03-17T15:00,8.3,11.1,152.0,203.0,9.2,6.89,100,100
2026-03-17T16:00,7.7,10.2,108.0,113.0,10.1,8.66,100,100
2026-03-17T17:00,6.8,8.8,17.0,15.0,10.1,9.26,100,100
2026-03-17T18:00,6.5,8.7,0.0,0.0,11.6,8.55,100,100
2026-03-17T19:00,6.3,7.9,0.0,0.0,11.7,8.25,99,100
2026-03-17T20:00,6.0,7.2,0.0,0.0,11.3,8.26,81,100
2026-03-17T21:00,5.8,6.3,0.0,0.0,10.9,8.6,100,100
2026-03-17T22:00,5.7,5.7,0.0,0.0,11.2,8.79,100,100
2026-03-17T23:00,5.5,5.2,0.0,0.0,11.4,8.72,100,55
2026-03-18T00:00,5.4,4.2,0.0,0.0,10.2,8.71,92,96
2026-03-18T01:00,5.1,3.6,0.0,0.0,9.8,8.75,3,96
2026-03-18T02:00,4.8,3.1,0.0,0.0,9.7,8.72,98,100
2026-03-18T03:00,4.5,2.6,0.0,0.0,9.4,8.12,100,77
2026-03-18T04:00,4.6,2.2,0.0,0.0,8.9,8.11,100,59
2026-03-18T05:00,4.6,1.9,2.0,2.0,8.9,8.31,56,1
2026-03-18T06:00,5.8,2.9,78.0,80.0,8.9,7.3,86,0
2026-03-18T07:00,7.3,6.1,230.0,239.0,7.5,7.99,13,2
2026-03-18T08:00,9.5,9.6,399.0,400.0,6.4,5.49,0,20
2026-03-18T09:00,11.2,11.7,538.0,534.0,5.8,5.73,0,61
2026-03-18T10:00,12.8,12.9,636.0,626.0,5.7,5.46,0,84
2026-03-18T11:00,13.2,13.7,686.0,665.0,6.4,5.86,0,33
2026-03-18T12:00,13.6,14.3,661.0,645.0,7.3,6.7,0,1
2026-03-18T13:00,13.3,13.9,592.0,574.0,8.6,8.07,0,0
2026-03-18T14:00,12.5,13.4,470.0,464.0,9.2,8.47,0,0
2026-03-18T15:00,11.6,12.2,316.0,316.0,8.8,8.79,0,0
2026-03-18T16:00,10.2,10.5,155.0,147.0,8.1,8.07,0,0
2026-03-18T17:00,8.3,8.4,23.0,20.0,8.6,7.39,0,3
2026-03-18T18:00,7.2,7.1,0.0,0.0,9.2,7.41,0,2
2026-03-18T19:00,6.3,6.0,0.0,0.0,9.1,7.14,0,1
2026-03-18T20:00,5.8,5.0,0.0,0.0,8.0,7.07,0,2
2026-03-18T21:00,5.3,4.3,0.0,0.0,8.0,6.72,0,6
2026-03-18T22:00,4.8,3.6,0.0,0.0,9.1,6.72,0,3
2026-03-18T23:00,4.1,3.1,0.0,0.0,9.5,7.34,0,0
2026-03-19T00:00,3.7,2.3,0.0,0.0,9.0,7.07,0,5
2026-03-19T01:00,3.4,1.9,0.0,0.0,8.9,7.28,0,17
2026-03-19T02:00,3.3,1.6,0.0,0.0,9.5,7.41,0,34
2026-03-19T03:00,3.1,1.9,0.0,0.0,9.1,7.55,0,38
2026-03-19T04:00,3.1,2.0,0.0,0.0,9.0,7.41,0,29
2026-03-19T05:00,3.1,1.8,3.0,2.0,8.5,7.29,1,45
2026-03-19T06:00,4.1,3.6,47.0,46.0,8.6,6.63,100,18
2026-03-19T07:00,5.2,5.8,115.0,208.0,7.4,5.39,22,18
2026-03-19T08:00,7.4,7.6,391.0,362.0,6.7,5.23,9,38
2026-03-19T09:00,9.1,8.9,471.0,464.0,7.7,7.19,91,63
2026-03-19T10:00,9.8,8.6,528.0,297.0,6.8,7.11,96,99
2026-03-19T11:00,10.2,9.5,397.0,288.0,6.3,5.84,100,100
2026-03-19T12:00,10.2,9.7,451.0,240.0,7.9,5.26,100,100
2026-03-19T13:00,10.5,9.3,416.0,149.0,7.3,5.58,69,100
2026-03-19T14:00,10.2,9.3,391.0,163.0,7.8,6.48,42,100
2026-03-19T15:00,9.9,8.9,262.0,170.0,8.3,6.24,1,98
2026-03-19T16:00,9.1,8.1,155.0,84.0,8.0,5.89,1,100
2026-03-19T17:00,7.6,7.3,24.0,10.0,7.9,6.03,0,100
2026-03-19T18:00,6.0,6.2,0.0,0.0,8.3,6.48,0,87
2026-03-19T19:00,5.0,5.0,0.0,0.0,8.1,5.64,0,52
2026-03-19T20:00,4.6,4.0,0.0,0.0,7.8,5.01,0,87
2026-03-19T21:00,4.3,3.9,0.0,0.0,8.3,5.31,0,93
2026-03-19T22:00,4.0,3.4,0.0,0.0,8.8,5.55,0,55
2026-03-19T23:00,3.7,2.9,0.0,0.0,8.2,5.6,0,19
2026-03-20T00:00,3.5,1.4,0.0,0.0,7.6,5.9,0,42
2026-03-20T01:00,3.2,1.2,0.0,0.0,8.4,6.21,5,100
2026-03-20T02:00,2.9,2.0,0.0,0.0,8.0,6.61,88,100
2026-03-20T03:00,2.6,2.1,0.0,0.0,9.0,6.57,25,52
2026-03-20T04:00,2.9,1.6,0.0,0.0,8.7,6.94,10,57
2026-03-20T05:00,3.0,1.2,4.0,2.0,8.5,6.71,3,70
2026-03-20T06:00,4.2,2.1,92.0,89.0,7.6,6.0,38,9
2026-03-20T07:00,6.0,5.4,250.0,244.0,6.5,6.6,11,75
2026-03-20T08:00,7.8,7.7,414.0,305.0,5.4,4.4,0,81
2026-03-20T09:00,9.9,8.7,551.0,353.0,4.6,4.6,22,70
2026-03-20T10:00,11.0,10.4,582.0,557.0,4.9,4.47,46,98
2026-03-20T11:00,11.5,10.5,597.0,390.0,4.8,3.96,93,100
2026-03-20T12:00,11.9,10.6,540.0,375.0,4.4,3.47,78,100
2026-03-20T13:00,11.4,10.6,389.0,386.0,6.9,3.67,100,92
2026-03-20T14:00,11.3,10.5,296.0,359.0,6.3,3.77,85,63
2026-03-20T15:00,11.2,10.1,252.0,230.0,7.0,3.75,100,70
2026-03-20T16:00,10.6,9.1,106.0,119.0,6.5,3.38,100,41
2026-03-20T17:00,9.4,6.9,19.0,18.0,6.8,4.45,83,30
2026-03-20T18:00,7.9,5.2,0.0,0.0,7.4,4.32,70,52
2026-03-20T19:00,7.5,5.0,0.0,0.0,9.3,5.44,100,58
2026-03-20T20:00,7.3,4.8,0.0,0.0,8.3,5.42,82,66
2026-03-20T21:00,6.4,2.4,0.0,0.0,7.7,3.89,71,55
2026-03-20T22:00,6.1,2.3,0.0,0.0,7.4,3.7,92,25
2026-03-20T23:00,6.0,1.3,0.0,0.0,6.6,4.57,100,9
2026-03-21T00:00,5.6,5.0,0.0,0.0,7.8,6.3,100,100
2026-03-21T01:00,5.4,4.5,0.0,0.0,6.8,5.85,100,100
2026-03-21T02:00,5.2,4.3,0.0,0.0,6.2,5.81,100,100
2026-03-21T03:00,4.9,3.9,0.0,0.0,6.9,5.9,100,100
2026-03-21T04:00,4.7,3.8,0.0,0.0,6.8,6.37,100,100
2026-03-21T05:00,4.6,3.4,2.0,2.0,6.9,6.56,100,100
2026-03-21T06:00,5.0,3.6,57.0,86.0,6.4,6.82,53,16
2026-03-21T07:00,5.6,4.7,222.0,245.0,7.1,6.04,17,12
2026-03-21T08:00,6.9,6.7,401.0,405.0,5.5,5.78,7,23
2026-03-21T09:00,7.7,8.3,523.0,532.0,6.1,5.52,0,46
2026-03-21T10:00,9.4,9.8,636.0,545.0,5.1,4.89,0,85
2026-03-21T11:00,10.8,10.6,670.0,519.0,3.7,4.77,0,91
2026-03-21T12:00,11.2,10.5,651.0,343.0,4.4,3.81,2,98
2026-03-21T13:00,11.9,10.6,584.0,299.0,3.9,3.9,12,100
2026-03-21T14:00,11.6,10.4,328.0,200.0,4.1,4.3,99,99
2026-03-21T15:00,11.4,10.4,230.0,216.0,4.6,4.03,0,100
2026-03-21T16:00,10.9,9.4,161.0,93.0,4.7,3.76,0,81
2026-03-21T17:00,9.2,8.1,29.0,14.0,7.1,4.37,0,59
2026-03-21T18:00,7.4,7.5,0.0,0.0,6.6,5.35,22,73
2026-03-21T19:00,6.4,6.6,0.0,0.0,5.5,6.3,100,26
2026-03-21T20:00,6.7,4.9,0.0,0.0,5.8,5.3,100,74
2026-03-21T21:00,6.1,3.9,0.0,0.0,5.9,5.05,100,100
2026-03-21T22:00,5.5,4.0,0.0,0.0,6.4,5.74,98,100
2026-03-21T23:00,5.2,4.4,0.0,0.0,7.2,6.07,58,100
2026-03-22T00:00,4.9,2.5,0.0,0.0,7.5,6.56,4,96
2026-03-22T01:00,4.7,2.3,0.0,0.0,7.9,6.36,3,100
2026-03-22T02:00,4.5,2.1,0.0,0.0,8.0,6.11,100,100
2026-03-22T03:00,4.9,1.8,0.0,0.0,7.3,6.0,100,95
2026-03-22T04:00,4.9,1.8,0.0,0.0,6.7,6.2,100,83
2026-03-22T05:00,4.9,1.9,5.0,4.0,6.4,6.21,97,95
2026-03-22T06:00,6.3,3.3,78.0,78.0,4.7,6.35,21,67
2026-03-22T07:00,7.9,6.0,253.0,232.0,3.8,4.65,0,32
2026-03-22T08:00,9.3,8.6,421.0,380.0,3.1,2.89,0,89
2026-03-22T09:00,10.7,10.4,549.0,522.0,2.6,2.34,31,92
2026-03-22T10:00,12.3,11.6,606.0,585.0,3.0,2.44,100,87
2026-03-22T11:00,12.8,12.6,503.0,656.0,3.3,2.9,100,66
2026-03-22T12:00,13.4,12.8,611.0,476.0,3.0,3.37,84,95
2026-03-22T13:00,13.9,12.7,562.0,380.0,2.4,3.44,23,95
2026-03-22T14:00,14.1,12.5,467.0,317.0,2.2,3.02,83,87
2026-03-22T15:00,13.8,12.3,287.0,241.0,2.1,2.6,100,66
2026-03-22T16:00,13.1,10.8,119.0,134.0,2.9,2.16,100,77
2026-03-22T17:00,11.8,8.3,22.0,23.0,2.9,3.7,99,89
2026-03-22T18:00,10.0,7.1,0.0,0.0,3.9,2.25,4,52
2026-03-22T19:00,8.8,6.0,0.0,0.0,6.1,3.73,79,31
2026-03-22T20:00,8.0,4.8,0.0,0.0,6.4,5.04,29,41
2026-03-22T21:00,7.6,3.8,0.0,0.0,4.2,4.39,2,48
2026-03-22T22:00,6.6,3.1,0.0,0.0,4.4,3.97,55,27
2026-03-22T23:00,6.3,2.4,0.0,0.0,4.5,3.67,100,97
2026-03-23T00:00,6.2,3.9,0.0,0.0,3.9,3.11,99,87
2026-03-23T01:00,5.9,3.4,0.0,0.0,3.9,3.12,100,88
2026-03-23T02:00,5.3,2.5,0.0,0.0,4.0,3.29,100,75
2026-03-23T03:00,4.8,2.0,0.0,0.0,4.1,3.27,96,96
2026-03-23T04:00,4.5,1.6,0.0,0.0,4.4,3.44,98,100
2026-03-23T05:00,4.7,1.5,6.0,5.0,4.0,3.46,95,100
2026-03-23T06:00,5.8,3.8,106.0,44.0,3.9,3.01,12,100
2026-03-23T07:00,7.6,5.7,253.0,94.0,3.3,3.03,22,100
2026-03-23T08:00,9.1,8.3,397.0,256.0,2.4,2.12,52,100
2026-03-23T09:00,10.5,9.6,543.0,338.0,2.1,1.71,98,100
2026-03-23T10:00,12.1,10.9,619.0,426.0,1.7,1.22,100,100
2026-03-23T11:00,13.3,12.7,643.0,630.0,1.2,0.64,100,100
2026-03-23T12:00,14.2,13.1,622.0,549.0,1.4,1.51,100,100
2026-03-23T13:00,14.5,13.2,518.0,472.0,0.9,0.92,100,100
2026-03-23T14:00,14.7,12.9,398.0,284.0,1.0,0.61,99,100
2026-03-23T15:00,14.4,12.5,221.0,165.0,1.8,1.23,70,100
2026-03-23T16:00,13.7,11.5,140.0,97.0,3.1,1.86,95,100
2026-03-23T17:00,11.8,8.9,28.0,23.0,4.7,3.33,98,86
2026-03-23T18:00,10.8,8.5,0.0,0.0,3.3,2.53,100,100
2026-03-23T19:00,9.1,8.6,0.0,0.0,5.4,3.35,46,100
2026-03-23T20:00,8.2,7.4,0.0,0.0,7.8,4.23,7,100
2026-03-23T21:00,8.3,6.7,0.0,0.0,6.6,6.91,13,100
2026-03-23T22:00,7.4,6.1,0.0,0.0,6.6,6.26,44,95
2026-03-23T23:00,6.5,5.2,0.0,0.0,6.1,5.89,100,91
2026-03-24T00:00,7.0,5.0,0.0,0.0,6.9,5.29,100,100
2026-03-24T01:00,6.2,4.4,0.0,0.0,5.4,6.06,93,100
2026-03-24T02:00,5.6,4.5,0.0,0.0,6.7,6.41,97,100
2026-03-24T03:00,5.8,4.0,0.0,0.0,8.7,6.29,79,87
2026-03-24T04:00,5.2,3.1,0.0,0.0,8.8,6.52,99,41
2026-03-24T05:00,5.5,3.1,7.0,7.0,9.2,6.83,100,95
2026-03-24T06:00,6.8,4.7,109.0,93.0,9.8,5.94,64,69
2026-03-24T07:00,8.7,8.3,276.0,276.0,7.3,5.87,4,99
2026-03-24T08:00,10.5,11.1,446.0,437.0,6.0,4.35,1,87
2026-03-24T09:00,12.3,12.0,583.0,482.0,5.9,4.87,0,91
2026-03-24T10:00,13.5,12.3,671.0,485.0,6.4,4.66,0,91
2026-03-24T11:00,14.3,13.0,704.0,513.0,6.3,5.17,0,52
2026-03-24T12:00,15.0,13.7,671.0,426.0,5.3,4.62,11,69
2026-03-24T13:00,15.0,13.6,592.0,348.0,5.7,4.15,4,58
2026-03-24T14:00,14.8,13.3,492.0,243.0,5.5,4.11,87,57
2026-03-24T15:00,14.6,12.8,325.0,154.0,5.4,3.77,98,91
2026-03-24T16:00,13.6,11.6,156.0,99.0,5.5,4.0,97,86
2026-03-24T17:00,11.9,10.2,33.0,18.0,5.2,4.4,49,58
2026-03-24T18:00,9.7,8.3,0.0,0.0,7.0,5.14,0,88
2026-03-24T19:00,8.6,6.7,0.0,0.0,5.8,4.43,1,96
2026-03-24T20:00,7.8,5.6,0.0,0.0,5.1,3.9,18,98
2026-03-24T21:00,6.7,4.2,0.0,0.0,5.7,3.3,0,100
2026-03-24T22:00,5.9,3.1,0.0,0.0,5.9,2.56,4,91
2026-03-24T23:00,5.1,2.4,0.0,0.0,4.4,2.13,92,82
2026-03-25T00:00,4.7,1.5,0.0,0.0,4.8,1.43,29,16
2026-03-25T01:00,4.4,0.7,0.0,0.0,4.2,1.22,6,22
2026-03-25T02:00,4.0,0.0,0.0,0.0,3.4,1.04,0,17
2026-03-25T03:00,2.9,-0.4,0.0,0.0,2.3,0.32,0,2
2026-03-25T04:00,3.2,-0.5,0.0,0.0,0.8,0.32,0,0
2026-03-25T05:00,3.6,0.0,10.0,9.0,0.3,0.71,48,0
2026-03-25T06:00,4.9,2.2,123.0,114.0,2.1,1.39,0,0
2026-03-25T07:00,6.9,5.8,289.0,280.0,2.2,2.21,16,42
2026-03-25T08:00,9.9,9.3,451.0,439.0,3.3,2.31,88,13
2026-03-25T09:00,11.8,11.6,570.0,571.0,4.9,4.24,99,68
2026-03-25T10:00,13.5,12.9,631.0,652.0,5.8,5.28,100,99
2026-03-25T11:00,14.6,13.8,672.0,686.0,6.6,5.9,87,100
2026-03-25T12:00,15.1,14.5,557.0,656.0,6.7,6.45,100,100
2026-03-25T13:00,15.3,15.2,447.0,581.0,6.9,6.35,100,100
2026-03-25T14:00,15.1,15.7,272.0,447.0,6.3,6.18,100,100
2026-03-25T15:00,14.7,14.6,156.0,265.0,5.6,8.11,100,100
2026-03-25T16:00,14.3,13.5,87.0,131.0,6.5,8.21,100,100
2026-03-25T17:00,13.6,12.1,22.0,22.0,7.5,8.74,100,100
2026-03-25T18:00,13.1,11.4,0.0,0.0,7.8,7.67,100,100
2026-03-25T19:00,12.6,10.9,0.0,0.0,7.5,7.56,100,100
2026-03-25T20:00,12.1,11.0,0.0,0.0,6.6,7.8,100,100
2026-03-25T21:00,11.5,10.0,0.0,0.0,5.8,6.82,100,100
2026-03-25T22:00,11.1,8.7,0.0,0.0,5.6,5.61,100,100
2026-03-25T23:00,10.7,7.9,0.0,0.0,4.6,4.65,100,100
2026-03-26T00:00,10.5,7.3,0.0,0.0,4.0,3.82,100,100
2026-03-26T01:00,10.4,6.9,0.0,0.0,3.8,3.23,92,100
2026-03-26T02:00,9.7,6.8,0.0,0.0,3.7,2.89,100,100
2026-03-26T03:00,8.5,6.7,0.0,0.0,2.7,2.21,100,100
2026-03-26T04:00,7.6,6.6,0.0,0.0,4.3,2.75,100,100
2026-03-26T05:00,7.5,6.6,3.0,5.0,3.1,2.58,100,100
2026-03-26T06:00,7.3,7.0,119.0,70.0,5.1,2.57,48,100
2026-03-26T07:00,9.3,8.3,232.0,172.0,3.8,2.34,81,98
2026-03-26T08:00,10.9,10.1,319.0,353.0,4.4,2.98,60,100
2026-03-26T09:00,10.2,11.6,253.0,481.0,4.7,3.38,100,100
2026-03-26T10:00,12.4,12.7,454.0,596.0,4.4,3.54,100,100
2026-03-26T11:00,13.3,13.5,496.0,525.0,3.1,3.38,84,85
2026-03-26T12:00,15.0,14.1,374.0,507.0,4.5,3.97,100,100
2026-03-26T13:00,15.6,14.4,264.0,374.0,4.9,3.87,38,45
2026-03-26T14:00,15.7,14.4,403.0,335.0,4.7,3.36,98,97
2026-03-26T15:00,14.6,13.7,250.0,178.0,4.2,3.47,100,99
2026-03-26T16:00,13.4,11.7,28.0,77.0,6.5,4.36,100,99
2026-03-26T17:00,11.6,9.0,4.0,25.0,11.1,8.08,100,97
2026-03-26T18:00,6.3,6.9,0.0,0.0,14.3,10.8,85,23
2026-03-26T19:00,5.7,6.1,0.0,0.0,14.1,11.17,98,95
2026-03-26T20:00,5.1,6.0,0.0,0.0,14.9,11.48,100,97
2026-03-26T21:00,4.8,5.9,0.0,0.0,14.6,12.02,100,100
2026-03-26T22:00,4.7,5.6,0.0,0.0,15.4,12.62,100,100
2026-03-26T23:00,4.5,5.4,0.0,0.0,15.2,13.0,100,100
2026-03-27T00:00,4.9,5.2,0.0,0.0,15.1,13.3,100,100
2026-03-27T01:00,4.8,4.9,0.0,0.0,14.7,12.91,100,100
2026-03-27T02:00,4.6,4.5,0.0,0.0,14.8,12.81,100,100
2026-03-27T03:00,4.2,4.4,0.0,0.0,14.8,12.91,100,100
2026-03-27T04:00,4.2,4.4,0.0,0.0,14.6,12.71,100,100
2026-03-27T05:00,4.3,4.7,7.0,7.0,14.6,12.9,100,100
2026-03-27T06:00,3.8,5.2,62.0,57.0,14.7,12.43,100,100
2026-03-27T07:00,4.3,6.0,144.0,128.0,15.4,12.9,100,100
2026-03-27T08:00,4.8,7.1,227.0,207.0,15.3,12.42,100,100
2026-03-27T09:00,5.2,8.5,268.0,364.0,15.0,12.89,100,100
2026-03-27T10:00,6.0,10.3,325.0,488.0,14.7,13.09,100,99
2026-03-27T11:00,6.9,12.4,482.0,579.0,14.5,13.1,100,91
2026-03-27T12:00,7.6,13.8,592.0,648.0,14.2,12.98,94,99
2026-03-27T13:00,7.3,13.9,457.0,511.0,14.4,11.2,100,100
2026-03-27T14:00,6.8,13.4,341.0,268.0,14.9,11.02,100,100
2026-03-27T15:00,6.3,12.7,171.0,222.0,15.0,9.55,100,100
2026-03-27T16:00,6.1,11.8,90.0,127.0,14.5,8.97,100,100
2026-03-27T17:00,6.0,10.7,24.0,23.0,14.0,9.51,100,100
2026-03-27T18:00,5.2,9.8,0.0,0.0,14.4,11.35,96,100
2026-03-27T19:00,5.3,9.3,0.0,0.0,13.8,10.99,93,100
2026-03-27T20:00,5.5,9.0,0.0,0.0,13.9,11.3,100,100
2026-03-27T21:00,6.2,8.7,0.0,0.0,13.4,11.46,100,100
2026-03-27T22:00,6.1,8.1,0.0,0.0,12.7,11.42,100,100
2026-03-27T23:00,6.2,7.4,0.0,0.0,13.1,11.41,100,100
2026-03-28T00:00,5.8,6.8,0.0,0.0,12.3,12.05,100,46
2026-03-28T01:00,5.6,6.4,0.0,0.0,11.8,12.45,100,98
2026-03-28T02:00,5.4,6.0,0.0,0.0,11.9,12.36,100,12
2026-03-28T03:00,5.3,5.8,0.0,0.0,12.9,12.56,100,34
2026-03-28T04:00,5.2,5.8,0.0,0.0,13.1,12.18,97,99
2026-03-28T05:00,5.2,5.9,13.0,13.0,13.4,12.1,100,100
2026-03-28T06:00,5.6,6.3,100.0,101.0,13.2,11.52,100,100
2026-03-28T07:00,6.2,7.3,215.0,235.0,13.8,11.06,100,100
2026-03-28T08:00,6.9,8.7,365.0,364.0,13.9,10.88,100,100
2026-03-28T09:00,7.8,10.0,456.0,498.0,13.2,10.68,100,100
2026-03-28T10:00,9.0,11.2,536.0,643.0,12.5,10.03,100,100
2026-03-28T11:00,9.8,12.4,585.0,602.0,12.2,10.05,97,55
2026-03-28T12:00,10.9,13.0,584.0,518.0,12.5,9.32,100,100
2026-03-28T13:00,10.6,12.6,466.0,531.0,13.1,10.01,100,100
2026-03-28T14:00,9.4,11.5,182.0,394.0,10.3,10.96,100,100
2026-03-28T15:00,9.1,10.5,55.0,172.0,12.3,10.28,99,100
2026-03-28T16:00,9.0,10.1,134.0,75.0,13.6,10.48,100,100
2026-03-28T17:00,8.1,9.8,33.0,19.0,14.0,11.11,100,100
2026-03-28T18:00,8.1,9.4,0.0,0.0,12.8,11.5,100,100
2026-03-28T19:00,7.8,8.7,0.0,0.0,12.4,10.91,100,100
2026-03-28T20:00,7.8,8.0,0.0,0.0,12.7,10.92,100,96
2026-03-28T21:00,8.2,7.4,0.0,0.0,12.6,10.98,68,100
2026-03-28T22:00,8.5,6.8,0.0,0.0,11.2,10.55,89,100
2026-03-28T23:00,8.6,6.4,0.0,0.0,11.0,10.27,95,98
2026-03-29T00:00,8.2,6.1,0.0,0.0,11.9,10.35,87,100
2026-03-29T01:00,7.8,5.9,0.0,0.0,12.1,10.55,98,99
2026-03-29T02:00,7.3,5.9,0.0,0.0,12.4,10.19,78,100
2026-03-29T03:00,7.4,6.1,0.0,0.0,11.9,10.44,100,100
2026-03-29T04:00,7.0,6.3,0.0,0.0,11.1,11.06,100,55
2026-03-29T05:00,6.8,6.8,2.0,14.0,11.8,11.0,100,34
2026-03-29T06:00,6.7,7.5,17.0,98.0,11.8,11.75,100,100
2026-03-29T07:00,6.6,8.8,51.0,208.0,12.5,9.1,100,100
2026-03-29T08:00,7.1,10.4,127.0,283.0,12.1,9.65,100,100
2026-03-29T09:00,7.7,11.4,117.0,283.0,10.9,9.26,100,100
2026-03-29T10:00,8.1,11.5,125.0,196.0,11.5,9.04,100,100
2026-03-29T11:00,8.6,11.1,185.0,164.0,11.3,10.44,100,100
2026-03-29T12:00,9.2,10.7,177.0,228.0,11.4,9.47,100,100
2026-03-29T13:00,9.5,10.5,119.0,192.0,12.2,9.66,100,100
2026-03-29T14:00,9.4,10.2,66.0,158.0,12.3,9.75,100,100
2026-03-29T15:00,9.5,9.9,38.0,93.0,10.9,9.75,100,100
2026-03-29T16:00,9.4,9.8,35.0,90.0,11.4,9.6,100,100
2026-03-29T17:00,8.7,9.7,17.0,15.0,12.3,8.85,100,100
2026-03-29T18:00,8.7,9.4,0.0,0.0,10.6,10.05,100,100
2026-03-29T19:00,8.5,9.0,0.0,0.0,11.6,9.61,100,100
2026-03-29T20:00,7.9,8.5,0.0,0.0,12.3,10.75,100,100
2026-03-29T21:00,7.1,8.0,0.0,0.0,11.7,11.98,100,100
2026-03-29T22:00,6.9,7.3,0.0,0.0,12.3,12.37,100,100
2026-03-29T23:00,6.6,6.6,0.0,0.0,12.1,11.88,100,100
2026-03-30T00:00,6.8,6.0,0.0,0.0,11.2,11.93,99,92
2026-03-30T01:00,6.4,5.7,0.0,0.0,11.8,11.71,60,98
2026-03-30T02:00,6.0,5.5,0.0,0.0,12.2,11.2,53,100
2026-03-30T03:00,5.9,5.4,0.0,0.0,11.2,10.85,100,100
2026-03-30T04:00,5.7,5.3,0.0,0.0,10.6,10.78,97,99
2026-03-30T05:00,5.7,5.3,12.0,4.0,10.5,11.01,96,100
2026-03-30T06:00,6.1,5.5,105.0,49.0,10.6,9.41,85,100
2026-03-30T07:00,7.0,6.1,224.0,105.0,10.0,8.85,93,100
2026-03-30T08:00,7.8,6.8,328.0,158.0,9.7,9.0,96,100
2026-03-30T09:00,8.2,7.8,242.0,245.0,9.0,8.41,100,100
2026-03-30T10:00,9.4,9.1,396.0,378.0,7.9,8.02,100,100
2026-03-30T11:00,10.5,10.6,488.0,367.0,8.4,8.02,88,100
2026-03-30T12:00,11.7,11.5,570.0,370.0,7.9,7.75,77,100
2026-03-30T13:00,12.2,11.4,492.0,328.0,7.3,7.55,94,100
2026-03-30T14:00,12.0,10.7,315.0,271.0,7.1,7.8,100,100
2026-03-30T15:00,10.5,9.9,182.0,217.0,9.6,7.89,99,100
2026-03-30T16:00,9.1,9.2,117.0,118.0,9.6,7.89,94,100
2026-03-30T17:00,7.9,8.3,31.0,26.0,9.4,8.81,95,100
2026-03-30T18:00,7.5,7.5,0.0,0.0,9.2,9.56,100,100
2026-03-30T19:00,6.9,6.8,0.0,0.0,9.0,9.5,100,100
2026-03-30T20:00,6.3,6.1,0.0,0.0,9.4,9.15,100,100
2026-03-30T21:00,5.8,5.7,0.0,0.0,9.4,8.84,100,100
2026-03-30T22:00,5.3,5.8,0.0,0.0,9.7,9.42,100,100
2026-03-30T23:00,5.0,6.1,0.0,0.0,10.0,9.73,100,100
2026-03-31T00:00,5.4,6.3,0.0,0.0,9.2,9.66,100,100
2026-03-31T01:00,5.2,6.1,0.0,0.0,9.9,10.1,100,100
2026-03-31T02:00,4.9,5.6,0.0,0.0,11.2,10.6,100,100
2026-03-31T03:00,4.2,5.2,0.0,0.0,10.1,11.11,100,100
2026-03-31T04:00,4.1,5.0,0.0,0.0,9.8,11.35,100,100
2026-03-31T05:00,4.0,4.9,3.0,3.0,10.1,11.25,100,100
2026-03-31T06:00,3.3,5.0,10.0,23.0,10.6,10.55,100,100
2026-03-31T07:00,3.6,5.3,20.0,54.0,10.6,8.76,100,100
2026-03-31T08:00,3.9,5.9,41.0,161.0,11.2,9.8,100,100
2026-03-31T09:00,4.4,6.4,64.0,207.0,10.8,9.7,100,100
2026-03-31T10:00,4.9,6.9,101.0,255.0,11.9,10.57,100,100
2026-03-31T11:00,6.2,7.3,284.0,316.0,11.9,10.8,100,100
2026-03-31T12:00,6.8,7.7,407.0,224.0,11.1,11.12,98,100
2026-03-31T13:00,7.5,7.9,452.0,269.0,11.2,11.02,89,100
2026-03-31T14:00,7.2,8.1,353.0,169.0,11.1,10.53,91,100
2026-03-31T15:00,7.2,8.0,309.0,102.0,11.6,10.05,54,100
2026-03-31T16:00,6.6,7.7,172.0,63.0,11.3,10.38,92,100
2026-03-31T17:00,5.6,7.1,47.0,12.0,11.1,10.26,91,100
2026-03-31T18:00,4.7,6.7,0.0,0.0,12.1,10.91,100,99
2026-03-31T19:00,4.8,6.6,0.0,0.0,11.2,10.45,100,98
2026-03-31T20:00,4.8,6.6,0.0,0.0,10.2,10.15,99,74
2026-03-31T21:00,5.2,6.4,0.0,0.0,8.8,9.68,100,80
2026-03-31T22:00,5.0,6.0,0.0,0.0,8.2,9.7,99,94
2026-03-31T23:00,4.9,5.3,0.0,0.0,7.9,10.14,95,97
2026-04-01T00:00,5.2,4.8,0.0,0.0,8.6,9.63,99,92
2026-04-01T01:00,5.2,4.3,0.0,0.0,8.9,9.58,89,33
2026-04-01T02:00,5.0,3.9,0.0,0.0,8.8,9.41,80,18
2026-04-01T03:00,4.9,3.8,0.0,0.0,9.2,9.71,97,59
2026-04-01T04:00,4.4,3.8,0.0,0.0,9.4,9.86,90,96
2026-04-01T05:00,4.3,4.1,23.0,16.0,9.4,10.01,11,85
2026-04-01T06:00,4.9,4.6,125.0,53.0,10.4,7.85,100,100
2026-04-01T07:00,5.8,5.9,179.0,180.0,11.0,7.2,100,88
2026-04-01T08:00,6.2,7.4,165.0,297.0,11.9,7.51,100,89
2026-04-01T09:00,6.8,8.4,236.0,388.0,12.9,10.18,100,100
2026-04-01T10:00,7.6,8.3,468.0,370.0,12.4,8.86,57,100
2026-04-01T11:00,8.0,7.7,628.0,195.0,12.3,8.37,46,100
2026-04-01T12:00,7.6,7.0,373.0,414.0,12.0,10.1,90,100
2026-04-01T13:00,7.5,6.3,451.0,301.0,12.2,9.48,99,100
2026-04-01T14:00,7.0,5.6,324.0,185.0,12.2,9.31,99,100
2026-04-01T15:00,7.0,5.1,306.0,144.0,11.9,9.27,12,100
2026-04-01T16:00,6.5,4.8,190.0,112.0,12.3,9.14,13,100
2026-04-01T17:00,5.8,4.6,50.0,34.0,12.3,10.39,99,100
2026-04-01T18:00,5.4,4.7,0.0,0.0,11.6,10.3,13,100
2026-04-01T19:00,5.3,5.0,0.0,0.0,11.9,9.43,61,100
2026-04-01T20:00,5.6,5.4,0.0,0.0,11.8,9.5,100,100
2026-04-01T21:00,5.7,5.8,0.0,0.0,11.7,9.33,100,100
2026-04-01T22:00,6.0,6.0,0.0,0.0,11.4,9.91,100,100
2026-04-01T23:00,6.2,6.0,0.0,0.0,12.0,10.36,100,100
2026-04-02T00:00,6.4,6.1,0.0,0.0,12.5,10.23,98,30
2026-04-02T01:00,6.5,6.2,0.0,0.0,11.9,9.8,100,100
2026-04-02T02:00,6.4,6.3,0.0,0.0,11.6,9.55,100,100
2026-04-02T03:00,6.2,6.4,0.0,0.0,12.2,9.25,100,100
2026-04-02T04:00,5.9,6.5,0.0,0.0,12.4,9.9,100,100
2026-04-02T05:00,5.8,6.5,3.0,3.0,12.9,11.05,100,100
2026-04-02T06:00,6.3,6.7,69.0,54.0,12.0,9.69,100,100
2026-04-02T07:00,7.0,6.9,194.0,77.0,12.1,9.56,44,100
2026-04-02T08:00,8.3,7.2,404.0,201.0,12.3,10.35,37,100
2026-04-02T09:00,9.6,7.8,523.0,144.0,12.1,9.25,14,100
2026-04-02T10:00,10.0,9.3,662.0,221.0,12.7,9.39,16,100
2026-04-02T11:00,10.8,11.2,675.0,196.0,12.8,9.66,57,100
2026-04-02T12:00,13.0,12.5,710.0,657.0,11.1,9.71,0,75
2026-04-02T13:00,12.7,12.8,635.0,604.0,12.0,9.46,1,100
2026-04-02T14:00,11.4,12.4,521.0,431.0,13.2,10.53,0,100
2026-04-02T15:00,10.7,11.9,368.0,272.0,13.1,10.36,85,100
2026-04-02T16:00,10.0,11.1,193.0,108.0,12.7,10.1,75,100
2026-04-02T17:00,9.2,10.2,54.0,35.0,11.8,10.2,94,99
2026-04-02T18:00,9.2,9.4,0.0,0.0,11.9,10.36,1,98
2026-04-02T19:00,9.1,8.9,0.0,0.0,12.0,10.65,2,91
2026-04-02T20:00,9.0,8.6,0.0,0.0,12.2,10.25,12,60
2026-04-02T21:00,9.0,8.3,0.0,0.0,11.9,10.25,1,64
2026-04-02T22:00,9.0,8.1,0.0,0.0,12.0,10.2,90,100
2026-04-02T23:00,9.0,7.9,0.0,0.0,12.3,10.0,100,99
2026-04-03T00:00,8.6,7.8,0.0,0.0,11.5,10.5,77,100
2026-04-03T01:00,8.0,7.5,0.0,0.0,11.3,10.61,15,100
2026-04-03T02:00,7.7,7.1,0.0,0.0,11.6,10.51,22,98
2026-04-03T03:00,7.3,7.1,0.0,0.0,11.0,10.46,94,77
2026-04-03T04:00,6.5,7.3,0.0,0.0,11.3,10.5,3,59
2026-04-03T05:00,6.4,7.9,30.0,24.0,10.8,10.45,6,75
2026-04-03T06:00,7.7,8.7,155.0,155.0,10.4,9.66,98,98
2026-04-03T07:00,9.1,10.0,316.0,313.0,11.1,8.76,12,94
2026-04-03T08:00,10.6,11.6,497.0,441.0,11.4,8.85,57,90
2026-04-03T09:00,12.0,12.9,607.0,543.0,13.2,9.28,97,97
2026-04-03T10:00,12.8,13.8,695.0,564.0,13.5,9.34,0,96
2026-04-03T11:00,13.2,14.3,730.0,609.0,12.5,9.04,80,80
2026-04-03T12:00,13.9,14.5,733.0,727.0,10.8,9.04,0,28
2026-04-03T13:00,14.3,14.4,669.0,615.0,10.6,8.86,1,40
2026-04-03T14:00,14.1,14.0,547.0,463.0,10.4,8.26,6,32
2026-04-03T15:00,13.8,13.2,397.0,363.0,10.0,8.37,0,6
2026-04-03T16:00,12.7,11.9,225.0,209.0,10.2,8.39,0,1
2026-04-03T17:00,11.5,10.1,66.0,57.0,7.8,7.96,0,0
2026-04-03T18:00,10.3,8.7,0.0,0.0,6.4,7.53,0,0
2026-04-03T19:00,9.1,7.7,0.0,0.0,6.3,6.62,0,0
2026-04-03T20:00,8.4,7.1,0.0,0.0,8.0,7.1,0,0
2026-04-03T21:00,7.9,6.5,0.0,0.0,9.1,7.35,0,0
2026-04-03T22:00,7.6,5.9,0.0,0.0,9.2,7.52,0,0
2026-04-03T23:00,6.7,5.4,0.0,0.0,9.0,7.15,0,0
2026-04-04T00:00,5.9,4.9,0.0,0.0,8.2,7.1,0,0
2026-04-04T01:00,5.4,4.1,0.0,0.0,7.3,6.85,0,0
2026-04-04T02:00,5.0,3.4,0.0,0.0,8.1,6.56,0,0
2026-04-04T03:00,4.3,3.2,0.0,0.0,5.2,5.55,0,0
2026-04-04T04:00,3.9,3.7,0.0,0.0,2.0,4.38,0,0
2026-04-04T05:00,4.6,4.6,35.0,30.0,1.4,3.52,0,0
2026-04-04T06:00,6.7,6.0,176.0,166.0,0.9,1.87,0,1
2026-04-04T07:00,8.6,8.0,347.0,334.0,0.6,0.22,0,0
2026-04-04T08:00,10.9,10.4,504.0,493.0,1.6,1.76,0,0
2026-04-04T09:00,13.2,12.4,640.0,620.0,3.3,3.79,3,0
2026-04-04T10:00,14.7,13.7,727.0,699.0,3.1,4.35,2,5
2026-04-04T11:00,15.9,14.6,758.0,753.0,2.7,4.67,1,70
2026-04-04T12:00,16.8,15.3,740.0,661.0,2.5,6.52,0,48
2026-04-04T13:00,17.6,15.7,660.0,486.0,2.5,5.49,11,73
2026-04-04T14:00,18.0,15.9,509.0,391.0,2.7,4.19,100,31
2026-04-04T15:00,17.5,15.7,158.0,271.0,3.3,3.02,100,70
2026-04-04T16:00,17.0,14.8,101.0,153.0,2.7,4.32,100,52
2026-04-04T17:00,15.3,13.4,25.0,38.0,8.4,3.99,100,90
2026-04-04T18:00,13.5,12.2,0.0,0.0,9.7,1.48,100,93
2026-04-04T19:00,12.6,11.4,0.0,0.0,7.1,0.7,100,98
2026-04-04T20:00,11.4,10.7,0.0,0.0,6.7,1.91,67,100
2026-04-04T21:00,10.1,10.1,0.0,0.0,6.5,5.44,35,90
2026-04-04T22:00,9.1,9.7,0.0,0.0,7.5,4.7,100,94
2026-04-04T23:00,8.5,9.3,0.0,0.0,7.8,3.48,100,33
2026-04-05T00:00,8.7,8.8,0.0,0.0,8.6,5.62,100,32
2026-04-05T01:00,8.5,7.9,0.0,0.0,8.1,4.4,100,21
2026-04-05T02:00,7.7,6.8,0.0,0.0,8.3,4.0,81,17
2026-04-05T03:00,7.5,6.3,0.0,0.0,4.7,3.47,37,24
2026-04-05T04:00,7.3,6.5,0.0,0.0,5.2,3.16,21,9
2026-04-05T05:00,7.9,7.2,21.0,30.0,2.6,2.41,10,14
2026-04-05T06:00,8.8,8.3,175.0,166.0,3.7,0.11,2,20
2026-04-05T07:00,10.7,10.0,342.0,333.0,1.4,1.14,26,28
2026-04-05T08:00,12.8,12.0,500.0,492.0,2.5,3.15,80,42
2026-04-05T09:00,14.4,13.7,609.0,618.0,5.1,4.13,25,14
2026-04-05T10:00,15.7,15.0,712.0,623.0,6.2,6.47,52,70
2026-04-05T11:00,17.0,16.1,747.0,696.0,6.4,6.47,88,86
2026-04-05T12:00,18.4,16.9,731.0,531.0,6.5,5.69,53,27
2026-04-05T13:00,19.0,17.4,670.0,662.0,7.0,6.09,80,0
2026-04-05T14:00,19.3,17.7,557.0,535.0,7.1,6.04,100,1
2026-04-05T15:00,19.4,17.4,396.0,382.0,7.6,6.64,2,1
2026-04-05T16:00,18.8,16.0,225.0,212.0,8.0,6.56,0,0
2026-04-05T17:00,17.8,13.9,69.0,61.0,7.6,7.9,0,0
2026-04-05T18:00,16.8,12.3,0.0,1.0,8.2,8.3,0,2
2026-04-05T19:00,15.7,11.4,0.0,0.0,8.7,7.96,0,9
2026-04-05T20:00,15.0,10.8,0.0,0.0,8.8,8.17,5,2
2026-04-05T21:00,14.5,10.4,0.0,0.0,8.7,7.89,30,0
2026-04-05T22:00,13.5,10.0,0.0,0.0,7.1,8.0,66,3
2026-04-05T23:00,12.4,9.6,0.0,0.0,7.0,8.1,98,20
2026-04-06T00:00,11.8,9.4,0.0,0.0,7.5,8.55,96,98
2026-04-06T01:00,12.3,9.3,0.0,0.0,6.6,8.57,100,100
2026-04-06T02:00,12.0,9.2,0.0,0.0,1.8,7.64,100,100
2026-04-06T03:00,11.4,9.3,0.0,0.0,1.2,5.13,100,100
2026-04-06T04:00,9.9,9.4,0.0,0.0,1.4,2.88,100,91
2026-04-06T05:00,9.9,9.7,39.0,17.0,1.8,1.66,94,91
2026-04-06T06:00,11.4,10.4,175.0,99.0,2.1,1.1,77,61
2026-04-06T07:00,13.2,12.2,344.0,309.0,1.0,1.45,73,50
2026-04-06T08:00,15.3,14.6,495.0,465.0,3.0,1.67,71,88
2026-04-06T09:00,16.8,16.2,636.0,552.0,5.4,5.55,67,99
2026-04-06T10:00,17.1,16.5,717.0,513.0,7.0,6.06,59,95
2026-04-06T11:00,17.2,16.1,747.0,701.0,4.8,5.9,49,82
2026-04-06T12:00,17.3,15.3,706.0,650.0,5.1,6.52,42,73
2026-04-06T13:00,16.7,14.1,551.0,524.0,6.6,9.15,40,26
2026-04-06T14:00,15.5,12.5,507.0,515.0,8.2,11.85,40,74
2026-04-06T15:00,12.7,11.1,329.0,289.0,8.9,11.88,37,39
2026-04-06T16:00,12.2,10.1,206.0,187.0,8.4,9.08,26,38
2026-04-06T17:00,11.2,9.1,75.0,56.0,6.3,6.02,11,3
2026-04-06T18:00,10.0,8.1,1.0,1.0,3.9,7.08,1,5
2026-04-06T19:00,9.2,6.8,0.0,0.0,3.1,4.05,1,2
2026-04-06T20:00,8.7,5.5,0.0,0.0,4.6,3.19,5,12
2026-04-06T21:00,7.8,4.5,0.0,0.0,4.1,3.88,8,2
2026-04-06T22:00,7.2,4.1,0.0,0.0,4.2,4.47,6,0
2026-04-06T23:00,6.8,4.2,0.0,0.0,5.1,4.35,3,0
2026-04-07T00:00,6.7,4.2,0.0,0.0,5.9,6.29,0,0
2026-04-07T01:00,6.7,3.8,0.0,0.0,6.3,5.69,3,0
2026-04-07T02:00,6.8,3.4,0.0,0.0,5.5,5.13,1,0
2026-04-07T03:00,6.2,3.3,0.0,0.0,5.4,3.41,0,0
2026-04-07T04:00,5.5,3.8,0.0,0.0,5.8,0.92,0,0
2026-04-07T05:00,6.3,4.7,46.0,40.0,5.9,0.54,0,0
2026-04-07T06:00,8.1,5.8,202.0,189.0,3.5,0.56,0,52
2026-04-07T07:00,9.3,7.5,383.0,352.0,4.9,0.89,0,47
2026-04-07T08:00,10.4,9.4,547.0,516.0,4.5,1.53,0,21
2026-04-07T09:00,11.9,11.1,675.0,649.0,4.7,1.6,0,5
2026-04-07T10:00,13.2,12.4,765.0,737.0,5.5,2.35,0,0
2026-04-07T11:00,14.3,13.4,809.0,777.0,6.4,2.41,0,0
2026-04-07T12:00,14.6,13.9,777.0,760.0,6.7,3.98,0,0
2026-04-07T13:00,14.6,13.7,703.0,686.0,6.3,5.61,0,0
2026-04-07T14:00,14.3,13.0,592.0,566.0,6.7,7.65,0,0
2026-04-07T15:00,13.5,12.1,428.0,412.0,7.9,8.81,0,2
2026-04-07T16:00,12.3,11.1,176.0,229.0,8.6,8.36,57,12
2026-04-07T17:00,9.7,9.8,53.0,70.0,8.1,7.54,98,11
2026-04-07T18:00,8.8,8.6,0.0,1.0,4.8,8.22,0,50
2026-04-07T19:00,7.8,7.5,0.0,0.0,8.3,8.43,0,18
2026-04-07T20:00,7.2,6.4,0.0,0.0,7.4,8.38,1,17
2026-04-07T21:00,6.4,5.5,0.0,0.0,8.8,7.92,4,30
2026-04-07T22:00,5.6,4.7,0.0,0.0,7.9,8.77,99,44
2026-04-07T23:00,5.6,4.2,0.0,0.0,9.7,9.11,24,48
2026-04-08T00:00,5.1,3.7,0.0,0.0,10.6,9.39,3,100
2026-04-08T01:00,4.4,3.5,0.0,0.0,8.8,10.19,100,100
2026-04-08T02:00,4.1,3.4,0.0,0.0,9.0,10.01,3,88
2026-04-08T03:00,3.9,3.3,0.0,0.0,8.2,9.32,2,94
2026-04-08T04:00,3.6,3.3,0.0,0.0,9.1,8.97,9,6
2026-04-08T05:00,4.0,3.4,39.0,36.0,10.0,7.86,88,13
2026-04-08T06:00,4.6,3.6,198.0,143.0,10.4,7.91,1,99
2026-04-08T07:00,5.7,3.9,354.0,191.0,8.2,8.75,99,98
2026-04-08T08:00,6.1,4.3,303.0,220.0,9.7,9.48,97,100
2026-04-08T09:00,7.3,4.7,515.0,187.0,9.1,8.19,93,100
2026-04-08T10:00,7.4,5.3,506.0,246.0,8.6,8.36,96,100
2026-04-08T11:00,8.1,5.9,567.0,292.0,6.6,8.26,99,100
2026-04-08T12:00,9.0,6.5,619.0,240.0,7.5,8.21,60,100
2026-04-08T13:00,9.3,7.2,610.0,154.0,8.3,8.43,41,100
2026-04-08T14:00,8.8,7.9,504.0,107.0,9.0,7.69,14,63
2026-04-08T15:00,8.9,8.1,397.0,306.0,8.9,8.26,3,96
2026-04-08T16:00,8.1,7.4,229.0,150.0,9.4,6.77,83,34
2026-04-08T17:00,7.4,6.2,60.0,69.0,8.9,6.62,100,70
2026-04-08T18:00,6.0,5.3,1.0,1.0,8.7,6.69,5,98
2026-04-08T19:00,5.6,4.9,0.0,0.0,8.5,6.94,100,100
2026-04-08T20:00,5.4,4.8,0.0,0.0,8.3,7.48,89,100
2026-04-08T21:00,4.9,4.6,0.0,0.0,9.0,6.81,49,100
2026-04-08T22:00,4.7,4.4,0.0,0.0,9.5,7.13,0,100
2026-04-08T23:00,4.7,4.2,0.0,0.0,9.8,7.0,27,64
2026-04-09T00:00,4.7,4.0,0.0,0.0,10.1,9.5,0,22
2026-04-09T01:00,4.2,3.5,0.0,0.0,8.2,9.86,100,27
2026-04-09T02:00,4.2,2.9,0.0,0.0,6.7,10.03,100,74
2026-04-09T03:00,3.5,2.6,0.0,0.0,7.8,9.79,65,99
2026-04-09T04:00,2.7,2.6,0.0,0.0,7.3,9.28,1,98
2026-04-09T05:00,3.0,2.8,54.0,32.0,8.6,8.7,4,94
2026-04-09T06:00,3.8,3.3,123.0,125.0,6.8,6.69,100,100
2026-04-09T07:00,5.0,4.2,271.0,249.0,7.7,8.44,74,100
2026-04-09T08:00,6.0,5.4,438.0,365.0,7.0,8.6,93,91
2026-04-09T09:00,6.6,6.4,483.0,537.0,6.7,8.45,84,49
2026-04-09T10:00,7.3,7.1,555.0,569.0,7.1,7.6,95,39
2026-04-09T11:00,8.2,7.6,669.0,613.0,7.9,7.55,26,50
2026-04-09T12:00,8.5,7.7,754.0,624.0,8.3,8.51,15,55
2026-04-09T13:00,8.5,7.4,691.0,531.0,8.9,8.47,11,85
2026-04-09T14:00,8.2,6.7,580.0,409.0,8.5,8.67,8,90
2026-04-09T15:00,7.6,6.0,427.0,246.0,10.4,8.65,0,79
2026-04-09T16:00,6.6,5.5,252.0,176.0,10.2,8.43,0,99
2026-04-09T17:00,5.0,5.1,86.0,56.0,10.3,7.68,0,57
2026-04-09T18:00,4.1,4.6,2.0,1.0,8.5,6.5,0,2
2026-04-09T19:00,3.5,4.0,0.0,0.0,7.6,5.85,0,10
2026-04-09T20:00,2.8,3.3,0.0,0.0,6.3,5.58,0,23
2026-04-09T21:00,2.6,2.5,0.0,0.0,7.9,5.6,0,16
2026-04-09T22:00,2.3,1.7,0.0,0.0,8.2,5.58,0,0
2026-04-09T23:00,2.0,0.7,0.0,0.0,7.9,5.43,0,0
2026-04-10T00:00,1.8,0.0,0.0,0.0,8.0,5.63,1,4
2026-04-10T01:00,1.4,-0.4,0.0,0.0,7.8,5.95,0,44
2026-04-10T02:00,1.3,-0.7,0.0,0.0,7.8,5.81,0,33
2026-04-10T03:00,1.2,-0.5,0.0,0.0,8.6,5.6,0,17
2026-04-10T04:00,1.1,0.1,0.0,0.0,7.8,5.88,0,0
2026-04-10T05:00,1.7,1.2,59.0,48.0,7.5,5.54,0,0
2026-04-10T06:00,2.8,2.3,217.0,208.0,7.2,5.56,0,0
2026-04-10T07:00,4.3,3.6,396.0,380.0,6.3,4.67,0,0
2026-04-10T08:00,5.9,5.1,559.0,539.0,5.4,4.25,0,30
2026-04-10T09:00,7.6,6.4,685.0,614.0,3.1,3.38,5,70
2026-04-10T10:00,8.8,7.4,771.0,577.0,2.2,2.76,6,74
2026-04-10T11:00,9.8,8.2,782.0,518.0,2.1,2.89,20,43
2026-04-10T12:00,10.4,8.8,776.0,553.0,1.5,1.21,10,100
2026-04-10T13:00,10.9,9.2,707.0,370.0,1.3,0.79,10,100
2026-04-10T14:00,11.3,9.4,583.0,320.0,1.9,0.99,2,100
2026-04-10T15:00,11.2,9.1,421.0,213.0,1.2,2.73,8,100
2026-04-10T16:00,10.9,8.1,250.0,158.0,1.3,4.74,2,92
2026-04-10T17:00,9.9,6.7,90.0,58.0,2.0,3.98,0,11
2026-04-10T18:00,8.3,5.4,2.0,2.0,4.4,4.62,35,100
2026-04-10T19:00,7.2,4.4,0.0,0.0,3.0,4.05,9,100
2026-04-10T20:00,5.8,3.7,0.0,0.0,4.2,3.36,0,91
2026-04-10T21:00,4.7,3.1,0.0,0.0,5.3,3.02,0,17
2026-04-10T22:00,4.0,2.8,0.0,0.0,5.8,2.71,0,11
2026-04-10T23:00,3.6,2.6,0.0,0.0,6.4,2.98,0,7
2026-04-11T00:00,3.0,2.2,0.0,0.0,7.1,1.53,0,20
2026-04-11T01:00,2.8,1.0,0.0,0.0,7.7,0.68,0,13
2026-04-11T02:00,2.6,-0.4,0.0,0.0,8.2,1.45,0,10
2026-04-11T03:00,2.3,-0.9,0.0,0.0,8.2,2.36,0,4
2026-04-11T04:00,2.0,0.1,0.0,0.0,8.3,2.35,0,19
2026-04-11T05:00,3.0,2.1,62.0,52.0,7.6,2.19,0,70
2026-04-11T06:00,4.7,2.8,220.0,203.0,6.2,1.47,0,54
2026-04-11T07:00,6.5,6.1,393.0,327.0,5.3,0.65,0,91
2026-04-11T08:00,8.2,8.0,561.0,445.0,5.2,0.81,0,91
2026-04-11T09:00,9.1,9.7,647.0,594.0,5.1,0.92,33,62
2026-04-11T10:00,10.2,10.6,753.0,616.0,4.7,1.8,2,83
2026-04-11T11:00,11.0,10.4,782.0,370.0,4.6,2.33,20,100
2026-04-11T12:00,11.5,10.2,711.0,432.0,5.0,2.26,54,100
2026-04-11T13:00,11.4,10.5,620.0,378.0,4.9,2.03,78,100
2026-04-11T14:00,11.1,10.4,446.0,234.0,4.7,2.27,100,100
2026-04-11T15:00,10.5,10.1,218.0,155.0,4.3,2.3,100,100
2026-04-11T16:00,9.9,9.4,126.0,69.0,5.0,3.23,69,100
2026-04-11T17:00,9.1,8.4,76.0,23.0,5.0,5.45,17,100
2026-04-11T18:00,8.7,7.0,1.0,1.0,4.4,5.65,94,98
2026-04-11T19:00,7.5,6.5,0.0,0.0,6.1,5.58,1,41
2026-04-11T20:00,6.3,4.2,0.0,0.0,5.8,4.92,0,6
2026-04-11T21:00,5.4,2.2,0.0,0.0,6.0,4.01,82,6
2026-04-11T22:00,4.7,1.8,0.0,0.0,6.7,4.36,0,5
2026-04-11T23:00,4.2,1.5,0.0,0.0,6.2,5.25,0,0
2026-04-12T00:00,3.4,0.3,0.0,0.0,7.3,4.6,0,0
2026-04-12T01:00,3.3,-0.3,0.0,0.0,6.2,4.31,0,0
2026-04-12T02:00,3.1,-0.7,0.0,0.0,6.1,4.25,0,0
2026-04-12T03:00,2.2,-1.3,0.0,0.0,6.9,3.8,0,0
2026-04-12T04:00,2.6,-1.9,0.0,0.0,6.4,3.51,0,0
2026-04-12T05:00,3.0,0.3,67.0,59.0,6.1,3.6,0,0
2026-04-12T06:00,5.3,3.5,225.0,216.0,5.2,3.35,0,0
2026-04-12T07:00,7.4,7.0,401.0,391.0,2.8,1.5,0,1
2026-04-12T08:00,9.0,9.1,564.0,550.0,1.8,1.19,0,25
2026-04-12T09:00,10.6,10.6,698.0,674.0,0.9,1.05,11,89
2026-04-12T10:00,12.1,11.7,782.0,760.0,1.2,1.03,4,20
2026-04-12T11:00,13.2,12.6,806.0,785.0,1.3,0.83,5,34
2026-04-12T12:00,13.8,12.7,766.0,664.0,1.0,1.8,80,11
2026-04-12T13:00,14.5,13.1,708.0,616.0,1.0,2.16,6,10
2026-04-12T14:00,14.7,13.0,591.0,479.0,0.9,1.88,0,14
2026-04-12T15:00,14.8,13.3,435.0,411.0,1.9,0.93,100,1
2026-04-12T16:00,13.9,12.9,223.0,241.0,4.0,1.03,100,2
2026-04-12T17:00,12.6,10.0,78.0,83.0,4.4,3.62,1,1
2026-04-12T18:00,11.3,8.5,3.0,3.0,4.6,1.64,32,68
2026-04-12T19:00,10.0,7.2,0.0,0.0,4.6,1.7,30,61
2026-04-12T20:00,9.1,5.8,0.0,0.0,2.4,2.14,86,38
2026-04-12T21:00,9.5,4.5,0.0,0.0,0.1,4.13,100,3
2026-04-12T22:00,9.0,3.1,0.0,0.0,4.1,3.5,100,54
2026-04-12T23:00,8.4,2.2,0.0,0.0,2.7,2.98,94,5
2026-04-13T00:00,8.0,1.3,0.0,0.0,3.1,3.09,66,2
2026-04-13T01:00,7.7,0.8,0.0,0.0,3.2,3.31,38,0
2026-04-13T02:00,7.5,0.4,0.0,0.0,3.6,3.57,79,1
2026-04-13T03:00,7.0,-0.1,0.0,0.0,4.1,3.6,100,5
2026-04-13T04:00,6.8,-0.4,0.0,1.0,5.9,3.45,68,6
2026-04-13T05:00,7.4,1.3,55.0,61.0,5.0,3.49,72,27
2026-04-13T06:00,7.6,5.3,134.0,212.0,6.8,3.2,100,91
2026-04-13T07:00,9.2,9.2,277.0,383.0,4.5,2.37,100,89
2026-04-13T08:00,10.9,11.0,414.0,536.0,3.3,2.82,100,100
2026-04-13T09:00,11.5,12.2,355.0,634.0,2.6,3.66,99,100
2026-04-13T10:00,13.6,13.2,715.0,686.0,2.4,3.75,98,100
2026-04-13T11:00,14.8,13.5,776.0,616.0,3.0,3.37,86,100
2026-04-13T12:00,15.9,13.2,726.0,513.0,3.1,2.65,13,100
2026-04-13T13:00,16.5,14.0,701.0,382.0,3.5,3.0,3,99
2026-04-13T14:00,16.5,14.6,564.0,275.0,3.4,3.43,82,98
2026-04-13T15:00,15.5,14.6,347.0,246.0,3.5,3.14,96,77
2026-04-13T16:00,15.0,14.1,177.0,160.0,3.5,2.64,99,20
2026-04-13T17:00,13.9,12.3,83.0,67.0,2.6,2.66,100,59
2026-04-13T18:00,12.6,11.9,4.0,3.0,2.9,3.9,87,19
2026-04-13T19:00,10.5,10.3,0.0,0.0,7.1,4.35,100,17
2026-04-13T20:00,9.9,8.5,0.0,0.0,4.5,5.43,100,27
2026-04-13T21:00,9.6,7.8,0.0,0.0,4.1,4.74,99,78
2026-04-13T22:00,9.2,7.6,0.0,0.0,4.2,3.89,100,72
2026-04-13T23:00,8.8,8.2,0.0,0.0,3.3,4.34,99,16
2026-04-14T00:00,8.9,8.1,0.0,0.0,3.4,4.6,73,100
2026-04-14T01:00,8.5,8.1,0.0,0.0,3.9,4.18,42,100
2026-04-14T02:00,8.3,7.7,0.0,0.0,2.3,4.29,57,92
2026-04-14T03:00,8.5,6.3,0.0,0.0,2.1,4.61,85,100
2026-04-14T04:00,8.1,6.3,1.0,1.0,2.5,3.78,98,100
2026-04-14T05:00,8.6,7.8,67.0,49.0,3.3,4.16,13,100
2026-04-14T06:00,9.8,9.5,171.0,69.0,3.1,3.61,100,100
2026-04-14T07:00,11.3,11.0,291.0,61.0,3.8,4.21,97,100
2026-04-14T08:00,12.5,12.3,429.0,133.0,3.7,2.73,99,100
2026-04-14T09:00,13.8,14.0,528.0,403.0,3.9,3.19,87,94
2026-04-14T10:00,15.2,15.4,563.0,692.0,3.0,3.51,98,74
2026-04-14T11:00,15.9,16.4,477.0,722.0,3.2,3.55,100,95
2026-04-14T12:00,15.6,17.1,591.0,644.0,2.5,2.7,90,91
2026-04-14T13:00,16.4,17.1,593.0,576.0,3.6,2.8,64,93
2026-04-14T14:00,16.8,16.9,561.0,526.0,3.3,2.8,22,23
2026-04-14T15:00,16.3,16.9,417.0,406.0,2.8,2.96,6,10
2026-04-14T16:00,15.9,16.4,239.0,240.0,2.9,2.8,26,3
2026-04-14T17:00,15.0,14.2,89.0,85.0,2.8,1.95,21,13
2026-04-14T18:00,12.7,12.8,4.0,3.0,2.3,1.76,30,19
2026-04-14T19:00,12.2,11.5,0.0,0.0,1.9,1.42,47,1
2026-04-14T20:00,11.8,10.4,0.0,0.0,4.3,1.52,20,3
2026-04-14T21:00,9.9,9.5,0.0,0.0,3.6,2.42,11,78
2026-04-14T22:00,9.3,9.0,0.0,0.0,4.9,2.51,49,69
2026-04-14T23:00,9.2,8.8,0.0,0.0,4.8,2.95,18,62
2026-04-15T00:00,10.5,8.7,0.0,0.0,4.6,2.26,0,47
2026-04-15T01:00,9.8,8.6,0.0,0.0,4.2,2.35,14,46
2026-04-15T02:00,9.6,8.5,0.0,0.0,4.6,1.93,100,25
2026-04-15T03:00,11.7,8.7,0.0,0.0,5.9,2.55,100,95
2026-04-15T04:00,11.4,9.0,1.0,1.0,6.3,3.04,84,100
2026-04-15T05:00,12.0,9.4,70.0,52.0,8.3,3.02,96,100
2026-04-15T06:00,13.2,10.3,196.0,168.0,6.4,3.22,36,100
2026-04-15T07:00,14.7,11.8,369.0,305.0,5.3,2.02,17,99
2026-04-15T08:00,15.9,13.7,502.0,461.0,4.8,1.5,88,100
2026-04-15T09:00,17.1,15.4,525.0,592.0,3.7,1.3,100,100
2026-04-15T10:00,16.2,16.9,215.0,629.0,4.7,1.35,100,98
2026-04-15T11:00,16.5,18.2,228.0,590.0,4.1,1.62,100,52
2026-04-15T12:00,17.9,19.1,174.0,224.0,2.1,0.72,100,99
2026-04-15T13:00,16.4,19.6,114.0,264.0,4.2,1.72,100,100
2026-04-15T14:00,16.9,19.8,153.0,260.0,3.6,2.25,100,61
2026-04-15T15:00,14.7,19.4,49.0,265.0,7.4,3.26,100,58
2026-04-15T16:00,15.2,18.0,158.0,208.0,6.9,3.78,39,54
2026-04-15T17:00,14.7,16.0,77.0,73.0,7.1,4.55,36,66
2026-04-15T18:00,13.2,14.2,5.0,4.0,8.2,4.11,12,37
2026-04-15T19:00,12.4,12.9,0.0,0.0,8.0,4.21,0,25
2026-04-15T20:00,11.8,11.9,0.0,0.0,8.7,4.85,8,63
2026-04-15T21:00,11.1,11.0,0.0,0.0,8.7,5.05,13,86
2026-04-15T22:00,11.0,10.4,0.0,0.0,8.5,4.85,99,12
2026-04-15T23:00,10.8,9.8,0.0,0.0,8.0,4.95,19,4
2026-04-16T00:00,11.6,9.5,0.0,0.0,6.7,7.45,100,34
2026-04-16T01:00,11.0,8.9,0.0,0.0,7.3,7.55,58,88
2026-04-16T02:00,10.8,9.3,0.0,0.0,6.4,7.4,100,100
2026-04-16T03:00,11.2,9.7,0.0,0.0,7.1,7.25,100,100
2026-04-16T04:00,10.9,9.7,0.0,1.0,7.6,7.15,100,100
2026-04-16T05:00,11.0,10.0,5.0,31.0,6.4,7.0,100,100
2026-04-16T06:00,11.1,11.5,21.0,148.0,4.9,6.55,100,93
2026-04-16T07:00,11.9,13.4,65.0,224.0,4.3,5.5,100,69
2026-04-16T08:00,12.2,15.8,69.0,394.0,4.4,4.16,100,100
2026-04-16T09:00,12.7,16.4,140.0,346.0,3.0,3.04,100,86
2026-04-16T10:00,14.8,17.9,431.0,597.0,1.8,2.26,99,68
2026-04-16T11:00,16.4,18.6,646.0,559.0,1.1,1.47,99,100
2026-04-16T12:00,16.9,17.3,450.0,462.0,2.4,1.15,100,91
2026-04-16T13:00,16.9,17.3,270.0,489.0,3.0,1.3,100,100
2026-04-16T14:00,16.5,16.9,189.0,337.0,4.5,1.95,100,91
2026-04-16T15:00,16.3,16.9,146.0,255.0,2.2,2.74,99,98
2026-04-16T16:00,16.5,16.5,173.0,155.0,4.8,4.13,27,91
2026-04-16T17:00,15.1,16.0,98.0,50.0,5.5,5.86,0,35
2026-04-16T18:00,14.0,14.3,6.0,2.0,3.8,7.07,1,100
2026-04-16T19:00,12.5,13.3,0.0,0.0,4.3,7.09,0,68
2026-04-16T20:00,11.5,11.8,0.0,0.0,4.3,6.56,0,66
2026-04-16T21:00,11.4,9.5,0.0,0.0,4.7,6.35,24,85
2026-04-16T22:00,10.8,8.7,0.0,0.0,4.9,7.52,0,45
2026-04-16T23:00,10.3,7.9,0.0,0.0,5.4,7.52,0,0
2026-04-17T00:00,10.1,8.0,0.0,0.0,5.1,7.51,16,29
2026-04-17T01:00,9.8,7.3,0.0,0.0,5.6,7.66,5,5
2026-04-17T02:00,9.4,6.6,0.0,0.0,4.9,7.86,1,1
2026-04-17T03:00,9.0,6.0,0.0,0.0,5.4,8.13,0,1
2026-04-17T04:00,8.9,5.7,2.0,2.0,5.7,8.31,0,1
2026-04-17T05:00,9.6,7.8,82.0,74.0,6.2,8.27,0,0
2026-04-17T06:00,11.4,11.4,238.0,227.0,7.3,8.12,0,0
2026-04-17T07:00,13.5,14.0,408.0,398.0,5.7,7.67,0,52
2026-04-17T08:00,15.6,15.7,565.0,525.0,7.3,6.93,0,25
2026-04-17T09:00,15.9,17.0,667.0,639.0,6.8,6.07,3,49
2026-04-17T10:00,16.8,17.5,754.0,586.0,6.3,5.21,3,66
2026-04-17T11:00,17.8,17.6,770.0,555.0,5.4,4.62,38,63
2026-04-17T12:00,18.3,17.6,684.0,508.0,6.1,4.66,41,11
2026-04-17T13:00,18.3,18.7,645.0,670.0,6.2,4.9,59,52
2026-04-17T14:00,18.1,17.6,553.0,411.0,7.4,5.28,1,19
2026-04-17T15:00,15.3,17.0,406.0,383.0,11.0,5.69,0,7
2026-04-17T16:00,14.5,16.0,261.0,239.0,9.0,6.42,0,0
2026-04-17T17:00,13.8,15.0,87.0,96.0,7.2,7.0,0,0
2026-04-17T18:00,13.2,13.6,7.0,5.0,6.0,7.41,0,2
2026-04-17T19:00,12.2,12.4,0.0,0.0,6.7,7.51,0,0
2026-04-17T20:00,11.3,11.3,0.0,0.0,7.2,7.5,0,0
2026-04-17T21:00,10.2,10.2,0.0,0.0,8.0,7.28,0,0
2026-04-17T22:00,9.6,9.0,0.0,0.0,9.0,7.05,0,0
2026-04-17T23:00,9.0,8.2,0.0,0.0,9.5,6.91,0,0
2026-04-18T00:00,8.2,8.4,0.0,0.0,8.2,6.9,0,1
2026-04-18T01:00,8.0,7.5,0.0,0.0,8.7,7.1,0,0
2026-04-18T02:00,7.7,6.8,0.0,0.0,8.4,7.45,0,0
2026-04-18T03:00,7.6,6.2,0.0,0.0,7.7,7.85,0,1
2026-04-18T04:00,7.0,5.7,3.0,2.0,7.4,8.2,0,0
2026-04-18T05:00,7.6,6.9,87.0,80.0,7.0,8.4,14,1
2026-04-18T06:00,9.6,10.2,234.0,234.0,6.0,8.41,1,16
2026-04-18T07:00,11.6,11.9,415.0,396.0,7.4,8.06,3,28
2026-04-18T08:00,13.1,13.9,566.0,566.0,8.0,7.46,1,55
2026-04-18T09:00,15.1,15.0,698.0,563.0,6.1,6.86,1,33
2026-04-18T10:00,16.8,16.1,779.0,625.0,6.5,6.09,6,42
2026-04-18T11:00,17.8,17.1,781.0,646.0,7.4,5.3,15,47
2026-04-18T12:00,18.5,17.3,765.0,519.0,7.3,5.13,21,83
2026-04-18T13:00,18.5,17.2,664.0,389.0,7.9,5.02,30,51
2026-04-18T14:00,18.2,17.3,562.0,399.0,7.3,5.02,6,95
2026-04-18T15:00,17.8,16.3,418.0,254.0,7.6,5.4,6,6
2026-04-18T16:00,16.9,15.6,266.0,226.0,7.0,6.22,2,0
2026-04-18T17:00,15.6,14.5,109.0,98.0,7.0,6.31,0,0
2026-04-18T18:00,14.3,13.8,8.0,7.0,5.7,6.52,0,3
2026-04-18T19:00,12.9,12.1,0.0,0.0,5.1,6.44,0,2
2026-04-18T20:00,11.7,10.4,0.0,0.0,6.5,6.36,0,0
2026-04-18T21:00,11.0,9.2,0.0,0.0,7.1,6.38,0,0
2026-04-18T22:00,10.6,8.6,0.0,0.0,6.9,6.3,0,2
2026-04-18T23:00,9.7,8.4,0.0,0.0,7.0,6.35,0,1
2026-04-19T00:00,9.1,6.7,0.0,0.0,6.3,6.3,0,1
2026-04-19T01:00,8.8,6.1,0.0,0.0,5.7,6.42,0,3
2026-04-19T02:00,8.3,5.4,0.0,0.0,5.7,6.61,1,12
2026-04-19T03:00,7.8,4.7,0.0,0.0,5.8,6.8,17,33
2026-04-19T04:00,7.5,4.1,4.0,3.0,5.1,6.98,94,34
2026-04-19T05:00,8.5,6.2,88.0,77.0,3.5,7.06,85,90
2026-04-19T06:00,10.3,9.7,176.0,228.0,1.8,6.96,100,95
2026-04-19T07:00,12.3,12.8,304.0,369.0,0.9,6.66,95,100
2026-04-19T08:00,14.2,15.0,426.0,463.0,1.0,6.37,79,100
2026-04-19T09:00,15.9,16.4,486.0,588.0,2.7,6.11,90,100
2026-04-19T10:00,17.1,17.0,559.0,574.0,3.3,5.64,100,100
2026-04-19T11:00,18.3,17.3,624.0,492.0,3.4,5.01,58,100
2026-04-19T12:00,19.1,18.2,564.0,574.0,3.2,4.48,73,54
2026-04-19T13:00,19.7,18.6,601.0,548.0,3.7,4.24,63,95
2026-04-19T14:00,20.1,19.1,522.0,458.0,3.9,4.23,92,100
2026-04-19T15:00,19.6,19.0,308.0,275.0,3.2,4.41,100,100
2026-04-19T16:00,18.9,18.6,70.0,196.0,2.1,5.02,100,100
2026-04-19T17:00,18.4,17.3,29.0,83.0,3.1,5.26,100,74
2026-04-19T18:00,17.9,15.9,3.0,5.0,3.2,5.02,42,100
2026-04-19T19:00,16.8,14.8,0.0,0.0,1.4,4.91,100,100
2026-04-19T20:00,16.5,14.6,0.0,0.0,1.6,4.99,100,100
2026-04-19T21:00,14.2,14.1,0.0,0.0,5.2,4.94,100,100
2026-04-19T22:00,13.1,13.8,0.0,0.0,1.9,4.9,100,100
2026-04-19T23:00,12.5,13.7,0.0,0.0,1.5,5.0,100,100
2026-04-20T00:00,12.9,11.7,0.0,0.0,2.8,5.24,100,100
2026-04-20T01:00,12.5,10.9,0.0,0.0,3.1,5.03,100,100
2026-04-20T02:00,12.7,10.5,0.0,0.0,3.0,5.18,100,100
2026-04-20T03:00,11.9,10.3,0.0,0.0,1.6,5.53,100,100
2026-04-20T04:00,12.1,9.6,2.0,2.0,1.8,5.69,100,100
2026-04-20T05:00,12.3,10.1,14.0,43.0,1.9,5.52,100,100
2026-04-20T06:00,12.1,10.9,30.0,83.0,5.6,5.5,100,100
2026-04-20T07:00,10.9,12.3,56.0,200.0,9.4,5.35,100,99
2026-04-20T08:00,10.5,13.1,232.0,292.0,10.1,5.1,100,99
2026-04-20T09:00,11.4,14.4,93.0,464.0,9.2,4.84,100,99
2026-04-20T10:00,12.0,13.6,147.0,277.0,11.3,4.36,100,100
2026-04-20T11:00,13.0,13.4,513.0,266.0,11.3,4.04,100,100
2026-04-20T12:00,10.0,13.4,273.0,442.0,10.6,4.2,100,100
2026-04-20T13:00,10.8,12.5,164.0,314.0,10.1,4.02,100,98
2026-04-20T14:00,10.4,11.5,100.0,331.0,8.9,3.95,100,99
2026-04-20T15:00,11.4,10.6,381.0,267.0,10.4,3.84,100,100
2026-04-20T16:00,10.4,9.6,214.0,117.0,10.0,3.91,100,100
2026-04-20T17:00,9.3,8.6,85.0,58.0,9.6,4.06,100,100
2026-04-20T18:00,8.9,8.7,7.0,7.0,8.8,4.16,100,100
2026-04-20T19:00,8.0,8.7,0.0,0.0,9.3,4.34,100,100
2026-04-20T20:00,7.4,8.4,0.0,0.0,9.4,4.54,67,100
2026-04-20T21:00,7.6,7.9,0.0,0.0,7.7,4.6,100,68
2026-04-20T22:00,7.5,7.2,0.0,0.0,7.9,4.62,94,98
2026-04-20T23:00,7.1,7.0,0.0,0.0,9.1,4.71,46,100
2026-04-21T00:00,6.1,6.2,0.0,0.0,9.3,4.88,23,99
2026-04-21T01:00,6.0,6.1,0.0,0.0,9.8,4.94,84,100
2026-04-21T02:00,5.9,5.9,0.0,0.0,10.3,4.96,96,95
2026-04-21T03:00,5.6,5.5,0.0,0.0,9.9,5.07,43,93
2026-04-21T04:00,5.4,5.4,5.0,3.0,9.6,5.09,70,100
2026-04-21T05:00,5.9,6.1,89.0,38.0,9.2,5.08,80,100
2026-04-21T06:00,6.7,6.9,166.0,150.0,9.4,5.11,71,97
2026-04-21T07:00,7.9,7.7,297.0,167.0,9.2,5.05,98,88
2026-04-21T08:00,9.0,9.9,347.0,420.0,9.2,6.12,94,96
2026-04-21T09:00,8.7,10.1,315.0,331.0,9.6,5.81,85,100
2026-04-21T10:00,10.3,10.6,577.0,338.0,8.5,5.35,97,100
2026-04-21T11:00,11.2,10.9,525.0,345.0,6.8,4.93,97,100
2026-04-21T12:00,12.6,12.8,627.0,614.0,8.0,4.53,71,63
2026-04-21T13:00,12.8,13.0,622.0,560.0,8.1,4.67,65,67
2026-04-21T14:00,12.8,12.5,538.0,501.0,8.0,4.38,45,90
2026-04-21T15:00,12.8,11.7,446.0,372.0,8.3,4.39,29,53
2026-04-21T16:00,11.7,11.6,263.0,261.0,9.3,5.74,1,37
2026-04-21T17:00,10.6,10.7,124.0,98.0,8.9,5.28,0,77
2026-04-21T18:00,9.7,9.1,12.0,9.0,7.4,5.23,0,56
2026-04-21T19:00,8.6,8.8,0.0,0.0,7.6,5.07,0,70
2026-04-21T20:00,7.7,8.6,0.0,0.0,7.6,5.3,0,90
2026-04-21T21:00,7.2,7.8,0.0,0.0,7.0,4.74,6,19
2026-04-21T22:00,7.2,5.6,0.0,0.0,7.5,3.98,0,13
2026-04-21T23:00,6.5,4.7,0.0,0.0,7.3,3.66,11,34
2026-04-22T00:00,5.9,4.1,0.0,0.0,6.0,3.41,1,86
2026-04-22T01:00,5.3,4.2,0.0,0.0,7.3,3.35,40,92
2026-04-22T02:00,5.3,5.0,0.0,0.0,6.8,3.32,2,55
2026-04-22T03:00,5.2,3.6,0.0,0.0,7.2,3.21,0,90
2026-04-22T04:00,5.0,3.8,7.0,5.0,8.7,3.12,0,69
2026-04-22T05:00,6.3,4.8,108.0,75.0,7.4,2.96,10,52
2026-04-22T06:00,7.9,7.2,274.0,201.0,6.2,2.5,0,12
2026-04-22T07:00,10.0,10.2,450.0,437.0,6.0,1.87,0,2
2026-04-22T08:00,11.6,11.5,578.0,569.0,7.2,1.88,51,37
2026-04-22T09:00,12.6,12.6,700.0,680.0,7.3,1.96,49,87
2026-04-22T10:00,13.4,12.6,754.0,501.0,7.5,1.77,28,81
2026-04-22T11:00,14.3,13.1,815.0,589.0,6.9,2.17,41,70
2026-04-22T12:00,14.8,13.7,764.0,599.0,6.9,2.56,36,50
2026-04-22T13:00,14.8,13.6,651.0,551.0,7.6,2.75,95,45
2026-04-22T14:00,14.6,12.9,485.0,451.0,6.9,2.75,8,41
2026-04-22T15:00,14.5,12.5,427.0,329.0,6.6,2.59,13,65
2026-04-22T16:00,13.7,12.1,276.0,206.0,7.2,2.34,5,66
2026-04-22T17:00,12.6,11.5,121.0,96.0,6.1,1.96,0,17
2026-04-22T18:00,11.6,9.8,12.0,10.0,4.9,1.89,0,1
2026-04-22T19:00,10.3,8.1,0.0,0.0,4.9,1.99,0,1
2026-04-22T20:00,9.3,6.7,0.0,0.0,5.0,2.52,0,0
2026-04-22T21:00,8.1,5.5,0.0,0.0,3.7,2.99,0,0
2026-04-22T22:00,6.9,4.5,0.0,0.0,3.3,3.64,0,1
2026-04-22T23:00,5.9,4.2,0.0,0.0,1.4,3.61,3,99
2026-04-23T00:00,5.9,3.5,0.0,0.0,0.6,3.75,88,100
2026-04-23T01:00,5.7,2.6,0.0,0.0,0.9,3.87,94,99
2026-04-23T02:00,6.1,2.8,0.0,0.0,2.0,3.57,100,100
2026-04-23T03:00,5.8,3.0,0.0,0.0,3.0,2.86,87,100
2026-04-23T04:00,5.5,3.2,5.0,5.0,2.3,2.14,100,100
2026-04-23T05:00,7.0,5.0,47.0,58.0,1.7,2.39,100,100
2026-04-23T06:00,8.7,7.0,139.0,131.0,1.2,3.1,100,74
2026-04-23T07:00,10.5,10.9,268.0,403.0,1.3,2.57,100,36
2026-04-23T08:00,13.5,13.5,472.0,561.0,3.8,4.36,67,52
2026-04-23T09:00,15.6,15.4,680.0,682.0,5.2,5.43,36,7
2026-04-23T10:00,16.9,15.8,792.0,777.0,9.2,6.01,3,0
2026-04-23T11:00,17.0,16.8,812.0,811.0,9.7,6.45,63,38
2026-04-23T12:00,16.2,16.0,745.0,442.0,10.3,6.02,88,71
2026-04-23T13:00,15.5,15.8,530.0,423.0,9.2,5.43,56,90
2026-04-23T14:00,14.7,15.3,305.0,378.0,7.8,4.55,35,27
2026-04-23T15:00,15.3,15.3,355.0,401.0,8.1,4.58,97,55
2026-04-23T16:00,14.9,14.8,215.0,229.0,7.4,3.48,0,94
2026-04-23T17:00,14.0,14.0,120.0,93.0,8.2,2.69,0,86
2026-04-23T18:00,12.7,12.9,13.0,11.0,6.7,2.18,97,5
2026-04-23T19:00,11.9,12.0,0.0,0.0,7.0,2.23,75,3
2026-04-23T20:00,11.6,11.4,0.0,0.0,8.6,1.9,91,1
2026-04-23T21:00,11.1,10.8,0.0,0.0,10.4,1.42,100,29
2026-04-23T22:00,11.1,10.0,0.0,0.0,8.8,1.17,100,72
2026-04-23T23:00,11.0,7.9,0.0,0.0,8.8,1.52,100,91
2026-04-24T00:00,10.2,8.1,0.0,0.0,6.6,1.5,100,99
2026-04-24T01:00,9.1,6.7,0.0,0.0,5.0,1.48,0,98
2026-04-24T02:00,8.2,6.3,0.0,0.0,6.7,1.19,0,100
2026-04-24T03:00,8.0,6.3,0.0,0.0,4.6,0.75,10,100
2026-04-24T04:00,8.2,6.6,3.0,5.0,3.6,0.18,100,74
2026-04-24T05:00,9.4,8.1,71.0,92.0,3.1,0.25,1,61
2026-04-24T06:00,9.9,11.1,78.0,179.0,3.1,0.92,100,97
2026-04-24T07:00,10.4,13.2,99.0,323.0,2.1,1.21,100,41
2026-04-24T08:00,10.6,14.6,106.0,539.0,2.1,1.86,100,99
2026-04-24T09:00,10.8,14.6,72.0,403.0,1.8,2.34,100,100
2026-04-24T10:00,12.6,14.8,138.0,295.0,3.7,2.71,100,100
2026-04-24T11:00,13.1,15.8,173.0,385.0,7.5,3.13,100,100
2026-04-24T12:00,15.2,16.3,306.0,434.0,6.4,2.82,96,95
2026-04-24T13:00,16.6,16.7,653.0,427.0,4.9,2.56,100,99
2026-04-24T14:00,16.6,16.4,448.0,283.0,4.8,1.91,100,100
2026-04-24T15:00,15.7,15.5,150.0,209.0,5.1,2.56,100,100
2026-04-24T16:00,15.6,15.4,155.0,129.0,4.8,2.34,98,100
2026-04-24T17:00,14.8,15.2,107.0,44.0,3.8,1.51,9,100
2026-04-24T18:00,14.0,15.1,10.0,5.0,5.2,2.1,100,100
2026-04-24T19:00,13.0,14.1,0.0,0.0,3.9,2.95,58,100
2026-04-24T20:00,12.2,12.7,0.0,0.0,4.6,1.87,100,100
2026-04-24T21:00,12.3,12.4,0.0,0.0,1.6,2.02,100,100
2026-04-24T22:00,11.6,11.9,0.0,0.0,2.6,2.87,100,100
2026-04-24T23:00,11.1,11.3,0.0,0.0,4.2,2.41,100,100
2026-04-25T00:00,10.0,8.3,0.0,0.0,5.8,2.06,98,61
2026-04-25T01:00,10.4,7.7,0.0,0.0,3.8,1.15,100,78
2026-04-25T02:00,10.7,7.2,0.0,0.0,2.6,0.43,100,64
2026-04-25T03:00,9.4,6.4,0.0,0.0,3.4,2.22,100,39
2026-04-25T04:00,9.3,6.6,2.0,6.0,2.5,3.95,100,41
2026-04-25T05:00,9.8,8.1,14.0,96.0,2.3,5.37,100,45
2026-04-25T06:00,11.4,9.9,134.0,269.0,3.3,6.17,100,16
2026-04-25T07:00,12.4,12.7,240.0,443.0,3.6,6.09,80,3
2026-04-25T08:00,14.4,14.4,551.0,595.0,1.6,5.63,82,9
2026-04-25T09:00,16.4,15.5,707.0,694.0,1.2,4.63,96,84
2026-04-25T10:00,17.8,16.9,769.0,740.0,0.7,3.63,85,95
2026-04-25T11:00,19.1,18.1,810.0,727.0,0.5,2.27,94,100
2026-04-25T12:00,21.9,18.2,802.0,696.0,3.4,1.1,35,97
2026-04-25T13:00,22.7,19.6,721.0,703.0,2.7,2.42,100,47
2026-04-25T14:00,23.0,19.9,576.0,606.0,2.5,4.34,95,72
2026-04-25T15:00,23.1,19.4,446.0,403.0,2.4,6.95,67,66
2026-04-25T16:00,22.5,19.3,284.0,265.0,4.0,9.43,41,100
2026-04-25T17:00,21.5,18.1,125.0,108.0,4.7,11.18,53,100
2026-04-25T18:00,19.1,16.1,15.0,13.0,4.6,12.2,40,1
2026-04-25T19:00,17.1,14.1,0.0,0.0,5.0,12.84,59,13
2026-04-25T20:00,16.0,13.2,0.0,0.0,2.7,12.5,1,27
2026-04-25T21:00,14.9,11.5,0.0,0.0,2.7,11.99,0,0
2026-04-25T22:00,14.1,10.0,0.0,0.0,3.0,9.64,0,2
2026-04-25T23:00,13.2,9.1,0.0,0.0,2.1,7.42,0,15
2026-04-26T00:00,11.7,9.0,0.0,0.0,1.0,5.46,0,0
2026-04-26T01:00,10.3,8.4,0.0,0.0,0.7,3.67,0,0
2026-04-26T02:00,10.5,8.0,0.0,0.0,2.0,3.56,0,1
2026-04-26T03:00,9.1,7.4,0.0,0.0,1.6,4.36,4,0
2026-04-26T04:00,8.9,7.1,12.0,10.0,4.7,7.03,1,61
2026-04-26T05:00,12.3,10.6,122.0,71.0,10.3,10.66,0,41
2026-04-26T06:00,8.8,9.9,102.0,204.0,11.5,13.06,0,33
2026-04-26T07:00,10.0,9.8,466.0,377.0,9.2,13.19,87,45
2026-04-26T08:00,10.4,10.8,400.0,535.0,8.7,12.08,0,6
2026-04-26T09:00,12.3,11.8,704.0,696.0,7.9,11.14,80,39
2026-04-26T10:00,12.9,11.9,702.0,712.0,8.2,10.77,55,27
2026-04-26T11:00,13.3,12.5,785.0,800.0,9.2,10.53,30,38
2026-04-26T12:00,13.4,12.9,731.0,639.0,8.5,10.22,53,58
2026-04-26T13:00,13.5,12.9,699.0,628.0,8.0,9.9,7,55
2026-04-26T14:00,13.5,12.4,633.0,487.0,8.2,9.64,2,81
2026-04-26T15:00,13.4,11.7,485.0,287.0,8.6,9.25,0,91
2026-04-26T16:00,12.8,11.5,314.0,191.0,8.6,8.63,0,69
2026-04-26T17:00,11.8,10.9,142.0,103.0,7.6,7.93,0,2
2026-04-26T18:00,10.9,10.0,18.0,14.0,6.4,7.12,0,5
2026-04-26T19:00,10.0,9.2,0.0,0.0,4.5,6.1,0,7
2026-04-26T20:00,9.0,8.2,0.0,0.0,4.8,5.04,0,12
2026-04-26T21:00,7.7,6.1,0.0,0.0,4.2,4.27,44,47
2026-04-26T22:00,7.1,5.1,0.0,0.0,3.9,3.93,2,4
2026-04-26T23:00,6.5,4.7,0.0,0.0,4.2,3.86,97,24
2026-04-27T00:00,5.3,2.9,0.0,0.0,1.5,3.62,83,73
2026-04-27T01:00,5.5,2.2,0.0,0.0,1.6,3.1,11,47
2026-04-27T02:00,5.1,1.5,0.0,0.0,1.5,2.6,0,30
2026-04-27T03:00,3.8,0.6,0.0,0.0,0.6,2.15,12,32
2026-04-27T04:00,3.4,0.7,14.0,11.0,0.4,1.58,0,74
2026-04-27T05:00,5.1,3.0,128.0,114.0,0.3,0.86,50,69
2026-04-27T06:00,7.5,6.4,302.0,261.0,1.5,0.14,89,86
2026-04-27T07:00,9.6,8.3,475.0,453.0,2.8,1.36,72,67
2026-04-27T08:00,11.4,10.0,627.0,613.0,3.6,2.88,100,54
2026-04-27T09:00,13.3,11.4,760.0,736.0,3.6,3.45,75,51
2026-04-27T10:00,14.7,12.5,845.0,814.0,1.2,2.02,37,57
2026-04-27T11:00,16.5,13.9,861.0,745.0,2.4,0.92,93,39
2026-04-27T12:00,16.8,17.0,695.0,749.0,3.0,1.77,0,100
2026-04-27T13:00,17.3,16.1,776.0,592.0,2.6,1.26,0,100
2026-04-27T14:00,17.7,14.9,648.0,395.0,2.8,4.57,0,63
2026-04-27T15:00,17.9,15.4,489.0,419.0,4.6,6.09,1,35
2026-04-27T16:00,16.8,15.7,315.0,255.0,6.3,3.4,0,81
2026-04-27T17:00,15.5,14.6,143.0,106.0,6.2,1.88,0,76
2026-04-27T18:00,13.7,11.9,20.0,15.0,6.2,5.03,0,35
2026-04-27T19:00,12.0,11.2,0.0,0.0,5.5,5.5,4,23
2026-04-27T20:00,10.9,9.3,0.0,0.0,6.7,4.66,0,3
2026-04-27T21:00,10.2,7.9,0.0,0.0,6.2,3.94,2,24
2026-04-27T22:00,9.8,7.3,0.0,0.0,5.8,3.76,93,75
2026-04-27T23:00,9.1,5.6,0.0,0.0,6.1,3.77,75,89
2026-04-28T00:00,7.6,5.5,0.0,0.0,7.4,3.81,4,72
2026-04-28T01:00,7.0,4.9,0.0,0.0,7.5,3.9,0,39
2026-04-28T02:00,6.7,4.4,0.0,0.0,6.5,4.1,34,71
2026-04-28T03:00,6.2,4.1,0.0,0.0,6.1,4.1,100,98
2026-04-28T04:00,6.3,4.4,8.0,10.0,6.5,4.01,100,99
2026-04-28T05:00,8.1,6.4,100.0,103.0,5.8,3.72,99,72
2026-04-28T06:00,10.3,9.0,263.0,261.0,5.3,3.51,53,88
2026-04-28T07:00,11.9,11.5,377.0,433.0,4.7,3.3,83,98
2026-04-28T08:00,13.6,12.9,507.0,585.0,5.3,3.18,56,94
2026-04-28T09:00,14.9,13.9,721.0,687.0,6.3,3.2,66,48
2026-04-28T10:00,15.3,14.9,702.0,811.0,6.2,3.35,80,98
2026-04-28T11:00,15.5,15.4,652.0,711.0,5.9,3.69,91,84
2026-04-28T12:00,15.5,15.1,776.0,456.0,7.0,4.1,26,100
2026-04-28T13:00,15.5,15.0,734.0,348.0,8.0,4.62,1,100
2026-04-28T14:00,15.1,14.9,638.0,308.0,8.1,5.42,3,100
2026-04-28T15:00,14.3,14.0,344.0,210.0,7.2,6.1,100,99
2026-04-28T16:00,13.6,13.2,198.0,162.0,7.6,6.38,100,100
2026-04-28T17:00,12.9,12.5,124.0,65.0,7.3,6.55,58,100
2026-04-28T18:00,11.7,11.2,21.0,15.0,7.3,6.64,100,21
2026-04-28T19:00,11.2,9.8,0.0,0.0,7.6,6.94,100,2
2026-04-28T20:00,10.7,8.8,0.0,0.0,6.9,7.31,100,28
2026-04-28T21:00,9.7,7.8,0.0,0.0,6.9,7.47,80,57
2026-04-28T22:00,8.4,7.6,0.0,0.0,6.9,7.16,0,95
2026-04-28T23:00,7.4,7.2,0.0,0.0,6.9,6.6,0,92
2026-04-29T00:00,6.7,7.6,0.0,0.0,6.8,6.09,0,100
2026-04-29T01:00,6.1,7.0,0.0,0.0,7.0,5.89,0,91
2026-04-29T02:00,5.6,6.0,0.0,0.0,7.6,5.81,0,88
2026-04-29T03:00,5.2,5.1,0.0,0.0,7.7,5.9,0,45
2026-04-29T04:00,5.0,4.1,18.0,13.0,7.3,5.81,0,0
2026-04-29T05:00,6.0,5.1,141.0,126.0,7.1,5.85,0,0
2026-04-29T06:00,7.3,7.5,317.0,292.0,5.9,6.02,2,4
2026-04-29T07:00,9.1,9.0,489.0,471.0,5.0,6.53,1,0
2026-04-29T08:00,10.3,10.0,632.0,631.0,6.0,7.14,22,9
2026-04-29T09:00,11.3,11.2,768.0,752.0,8.1,7.63,7,81
2026-04-29T10:00,10.9,11.5,738.0,774.0,8.4,7.81,73,53
2026-04-29T11:00,11.6,11.5,786.0,753.0,8.5,7.89,4,73
2026-04-29T12:00,12.2,11.2,828.0,813.0,8.3,7.89,2,2
2026-04-29T13:00,12.6,11.3,791.0,779.0,8.3,7.92,0,1
2026-04-29T14:00,12.4,11.1,674.0,644.0,8.7,7.89,0,4
2026-04-29T15:00,11.6,10.7,515.0,451.0,9.9,7.98,3,11
2026-04-29T16:00,11.0,9.5,327.0,251.0,9.6,8.38,0,24
2026-04-29T17:00,9.9,8.5,157.0,118.0,9.5,9.0,0,2
2026-04-29T18:00,8.8,7.4,22.0,18.0,8.0,9.21,0,4
2026-04-29T19:00,7.7,6.6,0.0,0.0,7.9,8.84,0,0
2026-04-29T20:00,6.8,5.7,0.0,0.0,8.6,8.22,0,0
2026-04-29T21:00,6.0,4.9,0.0,0.0,8.8,7.75,0,0
2026-04-29T22:00,5.4,4.4,0.0,0.0,9.7,7.42,0,0
2026-04-29T23:00,4.9,3.9,0.0,0.0,9.4,7.11,0,0
2026-04-30T00:00,4.3,2.6,0.0,0.0,7.9,6.9,0,0
2026-04-30T01:00,3.9,2.0,0.0,0.0,8.3,7.01,0,0
2026-04-30T02:00,3.6,1.5,0.0,0.0,8.4,7.32,0,0
2026-04-30T03:00,3.2,1.3,0.0,0.0,7.4,7.34,0,0
2026-04-30T04:00,3.2,1.3,20.0,15.0,7.6,6.84,0,7
2026-04-30T05:00,4.3,3.0,145.0,130.0,7.3,6.21,0,6
2026-04-30T06:00,5.7,5.5,317.0,300.0,7.0,5.8,0,0
2026-04-30T07:00,7.9,7.5,492.0,476.0,7.8,6.15,1,44
2026-04-30T08:00,9.2,8.4,647.0,579.0,7.3,6.89,13,73
2026-04-30T09:00,10.5,8.9,769.0,559.0,7.2,7.43,8,84
2026-04-30T10:00,11.7,9.9,854.0,701.0,7.1,7.46,11,63
2026-04-30T11:00,12.8,10.8,884.0,758.0,6.6,7.31,21,55
2026-04-30T12:00,13.3,11.5,810.0,775.0,6.8,7.18,23,65
2026-04-30T13:00,13.7,12.1,748.0,724.0,7.6,7.31,9,66
2026-04-30T14:00,13.7,12.3,644.0,596.0,8.0,7.43,9,78
2026-04-30T15:00,13.5,11.8,515.0,456.0,8.2,7.08,0,1
2026-04-30T16:00,12.8,12.1,331.0,302.0,8.2,5.82,0,60
2026-04-30T17:00,11.9,10.9,157.0,139.0,7.9,4.22,0,0
2026-04-30T18:00,10.7,8.3,26.0,20.0,6.9,3.25,0,1
2026-04-30T19:00,9.3,7.1,0.0,0.0,4.6,3.19,0,16
2026-04-30T20:00,8.2,7.0,0.0,0.0,4.6,3.88,0,31
2026-04-30T21:00,7.1,5.7,0.0,0.0,5.5,4.8,33,3
2026-04-30T22:00,6.2,4.7,0.0,0.0,7.9,5.21,20,7
2026-04-30T23:00,6.1,4.2,0.0,0.0,7.5,5.43,25,8
2026-05-01T00:00,6.6,3.6,0.0,0.0,7.7,5.54,30,0
2026-05-01T01:00,6.3,3.0,0.0,0.0,7.7,5.45,11,1
2026-05-01T02:00,6.1,2.4,0.0,0.0,7.6,5.14,7,3
2026-05-01T03:00,5.1,1.9,0.0,0.0,7.4,4.73,43,58
2026-05-01T04:00,5.3,2.7,15.0,14.0,6.3,4.03,100,97
2026-05-01T05:00,6.5,4.7,50.0,60.0,5.4,3.26,100,100
2026-05-01T06:00,8.6,7.5,240.0,296.0,4.4,2.84,86,41
2026-05-01T07:00,9.8,10.3,324.0,466.0,5.0,3.0,100,28
2026-05-01T08:00,10.3,12.0,264.0,621.0,4.3,3.72,98,4
2026-05-01T09:00,10.0,13.6,156.0,741.0,3.6,4.26,44,35
2026-05-01T10:00,13.4,15.1,699.0,659.0,3.5,4.53,69,100
2026-05-01T11:00,14.9,15.4,675.0,534.0,4.0,4.8,49,97
2026-05-01T12:00,13.5,15.9,268.0,434.0,4.8,5.0,100,100
2026-05-01T13:00,13.8,15.8,260.0,320.0,4.1,5.41,27,91
2026-05-01T14:00,13.9,16.6,351.0,371.0,5.3,5.79,99,91
2026-05-01T15:00,14.7,16.4,375.0,226.0,4.0,5.68,3,96
2026-05-01T16:00,14.8,16.3,293.0,135.0,5.9,4.49,92,50
2026-05-01T17:00,13.6,15.8,70.0,104.0,5.1,2.75,1,79
2026-05-01T18:00,12.3,13.8,22.0,11.0,5.5,1.3,6,63
2026-05-01T19:00,11.3,12.0,0.0,0.0,7.0,0.32,97,86
2026-05-01T20:00,10.3,11.2,0.0,0.0,8.1,0.7,0,39
2026-05-01T21:00,9.8,10.5,0.0,0.0,7.7,0.91,1,9
2026-05-01T22:00,9.5,9.8,0.0,0.0,7.3,0.22,2,19
2026-05-01T23:00,9.2,8.7,0.0,0.0,7.1,1.1,22,9
2026-05-02T00:00,8.8,8.7,0.0,0.0,7.9,2.3,10,51
2026-05-02T01:00,8.4,8.1,0.0,0.0,8.3,3.2,0,100
2026-05-02T02:00,8.0,8.8,0.0,0.0,7.0,3.91,0,100
2026-05-02T03:00,7.7,8.4,0.0,0.0,7.2,4.2,0,81
2026-05-02T04:00,7.8,8.3,22.0,15.0,8.1,3.81,0,73
2026-05-02T05:00,8.4,9.7,140.0,122.0,7.9,3.01,0,48
2026-05-02T06:00,10.7,11.8,303.0,268.0,5.2,2.5,6,7
2026-05-02T07:00,12.9,14.4,435.0,464.0,5.6,2.79,24,2
2026-05-02T08:00,14.8,15.8,629.0,609.0,5.1,3.67,2,2
2026-05-02T09:00,16.2,16.8,758.0,736.0,5.4,4.36,0,3
2026-05-02T10:00,17.9,17.9,835.0,800.0,5.2,4.72,0,26
2026-05-02T11:00,19.2,19.0,864.0,777.0,5.7,4.89,59,68
2026-05-02T12:00,20.3,18.6,830.0,827.0,7.0,5.17,91,27
2026-05-02T13:00,20.3,19.7,733.0,653.0,7.4,5.74,62,87
2026-05-02T14:00,19.9,21.0,513.0,494.0,7.2,6.4,43,57
2026-05-02T15:00,19.9,19.1,472.0,433.0,6.8,6.67,0,41
2026-05-02T16:00,19.0,18.1,317.0,303.0,6.0,6.3,0,21
2026-05-02T17:00,18.2,16.1,152.0,143.0,4.1,5.77,0,12
2026-05-02T18:00,16.7,14.6,27.0,23.0,5.2,5.29,0,1
2026-05-02T19:00,14.8,13.0,0.0,0.0,6.0,4.62,0,2
2026-05-02T20:00,13.2,11.6,0.0,0.0,4.8,3.73,80,2
2026-05-02T21:00,12.4,10.1,0.0,0.0,3.5,3.05,37,0
2026-05-02T22:00,11.9,9.7,0.0,0.0,2.2,2.62,4,0
2026-05-02T23:00,11.9,9.2,0.0,0.0,1.3,2.42,0,0
2026-05-03T00:00,10.9,8.8,0.0,0.0,2.3,2.53,0,0
2026-05-03T01:00,9.6,7.7,0.0,0.0,2.8,2.55,0,0
2026-05-03T02:00,8.3,6.4,0.0,0.0,2.0,2.42,0,0
2026-05-03T03:00,7.9,5.1,0.0,0.0,1.9,2.47,0,0
2026-05-03T04:00,7.5,5.2,23.0,20.0,1.6,2.42,0,0
2026-05-03T05:00,9.9,7.8,144.0,138.0,3.2,2.53,0,0
2026-05-03T06:00,13.0,10.8,311.0,303.0,3.8,2.8,0,0
2026-05-03T07:00,14.6,12.8,481.0,474.0,4.2,3.14,0,0
2026-05-03T08:00,16.1,14.4,636.0,627.0,4.0,3.52,0,0
2026-05-03T09:00,17.8,15.9,758.0,748.0,3.7,3.83,0,0
2026-05-03T10:00,19.4,17.3,831.0,825.0,3.4,4.16,0,0
2026-05-03T11:00,20.8,18.4,858.0,853.0,3.2,4.57,0,0
2026-05-03T12:00,21.9,19.2,833.0,830.0,2.9,4.8,0,0
2026-05-03T13:00,22.5,19.6,757.0,757.0,2.8,4.94,0,0
2026-05-03T14:00,22.9,19.8,637.0,639.0,3.2,4.89,0,0
2026-05-03T15:00,22.7,19.6,488.0,488.0,3.8,4.89,0,0
2026-05-03T16:00,22.3,18.9,320.0,319.0,3.5,4.94,0,0
2026-05-03T17:00,21.5,17.7,157.0,150.0,4.1,4.99,0,0
2026-05-03T18:00,19.7,15.8,30.0,26.0,5.6,4.99,0,0
2026-05-03T19:00,18.0,14.7,0.0,0.0,5.5,4.72,0,0
2026-05-03T20:00,16.8,13.2,0.0,0.0,4.9,4.39,0,0
2026-05-03T21:00,15.6,12.1,0.0,0.0,6.2,4.07,1,0
2026-05-03T22:00,13.5,10.9,0.0,0.0,2.8,3.72,0,0
2026-05-03T23:00,12.0,9.6,0.0,0.0,3.7,3.35,6,0
2026-05-04T00:00,11.3,8.4,0.0,0.0,3.0,3.28,31,48
2026-05-04T01:00,10.8,7.8,0.0,0.0,2.4,3.45,2,98
2026-05-04T02:00,10.5,7.0,0.0,0.0,2.3,3.86,0,5
2026-05-04T03:00,10.1,6.6,0.0,0.0,4.1,4.18,0,1
2026-05-04T04:00,9.7,7.2,26.0,22.0,2.3,4.08,0,7
2026-05-04T05:00,11.5,9.3,151.0,144.0,2.0,3.96,45,1
2026-05-04T06:00,14.9,11.9,318.0,315.0,2.9,4.0,20,5
2026-05-04T07:00,18.1,15.0,488.0,489.0,4.0,4.71,69,13
2026-05-04T08:00,20.7,17.3,633.0,642.0,6.1,5.66,58,28
2026-05-04T09:00,22.5,18.8,768.0,763.0,6.7,6.36,5,59
2026-05-04T10:00,23.9,19.9,850.0,842.0,6.6,6.62,1,17
2026-05-04T11:00,25.1,20.8,882.0,871.0,6.5,6.64,0,0
2026-05-04T12:00,25.8,21.9,852.0,848.0,5.9,6.52,14,0
2026-05-04T13:00,26.5,22.4,769.0,771.0,5.6,6.38,6,0
2026-05-04T14:00,26.8,22.6,657.0,650.0,6.0,6.23,0,0
2026-05-04T15:00,26.9,22.6,511.0,498.0,5.9,6.13,0,5
2026-05-04T16:00,26.5,22.2,337.0,325.0,5.7,6.32,0,27
2026-05-04T17:00,25.5,20.8,168.0,155.0,6.1,6.71,19,26
2026-05-04T18:00,23.5,18.9,32.0,27.0,5.2,6.75,0,0
2026-05-04T19:00,20.9,17.6,0.0,0.0,3.8,6.1,91,1
2026-05-04T20:00,19.1,16.1,0.0,0.0,4.1,5.13,59,2
2026-05-04T21:00,17.3,14.2,0.0,0.0,3.6,4.53,0,16
2026-05-04T22:00,16.4,13.5,0.0,0.0,3.6,4.3,2,27
2026-05-04T23:00,15.3,12.5,0.0,0.0,4.2,4.25,0,18
2026-05-05T00:00,14.4,11.3,0.0,0.0,5.0,4.18,2,2
2026-05-05T01:00,14.1,10.4,0.0,0.0,5.9,4.08,0,0
2026-05-05T02:00,13.8,9.7,0.0,0.0,5.2,4.08,23,0
2026-05-05T03:00,13.6,9.2,0.0,0.0,4.4,4.04,58,0
2026-05-05T04:00,13.2,9.7,26.0,24.0,4.3,3.83,56,5
2026-05-05T05:00,15.4,12.2,147.0,148.0,4.3,3.55,0,1
2026-05-05T06:00,17.8,15.2,319.0,319.0,3.8,3.69,0,2
2026-05-05T07:00,20.1,17.8,490.0,492.0,4.2,4.49,0,6
2026-05-05T08:00,22.6,20.0,645.0,647.0,5.6,5.76,0,15
2026-05-05T09:00,24.4,21.6,759.0,766.0,7.0,6.78,0,31
2026-05-05T10:00,25.7,22.8,835.0,839.0,7.8,7.37,8,23
2026-05-05T11:00,26.6,23.5,864.0,864.0,8.6,7.72,39,13
2026-05-05T12:00,27.3,24.4,841.0,847.0,8.2,7.94,0,70
2026-05-05T13:00,27.9,24.4,766.0,767.0,7.6,8.1,8,91
2026-05-05T14:00,28.1,24.3,648.0,647.0,8.2,8.27,12,23
2026-05-05T15:00,27.9,24.2,494.0,496.0,8.9,8.22,0,16
2026-05-05T16:00,27.4,23.7,325.0,327.0,9.1,8.06,67,82
2026-05-05T17:00,26.4,22.5,157.0,156.0,9.0,7.69,99,23
2026-05-05T18:00,24.9,21.0,28.0,29.0,7.9,7.26,100,79
2026-05-05T19:00,22.9,19.3,0.0,0.0,6.7,6.43,94,39
2026-05-05T20:00,21.7,17.5,0.0,0.0,7.4,5.51,18,45
2026-05-05T21:00,20.6,16.4,0.0,0.0,9.2,4.81,12,81
2026-05-05T22:00,19.5,15.6,0.0,0.0,6.1,4.55,26,100
2026-05-05T23:00,18.8,14.9,0.0,0.0,5.9,4.59,0,80
2026-05-06T00:00,17.4,13.6,0.0,0.0,4.9,4.72,19,100
2026-05-06T01:00,16.0,13.1,0.0,0.0,6.2,4.9,1,95
2026-05-06T02:00,15.3,13.1,0.0,0.0,6.4,5.12,0,97
2026-05-06T03:00,14.9,12.3,0.0,0.0,7.0,5.26,0,90
2026-05-06T04:00,15.1,13.9,25.0,19.0,6.4,5.14,70,100
2026-05-06T05:00,16.2,15.3,86.0,119.0,5.7,5.04,93,1
2026-05-06T06:00,17.3,16.8,237.0,277.0,7.2,5.17,73,39
2026-05-06T07:00,19.0,18.1,399.0,430.0,6.7,5.92,50,11
2026-05-06T08:00,21.0,19.7,589.0,626.0,6.4,6.99,6,7
2026-05-06T09:00,23.3,21.0,742.0,733.0,7.5,7.87,0,4
2026-05-06T10:00,25.0,22.1,828.0,797.0,8.9,8.57,0,63
2026-05-06T11:00,25.8,22.8,771.0,691.0,9.3,9.08,89,51
2026-05-06T12:00,26.6,23.3,769.0,728.0,9.7,9.38,100,99
2026-05-06T13:00,26.9,23.5,639.0,620.0,9.1,9.36,100,100
2026-05-06T14:00,26.6,23.7,453.0,499.0,8.6,9.08,90,98
2026-05-06T15:00,26.6,23.8,401.0,395.0,8.2,8.72,17,78
2026-05-06T16:00,26.3,23.5,315.0,312.0,8.0,8.14,1,59
2026-05-06T17:00,25.5,22.4,165.0,137.0,8.3,7.38,28,44
2026-05-06T18:00,24.7,21.0,28.0,25.0,7.2,6.71,99,96
2026-05-06T19:00,22.8,20.0,0.0,0.0,7.8,6.14,33,99
2026-05-06T20:00,21.5,19.1,0.0,0.0,4.8,5.67,80,99
2026-05-06T21:00,20.6,18.2,0.0,0.0,4.9,5.45,100,100
2026-05-06T22:00,19.9,17.5,0.0,0.0,4.3,5.19,100,98
2026-05-06T23:00,20.4,16.7,0.0,0.0,7.3,5.1,100,100
2026-05-07T00:00,19.4,15.4,0.0,0.0,5.7,5.39,100,100
2026-05-07T01:00,18.4,14.7,0.0,0.0,6.8,4.55,100,100
2026-05-07T02:00,17.6,14.4,0.0,0.0,7.0,2.82,100,100
2026-05-07T03:00,16.4,14.2,0.0,0.0,5.4,4.51,100,100
2026-05-07T04:00,16.0,14.5,5.0,12.0,4.7,4.46,100,100
2026-05-07T05:00,16.2,14.8,48.0,40.0,5.0,3.85,100,100
2026-05-07T06:00,18.3,17.0,167.0,208.0,6.4,1.85,100,100
2026-05-07T07:00,19.2,18.7,274.0,342.0,8.2,3.35,100,100
2026-05-07T08:00,19.3,19.7,306.0,413.0,8.3,5.78,100,100
2026-05-07T09:00,20.1,20.5,339.0,442.0,7.9,5.38,100,100
2026-05-07T10:00,20.1,21.5,204.0,501.0,7.8,6.13,100,100
2026-05-07T11:00,19.5,22.1,153.0,546.0,8.1,7.41,100,100
2026-05-07T12:00,19.5,20.6,84.0,410.0,6.6,6.55,100,99
2026-05-07T13:00,19.2,20.6,90.0,399.0,7.0,5.91,100,100
2026-05-07T14:00,18.9,21.3,109.0,354.0,6.4,6.43,100,97
2026-05-07T15:00,18.1,16.7,234.0,247.0,5.3,7.99,81,100
2026-05-07T16:00,18.8,15.9,272.0,35.0,4.6,4.32,100,100
2026-05-07T17:00,17.4,16.1,72.0,86.0,6.9,4.41,100,100
2026-05-07T18:00,16.2,15.9,14.0,9.0,8.3,3.72,100,100
2026-05-07T19:00,15.7,15.7,0.0,0.0,4.4,3.18,100,100
2026-05-07T20:00,15.4,15.2,0.0,0.0,4.1,2.6,100,100
2026-05-07T21:00,15.3,15.1,0.0,0.0,3.8,3.15,100,100
2026-05-07T22:00,15.3,14.8,0.0,0.0,4.3,3.77,100,100
2026-05-07T23:00,15.4,14.0,0.0,0.0,5.1,2.0,100,98
2026-05-08T00:00,14.9,14.1,0.0,0.0,5.7,3.55,100,99
2026-05-08T01:00,14.6,13.7,0.0,0.0,5.9,4.8,100,71
2026-05-08T02:00,14.3,12.7,0.0,0.0,4.3,3.04,100,91
2026-05-08T03:00,14.6,11.9,0.0,0.0,1.8,2.11,100,31
2026-05-08T04:00,14.5,12.1,10.0,26.0,1.0,1.19,100,99
2026-05-08T05:00,14.8,13.3,43.0,145.0,1.0,0.25,100,58
2026-05-08T06:00,16.1,14.3,212.0,225.0,1.7,1.23,7,100
2026-05-08T07:00,17.6,15.2,466.0,256.0,2.1,1.29,9,100
2026-05-08T08:00,19.0,16.8,564.0,408.0,1.8,0.96,12,77
2026-05-08T09:00,19.9,18.2,685.0,530.0,1.4,0.47,84,70
2026-05-08T10:00,19.2,19.2,435.0,604.0,6.6,1.45,100,75
2026-05-08T11:00,16.7,19.4,116.0,397.0,7.8,2.61,100,57
2026-05-08T12:00,20.8,18.4,387.0,517.0,3.2,3.49,100,2
2026-05-08T13:00,18.6,20.1,274.0,655.0,8.4,1.2,100,30
2026-05-08T14:00,17.2,20.1,155.0,557.0,5.3,3.37,100,58
2026-05-08T15:00,17.6,19.0,168.0,306.0,3.7,3.82,100,66
2026-05-08T16:00,18.3,18.8,220.0,271.0,4.5,3.76,47,32
2026-05-08T17:00,18.0,17.9,159.0,148.0,5.2,3.79,0,25
2026-05-08T18:00,15.4,16.2,35.0,30.0,8.4,4.91,99,95
2026-05-08T19:00,14.7,15.2,0.0,0.0,8.0,6.47,96,100
2026-05-08T20:00,14.4,14.2,0.0,0.0,8.7,6.03,59,100
2026-05-08T21:00,13.6,13.4,0.0,0.0,8.9,6.11,100,96
2026-05-08T22:00,13.3,12.8,0.0,0.0,9.3,6.35,100,97
2026-05-08T23:00,13.0,12.4,0.0,0.0,8.5,7.1,90,100
2026-05-09T00:00,12.8,12.1,0.0,0.0,8.3,7.15,95,98
2026-05-09T01:00,12.4,11.7,0.0,0.0,8.9,7.1,100,100
2026-05-09T02:00,12.1,11.4,0.0,0.0,8.4,6.91,96,100
2026-05-09T03:00,11.9,11.1,0.0,0.0,8.4,6.95,99,100
2026-05-09T04:00,12.1,11.5,28.0,19.0,8.3,7.15,100,100
2026-05-09T05:00,12.7,13.0,122.0,104.0,7.3,7.12,100,100
2026-05-09T06:00,14.0,14.1,269.0,184.0,7.1,6.01,99,100
2026-05-09T07:00,15.4,15.9,445.0,337.0,7.0,6.26,91,100
2026-05-09T08:00,16.2,17.1,483.0,330.0,7.3,5.85,100,100
2026-05-09T09:00,16.0,18.5,430.0,468.0,8.2,5.09,100,100
2026-05-09T10:00,16.8,20.2,503.0,634.0,7.0,4.55,100,100
2026-05-09T11:00,18.2,20.5,689.0,591.0,6.9,4.07,100,100
2026-05-09T12:00,19.3,20.3,761.0,619.0,6.2,5.2,100,100
2026-05-09T13:00,19.6,20.1,708.0,509.0,6.2,5.74,48,98
2026-05-09T14:00,19.4,19.5,604.0,420.0,7.0,6.2,69,85
2026-05-09T15:00,18.4,18.9,428.0,385.0,7.1,6.56,94,30
2026-05-09T16:00,17.5,17.9,281.0,284.0,7.1,6.72,100,7
2026-05-09T17:00,16.5,16.8,154.0,165.0,7.3,6.9,0,15
2026-05-09T18:00,15.7,15.3,39.0,34.0,7.2,7.18,0,21
2026-05-09T19:00,14.3,14.3,0.0,0.0,6.8,7.41,0,95
2026-05-09T20:00,13.4,13.4,0.0,0.0,7.5,6.67,35,23
2026-05-09T21:00,13.0,12.7,0.0,0.0,7.3,5.68,100,43
2026-05-09T22:00,12.6,12.2,0.0,0.0,7.3,5.35,100,95
2026-05-09T23:00,12.2,11.8,0.0,0.0,7.4,5.92,100,63
2026-05-10T00:00,11.7,10.5,0.0,0.0,6.8,5.71,100,19
2026-05-10T01:00,11.3,9.9,0.0,0.0,7.5,5.86,100,9
2026-05-10T02:00,10.9,9.4,0.0,0.0,7.5,5.85,0,27
2026-05-10T03:00,10.6,9.0,0.0,0.0,7.9,5.8,10,23
2026-05-10T04:00,10.5,9.5,35.0,30.0,7.4,5.8,8,30
2026-05-10T05:00,11.5,11.0,165.0,148.0,6.5,5.0,0,27
2026-05-10T06:00,13.1,12.5,329.0,302.0,6.8,4.0,2,23
2026-05-10T07:00,14.7,14.4,502.0,470.0,6.4,4.12,0,24
2026-05-10T08:00,16.4,16.1,664.0,624.0,5.5,3.18,0,12
2026-05-10T09:00,17.9,17.8,794.0,755.0,3.6,2.38,0,41
2026-05-10T10:00,19.4,18.1,875.0,612.0,3.0,2.44,0,41
2026-05-10T11:00,20.7,18.5,909.0,554.0,3.9,1.55,0,68
2026-05-10T12:00,21.5,19.1,883.0,536.0,4.3,0.27,0,96
2026-05-10T13:00,22.2,19.7,805.0,564.0,3.6,1.02,0,15
2026-05-10T14:00,22.5,20.3,675.0,606.0,3.3,1.96,0,20
2026-05-10T15:00,22.6,20.2,516.0,437.0,3.0,2.12,0,16
2026-05-10T16:00,22.1,20.0,347.0,319.0,3.6,1.84,0,24
2026-05-10T17:00,20.7,18.7,180.0,163.0,4.7,4.43,0,9
2026-05-10T18:00,19.1,16.1,43.0,36.0,4.3,4.8,0,0
2026-05-10T19:00,17.4,14.6,0.0,0.0,5.1,2.4,0,2
2026-05-10T20:00,16.3,13.9,0.0,0.0,3.6,0.81,0,77
2026-05-10T21:00,15.5,13.0,0.0,0.0,2.9,0.62,0,85
2026-05-10T22:00,14.5,12.3,0.0,0.0,3.3,0.85,12,100
2026-05-10T23:00,13.7,11.4,0.0,0.0,2.0,0.69,90,100
2026-05-11T00:00,13.3,10.7,0.0,0.0,1.9,1.05,98,100
2026-05-11T01:00,12.7,9.9,0.0,0.0,3.2,1.01,99,100
2026-05-11T02:00,12.4,9.2,0.0,0.0,3.2,1.3,100,100
2026-05-11T03:00,11.9,8.5,0.0,0.0,3.1,1.5,100,100
2026-05-11T04:00,12.4,9.5,35.0,32.0,3.6,2.11,7,98
2026-05-11T05:00,13.9,12.4,143.0,158.0,5.8,1.51,100,99
2026-05-11T06:00,15.6,15.5,205.0,307.0,2.7,2.21,100,92
2026-05-11T07:00,14.4,17.3,73.0,428.0,3.2,2.98,100,90
2026-05-11T08:00,16.8,18.6,371.0,509.0,4.7,3.47,66,54
2026-05-11T09:00,16.1,20.3,144.0,628.0,5.1,4.07,100,85
2026-05-11T10:00,15.8,21.2,103.0,589.0,2.2,5.34,100,98
2026-05-11T11:00,17.4,19.9,366.0,672.0,3.1,7.38,100,100
2026-05-11T12:00,18.2,17.9,201.0,499.0,0.6,7.47,100,100
2026-05-11T13:00,18.9,17.3,178.0,281.0,1.0,3.94,100,100
2026-05-11T14:00,16.3,17.3,56.0,291.0,3.7,3.24,100,98
2026-05-11T15:00,16.9,17.9,236.0,360.0,1.9,4.49,1,80
2026-05-11T16:00,17.5,16.7,329.0,169.0,4.8,5.69,0,100
2026-05-11T17:00,17.5,15.6,142.0,39.0,2.9,4.41,100,100
2026-05-11T18:00,16.7,15.1,10.0,21.0,8.2,3.78,100,100
2026-05-11T19:00,15.7,14.4,0.0,0.0,6.2,4.08,100,100
2026-05-11T20:00,13.3,14.3,0.0,0.0,5.4,2.29,100,100
2026-05-11T21:00,13.9,13.7,0.0,0.0,4.4,3.43,99,100
2026-05-11T22:00,14.0,13.8,0.0,0.0,3.7,5.43,100,100
2026-05-11T23:00,13.7,13.7,0.0,0.0,2.9,5.82,100,100
2026-05-12T00:00,14.1,13.3,0.0,0.0,6.1,7.27,100,100
2026-05-12T01:00,14.4,13.0,0.0,0.0,7.6,7.58,100,100
2026-05-12T02:00,14.0,12.8,0.0,0.0,7.3,7.12,100,100
2026-05-12T03:00,13.8,12.8,0.0,0.0,5.8,6.17,100,100
2026-05-12T04:00,13.7,13.0,7.0,9.0,6.7,6.63,100,100
2026-05-12T05:00,13.8,13.1,12.0,29.0,7.3,6.63,100,100
2026-05-12T06:00,13.8,13.5,43.0,100.0,6.7,6.67,100,100
2026-05-12T07:00,14.1,14.2,119.0,195.0,5.9,6.7,100,100
2026-05-12T08:00,15.2,14.6,158.0,210.0,5.0,5.33,100,100
2026-05-12T09:00,16.3,11.8,265.0,263.0,3.2,9.73,100,100
2026-05-12T10:00,12.2,10.9,41.0,160.0,8.0,10.73,100,100
2026-05-12T11:00,11.7,10.2,45.0,156.0,7.0,10.57,100,100
2026-05-12T12:00,11.0,11.1,26.0,256.0,7.8,9.72,100,100
2026-05-12T13:00,13.0,11.3,315.0,269.0,8.3,9.16,31,100
2026-05-12T14:00,12.9,11.6,350.0,298.0,8.9,8.0,16,95
2026-05-12T15:00,12.5,12.2,457.0,274.0,8.8,7.45,46,100
2026-05-12T16:00,12.5,12.1,333.0,243.0,8.9,7.76,90,52
2026-05-12T17:00,11.5,11.4,157.0,158.0,9.4,7.99,98,19
2026-05-12T18:00,10.6,12.0,36.0,20.0,8.9,8.12,91,98
2026-05-12T19:00,10.3,11.2,0.0,0.0,10.1,8.33,98,99
2026-05-12T20:00,10.0,10.7,0.0,0.0,9.2,8.6,100,100
2026-05-12T21:00,10.1,10.6,0.0,0.0,7.8,8.78,100,100
2026-05-12T22:00,9.9,10.7,0.0,0.0,5.0,8.63,100,95
2026-05-12T23:00,9.6,10.6,0.0,0.0,5.1,8.35,100,100
2026-05-13T00:00,7.6,10.3,0.0,0.0,7.2,5.38,100,100
2026-05-13T01:00,7.1,10.0,0.0,0.0,6.0,6.1,100,100
2026-05-13T02:00,6.7,9.5,0.0,0.0,5.2,6.24,100,100
2026-05-13T03:00,7.5,9.2,0.0,0.0,2.0,6.72,100,99
2026-05-13T04:00,7.8,9.0,7.0,18.0,1.4,6.48,100,99
2026-05-13T05:00,8.4,9.1,91.0,86.0,1.5,4.98,99,94
2026-05-13T06:00,9.4,9.4,203.0,125.0,2.5,3.77,20,17
2026-05-13T07:00,10.5,11.2,504.0,472.0,2.2,3.09,0,26
2026-05-13T08:00,12.3,12.3,673.0,571.0,1.5,1.45,0,33
2026-05-13T09:00,13.2,12.8,777.0,681.0,2.3,3.99,4,34
2026-05-13T10:00,14.5,12.8,820.0,653.0,2.9,4.33,44,37
2026-05-13T11:00,15.5,14.2,778.0,783.0,3.1,3.76,86,24
2026-05-13T12:00,15.7,14.4,651.0,627.0,2.9,2.67,94,72
2026-05-13T13:00,15.9,15.5,493.0,510.0,2.9,2.86,88,98
2026-05-13T14:00,16.6,15.8,491.0,430.0,3.3,4.57,85,97
2026-05-13T15:00,17.1,14.8,382.0,263.0,3.4,5.94,96,100
2026-05-13T16:00,16.7,14.2,173.0,187.0,3.7,5.68,100,24
2026-05-13T17:00,16.0,13.6,55.0,150.0,4.6,5.63,100,16
2026-05-13T18:00,15.5,11.6,22.0,39.0,4.6,7.39,84,58
2026-05-13T19:00,13.9,10.5,0.0,0.0,3.3,6.87,63,2
2026-05-13T20:00,12.5,8.7,0.0,0.0,4.5,3.98,56,0
2026-05-13T21:00,10.7,7.8,0.0,0.0,2.4,0.97,0,0
2026-05-13T22:00,9.7,7.0,0.0,0.0,1.7,0.89,8,0
2026-05-13T23:00,8.8,6.6,0.0,0.0,1.1,1.13,0,0
2026-05-14T00:00,8.1,6.4,0.0,0.0,2.0,1.25,0,0
2026-05-14T01:00,6.8,5.7,0.0,0.0,1.4,1.67,0,0
2026-05-14T02:00,6.3,5.2,0.0,0.0,0.5,0.85,0,0
2026-05-14T03:00,6.4,4.7,0.0,0.0,1.1,1.51,0,0
2026-05-14T04:00,6.4,5.6,46.0,40.0,1.9,2.71,0,0
2026-05-14T05:00,8.7,7.2,185.0,173.0,2.3,1.77,0,0
2026-05-14T06:00,11.5,9.8,355.0,355.0,2.3,1.2,0,0
2026-05-14T07:00,14.0,12.3,526.0,525.0,3.7,2.41,0,18
2026-05-14T08:00,16.1,14.2,679.0,675.0,4.7,3.38,0,16
2026-05-14T09:00,18.2,15.5,798.0,790.0,5.1,4.5,0,9
2026-05-14T10:00,19.4,16.3,881.0,819.0,5.1,4.76,0,0
2026-05-14T11:00,20.3,16.9,906.0,873.0,4.6,5.1,19,1
2026-05-14T12:00,20.6,17.4,840.0,631.0,4.2,4.61,42,51
2026-05-14T13:00,20.9,17.8,704.0,564.0,4.3,4.56,54,59
2026-05-14T14:00,21.0,17.8,594.0,582.0,3.7,4.83,75,87
2026-05-14T15:00,20.6,17.4,469.0,449.0,4.5,4.73,65,77
2026-05-14T16:00,19.9,16.8,263.0,296.0,6.4,4.93,69,55
2026-05-14T17:00,18.7,15.7,164.0,156.0,5.9,4.4,98,95
2026-05-14T18:00,17.1,13.4,40.0,44.0,6.8,3.3,96,75
2026-05-14T19:00,16.0,12.5,0.0,1.0,7.6,2.24,69,53
2026-05-14T20:00,15.0,11.7,0.0,0.0,5.5,2.6,68,64
2026-05-14T21:00,14.0,10.5,0.0,0.0,4.6,3.05,100,76
2026-05-14T22:00,13.3,9.4,0.0,0.0,4.5,2.8,96,74
2026-05-14T23:00,12.7,8.6,0.0,0.0,6.7,2.11,100,92
2026-05-15T00:00,11.7,7.9,0.0,0.0,3.8,2.1,100,71
2026-05-15T01:00,11.3,7.2,0.0,0.0,2.7,1.85,100,88
2026-05-15T02:00,11.0,7.2,0.0,0.0,1.5,1.31,100,95
2026-05-15T03:00,10.3,7.3,0.0,0.0,1.4,1.3,100,95
2026-05-15T04:00,10.6,7.9,37.0,29.0,0.9,1.25,100,94
2026-05-15T05:00,12.1,9.5,64.0,124.0,2.3,2.24,100,90
2026-05-15T06:00,13.6,11.3,154.0,229.0,2.9,1.8,100,91
2026-05-15T07:00,16.3,13.0,307.0,398.0,7.9,2.45,100,96
2026-05-15T08:00,16.4,14.6,152.0,569.0,7.8,3.09,100,55
2026-05-15T09:00,18.2,16.2,374.0,651.0,6.8,3.46,15,84
2026-05-15T10:00,20.3,17.9,781.0,807.0,6.0,4.35,99,88
2026-05-15T11:00,20.4,15.4,589.0,733.0,7.1,7.5,89,85
2026-05-15T12:00,20.5,17.3,670.0,819.0,10.2,4.66,100,81
2026-05-15T13:00,21.3,17.9,610.0,716.0,10.2,5.82,100,85
2026-05-15T14:00,20.9,17.6,455.0,499.0,10.0,6.07,100,93
2026-05-15T15:00,18.6,16.6,292.0,345.0,6.4,5.33,100,93
2026-05-15T16:00,18.4,15.6,163.0,209.0,6.3,5.2,100,92
2026-05-15T17:00,17.7,14.7,46.0,151.0,4.5,2.59,100,95
2026-05-15T18:00,16.3,14.4,21.0,38.0,2.0,2.98,100,95
2026-05-15T19:00,15.9,12.9,0.0,0.0,3.1,2.8,100,96
2026-05-15T20:00,14.1,12.3,0.0,0.0,3.5,2.59,100,100
2026-05-15T21:00,13.2,12.4,0.0,0.0,4.6,1.88,100,100
2026-05-15T22:00,13.3,12.3,0.0,0.0,5.1,1.37,100,100
2026-05-15T23:00,13.1,11.5,0.0,0.0,4.2,0.1,100,98
2026-05-16T00:00,13.0,11.2,0.0,0.0,2.5,1.05,100,99
2026-05-16T01:00,13.0,11.3,0.0,0.0,6.4,1.41,100,98
2026-05-16T02:00,12.6,11.2,0.0,0.0,4.7,1.7,100,99
2026-05-16T03:00,12.2,11.1,0.0,0.0,3.3,2.03,100,100
2026-05-16T04:00,12.2,11.1,2.0,15.0,5.8,1.98,100,100
2026-05-16T05:00,12.9,11.5,6.0,71.0,5.5,2.61,100,100
2026-05-16T06:00,13.7,11.8,43.0,84.0,5.9,2.99,100,100
2026-05-16T07:00,14.0,11.9,102.0,77.0,5.9,2.57,100,100
2026-05-16T08:00,14.9,12.8,245.0,222.0,6.2,2.69,100,100
2026-05-16T09:00,14.3,13.0,122.0,198.0,7.5,3.27,100,99
2026-05-16T10:00,14.6,14.6,89.0,343.0,5.7,3.11,100,100
2026-05-16T11:00,14.8,15.6,76.0,299.0,4.3,2.78,100,100
2026-05-16T12:00,13.7,17.8,51.0,525.0,3.8,2.07,100,99
2026-05-16T13:00,13.8,18.7,51.0,655.0,1.9,2.47,100,100
2026-05-16T14:00,14.7,18.0,210.0,286.0,0.6,1.18,100,100
2026-05-16T15:00,17.9,15.3,224.0,284.0,2.3,4.25,100,100
2026-05-16T16:00,18.0,15.1,164.0,173.0,3.9,2.03,100,99
2026-05-16T17:00,15.5,14.9,31.0,140.0,4.2,2.54,100,92
2026-05-16T18:00,14.8,13.9,2.0,34.0,5.7,5.11,100,98
2026-05-16T19:00,13.3,13.5,0.0,0.0,10.4,6.26,100,95
2026-05-16T20:00,12.6,13.1,0.0,0.0,13.0,7.4,100,93
2026-05-16T21:00,12.5,12.7,0.0,0.0,12.6,8.06,100,84
2026-05-16T22:00,12.5,12.3,0.0,0.0,11.8,8.96,69,99
2026-05-16T23:00,12.1,11.9,0.0,0.0,12.3,9.63,99,98
2026-05-17T00:00,11.5,11.7,0.0,0.0,12.5,10.81,100,100
2026-05-17T01:00,11.3,12.0,0.0,0.0,12.9,10.96,100,100
2026-05-17T02:00,11.1,11.9,0.0,0.0,13.2,11.22,100,100
2026-05-17T03:00,11.0,11.7,0.0,0.0,12.9,12.13,100,100
2026-05-17T04:00,11.3,11.6,35.0,22.0,13.2,12.66,100,100
2026-05-17T05:00,11.7,12.0,68.0,93.0,13.0,12.72,100,100
2026-05-17T06:00,12.0,12.9,247.0,193.0,13.4,10.47,100,100
2026-05-17T07:00,12.5,13.2,396.0,224.0,13.9,10.84,100,100
2026-05-17T08:00,12.6,13.6,460.0,299.0,13.6,11.38,100,100
2026-05-17T09:00,12.7,14.1,401.0,386.0,12.9,10.93,100,100
2026-05-17T10:00,13.0,14.3,522.0,377.0,13.0,10.37,94,99
2026-05-17T11:00,13.5,15.8,677.0,685.0,12.4,11.02,98,100
2026-05-17T12:00,14.5,15.0,745.0,254.0,12.1,9.07,97,100
2026-05-17T13:00,14.7,13.9,739.0,156.0,12.3,9.79,76,100
2026-05-17T14:00,14.6,13.1,645.0,157.0,12.2,9.95,94,100
2026-05-17T15:00,13.4,12.7,482.0,133.0,12.2,9.79,100,100
2026-05-17T16:00,12.3,12.5,271.0,140.0,12.3,9.71,100,100
2026-05-17T17:00,11.3,12.0,103.0,73.0,11.8,10.28,100,100
2026-05-17T18:00,10.9,10.6,54.0,28.0,12.5,9.38,89,100
2026-05-17T19:00,10.3,10.2,0.0,1.0,12.2,8.85,100,100
2026-05-17T20:00,9.6,10.0,0.0,0.0,12.4,9.06,19,100
2026-05-17T21:00,9.2,9.8,0.0,0.0,12.4,8.64,82,100
2026-05-17T22:00,9.4,9.7,0.0,0.0,11.2,7.83,100,100
2026-05-17T23:00,9.5,9.3,0.0,0.0,11.3,6.76,100,100
2026-05-18T00:00,9.0,10.8,0.0,0.0,11.2,8.78,35,100
2026-05-18T01:00,8.8,10.3,0.0,0.0,11.3,8.77,31,100
2026-05-18T02:00,8.8,10.0,0.0,0.0,10.7,8.04,5,100
2026-05-18T03:00,9.2,9.8,0.0,0.0,9.9,8.06,99,100
2026-05-18T04:00,9.8,10.0,36.0,18.0,9.2,8.91,90,100
2026-05-18T05:00,10.8,10.4,111.0,44.0,8.5,7.66,96,100
2026-05-18T06:00,11.9,12.5,235.0,189.0,8.4,4.48,74,95
2026-05-18T07:00,12.7,13.2,180.0,286.0,7.7,4.26,100,97
2026-05-18T08:00,14.6,14.7,382.0,469.0,6.8,4.59,96,100
2026-05-18T09:00,14.6,15.7,205.0,535.0,6.4,3.68,100,100
2026-05-18T10:00,14.9,15.8,173.0,378.0,5.5,2.91,100,100
2026-05-18T11:00,17.0,16.2,494.0,330.0,4.3,2.47,100,100
2026-05-18T12:00,18.5,14.9,504.0,316.0,4.2,4.19,100,98
2026-05-18T13:00,17.9,14.9,282.0,235.0,3.2,2.31,100,73
2026-05-18T14:00,16.8,16.0,37.0,378.0,3.2,2.44,100,45
2026-05-18T15:00,15.5,16.9,169.0,453.0,5.9,1.88,97,56
2026-05-18T16:00,15.1,15.6,162.0,266.0,5.3,1.32,100,74
2026-05-18T17:00,14.4,13.7,88.0,105.0,5.8,2.8,84,63
2026-05-18T18:00,14.0,13.9,20.0,47.0,5.9,1.17,100,91
2026-05-18T19:00,13.6,13.6,0.0,0.0,6.2,2.25,100,91
2026-05-18T20:00,13.3,13.1,0.0,0.0,7.1,4.65,100,79
2026-05-18T21:00,12.7,12.0,0.0,0.0,7.7,5.61,100,95
2026-05-18T22:00,11.8,11.7,0.0,0.0,7.2,4.48,100,66
2026-05-18T23:00,11.6,11.5,0.0,0.0,6.9,4.56,100,35
2026-05-19T00:00,12.4,11.5,0.0,0.0,5.9,3.5,100,100
2026-05-19T01:00,12.2,11.5,0.0,0.0,4.7,4.0,100,100
2026-05-19T02:00,12.1,11.2,0.0,0.0,5.3,4.12,100,100
2026-05-19T03:00,11.3,10.9,0.0,0.0,7.9,4.78,100,87
2026-05-19T04:00,11.4,11.3,7.0,34.0,7.4,4.77,100,45
2026-05-19T05:00,11.5,12.2,21.0,151.0,8.2,4.02,100,100
2026-05-19T06:00,12.0,13.0,34.0,241.0,6.6,4.26,100,82
2026-05-19T07:00,12.2,14.1,56.0,345.0,6.7,4.54,100,98
2026-05-19T08:00,12.5,15.2,82.0,414.0,6.2,3.99,100,100
2026-05-19T09:00,13.3,15.8,227.0,358.0,6.3,3.15,54,100
2026-05-19T10:00,15.7,16.8,823.0,408.0,5.7,2.3,9,100
2026-05-19T11:00,17.6,17.7,863.0,541.0,4.8,1.22,8,100
2026-05-19T12:00,14.4,17.3,464.0,627.0,5.1,3.95,100,55
2026-05-19T13:00,14.7,18.0,185.0,576.0,4.5,3.75,100,73
2026-05-19T14:00,16.3,18.2,329.0,526.0,3.6,3.75,93,32
2026-05-19T15:00,18.7,17.8,354.0,440.0,3.2,4.07,96,71
2026-05-19T16:00,18.9,17.5,246.0,337.0,4.3,4.4,90,54
2026-05-19T17:00,18.1,16.7,126.0,163.0,5.0,5.08,99,31
2026-05-19T18:00,17.2,15.2,36.0,51.0,6.9,5.52,98,15
2026-05-19T19:00,16.0,14.0,1.0,1.0,7.5,6.46,79,11
2026-05-19T20:00,15.2,13.2,0.0,0.0,7.8,6.86,24,20
2026-05-19T21:00,15.4,12.7,0.0,0.0,8.5,6.95,1,49
2026-05-19T22:00,14.5,12.1,0.0,0.0,8.8,7.0,7,54
2026-05-19T23:00,14.0,11.6,0.0,0.0,9.1,7.25,47,46
2026-05-20T00:00,13.6,11.2,0.0,0.0,9.2,7.13,22,46
2026-05-20T01:00,12.4,11.1,0.0,0.0,8.0,7.41,9,98
2026-05-20T02:00,11.5,10.8,0.0,0.0,8.0,7.51,0,91
2026-05-20T03:00,12.4,10.6,0.0,1.0,9.3,7.66,4,80
2026-05-20T04:00,13.5,11.5,56.0,51.0,8.9,7.71,0,67
2026-05-20T05:00,14.9,13.0,190.0,170.0,7.7,8.42,0,28
2026-05-20T06:00,16.2,15.1,351.0,351.0,8.5,5.77,0,18
2026-05-20T07:00,17.6,17.0,511.0,518.0,8.8,5.65,3,1
2026-05-20T08:00,19.0,18.3,658.0,666.0,8.6,5.59,0,0
2026-05-20T09:00,20.5,19.4,774.0,787.0,7.6,5.42,0,11
2026-05-20T10:00,21.7,20.2,846.0,816.0,6.5,4.87,7,10
2026-05-20T11:00,22.5,20.7,849.0,781.0,6.0,4.71,13,16
2026-05-20T12:00,22.9,20.8,840.0,688.0,6.4,5.2,8,13
2026-05-20T13:00,23.1,21.2,765.0,720.0,6.7,5.5,6,20
2026-05-20T14:00,23.1,20.9,659.0,568.0,6.7,5.91,5,9
2026-05-20T15:00,22.9,20.7,515.0,494.0,6.7,5.49,11,3
2026-05-20T16:00,22.2,20.0,349.0,361.0,7.4,6.16,2,3
2026-05-20T17:00,21.1,18.5,202.0,201.0,8.1,5.81,0,2
2026-05-20T18:00,19.8,16.9,64.0,60.0,6.6,7.0,0,2
2026-05-20T19:00,18.3,15.7,1.0,1.0,6.2,7.2,0,1
2026-05-20T20:00,17.1,14.8,0.0,0.0,7.1,7.37,0,1
2026-05-20T21:00,16.2,14.3,0.0,0.0,8.1,7.85,0,1
2026-05-20T22:00,15.6,13.8,0.0,0.0,8.3,7.99,0,1
2026-05-20T23:00,14.8,13.5,0.0,0.0,8.5,8.0,0,1
2026-05-21T00:00,14.4,13.0,0.0,0.0,8.9,7.66,0,1
2026-05-21T01:00,13.9,13.0,0.0,0.0,8.7,8.01,0,0
2026-05-21T02:00,13.2,12.9,0.0,0.0,9.2,8.02,0,0
2026-05-21T03:00,12.6,12.6,1.0,0.0,8.9,8.21,0,0
2026-05-21T04:00,13.2,13.3,60.0,57.0,8.0,8.34,0,0
2026-05-21T05:00,15.1,14.9,195.0,200.0,6.9,8.47,0,0
2026-05-21T06:00,17.8,16.7,358.0,370.0,6.6,6.22,1,1
2026-05-21T07:00,19.8,18.3,522.0,537.0,8.0,8.12,0,3
2026-05-21T08:00,21.4,19.5,669.0,687.0,9.9,9.01,3,5
2026-05-21T09:00,22.4,20.5,781.0,808.0,11.1,9.5,6,9
2026-05-21T10:00,23.1,21.3,854.0,877.0,11.0,9.3,30,22
2026-05-21T11:00,23.7,21.8,873.0,902.0,11.0,9.1,57,37
2026-05-21T12:00,23.8,22.1,854.0,828.0,11.0,8.85,9,18
2026-05-21T13:00,24.0,22.0,787.0,728.0,10.4,8.85,1,22
2026-05-21T14:00,23.9,21.9,671.0,629.0,10.8,8.76,0,12
2026-05-21T15:00,23.5,21.5,526.0,521.0,10.8,9.07,0,8
2026-05-21T16:00,22.4,20.6,358.0,358.0,9.7,9.62,3,3
2026-05-21T17:00,21.5,19.0,193.0,201.0,9.5,10.04,97,5
2026-05-21T18:00,19.3,18.0,63.0,60.0,9.2,9.63,0,2
2026-05-21T19:00,18.1,16.9,1.0,1.0,9.6,10.07,0,2
2026-05-21T20:00,17.4,16.4,0.0,0.0,9.1,10.5,0,1
2026-05-21T21:00,17.0,16.0,0.0,0.0,9.6,10.49,0,2
2026-05-21T22:00,16.6,15.9,0.0,0.0,9.4,10.6,0,2
2026-05-21T23:00,16.5,15.7,0.0,0.0,10.7,10.53,0,1
2026-05-22T00:00,16.0,15.4,0.0,0.0,9.6,11.07,0,1
2026-05-22T01:00,15.8,15.1,0.0,0.0,10.0,10.95,0,1
2026-05-22T02:00,15.5,14.7,0.0,0.0,9.5,10.8,0,2
2026-05-22T03:00,14.9,14.4,1.0,1.0,9.2,10.75,0,2
2026-05-22T04:00,15.2,14.6,61.0,57.0,9.9,10.55,0,2
2026-05-22T05:00,16.1,15.7,194.0,197.0,10.2,9.2,0,23
2026-05-22T06:00,17.7,16.9,358.0,366.0,11.3,9.87,3,4
2026-05-22T07:00,19.2,18.2,526.0,532.0,11.5,9.75,0,2
2026-05-22T08:00,20.2,19.8,677.0,667.0,11.8,10.22,0,20
2026-05-22T09:00,21.4,20.7,800.0,750.0,10.7,10.08,0,8
2026-05-22T10:00,22.4,21.5,881.0,806.0,10.5,10.1,0,34
2026-05-22T11:00,23.2,21.7,902.0,806.0,10.2,9.66,0,56
2026-05-22T12:00,23.8,21.9,869.0,718.0,9.4,9.42,0,52
2026-05-22T13:00,23.7,22.0,792.0,631.0,9.7,9.01,2,19
2026-05-22T14:00,23.5,21.9,669.0,627.0,9.8,9.4,1,2
2026-05-22T15:00,23.4,21.4,534.0,537.0,9.5,9.86,0,1
2026-05-22T16:00,22.3,20.8,371.0,373.0,10.1,9.5,0,1
2026-05-22T17:00,21.3,19.8,202.0,208.0,9.9,8.26,0,0
2026-05-22T18:00,20.4,18.3,65.0,64.0,8.9,8.28,0,17
2026-05-22T19:00,19.3,17.2,1.0,1.0,8.4,7.6,6,37
2026-05-22T20:00,18.4,16.0,0.0,0.0,8.5,6.77,3,93
2026-05-22T21:00,17.8,15.3,0.0,0.0,9.2,6.83,9,52
2026-05-22T22:00,17.1,14.6,0.0,0.0,9.0,6.73,8,74
2026-05-22T23:00,16.6,14.2,0.0,0.0,9.1,6.64,7,94
2026-05-23T00:00,15.9,14.4,0.0,0.0,9.2,8.12,78,49
2026-05-23T01:00,15.7,13.8,0.0,0.0,9.1,7.63,100,42
2026-05-23T02:00,15.5,13.0,0.0,0.0,9.0,7.21,98,59
2026-05-23T03:00,14.8,12.6,1.0,1.0,9.0,7.64,0,62
2026-05-23T04:00,15.1,13.2,62.0,53.0,8.5,7.88,0,58
2026-05-23T05:00,16.0,14.7,198.0,188.0,7.8,8.58,19,14
2026-05-23T06:00,17.8,16.6,353.0,365.0,6.7,6.95,0,8
2026-05-23T07:00,20.1,18.5,525.0,539.0,7.2,6.94,0,28
2026-05-23T08:00,21.4,19.8,669.0,689.0,8.5,7.63,98,34
2026-05-23T09:00,22.8,20.6,779.0,802.0,8.4,7.26,97,3
2026-05-23T10:00,23.7,21.5,845.0,855.0,8.6,6.85,98,14
2026-05-23T11:00,24.6,22.4,877.0,866.0,7.8,6.57,30,7
2026-05-23T12:00,25.1,22.7,834.0,845.0,7.9,6.93,20,1
2026-05-23T13:00,25.1,22.9,744.0,806.0,8.1,7.42,28,0
2026-05-23T14:00,24.8,22.9,618.0,694.0,8.1,7.82,54,0
2026-05-23T15:00,24.7,23.0,525.0,548.0,8.2,7.34,2,7
2026-05-23T16:00,23.7,22.2,364.0,377.0,8.8,8.76,0,1
2026-05-23T17:00,22.6,20.8,204.0,210.0,8.9,7.8,0,2
2026-05-23T18:00,21.3,20.0,68.0,67.0,8.2,6.01,0,0
2026-05-23T19:00,20.0,18.0,2.0,1.0,7.2,5.31,0,4
2026-05-23T20:00,18.8,16.6,0.0,0.0,7.0,5.03,0,25
2026-05-23T21:00,18.1,15.8,0.0,0.0,7.0,5.3,0,3
2026-05-23T22:00,17.9,14.7,0.0,0.0,7.4,5.27,8,1
2026-05-23T23:00,17.5,14.0,0.0,0.0,7.0,5.3,97,5
2026-05-24T00:00,16.5,13.7,0.0,0.0,7.6,5.51,24,23
2026-05-24T01:00,15.9,13.2,0.0,0.0,7.9,5.4,2,18
2026-05-24T02:00,15.4,12.7,0.0,0.0,8.0,4.93,4,6
2026-05-24T03:00,16.0,12.2,1.0,1.0,8.1,4.72,13,40
2026-05-24T04:00,16.4,13.4,61.0,60.0,6.8,4.7,0,26
2026-05-24T05:00,18.1,15.8,190.0,197.0,5.7,5.1,95,15
2026-05-24T06:00,20.0,18.7,334.0,331.0,5.1,3.1,35,85
2026-05-24T07:00,22.0,20.7,505.0,470.0,5.2,3.97,0,39
2026-05-24T08:00,23.8,22.0,658.0,650.0,4.9,4.3,5,5
2026-05-24T09:00,25.2,23.2,754.0,771.0,6.0,4.49,3,6
2026-05-24T10:00,26.5,24.3,849.0,808.0,5.9,4.65,0,13
2026-05-24T11:00,27.6,24.8,876.0,793.0,5.8,4.31,0,0
2026-05-24T12:00,27.9,26.1,822.0,850.0,5.6,3.02,16,6
2026-05-24T13:00,28.3,26.5,757.0,758.0,6.4,2.96,7,14
2026-05-24T14:00,28.1,26.6,659.0,607.0,7.2,3.94,0,16
2026-05-24T15:00,27.5,26.1,522.0,489.0,7.7,4.33,0,27
2026-05-24T16:00,26.7,25.6,360.0,362.0,7.5,4.19,25,55
2026-05-24T17:00,25.7,24.8,199.0,197.0,7.3,3.84,48,56
2026-05-24T18:00,24.6,23.7,66.0,64.0,7.1,5.2,100,20
2026-05-24T19:00,23.5,22.2,2.0,2.0,6.9,4.92,100,59
2026-05-24T20:00,22.5,20.7,0.0,0.0,6.0,4.63,99,97
2026-05-24T21:00,22.1,19.8,0.0,0.0,4.2,4.49,100,98
2026-05-24T22:00,21.1,19.4,0.0,0.0,4.0,4.63,100,94
2026-05-24T23:00,20.3,19.0,0.0,0.0,5.3,4.43,82,100
2026-05-25T00:00,19.1,17.5,0.0,0.0,2.8,3.45,99,52
2026-05-25T01:00,19.5,17.2,0.0,0.0,3.5,4.14,67,73
2026-05-25T02:00,19.0,17.4,0.0,0.0,5.3,4.45,27,83
2026-05-25T03:00,18.8,16.7,1.0,1.0,5.6,2.4,70,37
2026-05-25T04:00,19.7,17.5,59.0,56.0,5.2,4.7,80,45
2026-05-25T05:00,20.7,20.1,181.0,187.0,4.4,6.83,72,15
2026-05-25T06:00,22.3,21.5,349.0,324.0,5.8,5.9,97,86
2026-05-25T07:00,22.6,22.8,322.0,489.0,6.1,6.71,100,75
2026-05-25T08:00,24.1,23.4,503.0,600.0,6.7,7.05,0,69
2026-05-25T09:00,25.1,24.0,776.0,742.0,7.4,6.55,0,84
2026-05-25T10:00,25.9,24.7,858.0,845.0,6.8,6.4,0,82
2026-05-25T11:00,26.7,25.3,885.0,876.0,6.9,6.35,3,95
2026-05-25T12:00,27.2,26.3,865.0,853.0,6.7,7.31,3,89
2026-05-25T13:00,27.2,26.2,789.0,774.0,7.0,7.4,41,80
2026-05-25T14:00,26.6,25.9,666.0,663.0,8.1,7.35,98,44
2026-05-25T15:00,25.8,25.3,501.0,542.0,8.6,7.21,91,16
2026-05-25T16:00,24.8,24.4,349.0,380.0,9.0,7.37,42,0
2026-05-25T17:00,24.0,23.4,203.0,214.0,8.1,7.47,0,0
2026-05-25T18:00,22.9,22.1,70.0,71.0,6.3,7.41,13,0
2026-05-25T19:00,21.8,21.2,2.0,2.0,4.9,7.35,0,0
2026-05-25T20:00,20.8,20.4,0.0,0.0,5.8,6.5,0,0
2026-05-25T21:00,20.2,19.7,0.0,0.0,6.6,6.51,0,0
2026-05-25T22:00,19.7,19.1,0.0,0.0,7.5,6.96,0,0
2026-05-25T23:00,19.3,18.5,0.0,0.0,8.3,6.9,0,0
2026-05-26T00:00,18.5,17.6,0.0,0.0,9.2,6.4,0,0
2026-05-26T01:00,18.2,16.9,0.0,0.0,8.9,5.35,0,0
2026-05-26T02:00,17.8,16.1,0.0,0.0,8.0,4.45,0,0
2026-05-26T03:00,17.3,15.4,2.0,1.0,6.8,3.54,0,0
2026-05-26T04:00,17.8,16.5,63.0,63.0,4.1,2.89,0,0
2026-05-26T05:00,19.2,18.5,194.0,202.0,1.7,2.15,0,0
2026-05-26T06:00,22.0,20.4,352.0,367.0,2.8,0.67,0,0
2026-05-26T07:00,23.8,22.4,510.0,530.0,4.0,1.48,0,0
2026-05-26T08:00,25.6,24.0,653.0,672.0,3.7,1.86,0,0
2026-05-26T09:00,27.7,25.3,765.0,784.0,5.3,1.83,0,4
2026-05-26T10:00,28.3,26.8,841.0,854.0,7.8,2.15,0,34
2026-05-26T11:00,28.8,28.0,870.0,864.0,7.9,2.76,0,2
2026-05-26T12:00,29.2,29.2,867.0,877.0,8.3,4.93,0,0
2026-05-26T13:00,29.2,29.2,796.0,814.0,8.4,6.09,0,0
2026-05-26T14:00,28.8,28.7,681.0,706.0,8.7,6.67,0,0
2026-05-26T15:00,28.2,28.0,535.0,556.0,8.7,5.86,0,0
2026-05-26T16:00,27.3,27.1,370.0,386.0,8.8,6.07,0,0
2026-05-26T17:00,26.3,26.0,212.0,217.0,8.3,5.71,0,0
2026-05-26T18:00,25.1,24.3,74.0,72.0,6.0,5.25,0,0
2026-05-26T19:00,23.7,23.3,3.0,3.0,4.6,5.9,0,0
2026-05-26T20:00,22.3,22.4,0.0,0.0,5.4,6.51,0,0
2026-05-26T21:00,21.2,21.6,0.0,0.0,6.3,6.08,0,0
2026-05-26T22:00,20.6,20.1,0.0,0.0,4.4,4.4,0,0
2026-05-26T23:00,19.2,19.1,0.0,0.0,1.2,2.8,0,2
2026-05-27T00:00,18.6,17.8,0.0,0.0,0.8,1.72,0,6
2026-05-27T01:00,18.3,16.8,0.0,0.0,0.7,1.61,5,9
2026-05-27T02:00,17.9,16.0,0.0,0.0,1.4,1.5,0,2
2026-05-27T03:00,17.9,15.3,1.0,1.0,1.1,1.99,0,1
2026-05-27T04:00,18.5,16.0,65.0,67.0,1.9,2.01,0,1
2026-05-27T05:00,20.1,17.2,199.0,210.0,2.9,1.85,0,2
2026-05-27T06:00,22.9,19.9,360.0,378.0,2.2,1.36,0,2
2026-05-27T07:00,25.8,22.5,522.0,544.0,2.5,2.29,0,6
2026-05-27T08:00,28.4,24.9,662.0,689.0,2.6,3.62,0,13
2026-05-27T09:00,30.6,26.8,775.0,742.0,6.4,4.38,0,46
2026-05-27T10:00,31.4,27.4,856.0,754.0,7.2,5.22,0,38
2026-05-27T11:00,31.8,27.9,859.0,713.0,7.9,5.69,9,34
2026-05-27T12:00,31.6,28.0,754.0,695.0,6.9,5.73,0,25
2026-05-27T13:00,30.5,29.4,766.0,676.0,17.5,4.6,100,22
2026-05-27T14:00,28.5,28.2,382.0,604.0,10.0,7.3,100,64
2026-05-27T15:00,26.0,25.5,249.0,318.0,8.0,7.29,1,60
2026-05-27T16:00,24.9,24.4,370.0,266.0,7.4,6.18,0,41
2026-05-27T17:00,24.8,23.8,210.0,210.0,8.0,7.54,0,16
2026-05-27T18:00,22.5,22.7,71.0,68.0,8.3,7.37,1,27
2026-05-27T19:00,21.2,21.5,3.0,3.0,8.1,6.8,2,27
2026-05-27T20:00,20.0,20.8,0.0,0.0,7.4,8.21,1,1
2026-05-27T21:00,18.6,19.7,0.0,0.0,7.8,7.45,3,6
2026-05-27T22:00,17.7,18.2,0.0,0.0,7.9,7.41,0,7
2026-05-27T23:00,16.9,16.8,0.0,0.0,8.3,6.65,0,26
2026-05-28T00:00,15.7,15.5,0.0,0.0,9.8,6.67,0,40
2026-05-28T01:00,15.1,14.6,0.0,0.0,9.1,6.77,0,51
2026-05-28T02:00,14.6,14.2,0.0,0.0,9.2,7.3,0,32
2026-05-28T03:00,14.1,13.2,2.0,2.0,8.1,7.2,10,24
2026-05-28T04:00,14.5,13.5,68.0,70.0,7.0,6.81,90,34
2026-05-28T05:00,15.4,14.8,185.0,215.0,6.5,5.34,95,52
2026-05-28T06:00,16.6,15.8,389.0,385.0,5.5,4.11,0,47
2026-05-28T07:00,17.9,17.1,558.0,551.0,5.8,3.94,0,12
2026-05-28T08:00,19.3,18.2,708.0,707.0,4.6,4.55,0,2
2026-05-28T09:00,20.5,19.3,823.0,824.0,5.0,4.87,0,3
2026-05-28T10:00,21.8,20.1,899.0,898.0,7.1,5.2,0,3
2026-05-28T11:00,22.2,20.7,944.0,935.0,9.0,6.0,0,5
2026-05-28T12:00,22.1,20.7,906.0,900.0,7.5,7.19,0,2
2026-05-28T13:00,22.2,20.6,825.0,822.0,7.3,8.12,0,4
2026-05-28T14:00,22.0,20.2,702.0,655.0,7.3,8.61,5,6
2026-05-28T15:00,21.4,20.1,504.0,540.0,6.6,8.61,4,17
2026-05-28T16:00,20.7,19.4,384.0,361.0,6.7,8.5,1,23
2026-05-28T17:00,19.7,18.5,220.0,179.0,6.4,7.86,0,9
2026-05-28T18:00,18.7,18.1,79.0,75.0,5.7,6.7,0,0
2026-05-28T19:00,17.7,17.0,3.0,3.0,4.4,5.78,0,4
2026-05-28T20:00,16.6,16.4,0.0,0.0,4.4,7.02,0,19
2026-05-28T21:00,15.7,15.5,0.0,0.0,4.4,4.38,0,27
2026-05-28T22:00,15.2,13.9,0.0,0.0,4.3,3.11,0,8
2026-05-28T23:00,14.7,12.6,0.0,0.0,4.2,2.4,0,3
2026-05-29T00:00,13.5,11.0,0.0,0.0,5.2,2.9,0,0
2026-05-29T01:00,12.8,10.6,0.0,0.0,6.1,3.58,0,22
2026-05-29T02:00,12.9,10.4,0.0,0.0,5.7,4.09,22,59
2026-05-29T03:00,12.7,10.3,2.0,2.0,5.3,4.92,0,80
2026-05-29T04:00,12.9,11.4,76.0,67.0,5.1,5.76,0,64
2026-05-29T05:00,14.2,13.4,222.0,207.0,5.1,5.4,50,64
2026-05-29T06:00,15.4,15.3,404.0,378.0,6.5,4.2,74,44
2026-05-29T07:00,16.7,16.6,565.0,541.0,6.0,3.96,65,82
2026-05-29T08:00,18.1,18.1,714.0,691.0,6.1,4.71,2,77
2026-05-29T09:00,20.0,19.2,811.0,797.0,5.7,5.55,8,48
2026-05-29T10:00,21.2,20.0,894.0,876.0,6.4,5.53,0,71
2026-05-29T11:00,22.1,20.9,923.0,910.0,6.8,5.04,67,69
2026-05-29T12:00,22.6,21.4,896.0,894.0,6.8,5.15,93,81
2026-05-29T13:00,23.1,21.7,834.0,802.0,6.8,5.36,55,35
2026-05-29T14:00,22.8,21.5,616.0,707.0,6.7,5.91,100,23
2026-05-29T15:00,22.3,21.5,302.0,568.0,5.4,6.16,100,91
2026-05-29T16:00,22.1,20.7,292.0,357.0,5.6,7.21,66,77
2026-05-29T17:00,21.5,20.3,194.0,204.0,5.6,6.47,100,41
2026-05-29T18:00,20.8,18.9,69.0,77.0,4.1,6.65,100,0
2026-05-29T19:00,19.6,17.8,3.0,3.0,1.8,5.28,100,5
2026-05-29T20:00,18.8,16.4,0.0,0.0,3.4,3.73,100,44
2026-05-29T21:00,17.3,15.6,0.0,0.0,4.4,4.74,0,45
2026-05-29T22:00,16.4,14.8,0.0,0.0,6.0,4.9,3,38
2026-05-29T23:00,15.4,14.3,0.0,0.0,4.8,4.81,0,36
2026-05-30T00:00,13.8,12.9,0.0,0.0,2.6,4.56,0,5
2026-05-30T01:00,13.4,12.1,0.0,0.0,0.8,3.67,0,2
2026-05-30T02:00,13.2,11.3,0.0,0.0,1.3,2.97,85,0
2026-05-30T03:00,13.2,10.8,2.0,2.0,1.5,2.15,100,0
2026-05-30T04:00,13.1,11.8,50.0,69.0,1.6,1.84,100,0
2026-05-30T05:00,14.6,14.0,137.0,214.0,1.6,1.59,100,30
2026-05-30T06:00,17.4,15.7,320.0,291.0,0.9,1.47,91,100
2026-05-30T07:00,19.9,17.6,425.0,382.0,1.3,2.04,100,99
2026-05-30T08:00,21.6,19.1,519.0,420.0,3.1,2.06,100,99
2026-05-30T09:00,20.6,20.1,300.0,420.0,7.5,1.46,100,100
2026-05-30T10:00,20.2,20.1,178.0,463.0,8.0,2.45,100,100
2026-05-30T11:00,17.1,18.9,73.0,245.0,4.3,1.56,100,100
2026-05-30T12:00,18.8,20.7,232.0,389.0,4.6,2.69,100,99
2026-05-30T13:00,19.2,19.7,79.0,339.0,3.4,3.16,100,98
2026-05-30T14:00,19.0,18.5,164.0,225.0,4.2,2.43,95,55
2026-05-30T15:00,17.0,18.9,177.0,336.0,3.2,2.44,12,9
2026-05-30T16:00,17.5,19.3,303.0,328.0,1.9,2.87,100,60
2026-05-30T17:00,16.4,18.8,16.0,187.0,1.5,2.35,100,45
2026-05-30T18:00,17.6,17.3,5.0,50.0,1.1,1.82,100,62
2026-05-30T19:00,17.2,16.6,2.0,3.0,3.1,1.68,100,13
2026-05-30T20:00,17.6,15.6,0.0,0.0,2.3,2.02,99,16
2026-05-30T21:00,15.1,14.8,0.0,0.0,1.8,2.43,100,58
2026-05-30T22:00,15.6,14.4,0.0,0.0,2.3,4.09,83,38
2026-05-30T23:00,15.1,14.0,0.0,0.0,4.0,3.81,0,62
2026-05-31T00:00,14.7,12.8,0.0,0.0,1.9,1.52,100,25
2026-05-31T01:00,14.1,12.5,0.0,0.0,1.1,3.75,0,3
2026-05-31T02:00,13.3,12.4,0.0,0.0,0.3,5.45,1,0
2026-05-31T03:00,12.0,12.3,3.0,2.0,3.0,5.36,0,0
2026-05-31T04:00,13.6,13.3,72.0,71.0,4.2,3.48,0,1
2026-05-31T05:00,15.9,14.6,202.0,213.0,2.6,2.36,0,8
2026-05-31T06:00,17.8,16.7,368.0,371.0,5.5,1.53,0,25
2026-05-31T07:00,19.5,18.2,528.0,526.0,4.4,2.71,0,80
2026-05-31T08:00,20.6,19.5,565.0,499.0,6.8,3.64,45,71
2026-05-31T09:00,21.0,20.7,706.0,638.0,7.3,3.54,70,65
2026-05-31T10:00,22.2,21.7,733.0,726.0,6.6,2.58,99,65
2026-05-31T11:00,22.2,22.4,573.0,755.0,4.1,1.4,100,52
2026-05-31T12:00,22.3,21.3,529.0,567.0,5.5,4.27,100,55
2026-05-31T13:00,22.6,22.0,388.0,621.0,5.6,3.67,98,50
2026-05-31T14:00,22.9,22.5,582.0,556.0,6.9,2.0,0,36
2026-05-31T15:00,23.0,22.5,533.0,418.0,5.7,2.07,25,13
2026-05-31T16:00,22.6,22.4,368.0,332.0,4.8,1.2,8,44
2026-05-31T17:00,21.4,21.5,209.0,205.0,5.2,2.08,100,63
2026-05-31T18:00,20.4,20.5,38.0,63.0,3.5,4.33,48,92
2026-05-31T19:00,18.9,19.0,5.0,3.0,3.3,6.69,5,50
2026-05-31T20:00,18.0,17.4,0.0,0.0,2.1,3.65,100,95
2026-05-31T21:00,17.5,16.7,0.0,0.0,3.6,2.56,90,93
2026-05-31T22:00,17.2,15.7,0.0,0.0,2.7,2.09,100,79
2026-05-31T23:00,17.1,14.7,0.0,0.0,1.9,3.27,100,97
2026-06-01T00:00,17.3,14.1,0.0,0.0,1.1,2.94,99,97
2026-06-01T01:00,16.9,13.9,0.0,0.0,1.9,3.69,98,91
2026-06-01T02:00,16.7,13.9,0.0,0.0,0.9,3.36,100,94
2026-06-01T03:00,15.9,13.5,0.0,2.0,1.9,2.6,100,67
2026-06-01T04:00,15.0,14.4,5.0,61.0,1.5,2.49,100,44
2026-06-01T05:00,15.0,16.5,10.0,186.0,1.5,2.82,100,96
2026-06-01T06:00,15.0,15.9,12.0,71.0,1.4,1.98,100,100
2026-06-01T07:00,15.0,16.0,29.0,102.0,2.0,1.72,100,100
2026-06-01T08:00,15.0,16.2,26.0,130.0,2.7,1.1,100,100
2026-06-01T09:00,15.5,17.4,19.0,303.0,2.0,1.18,100,98
2026-06-01T10:00,15.5,19.1,14.0,520.0,1.7,1.29,100,91
2026-06-01T11:00,15.5,20.1,20.0,593.0,1.2,1.62,100,59
2026-06-01T12:00,15.2,20.2,11.0,558.0,2.5,2.71,100,98
2026-06-01T13:00,14.8,20.5,8.0,452.0,3.7,2.64,100,99
2026-06-01T14:00,14.7,20.6,25.0,381.0,2.5,2.8,100,98
2026-06-01T15:00,14.6,20.9,27.0,397.0,3.8,3.08,100,92
2026-06-01T16:00,14.6,20.7,36.0,272.0,4.9,2.86,100,100
2026-06-01T17:00,14.5,20.1,34.0,115.0,5.2,2.6,100,100
2026-06-01T18:00,14.4,16.9,3.0,28.0,5.0,3.87,100,100
2026-06-01T19:00,14.3,16.2,0.0,1.0,5.9,4.03,100,100
2026-06-01T20:00,14.2,15.8,0.0,0.0,6.7,4.6,100,100
2026-06-01T21:00,14.1,15.6,0.0,0.0,9.3,5.04,100,100
2026-06-01T22:00,14.1,15.2,0.0,0.0,10.4,5.76,100,100
2026-06-01T23:00,14.0,15.0,0.0,0.0,10.6,6.61,100,100
2026-06-02T00:00,13.8,14.2,0.0,0.0,9.2,8.65,100,88
2026-06-02T01:00,13.7,13.8,0.0,0.0,9.1,8.81,88,94
2026-06-02T02:00,13.2,13.6,0.0,0.0,9.7,8.81,78,63
2026-06-02T03:00,13.4,13.3,3.0,2.0,9.6,9.08,16,5
2026-06-02T04:00,13.8,13.8,71.0,64.0,9.2,8.63,0,2
2026-06-02T05:00,14.8,15.2,208.0,203.0,7.7,7.93,0,5
2026-06-02T06:00,16.6,15.9,370.0,104.0,7.9,5.31,0,100
2026-06-02T07:00,18.4,16.3,530.0,117.0,7.5,5.1,0,91
2026-06-02T08:00,20.1,18.1,673.0,328.0,7.1,5.1,0,55
2026-06-02T09:00,21.1,20.3,780.0,645.0,6.5,5.01,20,54
2026-06-02T10:00,21.9,21.8,753.0,792.0,5.5,4.21,56,100
2026-06-02T11:00,22.9,22.4,788.0,741.0,5.0,3.78,23,100
2026-06-02T12:00,23.7,22.9,808.0,840.0,5.3,3.55,8,23
2026-06-02T13:00,24.0,23.2,787.0,764.0,5.7,2.97,0,19
2026-06-02T14:00,24.2,23.0,685.0,655.0,4.9,2.6,0,18
2026-06-02T15:00,23.4,22.7,310.0,511.0,5.1,2.51,100,10
2026-06-02T16:00,20.8,22.2,97.0,346.0,2.8,2.3,0,11
2026-06-02T17:00,20.6,21.3,220.0,172.0,2.6,1.36,3,33
2026-06-02T18:00,20.3,20.1,82.0,80.0,1.5,3.62,46,10
2026-06-02T19:00,19.5,18.6,5.0,5.0,3.0,1.65,37,5
2026-06-02T20:00,18.6,17.2,0.0,0.0,3.4,1.2,58,18
2026-06-02T21:00,18.7,15.8,0.0,0.0,2.1,1.19,73,41
2026-06-02T22:00,17.7,14.8,0.0,0.0,2.5,1.33,36,63
2026-06-02T23:00,16.9,13.9,0.0,0.0,2.7,1.23,24,60
2026-06-03T00:00,16.1,13.3,0.0,0.0,0.8,1.14,28,91
2026-06-03T01:00,14.9,12.7,0.0,0.0,1.4,0.81,11,86
2026-06-03T02:00,14.8,12.3,0.0,0.0,1.3,0.75,0,86
2026-06-03T03:00,14.5,12.2,3.0,3.0,3.6,1.0,33,92
2026-06-03T04:00,15.5,13.3,67.0,60.0,3.6,0.8,30,90
2026-06-03T05:00,17.0,15.7,198.0,180.0,2.1,1.55,43,87
2026-06-03T06:00,19.6,18.2,364.0,318.0,3.1,1.1,0,98
2026-06-03T07:00,21.9,19.9,523.0,448.0,2.6,1.84,14,100
2026-06-03T08:00,23.3,21.1,668.0,542.0,4.1,2.62,0,100
2026-06-03T09:00,24.8,22.1,780.0,587.0,4.6,3.16,0,99
2026-06-03T10:00,24.9,23.2,636.0,702.0,5.4,4.0,100,93
2026-06-03T11:00,25.2,23.8,264.0,733.0,5.1,4.79,100,91
2026-06-03T12:00,27.2,24.5,716.0,803.0,5.2,3.81,97,23
2026-06-03T13:00,25.0,25.1,183.0,763.0,3.9,3.78,100,38
2026-06-03T14:00,25.2,24.8,203.0,647.0,6.0,3.86,100,30
2026-06-03T15:00,25.7,23.9,274.0,466.0,6.6,3.5,100,67
2026-06-03T16:00,25.4,23.5,163.0,285.0,4.3,1.48,100,66
2026-06-03T17:00,24.3,21.7,74.0,183.0,4.4,3.11,100,95
2026-06-03T18:00,22.9,20.3,50.0,55.0,3.2,3.17,100,95
2026-06-03T19:00,22.0,18.1,4.0,4.0,2.4,3.74,100,84
2026-06-03T20:00,21.5,17.5,0.0,0.0,2.7,2.1,100,88
2026-06-03T21:00,22.1,17.0,0.0,0.0,1.6,0.97,100,62
2026-06-03T22:00,21.5,16.5,0.0,0.0,1.5,0.95,100,74
2026-06-03T23:00,20.6,16.1,0.0,0.0,3.3,0.92,100,23
2026-06-04T00:00,19.6,15.7,0.0,0.0,6.7,0.43,100,84
2026-06-04T01:00,19.1,15.5,0.0,0.0,7.3,1.88,100,88
2026-06-04T02:00,18.7,14.9,0.0,0.0,4.4,0.87,97,91
2026-06-04T03:00,19.4,14.3,2.0,2.0,4.9,3.37,90,95
2026-06-04T04:00,19.3,14.8,57.0,49.0,5.3,6.06,70,92
2026-06-04T05:00,20.0,16.1,156.0,145.0,4.2,5.12,100,95
2026-06-04T06:00,21.0,17.5,271.0,174.0,4.5,2.78,95,100
2026-06-04T07:00,22.1,17.3,300.0,114.0,3.3,4.55,89,100
2026-06-04T08:00,24.0,17.0,640.0,139.0,3.3,5.5,5,100
2026-06-04T09:00,23.8,17.4,412.0,270.0,3.6,4.51,100,100
2026-06-04T10:00,24.4,18.3,259.0,393.0,3.4,4.51,100,50
2026-06-04T11:00,19.5,19.5,50.0,531.0,6.5,4.82,100,100
2026-06-04T12:00,25.0,18.9,630.0,453.0,8.3,4.07,77,48
2026-06-04T13:00,26.1,20.0,461.0,613.0,2.6,3.85,81,23
2026-06-04T14:00,27.0,20.3,450.0,509.0,1.7,4.12,99,32
2026-06-04T15:00,28.1,20.7,318.0,440.0,2.9,3.34,100,61
2026-06-04T16:00,27.2,20.6,202.0,374.0,4.7,3.57,99,60
2026-06-04T17:00,26.3,20.0,162.0,225.0,5.2,2.62,46,57
2026-06-04T18:00,24.7,18.7,82.0,80.0,1.4,2.26,86,77
2026-06-04T19:00,23.8,16.9,5.0,5.0,2.2,1.71,100,22
2026-06-04T20:00,21.9,15.6,0.0,0.0,3.9,1.06,99,13
2026-06-04T21:00,20.8,14.6,0.0,0.0,2.2,1.03,97,40
2026-06-04T22:00,19.9,14.0,0.0,0.0,3.6,0.5,100,88
2026-06-04T23:00,19.7,14.0,0.0,0.0,4.0,0.57,100,98
2026-06-05T00:00,18.9,14.8,0.0,0.0,2.4,0.4,100,99
2026-06-05T01:00,18.6,14.4,0.0,0.0,2.5,0.91,100,99
2026-06-05T02:00,18.6,14.1,0.0,0.0,2.8,0.81,100,98
2026-06-05T03:00,18.2,13.8,3.0,2.0,3.4,1.15,100,99
2026-06-05T04:00,18.5,15.0,35.0,44.0,3.2,1.31,100,99
2026-06-05T05:00,19.2,16.6,88.0,104.0,2.5,1.14,100,99
2026-06-05T06:00,19.8,17.8,182.0,124.0,2.9,1.57,100,100
2026-06-05T07:00,20.2,18.7,221.0,180.0,3.4,2.31,100,98
2026-06-05T08:00,21.7,20.1,386.0,370.0,3.3,3.29,100,98
2026-06-05T09:00,23.4,21.7,306.0,556.0,4.1,3.74,100,98
2026-06-05T10:00,23.9,23.1,160.0,713.0,3.9,4.37,100,94
2026-06-05T11:00,25.3,24.1,413.0,860.0,3.3,4.78,100,71
2026-06-05T12:00,25.9,24.1,289.0,732.0,3.1,5.73,100,95
2026-06-05T13:00,26.6,24.0,321.0,653.0,3.6,5.7,100,93
2026-06-05T14:00,27.7,23.7,480.0,564.0,3.6,5.08,100,98
2026-06-05T15:00,27.8,22.7,358.0,359.0,5.0,3.87,100,98
2026-06-05T16:00,27.2,22.3,227.0,271.0,4.7,3.32,100,100
2026-06-05T17:00,26.3,21.9,152.0,133.0,4.7,3.89,100,100
2026-06-05T18:00,25.5,20.8,57.0,69.0,3.2,3.89,100,95
2026-06-05T19:00,21.9,20.0,3.0,3.0,10.1,2.72,94,100
2026-06-05T20:00,19.0,20.0,0.0,0.0,10.2,2.02,95,100
2026-06-05T21:00,17.7,18.9,0.0,0.0,9.9,6.32,100,91
2026-06-05T22:00,17.2,17.2,0.0,0.0,9.4,6.34,99,40
2026-06-05T23:00,16.7,16.2,0.0,0.0,10.1,7.23,99,38
2026-06-06T00:00,16.8,15.9,0.0,0.0,9.1,6.54,98,84
2026-06-06T01:00,16.4,15.3,0.0,0.0,8.1,6.97,100,100
2026-06-06T02:00,15.8,15.0,0.0,0.0,8.5,7.34,99,100
2026-06-06T03:00,15.1,14.9,0.0,2.0,8.5,7.01,100,100
2026-06-06T04:00,14.7,14.8,6.0,18.0,9.7,6.91,100,100
2026-06-06T05:00,14.7,15.2,24.0,97.0,9.0,5.86,100,94
2026-06-06T06:00,15.3,16.2,175.0,193.0,9.3,6.37,100,98
2026-06-06T07:00,15.4,17.6,102.0,402.0,9.0,6.26,100,80
2026-06-06T08:00,15.6,19.1,67.0,604.0,8.8,5.82,100,94
2026-06-06T09:00,21.6,20.7,787.0,753.0,6.0,4.96,54,98
2026-06-06T10:00,23.4,21.8,851.0,811.0,4.0,3.93,96,98
2026-06-06T11:00,24.1,22.8,742.0,891.0,4.0,2.73,100,87
2026-06-06T12:00,23.9,23.5,644.0,675.0,4.4,1.36,100,100
2026-06-06T13:00,24.4,23.9,617.0,569.0,4.7,1.7,100,100
2026-06-06T14:00,24.6,23.4,578.0,383.0,4.6,3.2,100,100
2026-06-06T15:00,23.9,23.0,419.0,395.0,4.5,4.19,100,88
2026-06-06T16:00,23.2,22.6,331.0,316.0,5.2,3.63,100,14
2026-06-06T17:00,22.2,21.9,189.0,184.0,5.1,3.51,20,11
2026-06-06T18:00,21.0,21.4,93.0,35.0,5.3,4.15,0,100
2026-06-06T19:00,19.8,20.6,7.0,2.0,6.6,5.68,0,84
2026-06-06T20:00,18.7,19.4,0.0,0.0,7.4,5.31,2,75
2026-06-06T21:00,17.9,18.4,0.0,0.0,7.5,4.78,16,100
2026-06-06T22:00,17.2,17.5,0.0,0.0,6.9,3.9,36,100
2026-06-06T23:00,16.8,16.3,0.0,0.0,7.0,3.87,23,99
2026-06-07T00:00,16.4,14.3,0.0,0.0,7.9,4.21,40,36
2026-06-07T01:00,15.9,14.1,0.0,0.0,8.0,4.9,100,14
2026-06-07T02:00,15.7,13.7,0.0,0.0,7.7,4.8,100,28
2026-06-07T03:00,15.4,13.6,4.0,3.0,6.9,4.8,32,5
2026-06-07T04:00,16.1,14.9,76.0,71.0,6.2,4.94,3,31
2026-06-07T05:00,18.0,17.1,211.0,199.0,5.3,4.63,50,7
2026-06-07T06:00,20.0,19.6,369.0,378.0,5.3,2.75,0,0
2026-06-07T07:00,21.6,21.6,532.0,542.0,3.9,2.35,0,5
2026-06-07T08:00,23.3,22.9,678.0,675.0,2.7,1.48,0,20
2026-06-07T09:00,24.9,23.6,790.0,747.0,3.7,0.73,0,13
2026-06-07T10:00,26.0,24.1,867.0,730.0,3.6,1.61,6,46
2026-06-07T11:00,26.8,23.6,881.0,668.0,3.5,3.3,6,55
2026-06-07T12:00,22.9,23.1,615.0,639.0,6.8,2.26,100,49
2026-06-07T13:00,24.3,23.5,581.0,693.0,2.3,2.72,100,51
2026-06-07T14:00,25.3,22.9,532.0,535.0,4.6,2.67,12,23
2026-06-07T15:00,21.7,23.4,355.0,486.0,12.1,1.48,100,36
2026-06-07T16:00,19.7,23.1,235.0,329.0,7.4,1.69,83,27
2026-06-07T17:00,20.3,22.2,196.0,212.0,4.9,1.45,0,22
2026-06-07T18:00,19.3,21.2,61.0,84.0,1.8,0.74,100,8
2026-06-07T19:00,18.3,19.4,6.0,6.0,5.5,0.54,100,16
2026-06-07T20:00,17.4,18.3,0.0,0.0,4.0,0.46,0,6
2026-06-07T21:00,16.7,17.1,0.0,0.0,2.1,1.27,11,4
2026-06-07T22:00,16.6,16.2,0.0,0.0,2.0,2.65,0,9
2026-06-07T23:00,15.6,15.7,0.0,0.0,2.8,3.71,0,20
2026-06-08T00:00,14.4,14.9,0.0,0.0,6.0,3.18,0,7
2026-06-08T01:00,14.6,14.5,0.0,0.0,7.0,3.79,0,16
2026-06-08T02:00,14.4,14.3,0.0,0.0,6.2,4.67,6,24
2026-06-08T03:00,14.0,14.3,4.0,3.0,7.4,5.36,2,23
2026-06-08T04:00,15.1,15.8,78.0,72.0,7.0,5.3,2,14
2026-06-08T05:00,16.9,17.7,214.0,204.0,5.1,5.2,0,17
2026-06-08T06:00,19.0,19.6,375.0,349.0,4.3,5.1,0,35
2026-06-08T07:00,20.6,20.8,535.0,465.0,4.9,5.12,0,26
2026-06-08T08:00,22.1,22.0,679.0,605.0,3.8,3.85,4,31
2026-06-08T09:00,22.7,23.1,792.0,770.0,3.3,2.82,4,27
2026-06-08T10:00,23.8,23.6,846.0,637.0,3.2,1.93,75,52
2026-06-08T11:00,24.6,24.3,827.0,656.0,2.9,1.21,46,67
2026-06-08T12:00,23.8,23.8,214.0,499.0,0.7,0.85,100,60
2026-06-08T13:00,25.6,24.1,646.0,560.0,1.1,2.28,29,26
2026-06-08T14:00,26.1,23.5,611.0,534.0,2.5,3.66,30,20
2026-06-08T15:00,26.6,22.9,530.0,459.0,3.2,4.27,7,15
2026-06-08T16:00,26.1,22.7,389.0,360.0,4.0,3.31,0,12
2026-06-08T17:00,25.2,22.4,233.0,214.0,4.4,2.45,0,4
2026-06-08T18:00,24.1,20.5,94.0,89.0,4.8,1.16,0,5
2026-06-08T19:00,22.5,18.5,8.0,7.0,5.1,2.92,0,5
2026-06-08T20:00,21.2,17.3,0.0,0.0,3.2,2.98,0,6
2026-06-08T21:00,20.0,16.3,0.0,0.0,3.4,2.75,0,0
2026-06-08T22:00,19.3,15.2,0.0,0.0,2.7,2.55,0,0
2026-06-08T23:00,18.7,14.4,0.0,0.0,1.5,2.26,0,1
2026-06-09T00:00,18.1,14.0,0.0,0.0,1.4,1.84,0,0
2026-06-09T01:00,17.2,13.6,0.0,0.0,1.4,1.06,28,0
2026-06-09T02:00,16.4,13.3,0.0,0.0,2.9,0.65,97,0
2026-06-09T03:00,16.4,13.2,4.0,4.0,3.5,0.27,99,2
2026-06-09T04:00,17.1,14.5,68.0,77.0,2.6,0.27,100,78
2026-06-09T05:00,18.8,17.1,196.0,210.0,1.3,0.38,97,88
2026-06-09T06:00,20.6,19.9,331.0,371.0,0.1,0.4,100,93
2026-06-09T07:00,23.3,21.7,487.0,522.0,2.2,1.25,99,98
2026-06-09T08:00,24.9,23.0,612.0,609.0,3.3,2.12,99,81
2026-06-09T09:00,27.1,24.4,774.0,755.0,3.8,3.44,9,24
2026-06-09T10:00,28.0,25.3,752.0,867.0,2.8,4.13,98,27
2026-06-09T11:00,29.7,25.8,785.0,814.0,3.3,3.84,99,19
2026-06-09T12:00,30.0,26.4,856.0,859.0,3.7,3.81,92,23
2026-06-09T13:00,30.6,26.8,744.0,790.0,3.3,3.7,100,17
2026-06-09T14:00,30.7,26.7,554.0,676.0,3.4,3.27,91,21
2026-06-09T15:00,24.2,26.5,223.0,511.0,4.0,2.68,100,47
2026-06-09T16:00,22.3,26.0,29.0,369.0,8.3,1.59,100,41
2026-06-09T17:00,21.9,25.1,51.0,222.0,5.1,1.25,100,27
2026-06-09T18:00,21.0,23.3,14.0,81.0,2.7,0.11,100,85
2026-06-09T19:00,19.8,22.1,2.0,7.0,10.7,1.06,100,95
2026-06-09T20:00,19.0,21.0,0.0,0.0,7.5,1.31,100,30
2026-06-09T21:00,19.5,19.5,0.0,0.0,8.0,2.85,98,29
2026-06-09T22:00,19.1,19.1,0.0,0.0,7.2,6.21,98,81
2026-06-09T23:00,18.6,18.3,0.0,0.0,7.1,5.24,100,97
2026-06-10T00:00,19.1,17.2,0.0,0.0,7.1,6.51,99,51
2026-06-10T01:00,19.4,16.8,0.0,0.0,8.4,6.65,100,70
2026-06-10T02:00,19.4,16.4,0.0,0.0,8.1,4.85,89,26
2026-06-10T03:00,19.1,16.3,0.0,3.0,9.4,5.67,100,41
2026-06-10T04:00,19.0,17.4,51.0,69.0,8.7,6.44,99,70
2026-06-10T05:00,19.4,19.1,148.0,198.0,8.5,5.02,97,74
2026-06-10T06:00,20.0,20.6,277.0,357.0,7.8,4.47,96,77
2026-06-10T07:00,20.1,22.3,381.0,504.0,9.2,3.24,99,73
2026-06-10T08:00,20.4,23.6,473.0,616.0,9.9,2.25,100,68
2026-06-10T09:00,24.2,24.5,300.0,654.0,3.7,1.45,100,77
2026-06-10T10:00,26.2,25.7,560.0,822.0,2.7,0.53,93,82
2026-06-10T11:00,26.4,23.9,589.0,750.0,3.0,3.27,100,93
2026-06-10T12:00,24.1,25.6,772.0,820.0,6.8,2.59,100,69
2026-06-10T13:00,24.5,26.0,672.0,755.0,7.0,3.15,85,77
2026-06-10T14:00,24.7,26.1,618.0,561.0,7.1,2.55,100,91
2026-06-10T15:00,23.8,24.2,500.0,372.0,4.6,3.18,80,91
2026-06-10T16:00,22.9,19.2,165.0,170.0,6.5,6.48,99,98
2026-06-10T17:00,21.4,18.8,118.0,117.0,9.6,3.47,100,97
2026-06-10T18:00,21.1,22.1,39.0,80.0,6.5,2.81,100,83
2026-06-10T19:00,20.2,20.5,6.0,7.0,3.7,0.76,100,88
2026-06-10T20:00,19.3,19.6,0.0,0.0,5.1,4.16,100,90
2026-06-10T21:00,18.9,18.8,0.0,0.0,6.6,2.3,15,73
2026-06-10T22:00,18.7,17.9,0.0,0.0,4.9,3.26,100,45
2026-06-10T23:00,18.2,17.2,0.0,0.0,6.5,3.82,0,40
2026-06-11T00:00,18.2,16.6,0.0,0.0,2.0,4.96,100,80
2026-06-11T01:00,17.6,16.0,0.0,0.0,3.8,2.94,96,98
2026-06-11T02:00,17.5,16.0,0.0,0.0,4.6,3.95,100,100
2026-06-11T03:00,17.7,16.2,0.0,1.0,4.7,3.19,100,98
2026-06-11T04:00,17.6,16.8,16.0,34.0,5.5,2.39,99,99
2026-06-11T05:00,18.3,17.9,148.0,173.0,7.7,3.99,100,100
2026-06-11T06:00,18.5,18.3,209.0,254.0,6.4,5.21,100,100
2026-06-11T07:00,18.3,19.7,222.0,334.0,3.8,4.8,100,100
2026-06-11T08:00,17.2,20.8,176.0,591.0,7.1,5.92,100,35
2026-06-11T09:00,19.5,19.5,385.0,597.0,2.8,3.78,100,100
2026-06-11T10:00,18.8,17.1,59.0,407.0,5.3,7.38,100,100
2026-06-11T11:00,18.9,18.8,73.0,604.0,5.0,7.16,100,91
2026-06-11T12:00,20.1,20.5,280.0,521.0,7.3,5.93,100,100
2026-06-11T13:00,20.6,20.4,553.0,350.0,7.2,5.34,100,73
2026-06-11T14:00,20.5,21.0,512.0,410.0,7.5,5.18,100,30
2026-06-11T15:00,20.6,20.8,407.0,455.0,7.0,5.48,99,30
2026-06-11T16:00,20.8,20.3,5105.0,371.0,7.2,5.31,8,39
2026-06-11T17:00,19.7,19.3,205.0,221.0,7.7,5.35,100,72
2026-06-11T18:00,18.4,17.5,52.0,83.0,7.4,4.48,100,96
2026-06-11T19:00,17.6,16.3,2.0,7.0,7.4,5.17,100,77
2026-06-11T20:00,16.8,15.8,0.0,0.0,7.0,5.41,100,90
2026-06-11T21:00,16.3,15.3,0.0,0.0,8.1,5.6,100,99
2026-06-11T22:00,15.7,14.9,0.0,0.0,7.5,6.3,100,92
2026-06-11T23:00,15.3,14.4,0.0,0.0,8.0,6.72,100,35
2026-06-12T00:00,14.8,13.2,0.0,0.0,8.5,6.41,100,80
2026-06-12T01:00,14.5,12.6,0.0,0.0,8.2,6.56,100,52
2026-06-12T02:00,14.1,12.4,0.0,0.0,8.6,6.68,95,38
2026-06-12T03:00,12.8,12.0,1.0,3.0,6.4,6.57,100,38
2026-06-12T04:00,12.9,12.9,18.0,63.0,6.3,6.47,100,38
2026-06-12T05:00,13.6,13.9,87.0,187.0,6.5,5.73,67,43
2026-06-12T06:00,15.3,15.1,284.0,305.0,4.1,7.73,100,66
2026-06-12T07:00,16.1,15.9,343.0,342.0,5.9,6.54,22,65
2026-06-12T08:00,17.4,17.2,646.0,582.0,5.8,5.32,2,66
2026-06-12T09:00,18.1,17.9,749.0,632.0,6.6,4.5,0,46
2026-06-12T10:00,19.6,19.1,877.0,810.0,5.7,4.05,5,100
2026-06-12T11:00,20.4,18.3,883.0,391.0,5.0,4.2,2,77
2026-06-12T12:00,20.3,17.7,874.0,557.0,6.0,4.65,28,73
2026-06-12T13:00,20.8,18.1,689.0,456.0,4.2,2.44,2,100
2026-06-12T14:00,19.5,16.8,440.0,402.0,3.5,2.85,0,92
2026-06-12T15:00,18.2,16.4,319.0,364.0,6.2,2.47,100,78
2026-06-12T16:00,18.6,16.8,124.0,258.0,2.6,1.8,13,20
2026-06-12T17:00,18.0,16.7,129.0,220.0,2.0,1.9,100,34
2026-06-12T18:00,15.7,15.5,60.0,83.0,4.4,1.83,0,13
2026-06-12T19:00,14.7,14.0,10.0,8.0,1.8,1.58,0,2
2026-06-12T20:00,14.1,12.5,0.0,0.0,1.7,1.27,0,1
2026-06-12T21:00,14.8,11.3,0.0,0.0,1.0,1.12,0,1
2026-06-12T22:00,14.0,10.6,0.0,0.0,0.7,0.92,0,1
2026-06-12T23:00,13.7,10.0,0.0,0.0,0.8,0.36,0,1
2026-06-13T00:00,12.0,9.6,0.0,0.0,0.8,0.85,0,13
2026-06-13T01:00,11.9,9.4,0.0,0.0,1.4,0.93,0,7
2026-06-13T02:00,11.5,9.2,0.0,0.0,1.1,1.04,0,7
2026-06-13T03:00,11.7,9.2,5.0,4.0,0.6,0.99,2,2
2026-06-13T04:00,12.5,10.3,79.0,79.0,0.5,1.3,0,16
2026-06-13T05:00,14.0,12.0,214.0,222.0,1.0,1.54,0,24
2026-06-13T06:00,15.8,14.7,373.0,382.0,0.8,1.69,0,9
2026-06-13T07:00,18.0,16.6,532.0,534.0,2.3,3.06,0,2
2026-06-13T08:00,19.7,18.1,668.0,686.0,2.9,3.69,50,5
2026-06-13T09:00,19.1,19.0,357.0,719.0,3.1,4.89,100,60
2026-06-13T10:00,18.7,20.2,188.0,837.0,3.1,4.7,100,69
2026-06-13T11:00,20.0,21.0,472.0,841.0,0.7,4.62,53,63
2026-06-13T12:00,21.6,19.8,591.0,649.0,1.8,4.24,100,64
2026-06-13T13:00,18.5,20.2,224.0,656.0,3.7,5.4,16,19
2026-06-13T14:00,20.3,20.8,669.0,598.0,2.4,5.25,5,41
2026-06-13T15:00,18.4,20.8,122.0,534.0,4.4,5.19,11,57
2026-06-13T16:00,18.8,20.5,274.0,350.0,1.7,4.66,11,55
2026-06-13T17:00,18.3,19.1,148.0,193.0,2.7,4.57,100,60
2026-06-13T18:00,17.1,18.9,25.0,76.0,1.7,3.54,100,94
2026-06-13T19:00,16.5,18.1,7.0,6.0,0.5,3.85,17,26
2026-06-13T20:00,16.3,16.8,0.0,0.0,0.5,4.74,82,10
2026-06-13T21:00,16.2,15.5,0.0,0.0,0.6,3.78,0,15
2026-06-13T22:00,15.7,14.2,0.0,0.0,1.7,1.72,5,24
2026-06-13T23:00,14.9,13.5,0.0,0.0,1.3,2.3,100,45
2026-06-14T00:00,15.5,12.5,0.0,0.0,3.4,1.61,100,99
2026-06-14T01:00,15.9,12.5,0.0,0.0,1.3,2.21,100,72
2026-06-14T02:00,15.1,12.4,0.0,0.0,4.4,2.75,100,97
2026-06-14T03:00,15.5,12.5,2.0,2.0,1.0,2.65,98,100
2026-06-14T04:00,16.0,13.0,75.0,41.0,1.1,2.46,0,92
2026-06-14T05:00,16.8,14.0,216.0,145.0,0.6,1.05,0,57
2026-06-14T06:00,18.1,15.8,379.0,346.0,4.5,1.72,0,54
2026-06-14T07:00,18.8,17.1,455.0,463.0,2.0,1.9,100,59
2026-06-14T08:00,19.1,18.6,196.0,621.0,1.6,3.54,97,79
2026-06-14T09:00,21.4,19.4,596.0,576.0,4.8,5.1,100,63
2026-06-14T10:00,21.8,20.2,519.0,736.0,5.7,6.38,100,58
2026-06-14T11:00,22.7,20.5,601.0,712.0,5.5,7.46,92,38
2026-06-14T12:00,22.9,21.8,616.0,833.0,6.8,8.22,98,16
2026-06-14T13:00,22.7,22.0,406.0,767.0,4.9,8.46,30,16
2026-06-14T14:00,22.6,22.0,463.0,643.0,5.6,8.58,0,44
2026-06-14T15:00,22.3,20.8,416.0,462.0,4.9,8.5,100,34
2026-06-14T16:00,20.9,20.0,112.0,309.0,6.9,5.87,10,34
2026-06-14T17:00,19.6,18.3,149.0,222.0,6.7,3.19,1,13
2026-06-14T18:00,15.8,15.7,100.0,79.0,5.1,4.21,0,17
2026-06-14T19:00,14.9,15.2,10.0,9.0,9.2,7.15,0,1
2026-06-14T20:00,14.4,13.8,0.0,0.0,7.8,4.71,0,1
2026-06-14T21:00,13.2,12.5,0.0,0.0,2.3,3.72,0,2
2026-06-14T22:00,13.0,11.6,0.0,0.0,1.5,1.46,19,30
2026-06-14T23:00,12.9,11.1,0.0,0.0,3.8,1.06,28,13
2026-06-15T00:00,13.2,10.6,0.0,0.0,4.9,1.03,0,43
2026-06-15T01:00,11.7,10.5,0.0,0.0,1.8,1.01,0,63
2026-06-15T02:00,11.1,10.4,0.0,0.0,2.5,0.94,0,55
2026-06-15T03:00,9.8,10.2,5.0,4.0,1.7,0.87,0,2
2026-06-15T04:00,11.6,11.3,84.0,80.0,2.5,0.9,0,1
2026-06-15T05:00,13.1,12.7,224.0,224.0,1.5,0.41,0,0
2026-06-15T06:00,15.1,14.5,385.0,391.0,1.0,1.05,0,0
2026-06-15T07:00,16.8,16.2,545.0,556.0,2.1,1.19,0,1
2026-06-15T08:00,18.7,17.4,690.0,697.0,2.6,1.66,11,24
2026-06-15T09:00,20.1,18.4,665.0,747.0,0.8,1.84,91,39
2026-06-15T10:00,21.5,19.7,588.0,792.0,3.1,2.4,63,16
2026-06-15T11:00,22.6,20.3,779.0,775.0,3.9,3.41,62,30
2026-06-15T12:00,23.0,20.6,696.0,808.0,3.0,3.85,98,13
2026-06-15T13:00,22.6,21.0,385.0,737.0,5.2,4.49,86,15
2026-06-15T14:00,22.8,21.0,461.0,660.0,5.1,5.01,98,16
2026-06-15T15:00,23.0,20.8,455.0,528.0,4.5,4.99,97,14
2026-06-15T16:00,21.8,20.2,302.0,366.0,5.7,5.38,32,12
2026-06-15T17:00,20.5,19.0,233.0,229.0,5.6,5.46,0,5
2026-06-15T18:00,19.5,17.5,102.0,92.0,4.4,6.2,2,20
2026-06-15T19:00,18.2,15.7,11.0,9.0,5.1,3.98,79,41
2026-06-15T20:00,17.1,14.4,0.0,0.0,6.7,2.01,83,17
2026-06-15T21:00,16.4,13.2,0.0,0.0,5.4,1.66,0,18
2026-06-15T22:00,15.4,12.3,0.0,0.0,5.4,1.18,0,3
2026-06-15T23:00,14.5,11.6,0.0,0.0,4.4,1.03,0,5
2026-06-16T00:00,12.9,10.9,0.0,0.0,1.5,1.68,86,34
2026-06-16T01:00,12.2,10.2,0.0,0.0,1.0,1.56,37,81
2026-06-16T02:00,11.8,9.6,0.0,0.0,0.2,1.48,0,12
2026-06-16T03:00,11.1,9.4,5.0,5.0,0.6,1.1,0,68
2026-06-16T04:00,11.8,10.9,80.0,75.0,0.8,0.49,0,41
2026-06-16T05:00,13.9,13.3,219.0,224.0,2.7,0.43,0,6
2026-06-16T06:00,16.5,15.6,380.0,394.0,1.5,0.2,0,7
2026-06-16T07:00,18.9,17.3,542.0,541.0,1.3,0.58,0,16
2026-06-16T08:00,21.0,18.4,671.0,651.0,1.1,1.35,27,34
2026-06-16T09:00,22.3,19.0,795.0,711.0,0.9,2.37,2,31
2026-06-16T10:00,24.0,19.8,877.0,790.0,1.4,3.05,3,39
2026-06-16T11:00,25.7,20.9,914.0,808.0,2.2,3.68,0,23
2026-06-16T12:00,26.6,22.3,891.0,760.0,3.2,4.47,0,3
2026-06-16T13:00,27.3,22.2,821.0,736.0,5.0,7.25,0,27
2026-06-16T14:00,27.4,22.2,711.0,651.0,5.5,7.36,1,11
2026-06-16T15:00,26.9,22.4,570.0,568.0,6.3,6.65,0,6
2026-06-16T16:00,26.3,22.2,410.0,414.0,5.6,6.33,0,5
2026-06-16T17:00,25.1,21.1,240.0,246.0,6.0,6.42,61,17
2026-06-16T18:00,23.3,19.8,91.0,99.0,4.8,5.94,95,60
2026-06-16T19:00,21.9,18.3,8.0,10.0,4.2,4.8,23,43
2026-06-16T20:00,20.7,17.0,0.0,0.0,3.5,3.86,27,34
2026-06-16T21:00,18.6,15.7,0.0,0.0,2.2,3.79,0,20
2026-06-16T22:00,17.0,14.7,0.0,0.0,0.4,3.73,0,59
2026-06-16T23:00,15.7,15.1,0.0,0.0,2.9,2.46,20,100
2026-06-17T00:00,17.1,15.8,0.0,0.0,1.3,4.12,100,100
2026-06-17T01:00,17.2,15.4,0.0,0.0,1.8,4.92,100,100
2026-06-17T02:00,17.2,14.7,0.0,0.0,2.1,3.68,100,100
2026-06-17T03:00,14.8,14.7,0.0,1.0,3.5,1.7,100,97
2026-06-17T04:00,14.9,15.0,5.0,30.0,2.9,1.21,100,86
2026-06-17T05:00,15.6,15.8,36.0,144.0,2.0,0.57,100,60
2026-06-17T06:00,17.8,17.1,125.0,368.0,0.6,0.27,35,23
2026-06-17T07:00,20.5,19.4,518.0,519.0,1.9,1.25,1,26
2026-06-17T08:00,22.1,21.2,632.0,655.0,1.2,1.7,99,20
2026-06-17T09:00,22.3,22.5,456.0,773.0,2.5,1.21,100,22
2026-06-17T10:00,23.6,22.9,713.0,700.0,1.8,1.39,95,81
2026-06-17T11:00,22.0,21.3,243.0,690.0,2.1,1.81,100,83
2026-06-17T12:00,22.9,20.7,447.0,560.0,1.1,5.27,24,55
2026-06-17T13:00,24.3,21.2,575.0,585.0,1.4,2.96,100,33
2026-06-17T14:00,22.3,22.1,446.0,598.0,6.8,2.38,13,50
2026-06-17T15:00,21.1,21.7,464.0,488.0,2.7,4.18,100,38
2026-06-17T16:00,20.4,20.4,81.0,310.0,2.7,4.21,100,28
2026-06-17T17:00,19.6,19.7,55.0,216.0,3.4,4.54,100,28
2026-06-17T18:00,18.9,18.9,98.0,79.0,4.7,4.07,3,68
2026-06-17T19:00,18.1,17.7,11.0,9.0,6.0,4.96,0,58
2026-06-17T20:00,17.4,16.9,0.0,0.0,6.2,5.2,0,45
2026-06-17T21:00,18.0,16.1,0.0,0.0,5.4,5.21,9,16
2026-06-17T22:00,17.1,15.7,0.0,0.0,5.7,5.83,52,3
2026-06-17T23:00,15.8,15.5,0.0,0.0,5.8,6.22,98,5
2026-06-18T00:00,15.6,13.6,0.0,0.0,6.2,4.95,14,0
2026-06-18T01:00,15.2,12.8,0.0,0.0,5.2,4.18,62,0
2026-06-18T02:00,14.6,12.0,0.0,0.0,4.7,4.13,49,3
2026-06-18T03:00,14.5,11.4,4.0,5.0,5.3,4.05,0,8
2026-06-18T04:00,15.4,12.6,78.0,82.0,4.3,3.78,94,29
2026-06-18T05:00,17.2,15.1,206.0,226.0,2.7,3.54,96,5
2026-06-18T06:00,19.0,17.7,366.0,390.0,0.1,1.77,1,8
2026-06-18T07:00,20.9,19.5,526.0,552.0,0.6,1.93,0,12
2026-06-18T08:00,23.1,20.9,667.0,693.0,2.2,3.15,2,16
2026-06-18T09:00,24.6,22.1,777.0,774.0,2.4,4.31,36,69
2026-06-18T10:00,25.4,23.0,679.0,700.0,4.8,4.37,76,63
2026-06-18T11:00,26.6,23.7,860.0,709.0,4.4,4.79,5,75
2026-06-18T12:00,27.2,24.7,784.0,614.0,3.0,2.67,91,73
2026-06-18T13:00,27.4,25.0,580.0,641.0,3.4,3.04,56,72
2026-06-18T14:00,27.7,24.8,577.0,539.0,3.5,2.55,44,47
2026-06-18T15:00,27.5,24.9,490.0,493.0,4.7,2.65,3,24
2026-06-18T16:00,26.9,24.4,360.0,379.0,5.1,2.97,38,21
2026-06-18T17:00,26.1,23.4,224.0,216.0,4.0,2.15,0,1
2026-06-18T18:00,25.1,22.6,96.0,94.0,4.7,2.39,0,4
2026-06-18T19:00,23.7,20.7,11.0,10.0,4.7,2.93,3,66
2026-06-18T20:00,22.7,19.5,0.0,0.0,3.3,2.02,3,50
2026-06-18T21:00,21.7,18.4,0.0,0.0,3.7,1.28,76,28
2026-06-18T22:00,21.3,17.1,0.0,0.0,3.2,1.25,100,30
2026-06-18T23:00,20.8,16.3,0.0,0.0,4.2,1.2,5,81
2026-06-19T00:00,19.2,16.3,0.0,0.0,3.5,0.15,37,100
2026-06-19T01:00,18.5,17.1,0.0,0.0,4.5,0.61,0,100
2026-06-19T02:00,18.1,17.0,0.0,0.0,4.4,1.98,3,76
2026-06-19T03:00,18.1,16.3,4.0,2.0,4.5,2.09,3,52
2026-06-19T04:00,19.2,17.1,76.0,50.0,3.2,0.97,5,32
2026-06-19T05:00,20.7,18.7,199.0,158.0,1.3,1.01,4,27
2026-06-19T06:00,22.7,21.1,360.0,346.0,1.3,0.51,1,25
2026-06-19T07:00,25.0,22.6,517.0,436.0,2.0,1.04,0,23
2026-06-19T08:00,26.5,24.2,658.0,606.0,2.5,1.27,32,13
2026-06-19T09:00,27.7,25.1,747.0,672.0,2.2,1.36,58,20
2026-06-19T10:00,28.8,25.5,776.0,626.0,3.2,1.59,48,39
2026-06-19T11:00,29.6,25.1,780.0,671.0,3.2,3.25,36,45
2026-06-19T12:00,29.8,26.7,805.0,787.0,4.0,1.84,6,34
2026-06-19T13:00,30.1,26.9,786.0,691.0,3.6,0.84,1,27
2026-06-19T14:00,30.3,26.5,684.0,521.0,3.7,2.98,0,33
2026-06-19T15:00,29.7,26.3,535.0,474.0,3.8,2.4,1,19
2026-06-19T16:00,29.5,26.4,393.0,332.0,3.0,1.03,1,24
2026-06-19T17:00,28.7,26.0,234.0,229.0,3.6,1.38,0,26
2026-06-19T18:00,27.5,25.3,97.0,95.0,3.9,1.41,11,59
2026-06-19T19:00,26.2,23.7,12.0,10.0,3.5,1.15,10,13
2026-06-19T20:00,25.0,22.5,0.0,0.0,3.0,0.21,86,5
2026-06-19T21:00,24.1,21.4,0.0,0.0,2.7,0.89,1,18
2026-06-19T22:00,23.2,20.2,0.0,0.0,2.3,1.48,100,19
2026-06-19T23:00,22.8,19.2,0.0,0.0,3.1,1.33,100,35
2026-06-20T00:00,21.5,18.5,0.0,0.0,3.9,1.75,99,3
2026-06-20T01:00,20.8,17.8,0.0,0.0,5.2,1.6,51,9
2026-06-20T02:00,20.5,17.2,0.0,0.0,4.9,1.32,65,3
2026-06-20T03:00,20.8,17.1,4.0,3.0,3.7,1.19,1,0
2026-06-20T04:00,21.0,18.3,76.0,73.0,2.5,1.57,95,0
2026-06-20T05:00,22.5,21.2,176.0,210.0,0.9,2.09,96,1
2026-06-20T06:00,24.6,23.6,359.0,372.0,1.3,1.53,67,0
2026-06-20T07:00,26.6,25.8,493.0,531.0,1.7,0.45,83,0
2026-06-20T08:00,28.4,27.2,591.0,672.0,2.0,0.54,34,4
2026-06-20T09:00,28.4,28.0,410.0,716.0,0.8,0.87,100,9
2026-06-20T10:00,27.6,29.0,113.0,804.0,4.0,0.76,100,11
2026-06-20T11:00,26.8,29.9,145.0,857.0,5.8,1.14,100,10
2026-06-20T12:00,24.3,30.1,132.0,796.0,6.6,1.62,100,20
2026-06-20T13:00,24.1,29.0,96.0,743.0,6.0,3.0,100,55
2026-06-20T14:00,26.4,28.6,298.0,515.0,3.2,3.7,15,63
2026-06-20T15:00,27.6,28.4,188.0,481.0,2.3,2.87,100,13
2026-06-20T16:00,27.7,28.0,123.0,384.0,3.9,2.53,100,24
2026-06-20T17:00,27.0,27.2,47.0,225.0,3.0,2.68,100,4
2026-06-20T18:00,26.5,26.2,23.0,99.0,4.7,4.02,100,20
2026-06-20T19:00,25.4,24.2,5.0,10.0,3.4,4.2,100,9
2026-06-20T20:00,23.7,22.9,0.0,0.0,5.1,4.49,100,5
2026-06-20T21:00,22.5,21.8,0.0,0.0,3.8,4.38,100,1
2026-06-20T22:00,22.1,20.8,0.0,0.0,4.2,3.92,100,2
2026-06-20T23:00,21.1,20.0,0.0,0.0,10.5,3.89,100,57
2026-06-21T00:00,23.1,18.8,0.0,0.0,2.8,2.79,100,2
2026-06-21T01:00,21.8,18.3,0.0,0.0,6.7,2.6,100,1
2026-06-21T02:00,22.2,18.0,0.0,0.0,3.2,2.89,100,2
2026-06-21T03:00,20.7,17.7,4.0,3.0,1.9,2.81,0,2
2026-06-21T04:00,22.0,18.9,74.0,74.0,3.1,2.2,0,6
2026-06-21T05:00,23.3,21.5,204.0,210.0,4.0,1.99,0,1
2026-06-21T06:00,25.6,23.9,359.0,357.0,1.4,1.49,0,27
2026-06-21T07:00,27.6,26.3,515.0,517.0,0.7,0.36,0,73
2026-06-21T08:00,29.8,27.7,656.0,659.0,2.7,0.32,0,85
2026-06-21T09:00,29.5,28.8,659.0,725.0,1.6,0.67,100,76
2026-06-21T10:00,30.7,29.7,601.0,730.0,1.9,2.06,6,53
2026-06-21T11:00,32.2,25.2,855.0,683.0,1.3,5.09,7,92
2026-06-21T12:00,27.8,25.3,303.0,524.0,6.2,2.19,100,96
2026-06-21T13:00,24.0,26.5,183.0,485.0,10.9,2.46,100,84
2026-06-21T14:00,26.6,28.0,290.0,559.0,2.5,1.96,100,93
2026-06-21T15:00,26.7,28.5,272.0,464.0,5.8,2.12,100,93
2026-06-21T16:00,25.7,28.2,106.0,325.0,4.1,2.37,100,84
2026-06-21T17:00,25.0,27.6,112.0,217.0,3.5,1.8,88,52
2026-06-21T18:00,24.5,25.6,59.0,92.0,3.8,3.85,100,98
2026-06-21T19:00,24.6,24.3,2.0,9.0,4.9,6.25,71,97
2026-06-21T20:00,23.8,24.2,0.0,0.0,6.0,7.5,77,6
2026-06-21T21:00,22.3,23.2,0.0,0.0,7.9,7.62,2,21
2026-06-21T22:00,22.0,22.3,0.0,0.0,9.2,7.62,14,2
2026-06-21T23:00,22.2,21.7,0.0,0.0,8.9,7.66,100,1
2026-06-22T00:00,22.2,20.8,0.0,0.0,8.3,7.82,13,1
2026-06-22T01:00,22.0,20.5,0.0,0.0,7.2,8.06,37,5
2026-06-22T02:00,21.7,20.1,0.0,0.0,8.5,7.85,6,7
2026-06-22T03:00,21.8,20.0,4.0,3.0,10.0,8.55,13,7
2026-06-22T04:00,21.5,20.9,59.0,72.0,9.4,7.85,99,2
2026-06-22T05:00,21.5,22.1,90.0,207.0,9.9,6.65,100,10
2026-06-22T06:00,23.6,23.2,337.0,341.0,8.5,6.2,71,15
2026-06-22T07:00,24.8,25.0,461.0,492.0,7.3,6.15,6,16
2026-06-22T08:00,25.6,26.7,582.0,649.0,8.2,5.89,100,14
2026-06-22T09:00,26.2,27.2,736.0,750.0,7.2,5.58,35,27
2026-06-22T10:00,26.0,28.1,646.0,805.0,7.5,4.67,100,21
2026-06-22T11:00,23.1,28.9,112.0,835.0,6.8,4.22,100,40
2026-06-22T12:00,28.6,29.1,795.0,841.0,7.2,4.46,63,30
2026-06-22T13:00,29.5,29.0,785.0,796.0,7.4,4.46,100,16
2026-06-22T14:00,29.2,28.7,540.0,646.0,7.0,5.01,100,63
2026-06-22T15:00,28.5,27.0,337.0,486.0,7.6,6.67,99,67
2026-06-22T16:00,25.6,26.3,299.0,325.0,16.1,7.02,94,66
2026-06-22T17:00,21.1,25.4,84.0,206.0,7.5,6.22,100,64
2026-06-22T18:00,25.4,23.1,99.0,96.0,9.4,5.1,16,26
2026-06-22T19:00,24.1,22.1,11.0,10.0,9.1,5.77,0,37
2026-06-22T20:00,23.5,21.2,0.0,0.0,9.3,6.51,6,88
2026-06-22T21:00,21.6,20.9,0.0,0.0,8.8,7.16,30,73
2026-06-22T22:00,21.2,20.7,0.0,0.0,9.0,7.86,9,84
2026-06-22T23:00,21.0,20.4,0.0,0.0,8.8,7.9,0,91
2026-06-23T00:00,21.5,19.1,0.0,0.0,8.8,8.0,0,14
2026-06-23T01:00,20.9,18.9,0.0,0.0,8.7,7.75,4,10
2026-06-23T02:00,20.9,18.7,0.0,0.0,9.1,7.65,100,5
2026-06-23T03:00,20.7,18.4,3.0,3.0,8.9,7.6,3,28
2026-06-23T04:00,21.2,19.3,74.0,72.0,8.3,7.4,0,68
2026-06-23T05:00,22.1,20.6,206.0,196.0,8.4,6.55,0,31
2026-06-23T06:00,23.4,22.3,359.0,359.0,8.2,6.36,32,14
2026-06-23T07:00,24.7,23.9,519.0,518.0,7.3,5.94,0,20
2026-06-23T08:00,26.2,25.3,665.0,667.0,8.3,6.04,12,69
2026-06-23T09:00,27.0,26.5,706.0,754.0,7.8,6.32,0,68
2026-06-23T10:00,28.5,27.0,858.0,746.0,7.1,6.23,0,28
2026-06-23T11:00,29.3,27.7,884.0,824.0,6.4,5.78,5,9
2026-06-23T12:00,29.5,28.0,828.0,842.0,6.7,5.27,16,9
2026-06-23T13:00,29.6,28.3,754.0,795.0,7.1,5.71,22,21
2026-06-23T14:00,29.4,28.0,660.0,680.0,7.4,5.83,19,44
2026-06-23T15:00,29.0,27.3,481.0,537.0,7.5,6.15,96,13
2026-06-23T16:00,28.1,26.5,349.0,397.0,8.0,6.6,79,11
2026-06-23T17:00,26.8,25.5,239.0,245.0,8.2,6.93,61,33
2026-06-23T18:00,25.6,24.2,101.0,103.0,7.9,6.28,0,3
2026-06-23T19:00,24.5,22.7,12.0,11.0,6.6,6.05,0,13
2026-06-23T20:00,23.5,21.5,0.0,0.0,7.1,6.22,4,5
2026-06-23T21:00,23.0,20.5,0.0,0.0,7.8,6.76,43,3
2026-06-23T22:00,23.1,19.8,0.0,0.0,7.7,6.97,99,8
2026-06-23T23:00,22.9,19.1,0.0,0.0,7.3,6.95,100,52
2026-06-24T00:00,22.2,17.6,0.0,0.0,8.1,6.3,88,0
2026-06-24T01:00,21.8,17.1,0.0,0.0,8.6,6.5,16,0
2026-06-24T02:00,21.1,16.8,0.0,0.0,8.4,6.67,0,0
2026-06-24T03:00,20.5,16.7,4.0,3.0,7.5,6.82,0,0
2026-06-24T04:00,20.7,17.7,77.0,76.0,7.5,6.72,0,0
2026-06-24T05:00,21.5,19.6,211.0,216.0,7.0,7.02,0,0
2026-06-24T06:00,23.5,21.9,367.0,379.0,6.6,5.21,0,0
2026-06-24T07:00,25.0,23.6,526.0,541.0,6.1,5.22,0,0
2026-06-24T08:00,26.5,25.0,668.0,688.0,5.6,4.72,0,0
2026-06-24T09:00,28.1,26.1,787.0,803.0,6.3,4.05,0,0
2026-06-24T10:00,29.3,27.0,863.0,881.0,5.0,3.88,0,45
2026-06-24T11:00,30.3,27.6,895.0,910.0,5.5,3.56,0,48
2026-06-24T12:00,31.0,28.0,878.0,894.0,5.9,4.09,0,1
2026-06-24T13:00,31.1,28.2,813.0,829.0,6.2,4.36,0,5
2026-06-24T14:00,30.8,28.1,707.0,727.0,6.7,4.42,50,23
2026-06-24T15:00,30.5,27.7,564.0,588.0,6.9,4.6,0,55
2026-06-24T16:00,29.0,26.9,383.0,415.0,7.7,5.3,25,65
2026-06-24T17:00,27.6,25.8,231.0,251.0,7.3,5.5,0,95
2026-06-24T18:00,26.7,24.7,98.0,83.0,5.8,5.28,0,17
2026-06-24T19:00,25.4,22.6,13.0,11.0,5.8,5.34,1,1
2026-06-24T20:00,24.3,20.7,0.0,0.0,5.8,5.15,15,0
2026-06-24T21:00,23.2,19.3,0.0,0.0,7.0,5.66,0,0
2026-06-24T22:00,22.3,18.6,0.0,0.0,7.4,5.64,0,0
2026-06-24T23:00,21.6,17.9,0.0,0.0,7.9,5.43,0,9
2026-06-25T00:00,21.6,17.8,0.0,0.0,8.5,5.36,0,16
2026-06-25T01:00,21.2,17.5,0.0,0.0,8.2,5.75,6,13
2026-06-25T02:00,20.7,17.2,0.0,0.0,8.3,5.9,0,5
2026-06-25T03:00,20.4,16.7,4.0,3.0,7.9,5.75,0,0
2026-06-25T04:00,21.1,17.9,76.0,76.0,8.5,5.5,0,0
2026-06-25T05:00,22.2,20.4,210.0,219.0,7.0,5.66,0,0
2026-06-25T06:00,24.1,23.3,368.0,383.0,6.1,4.05,0,0
2026-06-25T07:00,25.6,25.3,528.0,547.0,5.1,4.1,0,0
2026-06-25T08:00,27.4,26.9,670.0,693.0,4.5,3.92,0,0
2026-06-25T09:00,28.6,28.1,786.0,810.0,5.3,3.8,0,0
2026-06-25T10:00,29.8,28.9,863.0,885.0,5.8,3.29,0,0
2026-06-25T11:00,31.0,29.6,891.0,912.0,6.6,2.88,0,0
2026-06-25T12:00,31.7,30.1,865.0,892.0,5.8,2.49,0,0
2026-06-25T13:00,32.0,30.5,799.0,825.0,6.2,2.8,0,0
2026-06-25T14:00,31.8,30.6,691.0,719.0,6.3,3.53,0,0
2026-06-25T15:00,31.4,30.2,554.0,578.0,6.7,4.86,0,0
2026-06-25T16:00,30.7,29.3,399.0,417.0,6.8,5.89,0,1
2026-06-25T17:00,29.5,28.1,243.0,250.0,7.0,5.86,0,0
2026-06-25T18:00,28.5,26.8,104.0,105.0,6.7,3.65,0,1
2026-06-25T19:00,27.3,25.0,13.0,11.0,5.3,3.96,0,0
2026-06-25T20:00,26.3,23.3,0.0,0.0,5.8,4.6,0,0
2026-06-25T21:00,25.2,22.3,0.0,0.0,6.8,4.25,0,0
2026-06-25T22:00,24.4,21.3,0.0,0.0,6.7,3.56,0,0
2026-06-25T23:00,23.8,20.3,0.0,0.0,6.3,2.79,0,0
2026-06-26T00:00,23.0,19.0,0.0,0.0,5.2,2.22,0,0
2026-06-26T01:00,22.5,18.5,0.0,0.0,5.1,2.31,0,1
2026-06-26T02:00,22.3,18.0,0.0,0.0,5.0,2.57,0,4
2026-06-26T03:00,21.7,17.8,4.0,3.0,2.6,2.64,1,0
2026-06-26T04:00,22.3,19.0,74.0,73.0,2.2,2.75,0,0
2026-06-26T05:00,24.2,21.7,203.0,212.0,2.6,2.69,0,0
2026-06-26T06:00,27.1,24.8,357.0,374.0,2.1,1.12,0,0
2026-06-26T07:00,29.5,27.6,512.0,535.0,3.8,0.72,0,0
2026-06-26T08:00,30.9,29.5,654.0,677.0,4.3,1.31,0,0
2026-06-26T09:00,32.3,30.6,762.0,758.0,3.9,1.5,3,0
2026-06-26T10:00,33.3,31.9,803.0,857.0,4.5,1.46,15,16
2026-06-26T11:00,34.3,32.8,861.0,824.0,5.0,1.98,0,13
2026-06-26T12:00,34.5,32.4,842.0,757.0,6.3,3.75,16,9
2026-06-26T13:00,34.7,32.1,771.0,747.0,5.9,4.15,0,4
2026-06-26T14:00,34.6,32.2,686.0,596.0,6.4,3.3,0,8
2026-06-26T15:00,34.3,32.6,549.0,541.0,6.1,2.46,0,9
2026-06-26T16:00,33.6,32.5,395.0,408.0,5.9,2.72,0,2
2026-06-26T17:00,32.4,31.7,240.0,245.0,6.1,4.16,0,2
2026-06-26T18:00,31.2,30.3,103.0,102.0,6.4,4.9,0,0
2026-06-26T19:00,29.7,28.5,13.0,11.0,6.8,5.27,0,1
2026-06-26T20:00,28.5,26.9,0.0,0.0,7.5,5.61,0,0
2026-06-26T21:00,27.4,25.6,0.0,0.0,8.0,5.01,0,0
2026-06-26T22:00,26.7,25.0,0.0,0.0,8.3,5.41,0,0
2026-06-26T23:00,26.2,24.3,0.0,0.0,7.6,5.31,0,0
2026-06-27T00:00,24.9,22.7,0.0,0.0,7.0,5.97,0,0
2026-06-27T01:00,24.4,21.6,0.0,0.0,6.3,5.87,0,0
2026-06-27T02:00,23.6,20.9,0.0,0.0,7.6,5.71,0,0
2026-06-27T03:00,23.1,20.6,4.0,3.0,6.7,5.71,0,0
2026-06-27T04:00,23.9,21.7,75.0,73.0,5.9,5.35,0,0
2026-06-27T05:00,25.6,24.2,204.0,212.0,4.5,5.45,0,0
2026-06-27T06:00,28.0,26.9,359.0,374.0,4.7,4.45,0,0
2026-06-27T07:00,30.1,29.0,516.0,536.0,3.7,3.57,0,0
2026-06-27T08:00,31.8,30.7,658.0,680.0,2.0,2.44,0,0
2026-06-27T09:00,33.5,31.7,775.0,796.0,1.5,1.57,0,0
2026-06-27T10:00,35.4,32.6,850.0,874.0,3.6,1.43,0,0
2026-06-27T11:00,36.3,33.2,881.0,905.0,3.6,1.36,0,0
2026-06-27T12:00,37.1,33.8,862.0,882.0,2.6,1.45,0,0
2026-06-27T13:00,37.6,34.1,799.0,821.0,2.8,1.66,0,0
2026-06-27T14:00,37.9,34.2,693.0,719.0,2.7,2.15,0,0
2026-06-27T15:00,37.6,34.0,556.0,581.0,3.2,2.41,0,0
2026-06-27T16:00,37.1,33.5,402.0,423.0,3.9,2.49,0,0
2026-06-27T17:00,36.4,32.6,243.0,258.0,3.8,2.75,0,0
2026-06-27T18:00,35.5,31.8,104.0,106.0,4.1,1.77,0,0
2026-06-27T19:00,33.2,30.4,13.0,12.0,6.4,0.85,0,0
2026-06-27T20:00,31.2,28.6,0.0,0.0,7.1,1.19,0,0
2026-06-27T21:00,29.7,26.9,0.0,0.0,2.1,1.41,0,0
2026-06-27T22:00,29.2,25.4,0.0,0.0,0.5,1.45,0,0
2026-06-27T23:00,28.3,23.9,0.0,0.0,1.4,1.5,0,0
2026-06-28T00:00,26.9,21.9,0.0,0.0,1.9,1.52,0,0
2026-06-28T01:00,26.4,21.1,0.0,0.0,2.2,1.69,0,0
2026-06-28T02:00,25.8,20.7,0.0,0.0,2.2,1.68,0,0
2026-06-28T03:00,25.2,20.4,3.0,3.0,1.8,1.91,0,0
2026-06-28T04:00,26.1,21.4,72.0,73.0,2.7,1.96,0,0
2026-06-28T05:00,27.5,24.3,203.0,213.0,1.0,1.75,0,16
2026-06-28T06:00,30.4,27.5,359.0,377.0,0.8,0.5,0,0
2026-06-28T07:00,33.1,29.8,516.0,539.0,3.0,1.05,0,9
2026-06-28T08:00,34.7,31.3,660.0,682.0,3.2,1.89,0,4
2026-06-28T09:00,36.4,32.5,775.0,797.0,2.9,2.8,0,5
2026-06-28T10:00,38.0,33.3,850.0,869.0,2.9,3.7,0,0
2026-06-28T11:00,39.0,33.9,880.0,899.0,2.7,3.92,0,1
2026-06-28T12:00,39.2,34.6,858.0,861.0,2.8,3.6,0,5
2026-06-28T13:00,39.6,34.8,790.0,772.0,2.9,3.28,6,20
2026-06-28T14:00,39.7,34.7,648.0,634.0,2.8,3.12,8,9
2026-06-28T15:00,39.3,34.5,432.0,562.0,2.3,2.77,91,9
2026-06-28T16:00,32.2,33.9,119.0,402.0,7.9,2.33,0,10
2026-06-28T17:00,34.7,33.2,245.0,247.0,3.7,1.8,0,10
2026-06-28T18:00,37.5,32.0,70.0,102.0,4.6,1.1,0,2
2026-06-28T19:00,35.4,30.3,12.0,11.0,3.9,1.33,13,2
2026-06-28T20:00,34.2,29.5,0.0,0.0,3.6,0.74,26,16
2026-06-28T21:00,32.8,28.9,0.0,0.0,3.8,0.97,2,2
2026-06-28T22:00,30.8,26.9,0.0,0.0,3.2,2.6,1,0
2026-06-28T23:00,30.0,26.0,0.0,0.0,1.6,1.81,5,0
2026-06-29T00:00,29.4,25.6,0.0,0.0,4.2,0.79,0,3
2026-06-29T01:00,27.8,24.9,0.0,0.0,3.0,0.63,0,27
2026-06-29T02:00,27.5,24.5,0.0,0.0,3.7,0.91,0,16
2026-06-29T03:00,26.8,24.0,3.0,2.0,1.6,0.93,0,1
2026-06-29T04:00,27.1,24.6,73.0,72.0,1.2,0.14,0,0
2026-06-29T05:00,28.8,26.3,202.0,209.0,1.6,1.19,87,0
2026-06-29T06:00,30.8,28.3,355.0,371.0,0.8,0.45,96,0
2026-06-29T07:00,32.8,30.6,502.0,532.0,0.4,0.4,87,0
2026-06-29T08:00,35.0,32.5,651.0,675.0,0.5,1.32,1,6
2026-06-29T09:00,37.0,34.1,772.0,787.0,0.1,2.69,68,0
2026-06-29T10:00,38.6,35.1,828.0,861.0,0.4,3.79,99,0
2026-06-29T11:00,40.0,35.8,828.0,890.0,1.4,4.1,99,1
2026-06-29T12:00,33.0,36.1,463.0,877.0,14.3,3.67,100,10
2026-06-29T13:00,30.0,36.3,95.0,801.0,2.0,2.98,100,3
2026-06-29T14:00,29.2,36.3,120.0,692.0,7.1,2.31,100,12
2026-06-29T15:00,29.7,36.1,342.0,568.0,7.8,2.17,8,13
2026-06-29T16:00,31.1,35.5,391.0,407.0,7.5,1.75,1,11
2026-06-29T17:00,31.5,34.8,211.0,238.0,6.3,0.67,50,5
2026-06-29T18:00,32.5,33.0,82.0,102.0,6.7,2.12,100,6
2026-06-29T19:00,31.1,30.6,9.0,11.0,1.6,1.61,97,9
2026-06-29T20:00,30.6,28.9,0.0,0.0,3.1,2.47,100,13
2026-06-29T21:00,29.6,27.6,0.0,0.0,7.9,2.25,15,16
2026-06-29T22:00,29.4,26.6,0.0,0.0,6.9,2.54,97,34
2026-06-29T23:00,29.0,25.9,0.0,0.0,6.9,2.91,100,39
2026-06-30T00:00,27.8,24.4,0.0,0.0,9.6,2.77,97,0
2026-06-30T01:00,27.4,24.2,0.0,0.0,8.6,6.61,9,4
2026-06-30T02:00,26.7,23.9,0.0,0.0,8.2,4.73,0,0
2026-06-30T03:00,26.1,23.1,3.0,2.0,10.0,4.61,0,0
2026-06-30T04:00,26.9,24.0,70.0,69.0,9.0,4.5,0,0
2026-06-30T05:00,28.2,26.5,200.0,207.0,7.8,4.9,0,0
2026-06-30T06:00,29.4,29.7,354.0,366.0,6.9,3.75,0,0
2026-06-30T07:00,30.9,32.4,511.0,525.0,6.5,3.0,0,1
2026-06-30T08:00,33.0,34.2,654.0,668.0,4.8,2.61,76,38
2026-06-30T09:00,34.7,35.5,764.0,774.0,4.2,1.9,97,51
2026-06-30T10:00,36.3,36.5,810.0,845.0,4.4,1.8,100,70
2026-06-30T11:00,37.6,34.3,838.0,870.0,5.3,5.26,97,98
2026-06-30T12:00,37.1,33.7,838.0,576.0,7.0,2.87,91,94
2026-06-30T13:00,37.1,34.3,788.0,571.0,7.3,5.08,97,64
2026-06-30T14:00,36.6,34.5,517.0,589.0,5.5,5.06,100,88
2026-06-30T15:00,35.4,33.6,324.0,461.0,8.6,5.03,100,86
2026-06-30T16:00,23.6,32.9,76.0,320.0,6.2,3.33,100,67
2026-06-30T17:00,24.9,32.3,3.0,212.0,6.3,2.58,100,97
2026-06-30T18:00,27.3,31.6,23.0,69.0,4.3,1.91,100,99
2026-06-30T19:00,25.9,29.8,4.0,8.0,4.9,2.01,100,99
2026-06-30T20:00,25.7,28.4,0.0,0.0,4.0,2.87,100,100
2026-06-30T21:00,23.6,27.0,0.0,0.0,6.4,2.77,2,100
2026-06-30T22:00,23.0,25.6,0.0,0.0,8.9,2.74,0,100
2026-06-30T23:00,23.0,24.9,0.0,0.0,7.1,2.8,0,98
2026-07-01T00:00,23.3,24.2,0.0,0.0,4.7,3.81,31,87
2026-07-01T01:00,23.3,24.0,0.0,0.0,5.9,4.37,31,41
2026-07-01T02:00,23.2,23.5,0.0,0.0,6.3,3.63,0,26
2026-07-01T03:00,22.8,22.9,2.0,2.0,5.9,3.31,100,48
2026-07-01T04:00,23.4,23.8,15.0,65.0,5.8,3.2,100,45
2026-07-01T05:00,25.0,26.2,102.0,199.0,5.4,2.68,91,16
2026-07-01T06:00,26.1,28.9,157.0,346.0,5.2,1.57,100,58
2026-07-01T07:00,27.8,30.5,281.0,506.0,3.3,2.42,76,9
2026-07-01T08:00,29.8,32.0,464.0,658.0,2.2,2.51,39,0
2026-07-01T09:00,31.9,32.7,753.0,775.0,1.5,2.23,0,28
2026-07-01T10:00,33.3,33.3,823.0,799.0,2.8,2.23,7,45
2026-07-01T11:00,34.0,33.6,849.0,790.0,4.0,3.3,4,82
2026-07-01T12:00,36.3,30.2,837.0,591.0,4.9,1.36,59,94
2026-07-01T13:00,36.6,30.1,758.0,479.0,4.5,0.76,100,100
2026-07-01T14:00,36.3,30.0,436.0,461.0,6.1,0.54,86,78
2026-07-01T15:00,27.9,29.6,90.0,436.0,7.4,0.53,100,69
2026-07-01T16:00,22.4,29.9,12.0,361.0,2.1,1.69,100,73
2026-07-01T17:00,21.2,29.9,11.0,238.0,4.6,0.94,100,74
2026-07-01T18:00,25.5,27.9,80.0,84.0,4.1,0.65,100,84
2026-07-01T19:00,24.5,26.5,9.0,10.0,4.7,2.2,100,65
2026-07-01T20:00,24.2,25.4,0.0,0.0,2.1,3.53,78,56
2026-07-01T21:00,24.7,24.8,0.0,0.0,2.6,5.12,86,77
2026-07-01T22:00,23.7,24.2,0.0,0.0,7.6,4.61,73,59
2026-07-01T23:00,23.4,23.2,0.0,0.0,7.2,6.5,6,78
2026-07-02T00:00,23.2,19.7,0.0,0.0,7.2,4.96,100,92
2026-07-02T01:00,23.2,20.1,0.0,0.0,8.0,5.15,100,100
2026-07-02T02:00,22.8,19.8,0.0,0.0,7.5,6.06,93,100
2026-07-02T03:00,22.5,19.7,2.0,1.0,11.1,8.47,0,100
2026-07-02T04:00,22.5,19.6,65.0,28.0,9.1,8.16,3,100
2026-07-02T05:00,23.1,20.2,188.0,77.0,9.6,7.77,8,100
2026-07-02T06:00,22.4,21.6,324.0,267.0,10.5,6.75,5,100
2026-07-02T07:00,23.4,22.1,484.0,232.0,10.4,6.21,9,100
2026-07-02T08:00,23.9,23.7,603.0,405.0,10.4,7.66,21,77
2026-07-02T09:00,23.6,24.6,596.0,611.0,10.2,7.98,96,57
2026-07-02T10:00,23.6,25.6,629.0,815.0,10.8,7.55,17,41
2026-07-02T11:00,23.0,25.4,770.0,661.0,12.3,8.56,100,91
2026-07-02T12:00,23.0,26.0,788.0,665.0,12.9,9.4,1,93
2026-07-02T13:00,23.0,26.3,781.0,700.0,11.7,9.7,3,96
2026-07-02T14:00,23.3,25.3,672.0,550.0,10.6,9.65,0,99
2026-07-02T15:00,23.7,24.6,543.0,377.0,9.5,10.08,60,100
2026-07-02T16:00,22.9,23.8,265.0,225.0,10.4,9.56,96,100
2026-07-02T17:00,22.6,23.3,165.0,126.0,9.4,9.38,93,100
2026-07-02T18:00,21.6,22.8,100.0,63.0,8.5,8.7,2,94
2026-07-02T19:00,20.9,22.2,11.0,6.0,9.1,8.85,1,38
2026-07-02T20:00,20.4,20.6,0.0,0.0,8.3,8.22,0,85
2026-07-02T21:00,20.4,19.3,0.0,0.0,8.6,9.59,98,99
2026-07-02T22:00,20.3,19.7,0.0,0.0,8.4,8.09,2,99
2026-07-02T23:00,19.7,19.1,0.0,0.0,9.1,7.39,0,100
2026-07-03T00:00,18.9,19.2,0.0,0.0,9.0,8.3,0,1
2026-07-03T01:00,18.9,19.1,0.0,0.0,9.1,8.61,0,3
2026-07-03T02:00,18.6,18.6,0.0,0.0,9.2,8.3,0,3
2026-07-03T03:00,18.3,18.1,3.0,2.0,8.7,7.85,0,0
2026-07-03T04:00,18.7,18.5,69.0,67.0,7.8,7.0,0,0
2026-07-03T05:00,20.0,20.1,200.0,207.0,6.3,7.05,0,0
2026-07-03T06:00,21.8,21.3,361.0,375.0,6.3,4.73,0,0
2026-07-03T07:00,23.4,22.7,520.0,539.0,5.4,5.89,0,0
2026-07-03T08:00,25.0,23.7,660.0,684.0,5.2,6.18,0,9
2026-07-03T09:00,25.9,24.5,770.0,768.0,5.8,5.25,35,1
2026-07-03T10:00,24.8,25.6,589.0,863.0,8.3,5.47,84,13
2026-07-03T11:00,25.0,26.3,726.0,815.0,9.0,5.71,25,100
2026-07-03T12:00,24.7,25.5,851.0,609.0,10.0,6.64,70,27
2026-07-03T13:00,22.7,25.4,732.0,646.0,12.1,5.42,3,40
2026-07-03T14:00,22.3,25.2,676.0,521.0,12.2,6.65,0,16
2026-07-03T15:00,23.3,25.3,564.0,527.0,10.2,7.27,0,7
2026-07-03T16:00,22.7,24.3,420.0,403.0,10.8,7.68,0,3
2026-07-03T17:00,21.9,23.0,258.0,255.0,11.0,8.47,0,0
2026-07-03T18:00,21.0,21.2,108.0,108.0,9.4,8.45,0,0
2026-07-03T19:00,20.1,19.8,13.0,11.0,7.2,8.36,0,0
2026-07-03T20:00,19.1,18.7,0.0,0.0,5.3,8.01,0,0
2026-07-03T21:00,18.1,17.8,0.0,0.0,7.2,7.17,0,0
2026-07-03T22:00,17.6,16.8,0.0,0.0,7.2,6.25,0,1
2026-07-03T23:00,17.0,16.2,0.0,0.0,6.1,6.82,0,32
2026-07-04T00:00,16.0,16.6,0.0,0.0,5.3,4.41,0,0
2026-07-04T01:00,15.2,16.0,0.0,0.0,2.4,4.59,0,0
2026-07-04T02:00,14.4,15.2,0.0,0.0,0.5,4.43,0,0
2026-07-04T03:00,14.0,14.5,3.0,2.0,1.1,3.29,0,0
2026-07-04T04:00,14.6,15.7,70.0,68.0,1.5,2.58,0,0
2026-07-04T05:00,16.5,17.7,204.0,207.0,1.6,1.95,0,0
2026-07-04T06:00,18.5,19.1,363.0,375.0,1.5,3.65,0,0
2026-07-04T07:00,20.3,20.4,525.0,540.0,4.2,4.28,0,4
2026-07-04T08:00,21.6,21.9,676.0,673.0,5.7,4.7,0,13
2026-07-04T09:00,22.9,23.2,797.0,766.0,5.6,4.11,0,18
2026-07-04T10:00,24.4,24.4,885.0,855.0,5.3,4.27,4,4
2026-07-04T11:00,25.4,25.2,896.0,893.0,4.9,4.8,5,34
2026-07-04T12:00,25.4,25.6,852.0,739.0,5.8,3.19,8,81
2026-07-04T13:00,25.7,25.7,809.0,655.0,6.0,3.54,0,88
2026-07-04T14:00,25.4,25.5,712.0,593.0,7.2,5.21,0,91
2026-07-04T15:00,25.0,24.8,577.0,457.0,8.2,6.23,0,54
2026-07-04T16:00,24.4,24.1,418.0,389.0,8.2,6.91,0,13
2026-07-04T17:00,23.5,23.1,252.0,256.0,7.3,7.22,0,6
2026-07-04T18:00,22.5,22.0,106.0,104.0,5.7,6.97,0,3
2026-07-04T19:00,21.1,20.6,12.0,11.0,4.2,7.35,0,2
2026-07-04T20:00,20.0,19.7,0.0,0.0,3.8,8.17,2,3
2026-07-04T21:00,20.0,18.7,0.0,0.0,4.1,5.3,0,3
2026-07-04T22:00,19.2,18.0,0.0,0.0,4.2,5.3,0,2
2026-07-04T23:00,18.1,16.8,0.0,0.0,3.3,4.38,0,6
2026-07-05T00:00,16.5,15.2,0.0,0.0,5.5,5.94,0,0
2026-07-05T01:00,15.7,14.5,0.0,0.0,4.9,5.52,0,0
2026-07-05T02:00,15.1,14.0,0.0,0.0,5.0,5.38,0,0
2026-07-05T03:00,14.8,13.9,2.0,2.0,0.8,5.6,0,0
2026-07-05T04:00,15.0,15.3,66.0,67.0,1.1,5.77,4,18
2026-07-05T05:00,16.6,17.2,164.0,190.0,1.2,3.75,98,38
2026-07-05T06:00,16.8,17.8,75.0,356.0,0.8,3.18,100,20
2026-07-05T07:00,17.7,19.0,88.0,507.0,2.3,4.23,100,84
2026-07-05T08:00,19.9,20.0,288.0,518.0,4.1,4.97,46,97
2026-07-05T09:00,22.7,20.9,638.0,548.0,5.8,5.3,100,55
2026-07-05T10:00,24.1,21.8,647.0,673.0,4.4,4.93,48,55
2026-07-05T11:00,23.7,22.4,465.0,674.0,3.4,4.09,89,23
2026-07-05T12:00,22.6,23.5,295.0,763.0,4.6,3.1,100,30
2026-07-05T13:00,23.7,24.1,473.0,655.0,4.4,3.85,0,61
2026-07-05T14:00,24.7,22.5,626.0,515.0,3.9,4.47,100,33
2026-07-05T15:00,20.1,22.9,102.0,512.0,6.9,2.15,100,2
2026-07-05T16:00,21.5,23.3,118.0,399.0,3.4,1.7,74,35
2026-07-05T17:00,21.6,22.2,102.0,207.0,3.8,2.09,100,32
2026-07-05T18:00,20.4,21.4,6.0,85.0,5.0,1.76,100,40
2026-07-05T19:00,19.8,20.0,3.0,9.0,3.6,1.59,70,17
2026-07-05T20:00,18.9,18.9,0.0,0.0,3.4,3.42,90,26
2026-07-05T21:00,17.9,18.3,0.0,0.0,1.9,4.23,89,41
2026-07-05T22:00,18.0,17.3,0.0,0.0,3.6,4.16,87,45
2026-07-05T23:00,17.7,16.5,0.0,0.0,4.3,3.76,20,68
2026-07-06T00:00,16.3,15.0,0.0,0.0,1.1,3.11,6,73
2026-07-06T01:00,16.2,14.8,0.0,0.0,5.8,4.0,52,71
2026-07-06T02:00,15.5,14.6,0.0,0.0,4.4,3.75,3,69
2026-07-06T03:00,14.8,14.1,2.0,2.0,4.2,3.22,1,81
2026-07-06T04:00,15.5,15.2,66.0,53.0,1.6,2.14,0,32
2026-07-06T05:00,17.2,16.8,197.0,178.0,1.7,1.15,4,16
2026-07-06T06:00,19.7,18.6,355.0,346.0,2.2,2.09,6,39
2026-07-06T07:00,20.5,20.1,383.0,476.0,2.6,3.85,23,18
2026-07-06T08:00,22.4,21.3,646.0,598.0,4.2,3.63,29,21
2026-07-06T09:00,23.7,22.2,781.0,634.0,3.5,2.89,15,25
2026-07-06T10:00,24.7,23.1,821.0,732.0,2.9,1.87,42,30
2026-07-06T11:00,25.4,23.9,771.0,777.0,5.4,0.51,63,47
2026-07-06T12:00,26.3,23.5,734.0,734.0,2.1,1.6,90,76
2026-07-06T13:00,24.7,23.8,248.0,713.0,6.9,0.74,100,88
2026-07-06T14:00,24.7,22.7,236.0,539.0,3.1,2.62,100,96
2026-07-06T15:00,25.3,20.8,242.0,452.0,4.4,3.33,99,73
2026-07-06T16:00,22.9,21.1,157.0,329.0,6.4,2.12,100,75
2026-07-06T17:00,22.0,21.2,201.0,181.0,5.6,2.0,100,84
2026-07-06T18:00,19.5,20.9,55.0,64.0,2.9,1.96,100,100
2026-07-06T19:00,19.3,19.9,2.0,6.0,3.5,1.97,100,94
2026-07-06T20:00,19.0,19.3,0.0,0.0,3.5,4.99,100,99
2026-07-06T21:00,18.0,18.9,0.0,0.0,3.7,5.31,64,100
2026-07-06T22:00,18.1,18.1,0.0,0.0,2.5,5.4,66,100
2026-07-06T23:00,18.0,17.8,0.0,0.0,1.4,4.36,80,91
2026-07-07T00:00,17.8,17.7,0.0,0.0,2.2,1.01,22,70
2026-07-07T01:00,17.3,17.7,0.0,0.0,1.6,0.67,29,55
2026-07-07T02:00,16.9,17.3,0.0,0.0,2.6,1.34,96,88
2026-07-07T03:00,16.5,16.9,1.0,1.0,4.1,2.95,88,85
2026-07-07T04:00,16.8,17.1,61.0,38.0,3.9,3.43,19,69
2026-07-07T05:00,17.4,18.1,120.0,187.0,3.6,2.86,100,96
2026-07-07T06:00,18.2,17.4,69.0,187.0,1.9,3.02,100,89
2026-07-07T07:00,18.8,18.9,82.0,316.0,2.5,3.22,100,90
2026-07-07T08:00,21.6,19.9,435.0,383.0,2.9,2.93,22,98
2026-07-07T09:00,24.3,19.8,737.0,249.0,4.2,3.06,93,98
2026-07-07T10:00,26.1,21.5,724.0,503.0,5.0,3.86,99,88
2026-07-07T11:00,27.3,23.8,622.0,811.0,5.0,4.84,100,93
2026-07-07T12:00,28.5,25.8,793.0,824.0,4.6,5.35,100,45
2026-07-07T13:00,28.9,26.5,594.0,755.0,4.9,5.95,93,99
2026-07-07T14:00,28.6,25.7,436.0,400.0,6.0,5.91,92,98
2026-07-07T15:00,27.3,24.7,220.0,150.0,6.5,5.9,100,92
2026-07-07T16:00,21.2,25.1,86.0,276.0,14.7,7.01,100,99
2026-07-07T17:00,17.2,20.6,12.0,99.0,5.0,6.71,100,100
2026-07-07T18:00,19.5,23.1,7.0,44.0,5.4,2.06,100,89
2026-07-07T19:00,17.9,21.6,1.0,6.0,2.7,2.18,97,96
2026-07-07T20:00,18.0,21.0,0.0,0.0,2.6,3.89,100,96
2026-07-07T21:00,18.9,19.7,0.0,0.0,1.9,4.91,99,98
2026-07-07T22:00,18.9,19.2,0.0,0.0,1.5,4.84,100,100
2026-07-07T23:00,18.7,19.4,0.0,0.0,4.8,5.66,100,100
2026-07-08T00:00,18.5,18.8,0.0,0.0,5.2,5.6,100,99
2026-07-08T01:00,18.4,18.8,0.0,0.0,6.3,7.71,100,100
2026-07-08T02:00,18.1,18.7,0.0,0.0,4.7,6.06,100,98
2026-07-08T03:00,17.6,17.6,0.0,1.0,0.7,5.01,100,100
2026-07-08T04:00,17.0,17.8,2.0,5.0,3.2,1.68,100,100
2026-07-08T05:00,16.9,17.8,15.0,40.0,4.5,1.86,100,99
2026-07-08T06:00,18.9,18.6,225.0,152.0,3.4,0.5,74,94
2026-07-08T07:00,19.1,20.5,321.0,341.0,7.9,5.42,0,28
2026-07-08T08:00,20.3,21.2,663.0,525.0,6.3,6.08,0,9
2026-07-08T09:00,22.0,22.1,746.0,736.0,5.8,6.79,5,13
2026-07-08T10:00,22.7,22.8,887.0,804.0,5.8,7.11,0,9
2026-07-08T11:00,23.8,23.2,930.0,902.0,6.6,7.07,0,34
2026-07-08T12:00,24.4,24.2,912.0,872.0,7.3,5.81,0,23
2026-07-08T13:00,24.5,24.0,844.0,818.0,7.3,6.06,1,75
2026-07-08T14:00,24.1,23.4,724.0,649.0,7.6,6.52,1,72
2026-07-08T15:00,24.0,22.6,594.0,547.0,7.5,7.25,0,59
2026-07-08T16:00,23.4,21.4,420.0,398.0,5.8,7.56,0,59
2026-07-08T17:00,22.2,20.2,252.0,243.0,6.8,7.97,0,73
2026-07-08T18:00,20.7,18.9,104.0,93.0,6.1,8.51,0,13
2026-07-08T19:00,19.4,17.6,11.0,10.0,4.6,7.75,0,5
2026-07-08T20:00,18.3,16.7,0.0,0.0,4.0,6.81,0,0
2026-07-08T21:00,16.7,15.9,0.0,0.0,5.0,6.12,0,0
2026-07-08T22:00,15.8,15.3,0.0,0.0,5.9,5.35,0,0
2026-07-08T23:00,14.5,14.1,0.0,0.0,2.4,3.68,0,0
2026-07-09T00:00,14.6,12.7,0.0,0.0,1.6,1.98,0,1
2026-07-09T01:00,14.4,12.3,0.0,0.0,2.8,2.94,0,1
2026-07-09T02:00,13.4,12.0,0.0,0.0,1.6,3.11,0,1
2026-07-09T03:00,13.1,11.5,1.0,1.0,2.5,3.3,0,1
2026-07-09T04:00,14.1,12.3,63.0,61.0,2.8,3.58,0,5
2026-07-09T05:00,16.3,13.9,190.0,203.0,2.0,3.02,63,2
2026-07-09T06:00,17.7,16.5,195.0,354.0,3.7,1.83,100,5
2026-07-09T07:00,20.0,18.7,490.0,532.0,5.1,1.9,0,29
2026-07-09T08:00,21.7,19.7,671.0,662.0,6.2,2.39,0,41
2026-07-09T09:00,21.8,19.7,594.0,659.0,5.5,2.91,100,51
2026-07-09T10:00,16.3,19.6,174.0,574.0,6.4,2.94,100,46
2026-07-09T11:00,16.1,20.5,236.0,737.0,3.1,1.04,100,86
2026-07-09T12:00,16.6,22.0,293.0,773.0,3.4,2.14,100,71
2026-07-09T13:00,18.5,19.4,463.0,505.0,2.6,6.52,45,80
2026-07-09T14:00,19.8,18.4,620.0,420.0,4.2,5.2,100,12
2026-07-09T15:00,20.8,19.8,349.0,527.0,6.6,5.05,99,36
2026-07-09T16:00,20.4,19.6,348.0,342.0,5.7,6.79,50,25
2026-07-09T17:00,19.5,18.6,194.0,208.0,4.7,4.85,33,14
2026-07-09T18:00,17.3,17.2,92.0,93.0,0.1,5.55,0,53
2026-07-09T19:00,16.8,16.2,10.0,8.0,2.0,5.31,100,92
2026-07-09T20:00,15.9,16.1,0.0,0.0,1.5,4.99,10,54
2026-07-09T21:00,16.1,14.9,0.0,0.0,0.7,3.99,94,67
2026-07-09T22:00,16.2,14.4,0.0,0.0,0.7,3.32,98,79
2026-07-09T23:00,15.6,13.8,0.0,0.0,3.1,3.3,49,30
2026-07-10T00:00,15.4,13.1,0.0,0.0,0.5,1.93,47,33
2026-07-10T01:00,15.0,12.2,0.0,0.0,0.5,1.44,50,20
2026-07-10T02:00,14.6,11.7,0.0,0.0,1.9,1.48,79,30
2026-07-10T03:00,13.2,11.4,1.0,1.0,1.4,1.09,92,21
2026-07-10T04:00,13.3,12.3,58.0,56.0,1.4,1.63,14,7
2026-07-10T05:00,15.2,14.1,176.0,187.0,1.7,2.1,41,5
2026-07-10T06:00,15.8,16.9,216.0,354.0,1.0,1.36,95,3
2026-07-10T07:00,17.5,18.4,365.0,484.0,1.4,2.2,92,24
2026-07-10T08:00,19.0,19.1,504.0,578.0,0.4,2.69,95,42
2026-07-10T09:00,20.9,19.6,373.0,667.0,0.8,3.38,96,58
2026-07-10T10:00,21.2,19.9,459.0,668.0,3.1,3.98,100,52
2026-07-10T11:00,21.8,20.3,430.0,643.0,3.3,3.76,100,50
2026-07-10T12:00,22.4,20.2,387.0,649.0,2.2,2.6,45,63
2026-07-10T13:00,22.7,20.2,677.0,651.0,7.4,2.13,100,53
2026-07-10T14:00,21.7,21.2,383.0,623.0,5.3,1.45,100,26
2026-07-10T15:00,22.5,21.1,501.0,489.0,6.1,0.75,100,32
2026-07-10T16:00,21.4,20.5,139.0,302.0,3.2,0.79,100,19
2026-07-10T17:00,21.6,20.0,149.0,225.0,1.1,0.05,1,2
2026-07-10T18:00,21.0,18.2,69.0,89.0,2.4,1.15,95,2
2026-07-10T19:00,19.9,16.1,4.0,9.0,1.2,1.77,2,7
2026-07-10T20:00,19.1,14.8,0.0,0.0,2.2,1.71,0,47
2026-07-10T21:00,18.4,15.1,0.0,0.0,2.5,4.16,8,27
2026-07-10T22:00,17.3,15.0,0.0,0.0,2.8,4.55,8,47
2026-07-10T23:00,17.0,14.7,0.0,0.0,3.6,2.42,58,47
2026-07-11T00:00,15.5,14.5,0.0,0.0,4.2,0.16,60,83
2026-07-11T01:00,16.0,13.9,0.0,0.0,1.0,0.4,70,55
2026-07-11T02:00,15.8,13.2,0.0,0.0,0.9,1.05,100,5
2026-07-11T03:00,14.8,12.6,1.0,1.0,0.4,0.53,100,4
2026-07-11T04:00,15.5,13.2,44.0,55.0,1.7,1.43,20,9
2026-07-11T05:00,17.2,15.8,179.0,174.0,2.9,2.18,62,16
2026-07-11T06:00,18.9,17.9,215.0,324.0,2.4,1.98,0,41
2026-07-11T07:00,20.5,19.3,496.0,427.0,2.5,1.78,1,20
2026-07-11T08:00,20.6,20.9,361.0,551.0,3.9,2.82,100,16
2026-07-11T09:00,20.2,21.8,389.0,678.0,8.9,3.12,100,20
2026-07-11T10:00,17.4,22.1,60.0,710.0,4.9,2.46,100,45
2026-07-11T11:00,17.8,22.8,230.0,731.0,6.0,1.77,100,41
2026-07-11T12:00,22.8,23.1,507.0,747.0,1.7,1.86,100,24
2026-07-11T13:00,24.0,23.4,303.0,693.0,2.5,1.7,72,21
2026-07-11T14:00,24.9,23.5,479.0,600.0,5.3,1.31,13,23
2026-07-11T15:00,23.9,23.3,464.0,496.0,5.8,1.52,1,23
2026-07-11T16:00,23.4,22.5,400.0,346.0,5.9,2.21,0,33
2026-07-11T17:00,22.3,20.8,239.0,191.0,6.0,4.41,0,32
2026-07-11T18:00,20.8,19.9,97.0,86.0,3.9,4.37,0,3
2026-07-11T19:00,19.4,17.8,9.0,8.0,3.7,3.71,0,9
2026-07-11T20:00,18.2,16.7,0.0,0.0,5.2,2.91,0,69
2026-07-11T21:00,16.4,15.7,0.0,0.0,2.2,2.21,0,90
2026-07-11T22:00,16.2,14.8,0.0,0.0,1.6,2.5,0,80
2026-07-11T23:00,16.0,14.2,0.0,0.0,2.5,3.5,0,13
2026-07-12T00:00,15.0,14.7,0.0,0.0,3.9,4.11,0,91
2026-07-12T01:00,14.6,14.5,0.0,0.0,3.8,4.74,6,43
2026-07-12T02:00,14.0,14.1,0.0,0.0,2.5,4.65,100,46
2026-07-12T03:00,14.8,13.5,0.0,0.0,0.7,3.14,100,83
2026-07-12T04:00,15.3,14.1,13.0,46.0,0.5,2.62,72,91
2026-07-12T05:00,15.4,15.2,35.0,126.0,0.6,2.31,99,98
2026-07-12T06:00,16.5,17.5,26.0,284.0,1.4,1.21,100,98
2026-07-12T07:00,17.4,18.2,171.0,313.0,1.2,2.95,100,99
2026-07-12T08:00,19.1,17.1,235.0,152.0,1.3,2.17,100,71
2026-07-12T09:00,20.0,18.6,317.0,439.0,1.3,2.46,100,99
2026-07-12T10:00,18.5,19.6,112.0,517.0,1.7,2.15,100,90
2026-07-12T11:00,18.4,20.2,122.0,462.0,0.9,3.09,100,43
2026-07-12T12:00,18.2,19.6,48.0,546.0,3.0,0.59,100,95
2026-07-12T13:00,18.6,19.0,189.0,374.0,3.7,1.66,100,77
2026-07-12T14:00,18.9,19.7,344.0,348.0,4.8,1.21,100,91
2026-07-12T15:00,22.1,19.2,453.0,214.0,5.4,1.28,100,80
2026-07-12T16:00,21.0,19.1,161.0,211.0,5.6,1.13,27,77
2026-07-12T17:00,20.0,18.6,178.0,134.0,5.2,1.44,46,63
2026-07-12T18:00,16.2,17.6,70.0,63.0,5.5,1.36,17,27
2026-07-12T19:00,15.5,16.9,8.0,6.0,6.3,1.63,51,23
2026-07-12T20:00,15.6,15.9,0.0,0.0,6.0,1.77,13,75
2026-07-12T21:00,16.5,16.1,0.0,0.0,4.2,1.46,34,17
2026-07-12T22:00,16.1,14.5,0.0,0.0,5.3,0.7,100,11
2026-07-12T23:00,16.2,13.8,0.0,0.0,5.4,0.64,100,22
2026-07-13T00:00,15.1,14.0,0.0,0.0,5.9,3.55,100,23
2026-07-13T01:00,15.2,13.9,0.0,0.0,5.0,4.35,100,94
2026-07-13T02:00,15.6,13.7,0.0,0.0,4.6,4.58,100,95
2026-07-13T03:00,15.6,13.5,0.0,1.0,5.9,4.83,100,41
2026-07-13T04:00,15.6,14.4,52.0,49.0,6.8,5.02,2,97
2026-07-13T05:00,16.6,16.4,180.0,156.0,7.4,5.13,33,97
2026-07-13T06:00,18.4,18.2,325.0,336.0,8.5,5.4,91,55
2026-07-13T07:00,19.7,19.6,486.0,469.0,7.8,5.16,95,100
2026-07-13T08:00,21.0,20.3,589.0,431.0,7.2,5.23,99,100
2026-07-13T09:00,22.3,21.4,613.0,545.0,6.9,4.88,90,91
2026-07-13T10:00,23.0,22.4,713.0,599.0,7.5,4.55,99,86
2026-07-13T11:00,21.3,23.0,338.0,629.0,8.0,4.34,100,100
2026-07-13T12:00,22.3,23.5,522.0,626.0,7.9,5.37,33,88
2026-07-13T13:00,23.0,23.5,737.0,472.0,7.9,5.76,48,99
2026-07-13T14:00,23.1,23.8,560.0,502.0,7.2,5.51,59,99
2026-07-13T15:00,23.9,23.7,472.0,371.0,6.7,5.31,97,98
2026-07-13T16:00,23.4,23.6,332.0,358.0,7.3,5.51,4,45
2026-07-13T17:00,22.4,22.8,207.0,225.0,6.6,4.7,82,13
2026-07-13T18:00,22.1,21.8,83.0,81.0,5.5,4.48,26,23
2026-07-13T19:00,21.0,20.1,7.0,6.0,6.3,4.66,0,32
2026-07-13T20:00,20.0,19.3,0.0,0.0,5.8,4.97,0,26
2026-07-13T21:00,20.2,18.8,0.0,0.0,6.3,5.45,0,10
2026-07-13T22:00,19.5,18.4,0.0,0.0,7.5,5.76,5,4
2026-07-13T23:00,19.5,18.0,0.0,0.0,8.3,5.75,0,5
2026-07-14T00:00,18.8,18.0,0.0,0.0,6.2,5.76,0,2
2026-07-14T01:00,18.4,17.2,0.0,0.0,5.3,4.57,0,1
2026-07-14T02:00,18.2,16.5,0.0,0.0,5.6,3.87,0,1
2026-07-14T03:00,18.7,16.2,0.0,0.0,5.1,3.61,0,15
2026-07-14T04:00,18.7,17.1,52.0,50.0,5.6,3.88,0,16
2026-07-14T05:00,21.4,18.8,177.0,178.0,4.2,3.55,0,32
2026-07-14T06:00,22.9,20.5,286.0,331.0,4.4,1.84,6,68
2026-07-14T07:00,24.4,22.6,485.0,478.0,5.8,2.29,1,24
2026-07-14T08:00,25.9,23.9,563.0,591.0,5.0,4.1,96,16
2026-07-14T09:00,27.6,25.1,749.0,697.0,4.9,3.61,0,14
2026-07-14T10:00,28.9,26.0,827.0,790.0,4.4,3.5,56,16
2026-07-14T11:00,29.0,26.5,733.0,759.0,4.7,3.3,96,40
2026-07-14T12:00,27.8,26.8,462.0,813.0,4.9,2.78,100,27
2026-07-14T13:00,28.9,27.4,601.0,750.0,3.8,2.66,79,40
2026-07-14T14:00,28.6,26.9,540.0,493.0,5.5,1.98,94,41
2026-07-14T15:00,27.1,26.8,172.0,488.0,4.6,2.36,100,77
2026-07-14T16:00,25.5,25.6,151.0,267.0,2.6,2.56,100,82
2026-07-14T17:00,25.7,24.3,36.0,172.0,0.7,3.75,100,67
2026-07-14T18:00,25.7,22.7,74.0,88.0,3.7,5.15,12,42
2026-07-14T19:00,24.6,21.1,7.0,7.0,4.6,5.58,2,87
2026-07-14T20:00,23.8,20.2,0.0,0.0,4.5,5.03,9,75
2026-07-14T21:00,23.0,19.4,0.0,0.0,4.4,4.68,83,72
2026-07-14T22:00,22.3,18.9,0.0,0.0,4.0,5.36,0,56
2026-07-14T23:00,21.8,18.5,0.0,0.0,3.7,5.45,44,38
2026-07-15T00:00,20.3,18.3,0.0,0.0,5.1,4.78,100,94
2026-07-15T01:00,19.8,17.9,0.0,0.0,4.6,4.84,100,77
2026-07-15T02:00,19.4,17.6,0.0,0.0,5.5,5.0,100,1
2026-07-15T03:00,18.8,17.1,0.0,1.0,5.4,4.36,17,7
2026-07-15T04:00,19.3,17.9,45.0,48.0,5.5,4.8,82,95
2026-07-15T05:00,20.5,19.8,122.0,156.0,4.0,5.31,100,100
2026-07-15T06:00,20.1,21.1,94.0,314.0,4.6,2.91,100,42
2026-07-15T07:00,21.8,23.4,383.0,496.0,3.8,2.74,100,84
2026-07-15T08:00,22.4,25.0,296.0,616.0,3.7,1.92,100,99
2026-07-15T09:00,24.7,26.1,215.0,650.0,3.9,1.05,100,99
2026-07-15T10:00,25.1,26.9,201.0,625.0,3.9,0.32,100,99
2026-07-15T11:00,26.8,27.0,392.0,585.0,3.1,0.14,100,98
2026-07-15T12:00,26.0,27.5,314.0,646.0,2.0,0.54,99,99
2026-07-15T13:00,26.9,27.3,504.0,533.0,1.2,1.03,100,96
2026-07-15T14:00,27.6,24.8,435.0,459.0,1.9,4.05,100,88
2026-07-15T15:00,24.7,24.9,438.0,400.0,1.4,1.1,6,97
2026-07-15T16:00,24.1,25.0,150.0,287.0,4.8,0.76,100,98
2026-07-15T17:00,24.2,24.7,117.0,138.0,3.4,0.65,3,98
2026-07-15T18:00,24.3,24.4,88.0,55.0,4.3,1.57,0,70
2026-07-15T19:00,23.4,22.8,7.0,6.0,5.7,1.99,7,16
2026-07-15T20:00,23.1,21.1,0.0,0.0,7.6,3.11,79,7
2026-07-15T21:00,21.0,19.9,0.0,0.0,5.3,3.1,0,10
2026-07-15T22:00,20.1,19.2,0.0,0.0,6.0,4.11,0,8
2026-07-15T23:00,19.5,19.0,0.0,0.0,6.5,4.65,0,5
2026-07-16T00:00,20.2,19.2,0.0,0.0,7.3,5.47,7,2
2026-07-16T01:00,20.0,18.6,0.0,0.0,8.9,5.31,0,38
2026-07-16T02:00,20.0,18.1,0.0,0.0,8.7,5.45,2,76
2026-07-16T03:00,20.7,17.7,0.0,1.0,7.5,5.07,83,93
2026-07-16T04:00,21.0,18.6,48.0,44.0,7.7,4.9,21,100
2026-07-16T05:00,22.3,20.8,165.0,154.0,6.2,5.0,10,100
2026-07-16T06:00,23.2,22.0,324.0,298.0,5.3,2.9,21,84
2026-07-16T07:00,25.2,24.1,480.0,452.0,3.3,2.95,45,66
2026-07-16T08:00,26.8,25.9,624.0,604.0,2.9,2.2,15,52
2026-07-16T09:00,28.3,27.3,729.0,714.0,2.6,1.1,4,23
2026-07-16T10:00,29.4,28.2,821.0,784.0,3.9,0.65,0,16
2026-07-16T11:00,30.6,28.9,856.0,814.0,3.0,0.6,0,9
2026-07-16T12:00,30.0,30.2,834.0,799.0,2.8,1.66,2,2
2026-07-16T13:00,30.2,30.5,768.0,752.0,3.7,2.0,3,24
2026-07-16T14:00,30.3,30.4,659.0,641.0,3.8,1.69,1,51
2026-07-16T15:00,30.3,30.1,517.0,466.0,3.3,1.08,20,90
2026-07-16T16:00,27.7,29.2,186.0,295.0,6.3,1.25,0,79
2026-07-16T17:00,27.9,28.8,222.0,204.0,5.2,1.07,9,96
2026-07-16T18:00,26.7,28.3,86.0,74.0,4.6,2.57,0,68
2026-07-16T19:00,25.4,26.9,6.0,6.0,5.8,3.82,0,60
2026-07-16T20:00,24.6,25.2,0.0,0.0,5.8,4.2,0,13
2026-07-16T21:00,24.2,23.7,0.0,0.0,6.6,4.08,0,2
2026-07-16T22:00,23.7,22.8,0.0,0.0,6.2,4.3,0,3
2026-07-16T23:00,23.2,22.1,0.0,0.0,6.5,4.5,0,2
2026-07-17T00:00,22.1,20.8,0.0,0.0,6.5,4.51,0,2
2026-07-17T01:00,21.4,20.2,0.0,0.0,6.1,4.45,0,1
2026-07-17T02:00,20.5,19.7,0.0,0.0,6.5,4.4,0,1
2026-07-17T03:00,20.0,19.3,0.0,0.0,6.7,4.71,0,1
2026-07-17T04:00,21.1,20.0,49.0,46.0,6.7,4.31,0,1
2026-07-17T05:00,22.6,22.2,171.0,174.0,5.5,4.42,0,1
2026-07-17T06:00,24.3,24.2,322.0,336.0,3.0,2.4,0,0
2026-07-17T07:00,25.8,26.3,481.0,499.0,2.2,1.3,0,0
2026-07-17T08:00,27.3,27.8,625.0,644.0,1.6,0.22,0,2
2026-07-17T09:00,28.9,28.8,737.0,738.0,2.8,1.01,0,24
2026-07-17T10:00,30.3,29.4,818.0,754.0,3.4,1.41,0,47
2026-07-17T11:00,31.5,30.2,855.0,823.0,2.5,1.68,0,54
2026-07-17T12:00,32.6,29.6,789.0,792.0,2.0,1.26,95,13
2026-07-17T13:00,32.9,29.9,538.0,744.0,3.3,1.3,54,21
2026-07-17T14:00,33.4,29.9,565.0,652.0,2.3,1.48,40,50
2026-07-17T15:00,33.0,29.8,412.0,526.0,4.1,1.57,1,82
2026-07-17T16:00,33.0,29.3,382.0,366.0,3.6,1.13,0,45
2026-07-17T17:00,31.7,28.4,224.0,207.0,5.8,0.99,0,29
2026-07-17T18:00,29.3,27.6,85.0,72.0,4.6,1.49,0,98
2026-07-17T19:00,27.2,26.1,6.0,5.0,3.9,1.5,23,96
2026-07-17T20:00,26.4,25.1,0.0,0.0,2.9,1.32,98,83
2026-07-17T21:00,26.5,23.9,0.0,0.0,8.6,2.83,84,100
2026-07-17T22:00,26.6,23.1,0.0,0.0,1.1,3.0,100,91
2026-07-17T23:00,26.5,23.0,0.0,0.0,6.4,2.62,99,49
2026-07-18T00:00,26.4,21.6,0.0,0.0,4.2,3.08,100,30
2026-07-18T01:00,25.4,20.9,0.0,0.0,3.5,2.1,100,72
2026-07-18T02:00,24.2,20.1,0.0,0.0,5.8,3.62,100,52
2026-07-18T03:00,24.2,19.8,0.0,0.0,2.0,3.3,100,26
2026-07-18T04:00,23.5,20.6,13.0,39.0,8.1,3.69,99,13
2026-07-18T05:00,23.0,22.0,65.0,158.0,6.0,3.4,100,29
2026-07-18T06:00,25.2,23.2,319.0,234.0,4.6,1.76,0,0
2026-07-18T07:00,26.5,24.7,479.0,389.0,4.3,1.81,0,19
2026-07-18T08:00,28.1,26.0,608.0,585.0,4.0,2.19,0,20
2026-07-18T09:00,29.5,27.3,738.0,712.0,4.0,2.13,2,19
2026-07-18T10:00,30.3,27.9,669.0,785.0,4.0,2.06,100,45
2026-07-18T11:00,31.7,26.8,500.0,511.0,5.6,2.78,1,62
2026-07-18T12:00,31.5,29.6,441.0,786.0,5.5,5.59,98,9
2026-07-18T13:00,32.5,30.4,595.0,786.0,5.8,5.2,44,16
2026-07-18T14:00,33.3,29.7,648.0,628.0,6.5,4.05,0,41
2026-07-18T15:00,26.9,28.6,514.0,531.0,6.5,4.15,0,56
2026-07-18T16:00,27.0,25.6,378.0,337.0,7.3,6.09,0,19
2026-07-18T17:00,25.2,26.4,129.0,214.0,7.9,4.41,44,30
2026-07-18T18:00,25.3,23.9,81.0,77.0,6.5,3.78,98,44
2026-07-18T19:00,24.4,22.8,3.0,5.0,6.3,3.9,7,57
2026-07-18T20:00,23.7,22.1,0.0,0.0,6.0,4.26,2,93
2026-07-18T21:00,23.6,21.6,0.0,0.0,4.9,4.48,10,83
2026-07-18T22:00,23.2,21.4,0.0,0.0,6.1,5.34,28,37
2026-07-18T23:00,22.6,21.0,0.0,0.0,6.9,5.76,4,28
2026-07-19T00:00,21.2,19.4,0.0,0.0,6.5,4.79,64,15
2026-07-19T01:00,20.7,18.9,0.0,0.0,6.7,5.13,100,33
2026-07-19T02:00,20.3,18.4,0.0,0.0,8.2,4.94,2,69
2026-07-19T03:00,20.7,18.0,0.0,0.0,7.8,5.4,79,62
2026-07-19T04:00,21.1,18.6,13.0,40.0,8.6,5.78,100,73
2026-07-19T05:00,21.4,20.3,60.0,150.0,7.3,5.9,100,95
2026-07-19T06:00,20.8,21.0,148.0,179.0,7.3,3.68,100,24
2026-07-19T07:00,20.2,22.6,56.0,353.0,4.2,4.11,100,50
2026-07-19T08:00,20.7,24.6,68.0,592.0,4.6,3.6,100,34
2026-07-19T09:00,20.6,25.8,120.0,668.0,4.5,2.24,100,21
2026-07-19T10:00,21.4,26.8,115.0,784.0,1.4,0.84,100,30
2026-07-19T11:00,24.3,27.0,764.0,845.0,1.5,0.86,0,41
2026-07-19T12:00,25.5,28.3,832.0,672.0,4.8,1.91,0,17
2026-07-19T13:00,26.4,25.1,778.0,634.0,3.4,5.52,0,55
2026-07-19T14:00,27.3,25.7,672.0,589.0,3.9,2.92,0,56
2026-07-19T15:00,25.2,25.8,534.0,395.0,2.0,3.1,0,30
2026-07-19T16:00,25.5,24.0,380.0,328.0,1.6,0.75,0,45
2026-07-19T17:00,26.0,23.3,222.0,194.0,5.5,2.22,66,41
2026-07-19T18:00,25.7,21.8,69.0,69.0,4.8,3.06,100,41
2026-07-19T19:00,20.6,21.4,1.0,3.0,8.4,2.11,100,49
2026-07-19T20:00,19.3,20.8,0.0,0.0,6.9,1.59,43,54
2026-07-19T21:00,18.2,20.2,0.0,0.0,7.8,0.79,1,48
2026-07-19T22:00,18.0,19.4,0.0,0.0,8.9,0.57,0,10
2026-07-19T23:00,17.8,18.6,0.0,0.0,8.6,1.87,16,18
2026-07-20T00:00,18.9,18.8,0.0,0.0,8.0,7.2,100,23
2026-07-20T01:00,18.2,18.6,0.0,0.0,8.4,6.67,0,19
2026-07-20T02:00,17.5,17.8,0.0,0.0,8.9,7.44,0,30
2026-07-20T03:00,17.2,17.2,0.0,0.0,9.3,7.44,0,26
2026-07-20T04:00,16.9,17.2,46.0,39.0,9.0,7.18,0,23
2026-07-20T05:00,17.3,18.0,115.0,163.0,7.8,5.95,100,16
2026-07-20T06:00,18.1,18.9,187.0,313.0,7.6,5.71,94,10
2026-07-20T07:00,19.6,20.5,397.0,497.0,6.2,5.11,4,8
2026-07-20T08:00,21.3,21.8,641.0,641.0,4.9,3.65,0,13
2026-07-20T09:00,23.2,23.0,763.0,717.0,3.7,1.86,6,15
2026-07-20T10:00,24.6,23.9,836.0,759.0,2.6,1.35,3,34
2026-07-20T11:00,25.3,24.1,707.0,732.0,1.6,2.71,82,24
2026-07-20T12:00,25.8,24.4,569.0,804.0,1.4,3.87,40,9
2026-07-20T13:00,26.4,24.9,634.0,789.0,1.4,3.24,55,7
2026-07-20T14:00,27.7,25.5,622.0,695.0,2.1,3.39,42,6
2026-07-20T15:00,28.2,25.8,580.0,554.0,5.8,3.72,0,0
2026-07-20T16:00,26.3,25.5,415.0,406.0,8.4,4.84,0,0
2026-07-20T17:00,25.1,24.2,231.0,236.0,6.4,7.37,0,4
2026-07-20T18:00,23.9,23.6,86.0,73.0,7.8,6.61,5,18
2026-07-20T19:00,22.7,21.4,4.0,5.0,6.0,6.75,92,1
2026-07-20T20:00,21.7,20.3,0.0,0.0,5.3,6.53,10,14
2026-07-20T21:00,20.5,19.5,0.0,0.0,3.5,6.09,0,0
2026-07-20T22:00,19.7,18.5,0.0,0.0,3.2,4.84,0,0
2026-07-20T23:00,18.9,17.2,0.0,0.0,3.8,4.05,0,5
2026-07-21T00:00,17.7,16.1,0.0,0.0,2.0,2.27,0,0
2026-07-21T01:00,16.7,14.9,0.0,0.0,1.4,1.85,4,1
2026-07-21T02:00,15.6,14.0,0.0,0.0,1.7,1.51,0,1
2026-07-21T03:00,15.0,13.5,0.0,0.0,2.4,1.1,0,9
2026-07-21T04:00,15.3,14.4,44.0,42.0,2.9,0.49,0,9
2026-07-21T05:00,16.9,16.2,171.0,174.0,4.3,1.02,0,17
2026-07-21T06:00,19.1,18.9,334.0,342.0,2.0,1.53,0,0
2026-07-21T07:00,21.1,21.0,498.0,505.0,2.3,1.46,0,1
2026-07-21T08:00,22.4,22.2,643.0,654.0,2.9,0.49,0,12
2026-07-21T09:00,23.6,22.7,769.0,681.0,1.8,1.4,0,44
2026-07-21T10:00,24.9,23.2,849.0,763.0,2.1,2.29,8,50
2026-07-21T11:00,26.0,23.1,876.0,687.0,1.4,2.76,6,65
2026-07-21T12:00,26.7,23.3,851.0,707.0,2.3,2.48,8,27
2026-07-21T13:00,27.0,23.3,761.0,659.0,4.1,2.08,14,27
2026-07-21T14:00,26.8,23.6,673.0,593.0,5.3,0.5,13,28
2026-07-21T15:00,25.7,23.5,526.0,439.0,7.8,1.19,19,49
2026-07-21T16:00,24.4,23.0,352.0,272.0,9.0,2.51,100,87
2026-07-21T17:00,23.1,22.6,171.0,172.0,9.4,4.59,93,97
2026-07-21T18:00,21.5,22.1,80.0,66.0,9.8,5.55,31,99
2026-07-21T19:00,20.2,20.5,4.0,3.0,8.9,5.0,1,99
2026-07-21T20:00,18.9,19.4,0.0,0.0,7.4,5.35,1,98
2026-07-21T21:00,18.6,18.7,0.0,0.0,8.1,6.2,2,99
2026-07-21T22:00,17.9,18.4,0.0,0.0,7.0,6.22,0,98
2026-07-21T23:00,17.2,18.1,0.0,0.0,7.7,6.22,0,97
2026-07-22T00:00,16.5,16.4,0.0,0.0,7.4,6.93,0,41
2026-07-22T01:00,16.0,15.9,0.0,0.0,8.0,7.11,0,32
2026-07-22T02:00,15.7,15.5,0.0,0.0,7.0,6.96,20,54
2026-07-22T03:00,15.5,15.3,0.0,0.0,6.3,7.2,94,41
2026-07-22T04:00,15.5,15.5,22.0,30.0,6.2,7.05,99,37
2026-07-22T05:00,16.2,16.5,71.0,133.0,6.0,5.96,100,36
2026-07-22T06:00,16.8,17.7,83.0,300.0,7.1,7.11,100,20
2026-07-22T07:00,17.5,18.8,150.0,452.0,6.8,7.13,94,20
2026-07-22T08:00,19.7,19.9,599.0,606.0,7.8,6.91,56,14
2026-07-22T09:00,21.3,21.0,724.0,747.0,7.6,6.53,7,9
2026-07-22T10:00,22.3,21.9,840.0,832.0,7.3,5.87,7,8
2026-07-22T11:00,23.1,22.6,890.0,874.0,6.4,5.5,0,12
2026-07-22T12:00,24.0,23.0,876.0,831.0,6.2,5.15,0,11
2026-07-22T13:00,24.3,23.3,812.0,767.0,5.7,4.9,0,38
2026-07-22T14:00,24.3,23.0,705.0,551.0,5.9,4.81,0,34
2026-07-22T15:00,24.0,23.1,556.0,394.0,5.5,3.86,0,32
2026-07-22T16:00,23.3,23.1,394.0,296.0,5.4,4.39,0,95
2026-07-22T17:00,22.3,22.2,226.0,135.0,5.8,5.82,0,67
2026-07-22T18:00,21.5,21.0,82.0,69.0,5.8,6.99,0,30
2026-07-22T19:00,20.1,19.8,4.0,3.0,4.7,5.8,0,31
2026-07-22T20:00,18.9,18.9,0.0,0.0,2.8,5.71,13,48
2026-07-22T21:00,18.4,18.0,0.0,0.0,1.7,5.65,18,20
2026-07-22T22:00,17.7,16.9,0.0,0.0,0.9,5.08,0,2
2026-07-22T23:00,17.0,15.8,0.0,0.0,0.3,4.2,37,10
2026-07-23T00:00,15.8,14.0,0.0,0.0,0.8,1.91,13,12
2026-07-23T01:00,14.8,13.5,0.0,0.0,1.6,1.2,2,49
2026-07-23T02:00,14.9,13.8,0.0,0.0,1.5,1.51,100,16
2026-07-23T03:00,15.3,13.0,0.0,0.0,1.8,2.24,100,4
2026-07-23T04:00,15.2,13.6,10.0,38.0,1.4,2.37,100,30
2026-07-23T05:00,16.6,15.3,139.0,165.0,1.9,3.52,27,23
2026-07-23T06:00,17.9,17.4,157.0,312.0,1.9,3.04,25,73
2026-07-23T07:00,19.3,19.2,263.0,422.0,2.3,3.86,100,87
2026-07-23T08:00,19.7,20.3,108.0,441.0,2.4,5.12,100,12
2026-07-23T09:00,19.8,22.0,119.0,713.0,2.4,5.84,100,17
2026-07-23T10:00,20.8,22.8,326.0,776.0,2.3,6.18,3,13
2026-07-23T11:00,23.1,23.1,859.0,790.0,2.7,6.06,47,17
2026-07-23T12:00,23.9,23.4,820.0,806.0,2.4,5.99,11,16
2026-07-23T13:00,22.4,24.1,582.0,784.0,8.5,3.94,100,35
2026-07-23T14:00,23.5,17.4,534.0,430.0,4.9,6.74,0,89
2026-07-23T15:00,18.2,18.6,302.0,263.0,6.9,1.23,2,16
2026-07-23T16:00,18.4,19.3,270.0,348.0,5.2,4.55,87,59
2026-07-23T17:00,18.1,18.5,153.0,177.0,4.5,3.5,92,44
2026-07-23T18:00,15.7,18.6,74.0,49.0,4.8,1.5,100,91
2026-07-23T19:00,15.5,18.4,3.0,2.0,5.6,5.45,100,80
2026-07-23T20:00,15.1,16.9,0.0,0.0,7.0,6.25,100,21
2026-07-23T21:00,14.0,15.8,0.0,0.0,5.4,5.92,100,38
2026-07-23T22:00,14.0,15.4,0.0,0.0,6.2,6.07,37,93
2026-07-23T23:00,13.6,14.9,0.0,0.0,5.7,6.33,4,93
2026-07-24T00:00,13.6,14.1,0.0,0.0,4.2,3.68,100,75
2026-07-24T01:00,13.6,14.2,0.0,0.0,3.4,3.92,100,62
2026-07-24T02:00,14.0,13.6,0.0,0.0,1.4,3.59,97,67
2026-07-24T03:00,14.1,13.1,0.0,0.0,1.9,3.03,100,88
2026-07-24T04:00,14.3,13.6,31.0,27.0,2.2,2.19,9,84
2026-07-24T05:00,15.7,13.2,133.0,80.0,2.4,2.05,36,82
2026-07-24T06:00,15.6,14.0,141.0,203.0,3.2,2.13,100,60
2026-07-24T07:00,15.7,15.5,100.0,293.0,2.0,0.82,100,61
2026-07-24T08:00,16.0,17.2,118.0,407.0,3.6,5.21,100,59
2026-07-24T09:00,17.5,18.9,383.0,565.0,7.1,6.9,81,32
2026-07-24T10:00,18.6,19.9,412.0,700.0,7.5,6.38,98,52
2026-07-24T11:00,19.4,20.4,691.0,656.0,9.6,6.09,100,33
2026-07-24T12:00,21.1,20.9,834.0,689.0,7.1,6.49,95,25
2026-07-24T13:00,20.1,21.3,552.0,705.0,8.7,6.26,0,28
2026-07-24T14:00,20.7,21.4,668.0,561.0,7.8,6.27,5,15
2026-07-24T15:00,20.3,21.4,529.0,496.0,7.0,7.21,7,18
2026-07-24T16:00,19.6,20.7,373.0,324.0,8.1,7.17,0,8
2026-07-24T17:00,18.7,19.8,217.0,212.0,7.5,7.33,0,5
2026-07-24T18:00,17.6,18.4,76.0,72.0,7.1,5.97,0,10
2026-07-24T19:00,16.7,17.3,3.0,2.0,6.9,5.81,0,13
2026-07-24T20:00,16.1,16.5,0.0,0.0,7.4,5.81,1,17
2026-07-24T21:00,14.9,15.9,0.0,0.0,5.1,5.33,0,14
2026-07-24T22:00,14.2,15.3,0.0,0.0,4.8,5.67,0,5
2026-07-24T23:00,13.8,14.9,0.0,0.0,6.2,5.98,0,2
2026-07-25T00:00,14.2,14.1,0.0,0.0,6.7,6.22,0,2
2026-07-25T01:00,13.4,13.8,0.0,0.0,5.0,5.98,0,2
2026-07-25T02:00,12.8,13.4,0.0,0.0,4.2,5.48,0,2
2026-07-25T03:00,12.6,13.0,0.0,0.0,2.9,5.03,0,3
2026-07-25T04:00,12.2,13.6,36.0,33.0,4.3,4.15,0,5
2026-07-25T05:00,14.4,15.2,156.0,149.0,4.3,3.6,0,26
2026-07-25T06:00,16.7,17.1,301.0,321.0,2.7,1.0,91,34
2026-07-25T07:00,18.6,19.0,448.0,479.0,2.7,1.55,30,79
2026-07-25T08:00,20.0,20.2,585.0,590.0,2.8,1.52,52,72
2026-07-25T09:00,21.7,21.2,716.0,655.0,2.4,1.25,34,39
2026-07-25T10:00,22.8,21.8,780.0,722.0,2.0,2.24,27,53
2026-07-25T11:00,23.6,21.8,757.0,757.0,1.2,4.03,76,94
2026-07-25T12:00,24.2,22.8,696.0,750.0,0.4,4.6,98,49
2026-07-25T13:00,24.9,23.1,648.0,673.0,0.5,3.64,89,13
2026-07-25T14:00,25.5,23.6,627.0,584.0,1.1,1.9,70,13
2026-07-25T15:00,25.9,24.0,530.0,505.0,1.9,1.25,94,26
2026-07-25T16:00,25.1,23.7,309.0,363.0,3.2,2.47,98,38
2026-07-25T17:00,24.5,23.1,188.0,217.0,3.4,2.66,8,28
2026-07-25T18:00,23.2,21.2,74.0,71.0,4.4,3.87,2,25
2026-07-25T19:00,21.3,19.5,3.0,2.0,7.5,4.4,50,31
2026-07-25T20:00,20.0,18.2,0.0,0.0,4.7,3.96,2,55
2026-07-25T21:00,19.7,17.3,0.0,0.0,2.6,3.75,13,5
2026-07-25T22:00,19.1,16.8,0.0,0.0,2.4,2.82,0,1
2026-07-25T23:00,18.2,16.1,0.0,0.0,3.3,3.07,48,3
2026-07-26T00:00,17.4,15.1,0.0,0.0,3.0,3.62,0,45
2026-07-26T01:00,16.7,14.6,0.0,0.0,2.3,4.24,0,34
2026-07-26T02:00,16.3,14.2,0.0,0.0,2.6,3.87,0,52
2026-07-26T03:00,15.2,14.0,0.0,0.0,0.8,3.23,0,0
2026-07-26T04:00,14.9,14.4,35.0,34.0,1.1,2.82,0,0
2026-07-26T05:00,17.0,16.2,156.0,161.0,2.0,2.4,0,20
2026-07-26T06:00,19.4,18.0,311.0,324.0,2.2,1.68,0,2
2026-07-26T07:00,21.4,19.9,473.0,491.0,3.3,1.92,0,0
2026-07-26T08:00,23.6,22.0,619.0,641.0,4.6,2.32,0,0
2026-07-26T09:00,26.4,24.0,741.0,761.0,6.7,4.41,0,0
2026-07-26T10:00,28.0,25.3,820.0,837.0,8.1,6.41,0,0
2026-07-26T11:00,29.3,26.3,856.0,868.0,7.6,6.17,0,0
2026-07-26T12:00,30.3,27.0,843.0,857.0,7.6,6.35,0,0
2026-07-26T13:00,31.1,27.5,778.0,794.0,7.3,6.23,0,0
2026-07-26T14:00,31.4,27.8,670.0,687.0,7.2,6.15,0,0
2026-07-26T15:00,31.4,27.8,530.0,547.0,7.7,5.86,0,0
2026-07-26T16:00,30.8,27.1,372.0,385.0,6.4,5.69,0,0
2026-07-26T17:00,29.9,25.9,211.0,218.0,6.7,5.28,0,5
2026-07-26T18:00,28.6,23.9,72.0,72.0,7.8,6.07,0,6
2026-07-26T19:00,26.7,22.5,2.0,2.0,8.5,6.51,0,1
2026-07-26T20:00,25.5,21.6,0.0,0.0,7.3,6.23,0,1
2026-07-26T21:00,25.6,20.8,0.0,0.0,7.4,5.73,100,3
2026-07-26T22:00,25.5,20.1,0.0,0.0,6.4,4.31,3,3
2026-07-26T23:00,24.1,19.5,0.0,0.0,4.4,2.36,10,9
2026-07-27T00:00,23.4,19.1,0.0,0.0,4.5,1.9,100,26
2026-07-27T01:00,22.6,17.8,0.0,0.0,4.0,2.12,0,35
2026-07-27T02:00,21.9,17.1,0.0,0.0,4.5,2.97,3,34
2026-07-27T03:00,21.1,16.6,0.0,0.0,4.6,4.57,86,85
2026-07-27T04:00,21.1,17.3,21.0,26.0,5.0,3.75,100,63
2026-07-27T05:00,21.4,18.9,19.0,115.0,5.6,4.14,100,43
2026-07-27T06:00,21.7,19.6,131.0,217.0,5.9,2.06,100,20
2026-07-27T07:00,22.5,21.9,134.0,425.0,5.0,2.82,100,34
2026-07-27T08:00,23.8,23.1,402.0,508.0,4.9,1.92,100,95
2026-07-27T09:00,25.6,23.6,608.0,561.0,5.2,2.94,99,66
2026-07-27T10:00,27.0,25.2,704.0,708.0,5.8,4.12,0,60
2026-07-27T11:00,29.2,25.9,840.0,664.0,6.3,4.93,1,22
2026-07-27T12:00,29.3,26.5,698.0,744.0,4.2,4.68,100,20
2026-07-27T13:00,25.9,26.8,557.0,748.0,4.9,3.05,100,84
2026-07-27T14:00,24.7,21.1,195.0,400.0,7.2,5.86,100,23
2026-07-27T15:00,19.8,23.2,119.0,497.0,5.3,5.19,100,69
2026-07-27T16:00,20.9,21.5,176.0,280.0,6.0,4.37,1,2
2026-07-27T17:00,21.4,21.5,203.0,209.0,5.4,4.84,0,4
2026-07-27T18:00,19.8,20.9,71.0,65.0,1.7,6.4,0,4
2026-07-27T19:00,19.0,19.7,2.0,1.0,0.6,7.2,0,5
2026-07-27T20:00,18.8,19.1,0.0,0.0,4.5,6.25,0,2
2026-07-27T21:00,18.3,17.9,0.0,0.0,6.6,5.4,0,1
2026-07-27T22:00,17.5,17.1,0.0,0.0,5.6,5.23,0,1
2026-07-27T23:00,17.3,16.6,0.0,0.0,4.3,5.5,0,2
2026-07-28T00:00,18.0,15.8,0.0,0.0,6.4,5.95,0,2
2026-07-28T01:00,17.1,15.6,0.0,0.0,5.4,5.91,0,5
2026-07-28T02:00,15.8,15.4,0.0,0.0,3.8,6.44,0,1
2026-07-28T03:00,14.8,15.3,0.0,0.0,4.0,6.97,0,0
2026-07-28T04:00,14.8,15.4,32.0,30.0,3.5,6.07,0,0
2026-07-28T05:00,16.6,16.9,150.0,156.0,0.7,4.79,3,0
2026-07-28T06:00,18.4,17.8,305.0,316.0,1.4,0.94,0,3
2026-07-28T07:00,20.2,19.9,465.0,477.0,0.4,1.68,0,15
2026-07-28T08:00,21.7,21.3,378.0,568.0,2.2,1.82,100,12
2026-07-28T09:00,21.2,21.5,364.0,663.0,2.1,1.42,100,38
2026-07-28T10:00,20.9,20.3,151.0,631.0,3.0,2.05,100,35
2026-07-28T11:00,21.7,21.9,177.0,642.0,4.2,0.81,98,16
2026-07-28T12:00,25.3,23.1,838.0,721.0,1.7,2.6,2,15
2026-07-28T13:00,25.7,23.8,746.0,684.0,2.3,1.8,31,19
2026-07-28T14:00,26.0,24.0,597.0,560.0,2.4,0.5,28,35
2026-07-28T15:00,25.7,23.6,488.0,408.0,6.2,1.37,1,25
2026-07-28T16:00,24.9,23.4,367.0,280.0,7.3,1.69,0,29
2026-07-28T17:00,23.9,22.9,207.0,145.0,6.5,3.04,0,64
2026-07-28T18:00,22.4,21.4,69.0,56.0,4.6,5.02,0,7
2026-07-28T19:00,20.9,19.4,2.0,1.0,3.4,4.57,0,4
2026-07-28T20:00,19.7,18.5,0.0,0.0,5.3,4.71,0,3
2026-07-28T21:00,18.6,17.7,0.0,0.0,6.0,4.5,0,2
2026-07-28T22:00,17.8,16.8,0.0,0.0,6.5,4.55,0,2
2026-07-28T23:00,17.7,16.4,0.0,0.0,6.4,5.33,0,0
2026-07-29T00:00,17.6,14.9,0.0,0.0,6.6,3.47,0,6
2026-07-29T01:00,17.5,14.4,0.0,0.0,5.7,3.29,0,1
2026-07-29T02:00,16.8,13.9,0.0,0.0,5.9,3.42,0,0
2026-07-29T03:00,16.1,13.4,0.0,0.0,5.8,2.97,0,0
2026-07-29T04:00,15.6,13.7,30.0,28.0,5.6,2.85,0,0
2026-07-29T05:00,17.3,16.4,147.0,150.0,4.3,2.84,0,1
2026-07-29T06:00,19.5,18.4,300.0,311.0,2.3,1.96,0,20
2026-07-29T07:00,21.5,20.8,461.0,476.0,1.0,0.76,0,18
2026-07-29T08:00,23.3,22.4,608.0,625.0,1.3,0.11,0,0
2026-07-29T09:00,25.2,23.5,727.0,746.0,1.3,0.68,0,0
2026-07-29T10:00,26.6,24.4,806.0,827.0,1.5,1.34,1,0
2026-07-29T11:00,27.8,25.2,838.0,856.0,1.8,1.47,0,1
2026-07-29T12:00,28.7,26.2,827.0,807.0,2.1,1.48,0,7
2026-07-29T13:00,29.3,26.4,761.0,749.0,2.4,3.29,0,9
2026-07-29T14:00,29.7,27.1,654.0,667.0,2.5,2.36,0,1
2026-07-29T15:00,30.2,27.4,515.0,530.0,2.9,1.42,0,2
2026-07-29T16:00,29.9,27.0,357.0,368.0,3.4,1.36,0,2
2026-07-29T17:00,28.2,25.8,198.0,205.0,5.2,4.08,0,0
2026-07-29T18:00,27.1,24.0,64.0,64.0,4.1,4.97,0,0
2026-07-29T19:00,25.7,22.2,1.0,1.0,4.1,2.7,0,0
2026-07-29T20:00,24.5,21.0,0.0,0.0,3.3,1.17,0,0
2026-07-29T21:00,23.4,19.9,0.0,0.0,3.6,1.04,0,0
2026-07-29T22:00,22.5,18.8,0.0,0.0,3.2,1.17,0,0
2026-07-29T23:00,21.6,17.9,0.0,0.0,2.6,1.03,0,0
2026-07-30T00:00,21.0,16.3,0.0,0.0,3.1,1.18,0,0
2026-07-30T01:00,20.3,15.8,0.0,0.0,2.7,0.81,0,0
2026-07-30T02:00,20.1,15.5,0.0,0.0,1.8,0.88,0,0
2026-07-30T03:00,19.1,15.3,0.0,0.0,4.0,0.81,0,0
2026-07-30T04:00,19.1,15.8,28.0,26.0,3.8,0.49,0,0
2026-07-30T05:00,20.6,18.0,143.0,146.0,2.4,0.32,0,0
2026-07-30T06:00,22.6,20.7,294.0,307.0,0.4,0.92,0,0
2026-07-30T07:00,25.3,23.1,453.0,471.0,1.7,1.22,0,0
2026-07-30T08:00,27.5,24.7,599.0,620.0,2.5,1.82,0,0
2026-07-30T09:00,29.7,26.2,717.0,740.0,3.1,2.44,0,0
2026-07-30T10:00,31.6,27.5,798.0,818.0,2.8,2.93,0,0
2026-07-30T11:00,33.1,28.5,832.0,851.0,2.3,3.13,0,2
2026-07-30T12:00,34.4,29.3,816.0,827.0,1.6,3.21,0,4
2026-07-30T13:00,35.0,29.8,752.0,761.0,2.2,2.63,0,5
2026-07-30T14:00,35.2,30.1,646.0,656.0,2.5,2.26,0,6
2026-07-30T15:00,35.1,30.1,511.0,506.0,3.8,1.59,0,40
2026-07-30T16:00,34.3,29.8,355.0,335.0,5.7,0.34,0,35
2026-07-30T17:00,32.8,28.5,197.0,187.0,6.7,2.27,0,5
2026-07-30T18:00,31.0,27.0,63.0,59.0,5.7,2.27,0,4
2026-07-30T19:00,29.3,25.3,1.0,1.0,5.3,2.01,0,2
2026-07-30T20:00,27.8,23.7,0.0,0.0,2.9,1.91,0,0
2026-07-30T21:00,27.2,22.5,0.0,0.0,1.5,0.98,0,0
2026-07-30T22:00,26.4,21.8,0.0,0.0,2.0,0.35,0,1
2026-07-30T23:00,25.4,20.9,0.0,0.0,2.3,0.6,0,0
2026-07-31T00:00,24.3,20.2,0.0,0.0,1.3,0.76,0,0
2026-07-31T01:00,23.8,19.5,0.0,0.0,0.3,1.05,0,0
2026-07-31T02:00,22.6,18.9,0.0,0.0,0.4,1.2,0,0
2026-07-31T03:00,22.6,18.5,0.0,0.0,0.6,0.81,0,1
2026-07-31T04:00,22.3,19.0,26.0,24.0,1.0,0.49,0,1
2026-07-31T05:00,23.8,20.6,141.0,143.0,1.0,0.87,0,1
2026-07-31T06:00,26.3,23.2,293.0,304.0,2.0,1.2,0,0
2026-07-31T07:00,28.8,25.7,453.0,468.0,2.7,1.05,0,0
2026-07-31T08:00,31.0,27.5,600.0,617.0,2.9,1.61,0,0
2026-07-31T09:00,33.5,29.0,722.0,737.0,2.7,2.19,0,5
2026-07-31T10:00,35.4,30.4,804.0,814.0,2.5,2.8,0,2
2026-07-31T11:00,36.9,31.3,838.0,824.0,2.3,3.04,0,3
2026-07-31T12:00,37.0,32.4,824.0,825.0,3.0,3.24,0,3
2026-07-31T13:00,37.4,32.8,756.0,753.0,3.5,3.06,18,5
2026-07-31T14:00,37.4,32.8,620.0,649.0,3.7,2.84,10,9
2026-07-31T15:00,37.1,32.6,512.0,497.0,5.0,2.31,2,16
2026-07-31T16:00,36.2,32.0,351.0,342.0,6.1,1.85,0,5
2026-07-31T17:00,35.0,30.8,193.0,193.0,6.3,0.73,0,2
2026-07-31T18:00,33.5,29.2,60.0,58.0,6.6,1.82,0,2
2026-07-31T19:00,31.5,27.5,1.0,1.0,8.5,2.8,0,1
2026-07-31T20:00,30.0,25.9,0.0,0.0,7.8,3.67,0,0
2026-07-31T21:00,28.7,24.8,0.0,0.0,4.3,3.5,0,0
2026-07-31T22:00,28.5,24.0,0.0,0.0,1.8,2.23,0,0
2026-07-31T23:00,27.2,23.5,0.0,0.0,2.2,0.9,3,0
2026-08-01T00:00,26.4,21.6,0.0,0.0,1.6,0.35,40,0
2026-08-01T01:00,25.9,20.8,0.0,0.0,1.1,0.87,100,0
2026-08-01T02:00,26.1,19.9,0.0,0.0,2.4,1.0,100,0
2026-08-01T03:00,24.5,19.5,0.0,0.0,3.5,0.91,0,0
2026-08-01T04:00,24.8,20.0,24.0,23.0,3.5,1.01,0,0
2026-08-01T05:00,26.0,21.9,137.0,142.0,4.1,0.81,0,0
2026-08-01T06:00,27.5,24.6,292.0,303.0,2.3,0.91,0,0
2026-08-01T07:00,30.0,27.4,453.0,468.0,3.0,1.05,1,0
2026-08-01T08:00,32.4,29.4,601.0,617.0,4.2,1.52,2,11
2026-08-01T09:00,33.7,30.9,721.0,738.0,5.0,1.53,15,1
2026-08-01T10:00,35.1,32.3,802.0,821.0,6.0,1.42,3,4
2026-08-01T11:00,37.0,33.5,835.0,856.0,4.8,2.19,32,14
2026-08-01T12:00,37.7,34.2,804.0,820.0,4.6,3.24,66,10
2026-08-01T13:00,38.2,34.2,731.0,746.0,4.4,3.07,49,10
2026-08-01T14:00,38.4,33.9,623.0,622.0,4.6,2.62,16,14
2026-08-01T15:00,38.2,33.6,494.0,498.0,4.7,1.61,7,59
2026-08-01T16:00,37.7,33.0,339.0,335.0,4.8,3.13,2,82
2026-08-01T17:00,36.5,31.8,186.0,177.0,5.2,4.07,66,53
2026-08-01T18:00,34.4,30.2,58.0,52.0,7.9,1.69,1,58
2026-08-01T19:00,33.2,28.8,0.0,1.0,8.5,2.02,96,17
2026-08-01T20:00,31.9,27.0,0.0,0.0,7.1,4.23,100,37
2026-08-01T21:00,30.4,26.4,0.0,0.0,3.9,4.85,0,3
2026-08-01T22:00,29.4,26.6,0.0,0.0,3.5,3.32,82,0
2026-08-01T23:00,29.3,24.7,0.0,0.0,4.3,3.47,56,1
2026-08-02T00:00,27.2,22.7,0.0,0.0,8.6,6.77,0,1
2026-08-02T01:00,26.5,22.4,0.0,0.0,10.6,7.16,0,0
2026-08-02T02:00,25.6,22.1,0.0,0.0,10.2,7.21,0,0
2026-08-02T03:00,24.6,22.0,0.0,0.0,10.8,7.36,0,0
2026-08-02T04:00,24.3,22.1,22.0,22.0,10.2,7.4,0,0
2026-08-02T05:00,24.8,23.6,131.0,137.0,10.1,7.91,0,0
2026-08-02T06:00,25.4,24.2,280.0,295.0,10.5,7.23,0,1
2026-08-02T07:00,26.5,26.0,438.0,457.0,10.3,7.05,0,2
2026-08-02T08:00,27.8,27.9,583.0,604.0,9.5,6.32,0,1
2026-08-02T09:00,29.6,29.5,688.0,722.0,7.4,5.76,6,0
2026-08-02T10:00,30.9,30.7,768.0,801.0,6.9,5.21,2,0
2026-08-02T11:00,32.1,31.5,813.0,834.0,5.9,4.79,0,0
2026-08-02T12:00,34.0,32.2,799.0,824.0,5.3,4.72,0,2
2026-08-02T13:00,34.4,32.6,735.0,766.0,5.9,4.62,0,3
2026-08-02T14:00,34.0,32.6,629.0,671.0,7.4,4.43,0,1
2026-08-02T15:00,32.7,32.1,491.0,489.0,10.9,3.75,0,30
2026-08-02T16:00,30.8,30.9,336.0,307.0,11.3,5.08,0,18
2026-08-02T17:00,29.4,29.4,181.0,169.0,11.3,6.3,0,9
2026-08-02T18:00,27.9,28.6,35.0,51.0,10.0,6.14,94,2
2026-08-02T19:00,25.2,27.3,0.0,1.0,11.3,6.94,100,1
2026-08-02T20:00,23.4,26.2,0.0,0.0,2.9,6.57,100,1
2026-08-02T21:00,25.7,25.2,0.0,0.0,8.3,6.58,2,1
2026-08-02T22:00,25.4,24.2,0.0,0.0,7.0,6.67,0,1
2026-08-02T23:00,24.9,23.4,0.0,0.0,8.1,6.35,0,1
2026-08-03T00:00,25.2,22.1,0.0,0.0,8.2,6.47,28,5
2026-08-03T01:00,25.0,21.4,0.0,0.0,7.9,6.02,10,7
2026-08-03T02:00,24.8,20.9,0.0,0.0,8.2,6.3,67,0
2026-08-03T03:00,24.6,20.8,0.0,0.0,7.7,6.7,0,0
2026-08-03T04:00,24.3,20.9,20.0,20.0,8.2,6.41,1,0
2026-08-03T05:00,25.0,22.4,101.0,133.0,7.5,6.93,97,0
2026-08-03T06:00,26.6,24.8,193.0,282.0,5.3,3.97,7,9
2026-08-03T07:00,28.5,27.1,424.0,422.0,3.7,2.85,10,4
2026-08-03T08:00,30.1,28.9,565.0,564.0,2.8,2.44,3,1
2026-08-03T09:00,31.7,30.4,693.0,708.0,1.8,2.32,0,0
2026-08-03T10:00,33.5,31.7,776.0,805.0,2.1,1.98,0,1
2026-08-03T11:00,34.6,32.9,789.0,844.0,2.7,1.55,70,0
2026-08-03T12:00,32.4,33.9,411.0,812.0,3.5,0.99,100,17
2026-08-03T13:00,34.4,34.3,577.0,757.0,3.0,1.2,5,7
2026-08-03T14:00,35.2,34.4,588.0,652.0,2.8,1.48,6,94
2026-08-03T15:00,27.2,33.4,50.0,419.0,6.7,3.81,100,100
2026-08-03T16:00,25.8,29.3,87.0,203.0,4.0,6.01,83,98
2026-08-03T17:00,26.6,28.3,131.0,136.0,6.5,4.86,84,59
2026-08-03T18:00,26.7,29.2,11.0,43.0,7.5,5.78,96,66
2026-08-03T19:00,26.6,27.2,0.0,0.0,6.7,4.82,1,0
2026-08-03T20:00,26.0,25.9,0.0,0.0,3.7,5.02,0,0
2026-08-03T21:00,26.4,24.8,0.0,0.0,5.2,4.1,0,1
2026-08-03T22:00,25.7,23.8,0.0,0.0,4.0,2.66,0,0
2026-08-03T23:00,25.7,23.0,0.0,0.0,2.1,2.04,0,0
2026-08-04T00:00,24.8,22.0,0.0,0.0,2.0,1.27,0,0
2026-08-04T01:00,24.3,21.7,0.0,0.0,2.1,1.2,0,0
2026-08-04T02:00,23.8,21.5,0.0,0.0,1.3,1.45,0,0
2026-08-04T03:00,23.8,21.2,0.0,0.0,2.2,1.57,0,0
2026-08-04T04:00,23.8,21.4,20.0,19.0,2.1,1.34,0,0
2026-08-04T05:00,25.4,23.3,128.0,132.0,2.5,1.24,0,0
2026-08-04T06:00,26.9,26.0,277.0,289.0,1.8,1.25,0,0
2026-08-04T07:00,29.4,28.4,436.0,453.0,1.5,1.32,0,0
2026-08-04T08:00,31.7,30.2,581.0,602.0,1.9,1.08,0,0
2026-08-04T09:00,33.6,31.9,701.0,722.0,2.2,1.41,0,0
2026-08-04T10:00,35.6,33.3,782.0,802.0,2.7,2.0,0,0
2026-08-04T11:00,37.2,34.2,818.0,836.0,3.3,2.64,0,0
2026-08-04T12:00,38.1,35.1,804.0,819.0,3.0,2.78,1,6
2026-08-04T13:00,38.6,35.1,732.0,740.0,3.3,3.12,7,5
2026-08-04T14:00,38.8,34.8,620.0,616.0,3.8,3.27,11,4
2026-08-04T15:00,38.3,34.4,482.0,481.0,3.3,3.59,10,6
2026-08-04T16:00,37.8,33.9,326.0,335.0,4.0,3.32,1,5
2026-08-04T17:00,36.6,32.8,178.0,178.0,6.0,2.73,0,5
2026-08-04T18:00,34.8,32.0,49.0,48.0,7.3,0.57,0,4
2026-08-04T19:00,32.8,30.4,0.0,0.0,7.3,2.37,0,3
2026-08-04T20:00,31.2,29.2,0.0,0.0,6.0,2.69,0,2
2026-08-04T21:00,30.6,27.9,0.0,0.0,3.7,2.69,0,2
2026-08-04T22:00,30.1,26.8,0.0,0.0,4.3,1.7,0,1
2026-08-04T23:00,29.5,26.1,0.0,0.0,3.8,0.61,0,1
2026-08-05T00:00,28.1,25.2,0.0,0.0,2.9,1.27,0,1
2026-08-05T01:00,26.8,24.3,0.0,0.0,0.5,0.85,0,2
2026-08-05T02:00,26.2,23.2,0.0,0.0,3.2,0.86,0,2
2026-08-05T03:00,25.4,22.4,0.0,0.0,3.7,0.92,0,1
2026-08-05T04:00,25.4,22.3,20.0,18.0,3.2,1.08,0,1
2026-08-05T05:00,26.5,24.0,129.0,130.0,2.9,1.56,0,1
2026-08-05T06:00,27.8,26.9,280.0,289.0,2.6,1.57,0,0
2026-08-05T07:00,30.3,29.8,440.0,453.0,1.0,1.11,0,0
2026-08-05T08:00,32.4,32.0,587.0,602.0,1.1,1.7,0,0
2026-08-05T09:00,34.0,33.7,707.0,723.0,2.6,1.98,0,0
2026-08-05T10:00,36.0,35.1,786.0,803.0,2.2,1.66,0,0
2026-08-05T11:00,37.8,36.1,820.0,839.0,2.3,1.65,0,19
2026-08-05T12:00,39.0,36.7,804.0,818.0,3.0,1.95,0,9
2026-08-05T13:00,39.5,36.8,742.0,738.0,3.5,2.07,0,20
2026-08-05T14:00,39.5,36.6,638.0,633.0,3.3,2.21,0,29
2026-08-05T15:00,39.2,36.0,494.0,497.0,3.9,2.45,0,23
2026-08-05T16:00,38.5,35.4,336.0,339.0,5.1,1.25,0,17
2026-08-05T17:00,37.4,34.4,177.0,184.0,6.2,0.81,0,13
2026-08-05T18:00,35.7,32.8,47.0,46.0,7.7,1.32,0,2
2026-08-05T19:00,33.8,31.2,0.0,0.0,7.5,2.95,0,1
2026-08-05T20:00,32.1,30.2,0.0,0.0,7.7,4.67,0,2
2026-08-05T21:00,31.5,28.5,0.0,0.0,3.6,3.72,0,0
2026-08-05T22:00,31.0,27.7,0.0,0.0,4.3,1.14,1,0
2026-08-05T23:00,30.3,26.7,0.0,0.0,3.6,0.65,86,0
2026-08-06T00:00,28.7,25.1,0.0,0.0,1.8,1.15,0,0
2026-08-06T01:00,28.4,24.2,0.0,0.0,9.6,0.98,84,0
2026-08-06T02:00,28.1,22.9,0.0,0.0,6.4,1.39,2,0
2026-08-06T03:00,27.1,22.0,0.0,0.0,8.3,1.92,0,0
2026-08-06T04:00,27.1,21.7,17.0,17.0,7.7,2.34,0,0
2026-08-06T05:00,27.8,23.8,118.0,128.0,6.3,2.37,59,0
2026-08-06T06:00,28.8,26.3,215.0,288.0,3.5,1.32,0,0
2026-08-06T07:00,30.3,29.6,370.0,455.0,3.0,1.07,76,0
2026-08-06T08:00,32.8,32.0,547.0,604.0,2.4,1.35,0,0
2026-08-06T09:00,33.9,33.8,680.0,724.0,2.9,1.7,74,0
2026-08-06T10:00,35.8,35.3,733.0,806.0,1.8,1.42,0,0
2026-08-06T11:00,37.4,36.4,818.0,840.0,1.5,1.38,0,23
2026-08-06T12:00,38.9,37.0,799.0,821.0,2.4,1.21,3,6
2026-08-06T13:00,39.4,37.2,733.0,739.0,2.8,1.32,2,5
2026-08-06T14:00,38.9,37.0,589.0,637.0,2.4,1.55,100,9
2026-08-06T15:00,38.8,36.6,442.0,499.0,2.7,1.45,97,27
2026-08-06T16:00,38.1,34.1,193.0,333.0,4.0,4.54,100,54
2026-08-06T17:00,31.9,32.5,33.0,146.0,10.5,4.2,100,29
2026-08-06T18:00,35.1,31.8,5.0,39.0,9.2,1.55,44,56
2026-08-06T19:00,32.9,30.1,0.0,0.0,3.7,3.66,2,71
2026-08-06T20:00,30.3,29.0,0.0,0.0,6.3,7.07,2,56
2026-08-06T21:00,29.8,27.8,0.0,0.0,4.2,3.55,98,59
2026-08-06T22:00,29.4,26.1,0.0,0.0,8.9,4.5,100,20
2026-08-06T23:00,28.5,25.5,0.0,0.0,8.3,5.22,0,2
2026-08-07T00:00,27.2,23.9,0.0,0.0,8.1,6.42,0,34
2026-08-07T01:00,26.7,23.9,0.0,0.0,7.5,7.11,2,1
2026-08-07T02:00,26.4,23.6,0.0,0.0,9.4,7.13,6,0
2026-08-07T03:00,24.7,23.2,0.0,0.0,10.0,8.13,48,0
2026-08-07T04:00,24.7,23.2,9.0,15.0,9.9,8.84,100,0
2026-08-07T05:00,24.9,24.1,72.0,110.0,9.4,7.74,18,3
2026-08-07T06:00,25.5,24.6,160.0,276.0,8.4,6.7,100,16
2026-08-07T07:00,25.9,26.2,161.0,424.0,10.1,8.02,23,16
2026-08-07T08:00,28.4,27.3,552.0,552.0,8.1,8.58,18,7
2026-08-07T09:00,30.6,28.2,662.0,693.0,6.0,8.62,38,35
2026-08-07T10:00,31.7,28.7,675.0,754.0,6.3,8.54,6,33
2026-08-07T11:00,31.4,29.1,600.0,751.0,8.9,6.98,12,95
2026-08-07T12:00,27.0,28.3,561.0,558.0,10.5,5.25,100,89
2026-08-07T13:00,26.0,27.2,536.0,464.0,9.3,6.89,24,98
2026-08-07T14:00,27.1,24.7,594.0,511.0,9.6,9.25,94,97
2026-08-07T15:00,26.0,23.6,351.0,192.0,12.1,7.85,1,95
2026-08-07T16:00,25.3,24.3,319.0,194.0,11.6,8.99,0,97
2026-08-07T17:00,24.2,23.8,165.0,106.0,10.4,7.85,25,96
2026-08-07T18:00,23.2,23.8,39.0,37.0,11.9,6.63,73,78
2026-08-07T19:00,22.3,23.0,0.0,0.0,10.8,6.63,0,33
2026-08-07T20:00,21.5,22.4,0.0,0.0,10.9,7.32,2,62
2026-08-07T21:00,21.2,21.9,0.0,0.0,10.3,7.81,65,18
2026-08-07T22:00,20.8,21.4,0.0,0.0,10.3,8.09,0,33
2026-08-07T23:00,20.4,20.9,0.0,0.0,10.4,7.7,0,30
2026-08-08T00:00,20.4,19.9,0.0,0.0,9.7,7.49,83,32
2026-08-08T01:00,20.1,19.5,0.0,0.0,10.4,7.67,50,79
2026-08-08T02:00,19.9,19.3,0.0,0.0,10.4,7.36,39,77
2026-08-08T03:00,20.4,19.0,0.0,0.0,9.4,7.6,54,85
2026-08-08T04:00,20.3,19.1,14.0,13.0,8.8,7.89,42,44
2026-08-08T05:00,20.8,20.1,96.0,108.0,9.4,7.58,90,50
2026-08-08T06:00,21.7,21.8,265.0,269.0,9.1,6.57,13,4
2026-08-08T07:00,22.9,23.6,387.0,437.0,8.8,6.43,79,2
2026-08-08T08:00,24.2,25.2,474.0,591.0,8.1,6.51,44,2
2026-08-08T09:00,26.0,26.1,686.0,697.0,8.0,6.78,0,14
2026-08-08T10:00,27.0,26.7,778.0,744.0,8.3,7.02,16,29
2026-08-08T11:00,27.6,26.6,777.0,602.0,7.8,6.53,35,13
2026-08-08T12:00,26.4,27.1,631.0,736.0,10.8,6.6,3,11
2026-08-08T13:00,26.6,27.6,726.0,625.0,9.4,6.22,6,21
2026-08-08T14:00,26.0,27.6,618.0,594.0,9.8,6.77,0,20
2026-08-08T15:00,26.4,27.0,434.0,494.0,9.0,7.17,9,2
2026-08-08T16:00,25.4,26.2,322.0,339.0,8.9,6.82,0,2
2026-08-08T17:00,24.5,25.1,169.0,176.0,8.1,6.94,0,1
2026-08-08T18:00,22.8,22.9,42.0,40.0,8.4,6.01,0,1
2026-08-08T19:00,21.9,21.6,0.0,0.0,7.9,6.85,0,0
2026-08-08T20:00,21.1,20.8,0.0,0.0,7.8,8.26,0,0
2026-08-08T21:00,20.0,20.0,0.0,0.0,7.1,8.95,0,0
2026-08-08T22:00,19.3,19.2,0.0,0.0,7.7,8.35,0,0
2026-08-08T23:00,18.7,18.3,0.0,0.0,7.8,7.8,0,0
2026-08-09T00:00,18.1,17.1,0.0,0.0,8.1,6.26,0,0
2026-08-09T01:00,17.8,16.2,0.0,0.0,8.5,6.27,0,0
2026-08-09T02:00,17.4,15.6,0.0,0.0,8.5,6.85,0,0
2026-08-09T03:00,17.1,15.3,0.0,0.0,8.6,7.0,0,0
2026-08-09T04:00,17.1,15.4,16.0,14.0,8.7,6.95,0,0
2026-08-09T05:00,17.9,17.0,122.0,123.0,8.1,7.5,0,0
2026-08-09T06:00,19.5,19.0,275.0,287.0,6.8,5.1,0,0
2026-08-09T07:00,21.4,21.2,437.0,458.0,5.5,4.9,0,0
2026-08-09T08:00,23.6,22.8,586.0,615.0,5.3,4.51,0,0
2026-08-09T09:00,25.1,24.1,710.0,741.0,4.6,3.8,0,0
2026-08-09T10:00,26.5,25.1,792.0,824.0,4.3,3.48,0,0
2026-08-09T11:00,27.8,26.1,827.0,859.0,4.3,3.47,0,0
2026-08-09T12:00,28.5,27.3,806.0,842.0,3.1,2.29,0,0
2026-08-09T13:00,29.1,27.7,743.0,776.0,3.2,2.05,0,0
2026-08-09T14:00,29.4,27.8,636.0,665.0,3.5,1.81,0,0
2026-08-09T15:00,29.4,27.7,491.0,519.0,3.4,1.59,0,0
2026-08-09T16:00,29.0,27.3,331.0,350.0,3.5,1.88,0,0
2026-08-09T17:00,28.1,26.5,170.0,180.0,4.2,1.73,0,0
2026-08-09T18:00,26.4,24.1,40.0,40.0,4.1,1.72,0,2
2026-08-09T19:00,24.3,22.4,0.0,0.0,6.0,1.56,0,1
2026-08-09T20:00,23.0,20.1,0.0,0.0,4.3,2.3,0,0
2026-08-09T21:00,22.4,18.4,0.0,0.0,3.0,2.64,2,13
2026-08-09T22:00,21.5,17.5,0.0,0.0,3.1,2.75,99,13
2026-08-09T23:00,20.5,16.8,0.0,0.0,4.0,2.91,51,5
2026-08-10T00:00,19.5,16.1,0.0,0.0,5.2,2.82,0,0
2026-08-10T01:00,18.7,15.7,0.0,0.0,5.4,2.66,61,0
2026-08-10T02:00,18.3,15.2,0.0,0.0,4.6,1.96,90,0
2026-08-10T03:00,17.7,14.7,0.0,0.0,4.0,1.38,0,0
2026-08-10T04:00,17.7,14.9,13.0,13.0,2.8,1.17,0,11
2026-08-10T05:00,19.3,17.3,117.0,120.0,2.0,0.83,0,0
2026-08-10T06:00,21.8,20.6,269.0,282.0,1.1,0.74,0,0
2026-08-10T07:00,24.7,23.4,431.0,451.0,2.3,1.1,0,0
2026-08-10T08:00,27.2,25.6,582.0,605.0,3.8,2.1,0,0
2026-08-10T09:00,29.6,27.3,700.0,728.0,4.7,3.44,0,6
2026-08-10T10:00,31.3,28.5,781.0,808.0,4.4,4.38,0,1
2026-08-10T11:00,32.9,29.5,816.0,840.0,4.1,4.64,6,0
2026-08-10T12:00,33.7,30.2,800.0,823.0,4.5,4.0,0,30
2026-08-10T13:00,34.5,30.5,728.0,755.0,4.7,3.64,0,52
2026-08-10T14:00,34.9,30.6,618.0,642.0,4.6,3.71,0,14
2026-08-10T15:00,34.7,30.3,416.0,497.0,5.0,3.73,28,41
2026-08-10T16:00,34.5,29.9,316.0,330.0,5.2,3.68,0,6
2026-08-10T17:00,33.7,29.2,159.0,167.0,5.9,3.66,0,20
2026-08-10T18:00,32.4,27.6,33.0,35.0,6.3,3.89,87,0
2026-08-10T19:00,31.0,27.2,0.0,0.0,5.9,5.91,100,2
2026-08-10T20:00,29.7,25.5,0.0,0.0,3.0,4.81,100,2
2026-08-10T21:00,27.3,24.4,0.0,0.0,5.3,4.4,2,4
2026-08-10T22:00,26.2,23.9,0.0,0.0,5.8,4.81,0,5
2026-08-10T23:00,25.1,23.3,0.0,0.0,6.0,4.61,0,18
2026-08-11T00:00,24.2,22.4,0.0,0.0,3.5,4.08,3,5
2026-08-11T01:00,23.2,21.6,0.0,0.0,1.7,3.7,16,3
2026-08-11T02:00,22.6,21.2,0.0,0.0,0.8,2.77,42,2
2026-08-11T03:00,22.2,20.8,0.0,0.0,2.0,0.88,0,4
2026-08-11T04:00,21.8,20.3,12.0,11.0,4.3,0.97,0,13
2026-08-11T05:00,23.4,21.6,111.0,110.0,6.8,3.71,0,1
2026-08-11T06:00,25.6,23.9,258.0,271.0,6.1,6.06,0,0
2026-08-11T07:00,27.6,25.3,417.0,435.0,5.9,6.83,0,20
2026-08-11T08:00,28.3,26.4,564.0,583.0,8.9,6.47,0,41
2026-08-11T09:00,29.4,27.5,682.0,696.0,7.1,5.57,0,52
2026-08-11T10:00,29.6,28.3,762.0,734.0,8.8,5.02,19,19
2026-08-11T11:00,30.3,28.9,795.0,769.0,7.4,5.14,2,20
2026-08-11T12:00,31.7,29.5,775.0,722.0,7.0,5.1,4,22
2026-08-11T13:00,31.1,29.4,709.0,633.0,8.1,5.1,36,31
2026-08-11T14:00,29.7,29.3,362.0,493.0,8.7,4.95,100,33
2026-08-11T15:00,27.3,28.2,256.0,425.0,8.9,7.2,4,20
2026-08-11T16:00,26.7,27.1,267.0,304.0,10.5,7.5,6,45
2026-08-11T17:00,25.3,25.7,115.0,151.0,10.7,8.22,42,42
2026-08-11T18:00,24.0,24.4,32.0,33.0,10.2,8.57,0,0
2026-08-11T19:00,23.1,23.2,0.0,0.0,8.9,8.34,4,0
2026-08-11T20:00,22.3,22.2,0.0,0.0,9.1,8.37,0,0
2026-08-11T21:00,21.1,21.1,0.0,0.0,10.1,8.34,0,0
2026-08-11T22:00,20.1,20.0,0.0,0.0,9.1,8.59,0,0
2026-08-11T23:00,19.2,18.9,0.0,0.0,8.9,7.16,0,0
2026-08-12T00:00,18.5,17.8,0.0,0.0,9.1,7.6,0,1
2026-08-12T01:00,17.7,16.9,0.0,0.0,9.0,7.31,0,0
2026-08-12T02:00,17.0,16.1,0.0,0.0,9.0,6.99,0,0
2026-08-12T03:00,16.6,15.4,0.0,0.0,8.7,7.13,0,0
2026-08-12T04:00,16.2,15.1,12.0,10.0,9.0,7.24,0,0
2026-08-12T05:00,16.6,16.2,114.0,115.0,9.0,7.52,0,0
2026-08-12T06:00,17.9,17.7,269.0,278.0,7.9,6.71,0,0
2026-08-12T07:00,19.8,19.3,433.0,449.0,7.4,7.42,0,0
2026-08-12T08:00,21.3,20.4,584.0,605.0,8.2,7.83,0,0
2026-08-12T09:00,22.7,21.6,708.0,730.0,9.4,7.84,0,0
2026-08-12T10:00,24.0,22.7,794.0,813.0,8.7,7.75,0,0
2026-08-12T11:00,25.0,23.6,826.0,846.0,8.2,7.64,0,0
2026-08-12T12:00,25.6,24.3,805.0,827.0,7.4,7.43,0,0
2026-08-12T13:00,26.0,24.6,737.0,761.0,7.7,7.32,0,0
2026-08-12T14:00,25.9,24.6,626.0,648.0,8.3,7.21,0,0
2026-08-12T15:00,25.4,24.3,489.0,503.0,9.0,7.36,0,0
2026-08-12T16:00,24.7,23.7,328.0,335.0,8.9,7.51,0,0
2026-08-12T17:00,23.6,22.7,163.0,166.0,8.6,7.14,0,0
2026-08-12T18:00,22.4,21.4,33.0,30.0,8.5,6.42,0,0
2026-08-12T19:00,21.2,20.2,0.0,0.0,8.1,6.09,0,0
2026-08-12T20:00,20.2,18.9,0.0,0.0,8.3,5.34,0,0
2026-08-12T21:00,19.1,17.9,0.0,0.0,8.4,5.71,0,0
2026-08-12T22:00,18.5,17.3,0.0,0.0,8.6,6.76,0,0
2026-08-12T23:00,18.0,16.7,0.0,0.0,9.0,7.19,0,0
2026-08-13T00:00,17.5,15.5,0.0,0.0,9.3,7.38,0,0
2026-08-13T01:00,17.1,15.0,0.0,0.0,9.2,7.74,0,0
2026-08-13T02:00,16.9,14.7,0.0,0.0,9.0,7.95,0,0
2026-08-13T03:00,16.6,14.3,0.0,0.0,9.3,8.2,0,0
2026-08-13T04:00,16.4,14.2,11.0,10.0,9.0,8.42,0,0
2026-08-13T05:00,17.2,15.8,112.0,114.0,8.2,8.98,0,0
2026-08-13T06:00,18.8,18.1,269.0,278.0,7.2,6.91,0,0
2026-08-13T07:00,20.7,20.5,435.0,450.0,7.0,6.87,0,0
2026-08-13T08:00,22.8,22.1,587.0,606.0,8.0,6.99,0,0
2026-08-13T09:00,24.2,23.3,711.0,727.0,8.0,6.55,0,26
2026-08-13T10:00,25.4,24.5,796.0,806.0,7.9,6.08,16,40
2026-08-13T11:00,26.3,25.2,824.0,833.0,8.0,5.95,98,52
2026-08-13T12:00,26.9,25.6,799.0,789.0,7.5,6.08,58,89
2026-08-13T13:00,27.2,25.7,730.0,719.0,7.6,6.32,23,89
2026-08-13T14:00,27.0,25.4,618.0,592.0,8.1,6.66,52,25
2026-08-13T15:00,26.1,24.9,384.0,484.0,7.7,6.96,17,6
2026-08-13T16:00,25.8,24.0,314.0,326.0,7.5,6.95,0,0
2026-08-13T17:00,24.6,23.1,155.0,159.0,7.8,5.62,0,0
2026-08-13T18:00,23.6,21.4,30.0,28.0,8.1,5.15,0,6
2026-08-13T19:00,22.2,19.9,0.0,0.0,8.8,5.8,0,3
2026-08-13T20:00,21.1,18.9,0.0,0.0,8.7,5.66,0,0
2026-08-13T21:00,20.1,18.5,0.0,0.0,8.0,6.75,0,0
2026-08-13T22:00,19.4,17.8,0.0,0.0,7.6,7.17,0,0
2026-08-13T23:00,18.8,16.9,0.0,0.0,7.6,7.71,0,0
2026-08-14T00:00,18.4,15.8,0.0,0.0,7.5,7.48,0,0
2026-08-14T01:00,17.9,15.1,0.0,0.0,7.9,7.62,0,0
2026-08-14T02:00,17.5,14.6,0.0,0.0,7.8,7.71,0,0
2026-08-14T03:00,17.3,14.1,0.0,0.0,8.3,7.81,0,0
2026-08-14T04:00,17.3,14.1,9.0,9.0,8.8,7.75,0,0
2026-08-14T05:00,18.2,15.5,109.0,108.0,8.3,8.2,0,0
2026-08-14T06:00,19.6,18.3,263.0,269.0,6.8,5.35,0,0
2026-08-14T07:00,21.7,20.7,427.0,437.0,6.0,4.68,0,0
2026-08-14T08:00,23.9,22.6,578.0,591.0,6.7,3.82,0,0
2026-08-14T09:00,25.3,24.1,706.0,713.0,5.9,3.02,0,0
2026-08-14T10:00,26.8,25.2,789.0,794.0,5.4,2.72,0,0
2026-08-14T11:00,28.0,26.0,824.0,827.0,4.9,2.3,0,0
2026-08-14T12:00,28.6,27.1,795.0,810.0,4.4,3.01,0,0
2026-08-14T13:00,29.1,27.5,727.0,742.0,4.4,3.18,0,0
2026-08-14T14:00,29.3,27.6,614.0,630.0,4.6,3.27,0,0
2026-08-14T15:00,29.5,27.4,472.0,484.0,4.7,3.48,0,0
2026-08-14T16:00,28.7,26.7,309.0,319.0,5.8,4.17,0,0
2026-08-14T17:00,27.3,25.5,151.0,152.0,6.1,4.78,0,0
2026-08-14T18:00,25.8,23.9,28.0,26.0,6.1,4.87,0,0
2026-08-14T19:00,24.2,22.2,0.0,0.0,5.4,4.97,0,0
2026-08-14T20:00,22.9,20.7,0.0,0.0,5.2,4.52,0,0
2026-08-14T21:00,21.7,19.2,0.0,0.0,5.4,4.12,0,0
2026-08-14T22:00,20.9,18.1,0.0,0.0,5.5,4.8,0,0
2026-08-14T23:00,20.0,17.5,0.0,0.0,6.3,5.45,0,0
2026-08-15T00:00,19.5,16.5,0.0,0.0,7.1,3.91,0,0
2026-08-15T01:00,18.7,15.8,0.0,0.0,6.8,4.02,0,0
2026-08-15T02:00,17.8,15.2,0.0,0.0,6.7,3.87,0,0
2026-08-15T03:00,17.2,14.6,0.0,0.0,6.8,3.28,0,0
2026-08-15T04:00,17.1,14.4,9.0,7.0,6.3,3.13,0,0
2026-08-15T05:00,18.5,16.5,103.0,104.0,5.2,3.19,0,0
2026-08-15T06:00,21.1,19.7,253.0,264.0,2.7,2.89,0,0
2026-08-15T07:00,23.0,21.8,415.0,432.0,2.1,2.36,0,0
2026-08-15T08:00,25.5,23.7,565.0,585.0,1.5,1.74,0,0
2026-08-15T09:00,27.9,25.7,682.0,707.0,1.6,1.35,0,0
2026-08-15T10:00,29.9,27.3,763.0,789.0,2.3,1.35,0,0
2026-08-15T11:00,31.6,28.4,797.0,822.0,2.5,1.58,0,1
2026-08-15T12:00,32.7,29.5,777.0,804.0,2.7,2.02,0,0
2026-08-15T13:00,33.1,30.0,711.0,737.0,3.1,2.57,0,7
2026-08-15T14:00,33.5,30.0,602.0,626.0,3.6,2.93,0,2
2026-08-15T15:00,33.1,29.7,462.0,481.0,4.7,3.01,0,11
2026-08-15T16:00,32.7,29.1,303.0,315.0,4.1,2.56,0,12
2026-08-15T17:00,31.9,27.5,146.0,148.0,4.4,1.66,0,0
2026-08-15T18:00,30.1,26.6,26.0,24.0,5.1,0.81,0,0
2026-08-15T19:00,27.9,25.3,0.0,0.0,6.3,1.91,0,0
2026-08-15T20:00,26.4,24.0,0.0,0.0,5.1,2.67,0,0
2026-08-15T21:00,25.5,23.3,0.0,0.0,2.7,2.66,0,0
2026-08-15T22:00,24.3,22.4,0.0,0.0,2.5,3.42,0,0
2026-08-15T23:00,23.1,21.6,0.0,0.0,1.6,3.23,0,0
2026-08-16T00:00,22.2,20.3,0.0,0.0,0.2,2.82,0,0
2026-08-16T01:00,21.6,20.1,0.0,0.0,2.0,2.67,0,0
2026-08-16T02:00,21.1,19.3,0.0,0.0,3.1,2.82,0,0
2026-08-16T03:00,20.4,18.4,0.0,0.0,3.2,2.39,0,0
2026-08-16T04:00,20.2,18.0,8.0,7.0,1.6,1.9,0,0
2026-08-16T05:00,21.2,19.7,102.0,102.0,1.6,2.06,0,0
2026-08-16T06:00,22.9,21.8,251.0,261.0,2.0,2.21,0,0
2026-08-16T07:00,25.8,24.3,413.0,429.0,2.9,2.28,0,0
2026-08-16T08:00,27.9,26.3,563.0,582.0,3.2,3.39,0,0
2026-08-16T09:00,30.7,28.4,684.0,704.0,4.1,4.28,0,0
2026-08-16T10:00,32.7,29.7,765.0,785.0,4.8,5.55,0,0
2026-08-16T11:00,34.0,30.7,798.0,818.0,6.0,5.73,0,0
2026-08-16T12:00,34.5,31.3,785.0,800.0,6.1,4.83,0,0
2026-08-16T13:00,34.9,31.6,715.0,732.0,5.3,3.87,0,0
2026-08-16T14:00,35.0,31.7,602.0,622.0,5.7,2.8,0,0
2026-08-16T15:00,34.9,31.8,458.0,476.0,6.9,2.89,3,0
2026-08-16T16:00,34.1,31.2,296.0,311.0,7.2,3.84,0,0
2026-08-16T17:00,33.2,29.6,139.0,146.0,7.1,4.79,0,0
2026-08-16T18:00,31.7,27.8,23.0,22.0,6.8,4.52,0,6
2026-08-16T19:00,29.8,27.6,0.0,0.0,7.0,7.29,60,12
2026-08-16T20:00,28.9,26.7,0.0,0.0,6.0,6.98,79,26
2026-08-16T21:00,27.2,25.2,0.0,0.0,7.8,5.59,7,85
2026-08-16T22:00,26.3,24.1,0.0,0.0,6.2,5.2,92,96
2026-08-16T23:00,24.9,23.6,0.0,0.0,9.0,5.4,75,95
2026-08-17T00:00,24.0,22.0,0.0,0.0,5.0,4.72,12,40
2026-08-17T01:00,23.0,21.4,0.0,0.0,2.1,1.82,86,55
2026-08-17T02:00,22.9,20.9,0.0,0.0,0.8,1.52,41,79
2026-08-17T03:00,23.8,20.4,0.0,0.0,8.5,0.65,96,84
2026-08-17T04:00,23.3,19.8,3.0,5.0,8.6,0.3,97,97
2026-08-17T05:00,23.7,21.3,16.0,64.0,3.1,1.03,100,95
2026-08-17T06:00,24.1,22.3,127.0,187.0,3.5,0.6,100,99
2026-08-17T07:00,24.5,23.0,44.0,220.0,1.6,2.14,100,99
2026-08-17T08:00,26.2,22.0,115.0,298.0,4.8,3.83,100,100
2026-08-17T09:00,21.5,20.6,35.0,195.0,7.2,4.06,100,100
2026-08-17T10:00,21.5,21.1,84.0,345.0,2.9,5.6,100,89
2026-08-17T11:00,22.0,23.3,98.0,600.0,2.2,5.04,100,15
2026-08-17T12:00,24.2,26.1,89.0,622.0,6.1,4.88,100,54
2026-08-17T13:00,24.4,28.0,296.0,672.0,5.4,5.42,100,84
2026-08-17T14:00,25.2,28.3,310.0,505.0,4.7,3.83,80,88
2026-08-17T15:00,26.4,28.1,293.0,370.0,2.2,3.47,100,77
2026-08-17T16:00,26.3,27.2,111.0,217.0,3.0,3.24,100,97
2026-08-17T17:00,25.6,25.4,28.0,73.0,2.9,3.85,100,100
2026-08-17T18:00,24.1,24.2,6.0,14.0,5.4,6.42,100,99
2026-08-17T19:00,23.1,20.1,0.0,0.0,4.5,2.41,100,100
2026-08-17T20:00,22.7,20.3,0.0,0.0,3.8,0.55,100,99
2026-08-17T21:00,25.1,20.1,0.0,0.0,2.6,0.57,100,95
2026-08-17T22:00,24.5,20.0,0.0,0.0,1.1,1.71,100,98
2026-08-17T23:00,24.8,18.9,0.0,0.0,3.9,2.76,100,100
2026-08-18T00:00,22.8,17.5,0.0,0.0,2.7,5.62,100,100
2026-08-18T01:00,22.5,17.5,0.0,0.0,1.9,5.35,100,100
2026-08-18T02:00,19.9,17.7,0.0,0.0,6.8,2.29,100,100
2026-08-18T03:00,17.3,17.8,0.0,0.0,10.1,3.89,100,100
2026-08-18T04:00,16.3,17.0,1.0,1.0,10.2,6.49,100,100
2026-08-18T05:00,16.1,15.9,9.0,22.0,7.6,7.88,100,100
2026-08-18T06:00,17.5,16.0,39.0,88.0,5.8,7.56,96,100
2026-08-18T07:00,18.3,17.1,318.0,167.0,5.5,5.21,100,27
2026-08-18T08:00,19.7,19.2,332.0,551.0,5.4,5.75,59,9
2026-08-18T09:00,20.8,20.6,628.0,671.0,4.3,6.62,35,54
2026-08-18T10:00,21.7,21.2,669.0,671.0,4.0,4.96,48,34
2026-08-18T11:00,22.6,21.7,726.0,709.0,4.3,5.08,88,51
2026-08-18T12:00,22.5,21.9,695.0,589.0,3.8,3.24,100,68
2026-08-18T13:00,20.1,19.9,85.0,468.0,4.1,4.91,100,52
2026-08-18T14:00,19.7,19.7,265.0,469.0,4.0,2.82,100,31
2026-08-18T15:00,20.4,20.8,243.0,406.0,3.4,0.25,100,89
2026-08-18T16:00,19.6,18.9,93.0,225.0,3.0,3.45,100,91
2026-08-18T17:00,18.9,17.9,25.0,79.0,2.6,2.7,100,100
2026-08-18T18:00,19.0,17.8,5.0,6.0,3.4,3.94,100,99
2026-08-18T19:00,18.9,17.7,0.0,0.0,4.1,1.88,100,96
2026-08-18T20:00,18.5,17.4,0.0,0.0,3.7,2.21,45,59
2026-08-18T21:00,16.4,16.3,0.0,0.0,1.6,3.25,72,5
2026-08-18T22:00,16.0,15.5,0.0,0.0,0.9,3.81,100,14
2026-08-18T23:00,16.4,15.0,0.0,0.0,1.1,3.7,100,34
2026-08-19T00:00,16.7,14.0,0.0,0.0,1.4,1.59,100,97
2026-08-19T01:00,16.0,13.9,0.0,0.0,0.3,1.58,100,99
2026-08-19T02:00,16.1,13.8,0.0,0.0,1.2,1.67,35,100
2026-08-19T03:00,14.7,13.6,0.0,0.0,0.7,1.01,6,99
2026-08-19T04:00,14.1,13.8,5.0,3.0,1.1,0.53,30,49
2026-08-19T05:00,15.6,15.0,85.0,82.0,0.8,1.2,2,21
2026-08-19T06:00,17.4,16.7,232.0,212.0,0.7,2.73,1,91
2026-08-19T07:00,19.1,18.4,397.0,381.0,1.7,3.03,0,33
2026-08-19T08:00,20.6,20.0,546.0,535.0,2.9,3.15,1,41
2026-08-19T09:00,22.3,21.5,662.0,649.0,3.5,4.45,42,17
2026-08-19T10:00,23.1,22.8,587.0,758.0,3.5,5.49,92,28
2026-08-19T11:00,24.9,24.1,685.0,662.0,3.8,5.67,15,45
2026-08-19T12:00,25.0,24.2,394.0,712.0,4.6,5.87,87,62
2026-08-19T13:00,26.1,24.4,457.0,552.0,4.5,6.17,38,44
2026-08-19T14:00,27.1,24.7,539.0,443.0,4.9,5.95,4,34
2026-08-19T15:00,27.5,24.6,440.0,362.0,3.9,6.22,0,7
2026-08-19T16:00,27.6,24.3,282.0,274.0,4.7,5.84,0,9
2026-08-19T17:00,27.0,23.1,127.0,123.0,5.6,6.4,0,7
2026-08-19T18:00,26.3,22.5,17.0,15.0,5.8,5.6,1,4
2026-08-19T19:00,25.1,21.3,0.0,0.0,4.9,5.26,0,2
2026-08-19T20:00,23.9,20.9,0.0,0.0,6.2,5.64,16,19
2026-08-19T21:00,23.1,20.1,0.0,0.0,4.9,5.03,0,7
2026-08-19T22:00,22.4,19.2,0.0,0.0,3.4,4.27,0,20
2026-08-19T23:00,21.9,19.0,0.0,0.0,4.5,4.48,0,17
2026-08-20T00:00,21.3,18.4,0.0,0.0,4.3,4.25,0,2
2026-08-20T01:00,21.1,18.1,0.0,0.0,6.3,4.52,0,2
2026-08-20T02:00,20.7,18.0,0.0,0.0,8.0,4.91,0,6
2026-08-20T03:00,20.3,17.9,0.0,0.0,5.8,5.08,22,20
2026-08-20T04:00,19.5,17.7,4.0,3.0,4.2,4.32,100,45
2026-08-20T05:00,19.8,19.5,68.0,81.0,4.0,3.86,100,9
2026-08-20T06:00,21.7,21.3,219.0,231.0,2.7,3.25,0,10
2026-08-20T07:00,24.7,23.1,386.0,399.0,4.8,2.97,0,60
2026-08-20T08:00,26.6,24.0,531.0,371.0,5.7,4.94,0,80
2026-08-20T09:00,28.0,24.3,652.0,442.0,4.8,5.29,0,32
2026-08-20T10:00,30.0,26.0,730.0,697.0,3.5,4.54,0,52
2026-08-20T11:00,31.8,26.4,762.0,686.0,4.8,4.96,2,20
2026-08-20T12:00,32.8,28.9,744.0,742.0,6.3,5.52,3,9
2026-08-20T13:00,33.6,29.8,666.0,666.0,5.5,4.85,9,10
2026-08-20T14:00,33.9,30.3,485.0,577.0,4.4,3.86,79,19
2026-08-20T15:00,31.9,30.2,428.0,439.0,4.5,2.9,0,21
2026-08-20T16:00,31.7,29.4,272.0,274.0,4.7,2.4,0,33
2026-08-20T17:00,31.0,27.8,110.0,115.0,4.6,1.35,86,33
2026-08-20T18:00,29.2,26.5,15.0,14.0,3.0,0.25,20,82
2026-08-20T19:00,27.5,25.3,0.0,0.0,1.7,2.33,100,60
2026-08-20T20:00,27.0,24.6,0.0,0.0,2.5,2.15,100,93
2026-08-20T21:00,22.3,22.3,0.0,0.0,14.9,10.58,100,100
2026-08-20T22:00,20.6,21.0,0.0,0.0,2.4,2.11,100,99
2026-08-20T23:00,21.0,20.2,0.0,0.0,5.0,2.64,100,82
2026-08-21T00:00,20.8,21.2,0.0,0.0,5.8,2.08,99,89
2026-08-21T01:00,20.8,20.4,0.0,0.0,5.6,2.75,99,94
2026-08-21T02:00,20.1,19.9,0.0,0.0,5.9,3.31,100,70
2026-08-21T03:00,20.5,19.5,0.0,0.0,5.6,3.39,100,41
2026-08-21T04:00,20.3,19.5,1.0,3.0,4.0,2.25,100,66
2026-08-21T05:00,20.6,20.5,49.0,69.0,3.0,0.96,100,100
2026-08-21T06:00,22.4,22.2,219.0,158.0,4.4,0.88,100,99
2026-08-21T07:00,23.1,23.3,266.0,166.0,4.4,1.12,100,100
2026-08-21T08:00,23.8,24.5,319.0,235.0,4.3,1.1,100,51
2026-08-21T09:00,25.8,26.6,561.0,457.0,3.8,1.3,94,49
2026-08-21T10:00,26.5,28.3,590.0,642.0,3.8,2.71,99,51
2026-08-21T11:00,26.8,29.9,630.0,722.0,4.2,4.44,99,94
2026-08-21T12:00,26.2,32.0,351.0,751.0,5.0,5.37,100,78
2026-08-21T13:00,27.1,32.2,351.0,633.0,5.9,7.85,0,73
2026-08-21T14:00,27.6,31.7,560.0,504.0,4.9,7.72,0,53
2026-08-21T15:00,28.7,31.8,420.0,383.0,3.4,6.93,0,79
2026-08-21T16:00,28.8,30.5,266.0,203.0,1.4,8.0,78,98
2026-08-21T17:00,27.8,29.3,110.0,77.0,3.1,6.94,100,97
2026-08-21T18:00,29.2,27.6,8.0,10.0,3.3,4.7,86,97
2026-08-21T19:00,23.3,27.2,0.0,0.0,5.1,5.87,100,85
2026-08-21T20:00,23.3,26.5,0.0,0.0,10.0,7.2,100,91
2026-08-21T21:00,22.7,25.4,0.0,0.0,2.5,6.19,100,53
2026-08-21T22:00,22.7,24.0,0.0,0.0,2.4,2.98,100,50
2026-08-21T23:00,22.6,23.2,0.0,0.0,2.7,4.39,100,44
2026-08-22T00:00,22.2,21.7,0.0,0.0,6.2,2.52,100,44
2026-08-22T01:00,21.6,21.4,0.0,0.0,9.0,4.4,96,1
2026-08-22T02:00,21.0,21.0,0.0,0.0,7.2,5.57,1,11
2026-08-22T03:00,21.0,20.6,0.0,0.0,7.9,5.66,0,7
2026-08-22T04:00,19.8,19.9,3.0,3.0,8.3,5.25,0,2
2026-08-22T05:00,19.5,20.4,83.0,81.0,7.1,6.96,0,1
2026-08-22T06:00,19.5,20.9,229.0,236.0,6.3,7.12,0,3
2026-08-22T07:00,20.4,21.3,392.0,399.0,5.1,6.91,0,16
2026-08-22T08:00,21.9,23.3,541.0,531.0,4.7,3.89,0,75
2026-08-22T09:00,24.8,24.7,648.0,572.0,3.3,2.33,8,55
2026-08-22T10:00,26.2,25.3,666.0,691.0,2.3,2.07,53,83
2026-08-22T11:00,27.4,25.0,661.0,469.0,2.5,2.95,47,94
2026-08-22T12:00,28.3,26.7,723.0,683.0,5.0,1.77,66,34
2026-08-22T13:00,29.0,26.5,678.0,614.0,4.4,1.53,51,15
2026-08-22T14:00,28.7,26.6,528.0,517.0,5.3,0.54,2,20
2026-08-22T15:00,27.4,26.6,425.0,393.0,4.9,0.28,11,20
2026-08-22T16:00,26.7,26.2,267.0,256.0,4.7,1.66,0,5
2026-08-22T17:00,25.5,24.5,120.0,112.0,4.5,4.27,0,5
2026-08-22T18:00,22.9,20.6,9.0,11.0,5.7,2.97,84,14
2026-08-22T19:00,22.2,19.8,0.0,0.0,6.9,4.75,1,19
2026-08-22T20:00,21.0,19.4,0.0,0.0,6.1,4.9,0,13
2026-08-22T21:00,20.6,18.7,0.0,0.0,5.4,4.35,0,6
2026-08-22T22:00,19.8,17.3,0.0,0.0,5.6,3.35,0,1
2026-08-22T23:00,18.8,16.6,0.0,0.0,5.3,4.02,0,0
2026-08-23T00:00,17.6,15.5,0.0,0.0,6.0,2.6,0,0
2026-08-23T01:00,17.0,15.1,0.0,0.0,5.9,3.58,0,1
2026-08-23T02:00,16.5,15.0,0.0,0.0,6.6,5.14,0,0
2026-08-23T03:00,15.9,14.7,0.0,0.0,6.7,5.55,0,3
2026-08-23T04:00,15.5,14.3,3.0,2.0,6.4,5.66,0,3
2026-08-23T05:00,16.1,15.4,85.0,81.0,5.9,5.52,0,2
2026-08-23T06:00,17.1,17.8,232.0,237.0,5.0,4.71,0,0
2026-08-23T07:00,18.7,19.4,396.0,406.0,5.7,5.2,0,1
2026-08-23T08:00,20.3,20.9,551.0,558.0,5.6,4.05,0,3
2026-08-23T09:00,22.2,22.2,672.0,683.0,5.1,2.85,0,6
2026-08-23T10:00,23.8,22.9,756.0,590.0,3.9,1.55,0,36
2026-08-23T11:00,25.1,23.3,789.0,600.0,2.9,0.96,0,24
2026-08-23T12:00,25.8,23.4,767.0,661.0,1.6,3.06,6,32
2026-08-23T13:00,26.4,23.2,670.0,536.0,1.3,2.75,11,25
2026-08-23T14:00,26.9,23.5,573.0,518.0,2.4,2.15,11,23
2026-08-23T15:00,26.5,23.4,386.0,398.0,4.0,1.4,53,20
2026-08-23T16:00,25.4,23.0,246.0,230.0,6.5,0.73,0,20
2026-08-23T17:00,23.6,22.0,112.0,105.0,6.5,0.82,0,15
2026-08-23T18:00,22.3,20.3,11.0,9.0,5.8,2.15,0,17
2026-08-23T19:00,21.0,19.0,0.0,0.0,6.1,5.22,0,9
2026-08-23T20:00,20.1,18.7,0.0,0.0,4.9,7.08,0,11
2026-08-23T21:00,19.1,17.6,0.0,0.0,4.7,6.26,0,1
2026-08-23T22:00,18.4,16.7,0.0,0.0,5.5,5.57,0,0
2026-08-23T23:00,18.0,15.6,0.0,0.0,6.3,5.55,0,0
2026-08-24T00:00,17.2,15.2,0.0,0.0,7.2,5.89,0,1
2026-08-24T01:00,16.7,14.9,0.0,0.0,7.0,5.84,0,0
2026-08-24T02:00,16.5,14.4,0.0,0.0,7.1,5.52,2,0
2026-08-24T03:00,15.9,13.8,0.0,0.0,7.6,5.75,0,0
2026-08-24T04:00,15.8,13.3,2.0,2.0,8.2,5.65,0,0
2026-08-24T05:00,16.8,14.8,82.0,79.0,7.5,5.55,0,0
2026-08-24T06:00,18.2,17.7,231.0,235.0,5.7,4.9,0,0
2026-08-24T07:00,20.2,20.3,394.0,406.0,4.4,3.32,12,0
2026-08-24T08:00,22.1,22.3,544.0,559.0,2.4,2.48,0,2
2026-08-24T09:00,24.3,23.7,667.0,682.0,1.4,0.93,0,10
2026-08-24T10:00,25.2,24.4,750.0,675.0,0.3,0.36,9,32
2026-08-24T11:00,26.0,25.0,736.0,708.0,0.5,1.15,46,16
2026-08-24T12:00,27.0,24.3,687.0,645.0,0.5,2.32,52,17
2026-08-24T13:00,28.0,24.3,620.0,620.0,1.7,2.99,20,33
2026-08-24T14:00,28.3,24.8,537.0,519.0,3.3,2.86,65,15
2026-08-24T15:00,27.4,25.1,359.0,402.0,4.6,2.78,2,20
2026-08-24T16:00,25.6,24.7,230.0,251.0,7.5,0.39,73,22
2026-08-24T17:00,23.7,22.9,96.0,101.0,7.0,5.32,0,20
2026-08-24T18:00,22.0,20.9,9.0,8.0,7.3,6.64,0,9
2026-08-24T19:00,20.8,19.8,0.0,0.0,7.5,6.9,0,7
2026-08-24T20:00,19.9,18.5,0.0,0.0,6.8,6.41,45,12
2026-08-24T21:00,19.2,17.6,0.0,0.0,6.4,6.15,92,9
2026-08-24T22:00,18.7,16.9,0.0,0.0,6.6,6.16,0,2
2026-08-24T23:00,18.0,16.4,0.0,0.0,7.2,6.4,0,0
2026-08-25T00:00,17.8,15.6,0.0,0.0,7.5,6.7,4,27
2026-08-25T01:00,17.3,14.8,0.0,0.0,7.7,7.0,0,29
2026-08-25T02:00,17.0,14.4,0.0,0.0,8.1,6.93,0,80
2026-08-25T03:00,16.7,14.7,0.0,0.0,7.5,7.01,0,97
2026-08-25T04:00,16.5,14.9,2.0,1.0,8.0,6.95,90,28
2026-08-25T05:00,17.3,15.4,54.0,70.0,7.7,7.75,100,14
2026-08-25T06:00,19.2,16.9,178.0,189.0,6.2,6.5,47,50
2026-08-25T07:00,20.8,19.6,323.0,369.0,6.3,4.3,4,21
2026-08-25T08:00,22.6,22.1,519.0,538.0,5.6,3.95,3,4
2026-08-25T09:00,24.9,24.1,637.0,665.0,3.6,3.48,8,5
2026-08-25T10:00,26.0,25.5,663.0,742.0,4.3,2.44,74,27
2026-08-25T11:00,24.7,26.5,528.0,765.0,8.8,2.19,100,13
2026-08-25T12:00,28.5,25.5,701.0,660.0,3.5,5.16,55,53
2026-08-25T13:00,27.7,24.6,528.0,552.0,4.3,6.11,100,59
2026-08-25T14:00,24.5,23.9,167.0,476.0,9.2,5.77,100,91
2026-08-25T15:00,23.6,23.5,129.0,389.0,7.9,5.94,100,100
2026-08-25T16:00,22.5,22.5,109.0,188.0,8.3,6.22,100,100
2026-08-25T17:00,21.2,21.2,20.0,78.0,8.8,7.28,100,100
2026-08-25T18:00,21.4,19.5,3.0,2.0,9.0,6.41,100,100
2026-08-25T19:00,20.8,18.0,0.0,0.0,8.8,6.85,100,100
2026-08-25T20:00,20.3,17.5,0.0,0.0,9.0,6.7,100,100
2026-08-25T21:00,19.6,17.1,0.0,0.0,9.5,6.87,100,87
2026-08-25T22:00,19.5,16.3,0.0,0.0,8.8,8.0,100,59
2026-08-25T23:00,19.5,15.8,0.0,0.0,9.5,8.97,100,76
2026-08-26T00:00,19.2,17.0,0.0,0.0,10.4,7.96,100,57
2026-08-26T01:00,19.2,16.5,0.0,0.0,9.1,7.61,100,91
2026-08-26T02:00,19.3,16.1,0.0,0.0,9.4,7.63,100,95
2026-08-26T03:00,19.3,15.9,0.0,0.0,9.0,8.09,100,96
2026-08-26T04:00,19.0,15.6,0.0,1.0,9.6,8.56,100,95
2026-08-26T05:00,18.6,16.2,6.0,49.0,9.8,7.96,100,27
2026-08-26T06:00,18.6,17.6,51.0,212.0,8.8,6.69,100,21
2026-08-26T07:00,19.2,19.7,82.0,370.0,9.2,6.46,100,25
2026-08-26T08:00,19.9,21.8,183.0,507.0,8.9,6.12,98,49
2026-08-26T09:00,22.4,23.8,591.0,646.0,8.5,5.27,27,56
2026-08-26T10:00,24.4,24.8,684.0,717.0,7.7,5.04,5,68
2026-08-26T11:00,25.4,25.6,725.0,748.0,8.2,5.46,8,70
2026-08-26T12:00,25.2,24.0,457.0,600.0,4.3,6.61,97,13
2026-08-26T13:00,26.3,24.5,562.0,651.0,6.4,6.91,13,1
2026-08-26T14:00,26.3,24.6,531.0,561.0,7.1,6.8,0,1
2026-08-26T15:00,25.1,24.1,331.0,416.0,8.6,6.49,1,9
2026-08-26T16:00,23.7,23.2,245.0,253.0,8.3,6.59,0,7
2026-08-26T17:00,21.7,22.0,97.0,96.0,8.5,6.34,0,7
2026-08-26T18:00,21.4,21.1,6.0,6.0,7.8,6.46,0,19
2026-08-26T19:00,20.6,20.0,0.0,0.0,7.5,6.08,0,14
2026-08-26T20:00,19.8,19.0,0.0,0.0,7.5,5.68,5,5
2026-08-26T21:00,20.4,18.1,0.0,0.0,6.4,5.78,100,9
2026-08-26T22:00,20.2,17.3,0.0,0.0,6.4,6.04,100,23
2026-08-26T23:00,19.9,16.9,0.0,0.0,7.0,6.57,100,5
2026-08-27T00:00,19.3,15.3,0.0,0.0,7.3,7.15,100,22
2026-08-27T01:00,19.3,15.1,0.0,0.0,7.2,7.1,100,17
2026-08-27T02:00,18.8,14.7,0.0,0.0,7.3,6.95,77,12
2026-08-27T03:00,18.7,14.5,0.0,0.0,7.1,7.46,100,5
2026-08-27T04:00,18.6,14.3,1.0,1.0,6.8,7.5,1,11
2026-08-27T05:00,18.5,15.3,67.0,65.0,6.5,7.45,0,16
2026-08-27T06:00,18.8,17.6,213.0,215.0,7.0,6.01,0,1
2026-08-27T07:00,20.5,19.8,375.0,380.0,6.2,5.0,0,0
2026-08-27T08:00,22.5,21.9,525.0,535.0,5.6,4.78,0,0
2026-08-27T09:00,24.6,23.5,633.0,660.0,3.9,3.52,0,0
2026-08-27T10:00,26.2,24.8,714.0,744.0,3.8,3.0,0,0
2026-08-27T11:00,27.5,25.6,737.0,779.0,3.4,2.8,14,2
2026-08-27T12:00,28.2,26.4,737.0,722.0,4.4,2.86,0,4
2026-08-27T13:00,28.4,26.5,668.0,673.0,5.1,3.37,0,5
2026-08-27T14:00,28.3,26.4,556.0,570.0,5.7,3.3,0,3
2026-08-27T15:00,27.6,26.0,411.0,417.0,5.9,3.65,0,0
2026-08-27T16:00,26.7,25.4,251.0,255.0,6.4,4.29,0,0
2026-08-27T17:00,25.2,23.8,98.0,98.0,6.8,5.36,0,0
2026-08-27T18:00,23.4,21.5,6.0,5.0,5.6,6.72,0,0
2026-08-27T19:00,21.9,20.4,0.0,0.0,4.8,6.52,0,1
2026-08-27T20:00,20.9,19.4,0.0,0.0,3.9,5.85,0,1
2026-08-27T21:00,20.3,18.0,0.0,0.0,4.1,4.43,0,5
2026-08-27T22:00,19.4,16.7,0.0,0.0,4.5,4.51,0,32
2026-08-27T23:00,18.6,15.5,0.0,0.0,3.9,3.77,0,13
2026-08-28T00:00,17.6,14.1,0.0,0.0,4.6,4.31,0,0
2026-08-28T01:00,17.2,13.5,0.0,0.0,6.0,4.86,0,0
2026-08-28T02:00,16.5,13.0,0.0,0.0,5.6,4.37,0,2
2026-08-28T03:00,16.2,12.1,0.0,0.0,5.8,3.62,0,3
2026-08-28T04:00,15.5,11.6,1.0,1.0,5.0,3.58,0,20
2026-08-28T05:00,16.6,13.4,69.0,68.0,3.5,3.48,61,2
2026-08-28T06:00,18.4,16.9,216.0,222.0,3.5,2.92,69,23
2026-08-28T07:00,20.0,20.2,376.0,402.0,1.9,2.22,36,2
2026-08-28T08:00,22.4,22.0,536.0,556.0,3.7,2.73,0,1
2026-08-28T09:00,24.0,23.5,656.0,679.0,3.3,2.95,28,6
2026-08-28T10:00,25.6,24.7,739.0,759.0,3.3,3.07,0,8
2026-08-28T11:00,26.9,25.7,770.0,789.0,3.8,2.83,34,5
2026-08-28T12:00,27.9,26.4,747.0,768.0,3.6,3.39,28,13
2026-08-28T13:00,28.7,26.9,666.0,696.0,4.3,3.39,97,24
2026-08-28T14:00,29.0,27.0,534.0,578.0,4.6,4.23,98,66
2026-08-28T15:00,28.3,26.6,274.0,422.0,4.4,4.67,97,84
2026-08-28T16:00,27.9,25.8,215.0,254.0,4.6,5.08,93,63
2026-08-28T17:00,26.9,24.5,87.0,92.0,5.0,4.85,99,76
2026-08-28T18:00,25.4,22.8,4.0,4.0,5.8,4.73,100,69
2026-08-28T19:00,24.2,22.4,0.0,0.0,5.2,5.74,93,74
2026-08-28T20:00,22.9,21.5,0.0,0.0,5.8,5.6,10,95
2026-08-28T21:00,22.0,21.1,0.0,0.0,4.5,6.33,93,82
2026-08-28T22:00,21.6,20.3,0.0,0.0,4.5,5.94,100,33
2026-08-28T23:00,21.1,19.4,0.0,0.0,3.6,5.14,100,90
2026-08-29T00:00,20.1,18.5,0.0,0.0,3.5,4.38,55,34
2026-08-29T01:00,19.0,17.9,0.0,0.0,5.6,4.47,40,54
2026-08-29T02:00,18.6,17.4,0.0,0.0,5.7,4.61,6,95
2026-08-29T03:00,18.3,17.2,0.0,0.0,4.4,4.92,1,88
2026-08-29T04:00,17.8,17.0,1.0,0.0,5.0,4.59,11,69
2026-08-29T05:00,18.6,17.9,55.0,49.0,1.5,5.21,100,30
2026-08-29T06:00,20.2,19.1,168.0,206.0,2.8,3.45,99,2
2026-08-29T07:00,21.9,20.9,322.0,375.0,2.5,2.67,98,20
2026-08-29T08:00,24.6,23.3,476.0,506.0,5.7,3.38,98,47
2026-08-29T09:00,24.5,25.7,223.0,609.0,1.3,4.73,100,84
2026-08-29T10:00,26.3,27.2,506.0,679.0,2.4,4.85,100,90
2026-08-29T11:00,27.2,27.6,365.0,624.0,4.0,5.04,100,87
2026-08-29T12:00,28.9,27.0,482.0,514.0,2.4,2.63,100,100
2026-08-29T13:00,29.8,27.8,400.0,540.0,2.9,1.74,84,100
2026-08-29T14:00,29.8,28.2,364.0,486.0,2.6,1.18,100,96
2026-08-29T15:00,30.1,26.3,186.0,352.0,2.3,1.74,89,92
2026-08-29T16:00,29.1,25.7,187.0,184.0,6.8,2.16,73,53
2026-08-29T17:00,27.0,24.6,60.0,70.0,6.7,1.88,100,60
2026-08-29T18:00,24.1,24.5,4.0,3.0,5.1,4.18,0,2
2026-08-29T19:00,22.7,22.6,0.0,0.0,4.0,3.97,0,1
2026-08-29T20:00,21.8,21.5,0.0,0.0,3.6,4.38,1,2
2026-08-29T21:00,22.7,20.5,0.0,0.0,7.2,3.48,0,9
2026-08-29T22:00,22.0,19.9,0.0,0.0,7.1,3.61,0,5
2026-08-29T23:00,21.5,19.2,0.0,0.0,6.7,3.49,0,4
2026-08-30T00:00,20.1,18.8,0.0,0.0,7.9,5.0,0,39
2026-08-30T01:00,19.7,18.2,0.0,0.0,8.0,5.4,0,90
2026-08-30T02:00,19.3,17.7,0.0,0.0,8.0,5.8,3,95
2026-08-30T03:00,19.5,17.7,0.0,0.0,8.5,6.2,0,86
2026-08-30T04:00,19.2,17.4,0.0,1.0,8.0,6.25,100,77
2026-08-30T05:00,19.9,18.3,54.0,55.0,7.0,5.85,100,98
2026-08-30T06:00,21.9,19.9,200.0,210.0,5.7,3.6,0,2
2026-08-30T07:00,23.7,22.9,363.0,375.0,4.8,1.79,0,2
2026-08-30T08:00,25.6,24.9,515.0,528.0,3.1,1.19,0,1
2026-08-30T09:00,26.8,26.5,636.0,642.0,1.1,0.74,0,13
2026-08-30T10:00,28.2,27.5,716.0,684.0,0.6,1.27,0,28
2026-08-30T11:00,29.9,28.2,743.0,661.0,1.2,2.24,0,24
2026-08-30T12:00,30.4,26.6,715.0,586.0,1.3,3.46,0,21
2026-08-30T13:00,30.8,27.3,643.0,594.0,0.6,2.75,1,9
2026-08-30T14:00,31.5,27.6,531.0,517.0,1.6,4.23,1,16
2026-08-30T15:00,31.6,27.3,384.0,377.0,1.5,4.71,0,9
2026-08-30T16:00,31.4,26.7,226.0,226.0,3.1,3.36,2,29
2026-08-30T17:00,30.1,25.5,82.0,80.0,5.3,2.77,0,11
2026-08-30T18:00,28.4,25.0,3.0,2.0,5.6,2.53,8,7
2026-08-30T19:00,26.6,24.2,0.0,0.0,5.3,2.64,0,2
2026-08-30T20:00,25.4,22.8,0.0,0.0,4.5,2.63,0,0
2026-08-30T21:00,24.7,21.1,0.0,0.0,2.4,0.49,0,22
2026-08-30T22:00,23.8,19.5,0.0,0.0,2.0,0.85,1,38
2026-08-30T23:00,22.9,18.7,0.0,0.0,2.0,0.45,4,24
2026-08-31T00:00,21.8,18.1,0.0,0.0,6.6,1.06,0,41
2026-08-31T01:00,21.4,17.4,0.0,0.0,6.1,1.07,99,8
2026-08-31T02:00,20.8,17.2,0.0,0.0,6.3,0.96,0,66
2026-08-31T03:00,20.2,16.8,0.0,0.0,5.6,0.9,65,33
2026-08-31T04:00,19.7,16.2,0.0,0.0,5.7,0.98,95,3
2026-08-31T05:00,20.5,17.3,54.0,59.0,4.8,0.91,96,6
2026-08-31T06:00,22.7,20.7,177.0,208.0,2.4,1.06,89,44
2026-08-31T07:00,24.9,24.0,330.0,371.0,1.9,0.86,72,23
2026-08-31T08:00,27.3,26.4,497.0,525.0,1.7,1.04,4,13
2026-08-31T09:00,29.9,28.4,621.0,649.0,2.8,1.77,0,0
2026-08-31T10:00,31.9,29.9,699.0,728.0,4.0,2.94,0,0
2026-08-31T11:00,33.1,30.8,731.0,757.0,5.2,3.63,0,0
2026-08-31T12:00,33.6,31.2,710.0,734.0,5.6,4.53,0,0
2026-08-31T13:00,34.0,31.4,638.0,662.0,5.8,4.78,0,1
2026-08-31T14:00,34.3,31.4,519.0,546.0,6.3,4.45,4,2
2026-08-31T15:00,34.0,31.1,362.0,388.0,6.7,3.97,5,9
2026-08-31T16:00,33.4,30.4,216.0,216.0,6.4,3.9,10,17
2026-08-31T17:00,32.6,28.8,52.0,76.0,5.3,2.53,100,18
2026-08-31T18:00,31.3,27.5,1.0,2.0,8.3,2.27,100,10
2026-08-31T19:00,25.8,26.2,0.0,0.0,9.0,4.11,5,17
2026-08-31T20:00,25.1,25.9,0.0,0.0,6.4,1.7,100,45
2026-08-31T21:00,25.6,24.3,0.0,0.0,8.4,1.6,100,82
2026-08-31T22:00,24.6,22.9,0.0,0.0,4.3,8.42,100,97
2026-08-31T23:00,23.4,22.1,0.0,0.0,6.4,6.79,100,99
2026-09-01T00:00,21.2,18.6,0.0,0.0,4.8,3.21,100,84
2026-09-01T01:00,21.0,18.1,0.0,0.0,1.3,4.05,100,81
2026-09-01T02:00,20.9,18.0,0.0,0.0,2.5,3.77,100,95
2026-09-01T03:00,20.5,18.3,0.0,0.0,7.8,3.53,100,99
2026-09-01T04:00,20.2,18.0,0.0,0.0,2.2,2.87,14,100
2026-09-01T05:00,20.8,18.4,55.0,20.0,3.4,1.71,0,93
2026-09-01T06:00,22.5,19.8,198.0,44.0,1.8,0.78,0,100
2026-09-01T07:00,23.8,20.5,361.0,102.0,2.2,1.01,0,0
2026-09-01T08:00,24.9,23.6,509.0,525.0,1.1,1.99,0,11
2026-09-01T09:00,27.0,24.6,626.0,610.0,1.9,2.55,0,25
2026-09-01T10:00,28.2,25.1,698.0,625.0,1.6,3.31,32,22
2026-09-01T11:00,29.4,25.9,646.0,679.0,2.4,3.36,58,10
2026-09-01T12:00,30.4,27.3,638.0,637.0,4.5,4.4,41,32
2026-09-01T13:00,30.8,27.7,590.0,594.0,4.3,4.34,57,20
2026-09-01T14:00,30.5,28.0,423.0,517.0,5.4,4.5,42,28
2026-09-01T15:00,28.9,27.5,371.0,395.0,7.9,6.15,70,34
2026-09-01T16:00,27.2,26.4,214.0,233.0,8.1,5.48,15,30
2026-09-01T17:00,25.2,24.9,71.0,75.0,8.3,4.95,1,27
2026-09-01T18:00,24.2,23.7,2.0,1.0,6.3,7.31,1,73
2026-09-01T19:00,22.8,21.4,0.0,0.0,7.0,5.98,30,49
2026-09-01T20:00,21.9,20.4,0.0,0.0,7.8,5.21,1,45
2026-09-01T21:00,21.5,19.5,0.0,0.0,7.4,4.66,0,23
2026-09-01T22:00,20.7,18.5,0.0,0.0,6.3,4.3,0,1
2026-09-01T23:00,19.9,17.4,0.0,0.0,6.1,3.83,0,2
2026-09-02T00:00,19.1,16.1,0.0,0.0,5.1,3.25,0,14
2026-09-02T01:00,18.5,15.4,0.0,0.0,4.7,3.31,0,45
2026-09-02T02:00,17.7,14.8,0.0,0.0,4.7,3.33,0,41
2026-09-02T03:00,16.7,14.4,0.0,0.0,5.3,3.17,0,42
2026-09-02T04:00,16.4,13.9,0.0,0.0,5.0,2.91,6,56
2026-09-02T05:00,16.9,15.1,53.0,52.0,4.8,2.65,1,65
2026-09-02T06:00,18.3,17.7,191.0,195.0,3.7,2.35,28,77
2026-09-02T07:00,20.1,20.7,337.0,357.0,2.6,0.92,100,79
2026-09-02T08:00,21.8,22.7,414.0,493.0,2.3,0.35,98,91
2026-09-02T09:00,23.3,23.8,492.0,598.0,1.2,1.81,100,97
2026-09-02T10:00,24.6,24.4,572.0,658.0,0.8,3.05,100,96
2026-09-02T11:00,25.6,24.9,513.0,632.0,1.3,3.28,100,90
2026-09-02T12:00,26.6,25.2,573.0,652.0,1.5,2.28,91,82
2026-09-02T13:00,27.0,25.6,485.0,563.0,1.7,2.65,74,76
2026-09-02T14:00,27.0,25.6,403.0,480.0,1.1,2.43,83,58
2026-09-02T15:00,27.8,25.4,364.0,361.0,1.8,2.41,3,7
2026-09-02T16:00,27.2,24.7,193.0,207.0,2.2,2.55,95,8
2026-09-02T17:00,26.4,23.5,34.0,68.0,3.5,1.93,98,25
2026-09-02T18:00,24.2,22.7,1.0,1.0,4.8,1.24,93,84
2026-09-02T19:00,22.7,21.8,0.0,0.0,4.0,0.54,100,93
2026-09-02T20:00,21.8,20.0,0.0,0.0,2.9,3.6,46,90
2026-09-02T21:00,21.2,19.2,0.0,0.0,3.6,6.29,100,63
2026-09-02T22:00,21.0,18.8,0.0,0.0,4.3,6.95,100,85
2026-09-02T23:00,20.8,17.5,0.0,0.0,3.3,6.55,75,91
2026-09-03T00:00,19.2,16.6,0.0,0.0,2.1,4.95,0,27
2026-09-03T01:00,18.6,16.2,0.0,0.0,2.7,4.89,0,50
2026-09-03T02:00,18.1,15.9,0.0,0.0,2.7,4.61,0,13
2026-09-03T03:00,17.3,15.2,0.0,0.0,4.0,4.8,0,3
2026-09-03T04:00,17.0,14.9,0.0,0.0,4.0,4.52,0,70
2026-09-03T05:00,17.7,15.9,50.0,48.0,3.0,4.01,97,2
2026-09-03T06:00,19.6,18.4,167.0,168.0,3.3,3.18,99,73
2026-09-03T07:00,21.6,20.9,296.0,273.0,1.2,1.96,100,11
2026-09-03T08:00,23.4,23.2,353.0,505.0,1.3,3.45,100,2
2026-09-03T09:00,23.0,24.4,339.0,629.0,2.7,2.03,3,2
2026-09-03T10:00,25.5,25.4,685.0,717.0,1.3,0.74,0,3
2026-09-03T11:00,26.9,25.9,718.0,687.0,0.6,1.7,0,34
2026-09-03T12:00,27.3,26.6,680.0,594.0,0.5,4.53,73,54
2026-09-03T13:00,25.7,26.5,373.0,453.0,5.7,4.72,100,69
2026-09-03T14:00,26.4,25.8,296.0,247.0,1.2,4.26,14,98
2026-09-03T15:00,25.3,24.1,229.0,108.0,6.6,4.53,100,99
2026-09-03T16:00,24.4,24.0,124.0,122.0,6.5,3.61,100,100
2026-09-03T17:00,22.9,22.7,29.0,26.0,8.6,6.95,100,100
2026-09-03T18:00,22.3,21.2,0.0,0.0,6.2,4.9,100,85
2026-09-03T19:00,21.8,20.8,0.0,0.0,5.0,4.7,100,59
2026-09-03T20:00,21.4,19.6,0.0,0.0,5.0,4.28,26,30
2026-09-03T21:00,19.6,18.2,0.0,0.0,5.3,3.36,10,15
2026-09-03T22:00,18.8,17.1,0.0,0.0,3.4,2.4,0,27
2026-09-03T23:00,18.2,16.1,0.0,0.0,1.9,1.58,0,13
2026-09-04T00:00,17.5,14.9,0.0,0.0,2.1,0.21,93,92
2026-09-04T01:00,17.2,14.5,0.0,0.0,0.9,0.97,100,100
2026-09-04T02:00,16.8,14.6,0.0,0.0,1.4,1.67,100,98
2026-09-04T03:00,16.5,14.4,0.0,0.0,0.4,1.7,100,97
2026-09-04T04:00,16.6,14.1,0.0,0.0,0.5,1.17,99,77
2026-09-04T05:00,17.5,15.0,35.0,41.0,1.4,0.76,100,82
2026-09-04T06:00,18.3,16.6,85.0,154.0,1.2,1.42,100,100
2026-09-04T07:00,19.6,18.7,146.0,271.0,1.2,1.01,100,100
2026-09-04T08:00,21.1,20.3,226.0,354.0,2.0,2.17,96,99
2026-09-04T09:00,23.2,22.0,511.0,465.0,0.9,3.16,99,99
2026-09-04T10:00,24.5,22.9,532.0,477.0,1.0,3.92,100,89
2026-09-04T11:00,25.7,24.6,673.0,703.0,0.4,3.94,99,94
2026-09-04T12:00,26.4,25.7,554.0,650.0,0.4,4.96,85,81
2026-09-04T13:00,27.3,26.1,456.0,582.0,2.1,5.2,100,86
2026-09-04T14:00,28.3,26.7,375.0,429.0,2.7,6.23,32,66
2026-09-04T15:00,28.1,27.0,331.0,309.0,5.1,7.42,10,45
2026-09-04T16:00,28.2,26.1,201.0,189.0,6.4,8.74,56,41
2026-09-04T17:00,27.0,25.0,60.0,61.0,5.5,8.27,38,70
2026-09-04T18:00,26.3,24.0,0.0,0.0,5.9,8.11,98,77
2026-09-04T19:00,25.3,23.2,0.0,0.0,6.1,7.68,11,49
2026-09-04T20:00,24.7,22.7,0.0,0.0,8.8,8.27,0,27
2026-09-04T21:00,23.6,22.0,0.0,0.0,7.2,7.92,1,26
2026-09-04T22:00,22.7,21.4,0.0,0.0,7.6,7.67,0,5
2026-09-04T23:00,22.1,20.9,0.0,0.0,6.7,7.6,0,41
2026-09-05T00:00,21.5,20.0,0.0,0.0,5.5,7.31,0,13
2026-09-05T01:00,21.1,19.2,0.0,0.0,5.2,6.83,0,3
2026-09-05T02:00,20.3,18.9,0.0,0.0,3.0,6.89,0,5
2026-09-05T03:00,19.7,18.4,0.0,0.0,4.7,5.76,0,1
2026-09-05T04:00,19.5,17.5,0.0,0.0,5.2,1.78,13,5
2026-09-05T05:00,20.3,18.0,32.0,43.0,3.6,4.9,100,27
2026-09-05T06:00,20.5,20.4,87.0,167.0,6.3,5.01,100,29
2026-09-05T07:00,21.7,21.4,248.0,295.0,8.2,5.6,38,72
2026-09-05T08:00,21.3,21.9,214.0,383.0,8.4,6.99,100,100
2026-09-05T09:00,23.1,21.0,460.0,195.0,7.9,4.37,100,100
2026-09-05T10:00,21.2,21.6,170.0,210.0,11.4,0.5,100,99
2026-09-05T11:00,18.0,22.6,102.0,377.0,8.6,2.32,100,89
2026-09-05T12:00,18.6,18.9,177.0,79.0,8.4,1.95,100,100
2026-09-05T13:00,19.7,18.6,162.0,99.0,5.2,1.13,79,93
2026-09-05T14:00,22.2,21.4,448.0,482.0,3.3,0.76,0,55
2026-09-05T15:00,21.0,21.3,359.0,338.0,1.5,0.87,0,13
2026-09-05T16:00,21.2,21.0,203.0,199.0,1.7,0.87,0,11
2026-09-05T17:00,20.5,19.4,61.0,57.0,3.2,0.74,0,13
2026-09-05T18:00,21.4,18.5,0.0,0.0,5.3,1.05,93,1
2026-09-05T19:00,20.3,17.0,0.0,0.0,3.2,2.75,48,0
2026-09-05T20:00,19.1,15.6,0.0,0.0,5.2,2.27,21,0
2026-09-05T21:00,17.8,14.8,0.0,0.0,1.1,2.13,0,0
2026-09-05T22:00,16.6,14.0,0.0,0.0,1.7,1.16,0,0
2026-09-05T23:00,16.2,13.3,0.0,0.0,3.9,0.5,0,0
2026-09-06T00:00,15.3,13.3,0.0,0.0,2.8,4.87,0,16
2026-09-06T01:00,15.3,13.9,0.0,0.0,7.3,5.87,0,3
2026-09-06T02:00,15.0,13.5,0.0,0.0,1.9,5.35,0,7
2026-09-06T03:00,17.2,12.6,0.0,0.0,10.4,3.73,0,1
2026-09-06T04:00,16.3,11.8,0.0,0.0,7.5,2.23,0,2
2026-09-06T05:00,16.0,13.1,43.0,44.0,5.4,3.35,0,3
2026-09-06T06:00,16.8,15.2,180.0,189.0,4.5,3.24,0,0
2026-09-06T07:00,18.0,17.6,339.0,355.0,6.1,3.17,0,1
2026-09-06T08:00,19.2,19.2,489.0,505.0,7.0,4.18,0,8
2026-09-06T09:00,20.2,20.2,611.0,618.0,7.3,4.53,0,10
2026-09-06T10:00,21.4,21.0,694.0,697.0,5.8,4.92,0,5
2026-09-06T11:00,22.2,21.5,724.0,732.0,5.2,5.09,0,5
2026-09-06T12:00,22.5,22.9,699.0,711.0,6.4,4.07,0,2
2026-09-06T13:00,22.8,23.2,624.0,641.0,6.2,4.44,0,1
2026-09-06T14:00,22.6,22.9,509.0,530.0,6.6,5.57,0,0
2026-09-06T15:00,21.8,21.7,367.0,380.0,7.2,6.75,0,1
2026-09-06T16:00,20.8,20.6,202.0,210.0,7.4,6.8,0,23
2026-09-06T17:00,19.3,19.1,57.0,57.0,9.3,6.81,0,0
2026-09-06T18:00,18.1,18.0,0.0,0.0,8.8,6.94,0,2
2026-09-06T19:00,17.3,16.9,0.0,0.0,10.1,7.17,0,0
2026-09-06T20:00,16.6,16.3,0.0,0.0,9.9,7.66,0,7
2026-09-06T21:00,16.0,15.7,0.0,0.0,8.0,7.8,0,44
2026-09-06T22:00,15.4,15.0,0.0,0.0,8.9,7.6,0,0
2026-09-06T23:00,14.9,14.2,0.0,0.0,8.2,6.72,0,1
2026-09-07T00:00,13.8,12.3,0.0,0.0,7.1,4.02,0,0
2026-09-07T01:00,12.9,11.4,0.0,0.0,6.3,3.28,0,1
2026-09-07T02:00,12.4,10.6,0.0,0.0,5.6,3.31,0,10
2026-09-07T03:00,12.1,10.1,0.0,0.0,4.8,3.25,0,42
2026-09-07T04:00,11.5,9.6,0.0,0.0,3.1,2.81,0,6
2026-09-07T05:00,12.1,10.6,42.0,42.0,3.5,2.3,0,25
2026-09-07T06:00,14.0,13.3,177.0,189.0,1.6,1.36,0,33
2026-09-07T07:00,15.9,16.2,337.0,354.0,0.2,0.53,0,70
2026-09-07T08:00,17.9,17.9,486.0,490.0,1.2,0.54,0,89
2026-09-07T09:00,19.7,19.2,607.0,595.0,1.3,1.56,12,98
2026-09-07T10:00,21.4,20.0,683.0,604.0,1.8,2.34,32,73
2026-09-07T11:00,22.8,21.0,708.0,707.0,2.4,2.79,82,59
2026-09-07T12:00,23.9,21.4,690.0,674.0,2.6,2.05,0,82
2026-09-07T13:00,24.6,21.8,613.0,611.0,2.8,1.67,96,33
2026-09-07T14:00,24.8,22.0,396.0,509.0,2.7,1.21,100,59
2026-09-07T15:00,25.0,21.8,293.0,357.0,3.1,1.08,99,39
2026-09-07T16:00,24.6,21.0,144.0,193.0,3.8,1.33,100,38
2026-09-07T17:00,23.5,19.2,30.0,49.0,4.5,0.11,100,50
2026-09-07T18:00,22.0,19.1,0.0,0.0,4.7,1.24,100,91
2026-09-07T19:00,21.1,17.8,0.0,0.0,3.5,2.26,100,88
2026-09-07T20:00,20.8,16.7,0.0,0.0,1.9,2.33,100,92
2026-09-07T21:00,20.1,16.1,0.0,0.0,1.7,1.81,93,54
2026-09-07T22:00,19.2,15.1,0.0,0.0,2.0,1.65,4,33
2026-09-07T23:00,18.0,14.3,0.0,0.0,2.2,1.58,0,95
2026-09-08T00:00,17.8,14.5,0.0,0.0,1.8,1.26,0,7
2026-09-08T01:00,16.9,13.7,0.0,0.0,3.1,1.14,0,9
2026-09-08T02:00,16.0,13.1,0.0,0.0,3.2,1.15,0,1
2026-09-08T03:00,15.9,12.5,0.0,0.0,2.9,1.28,0,1
2026-09-08T04:00,15.3,11.9,0.0,0.0,3.7,1.6,0,1
2026-09-08T05:00,15.3,12.7,37.0,39.0,2.8,1.57,9,0
2026-09-08T06:00,17.1,15.1,84.0,178.0,3.1,1.89,100,0
2026-09-08T07:00,19.5,18.2,208.0,340.0,3.0,1.65,100,0
2026-09-08T08:00,21.1,20.5,278.0,490.0,3.5,2.8,10,0
2026-09-08T09:00,24.3,22.4,470.0,610.0,4.3,4.15,3,0
2026-09-08T10:00,25.7,23.7,660.0,688.0,5.2,4.87,0,0
2026-09-08T11:00,27.6,24.8,692.0,716.0,5.3,4.93,0,0
2026-09-08T12:00,28.6,25.9,669.0,694.0,5.3,5.16,0,0
2026-09-08T13:00,29.4,26.5,596.0,621.0,5.7,5.35,0,1
2026-09-08T14:00,29.6,26.6,482.0,501.0,5.9,5.19,0,3
2026-09-08T15:00,29.4,26.4,338.0,348.0,5.9,4.88,0,5
2026-09-08T16:00,28.8,25.7,183.0,186.0,6.3,4.11,0,5
2026-09-08T17:00,27.1,23.6,47.0,46.0,6.5,5.05,0,3
2026-09-08T18:00,25.6,22.4,0.0,0.0,6.8,4.87,0,2
2026-09-08T19:00,24.0,21.2,0.0,0.0,5.7,3.91,0,2
2026-09-08T20:00,22.9,20.7,0.0,0.0,5.6,2.74,0,2
2026-09-08T21:00,21.8,19.9,0.0,0.0,5.8,1.93,0,1
2026-09-08T22:00,20.5,18.7,0.0,0.0,5.3,1.85,0,0
2026-09-08T23:00,19.5,17.6,0.0,0.0,4.0,2.1,0,0
2026-09-09T00:00,19.0,16.0,0.0,0.0,2.6,1.65,0,0
2026-09-09T01:00,18.3,15.0,0.0,0.0,1.8,1.71,0,0
2026-09-09T02:00,17.9,14.1,0.0,0.0,2.4,1.8,0,0
2026-09-09T03:00,17.1,13.4,0.0,0.0,1.5,1.76,0,0
2026-09-09T04:00,16.9,12.8,0.0,0.0,1.7,1.75,0,0
2026-09-09T05:00,17.2,13.5,38.0,37.0,1.6,1.8,0,0
2026-09-09T06:00,19.2,16.1,167.0,177.0,1.4,1.26,0,0
2026-09-09T07:00,22.1,19.8,321.0,342.0,2.9,0.84,0,0
2026-09-09T08:00,23.9,22.3,464.0,493.0,3.4,1.22,0,0
2026-09-09T09:00,26.0,24.5,582.0,613.0,4.6,2.09,0,0
2026-09-09T10:00,28.4,26.5,661.0,689.0,5.5,3.31,0,0
2026-09-09T11:00,29.7,27.7,689.0,717.0,7.4,4.24,0,0
2026-09-09T12:00,30.4,29.2,663.0,695.0,6.8,4.13,0,0
2026-09-09T13:00,30.9,29.7,591.0,620.0,6.0,4.04,0,0
2026-09-09T14:00,31.2,29.6,477.0,503.0,5.9,3.97,0,0
2026-09-09T15:00,31.2,29.2,332.0,353.0,5.4,3.64,0,0
2026-09-09T16:00,30.7,28.1,178.0,188.0,6.0,3.43,0,0
2026-09-09T17:00,28.7,25.2,45.0,44.0,6.8,3.69,0,0
2026-09-09T18:00,26.6,24.1,0.0,0.0,7.9,4.33,0,0
2026-09-09T19:00,24.9,22.7,0.0,0.0,7.5,3.59,0,0
2026-09-09T20:00,24.0,21.5,0.0,0.0,5.1,2.9,0,0
2026-09-09T21:00,23.1,20.1,0.0,0.0,4.5,1.78,0,0
2026-09-09T22:00,22.7,18.9,0.0,0.0,1.6,2.53,100,1
2026-09-09T23:00,22.2,18.0,0.0,0.0,3.4,1.91,0,4
2026-09-10T00:00,21.2,15.9,0.0,0.0,5.0,1.66,0,20
2026-09-10T01:00,21.5,15.1,0.0,0.0,6.4,1.32,100,60
2026-09-10T02:00,21.4,14.4,0.0,0.0,4.4,2.2,100,55
2026-09-10T03:00,21.2,15.0,0.0,0.0,3.0,3.45,100,100
2026-09-10T04:00,20.2,16.6,0.0,0.0,8.7,2.65,100,100
2026-09-10T05:00,17.7,15.5,0.0,5.0,9.8,7.41,100,100
2026-09-10T06:00,15.9,15.8,7.0,23.0,10.4,8.35,100,100
2026-09-10T07:00,16.1,16.3,19.0,158.0,8.7,7.22,100,100
2026-09-10T08:00,16.2,17.2,33.0,206.0,7.0,7.28,100,100
2026-09-10T09:00,16.3,17.2,37.0,139.0,6.8,6.76,100,100
2026-09-10T10:00,17.0,17.4,47.0,163.0,6.2,5.7,100,100
2026-09-10T11:00,17.9,18.1,59.0,197.0,5.2,4.61,100,100
2026-09-10T12:00,18.2,20.2,61.0,325.0,4.3,4.19,100,100
2026-09-10T13:00,19.8,20.4,214.0,274.0,2.2,3.41,5,100
2026-09-10T14:00,21.4,20.9,462.0,294.0,1.5,1.8,0,59
2026-09-10T15:00,21.8,21.1,314.0,328.0,2.7,0.21,78,81
2026-09-10T16:00,21.4,20.3,153.0,161.0,3.5,0.74,65,84
2026-09-10T17:00,20.2,18.9,35.0,32.0,3.2,0.84,59,93
2026-09-10T18:00,20.3,17.5,0.0,0.0,4.1,2.66,95,88
2026-09-10T19:00,19.6,16.4,0.0,0.0,4.3,4.19,100,88
2026-09-10T20:00,19.2,16.5,0.0,0.0,4.5,4.85,100,88
2026-09-10T21:00,18.4,15.7,0.0,0.0,4.7,4.29,100,66
2026-09-10T22:00,17.8,15.9,0.0,0.0,5.2,6.76,100,46
2026-09-10T23:00,17.2,15.7,0.0,0.0,6.6,6.32,99,39
2026-09-11T00:00,17.0,13.6,0.0,0.0,5.9,5.54,99,86
2026-09-11T01:00,16.7,13.6,0.0,0.0,6.6,6.14,93,100
2026-09-11T02:00,16.6,13.8,0.0,0.0,7.5,5.52,99,100
2026-09-11T03:00,16.5,13.5,0.0,0.0,7.5,4.94,100,100
2026-09-11T04:00,16.4,13.4,0.0,0.0,7.3,5.95,100,100
2026-09-11T05:00,16.3,13.7,2.0,10.0,7.7,6.6,100,100
2026-09-11T06:00,13.7,13.9,5.0,27.0,8.2,4.9,100,100
2026-09-11T07:00,13.6,13.6,12.0,50.0,7.6,4.88,100,100
2026-09-11T08:00,13.6,14.2,14.0,106.0,8.1,5.87,100,100
2026-09-11T09:00,14.8,14.8,83.0,136.0,6.6,5.41,100,99
2026-09-11T10:00,15.7,16.9,185.0,335.0,6.1,5.02,100,99
2026-09-11T11:00,16.3,18.1,190.0,406.0,6.8,4.65,100,100
2026-09-11T12:00,16.3,16.7,190.0,236.0,7.1,4.76,100,100
2026-09-11T13:00,17.4,16.4,164.0,117.0,5.2,4.51,100,100
2026-09-11T14:00,17.0,16.6,47.0,130.0,4.9,4.21,100,100
2026-09-11T15:00,15.5,16.5,53.0,94.0,6.6,4.42,100,100
2026-09-11T16:00,15.1,16.2,16.0,42.0,6.0,4.36,100,100
2026-09-11T17:00,15.0,15.6,2.0,8.0,7.4,5.99,100,100
2026-09-11T18:00,15.2,15.0,0.0,0.0,5.9,7.05,100,32
2026-09-11T19:00,14.9,14.5,0.0,0.0,6.4,7.1,100,20
2026-09-11T20:00,14.5,14.4,0.0,0.0,8.5,7.31,100,31
2026-09-11T21:00,13.7,14.5,0.0,0.0,7.9,7.11,100,100
2026-09-11T22:00,13.7,14.5,0.0,0.0,9.0,7.9,100,100
2026-09-11T23:00,13.3,14.5,0.0,0.0,8.6,8.83,100,100
2026-09-12T00:00,12.7,13.4,0.0,0.0,8.4,9.52,100,99
2026-09-12T01:00,12.4,13.5,0.0,0.0,8.7,9.62,100,100
2026-09-12T02:00,12.0,13.4,0.0,0.0,7.9,9.5,100,100
2026-09-12T03:00,12.1,13.2,0.0,0.0,8.9,9.55,100,100
2026-09-12T04:00,12.0,13.0,0.0,0.0,9.0,9.3,100,100
2026-09-12T05:00,11.8,12.9,1.0,7.0,8.1,8.7,100,100
2026-09-12T06:00,11.8,11.8,19.0,31.0,8.1,8.56,100,100
2026-09-12T07:00,12.0,12.4,32.0,70.0,8.3,7.21,100,100
2026-09-12T08:00,12.5,14.0,64.0,161.0,7.9,6.71,100,100
2026-09-12T09:00,13.2,15.8,126.0,272.0,7.4,7.55,100,100
2026-09-12T10:00,13.8,16.7,184.0,358.0,8.0,7.09,100,87
2026-09-12T11:00,14.9,17.7,342.0,551.0,7.9,6.75,91,73
2026-09-12T12:00,15.7,17.7,393.0,445.0,7.2,6.26,40,97
2026-09-12T13:00,16.5,17.3,564.0,338.0,6.5,6.52,4,41
2026-09-12T14:00,16.4,17.1,462.0,356.0,8.1,6.85,1,14
2026-09-12T15:00,15.6,16.8,317.0,317.0,7.2,6.79,0,12
2026-09-12T16:00,14.9,15.8,162.0,166.0,6.4,6.17,31,9
2026-09-12T17:00,13.9,14.2,25.0,32.0,6.2,6.01,23,12
2026-09-12T18:00,13.0,12.6,0.0,0.0,7.1,4.82,0,2
2026-09-12T19:00,12.4,11.6,0.0,0.0,6.0,4.43,6,2
2026-09-12T20:00,11.9,10.8,0.0,0.0,7.2,4.26,0,20
2026-09-12T21:00,12.2,10.1,0.0,0.0,7.8,4.4,89,2
2026-09-12T22:00,12.7,9.7,0.0,0.0,7.6,4.28,98,4
2026-09-12T23:00,12.8,9.4,0.0,0.0,6.1,4.4,80,16
2026-09-13T00:00,12.8,10.5,0.0,0.0,5.0,4.55,21,64
2026-09-13T01:00,12.4,9.8,0.0,0.0,5.0,4.78,47,77
2026-09-13T02:00,11.8,9.9,0.0,0.0,4.1,3.47,16,33
2026-09-13T03:00,11.4,9.3,0.0,0.0,5.7,4.2,12,33
2026-09-13T04:00,11.4,8.8,0.0,0.0,7.3,4.75,73,16
2026-09-13T05:00,12.0,9.2,27.0,27.0,7.9,4.95,4,27
2026-09-13T06:00,12.5,11.6,149.0,146.0,2.6,3.6,4,9
2026-09-13T07:00,15.1,14.5,296.0,324.0,3.1,1.77,4,0
2026-09-13T08:00,16.6,16.6,443.0,478.0,3.5,2.35,1,0
2026-09-13T09:00,18.2,18.0,570.0,596.0,2.8,2.51,2,30
2026-09-13T10:00,19.2,18.8,638.0,639.0,2.0,2.06,12,13
2026-09-13T11:00,20.2,19.3,663.0,571.0,1.7,1.2,7,11
2026-09-13T12:00,20.4,18.4,585.0,419.0,1.0,4.67,26,100
2026-09-13T13:00,20.9,17.8,544.0,382.0,1.1,5.37,8,95
2026-09-13T14:00,21.0,17.7,450.0,227.0,0.6,3.16,43,47
2026-09-13T15:00,20.9,18.3,252.0,237.0,0.2,1.7,94,94
2026-09-13T16:00,20.6,17.7,125.0,140.0,1.4,1.29,95,97
2026-09-13T17:00,19.8,16.1,17.0,18.0,2.4,3.48,100,97
2026-09-13T18:00,17.9,15.2,0.0,0.0,6.8,1.55,100,69
2026-09-13T19:00,17.6,15.0,0.0,0.0,3.4,2.3,100,98
2026-09-13T20:00,17.3,14.8,0.0,0.0,1.6,2.59,100,100
2026-09-13T21:00,16.4,14.5,0.0,0.0,3.7,2.48,100,100
2026-09-13T22:00,16.2,14.5,0.0,0.0,2.6,1.93,100,100
2026-09-13T23:00,16.0,14.6,0.0,0.0,1.2,1.77,100,98
2026-09-14T00:00,15.6,12.4,0.0,0.0,1.9,1.32,99,100
2026-09-14T01:00,15.5,12.3,0.0,0.0,1.4,0.9,96,94
2026-09-14T02:00,15.2,12.4,0.0,0.0,1.3,0.84,89,97
2026-09-14T03:00,14.6,12.4,0.0,0.0,3.4,0.47,100,98
2026-09-14T04:00,14.7,12.4,0.0,0.0,4.1,0.38,100,96
2026-09-14T05:00,14.8,12.8,7.0,14.0,2.2,0.25,100,84
2026-09-14T06:00,15.2,12.9,10.0,150.0,2.8,0.82,100,81
2026-09-14T07:00,14.8,15.7,22.0,299.0,4.6,0.71,100,95
2026-09-14T08:00,14.6,17.5,43.0,404.0,3.8,0.07,100,94
2026-09-14T09:00,14.9,18.7,33.0,465.0,3.6,0.57,100,91
2026-09-14T10:00,15.6,20.0,51.0,552.0,2.1,0.99,100,98
2026-09-14T11:00,16.9,20.8,152.0,574.0,1.9,0.88,100,94
2026-09-14T12:00,14.8,20.0,33.0,329.0,3.7,2.74,100,100
2026-09-14T13:00,14.7,20.1,24.0,272.0,3.0,2.6,100,100
2026-09-14T14:00,15.5,20.3,80.0,237.0,1.5,2.1,100,99
2026-09-14T15:00,18.8,19.9,219.0,143.0,1.4,0.97,76,99
2026-09-14T16:00,17.8,19.3,46.0,83.0,2.8,1.0,100,95
2026-09-14T17:00,17.2,18.2,3.0,15.0,1.8,0.97,100,96
2026-09-14T18:00,16.6,16.7,0.0,0.0,3.8,4.2,85,51
2026-09-14T19:00,16.0,16.1,0.0,0.0,5.5,3.88,33,56
2026-09-14T20:00,15.5,14.7,0.0,0.0,6.6,4.06,97,67
2026-09-14T21:00,14.9,14.2,0.0,0.0,6.4,4.41,18,44
2026-09-14T22:00,14.7,13.7,0.0,0.0,7.5,4.6,1,5
2026-09-14T23:00,14.8,13.2,0.0,0.0,8.6,4.51,1,5
2026-09-15T00:00,14.1,12.8,0.0,0.0,7.5,5.55,0,6
2026-09-15T01:00,13.8,12.6,0.0,0.0,6.3,5.45,0,5
2026-09-15T02:00,12.6,12.3,0.0,0.0,6.2,5.4,0,9
2026-09-15T03:00,13.7,12.2,0.0,0.0,8.1,5.35,16,13
2026-09-15T04:00,13.8,11.9,0.0,0.0,6.2,4.56,1,17
2026-09-15T05:00,14.2,12.1,24.0,22.0,5.1,4.15,5,20
2026-09-15T06:00,16.0,13.9,141.0,136.0,5.7,3.45,89,14
2026-09-15T07:00,17.6,16.3,208.0,284.0,3.7,2.05,55,17
2026-09-15T08:00,19.2,18.5,378.0,421.0,4.5,2.61,32,25
2026-09-15T09:00,20.6,20.0,539.0,478.0,5.8,2.36,92,25
2026-09-15T10:00,20.1,20.9,414.0,540.0,5.5,0.85,95,18
2026-09-15T11:00,21.0,21.7,470.0,559.0,4.5,0.61,22,13
2026-09-15T12:00,22.2,22.1,395.0,519.0,3.4,1.31,100,61
2026-09-15T13:00,22.5,21.9,311.0,443.0,2.9,2.29,52,41
2026-09-15T14:00,22.3,21.7,214.0,392.0,2.6,2.47,95,34
2026-09-15T15:00,22.9,21.2,261.0,257.0,1.4,1.45,92,44
2026-09-15T16:00,22.5,20.5,89.0,130.0,1.8,0.1,98,36
2026-09-15T17:00,21.5,19.1,11.0,21.0,3.1,0.9,95,34
2026-09-15T18:00,19.4,17.4,0.0,0.0,4.0,1.08,2,26
2026-09-15T19:00,18.0,16.8,0.0,0.0,4.0,1.26,6,9
2026-09-15T20:00,17.3,16.0,0.0,0.0,3.1,0.76,6,9
2026-09-15T21:00,16.3,15.3,0.0,0.0,3.4,0.94,2,12
2026-09-15T22:00,15.7,14.6,0.0,0.0,3.5,1.0,1,5
2026-09-15T23:00,15.1,14.0,0.0,0.0,3.4,1.26,0,4
2026-09-16T00:00,14.8,13.0,0.0,0.0,2.4,1.46,0,26
2026-09-16T01:00,14.3,12.7,0.0,0.0,2.0,2.22,0,1
2026-09-16T02:00,14.0,12.3,0.0,0.0,1.6,2.4,0,0
2026-09-16T03:00,13.5,12.0,0.0,0.0,0.4,2.44,0,0
2026-09-16T04:00,13.0,11.7,0.0,0.0,1.7,2.72,0,0
2026-09-16T05:00,13.3,12.2,24.0,23.0,2.0,2.66,0,0
2026-09-16T06:00,15.3,14.0,144.0,149.0,2.8,2.58,0,0
2026-09-16T07:00,18.1,16.7,296.0,308.0,1.7,1.88,0,0
2026-09-16T08:00,20.3,19.2,440.0,458.0,2.7,2.51,0,0
2026-09-16T09:00,22.4,21.1,551.0,578.0,4.7,3.99,0,1
2026-09-16T10:00,24.4,22.4,626.0,653.0,5.1,5.37,0,0
2026-09-16T11:00,25.7,23.2,653.0,639.0,5.0,5.44,0,12
2026-09-16T12:00,26.5,23.8,633.0,618.0,5.4,5.68,0,15
2026-09-16T13:00,27.1,23.9,560.0,554.0,5.6,5.78,0,33
2026-09-16T14:00,27.3,23.9,445.0,452.0,5.4,5.3,0,28
2026-09-16T15:00,27.0,23.5,287.0,302.0,4.7,5.6,59,8
2026-09-16T16:00,26.4,22.3,136.0,143.0,6.4,5.9,0,17
2026-09-16T17:00,24.6,20.6,21.0,22.0,6.0,6.25,0,69
2026-09-16T18:00,22.7,20.1,0.0,0.0,7.2,6.18,97,31
2026-09-16T19:00,21.4,18.7,0.0,0.0,6.6,4.89,97,9
2026-09-16T20:00,20.5,17.4,0.0,0.0,5.2,4.22,1,9
2026-09-16T21:00,19.9,16.5,0.0,0.0,6.2,3.73,0,16
2026-09-16T22:00,18.1,15.9,0.0,0.0,2.9,3.59,0,4
2026-09-16T23:00,17.4,15.4,0.0,0.0,3.0,3.58,0,5
2026-09-17T00:00,16.7,14.6,0.0,0.0,4.1,3.6,1,1
2026-09-17T01:00,16.4,14.2,0.0,0.0,4.6,3.47,0,0
2026-09-17T02:00,15.8,13.9,0.0,0.0,4.4,3.18,0,22
2026-09-17T03:00,15.3,13.5,0.0,0.0,4.6,3.23,1,0
2026-09-17T04:00,15.1,13.2,0.0,0.0,4.2,3.19,0,1
2026-09-17T05:00,15.2,13.6,21.0,20.0,3.0,3.27,0,3
2026-09-17T06:00,17.1,15.5,136.0,142.0,2.8,3.2,3,8
2026-09-17T07:00,19.4,18.1,282.0,301.0,2.3,2.21,68,1
2026-09-17T08:00,21.0,20.2,305.0,451.0,1.9,2.83,100,14
2026-09-17T09:00,23.0,22.0,372.0,569.0,2.6,3.62,100,16
2026-09-17T10:00,24.4,23.3,389.0,644.0,3.6,4.47,4,23
2026-09-17T11:00,24.9,24.1,640.0,666.0,7.1,4.41,20,62
2026-09-17T12:00,23.7,24.9,603.0,632.0,7.4,4.01,33,84
2026-09-17T13:00,22.7,24.4,530.0,493.0,9.5,3.04,46,98
2026-09-17T14:00,20.4,19.0,307.0,251.0,11.4,9.12,50,96
2026-09-17T15:00,16.5,18.0,68.0,115.0,11.9,7.52,100,100
2026-09-17T16:00,13.9,15.7,7.0,34.0,9.0,6.12,100,100
2026-09-17T17:00,12.7,15.0,0.0,3.0,8.8,6.16,100,100
2026-09-17T18:00,15.3,15.0,0.0,0.0,8.7,6.8,100,100
2026-09-17T19:00,15.1,14.6,0.0,0.0,8.6,7.86,100,98
2026-09-17T20:00,15.0,14.4,0.0,0.0,8.2,7.21,93,29
2026-09-17T21:00,15.0,13.9,0.0,0.0,8.4,6.36,100,30
2026-09-17T22:00,14.9,13.5,0.0,0.0,8.7,6.47,100,17
2026-09-17T23:00,15.1,13.2,0.0,0.0,9.1,6.83,100,24
2026-09-18T00:00,15.3,12.1,0.0,0.0,8.5,5.61,99,30
2026-09-18T01:00,15.3,11.5,0.0,0.0,7.4,5.18,100,2
2026-09-18T02:00,15.1,10.8,0.0,0.0,7.2,4.64,99,11
2026-09-18T03:00,15.5,10.2,0.0,0.0,6.8,4.24,100,25
2026-09-18T04:00,15.6,9.8,0.0,0.0,4.0,3.85,100,36
2026-09-18T05:00,15.5,10.1,1.0,19.0,2.5,3.61,100,49
2026-09-18T06:00,15.9,12.0,52.0,142.0,6.3,3.91,100,34
2026-09-18T07:00,16.3,14.6,75.0,302.0,5.4,2.65,96,54
2026-09-18T08:00,18.2,17.4,343.0,446.0,3.7,1.65,62,46
2026-09-18T09:00,14.6,19.3,31.0,562.0,2.6,0.56,100,38
2026-09-18T10:00,15.0,20.7,78.0,660.0,2.2,1.49,100,45
2026-09-18T11:00,16.1,21.4,321.0,680.0,2.3,2.51,74,64
2026-09-18T12:00,22.6,21.3,614.0,633.0,2.8,2.62,3,74
2026-09-18T13:00,23.5,21.4,531.0,552.0,2.7,2.58,3,46
2026-09-18T14:00,23.9,21.3,425.0,443.0,3.1,1.98,0,90
2026-09-18T15:00,23.4,20.8,279.0,258.0,4.1,1.31,0,98
2026-09-18T16:00,21.6,20.1,128.0,115.0,6.0,0.91,71,100
2026-09-18T17:00,20.2,18.6,15.0,12.0,5.3,2.63,100,82
2026-09-18T18:00,18.4,17.2,0.0,0.0,4.3,2.62,86,14
2026-09-18T19:00,17.5,16.2,0.0,0.0,2.4,3.01,11,2
2026-09-18T20:00,16.7,15.5,0.0,0.0,2.1,1.36,0,2
2026-09-18T21:00,16.0,14.5,0.0,0.0,1.7,1.35,30,34
2026-09-18T22:00,15.6,13.4,0.0,0.0,2.8,1.03,65,59
2026-09-18T23:00,15.3,12.1,0.0,0.0,2.9,2.93,51,44
2026-09-19T00:00,14.8,12.5,0.0,0.0,3.0,5.46,1,16
2026-09-19T01:00,14.8,12.4,0.0,0.0,4.0,5.57,74,2
2026-09-19T02:00,15.1,12.0,0.0,0.0,4.0,5.4,99,2
2026-09-19T03:00,14.9,11.6,0.0,0.0,5.3,5.3,100,0
2026-09-19T04:00,14.7,11.1,0.0,0.0,6.0,4.6,31,0
2026-09-19T05:00,14.8,11.4,15.0,18.0,5.3,4.44,66,0
2026-09-19T06:00,15.9,14.4,131.0,92.0,4.9,4.7,0,98
2026-09-19T07:00,18.0,17.2,280.0,213.0,2.7,3.88,0,99
2026-09-19T08:00,19.9,20.0,422.0,344.0,1.1,2.14,0,98
2026-09-19T09:00,21.3,21.3,535.0,409.0,1.1,1.64,2,100
2026-09-19T10:00,23.0,21.8,597.0,372.0,1.4,0.89,9,96
2026-09-19T11:00,24.3,22.6,628.0,493.0,1.5,1.19,0,2
2026-09-19T12:00,25.1,24.0,613.0,601.0,1.4,0.52,43,9
2026-09-19T13:00,25.4,24.3,474.0,525.0,1.3,0.84,38,5
2026-09-19T14:00,25.7,24.2,388.0,425.0,1.4,1.31,4,4
2026-09-19T15:00,25.4,23.7,226.0,283.0,1.1,1.76,13,7
2026-09-19T16:00,25.0,22.6,123.0,128.0,1.5,1.05,0,16
2026-09-19T17:00,23.0,20.8,15.0,15.0,2.1,0.53,0,1
2026-09-19T18:00,21.0,20.5,0.0,0.0,2.2,1.78,14,13
2026-09-19T19:00,19.7,19.1,0.0,0.0,5.2,1.24,13,5
2026-09-19T20:00,19.0,18.2,0.0,0.0,5.9,1.77,2,1
2026-09-19T21:00,18.6,17.0,0.0,0.0,5.6,2.7,100,14
2026-09-19T22:00,18.3,16.4,0.0,0.0,6.2,2.1,100,9
2026-09-19T23:00,17.3,15.0,0.0,0.0,5.4,0.86,15,44
2026-09-20T00:00,16.5,13.8,0.0,0.0,5.6,0.97,3,27
2026-09-20T01:00,15.7,12.4,0.0,0.0,4.9,1.27,39,82
2026-09-20T02:00,15.2,11.7,0.0,0.0,5.1,1.3,0,88
2026-09-20T03:00,14.8,11.2,0.0,0.0,4.7,1.55,8,60
2026-09-20T04:00,14.4,10.6,0.0,0.0,4.0,1.84,21,59
2026-09-20T05:00,14.2,11.0,17.0,15.0,2.1,2.09,65,9
2026-09-20T06:00,16.4,13.7,121.0,137.0,1.3,1.42,83,10
2026-09-20T07:00,18.3,17.4,273.0,297.0,1.7,0.8,1,23
2026-09-20T08:00,20.5,20.3,409.0,443.0,0.9,1.02,62,20
2026-09-20T09:00,23.5,22.3,536.0,556.0,3.6,2.64,0,15
2026-09-20T10:00,25.1,23.6,610.0,630.0,4.6,4.6,0,13
2026-09-20T11:00,26.6,24.5,632.0,655.0,5.3,5.8,21,23
2026-09-20T12:00,27.3,25.5,601.0,623.0,6.5,6.95,99,90
2026-09-20T13:00,27.5,25.8,473.0,517.0,6.7,7.09,67,96
2026-09-20T14:00,27.7,25.9,412.0,404.0,7.3,6.89,90,48
2026-09-20T15:00,27.5,25.3,267.0,275.0,7.4,6.66,64,92
2026-09-20T16:00,26.7,23.9,117.0,98.0,7.6,6.6,30,95
2026-09-20T17:00,25.4,22.8,12.0,9.0,8.1,7.41,33,99
2026-09-20T18:00,24.0,21.3,0.0,0.0,6.4,5.93,94,84
2026-09-20T19:00,23.0,19.9,0.0,0.0,4.0,5.16,100,96
2026-09-20T20:00,22.4,19.1,0.0,0.0,2.0,4.24,100,92
2026-09-20T21:00,22.0,17.5,0.0,0.0,2.9,3.06,100,98
2026-09-20T22:00,21.9,17.4,0.0,0.0,3.4,1.82,100,100
2026-09-20T23:00,21.0,17.3,0.0,0.0,0.9,1.55,100,100
2026-09-21T00:00,20.4,16.2,0.0,0.0,2.2,0.55,100,100
2026-09-21T01:00,19.9,16.0,0.0,0.0,4.7,0.51,100,100
2026-09-21T02:00,16.4,15.5,0.0,0.0,7.3,4.65,100,48
2026-09-21T03:00,15.5,14.1,0.0,0.0,7.1,7.09,100,45
2026-09-21T04:00,13.6,13.2,0.0,0.0,9.2,6.8,100,83
2026-09-21T05:00,13.6,13.2,6.0,9.0,8.7,6.32,100,2
2026-09-21T06:00,13.3,13.5,128.0,138.0,6.2,6.32,0,3
2026-09-21T07:00,14.3,14.7,281.0,297.0,5.8,5.41,0,7
2026-09-21T08:00,15.5,16.1,422.0,442.0,6.5,5.6,2,10
2026-09-21T09:00,17.1,17.5,540.0,515.0,6.0,4.92,61,14
2026-09-21T10:00,17.8,18.4,552.0,548.0,6.6,4.7,63,29
2026-09-21T11:00,18.0,18.9,429.0,575.0,7.0,3.89,48,26
2026-09-21T12:00,18.6,15.5,453.0,343.0,6.2,4.5,0,73
2026-09-21T13:00,19.0,16.2,505.0,315.0,4.4,4.25,80,77
2026-09-21T14:00,14.0,16.3,159.0,352.0,8.6,1.87,100,44
2026-09-21T15:00,13.2,16.6,76.0,273.0,2.6,4.94,100,3
2026-09-21T16:00,13.4,15.3,67.0,115.0,1.7,6.32,100,4
2026-09-21T17:00,12.9,13.6,5.0,11.0,3.8,6.42,14,13
2026-09-21T18:00,11.7,12.7,0.0,0.0,3.8,5.13,22,16
2026-09-21T19:00,12.2,12.0,0.0,0.0,5.7,5.31,100,36
2026-09-21T20:00,12.3,11.5,0.0,0.0,4.5,5.58,100,20
2026-09-21T21:00,12.8,11.0,0.0,0.0,4.6,4.81,17,43
2026-09-21T22:00,12.3,10.7,0.0,0.0,3.8,3.98,21,31
2026-09-21T23:00,12.5,10.2,0.0,0.0,4.7,3.36,72,34
2026-09-22T00:00,12.0,9.1,0.0,0.0,2.2,3.26,100,40
2026-09-22T01:00,12.2,8.5,0.0,0.0,2.1,3.18,100,42
2026-09-22T02:00,12.2,8.8,0.0,0.0,4.2,3.62,100,20
2026-09-22T03:00,12.3,8.7,0.0,0.0,8.1,4.17,100,74
2026-09-22T04:00,11.8,9.0,0.0,0.0,6.1,5.12,100,49
2026-09-22T05:00,11.6,9.7,13.0,12.0,6.5,5.46,97,66
2026-09-22T06:00,12.4,10.5,123.0,61.0,4.9,5.66,0,93
2026-09-22T07:00,13.5,12.0,272.0,192.0,5.1,6.59,3,43
2026-09-22T08:00,14.7,13.7,375.0,382.0,6.5,8.43,35,38
2026-09-22T09:00,14.8,14.9,327.0,494.0,6.8,7.37,99,32
2026-09-22T10:00,15.2,15.8,318.0,554.0,6.2,6.11,100,28
2026-09-22T11:00,16.0,16.4,296.0,601.0,5.3,5.83,82,16
2026-09-22T12:00,14.8,16.6,223.0,493.0,6.9,5.15,100,4
2026-09-22T13:00,15.4,16.6,299.0,517.0,5.4,6.04,0,24
2026-09-22T14:00,16.2,15.8,364.0,307.0,6.0,6.63,100,17
2026-09-22T15:00,15.1,15.3,191.0,228.0,7.9,6.5,0,13
2026-09-22T16:00,14.5,14.3,112.0,112.0,7.0,5.73,0,15
2026-09-22T17:00,13.5,12.9,10.0,9.0,6.2,6.01,1,95
2026-09-22T18:00,12.8,11.6,0.0,0.0,4.8,5.85,100,15
2026-09-22T19:00,12.7,11.3,0.0,0.0,4.1,6.2,97,41
2026-09-22T20:00,12.6,10.9,0.0,0.0,3.6,5.57,100,16
2026-09-22T21:00,11.3,10.5,0.0,0.0,2.6,5.46,100,23
2026-09-22T22:00,11.4,10.7,0.0,0.0,3.6,5.72,100,9
2026-09-22T23:00,11.4,10.3,0.0,0.0,3.3,5.47,100,23
2026-09-23T00:00,10.5,8.6,0.0,0.0,3.1,1.62,11,55
2026-09-23T01:00,9.9,8.5,0.0,0.0,4.5,2.8,100,61
2026-09-23T02:00,9.7,9.4,0.0,0.0,3.9,3.89,3,42
2026-09-23T03:00,8.7,9.8,0.0,0.0,3.5,4.81,13,16
2026-09-23T04:00,9.2,9.8,0.0,0.0,5.5,5.88,99,28
2026-09-23T05:00,10.4,10.7,5.0,11.0,3.3,6.34,51,18
2026-09-23T06:00,11.8,12.1,99.0,125.0,4.0,5.13,20,9
2026-09-23T07:00,13.0,13.9,255.0,283.0,4.1,6.5,18,33
2026-09-23T08:00,14.4,14.9,402.0,385.0,5.2,6.6,51,4
2026-09-23T09:00,15.0,16.0,368.0,526.0,6.8,5.98,100,20
2026-09-23T10:00,15.1,16.8,191.0,598.0,4.7,5.51,12,4
2026-09-23T11:00,16.0,17.4,422.0,631.0,5.2,5.09,100,13
2026-09-23T12:00,17.2,16.8,596.0,606.0,6.2,5.63,33,9
2026-09-23T13:00,16.8,16.9,498.0,525.0,6.8,5.25,0,12
2026-09-23T14:00,16.2,16.7,405.0,399.0,6.4,5.41,0,28
2026-09-23T15:00,16.0,15.9,258.0,243.0,8.0,5.55,0,2
2026-09-23T16:00,14.8,14.7,109.0,108.0,6.7,5.75,0,6
2026-09-23T17:00,13.3,12.9,8.0,8.0,7.1,5.8,0,1
2026-09-23T18:00,12.3,12.2,0.0,0.0,6.9,5.65,0,14
2026-09-23T19:00,11.5,11.3,0.0,0.0,6.5,5.61,0,20
2026-09-23T20:00,10.7,10.6,0.0,0.0,6.1,5.9,0,24
2026-09-23T21:00,9.7,10.3,0.0,0.0,4.8,6.12,0,33
2026-09-23T22:00,8.6,9.9,0.0,0.0,4.7,5.75,0,56
2026-09-23T23:00,8.0,9.1,0.0,0.0,4.3,4.67,0,48
2026-09-24T00:00,8.5,8.6,0.0,0.0,3.7,3.74,0,52
2026-09-24T01:00,8.1,8.2,0.0,0.0,0.7,1.9,0,50
2026-09-24T02:00,7.3,7.6,0.0,0.0,0.2,0.97,2,45
2026-09-24T03:00,7.7,6.9,0.0,0.0,2.3,1.62,0,44
2026-09-24T04:00,7.2,6.5,0.0,0.0,2.2,2.22,66,27
2026-09-24T05:00,6.2,6.4,12.0,12.0,0.4,2.77,100,46
2026-09-24T06:00,7.8,7.8,87.0,107.0,1.3,3.42,100,55
2026-09-24T07:00,9.5,9.9,158.0,255.0,2.3,3.18,100,28
2026-09-24T08:00,11.6,12.6,283.0,400.0,2.3,4.31,54,36
2026-09-24T09:00,14.0,14.0,475.0,457.0,4.1,5.87,93,100
2026-09-24T10:00,14.5,13.5,245.0,133.0,4.6,5.61,100,100
2026-09-24T11:00,14.7,13.7,142.0,126.0,3.7,6.09,100,100
2026-09-24T12:00,15.7,15.3,65.0,298.0,3.7,5.06,100,77
2026-09-24T13:00,15.8,16.7,63.0,451.0,5.4,4.78,100,95
2026-09-24T14:00,16.0,17.0,63.0,243.0,4.0,3.91,100,99
2026-09-24T15:00,16.3,16.4,34.0,100.0,7.7,6.25,100,100
2026-09-24T16:00,14.0,13.8,8.0,28.0,5.1,6.47,100,100
2026-09-24T17:00,13.0,11.6,1.0,1.0,3.8,5.37,100,100
2026-09-24T18:00,13.5,11.4,0.0,0.0,1.8,3.41,100,100
2026-09-24T19:00,12.2,11.0,0.0,0.0,1.7,2.66,100,100
2026-09-24T20:00,11.7,11.0,0.0,0.0,3.4,1.61,100,100
2026-09-24T21:00,12.1,11.0,0.0,0.0,6.2,1.27,100,100
2026-09-24T22:00,12.0,11.1,0.0,0.0,7.1,3.3,100,100
2026-09-24T23:00,12.0,11.1,0.0,0.0,6.9,3.5,100,100
2026-09-25T00:00,11.8,10.6,0.0,0.0,6.5,3.31,75,42
2026-09-25T01:00,11.0,9.4,0.0,0.0,7.7,3.94,0,44
2026-09-25T02:00,10.8,9.3,0.0,0.0,8.5,5.29,94,71
2026-09-25T03:00,11.1,9.6,0.0,0.0,7.4,5.8,100,84
2026-09-25T04:00,10.9,10.0,0.0,0.0,6.4,4.8,100,99
2026-09-25T05:00,11.1,9.6,5.0,7.0,6.4,3.84,100,95
2026-09-25T06:00,11.9,10.9,84.0,81.0,6.9,3.86,97,50
2026-09-25T07:00,12.8,12.7,122.0,229.0,5.5,3.15,100,60
2026-09-25T08:00,14.6,14.1,330.0,323.0,5.4,3.73,2,56
2026-09-25T09:00,15.6,15.4,482.0,410.0,4.6,3.7,99,42
2026-09-25T10:00,15.7,16.3,339.0,450.0,5.3,3.28,100,60
2026-09-25T11:00,16.5,16.6,379.0,415.0,3.4,2.64,76,41
2026-09-25T12:00,16.7,16.8,431.0,447.0,1.6,1.92,82,27
2026-09-25T13:00,16.9,17.1,345.0,377.0,1.8,1.7,98,51
2026-09-25T14:00,16.5,16.9,165.0,199.0,3.1,1.14,100,26
2026-09-25T15:00,16.4,16.9,181.0,211.0,4.1,0.81,13,21
2026-09-25T16:00,15.6,15.6,94.0,84.0,4.1,0.3,0,11
2026-09-25T17:00,14.2,13.8,6.0,5.0,4.8,0.25,0,16
2026-09-25T18:00,13.3,12.7,0.0,0.0,4.2,0.43,0,38
2026-09-25T19:00,12.4,11.6,0.0,0.0,3.8,1.36,0,51
2026-09-25T20:00,11.9,10.5,0.0,0.0,5.0,2.15,0,38
2026-09-25T21:00,11.5,9.6,0.0,0.0,5.9,2.5,0,5
2026-09-25T22:00,10.9,9.1,0.0,0.0,5.6,3.36,6,3
2026-09-25T23:00,11.0,8.8,0.0,0.0,6.2,3.68,0,3
2026-09-26T00:00,11.0,8.3,0.0,0.0,4.9,2.68,94,53
2026-09-26T01:00,10.3,8.1,0.0,0.0,4.5,3.03,2,73
2026-09-26T02:00,10.2,8.0,0.0,0.0,4.5,3.25,1,90
2026-09-26T03:00,9.7,8.0,0.0,0.0,3.7,3.41,0,61
2026-09-26T04:00,9.3,7.8,0.0,0.0,3.4,3.2,9,74
2026-09-26T05:00,9.3,7.7,9.0,8.0,2.8,2.75,25,70
2026-09-26T06:00,11.3,9.3,87.0,107.0,1.1,1.82,65,63
2026-09-26T07:00,12.9,12.4,180.0,251.0,0.5,1.25,73,74
2026-09-26T08:00,14.7,15.1,321.0,401.0,1.0,0.3,10,29
2026-09-26T09:00,16.6,16.7,417.0,526.0,2.2,1.73,45,16
2026-09-26T10:00,18.3,17.6,501.0,596.0,3.4,2.55,11,23
2026-09-26T11:00,19.7,18.3,568.0,595.0,3.8,2.92,9,80
2026-09-26T12:00,20.7,18.9,535.0,515.0,3.9,3.19,0,4
2026-09-26T13:00,21.4,19.0,490.0,418.0,3.6,3.23,38,20
2026-09-26T14:00,21.6,18.8,320.0,278.0,3.2,3.29,22,16
2026-09-26T15:00,21.5,18.6,198.0,245.0,2.8,3.25,25,39
2026-09-26T16:00,20.9,16.9,74.0,92.0,2.6,2.67,94,88
2026-09-26T17:00,18.9,15.6,3.0,5.0,5.1,2.2,88,73
2026-09-26T18:00,17.4,14.2,0.0,0.0,4.3,2.47,86,20
2026-09-26T19:00,16.6,13.0,0.0,0.0,3.5,1.91,63,30
2026-09-26T20:00,15.6,12.0,0.0,0.0,1.5,2.29,79,35
2026-09-26T21:00,13.6,11.4,0.0,0.0,1.2,2.24,34,28
2026-09-26T22:00,12.9,11.1,0.0,0.0,0.8,2.13,76,3
2026-09-26T23:00,12.4,10.7,0.0,0.0,0.7,1.87,0,11
2026-09-27T00:00,11.5,10.2,0.0,0.0,2.2,0.27,0,16
2026-09-27T01:00,11.5,9.4,0.0,0.0,3.6,1.06,42,5
2026-09-27T02:00,11.4,8.3,0.0,0.0,5.1,2.24,1,9
2026-09-27T03:00,11.0,7.8,0.0,0.0,6.1,2.89,4,25
2026-09-27T04:00,10.5,7.5,0.0,0.0,5.9,3.18,0,77
2026-09-27T05:00,10.2,7.9,8.0,7.0,6.5,3.61,4,97
2026-09-27T06:00,12.1,9.9,104.0,94.0,6.2,3.4,5,99
2026-09-27T07:00,14.4,12.9,244.0,202.0,5.0,3.2,9,100
2026-09-27T08:00,16.8,15.7,365.0,307.0,4.3,1.81,21,99
2026-09-27T09:00,18.6,17.8,462.0,450.0,2.6,1.03,7,99
2026-09-27T10:00,20.1,19.3,567.0,575.0,1.5,0.35,0,49
2026-09-27T11:00,21.4,20.2,598.0,610.0,1.5,0.45,0,0
2026-09-27T12:00,22.1,20.0,571.0,515.0,0.6,0.61,0,70
2026-09-27T13:00,22.6,20.2,491.0,479.0,0.6,0.67,7,1
2026-09-27T14:00,23.0,20.2,373.0,395.0,1.5,0.85,0,7
2026-09-27T15:00,22.7,19.7,230.0,245.0,1.7,1.27,0,2
2026-09-27T16:00,21.6,17.4,85.0,92.0,3.8,1.98,2,1
2026-09-27T17:00,19.5,15.6,3.0,3.0,2.9,1.52,0,0
2026-09-27T18:00,17.4,13.8,0.0,0.0,4.7,1.86,0,1
2026-09-27T19:00,16.2,12.3,0.0,0.0,5.9,2.98,0,0
2026-09-27T20:00,15.5,11.5,0.0,0.0,5.7,4.2,0,0
2026-09-27T21:00,15.2,10.9,0.0,0.0,5.8,5.2,0,1
2026-09-27T22:00,14.6,10.4,0.0,0.0,6.5,5.44,0,2
2026-09-27T23:00,14.2,10.1,0.0,0.0,7.8,5.42,0,1
2026-09-28T00:00,13.5,9.9,0.0,0.0,8.3,5.81,0,1
2026-09-28T01:00,13.1,9.6,0.0,0.0,8.8,5.91,0,1
2026-09-28T02:00,12.9,9.5,0.0,0.0,8.7,5.75,0,0
2026-09-28T03:00,12.7,9.2,0.0,0.0,8.7,5.46,0,0
2026-09-28T04:00,12.1,8.9,0.0,0.0,8.8,5.5,0,0
2026-09-28T05:00,11.8,8.8,9.0,7.0,9.0,5.42,0,0
2026-09-28T06:00,14.0,10.8,107.0,113.0,8.3,5.0,0,0
2026-09-28T07:00,16.0,14.2,252.0,275.0,4.7,4.13,0,0
2026-09-28T08:00,17.9,17.0,393.0,424.0,3.1,2.22,0,0
2026-09-28T09:00,19.5,18.7,508.0,538.0,2.2,1.63,0,0
2026-09-28T10:00,20.8,19.8,580.0,610.0,1.7,1.45,0,0
2026-09-28T11:00,22.1,20.5,601.0,633.0,1.8,1.5,0,0
2026-09-28T12:00,22.9,21.1,571.0,602.0,2.5,1.8,0,0
2026-09-28T13:00,23.2,21.1,493.0,523.0,4.1,1.96,0,0
2026-09-28T14:00,23.0,20.9,376.0,399.0,3.5,1.99,0,0
2026-09-28T15:00,22.6,20.3,228.0,246.0,2.4,1.49,0,0
2026-09-28T16:00,21.7,18.6,85.0,88.0,1.5,0.43,0,0
2026-09-28T17:00,19.7,16.5,3.0,3.0,1.8,0.43,0,0
2026-09-28T18:00,17.4,14.3,0.0,0.0,7.4,2.86,0,0
2026-09-28T19:00,16.3,12.6,0.0,0.0,6.2,3.28,0,0
2026-09-28T20:00,15.7,11.6,0.0,0.0,4.2,4.3,0,0
2026-09-28T21:00,15.2,10.8,0.0,0.0,4.2,4.17,0,0
2026-09-28T22:00,14.4,10.3,0.0,0.0,4.1,3.64,0,0
2026-09-28T23:00,14.2,9.5,0.0,0.0,4.4,2.66,0,3
2026-09-29T00:00,13.2,9.1,0.0,0.0,4.9,3.68,0,2
2026-09-29T01:00,12.7,8.8,0.0,0.0,6.1,3.92,0,4
2026-09-29T02:00,12.5,8.5,0.0,0.0,8.2,4.2,0,4
2026-09-29T03:00,12.1,8.4,0.0,0.0,7.8,4.66,0,2
2026-09-29T04:00,11.8,8.3,0.0,0.0,7.2,4.96,0,0
2026-09-29T05:00,11.9,8.5,7.0,6.0,8.2,5.02,0,0
2026-09-29T06:00,13.3,10.7,103.0,109.0,7.6,5.23,0,0
2026-09-29T07:00,15.4,14.2,247.0,271.0,5.4,5.54,0,0
2026-09-29T08:00,17.5,17.1,387.0,422.0,2.7,3.19,0,0
2026-09-29T09:00,19.0,18.8,498.0,539.0,1.0,2.5,0,0
2026-09-29T10:00,20.2,19.7,568.0,611.0,1.3,2.55,0,0
2026-09-29T11:00,21.2,20.2,589.0,633.0,1.6,3.06,0,0
2026-09-29T12:00,22.0,20.5,560.0,600.0,2.9,2.96,0,0
2026-09-29T13:00,22.3,20.4,480.0,518.0,3.4,3.21,0,1
2026-09-29T14:00,22.3,20.2,364.0,392.0,3.6,2.6,0,1
2026-09-29T15:00,22.0,19.7,223.0,238.0,3.3,1.6,0,1
2026-09-29T16:00,21.2,17.9,84.0,83.0,3.8,0.57,0,0
2026-09-29T17:00,19.2,15.2,2.0,2.0,3.6,1.85,0,0
2026-09-29T18:00,17.5,14.3,0.0,0.0,2.7,1.7,0,0
2026-09-29T19:00,15.9,12.6,0.0,0.0,6.6,2.85,0,2
2026-09-29T20:00,14.9,11.4,0.0,0.0,7.0,3.7,0,0
2026-09-29T21:00,14.5,10.6,0.0,0.0,5.0,3.61,0,0
2026-09-29T22:00,14.4,10.0,0.0,0.0,3.6,2.88,0,0
2026-09-29T23:00,14.2,9.5,0.0,0.0,2.7,2.8,0,0
2026-09-30T00:00,13.2,9.1,0.0,0.0,2.7,2.9,0,0
2026-09-30T01:00,12.8,8.8,0.0,0.0,2.4,2.95,0,2
2026-09-30T02:00,12.5,8.4,0.0,0.0,3.4,2.84,0,0
2026-09-30T03:00,12.0,8.1,0.0,0.0,3.4,2.57,0,0
2026-09-30T04:00,11.8,7.7,0.0,0.0,2.8,2.36,0,0
2026-09-30T05:00,11.8,7.7,7.0,6.0,2.6,2.48,0,0
2026-09-30T06:00,13.0,10.3,100.0,104.0,2.7,3.3,0,0
2026-09-30T07:00,14.8,14.4,242.0,261.0,2.7,2.83,0,0
2026-09-30T08:00,16.9,16.2,382.0,410.0,3.2,2.55,0,0
2026-09-30T09:00,19.1,17.6,495.0,528.0,4.3,2.47,0,0
2026-09-30T10:00,20.3,18.9,567.0,602.0,4.1,2.21,0,0
2026-09-30T11:00,21.4,20.0,590.0,624.0,3.1,2.17,0,0
2026-09-30T12:00,22.0,20.8,559.0,595.0,2.8,2.07,0,0
2026-09-30T13:00,22.4,20.8,481.0,514.0,3.2,1.88,0,0
2026-09-30T14:00,22.4,20.4,363.0,390.0,2.8,1.8,0,0
2026-09-30T15:00,22.0,19.6,219.0,237.0,2.8,2.1,0,10
2026-09-30T16:00,20.9,17.1,78.0,80.0,2.3,2.19,0,2
2026-09-30T17:00,18.6,15.2,1.0,2.0,3.3,0.95,0,0
2026-09-30T18:00,17.2,13.5,0.0,0.0,3.4,0.62,0,0
2026-09-30T19:00,15.8,11.8,0.0,0.0,2.2,1.39,49,0
2026-09-30T20:00,14.7,10.5,0.0,0.0,1.5,2.24,7,0
2026-09-30T21:00,13.8,9.6,0.0,0.0,5.3,2.58,0,0
2026-09-30T22:00,14.1,9.2,0.0,0.0,5.4,3.16,0,0
2026-09-30T23:00,13.4,8.7,0.0,0.0,4.3,3.1,0,3
